/**
 * generated by fontconvert.py
 * name: alegreya_16_regular
 * size: 16
 * mode: 2-bit
 * Command used: fontconvert.py alegreya_16_regular 16 ../../../custom_fonts/Alegreya-Regular.ttf --2bit
 */
#pragma once
#include "EpdFontData.h"

static const uint8_t alegreya_16_regularBitmaps[55264] = {
    0x00, 0x06, 0xE2, 0xF4, 0xBD, 0x2F, 0x0B, 0xC2, 0xF0, 0xBC, 0x2F, 0x0B, 0x82, 0xE0, 0xB4, 0x2D,
    0x0B, 0x02, 0xC0, 0x70, 0x1C, 0x00, 0x00, 0x00, 0x00, 0x14, 0x2F, 0xCF, 0xF2, 0xF8, 0x14, 0x00,
    0x14, 0x14, 0x3C, 0x3D, 0x3C, 0x3C, 0x3C, 0x3C, 0x3C, 0x3C, 0x38, 0x38, 0x34, 0x34, 0x30, 0x30,
    0x00, 0x00, 0x00, 0x00, 0x00, 0x00, 0x00, 0x03, 0x40, 0xD0, 0x00, 0x07, 0x01, 0xC0, 0x00, 0x0B,
    0x02, 0xC0, 0x00, 0x0E, 0x03, 0x80, 0x00, 0x0D, 0x03, 0x40, 0x0A, 0xAE, 0xAB, 0xA9, 0x1F, 0xFF,
    0xFF, 0xFE, 0x00, 0x38, 0x0B, 0x00, 0x00, 0x34, 0x0E, 0x00, 0x00, 0x70, 0x0D, 0x00, 0x15, 0xB5,
    0x6D, 0x54, 0xBF, 0xFF, 0xFF, 0xF4, 0x00, 0xE0, 0x38, 0x00, 0x00, 0xD0, 0x34, 0x00, 0x01, 0xC0,
    0x70, 0x00, 0x02, 0xC0, 0xB0, 0x00, 0x03, 0x80, 0xF0, 0x00, 0x02, 0x40, 0x90, 0x00, 0x00, 0x02,
    0x40, 0x00, 0x00, 0xD0, 0x00, 0x00, 0x30, 0x00, 0x00, 0x0C, 0x00, 0x00, 0x03, 0x00, 0x00, 0x1B,
    0xFA, 0x40, 0x3F, 0xFF, 0xF0, 0x3E, 0x18, 0xBC, 0x2F, 0x06, 0x0E, 0x0F, 0x82, 0x83, 0x43, 0xF4,
    0x90, 0x40, 0xBF, 0xB4, 0x00, 0x0F, 0xFE, 0x00, 0x00, 0xBF, 0xF4, 0x00, 0x02, 0xFF, 0xC0, 0x00,
    0x3B, 0xFC, 0x14, 0x0C, 0x7F, 0x0E, 0x07, 0x0B, 0xD3, 0xC1, 0x81, 0xF0, 0xF0, 0x60, 0xF8, 0x3F,
    0x6A, 0xF8, 0x0B, 0xFF, 0xF4, 0x00, 0x03, 0x40, 0x00, 0x00, 0xC0, 0x00, 0x00, 0x30, 0x00, 0x00,
    0x0C, 0x00, 0x00, 0x03, 0x00, 0x00, 0x00, 0x00, 0x00, 0x00, 0x00, 0x00, 0x00, 0x10, 0x00, 0x69,
    0x00, 0x00, 0x1E, 0x00, 0xFF, 0xF0, 0x00, 0x0F, 0x00, 0xFE, 0xBF, 0x00, 0x0B, 0x40, 0x74, 0x03,
    0xD0, 0x07, 0x80, 0x2C, 0x00, 0x78, 0x03, 0xC0, 0x0F, 0x00, 0x0E, 0x02, 0xD0, 0x03, 0xC0, 0x03,
    0x80, 0xE0, 0x00, 0xB4, 0x00, 0xD0, 0xF0, 0x00, 0x1F, 0x41, 0xF0, 0xB4, 0x00, 0x02, 0xFF, 0xF0,
    0x3C, 0x00, 0x00, 0x2F, 0xE0, 0x3C, 0x00, 0x00, 0x00, 0x00, 0x1D, 0x00, 0x40, 0x00, 0x00, 0x0F,
    0x07, 0xFF, 0x00, 0x00, 0x0B, 0x07, 0xFF, 0xF0, 0x00, 0x07, 0x83, 0xC0, 0x3E, 0x00, 0x03, 0xC1,
    0xD0, 0x03, 0xC0, 0x02, 0xD0, 0x70, 0x00, 0xF0, 0x01, 0xE0, 0x2C, 0x00, 0x2C, 0x00, 0xF0, 0x07,
    0x40, 0x0E, 0x00, 0xB4, 0x00, 0xF4, 0x07, 0x40, 0x3C, 0x00, 0x2F, 0xFF, 0x80, 0x3C, 0x00, 0x02,
    0xFF, 0x80, 0x2E, 0x00, 0x00, 0x05, 0x00, 0x0F, 0x00, 0x00, 0x00, 0x00, 0x07, 0x40, 0x00, 0x00,
    0x00, 0x00, 0x00, 0x00, 0x00, 0x00, 0x00, 0x00, 0x01, 0xA9, 0x00, 0x00, 0x00, 0x00, 0xFF, 0xFF,
    0x00, 0x00, 0x00, 0x0F, 0x97, 0xF8, 0x00, 0x00, 0x00, 0xF4, 0x01, 0xC0, 0x00, 0x00, 0x07, 0xC0,
    0x00, 0x00, 0x00, 0x00, 0x1F, 0x00, 0x00, 0x00, 0x00, 0x00, 0x7C, 0x00, 0x00, 0x00, 0x00, 0x00,
    0xF8, 0x00, 0x00, 0x01, 0x58, 0x02, 0xF4, 0x02, 0xFF, 0xFF, 0xF0, 0x03, 0xF0, 0x0F, 0xFF, 0xFE,
    0x40, 0x03, 0xF4, 0x00, 0x38, 0x00, 0x00, 0x2F, 0xF4, 0x00, 0xB0, 0x00, 0x03, 0xD3, 0xF4, 0x01,
    0xD0, 0x00, 0x3D, 0x03, 0xF8, 0x03, 0x80, 0x02, 0xE0, 0x03, 0xF8, 0x1D, 0x00, 0x0F, 0x40, 0x02,
    0xFC, 0x70, 0x00, 0x3D, 0x00, 0x02, 0xFF, 0x80, 0x00, 0xF8, 0x00, 0x02, 0xFD, 0x00, 0x03, 0xF0,
    0x00, 0x02, 0xFD, 0x00, 0x07, 0xF4, 0x00, 0x2E, 0xFE, 0x00, 0x0B, 0xFF, 0xBF, 0xD0, 0xFF, 0x00,
    0x07, 0xFF, 0xF8, 0x00, 0xFF, 0x00, 0x00, 0x54, 0x00, 0x00, 0xA0, 0x00, 0x14, 0x3C, 0x3C, 0x3C,
    0x3C, 0x38, 0x34, 0x30, 0x00, 0x00, 0x05, 0x00, 0x2D, 0x00, 0xF4, 0x02, 0xD0, 0x07, 0x80, 0x0F,
    0x00, 0x1E, 0x00, 0x2D, 0x00, 0x3C, 0x00, 0x3C, 0x00, 0x3C, 0x00, 0x3C, 0x00, 0x3C, 0x00, 0x3C,
    0x00, 0x3C, 0x00, 0x3C, 0x00, 0x3C, 0x00, 0x3C, 0x00, 0x3D, 0x00, 0x3D, 0x00, 0x2F, 0x00, 0x0F,
    0x00, 0x0B, 0xC0, 0x03, 0xD0, 0x01, 0xF4, 0x00, 0x7D, 0x00, 0x09, 0x00, 0x00, 0x10, 0x00, 0x7C,
    0x00, 0x1F, 0x00, 0x07, 0xC0, 0x02, 0xE0, 0x00, 0xF0, 0x00, 0xF8, 0x00, 0x7C, 0x00, 0x3C, 0x00,
    0x3C, 0x00, 0x3C, 0x00, 0x3C, 0x00, 0x3C, 0x00, 0x3C, 0x00, 0x3C, 0x00, 0x3C, 0x00, 0x3C, 0x00,
    0x3C, 0x00, 0x3C, 0x00, 0x3C, 0x00, 0x78, 0x00, 0xF4, 0x01, 0xE0, 0x03, 0xC0, 0x0F, 0x40, 0x3D,
    0x00, 0x60, 0x00, 0x00, 0x00, 0x00, 0x14, 0x00, 0x01, 0xE0, 0x00, 0x07, 0x80, 0x2C, 0x1C, 0x04,
    0xBE, 0x62, 0xF4, 0xBC, 0x1F, 0xE0, 0x00, 0x00, 0x00, 0xF3, 0x40, 0x1F, 0x4F, 0x40, 0xBC, 0x1F,
    0x00, 0x40, 0x30, 0x00, 0x00, 0x00, 0x00, 0x00, 0x90, 0x00, 0x00, 0x00, 0xB4, 0x00, 0x00, 0x00,
    0x2D, 0x00, 0x00, 0x00, 0x0B, 0x40, 0x00, 0x00, 0x02, 0xD0, 0x00, 0x00, 0x00, 0xB4, 0x00, 0x00,
    0x00, 0x2D, 0x00, 0x00, 0xAA, 0xAF, 0xEB, 0xFC, 0x7F, 0xFF, 0xFF, 0xFF, 0x00, 0x00, 0xB4, 0x00,
    0x00, 0x00, 0x2D, 0x00, 0x00, 0x00, 0x0B, 0x40, 0x00, 0x00, 0x02, 0xD0, 0x00, 0x00, 0x00, 0xB4,
    0x00, 0x00, 0x00, 0x2D, 0x00, 0x00, 0x00, 0x0B, 0x00, 0x00, 0x00, 0x00, 0xFC, 0x0F, 0xD0, 0x7D,
    0x07, 0xC0, 0xB8, 0x0F, 0x03, 0xC0, 0xE0, 0x00, 0x00, 0x05, 0x6B, 0x6F, 0xFF, 0xDF, 0xE9, 0x40,
    0x18, 0x2F, 0xCF, 0xF2, 0xF8, 0x14, 0x00, 0x00, 0x01, 0x40, 0x00, 0xE0, 0x00, 0x74, 0x00, 0x2C,
    0x00, 0x0F, 0x00, 0x07, 0x80, 0x02, 0xD0, 0x00, 0xF0, 0x00, 0x38, 0x00, 0x1D, 0x00, 0x0B, 0x00,
    0x03, 0xC0, 0x00, 0xE0, 0x00, 0x74, 0x00, 0x2C, 0x00, 0x0F, 0x00, 0x03, 0x80, 0x01, 0xD0, 0x00,
    0xB0, 0x00, 0x3C, 0x00, 0x0E, 0x00, 0x07, 0x40, 0x02, 0xC0, 0x00, 0xF0, 0x00, 0x78, 0x00, 0x2D,
    0x00, 0x0A, 0x00, 0x00, 0x00, 0x1B, 0xE8, 0x00, 0x00, 0xFF, 0xFF, 0x40, 0x03, 0xFF, 0xFF, 0xE0,
    0x0F, 0xD0, 0x0B, 0xF0, 0x2E, 0x00, 0x01, 0xF8, 0x3C, 0x00, 0x00, 0x7C, 0x74, 0x00, 0x00, 0x3D,
    0xB0, 0x00, 0x00, 0x2D, 0xB0, 0x00, 0x00, 0x1D, 0xB0, 0x00, 0x00, 0x1D, 0xB4, 0x00, 0x00, 0x2D,
    0x78, 0x00, 0x00, 0x3C, 0x3D, 0x00, 0x00, 0x78, 0x3F, 0x40, 0x01, 0xF0, 0x0F, 0xE4, 0x1B, 0xD0,
    0x07, 0xFF, 0xFF, 0x40, 0x00, 0xFF, 0xFC, 0x00, 0x00, 0x05, 0x40, 0x00, 0x00, 0x59, 0x0B, 0xFF,
    0xC0, 0xAB, 0xF4, 0x00, 0x1F, 0x40, 0x00, 0xF4, 0x00, 0x0F, 0x00, 0x00, 0xF0, 0x00, 0x0F, 0x00,
    0x00, 0xF0, 0x00, 0x0F, 0x00, 0x00, 0xF0, 0x00, 0x0F, 0x00, 0x00, 0xF0, 0x00, 0x1F, 0x00, 0x02,
    0xF0, 0x00, 0xBF, 0xE5, 0x7F, 0xFF, 0xD1, 0x00, 0x00, 0x00, 0x1B, 0x90, 0x00, 0x01, 0xFF, 0xFC,
    0x00, 0x07, 0xE6, 0xFE, 0x00, 0x0F, 0x00, 0x7F, 0x00, 0x0C, 0x00, 0x3F, 0x00, 0x00, 0x00, 0x3E,
    0x00, 0x00, 0x00, 0x7C, 0x00, 0x00, 0x00, 0xF8, 0x00, 0x00, 0x01, 0xF0, 0x00, 0x00, 0x03, 0xC0,
    0x00, 0x00, 0x0B, 0x40, 0x00, 0x00, 0x1E, 0x00, 0x00, 0x00, 0x78, 0x00, 0x1C, 0x00, 0xF0, 0x00,
    0x38, 0x03, 0xC0, 0x00, 0xB8, 0x0F, 0xFF, 0xFF, 0xF4, 0x3F, 0xFF, 0xFF, 0xF0, 0x10, 0x00, 0x00,
    0x00, 0x00, 0x6F, 0x80, 0x02, 0xFF, 0xF4, 0x1F, 0x97, 0xFC, 0x18, 0x00, 0xFC, 0x00, 0x00, 0xBC,
    0x00, 0x00, 0xF8, 0x00, 0x01, 0xF0, 0x00, 0x03, 0xC0, 0x00, 0x6F, 0x00, 0x02, 0xFF, 0xE0, 0x00,
    0x6B, 0xFC, 0x00, 0x00, 0xBE, 0x00, 0x00, 0x3F, 0x00, 0x00, 0x2F, 0x00, 0x00, 0x2E, 0x00, 0x00,
    0x3C, 0x00, 0x00, 0xF8, 0x00, 0x07, 0xE0, 0x3F, 0xFF, 0x40, 0x3F, 0xF8, 0x00, 0x05, 0x40, 0x00,
    0x00, 0x00, 0x18, 0x00, 0x00, 0x00, 0xF0, 0x00, 0x00, 0x0F, 0xC0, 0x00, 0x00, 0xBF, 0x00, 0x00,
    0x07, 0xFC, 0x00, 0x00, 0x3D, 0xF0, 0x00, 0x03, 0xC7, 0xC0, 0x00, 0x2D, 0x1F, 0x00, 0x01, 0xE0,
    0x7C, 0x00, 0x0F, 0x01, 0xF0, 0x00, 0xB4, 0x07, 0xC0, 0x07, 0x80, 0x1F, 0x00, 0x3F, 0xFF, 0xFF,
    0xF2, 0xFF, 0xFF, 0xFF, 0xC0, 0x00, 0x07, 0xD5, 0x00, 0x00, 0x1F, 0x00, 0x00, 0x00, 0x7C, 0x00,
    0x00, 0x01, 0xF0, 0x00, 0x00, 0x07, 0xC0, 0x00, 0x00, 0x2F, 0x00, 0x00, 0x00, 0x10, 0x00, 0x00,
    0x00, 0x02, 0x80, 0x15, 0x5A, 0xD0, 0x3F, 0xFF, 0xF0, 0x0F, 0xFF, 0xFC, 0x07, 0x40, 0x00, 0x01,
    0xD0, 0x00, 0x00, 0x70, 0x00, 0x00, 0x1C, 0x00, 0x00, 0x0B, 0xE0, 0x00, 0x02, 0xFF, 0xD0, 0x00,
    0x6F, 0xFF, 0x40, 0x00, 0x1F, 0xF4, 0x00, 0x00, 0xBF, 0x00, 0x00, 0x0B, 0xC0, 0x00, 0x01, 0xF0,
    0x00, 0x00, 0xBC, 0x00, 0x00, 0x3D, 0x00, 0x00, 0x2E, 0x00, 0x00, 0x7E, 0x01, 0xFF, 0xFD, 0x00,
    0x3F, 0xF8, 0x00, 0x01, 0x50, 0x00, 0x00, 0x00, 0x00, 0x07, 0x00, 0x00, 0x07, 0xE0, 0x00, 0x03,
    0xE0, 0x00, 0x01, 0xF4, 0x00, 0x00, 0x7D, 0x00, 0x00, 0x1F, 0x40, 0x00, 0x03, 0xD0, 0x00, 0x00,
    0xFC, 0x00, 0x00, 0x1F, 0x41, 0x40, 0x02, 0xF2, 0xFF, 0x80, 0x3F, 0xEA, 0xFF, 0x03, 0xF0, 0x02,
    0xF8, 0x7D, 0x00, 0x0F, 0xC7, 0xD0, 0x00, 0x7C, 0x3D, 0x00, 0x03, 0xC3, 0xE0, 0x00, 0x7C, 0x3F,
    0x00, 0x07, 0x81, 0xF8, 0x00, 0xF0, 0x0B, 0xE4, 0x7D, 0x00, 0x1F, 0xFF, 0x40, 0x00, 0x15, 0x00,
    0x00, 0x25, 0x55, 0x55, 0x0F, 0xFF, 0xFF, 0xF7, 0xFF, 0xFF, 0xF5, 0xE0, 0x00, 0x3C, 0xB0, 0x00,
    0x1D, 0x28, 0x00, 0x0F, 0x00, 0x00, 0x07, 0x40, 0x00, 0x03, 0xC0, 0x00, 0x02, 0xE0, 0x00, 0x00,
    0xF0, 0x00, 0x00, 0xB8, 0x00, 0x00, 0x3C, 0x00, 0x00, 0x2E, 0x00, 0x00, 0x0F, 0x40, 0x00, 0x0B,
    0xC0, 0x00, 0x03, 0xD0, 0x00, 0x02, 0xF0, 0x00, 0x00, 0xF8, 0x00, 0x00, 0xBC, 0x00, 0x00, 0x3F,
    0x00, 0x00, 0x00, 0x40, 0x00, 0x00, 0x00, 0x2F, 0xE0, 0x00, 0x2F, 0xAF, 0xD0, 0x07, 0x80, 0x3F,
    0x00, 0xF0, 0x00, 0xF8, 0x1F, 0x00, 0x0F, 0x81, 0xF0, 0x00, 0xF8, 0x1F, 0x80, 0x0F, 0x00, 0xFF,
    0x02, 0xE0, 0x07, 0xFE, 0xB8, 0x00, 0x1F, 0xFE, 0x00, 0x00, 0x7F, 0xFC, 0x00, 0x2D, 0x2F, 0xF4,
    0x0F, 0x00, 0x2F, 0xC2, 0xE0, 0x00, 0xBC, 0x3D, 0x00, 0x03, 0xD3, 0xD0, 0x00, 0x3C, 0x3E, 0x00,
    0x03, 0xC3, 0xF4, 0x00, 0xB4, 0x0F, 0xE0, 0x2E, 0x00, 0x2F, 0xFF, 0x40, 0x00, 0x15, 0x00, 0x00,
    0x00, 0x6E, 0x80, 0x01, 0xFF, 0xFD, 0x01, 0xF0, 0x0B, 0xD0, 0xF0, 0x00, 0xFC, 0x7C, 0x00, 0x1F,
    0x6E, 0x00, 0x03, 0xEF, 0x80, 0x00, 0xFA, 0xF0, 0x00, 0x3F, 0x7E, 0x00, 0x0F, 0x8F, 0xE0, 0x1F,
    0xE0, 0xFF, 0xFE, 0xF4, 0x0B, 0xF4, 0xBC, 0x00, 0x00, 0x3E, 0x00, 0x00, 0x2F, 0x00, 0x00, 0x1F,
    0x40, 0x00, 0x0F, 0x40, 0x00, 0x1F, 0x80, 0x00, 0x2F, 0x40, 0x00, 0x7E, 0x00, 0x00, 0xBD, 0x00,
    0x00, 0x00, 0x00, 0x00, 0x00, 0x0F, 0x0F, 0xF3, 0xFC, 0x7D, 0x00, 0x00, 0x00, 0x00, 0x00, 0x00,
    0x01, 0x43, 0xF8, 0xFF, 0x3F, 0x81, 0x40, 0x0F, 0x03, 0xFC, 0x3F, 0xC1, 0xF4, 0x00, 0x00, 0x00,
    0x00, 0x00, 0x00, 0x00, 0x00, 0x00, 0x0F, 0xC0, 0xFD, 0x07, 0xD0, 0x7C, 0x0B, 0x80, 0xF0, 0x3C,
    0x0E, 0x00, 0x00, 0x00, 0x00, 0x00, 0x00, 0x10, 0x00, 0x00, 0x0B, 0xC0, 0x00, 0x07, 0xFE, 0x00,
    0x02, 0xFE, 0x40, 0x01, 0xFF, 0x40, 0x00, 0x7F, 0x80, 0x00, 0x0F, 0xD0, 0x00, 0x00, 0x3F, 0x80,
    0x00, 0x00, 0x2F, 0xF4, 0x00, 0x00, 0x07, 0xFD, 0x00, 0x00, 0x00, 0xBF, 0x80, 0x00, 0x00, 0x2F,
    0xE4, 0x00, 0x00, 0x07, 0xF0, 0x00, 0x00, 0x01, 0x40, 0x15, 0x55, 0x55, 0x56, 0x0F, 0xFF, 0xFF,
    0xFF, 0xC2, 0xAA, 0xA9, 0x55, 0x50, 0x00, 0x00, 0x00, 0x00, 0x00, 0x00, 0x00, 0x00, 0x00, 0x00,
    0x00, 0x01, 0x43, 0xFF, 0xFF, 0xFF, 0xF1, 0xFF, 0xAA, 0xAA, 0xA8, 0x00, 0x00, 0x00, 0x00, 0xF8,
    0x00, 0x00, 0x02, 0xFE, 0x40, 0x00, 0x00, 0x7F, 0xD0, 0x00, 0x00, 0x1F, 0xF8, 0x00, 0x00, 0x02,
    0xFE, 0x40, 0x00, 0x00, 0x7F, 0x80, 0x00, 0x00, 0x7F, 0x00, 0x00, 0x1F, 0xE0, 0x00, 0x1B, 0xF4,
    0x00, 0x0B, 0xFD, 0x00, 0x07, 0xFE, 0x00, 0x00, 0x3F, 0x40, 0x00, 0x00, 0x80, 0x00, 0x00, 0x00,
    0x00, 0x00, 0x01, 0xFE, 0x00, 0x3F, 0xFE, 0x00, 0x5B, 0xFC, 0x00, 0x0B, 0xD0, 0x00, 0x3F, 0x00,
    0x01, 0xF0, 0x00, 0x1F, 0x00, 0x02, 0xE0, 0x00, 0x7C, 0x00, 0x2F, 0x00, 0x1F, 0x80, 0x0B, 0xD0,
    0x00, 0xF4, 0x00, 0x0F, 0x80, 0x00, 0xFC, 0x00, 0x0B, 0xC0, 0x00, 0x00, 0x00, 0x00, 0x00, 0x00,
    0x00, 0x00, 0x01, 0x40, 0x00, 0xFE, 0x00, 0x0F, 0xF0, 0x00, 0xFD, 0x00, 0x01, 0x00, 0x00, 0x00,
    0x00, 0x00, 0x55, 0x40, 0x00, 0x00, 0x00, 0x06, 0xFF, 0xFF, 0xD0, 0x00, 0x00, 0x03, 0xFE, 0x96,
    0xFF, 0xC0, 0x00, 0x01, 0xF8, 0x00, 0x00, 0x7F, 0x40, 0x00, 0xBC, 0x00, 0x00, 0x00, 0xFD, 0x00,
    0x2F, 0x00, 0x01, 0x01, 0x03, 0xF0, 0x07, 0xC0, 0x02, 0xFF, 0xF8, 0x0F, 0x80, 0xF4, 0x00, 0xFA,
    0xFF, 0x40, 0xBC, 0x1F, 0x00, 0x38, 0x01, 0xF0, 0x03, 0xD3, 0xD0, 0x0B, 0x00, 0x1F, 0x00, 0x3E,
    0x7C, 0x00, 0xD0, 0x03, 0xE0, 0x02, 0xEB, 0x80, 0x3C, 0x00, 0x7D, 0x00, 0x2E, 0xB8, 0x03, 0x80,
    0x0F, 0xC0, 0x02, 0xDF, 0x80, 0xB8, 0x01, 0xFC, 0x00, 0x3D, 0xF4, 0x0B, 0x40, 0x37, 0xC0, 0x03,
    0xCF, 0x80, 0xF4, 0x0B, 0x78, 0x00, 0x78, 0xF8, 0x0F, 0x41, 0xCB, 0x40, 0x0F, 0x0B, 0xC0, 0xF8,
    0x34, 0xF0, 0x03, 0xD0, 0x7C, 0x0F, 0xDE, 0x0F, 0x01, 0xF8, 0x03, 0xD0, 0xBF, 0xC0, 0xFF, 0xFD,
    0x00, 0x2F, 0x03, 0xE0, 0x1F, 0xFE, 0x00, 0x00, 0xF4, 0x04, 0x00, 0x54, 0x00, 0x00, 0x0B, 0xD0,
    0x00, 0x00, 0x00, 0x00, 0x00, 0x2F, 0x40, 0x00, 0x00, 0x00, 0x00, 0x00, 0xBD, 0x00, 0x00, 0x00,
    0x00, 0x00, 0x01, 0xFD, 0x00, 0x00, 0x00, 0x00, 0x00, 0x02, 0xFF, 0xA0, 0x00, 0x00, 0x00, 0x00,
    0x01, 0xBE, 0x00, 0x00, 0x00, 0x00, 0x00, 0x01, 0x00, 0x00, 0x00, 0x00, 0x07, 0xE0, 0x00, 0x00,
    0x00, 0x02, 0xFC, 0x00, 0x00, 0x00, 0x00, 0xFF, 0x00, 0x00, 0x00, 0x00, 0xB7, 0xD0, 0x00, 0x00,
    0x00, 0x3C, 0xF8, 0x00, 0x00, 0x00, 0x1D, 0x2F, 0x00, 0x00, 0x00, 0x0B, 0x07, 0xC0, 0x00, 0x00,
    0x03, 0x80, 0xF8, 0x00, 0x00, 0x01, 0xD0, 0x3F, 0x00, 0x00, 0x00, 0xF0, 0x07, 0xC0, 0x00, 0x00,
    0x38, 0x00, 0xF4, 0x00, 0x00, 0x2D, 0x00, 0x3E, 0x00, 0x00, 0x0F, 0xFF, 0xFF, 0xC0, 0x00, 0x07,
    0x95, 0x55, 0xF4, 0x00, 0x02, 0xC0, 0x00, 0x3E, 0x00, 0x00, 0xF0, 0x00, 0x0B, 0xC0, 0x00, 0x78,
    0x00, 0x01, 0xF4, 0x00, 0x3C, 0x00, 0x00, 0x3E, 0x00, 0x1F, 0x00, 0x00, 0x0F, 0xC0, 0x2F, 0xE5,
    0x40, 0x1B, 0xFE, 0x5F, 0xFF, 0xF0, 0x3F, 0xFF, 0xE0, 0x00, 0x00, 0x04, 0x00, 0x00, 0x05, 0x05,
    0x54, 0x00, 0x02, 0xFF, 0xFF, 0xFD, 0x00, 0x02, 0xF8, 0x1B, 0xF8, 0x00, 0x1F, 0x80, 0x0F, 0xD0,
    0x00, 0xF8, 0x00, 0x7E, 0x00, 0x0F, 0x40, 0x03, 0xE0, 0x00, 0xF4, 0x00, 0x3E, 0x00, 0x0F, 0x40,
    0x03, 0xD0, 0x00, 0xF4, 0x00, 0x7C, 0x00, 0x0F, 0x40, 0x1F, 0x00, 0x01, 0xFE, 0x9B, 0x80, 0x00,
    0x1F, 0xFF, 0xFE, 0x00, 0x01, 0xF4, 0x02, 0xFD, 0x00, 0x1F, 0x00, 0x03, 0xF4, 0x01, 0xF0, 0x00,
    0x1F, 0xC0, 0x1F, 0x00, 0x00, 0xFC, 0x01, 0xF0, 0x00, 0x0F, 0xC0, 0x1F, 0x00, 0x00, 0xFC, 0x01,
    0xF0, 0x00, 0x0F, 0x40, 0x2F, 0x40, 0x03, 0xE0, 0x0B, 0xFE, 0x56, 0xF8, 0x03, 0xFF, 0xFF, 0xF8,
    0x00, 0x10, 0x00, 0x50, 0x00, 0x00, 0x00, 0x00, 0x1A, 0xA5, 0x00, 0x00, 0x1F, 0xFF, 0xFF, 0x80,
    0x03, 0xF9, 0x57, 0xFE, 0x00, 0x3E, 0x00, 0x01, 0xF4, 0x03, 0xE0, 0x00, 0x02, 0xD0, 0x3F, 0x00,
    0x00, 0x07, 0x01, 0xF0, 0x00, 0x00, 0x1C, 0x0F, 0xC0, 0x00, 0x00, 0x00, 0x3E, 0x00, 0x00, 0x00,
    0x01, 0xF4, 0x00, 0x00, 0x00, 0x0B, 0xD0, 0x00, 0x00, 0x00, 0x2F, 0x40, 0x00, 0x00, 0x00, 0xBD,
    0x00, 0x00, 0x00, 0x02, 0xF8, 0x00, 0x00, 0x00, 0x07, 0xF0, 0x00, 0x00, 0x00, 0x0F, 0xC0, 0x00,
    0x00, 0x08, 0x3F, 0x80, 0x00, 0x00, 0xB0, 0x7F, 0x00, 0x00, 0x03, 0xC0, 0xFF, 0x00, 0x00, 0x2E,
    0x00, 0xFF, 0x00, 0x01, 0xF8, 0x00, 0xFF, 0x95, 0x7F, 0xD0, 0x00, 0x7F, 0xFF, 0xF9, 0x00, 0x00,
    0x05, 0x54, 0x00, 0x00, 0x05, 0x05, 0x55, 0x00, 0x00, 0x02, 0xFF, 0xFF, 0xFF, 0x80, 0x00, 0x02,
    0xFD, 0x56, 0xFF, 0x80, 0x00, 0x1F, 0x80, 0x01, 0xFF, 0x00, 0x00, 0xF8, 0x00, 0x02, 0xFC, 0x00,
    0x0F, 0x80, 0x00, 0x0F, 0xE0, 0x00, 0xF4, 0x00, 0x00, 0x3F, 0x40, 0x0F, 0x40, 0x00, 0x02, 0xF8,
    0x00, 0xF4, 0x00, 0x00, 0x1F, 0xC0, 0x0F, 0x40, 0x00, 0x00, 0xFC, 0x01, 0xF4, 0x00, 0x00, 0x0F,
    0xC0, 0x1F, 0x40, 0x00, 0x00, 0xFC, 0x01, 0xF4, 0x00, 0x00, 0x0F, 0xC0, 0x1F, 0x00, 0x00, 0x00,
    0xF8, 0x01, 0xF0, 0x00, 0x00, 0x1F, 0x40, 0x1F, 0x00, 0x00, 0x02, 0xF0, 0x01, 0xF0, 0x00, 0x00,
    0x3E, 0x00, 0x1F, 0x00, 0x00, 0x0B, 0xC0, 0x01, 0xF0, 0x00, 0x01, 0xF0, 0x00, 0x2F, 0x80, 0x00,
    0x7C, 0x00, 0x0B, 0xFE, 0x55, 0xBF, 0x00, 0x03, 0xFF, 0xFF, 0xFE, 0x40, 0x00, 0x10, 0x00, 0x54,
    0x00, 0x00, 0x00, 0x05, 0x40, 0x15, 0x56, 0x0B, 0xFF, 0xFF, 0xFF, 0xC0, 0x2F, 0xD5, 0x6B, 0xF0,
    0x07, 0xE0, 0x00, 0x3C, 0x00, 0xF8, 0x00, 0x0E, 0x00, 0x3D, 0x00, 0x03, 0x80, 0x0F, 0x40, 0x00,
    0x00, 0x03, 0xD0, 0x00, 0x00, 0x00, 0xF4, 0x00, 0x00, 0x00, 0x3D, 0x00, 0x00, 0x00, 0x1F, 0xFF,
    0xFF, 0x00, 0x07, 0xFF, 0xFF, 0x80, 0x01, 0xF4, 0x00, 0x00, 0x00, 0x7C, 0x00, 0x00, 0x00, 0x1F,
    0x00, 0x00, 0x00, 0x07, 0xC0, 0x00, 0x00, 0x01, 0xF0, 0x00, 0x02, 0x40, 0x7C, 0x00, 0x00, 0xE0,
    0x1F, 0x00, 0x00, 0x74, 0x0B, 0xC0, 0x00, 0x3C, 0x1B, 0xFE, 0xAA, 0xBF, 0x0F, 0xFF, 0xFF, 0xFF,
    0xC1, 0x00, 0x00, 0x00, 0x00, 0x05, 0x00, 0x55, 0x59, 0x2F, 0xFF, 0xFF, 0xFD, 0x02, 0xFD, 0x56,
    0xFD, 0x01, 0xF8, 0x00, 0x3C, 0x00, 0xF8, 0x00, 0x2C, 0x00, 0xF4, 0x00, 0x2C, 0x00, 0xF4, 0x00,
    0x00, 0x00, 0xF4, 0x00, 0x00, 0x00, 0xF4, 0x00, 0x00, 0x00, 0xF4, 0x00, 0x00, 0x01, 0xF4, 0x01,
    0x40, 0x01, 0xFF, 0xFF, 0xC0, 0x01, 0xFE, 0xAA, 0x80, 0x01, 0xF0, 0x00, 0x00, 0x01, 0xF0, 0x00,
    0x00, 0x01, 0xF0, 0x00, 0x00, 0x01, 0xF0, 0x00, 0x00, 0x01, 0xF0, 0x00, 0x00, 0x01, 0xF0, 0x00,
    0x00, 0x02, 0xF0, 0x00, 0x00, 0x0B, 0xFD, 0x60, 0x00, 0x3F, 0xFF, 0xF0, 0x00, 0x10, 0x00, 0x00,
    0x00, 0x00, 0x00, 0x1A, 0xA5, 0x00, 0x00, 0x1F, 0xFF, 0xFF, 0xD0, 0x03, 0xFE, 0x56, 0xFF, 0x40,
    0x7E, 0x00, 0x00, 0x7C, 0x03, 0xE0, 0x00, 0x00, 0xF0, 0x3E, 0x00, 0x00, 0x02, 0xC1, 0xF0, 0x00,
    0x00, 0x0B, 0x0F, 0x80, 0x00, 0x00, 0x00, 0x3D, 0x00, 0x00, 0x00, 0x01, 0xF4, 0x00, 0x00, 0x00,
    0x0B, 0xD0, 0x00, 0x00, 0x00, 0x2F, 0x40, 0x00, 0x00, 0x00, 0xBD, 0x00, 0x02, 0xFF, 0xFA, 0xF4,
    0x00, 0x06, 0xAF, 0xC7, 0xE0, 0x00, 0x00, 0x2F, 0x0F, 0xC0, 0x00, 0x00, 0xBC, 0x3F, 0x40, 0x00,
    0x02, 0xE0, 0x7F, 0x00, 0x00, 0x0B, 0x80, 0xFE, 0x00, 0x00, 0x2E, 0x00, 0xFE, 0x00, 0x00, 0xFC,
    0x00, 0xFF, 0x95, 0x6F, 0xF0, 0x00, 0x7F, 0xFF, 0xF9, 0x00, 0x00, 0x05, 0x50, 0x00, 0x00, 0x05,
    0x05, 0x40, 0x01, 0x45, 0x50, 0xBF, 0xFE, 0x00, 0x1F, 0xFF, 0xC0, 0x2F, 0xD0, 0x00, 0x0B, 0xF4,
    0x00, 0x7E, 0x00, 0x00, 0x0F, 0x80, 0x00, 0xF8, 0x00, 0x00, 0x3E, 0x00, 0x03, 0xD0, 0x00, 0x00,
    0xF8, 0x00, 0x0F, 0x40, 0x00, 0x03, 0xE0, 0x00, 0x3D, 0x00, 0x00, 0x0F, 0x40, 0x00, 0xF4, 0x00,
    0x00, 0x3D, 0x00, 0x03, 0xD0, 0x00, 0x00, 0xF4, 0x00, 0x1F, 0xAA, 0xAA, 0xBF, 0xD0, 0x00, 0x7F,
    0xFF, 0xFF, 0xFF, 0x40, 0x01, 0xF4, 0x00, 0x00, 0x3D, 0x00, 0x07, 0xC0, 0x00, 0x00, 0xF4, 0x00,
    0x1F, 0x00, 0x00, 0x03, 0xD0, 0x00, 0x7C, 0x00, 0x00, 0x0F, 0x00, 0x01, 0xF0, 0x00, 0x00, 0x3C,
    0x00, 0x07, 0xC0, 0x00, 0x00, 0xF0, 0x00, 0x1F, 0x00, 0x00, 0x07, 0xC0, 0x00, 0xBC, 0x00, 0x00,
    0x1F, 0x40, 0x0B, 0xFD, 0x80, 0x06, 0xFF, 0xA0, 0xFF, 0xFF, 0x00, 0x3F, 0xFF, 0xC1, 0x00, 0x00,
    0x00, 0x00, 0x00, 0x00, 0x05, 0x05, 0x43, 0xFF, 0xFC, 0x02, 0xFD, 0x00, 0x1F, 0x80, 0x00, 0xF8,
    0x00, 0x0F, 0x40, 0x00, 0xF4, 0x00, 0x0F, 0x40, 0x00, 0xF4, 0x00, 0x0F, 0x40, 0x01, 0xF4, 0x00,
    0x1F, 0x00, 0x01, 0xF0, 0x00, 0x1F, 0x00, 0x01, 0xF0, 0x00, 0x1F, 0x00, 0x01, 0xF0, 0x00, 0x1F,
    0x00, 0x01, 0xF0, 0x00, 0x2F, 0x00, 0x0B, 0xFD, 0x83, 0xFF, 0xFC, 0x10, 0x00, 0x00, 0x00, 0x05,
    0x41, 0xFF, 0xFC, 0x05, 0xFE, 0x00, 0x0B, 0xC0, 0x00, 0xBC, 0x00, 0x0B, 0xC0, 0x00, 0xBC, 0x00,
    0x0B, 0xC0, 0x00, 0xBC, 0x00, 0x0B, 0xC0, 0x00, 0xBC, 0x00, 0x0B, 0xC0, 0x00, 0xBC, 0x00, 0x0B,
    0xC0, 0x00, 0xBC, 0x00, 0x0B, 0xC0, 0x00, 0xBC, 0x00, 0x0B, 0xC0, 0x00, 0xB8, 0x00, 0x0B, 0x80,
    0x00, 0xF8, 0x00, 0x0F, 0x40, 0x01, 0xF0, 0x00, 0x3D, 0x00, 0x0F, 0x80, 0x03, 0xE0, 0x00, 0x20,
    0x00, 0x00, 0x05, 0x05, 0x40, 0x54, 0x54, 0x2F, 0xFF, 0x80, 0xFF, 0xFC, 0x02, 0xFD, 0x00, 0x1F,
    0xF4, 0x01, 0xF8, 0x00, 0x0F, 0x80, 0x00, 0xF4, 0x00, 0x2D, 0x00, 0x00, 0xF4, 0x00, 0xB8, 0x00,
    0x00, 0xF4, 0x02, 0xE0, 0x00, 0x00, 0xF4, 0x0B, 0x80, 0x00, 0x00, 0xF4, 0x1E, 0x00, 0x00, 0x00,
    0xF4, 0x78, 0x00, 0x00, 0x01, 0xF5, 0xF0, 0x00, 0x00, 0x01, 0xF7, 0xF0, 0x00, 0x00, 0x01, 0xF4,
    0xFC, 0x00, 0x00, 0x01, 0xF0, 0xBF, 0x00, 0x00, 0x01, 0xF0, 0x3F, 0x80, 0x00, 0x01, 0xF0, 0x0F,
    0xD0, 0x00, 0x01, 0xF0, 0x07, 0xF0, 0x00, 0x01, 0xF0, 0x02, 0xFC, 0x00, 0x01, 0xF0, 0x00, 0xFE,
    0x00, 0x02, 0xF0, 0x00, 0x3F, 0x80, 0x1B, 0xFD, 0x80, 0x1F, 0xF4, 0x3F, 0xFF, 0xC0, 0x07, 0xFD,
    0x00, 0x00, 0x00, 0x00, 0x50, 0x14, 0x15, 0x00, 0x02, 0xFF, 0xFC, 0x00, 0x00, 0xBF, 0x40, 0x00,
    0x01, 0xF8, 0x00, 0x00, 0x03, 0xE0, 0x00, 0x00, 0x0F, 0x80, 0x00, 0x00, 0x3D, 0x00, 0x00, 0x00,
    0xF4, 0x00, 0x00, 0x03, 0xD0, 0x00, 0x00, 0x0F, 0x40, 0x00, 0x00, 0x7D, 0x00, 0x00, 0x01, 0xF0,
    0x00, 0x00, 0x07, 0xC0, 0x00, 0x00, 0x1F, 0x00, 0x00, 0x00, 0x7C, 0x00, 0x00, 0x01, 0xF0, 0x00,
    0x01, 0x07, 0xC0, 0x00, 0x38, 0x1F, 0x00, 0x00, 0xE0, 0x7C, 0x00, 0x07, 0x42, 0xF4, 0x00, 0x3C,
    0x2F, 0xFA, 0xAB, 0xF2, 0xFF, 0xFF, 0xFF, 0xC0, 0x00, 0x00, 0x00, 0x00, 0x05, 0x04, 0x00, 0x00,
    0x01, 0x45, 0x42, 0xFF, 0xE0, 0x00, 0x00, 0x3F, 0xFC, 0x01, 0xFF, 0x00, 0x00, 0x0B, 0xF8, 0x00,
    0x0F, 0xF4, 0x00, 0x00, 0xFF, 0x00, 0x00, 0xFF, 0x80, 0x00, 0x0F, 0xF0, 0x00, 0x0E, 0xFC, 0x00,
    0x02, 0xDF, 0x00, 0x00, 0xEB, 0xD0, 0x00, 0x3C, 0xF0, 0x00, 0x0D, 0x3E, 0x00, 0x07, 0x4F, 0x40,
    0x00, 0xD3, 0xF0, 0x00, 0xB0, 0xF4, 0x00, 0x1D, 0x1F, 0x40, 0x0E, 0x0F, 0x40, 0x01, 0xC0, 0xF8,
    0x01, 0xD0, 0xF4, 0x00, 0x1C, 0x0B, 0xC0, 0x2C, 0x0F, 0x80, 0x02, 0xC0, 0x7D, 0x03, 0x80, 0xB8,
    0x00, 0x2C, 0x03, 0xE0, 0x74, 0x0B, 0x80, 0x03, 0xC0, 0x2F, 0x0F, 0x00, 0xBC, 0x00, 0x3C, 0x01,
    0xF4, 0xE0, 0x07, 0xC0, 0x03, 0x80, 0x0F, 0xDC, 0x00, 0x7C, 0x00, 0x38, 0x00, 0xBF, 0xC0, 0x07,
    0xC0, 0x03, 0x80, 0x03, 0xF4, 0x00, 0x7C, 0x00, 0x74, 0x00, 0x3F, 0x00, 0x07, 0xD0, 0x2F, 0xD4,
    0x02, 0xE0, 0x01, 0xFF, 0x97, 0xFF, 0xC0, 0x0D, 0x00, 0x7F, 0xFD, 0x00, 0x00, 0x00, 0x40, 0x00,
    0x00, 0x00, 0x14, 0x50, 0x00, 0x00, 0x51, 0x53, 0xFF, 0x80, 0x00, 0x3F, 0xFF, 0x07, 0xFD, 0x00,
    0x00, 0x7F, 0x40, 0x1F, 0xF0, 0x00, 0x01, 0xE0, 0x00, 0xFF, 0x80, 0x00, 0x1D, 0x00, 0x0E, 0xFD,
    0x00, 0x01, 0xD0, 0x01, 0xD7, 0xF0, 0x00, 0x1D, 0x00, 0x1D, 0x2F, 0x80, 0x01, 0xD0, 0x01, 0xD0,
    0xFD, 0x00, 0x1D, 0x00, 0x1D, 0x03, 0xF0, 0x01, 0xD0, 0x01, 0xD0, 0x2F, 0x80, 0x1D, 0x00, 0x1D,
    0x00, 0xFD, 0x01, 0xD0, 0x01, 0xD0, 0x03, 0xF0, 0x1C, 0x00, 0x1D, 0x00, 0x2F, 0xC1, 0xC0, 0x02,
    0xD0, 0x00, 0xFD, 0x1C, 0x00, 0x2D, 0x00, 0x03, 0xF1, 0xC0, 0x02, 0xD0, 0x00, 0x1F, 0xEC, 0x00,
    0x2D, 0x00, 0x00, 0xFF, 0xC0, 0x02, 0xD0, 0x00, 0x03, 0xFC, 0x00, 0x3D, 0x00, 0x00, 0x1F, 0xC0,
    0x1B, 0xF5, 0x00, 0x00, 0xFC, 0x03, 0xFF, 0xF0, 0x00, 0x03, 0xC0, 0x00, 0x00, 0x00, 0x00, 0x2C,
    0x00, 0x00, 0x00, 0x00, 0x00, 0x00, 0x00, 0x00, 0x1A, 0x90, 0x00, 0x00, 0x01, 0xFF, 0xFF, 0x80,
    0x00, 0x03, 0xF9, 0x6F, 0xFD, 0x00, 0x07, 0xE0, 0x00, 0x3F, 0xD0, 0x03, 0xD0, 0x00, 0x03, 0xFC,
    0x03, 0xE0, 0x00, 0x00, 0x3F, 0x81, 0xF0, 0x00, 0x00, 0x0B, 0xF0, 0xFC, 0x00, 0x00, 0x00, 0xFD,
    0x3D, 0x00, 0x00, 0x00, 0x2F, 0x9F, 0x40, 0x00, 0x00, 0x07, 0xEB, 0xD0, 0x00, 0x00, 0x01, 0xFA,
    0xF0, 0x00, 0x00, 0x00, 0x7E, 0xBD, 0x00, 0x00, 0x00, 0x1F, 0xAF, 0x40, 0x00, 0x00, 0x07, 0xD7,
    0xE0, 0x00, 0x00, 0x02, 0xF0, 0xFC, 0x00, 0x00, 0x00, 0xFC, 0x3F, 0x40, 0x00, 0x00, 0x3D, 0x07,
    0xF0, 0x00, 0x00, 0x2E, 0x00, 0xFE, 0x00, 0x00, 0x1F, 0x00, 0x0F, 0xF0, 0x00, 0x2F, 0x00, 0x00,
    0xFF, 0x95, 0xBE, 0x00, 0x00, 0x07, 0xFF, 0xF8, 0x00, 0x00, 0x00, 0x05, 0x40, 0x00, 0x00, 0x14,
    0x05, 0x50, 0x00, 0xBF, 0xFF, 0xFF, 0x80, 0x0B, 0xF5, 0x6F, 0xF0, 0x07, 0xE0, 0x02, 0xFC, 0x03,
    0xE0, 0x00, 0xFD, 0x03, 0xD0, 0x00, 0x7D, 0x03, 0xD0, 0x00, 0x7E, 0x03, 0xD0, 0x00, 0x3E, 0x03,
    0xD0, 0x00, 0x7D, 0x03, 0xD0, 0x00, 0xBC, 0x07, 0xD0, 0x00, 0xF0, 0x07, 0xD0, 0x03, 0xD0, 0x07,
    0xFF, 0xBF, 0x00, 0x07, 0xFF, 0xE4, 0x00, 0x07, 0xC0, 0x00, 0x00, 0x07, 0xC0, 0x00, 0x00, 0x07,
    0xC0, 0x00, 0x00, 0x07, 0xC0, 0x00, 0x00, 0x07, 0xC0, 0x00, 0x00, 0x0B, 0xC0, 0x00, 0x00, 0x2F,
    0xF5, 0x00, 0x00, 0xFF, 0xFF, 0x00, 0x00, 0x00, 0x00, 0x00, 0x00, 0x00, 0x00, 0x1A, 0x90, 0x00,
    0x00, 0x00, 0x00, 0x7F, 0xFF, 0xE0, 0x00, 0x00, 0x00, 0x3F, 0x96, 0xFF, 0xD0, 0x00, 0x00, 0x1F,
    0x80, 0x00, 0xFF, 0x40, 0x00, 0x03, 0xD0, 0x00, 0x03, 0xFC, 0x00, 0x00, 0xF8, 0x00, 0x00, 0x0F,
    0xE0, 0x00, 0x1F, 0x00, 0x00, 0x00, 0xBF, 0x00, 0x03, 0xF0, 0x00, 0x00, 0x03, 0xF4, 0x00, 0x3D,
    0x00, 0x00, 0x00, 0x2F, 0x80, 0x07, 0xD0, 0x00, 0x00, 0x01, 0xF8, 0x00, 0xBD, 0x00, 0x00, 0x00,
    0x1F, 0x80, 0x0B, 0xC0, 0x00, 0x00, 0x01, 0xF8, 0x00, 0xBD, 0x00, 0x00, 0x00, 0x1F, 0x80, 0x0B,
    0xD0, 0x00, 0x00, 0x01, 0xF4, 0x00, 0x7E, 0x00, 0x00, 0x00, 0x2F, 0x00, 0x03, 0xF0, 0x00, 0x00,
    0x03, 0xF0, 0x00, 0x3F, 0x40, 0x00, 0x00, 0x3C, 0x00, 0x01, 0xFC, 0x00, 0x00, 0x0B, 0x80, 0x00,
    0x0F, 0xE0, 0x00, 0x01, 0xF0, 0x00, 0x00, 0x3F, 0xC0, 0x00, 0xBC, 0x00, 0x00, 0x00, 0xFF, 0x95,
    0xBE, 0x00, 0x00, 0x00, 0x01, 0xFF, 0xFE, 0x00, 0x00, 0x00, 0x00, 0x00, 0x5F, 0xC0, 0x00, 0x00,
    0x00, 0x00, 0x00, 0x3F, 0x80, 0x00, 0x00, 0x00, 0x00, 0x00, 0xBF, 0x40, 0x00, 0x00, 0x00, 0x00,
    0x00, 0xFF, 0x40, 0x00, 0x00, 0x00, 0x00, 0x02, 0xFF, 0xE5, 0x90, 0x00, 0x00, 0x00, 0x03, 0xFF,
    0xFC, 0x00, 0x00, 0x00, 0x00, 0x06, 0xFF, 0x00, 0x00, 0x00, 0x00, 0x00, 0x00, 0x00, 0x05, 0x05,
    0x54, 0x00, 0x00, 0x2F, 0xFF, 0xFF, 0xD0, 0x00, 0x02, 0xF8, 0x1B, 0xF8, 0x00, 0x01, 0xF8, 0x00,
    0xFD, 0x00, 0x00, 0xF8, 0x00, 0x3F, 0x00, 0x00, 0xF4, 0x00, 0x3F, 0x00, 0x00, 0xF4, 0x00, 0x2F,
    0x00, 0x00, 0xF4, 0x00, 0x3F, 0x00, 0x00, 0xF4, 0x00, 0x3D, 0x00, 0x00, 0xF4, 0x00, 0xBC, 0x00,
    0x01, 0xF4, 0x02, 0xF0, 0x00, 0x01, 0xFF, 0xAF, 0x80, 0x00, 0x01, 0xFF, 0xFD, 0x00, 0x00, 0x01,
    0xF0, 0x2F, 0x00, 0x00, 0x01, 0xF0, 0x0F, 0x80, 0x00, 0x01, 0xF0, 0x0B, 0xC0, 0x00, 0x01, 0xF0,
    0x03, 0xF0, 0x00, 0x01, 0xF0, 0x01, 0xF4, 0x00, 0x01, 0xF0, 0x00, 0xFC, 0x00, 0x02, 0xF0, 0x00,
    0x7F, 0x00, 0x1B, 0xFD, 0x00, 0x2F, 0xD0, 0x3F, 0xFF, 0x40, 0x0F, 0xFC, 0x00, 0x00, 0x00, 0x01,
    0x50, 0x00, 0x05, 0xA9, 0x00, 0x01, 0xFF, 0xFF, 0xC0, 0x3F, 0x41, 0xBF, 0x02, 0xE0, 0x00, 0x7C,
    0x1F, 0x00, 0x00, 0xE0, 0xBC, 0x00, 0x03, 0x82, 0xF0, 0x00, 0x0D, 0x0B, 0xF0, 0x00, 0x00, 0x0F,
    0xF0, 0x00, 0x00, 0x2F, 0xF8, 0x00, 0x00, 0x1F, 0xFE, 0x00, 0x00, 0x0B, 0xFF, 0x40, 0x00, 0x07,
    0xFF, 0x80, 0x00, 0x01, 0xFF, 0x80, 0x00, 0x00, 0xFF, 0x0B, 0x00, 0x00, 0xFD, 0x2C, 0x00, 0x01,
    0xF4, 0xF0, 0x00, 0x07, 0xD3, 0xC0, 0x00, 0x2F, 0x0F, 0x80, 0x01, 0xF4, 0x3F, 0x95, 0x6F, 0x40,
    0x7F, 0xFF, 0xE0, 0x00, 0x01, 0x50, 0x00, 0x00, 0x25, 0x55, 0x55, 0x55, 0x87, 0xFF, 0xFF, 0xFF,
    0xFD, 0x7E, 0x41, 0xF8, 0x1B, 0xD7, 0x80, 0x0F, 0x80, 0x1E, 0x70, 0x00, 0xF4, 0x00, 0xEB, 0x00,
    0x0F, 0x40, 0x0E, 0x50, 0x00, 0xF4, 0x00, 0x40, 0x00, 0x0F, 0x40, 0x00, 0x00, 0x00, 0xF4, 0x00,
    0x00, 0x00, 0x0F, 0x40, 0x00, 0x00, 0x00, 0xF0, 0x00, 0x00, 0x00, 0x0F, 0x00, 0x00, 0x00, 0x00,
    0xF0, 0x00, 0x00, 0x00, 0x0F, 0x00, 0x00, 0x00, 0x00, 0xF0, 0x00, 0x00, 0x00, 0x0F, 0x00, 0x00,
    0x00, 0x00, 0xF0, 0x00, 0x00, 0x00, 0x1F, 0x00, 0x00, 0x00, 0x01, 0xF0, 0x00, 0x00, 0x00, 0x2F,
    0x40, 0x00, 0x00, 0x1B, 0xFE, 0x50, 0x00, 0x0B, 0xFF, 0xFE, 0x00, 0x00, 0x00, 0x00, 0x00, 0x00,
    0x14, 0x55, 0x00, 0x05, 0x05, 0x6F, 0xFF, 0x80, 0x0B, 0xFF, 0xE0, 0xFF, 0x00, 0x00, 0x1F, 0x80,
    0x1F, 0x40, 0x00, 0x03, 0xC0, 0x07, 0xD0, 0x00, 0x00, 0xF0, 0x01, 0xF4, 0x00, 0x00, 0x3C, 0x00,
    0x7D, 0x00, 0x00, 0x0F, 0x00, 0x1F, 0x40, 0x00, 0x03, 0xC0, 0x07, 0xD0, 0x00, 0x00, 0xF0, 0x01,
    0xF0, 0x00, 0x00, 0x3C, 0x00, 0x7C, 0x00, 0x00, 0x0F, 0x00, 0x1F, 0x00, 0x00, 0x03, 0xC0, 0x07,
    0xC0, 0x00, 0x00, 0xB0, 0x01, 0xF0, 0x00, 0x00, 0x2C, 0x00, 0x7C, 0x00, 0x00, 0x0B, 0x00, 0x1F,
    0x40, 0x00, 0x03, 0xC0, 0x07, 0xD0, 0x00, 0x00, 0xF0, 0x00, 0xFC, 0x00, 0x00, 0x3C, 0x00, 0x3F,
    0x40, 0x00, 0x2D, 0x00, 0x07, 0xF4, 0x00, 0x2F, 0x00, 0x00, 0x7F, 0xEA, 0xBF, 0x00, 0x00, 0x07,
    0xFF, 0xFD, 0x00, 0x00, 0x00, 0x05, 0x50, 0x00, 0x00, 0x15, 0x15, 0x50, 0x15, 0x41, 0x43, 0xFF,
    0xFF, 0x03, 0xFF, 0xFC, 0x1B, 0xFD, 0x00, 0x00, 0xBF, 0x40, 0x2F, 0xC0, 0x00, 0x03, 0xC0, 0x00,
    0xFC, 0x00, 0x00, 0x78, 0x00, 0x0B, 0xD0, 0x00, 0x0F, 0x00, 0x00, 0x7E, 0x00, 0x00, 0xF0, 0x00,
    0x03, 0xF0, 0x00, 0x1D, 0x00, 0x00, 0x3F, 0x00, 0x03, 0xC0, 0x00, 0x01, 0xF4, 0x00, 0x38, 0x00,
    0x00, 0x0F, 0x80, 0x0B, 0x00, 0x00, 0x00, 0xFC, 0x00, 0xF0, 0x00, 0x00, 0x0B, 0xC0, 0x1D, 0x00,
    0x00, 0x00, 0x3D, 0x02, 0xC0, 0x00, 0x00, 0x03, 0xF0, 0x38, 0x00, 0x00, 0x00, 0x2F, 0x07, 0x40,
    0x00, 0x00, 0x01, 0xF4, 0xF0, 0x00, 0x00, 0x00, 0x0F, 0x8D, 0x00, 0x00, 0x00, 0x00, 0xBE, 0xC0,
    0x00, 0x00, 0x00, 0x07, 0xF8, 0x00, 0x00, 0x00, 0x00, 0x3F, 0x40, 0x00, 0x00, 0x00, 0x02, 0xF0,
    0x00, 0x00, 0x00, 0x00, 0x04, 0x00, 0x00, 0x00, 0x15, 0x15, 0x50, 0x54, 0x15, 0x40, 0x55, 0x05,
    0x0F, 0xFF, 0xF8, 0x3F, 0xFF, 0xF0, 0x7F, 0xFF, 0xC1, 0xBF, 0xD0, 0x06, 0xFF, 0x40, 0x00, 0x3F,
    0x80, 0x0B, 0xE0, 0x00, 0x1F, 0xC0, 0x00, 0x07, 0xC0, 0x00, 0xFC, 0x00, 0x03, 0xF0, 0x00, 0x02,
    0xD0, 0x00, 0x3F, 0x00, 0x00, 0x7D, 0x00, 0x00, 0xF0, 0x00, 0x07, 0xD0, 0x00, 0x2F, 0x80, 0x00,
    0x78, 0x00, 0x00, 0xF8, 0x00, 0x0F, 0xF0, 0x00, 0x2C, 0x00, 0x00, 0x3F, 0x00, 0x07, 0xFC, 0x00,
    0x0F, 0x00, 0x00, 0x0B, 0xC0, 0x02, 0xCF, 0x40, 0x07, 0x40, 0x00, 0x00, 0xF4, 0x00, 0xE3, 0xE0,
    0x03, 0xC0, 0x00, 0x00, 0x3E, 0x00, 0x70, 0xBC, 0x00, 0xE0, 0x00, 0x00, 0x0B, 0xC0, 0x2C, 0x1F,
    0x00, 0x74, 0x00, 0x00, 0x01, 0xF4, 0x0D, 0x03, 0xE0, 0x3C, 0x00, 0x00, 0x00, 0x3E, 0x07, 0x00,
    0xFC, 0x0E, 0x00, 0x00, 0x00, 0x0B, 0xC3, 0x80, 0x1F, 0x0B, 0x00, 0x00, 0x00, 0x01, 0xF0, 0xD0,
    0x03, 0xD3, 0x80, 0x00, 0x00, 0x00, 0x3D, 0xB0, 0x00, 0xF9, 0xD0, 0x00, 0x00, 0x00, 0x0F, 0xB8,
    0x00, 0x2F, 0xB0, 0x00, 0x00, 0x00, 0x02, 0xFD, 0x00, 0x07, 0xF8, 0x00, 0x00, 0x00, 0x00, 0x3F,
    0x00, 0x00, 0xFC, 0x00, 0x00, 0x00, 0x00, 0x0F, 0x80, 0x00, 0x2E, 0x00, 0x00, 0x00, 0x00, 0x01,
    0x00, 0x00, 0x00, 0x00, 0x00, 0x00, 0x15, 0x41, 0x50, 0x05, 0x45, 0x43, 0xFF, 0xFF, 0x00, 0xFF,
    0xFC, 0x1B, 0xFF, 0x00, 0x02, 0xFE, 0x00, 0x0F, 0xE0, 0x00, 0x1F, 0x00, 0x00, 0x3F, 0x00, 0x03,
    0xC0, 0x00, 0x01, 0xFC, 0x00, 0xB4, 0x00, 0x00, 0x0B, 0xD0, 0x1D, 0x00, 0x00, 0x00, 0x3F, 0x03,
    0x80, 0x00, 0x00, 0x01, 0xF8, 0xF0, 0x00, 0x00, 0x00, 0x0B, 0xFC, 0x00, 0x00, 0x00, 0x00, 0x3F,
    0x40, 0x00, 0x00, 0x00, 0x01, 0xFC, 0x00, 0x00, 0x00, 0x00, 0x3F, 0xD0, 0x00, 0x00, 0x00, 0x0F,
    0x3F, 0x00, 0x00, 0x00, 0x03, 0xC1, 0xFC, 0x00, 0x00, 0x00, 0xB4, 0x0B, 0xE0, 0x00, 0x00, 0x1E,
    0x00, 0x3F, 0x00, 0x00, 0x07, 0xC0, 0x01, 0xFC, 0x00, 0x01, 0xF0, 0x00, 0x0B, 0xE0, 0x00, 0x7F,
    0x00, 0x00, 0x7F, 0x80, 0x3F, 0xF9, 0x00, 0x1F, 0xFF, 0x9B, 0xFF, 0xE0, 0x0F, 0xFF, 0xFE, 0x00,
    0x00, 0x00, 0x00, 0x00, 0x00, 0x14, 0x15, 0x40, 0x15, 0x14, 0xBF, 0xFF, 0xC0, 0x7F, 0xFD, 0x1B,
    0xF8, 0x00, 0x0B, 0xF4, 0x02, 0xF8, 0x00, 0x07, 0xC0, 0x00, 0xFC, 0x00, 0x0F, 0x00, 0x00, 0xBD,
    0x00, 0x1E, 0x00, 0x00, 0x3E, 0x00, 0x3C, 0x00, 0x00, 0x2F, 0x00, 0x74, 0x00, 0x00, 0x0F, 0x80,
    0xF0, 0x00, 0x00, 0x0B, 0xC1, 0xD0, 0x00, 0x00, 0x03, 0xE3, 0x80, 0x00, 0x00, 0x02, 0xFB, 0x00,
    0x00, 0x00, 0x00, 0xFE, 0x00, 0x00, 0x00, 0x00, 0xFD, 0x00, 0x00, 0x00, 0x00, 0xBC, 0x00, 0x00,
    0x00, 0x00, 0x7C, 0x00, 0x00, 0x00, 0x00, 0x7C, 0x00, 0x00, 0x00, 0x00, 0x7C, 0x00, 0x00, 0x00,
    0x00, 0x7C, 0x00, 0x00, 0x00, 0x00, 0xBC, 0x00, 0x00, 0x00, 0x06, 0xFF, 0x60, 0x00, 0x00, 0x0F,
    0xFF, 0xF0, 0x00, 0x00, 0x04, 0x00, 0x00, 0x00, 0x1A, 0x55, 0x00, 0x00, 0x0B, 0xFF, 0xFF, 0xFF,
    0xD3, 0xFE, 0x55, 0x5F, 0xF0, 0xF8, 0x00, 0x07, 0xF4, 0x3C, 0x00, 0x03, 0xF8, 0x0E, 0x00, 0x02,
    0xFC, 0x03, 0x40, 0x01, 0xFC, 0x00, 0x00, 0x00, 0xFD, 0x00, 0x00, 0x00, 0xBE, 0x00, 0x00, 0x00,
    0x3F, 0x00, 0x00, 0x00, 0x3F, 0x40, 0x00, 0x00, 0x2F, 0x80, 0x00, 0x00, 0x0F, 0xC0, 0x00, 0x00,
    0x0F, 0xD0, 0x00, 0x00, 0x0B, 0xE0, 0x00, 0x00, 0x03, 0xF0, 0x00, 0x1C, 0x03, 0xF4, 0x00, 0x0B,
    0x02, 0xF8, 0x00, 0x03, 0xC0, 0xFC, 0x00, 0x01, 0xF0, 0xFD, 0x00, 0x01, 0xF8, 0xBF, 0x55, 0x6B,
    0xFE, 0x2F, 0xFF, 0xFF, 0xFF, 0x40, 0x00, 0x00, 0x00, 0x00, 0x00, 0x13, 0xFF, 0xDB, 0xD4, 0x2D,
    0x00, 0xB4, 0x02, 0xD0, 0x0B, 0x40, 0x2D, 0x00, 0xB4, 0x02, 0xD0, 0x07, 0x40, 0x1D, 0x00, 0x74,
    0x01, 0xD0, 0x07, 0x40, 0x1D, 0x00, 0x74, 0x02, 0xD0, 0x0B, 0x40, 0x2D, 0x00, 0xB4, 0x02, 0xD0,
    0x0B, 0x40, 0x2D, 0x00, 0xB9, 0x03, 0xFF, 0xD1, 0x56, 0x00, 0x60, 0x00, 0x2D, 0x00, 0x07, 0x80,
    0x00, 0xF0, 0x00, 0x3C, 0x00, 0x0B, 0x40, 0x00, 0xE0, 0x00, 0x3C, 0x00, 0x0B, 0x00, 0x01, 0xD0,
    0x00, 0x38, 0x00, 0x0F, 0x00, 0x02, 0xC0, 0x00, 0x74, 0x00, 0x0E, 0x00, 0x03, 0xC0, 0x00, 0xB0,
    0x00, 0x1D, 0x00, 0x03, 0x80, 0x00, 0xF0, 0x00, 0x2C, 0x00, 0x03, 0x40, 0x00, 0xF0, 0x00, 0x2C,
    0x00, 0x07, 0x40, 0x00, 0xE0, 0x00, 0x28, 0x10, 0x00, 0x3F, 0xFC, 0x01, 0xBC, 0x00, 0x3C, 0x00,
    0x3C, 0x00, 0x3C, 0x00, 0x3C, 0x00, 0x3C, 0x00, 0x3C, 0x00, 0x3C, 0x00, 0x3C, 0x00, 0x3C, 0x00,
    0x38, 0x00, 0x38, 0x00, 0x38, 0x00, 0x3C, 0x00, 0x3C, 0x00, 0x3C, 0x00, 0x3C, 0x00, 0x3C, 0x00,
    0x3C, 0x00, 0x3C, 0x00, 0x3C, 0x00, 0x3C, 0x00, 0x7C, 0x3F, 0xFC, 0x25, 0x50, 0x00, 0x00, 0x00,
    0x00, 0x00, 0xF4, 0x00, 0x00, 0x0F, 0xC0, 0x00, 0x02, 0xFD, 0x00, 0x00, 0x38, 0xE0, 0x00, 0x07,
    0x4F, 0x00, 0x00, 0xF0, 0x78, 0x00, 0x1E, 0x03, 0xC0, 0x02, 0xC0, 0x2D, 0x00, 0x3C, 0x00, 0xF0,
    0x0B, 0x40, 0x0B, 0x40, 0xF0, 0x00, 0x7C, 0x1E, 0x00, 0x03, 0xD3, 0xD0, 0x00, 0x1E, 0x3C, 0x00,
    0x00, 0xD0, 0x00, 0x00, 0x00, 0x00, 0x00, 0x00, 0x01, 0x0F, 0xFF, 0xFF, 0xFF, 0xD3, 0xFF, 0xFF,
    0xEA, 0xA0, 0x20, 0x01, 0xF0, 0x03, 0xF0, 0x02, 0xF0, 0x02, 0xE0, 0x01, 0xE0, 0x00, 0x40, 0x00,
    0x15, 0x00, 0x00, 0x07, 0xFF, 0x80, 0x01, 0xFF, 0xFF, 0x40, 0x0F, 0x00, 0xBF, 0x00, 0x00, 0x00,
    0xFC, 0x00, 0x00, 0x02, 0xF0, 0x00, 0x00, 0x0B, 0xC0, 0x00, 0x00, 0x2F, 0x00, 0x00, 0x1B, 0xFC,
    0x00, 0x2F, 0xE6, 0xE0, 0x03, 0xE0, 0x0B, 0x80, 0x2F, 0x00, 0x2E, 0x00, 0xBC, 0x00, 0xF4, 0x01,
    0xF8, 0x1F, 0xF0, 0x83, 0xFF, 0xD7, 0xFE, 0x03, 0xFD, 0x0F, 0xF0, 0x00, 0x00, 0x05, 0x00, 0x00,
    0x60, 0x00, 0x00, 0x3F, 0xF0, 0x00, 0x00, 0x1F, 0xE0, 0x00, 0x00, 0x07, 0xE0, 0x00, 0x00, 0x03,
    0xE0, 0x00, 0x00, 0x03, 0xE0, 0x00, 0x00, 0x03, 0xD0, 0x00, 0x00, 0x03, 0xD0, 0x00, 0x00, 0x03,
    0xD0, 0x00, 0x00, 0x03, 0xD0, 0x14, 0x00, 0x03, 0xD2, 0xFF, 0x80, 0x03, 0xEF, 0xFF, 0xF0, 0x03,
    0xF8, 0x07, 0xF8, 0x03, 0xD0, 0x00, 0xFC, 0x03, 0xC0, 0x00, 0xBD, 0x03, 0xC0, 0x00, 0x3E, 0x03,
    0xC0, 0x00, 0x3E, 0x03, 0xC0, 0x00, 0x3E, 0x03, 0xC0, 0x00, 0x3E, 0x03, 0xC0, 0x00, 0x3D, 0x03,
    0xC0, 0x00, 0x7C, 0x03, 0xC0, 0x00, 0xB4, 0x03, 0xC0, 0x02, 0xE0, 0x03, 0xFA, 0x6F, 0x80, 0x03,
    0xFF, 0xFD, 0x00, 0x00, 0x15, 0x40, 0x00, 0x00, 0x05, 0x50, 0x00, 0xBF, 0xFF, 0x03, 0xE5, 0xBE,
    0x0F, 0x40, 0x2D, 0x2E, 0x00, 0x1D, 0x3C, 0x00, 0x0C, 0x7C, 0x00, 0x00, 0xBC, 0x00, 0x00, 0xFC,
    0x00, 0x00, 0xFC, 0x00, 0x00, 0xBC, 0x00, 0x00, 0x7E, 0x00, 0x00, 0x3F, 0x00, 0x00, 0x2F, 0xD0,
    0x09, 0x0B, 0xFF, 0xFD, 0x01, 0xFF, 0xE0, 0x00, 0x05, 0x00, 0x00, 0x00, 0x00, 0x60, 0x00, 0x00,
    0x0F, 0xFC, 0x00, 0x00, 0x01, 0xFE, 0x00, 0x00, 0x00, 0x1F, 0x80, 0x00, 0x00, 0x03, 0xE0, 0x00,
    0x00, 0x00, 0xF4, 0x00, 0x00, 0x00, 0x3D, 0x00, 0x00, 0x00, 0x0F, 0x40, 0x00, 0x00, 0x03, 0xD0,
    0x00, 0x00, 0x55, 0xF4, 0x00, 0x07, 0xFF, 0xFD, 0x00, 0x0B, 0xE6, 0xBF, 0x00, 0x0B, 0x80, 0x07,
    0xC0, 0x07, 0x80, 0x00, 0xF0, 0x03, 0xC0, 0x00, 0x3C, 0x01, 0xF0, 0x00, 0x0F, 0x00, 0xBC, 0x00,
    0x03, 0xC0, 0x3F, 0x00, 0x00, 0xF0, 0x0F, 0xC0, 0x00, 0x3C, 0x02, 0xF0, 0x00, 0x0F, 0x00, 0x7E,
    0x00, 0x03, 0xC0, 0x0F, 0xC0, 0x01, 0xF0, 0x02, 0xFD, 0x02, 0xFD, 0x04, 0x3F, 0xFF, 0xCF, 0xFD,
    0x02, 0xFF, 0x41, 0xFD, 0x00, 0x01, 0x00, 0x04, 0x00, 0x00, 0x05, 0x40, 0x00, 0x2F, 0xFF, 0x00,
    0x3E, 0x5B, 0xF0, 0x3C, 0x00, 0xBD, 0x2D, 0x00, 0x1F, 0x4F, 0x00, 0x0B, 0xE7, 0xFF, 0xFF, 0xF6,
    0xF5, 0x55, 0x54, 0xF8, 0x00, 0x00, 0x2F, 0x00, 0x00, 0x0B, 0xC0, 0x00, 0x01, 0xF4, 0x00, 0x00,
    0x3F, 0x00, 0x00, 0x0B, 0xF4, 0x01, 0xC0, 0xBF, 0xFF, 0xE0, 0x07, 0xFF, 0x80, 0x00, 0x05, 0x00,
    0x00, 0x00, 0x00, 0xAA, 0x90, 0x00, 0x2F, 0xFF, 0xC0, 0x03, 0xE5, 0x7D, 0x00, 0x3D, 0x00, 0x10,
    0x01, 0xE0, 0x00, 0x00, 0x0B, 0x40, 0x00, 0x00, 0x3C, 0x00, 0x00, 0x00, 0xF0, 0x00, 0x00, 0x07,
    0xC0, 0x00, 0x00, 0x1F, 0x00, 0x00, 0x07, 0xFF, 0xFE, 0x00, 0x1B, 0xFA, 0xB4, 0x00, 0x07, 0xC0,
    0x00, 0x00, 0x1F, 0x00, 0x00, 0x00, 0x7C, 0x00, 0x00, 0x01, 0xF0, 0x00, 0x00, 0x07, 0xC0, 0x00,
    0x00, 0x1F, 0x00, 0x00, 0x00, 0x7C, 0x00, 0x00, 0x01, 0xF0, 0x00, 0x00, 0x07, 0xC0, 0x00, 0x00,
    0x1F, 0x00, 0x00, 0x00, 0xBC, 0x00, 0x00, 0x07, 0xFD, 0x50, 0x00, 0x7F, 0xFF, 0x40, 0x00, 0x00,
    0x00, 0x00, 0x00, 0x00, 0x00, 0x00, 0x00, 0x00, 0x05, 0x41, 0x6C, 0x00, 0xFF, 0xFF, 0xFC, 0x07,
    0xE5, 0xBF, 0x00, 0x0F, 0x40, 0x1F, 0x80, 0x2F, 0x00, 0x0F, 0xC0, 0x3E, 0x00, 0x07, 0xC0, 0x3E,
    0x00, 0x07, 0xC0, 0x3F, 0x00, 0x07, 0xC0, 0x2F, 0x00, 0x0F, 0x40, 0x0F, 0xD0, 0x2E, 0x00, 0x03,
    0xFF, 0xF4, 0x00, 0x07, 0xAA, 0x40, 0x00, 0x2D, 0x00, 0x00, 0x00, 0x3E, 0x00, 0x00, 0x00, 0x3F,
    0xE9, 0x40, 0x00, 0x0F, 0xFF, 0xFE, 0x40, 0x00, 0xFF, 0xFF, 0xE0, 0x02, 0xC0, 0x1B, 0xF0, 0x0F,
    0x00, 0x00, 0xF4, 0x3F, 0x00, 0x00, 0xF0, 0x3F, 0x00, 0x01, 0xE0, 0x2F, 0x40, 0x07, 0x80, 0x0F,
    0xFA, 0xBD, 0x00, 0x02, 0xFF, 0x90, 0x00, 0x00, 0x00, 0x00, 0x00, 0x00, 0x60, 0x00, 0x00, 0x0F,
    0xFC, 0x00, 0x00, 0x01, 0xFF, 0x00, 0x00, 0x00, 0x0F, 0x80, 0x00, 0x00, 0x03, 0xE0, 0x00, 0x00,
    0x00, 0xF8, 0x00, 0x00, 0x00, 0x3E, 0x00, 0x00, 0x00, 0x0F, 0x40, 0x00, 0x00, 0x03, 0xD0, 0x00,
    0x00, 0x00, 0xF4, 0x05, 0x40, 0x00, 0x3D, 0x1F, 0xFD, 0x00, 0x0F, 0x6F, 0xFF, 0xD0, 0x03, 0xFD,
    0x02, 0xF8, 0x00, 0xF8, 0x00, 0x3F, 0x00, 0x3C, 0x00, 0x0F, 0xC0, 0x0F, 0x00, 0x02, 0xF0, 0x03,
    0xC0, 0x00, 0xF8, 0x00, 0xF0, 0x00, 0x3E, 0x00, 0x3C, 0x00, 0x0F, 0x80, 0x0F, 0x00, 0x03, 0xD0,
    0x03, 0xC0, 0x00, 0xF4, 0x00, 0xF0, 0x00, 0x3D, 0x00, 0x3C, 0x00, 0x0F, 0x40, 0x7F, 0xD4, 0x0B,
    0xF5, 0x3F, 0xFD, 0x0F, 0xFF, 0x80, 0x00, 0x01, 0x00, 0x00, 0x00, 0x00, 0x0B, 0xC0, 0x0F, 0xD0,
    0x0F, 0xC0, 0x06, 0x00, 0x00, 0x00, 0x00, 0x00, 0x00, 0x00, 0x00, 0x40, 0x6F, 0xD0, 0x6F, 0xC0,
    0x0B, 0xC0, 0x0B, 0xC0, 0x0B, 0xC0, 0x0B, 0xC0, 0x0B, 0xC0, 0x0B, 0xC0, 0x0B, 0xC0, 0x0B, 0xC0,
    0x0B, 0xC0, 0x0B, 0x80, 0x0B, 0xC0, 0x1F, 0xE4, 0x7F, 0xFC, 0x00, 0x00, 0x01, 0x90, 0x7F, 0x0B,
    0xF0, 0x3D, 0x00, 0x00, 0x00, 0x00, 0x00, 0x00, 0x00, 0x12, 0xFF, 0x2F, 0xE0, 0x3E, 0x03, 0xE0,
    0x3D, 0x03, 0xD0, 0x3D, 0x03, 0xD0, 0x3D, 0x03, 0xD0, 0x3D, 0x03, 0xD0, 0x3D, 0x03, 0xD0, 0x3D,
    0x03, 0xD0, 0x3D, 0x03, 0xC0, 0x7C, 0x0B, 0x40, 0xE0, 0x3C, 0x06, 0x00, 0x00, 0x00, 0x00, 0x60,
    0x00, 0x00, 0x0F, 0xFC, 0x00, 0x00, 0x01, 0xBF, 0x00, 0x00, 0x00, 0x0F, 0x80, 0x00, 0x00, 0x03,
    0xE0, 0x00, 0x00, 0x00, 0xF8, 0x00, 0x00, 0x00, 0x3E, 0x00, 0x00, 0x00, 0x0F, 0x40, 0x00, 0x00,
    0x03, 0xD0, 0x00, 0x00, 0x00, 0xF4, 0x00, 0x00, 0x00, 0x3D, 0x03, 0xFF, 0xE0, 0x0F, 0x40, 0x1F,
    0xD0, 0x03, 0xD0, 0x0B, 0x80, 0x00, 0xF4, 0x0B, 0x80, 0x00, 0x3C, 0x0B, 0x80, 0x00, 0x0F, 0x0B,
    0x80, 0x00, 0x03, 0xCB, 0x80, 0x00, 0x00, 0xF3, 0xF0, 0x00, 0x00, 0x3C, 0x3F, 0x00, 0x00, 0x0F,
    0x07, 0xE0, 0x00, 0x03, 0xC0, 0xBE, 0x00, 0x00, 0xF0, 0x0F, 0xD0, 0x00, 0x3C, 0x00, 0xFD, 0x00,
    0x3F, 0xD4, 0x1F, 0xE4, 0x3F, 0xFD, 0x02, 0xFF, 0x00, 0x00, 0x00, 0x05, 0x00, 0x00, 0x60, 0x3F,
    0xF0, 0x1B, 0xF0, 0x03, 0xE0, 0x03, 0xE0, 0x03, 0xE0, 0x03, 0xE0, 0x03, 0xD0, 0x03, 0xD0, 0x03,
    0xD0, 0x03, 0xD0, 0x03, 0xD0, 0x03, 0xD0, 0x03, 0xD0, 0x03, 0xC0, 0x03, 0xC0, 0x03, 0xC0, 0x03,
    0xC0, 0x03, 0xC0, 0x03, 0xC0, 0x03, 0xC0, 0x03, 0xC0, 0x03, 0xD0, 0x0F, 0xF4, 0x3F, 0xFD, 0x10,
    0x00, 0x00, 0x40, 0x14, 0x00, 0x05, 0x40, 0x06, 0xFC, 0x2F, 0xFC, 0x07, 0xFF, 0x40, 0x7F, 0xDF,
    0xFF, 0xF3, 0xFF, 0xFC, 0x00, 0xFF, 0x80, 0x3F, 0xE0, 0x0F, 0xE0, 0x0B, 0xC0, 0x02, 0xF4, 0x00,
    0x3E, 0x00, 0xBC, 0x00, 0x1F, 0x40, 0x03, 0xE0, 0x0B, 0xC0, 0x00, 0xF0, 0x00, 0x3E, 0x00, 0xBC,
    0x00, 0x0F, 0x00, 0x03, 0xE0, 0x0B, 0xC0, 0x00, 0xF0, 0x00, 0x3D, 0x00, 0xBC, 0x00, 0x0F, 0x00,
    0x03, 0xD0, 0x0B, 0x80, 0x01, 0xF0, 0x00, 0x3D, 0x00, 0xB8, 0x00, 0x1F, 0x00, 0x03, 0xD0, 0x0B,
    0x80, 0x01, 0xF0, 0x00, 0x3D, 0x00, 0xB8, 0x00, 0x1F, 0x00, 0x03, 0xD0, 0x2F, 0xE4, 0x03, 0xF9,
    0x00, 0xBF, 0x57, 0xFF, 0xC0, 0xFF, 0xF0, 0x3F, 0xFE, 0x00, 0x00, 0x04, 0x00, 0x00, 0x00, 0x00,
    0x00, 0x40, 0x14, 0x00, 0x1B, 0xF0, 0x7F, 0xF0, 0x07, 0xFD, 0xFF, 0xFF, 0x00, 0x3F, 0xE0, 0x0F,
    0xD0, 0x0B, 0xC0, 0x01, 0xF4, 0x02, 0xF0, 0x00, 0x3D, 0x00, 0xBC, 0x00, 0x0F, 0x40, 0x2F, 0x00,
    0x03, 0xD0, 0x0B, 0xC0, 0x00, 0xF4, 0x02, 0xF0, 0x00, 0x3C, 0x00, 0xBC, 0x00, 0x0F, 0x00, 0x2F,
    0x00, 0x03, 0xC0, 0x0B, 0x80, 0x00, 0xF0, 0x02, 0xF0, 0x00, 0x7C, 0x01, 0xFE, 0x40, 0x3F, 0x91,
    0xFF, 0xF0, 0x3F, 0xFD, 0x00, 0x00, 0x04, 0x00, 0x00, 0x00, 0x05, 0x40, 0x00, 0x02, 0xFF, 0xF4,
    0x00, 0x3E, 0x5B, 0xF4, 0x03, 0xD0, 0x07, 0xF0, 0x2E, 0x00, 0x0B, 0xE0, 0xF0, 0x00, 0x0F, 0xC7,
    0xC0, 0x00, 0x2F, 0x2F, 0x00, 0x00, 0x7D, 0xFC, 0x00, 0x01, 0xF7, 0xF0, 0x00, 0x07, 0xDB, 0xC0,
    0x00, 0x1F, 0x1F, 0x40, 0x00, 0xB8, 0x3F, 0x00, 0x03, 0xC0, 0xBE, 0x00, 0x2D, 0x00, 0xFF, 0x57,
    0xE0, 0x00, 0xBF, 0xFD, 0x00, 0x00, 0x15, 0x00, 0x00, 0x00, 0x40, 0x10, 0x00, 0x6F, 0xC2, 0xFF,
    0x40, 0x7F, 0xDF, 0xFF, 0xD0, 0x0F, 0xF8, 0x0B, 0xF4, 0x0B, 0xC0, 0x02, 0xFC, 0x0B, 0xC0, 0x00,
    0xFC, 0x0B, 0xC0, 0x00, 0xBD, 0x0B, 0xC0, 0x00, 0x7D, 0x0B, 0xC0, 0x00, 0x3D, 0x0B, 0xC0, 0x00,
    0x3C, 0x0B, 0x80, 0x00, 0x7C, 0x0B, 0x80, 0x00, 0xB8, 0x0B, 0x80, 0x00, 0xF0, 0x0B, 0x80, 0x03,
    0xC0, 0x0B, 0xF9, 0x6F, 0x00, 0x0B, 0xFF, 0xF8, 0x00, 0x0B, 0xD5, 0x40, 0x00, 0x0B, 0x80, 0x00,
    0x00, 0x0B, 0x80, 0x00, 0x00, 0x0B, 0x80, 0x00, 0x00, 0x0B, 0xC0, 0x00, 0x00, 0x0F, 0xC0, 0x00,
    0x00, 0x2F, 0xF9, 0x00, 0x00, 0x7A, 0xA8, 0x00, 0x00, 0x00, 0x01, 0x54, 0x90, 0x00, 0x7F, 0xFF,
    0xD0, 0x02, 0xF9, 0xAF, 0xD0, 0x0B, 0x80, 0x07, 0xD0, 0x1E, 0x00, 0x03, 0xD0, 0x3C, 0x00, 0x03,
    0xC0, 0x7C, 0x00, 0x03, 0xC0, 0xBC, 0x00, 0x03, 0xC0, 0xFC, 0x00, 0x03, 0xC0, 0xFC, 0x00, 0x03,
    0xC0, 0xBC, 0x00, 0x03, 0xC0, 0x7E, 0x00, 0x03, 0xC0, 0x3F, 0x00, 0x07, 0xC0, 0x2F, 0xD0, 0x2F,
    0xC0, 0x0F, 0xFF, 0xF7, 0xC0, 0x02, 0xFF, 0x83, 0xC0, 0x00, 0x14, 0x07, 0xC0, 0x00, 0x00, 0x07,
    0xC0, 0x00, 0x00, 0x07, 0xC0, 0x00, 0x00, 0x07, 0xC0, 0x00, 0x00, 0x07, 0xC0, 0x00, 0x00, 0x07,
    0xC0, 0x00, 0x00, 0x6F, 0xF8, 0x00, 0x00, 0xAA, 0xA8, 0x00, 0x40, 0x04, 0xBF, 0x07, 0xF6, 0xFC,
    0x7F, 0xC2, 0xF7, 0xAE, 0x07, 0xF4, 0x38, 0x1F, 0x40, 0x90, 0x7C, 0x00, 0x01, 0xF0, 0x00, 0x07,
    0xC0, 0x00, 0x1F, 0x00, 0x00, 0x7C, 0x00, 0x01, 0xF0, 0x00, 0x07, 0xC0, 0x00, 0x2F, 0x00, 0x01,
    0xFE, 0x50, 0x0F, 0xFF, 0xC0, 0x00, 0x00, 0x00, 0x00, 0x15, 0x40, 0x0B, 0xFF, 0xD0, 0xF4, 0x1F,
    0x0B, 0x40, 0x2C, 0x3D, 0x00, 0x70, 0xFC, 0x00, 0x43, 0xFD, 0x00, 0x03, 0xFF, 0x40, 0x03, 0xFF,
    0x80, 0x01, 0xFF, 0xC0, 0x00, 0xBF, 0x8C, 0x00, 0x7E, 0x34, 0x00, 0xB8, 0xE0, 0x03, 0xC3, 0xE4,
    0x6D, 0x0F, 0xFF, 0xD0, 0x01, 0x50, 0x00, 0x00, 0x50, 0x00, 0x07, 0x80, 0x00, 0xBD, 0x00, 0x0F,
    0xFF, 0xFD, 0x2F, 0xFA, 0xF0, 0x1F, 0x00, 0x00, 0x7C, 0x00, 0x01, 0xF0, 0x00, 0x07, 0xC0, 0x00,
    0x1F, 0x00, 0x00, 0x7C, 0x00, 0x01, 0xF0, 0x00, 0x07, 0xC0, 0x00, 0x1F, 0x00, 0x00, 0x7C, 0x00,
    0x00, 0xF8, 0x04, 0x03, 0xFF, 0xF0, 0x07, 0xFE, 0x00, 0x01, 0x40, 0x00, 0x00, 0x10, 0x00, 0x04,
    0x02, 0xBF, 0x01, 0xBF, 0x80, 0x2F, 0xE0, 0x1B, 0xF8, 0x00, 0x3E, 0x00, 0x1F, 0x40, 0x03, 0xD0,
    0x00, 0xF4, 0x00, 0x3D, 0x00, 0x0F, 0x40, 0x03, 0xD0, 0x00, 0xF4, 0x00, 0x3D, 0x00, 0x0F, 0x00,
    0x03, 0xC0, 0x00, 0xF0, 0x00, 0x3C, 0x00, 0x0F, 0x00, 0x03, 0xC0, 0x00, 0xF0, 0x00, 0x3C, 0x00,
    0x0F, 0x00, 0x03, 0xD0, 0x02, 0xF0, 0x00, 0x3F, 0x41, 0xFF, 0x42, 0x02, 0xFF, 0xF8, 0xBF, 0xD0,
    0x0B, 0xFD, 0x03, 0xF4, 0x00, 0x05, 0x00, 0x04, 0x00, 0x00, 0x00, 0x00, 0x00, 0x0F, 0xFF, 0x87,
    0xFF, 0xC1, 0xFE, 0x00, 0x0F, 0xC0, 0x0F, 0x80, 0x02, 0xC0, 0x03, 0xF0, 0x00, 0xF0, 0x00, 0x7C,
    0x00, 0x74, 0x00, 0x0F, 0x40, 0x3C, 0x00, 0x03, 0xE0, 0x0E, 0x00, 0x00, 0x7C, 0x0B, 0x00, 0x00,
    0x0F, 0x43, 0x80, 0x00, 0x03, 0xE1, 0xC0, 0x00, 0x00, 0xBC, 0xF0, 0x00, 0x00, 0x0F, 0x74, 0x00,
    0x00, 0x03, 0xFC, 0x00, 0x00, 0x00, 0xBE, 0x00, 0x00, 0x00, 0x1F, 0x00, 0x00, 0x00, 0x01, 0x00,
    0x00, 0x00, 0x00, 0x00, 0x00, 0x00, 0x00, 0x00, 0x0F, 0xFF, 0x87, 0xFF, 0xD2, 0xFF, 0xD0, 0xFE,
    0x00, 0x7F, 0x40, 0x07, 0xE0, 0x0F, 0x80, 0x07, 0xD0, 0x00, 0xF0, 0x02, 0xF0, 0x00, 0xF8, 0x00,
    0x74, 0x00, 0x7C, 0x00, 0x7F, 0x00, 0x3C, 0x00, 0x0F, 0x40, 0x3F, 0xC0, 0x0D, 0x00, 0x02, 0xE0,
    0x0D, 0xF4, 0x0B, 0x00, 0x00, 0x7C, 0x0B, 0x2E, 0x03, 0x80, 0x00, 0x0F, 0x43, 0x47, 0xC1, 0xC0,
    0x00, 0x03, 0xE1, 0xC0, 0xF4, 0xF0, 0x00, 0x00, 0x7C, 0xE0, 0x3E, 0x34, 0x00, 0x00, 0x0F, 0x74,
    0x07, 0xEC, 0x00, 0x00, 0x03, 0xFC, 0x00, 0xFE, 0x00, 0x00, 0x00, 0xBD, 0x00, 0x3F, 0x00, 0x00,
    0x00, 0x1F, 0x00, 0x0B, 0xC0, 0x00, 0x00, 0x01, 0x00, 0x00, 0x40, 0x00, 0x00, 0x00, 0x00, 0x00,
    0x00, 0xBF, 0xFC, 0x0F, 0xFC, 0x2F, 0xE0, 0x03, 0xF0, 0x07, 0xF0, 0x03, 0xC0, 0x01, 0xF8, 0x0F,
    0x00, 0x00, 0xBD, 0x2C, 0x00, 0x00, 0x3F, 0xB0, 0x00, 0x00, 0x1F, 0xD0, 0x00, 0x00, 0x0B, 0xD0,
    0x00, 0x00, 0x1F, 0xF0, 0x00, 0x00, 0x38, 0xFC, 0x00, 0x00, 0xE0, 0x7E, 0x00, 0x03, 0xC0, 0x3F,
    0x00, 0x0B, 0x00, 0x0F, 0xC0, 0x3F, 0x00, 0x0F, 0xF4, 0xBF, 0xD0, 0x7F, 0xFD, 0x00, 0x00, 0x00,
    0x00, 0x00, 0x00, 0x00, 0x00, 0x0F, 0xFF, 0x87, 0xFF, 0xC1, 0xFF, 0x00, 0x0B, 0xC0, 0x0F, 0x80,
    0x02, 0xC0, 0x02, 0xF0, 0x00, 0xF0, 0x00, 0x7D, 0x00, 0x74, 0x00, 0x0F, 0x80, 0x2C, 0x00, 0x02,
    0xF0, 0x0E, 0x00, 0x00, 0x7C, 0x0B, 0x00, 0x00, 0x0F, 0x43, 0x80, 0x00, 0x02, 0xF1, 0xD0, 0x00,
    0x00, 0x7C, 0xB0, 0x00, 0x00, 0x0F, 0xB4, 0x00, 0x00, 0x02, 0xFC, 0x00, 0x00, 0x00, 0x7E, 0x00,
    0x00, 0x00, 0x0F, 0x00, 0x00, 0x00, 0x03, 0xC0, 0x00, 0x00, 0x02, 0xD0, 0x00, 0x00, 0x00, 0xF0,
    0x00, 0x00, 0x00, 0xF4, 0x00, 0x00, 0x00, 0xBC, 0x00, 0x00, 0x01, 0xFD, 0x00, 0x00, 0x03, 0xFE,
    0x00, 0x00, 0x00, 0x7D, 0x00, 0x00, 0x00, 0x00, 0x00, 0x00, 0x00, 0x00, 0x15, 0x00, 0x00, 0x0F,
    0xFF, 0xFF, 0xE3, 0xF9, 0x57, 0xF4, 0xE0, 0x02, 0xF8, 0x30, 0x01, 0xF8, 0x04, 0x00, 0xFC, 0x00,
    0x00, 0xBD, 0x00, 0x00, 0x7E, 0x00, 0x00, 0x3F, 0x00, 0x00, 0x3F, 0x00, 0x00, 0x2F, 0x40, 0x14,
    0x0F, 0x80, 0x0E, 0x0F, 0xC0, 0x03, 0x4B, 0xC0, 0x02, 0xD7, 0xE1, 0x5B, 0xF2, 0xFF, 0xFF, 0xFC,
    0x00, 0x00, 0x00, 0x00, 0x00, 0x2A, 0x40, 0x7E, 0x90, 0x3C, 0x00, 0x2F, 0x00, 0x0B, 0xC0, 0x01,
    0xF0, 0x00, 0x3C, 0x00, 0x0F, 0x40, 0x02, 0xE0, 0x00, 0x78, 0x00, 0x1E, 0x00, 0x0B, 0x40, 0x0F,
    0x40, 0x1F, 0x80, 0x00, 0xBC, 0x00, 0x0B, 0x40, 0x01, 0xE0, 0x00, 0x78, 0x00, 0x2D, 0x00, 0x0F,
    0x40, 0x03, 0xC0, 0x01, 0xF0, 0x00, 0xBC, 0x00, 0x1F, 0x00, 0x03, 0xD0, 0x00, 0x7F, 0xD0, 0x01,
    0x50, 0xB7, 0xDF, 0x7D, 0xF7, 0xDF, 0x7D, 0xF7, 0xDF, 0x7D, 0xF7, 0xDF, 0x7D, 0xF7, 0xDF, 0x7D,
    0xF7, 0xDF, 0x7D, 0xF7, 0xDF, 0x7D, 0xF7, 0xDF, 0x7D, 0xF7, 0xDF, 0x7C, 0x1A, 0x40, 0x0A, 0xF8,
    0x00, 0x0F, 0x40, 0x02, 0xF0, 0x00, 0xBC, 0x00, 0x2E, 0x00, 0x0F, 0x40, 0x03, 0xC0, 0x00, 0xF0,
    0x00, 0x78, 0x00, 0x1E, 0x00, 0x03, 0xC0, 0x00, 0x7D, 0x00, 0x07, 0xE0, 0x07, 0xC0, 0x03, 0xC0,
    0x01, 0xE0, 0x00, 0x78, 0x00, 0x0F, 0x00, 0x03, 0xD0, 0x00, 0xF8, 0x00, 0x2F, 0x00, 0x0B, 0xC0,
    0x02, 0xF0, 0x00, 0xF4, 0x0F, 0xF8, 0x01, 0x50, 0x00, 0x00, 0x00, 0x00, 0x00, 0x0A, 0x40, 0x00,
    0xD0, 0xFF, 0xFE, 0x5F, 0x0F, 0x6B, 0xFF, 0xF0, 0x70, 0x00, 0x6F, 0x00, 0x00, 0x00, 0x00, 0x00,
    0x01, 0x00, 0xFC, 0x1F, 0xD1, 0xFC, 0x05, 0x00, 0x00, 0x00, 0x00, 0x00, 0x07, 0x00, 0xB0, 0x0B,
    0x00, 0xB0, 0x0F, 0x00, 0xF0, 0x0F, 0x00, 0xF0, 0x1F, 0x01, 0xF0, 0x1F, 0x02, 0xF0, 0x2F, 0x03,
    0xF0, 0x3F, 0x03, 0xE0, 0x00, 0x00, 0x00, 0x01, 0x40, 0x00, 0x02, 0x40, 0x00, 0x02, 0x40, 0x00,
    0x03, 0x40, 0x00, 0x03, 0x00, 0x00, 0x03, 0x00, 0x00, 0x07, 0x50, 0x00, 0xBF, 0xFF, 0x03, 0xEB,
    0xBE, 0x0F, 0x46, 0x2D, 0x2E, 0x06, 0x1D, 0x3C, 0x0A, 0x0C, 0x7C, 0x09, 0x00, 0xBC, 0x09, 0x00,
    0xBC, 0x0C, 0x00, 0xFC, 0x0C, 0x00, 0xBC, 0x0C, 0x00, 0x7E, 0x0C, 0x00, 0x3F, 0x0C, 0x00, 0x2F,
    0xEC, 0x09, 0x0B, 0xFF, 0xFD, 0x01, 0xFF, 0xE0, 0x00, 0x29, 0x00, 0x00, 0x24, 0x00, 0x00, 0x34,
    0x00, 0x00, 0x30, 0x00, 0x00, 0x30, 0x00, 0x00, 0x00, 0x00, 0x00, 0x01, 0xBF, 0x90, 0x00, 0x2F,
    0xFF, 0x80, 0x02, 0xD0, 0x6D, 0x00, 0x0E, 0x00, 0x00, 0x00, 0xB0, 0x00, 0x00, 0x03, 0xC0, 0x00,
    0x00, 0x0F, 0x00, 0x00, 0x00, 0x3C, 0x00, 0x00, 0x02, 0xF0, 0x54, 0x00, 0x7F, 0xFF, 0xF0, 0x00,
    0x7F, 0x55, 0x80, 0x00, 0x7C, 0x00, 0x00, 0x01, 0xE0, 0x00, 0x00, 0x07, 0x80, 0x00, 0x00, 0x1D,
    0x00, 0x00, 0x00, 0xF0, 0x00, 0x05, 0x07, 0x40, 0x00, 0x28, 0x7F, 0xFA, 0x56, 0xE7, 0xFF, 0xFF,
    0xFF, 0x58, 0x01, 0xAF, 0xFC, 0x00, 0x00, 0x01, 0x40, 0x00, 0x00, 0x00, 0x03, 0x80, 0x00, 0x3C,
    0x3E, 0x2F, 0x8F, 0x80, 0xFF, 0xFF, 0xE0, 0x07, 0xC0, 0x3C, 0x00, 0xB0, 0x01, 0xD0, 0x0E, 0x00,
    0x0E, 0x00, 0xE0, 0x00, 0xE0, 0x0B, 0x00, 0x0D, 0x00, 0x78, 0x03, 0xC0, 0x0F, 0xFF, 0xFF, 0x03,
    0xE2, 0xF8, 0xBC, 0x38, 0x00, 0x02, 0xC0, 0x00, 0x00, 0x00, 0x3E, 0xFF, 0x03, 0xFB, 0xC7, 0xFF,
    0xE0, 0x2F, 0xF8, 0x03, 0xF0, 0x00, 0x7C, 0x00, 0x1F, 0x40, 0x0F, 0x00, 0x00, 0xBC, 0x01, 0xD0,
    0x00, 0x03, 0xD0, 0x3C, 0x00, 0x05, 0x7F, 0x0B, 0xAA, 0x01, 0xAA, 0xF4, 0xFA, 0xA0, 0x00, 0x0B,
    0xFC, 0x00, 0x00, 0x00, 0x3F, 0x40, 0x00, 0x00, 0x02, 0xF0, 0x00, 0x01, 0xFF, 0xFF, 0xFF, 0xF0,
    0x00, 0x01, 0xF0, 0x00, 0x00, 0x00, 0x1F, 0x00, 0x00, 0x00, 0x02, 0xF0, 0x00, 0x00, 0x00, 0x7F,
    0x90, 0x00, 0x00, 0x2F, 0xFF, 0x40, 0x00, 0x00, 0x00, 0x00, 0x00, 0xB7, 0xDF, 0x7D, 0xF7, 0xDF,
    0x7D, 0xF7, 0xDF, 0x7D, 0xF7, 0xDA, 0x00, 0x00, 0x00, 0x00, 0x02, 0xDF, 0x7D, 0xF7, 0xDF, 0x7D,
    0xF7, 0xDF, 0x7D, 0xF7, 0xDF, 0x7C, 0x00, 0x01, 0xA4, 0x00, 0x00, 0x3F, 0xFC, 0x00, 0x03, 0x82,
    0xF0, 0x00, 0x2C, 0x02, 0xC0, 0x00, 0xF0, 0x01, 0x00, 0x0B, 0xC0, 0x00, 0x00, 0xEB, 0xC0, 0x00,
    0x0E, 0x0F, 0xC0, 0x00, 0x70, 0x1F, 0xD0, 0x02, 0xC0, 0x1F, 0xE0, 0x0F, 0x40, 0x1F, 0xF0, 0x2F,
    0x00, 0x0F, 0xF4, 0x7F, 0x00, 0x0B, 0xF0, 0xBF, 0x00, 0x0B, 0xE0, 0xFF, 0x40, 0x0B, 0xC0, 0xBF,
    0x80, 0x0F, 0x00, 0x7F, 0x80, 0x38, 0x00, 0x3F, 0x81, 0xD0, 0x00, 0x2F, 0x4E, 0x00, 0x00, 0x2F,
    0xF0, 0x08, 0x00, 0x3D, 0x00, 0x70, 0x00, 0xF0, 0x01, 0xE0, 0x03, 0x40, 0x07, 0xE0, 0x78, 0x00,
    0x0B, 0xFF, 0x80, 0x00, 0x01, 0x50, 0x00, 0x00, 0x00, 0x00, 0x1F, 0x03, 0xEB, 0xD0, 0xFC, 0xA0,
    0x28, 0x00, 0x01, 0xBF, 0x90, 0x00, 0x00, 0x0B, 0xE5, 0x6F, 0x80, 0x00, 0x0F, 0x40, 0x00, 0x7C,
    0x00, 0x0F, 0x00, 0x00, 0x03, 0xC0, 0x0F, 0x00, 0x05, 0x40, 0x3C, 0x07, 0x00, 0x3F, 0xFC, 0x03,
    0x83, 0x80, 0x7C, 0x0B, 0x00, 0xB0, 0xC0, 0x3C, 0x00, 0xC0, 0x0D, 0x70, 0x1E, 0x00, 0x00, 0x03,
    0xAC, 0x0B, 0x80, 0x00, 0x00, 0xAB, 0x02, 0xE0, 0x00, 0x00, 0x2A, 0xC0, 0xB8, 0x00, 0x00, 0x0E,
    0x70, 0x1F, 0x00, 0x34, 0x03, 0x4D, 0x03, 0xE0, 0x1C, 0x01, 0xC2, 0xC0, 0x3F, 0xAF, 0x00, 0xF0,
    0x38, 0x01, 0xA9, 0x00, 0xB0, 0x07, 0x40, 0x00, 0x00, 0x74, 0x00, 0xB8, 0x00, 0x00, 0xB8, 0x00,
    0x07, 0xD0, 0x01, 0xF4, 0x00, 0x00, 0x2F, 0xFF, 0xE0, 0x00, 0x00, 0x00, 0x15, 0x00, 0x00, 0x00,
    0x01, 0x90, 0x02, 0xFF, 0xC0, 0x74, 0xBD, 0x00, 0x03, 0xD0, 0x00, 0x2D, 0x00, 0x6F, 0xD0, 0xBD,
    0x3C, 0x0F, 0x03, 0xC0, 0xF9, 0xBE, 0x87, 0xF5, 0xF8, 0x04, 0x05, 0x00, 0x00, 0x00, 0x00, 0x00,
    0x07, 0x00, 0xA0, 0x03, 0x80, 0xB0, 0x03, 0xC0, 0xB4, 0x07, 0xC0, 0xB8, 0x07, 0xD0, 0xBC, 0x03,
    0xF0, 0xBD, 0x00, 0xBD, 0x0F, 0xC0, 0x0B, 0xC0, 0xF8, 0x00, 0x7C, 0x0F, 0x40, 0x07, 0x80, 0xF0,
    0x00, 0x70, 0x0E, 0x00, 0x04, 0x00, 0x00, 0x2A, 0xAA, 0xAA, 0xFC, 0x7F, 0xFF, 0xFF, 0xFC, 0x00,
    0x00, 0x00, 0x3C, 0x00, 0x00, 0x00, 0x3C, 0x00, 0x00, 0x00, 0x3C, 0x00, 0x00, 0x00, 0x3C, 0x00,
    0x00, 0x00, 0x3C, 0x00, 0x00, 0x00, 0x3C, 0x00, 0x00, 0x00, 0x3C, 0x05, 0x6B, 0x6F, 0xFF, 0xDF,
    0xE9, 0x40, 0x00, 0x6A, 0x40, 0x00, 0x3E, 0xAF, 0x80, 0x0E, 0x00, 0x0E, 0x03, 0x8A, 0xA0, 0x38,
    0x70, 0x72, 0xC1, 0xCD, 0x07, 0x0D, 0x0D, 0xC0, 0x76, 0xC0, 0xAC, 0x07, 0xB0, 0x0A, 0xD0, 0x73,
    0x80, 0xDB, 0x0F, 0x4E, 0x0C, 0x34, 0x40, 0x53, 0x81, 0xD0, 0x00, 0xB0, 0x07, 0xD5, 0xBC, 0x00,
    0x06, 0xF9, 0x00, 0x00, 0x00, 0x00, 0xFF, 0xFF, 0xE3, 0xFF, 0xFF, 0x40, 0x01, 0xA4, 0x00, 0xBF,
    0xF0, 0x2D, 0x03, 0x83, 0x40, 0x1C, 0x34, 0x00, 0xC3, 0x40, 0x1C, 0x2C, 0x03, 0x80, 0xFA, 0xF0,
    0x01, 0xA4, 0x00, 0x00, 0x01, 0x90, 0x00, 0x00, 0x00, 0xB4, 0x00, 0x00, 0x00, 0x2D, 0x00, 0x00,
    0x00, 0x0B, 0x40, 0x00, 0x00, 0x02, 0xD0, 0x00, 0x00, 0x00, 0xB4, 0x00, 0x00, 0x00, 0x2D, 0x00,
    0x50, 0xFF, 0xFF, 0xFF, 0xFC, 0x7F, 0xEB, 0xFA, 0xAA, 0x00, 0x00, 0xB4, 0x00, 0x00, 0x00, 0x2D,
    0x00, 0x00, 0x00, 0x0B, 0x40, 0x00, 0x00, 0x02, 0xD0, 0x00, 0x00, 0x00, 0xB4, 0x00, 0x00, 0x00,
    0x2D, 0x00, 0x00, 0x00, 0x00, 0x00, 0x00, 0x00, 0x00, 0x00, 0x00, 0x05, 0x55, 0x55, 0x5A, 0x83,
    0xFF, 0xFF, 0xFF, 0xF0, 0x55, 0x55, 0x55, 0x54, 0x00, 0x00, 0x00, 0x1F, 0xF8, 0x01, 0xFB, 0xF4,
    0x0E, 0x03, 0xE0, 0x10, 0x0F, 0x80, 0x00, 0x3D, 0x00, 0x01, 0xE0, 0x00, 0x0F, 0x00, 0x00, 0xB4,
    0x00, 0x07, 0x80, 0x40, 0x78, 0x07, 0x03, 0xD5, 0x7C, 0x3F, 0xFF, 0xE0, 0x55, 0x55, 0x40, 0x00,
    0x00, 0x2F, 0xF0, 0xBA, 0xF8, 0x00, 0x7C, 0x00, 0xB4, 0x01, 0xE0, 0x1F, 0xD0, 0x0B, 0xF8, 0x00,
    0x3D, 0x00, 0x3D, 0x00, 0x3C, 0x56, 0xF4, 0xFF, 0xC0, 0x24, 0x00, 0x00, 0x20, 0x03, 0xE0, 0x2F,
    0x42, 0xF0, 0x1E, 0x01, 0xE0, 0x01, 0x00, 0x00, 0x10, 0x00, 0x00, 0x00, 0x7D, 0x00, 0x0B, 0x40,
    0x7E, 0x00, 0x0F, 0xC0, 0x7D, 0x00, 0x0F, 0xC0, 0x7D, 0x00, 0x0F, 0x80, 0x7C, 0x00, 0x0F, 0x40,
    0x7C, 0x00, 0x0F, 0x00, 0x3C, 0x00, 0x0F, 0x00, 0x3C, 0x00, 0x1D, 0x00, 0x3C, 0x00, 0x2D, 0x00,
    0x3C, 0x00, 0x3D, 0x00, 0x3C, 0x00, 0xFD, 0x00, 0x3E, 0x02, 0xFF, 0x00, 0x3B, 0xEF, 0xDB, 0xFF,
    0x35, 0xFF, 0x87, 0xFD, 0x34, 0x7E, 0x02, 0xF8, 0x38, 0x00, 0x00, 0x10, 0x38, 0x00, 0x00, 0x00,
    0x3C, 0x00, 0x00, 0x00, 0x3C, 0x00, 0x00, 0x00, 0x7C, 0x00, 0x00, 0x00, 0x7D, 0x00, 0x00, 0x00,
    0x7E, 0x00, 0x00, 0x00, 0x7D, 0x00, 0x00, 0x00, 0x00, 0x05, 0x54, 0x15, 0x01, 0xFF, 0xFF, 0xFF,
    0x0B, 0xFF, 0x5F, 0xE0, 0x1F, 0xFC, 0x0B, 0xC0, 0x3F, 0xF8, 0x0B, 0xC0, 0x7F, 0xF4, 0x0B, 0xC0,
    0xBF, 0xF4, 0x0B, 0xC0, 0xBF, 0xF0, 0x0B, 0x80, 0x7F, 0xF4, 0x0B, 0x80, 0x7F, 0xF4, 0x0B, 0x80,
    0x3F, 0xF8, 0x0B, 0x80, 0x1F, 0xFC, 0x0B, 0x80, 0x07, 0xFD, 0x0B, 0x80, 0x01, 0xFF, 0x0B, 0x80,
    0x00, 0x1B, 0x4B, 0x80, 0x00, 0x00, 0x0B, 0x80, 0x00, 0x00, 0x0B, 0x80, 0x00, 0x00, 0x0B, 0x80,
    0x00, 0x00, 0x0B, 0x80, 0x01, 0x00, 0x0B, 0x40, 0x07, 0x00, 0x0F, 0x40, 0x0F, 0x00, 0x0F, 0x00,
    0x0F, 0x80, 0x1F, 0x00, 0x0B, 0xD0, 0x7D, 0x00, 0x03, 0xFF, 0xF4, 0x00, 0x00, 0x15, 0x40, 0x00,
    0x14, 0xBE, 0xFF, 0xBE, 0x14, 0x02, 0x40, 0x1C, 0x00, 0xB0, 0x03, 0xF0, 0x02, 0xF0, 0x02, 0xE6,
    0x03, 0x6E, 0x78, 0x2A, 0x40, 0x00, 0x00, 0x2B, 0xF0, 0x2B, 0xE0, 0x03, 0xD0, 0x03, 0xD0, 0x03,
    0xD0, 0x03, 0xD0, 0x03, 0xD0, 0x03, 0xD0, 0x03, 0xC0, 0x03, 0xC0, 0x03, 0xD0, 0x2F, 0xFD, 0x15,
    0x54, 0x00, 0x59, 0x00, 0x0F, 0xFF, 0x00, 0xF4, 0x7E, 0x0B, 0x80, 0xBC, 0x3D, 0x00, 0xF4, 0xF4,
    0x03, 0xD3, 0xD0, 0x0F, 0x0F, 0x80, 0x3C, 0x1F, 0x42, 0xD0, 0x2F, 0xFD, 0x00, 0x06, 0x40, 0x00,
    0x00, 0x00, 0x00, 0x1C, 0x03, 0x80, 0x03, 0xC0, 0x78, 0x00, 0x3C, 0x0B, 0x80, 0x0B, 0xC0, 0xF8,
    0x00, 0xFC, 0x1F, 0x80, 0x0F, 0xC2, 0xF4, 0x0B, 0xC0, 0xF8, 0x07, 0xC0, 0xF8, 0x03, 0xC0, 0xB8,
    0x03, 0xC0, 0x78, 0x01, 0xC0, 0x38, 0x00, 0x00, 0x04, 0x00, 0x00, 0x00, 0x00, 0x00, 0x00, 0x04,
    0x00, 0x01, 0x00, 0x00, 0x02, 0xD0, 0x3F, 0xF0, 0x00, 0x00, 0x3C, 0x01, 0x7D, 0x00, 0x00, 0x0F,
    0x40, 0x03, 0xD0, 0x00, 0x01, 0xE0, 0x00, 0x3D, 0x00, 0x00, 0x3C, 0x00, 0x03, 0xD0, 0x00, 0x0B,
    0x40, 0x00, 0x3D, 0x00, 0x01, 0xE0, 0x00, 0x03, 0xD0, 0x00, 0x3C, 0x00, 0x00, 0x3C, 0x00, 0x0B,
    0x40, 0x00, 0x03, 0xC0, 0x01, 0xE0, 0x05, 0x00, 0x3C, 0x00, 0x3C, 0x00, 0xF0, 0x03, 0xD0, 0x0B,
    0x40, 0x3F, 0x02, 0xFF, 0xD0, 0xE0, 0x0B, 0xF0, 0x00, 0x00, 0x3C, 0x01, 0xDF, 0x00, 0x00, 0x07,
    0x40, 0x34, 0xF0, 0x00, 0x00, 0xF0, 0x0F, 0x0F, 0x00, 0x00, 0x3C, 0x02, 0xC0, 0xF0, 0x00, 0x07,
    0x80, 0x3F, 0xFF, 0xF0, 0x00, 0xF0, 0x01, 0x5A, 0xFA, 0x00, 0x2D, 0x00, 0x00, 0x0F, 0x00, 0x07,
    0x80, 0x00, 0x00, 0xF0, 0x00, 0xF0, 0x00, 0x00, 0x0F, 0x00, 0x2D, 0x00, 0x00, 0x00, 0x00, 0x07,
    0xC0, 0x00, 0x00, 0x00, 0x00, 0x70, 0x00, 0x00, 0x00, 0x00, 0x00, 0x00, 0x00, 0x00, 0x00, 0x00,
    0x00, 0x00, 0x00, 0x00, 0x04, 0x00, 0x00, 0x10, 0x00, 0x00, 0x2D, 0x00, 0x3F, 0xF0, 0x00, 0x00,
    0x3C, 0x00, 0x17, 0xD0, 0x00, 0x00, 0xF4, 0x00, 0x03, 0xD0, 0x00, 0x01, 0xE0, 0x00, 0x03, 0xD0,
    0x00, 0x03, 0xC0, 0x00, 0x03, 0xD0, 0x00, 0x0B, 0x40, 0x00, 0x03, 0xD0, 0x00, 0x1E, 0x00, 0x00,
    0x03, 0xD0, 0x00, 0x3C, 0x00, 0x00, 0x03, 0xC0, 0x00, 0xB4, 0x00, 0x00, 0x03, 0xC0, 0x01, 0xE0,
    0x15, 0x00, 0x03, 0xC0, 0x03, 0xC2, 0xFF, 0xC0, 0x03, 0xD0, 0x0B, 0x4F, 0x9B, 0xD0, 0x2F, 0xFD,
    0x0E, 0x0C, 0x03, 0xE0, 0x00, 0x00, 0x3C, 0x00, 0x03, 0xD0, 0x00, 0x00, 0x74, 0x00, 0x07, 0xC0,
    0x00, 0x00, 0xF0, 0x00, 0x0F, 0x40, 0x00, 0x03, 0xC0, 0x00, 0x1E, 0x00, 0x00, 0x07, 0x80, 0x00,
    0x3C, 0x00, 0x00, 0x0F, 0x00, 0x00, 0xF0, 0x08, 0x00, 0x2D, 0x00, 0x02, 0xD0, 0x2C, 0x00, 0x78,
    0x00, 0x0B, 0xEA, 0xF8, 0x00, 0xF0, 0x00, 0x1F, 0xFF, 0xF4, 0x02, 0xD0, 0x00, 0x00, 0x00, 0x00,
    0x07, 0xC0, 0x00, 0x00, 0x00, 0x00, 0x07, 0x00, 0x00, 0x00, 0x00, 0x00, 0x00, 0x00, 0x00, 0x00,
    0x00, 0x00, 0x00, 0x00, 0x00, 0x00, 0x10, 0x00, 0x14, 0x00, 0x00, 0x07, 0x80, 0x3F, 0xF4, 0x00,
    0x00, 0xF0, 0x0B, 0x5F, 0xC0, 0x00, 0x2D, 0x00, 0x00, 0x7C, 0x00, 0x07, 0x80, 0x00, 0x0B, 0x40,
    0x00, 0xF0, 0x00, 0x02, 0xD0, 0x00, 0x2D, 0x00, 0x01, 0xFD, 0x00, 0x03, 0x80, 0x00, 0x06, 0xFC,
    0x00, 0xF0, 0x00, 0x00, 0x03, 0xD0, 0x2D, 0x00, 0x00, 0x00, 0x3D, 0x03, 0xC0, 0x14, 0x00, 0x07,
    0xC0, 0xF0, 0x03, 0xC0, 0xAB, 0xF0, 0x1D, 0x00, 0xFC, 0x0F, 0xF8, 0x03, 0xC0, 0x1F, 0xC0, 0x14,
    0x00, 0xB0, 0x03, 0x7C, 0x00, 0x00, 0x1E, 0x00, 0xE3, 0xC0, 0x00, 0x03, 0xC0, 0x2C, 0x3C, 0x00,
    0x00, 0xB4, 0x07, 0x43, 0xC0, 0x00, 0x1E, 0x00, 0xFF, 0xFF, 0xC0, 0x03, 0xC0, 0x05, 0x6B, 0xE8,
    0x00, 0xB4, 0x00, 0x00, 0x3C, 0x00, 0x0F, 0x00, 0x00, 0x03, 0xC0, 0x03, 0xC0, 0x00, 0x00, 0x3C,
    0x00, 0xB8, 0x00, 0x00, 0x00, 0x00, 0x0F, 0x00, 0x00, 0x00, 0x00, 0x01, 0xD0, 0x00, 0x00, 0x00,
    0x00, 0x00, 0x00, 0x00, 0x00, 0x00, 0x00, 0x00, 0x14, 0x00, 0x0B, 0xF0, 0x00, 0xFF, 0x00, 0x0B,
    0xF0, 0x00, 0x14, 0x00, 0x00, 0x00, 0x00, 0x00, 0x00, 0x00, 0x40, 0x00, 0x3E, 0x00, 0x03, 0xF0,
    0x00, 0x2F, 0x00, 0x01, 0xF0, 0x00, 0x7E, 0x00, 0x2F, 0x00, 0x0F, 0x40, 0x03, 0xC0, 0x00, 0xB8,
    0x00, 0x0F, 0x40, 0x00, 0xF4, 0x00, 0x0F, 0xC0, 0x00, 0x7F, 0x00, 0x02, 0xFF, 0x90, 0x0B, 0xFF,
    0xC0, 0x0B, 0xF0, 0x00, 0x00, 0x00, 0x00, 0x00, 0x00, 0x00, 0x00, 0x00, 0x02, 0x80, 0x00, 0x00,
    0x00, 0x00, 0xFD, 0x00, 0x00, 0x00, 0x00, 0x1B, 0xF4, 0x00, 0x00, 0x00, 0x00, 0x1B, 0xC0, 0x00,
    0x00, 0x00, 0x00, 0x10, 0x00, 0x00, 0x00, 0x00, 0x00, 0x00, 0x00, 0x00, 0x00, 0x04, 0x00, 0x00,
    0x00, 0x00, 0x1F, 0x80, 0x00, 0x00, 0x00, 0x0B, 0xF0, 0x00, 0x00, 0x00, 0x03, 0xFC, 0x00, 0x00,
    0x00, 0x02, 0xDF, 0x40, 0x00, 0x00, 0x00, 0xF3, 0xE0, 0x00, 0x00, 0x00, 0x74, 0xBC, 0x00, 0x00,
    0x00, 0x2C, 0x1F, 0x00, 0x00, 0x00, 0x0E, 0x03, 0xE0, 0x00, 0x00, 0x07, 0x40, 0xFC, 0x00, 0x00,
    0x03, 0xC0, 0x1F, 0x00, 0x00, 0x00, 0xE0, 0x03, 0xD0, 0x00, 0x00, 0xB4, 0x00, 0xF8, 0x00, 0x00,
    0x3F, 0xFF, 0xFF, 0x00, 0x00, 0x1E, 0x55, 0x57, 0xD0, 0x00, 0x0B, 0x00, 0x00, 0xF8, 0x00, 0x03,
    0xC0, 0x00, 0x2F, 0x00, 0x01, 0xE0, 0x00, 0x07, 0xD0, 0x00, 0xF0, 0x00, 0x00, 0xF8, 0x00, 0x7C,
    0x00, 0x00, 0x3F, 0x00, 0xBF, 0x95, 0x00, 0x6F, 0xF9, 0x7F, 0xFF, 0xC0, 0xFF, 0xFF, 0x80, 0x00,
    0x00, 0x10, 0x00, 0x00, 0x00, 0x00, 0x00, 0x00, 0x00, 0x00, 0x00, 0x00, 0x02, 0xC0, 0x00, 0x00,
    0x00, 0x07, 0xF0, 0x00, 0x00, 0x00, 0x1F, 0xE4, 0x00, 0x00, 0x00, 0x3F, 0x40, 0x00, 0x00, 0x00,
    0x04, 0x00, 0x00, 0x00, 0x00, 0x00, 0x00, 0x00, 0x00, 0x00, 0x00, 0x04, 0x00, 0x00, 0x00, 0x00,
    0x1F, 0x80, 0x00, 0x00, 0x00, 0x0B, 0xF0, 0x00, 0x00, 0x00, 0x03, 0xFC, 0x00, 0x00, 0x00, 0x02,
    0xDF, 0x40, 0x00, 0x00, 0x00, 0xF3, 0xE0, 0x00, 0x00, 0x00, 0x74, 0xBC, 0x00, 0x00, 0x00, 0x2C,
    0x1F, 0x00, 0x00, 0x00, 0x0E, 0x03, 0xE0, 0x00, 0x00, 0x07, 0x40, 0xFC, 0x00, 0x00, 0x03, 0xC0,
    0x1F, 0x00, 0x00, 0x00, 0xE0, 0x03, 0xD0, 0x00, 0x00, 0xB4, 0x00, 0xF8, 0x00, 0x00, 0x3F, 0xFF,
    0xFF, 0x00, 0x00, 0x1E, 0x55, 0x57, 0xD0, 0x00, 0x0B, 0x00, 0x00, 0xF8, 0x00, 0x03, 0xC0, 0x00,
    0x2F, 0x00, 0x01, 0xE0, 0x00, 0x07, 0xD0, 0x00, 0xF0, 0x00, 0x00, 0xF8, 0x00, 0x7C, 0x00, 0x00,
    0x3F, 0x00, 0xBF, 0x95, 0x00, 0x6F, 0xF9, 0x7F, 0xFF, 0xC0, 0xFF, 0xFF, 0x80, 0x00, 0x00, 0x10,
    0x00, 0x00, 0x00, 0x00, 0x00, 0x00, 0x00, 0x00, 0x00, 0x03, 0xC0, 0x00, 0x00, 0x00, 0x07, 0xFD,
    0x00, 0x00, 0x00, 0x0B, 0xD7, 0xD0, 0x00, 0x00, 0x0B, 0x40, 0x1E, 0x00, 0x00, 0x00, 0x00, 0x00,
    0x00, 0x00, 0x00, 0x00, 0x00, 0x00, 0x00, 0x00, 0x00, 0x04, 0x00, 0x00, 0x00, 0x00, 0x1F, 0x80,
    0x00, 0x00, 0x00, 0x0B, 0xF0, 0x00, 0x00, 0x00, 0x03, 0xFC, 0x00, 0x00, 0x00, 0x02, 0xDF, 0x40,
    0x00, 0x00, 0x00, 0xF3, 0xE0, 0x00, 0x00, 0x00, 0x74, 0xBC, 0x00, 0x00, 0x00, 0x2C, 0x1F, 0x00,
    0x00, 0x00, 0x0E, 0x03, 0xE0, 0x00, 0x00, 0x07, 0x40, 0xFC, 0x00, 0x00, 0x03, 0xC0, 0x1F, 0x00,
    0x00, 0x00, 0xE0, 0x03, 0xD0, 0x00, 0x00, 0xB4, 0x00, 0xF8, 0x00, 0x00, 0x3F, 0xFF, 0xFF, 0x00,
    0x00, 0x1E, 0x55, 0x57, 0xD0, 0x00, 0x0B, 0x00, 0x00, 0xF8, 0x00, 0x03, 0xC0, 0x00, 0x2F, 0x00,
    0x01, 0xE0, 0x00, 0x07, 0xD0, 0x00, 0xF0, 0x00, 0x00, 0xF8, 0x00, 0x7C, 0x00, 0x00, 0x3F, 0x00,
    0xBF, 0x95, 0x00, 0x6F, 0xF9, 0x7F, 0xFF, 0xC0, 0xFF, 0xFF, 0x80, 0x00, 0x00, 0x10, 0x00, 0x00,
    0x00, 0x00, 0x00, 0x00, 0x00, 0x00, 0x00, 0x7E, 0x01, 0xD0, 0x00, 0x00, 0x3F, 0xFF, 0xE0, 0x00,
    0x00, 0x39, 0x6F, 0xE0, 0x00, 0x00, 0x08, 0x00, 0x00, 0x00, 0x00, 0x00, 0x00, 0x00, 0x00, 0x00,
    0x00, 0x00, 0x10, 0x00, 0x00, 0x00, 0x00, 0x7E, 0x00, 0x00, 0x00, 0x00, 0x2F, 0xC0, 0x00, 0x00,
    0x00, 0x0F, 0xF0, 0x00, 0x00, 0x00, 0x0B, 0x7D, 0x00, 0x00, 0x00, 0x03, 0xCF, 0x80, 0x00, 0x00,
    0x01, 0xD2, 0xF0, 0x00, 0x00, 0x00, 0xB0, 0x7C, 0x00, 0x00, 0x00, 0x38, 0x0F, 0x80, 0x00, 0x00,
    0x1D, 0x03, 0xF0, 0x00, 0x00, 0x0F, 0x00, 0x7C, 0x00, 0x00, 0x03, 0x80, 0x0F, 0x40, 0x00, 0x02,
    0xD0, 0x03, 0xE0, 0x00, 0x00, 0xFF, 0xFF, 0xFC, 0x00, 0x00, 0x79, 0x55, 0x5F, 0x40, 0x00, 0x2C,
    0x00, 0x03, 0xE0, 0x00, 0x0F, 0x00, 0x00, 0xBC, 0x00, 0x07, 0x80, 0x00, 0x1F, 0x40, 0x03, 0xC0,
    0x00, 0x03, 0xE0, 0x01, 0xF0, 0x00, 0x00, 0xFC, 0x02, 0xFE, 0x54, 0x01, 0xBF, 0xE5, 0xFF, 0xFF,
    0x03, 0xFF, 0xFE, 0x00, 0x00, 0x00, 0x40, 0x00, 0x00, 0x00, 0x02, 0xD0, 0x78, 0x00, 0x00, 0x01,
    0xF8, 0x3F, 0x00, 0x00, 0x00, 0x3D, 0x0B, 0xC0, 0x00, 0x00, 0x00, 0x00, 0x00, 0x00, 0x00, 0x00,
    0x00, 0x00, 0x00, 0x00, 0x00, 0x00, 0x40, 0x00, 0x00, 0x00, 0x01, 0xF8, 0x00, 0x00, 0x00, 0x00,
    0xBF, 0x00, 0x00, 0x00, 0x00, 0x3F, 0xC0, 0x00, 0x00, 0x00, 0x2D, 0xF4, 0x00, 0x00, 0x00, 0x0F,
    0x3E, 0x00, 0x00, 0x00, 0x07, 0x4B, 0xC0, 0x00, 0x00, 0x02, 0xC1, 0xF0, 0x00, 0x00, 0x00, 0xE0,
    0x3E, 0x00, 0x00, 0x00, 0x74, 0x0F, 0xC0, 0x00, 0x00, 0x3C, 0x01, 0xF0, 0x00, 0x00, 0x0E, 0x00,
    0x3D, 0x00, 0x00, 0x0B, 0x40, 0x0F, 0x80, 0x00, 0x03, 0xFF, 0xFF, 0xF0, 0x00, 0x01, 0xE5, 0x55,
    0x7D, 0x00, 0x00, 0xB0, 0x00, 0x0F, 0x80, 0x00, 0x3C, 0x00, 0x02, 0xF0, 0x00, 0x1E, 0x00, 0x00,
    0x7D, 0x00, 0x0F, 0x00, 0x00, 0x0F, 0x80, 0x07, 0xC0, 0x00, 0x03, 0xF0, 0x0B, 0xF9, 0x50, 0x06,
    0xFF, 0x97, 0xFF, 0xFC, 0x0F, 0xFF, 0xF8, 0x00, 0x00, 0x01, 0x00, 0x00, 0x00, 0x00, 0x1F, 0x40,
    0x00, 0x00, 0x00, 0x1D, 0xB4, 0x00, 0x00, 0x00, 0x09, 0x0A, 0x00, 0x00, 0x00, 0x02, 0x82, 0x40,
    0x00, 0x00, 0x00, 0x7F, 0xC0, 0x00, 0x00, 0x00, 0x01, 0x40, 0x00, 0x00, 0x00, 0x00, 0x10, 0x00,
    0x00, 0x00, 0x00, 0x7E, 0x00, 0x00, 0x00, 0x00, 0x2F, 0xC0, 0x00, 0x00, 0x00, 0x0F, 0xF0, 0x00,
    0x00, 0x00, 0x0B, 0x7D, 0x00, 0x00, 0x00, 0x03, 0xCF, 0x80, 0x00, 0x00, 0x01, 0xD2, 0xF0, 0x00,
    0x00, 0x00, 0xB0, 0x7C, 0x00, 0x00, 0x00, 0x38, 0x0F, 0x80, 0x00, 0x00, 0x1D, 0x03, 0xF0, 0x00,
    0x00, 0x0F, 0x00, 0x7C, 0x00, 0x00, 0x03, 0x80, 0x0F, 0x40, 0x00, 0x02, 0xD0, 0x03, 0xE0, 0x00,
    0x00, 0xFF, 0xFF, 0xFC, 0x00, 0x00, 0x79, 0x55, 0x5F, 0x40, 0x00, 0x2C, 0x00, 0x03, 0xE0, 0x00,
    0x0F, 0x00, 0x00, 0xBC, 0x00, 0x07, 0x80, 0x00, 0x1F, 0x40, 0x03, 0xC0, 0x00, 0x03, 0xE0, 0x01,
    0xF0, 0x00, 0x00, 0xFC, 0x02, 0xFE, 0x54, 0x01, 0xBF, 0xE5, 0xFF, 0xFF, 0x03, 0xFF, 0xFE, 0x00,
    0x00, 0x00, 0x40, 0x00, 0x00, 0x00, 0x00, 0x15, 0x40, 0x05, 0x56, 0x40, 0x00, 0x00, 0x3F, 0xFF,
    0xFF, 0xFF, 0x40, 0x00, 0x00, 0x07, 0xFE, 0x55, 0xBF, 0x00, 0x00, 0x00, 0x07, 0xF8, 0x00, 0x0F,
    0x00, 0x00, 0x00, 0x0E, 0xBC, 0x00, 0x0F, 0x00, 0x00, 0x00, 0x1C, 0xBC, 0x00, 0x0F, 0x00, 0x00,
    0x00, 0x38, 0x7C, 0x00, 0x00, 0x00, 0x00, 0x00, 0xB0, 0x7C, 0x00, 0x00, 0x00, 0x00, 0x00, 0xE0,
    0x3D, 0x00, 0x00, 0x00, 0x00, 0x02, 0xC0, 0x3D, 0x00, 0x00, 0x00, 0x00, 0x03, 0x80, 0x3E, 0x01,
    0x68, 0x00, 0x00, 0x0B, 0x56, 0xBF, 0xFF, 0xF8, 0x00, 0x00, 0x1F, 0xFF, 0xFF, 0x95, 0x40, 0x00,
    0x00, 0x3D, 0x00, 0x1F, 0x00, 0x00, 0x00, 0x00, 0x78, 0x00, 0x1F, 0x00, 0x00, 0x00, 0x00, 0xF0,
    0x00, 0x0F, 0x40, 0x00, 0x00, 0x01, 0xE0, 0x00, 0x0F, 0x80, 0x00, 0x18, 0x03, 0xC0, 0x00, 0x0F,
    0x80, 0x00, 0x2C, 0x0B, 0x80, 0x00, 0x0F, 0xC0, 0x00, 0x38, 0x0F, 0x40, 0x00, 0x0F, 0xD0, 0x00,
    0x78, 0x3F, 0xD5, 0x00, 0x6F, 0xFA, 0xAB, 0xF4, 0x3F, 0xFF, 0x03, 0xFF, 0xFF, 0xFF, 0xF4, 0x00,
    0x00, 0x01, 0x00, 0x00, 0x00, 0x00, 0x00, 0x00, 0x1A, 0xA5, 0x00, 0x00, 0x1F, 0xFF, 0xFF, 0x80,
    0x03, 0xF9, 0x57, 0xFE, 0x00, 0x3E, 0x00, 0x01, 0xF4, 0x03, 0xE0, 0x00, 0x02, 0xD0, 0x3F, 0x00,
    0x00, 0x07, 0x01, 0xF0, 0x00, 0x00, 0x1C, 0x0F, 0xC0, 0x00, 0x00, 0x00, 0x3E, 0x00, 0x00, 0x00,
    0x01, 0xF4, 0x00, 0x00, 0x00, 0x0B, 0xD0, 0x00, 0x00, 0x00, 0x2F, 0x40, 0x00, 0x00, 0x00, 0xBD,
    0x00, 0x00, 0x00, 0x02, 0xF8, 0x00, 0x00, 0x00, 0x07, 0xF0, 0x00, 0x00, 0x00, 0x0F, 0xC0, 0x00,
    0x00, 0x08, 0x3F, 0x80, 0x00, 0x00, 0xB0, 0x7F, 0x00, 0x00, 0x03, 0xC0, 0xFF, 0x00, 0x00, 0x2E,
    0x00, 0xFF, 0x00, 0x01, 0xF8, 0x00, 0xFF, 0x95, 0x7F, 0xD0, 0x00, 0x7F, 0xFF, 0xF9, 0x00, 0x00,
    0x06, 0xD4, 0x00, 0x00, 0x00, 0x0B, 0x00, 0x00, 0x00, 0x00, 0x3E, 0x00, 0x00, 0x00, 0x00, 0x3F,
    0x00, 0x00, 0x00, 0x00, 0x2D, 0x00, 0x00, 0x00, 0x60, 0x70, 0x00, 0x00, 0x02, 0xE7, 0x80, 0x00,
    0x00, 0x02, 0xA0, 0x00, 0x00, 0x00, 0x00, 0x00, 0x00, 0x00, 0x1C, 0x00, 0x00, 0x00, 0x0B, 0xE0,
    0x00, 0x00, 0x00, 0xBF, 0x80, 0x00, 0x00, 0x00, 0xBD, 0x00, 0x00, 0x00, 0x01, 0x40, 0x00, 0x00,
    0x00, 0x00, 0x00, 0x15, 0x00, 0x55, 0x58, 0x2F, 0xFF, 0xFF, 0xFF, 0x00, 0xBF, 0x55, 0xAF, 0xC0,
    0x1F, 0x80, 0x00, 0xF0, 0x03, 0xE0, 0x00, 0x38, 0x00, 0xF4, 0x00, 0x0E, 0x00, 0x3D, 0x00, 0x00,
    0x00, 0x0F, 0x40, 0x00, 0x00, 0x03, 0xD0, 0x00, 0x00, 0x00, 0xF4, 0x00, 0x00, 0x00, 0x7F, 0xFF,
    0xFC, 0x00, 0x1F, 0xFF, 0xFE, 0x00, 0x07, 0xD0, 0x00, 0x00, 0x01, 0xF0, 0x00, 0x00, 0x00, 0x7C,
    0x00, 0x00, 0x00, 0x1F, 0x00, 0x00, 0x00, 0x07, 0xC0, 0x00, 0x09, 0x01, 0xF0, 0x00, 0x03, 0x80,
    0x7C, 0x00, 0x01, 0xD0, 0x2F, 0x00, 0x00, 0xF0, 0x6F, 0xFA, 0xAA, 0xFC, 0x3F, 0xFF, 0xFF, 0xFF,
    0x04, 0x00, 0x00, 0x00, 0x00, 0x00, 0x00, 0x00, 0x00, 0x00, 0x00, 0x00, 0x1C, 0x00, 0x00, 0x00,
    0x2F, 0x80, 0x00, 0x00, 0xBF, 0x40, 0x00, 0x01, 0xF8, 0x00, 0x00, 0x00, 0x50, 0x00, 0x00, 0x00,
    0x00, 0x00, 0x00, 0x15, 0x00, 0x55, 0x58, 0x2F, 0xFF, 0xFF, 0xFF, 0x00, 0xBF, 0x55, 0xAF, 0xC0,
    0x1F, 0x80, 0x00, 0xF0, 0x03, 0xE0, 0x00, 0x38, 0x00, 0xF4, 0x00, 0x0E, 0x00, 0x3D, 0x00, 0x00,
    0x00, 0x0F, 0x40, 0x00, 0x00, 0x03, 0xD0, 0x00, 0x00, 0x00, 0xF4, 0x00, 0x00, 0x00, 0x7F, 0xFF,
    0xFC, 0x00, 0x1F, 0xFF, 0xFE, 0x00, 0x07, 0xD0, 0x00, 0x00, 0x01, 0xF0, 0x00, 0x00, 0x00, 0x7C,
    0x00, 0x00, 0x00, 0x1F, 0x00, 0x00, 0x00, 0x07, 0xC0, 0x00, 0x09, 0x01, 0xF0, 0x00, 0x03, 0x80,
    0x7C, 0x00, 0x01, 0xD0, 0x2F, 0x00, 0x00, 0xF0, 0x6F, 0xFA, 0xAA, 0xFC, 0x3F, 0xFF, 0xFF, 0xFF,
    0x04, 0x00, 0x00, 0x00, 0x00, 0x00, 0x00, 0x00, 0x00, 0x00, 0x00, 0x2D, 0x00, 0x00, 0x00, 0x3F,
    0xE0, 0x00, 0x00, 0x7E, 0x2F, 0x00, 0x00, 0x78, 0x00, 0xF0, 0x00, 0x00, 0x00, 0x00, 0x00, 0x00,
    0x00, 0x00, 0x00, 0x15, 0x00, 0x55, 0x58, 0x2F, 0xFF, 0xFF, 0xFF, 0x00, 0xBF, 0x55, 0xAF, 0xC0,
    0x1F, 0x80, 0x00, 0xF0, 0x03, 0xE0, 0x00, 0x38, 0x00, 0xF4, 0x00, 0x0E, 0x00, 0x3D, 0x00, 0x00,
    0x00, 0x0F, 0x40, 0x00, 0x00, 0x03, 0xD0, 0x00, 0x00, 0x00, 0xF4, 0x00, 0x00, 0x00, 0x7F, 0xFF,
    0xFC, 0x00, 0x1F, 0xFF, 0xFE, 0x00, 0x07, 0xD0, 0x00, 0x00, 0x01, 0xF0, 0x00, 0x00, 0x00, 0x7C,
    0x00, 0x00, 0x00, 0x1F, 0x00, 0x00, 0x00, 0x07, 0xC0, 0x00, 0x09, 0x01, 0xF0, 0x00, 0x03, 0x80,
    0x7C, 0x00, 0x01, 0xD0, 0x2F, 0x00, 0x00, 0xF0, 0x6F, 0xFA, 0xAA, 0xFC, 0x3F, 0xFF, 0xFF, 0xFF,
    0x04, 0x00, 0x00, 0x00, 0x00, 0x00, 0x1E, 0x02, 0xC0, 0x00, 0x0F, 0xC1, 0xF8, 0x00, 0x02, 0xE0,
    0x3C, 0x00, 0x00, 0x00, 0x00, 0x00, 0x00, 0x00, 0x00, 0x00, 0x01, 0x50, 0x05, 0x55, 0x82, 0xFF,
    0xFF, 0xFF, 0xF0, 0x0B, 0xF5, 0x5A, 0xFC, 0x01, 0xF8, 0x00, 0x0F, 0x00, 0x3E, 0x00, 0x03, 0x80,
    0x0F, 0x40, 0x00, 0xE0, 0x03, 0xD0, 0x00, 0x00, 0x00, 0xF4, 0x00, 0x00, 0x00, 0x3D, 0x00, 0x00,
    0x00, 0x0F, 0x40, 0x00, 0x00, 0x07, 0xFF, 0xFF, 0xC0, 0x01, 0xFF, 0xFF, 0xE0, 0x00, 0x7D, 0x00,
    0x00, 0x00, 0x1F, 0x00, 0x00, 0x00, 0x07, 0xC0, 0x00, 0x00, 0x01, 0xF0, 0x00, 0x00, 0x00, 0x7C,
    0x00, 0x00, 0x90, 0x1F, 0x00, 0x00, 0x38, 0x07, 0xC0, 0x00, 0x1D, 0x02, 0xF0, 0x00, 0x0F, 0x06,
    0xFF, 0xAA, 0xAF, 0xC3, 0xFF, 0xFF, 0xFF, 0xF0, 0x40, 0x00, 0x00, 0x00, 0x20, 0x00, 0x00, 0xF8,
    0x00, 0x02, 0xFD, 0x00, 0x00, 0x7F, 0x40, 0x00, 0x07, 0x00, 0x00, 0x00, 0x00, 0x14, 0x15, 0x03,
    0xFF, 0xFC, 0x00, 0xBF, 0x40, 0x01, 0xF8, 0x00, 0x03, 0xE0, 0x00, 0x0F, 0x40, 0x00, 0x3D, 0x00,
    0x00, 0xF4, 0x00, 0x03, 0xD0, 0x00, 0x0F, 0x40, 0x00, 0x7D, 0x00, 0x01, 0xF0, 0x00, 0x07, 0xC0,
    0x00, 0x1F, 0x00, 0x00, 0x7C, 0x00, 0x01, 0xF0, 0x00, 0x07, 0xC0, 0x00, 0x1F, 0x00, 0x00, 0x7C,
    0x00, 0x02, 0xF0, 0x00, 0x2F, 0xF6, 0x03, 0xFF, 0xFC, 0x04, 0x00, 0x00, 0x00, 0x00, 0x00, 0x00,
    0x1C, 0x00, 0x1F, 0xD0, 0x0F, 0xE4, 0x0B, 0xD0, 0x00, 0x40, 0x00, 0x00, 0x00, 0x00, 0x50, 0x54,
    0x3F, 0xFF, 0xC0, 0x2F, 0xD0, 0x01, 0xF8, 0x00, 0x0F, 0x80, 0x00, 0xF4, 0x00, 0x0F, 0x40, 0x00,
    0xF4, 0x00, 0x0F, 0x40, 0x00, 0xF4, 0x00, 0x1F, 0x40, 0x01, 0xF0, 0x00, 0x1F, 0x00, 0x01, 0xF0,
    0x00, 0x1F, 0x00, 0x01, 0xF0, 0x00, 0x1F, 0x00, 0x01, 0xF0, 0x00, 0x1F, 0x00, 0x02, 0xF0, 0x00,
    0xBF, 0xD8, 0x3F, 0xFF, 0xC1, 0x00, 0x00, 0x00, 0x00, 0x00, 0x0F, 0x00, 0x07, 0xFD, 0x02, 0xF5,
    0xF8, 0xB4, 0x01, 0xE0, 0x00, 0x00, 0x00, 0x00, 0x00, 0x50, 0x54, 0x3F, 0xFF, 0xC0, 0x2F, 0xD0,
    0x01, 0xF8, 0x00, 0x0F, 0x80, 0x00, 0xF4, 0x00, 0x0F, 0x40, 0x00, 0xF4, 0x00, 0x0F, 0x40, 0x00,
    0xF4, 0x00, 0x1F, 0x40, 0x01, 0xF0, 0x00, 0x1F, 0x00, 0x01, 0xF0, 0x00, 0x1F, 0x00, 0x01, 0xF0,
    0x00, 0x1F, 0x00, 0x01, 0xF0, 0x00, 0x1F, 0x00, 0x02, 0xF0, 0x00, 0xBF, 0xD8, 0x3F, 0xFF, 0xC1,
    0x00, 0x00, 0x2D, 0x03, 0x83, 0xE0, 0xBD, 0x3D, 0x07, 0xC0, 0x00, 0x00, 0x00, 0x00, 0x00, 0x50,
    0x54, 0x3F, 0xFF, 0xC0, 0x2F, 0xD0, 0x01, 0xF8, 0x00, 0x0F, 0x80, 0x00, 0xF4, 0x00, 0x0F, 0x40,
    0x00, 0xF4, 0x00, 0x0F, 0x40, 0x00, 0xF4, 0x00, 0x1F, 0x40, 0x01, 0xF0, 0x00, 0x1F, 0x00, 0x01,
    0xF0, 0x00, 0x1F, 0x00, 0x01, 0xF0, 0x00, 0x1F, 0x00, 0x01, 0xF0, 0x00, 0x1F, 0x00, 0x02, 0xF0,
    0x00, 0xBF, 0xD8, 0x3F, 0xFF, 0xC1, 0x00, 0x00, 0x01, 0x41, 0x55, 0x40, 0x00, 0x00, 0x1F, 0xFF,
    0xFF, 0xF9, 0x00, 0x00, 0x07, 0xF5, 0x5B, 0xFF, 0x00, 0x00, 0x0F, 0xC0, 0x01, 0xFF, 0x40, 0x00,
    0x3F, 0x00, 0x00, 0xBF, 0x00, 0x00, 0xFC, 0x00, 0x00, 0xBF, 0x00, 0x03, 0xE0, 0x00, 0x00, 0xFD,
    0x00, 0x0F, 0x80, 0x00, 0x01, 0xFC, 0x00, 0x3E, 0x00, 0x00, 0x03, 0xF0, 0x00, 0xF8, 0x00, 0x00,
    0x0F, 0xD1, 0x57, 0xF5, 0x54, 0x00, 0x3F, 0x6F, 0xFF, 0xFF, 0xF0, 0x00, 0xBD, 0x00, 0x3E, 0x00,
    0x00, 0x03, 0xF0, 0x00, 0xF4, 0x00, 0x00, 0x0F, 0xC0, 0x03, 0xD0, 0x00, 0x00, 0x3E, 0x00, 0x0F,
    0x40, 0x00, 0x01, 0xF4, 0x00, 0x3D, 0x00, 0x00, 0x0B, 0xC0, 0x00, 0xF4, 0x00, 0x00, 0x7C, 0x00,
    0x03, 0xD0, 0x00, 0x03, 0xD0, 0x00, 0x1F, 0xC0, 0x00, 0x7D, 0x00, 0x01, 0xFF, 0xD5, 0x6F, 0xD0,
    0x00, 0x2F, 0xFF, 0xFF, 0xF4, 0x00, 0x00, 0x40, 0x01, 0x54, 0x00, 0x00, 0x00, 0x00, 0x00, 0x00,
    0x00, 0x00, 0x00, 0x00, 0x0B, 0x90, 0x38, 0x00, 0x00, 0x02, 0xFF, 0xFF, 0x00, 0x00, 0x00, 0xB5,
    0xBF, 0xC0, 0x00, 0x00, 0x04, 0x00, 0x10, 0x00, 0x00, 0x00, 0x00, 0x00, 0x00, 0x00, 0x14, 0x50,
    0x00, 0x00, 0x51, 0x53, 0xFF, 0x80, 0x00, 0x3F, 0xFF, 0x07, 0xFD, 0x00, 0x00, 0x7F, 0x40, 0x1F,
    0xF0, 0x00, 0x01, 0xE0, 0x00, 0xFF, 0x80, 0x00, 0x1D, 0x00, 0x0E, 0xFD, 0x00, 0x01, 0xD0, 0x01,
    0xD7, 0xF0, 0x00, 0x1D, 0x00, 0x1D, 0x2F, 0x80, 0x01, 0xD0, 0x01, 0xD0, 0xFD, 0x00, 0x1D, 0x00,
    0x1D, 0x03, 0xF0, 0x01, 0xD0, 0x01, 0xD0, 0x2F, 0x80, 0x1D, 0x00, 0x1D, 0x00, 0xFD, 0x01, 0xD0,
    0x01, 0xD0, 0x03, 0xF0, 0x1C, 0x00, 0x1D, 0x00, 0x2F, 0xC1, 0xC0, 0x02, 0xD0, 0x00, 0xFD, 0x1C,
    0x00, 0x2D, 0x00, 0x03, 0xF1, 0xC0, 0x02, 0xD0, 0x00, 0x1F, 0xEC, 0x00, 0x2D, 0x00, 0x00, 0xFF,
    0xC0, 0x02, 0xD0, 0x00, 0x03, 0xFC, 0x00, 0x3D, 0x00, 0x00, 0x1F, 0xC0, 0x1B, 0xF5, 0x00, 0x00,
    0xFC, 0x03, 0xFF, 0xF0, 0x00, 0x03, 0xC0, 0x00, 0x00, 0x00, 0x00, 0x2C, 0x00, 0x00, 0x00, 0x00,
    0x00, 0x00, 0x00, 0x00, 0x00, 0x00, 0x00, 0x00, 0x07, 0x40, 0x00, 0x00, 0x00, 0x02, 0xF8, 0x00,
    0x00, 0x00, 0x00, 0x1F, 0xE0, 0x00, 0x00, 0x00, 0x00, 0x2F, 0x40, 0x00, 0x00, 0x00, 0x00, 0x50,
    0x00, 0x00, 0x00, 0x00, 0x00, 0x00, 0x00, 0x00, 0x00, 0x6A, 0x40, 0x00, 0x00, 0x07, 0xFF, 0xFE,
    0x00, 0x00, 0x0F, 0xE5, 0xBF, 0xF4, 0x00, 0x1F, 0x80, 0x00, 0xFF, 0x40, 0x0F, 0x40, 0x00, 0x0F,
    0xF0, 0x0F, 0x80, 0x00, 0x00, 0xFE, 0x07, 0xC0, 0x00, 0x00, 0x2F, 0xC3, 0xF0, 0x00, 0x00, 0x03,
    0xF4, 0xF4, 0x00, 0x00, 0x00, 0xBE, 0x7D, 0x00, 0x00, 0x00, 0x1F, 0xAF, 0x40, 0x00, 0x00, 0x07,
    0xEB, 0xC0, 0x00, 0x00, 0x01, 0xFA, 0xF4, 0x00, 0x00, 0x00, 0x7E, 0xBD, 0x00, 0x00, 0x00, 0x1F,
    0x5F, 0x80, 0x00, 0x00, 0x0B, 0xC3, 0xF0, 0x00, 0x00, 0x03, 0xF0, 0xFD, 0x00, 0x00, 0x00, 0xF4,
    0x1F, 0xC0, 0x00, 0x00, 0xB8, 0x03, 0xF8, 0x00, 0x00, 0x7C, 0x00, 0x3F, 0xC0, 0x00, 0xBC, 0x00,
    0x03, 0xFE, 0x56, 0xF8, 0x00, 0x00, 0x1F, 0xFF, 0xE0, 0x00, 0x00, 0x00, 0x15, 0x00, 0x00, 0x00,
    0x00, 0x00, 0x00, 0x00, 0x00, 0x00, 0x00, 0x00, 0x07, 0x40, 0x00, 0x00, 0x00, 0x0B, 0xE0, 0x00,
    0x00, 0x00, 0x2F, 0xD0, 0x00, 0x00, 0x00, 0x7E, 0x00, 0x00, 0x00, 0x00, 0x14, 0x00, 0x00, 0x00,
    0x00, 0x00, 0x00, 0x00, 0x00, 0x00, 0x00, 0x6A, 0x40, 0x00, 0x00, 0x07, 0xFF, 0xFE, 0x00, 0x00,
    0x0F, 0xE5, 0xBF, 0xF4, 0x00, 0x1F, 0x80, 0x00, 0xFF, 0x40, 0x0F, 0x40, 0x00, 0x0F, 0xF0, 0x0F,
    0x80, 0x00, 0x00, 0xFE, 0x07, 0xC0, 0x00, 0x00, 0x2F, 0xC3, 0xF0, 0x00, 0x00, 0x03, 0xF4, 0xF4,
    0x00, 0x00, 0x00, 0xBE, 0x7D, 0x00, 0x00, 0x00, 0x1F, 0xAF, 0x40, 0x00, 0x00, 0x07, 0xEB, 0xC0,
    0x00, 0x00, 0x01, 0xFA, 0xF4, 0x00, 0x00, 0x00, 0x7E, 0xBD, 0x00, 0x00, 0x00, 0x1F, 0x5F, 0x80,
    0x00, 0x00, 0x0B, 0xC3, 0xF0, 0x00, 0x00, 0x03, 0xF0, 0xFD, 0x00, 0x00, 0x00, 0xF4, 0x1F, 0xC0,
    0x00, 0x00, 0xB8, 0x03, 0xF8, 0x00, 0x00, 0x7C, 0x00, 0x3F, 0xC0, 0x00, 0xBC, 0x00, 0x03, 0xFE,
    0x56, 0xF8, 0x00, 0x00, 0x1F, 0xFF, 0xE0, 0x00, 0x00, 0x00, 0x15, 0x00, 0x00, 0x00, 0x00, 0x00,
    0x00, 0x00, 0x00, 0x00, 0x00, 0x0B, 0x40, 0x00, 0x00, 0x00, 0x0F, 0xF8, 0x00, 0x00, 0x00, 0x0F,
    0x8B, 0xC0, 0x00, 0x00, 0x0E, 0x00, 0x2C, 0x00, 0x00, 0x00, 0x00, 0x00, 0x00, 0x00, 0x00, 0x00,
    0x00, 0x00, 0x00, 0x00, 0x00, 0x6A, 0x40, 0x00, 0x00, 0x07, 0xFF, 0xFE, 0x00, 0x00, 0x0F, 0xE5,
    0xBF, 0xF4, 0x00, 0x1F, 0x80, 0x00, 0xFF, 0x40, 0x0F, 0x40, 0x00, 0x0F, 0xF0, 0x0F, 0x80, 0x00,
    0x00, 0xFE, 0x07, 0xC0, 0x00, 0x00, 0x2F, 0xC3, 0xF0, 0x00, 0x00, 0x03, 0xF4, 0xF4, 0x00, 0x00,
    0x00, 0xBE, 0x7D, 0x00, 0x00, 0x00, 0x1F, 0xAF, 0x40, 0x00, 0x00, 0x07, 0xEB, 0xC0, 0x00, 0x00,
    0x01, 0xFA, 0xF4, 0x00, 0x00, 0x00, 0x7E, 0xBD, 0x00, 0x00, 0x00, 0x1F, 0x5F, 0x80, 0x00, 0x00,
    0x0B, 0xC3, 0xF0, 0x00, 0x00, 0x03, 0xF0, 0xFD, 0x00, 0x00, 0x00, 0xF4, 0x1F, 0xC0, 0x00, 0x00,
    0xB8, 0x03, 0xF8, 0x00, 0x00, 0x7C, 0x00, 0x3F, 0xC0, 0x00, 0xBC, 0x00, 0x03, 0xFE, 0x56, 0xF8,
    0x00, 0x00, 0x1F, 0xFF, 0xE0, 0x00, 0x00, 0x00, 0x15, 0x00, 0x00, 0x00, 0x00, 0x00, 0x00, 0x00,
    0x00, 0x00, 0x00, 0xB9, 0x03, 0x80, 0x00, 0x00, 0xBF, 0xFF, 0xC0, 0x00, 0x00, 0xB5, 0xBF, 0xC0,
    0x00, 0x00, 0x10, 0x00, 0x00, 0x00, 0x00, 0x00, 0x00, 0x00, 0x00, 0x00, 0x00, 0x01, 0xA9, 0x00,
    0x00, 0x00, 0x1F, 0xFF, 0xF8, 0x00, 0x00, 0x3F, 0x96, 0xFF, 0xD0, 0x00, 0x7E, 0x00, 0x03, 0xFD,
    0x00, 0x3D, 0x00, 0x00, 0x3F, 0xC0, 0x3E, 0x00, 0x00, 0x03, 0xF8, 0x1F, 0x00, 0x00, 0x00, 0xBF,
    0x0F, 0xC0, 0x00, 0x00, 0x0F, 0xD3, 0xD0, 0x00, 0x00, 0x02, 0xF9, 0xF4, 0x00, 0x00, 0x00, 0x7E,
    0xBD, 0x00, 0x00, 0x00, 0x1F, 0xAF, 0x00, 0x00, 0x00, 0x07, 0xEB, 0xD0, 0x00, 0x00, 0x01, 0xFA,
    0xF4, 0x00, 0x00, 0x00, 0x7D, 0x7E, 0x00, 0x00, 0x00, 0x2F, 0x0F, 0xC0, 0x00, 0x00, 0x0F, 0xC3,
    0xF4, 0x00, 0x00, 0x03, 0xD0, 0x7F, 0x00, 0x00, 0x02, 0xE0, 0x0F, 0xE0, 0x00, 0x01, 0xF0, 0x00,
    0xFF, 0x00, 0x02, 0xF0, 0x00, 0x0F, 0xF9, 0x5B, 0xE0, 0x00, 0x00, 0x7F, 0xFF, 0x80, 0x00, 0x00,
    0x00, 0x54, 0x00, 0x00, 0x00, 0x00, 0x07, 0x80, 0xB4, 0x00, 0x00, 0x03, 0xF0, 0x7E, 0x00, 0x00,
    0x00, 0xB8, 0x0F, 0x40, 0x00, 0x00, 0x00, 0x00, 0x00, 0x00, 0x00, 0x00, 0x00, 0x00, 0x00, 0x00,
    0x00, 0x06, 0xA4, 0x00, 0x00, 0x00, 0x7F, 0xFF, 0xE0, 0x00, 0x00, 0xFE, 0x5B, 0xFF, 0x40, 0x01,
    0xF8, 0x00, 0x0F, 0xF4, 0x00, 0xF4, 0x00, 0x00, 0xFF, 0x00, 0xF8, 0x00, 0x00, 0x0F, 0xE0, 0x7C,
    0x00, 0x00, 0x02, 0xFC, 0x3F, 0x00, 0x00, 0x00, 0x3F, 0x4F, 0x40, 0x00, 0x00, 0x0B, 0xE7, 0xD0,
    0x00, 0x00, 0x01, 0xFA, 0xF4, 0x00, 0x00, 0x00, 0x7E, 0xBC, 0x00, 0x00, 0x00, 0x1F, 0xAF, 0x40,
    0x00, 0x00, 0x07, 0xEB, 0xD0, 0x00, 0x00, 0x01, 0xF5, 0xF8, 0x00, 0x00, 0x00, 0xBC, 0x3F, 0x00,
    0x00, 0x00, 0x3F, 0x0F, 0xD0, 0x00, 0x00, 0x0F, 0x41, 0xFC, 0x00, 0x00, 0x0B, 0x80, 0x3F, 0x80,
    0x00, 0x07, 0xC0, 0x03, 0xFC, 0x00, 0x0B, 0xC0, 0x00, 0x3F, 0xE5, 0x6F, 0x80, 0x00, 0x01, 0xFF,
    0xFE, 0x00, 0x00, 0x00, 0x01, 0x50, 0x00, 0x00, 0x20, 0x00, 0x06, 0x2F, 0x00, 0x07, 0xD2, 0xF0,
    0x07, 0xE0, 0x2F, 0x03, 0xE0, 0x02, 0xF7, 0xE0, 0x00, 0x2F, 0xE0, 0x00, 0x03, 0xF0, 0x00, 0x03,
    0xFF, 0x00, 0x03, 0xE2, 0xF0, 0x03, 0xE0, 0x2F, 0x03, 0xE0, 0x02, 0xF0, 0xE0, 0x00, 0x2C, 0x00,
    0x00, 0x00, 0x00, 0x00, 0x00, 0x00, 0x00, 0x40, 0x00, 0x00, 0x00, 0x00, 0x70, 0x00, 0x00, 0x01,
    0xA9, 0x38, 0x00, 0x00, 0x1F, 0xFF, 0xFD, 0x00, 0x00, 0x3F, 0x96, 0xFF, 0xD0, 0x00, 0x7E, 0x00,
    0x0B, 0xFD, 0x00, 0x3D, 0x00, 0x03, 0xBF, 0xC0, 0x3E, 0x00, 0x01, 0xC3, 0xF8, 0x1F, 0x00, 0x00,
    0xD0, 0xBF, 0x0F, 0xC0, 0x00, 0x70, 0x0F, 0xD3, 0xD0, 0x00, 0x34, 0x02, 0xF9, 0xF4, 0x00, 0x1C,
    0x00, 0x7E, 0xBD, 0x00, 0x0D, 0x00, 0x1F, 0xAF, 0x00, 0x0B, 0x00, 0x07, 0xEB, 0xD0, 0x03, 0x40,
    0x01, 0xFA, 0xF4, 0x02, 0xC0, 0x00, 0x7D, 0x7E, 0x00, 0xC0, 0x00, 0x2F, 0x0F, 0xC0, 0xA0, 0x00,
    0x0F, 0xC3, 0xF4, 0x30, 0x00, 0x03, 0xD0, 0x7F, 0x28, 0x00, 0x02, 0xE0, 0x0F, 0xFC, 0x00, 0x01,
    0xF0, 0x00, 0xFF, 0x00, 0x02, 0xF0, 0x00, 0x0F, 0xF9, 0x5B, 0xE0, 0x00, 0x02, 0xBF, 0xFF, 0x80,
    0x00, 0x01, 0xC0, 0x54, 0x00, 0x00, 0x00, 0xD0, 0x00, 0x00, 0x00, 0x00, 0x70, 0x00, 0x00, 0x00,
    0x00, 0x00, 0x00, 0x00, 0x00, 0x00, 0x00, 0x00, 0x00, 0x00, 0x00, 0x00, 0x03, 0x40, 0x00, 0x00,
    0x00, 0x01, 0xFC, 0x00, 0x00, 0x00, 0x00, 0x1F, 0xE0, 0x00, 0x00, 0x00, 0x00, 0x1F, 0x80, 0x00,
    0x00, 0x00, 0x00, 0x10, 0x00, 0x00, 0x00, 0x00, 0x00, 0x00, 0x00, 0x51, 0x54, 0x00, 0x14, 0x15,
    0xBF, 0xFE, 0x00, 0x2F, 0xFF, 0x83, 0xFC, 0x00, 0x00, 0x7E, 0x00, 0x7D, 0x00, 0x00, 0x0F, 0x00,
    0x1F, 0x40, 0x00, 0x03, 0xC0, 0x07, 0xD0, 0x00, 0x00, 0xF0, 0x01, 0xF4, 0x00, 0x00, 0x3C, 0x00,
    0x7D, 0x00, 0x00, 0x0F, 0x00, 0x1F, 0x40, 0x00, 0x03, 0xC0, 0x07, 0xC0, 0x00, 0x00, 0xF0, 0x01,
    0xF0, 0x00, 0x00, 0x3C, 0x00, 0x7C, 0x00, 0x00, 0x0F, 0x00, 0x1F, 0x00, 0x00, 0x02, 0xC0, 0x07,
    0xC0, 0x00, 0x00, 0xB0, 0x01, 0xF0, 0x00, 0x00, 0x2C, 0x00, 0x7D, 0x00, 0x00, 0x0F, 0x00, 0x1F,
    0x40, 0x00, 0x03, 0xC0, 0x03, 0xF0, 0x00, 0x00, 0xF0, 0x00, 0xFD, 0x00, 0x00, 0xB4, 0x00, 0x1F,
    0xD0, 0x00, 0xBC, 0x00, 0x01, 0xFF, 0xAA, 0xFC, 0x00, 0x00, 0x1F, 0xFF, 0xF4, 0x00, 0x00, 0x00,
    0x15, 0x40, 0x00, 0x00, 0x00, 0x00, 0x00, 0x00, 0x00, 0x00, 0x00, 0x00, 0x02, 0x40, 0x00, 0x00,
    0x00, 0x0B, 0xF0, 0x00, 0x00, 0x00, 0x2F, 0xE0, 0x00, 0x00, 0x00, 0x7E, 0x40, 0x00, 0x00, 0x00,
    0x04, 0x00, 0x00, 0x00, 0x00, 0x00, 0x00, 0x00, 0x00, 0x51, 0x54, 0x00, 0x14, 0x15, 0xBF, 0xFE,
    0x00, 0x2F, 0xFF, 0x83, 0xFC, 0x00, 0x00, 0x7E, 0x00, 0x7D, 0x00, 0x00, 0x0F, 0x00, 0x1F, 0x40,
    0x00, 0x03, 0xC0, 0x07, 0xD0, 0x00, 0x00, 0xF0, 0x01, 0xF4, 0x00, 0x00, 0x3C, 0x00, 0x7D, 0x00,
    0x00, 0x0F, 0x00, 0x1F, 0x40, 0x00, 0x03, 0xC0, 0x07, 0xC0, 0x00, 0x00, 0xF0, 0x01, 0xF0, 0x00,
    0x00, 0x3C, 0x00, 0x7C, 0x00, 0x00, 0x0F, 0x00, 0x1F, 0x00, 0x00, 0x02, 0xC0, 0x07, 0xC0, 0x00,
    0x00, 0xB0, 0x01, 0xF0, 0x00, 0x00, 0x2C, 0x00, 0x7D, 0x00, 0x00, 0x0F, 0x00, 0x1F, 0x40, 0x00,
    0x03, 0xC0, 0x03, 0xF0, 0x00, 0x00, 0xF0, 0x00, 0xFD, 0x00, 0x00, 0xB4, 0x00, 0x1F, 0xD0, 0x00,
    0xBC, 0x00, 0x01, 0xFF, 0xAA, 0xFC, 0x00, 0x00, 0x1F, 0xFF, 0xF4, 0x00, 0x00, 0x00, 0x15, 0x40,
    0x00, 0x00, 0x00, 0x00, 0x00, 0x00, 0x00, 0x00, 0x00, 0x07, 0x80, 0x00, 0x00, 0x00, 0x0B, 0xF8,
    0x00, 0x00, 0x00, 0x0F, 0x8B, 0xC0, 0x00, 0x00, 0x0E, 0x00, 0x2C, 0x00, 0x00, 0x00, 0x00, 0x00,
    0x00, 0x00, 0x00, 0x00, 0x00, 0x00, 0x00, 0x51, 0x54, 0x00, 0x14, 0x15, 0xBF, 0xFE, 0x00, 0x2F,
    0xFF, 0x83, 0xFC, 0x00, 0x00, 0x7E, 0x00, 0x7D, 0x00, 0x00, 0x0F, 0x00, 0x1F, 0x40, 0x00, 0x03,
    0xC0, 0x07, 0xD0, 0x00, 0x00, 0xF0, 0x01, 0xF4, 0x00, 0x00, 0x3C, 0x00, 0x7D, 0x00, 0x00, 0x0F,
    0x00, 0x1F, 0x40, 0x00, 0x03, 0xC0, 0x07, 0xC0, 0x00, 0x00, 0xF0, 0x01, 0xF0, 0x00, 0x00, 0x3C,
    0x00, 0x7C, 0x00, 0x00, 0x0F, 0x00, 0x1F, 0x00, 0x00, 0x02, 0xC0, 0x07, 0xC0, 0x00, 0x00, 0xB0,
    0x01, 0xF0, 0x00, 0x00, 0x2C, 0x00, 0x7D, 0x00, 0x00, 0x0F, 0x00, 0x1F, 0x40, 0x00, 0x03, 0xC0,
    0x03, 0xF0, 0x00, 0x00, 0xF0, 0x00, 0xFD, 0x00, 0x00, 0xB4, 0x00, 0x1F, 0xD0, 0x00, 0xBC, 0x00,
    0x01, 0xFF, 0xAA, 0xFC, 0x00, 0x00, 0x1F, 0xFF, 0xF4, 0x00, 0x00, 0x00, 0x15, 0x40, 0x00, 0x00,
    0x00, 0x03, 0x80, 0xB4, 0x00, 0x00, 0x02, 0xF4, 0x3F, 0x00, 0x00, 0x00, 0x7C, 0x0F, 0x40, 0x00,
    0x00, 0x00, 0x00, 0x00, 0x00, 0x00, 0x00, 0x00, 0x00, 0x00, 0x05, 0x15, 0x40, 0x01, 0x41, 0x5B,
    0xFF, 0xE0, 0x02, 0xFF, 0xF8, 0x3F, 0xC0, 0x00, 0x07, 0xE0, 0x07, 0xD0, 0x00, 0x00, 0xF0, 0x01,
    0xF4, 0x00, 0x00, 0x3C, 0x00, 0x7D, 0x00, 0x00, 0x0F, 0x00, 0x1F, 0x40, 0x00, 0x03, 0xC0, 0x07,
    0xD0, 0x00, 0x00, 0xF0, 0x01, 0xF4, 0x00, 0x00, 0x3C, 0x00, 0x7C, 0x00, 0x00, 0x0F, 0x00, 0x1F,
    0x00, 0x00, 0x03, 0xC0, 0x07, 0xC0, 0x00, 0x00, 0xF0, 0x01, 0xF0, 0x00, 0x00, 0x2C, 0x00, 0x7C,
    0x00, 0x00, 0x0B, 0x00, 0x1F, 0x00, 0x00, 0x02, 0xC0, 0x07, 0xD0, 0x00, 0x00, 0xF0, 0x01, 0xF4,
    0x00, 0x00, 0x3C, 0x00, 0x3F, 0x00, 0x00, 0x0F, 0x00, 0x0F, 0xD0, 0x00, 0x0B, 0x40, 0x01, 0xFD,
    0x00, 0x0B, 0xC0, 0x00, 0x1F, 0xFA, 0xAF, 0xC0, 0x00, 0x01, 0xFF, 0xFF, 0x40, 0x00, 0x00, 0x01,
    0x54, 0x00, 0x00, 0x00, 0x00, 0x00, 0x00, 0x00, 0x00, 0x00, 0x00, 0x0D, 0x00, 0x00, 0x00, 0x00,
    0xBE, 0x00, 0x00, 0x00, 0x0B, 0xF8, 0x00, 0x00, 0x00, 0x7E, 0x00, 0x00, 0x00, 0x00, 0x10, 0x00,
    0x00, 0x00, 0x00, 0x00, 0x00, 0x00, 0x14, 0x15, 0x40, 0x15, 0x14, 0xBF, 0xFF, 0xC0, 0x7F, 0xFD,
    0x1B, 0xF8, 0x00, 0x0B, 0xF4, 0x02, 0xF8, 0x00, 0x07, 0xC0, 0x00, 0xFC, 0x00, 0x0F, 0x00, 0x00,
    0xBD, 0x00, 0x1E, 0x00, 0x00, 0x3E, 0x00, 0x3C, 0x00, 0x00, 0x2F, 0x00, 0x74, 0x00, 0x00, 0x0F,
    0x80, 0xF0, 0x00, 0x00, 0x0B, 0xC1, 0xD0, 0x00, 0x00, 0x03, 0xE3, 0x80, 0x00, 0x00, 0x02, 0xFB,
    0x00, 0x00, 0x00, 0x00, 0xFE, 0x00, 0x00, 0x00, 0x00, 0xFD, 0x00, 0x00, 0x00, 0x00, 0xBC, 0x00,
    0x00, 0x00, 0x00, 0x7C, 0x00, 0x00, 0x00, 0x00, 0x7C, 0x00, 0x00, 0x00, 0x00, 0x7C, 0x00, 0x00,
    0x00, 0x00, 0x7C, 0x00, 0x00, 0x00, 0x00, 0xBC, 0x00, 0x00, 0x00, 0x06, 0xFF, 0x60, 0x00, 0x00,
    0x0F, 0xFF, 0xF0, 0x00, 0x00, 0x04, 0x00, 0x00, 0x00, 0x05, 0x05, 0x40, 0x00, 0x0F, 0xFF, 0xF0,
    0x00, 0x00, 0x2F, 0xD0, 0x00, 0x00, 0x07, 0xE0, 0x00, 0x00, 0x00, 0xF8, 0x00, 0x00, 0x00, 0x3F,
    0xFA, 0x90, 0x00, 0x0F, 0xFF, 0xFF, 0x40, 0x03, 0xD0, 0x1B, 0xF4, 0x00, 0xF4, 0x00, 0x7F, 0x00,
    0x3D, 0x00, 0x0F, 0xC0, 0x1F, 0x40, 0x02, 0xF4, 0x07, 0xC0, 0x00, 0x7D, 0x01, 0xF0, 0x00, 0x2F,
    0x00, 0x7C, 0x00, 0x0F, 0x40, 0x1F, 0x00, 0x0B, 0x80, 0x07, 0xF9, 0x6F, 0x40, 0x01, 0xFF, 0xFD,
    0x00, 0x00, 0x7C, 0x00, 0x00, 0x00, 0x1F, 0x00, 0x00, 0x00, 0x0B, 0xC0, 0x00, 0x00, 0x0B, 0xFD,
    0x40, 0x00, 0x0F, 0xFF, 0xF0, 0x00, 0x01, 0x00, 0x00, 0x00, 0x00, 0x00, 0x00, 0xAA, 0x00, 0x00,
    0x00, 0x3F, 0xFF, 0x80, 0x00, 0x03, 0xD5, 0x7F, 0x80, 0x00, 0x3C, 0x00, 0x2F, 0x00, 0x01, 0xE0,
    0x00, 0x3D, 0x00, 0x0F, 0x40, 0x00, 0xF0, 0x00, 0x3C, 0x00, 0x03, 0xC0, 0x00, 0xF0, 0x00, 0x3C,
    0x00, 0x07, 0xC0, 0x03, 0xD0, 0x00, 0x1F, 0x00, 0x3D, 0x00, 0x07, 0xFC, 0x02, 0xE0, 0x00, 0x1B,
    0xF0, 0x0F, 0x00, 0x00, 0x0B, 0xC0, 0x7D, 0x00, 0x00, 0x1F, 0x00, 0xFC, 0x00, 0x00, 0x7C, 0x02,
    0xFE, 0x00, 0x01, 0xF0, 0x03, 0xFF, 0x00, 0x07, 0xC0, 0x02, 0xFF, 0x40, 0x1F, 0x00, 0x01, 0xFF,
    0x40, 0x7C, 0x00, 0x00, 0xBF, 0x01, 0xF0, 0x00, 0x00, 0xBD, 0x07, 0xC0, 0x00, 0x00, 0xF4, 0x1F,
    0x00, 0x90, 0x03, 0xC0, 0xBC, 0x03, 0xC0, 0x1E, 0x07, 0xF9, 0x5F, 0x81, 0xF0, 0x7F, 0xFE, 0x3F,
    0xFE, 0x00, 0x00, 0x00, 0x05, 0x40, 0x00, 0x02, 0x00, 0x00, 0x00, 0x2E, 0x00, 0x00, 0x00, 0x7E,
    0x00, 0x00, 0x00, 0x3E, 0x00, 0x00, 0x00, 0x2D, 0x00, 0x00, 0x00, 0x2D, 0x00, 0x00, 0x00, 0x10,
    0x00, 0x00, 0x00, 0x00, 0x00, 0x00, 0x15, 0x00, 0x00, 0x07, 0xFF, 0x80, 0x01, 0xFF, 0xFF, 0x40,
    0x0F, 0x00, 0xBF, 0x00, 0x00, 0x00, 0xFC, 0x00, 0x00, 0x02, 0xF0, 0x00, 0x00, 0x0B, 0xC0, 0x00,
    0x00, 0x2F, 0x00, 0x00, 0x1B, 0xFC, 0x00, 0x2F, 0xE6, 0xE0, 0x03, 0xE0, 0x0B, 0x80, 0x2F, 0x00,
    0x2E, 0x00, 0xBC, 0x00, 0xF4, 0x01, 0xF8, 0x1F, 0xF0, 0x83, 0xFF, 0xD7, 0xFE, 0x03, 0xFD, 0x0F,
    0xF0, 0x00, 0x00, 0x05, 0x00, 0x00, 0x00, 0x60, 0x00, 0x00, 0x03, 0xD0, 0x00, 0x00, 0x3F, 0x00,
    0x00, 0x03, 0xE0, 0x00, 0x00, 0x2D, 0x00, 0x00, 0x02, 0xD0, 0x00, 0x00, 0x04, 0x00, 0x00, 0x00,
    0x00, 0x00, 0x00, 0x00, 0x15, 0x00, 0x00, 0x07, 0xFF, 0x80, 0x01, 0xFF, 0xFF, 0x40, 0x0F, 0x00,
    0xBF, 0x00, 0x00, 0x00, 0xFC, 0x00, 0x00, 0x02, 0xF0, 0x00, 0x00, 0x0B, 0xC0, 0x00, 0x00, 0x2F,
    0x00, 0x00, 0x1B, 0xFC, 0x00, 0x2F, 0xE6, 0xE0, 0x03, 0xE0, 0x0B, 0x80, 0x2F, 0x00, 0x2E, 0x00,
    0xBC, 0x00, 0xF4, 0x01, 0xF8, 0x1F, 0xF0, 0x83, 0xFF, 0xD7, 0xFE, 0x03, 0xFD, 0x0F, 0xF0, 0x00,
    0x00, 0x05, 0x00, 0x00, 0x04, 0x00, 0x00, 0x00, 0xF4, 0x00, 0x00, 0x0B, 0xF0, 0x00, 0x00, 0xBD,
    0xF0, 0x00, 0x0B, 0x80, 0xF0, 0x00, 0x74, 0x00, 0xB0, 0x00, 0x00, 0x00, 0x40, 0x00, 0x00, 0x00,
    0x00, 0x00, 0x15, 0x00, 0x00, 0x07, 0xFF, 0x80, 0x01, 0xFF, 0xFF, 0x40, 0x0F, 0x00, 0xBF, 0x00,
    0x00, 0x00, 0xFC, 0x00, 0x00, 0x02, 0xF0, 0x00, 0x00, 0x0B, 0xC0, 0x00, 0x00, 0x2F, 0x00, 0x00,
    0x1B, 0xFC, 0x00, 0x2F, 0xE6, 0xE0, 0x03, 0xE0, 0x0B, 0x80, 0x2F, 0x00, 0x2E, 0x00, 0xBC, 0x00,
    0xF4, 0x01, 0xF8, 0x1F, 0xF0, 0x83, 0xFF, 0xD7, 0xFE, 0x03, 0xFD, 0x0F, 0xF0, 0x00, 0x00, 0x05,
    0x00, 0x00, 0x00, 0x00, 0x00, 0x01, 0x00, 0x30, 0x00, 0x3F, 0x97, 0xC0, 0x03, 0xFF, 0xFC, 0x00,
    0x2C, 0x07, 0xC0, 0x00, 0x40, 0x00, 0x00, 0x00, 0x00, 0x00, 0x00, 0x00, 0x00, 0x00, 0x00, 0x00,
    0x15, 0x00, 0x00, 0x07, 0xFF, 0x80, 0x01, 0xFF, 0xFF, 0x40, 0x0F, 0x00, 0xBF, 0x00, 0x00, 0x00,
    0xFC, 0x00, 0x00, 0x02, 0xF0, 0x00, 0x00, 0x0B, 0xC0, 0x00, 0x00, 0x2F, 0x00, 0x00, 0x1B, 0xFC,
    0x00, 0x2F, 0xE6, 0xE0, 0x03, 0xE0, 0x0B, 0x80, 0x2F, 0x00, 0x2E, 0x00, 0xBC, 0x00, 0xF4, 0x01,
    0xF8, 0x1F, 0xF0, 0x83, 0xFF, 0xD7, 0xFE, 0x03, 0xFD, 0x0F, 0xF0, 0x00, 0x00, 0x05, 0x00, 0x00,
    0x00, 0x00, 0x00, 0x3F, 0x07, 0xD0, 0x00, 0xFC, 0x1F, 0x40, 0x01, 0x90, 0x28, 0x00, 0x00, 0x00,
    0x00, 0x00, 0x00, 0x00, 0x00, 0x00, 0x01, 0x50, 0x00, 0x00, 0x7F, 0xF8, 0x00, 0x1F, 0xFF, 0xF4,
    0x00, 0xF0, 0x0B, 0xF0, 0x00, 0x00, 0x0F, 0xC0, 0x00, 0x00, 0x2F, 0x00, 0x00, 0x00, 0xBC, 0x00,
    0x00, 0x02, 0xF0, 0x00, 0x01, 0xBF, 0xC0, 0x02, 0xFE, 0x6E, 0x00, 0x3E, 0x00, 0xB8, 0x02, 0xF0,
    0x02, 0xE0, 0x0B, 0xC0, 0x0F, 0x40, 0x1F, 0x81, 0xFF, 0x08, 0x3F, 0xFD, 0x7F, 0xE0, 0x3F, 0xD0,
    0xFF, 0x00, 0x00, 0x00, 0x50, 0x00, 0x00, 0x19, 0x00, 0x00, 0x03, 0xFD, 0x00, 0x00, 0x1C, 0x1C,
    0x00, 0x00, 0x70, 0x70, 0x00, 0x00, 0xE7, 0x40, 0x00, 0x01, 0xF4, 0x00, 0x00, 0x00, 0x00, 0x00,
    0x00, 0x00, 0x00, 0x00, 0x00, 0x15, 0x00, 0x00, 0x07, 0xFF, 0x80, 0x01, 0xFF, 0xFF, 0x40, 0x0F,
    0x00, 0xBF, 0x00, 0x00, 0x00, 0xFC, 0x00, 0x00, 0x02, 0xF0, 0x00, 0x00, 0x0B, 0xC0, 0x00, 0x00,
    0x2F, 0x00, 0x00, 0x1B, 0xFC, 0x00, 0x2F, 0xE6, 0xE0, 0x03, 0xE0, 0x0B, 0x80, 0x2F, 0x00, 0x2E,
    0x00, 0xBC, 0x00, 0xF4, 0x01, 0xF8, 0x1F, 0xF0, 0x83, 0xFF, 0xD7, 0xFE, 0x03, 0xFD, 0x0F, 0xF0,
    0x00, 0x00, 0x05, 0x00, 0x00, 0x15, 0x00, 0x05, 0x40, 0x00, 0xBF, 0xF0, 0x2F, 0xFD, 0x02, 0xFA,
    0xFF, 0x3E, 0x6F, 0xC0, 0xE0, 0x0B, 0xF8, 0x02, 0xF8, 0x00, 0x00, 0xFC, 0x00, 0x3F, 0x00, 0x00,
    0x3E, 0x00, 0x2F, 0xC0, 0x00, 0x0F, 0x46, 0xFF, 0x80, 0x00, 0x03, 0xFF, 0xE4, 0x00, 0x00, 0x2F,
    0xF9, 0x00, 0x00, 0x06, 0xFD, 0x3E, 0x00, 0x00, 0x07, 0xD0, 0x0F, 0xC0, 0x00, 0x03, 0xD0, 0x02,
    0xF0, 0x00, 0x00, 0xF8, 0x01, 0xFF, 0x00, 0x00, 0x3F, 0x42, 0xDB, 0xF0, 0x01, 0x87, 0xFF, 0xC0,
    0xFF, 0xFF, 0xE0, 0x7F, 0x80, 0x0B, 0xFF, 0x80, 0x00, 0x00, 0x00, 0x05, 0x00, 0x00, 0x00, 0x05,
    0x50, 0x00, 0xBF, 0xFF, 0x03, 0xE5, 0xBE, 0x0F, 0x40, 0x2D, 0x2E, 0x00, 0x1D, 0x3C, 0x00, 0x0C,
    0x7C, 0x00, 0x00, 0xBC, 0x00, 0x00, 0xFC, 0x00, 0x00, 0xFC, 0x00, 0x00, 0xBC, 0x00, 0x00, 0x7E,
    0x00, 0x00, 0x3F, 0x00, 0x00, 0x2F, 0xD0, 0x09, 0x0B, 0xFF, 0xFD, 0x01, 0xFF, 0xE0, 0x00, 0x0F,
    0x00, 0x00, 0x1C, 0x00, 0x00, 0x2F, 0x40, 0x00, 0x0B, 0xD0, 0x00, 0x01, 0xF0, 0x00, 0xC0, 0xE0,
    0x01, 0xE6, 0xC0, 0x00, 0x69, 0x00, 0x00, 0x80, 0x00, 0x00, 0xF8, 0x00, 0x00, 0x1F, 0x40, 0x00,
    0x01, 0xF4, 0x00, 0x00, 0x0F, 0x00, 0x00, 0x00, 0xF0, 0x00, 0x00, 0x04, 0x00, 0x00, 0x00, 0x00,
    0x00, 0x05, 0x40, 0x00, 0x2F, 0xFF, 0x00, 0x3E, 0x5B, 0xF0, 0x3C, 0x00, 0xBD, 0x2D, 0x00, 0x1F,
    0x4F, 0x00, 0x0B, 0xE7, 0xFF, 0xFF, 0xF6, 0xF5, 0x55, 0x54, 0xF8, 0x00, 0x00, 0x2F, 0x00, 0x00,
    0x0B, 0xC0, 0x00, 0x01, 0xF4, 0x00, 0x00, 0x3F, 0x00, 0x00, 0x0B, 0xF4, 0x01, 0xC0, 0xBF, 0xFF,
    0xE0, 0x07, 0xFF, 0x80, 0x00, 0x05, 0x00, 0x00, 0x00, 0x00, 0x14, 0x00, 0x00, 0x1F, 0x00, 0x00,
    0x0F, 0x80, 0x00, 0x0F, 0x40, 0x00, 0x0F, 0x40, 0x00, 0x0F, 0x00, 0x00, 0x01, 0x00, 0x00, 0x00,
    0x00, 0x00, 0x00, 0x05, 0x40, 0x00, 0x2F, 0xFF, 0x00, 0x3E, 0x5B, 0xF0, 0x3C, 0x00, 0xBD, 0x2D,
    0x00, 0x1F, 0x4F, 0x00, 0x0B, 0xE7, 0xFF, 0xFF, 0xF6, 0xF5, 0x55, 0x54, 0xF8, 0x00, 0x00, 0x2F,
    0x00, 0x00, 0x0B, 0xC0, 0x00, 0x01, 0xF4, 0x00, 0x00, 0x3F, 0x00, 0x00, 0x0B, 0xF4, 0x01, 0xC0,
    0xBF, 0xFF, 0xE0, 0x07, 0xFF, 0x80, 0x00, 0x05, 0x00, 0x00, 0x00, 0x00, 0x00, 0x00, 0x03, 0xC0,
    0x00, 0x03, 0xFC, 0x00, 0x02, 0xEB, 0xC0, 0x02, 0xD0, 0x7C, 0x02, 0xC0, 0x03, 0x80, 0x00, 0x00,
    0x00, 0x00, 0x00, 0x00, 0x00, 0x05, 0x40, 0x00, 0x2F, 0xFF, 0x00, 0x3E, 0x5B, 0xF0, 0x3C, 0x00,
    0xBD, 0x2D, 0x00, 0x1F, 0x4F, 0x00, 0x0B, 0xE7, 0xFF, 0xFF, 0xF6, 0xF5, 0x55, 0x54, 0xF8, 0x00,
    0x00, 0x2F, 0x00, 0x00, 0x0B, 0xC0, 0x00, 0x01, 0xF4, 0x00, 0x00, 0x3F, 0x00, 0x00, 0x0B, 0xF4,
    0x01, 0xC0, 0xBF, 0xFF, 0xE0, 0x07, 0xFF, 0x80, 0x00, 0x05, 0x00, 0x00, 0x00, 0x00, 0x00, 0x00,
    0xF8, 0x1F, 0x00, 0x3E, 0x0B, 0xC0, 0x0A, 0x00, 0xA0, 0x00, 0x00, 0x00, 0x00, 0x00, 0x00, 0x00,
    0x00, 0x54, 0x00, 0x02, 0xFF, 0xF0, 0x03, 0xE5, 0xBF, 0x03, 0xC0, 0x0B, 0xD2, 0xD0, 0x01, 0xF4,
    0xF0, 0x00, 0xBE, 0x7F, 0xFF, 0xFF, 0x6F, 0x55, 0x55, 0x4F, 0x80, 0x00, 0x02, 0xF0, 0x00, 0x00,
    0xBC, 0x00, 0x00, 0x1F, 0x40, 0x00, 0x03, 0xF0, 0x00, 0x00, 0xBF, 0x40, 0x1C, 0x0B, 0xFF, 0xFE,
    0x00, 0x7F, 0xF8, 0x00, 0x00, 0x50, 0x00, 0x20, 0x00, 0x2F, 0x00, 0x03, 0xE0, 0x00, 0x3E, 0x00,
    0x02, 0xE0, 0x00, 0x2D, 0x00, 0x01, 0x00, 0x00, 0x00, 0x00, 0x10, 0x06, 0xFD, 0x01, 0xBF, 0x00,
    0x0B, 0xC0, 0x02, 0xF0, 0x00, 0xBC, 0x00, 0x2F, 0x00, 0x0B, 0xC0, 0x02, 0xF0, 0x00, 0xBC, 0x00,
    0x2F, 0x00, 0x0B, 0xC0, 0x02, 0xE0, 0x00, 0xBC, 0x00, 0x7F, 0x90, 0x7F, 0xFC, 0x00, 0x00, 0x00,
    0x00, 0x20, 0x00, 0xF8, 0x02, 0xF0, 0x0B, 0xC0, 0x1E, 0x00, 0x78, 0x00, 0x10, 0x00, 0x00, 0x00,
    0x00, 0x40, 0x6F, 0xD0, 0x6F, 0xC0, 0x0B, 0xC0, 0x0B, 0xC0, 0x0B, 0xC0, 0x0B, 0xC0, 0x0B, 0xC0,
    0x0B, 0xC0, 0x0B, 0xC0, 0x0B, 0xC0, 0x0B, 0xC0, 0x0B, 0x80, 0x0B, 0xC0, 0x1F, 0xE4, 0x7F, 0xFC,
    0x00, 0x00, 0x00, 0x10, 0x00, 0x01, 0xE0, 0x00, 0x0F, 0xE0, 0x00, 0xF7, 0xE0, 0x0F, 0x02, 0xD0,
    0xF0, 0x01, 0xD1, 0x00, 0x00, 0x00, 0x00, 0x00, 0x00, 0x04, 0x00, 0x1B, 0xF4, 0x00, 0x6F, 0xC0,
    0x00, 0x2F, 0x00, 0x00, 0xBC, 0x00, 0x02, 0xF0, 0x00, 0x0B, 0xC0, 0x00, 0x2F, 0x00, 0x00, 0xBC,
    0x00, 0x02, 0xF0, 0x00, 0x0B, 0xC0, 0x00, 0x2F, 0x00, 0x00, 0xB8, 0x00, 0x02, 0xF0, 0x00, 0x1F,
    0xE4, 0x01, 0xFF, 0xF0, 0x00, 0x00, 0x00, 0x2C, 0x0F, 0x1F, 0x87, 0xD3, 0xC1, 0xF0, 0x00, 0x00,
    0x00, 0x00, 0x00, 0x04, 0x01, 0xBF, 0x40, 0x6F, 0xC0, 0x02, 0xF0, 0x00, 0xBC, 0x00, 0x2F, 0x00,
    0x0B, 0xC0, 0x02, 0xF0, 0x00, 0xBC, 0x00, 0x2F, 0x00, 0x0B, 0xC0, 0x02, 0xF0, 0x00, 0xB8, 0x00,
    0x2F, 0x00, 0x1F, 0xE4, 0x1F, 0xFF, 0x00, 0x00, 0x00, 0x20, 0x00, 0x00, 0x00, 0xF8, 0x00, 0x00,
    0x00, 0x7E, 0x00, 0x1C, 0x00, 0x2F, 0x0B, 0xD0, 0x00, 0x1F, 0xF4, 0x00, 0x00, 0xBF, 0x40, 0x00,
    0x2F, 0x5F, 0x40, 0x02, 0x80, 0x2F, 0x40, 0x00, 0x00, 0x3F, 0x00, 0x00, 0x00, 0x7E, 0x00, 0x02,
    0xFE, 0xFC, 0x00, 0x7F, 0xBF, 0xF4, 0x07, 0xC0, 0x0B, 0xF0, 0x3C, 0x00, 0x0F, 0xC2, 0xE0, 0x00,
    0x2F, 0x4F, 0x40, 0x00, 0x7D, 0x7C, 0x00, 0x01, 0xF5, 0xF0, 0x00, 0x07, 0xDB, 0xC0, 0x00, 0x1F,
    0x5F, 0x40, 0x00, 0x7C, 0x3E, 0x00, 0x02, 0xF0, 0xFC, 0x00, 0x0F, 0x41, 0xFC, 0x00, 0x78, 0x02,
    0xFE, 0x5B, 0x80, 0x01, 0xFF, 0xF4, 0x00, 0x00, 0x15, 0x00, 0x00, 0x00, 0x00, 0x00, 0x00, 0x00,
    0x01, 0x00, 0x28, 0x00, 0x02, 0xFD, 0x6C, 0x00, 0x01, 0xFF, 0xFD, 0x00, 0x01, 0xD0, 0x6D, 0x00,
    0x00, 0x10, 0x00, 0x00, 0x00, 0x00, 0x00, 0x00, 0x00, 0x00, 0x00, 0x00, 0x00, 0x00, 0x40, 0x14,
    0x00, 0x1B, 0xF0, 0x7F, 0xF0, 0x07, 0xFD, 0xFF, 0xFF, 0x00, 0x3F, 0xE0, 0x0F, 0xD0, 0x0B, 0xC0,
    0x01, 0xF4, 0x02, 0xF0, 0x00, 0x3D, 0x00, 0xBC, 0x00, 0x0F, 0x40, 0x2F, 0x00, 0x03, 0xD0, 0x0B,
    0xC0, 0x00, 0xF4, 0x02, 0xF0, 0x00, 0x3C, 0x00, 0xBC, 0x00, 0x0F, 0x00, 0x2F, 0x00, 0x03, 0xC0,
    0x0B, 0x80, 0x00, 0xF0, 0x02, 0xF0, 0x00, 0x7C, 0x01, 0xFE, 0x40, 0x3F, 0x91, 0xFF, 0xF0, 0x3F,
    0xFD, 0x00, 0x00, 0x04, 0x00, 0x00, 0x00, 0x80, 0x00, 0x00, 0x0B, 0xC0, 0x00, 0x00, 0x0F, 0x80,
    0x00, 0x00, 0x0F, 0x80, 0x00, 0x00, 0x0B, 0x40, 0x00, 0x00, 0x0B, 0x40, 0x00, 0x00, 0x04, 0x00,
    0x00, 0x00, 0x00, 0x00, 0x00, 0x05, 0x40, 0x00, 0x02, 0xFF, 0xF4, 0x00, 0x3E, 0x5B, 0xF4, 0x03,
    0xD0, 0x07, 0xF0, 0x2E, 0x00, 0x0B, 0xE0, 0xF0, 0x00, 0x0F, 0xC7, 0xC0, 0x00, 0x2F, 0x2F, 0x00,
    0x00, 0x7D, 0xFC, 0x00, 0x01, 0xF7, 0xF0, 0x00, 0x07, 0xDB, 0xC0, 0x00, 0x1F, 0x1F, 0x40, 0x00,
    0xB8, 0x3F, 0x00, 0x03, 0xC0, 0xBE, 0x00, 0x2D, 0x00, 0xFF, 0x57, 0xE0, 0x00, 0xBF, 0xFD, 0x00,
    0x00, 0x15, 0x00, 0x00, 0x00, 0x00, 0x08, 0x00, 0x00, 0x00, 0xF4, 0x00, 0x00, 0x0F, 0xC0, 0x00,
    0x00, 0xF8, 0x00, 0x00, 0x0B, 0x40, 0x00, 0x00, 0xB4, 0x00, 0x00, 0x01, 0x40, 0x00, 0x00, 0x00,
    0x00, 0x00, 0x00, 0x05, 0x40, 0x00, 0x02, 0xFF, 0xF4, 0x00, 0x3E, 0x5B, 0xF4, 0x03, 0xD0, 0x07,
    0xF0, 0x2E, 0x00, 0x0B, 0xE0, 0xF0, 0x00, 0x0F, 0xC7, 0xC0, 0x00, 0x2F, 0x2F, 0x00, 0x00, 0x7D,
    0xFC, 0x00, 0x01, 0xF7, 0xF0, 0x00, 0x07, 0xDB, 0xC0, 0x00, 0x1F, 0x1F, 0x40, 0x00, 0xB8, 0x3F,
    0x00, 0x03, 0xC0, 0xBE, 0x00, 0x2D, 0x00, 0xFF, 0x57, 0xE0, 0x00, 0xBF, 0xFD, 0x00, 0x00, 0x15,
    0x00, 0x00, 0x00, 0x01, 0x00, 0x00, 0x00, 0x2D, 0x00, 0x00, 0x02, 0xFD, 0x00, 0x00, 0x1F, 0x7C,
    0x00, 0x01, 0xE0, 0x3C, 0x00, 0x0D, 0x00, 0x2C, 0x00, 0x00, 0x00, 0x10, 0x00, 0x00, 0x00, 0x00,
    0x00, 0x05, 0x40, 0x00, 0x02, 0xFF, 0xF4, 0x00, 0x3E, 0x5B, 0xF4, 0x03, 0xD0, 0x07, 0xF0, 0x2E,
    0x00, 0x0B, 0xE0, 0xF0, 0x00, 0x0F, 0xC7, 0xC0, 0x00, 0x2F, 0x2F, 0x00, 0x00, 0x7D, 0xFC, 0x00,
    0x01, 0xF7, 0xF0, 0x00, 0x07, 0xDB, 0xC0, 0x00, 0x1F, 0x1F, 0x40, 0x00, 0xB8, 0x3F, 0x00, 0x03,
    0xC0, 0xBE, 0x00, 0x2D, 0x00, 0xFF, 0x57, 0xE0, 0x00, 0xBF, 0xFD, 0x00, 0x00, 0x15, 0x00, 0x00,
    0x00, 0x00, 0x00, 0x00, 0x00, 0x40, 0x0D, 0x00, 0x0F, 0xE5, 0xF0, 0x00, 0xBF, 0xFF, 0x00, 0x0B,
    0x01, 0xB0, 0x00, 0x10, 0x00, 0x00, 0x00, 0x00, 0x00, 0x00, 0x00, 0x00, 0x00, 0x00, 0x00, 0x05,
    0x40, 0x00, 0x02, 0xFF, 0xF4, 0x00, 0x3E, 0x5B, 0xF4, 0x03, 0xD0, 0x07, 0xF0, 0x2E, 0x00, 0x0B,
    0xE0, 0xF0, 0x00, 0x0F, 0xC7, 0xC0, 0x00, 0x2F, 0x2F, 0x00, 0x00, 0x7D, 0xFC, 0x00, 0x01, 0xF7,
    0xF0, 0x00, 0x07, 0xDB, 0xC0, 0x00, 0x1F, 0x1F, 0x40, 0x00, 0xB8, 0x3F, 0x00, 0x03, 0xC0, 0xBE,
    0x00, 0x2D, 0x00, 0xFF, 0x57, 0xE0, 0x00, 0xBF, 0xFD, 0x00, 0x00, 0x15, 0x00, 0x00, 0x00, 0x00,
    0x00, 0x00, 0x0B, 0xC0, 0xF4, 0x00, 0x3F, 0x07, 0xE0, 0x00, 0x74, 0x0A, 0x00, 0x00, 0x00, 0x00,
    0x00, 0x00, 0x00, 0x00, 0x00, 0x00, 0x54, 0x00, 0x00, 0x2F, 0xFF, 0x40, 0x03, 0xE5, 0xBF, 0x40,
    0x3D, 0x00, 0x7F, 0x02, 0xE0, 0x00, 0xBE, 0x0F, 0x00, 0x00, 0xFC, 0x7C, 0x00, 0x02, 0xF2, 0xF0,
    0x00, 0x07, 0xDF, 0xC0, 0x00, 0x1F, 0x7F, 0x00, 0x00, 0x7D, 0xBC, 0x00, 0x01, 0xF1, 0xF4, 0x00,
    0x0B, 0x83, 0xF0, 0x00, 0x3C, 0x0B, 0xE0, 0x02, 0xD0, 0x0F, 0xF5, 0x7E, 0x00, 0x0B, 0xFF, 0xD0,
    0x00, 0x01, 0x50, 0x00, 0x00, 0x00, 0x01, 0x80, 0x00, 0x00, 0x01, 0xFC, 0x00, 0x00, 0x00, 0xBF,
    0x00, 0x00, 0x00, 0x1F, 0xC0, 0x00, 0x00, 0x01, 0x40, 0x00, 0x00, 0x00, 0x00, 0x00, 0x00, 0x00,
    0x00, 0x00, 0x00, 0xAA, 0xAA, 0xAB, 0xFC, 0x7F, 0xFF, 0xFF, 0xFF, 0x00, 0x00, 0x00, 0x00, 0x00,
    0x00, 0x00, 0x00, 0x00, 0x00, 0x00, 0x00, 0x00, 0x00, 0x02, 0xE0, 0x00, 0x00, 0x02, 0xFC, 0x00,
    0x00, 0x00, 0xBF, 0x00, 0x00, 0x00, 0x0F, 0x80, 0x00, 0x00, 0x00, 0x00, 0x00, 0x00, 0x00, 0x00,
    0x01, 0xC0, 0x00, 0x00, 0x0E, 0x00, 0x00, 0x55, 0x70, 0x00, 0x2F, 0xFF, 0x80, 0x03, 0xE5, 0xBF,
    0x40, 0x3D, 0x00, 0xFF, 0x02, 0xE0, 0x07, 0xBE, 0x0F, 0x00, 0x34, 0xFC, 0x7C, 0x01, 0xC2, 0xF2,
    0xF0, 0x0D, 0x07, 0xDF, 0xC0, 0xB0, 0x1F, 0x7F, 0x03, 0x40, 0x7D, 0xBC, 0x2C, 0x01, 0xF1, 0xF4,
    0xC0, 0x0B, 0x83, 0xFA, 0x00, 0x3C, 0x0B, 0xF0, 0x02, 0xD0, 0x0B, 0xF5, 0x7E, 0x00, 0x0F, 0xFF,
    0xD0, 0x00, 0xA1, 0x50, 0x00, 0x03, 0x00, 0x00, 0x00, 0x28, 0x00, 0x00, 0x00, 0x00, 0x00, 0x00,
    0x00, 0x00, 0x20, 0x00, 0x00, 0x00, 0x07, 0xC0, 0x00, 0x00, 0x00, 0x3F, 0x00, 0x00, 0x00, 0x00,
    0xB8, 0x00, 0x00, 0x00, 0x02, 0xE0, 0x00, 0x00, 0x00, 0x07, 0x80, 0x00, 0x00, 0x00, 0x14, 0x00,
    0x00, 0x00, 0x00, 0x00, 0x00, 0x00, 0x10, 0x00, 0x04, 0x02, 0xBF, 0x01, 0xBF, 0x80, 0x2F, 0xE0,
    0x1B, 0xF8, 0x00, 0x3E, 0x00, 0x1F, 0x40, 0x03, 0xD0, 0x00, 0xF4, 0x00, 0x3D, 0x00, 0x0F, 0x40,
    0x03, 0xD0, 0x00, 0xF4, 0x00, 0x3D, 0x00, 0x0F, 0x00, 0x03, 0xC0, 0x00, 0xF0, 0x00, 0x3C, 0x00,
    0x0F, 0x00, 0x03, 0xC0, 0x00, 0xF0, 0x00, 0x3C, 0x00, 0x0F, 0x00, 0x03, 0xD0, 0x02, 0xF0, 0x00,
    0x3F, 0x41, 0xFF, 0x42, 0x02, 0xFF, 0xF8, 0xBF, 0xD0, 0x0B, 0xFD, 0x03, 0xF4, 0x00, 0x05, 0x00,
    0x04, 0x00, 0x00, 0x00, 0x02, 0x00, 0x00, 0x00, 0x00, 0xF8, 0x00, 0x00, 0x00, 0x2F, 0x00, 0x00,
    0x00, 0x0B, 0xC0, 0x00, 0x00, 0x02, 0xE0, 0x00, 0x00, 0x00, 0x74, 0x00, 0x00, 0x00, 0x01, 0x00,
    0x00, 0x00, 0x00, 0x00, 0x00, 0x00, 0x00, 0x10, 0x00, 0x04, 0x02, 0xBF, 0x01, 0xBF, 0x80, 0x2F,
    0xE0, 0x1B, 0xF8, 0x00, 0x3E, 0x00, 0x1F, 0x40, 0x03, 0xD0, 0x00, 0xF4, 0x00, 0x3D, 0x00, 0x0F,
    0x40, 0x03, 0xD0, 0x00, 0xF4, 0x00, 0x3D, 0x00, 0x0F, 0x00, 0x03, 0xC0, 0x00, 0xF0, 0x00, 0x3C,
    0x00, 0x0F, 0x00, 0x03, 0xC0, 0x00, 0xF0, 0x00, 0x3C, 0x00, 0x0F, 0x00, 0x03, 0xD0, 0x02, 0xF0,
    0x00, 0x3F, 0x41, 0xFF, 0x42, 0x02, 0xFF, 0xF8, 0xBF, 0xD0, 0x0B, 0xFD, 0x03, 0xF4, 0x00, 0x05,
    0x00, 0x04, 0x00, 0x00, 0x00, 0x40, 0x00, 0x00, 0x00, 0x2E, 0x00, 0x00, 0x00, 0x07, 0xF4, 0x00,
    0x00, 0x01, 0xF7, 0xD0, 0x00, 0x00, 0x3C, 0x0B, 0x40, 0x00, 0x0E, 0x00, 0x2C, 0x00, 0x00, 0x40,
    0x00, 0x40, 0x00, 0x00, 0x00, 0x00, 0x00, 0x00, 0x10, 0x00, 0x04, 0x02, 0xBF, 0x01, 0xBF, 0x80,
    0x2F, 0xE0, 0x1B, 0xF8, 0x00, 0x3E, 0x00, 0x1F, 0x40, 0x03, 0xD0, 0x00, 0xF4, 0x00, 0x3D, 0x00,
    0x0F, 0x40, 0x03, 0xD0, 0x00, 0xF4, 0x00, 0x3D, 0x00, 0x0F, 0x00, 0x03, 0xC0, 0x00, 0xF0, 0x00,
    0x3C, 0x00, 0x0F, 0x00, 0x03, 0xC0, 0x00, 0xF0, 0x00, 0x3C, 0x00, 0x0F, 0x00, 0x03, 0xD0, 0x02,
    0xF0, 0x00, 0x3F, 0x41, 0xFF, 0x42, 0x02, 0xFF, 0xF8, 0xBF, 0xD0, 0x0B, 0xFD, 0x03, 0xF4, 0x00,
    0x05, 0x00, 0x04, 0x00, 0x00, 0x00, 0x00, 0x00, 0x00, 0x0B, 0xC0, 0xF8, 0x00, 0x00, 0xFC, 0x0F,
    0x80, 0x00, 0x07, 0x40, 0xA0, 0x00, 0x00, 0x00, 0x00, 0x00, 0x00, 0x00, 0x00, 0x00, 0x00, 0x00,
    0x10, 0x00, 0x04, 0x02, 0xBF, 0x01, 0xBF, 0x80, 0x2F, 0xE0, 0x1B, 0xF8, 0x00, 0x3E, 0x00, 0x1F,
    0x40, 0x03, 0xD0, 0x00, 0xF4, 0x00, 0x3D, 0x00, 0x0F, 0x40, 0x03, 0xD0, 0x00, 0xF4, 0x00, 0x3D,
    0x00, 0x0F, 0x00, 0x03, 0xC0, 0x00, 0xF0, 0x00, 0x3C, 0x00, 0x0F, 0x00, 0x03, 0xC0, 0x00, 0xF0,
    0x00, 0x3C, 0x00, 0x0F, 0x00, 0x03, 0xD0, 0x02, 0xF0, 0x00, 0x3F, 0x41, 0xFF, 0x42, 0x02, 0xFF,
    0xF8, 0xBF, 0xD0, 0x0B, 0xFD, 0x03, 0xF4, 0x00, 0x05, 0x00, 0x04, 0x00, 0x00, 0x00, 0x02, 0x00,
    0x00, 0x00, 0x02, 0xF0, 0x00, 0x00, 0x02, 0xF4, 0x00, 0x00, 0x01, 0xF0, 0x00, 0x00, 0x01, 0xE0,
    0x00, 0x00, 0x01, 0xE0, 0x00, 0x00, 0x00, 0x10, 0x00, 0x00, 0x00, 0x00, 0x00, 0x00, 0x00, 0x00,
    0x00, 0x00, 0x0F, 0xFF, 0x87, 0xFF, 0xC1, 0xFF, 0x00, 0x0B, 0xC0, 0x0F, 0x80, 0x02, 0xC0, 0x02,
    0xF0, 0x00, 0xF0, 0x00, 0x7D, 0x00, 0x74, 0x00, 0x0F, 0x80, 0x2C, 0x00, 0x02, 0xF0, 0x0E, 0x00,
    0x00, 0x7C, 0x0B, 0x00, 0x00, 0x0F, 0x43, 0x80, 0x00, 0x02, 0xF1, 0xD0, 0x00, 0x00, 0x7C, 0xB0,
    0x00, 0x00, 0x0F, 0xB4, 0x00, 0x00, 0x02, 0xFC, 0x00, 0x00, 0x00, 0x7E, 0x00, 0x00, 0x00, 0x0F,
    0x00, 0x00, 0x00, 0x03, 0xC0, 0x00, 0x00, 0x02, 0xD0, 0x00, 0x00, 0x00, 0xF0, 0x00, 0x00, 0x00,
    0xF4, 0x00, 0x00, 0x00, 0xBC, 0x00, 0x00, 0x01, 0xFD, 0x00, 0x00, 0x03, 0xFE, 0x00, 0x00, 0x00,
    0x7D, 0x00, 0x00, 0x00, 0x00, 0x00, 0x00, 0x00, 0x00, 0x00, 0x60, 0x00, 0x00, 0x3F, 0xF0, 0x00,
    0x00, 0x1F, 0xE0, 0x00, 0x00, 0x03, 0xE0, 0x00, 0x00, 0x03, 0xE0, 0x00, 0x00, 0x03, 0xE0, 0x00,
    0x00, 0x03, 0xD0, 0x00, 0x00, 0x03, 0xD0, 0x00, 0x00, 0x03, 0xD0, 0x00, 0x00, 0x03, 0xD0, 0x14,
    0x00, 0x03, 0xD2, 0xFF, 0x80, 0x03, 0xEF, 0xFF, 0xF0, 0x03, 0xF8, 0x07, 0xF8, 0x03, 0xD0, 0x00,
    0xFC, 0x03, 0xC0, 0x00, 0xBD, 0x03, 0xC0, 0x00, 0x3E, 0x03, 0xC0, 0x00, 0x3E, 0x03, 0xC0, 0x00,
    0x3E, 0x03, 0xC0, 0x00, 0x3E, 0x03, 0xC0, 0x00, 0x3D, 0x03, 0xC0, 0x00, 0x7C, 0x03, 0xC0, 0x00,
    0xB4, 0x03, 0xC0, 0x02, 0xE0, 0x03, 0xFE, 0x6F, 0x40, 0x03, 0xFF, 0xFC, 0x00, 0x03, 0xD5, 0x40,
    0x00, 0x03, 0xC0, 0x00, 0x00, 0x03, 0xC0, 0x00, 0x00, 0x03, 0xC0, 0x00, 0x00, 0x07, 0xC0, 0x00,
    0x00, 0x07, 0xD0, 0x00, 0x00, 0x2F, 0xFA, 0x00, 0x00, 0x3E, 0xA9, 0x00, 0x00, 0x00, 0x00, 0x00,
    0x00, 0x00, 0x1F, 0x03, 0xE0, 0x00, 0x0B, 0xD0, 0xFC, 0x00, 0x00, 0xA0, 0x28, 0x00, 0x00, 0x00,
    0x00, 0x00, 0x00, 0x00, 0x00, 0x00, 0x00, 0x00, 0x00, 0x00, 0x00, 0xFF, 0xF8, 0x7F, 0xFC, 0x1F,
    0xF0, 0x00, 0xBC, 0x00, 0xF8, 0x00, 0x2C, 0x00, 0x2F, 0x00, 0x0F, 0x00, 0x07, 0xD0, 0x07, 0x40,
    0x00, 0xF8, 0x02, 0xC0, 0x00, 0x2F, 0x00, 0xE0, 0x00, 0x07, 0xC0, 0xB0, 0x00, 0x00, 0xF4, 0x38,
    0x00, 0x00, 0x2F, 0x1D, 0x00, 0x00, 0x07, 0xCB, 0x00, 0x00, 0x00, 0xFB, 0x40, 0x00, 0x00, 0x2F,
    0xC0, 0x00, 0x00, 0x07, 0xE0, 0x00, 0x00, 0x00, 0xF0, 0x00, 0x00, 0x00, 0x3C, 0x00, 0x00, 0x00,
    0x2D, 0x00, 0x00, 0x00, 0x0F, 0x00, 0x00, 0x00, 0x0F, 0x40, 0x00, 0x00, 0x0B, 0xC0, 0x00, 0x00,
    0x1F, 0xD0, 0x00, 0x00, 0x3F, 0xE0, 0x00, 0x00, 0x07, 0xD0, 0x00, 0x00, 0x00, 0x00, 0x00, 0x00,
    0x00, 0x00, 0x0B, 0xEA, 0xFE, 0x00, 0x00, 0x03, 0xFF, 0xFF, 0x80, 0x00, 0x00, 0x00, 0x00, 0x00,
    0x00, 0x00, 0x00, 0x00, 0x00, 0x00, 0x00, 0x00, 0x01, 0x00, 0x00, 0x00, 0x00, 0x07, 0xE0, 0x00,
    0x00, 0x00, 0x02, 0xFC, 0x00, 0x00, 0x00, 0x00, 0xFF, 0x00, 0x00, 0x00, 0x00, 0xB7, 0xD0, 0x00,
    0x00, 0x00, 0x3C, 0xF8, 0x00, 0x00, 0x00, 0x1D, 0x2F, 0x00, 0x00, 0x00, 0x0B, 0x07, 0xC0, 0x00,
    0x00, 0x03, 0x80, 0xF8, 0x00, 0x00, 0x01, 0xD0, 0x3F, 0x00, 0x00, 0x00, 0xF0, 0x07, 0xC0, 0x00,
    0x00, 0x38, 0x00, 0xF4, 0x00, 0x00, 0x2D, 0x00, 0x3E, 0x00, 0x00, 0x0F, 0xFF, 0xFF, 0xC0, 0x00,
    0x07, 0x95, 0x55, 0xF4, 0x00, 0x02, 0xC0, 0x00, 0x3E, 0x00, 0x00, 0xF0, 0x00, 0x0B, 0xC0, 0x00,
    0x78, 0x00, 0x01, 0xF4, 0x00, 0x3C, 0x00, 0x00, 0x3E, 0x00, 0x1F, 0x00, 0x00, 0x0F, 0xC0, 0x2F,
    0xE5, 0x40, 0x1B, 0xFE, 0x5F, 0xFF, 0xF0, 0x3F, 0xFF, 0xE0, 0x00, 0x00, 0x04, 0x00, 0x00, 0x00,
    0x00, 0x00, 0x00, 0x7F, 0xFF, 0xF0, 0x02, 0xFF, 0xFF, 0xC0, 0x00, 0x00, 0x00, 0x00, 0x00, 0x00,
    0x00, 0x00, 0x00, 0x00, 0x00, 0x00, 0x01, 0x50, 0x00, 0x00, 0x7F, 0xF8, 0x00, 0x1F, 0xFF, 0xF4,
    0x00, 0xF0, 0x0B, 0xF0, 0x00, 0x00, 0x0F, 0xC0, 0x00, 0x00, 0x2F, 0x00, 0x00, 0x00, 0xBC, 0x00,
    0x00, 0x02, 0xF0, 0x00, 0x01, 0xBF, 0xC0, 0x02, 0xFE, 0x6E, 0x00, 0x3E, 0x00, 0xB8, 0x02, 0xF0,
    0x02, 0xE0, 0x0B, 0xC0, 0x0F, 0x40, 0x1F, 0x81, 0xFF, 0x08, 0x3F, 0xFD, 0x7F, 0xE0, 0x3F, 0xD0,
    0xFF, 0x00, 0x00, 0x00, 0x50, 0x00, 0x00, 0x00, 0x00, 0x00, 0x00, 0x00, 0x00, 0xD0, 0x0A, 0x00,
    0x00, 0x00, 0x1F, 0xAF, 0x00, 0x00, 0x00, 0x02, 0xFF, 0x40, 0x00, 0x00, 0x00, 0x05, 0x00, 0x00,
    0x00, 0x00, 0x00, 0x00, 0x00, 0x00, 0x00, 0x00, 0x10, 0x00, 0x00, 0x00, 0x00, 0x7E, 0x00, 0x00,
    0x00, 0x00, 0x2F, 0xC0, 0x00, 0x00, 0x00, 0x0F, 0xF0, 0x00, 0x00, 0x00, 0x0B, 0x7D, 0x00, 0x00,
    0x00, 0x03, 0xCF, 0x80, 0x00, 0x00, 0x01, 0xD2, 0xF0, 0x00, 0x00, 0x00, 0xB0, 0x7C, 0x00, 0x00,
    0x00, 0x38, 0x0F, 0x80, 0x00, 0x00, 0x1D, 0x03, 0xF0, 0x00, 0x00, 0x0F, 0x00, 0x7C, 0x00, 0x00,
    0x03, 0x80, 0x0F, 0x40, 0x00, 0x02, 0xD0, 0x03, 0xE0, 0x00, 0x00, 0xFF, 0xFF, 0xFC, 0x00, 0x00,
    0x79, 0x55, 0x5F, 0x40, 0x00, 0x2C, 0x00, 0x03, 0xE0, 0x00, 0x0F, 0x00, 0x00, 0xBC, 0x00, 0x07,
    0x80, 0x00, 0x1F, 0x40, 0x03, 0xC0, 0x00, 0x03, 0xE0, 0x01, 0xF0, 0x00, 0x00, 0xFC, 0x02, 0xFE,
    0x54, 0x01, 0xBF, 0xE5, 0xFF, 0xFF, 0x03, 0xFF, 0xFE, 0x00, 0x00, 0x00, 0x40, 0x00, 0x00, 0x00,
    0x00, 0x00, 0x00, 0x24, 0x00, 0xC0, 0x00, 0x34, 0x0B, 0x00, 0x00, 0xBF, 0xF4, 0x00, 0x00, 0xBF,
    0x40, 0x00, 0x00, 0x00, 0x00, 0x00, 0x00, 0x00, 0x00, 0x00, 0x05, 0x40, 0x00, 0x01, 0xFF, 0xE0,
    0x00, 0x7F, 0xFF, 0xD0, 0x03, 0xC0, 0x2F, 0xC0, 0x00, 0x00, 0x3F, 0x00, 0x00, 0x00, 0xBC, 0x00,
    0x00, 0x02, 0xF0, 0x00, 0x00, 0x0B, 0xC0, 0x00, 0x06, 0xFF, 0x00, 0x0B, 0xF9, 0xB8, 0x00, 0xF8,
    0x02, 0xE0, 0x0B, 0xC0, 0x0B, 0x80, 0x2F, 0x00, 0x3D, 0x00, 0x7E, 0x07, 0xFC, 0x20, 0xFF, 0xF5,
    0xFF, 0x80, 0xFF, 0x43, 0xFC, 0x00, 0x00, 0x01, 0x40, 0x00, 0x00, 0x01, 0x00, 0x00, 0x00, 0x00,
    0x07, 0xE0, 0x00, 0x00, 0x00, 0x02, 0xFC, 0x00, 0x00, 0x00, 0x00, 0xFF, 0x00, 0x00, 0x00, 0x00,
    0xB7, 0xD0, 0x00, 0x00, 0x00, 0x3C, 0xF8, 0x00, 0x00, 0x00, 0x1D, 0x2F, 0x00, 0x00, 0x00, 0x0B,
    0x07, 0xC0, 0x00, 0x00, 0x03, 0x80, 0xF8, 0x00, 0x00, 0x01, 0xD0, 0x3F, 0x00, 0x00, 0x00, 0xF0,
    0x07, 0xC0, 0x00, 0x00, 0x38, 0x00, 0xF4, 0x00, 0x00, 0x2D, 0x00, 0x3E, 0x00, 0x00, 0x0F, 0xFF,
    0xFF, 0xC0, 0x00, 0x07, 0x95, 0x55, 0xF4, 0x00, 0x02, 0xC0, 0x00, 0x3E, 0x00, 0x00, 0xF0, 0x00,
    0x0B, 0xC0, 0x00, 0x78, 0x00, 0x01, 0xF4, 0x00, 0x3C, 0x00, 0x00, 0x3E, 0x00, 0x1F, 0x00, 0x00,
    0x0F, 0xC0, 0x2F, 0xE5, 0x40, 0x1B, 0xFF, 0x5F, 0xFF, 0xF0, 0x3F, 0xFF, 0xE0, 0x00, 0x00, 0x04,
    0x0B, 0x00, 0x00, 0x00, 0x00, 0x07, 0x00, 0x00, 0x00, 0x00, 0x07, 0x40, 0x00, 0x00, 0x00, 0x03,
    0xC0, 0x00, 0x00, 0x00, 0x00, 0xF0, 0x00, 0x00, 0x00, 0x00, 0x3D, 0x05, 0x00, 0x00, 0x00, 0x0F,
    0xFF, 0x00, 0x00, 0x00, 0x00, 0xBE, 0x00, 0x00, 0x00, 0x00, 0x00, 0x00, 0x00, 0x15, 0x00, 0x00,
    0x07, 0xFF, 0x80, 0x01, 0xFF, 0xFF, 0x40, 0x0F, 0x00, 0xBF, 0x00, 0x00, 0x00, 0xFC, 0x00, 0x00,
    0x02, 0xF0, 0x00, 0x00, 0x0B, 0xC0, 0x00, 0x00, 0x2F, 0x00, 0x00, 0x1B, 0xFC, 0x00, 0x2F, 0xE6,
    0xE0, 0x03, 0xE0, 0x0B, 0x80, 0x2F, 0x00, 0x2E, 0x00, 0xBC, 0x00, 0xF4, 0x01, 0xF8, 0x1F, 0xF0,
    0x83, 0xFF, 0xD7, 0xFE, 0x03, 0xFD, 0x0F, 0xF0, 0x00, 0x00, 0x0F, 0x00, 0x00, 0x00, 0xB0, 0x00,
    0x00, 0x07, 0x40, 0x00, 0x00, 0x3C, 0x00, 0x00, 0x00, 0xF0, 0x00, 0x00, 0x03, 0xD0, 0x50, 0x00,
    0x0F, 0xFF, 0x00, 0x00, 0x0B, 0xE0, 0x00, 0x00, 0x00, 0x00, 0x00, 0x00, 0x00, 0x00, 0x00, 0x00,
    0x00, 0x00, 0x1C, 0x00, 0x00, 0x00, 0x07, 0xF0, 0x00, 0x00, 0x01, 0xFE, 0x40, 0x00, 0x00, 0x2F,
    0x40, 0x00, 0x00, 0x00, 0x40, 0x00, 0x00, 0x00, 0x00, 0x00, 0x00, 0x00, 0x00, 0x06, 0xA9, 0x40,
    0x00, 0x07, 0xFF, 0xFF, 0xE0, 0x00, 0xFE, 0x55, 0xFF, 0x80, 0x0F, 0x80, 0x00, 0x7D, 0x00, 0xF8,
    0x00, 0x00, 0xB4, 0x0F, 0xC0, 0x00, 0x01, 0xC0, 0x7C, 0x00, 0x00, 0x07, 0x03, 0xF0, 0x00, 0x00,
    0x00, 0x0F, 0x80, 0x00, 0x00, 0x00, 0x7D, 0x00, 0x00, 0x00, 0x02, 0xF4, 0x00, 0x00, 0x00, 0x0B,
    0xD0, 0x00, 0x00, 0x00, 0x2F, 0x40, 0x00, 0x00, 0x00, 0xBE, 0x00, 0x00, 0x00, 0x01, 0xFC, 0x00,
    0x00, 0x00, 0x03, 0xF0, 0x00, 0x00, 0x02, 0x0F, 0xE0, 0x00, 0x00, 0x2C, 0x1F, 0xC0, 0x00, 0x00,
    0xF0, 0x3F, 0xC0, 0x00, 0x0B, 0x80, 0x3F, 0xC0, 0x00, 0x7E, 0x00, 0x3F, 0xE5, 0x5F, 0xF4, 0x00,
    0x1F, 0xFF, 0xFE, 0x40, 0x00, 0x01, 0x55, 0x00, 0x00, 0x00, 0x00, 0x14, 0x00, 0x00, 0x7D, 0x00,
    0x00, 0xF8, 0x00, 0x03, 0xD0, 0x00, 0x0F, 0x40, 0x00, 0x3C, 0x00, 0x00, 0x10, 0x00, 0x00, 0x00,
    0x00, 0x00, 0x05, 0x50, 0x00, 0xBF, 0xFF, 0x03, 0xE5, 0xBE, 0x0F, 0x40, 0x2D, 0x2E, 0x00, 0x1D,
    0x3C, 0x00, 0x0C, 0x7C, 0x00, 0x00, 0xBC, 0x00, 0x00, 0xFC, 0x00, 0x00, 0xFC, 0x00, 0x00, 0xBC,
    0x00, 0x00, 0x7E, 0x00, 0x00, 0x3F, 0x00, 0x00, 0x2F, 0xD0, 0x09, 0x0B, 0xFF, 0xFD, 0x01, 0xFF,
    0xE0, 0x00, 0x05, 0x00, 0x00, 0x00, 0x00, 0x00, 0x00, 0x00, 0x00, 0x74, 0x00, 0x00, 0x00, 0x07,
    0xF0, 0x00, 0x00, 0x00, 0x7E, 0xF0, 0x00, 0x00, 0x03, 0xC1, 0xF0, 0x00, 0x00, 0x38, 0x00, 0xF0,
    0x00, 0x00, 0x40, 0x00, 0x40, 0x00, 0x00, 0x00, 0x00, 0x00, 0x00, 0x00, 0x1A, 0xA5, 0x00, 0x00,
    0x1F, 0xFF, 0xFF, 0x80, 0x03, 0xF9, 0x57, 0xFE, 0x00, 0x3E, 0x00, 0x01, 0xF4, 0x03, 0xE0, 0x00,
    0x02, 0xD0, 0x3F, 0x00, 0x00, 0x07, 0x01, 0xF0, 0x00, 0x00, 0x1C, 0x0F, 0xC0, 0x00, 0x00, 0x00,
    0x3E, 0x00, 0x00, 0x00, 0x01, 0xF4, 0x00, 0x00, 0x00, 0x0B, 0xD0, 0x00, 0x00, 0x00, 0x2F, 0x40,
    0x00, 0x00, 0x00, 0xBD, 0x00, 0x00, 0x00, 0x02, 0xF8, 0x00, 0x00, 0x00, 0x07, 0xF0, 0x00, 0x00,
    0x00, 0x0F, 0xC0, 0x00, 0x00, 0x08, 0x3F, 0x80, 0x00, 0x00, 0xB0, 0x7F, 0x00, 0x00, 0x03, 0xC0,
    0xFF, 0x00, 0x00, 0x2E, 0x00, 0xFF, 0x00, 0x01, 0xF8, 0x00, 0xFF, 0x95, 0x7F, 0xD0, 0x00, 0x7F,
    0xFF, 0xF9, 0x00, 0x00, 0x05, 0x54, 0x00, 0x00, 0x00, 0x00, 0x00, 0x00, 0x00, 0xF0, 0x00, 0x00,
    0xFE, 0x00, 0x00, 0xFA, 0xE0, 0x00, 0xF4, 0x1E, 0x00, 0xB0, 0x01, 0xD0, 0x10, 0x00, 0x00, 0x00,
    0x00, 0x00, 0x00, 0x05, 0x50, 0x00, 0x2F, 0xFF, 0xC0, 0x3E, 0x5B, 0xE0, 0x3D, 0x00, 0xB4, 0x2E,
    0x00, 0x1D, 0x0F, 0x00, 0x03, 0x07, 0xC0, 0x00, 0x02, 0xF0, 0x00, 0x00, 0xFC, 0x00, 0x00, 0x3F,
    0x00, 0x00, 0x0B, 0xC0, 0x00, 0x01, 0xF8, 0x00, 0x00, 0x3F, 0x00, 0x00, 0x0B, 0xF4, 0x02, 0x40,
    0xBF, 0xFF, 0xD0, 0x07, 0xFF, 0x80, 0x00, 0x05, 0x00, 0x00, 0x00, 0x00, 0x00, 0x00, 0x00, 0x00,
    0x00, 0x7D, 0x00, 0x00, 0x00, 0x03, 0xF8, 0x00, 0x00, 0x00, 0x0B, 0xD0, 0x00, 0x00, 0x00, 0x04,
    0x00, 0x00, 0x00, 0x00, 0x00, 0x00, 0x00, 0x00, 0x01, 0xAA, 0x50, 0x00, 0x01, 0xFF, 0xFF, 0xF8,
    0x00, 0x3F, 0x95, 0x7F, 0xE0, 0x03, 0xE0, 0x00, 0x1F, 0x40, 0x3E, 0x00, 0x00, 0x2D, 0x03, 0xF0,
    0x00, 0x00, 0x70, 0x1F, 0x00, 0x00, 0x01, 0xC0, 0xFC, 0x00, 0x00, 0x00, 0x03, 0xE0, 0x00, 0x00,
    0x00, 0x1F, 0x40, 0x00, 0x00, 0x00, 0xBD, 0x00, 0x00, 0x00, 0x02, 0xF4, 0x00, 0x00, 0x00, 0x0B,
    0xD0, 0x00, 0x00, 0x00, 0x2F, 0x80, 0x00, 0x00, 0x00, 0x7F, 0x00, 0x00, 0x00, 0x00, 0xFC, 0x00,
    0x00, 0x00, 0x83, 0xF8, 0x00, 0x00, 0x0B, 0x07, 0xF0, 0x00, 0x00, 0x3C, 0x0F, 0xF0, 0x00, 0x02,
    0xE0, 0x0F, 0xF0, 0x00, 0x1F, 0x80, 0x0F, 0xF9, 0x57, 0xFD, 0x00, 0x07, 0xFF, 0xFF, 0x90, 0x00,
    0x00, 0x55, 0x40, 0x00, 0x00, 0x00, 0x00, 0x00, 0x0F, 0x40, 0x00, 0x2F, 0xC0, 0x00, 0x2F, 0x80,
    0x00, 0x09, 0x00, 0x00, 0x00, 0x00, 0x00, 0x00, 0x00, 0x00, 0x00, 0x00, 0x00, 0x05, 0x50, 0x00,
    0xBF, 0xFF, 0x03, 0xE5, 0xBE, 0x0F, 0x40, 0x2D, 0x2E, 0x00, 0x1D, 0x3C, 0x00, 0x0C, 0x7C, 0x00,
    0x00, 0xBC, 0x00, 0x00, 0xFC, 0x00, 0x00, 0xFC, 0x00, 0x00, 0xBC, 0x00, 0x00, 0x7E, 0x00, 0x00,
    0x3F, 0x00, 0x00, 0x2F, 0xD0, 0x09, 0x0B, 0xFF, 0xFD, 0x01, 0xFF, 0xE0, 0x00, 0x05, 0x00, 0x00,
    0x0A, 0x00, 0x0A, 0x00, 0x00, 0x0F, 0x42, 0xF0, 0x00, 0x00, 0x0B, 0xFE, 0x00, 0x00, 0x00, 0x0B,
    0xD0, 0x00, 0x00, 0x00, 0x05, 0x00, 0x00, 0x00, 0x00, 0x00, 0x00, 0x00, 0x00, 0x01, 0xAA, 0x50,
    0x00, 0x01, 0xFF, 0xFF, 0xF8, 0x00, 0x3F, 0x95, 0x7F, 0xE0, 0x03, 0xE0, 0x00, 0x1F, 0x40, 0x3E,
    0x00, 0x00, 0x2D, 0x03, 0xF0, 0x00, 0x00, 0x70, 0x1F, 0x00, 0x00, 0x01, 0xC0, 0xFC, 0x00, 0x00,
    0x00, 0x03, 0xE0, 0x00, 0x00, 0x00, 0x1F, 0x40, 0x00, 0x00, 0x00, 0xBD, 0x00, 0x00, 0x00, 0x02,
    0xF4, 0x00, 0x00, 0x00, 0x0B, 0xD0, 0x00, 0x00, 0x00, 0x2F, 0x80, 0x00, 0x00, 0x00, 0x7F, 0x00,
    0x00, 0x00, 0x00, 0xFC, 0x00, 0x00, 0x00, 0x83, 0xF8, 0x00, 0x00, 0x0B, 0x07, 0xF0, 0x00, 0x00,
    0x3C, 0x0F, 0xF0, 0x00, 0x02, 0xE0, 0x0F, 0xF0, 0x00, 0x1F, 0x80, 0x0F, 0xF9, 0x57, 0xFD, 0x00,
    0x07, 0xFF, 0xFF, 0x90, 0x00, 0x00, 0x55, 0x40, 0x00, 0x04, 0x00, 0x01, 0x02, 0xD0, 0x03, 0xC0,
    0x2E, 0x07, 0xC0, 0x02, 0xFB, 0xC0, 0x00, 0x3F, 0xC0, 0x00, 0x03, 0xD0, 0x00, 0x00, 0x10, 0x00,
    0x00, 0x00, 0x00, 0x00, 0x05, 0x50, 0x00, 0x2F, 0xFF, 0xC0, 0x3E, 0x5B, 0xE0, 0x3D, 0x00, 0xB4,
    0x2E, 0x00, 0x1D, 0x0F, 0x00, 0x03, 0x07, 0xC0, 0x00, 0x02, 0xF0, 0x00, 0x00, 0xFC, 0x00, 0x00,
    0x3F, 0x00, 0x00, 0x0B, 0xC0, 0x00, 0x01, 0xF8, 0x00, 0x00, 0x3F, 0x00, 0x00, 0x0B, 0xF4, 0x02,
    0x40, 0xBF, 0xFF, 0xD0, 0x07, 0xFF, 0x80, 0x00, 0x05, 0x00, 0x00, 0x00, 0x28, 0x00, 0x28, 0x00,
    0x00, 0x00, 0xF8, 0x1F, 0x00, 0x00, 0x00, 0x02, 0xFF, 0x80, 0x00, 0x00, 0x00, 0x07, 0xD0, 0x00,
    0x00, 0x00, 0x00, 0x14, 0x00, 0x00, 0x00, 0x00, 0x00, 0x00, 0x00, 0x00, 0x05, 0x05, 0x55, 0x00,
    0x00, 0x02, 0xFF, 0xFF, 0xFF, 0x80, 0x00, 0x02, 0xFD, 0x56, 0xFF, 0x80, 0x00, 0x1F, 0x80, 0x01,
    0xFF, 0x00, 0x00, 0xF8, 0x00, 0x02, 0xFC, 0x00, 0x0F, 0x80, 0x00, 0x0F, 0xE0, 0x00, 0xF4, 0x00,
    0x00, 0x3F, 0x40, 0x0F, 0x40, 0x00, 0x02, 0xF8, 0x00, 0xF4, 0x00, 0x00, 0x1F, 0xC0, 0x0F, 0x40,
    0x00, 0x00, 0xFC, 0x01, 0xF4, 0x00, 0x00, 0x0F, 0xC0, 0x1F, 0x40, 0x00, 0x00, 0xFC, 0x01, 0xF4,
    0x00, 0x00, 0x0F, 0xC0, 0x1F, 0x00, 0x00, 0x00, 0xF8, 0x01, 0xF0, 0x00, 0x00, 0x1F, 0x40, 0x1F,
    0x00, 0x00, 0x02, 0xF0, 0x01, 0xF0, 0x00, 0x00, 0x3E, 0x00, 0x1F, 0x00, 0x00, 0x0B, 0xC0, 0x01,
    0xF0, 0x00, 0x01, 0xF0, 0x00, 0x2F, 0x80, 0x00, 0x7C, 0x00, 0x0B, 0xFE, 0x55, 0xBF, 0x00, 0x03,
    0xFF, 0xFF, 0xFE, 0x40, 0x00, 0x10, 0x00, 0x54, 0x00, 0x00, 0x00, 0x00, 0x00, 0x00, 0x60, 0x00,
    0x00, 0x00, 0xFF, 0xC1, 0x80, 0x00, 0x01, 0xFE, 0x1F, 0x00, 0x00, 0x01, 0xF8, 0x7C, 0x00, 0x00,
    0x03, 0xE1, 0xE0, 0x00, 0x00, 0x0F, 0x47, 0x40, 0x00, 0x00, 0x3D, 0x1D, 0x00, 0x00, 0x00, 0xF4,
    0x70, 0x00, 0x00, 0x03, 0xD1, 0xC0, 0x00, 0x05, 0x5F, 0x40, 0x00, 0x07, 0xFF, 0xFD, 0x00, 0x00,
    0xBE, 0x6B, 0xF0, 0x00, 0x0B, 0x80, 0x07, 0xC0, 0x00, 0x78, 0x00, 0x0F, 0x00, 0x03, 0xC0, 0x00,
    0x3C, 0x00, 0x1F, 0x00, 0x00, 0xF0, 0x00, 0xBC, 0x00, 0x03, 0xC0, 0x03, 0xF0, 0x00, 0x0F, 0x00,
    0x0F, 0xC0, 0x00, 0x3C, 0x00, 0x2F, 0x00, 0x00, 0xF0, 0x00, 0x7E, 0x00, 0x03, 0xC0, 0x00, 0xFC,
    0x00, 0x1F, 0x00, 0x02, 0xFD, 0x02, 0xFD, 0x04, 0x03, 0xFF, 0xFC, 0xFF, 0xD0, 0x02, 0xFF, 0x41,
    0xFD, 0x00, 0x00, 0x10, 0x00, 0x40, 0x00, 0x01, 0x41, 0x55, 0x40, 0x00, 0x00, 0x1F, 0xFF, 0xFF,
    0xF9, 0x00, 0x00, 0x07, 0xF5, 0x5B, 0xFF, 0x00, 0x00, 0x0F, 0xC0, 0x01, 0xFF, 0x40, 0x00, 0x3F,
    0x00, 0x00, 0xBF, 0x00, 0x00, 0xFC, 0x00, 0x00, 0xBF, 0x00, 0x03, 0xE0, 0x00, 0x00, 0xFD, 0x00,
    0x0F, 0x80, 0x00, 0x01, 0xFC, 0x00, 0x3E, 0x00, 0x00, 0x03, 0xF0, 0x00, 0xF8, 0x00, 0x00, 0x0F,
    0xD1, 0x57, 0xF5, 0x54, 0x00, 0x3F, 0x6F, 0xFF, 0xFF, 0xF0, 0x00, 0xBD, 0x00, 0x3E, 0x00, 0x00,
    0x03, 0xF0, 0x00, 0xF4, 0x00, 0x00, 0x0F, 0xC0, 0x03, 0xD0, 0x00, 0x00, 0x3E, 0x00, 0x0F, 0x40,
    0x00, 0x01, 0xF4, 0x00, 0x3D, 0x00, 0x00, 0x0B, 0xC0, 0x00, 0xF4, 0x00, 0x00, 0x7C, 0x00, 0x03,
    0xD0, 0x00, 0x03, 0xD0, 0x00, 0x1F, 0xC0, 0x00, 0x7D, 0x00, 0x01, 0xFF, 0xD5, 0x6F, 0xD0, 0x00,
    0x2F, 0xFF, 0xFF, 0xF4, 0x00, 0x00, 0x40, 0x01, 0x54, 0x00, 0x00, 0x00, 0x00, 0x00, 0x00, 0x60,
    0x00, 0x00, 0x0F, 0xFC, 0x00, 0x00, 0x01, 0xFE, 0x00, 0x00, 0x00, 0x1F, 0x80, 0x00, 0x00, 0x03,
    0xE0, 0x00, 0x00, 0x56, 0xF9, 0x80, 0x00, 0x3F, 0xFF, 0xF4, 0x00, 0x00, 0x1F, 0x40, 0x00, 0x00,
    0x03, 0xD0, 0x00, 0x00, 0x55, 0xF4, 0x00, 0x07, 0xFF, 0xFC, 0x00, 0x0B, 0xE6, 0xBF, 0x00, 0x0B,
    0x80, 0x07, 0xC0, 0x07, 0x80, 0x00, 0xF0, 0x03, 0xC0, 0x00, 0x3C, 0x01, 0xF0, 0x00, 0x0F, 0x00,
    0xBC, 0x00, 0x03, 0xC0, 0x3F, 0x00, 0x00, 0xF0, 0x0F, 0xC0, 0x00, 0x3C, 0x02, 0xF0, 0x00, 0x0F,
    0x00, 0x7E, 0x00, 0x03, 0xC0, 0x0F, 0xC0, 0x01, 0xF0, 0x02, 0xFD, 0x02, 0xFD, 0x04, 0x3F, 0xFF,
    0xCF, 0xFD, 0x02, 0xFF, 0x41, 0xFD, 0x00, 0x01, 0x00, 0x04, 0x00, 0x00, 0x7E, 0xAB, 0xF0, 0x00,
    0x2F, 0xFF, 0xFC, 0x00, 0x00, 0x00, 0x00, 0x00, 0x00, 0x00, 0x00, 0x00, 0x05, 0x40, 0x15, 0x56,
    0x0B, 0xFF, 0xFF, 0xFF, 0xC0, 0x2F, 0xD5, 0x6B, 0xF0, 0x07, 0xE0, 0x00, 0x3C, 0x00, 0xF8, 0x00,
    0x0E, 0x00, 0x3D, 0x00, 0x03, 0x80, 0x0F, 0x40, 0x00, 0x00, 0x03, 0xD0, 0x00, 0x00, 0x00, 0xF4,
    0x00, 0x00, 0x00, 0x3D, 0x00, 0x00, 0x00, 0x1F, 0xFF, 0xFF, 0x00, 0x07, 0xFF, 0xFF, 0x80, 0x01,
    0xF4, 0x00, 0x00, 0x00, 0x7C, 0x00, 0x00, 0x00, 0x1F, 0x00, 0x00, 0x00, 0x07, 0xC0, 0x00, 0x00,
    0x01, 0xF0, 0x00, 0x02, 0x40, 0x7C, 0x00, 0x00, 0xE0, 0x1F, 0x00, 0x00, 0x74, 0x0B, 0xC0, 0x00,
    0x3C, 0x1B, 0xFE, 0xAA, 0xBF, 0x0F, 0xFF, 0xFF, 0xFF, 0xC1, 0x00, 0x00, 0x00, 0x00, 0x00, 0x00,
    0x00, 0x02, 0xFF, 0xFF, 0xC0, 0xBF, 0xFF, 0xE0, 0x00, 0x00, 0x00, 0x00, 0x00, 0x00, 0x00, 0x00,
    0x00, 0x00, 0x00, 0x54, 0x00, 0x02, 0xFF, 0xF0, 0x03, 0xE5, 0xBF, 0x03, 0xC0, 0x0B, 0xD2, 0xD0,
    0x01, 0xF4, 0xF0, 0x00, 0xBE, 0x7F, 0xFF, 0xFF, 0x6F, 0x55, 0x55, 0x4F, 0x80, 0x00, 0x02, 0xF0,
    0x00, 0x00, 0xBC, 0x00, 0x00, 0x1F, 0x40, 0x00, 0x03, 0xF0, 0x00, 0x00, 0xBF, 0x40, 0x1C, 0x0B,
    0xFF, 0xFE, 0x00, 0x7F, 0xF8, 0x00, 0x00, 0x50, 0x00, 0x00, 0x08, 0x00, 0x20, 0x00, 0x02, 0x80,
    0x34, 0x00, 0x00, 0x3E, 0xFC, 0x00, 0x00, 0x07, 0xFC, 0x00, 0x00, 0x00, 0x00, 0x00, 0x00, 0x00,
    0x00, 0x00, 0x00, 0x54, 0x01, 0x55, 0x60, 0xBF, 0xFF, 0xFF, 0xFC, 0x02, 0xFD, 0x56, 0xBF, 0x00,
    0x7E, 0x00, 0x03, 0xC0, 0x0F, 0x80, 0x00, 0xE0, 0x03, 0xD0, 0x00, 0x38, 0x00, 0xF4, 0x00, 0x00,
    0x00, 0x3D, 0x00, 0x00, 0x00, 0x0F, 0x40, 0x00, 0x00, 0x03, 0xD0, 0x00, 0x00, 0x01, 0xFF, 0xFF,
    0xF0, 0x00, 0x7F, 0xFF, 0xF8, 0x00, 0x1F, 0x40, 0x00, 0x00, 0x07, 0xC0, 0x00, 0x00, 0x01, 0xF0,
    0x00, 0x00, 0x00, 0x7C, 0x00, 0x00, 0x00, 0x1F, 0x00, 0x00, 0x24, 0x07, 0xC0, 0x00, 0x0E, 0x01,
    0xF0, 0x00, 0x07, 0x40, 0xBC, 0x00, 0x03, 0xC1, 0xBF, 0xEA, 0xAB, 0xF0, 0xFF, 0xFF, 0xFF, 0xFC,
    0x10, 0x00, 0x00, 0x00, 0x00, 0x00, 0x00, 0x00, 0x00, 0x60, 0x02, 0x40, 0x0E, 0x02, 0xC0, 0x01,
    0xFF, 0xD0, 0x00, 0x1F, 0xD0, 0x00, 0x00, 0x00, 0x00, 0x00, 0x00, 0x00, 0x00, 0x15, 0x00, 0x00,
    0xBF, 0xFC, 0x00, 0xF9, 0x6F, 0xC0, 0xF0, 0x02, 0xF4, 0xB4, 0x00, 0x7D, 0x3C, 0x00, 0x2F, 0x9F,
    0xFF, 0xFF, 0xDB, 0xD5, 0x55, 0x53, 0xE0, 0x00, 0x00, 0xBC, 0x00, 0x00, 0x2F, 0x00, 0x00, 0x07,
    0xD0, 0x00, 0x00, 0xFC, 0x00, 0x00, 0x2F, 0xD0, 0x07, 0x02, 0xFF, 0xFF, 0x80, 0x1F, 0xFE, 0x00,
    0x00, 0x14, 0x00, 0x00, 0x00, 0x00, 0x00, 0x00, 0x00, 0x3F, 0x00, 0x00, 0x00, 0x1F, 0xC0, 0x00,
    0x00, 0x03, 0xE0, 0x00, 0x00, 0x00, 0x10, 0x00, 0x00, 0x00, 0x00, 0x00, 0x00, 0x54, 0x01, 0x55,
    0x60, 0xBF, 0xFF, 0xFF, 0xFC, 0x02, 0xFD, 0x56, 0xBF, 0x00, 0x7E, 0x00, 0x03, 0xC0, 0x0F, 0x80,
    0x00, 0xE0, 0x03, 0xD0, 0x00, 0x38, 0x00, 0xF4, 0x00, 0x00, 0x00, 0x3D, 0x00, 0x00, 0x00, 0x0F,
    0x40, 0x00, 0x00, 0x03, 0xD0, 0x00, 0x00, 0x01, 0xFF, 0xFF, 0xF0, 0x00, 0x7F, 0xFF, 0xF8, 0x00,
    0x1F, 0x40, 0x00, 0x00, 0x07, 0xC0, 0x00, 0x00, 0x01, 0xF0, 0x00, 0x00, 0x00, 0x7C, 0x00, 0x00,
    0x00, 0x1F, 0x00, 0x00, 0x24, 0x07, 0xC0, 0x00, 0x0E, 0x01, 0xF0, 0x00, 0x07, 0x40, 0xBC, 0x00,
    0x03, 0xC1, 0xBF, 0xEA, 0xAB, 0xF0, 0xFF, 0xFF, 0xFF, 0xFC, 0x10, 0x00, 0x00, 0x00, 0x00, 0x00,
    0x00, 0x00, 0x00, 0x03, 0xD0, 0x00, 0x02, 0xFC, 0x00, 0x00, 0xBE, 0x00, 0x00, 0x09, 0x00, 0x00,
    0x00, 0x00, 0x00, 0x00, 0x00, 0x00, 0x00, 0x00, 0x00, 0x00, 0x05, 0x40, 0x00, 0x2F, 0xFF, 0x00,
    0x3E, 0x5B, 0xF0, 0x3C, 0x00, 0xBD, 0x2D, 0x00, 0x1F, 0x4F, 0x00, 0x0B, 0xE7, 0xFF, 0xFF, 0xF6,
    0xF5, 0x55, 0x54, 0xF8, 0x00, 0x00, 0x2F, 0x00, 0x00, 0x0B, 0xC0, 0x00, 0x01, 0xF4, 0x00, 0x00,
    0x3F, 0x00, 0x00, 0x0B, 0xF4, 0x01, 0xC0, 0xBF, 0xFF, 0xE0, 0x07, 0xFF, 0x80, 0x00, 0x05, 0x00,
    0x00, 0x05, 0x40, 0x15, 0x56, 0x0B, 0xFF, 0xFF, 0xFF, 0xC0, 0x2F, 0xD5, 0x6B, 0xF0, 0x07, 0xE0,
    0x00, 0x3C, 0x00, 0xF8, 0x00, 0x0E, 0x00, 0x3D, 0x00, 0x03, 0x80, 0x0F, 0x40, 0x00, 0x00, 0x03,
    0xD0, 0x00, 0x00, 0x00, 0xF4, 0x00, 0x00, 0x00, 0x3D, 0x00, 0x00, 0x00, 0x1F, 0xFF, 0xFF, 0x00,
    0x07, 0xFF, 0xFF, 0x80, 0x01, 0xF4, 0x00, 0x00, 0x00, 0x7C, 0x00, 0x00, 0x00, 0x1F, 0x00, 0x00,
    0x00, 0x07, 0xC0, 0x00, 0x00, 0x01, 0xF0, 0x00, 0x02, 0x40, 0x7C, 0x00, 0x00, 0xE0, 0x1F, 0x00,
    0x00, 0x74, 0x0B, 0xC0, 0x00, 0x3C, 0x1B, 0xFE, 0xAA, 0xBF, 0x0F, 0xFF, 0xFF, 0xFF, 0xC1, 0x00,
    0x00, 0x0F, 0x00, 0x00, 0x00, 0x0B, 0x00, 0x00, 0x00, 0x07, 0x00, 0x00, 0x00, 0x03, 0xC0, 0x00,
    0x00, 0x01, 0xE0, 0x00, 0x00, 0x00, 0x7D, 0x05, 0x00, 0x00, 0x0F, 0xFF, 0x00, 0x00, 0x00, 0xBD,
    0x00, 0x00, 0x00, 0x00, 0x00, 0x00, 0x05, 0x40, 0x00, 0x2F, 0xFF, 0x00, 0x3E, 0x5B, 0xF0, 0x3C,
    0x00, 0xBD, 0x2D, 0x00, 0x1F, 0x4F, 0x00, 0x0B, 0xE7, 0xFF, 0xFF, 0xF6, 0xF5, 0x55, 0x54, 0xF8,
    0x00, 0x00, 0x2F, 0x00, 0x00, 0x0B, 0xC0, 0x00, 0x01, 0xF4, 0x00, 0x00, 0x3F, 0x00, 0x00, 0x0B,
    0xF4, 0x01, 0xC0, 0xBF, 0xFF, 0xF0, 0x07, 0xFF, 0xF0, 0x00, 0x05, 0xB0, 0x00, 0x00, 0x70, 0x00,
    0x00, 0x34, 0x00, 0x00, 0x3C, 0x00, 0x00, 0x0F, 0x00, 0x00, 0x03, 0xD0, 0x50, 0x00, 0xFF, 0xF0,
    0x00, 0x0B, 0xE0, 0x00, 0x00, 0x00, 0x00, 0x00, 0x70, 0x00, 0x70, 0x00, 0x0B, 0x81, 0xF4, 0x00,
    0x00, 0x7F, 0xF0, 0x00, 0x00, 0x03, 0xE0, 0x00, 0x00, 0x00, 0x10, 0x00, 0x00, 0x00, 0x00, 0x00,
    0x00, 0x54, 0x01, 0x55, 0x60, 0xBF, 0xFF, 0xFF, 0xFC, 0x02, 0xFD, 0x56, 0xBF, 0x00, 0x7E, 0x00,
    0x03, 0xC0, 0x0F, 0x80, 0x00, 0xE0, 0x03, 0xD0, 0x00, 0x38, 0x00, 0xF4, 0x00, 0x00, 0x00, 0x3D,
    0x00, 0x00, 0x00, 0x0F, 0x40, 0x00, 0x00, 0x03, 0xD0, 0x00, 0x00, 0x01, 0xFF, 0xFF, 0xF0, 0x00,
    0x7F, 0xFF, 0xF8, 0x00, 0x1F, 0x40, 0x00, 0x00, 0x07, 0xC0, 0x00, 0x00, 0x01, 0xF0, 0x00, 0x00,
    0x00, 0x7C, 0x00, 0x00, 0x00, 0x1F, 0x00, 0x00, 0x24, 0x07, 0xC0, 0x00, 0x0E, 0x01, 0xF0, 0x00,
    0x07, 0x40, 0xBC, 0x00, 0x03, 0xC1, 0xBF, 0xEA, 0xAB, 0xF0, 0xFF, 0xFF, 0xFF, 0xFC, 0x10, 0x00,
    0x00, 0x00, 0x00, 0x04, 0x00, 0x01, 0x02, 0xD0, 0x03, 0xC0, 0x2E, 0x07, 0xC0, 0x03, 0xEB, 0xC0,
    0x00, 0x3F, 0xC0, 0x00, 0x03, 0xC0, 0x00, 0x00, 0x10, 0x00, 0x00, 0x00, 0x00, 0x00, 0x05, 0x40,
    0x00, 0x2F, 0xFF, 0x00, 0x3E, 0x5B, 0xF0, 0x3C, 0x00, 0xBD, 0x2D, 0x00, 0x1F, 0x4F, 0x00, 0x0B,
    0xE7, 0xFF, 0xFF, 0xF6, 0xF5, 0x55, 0x54, 0xF8, 0x00, 0x00, 0x2F, 0x00, 0x00, 0x0B, 0xC0, 0x00,
    0x01, 0xF4, 0x00, 0x00, 0x3F, 0x00, 0x00, 0x0B, 0xF4, 0x01, 0xC0, 0xBF, 0xFF, 0xE0, 0x07, 0xFF,
    0x80, 0x00, 0x05, 0x00, 0x00, 0x00, 0x00, 0x03, 0x00, 0x00, 0x00, 0x00, 0x3F, 0x00, 0x00, 0x00,
    0x02, 0xFF, 0x00, 0x00, 0x00, 0x2E, 0x1F, 0x00, 0x00, 0x02, 0xD0, 0x0F, 0x00, 0x00, 0x0C, 0x00,
    0x0C, 0x00, 0x00, 0x00, 0x00, 0x00, 0x00, 0x00, 0x06, 0xA9, 0x40, 0x00, 0x07, 0xFF, 0xFF, 0xF4,
    0x00, 0xFF, 0x95, 0xBF, 0xD0, 0x1F, 0x80, 0x00, 0x1F, 0x00, 0xF8, 0x00, 0x00, 0x3C, 0x0F, 0x80,
    0x00, 0x00, 0xB0, 0x7C, 0x00, 0x00, 0x02, 0xC3, 0xE0, 0x00, 0x00, 0x00, 0x0F, 0x40, 0x00, 0x00,
    0x00, 0x7D, 0x00, 0x00, 0x00, 0x02, 0xF4, 0x00, 0x00, 0x00, 0x0B, 0xD0, 0x00, 0x00, 0x00, 0x2F,
    0x40, 0x00, 0xBF, 0xFE, 0xBD, 0x00, 0x01, 0xAB, 0xF1, 0xF8, 0x00, 0x00, 0x0B, 0xC3, 0xF0, 0x00,
    0x00, 0x2F, 0x0F, 0xD0, 0x00, 0x00, 0xB8, 0x1F, 0xC0, 0x00, 0x02, 0xE0, 0x3F, 0x80, 0x00, 0x0B,
    0x80, 0x3F, 0x80, 0x00, 0x3F, 0x00, 0x3F, 0xE5, 0x5B, 0xFC, 0x00, 0x1F, 0xFF, 0xFE, 0x40, 0x00,
    0x01, 0x54, 0x00, 0x00, 0x00, 0x00, 0x00, 0x00, 0x00, 0x03, 0xC0, 0x00, 0x00, 0x0F, 0xF0, 0x00,
    0x00, 0x3E, 0xB8, 0x00, 0x00, 0xB4, 0x1E, 0x00, 0x02, 0xC0, 0x03, 0x80, 0x00, 0x00, 0x00, 0x00,
    0x00, 0x00, 0x00, 0x00, 0x00, 0x05, 0x41, 0x6C, 0x00, 0xFF, 0xFF, 0xFC, 0x07, 0xE5, 0xBF, 0x00,
    0x0F, 0x40, 0x1F, 0x80, 0x2F, 0x00, 0x0F, 0xC0, 0x3E, 0x00, 0x07, 0xC0, 0x3E, 0x00, 0x07, 0xC0,
    0x3F, 0x00, 0x07, 0xC0, 0x2F, 0x00, 0x0F, 0x40, 0x0F, 0xD0, 0x2E, 0x00, 0x03, 0xFF, 0xF4, 0x00,
    0x07, 0xAA, 0x40, 0x00, 0x2D, 0x00, 0x00, 0x00, 0x3E, 0x00, 0x00, 0x00, 0x3F, 0xE9, 0x40, 0x00,
    0x0F, 0xFF, 0xFE, 0x40, 0x00, 0xFF, 0xFF, 0xE0, 0x02, 0xC0, 0x1B, 0xF0, 0x0F, 0x00, 0x00, 0xF4,
    0x3F, 0x00, 0x00, 0xF0, 0x3F, 0x00, 0x01, 0xE0, 0x2F, 0x40, 0x07, 0x80, 0x0F, 0xFA, 0xBD, 0x00,
    0x02, 0xFF, 0x90, 0x00, 0x00, 0x00, 0x00, 0x00, 0x00, 0x01, 0x80, 0x08, 0x00, 0x00, 0x03, 0x95,
    0xF0, 0x00, 0x00, 0x07, 0xFF, 0x00, 0x00, 0x00, 0x02, 0x90, 0x00, 0x00, 0x00, 0x00, 0x00, 0x00,
    0x00, 0x00, 0x6A, 0x94, 0x00, 0x00, 0x7F, 0xFF, 0xFF, 0x40, 0x0F, 0xF9, 0x5B, 0xFD, 0x01, 0xF8,
    0x00, 0x01, 0xF0, 0x0F, 0x80, 0x00, 0x03, 0xC0, 0xF8, 0x00, 0x00, 0x0B, 0x07, 0xC0, 0x00, 0x00,
    0x2C, 0x3E, 0x00, 0x00, 0x00, 0x00, 0xF4, 0x00, 0x00, 0x00, 0x07, 0xD0, 0x00, 0x00, 0x00, 0x2F,
    0x40, 0x00, 0x00, 0x00, 0xBD, 0x00, 0x00, 0x00, 0x02, 0xF4, 0x00, 0x0B, 0xFF, 0xEB, 0xD0, 0x00,
    0x1A, 0xBF, 0x1F, 0x80, 0x00, 0x00, 0xBC, 0x3F, 0x00, 0x00, 0x02, 0xF0, 0xFD, 0x00, 0x00, 0x0B,
    0x81, 0xFC, 0x00, 0x00, 0x2E, 0x03, 0xF8, 0x00, 0x00, 0xB8, 0x03, 0xF8, 0x00, 0x03, 0xF0, 0x03,
    0xFE, 0x55, 0xBF, 0xC0, 0x01, 0xFF, 0xFF, 0xE4, 0x00, 0x00, 0x15, 0x40, 0x00, 0x00, 0x00, 0x00,
    0x00, 0x01, 0x80, 0x09, 0x00, 0x00, 0xE0, 0x1C, 0x00, 0x00, 0x7F, 0xF4, 0x00, 0x00, 0x1F, 0xE0,
    0x00, 0x00, 0x00, 0x00, 0x00, 0x00, 0x00, 0x00, 0x00, 0x00, 0x05, 0x41, 0x6C, 0x00, 0xFF, 0xFF,
    0xFC, 0x07, 0xE5, 0xBF, 0x00, 0x0F, 0x40, 0x1F, 0x80, 0x2F, 0x00, 0x0F, 0xC0, 0x3E, 0x00, 0x07,
    0xC0, 0x3E, 0x00, 0x07, 0xC0, 0x3F, 0x00, 0x07, 0xC0, 0x2F, 0x00, 0x0F, 0x40, 0x0F, 0xD0, 0x2E,
    0x00, 0x03, 0xFF, 0xF4, 0x00, 0x07, 0xAA, 0x40, 0x00, 0x2D, 0x00, 0x00, 0x00, 0x3E, 0x00, 0x00,
    0x00, 0x3F, 0xE9, 0x40, 0x00, 0x0F, 0xFF, 0xFE, 0x40, 0x00, 0xFF, 0xFF, 0xE0, 0x02, 0xC0, 0x1B,
    0xF0, 0x0F, 0x00, 0x00, 0xF4, 0x3F, 0x00, 0x00, 0xF0, 0x3F, 0x00, 0x01, 0xE0, 0x2F, 0x40, 0x07,
    0x80, 0x0F, 0xFA, 0xBD, 0x00, 0x02, 0xFF, 0x90, 0x00, 0x00, 0x00, 0x00, 0x00, 0x00, 0x00, 0x00,
    0x00, 0x00, 0x00, 0x00, 0x3F, 0x00, 0x00, 0x00, 0x01, 0xFC, 0x00, 0x00, 0x00, 0x03, 0xF0, 0x00,
    0x00, 0x00, 0x01, 0x00, 0x00, 0x00, 0x00, 0x00, 0x00, 0x00, 0x00, 0x01, 0xAA, 0x50, 0x00, 0x01,
    0xFF, 0xFF, 0xFD, 0x00, 0x3F, 0xE5, 0x6F, 0xF4, 0x07, 0xE0, 0x00, 0x07, 0xC0, 0x3E, 0x00, 0x00,
    0x0F, 0x03, 0xE0, 0x00, 0x00, 0x2C, 0x1F, 0x00, 0x00, 0x00, 0xB0, 0xF8, 0x00, 0x00, 0x00, 0x03,
    0xD0, 0x00, 0x00, 0x00, 0x1F, 0x40, 0x00, 0x00, 0x00, 0xBD, 0x00, 0x00, 0x00, 0x02, 0xF4, 0x00,
    0x00, 0x00, 0x0B, 0xD0, 0x00, 0x2F, 0xFF, 0xAF, 0x40, 0x00, 0x6A, 0xFC, 0x7E, 0x00, 0x00, 0x02,
    0xF0, 0xFC, 0x00, 0x00, 0x0B, 0xC3, 0xF4, 0x00, 0x00, 0x2E, 0x07, 0xF0, 0x00, 0x00, 0xB8, 0x0F,
    0xE0, 0x00, 0x02, 0xE0, 0x0F, 0xE0, 0x00, 0x0F, 0xC0, 0x0F, 0xF9, 0x56, 0xFF, 0x00, 0x07, 0xFF,
    0xFF, 0x90, 0x00, 0x00, 0x55, 0x00, 0x00, 0x00, 0x00, 0x00, 0x00, 0x00, 0x0B, 0xC0, 0x00, 0x00,
    0x0F, 0xC0, 0x00, 0x00, 0x0F, 0xC0, 0x00, 0x00, 0x06, 0x00, 0x00, 0x00, 0x00, 0x00, 0x00, 0x00,
    0x00, 0x00, 0x00, 0x00, 0x00, 0x00, 0x00, 0x00, 0x05, 0x41, 0x6C, 0x00, 0xFF, 0xFF, 0xFC, 0x07,
    0xE5, 0xBF, 0x00, 0x0F, 0x40, 0x1F, 0x80, 0x2F, 0x00, 0x0F, 0xC0, 0x3E, 0x00, 0x07, 0xC0, 0x3E,
    0x00, 0x07, 0xC0, 0x3F, 0x00, 0x07, 0xC0, 0x2F, 0x00, 0x0F, 0x40, 0x0F, 0xD0, 0x2E, 0x00, 0x03,
    0xFF, 0xF4, 0x00, 0x07, 0xAA, 0x40, 0x00, 0x2D, 0x00, 0x00, 0x00, 0x3E, 0x00, 0x00, 0x00, 0x3F,
    0xE9, 0x40, 0x00, 0x0F, 0xFF, 0xFE, 0x40, 0x00, 0xFF, 0xFF, 0xE0, 0x02, 0xC0, 0x1B, 0xF0, 0x0F,
    0x00, 0x00, 0xF4, 0x3F, 0x00, 0x00, 0xF0, 0x3F, 0x00, 0x01, 0xE0, 0x2F, 0x40, 0x07, 0x80, 0x0F,
    0xFA, 0xBD, 0x00, 0x02, 0xFF, 0x90, 0x00, 0x00, 0x00, 0x00, 0x00, 0x00, 0x00, 0x1A, 0xA5, 0x00,
    0x00, 0x1F, 0xFF, 0xFF, 0xD0, 0x03, 0xFE, 0x56, 0xFF, 0x40, 0x7E, 0x00, 0x00, 0x7C, 0x03, 0xE0,
    0x00, 0x00, 0xF0, 0x3E, 0x00, 0x00, 0x02, 0xC1, 0xF0, 0x00, 0x00, 0x0B, 0x0F, 0x80, 0x00, 0x00,
    0x00, 0x3D, 0x00, 0x00, 0x00, 0x01, 0xF4, 0x00, 0x00, 0x00, 0x0B, 0xD0, 0x00, 0x00, 0x00, 0x2F,
    0x40, 0x00, 0x00, 0x00, 0xBD, 0x00, 0x02, 0xFF, 0xFA, 0xF4, 0x00, 0x06, 0xAF, 0xC7, 0xE0, 0x00,
    0x00, 0x2F, 0x0F, 0xC0, 0x00, 0x00, 0xBC, 0x3F, 0x40, 0x00, 0x02, 0xE0, 0x7F, 0x00, 0x00, 0x0B,
    0x80, 0xFE, 0x00, 0x00, 0x2E, 0x00, 0xFE, 0x00, 0x00, 0xFC, 0x00, 0xFF, 0x95, 0x6F, 0xF0, 0x00,
    0x7F, 0xFF, 0xF9, 0x00, 0x00, 0x05, 0x50, 0x00, 0x00, 0x00, 0x00, 0x00, 0x00, 0x00, 0x00, 0x28,
    0x00, 0x00, 0x00, 0x02, 0xF8, 0x00, 0x00, 0x00, 0x03, 0xF0, 0x00, 0x00, 0x00, 0x0B, 0xC0, 0x00,
    0x00, 0x00, 0x2D, 0x00, 0x00, 0x00, 0x01, 0xE0, 0x00, 0x00, 0x00, 0x1E, 0x00, 0x00, 0x00, 0x00,
    0x90, 0x00, 0x00, 0x00, 0x00, 0x40, 0x00, 0x00, 0x01, 0xC0, 0x00, 0x00, 0x03, 0x40, 0x00, 0x00,
    0x0F, 0x00, 0x00, 0x00, 0x0F, 0x00, 0x00, 0x00, 0x1F, 0x00, 0x00, 0x00, 0x1F, 0xD0, 0x00, 0x00,
    0x0F, 0xC0, 0x00, 0x00, 0x00, 0x00, 0x00, 0x00, 0x05, 0x41, 0x6C, 0x00, 0xFF, 0xFF, 0xFC, 0x07,
    0xE5, 0xBF, 0x00, 0x0F, 0x40, 0x1F, 0x80, 0x2F, 0x00, 0x0F, 0xC0, 0x3E, 0x00, 0x07, 0xC0, 0x3E,
    0x00, 0x07, 0xC0, 0x3F, 0x00, 0x07, 0xC0, 0x2F, 0x00, 0x0F, 0x40, 0x0F, 0xD0, 0x2E, 0x00, 0x03,
    0xFF, 0xF4, 0x00, 0x07, 0xAA, 0x40, 0x00, 0x2D, 0x00, 0x00, 0x00, 0x3E, 0x00, 0x00, 0x00, 0x3F,
    0xE9, 0x40, 0x00, 0x0F, 0xFF, 0xFE, 0x40, 0x00, 0xFF, 0xFF, 0xE0, 0x02, 0xC0, 0x1B, 0xF0, 0x0F,
    0x00, 0x00, 0xF4, 0x3F, 0x00, 0x00, 0xF0, 0x3F, 0x00, 0x01, 0xE0, 0x2F, 0x40, 0x07, 0x80, 0x0F,
    0xFA, 0xBD, 0x00, 0x02, 0xFF, 0x90, 0x00, 0x00, 0x00, 0x00, 0x00, 0x00, 0x00, 0x00, 0x00, 0x00,
    0x00, 0x00, 0x00, 0x1E, 0x00, 0x00, 0x00, 0x00, 0x02, 0xFE, 0x00, 0x00, 0x00, 0x00, 0x3E, 0x2F,
    0x00, 0x00, 0x00, 0x03, 0x80, 0x0B, 0x00, 0x00, 0x00, 0x00, 0x00, 0x00, 0x00, 0x00, 0x00, 0x00,
    0x00, 0x00, 0x00, 0x01, 0x41, 0x50, 0x00, 0x51, 0x54, 0x2F, 0xFF, 0x80, 0x07, 0xFF, 0xF0, 0x0B,
    0xF4, 0x00, 0x02, 0xFD, 0x00, 0x1F, 0x80, 0x00, 0x03, 0xE0, 0x00, 0x3E, 0x00, 0x00, 0x0F, 0x80,
    0x00, 0xF4, 0x00, 0x00, 0x3E, 0x00, 0x03, 0xD0, 0x00, 0x00, 0xF8, 0x00, 0x0F, 0x40, 0x00, 0x03,
    0xD0, 0x00, 0x3D, 0x00, 0x00, 0x0F, 0x40, 0x00, 0xF4, 0x00, 0x00, 0x3D, 0x00, 0x07, 0xEA, 0xAA,
    0xAF, 0xF4, 0x00, 0x1F, 0xFF, 0xFF, 0xFF, 0xD0, 0x00, 0x7D, 0x00, 0x00, 0x0F, 0x40, 0x01, 0xF0,
    0x00, 0x00, 0x3D, 0x00, 0x07, 0xC0, 0x00, 0x00, 0xF4, 0x00, 0x1F, 0x00, 0x00, 0x03, 0xC0, 0x00,
    0x7C, 0x00, 0x00, 0x0F, 0x00, 0x01, 0xF0, 0x00, 0x00, 0x3C, 0x00, 0x07, 0xC0, 0x00, 0x01, 0xF0,
    0x00, 0x2F, 0x00, 0x00, 0x07, 0xD0, 0x02, 0xFF, 0x60, 0x01, 0xBF, 0xE8, 0x3F, 0xFF, 0xC0, 0x0F,
    0xFF, 0xF0, 0x40, 0x00, 0x00, 0x00, 0x00, 0x00, 0x00, 0x20, 0x00, 0x00, 0x00, 0x0B, 0x80, 0x00,
    0x00, 0x02, 0xFE, 0x00, 0x00, 0x00, 0xB8, 0xB8, 0x00, 0x00, 0x1D, 0x02, 0xD0, 0x00, 0x03, 0x40,
    0x07, 0x00, 0x00, 0x00, 0x18, 0x00, 0x00, 0x00, 0xFF, 0xC0, 0x00, 0x00, 0x07, 0xFC, 0x00, 0x00,
    0x00, 0x0F, 0x80, 0x00, 0x00, 0x00, 0xF8, 0x00, 0x00, 0x00, 0x0F, 0x80, 0x00, 0x00, 0x00, 0xF8,
    0x00, 0x00, 0x00, 0x0F, 0x40, 0x00, 0x00, 0x00, 0xF4, 0x00, 0x00, 0x00, 0x0F, 0x40, 0x54, 0x00,
    0x00, 0xF4, 0x7F, 0xF4, 0x00, 0x0F, 0x6F, 0xFF, 0xD0, 0x00, 0xFF, 0x40, 0xBE, 0x00, 0x0F, 0x80,
    0x03, 0xF0, 0x00, 0xF0, 0x00, 0x3F, 0x00, 0x0F, 0x00, 0x02, 0xF0, 0x00, 0xF0, 0x00, 0x3E, 0x00,
    0x0F, 0x00, 0x03, 0xE0, 0x00, 0xF0, 0x00, 0x3E, 0x00, 0x0F, 0x00, 0x03, 0xD0, 0x00, 0xF0, 0x00,
    0x3D, 0x00, 0x0F, 0x00, 0x03, 0xD0, 0x00, 0xF0, 0x00, 0x3D, 0x00, 0x7F, 0xD4, 0x0B, 0xF5, 0x0F,
    0xFF, 0x43, 0xFF, 0xE0, 0x00, 0x00, 0x10, 0x00, 0x05, 0x05, 0x40, 0x01, 0x45, 0x50, 0xBF, 0xFE,
    0x00, 0x2F, 0xFF, 0xC0, 0x2F, 0xD0, 0x00, 0x0B, 0xF4, 0x00, 0x7E, 0x00, 0x00, 0x0F, 0x80, 0x01,
    0xF4, 0x00, 0x00, 0x3E, 0x00, 0xAB, 0xEA, 0xAA, 0xAA, 0xFE, 0x9B, 0xFF, 0xFF, 0xFF, 0xFF, 0xFF,
    0x40, 0x7D, 0x00, 0x00, 0x0F, 0x40, 0x01, 0xF4, 0x00, 0x00, 0x3D, 0x00, 0x07, 0xD0, 0x00, 0x00,
    0xF4, 0x00, 0x1F, 0xAA, 0xAA, 0xBF, 0xD0, 0x00, 0x7F, 0xFF, 0xFF, 0xFF, 0x40, 0x01, 0xF4, 0x00,
    0x00, 0x3C, 0x00, 0x07, 0xC0, 0x00, 0x00, 0xF0, 0x00, 0x1F, 0x00, 0x00, 0x03, 0xC0, 0x00, 0x7C,
    0x00, 0x00, 0x0F, 0x00, 0x01, 0xF0, 0x00, 0x00, 0x3C, 0x00, 0x07, 0xC0, 0x00, 0x01, 0xF0, 0x00,
    0x1F, 0x00, 0x00, 0x07, 0xC0, 0x00, 0xBC, 0x00, 0x00, 0x2F, 0x00, 0x1B, 0xFD, 0x80, 0x06, 0xFF,
    0x60, 0xFF, 0xFF, 0x00, 0x3F, 0xFF, 0xC1, 0x00, 0x00, 0x00, 0x00, 0x00, 0x00, 0x00, 0x60, 0x00,
    0x00, 0x0F, 0xFC, 0x00, 0x00, 0x01, 0xBF, 0x00, 0x00, 0x00, 0x0F, 0xC0, 0x00, 0x00, 0x03, 0xE0,
    0x00, 0x00, 0x00, 0xF8, 0x00, 0x00, 0x0B, 0xFF, 0xFF, 0x00, 0x01, 0xAF, 0xEA, 0x80, 0x00, 0x03,
    0xD0, 0x00, 0x00, 0x00, 0xF4, 0x01, 0x40, 0x00, 0x3D, 0x0F, 0xFD, 0x00, 0x0F, 0x6F, 0xFF, 0xD0,
    0x03, 0xFD, 0x02, 0xFC, 0x00, 0xF8, 0x00, 0x3F, 0x00, 0x3D, 0x00, 0x0F, 0xC0, 0x0F, 0x40, 0x02,
    0xF0, 0x03, 0xD0, 0x00, 0xB8, 0x00, 0xF4, 0x00, 0x2E, 0x00, 0x3D, 0x00, 0x0F, 0x80, 0x0F, 0x00,
    0x03, 0xE0, 0x03, 0xC0, 0x00, 0xF4, 0x00, 0xF0, 0x00, 0x3D, 0x00, 0x3D, 0x00, 0x0F, 0x40, 0x7F,
    0xD4, 0x0B, 0xF5, 0x3F, 0xFD, 0x0F, 0xFF, 0x80, 0x00, 0x01, 0x00, 0x00, 0x00, 0x00, 0x04, 0x02,
    0x90, 0x2C, 0x0B, 0xFF, 0xF0, 0x1D, 0x6F, 0xD0, 0x34, 0x01, 0x00, 0x00, 0x00, 0x00, 0x00, 0x00,
    0x00, 0x01, 0x41, 0x50, 0x0F, 0xFF, 0xF0, 0x00, 0xBF, 0x40, 0x00, 0x7E, 0x00, 0x00, 0x3E, 0x00,
    0x00, 0x3D, 0x00, 0x00, 0x3D, 0x00, 0x00, 0x3D, 0x00, 0x00, 0x3D, 0x00, 0x00, 0x3D, 0x00, 0x00,
    0x7D, 0x00, 0x00, 0x7C, 0x00, 0x00, 0x7C, 0x00, 0x00, 0x7C, 0x00, 0x00, 0x7C, 0x00, 0x00, 0x7C,
    0x00, 0x00, 0x7C, 0x00, 0x00, 0x7C, 0x00, 0x00, 0x7C, 0x00, 0x00, 0xBC, 0x00, 0x02, 0xFF, 0x60,
    0x0F, 0xFF, 0xF0, 0x04, 0x00, 0x00, 0x00, 0x00, 0x00, 0x04, 0x00, 0x90, 0xBF, 0x5B, 0x0B, 0xFF,
    0xF4, 0x74, 0x1B, 0x40, 0x40, 0x00, 0x00, 0x00, 0x00, 0x00, 0x00, 0x00, 0x00, 0x04, 0x00, 0x1B,
    0xF4, 0x00, 0x6F, 0xC0, 0x00, 0x2F, 0x00, 0x00, 0xBC, 0x00, 0x02, 0xF0, 0x00, 0x0B, 0xC0, 0x00,
    0x2F, 0x00, 0x00, 0xBC, 0x00, 0x02, 0xF0, 0x00, 0x0B, 0xC0, 0x00, 0x2F, 0x00, 0x00, 0xB8, 0x00,
    0x02, 0xF0, 0x00, 0x1F, 0xE4, 0x01, 0xFF, 0xF0, 0x00, 0x00, 0x00, 0xBE, 0xAF, 0xFF, 0xFF, 0xFF,
    0x00, 0x00, 0x00, 0x00, 0x00, 0x05, 0x05, 0x43, 0xFF, 0xFC, 0x02, 0xFD, 0x00, 0x1F, 0x80, 0x00,
    0xF8, 0x00, 0x0F, 0x40, 0x00, 0xF4, 0x00, 0x0F, 0x40, 0x00, 0xF4, 0x00, 0x0F, 0x40, 0x01, 0xF4,
    0x00, 0x1F, 0x00, 0x01, 0xF0, 0x00, 0x1F, 0x00, 0x01, 0xF0, 0x00, 0x1F, 0x00, 0x01, 0xF0, 0x00,
    0x1F, 0x00, 0x01, 0xF0, 0x00, 0x2F, 0x00, 0x0B, 0xFD, 0x83, 0xFF, 0xFC, 0x10, 0x00, 0x00, 0x00,
    0x00, 0x0B, 0xFF, 0xFC, 0xBF, 0xFF, 0xC0, 0x00, 0x00, 0x00, 0x00, 0x00, 0x00, 0x00, 0x00, 0x10,
    0x01, 0xBF, 0x40, 0x1B, 0xF0, 0x00, 0x2F, 0x00, 0x02, 0xF0, 0x00, 0x2F, 0x00, 0x02, 0xF0, 0x00,
    0x2F, 0x00, 0x02, 0xF0, 0x00, 0x2F, 0x00, 0x02, 0xF0, 0x00, 0x2F, 0x00, 0x02, 0xE0, 0x00, 0x2F,
    0x00, 0x07, 0xF9, 0x01, 0xFF, 0xF0, 0x00, 0x00, 0x00, 0x00, 0x00, 0x03, 0x40, 0x0C, 0x1D, 0x07,
    0x40, 0xFF, 0xF0, 0x02, 0xF8, 0x00, 0x00, 0x00, 0x00, 0x00, 0x00, 0x50, 0x54, 0x3F, 0xFF, 0xC0,
    0x2F, 0xD0, 0x01, 0xF8, 0x00, 0x0F, 0x80, 0x00, 0xF4, 0x00, 0x0F, 0x40, 0x00, 0xF4, 0x00, 0x0F,
    0x40, 0x00, 0xF4, 0x00, 0x1F, 0x40, 0x01, 0xF0, 0x00, 0x1F, 0x00, 0x01, 0xF0, 0x00, 0x1F, 0x00,
    0x01, 0xF0, 0x00, 0x1F, 0x00, 0x01, 0xF0, 0x00, 0x1F, 0x00, 0x02, 0xF0, 0x00, 0xBF, 0xD8, 0x3F,
    0xFF, 0xC1, 0x00, 0x00, 0x00, 0x00, 0x08, 0x00, 0x93, 0x80, 0x70, 0x7F, 0xF8, 0x07, 0xF8, 0x00,
    0x00, 0x00, 0x00, 0x00, 0x00, 0x40, 0x1B, 0xF4, 0x06, 0xFC, 0x00, 0x2F, 0x00, 0x0B, 0xC0, 0x02,
    0xF0, 0x00, 0xBC, 0x00, 0x2F, 0x00, 0x0B, 0xC0, 0x02, 0xF0, 0x00, 0xBC, 0x00, 0x2F, 0x00, 0x0B,
    0x80, 0x02, 0xF0, 0x01, 0xFE, 0x41, 0xFF, 0xF0, 0x00, 0x00, 0x05, 0x05, 0x43, 0xFF, 0xFC, 0x02,
    0xFD, 0x00, 0x1F, 0x80, 0x00, 0xF8, 0x00, 0x0F, 0x40, 0x00, 0xF4, 0x00, 0x0F, 0x40, 0x00, 0xF4,
    0x00, 0x0F, 0x40, 0x01, 0xF4, 0x00, 0x1F, 0x00, 0x01, 0xF0, 0x00, 0x1F, 0x00, 0x01, 0xF0, 0x00,
    0x1F, 0x00, 0x01, 0xF0, 0x00, 0x1F, 0x00, 0x01, 0xF0, 0x00, 0x2F, 0x00, 0x0B, 0xFF, 0x83, 0xFF,
    0xFC, 0x10, 0x38, 0x00, 0x0E, 0x00, 0x02, 0xC0, 0x00, 0x38, 0x00, 0x0B, 0x80, 0x00, 0xBC, 0x04,
    0x03, 0xFF, 0x80, 0x0B, 0xD0, 0x00, 0x00, 0x00, 0x00, 0x00, 0x0B, 0xC0, 0x0F, 0xD0, 0x0F, 0xC0,
    0x06, 0x00, 0x00, 0x00, 0x00, 0x00, 0x00, 0x00, 0x00, 0x40, 0x6F, 0xD0, 0x6F, 0xC0, 0x0B, 0xC0,
    0x0B, 0xC0, 0x0B, 0xC0, 0x0B, 0xC0, 0x0B, 0xC0, 0x0B, 0xC0, 0x0B, 0xC0, 0x0B, 0xC0, 0x0B, 0xC0,
    0x0B, 0x80, 0x0B, 0xC0, 0x1F, 0xF4, 0x7F, 0xFC, 0x07, 0x40, 0x0E, 0x00, 0x3C, 0x00, 0x74, 0x00,
    0xB4, 0x00, 0xBC, 0x08, 0x7F, 0xF8, 0x1F, 0xD0, 0x00, 0x00, 0x00, 0x00, 0x00, 0x1F, 0x80, 0x02,
    0xFC, 0x00, 0x2F, 0x40, 0x00, 0x40, 0x00, 0x00, 0x00, 0x05, 0x05, 0x43, 0xFF, 0xFC, 0x02, 0xFD,
    0x00, 0x1F, 0x80, 0x00, 0xF8, 0x00, 0x0F, 0x40, 0x00, 0xF4, 0x00, 0x0F, 0x40, 0x00, 0xF4, 0x00,
    0x0F, 0x40, 0x01, 0xF4, 0x00, 0x1F, 0x00, 0x01, 0xF0, 0x00, 0x1F, 0x00, 0x01, 0xF0, 0x00, 0x1F,
    0x00, 0x01, 0xF0, 0x00, 0x1F, 0x00, 0x01, 0xF0, 0x00, 0x2F, 0x00, 0x0B, 0xFD, 0x83, 0xFF, 0xFC,
    0x10, 0x00, 0x00, 0x00, 0x40, 0x6F, 0xD0, 0x6F, 0xC0, 0x0B, 0xC0, 0x0B, 0xC0, 0x0B, 0xC0, 0x0B,
    0xC0, 0x0B, 0xC0, 0x0B, 0xC0, 0x0B, 0xC0, 0x0B, 0xC0, 0x0B, 0xC0, 0x0B, 0x80, 0x0B, 0xC0, 0x1F,
    0xE4, 0x7F, 0xFC, 0x00, 0x00, 0x05, 0x05, 0x40, 0x00, 0x15, 0x0F, 0xFF, 0xF0, 0x1F, 0xFF, 0xC0,
    0x2F, 0xD0, 0x01, 0x7F, 0x80, 0x07, 0xE0, 0x00, 0x0B, 0xD0, 0x00, 0xF8, 0x00, 0x02, 0xF0, 0x00,
    0x3D, 0x00, 0x00, 0xBC, 0x00, 0x0F, 0x40, 0x00, 0x2F, 0x00, 0x03, 0xD0, 0x00, 0x0B, 0xC0, 0x00,
    0xF4, 0x00, 0x02, 0xF0, 0x00, 0x3D, 0x00, 0x00, 0xBC, 0x00, 0x1F, 0x40, 0x00, 0x2F, 0x00, 0x07,
    0xC0, 0x00, 0x0B, 0xC0, 0x01, 0xF0, 0x00, 0x02, 0xF0, 0x00, 0x7C, 0x00, 0x00, 0xBC, 0x00, 0x1F,
    0x00, 0x00, 0x2F, 0x00, 0x07, 0xC0, 0x00, 0x0B, 0xC0, 0x01, 0xF0, 0x00, 0x02, 0xF0, 0x00, 0x7C,
    0x00, 0x00, 0xBC, 0x00, 0x1F, 0x00, 0x00, 0x2F, 0x00, 0x0B, 0xC0, 0x00, 0x0B, 0x80, 0x0B, 0xFD,
    0x80, 0x03, 0xE0, 0x0F, 0xFF, 0xF0, 0x00, 0xF4, 0x01, 0x00, 0x00, 0x00, 0x7C, 0x00, 0x00, 0x00,
    0x00, 0x3E, 0x00, 0x00, 0x00, 0x00, 0x3E, 0x00, 0x00, 0x00, 0x00, 0x3E, 0x00, 0x00, 0x00, 0x00,
    0x08, 0x00, 0x00, 0x00, 0x00, 0x00, 0xA0, 0x2F, 0x00, 0x0F, 0xD0, 0xFD, 0x00, 0x3F, 0x43, 0xF0,
    0x00, 0xB8, 0x06, 0x00, 0x00, 0x00, 0x00, 0x00, 0x00, 0x00, 0x00, 0x00, 0x00, 0x00, 0x00, 0x00,
    0x00, 0x00, 0x40, 0x00, 0x11, 0xBF, 0x40, 0x6F, 0xC6, 0xFC, 0x01, 0xBF, 0x02, 0xF0, 0x00, 0xBC,
    0x0B, 0xC0, 0x02, 0xF0, 0x2F, 0x00, 0x0B, 0xC0, 0xBC, 0x00, 0x2F, 0x02, 0xF0, 0x00, 0xBC, 0x0B,
    0xC0, 0x02, 0xF0, 0x2F, 0x00, 0x0B, 0xC0, 0xBC, 0x00, 0x2F, 0x02, 0xF0, 0x00, 0xBC, 0x0B, 0x80,
    0x02, 0xE0, 0x2F, 0x00, 0x0B, 0x81, 0xFE, 0x40, 0x2E, 0x1F, 0xFF, 0x00, 0xB8, 0x00, 0x00, 0x02,
    0xE0, 0x00, 0x00, 0x0B, 0x80, 0x00, 0x00, 0x3E, 0x00, 0x00, 0x00, 0xF0, 0x00, 0x00, 0x07, 0xC0,
    0x00, 0x00, 0x3C, 0x00, 0x00, 0x02, 0xD0, 0x00, 0x00, 0x0D, 0x00, 0x00, 0x00, 0x00, 0x00, 0x00,
    0x00, 0x00, 0x00, 0xE0, 0x00, 0x0F, 0xE0, 0x00, 0xFB, 0xD0, 0x0B, 0x42, 0xD0, 0xB0, 0x01, 0xD1,
    0x00, 0x01, 0x00, 0x00, 0x00, 0x00, 0x05, 0x40, 0x7F, 0xFF, 0x00, 0x5F, 0xE0, 0x00, 0x2F, 0x00,
    0x00, 0xBC, 0x00, 0x02, 0xF0, 0x00, 0x0B, 0xC0, 0x00, 0x2F, 0x00, 0x00, 0xBC, 0x00, 0x02, 0xF0,
    0x00, 0x0B, 0xC0, 0x00, 0x2F, 0x00, 0x00, 0xBC, 0x00, 0x02, 0xF0, 0x00, 0x0B, 0xC0, 0x00, 0x2F,
    0x00, 0x00, 0xBC, 0x00, 0x02, 0xF0, 0x00, 0x0B, 0x80, 0x00, 0x2E, 0x00, 0x00, 0xF8, 0x00, 0x03,
    0xD0, 0x00, 0x1F, 0x00, 0x00, 0xF4, 0x00, 0x0F, 0x80, 0x00, 0xF8, 0x00, 0x02, 0x00, 0x00, 0x00,
    0x00, 0x00, 0x00, 0x0F, 0x00, 0x02, 0xFC, 0x00, 0xB9, 0xF0, 0x2D, 0x03, 0xC7, 0x40, 0x0F, 0x00,
    0x00, 0x10, 0x00, 0x00, 0x00, 0x04, 0x00, 0xBF, 0xC0, 0x0B, 0xF8, 0x00, 0x0F, 0x80, 0x00, 0xF8,
    0x00, 0x0F, 0x40, 0x00, 0xF4, 0x00, 0x0F, 0x40, 0x00, 0xF4, 0x00, 0x0F, 0x40, 0x00, 0xF4, 0x00,
    0x0F, 0x40, 0x00, 0xF4, 0x00, 0x0F, 0x40, 0x00, 0xF4, 0x00, 0x0F, 0x40, 0x00, 0xF4, 0x00, 0x0F,
    0x40, 0x00, 0xF0, 0x00, 0x1F, 0x00, 0x02, 0xD0, 0x00, 0x38, 0x00, 0x0F, 0x00, 0x01, 0x80, 0x00,
    0x00, 0x00, 0x00, 0x05, 0x05, 0x40, 0x54, 0x54, 0x2F, 0xFF, 0x80, 0xFF, 0xFC, 0x02, 0xFD, 0x00,
    0x1F, 0xF4, 0x01, 0xF8, 0x00, 0x0F, 0x80, 0x00, 0xF4, 0x00, 0x2D, 0x00, 0x00, 0xF4, 0x00, 0xB8,
    0x00, 0x00, 0xF4, 0x02, 0xE0, 0x00, 0x00, 0xF4, 0x0B, 0x80, 0x00, 0x00, 0xF4, 0x1E, 0x00, 0x00,
    0x00, 0xF4, 0x78, 0x00, 0x00, 0x01, 0xF5, 0xF0, 0x00, 0x00, 0x01, 0xF7, 0xF0, 0x00, 0x00, 0x01,
    0xF4, 0xFC, 0x00, 0x00, 0x01, 0xF0, 0xBF, 0x00, 0x00, 0x01, 0xF0, 0x3F, 0x80, 0x00, 0x01, 0xF0,
    0x0F, 0xD0, 0x00, 0x01, 0xF0, 0x07, 0xF0, 0x00, 0x01, 0xF0, 0x02, 0xFC, 0x00, 0x01, 0xF0, 0x00,
    0xFE, 0x00, 0x02, 0xF0, 0x00, 0x3F, 0x80, 0x1B, 0xFD, 0x80, 0x1F, 0xF4, 0x3F, 0xFF, 0xC0, 0x07,
    0xFD, 0x00, 0x00, 0x00, 0x00, 0x50, 0x00, 0x00, 0x00, 0x00, 0x00, 0x00, 0x00, 0x06, 0x40, 0x00,
    0x00, 0x00, 0x1F, 0xC0, 0x00, 0x00, 0x00, 0x0B, 0xC0, 0x00, 0x00, 0x00, 0x07, 0xC0, 0x00, 0x00,
    0x00, 0x07, 0x80, 0x00, 0x00, 0x00, 0x0F, 0x00, 0x00, 0x00, 0x00, 0x3C, 0x00, 0x00, 0x00, 0x00,
    0x50, 0x00, 0x00, 0x00, 0x60, 0x00, 0x00, 0x0F, 0xFC, 0x00, 0x00, 0x01, 0xBF, 0x00, 0x00, 0x00,
    0x0F, 0x80, 0x00, 0x00, 0x03, 0xE0, 0x00, 0x00, 0x00, 0xF8, 0x00, 0x00, 0x00, 0x3E, 0x00, 0x00,
    0x00, 0x0F, 0x40, 0x00, 0x00, 0x03, 0xD0, 0x00, 0x00, 0x00, 0xF4, 0x00, 0x00, 0x00, 0x3D, 0x03,
    0xFF, 0xE0, 0x0F, 0x40, 0x1F, 0xD0, 0x03, 0xD0, 0x0B, 0x80, 0x00, 0xF4, 0x0B, 0x80, 0x00, 0x3C,
    0x0B, 0x80, 0x00, 0x0F, 0x0B, 0x80, 0x00, 0x03, 0xCB, 0x80, 0x00, 0x00, 0xF3, 0xF0, 0x00, 0x00,
    0x3C, 0x3F, 0x00, 0x00, 0x0F, 0x07, 0xE0, 0x00, 0x03, 0xC0, 0xBE, 0x00, 0x00, 0xF0, 0x0F, 0xD0,
    0x00, 0x3C, 0x00, 0xFD, 0x00, 0x3F, 0xD4, 0x1F, 0xE4, 0x3F, 0xFD, 0x02, 0xFF, 0x00, 0x00, 0x00,
    0x05, 0x00, 0x00, 0x00, 0x00, 0x00, 0x00, 0x02, 0x80, 0x00, 0x00, 0x03, 0xF4, 0x00, 0x00, 0x00,
    0x3E, 0x00, 0x00, 0x00, 0x0F, 0x80, 0x00, 0x00, 0x03, 0xC0, 0x00, 0x00, 0x02, 0xD0, 0x00, 0x00,
    0x02, 0xD0, 0x00, 0x00, 0x00, 0x80, 0x00, 0x00, 0x01, 0x40, 0x00, 0x00, 0xBF, 0xC0, 0x7F, 0xFC,
    0x6F, 0xC0, 0x0B, 0xE0, 0x0B, 0xC0, 0x0F, 0x40, 0x0B, 0xC0, 0x3C, 0x00, 0x0B, 0xC0, 0xF0, 0x00,
    0x0B, 0x87, 0xC0, 0x00, 0x0B, 0x9F, 0x00, 0x00, 0x0B, 0x8F, 0x80, 0x00, 0x0B, 0x87, 0xD0, 0x00,
    0x0B, 0x83, 0xF4, 0x00, 0x0B, 0x80, 0xFC, 0x00, 0x0B, 0x80, 0x7F, 0x00, 0x0B, 0x80, 0x2F, 0x80,
    0x1F, 0xE4, 0x0F, 0xF4, 0x7F, 0xFC, 0x03, 0xFD, 0x00, 0x00, 0x00, 0x50, 0x00, 0x00, 0x00, 0x00,
    0x00, 0x2D, 0x00, 0x00, 0x07, 0xF8, 0x00, 0x01, 0xFE, 0x00, 0x00, 0x2E, 0x00, 0x00, 0x00, 0x00,
    0x00, 0x00, 0x00, 0x00, 0x00, 0x00, 0x05, 0x05, 0x40, 0x00, 0xBF, 0xFF, 0x00, 0x00, 0x2F, 0xD0,
    0x00, 0x00, 0x7E, 0x00, 0x00, 0x00, 0xF8, 0x00, 0x00, 0x03, 0xE0, 0x00, 0x00, 0x0F, 0x40, 0x00,
    0x00, 0x3D, 0x00, 0x00, 0x00, 0xF4, 0x00, 0x00, 0x03, 0xD0, 0x00, 0x00, 0x1F, 0x40, 0x00, 0x00,
    0x7C, 0x00, 0x00, 0x01, 0xF0, 0x00, 0x00, 0x07, 0xC0, 0x00, 0x00, 0x1F, 0x00, 0x00, 0x00, 0x7C,
    0x00, 0x00, 0x41, 0xF0, 0x00, 0x0E, 0x07, 0xC0, 0x00, 0x38, 0x1F, 0x00, 0x01, 0xD0, 0xBD, 0x00,
    0x0F, 0x0B, 0xFE, 0xAA, 0xFC, 0xBF, 0xFF, 0xFF, 0xF0, 0x00, 0x00, 0x00, 0x00, 0x00, 0x00, 0x00,
    0x03, 0xC0, 0x03, 0xF0, 0x02, 0xF0, 0x02, 0xE0, 0x02, 0xD0, 0x00, 0xD0, 0x00, 0x01, 0x80, 0x3F,
    0xF0, 0x06, 0xFC, 0x00, 0x3E, 0x00, 0x0F, 0x80, 0x03, 0xE0, 0x00, 0xF8, 0x00, 0x3D, 0x00, 0x0F,
    0x40, 0x03, 0xD0, 0x00, 0xF4, 0x00, 0x3D, 0x00, 0x0F, 0x40, 0x03, 0xD0, 0x00, 0xF0, 0x00, 0x3C,
    0x00, 0x0F, 0x00, 0x03, 0xC0, 0x00, 0xF0, 0x00, 0x3C, 0x00, 0x0F, 0x00, 0x03, 0xC0, 0x00, 0xF4,
    0x00, 0xFF, 0x40, 0xFF, 0xF4, 0x10, 0x00, 0x00, 0x14, 0x15, 0x00, 0x02, 0xFF, 0xFC, 0x00, 0x00,
    0xBF, 0x40, 0x00, 0x01, 0xF8, 0x00, 0x00, 0x03, 0xE0, 0x00, 0x00, 0x0F, 0x80, 0x00, 0x00, 0x3D,
    0x00, 0x00, 0x00, 0xF4, 0x00, 0x00, 0x03, 0xD0, 0x00, 0x00, 0x0F, 0x40, 0x00, 0x00, 0x7D, 0x00,
    0x00, 0x01, 0xF0, 0x00, 0x00, 0x07, 0xC0, 0x00, 0x00, 0x1F, 0x00, 0x00, 0x00, 0x7C, 0x00, 0x00,
    0x01, 0xF0, 0x00, 0x01, 0x07, 0xC0, 0x00, 0x38, 0x1F, 0x00, 0x00, 0xE0, 0x7C, 0x00, 0x07, 0x42,
    0xF4, 0x00, 0x3C, 0x2F, 0xFA, 0xAB, 0xF2, 0xFF, 0xFF, 0xFF, 0xC0, 0x00, 0x00, 0x00, 0x00, 0x00,
    0x00, 0x00, 0x00, 0x02, 0x80, 0x00, 0x00, 0x2F, 0x80, 0x00, 0x00, 0x3F, 0x00, 0x00, 0x00, 0xBC,
    0x00, 0x00, 0x02, 0xD0, 0x00, 0x00, 0x1E, 0x00, 0x00, 0x01, 0xE0, 0x00, 0x00, 0x09, 0x00, 0x00,
    0x00, 0x60, 0x3F, 0xF0, 0x1B, 0xF0, 0x03, 0xE0, 0x03, 0xE0, 0x03, 0xE0, 0x03, 0xE0, 0x03, 0xD0,
    0x03, 0xD0, 0x03, 0xD0, 0x03, 0xD0, 0x03, 0xD0, 0x03, 0xD0, 0x03, 0xD0, 0x03, 0xC0, 0x03, 0xC0,
    0x03, 0xC0, 0x03, 0xC0, 0x03, 0xC0, 0x03, 0xC0, 0x03, 0xC0, 0x03, 0xC0, 0x03, 0xD0, 0x0F, 0xF4,
    0x3F, 0xFD, 0x10, 0x00, 0x00, 0x00, 0x02, 0x80, 0x0B, 0xF0, 0x02, 0xF0, 0x01, 0xF0, 0x02, 0xE0,
    0x03, 0xC0, 0x0E, 0x00, 0x14, 0x00, 0x14, 0x15, 0x00, 0x02, 0xFF, 0xFC, 0x03, 0xC0, 0xBF, 0x40,
    0x1F, 0x01, 0xF8, 0x00, 0x3C, 0x03, 0xE0, 0x00, 0xE0, 0x0F, 0x80, 0x03, 0x80, 0x3D, 0x00, 0x0D,
    0x00, 0xF4, 0x00, 0x30, 0x03, 0xD0, 0x00, 0x80, 0x0F, 0x40, 0x00, 0x00, 0x7D, 0x00, 0x00, 0x01,
    0xF0, 0x00, 0x00, 0x07, 0xC0, 0x00, 0x00, 0x1F, 0x00, 0x00, 0x00, 0x7C, 0x00, 0x00, 0x01, 0xF0,
    0x00, 0x01, 0x07, 0xC0, 0x00, 0x38, 0x1F, 0x00, 0x00, 0xE0, 0x7C, 0x00, 0x07, 0x42, 0xF4, 0x00,
    0x3C, 0x2F, 0xFA, 0xAB, 0xF2, 0xFF, 0xFF, 0xFF, 0xC0, 0x00, 0x00, 0x00, 0x00, 0x00, 0x60, 0x00,
    0xFF, 0xC0, 0x01, 0xBF, 0x1F, 0x00, 0xF8, 0x7C, 0x03, 0xE1, 0xF0, 0x0F, 0x83, 0x80, 0x3E, 0x0D,
    0x00, 0xF4, 0x30, 0x03, 0xD0, 0xC0, 0x0F, 0x41, 0x00, 0x3D, 0x00, 0x00, 0xF4, 0x00, 0x03, 0xD0,
    0x00, 0x0F, 0x40, 0x00, 0x3C, 0x00, 0x00, 0xF0, 0x00, 0x03, 0xC0, 0x00, 0x0F, 0x00, 0x00, 0x3C,
    0x00, 0x00, 0xF0, 0x00, 0x03, 0xC0, 0x00, 0x0F, 0x00, 0x00, 0x3D, 0x00, 0x03, 0xFD, 0x00, 0x3F,
    0xFD, 0x00, 0x40, 0x00, 0x00, 0x14, 0x15, 0x00, 0x02, 0xFF, 0xFC, 0x00, 0x00, 0xBF, 0x40, 0x00,
    0x01, 0xF8, 0x00, 0x00, 0x03, 0xE0, 0x00, 0x00, 0x0F, 0x80, 0x06, 0x80, 0x3D, 0x00, 0x3F, 0x40,
    0xF4, 0x01, 0xFE, 0x03, 0xD0, 0x03, 0xF0, 0x0F, 0x40, 0x00, 0x00, 0x7D, 0x00, 0x00, 0x01, 0xF0,
    0x00, 0x00, 0x07, 0xC0, 0x00, 0x00, 0x1F, 0x00, 0x00, 0x00, 0x7C, 0x00, 0x00, 0x01, 0xF0, 0x00,
    0x01, 0x07, 0xC0, 0x00, 0x38, 0x1F, 0x00, 0x00, 0xE0, 0x7C, 0x00, 0x07, 0x42, 0xF4, 0x00, 0x3C,
    0x2F, 0xFA, 0xAB, 0xF2, 0xFF, 0xFF, 0xFF, 0xC0, 0x00, 0x00, 0x00, 0x00, 0x00, 0x60, 0x00, 0xFF,
    0xC0, 0x01, 0xBF, 0x00, 0x00, 0xF8, 0x00, 0x03, 0xE0, 0x00, 0x0F, 0x80, 0x00, 0x3E, 0x00, 0x00,
    0xF4, 0x00, 0x03, 0xD0, 0x00, 0x0F, 0x40, 0x00, 0x3D, 0x00, 0x00, 0xF4, 0x00, 0x03, 0xD0, 0x00,
    0x0F, 0x40, 0x00, 0x3C, 0x2F, 0x80, 0xF0, 0xFF, 0x03, 0xC3, 0xF8, 0x0F, 0x02, 0x80, 0x3C, 0x00,
    0x00, 0xF0, 0x00, 0x03, 0xC0, 0x00, 0x0F, 0x00, 0x00, 0x3D, 0x00, 0x03, 0xFD, 0x00, 0x3F, 0xFD,
    0x00, 0x40, 0x00, 0x00, 0x14, 0x15, 0x00, 0x02, 0xFF, 0xFC, 0x00, 0x00, 0xBF, 0x40, 0x00, 0x01,
    0xF8, 0x00, 0x00, 0x03, 0xE0, 0x00, 0x00, 0x0F, 0x80, 0x00, 0x00, 0x3D, 0x00, 0x00, 0x00, 0xF4,
    0x06, 0x80, 0x03, 0xD1, 0xF8, 0x00, 0x0F, 0xBE, 0x00, 0x00, 0x3F, 0x80, 0x00, 0x07, 0xF4, 0x00,
    0x00, 0xFB, 0xC0, 0x00, 0x01, 0x1F, 0x00, 0x00, 0x00, 0x7C, 0x00, 0x00, 0x01, 0xF0, 0x00, 0x01,
    0x07, 0xC0, 0x00, 0x38, 0x1F, 0x00, 0x00, 0xE0, 0x7C, 0x00, 0x07, 0x42, 0xF4, 0x00, 0x3C, 0x2F,
    0xFA, 0xAB, 0xF2, 0xFF, 0xFF, 0xFF, 0xC0, 0x00, 0x00, 0x00, 0x00, 0x00, 0x64, 0x0B, 0xFD, 0x01,
    0x7F, 0x00, 0x0B, 0xC0, 0x02, 0xF0, 0x00, 0xBC, 0x00, 0x2F, 0x00, 0x0B, 0xC0, 0x02, 0xF0, 0x00,
    0xBC, 0x00, 0x2F, 0xB4, 0x0B, 0xF4, 0x0B, 0xF0, 0x0F, 0xF8, 0x01, 0x2E, 0x00, 0x0B, 0x80, 0x02,
    0xE0, 0x00, 0xB8, 0x00, 0x2E, 0x00, 0x0B, 0x80, 0x02, 0xE0, 0x00, 0xB8, 0x00, 0x3E, 0x00, 0x1F,
    0xD4, 0x2F, 0xFF, 0x00, 0x00, 0x00, 0x00, 0x00, 0x00, 0x00, 0x00, 0x00, 0x00, 0x00, 0x00, 0x74,
    0x00, 0x00, 0x00, 0x00, 0x2F, 0x80, 0x00, 0x00, 0x00, 0x2F, 0xD0, 0x00, 0x00, 0x00, 0x1F, 0x80,
    0x00, 0x00, 0x00, 0x01, 0x40, 0x00, 0x00, 0x00, 0x00, 0x00, 0x00, 0x00, 0x01, 0x45, 0x00, 0x00,
    0x05, 0x15, 0x3F, 0xF8, 0x00, 0x03, 0xFF, 0xF0, 0x7F, 0xD0, 0x00, 0x07, 0xF4, 0x01, 0xFF, 0x00,
    0x00, 0x1E, 0x00, 0x0F, 0xF8, 0x00, 0x01, 0xD0, 0x00, 0xEF, 0xD0, 0x00, 0x1D, 0x00, 0x1D, 0x7F,
    0x00, 0x01, 0xD0, 0x01, 0xD2, 0xF8, 0x00, 0x1D, 0x00, 0x1D, 0x0F, 0xD0, 0x01, 0xD0, 0x01, 0xD0,
    0x3F, 0x00, 0x1D, 0x00, 0x1D, 0x02, 0xF8, 0x01, 0xD0, 0x01, 0xD0, 0x0F, 0xD0, 0x1D, 0x00, 0x1D,
    0x00, 0x3F, 0x01, 0xC0, 0x01, 0xD0, 0x02, 0xFC, 0x1C, 0x00, 0x2D, 0x00, 0x0F, 0xD1, 0xC0, 0x02,
    0xD0, 0x00, 0x3F, 0x1C, 0x00, 0x2D, 0x00, 0x01, 0xFE, 0xC0, 0x02, 0xD0, 0x00, 0x0F, 0xFC, 0x00,
    0x2D, 0x00, 0x00, 0x3F, 0xC0, 0x03, 0xD0, 0x00, 0x01, 0xFC, 0x01, 0xBF, 0x50, 0x00, 0x0F, 0xC0,
    0x3F, 0xFF, 0x00, 0x00, 0x3C, 0x00, 0x00, 0x00, 0x00, 0x02, 0xC0, 0x00, 0x00, 0x00, 0x00, 0x00,
    0x00, 0x00, 0x00, 0x02, 0x00, 0x00, 0x00, 0x03, 0xE0, 0x00, 0x00, 0x02, 0xF4, 0x00, 0x00, 0x02,
    0xF0, 0x00, 0x00, 0x01, 0xE0, 0x00, 0x00, 0x01, 0xE0, 0x00, 0x00, 0x00, 0x10, 0x00, 0x00, 0x00,
    0x00, 0x00, 0x00, 0x00, 0x40, 0x14, 0x00, 0x1B, 0xF0, 0x7F, 0xF0, 0x07, 0xFD, 0xFF, 0xFF, 0x00,
    0x3F, 0xE0, 0x0F, 0xD0, 0x0B, 0xC0, 0x01, 0xF4, 0x02, 0xF0, 0x00, 0x3D, 0x00, 0xBC, 0x00, 0x0F,
    0x40, 0x2F, 0x00, 0x03, 0xD0, 0x0B, 0xC0, 0x00, 0xF4, 0x02, 0xF0, 0x00, 0x3C, 0x00, 0xBC, 0x00,
    0x0F, 0x00, 0x2F, 0x00, 0x03, 0xC0, 0x0B, 0x80, 0x00, 0xF0, 0x02, 0xF0, 0x00, 0x7C, 0x01, 0xFE,
    0x40, 0x3F, 0x91, 0xFF, 0xF0, 0x3F, 0xFD, 0x00, 0x00, 0x04, 0x00, 0x00, 0x14, 0x50, 0x00, 0x00,
    0x51, 0x53, 0xFF, 0x80, 0x00, 0x3F, 0xFF, 0x07, 0xFD, 0x00, 0x00, 0x7F, 0x40, 0x1F, 0xF0, 0x00,
    0x01, 0xE0, 0x00, 0xFF, 0x80, 0x00, 0x1D, 0x00, 0x0E, 0xFD, 0x00, 0x01, 0xD0, 0x01, 0xD7, 0xF0,
    0x00, 0x1D, 0x00, 0x1D, 0x2F, 0x80, 0x01, 0xD0, 0x01, 0xD0, 0xFD, 0x00, 0x1D, 0x00, 0x1D, 0x03,
    0xF0, 0x01, 0xD0, 0x01, 0xD0, 0x2F, 0x80, 0x1D, 0x00, 0x1D, 0x00, 0xFD, 0x01, 0xD0, 0x01, 0xD0,
    0x03, 0xF0, 0x1C, 0x00, 0x1D, 0x00, 0x2F, 0xC1, 0xC0, 0x02, 0xD0, 0x00, 0xFD, 0x1C, 0x00, 0x2D,
    0x00, 0x03, 0xF1, 0xC0, 0x02, 0xD0, 0x00, 0x1F, 0xEC, 0x00, 0x2D, 0x00, 0x00, 0xFF, 0xC0, 0x02,
    0xD0, 0x00, 0x03, 0xFC, 0x00, 0x3D, 0x00, 0x00, 0x1F, 0xC0, 0x1B, 0xF5, 0x00, 0x00, 0xFC, 0x03,
    0xFF, 0xF0, 0x00, 0x03, 0xC0, 0x00, 0x00, 0x00, 0x00, 0x2C, 0x00, 0x00, 0x00, 0x00, 0x00, 0x00,
    0x00, 0x00, 0x0A, 0x00, 0x00, 0x00, 0x00, 0x02, 0xFC, 0x00, 0x00, 0x00, 0x00, 0x0B, 0xC0, 0x00,
    0x00, 0x00, 0x00, 0x7C, 0x00, 0x00, 0x00, 0x00, 0x0B, 0x80, 0x00, 0x00, 0x00, 0x00, 0xF0, 0x00,
    0x00, 0x00, 0x00, 0x38, 0x00, 0x00, 0x00, 0x00, 0x05, 0x00, 0x00, 0x00, 0x00, 0x40, 0x14, 0x00,
    0x1B, 0xF0, 0x7F, 0xF0, 0x07, 0xFD, 0xFF, 0xFF, 0x00, 0x3F, 0xE0, 0x0F, 0xD0, 0x0B, 0xC0, 0x01,
    0xF4, 0x02, 0xF0, 0x00, 0x3D, 0x00, 0xBC, 0x00, 0x0F, 0x40, 0x2F, 0x00, 0x03, 0xD0, 0x0B, 0xC0,
    0x00, 0xF4, 0x02, 0xF0, 0x00, 0x3C, 0x00, 0xBC, 0x00, 0x0F, 0x00, 0x2F, 0x00, 0x03, 0xC0, 0x0B,
    0x80, 0x00, 0xF0, 0x02, 0xF0, 0x00, 0x7C, 0x01, 0xFE, 0x40, 0x3F, 0x91, 0xFF, 0xF0, 0x3F, 0xFD,
    0x00, 0x00, 0x04, 0x00, 0x00, 0x00, 0x00, 0x00, 0x00, 0x00, 0x19, 0x00, 0x00, 0x00, 0x1F, 0xC0,
    0x00, 0x00, 0x02, 0xF0, 0x00, 0x00, 0x00, 0x3C, 0x00, 0x00, 0x00, 0x1E, 0x00, 0x00, 0x00, 0x0F,
    0x00, 0x00, 0x00, 0x0F, 0x00, 0x00, 0x00, 0x05, 0x00, 0x00, 0x00, 0x00, 0x03, 0x40, 0x07, 0x00,
    0x00, 0x00, 0x2E, 0x07, 0xD0, 0x00, 0x00, 0x00, 0x7F, 0xF0, 0x00, 0x00, 0x00, 0x00, 0xFC, 0x00,
    0x00, 0x00, 0x00, 0x01, 0x00, 0x00, 0x00, 0x00, 0x00, 0x00, 0x00, 0x00, 0x14, 0x50, 0x00, 0x00,
    0x51, 0x53, 0xFF, 0x80, 0x00, 0x3F, 0xFF, 0x07, 0xFD, 0x00, 0x00, 0x7F, 0x40, 0x1F, 0xF0, 0x00,
    0x01, 0xE0, 0x00, 0xFF, 0x80, 0x00, 0x1D, 0x00, 0x0E, 0xFD, 0x00, 0x01, 0xD0, 0x01, 0xD7, 0xF0,
    0x00, 0x1D, 0x00, 0x1D, 0x2F, 0x80, 0x01, 0xD0, 0x01, 0xD0, 0xFD, 0x00, 0x1D, 0x00, 0x1D, 0x03,
    0xF0, 0x01, 0xD0, 0x01, 0xD0, 0x2F, 0x80, 0x1D, 0x00, 0x1D, 0x00, 0xFD, 0x01, 0xD0, 0x01, 0xD0,
    0x03, 0xF0, 0x1C, 0x00, 0x1D, 0x00, 0x2F, 0xC1, 0xC0, 0x02, 0xD0, 0x00, 0xFD, 0x1C, 0x00, 0x2D,
    0x00, 0x03, 0xF1, 0xC0, 0x02, 0xD0, 0x00, 0x1F, 0xEC, 0x00, 0x2D, 0x00, 0x00, 0xFF, 0xC0, 0x02,
    0xD0, 0x00, 0x03, 0xFC, 0x00, 0x3D, 0x00, 0x00, 0x1F, 0xC0, 0x1B, 0xF5, 0x00, 0x00, 0xFC, 0x03,
    0xFF, 0xF0, 0x00, 0x03, 0xC0, 0x00, 0x00, 0x00, 0x00, 0x2C, 0x00, 0x00, 0x00, 0x00, 0x00, 0x00,
    0x00, 0x40, 0x00, 0x40, 0x00, 0x38, 0x00, 0x74, 0x00, 0x03, 0xC0, 0xB4, 0x00, 0x00, 0x7D, 0xF8,
    0x00, 0x00, 0x07, 0xF8, 0x00, 0x00, 0x00, 0x78, 0x00, 0x00, 0x00, 0x04, 0x00, 0x00, 0x00, 0x00,
    0x00, 0x00, 0x00, 0x40, 0x14, 0x00, 0x1B, 0xF0, 0x7F, 0xF0, 0x07, 0xFD, 0xFF, 0xFF, 0x00, 0x3F,
    0xE0, 0x0F, 0xD0, 0x0B, 0xC0, 0x01, 0xF4, 0x02, 0xF0, 0x00, 0x3D, 0x00, 0xBC, 0x00, 0x0F, 0x40,
    0x2F, 0x00, 0x03, 0xD0, 0x0B, 0xC0, 0x00, 0xF4, 0x02, 0xF0, 0x00, 0x3C, 0x00, 0xBC, 0x00, 0x0F,
    0x00, 0x2F, 0x00, 0x03, 0xC0, 0x0B, 0x80, 0x00, 0xF0, 0x02, 0xF0, 0x00, 0x7C, 0x01, 0xFE, 0x40,
    0x3F, 0x91, 0xFF, 0xF0, 0x3F, 0xFD, 0x00, 0x00, 0x04, 0x00, 0x00, 0x14, 0x50, 0x00, 0x00, 0x51,
    0x53, 0xFF, 0x80, 0x00, 0x3F, 0xFF, 0x07, 0xFD, 0x00, 0x00, 0x7F, 0x40, 0x1F, 0xF0, 0x00, 0x01,
    0xE0, 0x00, 0xFF, 0x80, 0x00, 0x1D, 0x00, 0x0E, 0xFD, 0x00, 0x01, 0xD0, 0x01, 0xD7, 0xF0, 0x00,
    0x1D, 0x00, 0x1D, 0x2F, 0x80, 0x01, 0xD0, 0x01, 0xD0, 0xFD, 0x00, 0x1D, 0x00, 0x1D, 0x07, 0xF0,
    0x01, 0xD0, 0x01, 0xD0, 0x2F, 0x80, 0x1D, 0x00, 0x1D, 0x00, 0xFD, 0x01, 0xD0, 0x01, 0xD0, 0x03,
    0xF0, 0x1D, 0x00, 0x1D, 0x00, 0x2F, 0xC1, 0xC0, 0x02, 0xD0, 0x00, 0xFD, 0x1C, 0x00, 0x2D, 0x00,
    0x03, 0xF1, 0xC0, 0x02, 0xD0, 0x00, 0x1F, 0xEC, 0x00, 0x2D, 0x00, 0x00, 0xFF, 0xC0, 0x02, 0xD0,
    0x00, 0x03, 0xFC, 0x00, 0x3D, 0x00, 0x00, 0x2F, 0xC0, 0x0B, 0xF6, 0x00, 0x00, 0xFC, 0x03, 0xFF,
    0xF0, 0x00, 0x03, 0xC0, 0x00, 0x00, 0x00, 0x00, 0x78, 0x00, 0x00, 0x00, 0x00, 0x0F, 0x00, 0x00,
    0x00, 0x00, 0x02, 0xE0, 0x00, 0x00, 0x00, 0x01, 0xF8, 0x00, 0x00, 0x00, 0x00, 0x2D, 0x00, 0x00,
    0x00, 0x00, 0x00, 0x00, 0x00, 0x00, 0x40, 0x14, 0x01, 0xBF, 0x07, 0xFF, 0x07, 0xFD, 0xFF, 0xFF,
    0x03, 0xFE, 0x00, 0xFC, 0x0B, 0xC0, 0x02, 0xF4, 0x2F, 0x00, 0x07, 0xD0, 0xBC, 0x00, 0x0F, 0x42,
    0xF0, 0x00, 0x3D, 0x0B, 0xC0, 0x00, 0xF4, 0x2F, 0x00, 0x03, 0xC0, 0xB8, 0x00, 0x0F, 0x02, 0xE0,
    0x00, 0x3C, 0x0B, 0x80, 0x00, 0xF0, 0x2E, 0x00, 0x03, 0xC1, 0xFE, 0x40, 0x1F, 0x1F, 0xFF, 0x00,
    0x78, 0x00, 0x00, 0x03, 0xD0, 0x00, 0x00, 0x1F, 0x00, 0x00, 0x01, 0xF4, 0x00, 0x00, 0x2F, 0x40,
    0x00, 0x00, 0x50, 0x00, 0x00, 0x1F, 0xAA, 0xFD, 0x00, 0x00, 0x0B, 0xFF, 0xFF, 0x00, 0x00, 0x00,
    0x00, 0x00, 0x00, 0x00, 0x00, 0x00, 0x00, 0x00, 0x00, 0x00, 0x00, 0x1A, 0x90, 0x00, 0x00, 0x01,
    0xFF, 0xFF, 0x80, 0x00, 0x03, 0xF9, 0x6F, 0xFD, 0x00, 0x07, 0xE0, 0x00, 0x3F, 0xD0, 0x03, 0xD0,
    0x00, 0x03, 0xFC, 0x03, 0xE0, 0x00, 0x00, 0x3F, 0x81, 0xF0, 0x00, 0x00, 0x0B, 0xF0, 0xFC, 0x00,
    0x00, 0x00, 0xFD, 0x3D, 0x00, 0x00, 0x00, 0x2F, 0x9F, 0x40, 0x00, 0x00, 0x07, 0xEB, 0xD0, 0x00,
    0x00, 0x01, 0xFA, 0xF0, 0x00, 0x00, 0x00, 0x7E, 0xBD, 0x00, 0x00, 0x00, 0x1F, 0xAF, 0x40, 0x00,
    0x00, 0x07, 0xD7, 0xE0, 0x00, 0x00, 0x02, 0xF0, 0xFC, 0x00, 0x00, 0x00, 0xFC, 0x3F, 0x40, 0x00,
    0x00, 0x3D, 0x07, 0xF0, 0x00, 0x00, 0x2E, 0x00, 0xFE, 0x00, 0x00, 0x1F, 0x00, 0x0F, 0xF0, 0x00,
    0x2F, 0x00, 0x00, 0xFF, 0x95, 0xBE, 0x00, 0x00, 0x07, 0xFF, 0xF8, 0x00, 0x00, 0x00, 0x05, 0x40,
    0x00, 0x00, 0x00, 0x00, 0x00, 0x00, 0x1F, 0xFF, 0xFD, 0x00, 0x7F, 0xFF, 0xF0, 0x00, 0x00, 0x00,
    0x00, 0x00, 0x00, 0x00, 0x00, 0x00, 0x00, 0x00, 0x00, 0x00, 0x54, 0x00, 0x00, 0x2F, 0xFF, 0x40,
    0x03, 0xE5, 0xBF, 0x40, 0x3D, 0x00, 0x7F, 0x02, 0xE0, 0x00, 0xBE, 0x0F, 0x00, 0x00, 0xFC, 0x7C,
    0x00, 0x02, 0xF2, 0xF0, 0x00, 0x07, 0xDF, 0xC0, 0x00, 0x1F, 0x7F, 0x00, 0x00, 0x7D, 0xBC, 0x00,
    0x01, 0xF1, 0xF4, 0x00, 0x0B, 0x83, 0xF0, 0x00, 0x3C, 0x0B, 0xE0, 0x02, 0xD0, 0x0F, 0xF5, 0x7E,
    0x00, 0x0B, 0xFF, 0xD0, 0x00, 0x01, 0x50, 0x00, 0x00, 0x00, 0x08, 0x00, 0x20, 0x00, 0x00, 0x03,
    0x80, 0x34, 0x00, 0x00, 0x00, 0x3E, 0xFC, 0x00, 0x00, 0x00, 0x07, 0xFC, 0x00, 0x00, 0x00, 0x00,
    0x00, 0x00, 0x00, 0x00, 0x00, 0x00, 0x00, 0x00, 0x00, 0x00, 0x01, 0xA9, 0x00, 0x00, 0x00, 0x1F,
    0xFF, 0xF8, 0x00, 0x00, 0x3F, 0x96, 0xFF, 0xD0, 0x00, 0x7E, 0x00, 0x03, 0xFD, 0x00, 0x3D, 0x00,
    0x00, 0x3F, 0xC0, 0x3E, 0x00, 0x00, 0x03, 0xF8, 0x1F, 0x00, 0x00, 0x00, 0xBF, 0x0F, 0xC0, 0x00,
    0x00, 0x0F, 0xD3, 0xD0, 0x00, 0x00, 0x02, 0xF9, 0xF4, 0x00, 0x00, 0x00, 0x7E, 0xBD, 0x00, 0x00,
    0x00, 0x1F, 0xAF, 0x00, 0x00, 0x00, 0x07, 0xEB, 0xD0, 0x00, 0x00, 0x01, 0xFA, 0xF4, 0x00, 0x00,
    0x00, 0x7D, 0x7E, 0x00, 0x00, 0x00, 0x2F, 0x0F, 0xC0, 0x00, 0x00, 0x0F, 0xC3, 0xF4, 0x00, 0x00,
    0x03, 0xD0, 0x7F, 0x00, 0x00, 0x02, 0xE0, 0x0F, 0xE0, 0x00, 0x01, 0xF0, 0x00, 0xFF, 0x00, 0x02,
    0xF0, 0x00, 0x0F, 0xF9, 0x5B, 0xE0, 0x00, 0x00, 0x7F, 0xFF, 0x80, 0x00, 0x00, 0x00, 0x54, 0x00,
    0x00, 0x00, 0x00, 0x00, 0x00, 0x00, 0x03, 0x00, 0x18, 0x00, 0x0A, 0x01, 0xD0, 0x00, 0x0F, 0xFE,
    0x00, 0x00, 0x0F, 0xE0, 0x00, 0x00, 0x00, 0x00, 0x00, 0x00, 0x00, 0x00, 0x00, 0x01, 0x50, 0x00,
    0x00, 0xBF, 0xFD, 0x00, 0x0F, 0x96, 0xFD, 0x00, 0xF4, 0x01, 0xFC, 0x0B, 0x80, 0x02, 0xF8, 0x3C,
    0x00, 0x03, 0xF1, 0xF0, 0x00, 0x0B, 0xCB, 0xC0, 0x00, 0x1F, 0x7F, 0x00, 0x00, 0x7D, 0xFC, 0x00,
    0x01, 0xF6, 0xF0, 0x00, 0x07, 0xC7, 0xD0, 0x00, 0x2E, 0x0F, 0xC0, 0x00, 0xF0, 0x2F, 0x80, 0x0B,
    0x40, 0x3F, 0xD5, 0xF8, 0x00, 0x2F, 0xFF, 0x40, 0x00, 0x05, 0x40, 0x00, 0x00, 0x00, 0x01, 0x00,
    0x00, 0x00, 0x00, 0x02, 0xD0, 0xB0, 0x00, 0x00, 0x03, 0xF0, 0xFC, 0x00, 0x00, 0x07, 0xD1, 0xF4,
    0x00, 0x00, 0x07, 0x42, 0xE0, 0x00, 0x00, 0x00, 0x00, 0x00, 0x00, 0x00, 0x00, 0x01, 0xA9, 0x00,
    0x00, 0x00, 0x1F, 0xFF, 0xF8, 0x00, 0x00, 0x3F, 0x96, 0xFF, 0xD0, 0x00, 0x7E, 0x00, 0x03, 0xFD,
    0x00, 0x3D, 0x00, 0x00, 0x3F, 0xC0, 0x3E, 0x00, 0x00, 0x03, 0xF8, 0x1F, 0x00, 0x00, 0x00, 0xBF,
    0x0F, 0xC0, 0x00, 0x00, 0x0F, 0xD3, 0xD0, 0x00, 0x00, 0x02, 0xF9, 0xF4, 0x00, 0x00, 0x00, 0x7E,
    0xBD, 0x00, 0x00, 0x00, 0x1F, 0xAF, 0x00, 0x00, 0x00, 0x07, 0xEB, 0xD0, 0x00, 0x00, 0x01, 0xFA,
    0xF4, 0x00, 0x00, 0x00, 0x7D, 0x7E, 0x00, 0x00, 0x00, 0x2F, 0x0F, 0xC0, 0x00, 0x00, 0x0F, 0xC3,
    0xF4, 0x00, 0x00, 0x03, 0xD0, 0x7F, 0x00, 0x00, 0x02, 0xE0, 0x0F, 0xE0, 0x00, 0x01, 0xF0, 0x00,
    0xFF, 0x00, 0x02, 0xF0, 0x00, 0x0F, 0xF9, 0x5B, 0xE0, 0x00, 0x00, 0x7F, 0xFF, 0x80, 0x00, 0x00,
    0x00, 0x54, 0x00, 0x00, 0x00, 0x00, 0x00, 0x00, 0x00, 0x00, 0x0F, 0x0F, 0x00, 0x00, 0xF8, 0xBC,
    0x00, 0x0F, 0x4B, 0x80, 0x00, 0xF0, 0xB4, 0x00, 0x0B, 0x07, 0x00, 0x00, 0x00, 0x00, 0x00, 0x00,
    0x00, 0x00, 0x00, 0x00, 0x05, 0x40, 0x00, 0x02, 0xFF, 0xF4, 0x00, 0x3E, 0x5B, 0xF4, 0x03, 0xD0,
    0x07, 0xF0, 0x2E, 0x00, 0x0B, 0xE0, 0xF0, 0x00, 0x0F, 0xC7, 0xC0, 0x00, 0x2F, 0x2F, 0x00, 0x00,
    0x7D, 0xFC, 0x00, 0x01, 0xF7, 0xF0, 0x00, 0x07, 0xDB, 0xC0, 0x00, 0x1F, 0x1F, 0x40, 0x00, 0xB8,
    0x3F, 0x00, 0x03, 0xC0, 0xBE, 0x00, 0x2D, 0x00, 0xFF, 0x57, 0xE0, 0x00, 0xBF, 0xFD, 0x00, 0x00,
    0x15, 0x00, 0x00, 0x00, 0x00, 0x5A, 0x95, 0x00, 0x00, 0x56, 0x40, 0x00, 0xBF, 0xFF, 0xFF, 0xFF,
    0xFF, 0xF4, 0x00, 0x3F, 0x95, 0x6F, 0xFE, 0x55, 0xBF, 0x40, 0x1F, 0x80, 0x00, 0x2F, 0xC0, 0x00,
    0xF0, 0x03, 0xD0, 0x00, 0x00, 0xFC, 0x00, 0x0B, 0x00, 0xF8, 0x00, 0x00, 0x0B, 0xC0, 0x00, 0xB0,
    0x1F, 0x00, 0x00, 0x00, 0xB8, 0x00, 0x00, 0x03, 0xF0, 0x00, 0x00, 0x0B, 0x80, 0x00, 0x00, 0x3E,
    0x00, 0x00, 0x00, 0xB8, 0x00, 0x00, 0x07, 0xD0, 0x00, 0x00, 0x0B, 0x80, 0x00, 0x00, 0xBD, 0x00,
    0x00, 0x00, 0xBF, 0xFF, 0xF0, 0x0B, 0xD0, 0x00, 0x00, 0x0B, 0xFF, 0xFF, 0x00, 0xBD, 0x00, 0x00,
    0x00, 0xB8, 0x00, 0x00, 0x0B, 0xD0, 0x00, 0x00, 0x0B, 0x80, 0x00, 0x00, 0x7E, 0x00, 0x00, 0x00,
    0xB4, 0x00, 0x00, 0x03, 0xF0, 0x00, 0x00, 0x0B, 0x40, 0x00, 0x00, 0x3F, 0x40, 0x00, 0x00, 0xF4,
    0x00, 0x01, 0x81, 0xFC, 0x00, 0x00, 0x0F, 0x40, 0x00, 0x2C, 0x0F, 0xE0, 0x00, 0x01, 0xF4, 0x00,
    0x03, 0x80, 0x3F, 0x80, 0x00, 0x7F, 0x80, 0x00, 0xB8, 0x00, 0xFF, 0x95, 0xBF, 0xFE, 0xAA, 0xBF,
    0x40, 0x02, 0xFF, 0xFF, 0xFF, 0xFF, 0xFF, 0xF0, 0x00, 0x00, 0x55, 0x00, 0x00, 0x00, 0x00, 0x00,
    0x00, 0x05, 0x40, 0x00, 0x15, 0x00, 0x00, 0xBF, 0xFC, 0x02, 0xFF, 0xE0, 0x03, 0xE5, 0xFF, 0x1F,
    0x57, 0xF8, 0x0F, 0x40, 0x2F, 0xFC, 0x00, 0xFC, 0x2E, 0x00, 0x0F, 0xF0, 0x00, 0xBD, 0x3C, 0x00,
    0x07, 0xF0, 0x00, 0xBD, 0x7C, 0x00, 0x03, 0xFF, 0xFF, 0xFC, 0xBC, 0x00, 0x03, 0xE5, 0x55, 0x54,
    0xBC, 0x00, 0x02, 0xE0, 0x00, 0x00, 0xFC, 0x00, 0x02, 0xE0, 0x00, 0x00, 0xBC, 0x00, 0x03, 0xF0,
    0x00, 0x00, 0x7D, 0x00, 0x03, 0xF4, 0x00, 0x00, 0x3F, 0x00, 0x07, 0xFC, 0x00, 0x00, 0x2F, 0x80,
    0x0F, 0xFF, 0x40, 0x18, 0x0F, 0xF5, 0x7D, 0x3F, 0xFF, 0xF8, 0x02, 0xFF, 0xE0, 0x0B, 0xFF, 0x80,
    0x00, 0x15, 0x00, 0x00, 0x54, 0x00, 0x00, 0x00, 0x00, 0x00, 0x00, 0x00, 0x00, 0x02, 0xC0, 0x00,
    0x00, 0x00, 0x1F, 0xC0, 0x00, 0x00, 0x01, 0xFE, 0x40, 0x00, 0x00, 0x0F, 0xD0, 0x00, 0x00, 0x00,
    0x04, 0x00, 0x00, 0x00, 0x00, 0x00, 0x00, 0x00, 0x00, 0x05, 0x05, 0x54, 0x00, 0x00, 0x2F, 0xFF,
    0xFF, 0xD0, 0x00, 0x02, 0xF8, 0x1B, 0xF8, 0x00, 0x01, 0xF8, 0x00, 0xFD, 0x00, 0x00, 0xF8, 0x00,
    0x3F, 0x00, 0x00, 0xF4, 0x00, 0x3F, 0x00, 0x00, 0xF4, 0x00, 0x2F, 0x00, 0x00, 0xF4, 0x00, 0x3F,
    0x00, 0x00, 0xF4, 0x00, 0x3D, 0x00, 0x00, 0xF4, 0x00, 0xBC, 0x00, 0x01, 0xF4, 0x02, 0xF0, 0x00,
    0x01, 0xFF, 0xAF, 0x80, 0x00, 0x01, 0xFF, 0xFD, 0x00, 0x00, 0x01, 0xF0, 0x2F, 0x00, 0x00, 0x01,
    0xF0, 0x0F, 0x80, 0x00, 0x01, 0xF0, 0x0B, 0xC0, 0x00, 0x01, 0xF0, 0x03, 0xF0, 0x00, 0x01, 0xF0,
    0x01, 0xF4, 0x00, 0x01, 0xF0, 0x00, 0xFC, 0x00, 0x02, 0xF0, 0x00, 0x7F, 0x00, 0x1B, 0xFD, 0x00,
    0x2F, 0xD0, 0x3F, 0xFF, 0x40, 0x0F, 0xFC, 0x00, 0x00, 0x00, 0x01, 0x50, 0x00, 0x08, 0x00, 0x00,
    0xBC, 0x00, 0x0B, 0xD0, 0x00, 0x7C, 0x00, 0x07, 0xC0, 0x00, 0x38, 0x00, 0x00, 0x40, 0x00, 0x00,
    0x00, 0x00, 0x00, 0x40, 0x04, 0xBF, 0x07, 0xF6, 0xFC, 0x7F, 0xC2, 0xF7, 0xAE, 0x07, 0xF4, 0x38,
    0x1F, 0x40, 0x90, 0x7C, 0x00, 0x01, 0xF0, 0x00, 0x07, 0xC0, 0x00, 0x1F, 0x00, 0x00, 0x7C, 0x00,
    0x01, 0xF0, 0x00, 0x07, 0xC0, 0x00, 0x2F, 0x00, 0x01, 0xFE, 0x50, 0x0F, 0xFF, 0xC0, 0x00, 0x00,
    0x00, 0x05, 0x05, 0x54, 0x00, 0x00, 0x2F, 0xFF, 0xFF, 0xD0, 0x00, 0x02, 0xF8, 0x1B, 0xF8, 0x00,
    0x01, 0xF8, 0x00, 0xFD, 0x00, 0x00, 0xF8, 0x00, 0x3F, 0x00, 0x00, 0xF4, 0x00, 0x3F, 0x00, 0x00,
    0xF4, 0x00, 0x2F, 0x00, 0x00, 0xF4, 0x00, 0x3F, 0x00, 0x00, 0xF4, 0x00, 0x3D, 0x00, 0x00, 0xF4,
    0x00, 0xBC, 0x00, 0x01, 0xF4, 0x02, 0xF0, 0x00, 0x01, 0xFF, 0xAF, 0x80, 0x00, 0x01, 0xFF, 0xFD,
    0x00, 0x00, 0x01, 0xF0, 0x2F, 0x00, 0x00, 0x01, 0xF0, 0x0F, 0x80, 0x00, 0x01, 0xF0, 0x0B, 0xC0,
    0x00, 0x01, 0xF0, 0x03, 0xF0, 0x00, 0x01, 0xF0, 0x01, 0xF4, 0x00, 0x01, 0xF0, 0x00, 0xFC, 0x00,
    0x02, 0xF0, 0x00, 0x7F, 0x00, 0x1B, 0xFD, 0x00, 0x2F, 0xD0, 0x3F, 0xFF, 0x40, 0x0F, 0xFC, 0x00,
    0x00, 0x00, 0x01, 0x50, 0x00, 0x00, 0x00, 0x00, 0x00, 0x00, 0x00, 0x68, 0x00, 0x00, 0x00, 0x00,
    0xFD, 0x00, 0x00, 0x00, 0x00, 0x3E, 0x00, 0x00, 0x00, 0x00, 0x3E, 0x00, 0x00, 0x00, 0x00, 0x3C,
    0x00, 0x00, 0x00, 0x00, 0xB4, 0x00, 0x00, 0x00, 0x02, 0xD0, 0x00, 0x00, 0x00, 0x02, 0x00, 0x00,
    0x00, 0x00, 0x40, 0x04, 0xBF, 0x07, 0xF6, 0xFC, 0x7F, 0xC2, 0xF7, 0xAE, 0x07, 0xF4, 0x38, 0x1F,
    0x40, 0x90, 0x7C, 0x00, 0x01, 0xF0, 0x00, 0x07, 0xC0, 0x00, 0x1F, 0x00, 0x00, 0x7C, 0x00, 0x01,
    0xF0, 0x00, 0x07, 0xC0, 0x00, 0x2F, 0x00, 0x01, 0xFE, 0x50, 0x0F, 0xFF, 0xC0, 0x00, 0x00, 0x00,
    0x00, 0x00, 0x00, 0x19, 0x00, 0x01, 0xFC, 0x00, 0x02, 0xF4, 0x00, 0x03, 0xC0, 0x00, 0x1F, 0x00,
    0x00, 0xF0, 0x00, 0x0F, 0x00, 0x00, 0x20, 0x00, 0x00, 0x00, 0xA0, 0x00, 0x90, 0x00, 0x00, 0x3D,
    0x0B, 0xC0, 0x00, 0x00, 0x0F, 0xFE, 0x00, 0x00, 0x00, 0x02, 0xF4, 0x00, 0x00, 0x00, 0x00, 0x40,
    0x00, 0x00, 0x00, 0x00, 0x00, 0x00, 0x00, 0x05, 0x05, 0x54, 0x00, 0x00, 0x2F, 0xFF, 0xFF, 0xD0,
    0x00, 0x02, 0xF8, 0x1B, 0xF8, 0x00, 0x01, 0xF8, 0x00, 0xFD, 0x00, 0x00, 0xF8, 0x00, 0x3F, 0x00,
    0x00, 0xF4, 0x00, 0x3F, 0x00, 0x00, 0xF4, 0x00, 0x2F, 0x00, 0x00, 0xF4, 0x00, 0x3F, 0x00, 0x00,
    0xF4, 0x00, 0x3D, 0x00, 0x00, 0xF4, 0x00, 0xBC, 0x00, 0x01, 0xF4, 0x02, 0xF0, 0x00, 0x01, 0xFF,
    0xAF, 0x80, 0x00, 0x01, 0xFF, 0xFD, 0x00, 0x00, 0x01, 0xF0, 0x2F, 0x00, 0x00, 0x01, 0xF0, 0x0F,
    0x80, 0x00, 0x01, 0xF0, 0x0B, 0xC0, 0x00, 0x01, 0xF0, 0x03, 0xF0, 0x00, 0x01, 0xF0, 0x01, 0xF4,
    0x00, 0x01, 0xF0, 0x00, 0xFC, 0x00, 0x02, 0xF0, 0x00, 0x7F, 0x00, 0x1B, 0xFD, 0x00, 0x2F, 0xD0,
    0x3F, 0xFF, 0x40, 0x0F, 0xFC, 0x00, 0x00, 0x00, 0x01, 0x50, 0x04, 0x00, 0x04, 0x1E, 0x00, 0x2C,
    0x07, 0xC0, 0xF4, 0x01, 0xF7, 0xD0, 0x00, 0x7F, 0x40, 0x00, 0x2E, 0x00, 0x00, 0x04, 0x00, 0x00,
    0x00, 0x00, 0x00, 0x40, 0x04, 0x2F, 0xC1, 0xFC, 0x6F, 0xC7, 0xFC, 0x0B, 0xDE, 0xB8, 0x07, 0xF4,
    0x38, 0x07, 0xD0, 0x24, 0x07, 0xC0, 0x00, 0x07, 0xC0, 0x00, 0x07, 0xC0, 0x00, 0x07, 0xC0, 0x00,
    0x07, 0xC0, 0x00, 0x07, 0xC0, 0x00, 0x07, 0xC0, 0x00, 0x0B, 0xC0, 0x00, 0x1F, 0xE5, 0x00, 0x3F,
    0xFF, 0x00, 0x00, 0x00, 0x00, 0x00, 0x00, 0x00, 0x00, 0x00, 0x00, 0x1C, 0x00, 0x00, 0x03, 0xF4,
    0x00, 0x00, 0xBF, 0x40, 0x00, 0x2F, 0x80, 0x00, 0x00, 0x40, 0x00, 0x00, 0x00, 0x00, 0x00, 0x00,
    0x01, 0x6A, 0x40, 0x00, 0x7F, 0xFF, 0xF0, 0x0F, 0xD0, 0x6F, 0xC0, 0xB8, 0x00, 0x1F, 0x07, 0xC0,
    0x00, 0x38, 0x2F, 0x00, 0x00, 0xE0, 0xBC, 0x00, 0x03, 0x42, 0xFC, 0x00, 0x00, 0x03, 0xFC, 0x00,
    0x00, 0x0B, 0xFE, 0x00, 0x00, 0x07, 0xFF, 0x80, 0x00, 0x02, 0xFF, 0xD0, 0x00, 0x01, 0xFF, 0xE0,
    0x00, 0x00, 0x7F, 0xE0, 0x00, 0x00, 0x3F, 0xC2, 0xC0, 0x00, 0x3F, 0x4B, 0x00, 0x00, 0x7D, 0x3C,
    0x00, 0x01, 0xF4, 0xF0, 0x00, 0x0B, 0xC3, 0xE0, 0x00, 0x7D, 0x0F, 0xE5, 0x5B, 0xD0, 0x1F, 0xFF,
    0xF8, 0x00, 0x00, 0x54, 0x00, 0x00, 0x00, 0x00, 0x50, 0x00, 0x07, 0xC0, 0x00, 0x7E, 0x00, 0x03,
    0xD0, 0x00, 0x3C, 0x00, 0x03, 0xC0, 0x00, 0x04, 0x00, 0x00, 0x00, 0x00, 0x00, 0x15, 0x40, 0x0B,
    0xFF, 0xD0, 0xF4, 0x1F, 0x0B, 0x40, 0x2C, 0x3D, 0x00, 0x70, 0xFC, 0x00, 0x43, 0xFD, 0x00, 0x03,
    0xFF, 0x40, 0x03, 0xFF, 0x80, 0x01, 0xFF, 0xC0, 0x00, 0xBF, 0x8C, 0x00, 0x7E, 0x34, 0x00, 0xB8,
    0xE0, 0x03, 0xC3, 0xE4, 0x6D, 0x0F, 0xFF, 0xD0, 0x01, 0x50, 0x00, 0x00, 0x00, 0x00, 0x00, 0x00,
    0x0F, 0x40, 0x00, 0x00, 0xFF, 0x40, 0x00, 0x1F, 0x5F, 0x80, 0x01, 0xD0, 0x07, 0xC0, 0x00, 0x00,
    0x00, 0x00, 0x00, 0x00, 0x00, 0x00, 0x01, 0x6A, 0x40, 0x00, 0x7F, 0xFF, 0xF0, 0x0F, 0xD0, 0x6F,
    0xC0, 0xB8, 0x00, 0x1F, 0x07, 0xC0, 0x00, 0x38, 0x2F, 0x00, 0x00, 0xE0, 0xBC, 0x00, 0x03, 0x42,
    0xFC, 0x00, 0x00, 0x03, 0xFC, 0x00, 0x00, 0x0B, 0xFE, 0x00, 0x00, 0x07, 0xFF, 0x80, 0x00, 0x02,
    0xFF, 0xD0, 0x00, 0x01, 0xFF, 0xE0, 0x00, 0x00, 0x7F, 0xE0, 0x00, 0x00, 0x3F, 0xC2, 0xC0, 0x00,
    0x3F, 0x4B, 0x00, 0x00, 0x7D, 0x3C, 0x00, 0x01, 0xF4, 0xF0, 0x00, 0x0B, 0xC3, 0xE0, 0x00, 0x7D,
    0x0F, 0xE5, 0x5B, 0xD0, 0x1F, 0xFF, 0xF8, 0x00, 0x00, 0x54, 0x00, 0x00, 0x00, 0x10, 0x00, 0x01,
    0xE0, 0x00, 0x1F, 0xE0, 0x00, 0xF7, 0xE0, 0x0F, 0x02, 0xD0, 0xE0, 0x01, 0xD1, 0x00, 0x00, 0x00,
    0x00, 0x00, 0x00, 0x15, 0x40, 0x0B, 0xFF, 0xD0, 0xF4, 0x1F, 0x0B, 0x40, 0x2C, 0x3D, 0x00, 0x70,
    0xFC, 0x00, 0x43, 0xFD, 0x00, 0x03, 0xFF, 0x40, 0x03, 0xFF, 0x80, 0x01, 0xFF, 0xC0, 0x00, 0xBF,
    0x8C, 0x00, 0x7E, 0x34, 0x00, 0xB8, 0xE0, 0x03, 0xC3, 0xE4, 0x6D, 0x0F, 0xFF, 0xD0, 0x01, 0x50,
    0x00, 0x00, 0x05, 0xA9, 0x00, 0x01, 0xFF, 0xFF, 0xC0, 0x3F, 0x41, 0xBF, 0x02, 0xE0, 0x00, 0x7C,
    0x1F, 0x00, 0x00, 0xE0, 0xBC, 0x00, 0x03, 0x82, 0xF0, 0x00, 0x0D, 0x0B, 0xF0, 0x00, 0x00, 0x0F,
    0xF0, 0x00, 0x00, 0x2F, 0xF8, 0x00, 0x00, 0x1F, 0xFE, 0x00, 0x00, 0x0B, 0xFF, 0x40, 0x00, 0x07,
    0xFF, 0x80, 0x00, 0x01, 0xFF, 0x80, 0x00, 0x00, 0xFF, 0x0B, 0x00, 0x00, 0xFD, 0x2C, 0x00, 0x01,
    0xF4, 0xF0, 0x00, 0x07, 0xD3, 0xC0, 0x00, 0x2F, 0x0F, 0x80, 0x01, 0xF4, 0x3F, 0x95, 0x6F, 0x40,
    0x7F, 0xFF, 0xE0, 0x00, 0x01, 0xB4, 0x00, 0x00, 0x02, 0xC0, 0x00, 0x00, 0x0F, 0xC0, 0x00, 0x00,
    0x0B, 0xC0, 0x00, 0x00, 0x0B, 0x80, 0x00, 0x18, 0x0D, 0x00, 0x00, 0xB9, 0xE0, 0x00, 0x00, 0xA9,
    0x00, 0x00, 0x00, 0x15, 0x40, 0x0B, 0xFF, 0xD0, 0xF4, 0x1F, 0x0B, 0x40, 0x2C, 0x3D, 0x00, 0x70,
    0xFC, 0x00, 0x43, 0xFD, 0x00, 0x03, 0xFF, 0x40, 0x03, 0xFF, 0x80, 0x01, 0xFF, 0xC0, 0x00, 0xBF,
    0x8C, 0x00, 0x7E, 0x34, 0x00, 0xB8, 0xE0, 0x03, 0xC3, 0xE4, 0x6D, 0x0F, 0xFF, 0xD0, 0x01, 0xF0,
    0x00, 0x03, 0x80, 0x00, 0x0F, 0x80, 0x00, 0x0F, 0xC0, 0x00, 0x0F, 0x40, 0x24, 0x1C, 0x00, 0xF9,
    0xD0, 0x00, 0xA8, 0x00, 0x03, 0x40, 0x02, 0x40, 0x07, 0xD0, 0xB8, 0x00, 0x03, 0xFF, 0x40, 0x00,
    0x02, 0xF4, 0x00, 0x00, 0x01, 0x00, 0x00, 0x00, 0x00, 0x00, 0x00, 0x00, 0x5A, 0x90, 0x00, 0x1F,
    0xFF, 0xFC, 0x03, 0xF4, 0x1B, 0xF0, 0x2E, 0x00, 0x07, 0xC1, 0xF0, 0x00, 0x0E, 0x0B, 0xC0, 0x00,
    0x38, 0x2F, 0x00, 0x00, 0xD0, 0xBF, 0x00, 0x00, 0x00, 0xFF, 0x00, 0x00, 0x02, 0xFF, 0x80, 0x00,
    0x01, 0xFF, 0xE0, 0x00, 0x00, 0xBF, 0xF4, 0x00, 0x00, 0x7F, 0xF8, 0x00, 0x00, 0x1F, 0xF8, 0x00,
    0x00, 0x0F, 0xF0, 0xB0, 0x00, 0x0F, 0xD2, 0xC0, 0x00, 0x1F, 0x4F, 0x00, 0x00, 0x7D, 0x3C, 0x00,
    0x02, 0xF0, 0xF8, 0x00, 0x1F, 0x43, 0xF9, 0x56, 0xF4, 0x07, 0xFF, 0xFE, 0x00, 0x00, 0x15, 0x00,
    0x00, 0x10, 0x00, 0x04, 0x2D, 0x00, 0x3C, 0x0B, 0x41, 0xF0, 0x03, 0xEB, 0xC0, 0x00, 0xFF, 0x00,
    0x00, 0x3C, 0x00, 0x00, 0x00, 0x00, 0x00, 0x00, 0x00, 0x00, 0x15, 0x40, 0x02, 0xFF, 0xF4, 0x0F,
    0x41, 0xF0, 0x2D, 0x00, 0xB0, 0x3D, 0x00, 0x70, 0x3F, 0x00, 0x10, 0x3F, 0xD0, 0x00, 0x0F, 0xFD,
    0x00, 0x03, 0xFF, 0x80, 0x00, 0x7F, 0xF0, 0x00, 0x0B, 0xF8, 0x30, 0x01, 0xF8, 0x34, 0x00, 0xB8,
    0x38, 0x00, 0xF0, 0x3E, 0x46, 0xD0, 0x3F, 0xFF, 0x40, 0x01, 0x50, 0x00, 0x25, 0x55, 0x55, 0x55,
    0x87, 0xFF, 0xFF, 0xFF, 0xFD, 0x7E, 0x41, 0xF8, 0x1B, 0xD7, 0x80, 0x0F, 0x80, 0x1E, 0x70, 0x00,
    0xF4, 0x00, 0xEB, 0x00, 0x0F, 0x40, 0x0E, 0x50, 0x00, 0xF4, 0x00, 0x40, 0x00, 0x0F, 0x40, 0x00,
    0x00, 0x00, 0xF4, 0x00, 0x00, 0x00, 0x0F, 0x40, 0x00, 0x00, 0x00, 0xF0, 0x00, 0x00, 0x00, 0x0F,
    0x00, 0x00, 0x00, 0x00, 0xF0, 0x00, 0x00, 0x00, 0x0F, 0x00, 0x00, 0x00, 0x00, 0xF0, 0x00, 0x00,
    0x00, 0x0F, 0x00, 0x00, 0x00, 0x00, 0xF0, 0x00, 0x00, 0x00, 0x1F, 0x00, 0x00, 0x00, 0x01, 0xF0,
    0x00, 0x00, 0x00, 0x2F, 0x40, 0x00, 0x00, 0x1B, 0xFE, 0x50, 0x00, 0x0B, 0xFF, 0xFE, 0x00, 0x00,
    0x00, 0xA0, 0x00, 0x00, 0x00, 0x0D, 0x00, 0x00, 0x00, 0x01, 0xF4, 0x00, 0x00, 0x00, 0x07, 0xE0,
    0x00, 0x00, 0x00, 0x0F, 0x00, 0x00, 0x00, 0xC0, 0xB0, 0x00, 0x00, 0x0F, 0x6C, 0x00, 0x00, 0x00,
    0x69, 0x00, 0x00, 0x00, 0x50, 0x00, 0x07, 0x80, 0x00, 0xBD, 0x00, 0x0F, 0xFF, 0xFD, 0x2F, 0xFA,
    0xF0, 0x1F, 0x00, 0x00, 0x7C, 0x00, 0x01, 0xF0, 0x00, 0x07, 0xC0, 0x00, 0x1F, 0x00, 0x00, 0x7C,
    0x00, 0x01, 0xF0, 0x00, 0x07, 0xC0, 0x00, 0x1F, 0x00, 0x00, 0x7C, 0x00, 0x00, 0xF8, 0x04, 0x03,
    0xFF, 0xF0, 0x07, 0xFE, 0x00, 0x03, 0xC0, 0x00, 0x1C, 0x00, 0x00, 0xBD, 0x00, 0x00, 0xBD, 0x00,
    0x00, 0x7C, 0x00, 0xC0, 0xE0, 0x07, 0x9B, 0x00, 0x06, 0x90, 0x00, 0x00, 0x60, 0x00, 0x60, 0x00,
    0x02, 0xE0, 0x7D, 0x00, 0x00, 0x0B, 0xFF, 0x00, 0x00, 0x00, 0x1F, 0x80, 0x00, 0x00, 0x00, 0x10,
    0x00, 0x00, 0x00, 0x00, 0x00, 0x00, 0x25, 0x55, 0x55, 0x55, 0x87, 0xFF, 0xFF, 0xFF, 0xFD, 0x7E,
    0x41, 0xF8, 0x1B, 0xD7, 0x80, 0x0F, 0x80, 0x1E, 0x70, 0x00, 0xF4, 0x00, 0xEB, 0x00, 0x0F, 0x40,
    0x0E, 0x50, 0x00, 0xF4, 0x00, 0x40, 0x00, 0x0F, 0x40, 0x00, 0x00, 0x00, 0xF4, 0x00, 0x00, 0x00,
    0x0F, 0x40, 0x00, 0x00, 0x00, 0xF0, 0x00, 0x00, 0x00, 0x0F, 0x00, 0x00, 0x00, 0x00, 0xF0, 0x00,
    0x00, 0x00, 0x0F, 0x00, 0x00, 0x00, 0x00, 0xF0, 0x00, 0x00, 0x00, 0x0F, 0x00, 0x00, 0x00, 0x00,
    0xF0, 0x00, 0x00, 0x00, 0x1F, 0x00, 0x00, 0x00, 0x01, 0xF0, 0x00, 0x00, 0x00, 0x2F, 0x40, 0x00,
    0x00, 0x1B, 0xFE, 0x50, 0x00, 0x0B, 0xFF, 0xFE, 0x00, 0x00, 0x00, 0x00, 0x00, 0x00, 0x00, 0x00,
    0x10, 0x00, 0x07, 0xC0, 0x00, 0x1F, 0x00, 0x00, 0x78, 0x00, 0x00, 0xE0, 0x00, 0x03, 0x40, 0x00,
    0x0C, 0x00, 0x14, 0x30, 0x01, 0xE0, 0x00, 0x2F, 0x40, 0x03, 0xFF, 0xFF, 0x4B, 0xFE, 0xBC, 0x07,
    0xC0, 0x00, 0x1F, 0x00, 0x00, 0x7C, 0x00, 0x01, 0xF0, 0x00, 0x07, 0xC0, 0x00, 0x1F, 0x00, 0x00,
    0x7C, 0x00, 0x01, 0xF0, 0x00, 0x07, 0xC0, 0x00, 0x1F, 0x00, 0x00, 0x3E, 0x01, 0x00, 0xFF, 0xFC,
    0x01, 0xFF, 0x80, 0x00, 0x50, 0x00, 0x25, 0x55, 0x55, 0x55, 0x87, 0xFF, 0xFF, 0xFF, 0xFD, 0x7E,
    0x41, 0xF8, 0x1B, 0xD7, 0x80, 0x0F, 0x80, 0x1E, 0x70, 0x00, 0xF4, 0x00, 0xEB, 0x00, 0x0F, 0x40,
    0x0E, 0x50, 0x00, 0xF4, 0x00, 0x40, 0x00, 0x0F, 0x40, 0x00, 0x00, 0x00, 0xF4, 0x00, 0x00, 0x00,
    0x0F, 0x40, 0x00, 0x00, 0xAB, 0xFE, 0xA0, 0x00, 0x0F, 0xFF, 0xFF, 0x40, 0x00, 0x01, 0xF4, 0x00,
    0x00, 0x00, 0x0F, 0x00, 0x00, 0x00, 0x00, 0xF0, 0x00, 0x00, 0x00, 0x0F, 0x00, 0x00, 0x00, 0x00,
    0xF0, 0x00, 0x00, 0x00, 0x1F, 0x00, 0x00, 0x00, 0x01, 0xF0, 0x00, 0x00, 0x00, 0x2F, 0x40, 0x00,
    0x00, 0x1B, 0xFE, 0x50, 0x00, 0x0B, 0xFF, 0xFE, 0x00, 0x00, 0x00, 0x00, 0x00, 0x00, 0x00, 0x50,
    0x00, 0x07, 0x80, 0x00, 0xBD, 0x00, 0x0F, 0xFF, 0xFD, 0x2F, 0xFA, 0xF0, 0x1F, 0x00, 0x00, 0x7C,
    0x00, 0x01, 0xF0, 0x00, 0x2B, 0xEA, 0x90, 0xFF, 0xFF, 0x40, 0x7C, 0x00, 0x01, 0xF0, 0x00, 0x07,
    0xC0, 0x00, 0x1F, 0x00, 0x00, 0x7C, 0x00, 0x00, 0xF8, 0x04, 0x03, 0xFF, 0xF0, 0x07, 0xFE, 0x00,
    0x01, 0x40, 0x00, 0x00, 0x00, 0x00, 0x08, 0x00, 0x00, 0x00, 0xFD, 0x0E, 0x00, 0x00, 0x00, 0xFF,
    0xFF, 0x00, 0x00, 0x00, 0xB0, 0x6F, 0x00, 0x00, 0x00, 0x20, 0x00, 0x00, 0x00, 0x00, 0x00, 0x00,
    0x00, 0x00, 0x00, 0x00, 0x00, 0x00, 0x00, 0x00, 0x51, 0x54, 0x00, 0x14, 0x15, 0xBF, 0xFE, 0x00,
    0x2F, 0xFF, 0x83, 0xFC, 0x00, 0x00, 0x7E, 0x00, 0x7D, 0x00, 0x00, 0x0F, 0x00, 0x1F, 0x40, 0x00,
    0x03, 0xC0, 0x07, 0xD0, 0x00, 0x00, 0xF0, 0x01, 0xF4, 0x00, 0x00, 0x3C, 0x00, 0x7D, 0x00, 0x00,
    0x0F, 0x00, 0x1F, 0x40, 0x00, 0x03, 0xC0, 0x07, 0xC0, 0x00, 0x00, 0xF0, 0x01, 0xF0, 0x00, 0x00,
    0x3C, 0x00, 0x7C, 0x00, 0x00, 0x0F, 0x00, 0x1F, 0x00, 0x00, 0x02, 0xC0, 0x07, 0xC0, 0x00, 0x00,
    0xB0, 0x01, 0xF0, 0x00, 0x00, 0x2C, 0x00, 0x7D, 0x00, 0x00, 0x0F, 0x00, 0x1F, 0x40, 0x00, 0x03,
    0xC0, 0x03, 0xF0, 0x00, 0x00, 0xF0, 0x00, 0xFD, 0x00, 0x00, 0xB4, 0x00, 0x1F, 0xD0, 0x00, 0xBC,
    0x00, 0x01, 0xFF, 0xAA, 0xFC, 0x00, 0x00, 0x1F, 0xFF, 0xF4, 0x00, 0x00, 0x00, 0x15, 0x40, 0x00,
    0x00, 0x00, 0x00, 0x00, 0x00, 0x00, 0x00, 0x00, 0x07, 0x00, 0x00, 0x0F, 0xE5, 0xE0, 0x00, 0x03,
    0xFF, 0xF8, 0x00, 0x00, 0xE0, 0x2E, 0x00, 0x00, 0x04, 0x00, 0x00, 0x00, 0x00, 0x00, 0x00, 0x00,
    0x00, 0x00, 0x00, 0x00, 0x00, 0x00, 0x10, 0x00, 0x04, 0x02, 0xBF, 0x01, 0xBF, 0x80, 0x2F, 0xE0,
    0x1B, 0xF8, 0x00, 0x3E, 0x00, 0x1F, 0x40, 0x03, 0xD0, 0x00, 0xF4, 0x00, 0x3D, 0x00, 0x0F, 0x40,
    0x03, 0xD0, 0x00, 0xF4, 0x00, 0x3D, 0x00, 0x0F, 0x00, 0x03, 0xC0, 0x00, 0xF0, 0x00, 0x3C, 0x00,
    0x0F, 0x00, 0x03, 0xC0, 0x00, 0xF0, 0x00, 0x3C, 0x00, 0x0F, 0x00, 0x03, 0xD0, 0x02, 0xF0, 0x00,
    0x3F, 0x41, 0xFF, 0x42, 0x02, 0xFF, 0xF8, 0xBF, 0xD0, 0x0B, 0xFD, 0x03, 0xF4, 0x00, 0x05, 0x00,
    0x04, 0x00, 0x00, 0x0F, 0xAA, 0xFD, 0x00, 0x00, 0x07, 0xFF, 0xFF, 0x40, 0x00, 0x00, 0x00, 0x00,
    0x00, 0x00, 0x00, 0x00, 0x00, 0x00, 0x00, 0x14, 0x55, 0x00, 0x05, 0x05, 0x6F, 0xFF, 0x80, 0x0B,
    0xFF, 0xE0, 0xFF, 0x00, 0x00, 0x1F, 0x80, 0x1F, 0x40, 0x00, 0x03, 0xC0, 0x07, 0xD0, 0x00, 0x00,
    0xF0, 0x01, 0xF4, 0x00, 0x00, 0x3C, 0x00, 0x7D, 0x00, 0x00, 0x0F, 0x00, 0x1F, 0x40, 0x00, 0x03,
    0xC0, 0x07, 0xD0, 0x00, 0x00, 0xF0, 0x01, 0xF0, 0x00, 0x00, 0x3C, 0x00, 0x7C, 0x00, 0x00, 0x0F,
    0x00, 0x1F, 0x00, 0x00, 0x03, 0xC0, 0x07, 0xC0, 0x00, 0x00, 0xB0, 0x01, 0xF0, 0x00, 0x00, 0x2C,
    0x00, 0x7C, 0x00, 0x00, 0x0B, 0x00, 0x1F, 0x40, 0x00, 0x03, 0xC0, 0x07, 0xD0, 0x00, 0x00, 0xF0,
    0x00, 0xFC, 0x00, 0x00, 0x3C, 0x00, 0x3F, 0x40, 0x00, 0x2D, 0x00, 0x07, 0xF4, 0x00, 0x2F, 0x00,
    0x00, 0x7F, 0xEA, 0xBF, 0x00, 0x00, 0x07, 0xFF, 0xFD, 0x00, 0x00, 0x00, 0x05, 0x50, 0x00, 0x00,
    0x00, 0x00, 0x00, 0x00, 0x00, 0x0F, 0xFF, 0xFD, 0x00, 0x01, 0xFF, 0xFF, 0xD0, 0x00, 0x00, 0x00,
    0x00, 0x00, 0x00, 0x00, 0x00, 0x00, 0x00, 0x00, 0x00, 0x00, 0x00, 0x00, 0x10, 0x00, 0x04, 0x02,
    0xBF, 0x01, 0xBF, 0x80, 0x2F, 0xE0, 0x1B, 0xF8, 0x00, 0x3E, 0x00, 0x1F, 0x40, 0x03, 0xD0, 0x00,
    0xF4, 0x00, 0x3D, 0x00, 0x0F, 0x40, 0x03, 0xD0, 0x00, 0xF4, 0x00, 0x3D, 0x00, 0x0F, 0x00, 0x03,
    0xC0, 0x00, 0xF0, 0x00, 0x3C, 0x00, 0x0F, 0x00, 0x03, 0xC0, 0x00, 0xF0, 0x00, 0x3C, 0x00, 0x0F,
    0x00, 0x03, 0xD0, 0x02, 0xF0, 0x00, 0x3F, 0x41, 0xFF, 0x42, 0x02, 0xFF, 0xF8, 0xBF, 0xD0, 0x0B,
    0xFD, 0x03, 0xF4, 0x00, 0x05, 0x00, 0x04, 0x00, 0x00, 0x08, 0x00, 0x20, 0x00, 0x00, 0x02, 0xC0,
    0x28, 0x00, 0x00, 0x00, 0x3F, 0xBC, 0x00, 0x00, 0x00, 0x03, 0xFD, 0x00, 0x00, 0x00, 0x00, 0x00,
    0x00, 0x00, 0x00, 0x00, 0x00, 0x00, 0x00, 0x01, 0x45, 0x50, 0x00, 0x50, 0x56, 0xFF, 0xF8, 0x00,
    0xBF, 0xFE, 0x0F, 0xF0, 0x00, 0x01, 0xF8, 0x01, 0xF4, 0x00, 0x00, 0x3C, 0x00, 0x7D, 0x00, 0x00,
    0x0F, 0x00, 0x1F, 0x40, 0x00, 0x03, 0xC0, 0x07, 0xD0, 0x00, 0x00, 0xF0, 0x01, 0xF4, 0x00, 0x00,
    0x3C, 0x00, 0x7D, 0x00, 0x00, 0x0F, 0x00, 0x1F, 0x00, 0x00, 0x03, 0xC0, 0x07, 0xC0, 0x00, 0x00,
    0xF0, 0x01, 0xF0, 0x00, 0x00, 0x3C, 0x00, 0x7C, 0x00, 0x00, 0x0B, 0x00, 0x1F, 0x00, 0x00, 0x02,
    0xC0, 0x07, 0xC0, 0x00, 0x00, 0xB0, 0x01, 0xF4, 0x00, 0x00, 0x3C, 0x00, 0x7D, 0x00, 0x00, 0x0F,
    0x00, 0x0F, 0xC0, 0x00, 0x03, 0xC0, 0x03, 0xF4, 0x00, 0x02, 0xD0, 0x00, 0x7F, 0x40, 0x02, 0xF0,
    0x00, 0x07, 0xFE, 0xAB, 0xF0, 0x00, 0x00, 0x7F, 0xFF, 0xD0, 0x00, 0x00, 0x00, 0x55, 0x00, 0x00,
    0x00, 0x00, 0x00, 0x00, 0x00, 0x00, 0x03, 0x00, 0x0C, 0x00, 0x00, 0x1D, 0x03, 0x80, 0x00, 0x00,
    0xFF, 0xF0, 0x00, 0x00, 0x02, 0xFC, 0x00, 0x00, 0x00, 0x00, 0x00, 0x00, 0x00, 0x00, 0x00, 0x00,
    0x00, 0x01, 0x00, 0x00, 0x40, 0x2B, 0xF0, 0x1B, 0xF8, 0x02, 0xFE, 0x01, 0xBF, 0x80, 0x03, 0xE0,
    0x01, 0xF4, 0x00, 0x3D, 0x00, 0x0F, 0x40, 0x03, 0xD0, 0x00, 0xF4, 0x00, 0x3D, 0x00, 0x0F, 0x40,
    0x03, 0xD0, 0x00, 0xF0, 0x00, 0x3C, 0x00, 0x0F, 0x00, 0x03, 0xC0, 0x00, 0xF0, 0x00, 0x3C, 0x00,
    0x0F, 0x00, 0x03, 0xC0, 0x00, 0xF0, 0x00, 0x3D, 0x00, 0x2F, 0x00, 0x03, 0xF4, 0x1F, 0xF4, 0x20,
    0x2F, 0xFF, 0x8B, 0xFD, 0x00, 0xBF, 0xD0, 0x3F, 0x40, 0x00, 0x50, 0x00, 0x40, 0x00, 0x00, 0x2F,
    0x00, 0x00, 0x00, 0x00, 0x39, 0xB0, 0x00, 0x00, 0x00, 0x0C, 0x0C, 0x00, 0x00, 0x00, 0x03, 0x03,
    0x00, 0x00, 0x00, 0x00, 0xBF, 0x80, 0x00, 0x00, 0x00, 0x05, 0x40, 0x00, 0x01, 0x45, 0x50, 0x00,
    0x50, 0x56, 0xFF, 0xF8, 0x00, 0xBF, 0xFE, 0x0F, 0xF0, 0x00, 0x01, 0xF8, 0x01, 0xF4, 0x00, 0x00,
    0x3C, 0x00, 0x7D, 0x00, 0x00, 0x0F, 0x00, 0x1F, 0x40, 0x00, 0x03, 0xC0, 0x07, 0xD0, 0x00, 0x00,
    0xF0, 0x01, 0xF4, 0x00, 0x00, 0x3C, 0x00, 0x7D, 0x00, 0x00, 0x0F, 0x00, 0x1F, 0x00, 0x00, 0x03,
    0xC0, 0x07, 0xC0, 0x00, 0x00, 0xF0, 0x01, 0xF0, 0x00, 0x00, 0x3C, 0x00, 0x7C, 0x00, 0x00, 0x0B,
    0x00, 0x1F, 0x00, 0x00, 0x02, 0xC0, 0x07, 0xC0, 0x00, 0x00, 0xB0, 0x01, 0xF4, 0x00, 0x00, 0x3C,
    0x00, 0x7D, 0x00, 0x00, 0x0F, 0x00, 0x0F, 0xC0, 0x00, 0x03, 0xC0, 0x03, 0xF4, 0x00, 0x02, 0xD0,
    0x00, 0x7F, 0x40, 0x02, 0xF0, 0x00, 0x07, 0xFE, 0xAB, 0xF0, 0x00, 0x00, 0x7F, 0xFF, 0xD0, 0x00,
    0x00, 0x00, 0x55, 0x00, 0x00, 0x00, 0x00, 0x01, 0x90, 0x00, 0x00, 0x00, 0xBB, 0xC0, 0x00, 0x00,
    0x0C, 0x0C, 0x00, 0x00, 0x00, 0xC0, 0xC0, 0x00, 0x00, 0x0F, 0x68, 0x00, 0x00, 0x00, 0x2E, 0x00,
    0x00, 0x00, 0x00, 0x00, 0x00, 0x00, 0x00, 0x00, 0x00, 0x00, 0x00, 0x10, 0x00, 0x04, 0x02, 0xBF,
    0x01, 0xBF, 0x80, 0x2F, 0xE0, 0x1B, 0xF8, 0x00, 0x3E, 0x00, 0x1F, 0x40, 0x03, 0xD0, 0x00, 0xF4,
    0x00, 0x3D, 0x00, 0x0F, 0x40, 0x03, 0xD0, 0x00, 0xF4, 0x00, 0x3D, 0x00, 0x0F, 0x00, 0x03, 0xC0,
    0x00, 0xF0, 0x00, 0x3C, 0x00, 0x0F, 0x00, 0x03, 0xC0, 0x00, 0xF0, 0x00, 0x3C, 0x00, 0x0F, 0x00,
    0x03, 0xD0, 0x02, 0xF0, 0x00, 0x3F, 0x41, 0xFF, 0x42, 0x02, 0xFF, 0xF8, 0xBF, 0xD0, 0x0B, 0xFD,
    0x03, 0xF4, 0x00, 0x05, 0x00, 0x04, 0x00, 0x00, 0x00, 0x01, 0x00, 0x00, 0x00, 0x00, 0x03, 0xC0,
    0xE0, 0x00, 0x00, 0x07, 0xE1, 0xFC, 0x00, 0x00, 0x0B, 0xD1, 0xF4, 0x00, 0x00, 0x07, 0x42, 0xD0,
    0x00, 0x00, 0x00, 0x00, 0x40, 0x00, 0x01, 0x45, 0x50, 0x00, 0x50, 0x56, 0xFF, 0xF8, 0x00, 0xBF,
    0xFE, 0x0F, 0xF0, 0x00, 0x01, 0xF8, 0x01, 0xF4, 0x00, 0x00, 0x3C, 0x00, 0x7D, 0x00, 0x00, 0x0F,
    0x00, 0x1F, 0x40, 0x00, 0x03, 0xC0, 0x07, 0xD0, 0x00, 0x00, 0xF0, 0x01, 0xF4, 0x00, 0x00, 0x3C,
    0x00, 0x7D, 0x00, 0x00, 0x0F, 0x00, 0x1F, 0x00, 0x00, 0x03, 0xC0, 0x07, 0xC0, 0x00, 0x00, 0xF0,
    0x01, 0xF0, 0x00, 0x00, 0x3C, 0x00, 0x7C, 0x00, 0x00, 0x0B, 0x00, 0x1F, 0x00, 0x00, 0x02, 0xC0,
    0x07, 0xC0, 0x00, 0x00, 0xB0, 0x01, 0xF4, 0x00, 0x00, 0x3C, 0x00, 0x7D, 0x00, 0x00, 0x0F, 0x00,
    0x0F, 0xC0, 0x00, 0x03, 0xC0, 0x03, 0xF4, 0x00, 0x02, 0xD0, 0x00, 0x7F, 0x40, 0x02, 0xF0, 0x00,
    0x07, 0xFE, 0xAB, 0xF0, 0x00, 0x00, 0x7F, 0xFF, 0xD0, 0x00, 0x00, 0x00, 0x55, 0x00, 0x00, 0x00,
    0x00, 0x00, 0x10, 0x00, 0x00, 0x00, 0x07, 0x83, 0xC0, 0x00, 0x01, 0xF4, 0xF8, 0x00, 0x00, 0x7C,
    0x3D, 0x00, 0x00, 0x0E, 0x0F, 0x00, 0x00, 0x03, 0x82, 0xC0, 0x00, 0x00, 0x00, 0x00, 0x00, 0x00,
    0x00, 0x00, 0x00, 0x00, 0x00, 0x10, 0x00, 0x04, 0x02, 0xBF, 0x01, 0xBF, 0x80, 0x2F, 0xE0, 0x1B,
    0xF8, 0x00, 0x3E, 0x00, 0x1F, 0x40, 0x03, 0xD0, 0x00, 0xF4, 0x00, 0x3D, 0x00, 0x0F, 0x40, 0x03,
    0xD0, 0x00, 0xF4, 0x00, 0x3D, 0x00, 0x0F, 0x00, 0x03, 0xC0, 0x00, 0xF0, 0x00, 0x3C, 0x00, 0x0F,
    0x00, 0x03, 0xC0, 0x00, 0xF0, 0x00, 0x3C, 0x00, 0x0F, 0x00, 0x03, 0xD0, 0x02, 0xF0, 0x00, 0x3F,
    0x41, 0xFF, 0x42, 0x02, 0xFF, 0xF8, 0xBF, 0xD0, 0x0B, 0xFD, 0x03, 0xF4, 0x00, 0x05, 0x00, 0x04,
    0x00, 0x14, 0x55, 0x00, 0x05, 0x05, 0x6F, 0xFF, 0x80, 0x0B, 0xFF, 0xE0, 0xFF, 0x00, 0x00, 0x1F,
    0x80, 0x1F, 0x40, 0x00, 0x03, 0xC0, 0x07, 0xD0, 0x00, 0x00, 0xF0, 0x01, 0xF4, 0x00, 0x00, 0x3C,
    0x00, 0x7D, 0x00, 0x00, 0x0F, 0x00, 0x1F, 0x40, 0x00, 0x03, 0xC0, 0x07, 0xD0, 0x00, 0x00, 0xF0,
    0x01, 0xF0, 0x00, 0x00, 0x3C, 0x00, 0x7C, 0x00, 0x00, 0x0F, 0x00, 0x1F, 0x00, 0x00, 0x03, 0xC0,
    0x07, 0xC0, 0x00, 0x00, 0xB0, 0x01, 0xF0, 0x00, 0x00, 0x2C, 0x00, 0x7C, 0x00, 0x00, 0x0B, 0x00,
    0x1F, 0x40, 0x00, 0x03, 0xC0, 0x07, 0xD0, 0x00, 0x00, 0xF0, 0x00, 0xFC, 0x00, 0x00, 0x3C, 0x00,
    0x3F, 0x40, 0x00, 0x2D, 0x00, 0x07, 0xF4, 0x00, 0x2F, 0x00, 0x00, 0x7F, 0xEA, 0xBF, 0x00, 0x00,
    0x07, 0xFF, 0xFF, 0x00, 0x00, 0x00, 0x05, 0x5B, 0x00, 0x00, 0x00, 0x00, 0x07, 0x00, 0x00, 0x00,
    0x00, 0x03, 0x80, 0x00, 0x00, 0x00, 0x02, 0xC0, 0x00, 0x00, 0x00, 0x00, 0xF0, 0x00, 0x00, 0x00,
    0x00, 0x3E, 0x05, 0x00, 0x00, 0x00, 0x0B, 0xFF, 0x40, 0x00, 0x00, 0x00, 0xBE, 0x00, 0x00, 0x00,
    0x00, 0x00, 0x00, 0x00, 0x00, 0x10, 0x00, 0x04, 0x00, 0xAF, 0xC0, 0x6F, 0xE0, 0x02, 0xFE, 0x01,
    0xBF, 0x80, 0x00, 0xF8, 0x00, 0x7D, 0x00, 0x03, 0xD0, 0x00, 0xF4, 0x00, 0x0F, 0x40, 0x03, 0xD0,
    0x00, 0x3D, 0x00, 0x0F, 0x40, 0x00, 0xF4, 0x00, 0x3C, 0x00, 0x03, 0xC0, 0x00, 0xF0, 0x00, 0x0F,
    0x00, 0x03, 0xC0, 0x00, 0x3C, 0x00, 0x0F, 0x00, 0x00, 0xF0, 0x00, 0x3C, 0x00, 0x03, 0xD0, 0x02,
    0xF0, 0x00, 0x0F, 0xD0, 0x7F, 0xD0, 0x80, 0x2F, 0xFF, 0x8B, 0xFD, 0x00, 0x2F, 0xF4, 0x0F, 0xD0,
    0x00, 0x05, 0x00, 0x0E, 0x00, 0x00, 0x00, 0x00, 0xE0, 0x00, 0x00, 0x00, 0x0B, 0x00, 0x00, 0x00,
    0x00, 0x38, 0x00, 0x00, 0x00, 0x02, 0xE0, 0x00, 0x00, 0x00, 0x07, 0xC0, 0x40, 0x00, 0x00, 0x0F,
    0xFE, 0x00, 0x00, 0x00, 0x0B, 0xD0, 0x00, 0x00, 0x00, 0x00, 0x00, 0x00, 0x00, 0x00, 0x00, 0x00,
    0x00, 0x00, 0x00, 0x00, 0x00, 0x00, 0x00, 0xB8, 0x00, 0x00, 0x00, 0x00, 0x00, 0x00, 0x00, 0xBF,
    0x80, 0x00, 0x00, 0x00, 0x00, 0x00, 0x00, 0xF8, 0xBC, 0x00, 0x00, 0x00, 0x00, 0x00, 0x00, 0xE0,
    0x02, 0xC0, 0x00, 0x00, 0x00, 0x00, 0x00, 0x00, 0x00, 0x00, 0x00, 0x00, 0x00, 0x00, 0x00, 0x00,
    0x00, 0x00, 0x00, 0x00, 0x00, 0x54, 0x55, 0x41, 0x50, 0x55, 0x01, 0x54, 0x14, 0x3F, 0xFF, 0xE0,
    0xFF, 0xFF, 0xC1, 0xFF, 0xFF, 0x06, 0xFF, 0x40, 0x1B, 0xFD, 0x00, 0x00, 0xFE, 0x00, 0x2F, 0x80,
    0x00, 0x7F, 0x00, 0x00, 0x1F, 0x00, 0x03, 0xF0, 0x00, 0x0F, 0xC0, 0x00, 0x0B, 0x40, 0x00, 0xFC,
    0x00, 0x01, 0xF4, 0x00, 0x03, 0xC0, 0x00, 0x1F, 0x40, 0x00, 0xBE, 0x00, 0x01, 0xE0, 0x00, 0x03,
    0xE0, 0x00, 0x3F, 0xC0, 0x00, 0xB0, 0x00, 0x00, 0xFC, 0x00, 0x1F, 0xF0, 0x00, 0x3C, 0x00, 0x00,
    0x2F, 0x00, 0x0B, 0x3D, 0x00, 0x1D, 0x00, 0x00, 0x03, 0xD0, 0x03, 0x8F, 0x80, 0x0F, 0x00, 0x00,
    0x00, 0xF8, 0x01, 0xC2, 0xF0, 0x03, 0x80, 0x00, 0x00, 0x2F, 0x00, 0xB0, 0x7C, 0x01, 0xD0, 0x00,
    0x00, 0x07, 0xD0, 0x34, 0x0F, 0x80, 0xF0, 0x00, 0x00, 0x00, 0xF8, 0x1C, 0x03, 0xF0, 0x38, 0x00,
    0x00, 0x00, 0x2F, 0x0E, 0x00, 0x7C, 0x2C, 0x00, 0x00, 0x00, 0x07, 0xC3, 0x40, 0x0F, 0x4E, 0x00,
    0x00, 0x00, 0x00, 0xF6, 0xC0, 0x03, 0xE7, 0x40, 0x00, 0x00, 0x00, 0x3E, 0xE0, 0x00, 0xBE, 0xC0,
    0x00, 0x00, 0x00, 0x0B, 0xF4, 0x00, 0x1F, 0xE0, 0x00, 0x00, 0x00, 0x00, 0xFC, 0x00, 0x03, 0xF0,
    0x00, 0x00, 0x00, 0x00, 0x3E, 0x00, 0x00, 0xB8, 0x00, 0x00, 0x00, 0x00, 0x04, 0x00, 0x00, 0x00,
    0x00, 0x00, 0x00, 0x00, 0x00, 0x00, 0x40, 0x00, 0x00, 0x00, 0x00, 0x00, 0x7C, 0x00, 0x00, 0x00,
    0x00, 0x00, 0x3F, 0x80, 0x00, 0x00, 0x00, 0x00, 0x3D, 0xB8, 0x00, 0x00, 0x00, 0x00, 0x3C, 0x0B,
    0x80, 0x00, 0x00, 0x00, 0x3C, 0x00, 0x74, 0x00, 0x00, 0x00, 0x04, 0x00, 0x00, 0x00, 0x00, 0x00,
    0x00, 0x00, 0x00, 0x00, 0x00, 0x00, 0x00, 0x00, 0x00, 0x00, 0x00, 0x0F, 0xFF, 0x87, 0xFF, 0xD2,
    0xFF, 0xD0, 0xFE, 0x00, 0x7F, 0x40, 0x07, 0xE0, 0x0F, 0x80, 0x07, 0xD0, 0x00, 0xF0, 0x02, 0xF0,
    0x00, 0xF8, 0x00, 0x74, 0x00, 0x7C, 0x00, 0x7F, 0x00, 0x3C, 0x00, 0x0F, 0x40, 0x3F, 0xC0, 0x0D,
    0x00, 0x02, 0xE0, 0x0D, 0xF4, 0x0B, 0x00, 0x00, 0x7C, 0x0B, 0x2E, 0x03, 0x80, 0x00, 0x0F, 0x43,
    0x47, 0xC1, 0xC0, 0x00, 0x03, 0xE1, 0xC0, 0xF4, 0xF0, 0x00, 0x00, 0x7C, 0xE0, 0x3E, 0x34, 0x00,
    0x00, 0x0F, 0x74, 0x07, 0xEC, 0x00, 0x00, 0x03, 0xFC, 0x00, 0xFE, 0x00, 0x00, 0x00, 0xBD, 0x00,
    0x3F, 0x00, 0x00, 0x00, 0x1F, 0x00, 0x0B, 0xC0, 0x00, 0x00, 0x01, 0x00, 0x00, 0x40, 0x00, 0x00,
    0x00, 0x00, 0x00, 0x00, 0x00, 0x00, 0x00, 0x2E, 0x00, 0x00, 0x00, 0x00, 0xBF, 0x80, 0x00, 0x00,
    0x03, 0xE2, 0xF0, 0x00, 0x00, 0x0E, 0x00, 0x2C, 0x00, 0x00, 0x00, 0x00, 0x00, 0x00, 0x00, 0x00,
    0x00, 0x00, 0x00, 0x14, 0x15, 0x40, 0x15, 0x14, 0xBF, 0xFF, 0xC0, 0x7F, 0xFD, 0x1B, 0xF8, 0x00,
    0x0B, 0xF4, 0x02, 0xF8, 0x00, 0x07, 0xC0, 0x00, 0xFC, 0x00, 0x0F, 0x00, 0x00, 0xBD, 0x00, 0x1E,
    0x00, 0x00, 0x3E, 0x00, 0x3C, 0x00, 0x00, 0x2F, 0x00, 0x74, 0x00, 0x00, 0x0F, 0x80, 0xF0, 0x00,
    0x00, 0x0B, 0xC1, 0xD0, 0x00, 0x00, 0x03, 0xE3, 0x80, 0x00, 0x00, 0x02, 0xFB, 0x00, 0x00, 0x00,
    0x00, 0xFE, 0x00, 0x00, 0x00, 0x00, 0xFD, 0x00, 0x00, 0x00, 0x00, 0xBC, 0x00, 0x00, 0x00, 0x00,
    0x7C, 0x00, 0x00, 0x00, 0x00, 0x7C, 0x00, 0x00, 0x00, 0x00, 0x7C, 0x00, 0x00, 0x00, 0x00, 0x7C,
    0x00, 0x00, 0x00, 0x00, 0xBC, 0x00, 0x00, 0x00, 0x06, 0xFF, 0x60, 0x00, 0x00, 0x0F, 0xFF, 0xF0,
    0x00, 0x00, 0x04, 0x00, 0x00, 0x00, 0x00, 0x00, 0x40, 0x00, 0x00, 0x00, 0x78, 0x00, 0x00, 0x00,
    0x7F, 0x80, 0x00, 0x00, 0x3D, 0xF4, 0x00, 0x00, 0x3C, 0x0B, 0x40, 0x00, 0x38, 0x00, 0x74, 0x00,
    0x04, 0x00, 0x00, 0x00, 0x00, 0x00, 0x00, 0x00, 0x00, 0x00, 0x00, 0x00, 0x0F, 0xFF, 0x87, 0xFF,
    0xC1, 0xFF, 0x00, 0x0B, 0xC0, 0x0F, 0x80, 0x02, 0xC0, 0x02, 0xF0, 0x00, 0xF0, 0x00, 0x7D, 0x00,
    0x74, 0x00, 0x0F, 0x80, 0x2C, 0x00, 0x02, 0xF0, 0x0E, 0x00, 0x00, 0x7C, 0x0B, 0x00, 0x00, 0x0F,
    0x43, 0x80, 0x00, 0x02, 0xF1, 0xD0, 0x00, 0x00, 0x7C, 0xB0, 0x00, 0x00, 0x0F, 0xB4, 0x00, 0x00,
    0x02, 0xFC, 0x00, 0x00, 0x00, 0x7E, 0x00, 0x00, 0x00, 0x0F, 0x00, 0x00, 0x00, 0x03, 0xC0, 0x00,
    0x00, 0x02, 0xD0, 0x00, 0x00, 0x00, 0xF0, 0x00, 0x00, 0x00, 0xF4, 0x00, 0x00, 0x00, 0xBC, 0x00,
    0x00, 0x01, 0xFD, 0x00, 0x00, 0x03, 0xFE, 0x00, 0x00, 0x00, 0x7D, 0x00, 0x00, 0x00, 0x00, 0x00,
    0x00, 0x00, 0x00, 0x00, 0x03, 0x80, 0xB4, 0x00, 0x00, 0x0F, 0xC0, 0xF8, 0x00, 0x00, 0x0B, 0xC0,
    0xF4, 0x00, 0x00, 0x00, 0x00, 0x00, 0x00, 0x00, 0x00, 0x00, 0x00, 0x00, 0x14, 0x15, 0x40, 0x15,
    0x14, 0xBF, 0xFF, 0xC0, 0x7F, 0xFD, 0x1B, 0xF8, 0x00, 0x0B, 0xF4, 0x02, 0xF8, 0x00, 0x07, 0xC0,
    0x00, 0xFC, 0x00, 0x0F, 0x00, 0x00, 0xBD, 0x00, 0x1E, 0x00, 0x00, 0x3E, 0x00, 0x3C, 0x00, 0x00,
    0x2F, 0x00, 0x74, 0x00, 0x00, 0x0F, 0x80, 0xF0, 0x00, 0x00, 0x0B, 0xC1, 0xD0, 0x00, 0x00, 0x03,
    0xE3, 0x80, 0x00, 0x00, 0x02, 0xFB, 0x00, 0x00, 0x00, 0x00, 0xFE, 0x00, 0x00, 0x00, 0x00, 0xFD,
    0x00, 0x00, 0x00, 0x00, 0xBC, 0x00, 0x00, 0x00, 0x00, 0x7C, 0x00, 0x00, 0x00, 0x00, 0x7C, 0x00,
    0x00, 0x00, 0x00, 0x7C, 0x00, 0x00, 0x00, 0x00, 0x7C, 0x00, 0x00, 0x00, 0x00, 0xBC, 0x00, 0x00,
    0x00, 0x06, 0xFF, 0x60, 0x00, 0x00, 0x0F, 0xFF, 0xF0, 0x00, 0x00, 0x04, 0x00, 0x00, 0x00, 0x00,
    0x00, 0x00, 0x00, 0x00, 0x00, 0x00, 0x28, 0x00, 0x00, 0x00, 0xBF, 0x00, 0x00, 0x01, 0xFE, 0x40,
    0x00, 0x03, 0xE4, 0x00, 0x00, 0x00, 0x40, 0x00, 0x00, 0x00, 0x00, 0x00, 0x00, 0x69, 0x54, 0x00,
    0x00, 0x2F, 0xFF, 0xFF, 0xFF, 0x4F, 0xF9, 0x55, 0x7F, 0xC3, 0xE0, 0x00, 0x1F, 0xD0, 0xF0, 0x00,
    0x0F, 0xE0, 0x38, 0x00, 0x0B, 0xF0, 0x0D, 0x00, 0x07, 0xF0, 0x00, 0x00, 0x03, 0xF4, 0x00, 0x00,
    0x02, 0xF8, 0x00, 0x00, 0x00, 0xFC, 0x00, 0x00, 0x00, 0xFD, 0x00, 0x00, 0x00, 0xBE, 0x00, 0x00,
    0x00, 0x3F, 0x00, 0x00, 0x00, 0x3F, 0x40, 0x00, 0x00, 0x2F, 0x80, 0x00, 0x00, 0x0F, 0xC0, 0x00,
    0x70, 0x0F, 0xD0, 0x00, 0x2C, 0x0B, 0xE0, 0x00, 0x0F, 0x03, 0xF0, 0x00, 0x07, 0xC3, 0xF4, 0x00,
    0x07, 0xE2, 0xFD, 0x55, 0xAF, 0xF8, 0xBF, 0xFF, 0xFF, 0xFD, 0x00, 0x00, 0x00, 0x00, 0x00, 0x00,
    0x00, 0x20, 0x00, 0x00, 0x2F, 0x00, 0x00, 0x1F, 0x40, 0x00, 0x1F, 0x00, 0x00, 0x0F, 0x00, 0x00,
    0x0E, 0x00, 0x00, 0x01, 0x00, 0x00, 0x00, 0x00, 0x00, 0x15, 0x00, 0x00, 0x0F, 0xFF, 0xFF, 0xE3,
    0xF9, 0x57, 0xF4, 0xE0, 0x02, 0xF8, 0x30, 0x01, 0xF8, 0x04, 0x00, 0xFC, 0x00, 0x00, 0xBD, 0x00,
    0x00, 0x7E, 0x00, 0x00, 0x3F, 0x00, 0x00, 0x3F, 0x00, 0x00, 0x2F, 0x40, 0x14, 0x0F, 0x80, 0x0E,
    0x0F, 0xC0, 0x03, 0x4B, 0xC0, 0x02, 0xD7, 0xE1, 0x5B, 0xF2, 0xFF, 0xFF, 0xFC, 0x00, 0x00, 0x00,
    0x00, 0x00, 0x00, 0x00, 0x00, 0x00, 0x00, 0xBD, 0x00, 0x00, 0x00, 0x3F, 0x40, 0x00, 0x00, 0x0F,
    0xC0, 0x00, 0x00, 0x00, 0x40, 0x00, 0x00, 0x00, 0x00, 0x00, 0x01, 0xA5, 0x50, 0x00, 0x00, 0xBF,
    0xFF, 0xFF, 0xFD, 0x3F, 0xE5, 0x55, 0xFF, 0x0F, 0x80, 0x00, 0x7F, 0x43, 0xC0, 0x00, 0x3F, 0x80,
    0xE0, 0x00, 0x2F, 0xC0, 0x34, 0x00, 0x1F, 0xC0, 0x00, 0x00, 0x0F, 0xD0, 0x00, 0x00, 0x0B, 0xE0,
    0x00, 0x00, 0x03, 0xF0, 0x00, 0x00, 0x03, 0xF4, 0x00, 0x00, 0x02, 0xF8, 0x00, 0x00, 0x00, 0xFC,
    0x00, 0x00, 0x00, 0xFD, 0x00, 0x00, 0x00, 0xBE, 0x00, 0x00, 0x00, 0x3F, 0x00, 0x01, 0xC0, 0x3F,
    0x40, 0x00, 0xB0, 0x2F, 0x80, 0x00, 0x3C, 0x0F, 0xC0, 0x00, 0x1F, 0x0F, 0xD0, 0x00, 0x1F, 0x8B,
    0xF5, 0x56, 0xBF, 0xE2, 0xFF, 0xFF, 0xFF, 0xF4, 0x00, 0x00, 0x00, 0x00, 0x00, 0x00, 0x00, 0x00,
    0x00, 0x07, 0xC0, 0x00, 0x03, 0xF8, 0x00, 0x00, 0xFD, 0x00, 0x00, 0x09, 0x00, 0x00, 0x00, 0x00,
    0x00, 0x00, 0x00, 0x00, 0x00, 0x00, 0x00, 0x15, 0x00, 0x00, 0x0F, 0xFF, 0xFF, 0xE3, 0xF9, 0x57,
    0xF4, 0xE0, 0x02, 0xF8, 0x30, 0x01, 0xF8, 0x04, 0x00, 0xFC, 0x00, 0x00, 0xBD, 0x00, 0x00, 0x7E,
    0x00, 0x00, 0x3F, 0x00, 0x00, 0x3F, 0x00, 0x00, 0x2F, 0x40, 0x14, 0x0F, 0x80, 0x0E, 0x0F, 0xC0,
    0x03, 0x4B, 0xC0, 0x02, 0xD7, 0xE1, 0x5B, 0xF2, 0xFF, 0xFF, 0xFC, 0x00, 0x00, 0x00, 0x00, 0x00,
    0xD0, 0x00, 0x90, 0x00, 0x1F, 0x42, 0xE0, 0x00, 0x00, 0xFF, 0xD0, 0x00, 0x00, 0x0B, 0xD0, 0x00,
    0x00, 0x00, 0x40, 0x00, 0x00, 0x00, 0x00, 0x00, 0x01, 0xA5, 0x50, 0x00, 0x00, 0xBF, 0xFF, 0xFF,
    0xFD, 0x3F, 0xE5, 0x55, 0xFF, 0x0F, 0x80, 0x00, 0x7F, 0x43, 0xC0, 0x00, 0x3F, 0x80, 0xE0, 0x00,
    0x2F, 0xC0, 0x34, 0x00, 0x1F, 0xC0, 0x00, 0x00, 0x0F, 0xD0, 0x00, 0x00, 0x0B, 0xE0, 0x00, 0x00,
    0x03, 0xF0, 0x00, 0x00, 0x03, 0xF4, 0x00, 0x00, 0x02, 0xF8, 0x00, 0x00, 0x00, 0xFC, 0x00, 0x00,
    0x00, 0xFD, 0x00, 0x00, 0x00, 0xBE, 0x00, 0x00, 0x00, 0x3F, 0x00, 0x01, 0xC0, 0x3F, 0x40, 0x00,
    0xB0, 0x2F, 0x80, 0x00, 0x3C, 0x0F, 0xC0, 0x00, 0x1F, 0x0F, 0xD0, 0x00, 0x1F, 0x8B, 0xF5, 0x56,
    0xBF, 0xE2, 0xFF, 0xFF, 0xFF, 0xF4, 0x00, 0x00, 0x00, 0x00, 0x00, 0x08, 0x00, 0x01, 0x03, 0xC0,
    0x07, 0x80, 0x3D, 0x0B, 0x80, 0x03, 0xEF, 0x80, 0x00, 0x3F, 0xC0, 0x00, 0x03, 0xC0, 0x00, 0x00,
    0x40, 0x00, 0x00, 0x00, 0x00, 0x15, 0x00, 0x00, 0x0F, 0xFF, 0xFF, 0xE3, 0xF9, 0x57, 0xF4, 0xE0,
    0x02, 0xF8, 0x30, 0x01, 0xF8, 0x04, 0x00, 0xFC, 0x00, 0x00, 0xBD, 0x00, 0x00, 0x7E, 0x00, 0x00,
    0x3F, 0x00, 0x00, 0x3F, 0x00, 0x00, 0x2F, 0x40, 0x14, 0x0F, 0x80, 0x0E, 0x0F, 0xC0, 0x03, 0x4B,
    0xC0, 0x02, 0xD7, 0xE1, 0x5B, 0xF2, 0xFF, 0xFF, 0xFC, 0x00, 0x00, 0x00, 0x00, 0x20, 0x02, 0xF0,
    0x07, 0xE0, 0x03, 0xE0, 0x02, 0xD0, 0x02, 0xD0, 0x01, 0x00, 0x00, 0x60, 0x03, 0xD0, 0x3F, 0x03,
    0xE0, 0x2D, 0x02, 0xD0, 0x04, 0x00, 0x00, 0x00, 0x10, 0x00, 0x02, 0xD0, 0x00, 0x2F, 0xD0, 0x01,
    0xF7, 0xC0, 0x1E, 0x03, 0xC0, 0xD0, 0x02, 0xC0, 0x00, 0x01, 0x00, 0x00, 0x00, 0x06, 0x03, 0xF9,
    0x1D, 0x0F, 0xFF, 0xF8, 0x2C, 0x1B, 0xE0, 0x20, 0x00, 0x00, 0x00, 0x00, 0x01, 0xFF, 0xFF, 0xD7,
    0xFF, 0xFF, 0x00, 0x00, 0x00, 0x14, 0x00, 0x83, 0x40, 0xB0, 0xBF, 0xF4, 0x0B, 0xF4, 0x00, 0x00,
    0x00, 0x00, 0x0B, 0x87, 0xF1, 0xFC, 0x18, 0x00, 0x00, 0x00, 0x2F, 0x03, 0xDF, 0xC1, 0xF9, 0xD0,
    0x28, 0x00, 0x00, 0xF8, 0x7B, 0xE0, 0x1D, 0x02, 0xC0, 0xB0, 0x07, 0x00, 0x00, 0x06, 0x40, 0xBF,
    0x83, 0x07, 0x1C, 0x0C, 0x39, 0xE0, 0x7E, 0x00, 0x00, 0x10, 0x10, 0x00, 0xB4, 0x78, 0x01, 0xF4,
    0xF8, 0x07, 0xC3, 0xD0, 0x1E, 0x0F, 0x00, 0x34, 0x38, 0x00, 0x00, 0x00, 0x00, 0x10, 0x00, 0x11,
    0xE0, 0x02, 0xC1, 0xE0, 0x3C, 0x02, 0xF7, 0xD0, 0x02, 0xFD, 0x00, 0x02, 0xD0, 0x00, 0x01, 0x00,
    0x00, 0x00, 0x04, 0x00, 0x3C, 0x2D, 0x00, 0x2F, 0x1F, 0x40, 0x07, 0xC3, 0xD0, 0x00, 0xF0, 0xB4,
    0x00, 0x28, 0x2C, 0x00, 0x00, 0x00, 0x00, 0x00, 0x02, 0xFC, 0x03, 0xFF, 0xC1, 0xD0, 0x38, 0xC0,
    0x03, 0x00, 0x00, 0x00, 0x02, 0x03, 0x82, 0xC0, 0xE0, 0xB8, 0x2F, 0x0B, 0xF0, 0xF8, 0x00, 0x00,
    0x01, 0x40, 0xFD, 0x07, 0xE0, 0x3E, 0x03, 0xD1, 0xBC, 0x3D, 0x00, 0x00, 0x19, 0x1F, 0xCB, 0xF5,
    0xFC, 0x04, 0x00, 0x00, 0x00, 0x2F, 0x03, 0xDF, 0xC1, 0xF9, 0xD0, 0x3C, 0x0A, 0x02, 0xFC, 0x0B,
    0xC0, 0x7C, 0x0B, 0x80, 0xF0, 0x38, 0x05, 0x00, 0x03, 0x00, 0x2C, 0x00, 0xE0, 0x03, 0xE0, 0x07,
    0xF0, 0x03, 0xC9, 0x07, 0x3E, 0xB4, 0x6A, 0x00, 0x00, 0x10, 0x00, 0xB0, 0x01, 0xC0, 0x07, 0x00,
    0x1D, 0x00, 0x3C, 0x00, 0x3C, 0x00, 0x3D, 0x05, 0x3F, 0xFC, 0x0B, 0xE0, 0x00, 0x00, 0x40, 0x01,
    0x1C, 0x00, 0xC3, 0xE6, 0xE0, 0x3F, 0xF0, 0x01, 0x90, 0x00, 0x15, 0x55, 0x51, 0xFF, 0xFF, 0xD1,
    0x55, 0x55, 0x00, 0x3F, 0xFF, 0xFD, 0x3F, 0xFF, 0xFD, 0x00, 0x00, 0x00, 0x04, 0x00, 0xD0, 0xBF,
    0x5F, 0x07, 0xFF, 0xF0, 0x34, 0x1B, 0x40, 0x40, 0x00, 0x00, 0x14, 0xFE, 0x3F, 0x1E, 0x1D, 0x38,
    0xD0, 0x00, 0x00, 0x00, 0x00, 0x01, 0xE0, 0x01, 0x47, 0x85, 0x0F, 0x5D, 0x7C, 0x3C, 0x71, 0xF0,
    0x01, 0xC0, 0x00, 0x0B, 0x00, 0x00, 0x00, 0x00, 0x1C, 0x2C, 0x2C, 0x3D, 0x3D, 0x3D, 0x19, 0x00,
    0x00, 0x00, 0x00, 0x00, 0x0D, 0x00, 0x00, 0x00, 0x07, 0xF0, 0x00, 0x00, 0x00, 0x7F, 0x80, 0x00,
    0x00, 0x00, 0x7E, 0x00, 0x00, 0x00, 0x00, 0x40, 0x00, 0x00, 0x00, 0x00, 0x00, 0x15, 0x00, 0x55,
    0x58, 0x2F, 0xFF, 0xFF, 0xFF, 0x00, 0xBF, 0x55, 0xAF, 0xC0, 0x1F, 0x80, 0x00, 0xF0, 0x03, 0xE0,
    0x00, 0x38, 0x00, 0xF4, 0x00, 0x0E, 0x00, 0x3D, 0x00, 0x00, 0x00, 0x0F, 0x40, 0x00, 0x00, 0x03,
    0xD0, 0x00, 0x00, 0x00, 0xF4, 0x00, 0x00, 0x00, 0x7F, 0xFF, 0xFC, 0x00, 0x1F, 0xFF, 0xFE, 0x00,
    0x07, 0xD0, 0x00, 0x00, 0x01, 0xF0, 0x00, 0x00, 0x00, 0x7C, 0x00, 0x00, 0x00, 0x1F, 0x00, 0x00,
    0x00, 0x07, 0xC0, 0x00, 0x09, 0x01, 0xF0, 0x00, 0x03, 0x80, 0x7C, 0x00, 0x01, 0xD0, 0x2F, 0x00,
    0x00, 0xF0, 0x6F, 0xFA, 0xAA, 0xFC, 0x3F, 0xFF, 0xFF, 0xFF, 0x04, 0x00, 0x00, 0x00, 0x00, 0x00,
    0x00, 0x00, 0x00, 0x00, 0x03, 0xD0, 0xBC, 0x00, 0x01, 0xF8, 0x3F, 0x00, 0x00, 0x28, 0x07, 0x40,
    0x00, 0x00, 0x00, 0x00, 0x00, 0x00, 0x00, 0x00, 0x00, 0x54, 0x01, 0x55, 0x60, 0xBF, 0xFF, 0xFF,
    0xFC, 0x02, 0xFD, 0x56, 0xBF, 0x00, 0x7E, 0x00, 0x03, 0xC0, 0x0F, 0x80, 0x00, 0xE0, 0x03, 0xD0,
    0x00, 0x38, 0x00, 0xF4, 0x00, 0x00, 0x00, 0x3D, 0x00, 0x00, 0x00, 0x0F, 0x40, 0x00, 0x00, 0x03,
    0xD0, 0x00, 0x00, 0x01, 0xFF, 0xFF, 0xF0, 0x00, 0x7F, 0xFF, 0xF8, 0x00, 0x1F, 0x40, 0x00, 0x00,
    0x07, 0xC0, 0x00, 0x00, 0x01, 0xF0, 0x00, 0x00, 0x00, 0x7C, 0x00, 0x00, 0x00, 0x1F, 0x00, 0x00,
    0x24, 0x07, 0xC0, 0x00, 0x0E, 0x01, 0xF0, 0x00, 0x07, 0x40, 0xBC, 0x00, 0x03, 0xC1, 0xBF, 0xEA,
    0xAB, 0xF0, 0xFF, 0xFF, 0xFF, 0xFC, 0x10, 0x00, 0x00, 0x00, 0x00, 0x25, 0x55, 0x55, 0x55, 0x80,
    0x7F, 0xFF, 0xFF, 0xFF, 0xD0, 0x7E, 0x47, 0xE0, 0x5B, 0xD0, 0x74, 0x03, 0xE0, 0x02, 0xE0, 0x70,
    0x03, 0xD0, 0x00, 0xE0, 0xB0, 0x03, 0xD0, 0x00, 0xE0, 0x50, 0x03, 0xD0, 0x00, 0x40, 0x00, 0x03,
    0xD0, 0x00, 0x00, 0x00, 0x03, 0xD0, 0x00, 0x00, 0x00, 0x03, 0xD6, 0xA9, 0x00, 0x00, 0x03, 0xFF,
    0xFF, 0xD0, 0x00, 0x03, 0xE0, 0x07, 0xF4, 0x00, 0x03, 0xC0, 0x01, 0xFC, 0x00, 0x03, 0xC0, 0x00,
    0xBD, 0x00, 0x03, 0xC0, 0x00, 0x7E, 0x00, 0x03, 0xC0, 0x00, 0x3E, 0x00, 0x03, 0xC0, 0x00, 0x3E,
    0x00, 0x03, 0xC0, 0x00, 0x7D, 0x00, 0x07, 0xC0, 0x00, 0x7C, 0x00, 0x07, 0xC0, 0x00, 0xBC, 0x00,
    0x6F, 0xFA, 0x00, 0xF8, 0x00, 0xFF, 0xFF, 0x01, 0xF0, 0x00, 0x00, 0x00, 0x03, 0xD0, 0x00, 0x00,
    0x00, 0x0F, 0x80, 0x00, 0x00, 0x00, 0x3E, 0x00, 0x00, 0x00, 0x01, 0xF4, 0x00, 0x00, 0x00, 0x07,
    0x80, 0x00, 0x00, 0x00, 0x00, 0x00, 0x00, 0x00, 0x00, 0x00, 0x00, 0x00, 0x00, 0x03, 0x40, 0x00,
    0x00, 0x2F, 0x80, 0x00, 0x02, 0xFD, 0x00, 0x00, 0x1F, 0x80, 0x00, 0x00, 0x14, 0x00, 0x00, 0x00,
    0x00, 0x00, 0x00, 0x05, 0x40, 0x15, 0x59, 0x2F, 0xFF, 0xFF, 0xFD, 0x02, 0xFE, 0x56, 0xFC, 0x01,
    0xF8, 0x00, 0x3C, 0x00, 0xF8, 0x00, 0x3C, 0x00, 0xF8, 0x00, 0x3C, 0x00, 0xF4, 0x00, 0x3C, 0x00,
    0xF4, 0x00, 0x10, 0x00, 0xF4, 0x00, 0x00, 0x00, 0xF4, 0x00, 0x00, 0x01, 0xF4, 0x00, 0x00, 0x01,
    0xF4, 0x00, 0x00, 0x01, 0xF4, 0x00, 0x00, 0x01, 0xF0, 0x00, 0x00, 0x01, 0xF0, 0x00, 0x00, 0x01,
    0xF0, 0x00, 0x00, 0x01, 0xF0, 0x00, 0x00, 0x01, 0xF0, 0x00, 0x00, 0x01, 0xF0, 0x00, 0x00, 0x02,
    0xF0, 0x00, 0x00, 0x0B, 0xFD, 0xA0, 0x00, 0x3F, 0xFF, 0xF0, 0x00, 0x10, 0x00, 0x00, 0x00, 0x00,
    0x00, 0x16, 0xA5, 0x00, 0x00, 0x7F, 0xFF, 0xFC, 0x00, 0x7F, 0x95, 0x6F, 0xC0, 0x1F, 0x40, 0x00,
    0x3C, 0x07, 0xC0, 0x00, 0x02, 0xC0, 0xF4, 0x00, 0x00, 0x2C, 0x2F, 0x00, 0x00, 0x01, 0xC3, 0xE0,
    0x00, 0x00, 0x00, 0x3E, 0x00, 0x00, 0x00, 0x07, 0xD0, 0x00, 0x00, 0x00, 0xBF, 0xAA, 0xBF, 0xE0,
    0x0B, 0xFF, 0xFF, 0xFD, 0x00, 0xBE, 0x00, 0x00, 0x00, 0x0B, 0xE0, 0x00, 0x00, 0x00, 0x7E, 0x00,
    0x00, 0x00, 0x03, 0xF0, 0x00, 0x00, 0x04, 0x3F, 0x40, 0x00, 0x02, 0xC1, 0xFC, 0x00, 0x00, 0x2C,
    0x0F, 0xE0, 0x00, 0x03, 0xC0, 0x3F, 0xD0, 0x00, 0xBC, 0x00, 0xBF, 0xEA, 0xBF, 0xC0, 0x00, 0xBF,
    0xFF, 0xF8, 0x00, 0x00, 0x05, 0x00, 0x00, 0x00, 0x05, 0xA9, 0x00, 0x01, 0xFF, 0xFF, 0xC0, 0x3F,
    0x41, 0xBF, 0x02, 0xE0, 0x00, 0x7C, 0x1F, 0x00, 0x00, 0xE0, 0xBC, 0x00, 0x03, 0x82, 0xF0, 0x00,
    0x0D, 0x0B, 0xF0, 0x00, 0x00, 0x0F, 0xF0, 0x00, 0x00, 0x2F, 0xF8, 0x00, 0x00, 0x1F, 0xFE, 0x00,
    0x00, 0x0B, 0xFF, 0x40, 0x00, 0x07, 0xFF, 0x80, 0x00, 0x01, 0xFF, 0x80, 0x00, 0x00, 0xFF, 0x0B,
    0x00, 0x00, 0xFD, 0x2C, 0x00, 0x01, 0xF4, 0xF0, 0x00, 0x07, 0xD3, 0xC0, 0x00, 0x2F, 0x0F, 0x80,
    0x01, 0xF4, 0x3F, 0x95, 0x6F, 0x40, 0x7F, 0xFF, 0xE0, 0x00, 0x01, 0x50, 0x00, 0x00, 0x05, 0x05,
    0x43, 0xFF, 0xFC, 0x02, 0xFD, 0x00, 0x1F, 0x80, 0x00, 0xF8, 0x00, 0x0F, 0x40, 0x00, 0xF4, 0x00,
    0x0F, 0x40, 0x00, 0xF4, 0x00, 0x0F, 0x40, 0x01, 0xF4, 0x00, 0x1F, 0x00, 0x01, 0xF0, 0x00, 0x1F,
    0x00, 0x01, 0xF0, 0x00, 0x1F, 0x00, 0x01, 0xF0, 0x00, 0x1F, 0x00, 0x01, 0xF0, 0x00, 0x2F, 0x00,
    0x0B, 0xFD, 0x83, 0xFF, 0xFC, 0x10, 0x00, 0x00, 0x2D, 0x03, 0x83, 0xE0, 0xBD, 0x3D, 0x07, 0xC0,
    0x00, 0x00, 0x00, 0x00, 0x00, 0x50, 0x54, 0x3F, 0xFF, 0xC0, 0x2F, 0xD0, 0x01, 0xF8, 0x00, 0x0F,
    0x80, 0x00, 0xF4, 0x00, 0x0F, 0x40, 0x00, 0xF4, 0x00, 0x0F, 0x40, 0x00, 0xF4, 0x00, 0x1F, 0x40,
    0x01, 0xF0, 0x00, 0x1F, 0x00, 0x01, 0xF0, 0x00, 0x1F, 0x00, 0x01, 0xF0, 0x00, 0x1F, 0x00, 0x01,
    0xF0, 0x00, 0x1F, 0x00, 0x02, 0xF0, 0x00, 0xBF, 0xD8, 0x3F, 0xFF, 0xC1, 0x00, 0x00, 0x00, 0x05,
    0x41, 0xFF, 0xFC, 0x05, 0xFE, 0x00, 0x0B, 0xC0, 0x00, 0xBC, 0x00, 0x0B, 0xC0, 0x00, 0xBC, 0x00,
    0x0B, 0xC0, 0x00, 0xBC, 0x00, 0x0B, 0xC0, 0x00, 0xBC, 0x00, 0x0B, 0xC0, 0x00, 0xBC, 0x00, 0x0B,
    0xC0, 0x00, 0xBC, 0x00, 0x0B, 0xC0, 0x00, 0xBC, 0x00, 0x0B, 0xC0, 0x00, 0xB8, 0x00, 0x0B, 0x80,
    0x00, 0xF8, 0x00, 0x0F, 0x40, 0x01, 0xF0, 0x00, 0x3D, 0x00, 0x0F, 0x80, 0x03, 0xE0, 0x00, 0x20,
    0x00, 0x00, 0x00, 0x00, 0x00, 0x01, 0x55, 0x00, 0x00, 0x01, 0xFF, 0xFF, 0xFF, 0xFE, 0x00, 0x00,
    0x00, 0x5B, 0xE5, 0xAF, 0xE0, 0x00, 0x00, 0x00, 0x03, 0xC0, 0x0B, 0xC0, 0x00, 0x00, 0x00, 0x03,
    0xC0, 0x0B, 0xC0, 0x00, 0x00, 0x00, 0x03, 0xC0, 0x0B, 0xC0, 0x00, 0x00, 0x00, 0x03, 0xC0, 0x0B,
    0xC0, 0x00, 0x00, 0x00, 0x03, 0xC0, 0x0B, 0xC0, 0x00, 0x00, 0x00, 0x03, 0x80, 0x0B, 0xC0, 0x00,
    0x00, 0x00, 0x07, 0x80, 0x0B, 0xC0, 0x00, 0x00, 0x00, 0x07, 0x80, 0x0B, 0xFF, 0xE9, 0x00, 0x00,
    0x0B, 0x40, 0x0B, 0xFF, 0xFF, 0xC0, 0x00, 0x0B, 0x40, 0x0B, 0xC0, 0x0B, 0xF4, 0x00, 0x0F, 0x00,
    0x0B, 0xC0, 0x01, 0xFC, 0x00, 0x0F, 0x00, 0x0B, 0xC0, 0x00, 0xFD, 0x00, 0x1F, 0x00, 0x0B, 0x80,
    0x00, 0x7D, 0x00, 0x3E, 0x00, 0x0B, 0x80, 0x00, 0x7D, 0x00, 0xBC, 0x00, 0x0B, 0x80, 0x00, 0xBC,
    0x07, 0xFC, 0x00, 0x0B, 0x80, 0x00, 0xFC, 0x7F, 0xF0, 0x00, 0x0F, 0xC0, 0x02, 0xF0, 0x3F, 0xD0,
    0x00, 0x7F, 0xF9, 0x5F, 0xD0, 0x2E, 0x00, 0x01, 0xFF, 0xFF, 0xFE, 0x00, 0x00, 0x00, 0x00, 0x40,
    0x01, 0x40, 0x00, 0x05, 0x05, 0x40, 0x01, 0x45, 0x50, 0x00, 0x02, 0xFF, 0xF8, 0x00, 0xBF, 0xFF,
    0x00, 0x00, 0x02, 0xFD, 0x00, 0x00, 0xBF, 0x40, 0x00, 0x00, 0x1F, 0x80, 0x00, 0x03, 0xE0, 0x00,
    0x00, 0x00, 0xF8, 0x00, 0x00, 0x3E, 0x00, 0x00, 0x00, 0x0F, 0x40, 0x00, 0x03, 0xE0, 0x00, 0x00,
    0x00, 0xF4, 0x00, 0x00, 0x3E, 0x00, 0x00, 0x00, 0x0F, 0x40, 0x00, 0x03, 0xD0, 0x00, 0x00, 0x00,
    0xF4, 0x00, 0x00, 0x3D, 0x00, 0x00, 0x00, 0x0F, 0x40, 0x00, 0x03, 0xD0, 0x00, 0x00, 0x01, 0xFA,
    0xAA, 0xAA, 0xFF, 0xFE, 0x90, 0x00, 0x1F, 0xFF, 0xFF, 0xFF, 0xFF, 0xFF, 0xE0, 0x01, 0xF4, 0x00,
    0x00, 0x3D, 0x00, 0x7F, 0x80, 0x1F, 0x00, 0x00, 0x03, 0xD0, 0x00, 0xFD, 0x01, 0xF0, 0x00, 0x00,
    0x3D, 0x00, 0x07, 0xF0, 0x1F, 0x00, 0x00, 0x03, 0xC0, 0x00, 0x3F, 0x01, 0xF0, 0x00, 0x00, 0x3C,
    0x00, 0x03, 0xF0, 0x1F, 0x00, 0x00, 0x03, 0xC0, 0x00, 0x3E, 0x01, 0xF0, 0x00, 0x00, 0x3C, 0x00,
    0x07, 0xD0, 0x2F, 0x00, 0x00, 0x07, 0xD0, 0x00, 0xF8, 0x0B, 0xFD, 0x80, 0x02, 0xFF, 0x95, 0xBE,
    0x03, 0xFF, 0xFC, 0x00, 0xFF, 0xFF, 0xFE, 0x40, 0x10, 0x00, 0x00, 0x04, 0x00, 0x14, 0x00, 0x00,
    0x25, 0x55, 0x55, 0x55, 0x80, 0x07, 0xFF, 0xFF, 0xFF, 0xFD, 0x00, 0x7E, 0x47, 0xE0, 0x5B, 0xD0,
    0x07, 0x40, 0x3E, 0x00, 0x2E, 0x00, 0x70, 0x03, 0xD0, 0x00, 0xE0, 0x0B, 0x00, 0x3D, 0x00, 0x0E,
    0x00, 0x50, 0x03, 0xD0, 0x00, 0x40, 0x00, 0x00, 0x3D, 0x00, 0x00, 0x00, 0x00, 0x03, 0xD0, 0x00,
    0x00, 0x00, 0x00, 0x3D, 0x6A, 0x90, 0x00, 0x00, 0x03, 0xFF, 0xFF, 0xD0, 0x00, 0x00, 0x3E, 0x00,
    0x7F, 0x40, 0x00, 0x03, 0xC0, 0x00, 0xFC, 0x00, 0x00, 0x3C, 0x00, 0x0B, 0xD0, 0x00, 0x03, 0xC0,
    0x00, 0x7D, 0x00, 0x00, 0x3C, 0x00, 0x07, 0xD0, 0x00, 0x03, 0xC0, 0x00, 0x3D, 0x00, 0x00, 0x3C,
    0x00, 0x07, 0xD0, 0x00, 0x07, 0xC0, 0x00, 0x7D, 0x00, 0x00, 0x7C, 0x00, 0x07, 0xE0, 0x00, 0x6F,
    0xFA, 0x02, 0xFF, 0x80, 0x0F, 0xFF, 0xF0, 0xBF, 0xFD, 0x00, 0x00, 0x00, 0x00, 0x00, 0x00, 0x00,
    0x00, 0x00, 0x00, 0x00, 0x00, 0x00, 0x00, 0x74, 0x00, 0x00, 0x00, 0x02, 0xF8, 0x00, 0x00, 0x00,
    0x2F, 0xD0, 0x00, 0x00, 0x01, 0xF8, 0x00, 0x00, 0x00, 0x01, 0x40, 0x00, 0x00, 0x00, 0x00, 0x00,
    0x00, 0x00, 0x05, 0x05, 0x40, 0x00, 0x14, 0x2F, 0xFF, 0xC0, 0x02, 0xFC, 0x02, 0xFD, 0x00, 0x0F,
    0xFD, 0x00, 0xF8, 0x00, 0x2F, 0xAD, 0x00, 0xF8, 0x00, 0x78, 0x00, 0x00, 0xF4, 0x00, 0xF0, 0x00,
    0x00, 0xF4, 0x02, 0xD0, 0x00, 0x00, 0xF4, 0x03, 0x80, 0x00, 0x00, 0xF4, 0x0F, 0x00, 0x00, 0x00,
    0xF4, 0x1D, 0x00, 0x00, 0x00, 0xFE, 0xBC, 0x00, 0x00, 0x00, 0xFF, 0xFE, 0x00, 0x00, 0x00, 0xF4,
    0x2F, 0x00, 0x00, 0x00, 0xF4, 0x0F, 0xC0, 0x00, 0x00, 0xF0, 0x0B, 0xD0, 0x00, 0x00, 0xF0, 0x03,
    0xF0, 0x00, 0x00, 0xF0, 0x01, 0xF8, 0x00, 0x00, 0xF0, 0x00, 0xBD, 0x00, 0x01, 0xF0, 0x00, 0x3F,
    0x00, 0x02, 0xF0, 0x00, 0x2F, 0xC0, 0x1B, 0xFD, 0x80, 0x0F, 0xF4, 0x3F, 0xFF, 0xC0, 0x03, 0xFF,
    0x00, 0x00, 0x00, 0x00, 0x50, 0x00, 0x01, 0x00, 0x00, 0x00, 0x00, 0x00, 0x2F, 0x40, 0x00, 0x00,
    0x00, 0x00, 0x7F, 0xC0, 0x00, 0x00, 0x00, 0x00, 0x0B, 0xE0, 0x00, 0x00, 0x00, 0x00, 0x01, 0x90,
    0x00, 0x00, 0x00, 0x00, 0x00, 0x00, 0x00, 0x00, 0x50, 0x54, 0x00, 0x14, 0x15, 0x0B, 0xFF, 0xE0,
    0x02, 0xFF, 0xFC, 0x02, 0xFD, 0x00, 0x00, 0xBF, 0x40, 0x07, 0xE0, 0x00, 0x00, 0xF8, 0x00, 0x0F,
    0x80, 0x00, 0x0B, 0xE0, 0x00, 0x3D, 0x00, 0x00, 0xBF, 0x80, 0x00, 0xF4, 0x00, 0x07, 0xFE, 0x00,
    0x03, 0xD0, 0x00, 0x7C, 0xF4, 0x00, 0x0F, 0x40, 0x03, 0xC3, 0xD0, 0x00, 0x3D, 0x00, 0x3C, 0x0F,
    0x40, 0x01, 0xF4, 0x03, 0xC0, 0x3D, 0x00, 0x07, 0xC0, 0x2D, 0x00, 0xF4, 0x00, 0x1F, 0x02, 0xD0,
    0x03, 0xD0, 0x00, 0x7C, 0x2E, 0x00, 0x0F, 0x00, 0x01, 0xF1, 0xE0, 0x00, 0x3C, 0x00, 0x07, 0xEF,
    0x00, 0x00, 0xF0, 0x00, 0x1F, 0xF0, 0x00, 0x03, 0xC0, 0x00, 0x7F, 0x00, 0x00, 0x0F, 0x00, 0x01,
    0xF4, 0x00, 0x00, 0x7C, 0x00, 0x0B, 0xC0, 0x00, 0x02, 0xF4, 0x00, 0xBF, 0xD8, 0x00, 0x6F, 0xFA,
    0x0F, 0xFF, 0xF0, 0x03, 0xFF, 0xFC, 0x10, 0x00, 0x00, 0x00, 0x00, 0x00, 0x00, 0x05, 0x00, 0x20,
    0x00, 0x00, 0xBC, 0x00, 0xF0, 0x00, 0x00, 0xF4, 0x0F, 0x80, 0x00, 0x00, 0xBF, 0xF4, 0x00, 0x00,
    0x00, 0x00, 0x00, 0x00, 0x00, 0x00, 0x00, 0x00, 0x01, 0x45, 0x50, 0x01, 0x45, 0x5F, 0xFF, 0xC0,
    0x1F, 0xFF, 0x2F, 0xF4, 0x00, 0x07, 0xF4, 0x2F, 0x80, 0x00, 0x0B, 0x40, 0x3F, 0x00, 0x00, 0x3C,
    0x00, 0x7D, 0x00, 0x01, 0xD0, 0x00, 0xFC, 0x00, 0x0F, 0x00, 0x00, 0xF8, 0x00, 0x74, 0x00, 0x02,
    0xF0, 0x02, 0xC0, 0x00, 0x03, 0xE0, 0x0D, 0x00, 0x00, 0x0B, 0xC0, 0xB0, 0x00, 0x00, 0x0F, 0xC3,
    0x80, 0x00, 0x00, 0x1F, 0x6C, 0x00, 0x00, 0x00, 0x3F, 0xE0, 0x00, 0x00, 0x00, 0x3F, 0x00, 0x00,
    0x00, 0x00, 0xBC, 0x00, 0x00, 0x00, 0x01, 0xD0, 0x00, 0x00, 0x00, 0x0F, 0x00, 0x00, 0x01, 0x40,
    0xB4, 0x00, 0x00, 0x0F, 0xFF, 0xC0, 0x00, 0x00, 0x2F, 0xFC, 0x00, 0x00, 0x00, 0xBF, 0x80, 0x00,
    0x00, 0x00, 0x00, 0x00, 0x00, 0x00, 0x04, 0x55, 0x40, 0x05, 0x15, 0x4F, 0xFF, 0xE0, 0x0B, 0xFF,
    0xE0, 0x7F, 0xC0, 0x00, 0x2F, 0xD0, 0x0B, 0xD0, 0x00, 0x07, 0xE0, 0x02, 0xF0, 0x00, 0x01, 0xF4,
    0x00, 0xBC, 0x00, 0x00, 0x7D, 0x00, 0x2F, 0x00, 0x00, 0x1F, 0x40, 0x0B, 0xC0, 0x00, 0x07, 0xD0,
    0x02, 0xF0, 0x00, 0x01, 0xF4, 0x00, 0xBC, 0x00, 0x00, 0x7D, 0x00, 0x2F, 0x00, 0x00, 0x1F, 0x00,
    0x0B, 0xC0, 0x00, 0x07, 0xC0, 0x02, 0xF0, 0x00, 0x01, 0xF0, 0x00, 0xBC, 0x00, 0x00, 0x7C, 0x00,
    0x2F, 0x00, 0x00, 0x1F, 0x00, 0x0B, 0xC0, 0x00, 0x07, 0xC0, 0x02, 0xF0, 0x00, 0x01, 0xF0, 0x00,
    0xBC, 0x00, 0x00, 0x7C, 0x00, 0x2F, 0x00, 0x00, 0x1F, 0x00, 0x0F, 0xC0, 0x00, 0x0F, 0xC0, 0x1B,
    0xFE, 0xAA, 0xAF, 0xF9, 0x4F, 0xFF, 0xFF, 0xFF, 0xFF, 0xE0, 0x00, 0x03, 0xF0, 0x00, 0x00, 0x00,
    0x00, 0xB8, 0x00, 0x00, 0x00, 0x00, 0x1E, 0x00, 0x00, 0x00, 0x00, 0x07, 0x80, 0x00, 0x00, 0x00,
    0x01, 0xD0, 0x00, 0x00, 0x00, 0x00, 0x34, 0x00, 0x00, 0x00, 0x00, 0x00, 0x00, 0x00, 0x00, 0x00,
    0x00, 0x01, 0x00, 0x00, 0x00, 0x00, 0x07, 0xE0, 0x00, 0x00, 0x00, 0x02, 0xFC, 0x00, 0x00, 0x00,
    0x00, 0xFF, 0x00, 0x00, 0x00, 0x00, 0xB7, 0xD0, 0x00, 0x00, 0x00, 0x3C, 0xF8, 0x00, 0x00, 0x00,
    0x1D, 0x2F, 0x00, 0x00, 0x00, 0x0B, 0x07, 0xC0, 0x00, 0x00, 0x03, 0x80, 0xF8, 0x00, 0x00, 0x01,
    0xD0, 0x3F, 0x00, 0x00, 0x00, 0xF0, 0x07, 0xC0, 0x00, 0x00, 0x38, 0x00, 0xF4, 0x00, 0x00, 0x2D,
    0x00, 0x3E, 0x00, 0x00, 0x0F, 0xFF, 0xFF, 0xC0, 0x00, 0x07, 0x95, 0x55, 0xF4, 0x00, 0x02, 0xC0,
    0x00, 0x3E, 0x00, 0x00, 0xF0, 0x00, 0x0B, 0xC0, 0x00, 0x78, 0x00, 0x01, 0xF4, 0x00, 0x3C, 0x00,
    0x00, 0x3E, 0x00, 0x1F, 0x00, 0x00, 0x0F, 0xC0, 0x2F, 0xE5, 0x40, 0x1B, 0xFE, 0x5F, 0xFF, 0xF0,
    0x3F, 0xFF, 0xE0, 0x00, 0x00, 0x04, 0x00, 0x00, 0x05, 0x40, 0x05, 0x56, 0x07, 0xFF, 0xFF, 0xFF,
    0xC0, 0x2F, 0xE5, 0x6B, 0xF0, 0x03, 0xE0, 0x00, 0x78, 0x00, 0xF8, 0x00, 0x0E, 0x00, 0x3E, 0x00,
    0x03, 0x40, 0x0F, 0x40, 0x00, 0xD0, 0x03, 0xD0, 0x00, 0x00, 0x00, 0xF4, 0x00, 0x00, 0x00, 0x3D,
    0x00, 0x00, 0x00, 0x0F, 0xFF, 0xA4, 0x00, 0x03, 0xFF, 0xFF, 0xE0, 0x00, 0xF4, 0x01, 0xFE, 0x00,
    0x3D, 0x00, 0x0F, 0xD0, 0x0F, 0x00, 0x01, 0xF8, 0x03, 0xC0, 0x00, 0x3F, 0x00, 0xF0, 0x00, 0x0F,
    0xC0, 0x3C, 0x00, 0x03, 0xE0, 0x1F, 0x00, 0x01, 0xF4, 0x0B, 0xD0, 0x00, 0xF8, 0x0B, 0xFE, 0x56,
    0xF8, 0x0F, 0xFF, 0xFF, 0xE4, 0x01, 0x00, 0x05, 0x00, 0x00, 0x05, 0x05, 0x54, 0x00, 0x02, 0xFF,
    0xFF, 0xFD, 0x00, 0x02, 0xF8, 0x1B, 0xF8, 0x00, 0x1F, 0x80, 0x0F, 0xD0, 0x00, 0xF8, 0x00, 0x7E,
    0x00, 0x0F, 0x40, 0x03, 0xE0, 0x00, 0xF4, 0x00, 0x3E, 0x00, 0x0F, 0x40, 0x03, 0xD0, 0x00, 0xF4,
    0x00, 0x7C, 0x00, 0x0F, 0x40, 0x1F, 0x00, 0x01, 0xFE, 0x9B, 0x80, 0x00, 0x1F, 0xFF, 0xFE, 0x00,
    0x01, 0xF4, 0x02, 0xFD, 0x00, 0x1F, 0x00, 0x03, 0xF4, 0x01, 0xF0, 0x00, 0x1F, 0xC0, 0x1F, 0x00,
    0x00, 0xFC, 0x01, 0xF0, 0x00, 0x0F, 0xC0, 0x1F, 0x00, 0x00, 0xFC, 0x01, 0xF0, 0x00, 0x0F, 0x40,
    0x2F, 0x40, 0x03, 0xE0, 0x0B, 0xFE, 0x56, 0xF8, 0x03, 0xFF, 0xFF, 0xF8, 0x00, 0x10, 0x00, 0x50,
    0x00, 0x00, 0x05, 0x40, 0x15, 0x59, 0x2F, 0xFF, 0xFF, 0xFD, 0x02, 0xFE, 0x56, 0xFC, 0x01, 0xF8,
    0x00, 0x3C, 0x00, 0xF8, 0x00, 0x3C, 0x00, 0xF8, 0x00, 0x3C, 0x00, 0xF4, 0x00, 0x3C, 0x00, 0xF4,
    0x00, 0x10, 0x00, 0xF4, 0x00, 0x00, 0x00, 0xF4, 0x00, 0x00, 0x01, 0xF4, 0x00, 0x00, 0x01, 0xF4,
    0x00, 0x00, 0x01, 0xF4, 0x00, 0x00, 0x01, 0xF0, 0x00, 0x00, 0x01, 0xF0, 0x00, 0x00, 0x01, 0xF0,
    0x00, 0x00, 0x01, 0xF0, 0x00, 0x00, 0x01, 0xF0, 0x00, 0x00, 0x01, 0xF0, 0x00, 0x00, 0x02, 0xF0,
    0x00, 0x00, 0x0B, 0xFD, 0xA0, 0x00, 0x3F, 0xFF, 0xF0, 0x00, 0x10, 0x00, 0x00, 0x00, 0x00, 0x00,
    0x00, 0x00, 0x14, 0x00, 0xFF, 0xFF, 0xFF, 0xFD, 0x00, 0x5B, 0xE5, 0xAF, 0xE0, 0x00, 0x03, 0xC0,
    0x0F, 0xC0, 0x00, 0x03, 0xC0, 0x0F, 0xC0, 0x00, 0x03, 0xC0, 0x0F, 0xC0, 0x00, 0x03, 0xC0, 0x0F,
    0xC0, 0x00, 0x03, 0x80, 0x0F, 0xC0, 0x00, 0x07, 0x80, 0x0F, 0x80, 0x00, 0x07, 0x80, 0x0F, 0x80,
    0x00, 0x0B, 0x40, 0x0F, 0x80, 0x00, 0x0F, 0x40, 0x0F, 0x80, 0x00, 0x0F, 0x00, 0x0F, 0x80, 0x00,
    0x0F, 0x00, 0x0F, 0x80, 0x00, 0x1E, 0x00, 0x0F, 0x80, 0x00, 0x2D, 0x00, 0x0F, 0x80, 0x00, 0x3C,
    0x00, 0x0F, 0x80, 0x00, 0x78, 0x00, 0x0F, 0x80, 0x00, 0xF0, 0x00, 0x0F, 0x80, 0x07, 0xC0, 0x00,
    0x1F, 0x80, 0x7F, 0xAA, 0xAA, 0xFF, 0xF9, 0xBF, 0xFF, 0xFF, 0xFF, 0xFF, 0xBD, 0x00, 0x00, 0x00,
    0x7F, 0xB8, 0x00, 0x00, 0x00, 0x1F, 0xB4, 0x00, 0x00, 0x00, 0x0F, 0xB0, 0x00, 0x00, 0x00, 0x0F,
    0xB0, 0x00, 0x00, 0x00, 0x0F, 0x00, 0x00, 0x00, 0x00, 0x00, 0x05, 0x40, 0x15, 0x56, 0x0B, 0xFF,
    0xFF, 0xFF, 0xC0, 0x2F, 0xD5, 0x6B, 0xF0, 0x07, 0xE0, 0x00, 0x3C, 0x00, 0xF8, 0x00, 0x0E, 0x00,
    0x3D, 0x00, 0x03, 0x80, 0x0F, 0x40, 0x00, 0x00, 0x03, 0xD0, 0x00, 0x00, 0x00, 0xF4, 0x00, 0x00,
    0x00, 0x3D, 0x00, 0x00, 0x00, 0x1F, 0xFF, 0xFF, 0x00, 0x07, 0xFF, 0xFF, 0x80, 0x01, 0xF4, 0x00,
    0x00, 0x00, 0x7C, 0x00, 0x00, 0x00, 0x1F, 0x00, 0x00, 0x00, 0x07, 0xC0, 0x00, 0x00, 0x01, 0xF0,
    0x00, 0x02, 0x40, 0x7C, 0x00, 0x00, 0xE0, 0x1F, 0x00, 0x00, 0x74, 0x0B, 0xC0, 0x00, 0x3C, 0x1B,
    0xFE, 0xAA, 0xBF, 0x0F, 0xFF, 0xFF, 0xFF, 0xC1, 0x00, 0x00, 0x00, 0x00, 0x15, 0x00, 0x00, 0x50,
    0x54, 0x00, 0x01, 0x40, 0xFF, 0x00, 0x07, 0xFF, 0xF0, 0x00, 0xBF, 0x43, 0xFF, 0x00, 0x02, 0xFD,
    0x00, 0x0B, 0xFD, 0x0E, 0xBF, 0x00, 0x03, 0xF0, 0x00, 0xBE, 0xA4, 0x00, 0x2E, 0x00, 0x0F, 0x80,
    0x03, 0xC0, 0x00, 0x00, 0x2C, 0x00, 0x3E, 0x00, 0x3C, 0x00, 0x00, 0x00, 0x3C, 0x00, 0xF8, 0x01,
    0xD0, 0x00, 0x00, 0x00, 0x74, 0x03, 0xE0, 0x0F, 0x00, 0x00, 0x00, 0x00, 0xF0, 0x0F, 0x80, 0xB0,
    0x00, 0x00, 0x00, 0x00, 0xE0, 0x3E, 0x03, 0x80, 0x00, 0x00, 0x00, 0x02, 0xEA, 0xFE, 0xBC, 0x00,
    0x00, 0x00, 0x00, 0x0F, 0xFF, 0xFF, 0xF8, 0x00, 0x00, 0x00, 0x00, 0xFC, 0x0F, 0x42, 0xF4, 0x00,
    0x00, 0x00, 0x0B, 0xD0, 0x3D, 0x03, 0xF0, 0x00, 0x00, 0x00, 0x3F, 0x00, 0xF4, 0x07, 0xE0, 0x00,
    0x00, 0x03, 0xF0, 0x03, 0xD0, 0x0B, 0xD0, 0x00, 0x00, 0x1F, 0x80, 0x0F, 0x40, 0x0F, 0xC0, 0x00,
    0x00, 0xFC, 0x00, 0x3D, 0x00, 0x2F, 0x80, 0x00, 0x0F, 0xD0, 0x00, 0xF4, 0x00, 0x3F, 0x00, 0x00,
    0xBF, 0x00, 0x07, 0xD0, 0x00, 0x7F, 0x00, 0x1F, 0xF0, 0x01, 0xBF, 0xE4, 0x00, 0xBF, 0x92, 0xFF,
    0x40, 0x0F, 0xFF, 0xF0, 0x00, 0xBF, 0xC0, 0x50, 0x00, 0x00, 0x00, 0x00, 0x00, 0x54, 0x00, 0x01,
    0x55, 0x00, 0x03, 0xFF, 0xFF, 0x40, 0x3F, 0x96, 0xFE, 0x03, 0xD0, 0x03, 0xF4, 0x3C, 0x00, 0x1F,
    0x83, 0x80, 0x00, 0xF8, 0x34, 0x00, 0x0F, 0x80, 0x00, 0x01, 0xF4, 0x00, 0x00, 0x2F, 0x00, 0x00,
    0x07, 0xC0, 0x00, 0xFF, 0xE0, 0x00, 0x0F, 0xFF, 0x80, 0x00, 0x01, 0xBF, 0x40, 0x00, 0x01, 0xFC,
    0x00, 0x00, 0x0B, 0xE0, 0x00, 0x00, 0x7E, 0x70, 0x00, 0x07, 0xE7, 0x40, 0x00, 0x7E, 0x78, 0x00,
    0x0B, 0xC7, 0xD0, 0x01, 0xF4, 0x7F, 0xA6, 0xFD, 0x07, 0xFF, 0xFE, 0x00, 0x01, 0x54, 0x00, 0x00,
    0x05, 0x05, 0x40, 0x01, 0x41, 0x50, 0xBF, 0xFE, 0x00, 0x2F, 0xFF, 0xC0, 0x2F, 0xD0, 0x00, 0x0B,
    0xF4, 0x00, 0x7E, 0x00, 0x00, 0x0F, 0x80, 0x00, 0xF8, 0x00, 0x00, 0xBE, 0x00, 0x03, 0xD0, 0x00,
    0x0B, 0xF8, 0x00, 0x0F, 0x40, 0x00, 0x7F, 0xE0, 0x00, 0x3D, 0x00, 0x07, 0xCF, 0x40, 0x00, 0xF4,
    0x00, 0x3C, 0x3D, 0x00, 0x03, 0xD0, 0x03, 0xC0, 0xF4, 0x00, 0x1F, 0x40, 0x3C, 0x03, 0xD0, 0x00,
    0x7C, 0x02, 0xD0, 0x0F, 0x40, 0x01, 0xF0, 0x2D, 0x00, 0x3D, 0x00, 0x07, 0xC2, 0xE0, 0x00, 0xF0,
    0x00, 0x1F, 0x1E, 0x00, 0x03, 0xC0, 0x00, 0x7E, 0xF0, 0x00, 0x0F, 0x00, 0x01, 0xFF, 0x00, 0x00,
    0x3C, 0x00, 0x07, 0xF0, 0x00, 0x00, 0xF0, 0x00, 0x1F, 0x40, 0x00, 0x07, 0xC0, 0x00, 0xBC, 0x00,
    0x00, 0x2F, 0x40, 0x0B, 0xFD, 0x80, 0x06, 0xFF, 0xA0, 0xFF, 0xFF, 0x00, 0x3F, 0xFF, 0xC1, 0x00,
    0x00, 0x00, 0x00, 0x00, 0x00, 0x00, 0x01, 0x80, 0x09, 0x00, 0x00, 0x00, 0x1F, 0x00, 0x3D, 0x00,
    0x00, 0x00, 0x3E, 0x02, 0xF0, 0x00, 0x00, 0x00, 0x2F, 0xFE, 0x00, 0x00, 0x00, 0x00, 0x01, 0x00,
    0x00, 0x00, 0x00, 0x00, 0x00, 0x00, 0x00, 0x00, 0x50, 0x54, 0x00, 0x14, 0x15, 0x0B, 0xFF, 0xE0,
    0x02, 0xFF, 0xFC, 0x02, 0xFD, 0x00, 0x00, 0xBF, 0x40, 0x07, 0xE0, 0x00, 0x00, 0xF8, 0x00, 0x0F,
    0x80, 0x00, 0x0B, 0xE0, 0x00, 0x3D, 0x00, 0x00, 0xBF, 0x80, 0x00, 0xF4, 0x00, 0x07, 0xFE, 0x00,
    0x03, 0xD0, 0x00, 0x7C, 0xF4, 0x00, 0x0F, 0x40, 0x03, 0xC3, 0xD0, 0x00, 0x3D, 0x00, 0x3C, 0x0F,
    0x40, 0x01, 0xF4, 0x03, 0xC0, 0x3D, 0x00, 0x07, 0xC0, 0x2D, 0x00, 0xF4, 0x00, 0x1F, 0x02, 0xD0,
    0x03, 0xD0, 0x00, 0x7C, 0x2E, 0x00, 0x0F, 0x00, 0x01, 0xF1, 0xE0, 0x00, 0x3C, 0x00, 0x07, 0xEF,
    0x00, 0x00, 0xF0, 0x00, 0x1F, 0xF0, 0x00, 0x03, 0xC0, 0x00, 0x7F, 0x00, 0x00, 0x0F, 0x00, 0x01,
    0xF4, 0x00, 0x00, 0x7C, 0x00, 0x0B, 0xC0, 0x00, 0x02, 0xF4, 0x00, 0xBF, 0xD8, 0x00, 0x6F, 0xFA,
    0x0F, 0xFF, 0xF0, 0x03, 0xFF, 0xFC, 0x10, 0x00, 0x00, 0x00, 0x00, 0x00, 0x05, 0x05, 0x40, 0x00,
    0x14, 0x2F, 0xFF, 0xC0, 0x02, 0xFC, 0x02, 0xFD, 0x00, 0x0F, 0xFD, 0x00, 0xF8, 0x00, 0x2F, 0xAD,
    0x00, 0xF8, 0x00, 0x78, 0x00, 0x00, 0xF4, 0x00, 0xF0, 0x00, 0x00, 0xF4, 0x02, 0xD0, 0x00, 0x00,
    0xF4, 0x03, 0x80, 0x00, 0x00, 0xF4, 0x0F, 0x00, 0x00, 0x00, 0xF4, 0x1D, 0x00, 0x00, 0x00, 0xFE,
    0xBC, 0x00, 0x00, 0x00, 0xFF, 0xFE, 0x00, 0x00, 0x00, 0xF4, 0x2F, 0x00, 0x00, 0x00, 0xF4, 0x0F,
    0xC0, 0x00, 0x00, 0xF0, 0x0B, 0xD0, 0x00, 0x00, 0xF0, 0x03, 0xF0, 0x00, 0x00, 0xF0, 0x01, 0xF8,
    0x00, 0x00, 0xF0, 0x00, 0xBD, 0x00, 0x01, 0xF0, 0x00, 0x3F, 0x00, 0x02, 0xF0, 0x00, 0x2F, 0xC0,
    0x1B, 0xFD, 0x80, 0x0F, 0xF4, 0x3F, 0xFF, 0xC0, 0x03, 0xFF, 0x00, 0x00, 0x00, 0x00, 0x50, 0x00,
    0x00, 0x00, 0x00, 0x15, 0x00, 0x7F, 0xFF, 0xFF, 0xFF, 0x80, 0x05, 0xBE, 0x56, 0xFF, 0x40, 0x00,
    0x0F, 0x00, 0x2F, 0x40, 0x00, 0x03, 0xC0, 0x0B, 0xC0, 0x00, 0x00, 0xF0, 0x02, 0xF0, 0x00, 0x00,
    0x3C, 0x00, 0xBC, 0x00, 0x00, 0x0F, 0x00, 0x2F, 0x00, 0x00, 0x03, 0x80, 0x0B, 0xC0, 0x00, 0x01,
    0xE0, 0x02, 0xF0, 0x00, 0x00, 0x78, 0x00, 0xBC, 0x00, 0x00, 0x2D, 0x00, 0x2F, 0x00, 0x00, 0x0B,
    0x40, 0x0B, 0xC0, 0x00, 0x03, 0xC0, 0x02, 0xF0, 0x00, 0x00, 0xF0, 0x00, 0xBC, 0x00, 0x00, 0x7C,
    0x00, 0x2F, 0x00, 0x00, 0x3E, 0x00, 0x0B, 0xC0, 0x00, 0x2F, 0x00, 0x02, 0xF0, 0x00, 0x7F, 0xC0,
    0x00, 0xBC, 0x01, 0xFF, 0xC0, 0x00, 0x3F, 0x00, 0x3F, 0xD0, 0x00, 0xBF, 0xE6, 0x0B, 0x80, 0x00,
    0x7F, 0xFF, 0xC0, 0x00, 0x00, 0x00, 0x00, 0x00, 0x05, 0x04, 0x00, 0x00, 0x01, 0x45, 0x42, 0xFF,
    0xE0, 0x00, 0x00, 0x3F, 0xFC, 0x01, 0xFF, 0x00, 0x00, 0x0B, 0xF8, 0x00, 0x0F, 0xF4, 0x00, 0x00,
    0xFF, 0x00, 0x00, 0xFF, 0x80, 0x00, 0x0F, 0xF0, 0x00, 0x0E, 0xFC, 0x00, 0x02, 0xDF, 0x00, 0x00,
    0xEB, 0xD0, 0x00, 0x3C, 0xF0, 0x00, 0x0D, 0x3E, 0x00, 0x07, 0x4F, 0x40, 0x00, 0xD3, 0xF0, 0x00,
    0xB0, 0xF4, 0x00, 0x1D, 0x1F, 0x40, 0x0E, 0x0F, 0x40, 0x01, 0xC0, 0xF8, 0x01, 0xD0, 0xF4, 0x00,
    0x1C, 0x0B, 0xC0, 0x2C, 0x0F, 0x80, 0x02, 0xC0, 0x7D, 0x03, 0x80, 0xB8, 0x00, 0x2C, 0x03, 0xE0,
    0x74, 0x0B, 0x80, 0x03, 0xC0, 0x2F, 0x0F, 0x00, 0xBC, 0x00, 0x3C, 0x01, 0xF4, 0xE0, 0x07, 0xC0,
    0x03, 0x80, 0x0F, 0xDC, 0x00, 0x7C, 0x00, 0x38, 0x00, 0xBF, 0xC0, 0x07, 0xC0, 0x03, 0x80, 0x03,
    0xF4, 0x00, 0x7C, 0x00, 0x74, 0x00, 0x3F, 0x00, 0x07, 0xD0, 0x2F, 0xD4, 0x02, 0xE0, 0x01, 0xFF,
    0x97, 0xFF, 0xC0, 0x0D, 0x00, 0x7F, 0xFD, 0x00, 0x00, 0x00, 0x40, 0x00, 0x00, 0x00, 0x05, 0x05,
    0x40, 0x01, 0x45, 0x50, 0xBF, 0xFE, 0x00, 0x1F, 0xFF, 0xC0, 0x2F, 0xD0, 0x00, 0x0B, 0xF4, 0x00,
    0x7E, 0x00, 0x00, 0x0F, 0x80, 0x00, 0xF8, 0x00, 0x00, 0x3E, 0x00, 0x03, 0xD0, 0x00, 0x00, 0xF8,
    0x00, 0x0F, 0x40, 0x00, 0x03, 0xE0, 0x00, 0x3D, 0x00, 0x00, 0x0F, 0x40, 0x00, 0xF4, 0x00, 0x00,
    0x3D, 0x00, 0x03, 0xD0, 0x00, 0x00, 0xF4, 0x00, 0x1F, 0xAA, 0xAA, 0xBF, 0xD0, 0x00, 0x7F, 0xFF,
    0xFF, 0xFF, 0x40, 0x01, 0xF4, 0x00, 0x00, 0x3D, 0x00, 0x07, 0xC0, 0x00, 0x00, 0xF4, 0x00, 0x1F,
    0x00, 0x00, 0x03, 0xD0, 0x00, 0x7C, 0x00, 0x00, 0x0F, 0x00, 0x01, 0xF0, 0x00, 0x00, 0x3C, 0x00,
    0x07, 0xC0, 0x00, 0x00, 0xF0, 0x00, 0x1F, 0x00, 0x00, 0x07, 0xC0, 0x00, 0xBC, 0x00, 0x00, 0x1F,
    0x40, 0x0B, 0xFD, 0x80, 0x06, 0xFF, 0xA0, 0xFF, 0xFF, 0x00, 0x3F, 0xFF, 0xC1, 0x00, 0x00, 0x00,
    0x00, 0x00, 0x00, 0x00, 0x00, 0x1A, 0x90, 0x00, 0x00, 0x01, 0xFF, 0xFF, 0x80, 0x00, 0x03, 0xF9,
    0x6F, 0xFD, 0x00, 0x07, 0xE0, 0x00, 0x3F, 0xD0, 0x03, 0xD0, 0x00, 0x03, 0xFC, 0x03, 0xE0, 0x00,
    0x00, 0x3F, 0x81, 0xF0, 0x00, 0x00, 0x0B, 0xF0, 0xFC, 0x00, 0x00, 0x00, 0xFD, 0x3D, 0x00, 0x00,
    0x00, 0x2F, 0x9F, 0x40, 0x00, 0x00, 0x07, 0xEB, 0xD0, 0x00, 0x00, 0x01, 0xFA, 0xF0, 0x00, 0x00,
    0x00, 0x7E, 0xBD, 0x00, 0x00, 0x00, 0x1F, 0xAF, 0x40, 0x00, 0x00, 0x07, 0xD7, 0xE0, 0x00, 0x00,
    0x02, 0xF0, 0xFC, 0x00, 0x00, 0x00, 0xFC, 0x3F, 0x40, 0x00, 0x00, 0x3D, 0x07, 0xF0, 0x00, 0x00,
    0x2E, 0x00, 0xFE, 0x00, 0x00, 0x1F, 0x00, 0x0F, 0xF0, 0x00, 0x2F, 0x00, 0x00, 0xFF, 0x95, 0xBE,
    0x00, 0x00, 0x07, 0xFF, 0xF8, 0x00, 0x00, 0x00, 0x05, 0x40, 0x00, 0x00, 0x05, 0x00, 0x00, 0x00,
    0x05, 0x43, 0xFF, 0xFF, 0xFF, 0xFF, 0xFC, 0x02, 0xFF, 0xAA, 0xAB, 0xFD, 0x00, 0x1F, 0x80, 0x00,
    0x1F, 0x80, 0x00, 0xF8, 0x00, 0x01, 0xF4, 0x00, 0x0F, 0x40, 0x00, 0x1F, 0x40, 0x00, 0xF4, 0x00,
    0x01, 0xF4, 0x00, 0x0F, 0x40, 0x00, 0x1F, 0x40, 0x00, 0xF4, 0x00, 0x01, 0xF4, 0x00, 0x0F, 0x40,
    0x00, 0x1F, 0x00, 0x01, 0xF4, 0x00, 0x01, 0xF0, 0x00, 0x1F, 0x00, 0x00, 0x1F, 0x00, 0x01, 0xF0,
    0x00, 0x01, 0xF0, 0x00, 0x1F, 0x00, 0x00, 0x1F, 0x00, 0x01, 0xF0, 0x00, 0x01, 0xF0, 0x00, 0x1F,
    0x00, 0x00, 0x1F, 0x00, 0x01, 0xF0, 0x00, 0x01, 0xF0, 0x00, 0x1F, 0x00, 0x00, 0x1F, 0x00, 0x01,
    0xF0, 0x00, 0x01, 0xF0, 0x00, 0x2F, 0x00, 0x00, 0x2F, 0x00, 0x0B, 0xFD, 0x80, 0x1F, 0xFD, 0x43,
    0xFF, 0xFC, 0x03, 0xFF, 0xFC, 0x10, 0x00, 0x00, 0x00, 0x00, 0x00, 0x14, 0x05, 0x50, 0x00, 0xBF,
    0xFF, 0xFF, 0x80, 0x0B, 0xF5, 0x6F, 0xF0, 0x07, 0xE0, 0x02, 0xFC, 0x03, 0xE0, 0x00, 0xFD, 0x03,
    0xD0, 0x00, 0x7D, 0x03, 0xD0, 0x00, 0x7E, 0x03, 0xD0, 0x00, 0x3E, 0x03, 0xD0, 0x00, 0x7D, 0x03,
    0xD0, 0x00, 0xBC, 0x07, 0xD0, 0x00, 0xF0, 0x07, 0xD0, 0x03, 0xD0, 0x07, 0xFF, 0xBF, 0x00, 0x07,
    0xFF, 0xE4, 0x00, 0x07, 0xC0, 0x00, 0x00, 0x07, 0xC0, 0x00, 0x00, 0x07, 0xC0, 0x00, 0x00, 0x07,
    0xC0, 0x00, 0x00, 0x07, 0xC0, 0x00, 0x00, 0x0B, 0xC0, 0x00, 0x00, 0x2F, 0xF5, 0x00, 0x00, 0xFF,
    0xFF, 0x00, 0x00, 0x00, 0x00, 0x00, 0x00, 0x00, 0x00, 0x1A, 0xA5, 0x00, 0x00, 0x1F, 0xFF, 0xFF,
    0x80, 0x03, 0xF9, 0x57, 0xFE, 0x00, 0x3E, 0x00, 0x01, 0xF4, 0x03, 0xE0, 0x00, 0x02, 0xD0, 0x3F,
    0x00, 0x00, 0x07, 0x01, 0xF0, 0x00, 0x00, 0x1C, 0x0F, 0xC0, 0x00, 0x00, 0x00, 0x3E, 0x00, 0x00,
    0x00, 0x01, 0xF4, 0x00, 0x00, 0x00, 0x0B, 0xD0, 0x00, 0x00, 0x00, 0x2F, 0x40, 0x00, 0x00, 0x00,
    0xBD, 0x00, 0x00, 0x00, 0x02, 0xF8, 0x00, 0x00, 0x00, 0x07, 0xF0, 0x00, 0x00, 0x00, 0x0F, 0xC0,
    0x00, 0x00, 0x08, 0x3F, 0x80, 0x00, 0x00, 0xB0, 0x7F, 0x00, 0x00, 0x03, 0xC0, 0xFF, 0x00, 0x00,
    0x2E, 0x00, 0xFF, 0x00, 0x01, 0xF8, 0x00, 0xFF, 0x95, 0x7F, 0xD0, 0x00, 0x7F, 0xFF, 0xF9, 0x00,
    0x00, 0x05, 0x54, 0x00, 0x00, 0x25, 0x55, 0x55, 0x55, 0x87, 0xFF, 0xFF, 0xFF, 0xFD, 0x7E, 0x41,
    0xF8, 0x1B, 0xD7, 0x80, 0x0F, 0x80, 0x1E, 0x70, 0x00, 0xF4, 0x00, 0xEB, 0x00, 0x0F, 0x40, 0x0E,
    0x50, 0x00, 0xF4, 0x00, 0x40, 0x00, 0x0F, 0x40, 0x00, 0x00, 0x00, 0xF4, 0x00, 0x00, 0x00, 0x0F,
    0x40, 0x00, 0x00, 0x00, 0xF0, 0x00, 0x00, 0x00, 0x0F, 0x00, 0x00, 0x00, 0x00, 0xF0, 0x00, 0x00,
    0x00, 0x0F, 0x00, 0x00, 0x00, 0x00, 0xF0, 0x00, 0x00, 0x00, 0x0F, 0x00, 0x00, 0x00, 0x00, 0xF0,
    0x00, 0x00, 0x00, 0x1F, 0x00, 0x00, 0x00, 0x01, 0xF0, 0x00, 0x00, 0x00, 0x2F, 0x40, 0x00, 0x00,
    0x1B, 0xFE, 0x50, 0x00, 0x0B, 0xFF, 0xFE, 0x00, 0x00, 0x00, 0x00, 0x00, 0x00, 0x14, 0x55, 0x00,
    0x14, 0x55, 0xFF, 0xFC, 0x01, 0xFF, 0xF2, 0xFF, 0x40, 0x00, 0x7F, 0x42, 0xF8, 0x00, 0x00, 0xB4,
    0x03, 0xF0, 0x00, 0x03, 0xC0, 0x07, 0xD0, 0x00, 0x1D, 0x00, 0x0F, 0xC0, 0x00, 0xF0, 0x00, 0x0F,
    0x80, 0x07, 0x40, 0x00, 0x2F, 0x00, 0x2C, 0x00, 0x00, 0x3E, 0x00, 0xD0, 0x00, 0x00, 0xBC, 0x0B,
    0x00, 0x00, 0x00, 0xFC, 0x38, 0x00, 0x00, 0x01, 0xF6, 0xC0, 0x00, 0x00, 0x03, 0xFE, 0x00, 0x00,
    0x00, 0x03, 0xF0, 0x00, 0x00, 0x00, 0x0B, 0xC0, 0x00, 0x00, 0x00, 0x1D, 0x00, 0x00, 0x00, 0x00,
    0xF0, 0x00, 0x00, 0x14, 0x0B, 0x40, 0x00, 0x00, 0xFF, 0xFC, 0x00, 0x00, 0x02, 0xFF, 0xC0, 0x00,
    0x00, 0x0B, 0xF8, 0x00, 0x00, 0x00, 0x00, 0x00, 0x00, 0x00, 0x00, 0x00, 0x01, 0x51, 0x54, 0x00,
    0x00, 0x00, 0x3F, 0xFF, 0x80, 0x00, 0x00, 0x00, 0x7F, 0xC0, 0x00, 0x00, 0x00, 0x02, 0xF4, 0x00,
    0x00, 0x00, 0x00, 0x2F, 0x40, 0x00, 0x00, 0x01, 0xBF, 0xFF, 0xF9, 0x00, 0x01, 0xFE, 0xBF, 0xAF,
    0xFC, 0x00, 0xBC, 0x02, 0xF0, 0x0F, 0xF0, 0x1F, 0x00, 0x2F, 0x00, 0x2F, 0x83, 0xC0, 0x02, 0xF0,
    0x00, 0xFC, 0xBC, 0x00, 0x2F, 0x00, 0x0B, 0xDF, 0xC0, 0x02, 0xF0, 0x00, 0x7D, 0xFC, 0x00, 0x2F,
    0x00, 0x07, 0xDF, 0xC0, 0x02, 0xF0, 0x00, 0x7C, 0xBD, 0x00, 0x2F, 0x00, 0x0B, 0x87, 0xF0, 0x02,
    0xF0, 0x00, 0xF0, 0x3F, 0xC0, 0x2F, 0x00, 0x3D, 0x00, 0xFF, 0x92, 0xF0, 0x6F, 0x40, 0x01, 0xFF,
    0xFF, 0xFF, 0x80, 0x00, 0x00, 0x5B, 0xF5, 0x00, 0x00, 0x00, 0x00, 0x2F, 0x00, 0x00, 0x00, 0x00,
    0x03, 0xF0, 0x00, 0x00, 0x00, 0x01, 0xBF, 0x98, 0x00, 0x00, 0x00, 0x7F, 0xFF, 0xC0, 0x00, 0x00,
    0x01, 0x00, 0x00, 0x00, 0x00, 0x15, 0x41, 0x50, 0x05, 0x45, 0x43, 0xFF, 0xFF, 0x00, 0xFF, 0xFC,
    0x1B, 0xFF, 0x00, 0x02, 0xFE, 0x00, 0x0F, 0xE0, 0x00, 0x1F, 0x00, 0x00, 0x3F, 0x00, 0x03, 0xC0,
    0x00, 0x01, 0xFC, 0x00, 0xB4, 0x00, 0x00, 0x0B, 0xD0, 0x1D, 0x00, 0x00, 0x00, 0x3F, 0x03, 0x80,
    0x00, 0x00, 0x01, 0xF8, 0xF0, 0x00, 0x00, 0x00, 0x0B, 0xFC, 0x00, 0x00, 0x00, 0x00, 0x3F, 0x40,
    0x00, 0x00, 0x00, 0x01, 0xFC, 0x00, 0x00, 0x00, 0x00, 0x3F, 0xD0, 0x00, 0x00, 0x00, 0x0F, 0x3F,
    0x00, 0x00, 0x00, 0x03, 0xC1, 0xFC, 0x00, 0x00, 0x00, 0xB4, 0x0B, 0xE0, 0x00, 0x00, 0x1E, 0x00,
    0x3F, 0x00, 0x00, 0x07, 0xC0, 0x01, 0xFC, 0x00, 0x01, 0xF0, 0x00, 0x0B, 0xE0, 0x00, 0x7F, 0x00,
    0x00, 0x7F, 0x80, 0x3F, 0xF9, 0x00, 0x1F, 0xFF, 0x9B, 0xFF, 0xE0, 0x0F, 0xFF, 0xFE, 0x00, 0x00,
    0x00, 0x00, 0x00, 0x00, 0x14, 0x55, 0x40, 0x05, 0x15, 0x43, 0xFF, 0xF8, 0x02, 0xFF, 0xF8, 0x07,
    0xFC, 0x00, 0x03, 0xFC, 0x00, 0x2F, 0x40, 0x00, 0x1F, 0x40, 0x02, 0xF0, 0x00, 0x01, 0xF4, 0x00,
    0x2F, 0x00, 0x00, 0x1F, 0x40, 0x02, 0xF0, 0x00, 0x01, 0xF4, 0x00, 0x2F, 0x00, 0x00, 0x1F, 0x40,
    0x02, 0xF0, 0x00, 0x01, 0xF0, 0x00, 0x2F, 0x00, 0x00, 0x1F, 0x00, 0x02, 0xF0, 0x00, 0x01, 0xF0,
    0x00, 0x2F, 0x00, 0x00, 0x1F, 0x00, 0x02, 0xF0, 0x00, 0x01, 0xF0, 0x00, 0x2F, 0x00, 0x00, 0x1F,
    0x00, 0x02, 0xF0, 0x00, 0x01, 0xF0, 0x00, 0x2F, 0x00, 0x00, 0x1F, 0x00, 0x02, 0xE0, 0x00, 0x01,
    0xF0, 0x00, 0x2E, 0x00, 0x00, 0x1F, 0x00, 0x02, 0xF0, 0x00, 0x02, 0xF0, 0x00, 0x3F, 0x00, 0x00,
    0x3F, 0x00, 0x1B, 0xFE, 0xAA, 0xAF, 0xFE, 0x83, 0xFF, 0xFF, 0xFF, 0xFF, 0xFC, 0x00, 0x00, 0x00,
    0x00, 0x0B, 0xC0, 0x00, 0x00, 0x00, 0x00, 0x3C, 0x00, 0x00, 0x00, 0x00, 0x02, 0xD0, 0x00, 0x00,
    0x00, 0x00, 0x2D, 0x00, 0x00, 0x00, 0x00, 0x02, 0xD0, 0x00, 0x00, 0x00, 0x00, 0x00, 0x14, 0x54,
    0x01, 0x41, 0x52, 0xFF, 0xF4, 0x1F, 0xFF, 0xC1, 0xFE, 0x00, 0x0B, 0xF4, 0x02, 0xF0, 0x00, 0x0F,
    0xC0, 0x0B, 0xC0, 0x00, 0x3E, 0x00, 0x2F, 0x00, 0x00, 0xF8, 0x00, 0xBC, 0x00, 0x03, 0xE0, 0x02,
    0xF0, 0x00, 0x0F, 0x80, 0x0B, 0xC0, 0x00, 0x3E, 0x00, 0x1F, 0x80, 0x00, 0xF4, 0x00, 0x3F, 0x40,
    0x03, 0xD0, 0x00, 0x7F, 0x91, 0xBF, 0x40, 0x00, 0x3F, 0xFF, 0xFD, 0x00, 0x00, 0x05, 0x50, 0xF4,
    0x00, 0x00, 0x00, 0x03, 0xD0, 0x00, 0x00, 0x00, 0x0F, 0x40, 0x00, 0x00, 0x00, 0x3D, 0x00, 0x00,
    0x00, 0x00, 0xF4, 0x00, 0x00, 0x00, 0x03, 0xD0, 0x00, 0x00, 0x00, 0x1F, 0x40, 0x00, 0x00, 0x06,
    0xFF, 0xA0, 0x00, 0x00, 0x3F, 0xFF, 0xC0, 0x00, 0x00, 0x00, 0x00, 0x00, 0x14, 0x55, 0x00, 0x14,
    0x55, 0x00, 0x51, 0x54, 0x7F, 0xFF, 0x40, 0xFF, 0xFF, 0x01, 0xFF, 0xFC, 0x07, 0xF8, 0x00, 0x1F,
    0xF4, 0x00, 0x1F, 0xD0, 0x03, 0xF0, 0x00, 0x0B, 0xD0, 0x00, 0x0F, 0xC0, 0x03, 0xF0, 0x00, 0x0B,
    0xD0, 0x00, 0x0F, 0xC0, 0x03, 0xE0, 0x00, 0x0B, 0xC0, 0x00, 0x0F, 0x80, 0x03, 0xE0, 0x00, 0x0B,
    0xC0, 0x00, 0x0F, 0x80, 0x03, 0xE0, 0x00, 0x0B, 0xC0, 0x00, 0x0F, 0x80, 0x03, 0xE0, 0x00, 0x0B,
    0xC0, 0x00, 0x0F, 0x80, 0x03, 0xE0, 0x00, 0x0B, 0xC0, 0x00, 0x0F, 0x80, 0x03, 0xE0, 0x00, 0x0B,
    0xC0, 0x00, 0x0F, 0x80, 0x03, 0xD0, 0x00, 0x0B, 0xC0, 0x00, 0x0F, 0x40, 0x03, 0xD0, 0x00, 0x0B,
    0xC0, 0x00, 0x0F, 0x40, 0x03, 0xD0, 0x00, 0x0B, 0xC0, 0x00, 0x0F, 0x40, 0x03, 0xD0, 0x00, 0x0B,
    0xC0, 0x00, 0x0F, 0x40, 0x03, 0xD0, 0x00, 0x0B, 0xC0, 0x00, 0x0F, 0x40, 0x03, 0xD0, 0x00, 0x0B,
    0xC0, 0x00, 0x0F, 0x40, 0x03, 0xD0, 0x00, 0x0B, 0xC0, 0x00, 0x0F, 0x40, 0x03, 0xD0, 0x00, 0x0B,
    0xC0, 0x00, 0x0F, 0x40, 0x07, 0xE0, 0x00, 0x0F, 0xC0, 0x00, 0x2F, 0x40, 0x1F, 0xFA, 0xAA, 0xBF,
    0xFA, 0xAA, 0xFF, 0xD4, 0xBF, 0xFF, 0xFF, 0xFF, 0xFF, 0xFF, 0xFF, 0xFC, 0x00, 0x00, 0x00, 0x00,
    0x00, 0x00, 0x00, 0x00, 0x04, 0x15, 0x40, 0x14, 0x55, 0x00, 0x11, 0x54, 0x0F, 0xFF, 0xE0, 0x1F,
    0xFF, 0xC0, 0x3F, 0xFF, 0x40, 0x7F, 0xC0, 0x00, 0xBF, 0x40, 0x01, 0xFF, 0x00, 0x0B, 0xD0, 0x00,
    0x0F, 0xC0, 0x00, 0x2F, 0x40, 0x02, 0xF0, 0x00, 0x03, 0xE0, 0x00, 0x0B, 0xC0, 0x00, 0xBC, 0x00,
    0x00, 0xF8, 0x00, 0x02, 0xF0, 0x00, 0x2F, 0x00, 0x00, 0x3E, 0x00, 0x00, 0xBC, 0x00, 0x0B, 0xC0,
    0x00, 0x0F, 0x80, 0x00, 0x2F, 0x00, 0x02, 0xF0, 0x00, 0x03, 0xE0, 0x00, 0x0B, 0xC0, 0x00, 0xBC,
    0x00, 0x00, 0xF4, 0x00, 0x02, 0xF0, 0x00, 0x2F, 0x00, 0x00, 0x3D, 0x00, 0x00, 0xBC, 0x00, 0x0B,
    0xC0, 0x00, 0x0F, 0x40, 0x00, 0x2F, 0x00, 0x02, 0xF0, 0x00, 0x03, 0xD0, 0x00, 0x0B, 0xC0, 0x00,
    0xBC, 0x00, 0x00, 0xF4, 0x00, 0x02, 0xF0, 0x00, 0x2F, 0x00, 0x00, 0x3D, 0x00, 0x00, 0xBC, 0x00,
    0x0B, 0xC0, 0x00, 0x0F, 0x40, 0x00, 0x2F, 0x00, 0x02, 0xF0, 0x00, 0x03, 0xD0, 0x00, 0x0B, 0xC0,
    0x00, 0xBC, 0x00, 0x00, 0xF4, 0x00, 0x02, 0xF0, 0x00, 0x2F, 0x00, 0x00, 0x3D, 0x00, 0x00, 0xBC,
    0x00, 0x0F, 0xC0, 0x00, 0x2F, 0x40, 0x00, 0x3F, 0x00, 0x1B, 0xFE, 0xAA, 0xBF, 0xFA, 0xAA, 0xBF,
    0xFA, 0x0F, 0xFF, 0xFF, 0xFF, 0xFF, 0xFF, 0xFF, 0xFF, 0xC0, 0x00, 0x00, 0x00, 0x00, 0x00, 0x00,
    0x07, 0xF0, 0x00, 0x00, 0x00, 0x00, 0x00, 0x00, 0x00, 0x3C, 0x00, 0x00, 0x00, 0x00, 0x00, 0x00,
    0x00, 0x0F, 0x00, 0x00, 0x00, 0x00, 0x00, 0x00, 0x00, 0x03, 0xC0, 0x00, 0x00, 0x00, 0x00, 0x00,
    0x00, 0x00, 0xB0, 0x00, 0x00, 0x00, 0x00, 0x00, 0x00, 0x00, 0x00, 0x25, 0x50, 0x55, 0x00, 0x00,
    0x7F, 0xFF, 0xFF, 0x00, 0x00, 0x7D, 0x47, 0xF8, 0x00, 0x00, 0x74, 0x03, 0xF0, 0x00, 0x00, 0xB0,
    0x03, 0xE0, 0x00, 0x00, 0xB0, 0x03, 0xE0, 0x00, 0x00, 0x50, 0x03, 0xE0, 0x00, 0x00, 0x00, 0x03,
    0xE0, 0x00, 0x00, 0x00, 0x03, 0xE0, 0x00, 0x00, 0x00, 0x03, 0xE0, 0x00, 0x00, 0x00, 0x03, 0xFF,
    0xE9, 0x00, 0x00, 0x03, 0xFF, 0xFF, 0xD0, 0x00, 0x03, 0xE0, 0x07, 0xF4, 0x00, 0x03, 0xD0, 0x00,
    0xFC, 0x00, 0x03, 0xD0, 0x00, 0xBD, 0x00, 0x03, 0xD0, 0x00, 0x7E, 0x00, 0x03, 0xD0, 0x00, 0x3E,
    0x00, 0x03, 0xD0, 0x00, 0x7D, 0x00, 0x03, 0xD0, 0x00, 0xBC, 0x00, 0x07, 0xE0, 0x01, 0xF4, 0x00,
    0x6F, 0xF9, 0x5B, 0xD0, 0x01, 0xFF, 0xFF, 0xFE, 0x00, 0x00, 0x00, 0x01, 0x40, 0x00, 0x05, 0x15,
    0x40, 0x00, 0x05, 0x05, 0x43, 0xFF, 0xF8, 0x00, 0x03, 0xFF, 0xFC, 0x03, 0xFC, 0x00, 0x00, 0x02,
    0xFD, 0x00, 0x2F, 0x40, 0x00, 0x00, 0x0F, 0x80, 0x02, 0xF0, 0x00, 0x00, 0x00, 0xF8, 0x00, 0x2F,
    0x00, 0x00, 0x00, 0x0F, 0x80, 0x02, 0xF0, 0x00, 0x00, 0x00, 0xF8, 0x00, 0x2F, 0x00, 0x00, 0x00,
    0x0F, 0x40, 0x02, 0xF0, 0x00, 0x00, 0x00, 0xF4, 0x00, 0x2F, 0x00, 0x00, 0x00, 0x0F, 0x40, 0x02,
    0xFF, 0xF9, 0x00, 0x00, 0xF4, 0x00, 0x2F, 0xFF, 0xFE, 0x00, 0x0F, 0x40, 0x02, 0xF0, 0x07, 0xF8,
    0x00, 0xF4, 0x00, 0x2F, 0x00, 0x0F, 0xD0, 0x0F, 0x00, 0x02, 0xF0, 0x00, 0x7E, 0x00, 0xF0, 0x00,
    0x2F, 0x00, 0x03, 0xF0, 0x0F, 0x00, 0x02, 0xF0, 0x00, 0x3E, 0x00, 0xF0, 0x00, 0x2F, 0x00, 0x03,
    0xE0, 0x0F, 0x00, 0x02, 0xF0, 0x00, 0x7C, 0x01, 0xF0, 0x00, 0x3F, 0x00, 0x0F, 0x80, 0x2F, 0x40,
    0x1B, 0xFE, 0x5B, 0xE0, 0x0B, 0xFE, 0x83, 0xFF, 0xFF, 0xF4, 0x03, 0xFF, 0xFD, 0x10, 0x00, 0x40,
    0x00, 0x10, 0x00, 0x00, 0x05, 0x15, 0x40, 0x00, 0x0F, 0xFF, 0xF0, 0x00, 0x00, 0x2F, 0xD0, 0x00,
    0x00, 0x07, 0xD0, 0x00, 0x00, 0x01, 0xF4, 0x00, 0x00, 0x00, 0x7D, 0x00, 0x00, 0x00, 0x1F, 0x40,
    0x00, 0x00, 0x07, 0xD0, 0x00, 0x00, 0x01, 0xF4, 0x00, 0x00, 0x00, 0x7C, 0x00, 0x00, 0x00, 0x1F,
    0xFF, 0xA4, 0x00, 0x07, 0xFF, 0xFF, 0xD0, 0x01, 0xF0, 0x02, 0xFD, 0x00, 0x7C, 0x00, 0x1F, 0xC0,
    0x1F, 0x00, 0x02, 0xF4, 0x07, 0xC0, 0x00, 0x7D, 0x01, 0xF0, 0x00, 0x1F, 0x40, 0x7C, 0x00, 0x07,
    0xD0, 0x1F, 0x00, 0x03, 0xF0, 0x0B, 0xD0, 0x01, 0xF4, 0x1B, 0xFE, 0x57, 0xF4, 0x0F, 0xFF, 0xFF,
    0xE0, 0x01, 0x00, 0x05, 0x00, 0x00, 0x01, 0x6A, 0x50, 0x00, 0x07, 0xFF, 0xFF, 0xF4, 0x00, 0x7F,
    0x55, 0x7F, 0xE0, 0x07, 0xC0, 0x00, 0x7F, 0xC0, 0x74, 0x00, 0x00, 0xFE, 0x07, 0x00, 0x00, 0x03,
    0xF0, 0xB0, 0x00, 0x00, 0x2F, 0x80, 0x00, 0x00, 0x01, 0xFC, 0x00, 0x00, 0x00, 0x0F, 0xC0, 0x00,
    0x00, 0x00, 0xFC, 0x00, 0xBF, 0xAF, 0xFF, 0xC0, 0x0F, 0xFF, 0xFF, 0xFC, 0x00, 0x40, 0x00, 0x0F,
    0xC0, 0x00, 0x00, 0x00, 0xFC, 0x00, 0x00, 0x00, 0x0F, 0x80, 0x00, 0x00, 0x00, 0xF4, 0xB0, 0x00,
    0x00, 0x2F, 0x0B, 0x00, 0x00, 0x03, 0xD0, 0xB4, 0x00, 0x00, 0xF8, 0x0B, 0xC0, 0x00, 0x7E, 0x00,
    0xBF, 0xAA, 0xBF, 0x40, 0x07, 0xFF, 0xFE, 0x40, 0x00, 0x00, 0x54, 0x00, 0x00, 0x00, 0x05, 0x05,
    0x40, 0x00, 0x01, 0xA9, 0x00, 0x00, 0xBF, 0xFE, 0x00, 0x00, 0xBF, 0xFF, 0xD0, 0x00, 0x2F, 0xD0,
    0x00, 0x1F, 0xE5, 0xBF, 0xE0, 0x00, 0x7E, 0x00, 0x01, 0xF4, 0x00, 0x2F, 0xE0, 0x00, 0xF8, 0x00,
    0x1F, 0x00, 0x00, 0x2F, 0xD0, 0x03, 0xD0, 0x00, 0xF4, 0x00, 0x00, 0x3F, 0xC0, 0x0F, 0x40, 0x0B,
    0xC0, 0x00, 0x00, 0x3F, 0x40, 0x3D, 0x00, 0x3E, 0x00, 0x00, 0x00, 0xFE, 0x00, 0xF4, 0x01, 0xF4,
    0x00, 0x00, 0x01, 0xFC, 0x03, 0xD0, 0x0B, 0xC0, 0x00, 0x00, 0x03, 0xF0, 0x1F, 0xAA, 0xBF, 0x00,
    0x00, 0x00, 0x0F, 0xC0, 0x7F, 0xFF, 0xFC, 0x00, 0x00, 0x00, 0x3F, 0x01, 0xF4, 0x03, 0xF0, 0x00,
    0x00, 0x00, 0xFC, 0x07, 0xC0, 0x0F, 0xC0, 0x00, 0x00, 0x03, 0xE0, 0x1F, 0x00, 0x2F, 0x40, 0x00,
    0x00, 0x0F, 0x40, 0x7C, 0x00, 0x7E, 0x00, 0x00, 0x00, 0xBC, 0x01, 0xF0, 0x00, 0xFC, 0x00, 0x00,
    0x03, 0xE0, 0x07, 0xC0, 0x02, 0xF8, 0x00, 0x00, 0x1F, 0x00, 0x1F, 0x00, 0x03, 0xF4, 0x00, 0x00,
    0xF4, 0x00, 0xBC, 0x00, 0x07, 0xF8, 0x00, 0x1F, 0x40, 0x0B, 0xFD, 0x80, 0x07, 0xFE, 0x57, 0xF0,
    0x00, 0xFF, 0xFF, 0x00, 0x02, 0xFF, 0xFD, 0x00, 0x01, 0x00, 0x00, 0x00, 0x00, 0x55, 0x00, 0x00,
    0x00, 0x00, 0x00, 0x05, 0x51, 0x50, 0x00, 0x0B, 0xFF, 0xFF, 0xD0, 0x02, 0xF4, 0x0B, 0xF8, 0x00,
    0x1F, 0x00, 0x0F, 0xC0, 0x00, 0xF4, 0x00, 0x3F, 0x00, 0x07, 0xC0, 0x00, 0xFC, 0x00, 0x2F, 0x00,
    0x03, 0xF0, 0x00, 0xBD, 0x00, 0x0F, 0xC0, 0x01, 0xF8, 0x00, 0x3E, 0x00, 0x03, 0xF0, 0x00, 0xF8,
    0x00, 0x07, 0xF4, 0x03, 0xE0, 0x00, 0x03, 0xFE, 0x5F, 0x80, 0x00, 0x01, 0xFF, 0xFE, 0x00, 0x00,
    0x07, 0xC0, 0xF8, 0x00, 0x00, 0x3D, 0x03, 0xE0, 0x00, 0x02, 0xF0, 0x0F, 0x80, 0x00, 0x1F, 0x40,
    0x3E, 0x00, 0x00, 0xFC, 0x00, 0xF8, 0x00, 0x0B, 0xD0, 0x03, 0xE0, 0x00, 0x7F, 0x00, 0x0F, 0x80,
    0x1B, 0xF0, 0x01, 0xFF, 0x96, 0xFF, 0x40, 0x2F, 0xFF, 0xE1, 0x50, 0x00, 0x00, 0x00, 0x00, 0x00,
    0x15, 0x00, 0x00, 0x07, 0xFF, 0x80, 0x01, 0xFF, 0xFF, 0x40, 0x0E, 0x00, 0xBF, 0x00, 0x00, 0x00,
    0xFC, 0x00, 0x00, 0x02, 0xF0, 0x00, 0x00, 0x0B, 0xC0, 0x00, 0x00, 0x2F, 0x00, 0x00, 0x1B, 0xF8,
    0x00, 0x2F, 0xE6, 0xE0, 0x03, 0xE0, 0x0B, 0x80, 0x2F, 0x00, 0x3D, 0x00, 0xBC, 0x00, 0xF4, 0x01,
    0xF8, 0x1F, 0xE0, 0x83, 0xFF, 0xD7, 0xFE, 0x03, 0xFC, 0x0F, 0xE0, 0x00, 0x00, 0x05, 0x00, 0x00,
    0x00, 0x00, 0x10, 0x00, 0x00, 0x00, 0xB0, 0x00, 0x00, 0x6F, 0xF0, 0x00, 0x07, 0xFF, 0xD0, 0x00,
    0x2F, 0xFE, 0x40, 0x00, 0xFE, 0x00, 0x00, 0x02, 0xD0, 0x00, 0x00, 0x07, 0x40, 0x00, 0x00, 0x0F,
    0x00, 0x00, 0x00, 0x0E, 0x01, 0x50, 0x00, 0x1E, 0x1F, 0xFE, 0x00, 0x2E, 0xF9, 0x7F, 0xC0, 0x3F,
    0xC0, 0x0B, 0xF0, 0x3F, 0x40, 0x03, 0xF4, 0x3F, 0x00, 0x01, 0xFC, 0x3E, 0x00, 0x00, 0xFC, 0x3E,
    0x00, 0x00, 0xBC, 0x3E, 0x00, 0x00, 0xBC, 0x3E, 0x00, 0x00, 0xBC, 0x2F, 0x00, 0x00, 0xBC, 0x1F,
    0x00, 0x00, 0xF4, 0x0F, 0x80, 0x01, 0xF0, 0x07, 0xD0, 0x03, 0xD0, 0x02, 0xF9, 0x5F, 0x40, 0x00,
    0xBF, 0xFD, 0x00, 0x00, 0x05, 0x40, 0x00, 0x00, 0x00, 0x00, 0x03, 0xFF, 0xFF, 0x80, 0x1B, 0xD5,
    0xBF, 0x00, 0x7C, 0x01, 0xF4, 0x07, 0xC0, 0x0F, 0x40, 0x7C, 0x00, 0xF4, 0x07, 0xC0, 0x1E, 0x00,
    0x7D, 0x5B, 0x80, 0x07, 0xFF, 0xF8, 0x00, 0x7C, 0x07, 0xF8, 0x07, 0xC0, 0x0B, 0xC0, 0x7C, 0x00,
    0x3D, 0x07, 0xC0, 0x03, 0xD0, 0xBC, 0x00, 0xBC, 0x1F, 0xE5, 0x6F, 0x0B, 0xFF, 0xFF, 0x80, 0x00,
    0x00, 0x00, 0x00, 0x00, 0x00, 0x00, 0x0F, 0xFF, 0xFF, 0xD1, 0xBE, 0x5A, 0xF0, 0x1F, 0x00, 0x2C,
    0x07, 0xC0, 0x0B, 0x01, 0xF0, 0x02, 0xC0, 0x7C, 0x00, 0x00, 0x1F, 0x00, 0x00, 0x07, 0xC0, 0x00,
    0x01, 0xF0, 0x00, 0x00, 0x7C, 0x00, 0x00, 0x1F, 0x00, 0x00, 0x07, 0xC0, 0x00, 0x02, 0xF0, 0x00,
    0x01, 0xFE, 0x50, 0x01, 0xFF, 0xF8, 0x00, 0x00, 0x00, 0x00, 0x00, 0x00, 0x00, 0x00, 0x00, 0x00,
    0xBF, 0xFF, 0xFF, 0x80, 0x06, 0xFA, 0xBF, 0x40, 0x00, 0x38, 0x0F, 0xC0, 0x00, 0x0E, 0x03, 0xE0,
    0x00, 0x03, 0x80, 0xF8, 0x00, 0x00, 0xD0, 0x3E, 0x00, 0x00, 0x34, 0x0F, 0x80, 0x00, 0x1C, 0x03,
    0xE0, 0x00, 0x0B, 0x00, 0xF4, 0x00, 0x03, 0x80, 0x3D, 0x00, 0x01, 0xD0, 0x0F, 0x40, 0x00, 0xF0,
    0x03, 0xD0, 0x00, 0xB0, 0x00, 0xF4, 0x01, 0xFD, 0x56, 0xFF, 0x50, 0xFF, 0xFF, 0xFF, 0xFC, 0x3E,
    0x00, 0x00, 0x2F, 0x0F, 0x00, 0x00, 0x03, 0xC3, 0xC0, 0x00, 0x00, 0xB0, 0xE0, 0x00, 0x00, 0x1C,
    0x10, 0x00, 0x00, 0x01, 0x00, 0x00, 0x05, 0x40, 0x00, 0x2F, 0xFF, 0x00, 0x3E, 0x5B, 0xF0, 0x3C,
    0x00, 0xBD, 0x1E, 0x00, 0x1F, 0x8F, 0x00, 0x07, 0xE7, 0xFF, 0xFF, 0xFA, 0xF5, 0x55, 0x54, 0xBC,
    0x00, 0x00, 0x2F, 0x00, 0x00, 0x0B, 0xC0, 0x00, 0x01, 0xF8, 0x00, 0x00, 0x3F, 0x00, 0x00, 0x07,
    0xF4, 0x01, 0xC0, 0xBF, 0xFF, 0xE0, 0x07, 0xFF, 0xD0, 0x00, 0x05, 0x00, 0x00, 0x00, 0x00, 0x00,
    0x00, 0x00, 0x00, 0x07, 0xE0, 0x07, 0xFF, 0x80, 0x2F, 0x42, 0xFF, 0x00, 0x7F, 0x80, 0x2F, 0xE0,
    0x66, 0xE0, 0x0B, 0xC0, 0x1E, 0x64, 0x00, 0x1C, 0x02, 0xF0, 0x0E, 0x00, 0x00, 0x03, 0x80, 0xBC,
    0x0B, 0x00, 0x00, 0x00, 0x34, 0x2F, 0x07, 0x40, 0x00, 0x00, 0x0B, 0x5B, 0xD7, 0xC0, 0x00, 0x00,
    0x03, 0xFF, 0xFF, 0xF4, 0x00, 0x00, 0x03, 0xF0, 0xB8, 0x2F, 0x00, 0x00, 0x02, 0xF0, 0x2E, 0x03,
    0xE0, 0x00, 0x00, 0xF8, 0x0B, 0x80, 0xBC, 0x00, 0x00, 0xBC, 0x02, 0xE0, 0x0F, 0xC0, 0x00, 0x7D,
    0x00, 0xB8, 0x01, 0xF4, 0x00, 0xBF, 0x00, 0xBF, 0x50, 0x3F, 0x80, 0xFF, 0x00, 0xBF, 0xF8, 0x03,
    0xFC, 0x01, 0x00, 0x00, 0x00, 0x00, 0x14, 0x00, 0x00, 0x00, 0x01, 0xFF, 0xFD, 0x0B, 0xE6, 0xFD,
    0x2C, 0x00, 0xFC, 0xB0, 0x02, 0xF1, 0x40, 0x0B, 0x80, 0x00, 0x3C, 0x00, 0x57, 0xC0, 0x07, 0xFF,
    0x80, 0x00, 0x2F, 0xC0, 0x00, 0x0F, 0x94, 0x00, 0x3F, 0xE0, 0x00, 0xFB, 0xC0, 0x03, 0xDF, 0xD5,
    0xBD, 0x3F, 0xFF, 0x80, 0x00, 0x00, 0x00, 0x00, 0x00, 0x00, 0x00, 0x0F, 0xFF, 0x00, 0xFF, 0xE1,
    0xBE, 0x00, 0x1F, 0xE0, 0x1F, 0x00, 0x02, 0xF0, 0x07, 0xC0, 0x02, 0xFC, 0x01, 0xF0, 0x02, 0xFF,
    0x00, 0x7C, 0x01, 0xE7, 0xC0, 0x1F, 0x01, 0xE1, 0xF0, 0x07, 0xC1, 0xE0, 0x7C, 0x01, 0xF1, 0xE0,
    0x1F, 0x00, 0x7D, 0xE0, 0x07, 0xC0, 0x1F, 0xE0, 0x01, 0xF0, 0x07, 0xF0, 0x00, 0x7C, 0x02, 0xF0,
    0x00, 0x2F, 0x01, 0xFD, 0x40, 0x2F, 0xD5, 0xFF, 0xF0, 0x2F, 0xFF, 0x00, 0x00, 0x00, 0x00, 0x00,
    0x00, 0x60, 0x02, 0x80, 0x00, 0x2E, 0x00, 0xF0, 0x00, 0x03, 0xD0, 0xB8, 0x00, 0x00, 0x2F, 0xE4,
    0x00, 0x00, 0x00, 0x00, 0x00, 0x00, 0x00, 0x00, 0x00, 0x00, 0x00, 0x00, 0x00, 0x00, 0xFF, 0xF0,
    0x0F, 0xFE, 0x1B, 0xE0, 0x01, 0xFE, 0x01, 0xF0, 0x00, 0x2F, 0x00, 0x7C, 0x00, 0x2F, 0xC0, 0x1F,
    0x00, 0x2F, 0xF0, 0x07, 0xC0, 0x1E, 0x7C, 0x01, 0xF0, 0x1E, 0x1F, 0x00, 0x7C, 0x1E, 0x07, 0xC0,
    0x1F, 0x1E, 0x01, 0xF0, 0x07, 0xDE, 0x00, 0x7C, 0x01, 0xFE, 0x00, 0x1F, 0x00, 0x7F, 0x00, 0x07,
    0xC0, 0x2F, 0x00, 0x02, 0xF0, 0x1F, 0xD4, 0x02, 0xFD, 0x5F, 0xFF, 0x02, 0xFF, 0xF0, 0x00, 0x00,
    0x00, 0x00, 0x00, 0x00, 0x00, 0x00, 0x3F, 0xFC, 0x01, 0xF8, 0x1B, 0xE0, 0x0B, 0xFC, 0x07, 0xC0,
    0x1E, 0x58, 0x07, 0xC0, 0x38, 0x00, 0x07, 0xC0, 0x70, 0x00, 0x07, 0xC0, 0xD0, 0x00, 0x07, 0xD6,
    0xC0, 0x00, 0x07, 0xFF, 0xD0, 0x00, 0x07, 0xC2, 0xF0, 0x00, 0x07, 0xC0, 0xFC, 0x00, 0x07, 0xC0,
    0x7D, 0x00, 0x07, 0xC0, 0x3F, 0x00, 0x0B, 0xC0, 0x0F, 0x80, 0x1F, 0xD4, 0x0B, 0xE0, 0x7F, 0xFC,
    0x02, 0xFD, 0x00, 0x00, 0x00, 0x10, 0x00, 0x00, 0x00, 0x00, 0x07, 0xFF, 0xFF, 0xFC, 0x01, 0xBE,
    0xAF, 0xE0, 0x00, 0x2C, 0x0B, 0xC0, 0x00, 0x2C, 0x07, 0xC0, 0x00, 0x3C, 0x07, 0xC0, 0x00, 0x38,
    0x07, 0xC0, 0x00, 0x38, 0x07, 0xC0, 0x00, 0x74, 0x07, 0xC0, 0x00, 0xB0, 0x07, 0xC0, 0x00, 0xF0,
    0x07, 0xC0, 0x01, 0xF0, 0x07, 0x80, 0x07, 0xD0, 0x0B, 0x80, 0x6F, 0xC0, 0x0B, 0xC0, 0xBF, 0x40,
    0x2F, 0xD4, 0x3D, 0x00, 0xBF, 0xFC, 0x10, 0x00, 0x00, 0x00, 0x00, 0x00, 0x00, 0x00, 0x00, 0x0F,
    0xFD, 0x00, 0x02, 0xFF, 0x41, 0xBF, 0x80, 0x00, 0xFF, 0x40, 0x0F, 0xF0, 0x00, 0x7F, 0x40, 0x03,
    0xFD, 0x00, 0x3F, 0xD0, 0x00, 0xDF, 0xC0, 0x0E, 0xB4, 0x00, 0x36, 0xF0, 0x0B, 0x2E, 0x00, 0x0C,
    0x3E, 0x03, 0xCB, 0x80, 0x07, 0x0B, 0xC1, 0xD1, 0xE0, 0x01, 0xC1, 0xF4, 0xB0, 0x7C, 0x00, 0xB0,
    0x3E, 0x38, 0x1F, 0x00, 0x2C, 0x0B, 0xEC, 0x03, 0xC0, 0x0E, 0x00, 0xFF, 0x00, 0xF0, 0x03, 0x80,
    0x3F, 0x40, 0x3C, 0x02, 0xF5, 0x07, 0xC0, 0x2F, 0x92, 0xFF, 0x80, 0xE0, 0x3F, 0xFC, 0x00, 0x00,
    0x10, 0x00, 0x00, 0x00, 0x00, 0x00, 0x00, 0x00, 0x0F, 0xFE, 0x01, 0xFF, 0xE1, 0xBE, 0x00, 0x1F,
    0xE0, 0x1F, 0x00, 0x02, 0xF0, 0x07, 0xC0, 0x00, 0xBC, 0x01, 0xF0, 0x00, 0x2F, 0x00, 0x7C, 0x00,
    0x0B, 0xC0, 0x1F, 0x55, 0x57, 0xF0, 0x07, 0xFF, 0xFF, 0xF8, 0x01, 0xF4, 0x00, 0x2E, 0x00, 0x7C,
    0x00, 0x0B, 0x80, 0x1F, 0x00, 0x02, 0xE0, 0x07, 0xC0, 0x00, 0xB8, 0x02, 0xF0, 0x00, 0x2E, 0x01,
    0xFD, 0x40, 0x2F, 0xD5, 0xFF, 0xF0, 0x2F, 0xFE, 0x00, 0x00, 0x00, 0x00, 0x00, 0x00, 0x05, 0x50,
    0x00, 0x02, 0xFF, 0xF4, 0x00, 0x3E, 0x5B, 0xF8, 0x03, 0xD0, 0x07, 0xF4, 0x1E, 0x00, 0x07, 0xF0,
    0xF4, 0x00, 0x0F, 0xC7, 0xC0, 0x00, 0x2F, 0x6F, 0x00, 0x00, 0x7D, 0xBC, 0x00, 0x00, 0xF6, 0xF0,
    0x00, 0x03, 0xDB, 0xD0, 0x00, 0x1F, 0x1F, 0x80, 0x00, 0x7C, 0x3F, 0x00, 0x03, 0xD0, 0x7F, 0x00,
    0x2E, 0x00, 0xBF, 0x56, 0xE0, 0x00, 0x7F, 0xFD, 0x00, 0x00, 0x05, 0x00, 0x00, 0x00, 0x00, 0x00,
    0x00, 0x1F, 0xFF, 0xFF, 0xFF, 0xC1, 0xBF, 0xAA, 0xBF, 0xD0, 0x1F, 0x00, 0x03, 0xD0, 0x07, 0xC0,
    0x00, 0xF4, 0x01, 0xF0, 0x00, 0x3D, 0x00, 0x7C, 0x00, 0x0F, 0x00, 0x1F, 0x00, 0x03, 0xC0, 0x07,
    0xC0, 0x00, 0xF0, 0x01, 0xF0, 0x00, 0x3C, 0x00, 0x7C, 0x00, 0x0F, 0x00, 0x1F, 0x00, 0x03, 0xC0,
    0x07, 0xC0, 0x00, 0xF0, 0x02, 0xF0, 0x00, 0x3C, 0x01, 0xFD, 0x40, 0x7F, 0x91, 0xFF, 0xF0, 0x3F,
    0xFD, 0x00, 0x00, 0x00, 0x00, 0x00, 0x00, 0x40, 0x50, 0x00, 0x7F, 0xC3, 0xFF, 0x00, 0xBF, 0xEF,
    0xFF, 0xD0, 0x0F, 0xF4, 0x0B, 0xF0, 0x0B, 0xC0, 0x02, 0xF8, 0x0B, 0xC0, 0x00, 0xFC, 0x0B, 0x80,
    0x00, 0xBC, 0x0B, 0x80, 0x00, 0x7C, 0x0B, 0x80, 0x00, 0x7C, 0x0B, 0x80, 0x00, 0x7C, 0x0B, 0x80,
    0x00, 0x7C, 0x0B, 0x80, 0x00, 0xB4, 0x0B, 0x80, 0x00, 0xF0, 0x0B, 0x80, 0x03, 0xC0, 0x0B, 0xF9,
    0x6F, 0x00, 0x0B, 0xFF, 0xF8, 0x00, 0x0B, 0x95, 0x00, 0x00, 0x0B, 0x80, 0x00, 0x00, 0x0F, 0x80,
    0x00, 0x00, 0x0F, 0x80, 0x00, 0x00, 0x0F, 0x80, 0x00, 0x00, 0x0F, 0xC0, 0x00, 0x00, 0x2F, 0xF8,
    0x00, 0x00, 0xBA, 0xA8, 0x00, 0x00, 0x00, 0x05, 0x50, 0x00, 0x2F, 0xFF, 0xC0, 0x3E, 0x5B, 0xF0,
    0x3D, 0x00, 0xB8, 0x1E, 0x00, 0x0D, 0x0F, 0x40, 0x03, 0x47, 0xC0, 0x00, 0x02, 0xF0, 0x00, 0x00,
    0xBC, 0x00, 0x00, 0x2F, 0x00, 0x00, 0x0B, 0xD0, 0x00, 0x01, 0xF8, 0x00, 0x00, 0x3F, 0x40, 0x00,
    0x07, 0xF4, 0x02, 0x80, 0xBF, 0xFF, 0xD0, 0x07, 0xFF, 0x80, 0x00, 0x05, 0x00, 0x00, 0x10, 0x00,
    0x00, 0x00, 0xFF, 0xFF, 0xFF, 0xC3, 0xE5, 0xFD, 0x6F, 0x0E, 0x03, 0xE0, 0x3C, 0x74, 0x0F, 0x80,
    0x70, 0x40, 0x3E, 0x00, 0x40, 0x00, 0xF8, 0x00, 0x00, 0x03, 0xE0, 0x00, 0x00, 0x0F, 0x80, 0x00,
    0x00, 0x3D, 0x00, 0x00, 0x00, 0xF4, 0x00, 0x00, 0x03, 0xD0, 0x00, 0x00, 0x0F, 0x40, 0x00, 0x00,
    0x3D, 0x00, 0x00, 0x06, 0xFD, 0x40, 0x00, 0x7F, 0xFF, 0x00, 0x00, 0x00, 0x00, 0x00, 0x00, 0x00,
    0x00, 0x00, 0x0F, 0xFF, 0x83, 0xFF, 0xC0, 0xBF, 0x00, 0x0B, 0xD0, 0x0F, 0xC0, 0x01, 0xD0, 0x02,
    0xF0, 0x00, 0xF0, 0x00, 0x3D, 0x00, 0x38, 0x00, 0x0F, 0x80, 0x2C, 0x00, 0x01, 0xF0, 0x0E, 0x00,
    0x00, 0x3D, 0x07, 0x40, 0x00, 0x0F, 0x83, 0xC0, 0x00, 0x01, 0xF0, 0xD0, 0x00, 0x00, 0x3C, 0xB0,
    0x00, 0x00, 0x0F, 0xB8, 0x00, 0x00, 0x01, 0xFC, 0x00, 0x00, 0x00, 0x3F, 0x00, 0x00, 0x00, 0x0F,
    0x40, 0x00, 0x00, 0x03, 0xC0, 0x00, 0x00, 0x01, 0xD0, 0x00, 0x00, 0x00, 0xF0, 0x00, 0x00, 0x00,
    0xB8, 0x00, 0x00, 0x00, 0xBC, 0x00, 0x00, 0x01, 0xFD, 0x00, 0x00, 0x03, 0xFE, 0x00, 0x00, 0x00,
    0x7D, 0x00, 0x00, 0x00, 0x00, 0x00, 0x00, 0x00, 0x00, 0x00, 0x00, 0x18, 0x00, 0x00, 0x00, 0x3F,
    0xF0, 0x00, 0x00, 0x00, 0x7F, 0x80, 0x00, 0x00, 0x00, 0x3E, 0x00, 0x00, 0x00, 0x00, 0xF8, 0x00,
    0x00, 0x00, 0x03, 0xD0, 0x00, 0x00, 0x00, 0x0F, 0x40, 0x00, 0x00, 0x00, 0x3D, 0x00, 0x00, 0x00,
    0x00, 0xF4, 0x00, 0x00, 0x00, 0x07, 0xE4, 0x00, 0x00, 0x02, 0xFF, 0xFF, 0x40, 0x00, 0xBE, 0xBE,
    0xFF, 0x80, 0x0B, 0x80, 0xF0, 0x7F, 0x80, 0xB8, 0x03, 0xC0, 0x3F, 0x43, 0xC0, 0x0F, 0x00, 0x7E,
    0x1F, 0x00, 0x3C, 0x00, 0xFC, 0xBC, 0x00, 0xF0, 0x02, 0xF3, 0xF0, 0x03, 0xC0, 0x0B, 0xCF, 0xC0,
    0x0F, 0x00, 0x2F, 0x2F, 0x00, 0x3C, 0x00, 0xB8, 0x7D, 0x00, 0xF0, 0x03, 0xD0, 0xFC, 0x03, 0xC0,
    0x1E, 0x01, 0xFD, 0x0F, 0x01, 0xF0, 0x01, 0xFF, 0xBD, 0x7E, 0x00, 0x00, 0xBF, 0xFF, 0x90, 0x00,
    0x00, 0x17, 0xC0, 0x00, 0x00, 0x00, 0x0F, 0x00, 0x00, 0x00, 0x00, 0x3C, 0x00, 0x00, 0x00, 0x01,
    0xF0, 0x00, 0x00, 0x00, 0x07, 0xC0, 0x00, 0x00, 0x00, 0x2F, 0x00, 0x00, 0x00, 0x06, 0xFF, 0xA0,
    0x00, 0x00, 0x2F, 0xAA, 0x40, 0x00, 0x00, 0x00, 0x00, 0x00, 0x3F, 0xFE, 0x0B, 0xFC, 0x1F, 0xF0,
    0x02, 0xF4, 0x03, 0xF4, 0x02, 0xD0, 0x00, 0xFC, 0x07, 0x40, 0x00, 0x7E, 0x1D, 0x00, 0x00, 0x2F,
    0xB8, 0x00, 0x00, 0x0F, 0xF0, 0x00, 0x00, 0x07, 0xF0, 0x00, 0x00, 0x0F, 0xF8, 0x00, 0x00, 0x2C,
    0xFC, 0x00, 0x00, 0xB0, 0x3F, 0x00, 0x01, 0xD0, 0x1F, 0x80, 0x07, 0x80, 0x0B, 0xD0, 0x2F, 0x40,
    0x0B, 0xF9, 0x3F, 0xE0, 0x3F, 0xFF, 0x00, 0x00, 0x00, 0x00, 0x00, 0x00, 0x00, 0x00, 0x0F, 0xFF,
    0x03, 0xFF, 0x81, 0xFE, 0x00, 0x7F, 0x80, 0x1F, 0x00, 0x07, 0xC0, 0x07, 0xC0, 0x01, 0xF0, 0x01,
    0xF0, 0x00, 0x7C, 0x00, 0x7C, 0x00, 0x1F, 0x00, 0x1F, 0x00, 0x07, 0xC0, 0x07, 0xC0, 0x01, 0xF0,
    0x01, 0xF0, 0x00, 0x7C, 0x00, 0x7C, 0x00, 0x1F, 0x00, 0x1F, 0x00, 0x07, 0xC0, 0x07, 0xC0, 0x01,
    0xF0, 0x02, 0xF0, 0x00, 0xBC, 0x01, 0xFE, 0x55, 0xBF, 0x91, 0xFF, 0xFF, 0xFF, 0xFC, 0x00, 0x00,
    0x00, 0x1F, 0x00, 0x00, 0x00, 0x02, 0xC0, 0x00, 0x00, 0x00, 0x74, 0x00, 0x00, 0x00, 0x0D, 0x00,
    0x00, 0x00, 0x01, 0x00, 0x00, 0x00, 0x00, 0x02, 0xFF, 0xC3, 0xFF, 0xC1, 0xFC, 0x05, 0xFD, 0x03,
    0xE0, 0x03, 0xE0, 0x0F, 0x40, 0x0F, 0x40, 0x3D, 0x00, 0x3D, 0x00, 0xF8, 0x00, 0xF4, 0x03, 0xF0,
    0x03, 0xD0, 0x0B, 0xE0, 0x1F, 0x40, 0x0F, 0xFF, 0xFD, 0x00, 0x06, 0xA4, 0xF4, 0x00, 0x00, 0x03,
    0xC0, 0x00, 0x00, 0x0F, 0x00, 0x00, 0x00, 0x3C, 0x00, 0x00, 0x07, 0xF9, 0x00, 0x00, 0x7F, 0xFD,
    0x00, 0x00, 0x00, 0x00, 0x00, 0x00, 0x00, 0x00, 0x00, 0x00, 0x0F, 0xFF, 0x07, 0xFF, 0xC1, 0xFF,
    0xE1, 0xFE, 0x00, 0x7F, 0x80, 0x1F, 0xD0, 0x1F, 0x00, 0x0B, 0xC0, 0x02, 0xF0, 0x07, 0xC0, 0x02,
    0xF0, 0x00, 0xBC, 0x01, 0xF0, 0x00, 0xBC, 0x00, 0x2F, 0x00, 0x7C, 0x00, 0x2F, 0x00, 0x0B, 0xC0,
    0x1F, 0x00, 0x0B, 0xC0, 0x02, 0xE0, 0x07, 0xC0, 0x02, 0xF0, 0x00, 0xB8, 0x01, 0xF0, 0x00, 0xBC,
    0x00, 0x2E, 0x00, 0x7C, 0x00, 0x2E, 0x00, 0x0B, 0x80, 0x1F, 0x00, 0x0B, 0x80, 0x02, 0xE0, 0x07,
    0xC0, 0x02, 0xE0, 0x00, 0xB8, 0x02, 0xF0, 0x00, 0xB8, 0x00, 0x3E, 0x01, 0xFE, 0x55, 0xBF, 0x95,
    0xAF, 0xD1, 0xFF, 0xFF, 0xFF, 0xFF, 0xFF, 0xFD, 0x00, 0x00, 0x00, 0x00, 0x00, 0x00, 0x00, 0x00,
    0x00, 0x00, 0x00, 0x00, 0x00, 0x03, 0xFF, 0xC1, 0xFF, 0xF0, 0x7F, 0xF8, 0x1F, 0xE0, 0x07, 0xF8,
    0x01, 0xFD, 0x00, 0x7C, 0x00, 0x2F, 0x00, 0x0B, 0xC0, 0x07, 0xC0, 0x02, 0xF0, 0x00, 0xBC, 0x00,
    0x7C, 0x00, 0x2F, 0x00, 0x0B, 0xC0, 0x07, 0xC0, 0x02, 0xF0, 0x00, 0xBC, 0x00, 0x7C, 0x00, 0x2F,
    0x00, 0x0B, 0x80, 0x07, 0xC0, 0x02, 0xF0, 0x00, 0xB8, 0x00, 0x7C, 0x00, 0x2F, 0x00, 0x0B, 0x80,
    0x07, 0xC0, 0x02, 0xE0, 0x00, 0xB8, 0x00, 0x7C, 0x00, 0x2E, 0x00, 0x0B, 0x80, 0x07, 0xC0, 0x02,
    0xE0, 0x00, 0xB8, 0x00, 0xBC, 0x00, 0x2E, 0x00, 0x0F, 0x80, 0x1F, 0xE5, 0x5B, 0xF9, 0x5A, 0xFE,
    0x47, 0xFF, 0xFF, 0xFF, 0xFF, 0xFF, 0xFC, 0x00, 0x00, 0x00, 0x00, 0x00, 0x07, 0xC0, 0x00, 0x00,
    0x00, 0x00, 0x00, 0x3C, 0x00, 0x00, 0x00, 0x00, 0x00, 0x02, 0xC0, 0x00, 0x00, 0x00, 0x00, 0x00,
    0x1C, 0x00, 0x00, 0x00, 0x00, 0x00, 0x00, 0x40, 0x10, 0x00, 0x00, 0x00, 0x3F, 0xFF, 0xF0, 0x00,
    0x3D, 0x6F, 0x90, 0x00, 0x34, 0x0F, 0x00, 0x00, 0x70, 0x0F, 0x00, 0x00, 0x10, 0x0F, 0x00, 0x00,
    0x00, 0x0F, 0x00, 0x00, 0x00, 0x0F, 0xFF, 0x90, 0x00, 0x0F, 0xAB, 0xF8, 0x00, 0x0F, 0x00, 0xBD,
    0x00, 0x0F, 0x00, 0x3F, 0x00, 0x0F, 0x00, 0x2F, 0x00, 0x0F, 0x00, 0x3E, 0x00, 0x1F, 0x00, 0x3D,
    0x00, 0x7F, 0x95, 0xF8, 0x02, 0xFF, 0xFF, 0xD0, 0x00, 0x00, 0x00, 0x00, 0x00, 0x00, 0x00, 0x00,
    0x00, 0x7F, 0xF8, 0x00, 0x1F, 0xFD, 0x1F, 0xE0, 0x00, 0x07, 0xF4, 0x0B, 0xC0, 0x00, 0x03, 0xE0,
    0x0B, 0xC0, 0x00, 0x03, 0xE0, 0x0B, 0xC0, 0x00, 0x03, 0xE0, 0x0B, 0xC0, 0x00, 0x03, 0xE0, 0x0B,
    0xFF, 0x90, 0x03, 0xE0, 0x0B, 0xEB, 0xFC, 0x03, 0xE0, 0x0B, 0x80, 0x3F, 0x03, 0xE0, 0x0B, 0x80,
    0x2F, 0x03, 0xD0, 0x0B, 0x80, 0x1F, 0x43, 0xD0, 0x0B, 0x80, 0x1F, 0x03, 0xD0, 0x0B, 0x80, 0x3E,
    0x03, 0xD0, 0x1F, 0xE5, 0xFC, 0x0B, 0xF4, 0x7F, 0xFF, 0xE0, 0x2F, 0xFD, 0x00, 0x00, 0x00, 0x00,
    0x00, 0x00, 0x00, 0x00, 0x07, 0xFF, 0xC0, 0x00, 0x1B, 0xE4, 0x00, 0x00, 0x7C, 0x00, 0x00, 0x07,
    0xC0, 0x00, 0x00, 0x7C, 0x00, 0x00, 0x07, 0xC0, 0x00, 0x00, 0x7F, 0xFE, 0x40, 0x07, 0xEA, 0xFE,
    0x00, 0x7C, 0x02, 0xF8, 0x07, 0xC0, 0x0F, 0xC0, 0x7C, 0x00, 0xBC, 0x07, 0xC0, 0x0B, 0xC0, 0xBC,
    0x00, 0xF4, 0x1F, 0xE5, 0x7E, 0x07, 0xFF, 0xFF, 0x40, 0x00, 0x00, 0x00, 0x00, 0x00, 0x40, 0x00,
    0xBF, 0xFF, 0x40, 0xBE, 0x6F, 0xF0, 0xB0, 0x01, 0xF8, 0xF0, 0x00, 0xBD, 0x40, 0x00, 0x7E, 0x00,
    0x00, 0x3F, 0x02, 0x56, 0xBF, 0x07, 0xFF, 0xFF, 0x00, 0x00, 0x3F, 0x00, 0x00, 0x3E, 0x50, 0x00,
    0x3D, 0xF0, 0x00, 0x7C, 0xF0, 0x01, 0xF0, 0xFD, 0x5B, 0xD0, 0xBF, 0xFE, 0x00, 0x00, 0x00, 0x00,
    0x00, 0x00, 0x00, 0x05, 0x40, 0x00, 0xFF, 0xE0, 0x02, 0xFF, 0xF0, 0x01, 0xFE, 0x00, 0x3E, 0x5F,
    0xF0, 0x01, 0xF0, 0x03, 0xD0, 0x0B, 0xF0, 0x07, 0xC0, 0x2E, 0x00, 0x0F, 0xD0, 0x1F, 0x00, 0xF4,
    0x00, 0x1F, 0x80, 0x7C, 0x07, 0xC0, 0x00, 0x3F, 0x01, 0xF5, 0x6F, 0x00, 0x00, 0xFC, 0x07, 0xFF,
    0xFC, 0x00, 0x02, 0xF0, 0x1F, 0x02, 0xF0, 0x00, 0x0B, 0xC0, 0x7C, 0x0B, 0xC0, 0x00, 0x3E, 0x01,
    0xF0, 0x1F, 0x80, 0x00, 0xF4, 0x07, 0xC0, 0x3F, 0x00, 0x07, 0xC0, 0x2F, 0x00, 0xBE, 0x00, 0x3C,
    0x01, 0xFD, 0x40, 0xBF, 0x57, 0xD0, 0x1F, 0xFE, 0x00, 0xBF, 0xF8, 0x00, 0x00, 0x00, 0x00, 0x15,
    0x00, 0x00, 0x00, 0x00, 0x00, 0x00, 0x00, 0xBF, 0xFF, 0xD0, 0x0F, 0x96, 0xFD, 0x00, 0xF8, 0x03,
    0xE0, 0x07, 0xC0, 0x0F, 0x80, 0x1F, 0x00, 0x3D, 0x00, 0x3D, 0x00, 0xF4, 0x00, 0xFC, 0x03, 0xD0,
    0x00, 0xFD, 0x5F, 0x40, 0x00, 0x7F, 0xFD, 0x00, 0x02, 0xE0, 0xF4, 0x00, 0x1F, 0x03, 0xD0, 0x00,
    0xF4, 0x0F, 0x40, 0x0F, 0xC0, 0x3D, 0x01, 0xFC, 0x06, 0xF9, 0x6F, 0xD0, 0x3F, 0xFE, 0x04, 0x00,
    0x00, 0x00, 0x00, 0x80, 0x00, 0x00, 0x7C, 0x00, 0x00, 0x0F, 0xC0, 0x00, 0x00, 0xBC, 0x00, 0x00,
    0x0B, 0x80, 0x00, 0x00, 0x78, 0x00, 0x00, 0x01, 0x00, 0x00, 0x00, 0x00, 0x00, 0x05, 0x40, 0x00,
    0x2F, 0xFF, 0x00, 0x3E, 0x5B, 0xF0, 0x3C, 0x00, 0xBD, 0x1E, 0x00, 0x1F, 0x8F, 0x00, 0x07, 0xE7,
    0xFF, 0xFF, 0xFA, 0xF5, 0x55, 0x54, 0xBC, 0x00, 0x00, 0x2F, 0x00, 0x00, 0x0B, 0xC0, 0x00, 0x01,
    0xF8, 0x00, 0x00, 0x3F, 0x00, 0x00, 0x07, 0xF4, 0x01, 0xC0, 0xBF, 0xFF, 0xE0, 0x07, 0xFF, 0xD0,
    0x00, 0x05, 0x00, 0x00, 0x00, 0x00, 0x04, 0x00, 0x7C, 0x0F, 0x80, 0x2F, 0x03, 0xF0, 0x02, 0x80,
    0xA0, 0x00, 0x00, 0x00, 0x00, 0x00, 0x00, 0x00, 0x00, 0x54, 0x00, 0x02, 0xFF, 0xF0, 0x03, 0xE5,
    0xBF, 0x03, 0xC0, 0x0B, 0xD1, 0xE0, 0x01, 0xF8, 0xF0, 0x00, 0x7E, 0x7F, 0xFF, 0xFF, 0xAF, 0x55,
    0x55, 0x4B, 0xC0, 0x00, 0x02, 0xF0, 0x00, 0x00, 0xBC, 0x00, 0x00, 0x1F, 0x80, 0x00, 0x03, 0xF0,
    0x00, 0x00, 0x7F, 0x40, 0x1C, 0x0B, 0xFF, 0xFE, 0x00, 0x7F, 0xFD, 0x00, 0x00, 0x50, 0x00, 0x00,
    0x60, 0x00, 0x00, 0x2F, 0xF0, 0x00, 0x00, 0x1B, 0xF0, 0x00, 0x00, 0x03, 0xF0, 0x00, 0x00, 0x03,
    0xF0, 0x00, 0x00, 0x03, 0xF0, 0x00, 0x00, 0x7F, 0xFF, 0xF0, 0x00, 0x6B, 0xFA, 0xA0, 0x00, 0x03,
    0xE0, 0x00, 0x00, 0x03, 0xE0, 0x15, 0x00, 0x03, 0xE0, 0xFF, 0xD0, 0x03, 0xE7, 0xFF, 0xF4, 0x03,
    0xFD, 0x02, 0xFC, 0x03, 0xF0, 0x00, 0xFD, 0x03, 0xE0, 0x00, 0x7E, 0x03, 0xE0, 0x00, 0x3E, 0x03,
    0xE0, 0x00, 0x3E, 0x03, 0xD0, 0x00, 0x3E, 0x03, 0xD0, 0x00, 0x3E, 0x03, 0xD0, 0x00, 0x3E, 0x03,
    0xD0, 0x00, 0x3D, 0x03, 0xD0, 0x00, 0x7D, 0x03, 0xE0, 0x00, 0x7C, 0x0B, 0xF5, 0x00, 0xBC, 0x2F,
    0xFE, 0x00, 0xF4, 0x00, 0x00, 0x01, 0xF0, 0x00, 0x00, 0x03, 0xD0, 0x00, 0x00, 0x0B, 0x80, 0x00,
    0x00, 0x1F, 0x00, 0x00, 0x00, 0x7C, 0x00, 0x00, 0x01, 0xE0, 0x00, 0x00, 0x00, 0x40, 0x00, 0x00,
    0x00, 0x80, 0x00, 0x00, 0xBC, 0x00, 0x00, 0xBD, 0x00, 0x00, 0x7C, 0x00, 0x00, 0x78, 0x00, 0x00,
    0x78, 0x00, 0x00, 0x04, 0x00, 0x00, 0x00, 0x00, 0x00, 0x00, 0x00, 0x00, 0x0F, 0xFF, 0xFF, 0xD1,
    0xBE, 0x5A, 0xF0, 0x1F, 0x00, 0x2C, 0x07, 0xC0, 0x0B, 0x01, 0xF0, 0x02, 0xC0, 0x7C, 0x00, 0x00,
    0x1F, 0x00, 0x00, 0x07, 0xC0, 0x00, 0x01, 0xF0, 0x00, 0x00, 0x7C, 0x00, 0x00, 0x1F, 0x00, 0x00,
    0x07, 0xC0, 0x00, 0x02, 0xF0, 0x00, 0x01, 0xFE, 0x50, 0x01, 0xFF, 0xF8, 0x00, 0x00, 0x00, 0x00,
    0x00, 0x00, 0x00, 0x50, 0x00, 0x1F, 0xFF, 0xC0, 0x3F, 0x56, 0xF0, 0x3D, 0x00, 0x2C, 0x2E, 0x00,
    0x07, 0x0F, 0x40, 0x00, 0x47, 0xC0, 0x00, 0x02, 0xF9, 0x6A, 0x40, 0xBF, 0xFF, 0xD0, 0x2F, 0x40,
    0x00, 0x0B, 0xD0, 0x00, 0x01, 0xF8, 0x00, 0x08, 0x3F, 0x00, 0x0B, 0x07, 0xF0, 0x03, 0xC0, 0xBF,
    0x9B, 0xF0, 0x06, 0xFF, 0xFC, 0x00, 0x00, 0x00, 0x00, 0x00, 0x15, 0x40, 0x0B, 0xFF, 0xD0, 0xF4,
    0x1F, 0x0B, 0x40, 0x2C, 0x3D, 0x00, 0x70, 0xFC, 0x00, 0x43, 0xFD, 0x00, 0x03, 0xFF, 0x40, 0x03,
    0xFF, 0x80, 0x01, 0xFF, 0xC0, 0x00, 0xBF, 0x8C, 0x00, 0x7E, 0x34, 0x00, 0xB8, 0xE0, 0x03, 0xC3,
    0xE4, 0x6D, 0x0F, 0xFF, 0xD0, 0x01, 0x50, 0x00, 0x00, 0x00, 0x0B, 0xC0, 0x0F, 0xD0, 0x0F, 0xC0,
    0x06, 0x00, 0x00, 0x00, 0x00, 0x00, 0x00, 0x00, 0x00, 0x40, 0x6F, 0xD0, 0x6F, 0xC0, 0x0B, 0xC0,
    0x0B, 0xC0, 0x0B, 0xC0, 0x0B, 0xC0, 0x0B, 0xC0, 0x0B, 0xC0, 0x0B, 0xC0, 0x0B, 0xC0, 0x0B, 0xC0,
    0x0B, 0x80, 0x0B, 0xC0, 0x1F, 0xE4, 0x7F, 0xFC, 0x00, 0x00, 0x00, 0x00, 0x1F, 0x03, 0xEB, 0xC0,
    0xFC, 0xA0, 0x28, 0x00, 0x00, 0x00, 0x00, 0x00, 0x01, 0x00, 0x6F, 0xD0, 0x1B, 0xF0, 0x00, 0xBC,
    0x00, 0x2F, 0x00, 0x0B, 0xC0, 0x02, 0xF0, 0x00, 0xBC, 0x00, 0x2F, 0x00, 0x0B, 0xC0, 0x02, 0xF0,
    0x00, 0xBC, 0x00, 0x2E, 0x00, 0x0B, 0xC0, 0x07, 0xF9, 0x07, 0xFF, 0xC0, 0x00, 0x00, 0x01, 0x90,
    0x7F, 0x0B, 0xF0, 0x3D, 0x00, 0x00, 0x00, 0x00, 0x00, 0x00, 0x00, 0x12, 0xFF, 0x2F, 0xE0, 0x3E,
    0x03, 0xE0, 0x3D, 0x03, 0xD0, 0x3D, 0x03, 0xD0, 0x3D, 0x03, 0xD0, 0x3D, 0x03, 0xD0, 0x3D, 0x03,
    0xD0, 0x3D, 0x03, 0xD0, 0x3D, 0x03, 0xC0, 0x7C, 0x0B, 0x40, 0xE0, 0x3C, 0x06, 0x00, 0x00, 0x00,
    0x00, 0x00, 0x00, 0x00, 0x00, 0x01, 0xFF, 0xFF, 0xFF, 0x00, 0x00, 0x1B, 0xEA, 0xFE, 0x40, 0x00,
    0x00, 0xB0, 0x1F, 0x00, 0x00, 0x00, 0x2C, 0x07, 0xC0, 0x00, 0x00, 0x0F, 0x01, 0xF0, 0x00, 0x00,
    0x03, 0x80, 0x7C, 0x00, 0x00, 0x00, 0xE0, 0x1F, 0xFF, 0x90, 0x00, 0x74, 0x07, 0xEA, 0xFE, 0x00,
    0x2C, 0x01, 0xF0, 0x0B, 0xE0, 0x0F, 0x00, 0x7C, 0x00, 0xFC, 0x07, 0xC0, 0x1F, 0x00, 0x2F, 0x07,
    0xD0, 0x07, 0x80, 0x0F, 0xDB, 0xF0, 0x02, 0xF0, 0x03, 0xDB, 0xF4, 0x01, 0xFE, 0x5B, 0xE0, 0xF4,
    0x02, 0xFF, 0xFF, 0xD0, 0x10, 0x00, 0x00, 0x00, 0x00, 0x00, 0x00, 0x00, 0x00, 0x00, 0x00, 0x00,
    0xFF, 0xE0, 0x1F, 0xFF, 0x00, 0x01, 0xBE, 0x00, 0x1F, 0xE0, 0x00, 0x01, 0xF0, 0x00, 0x2F, 0x00,
    0x00, 0x07, 0xC0, 0x00, 0xBC, 0x00, 0x00, 0x1F, 0x00, 0x02, 0xF0, 0x00, 0x00, 0x7C, 0x00, 0x0B,
    0xC0, 0x00, 0x01, 0xFA, 0xAA, 0xBF, 0xFE, 0x40, 0x07, 0xFF, 0xFF, 0xFF, 0xFF, 0xE0, 0x1F, 0x00,
    0x02, 0xE0, 0x0B, 0xD0, 0x7C, 0x00, 0x0B, 0x80, 0x0F, 0xC1, 0xF0, 0x00, 0x2E, 0x00, 0x3F, 0x07,
    0xC0, 0x00, 0xB8, 0x00, 0xF8, 0x2F, 0x00, 0x02, 0xE0, 0x07, 0xC1, 0xFD, 0x40, 0x1F, 0xE5, 0xBD,
    0x1F, 0xFF, 0x02, 0xFF, 0xFF, 0x90, 0x00, 0x00, 0x00, 0x00, 0x00, 0x00, 0x00, 0x60, 0x00, 0x00,
    0x0F, 0xFC, 0x00, 0x00, 0x01, 0xBF, 0x00, 0x00, 0x00, 0x0F, 0xC0, 0x00, 0x00, 0x03, 0xE0, 0x00,
    0x00, 0x00, 0xF8, 0x00, 0x00, 0x0B, 0xFF, 0xFF, 0x00, 0x01, 0xAF, 0xEA, 0x80, 0x00, 0x03, 0xD0,
    0x00, 0x00, 0x00, 0xF4, 0x01, 0x40, 0x00, 0x3D, 0x0F, 0xFD, 0x00, 0x0F, 0x6F, 0xFF, 0xD0, 0x03,
    0xFD, 0x02, 0xFC, 0x00, 0xF8, 0x00, 0x3F, 0x00, 0x3D, 0x00, 0x0F, 0xC0, 0x0F, 0x40, 0x02, 0xF0,
    0x03, 0xD0, 0x00, 0xB8, 0x00, 0xF4, 0x00, 0x2E, 0x00, 0x3D, 0x00, 0x0F, 0x80, 0x0F, 0x00, 0x03,
    0xE0, 0x03, 0xC0, 0x00, 0xF4, 0x00, 0xF0, 0x00, 0x3D, 0x00, 0x3D, 0x00, 0x0F, 0x40, 0x7F, 0xD4,
    0x0B, 0xF5, 0x3F, 0xFD, 0x0F, 0xFF, 0x80, 0x00, 0x01, 0x00, 0x00, 0x00, 0x00, 0x20, 0x00, 0x00,
    0x00, 0xBC, 0x00, 0x00, 0x02, 0xF4, 0x00, 0x00, 0x07, 0xC0, 0x00, 0x00, 0x1E, 0x00, 0x00, 0x00,
    0x38, 0x00, 0x00, 0x00, 0x10, 0x00, 0x00, 0x00, 0x00, 0x00, 0x00, 0x00, 0x00, 0x00, 0x00, 0x3F,
    0xFC, 0x01, 0xF8, 0x1B, 0xE0, 0x0B, 0xFC, 0x07, 0xC0, 0x1E, 0x58, 0x07, 0xC0, 0x38, 0x00, 0x07,
    0xC0, 0x70, 0x00, 0x07, 0xC0, 0xD0, 0x00, 0x07, 0xD6, 0xC0, 0x00, 0x07, 0xFF, 0xD0, 0x00, 0x07,
    0xC2, 0xF0, 0x00, 0x07, 0xC0, 0xFC, 0x00, 0x07, 0xC0, 0x7D, 0x00, 0x07, 0xC0, 0x3F, 0x00, 0x0B,
    0xC0, 0x0F, 0x80, 0x1F, 0xD4, 0x0B, 0xE0, 0x7F, 0xFC, 0x02, 0xFD, 0x00, 0x00, 0x00, 0x10, 0x00,
    0x14, 0x00, 0x00, 0x00, 0x0F, 0x40, 0x00, 0x00, 0x02, 0xF0, 0x00, 0x00, 0x00, 0x2F, 0x00, 0x00,
    0x00, 0x01, 0xF0, 0x00, 0x00, 0x00, 0x0F, 0x00, 0x00, 0x00, 0x00, 0x40, 0x00, 0x00, 0x00, 0x00,
    0x00, 0x00, 0x00, 0x00, 0x00, 0x0F, 0xFF, 0x00, 0xFF, 0xE1, 0xBE, 0x00, 0x1F, 0xE0, 0x1F, 0x00,
    0x02, 0xF0, 0x07, 0xC0, 0x02, 0xFC, 0x01, 0xF0, 0x02, 0xFF, 0x00, 0x7C, 0x01, 0xE7, 0xC0, 0x1F,
    0x01, 0xE1, 0xF0, 0x07, 0xC1, 0xE0, 0x7C, 0x01, 0xF1, 0xE0, 0x1F, 0x00, 0x7D, 0xE0, 0x07, 0xC0,
    0x1F, 0xE0, 0x01, 0xF0, 0x07, 0xF0, 0x00, 0x7C, 0x02, 0xF0, 0x00, 0x2F, 0x01, 0xFD, 0x40, 0x2F,
    0xD5, 0xFF, 0xF0, 0x2F, 0xFF, 0x00, 0x00, 0x00, 0x00, 0x00, 0x00, 0x60, 0x02, 0x40, 0x00, 0x3D,
    0x00, 0xF0, 0x00, 0x07, 0xD1, 0xF4, 0x00, 0x00, 0x2F, 0xE0, 0x00, 0x00, 0x00, 0x00, 0x00, 0x00,
    0x00, 0x00, 0x00, 0x00, 0x00, 0x00, 0x00, 0x00, 0xFF, 0xF8, 0x3F, 0xFC, 0x0B, 0xF0, 0x00, 0xBD,
    0x00, 0xFC, 0x00, 0x1D, 0x00, 0x2F, 0x00, 0x0F, 0x00, 0x03, 0xD0, 0x03, 0x80, 0x00, 0xF8, 0x02,
    0xC0, 0x00, 0x1F, 0x00, 0xE0, 0x00, 0x03, 0xD0, 0x74, 0x00, 0x00, 0xF8, 0x3C, 0x00, 0x00, 0x1F,
    0x0D, 0x00, 0x00, 0x03, 0xCB, 0x00, 0x00, 0x00, 0xFB, 0x80, 0x00, 0x00, 0x1F, 0xC0, 0x00, 0x00,
    0x03, 0xF0, 0x00, 0x00, 0x00, 0xF4, 0x00, 0x00, 0x00, 0x3C, 0x00, 0x00, 0x00, 0x1D, 0x00, 0x00,
    0x00, 0x0F, 0x00, 0x00, 0x00, 0x0B, 0x80, 0x00, 0x00, 0x0B, 0xC0, 0x00, 0x00, 0x1F, 0xD0, 0x00,
    0x00, 0x3F, 0xE0, 0x00, 0x00, 0x07, 0xD0, 0x00, 0x00, 0x00, 0x00, 0x00, 0x00, 0x00, 0x00, 0x00,
    0x00, 0x00, 0x3F, 0xFC, 0x0F, 0xFE, 0x1F, 0xE0, 0x07, 0xF8, 0x07, 0xC0, 0x01, 0xF0, 0x07, 0xC0,
    0x01, 0xF0, 0x07, 0xC0, 0x01, 0xF0, 0x07, 0xC0, 0x01, 0xF0, 0x07, 0xC0, 0x01, 0xF0, 0x07, 0xC0,
    0x01, 0xF0, 0x07, 0xC0, 0x01, 0xF0, 0x07, 0xC0, 0x01, 0xF0, 0x07, 0xC0, 0x01, 0xF0, 0x07, 0xC0,
    0x01, 0xF0, 0x0B, 0xC0, 0x02, 0xF0, 0x1F, 0xE5, 0x5B, 0xF5, 0x7F, 0xFF, 0xFF, 0xFE, 0x00, 0x03,
    0xD0, 0x00, 0x00, 0x02, 0xC0, 0x00, 0x00, 0x02, 0xC0, 0x00, 0x00, 0x01, 0xC0, 0x00, 0x00, 0x01,
    0xC0, 0x00, 0x00, 0x00, 0x00, 0x00, 0x00, 0x15, 0x55, 0x40, 0x00, 0x00, 0x0F, 0xFF, 0xE0, 0x00,
    0x00, 0x00, 0x3F, 0xC0, 0x00, 0x00, 0x00, 0x0B, 0xD0, 0x00, 0x00, 0x2A, 0x56, 0xF9, 0x56, 0xA0,
    0x0F, 0xFF, 0xFF, 0xFF, 0xFC, 0x03, 0xE0, 0x2F, 0x00, 0x7F, 0x00, 0xF0, 0x0B, 0xC0, 0x03, 0xC0,
    0x38, 0x02, 0xF0, 0x00, 0xB0, 0x0D, 0x00, 0xBC, 0x00, 0x1C, 0x00, 0x00, 0x2F, 0x00, 0x00, 0x00,
    0x00, 0x0B, 0xC0, 0x00, 0x00, 0x00, 0x02, 0xF0, 0x00, 0x00, 0x00, 0x00, 0xBF, 0xFF, 0xE0, 0x00,
    0x00, 0x2F, 0xEA, 0xFF, 0x80, 0x00, 0x0B, 0xC0, 0x03, 0xF8, 0x00, 0x02, 0xF0, 0x00, 0x3F, 0x00,
    0x00, 0xBC, 0x00, 0x07, 0xD0, 0x00, 0x2F, 0x00, 0x01, 0xF8, 0x00, 0x0B, 0xC0, 0x00, 0x7D, 0x00,
    0x02, 0xF0, 0x00, 0x2F, 0x00, 0x00, 0xFC, 0x00, 0x1F, 0x40, 0x01, 0xBF, 0xE5, 0xBF, 0x40, 0x02,
    0xFF, 0xFF, 0xFE, 0x00, 0x00, 0x00, 0x00, 0x40, 0x00, 0x00, 0x00, 0x01, 0x80, 0x00, 0x00, 0x2F,
    0xF0, 0x00, 0x00, 0x05, 0xFC, 0x00, 0x00, 0x00, 0x3F, 0x00, 0x00, 0x00, 0x0B, 0xC0, 0x00, 0x00,
    0x02, 0xF0, 0x00, 0x00, 0x00, 0xB8, 0x00, 0x00, 0x00, 0x2E, 0x00, 0x00, 0x00, 0x0B, 0x80, 0x00,
    0x04, 0x03, 0xE0, 0x00, 0x03, 0xFF, 0xFF, 0xFF, 0x80, 0xF9, 0x7E, 0x5B, 0xE0, 0x38, 0x0B, 0x80,
    0x38, 0x0D, 0x02, 0xE0, 0x0F, 0x02, 0x00, 0xB8, 0x01, 0x40, 0x00, 0x2E, 0x00, 0x00, 0x00, 0x0B,
    0xEA, 0x90, 0x00, 0x02, 0xFF, 0xFF, 0x40, 0x00, 0xB4, 0x03, 0xF0, 0x00, 0x2D, 0x00, 0x3E, 0x00,
    0x0B, 0x40, 0x0F, 0x80, 0x03, 0xD0, 0x03, 0xE0, 0x00, 0xF8, 0x01, 0xF0, 0x01, 0xBF, 0x96, 0xF4,
    0x01, 0xFF, 0xFF, 0xE0, 0x00, 0x00, 0x00, 0x00, 0x00, 0x01, 0x50, 0x00, 0x00, 0x00, 0x05, 0x40,
    0x03, 0xFF, 0xFF, 0xFF, 0xFF, 0xFF, 0xC0, 0x00, 0x7F, 0xD0, 0x00, 0x00, 0xFE, 0x40, 0x00, 0x0B,
    0xD0, 0x00, 0x00, 0xF4, 0x00, 0x00, 0x03, 0xF0, 0x00, 0x02, 0xD0, 0x00, 0x00, 0x01, 0xF8, 0x00,
    0x07, 0x80, 0x00, 0x00, 0x00, 0xBC, 0x00, 0x0E, 0x00, 0x00, 0x00, 0x00, 0x3F, 0x00, 0x3C, 0x00,
    0x00, 0x00, 0x00, 0x1F, 0x40, 0xB0, 0x00, 0x00, 0x00, 0x00, 0x0B, 0xC2, 0xD0, 0x00, 0x00, 0x00,
    0x00, 0x03, 0xF7, 0x80, 0x00, 0x00, 0x00, 0x00, 0x2F, 0xFF, 0xF8, 0x00, 0x00, 0x00, 0x00, 0xBE,
    0xFE, 0xFE, 0x00, 0x00, 0x00, 0x01, 0xF8, 0x7C, 0x3F, 0x00, 0x00, 0x00, 0x03, 0xF0, 0x7C, 0x0F,
    0xC0, 0x00, 0x00, 0x0F, 0xD0, 0x7C, 0x0B, 0xD0, 0x00, 0x00, 0x2F, 0x80, 0x7C, 0x03, 0xF0, 0x00,
    0x00, 0x3F, 0x00, 0x7C, 0x01, 0xF8, 0x00, 0x00, 0xFD, 0x00, 0x7C, 0x00, 0xFD, 0x00, 0x02, 0xF8,
    0x00, 0xBC, 0x00, 0x3F, 0x40, 0x1F, 0xF0, 0x06, 0xFF, 0xA0, 0x1F, 0xE4, 0xBF, 0xC0, 0x0F, 0xFF,
    0xF0, 0x0B, 0xFC, 0x05, 0x00, 0x00, 0x00, 0x00, 0x00, 0x40, 0x00, 0x00, 0x00, 0x00, 0x00, 0x00,
    0xBF, 0xFF, 0xFF, 0xFF, 0xF0, 0x02, 0xFE, 0x00, 0x01, 0xF9, 0x00, 0x03, 0xF0, 0x00, 0x2D, 0x00,
    0x00, 0x0F, 0x80, 0x0B, 0x40, 0x00, 0x00, 0x7D, 0x01, 0xE0, 0x00, 0x00, 0x02, 0xF0, 0x78, 0x00,
    0x00, 0x00, 0x0F, 0xDF, 0x00, 0x00, 0x00, 0x03, 0xFF, 0xFD, 0x00, 0x00, 0x00, 0xFE, 0xFB, 0xF0,
    0x00, 0x00, 0x3F, 0x0F, 0x0F, 0xC0, 0x00, 0x0B, 0xD0, 0xF0, 0x7E, 0x00, 0x01, 0xF8, 0x0F, 0x02,
    0xF0, 0x00, 0x7E, 0x01, 0xF0, 0x0F, 0xC0, 0x2F, 0xC0, 0x7F, 0x90, 0x3F, 0x4F, 0xF0, 0x1F, 0xFF,
    0x41, 0xFE, 0x00, 0x00, 0x00, 0x00, 0x00, 0x00, 0x00, 0x00, 0x1A, 0x90, 0x00, 0x00, 0x01, 0xFF,
    0xFF, 0x80, 0x00, 0x03, 0xF9, 0x6F, 0xFD, 0x00, 0x07, 0xE0, 0x00, 0x3F, 0xD0, 0x03, 0xD0, 0x00,
    0x03, 0xFC, 0x03, 0xE0, 0x00, 0x00, 0x3F, 0x81, 0xF0, 0x00, 0x00, 0x07, 0xF0, 0xF8, 0x00, 0x00,
    0x00, 0xFD, 0x3D, 0x00, 0x00, 0x00, 0x2F, 0x9F, 0x40, 0x00, 0x00, 0x07, 0xEB, 0xEA, 0xAA, 0xAA,
    0xAB, 0xFA, 0xFF, 0xFF, 0xFF, 0xFF, 0xFE, 0xBE, 0x55, 0x55, 0x55, 0x5F, 0xAF, 0x40, 0x00, 0x00,
    0x07, 0xD7, 0xE0, 0x00, 0x00, 0x01, 0xF0, 0xFC, 0x00, 0x00, 0x00, 0xFC, 0x3F, 0x40, 0x00, 0x00,
    0x3D, 0x07, 0xF0, 0x00, 0x00, 0x2E, 0x00, 0xFE, 0x00, 0x00, 0x1F, 0x00, 0x0F, 0xF0, 0x00, 0x2F,
    0x00, 0x00, 0xFF, 0x95, 0xBE, 0x00, 0x00, 0x07, 0xFF, 0xF8, 0x00, 0x00, 0x00, 0x05, 0x40, 0x00,
    0x00, 0x00, 0x05, 0x50, 0x00, 0x02, 0xFF, 0xF4, 0x00, 0x3E, 0x5B, 0xF8, 0x03, 0xD0, 0x03, 0xF4,
    0x2E, 0x00, 0x07, 0xF0, 0xF4, 0x00, 0x0B, 0xD7, 0xC0, 0x00, 0x1F, 0xAF, 0xAA, 0xAA, 0xBE, 0xBF,
    0xFF, 0xFF, 0xFA, 0xF0, 0x00, 0x03, 0xEB, 0xC0, 0x00, 0x0F, 0x5F, 0x80, 0x00, 0x7C, 0x3F, 0x00,
    0x02, 0xD0, 0x7F, 0x00, 0x1E, 0x00, 0xBF, 0x46, 0xE0, 0x00, 0x7F, 0xFD, 0x00, 0x00, 0x05, 0x00,
    0x00, 0x15, 0x05, 0x50, 0x00, 0x05, 0x0F, 0xFF, 0xFC, 0x00, 0x0B, 0xD1, 0xBF, 0xD0, 0x00, 0x07,
    0xF8, 0x0B, 0xF0, 0x00, 0x03, 0xF9, 0x00, 0xFC, 0x00, 0x00, 0xE0, 0x00, 0x2F, 0x40, 0x00, 0xB4,
    0x00, 0x07, 0xE0, 0x00, 0x3C, 0x00, 0x00, 0xFC, 0x00, 0x0E, 0x00, 0x00, 0x3F, 0x00, 0x07, 0x00,
    0x00, 0x07, 0xD0, 0x03, 0xC0, 0x00, 0x00, 0xF8, 0x00, 0xE0, 0x00, 0x00, 0x3F, 0x00, 0x70, 0x00,
    0x00, 0x07, 0xC0, 0x3C, 0x00, 0x00, 0x00, 0xF4, 0x0E, 0x00, 0x00, 0x00, 0x3F, 0x07, 0x00, 0x00,
    0x00, 0x0B, 0xC2, 0xC0, 0x00, 0x00, 0x01, 0xF4, 0xE0, 0x00, 0x00, 0x00, 0x3E, 0x70, 0x00, 0x00,
    0x00, 0x0B, 0xEC, 0x00, 0x00, 0x00, 0x01, 0xFE, 0x00, 0x00, 0x00, 0x00, 0x3F, 0x00, 0x00, 0x00,
    0x00, 0x0B, 0xC0, 0x00, 0x00, 0x00, 0x00, 0x40, 0x00, 0x00, 0x00, 0x00, 0x00, 0x00, 0x3F, 0xFE,
    0x00, 0x2D, 0x0B, 0xF0, 0x00, 0xBE, 0x03, 0xF0, 0x00, 0xFA, 0x02, 0xF0, 0x01, 0xD0, 0x00, 0xF4,
    0x03, 0xC0, 0x00, 0xF8, 0x03, 0x80, 0x00, 0xBC, 0x07, 0x00, 0x00, 0x7C, 0x0B, 0x00, 0x00, 0x3D,
    0x0E, 0x00, 0x00, 0x2F, 0x1C, 0x00, 0x00, 0x1F, 0x2C, 0x00, 0x00, 0x0F, 0x78, 0x00, 0x00, 0x0B,
    0xF0, 0x00, 0x00, 0x07, 0xF0, 0x00, 0x00, 0x03, 0xD0, 0x00, 0x00, 0x01, 0x00, 0x00, 0x00, 0x00,
    0x00, 0x00, 0x00, 0x00, 0x00, 0x2C, 0x00, 0x00, 0x00, 0x3C, 0x00, 0x00, 0x00, 0x3C, 0x00, 0x00,
    0x00, 0x3C, 0x05, 0x50, 0x05, 0xF8, 0x2F, 0xFF, 0xFF, 0xF8, 0x02, 0xFD, 0x5A, 0xA4, 0x01, 0xF8,
    0x00, 0x00, 0x00, 0xF8, 0x00, 0x00, 0x00, 0xF8, 0x00, 0x00, 0x00, 0xF4, 0x00, 0x00, 0x00, 0xF4,
    0x00, 0x00, 0x00, 0xF4, 0x00, 0x00, 0x00, 0xF4, 0x00, 0x00, 0x01, 0xF4, 0x00, 0x00, 0x01, 0xF4,
    0x00, 0x00, 0x01, 0xF4, 0x00, 0x00, 0x01, 0xF0, 0x00, 0x00, 0x01, 0xF0, 0x00, 0x00, 0x01, 0xF0,
    0x00, 0x00, 0x01, 0xF0, 0x00, 0x00, 0x01, 0xF0, 0x00, 0x00, 0x01, 0xF0, 0x00, 0x00, 0x02, 0xF0,
    0x00, 0x00, 0x0B, 0xFD, 0xA0, 0x00, 0x3F, 0xFF, 0xF0, 0x00, 0x10, 0x00, 0x00, 0x00, 0x00, 0x00,
    0x05, 0x00, 0x00, 0x02, 0xC0, 0x00, 0x00, 0xF0, 0x00, 0x00, 0xBC, 0x3F, 0xFF, 0xFE, 0x06, 0xF9,
    0xAA, 0x40, 0x7C, 0x00, 0x00, 0x1F, 0x00, 0x00, 0x07, 0xC0, 0x00, 0x01, 0xF0, 0x00, 0x00, 0x7C,
    0x00, 0x00, 0x1F, 0x00, 0x00, 0x07, 0xC0, 0x00, 0x01, 0xF0, 0x00, 0x00, 0x7C, 0x00, 0x00, 0x1F,
    0x00, 0x00, 0x0B, 0xC0, 0x00, 0x07, 0xF9, 0x40, 0x07, 0xFF, 0xE0, 0x00, 0x00, 0x00, 0x00, 0x15,
    0x00, 0x55, 0x55, 0xFF, 0xFF, 0xFF, 0xD0, 0xBF, 0x95, 0xBF, 0x40, 0xF8, 0x00, 0x3C, 0x03, 0xE0,
    0x00, 0xB0, 0x0F, 0x80, 0x02, 0xC0, 0x3E, 0x00, 0x0B, 0x00, 0xF8, 0x00, 0x10, 0x03, 0xE0, 0x00,
    0x00, 0x0F, 0x40, 0x00, 0x00, 0x3E, 0x00, 0x00, 0x3F, 0xFF, 0xFE, 0x00, 0x6B, 0xEA, 0xA4, 0x00,
    0x0F, 0x40, 0x00, 0x00, 0x3D, 0x00, 0x00, 0x00, 0xF4, 0x00, 0x00, 0x03, 0xD0, 0x00, 0x00, 0x0F,
    0x00, 0x00, 0x00, 0x3C, 0x00, 0x00, 0x01, 0xF4, 0x00, 0x00, 0x2F, 0xF9, 0x80, 0x03, 0xFF, 0xFF,
    0x00, 0x04, 0x00, 0x00, 0x00, 0x00, 0x00, 0x00, 0x00, 0x0F, 0xFF, 0xFF, 0xE1, 0x7F, 0x56, 0xF8,
    0x0F, 0x40, 0x1D, 0x03, 0xD0, 0x03, 0x40, 0xF4, 0x01, 0xD0, 0x3D, 0x00, 0x00, 0x0F, 0x40, 0x00,
    0x3F, 0xFF, 0xD0, 0x05, 0xF9, 0x50, 0x00, 0x3C, 0x00, 0x00, 0x0F, 0x00, 0x00, 0x03, 0xC0, 0x00,
    0x00, 0xF0, 0x00, 0x00, 0xBE, 0x60, 0x00, 0xFF, 0xFC, 0x00, 0x00, 0x00, 0x00, 0x00, 0x05, 0x40,
    0x05, 0x56, 0x0B, 0xFF, 0xFF, 0xFF, 0xC0, 0x2F, 0xE5, 0x6B, 0xF0, 0x07, 0xE0, 0x00, 0x78, 0x00,
    0xF8, 0x00, 0x0E, 0x00, 0x3E, 0x00, 0x03, 0x40, 0x0F, 0x40, 0x00, 0x80, 0x03, 0xD0, 0x00, 0x00,
    0x00, 0xF4, 0x00, 0x00, 0x00, 0x3E, 0x6A, 0x90, 0x00, 0x1F, 0xFF, 0xFF, 0x40, 0x07, 0xE0, 0x07,
    0xF4, 0x01, 0xF4, 0x00, 0x3F, 0x00, 0x7D, 0x00, 0x0B, 0xD0, 0x1F, 0x00, 0x01, 0xF8, 0x07, 0xC0,
    0x00, 0x3E, 0x01, 0xF0, 0x00, 0x0F, 0x80, 0x7C, 0x00, 0x03, 0xE0, 0x1F, 0x00, 0x01, 0xF4, 0x0B,
    0xC0, 0x00, 0xBC, 0x0B, 0xFD, 0x40, 0x3E, 0x0F, 0xFF, 0xF0, 0x2F, 0x01, 0x00, 0x00, 0x0F, 0x40,
    0x00, 0x00, 0x0F, 0x40, 0x00, 0x00, 0x1F, 0x40, 0x00, 0x00, 0x2F, 0x00, 0x00, 0x00, 0x1D, 0x00,
    0x00, 0x00, 0x00, 0x00, 0x00, 0x00, 0x00, 0x00, 0x03, 0xFF, 0xFF, 0xF4, 0x1B, 0xE5, 0xAF, 0x00,
    0x7C, 0x00, 0xB0, 0x07, 0xC0, 0x0B, 0x00, 0x7C, 0x00, 0xB0, 0x07, 0xC0, 0x00, 0x00, 0x7D, 0xA9,
    0x00, 0x07, 0xFF, 0xFE, 0x00, 0x7D, 0x03, 0xF4, 0x07, 0xC0, 0x0F, 0xC0, 0x7C, 0x00, 0xBC, 0x07,
    0xC0, 0x0B, 0xC0, 0xBC, 0x00, 0xBC, 0x1F, 0xE4, 0x0B, 0x87, 0xFF, 0xC0, 0xF4, 0x00, 0x00, 0x1F,
    0x00, 0x00, 0x03, 0xD0, 0x00, 0x00, 0xB8, 0x00, 0x00, 0x1E, 0x00, 0x00, 0x0B, 0x80, 0x00, 0x00,
    0xD0, 0x00, 0x14, 0x00, 0x00, 0x51, 0x54, 0x00, 0x01, 0x43, 0xF8, 0x00, 0x2F, 0xFF, 0x80, 0x03,
    0xFC, 0x7F, 0xF0, 0x00, 0x2F, 0xD0, 0x00, 0xFF, 0xC7, 0xAF, 0x80, 0x01, 0xF4, 0x00, 0x3F, 0xAC,
    0x00, 0x3D, 0x00, 0x1F, 0x40, 0x07, 0x80, 0x00, 0x00, 0xF0, 0x01, 0xF4, 0x00, 0xF0, 0x00, 0x00,
    0x07, 0x80, 0x1F, 0x40, 0x2C, 0x00, 0x00, 0x00, 0x2C, 0x01, 0xF4, 0x07, 0x80, 0x00, 0x00, 0x00,
    0xF0, 0x1F, 0x40, 0xF0, 0x00, 0x00, 0x00, 0x0B, 0x41, 0xF4, 0x2D, 0x00, 0x00, 0x00, 0x00, 0x3E,
    0xAF, 0xAB, 0xC0, 0x00, 0x00, 0x00, 0x07, 0xFF, 0xFF, 0xFD, 0x00, 0x00, 0x00, 0x00, 0xF8, 0x1F,
    0x03, 0xF0, 0x00, 0x00, 0x00, 0x3F, 0x01, 0xF0, 0x0F, 0x80, 0x00, 0x00, 0x07, 0xD0, 0x1F, 0x00,
    0xBD, 0x00, 0x00, 0x00, 0xFC, 0x01, 0xF0, 0x03, 0xF0, 0x00, 0x00, 0x3F, 0x40, 0x1F, 0x00, 0x1F,
    0x80, 0x00, 0x07, 0xE0, 0x01, 0xF0, 0x00, 0xFC, 0x00, 0x00, 0xFC, 0x00, 0x1F, 0x00, 0x03, 0xF0,
    0x00, 0x3F, 0x40, 0x02, 0xF0, 0x00, 0x2F, 0xC0, 0x1F, 0xF0, 0x02, 0xFF, 0xD8, 0x00, 0xFF, 0xEF,
    0xFC, 0x00, 0x3F, 0xFF, 0xC0, 0x03, 0xFF, 0x15, 0x00, 0x00, 0x00, 0x00, 0x00, 0x02, 0xF0, 0x00,
    0x00, 0x00, 0x00, 0x00, 0x00, 0x1F, 0x00, 0x00, 0x00, 0x00, 0x00, 0x00, 0x00, 0xF0, 0x00, 0x00,
    0x00, 0x00, 0x00, 0x00, 0x0F, 0x00, 0x00, 0x00, 0x00, 0x00, 0x00, 0x00, 0xF0, 0x00, 0x00, 0x00,
    0x00, 0x00, 0x00, 0x00, 0x00, 0x00, 0x00, 0x00, 0x00, 0x00, 0x07, 0xE0, 0x07, 0xFF, 0x80, 0x2F,
    0x42, 0xFF, 0x00, 0x7F, 0x80, 0x2F, 0xE0, 0x66, 0xE0, 0x0B, 0xC0, 0x1E, 0x68, 0x00, 0x1C, 0x02,
    0xF0, 0x0E, 0x00, 0x00, 0x03, 0xC0, 0xBC, 0x0B, 0x00, 0x00, 0x00, 0x34, 0x2F, 0x03, 0x40, 0x00,
    0x00, 0x0B, 0x5B, 0xD7, 0xC0, 0x00, 0x00, 0x03, 0xFF, 0xFF, 0xF4, 0x00, 0x00, 0x03, 0xF0, 0xB8,
    0x2F, 0x00, 0x00, 0x01, 0xF0, 0x2E, 0x03, 0xE0, 0x00, 0x00, 0xF8, 0x0B, 0x80, 0x7D, 0x00, 0x00,
    0xBC, 0x02, 0xE0, 0x0F, 0xC0, 0x00, 0x7D, 0x00, 0xB8, 0x00, 0xFC, 0x00, 0xBF, 0x00, 0x7F, 0x50,
    0x1F, 0xE0, 0xFF, 0x00, 0xBF, 0xF8, 0x02, 0xFE, 0x01, 0x00, 0x00, 0x00, 0x00, 0x0F, 0x80, 0x00,
    0x00, 0x00, 0x00, 0x02, 0xE0, 0x00, 0x00, 0x00, 0x00, 0x00, 0x78, 0x00, 0x00, 0x00, 0x00, 0x00,
    0x0E, 0x00, 0x00, 0x00, 0x00, 0x00, 0x01, 0x40, 0x00, 0x55, 0x40, 0x00, 0xFF, 0xFF, 0xE0, 0x03,
    0xF9, 0x5F, 0xF4, 0x0F, 0x40, 0x07, 0xF0, 0x3C, 0x00, 0x0F, 0xD0, 0xE0, 0x00, 0x1F, 0x43, 0x40,
    0x00, 0x7C, 0x00, 0x00, 0x02, 0xF0, 0x00, 0x00, 0x0F, 0x40, 0x00, 0x00, 0xF4, 0x00, 0x0B, 0xFF,
    0x00, 0x00, 0x3F, 0xFF, 0x40, 0x00, 0x00, 0x7F, 0xC0, 0x00, 0x00, 0x2F, 0xC0, 0x00, 0x00, 0x3F,
    0x40, 0x00, 0x00, 0xBD, 0x70, 0x00, 0x02, 0xF5, 0xD0, 0x00, 0x0B, 0xC7, 0x80, 0x00, 0x3F, 0x1F,
    0x40, 0x02, 0xF0, 0x7F, 0xE5, 0xBF, 0x01, 0xFF, 0xFF, 0xD0, 0x00, 0x16, 0xF8, 0x00, 0x00, 0x03,
    0xC0, 0x00, 0x00, 0x0F, 0x00, 0x00, 0x00, 0x3C, 0x00, 0x00, 0x00, 0xF0, 0x00, 0x00, 0x03, 0xC0,
    0x00, 0x00, 0x00, 0x00, 0x00, 0x00, 0x00, 0x01, 0xFF, 0xFD, 0x0B, 0xE6, 0xFD, 0x2C, 0x00, 0xFC,
    0xB0, 0x02, 0xF1, 0x40, 0x0B, 0x80, 0x00, 0x3C, 0x00, 0x57, 0xC0, 0x07, 0xFF, 0x80, 0x00, 0x2F,
    0xC0, 0x00, 0x0F, 0x94, 0x00, 0x3F, 0xE0, 0x00, 0xFF, 0xC0, 0x03, 0xDF, 0xD5, 0xBE, 0x3F, 0xFF,
    0x80, 0x00, 0xF8, 0x00, 0x03, 0xD0, 0x00, 0x0B, 0x00, 0x00, 0x2C, 0x00, 0x00, 0x70, 0x00, 0x00,
    0x00, 0x00, 0x15, 0x15, 0x00, 0x00, 0x50, 0x3F, 0xFF, 0x40, 0x03, 0xFC, 0x07, 0xFC, 0x00, 0x1F,
    0xFC, 0x02, 0xF4, 0x00, 0x3F, 0xAC, 0x02, 0xF0, 0x00, 0xB4, 0x00, 0x02, 0xF0, 0x01, 0xE0, 0x00,
    0x02, 0xF0, 0x03, 0xC0, 0x00, 0x02, 0xF0, 0x0B, 0x40, 0x00, 0x02, 0xF0, 0x0E, 0x00, 0x00, 0x02,
    0xF0, 0x2C, 0x00, 0x00, 0x02, 0xFA, 0xB8, 0x00, 0x00, 0x02, 0xFF, 0xFC, 0x00, 0x00, 0x02, 0xF0,
    0x3F, 0x00, 0x00, 0x02, 0xF0, 0x1F, 0x40, 0x00, 0x02, 0xF0, 0x0F, 0xC0, 0x00, 0x02, 0xF0, 0x07,
    0xE0, 0x00, 0x02, 0xF0, 0x02, 0xF4, 0x00, 0x02, 0xF0, 0x00, 0xFC, 0x00, 0x02, 0xF0, 0x00, 0x7E,
    0x00, 0x03, 0xF0, 0x00, 0x3F, 0x80, 0x2F, 0xF9, 0x40, 0x0F, 0xFD, 0x7F, 0xFF, 0x80, 0x03, 0xFE,
    0x00, 0x00, 0x00, 0x00, 0x7E, 0x00, 0x00, 0x00, 0x00, 0x2E, 0x00, 0x00, 0x00, 0x00, 0x1E, 0x00,
    0x00, 0x00, 0x00, 0x1E, 0x00, 0x00, 0x00, 0x00, 0x0E, 0x00, 0x00, 0x00, 0x00, 0x00, 0x00, 0x00,
    0x00, 0x00, 0x3F, 0xFC, 0x01, 0xF8, 0x1B, 0xE0, 0x0B, 0xFC, 0x07, 0xC0, 0x1E, 0x58, 0x07, 0xC0,
    0x38, 0x00, 0x07, 0xC0, 0x70, 0x00, 0x07, 0xC0, 0xD0, 0x00, 0x07, 0xD6, 0xC0, 0x00, 0x07, 0xFF,
    0xD0, 0x00, 0x07, 0xC2, 0xF0, 0x00, 0x07, 0xC0, 0xF8, 0x00, 0x07, 0xC0, 0x7D, 0x00, 0x07, 0xC0,
    0x3F, 0x00, 0x0B, 0xC0, 0x0F, 0xC0, 0x1F, 0xD4, 0x07, 0xF8, 0x7F, 0xFC, 0x02, 0xFE, 0x00, 0x00,
    0x00, 0x3E, 0x00, 0x00, 0x00, 0x2E, 0x00, 0x00, 0x00, 0x1E, 0x00, 0x00, 0x00, 0x0E, 0x00, 0x00,
    0x00, 0x05, 0x05, 0x05, 0x40, 0x00, 0x05, 0x02, 0xFF, 0xFC, 0x00, 0x07, 0xF8, 0x02, 0xFD, 0x00,
    0x01, 0xFF, 0xC0, 0x0F, 0x80, 0x00, 0x3E, 0xAC, 0x00, 0xF8, 0x00, 0x0F, 0x40, 0x00, 0x0F, 0x40,
    0x01, 0xD0, 0x00, 0x00, 0xF4, 0xF0, 0x3C, 0x00, 0x00, 0x0F, 0x4E, 0x0B, 0x00, 0x00, 0x00, 0xF4,
    0xE0, 0xE0, 0x00, 0x00, 0x0F, 0x4E, 0x3C, 0x00, 0x00, 0x00, 0xFE, 0xFB, 0x80, 0x00, 0x00, 0x0F,
    0xFF, 0xFC, 0x00, 0x00, 0x00, 0xF4, 0xE3, 0xE0, 0x00, 0x00, 0x0F, 0x4E, 0x2F, 0x40, 0x00, 0x00,
    0xF0, 0xE0, 0xFC, 0x00, 0x00, 0x0F, 0x0E, 0x07, 0xE0, 0x00, 0x00, 0xF0, 0x90, 0x3F, 0x40, 0x00,
    0x0F, 0x00, 0x00, 0xFC, 0x00, 0x01, 0xF0, 0x00, 0x0B, 0xE0, 0x00, 0x2F, 0x00, 0x00, 0x3F, 0x40,
    0x1B, 0xFD, 0x80, 0x01, 0xFE, 0x43, 0xFF, 0xFC, 0x00, 0x07, 0xFD, 0x00, 0x00, 0x00, 0x00, 0x05,
    0x00, 0x00, 0x00, 0x00, 0x00, 0x0F, 0xFF, 0x00, 0x0F, 0xC1, 0xBE, 0x00, 0x0F, 0xF0, 0x1F, 0x00,
    0x0F, 0x58, 0x07, 0xC5, 0x07, 0x00, 0x01, 0xF3, 0x83, 0x40, 0x00, 0x7C, 0xE2, 0xC0, 0x00, 0x1F,
    0xB9, 0xD0, 0x00, 0x07, 0xFF, 0xFC, 0x00, 0x01, 0xF3, 0x9F, 0x40, 0x00, 0x7C, 0xE2, 0xF0, 0x00,
    0x1F, 0x38, 0x3F, 0x00, 0x07, 0xC0, 0x07, 0xD0, 0x02, 0xF0, 0x00, 0xFC, 0x01, 0xFD, 0x40, 0x0F,
    0xD1, 0xFF, 0xF0, 0x01, 0xFF, 0x00, 0x00, 0x00, 0x04, 0x00, 0x25, 0x50, 0x55, 0x00, 0x00, 0x51,
    0xFF, 0xFF, 0xFC, 0x00, 0x2F, 0xC7, 0xE4, 0xBF, 0x40, 0x03, 0xFF, 0x1D, 0x01, 0xF8, 0x00, 0x2F,
    0xAC, 0x70, 0x07, 0xD0, 0x01, 0xE0, 0x02, 0xC0, 0x1F, 0x40, 0x0F, 0x00, 0x05, 0x00, 0x7D, 0x00,
    0xB0, 0x00, 0x00, 0x01, 0xF4, 0x07, 0x80, 0x00, 0x00, 0x07, 0xD0, 0x3C, 0x00, 0x00, 0x00, 0x1F,
    0x41, 0xD0, 0x00, 0x00, 0x00, 0x7F, 0xAF, 0x00, 0x00, 0x00, 0x01, 0xFF, 0xFD, 0x00, 0x00, 0x00,
    0x07, 0xC0, 0xFC, 0x00, 0x00, 0x00, 0x1F, 0x00, 0xFC, 0x00, 0x00, 0x00, 0x7C, 0x02, 0xF4, 0x00,
    0x00, 0x01, 0xF0, 0x03, 0xF0, 0x00, 0x00, 0x07, 0xC0, 0x07, 0xE0, 0x00, 0x00, 0x1F, 0x00, 0x0F,
    0xD0, 0x00, 0x00, 0x7C, 0x00, 0x0F, 0xC0, 0x00, 0x02, 0xF0, 0x00, 0x2F, 0xC0, 0x00, 0x6F, 0xF6,
    0x00, 0x3F, 0xD0, 0x03, 0xFF, 0xFC, 0x00, 0x3F, 0xF0, 0x00, 0x00, 0x00, 0x00, 0x14, 0x00, 0x10,
    0x00, 0x00, 0x00, 0x00, 0x3F, 0xFF, 0xF8, 0x02, 0xF4, 0x3E, 0x5F, 0xD0, 0x0F, 0xF8, 0x38, 0x0F,
    0x80, 0x2F, 0x54, 0x70, 0x0F, 0x80, 0x78, 0x00, 0x10, 0x0F, 0x80, 0xF0, 0x00, 0x00, 0x0F, 0x82,
    0xD0, 0x00, 0x00, 0x0F, 0xD7, 0x80, 0x00, 0x00, 0x0F, 0xFF, 0xC0, 0x00, 0x00, 0x0F, 0x83, 0xE0,
    0x00, 0x00, 0x0F, 0x42, 0xF0, 0x00, 0x00, 0x0F, 0x40, 0xFC, 0x00, 0x00, 0x0F, 0x40, 0x7E, 0x00,
    0x00, 0x0F, 0x40, 0x2F, 0x40, 0x00, 0x6F, 0xD4, 0x0F, 0xD0, 0x01, 0xFF, 0xF8, 0x03, 0xFC, 0x00,
    0x00, 0x00, 0x00, 0x40, 0x15, 0x15, 0x00, 0x01, 0x45, 0x50, 0xFF, 0xFD, 0x00, 0x3F, 0xFF, 0x40,
    0x7F, 0xC0, 0x00, 0x1F, 0xF0, 0x00, 0xBD, 0x00, 0x00, 0x2F, 0x40, 0x02, 0xF0, 0x00, 0x00, 0xBD,
    0x00, 0x0B, 0xC0, 0x00, 0x02, 0xF0, 0x00, 0x2F, 0x00, 0x00, 0x0B, 0xC0, 0x00, 0xBC, 0x00, 0x00,
    0x2F, 0x00, 0x02, 0xF0, 0x00, 0x00, 0xBC, 0x00, 0x0B, 0xC0, 0x00, 0x02, 0xF0, 0x00, 0x2F, 0xAA,
    0xAA, 0xBF, 0xC0, 0x00, 0xBF, 0xFF, 0xFF, 0xFF, 0x00, 0x02, 0xF4, 0x00, 0x00, 0xBC, 0x00, 0x0B,
    0xC0, 0x00, 0x02, 0xF0, 0x00, 0x2F, 0x00, 0x00, 0x0B, 0xC0, 0x00, 0xBC, 0x00, 0x00, 0x2F, 0x00,
    0x02, 0xF0, 0x00, 0x00, 0xBC, 0x00, 0x0B, 0x80, 0x00, 0x02, 0xF0, 0x00, 0x2F, 0x00, 0x00, 0x0B,
    0xC0, 0x00, 0xFC, 0x00, 0x00, 0x3F, 0x00, 0x1F, 0xF9, 0x40, 0x07, 0xFF, 0xA1, 0xFF, 0xFE, 0x00,
    0x7F, 0xFF, 0xC0, 0x00, 0x00, 0x00, 0x00, 0x3F, 0x00, 0x00, 0x00, 0x00, 0x00, 0x3C, 0x00, 0x00,
    0x00, 0x00, 0x00, 0xF0, 0x00, 0x00, 0x00, 0x00, 0x02, 0xC0, 0x00, 0x00, 0x00, 0x00, 0x0B, 0x00,
    0x00, 0x00, 0x00, 0x00, 0x00, 0x00, 0x00, 0x00, 0x00, 0x03, 0xFF, 0x80, 0x7F, 0xF8, 0x1B, 0xE0,
    0x01, 0xFE, 0x00, 0x7C, 0x00, 0x0B, 0xC0, 0x07, 0xC0, 0x00, 0xBC, 0x00, 0x7C, 0x00, 0x0B, 0xC0,
    0x07, 0xC0, 0x00, 0xBC, 0x00, 0x7D, 0x55, 0x6F, 0xC0, 0x07, 0xFF, 0xFF, 0xFC, 0x00, 0x7D, 0x00,
    0x0B, 0x80, 0x07, 0xC0, 0x00, 0xB8, 0x00, 0x7C, 0x00, 0x0B, 0x80, 0x07, 0xC0, 0x00, 0xB8, 0x00,
    0xBC, 0x00, 0x0B, 0x80, 0x1F, 0xD4, 0x02, 0xFE, 0x47, 0xFF, 0xC0, 0xBF, 0xFC, 0x00, 0x00, 0x00,
    0x07, 0xC0, 0x00, 0x00, 0x00, 0x2C, 0x00, 0x00, 0x00, 0x01, 0xD0, 0x00, 0x00, 0x00, 0x1D, 0x00,
    0x00, 0x00, 0x00, 0x40, 0x05, 0x05, 0x40, 0x01, 0x50, 0x05, 0x56, 0x4B, 0xFF, 0xE0, 0x02, 0xFF,
    0xFF, 0xFF, 0xD0, 0x2F, 0xD0, 0x00, 0x0B, 0xF9, 0x5B, 0xF4, 0x07, 0xE0, 0x00, 0x00, 0xF8, 0x00,
    0x3C, 0x00, 0xF8, 0x00, 0x00, 0x3E, 0x00, 0x0F, 0x00, 0x3D, 0x00, 0x00, 0x0F, 0x80, 0x02, 0xC0,
    0x0F, 0x40, 0x00, 0x03, 0xE0, 0x00, 0xF0, 0x03, 0xD0, 0x00, 0x00, 0xF8, 0x00, 0x10, 0x00, 0xF4,
    0x00, 0x00, 0x3D, 0x00, 0x00, 0x00, 0x3D, 0x00, 0x00, 0x0F, 0x40, 0x00, 0x00, 0x1F, 0xAA, 0xAA,
    0xBF, 0xD0, 0x00, 0x00, 0x07, 0xFF, 0xFF, 0xFF, 0xF4, 0x00, 0x00, 0x01, 0xF4, 0x00, 0x00, 0x3D,
    0x00, 0x00, 0x00, 0x7C, 0x00, 0x00, 0x0F, 0x40, 0x00, 0x00, 0x1F, 0x00, 0x00, 0x03, 0xD0, 0x00,
    0x00, 0x07, 0xC0, 0x00, 0x00, 0xF0, 0x00, 0x00, 0x01, 0xF0, 0x00, 0x00, 0x3C, 0x00, 0x00, 0x00,
    0x7C, 0x00, 0x00, 0x0F, 0x00, 0x00, 0x00, 0x1F, 0x00, 0x00, 0x07, 0xC0, 0x00, 0x00, 0x0B, 0xC0,
    0x00, 0x01, 0xF4, 0x00, 0x00, 0x0B, 0xFD, 0x80, 0x02, 0xFF, 0x98, 0x00, 0x0F, 0xFF, 0xF0, 0x03,
    0xFF, 0xFF, 0x00, 0x01, 0x00, 0x00, 0x00, 0x40, 0x00, 0x00, 0x00, 0x00, 0x00, 0x00, 0x00, 0x00,
    0x13, 0xFF, 0x80, 0x7F, 0xFF, 0xFF, 0x1B, 0xE0, 0x01, 0xFE, 0x5B, 0xE0, 0x7C, 0x00, 0x0B, 0xC0,
    0x0E, 0x07, 0xC0, 0x00, 0xBC, 0x00, 0xD0, 0x7C, 0x00, 0x0B, 0xC0, 0x0D, 0x07, 0xC0, 0x00, 0xBC,
    0x00, 0x00, 0x7D, 0x55, 0x6F, 0xC0, 0x00, 0x07, 0xFF, 0xFF, 0xFC, 0x00, 0x00, 0x7D, 0x00, 0x0B,
    0x80, 0x00, 0x07, 0xC0, 0x00, 0xB8, 0x00, 0x00, 0x7C, 0x00, 0x0B, 0x80, 0x00, 0x07, 0xC0, 0x00,
    0xB8, 0x00, 0x00, 0xBC, 0x00, 0x0B, 0x80, 0x00, 0x1F, 0xD4, 0x01, 0xFD, 0x50, 0x07, 0xFF, 0xC0,
    0xBF, 0xFD, 0x00, 0x00, 0x00, 0x00, 0x00, 0x00, 0x00, 0x00, 0x00, 0x16, 0xA5, 0x00, 0x00, 0x0B,
    0xFF, 0xFF, 0xC0, 0x02, 0xFE, 0x56, 0xFF, 0x00, 0x2F, 0x00, 0x00, 0xFC, 0x02, 0xF0, 0x00, 0x00,
    0xE0, 0x1F, 0x00, 0x00, 0x03, 0x80, 0xF8, 0x00, 0x00, 0x0D, 0x07, 0xD0, 0x00, 0x00, 0x00, 0x3F,
    0x00, 0x00, 0x00, 0x00, 0xFC, 0x00, 0x00, 0x00, 0x03, 0xE0, 0x00, 0x00, 0x00, 0x1F, 0x80, 0x00,
    0x00, 0x00, 0x7F, 0x00, 0x00, 0x00, 0x00, 0xFC, 0x00, 0x00, 0x00, 0x03, 0xF0, 0x00, 0x00, 0x00,
    0x0F, 0xD0, 0x00, 0x00, 0x09, 0x2F, 0xC0, 0x00, 0x00, 0x74, 0x3F, 0x40, 0x00, 0x02, 0xC0, 0x7F,
    0x40, 0x00, 0x1F, 0x00, 0xBF, 0x40, 0x00, 0xFC, 0x00, 0xBF, 0xE5, 0x6F, 0xE0, 0x00, 0x2F, 0xFF,
    0xFD, 0x00, 0x00, 0x02, 0xF4, 0x00, 0x00, 0x00, 0x07, 0xC0, 0x00, 0x00, 0x00, 0x0F, 0x00, 0x00,
    0x00, 0x00, 0x3C, 0x00, 0x00, 0x00, 0x00, 0xF0, 0x00, 0x00, 0x00, 0x03, 0x80, 0x00, 0x00, 0x00,
    0x00, 0x00, 0x00, 0x00, 0x05, 0x50, 0x00, 0x2F, 0xFF, 0xC0, 0x3E, 0x5B, 0xF0, 0x3D, 0x00, 0xB8,
    0x1E, 0x00, 0x0D, 0x0F, 0x40, 0x03, 0x47, 0xC0, 0x00, 0x02, 0xF0, 0x00, 0x00, 0xBC, 0x00, 0x00,
    0x2F, 0x00, 0x00, 0x0B, 0xD0, 0x00, 0x01, 0xF8, 0x00, 0x00, 0x3F, 0x40, 0x00, 0x07, 0xF4, 0x02,
    0x80, 0xBF, 0xFF, 0xD0, 0x07, 0xFF, 0x80, 0x00, 0x1F, 0x40, 0x00, 0x03, 0xC0, 0x00, 0x00, 0xF0,
    0x00, 0x00, 0x2C, 0x00, 0x00, 0x0B, 0x00, 0x00, 0x00, 0x00, 0x00, 0x14, 0x15, 0x40, 0x15, 0x14,
    0xBF, 0xFF, 0xC0, 0x7F, 0xFD, 0x1B, 0xF8, 0x00, 0x0B, 0xF4, 0x02, 0xF8, 0x00, 0x07, 0xC0, 0x00,
    0xFC, 0x00, 0x0F, 0x00, 0x00, 0xBD, 0x00, 0x1E, 0x00, 0x00, 0x3E, 0x00, 0x3C, 0x00, 0x00, 0x2F,
    0x00, 0x74, 0x00, 0x00, 0x0F, 0x80, 0xF0, 0x00, 0x00, 0x0B, 0xC1, 0xD0, 0x00, 0x00, 0x03, 0xE3,
    0x80, 0x00, 0x00, 0x02, 0xFB, 0x00, 0x00, 0x00, 0x00, 0xFE, 0x00, 0x00, 0x00, 0x00, 0xFD, 0x00,
    0x00, 0x00, 0x00, 0xBC, 0x00, 0x00, 0x00, 0x00, 0x7C, 0x00, 0x00, 0x00, 0x00, 0x7C, 0x00, 0x00,
    0x00, 0x00, 0x7C, 0x00, 0x00, 0x00, 0x00, 0x7C, 0x00, 0x00, 0x00, 0x00, 0xBC, 0x00, 0x00, 0x00,
    0x06, 0xFF, 0x60, 0x00, 0x00, 0x0F, 0xFF, 0xF0, 0x00, 0x00, 0x04, 0x00, 0x00, 0x00, 0x00, 0x00,
    0x00, 0x00, 0x0F, 0xFF, 0x83, 0xFF, 0xC0, 0xBF, 0x00, 0x0B, 0xD0, 0x0F, 0xC0, 0x02, 0xD0, 0x02,
    0xF0, 0x00, 0xF0, 0x00, 0x3D, 0x00, 0x38, 0x00, 0x0F, 0x80, 0x2C, 0x00, 0x02, 0xF0, 0x0E, 0x00,
    0x00, 0x7C, 0x07, 0x40, 0x00, 0x0F, 0x43, 0xC0, 0x00, 0x02, 0xF0, 0xD0, 0x00, 0x00, 0x7C, 0xB0,
    0x00, 0x00, 0x0F, 0x78, 0x00, 0x00, 0x02, 0xFC, 0x00, 0x00, 0x00, 0x7F, 0x00, 0x00, 0x00, 0x0F,
    0x40, 0x00, 0x00, 0x03, 0xC0, 0x00, 0x00, 0x00, 0xF0, 0x00, 0x00, 0x00, 0x3D, 0x00, 0x00, 0x00,
    0x0F, 0x40, 0x00, 0x00, 0x03, 0xD0, 0x00, 0x00, 0x00, 0xF4, 0x00, 0x00, 0x02, 0xFF, 0xA0, 0x00,
    0x00, 0xFA, 0xA8, 0x00, 0x14, 0x15, 0x40, 0x15, 0x14, 0xBF, 0xFF, 0xC0, 0x7F, 0xFD, 0x1B, 0xF8,
    0x00, 0x0B, 0xF4, 0x02, 0xF8, 0x00, 0x07, 0xC0, 0x00, 0xFC, 0x00, 0x0F, 0x00, 0x00, 0xBD, 0x00,
    0x1E, 0x00, 0x00, 0x3E, 0x00, 0x3C, 0x00, 0x00, 0x2F, 0x00, 0x74, 0x00, 0x00, 0x0F, 0x80, 0xF0,
    0x00, 0x00, 0x0B, 0xC1, 0xD0, 0x00, 0x00, 0x03, 0xE3, 0x80, 0x00, 0x00, 0x02, 0xFB, 0x00, 0x00,
    0x00, 0x00, 0xFE, 0x00, 0x00, 0x00, 0x00, 0xFD, 0x00, 0x00, 0x00, 0x00, 0xBC, 0x00, 0x00, 0x00,
    0x7F, 0xFF, 0xFC, 0x00, 0x00, 0x7F, 0xFF, 0xFC, 0x00, 0x00, 0x00, 0x7C, 0x00, 0x00, 0x00, 0x00,
    0x7C, 0x00, 0x00, 0x00, 0x00, 0xBC, 0x00, 0x00, 0x00, 0x06, 0xFF, 0x60, 0x00, 0x00, 0x0F, 0xFF,
    0xF0, 0x00, 0x00, 0x04, 0x00, 0x00, 0x00, 0x00, 0x00, 0x00, 0x00, 0x0F, 0xFF, 0x83, 0xFF, 0xC0,
    0xBF, 0x00, 0x0B, 0xD0, 0x0F, 0xC0, 0x02, 0xD0, 0x02, 0xF0, 0x00, 0xF0, 0x00, 0x3D, 0x00, 0x38,
    0x00, 0x0F, 0x80, 0x2C, 0x00, 0x02, 0xF0, 0x0E, 0x00, 0x00, 0x7C, 0x07, 0x40, 0x00, 0x0F, 0x43,
    0xC0, 0x00, 0x02, 0xF0, 0xD0, 0x00, 0x00, 0x7C, 0xB0, 0x00, 0x00, 0x0F, 0x78, 0x00, 0x00, 0x02,
    0xFC, 0x00, 0x00, 0x00, 0x7F, 0x00, 0x00, 0x0F, 0xFF, 0xFF, 0x80, 0x03, 0xFF, 0xFE, 0x90, 0x00,
    0x00, 0xF0, 0x00, 0x00, 0x00, 0x3D, 0x00, 0x00, 0x00, 0x0F, 0x40, 0x00, 0x00, 0x03, 0xD0, 0x00,
    0x00, 0x00, 0xF4, 0x00, 0x00, 0x02, 0xFF, 0xA0, 0x00, 0x00, 0xFA, 0xA8, 0x00, 0x05, 0x41, 0x54,
    0x05, 0x41, 0x40, 0xBF, 0xFF, 0xE0, 0x2F, 0xFF, 0x40, 0x7F, 0xF4, 0x00, 0x0F, 0xE4, 0x00, 0x1F,
    0xC0, 0x00, 0x3E, 0x00, 0x00, 0x1F, 0x80, 0x02, 0xE0, 0x00, 0x00, 0x2F, 0x40, 0x1F, 0x00, 0x00,
    0x00, 0x3F, 0x00, 0xF0, 0x00, 0x00, 0x00, 0x7E, 0x0B, 0x00, 0x00, 0x00, 0x00, 0xBD, 0x74, 0x00,
    0x00, 0x00, 0x00, 0xFF, 0x80, 0x00, 0x00, 0x00, 0x01, 0xFC, 0x00, 0x00, 0x00, 0x00, 0x03, 0xF4,
    0x00, 0x00, 0x00, 0x00, 0x2F, 0xF0, 0x00, 0x00, 0x00, 0x01, 0xD7, 0xE0, 0x00, 0x00, 0x00, 0x1E,
    0x0F, 0xD0, 0x00, 0x00, 0x00, 0xF0, 0x0F, 0xC0, 0x00, 0x00, 0x0F, 0x00, 0x1F, 0x80, 0x00, 0x00,
    0xF4, 0x00, 0x3F, 0x40, 0x00, 0x0B, 0x80, 0x00, 0x3F, 0x00, 0x00, 0xFD, 0x00, 0x00, 0xFF, 0x40,
    0x2F, 0xFD, 0x00, 0x1B, 0xFF, 0xF0, 0xFF, 0xFC, 0x01, 0xFF, 0xFF, 0xC0, 0x00, 0x00, 0x00, 0x00,
    0x2F, 0x00, 0x00, 0x00, 0x00, 0x00, 0x3C, 0x00, 0x00, 0x00, 0x00, 0x00, 0xF0, 0x00, 0x00, 0x00,
    0x00, 0x02, 0xC0, 0x00, 0x00, 0x00, 0x00, 0x0B, 0x00, 0x00, 0x00, 0x00, 0x00, 0x00, 0x00, 0x00,
    0x00, 0x00, 0x0F, 0xFF, 0x82, 0xFF, 0x01, 0xFF, 0x00, 0x2F, 0x40, 0x0F, 0xD0, 0x0B, 0x40, 0x00,
    0xFC, 0x07, 0x40, 0x00, 0x1F, 0x87, 0x40, 0x00, 0x02, 0xF7, 0x80, 0x00, 0x00, 0x3F, 0xC0, 0x00,
    0x00, 0x07, 0xF0, 0x00, 0x00, 0x03, 0xFE, 0x00, 0x00, 0x02, 0xCF, 0xC0, 0x00, 0x02, 0xC0, 0xFC,
    0x00, 0x01, 0xD0, 0x1F, 0x80, 0x01, 0xE0, 0x02, 0xF4, 0x02, 0xF4, 0x00, 0xBF, 0x90, 0xFF, 0x80,
    0xFF, 0xFC, 0x00, 0x00, 0x00, 0x2F, 0x00, 0x00, 0x00, 0x03, 0xC0, 0x00, 0x00, 0x00, 0xF0, 0x00,
    0x00, 0x00, 0x2C, 0x00, 0x00, 0x00, 0x05, 0x00, 0x15, 0x15, 0x01, 0x41, 0x50, 0xFF, 0xF8, 0x0F,
    0xFF, 0xD0, 0xBF, 0x40, 0x07, 0xF8, 0x01, 0xF8, 0x00, 0x0B, 0xC0, 0x03, 0xE0, 0x00, 0x2F, 0x00,
    0x0F, 0x40, 0x00, 0xBC, 0x00, 0x3D, 0x00, 0x02, 0xF0, 0x00, 0xF8, 0x00, 0x0B, 0xC0, 0x03, 0xE0,
    0x00, 0x2F, 0x00, 0x0F, 0xC0, 0x00, 0xBC, 0x00, 0x2F, 0x80, 0x02, 0xF0, 0x00, 0x3F, 0xD0, 0x6F,
    0xC0, 0x00, 0x2F, 0xFF, 0xFF, 0x00, 0x00, 0x05, 0x54, 0xBC, 0x00, 0x00, 0x00, 0x02, 0xE0, 0x00,
    0x00, 0x00, 0x0B, 0x80, 0x00, 0x00, 0x00, 0x2E, 0x00, 0x00, 0x00, 0x00, 0xB8, 0x00, 0x00, 0x00,
    0x03, 0xE0, 0x00, 0x00, 0x00, 0x0F, 0xC0, 0x00, 0x00, 0x06, 0xFF, 0xE8, 0x00, 0x00, 0x3F, 0xFF,
    0xF0, 0x00, 0x00, 0x00, 0x1F, 0xC0, 0x00, 0x00, 0x00, 0x1F, 0x00, 0x00, 0x00, 0x00, 0x3C, 0x00,
    0x00, 0x00, 0x00, 0xF0, 0x00, 0x00, 0x00, 0x03, 0xC0, 0x00, 0x00, 0x00, 0x00, 0x00, 0x00, 0x00,
    0x02, 0xFF, 0xC3, 0xFF, 0xC1, 0xFC, 0x05, 0xFD, 0x03, 0xE0, 0x03, 0xE0, 0x0F, 0x40, 0x0F, 0x40,
    0x3D, 0x00, 0x3D, 0x00, 0xF8, 0x00, 0xF4, 0x03, 0xF0, 0x03, 0xD0, 0x0B, 0xE0, 0x1F, 0x40, 0x0F,
    0xFF, 0xFD, 0x00, 0x06, 0xA4, 0xF4, 0x00, 0x00, 0x03, 0xC0, 0x00, 0x00, 0x0F, 0x00, 0x00, 0x00,
    0x3C, 0x00, 0x00, 0x07, 0xFD, 0x40, 0x00, 0x7F, 0xFE, 0x00, 0x00, 0x00, 0xB8, 0x00, 0x00, 0x00,
    0xF0, 0x00, 0x00, 0x03, 0xC0, 0x00, 0x00, 0x0F, 0x00, 0x00, 0x00, 0x14, 0x14, 0x54, 0x00, 0x51,
    0x56, 0xFF, 0xF4, 0x0B, 0xFF, 0xE1, 0xFE, 0x00, 0x03, 0xFC, 0x02, 0xF0, 0x00, 0x07, 0xD0, 0x0B,
    0xC0, 0x00, 0x1F, 0x40, 0x2F, 0x00, 0x00, 0x7D, 0x00, 0xBC, 0x07, 0x41, 0xF4, 0x02, 0xF0, 0x1C,
    0x07, 0xD0, 0x0B, 0xD0, 0x70, 0x1F, 0x00, 0x1F, 0x81, 0xC0, 0x7C, 0x00, 0x3F, 0x47, 0x01, 0xF0,
    0x00, 0x3F, 0xAD, 0x6F, 0xC0, 0x00, 0x2F, 0xFF, 0xFF, 0x00, 0x00, 0x06, 0xD4, 0x7C, 0x00, 0x00,
    0x0B, 0x01, 0xF0, 0x00, 0x00, 0x2C, 0x07, 0xC0, 0x00, 0x00, 0x60, 0x1F, 0x00, 0x00, 0x00, 0x00,
    0x7C, 0x00, 0x00, 0x00, 0x01, 0xF0, 0x00, 0x00, 0x00, 0x0F, 0xC0, 0x00, 0x00, 0x02, 0xFF, 0x98,
    0x00, 0x00, 0x1F, 0xFF, 0xF0, 0x00, 0x00, 0x00, 0x00, 0x00, 0x00, 0x00, 0x00, 0x00, 0xBF, 0xF4,
    0x3F, 0xFD, 0x1F, 0xD0, 0x1B, 0xF4, 0x0F, 0x80, 0x03, 0xD0, 0x0F, 0x81, 0x03, 0xD0, 0x0F, 0x83,
    0x43, 0xD0, 0x0F, 0x83, 0x43, 0xD0, 0x0F, 0xC3, 0x43, 0xD0, 0x07, 0xE3, 0x4B, 0xD0, 0x02, 0xFF,
    0xFF, 0xC0, 0x00, 0x2B, 0x83, 0xC0, 0x00, 0x03, 0x43, 0xC0, 0x00, 0x01, 0x03, 0xC0, 0x00, 0x00,
    0x07, 0xC0, 0x00, 0x00, 0x1F, 0xE5, 0x00, 0x00, 0xBF, 0xFD, 0x00, 0x00, 0x00, 0x00, 0x05, 0x05,
    0x40, 0x00, 0x00, 0xFF, 0xFF, 0x00, 0x00, 0x00, 0x2F, 0xD0, 0x00, 0x00, 0x00, 0x7E, 0x00, 0x00,
    0x00, 0x00, 0xF8, 0x00, 0x00, 0x00, 0x03, 0xD0, 0x00, 0x00, 0x00, 0x0F, 0x40, 0x00, 0x00, 0x00,
    0x3D, 0x00, 0x00, 0x00, 0x00, 0xF4, 0x00, 0x00, 0x00, 0x03, 0xE6, 0xA9, 0x00, 0x00, 0x1F, 0xFF,
    0xFF, 0x40, 0x00, 0x7E, 0x40, 0x7F, 0x40, 0x01, 0xF0, 0x00, 0x3F, 0x00, 0x07, 0xC0, 0x00, 0xBD,
    0x00, 0x1F, 0x00, 0x01, 0xF4, 0x00, 0x7C, 0x00, 0x03, 0xE0, 0x01, 0xF0, 0x00, 0x0F, 0x80, 0x07,
    0xC0, 0x00, 0x3E, 0x00, 0x1F, 0x00, 0x00, 0xF8, 0x00, 0xBC, 0x00, 0x07, 0xE0, 0x0B, 0xFE, 0x80,
    0xBF, 0xE4, 0xFF, 0xFF, 0x07, 0xFF, 0xD1, 0x00, 0x00, 0x00, 0x00, 0x00, 0x00, 0x60, 0x00, 0x00,
    0x0F, 0xFC, 0x00, 0x00, 0x01, 0xFF, 0x00, 0x00, 0x00, 0x0F, 0x80, 0x00, 0x00, 0x03, 0xE0, 0x00,
    0x00, 0x00, 0xF8, 0x00, 0x00, 0x00, 0x3E, 0x00, 0x00, 0x00, 0x0F, 0x40, 0x00, 0x00, 0x03, 0xD0,
    0x00, 0x00, 0x00, 0xF4, 0x05, 0x40, 0x00, 0x3D, 0x1F, 0xFD, 0x00, 0x0F, 0x6F, 0xFF, 0xD0, 0x03,
    0xFD, 0x02, 0xF8, 0x00, 0xF8, 0x00, 0x3F, 0x00, 0x3C, 0x00, 0x0F, 0xC0, 0x0F, 0x00, 0x02, 0xF0,
    0x03, 0xC0, 0x00, 0xF8, 0x00, 0xF0, 0x00, 0x3E, 0x00, 0x3C, 0x00, 0x0F, 0x80, 0x0F, 0x00, 0x03,
    0xD0, 0x03, 0xC0, 0x00, 0xF4, 0x00, 0xF0, 0x00, 0x3D, 0x00, 0x3C, 0x00, 0x0F, 0x40, 0x7F, 0xD4,
    0x0B, 0xF5, 0x3F, 0xFD, 0x0F, 0xFF, 0x80, 0x00, 0x01, 0x00, 0x00, 0x05, 0x05, 0x43, 0xFF, 0xFC,
    0x02, 0xFD, 0x00, 0x1F, 0x80, 0x00, 0xF8, 0x00, 0x0F, 0x40, 0x00, 0xF4, 0x00, 0x0F, 0x40, 0x00,
    0xF4, 0x00, 0x0F, 0x40, 0x01, 0xF4, 0x00, 0x1F, 0x00, 0x01, 0xF0, 0x00, 0x1F, 0x00, 0x01, 0xF0,
    0x00, 0x1F, 0x00, 0x01, 0xF0, 0x00, 0x1F, 0x00, 0x01, 0xF0, 0x00, 0x2F, 0x00, 0x0B, 0xFD, 0x83,
    0xFF, 0xFC, 0x10, 0x00, 0x00, 0x00, 0x00, 0x01, 0x40, 0x08, 0x00, 0x00, 0x00, 0x00, 0x00, 0x2E,
    0x00, 0x7C, 0x00, 0x00, 0x00, 0x00, 0x00, 0x7D, 0x03, 0xE0, 0x00, 0x00, 0x00, 0x00, 0x00, 0x7F,
    0xFD, 0x00, 0x00, 0x00, 0x00, 0x00, 0x00, 0x00, 0x00, 0x00, 0x00, 0x00, 0x00, 0x00, 0x00, 0x00,
    0x00, 0x00, 0x00, 0x01, 0x50, 0x00, 0x05, 0x05, 0x40, 0x00, 0x14, 0x0F, 0xF0, 0x00, 0x7F, 0xFF,
    0x00, 0x0B, 0xF4, 0x3F, 0xF0, 0x00, 0x2F, 0xD0, 0x00, 0xBF, 0xD0, 0xEB, 0xF0, 0x00, 0x3F, 0x00,
    0x0B, 0xEA, 0x40, 0x02, 0xE0, 0x00, 0xF8, 0x00, 0x3C, 0x00, 0x00, 0x02, 0xC0, 0x03, 0xE0, 0x03,
    0xC0, 0x00, 0x00, 0x03, 0xC0, 0x0F, 0x80, 0x1D, 0x00, 0x00, 0x00, 0x07, 0x40, 0x3E, 0x00, 0xF0,
    0x00, 0x00, 0x00, 0x0F, 0x00, 0xF8, 0x0B, 0x00, 0x00, 0x00, 0x00, 0x0E, 0x03, 0xE0, 0x38, 0x00,
    0x00, 0x00, 0x00, 0x2E, 0xAF, 0xEB, 0xC0, 0x00, 0x00, 0x00, 0x00, 0xFF, 0xFF, 0xFF, 0x80, 0x00,
    0x00, 0x00, 0x0F, 0xC0, 0xF4, 0x2F, 0x40, 0x00, 0x00, 0x00, 0xBD, 0x03, 0xD0, 0x3F, 0x00, 0x00,
    0x00, 0x03, 0xF0, 0x0F, 0x40, 0x7E, 0x00, 0x00, 0x00, 0x3F, 0x00, 0x3D, 0x00, 0xBD, 0x00, 0x00,
    0x01, 0xF8, 0x00, 0xF4, 0x00, 0xFC, 0x00, 0x00, 0x0F, 0xC0, 0x03, 0xD0, 0x02, 0xF8, 0x00, 0x00,
    0xFD, 0x00, 0x0F, 0x40, 0x03, 0xF0, 0x00, 0x0B, 0xF0, 0x00, 0x7D, 0x00, 0x07, 0xF0, 0x01, 0xFF,
    0x00, 0x1B, 0xFE, 0x40, 0x0B, 0xF9, 0x2F, 0xF4, 0x00, 0xFF, 0xFF, 0x00, 0x0B, 0xFC, 0x05, 0x00,
    0x00, 0x00, 0x00, 0x00, 0x05, 0x40, 0x00, 0x00, 0x60, 0x02, 0x40, 0x00, 0x00, 0x00, 0x3D, 0x00,
    0xF0, 0x00, 0x00, 0x00, 0x07, 0xD1, 0xF4, 0x00, 0x00, 0x00, 0x00, 0x2F, 0xE0, 0x00, 0x00, 0x00,
    0x00, 0x00, 0x00, 0x00, 0x00, 0x00, 0x00, 0x00, 0x00, 0x00, 0x00, 0x00, 0x00, 0x00, 0x00, 0x00,
    0x00, 0x00, 0x7E, 0x00, 0x7F, 0xF8, 0x02, 0xF4, 0x2F, 0xF0, 0x07, 0xF8, 0x02, 0xFE, 0x06, 0x6E,
    0x00, 0xBC, 0x01, 0xE6, 0x40, 0x01, 0xC0, 0x2F, 0x00, 0xE0, 0x00, 0x00, 0x38, 0x0B, 0xC0, 0xB0,
    0x00, 0x00, 0x03, 0x42, 0xF0, 0x74, 0x00, 0x00, 0x00, 0xB5, 0xBD, 0x7C, 0x00, 0x00, 0x00, 0x3F,
    0xFF, 0xFF, 0x40, 0x00, 0x00, 0x3F, 0x0B, 0x82, 0xF0, 0x00, 0x00, 0x2F, 0x02, 0xE0, 0x3E, 0x00,
    0x00, 0x0F, 0x80, 0xB8, 0x0B, 0xC0, 0x00, 0x0B, 0xC0, 0x2E, 0x00, 0xFC, 0x00, 0x07, 0xD0, 0x0B,
    0x80, 0x1F, 0x40, 0x0B, 0xF0, 0x0B, 0xF5, 0x03, 0xF8, 0x0F, 0xF0, 0x0B, 0xFF, 0x80, 0x3F, 0xC0,
    0x10, 0x00, 0x00, 0x00, 0x01, 0x40, 0x15, 0x15, 0x01, 0x41, 0x50, 0xFF, 0xF8, 0x0F, 0xFF, 0xD0,
    0xBF, 0x40, 0x07, 0xF8, 0x01, 0xF8, 0x00, 0x0B, 0xC0, 0x03, 0xE0, 0x00, 0x2F, 0x00, 0x0F, 0x40,
    0x00, 0xBC, 0x00, 0x3D, 0x00, 0x02, 0xF0, 0x00, 0xF8, 0x00, 0x0B, 0xC0, 0x03, 0xE0, 0x00, 0x2F,
    0x00, 0x0F, 0xC0, 0x00, 0xBC, 0x00, 0x2F, 0x80, 0x02, 0xF0, 0x00, 0x3F, 0xD0, 0x6F, 0xC0, 0x00,
    0x2F, 0xFF, 0xFF, 0x00, 0x00, 0x05, 0x54, 0xB8, 0x00, 0x00, 0x00, 0x02, 0xE0, 0x00, 0x00, 0x00,
    0x0B, 0x80, 0x00, 0x00, 0x00, 0x2E, 0x00, 0x00, 0x00, 0x00, 0xB8, 0x00, 0x00, 0x00, 0x02, 0xE0,
    0x00, 0x00, 0x00, 0x0F, 0xC0, 0x00, 0x00, 0x2B, 0xFF, 0x94, 0x00, 0x00, 0xFF, 0xFF, 0xE0, 0x00,
    0x03, 0xE0, 0x00, 0x00, 0x00, 0x0F, 0x00, 0x00, 0x00, 0x00, 0x3C, 0x00, 0x00, 0x00, 0x00, 0xF0,
    0x00, 0x00, 0x00, 0x03, 0xC0, 0x00, 0x00, 0x00, 0x00, 0x00, 0x00, 0x00, 0x00, 0x00, 0x02, 0xFF,
    0xC3, 0xFF, 0xC1, 0xFC, 0x05, 0xFD, 0x03, 0xE0, 0x03, 0xE0, 0x0F, 0x40, 0x0F, 0x40, 0x3D, 0x00,
    0x3D, 0x00, 0xF8, 0x00, 0xF4, 0x03, 0xF0, 0x03, 0xD0, 0x0B, 0xE0, 0x1F, 0x40, 0x0F, 0xFF, 0xFD,
    0x00, 0x06, 0xA4, 0xF4, 0x00, 0x00, 0x03, 0xC0, 0x00, 0x00, 0x0F, 0x00, 0x00, 0x00, 0x3C, 0x00,
    0x00, 0x06, 0xF9, 0x00, 0x00, 0xBF, 0xFD, 0x00, 0x02, 0xF0, 0x00, 0x00, 0x0B, 0x40, 0x00, 0x00,
    0x2C, 0x00, 0x00, 0x00, 0xF0, 0x00, 0x00, 0x01, 0x40, 0x00, 0x15, 0x51, 0xFF, 0xD0, 0xFC, 0x02,
    0xF0, 0x0B, 0xC0, 0x2E, 0x00, 0xB8, 0x02, 0xE0, 0x0B, 0x80, 0x2E, 0x00, 0xB8, 0x02, 0xE0, 0x0B,
    0x80, 0x2E, 0x00, 0xB8, 0x02, 0xE0, 0x0B, 0x80, 0x2E, 0x00, 0xB8, 0x02, 0xD0, 0x0B, 0x40, 0x2D,
    0x00, 0xF8, 0x0B, 0xF5, 0xBF, 0xF8, 0x00, 0x00, 0x00, 0x06, 0x00, 0x14, 0x00, 0x00, 0x03, 0xC0,
    0x0F, 0x80, 0x00, 0x00, 0xBC, 0x0B, 0xC0, 0x00, 0x00, 0x0B, 0xFF, 0x80, 0x00, 0x00, 0x00, 0x04,
    0x00, 0x00, 0x00, 0x00, 0x00, 0x00, 0x00, 0x00, 0x00, 0x00, 0x10, 0x00, 0x00, 0x00, 0x00, 0x7E,
    0x00, 0x00, 0x00, 0x00, 0x2F, 0xC0, 0x00, 0x00, 0x00, 0x0F, 0xF0, 0x00, 0x00, 0x00, 0x0B, 0x7D,
    0x00, 0x00, 0x00, 0x03, 0xCF, 0x80, 0x00, 0x00, 0x01, 0xD2, 0xF0, 0x00, 0x00, 0x00, 0xB0, 0x7C,
    0x00, 0x00, 0x00, 0x38, 0x0F, 0x80, 0x00, 0x00, 0x1D, 0x03, 0xF0, 0x00, 0x00, 0x0F, 0x00, 0x7C,
    0x00, 0x00, 0x03, 0x80, 0x0F, 0x40, 0x00, 0x02, 0xD0, 0x03, 0xE0, 0x00, 0x00, 0xFF, 0xFF, 0xFC,
    0x00, 0x00, 0x79, 0x55, 0x5F, 0x40, 0x00, 0x2C, 0x00, 0x03, 0xE0, 0x00, 0x0F, 0x00, 0x00, 0xBC,
    0x00, 0x07, 0x80, 0x00, 0x1F, 0x40, 0x03, 0xC0, 0x00, 0x03, 0xE0, 0x01, 0xF0, 0x00, 0x00, 0xFC,
    0x02, 0xFE, 0x54, 0x01, 0xBF, 0xE5, 0xFF, 0xFF, 0x03, 0xFF, 0xFE, 0x00, 0x00, 0x00, 0x40, 0x00,
    0x00, 0x0A, 0x00, 0x64, 0x00, 0x7C, 0x02, 0xE0, 0x00, 0xB8, 0x1F, 0x00, 0x00, 0x6F, 0xD0, 0x00,
    0x00, 0x00, 0x00, 0x00, 0x00, 0x00, 0x00, 0x00, 0x01, 0x50, 0x00, 0x00, 0x7F, 0xF8, 0x00, 0x1F,
    0xFF, 0xF4, 0x00, 0xE0, 0x0B, 0xF0, 0x00, 0x00, 0x0F, 0xC0, 0x00, 0x00, 0x2F, 0x00, 0x00, 0x00,
    0xBC, 0x00, 0x00, 0x02, 0xF0, 0x00, 0x01, 0xBF, 0x80, 0x02, 0xFE, 0x6E, 0x00, 0x3E, 0x00, 0xB8,
    0x02, 0xF0, 0x03, 0xD0, 0x0B, 0xC0, 0x0F, 0x40, 0x1F, 0x81, 0xFE, 0x08, 0x3F, 0xFD, 0x7F, 0xE0,
    0x3F, 0xC0, 0xFE, 0x00, 0x00, 0x00, 0x50, 0x00, 0x00, 0x03, 0xC0, 0x78, 0x00, 0x00, 0x02, 0xF4,
    0x3F, 0x00, 0x00, 0x00, 0x7C, 0x0F, 0x80, 0x00, 0x00, 0x00, 0x00, 0x00, 0x00, 0x00, 0x00, 0x00,
    0x00, 0x00, 0x00, 0x00, 0x00, 0x40, 0x00, 0x00, 0x00, 0x01, 0xF8, 0x00, 0x00, 0x00, 0x00, 0xBF,
    0x00, 0x00, 0x00, 0x00, 0x3F, 0xC0, 0x00, 0x00, 0x00, 0x2D, 0xF4, 0x00, 0x00, 0x00, 0x0F, 0x3E,
    0x00, 0x00, 0x00, 0x07, 0x4B, 0xC0, 0x00, 0x00, 0x02, 0xC1, 0xF0, 0x00, 0x00, 0x00, 0xE0, 0x3E,
    0x00, 0x00, 0x00, 0x74, 0x0F, 0xC0, 0x00, 0x00, 0x3C, 0x01, 0xF0, 0x00, 0x00, 0x0E, 0x00, 0x3D,
    0x00, 0x00, 0x0B, 0x40, 0x0F, 0x80, 0x00, 0x03, 0xFF, 0xFF, 0xF0, 0x00, 0x01, 0xE5, 0x55, 0x7D,
    0x00, 0x00, 0xB0, 0x00, 0x0F, 0x80, 0x00, 0x3C, 0x00, 0x02, 0xF0, 0x00, 0x1E, 0x00, 0x00, 0x7D,
    0x00, 0x0F, 0x00, 0x00, 0x0F, 0x80, 0x07, 0xC0, 0x00, 0x03, 0xF0, 0x0B, 0xF9, 0x50, 0x06, 0xFF,
    0x97, 0xFF, 0xFC, 0x0F, 0xFF, 0xF8, 0x00, 0x00, 0x01, 0x00, 0x00, 0x00, 0x00, 0x00, 0x00, 0x3E,
    0x07, 0xD0, 0x00, 0xFC, 0x2F, 0x40, 0x02, 0x80, 0x28, 0x00, 0x00, 0x00, 0x00, 0x00, 0x00, 0x00,
    0x00, 0x00, 0x01, 0x50, 0x00, 0x00, 0x7F, 0xF8, 0x00, 0x1F, 0xFF, 0xF4, 0x00, 0xE0, 0x0B, 0xF0,
    0x00, 0x00, 0x0F, 0xC0, 0x00, 0x00, 0x2F, 0x00, 0x00, 0x00, 0xBC, 0x00, 0x00, 0x02, 0xF0, 0x00,
    0x01, 0xBF, 0x80, 0x02, 0xFE, 0x6E, 0x00, 0x3E, 0x00, 0xB8, 0x02, 0xF0, 0x03, 0xD0, 0x0B, 0xC0,
    0x0F, 0x40, 0x1F, 0x81, 0xFE, 0x08, 0x3F, 0xFD, 0x7F, 0xE0, 0x3F, 0xC0, 0xFE, 0x00, 0x00, 0x00,
    0x50, 0x00, 0x00, 0x00, 0x15, 0x40, 0x05, 0x56, 0x40, 0x00, 0x00, 0x3F, 0xFF, 0xFF, 0xFF, 0x40,
    0x00, 0x00, 0x07, 0xFE, 0x55, 0xBF, 0x00, 0x00, 0x00, 0x07, 0xF8, 0x00, 0x0F, 0x00, 0x00, 0x00,
    0x0E, 0xBC, 0x00, 0x0F, 0x00, 0x00, 0x00, 0x1C, 0xBC, 0x00, 0x0F, 0x00, 0x00, 0x00, 0x38, 0x7C,
    0x00, 0x00, 0x00, 0x00, 0x00, 0xB0, 0x7C, 0x00, 0x00, 0x00, 0x00, 0x00, 0xE0, 0x3D, 0x00, 0x00,
    0x00, 0x00, 0x02, 0xC0, 0x3D, 0x00, 0x00, 0x00, 0x00, 0x03, 0x80, 0x3E, 0x01, 0x68, 0x00, 0x00,
    0x0B, 0x56, 0xBF, 0xFF, 0xF8, 0x00, 0x00, 0x1F, 0xFF, 0xFF, 0x95, 0x40, 0x00, 0x00, 0x3D, 0x00,
    0x1F, 0x00, 0x00, 0x00, 0x00, 0x78, 0x00, 0x1F, 0x00, 0x00, 0x00, 0x00, 0xF0, 0x00, 0x0F, 0x40,
    0x00, 0x00, 0x01, 0xE0, 0x00, 0x0F, 0x80, 0x00, 0x18, 0x03, 0xC0, 0x00, 0x0F, 0x80, 0x00, 0x2C,
    0x0B, 0x80, 0x00, 0x0F, 0xC0, 0x00, 0x38, 0x0F, 0x40, 0x00, 0x0F, 0xD0, 0x00, 0x78, 0x3F, 0xD5,
    0x00, 0x6F, 0xFA, 0xAB, 0xF4, 0x3F, 0xFF, 0x03, 0xFF, 0xFF, 0xFF, 0xF4, 0x00, 0x00, 0x01, 0x00,
    0x00, 0x00, 0x00, 0x00, 0x15, 0x00, 0x05, 0x40, 0x00, 0xBF, 0xF0, 0x2F, 0xFD, 0x02, 0xFA, 0xFF,
    0x3E, 0x6F, 0xC0, 0xE0, 0x0B, 0xF8, 0x02, 0xF8, 0x00, 0x00, 0xFC, 0x00, 0x3F, 0x00, 0x00, 0x3E,
    0x00, 0x2F, 0xC0, 0x00, 0x0F, 0x46, 0xFF, 0x80, 0x00, 0x03, 0xFF, 0xE4, 0x00, 0x00, 0x2F, 0xF9,
    0x00, 0x00, 0x06, 0xFD, 0x3E, 0x00, 0x00, 0x07, 0xD0, 0x0F, 0xC0, 0x00, 0x03, 0xD0, 0x02, 0xF0,
    0x00, 0x00, 0xF8, 0x01, 0xFF, 0x00, 0x00, 0x3F, 0x42, 0xDB, 0xF0, 0x01, 0x87, 0xFF, 0xC0, 0xFF,
    0xFF, 0xE0, 0x7F, 0x80, 0x0B, 0xFF, 0x80, 0x00, 0x00, 0x00, 0x05, 0x00, 0x00, 0x00, 0x00, 0x00,
    0x00, 0x00, 0x0B, 0x00, 0x2D, 0x00, 0x03, 0xD0, 0x0F, 0x80, 0x00, 0x7E, 0x5B, 0xC0, 0x00, 0x02,
    0xFE, 0x40, 0x00, 0x00, 0x00, 0x00, 0x00, 0x00, 0x00, 0x00, 0x00, 0x15, 0x00, 0x55, 0x58, 0x2F,
    0xFF, 0xFF, 0xFF, 0x00, 0xBF, 0x55, 0xAF, 0xC0, 0x1F, 0x80, 0x00, 0xF0, 0x03, 0xE0, 0x00, 0x38,
    0x00, 0xF4, 0x00, 0x0E, 0x00, 0x3D, 0x00, 0x00, 0x00, 0x0F, 0x40, 0x00, 0x00, 0x03, 0xD0, 0x00,
    0x00, 0x00, 0xF4, 0x00, 0x00, 0x00, 0x7F, 0xFF, 0xFC, 0x00, 0x1F, 0xFF, 0xFE, 0x00, 0x07, 0xD0,
    0x00, 0x00, 0x01, 0xF0, 0x00, 0x00, 0x00, 0x7C, 0x00, 0x00, 0x00, 0x1F, 0x00, 0x00, 0x00, 0x07,
    0xC0, 0x00, 0x09, 0x01, 0xF0, 0x00, 0x03, 0x80, 0x7C, 0x00, 0x01, 0xD0, 0x2F, 0x00, 0x00, 0xF0,
    0x6F, 0xFA, 0xAA, 0xFC, 0x3F, 0xFF, 0xFF, 0xFF, 0x04, 0x00, 0x00, 0x00, 0x00, 0x01, 0x80, 0x09,
    0x00, 0xF4, 0x03, 0xC0, 0x1F, 0x47, 0xD0, 0x00, 0xBF, 0x80, 0x00, 0x00, 0x00, 0x00, 0x00, 0x00,
    0x00, 0x00, 0x54, 0x00, 0x02, 0xFF, 0xF0, 0x03, 0xE5, 0xBF, 0x03, 0xC0, 0x0B, 0xD1, 0xE0, 0x01,
    0xF8, 0xF0, 0x00, 0x7E, 0x7F, 0xFF, 0xFF, 0xAF, 0x55, 0x55, 0x4B, 0xC0, 0x00, 0x02, 0xF0, 0x00,
    0x00, 0xBC, 0x00, 0x00, 0x1F, 0x80, 0x00, 0x03, 0xF0, 0x00, 0x00, 0x7F, 0x40, 0x1C, 0x0B, 0xFF,
    0xFE, 0x00, 0x7F, 0xFD, 0x00, 0x00, 0x50, 0x00, 0x00, 0x00, 0x1A, 0x40, 0x00, 0x00, 0x00, 0x7F,
    0xFF, 0xD0, 0x00, 0x00, 0x7F, 0xFF, 0xFF, 0xC0, 0x00, 0x2F, 0x90, 0x07, 0xFF, 0x00, 0x01, 0x40,
    0x00, 0x0B, 0xFC, 0x00, 0x00, 0x00, 0x00, 0x1F, 0xE0, 0x00, 0x00, 0x00, 0x00, 0xBF, 0x00, 0x00,
    0x00, 0x00, 0x03, 0xF8, 0x00, 0x00, 0x00, 0x00, 0x2F, 0xC0, 0x00, 0x00, 0x00, 0x00, 0xFC, 0x00,
    0x00, 0x00, 0x00, 0x0F, 0xC0, 0x00, 0x00, 0x00, 0x00, 0xFC, 0x3F, 0xFF, 0xFF, 0xFF, 0xFF, 0xC3,
    0xF5, 0x55, 0x55, 0x55, 0xFC, 0x3F, 0x00, 0x00, 0x00, 0x0F, 0x43, 0xF4, 0x00, 0x00, 0x01, 0xF0,
    0x2F, 0x80, 0x00, 0x00, 0x3E, 0x00, 0xFD, 0x00, 0x00, 0x07, 0xC0, 0x0B, 0xF0, 0x00, 0x00, 0xF4,
    0x00, 0x3F, 0xD0, 0x00, 0x7D, 0x00, 0x00, 0xBF, 0xD5, 0xBF, 0x00, 0x00, 0x01, 0xFF, 0xFF, 0x40,
    0x00, 0x00, 0x00, 0x55, 0x00, 0x00, 0x00, 0x00, 0x14, 0x00, 0x01, 0xFF, 0xF4, 0x03, 0xFF, 0xFF,
    0x80, 0x90, 0x07, 0xF4, 0x00, 0x00, 0x3F, 0x00, 0x00, 0x0B, 0xD0, 0x00, 0x00, 0xF8, 0x00, 0x00,
    0x3E, 0x00, 0x00, 0x0F, 0x85, 0x55, 0x57, 0xEB, 0xFF, 0xFF, 0xF6, 0xF4, 0x00, 0x3C, 0xBD, 0x00,
    0x2D, 0x1F, 0x80, 0x1F, 0x03, 0xF9, 0x6F, 0x00, 0x2F, 0xFE, 0x00, 0x00, 0x54, 0x00, 0x00, 0x00,
    0x00, 0x01, 0xD0, 0x2C, 0x00, 0x00, 0x00, 0x00, 0x00, 0x0F, 0xC1, 0xF4, 0x00, 0x00, 0x00, 0x00,
    0x00, 0x3E, 0x07, 0xC0, 0x00, 0x00, 0x00, 0x00, 0x00, 0x00, 0x00, 0x00, 0x00, 0x00, 0x00, 0x00,
    0x00, 0x00, 0x00, 0x00, 0x00, 0x00, 0x54, 0x00, 0x01, 0x41, 0x50, 0x00, 0x05, 0x03, 0xFC, 0x00,
    0x1F, 0xFF, 0xC0, 0x02, 0xFD, 0x0F, 0xFC, 0x00, 0x0B, 0xF4, 0x00, 0x2F, 0xF4, 0x3A, 0xFC, 0x00,
    0x0F, 0xC0, 0x02, 0xFA, 0x90, 0x00, 0xB8, 0x00, 0x3E, 0x00, 0x0F, 0x00, 0x00, 0x00, 0xB0, 0x00,
    0xF8, 0x00, 0xF0, 0x00, 0x00, 0x00, 0xF0, 0x03, 0xE0, 0x07, 0x40, 0x00, 0x00, 0x01, 0xD0, 0x0F,
    0x80, 0x3C, 0x00, 0x00, 0x00, 0x03, 0xC0, 0x3E, 0x02, 0xC0, 0x00, 0x00, 0x00, 0x03, 0x80, 0xF8,
    0x0E, 0x00, 0x00, 0x00, 0x00, 0x0B, 0xAB, 0xFA, 0xF0, 0x00, 0x00, 0x00, 0x00, 0x3F, 0xFF, 0xFF,
    0xE0, 0x00, 0x00, 0x00, 0x03, 0xF0, 0x3D, 0x0B, 0xD0, 0x00, 0x00, 0x00, 0x2F, 0x40, 0xF4, 0x0F,
    0xC0, 0x00, 0x00, 0x00, 0xFC, 0x03, 0xD0, 0x1F, 0x80, 0x00, 0x00, 0x0F, 0xC0, 0x0F, 0x40, 0x2F,
    0x40, 0x00, 0x00, 0x7E, 0x00, 0x3D, 0x00, 0x3F, 0x00, 0x00, 0x03, 0xF0, 0x00, 0xF4, 0x00, 0xBE,
    0x00, 0x00, 0x3F, 0x40, 0x03, 0xD0, 0x00, 0xFC, 0x00, 0x02, 0xFC, 0x00, 0x1F, 0x40, 0x01, 0xFC,
    0x00, 0x7F, 0xC0, 0x06, 0xFF, 0x90, 0x02, 0xFE, 0x4B, 0xFD, 0x00, 0x3F, 0xFF, 0xC0, 0x02, 0xFF,
    0x01, 0x40, 0x00, 0x00, 0x00, 0x00, 0x01, 0x50, 0x00, 0x00, 0x00, 0x00, 0x00, 0x00, 0x00, 0x00,
    0x1F, 0x03, 0xE0, 0x00, 0x00, 0x00, 0x0B, 0xC0, 0xF8, 0x00, 0x00, 0x00, 0x01, 0xD0, 0x28, 0x00,
    0x00, 0x00, 0x00, 0x00, 0x00, 0x00, 0x00, 0x00, 0x00, 0x00, 0x00, 0x00, 0x00, 0x00, 0x00, 0x00,
    0x00, 0x00, 0x00, 0x00, 0x7E, 0x00, 0x7F, 0xF8, 0x02, 0xF4, 0x2F, 0xF0, 0x07, 0xF8, 0x02, 0xFE,
    0x06, 0x6E, 0x00, 0xBC, 0x01, 0xE6, 0x40, 0x01, 0xC0, 0x2F, 0x00, 0xE0, 0x00, 0x00, 0x38, 0x0B,
    0xC0, 0xB0, 0x00, 0x00, 0x03, 0x42, 0xF0, 0x74, 0x00, 0x00, 0x00, 0xB5, 0xBD, 0x7C, 0x00, 0x00,
    0x00, 0x3F, 0xFF, 0xFF, 0x40, 0x00, 0x00, 0x3F, 0x0B, 0x82, 0xF0, 0x00, 0x00, 0x2F, 0x02, 0xE0,
    0x3E, 0x00, 0x00, 0x0F, 0x80, 0xB8, 0x0B, 0xC0, 0x00, 0x0B, 0xC0, 0x2E, 0x00, 0xFC, 0x00, 0x07,
    0xD0, 0x0B, 0x80, 0x1F, 0x40, 0x0B, 0xF0, 0x0B, 0xF5, 0x03, 0xF8, 0x0F, 0xF0, 0x0B, 0xFF, 0x80,
    0x3F, 0xC0, 0x10, 0x00, 0x00, 0x00, 0x01, 0x40, 0x02, 0xD0, 0x38, 0x00, 0x7E, 0x0B, 0xC0, 0x03,
    0xD0, 0xBC, 0x00, 0x00, 0x00, 0x00, 0x00, 0x00, 0x00, 0x00, 0x15, 0x50, 0x00, 0x3F, 0xFF, 0xF4,
    0x03, 0xF9, 0x6F, 0xE0, 0x3D, 0x00, 0x3F, 0x43, 0xC0, 0x01, 0xF8, 0x38, 0x00, 0x0F, 0x83, 0x40,
    0x00, 0xF8, 0x00, 0x00, 0x1F, 0x40, 0x00, 0x02, 0xF0, 0x00, 0x00, 0x7C, 0x00, 0x0F, 0xFE, 0x00,
    0x00, 0xFF, 0xF8, 0x00, 0x00, 0x1B, 0xF4, 0x00, 0x00, 0x1F, 0xC0, 0x00, 0x00, 0xBE, 0x00, 0x00,
    0x07, 0xE7, 0x00, 0x00, 0x7E, 0x74, 0x00, 0x07, 0xE7, 0x80, 0x00, 0xBC, 0x7D, 0x00, 0x1F, 0x47,
    0xFA, 0x6F, 0xD0, 0x7F, 0xFF, 0xE0, 0x00, 0x15, 0x40, 0x00, 0x04, 0x00, 0x00, 0xF8, 0x1F, 0x03,
    0xF0, 0xBD, 0x0A, 0x00, 0xA0, 0x00, 0x00, 0x00, 0x00, 0x00, 0x00, 0x00, 0x00, 0x1F, 0xFF, 0xD0,
    0xBE, 0x6F, 0xD2, 0xC0, 0x0F, 0xCB, 0x00, 0x2F, 0x14, 0x00, 0xB8, 0x00, 0x03, 0xC0, 0x05, 0x7C,
    0x00, 0x7F, 0xF8, 0x00, 0x02, 0xFC, 0x00, 0x00, 0xF9, 0x40, 0x03, 0xFE, 0x00, 0x0F, 0xBC, 0x00,
    0x3D, 0xFD, 0x5B, 0xD3, 0xFF, 0xF8, 0x00, 0x00, 0x00, 0x00, 0x00, 0x03, 0xEA, 0xBF, 0x40, 0x00,
    0x00, 0x1F, 0xFF, 0xFD, 0x00, 0x00, 0x00, 0x00, 0x00, 0x00, 0x00, 0x00, 0x00, 0x00, 0x00, 0x00,
    0x00, 0x05, 0x05, 0x40, 0x01, 0x41, 0x50, 0xBF, 0xFE, 0x00, 0x2F, 0xFF, 0xC0, 0x2F, 0xD0, 0x00,
    0x0B, 0xF4, 0x00, 0x7E, 0x00, 0x00, 0x0F, 0x80, 0x00, 0xF8, 0x00, 0x00, 0xBE, 0x00, 0x03, 0xD0,
    0x00, 0x0B, 0xF8, 0x00, 0x0F, 0x40, 0x00, 0x7F, 0xE0, 0x00, 0x3D, 0x00, 0x07, 0xCF, 0x40, 0x00,
    0xF4, 0x00, 0x3C, 0x3D, 0x00, 0x03, 0xD0, 0x03, 0xC0, 0xF4, 0x00, 0x1F, 0x40, 0x3C, 0x03, 0xD0,
    0x00, 0x7C, 0x02, 0xD0, 0x0F, 0x40, 0x01, 0xF0, 0x2D, 0x00, 0x3D, 0x00, 0x07, 0xC2, 0xE0, 0x00,
    0xF0, 0x00, 0x1F, 0x1E, 0x00, 0x03, 0xC0, 0x00, 0x7E, 0xF0, 0x00, 0x0F, 0x00, 0x01, 0xFF, 0x00,
    0x00, 0x3C, 0x00, 0x07, 0xF0, 0x00, 0x00, 0xF0, 0x00, 0x1F, 0x40, 0x00, 0x07, 0xC0, 0x00, 0xBC,
    0x00, 0x00, 0x2F, 0x40, 0x0B, 0xFD, 0x80, 0x06, 0xFF, 0xA0, 0xFF, 0xFF, 0x00, 0x3F, 0xFF, 0xC1,
    0x00, 0x00, 0x00, 0x00, 0x00, 0x00, 0x00, 0x00, 0x00, 0x00, 0x00, 0x3F, 0xFF, 0xF8, 0x00, 0x0F,
    0xFF, 0xFD, 0x00, 0x00, 0x00, 0x00, 0x00, 0x00, 0x00, 0x00, 0x00, 0x00, 0x00, 0x00, 0x00, 0x00,
    0x00, 0x00, 0x00, 0x00, 0xFF, 0xF0, 0x0F, 0xFE, 0x1B, 0xE0, 0x01, 0xFE, 0x01, 0xF0, 0x00, 0x2F,
    0x00, 0x7C, 0x00, 0x2F, 0xC0, 0x1F, 0x00, 0x2F, 0xF0, 0x07, 0xC0, 0x1E, 0x7C, 0x01, 0xF0, 0x1E,
    0x1F, 0x00, 0x7C, 0x1E, 0x07, 0xC0, 0x1F, 0x1E, 0x01, 0xF0, 0x07, 0xDE, 0x00, 0x7C, 0x01, 0xFE,
    0x00, 0x1F, 0x00, 0x7F, 0x00, 0x07, 0xC0, 0x2F, 0x00, 0x02, 0xF0, 0x1F, 0xD4, 0x02, 0xFD, 0x5F,
    0xFF, 0x02, 0xFF, 0xF0, 0x00, 0x00, 0x00, 0x00, 0x00, 0x00, 0xE0, 0x2D, 0x00, 0x00, 0x00, 0x0B,
    0xD0, 0xFC, 0x00, 0x00, 0x00, 0x1F, 0x03, 0xD0, 0x00, 0x00, 0x00, 0x00, 0x00, 0x00, 0x00, 0x00,
    0x00, 0x00, 0x00, 0x00, 0x00, 0x14, 0x15, 0x00, 0x05, 0x05, 0x42, 0xFF, 0xF8, 0x00, 0xBF, 0xFF,
    0x00, 0xBF, 0x40, 0x00, 0x2F, 0xD0, 0x01, 0xF8, 0x00, 0x00, 0x3E, 0x00, 0x03, 0xE0, 0x00, 0x02,
    0xF8, 0x00, 0x0F, 0x40, 0x00, 0x2F, 0xE0, 0x00, 0x3D, 0x00, 0x01, 0xFF, 0x80, 0x00, 0xF4, 0x00,
    0x1F, 0x3D, 0x00, 0x03, 0xD0, 0x00, 0xF0, 0xF4, 0x00, 0x0F, 0x40, 0x0F, 0x03, 0xD0, 0x00, 0x7D,
    0x00, 0xF0, 0x0F, 0x40, 0x01, 0xF0, 0x0B, 0x40, 0x3D, 0x00, 0x07, 0xC0, 0xB4, 0x00, 0xF4, 0x00,
    0x1F, 0x0B, 0x80, 0x03, 0xC0, 0x00, 0x7C, 0x78, 0x00, 0x0F, 0x00, 0x01, 0xFB, 0xC0, 0x00, 0x3C,
    0x00, 0x07, 0xFC, 0x00, 0x00, 0xF0, 0x00, 0x1F, 0xC0, 0x00, 0x03, 0xC0, 0x00, 0x7D, 0x00, 0x00,
    0x1F, 0x00, 0x02, 0xF0, 0x00, 0x00, 0xBD, 0x00, 0x2F, 0xF6, 0x00, 0x1B, 0xFE, 0x83, 0xFF, 0xFC,
    0x00, 0xFF, 0xFF, 0x04, 0x00, 0x00, 0x00, 0x00, 0x00, 0x00, 0x00, 0x00, 0x00, 0x00, 0x0F, 0x42,
    0xF0, 0x00, 0x07, 0xD0, 0xFC, 0x00, 0x00, 0xA0, 0x1D, 0x00, 0x00, 0x00, 0x00, 0x00, 0x00, 0x00,
    0x00, 0x00, 0x00, 0x00, 0x00, 0x00, 0x00, 0xFF, 0xF0, 0x0F, 0xFE, 0x1B, 0xE0, 0x01, 0xFE, 0x01,
    0xF0, 0x00, 0x2F, 0x00, 0x7C, 0x00, 0x2F, 0xC0, 0x1F, 0x00, 0x2F, 0xF0, 0x07, 0xC0, 0x1E, 0x7C,
    0x01, 0xF0, 0x1E, 0x1F, 0x00, 0x7C, 0x1E, 0x07, 0xC0, 0x1F, 0x1E, 0x01, 0xF0, 0x07, 0xDE, 0x00,
    0x7C, 0x01, 0xFE, 0x00, 0x1F, 0x00, 0x7F, 0x00, 0x07, 0xC0, 0x2F, 0x00, 0x02, 0xF0, 0x1F, 0xD4,
    0x02, 0xFD, 0x5F, 0xFF, 0x02, 0xFF, 0xF0, 0x00, 0x00, 0x00, 0x00, 0x00, 0x03, 0x80, 0xB4, 0x00,
    0x00, 0x02, 0xF0, 0x3F, 0x00, 0x00, 0x00, 0xBC, 0x0F, 0x40, 0x00, 0x00, 0x00, 0x00, 0x00, 0x00,
    0x00, 0x00, 0x00, 0x00, 0x00, 0x00, 0x00, 0x06, 0xA4, 0x00, 0x00, 0x00, 0x7F, 0xFF, 0xE0, 0x00,
    0x00, 0xFE, 0x5B, 0xFF, 0x40, 0x01, 0xF8, 0x00, 0x0F, 0xF4, 0x00, 0xF4, 0x00, 0x00, 0xFF, 0x00,
    0xF8, 0x00, 0x00, 0x0F, 0xE0, 0x7C, 0x00, 0x00, 0x02, 0xFC, 0x3F, 0x00, 0x00, 0x00, 0x3F, 0x4F,
    0x40, 0x00, 0x00, 0x0B, 0xE7, 0xD0, 0x00, 0x00, 0x01, 0xFA, 0xF4, 0x00, 0x00, 0x00, 0x7E, 0xBC,
    0x00, 0x00, 0x00, 0x1F, 0xAF, 0x40, 0x00, 0x00, 0x07, 0xEB, 0xD0, 0x00, 0x00, 0x01, 0xF5, 0xF8,
    0x00, 0x00, 0x00, 0xBC, 0x3F, 0x00, 0x00, 0x00, 0x3F, 0x0F, 0xD0, 0x00, 0x00, 0x0F, 0x41, 0xFC,
    0x00, 0x00, 0x0B, 0x80, 0x3F, 0x80, 0x00, 0x07, 0xC0, 0x03, 0xFC, 0x00, 0x0B, 0xC0, 0x00, 0x3F,
    0xE5, 0x6F, 0x80, 0x00, 0x01, 0xFF, 0xFE, 0x00, 0x00, 0x00, 0x01, 0x50, 0x00, 0x00, 0x00, 0x00,
    0x00, 0x00, 0x0B, 0xC0, 0xF8, 0x00, 0x3F, 0x07, 0xE0, 0x00, 0x74, 0x0A, 0x00, 0x00, 0x00, 0x00,
    0x00, 0x00, 0x00, 0x00, 0x00, 0x00, 0x55, 0x00, 0x00, 0x2F, 0xFF, 0x40, 0x03, 0xE5, 0xBF, 0x80,
    0x3D, 0x00, 0x7F, 0x41, 0xE0, 0x00, 0x7F, 0x0F, 0x40, 0x00, 0xFC, 0x7C, 0x00, 0x02, 0xF6, 0xF0,
    0x00, 0x07, 0xDB, 0xC0, 0x00, 0x0F, 0x6F, 0x00, 0x00, 0x3D, 0xBD, 0x00, 0x01, 0xF1, 0xF8, 0x00,
    0x07, 0xC3, 0xF0, 0x00, 0x3D, 0x07, 0xF0, 0x02, 0xE0, 0x0B, 0xF5, 0x6E, 0x00, 0x07, 0xFF, 0xD0,
    0x00, 0x00, 0x50, 0x00, 0x00, 0x00, 0x00, 0x1A, 0x90, 0x00, 0x00, 0x01, 0xFF, 0xFF, 0x80, 0x00,
    0x03, 0xF9, 0x6F, 0xFD, 0x00, 0x07, 0xE0, 0x00, 0x3F, 0xD0, 0x03, 0xD0, 0x00, 0x03, 0xFC, 0x03,
    0xE0, 0x00, 0x00, 0x3F, 0x81, 0xF0, 0x00, 0x00, 0x07, 0xF0, 0xF8, 0x00, 0x00, 0x00, 0xFD, 0x3D,
    0x00, 0x00, 0x00, 0x2F, 0x9F, 0x40, 0x00, 0x00, 0x07, 0xEB, 0xEA, 0xAA, 0xAA, 0xAB, 0xFA, 0xFF,
    0xFF, 0xFF, 0xFF, 0xFE, 0xBE, 0x55, 0x55, 0x55, 0x5F, 0xAF, 0x40, 0x00, 0x00, 0x07, 0xD7, 0xE0,
    0x00, 0x00, 0x01, 0xF0, 0xFC, 0x00, 0x00, 0x00, 0xFC, 0x3F, 0x40, 0x00, 0x00, 0x3D, 0x07, 0xF0,
    0x00, 0x00, 0x2E, 0x00, 0xFE, 0x00, 0x00, 0x1F, 0x00, 0x0F, 0xF0, 0x00, 0x2F, 0x00, 0x00, 0xFF,
    0x95, 0xBE, 0x00, 0x00, 0x07, 0xFF, 0xF8, 0x00, 0x00, 0x00, 0x05, 0x40, 0x00, 0x00, 0x00, 0x05,
    0x50, 0x00, 0x02, 0xFF, 0xF4, 0x00, 0x3E, 0x5B, 0xF8, 0x03, 0xD0, 0x03, 0xF4, 0x2E, 0x00, 0x07,
    0xF0, 0xF4, 0x00, 0x0B, 0xD7, 0xC0, 0x00, 0x1F, 0xAF, 0xAA, 0xAA, 0xBE, 0xBF, 0xFF, 0xFF, 0xFA,
    0xF0, 0x00, 0x03, 0xEB, 0xC0, 0x00, 0x0F, 0x5F, 0x80, 0x00, 0x7C, 0x3F, 0x00, 0x02, 0xD0, 0x7F,
    0x00, 0x1E, 0x00, 0xBF, 0x46, 0xE0, 0x00, 0x7F, 0xFD, 0x00, 0x00, 0x05, 0x00, 0x00, 0x00, 0x1F,
    0xAA, 0xFC, 0x00, 0x00, 0xBF, 0xFF, 0xF0, 0x00, 0x00, 0x00, 0x00, 0x00, 0x00, 0x00, 0x00, 0x00,
    0x00, 0x14, 0x55, 0x00, 0x14, 0x55, 0xFF, 0xFC, 0x01, 0xFF, 0xF2, 0xFF, 0x40, 0x00, 0x7F, 0x42,
    0xF8, 0x00, 0x00, 0xB4, 0x03, 0xF0, 0x00, 0x03, 0xC0, 0x07, 0xD0, 0x00, 0x1D, 0x00, 0x0F, 0xC0,
    0x00, 0xF0, 0x00, 0x0F, 0x80, 0x07, 0x40, 0x00, 0x2F, 0x00, 0x2C, 0x00, 0x00, 0x3E, 0x00, 0xD0,
    0x00, 0x00, 0xBC, 0x0B, 0x00, 0x00, 0x00, 0xFC, 0x38, 0x00, 0x00, 0x01, 0xF6, 0xC0, 0x00, 0x00,
    0x03, 0xFE, 0x00, 0x00, 0x00, 0x03, 0xF0, 0x00, 0x00, 0x00, 0x0B, 0xC0, 0x00, 0x00, 0x00, 0x1D,
    0x00, 0x00, 0x00, 0x00, 0xF0, 0x00, 0x00, 0x14, 0x0B, 0x40, 0x00, 0x00, 0xFF, 0xFC, 0x00, 0x00,
    0x02, 0xFF, 0xC0, 0x00, 0x00, 0x0B, 0xF8, 0x00, 0x00, 0x00, 0x00, 0x00, 0x00, 0x00, 0x00, 0x00,
    0x00, 0x00, 0x00, 0x00, 0x3F, 0xFF, 0xF4, 0x00, 0x1F, 0xFF, 0xFD, 0x00, 0x00, 0x00, 0x00, 0x00,
    0x00, 0x00, 0x00, 0x00, 0x00, 0x00, 0x00, 0x00, 0x00, 0x00, 0x00, 0x00, 0x00, 0xFF, 0xF8, 0x3F,
    0xFC, 0x0B, 0xF0, 0x00, 0xBD, 0x00, 0xFC, 0x00, 0x1D, 0x00, 0x2F, 0x00, 0x0F, 0x00, 0x03, 0xD0,
    0x03, 0x80, 0x00, 0xF8, 0x02, 0xC0, 0x00, 0x1F, 0x00, 0xE0, 0x00, 0x03, 0xD0, 0x74, 0x00, 0x00,
    0xF8, 0x3C, 0x00, 0x00, 0x1F, 0x0D, 0x00, 0x00, 0x03, 0xCB, 0x00, 0x00, 0x00, 0xFB, 0x80, 0x00,
    0x00, 0x1F, 0xC0, 0x00, 0x00, 0x03, 0xF0, 0x00, 0x00, 0x00, 0xF4, 0x00, 0x00, 0x00, 0x3C, 0x00,
    0x00, 0x00, 0x1D, 0x00, 0x00, 0x00, 0x0F, 0x00, 0x00, 0x00, 0x0B, 0x80, 0x00, 0x00, 0x0B, 0xC0,
    0x00, 0x00, 0x1F, 0xD0, 0x00, 0x00, 0x3F, 0xE0, 0x00, 0x00, 0x07, 0xD0, 0x00, 0x00, 0x00, 0x00,
    0x00, 0x00, 0x00, 0x00, 0x07, 0x80, 0xB0, 0x00, 0x00, 0x3F, 0x07, 0xE0, 0x00, 0x00, 0xB8, 0x0F,
    0x00, 0x00, 0x00, 0x00, 0x00, 0x00, 0x00, 0x00, 0x00, 0x00, 0x00, 0x51, 0x54, 0x00, 0x51, 0x57,
    0xFF, 0xF0, 0x07, 0xFF, 0xCB, 0xFD, 0x00, 0x01, 0xFD, 0x0B, 0xE0, 0x00, 0x02, 0xD0, 0x0F, 0xC0,
    0x00, 0x0F, 0x00, 0x1F, 0x40, 0x00, 0x74, 0x00, 0x3F, 0x00, 0x03, 0xC0, 0x00, 0x3E, 0x00, 0x1D,
    0x00, 0x00, 0xBC, 0x00, 0xB0, 0x00, 0x00, 0xF8, 0x03, 0x40, 0x00, 0x02, 0xF0, 0x2C, 0x00, 0x00,
    0x03, 0xF0, 0xE0, 0x00, 0x00, 0x07, 0xDB, 0x00, 0x00, 0x00, 0x0F, 0xF8, 0x00, 0x00, 0x00, 0x0F,
    0xC0, 0x00, 0x00, 0x00, 0x2F, 0x00, 0x00, 0x00, 0x00, 0x74, 0x00, 0x00, 0x00, 0x03, 0xC0, 0x00,
    0x00, 0x50, 0x2D, 0x00, 0x00, 0x03, 0xFF, 0xF0, 0x00, 0x00, 0x0B, 0xFF, 0x00, 0x00, 0x00, 0x2F,
    0xE0, 0x00, 0x00, 0x00, 0x00, 0x00, 0x00, 0x00, 0x00, 0x00, 0x00, 0x00, 0x00, 0x1F, 0x03, 0xE0,
    0x00, 0x0B, 0xC0, 0xFC, 0x00, 0x00, 0xA0, 0x28, 0x00, 0x00, 0x00, 0x00, 0x00, 0x00, 0x00, 0x00,
    0x00, 0x00, 0x00, 0x00, 0x00, 0x00, 0xFF, 0xF8, 0x3F, 0xFC, 0x0B, 0xF0, 0x00, 0xBD, 0x00, 0xFC,
    0x00, 0x1D, 0x00, 0x2F, 0x00, 0x0F, 0x00, 0x03, 0xD0, 0x03, 0x80, 0x00, 0xF8, 0x02, 0xC0, 0x00,
    0x1F, 0x00, 0xE0, 0x00, 0x03, 0xD0, 0x74, 0x00, 0x00, 0xF8, 0x3C, 0x00, 0x00, 0x1F, 0x0D, 0x00,
    0x00, 0x03, 0xCB, 0x00, 0x00, 0x00, 0xFB, 0x80, 0x00, 0x00, 0x1F, 0xC0, 0x00, 0x00, 0x03, 0xF0,
    0x00, 0x00, 0x00, 0xF4, 0x00, 0x00, 0x00, 0x3C, 0x00, 0x00, 0x00, 0x1D, 0x00, 0x00, 0x00, 0x0F,
    0x00, 0x00, 0x00, 0x0B, 0x80, 0x00, 0x00, 0x0B, 0xC0, 0x00, 0x00, 0x1F, 0xD0, 0x00, 0x00, 0x3F,
    0xE0, 0x00, 0x00, 0x07, 0xD0, 0x00, 0x00, 0x00, 0x00, 0x00, 0x00, 0x00, 0x00, 0x00, 0x01, 0x00,
    0x00, 0x00, 0x00, 0x3C, 0x0E, 0x00, 0x00, 0x07, 0xE1, 0xFC, 0x00, 0x00, 0xBC, 0x2F, 0x40, 0x00,
    0x0B, 0x42, 0xD0, 0x00, 0x00, 0x00, 0x04, 0x00, 0x01, 0x45, 0x50, 0x01, 0x45, 0x5F, 0xFF, 0xC0,
    0x1F, 0xFF, 0x2F, 0xF4, 0x00, 0x07, 0xF4, 0x2F, 0x80, 0x00, 0x0B, 0x40, 0x3F, 0x00, 0x00, 0x3C,
    0x00, 0x7D, 0x00, 0x01, 0xD0, 0x00, 0xFC, 0x00, 0x0F, 0x00, 0x00, 0xF8, 0x00, 0x74, 0x00, 0x02,
    0xF0, 0x02, 0xC0, 0x00, 0x03, 0xE0, 0x0D, 0x00, 0x00, 0x0B, 0xC0, 0xB0, 0x00, 0x00, 0x0F, 0xC3,
    0x80, 0x00, 0x00, 0x1F, 0x6C, 0x00, 0x00, 0x00, 0x3F, 0xE0, 0x00, 0x00, 0x00, 0x3F, 0x00, 0x00,
    0x00, 0x00, 0xBC, 0x00, 0x00, 0x00, 0x01, 0xD0, 0x00, 0x00, 0x00, 0x0F, 0x00, 0x00, 0x01, 0x40,
    0xB4, 0x00, 0x00, 0x0F, 0xFF, 0xC0, 0x00, 0x00, 0x2F, 0xFC, 0x00, 0x00, 0x00, 0xBF, 0x80, 0x00,
    0x00, 0x00, 0x00, 0x00, 0x00, 0x00, 0x00, 0x00, 0x00, 0x10, 0x00, 0x00, 0x3C, 0x2D, 0x00, 0x00,
    0x2F, 0x1F, 0x40, 0x00, 0x2E, 0x1F, 0x00, 0x00, 0x2D, 0x1E, 0x00, 0x00, 0x1C, 0x0D, 0x00, 0x00,
    0x00, 0x00, 0x00, 0x00, 0x00, 0x00, 0x00, 0x00, 0x00, 0x00, 0x00, 0x00, 0x0F, 0xFF, 0x83, 0xFF,
    0xC0, 0xBF, 0x00, 0x0B, 0xD0, 0x0F, 0xC0, 0x01, 0xD0, 0x02, 0xF0, 0x00, 0xF0, 0x00, 0x3D, 0x00,
    0x38, 0x00, 0x0F, 0x80, 0x2C, 0x00, 0x01, 0xF0, 0x0E, 0x00, 0x00, 0x3D, 0x07, 0x40, 0x00, 0x0F,
    0x83, 0xC0, 0x00, 0x01, 0xF0, 0xD0, 0x00, 0x00, 0x3C, 0xB0, 0x00, 0x00, 0x0F, 0xB8, 0x00, 0x00,
    0x01, 0xFC, 0x00, 0x00, 0x00, 0x3F, 0x00, 0x00, 0x00, 0x0F, 0x40, 0x00, 0x00, 0x03, 0xC0, 0x00,
    0x00, 0x01, 0xD0, 0x00, 0x00, 0x00, 0xF0, 0x00, 0x00, 0x00, 0xB8, 0x00, 0x00, 0x00, 0xBC, 0x00,
    0x00, 0x01, 0xFD, 0x00, 0x00, 0x03, 0xFE, 0x00, 0x00, 0x00, 0x7D, 0x00, 0x00, 0x00, 0x00, 0x00,
    0x00, 0x00, 0x00, 0x00, 0x0F, 0x01, 0xD0, 0x00, 0x00, 0xBD, 0x0F, 0xC0, 0x00, 0x01, 0xF0, 0x3E,
    0x00, 0x00, 0x00, 0x00, 0x00, 0x00, 0x00, 0x00, 0x00, 0x00, 0x00, 0x51, 0x50, 0x05, 0x05, 0x4B,
    0xFF, 0xD0, 0x7F, 0xFF, 0x07, 0xF8, 0x00, 0x2F, 0xD0, 0x0B, 0xC0, 0x00, 0x3F, 0x00, 0x2F, 0x00,
    0x00, 0xF8, 0x00, 0xBC, 0x00, 0x03, 0xE0, 0x02, 0xF0, 0x00, 0x0F, 0x80, 0x0B, 0xC0, 0x00, 0x3E,
    0x00, 0x2F, 0x00, 0x00, 0xF8, 0x00, 0x7E, 0x00, 0x03, 0xD0, 0x00, 0xFD, 0x00, 0x0F, 0x40, 0x01,
    0xFE, 0x46, 0xFD, 0x00, 0x00, 0xFF, 0xFF, 0xF4, 0x00, 0x00, 0x15, 0x43, 0xD0, 0x00, 0x00, 0x00,
    0x0F, 0x40, 0x00, 0x00, 0x00, 0x3D, 0x00, 0x00, 0x00, 0x00, 0xF4, 0x00, 0x00, 0x00, 0x03, 0xD0,
    0x00, 0x00, 0x00, 0x0F, 0x40, 0x00, 0x00, 0x00, 0x7D, 0x00, 0x00, 0x00, 0x1B, 0xFE, 0x80, 0x00,
    0x00, 0xFF, 0xFF, 0x00, 0x00, 0x00, 0x00, 0x00, 0x00, 0x00, 0x00, 0x00, 0x0F, 0xC1, 0xF4, 0x00,
    0x3F, 0x07, 0xD0, 0x00, 0x64, 0x0A, 0x00, 0x00, 0x00, 0x00, 0x00, 0x00, 0x00, 0x00, 0x00, 0x00,
    0x00, 0x00, 0x2F, 0xFC, 0x3F, 0xFC, 0x1F, 0xC0, 0x5F, 0xD0, 0x3E, 0x00, 0x3E, 0x00, 0xF4, 0x00,
    0xF4, 0x03, 0xD0, 0x03, 0xD0, 0x0F, 0x80, 0x0F, 0x40, 0x3F, 0x00, 0x3D, 0x00, 0xBE, 0x01, 0xF4,
    0x00, 0xFF, 0xFF, 0xD0, 0x00, 0x6A, 0x4F, 0x40, 0x00, 0x00, 0x3C, 0x00, 0x00, 0x00, 0xF0, 0x00,
    0x00, 0x03, 0xC0, 0x00, 0x00, 0x7F, 0x90, 0x00, 0x07, 0xFF, 0xD0, 0x00, 0x00, 0x00, 0x00, 0x15,
    0x00, 0x15, 0x58, 0x3F, 0xFF, 0xFF, 0xFC, 0x07, 0xF9, 0x56, 0xFC, 0x02, 0xF0, 0x00, 0x78, 0x02,
    0xF0, 0x00, 0x38, 0x02, 0xF0, 0x00, 0x38, 0x02, 0xF0, 0x00, 0x34, 0x02, 0xF0, 0x00, 0x10, 0x02,
    0xF0, 0x00, 0x00, 0x02, 0xF0, 0x00, 0x00, 0x02, 0xF0, 0x00, 0x00, 0x02, 0xF0, 0x00, 0x00, 0x02,
    0xF0, 0x00, 0x00, 0x02, 0xF0, 0x00, 0x00, 0x02, 0xF0, 0x00, 0x00, 0x02, 0xF0, 0x00, 0x00, 0x02,
    0xF0, 0x00, 0x00, 0x02, 0xF0, 0x00, 0x00, 0x02, 0xF0, 0x00, 0x00, 0x03, 0xF0, 0x00, 0x00, 0x1F,
    0xFF, 0xF4, 0x00, 0x7F, 0xFF, 0xF8, 0x00, 0x10, 0x01, 0xF8, 0x00, 0x00, 0x00, 0xB8, 0x00, 0x00,
    0x00, 0x78, 0x00, 0x00, 0x00, 0x78, 0x00, 0x00, 0x00, 0x38, 0x00, 0x00, 0x00, 0x00, 0x00, 0x00,
    0x00, 0x01, 0x0F, 0xFF, 0xFF, 0xD1, 0xBE, 0x5A, 0xF0, 0x1F, 0x00, 0x2C, 0x07, 0xC0, 0x0B, 0x01,
    0xF0, 0x02, 0xC0, 0x7C, 0x00, 0x00, 0x1F, 0x00, 0x00, 0x07, 0xC0, 0x00, 0x01, 0xF0, 0x00, 0x00,
    0x7C, 0x00, 0x00, 0x1F, 0x00, 0x00, 0x07, 0xC0, 0x00, 0x02, 0xF0, 0x00, 0x01, 0xFE, 0x54, 0x01,
    0xFF, 0xFE, 0x00, 0x00, 0x0B, 0x80, 0x00, 0x00, 0xE0, 0x00, 0x00, 0x3C, 0x00, 0x00, 0x0F, 0x00,
    0x00, 0x01, 0x40, 0x00, 0x00, 0x00, 0x2D, 0x03, 0x80, 0x00, 0x00, 0x00, 0x03, 0xF0, 0xBD, 0x00,
    0x00, 0x00, 0x00, 0x3D, 0x07, 0xC0, 0x00, 0x00, 0x00, 0x00, 0x00, 0x00, 0x00, 0x00, 0x00, 0x00,
    0x00, 0x00, 0x00, 0x00, 0x00, 0x51, 0x54, 0x00, 0x00, 0x50, 0x54, 0x3F, 0xFF, 0x80, 0x00, 0x3F,
    0xFF, 0xC0, 0x3F, 0xC0, 0x00, 0x00, 0x2F, 0xD0, 0x02, 0xF4, 0x00, 0x00, 0x00, 0xF8, 0x00, 0x2F,
    0x00, 0x00, 0x00, 0x0F, 0x80, 0x02, 0xF0, 0x00, 0x00, 0x00, 0xF8, 0x00, 0x2F, 0x00, 0x00, 0x00,
    0x0F, 0x80, 0x02, 0xF0, 0x00, 0x00, 0x00, 0xF4, 0x00, 0x2F, 0x00, 0x00, 0x00, 0x0F, 0x40, 0x02,
    0xF0, 0x00, 0x00, 0x00, 0xF4, 0x00, 0x2F, 0xFF, 0x90, 0x00, 0x0F, 0x40, 0x02, 0xFF, 0xFF, 0xE0,
    0x00, 0xF4, 0x00, 0x2F, 0x00, 0x7F, 0x80, 0x0F, 0x40, 0x02, 0xF0, 0x00, 0xFD, 0x00, 0xF0, 0x00,
    0x2F, 0x00, 0x07, 0xE0, 0x0F, 0x00, 0x02, 0xF0, 0x00, 0x3F, 0x00, 0xF0, 0x00, 0x2F, 0x00, 0x03,
    0xE0, 0x0F, 0x00, 0x02, 0xF0, 0x00, 0x3E, 0x00, 0xF0, 0x00, 0x2F, 0x00, 0x07, 0xC0, 0x1F, 0x00,
    0x03, 0xF0, 0x00, 0xF8, 0x02, 0xF4, 0x01, 0xBF, 0xE5, 0xBE, 0x00, 0xBF, 0xE8, 0x3F, 0xFF, 0xFF,
    0x40, 0x3F, 0xFF, 0xD1, 0x00, 0x04, 0x00, 0x01, 0x00, 0x00, 0x00, 0x01, 0x00, 0x00, 0x00, 0x00,
    0x0F, 0x81, 0xF0, 0x00, 0x00, 0x0F, 0xC2, 0xF4, 0x00, 0x00, 0x0A, 0x00, 0xA0, 0x00, 0x00, 0x00,
    0x00, 0x00, 0x00, 0x00, 0x00, 0x00, 0x00, 0x00, 0x00, 0x00, 0x00, 0x00, 0x00, 0x7F, 0xF8, 0x00,
    0x1F, 0xFD, 0x1F, 0xE0, 0x00, 0x07, 0xF4, 0x0B, 0xC0, 0x00, 0x03, 0xE0, 0x0B, 0xC0, 0x00, 0x03,
    0xE0, 0x0B, 0xC0, 0x00, 0x03, 0xE0, 0x0B, 0xC0, 0x00, 0x03, 0xE0, 0x0B, 0xFF, 0x90, 0x03, 0xE0,
    0x0B, 0xEB, 0xFC, 0x03, 0xE0, 0x0B, 0x80, 0x3F, 0x03, 0xE0, 0x0B, 0x80, 0x2F, 0x03, 0xD0, 0x0B,
    0x80, 0x1F, 0x43, 0xD0, 0x0B, 0x80, 0x1F, 0x03, 0xD0, 0x0B, 0x80, 0x3E, 0x03, 0xD0, 0x1F, 0xE5,
    0xFC, 0x0B, 0xF4, 0x7F, 0xFF, 0xE0, 0x2F, 0xFD, 0x00, 0x00, 0x00, 0x00, 0x00, 0x05, 0x6B, 0x6F,
    0xFF, 0xDF, 0xE9, 0x40, 0x55, 0x55, 0x55, 0x57, 0xFF, 0xFF, 0xFF, 0xF6, 0xA5, 0x55, 0x55, 0x40,
    0x15, 0x55, 0x55, 0x59, 0xBF, 0xFF, 0xFF, 0xFF, 0x6A, 0x95, 0x55, 0x55, 0x15, 0x55, 0x55, 0x55,
    0x55, 0x55, 0x55, 0x69, 0x3F, 0xFF, 0xFF, 0xFF, 0xFF, 0xFF, 0xFF, 0xFE, 0x2A, 0xAA, 0xA5, 0x55,
    0x55, 0x55, 0x55, 0x55, 0x15, 0x55, 0x55, 0x55, 0x55, 0x55, 0x55, 0x69, 0x3F, 0xFF, 0xFF, 0xFF,
    0xFF, 0xFF, 0xFF, 0xFE, 0x2A, 0xAA, 0xA5, 0x55, 0x55, 0x55, 0x55, 0x55, 0x02, 0x03, 0x82, 0xC1,
    0xE0, 0xB4, 0x3F, 0x0B, 0xF0, 0xF8, 0x00, 0x00, 0x09, 0x0F, 0xD1, 0xF8, 0x2E, 0x0B, 0x43, 0xC1,
    0xC0, 0xD0, 0x00, 0x00, 0x00, 0x00, 0xFC, 0x0F, 0xD0, 0x7D, 0x07, 0xC0, 0xB8, 0x0F, 0x03, 0xC0,
    0xE0, 0x00, 0x00, 0x02, 0x00, 0x80, 0xE0, 0x2C, 0x2C, 0x0B, 0x07, 0x80, 0xE0, 0xB4, 0x2E, 0x0F,
    0xC2, 0xF0, 0xBF, 0x2F, 0xC3, 0xE0, 0xF8, 0x00, 0x00, 0x00, 0x09, 0x02, 0x83, 0xF4, 0xFE, 0x1F,
    0x87, 0xF0, 0xB8, 0x2F, 0x0B, 0x41, 0xE0, 0xF0, 0x2C, 0x1C, 0x03, 0x43, 0x40, 0xD0, 0x00, 0x00,
    0x00, 0x00, 0x00, 0x00, 0xBD, 0x1F, 0x81, 0xFC, 0x7F, 0x02, 0xF0, 0xBC, 0x0B, 0x81, 0xF0, 0x3C,
    0x0F, 0x03, 0xC0, 0xB4, 0x38, 0x0B, 0x00, 0x00, 0x00, 0x00, 0x00, 0x0B, 0x40, 0x00, 0x00, 0x3D,
    0x00, 0x00, 0x00, 0xF4, 0x00, 0x00, 0x03, 0xD0, 0x00, 0x00, 0x0F, 0x00, 0x00, 0x00, 0x3C, 0x00,
    0x00, 0x00, 0x60, 0x00, 0x2F, 0xF8, 0x1F, 0xFD, 0xFF, 0xE0, 0x7F, 0xF1, 0x40, 0x04, 0x00, 0x00,
    0x00, 0xF0, 0x00, 0x00, 0x03, 0xC0, 0x00, 0x00, 0x0F, 0x00, 0x00, 0x00, 0x3C, 0x00, 0x00, 0x00,
    0xF0, 0x00, 0x00, 0x03, 0xC0, 0x00, 0x00, 0x0F, 0x00, 0x00, 0x00, 0x3C, 0x00, 0x00, 0x00, 0xF0,
    0x00, 0x00, 0x03, 0xC0, 0x00, 0x00, 0x0F, 0x00, 0x00, 0x00, 0x3C, 0x00, 0x00, 0x00, 0xF0, 0x00,
    0x00, 0x00, 0x00, 0x00, 0x00, 0x0B, 0x40, 0x00, 0x00, 0x3D, 0x00, 0x00, 0x00, 0xF4, 0x00, 0x00,
    0x03, 0xC0, 0x00, 0x00, 0x0F, 0x00, 0x00, 0x00, 0x28, 0x00, 0x0B, 0xFE, 0x07, 0xFF, 0x7F, 0xF8,
    0x1F, 0xFC, 0x54, 0x01, 0x00, 0x00, 0x00, 0x2C, 0x00, 0x00, 0x00, 0xB0, 0x00, 0x00, 0x02, 0xC0,
    0x00, 0x00, 0x0B, 0x00, 0x00, 0x00, 0x28, 0x00, 0x0B, 0xA9, 0x02, 0xFF, 0x7F, 0xF8, 0x1F, 0xFC,
    0xA5, 0x40, 0x00, 0x50, 0x00, 0x3C, 0x00, 0x00, 0x00, 0xF0, 0x00, 0x00, 0x03, 0xC0, 0x00, 0x00,
    0x0F, 0x00, 0x00, 0x00, 0x3C, 0x00, 0x00, 0x00, 0xF0, 0x00, 0x00, 0x00, 0x00, 0x00, 0x00, 0x00,
    0x2F, 0xF0, 0x7F, 0xFC, 0xFF, 0xFC, 0xFF, 0xFD, 0xFF, 0xFC, 0x7F, 0xF8, 0x1F, 0xE0, 0x00, 0x00,
    0x14, 0xBE, 0xFF, 0xBE, 0x14, 0x18, 0x00, 0x60, 0xBF, 0x02, 0xFC, 0xFF, 0x03, 0xFC, 0xBE, 0x02,
    0xF8, 0x14, 0x00, 0x50, 0x18, 0x00, 0x60, 0x01, 0x82, 0xFC, 0x0B, 0xF0, 0x2F, 0xCF, 0xF0, 0x3F,
    0xC0, 0xFF, 0x2F, 0x80, 0xBE, 0x02, 0xF8, 0x14, 0x00, 0x50, 0x01, 0x40, 0x00, 0x00, 0x00, 0x00,
    0x10, 0x00, 0x00, 0x00, 0x00, 0x69, 0x00, 0x00, 0x1E, 0x00, 0x00, 0x00, 0x00, 0xFF, 0xF0, 0x00,
    0x0F, 0x00, 0x00, 0x00, 0x00, 0xFE, 0xBF, 0x00, 0x0B, 0x40, 0x00, 0x00, 0x00, 0x74, 0x03, 0xD0,
    0x07, 0x80, 0x00, 0x00, 0x00, 0x2C, 0x00, 0x78, 0x03, 0xC0, 0x00, 0x00, 0x00, 0x0F, 0x00, 0x0E,
    0x02, 0xD0, 0x00, 0x00, 0x00, 0x03, 0xC0, 0x03, 0x80, 0xE0, 0x00, 0x00, 0x00, 0x00, 0xB4, 0x00,
    0xD0, 0xF0, 0x00, 0x00, 0x00, 0x00, 0x1F, 0x41, 0xF0, 0xB4, 0x00, 0x00, 0x00, 0x00, 0x02, 0xFF,
    0xF0, 0x3C, 0x00, 0x00, 0x00, 0x00, 0x00, 0x2F, 0xE0, 0x3C, 0x00, 0x00, 0x00, 0x00, 0x00, 0x00,
    0x00, 0x1D, 0x00, 0x40, 0x00, 0x01, 0x40, 0x00, 0x00, 0x0F, 0x07, 0xFF, 0x00, 0x1F, 0xFD, 0x00,
    0x00, 0x0B, 0x07, 0xFF, 0xF0, 0x0F, 0xFF, 0xC0, 0x00, 0x07, 0x83, 0xC0, 0x3E, 0x0F, 0x40, 0xF8,
    0x00, 0x03, 0xC1, 0xD0, 0x03, 0xC3, 0x40, 0x0F, 0x00, 0x02, 0xD0, 0x70, 0x00, 0xF1, 0xC0, 0x02,
    0xC0, 0x01, 0xE0, 0x2C, 0x00, 0x2C, 0x70, 0x00, 0xB0, 0x00, 0xF0, 0x07, 0x40, 0x0E, 0x1E, 0x00,
    0x2C, 0x00, 0xB4, 0x00, 0xF4, 0x07, 0x43, 0xD0, 0x1D, 0x00, 0x3C, 0x00, 0x2F, 0xFF, 0x80, 0xBF,
    0xFF, 0x00, 0x3C, 0x00, 0x02, 0xFF, 0x80, 0x0B, 0xFE, 0x00, 0x2E, 0x00, 0x00, 0x05, 0x00, 0x00,
    0x14, 0x00, 0x0F, 0x00, 0x00, 0x00, 0x00, 0x00, 0x00, 0x00, 0x07, 0x40, 0x00, 0x00, 0x00, 0x00,
    0x00, 0x00, 0x00, 0x00, 0x00, 0x00, 0x00, 0x00, 0x00, 0x00, 0x00, 0x14, 0x3C, 0x3C, 0x3C, 0x3C,
    0x38, 0x34, 0x30, 0x00, 0x14, 0x06, 0x0F, 0x07, 0xC3, 0xC1, 0xF0, 0xF0, 0x78, 0x3C, 0x1D, 0x0E,
    0x07, 0x43, 0x41, 0xC0, 0xC0, 0x70, 0x00, 0x00, 0x00, 0x00, 0x00, 0x00, 0x1C, 0x00, 0x38, 0x00,
    0xF0, 0x07, 0xC0, 0x1F, 0x40, 0x3F, 0x00, 0x2F, 0x40, 0x0B, 0xC0, 0x01, 0xF0, 0x00, 0x78, 0x00,
    0x1C, 0x00, 0x04, 0x00, 0x01, 0xC0, 0x03, 0xC0, 0x03, 0xC0, 0x0B, 0xC0, 0x0F, 0xC0, 0x0F, 0xC0,
    0xBC, 0x07, 0xC0, 0x3C, 0x03, 0xC0, 0x1C, 0x00, 0x00, 0x00, 0x00, 0x00, 0x00, 0x00, 0x10, 0x00,
    0x00, 0x00, 0x03, 0xC0, 0x00, 0x00, 0x00, 0x2E, 0x00, 0x00, 0x00, 0x00, 0xF0, 0x00, 0x00, 0x00,
    0x0F, 0x40, 0x00, 0x00, 0x00, 0x78, 0x00, 0x00, 0x00, 0x03, 0xC0, 0x00, 0x00, 0x00, 0x2D, 0x00,
    0x00, 0x00, 0x01, 0xE0, 0x00, 0x00, 0x00, 0x0F, 0x00, 0x00, 0x00, 0x00, 0xB4, 0x00, 0x00, 0x00,
    0x03, 0x80, 0x00, 0x00, 0x00, 0x3C, 0x00, 0x00, 0x00, 0x01, 0xD0, 0x00, 0x00, 0x00, 0x0F, 0x00,
    0x00, 0x00, 0x00, 0xF0, 0x00, 0x00, 0x00, 0x07, 0x80, 0x00, 0x00, 0x00, 0x3C, 0x00, 0x00, 0x00,
    0x02, 0xD0, 0x00, 0x00, 0x00, 0x1E, 0x00, 0x00, 0x00, 0x00, 0xF0, 0x00, 0x00, 0x00, 0x0B, 0x40,
    0x00, 0x00, 0x00, 0x78, 0x00, 0x00, 0x00, 0x03, 0xC0, 0x00, 0x00, 0x00, 0x2D, 0x00, 0x00, 0x00,
    0x00, 0xB0, 0x00, 0x00, 0x00, 0x00, 0x00, 0x00, 0x00, 0x00, 0x00, 0x00, 0x00, 0x00, 0x7F, 0xE0,
    0x1F, 0xFF, 0x43, 0xD0, 0xBC, 0xB0, 0x02, 0xDF, 0x00, 0x0E, 0xE0, 0x00, 0xEE, 0x00, 0x0E, 0xF0,
    0x00, 0xEB, 0x00, 0x1D, 0x7C, 0x03, 0xC3, 0xFA, 0xF4, 0x0F, 0xFD, 0x00, 0x19, 0x00, 0x00, 0x00,
    0x00, 0x01, 0xE0, 0x00, 0x3E, 0x00, 0x0F, 0xE0, 0x02, 0xEE, 0x00, 0x72, 0xE0, 0x0E, 0x2E, 0x03,
    0xC2, 0xE0, 0x7F, 0xFF, 0xD7, 0xFF, 0xFD, 0x00, 0x2E, 0x00, 0x02, 0xE0, 0x00, 0x2E, 0x00, 0x01,
    0x40, 0x00, 0x02, 0x43, 0xFF, 0xD0, 0xFF, 0xF0, 0x34, 0x00, 0x1C, 0x00, 0x07, 0x50, 0x01, 0xFF,
    0x80, 0x06, 0xFC, 0x00, 0x1F, 0x00, 0x03, 0xC0, 0x01, 0xF0, 0x56, 0xF0, 0x3F, 0xE0, 0x06, 0x40,
    0x00, 0x00, 0x00, 0x00, 0x0B, 0x80, 0x1F, 0x40, 0x1F, 0x00, 0x1F, 0x00, 0x0F, 0x00, 0x0B, 0xEF,
    0xC3, 0xFA, 0xFC, 0xF4, 0x0F, 0x7D, 0x02, 0xDF, 0x40, 0xB5, 0xF0, 0x3C, 0x2F, 0xFC, 0x01, 0xA4,
    0x00, 0x00, 0x00, 0x02, 0xFF, 0xFC, 0x3F, 0xFF, 0xC3, 0x80, 0x38, 0x30, 0x0B, 0x00, 0x00, 0xE0,
    0x00, 0x2C, 0x00, 0x03, 0x80, 0x00, 0xB0, 0x00, 0x1E, 0x00, 0x03, 0xD0, 0x00, 0x7C, 0x00, 0x0B,
    0x80, 0x00, 0x10, 0x00, 0x00, 0x00, 0x02, 0xFF, 0x03, 0xD2, 0xF1, 0xE0, 0x3C, 0x7C, 0x0F, 0x0F,
    0xD7, 0x41, 0xFF, 0x80, 0x2F, 0xF4, 0x2C, 0x7F, 0x5D, 0x03, 0xEB, 0x40, 0x76, 0xF0, 0x3C, 0x3F,
    0xFD, 0x01, 0x64, 0x00, 0x00, 0x00, 0x00, 0x7F, 0xE0, 0x1F, 0x1F, 0x83, 0xC0, 0x3C, 0x3C, 0x03,
    0xD3, 0xD0, 0x3D, 0x2F, 0x5B, 0xD0, 0xFF, 0xFC, 0x01, 0x4B, 0x80, 0x01, 0xF0, 0x00, 0x7C, 0x00,
    0x1F, 0x00, 0x0F, 0x80, 0x00, 0x40, 0x00, 0x01, 0x42, 0x40, 0x3F, 0xAF, 0xF0, 0x0F, 0xE6, 0xF4,
    0x0B, 0x80, 0xF8, 0x0B, 0x80, 0xB4, 0x0B, 0x40, 0xB4, 0x0B, 0x40, 0xB4, 0x0B, 0x40, 0xF4, 0x0F,
    0x40, 0xF4, 0x2F, 0xE2, 0xFE, 0x15, 0x41, 0x54, 0x00, 0x64, 0x00, 0xBF, 0xF0, 0x2F, 0xFF, 0x83,
    0x80, 0x7C, 0xB0, 0x02, 0xDF, 0x00, 0x0E, 0xE0, 0x00, 0xEE, 0x00, 0x0E, 0xF0, 0x00, 0xDB, 0x40,
    0x1C, 0x7D, 0x07, 0xC3, 0xFF, 0xF0, 0x0B, 0xFC, 0x00, 0x00, 0x00, 0x00, 0x50, 0x3F, 0xF0, 0x17,
    0xD0, 0x03, 0xD0, 0x03, 0xD0, 0x03, 0xD0, 0x03, 0xD0, 0x03, 0xD0, 0x03, 0xC0, 0x03, 0xC0, 0x03,
    0xC0, 0x07, 0xE0, 0x2F, 0xFC, 0x00, 0x00, 0x00, 0x64, 0x00, 0x2F, 0xFC, 0x02, 0xE6, 0xF8, 0x0D,
    0x03, 0xE0, 0x00, 0x0F, 0x80, 0x00, 0x3C, 0x00, 0x02, 0xE0, 0x00, 0x0F, 0x00, 0x00, 0xF0, 0x00,
    0x0B, 0x40, 0x80, 0xB8, 0x07, 0x07, 0xEA, 0xFC, 0x3F, 0xFF, 0xE0, 0x00, 0x00, 0x00, 0x06, 0x40,
    0x7F, 0xF4, 0xA5, 0xFC, 0x00, 0x7C, 0x00, 0xB4, 0x02, 0xD0, 0x2F, 0xE0, 0x05, 0xFC, 0x00, 0x3D,
    0x00, 0x3D, 0x00, 0x7C, 0xAB, 0xF0, 0xBF, 0x80, 0x00, 0x00, 0x00, 0x04, 0x00, 0x02, 0xE0, 0x00,
    0x7E, 0x00, 0x0F, 0xE0, 0x03, 0xAE, 0x00, 0xB2, 0xE0, 0x1D, 0x2E, 0x03, 0x82, 0xE0, 0xBF, 0xFF,
    0xD5, 0x5B, 0xF8, 0x00, 0x2E, 0x00, 0x02, 0xE0, 0x00, 0x2E, 0x00, 0x00, 0x00, 0x00, 0x00, 0x00,
    0x01, 0xD0, 0xFF, 0xF0, 0x3E, 0xBC, 0x0C, 0x00, 0x07, 0x00, 0x01, 0xE9, 0x00, 0x7F, 0xF4, 0x00,
    0x7F, 0x00, 0x03, 0xC0, 0x00, 0xF0, 0x00, 0xB8, 0x3A, 0xF8, 0x0F, 0xF4, 0x00, 0x00, 0x00, 0x00,
    0x05, 0x00, 0x1F, 0x40, 0x2E, 0x00, 0x2E, 0x00, 0x2E, 0x00, 0x1F, 0x14, 0x0B, 0xFF, 0xD3, 0xE4,
    0xBC, 0xF0, 0x0F, 0x7D, 0x02, 0xDB, 0x80, 0xF1, 0xF4, 0xB8, 0x1F, 0xF8, 0x00, 0x00, 0x00, 0x05,
    0x55, 0x02, 0xFF, 0xFC, 0x3F, 0xAB, 0xC3, 0x40, 0x74, 0x20, 0x0F, 0x00, 0x01, 0xD0, 0x00, 0x3C,
    0x00, 0x07, 0x40, 0x00, 0xF0, 0x00, 0x1E, 0x00, 0x03, 0xC0, 0x00, 0x78, 0x00, 0x0B, 0x40, 0x00,
    0x00, 0x00, 0x01, 0x90, 0x07, 0xFF, 0x43, 0xC0, 0xF1, 0xE0, 0x3C, 0x7C, 0x0F, 0x0F, 0xEB, 0x40,
    0xFF, 0x80, 0x3F, 0xFC, 0x38, 0x2F, 0x6D, 0x02, 0xEB, 0x40, 0xB5, 0xF4, 0x7C, 0x1F, 0xF8, 0x00,
    0x00, 0x00, 0x00, 0x64, 0x00, 0xBF, 0xF0, 0x1E, 0x0B, 0xC3, 0xC0, 0x3C, 0x3C, 0x03, 0xD3, 0xD0,
    0x3D, 0x1F, 0xAF, 0xC0, 0xBF, 0xBC, 0x00, 0x0F, 0x80, 0x02, 0xF0, 0x00, 0xBC, 0x00, 0x3E, 0x00,
    0x0E, 0x00, 0x00, 0x00, 0x00, 0x00, 0x02, 0x42, 0x00, 0x00, 0x03, 0x46, 0x00, 0x00, 0x03, 0x06,
    0x00, 0x00, 0x03, 0x0A, 0x00, 0x00, 0x03, 0x09, 0x00, 0x00, 0x07, 0xFF, 0xA4, 0x00, 0x7F, 0xFF,
    0xFC, 0x02, 0xFA, 0x0E, 0xF8, 0x0B, 0xC6, 0x0C, 0xB4, 0x1F, 0x0A, 0x0C, 0x74, 0x3F, 0x09, 0x0C,
    0x20, 0x7D, 0x09, 0x1C, 0x00, 0x7D, 0x0C, 0x18, 0x00, 0xBD, 0x0C, 0x18, 0x00, 0xBD, 0x0C, 0x24,
    0x00, 0xBE, 0x0C, 0x24, 0x00, 0x7F, 0x0C, 0x34, 0x04, 0x3F, 0x1C, 0x30, 0x3C, 0x2F, 0xD8, 0x30,
    0x3C, 0x0F, 0xF8, 0x30, 0xF8, 0x03, 0xFE, 0x7B, 0xF8, 0x00, 0x7F, 0xFF, 0xE0, 0x00, 0x24, 0xB0,
    0x00, 0x00, 0x30, 0x60, 0x00, 0x00, 0x30, 0xA0, 0x00, 0x00, 0x30, 0x90, 0x00, 0x00, 0x30, 0x90,
    0x00, 0x00, 0x00, 0x00, 0x00, 0x00, 0x00, 0x00, 0x01, 0xFA, 0xAF, 0xFE, 0x1B, 0xFF, 0xFF, 0xD0,
    0x2F, 0x00, 0x3C, 0x02, 0xF0, 0x02, 0xC0, 0x2F, 0x00, 0x28, 0x02, 0xF0, 0x00, 0x00, 0x2F, 0x00,
    0x00, 0x02, 0xF5, 0x55, 0x00, 0x2F, 0xFF, 0xD0, 0x02, 0xF5, 0x14, 0x00, 0x2E, 0x00, 0x00, 0x2B,
    0xFA, 0x40, 0x02, 0xBF, 0xA8, 0x00, 0x02, 0xE0, 0x00, 0x00, 0x3E, 0x00, 0x00, 0x0B, 0xF5, 0x00,
    0x03, 0xFF, 0xF4, 0x00, 0x00, 0x00, 0x00, 0x00, 0x00, 0x01, 0xBF, 0x90, 0x00, 0x2F, 0xFF, 0x80,
    0x02, 0xD0, 0x6D, 0x00, 0x1E, 0x00, 0x00, 0x00, 0xB0, 0x00, 0x00, 0x03, 0xC0, 0x00, 0x00, 0x0F,
    0x00, 0x00, 0x05, 0xBD, 0x55, 0x40, 0x2F, 0xFF, 0xFE, 0x00, 0x07, 0xC0, 0x00, 0x00, 0x1F, 0x00,
    0x00, 0x06, 0xBE, 0xAA, 0x40, 0x2B, 0xFA, 0xA8, 0x00, 0x07, 0x80, 0x00, 0x00, 0x1D, 0x00, 0x00,
    0x00, 0xF0, 0x00, 0x05, 0x07, 0x40, 0x00, 0x28, 0x7F, 0xFA, 0x56, 0xE7, 0xFF, 0xFF, 0xFF, 0x58,
    0x01, 0xAF, 0xFC, 0x00, 0x00, 0x01, 0x40, 0x1A, 0xA0, 0x00, 0x2A, 0xA8, 0x07, 0xFF, 0x00, 0x0B,
    0xFD, 0x00, 0x2F, 0xE0, 0x00, 0x3C, 0x00, 0x07, 0xFD, 0x00, 0x0F, 0x00, 0x01, 0xFF, 0xC0, 0x03,
    0xC0, 0x05, 0xBB, 0xF9, 0x55, 0xF5, 0x4F, 0xFF, 0xFF, 0xFF, 0xFF, 0xF0, 0x07, 0x43, 0xF0, 0x0E,
    0x00, 0x01, 0xD0, 0xBF, 0x03, 0x80, 0x00, 0xB4, 0x0F, 0xE0, 0xE0, 0x0A, 0xBF, 0xAF, 0xFF, 0xFF,
    0xF1, 0x5F, 0x95, 0x6F, 0xEF, 0x54, 0x02, 0xD0, 0x02, 0xFF, 0x80, 0x00, 0xB4, 0x00, 0x3F, 0xE0,
    0x00, 0x2D, 0x00, 0x03, 0xF8, 0x00, 0x1F, 0x90, 0x00, 0xBE, 0x00, 0x1F, 0xFD, 0x00, 0x0F, 0x40,
    0x00, 0x00, 0x00, 0x00, 0xD0, 0x00, 0x14, 0x05, 0x50, 0x00, 0x00, 0x00, 0x00, 0x00, 0x00, 0x00,
    0xBF, 0xFF, 0xFF, 0x80, 0x00, 0x00, 0x00, 0x00, 0x00, 0x00, 0x0B, 0xF5, 0x6F, 0xF0, 0x00, 0x00,
    0x00, 0x00, 0x00, 0x00, 0x07, 0xE0, 0x02, 0xFC, 0x00, 0x00, 0x00, 0x00, 0x00, 0x00, 0x03, 0xE0,
    0x00, 0xFD, 0x00, 0x20, 0x00, 0x00, 0x00, 0x00, 0x03, 0xD0, 0x00, 0x7D, 0x00, 0xF0, 0x00, 0x00,
    0x00, 0x00, 0x03, 0xD0, 0x00, 0x7E, 0x07, 0xF0, 0x00, 0x00, 0x05, 0x40, 0x03, 0xD0, 0x00, 0x3E,
    0x2F, 0xFF, 0xF8, 0x01, 0xFF, 0xF8, 0x03, 0xD0, 0x00, 0x7D, 0x1F, 0xFA, 0xF4, 0x0B, 0x91, 0xF8,
    0x03, 0xD0, 0x00, 0xBC, 0x03, 0xE0, 0x00, 0x0E, 0x00, 0x34, 0x07, 0xD0, 0x00, 0xF0, 0x03, 0xE0,
    0x00, 0x2E, 0x00, 0x34, 0x07, 0xD0, 0x03, 0xD0, 0x03, 0xD0, 0x00, 0x2F, 0x40, 0x10, 0x07, 0xFF,
    0xBF, 0x00, 0x03, 0xD0, 0x00, 0x1F, 0xE0, 0x00, 0x07, 0xFF, 0xE4, 0x00, 0x03, 0xD0, 0x00, 0x0F,
    0xFD, 0x00, 0x07, 0xC0, 0x00, 0x00, 0x03, 0xD0, 0x00, 0x02, 0xFF, 0xC0, 0x07, 0xC0, 0x00, 0x00,
    0x03, 0xD0, 0x00, 0x00, 0x3F, 0xF0, 0x07, 0xC0, 0x00, 0x00, 0x03, 0xD0, 0x00, 0x00, 0x07, 0xFC,
    0x07, 0xC0, 0x00, 0x00, 0x03, 0xD0, 0x00, 0x28, 0x00, 0xFC, 0x07, 0xC0, 0x00, 0x00, 0x03, 0xE0,
    0x00, 0x28, 0x00, 0x7C, 0x0B, 0xC0, 0x00, 0x00, 0x03, 0xF0, 0x00, 0x3C, 0x00, 0x78, 0x2F, 0xF5,
    0x00, 0x00, 0x02, 0xFF, 0xF4, 0x3F, 0x46, 0xF0, 0xFF, 0xFF, 0x00, 0x00, 0x00, 0xFF, 0xC0, 0x3F,
    0xFF, 0x40, 0x00, 0x00, 0x00, 0x00, 0x00, 0x05, 0x00, 0x01, 0x50, 0x00, 0x2A, 0xAB, 0x46, 0xAA,
    0xA0, 0xAA, 0xA8, 0xFF, 0xF8, 0x2F, 0xFE, 0x42, 0xBF, 0xE0, 0x3F, 0x00, 0x0B, 0xE0, 0x00, 0x3C,
    0x00, 0xBD, 0x00, 0x0F, 0x80, 0x01, 0xF0, 0x00, 0xF8, 0x00, 0x3F, 0x00, 0x0B, 0x40, 0x57, 0xF5,
    0x56, 0xFD, 0x55, 0x7D, 0x53, 0xFF, 0xFF, 0xFF, 0xFF, 0xFF, 0xFF, 0x80, 0x0F, 0x40, 0x3B, 0xE0,
    0x0B, 0x00, 0x00, 0x3E, 0x01, 0xCB, 0xC0, 0x3C, 0x00, 0x00, 0xBC, 0x0F, 0x0F, 0x41, 0xD0, 0x01,
    0xAB, 0xFE, 0xFF, 0xFF, 0xFF, 0xFF, 0x45, 0x57, 0xE7, 0xE5, 0xBD, 0xB9, 0x54, 0x00, 0x0B, 0x8F,
    0x01, 0xF2, 0xC0, 0x00, 0x00, 0x1F, 0x74, 0x03, 0xDF, 0x00, 0x00, 0x00, 0x3F, 0xC0, 0x0B, 0xF4,
    0x00, 0x00, 0x00, 0xFE, 0x00, 0x1F, 0xC0, 0x00, 0x00, 0x02, 0xF4, 0x00, 0x3E, 0x00, 0x00, 0x00,
    0x01, 0x00, 0x00, 0x40, 0x00, 0x00, 0x00, 0x00, 0x00, 0x00, 0x00, 0x00, 0x0B, 0xF4, 0x00, 0x00,
    0x06, 0xFD, 0x00, 0x00, 0x00, 0x2F, 0x00, 0x00, 0x00, 0x0B, 0xC0, 0x00, 0x00, 0x57, 0xFA, 0x40,
    0x00, 0x7F, 0xFF, 0xF0, 0x00, 0x00, 0x2F, 0x00, 0x00, 0x00, 0x0B, 0xC0, 0x00, 0x06, 0xFF, 0xF0,
    0x00, 0x0B, 0xFF, 0xFC, 0x00, 0x0F, 0x40, 0x7F, 0x00, 0x0F, 0x00, 0x0B, 0xC0, 0x07, 0x80, 0x02,
    0xF0, 0x03, 0xD0, 0x00, 0xBC, 0x00, 0xF0, 0x00, 0x2F, 0x00, 0x7C, 0x00, 0x0B, 0x80, 0x1F, 0x00,
    0x02, 0xE0, 0x07, 0xD0, 0x00, 0xB8, 0x00, 0xFC, 0x00, 0x2E, 0x00, 0x2F, 0x80, 0x0F, 0xC0, 0x03,
    0xFD, 0x6F, 0xFA, 0xC0, 0x3F, 0xFC, 0x3F, 0xD0, 0x01, 0xA4, 0x02, 0xD0, 0x00, 0x00, 0x00, 0x00,
    0x00, 0x00, 0x00, 0x00, 0x00, 0x7F, 0xFF, 0xFC, 0x00, 0x1A, 0xAA, 0xAA, 0x00, 0x00, 0x00, 0x1B,
    0xFE, 0x40, 0x00, 0x2F, 0xFF, 0xFD, 0x00, 0x0F, 0xD0, 0x0B, 0xD0, 0x03, 0xE0, 0x00, 0x3C, 0x00,
    0xBC, 0x00, 0x02, 0xC0, 0x0F, 0x40, 0x00, 0x14, 0x6B, 0xFE, 0xBF, 0x80, 0x06, 0xBF, 0x55, 0x54,
    0x00, 0x03, 0xF0, 0x00, 0x00, 0x00, 0x3F, 0x00, 0x00, 0x00, 0x7F, 0xFF, 0xFF, 0x00, 0x01, 0x7F,
    0x95, 0x50, 0x05, 0x01, 0xFC, 0x00, 0x00, 0xE0, 0x0F, 0xD0, 0x00, 0x2D, 0x00, 0x7F, 0x40, 0x07,
    0xD0, 0x01, 0xFF, 0x96, 0xFC, 0x00, 0x02, 0xFF, 0xFE, 0x40, 0x00, 0x00, 0x50, 0x00, 0x2A, 0xAC,
    0x0A, 0xA9, 0x0B, 0xFE, 0x07, 0xFF, 0x40, 0x7D, 0x00, 0x3F, 0x00, 0x1F, 0x40, 0x1F, 0x00, 0x07,
    0xD0, 0x1F, 0x00, 0x01, 0xF4, 0x1F, 0x00, 0x00, 0x7C, 0x1F, 0x00, 0x00, 0x1F, 0x5F, 0x54, 0x00,
    0xBF, 0xFF, 0xFF, 0x80, 0x01, 0xF2, 0xF4, 0x00, 0x00, 0x7C, 0x3F, 0x00, 0x00, 0x1F, 0x07, 0xF0,
    0x00, 0x07, 0xC0, 0xBE, 0x00, 0x01, 0xF0, 0x0F, 0xD0, 0x00, 0x7C, 0x00, 0xFD, 0x00, 0x7F, 0x90,
    0x1F, 0xE0, 0x7F, 0xFD, 0x01, 0xFF, 0x00, 0x00, 0x00, 0x05, 0x00, 0x2E, 0xAA, 0xAA, 0xAC, 0x3F,
    0xFF, 0xFF, 0xFC, 0x3D, 0x03, 0xE0, 0x3C, 0x38, 0x03, 0xD0, 0x1C, 0x34, 0x03, 0xD0, 0x0D, 0x00,
    0x03, 0xD0, 0x50, 0x00, 0x03, 0xEF, 0xD0, 0x00, 0x07, 0xF8, 0x00, 0x01, 0xFF, 0xD0, 0x00, 0x03,
    0x43, 0xD2, 0xE0, 0x00, 0x03, 0xFF, 0x40, 0x00, 0x2F, 0xE0, 0x00, 0x03, 0xF7, 0xC0, 0x00, 0x01,
    0x03, 0xC0, 0x00, 0x00, 0x03, 0xD0, 0x00, 0x00, 0x1F, 0xF5, 0x00, 0x00, 0xFF, 0xFF, 0x00, 0x00,
    0x00, 0x00, 0x00, 0x2A, 0xAA, 0xA4, 0x00, 0x2F, 0xFF, 0xFF, 0x40, 0x03, 0xE0, 0x1F, 0xC0, 0x17,
    0xF5, 0x5B, 0xF9, 0x7F, 0xFF, 0xEB, 0xFA, 0x03, 0xE0, 0x02, 0xF0, 0x03, 0xE0, 0x03, 0xF4, 0x7F,
    0xFF, 0xFF, 0xFE, 0x03, 0xD0, 0x0B, 0x80, 0x03, 0xF9, 0x6E, 0x00, 0x03, 0xFF, 0xF4, 0x00, 0x03,
    0xD0, 0x00, 0x00, 0x03, 0xD0, 0x00, 0x00, 0x03, 0xD0, 0x00, 0x00, 0x03, 0xD0, 0x00, 0x00, 0x1F,
    0xF5, 0x00, 0x00, 0x3F, 0xFF, 0x00, 0x00, 0x00, 0x00, 0x00, 0x00, 0x00, 0x00, 0x20, 0x00, 0x00,
    0x00, 0x60, 0x00, 0x00, 0x00, 0x60, 0x00, 0x00, 0x00, 0x90, 0x00, 0x00, 0x00, 0x90, 0x00, 0x00,
    0x06, 0xFF, 0xA4, 0x00, 0x7F, 0xFF, 0xFD, 0x03, 0xF4, 0xC0, 0xBC, 0x0F, 0xC0, 0xC0, 0x3C, 0x1F,
    0x00, 0xC0, 0x3C, 0x3E, 0x00, 0xC0, 0x14, 0x7D, 0x01, 0x80, 0x00, 0x7D, 0x01, 0x80, 0x00, 0xBD,
    0x02, 0x80, 0x00, 0xBD, 0x02, 0x6F, 0xFE, 0xBD, 0x02, 0x56, 0xFC, 0x7E, 0x03, 0x00, 0xBC, 0x3F,
    0x03, 0x00, 0xBC, 0x2F, 0x83, 0x00, 0xB8, 0x0F, 0xE3, 0x00, 0xBC, 0x03, 0xFF, 0x5B, 0xFC, 0x00,
    0x7F, 0xFF, 0xE0, 0x00, 0x07, 0x40, 0x00, 0x00, 0x06, 0x00, 0x00, 0x00, 0x09, 0x00, 0x00, 0x00,
    0x09, 0x00, 0x00, 0x00, 0x09, 0x00, 0x00, 0x00, 0x00, 0x00, 0x00, 0x01, 0xAF, 0xE4, 0x00, 0x2F,
    0xFF, 0xF8, 0x00, 0xB4, 0x02, 0xF8, 0x02, 0xC0, 0x02, 0xF0, 0x06, 0x00, 0x0B, 0x80, 0x00, 0x00,
    0x3D, 0x06, 0xAA, 0xAB, 0xFA, 0x1A, 0xAA, 0xFF, 0xA8, 0x00, 0x1F, 0xD0, 0x00, 0x03, 0xF8, 0x00,
    0x0B, 0xFF, 0xFF, 0xFE, 0x03, 0xE0, 0x00, 0x00, 0x0F, 0x40, 0x00, 0x40, 0x7D, 0x00, 0x0F, 0x00,
    0xFC, 0x00, 0x3C, 0x02, 0xFD, 0x1B, 0xF0, 0x02, 0xFF, 0xFE, 0x00, 0x00, 0x14, 0x00, 0x00, 0x00,
    0x00, 0x20, 0x00, 0x00, 0x00, 0x30, 0x00, 0x00, 0x00, 0x30, 0x00, 0x00, 0x00, 0x30, 0x00, 0x00,
    0x00, 0x30, 0x00, 0x00, 0x06, 0xFF, 0xA4, 0x00, 0x7F, 0xFF, 0xFC, 0x02, 0xF4, 0xA1, 0xF8, 0x0B,
    0xC0, 0x90, 0xB4, 0x1F, 0x00, 0x90, 0x74, 0x3F, 0x00, 0xD0, 0x20, 0x7D, 0x00, 0xC0, 0x00, 0x7D,
    0x00, 0xC0, 0x00, 0xBD, 0x00, 0xC0, 0x00, 0xBD, 0x00, 0xC0, 0x00, 0xBE, 0x01, 0xC0, 0x00, 0x7F,
    0x01, 0x80, 0x04, 0x3F, 0x01, 0x80, 0x3C, 0x2F, 0x82, 0x40, 0x3C, 0x0F, 0xE2, 0x40, 0xF8, 0x03,
    0xFF, 0x9B, 0xF8, 0x00, 0x7F, 0xFF, 0xE0, 0x00, 0x03, 0x40, 0x00, 0x00, 0x03, 0x00, 0x00, 0x00,
    0x03, 0x00, 0x00, 0x00, 0x03, 0x00, 0x00, 0x00, 0x06, 0x00, 0x00, 0x00, 0x00, 0x00, 0x00, 0x2A,
    0xAA, 0xAA, 0xA8, 0x3F, 0xFF, 0xFF, 0xFC, 0x00, 0x00, 0x00, 0x00, 0x00, 0x00, 0x00, 0x00, 0x2A,
    0xAA, 0xAA, 0xA4, 0x3F, 0xFF, 0xFF, 0xFC, 0x3C, 0x07, 0xC0, 0x7C, 0x74, 0x07, 0xC0, 0x3C, 0x60,
    0x07, 0xC0, 0x18, 0x00, 0x07, 0xC0, 0x00, 0x00, 0x07, 0xC0, 0x00, 0x00, 0x07, 0xC0, 0x00, 0x00,
    0x07, 0xC0, 0x00, 0x00, 0x07, 0xC0, 0x00, 0x00, 0x0B, 0xC0, 0x00, 0x00, 0x5F, 0xE5, 0x00, 0x00,
    0xFF, 0xFF, 0x00, 0x00, 0x00, 0x00, 0x00, 0x00, 0x00, 0x00, 0x1F, 0xFF, 0xFF, 0xD2, 0xAA, 0xAA,
    0xA4, 0x00, 0x00, 0x00, 0x00, 0x00, 0x00, 0x1F, 0xFF, 0xFF, 0xD2, 0xAA, 0xAF, 0xA4, 0x00, 0x03,
    0xC0, 0x00, 0x00, 0xF0, 0x00, 0x00, 0x7C, 0x00, 0x00, 0x3E, 0x00, 0x1F, 0xFF, 0x00, 0x07, 0xFF,
    0x40, 0x00, 0xFF, 0x40, 0x00, 0x1F, 0x40, 0x00, 0x02, 0xC0, 0x00, 0x00, 0x3C, 0x00, 0x00, 0x03,
    0xC0, 0x00, 0x00, 0x7D, 0x00, 0x00, 0x0B, 0xC0, 0x00, 0x00, 0x90, 0x00, 0x2A, 0xA9, 0x00, 0x02,
    0xFF, 0xD0, 0x00, 0x03, 0xE0, 0x00, 0x00, 0x3E, 0x09, 0x00, 0x03, 0xEB, 0xC0, 0x00, 0x3F, 0xD0,
    0x00, 0x07, 0xE0, 0x00, 0x07, 0xFD, 0x1D, 0x00, 0xA3, 0xEF, 0x80, 0x00, 0x3F, 0x80, 0x19, 0x0B,
    0xD0, 0x03, 0xD7, 0xFC, 0x00, 0xBC, 0x53, 0xC0, 0x1F, 0x00, 0x3C, 0x03, 0xD0, 0x03, 0xC2, 0xF4,
    0x00, 0x3F, 0xF8, 0x00, 0x03, 0xE4, 0x00, 0x00, 0x00, 0x00, 0x0A, 0x00, 0x00, 0x00, 0x00, 0x00,
    0xA0, 0x00, 0x00, 0x00, 0x00, 0x0A, 0x00, 0x00, 0x00, 0x00, 0x06, 0xFE, 0x40, 0x00, 0x00, 0x03,
    0xFF, 0xFF, 0x40, 0x00, 0x01, 0xF9, 0xE7, 0xFD, 0x00, 0x00, 0x7D, 0x0A, 0x07, 0xF4, 0x00, 0x0F,
    0x40, 0xA0, 0x2F, 0xC0, 0x02, 0xE0, 0x0A, 0x00, 0xFD, 0x00, 0x3C, 0x00, 0xA0, 0x07, 0xF0, 0x0B,
    0xC0, 0x0E, 0x00, 0x3F, 0x00, 0xF8, 0x00, 0xE0, 0x02, 0xF4, 0x1F, 0x40, 0x0E, 0x00, 0x1F, 0x81,
    0xF0, 0x00, 0xE0, 0x01, 0xFC, 0x2F, 0x00, 0x0E, 0x00, 0x0F, 0xC3, 0xF0, 0x00, 0xE0, 0x00, 0xFC,
    0x3F, 0x00, 0x0E, 0x00, 0x0F, 0xC3, 0xF0, 0x00, 0x00, 0x00, 0xFC, 0x3E, 0x00, 0x00, 0x00, 0x0F,
    0xC3, 0x90, 0x00, 0x00, 0x00, 0xF8, 0x00, 0x00, 0x00, 0x00, 0x00, 0x00, 0x2A, 0xAA, 0xA4, 0x02,
    0xFF, 0xFF, 0xF0, 0x07, 0xD0, 0x2F, 0xC0, 0x7D, 0x00, 0xBD, 0x07, 0xC0, 0x03, 0xE0, 0x7C, 0x00,
    0x3E, 0x07, 0xC0, 0x03, 0xD0, 0x7C, 0x00, 0xBC, 0x07, 0xC0, 0x1F, 0x00, 0x7F, 0xEF, 0xC0, 0x07,
    0xFF, 0x90, 0x00, 0x7C, 0x00, 0x00, 0x5B, 0xDA, 0x40, 0x0B, 0xFE, 0xA4, 0x00, 0x0B, 0xC0, 0x00,
    0x01, 0xFE, 0x40, 0x00, 0x7F, 0xFE, 0x00, 0x00, 0x00, 0x00, 0x00, 0x00, 0x01, 0x00, 0x00, 0x00,
    0x0B, 0x80, 0x00, 0x00, 0x1F, 0x00, 0x00, 0x00, 0xBC, 0x00, 0x00, 0x02, 0xF0, 0x00, 0x00, 0x0B,
    0xC0, 0x00, 0x00, 0x2F, 0x9A, 0xAA, 0xA8, 0x7F, 0xFF, 0xFF, 0xFC, 0x3F, 0x95, 0x5A, 0xA8, 0x0B,
    0xD0, 0x00, 0x00, 0x02, 0xF0, 0x00, 0x00, 0x00, 0xBC, 0x00, 0x00, 0x00, 0x1F, 0x00, 0x00, 0x00,
    0x07, 0xC0, 0x00, 0x00, 0x01, 0x00, 0x00, 0x00, 0x03, 0x40, 0x00, 0x00, 0x3F, 0x40, 0x00, 0x03,
    0xFF, 0x00, 0x00, 0x2F, 0xFF, 0x00, 0x02, 0xF7, 0x9F, 0x00, 0x2F, 0x0F, 0x1F, 0x02, 0xF0, 0x3C,
    0x1F, 0x0F, 0x00, 0xF0, 0x1E, 0x10, 0x03, 0xC0, 0x00, 0x00, 0x0F, 0x00, 0x00, 0x00, 0x3C, 0x00,
    0x00, 0x01, 0xF0, 0x00, 0x00, 0x07, 0xC0, 0x00, 0x00, 0x1F, 0x00, 0x00, 0x00, 0x28, 0x00, 0x00,
    0x00, 0x01, 0x00, 0x00, 0x00, 0x03, 0xD0, 0x00, 0x00, 0x01, 0xF4, 0x00, 0x00, 0x00, 0x7D, 0x00,
    0x00, 0x00, 0x1F, 0x40, 0x00, 0x00, 0x07, 0xD0, 0x6A, 0xAA, 0xA7, 0xF8, 0x7F, 0xFF, 0xFF, 0xFC,
    0x29, 0x55, 0x57, 0xF4, 0x00, 0x00, 0x0B, 0xC0, 0x00, 0x00, 0x1F, 0x00, 0x00, 0x00, 0x7C, 0x00,
    0x00, 0x01, 0xF0, 0x00, 0x00, 0x03, 0xC0, 0x00, 0x00, 0x00, 0x00, 0x00, 0x00, 0x03, 0x80, 0x00,
    0x00, 0x1F, 0x00, 0x00, 0x00, 0x3C, 0x00, 0x00, 0x00, 0xF0, 0x00, 0x00, 0x03, 0xC0, 0x00, 0x00,
    0x0F, 0x00, 0x01, 0x00, 0x3C, 0x01, 0x0F, 0x00, 0xF0, 0x1E, 0x2F, 0x03, 0xC1, 0xF0, 0x1F, 0x0F,
    0x1F, 0x00, 0x1F, 0x7A, 0xF4, 0x00, 0x2F, 0xFF, 0x40, 0x00, 0x2F, 0xF4, 0x00, 0x00, 0x2F, 0x40,
    0x00, 0x00, 0x28, 0x00, 0x00, 0x00, 0x01, 0x00, 0x04, 0x00, 0x00, 0x00, 0x2E, 0x00, 0x3C, 0x00,
    0x00, 0x01, 0xF0, 0x00, 0x7C, 0x00, 0x00, 0x2F, 0x00, 0x00, 0x7D, 0x00, 0x02, 0xF0, 0x00, 0x00,
    0x7D, 0x00, 0x2F, 0x00, 0x00, 0x00, 0xBD, 0x02, 0xFA, 0xAA, 0xAA, 0xAA, 0xFE, 0x1F, 0xFF, 0xFF,
    0xFF, 0xFF, 0xFC, 0x3F, 0x95, 0x55, 0x55, 0x5F, 0xC0, 0x2F, 0x40, 0x00, 0x00, 0xBC, 0x00, 0x2F,
    0x00, 0x00, 0x0B, 0xC0, 0x00, 0x2F, 0x00, 0x00, 0x7C, 0x00, 0x00, 0x1F, 0x00, 0x07, 0xC0, 0x00,
    0x00, 0x1F, 0x00, 0x3C, 0x00, 0x00, 0x00, 0x10, 0x00, 0x00, 0x00, 0x00, 0x00, 0x01, 0x00, 0x00,
    0x00, 0x1F, 0x00, 0x00, 0x01, 0xFE, 0x00, 0x00, 0x0F, 0xFE, 0x00, 0x00, 0xFF, 0xFE, 0x00, 0x0F,
    0x8F, 0x3E, 0x00, 0xF8, 0x3C, 0x3E, 0x0F, 0x80, 0xF0, 0x2E, 0x34, 0x03, 0xC0, 0x28, 0x00, 0x0F,
    0x00, 0x00, 0x00, 0x3C, 0x00, 0x00, 0x00, 0xF0, 0x00, 0x00, 0x03, 0xC0, 0x00, 0x00, 0x0F, 0x00,
    0x03, 0x80, 0x3C, 0x03, 0x8F, 0x80, 0xF0, 0x3E, 0x0F, 0x83, 0xC3, 0xE0, 0x0F, 0x8F, 0x3E, 0x00,
    0x0F, 0xFF, 0xE0, 0x00, 0x0F, 0xFF, 0x00, 0x00, 0x0F, 0xF0, 0x00, 0x00, 0x0F, 0x00, 0x00, 0x00,
    0x00, 0x00, 0x00, 0x00, 0x00, 0x00, 0xBF, 0xFF, 0xFC, 0xBF, 0xFF, 0xA8, 0xBF, 0x40, 0x00, 0xBF,
    0xD0, 0x00, 0x79, 0xF4, 0x00, 0x74, 0x7E, 0x00, 0x74, 0x1F, 0x80, 0x74, 0x07, 0xE0, 0x74, 0x01,
    0xF8, 0x74, 0x00, 0x7D, 0x00, 0x00, 0x18, 0x00, 0x00, 0x00, 0x00, 0x00, 0x00, 0x2F, 0xFF, 0xFD,
    0x3F, 0xFF, 0xFD, 0x00, 0x01, 0xFD, 0x00, 0x07, 0xFD, 0x00, 0x1F, 0x6D, 0x00, 0x7D, 0x2D, 0x01,
    0xF4, 0x2D, 0x0B, 0xD0, 0x2D, 0x2F, 0x40, 0x1D, 0xBD, 0x00, 0x1D, 0x38, 0x00, 0x04, 0x00, 0x00,
    0x00, 0x00, 0x00, 0x00, 0x70, 0x00, 0x10, 0xFC, 0x00, 0x2C, 0x3F, 0x00, 0x2C, 0x0F, 0xC0, 0x3C,
    0x03, 0xF0, 0x3C, 0x00, 0xBC, 0x3C, 0x00, 0x2F, 0x3C, 0x00, 0x0B, 0xFC, 0x00, 0x02, 0xFC, 0x3F,
    0xFF, 0xFD, 0x3F, 0xFF, 0xFC, 0x00, 0x00, 0x00, 0x00, 0x00, 0x00, 0x20, 0x00, 0x3C, 0xB0, 0x00,
    0xFC, 0xB0, 0x03, 0xF0, 0xB0, 0x0F, 0xC0, 0xB0, 0x3F, 0x00, 0xB0, 0xBC, 0x00, 0xB6, 0xF0, 0x00,
    0xBF, 0xC0, 0x00, 0xBF, 0x40, 0x00, 0xBF, 0xFF, 0xF8, 0xBF, 0xFE, 0xA4, 0x24, 0x00, 0x00, 0x00,
    0xFC, 0x00, 0x00, 0x00, 0x7E, 0x00, 0x00, 0x00, 0x2F, 0x00, 0x00, 0x00, 0x1F, 0x40, 0x00, 0x00,
    0x1F, 0x40, 0x00, 0x00, 0x1F, 0x40, 0x00, 0x00, 0x1F, 0x40, 0x00, 0x00, 0x3F, 0x00, 0x00, 0x00,
    0x3E, 0x00, 0x06, 0xFE, 0xFC, 0x00, 0xBF, 0xBF, 0xF8, 0x0B, 0xC0, 0x0B, 0xF0, 0x7C, 0x00, 0x0F,
    0xC3, 0xD0, 0x00, 0x2F, 0x4F, 0x00, 0x00, 0x7D, 0x7C, 0x00, 0x01, 0xF5, 0xF0, 0x00, 0x07, 0xDB,
    0xC0, 0x00, 0x1F, 0x5F, 0x40, 0x00, 0x7C, 0x3E, 0x00, 0x02, 0xF0, 0xFC, 0x00, 0x0F, 0x41, 0xFC,
    0x00, 0x78, 0x02, 0xFE, 0x5B, 0x80, 0x01, 0xFF, 0xF8, 0x00, 0x00, 0x15, 0x00, 0x00, 0x00, 0x00,
    0x00, 0x00, 0x40, 0x00, 0x00, 0x00, 0x00, 0xB0, 0x00, 0x00, 0x16, 0xA4, 0x34, 0x00, 0x00, 0xBF,
    0xFF, 0xFC, 0x00, 0x01, 0xFE, 0x55, 0xBF, 0x80, 0x01, 0xF8, 0x00, 0x0B, 0xFC, 0x00, 0xF8, 0x00,
    0x03, 0x1F, 0x80, 0xBC, 0x00, 0x02, 0x82, 0xF0, 0x3C, 0x00, 0x01, 0xC0, 0x3E, 0x1F, 0x00, 0x00,
    0xE0, 0x0B, 0xCB, 0x80, 0x00, 0x70, 0x00, 0xF3, 0xD0, 0x00, 0x38, 0x00, 0x3C, 0xF4, 0x00, 0x1C,
    0x00, 0x0F, 0x7C, 0x00, 0x0D, 0x00, 0x03, 0xDF, 0x40, 0x07, 0x00, 0x00, 0xF3, 0xD0, 0x03, 0x40,
    0x00, 0x3C, 0xB8, 0x01, 0xC0, 0x00, 0x1F, 0x2F, 0x00, 0xD0, 0x00, 0x0B, 0x83, 0xD0, 0xB0, 0x00,
    0x03, 0xD0, 0xBC, 0x34, 0x00, 0x02, 0xF0, 0x0F, 0xA8, 0x00, 0x01, 0xF0, 0x01, 0xFD, 0x00, 0x02,
    0xF4, 0x00, 0x1F, 0xF9, 0x5B, 0xF4, 0x00, 0x03, 0xBF, 0xFF, 0xE0, 0x00, 0x02, 0x80, 0x55, 0x00,
    0x00, 0x00, 0xC0, 0x00, 0x00, 0x00, 0x00, 0xA0, 0x00, 0x00, 0x00, 0x00, 0x00, 0x00, 0x00, 0x00,
    0x00, 0x00, 0x00, 0x14, 0x00, 0x00, 0x00, 0x3F, 0x00, 0x00, 0x00, 0x1F, 0xC0, 0x00, 0x00, 0x0B,
    0xF8, 0x00, 0x00, 0x03, 0xBF, 0x00, 0x00, 0x01, 0xCB, 0xC0, 0x00, 0x00, 0xF1, 0xF4, 0x00, 0x00,
    0x74, 0x3E, 0x00, 0x00, 0x2C, 0x0B, 0xC0, 0x00, 0x0E, 0x01, 0xF0, 0x00, 0x07, 0x40, 0x3E, 0x00,
    0x03, 0xC0, 0x0F, 0xC0, 0x00, 0xE0, 0x01, 0xF0, 0x00, 0xB4, 0x00, 0x3D, 0x00, 0x3C, 0x00, 0x0F,
    0x80, 0x1E, 0x00, 0x02, 0xF0, 0x0B, 0x00, 0x00, 0x7D, 0x03, 0xC0, 0x00, 0x0F, 0x81, 0xD0, 0x00,
    0x02, 0xF0, 0xF0, 0x00, 0x00, 0x7C, 0x3F, 0xFF, 0xFF, 0xFF, 0xAF, 0xFF, 0xFF, 0xFF, 0xF0, 0x05,
    0x00, 0x00, 0x00, 0x05, 0x43, 0xFF, 0xFF, 0xFF, 0xFF, 0xFC, 0x02, 0xFF, 0xAA, 0xAB, 0xFD, 0x00,
    0x1F, 0x80, 0x00, 0x1F, 0x80, 0x00, 0xF8, 0x00, 0x01, 0xF4, 0x00, 0x0F, 0x40, 0x00, 0x1F, 0x40,
    0x00, 0xF4, 0x00, 0x01, 0xF4, 0x00, 0x0F, 0x40, 0x00, 0x1F, 0x40, 0x00, 0xF4, 0x00, 0x01, 0xF4,
    0x00, 0x0F, 0x40, 0x00, 0x1F, 0x00, 0x01, 0xF4, 0x00, 0x01, 0xF0, 0x00, 0x1F, 0x00, 0x00, 0x1F,
    0x00, 0x01, 0xF0, 0x00, 0x01, 0xF0, 0x00, 0x1F, 0x00, 0x00, 0x1F, 0x00, 0x01, 0xF0, 0x00, 0x01,
    0xF0, 0x00, 0x1F, 0x00, 0x00, 0x1F, 0x00, 0x01, 0xF0, 0x00, 0x01, 0xF0, 0x00, 0x1F, 0x00, 0x00,
    0x1F, 0x00, 0x01, 0xF0, 0x00, 0x01, 0xF0, 0x00, 0x2F, 0x00, 0x00, 0x2F, 0x00, 0x0B, 0xFD, 0x80,
    0x1F, 0xFD, 0x43, 0xFF, 0xFC, 0x03, 0xFF, 0xFC, 0x10, 0x00, 0x00, 0x00, 0x00, 0x00, 0x00, 0x00,
    0x15, 0x68, 0x0B, 0xFF, 0xFF, 0xFF, 0x42, 0xFD, 0x55, 0x6F, 0xD0, 0x3F, 0x40, 0x00, 0xF4, 0x03,
    0xF0, 0x00, 0x1D, 0x00, 0x7F, 0x00, 0x03, 0x80, 0x0B, 0xE0, 0x00, 0x90, 0x00, 0xFD, 0x00, 0x00,
    0x00, 0x0F, 0xC0, 0x00, 0x00, 0x01, 0xFC, 0x00, 0x00, 0x00, 0x2F, 0x80, 0x00, 0x00, 0x03, 0xE0,
    0x00, 0x00, 0x00, 0xF0, 0x00, 0x00, 0x00, 0xF0, 0x00, 0x00, 0x00, 0xF0, 0x00, 0x00, 0x00, 0xB4,
    0x00, 0x0D, 0x00, 0xB4, 0x00, 0x07, 0x40, 0xB8, 0x00, 0x02, 0xC0, 0x78, 0x00, 0x00, 0xF0, 0x7D,
    0x55, 0x56, 0xFC, 0x3F, 0xFF, 0xFF, 0xFF, 0x0F, 0xFF, 0xFF, 0xFF, 0x80, 0x00, 0x00, 0x00, 0x00,
    0x2A, 0xAA, 0xAA, 0xFF, 0x1F, 0xFF, 0xFF, 0xFF, 0xC0, 0x00, 0x00, 0x00, 0x00, 0x00, 0x01, 0x40,
    0x00, 0xE0, 0x00, 0x74, 0x00, 0x2C, 0x00, 0x0F, 0x00, 0x07, 0x80, 0x02, 0xD0, 0x00, 0xF0, 0x00,
    0x38, 0x00, 0x1D, 0x00, 0x0B, 0x00, 0x03, 0xC0, 0x00, 0xE0, 0x00, 0x74, 0x00, 0x2C, 0x00, 0x0F,
    0x00, 0x03, 0x80, 0x01, 0xD0, 0x00, 0xB0, 0x00, 0x3C, 0x00, 0x0E, 0x00, 0x07, 0x40, 0x02, 0xC0,
    0x00, 0xF0, 0x00, 0x78, 0x00, 0x2D, 0x00, 0x0A, 0x00, 0x00, 0x14, 0xBE, 0xFF, 0xBE, 0x14, 0x00,
    0x00, 0x00, 0x02, 0x80, 0x00, 0x00, 0x01, 0xD0, 0x00, 0x00, 0x00, 0xB0, 0x00, 0x00, 0x00, 0x3C,
    0x00, 0x00, 0x00, 0x1E, 0x00, 0x00, 0x00, 0x0B, 0x00, 0x00, 0x00, 0x03, 0xC0, 0x00, 0x00, 0x00,
    0xE0, 0x00, 0x00, 0x00, 0x74, 0x00, 0x00, 0x00, 0x3C, 0x0F, 0xFC, 0x00, 0x0E, 0x00, 0xBF, 0x00,
    0x07, 0x40, 0x0B, 0xC0, 0x02, 0xC0, 0x00, 0xF8, 0x00, 0xF0, 0x00, 0x3F, 0x00, 0x34, 0x00, 0x07,
    0xC0, 0x2C, 0x00, 0x00, 0xF4, 0x0F, 0x00, 0x00, 0x2F, 0x03, 0x80, 0x00, 0x07, 0xC1, 0xD0, 0x00,
    0x00, 0xF4, 0xB0, 0x00, 0x00, 0x2F, 0x38, 0x00, 0x00, 0x03, 0xDD, 0x00, 0x00, 0x00, 0xFF, 0x00,
    0x00, 0x00, 0x1F, 0xC0, 0x00, 0x00, 0x03, 0xD0, 0x00, 0x00, 0x00, 0x00, 0x00, 0x00, 0x00, 0x40,
    0x00, 0x40, 0x01, 0xFF, 0x02, 0xFF, 0x01, 0xEB, 0xF2, 0xFB, 0xE0, 0xD0, 0x3F, 0xC0, 0x3C, 0x70,
    0x07, 0xD0, 0x03, 0x1C, 0x00, 0xF8, 0x00, 0xC7, 0x00, 0x2F, 0x40, 0x30, 0xF0, 0x2E, 0xF0, 0x28,
    0x2F, 0xFC, 0x3F, 0xFC, 0x02, 0xFC, 0x03, 0xF8, 0x00, 0x00, 0x00, 0x00, 0x00, 0x00, 0x00, 0x0B,
    0xE4, 0x00, 0x01, 0xEB, 0xF0, 0x00, 0x0D, 0x03, 0x80, 0x00, 0xB0, 0x01, 0x00, 0x03, 0xC0, 0x00,
    0x00, 0x0F, 0x00, 0x00, 0x00, 0x3C, 0x00, 0x00, 0x00, 0xF0, 0x00, 0x00, 0x03, 0xC0, 0x00, 0x00,
    0x0F, 0x00, 0x00, 0x00, 0x7C, 0x00, 0x00, 0x01, 0xE0, 0x00, 0x00, 0x07, 0x80, 0x00, 0x00, 0x1E,
    0x00, 0x00, 0x00, 0xB8, 0x00, 0x00, 0x02, 0xE0, 0x00, 0x00, 0x0B, 0x40, 0x00, 0x00, 0x2D, 0x00,
    0x00, 0x00, 0xF4, 0x00, 0x00, 0x03, 0xD0, 0x00, 0x00, 0x0F, 0x00, 0x00, 0x00, 0x3C, 0x00, 0x07,
    0x00, 0xE0, 0x00, 0x2E, 0x0F, 0x00, 0x00, 0x7F, 0xE0, 0x00, 0x00, 0x00, 0x00, 0x00, 0x00, 0x01,
    0x40, 0x00, 0x20, 0x2F, 0xFA, 0x42, 0xC2, 0xFF, 0xFF, 0xFC, 0x1D, 0x00, 0x6F, 0xD0, 0x10, 0x00,
    0x00, 0x00, 0x00, 0x00, 0x00, 0x00, 0x7E, 0x90, 0x07, 0x43, 0xFF, 0xFE, 0xB8, 0x38, 0x1B, 0xFF,
    0x80, 0x80, 0x00, 0x54, 0x00, 0x00, 0x00, 0x18, 0x00, 0x00, 0x00, 0x09, 0x00, 0x00, 0x00, 0x03,
    0x00, 0x00, 0x00, 0x01, 0xC0, 0x00, 0x15, 0x55, 0xB5, 0x56, 0x0F, 0xFF, 0xFF, 0xFF, 0xC2, 0xAA,
    0xAE, 0x55, 0x50, 0x00, 0x07, 0x00, 0x00, 0x00, 0x02, 0x80, 0x00, 0x00, 0x00, 0xD0, 0x01, 0x43,
    0xFF, 0xFF, 0xFF, 0xF1, 0xFE, 0xBE, 0xAA, 0xA8, 0x00, 0x0A, 0x00, 0x00, 0x00, 0x03, 0x40, 0x00,
    0x00, 0x00, 0xC0, 0x00, 0x00, 0x00, 0x60, 0x00, 0x00, 0x00, 0x00, 0x00, 0x00, 0x00, 0x00, 0x00,
    0x00, 0x04, 0x00, 0x00, 0x00, 0x6F, 0x00, 0x00, 0x01, 0xFF, 0x80, 0x00, 0x0B, 0xF9, 0x00, 0x00,
    0x7F, 0xD0, 0x00, 0x01, 0xFE, 0x00, 0x00, 0x03, 0xF4, 0x00, 0x00, 0x00, 0xFE, 0x00, 0x00, 0x00,
    0x0B, 0xFD, 0x00, 0x00, 0x00, 0x1F, 0xF4, 0x00, 0x00, 0x00, 0x2F, 0xE0, 0x00, 0x00, 0x00, 0xBF,
    0x90, 0x00, 0x00, 0x01, 0xFC, 0x00, 0x00, 0x00, 0x05, 0x00, 0x00, 0x00, 0x00, 0x00, 0x00, 0x00,
    0x00, 0x00, 0x15, 0x55, 0x55, 0x5A, 0x0F, 0xFF, 0xFF, 0xFF, 0xC1, 0x55, 0x55, 0x55, 0x50, 0x00,
    0x00, 0x00, 0x00, 0x03, 0xE0, 0x00, 0x00, 0x00, 0xBF, 0x90, 0x00, 0x00, 0x01, 0xFF, 0x40, 0x00,
    0x00, 0x07, 0xFE, 0x00, 0x00, 0x00, 0x0B, 0xF9, 0x00, 0x00, 0x00, 0x1F, 0xE0, 0x00, 0x00, 0x01,
    0xFC, 0x00, 0x00, 0x07, 0xF8, 0x00, 0x00, 0x6F, 0xD0, 0x00, 0x02, 0xFF, 0x40, 0x00, 0x1F, 0xF8,
    0x00, 0x00, 0x0F, 0xD0, 0x00, 0x00, 0x02, 0x00, 0x00, 0x00, 0x00, 0x00, 0x00, 0x00, 0x00, 0x00,
    0x00, 0x00, 0x00, 0x15, 0x55, 0x55, 0x5A, 0x0F, 0xFF, 0xFF, 0xFF, 0xC1, 0x55, 0x55, 0x55, 0x50,
};

static const EpdGlyph alegreya_16_regularGlyphs[] = {
    { 0, 0, 0, 0, 0, 0, 0 }, //  
    { 0, 0, 7, 0, 0, 0, 0 }, // 
    { 0, 0, 7, 0, 0, 0, 0 }, //  
    { 5, 25, 10, 2, 24, 32, 0 }, // !
    { 8, 9, 10, 1, 22, 18, 32 }, // "
    { 16, 19, 17, 0, 20, 76, 50 }, // #
    { 13, 28, 15, 1, 22, 91, 126 }, // $
    { 21, 27, 22, 1, 23, 142, 217 }, // %
    { 23, 23, 23, 1, 22, 133, 359 }, // &
    { 4, 9, 6, 1, 22, 9, 492 }, // '
    { 8, 28, 9, 1, 22, 56, 501 }, // (
    { 8, 28, 9, 0, 22, 56, 557 }, // )
    { 11, 12, 15, 2, 25, 33, 613 }, // *
    { 17, 16, 17, 0, 17, 68, 646 }, // +
    { 6, 10, 10, 2, 4, 15, 714 }, // ,
    { 9, 3, 13, 2, 10, 7, 729 }, // -
    { 5, 5, 10, 3, 4, 7, 736 }, // .
    { 9, 27, 11, 1, 23, 61, 743 }, // /
    { 16, 18, 18, 1, 17, 72, 804 }, // 0
    { 10, 18, 11, 1, 17, 45, 876 }, // 1
    { 16, 18, 16, 0, 17, 72, 921 }, // 2
    { 12, 21, 14, 0, 17, 63, 993 }, // 3
    { 15, 21, 15, 0, 17, 79, 1056 }, // 4
    { 13, 22, 14, 0, 18, 72, 1135 }, // 5
    { 14, 21, 15, 1, 20, 74, 1207 }, // 6
    { 13, 21, 14, 1, 17, 69, 1281 }, // 7
    { 14, 21, 16, 1, 20, 74, 1350 }, // 8
    { 13, 21, 15, 1, 17, 69, 1424 }, // 9
    { 5, 14, 8, 2, 13, 18, 1493 }, // :
    { 6, 19, 8, 2, 13, 29, 1511 }, // ;
    { 15, 14, 17, 1, 16, 53, 1540 }, // <
    { 17, 8, 17, 0, 13, 34, 1593 }, // =
    { 15, 14, 17, 1, 16, 53, 1627 }, // >
    { 10, 25, 12, 1, 24, 63, 1680 }, // ?
    { 26, 28, 28, 1, 21, 182, 1743 }, // @
    { 21, 23, 19, -1, 22, 121, 1925 }, // A
    { 18, 23, 20, 1, 22, 104, 2046 }, // B
    { 19, 23, 21, 1, 22, 110, 2150 }, // C
    { 22, 23, 23, 1, 22, 127, 2260 }, // D
    { 17, 23, 20, 1, 22, 98, 2387 }, // E
    { 16, 23, 17, 1, 22, 92, 2485 }, // F
    { 19, 23, 22, 1, 22, 110, 2577 }, // G
    { 23, 23, 25, 1, 22, 133, 2687 }, // H
    { 10, 23, 12, 1, 22, 58, 2820 }, // I
    { 10, 27, 11, 0, 22, 68, 2878 }, // J
    { 20, 23, 21, 1, 22, 115, 2946 }, // K
    { 15, 23, 17, 2, 22, 87, 3061 }, // L
    { 26, 23, 28, 1, 22, 150, 3148 }, // M
    { 22, 24, 24, 1, 22, 132, 3298 }, // N
    { 21, 23, 23, 1, 22, 121, 3430 }, // O
    { 16, 23, 18, 2, 22, 92, 3551 }, // P
    { 26, 30, 23, 1, 22, 195, 3643 }, // Q
    { 20, 23, 20, 1, 22, 115, 3838 }, // R
    { 15, 23, 18, 1, 22, 87, 3953 }, // S
    { 18, 23, 18, 0, 22, 104, 4040 }, // T
    { 21, 23, 23, 1, 22, 121, 4144 }, // U
    { 22, 23, 20, -1, 22, 127, 4265 }, // V
    { 33, 23, 31, -1, 22, 190, 4392 }, // W
    { 22, 23, 22, 0, 22, 127, 4582 }, // X
    { 20, 23, 18, -1, 22, 115, 4709 }, // Y
    { 17, 23, 19, 1, 22, 98, 4824 }, // Z
    { 7, 27, 10, 3, 22, 48, 4922 }, // [
    { 9, 27, 11, 1, 23, 61, 4970 }, // <backslash>
    { 8, 27, 10, 0, 22, 54, 5031 }, // ]
    { 14, 16, 17, 1, 17, 56, 5085 }, // ^
    { 17, 3, 15, -1, -2, 13, 5141 }, // _
    { 7, 7, 13, 2, 24, 13, 5154 }, // `
    { 15, 17, 16, 1, 16, 64, 5167 }, // a
    { 16, 26, 17, 0, 25, 104, 5231 }, // b
    { 12, 17, 14, 1, 16, 51, 5335 }, // c
    { 17, 26, 18, 1, 25, 111, 5386 }, // d
    { 13, 17, 15, 1, 16, 56, 5497 }, // e
    { 15, 26, 11, 1, 25, 98, 5553 }, // f
    { 16, 26, 17, 1, 17, 104, 5651 }, // g
    { 17, 26, 18, 0, 25, 111, 5755 }, // h
    { 8, 25, 9, 1, 24, 50, 5866 }, // i
    { 6, 33, 8, 0, 24, 50, 5916 }, // j
    { 17, 26, 17, 0, 25, 111, 5966 }, // k
    { 8, 26, 8, 0, 25, 52, 6077 }, // l
    { 26, 17, 28, 1, 16, 111, 6129 }, // m
    { 17, 17, 18, 1, 16, 73, 6240 }, // n
    { 15, 17, 17, 1, 16, 64, 6313 }, // o
    { 16, 24, 18, 1, 16, 96, 6377 }, // p
    { 16, 24, 17, 1, 16, 96, 6473 }, // q
    { 11, 17, 13, 1, 16, 47, 6569 }, // r
    { 11, 17, 13, 1, 16, 47, 6616 }, // s
    { 11, 19, 11, 0, 18, 53, 6663 }, // t
    { 18, 17, 18, 0, 16, 77, 6716 }, // u
    { 17, 17, 15, -1, 16, 73, 6793 }, // v
    { 25, 17, 24, -1, 16, 107, 6866 }, // w
    { 16, 17, 16, 0, 16, 68, 6973 }, // x
    { 17, 25, 15, -1, 16, 107, 7041 }, // y
    { 13, 17, 15, 1, 16, 56, 7148 }, // z
    { 9, 27, 10, 1, 22, 61, 7204 }, // {
    { 3, 36, 12, 5, 27, 27, 7265 }, // |
    { 9, 27, 10, 0, 22, 61, 7292 }, // }
    { 15, 6, 17, 1, 12, 23, 7353 }, // ~
    { 0, 0, 7, 0, 0, 0, 7376 }, //  
    { 6, 25, 10, 2, 16, 38, 7376 }, // ¡
    { 12, 28, 14, 1, 22, 84, 7414 }, // ¢
    { 15, 21, 18, 1, 20, 79, 7498 }, // £
    { 14, 14, 16, 1, 19, 49, 7577 }, // ¤
    { 18, 18, 18, 0, 17, 81, 7626 }, // ¥
    { 3, 36, 12, 5, 27, 27, 7707 }, // ¦
    { 15, 26, 17, 1, 22, 98, 7734 }, // §
    { 9, 4, 13, 2, 22, 9, 7832 }, // ¨
    { 21, 21, 23, 1, 20, 111, 7841 }, // ©
    { 10, 11, 11, 1, 22, 28, 7952 }, // ª
    { 13, 13, 14, 0, 14, 43, 7980 }, // «
    { 16, 9, 17, 0, 10, 36, 8023 }, // ¬
    { 9, 3, 13, 2, 10, 7, 8059 }, // ­
    { 14, 14, 16, 1, 24, 49, 8066 }, // ®
    { 11, 3, 13, 1, 22, 9, 8115 }, // ¯
    { 10, 9, 10, 0, 22, 23, 8124 }, // °
    { 17, 20, 17, 0, 17, 85, 8147 }, // ±
    { 11, 14, 11, 0, 25, 39, 8232 }, // ²
    { 8, 14, 10, 1, 25, 28, 8271 }, // ³
    { 7, 7, 13, 4, 24, 13, 8299 }, // ´
    { 16, 24, 18, 2, 16, 96, 8312 }, // µ
    { 16, 26, 19, 1, 22, 104, 8408 }, // ¶
    { 4, 5, 8, 2, 10, 5, 8512 }, // ·
    { 7, 9, 13, 3, 1, 16, 8517 }, // ¸
    { 8, 14, 8, 0, 25, 28, 8533 }, // ¹
    { 11, 11, 11, 0, 22, 31, 8561 }, // º
    { 13, 13, 14, 1, 14, 43, 8592 }, // »
    { 22, 27, 23, 0, 23, 149, 8635 }, // ¼
    { 24, 27, 24, 0, 23, 162, 8784 }, // ½
    { 22, 27, 23, 1, 23, 149, 8946 }, // ¾
    { 10, 25, 12, 1, 16, 63, 9095 }, // ¿
    { 21, 30, 19, -1, 29, 158, 9158 }, // À
    { 21, 30, 19, -1, 29, 158, 9316 }, // Á
    { 21, 30, 19, -1, 29, 158, 9474 }, // Â
    { 21, 29, 19, -1, 28, 153, 9632 }, // Ã
    { 21, 28, 19, -1, 27, 147, 9785 }, // Ä
    { 21, 29, 19, -1, 28, 153, 9932 }, // Å
    { 28, 23, 27, -1, 22, 161, 10085 }, // Æ
    { 19, 30, 21, 1, 22, 143, 10246 }, // Ç
    { 17, 30, 20, 1, 29, 128, 10389 }, // È
    { 17, 30, 20, 1, 29, 128, 10517 }, // É
    { 17, 30, 20, 1, 29, 128, 10645 }, // Ê
    { 17, 28, 20, 1, 27, 119, 10773 }, // Ë
    { 11, 29, 12, 0, 28, 80, 10892 }, // Ì
    { 10, 30, 12, 1, 29, 75, 10972 }, // Í
    { 10, 30, 12, 1, 29, 75, 11047 }, // Î
    { 10, 28, 12, 1, 27, 70, 11122 }, // Ï
    { 23, 23, 24, 0, 22, 133, 11192 }, // Ð
    { 22, 30, 24, 1, 28, 165, 11325 }, // Ñ
    { 21, 30, 23, 1, 29, 158, 11490 }, // Ò
    { 21, 30, 23, 1, 29, 158, 11648 }, // Ó
    { 21, 30, 23, 1, 29, 158, 11806 }, // Ô
    { 21, 29, 23, 1, 28, 153, 11964 }, // Õ
    { 21, 28, 23, 1, 27, 147, 12117 }, // Ö
    { 13, 13, 17, 2, 15, 43, 12264 }, // ×
    { 21, 28, 23, 1, 24, 147, 12307 }, // Ø
    { 21, 30, 23, 1, 29, 158, 12454 }, // Ù
    { 21, 30, 23, 1, 29, 158, 12612 }, // Ú
    { 21, 30, 23, 1, 29, 158, 12770 }, // Û
    { 21, 28, 23, 1, 27, 147, 12928 }, // Ü
    { 20, 30, 18, -1, 29, 150, 13075 }, // Ý
    { 17, 23, 18, 1, 22, 98, 13225 }, // Þ
    { 19, 26, 20, 1, 25, 124, 13323 }, // ß
    { 15, 25, 16, 1, 24, 94, 13447 }, // à
    { 15, 25, 16, 1, 24, 94, 13541 }, // á
    { 15, 25, 16, 1, 24, 94, 13635 }, // â
    { 15, 25, 16, 1, 24, 94, 13729 }, // ã
    { 15, 23, 16, 1, 22, 87, 13823 }, // ä
    { 15, 25, 16, 1, 24, 94, 13910 }, // å
    { 21, 17, 22, 1, 16, 90, 14004 }, // æ
    { 12, 24, 14, 1, 16, 72, 14094 }, // ç
    { 13, 25, 15, 1, 24, 82, 14166 }, // è
    { 13, 25, 15, 1, 24, 82, 14248 }, // é
    { 13, 25, 15, 1, 24, 82, 14330 }, // ê
    { 13, 23, 15, 1, 22, 75, 14412 }, // ë
    { 9, 25, 9, 0, 24, 57, 14487 }, // ì
    { 8, 25, 9, 1, 24, 50, 14544 }, // í
    { 11, 25, 9, -1, 24, 69, 14594 }, // î
    { 9, 22, 9, 0, 21, 50, 14663 }, // ï
    { 15, 26, 17, 1, 25, 98, 14713 }, // ð
    { 17, 25, 19, 1, 24, 107, 14811 }, // ñ
    { 15, 25, 17, 1, 24, 94, 14918 }, // ò
    { 15, 25, 17, 1, 24, 94, 15012 }, // ó
    { 15, 25, 17, 1, 24, 94, 15106 }, // ô
    { 15, 25, 17, 1, 24, 94, 15200 }, // õ
    { 15, 23, 17, 1, 22, 87, 15294 }, // ö
    { 17, 17, 17, 0, 17, 73, 15381 }, // ÷
    { 15, 22, 17, 1, 18, 83, 15454 }, // ø
    { 18, 25, 18, 0, 24, 113, 15537 }, // ù
    { 18, 25, 18, 0, 24, 113, 15650 }, // ú
    { 18, 25, 18, 0, 24, 113, 15763 }, // û
    { 18, 23, 18, 0, 22, 104, 15876 }, // ü
    { 17, 33, 15, -1, 24, 141, 15980 }, // ý
    { 16, 33, 17, 0, 25, 132, 16121 }, // þ
    { 17, 31, 15, -1, 22, 132, 16253 }, // ÿ
    { 21, 27, 19, -1, 26, 142, 16385 }, // Ā
    { 15, 23, 16, 1, 22, 87, 16527 }, // ā
    { 21, 29, 19, -1, 28, 153, 16614 }, // Ă
    { 15, 24, 16, 1, 23, 90, 16767 }, // ă
    { 21, 31, 19, -1, 22, 163, 16857 }, // Ą
    { 15, 25, 16, 1, 16, 94, 17020 }, // ą
    { 19, 30, 21, 1, 29, 143, 17114 }, // Ć
    { 12, 25, 14, 1, 24, 75, 17257 }, // ć
    { 19, 31, 21, 1, 30, 148, 17332 }, // Ĉ
    { 13, 25, 14, 1, 24, 82, 17480 }, // ĉ
    { 19, 29, 21, 1, 28, 138, 17562 }, // Ċ
    { 12, 25, 14, 1, 24, 75, 17700 }, // ċ
    { 19, 29, 21, 1, 28, 138, 17775 }, // Č
    { 13, 25, 14, 1, 24, 82, 17913 }, // č
    { 22, 29, 23, 1, 28, 160, 17995 }, // Ď
    { 19, 26, 19, 1, 25, 124, 18155 }, // ď
    { 23, 23, 24, 0, 22, 133, 18279 }, // Đ
    { 17, 26, 18, 1, 25, 111, 18412 }, // đ
    { 17, 27, 20, 1, 26, 115, 18523 }, // Ē
    { 13, 23, 15, 1, 22, 75, 18638 }, // ē
    { 17, 29, 20, 1, 28, 124, 18713 }, // Ĕ
    { 13, 24, 15, 1, 23, 78, 18837 }, // ĕ
    { 17, 29, 20, 1, 28, 124, 18915 }, // Ė
    { 13, 25, 15, 1, 24, 82, 19039 }, // ė
    { 17, 31, 20, 1, 22, 132, 19121 }, // Ę
    { 13, 25, 15, 1, 16, 82, 19253 }, // ę
    { 17, 29, 20, 1, 28, 124, 19335 }, // Ě
    { 13, 25, 15, 1, 24, 82, 19459 }, // ě
    { 19, 30, 22, 1, 29, 143, 19541 }, // Ĝ
    { 16, 33, 17, 1, 24, 132, 19684 }, // ĝ
    { 19, 28, 22, 1, 27, 133, 19816 }, // Ğ
    { 16, 32, 17, 1, 23, 128, 19949 }, // ğ
    { 19, 29, 22, 1, 28, 138, 20077 }, // Ġ
    { 16, 33, 17, 1, 24, 132, 20215 }, // ġ
    { 19, 32, 22, 1, 22, 152, 20347 }, // Ģ
    { 16, 34, 17, 1, 25, 136, 20499 }, // ģ
    { 23, 30, 25, 1, 29, 173, 20635 }, // Ĥ
    { 18, 32, 18, -1, 31, 144, 20808 }, // ĥ
    { 23, 23, 25, 1, 22, 133, 20952 }, // Ħ
    { 17, 26, 18, 0, 25, 111, 21085 }, // ħ
    { 12, 30, 12, 0, 29, 90, 21196 }, // Ĩ
    { 11, 25, 9, -1, 24, 69, 21286 }, // ĩ
    { 10, 27, 12, 1, 26, 68, 21355 }, // Ī
    { 10, 23, 9, 0, 22, 58, 21423 }, // ī
    { 10, 30, 12, 1, 29, 75, 21481 }, // Ĭ
    { 9, 24, 9, 0, 23, 54, 21556 }, // ĭ
    { 10, 31, 12, 1, 22, 78, 21610 }, // Į
    { 8, 33, 9, 1, 24, 66, 21688 }, // į
    { 10, 29, 12, 1, 28, 73, 21754 }, // İ
    { 8, 17, 9, 1, 16, 34, 21827 }, // ı
    { 21, 27, 23, 1, 22, 142, 21861 }, // Ĳ
    { 15, 33, 18, 1, 24, 124, 22003 }, // ĳ
    { 11, 35, 11, 0, 30, 97, 22127 }, // Ĵ
    { 10, 33, 8, -1, 24, 83, 22224 }, // ĵ
    { 20, 32, 21, 1, 22, 160, 22307 }, // Ķ
    { 17, 35, 17, 0, 25, 149, 22467 }, // ķ
    { 16, 17, 17, 1, 16, 68, 22616 }, // ĸ
    { 15, 30, 17, 2, 29, 113, 22684 }, // Ĺ
    { 9, 33, 8, 0, 32, 75, 22797 }, // ĺ
    { 15, 32, 17, 2, 22, 120, 22872 }, // Ļ
    { 8, 35, 8, 0, 25, 70, 22992 }, // ļ
    { 15, 23, 17, 2, 22, 87, 23062 }, // Ľ
    { 11, 26, 10, 0, 25, 72, 23149 }, // ľ
    { 15, 23, 18, 2, 22, 87, 23221 }, // Ŀ
    { 11, 26, 11, 0, 25, 72, 23308 }, // ŀ
    { 15, 23, 18, 2, 22, 87, 23380 }, // Ł
    { 9, 26, 9, 0, 25, 59, 23467 }, // ł
    { 22, 31, 24, 1, 29, 171, 23526 }, // Ń
    { 17, 25, 19, 1, 24, 107, 23697 }, // ń
    { 22, 32, 24, 1, 22, 176, 23804 }, // Ņ
    { 17, 26, 19, 1, 16, 111, 23980 }, // ņ
    { 22, 30, 24, 1, 28, 165, 24091 }, // Ň
    { 17, 25, 19, 1, 24, 107, 24256 }, // ň
    { 22, 28, 24, 1, 22, 154, 24363 }, // Ŋ
    { 15, 21, 18, 1, 16, 79, 24517 }, // ŋ
    { 21, 27, 23, 1, 26, 142, 24596 }, // Ō
    { 15, 23, 17, 1, 22, 87, 24738 }, // ō
    { 21, 29, 23, 1, 28, 153, 24825 }, // Ŏ
    { 15, 24, 17, 1, 23, 90, 24978 }, // ŏ
    { 21, 29, 23, 1, 28, 153, 25068 }, // Ő
    { 15, 25, 17, 1, 24, 94, 25221 }, // ő
    { 30, 23, 32, 1, 22, 173, 25315 }, // Œ
    { 24, 17, 26, 1, 16, 102, 25488 }, // œ
    { 20, 30, 20, 1, 29, 150, 25590 }, // Ŕ
    { 11, 25, 13, 1, 24, 69, 25740 }, // ŕ
    { 20, 32, 20, 1, 22, 160, 25809 }, // Ŗ
    { 11, 26, 13, 1, 16, 72, 25969 }, // ŗ
    { 20, 29, 20, 1, 28, 145, 26041 }, // Ř
    { 12, 25, 13, 1, 24, 75, 26186 }, // ř
    { 15, 30, 18, 1, 29, 113, 26261 }, // Ś
    { 11, 25, 13, 1, 24, 69, 26374 }, // ś
    { 15, 30, 18, 1, 29, 113, 26443 }, // Ŝ
    { 11, 25, 13, 1, 24, 69, 26556 }, // ŝ
    { 15, 30, 18, 1, 22, 113, 26625 }, // Ş
    { 11, 24, 13, 1, 16, 66, 26738 }, // ş
    { 15, 29, 18, 1, 28, 109, 26804 }, // Š
    { 12, 25, 13, 1, 24, 75, 26913 }, // š
    { 18, 30, 18, 0, 22, 135, 26988 }, // Ţ
    { 11, 26, 11, 0, 18, 72, 27123 }, // ţ
    { 18, 29, 18, 0, 28, 131, 27195 }, // Ť
    { 11, 26, 11, 0, 25, 72, 27326 }, // ť
    { 18, 23, 18, 0, 22, 104, 27398 }, // Ŧ
    { 11, 19, 11, 0, 18, 53, 27502 }, // ŧ
    { 21, 30, 23, 1, 29, 158, 27555 }, // Ũ
    { 18, 25, 18, 0, 24, 113, 27713 }, // ũ
    { 21, 27, 23, 1, 26, 142, 27826 }, // Ū
    { 18, 23, 18, 0, 22, 104, 27968 }, // ū
    { 21, 29, 23, 1, 28, 153, 28072 }, // Ŭ
    { 18, 24, 18, 0, 23, 108, 28225 }, // ŭ
    { 21, 29, 23, 1, 28, 153, 28333 }, // Ů
    { 18, 25, 18, 0, 24, 113, 28486 }, // ů
    { 21, 29, 23, 1, 28, 153, 28599 }, // Ű
    { 18, 25, 18, 0, 24, 113, 28752 }, // ű
    { 21, 31, 23, 1, 22, 163, 28865 }, // Ų
    { 19, 25, 18, 0, 16, 119, 29028 }, // ų
    { 33, 30, 31, -1, 29, 248, 29147 }, // Ŵ
    { 25, 25, 24, -1, 24, 157, 29395 }, // ŵ
    { 20, 30, 18, -1, 29, 150, 29552 }, // Ŷ
    { 17, 33, 15, -1, 24, 141, 29702 }, // ŷ
    { 20, 28, 18, -1, 27, 140, 29843 }, // Ÿ
    { 17, 30, 19, 1, 29, 128, 29983 }, // Ź
    { 13, 25, 15, 1, 24, 82, 30111 }, // ź
    { 17, 29, 19, 1, 28, 124, 30193 }, // Ż
    { 13, 25, 15, 1, 24, 82, 30317 }, // ż
    { 17, 29, 19, 1, 28, 124, 30399 }, // Ž
    { 13, 25, 15, 1, 24, 82, 30523 }, // ž
    { 7, 7, 0, -11, 24, 13, 30605 }, // ̀
    { 7, 7, 0, -9, 24, 13, 30618 }, // ́
    { 11, 7, 0, -12, 24, 20, 30631 }, // ̂
    { 12, 5, 0, -13, 23, 15, 30651 }, // ̃
    { 11, 3, 0, -12, 22, 9, 30666 }, // ̄
    { 9, 6, 0, -11, 23, 14, 30675 }, // ̆
    { 5, 5, 0, -9, 24, 7, 30689 }, // ̇
    { 9, 4, 0, -11, 22, 9, 30696 }, // ̈
    { 6, 8, 0, -10, 26, 12, 30705 }, // ̉
    { 7, 6, 0, -10, 24, 11, 30717 }, // ̊
    { 12, 7, 0, -12, 24, 21, 30728 }, // ̋
    { 11, 7, 0, -12, 24, 20, 30749 }, // ̌
    { 12, 7, 0, -12, 24, 21, 30769 }, // ̏
    { 9, 6, 0, -10, 23, 14, 30790 }, // ̑
    { 5, 9, 0, -5, 22, 12, 30804 }, // ̒
    { 6, 8, 0, -8, 22, 12, 30816 }, // ̛
    { 5, 5, 0, -9, -2, 7, 30828 }, // ̣
    { 9, 4, 0, -11, -5, 9, 30835 }, // ̤
    { 6, 8, 0, -10, -2, 12, 30844 }, // ̦
    { 7, 9, 0, -10, 1, 16, 30856 }, // ̧
    { 8, 11, 0, -11, 2, 22, 30872 }, // ̨
    { 9, 5, 0, -11, -2, 12, 30894 }, // ̮
    { 11, 3, 0, -12, -3, 9, 30906 }, // ̱
    { 12, 2, 0, -14, 9, 6, 30915 }, // ̵
    { 11, 6, 0, -12, 24, 17, 30921 }, // ͂
    { 4, 8, 0, -5, 24, 8, 30938 }, // ̓
    { 11, 8, 0, -12, 24, 22, 30946 }, // ̈́
    { 4, 7, 0, -8, -1, 7, 30968 }, // ͅ
    { 17, 30, 20, 1, 29, 128, 30975 }, // Ѐ
    { 17, 29, 20, 1, 28, 124, 31103 }, // Ё
    { 20, 28, 21, 0, 22, 140, 31227 }, // Ђ
    { 16, 30, 16, 1, 29, 120, 31367 }, // Ѓ
    { 18, 23, 21, 1, 22, 104, 31487 }, // Є
    { 15, 23, 18, 1, 22, 87, 31591 }, // Ѕ
    { 10, 23, 12, 1, 22, 58, 31678 }, // І
    { 10, 28, 12, 1, 27, 70, 31736 }, // Ї
    { 10, 27, 11, 0, 22, 68, 31806 }, // Ј
    { 28, 23, 28, 0, 22, 161, 31874 }, // Љ
    { 30, 23, 32, 1, 22, 173, 32035 }, // Њ
    { 22, 23, 22, 0, 22, 127, 32208 }, // Ћ
    { 20, 30, 21, 1, 29, 150, 32335 }, // Ќ
    { 23, 29, 25, 1, 28, 167, 32485 }, // Ѝ
    { 19, 29, 19, 0, 28, 138, 32652 }, // Ў
    { 21, 29, 24, 1, 22, 153, 32790 }, // Џ
    { 21, 23, 19, -1, 22, 121, 32943 }, // А
    { 17, 23, 20, 1, 22, 98, 33064 }, // Б
    { 18, 23, 20, 1, 22, 104, 33162 }, // В
    { 16, 23, 16, 1, 22, 92, 33266 }, // Г
    { 20, 28, 21, 0, 22, 140, 33358 }, // Д
    { 17, 23, 20, 1, 22, 98, 33498 }, // Е
    { 31, 23, 30, 0, 22, 179, 33596 }, // Ж
    { 14, 23, 18, 2, 22, 81, 33775 }, // З
    { 23, 23, 25, 1, 22, 133, 33856 }, // И
    { 23, 29, 25, 1, 28, 167, 33989 }, // Й
    { 20, 23, 21, 1, 22, 115, 34156 }, // К
    { 21, 23, 22, 0, 22, 121, 34271 }, // Л
    { 26, 23, 28, 1, 22, 150, 34392 }, // М
    { 23, 23, 25, 1, 22, 133, 34542 }, // Н
    { 21, 23, 23, 1, 22, 121, 34675 }, // О
    { 22, 23, 24, 1, 22, 127, 34796 }, // П
    { 16, 23, 18, 2, 22, 92, 34923 }, // Р
    { 19, 23, 21, 1, 22, 110, 35015 }, // С
    { 18, 23, 18, 0, 22, 104, 35125 }, // Т
    { 19, 23, 19, 0, 22, 110, 35229 }, // У
    { 22, 25, 23, 1, 23, 138, 35339 }, // Ф
    { 22, 23, 22, 0, 22, 127, 35477 }, // Х
    { 22, 28, 24, 1, 22, 154, 35604 }, // Ц
    { 19, 23, 20, 0, 22, 110, 35758 }, // Ч
    { 32, 23, 36, 2, 22, 184, 35868 }, // Ш
    { 33, 28, 35, 1, 22, 231, 36052 }, // Щ
    { 20, 23, 21, 0, 22, 115, 36283 }, // Ъ
    { 26, 23, 28, 1, 22, 150, 36398 }, // Ы
    { 17, 23, 18, 1, 22, 98, 36548 }, // Ь
    { 18, 23, 21, 2, 22, 104, 36646 }, // Э
    { 31, 23, 33, 1, 22, 179, 36750 }, // Ю
    { 19, 23, 20, 0, 22, 110, 36929 }, // Я
    { 15, 17, 15, 1, 16, 64, 37039 }, // а
    { 16, 26, 18, 1, 25, 104, 37103 }, // б
    { 14, 17, 16, 1, 16, 60, 37207 }, // в
    { 13, 17, 14, 1, 16, 56, 37267 }, // г
    { 17, 21, 16, -1, 16, 90, 37323 }, // д
    { 13, 17, 15, 1, 16, 56, 37413 }, // е
    { 25, 17, 25, 0, 16, 107, 37469 }, // ж
    { 11, 17, 14, 2, 16, 47, 37576 }, // з
    { 17, 17, 20, 1, 16, 73, 37623 }, // и
    { 17, 23, 20, 1, 22, 98, 37696 }, // й
    { 16, 17, 17, 1, 16, 68, 37794 }, // к
    { 16, 17, 17, 0, 16, 68, 37862 }, // л
    { 21, 17, 22, 1, 16, 90, 37930 }, // м
    { 17, 17, 19, 1, 16, 73, 38020 }, // н
    { 15, 17, 17, 1, 16, 64, 38093 }, // о
    { 17, 17, 19, 1, 16, 73, 38157 }, // п
    { 16, 24, 18, 1, 16, 96, 38230 }, // р
    { 13, 17, 14, 1, 16, 56, 38326 }, // с
    { 15, 17, 15, 0, 16, 64, 38382 }, // т
    { 17, 25, 15, -1, 16, 107, 38446 }, // у
    { 19, 33, 20, 1, 25, 157, 38553 }, // ф
    { 16, 17, 16, 0, 16, 68, 38710 }, // х
    { 17, 21, 19, 1, 16, 90, 38778 }, // ц
    { 15, 17, 16, 0, 16, 64, 38868 }, // ч
    { 25, 17, 27, 1, 16, 107, 38932 }, // ш
    { 26, 21, 27, 1, 16, 137, 39039 }, // щ
    { 16, 17, 16, 0, 16, 68, 39176 }, // ъ
    { 20, 17, 22, 1, 16, 85, 39244 }, // ы
    { 14, 17, 15, 1, 16, 60, 39329 }, // ь
    { 12, 17, 15, 2, 16, 51, 39389 }, // э
    { 23, 17, 24, 1, 16, 98, 39440 }, // ю
    { 15, 17, 16, 0, 16, 64, 39538 }, // я
    { 13, 25, 15, 1, 24, 82, 39602 }, // ѐ
    { 13, 23, 15, 1, 22, 75, 39684 }, // ё
    { 16, 32, 18, 0, 25, 128, 39759 }, // ђ
    { 13, 25, 14, 1, 24, 82, 39887 }, // ѓ
    { 13, 17, 15, 1, 16, 56, 39969 }, // є
    { 11, 17, 13, 1, 16, 47, 40025 }, // ѕ
    { 8, 25, 9, 1, 24, 50, 40072 }, // і
    { 9, 23, 9, 0, 22, 52, 40122 }, // ї
    { 6, 33, 8, 0, 24, 50, 40174 }, // ј
    { 21, 17, 22, 0, 16, 90, 40224 }, // љ
    { 23, 17, 24, 1, 16, 98, 40314 }, // њ
    { 17, 26, 18, 0, 25, 111, 40412 }, // ћ
    { 16, 25, 17, 1, 24, 100, 40523 }, // ќ
    { 17, 25, 20, 1, 24, 107, 40623 }, // ѝ
    { 17, 31, 15, -1, 22, 132, 40730 }, // ў
    { 16, 22, 18, 1, 16, 88, 40862 }, // џ
    { 21, 25, 23, 1, 24, 132, 40950 }, // Ѣ
    { 17, 26, 18, 0, 25, 111, 41082 }, // ѣ
    { 28, 23, 28, 0, 22, 161, 41193 }, // Ѫ
    { 22, 17, 22, 0, 16, 94, 41354 }, // ѫ
    { 21, 23, 23, 1, 22, 121, 41448 }, // Ѳ
    { 15, 17, 17, 1, 16, 64, 41569 }, // ѳ
    { 21, 23, 20, -1, 22, 121, 41633 }, // Ѵ
    { 16, 17, 15, -1, 16, 68, 41754 }, // ѵ
    { 16, 28, 16, 1, 27, 112, 41822 }, // Ґ
    { 13, 20, 13, 1, 19, 65, 41934 }, // ґ
    { 15, 23, 18, 2, 22, 87, 41999 }, // Ғ
    { 13, 17, 14, 1, 16, 56, 42086 }, // ғ
    { 17, 28, 20, 1, 22, 119, 42142 }, // Ҕ
    { 14, 22, 16, 1, 16, 77, 42261 }, // ҕ
    { 30, 28, 32, 1, 22, 210, 42338 }, // Җ
    { 25, 21, 25, 0, 16, 132, 42548 }, // җ
    { 15, 29, 18, 2, 22, 109, 42680 }, // Ҙ
    { 11, 22, 14, 2, 16, 61, 42789 }, // ҙ
    { 20, 28, 22, 1, 22, 140, 42850 }, // Қ
    { 16, 21, 17, 1, 16, 84, 42990 }, // қ
    { 22, 23, 23, 1, 22, 127, 43074 }, // Ҝ
    { 17, 17, 19, 1, 16, 73, 43201 }, // ҝ
    { 23, 23, 23, 0, 22, 133, 43274 }, // Ҡ
    { 20, 17, 20, 0, 16, 85, 43407 }, // ҡ
    { 23, 28, 25, 1, 22, 161, 43492 }, // Ң
    { 18, 21, 20, 1, 16, 95, 43653 }, // ң
    { 29, 23, 30, 1, 22, 167, 43748 }, // Ҥ
    { 22, 17, 23, 1, 16, 94, 43915 }, // ҥ
    { 19, 29, 22, 1, 22, 138, 44009 }, // Ҫ
    { 13, 22, 14, 1, 16, 72, 44147 }, // ҫ
    { 20, 23, 18, -1, 22, 115, 44219 }, // Ү
    { 17, 24, 15, -1, 16, 102, 44334 }, // ү
    { 20, 23, 18, -1, 22, 115, 44436 }, // Ұ
    { 17, 24, 15, -1, 16, 102, 44551 }, // ұ
    { 23, 28, 23, 0, 22, 161, 44653 }, // Ҳ
    { 17, 21, 16, 0, 16, 90, 44814 }, // ҳ
    { 19, 28, 20, 0, 22, 133, 44904 }, // Ҷ
    { 15, 21, 16, 0, 16, 79, 45037 }, // ҷ
    { 19, 23, 21, 0, 22, 110, 45116 }, // Ҹ
    { 16, 17, 17, 0, 16, 68, 45226 }, // ҹ
    { 19, 23, 21, 1, 22, 110, 45294 }, // Һ
    { 17, 26, 18, 0, 25, 111, 45404 }, // һ
    { 10, 23, 12, 1, 22, 58, 45515 }, // Ӏ
    { 31, 29, 30, 0, 28, 225, 45573 }, // Ӂ
    { 25, 23, 25, 0, 22, 144, 45798 }, // ӂ
    { 19, 28, 20, 0, 22, 133, 45942 }, // Ӌ
    { 15, 21, 16, 0, 16, 79, 46075 }, // ӌ
    { 7, 26, 9, 1, 25, 46, 46154 }, // ӏ
    { 21, 29, 19, -1, 28, 153, 46200 }, // Ӑ
    { 15, 23, 15, 1, 22, 87, 46353 }, // ӑ
    { 21, 28, 19, -1, 27, 147, 46440 }, // Ӓ
    { 15, 23, 15, 1, 22, 87, 46587 }, // ӓ
    { 28, 23, 27, -1, 22, 161, 46674 }, // Ӕ
    { 21, 17, 22, 1, 16, 90, 46835 }, // ӕ
    { 17, 30, 20, 1, 29, 128, 46925 }, // Ӗ
    { 13, 23, 15, 1, 22, 75, 47053 }, // ӗ
    { 22, 23, 22, 0, 22, 127, 47128 }, // Ә
    { 13, 17, 15, 1, 16, 56, 47255 }, // ә
    { 31, 28, 30, 0, 27, 217, 47311 }, // Ӝ
    { 25, 23, 25, 0, 22, 144, 47528 }, // ӝ
    { 14, 28, 18, 2, 27, 98, 47672 }, // Ӟ
    { 11, 23, 14, 2, 22, 64, 47770 }, // ӟ
    { 23, 27, 25, 1, 26, 156, 47834 }, // Ӣ
    { 17, 23, 20, 1, 22, 98, 47990 }, // ӣ
    { 23, 28, 25, 1, 27, 161, 48088 }, // Ӥ
    { 17, 23, 20, 1, 22, 98, 48249 }, // ӥ
    { 21, 28, 23, 1, 27, 147, 48347 }, // Ӧ
    { 15, 23, 17, 1, 22, 87, 48494 }, // ӧ
    { 21, 23, 23, 1, 22, 121, 48581 }, // Ө
    { 15, 17, 17, 1, 16, 64, 48702 }, // ө
    { 19, 27, 19, 0, 26, 129, 48766 }, // Ӯ
    { 17, 31, 15, -1, 22, 132, 48895 }, // ӯ
    { 19, 28, 19, 0, 27, 133, 49027 }, // Ӱ
    { 17, 31, 15, -1, 22, 132, 49160 }, // ӱ
    { 19, 29, 19, 0, 28, 138, 49292 }, // Ӳ
    { 17, 33, 15, -1, 24, 141, 49430 }, // ӳ
    { 19, 28, 20, 0, 27, 133, 49571 }, // Ӵ
    { 15, 23, 16, 0, 22, 87, 49704 }, // ӵ
    { 16, 28, 17, 1, 22, 112, 49791 }, // Ӷ
    { 13, 21, 14, 1, 16, 69, 49903 }, // ӷ
    { 26, 28, 28, 1, 27, 182, 49972 }, // Ӹ
    { 20, 23, 22, 1, 22, 115, 50154 }, // ӹ
    { 0, 0, 15, 0, 0, 0, 50269 }, //  
    { 0, 0, 8, 0, 0, 0, 50269 }, //  
    { 0, 0, 4, 0, 0, 0, 50269 }, //  
    { 0, 0, 3, 0, 0, 0, 50269 }, //  
    { 0, 0, 0, 0, 0, 0, 50269 }, // ​
    { 9, 3, 13, 2, 10, 7, 50269 }, // ‐
    { 15, 3, 15, 0, 10, 12, 50276 }, // ‒
    { 16, 3, 20, 2, 10, 12, 50288 }, // –
    { 32, 3, 31, -1, 10, 24, 50300 }, // —
    { 32, 3, 31, -1, 10, 24, 50324 }, // ―
    { 5, 9, 6, 1, 22, 12, 50348 }, // ‘
    { 5, 9, 6, 0, 22, 12, 50360 }, // ’
    { 6, 10, 8, 2, 4, 15, 50372 }, // ‚
    { 10, 9, 11, 1, 22, 23, 50387 }, // “
    { 10, 9, 11, 0, 22, 23, 50410 }, // ”
    { 11, 9, 13, 1, 4, 25, 50433 }, // „
    { 15, 24, 16, 1, 20, 90, 50458 }, // †
    { 15, 24, 16, 1, 20, 90, 50548 }, // ‡
    { 8, 9, 11, 2, 12, 18, 50638 }, // •
    { 4, 5, 8, 2, 4, 5, 50656 }, // ․
    { 12, 5, 15, 3, 4, 15, 50661 }, // ‥
    { 19, 5, 22, 3, 4, 24, 50676 }, // …
    { 33, 27, 33, 1, 23, 223, 50700 }, // ‰
    { 4, 9, 6, 1, 22, 9, 50923 }, // ′
    { 9, 9, 11, 1, 22, 21, 50932 }, // ″
    { 8, 13, 9, 0, 14, 26, 50953 }, // ‹
    { 7, 13, 9, 1, 14, 23, 50979 }, // ›
    { 19, 27, 4, -8, 23, 129, 51002 }, // ⁄
    { 10, 14, 12, 1, 25, 35, 51131 }, // ⁰
    { 10, 14, 10, 0, 25, 35, 51166 }, // ⁴
    { 9, 14, 10, 0, 25, 32, 51201 }, // ⁵
    { 9, 14, 10, 1, 25, 32, 51233 }, // ⁶
    { 10, 14, 10, 0, 25, 35, 51265 }, // ⁷
    { 9, 14, 11, 1, 25, 32, 51300 }, // ⁸
    { 10, 14, 10, 0, 25, 35, 51332 }, // ⁹
    { 12, 11, 13, 0, 22, 33, 51367 }, // ⁿ
    { 10, 14, 12, 1, 9, 35, 51400 }, // ₀
    { 8, 14, 8, 0, 9, 28, 51435 }, // ₁
    { 11, 14, 11, 0, 9, 39, 51463 }, // ₂
    { 8, 14, 10, 1, 9, 28, 51502 }, // ₃
    { 10, 14, 10, 0, 9, 35, 51530 }, // ₄
    { 9, 15, 10, 0, 10, 34, 51565 }, // ₅
    { 9, 14, 10, 1, 9, 32, 51599 }, // ₆
    { 10, 14, 10, 0, 9, 35, 51631 }, // ₇
    { 9, 14, 11, 1, 9, 32, 51666 }, // ₈
    { 10, 14, 10, 0, 9, 35, 51698 }, // ₉
    { 16, 28, 18, 1, 22, 112, 51733 }, // ₡
    { 14, 19, 15, 1, 18, 67, 51845 }, // ₣
    { 15, 21, 18, 1, 20, 79, 51912 }, // ₤
    { 21, 18, 22, 1, 17, 95, 51991 }, // ₦
    { 40, 23, 43, 2, 22, 230, 52086 }, // ₧
    { 27, 18, 28, 0, 17, 122, 52316 }, // ₩
    { 17, 28, 17, 0, 25, 119, 52438 }, // ₫
    { 18, 18, 20, 0, 17, 81, 52557 }, // €
    { 17, 18, 17, 1, 17, 77, 52638 }, // ₭
    { 16, 18, 20, 2, 17, 72, 52715 }, // ₮
    { 16, 18, 17, 1, 17, 72, 52787 }, // ₱
    { 16, 28, 19, 1, 22, 112, 52859 }, // ₲
    { 15, 18, 17, 1, 17, 68, 52971 }, // ₴
    { 16, 28, 18, 1, 22, 112, 53039 }, // ₵
    { 16, 18, 16, 0, 17, 72, 53151 }, // ₸
    { 13, 21, 11, -1, 20, 69, 53223 }, // ₹
    { 14, 17, 15, 1, 17, 60, 53292 }, // ₺
    { 22, 21, 22, 0, 20, 116, 53352 }, // ₼
    { 14, 18, 15, 1, 17, 63, 53468 }, // ₽
    { 16, 15, 18, 1, 15, 60, 53531 }, // ←
    { 15, 15, 18, 1, 15, 57, 53591 }, // ↑
    { 16, 15, 18, 1, 15, 60, 53648 }, // →
    { 15, 15, 18, 1, 15, 57, 53708 }, // ↓
    { 23, 15, 25, 1, 15, 87, 53765 }, // ↔
    { 15, 23, 18, 1, 19, 87, 53852 }, // ↕
    { 12, 13, 18, 3, 14, 39, 53939 }, // ↖
    { 12, 13, 18, 3, 14, 39, 53978 }, // ↗
    { 12, 13, 18, 3, 14, 39, 54017 }, // ↘
    { 12, 12, 18, 3, 14, 36, 54056 }, // ↙
    { 15, 26, 17, 1, 25, 98, 54092 }, // ∂
    { 21, 28, 22, 1, 24, 147, 54190 }, // ∅
    { 17, 22, 18, 0, 22, 94, 54337 }, // ∆
    { 22, 23, 24, 1, 22, 127, 54431 }, // ∏
    { 17, 23, 19, 0, 22, 98, 54558 }, // ∑
    { 17, 3, 17, 0, 10, 13, 54656 }, // −
    { 9, 27, 11, 1, 23, 61, 54669 }, // ∕
    { 4, 5, 8, 2, 10, 5, 54730 }, // ∙
    { 17, 26, 17, 0, 25, 111, 54735 }, // √
    { 17, 11, 17, 0, 14, 47, 54846 }, // ∞
    { 15, 26, 13, -1, 20, 98, 54893 }, // ∫
    { 15, 10, 17, 1, 14, 38, 54991 }, // ≈
    { 17, 17, 17, 0, 17, 73, 55029 }, // ≠
    { 17, 19, 17, 0, 16, 81, 55102 }, // ≤
    { 17, 19, 17, 0, 16, 81, 55183 }, // ≥
};

static const EpdUnicodeInterval alegreya_16_regularIntervals[] = {
    { 0x0, 0x0, 0x0 },
    { 0xD, 0xD, 0x1 },
    { 0x20, 0x7E, 0x2 },
    { 0xA0, 0xFF, 0x61 },
    { 0x100, 0x148, 0xC1 },
    { 0x14A, 0x17E, 0x10A },
    { 0x300, 0x304, 0x13F },
    { 0x306, 0x30C, 0x144 },
    { 0x30F, 0x30F, 0x14B },
    { 0x311, 0x312, 0x14C },
    { 0x31B, 0x31B, 0x14E },
    { 0x323, 0x324, 0x14F },
    { 0x326, 0x328, 0x151 },
    { 0x32E, 0x32E, 0x154 },
    { 0x331, 0x331, 0x155 },
    { 0x335, 0x335, 0x156 },
    { 0x342, 0x345, 0x157 },
    { 0x400, 0x45F, 0x15B },
    { 0x462, 0x463, 0x1BB },
    { 0x46A, 0x46B, 0x1BD },
    { 0x472, 0x475, 0x1BF },
    { 0x490, 0x49D, 0x1C3 },
    { 0x4A0, 0x4A5, 0x1D1 },
    { 0x4AA, 0x4AB, 0x1D7 },
    { 0x4AE, 0x4B3, 0x1D9 },
    { 0x4B6, 0x4BB, 0x1DF },
    { 0x4C0, 0x4C2, 0x1E5 },
    { 0x4CB, 0x4CC, 0x1E8 },
    { 0x4CF, 0x4D9, 0x1EA },
    { 0x4DC, 0x4DF, 0x1F5 },
    { 0x4E2, 0x4E9, 0x1F9 },
    { 0x4EE, 0x4F9, 0x201 },
    { 0x2007, 0x200B, 0x20D },
    { 0x2010, 0x2010, 0x212 },
    { 0x2012, 0x2015, 0x213 },
    { 0x2018, 0x201A, 0x217 },
    { 0x201C, 0x201E, 0x21A },
    { 0x2020, 0x2022, 0x21D },
    { 0x2024, 0x2026, 0x220 },
    { 0x2030, 0x2030, 0x223 },
    { 0x2032, 0x2033, 0x224 },
    { 0x2039, 0x203A, 0x226 },
    { 0x2044, 0x2044, 0x228 },
    { 0x2070, 0x2070, 0x229 },
    { 0x2074, 0x2079, 0x22A },
    { 0x207F, 0x2089, 0x230 },
    { 0x20A1, 0x20A1, 0x23B },
    { 0x20A3, 0x20A4, 0x23C },
    { 0x20A6, 0x20A7, 0x23E },
    { 0x20A9, 0x20A9, 0x240 },
    { 0x20AB, 0x20AE, 0x241 },
    { 0x20B1, 0x20B2, 0x245 },
    { 0x20B4, 0x20B5, 0x247 },
    { 0x20B8, 0x20BA, 0x249 },
    { 0x20BC, 0x20BD, 0x24C },
    { 0x2190, 0x2199, 0x24E },
    { 0x2202, 0x2202, 0x258 },
    { 0x2205, 0x2206, 0x259 },
    { 0x220F, 0x220F, 0x25B },
    { 0x2211, 0x2212, 0x25C },
    { 0x2215, 0x2215, 0x25E },
    { 0x2219, 0x221A, 0x25F },
    { 0x221E, 0x221E, 0x261 },
    { 0x222B, 0x222B, 0x262 },
    { 0x2248, 0x2248, 0x263 },
    { 0x2260, 0x2260, 0x264 },
    { 0x2264, 0x2265, 0x265 },
};

static const EpdFontData alegreya_16_regular = {
    alegreya_16_regularBitmaps,
    alegreya_16_regularGlyphs,
    alegreya_16_regularIntervals,
    67,
    45,
    34,
    -12,
    true,
};
