/**
 * generated by fontconvert.py
 * name: bookerly_12_bolditalic
 * size: 12
 * mode: 2-bit
 * Command used: fontconvert.py bookerly_12_bolditalic 12 ../builtinFonts/source/Bookerly/Bookerly-BoldItalic.ttf --2bit
 */
#pragma once
#include "EpdFontData.h"

static const uint8_t bookerly_12_bolditalicBitmaps[64372] = {
    0x00, 0x68, 0x01, 0xFC, 0x03, 0xF8, 0x07, 0xF4, 0x07, 0xF0, 0x0B, 0xE0, 0x0F, 0xD0, 0x0F, 0xC0,
    0x0F, 0xC0, 0x0F, 0x80, 0x1F, 0x40, 0x1F, 0x00, 0x2F, 0x00, 0x2D, 0x00, 0x00, 0x00, 0x04, 0x00,
    0x7F, 0x00, 0xBF, 0x00, 0xBD, 0x00, 0x10, 0x00, 0x0B, 0x87, 0xC2, 0xF4, 0xFC, 0x3F, 0x2F, 0x83,
    0xF2, 0xF4, 0x7E, 0x3F, 0x07, 0xD3, 0xF0, 0x7C, 0x3E, 0x0B, 0x83, 0x80, 0x00, 0x00, 0x00, 0x00,
    0x00, 0x00, 0x00, 0x00, 0x2F, 0x03, 0xE0, 0x00, 0x3F, 0x07, 0xD0, 0x00, 0x3E, 0x0B, 0xC0, 0x05,
    0xBE, 0x5F, 0xD4, 0x1F, 0xFF, 0xFF, 0xFD, 0x1A, 0xFE, 0xBF, 0xE8, 0x00, 0xF8, 0x2F, 0x00, 0x01,
    0xF4, 0x3F, 0x00, 0x02, 0xF0, 0x3E, 0x00, 0x7F, 0xFF, 0xFF, 0xF0, 0xBF, 0xFF, 0xFF, 0xF0, 0x07,
    0xE0, 0xFC, 0x00, 0x0B, 0xC0, 0xF8, 0x00, 0x0F, 0xC1, 0xF4, 0x00, 0x0F, 0x82, 0xF0, 0x00, 0x00,
    0x00, 0x00, 0x00, 0x00, 0x00, 0x2C, 0x00, 0x00, 0x03, 0x80, 0x00, 0x00, 0x74, 0x00, 0x00, 0x6F,
    0x80, 0x00, 0x7F, 0xFF, 0x40, 0x1F, 0xEF, 0xFC, 0x03, 0xE1, 0xDB, 0xD0, 0x7D, 0x2C, 0x3C, 0x07,
    0xF3, 0xC3, 0x40, 0x3F, 0xF8, 0x00, 0x02, 0xFF, 0xC0, 0x00, 0x0B, 0xFF, 0x00, 0x00, 0x2F, 0xFC,
    0x00, 0x01, 0xFF, 0xE0, 0x7C, 0x2C, 0xBF, 0x0F, 0xC3, 0xC3, 0xF0, 0xFD, 0x38, 0x7E, 0x0B, 0xFB,
    0x5F, 0xC0, 0x3F, 0xFF, 0xF4, 0x00, 0xBF, 0xF8, 0x00, 0x01, 0xE0, 0x00, 0x00, 0x2D, 0x00, 0x00,
    0x03, 0xC0, 0x00, 0x00, 0x3C, 0x00, 0x00, 0x06, 0x40, 0x00, 0x00, 0x00, 0x00, 0x00, 0x00, 0x00,
    0x00, 0x00, 0x10, 0x00, 0x02, 0xC0, 0x00, 0x2F, 0xF8, 0x00, 0x1F, 0x80, 0x03, 0xFB, 0xF4, 0x00,
    0xFC, 0x00, 0x2F, 0x47, 0xE0, 0x0B, 0xC0, 0x00, 0xFC, 0x0F, 0x80, 0x7D, 0x00, 0x07, 0xD0, 0x3E,
    0x03, 0xE0, 0x00, 0x2F, 0x41, 0xF4, 0x3F, 0x00, 0x00, 0xBC, 0x0F, 0xC1, 0xF0, 0x00, 0x02, 0xF4,
    0x7E, 0x0F, 0x42, 0xFE, 0x07, 0xFB, 0xF0, 0xF8, 0x3F, 0xFE, 0x07, 0xFE, 0x0B, 0xC3, 0xF0, 0xFC,
    0x00, 0x00, 0x7C, 0x1F, 0x42, 0xF4, 0x00, 0x03, 0xD0, 0xFC, 0x0B, 0xC0, 0x00, 0x3F, 0x03, 0xF0,
    0x3F, 0x00, 0x02, 0xF0, 0x0F, 0x80, 0xF8, 0x00, 0x1F, 0x40, 0x3F, 0x0B, 0xD0, 0x00, 0xFC, 0x00,
    0xFE, 0xBE, 0x00, 0x0F, 0xC0, 0x01, 0xFF, 0xE0, 0x00, 0x2D, 0x00, 0x00, 0x64, 0x00, 0x00, 0x10,
    0x00, 0x00, 0x00, 0x00, 0x00, 0x00, 0x00, 0x00, 0x00, 0x00, 0x00, 0x7F, 0xF0, 0x00, 0x00, 0x00,
    0xBF, 0xFF, 0x00, 0x00, 0x00, 0x7F, 0x0F, 0xC0, 0x00, 0x00, 0x3F, 0x02, 0xF0, 0x00, 0x00, 0x0F,
    0x80, 0xF8, 0x00, 0x00, 0x07, 0xE1, 0xF8, 0x00, 0x60, 0x01, 0xFB, 0xF4, 0x01, 0xBC, 0x00, 0x7F,
    0xE0, 0x2F, 0xFE, 0x00, 0xBF, 0xC0, 0xBF, 0xF9, 0x00, 0xFF, 0xF4, 0x3F, 0xF4, 0x00, 0xFD, 0x3F,
    0x04, 0x7C, 0x00, 0x7F, 0x0F, 0xE0, 0x3F, 0x00, 0x2F, 0x81, 0xFD, 0x1F, 0x40, 0x0B, 0xE0, 0x2F,
    0xDF, 0xC0, 0x02, 0xFC, 0x03, 0xFF, 0xC0, 0x00, 0x7F, 0x90, 0xBF, 0xE0, 0x00, 0x0B, 0xFF, 0xFF,
    0xFF, 0x90, 0x00, 0x7F, 0xFE, 0x2F, 0xFF, 0xC0, 0x00, 0x00, 0x00, 0xBF, 0xE0, 0x00, 0x00, 0x00,
    0x00, 0x00, 0x00, 0x0B, 0x8B, 0xD3, 0xF0, 0xFC, 0x7E, 0x1F, 0x47, 0xC2, 0xE0, 0x00, 0x00, 0x00,
    0x00, 0x1C, 0x00, 0x00, 0xFD, 0x00, 0x07, 0xF0, 0x00, 0x1F, 0xC0, 0x00, 0x7F, 0x00, 0x00, 0xFC,
    0x00, 0x02, 0xF8, 0x00, 0x07, 0xF0, 0x00, 0x0B, 0xD0, 0x00, 0x0F, 0xC0, 0x00, 0x1F, 0x80, 0x00,
    0x2F, 0x40, 0x00, 0x3F, 0x00, 0x00, 0x3F, 0x00, 0x00, 0x3F, 0x00, 0x00, 0x3F, 0x00, 0x00, 0x3F,
    0x00, 0x00, 0x2F, 0x40, 0x00, 0x1F, 0xC0, 0x00, 0x0F, 0xC0, 0x00, 0x0B, 0xE0, 0x00, 0x03, 0xF0,
    0x00, 0x01, 0xFC, 0x00, 0x00, 0xBD, 0x00, 0x00, 0x18, 0x00, 0x00, 0x20, 0x00, 0x03, 0xF0, 0x00,
    0x07, 0xF0, 0x00, 0x0B, 0xE0, 0x00, 0x0F, 0xC0, 0x00, 0x2F, 0x80, 0x00, 0x7F, 0x00, 0x00, 0xFC,
    0x00, 0x03, 0xF4, 0x00, 0x0B, 0xD0, 0x00, 0x2F, 0x80, 0x00, 0xBD, 0x00, 0x02, 0xF4, 0x00, 0x0F,
    0xC0, 0x00, 0x3F, 0x00, 0x02, 0xF8, 0x00, 0x0F, 0xC0, 0x00, 0x7E, 0x00, 0x03, 0xF0, 0x00, 0x2F,
    0x40, 0x02, 0xF8, 0x00, 0x2F, 0xC0, 0x02, 0xF8, 0x00, 0x3F, 0x80, 0x00, 0x60, 0x00, 0x00, 0x00,
    0x10, 0x00, 0x47, 0xC0, 0x3C, 0xBC, 0x07, 0xFF, 0x04, 0x0B, 0xFF, 0xC1, 0xBF, 0xFC, 0x7F, 0xB0,
    0x43, 0xCB, 0x80, 0x00, 0xB8, 0x00, 0x00, 0x00, 0x00, 0xBC, 0x00, 0x00, 0xBC, 0x00, 0x00, 0xBC,
    0x00, 0x00, 0xBC, 0x00, 0x6A, 0xFE, 0xA8, 0xBF, 0xFF, 0xFD, 0xAA, 0xFE, 0xA8, 0x00, 0xBC, 0x00,
    0x00, 0xBC, 0x00, 0x00, 0xBC, 0x00, 0x00, 0xBC, 0x00, 0x00, 0x00, 0x00, 0x01, 0x90, 0x2F, 0xC0,
    0x7F, 0x40, 0xFC, 0x07, 0xE0, 0x3F, 0x07, 0xF0, 0x2E, 0x00, 0x00, 0x00, 0xBF, 0xFD, 0xFF, 0xFE,
    0xFF, 0xFD, 0x05, 0x0F, 0xCB, 0xF2, 0xF8, 0x14, 0x00, 0x00, 0x00, 0x02, 0xF4, 0x00, 0x00, 0x1F,
    0xC0, 0x00, 0x00, 0xFC, 0x00, 0x00, 0x07, 0xE0, 0x00, 0x00, 0x3F, 0x00, 0x00, 0x02, 0xF4, 0x00,
    0x00, 0x1F, 0xC0, 0x00, 0x00, 0xFC, 0x00, 0x00, 0x07, 0xE0, 0x00, 0x00, 0x3F, 0x00, 0x00, 0x02,
    0xF4, 0x00, 0x00, 0x0F, 0xC0, 0x00, 0x00, 0xFC, 0x00, 0x00, 0x07, 0xE0, 0x00, 0x00, 0x3F, 0x00,
    0x00, 0x02, 0xF4, 0x00, 0x00, 0x0F, 0xC0, 0x00, 0x00, 0xFC, 0x00, 0x00, 0x07, 0xE0, 0x00, 0x00,
    0x00, 0x00, 0x00, 0x00, 0x00, 0x00, 0x14, 0x00, 0x00, 0x07, 0xFF, 0xC0, 0x00, 0x3F, 0xFF, 0xF0,
    0x00, 0xFF, 0x9F, 0xF8, 0x03, 0xFC, 0x03, 0xFC, 0x0B, 0xF0, 0x02, 0xFC, 0x0F, 0xD0, 0x02, 0xFC,
    0x2F, 0xC0, 0x02, 0xFC, 0x3F, 0x80, 0x02, 0xFC, 0x3F, 0x40, 0x03, 0xFC, 0x7F, 0x00, 0x03, 0xF8,
    0xBF, 0x00, 0x07, 0xF0, 0xBF, 0x00, 0x0F, 0xE0, 0xBF, 0x40, 0x2F, 0xC0, 0x7F, 0x80, 0x7F, 0x40,
    0x3F, 0xFB, 0xFE, 0x00, 0x1F, 0xFF, 0xF4, 0x00, 0x07, 0xFF, 0x80, 0x00, 0x00, 0x00, 0x00, 0x00,
    0x00, 0x00, 0x10, 0x00, 0x06, 0xFC, 0x01, 0xBF, 0xFC, 0x02, 0xFF, 0xF8, 0x00, 0x5B, 0xF4, 0x00,
    0x0B, 0xF4, 0x00, 0x0F, 0xF0, 0x00, 0x0F, 0xF0, 0x00, 0x1F, 0xE0, 0x00, 0x2F, 0xD0, 0x00, 0x3F,
    0xC0, 0x00, 0x3F, 0xC0, 0x00, 0x3F, 0xC0, 0x00, 0x7F, 0x80, 0x00, 0xBF, 0x40, 0x00, 0xFF, 0x40,
    0x1F, 0xFF, 0xF4, 0x3F, 0xFF, 0xF4, 0x00, 0x00, 0x50, 0x00, 0x00, 0x7F, 0xFE, 0x00, 0x0F, 0xFF,
    0xFE, 0x00, 0xFF, 0x97, 0xFC, 0x07, 0xF0, 0x07, 0xF4, 0x0F, 0x40, 0x1F, 0xD0, 0x04, 0x00, 0xFF,
    0x00, 0x00, 0x07, 0xF8, 0x00, 0x00, 0x7F, 0xC0, 0x00, 0x07, 0xFC, 0x00, 0x00, 0x7F, 0xC0, 0x00,
    0x0B, 0xF8, 0x00, 0x00, 0xBF, 0x80, 0x00, 0x0F, 0xF4, 0x00, 0x01, 0xFE, 0x00, 0x00, 0x1F, 0xFF,
    0xFF, 0xF0, 0xFF, 0xFF, 0xFF, 0xC2, 0xFF, 0xFF, 0xFC, 0x00, 0x00, 0x00, 0x50, 0x00, 0x00, 0x7F,
    0xFD, 0x00, 0x0F, 0xFF, 0xFD, 0x00, 0xBF, 0x97, 0xFC, 0x03, 0xF0, 0x0B, 0xF0, 0x07, 0x00, 0x2F,
    0xC0, 0x00, 0x01, 0xFD, 0x00, 0x00, 0x2F, 0xD0, 0x00, 0x1B, 0xFC, 0x00, 0x02, 0xFF, 0xFC, 0x00,
    0x0B, 0xAF, 0xF8, 0x00, 0x00, 0x0F, 0xF0, 0x00, 0x00, 0x2F, 0xC0, 0x00, 0x00, 0xFE, 0x00, 0x00,
    0x1F, 0xF0, 0x05, 0x6B, 0xFF, 0x40, 0xBF, 0xFF, 0xF0, 0x00, 0xFF, 0xF9, 0x00, 0x00, 0x00, 0x00,
    0x00, 0x00, 0x00, 0x00, 0x00, 0x40, 0x00, 0x00, 0x1F, 0xC0, 0x00, 0x01, 0xFE, 0x00, 0x00, 0x1F,
    0xF4, 0x00, 0x01, 0xFF, 0xC0, 0x00, 0x1F, 0xFF, 0x00, 0x01, 0xF9, 0xF8, 0x00, 0x1F, 0x8B, 0xD0,
    0x01, 0xF8, 0x3F, 0x40, 0x1F, 0xC0, 0xFC, 0x01, 0xFC, 0x07, 0xF0, 0x1F, 0xFF, 0xFF, 0xFD, 0xFF,
    0xFF, 0xFF, 0xF6, 0xFF, 0xFF, 0xFF, 0xC0, 0x00, 0x1F, 0xC0, 0x00, 0x00, 0x7F, 0x00, 0x00, 0x02,
    0xF8, 0x00, 0x00, 0x0F, 0xD0, 0x00, 0x00, 0x00, 0x00, 0x00, 0x00, 0x2F, 0xFF, 0xFC, 0x00, 0x3F,
    0xFF, 0xF8, 0x00, 0x3F, 0xAA, 0xA0, 0x00, 0xBE, 0x00, 0x00, 0x00, 0xFD, 0x00, 0x00, 0x00, 0xFF,
    0x40, 0x00, 0x01, 0xFF, 0xF8, 0x00, 0x01, 0xFF, 0xFF, 0x00, 0x00, 0x01, 0xFF, 0x40, 0x00, 0x00,
    0x7F, 0x80, 0x00, 0x00, 0x3F, 0x80, 0x00, 0x00, 0x3F, 0x80, 0x00, 0x00, 0xFF, 0x00, 0x00, 0x07,
    0xFE, 0x00, 0x16, 0xBF, 0xF8, 0x00, 0x3F, 0xFF, 0xD0, 0x00, 0x3F, 0xFD, 0x00, 0x00, 0x00, 0x00,
    0x00, 0x00, 0x00, 0x00, 0x01, 0x40, 0x00, 0x02, 0xFF, 0xD0, 0x00, 0xBF, 0xFE, 0x40, 0x0F, 0xFE,
    0x00, 0x00, 0xFF, 0x80, 0x00, 0x0F, 0xF4, 0x00, 0x00, 0xFF, 0x40, 0x00, 0x07, 0xFF, 0xF8, 0x00,
    0x3F, 0xFF, 0xFD, 0x01, 0xFE, 0xAF, 0xFC, 0x0B, 0xF0, 0x0B, 0xF0, 0x3F, 0x80, 0x1F, 0xD0, 0xFE,
    0x00, 0x7F, 0x03, 0xF8, 0x02, 0xFC, 0x0F, 0xF0, 0x0F, 0xE0, 0x1F, 0xF5, 0xFF, 0x00, 0x2F, 0xFF,
    0xF0, 0x00, 0x1F, 0xFE, 0x00, 0x00, 0x00, 0x00, 0x00, 0x00, 0x00, 0x00, 0x00, 0x00, 0x3F, 0xFF,
    0xFF, 0xC1, 0xFF, 0xFF, 0xFF, 0x0B, 0xFF, 0xFF, 0xF8, 0x3F, 0x00, 0x3F, 0x80, 0xF8, 0x03, 0xFC,
    0x01, 0x80, 0x2F, 0xC0, 0x00, 0x02, 0xFC, 0x00, 0x00, 0x1F, 0xD0, 0x00, 0x00, 0xFE, 0x00, 0x00,
    0x0F, 0xF0, 0x00, 0x00, 0xBF, 0x40, 0x00, 0x07, 0xF8, 0x00, 0x00, 0x3F, 0xC0, 0x00, 0x01, 0xFE,
    0x00, 0x00, 0x0F, 0xF0, 0x00, 0x00, 0x3F, 0x80, 0x00, 0x00, 0xFC, 0x00, 0x00, 0x00, 0x50, 0x00,
    0x00, 0x00, 0x00, 0x00, 0x14, 0x00, 0x00, 0x2F, 0xFE, 0x00, 0x03, 0xFF, 0xFF, 0x00, 0x3F, 0xD0,
    0xFE, 0x01, 0xFC, 0x02, 0xF8, 0x0B, 0xE0, 0x0F, 0xD0, 0x2F, 0xC0, 0xBF, 0x00, 0x3F, 0xEF, 0xF0,
    0x00, 0x7F, 0xFE, 0x00, 0x02, 0xFF, 0xF4, 0x00, 0x3F, 0xEF, 0xF4, 0x03, 0xF8, 0x0F, 0xF0, 0x2F,
    0x80, 0x1F, 0xD0, 0xFD, 0x00, 0x3F, 0x43, 0xF8, 0x02, 0xFC, 0x0F, 0xF9, 0x6F, 0xD0, 0x1F, 0xFF,
    0xFE, 0x00, 0x0F, 0xFF, 0x80, 0x00, 0x00, 0x00, 0x00, 0x00, 0x00, 0x00, 0x14, 0x00, 0x00, 0x07,
    0xFF, 0xD0, 0x00, 0x2F, 0xFF, 0xF4, 0x00, 0xBF, 0x97, 0xFC, 0x00, 0xFE, 0x01, 0xFD, 0x01, 0xFC,
    0x00, 0xFE, 0x02, 0xFC, 0x00, 0xFE, 0x02, 0xFC, 0x00, 0xFD, 0x01, 0xFE, 0x01, 0xFD, 0x00, 0xFF,
    0xEB, 0xFC, 0x00, 0x7F, 0xFF, 0xF8, 0x00, 0x0B, 0xFF, 0xF0, 0x00, 0x00, 0x2F, 0xD0, 0x00, 0x00,
    0xBF, 0x80, 0x00, 0x07, 0xFE, 0x00, 0x00, 0xBF, 0xF4, 0x00, 0x2F, 0xFF, 0xC0, 0x00, 0x2F, 0xF9,
    0x00, 0x00, 0x00, 0x00, 0x00, 0x00, 0x02, 0xF0, 0x1F, 0xD0, 0x7F, 0x40, 0xF4, 0x00, 0x00, 0x00,
    0x00, 0x00, 0x00, 0x00, 0x00, 0x00, 0x14, 0x03, 0xF0, 0x2F, 0xC0, 0xBE, 0x00, 0x50, 0x00, 0x00,
    0x1F, 0x00, 0x1F, 0xE0, 0x07, 0xF4, 0x00, 0xF4, 0x00, 0x00, 0x00, 0x00, 0x00, 0x00, 0x00, 0x00,
    0x00, 0x00, 0x00, 0x00, 0x64, 0x00, 0xBF, 0x00, 0x1F, 0xD0, 0x03, 0xF0, 0x01, 0xF8, 0x00, 0xFC,
    0x01, 0xFC, 0x00, 0xB8, 0x00, 0x00, 0x00, 0x00, 0x00, 0x00, 0x00, 0x00, 0x00, 0x78, 0x00, 0x07,
    0xFC, 0x00, 0x7F, 0xE0, 0x07, 0xFE, 0x00, 0x7F, 0xE0, 0x00, 0xBF, 0x40, 0x00, 0x3F, 0xF4, 0x00,
    0x07, 0xFF, 0x40, 0x00, 0x7F, 0xF4, 0x00, 0x07, 0xFC, 0x00, 0x00, 0x78, 0x00, 0x00, 0x00, 0xBF,
    0xFF, 0xFD, 0xBF, 0xFF, 0xFD, 0x6A, 0xAA, 0xA8, 0x00, 0x00, 0x00, 0x15, 0x55, 0x54, 0xBF, 0xFF,
    0xFD, 0xBF, 0xFF, 0xFD, 0x00, 0x00, 0x00, 0x00, 0x00, 0x00, 0x38, 0x00, 0x00, 0x7F, 0x80, 0x00,
    0x2F, 0xF8, 0x00, 0x02, 0xFF, 0x40, 0x00, 0x2F, 0xF4, 0x00, 0x02, 0xFD, 0x00, 0x0B, 0xFC, 0x00,
    0xBF, 0xD0, 0x1F, 0xFD, 0x00, 0x7F, 0x80, 0x00, 0x38, 0x00, 0x00, 0x00, 0x00, 0x00, 0x00, 0x00,
    0x1F, 0xF0, 0x7F, 0xFC, 0xBF, 0xFE, 0x74, 0x3F, 0x00, 0x3F, 0x00, 0x3D, 0x00, 0xFC, 0x03, 0xF0,
    0x1F, 0xC0, 0x3E, 0x00, 0xBC, 0x00, 0xFF, 0xC0, 0x7F, 0x80, 0x00, 0x00, 0x04, 0x00, 0x7E, 0x00,
    0xFE, 0x00, 0xFD, 0x00, 0x10, 0x00, 0x00, 0x00, 0x00, 0x15, 0x00, 0x00, 0x00, 0x00, 0xBF, 0xFF,
    0xE0, 0x00, 0x00, 0x2F, 0xFF, 0xFF, 0xF8, 0x00, 0x07, 0xFE, 0x40, 0x1B, 0xF8, 0x00, 0x7F, 0x80,
    0x00, 0x07, 0xF0, 0x07, 0xF0, 0x00, 0x00, 0x0B, 0xE0, 0x3F, 0x00, 0x7E, 0x2C, 0x0F, 0xC2, 0xF4,
    0x0F, 0xFF, 0xF0, 0x3F, 0x0F, 0x80, 0xBD, 0x2F, 0x80, 0xFC, 0xBC, 0x07, 0xE0, 0x3D, 0x03, 0xF3,
    0xF0, 0x3F, 0x01, 0xF0, 0x0F, 0x8F, 0x80, 0xF8, 0x0F, 0x80, 0x7D, 0x7D, 0x07, 0xE0, 0x7D, 0x03,
    0xF1, 0xF4, 0x1F, 0x83, 0xF4, 0x2F, 0x47, 0xD0, 0x7F, 0xBF, 0xD2, 0xF8, 0x1F, 0x80, 0xFF, 0xCB,
    0xFF, 0x80, 0x7F, 0x02, 0xFC, 0x1F, 0xE4, 0x00, 0xFC, 0x00, 0x00, 0x00, 0x00, 0x02, 0xFC, 0x00,
    0x00, 0x00, 0x00, 0x03, 0xFD, 0x00, 0x01, 0xA0, 0x00, 0x07, 0xFF, 0xAA, 0xFF, 0x80, 0x00, 0x03,
    0xFF, 0xFF, 0xF4, 0x00, 0x00, 0x00, 0x6F, 0xA9, 0x00, 0x00, 0x00, 0x00, 0x00, 0x00, 0x68, 0x00,
    0x00, 0x00, 0x02, 0xFC, 0x00, 0x00, 0x00, 0x07, 0xFC, 0x00, 0x00, 0x00, 0x0F, 0xFD, 0x00, 0x00,
    0x00, 0x2F, 0xFD, 0x00, 0x00, 0x00, 0x3E, 0xBE, 0x00, 0x00, 0x00, 0xFC, 0x7F, 0x00, 0x00, 0x01,
    0xF4, 0x7F, 0x00, 0x00, 0x03, 0xF0, 0x3F, 0x00, 0x00, 0x0B, 0xD0, 0x3F, 0x40, 0x00, 0x0F, 0xC0,
    0x3F, 0x80, 0x00, 0x2F, 0xFF, 0xFF, 0xC0, 0x00, 0x7F, 0xFF, 0xFF, 0xC0, 0x00, 0xFD, 0x00, 0x2F,
    0xC0, 0x02, 0xF8, 0x00, 0x1F, 0xD0, 0x03, 0xF0, 0x00, 0x1F, 0xE0, 0x2F, 0xFD, 0x00, 0xFF, 0xFD,
    0x7F, 0xFE, 0x02, 0xFF, 0xFD, 0x00, 0x1A, 0xBA, 0x40, 0x02, 0xFF, 0xFF, 0xF0, 0x07, 0xFF, 0xEF,
    0xFC, 0x01, 0x2F, 0xC1, 0xFD, 0x00, 0x3F, 0x80, 0xFE, 0x00, 0x3F, 0x40, 0xFD, 0x00, 0x7F, 0x40,
    0xFC, 0x00, 0xBF, 0x03, 0xF4, 0x00, 0xBF, 0xFF, 0xD0, 0x00, 0xFF, 0xFF, 0xF4, 0x00, 0xFD, 0x1B,
    0xFC, 0x01, 0xFC, 0x02, 0xFD, 0x02, 0xFC, 0x01, 0xFD, 0x03, 0xFC, 0x02, 0xFC, 0x03, 0xF8, 0x03,
    0xFC, 0x07, 0xF8, 0x1F, 0xF0, 0x7F, 0xFF, 0xFF, 0xC0, 0xBF, 0xFF, 0xF9, 0x00, 0x00, 0x00, 0x00,
    0x00, 0x00, 0x00, 0x6B, 0xA0, 0x00, 0x02, 0xFF, 0xFF, 0xC0, 0x03, 0xFF, 0xFF, 0xF0, 0x03, 0xFE,
    0x00, 0xFC, 0x03, 0xFD, 0x00, 0x3E, 0x02, 0xFD, 0x00, 0x0F, 0x00, 0xFF, 0x00, 0x00, 0x00, 0x7F,
    0x40, 0x00, 0x00, 0x3F, 0xC0, 0x00, 0x00, 0x0F, 0xF0, 0x00, 0x00, 0x03, 0xFC, 0x00, 0x00, 0x00,
    0xFF, 0x00, 0x00, 0x00, 0x3F, 0xC0, 0x00, 0x00, 0x0F, 0xF8, 0x00, 0x0D, 0x02, 0xFF, 0x80, 0x1F,
    0x80, 0x3F, 0xFF, 0xFF, 0xC0, 0x07, 0xFF, 0xFF, 0xD0, 0x00, 0x2F, 0xFF, 0x80, 0x00, 0x00, 0x00,
    0x00, 0x00, 0x00, 0x1A, 0xBA, 0x90, 0x00, 0x0B, 0xFF, 0xFF, 0xF4, 0x00, 0x7F, 0xFF, 0xFF, 0xF8,
    0x00, 0x4B, 0xF0, 0x2F, 0xF4, 0x00, 0x3F, 0xC0, 0x2F, 0xF0, 0x00, 0xFE, 0x00, 0x3F, 0xC0, 0x07,
    0xF4, 0x00, 0xBF, 0x40, 0x2F, 0xC0, 0x01, 0xFE, 0x00, 0xBF, 0x00, 0x07, 0xF4, 0x03, 0xFC, 0x00,
    0x2F, 0xD0, 0x0F, 0xE0, 0x00, 0xBF, 0x00, 0x7F, 0x40, 0x03, 0xFC, 0x02, 0xFC, 0x00, 0x1F, 0xD0,
    0x0F, 0xF0, 0x00, 0xFF, 0x00, 0x3F, 0x80, 0x1F, 0xF0, 0x01, 0xFF, 0x6B, 0xFF, 0x40, 0x7F, 0xFF,
    0xFF, 0xE0, 0x02, 0xFF, 0xFF, 0xE4, 0x00, 0x00, 0x00, 0x00, 0x00, 0x00, 0x00, 0x00, 0x55, 0x55,
    0x55, 0x00, 0x7F, 0xFF, 0xFF, 0xD0, 0x0B, 0xFF, 0xFF, 0xF4, 0x00, 0xBF, 0x00, 0x7C, 0x00, 0x3F,
    0xC0, 0x1F, 0x00, 0x0F, 0xE0, 0x07, 0x40, 0x07, 0xF4, 0x00, 0x00, 0x02, 0xFC, 0x00, 0x00, 0x00,
    0xBF, 0xFF, 0xE0, 0x00, 0x3F, 0xFF, 0xF4, 0x00, 0x0F, 0xE5, 0x54, 0x00, 0x07, 0xF4, 0x00, 0x00,
    0x02, 0xFC, 0x00, 0x10, 0x00, 0xFF, 0x00, 0x2D, 0x00, 0x3F, 0x80, 0x0F, 0x40, 0x1F, 0xE5, 0x5F,
    0xC0, 0x7F, 0xFF, 0xFF, 0xF0, 0x2F, 0xFF, 0xFF, 0xF4, 0x00, 0x00, 0x55, 0x55, 0x55, 0x01, 0xFF,
    0xFF, 0xFF, 0x00, 0xBF, 0xFF, 0xFF, 0x00, 0x2F, 0xC0, 0x3E, 0x00, 0x3F, 0xC0, 0x3D, 0x00, 0x3F,
    0x80, 0x3C, 0x00, 0x7F, 0x40, 0x00, 0x00, 0xBF, 0x40, 0x00, 0x00, 0xBF, 0x5A, 0x80, 0x00, 0xFF,
    0xFF, 0xC0, 0x00, 0xFF, 0xFF, 0x80, 0x01, 0xFD, 0x00, 0x00, 0x02, 0xFC, 0x00, 0x00, 0x03, 0xFC,
    0x00, 0x00, 0x03, 0xF8, 0x00, 0x00, 0x07, 0xF8, 0x00, 0x00, 0x7F, 0xFF, 0xC0, 0x00, 0xBF, 0xFF,
    0x80, 0x00, 0x00, 0x00, 0x6B, 0xA4, 0x00, 0x00, 0x7F, 0xFF, 0xF8, 0x00, 0x3F, 0xFF, 0xFF, 0xC0,
    0x0F, 0xF8, 0x00, 0xF8, 0x03, 0xFD, 0x00, 0x0F, 0x40, 0xBF, 0x40, 0x00, 0xF0, 0x0F, 0xF0, 0x00,
    0x00, 0x02, 0xFD, 0x00, 0x00, 0x00, 0x3F, 0xC0, 0x00, 0x00, 0x03, 0xFC, 0x00, 0x55, 0x54, 0x3F,
    0xC0, 0x0F, 0xFF, 0xC3, 0xFC, 0x00, 0xBF, 0xF4, 0x3F, 0xC0, 0x00, 0xFE, 0x03, 0xFE, 0x00, 0x0F,
    0xE0, 0x2F, 0xF4, 0x00, 0xFD, 0x00, 0xFF, 0xF9, 0xBF, 0xC0, 0x03, 0xFF, 0xFF, 0xFC, 0x00, 0x07,
    0xFF, 0xF9, 0x00, 0x00, 0x00, 0x00, 0x00, 0x00, 0x00, 0x55, 0x54, 0x05, 0x55, 0x50, 0x1F, 0xFF,
    0xD0, 0xFF, 0xFE, 0x00, 0xBF, 0xF4, 0x0B, 0xFF, 0x80, 0x02, 0xFC, 0x00, 0x1F, 0xD0, 0x00, 0x3F,
    0xC0, 0x02, 0xFC, 0x00, 0x03, 0xF8, 0x00, 0x3F, 0xC0, 0x00, 0x7F, 0x40, 0x03, 0xF8, 0x00, 0x0B,
    0xF4, 0x00, 0x7F, 0x40, 0x00, 0xBF, 0xFF, 0xFF, 0xF4, 0x00, 0x0F, 0xFF, 0xFF, 0xFF, 0x00, 0x00,
    0xFE, 0x55, 0x5F, 0xF0, 0x00, 0x1F, 0xD0, 0x00, 0xFE, 0x00, 0x02, 0xFC, 0x00, 0x1F, 0xD0, 0x00,
    0x3F, 0xC0, 0x02, 0xFC, 0x00, 0x03, 0xFC, 0x00, 0x3F, 0xC0, 0x00, 0x7F, 0x80, 0x03, 0xFC, 0x00,
    0x7F, 0xFF, 0x43, 0xFF, 0xF4, 0x0B, 0xFF, 0xF0, 0x7F, 0xFF, 0x40, 0x00, 0x55, 0x55, 0x01, 0xFF,
    0xFE, 0x00, 0xBF, 0xF8, 0x00, 0x2F, 0xC0, 0x00, 0x3F, 0xC0, 0x00, 0x3F, 0x80, 0x00, 0x3F, 0x80,
    0x00, 0x7F, 0x40, 0x00, 0xBF, 0x00, 0x00, 0xFF, 0x00, 0x00, 0xFE, 0x00, 0x01, 0xFD, 0x00, 0x02,
    0xFD, 0x00, 0x02, 0xFC, 0x00, 0x03, 0xFC, 0x00, 0x07, 0xF8, 0x00, 0x7F, 0xFF, 0x40, 0xBF, 0xFF,
    0x40, 0x00, 0x00, 0x55, 0x55, 0x00, 0x01, 0xFF, 0xFE, 0x00, 0x00, 0xBF, 0xF8, 0x00, 0x00, 0x1F,
    0xD0, 0x00, 0x00, 0x2F, 0xC0, 0x00, 0x00, 0x3F, 0xC0, 0x00, 0x00, 0x3F, 0x80, 0x00, 0x00, 0x7F,
    0x40, 0x00, 0x00, 0xBF, 0x00, 0x00, 0x00, 0xBF, 0x00, 0x00, 0x00, 0xFF, 0x00, 0x00, 0x00, 0xFE,
    0x00, 0x00, 0x01, 0xFD, 0x00, 0x00, 0x02, 0xFC, 0x00, 0x00, 0x03, 0xFC, 0x00, 0x00, 0x03, 0xF8,
    0x00, 0x00, 0x07, 0xF4, 0x00, 0x00, 0x0B, 0xF0, 0x00, 0x00, 0x0F, 0xE0, 0x00, 0x2C, 0x2F, 0xC0,
    0x00, 0x7F, 0xFF, 0x80, 0x00, 0x7F, 0xFE, 0x00, 0x00, 0x2F, 0xE0, 0x00, 0x00, 0x00, 0x55, 0x54,
    0x05, 0x55, 0x01, 0xFF, 0xFD, 0x3F, 0xFE, 0x00, 0xBF, 0xF4, 0x1F, 0xF8, 0x00, 0x2F, 0xC0, 0x2F,
    0xC0, 0x00, 0x3F, 0xC0, 0xFF, 0x00, 0x00, 0x3F, 0x83, 0xF8, 0x00, 0x00, 0x7F, 0x4F, 0xE0, 0x00,
    0x00, 0xBF, 0x7F, 0x40, 0x00, 0x00, 0xBF, 0xFD, 0x00, 0x00, 0x00, 0xFF, 0xFC, 0x00, 0x00, 0x00,
    0xFF, 0xFE, 0x00, 0x00, 0x01, 0xFD, 0xBF, 0x40, 0x00, 0x02, 0xFC, 0x3F, 0xC0, 0x00, 0x03, 0xFC,
    0x1F, 0xF0, 0x00, 0x03, 0xF8, 0x0F, 0xF8, 0x00, 0x07, 0xF8, 0x03, 0xFF, 0x00, 0x7F, 0xFF, 0x01,
    0xFF, 0xD0, 0xBF, 0xFF, 0x00, 0x7F, 0xC0, 0x00, 0x00, 0x00, 0x00, 0x00, 0x00, 0x55, 0x54, 0x00,
    0x07, 0xFF, 0xF4, 0x00, 0x0B, 0xFF, 0x40, 0x00, 0x0B, 0xF0, 0x00, 0x00, 0x3F, 0xC0, 0x00, 0x00,
    0xFE, 0x00, 0x00, 0x07, 0xF4, 0x00, 0x00, 0x2F, 0xC0, 0x00, 0x00, 0xBF, 0x00, 0x00, 0x03, 0xFC,
    0x00, 0x00, 0x0F, 0xE0, 0x00, 0x00, 0x7F, 0x40, 0x00, 0x02, 0xFC, 0x00, 0x34, 0x0F, 0xF0, 0x03,
    0xE0, 0x3F, 0xC0, 0x1F, 0x41, 0xFE, 0x55, 0xFC, 0x7F, 0xFF, 0xFF, 0xE2, 0xFF, 0xFF, 0xFF, 0x40,
    0x00, 0x05, 0x55, 0x00, 0x05, 0x55, 0x00, 0x0B, 0xFF, 0xC0, 0x03, 0xFF, 0xC0, 0x01, 0xFF, 0xF0,
    0x02, 0xFF, 0x80, 0x00, 0x1F, 0xFC, 0x00, 0xFF, 0xC0, 0x00, 0x0B, 0xFF, 0x00, 0xFF, 0xF0, 0x00,
    0x03, 0xEF, 0xD0, 0x7E, 0xFC, 0x00, 0x00, 0xF7, 0xF4, 0x3E, 0x7F, 0x00, 0x00, 0xBC, 0xBE, 0x1F,
    0x2F, 0x80, 0x00, 0x3F, 0x2F, 0x8F, 0x8B, 0xE0, 0x00, 0x0F, 0x87, 0xF7, 0xC2, 0xF8, 0x00, 0x07,
    0xC0, 0xFF, 0xD0, 0xFE, 0x00, 0x03, 0xF0, 0x3F, 0xF0, 0x3F, 0x80, 0x00, 0xF8, 0x0F, 0xF4, 0x0F,
    0xD0, 0x00, 0x7D, 0x02, 0xFC, 0x03, 0xF4, 0x00, 0x2F, 0x00, 0x7D, 0x00, 0xFD, 0x00, 0x0F, 0xC0,
    0x1E, 0x00, 0x7F, 0x40, 0x2F, 0xFD, 0x00, 0x01, 0xFF, 0xFC, 0x1F, 0xFF, 0x40, 0x00, 0xFF, 0xFF,
    0x00, 0x00, 0x55, 0x40, 0x01, 0x55, 0x40, 0x1F, 0xFE, 0x00, 0xBF, 0xFD, 0x00, 0xBF, 0xF0, 0x06,
    0xFF, 0x40, 0x02, 0xFF, 0x40, 0x0F, 0xC0, 0x00, 0x3F, 0xFC, 0x00, 0xFC, 0x00, 0x03, 0xFF, 0xD0,
    0x1F, 0x80, 0x00, 0x7F, 0xFE, 0x01, 0xF4, 0x00, 0x07, 0xDF, 0xF0, 0x2F, 0x00, 0x00, 0xBC, 0x7F,
    0x83, 0xF0, 0x00, 0x0F, 0xC3, 0xFC, 0x3F, 0x00, 0x00, 0xFC, 0x1F, 0xE7, 0xE0, 0x00, 0x1F, 0x80,
    0xFF, 0xBD, 0x00, 0x02, 0xF4, 0x0B, 0xFF, 0xC0, 0x00, 0x3F, 0x00, 0x3F, 0xFC, 0x00, 0x03, 0xF0,
    0x02, 0xFF, 0x80, 0x00, 0x7F, 0x00, 0x0F, 0xF8, 0x00, 0x2F, 0xFD, 0x00, 0xFF, 0x40, 0x0B, 0xFF,
    0xD0, 0x07, 0xF0, 0x00, 0x00, 0x00, 0x00, 0x10, 0x00, 0x00, 0x00, 0x00, 0x6A, 0x90, 0x00, 0x00,
    0xFF, 0xFF, 0xD0, 0x00, 0x7F, 0xFF, 0xFF, 0x40, 0x1F, 0xF4, 0x1F, 0xFC, 0x07, 0xFC, 0x00, 0x3F,
    0xD0, 0xFF, 0x40, 0x02, 0xFE, 0x1F, 0xF0, 0x00, 0x2F, 0xE2, 0xFD, 0x00, 0x02, 0xFE, 0x3F, 0xC0,
    0x00, 0x2F, 0xE3, 0xFC, 0x00, 0x02, 0xFE, 0x3F, 0xC0, 0x00, 0x3F, 0xD3, 0xFC, 0x00, 0x03, 0xFC,
    0x3F, 0xC0, 0x00, 0xBF, 0x83, 0xFD, 0x00, 0x1F, 0xF0, 0x2F, 0xF0, 0x07, 0xFD, 0x00, 0xFF, 0xEB,
    0xFF, 0x40, 0x07, 0xFF, 0xFF, 0xD0, 0x00, 0x0B, 0xFF, 0xD0, 0x00, 0x00, 0x00, 0x00, 0x00, 0x00,
    0x00, 0x1A, 0xBA, 0x40, 0x00, 0xBF, 0xFF, 0xFE, 0x00, 0x7F, 0xFF, 0xFF, 0xD0, 0x04, 0xBF, 0x0B,
    0xFC, 0x00, 0x3F, 0xC0, 0xFF, 0x00, 0x0F, 0xE0, 0x2F, 0xC0, 0x07, 0xF4, 0x0F, 0xF0, 0x02, 0xFC,
    0x03, 0xF8, 0x00, 0xBF, 0x03, 0xFC, 0x00, 0x3F, 0xEF, 0xFC, 0x00, 0x0F, 0xFF, 0xF8, 0x00, 0x07,
    0xFE, 0x90, 0x00, 0x02, 0xFC, 0x00, 0x00, 0x00, 0xFF, 0x00, 0x00, 0x00, 0x3F, 0x80, 0x00, 0x00,
    0x1F, 0xE0, 0x00, 0x00, 0x7F, 0xFF, 0xC0, 0x00, 0x2F, 0xFF, 0xE0, 0x00, 0x00, 0x00, 0x00, 0x6A,
    0x90, 0x00, 0x00, 0x00, 0xBF, 0xFF, 0xD0, 0x00, 0x00, 0x7F, 0xFF, 0xFF, 0x00, 0x00, 0x1F, 0xF4,
    0x1F, 0xFC, 0x00, 0x03, 0xFC, 0x00, 0x3F, 0xD0, 0x00, 0xFF, 0x40, 0x03, 0xFE, 0x00, 0x1F, 0xF0,
    0x00, 0x2F, 0xE0, 0x02, 0xFD, 0x00, 0x02, 0xFE, 0x00, 0x3F, 0xC0, 0x00, 0x2F, 0xE0, 0x03, 0xFC,
    0x00, 0x02, 0xFE, 0x00, 0x3F, 0xC0, 0x00, 0x3F, 0xD0, 0x03, 0xFC, 0x00, 0x03, 0xFC, 0x00, 0x3F,
    0xC0, 0x00, 0xBF, 0x80, 0x03, 0xFD, 0x00, 0x0F, 0xF0, 0x00, 0x2F, 0xF0, 0x03, 0xFD, 0x00, 0x00,
    0xFF, 0xE6, 0xFF, 0x40, 0x00, 0x07, 0xFF, 0xFF, 0xC0, 0x00, 0x00, 0x1F, 0xFF, 0x80, 0x00, 0x00,
    0x00, 0x3F, 0xE0, 0x00, 0x00, 0x00, 0x00, 0xBF, 0xF8, 0x00, 0x00, 0x00, 0x00, 0xBF, 0xFF, 0xAA,
    0x80, 0x00, 0x01, 0xBF, 0xFF, 0xF8, 0x00, 0x00, 0x00, 0xBF, 0xFF, 0x00, 0x00, 0x00, 0x00, 0x15,
    0x40, 0x00, 0x16, 0xBA, 0x40, 0x00, 0x2F, 0xFF, 0xFF, 0x80, 0x07, 0xFF, 0xEB, 0xFD, 0x00, 0x12,
    0xFC, 0x1F, 0xF0, 0x00, 0x3F, 0x80, 0xFF, 0x00, 0x03, 0xF8, 0x0B, 0xF0, 0x00, 0x7F, 0x40, 0xFF,
    0x00, 0x0B, 0xF0, 0x1F, 0xD0, 0x00, 0xBF, 0x1B, 0xF8, 0x00, 0x0F, 0xFF, 0xFD, 0x00, 0x00, 0xFF,
    0xFE, 0x00, 0x00, 0x1F, 0xDB, 0xF0, 0x00, 0x02, 0xFC, 0x3F, 0x80, 0x00, 0x3F, 0xC2, 0xFD, 0x00,
    0x03, 0xF8, 0x0F, 0xF0, 0x00, 0x7F, 0x80, 0xBF, 0xD0, 0x7F, 0xFF, 0x02, 0xFF, 0x8B, 0xFF, 0xF0,
    0x0B, 0xF8, 0x00, 0x00, 0x00, 0x00, 0x00, 0x00, 0x02, 0xBA, 0x40, 0x00, 0xBF, 0xFF, 0xC0, 0x0B,
    0xFF, 0xFF, 0x40, 0x7F, 0x40, 0xBC, 0x02, 0xFC, 0x02, 0xF0, 0x0F, 0xF0, 0x0B, 0x40, 0x2F, 0xF0,
    0x00, 0x00, 0x7F, 0xF4, 0x00, 0x00, 0xBF, 0xF8, 0x00, 0x00, 0xBF, 0xFC, 0x00, 0x00, 0x7F, 0xF8,
    0x00, 0x00, 0x2F, 0xF0, 0x0F, 0x00, 0x3F, 0xC0, 0xBC, 0x00, 0xBF, 0x03, 0xF4, 0x03, 0xFC, 0x0F,
    0xF9, 0x7F, 0xD0, 0x3F, 0xFF, 0xFD, 0x00, 0x1F, 0xFF, 0x80, 0x00, 0x00, 0x00, 0x00, 0x00, 0x05,
    0x55, 0x55, 0x55, 0x0B, 0xFF, 0xFF, 0xFF, 0xD3, 0xFF, 0xFF, 0xFF, 0xF4, 0xF8, 0x1F, 0xD0, 0xBC,
    0x7D, 0x0B, 0xF0, 0x2F, 0x0F, 0x03, 0xFC, 0x0F, 0x41, 0x40, 0xFE, 0x01, 0x40, 0x00, 0x7F, 0x40,
    0x00, 0x00, 0x2F, 0xD0, 0x00, 0x00, 0x0B, 0xF0, 0x00, 0x00, 0x03, 0xFC, 0x00, 0x00, 0x00, 0xFE,
    0x00, 0x00, 0x00, 0x7F, 0x40, 0x00, 0x00, 0x2F, 0xC0, 0x00, 0x00, 0x0F, 0xF0, 0x00, 0x00, 0x03,
    0xFC, 0x00, 0x00, 0x0F, 0xFF, 0xE0, 0x00, 0x0B, 0xFF, 0xF4, 0x00, 0x00, 0x15, 0x55, 0x01, 0x55,
    0x52, 0xFF, 0xFC, 0x0F, 0xFF, 0xD7, 0xFF, 0xD0, 0x2F, 0xF9, 0x03, 0xFC, 0x00, 0x1F, 0xC0, 0x0F,
    0xE0, 0x00, 0xBE, 0x00, 0x7F, 0x40, 0x03, 0xF8, 0x02, 0xFC, 0x00, 0x0F, 0xD0, 0x0F, 0xF0, 0x00,
    0x3F, 0x00, 0x3F, 0xC0, 0x01, 0xFC, 0x00, 0xFE, 0x00, 0x0B, 0xE0, 0x07, 0xF4, 0x00, 0x3F, 0x40,
    0x2F, 0xC0, 0x00, 0xFC, 0x00, 0xFF, 0x00, 0x07, 0xF0, 0x03, 0xFC, 0x00, 0x3F, 0x80, 0x0B, 0xF8,
    0x02, 0xFC, 0x00, 0x1F, 0xFF, 0xFF, 0xE0, 0x00, 0x3F, 0xFF, 0xFE, 0x00, 0x00, 0x2F, 0xFF, 0x80,
    0x00, 0x00, 0x00, 0x00, 0x00, 0x00, 0x00, 0x15, 0x55, 0x00, 0x55, 0x54, 0xFF, 0xFE, 0x07, 0xFF,
    0xE2, 0xFF, 0xD0, 0x0B, 0xFE, 0x02, 0xFC, 0x00, 0x0F, 0xD0, 0x07, 0xF4, 0x00, 0x7F, 0x00, 0x0F,
    0xD0, 0x03, 0xF4, 0x00, 0x3F, 0x80, 0x2F, 0x80, 0x00, 0xFE, 0x00, 0xFC, 0x00, 0x02, 0xFC, 0x0B,
    0xE0, 0x00, 0x07, 0xF0, 0x3F, 0x00, 0x00, 0x1F, 0xC2, 0xF4, 0x00, 0x00, 0x3F, 0x0F, 0xC0, 0x00,
    0x00, 0xFD, 0xBC, 0x00, 0x00, 0x02, 0xFB, 0xE0, 0x00, 0x00, 0x0B, 0xFF, 0x00, 0x00, 0x00, 0x1F,
    0xF4, 0x00, 0x00, 0x00, 0x3F, 0xC0, 0x00, 0x00, 0x00, 0xFD, 0x00, 0x00, 0x00, 0x00, 0x00, 0x00,
    0x00, 0x00, 0x15, 0x55, 0x40, 0x00, 0x01, 0x55, 0x43, 0xFF, 0xF8, 0x0F, 0x80, 0xBF, 0xFC, 0x2F,
    0xFE, 0x01, 0xF8, 0x02, 0xFF, 0x40, 0xBF, 0x40, 0x3F, 0xC0, 0x0F, 0xC0, 0x07, 0xF4, 0x03, 0xFC,
    0x02, 0xF8, 0x00, 0x7F, 0x40, 0xBF, 0xC0, 0x3F, 0x00, 0x03, 0xF4, 0x0F, 0xFC, 0x0B, 0xE0, 0x00,
    0x3F, 0x42, 0xFF, 0xC0, 0xFC, 0x00, 0x03, 0xF4, 0x3D, 0xFC, 0x2F, 0x40, 0x00, 0x3F, 0x8B, 0xCF,
    0xC3, 0xF0, 0x00, 0x03, 0xF8, 0xF4, 0xFC, 0xBD, 0x00, 0x00, 0x2F, 0xAF, 0x0B, 0xCF, 0xC0, 0x00,
    0x02, 0xFB, 0xE0, 0xBE, 0xF4, 0x00, 0x00, 0x2F, 0xFC, 0x0B, 0xFF, 0x00, 0x00, 0x01, 0xFF, 0x80,
    0x7F, 0xD0, 0x00, 0x00, 0x1F, 0xF0, 0x07, 0xFC, 0x00, 0x00, 0x00, 0xFE, 0x00, 0x7F, 0x40, 0x00,
    0x00, 0x0F, 0xC0, 0x03, 0xF0, 0x00, 0x00, 0x00, 0x00, 0x00, 0x00, 0x00, 0x00, 0x00, 0x00, 0x55,
    0x54, 0x05, 0x55, 0x00, 0x7F, 0xFF, 0x0F, 0xFF, 0xC0, 0x0B, 0xFE, 0x01, 0xFF, 0x80, 0x00, 0x7F,
    0x40, 0x3F, 0x00, 0x00, 0x0F, 0xF0, 0x3F, 0x40, 0x00, 0x01, 0xFD, 0x3F, 0x40, 0x00, 0x00, 0x3F,
    0xEF, 0x40, 0x00, 0x00, 0x0B, 0xFF, 0x80, 0x00, 0x00, 0x00, 0xFF, 0x80, 0x00, 0x00, 0x00, 0x3F,
    0xC0, 0x00, 0x00, 0x00, 0x3F, 0xF8, 0x00, 0x00, 0x00, 0x2F, 0xFF, 0x00, 0x00, 0x00, 0x2F, 0x4F,
    0xE0, 0x00, 0x00, 0x2F, 0x82, 0xFC, 0x00, 0x00, 0x1F, 0xC0, 0x3F, 0x80, 0x00, 0x1F, 0xC0, 0x0B,
    0xF4, 0x00, 0x7F, 0xFD, 0x0F, 0xFF, 0xC0, 0x3F, 0xFF, 0x4B, 0xFF, 0xF0, 0x00, 0x15, 0x55, 0x01,
    0x55, 0x47, 0xFF, 0xF0, 0xFF, 0xFC, 0x3F, 0xF8, 0x07, 0xFE, 0x00, 0xFF, 0x00, 0x3F, 0x40, 0x0B,
    0xF0, 0x0B, 0xE0, 0x00, 0x3F, 0x40, 0xFC, 0x00, 0x03, 0xFC, 0x3F, 0x00, 0x00, 0x1F, 0xCB, 0xD0,
    0x00, 0x00, 0xFE, 0xF8, 0x00, 0x00, 0x0B, 0xFF, 0x00, 0x00, 0x00, 0x7F, 0xC0, 0x00, 0x00, 0x03,
    0xF8, 0x00, 0x00, 0x00, 0x7F, 0x40, 0x00, 0x00, 0x0B, 0xF0, 0x00, 0x00, 0x00, 0xFF, 0x00, 0x00,
    0x00, 0x0F, 0xF0, 0x00, 0x00, 0x0F, 0xFF, 0xE0, 0x00, 0x02, 0xFF, 0xFD, 0x00, 0x00, 0x00, 0x55,
    0x55, 0x54, 0x00, 0x7F, 0xFF, 0xFF, 0xC0, 0x2F, 0xFF, 0xFF, 0xF0, 0x0F, 0xC0, 0x0F, 0xF4, 0x03,
    0xE0, 0x0F, 0xF8, 0x00, 0xB0, 0x0B, 0xFC, 0x00, 0x00, 0x07, 0xFC, 0x00, 0x00, 0x07, 0xFC, 0x00,
    0x00, 0x03, 0xFD, 0x00, 0x00, 0x03, 0xFD, 0x00, 0x00, 0x03, 0xFE, 0x00, 0x00, 0x02, 0xFF, 0x00,
    0x00, 0x01, 0xFF, 0x00, 0x74, 0x01, 0xFF, 0x00, 0x3F, 0x00, 0xFF, 0x40, 0x1F, 0x80, 0xFF, 0x95,
    0x5F, 0xD0, 0x3F, 0xFF, 0xFF, 0xF0, 0x0F, 0xFF, 0xFF, 0xF8, 0x00, 0x00, 0x00, 0x00, 0x00, 0x00,
    0x0A, 0xA9, 0x00, 0x0F, 0xFD, 0x00, 0x0F, 0xE8, 0x00, 0x1F, 0x80, 0x00, 0x2F, 0x40, 0x00, 0x3F,
    0x00, 0x00, 0x3F, 0x00, 0x00, 0x7E, 0x00, 0x00, 0xBD, 0x00, 0x00, 0xFC, 0x00, 0x00, 0xFC, 0x00,
    0x01, 0xF8, 0x00, 0x02, 0xF4, 0x00, 0x03, 0xF4, 0x00, 0x03, 0xF0, 0x00, 0x07, 0xF0, 0x00, 0x07,
    0xE0, 0x00, 0x0B, 0xD0, 0x00, 0x0F, 0xC0, 0x00, 0x0F, 0xC0, 0x00, 0x1F, 0x80, 0x00, 0x2F, 0x90,
    0x00, 0x3F, 0xF8, 0x00, 0x3F, 0xF4, 0x00, 0x7E, 0x00, 0x00, 0xFC, 0x00, 0x02, 0xF4, 0x00, 0x07,
    0xE0, 0x00, 0x0F, 0xC0, 0x00, 0x2F, 0x40, 0x00, 0x3F, 0x00, 0x00, 0xFC, 0x00, 0x01, 0xF8, 0x00,
    0x03, 0xF0, 0x00, 0x0B, 0xD0, 0x00, 0x1F, 0x80, 0x00, 0x3F, 0x00, 0x00, 0xBD, 0x00, 0x00, 0xFC,
    0x00, 0x03, 0xF0, 0x00, 0x07, 0xE0, 0x00, 0x0F, 0xC0, 0x00, 0x2F, 0x00, 0x00, 0x00, 0x00, 0x0A,
    0xA9, 0x00, 0x0F, 0xFD, 0x00, 0x0A, 0xFC, 0x00, 0x00, 0xFC, 0x00, 0x01, 0xF8, 0x00, 0x02, 0xF4,
    0x00, 0x03, 0xF0, 0x00, 0x03, 0xF0, 0x00, 0x07, 0xE0, 0x00, 0x0B, 0xE0, 0x00, 0x0F, 0xD0, 0x00,
    0x0F, 0xC0, 0x00, 0x0F, 0xC0, 0x00, 0x1F, 0x80, 0x00, 0x2F, 0x40, 0x00, 0x3F, 0x00, 0x00, 0x3F,
    0x00, 0x00, 0x7E, 0x00, 0x00, 0xBD, 0x00, 0x00, 0xFC, 0x00, 0x00, 0xFC, 0x00, 0x05, 0xF8, 0x00,
    0x3F, 0xF4, 0x00, 0x3F, 0xF4, 0x00, 0x00, 0x3F, 0x40, 0x00, 0x0F, 0xE0, 0x00, 0x0B, 0xFC, 0x00,
    0x03, 0xEF, 0x80, 0x01, 0xF3, 0xF0, 0x00, 0xFC, 0x7D, 0x00, 0x3E, 0x0F, 0xC0, 0x2F, 0x02, 0xF0,
    0x0F, 0xC0, 0x7E, 0x07, 0xD0, 0x0F, 0xC3, 0xF0, 0x02, 0xF4, 0xA4, 0x00, 0x29, 0xFF, 0xFF, 0xFF,
    0x7F, 0xFF, 0xFF, 0xEA, 0xAA, 0xAA, 0xA4, 0x24, 0x07, 0xC0, 0xBE, 0x03, 0xF4, 0x0F, 0xC0, 0x2C,
    0x00, 0x00, 0x00, 0x01, 0x00, 0x00, 0x00, 0xFF, 0x9F, 0x80, 0x1F, 0xFF, 0xFD, 0x00, 0xFE, 0x1F,
    0xF0, 0x0B, 0xF0, 0x2F, 0x80, 0x3F, 0x00, 0xFD, 0x02, 0xFC, 0x03, 0xF0, 0x0F, 0xE0, 0x2F, 0xC0,
    0x3F, 0x40, 0xFF, 0x00, 0xFC, 0x0B, 0xF8, 0x03, 0xF4, 0xBB, 0xE2, 0x0F, 0xFB, 0xDF, 0xFD, 0x3F,
    0xFC, 0x3F, 0xE0, 0x7F, 0x80, 0xFE, 0x00, 0x00, 0x00, 0x00, 0x00, 0x00, 0x14, 0x00, 0x00, 0xBF,
    0xE0, 0x00, 0x1F, 0xFE, 0x00, 0x00, 0x0F, 0xD0, 0x00, 0x00, 0xFC, 0x00, 0x00, 0x1F, 0xC0, 0x00,
    0x02, 0xF8, 0x04, 0x00, 0x3F, 0x0F, 0xF4, 0x03, 0xF3, 0xFF, 0xC0, 0x3E, 0xFB, 0xFC, 0x07, 0xFD,
    0x1F, 0xC0, 0xBF, 0x81, 0xFC, 0x0F, 0xF0, 0x1F, 0xC0, 0xFD, 0x02, 0xFC, 0x1F, 0xC0, 0x3F, 0x82,
    0xFC, 0x07, 0xF0, 0x3F, 0x80, 0xFE, 0x03, 0xFD, 0x7F, 0xC0, 0x7F, 0xFF, 0xF0, 0x0B, 0xEF, 0xF8,
    0x00, 0x00, 0x00, 0x00, 0x00, 0x00, 0x00, 0x40, 0x00, 0x2F, 0xF8, 0x00, 0xFF, 0xFC, 0x03, 0xF9,
    0xBC, 0x0F, 0xE0, 0x10, 0x1F, 0xC0, 0x00, 0x2F, 0x80, 0x00, 0x3F, 0x40, 0x00, 0x3F, 0x40, 0x00,
    0x7F, 0x40, 0x00, 0x3F, 0x80, 0xB0, 0x3F, 0xFF, 0xF0, 0x2F, 0xFF, 0xD0, 0x0B, 0xFE, 0x00, 0x00,
    0x00, 0x00, 0x00, 0x00, 0x00, 0x40, 0x00, 0x00, 0xBF, 0xD0, 0x00, 0x07, 0xFF, 0x40, 0x00, 0x00,
    0xFD, 0x00, 0x00, 0x03, 0xF0, 0x00, 0x00, 0x1F, 0xC0, 0x00, 0x10, 0xBE, 0x00, 0x0F, 0xFB, 0xF4,
    0x01, 0xFF, 0xFF, 0xC0, 0x0F, 0xE1, 0xFF, 0x00, 0xBF, 0x02, 0xF8, 0x03, 0xF0, 0x0F, 0xD0, 0x2F,
    0xC0, 0x3F, 0x00, 0xFE, 0x02, 0xFC, 0x03, 0xF4, 0x0F, 0xE0, 0x0F, 0xC0, 0xBF, 0x80, 0x3F, 0x4B,
    0xBE, 0x20, 0xFF, 0xBD, 0xFF, 0xD3, 0xFF, 0xC3, 0xFE, 0x07, 0xF8, 0x0F, 0xE0, 0x00, 0x00, 0x00,
    0x00, 0x00, 0x00, 0x40, 0x00, 0x2F, 0xF8, 0x00, 0xFF, 0xFC, 0x03, 0xF0, 0xFD, 0x0F, 0xC0, 0xFC,
    0x1F, 0x81, 0xF8, 0x2F, 0x0B, 0xE0, 0x3F, 0xBF, 0x80, 0x3F, 0xF8, 0x00, 0x7F, 0x40, 0x10, 0x3F,
    0x00, 0xB4, 0x3F, 0xEB, 0xF4, 0x2F, 0xFF, 0xD0, 0x0B, 0xFE, 0x00, 0x00, 0x00, 0x00, 0x00, 0x00,
    0x00, 0x16, 0x40, 0x00, 0x00, 0x03, 0xFF, 0xC0, 0x00, 0x00, 0x3F, 0xFF, 0x40, 0x00, 0x02, 0xF8,
    0x3C, 0x00, 0x00, 0x0F, 0xC0, 0x00, 0x00, 0x00, 0xBF, 0x00, 0x00, 0x00, 0x03, 0xF8, 0x00, 0x00,
    0x00, 0xBF, 0xFF, 0xC0, 0x00, 0x0F, 0xFF, 0xFE, 0x00, 0x00, 0x16, 0xFD, 0x50, 0x00, 0x00, 0x0B,
    0xF0, 0x00, 0x00, 0x00, 0x3F, 0x80, 0x00, 0x00, 0x00, 0xFD, 0x00, 0x00, 0x00, 0x07, 0xF0, 0x00,
    0x00, 0x00, 0x2F, 0xC0, 0x00, 0x00, 0x00, 0xBE, 0x00, 0x00, 0x00, 0x03, 0xF8, 0x00, 0x00, 0x00,
    0x0F, 0xD0, 0x00, 0x00, 0x00, 0x7F, 0x00, 0x00, 0x00, 0x02, 0xFC, 0x00, 0x00, 0x00, 0x0F, 0xE0,
    0x00, 0x00, 0x00, 0x3F, 0x40, 0x00, 0x02, 0x81, 0xFC, 0x00, 0x00, 0x1F, 0xEF, 0xD0, 0x00, 0x00,
    0x7F, 0xFD, 0x00, 0x00, 0x00, 0xBF, 0x80, 0x00, 0x00, 0x00, 0x00, 0x00, 0x14, 0x00, 0x00, 0x01,
    0xFF, 0xFF, 0xE0, 0x02, 0xFE, 0xFF, 0xF4, 0x01, 0xFC, 0x0F, 0xC0, 0x00, 0xFD, 0x03, 0xF0, 0x00,
    0x3F, 0x01, 0xFC, 0x00, 0x0F, 0xC0, 0xFE, 0x00, 0x02, 0xF9, 0xFF, 0x00, 0x00, 0x2F, 0xFD, 0x00,
    0x00, 0x07, 0xF4, 0x00, 0x00, 0x07, 0xE0, 0x00, 0x00, 0x02, 0xFE, 0x00, 0x00, 0x00, 0xBF, 0xF8,
    0x00, 0x03, 0xFE, 0xFF, 0xE0, 0x03, 0xF4, 0x07, 0xFD, 0x02, 0xF8, 0x00, 0x3F, 0x80, 0xBE, 0x00,
    0x0F, 0xD0, 0x1F, 0xF5, 0x6F, 0xE0, 0x02, 0xFF, 0xFF, 0xE0, 0x00, 0x0B, 0xFE, 0x40, 0x00, 0x00,
    0x14, 0x00, 0x00, 0x2F, 0xF8, 0x00, 0x01, 0xFF, 0xE0, 0x00, 0x00, 0x3F, 0x80, 0x00, 0x00, 0xFD,
    0x00, 0x00, 0x07, 0xF0, 0x00, 0x00, 0x2F, 0x80, 0x40, 0x00, 0xFD, 0x2F, 0xE0, 0x03, 0xF3, 0xFF,
    0xC0, 0x1F, 0xEE, 0xBF, 0x00, 0x7F, 0xE1, 0xFC, 0x02, 0xFE, 0x0B, 0xF0, 0x0F, 0xF0, 0x3F, 0x80,
    0x3F, 0x80, 0xFC, 0x01, 0xFC, 0x07, 0xF0, 0x0B, 0xF0, 0x2F, 0x80, 0x3F, 0x80, 0xFD, 0x20, 0xFD,
    0x03, 0xFF, 0xC7, 0xF0, 0x0F, 0xFE, 0x2F, 0xC0, 0x2F, 0xD0, 0x00, 0x00, 0x00, 0x00, 0x00, 0x00,
    0x00, 0x0F, 0xC0, 0x0B, 0xF0, 0x03, 0xFC, 0x00, 0xBD, 0x00, 0x00, 0x00, 0x01, 0x00, 0x7F, 0xE0,
    0x3F, 0xF8, 0x00, 0xFD, 0x00, 0x3F, 0x00, 0x1F, 0xC0, 0x0B, 0xE0, 0x03, 0xF4, 0x00, 0xFC, 0x00,
    0x7F, 0x00, 0x2F, 0x88, 0x0F, 0xFF, 0x43, 0xFF, 0xC0, 0xBF, 0x80, 0x00, 0x00, 0x00, 0x00, 0x00,
    0x00, 0x00, 0x00, 0x00, 0xBD, 0x00, 0x00, 0x1F, 0xE0, 0x00, 0x02, 0xFD, 0x00, 0x00, 0x0F, 0x80,
    0x00, 0x00, 0x00, 0x00, 0x00, 0x04, 0x00, 0x00, 0x2F, 0xF0, 0x00, 0x0B, 0xFF, 0x00, 0x00, 0x07,
    0xF0, 0x00, 0x00, 0xBF, 0x00, 0x00, 0x0F, 0xE0, 0x00, 0x00, 0xFD, 0x00, 0x00, 0x0F, 0xC0, 0x00,
    0x01, 0xFC, 0x00, 0x00, 0x2F, 0xC0, 0x00, 0x03, 0xF8, 0x00, 0x00, 0x3F, 0x40, 0x00, 0x07, 0xF0,
    0x00, 0x00, 0xBF, 0x00, 0x00, 0x0F, 0xD0, 0x00, 0x01, 0xFC, 0x00, 0x74, 0x3F, 0x40, 0x0F, 0xFF,
    0xF0, 0x00, 0xFF, 0xFC, 0x00, 0x02, 0xF9, 0x00, 0x00, 0x00, 0x14, 0x00, 0x02, 0xFF, 0x80, 0x01,
    0xFF, 0xE0, 0x00, 0x03, 0xF4, 0x00, 0x00, 0xFC, 0x00, 0x00, 0x7F, 0x00, 0x00, 0x2F, 0x80, 0x40,
    0x0F, 0xC2, 0xFC, 0x03, 0xF7, 0xFF, 0x80, 0xFB, 0xC7, 0xE0, 0x7F, 0x80, 0xF8, 0x2F, 0xC0, 0xBC,
    0x0F, 0xD0, 0xBD, 0x03, 0xFB, 0xFC, 0x01, 0xFF, 0xF0, 0x00, 0xBE, 0xBD, 0x00, 0x3F, 0x4F, 0xC0,
    0x0F, 0xC2, 0xFE, 0x47, 0xF0, 0x3F, 0xFA, 0xF8, 0x02, 0xFC, 0x00, 0x00, 0x00, 0x00, 0x00, 0x14,
    0x0B, 0xFE, 0x1F, 0xFE, 0x00, 0xFD, 0x00, 0xFC, 0x01, 0xFC, 0x02, 0xF8, 0x03, 0xF8, 0x03, 0xF4,
    0x07, 0xF0, 0x0B, 0xF0, 0x0F, 0xE0, 0x0F, 0xD0, 0x0F, 0xC0, 0x1F, 0xC0, 0x2F, 0x80, 0x3F, 0x48,
    0x3F, 0xFC, 0x3F, 0xF8, 0x3F, 0xD0, 0x00, 0x00, 0x00, 0x00, 0x01, 0x00, 0x10, 0x01, 0xFF, 0x47,
    0xF8, 0x1F, 0xE0, 0x3F, 0xF5, 0xFF, 0xCB, 0xFF, 0x00, 0x3F, 0xBE, 0xFE, 0xFB, 0xF0, 0x03, 0xFF,
    0x0F, 0xF8, 0x7F, 0x00, 0x3F, 0xC1, 0xFF, 0x0B, 0xE0, 0x07, 0xF8, 0x2F, 0xD0, 0xFD, 0x00, 0xBF,
    0x03, 0xFC, 0x0F, 0xC0, 0x0F, 0xE0, 0x3F, 0x41, 0xFC, 0x00, 0xFD, 0x07, 0xF0, 0x2F, 0x80, 0x1F,
    0xC0, 0xBF, 0x03, 0xF4, 0x81, 0xFC, 0x0F, 0xE0, 0x3F, 0xFC, 0x2F, 0x80, 0xFD, 0x03, 0xFF, 0x83,
    0xF4, 0x0F, 0xC0, 0x3F, 0xD0, 0x00, 0x00, 0x00, 0x00, 0x00, 0x00, 0x00, 0x10, 0x01, 0x00, 0x7F,
    0xD0, 0xFF, 0x03, 0xFF, 0x9F, 0xFE, 0x00, 0xFE, 0xFB, 0xF8, 0x03, 0xFF, 0x0B, 0xE0, 0x0F, 0xF4,
    0x3F, 0x40, 0x7F, 0x80, 0xFC, 0x02, 0xFC, 0x07, 0xF0, 0x0F, 0xE0, 0x3F, 0x80, 0x3F, 0x40, 0xFD,
    0x01, 0xFC, 0x07, 0xF1, 0x47, 0xF0, 0x1F, 0xFE, 0x2F, 0xC0, 0xBF, 0xF4, 0xFD, 0x00, 0xFE, 0x00,
    0x00, 0x00, 0x00, 0x00, 0x00, 0x01, 0x40, 0x00, 0x0B, 0xFF, 0x40, 0x1F, 0xFF, 0xF0, 0x1F, 0xE1,
    0xFE, 0x0F, 0xE0, 0x3F, 0xC7, 0xF0, 0x0B, 0xF3, 0xF8, 0x02, 0xFC, 0xFD, 0x00, 0xFE, 0x3F, 0x40,
    0x3F, 0x5F, 0xD0, 0x1F, 0xC3, 0xF4, 0x0F, 0xD0, 0xFF, 0x5F, 0xF0, 0x1F, 0xFF, 0xE0, 0x01, 0xFF,
    0xD0, 0x00, 0x00, 0x00, 0x00, 0x00, 0x04, 0x00, 0x40, 0x02, 0xFF, 0x0B, 0xF8, 0x07, 0xFF, 0x6F,
    0xFC, 0x00, 0x3F, 0xBE, 0xFD, 0x00, 0x3F, 0xE0, 0xFE, 0x00, 0x3F, 0xC0, 0xFE, 0x00, 0x7F, 0x40,
    0xFD, 0x00, 0xBF, 0x00, 0xFC, 0x00, 0xFD, 0x02, 0xFC, 0x00, 0xFC, 0x03, 0xF4, 0x01, 0xFC, 0x0B,
    0xF0, 0x02, 0xFE, 0x6F, 0xD0, 0x03, 0xFF, 0xFF, 0x40, 0x03, 0xFB, 0xFC, 0x00, 0x07, 0xF0, 0x00,
    0x00, 0x07, 0xF0, 0x00, 0x00, 0x0B, 0xE0, 0x00, 0x00, 0x1F, 0xF4, 0x00, 0x00, 0x7F, 0xFF, 0x00,
    0x00, 0x6A, 0xAA, 0x00, 0x00, 0x00, 0x01, 0x00, 0x00, 0x03, 0xFE, 0x7E, 0x01, 0xFF, 0xFF, 0xD0,
    0x3F, 0x87, 0xFC, 0x0B, 0xF0, 0x2F, 0x81, 0xFC, 0x03, 0xF4, 0x2F, 0xC0, 0x3F, 0x03, 0xF4, 0x0B,
    0xF0, 0x3F, 0x40, 0xFE, 0x03, 0xF0, 0x2F, 0xE0, 0x7F, 0x4B, 0xFD, 0x03, 0xFE, 0xFB, 0xC0, 0x3F,
    0xFC, 0xFC, 0x01, 0xFE, 0x0F, 0xC0, 0x00, 0x01, 0xF8, 0x00, 0x00, 0x2F, 0x80, 0x00, 0x03, 0xF4,
    0x00, 0x00, 0x7F, 0x80, 0x00, 0x7F, 0xFF, 0x00, 0x0A, 0xAA, 0x90, 0x00, 0x10, 0x04, 0x07, 0xFD,
    0x1F, 0xC3, 0xFF, 0x9F, 0xF0, 0x0B, 0xDF, 0xFC, 0x02, 0xFB, 0x95, 0x00, 0xFF, 0x80, 0x00, 0x3F,
    0xC0, 0x00, 0x1F, 0xE0, 0x00, 0x0B, 0xF0, 0x00, 0x03, 0xF8, 0x00, 0x00, 0xFD, 0x00, 0x00, 0x7F,
    0x00, 0x00, 0x2F, 0xC0, 0x00, 0x0F, 0xE0, 0x00, 0x00, 0x00, 0x00, 0x40, 0x00, 0x2F, 0xFC, 0x00,
    0xFF, 0xFD, 0x03, 0xF4, 0x7C, 0x03, 0xF0, 0x00, 0x03, 0xFD, 0x00, 0x01, 0xFF, 0x80, 0x00, 0xBF,
    0xE0, 0x00, 0x1F, 0xF4, 0x08, 0x03, 0xF8, 0x2F, 0x02, 0xF8, 0x3F, 0xD7, 0xF0, 0x3F, 0xFF, 0xD0,
    0x0B, 0xFF, 0x00, 0x00, 0x00, 0x00, 0x00, 0x05, 0x00, 0x01, 0xF8, 0x00, 0x0F, 0xD0, 0x00, 0x3F,
    0x00, 0x0B, 0xFF, 0xF4, 0xFF, 0xFF, 0xC1, 0x7F, 0x94, 0x00, 0xFD, 0x00, 0x07, 0xF0, 0x00, 0x2F,
    0xC0, 0x00, 0xBF, 0x00, 0x03, 0xF8, 0x00, 0x0F, 0xD0, 0x00, 0x7F, 0x07, 0x81, 0xFF, 0xFE, 0x07,
    0xFF, 0xF0, 0x0B, 0xFD, 0x00, 0x00, 0x00, 0x00, 0x00, 0x40, 0x00, 0x00, 0xBF, 0xD0, 0x1F, 0xC7,
    0xFF, 0x80, 0xFE, 0x00, 0xFD, 0x03, 0xF4, 0x03, 0xF0, 0x0F, 0xC0, 0x1F, 0xC0, 0x7F, 0x00, 0xBE,
    0x03, 0xF8, 0x03, 0xF4, 0x0F, 0xD0, 0x0F, 0xC0, 0xBF, 0x00, 0x7F, 0x07, 0xFC, 0x02, 0xF8, 0x7F,
    0xF1, 0x8F, 0xFB, 0xCF, 0xFF, 0x3F, 0xFC, 0x3F, 0xF0, 0x7F, 0xC0, 0xBE, 0x00, 0x00, 0x00, 0x00,
    0x00, 0x00, 0x00, 0x04, 0x0B, 0xF4, 0x1F, 0xDB, 0xFF, 0x03, 0xF8, 0x6F, 0xC0, 0xFE, 0x03, 0xF4,
    0x2F, 0x80, 0xFD, 0x0F, 0xC0, 0x2F, 0x83, 0xF0, 0x0B, 0xE1, 0xF4, 0x01, 0xF8, 0xF8, 0x00, 0x7E,
    0xBC, 0x00, 0x0F, 0xFD, 0x00, 0x03, 0xFE, 0x00, 0x00, 0xFE, 0x00, 0x00, 0x3E, 0x00, 0x00, 0x00,
    0x00, 0x00, 0x00, 0x00, 0x04, 0x00, 0x40, 0xBF, 0x02, 0xF8, 0x1F, 0xCB, 0xFE, 0x07, 0xF0, 0x3F,
    0x82, 0xFC, 0x0F, 0xD0, 0xBE, 0x03, 0xF0, 0x3F, 0x42, 0xF4, 0x0F, 0xD0, 0xFE, 0x0B, 0xC0, 0x2F,
    0x87, 0xFC, 0x3E, 0x00, 0x7E, 0x2F, 0xF1, 0xF4, 0x00, 0xF8, 0xFF, 0xCF, 0xC0, 0x03, 0xEB, 0xAF,
    0x7D, 0x00, 0x0F, 0xFC, 0xBF, 0xE0, 0x00, 0x3F, 0xD2, 0xFF, 0x00, 0x00, 0xFD, 0x0B, 0xF0, 0x00,
    0x03, 0xE0, 0x1F, 0x00, 0x00, 0x00, 0x00, 0x00, 0x00, 0x00, 0x00, 0x00, 0x00, 0x10, 0x02, 0xFD,
    0x02, 0xFC, 0x0B, 0xFF, 0x0B, 0xFD, 0x05, 0x7F, 0x5F, 0xAC, 0x00, 0x3F, 0xBD, 0x00, 0x00, 0x1F,
    0xF8, 0x00, 0x00, 0x0F, 0xF0, 0x00, 0x00, 0x0B, 0xF0, 0x00, 0x00, 0x0F, 0xF4, 0x00, 0x00, 0x3F,
    0xFC, 0x00, 0x00, 0xBD, 0xFC, 0x00, 0x3F, 0xF4, 0xFF, 0xA4, 0x3F, 0xE0, 0xBF, 0xF4, 0x3F, 0x80,
    0x3F, 0xD0, 0x00, 0x00, 0x00, 0x00, 0x00, 0x00, 0x00, 0x04, 0x00, 0x0B, 0xF4, 0x1F, 0xD0, 0x0B,
    0xFF, 0x03, 0xF8, 0x00, 0x2F, 0xC0, 0xFE, 0x00, 0x03, 0xF4, 0x2F, 0x80, 0x00, 0xFD, 0x0F, 0xD0,
    0x00, 0x2F, 0x83, 0xF0, 0x00, 0x07, 0xE1, 0xF4, 0x00, 0x01, 0xF8, 0xBC, 0x00, 0x00, 0x3F, 0x3D,
    0x00, 0x00, 0x0F, 0xEF, 0x00, 0x00, 0x03, 0xFF, 0x00, 0x00, 0x00, 0xFF, 0x40, 0x00, 0x00, 0x3F,
    0x80, 0x00, 0x00, 0x1F, 0xC0, 0x00, 0x00, 0x0F, 0xC0, 0x00, 0x38, 0x1F, 0xC0, 0x00, 0x1F, 0xFF,
    0xC0, 0x00, 0x07, 0xFF, 0x80, 0x00, 0x00, 0xBE, 0x00, 0x00, 0x00, 0x00, 0x00, 0x01, 0x00, 0x2F,
    0xF4, 0xFC, 0x07, 0xFF, 0xFF, 0xC0, 0xBE, 0xFF, 0xF0, 0x0B, 0x80, 0xFD, 0x00, 0x70, 0x3F, 0x40,
    0x00, 0x0B, 0xD0, 0x00, 0x02, 0xF4, 0x00, 0x00, 0xBD, 0x00, 0x00, 0x2F, 0x40, 0x80, 0x0B, 0xE0,
    0x1F, 0x02, 0xFF, 0xFB, 0xF0, 0x3F, 0xFF, 0xFF, 0x03, 0xE1, 0xFF, 0xC0, 0x00, 0x00, 0x00, 0x00,
    0x00, 0x07, 0xF0, 0x00, 0xFF, 0xD0, 0x0B, 0xF9, 0x00, 0x3F, 0x00, 0x01, 0xF4, 0x00, 0x0B, 0xD0,
    0x00, 0x2F, 0x40, 0x00, 0xBC, 0x00, 0x03, 0xF0, 0x00, 0x0F, 0xC0, 0x01, 0xFD, 0x00, 0x0F, 0xD0,
    0x00, 0x3F, 0x80, 0x00, 0x3F, 0x00, 0x00, 0xFC, 0x00, 0x03, 0xE0, 0x00, 0x2F, 0x00, 0x00, 0xFC,
    0x00, 0x03, 0xD0, 0x00, 0x2F, 0x00, 0x00, 0xBC, 0x00, 0x02, 0xF4, 0x00, 0x07, 0xFF, 0x00, 0x0B,
    0xF8, 0x00, 0x00, 0x00, 0x00, 0x00, 0x00, 0x00, 0x0B, 0xC0, 0x03, 0xF0, 0x00, 0xFC, 0x00, 0x3E,
    0x00, 0x1F, 0x40, 0x0B, 0xC0, 0x03, 0xF0, 0x00, 0xF8, 0x00, 0x7E, 0x00, 0x1F, 0x40, 0x0B, 0xC0,
    0x03, 0xF0, 0x00, 0xF8, 0x00, 0x7D, 0x00, 0x2F, 0x40, 0x0B, 0xC0, 0x03, 0xF0, 0x00, 0xF8, 0x00,
    0x7D, 0x00, 0x2F, 0x00, 0x0F, 0xC0, 0x03, 0xF0, 0x00, 0x00, 0x2F, 0x80, 0x02, 0xFF, 0x80, 0x06,
    0xBF, 0x00, 0x00, 0xBC, 0x00, 0x02, 0xF0, 0x00, 0x0F, 0x80, 0x00, 0x7D, 0x00, 0x02, 0xF0, 0x00,
    0x0F, 0x80, 0x00, 0x7D, 0x00, 0x01, 0xF4, 0x00, 0x07, 0xF0, 0x00, 0x0F, 0xE0, 0x00, 0xBF, 0x00,
    0x07, 0xE0, 0x00, 0x2F, 0x00, 0x00, 0xFC, 0x00, 0x03, 0xF0, 0x00, 0x0F, 0xC0, 0x00, 0x3F, 0x00,
    0x01, 0xF8, 0x00, 0x1F, 0xC0, 0x0F, 0xFE, 0x00, 0x3F, 0xD0, 0x00, 0x00, 0x00, 0x00, 0x02, 0x90,
    0x01, 0x07, 0xFF, 0x42, 0xE3, 0xFF, 0xFE, 0xF8, 0xF4, 0x7F, 0xFC, 0x1C, 0x02, 0xF8, 0x00, 0x00,
    0x00, 0x00, 0x0F, 0xC0, 0x0B, 0xF0, 0x02, 0xFC, 0x00, 0x14, 0x00, 0x00, 0x00, 0x03, 0xC0, 0x01,
    0xF0, 0x00, 0xBC, 0x00, 0x3E, 0x00, 0x0F, 0x80, 0x07, 0xD0, 0x02, 0xF4, 0x00, 0xFC, 0x00, 0x7F,
    0x00, 0x2F, 0xC0, 0x0F, 0xE0, 0x07, 0xF4, 0x02, 0xFC, 0x00, 0xB8, 0x00, 0x00, 0x00, 0x00, 0x00,
    0x00, 0x07, 0xC0, 0x00, 0x00, 0xB8, 0x00, 0x00, 0x0B, 0x40, 0x00, 0x00, 0xF0, 0x00, 0x00, 0x1F,
    0x40, 0x00, 0x2F, 0xFF, 0x40, 0x1F, 0xFF, 0xFC, 0x0B, 0xFB, 0xDB, 0x80, 0xFD, 0x3C, 0x00, 0x2F,
    0x83, 0x80, 0x03, 0xF0, 0x74, 0x00, 0x7F, 0x0B, 0x00, 0x07, 0xF0, 0xF0, 0x00, 0x7F, 0x0E, 0x00,
    0x03, 0xF5, 0xE0, 0xB0, 0x3F, 0xFE, 0xBF, 0x00, 0xFF, 0xFF, 0x80, 0x03, 0xFF, 0x90, 0x00, 0x07,
    0x80, 0x00, 0x00, 0xB8, 0x00, 0x00, 0x0F, 0x40, 0x00, 0x00, 0xF0, 0x00, 0x00, 0x1F, 0x00, 0x00,
    0x01, 0x90, 0x00, 0x00, 0x00, 0x00, 0x00, 0x40, 0x00, 0x00, 0x07, 0xFF, 0x40, 0x00, 0x0B, 0xFF,
    0xF0, 0x00, 0x07, 0xE0, 0xFD, 0x00, 0x03, 0xF0, 0x1F, 0x40, 0x02, 0xF8, 0x07, 0x40, 0x00, 0xFC,
    0x00, 0x00, 0x00, 0x7F, 0x00, 0x00, 0x01, 0x6F, 0xD5, 0x40, 0x00, 0xFF, 0xFF, 0xF0, 0x00, 0x6F,
    0xFA, 0xA4, 0x00, 0x01, 0xFC, 0x00, 0x00, 0x00, 0xBE, 0x00, 0x00, 0x00, 0x3F, 0x00, 0x00, 0x00,
    0x0F, 0xC0, 0x00, 0x00, 0xFF, 0xFA, 0xAB, 0xF0, 0x7F, 0xFF, 0xFF, 0xF8, 0x1F, 0xE1, 0xBF, 0xFC,
    0x01, 0x40, 0x00, 0x00, 0x00, 0x00, 0x00, 0x00, 0x00, 0x0B, 0x00, 0x40, 0x38, 0x0F, 0xDF, 0xFE,
    0xFC, 0x03, 0xFF, 0xFF, 0xE0, 0x01, 0xF8, 0x1F, 0x80, 0x03, 0xE0, 0x0F, 0xC0, 0x03, 0xD0, 0x0F,
    0x80, 0x07, 0xC0, 0x1F, 0x40, 0x03, 0xE0, 0x3F, 0x00, 0x1F, 0xFF, 0xFF, 0x00, 0xBE, 0xFF, 0xFF,
    0xD0, 0x74, 0x15, 0x02, 0xC0, 0x00, 0x00, 0x00, 0x00, 0x00, 0x00, 0x00, 0x00, 0x2F, 0xFF, 0xC7,
    0xFF, 0xDF, 0xFF, 0xD1, 0xFF, 0xE0, 0x7F, 0x80, 0x1F, 0xC0, 0x0F, 0xE0, 0x0F, 0xD0, 0x02, 0xFC,
    0x0B, 0xD0, 0x00, 0x3F, 0x47, 0xE0, 0x00, 0x0F, 0xE3, 0xF0, 0x00, 0x3F, 0xFE, 0xFF, 0xC0, 0x0A,
    0xBF, 0xFF, 0xD0, 0x00, 0x0B, 0xF8, 0x00, 0x00, 0xFF, 0xFF, 0xFC, 0x00, 0x2F, 0xFF, 0xFE, 0x00,
    0x00, 0x3F, 0x80, 0x00, 0x00, 0x0F, 0xD0, 0x00, 0x00, 0x07, 0xF4, 0x00, 0x00, 0x1F, 0xFF, 0xC0,
    0x00, 0x0F, 0xFF, 0xF0, 0x00, 0x00, 0x00, 0x00, 0x00, 0x0B, 0xC0, 0x03, 0xF0, 0x00, 0xFC, 0x00,
    0x3E, 0x00, 0x1F, 0x40, 0x0B, 0xC0, 0x03, 0xF0, 0x00, 0xF8, 0x00, 0x29, 0x00, 0x00, 0x00, 0x00,
    0x00, 0x00, 0x00, 0x00, 0x00, 0x00, 0x3D, 0x00, 0x2F, 0x40, 0x0B, 0xC0, 0x03, 0xF0, 0x00, 0xF8,
    0x00, 0x7D, 0x00, 0x2F, 0x00, 0x0F, 0xC0, 0x03, 0xF0, 0x00, 0x00, 0x00, 0x00, 0x00, 0x02, 0xFF,
    0x80, 0x07, 0xFF, 0xF4, 0x07, 0xE0, 0xBD, 0x03, 0xF0, 0x0F, 0x02, 0xFE, 0x00, 0x00, 0xE7, 0xD0,
    0x00, 0x38, 0xBE, 0x00, 0x0F, 0x0B, 0xF0, 0x03, 0xE0, 0x7F, 0x00, 0x7E, 0x07, 0xE0, 0x0B, 0xE0,
    0x7C, 0x00, 0xBF, 0x0F, 0x00, 0x0B, 0xF3, 0xC0, 0x00, 0x7D, 0xF0, 0x24, 0x0B, 0xF8, 0x3E, 0x01,
    0xFC, 0x0F, 0xD0, 0xBD, 0x03, 0xFF, 0xFD, 0x00, 0x2F, 0xF8, 0x00, 0x00, 0x00, 0x00, 0x00, 0x00,
    0x00, 0x0B, 0xC2, 0xE7, 0xF2, 0xFD, 0xF8, 0xBD, 0x00, 0x04, 0x00, 0x00, 0x01, 0xA9, 0x00, 0x00,
    0x00, 0xBF, 0xFF, 0xD0, 0x00, 0x1F, 0x40, 0x02, 0xE0, 0x00, 0xF0, 0x00, 0x01, 0xE0, 0x0F, 0x00,
    0xAA, 0x41, 0xD0, 0x74, 0x1F, 0xFF, 0x02, 0xC3, 0xC0, 0xF4, 0x3C, 0x07, 0x4E, 0x0B, 0xC0, 0x90,
    0x0E, 0x34, 0x3E, 0x00, 0x00, 0x38, 0xD0, 0xF8, 0x00, 0x00, 0xF3, 0x43, 0xE0, 0x00, 0x03, 0x8E,
    0x0B, 0xC0, 0x00, 0x0E, 0x2C, 0x1F, 0xEA, 0xC0, 0x74, 0x74, 0x1F, 0xFE, 0x03, 0xC0, 0xF0, 0x05,
    0x40, 0x2D, 0x00, 0xF0, 0x00, 0x02, 0xE0, 0x00, 0xF9, 0x00, 0x7D, 0x00, 0x00, 0x7F, 0xFF, 0x80,
    0x00, 0x00, 0x05, 0x50, 0x00, 0x00, 0x00, 0xA5, 0x90, 0x7F, 0xFC, 0x0F, 0x8B, 0xC2, 0xE0, 0xB4,
    0x3C, 0x0F, 0x03, 0xC2, 0xF0, 0x7D, 0xBE, 0x63, 0xFE, 0xFE, 0x1F, 0x4F, 0x80, 0x00, 0x00, 0x2A,
    0xAF, 0xCB, 0xFF, 0xF4, 0x00, 0x00, 0x00, 0x00, 0x00, 0x00, 0x00, 0x00, 0xB8, 0x07, 0xC0, 0x0F,
    0xE0, 0xBF, 0x01, 0xFD, 0x0F, 0xE0, 0x1F, 0xD0, 0xFE, 0x00, 0xFE, 0x0B, 0xF0, 0x03, 0xFC, 0x2F,
    0xC0, 0x03, 0xF4, 0x3F, 0x80, 0x07, 0xF0, 0x3F, 0x40, 0x03, 0xD0, 0x3E, 0x00, 0x00, 0x00, 0x00,
    0x00, 0x6A, 0xAA, 0xA8, 0xBF, 0xFF, 0xFD, 0xBF, 0xFF, 0xFD, 0x00, 0x00, 0x7D, 0x00, 0x00, 0x7D,
    0x00, 0x00, 0x7D, 0x00, 0x00, 0x14, 0xBF, 0xFD, 0xFF, 0xFE, 0xFF, 0xFD, 0x00, 0x05, 0x00, 0x00,
    0x0B, 0xFF, 0x80, 0x07, 0x80, 0x1F, 0x00, 0xD5, 0x50, 0x38, 0x28, 0xBE, 0xD0, 0xC3, 0x43, 0x8F,
    0x0E, 0x30, 0x39, 0xD0, 0xA3, 0x03, 0xF8, 0x0B, 0x30, 0x3A, 0xD0, 0xA3, 0x87, 0xDF, 0x4D, 0x1C,
    0x54, 0x26, 0xC0, 0xB0, 0x00, 0x74, 0x02, 0xE5, 0xBD, 0x00, 0x01, 0xA9, 0x00, 0x3F, 0xFF, 0x5F,
    0xFF, 0xD1, 0x55, 0x50, 0x00, 0x50, 0x00, 0xFF, 0xE0, 0x3F, 0xFF, 0x4B, 0xD0, 0xFC, 0xFC, 0x0B,
    0xCF, 0x80, 0xBC, 0xBD, 0x0F, 0xC7, 0xFF, 0xF4, 0x1F, 0xFD, 0x00, 0x15, 0x00, 0x00, 0x68, 0x00,
    0x00, 0xBC, 0x00, 0x00, 0xBC, 0x00, 0x00, 0xBC, 0x00, 0x55, 0xBD, 0x54, 0xBF, 0xFF, 0xFD, 0xBF,
    0xFF, 0xFD, 0x00, 0xBC, 0x00, 0x00, 0xBC, 0x00, 0x00, 0xBC, 0x00, 0x00, 0xBC, 0x00, 0x00, 0x14,
    0x00, 0x15, 0x55, 0x54, 0xBF, 0xFF, 0xFD, 0xBF, 0xFF, 0xFD, 0x00, 0x00, 0x00, 0x00, 0x19, 0x00,
    0x0B, 0xFF, 0x40, 0xBE, 0x7F, 0x03, 0xD0, 0xBC, 0x01, 0x03, 0xF0, 0x00, 0x2F, 0x00, 0x03, 0xF0,
    0x00, 0x3F, 0x00, 0x07, 0xE0, 0x00, 0xBE, 0x55, 0x03, 0xFF, 0xFD, 0x0A, 0xAA, 0x90, 0x00, 0x64,
    0x01, 0xFF, 0xD0, 0xF9, 0xF8, 0x34, 0x2E, 0x00, 0x1F, 0x00, 0xBF, 0x40, 0xBF, 0xE0, 0x00, 0xBC,
    0x00, 0x2F, 0x00, 0x2F, 0x8F, 0xFF, 0x82, 0xFE, 0x40, 0x00, 0x00, 0x00, 0x00, 0x00, 0x34, 0x0F,
    0xC2, 0xFC, 0x3F, 0x0B, 0xC0, 0x60, 0x00, 0x00, 0x00, 0x00, 0x00, 0x00, 0x3F, 0x40, 0xFE, 0x00,
    0x1F, 0xC0, 0x3F, 0x00, 0x0B, 0xF0, 0x1F, 0xC0, 0x02, 0xF8, 0x0B, 0xE0, 0x00, 0xFD, 0x02, 0xF8,
    0x00, 0x3F, 0x00, 0xFD, 0x00, 0x0F, 0xC0, 0x3F, 0x00, 0x07, 0xF0, 0x1F, 0xC0, 0x02, 0xFC, 0x0F,
    0xF0, 0x00, 0xBF, 0x0B, 0xFC, 0x10, 0x3F, 0xFF, 0xEF, 0xBC, 0x0F, 0xFF, 0xD7, 0xFE, 0x07, 0xEF,
    0xD0, 0xFE, 0x02, 0xF0, 0x00, 0x00, 0x00, 0xFC, 0x00, 0x00, 0x00, 0x3F, 0x00, 0x00, 0x00, 0x1F,
    0xC0, 0x00, 0x00, 0x0B, 0xE0, 0x00, 0x00, 0x02, 0xE0, 0x00, 0x00, 0x00, 0x00, 0x00, 0x05, 0x55,
    0x00, 0x00, 0xBF, 0xFF, 0xD0, 0x02, 0xFF, 0xEF, 0x90, 0x02, 0xFF, 0xF3, 0xC0, 0x00, 0xFF, 0xF8,
    0xF0, 0x00, 0xBF, 0xFE, 0x78, 0x00, 0x3F, 0xFF, 0x6D, 0x00, 0x0F, 0xFF, 0xCB, 0x40, 0x03, 0xFF,
    0xF3, 0xC0, 0x00, 0xFF, 0xF8, 0xF0, 0x00, 0x1F, 0xFD, 0x78, 0x00, 0x01, 0xEF, 0x2E, 0x00, 0x00,
    0x03, 0xCB, 0x40, 0x00, 0x00, 0xF3, 0xC0, 0x00, 0x00, 0x78, 0xF0, 0x00, 0x00, 0x2D, 0x78, 0x00,
    0x00, 0x0F, 0x2D, 0x00, 0x00, 0x03, 0xCF, 0x00, 0x00, 0x02, 0xFF, 0x40, 0x01, 0xD6, 0xFF, 0x40,
    0x00, 0x7F, 0xF0, 0x00, 0x00, 0x06, 0x90, 0x00, 0x00, 0x00, 0x00, 0x07, 0xE3, 0xFC, 0xFE, 0x2E,
    0x00, 0x0B, 0x81, 0xFD, 0x03, 0xC0, 0xB8, 0x7E, 0x06, 0x40, 0x00, 0x14, 0x06, 0xFD, 0x0F, 0xFC,
    0x00, 0xFC, 0x00, 0xF8, 0x01, 0xF4, 0x02, 0xF0, 0x02, 0xF0, 0x03, 0xE0, 0x07, 0xE0, 0x3F, 0xFC,
    0x6A, 0xA8, 0x00, 0x6A, 0x00, 0x2F, 0xFC, 0x0B, 0xC3, 0xD1, 0xF4, 0x3E, 0x2F, 0x03, 0xD2, 0xE0,
    0x7C, 0x2E, 0x0F, 0x81, 0xFF, 0xF0, 0x07, 0xF4, 0x00, 0x00, 0x00, 0x2A, 0xAF, 0x4B, 0xFF, 0xE0,
    0x00, 0x00, 0x00, 0x00, 0x00, 0x00, 0x00, 0x1F, 0x00, 0xF0, 0x00, 0x7F, 0x03, 0xF4, 0x00, 0xBF,
    0x07, 0xF0, 0x00, 0xFF, 0x0F, 0xF0, 0x02, 0xFC, 0x1F, 0xC0, 0x1F, 0xD0, 0xFE, 0x01, 0xFD, 0x0F,
    0xE0, 0x1F, 0xC0, 0xFD, 0x00, 0xF8, 0x0B, 0xC0, 0x00, 0x00, 0x00, 0x00, 0x00, 0x00, 0x00, 0x00,
    0x00, 0x00, 0x00, 0x00, 0x00, 0x00, 0x00, 0x00, 0xB4, 0x00, 0x01, 0xFD, 0x00, 0x00, 0x0F, 0xC0,
    0x00, 0xFF, 0xC0, 0x00, 0x03, 0xF0, 0x00, 0x05, 0xFC, 0x00, 0x00, 0xBD, 0x00, 0x00, 0x0F, 0x80,
    0x00, 0x0F, 0x80, 0x00, 0x01, 0xF4, 0x00, 0x03, 0xF0, 0x00, 0x00, 0x1F, 0x00, 0x00, 0xBC, 0x00,
    0x00, 0x02, 0xF0, 0x00, 0x1F, 0x40, 0x0F, 0x80, 0x3F, 0x00, 0x03, 0xE0, 0x03, 0xF8, 0x03, 0xE0,
    0x00, 0xBC, 0x00, 0xFF, 0x42, 0xFF, 0xC0, 0x1F, 0x00, 0x3D, 0xF0, 0x7F, 0xFC, 0x03, 0xD0, 0x0F,
    0x5F, 0x00, 0x00, 0x00, 0xF8, 0x03, 0xD2, 0xE0, 0x00, 0x00, 0x2F, 0x00, 0xF8, 0x3E, 0x00, 0x00,
    0x0B, 0xD0, 0x2F, 0xFF, 0xFC, 0x00, 0x01, 0xF8, 0x01, 0xFF, 0xFF, 0x80, 0x00, 0x3F, 0x00, 0x00,
    0x0B, 0xC0, 0x00, 0x0F, 0xD0, 0x00, 0x00, 0xF8, 0x00, 0x00, 0xB8, 0x00, 0x00, 0x00, 0x00, 0x00,
    0x01, 0x00, 0x00, 0x00, 0x00, 0x00, 0x00, 0x00, 0x00, 0x00, 0x00, 0x00, 0x00, 0x00, 0x00, 0x00,
    0x0B, 0x40, 0x00, 0x1F, 0xD0, 0x00, 0x07, 0xF0, 0x00, 0x3F, 0xF0, 0x00, 0x03, 0xF0, 0x00, 0x05,
    0xFC, 0x00, 0x02, 0xF4, 0x00, 0x00, 0x3E, 0x00, 0x01, 0xF8, 0x00, 0x00, 0x1F, 0x40, 0x00, 0xF8,
    0x00, 0x00, 0x07, 0xC0, 0x00, 0xBC, 0x00, 0x00, 0x02, 0xF0, 0x00, 0x7C, 0x07, 0xFE, 0x00, 0xFC,
    0x00, 0x3D, 0x0B, 0xFF, 0xE0, 0x3E, 0x00, 0x3E, 0x03, 0xD0, 0xFC, 0xBF, 0xF0, 0x2F, 0x00, 0x90,
    0x3E, 0x7F, 0xFC, 0x1F, 0x40, 0x00, 0x2F, 0x00, 0x00, 0x0F, 0x80, 0x00, 0x2F, 0x40, 0x00, 0x0F,
    0xC0, 0x00, 0x3F, 0x00, 0x00, 0x0B, 0xC0, 0x00, 0x7E, 0x00, 0x00, 0x07, 0xE0, 0x00, 0x7D, 0x00,
    0x00, 0x03, 0xF0, 0x00, 0x7F, 0xFF, 0xC0, 0x03, 0xF0, 0x00, 0x1F, 0xFF, 0xE0, 0x00, 0xB4, 0x00,
    0x00, 0x00, 0x00, 0x00, 0x04, 0x00, 0x00, 0x00, 0x00, 0x00, 0x00, 0x00, 0x00, 0x00, 0x00, 0x00,
    0x00, 0x01, 0x00, 0x00, 0x00, 0xF0, 0x00, 0x03, 0xFF, 0x00, 0x00, 0x1F, 0x80, 0x00, 0xFE, 0xF8,
    0x00, 0x03, 0xF0, 0x00, 0x0E, 0x0B, 0x80, 0x00, 0xFC, 0x00, 0x00, 0x00, 0xF4, 0x00, 0x2F, 0x40,
    0x00, 0x01, 0xBD, 0x00, 0x03, 0xE0, 0x00, 0x00, 0xBF, 0xD0, 0x00, 0xFC, 0x00, 0x00, 0x05, 0x2F,
    0x00, 0x2F, 0x00, 0x0F, 0x80, 0x01, 0xF0, 0x03, 0xD0, 0x03, 0xF8, 0x00, 0x7F, 0x00, 0xF8, 0x00,
    0xFF, 0x4A, 0xBF, 0xC0, 0x2E, 0x00, 0x3D, 0xF0, 0xFF, 0xE0, 0x0B, 0xC0, 0x0F, 0x5F, 0x00, 0x00,
    0x01, 0xF4, 0x03, 0xD2, 0xE0, 0x00, 0x00, 0x3E, 0x00, 0xF8, 0x3E, 0x00, 0x00, 0x0F, 0xC0, 0x2F,
    0xFF, 0xFC, 0x00, 0x02, 0xF4, 0x01, 0xFF, 0xFF, 0x80, 0x00, 0x7E, 0x00, 0x00, 0x0B, 0xC0, 0x00,
    0x0F, 0xC0, 0x00, 0x00, 0xF8, 0x00, 0x00, 0xF4, 0x00, 0x00, 0x00, 0x00, 0x00, 0x01, 0x00, 0x00,
    0x00, 0x00, 0x00, 0x00, 0x00, 0x00, 0x0F, 0xC0, 0x0B, 0xF0, 0x02, 0xFC, 0x00, 0x14, 0x00, 0x00,
    0x00, 0x1F, 0xD0, 0x0F, 0xFC, 0x01, 0x7F, 0x00, 0x1F, 0x40, 0x2F, 0x40, 0x2F, 0x40, 0x2F, 0x40,
    0x1F, 0x40, 0x0B, 0xC0, 0x02, 0xF4, 0x24, 0xBF, 0xFE, 0x0F, 0xFF, 0x80, 0xFF, 0x80, 0x01, 0x00,
    0x00, 0x00, 0x00, 0x00, 0x00, 0x00, 0x00, 0x1D, 0x00, 0x00, 0x00, 0x00, 0x2F, 0x80, 0x00, 0x00,
    0x00, 0x2F, 0xF0, 0x00, 0x00, 0x00, 0x07, 0xFC, 0x00, 0x00, 0x00, 0x00, 0x28, 0x00, 0x00, 0x00,
    0x00, 0x00, 0x00, 0x00, 0x00, 0x00, 0x68, 0x00, 0x00, 0x00, 0x02, 0xFC, 0x00, 0x00, 0x00, 0x07,
    0xFC, 0x00, 0x00, 0x00, 0x0F, 0xFD, 0x00, 0x00, 0x00, 0x2F, 0xFD, 0x00, 0x00, 0x00, 0x3E, 0xBE,
    0x00, 0x00, 0x00, 0xFC, 0x7F, 0x00, 0x00, 0x01, 0xF4, 0x7F, 0x00, 0x00, 0x03, 0xF0, 0x3F, 0x00,
    0x00, 0x0B, 0xD0, 0x3F, 0x40, 0x00, 0x0F, 0xC0, 0x3F, 0x80, 0x00, 0x2F, 0xFF, 0xFF, 0xC0, 0x00,
    0x7F, 0xFF, 0xFF, 0xC0, 0x00, 0xFD, 0x00, 0x2F, 0xC0, 0x02, 0xF8, 0x00, 0x1F, 0xD0, 0x03, 0xF0,
    0x00, 0x1F, 0xE0, 0x2F, 0xFD, 0x00, 0xFF, 0xFD, 0x7F, 0xFE, 0x02, 0xFF, 0xFD, 0x00, 0x00, 0x00,
    0x00, 0x00, 0x00, 0x00, 0x00, 0x03, 0x80, 0x00, 0x00, 0x00, 0x2F, 0xC0, 0x00, 0x00, 0x00, 0xFF,
    0x80, 0x00, 0x00, 0x03, 0xFD, 0x00, 0x00, 0x00, 0x02, 0x40, 0x00, 0x00, 0x00, 0x00, 0x00, 0x00,
    0x00, 0x00, 0x00, 0x68, 0x00, 0x00, 0x00, 0x02, 0xFC, 0x00, 0x00, 0x00, 0x07, 0xFC, 0x00, 0x00,
    0x00, 0x0F, 0xFD, 0x00, 0x00, 0x00, 0x2F, 0xFD, 0x00, 0x00, 0x00, 0x3E, 0xBE, 0x00, 0x00, 0x00,
    0xFC, 0x7F, 0x00, 0x00, 0x01, 0xF4, 0x7F, 0x00, 0x00, 0x03, 0xF0, 0x3F, 0x00, 0x00, 0x0B, 0xD0,
    0x3F, 0x40, 0x00, 0x0F, 0xC0, 0x3F, 0x80, 0x00, 0x2F, 0xFF, 0xFF, 0xC0, 0x00, 0x7F, 0xFF, 0xFF,
    0xC0, 0x00, 0xFD, 0x00, 0x2F, 0xC0, 0x02, 0xF8, 0x00, 0x1F, 0xD0, 0x03, 0xF0, 0x00, 0x1F, 0xE0,
    0x2F, 0xFD, 0x00, 0xFF, 0xFD, 0x7F, 0xFE, 0x02, 0xFF, 0xFD, 0x00, 0x00, 0x00, 0x00, 0x00, 0x00,
    0x00, 0x00, 0xBC, 0x00, 0x00, 0x00, 0x02, 0xFF, 0x00, 0x00, 0x00, 0x0B, 0xEF, 0xC0, 0x00, 0x00,
    0x3F, 0x47, 0xD0, 0x00, 0x00, 0x78, 0x01, 0x80, 0x00, 0x00, 0x00, 0x00, 0x00, 0x00, 0x00, 0x00,
    0x68, 0x00, 0x00, 0x00, 0x02, 0xFC, 0x00, 0x00, 0x00, 0x07, 0xFC, 0x00, 0x00, 0x00, 0x0F, 0xFD,
    0x00, 0x00, 0x00, 0x2F, 0xFD, 0x00, 0x00, 0x00, 0x3E, 0xBE, 0x00, 0x00, 0x00, 0xFC, 0x7F, 0x00,
    0x00, 0x01, 0xF4, 0x7F, 0x00, 0x00, 0x03, 0xF0, 0x3F, 0x00, 0x00, 0x0B, 0xD0, 0x3F, 0x40, 0x00,
    0x0F, 0xC0, 0x3F, 0x80, 0x00, 0x2F, 0xFF, 0xFF, 0xC0, 0x00, 0x7F, 0xFF, 0xFF, 0xC0, 0x00, 0xFD,
    0x00, 0x2F, 0xC0, 0x02, 0xF8, 0x00, 0x1F, 0xD0, 0x03, 0xF0, 0x00, 0x1F, 0xE0, 0x2F, 0xFD, 0x00,
    0xFF, 0xFD, 0x7F, 0xFE, 0x02, 0xFF, 0xFD, 0x00, 0x00, 0x02, 0x40, 0x40, 0x00, 0x00, 0x1F, 0xE2,
    0xD0, 0x00, 0x00, 0x3F, 0xFF, 0xC0, 0x00, 0x00, 0x3C, 0x7F, 0x40, 0x00, 0x00, 0x00, 0x04, 0x00,
    0x00, 0x00, 0x00, 0x00, 0x00, 0x00, 0x00, 0x00, 0x68, 0x00, 0x00, 0x00, 0x02, 0xFC, 0x00, 0x00,
    0x00, 0x07, 0xFC, 0x00, 0x00, 0x00, 0x0F, 0xFD, 0x00, 0x00, 0x00, 0x2F, 0xFD, 0x00, 0x00, 0x00,
    0x3E, 0xBE, 0x00, 0x00, 0x00, 0xFC, 0x7F, 0x00, 0x00, 0x01, 0xF4, 0x7F, 0x00, 0x00, 0x03, 0xF0,
    0x3F, 0x00, 0x00, 0x0B, 0xD0, 0x3F, 0x40, 0x00, 0x0F, 0xC0, 0x3F, 0x80, 0x00, 0x2F, 0xFF, 0xFF,
    0xC0, 0x00, 0x7F, 0xFF, 0xFF, 0xC0, 0x00, 0xFD, 0x00, 0x2F, 0xC0, 0x02, 0xF8, 0x00, 0x1F, 0xD0,
    0x03, 0xF0, 0x00, 0x1F, 0xE0, 0x2F, 0xFD, 0x00, 0xFF, 0xFD, 0x7F, 0xFE, 0x02, 0xFF, 0xFD, 0x00,
    0x00, 0x00, 0x00, 0x00, 0x00, 0x00, 0x1F, 0x47, 0xC0, 0x00, 0x00, 0x3F, 0x4F, 0xD0, 0x00, 0x00,
    0x3F, 0x0F, 0xC0, 0x00, 0x00, 0x14, 0x05, 0x00, 0x00, 0x00, 0x00, 0x00, 0x00, 0x00, 0x00, 0x00,
    0x68, 0x00, 0x00, 0x00, 0x02, 0xFC, 0x00, 0x00, 0x00, 0x07, 0xFC, 0x00, 0x00, 0x00, 0x0F, 0xFD,
    0x00, 0x00, 0x00, 0x2F, 0xFD, 0x00, 0x00, 0x00, 0x3E, 0xBE, 0x00, 0x00, 0x00, 0xFC, 0x7F, 0x00,
    0x00, 0x01, 0xF4, 0x7F, 0x00, 0x00, 0x03, 0xF0, 0x3F, 0x00, 0x00, 0x0B, 0xD0, 0x3F, 0x40, 0x00,
    0x0F, 0xC0, 0x3F, 0x80, 0x00, 0x2F, 0xFF, 0xFF, 0xC0, 0x00, 0x7F, 0xFF, 0xFF, 0xC0, 0x00, 0xFD,
    0x00, 0x2F, 0xC0, 0x02, 0xF8, 0x00, 0x1F, 0xD0, 0x03, 0xF0, 0x00, 0x1F, 0xE0, 0x2F, 0xFD, 0x00,
    0xFF, 0xFD, 0x7F, 0xFE, 0x02, 0xFF, 0xFD, 0x00, 0x00, 0x00, 0x64, 0x00, 0x00, 0x00, 0x03, 0xFF,
    0x00, 0x00, 0x00, 0x0F, 0x4F, 0x40, 0x00, 0x00, 0x0F, 0x0B, 0x40, 0x00, 0x00, 0x0F, 0x5F, 0x00,
    0x00, 0x00, 0x07, 0xFD, 0x00, 0x00, 0x00, 0x00, 0x50, 0x00, 0x00, 0x00, 0x00, 0x68, 0x00, 0x00,
    0x00, 0x02, 0xFC, 0x00, 0x00, 0x00, 0x07, 0xFC, 0x00, 0x00, 0x00, 0x0F, 0xFD, 0x00, 0x00, 0x00,
    0x2F, 0xFD, 0x00, 0x00, 0x00, 0x3E, 0xBE, 0x00, 0x00, 0x00, 0xFC, 0x7F, 0x00, 0x00, 0x01, 0xF4,
    0x7F, 0x00, 0x00, 0x03, 0xF0, 0x3F, 0x00, 0x00, 0x0B, 0xD0, 0x3F, 0x40, 0x00, 0x0F, 0xC0, 0x3F,
    0x80, 0x00, 0x2F, 0xFF, 0xFF, 0xC0, 0x00, 0x7F, 0xFF, 0xFF, 0xC0, 0x00, 0xFD, 0x00, 0x2F, 0xC0,
    0x02, 0xF8, 0x00, 0x1F, 0xD0, 0x03, 0xF0, 0x00, 0x1F, 0xE0, 0x2F, 0xFD, 0x00, 0xFF, 0xFD, 0x7F,
    0xFE, 0x02, 0xFF, 0xFD, 0x00, 0x00, 0x01, 0x55, 0x55, 0x55, 0x40, 0x00, 0x00, 0x3F, 0xFF, 0xFF,
    0xFD, 0x00, 0x00, 0x00, 0x7F, 0xFF, 0xFF, 0xC0, 0x00, 0x00, 0x07, 0xFF, 0x00, 0xBC, 0x00, 0x00,
    0x01, 0xF7, 0xF0, 0x07, 0x80, 0x00, 0x00, 0x3E, 0x7E, 0x00, 0x60, 0x00, 0x00, 0x0F, 0xCB, 0xD0,
    0x00, 0x00, 0x00, 0x02, 0xF0, 0xFC, 0x00, 0x00, 0x00, 0x00, 0xBD, 0x0F, 0xFF, 0xF4, 0x00, 0x00,
    0x1F, 0x82, 0xFF, 0xFF, 0x00, 0x00, 0x03, 0xF0, 0x3F, 0x95, 0x50, 0x00, 0x00, 0xFF, 0xFF, 0xF4,
    0x00, 0x00, 0x00, 0x3F, 0xFF, 0xFF, 0x00, 0x04, 0x00, 0x0B, 0xE0, 0x07, 0xF0, 0x03, 0xD0, 0x01,
    0xFC, 0x00, 0xBE, 0x00, 0x7D, 0x00, 0x7F, 0x00, 0x0F, 0xE5, 0x5F, 0xC0, 0x2F, 0xF8, 0x0F, 0xFF,
    0xFF, 0xF8, 0x0B, 0xFF, 0xC1, 0xFF, 0xFF, 0xFF, 0x40, 0x00, 0x00, 0x6B, 0xA0, 0x00, 0x02, 0xFF,
    0xFF, 0xC0, 0x03, 0xFF, 0xFF, 0xF0, 0x03, 0xFE, 0x00, 0xFC, 0x03, 0xFD, 0x00, 0x3E, 0x02, 0xFD,
    0x00, 0x0F, 0x00, 0xFF, 0x00, 0x00, 0x00, 0x7F, 0x40, 0x00, 0x00, 0x3F, 0xC0, 0x00, 0x00, 0x0F,
    0xF0, 0x00, 0x00, 0x03, 0xFC, 0x00, 0x00, 0x00, 0xFF, 0x00, 0x00, 0x00, 0x3F, 0xC0, 0x00, 0x00,
    0x0F, 0xF8, 0x00, 0x0D, 0x02, 0xFF, 0x80, 0x1F, 0x80, 0x3F, 0xFF, 0xFF, 0xC0, 0x07, 0xFF, 0xFF,
    0xD0, 0x00, 0x2F, 0xFF, 0x80, 0x00, 0x00, 0x00, 0x00, 0x00, 0x00, 0x2E, 0x00, 0x00, 0x00, 0x0F,
    0xE0, 0x00, 0x00, 0x00, 0xF8, 0x00, 0x00, 0x00, 0x7C, 0x00, 0x00, 0x00, 0xBD, 0x00, 0x00, 0x00,
    0x24, 0x00, 0x00, 0x00, 0x00, 0x00, 0x00, 0x00, 0x00, 0x00, 0x38, 0x00, 0x00, 0x00, 0x1F, 0xC0,
    0x00, 0x00, 0x03, 0xFD, 0x00, 0x00, 0x00, 0x2F, 0xD0, 0x00, 0x00, 0x00, 0x60, 0x00, 0x00, 0x00,
    0x00, 0x00, 0x01, 0x55, 0x55, 0x54, 0x01, 0xFF, 0xFF, 0xFF, 0x40, 0x2F, 0xFF, 0xFF, 0xD0, 0x02,
    0xFC, 0x01, 0xF0, 0x00, 0xFF, 0x00, 0x7C, 0x00, 0x3F, 0x80, 0x1D, 0x00, 0x1F, 0xD0, 0x00, 0x00,
    0x0B, 0xF0, 0x00, 0x00, 0x02, 0xFF, 0xFF, 0x80, 0x00, 0xFF, 0xFF, 0xD0, 0x00, 0x3F, 0x95, 0x50,
    0x00, 0x1F, 0xD0, 0x00, 0x00, 0x0B, 0xF0, 0x00, 0x40, 0x03, 0xFC, 0x00, 0xB4, 0x00, 0xFE, 0x00,
    0x3D, 0x00, 0x7F, 0x95, 0x7F, 0x01, 0xFF, 0xFF, 0xFF, 0xC0, 0xBF, 0xFF, 0xFF, 0xD0, 0x00, 0x00,
    0x00, 0x00, 0x00, 0x00, 0x00, 0x00, 0x0B, 0x00, 0x00, 0x00, 0x1F, 0xC0, 0x00, 0x00, 0x2F, 0xF0,
    0x00, 0x00, 0x3F, 0xE0, 0x00, 0x00, 0x0A, 0x40, 0x00, 0x00, 0x00, 0x00, 0x00, 0x01, 0x55, 0x55,
    0x54, 0x01, 0xFF, 0xFF, 0xFF, 0x40, 0x2F, 0xFF, 0xFF, 0xD0, 0x02, 0xFC, 0x01, 0xF0, 0x00, 0xFF,
    0x00, 0x7C, 0x00, 0x3F, 0x80, 0x1D, 0x00, 0x1F, 0xD0, 0x00, 0x00, 0x0B, 0xF0, 0x00, 0x00, 0x02,
    0xFF, 0xFF, 0x80, 0x00, 0xFF, 0xFF, 0xD0, 0x00, 0x3F, 0x95, 0x50, 0x00, 0x1F, 0xD0, 0x00, 0x00,
    0x0B, 0xF0, 0x00, 0x40, 0x03, 0xFC, 0x00, 0xB4, 0x00, 0xFE, 0x00, 0x3D, 0x00, 0x7F, 0x95, 0x7F,
    0x01, 0xFF, 0xFF, 0xFF, 0xC0, 0xBF, 0xFF, 0xFF, 0xD0, 0x00, 0x00, 0x00, 0x00, 0x00, 0x00, 0x00,
    0x01, 0xF4, 0x00, 0x00, 0x01, 0xFF, 0x40, 0x00, 0x01, 0xFB, 0xF0, 0x00, 0x02, 0xF8, 0x3E, 0x00,
    0x00, 0xB4, 0x03, 0x40, 0x00, 0x00, 0x00, 0x00, 0x01, 0x55, 0x55, 0x54, 0x01, 0xFF, 0xFF, 0xFF,
    0x40, 0x2F, 0xFF, 0xFF, 0xD0, 0x02, 0xFC, 0x01, 0xF0, 0x00, 0xFF, 0x00, 0x7C, 0x00, 0x3F, 0x80,
    0x1D, 0x00, 0x1F, 0xD0, 0x00, 0x00, 0x0B, 0xF0, 0x00, 0x00, 0x02, 0xFF, 0xFF, 0x80, 0x00, 0xFF,
    0xFF, 0xD0, 0x00, 0x3F, 0x95, 0x50, 0x00, 0x1F, 0xD0, 0x00, 0x00, 0x0B, 0xF0, 0x00, 0x40, 0x03,
    0xFC, 0x00, 0xB4, 0x00, 0xFE, 0x00, 0x3D, 0x00, 0x7F, 0x95, 0x7F, 0x01, 0xFF, 0xFF, 0xFF, 0xC0,
    0xBF, 0xFF, 0xFF, 0xD0, 0x00, 0x00, 0x00, 0x00, 0x00, 0x00, 0x00, 0x3E, 0x0F, 0x80, 0x00, 0x2F,
    0xCB, 0xF0, 0x00, 0x0B, 0xD3, 0xF4, 0x00, 0x00, 0x40, 0x10, 0x00, 0x00, 0x00, 0x00, 0x00, 0x05,
    0x55, 0x55, 0x50, 0x07, 0xFF, 0xFF, 0xFD, 0x00, 0xBF, 0xFF, 0xFF, 0x40, 0x0B, 0xF0, 0x07, 0xC0,
    0x03, 0xFC, 0x01, 0xF0, 0x00, 0xFE, 0x00, 0x74, 0x00, 0x7F, 0x40, 0x00, 0x00, 0x2F, 0xC0, 0x00,
    0x00, 0x0B, 0xFF, 0xFE, 0x00, 0x03, 0xFF, 0xFF, 0x40, 0x00, 0xFE, 0x55, 0x40, 0x00, 0x7F, 0x40,
    0x00, 0x00, 0x2F, 0xC0, 0x01, 0x00, 0x0F, 0xF0, 0x02, 0xD0, 0x03, 0xF8, 0x00, 0xF4, 0x01, 0xFE,
    0x55, 0xFC, 0x07, 0xFF, 0xFF, 0xFF, 0x02, 0xFF, 0xFF, 0xFF, 0x40, 0x00, 0x00, 0x00, 0x00, 0x38,
    0x00, 0x00, 0xBE, 0x00, 0x00, 0x7F, 0xC0, 0x00, 0x0B, 0xF0, 0x00, 0x00, 0x60, 0x00, 0x00, 0x00,
    0x00, 0x55, 0x55, 0x01, 0xFF, 0xFE, 0x00, 0xBF, 0xF8, 0x00, 0x2F, 0xC0, 0x00, 0x3F, 0xC0, 0x00,
    0x3F, 0x80, 0x00, 0x3F, 0x80, 0x00, 0x7F, 0x40, 0x00, 0xBF, 0x00, 0x00, 0xFF, 0x00, 0x00, 0xFE,
    0x00, 0x01, 0xFD, 0x00, 0x02, 0xFD, 0x00, 0x02, 0xFC, 0x00, 0x03, 0xFC, 0x00, 0x07, 0xF8, 0x00,
    0x7F, 0xFF, 0x40, 0xBF, 0xFF, 0x40, 0x00, 0x00, 0x00, 0x00, 0x00, 0x02, 0x80, 0x00, 0x07, 0xF0,
    0x00, 0x0F, 0xFC, 0x00, 0x0F, 0xF4, 0x00, 0x02, 0x40, 0x00, 0x00, 0x00, 0x00, 0x01, 0x55, 0x54,
    0x01, 0xFF, 0xFE, 0x00, 0x2F, 0xFE, 0x00, 0x02, 0xFC, 0x00, 0x00, 0xFF, 0x00, 0x00, 0x3F, 0x80,
    0x00, 0x0F, 0xE0, 0x00, 0x07, 0xF4, 0x00, 0x02, 0xFC, 0x00, 0x00, 0xFF, 0x00, 0x00, 0x3F, 0x80,
    0x00, 0x1F, 0xD0, 0x00, 0x0B, 0xF4, 0x00, 0x02, 0xFC, 0x00, 0x00, 0xFF, 0x00, 0x00, 0x7F, 0x80,
    0x01, 0xFF, 0xFD, 0x00, 0xBF, 0xFF, 0x40, 0x00, 0x00, 0x00, 0x00, 0x00, 0x00, 0xBD, 0x00, 0x00,
    0xBF, 0xC0, 0x00, 0xBE, 0xFC, 0x00, 0xBD, 0x0F, 0x40, 0x3D, 0x01, 0x80, 0x00, 0x00, 0x00, 0x01,
    0x55, 0x54, 0x01, 0xFF, 0xFE, 0x00, 0x2F, 0xFE, 0x00, 0x02, 0xFC, 0x00, 0x00, 0xFF, 0x00, 0x00,
    0x3F, 0x80, 0x00, 0x0F, 0xE0, 0x00, 0x07, 0xF4, 0x00, 0x02, 0xFC, 0x00, 0x00, 0xFF, 0x00, 0x00,
    0x3F, 0x80, 0x00, 0x1F, 0xD0, 0x00, 0x0B, 0xF4, 0x00, 0x02, 0xFC, 0x00, 0x00, 0xFF, 0x00, 0x00,
    0x7F, 0x80, 0x01, 0xFF, 0xFD, 0x00, 0xBF, 0xFF, 0x40, 0x00, 0x00, 0x00, 0x00, 0x00, 0x1F, 0x47,
    0xD0, 0x0F, 0xE3, 0xF8, 0x03, 0xF0, 0xFC, 0x00, 0x10, 0x04, 0x00, 0x00, 0x00, 0x00, 0x05, 0x55,
    0x50, 0x07, 0xFF, 0xF8, 0x00, 0xBF, 0xF8, 0x00, 0x0B, 0xF0, 0x00, 0x03, 0xFC, 0x00, 0x00, 0xFE,
    0x00, 0x00, 0x3F, 0x80, 0x00, 0x1F, 0xD0, 0x00, 0x0B, 0xF0, 0x00, 0x03, 0xFC, 0x00, 0x00, 0xFE,
    0x00, 0x00, 0x7F, 0x40, 0x00, 0x2F, 0xD0, 0x00, 0x0B, 0xF0, 0x00, 0x03, 0xFC, 0x00, 0x01, 0xFE,
    0x00, 0x07, 0xFF, 0xF4, 0x02, 0xFF, 0xFD, 0x00, 0x00, 0x1A, 0xBA, 0x90, 0x00, 0x0B, 0xFF, 0xFF,
    0xF4, 0x00, 0x7F, 0xFF, 0xFF, 0xF8, 0x00, 0x4B, 0xF0, 0x2F, 0xF4, 0x00, 0x3F, 0xC0, 0x2F, 0xF0,
    0x00, 0xFE, 0x00, 0x3F, 0xC0, 0x07, 0xF4, 0x00, 0xBF, 0x40, 0x2F, 0xC0, 0x01, 0xFE, 0x1A, 0xFF,
    0xA8, 0x07, 0xF4, 0xBF, 0xFF, 0xF0, 0x2F, 0xD0, 0x1F, 0xE0, 0x00, 0xBF, 0x00, 0x7F, 0x40, 0x03,
    0xFC, 0x02, 0xFC, 0x00, 0x1F, 0xD0, 0x0F, 0xF0, 0x00, 0xFF, 0x00, 0x3F, 0x80, 0x1F, 0xF0, 0x01,
    0xFF, 0x6B, 0xFF, 0x40, 0x7F, 0xFF, 0xFF, 0xE0, 0x02, 0xFF, 0xFF, 0xE4, 0x00, 0x00, 0x00, 0x00,
    0x00, 0x00, 0x00, 0x00, 0x00, 0x06, 0x40, 0x40, 0x00, 0x00, 0x02, 0xFD, 0x3C, 0x00, 0x00, 0x00,
    0x3F, 0xFF, 0xC0, 0x00, 0x00, 0x03, 0x4B, 0xF0, 0x00, 0x00, 0x00, 0x00, 0x00, 0x00, 0x00, 0x00,
    0x00, 0x00, 0x00, 0x00, 0x00, 0x55, 0x40, 0x01, 0x55, 0x40, 0x1F, 0xFE, 0x00, 0xBF, 0xFD, 0x00,
    0xBF, 0xF0, 0x06, 0xFF, 0x40, 0x02, 0xFF, 0x40, 0x0F, 0xC0, 0x00, 0x3F, 0xFC, 0x00, 0xFC, 0x00,
    0x03, 0xFF, 0xD0, 0x1F, 0x80, 0x00, 0x7F, 0xFE, 0x01, 0xF4, 0x00, 0x07, 0xDF, 0xF0, 0x2F, 0x00,
    0x00, 0xBC, 0x7F, 0x83, 0xF0, 0x00, 0x0F, 0xC3, 0xFC, 0x3F, 0x00, 0x00, 0xFC, 0x1F, 0xE7, 0xE0,
    0x00, 0x1F, 0x80, 0xFF, 0xBD, 0x00, 0x02, 0xF4, 0x0B, 0xFF, 0xC0, 0x00, 0x3F, 0x00, 0x3F, 0xFC,
    0x00, 0x03, 0xF0, 0x02, 0xFF, 0x80, 0x00, 0x7F, 0x00, 0x0F, 0xF8, 0x00, 0x2F, 0xFD, 0x00, 0xFF,
    0x40, 0x0B, 0xFF, 0xD0, 0x07, 0xF0, 0x00, 0x00, 0x00, 0x00, 0x10, 0x00, 0x00, 0x00, 0x00, 0x00,
    0x00, 0x00, 0x00, 0x0E, 0x00, 0x00, 0x00, 0x02, 0xF8, 0x00, 0x00, 0x00, 0x1F, 0xF0, 0x00, 0x00,
    0x00, 0x2F, 0xC0, 0x00, 0x00, 0x00, 0x18, 0x00, 0x00, 0x00, 0x00, 0x00, 0x00, 0x00, 0x06, 0xA9,
    0x00, 0x00, 0x0F, 0xFF, 0xFD, 0x00, 0x07, 0xFF, 0xFF, 0xF4, 0x01, 0xFF, 0x41, 0xFF, 0xC0, 0x7F,
    0xC0, 0x03, 0xFD, 0x0F, 0xF4, 0x00, 0x2F, 0xE1, 0xFF, 0x00, 0x02, 0xFE, 0x2F, 0xD0, 0x00, 0x2F,
    0xE3, 0xFC, 0x00, 0x02, 0xFE, 0x3F, 0xC0, 0x00, 0x2F, 0xE3, 0xFC, 0x00, 0x03, 0xFD, 0x3F, 0xC0,
    0x00, 0x3F, 0xC3, 0xFC, 0x00, 0x0B, 0xF8, 0x3F, 0xD0, 0x01, 0xFF, 0x02, 0xFF, 0x00, 0x7F, 0xD0,
    0x0F, 0xFE, 0xBF, 0xF4, 0x00, 0x7F, 0xFF, 0xFD, 0x00, 0x00, 0xBF, 0xFD, 0x00, 0x00, 0x00, 0x00,
    0x00, 0x00, 0x00, 0x00, 0x00, 0x00, 0x00, 0x00, 0x00, 0x02, 0x80, 0x00, 0x00, 0x01, 0xFC, 0x00,
    0x00, 0x00, 0xFF, 0xC0, 0x00, 0x00, 0x3F, 0xD0, 0x00, 0x00, 0x02, 0x40, 0x00, 0x00, 0x00, 0x00,
    0x00, 0x00, 0x00, 0x06, 0xA9, 0x00, 0x00, 0x0F, 0xFF, 0xFD, 0x00, 0x07, 0xFF, 0xFF, 0xF4, 0x01,
    0xFF, 0x41, 0xFF, 0xC0, 0x7F, 0xC0, 0x03, 0xFD, 0x0F, 0xF4, 0x00, 0x2F, 0xE1, 0xFF, 0x00, 0x02,
    0xFE, 0x2F, 0xD0, 0x00, 0x2F, 0xE3, 0xFC, 0x00, 0x02, 0xFE, 0x3F, 0xC0, 0x00, 0x2F, 0xE3, 0xFC,
    0x00, 0x03, 0xFD, 0x3F, 0xC0, 0x00, 0x3F, 0xC3, 0xFC, 0x00, 0x0B, 0xF8, 0x3F, 0xD0, 0x01, 0xFF,
    0x02, 0xFF, 0x00, 0x7F, 0xD0, 0x0F, 0xFE, 0xBF, 0xF4, 0x00, 0x7F, 0xFF, 0xFD, 0x00, 0x00, 0xBF,
    0xFD, 0x00, 0x00, 0x00, 0x00, 0x00, 0x00, 0x00, 0x00, 0x00, 0x00, 0x00, 0x00, 0x00, 0xBD, 0x00,
    0x00, 0x00, 0x2F, 0xF0, 0x00, 0x00, 0x0B, 0xEF, 0xC0, 0x00, 0x02, 0xF4, 0x3D, 0x00, 0x00, 0x3D,
    0x01, 0x80, 0x00, 0x00, 0x00, 0x00, 0x00, 0x00, 0x06, 0xA9, 0x00, 0x00, 0x0F, 0xFF, 0xFD, 0x00,
    0x07, 0xFF, 0xFF, 0xF4, 0x01, 0xFF, 0x41, 0xFF, 0xC0, 0x7F, 0xC0, 0x03, 0xFD, 0x0F, 0xF4, 0x00,
    0x2F, 0xE1, 0xFF, 0x00, 0x02, 0xFE, 0x2F, 0xD0, 0x00, 0x2F, 0xE3, 0xFC, 0x00, 0x02, 0xFE, 0x3F,
    0xC0, 0x00, 0x2F, 0xE3, 0xFC, 0x00, 0x03, 0xFD, 0x3F, 0xC0, 0x00, 0x3F, 0xC3, 0xFC, 0x00, 0x0B,
    0xF8, 0x3F, 0xD0, 0x01, 0xFF, 0x02, 0xFF, 0x00, 0x7F, 0xD0, 0x0F, 0xFE, 0xBF, 0xF4, 0x00, 0x7F,
    0xFF, 0xFD, 0x00, 0x00, 0xBF, 0xFD, 0x00, 0x00, 0x00, 0x00, 0x00, 0x00, 0x00, 0x00, 0x24, 0x04,
    0x00, 0x00, 0x1F, 0xF2, 0xD0, 0x00, 0x03, 0xFF, 0xFC, 0x00, 0x00, 0x3C, 0x3F, 0x40, 0x00, 0x00,
    0x00, 0x40, 0x00, 0x00, 0x00, 0x00, 0x00, 0x00, 0x00, 0x6A, 0x90, 0x00, 0x00, 0xFF, 0xFF, 0xD0,
    0x00, 0x7F, 0xFF, 0xFF, 0x40, 0x1F, 0xF4, 0x1F, 0xFC, 0x07, 0xFC, 0x00, 0x3F, 0xD0, 0xFF, 0x40,
    0x02, 0xFE, 0x1F, 0xF0, 0x00, 0x2F, 0xE2, 0xFD, 0x00, 0x02, 0xFE, 0x3F, 0xC0, 0x00, 0x2F, 0xE3,
    0xFC, 0x00, 0x02, 0xFE, 0x3F, 0xC0, 0x00, 0x3F, 0xD3, 0xFC, 0x00, 0x03, 0xFC, 0x3F, 0xC0, 0x00,
    0xBF, 0x83, 0xFD, 0x00, 0x1F, 0xF0, 0x2F, 0xF0, 0x07, 0xFD, 0x00, 0xFF, 0xEB, 0xFF, 0x40, 0x07,
    0xFF, 0xFF, 0xD0, 0x00, 0x0B, 0xFF, 0xD0, 0x00, 0x00, 0x00, 0x00, 0x00, 0x00, 0x00, 0x00, 0x00,
    0x00, 0x00, 0x00, 0x1F, 0x47, 0xD0, 0x00, 0x03, 0xF8, 0xFE, 0x00, 0x00, 0x3F, 0x0F, 0xC0, 0x00,
    0x00, 0x40, 0x10, 0x00, 0x00, 0x00, 0x00, 0x00, 0x00, 0x00, 0x6A, 0x90, 0x00, 0x00, 0xFF, 0xFF,
    0xD0, 0x00, 0x7F, 0xFF, 0xFF, 0x40, 0x1F, 0xF4, 0x1F, 0xFC, 0x07, 0xFC, 0x00, 0x3F, 0xD0, 0xFF,
    0x40, 0x02, 0xFE, 0x1F, 0xF0, 0x00, 0x2F, 0xE2, 0xFD, 0x00, 0x02, 0xFE, 0x3F, 0xC0, 0x00, 0x2F,
    0xE3, 0xFC, 0x00, 0x02, 0xFE, 0x3F, 0xC0, 0x00, 0x3F, 0xD3, 0xFC, 0x00, 0x03, 0xFC, 0x3F, 0xC0,
    0x00, 0xBF, 0x83, 0xFD, 0x00, 0x1F, 0xF0, 0x2F, 0xF0, 0x07, 0xFD, 0x00, 0xFF, 0xEB, 0xFF, 0x40,
    0x07, 0xFF, 0xFF, 0xD0, 0x00, 0x0B, 0xFF, 0xD0, 0x00, 0x00, 0x00, 0x00, 0x00, 0x00, 0x04, 0x00,
    0x10, 0xB8, 0x03, 0xD3, 0xF8, 0x3F, 0x83, 0xFB, 0xF8, 0x03, 0xFF, 0x80, 0x07, 0xFC, 0x00, 0x3F,
    0xF8, 0x03, 0xFB, 0xF8, 0x3F, 0x83, 0xF8, 0xF8, 0x03, 0xD0, 0x80, 0x05, 0x00, 0x00, 0x00, 0x00,
    0x00, 0x00, 0x00, 0x00, 0x06, 0xA9, 0x03, 0x80, 0x00, 0x3F, 0xFF, 0xF7, 0xE0, 0x00, 0x7F, 0xFF,
    0xFF, 0xE0, 0x00, 0x7F, 0xD0, 0x7F, 0xF0, 0x00, 0x7F, 0xC0, 0x03, 0xFC, 0x00, 0x3F, 0xC0, 0x03,
    0xFF, 0x80, 0x1F, 0xE0, 0x03, 0xEF, 0xE0, 0x0B, 0xF4, 0x03, 0xD7, 0xF8, 0x03, 0xFC, 0x07, 0xD1,
    0xFE, 0x00, 0xFF, 0x07, 0xD0, 0x7F, 0x80, 0x3F, 0x87, 0xD0, 0x2F, 0xD0, 0x0F, 0xE7, 0xC0, 0x0F,
    0xF0, 0x03, 0xFF, 0xC0, 0x07, 0xF8, 0x00, 0xFF, 0xC0, 0x03, 0xFC, 0x00, 0x2F, 0xF0, 0x07, 0xFD,
    0x00, 0x0B, 0xFF, 0xAF, 0xFD, 0x00, 0x0B, 0xFF, 0xFF, 0xFD, 0x00, 0x07, 0xC2, 0xFF, 0xF4, 0x00,
    0x00, 0x80, 0x00, 0x00, 0x00, 0x00, 0x00, 0x00, 0x00, 0x00, 0x00, 0x00, 0x0E, 0x00, 0x00, 0x00,
    0x00, 0xBF, 0x00, 0x00, 0x00, 0x01, 0xFF, 0x00, 0x00, 0x00, 0x00, 0xBF, 0x00, 0x00, 0x00, 0x00,
    0x18, 0x00, 0x00, 0x00, 0x00, 0x00, 0x00, 0x05, 0x55, 0x40, 0x55, 0x54, 0xBF, 0xFF, 0x03, 0xFF,
    0xF5, 0xFF, 0xF4, 0x0B, 0xFE, 0x40, 0xFF, 0x00, 0x07, 0xF0, 0x03, 0xF8, 0x00, 0x2F, 0x80, 0x1F,
    0xD0, 0x00, 0xFE, 0x00, 0xBF, 0x00, 0x03, 0xF4, 0x03, 0xFC, 0x00, 0x0F, 0xC0, 0x0F, 0xF0, 0x00,
    0x7F, 0x00, 0x3F, 0x80, 0x02, 0xF8, 0x01, 0xFD, 0x00, 0x0F, 0xD0, 0x0B, 0xF0, 0x00, 0x3F, 0x00,
    0x3F, 0xC0, 0x01, 0xFC, 0x00, 0xFF, 0x00, 0x0F, 0xE0, 0x02, 0xFE, 0x00, 0xBF, 0x00, 0x07, 0xFF,
    0xFF, 0xF8, 0x00, 0x0F, 0xFF, 0xFF, 0x80, 0x00, 0x0B, 0xFF, 0xE0, 0x00, 0x00, 0x00, 0x00, 0x00,
    0x00, 0x00, 0x00, 0x00, 0x00, 0x00, 0x00, 0x00, 0x00, 0x02, 0xC0, 0x00, 0x00, 0x00, 0x7F, 0x00,
    0x00, 0x00, 0x0F, 0xFC, 0x00, 0x00, 0x00, 0xFF, 0x80, 0x00, 0x00, 0x02, 0x80, 0x00, 0x00, 0x00,
    0x00, 0x00, 0x00, 0x05, 0x55, 0x40, 0x55, 0x54, 0xBF, 0xFF, 0x03, 0xFF, 0xF5, 0xFF, 0xF4, 0x0B,
    0xFE, 0x40, 0xFF, 0x00, 0x07, 0xF0, 0x03, 0xF8, 0x00, 0x2F, 0x80, 0x1F, 0xD0, 0x00, 0xFE, 0x00,
    0xBF, 0x00, 0x03, 0xF4, 0x03, 0xFC, 0x00, 0x0F, 0xC0, 0x0F, 0xF0, 0x00, 0x7F, 0x00, 0x3F, 0x80,
    0x02, 0xF8, 0x01, 0xFD, 0x00, 0x0F, 0xD0, 0x0B, 0xF0, 0x00, 0x3F, 0x00, 0x3F, 0xC0, 0x01, 0xFC,
    0x00, 0xFF, 0x00, 0x0F, 0xE0, 0x02, 0xFE, 0x00, 0xBF, 0x00, 0x07, 0xFF, 0xFF, 0xF8, 0x00, 0x0F,
    0xFF, 0xFF, 0x80, 0x00, 0x0B, 0xFF, 0xE0, 0x00, 0x00, 0x00, 0x00, 0x00, 0x00, 0x00, 0x00, 0x00,
    0x00, 0x00, 0x00, 0x00, 0x00, 0x7D, 0x00, 0x00, 0x00, 0x07, 0xFC, 0x00, 0x00, 0x00, 0xBE, 0xFC,
    0x00, 0x00, 0x0B, 0xE0, 0xF4, 0x00, 0x00, 0x3D, 0x01, 0x80, 0x00, 0x00, 0x00, 0x00, 0x00, 0x05,
    0x55, 0x40, 0x55, 0x54, 0xBF, 0xFF, 0x03, 0xFF, 0xF5, 0xFF, 0xF4, 0x0B, 0xFE, 0x40, 0xFF, 0x00,
    0x07, 0xF0, 0x03, 0xF8, 0x00, 0x2F, 0x80, 0x1F, 0xD0, 0x00, 0xFE, 0x00, 0xBF, 0x00, 0x03, 0xF4,
    0x03, 0xFC, 0x00, 0x0F, 0xC0, 0x0F, 0xF0, 0x00, 0x7F, 0x00, 0x3F, 0x80, 0x02, 0xF8, 0x01, 0xFD,
    0x00, 0x0F, 0xD0, 0x0B, 0xF0, 0x00, 0x3F, 0x00, 0x3F, 0xC0, 0x01, 0xFC, 0x00, 0xFF, 0x00, 0x0F,
    0xE0, 0x02, 0xFE, 0x00, 0xBF, 0x00, 0x07, 0xFF, 0xFF, 0xF8, 0x00, 0x0F, 0xFF, 0xFF, 0x80, 0x00,
    0x0B, 0xFF, 0xE0, 0x00, 0x00, 0x00, 0x00, 0x00, 0x00, 0x00, 0x00, 0x00, 0x00, 0x00, 0x00, 0x00,
    0x0F, 0x47, 0xD0, 0x00, 0x00, 0xFE, 0x3F, 0x80, 0x00, 0x03, 0xF4, 0xFC, 0x00, 0x00, 0x01, 0x00,
    0x40, 0x00, 0x00, 0x00, 0x00, 0x00, 0x01, 0x55, 0x50, 0x15, 0x55, 0x2F, 0xFF, 0xC0, 0xFF, 0xFD,
    0x7F, 0xFD, 0x02, 0xFF, 0x90, 0x3F, 0xC0, 0x01, 0xFC, 0x00, 0xFE, 0x00, 0x0B, 0xE0, 0x07, 0xF4,
    0x00, 0x3F, 0x80, 0x2F, 0xC0, 0x00, 0xFD, 0x00, 0xFF, 0x00, 0x03, 0xF0, 0x03, 0xFC, 0x00, 0x1F,
    0xC0, 0x0F, 0xE0, 0x00, 0xBE, 0x00, 0x7F, 0x40, 0x03, 0xF4, 0x02, 0xFC, 0x00, 0x0F, 0xC0, 0x0F,
    0xF0, 0x00, 0x7F, 0x00, 0x3F, 0xC0, 0x03, 0xF8, 0x00, 0xBF, 0x80, 0x2F, 0xC0, 0x01, 0xFF, 0xFF,
    0xFE, 0x00, 0x03, 0xFF, 0xFF, 0xE0, 0x00, 0x02, 0xFF, 0xF8, 0x00, 0x00, 0x00, 0x00, 0x00, 0x00,
    0x00, 0x00, 0x00, 0x00, 0x00, 0x00, 0x00, 0x00, 0x1C, 0x00, 0x00, 0x00, 0x0F, 0xD0, 0x00, 0x00,
    0x07, 0xFD, 0x00, 0x00, 0x02, 0xFE, 0x00, 0x00, 0x00, 0x29, 0x00, 0x00, 0x00, 0x00, 0x00, 0x00,
    0x01, 0x55, 0x50, 0x15, 0x54, 0x7F, 0xFF, 0x0F, 0xFF, 0xC3, 0xFF, 0x80, 0x7F, 0xE0, 0x0F, 0xF0,
    0x03, 0xF4, 0x00, 0xBF, 0x00, 0xBE, 0x00, 0x03, 0xF4, 0x0F, 0xC0, 0x00, 0x3F, 0xC3, 0xF0, 0x00,
    0x01, 0xFC, 0xBD, 0x00, 0x00, 0x0F, 0xEF, 0x80, 0x00, 0x00, 0xBF, 0xF0, 0x00, 0x00, 0x07, 0xFC,
    0x00, 0x00, 0x00, 0x3F, 0x80, 0x00, 0x00, 0x07, 0xF4, 0x00, 0x00, 0x00, 0xBF, 0x00, 0x00, 0x00,
    0x0F, 0xF0, 0x00, 0x00, 0x00, 0xFF, 0x00, 0x00, 0x00, 0xFF, 0xFE, 0x00, 0x00, 0x2F, 0xFF, 0xD0,
    0x00, 0x00, 0x00, 0x55, 0x54, 0x00, 0x01, 0xFF, 0xFE, 0x00, 0x00, 0xBF, 0xF4, 0x00, 0x00, 0x2F,
    0xC0, 0x00, 0x00, 0x3F, 0xFF, 0x80, 0x00, 0x3F, 0xFF, 0xF8, 0x00, 0x7F, 0x47, 0xFC, 0x00, 0xBF,
    0x01, 0xFE, 0x00, 0xBF, 0x00, 0xFE, 0x00, 0xFF, 0x00, 0xFD, 0x00, 0xFE, 0x02, 0xFC, 0x01, 0xFD,
    0x0B, 0xF4, 0x02, 0xFE, 0xBF, 0xE0, 0x03, 0xFF, 0xFE, 0x00, 0x03, 0xFE, 0x90, 0x00, 0x07, 0xF8,
    0x00, 0x00, 0x7F, 0xFF, 0x40, 0x00, 0xBF, 0xFF, 0x00, 0x00, 0x00, 0x00, 0x00, 0x05, 0x90, 0x00,
    0x00, 0x00, 0x2F, 0xFF, 0x40, 0x00, 0x00, 0x3F, 0xFF, 0xF0, 0x00, 0x00, 0x2F, 0x80, 0xFC, 0x00,
    0x00, 0x0F, 0xC0, 0x3F, 0x00, 0x00, 0x0B, 0xE0, 0x0F, 0xC0, 0x00, 0x03, 0xF4, 0x0B, 0xC0, 0x00,
    0x00, 0xFC, 0x07, 0xD0, 0x00, 0x00, 0x7F, 0x03, 0xE0, 0x00, 0x00, 0x2F, 0x83, 0xF0, 0x00, 0x00,
    0x0F, 0xD1, 0xFC, 0x00, 0x00, 0x03, 0xF0, 0x7F, 0x80, 0x00, 0x01, 0xFC, 0x0B, 0xF8, 0x00, 0x00,
    0x7F, 0x00, 0xBF, 0x40, 0x00, 0x2F, 0x80, 0x0F, 0xF0, 0x00, 0x0F, 0xD0, 0x01, 0xFC, 0x00, 0x03,
    0xF0, 0xC0, 0x3F, 0x00, 0x01, 0xFC, 0xBE, 0x6F, 0x80, 0x00, 0xBE, 0x3F, 0xFF, 0x80, 0x00, 0x3F,
    0x43, 0xFF, 0x40, 0x00, 0x0F, 0xC0, 0x00, 0x00, 0x00, 0x07, 0xF0, 0x00, 0x00, 0x02, 0x42, 0xF8,
    0x00, 0x00, 0x01, 0xFA, 0xFC, 0x00, 0x00, 0x00, 0x7F, 0xFD, 0x00, 0x00, 0x00, 0x0B, 0xF8, 0x00,
    0x00, 0x00, 0x00, 0x00, 0x06, 0x00, 0x00, 0x00, 0x3D, 0x00, 0x00, 0x00, 0xFC, 0x00, 0x00, 0x02,
    0xFC, 0x00, 0x00, 0x01, 0xF4, 0x00, 0x00, 0x01, 0xD0, 0x00, 0x00, 0x00, 0x00, 0x00, 0x00, 0x40,
    0x00, 0x00, 0x3F, 0xE7, 0xE0, 0x07, 0xFF, 0xFF, 0x40, 0x3F, 0x87, 0xFC, 0x02, 0xFC, 0x0B, 0xE0,
    0x0F, 0xC0, 0x3F, 0x40, 0xBF, 0x00, 0xFC, 0x03, 0xF8, 0x0B, 0xF0, 0x0F, 0xD0, 0x3F, 0xC0, 0x3F,
    0x02, 0xFE, 0x00, 0xFD, 0x2E, 0xF8, 0x83, 0xFE, 0xF7, 0xFF, 0x4F, 0xFF, 0x0F, 0xF8, 0x1F, 0xE0,
    0x3F, 0x80, 0x00, 0x00, 0x00, 0x00, 0x00, 0x00, 0x00, 0x00, 0x00, 0x00, 0x0E, 0x00, 0x00, 0x00,
    0xBC, 0x00, 0x00, 0x07, 0xF0, 0x00, 0x00, 0x3F, 0x00, 0x00, 0x01, 0xF0, 0x00, 0x00, 0x02, 0x00,
    0x00, 0x00, 0x00, 0x00, 0x00, 0x01, 0x00, 0x00, 0x00, 0xFF, 0x9F, 0x80, 0x1F, 0xFF, 0xFD, 0x00,
    0xFE, 0x1F, 0xF0, 0x0B, 0xF0, 0x2F, 0x80, 0x3F, 0x00, 0xFD, 0x02, 0xFC, 0x03, 0xF0, 0x0F, 0xE0,
    0x2F, 0xC0, 0x3F, 0x40, 0xFF, 0x00, 0xFC, 0x0B, 0xF8, 0x03, 0xF4, 0xBB, 0xE2, 0x0F, 0xFB, 0xDF,
    0xFD, 0x3F, 0xFC, 0x3F, 0xE0, 0x7F, 0x80, 0xFE, 0x00, 0x00, 0x00, 0x00, 0x00, 0x00, 0x00, 0x14,
    0x00, 0x00, 0x03, 0xF4, 0x00, 0x00, 0x3F, 0xF0, 0x00, 0x02, 0xF7, 0xD0, 0x00, 0x2F, 0x0B, 0xC0,
    0x00, 0xF0, 0x0D, 0x00, 0x00, 0x00, 0x00, 0x00, 0x00, 0x40, 0x00, 0x00, 0x3F, 0xE7, 0xE0, 0x07,
    0xFF, 0xFF, 0x40, 0x3F, 0x87, 0xFC, 0x02, 0xFC, 0x0B, 0xE0, 0x0F, 0xC0, 0x3F, 0x40, 0xBF, 0x00,
    0xFC, 0x03, 0xF8, 0x0B, 0xF0, 0x0F, 0xD0, 0x3F, 0xC0, 0x3F, 0x02, 0xFE, 0x00, 0xFD, 0x2E, 0xF8,
    0x83, 0xFE, 0xF7, 0xFF, 0x4F, 0xFF, 0x0F, 0xF8, 0x1F, 0xE0, 0x3F, 0x80, 0x00, 0x00, 0x00, 0x00,
    0x00, 0x01, 0x40, 0x40, 0x00, 0x3F, 0xC7, 0x40, 0x03, 0xFF, 0xFC, 0x00, 0x0F, 0x0F, 0xE0, 0x00,
    0x00, 0x04, 0x00, 0x00, 0x00, 0x00, 0x00, 0x00, 0x10, 0x00, 0x00, 0x0F, 0xF9, 0xF8, 0x01, 0xFF,
    0xFF, 0xD0, 0x0F, 0xE1, 0xFF, 0x00, 0xBF, 0x02, 0xF8, 0x03, 0xF0, 0x0F, 0xD0, 0x2F, 0xC0, 0x3F,
    0x00, 0xFE, 0x02, 0xFC, 0x03, 0xF4, 0x0F, 0xF0, 0x0F, 0xC0, 0xBF, 0x80, 0x3F, 0x4B, 0xBE, 0x20,
    0xFF, 0xBD, 0xFF, 0xD3, 0xFF, 0xC3, 0xFE, 0x07, 0xF8, 0x0F, 0xE0, 0x00, 0x00, 0x00, 0x00, 0x00,
    0x00, 0x00, 0x00, 0x00, 0x3D, 0x1F, 0x00, 0x03, 0xF8, 0xFD, 0x00, 0x0F, 0xC3, 0xF0, 0x00, 0x04,
    0x01, 0x00, 0x00, 0x00, 0x00, 0x00, 0x00, 0x10, 0x00, 0x00, 0x0F, 0xF9, 0xF8, 0x01, 0xFF, 0xFF,
    0xD0, 0x0F, 0xE1, 0xFF, 0x00, 0xBF, 0x02, 0xF8, 0x03, 0xF0, 0x0F, 0xD0, 0x2F, 0xC0, 0x3F, 0x00,
    0xFE, 0x02, 0xFC, 0x03, 0xF4, 0x0F, 0xF0, 0x0F, 0xC0, 0xBF, 0x80, 0x3F, 0x4B, 0xBE, 0x20, 0xFF,
    0xBD, 0xFF, 0xD3, 0xFF, 0xC3, 0xFE, 0x07, 0xF8, 0x0F, 0xE0, 0x00, 0x00, 0x00, 0x00, 0x00, 0x00,
    0xBD, 0x00, 0x00, 0x0F, 0xFC, 0x00, 0x00, 0xB0, 0xB4, 0x00, 0x03, 0xC1, 0xD0, 0x00, 0x0F, 0x5F,
    0x00, 0x00, 0x1F, 0xF4, 0x00, 0x00, 0x05, 0x00, 0x00, 0x00, 0x40, 0x00, 0x00, 0x3F, 0xE7, 0xE0,
    0x07, 0xFF, 0xFF, 0x40, 0x3F, 0x87, 0xFC, 0x02, 0xFC, 0x0B, 0xE0, 0x0F, 0xC0, 0x3F, 0x40, 0xBF,
    0x00, 0xFC, 0x03, 0xF8, 0x0B, 0xF0, 0x0F, 0xD0, 0x3F, 0xC0, 0x3F, 0x02, 0xFE, 0x00, 0xFD, 0x2E,
    0xF8, 0x83, 0xFE, 0xF7, 0xFF, 0x4F, 0xFF, 0x0F, 0xF8, 0x1F, 0xE0, 0x3F, 0x80, 0x00, 0x00, 0x00,
    0x00, 0x00, 0x01, 0x40, 0x01, 0x40, 0x00, 0x2F, 0xF9, 0x3F, 0xF4, 0x00, 0xFF, 0xFF, 0xFF, 0xFC,
    0x03, 0xF8, 0x1F, 0xE0, 0xFC, 0x0B, 0xF0, 0x1F, 0xC0, 0xFC, 0x0F, 0xC0, 0x3F, 0x42, 0xF4, 0x2F,
    0xC0, 0x3F, 0x0B, 0xE0, 0x3F, 0x80, 0xBF, 0xBF, 0x40, 0x3F, 0x40, 0xFF, 0xF8, 0x00, 0x3F, 0x03,
    0xFF, 0x40, 0x10, 0x3F, 0x4B, 0xFF, 0x00, 0xF0, 0x3F, 0xEF, 0x7F, 0xAB, 0xF0, 0x3F, 0xFC, 0x3F,
    0xFF, 0xC0, 0x0F, 0xE0, 0x0B, 0xFD, 0x00, 0x00, 0x00, 0x00, 0x00, 0x00, 0x00, 0x00, 0x40, 0x00,
    0x2F, 0xF8, 0x00, 0xFF, 0xFC, 0x03, 0xF9, 0xBC, 0x0F, 0xE0, 0x10, 0x1F, 0xC0, 0x00, 0x2F, 0x80,
    0x00, 0x3F, 0x40, 0x00, 0x3F, 0x40, 0x00, 0x7F, 0x40, 0x00, 0x3F, 0x80, 0xB0, 0x3F, 0xFF, 0xF0,
    0x2F, 0xFF, 0xD0, 0x0B, 0xFE, 0x00, 0x00, 0x00, 0x00, 0x02, 0xE0, 0x00, 0x03, 0xF8, 0x00, 0x00,
    0xB8, 0x00, 0x01, 0xF0, 0x00, 0x0B, 0xD0, 0x00, 0x09, 0x00, 0x00, 0x00, 0x18, 0x00, 0x00, 0x3D,
    0x00, 0x00, 0x3F, 0x00, 0x00, 0x2F, 0xC0, 0x00, 0x07, 0xD0, 0x00, 0x01, 0xD0, 0x00, 0x00, 0x00,
    0x00, 0x00, 0x40, 0x00, 0x2F, 0xF8, 0x00, 0xFF, 0xFC, 0x03, 0xF0, 0xFD, 0x0F, 0xC0, 0xFC, 0x1F,
    0x81, 0xF8, 0x2F, 0x0B, 0xE0, 0x3F, 0xBF, 0x80, 0x3F, 0xF8, 0x00, 0x7F, 0x40, 0x10, 0x3F, 0x00,
    0xB4, 0x3F, 0xEB, 0xF4, 0x2F, 0xFF, 0xD0, 0x0B, 0xFE, 0x00, 0x00, 0x00, 0x00, 0x00, 0x00, 0x00,
    0x00, 0x00, 0x03, 0x80, 0x00, 0x02, 0xF0, 0x00, 0x01, 0xFC, 0x00, 0x00, 0xFC, 0x00, 0x00, 0x7C,
    0x00, 0x00, 0x08, 0x00, 0x00, 0x00, 0x00, 0x00, 0x00, 0x40, 0x00, 0x0B, 0xFE, 0x00, 0x0F, 0xFF,
    0xC0, 0x0F, 0xC3, 0xF4, 0x0F, 0xC0, 0xFC, 0x07, 0xE0, 0x7E, 0x02, 0xF0, 0xBE, 0x00, 0xFE, 0xFE,
    0x00, 0x3F, 0xF8, 0x00, 0x1F, 0xD0, 0x04, 0x03, 0xF0, 0x0B, 0x40, 0xFF, 0xAF, 0xD0, 0x2F, 0xFF,
    0xD0, 0x02, 0xFF, 0x80, 0x00, 0x00, 0x00, 0x00, 0x00, 0x00, 0x50, 0x00, 0x03, 0xF4, 0x00, 0x0F,
    0xFC, 0x00, 0x2F, 0x7D, 0x00, 0xBC, 0x2F, 0x00, 0xF0, 0x0D, 0x00, 0x00, 0x00, 0x00, 0x00, 0x40,
    0x00, 0x2F, 0xF8, 0x00, 0xFF, 0xFC, 0x03, 0xF0, 0xFD, 0x0F, 0xC0, 0xFC, 0x1F, 0x81, 0xF8, 0x2F,
    0x0B, 0xE0, 0x3F, 0xBF, 0x80, 0x3F, 0xF8, 0x00, 0x7F, 0x40, 0x10, 0x3F, 0x00, 0xB4, 0x3F, 0xEB,
    0xF4, 0x2F, 0xFF, 0xD0, 0x0B, 0xFE, 0x00, 0x00, 0x00, 0x00, 0x00, 0x00, 0x00, 0x00, 0x0F, 0x47,
    0xC0, 0x0F, 0xE3, 0xF4, 0x03, 0xF0, 0xFC, 0x00, 0x10, 0x04, 0x00, 0x00, 0x00, 0x00, 0x00, 0x04,
    0x00, 0x00, 0xBF, 0xE0, 0x00, 0xFF, 0xFC, 0x00, 0xFC, 0x3F, 0x40, 0xFC, 0x0F, 0xC0, 0x7E, 0x07,
    0xE0, 0x2F, 0x0B, 0xE0, 0x0F, 0xEF, 0xE0, 0x03, 0xFF, 0x80, 0x01, 0xFD, 0x00, 0x40, 0x3F, 0x00,
    0xB4, 0x0F, 0xFA, 0xFD, 0x02, 0xFF, 0xFD, 0x00, 0x2F, 0xF8, 0x00, 0x00, 0x00, 0x00, 0x00, 0x01,
    0x80, 0x03, 0xD0, 0x07, 0xF0, 0x02, 0xF8, 0x00, 0xBD, 0x00, 0x1D, 0x00, 0x00, 0x00, 0x10, 0x1F,
    0xF8, 0x3F, 0xF8, 0x03, 0xF4, 0x03, 0xF0, 0x07, 0xF0, 0x0B, 0xE0, 0x0F, 0xD0, 0x0F, 0xC0, 0x1F,
    0xC0, 0x2F, 0x88, 0x3F, 0xFD, 0x3F, 0xFC, 0x2F, 0xE0, 0x00, 0x00, 0x00, 0x00, 0x00, 0x00, 0x03,
    0x80, 0x00, 0x3F, 0x00, 0x01, 0xFC, 0x00, 0x0F, 0xC0, 0x00, 0xBC, 0x00, 0x00, 0x80, 0x00, 0x00,
    0x00, 0x00, 0x10, 0x00, 0x7F, 0xE0, 0x03, 0xFF, 0x80, 0x00, 0xFD, 0x00, 0x03, 0xF0, 0x00, 0x1F,
    0xC0, 0x00, 0xBE, 0x00, 0x03, 0xF4, 0x00, 0x0F, 0xC0, 0x00, 0x7F, 0x00, 0x02, 0xF8, 0x80, 0x0F,
    0xFF, 0x40, 0x3F, 0xFC, 0x00, 0xBF, 0x80, 0x00, 0x00, 0x00, 0x00, 0x00, 0x05, 0x00, 0x03, 0xF4,
    0x00, 0xFF, 0xC0, 0x2F, 0x7D, 0x0B, 0xC2, 0xE0, 0xF0, 0x0D, 0x00, 0x00, 0x00, 0x01, 0x00, 0x1F,
    0xF8, 0x03, 0xFF, 0x80, 0x03, 0xF4, 0x00, 0x3F, 0x00, 0x07, 0xF0, 0x00, 0xBE, 0x00, 0x0F, 0xD0,
    0x00, 0xFC, 0x00, 0x1F, 0xC0, 0x02, 0xF8, 0x80, 0x3F, 0xFD, 0x03, 0xFF, 0xC0, 0x2F, 0xE0, 0x00,
    0x00, 0x00, 0x00, 0x00, 0x00, 0x1F, 0x47, 0xC0, 0xFE, 0x3F, 0x43, 0xF0, 0xFC, 0x01, 0x00, 0x40,
    0x00, 0x00, 0x00, 0x01, 0x00, 0x07, 0xFE, 0x00, 0x3F, 0xF8, 0x00, 0x0F, 0xD0, 0x00, 0x3F, 0x00,
    0x01, 0xFC, 0x00, 0x0B, 0xE0, 0x00, 0x3F, 0x40, 0x00, 0xFC, 0x00, 0x07, 0xF0, 0x00, 0x2F, 0x88,
    0x00, 0xFF, 0xF4, 0x03, 0xFF, 0xC0, 0x0B, 0xF8, 0x00, 0x00, 0x00, 0x00, 0x00, 0x00, 0x00, 0x00,
    0x00, 0x74, 0x30, 0x00, 0x1F, 0xEF, 0x40, 0x00, 0x7F, 0xC0, 0x00, 0x07, 0xFC, 0x00, 0x01, 0xFF,
    0xE0, 0x00, 0x08, 0x3F, 0x00, 0x00, 0x02, 0xF4, 0x00, 0x2F, 0xFF, 0x80, 0x0F, 0xFF, 0xFC, 0x03,
    0xFE, 0xBF, 0xC0, 0xFF, 0x02, 0xFC, 0x1F, 0xC0, 0x1F, 0xC3, 0xF8, 0x01, 0xFC, 0x3F, 0x40, 0x2F,
    0x83, 0xF0, 0x03, 0xF4, 0x7F, 0x00, 0x7F, 0x03, 0xF4, 0x0F, 0xD0, 0x3F, 0xEB, 0xF8, 0x01, 0xFF,
    0xFF, 0x00, 0x07, 0xFF, 0x80, 0x00, 0x00, 0x00, 0x00, 0x00, 0x02, 0x40, 0x40, 0x00, 0x7F, 0xCB,
    0x40, 0x03, 0xFF, 0xFC, 0x00, 0x0F, 0x0F, 0xD0, 0x00, 0x00, 0x04, 0x00, 0x00, 0x00, 0x00, 0x00,
    0x01, 0x00, 0x10, 0x07, 0xFD, 0x0F, 0xF0, 0x3F, 0xF9, 0xFF, 0xE0, 0x0F, 0xEF, 0xBF, 0x80, 0x3F,
    0xF0, 0xBE, 0x00, 0xFF, 0x43, 0xF4, 0x07, 0xF8, 0x0F, 0xC0, 0x2F, 0xC0, 0x7F, 0x00, 0xFE, 0x03,
    0xF8, 0x03, 0xF4, 0x0F, 0xD0, 0x1F, 0xC0, 0x7F, 0x14, 0x7F, 0x01, 0xFF, 0xE2, 0xFC, 0x0B, 0xFF,
    0x4F, 0xD0, 0x0F, 0xE0, 0x00, 0x00, 0x00, 0x00, 0x00, 0x02, 0x00, 0x00, 0x03, 0xD0, 0x00, 0x00,
    0xFC, 0x00, 0x00, 0x2F, 0xC0, 0x00, 0x01, 0xF8, 0x00, 0x00, 0x0D, 0x00, 0x00, 0x00, 0x00, 0x00,
    0x05, 0x00, 0x00, 0x2F, 0xFD, 0x00, 0x7F, 0xFF, 0xC0, 0x7F, 0x87, 0xF8, 0x3F, 0x80, 0xFF, 0x1F,
    0xC0, 0x2F, 0xCF, 0xE0, 0x0B, 0xF3, 0xF4, 0x03, 0xF8, 0xFD, 0x00, 0xFD, 0x7F, 0x40, 0x7F, 0x0F,
    0xD0, 0x3F, 0x43, 0xFD, 0x7F, 0xC0, 0x7F, 0xFF, 0x80, 0x07, 0xFF, 0x40, 0x00, 0x00, 0x00, 0x00,
    0x00, 0x00, 0x00, 0x00, 0x00, 0x00, 0x38, 0x00, 0x00, 0x0B, 0xC0, 0x00, 0x01, 0xFC, 0x00, 0x00,
    0x3F, 0x00, 0x00, 0x07, 0xC0, 0x00, 0x00, 0x20, 0x00, 0x00, 0x00, 0x00, 0x00, 0x01, 0x40, 0x00,
    0x02, 0xFF, 0xD0, 0x01, 0xFF, 0xFF, 0x00, 0x7F, 0x87, 0xF8, 0x0F, 0xE0, 0x3F, 0xC1, 0xFC, 0x02,
    0xFC, 0x3F, 0x80, 0x2F, 0xC3, 0xF4, 0x03, 0xF8, 0x3F, 0x40, 0x3F, 0x47, 0xF4, 0x07, 0xF0, 0x3F,
    0x40, 0xFD, 0x03, 0xFD, 0x7F, 0xC0, 0x1F, 0xFF, 0xE0, 0x00, 0x7F, 0xF4, 0x00, 0x00, 0x00, 0x00,
    0x00, 0x00, 0x00, 0x14, 0x00, 0x00, 0x3F, 0x40, 0x00, 0x2F, 0xF0, 0x00, 0x2F, 0x7D, 0x00, 0x1F,
    0x07, 0xC0, 0x0F, 0x40, 0xE0, 0x00, 0x00, 0x00, 0x00, 0x05, 0x00, 0x00, 0x2F, 0xFD, 0x00, 0x7F,
    0xFF, 0xC0, 0x7F, 0x87, 0xF8, 0x3F, 0x80, 0xFF, 0x1F, 0xC0, 0x2F, 0xCF, 0xE0, 0x0B, 0xF3, 0xF4,
    0x03, 0xF8, 0xFD, 0x00, 0xFD, 0x7F, 0x40, 0x7F, 0x0F, 0xD0, 0x3F, 0x43, 0xFD, 0x7F, 0xC0, 0x7F,
    0xFF, 0x80, 0x07, 0xFF, 0x40, 0x00, 0x00, 0x00, 0x00, 0x00, 0x01, 0x40, 0x40, 0x00, 0xFF, 0x1E,
    0x00, 0x2F, 0xFF, 0xD0, 0x02, 0xC3, 0xF8, 0x00, 0x00, 0x04, 0x00, 0x00, 0x00, 0x00, 0x00, 0x01,
    0x40, 0x00, 0x02, 0xFF, 0xD0, 0x01, 0xFF, 0xFF, 0x00, 0x7F, 0x87, 0xF8, 0x0F, 0xE0, 0x3F, 0xC1,
    0xFC, 0x02, 0xFC, 0x3F, 0x80, 0x2F, 0xC3, 0xF4, 0x03, 0xF8, 0x3F, 0x40, 0x3F, 0x47, 0xF4, 0x07,
    0xF0, 0x3F, 0x40, 0xFD, 0x03, 0xFD, 0x7F, 0xC0, 0x1F, 0xFF, 0xE0, 0x00, 0x7F, 0xF4, 0x00, 0x00,
    0x00, 0x00, 0x00, 0x00, 0x00, 0x00, 0x00, 0x00, 0xF4, 0x7D, 0x00, 0x2F, 0x8F, 0xD0, 0x02, 0xF0,
    0xFC, 0x00, 0x04, 0x01, 0x00, 0x00, 0x00, 0x00, 0x00, 0x01, 0x40, 0x00, 0x02, 0xFF, 0xD0, 0x01,
    0xFF, 0xFF, 0x00, 0x7F, 0x87, 0xF8, 0x0F, 0xE0, 0x3F, 0xC1, 0xFC, 0x02, 0xFC, 0x3F, 0x80, 0x2F,
    0xC3, 0xF4, 0x03, 0xF8, 0x3F, 0x40, 0x3F, 0x47, 0xF4, 0x07, 0xF0, 0x3F, 0x40, 0xFD, 0x03, 0xFD,
    0x7F, 0xC0, 0x1F, 0xFF, 0xE0, 0x00, 0x7F, 0xF4, 0x00, 0x00, 0x00, 0x00, 0x00, 0x00, 0x00, 0x00,
    0x00, 0xBD, 0x00, 0x00, 0xFE, 0x00, 0x00, 0xFD, 0x00, 0x00, 0x10, 0x00, 0x6A, 0xAA, 0xA8, 0xBF,
    0xFF, 0xFD, 0x6A, 0xAA, 0xA8, 0x00, 0x00, 0x00, 0x00, 0xBC, 0x00, 0x00, 0xFE, 0x00, 0x00, 0xFD,
    0x00, 0x00, 0x10, 0x00, 0x00, 0x00, 0x14, 0x01, 0x00, 0x00, 0xBF, 0xF2, 0xD0, 0x01, 0xFF, 0xFF,
    0xE0, 0x01, 0xFE, 0x1F, 0xE0, 0x00, 0xFD, 0x03, 0xFC, 0x00, 0x7F, 0x03, 0xFF, 0x00, 0x3F, 0x43,
    0xEF, 0xC0, 0x0F, 0xC7, 0xCB, 0xE0, 0x03, 0xFB, 0xC3, 0xF4, 0x01, 0xFF, 0x81, 0xFC, 0x00, 0x3F,
    0x80, 0xFD, 0x00, 0x0F, 0xF1, 0xFF, 0x00, 0x0F, 0xFF, 0xFE, 0x00, 0x0F, 0x1F, 0xFD, 0x00, 0x01,
    0x00, 0x00, 0x00, 0x00, 0x00, 0x05, 0x00, 0x00, 0x00, 0x3C, 0x00, 0x00, 0x01, 0xFC, 0x00, 0x00,
    0x03, 0xF8, 0x00, 0x00, 0x02, 0xF4, 0x00, 0x00, 0x01, 0xC0, 0x00, 0x00, 0x00, 0x00, 0x00, 0x10,
    0x00, 0x00, 0x2F, 0xF4, 0x07, 0xF1, 0xFF, 0xE0, 0x3F, 0x80, 0x3F, 0x40, 0xFD, 0x00, 0xFC, 0x03,
    0xF0, 0x07, 0xF0, 0x1F, 0xC0, 0x2F, 0x80, 0xFE, 0x00, 0xFD, 0x03, 0xF4, 0x03, 0xF0, 0x2F, 0xC0,
    0x1F, 0xC1, 0xFF, 0x00, 0xBE, 0x1F, 0xFC, 0x63, 0xFE, 0xF3, 0xFF, 0xCF, 0xFF, 0x0F, 0xFC, 0x1F,
    0xF0, 0x2F, 0x80, 0x00, 0x00, 0x00, 0x00, 0x00, 0x00, 0x00, 0x00, 0x00, 0x00, 0x1D, 0x00, 0x00,
    0x00, 0xFC, 0x00, 0x00, 0x0B, 0xE0, 0x00, 0x00, 0x3F, 0x00, 0x00, 0x02, 0xF0, 0x00, 0x00, 0x06,
    0x00, 0x00, 0x00, 0x00, 0x00, 0x00, 0x40, 0x00, 0x00, 0xBF, 0xD0, 0x1F, 0xC7, 0xFF, 0x80, 0xFE,
    0x00, 0xFD, 0x03, 0xF4, 0x03, 0xF0, 0x0F, 0xC0, 0x1F, 0xC0, 0x7F, 0x00, 0xBE, 0x03, 0xF8, 0x03,
    0xF4, 0x0F, 0xD0, 0x0F, 0xC0, 0xBF, 0x00, 0x7F, 0x07, 0xFC, 0x02, 0xF8, 0x7F, 0xF1, 0x8F, 0xFB,
    0xCF, 0xFF, 0x3F, 0xFC, 0x3F, 0xF0, 0x7F, 0xC0, 0xBE, 0x00, 0x00, 0x00, 0x00, 0x00, 0x00, 0x00,
    0x14, 0x00, 0x00, 0x03, 0xF0, 0x00, 0x00, 0x3F, 0xF0, 0x00, 0x03, 0xF7, 0xC0, 0x00, 0x2F, 0x0B,
    0x80, 0x01, 0xF0, 0x0D, 0x00, 0x00, 0x00, 0x00, 0x00, 0x10, 0x00, 0x00, 0x2F, 0xF4, 0x07, 0xF1,
    0xFF, 0xE0, 0x3F, 0x80, 0x3F, 0x40, 0xFD, 0x00, 0xFC, 0x03, 0xF0, 0x07, 0xF0, 0x1F, 0xC0, 0x2F,
    0x80, 0xFE, 0x00, 0xFD, 0x03, 0xF4, 0x03, 0xF0, 0x2F, 0xC0, 0x1F, 0xC1, 0xFF, 0x00, 0xBE, 0x1F,
    0xFC, 0x63, 0xFE, 0xF3, 0xFF, 0xCF, 0xFF, 0x0F, 0xFC, 0x1F, 0xF0, 0x2F, 0x80, 0x00, 0x00, 0x00,
    0x00, 0x00, 0x00, 0x00, 0x00, 0x00, 0x7C, 0x2F, 0x00, 0x03, 0xF4, 0xFC, 0x00, 0x0F, 0xC3, 0xE0,
    0x00, 0x04, 0x00, 0x00, 0x00, 0x00, 0x00, 0x00, 0x04, 0x00, 0x00, 0x0B, 0xFD, 0x01, 0xFC, 0x7F,
    0xF8, 0x0F, 0xE0, 0x0F, 0xD0, 0x3F, 0x40, 0x3F, 0x00, 0xFC, 0x01, 0xFC, 0x07, 0xF0, 0x0B, 0xE0,
    0x3F, 0x80, 0x3F, 0x40, 0xFD, 0x00, 0xFC, 0x0B, 0xF0, 0x07, 0xF0, 0x7F, 0xC0, 0x2F, 0x87, 0xFF,
    0x18, 0xFF, 0xBC, 0xFF, 0xF3, 0xFF, 0xC3, 0xFF, 0x07, 0xFC, 0x0B, 0xE0, 0x00, 0x00, 0x00, 0x00,
    0x00, 0x00, 0x00, 0x00, 0x00, 0x00, 0x00, 0x0F, 0x00, 0x00, 0x00, 0x07, 0xD0, 0x00, 0x00, 0x03,
    0xF0, 0x00, 0x00, 0x02, 0xF4, 0x00, 0x00, 0x00, 0xF4, 0x00, 0x00, 0x00, 0x20, 0x00, 0x00, 0x00,
    0x00, 0x00, 0x00, 0x00, 0x00, 0x04, 0x00, 0x0B, 0xF4, 0x1F, 0xD0, 0x0B, 0xFF, 0x03, 0xF8, 0x00,
    0x2F, 0xC0, 0xFE, 0x00, 0x03, 0xF4, 0x2F, 0x80, 0x00, 0xFD, 0x0F, 0xD0, 0x00, 0x2F, 0x83, 0xF0,
    0x00, 0x07, 0xE1, 0xF4, 0x00, 0x01, 0xF8, 0xBC, 0x00, 0x00, 0x3F, 0x3D, 0x00, 0x00, 0x0F, 0xEF,
    0x00, 0x00, 0x03, 0xFF, 0x00, 0x00, 0x00, 0xFF, 0x40, 0x00, 0x00, 0x3F, 0x80, 0x00, 0x00, 0x1F,
    0xC0, 0x00, 0x00, 0x0F, 0xC0, 0x00, 0x38, 0x1F, 0xC0, 0x00, 0x1F, 0xFF, 0xC0, 0x00, 0x07, 0xFF,
    0x80, 0x00, 0x00, 0xBE, 0x00, 0x00, 0x00, 0x00, 0x00, 0x50, 0x00, 0x00, 0x0B, 0xFE, 0x00, 0x00,
    0x07, 0xFF, 0x80, 0x00, 0x00, 0x0F, 0xD0, 0x00, 0x00, 0x03, 0xF0, 0x00, 0x00, 0x01, 0xFC, 0x00,
    0x00, 0x00, 0xBD, 0x01, 0x00, 0x00, 0x3F, 0x0F, 0xF4, 0x00, 0x0F, 0xCF, 0xFF, 0x00, 0x07, 0xEF,
    0xBF, 0xC0, 0x02, 0xFF, 0x47, 0xF0, 0x00, 0xFF, 0x41, 0xFC, 0x00, 0x3F, 0xC0, 0x7F, 0x00, 0x0F,
    0xD0, 0x2F, 0x80, 0x07, 0xF0, 0x0F, 0xD0, 0x02, 0xF8, 0x07, 0xF0, 0x00, 0xFD, 0x03, 0xF4, 0x00,
    0x3F, 0xD7, 0xFC, 0x00, 0x1F, 0xFF, 0xFC, 0x00, 0x0B, 0xFF, 0xF8, 0x00, 0x02, 0xF8, 0x00, 0x00,
    0x00, 0xFD, 0x00, 0x00, 0x00, 0x3F, 0x00, 0x00, 0x00, 0x2F, 0xE4, 0x00, 0x00, 0x3F, 0xFF, 0x80,
    0x00, 0x0A, 0xAA, 0x80, 0x00, 0x00, 0x00, 0x00, 0x00, 0x00, 0x00, 0x00, 0x2E, 0x0F, 0x40, 0x00,
    0x1F, 0xCB, 0xE0, 0x00, 0x0B, 0xD2, 0xF0, 0x00, 0x00, 0x40, 0x10, 0x00, 0x00, 0x00, 0x00, 0x00,
    0x00, 0x00, 0x00, 0x40, 0x00, 0xBF, 0x41, 0xFD, 0x00, 0xBF, 0xF0, 0x3F, 0x80, 0x02, 0xFC, 0x0F,
    0xE0, 0x00, 0x3F, 0x42, 0xF8, 0x00, 0x0F, 0xD0, 0xFD, 0x00, 0x02, 0xF8, 0x3F, 0x00, 0x00, 0x7E,
    0x1F, 0x40, 0x00, 0x1F, 0x8B, 0xC0, 0x00, 0x03, 0xF3, 0xD0, 0x00, 0x00, 0xFE, 0xF0, 0x00, 0x00,
    0x3F, 0xF0, 0x00, 0x00, 0x0F, 0xF4, 0x00, 0x00, 0x03, 0xF8, 0x00, 0x00, 0x01, 0xFC, 0x00, 0x00,
    0x00, 0xFC, 0x00, 0x03, 0x81, 0xFC, 0x00, 0x01, 0xFF, 0xFC, 0x00, 0x00, 0x7F, 0xF8, 0x00, 0x00,
    0x0B, 0xE0, 0x00, 0x00, 0x00, 0x00, 0x00, 0x05, 0x55, 0x40, 0x00, 0x00, 0x2F, 0xFF, 0xC0, 0x00,
    0x00, 0x3F, 0xFF, 0xC0, 0x00, 0x00, 0x00, 0x00, 0x00, 0x00, 0x00, 0x00, 0x00, 0x00, 0x00, 0x00,
    0x00, 0x68, 0x00, 0x00, 0x00, 0x02, 0xFC, 0x00, 0x00, 0x00, 0x07, 0xFC, 0x00, 0x00, 0x00, 0x0F,
    0xFD, 0x00, 0x00, 0x00, 0x2F, 0xFD, 0x00, 0x00, 0x00, 0x3E, 0xBE, 0x00, 0x00, 0x00, 0xFC, 0x7F,
    0x00, 0x00, 0x01, 0xF4, 0x7F, 0x00, 0x00, 0x03, 0xF0, 0x3F, 0x00, 0x00, 0x0B, 0xD0, 0x3F, 0x40,
    0x00, 0x0F, 0xC0, 0x3F, 0x80, 0x00, 0x2F, 0xFF, 0xFF, 0xC0, 0x00, 0x7F, 0xFF, 0xFF, 0xC0, 0x00,
    0xFD, 0x00, 0x2F, 0xC0, 0x02, 0xF8, 0x00, 0x1F, 0xD0, 0x03, 0xF0, 0x00, 0x1F, 0xE0, 0x2F, 0xFD,
    0x00, 0xFF, 0xFD, 0x7F, 0xFE, 0x02, 0xFF, 0xFD, 0x00, 0x1F, 0xFF, 0xC0, 0x00, 0xFF, 0xFF, 0x00,
    0x00, 0x55, 0x54, 0x00, 0x00, 0x00, 0x00, 0x00, 0x01, 0x00, 0x00, 0x00, 0xFF, 0x9F, 0x80, 0x1F,
    0xFF, 0xFD, 0x00, 0xFE, 0x1F, 0xF0, 0x0B, 0xF0, 0x2F, 0x80, 0x3F, 0x00, 0xFD, 0x02, 0xFC, 0x03,
    0xF0, 0x0F, 0xE0, 0x2F, 0xC0, 0x3F, 0x40, 0xFF, 0x00, 0xFC, 0x0B, 0xF8, 0x03, 0xF4, 0xBB, 0xE2,
    0x0F, 0xFB, 0xDF, 0xFD, 0x3F, 0xFC, 0x3F, 0xE0, 0x7F, 0x80, 0xFE, 0x00, 0x00, 0x00, 0x00, 0x00,
    0x00, 0x00, 0x08, 0x00, 0x40, 0x00, 0x00, 0x2E, 0x01, 0xC0, 0x00, 0x00, 0x2F, 0xEF, 0x80, 0x00,
    0x00, 0x0F, 0xFE, 0x00, 0x00, 0x00, 0x01, 0x50, 0x00, 0x00, 0x00, 0x00, 0x00, 0x00, 0x00, 0x00,
    0x00, 0x68, 0x00, 0x00, 0x00, 0x02, 0xFC, 0x00, 0x00, 0x00, 0x07, 0xFC, 0x00, 0x00, 0x00, 0x0F,
    0xFD, 0x00, 0x00, 0x00, 0x2F, 0xFD, 0x00, 0x00, 0x00, 0x3E, 0xBE, 0x00, 0x00, 0x00, 0xFC, 0x7F,
    0x00, 0x00, 0x01, 0xF4, 0x7F, 0x00, 0x00, 0x03, 0xF0, 0x3F, 0x00, 0x00, 0x0B, 0xD0, 0x3F, 0x40,
    0x00, 0x0F, 0xC0, 0x3F, 0x80, 0x00, 0x2F, 0xFF, 0xFF, 0xC0, 0x00, 0x7F, 0xFF, 0xFF, 0xC0, 0x00,
    0xFD, 0x00, 0x2F, 0xC0, 0x02, 0xF8, 0x00, 0x1F, 0xD0, 0x03, 0xF0, 0x00, 0x1F, 0xE0, 0x2F, 0xFD,
    0x00, 0xFF, 0xFD, 0x7F, 0xFE, 0x02, 0xFF, 0xFD, 0x00, 0x04, 0x00, 0x00, 0x00, 0x78, 0x03, 0x00,
    0x02, 0xF9, 0xBC, 0x00, 0x03, 0xFF, 0xC0, 0x00, 0x02, 0xE8, 0x00, 0x00, 0x00, 0x00, 0x00, 0x00,
    0x10, 0x00, 0x00, 0x0F, 0xF9, 0xF8, 0x01, 0xFF, 0xFF, 0xD0, 0x0F, 0xE1, 0xFF, 0x00, 0xBF, 0x02,
    0xF8, 0x03, 0xF0, 0x0F, 0xD0, 0x2F, 0xC0, 0x3F, 0x00, 0xFE, 0x02, 0xFC, 0x03, 0xF4, 0x0F, 0xF0,
    0x0F, 0xC0, 0xBF, 0x80, 0x3F, 0x4B, 0xBE, 0x20, 0xFF, 0xBD, 0xFF, 0xD3, 0xFF, 0xC3, 0xFE, 0x07,
    0xF8, 0x0F, 0xE0, 0x00, 0x00, 0x00, 0x00, 0x00, 0x00, 0x00, 0x68, 0x00, 0x00, 0x00, 0x02, 0xFC,
    0x00, 0x00, 0x00, 0x07, 0xFC, 0x00, 0x00, 0x00, 0x0F, 0xFD, 0x00, 0x00, 0x00, 0x2F, 0xFD, 0x00,
    0x00, 0x00, 0x3E, 0xBE, 0x00, 0x00, 0x00, 0xFC, 0x7F, 0x00, 0x00, 0x01, 0xF4, 0x7F, 0x00, 0x00,
    0x03, 0xF0, 0x3F, 0x00, 0x00, 0x0B, 0xD0, 0x3F, 0x40, 0x00, 0x0F, 0xC0, 0x3F, 0x80, 0x00, 0x2F,
    0xFF, 0xFF, 0xC0, 0x00, 0x7F, 0xFF, 0xFF, 0xC0, 0x00, 0xFD, 0x00, 0x2F, 0xC0, 0x02, 0xF8, 0x00,
    0x1F, 0xD0, 0x03, 0xF0, 0x00, 0x1F, 0xE0, 0x2F, 0xFD, 0x00, 0xFF, 0xFD, 0x7F, 0xFE, 0x02, 0xFF,
    0xFD, 0x00, 0x00, 0x00, 0x0B, 0x40, 0x00, 0x00, 0x00, 0x3D, 0x00, 0x00, 0x00, 0x00, 0xBC, 0x00,
    0x00, 0x00, 0x00, 0xBF, 0xA0, 0x00, 0x00, 0x00, 0x3F, 0xD0, 0x00, 0x00, 0x00, 0x01, 0x00, 0x00,
    0x01, 0x00, 0x00, 0x00, 0xFF, 0x9F, 0x80, 0x1F, 0xFF, 0xFD, 0x00, 0xFE, 0x1F, 0xF0, 0x0B, 0xF0,
    0x2F, 0x80, 0x3F, 0x00, 0xFD, 0x02, 0xFC, 0x03, 0xF0, 0x0F, 0xE0, 0x2F, 0xC0, 0x3F, 0x40, 0xFF,
    0x00, 0xFC, 0x0B, 0xF8, 0x03, 0xF4, 0xBB, 0xE2, 0x0F, 0xFB, 0xDF, 0xFD, 0x3F, 0xFC, 0x3F, 0xE0,
    0x7F, 0x80, 0xFE, 0x00, 0x00, 0x00, 0xE0, 0x00, 0x00, 0x0F, 0x00, 0x00, 0x00, 0x7C, 0x00, 0x00,
    0x01, 0xFA, 0x00, 0x00, 0x03, 0xFC, 0x00, 0x00, 0x00, 0x00, 0x00, 0x00, 0x00, 0x00, 0x00, 0x00,
    0x00, 0x0B, 0x00, 0x00, 0x00, 0x1F, 0xC0, 0x00, 0x00, 0x2F, 0xF0, 0x00, 0x00, 0x3F, 0xE0, 0x00,
    0x00, 0x0A, 0x40, 0x00, 0x00, 0x00, 0x00, 0x00, 0x00, 0x01, 0xAE, 0x80, 0x00, 0x0B, 0xFF, 0xFF,
    0x00, 0x0F, 0xFF, 0xFF, 0xC0, 0x0F, 0xF8, 0x03, 0xF0, 0x0F, 0xF4, 0x00, 0xF8, 0x0B, 0xF4, 0x00,
    0x3C, 0x03, 0xFC, 0x00, 0x00, 0x01, 0xFD, 0x00, 0x00, 0x00, 0xFF, 0x00, 0x00, 0x00, 0x3F, 0xC0,
    0x00, 0x00, 0x0F, 0xF0, 0x00, 0x00, 0x03, 0xFC, 0x00, 0x00, 0x00, 0xFF, 0x00, 0x00, 0x00, 0x3F,
    0xE0, 0x00, 0x34, 0x0B, 0xFE, 0x00, 0x7E, 0x00, 0xFF, 0xFF, 0xFF, 0x00, 0x1F, 0xFF, 0xFF, 0x40,
    0x00, 0xBF, 0xFE, 0x00, 0x00, 0x00, 0x00, 0x00, 0x00, 0x00, 0x00, 0x00, 0x00, 0x00, 0x03, 0x80,
    0x00, 0x02, 0xF0, 0x00, 0x01, 0xFC, 0x00, 0x00, 0xFC, 0x00, 0x00, 0x7C, 0x00, 0x00, 0x08, 0x00,
    0x00, 0x00, 0x00, 0x00, 0x00, 0x40, 0x00, 0x0B, 0xFE, 0x00, 0x0F, 0xFF, 0xC0, 0x0F, 0xE6, 0xF0,
    0x0F, 0xE0, 0x10, 0x07, 0xF0, 0x00, 0x02, 0xF8, 0x00, 0x00, 0xFD, 0x00, 0x00, 0x3F, 0x40, 0x00,
    0x1F, 0xD0, 0x00, 0x03, 0xF8, 0x0B, 0x00, 0xFF, 0xFF, 0xC0, 0x2F, 0xFF, 0xD0, 0x02, 0xFF, 0x80,
    0x00, 0x00, 0x00, 0x00, 0x00, 0x00, 0x00, 0x00, 0x00, 0x00, 0x01, 0xF4, 0x00, 0x00, 0x01, 0xFF,
    0x40, 0x00, 0x01, 0xFB, 0xF0, 0x00, 0x02, 0xF8, 0x3E, 0x00, 0x00, 0xF4, 0x03, 0x00, 0x00, 0x00,
    0x00, 0x00, 0x00, 0x01, 0xAE, 0x80, 0x00, 0x0B, 0xFF, 0xFF, 0x00, 0x0F, 0xFF, 0xFF, 0xC0, 0x0F,
    0xF8, 0x03, 0xF0, 0x0F, 0xF4, 0x00, 0xF8, 0x0B, 0xF4, 0x00, 0x3C, 0x03, 0xFC, 0x00, 0x00, 0x01,
    0xFD, 0x00, 0x00, 0x00, 0xFF, 0x00, 0x00, 0x00, 0x3F, 0xC0, 0x00, 0x00, 0x0F, 0xF0, 0x00, 0x00,
    0x03, 0xFC, 0x00, 0x00, 0x00, 0xFF, 0x00, 0x00, 0x00, 0x3F, 0xE0, 0x00, 0x34, 0x0B, 0xFE, 0x00,
    0x7E, 0x00, 0xFF, 0xFF, 0xFF, 0x00, 0x1F, 0xFF, 0xFF, 0x40, 0x00, 0xBF, 0xFE, 0x00, 0x00, 0x00,
    0x00, 0x00, 0x00, 0x00, 0x00, 0x50, 0x00, 0x03, 0xF4, 0x00, 0x0F, 0xFC, 0x00, 0x2F, 0x7D, 0x00,
    0xBC, 0x2F, 0x00, 0xF0, 0x0D, 0x00, 0x00, 0x00, 0x00, 0x00, 0x40, 0x00, 0x2F, 0xF8, 0x00, 0xFF,
    0xFC, 0x03, 0xF9, 0xBC, 0x0F, 0xE0, 0x10, 0x1F, 0xC0, 0x00, 0x2F, 0x80, 0x00, 0x3F, 0x40, 0x00,
    0x3F, 0x40, 0x00, 0x7F, 0x40, 0x00, 0x3F, 0x80, 0xB0, 0x3F, 0xFF, 0xF0, 0x2F, 0xFF, 0xD0, 0x0B,
    0xFE, 0x00, 0x00, 0x00, 0x00, 0x00, 0x00, 0x01, 0x40, 0x00, 0x00, 0x03, 0xF0, 0x00, 0x00, 0x01,
    0xFC, 0x00, 0x00, 0x00, 0x7E, 0x00, 0x00, 0x00, 0x05, 0x00, 0x00, 0x00, 0x00, 0x00, 0x00, 0x00,
    0x06, 0xBA, 0x00, 0x00, 0x2F, 0xFF, 0xFC, 0x00, 0x3F, 0xFF, 0xFF, 0x00, 0x3F, 0xE0, 0x0F, 0xC0,
    0x3F, 0xD0, 0x03, 0xE0, 0x2F, 0xD0, 0x00, 0xF0, 0x0F, 0xF0, 0x00, 0x00, 0x07, 0xF4, 0x00, 0x00,
    0x03, 0xFC, 0x00, 0x00, 0x00, 0xFF, 0x00, 0x00, 0x00, 0x3F, 0xC0, 0x00, 0x00, 0x0F, 0xF0, 0x00,
    0x00, 0x03, 0xFC, 0x00, 0x00, 0x00, 0xFF, 0x80, 0x00, 0xD0, 0x2F, 0xF8, 0x01, 0xF8, 0x03, 0xFF,
    0xFF, 0xFC, 0x00, 0x7F, 0xFF, 0xFD, 0x00, 0x02, 0xFF, 0xF8, 0x00, 0x00, 0x00, 0x00, 0x00, 0x00,
    0x00, 0x00, 0x50, 0x00, 0x03, 0xF0, 0x00, 0x0B, 0xF0, 0x00, 0x0B, 0xD0, 0x00, 0x01, 0x00, 0x00,
    0x00, 0x00, 0x00, 0x00, 0x40, 0x00, 0x2F, 0xF8, 0x00, 0xFF, 0xFC, 0x03, 0xF9, 0xBC, 0x0F, 0xE0,
    0x10, 0x1F, 0xC0, 0x00, 0x2F, 0x80, 0x00, 0x3F, 0x40, 0x00, 0x3F, 0x40, 0x00, 0x7F, 0x40, 0x00,
    0x3F, 0x80, 0xB0, 0x3F, 0xFF, 0xF0, 0x2F, 0xFF, 0xD0, 0x0B, 0xFE, 0x00, 0x00, 0x00, 0x00, 0x00,
    0x00, 0x00, 0x00, 0x00, 0x00, 0xB0, 0x07, 0xC0, 0x00, 0x2F, 0x0B, 0xD0, 0x00, 0x03, 0xFB, 0xD0,
    0x00, 0x00, 0x7F, 0xC0, 0x00, 0x00, 0x07, 0xC0, 0x00, 0x00, 0x00, 0x00, 0x00, 0x00, 0x01, 0xAE,
    0x80, 0x00, 0x0B, 0xFF, 0xFF, 0x00, 0x0F, 0xFF, 0xFF, 0xC0, 0x0F, 0xF8, 0x03, 0xF0, 0x0F, 0xF4,
    0x00, 0xF8, 0x0B, 0xF4, 0x00, 0x3C, 0x03, 0xFC, 0x00, 0x00, 0x01, 0xFD, 0x00, 0x00, 0x00, 0xFF,
    0x00, 0x00, 0x00, 0x3F, 0xC0, 0x00, 0x00, 0x0F, 0xF0, 0x00, 0x00, 0x03, 0xFC, 0x00, 0x00, 0x00,
    0xFF, 0x00, 0x00, 0x00, 0x3F, 0xE0, 0x00, 0x34, 0x0B, 0xFE, 0x00, 0x7E, 0x00, 0xFF, 0xFF, 0xFF,
    0x00, 0x1F, 0xFF, 0xFF, 0x40, 0x00, 0xBF, 0xFE, 0x00, 0x00, 0x00, 0x00, 0x00, 0x00, 0x00, 0x24,
    0x07, 0x40, 0x1F, 0x0B, 0xC0, 0x03, 0xD7, 0xC0, 0x00, 0xBF, 0xD0, 0x00, 0x0F, 0xE0, 0x00, 0x01,
    0xA0, 0x00, 0x00, 0x00, 0x00, 0x00, 0x01, 0x00, 0x00, 0x2F, 0xF8, 0x00, 0x3F, 0xFF, 0x00, 0x3F,
    0x9B, 0xC0, 0x3F, 0x80, 0x40, 0x1F, 0xC0, 0x00, 0x0B, 0xE0, 0x00, 0x03, 0xF4, 0x00, 0x00, 0xFD,
    0x00, 0x00, 0x7F, 0x40, 0x00, 0x0F, 0xE0, 0x2C, 0x03, 0xFF, 0xFF, 0x00, 0xBF, 0xFF, 0x40, 0x0B,
    0xFE, 0x00, 0x00, 0x00, 0x00, 0x00, 0x00, 0x00, 0x00, 0x00, 0x00, 0x00, 0x03, 0xC0, 0x2F, 0x00,
    0x00, 0x0F, 0x83, 0xF0, 0x00, 0x00, 0x1F, 0xBF, 0x00, 0x00, 0x00, 0x2F, 0xF0, 0x00, 0x00, 0x00,
    0x2E, 0x00, 0x00, 0x00, 0x00, 0x00, 0x00, 0x00, 0x06, 0xAE, 0xA4, 0x00, 0x02, 0xFF, 0xFF, 0xFD,
    0x00, 0x1F, 0xFF, 0xFF, 0xFE, 0x00, 0x12, 0xFC, 0x0B, 0xFD, 0x00, 0x0F, 0xF0, 0x0B, 0xFC, 0x00,
    0x3F, 0x80, 0x0F, 0xF0, 0x01, 0xFD, 0x00, 0x2F, 0xD0, 0x0B, 0xF0, 0x00, 0x7F, 0x80, 0x2F, 0xC0,
    0x01, 0xFD, 0x00, 0xFF, 0x00, 0x0B, 0xF4, 0x03, 0xF8, 0x00, 0x2F, 0xC0, 0x1F, 0xD0, 0x00, 0xFF,
    0x00, 0xBF, 0x00, 0x07, 0xF4, 0x03, 0xFC, 0x00, 0x3F, 0xC0, 0x0F, 0xE0, 0x07, 0xFC, 0x00, 0x7F,
    0xDA, 0xFF, 0xD0, 0x1F, 0xFF, 0xFF, 0xF8, 0x00, 0xBF, 0xFF, 0xF9, 0x00, 0x00, 0x00, 0x00, 0x00,
    0x00, 0x00, 0x00, 0x00, 0x00, 0x40, 0x00, 0x00, 0x00, 0xBF, 0xD2, 0xE0, 0x00, 0x07, 0xFF, 0x4F,
    0x80, 0x00, 0x00, 0xFD, 0x3C, 0x00, 0x00, 0x03, 0xF1, 0xE0, 0x00, 0x00, 0x1F, 0xCB, 0x00, 0x00,
    0x10, 0xBE, 0x14, 0x00, 0x0F, 0xFB, 0xF4, 0x00, 0x01, 0xFF, 0xFF, 0xC0, 0x00, 0x0F, 0xE1, 0xFF,
    0x00, 0x00, 0xBF, 0x02, 0xF8, 0x00, 0x03, 0xF0, 0x0F, 0xD0, 0x00, 0x2F, 0xC0, 0x3F, 0x00, 0x00,
    0xFE, 0x02, 0xFC, 0x00, 0x03, 0xF4, 0x0F, 0xE0, 0x00, 0x0F, 0xC0, 0xBF, 0x80, 0x00, 0x3F, 0x4B,
    0xBE, 0x20, 0x00, 0xFF, 0xBD, 0xFF, 0xD0, 0x03, 0xFF, 0xC3, 0xFE, 0x00, 0x07, 0xF8, 0x0F, 0xE0,
    0x00, 0x00, 0x00, 0x00, 0x00, 0x00, 0x00, 0x1A, 0xBA, 0x90, 0x00, 0x0B, 0xFF, 0xFF, 0xF4, 0x00,
    0x7F, 0xFF, 0xFF, 0xF8, 0x00, 0x4B, 0xF0, 0x2F, 0xF4, 0x00, 0x3F, 0xC0, 0x2F, 0xF0, 0x00, 0xFE,
    0x00, 0x3F, 0xC0, 0x07, 0xF4, 0x00, 0xBF, 0x40, 0x2F, 0xC0, 0x01, 0xFE, 0x1A, 0xFF, 0xA8, 0x07,
    0xF4, 0xBF, 0xFF, 0xF0, 0x2F, 0xD0, 0x1F, 0xE0, 0x00, 0xBF, 0x00, 0x7F, 0x40, 0x03, 0xFC, 0x02,
    0xFC, 0x00, 0x1F, 0xD0, 0x0F, 0xF0, 0x00, 0xFF, 0x00, 0x3F, 0x80, 0x1F, 0xF0, 0x01, 0xFF, 0x6B,
    0xFF, 0x40, 0x7F, 0xFF, 0xFF, 0xE0, 0x02, 0xFF, 0xFF, 0xE4, 0x00, 0x00, 0x00, 0x00, 0x00, 0x00,
    0x00, 0x00, 0x00, 0x00, 0x40, 0x00, 0x00, 0x0B, 0xFD, 0x00, 0x00, 0x07, 0xFF, 0x40, 0x00, 0x00,
    0x0F, 0xC0, 0x00, 0x00, 0xAB, 0xFA, 0x00, 0x00, 0xBF, 0xFF, 0xC0, 0x00, 0x00, 0xBE, 0x00, 0x00,
    0x7F, 0x7F, 0x40, 0x00, 0xBF, 0xFF, 0xC0, 0x00, 0xFF, 0x6F, 0xF0, 0x00, 0xBF, 0x02, 0xF8, 0x00,
    0x3F, 0x40, 0xFD, 0x00, 0x2F, 0xC0, 0x3F, 0x00, 0x0F, 0xE0, 0x2F, 0xC0, 0x03, 0xF4, 0x0F, 0xE0,
    0x00, 0xFC, 0x0B, 0xF8, 0x00, 0x7F, 0x4B, 0xBE, 0x20, 0x0F, 0xFB, 0xDF, 0xFD, 0x03, 0xFF, 0xC3,
    0xFE, 0x00, 0x7F, 0x80, 0xFE, 0x00, 0x00, 0x00, 0x00, 0x00, 0x00, 0x00, 0x00, 0x55, 0x54, 0x00,
    0x00, 0x7F, 0xFF, 0x80, 0x00, 0x1F, 0xFF, 0xD0, 0x00, 0x00, 0x00, 0x00, 0x00, 0x00, 0x00, 0x00,
    0x00, 0x15, 0x55, 0x55, 0x40, 0x1F, 0xFF, 0xFF, 0xF4, 0x02, 0xFF, 0xFF, 0xFD, 0x00, 0x2F, 0xC0,
    0x1F, 0x00, 0x0F, 0xF0, 0x07, 0xC0, 0x03, 0xF8, 0x01, 0xD0, 0x01, 0xFD, 0x00, 0x00, 0x00, 0xBF,
    0x00, 0x00, 0x00, 0x2F, 0xFF, 0xF8, 0x00, 0x0F, 0xFF, 0xFD, 0x00, 0x03, 0xF9, 0x55, 0x00, 0x01,
    0xFD, 0x00, 0x00, 0x00, 0xBF, 0x00, 0x04, 0x00, 0x3F, 0xC0, 0x0B, 0x40, 0x0F, 0xE0, 0x03, 0xD0,
    0x07, 0xF9, 0x57, 0xF0, 0x1F, 0xFF, 0xFF, 0xFC, 0x0B, 0xFF, 0xFF, 0xFD, 0x00, 0x00, 0x7F, 0xFF,
    0x00, 0x3F, 0xFF, 0xC0, 0x01, 0x55, 0x50, 0x00, 0x00, 0x00, 0x00, 0x00, 0x40, 0x00, 0x0B, 0xFE,
    0x00, 0x0F, 0xFF, 0xC0, 0x0F, 0xC3, 0xF4, 0x0F, 0xC0, 0xFC, 0x07, 0xE0, 0x7E, 0x02, 0xF0, 0xBE,
    0x00, 0xFE, 0xFE, 0x00, 0x3F, 0xF8, 0x00, 0x1F, 0xD0, 0x04, 0x03, 0xF0, 0x0B, 0x40, 0xFF, 0xAF,
    0xD0, 0x2F, 0xFF, 0xD0, 0x02, 0xFF, 0x80, 0x00, 0x00, 0x00, 0x00, 0x00, 0x00, 0x50, 0x01, 0x00,
    0x00, 0x7C, 0x07, 0x40, 0x00, 0x0F, 0xFF, 0xC0, 0x00, 0x02, 0xFF, 0xC0, 0x00, 0x00, 0x05, 0x40,
    0x00, 0x00, 0x00, 0x00, 0x00, 0x05, 0x55, 0x55, 0x50, 0x07, 0xFF, 0xFF, 0xFD, 0x00, 0xBF, 0xFF,
    0xFF, 0x40, 0x0B, 0xF0, 0x07, 0xC0, 0x03, 0xFC, 0x01, 0xF0, 0x00, 0xFE, 0x00, 0x74, 0x00, 0x7F,
    0x40, 0x00, 0x00, 0x2F, 0xC0, 0x00, 0x00, 0x0B, 0xFF, 0xFE, 0x00, 0x03, 0xFF, 0xFF, 0x40, 0x00,
    0xFE, 0x55, 0x40, 0x00, 0x7F, 0x40, 0x00, 0x00, 0x2F, 0xC0, 0x01, 0x00, 0x0F, 0xF0, 0x02, 0xD0,
    0x03, 0xF8, 0x00, 0xF4, 0x01, 0xFE, 0x55, 0xFC, 0x07, 0xFF, 0xFF, 0xFF, 0x02, 0xFF, 0xFF, 0xFF,
    0x40, 0x00, 0x10, 0x00, 0x00, 0x1E, 0x00, 0xC0, 0x0B, 0xE6, 0xF0, 0x00, 0xFF, 0xF0, 0x00, 0x0B,
    0xA0, 0x00, 0x00, 0x00, 0x00, 0x00, 0x04, 0x00, 0x00, 0xBF, 0xE0, 0x00, 0xFF, 0xFC, 0x00, 0xFC,
    0x3F, 0x40, 0xFC, 0x0F, 0xC0, 0x7E, 0x07, 0xE0, 0x2F, 0x0B, 0xE0, 0x0F, 0xEF, 0xE0, 0x03, 0xFF,
    0x80, 0x01, 0xFD, 0x00, 0x40, 0x3F, 0x00, 0xB4, 0x0F, 0xFA, 0xFD, 0x02, 0xFF, 0xFD, 0x00, 0x2F,
    0xF8, 0x00, 0x00, 0x00, 0x00, 0x00, 0x00, 0x00, 0x01, 0x40, 0x00, 0x00, 0x03, 0xF4, 0x00, 0x00,
    0x01, 0xFD, 0x00, 0x00, 0x00, 0x7F, 0x00, 0x00, 0x00, 0x05, 0x00, 0x00, 0x00, 0x00, 0x00, 0x00,
    0x05, 0x55, 0x55, 0x50, 0x07, 0xFF, 0xFF, 0xFD, 0x00, 0xBF, 0xFF, 0xFF, 0x40, 0x0B, 0xF0, 0x07,
    0xC0, 0x03, 0xFC, 0x01, 0xF0, 0x00, 0xFE, 0x00, 0x74, 0x00, 0x7F, 0x40, 0x00, 0x00, 0x2F, 0xC0,
    0x00, 0x00, 0x0B, 0xFF, 0xFE, 0x00, 0x03, 0xFF, 0xFF, 0x40, 0x00, 0xFE, 0x55, 0x40, 0x00, 0x7F,
    0x40, 0x00, 0x00, 0x2F, 0xC0, 0x01, 0x00, 0x0F, 0xF0, 0x02, 0xD0, 0x03, 0xF8, 0x00, 0xF4, 0x01,
    0xFE, 0x55, 0xFC, 0x07, 0xFF, 0xFF, 0xFF, 0x02, 0xFF, 0xFF, 0xFF, 0x40, 0x00, 0x00, 0x50, 0x00,
    0x03, 0xF0, 0x00, 0x0B, 0xF0, 0x00, 0x0B, 0xD0, 0x00, 0x01, 0x00, 0x00, 0x00, 0x00, 0x00, 0x00,
    0x40, 0x00, 0x2F, 0xF8, 0x00, 0xFF, 0xFC, 0x03, 0xF0, 0xFD, 0x0F, 0xC0, 0xFC, 0x1F, 0x81, 0xF8,
    0x2F, 0x0B, 0xE0, 0x3F, 0xBF, 0x80, 0x3F, 0xF8, 0x00, 0x7F, 0x40, 0x10, 0x3F, 0x00, 0xB4, 0x3F,
    0xEB, 0xF4, 0x2F, 0xFF, 0xD0, 0x0B, 0xFE, 0x00, 0x00, 0x00, 0x00, 0x00, 0x55, 0x55, 0x55, 0x00,
    0x7F, 0xFF, 0xFF, 0xD0, 0x0B, 0xFF, 0xFF, 0xF4, 0x00, 0xBF, 0x00, 0x7C, 0x00, 0x3F, 0xC0, 0x1F,
    0x00, 0x0F, 0xE0, 0x07, 0x40, 0x07, 0xF4, 0x00, 0x00, 0x02, 0xFC, 0x00, 0x00, 0x00, 0xBF, 0xFF,
    0xE0, 0x00, 0x3F, 0xFF, 0xF4, 0x00, 0x0F, 0xE5, 0x54, 0x00, 0x07, 0xF4, 0x00, 0x00, 0x02, 0xFC,
    0x00, 0x10, 0x00, 0xFF, 0x00, 0x2D, 0x00, 0x3F, 0x80, 0x0F, 0x40, 0x1F, 0xE5, 0x5F, 0xC0, 0x7F,
    0xFF, 0xFF, 0xF0, 0x2F, 0xFF, 0xFF, 0xF4, 0x00, 0x00, 0x00, 0xB4, 0x00, 0x00, 0x00, 0xF4, 0x00,
    0x00, 0x00, 0x7C, 0x00, 0x00, 0x00, 0x1F, 0xE8, 0x00, 0x00, 0x03, 0xFD, 0x00, 0x00, 0x00, 0x04,
    0x00, 0x00, 0x00, 0x40, 0x00, 0x2F, 0xF8, 0x00, 0xFF, 0xFC, 0x03, 0xF0, 0xFD, 0x0F, 0xC0, 0xFC,
    0x1F, 0x81, 0xF8, 0x2F, 0x0B, 0xE0, 0x3F, 0xBF, 0x80, 0x3F, 0xF8, 0x00, 0x7F, 0x40, 0x10, 0x3F,
    0x00, 0xB4, 0x3F, 0xEB, 0xF4, 0x2F, 0xFF, 0xD0, 0x0B, 0xFF, 0x00, 0x00, 0x2C, 0x00, 0x00, 0x74,
    0x00, 0x00, 0xF0, 0x00, 0x00, 0xFA, 0x40, 0x00, 0xBF, 0x40, 0x00, 0x04, 0x00, 0x00, 0x00, 0x00,
    0x00, 0x00, 0x00, 0xB4, 0x07, 0xD0, 0x00, 0x2F, 0x0B, 0xD0, 0x00, 0x03, 0xFB, 0xD0, 0x00, 0x00,
    0x7F, 0xD0, 0x00, 0x00, 0x07, 0xD0, 0x00, 0x00, 0x00, 0x00, 0x00, 0x01, 0x55, 0x55, 0x54, 0x01,
    0xFF, 0xFF, 0xFF, 0x40, 0x2F, 0xFF, 0xFF, 0xD0, 0x02, 0xFC, 0x01, 0xF0, 0x00, 0xFF, 0x00, 0x7C,
    0x00, 0x3F, 0x80, 0x1D, 0x00, 0x1F, 0xD0, 0x00, 0x00, 0x0B, 0xF0, 0x00, 0x00, 0x02, 0xFF, 0xFF,
    0x80, 0x00, 0xFF, 0xFF, 0xD0, 0x00, 0x3F, 0x95, 0x50, 0x00, 0x1F, 0xD0, 0x00, 0x00, 0x0B, 0xF0,
    0x00, 0x40, 0x03, 0xFC, 0x00, 0xB4, 0x00, 0xFE, 0x00, 0x3D, 0x00, 0x7F, 0x95, 0x7F, 0x01, 0xFF,
    0xFF, 0xFF, 0xC0, 0xBF, 0xFF, 0xFF, 0xD0, 0x00, 0x00, 0x24, 0x07, 0x40, 0x1F, 0x0B, 0xC0, 0x03,
    0xD7, 0xC0, 0x00, 0xBF, 0xD0, 0x00, 0x0F, 0xE0, 0x00, 0x01, 0xA0, 0x00, 0x00, 0x00, 0x00, 0x00,
    0x01, 0x00, 0x00, 0x2F, 0xF8, 0x00, 0x3F, 0xFF, 0x00, 0x3F, 0x0F, 0xD0, 0x3F, 0x03, 0xF0, 0x1F,
    0x81, 0xF8, 0x0B, 0xC2, 0xF8, 0x03, 0xFB, 0xF8, 0x00, 0xFF, 0xE0, 0x00, 0x7F, 0x40, 0x10, 0x0F,
    0xC0, 0x2D, 0x03, 0xFE, 0xBF, 0x40, 0xBF, 0xFF, 0x40, 0x0B, 0xFE, 0x00, 0x00, 0x00, 0x00, 0x00,
    0x00, 0x00, 0x00, 0x00, 0x00, 0x00, 0x00, 0x3F, 0x00, 0x00, 0x00, 0x0F, 0xF8, 0x00, 0x00, 0x03,
    0xFB, 0xD0, 0x00, 0x01, 0xFC, 0x2F, 0x00, 0x00, 0x2E, 0x00, 0xA0, 0x00, 0x00, 0x00, 0x00, 0x00,
    0x00, 0x06, 0xBA, 0x40, 0x00, 0x07, 0xFF, 0xFF, 0x80, 0x03, 0xFF, 0xFF, 0xFC, 0x00, 0xFF, 0x80,
    0x0F, 0x80, 0x3F, 0xD0, 0x00, 0xF4, 0x0B, 0xF4, 0x00, 0x0F, 0x00, 0xFF, 0x00, 0x00, 0x00, 0x2F,
    0xD0, 0x00, 0x00, 0x03, 0xFC, 0x00, 0x00, 0x00, 0x3F, 0xC0, 0x05, 0x55, 0x43, 0xFC, 0x00, 0xFF,
    0xFC, 0x3F, 0xC0, 0x0B, 0xFF, 0x43, 0xFC, 0x00, 0x0F, 0xE0, 0x3F, 0xE0, 0x00, 0xFE, 0x02, 0xFF,
    0x40, 0x0F, 0xD0, 0x0F, 0xFF, 0x9B, 0xFC, 0x00, 0x3F, 0xFF, 0xFF, 0xC0, 0x00, 0x7F, 0xFF, 0x90,
    0x00, 0x00, 0x00, 0x00, 0x00, 0x00, 0x00, 0x01, 0x40, 0x00, 0x00, 0x02, 0xFC, 0x00, 0x00, 0x01,
    0xFF, 0x40, 0x00, 0x00, 0xFA, 0xF0, 0x00, 0x00, 0xF8, 0x3D, 0x00, 0x00, 0x78, 0x07, 0x00, 0x00,
    0x00, 0x00, 0x00, 0x00, 0x00, 0x50, 0x00, 0x00, 0x07, 0xFF, 0xFF, 0x80, 0x0B, 0xFB, 0xFF, 0xD0,
    0x07, 0xF0, 0x3F, 0x00, 0x03, 0xF4, 0x0F, 0xC0, 0x00, 0xFC, 0x07, 0xF0, 0x00, 0x3F, 0x03, 0xF8,
    0x00, 0x0B, 0xE7, 0xFC, 0x00, 0x00, 0xBF, 0xF4, 0x00, 0x00, 0x1F, 0xD0, 0x00, 0x00, 0x1F, 0x80,
    0x00, 0x00, 0x0B, 0xF8, 0x00, 0x00, 0x02, 0xFF, 0xE0, 0x00, 0x0F, 0xFB, 0xFF, 0x80, 0x0F, 0xD0,
    0x1F, 0xF4, 0x0B, 0xE0, 0x00, 0xFE, 0x02, 0xF8, 0x00, 0x3F, 0x40, 0x7F, 0xD5, 0xBF, 0x80, 0x0B,
    0xFF, 0xFF, 0x80, 0x00, 0x2F, 0xF9, 0x00, 0x00, 0x00, 0x00, 0x20, 0x01, 0x00, 0x00, 0x0F, 0x40,
    0xB0, 0x00, 0x00, 0xFF, 0xFD, 0x00, 0x00, 0x07, 0xFF, 0x40, 0x00, 0x00, 0x06, 0x40, 0x00, 0x00,
    0x00, 0x00, 0x00, 0x00, 0x00, 0x6B, 0xA4, 0x00, 0x00, 0x7F, 0xFF, 0xF8, 0x00, 0x3F, 0xFF, 0xFF,
    0xC0, 0x0F, 0xF8, 0x00, 0xF8, 0x03, 0xFD, 0x00, 0x0F, 0x40, 0xBF, 0x40, 0x00, 0xF0, 0x0F, 0xF0,
    0x00, 0x00, 0x02, 0xFD, 0x00, 0x00, 0x00, 0x3F, 0xC0, 0x00, 0x00, 0x03, 0xFC, 0x00, 0x55, 0x54,
    0x3F, 0xC0, 0x0F, 0xFF, 0xC3, 0xFC, 0x00, 0xBF, 0xF4, 0x3F, 0xC0, 0x00, 0xFE, 0x03, 0xFE, 0x00,
    0x0F, 0xE0, 0x2F, 0xF4, 0x00, 0xFD, 0x00, 0xFF, 0xF9, 0xBF, 0xC0, 0x03, 0xFF, 0xFF, 0xFC, 0x00,
    0x07, 0xFF, 0xF9, 0x00, 0x00, 0x00, 0x00, 0x00, 0x00, 0x00, 0x00, 0x10, 0x00, 0x00, 0x00, 0x3C,
    0x02, 0x80, 0x00, 0x0F, 0xD7, 0xD0, 0x00, 0x02, 0xFF, 0xE0, 0x00, 0x00, 0x1B, 0x90, 0x00, 0x00,
    0x00, 0x00, 0x00, 0x00, 0x01, 0x40, 0x00, 0x00, 0x1F, 0xFF, 0xFE, 0x00, 0x2F, 0xEF, 0xFF, 0x40,
    0x1F, 0xC0, 0xFC, 0x00, 0x0F, 0xD0, 0x3F, 0x00, 0x03, 0xF0, 0x1F, 0xC0, 0x00, 0xFC, 0x0F, 0xE0,
    0x00, 0x2F, 0x9F, 0xF0, 0x00, 0x02, 0xFF, 0xD0, 0x00, 0x00, 0x7F, 0x40, 0x00, 0x00, 0x7E, 0x00,
    0x00, 0x00, 0x2F, 0xE0, 0x00, 0x00, 0x0B, 0xFF, 0x80, 0x00, 0x3F, 0xEF, 0xFE, 0x00, 0x3F, 0x40,
    0x7F, 0xD0, 0x2F, 0x80, 0x03, 0xF8, 0x0B, 0xE0, 0x00, 0xFD, 0x01, 0xFF, 0x56, 0xFE, 0x00, 0x2F,
    0xFF, 0xFE, 0x00, 0x00, 0xBF, 0xE4, 0x00, 0x00, 0x00, 0x00, 0x01, 0x40, 0x00, 0x00, 0x00, 0xBE,
    0x00, 0x00, 0x00, 0x0F, 0xE0, 0x00, 0x00, 0x00, 0xFC, 0x00, 0x00, 0x00, 0x01, 0x00, 0x00, 0x00,
    0x00, 0x00, 0x00, 0x00, 0x00, 0x6B, 0xA4, 0x00, 0x00, 0x7F, 0xFF, 0xF8, 0x00, 0x3F, 0xFF, 0xFF,
    0xC0, 0x0F, 0xF8, 0x00, 0xF8, 0x03, 0xFD, 0x00, 0x0F, 0x40, 0xBF, 0x40, 0x00, 0xF0, 0x0F, 0xF0,
    0x00, 0x00, 0x02, 0xFD, 0x00, 0x00, 0x00, 0x3F, 0xC0, 0x00, 0x00, 0x03, 0xFC, 0x00, 0x55, 0x54,
    0x3F, 0xC0, 0x0F, 0xFF, 0xC3, 0xFC, 0x00, 0xBF, 0xF4, 0x3F, 0xC0, 0x00, 0xFE, 0x03, 0xFE, 0x00,
    0x0F, 0xE0, 0x2F, 0xF4, 0x00, 0xFD, 0x00, 0xFF, 0xF9, 0xBF, 0xC0, 0x03, 0xFF, 0xFF, 0xFC, 0x00,
    0x07, 0xFF, 0xF9, 0x00, 0x00, 0x00, 0x00, 0x00, 0x00, 0x00, 0x00, 0x01, 0x40, 0x00, 0x00, 0x02,
    0xF8, 0x00, 0x00, 0x00, 0xFE, 0x00, 0x00, 0x00, 0x3F, 0x00, 0x00, 0x00, 0x01, 0x00, 0x00, 0x00,
    0x00, 0x00, 0x00, 0x00, 0x01, 0x40, 0x00, 0x00, 0x1F, 0xFF, 0xFE, 0x00, 0x2F, 0xEF, 0xFF, 0x40,
    0x1F, 0xC0, 0xFC, 0x00, 0x0F, 0xD0, 0x3F, 0x00, 0x03, 0xF0, 0x1F, 0xC0, 0x00, 0xFC, 0x0F, 0xE0,
    0x00, 0x2F, 0x9F, 0xF0, 0x00, 0x02, 0xFF, 0xD0, 0x00, 0x00, 0x7F, 0x40, 0x00, 0x00, 0x7E, 0x00,
    0x00, 0x00, 0x2F, 0xE0, 0x00, 0x00, 0x0B, 0xFF, 0x80, 0x00, 0x3F, 0xEF, 0xFE, 0x00, 0x3F, 0x40,
    0x7F, 0xD0, 0x2F, 0x80, 0x03, 0xF8, 0x0B, 0xE0, 0x00, 0xFD, 0x01, 0xFF, 0x56, 0xFE, 0x00, 0x2F,
    0xFF, 0xFE, 0x00, 0x00, 0xBF, 0xE4, 0x00, 0x00, 0x00, 0x00, 0x6B, 0xA4, 0x00, 0x00, 0x7F, 0xFF,
    0xF8, 0x00, 0x3F, 0xFF, 0xFF, 0xC0, 0x0F, 0xF8, 0x00, 0xF8, 0x03, 0xFD, 0x00, 0x0F, 0x40, 0xBF,
    0x40, 0x00, 0xF0, 0x0F, 0xF0, 0x00, 0x00, 0x02, 0xFD, 0x00, 0x00, 0x00, 0x3F, 0xC0, 0x00, 0x00,
    0x03, 0xFC, 0x00, 0x55, 0x54, 0x3F, 0xC0, 0x0F, 0xFF, 0xC3, 0xFC, 0x00, 0xBF, 0xF4, 0x3F, 0xC0,
    0x00, 0xFE, 0x03, 0xFE, 0x00, 0x0F, 0xE0, 0x2F, 0xF4, 0x00, 0xFD, 0x00, 0xFF, 0xF9, 0xBF, 0xC0,
    0x03, 0xFF, 0xFF, 0xFC, 0x00, 0x07, 0xFF, 0xF9, 0x00, 0x00, 0x00, 0x00, 0x00, 0x00, 0x00, 0x29,
    0x00, 0x00, 0x00, 0x03, 0xF0, 0x00, 0x00, 0x00, 0x3F, 0x00, 0x00, 0x00, 0x03, 0xD0, 0x00, 0x00,
    0x00, 0xF8, 0x00, 0x00, 0x00, 0x09, 0x00, 0x00, 0x00, 0x00, 0x00, 0x00, 0x00, 0x00, 0x00, 0x00,
    0x3C, 0x00, 0x00, 0x00, 0x3C, 0x00, 0x00, 0x00, 0x3D, 0x00, 0x00, 0x00, 0x1F, 0x40, 0x00, 0x00,
    0x07, 0xD0, 0x00, 0x00, 0x01, 0xFC, 0x00, 0x00, 0x00, 0x00, 0x00, 0x00, 0x00, 0x14, 0x00, 0x00,
    0x01, 0xFF, 0xFF, 0xE0, 0x02, 0xFE, 0xFF, 0xF4, 0x01, 0xFC, 0x0F, 0xC0, 0x00, 0xFD, 0x03, 0xF0,
    0x00, 0x3F, 0x01, 0xFC, 0x00, 0x0F, 0xC0, 0xFE, 0x00, 0x02, 0xF9, 0xFF, 0x00, 0x00, 0x2F, 0xFD,
    0x00, 0x00, 0x07, 0xF4, 0x00, 0x00, 0x07, 0xE0, 0x00, 0x00, 0x02, 0xFE, 0x00, 0x00, 0x00, 0xBF,
    0xF8, 0x00, 0x03, 0xFE, 0xFF, 0xE0, 0x03, 0xF4, 0x07, 0xFD, 0x02, 0xF8, 0x00, 0x3F, 0x80, 0xBE,
    0x00, 0x0F, 0xD0, 0x1F, 0xF5, 0x6F, 0xE0, 0x02, 0xFF, 0xFF, 0xE0, 0x00, 0x0B, 0xFE, 0x40, 0x00,
    0x00, 0x00, 0x00, 0x00, 0x00, 0x00, 0x00, 0x00, 0x07, 0xE0, 0x00, 0x00, 0x00, 0x01, 0xFF, 0x40,
    0x00, 0x00, 0x00, 0x7E, 0xFC, 0x00, 0x00, 0x00, 0x1F, 0x83, 0xE0, 0x00, 0x00, 0x02, 0xD0, 0x09,
    0x00, 0x00, 0x00, 0x00, 0x00, 0x00, 0x00, 0x05, 0x55, 0x40, 0x55, 0x55, 0x01, 0xFF, 0xFD, 0x0F,
    0xFF, 0xE0, 0x0B, 0xFF, 0x40, 0xBF, 0xF8, 0x00, 0x2F, 0xC0, 0x01, 0xFD, 0x00, 0x03, 0xFC, 0x00,
    0x2F, 0xC0, 0x00, 0x3F, 0x80, 0x03, 0xFC, 0x00, 0x07, 0xF4, 0x00, 0x3F, 0x80, 0x00, 0xBF, 0x40,
    0x07, 0xF4, 0x00, 0x0B, 0xFF, 0xFF, 0xFF, 0x40, 0x00, 0xFF, 0xFF, 0xFF, 0xF0, 0x00, 0x0F, 0xE5,
    0x55, 0xFF, 0x00, 0x01, 0xFD, 0x00, 0x0F, 0xE0, 0x00, 0x2F, 0xC0, 0x01, 0xFD, 0x00, 0x03, 0xFC,
    0x00, 0x2F, 0xC0, 0x00, 0x3F, 0xC0, 0x03, 0xFC, 0x00, 0x07, 0xF8, 0x00, 0x3F, 0xC0, 0x07, 0xFF,
    0xF4, 0x3F, 0xFF, 0x40, 0xBF, 0xFF, 0x07, 0xFF, 0xF4, 0x00, 0x00, 0x06, 0x40, 0x00, 0x00, 0xBF,
    0x40, 0x00, 0x0B, 0xFF, 0x00, 0x00, 0xBD, 0x3E, 0x00, 0x0B, 0xC0, 0x78, 0x00, 0x00, 0x00, 0x00,
    0x00, 0x01, 0x40, 0x00, 0x02, 0xFF, 0x80, 0x00, 0x1F, 0xFE, 0x00, 0x00, 0x03, 0xF8, 0x00, 0x00,
    0x0F, 0xD0, 0x00, 0x00, 0x7F, 0x00, 0x00, 0x02, 0xF8, 0x04, 0x00, 0x0F, 0xD2, 0xFE, 0x00, 0x3F,
    0x3F, 0xFC, 0x01, 0xFE, 0xEB, 0xF0, 0x07, 0xFE, 0x1F, 0xC0, 0x2F, 0xE0, 0xBF, 0x00, 0xFF, 0x03,
    0xF8, 0x03, 0xF8, 0x0F, 0xC0, 0x1F, 0xC0, 0x7F, 0x00, 0xBF, 0x02, 0xF8, 0x03, 0xF8, 0x0F, 0xD2,
    0x0F, 0xD0, 0x3F, 0xFC, 0x7F, 0x00, 0xFF, 0xE2, 0xFC, 0x02, 0xFD, 0x00, 0x00, 0x00, 0x00, 0x00,
    0x00, 0x55, 0x54, 0x05, 0x55, 0x50, 0x1F, 0xFF, 0xD0, 0xFF, 0xFE, 0x00, 0xBF, 0xF4, 0x0B, 0xFF,
    0x80, 0x02, 0xFC, 0x00, 0x1F, 0xD0, 0x01, 0x7F, 0xD5, 0x57, 0xFE, 0x40, 0xBF, 0xFF, 0xFF, 0xFF,
    0xFD, 0x00, 0x7F, 0x80, 0x03, 0xF8, 0x00, 0x0B, 0xF4, 0x00, 0x7F, 0x40, 0x00, 0xBF, 0xFF, 0xFF,
    0xF4, 0x00, 0x0F, 0xFF, 0xFF, 0xFF, 0x00, 0x00, 0xFE, 0x55, 0x5F, 0xF0, 0x00, 0x1F, 0xD0, 0x00,
    0xFE, 0x00, 0x02, 0xFC, 0x00, 0x1F, 0xD0, 0x00, 0x3F, 0xC0, 0x02, 0xFC, 0x00, 0x03, 0xFC, 0x00,
    0x3F, 0xC0, 0x00, 0x7F, 0x80, 0x03, 0xFC, 0x00, 0x7F, 0xFF, 0x43, 0xFF, 0xF4, 0x0B, 0xFF, 0xF0,
    0x7F, 0xFF, 0x40, 0x00, 0x14, 0x00, 0x00, 0x2F, 0xF8, 0x00, 0x01, 0xFF, 0xE0, 0x00, 0x00, 0x3F,
    0x80, 0x00, 0x1A, 0xFE, 0xA0, 0x00, 0xFF, 0xFF, 0xC0, 0x00, 0x2F, 0x80, 0x00, 0x00, 0xFD, 0x1B,
    0xD0, 0x03, 0xF2, 0xFF, 0xC0, 0x1F, 0xEF, 0xFF, 0x00, 0xBF, 0xE1, 0xFC, 0x02, 0xFF, 0x0B, 0xF0,
    0x0F, 0xF0, 0x3F, 0x80, 0x3F, 0x80, 0xFD, 0x01, 0xFC, 0x07, 0xF0, 0x0B, 0xF0, 0x2F, 0x80, 0x3F,
    0x80, 0xFD, 0x20, 0xFD, 0x03, 0xFF, 0xC7, 0xF0, 0x0F, 0xFE, 0x2F, 0xC0, 0x2F, 0xD0, 0x00, 0x00,
    0x00, 0x00, 0x00, 0x09, 0x01, 0x00, 0x1F, 0xF2, 0xD0, 0x0F, 0xFF, 0xF0, 0x03, 0xC3, 0xF4, 0x00,
    0x00, 0x10, 0x00, 0x00, 0x00, 0x00, 0x05, 0x55, 0x50, 0x07, 0xFF, 0xF8, 0x00, 0xBF, 0xF8, 0x00,
    0x0B, 0xF0, 0x00, 0x03, 0xFC, 0x00, 0x00, 0xFE, 0x00, 0x00, 0x3F, 0x80, 0x00, 0x1F, 0xD0, 0x00,
    0x0B, 0xF0, 0x00, 0x03, 0xFC, 0x00, 0x00, 0xFE, 0x00, 0x00, 0x7F, 0x40, 0x00, 0x2F, 0xD0, 0x00,
    0x0B, 0xF0, 0x00, 0x03, 0xFC, 0x00, 0x01, 0xFE, 0x00, 0x07, 0xFF, 0xF4, 0x02, 0xFF, 0xFD, 0x00,
    0x00, 0x90, 0x10, 0x1F, 0xF2, 0xD0, 0xFB, 0xFF, 0x03, 0xC3, 0xF4, 0x00, 0x01, 0x00, 0x00, 0x00,
    0x00, 0x01, 0x00, 0x07, 0xFE, 0x00, 0x3F, 0xF8, 0x00, 0x0F, 0xD0, 0x00, 0x3F, 0x00, 0x01, 0xFC,
    0x00, 0x0B, 0xE0, 0x00, 0x3F, 0x40, 0x00, 0xFC, 0x00, 0x07, 0xF0, 0x00, 0x2F, 0x88, 0x00, 0xFF,
    0xF4, 0x03, 0xFF, 0xC0, 0x0B, 0xF8, 0x00, 0x00, 0x00, 0x00, 0x00, 0x15, 0x55, 0x00, 0x2F, 0xFF,
    0xD0, 0x0B, 0xFF, 0xF0, 0x00, 0x00, 0x00, 0x00, 0x00, 0x00, 0x00, 0x15, 0x55, 0x40, 0x1F, 0xFF,
    0xE0, 0x02, 0xFF, 0xE0, 0x00, 0x2F, 0xC0, 0x00, 0x0F, 0xF0, 0x00, 0x03, 0xF8, 0x00, 0x00, 0xFE,
    0x00, 0x00, 0x7F, 0x40, 0x00, 0x2F, 0xC0, 0x00, 0x0F, 0xF0, 0x00, 0x03, 0xF8, 0x00, 0x01, 0xFD,
    0x00, 0x00, 0xBF, 0x40, 0x00, 0x2F, 0xC0, 0x00, 0x0F, 0xF0, 0x00, 0x07, 0xF8, 0x00, 0x1F, 0xFF,
    0xD0, 0x0B, 0xFF, 0xF4, 0x00, 0x07, 0xFF, 0xF0, 0x3F, 0xFF, 0xC0, 0x55, 0x55, 0x00, 0x00, 0x00,
    0x00, 0x10, 0x00, 0x7F, 0xE0, 0x03, 0xFF, 0x80, 0x00, 0xFD, 0x00, 0x03, 0xF0, 0x00, 0x1F, 0xC0,
    0x00, 0xBE, 0x00, 0x03, 0xF4, 0x00, 0x0F, 0xC0, 0x00, 0x7F, 0x00, 0x02, 0xF8, 0x80, 0x0F, 0xFF,
    0x40, 0x3F, 0xFC, 0x00, 0xBF, 0x80, 0x00, 0x00, 0x00, 0x00, 0x00, 0x24, 0x01, 0x00, 0x1F, 0x01,
    0xC0, 0x07, 0xFB, 0xF0, 0x00, 0xFF, 0xE0, 0x00, 0x05, 0x40, 0x00, 0x00, 0x00, 0x00, 0x05, 0x55,
    0x50, 0x07, 0xFF, 0xF8, 0x00, 0xBF, 0xF8, 0x00, 0x0B, 0xF0, 0x00, 0x03, 0xFC, 0x00, 0x00, 0xFE,
    0x00, 0x00, 0x3F, 0x80, 0x00, 0x1F, 0xD0, 0x00, 0x0B, 0xF0, 0x00, 0x03, 0xFC, 0x00, 0x00, 0xFE,
    0x00, 0x00, 0x7F, 0x40, 0x00, 0x2F, 0xD0, 0x00, 0x0B, 0xF0, 0x00, 0x03, 0xFC, 0x00, 0x01, 0xFE,
    0x00, 0x07, 0xFF, 0xF4, 0x02, 0xFF, 0xFD, 0x00, 0x01, 0x00, 0x00, 0x2E, 0x00, 0xC0, 0xBE, 0x6F,
    0x01, 0xFF, 0xF0, 0x00, 0xB9, 0x00, 0x00, 0x00, 0x00, 0x01, 0x00, 0x07, 0xFE, 0x00, 0x3F, 0xF8,
    0x00, 0x0F, 0xD0, 0x00, 0x3F, 0x00, 0x01, 0xFC, 0x00, 0x0B, 0xE0, 0x00, 0x3F, 0x40, 0x00, 0xFC,
    0x00, 0x07, 0xF0, 0x00, 0x2F, 0x88, 0x00, 0xFF, 0xF4, 0x03, 0xFF, 0xC0, 0x0B, 0xF8, 0x00, 0x00,
    0x00, 0x00, 0x00, 0x55, 0x55, 0x01, 0xFF, 0xFE, 0x00, 0xBF, 0xF8, 0x00, 0x2F, 0xC0, 0x00, 0x3F,
    0xC0, 0x00, 0x3F, 0x80, 0x00, 0x3F, 0x80, 0x00, 0x7F, 0x40, 0x00, 0xBF, 0x00, 0x00, 0xFF, 0x00,
    0x00, 0xFE, 0x00, 0x01, 0xFD, 0x00, 0x02, 0xFD, 0x00, 0x02, 0xFC, 0x00, 0x03, 0xFC, 0x00, 0x07,
    0xF8, 0x00, 0x7F, 0xFF, 0x40, 0xBF, 0xFF, 0x40, 0x00, 0x3D, 0x00, 0x00, 0xF0, 0x00, 0x02, 0xF0,
    0x00, 0x02, 0xFA, 0x40, 0x00, 0xFF, 0x00, 0x00, 0x00, 0x00, 0x00, 0x00, 0x00, 0x0F, 0xC0, 0x0B,
    0xF0, 0x03, 0xFC, 0x00, 0xBD, 0x00, 0x00, 0x00, 0x01, 0x00, 0x7F, 0xE0, 0x3F, 0xF8, 0x00, 0xFD,
    0x00, 0x3F, 0x00, 0x1F, 0xC0, 0x0B, 0xE0, 0x03, 0xF4, 0x00, 0xFC, 0x00, 0x7F, 0x00, 0x2F, 0x88,
    0x0F, 0xFF, 0x43, 0xFF, 0x80, 0xBF, 0x40, 0x0B, 0x40, 0x07, 0x80, 0x03, 0xC0, 0x00, 0xFE, 0x40,
    0x2F, 0xD0, 0x00, 0x40, 0x00, 0x00, 0x00, 0x50, 0x00, 0x03, 0xF0, 0x00, 0x0B, 0xF0, 0x00, 0x0B,
    0xE0, 0x00, 0x01, 0x40, 0x00, 0x00, 0x00, 0x00, 0x55, 0x55, 0x01, 0xFF, 0xFE, 0x00, 0xBF, 0xF8,
    0x00, 0x2F, 0xC0, 0x00, 0x3F, 0xC0, 0x00, 0x3F, 0x80, 0x00, 0x3F, 0x80, 0x00, 0x7F, 0x40, 0x00,
    0xBF, 0x00, 0x00, 0xFF, 0x00, 0x00, 0xFE, 0x00, 0x01, 0xFD, 0x00, 0x02, 0xFD, 0x00, 0x02, 0xFC,
    0x00, 0x03, 0xFC, 0x00, 0x07, 0xF8, 0x00, 0x7F, 0xFF, 0x40, 0xBF, 0xFF, 0x40, 0x00, 0x10, 0x1F,
    0xF8, 0x3F, 0xF8, 0x03, 0xF4, 0x03, 0xF0, 0x07, 0xF0, 0x0B, 0xE0, 0x0F, 0xD0, 0x0F, 0xC0, 0x1F,
    0xC0, 0x2F, 0x88, 0x3F, 0xFD, 0x3F, 0xFC, 0x2F, 0xE0, 0x00, 0x00, 0x00, 0x55, 0x55, 0x05, 0x55,
    0x50, 0x1F, 0xFF, 0xE1, 0xFF, 0xFE, 0x00, 0xBF, 0xF8, 0x0B, 0xFF, 0x80, 0x02, 0xFC, 0x00, 0x1F,
    0xD0, 0x00, 0x3F, 0xC0, 0x02, 0xFC, 0x00, 0x03, 0xF8, 0x00, 0x3F, 0xC0, 0x00, 0x3F, 0x80, 0x03,
    0xF8, 0x00, 0x07, 0xF4, 0x00, 0x7F, 0x40, 0x00, 0xBF, 0x00, 0x0B, 0xF0, 0x00, 0x0F, 0xF0, 0x00,
    0xFF, 0x00, 0x00, 0xFE, 0x00, 0x0F, 0xF0, 0x00, 0x1F, 0xD0, 0x00, 0xFE, 0x00, 0x02, 0xFD, 0x00,
    0x1F, 0xD0, 0x00, 0x2F, 0xC0, 0x02, 0xFC, 0x00, 0x03, 0xFC, 0x00, 0x3F, 0xC0, 0x00, 0x7F, 0x80,
    0x03, 0xF8, 0x00, 0x7F, 0xFF, 0x40, 0x7F, 0x40, 0x0B, 0xFF, 0xF4, 0x0B, 0xF0, 0x00, 0x00, 0x00,
    0x00, 0xFE, 0x00, 0x00, 0x00, 0x3C, 0x2F, 0xC0, 0x00, 0x00, 0x07, 0xFF, 0xF4, 0x00, 0x00, 0x00,
    0x7F, 0xFD, 0x00, 0x00, 0x00, 0x02, 0xFE, 0x00, 0x00, 0x00, 0x00, 0x00, 0x00, 0x00, 0x00, 0x0F,
    0xC0, 0x0B, 0xD0, 0x0B, 0xF0, 0x07, 0xF8, 0x03, 0xFC, 0x01, 0xFD, 0x00, 0xBD, 0x00, 0x3E, 0x00,
    0x00, 0x00, 0x00, 0x00, 0x01, 0x00, 0x01, 0x00, 0x7F, 0xE0, 0x2F, 0xF0, 0x3F, 0xF8, 0x2F, 0xFC,
    0x00, 0xFD, 0x00, 0x7F, 0x00, 0x3F, 0x00, 0x1F, 0xC0, 0x1F, 0xC0, 0x0B, 0xE0, 0x0B, 0xE0, 0x03,
    0xF4, 0x03, 0xF4, 0x00, 0xFD, 0x00, 0xFC, 0x00, 0x7F, 0x00, 0x7F, 0x00, 0x2F, 0xC0, 0x2F, 0x88,
    0x0F, 0xE0, 0x0F, 0xFF, 0x43, 0xF4, 0x03, 0xFF, 0xC1, 0xFC, 0x00, 0xBF, 0x80, 0xBF, 0x00, 0x00,
    0x00, 0x3F, 0x40, 0x00, 0x00, 0x0F, 0xC0, 0x00, 0x0D, 0x0F, 0xE0, 0x00, 0x0F, 0xFF, 0xF0, 0x00,
    0x02, 0xFF, 0xF0, 0x00, 0x00, 0x2F, 0x90, 0x00, 0x00, 0x00, 0x00, 0x00, 0x00, 0x00, 0x00, 0x00,
    0x3E, 0x00, 0x00, 0x00, 0x3F, 0xE0, 0x00, 0x00, 0x3F, 0xBD, 0x00, 0x00, 0x7F, 0x0B, 0xC0, 0x00,
    0x2E, 0x00, 0x90, 0x00, 0x00, 0x00, 0x00, 0x00, 0x01, 0x55, 0x54, 0x00, 0x01, 0xFF, 0xFE, 0x00,
    0x00, 0x2F, 0xFE, 0x00, 0x00, 0x01, 0xFD, 0x00, 0x00, 0x00, 0xBF, 0x00, 0x00, 0x00, 0x3F, 0xC0,
    0x00, 0x00, 0x0F, 0xE0, 0x00, 0x00, 0x07, 0xF4, 0x00, 0x00, 0x02, 0xFC, 0x00, 0x00, 0x00, 0xBF,
    0x00, 0x00, 0x00, 0x3F, 0xC0, 0x00, 0x00, 0x0F, 0xE0, 0x00, 0x00, 0x07, 0xF4, 0x00, 0x00, 0x02,
    0xFC, 0x00, 0x00, 0x00, 0xFF, 0x00, 0x00, 0x00, 0x3F, 0x80, 0x00, 0x00, 0x1F, 0xD0, 0x00, 0x00,
    0x0B, 0xF0, 0x00, 0x00, 0x03, 0xF8, 0x00, 0x02, 0xC2, 0xFC, 0x00, 0x01, 0xFF, 0xFE, 0x00, 0x00,
    0x7F, 0xFE, 0x00, 0x00, 0x0B, 0xF8, 0x00, 0x00, 0x00, 0x00, 0x00, 0x01, 0x40, 0x00, 0x00, 0x0B,
    0xE0, 0x00, 0x00, 0x2F, 0xF4, 0x00, 0x00, 0x7D, 0xF8, 0x00, 0x01, 0xF4, 0x3C, 0x00, 0x02, 0xD0,
    0x28, 0x00, 0x00, 0x00, 0x00, 0x00, 0x00, 0x04, 0x00, 0x00, 0x02, 0xFF, 0x00, 0x00, 0x0B, 0xFF,
    0x00, 0x00, 0x00, 0x7F, 0x00, 0x00, 0x00, 0xBF, 0x00, 0x00, 0x00, 0xFE, 0x00, 0x00, 0x00, 0xFD,
    0x00, 0x00, 0x00, 0xFC, 0x00, 0x00, 0x01, 0xFC, 0x00, 0x00, 0x02, 0xFC, 0x00, 0x00, 0x03, 0xF8,
    0x00, 0x00, 0x03, 0xF4, 0x00, 0x00, 0x07, 0xF0, 0x00, 0x00, 0x0B, 0xF0, 0x00, 0x00, 0x0F, 0xD0,
    0x00, 0x00, 0x1F, 0xC0, 0x00, 0x74, 0x3F, 0x40, 0x00, 0xFF, 0xFF, 0x00, 0x00, 0xFF, 0xFC, 0x00,
    0x00, 0x2F, 0x90, 0x00, 0x00, 0x00, 0x55, 0x54, 0x05, 0x55, 0x01, 0xFF, 0xFD, 0x3F, 0xFE, 0x00,
    0xBF, 0xF4, 0x1F, 0xF8, 0x00, 0x2F, 0xC0, 0x2F, 0xC0, 0x00, 0x3F, 0xC0, 0xFF, 0x00, 0x00, 0x3F,
    0x83, 0xF8, 0x00, 0x00, 0x7F, 0x4F, 0xE0, 0x00, 0x00, 0xBF, 0x7F, 0x40, 0x00, 0x00, 0xBF, 0xFD,
    0x00, 0x00, 0x00, 0xFF, 0xFC, 0x00, 0x00, 0x00, 0xFF, 0xFE, 0x00, 0x00, 0x01, 0xFD, 0xBF, 0x40,
    0x00, 0x02, 0xFC, 0x3F, 0xC0, 0x00, 0x03, 0xFC, 0x1F, 0xF0, 0x00, 0x03, 0xF8, 0x0F, 0xF8, 0x00,
    0x07, 0xF8, 0x03, 0xFF, 0x00, 0x7F, 0xFF, 0x01, 0xFF, 0xD0, 0xBF, 0xFF, 0x00, 0x7F, 0xC0, 0x00,
    0x00, 0x00, 0x00, 0x00, 0x00, 0x00, 0xA0, 0x00, 0x00, 0x00, 0x02, 0xF8, 0x00, 0x00, 0x00, 0x01,
    0xF8, 0x00, 0x00, 0x00, 0x02, 0xF0, 0x00, 0x00, 0x00, 0x07, 0xD0, 0x00, 0x00, 0x00, 0x05, 0x00,
    0x00, 0x00, 0x00, 0x14, 0x00, 0x02, 0xFF, 0x80, 0x01, 0xFF, 0xE0, 0x00, 0x03, 0xF4, 0x00, 0x00,
    0xFC, 0x00, 0x00, 0x7F, 0x00, 0x00, 0x2F, 0x80, 0x40, 0x0F, 0xC2, 0xFC, 0x03, 0xF7, 0xFF, 0x80,
    0xFB, 0xC7, 0xE0, 0x7F, 0x80, 0xF8, 0x2F, 0xC0, 0xBC, 0x0F, 0xD0, 0xBD, 0x03, 0xFB, 0xFC, 0x01,
    0xFF, 0xF0, 0x00, 0xBE, 0xBD, 0x00, 0x3F, 0x4F, 0xC0, 0x0F, 0xC2, 0xFE, 0x47, 0xF0, 0x3F, 0xFA,
    0xF8, 0x02, 0xFC, 0x00, 0x00, 0x00, 0x00, 0x0A, 0x00, 0x00, 0x0B, 0xD0, 0x00, 0x01, 0xF0, 0x00,
    0x00, 0xB8, 0x00, 0x00, 0x78, 0x00, 0x00, 0x14, 0x00, 0x00, 0x00, 0x10, 0x00, 0x41, 0xFF, 0x40,
    0xFE, 0x3F, 0xF4, 0x3F, 0xE0, 0x3F, 0x4F, 0xFC, 0x03, 0xF3, 0xE0, 0x40, 0x3F, 0xB8, 0x00, 0x07,
    0xFF, 0x00, 0x00, 0xBF, 0xF0, 0x00, 0x0F, 0xEF, 0x80, 0x00, 0xFC, 0xBC, 0x00, 0x1F, 0xC7, 0xF0,
    0x81, 0xFC, 0x3F, 0xFD, 0x2F, 0x82, 0xFF, 0xC3, 0xF4, 0x0B, 0xF0, 0x00, 0x00, 0x00, 0x00, 0x00,
    0x00, 0x00, 0x00, 0x00, 0x00, 0x28, 0x00, 0x00, 0x07, 0xF0, 0x00, 0x00, 0xFF, 0xC0, 0x00, 0x0F,
    0xF4, 0x00, 0x00, 0x24, 0x00, 0x00, 0x00, 0x00, 0x00, 0x00, 0x15, 0x55, 0x00, 0x01, 0xFF, 0xFD,
    0x00, 0x02, 0xFF, 0xD0, 0x00, 0x02, 0xFC, 0x00, 0x00, 0x0F, 0xF0, 0x00, 0x00, 0x3F, 0x80, 0x00,
    0x01, 0xFD, 0x00, 0x00, 0x0B, 0xF0, 0x00, 0x00, 0x2F, 0xC0, 0x00, 0x00, 0xFF, 0x00, 0x00, 0x03,
    0xF8, 0x00, 0x00, 0x1F, 0xD0, 0x00, 0x00, 0xBF, 0x00, 0x0D, 0x03, 0xFC, 0x00, 0xF8, 0x0F, 0xF0,
    0x07, 0xD0, 0x7F, 0x95, 0x7F, 0x1F, 0xFF, 0xFF, 0xF8, 0xBF, 0xFF, 0xFF, 0xD0, 0x00, 0x00, 0x00,
    0x00, 0x1D, 0x00, 0x1F, 0xE0, 0x1F, 0xFD, 0x03, 0xF9, 0x00, 0x10, 0x00, 0x00, 0x14, 0x00, 0xBF,
    0xE0, 0x1F, 0xFE, 0x00, 0x0F, 0xD0, 0x00, 0xFC, 0x00, 0x1F, 0xC0, 0x02, 0xF8, 0x00, 0x3F, 0x80,
    0x03, 0xF4, 0x00, 0x7F, 0x00, 0x0B, 0xF0, 0x00, 0xFE, 0x00, 0x0F, 0xD0, 0x00, 0xFC, 0x00, 0x1F,
    0xC0, 0x02, 0xF8, 0x00, 0x3F, 0x48, 0x03, 0xFF, 0xC0, 0x3F, 0xF8, 0x03, 0xFD, 0x00, 0x00, 0x00,
    0x00, 0x00, 0x55, 0x54, 0x00, 0x07, 0xFF, 0xF4, 0x00, 0x0B, 0xFF, 0x40, 0x00, 0x0B, 0xF0, 0x00,
    0x00, 0x3F, 0xC0, 0x00, 0x00, 0xFE, 0x00, 0x00, 0x07, 0xF4, 0x00, 0x00, 0x2F, 0xC0, 0x00, 0x00,
    0xBF, 0x00, 0x00, 0x03, 0xFC, 0x00, 0x00, 0x0F, 0xE0, 0x00, 0x00, 0x7F, 0x40, 0x00, 0x02, 0xFC,
    0x00, 0x34, 0x0F, 0xF0, 0x03, 0xE0, 0x3F, 0xC0, 0x1F, 0x41, 0xFE, 0x55, 0xFC, 0x7F, 0xFF, 0xFF,
    0xE2, 0xFF, 0xFF, 0xFF, 0x40, 0x00, 0x00, 0x00, 0x00, 0x02, 0xD0, 0x00, 0x00, 0x1F, 0xC0, 0x00,
    0x00, 0x3F, 0x00, 0x00, 0x01, 0xF4, 0x00, 0x00, 0x1F, 0x40, 0x00, 0x00, 0x60, 0x00, 0x00, 0x00,
    0x05, 0x00, 0xBF, 0xE0, 0x7F, 0xF8, 0x00, 0xFD, 0x00, 0x3F, 0x00, 0x1F, 0xC0, 0x0B, 0xE0, 0x03,
    0xF8, 0x00, 0xFD, 0x00, 0x7F, 0x00, 0x2F, 0xC0, 0x0F, 0xE0, 0x03, 0xF4, 0x00, 0xFC, 0x00, 0x7F,
    0x00, 0x2F, 0x80, 0x0F, 0xD2, 0x03, 0xFF, 0xC0, 0xFF, 0xE0, 0x3F, 0xD0, 0x00, 0x00, 0x01, 0x80,
    0x00, 0xF8, 0x00, 0x3E, 0x00, 0x0F, 0x00, 0x0F, 0x40, 0x01, 0x00, 0x00, 0x00, 0x00, 0x00, 0x00,
    0x00, 0x00, 0x00, 0x3E, 0x00, 0x55, 0x54, 0x3D, 0x01, 0xFF, 0xFD, 0x7C, 0x00, 0xBF, 0xF4, 0xB8,
    0x00, 0x2F, 0xC0, 0xF0, 0x00, 0x3F, 0xC0, 0x50, 0x00, 0x3F, 0x80, 0x00, 0x00, 0x7F, 0x40, 0x00,
    0x00, 0xBF, 0x00, 0x00, 0x00, 0xBF, 0x00, 0x00, 0x00, 0xFF, 0x00, 0x00, 0x00, 0xFE, 0x00, 0x00,
    0x01, 0xFD, 0x00, 0x00, 0x02, 0xFC, 0x00, 0x34, 0x03, 0xFC, 0x00, 0xF8, 0x03, 0xFC, 0x01, 0xF4,
    0x07, 0xF9, 0x57, 0xF0, 0x7F, 0xFF, 0xFF, 0xE0, 0xBF, 0xFF, 0xFF, 0xD0, 0x00, 0x14, 0x04, 0x0B,
    0xFE, 0x2F, 0x1F, 0xFE, 0x3E, 0x00, 0xFD, 0x3D, 0x00, 0xFC, 0x7C, 0x01, 0xFC, 0xB4, 0x02, 0xF8,
    0x20, 0x03, 0xF8, 0x00, 0x03, 0xF4, 0x00, 0x07, 0xF0, 0x00, 0x0B, 0xF0, 0x00, 0x0F, 0xE0, 0x00,
    0x0F, 0xD0, 0x00, 0x0F, 0xC0, 0x00, 0x1F, 0xC0, 0x00, 0x2F, 0x80, 0x00, 0x3F, 0x48, 0x00, 0x3F,
    0xFC, 0x00, 0x3F, 0xF8, 0x00, 0x3F, 0xD0, 0x00, 0x00, 0x00, 0x00, 0x00, 0x55, 0x54, 0x00, 0x01,
    0xFF, 0xFD, 0x00, 0x00, 0xBF, 0xF4, 0x00, 0x00, 0x2F, 0xC0, 0x00, 0x00, 0x3F, 0xC0, 0x00, 0x00,
    0x3F, 0x80, 0x00, 0x00, 0x7F, 0x40, 0x7C, 0x00, 0xBF, 0x01, 0xFC, 0x00, 0xBF, 0x02, 0xFC, 0x00,
    0xFF, 0x00, 0xF4, 0x00, 0xFE, 0x00, 0x00, 0x01, 0xFD, 0x00, 0x00, 0x02, 0xFC, 0x00, 0x34, 0x03,
    0xFC, 0x00, 0xF8, 0x03, 0xFC, 0x01, 0xF4, 0x07, 0xF9, 0x57, 0xF0, 0x7F, 0xFF, 0xFF, 0xE0, 0xBF,
    0xFF, 0xFF, 0xD0, 0x00, 0x14, 0x00, 0x0B, 0xFE, 0x00, 0x1F, 0xFE, 0x00, 0x00, 0xFD, 0x00, 0x00,
    0xFC, 0x00, 0x01, 0xFC, 0x00, 0x02, 0xF8, 0x00, 0x03, 0xF8, 0x00, 0x03, 0xF4, 0x00, 0x07, 0xF0,
    0xBC, 0x0B, 0xF1, 0xFC, 0x0F, 0xE1, 0xFC, 0x0F, 0xD0, 0xA0, 0x0F, 0xC0, 0x00, 0x1F, 0xC0, 0x00,
    0x2F, 0x80, 0x00, 0x3F, 0x48, 0x00, 0x3F, 0xFC, 0x00, 0x3F, 0xF8, 0x00, 0x3F, 0xD0, 0x00, 0x00,
    0x00, 0x00, 0x00, 0x55, 0x54, 0x00, 0x07, 0xFF, 0xF4, 0x00, 0x0B, 0xFF, 0x40, 0x00, 0x0B, 0xF0,
    0x00, 0x00, 0x3F, 0xC0, 0x00, 0x00, 0xFE, 0x00, 0x00, 0x07, 0xF5, 0xC0, 0x00, 0x2F, 0xFF, 0x40,
    0x00, 0xFF, 0xE0, 0x00, 0x07, 0xFC, 0x00, 0x02, 0xFF, 0xE0, 0x00, 0x0F, 0xBF, 0x40, 0x00, 0x02,
    0xFC, 0x00, 0x34, 0x0F, 0xF0, 0x03, 0xE0, 0x3F, 0xC0, 0x1F, 0x41, 0xFE, 0x55, 0xFC, 0x7F, 0xFF,
    0xFF, 0xE2, 0xFF, 0xFF, 0xFF, 0x40, 0x00, 0x05, 0x00, 0x2F, 0xF8, 0x07, 0xFF, 0x80, 0x03, 0xF4,
    0x00, 0x3F, 0x00, 0x07, 0xF0, 0x00, 0xBE, 0x00, 0x0F, 0xE0, 0x00, 0xFF, 0xE0, 0x1F, 0xF8, 0x02,
    0xFC, 0x01, 0xFF, 0x80, 0x3F, 0xF4, 0x01, 0x3F, 0x00, 0x07, 0xF0, 0x00, 0xBE, 0x00, 0x0F, 0xD2,
    0x00, 0xFF, 0xF0, 0x0F, 0xFE, 0x00, 0xFF, 0x40, 0x00, 0x00, 0x00, 0x00, 0x00, 0x00, 0x00, 0x00,
    0x00, 0x00, 0x00, 0x00, 0x74, 0x00, 0x00, 0x00, 0x00, 0x2F, 0x80, 0x00, 0x00, 0x00, 0x1F, 0xF4,
    0x00, 0x00, 0x00, 0x0B, 0xFD, 0x00, 0x00, 0x00, 0x00, 0x64, 0x00, 0x00, 0x00, 0x00, 0x00, 0x00,
    0x00, 0x00, 0x05, 0x54, 0x00, 0x15, 0x54, 0x01, 0xFF, 0xE0, 0x0B, 0xFF, 0xD0, 0x0B, 0xFF, 0x00,
    0x6F, 0xF4, 0x00, 0x2F, 0xF4, 0x00, 0xFC, 0x00, 0x03, 0xFF, 0xC0, 0x0F, 0xC0, 0x00, 0x3F, 0xFD,
    0x01, 0xF8, 0x00, 0x07, 0xFF, 0xE0, 0x1F, 0x40, 0x00, 0x7D, 0xFF, 0x02, 0xF0, 0x00, 0x0B, 0xC7,
    0xF8, 0x3F, 0x00, 0x00, 0xFC, 0x3F, 0xC3, 0xF0, 0x00, 0x0F, 0xC1, 0xFE, 0x7E, 0x00, 0x01, 0xF8,
    0x0F, 0xFB, 0xD0, 0x00, 0x2F, 0x40, 0xBF, 0xFC, 0x00, 0x03, 0xF0, 0x03, 0xFF, 0xC0, 0x00, 0x3F,
    0x00, 0x2F, 0xF8, 0x00, 0x07, 0xF0, 0x00, 0xFF, 0x80, 0x02, 0xFF, 0xD0, 0x0F, 0xF4, 0x00, 0xBF,
    0xFD, 0x00, 0x7F, 0x00, 0x00, 0x00, 0x00, 0x01, 0x00, 0x00, 0x00, 0x00, 0x00, 0x00, 0x00, 0x00,
    0x0E, 0x00, 0x00, 0x00, 0xFC, 0x00, 0x00, 0x07, 0xF0, 0x00, 0x00, 0x3F, 0x00, 0x00, 0x01, 0xF0,
    0x00, 0x00, 0x02, 0x00, 0x00, 0x00, 0x00, 0x00, 0x00, 0x10, 0x01, 0x00, 0x7F, 0xD0, 0xFF, 0x03,
    0xFF, 0x9F, 0xFE, 0x00, 0xFE, 0xFB, 0xF8, 0x03, 0xFF, 0x0B, 0xE0, 0x0F, 0xF4, 0x3F, 0x40, 0x7F,
    0x80, 0xFC, 0x02, 0xFC, 0x07, 0xF0, 0x0F, 0xE0, 0x3F, 0x80, 0x3F, 0x40, 0xFD, 0x01, 0xFC, 0x07,
    0xF1, 0x47, 0xF0, 0x1F, 0xFE, 0x2F, 0xC0, 0xBF, 0xF4, 0xFD, 0x00, 0xFE, 0x00, 0x00, 0x00, 0x00,
    0x00, 0x00, 0x55, 0x40, 0x01, 0x55, 0x40, 0x1F, 0xFE, 0x00, 0xBF, 0xFD, 0x00, 0xBF, 0xF0, 0x06,
    0xFF, 0x40, 0x02, 0xFF, 0x40, 0x0F, 0xC0, 0x00, 0x3F, 0xFC, 0x00, 0xFC, 0x00, 0x03, 0xFF, 0xD0,
    0x1F, 0x80, 0x00, 0x7F, 0xFE, 0x01, 0xF4, 0x00, 0x07, 0xDF, 0xF0, 0x2F, 0x00, 0x00, 0xBC, 0x7F,
    0x83, 0xF0, 0x00, 0x0F, 0xC3, 0xFC, 0x3F, 0x00, 0x00, 0xFC, 0x1F, 0xE7, 0xE0, 0x00, 0x1F, 0x80,
    0xFF, 0xBD, 0x00, 0x02, 0xF4, 0x0B, 0xFF, 0xC0, 0x00, 0x3F, 0x00, 0x3F, 0xFC, 0x00, 0x03, 0xF0,
    0x02, 0xFF, 0x80, 0x00, 0x7F, 0x00, 0x0F, 0xF8, 0x00, 0x2F, 0xFD, 0x00, 0xFF, 0x40, 0x0B, 0xFF,
    0xD0, 0x07, 0xF0, 0x00, 0x00, 0x00, 0x00, 0x10, 0x00, 0x00, 0x00, 0x0B, 0x40, 0x00, 0x00, 0x00,
    0x00, 0xFC, 0x00, 0x00, 0x00, 0x00, 0x0F, 0xC0, 0x00, 0x00, 0x00, 0x00, 0xF4, 0x00, 0x00, 0x00,
    0x00, 0x3D, 0x00, 0x00, 0x00, 0x00, 0x06, 0x00, 0x00, 0x00, 0x00, 0x00, 0x10, 0x01, 0x00, 0x7F,
    0xD0, 0xFF, 0x03, 0xFF, 0x9F, 0xFE, 0x00, 0xFE, 0xFB, 0xF8, 0x03, 0xFF, 0x0B, 0xE0, 0x0F, 0xF4,
    0x3F, 0x40, 0x7F, 0x80, 0xFC, 0x02, 0xFC, 0x07, 0xF0, 0x0F, 0xE0, 0x3F, 0x80, 0x3F, 0x40, 0xFD,
    0x01, 0xFC, 0x07, 0xF1, 0x47, 0xF0, 0x1F, 0xFE, 0x2F, 0xC0, 0xBF, 0xF4, 0xFD, 0x00, 0xFE, 0x00,
    0x00, 0x00, 0x00, 0x00, 0x02, 0x80, 0x00, 0x00, 0x3F, 0x00, 0x00, 0x00, 0xBC, 0x00, 0x00, 0x03,
    0xD0, 0x00, 0x00, 0x2E, 0x00, 0x00, 0x00, 0x50, 0x00, 0x00, 0x00, 0x00, 0x00, 0x00, 0x00, 0x00,
    0x00, 0x03, 0x80, 0x3E, 0x00, 0x00, 0x00, 0x3E, 0x0F, 0xC0, 0x00, 0x00, 0x02, 0xFB, 0xE0, 0x00,
    0x00, 0x00, 0x0F, 0xF8, 0x00, 0x00, 0x00, 0x00, 0x3E, 0x00, 0x00, 0x00, 0x00, 0x00, 0x00, 0x00,
    0x00, 0x05, 0x54, 0x00, 0x15, 0x54, 0x01, 0xFF, 0xE0, 0x0B, 0xFF, 0xD0, 0x0B, 0xFF, 0x00, 0x6F,
    0xF4, 0x00, 0x2F, 0xF4, 0x00, 0xFC, 0x00, 0x03, 0xFF, 0xC0, 0x0F, 0xC0, 0x00, 0x3F, 0xFD, 0x01,
    0xF8, 0x00, 0x07, 0xFF, 0xE0, 0x1F, 0x40, 0x00, 0x7D, 0xFF, 0x02, 0xF0, 0x00, 0x0B, 0xC7, 0xF8,
    0x3F, 0x00, 0x00, 0xFC, 0x3F, 0xC3, 0xF0, 0x00, 0x0F, 0xC1, 0xFE, 0x7E, 0x00, 0x01, 0xF8, 0x0F,
    0xFB, 0xD0, 0x00, 0x2F, 0x40, 0xBF, 0xFC, 0x00, 0x03, 0xF0, 0x03, 0xFF, 0xC0, 0x00, 0x3F, 0x00,
    0x2F, 0xF8, 0x00, 0x07, 0xF0, 0x00, 0xFF, 0x80, 0x02, 0xFF, 0xD0, 0x0F, 0xF4, 0x00, 0xBF, 0xFD,
    0x00, 0x7F, 0x00, 0x00, 0x00, 0x00, 0x01, 0x00, 0x00, 0x00, 0x09, 0x01, 0xD0, 0x00, 0x7C, 0x2F,
    0x00, 0x00, 0xF5, 0xF0, 0x00, 0x02, 0xFF, 0x40, 0x00, 0x03, 0xF4, 0x00, 0x00, 0x06, 0x80, 0x00,
    0x00, 0x00, 0x00, 0x00, 0x04, 0x00, 0x40, 0x1F, 0xF4, 0x3F, 0xC0, 0xFF, 0xE7, 0xFF, 0x80, 0x3F,
    0xBE, 0xFE, 0x00, 0xFF, 0xC2, 0xF8, 0x03, 0xFD, 0x0F, 0xD0, 0x1F, 0xE0, 0x3F, 0x00, 0xBF, 0x01,
    0xFC, 0x03, 0xF8, 0x0F, 0xE0, 0x0F, 0xD0, 0x3F, 0x40, 0x7F, 0x01, 0xFC, 0x51, 0xFC, 0x07, 0xFF,
    0x8B, 0xF0, 0x2F, 0xFD, 0x3F, 0x40, 0x3F, 0x80, 0x00, 0x00, 0x00, 0x00, 0x02, 0x90, 0x00, 0x00,
    0x00, 0x0B, 0xF0, 0x00, 0x00, 0x00, 0x07, 0xF0, 0x00, 0x00, 0x00, 0x07, 0xE0, 0x00, 0x00, 0x00,
    0x0B, 0xC0, 0x00, 0x00, 0x00, 0x0F, 0x80, 0x10, 0x01, 0x00, 0x3F, 0x1F, 0xFC, 0x2F, 0xD0, 0x3C,
    0x3F, 0xFC, 0xFF, 0xF0, 0x00, 0x02, 0xFB, 0xEB, 0xF0, 0x00, 0x02, 0xFF, 0x47, 0xF0, 0x00, 0x03,
    0xFE, 0x0B, 0xE0, 0x00, 0x03, 0xFC, 0x0F, 0xD0, 0x00, 0x07, 0xF4, 0x0F, 0xC0, 0x00, 0x0B, 0xF0,
    0x1F, 0xC0, 0x00, 0x0B, 0xE0, 0x2F, 0x80, 0x00, 0x0F, 0xD0, 0x3F, 0x48, 0x00, 0x0F, 0xD0, 0x3F,
    0xFC, 0x00, 0x1F, 0xC0, 0x3F, 0xF8, 0x00, 0x2F, 0x80, 0x3F, 0xD0, 0x00, 0x00, 0x00, 0x00, 0x00,
    0x00, 0x55, 0x40, 0x01, 0x55, 0x40, 0x1F, 0xFE, 0x00, 0xBF, 0xFD, 0x00, 0xBF, 0xF0, 0x06, 0xFF,
    0x40, 0x02, 0xFF, 0x40, 0x0F, 0xC0, 0x00, 0x3F, 0xFC, 0x00, 0xFC, 0x00, 0x03, 0xFF, 0xD0, 0x1F,
    0x80, 0x00, 0x7F, 0xFE, 0x01, 0xF4, 0x00, 0x07, 0xDF, 0xF0, 0x2F, 0x00, 0x00, 0xBC, 0x7F, 0x83,
    0xF0, 0x00, 0x0F, 0xC3, 0xFC, 0x3F, 0x00, 0x00, 0xFC, 0x1F, 0xE7, 0xE0, 0x00, 0x1F, 0x80, 0xFF,
    0xBD, 0x00, 0x02, 0xF4, 0x0B, 0xFF, 0xC0, 0x00, 0x3F, 0x00, 0x3F, 0xFC, 0x00, 0x03, 0xF0, 0x02,
    0xFF, 0x80, 0x00, 0x7F, 0x00, 0x0F, 0xF8, 0x00, 0x2F, 0xFD, 0x00, 0xBF, 0x40, 0x0B, 0xFF, 0xD0,
    0x07, 0xF0, 0x00, 0x00, 0x00, 0x00, 0x3E, 0x00, 0x00, 0x00, 0x0D, 0x0B, 0xC0, 0x00, 0x00, 0x02,
    0xFF, 0xF8, 0x00, 0x00, 0x00, 0x2F, 0xFE, 0x00, 0x00, 0x00, 0x00, 0xBE, 0x40, 0x00, 0x00, 0x00,
    0x10, 0x01, 0x01, 0xFF, 0x43, 0xFC, 0x3F, 0xF9, 0xFF, 0xE0, 0x3F, 0xBE, 0xFE, 0x03, 0xFF, 0x0B,
    0xE0, 0x3F, 0xD0, 0xFD, 0x07, 0xF8, 0x0F, 0xC0, 0xBF, 0x01, 0xFC, 0x0F, 0xE0, 0x2F, 0x80, 0xFD,
    0x03, 0xF8, 0x1F, 0xC0, 0x3F, 0x01, 0xFC, 0x07, 0xF0, 0x2F, 0xC0, 0xBE, 0x03, 0xF4, 0x0F, 0xD0,
    0x00, 0x01, 0xFC, 0x00, 0x00, 0x2F, 0x80, 0x02, 0x83, 0xF0, 0x00, 0x7F, 0xFD, 0x00, 0x07, 0xFF,
    0x80, 0x00, 0x1F, 0x90, 0x00, 0x00, 0x00, 0x55, 0x54, 0x00, 0x00, 0x2F, 0xFF, 0xD0, 0x00, 0x02,
    0xFF, 0xFC, 0x00, 0x00, 0x00, 0x00, 0x00, 0x00, 0x00, 0x00, 0x00, 0x00, 0x00, 0x06, 0xA9, 0x00,
    0x00, 0x0F, 0xFF, 0xFD, 0x00, 0x07, 0xFF, 0xFF, 0xF4, 0x01, 0xFF, 0x41, 0xFF, 0xC0, 0x7F, 0xC0,
    0x03, 0xFD, 0x0F, 0xF4, 0x00, 0x2F, 0xE1, 0xFF, 0x00, 0x02, 0xFE, 0x2F, 0xD0, 0x00, 0x2F, 0xE3,
    0xFC, 0x00, 0x02, 0xFE, 0x3F, 0xC0, 0x00, 0x2F, 0xE3, 0xFC, 0x00, 0x03, 0xFD, 0x3F, 0xC0, 0x00,
    0x3F, 0xC3, 0xFC, 0x00, 0x0B, 0xF8, 0x3F, 0xD0, 0x01, 0xFF, 0x02, 0xFF, 0x00, 0x7F, 0xD0, 0x0F,
    0xFE, 0xBF, 0xF4, 0x00, 0x7F, 0xFF, 0xFD, 0x00, 0x00, 0xBF, 0xFD, 0x00, 0x00, 0x00, 0x00, 0x00,
    0x00, 0x00, 0x1F, 0xFF, 0xC0, 0x02, 0xFF, 0xFC, 0x00, 0x05, 0x55, 0x40, 0x00, 0x00, 0x00, 0x00,
    0x01, 0x40, 0x00, 0x02, 0xFF, 0xD0, 0x01, 0xFF, 0xFF, 0x00, 0x7F, 0x87, 0xF8, 0x0F, 0xE0, 0x3F,
    0xC1, 0xFC, 0x02, 0xFC, 0x3F, 0x80, 0x2F, 0xC3, 0xF4, 0x03, 0xF8, 0x3F, 0x40, 0x3F, 0x47, 0xF4,
    0x07, 0xF0, 0x3F, 0x40, 0xFD, 0x03, 0xFD, 0x7F, 0xC0, 0x1F, 0xFF, 0xE0, 0x00, 0x7F, 0xF4, 0x00,
    0x00, 0x00, 0x00, 0x00, 0x00, 0x00, 0x90, 0x04, 0x00, 0x00, 0x1F, 0x01, 0xC0, 0x00, 0x01, 0xFE,
    0xFC, 0x00, 0x00, 0x0F, 0xFE, 0x00, 0x00, 0x00, 0x15, 0x00, 0x00, 0x00, 0x00, 0x00, 0x00, 0x00,
    0x00, 0x6A, 0x90, 0x00, 0x00, 0xFF, 0xFF, 0xD0, 0x00, 0x7F, 0xFF, 0xFF, 0x40, 0x1F, 0xF4, 0x1F,
    0xFC, 0x07, 0xFC, 0x00, 0x3F, 0xD0, 0xFF, 0x40, 0x02, 0xFE, 0x1F, 0xF0, 0x00, 0x2F, 0xE2, 0xFD,
    0x00, 0x02, 0xFE, 0x3F, 0xC0, 0x00, 0x2F, 0xE3, 0xFC, 0x00, 0x02, 0xFE, 0x3F, 0xC0, 0x00, 0x3F,
    0xD3, 0xFC, 0x00, 0x03, 0xFC, 0x3F, 0xC0, 0x00, 0xBF, 0x83, 0xFD, 0x00, 0x1F, 0xF0, 0x2F, 0xF0,
    0x07, 0xFD, 0x00, 0xFF, 0xEB, 0xFF, 0x40, 0x07, 0xFF, 0xFF, 0xD0, 0x00, 0x0B, 0xFF, 0xD0, 0x00,
    0x00, 0x00, 0x00, 0x00, 0x00, 0x00, 0x04, 0x00, 0x00, 0x01, 0xE0, 0x0C, 0x00, 0x2F, 0x9B, 0xC0,
    0x00, 0xFF, 0xF0, 0x00, 0x02, 0xF8, 0x00, 0x00, 0x00, 0x00, 0x00, 0x01, 0x40, 0x00, 0x02, 0xFF,
    0xD0, 0x01, 0xFF, 0xFF, 0x00, 0x7F, 0x87, 0xF8, 0x0F, 0xE0, 0x3F, 0xC1, 0xFC, 0x02, 0xFC, 0x3F,
    0x80, 0x2F, 0xC3, 0xF4, 0x03, 0xF8, 0x3F, 0x40, 0x3F, 0x47, 0xF4, 0x07, 0xF0, 0x3F, 0x40, 0xFD,
    0x03, 0xFD, 0x7F, 0xC0, 0x1F, 0xFF, 0xE0, 0x00, 0x7F, 0xF4, 0x00, 0x00, 0x00, 0x00, 0x00, 0x00,
    0x00, 0x00, 0x00, 0x10, 0x00, 0x00, 0x1E, 0x02, 0xD0, 0x00, 0x02, 0xFC, 0x3F, 0x80, 0x00, 0x3F,
    0xD7, 0xFC, 0x00, 0x03, 0xF8, 0x7F, 0x40, 0x00, 0x0D, 0x01, 0xD0, 0x00, 0x00, 0x00, 0x00, 0x00,
    0x00, 0x00, 0x1A, 0xA4, 0x00, 0x00, 0x0F, 0xFF, 0xFD, 0x00, 0x01, 0xFF, 0xFF, 0xFD, 0x00, 0x1F,
    0xF4, 0x1F, 0xFC, 0x01, 0xFF, 0x00, 0x0F, 0xF4, 0x0F, 0xF4, 0x00, 0x2F, 0xE0, 0x7F, 0xC0, 0x00,
    0xBF, 0x82, 0xFD, 0x00, 0x02, 0xFE, 0x0F, 0xF0, 0x00, 0x0B, 0xF8, 0x3F, 0xC0, 0x00, 0x2F, 0xE0,
    0xFF, 0x00, 0x00, 0xFF, 0x43, 0xFC, 0x00, 0x03, 0xFC, 0x0F, 0xF0, 0x00, 0x2F, 0xE0, 0x3F, 0xD0,
    0x01, 0xFF, 0x00, 0xBF, 0xC0, 0x1F, 0xF4, 0x00, 0xFF, 0xEB, 0xFF, 0x40, 0x01, 0xFF, 0xFF, 0xF4,
    0x00, 0x00, 0xBF, 0xFD, 0x00, 0x00, 0x00, 0x00, 0x00, 0x00, 0x00, 0x00, 0x00, 0x40, 0x50, 0x00,
    0x07, 0xC3, 0xD0, 0x00, 0x3F, 0x2F, 0x40, 0x03, 0xF1, 0xF8, 0x00, 0x1F, 0x0F, 0x40, 0x00, 0x70,
    0x34, 0x00, 0x00, 0x00, 0x00, 0x00, 0x00, 0x50, 0x00, 0x00, 0x2F, 0xFD, 0x00, 0x07, 0xFF, 0xFC,
    0x00, 0x7F, 0x87, 0xF8, 0x03, 0xF8, 0x0F, 0xF0, 0x1F, 0xC0, 0x2F, 0xC0, 0xFE, 0x00, 0xBF, 0x03,
    0xF4, 0x03, 0xF8, 0x0F, 0xD0, 0x0F, 0xD0, 0x7F, 0x40, 0x7F, 0x00, 0xFD, 0x03, 0xF4, 0x03, 0xFD,
    0x7F, 0xC0, 0x07, 0xFF, 0xF8, 0x00, 0x07, 0xFF, 0x40, 0x00, 0x00, 0x00, 0x00, 0x00, 0x00, 0x00,
    0x5A, 0x95, 0x55, 0x55, 0x00, 0x01, 0xFF, 0xFF, 0xFF, 0xFF, 0xE0, 0x03, 0xFF, 0xFF, 0xFF, 0xFF,
    0xF8, 0x03, 0xFE, 0x40, 0x7F, 0x00, 0x3D, 0x03, 0xFD, 0x00, 0x2F, 0xC0, 0x0F, 0x02, 0xFD, 0x00,
    0x0F, 0xE0, 0x03, 0x80, 0xFF, 0x00, 0x03, 0xF4, 0x00, 0x00, 0xBF, 0x40, 0x01, 0xFC, 0x00, 0x00,
    0x3F, 0xC0, 0x00, 0xBF, 0xFF, 0xE0, 0x0F, 0xF0, 0x00, 0x2F, 0xFF, 0xF4, 0x03, 0xF8, 0x00, 0x0F,
    0xE5, 0x54, 0x00, 0xFE, 0x00, 0x03, 0xF4, 0x00, 0x00, 0x3F, 0xC0, 0x01, 0xFC, 0x00, 0x10, 0x0F,
    0xF4, 0x00, 0xBF, 0x00, 0x1E, 0x02, 0xFF, 0x00, 0x3F, 0xC0, 0x0F, 0x80, 0x3F, 0xFA, 0xBF, 0xE5,
    0x5B, 0xD0, 0x07, 0xFF, 0xFF, 0xFF, 0xFF, 0xF0, 0x00, 0x2F, 0xFF, 0xFF, 0xFF, 0xF8, 0x00, 0x00,
    0x00, 0x00, 0x00, 0x00, 0x00, 0x00, 0x01, 0x40, 0x00, 0x50, 0x00, 0x2F, 0xF8, 0x1F, 0xFC, 0x01,
    0xFF, 0xFE, 0x7F, 0xFE, 0x07, 0xF8, 0x7F, 0xF4, 0x7F, 0x0F, 0xE0, 0x3F, 0xE0, 0x7E, 0x1F, 0xC0,
    0x2F, 0xC0, 0xFC, 0x3F, 0x80, 0x2F, 0x83, 0xF4, 0x3F, 0x40, 0x3F, 0xAF, 0xC0, 0x3F, 0x40, 0x3F,
    0xFD, 0x00, 0x7F, 0x40, 0x7F, 0x90, 0x04, 0x3F, 0x40, 0xFF, 0x80, 0x3C, 0x3F, 0xD7, 0xFF, 0xEA,
    0xFC, 0x1F, 0xFF, 0xDF, 0xFF, 0xF0, 0x07, 0xFF, 0x03, 0xFF, 0x40, 0x00, 0x00, 0x00, 0x00, 0x00,
    0x00, 0x00, 0x00, 0x00, 0x00, 0x00, 0x00, 0x0B, 0x00, 0x00, 0x00, 0x03, 0xF4, 0x00, 0x00, 0x02,
    0xFF, 0x00, 0x00, 0x00, 0xFF, 0x80, 0x00, 0x00, 0x0A, 0x40, 0x00, 0x00, 0x00, 0x00, 0x00, 0x00,
    0x01, 0x6B, 0xA4, 0x00, 0x02, 0xFF, 0xFF, 0xF8, 0x00, 0x7F, 0xFE, 0xBF, 0xD0, 0x01, 0x2F, 0xC1,
    0xFF, 0x00, 0x03, 0xF8, 0x0F, 0xF0, 0x00, 0x3F, 0x80, 0xBF, 0x00, 0x07, 0xF4, 0x0F, 0xF0, 0x00,
    0xBF, 0x01, 0xFD, 0x00, 0x0B, 0xF1, 0xBF, 0x80, 0x00, 0xFF, 0xFF, 0xD0, 0x00, 0x0F, 0xFF, 0xE0,
    0x00, 0x01, 0xFD, 0xBF, 0x00, 0x00, 0x2F, 0xC3, 0xF8, 0x00, 0x03, 0xFC, 0x2F, 0xD0, 0x00, 0x3F,
    0x80, 0xFF, 0x00, 0x07, 0xF8, 0x0B, 0xFD, 0x07, 0xFF, 0xF0, 0x2F, 0xF8, 0xBF, 0xFF, 0x00, 0xBF,
    0x80, 0x00, 0x00, 0x00, 0x00, 0x00, 0x00, 0x00, 0x00, 0x00, 0x03, 0x80, 0x00, 0x03, 0xF0, 0x00,
    0x01, 0xFC, 0x00, 0x00, 0xFC, 0x00, 0x00, 0x7C, 0x00, 0x00, 0x08, 0x00, 0x00, 0x00, 0x00, 0x00,
    0x10, 0x04, 0x07, 0xFD, 0x1F, 0xC3, 0xFF, 0x9F, 0xF0, 0x0B, 0xDF, 0xFC, 0x02, 0xFB, 0x95, 0x00,
    0xFF, 0x80, 0x00, 0x3F, 0xC0, 0x00, 0x1F, 0xE0, 0x00, 0x0B, 0xF0, 0x00, 0x03, 0xF8, 0x00, 0x00,
    0xFD, 0x00, 0x00, 0x7F, 0x00, 0x00, 0x2F, 0xC0, 0x00, 0x0F, 0xE0, 0x00, 0x00, 0x00, 0x16, 0xBA,
    0x40, 0x00, 0x2F, 0xFF, 0xFF, 0x80, 0x07, 0xFF, 0xEB, 0xFD, 0x00, 0x12, 0xFC, 0x1F, 0xF0, 0x00,
    0x3F, 0x80, 0xFF, 0x00, 0x03, 0xF8, 0x0B, 0xF0, 0x00, 0x7F, 0x40, 0xFF, 0x00, 0x0B, 0xF0, 0x1F,
    0xD0, 0x00, 0xBF, 0x1B, 0xF8, 0x00, 0x0F, 0xFF, 0xFD, 0x00, 0x00, 0xFF, 0xFE, 0x00, 0x00, 0x1F,
    0xDB, 0xF0, 0x00, 0x02, 0xFC, 0x3F, 0x80, 0x00, 0x3F, 0xC2, 0xFD, 0x00, 0x03, 0xF8, 0x0F, 0xF0,
    0x00, 0x7F, 0x80, 0xBF, 0xD0, 0x7F, 0xFF, 0x02, 0xFF, 0x8B, 0xFF, 0xF0, 0x0B, 0xF8, 0x00, 0x00,
    0x00, 0x00, 0x00, 0x00, 0x1A, 0x00, 0x00, 0x00, 0x03, 0xF0, 0x00, 0x00, 0x00, 0x2F, 0x00, 0x00,
    0x00, 0x03, 0xE0, 0x00, 0x00, 0x00, 0xF8, 0x00, 0x00, 0x00, 0x09, 0x00, 0x00, 0x00, 0x00, 0x04,
    0x01, 0x00, 0x7F, 0xD1, 0xFC, 0x0F, 0xFE, 0x7F, 0xC0, 0x0B, 0xDF, 0xFC, 0x00, 0xBE, 0xE5, 0x40,
    0x0F, 0xF8, 0x00, 0x00, 0xFF, 0x00, 0x00, 0x1F, 0xE0, 0x00, 0x02, 0xFC, 0x00, 0x00, 0x3F, 0x80,
    0x00, 0x03, 0xF4, 0x00, 0x00, 0x7F, 0x00, 0x00, 0x0B, 0xF0, 0x00, 0x00, 0xFE, 0x00, 0x00, 0x00,
    0x00, 0x00, 0x00, 0x64, 0x00, 0x00, 0x0F, 0xC0, 0x00, 0x00, 0xF8, 0x00, 0x00, 0x0F, 0x00, 0x00,
    0x03, 0xD0, 0x00, 0x00, 0x10, 0x00, 0x00, 0x00, 0x00, 0x00, 0x00, 0x00, 0x00, 0x00, 0x74, 0x07,
    0xD0, 0x00, 0x07, 0xC1, 0xF8, 0x00, 0x00, 0x3F, 0xBD, 0x00, 0x00, 0x00, 0xFF, 0x40, 0x00, 0x00,
    0x07, 0xD0, 0x00, 0x00, 0x00, 0x00, 0x00, 0x00, 0x01, 0x6B, 0xA4, 0x00, 0x02, 0xFF, 0xFF, 0xF8,
    0x00, 0x7F, 0xFE, 0xBF, 0xD0, 0x01, 0x2F, 0xC1, 0xFF, 0x00, 0x03, 0xF8, 0x0F, 0xF0, 0x00, 0x3F,
    0x80, 0xBF, 0x00, 0x07, 0xF4, 0x0F, 0xF0, 0x00, 0xBF, 0x01, 0xFD, 0x00, 0x0B, 0xF1, 0xBF, 0x80,
    0x00, 0xFF, 0xFF, 0xD0, 0x00, 0x0F, 0xFF, 0xE0, 0x00, 0x01, 0xFD, 0xBF, 0x00, 0x00, 0x2F, 0xC3,
    0xF8, 0x00, 0x03, 0xFC, 0x2F, 0xD0, 0x00, 0x3F, 0x80, 0xFF, 0x00, 0x07, 0xF8, 0x0B, 0xFD, 0x07,
    0xFF, 0xF0, 0x2F, 0xF8, 0xBF, 0xFF, 0x00, 0xBF, 0x80, 0x00, 0x00, 0x00, 0x00, 0x00, 0x24, 0x07,
    0x40, 0x1F, 0x0B, 0xC0, 0x03, 0xD7, 0xC0, 0x00, 0xBF, 0xD0, 0x00, 0x0F, 0xD0, 0x00, 0x01, 0xA0,
    0x00, 0x00, 0x00, 0x00, 0x00, 0x40, 0x10, 0x1F, 0xF4, 0x7F, 0x0F, 0xFE, 0x7F, 0xC0, 0x2F, 0x7F,
    0xF0, 0x0B, 0xEE, 0x54, 0x03, 0xFE, 0x00, 0x00, 0xFF, 0x00, 0x00, 0x7F, 0x80, 0x00, 0x2F, 0xC0,
    0x00, 0x0F, 0xE0, 0x00, 0x03, 0xF4, 0x00, 0x01, 0xFC, 0x00, 0x00, 0xBF, 0x00, 0x00, 0x3F, 0x80,
    0x00, 0x00, 0x00, 0x00, 0x00, 0x00, 0x00, 0x00, 0x03, 0x80, 0x00, 0x00, 0xBF, 0x00, 0x00, 0x1F,
    0xF8, 0x00, 0x01, 0xFF, 0x40, 0x00, 0x06, 0x40, 0x00, 0x00, 0x00, 0x00, 0x00, 0x00, 0xAE, 0x90,
    0x00, 0x2F, 0xFF, 0xF0, 0x02, 0xFF, 0xFF, 0xD0, 0x1F, 0xD0, 0x2F, 0x00, 0xBF, 0x00, 0xBC, 0x03,
    0xFC, 0x02, 0xD0, 0x0B, 0xFC, 0x00, 0x00, 0x1F, 0xFD, 0x00, 0x00, 0x2F, 0xFE, 0x00, 0x00, 0x2F,
    0xFF, 0x00, 0x00, 0x1F, 0xFE, 0x00, 0x00, 0x0B, 0xFC, 0x03, 0xC0, 0x0F, 0xF0, 0x2F, 0x00, 0x2F,
    0xC0, 0xFD, 0x00, 0xFF, 0x03, 0xFE, 0x5F, 0xF4, 0x0F, 0xFF, 0xFF, 0x40, 0x07, 0xFF, 0xE0, 0x00,
    0x00, 0x00, 0x00, 0x00, 0x00, 0x00, 0x00, 0x00, 0x00, 0x02, 0xC0, 0x00, 0x01, 0xF8, 0x00, 0x00,
    0xFD, 0x00, 0x00, 0xBD, 0x00, 0x00, 0x3D, 0x00, 0x00, 0x09, 0x00, 0x00, 0x00, 0x00, 0x00, 0x00,
    0x40, 0x00, 0x0B, 0xFF, 0x00, 0x0F, 0xFF, 0xD0, 0x0F, 0xD1, 0xF0, 0x03, 0xF0, 0x00, 0x00, 0xFF,
    0x40, 0x00, 0x1F, 0xF8, 0x00, 0x02, 0xFF, 0x80, 0x00, 0x1F, 0xF4, 0x02, 0x00, 0xFE, 0x02, 0xF0,
    0x2F, 0x80, 0xFF, 0x5F, 0xC0, 0x3F, 0xFF, 0xD0, 0x02, 0xFF, 0xC0, 0x00, 0x00, 0x00, 0x00, 0x00,
    0x00, 0x00, 0x00, 0x00, 0x00, 0xBC, 0x00, 0x00, 0x0B, 0xFC, 0x00, 0x00, 0xFE, 0xF8, 0x00, 0x0F,
    0xD1, 0xF0, 0x00, 0x78, 0x02, 0x80, 0x00, 0x00, 0x00, 0x00, 0x00, 0xAE, 0x90, 0x00, 0x2F, 0xFF,
    0xF0, 0x02, 0xFF, 0xFF, 0xD0, 0x1F, 0xD0, 0x2F, 0x00, 0xBF, 0x00, 0xBC, 0x03, 0xFC, 0x02, 0xD0,
    0x0B, 0xFC, 0x00, 0x00, 0x1F, 0xFD, 0x00, 0x00, 0x2F, 0xFE, 0x00, 0x00, 0x2F, 0xFF, 0x00, 0x00,
    0x1F, 0xFE, 0x00, 0x00, 0x0B, 0xFC, 0x03, 0xC0, 0x0F, 0xF0, 0x2F, 0x00, 0x2F, 0xC0, 0xFD, 0x00,
    0xFF, 0x03, 0xFE, 0x5F, 0xF4, 0x0F, 0xFF, 0xFF, 0x40, 0x07, 0xFF, 0xE0, 0x00, 0x00, 0x00, 0x00,
    0x00, 0x00, 0x00, 0x50, 0x00, 0x00, 0xBE, 0x00, 0x00, 0x7F, 0xD0, 0x00, 0x7D, 0xFC, 0x00, 0x3D,
    0x0F, 0x00, 0x2D, 0x02, 0xC0, 0x00, 0x00, 0x00, 0x00, 0x01, 0x00, 0x00, 0x2F, 0xFC, 0x00, 0x3F,
    0xFF, 0x40, 0x3F, 0x47, 0xC0, 0x0F, 0xC0, 0x00, 0x03, 0xFD, 0x00, 0x00, 0x7F, 0xE0, 0x00, 0x0B,
    0xFE, 0x00, 0x00, 0x7F, 0xD0, 0x08, 0x03, 0xF8, 0x0B, 0xC0, 0xBE, 0x03, 0xFD, 0x7F, 0x00, 0xFF,
    0xFF, 0x40, 0x0B, 0xFF, 0x00, 0x00, 0x00, 0x00, 0x00, 0x00, 0x02, 0xBA, 0x40, 0x00, 0xBF, 0xFF,
    0xC0, 0x0B, 0xFF, 0xFF, 0x40, 0x7F, 0x40, 0xBC, 0x02, 0xFC, 0x02, 0xF0, 0x0F, 0xF0, 0x0B, 0x40,
    0x2F, 0xF0, 0x00, 0x00, 0x7F, 0xF4, 0x00, 0x00, 0xBF, 0xF8, 0x00, 0x00, 0xBF, 0xFC, 0x00, 0x00,
    0x7F, 0xF8, 0x00, 0x00, 0x2F, 0xF0, 0x0F, 0x00, 0x3F, 0xC0, 0xBC, 0x00, 0xBF, 0x03, 0xF4, 0x03,
    0xFC, 0x0F, 0xF9, 0x7F, 0xD0, 0x3F, 0xFF, 0xFD, 0x00, 0x1F, 0xFF, 0x80, 0x00, 0x00, 0x00, 0x00,
    0x00, 0x0B, 0x80, 0x00, 0x00, 0x3F, 0x80, 0x00, 0x00, 0x3E, 0x00, 0x00, 0x01, 0xF0, 0x00, 0x00,
    0x2F, 0x40, 0x00, 0x00, 0x90, 0x00, 0x00, 0x00, 0x00, 0x40, 0x00, 0x2F, 0xFC, 0x00, 0xFF, 0xFD,
    0x03, 0xF4, 0x7C, 0x03, 0xF0, 0x00, 0x03, 0xFD, 0x00, 0x01, 0xFF, 0x80, 0x00, 0xBF, 0xE0, 0x00,
    0x1F, 0xF4, 0x08, 0x03, 0xF8, 0x2F, 0x02, 0xF8, 0x3F, 0xD7, 0xF0, 0x3F, 0xFF, 0xD0, 0x0B, 0xFF,
    0x00, 0x00, 0x00, 0x00, 0x00, 0xB4, 0x00, 0x01, 0xFC, 0x00, 0x00, 0x3C, 0x00, 0x00, 0xF8, 0x00,
    0x07, 0xE0, 0x00, 0x06, 0x00, 0x00, 0x00, 0x00, 0x00, 0x00, 0x00, 0x0F, 0x00, 0xBC, 0x00, 0x0F,
    0x83, 0xF0, 0x00, 0x07, 0xEF, 0xC0, 0x00, 0x02, 0xFF, 0x00, 0x00, 0x00, 0xB8, 0x00, 0x00, 0x00,
    0x00, 0x00, 0x00, 0x02, 0xBA, 0x40, 0x00, 0x2F, 0xFF, 0xF0, 0x00, 0xBF, 0xFF, 0xF4, 0x01, 0xFD,
    0x02, 0xF0, 0x02, 0xFC, 0x02, 0xF0, 0x03, 0xFC, 0x02, 0xD0, 0x02, 0xFF, 0x00, 0x00, 0x01, 0xFF,
    0xD0, 0x00, 0x00, 0xBF, 0xF8, 0x00, 0x00, 0x2F, 0xFF, 0x00, 0x00, 0x07, 0xFF, 0x80, 0x00, 0x00,
    0xBF, 0xC0, 0x0F, 0x00, 0x3F, 0xC0, 0x2F, 0x00, 0x2F, 0xC0, 0x3F, 0x40, 0x3F, 0xC0, 0x3F, 0xE5,
    0xFF, 0x40, 0x3F, 0xFF, 0xFD, 0x00, 0x07, 0xFF, 0xE0, 0x00, 0x00, 0x00, 0x00, 0x00, 0x00, 0x18,
    0x03, 0x80, 0x03, 0xD0, 0xF4, 0x00, 0x2F, 0x3E, 0x00, 0x00, 0xFF, 0x80, 0x00, 0x0B, 0xF0, 0x00,
    0x00, 0x28, 0x00, 0x00, 0x00, 0x00, 0x00, 0x00, 0x04, 0x00, 0x00, 0x2F, 0xFC, 0x00, 0x0F, 0xFF,
    0xD0, 0x03, 0xF4, 0x7C, 0x00, 0x3F, 0x00, 0x00, 0x03, 0xFD, 0x00, 0x00, 0x1F, 0xF8, 0x00, 0x00,
    0xBF, 0xE0, 0x00, 0x01, 0xFF, 0x40, 0x08, 0x03, 0xF8, 0x02, 0xF0, 0x2F, 0x80, 0x3F, 0xD7, 0xF0,
    0x03, 0xFF, 0xFD, 0x00, 0x0B, 0xFF, 0x00, 0x00, 0x00, 0x00, 0x00, 0x05, 0x55, 0x55, 0x55, 0x0B,
    0xFF, 0xFF, 0xFF, 0xD3, 0xFF, 0xFF, 0xFF, 0xF4, 0xF8, 0x1F, 0xD0, 0xBC, 0x7D, 0x0B, 0xF0, 0x2F,
    0x0F, 0x03, 0xFC, 0x0F, 0x41, 0x40, 0xFE, 0x01, 0x40, 0x00, 0x7F, 0x40, 0x00, 0x00, 0x2F, 0xD0,
    0x00, 0x00, 0x0B, 0xF0, 0x00, 0x00, 0x03, 0xFC, 0x00, 0x00, 0x00, 0xFE, 0x00, 0x00, 0x00, 0x7F,
    0x40, 0x00, 0x00, 0x2F, 0xC0, 0x00, 0x00, 0x0F, 0xF0, 0x00, 0x00, 0x03, 0xFC, 0x00, 0x00, 0x0F,
    0xFF, 0xE0, 0x00, 0x0B, 0xFF, 0xF4, 0x00, 0x00, 0x00, 0x00, 0x00, 0x00, 0x0B, 0x80, 0x00, 0x00,
    0x03, 0xF8, 0x00, 0x00, 0x00, 0x2E, 0x00, 0x00, 0x00, 0x1F, 0x00, 0x00, 0x00, 0x2F, 0x40, 0x00,
    0x00, 0x09, 0x00, 0x00, 0x00, 0x00, 0x00, 0x05, 0x00, 0x01, 0xF8, 0x00, 0x0F, 0xD0, 0x00, 0x3F,
    0x00, 0x0B, 0xFF, 0xF4, 0xFF, 0xFF, 0xC1, 0x7F, 0x94, 0x00, 0xFD, 0x00, 0x07, 0xF0, 0x00, 0x2F,
    0xC0, 0x00, 0xBF, 0x00, 0x03, 0xF8, 0x00, 0x0F, 0xD0, 0x00, 0x7F, 0x07, 0x81, 0xFF, 0xFE, 0x07,
    0xFF, 0xF0, 0x0B, 0xFD, 0x00, 0x00, 0x00, 0x00, 0x79, 0x00, 0x02, 0xFC, 0x00, 0x01, 0xF0, 0x00,
    0x0F, 0x40, 0x01, 0xF4, 0x00, 0x05, 0x00, 0x00, 0x00, 0x00, 0x00, 0x00, 0x00, 0x07, 0x80, 0x3D,
    0x00, 0x01, 0xF4, 0x7E, 0x00, 0x00, 0x3F, 0xBE, 0x00, 0x00, 0x03, 0xFD, 0x00, 0x00, 0x00, 0x3D,
    0x00, 0x00, 0x00, 0x00, 0x00, 0x00, 0x15, 0x55, 0x55, 0x54, 0x2F, 0xFF, 0xFF, 0xFF, 0x4F, 0xFF,
    0xFF, 0xFF, 0xD3, 0xE0, 0x7F, 0x42, 0xF1, 0xF4, 0x2F, 0xC0, 0xBC, 0x3C, 0x0F, 0xF0, 0x3D, 0x05,
    0x03, 0xF8, 0x05, 0x00, 0x01, 0xFD, 0x00, 0x00, 0x00, 0xBF, 0x40, 0x00, 0x00, 0x2F, 0xC0, 0x00,
    0x00, 0x0F, 0xF0, 0x00, 0x00, 0x03, 0xF8, 0x00, 0x00, 0x01, 0xFD, 0x00, 0x00, 0x00, 0xBF, 0x00,
    0x00, 0x00, 0x3F, 0xC0, 0x00, 0x00, 0x0F, 0xF0, 0x00, 0x00, 0x3F, 0xFF, 0x80, 0x00, 0x2F, 0xFF,
    0xD0, 0x00, 0x00, 0x00, 0x00, 0x0E, 0x00, 0x00, 0x07, 0xC0, 0x00, 0x02, 0xF0, 0x00, 0x14, 0xF0,
    0x00, 0x7E, 0x38, 0x00, 0x3F, 0x48, 0x00, 0x0F, 0xC0, 0x00, 0x2F, 0xFF, 0xD0, 0x3F, 0xFF, 0xF0,
    0x05, 0xFE, 0x50, 0x00, 0x3F, 0x40, 0x00, 0x1F, 0xC0, 0x00, 0x0B, 0xF0, 0x00, 0x02, 0xFC, 0x00,
    0x00, 0xFE, 0x00, 0x00, 0x3F, 0x40, 0x00, 0x1F, 0xC1, 0xE0, 0x07, 0xFF, 0xF8, 0x01, 0xFF, 0xFC,
    0x00, 0x2F, 0xF4, 0x00, 0x00, 0x00, 0x00, 0x00, 0x05, 0x55, 0x55, 0x55, 0x0B, 0xFF, 0xFF, 0xFF,
    0xD3, 0xFF, 0xFF, 0xFF, 0xF4, 0xF8, 0x1F, 0xD0, 0xBC, 0x7D, 0x0B, 0xF0, 0x2F, 0x0F, 0x03, 0xFC,
    0x0F, 0x41, 0x40, 0xFE, 0x01, 0x40, 0x00, 0x7F, 0x40, 0x00, 0x02, 0xBF, 0xEA, 0x00, 0x01, 0xFF,
    0xFF, 0xC0, 0x00, 0x17, 0xFD, 0x40, 0x00, 0x00, 0xFE, 0x00, 0x00, 0x00, 0x7F, 0x40, 0x00, 0x00,
    0x2F, 0xC0, 0x00, 0x00, 0x0F, 0xF0, 0x00, 0x00, 0x03, 0xFC, 0x00, 0x00, 0x0F, 0xFF, 0xE0, 0x00,
    0x0B, 0xFF, 0xF4, 0x00, 0x00, 0x00, 0x05, 0x00, 0x01, 0xF8, 0x00, 0x0F, 0xD0, 0x00, 0x3F, 0x00,
    0x0B, 0xFF, 0xF4, 0xFF, 0xFF, 0xC1, 0x7F, 0x94, 0x00, 0xFD, 0x00, 0x07, 0xF0, 0x02, 0xFF, 0xFF,
    0x0B, 0xFF, 0xF8, 0x03, 0xF8, 0x00, 0x0F, 0xD0, 0x00, 0x7F, 0x07, 0x81, 0xFF, 0xFE, 0x07, 0xFF,
    0xF0, 0x0B, 0xFD, 0x00, 0x00, 0x00, 0x00, 0x00, 0x00, 0x50, 0x10, 0x00, 0x00, 0x0F, 0xF2, 0xD0,
    0x00, 0x00, 0xBF, 0xFF, 0x40, 0x00, 0x02, 0xC3, 0xF8, 0x00, 0x00, 0x00, 0x01, 0x00, 0x00, 0x00,
    0x00, 0x00, 0x00, 0x01, 0x55, 0x50, 0x15, 0x55, 0x2F, 0xFF, 0xC0, 0xFF, 0xFD, 0x7F, 0xFD, 0x02,
    0xFF, 0x90, 0x3F, 0xC0, 0x01, 0xFC, 0x00, 0xFE, 0x00, 0x0B, 0xE0, 0x07, 0xF4, 0x00, 0x3F, 0x80,
    0x2F, 0xC0, 0x00, 0xFD, 0x00, 0xFF, 0x00, 0x03, 0xF0, 0x03, 0xFC, 0x00, 0x1F, 0xC0, 0x0F, 0xE0,
    0x00, 0xBE, 0x00, 0x7F, 0x40, 0x03, 0xF4, 0x02, 0xFC, 0x00, 0x0F, 0xC0, 0x0F, 0xF0, 0x00, 0x7F,
    0x00, 0x3F, 0xC0, 0x03, 0xF8, 0x00, 0xBF, 0x80, 0x2F, 0xC0, 0x01, 0xFF, 0xFF, 0xFE, 0x00, 0x03,
    0xFF, 0xFF, 0xE0, 0x00, 0x02, 0xFF, 0xF8, 0x00, 0x00, 0x00, 0x00, 0x00, 0x00, 0x00, 0x00, 0x02,
    0x40, 0x40, 0x00, 0x7F, 0x8B, 0x40, 0x03, 0xEF, 0xFC, 0x00, 0x0E, 0x1F, 0xD0, 0x00, 0x00, 0x04,
    0x00, 0x00, 0x00, 0x00, 0x00, 0x04, 0x00, 0x00, 0x0B, 0xFD, 0x01, 0xFC, 0x7F, 0xF8, 0x0F, 0xE0,
    0x0F, 0xD0, 0x3F, 0x40, 0x3F, 0x00, 0xFC, 0x01, 0xFC, 0x07, 0xF0, 0x0B, 0xE0, 0x3F, 0x80, 0x3F,
    0x40, 0xFD, 0x00, 0xFC, 0x0B, 0xF0, 0x07, 0xF0, 0x7F, 0xC0, 0x2F, 0x87, 0xFF, 0x18, 0xFF, 0xBC,
    0xFF, 0xF3, 0xFF, 0xC3, 0xFF, 0x07, 0xFC, 0x0B, 0xE0, 0x00, 0x00, 0x00, 0x00, 0x00, 0x01, 0x55,
    0x50, 0x00, 0x00, 0x1F, 0xFF, 0xD0, 0x00, 0x00, 0xBF, 0xFF, 0x00, 0x00, 0x00, 0x00, 0x00, 0x00,
    0x00, 0x00, 0x00, 0x00, 0x00, 0x55, 0x54, 0x05, 0x55, 0x4B, 0xFF, 0xF0, 0x3F, 0xFF, 0x5F, 0xFF,
    0x40, 0xBF, 0xE4, 0x0F, 0xF0, 0x00, 0x7F, 0x00, 0x3F, 0x80, 0x02, 0xF8, 0x01, 0xFD, 0x00, 0x0F,
    0xE0, 0x0B, 0xF0, 0x00, 0x3F, 0x40, 0x3F, 0xC0, 0x00, 0xFC, 0x00, 0xFF, 0x00, 0x07, 0xF0, 0x03,
    0xF8, 0x00, 0x2F, 0x80, 0x1F, 0xD0, 0x00, 0xFD, 0x00, 0xBF, 0x00, 0x03, 0xF0, 0x03, 0xFC, 0x00,
    0x1F, 0xC0, 0x0F, 0xF0, 0x00, 0xFE, 0x00, 0x2F, 0xE0, 0x0B, 0xF0, 0x00, 0x7F, 0xFF, 0xFF, 0x80,
    0x00, 0xFF, 0xFF, 0xF8, 0x00, 0x00, 0xBF, 0xFE, 0x00, 0x00, 0x00, 0x00, 0x00, 0x00, 0x00, 0x00,
    0x2F, 0xFF, 0xC0, 0x00, 0xFF, 0xFF, 0x00, 0x01, 0x55, 0x50, 0x00, 0x00, 0x00, 0x00, 0x00, 0x40,
    0x00, 0x00, 0xBF, 0xD0, 0x1F, 0xC7, 0xFF, 0x80, 0xFE, 0x00, 0xFD, 0x03, 0xF4, 0x03, 0xF0, 0x0F,
    0xC0, 0x1F, 0xC0, 0x7F, 0x00, 0xBE, 0x03, 0xF8, 0x03, 0xF4, 0x0F, 0xD0, 0x0F, 0xC0, 0xBF, 0x00,
    0x7F, 0x07, 0xFC, 0x02, 0xF8, 0x7F, 0xF1, 0x8F, 0xFB, 0xCF, 0xFF, 0x3F, 0xFC, 0x3F, 0xF0, 0x7F,
    0xC0, 0xBE, 0x00, 0x00, 0x00, 0x00, 0x00, 0x00, 0x02, 0x40, 0x00, 0x00, 0x00, 0x1F, 0x01, 0xD0,
    0x00, 0x00, 0x7F, 0xBF, 0x00, 0x00, 0x00, 0xFF, 0xF0, 0x00, 0x00, 0x00, 0x55, 0x00, 0x00, 0x00,
    0x00, 0x00, 0x00, 0x01, 0x55, 0x50, 0x15, 0x55, 0x2F, 0xFF, 0xC0, 0xFF, 0xFD, 0x7F, 0xFD, 0x02,
    0xFF, 0x90, 0x3F, 0xC0, 0x01, 0xFC, 0x00, 0xFE, 0x00, 0x0B, 0xE0, 0x07, 0xF4, 0x00, 0x3F, 0x80,
    0x2F, 0xC0, 0x00, 0xFD, 0x00, 0xFF, 0x00, 0x03, 0xF0, 0x03, 0xFC, 0x00, 0x1F, 0xC0, 0x0F, 0xE0,
    0x00, 0xBE, 0x00, 0x7F, 0x40, 0x03, 0xF4, 0x02, 0xFC, 0x00, 0x0F, 0xC0, 0x0F, 0xF0, 0x00, 0x7F,
    0x00, 0x3F, 0xC0, 0x03, 0xF8, 0x00, 0xBF, 0x80, 0x2F, 0xC0, 0x01, 0xFF, 0xFF, 0xFE, 0x00, 0x03,
    0xFF, 0xFF, 0xE0, 0x00, 0x02, 0xFF, 0xF8, 0x00, 0x00, 0x00, 0x00, 0x00, 0x00, 0x00, 0x00, 0x04,
    0x00, 0x00, 0x00, 0xB4, 0x07, 0x00, 0x03, 0xF9, 0xB8, 0x00, 0x07, 0xFF, 0xC0, 0x00, 0x06, 0xE4,
    0x00, 0x00, 0x00, 0x00, 0x00, 0x04, 0x00, 0x00, 0x0B, 0xFD, 0x01, 0xFC, 0x7F, 0xF8, 0x0F, 0xE0,
    0x0F, 0xD0, 0x3F, 0x40, 0x3F, 0x00, 0xFC, 0x01, 0xFC, 0x07, 0xF0, 0x0B, 0xE0, 0x3F, 0x80, 0x3F,
    0x40, 0xFD, 0x00, 0xFC, 0x0B, 0xF0, 0x07, 0xF0, 0x7F, 0xC0, 0x2F, 0x87, 0xFF, 0x18, 0xFF, 0xBC,
    0xFF, 0xF3, 0xFF, 0xC3, 0xFF, 0x07, 0xFC, 0x0B, 0xE0, 0x00, 0x00, 0x00, 0x00, 0x00, 0x00, 0x19,
    0x00, 0x00, 0x00, 0x03, 0xFF, 0x00, 0x00, 0x00, 0x2D, 0x2D, 0x00, 0x00, 0x00, 0xF0, 0x74, 0x00,
    0x00, 0x02, 0xD7, 0xC0, 0x00, 0x00, 0x03, 0xFD, 0x00, 0x00, 0x00, 0x01, 0x40, 0x00, 0x05, 0x55,
    0x40, 0x55, 0x54, 0xBF, 0xFF, 0x03, 0xFF, 0xF5, 0xFF, 0xF4, 0x0B, 0xFE, 0x40, 0xFF, 0x00, 0x07,
    0xF0, 0x03, 0xF8, 0x00, 0x2F, 0x80, 0x1F, 0xD0, 0x00, 0xFE, 0x00, 0xBF, 0x00, 0x03, 0xF4, 0x03,
    0xFC, 0x00, 0x0F, 0xC0, 0x0F, 0xF0, 0x00, 0x7F, 0x00, 0x3F, 0x80, 0x02, 0xF8, 0x01, 0xFD, 0x00,
    0x0F, 0xD0, 0x0B, 0xF0, 0x00, 0x3F, 0x00, 0x3F, 0xC0, 0x01, 0xFC, 0x00, 0xFF, 0x00, 0x0F, 0xE0,
    0x02, 0xFE, 0x00, 0xBF, 0x00, 0x07, 0xFF, 0xFF, 0xF8, 0x00, 0x0F, 0xFF, 0xFF, 0x80, 0x00, 0x0B,
    0xFF, 0xE0, 0x00, 0x00, 0x00, 0x00, 0x00, 0x00, 0x00, 0x00, 0x01, 0xF8, 0x00, 0x00, 0x1F, 0xFC,
    0x00, 0x00, 0xF0, 0xB0, 0x00, 0x03, 0x82, 0xC0, 0x00, 0x0F, 0x5F, 0x00, 0x00, 0x1F, 0xF0, 0x00,
    0x00, 0x05, 0x00, 0x00, 0x10, 0x00, 0x00, 0x2F, 0xF4, 0x07, 0xF1, 0xFF, 0xE0, 0x3F, 0x80, 0x3F,
    0x40, 0xFD, 0x00, 0xFC, 0x03, 0xF0, 0x07, 0xF0, 0x1F, 0xC0, 0x2F, 0x80, 0xFE, 0x00, 0xFD, 0x03,
    0xF4, 0x03, 0xF0, 0x2F, 0xC0, 0x1F, 0xC1, 0xFF, 0x00, 0xBE, 0x1F, 0xFC, 0x63, 0xFE, 0xF3, 0xFF,
    0xCF, 0xFF, 0x0F, 0xFC, 0x1F, 0xF0, 0x2F, 0x80, 0x00, 0x00, 0x00, 0x00, 0x00, 0x00, 0x00, 0x00,
    0x40, 0x00, 0x00, 0x78, 0x0B, 0x40, 0x00, 0x0B, 0xF0, 0xFF, 0x00, 0x00, 0xFF, 0x5F, 0xF0, 0x00,
    0x0F, 0xE1, 0xFD, 0x00, 0x00, 0x34, 0x07, 0x40, 0x00, 0x00, 0x00, 0x00, 0x00, 0x05, 0x55, 0x40,
    0x55, 0x54, 0xBF, 0xFF, 0x03, 0xFF, 0xF5, 0xFF, 0xF4, 0x0B, 0xFE, 0x40, 0xFF, 0x00, 0x07, 0xF0,
    0x03, 0xF8, 0x00, 0x2F, 0x80, 0x1F, 0xD0, 0x00, 0xFE, 0x00, 0xBF, 0x00, 0x03, 0xF4, 0x03, 0xFC,
    0x00, 0x0F, 0xC0, 0x0F, 0xF0, 0x00, 0x7F, 0x00, 0x3F, 0x80, 0x02, 0xF8, 0x01, 0xFD, 0x00, 0x0F,
    0xD0, 0x0B, 0xF0, 0x00, 0x3F, 0x00, 0x3F, 0xC0, 0x01, 0xFC, 0x00, 0xFF, 0x00, 0x0F, 0xE0, 0x02,
    0xFE, 0x00, 0xBF, 0x00, 0x07, 0xFF, 0xFF, 0xF8, 0x00, 0x0F, 0xFF, 0xFF, 0x80, 0x00, 0x0B, 0xFF,
    0xE0, 0x00, 0x00, 0x00, 0x00, 0x00, 0x00, 0x00, 0x00, 0x00, 0x80, 0x40, 0x00, 0x0B, 0x83, 0xC0,
    0x00, 0x7E, 0x3F, 0x00, 0x03, 0xF2, 0xF4, 0x00, 0x2F, 0x1F, 0x40, 0x00, 0xA0, 0x70, 0x00, 0x00,
    0x00, 0x00, 0x00, 0x10, 0x00, 0x00, 0x2F, 0xF4, 0x07, 0xF1, 0xFF, 0xE0, 0x3F, 0x80, 0x3F, 0x40,
    0xFD, 0x00, 0xFC, 0x03, 0xF0, 0x07, 0xF0, 0x1F, 0xC0, 0x2F, 0x80, 0xFE, 0x00, 0xFD, 0x03, 0xF4,
    0x03, 0xF0, 0x2F, 0xC0, 0x1F, 0xC1, 0xFF, 0x00, 0xBE, 0x1F, 0xFC, 0x63, 0xFE, 0xF3, 0xFF, 0xCF,
    0xFF, 0x0F, 0xFC, 0x1F, 0xF0, 0x2F, 0x80, 0x00, 0x00, 0x00, 0x00, 0x15, 0x55, 0x01, 0x55, 0x52,
    0xFF, 0xFC, 0x0F, 0xFF, 0xD7, 0xFF, 0xD0, 0x2F, 0xF9, 0x03, 0xFC, 0x00, 0x1F, 0xC0, 0x0F, 0xE0,
    0x00, 0xBE, 0x00, 0x7F, 0x40, 0x03, 0xF8, 0x02, 0xFC, 0x00, 0x0F, 0xD0, 0x0F, 0xF0, 0x00, 0x3F,
    0x00, 0x3F, 0xC0, 0x01, 0xFC, 0x00, 0xFE, 0x00, 0x0B, 0xE0, 0x07, 0xF4, 0x00, 0x3F, 0x40, 0x2F,
    0xC0, 0x00, 0xFC, 0x00, 0xFF, 0x00, 0x07, 0xF0, 0x03, 0xFC, 0x00, 0x3F, 0x80, 0x0B, 0xF8, 0x02,
    0xFC, 0x00, 0x1F, 0xFF, 0xFF, 0xD0, 0x00, 0x3F, 0xFF, 0xFD, 0x00, 0x00, 0x2F, 0xFF, 0x80, 0x00,
    0x00, 0x02, 0xF0, 0x00, 0x00, 0x00, 0x1F, 0x00, 0x00, 0x00, 0x00, 0xF8, 0x00, 0x00, 0x00, 0x03,
    0xFA, 0x40, 0x00, 0x00, 0x07, 0xFC, 0x00, 0x00, 0x00, 0x01, 0x00, 0x00, 0x00, 0x00, 0x40, 0x00,
    0x00, 0xBF, 0xD0, 0x1F, 0xC7, 0xFF, 0x80, 0xFE, 0x00, 0xFD, 0x03, 0xF4, 0x03, 0xF0, 0x0F, 0xC0,
    0x1F, 0xC0, 0x7F, 0x00, 0xBE, 0x03, 0xF8, 0x03, 0xF4, 0x0F, 0xD0, 0x0F, 0xC0, 0xBF, 0x00, 0x7F,
    0x07, 0xFC, 0x02, 0xF8, 0x7F, 0xF1, 0x8F, 0xFB, 0xCF, 0xFF, 0x3F, 0xFC, 0x3F, 0xF0, 0x7F, 0xC0,
    0x7F, 0x00, 0x00, 0x00, 0xB0, 0x00, 0x00, 0x07, 0x40, 0x00, 0x00, 0x3C, 0x00, 0x00, 0x00, 0xFE,
    0x40, 0x00, 0x02, 0xFD, 0x00, 0x00, 0x00, 0x40, 0x00, 0x00, 0x00, 0x00, 0x00, 0x00, 0x00, 0x00,
    0x00, 0x01, 0xF8, 0x00, 0x00, 0x00, 0x00, 0x00, 0x7F, 0xD0, 0x00, 0x00, 0x00, 0x00, 0x1F, 0xBF,
    0x00, 0x00, 0x00, 0x00, 0x07, 0xE0, 0xF8, 0x00, 0x00, 0x00, 0x00, 0xB4, 0x02, 0x40, 0x00, 0x00,
    0x00, 0x00, 0x00, 0x00, 0x00, 0x01, 0x55, 0x54, 0x00, 0x00, 0x15, 0x54, 0x3F, 0xFF, 0x80, 0xF8,
    0x0B, 0xFF, 0xC2, 0xFF, 0xE0, 0x1F, 0x80, 0x2F, 0xF4, 0x0B, 0xF4, 0x03, 0xFC, 0x00, 0xFC, 0x00,
    0x7F, 0x40, 0x3F, 0xC0, 0x2F, 0x80, 0x07, 0xF4, 0x0B, 0xFC, 0x03, 0xF0, 0x00, 0x3F, 0x40, 0xFF,
    0xC0, 0xBE, 0x00, 0x03, 0xF4, 0x2F, 0xFC, 0x0F, 0xC0, 0x00, 0x3F, 0x43, 0xDF, 0xC2, 0xF4, 0x00,
    0x03, 0xF8, 0xBC, 0xFC, 0x3F, 0x00, 0x00, 0x3F, 0x8F, 0x4F, 0xCB, 0xD0, 0x00, 0x02, 0xFA, 0xF0,
    0xBC, 0xFC, 0x00, 0x00, 0x2F, 0xBE, 0x0B, 0xEF, 0x40, 0x00, 0x02, 0xFF, 0xC0, 0xBF, 0xF0, 0x00,
    0x00, 0x1F, 0xF8, 0x07, 0xFD, 0x00, 0x00, 0x01, 0xFF, 0x00, 0x7F, 0xC0, 0x00, 0x00, 0x0F, 0xE0,
    0x07, 0xF4, 0x00, 0x00, 0x00, 0xFC, 0x00, 0x3F, 0x00, 0x00, 0x00, 0x00, 0x00, 0x00, 0x00, 0x00,
    0x00, 0x00, 0x00, 0x05, 0x00, 0x00, 0x00, 0x00, 0xFE, 0x00, 0x00, 0x00, 0x0B, 0xFC, 0x00, 0x00,
    0x00, 0x7D, 0xF8, 0x00, 0x00, 0x07, 0xD1, 0xF0, 0x00, 0x00, 0x2D, 0x02, 0x80, 0x00, 0x00, 0x00,
    0x00, 0x00, 0x00, 0x00, 0x01, 0x00, 0x10, 0x2F, 0xC0, 0xBE, 0x07, 0xF2, 0xFF, 0x81, 0xFC, 0x0F,
    0xE0, 0xBF, 0x03, 0xF4, 0x2F, 0x80, 0xFC, 0x0F, 0xD0, 0xBD, 0x03, 0xF4, 0x3F, 0x82, 0xF0, 0x0B,
    0xE1, 0xFF, 0x0F, 0x80, 0x1F, 0x8B, 0xFC, 0x7D, 0x00, 0x3E, 0x3F, 0xF3, 0xF0, 0x00, 0xFA, 0xEB,
    0xDF, 0x40, 0x03, 0xFF, 0x2F, 0xF8, 0x00, 0x0F, 0xF4, 0xBF, 0xC0, 0x00, 0x3F, 0x42, 0xFC, 0x00,
    0x00, 0xF8, 0x07, 0xC0, 0x00, 0x00, 0x00, 0x00, 0x00, 0x00, 0x00, 0x00, 0x00, 0x00, 0x00, 0x00,
    0x03, 0xE0, 0x00, 0x00, 0x00, 0xFF, 0x80, 0x00, 0x00, 0x3F, 0xBD, 0x00, 0x00, 0x1F, 0xC2, 0xF0,
    0x00, 0x02, 0xE0, 0x09, 0x00, 0x00, 0x00, 0x00, 0x00, 0x01, 0x55, 0x50, 0x15, 0x54, 0x7F, 0xFF,
    0x0F, 0xFF, 0xC3, 0xFF, 0x80, 0x7F, 0xE0, 0x0F, 0xF0, 0x03, 0xF4, 0x00, 0xBF, 0x00, 0xBE, 0x00,
    0x03, 0xF4, 0x0F, 0xC0, 0x00, 0x3F, 0xC3, 0xF0, 0x00, 0x01, 0xFC, 0xBD, 0x00, 0x00, 0x0F, 0xEF,
    0x80, 0x00, 0x00, 0xBF, 0xF0, 0x00, 0x00, 0x07, 0xFC, 0x00, 0x00, 0x00, 0x3F, 0x80, 0x00, 0x00,
    0x07, 0xF4, 0x00, 0x00, 0x00, 0xBF, 0x00, 0x00, 0x00, 0x0F, 0xF0, 0x00, 0x00, 0x00, 0xFF, 0x00,
    0x00, 0x00, 0xFF, 0xFE, 0x00, 0x00, 0x2F, 0xFF, 0xD0, 0x00, 0x00, 0x00, 0x00, 0x01, 0x40, 0x00,
    0x00, 0x02, 0xF8, 0x00, 0x00, 0x02, 0xFF, 0x00, 0x00, 0x01, 0xF7, 0xE0, 0x00, 0x01, 0xF4, 0x3C,
    0x00, 0x00, 0xB4, 0x0A, 0x00, 0x00, 0x00, 0x00, 0x00, 0x00, 0x00, 0x00, 0x10, 0x00, 0x2F, 0xD0,
    0x7F, 0x40, 0x2F, 0xFC, 0x0F, 0xE0, 0x00, 0xBF, 0x03, 0xF8, 0x00, 0x0F, 0xD0, 0xBE, 0x00, 0x03,
    0xF4, 0x3F, 0x40, 0x00, 0xBE, 0x0F, 0xC0, 0x00, 0x1F, 0x87, 0xD0, 0x00, 0x07, 0xE2, 0xF0, 0x00,
    0x00, 0xFC, 0xF4, 0x00, 0x00, 0x3F, 0xBC, 0x00, 0x00, 0x0F, 0xFC, 0x00, 0x00, 0x03, 0xFD, 0x00,
    0x00, 0x00, 0xFE, 0x00, 0x00, 0x00, 0x7F, 0x00, 0x00, 0x00, 0x3F, 0x00, 0x00, 0xE0, 0x7F, 0x00,
    0x00, 0x7F, 0xFF, 0x00, 0x00, 0x1F, 0xFE, 0x00, 0x00, 0x02, 0xF8, 0x00, 0x00, 0x00, 0x00, 0x00,
    0x00, 0x00, 0x00, 0x00, 0xBC, 0x2F, 0x00, 0x00, 0x1F, 0xC7, 0xF0, 0x00, 0x01, 0xF8, 0xBE, 0x00,
    0x00, 0x05, 0x01, 0x40, 0x00, 0x00, 0x00, 0x00, 0x00, 0x15, 0x55, 0x01, 0x55, 0x47, 0xFF, 0xF0,
    0xFF, 0xFC, 0x3F, 0xF8, 0x07, 0xFE, 0x00, 0xFF, 0x00, 0x3F, 0x40, 0x0B, 0xF0, 0x0B, 0xE0, 0x00,
    0x3F, 0x40, 0xFC, 0x00, 0x03, 0xFC, 0x3F, 0x00, 0x00, 0x1F, 0xCB, 0xD0, 0x00, 0x00, 0xFE, 0xF8,
    0x00, 0x00, 0x0B, 0xFF, 0x00, 0x00, 0x00, 0x7F, 0xC0, 0x00, 0x00, 0x03, 0xF8, 0x00, 0x00, 0x00,
    0x7F, 0x40, 0x00, 0x00, 0x0B, 0xF0, 0x00, 0x00, 0x00, 0xFF, 0x00, 0x00, 0x00, 0x0F, 0xF0, 0x00,
    0x00, 0x0F, 0xFF, 0xE0, 0x00, 0x02, 0xFF, 0xFD, 0x00, 0x00, 0x00, 0x00, 0x00, 0x00, 0x00, 0x00,
    0x00, 0x38, 0x00, 0x00, 0x00, 0x7F, 0x00, 0x00, 0x00, 0xFF, 0x80, 0x00, 0x00, 0xFF, 0x40, 0x00,
    0x00, 0x24, 0x00, 0x00, 0x00, 0x00, 0x00, 0x00, 0x01, 0x55, 0x55, 0x50, 0x01, 0xFF, 0xFF, 0xFF,
    0x00, 0xBF, 0xFF, 0xFF, 0xC0, 0x3F, 0x00, 0x3F, 0xD0, 0x0F, 0x80, 0x3F, 0xE0, 0x02, 0xC0, 0x2F,
    0xF0, 0x00, 0x00, 0x1F, 0xF0, 0x00, 0x00, 0x1F, 0xF0, 0x00, 0x00, 0x0F, 0xF4, 0x00, 0x00, 0x0F,
    0xF4, 0x00, 0x00, 0x0F, 0xF8, 0x00, 0x00, 0x0B, 0xFC, 0x00, 0x00, 0x07, 0xFC, 0x01, 0xD0, 0x07,
    0xFC, 0x00, 0xFC, 0x03, 0xFD, 0x00, 0x7E, 0x03, 0xFE, 0x55, 0x7F, 0x40, 0xFF, 0xFF, 0xFF, 0xC0,
    0x3F, 0xFF, 0xFF, 0xE0, 0x00, 0x00, 0x00, 0x00, 0x00, 0x00, 0x00, 0x00, 0x00, 0x00, 0x00, 0xE0,
    0x00, 0x00, 0x2F, 0x40, 0x00, 0x03, 0xF0, 0x00, 0x00, 0xFD, 0x00, 0x00, 0x1F, 0x00, 0x00, 0x00,
    0x80, 0x00, 0x00, 0x00, 0x00, 0x00, 0x00, 0x01, 0x00, 0x2F, 0xF4, 0xFC, 0x07, 0xFF, 0xFF, 0xC0,
    0xBE, 0xFF, 0xF0, 0x0B, 0x80, 0xFD, 0x00, 0x70, 0x3F, 0x40, 0x00, 0x0B, 0xD0, 0x00, 0x02, 0xF4,
    0x00, 0x00, 0xBD, 0x00, 0x00, 0x2F, 0x40, 0x80, 0x0B, 0xE0, 0x1F, 0x02, 0xFF, 0xFB, 0xF0, 0x3F,
    0xFF, 0xFF, 0x03, 0xE1, 0xFF, 0xC0, 0x00, 0x00, 0x00, 0x00, 0x00, 0x00, 0x05, 0x00, 0x00, 0x00,
    0x0F, 0xC0, 0x00, 0x00, 0x0B, 0xF0, 0x00, 0x00, 0x02, 0xF8, 0x00, 0x00, 0x00, 0x10, 0x00, 0x00,
    0x00, 0x00, 0x00, 0x00, 0x05, 0x55, 0x55, 0x40, 0x07, 0xFF, 0xFF, 0xFC, 0x02, 0xFF, 0xFF, 0xFF,
    0x00, 0xFC, 0x00, 0xFF, 0x40, 0x3E, 0x00, 0xFF, 0x80, 0x0B, 0x00, 0xBF, 0xC0, 0x00, 0x00, 0x7F,
    0xC0, 0x00, 0x00, 0x7F, 0xC0, 0x00, 0x00, 0x3F, 0xD0, 0x00, 0x00, 0x3F, 0xD0, 0x00, 0x00, 0x3F,
    0xE0, 0x00, 0x00, 0x2F, 0xF0, 0x00, 0x00, 0x1F, 0xF0, 0x07, 0x40, 0x1F, 0xF0, 0x03, 0xF0, 0x0F,
    0xF4, 0x01, 0xF8, 0x0F, 0xF9, 0x55, 0xFD, 0x03, 0xFF, 0xFF, 0xFF, 0x00, 0xFF, 0xFF, 0xFF, 0x80,
    0x00, 0x00, 0x00, 0x00, 0x00, 0x00, 0x00, 0x50, 0x00, 0x00, 0x3F, 0x00, 0x00, 0x07, 0xF0, 0x00,
    0x00, 0x7E, 0x00, 0x00, 0x00, 0x00, 0x00, 0x00, 0x00, 0x00, 0x00, 0x00, 0x01, 0x00, 0x2F, 0xF4,
    0xFC, 0x07, 0xFF, 0xFF, 0xC0, 0xBE, 0xFF, 0xF0, 0x0B, 0x80, 0xFD, 0x00, 0x70, 0x3F, 0x40, 0x00,
    0x0B, 0xD0, 0x00, 0x02, 0xF4, 0x00, 0x00, 0xBD, 0x00, 0x00, 0x2F, 0x40, 0x80, 0x0B, 0xE0, 0x1F,
    0x02, 0xFF, 0xFB, 0xF0, 0x3F, 0xFF, 0xFF, 0x03, 0xE1, 0xFF, 0xC0, 0x00, 0x00, 0x00, 0x00, 0x00,
    0x00, 0x00, 0x00, 0x00, 0x03, 0xC0, 0x2F, 0x00, 0x00, 0xFC, 0x2F, 0x40, 0x00, 0x1F, 0xBF, 0x00,
    0x00, 0x02, 0xFF, 0x00, 0x00, 0x00, 0x2F, 0x00, 0x00, 0x00, 0x00, 0x00, 0x00, 0x01, 0x55, 0x55,
    0x50, 0x01, 0xFF, 0xFF, 0xFF, 0x00, 0xBF, 0xFF, 0xFF, 0xC0, 0x3F, 0x00, 0x3F, 0xD0, 0x0F, 0x80,
    0x3F, 0xE0, 0x02, 0xC0, 0x2F, 0xF0, 0x00, 0x00, 0x1F, 0xF0, 0x00, 0x00, 0x1F, 0xF0, 0x00, 0x00,
    0x0F, 0xF4, 0x00, 0x00, 0x0F, 0xF4, 0x00, 0x00, 0x0F, 0xF8, 0x00, 0x00, 0x0B, 0xFC, 0x00, 0x00,
    0x07, 0xFC, 0x01, 0xD0, 0x07, 0xFC, 0x00, 0xFC, 0x03, 0xFD, 0x00, 0x7E, 0x03, 0xFE, 0x55, 0x7F,
    0x40, 0xFF, 0xFF, 0xFF, 0xC0, 0x3F, 0xFF, 0xFF, 0xE0, 0x00, 0x00, 0x00, 0x00, 0x00, 0x00, 0x28,
    0x07, 0x80, 0x03, 0xC1, 0xF4, 0x00, 0x3E, 0x7D, 0x00, 0x01, 0xFF, 0x40, 0x00, 0x0F, 0xE0, 0x00,
    0x00, 0x68, 0x00, 0x00, 0x00, 0x00, 0x00, 0x00, 0x00, 0x10, 0x02, 0xFF, 0x4F, 0xC0, 0x7F, 0xFF,
    0xFC, 0x0B, 0xEF, 0xFF, 0x00, 0xB8, 0x0F, 0xD0, 0x07, 0x03, 0xF4, 0x00, 0x00, 0xBD, 0x00, 0x00,
    0x2F, 0x40, 0x00, 0x0B, 0xD0, 0x00, 0x02, 0xF4, 0x08, 0x00, 0xBE, 0x01, 0xF0, 0x2F, 0xFF, 0xBF,
    0x03, 0xFF, 0xFF, 0xF0, 0x3E, 0x1F, 0xFC, 0x00, 0x00, 0x00, 0x00, 0x00, 0x00, 0x00, 0x16, 0x40,
    0x00, 0x00, 0x03, 0xFF, 0xC0, 0x00, 0x00, 0x3F, 0xFF, 0x40, 0x00, 0x02, 0xF8, 0x3C, 0x00, 0x00,
    0x0F, 0xC0, 0x00, 0x00, 0x00, 0xBF, 0x00, 0x00, 0x00, 0x03, 0xF8, 0x00, 0x00, 0x00, 0x0F, 0xD0,
    0x00, 0x00, 0x00, 0x3F, 0x00, 0x00, 0x00, 0x01, 0xFC, 0x00, 0x00, 0x00, 0x0B, 0xF0, 0x00, 0x00,
    0x00, 0x3F, 0x80, 0x00, 0x00, 0x00, 0xFD, 0x00, 0x00, 0x00, 0x07, 0xF0, 0x00, 0x00, 0x00, 0x1F,
    0xC0, 0x00, 0x00, 0x00, 0xBE, 0x00, 0x00, 0x00, 0x03, 0xF8, 0x00, 0x00, 0x00, 0x0F, 0xD0, 0x00,
    0x00, 0x00, 0x7F, 0x00, 0x00, 0x00, 0x02, 0xFC, 0x00, 0x00, 0x00, 0x0F, 0xE0, 0x00, 0x00, 0x00,
    0x3F, 0x40, 0x00, 0x02, 0x81, 0xFC, 0x00, 0x00, 0x1F, 0xEF, 0xD0, 0x00, 0x00, 0x7F, 0xFD, 0x00,
    0x00, 0x00, 0xBF, 0x80, 0x00, 0x00, 0x00, 0x14, 0x07, 0xC0, 0x7F, 0x03, 0xF8, 0x0B, 0xC0, 0x1C,
    0x00, 0x00, 0x00, 0x00, 0x38, 0x0B, 0xC1, 0xFC, 0x3F, 0x07, 0xC0, 0x20, 0x00, 0x00, 0x14, 0x00,
    0x7F, 0x00, 0x3F, 0xE0, 0x3E, 0x7C, 0x3F, 0x0F, 0x9F, 0x00, 0xD0, 0x00, 0x00, 0x06, 0x40, 0x41,
    0xFE, 0x2C, 0x3E, 0xFF, 0xC3, 0x87, 0xF4, 0x00, 0x04, 0x00, 0x2F, 0xFF, 0xCF, 0xFF, 0xE1, 0x55,
    0x50, 0x10, 0x00, 0xB4, 0x07, 0xFD, 0x6E, 0x7F, 0xFC, 0x1B, 0x90, 0x04, 0x7F, 0xFF, 0xFD, 0x10,
    0x00, 0x00, 0x01, 0xF0, 0xBC, 0x3F, 0x5F, 0xC3, 0xF1, 0xF8, 0x04, 0x00, 0x00, 0x1B, 0xD2, 0xFF,
    0xDF, 0x0F, 0x54, 0x3C, 0x0B, 0xD0, 0xB8, 0x01, 0xD0, 0x00, 0x00, 0x07, 0xE0, 0x1F, 0xFC, 0x3C,
    0x3C, 0x38, 0x2C, 0x3D, 0x78, 0x2F, 0xF0, 0x01, 0x40, 0x00, 0x80, 0x40, 0x0B, 0x87, 0xC0, 0x7E,
    0x3F, 0x03, 0xF2, 0xF0, 0x3E, 0x1F, 0x00, 0xE0, 0x70, 0x00, 0x00, 0x00, 0x00, 0x30, 0x0B, 0x6E,
    0x0B, 0xC7, 0xDB, 0xC0, 0xFF, 0xC0, 0x1F, 0xD0, 0x02, 0x90, 0x00, 0x00, 0x10, 0x78, 0xB4, 0xBC,
    0xF8, 0x3C, 0x7C, 0x2D, 0x3D, 0x0D, 0x1C, 0x00, 0x00, 0x00, 0x54, 0x01, 0xFF, 0xC2, 0xFF, 0xF8,
    0xE0, 0x2E, 0x10, 0x02, 0x00, 0x00, 0x00, 0x3C, 0x0F, 0x02, 0xE0, 0x3D, 0x03, 0xE0, 0x3F, 0x00,
    0x40, 0x07, 0xD0, 0xBF, 0x03, 0xF0, 0x3D, 0x0B, 0xC2, 0xF0, 0x28, 0x00, 0x2E, 0x2F, 0x8F, 0xC3,
    0xE0, 0xBC, 0x0F, 0x01, 0x80, 0x14, 0x3E, 0x3D, 0x7C, 0xB8, 0xF0, 0x10, 0x07, 0x80, 0xBC, 0x0F,
    0xC2, 0xF0, 0x3C, 0x01, 0x00, 0x00, 0x2E, 0xBF, 0xFE, 0x78, 0x0A, 0x02, 0x43, 0xF4, 0xFC, 0x3F,
    0x1F, 0xC1, 0x80, 0xA0, 0x0A, 0x43, 0xFE, 0xB0, 0xEB, 0x0E, 0x7F, 0xC0, 0x50, 0x06, 0x43, 0xF0,
    0xF8, 0x3C, 0x3D, 0x04, 0x00, 0x0B, 0x80, 0xFD, 0x03, 0xD0, 0xBC, 0x2F, 0x02, 0x40, 0x01, 0x00,
    0xE0, 0x3C, 0x07, 0x80, 0xBE, 0x83, 0xFC, 0x04, 0x00, 0x1A, 0x0B, 0xC3, 0xF0, 0xF8, 0x7D, 0x2F,
    0x40, 0x00, 0x00, 0x14, 0x00, 0x7F, 0x40, 0x3F, 0xF0, 0x7E, 0x7E, 0x7E, 0x07, 0xC4, 0x00, 0x40,
    0x00, 0x00, 0xB0, 0x03, 0xFD, 0x1E, 0xBF, 0xFC, 0x2F, 0xE0, 0x00, 0x00, 0x0B, 0x81, 0x82, 0xFF,
    0x3C, 0x3D, 0xFF, 0xC3, 0x43, 0xF0, 0x00, 0x00, 0x00, 0x05, 0x55, 0x0F, 0xFF, 0xF3, 0xFF, 0xF8,
    0x00, 0x50, 0x1F, 0xFC, 0x7F, 0xFF, 0xF0, 0x2F, 0x80, 0x0D, 0x00, 0x00, 0x00, 0x00, 0x78, 0x00,
    0x0F, 0xC0, 0x03, 0xF4, 0x00, 0xBD, 0x00, 0x0B, 0x00, 0x00, 0x00, 0x03, 0xE1, 0xF4, 0xBE, 0x3F,
    0x8B, 0xC2, 0xF0, 0x00, 0x00, 0x00, 0x04, 0x0F, 0x07, 0xC1, 0xFE, 0x3F, 0x00, 0x00, 0x00, 0x00,
    0x00, 0x00, 0x00, 0x00, 0x38, 0x00, 0x00, 0x00, 0x1F, 0xC0, 0x00, 0x00, 0x03, 0xFD, 0x00, 0x00,
    0x00, 0x2F, 0xD0, 0x00, 0x00, 0x00, 0x60, 0x00, 0x00, 0x00, 0x00, 0x00, 0x01, 0x55, 0x55, 0x54,
    0x01, 0xFF, 0xFF, 0xFF, 0x40, 0x2F, 0xFF, 0xFF, 0xD0, 0x02, 0xFC, 0x01, 0xF0, 0x00, 0xFF, 0x00,
    0x7C, 0x00, 0x3F, 0x80, 0x1D, 0x00, 0x1F, 0xD0, 0x00, 0x00, 0x0B, 0xF0, 0x00, 0x00, 0x02, 0xFF,
    0xFF, 0x80, 0x00, 0xFF, 0xFF, 0xD0, 0x00, 0x3F, 0x95, 0x50, 0x00, 0x1F, 0xD0, 0x00, 0x00, 0x0B,
    0xF0, 0x00, 0x40, 0x03, 0xFC, 0x00, 0xB4, 0x00, 0xFE, 0x00, 0x3D, 0x00, 0x7F, 0x95, 0x7F, 0x01,
    0xFF, 0xFF, 0xFF, 0xC0, 0xBF, 0xFF, 0xFF, 0xD0, 0x00, 0x00, 0x00, 0x00, 0x00, 0x00, 0x00, 0x3E,
    0x0F, 0x80, 0x00, 0x2F, 0xCB, 0xF0, 0x00, 0x0B, 0xD3, 0xF4, 0x00, 0x00, 0x40, 0x10, 0x00, 0x00,
    0x00, 0x00, 0x00, 0x05, 0x55, 0x55, 0x50, 0x07, 0xFF, 0xFF, 0xFD, 0x00, 0xBF, 0xFF, 0xFF, 0x40,
    0x0B, 0xF0, 0x07, 0xC0, 0x03, 0xFC, 0x01, 0xF0, 0x00, 0xFE, 0x00, 0x74, 0x00, 0x7F, 0x40, 0x00,
    0x00, 0x2F, 0xC0, 0x00, 0x00, 0x0B, 0xFF, 0xFE, 0x00, 0x03, 0xFF, 0xFF, 0x40, 0x00, 0xFE, 0x55,
    0x40, 0x00, 0x7F, 0x40, 0x00, 0x00, 0x2F, 0xC0, 0x01, 0x00, 0x0F, 0xF0, 0x02, 0xD0, 0x03, 0xF8,
    0x00, 0xF4, 0x01, 0xFE, 0x55, 0xFC, 0x07, 0xFF, 0xFF, 0xFF, 0x02, 0xFF, 0xFF, 0xFF, 0x40, 0x05,
    0x55, 0x55, 0x55, 0x0F, 0xFF, 0xFF, 0xFF, 0xD3, 0xFF, 0xFF, 0xFF, 0xF0, 0xF8, 0x2F, 0xC0, 0xFC,
    0x7C, 0x0B, 0xF0, 0x3E, 0x0F, 0x03, 0xF8, 0x0F, 0x00, 0x00, 0xFE, 0x00, 0x00, 0x00, 0x7F, 0x44,
    0x00, 0x00, 0x2F, 0xFF, 0xF8, 0x00, 0x0F, 0xFF, 0xFF, 0xC0, 0x03, 0xF8, 0x1F, 0xF4, 0x00, 0xFD,
    0x00, 0xFE, 0x00, 0x7F, 0x40, 0x3F, 0xC0, 0x2F, 0xC0, 0x0F, 0xE0, 0x0F, 0xF0, 0x03, 0xF8, 0x03,
    0xF8, 0x00, 0xFD, 0x0F, 0xFF, 0xD0, 0x7F, 0x0B, 0xFF, 0xF0, 0x2F, 0xC0, 0x00, 0x00, 0x0F, 0xD0,
    0x00, 0x04, 0x0B, 0xF0, 0x00, 0x0F, 0x9F, 0xF0, 0x00, 0x03, 0xFF, 0xF0, 0x00, 0x00, 0xBF, 0xD0,
    0x00, 0x00, 0x00, 0x00, 0x00, 0x00, 0x00, 0x00, 0x00, 0x00, 0x00, 0x00, 0x0E, 0x00, 0x00, 0x00,
    0x2F, 0xC0, 0x00, 0x00, 0x7F, 0xE0, 0x00, 0x00, 0x7F, 0xD0, 0x00, 0x00, 0x19, 0x00, 0x00, 0x00,
    0x00, 0x00, 0x00, 0x01, 0x55, 0x55, 0x54, 0x01, 0xFF, 0xFF, 0xFF, 0x00, 0x2F, 0xFF, 0xFF, 0xC0,
    0x02, 0xFC, 0x03, 0xF0, 0x00, 0xFF, 0x00, 0xF8, 0x00, 0x3F, 0x80, 0x3D, 0x00, 0x1F, 0xD0, 0x0E,
    0x00, 0x0B, 0xF0, 0x00, 0x00, 0x02, 0xFC, 0x00, 0x00, 0x00, 0xFF, 0x00, 0x00, 0x00, 0x3F, 0x80,
    0x00, 0x00, 0x1F, 0xD0, 0x00, 0x00, 0x0B, 0xF0, 0x00, 0x00, 0x03, 0xFC, 0x00, 0x00, 0x00, 0xFE,
    0x00, 0x00, 0x00, 0x7F, 0x80, 0x00, 0x01, 0xFF, 0xFF, 0x00, 0x00, 0xBF, 0xFF, 0x80, 0x00, 0x00,
    0x00, 0x00, 0x6B, 0x90, 0x00, 0x02, 0xFF, 0xFF, 0xC0, 0x07, 0xFF, 0xFF, 0xF0, 0x07, 0xFD, 0x00,
    0xFC, 0x07, 0xF8, 0x00, 0x3E, 0x03, 0xFC, 0x00, 0x0F, 0x01, 0xFD, 0x00, 0x00, 0x00, 0xBF, 0x00,
    0x00, 0x00, 0x3F, 0xFF, 0xFC, 0x00, 0x0F, 0xFF, 0xFE, 0x00, 0x03, 0xFE, 0xAA, 0x00, 0x00, 0xFE,
    0x00, 0x00, 0x00, 0x3F, 0xC0, 0x00, 0x20, 0x0F, 0xF4, 0x00, 0x1F, 0x01, 0xFF, 0x40, 0x1F, 0xC0,
    0x3F, 0xFE, 0xFF, 0xE0, 0x03, 0xFF, 0xFF, 0xE0, 0x00, 0x1F, 0xFF, 0x90, 0x00, 0x00, 0x00, 0x00,
    0x00, 0x00, 0x02, 0xBA, 0x40, 0x00, 0xBF, 0xFF, 0xC0, 0x0B, 0xFF, 0xFF, 0x40, 0x7F, 0x40, 0xBC,
    0x02, 0xFC, 0x02, 0xF0, 0x0F, 0xF0, 0x0B, 0x40, 0x2F, 0xF0, 0x00, 0x00, 0x7F, 0xF4, 0x00, 0x00,
    0xBF, 0xF8, 0x00, 0x00, 0xBF, 0xFC, 0x00, 0x00, 0x7F, 0xF8, 0x00, 0x00, 0x2F, 0xF0, 0x0F, 0x00,
    0x3F, 0xC0, 0xBC, 0x00, 0xBF, 0x03, 0xF4, 0x03, 0xFC, 0x0F, 0xF9, 0x7F, 0xD0, 0x3F, 0xFF, 0xFD,
    0x00, 0x1F, 0xFF, 0x80, 0x00, 0x00, 0x00, 0x00, 0x00, 0x00, 0x55, 0x55, 0x01, 0xFF, 0xFE, 0x00,
    0xBF, 0xF8, 0x00, 0x2F, 0xC0, 0x00, 0x3F, 0xC0, 0x00, 0x3F, 0x80, 0x00, 0x3F, 0x80, 0x00, 0x7F,
    0x40, 0x00, 0xBF, 0x00, 0x00, 0xFF, 0x00, 0x00, 0xFE, 0x00, 0x01, 0xFD, 0x00, 0x02, 0xFD, 0x00,
    0x02, 0xFC, 0x00, 0x03, 0xFC, 0x00, 0x07, 0xF8, 0x00, 0x7F, 0xFF, 0x40, 0xBF, 0xFF, 0x40, 0x00,
    0x00, 0x00, 0x00, 0x1F, 0x47, 0xD0, 0x0F, 0xE3, 0xF8, 0x03, 0xF0, 0xFC, 0x00, 0x10, 0x04, 0x00,
    0x00, 0x00, 0x00, 0x05, 0x55, 0x50, 0x07, 0xFF, 0xF8, 0x00, 0xBF, 0xF8, 0x00, 0x0B, 0xF0, 0x00,
    0x03, 0xFC, 0x00, 0x00, 0xFE, 0x00, 0x00, 0x3F, 0x80, 0x00, 0x1F, 0xD0, 0x00, 0x0B, 0xF0, 0x00,
    0x03, 0xFC, 0x00, 0x00, 0xFE, 0x00, 0x00, 0x7F, 0x40, 0x00, 0x2F, 0xD0, 0x00, 0x0B, 0xF0, 0x00,
    0x03, 0xFC, 0x00, 0x01, 0xFE, 0x00, 0x07, 0xFF, 0xF4, 0x02, 0xFF, 0xFD, 0x00, 0x00, 0x00, 0x55,
    0x55, 0x00, 0x01, 0xFF, 0xFE, 0x00, 0x00, 0xBF, 0xF8, 0x00, 0x00, 0x1F, 0xD0, 0x00, 0x00, 0x2F,
    0xC0, 0x00, 0x00, 0x3F, 0xC0, 0x00, 0x00, 0x3F, 0x80, 0x00, 0x00, 0x7F, 0x40, 0x00, 0x00, 0xBF,
    0x00, 0x00, 0x00, 0xBF, 0x00, 0x00, 0x00, 0xFF, 0x00, 0x00, 0x00, 0xFE, 0x00, 0x00, 0x01, 0xFD,
    0x00, 0x00, 0x02, 0xFC, 0x00, 0x00, 0x03, 0xFC, 0x00, 0x00, 0x03, 0xF8, 0x00, 0x00, 0x07, 0xF4,
    0x00, 0x00, 0x0B, 0xF0, 0x00, 0x00, 0x0F, 0xE0, 0x00, 0x2C, 0x2F, 0xC0, 0x00, 0x7F, 0xFF, 0x80,
    0x00, 0x7F, 0xFE, 0x00, 0x00, 0x2F, 0xE0, 0x00, 0x00, 0x00, 0x01, 0x55, 0x55, 0x55, 0x40, 0x00,
    0x00, 0xFF, 0xFF, 0xFF, 0xF0, 0x00, 0x00, 0x2F, 0xFF, 0xFF, 0xE0, 0x00, 0x00, 0x00, 0xF8, 0x1F,
    0xC0, 0x00, 0x00, 0x00, 0x7D, 0x0B, 0xF0, 0x00, 0x00, 0x00, 0x2F, 0x03, 0xFC, 0x00, 0x00, 0x00,
    0x0F, 0xC0, 0xFE, 0x00, 0x00, 0x00, 0x03, 0xD0, 0x7F, 0x40, 0x00, 0x00, 0x01, 0xF0, 0x2F, 0xFF,
    0xD0, 0x00, 0x00, 0xFC, 0x0F, 0xFF, 0xFF, 0x00, 0x00, 0x7D, 0x03, 0xF8, 0x2F, 0xE0, 0x00, 0x2F,
    0x00, 0xFD, 0x03, 0xFC, 0x00, 0x0F, 0x80, 0x7F, 0x40, 0xBF, 0x00, 0x0F, 0xC0, 0x2F, 0xC0, 0x2F,
    0xC1, 0x4B, 0xD0, 0x0F, 0xF0, 0x0F, 0xE0, 0xFF, 0xF0, 0x03, 0xFC, 0x1F, 0xF0, 0x3F, 0xF0, 0x1F,
    0xFF, 0xFF, 0xF0, 0x0F, 0xE0, 0x0F, 0xFF, 0xFF, 0x90, 0x00, 0x00, 0x00, 0x00, 0x00, 0x00, 0x00,
    0x00, 0x55, 0x54, 0x05, 0x55, 0x40, 0x01, 0xFF, 0xFC, 0x3F, 0xFF, 0x80, 0x00, 0xBF, 0xF4, 0x2F,
    0xFE, 0x00, 0x00, 0x2F, 0xC0, 0x0B, 0xF0, 0x00, 0x00, 0x3F, 0x80, 0x0F, 0xF0, 0x00, 0x00, 0x3F,
    0x40, 0x0F, 0xE0, 0x00, 0x00, 0x7F, 0x40, 0x0F, 0xD0, 0x00, 0x00, 0xBF, 0x00, 0x1F, 0xC0, 0x00,
    0x00, 0xBF, 0xFF, 0xFF, 0xFF, 0x90, 0x00, 0xFF, 0xFF, 0xFF, 0xFF, 0xFC, 0x00, 0xFE, 0x55, 0xBF,
    0x86, 0xFE, 0x01, 0xFC, 0x00, 0x7F, 0x40, 0xFF, 0x02, 0xFC, 0x00, 0xBF, 0x00, 0xBF, 0x03, 0xFC,
    0x00, 0xBF, 0x00, 0xFF, 0x03, 0xF8, 0x00, 0xFE, 0x01, 0xFD, 0x07, 0xF4, 0x00, 0xFE, 0x0B, 0xFC,
    0x7F, 0xFF, 0x0B, 0xFF, 0xFF, 0xF0, 0xBF, 0xFF, 0x0F, 0xFF, 0xFE, 0x40, 0x00, 0x00, 0x00, 0x00,
    0x00, 0x00, 0x05, 0x55, 0x55, 0x55, 0x00, 0xFF, 0xFF, 0xFF, 0xFD, 0x03, 0xFF, 0xFF, 0xFF, 0xF0,
    0x0F, 0x82, 0xFC, 0x0F, 0xC0, 0x7C, 0x0B, 0xF0, 0x3E, 0x00, 0xF0, 0x3F, 0x80, 0xF4, 0x00, 0x00,
    0xFE, 0x00, 0x00, 0x00, 0x07, 0xF4, 0x00, 0x00, 0x00, 0x2F, 0xEF, 0xFE, 0x00, 0x00, 0xFF, 0xFF,
    0xFF, 0x00, 0x03, 0xFD, 0x07, 0xFC, 0x00, 0x0F, 0xD0, 0x0B, 0xF0, 0x00, 0x7F, 0x40, 0x2F, 0xC0,
    0x02, 0xFC, 0x00, 0xBF, 0x00, 0x0F, 0xF0, 0x03, 0xF8, 0x00, 0x3F, 0x80, 0x1F, 0xE0, 0x0F, 0xFF,
    0xC3, 0xFF, 0xF0, 0xBF, 0xFF, 0x1F, 0xFF, 0xC0, 0x00, 0x00, 0x00, 0x00, 0x00, 0x00, 0x00, 0x00,
    0x07, 0x40, 0x00, 0x00, 0x00, 0x2F, 0x80, 0x00, 0x00, 0x01, 0xFF, 0x80, 0x00, 0x00, 0x07, 0xFD,
    0x00, 0x00, 0x00, 0x06, 0x40, 0x00, 0x00, 0x00, 0x00, 0x00, 0x00, 0x00, 0x55, 0x54, 0x00, 0xA8,
    0x01, 0xFF, 0xFD, 0x07, 0xFE, 0x00, 0xBF, 0xF4, 0x0F, 0xFD, 0x00, 0x2F, 0xC0, 0x3F, 0x6C, 0x00,
    0x3F, 0xC0, 0xFC, 0x00, 0x00, 0x3F, 0x81, 0xF4, 0x00, 0x00, 0x7F, 0x43, 0xE0, 0x00, 0x00, 0xBF,
    0x0F, 0xC0, 0x00, 0x00, 0xBF, 0xFF, 0x00, 0x00, 0x00, 0xFF, 0xFF, 0x40, 0x00, 0x00, 0xFD, 0x2F,
    0x80, 0x00, 0x01, 0xFD, 0x1F, 0xC0, 0x00, 0x02, 0xFC, 0x0F, 0xE0, 0x00, 0x03, 0xFC, 0x0B, 0xF0,
    0x00, 0x03, 0xF8, 0x03, 0xF8, 0x00, 0x07, 0xF8, 0x02, 0xFD, 0x00, 0x7F, 0xFF, 0x00, 0xFF, 0x40,
    0xBF, 0xFF, 0x00, 0x7F, 0x80, 0x00, 0x00, 0x00, 0x00, 0x00, 0x00, 0x00, 0x00, 0x00, 0x00, 0x00,
    0x00, 0x00, 0x74, 0x00, 0x00, 0x00, 0x00, 0x02, 0xF8, 0x00, 0x00, 0x00, 0x00, 0x0B, 0xFC, 0x00,
    0x00, 0x00, 0x00, 0x07, 0xFC, 0x00, 0x00, 0x00, 0x00, 0x00, 0xA0, 0x00, 0x00, 0x00, 0x00, 0x00,
    0x00, 0x00, 0x00, 0x15, 0x55, 0x00, 0x55, 0x54, 0x01, 0xFF, 0xFD, 0x0F, 0xFF, 0xF0, 0x02, 0xFF,
    0xD0, 0x2F, 0xFE, 0x00, 0x02, 0xFC, 0x00, 0x1F, 0xD0, 0x00, 0x0F, 0xF0, 0x00, 0xFF, 0x00, 0x00,
    0x3F, 0x80, 0x0F, 0xFC, 0x00, 0x01, 0xFD, 0x01, 0xFF, 0xF0, 0x00, 0x0B, 0xF0, 0x1F, 0xFF, 0x80,
    0x00, 0x2F, 0xC2, 0xFA, 0xFD, 0x00, 0x00, 0xFF, 0x2F, 0x8B, 0xF0, 0x00, 0x03, 0xFB, 0xF4, 0x3F,
    0xC0, 0x00, 0x1F, 0xFF, 0x40, 0xFE, 0x00, 0x00, 0xBF, 0xF0, 0x07, 0xF4, 0x00, 0x03, 0xFF, 0x00,
    0x2F, 0xD0, 0x00, 0x0F, 0xF0, 0x00, 0xBF, 0x00, 0x00, 0x7F, 0x80, 0x03, 0xFC, 0x00, 0x1F, 0xFF,
    0xD0, 0xFF, 0xFE, 0x00, 0xBF, 0xFF, 0x07, 0xFF, 0xF4, 0x00, 0x00, 0x00, 0x00, 0x00, 0x00, 0x00,
    0x24, 0x02, 0x80, 0x00, 0x0F, 0xC0, 0x78, 0x00, 0x00, 0xFF, 0xBF, 0x00, 0x00, 0x07, 0xFF, 0x80,
    0x00, 0x00, 0x05, 0x40, 0x00, 0x00, 0x00, 0x00, 0x00, 0x01, 0x55, 0x50, 0x15, 0x54, 0x3F, 0xFF,
    0x03, 0xFF, 0xD2, 0xFF, 0xD0, 0x1F, 0xF8, 0x0B, 0xF4, 0x00, 0xFC, 0x00, 0x3F, 0x40, 0x2F, 0x40,
    0x03, 0xF8, 0x03, 0xF0, 0x00, 0x2F, 0xC0, 0xFC, 0x00, 0x01, 0xFC, 0x1F, 0x40, 0x00, 0x0F, 0xD3,
    0xF0, 0x00, 0x00, 0xBE, 0xBC, 0x00, 0x00, 0x07, 0xFF, 0x40, 0x00, 0x00, 0x3F, 0xF0, 0x00, 0x00,
    0x03, 0xFC, 0x00, 0x00, 0x00, 0x2F, 0x40, 0x00, 0x02, 0x07, 0xE0, 0x00, 0x00, 0xFF, 0xFC, 0x00,
    0x00, 0x0F, 0xFE, 0x00, 0x00, 0x00, 0xBF, 0x40, 0x00, 0x00, 0x00, 0x00, 0x00, 0x00, 0x00, 0x00,
    0x55, 0x54, 0x05, 0x55, 0x40, 0x1F, 0xFF, 0xD3, 0xFF, 0xFC, 0x00, 0xBF, 0xF4, 0x2F, 0xFE, 0x00,
    0x02, 0xFC, 0x00, 0x7F, 0x40, 0x00, 0x3F, 0xC0, 0x0B, 0xF0, 0x00, 0x03, 0xF8, 0x00, 0xFF, 0x00,
    0x00, 0x7F, 0x40, 0x0F, 0xF0, 0x00, 0x0B, 0xF0, 0x00, 0xFE, 0x00, 0x00, 0xBF, 0x00, 0x1F, 0xD0,
    0x00, 0x0F, 0xF0, 0x02, 0xFC, 0x00, 0x00, 0xFE, 0x00, 0x3F, 0xC0, 0x00, 0x1F, 0xD0, 0x03, 0xF8,
    0x00, 0x02, 0xFC, 0x00, 0x7F, 0x40, 0x00, 0x3F, 0xC0, 0x0B, 0xF4, 0x00, 0x03, 0xF8, 0x00, 0xBF,
    0x00, 0x00, 0x7F, 0x95, 0x5F, 0xF0, 0x00, 0x7F, 0xFF, 0xFF, 0xFF, 0xE0, 0x0B, 0xFF, 0xFF, 0xFF,
    0xFD, 0x00, 0x00, 0x03, 0xF0, 0x00, 0x00, 0x00, 0x00, 0x3F, 0x00, 0x00, 0x00, 0x00, 0x03, 0xD0,
    0x00, 0x00, 0x00, 0x00, 0x3C, 0x00, 0x00, 0x00, 0x00, 0x03, 0xC0, 0x00, 0x00, 0x00, 0x00, 0x10,
    0x00, 0x00, 0x00, 0x00, 0x00, 0x00, 0x68, 0x00, 0x00, 0x00, 0x02, 0xFC, 0x00, 0x00, 0x00, 0x07,
    0xFC, 0x00, 0x00, 0x00, 0x0F, 0xFD, 0x00, 0x00, 0x00, 0x2F, 0xFD, 0x00, 0x00, 0x00, 0x3E, 0xBE,
    0x00, 0x00, 0x00, 0xFC, 0x7F, 0x00, 0x00, 0x01, 0xF4, 0x7F, 0x00, 0x00, 0x03, 0xF0, 0x3F, 0x00,
    0x00, 0x0B, 0xD0, 0x3F, 0x40, 0x00, 0x0F, 0xC0, 0x3F, 0x80, 0x00, 0x2F, 0xFF, 0xFF, 0xC0, 0x00,
    0x7F, 0xFF, 0xFF, 0xC0, 0x00, 0xFD, 0x00, 0x2F, 0xC0, 0x02, 0xF8, 0x00, 0x1F, 0xD0, 0x03, 0xF0,
    0x00, 0x1F, 0xE0, 0x2F, 0xFD, 0x00, 0xFF, 0xFD, 0x7F, 0xFE, 0x02, 0xFF, 0xFD, 0x00, 0x55, 0x55,
    0x55, 0x00, 0x7F, 0xFF, 0xFF, 0xC0, 0x0B, 0xFF, 0xFF, 0xF0, 0x00, 0xBF, 0x00, 0xF8, 0x00, 0x3F,
    0x80, 0x3D, 0x00, 0x0F, 0xD0, 0x0E, 0x00, 0x07, 0xF4, 0x00, 0x00, 0x02, 0xFC, 0x00, 0x00, 0x00,
    0xBF, 0xFF, 0x80, 0x00, 0x3F, 0xFF, 0xFC, 0x00, 0x0F, 0xD0, 0xBF, 0xC0, 0x07, 0xF0, 0x0B, 0xF4,
    0x02, 0xFC, 0x01, 0xFD, 0x00, 0xFF, 0x00, 0x7F, 0x00, 0x3F, 0x80, 0x3F, 0xC0, 0x1F, 0xE0, 0x7F,
    0xD0, 0x7F, 0xFF, 0xFF, 0xD0, 0x2F, 0xFF, 0xFE, 0x40, 0x00, 0x00, 0x00, 0x00, 0x00, 0x00, 0x1A,
    0xBA, 0x40, 0x02, 0xFF, 0xFF, 0xF0, 0x07, 0xFF, 0xEF, 0xFC, 0x01, 0x2F, 0xC1, 0xFD, 0x00, 0x3F,
    0x80, 0xFE, 0x00, 0x3F, 0x40, 0xFD, 0x00, 0x7F, 0x40, 0xFC, 0x00, 0xBF, 0x03, 0xF4, 0x00, 0xBF,
    0xFF, 0xD0, 0x00, 0xFF, 0xFF, 0xF4, 0x00, 0xFD, 0x1B, 0xFC, 0x01, 0xFC, 0x02, 0xFD, 0x02, 0xFC,
    0x01, 0xFD, 0x03, 0xFC, 0x02, 0xFC, 0x03, 0xF8, 0x03, 0xFC, 0x07, 0xF8, 0x1F, 0xF0, 0x7F, 0xFF,
    0xFF, 0xC0, 0xBF, 0xFF, 0xF9, 0x00, 0x00, 0x00, 0x00, 0x00, 0x00, 0x55, 0x55, 0x55, 0x00, 0x7F,
    0xFF, 0xFF, 0xC0, 0x0B, 0xFF, 0xFF, 0xF0, 0x00, 0xBF, 0x00, 0xFC, 0x00, 0x3F, 0xC0, 0x3E, 0x00,
    0x0F, 0xE0, 0x0F, 0x40, 0x07, 0xF4, 0x03, 0x80, 0x02, 0xFC, 0x00, 0x00, 0x00, 0xBF, 0x00, 0x00,
    0x00, 0x3F, 0xC0, 0x00, 0x00, 0x0F, 0xE0, 0x00, 0x00, 0x07, 0xF4, 0x00, 0x00, 0x02, 0xFC, 0x00,
    0x00, 0x00, 0xFF, 0x00, 0x00, 0x00, 0x3F, 0x80, 0x00, 0x00, 0x1F, 0xE0, 0x00, 0x00, 0x7F, 0xFF,
    0xC0, 0x00, 0x2F, 0xFF, 0xE0, 0x00, 0x00, 0x00, 0x01, 0x55, 0x55, 0x55, 0x40, 0x00, 0x3F, 0xFF,
    0xFF, 0xFC, 0x00, 0x02, 0xFF, 0xFF, 0xFE, 0x40, 0x00, 0x03, 0xE0, 0x3F, 0x80, 0x00, 0x00, 0x7D,
    0x03, 0xF4, 0x00, 0x00, 0x0B, 0xC0, 0x7F, 0x40, 0x00, 0x00, 0xFC, 0x0B, 0xF0, 0x00, 0x00, 0x1F,
    0x40, 0xFF, 0x00, 0x00, 0x02, 0xF0, 0x0F, 0xE0, 0x00, 0x00, 0x3E, 0x00, 0xFD, 0x00, 0x00, 0x0B,
    0xD0, 0x1F, 0xC0, 0x00, 0x00, 0xFC, 0x02, 0xFC, 0x00, 0x00, 0x2F, 0x40, 0x3F, 0xC0, 0x00, 0x03,
    0xF0, 0x03, 0xF8, 0x00, 0x00, 0xFC, 0x00, 0x3F, 0x40, 0x00, 0x7F, 0xC0, 0x0B, 0xF4, 0x00, 0x3F,
    0xFF, 0xFF, 0xFF, 0xF4, 0x03, 0xFF, 0xFF, 0xFF, 0xFF, 0x40, 0x7F, 0x00, 0x00, 0x03, 0xF0, 0x07,
    0xD0, 0x00, 0x00, 0x3E, 0x00, 0x7C, 0x00, 0x00, 0x07, 0xD0, 0x07, 0xC0, 0x00, 0x00, 0x7C, 0x00,
    0x74, 0x00, 0x00, 0x07, 0x40, 0x00, 0x00, 0x00, 0x00, 0x00, 0x00, 0x00, 0x55, 0x55, 0x55, 0x00,
    0x7F, 0xFF, 0xFF, 0xD0, 0x0B, 0xFF, 0xFF, 0xF4, 0x00, 0xBF, 0x00, 0x7C, 0x00, 0x3F, 0xC0, 0x1F,
    0x00, 0x0F, 0xE0, 0x07, 0x40, 0x07, 0xF4, 0x00, 0x00, 0x02, 0xFC, 0x00, 0x00, 0x00, 0xBF, 0xFF,
    0xE0, 0x00, 0x3F, 0xFF, 0xF4, 0x00, 0x0F, 0xE5, 0x54, 0x00, 0x07, 0xF4, 0x00, 0x00, 0x02, 0xFC,
    0x00, 0x10, 0x00, 0xFF, 0x00, 0x2D, 0x00, 0x3F, 0x80, 0x0F, 0x40, 0x1F, 0xE5, 0x5F, 0xC0, 0x7F,
    0xFF, 0xFF, 0xF0, 0x2F, 0xFF, 0xFF, 0xF4, 0x00, 0x00, 0x29, 0x00, 0x15, 0x54, 0x01, 0xA4, 0x00,
    0xFF, 0x80, 0xFF, 0xFC, 0x0B, 0xFC, 0x00, 0xFF, 0xC0, 0x7F, 0xE0, 0x2F, 0xFC, 0x00, 0xA7, 0xE0,
    0x1F, 0x80, 0x7F, 0x68, 0x00, 0x02, 0xF0, 0x2F, 0x80, 0xF8, 0x00, 0x00, 0x00, 0xF4, 0x3F, 0x43,
    0xF0, 0x00, 0x00, 0x00, 0xF8, 0x3F, 0x07, 0xC0, 0x00, 0x00, 0x00, 0xBC, 0x7F, 0x0F, 0x40, 0x00,
    0x00, 0x00, 0xBF, 0xFF, 0xFF, 0x00, 0x00, 0x00, 0x01, 0xFF, 0xFF, 0xFF, 0x00, 0x00, 0x00, 0x07,
    0xF4, 0xFD, 0x3F, 0x40, 0x00, 0x00, 0x0F, 0xE0, 0xFC, 0x2F, 0xC0, 0x00, 0x00, 0x3F, 0xC1, 0xFC,
    0x0F, 0xC0, 0x00, 0x00, 0xFF, 0x42, 0xF8, 0x0F, 0xE0, 0x00, 0x03, 0xFE, 0x03, 0xF4, 0x07, 0xF4,
    0x00, 0x0F, 0xF8, 0x03, 0xF4, 0x03, 0xFC, 0x00, 0x7F, 0xF0, 0x2F, 0xFE, 0x02, 0xFF, 0x00, 0x7F,
    0x80, 0x3F, 0xFE, 0x00, 0xBF, 0x40, 0x00, 0x00, 0x00, 0x00, 0x00, 0x00, 0x00, 0x00, 0x06, 0xB9,
    0x00, 0x03, 0xFF, 0xFF, 0x00, 0x1F, 0xFF, 0xFF, 0x00, 0xBC, 0x03, 0xFC, 0x02, 0xE0, 0x0B, 0xF0,
    0x07, 0x00, 0x2F, 0xC0, 0x00, 0x00, 0xFD, 0x00, 0x00, 0x0F, 0xE0, 0x00, 0x2F, 0xFE, 0x00, 0x00,
    0xFF, 0xFE, 0x00, 0x00, 0x1B, 0xFD, 0x00, 0x00, 0x0B, 0xF8, 0x00, 0x00, 0x1F, 0xE0, 0x38, 0x00,
    0x7F, 0x83, 0xF0, 0x03, 0xFC, 0x0F, 0xF5, 0x7F, 0xD0, 0x2F, 0xFF, 0xFD, 0x00, 0x1F, 0xFF, 0x80,
    0x00, 0x00, 0x00, 0x00, 0x00, 0x00, 0x55, 0x54, 0x01, 0x55, 0x50, 0x07, 0xFF, 0xF4, 0x3F, 0xFF,
    0xC0, 0x0B, 0xFF, 0x40, 0xBF, 0xF8, 0x00, 0x0B, 0xF0, 0x00, 0x7F, 0x40, 0x00, 0x3F, 0xC0, 0x03,
    0xFC, 0x00, 0x00, 0xFE, 0x00, 0x3F, 0xF0, 0x00, 0x07, 0xF4, 0x07, 0xFF, 0xC0, 0x00, 0x2F, 0xC0,
    0x7F, 0xFE, 0x00, 0x00, 0xBF, 0x0B, 0xEB, 0xF4, 0x00, 0x03, 0xFC, 0xBE, 0x2F, 0xC0, 0x00, 0x0F,
    0xEF, 0xD0, 0xFF, 0x00, 0x00, 0x7F, 0xFD, 0x03, 0xF8, 0x00, 0x02, 0xFF, 0xC0, 0x1F, 0xD0, 0x00,
    0x0F, 0xFC, 0x00, 0xBF, 0x40, 0x00, 0x3F, 0xC0, 0x02, 0xFC, 0x00, 0x01, 0xFE, 0x00, 0x0F, 0xF0,
    0x00, 0x7F, 0xFF, 0x43, 0xFF, 0xF8, 0x02, 0xFF, 0xFC, 0x1F, 0xFF, 0xD0, 0x00, 0x00, 0x00, 0x00,
    0x00, 0x40, 0x00, 0x00, 0x00, 0x64, 0x03, 0x40, 0x00, 0x00, 0x03, 0xE0, 0x2D, 0x00, 0x00, 0x00,
    0x0F, 0xEB, 0xE0, 0x00, 0x00, 0x00, 0x2F, 0xFE, 0x00, 0x00, 0x00, 0x00, 0x05, 0x40, 0x00, 0x00,
    0x00, 0x00, 0x00, 0x00, 0x00, 0x00, 0x15, 0x55, 0x00, 0x55, 0x54, 0x01, 0xFF, 0xFD, 0x0F, 0xFF,
    0xF0, 0x02, 0xFF, 0xD0, 0x2F, 0xFE, 0x00, 0x02, 0xFC, 0x00, 0x1F, 0xD0, 0x00, 0x0F, 0xF0, 0x00,
    0xFF, 0x00, 0x00, 0x3F, 0x80, 0x0F, 0xFC, 0x00, 0x01, 0xFD, 0x01, 0xFF, 0xF0, 0x00, 0x0B, 0xF0,
    0x1F, 0xFF, 0x80, 0x00, 0x2F, 0xC2, 0xFA, 0xFD, 0x00, 0x00, 0xFF, 0x2F, 0x8B, 0xF0, 0x00, 0x03,
    0xFB, 0xF4, 0x3F, 0xC0, 0x00, 0x1F, 0xFF, 0x40, 0xFE, 0x00, 0x00, 0xBF, 0xF0, 0x07, 0xF4, 0x00,
    0x03, 0xFF, 0x00, 0x2F, 0xD0, 0x00, 0x0F, 0xF0, 0x00, 0xBF, 0x00, 0x00, 0x7F, 0x80, 0x03, 0xFC,
    0x00, 0x1F, 0xFF, 0xD0, 0xFF, 0xFE, 0x00, 0xBF, 0xFF, 0x07, 0xFF, 0xF4, 0x00, 0x00, 0x55, 0x54,
    0x00, 0xA8, 0x01, 0xFF, 0xFD, 0x07, 0xFE, 0x00, 0xBF, 0xF4, 0x0F, 0xFD, 0x00, 0x2F, 0xC0, 0x3F,
    0x6C, 0x00, 0x3F, 0xC0, 0xFC, 0x00, 0x00, 0x3F, 0x81, 0xF4, 0x00, 0x00, 0x7F, 0x43, 0xE0, 0x00,
    0x00, 0xBF, 0x0F, 0xC0, 0x00, 0x00, 0xBF, 0xFF, 0x00, 0x00, 0x00, 0xFF, 0xFF, 0x40, 0x00, 0x00,
    0xFD, 0x2F, 0x80, 0x00, 0x01, 0xFD, 0x1F, 0xC0, 0x00, 0x02, 0xFC, 0x0F, 0xE0, 0x00, 0x03, 0xFC,
    0x0B, 0xF0, 0x00, 0x03, 0xF8, 0x03, 0xF8, 0x00, 0x07, 0xF8, 0x02, 0xFD, 0x00, 0x7F, 0xFF, 0x00,
    0xFF, 0x40, 0xBF, 0xFF, 0x00, 0x7F, 0x80, 0x00, 0x00, 0x00, 0x00, 0x00, 0x00, 0x01, 0x55, 0x55,
    0x55, 0x40, 0x00, 0x3F, 0xFF, 0xFF, 0xFC, 0x00, 0x02, 0xFF, 0xFF, 0xFE, 0x00, 0x00, 0x03, 0xE0,
    0x3F, 0x80, 0x00, 0x00, 0x7D, 0x07, 0xF4, 0x00, 0x00, 0x0B, 0xC0, 0xBF, 0x00, 0x00, 0x00, 0xFC,
    0x0F, 0xF0, 0x00, 0x00, 0x0F, 0x40, 0xFE, 0x00, 0x00, 0x01, 0xF0, 0x1F, 0xD0, 0x00, 0x00, 0x3F,
    0x02, 0xFC, 0x00, 0x00, 0x07, 0xD0, 0x2F, 0xC0, 0x00, 0x00, 0xBC, 0x03, 0xFC, 0x00, 0x00, 0x0F,
    0x80, 0x3F, 0x80, 0x00, 0x03, 0xF0, 0x07, 0xF4, 0x00, 0x14, 0xBD, 0x00, 0xBF, 0x00, 0x03, 0xFF,
    0xC0, 0x0F, 0xF0, 0x00, 0x3F, 0xF0, 0x0F, 0xFF, 0xE0, 0x03, 0xF8, 0x02, 0xFF, 0xFE, 0x00, 0x00,
    0x00, 0x00, 0x00, 0x00, 0x00, 0x00, 0x05, 0x55, 0x00, 0x05, 0x55, 0x00, 0x0B, 0xFF, 0xC0, 0x03,
    0xFF, 0xC0, 0x01, 0xFF, 0xF0, 0x02, 0xFF, 0x80, 0x00, 0x1F, 0xFC, 0x00, 0xFF, 0xC0, 0x00, 0x0B,
    0xFF, 0x00, 0xFF, 0xF0, 0x00, 0x03, 0xEF, 0xD0, 0x7E, 0xFC, 0x00, 0x00, 0xF7, 0xF4, 0x3E, 0x7F,
    0x00, 0x00, 0xBC, 0xBE, 0x1F, 0x2F, 0x80, 0x00, 0x3F, 0x2F, 0x8F, 0x8B, 0xE0, 0x00, 0x0F, 0x87,
    0xF7, 0xC2, 0xF8, 0x00, 0x07, 0xC0, 0xFF, 0xD0, 0xFE, 0x00, 0x03, 0xF0, 0x3F, 0xF0, 0x3F, 0x80,
    0x00, 0xF8, 0x0F, 0xF4, 0x0F, 0xD0, 0x00, 0x7D, 0x02, 0xFC, 0x03, 0xF4, 0x00, 0x2F, 0x00, 0x7D,
    0x00, 0xFD, 0x00, 0x0F, 0xC0, 0x1E, 0x00, 0x7F, 0x40, 0x2F, 0xFD, 0x00, 0x01, 0xFF, 0xFC, 0x1F,
    0xFF, 0x40, 0x00, 0xFF, 0xFF, 0x00, 0x00, 0x55, 0x54, 0x05, 0x55, 0x50, 0x1F, 0xFF, 0xD0, 0xFF,
    0xFE, 0x00, 0xBF, 0xF4, 0x0B, 0xFF, 0x80, 0x02, 0xFC, 0x00, 0x1F, 0xD0, 0x00, 0x3F, 0xC0, 0x02,
    0xFC, 0x00, 0x03, 0xF8, 0x00, 0x3F, 0xC0, 0x00, 0x7F, 0x40, 0x03, 0xF8, 0x00, 0x0B, 0xF4, 0x00,
    0x7F, 0x40, 0x00, 0xBF, 0xFF, 0xFF, 0xF4, 0x00, 0x0F, 0xFF, 0xFF, 0xFF, 0x00, 0x00, 0xFE, 0x55,
    0x5F, 0xF0, 0x00, 0x1F, 0xD0, 0x00, 0xFE, 0x00, 0x02, 0xFC, 0x00, 0x1F, 0xD0, 0x00, 0x3F, 0xC0,
    0x02, 0xFC, 0x00, 0x03, 0xFC, 0x00, 0x3F, 0xC0, 0x00, 0x7F, 0x80, 0x03, 0xFC, 0x00, 0x7F, 0xFF,
    0x43, 0xFF, 0xF4, 0x0B, 0xFF, 0xF0, 0x7F, 0xFF, 0x40, 0x00, 0x00, 0x6A, 0x90, 0x00, 0x00, 0xFF,
    0xFF, 0xD0, 0x00, 0x7F, 0xFF, 0xFF, 0x40, 0x1F, 0xF4, 0x1F, 0xFC, 0x07, 0xFC, 0x00, 0x3F, 0xD0,
    0xFF, 0x40, 0x02, 0xFE, 0x1F, 0xF0, 0x00, 0x2F, 0xE2, 0xFD, 0x00, 0x02, 0xFE, 0x3F, 0xC0, 0x00,
    0x2F, 0xE3, 0xFC, 0x00, 0x02, 0xFE, 0x3F, 0xC0, 0x00, 0x3F, 0xD3, 0xFC, 0x00, 0x03, 0xFC, 0x3F,
    0xC0, 0x00, 0xBF, 0x83, 0xFD, 0x00, 0x1F, 0xF0, 0x2F, 0xF0, 0x07, 0xFD, 0x00, 0xFF, 0xEB, 0xFF,
    0x40, 0x07, 0xFF, 0xFF, 0xD0, 0x00, 0x0B, 0xFF, 0xD0, 0x00, 0x00, 0x00, 0x00, 0x00, 0x00, 0x00,
    0x55, 0x55, 0x55, 0x55, 0x40, 0x1F, 0xFF, 0xFF, 0xFF, 0xFC, 0x00, 0xBF, 0xFF, 0xFF, 0xFE, 0x40,
    0x02, 0xFC, 0x00, 0x7F, 0x80, 0x00, 0x3F, 0xC0, 0x07, 0xF4, 0x00, 0x03, 0xF8, 0x00, 0xBF, 0x00,
    0x00, 0x7F, 0x40, 0x0B, 0xF0, 0x00, 0x0B, 0xF0, 0x00, 0xFF, 0x00, 0x00, 0xBF, 0x00, 0x0F, 0xE0,
    0x00, 0x0F, 0xF0, 0x01, 0xFD, 0x00, 0x00, 0xFE, 0x00, 0x2F, 0xC0, 0x00, 0x1F, 0xD0, 0x03, 0xFC,
    0x00, 0x02, 0xFC, 0x00, 0x3F, 0xC0, 0x00, 0x3F, 0xC0, 0x03, 0xF8, 0x00, 0x03, 0xFC, 0x00, 0x7F,
    0x40, 0x00, 0x7F, 0x80, 0x0B, 0xF4, 0x00, 0x7F, 0xFF, 0x4B, 0xFF, 0xF0, 0x0B, 0xFF, 0xF0, 0xFF,
    0xFE, 0x00, 0x00, 0x1A, 0xBA, 0x40, 0x00, 0xBF, 0xFF, 0xFE, 0x00, 0x7F, 0xFF, 0xFF, 0xD0, 0x04,
    0xBF, 0x0B, 0xFC, 0x00, 0x3F, 0xC0, 0xFF, 0x00, 0x0F, 0xE0, 0x2F, 0xC0, 0x07, 0xF4, 0x0F, 0xF0,
    0x02, 0xFC, 0x03, 0xF8, 0x00, 0xBF, 0x03, 0xFC, 0x00, 0x3F, 0xEF, 0xFC, 0x00, 0x0F, 0xFF, 0xF8,
    0x00, 0x07, 0xFE, 0x90, 0x00, 0x02, 0xFC, 0x00, 0x00, 0x00, 0xFF, 0x00, 0x00, 0x00, 0x3F, 0x80,
    0x00, 0x00, 0x1F, 0xE0, 0x00, 0x00, 0x7F, 0xFF, 0xC0, 0x00, 0x2F, 0xFF, 0xE0, 0x00, 0x00, 0x00,
    0x00, 0x6B, 0xA0, 0x00, 0x02, 0xFF, 0xFF, 0xC0, 0x03, 0xFF, 0xFF, 0xF0, 0x03, 0xFE, 0x00, 0xFC,
    0x03, 0xFD, 0x00, 0x3E, 0x02, 0xFD, 0x00, 0x0F, 0x00, 0xFF, 0x00, 0x00, 0x00, 0x7F, 0x40, 0x00,
    0x00, 0x3F, 0xC0, 0x00, 0x00, 0x0F, 0xF0, 0x00, 0x00, 0x03, 0xFC, 0x00, 0x00, 0x00, 0xFF, 0x00,
    0x00, 0x00, 0x3F, 0xC0, 0x00, 0x00, 0x0F, 0xF8, 0x00, 0x0D, 0x02, 0xFF, 0x80, 0x1F, 0x80, 0x3F,
    0xFF, 0xFF, 0xC0, 0x07, 0xFF, 0xFF, 0xD0, 0x00, 0x2F, 0xFF, 0x80, 0x00, 0x00, 0x00, 0x00, 0x00,
    0x05, 0x55, 0x55, 0x55, 0x0B, 0xFF, 0xFF, 0xFF, 0xD3, 0xFF, 0xFF, 0xFF, 0xF4, 0xF8, 0x1F, 0xD0,
    0xBC, 0x7D, 0x0B, 0xF0, 0x2F, 0x0F, 0x03, 0xFC, 0x0F, 0x41, 0x40, 0xFE, 0x01, 0x40, 0x00, 0x7F,
    0x40, 0x00, 0x00, 0x2F, 0xD0, 0x00, 0x00, 0x0B, 0xF0, 0x00, 0x00, 0x03, 0xFC, 0x00, 0x00, 0x00,
    0xFE, 0x00, 0x00, 0x00, 0x7F, 0x40, 0x00, 0x00, 0x2F, 0xC0, 0x00, 0x00, 0x0F, 0xF0, 0x00, 0x00,
    0x03, 0xFC, 0x00, 0x00, 0x0F, 0xFF, 0xE0, 0x00, 0x0B, 0xFF, 0xF4, 0x00, 0x00, 0x15, 0x55, 0x01,
    0x55, 0x43, 0xFF, 0xF0, 0x3F, 0xFD, 0x2F, 0xFD, 0x01, 0xFF, 0x80, 0xBF, 0x40, 0x0F, 0xC0, 0x03,
    0xF4, 0x02, 0xF4, 0x00, 0x3F, 0x80, 0x3F, 0x00, 0x02, 0xFC, 0x0F, 0xC0, 0x00, 0x1F, 0xC1, 0xF4,
    0x00, 0x00, 0xFD, 0x3F, 0x00, 0x00, 0x0B, 0xEB, 0xC0, 0x00, 0x00, 0x7F, 0xF4, 0x00, 0x00, 0x03,
    0xFF, 0x00, 0x00, 0x00, 0x3F, 0xC0, 0x00, 0x00, 0x02, 0xF4, 0x00, 0x00, 0x20, 0x7E, 0x00, 0x00,
    0x0F, 0xFF, 0xC0, 0x00, 0x00, 0xFF, 0xE0, 0x00, 0x00, 0x0B, 0xF4, 0x00, 0x00, 0x00, 0x00, 0x00,
    0x00, 0x00, 0x00, 0x00, 0x02, 0xFF, 0xFC, 0x00, 0x00, 0x0B, 0xFF, 0xD0, 0x00, 0x00, 0x03, 0xF8,
    0x00, 0x00, 0x00, 0x6F, 0xE5, 0x00, 0x00, 0xBF, 0xFF, 0xFF, 0x40, 0x0F, 0xFB, 0xFE, 0xFF, 0x40,
    0xFF, 0x0F, 0xE0, 0xFF, 0x0B, 0xF0, 0x3F, 0x42, 0xFC, 0x3F, 0x40, 0xFC, 0x07, 0xF1, 0xFD, 0x07,
    0xF0, 0x2F, 0xC7, 0xF4, 0x2F, 0xC0, 0xFE, 0x0F, 0xE0, 0xFE, 0x0B, 0xF0, 0x2F, 0xE7, 0xF5, 0xFF,
    0x40, 0x3F, 0xFF, 0xFF, 0xF0, 0x00, 0x1B, 0xFF, 0xE4, 0x00, 0x00, 0x02, 0xF8, 0x00, 0x00, 0x00,
    0x2F, 0xF8, 0x00, 0x00, 0x03, 0xFF, 0xF4, 0x00, 0x00, 0x05, 0x55, 0x40, 0x00, 0x00, 0x00, 0x55,
    0x54, 0x05, 0x55, 0x00, 0x7F, 0xFF, 0x0F, 0xFF, 0xC0, 0x0B, 0xFE, 0x01, 0xFF, 0x80, 0x00, 0x7F,
    0x40, 0x3F, 0x00, 0x00, 0x0F, 0xF0, 0x3F, 0x40, 0x00, 0x01, 0xFD, 0x3F, 0x40, 0x00, 0x00, 0x3F,
    0xEF, 0x40, 0x00, 0x00, 0x0B, 0xFF, 0x80, 0x00, 0x00, 0x00, 0xFF, 0x80, 0x00, 0x00, 0x00, 0x3F,
    0xC0, 0x00, 0x00, 0x00, 0x3F, 0xF8, 0x00, 0x00, 0x00, 0x2F, 0xFF, 0x00, 0x00, 0x00, 0x2F, 0x4F,
    0xE0, 0x00, 0x00, 0x2F, 0x82, 0xFC, 0x00, 0x00, 0x1F, 0xC0, 0x3F, 0x80, 0x00, 0x1F, 0xC0, 0x0B,
    0xF4, 0x00, 0x7F, 0xFD, 0x0F, 0xFF, 0xC0, 0x3F, 0xFF, 0x4B, 0xFF, 0xF0, 0x00, 0x00, 0x55, 0x54,
    0x05, 0x55, 0x40, 0x1F, 0xFF, 0xD3, 0xFF, 0xFC, 0x00, 0xBF, 0xF4, 0x2F, 0xFE, 0x00, 0x02, 0xFC,
    0x00, 0x7F, 0x40, 0x00, 0x3F, 0xC0, 0x0B, 0xF0, 0x00, 0x03, 0xF8, 0x00, 0xFF, 0x00, 0x00, 0x7F,
    0x40, 0x0F, 0xF0, 0x00, 0x0B, 0xF0, 0x00, 0xFE, 0x00, 0x00, 0xBF, 0x00, 0x1F, 0xD0, 0x00, 0x0F,
    0xF0, 0x02, 0xFC, 0x00, 0x00, 0xFE, 0x00, 0x3F, 0xC0, 0x00, 0x1F, 0xD0, 0x03, 0xF8, 0x00, 0x02,
    0xFC, 0x00, 0x7F, 0x40, 0x00, 0x3F, 0xC0, 0x0B, 0xF4, 0x00, 0x03, 0xF8, 0x00, 0xBF, 0x00, 0x00,
    0x7F, 0x95, 0x5F, 0xF0, 0x00, 0x7F, 0xFF, 0xFF, 0xFF, 0xF0, 0x0B, 0xFF, 0xFF, 0xFF, 0xFF, 0x00,
    0x00, 0x00, 0x00, 0x07, 0xE0, 0x00, 0x00, 0x00, 0x00, 0x7D, 0x00, 0x00, 0x00, 0x00, 0x0B, 0xC0,
    0x00, 0x00, 0x00, 0x00, 0xB8, 0x00, 0x00, 0x00, 0x00, 0x0B, 0x00, 0x00, 0x00, 0x00, 0x00, 0x00,
    0x00, 0x15, 0x55, 0x05, 0x55, 0x43, 0xFF, 0xF4, 0xFF, 0xFE, 0x2F, 0xFD, 0x0B, 0xFF, 0x80, 0xBF,
    0x00, 0x2F, 0xC0, 0x0F, 0xF0, 0x03, 0xFC, 0x00, 0xFE, 0x00, 0x3F, 0x80, 0x0F, 0xE0, 0x07, 0xF8,
    0x00, 0xFE, 0x00, 0x7F, 0x40, 0x0F, 0xF4, 0x0B, 0xF0, 0x00, 0xFF, 0xFF, 0xFF, 0x00, 0x03, 0xFF,
    0xFF, 0xE0, 0x00, 0x05, 0xA5, 0xFD, 0x00, 0x00, 0x00, 0x2F, 0xC0, 0x00, 0x00, 0x03, 0xFC, 0x00,
    0x00, 0x00, 0x3F, 0xC0, 0x00, 0x00, 0x07, 0xF8, 0x00, 0x00, 0x07, 0xFF, 0xF4, 0x00, 0x00, 0xFF,
    0xFF, 0x00, 0x00, 0x55, 0x54, 0x15, 0x54, 0x55, 0x54, 0x01, 0xFF, 0xFC, 0xFF, 0xF8, 0xFF, 0xFC,
    0x00, 0xBF, 0xE0, 0xBF, 0xE0, 0xBF, 0xE0, 0x00, 0x2F, 0xC0, 0x3F, 0x80, 0x3F, 0x80, 0x00, 0x3F,
    0x80, 0x3F, 0x80, 0x7F, 0x40, 0x00, 0x3F, 0x40, 0x7F, 0x40, 0xBF, 0x00, 0x00, 0x7F, 0x40, 0xBF,
    0x00, 0xFF, 0x00, 0x00, 0xBF, 0x00, 0xBF, 0x00, 0xFE, 0x00, 0x00, 0xBF, 0x00, 0xFE, 0x00, 0xFD,
    0x00, 0x00, 0xFE, 0x00, 0xFD, 0x01, 0xFC, 0x00, 0x00, 0xFD, 0x01, 0xFC, 0x02, 0xFC, 0x00, 0x01,
    0xFC, 0x02, 0xFC, 0x03, 0xFC, 0x00, 0x02, 0xFC, 0x03, 0xFC, 0x03, 0xF8, 0x00, 0x03, 0xFC, 0x03,
    0xF8, 0x03, 0xF4, 0x00, 0x03, 0xF8, 0x03, 0xF4, 0x07, 0xF0, 0x00, 0x07, 0xF8, 0x0B, 0xF4, 0x0B,
    0xF0, 0x00, 0x7F, 0xFF, 0xFF, 0xFF, 0xFF, 0xFE, 0x00, 0xBF, 0xFF, 0xFF, 0xFF, 0xFF, 0xFE, 0x00,
    0x00, 0x55, 0x54, 0x15, 0x54, 0x55, 0x54, 0x01, 0xFF, 0xFC, 0xFF, 0xF9, 0xFF, 0xFC, 0x00, 0xBF,
    0xE0, 0xBF, 0xE0, 0xBF, 0xE0, 0x00, 0x2F, 0xC0, 0x3F, 0x80, 0x3F, 0x80, 0x00, 0x3F, 0x80, 0x3F,
    0x40, 0x7F, 0x40, 0x00, 0x3F, 0x40, 0x7F, 0x40, 0xBF, 0x00, 0x00, 0x7F, 0x40, 0xBF, 0x00, 0xBF,
    0x00, 0x00, 0xBF, 0x00, 0xBF, 0x00, 0xFE, 0x00, 0x00, 0xBF, 0x00, 0xFE, 0x00, 0xFD, 0x00, 0x00,
    0xFE, 0x00, 0xFD, 0x01, 0xFC, 0x00, 0x00, 0xFD, 0x01, 0xFC, 0x02, 0xFC, 0x00, 0x01, 0xFC, 0x02,
    0xFC, 0x03, 0xFC, 0x00, 0x02, 0xFC, 0x03, 0xFC, 0x03, 0xF8, 0x00, 0x03, 0xFC, 0x03, 0xF8, 0x03,
    0xF4, 0x00, 0x03, 0xF8, 0x03, 0xF4, 0x07, 0xF0, 0x00, 0x07, 0xF8, 0x0B, 0xF4, 0x0B, 0xF0, 0x00,
    0x7F, 0xFF, 0xFF, 0xFF, 0xFF, 0xFF, 0x00, 0xBF, 0xFF, 0xFF, 0xFF, 0xFF, 0xFF, 0x00, 0x00, 0x00,
    0x00, 0x00, 0x00, 0x7F, 0x00, 0x00, 0x00, 0x00, 0x00, 0x00, 0x7D, 0x00, 0x00, 0x00, 0x00, 0x00,
    0x00, 0xBC, 0x00, 0x00, 0x00, 0x00, 0x00, 0x00, 0xB8, 0x00, 0x00, 0x00, 0x00, 0x00, 0x00, 0xB4,
    0x00, 0x00, 0x00, 0x00, 0x00, 0x00, 0x00, 0x00, 0x05, 0x55, 0x55, 0x00, 0x0B, 0xFF, 0xFF, 0xE0,
    0x03, 0xFF, 0xFF, 0xE0, 0x00, 0xF8, 0x2F, 0xC0, 0x00, 0x7D, 0x0F, 0xE0, 0x00, 0x0F, 0x03, 0xF4,
    0x00, 0x01, 0x41, 0xFD, 0x00, 0x00, 0x00, 0xBF, 0x00, 0x00, 0x00, 0x2F, 0xFF, 0xD0, 0x00, 0x0F,
    0xFF, 0xFF, 0x00, 0x03, 0xF4, 0x2F, 0xE0, 0x01, 0xFC, 0x03, 0xFC, 0x00, 0xBF, 0x00, 0xBF, 0x00,
    0x3F, 0xC0, 0x2F, 0xC0, 0x0F, 0xE0, 0x0F, 0xE0, 0x07, 0xF8, 0x1F, 0xF0, 0x1F, 0xFF, 0xFF, 0xF0,
    0x0B, 0xFF, 0xFF, 0x90, 0x00, 0x00, 0x00, 0x00, 0x00, 0x00, 0x55, 0x54, 0x00, 0x05, 0x55, 0x40,
    0x1F, 0xFF, 0xE0, 0x02, 0xFF, 0xFD, 0x00, 0xBF, 0xF4, 0x00, 0x1B, 0xFF, 0x40, 0x02, 0xFC, 0x00,
    0x00, 0x3F, 0xC0, 0x00, 0x3F, 0x80, 0x00, 0x03, 0xF8, 0x00, 0x03, 0xF4, 0x00, 0x00, 0x7F, 0x80,
    0x00, 0x7F, 0x40, 0x00, 0x07, 0xF4, 0x00, 0x0B, 0xF0, 0x00, 0x00, 0xBF, 0x00, 0x00, 0xBF, 0xFE,
    0x40, 0x0F, 0xF0, 0x00, 0x0F, 0xFF, 0xFE, 0x00, 0xFE, 0x00, 0x00, 0xFD, 0x0F, 0xF4, 0x1F, 0xD0,
    0x00, 0x1F, 0xC0, 0x3F, 0xC2, 0xFC, 0x00, 0x02, 0xFC, 0x03, 0xFC, 0x2F, 0xC0, 0x00, 0x3F, 0xC0,
    0x3F, 0x83, 0xFC, 0x00, 0x03, 0xF8, 0x07, 0xF4, 0x3F, 0x80, 0x00, 0x7F, 0x86, 0xFF, 0x07, 0xF8,
    0x00, 0x7F, 0xFF, 0xFF, 0x83, 0xFF, 0xF0, 0x0B, 0xFF, 0xFF, 0x90, 0xBF, 0xFF, 0x00, 0x00, 0x00,
    0x00, 0x00, 0x00, 0x00, 0x00, 0x00, 0x55, 0x54, 0x00, 0x01, 0xFF, 0xFE, 0x00, 0x00, 0xBF, 0xF8,
    0x00, 0x00, 0x2F, 0xC0, 0x00, 0x00, 0x3F, 0x80, 0x00, 0x00, 0x3F, 0x40, 0x00, 0x00, 0x7F, 0x40,
    0x00, 0x00, 0xBF, 0x00, 0x00, 0x00, 0xBF, 0xFF, 0x80, 0x00, 0xFF, 0xFF, 0xF0, 0x00, 0xFD, 0x0B,
    0xFC, 0x01, 0xFC, 0x02, 0xFD, 0x02, 0xFC, 0x01, 0xFD, 0x03, 0xFC, 0x01, 0xFC, 0x03, 0xF8, 0x03,
    0xFC, 0x07, 0xF8, 0x1F, 0xF4, 0x7F, 0xFF, 0xFF, 0xD0, 0xBF, 0xFF, 0xF9, 0x00, 0x00, 0x00, 0x00,
    0x00, 0x00, 0x16, 0xB9, 0x00, 0x00, 0x3F, 0xFF, 0xF8, 0x00, 0x1F, 0xFB, 0xFF, 0x80, 0x0B, 0xC0,
    0x1F, 0xF0, 0x02, 0xE0, 0x02, 0xFE, 0x00, 0x70, 0x00, 0x3F, 0xC0, 0x00, 0x00, 0x0F, 0xF0, 0x00,
    0x00, 0x03, 0xFC, 0x00, 0x0F, 0xFF, 0xFF, 0x00, 0x03, 0xFF, 0xFF, 0xC0, 0x00, 0xAA, 0xAF, 0xF0,
    0x00, 0x00, 0x0B, 0xF4, 0x00, 0x00, 0x03, 0xFC, 0x03, 0xC0, 0x02, 0xFE, 0x03, 0xF4, 0x01, 0xFF,
    0x00, 0xFF, 0x97, 0xFF, 0x00, 0x2F, 0xFF, 0xFF, 0x00, 0x01, 0xFF, 0xF9, 0x00, 0x00, 0x00, 0x00,
    0x00, 0x00, 0x00, 0x55, 0x54, 0x00, 0x6B, 0xA0, 0x00, 0x07, 0xFF, 0xF0, 0x1F, 0xFF, 0xF8, 0x00,
    0x0B, 0xFF, 0x42, 0xFF, 0xFF, 0xF8, 0x00, 0x0B, 0xF0, 0x2F, 0xF4, 0x1F, 0xF4, 0x00, 0x3F, 0xC1,
    0xFF, 0x00, 0x2F, 0xE0, 0x00, 0xFE, 0x0F, 0xF0, 0x00, 0x3F, 0xC0, 0x03, 0xF4, 0x7F, 0x80, 0x00,
    0xFF, 0x00, 0x1F, 0xC2, 0xFD, 0x00, 0x03, 0xFC, 0x00, 0xBF, 0xFF, 0xF0, 0x00, 0x0F, 0xF0, 0x03,
    0xFF, 0xFF, 0xC0, 0x00, 0x3F, 0xC0, 0x0F, 0xE5, 0xFF, 0x00, 0x01, 0xFE, 0x00, 0x7F, 0x43, 0xFC,
    0x00, 0x0B, 0xF4, 0x02, 0xFC, 0x0F, 0xF0, 0x00, 0x3F, 0xC0, 0x0B, 0xF0, 0x3F, 0xD0, 0x02, 0xFE,
    0x00, 0x3F, 0x80, 0xBF, 0xC0, 0x1F, 0xF0, 0x01, 0xFE, 0x00, 0xFF, 0xEB, 0xFF, 0x00, 0x7F, 0xFF,
    0x01, 0xFF, 0xFF, 0xE0, 0x02, 0xFF, 0xFC, 0x00, 0xBF, 0xF9, 0x00, 0x00, 0x00, 0x00, 0x00, 0x00,
    0x00, 0x00, 0x00, 0x00, 0x00, 0x01, 0x55, 0x54, 0x00, 0x01, 0xFF, 0xFF, 0xFD, 0x00, 0x0B, 0xFF,
    0xFF, 0xF4, 0x00, 0x1F, 0xE0, 0x2F, 0xC0, 0x00, 0x3F, 0xC0, 0x3F, 0x80, 0x00, 0x3F, 0x80, 0x3F,
    0x40, 0x00, 0x3F, 0x80, 0x7F, 0x40, 0x00, 0x3F, 0xC0, 0xBF, 0x00, 0x00, 0x2F, 0xF9, 0xFF, 0x00,
    0x00, 0x0B, 0xFF, 0xFE, 0x00, 0x00, 0x03, 0xFF, 0xFD, 0x00, 0x00, 0x07, 0xE1, 0xFC, 0x00, 0x00,
    0x0F, 0xC2, 0xFC, 0x00, 0x00, 0x2F, 0x43, 0xFC, 0x00, 0x00, 0xBF, 0x03, 0xF8, 0x00, 0x3F, 0xFC,
    0x07, 0xF8, 0x00, 0x3F, 0xF0, 0x3F, 0xFF, 0x00, 0x3F, 0x80, 0xBF, 0xFF, 0x00, 0x00, 0x00, 0x00,
    0x00, 0x00, 0x00, 0x01, 0x00, 0x00, 0x00, 0xFF, 0x9F, 0x80, 0x1F, 0xFF, 0xFD, 0x00, 0xFE, 0x1F,
    0xF0, 0x0B, 0xF0, 0x2F, 0x80, 0x3F, 0x00, 0xFD, 0x02, 0xFC, 0x03, 0xF0, 0x0F, 0xE0, 0x2F, 0xC0,
    0x3F, 0x40, 0xFF, 0x00, 0xFC, 0x0B, 0xF8, 0x03, 0xF4, 0xBB, 0xE2, 0x0F, 0xFB, 0xDF, 0xFD, 0x3F,
    0xFC, 0x3F, 0xE0, 0x7F, 0x80, 0xFE, 0x00, 0x00, 0x00, 0x00, 0x00, 0x00, 0x00, 0x00, 0x00, 0x00,
    0x00, 0x00, 0x60, 0x00, 0x00, 0x7F, 0xC0, 0x00, 0x7F, 0xFE, 0x00, 0x0F, 0xFF, 0xE0, 0x00, 0xFF,
    0x90, 0x00, 0x0F, 0xD0, 0x00, 0x00, 0xBD, 0x00, 0x00, 0x03, 0xE0, 0x50, 0x00, 0x2F, 0x6F, 0xF8,
    0x00, 0xFF, 0xFF, 0xF4, 0x07, 0xFD, 0x1F, 0xE0, 0x2F, 0xD0, 0x2F, 0xC0, 0xFF, 0x00, 0xBF, 0x03,
    0xF4, 0x02, 0xF8, 0x0F, 0xD0, 0x0F, 0xD0, 0x3F, 0x40, 0x7F, 0x00, 0xFD, 0x03, 0xF8, 0x03, 0xFD,
    0x7F, 0xC0, 0x07, 0xFF, 0xFC, 0x00, 0x07, 0xFF, 0x80, 0x00, 0x00, 0x00, 0x00, 0x00, 0x00, 0x00,
    0x40, 0x00, 0x0B, 0xFF, 0x40, 0x0F, 0xFF, 0xF0, 0x0F, 0xC0, 0xFC, 0x0F, 0xC0, 0x3F, 0x07, 0xD0,
    0x2F, 0x43, 0xFA, 0xFF, 0x40, 0xFF, 0xFF, 0xF8, 0x3F, 0x40, 0xBF, 0x1F, 0xC0, 0x1F, 0xC3, 0xF0,
    0x0F, 0xE0, 0xFE, 0x0B, 0xF0, 0x2F, 0xFF, 0xF0, 0x02, 0xFF, 0xD0, 0x00, 0x00, 0x00, 0x00, 0x00,
    0x05, 0x00, 0x0B, 0xFF, 0x80, 0xFF, 0xFF, 0x87, 0xD0, 0xBE, 0x08, 0x02, 0xF8, 0x00, 0x2F, 0xD0,
    0x07, 0xFE, 0x00, 0xFF, 0xD0, 0x1F, 0xF4, 0x00, 0xFE, 0x00, 0x07, 0xF0, 0x0B, 0x2F, 0xD1, 0xFC,
    0x3F, 0xFF, 0xD0, 0x7F, 0xF8, 0x00, 0x00, 0x00, 0x00, 0x00, 0x06, 0x50, 0x00, 0x0B, 0xFF, 0xC0,
    0x03, 0xFF, 0xFF, 0x00, 0x34, 0x0B, 0xF4, 0x00, 0x00, 0x3F, 0xC0, 0x00, 0x02, 0xFC, 0x00, 0x00,
    0x1F, 0xC0, 0x01, 0xFE, 0xFC, 0x00, 0xFF, 0xFF, 0xC0, 0x3F, 0x97, 0xFC, 0x0F, 0xE0, 0x1F, 0xC1,
    0xFC, 0x02, 0xFC, 0x3F, 0x80, 0x2F, 0x83, 0xF4, 0x03, 0xF4, 0x3F, 0x00, 0x7F, 0x07, 0xF0, 0x0B,
    0xE0, 0x3F, 0x41, 0xFC, 0x03, 0xFD, 0x7F, 0x40, 0x1F, 0xFF, 0xD0, 0x00, 0x7F, 0xE0, 0x00, 0x00,
    0x00, 0x00, 0x00, 0x00, 0x00, 0x40, 0x00, 0x2F, 0xF8, 0x00, 0xFF, 0xFC, 0x03, 0xF0, 0xFD, 0x0F,
    0xC0, 0xFC, 0x1F, 0x81, 0xF8, 0x2F, 0x0B, 0xE0, 0x3F, 0xBF, 0x80, 0x3F, 0xF8, 0x00, 0x7F, 0x40,
    0x10, 0x3F, 0x00, 0xB4, 0x3F, 0xEB, 0xF4, 0x2F, 0xFF, 0xD0, 0x0B, 0xFE, 0x00, 0x00, 0x00, 0x00,
    0x00, 0x14, 0x00, 0x10, 0x01, 0x40, 0x07, 0xFC, 0x07, 0xC0, 0x7F, 0xC0, 0xBF, 0xFC, 0x3F, 0x07,
    0xFF, 0x43, 0xEF, 0xF0, 0xF8, 0x3F, 0x6C, 0x0D, 0x0F, 0xCB, 0xD3, 0xE0, 0x00, 0x00, 0x2F, 0x7F,
    0x2F, 0x00, 0x00, 0x00, 0xBF, 0xFD, 0xF8, 0x00, 0x00, 0x03, 0xFF, 0xFF, 0xD0, 0x00, 0x00, 0x0F,
    0xDF, 0xFF, 0x00, 0x00, 0x00, 0x7C, 0xBF, 0xBC, 0x00, 0x00, 0x03, 0xD3, 0xF2, 0xF8, 0x2C, 0x1E,
    0xBE, 0x0F, 0x87, 0xFF, 0xF0, 0xFF, 0xF0, 0x3D, 0x0F, 0xFF, 0x02, 0xFE, 0x01, 0xF0, 0x2F, 0xE0,
    0x00, 0x00, 0x00, 0x00, 0x00, 0x00, 0x00, 0x00, 0x01, 0x00, 0x00, 0xBF, 0xF8, 0x03, 0xFF, 0xFD,
    0x07, 0xD0, 0xBE, 0x02, 0x00, 0x7E, 0x00, 0x00, 0xFC, 0x00, 0x2B, 0xF0, 0x00, 0x7F, 0xF0, 0x00,
    0x16, 0xFC, 0x00, 0x00, 0xFC, 0x1C, 0x00, 0xFC, 0x3F, 0x03, 0xF8, 0x3F, 0xFF, 0xF0, 0x0F, 0xFF,
    0x40, 0x00, 0x00, 0x00, 0x00, 0x40, 0x00, 0x00, 0xBF, 0xD0, 0x1F, 0xC7, 0xFF, 0x80, 0xFE, 0x00,
    0xFD, 0x03, 0xF4, 0x03, 0xF0, 0x0F, 0xC0, 0x1F, 0xC0, 0x7F, 0x00, 0xBE, 0x03, 0xF8, 0x03, 0xF4,
    0x0F, 0xD0, 0x0F, 0xC0, 0xBF, 0x00, 0x7F, 0x07, 0xFC, 0x02, 0xF8, 0x7F, 0xF1, 0x8F, 0xFB, 0xCF,
    0xFF, 0x3F, 0xFC, 0x3F, 0xF0, 0x7F, 0xC0, 0xBE, 0x00, 0x00, 0x00, 0x00, 0x00, 0x00, 0x00, 0x00,
    0x80, 0x00, 0x74, 0x07, 0x00, 0x03, 0xE0, 0x3C, 0x00, 0x0F, 0xFF, 0xD0, 0x00, 0x0F, 0xFC, 0x00,
    0x00, 0x00, 0x00, 0x00, 0x04, 0x00, 0x00, 0x0B, 0xFD, 0x01, 0xFC, 0x7F, 0xF8, 0x0F, 0xE0, 0x0F,
    0xD0, 0x3F, 0x40, 0x3F, 0x00, 0xFC, 0x01, 0xFC, 0x07, 0xF0, 0x0B, 0xE0, 0x3F, 0x80, 0x3F, 0x40,
    0xFD, 0x00, 0xFC, 0x0B, 0xF0, 0x07, 0xF0, 0x7F, 0xC0, 0x2F, 0x87, 0xFF, 0x18, 0xFF, 0xBC, 0xFF,
    0xF3, 0xFF, 0xC3, 0xFF, 0x07, 0xFC, 0x0B, 0xE0, 0x00, 0x00, 0x00, 0x00, 0x00, 0x10, 0x00, 0x41,
    0xFF, 0x80, 0xFE, 0x3F, 0xF8, 0x3F, 0xE0, 0x3F, 0x4F, 0xE9, 0x03, 0xF3, 0xF0, 0x00, 0x3F, 0x7C,
    0x00, 0x07, 0xEF, 0x40, 0x00, 0xBF, 0xF8, 0x00, 0x0F, 0xFF, 0xC0, 0x00, 0xFD, 0xBD, 0x00, 0x1F,
    0xC3, 0xF0, 0x91, 0xFC, 0x3F, 0xFD, 0x2F, 0xC1, 0xFF, 0xC3, 0xF4, 0x0B, 0xE0, 0x00, 0x00, 0x00,
    0x00, 0x00, 0x00, 0x01, 0x50, 0x00, 0x00, 0x3F, 0xFE, 0x00, 0x00, 0xFF, 0xFC, 0x00, 0x03, 0xF1,
    0xFC, 0x00, 0x07, 0xC2, 0xF8, 0x00, 0x0F, 0x83, 0xF0, 0x00, 0x0F, 0x43, 0xF0, 0x00, 0x2F, 0x0B,
    0xE0, 0x00, 0x3E, 0x0F, 0xD0, 0x00, 0x7D, 0x0F, 0xC0, 0x10, 0xFC, 0x1F, 0xC5, 0x3F, 0xF4, 0x1F,
    0xFE, 0x3F, 0xE0, 0x2F, 0xFD, 0x3F, 0x80, 0x1F, 0xE0, 0x00, 0x00, 0x00, 0x00, 0x00, 0x01, 0x00,
    0x00, 0x40, 0x00, 0x2F, 0xFC, 0x01, 0xFF, 0x40, 0x1F, 0xFF, 0x40, 0xFF, 0xC0, 0x00, 0xBF, 0xE0,
    0xBF, 0xE0, 0x00, 0x2E, 0xFC, 0x3D, 0xF4, 0x00, 0x0F, 0x6F, 0x2D, 0xBC, 0x00, 0x03, 0xCB, 0xDF,
    0x2F, 0x00, 0x01, 0xF1, 0xFF, 0x4F, 0xC0, 0x00, 0xBC, 0x7F, 0xC3, 0xE0, 0x00, 0x3E, 0x1F, 0xE1,
    0xF8, 0x00, 0x0F, 0x07, 0xF0, 0x7D, 0x30, 0xFF, 0xC1, 0xF8, 0x2F, 0xFC, 0x3F, 0xD0, 0x3D, 0x0B,
    0xFD, 0x0F, 0xD0, 0x09, 0x01, 0xFD, 0x00, 0x00, 0x00, 0x00, 0x00, 0x00, 0x00, 0x10, 0x00, 0x00,
    0x7F, 0xE0, 0x0F, 0xC3, 0xFF, 0xC0, 0x7F, 0x00, 0xFE, 0x02, 0xFC, 0x03, 0xF4, 0x0F, 0xE0, 0x0F,
    0xC0, 0x3F, 0x40, 0x7F, 0xFF, 0xFC, 0x02, 0xFF, 0xFF, 0xF0, 0x0F, 0xE5, 0x7F, 0x80, 0x3F, 0x40,
    0xFD, 0x01, 0xFC, 0x03, 0xF0, 0x47, 0xF0, 0x1F, 0xFF, 0x2F, 0x80, 0x7F, 0xF4, 0xFD, 0x00, 0xFF,
    0x40, 0x00, 0x00, 0x00, 0x00, 0x00, 0x01, 0x40, 0x00, 0x0B, 0xFF, 0x40, 0x1F, 0xFF, 0xF0, 0x1F,
    0xE1, 0xFE, 0x0F, 0xE0, 0x3F, 0xC7, 0xF0, 0x0B, 0xF3, 0xF8, 0x02, 0xFC, 0xFD, 0x00, 0xFE, 0x3F,
    0x40, 0x3F, 0x5F, 0xD0, 0x1F, 0xC3, 0xF4, 0x0F, 0xD0, 0xFF, 0x5F, 0xF0, 0x1F, 0xFF, 0xE0, 0x01,
    0xFF, 0xD0, 0x00, 0x00, 0x00, 0x00, 0x00, 0x10, 0x01, 0x00, 0x7F, 0xD0, 0xFF, 0x03, 0xFF, 0x9F,
    0xFE, 0x00, 0xFE, 0xFB, 0xF8, 0x03, 0xFF, 0x0B, 0xE0, 0x0F, 0xF4, 0x3F, 0x40, 0x7F, 0x80, 0xFC,
    0x02, 0xFC, 0x07, 0xF0, 0x0F, 0xE0, 0x3F, 0x80, 0x3F, 0x40, 0xFD, 0x01, 0xFC, 0x07, 0xF1, 0x47,
    0xF0, 0x1F, 0xFE, 0x2F, 0xC0, 0xBF, 0xF4, 0xFD, 0x00, 0xFE, 0x00, 0x00, 0x00, 0x00, 0x00, 0x00,
    0x04, 0x00, 0x40, 0x02, 0xFF, 0x0B, 0xF8, 0x07, 0xFF, 0x6F, 0xFC, 0x00, 0x3F, 0xBE, 0xFD, 0x00,
    0x3F, 0xE0, 0xFE, 0x00, 0x3F, 0xC0, 0xFE, 0x00, 0x7F, 0x40, 0xFD, 0x00, 0xBF, 0x00, 0xFC, 0x00,
    0xFD, 0x02, 0xFC, 0x00, 0xFC, 0x03, 0xF4, 0x01, 0xFC, 0x0B, 0xF0, 0x02, 0xFE, 0x6F, 0xD0, 0x03,
    0xFF, 0xFF, 0x40, 0x03, 0xFB, 0xFC, 0x00, 0x07, 0xF0, 0x00, 0x00, 0x07, 0xF0, 0x00, 0x00, 0x0B,
    0xE0, 0x00, 0x00, 0x1F, 0xF4, 0x00, 0x00, 0x7F, 0xFF, 0x00, 0x00, 0x6A, 0xAA, 0x00, 0x00, 0x00,
    0x00, 0x40, 0x00, 0x2F, 0xF8, 0x00, 0xFF, 0xFC, 0x03, 0xF9, 0xBC, 0x0F, 0xE0, 0x10, 0x1F, 0xC0,
    0x00, 0x2F, 0x80, 0x00, 0x3F, 0x40, 0x00, 0x3F, 0x40, 0x00, 0x7F, 0x40, 0x00, 0x3F, 0x80, 0xB0,
    0x3F, 0xFF, 0xF0, 0x2F, 0xFF, 0xD0, 0x0B, 0xFE, 0x00, 0x00, 0x00, 0x00, 0x00, 0x00, 0x01, 0x00,
    0x10, 0x01, 0xFF, 0x47, 0xF8, 0x1F, 0xE0, 0x3F, 0xF5, 0xFF, 0xCB, 0xFF, 0x00, 0x3F, 0xBE, 0xFE,
    0xFB, 0xF0, 0x03, 0xFF, 0x0F, 0xF8, 0x7F, 0x00, 0x3F, 0xC1, 0xFF, 0x0B, 0xE0, 0x07, 0xF8, 0x2F,
    0xD0, 0xFD, 0x00, 0xBF, 0x03, 0xFC, 0x0F, 0xC0, 0x0F, 0xE0, 0x3F, 0x41, 0xFC, 0x00, 0xFD, 0x07,
    0xF0, 0x2F, 0x80, 0x1F, 0xC0, 0xBF, 0x03, 0xF4, 0x81, 0xFC, 0x0F, 0xE0, 0x3F, 0xFC, 0x2F, 0x80,
    0xFD, 0x03, 0xFF, 0x83, 0xF4, 0x0F, 0xC0, 0x3F, 0xD0, 0x00, 0x00, 0x00, 0x00, 0x00, 0x00, 0x00,
    0x00, 0x00, 0x04, 0x00, 0x0B, 0xF4, 0x1F, 0xD0, 0x0B, 0xFF, 0x03, 0xF8, 0x00, 0x2F, 0xC0, 0xFE,
    0x00, 0x03, 0xF4, 0x2F, 0x80, 0x00, 0xFD, 0x0F, 0xD0, 0x00, 0x2F, 0x83, 0xF0, 0x00, 0x07, 0xE1,
    0xF4, 0x00, 0x01, 0xF8, 0xBC, 0x00, 0x00, 0x3F, 0x3D, 0x00, 0x00, 0x0F, 0xEF, 0x00, 0x00, 0x03,
    0xFF, 0x00, 0x00, 0x00, 0xFF, 0x40, 0x00, 0x00, 0x3F, 0x80, 0x00, 0x00, 0x1F, 0xC0, 0x00, 0x00,
    0x0F, 0xC0, 0x00, 0x38, 0x1F, 0xC0, 0x00, 0x1F, 0xFF, 0xC0, 0x00, 0x07, 0xFF, 0x80, 0x00, 0x00,
    0xBE, 0x00, 0x00, 0x00, 0x00, 0x00, 0x00, 0x04, 0x00, 0x00, 0x00, 0x2F, 0xF8, 0x00, 0x00, 0x0B,
    0xFF, 0xC0, 0x00, 0x01, 0xF8, 0x78, 0x00, 0x00, 0x3F, 0x00, 0x00, 0x00, 0x03, 0xE0, 0x00, 0x00,
    0x00, 0x7D, 0x00, 0x00, 0x01, 0xFF, 0xFE, 0x00, 0x01, 0xFF, 0xFF, 0xFD, 0x00, 0x7F, 0x9F, 0xCB,
    0xF4, 0x0F, 0xE0, 0xFC, 0x3F, 0xC2, 0xF8, 0x0F, 0x81, 0xFC, 0x3F, 0x41, 0xF4, 0x0F, 0xC3, 0xF0,
    0x2F, 0x41, 0xFC, 0x7F, 0x02, 0xF0, 0x2F, 0xC3, 0xF4, 0x3F, 0x03, 0xF4, 0x3F, 0xC3, 0xF0, 0xFF,
    0x01, 0xFF, 0x7F, 0xBF, 0xC0, 0x07, 0xFF, 0xFF, 0xE0, 0x00, 0x07, 0xFF, 0xA0, 0x00, 0x00, 0x0B,
    0xC0, 0x00, 0x00, 0x00, 0xFC, 0x00, 0x00, 0x04, 0x0F, 0x40, 0x00, 0x02, 0xE7, 0xF0, 0x00, 0x00,
    0x3F, 0xFC, 0x00, 0x00, 0x00, 0xBE, 0x00, 0x00, 0x00, 0x00, 0x00, 0x00, 0x10, 0x02, 0xFD, 0x02,
    0xFC, 0x0B, 0xFF, 0x0B, 0xFD, 0x05, 0x7F, 0x5F, 0xAC, 0x00, 0x3F, 0xBD, 0x00, 0x00, 0x1F, 0xF8,
    0x00, 0x00, 0x0F, 0xF0, 0x00, 0x00, 0x0B, 0xF0, 0x00, 0x00, 0x0F, 0xF4, 0x00, 0x00, 0x3F, 0xFC,
    0x00, 0x00, 0xBD, 0xFC, 0x00, 0x3F, 0xF4, 0xFF, 0xA4, 0x3F, 0xE0, 0xBF, 0xF4, 0x3F, 0x80, 0x3F,
    0xD0, 0x00, 0x00, 0x00, 0x00, 0x00, 0x40, 0x00, 0x00, 0x2F, 0xF4, 0x07, 0xF0, 0x7F, 0xF8, 0x0F,
    0xE0, 0x03, 0xF4, 0x0F, 0xD0, 0x03, 0xF0, 0x0F, 0xC0, 0x07, 0xF0, 0x1F, 0xC0, 0x0B, 0xE0, 0x3F,
    0x80, 0x0F, 0xD0, 0x3F, 0x40, 0x0F, 0xC0, 0xBF, 0x00, 0x1F, 0xC1, 0xFF, 0x00, 0x2F, 0x87, 0xFF,
    0x28, 0x3F, 0xEF, 0x3F, 0xFC, 0x3F, 0xFC, 0x3F, 0xF4, 0x1F, 0xF0, 0x2E, 0xB4, 0x00, 0x00, 0x00,
    0xF4, 0x00, 0x00, 0x00, 0xF4, 0x00, 0x00, 0x00, 0xF4, 0x00, 0x00, 0x07, 0xF0, 0x00, 0x00, 0x0B,
    0x80, 0x00, 0x00, 0x00, 0x00, 0x7F, 0xD0, 0x2F, 0x83, 0xFF, 0x40, 0xFD, 0x00, 0xFC, 0x07, 0xF0,
    0x03, 0xF0, 0x2F, 0xC0, 0x1F, 0x80, 0xFE, 0x00, 0x7E, 0x07, 0xF4, 0x01, 0xFE, 0xFF, 0xC0, 0x03,
    0xFF, 0xFF, 0x00, 0x01, 0x92, 0xF8, 0x00, 0x00, 0x0F, 0xE2, 0x00, 0x00, 0x3F, 0xFC, 0x00, 0x00,
    0xFF, 0xE0, 0x00, 0x02, 0xFD, 0x00, 0x00, 0x00, 0x00, 0x00, 0x00, 0x40, 0x00, 0x00, 0x00, 0x0B,
    0xFC, 0x03, 0xF0, 0x2F, 0x47, 0xFF, 0x41, 0xFC, 0x0F, 0xC0, 0x0F, 0xD0, 0xBE, 0x07, 0xF0, 0x03,
    0xF0, 0x3F, 0x42, 0xF8, 0x01, 0xFC, 0x0F, 0xC0, 0xFD, 0x00, 0xBE, 0x07, 0xF0, 0x3F, 0x00, 0x3F,
    0x03, 0xF4, 0x2F, 0xC0, 0x0F, 0xC1, 0xFC, 0x0F, 0xE0, 0x07, 0xE0, 0xFF, 0x0B, 0xF8, 0x02, 0xF4,
    0xBF, 0x87, 0xBD, 0x30, 0xFF, 0xFB, 0xFB, 0xCF, 0xFD, 0x3F, 0xF8, 0xFF, 0xC3, 0xFE, 0x07, 0xF4,
    0x2F, 0x80, 0xFE, 0x00, 0x00, 0x00, 0x00, 0x00, 0x00, 0x00, 0x40, 0x00, 0x00, 0x00, 0x0B, 0xFC,
    0x03, 0xF0, 0x2F, 0x47, 0xFF, 0x41, 0xFC, 0x0F, 0xC0, 0x0F, 0xD0, 0xBE, 0x07, 0xF0, 0x03, 0xF0,
    0x3F, 0x42, 0xF8, 0x01, 0xFC, 0x0F, 0xC0, 0xFD, 0x00, 0xBE, 0x07, 0xF0, 0x3F, 0x00, 0x3F, 0x03,
    0xF4, 0x2F, 0xC0, 0x0F, 0xC1, 0xFC, 0x0F, 0xE0, 0x07, 0xE0, 0xFF, 0x0B, 0xF8, 0x02, 0xF4, 0xBF,
    0x87, 0xBD, 0x34, 0xFF, 0xFB, 0xFB, 0xDF, 0xFD, 0x3F, 0xF8, 0xFF, 0xC7, 0xFF, 0x07, 0xF4, 0x2F,
    0x80, 0xF7, 0xC0, 0x00, 0x00, 0x00, 0x01, 0xF0, 0x00, 0x00, 0x00, 0x00, 0xBC, 0x00, 0x00, 0x00,
    0x00, 0x2F, 0x00, 0x00, 0x00, 0x00, 0x2F, 0x40, 0x00, 0x00, 0x00, 0x1F, 0x40, 0x01, 0x40, 0x00,
    0x03, 0xFF, 0xFF, 0xC3, 0xFF, 0xFF, 0xE0, 0xF4, 0x0B, 0xD0, 0x3D, 0x0B, 0xC0, 0x0B, 0x4F, 0xC0,
    0x00, 0x0B, 0xFF, 0xE0, 0x07, 0xFB, 0xFE, 0x03, 0xF0, 0x1F, 0xC0, 0xFC, 0x03, 0xF0, 0x3F, 0x01,
    0xF8, 0x0F, 0xD1, 0xFD, 0x02, 0xFF, 0xFE, 0x00, 0x2F, 0xFD, 0x00, 0x00, 0x00, 0x00, 0x00, 0x10,
    0x00, 0x00, 0x00, 0xBF, 0xD0, 0x00, 0x0F, 0xC7, 0xFF, 0x40, 0x00, 0x7F, 0x00, 0xFD, 0x00, 0x02,
    0xFC, 0x03, 0xF0, 0x00, 0x0F, 0xE0, 0x1F, 0x85, 0x00, 0x3F, 0x40, 0xFF, 0xFF, 0x80, 0xFC, 0x03,
    0xFE, 0xFF, 0x47, 0xF0, 0x0F, 0xC0, 0xBE, 0x2F, 0x80, 0x7E, 0x01, 0xF8, 0xFD, 0x01, 0xF8, 0x0B,
    0xD3, 0xF0, 0x47, 0xF0, 0x7F, 0x0F, 0xFF, 0x0F, 0xFF, 0xF0, 0x7F, 0xF4, 0x0F, 0xFE, 0x00, 0xFF,
    0x40, 0x00, 0x00, 0x00, 0x00, 0x00, 0x00, 0x10, 0x00, 0x2F, 0xF4, 0x00, 0x7F, 0xF4, 0x00, 0x03,
    0xF4, 0x00, 0x03, 0xF0, 0x00, 0x07, 0xE1, 0x40, 0x0F, 0xFF, 0xF8, 0x0F, 0xFB, 0xFE, 0x0F, 0xC0,
    0x7F, 0x1F, 0x80, 0x3F, 0x1F, 0x80, 0x7E, 0x1F, 0xC1, 0xFC, 0x0F, 0xFF, 0xF4, 0x03, 0xFF, 0x80,
    0x00, 0x00, 0x00, 0x00, 0x01, 0x40, 0x00, 0x2F, 0xFE, 0x00, 0x3F, 0xFF, 0xD0, 0x1F, 0x42, 0xFC,
    0x03, 0x00, 0x7F, 0x00, 0x00, 0x0F, 0xC0, 0x02, 0xAB, 0xF0, 0x01, 0xFF, 0xFC, 0x00, 0x25, 0xBF,
    0x00, 0x00, 0x2F, 0x81, 0xC0, 0x0F, 0xC0, 0xFC, 0x1F, 0xE0, 0x3F, 0xFF, 0xE0, 0x03, 0xFF, 0xD0,
    0x00, 0x00, 0x00, 0x00, 0x00, 0x10, 0x00, 0x05, 0x00, 0x1F, 0xF8, 0x01, 0xFF, 0xE0, 0x3F, 0xFC,
    0x07, 0xFF, 0xF8, 0x03, 0xF8, 0x1F, 0xE7, 0xFC, 0x03, 0xF4, 0x3F, 0x41, 0xFC, 0x03, 0xF0, 0xBE,
    0x00, 0xFC, 0x07, 0xFA, 0xFD, 0x00, 0xFC, 0x0B, 0xFF, 0xFC, 0x01, 0xFC, 0x0F, 0xFA, 0xFC, 0x02,
    0xF8, 0x0F, 0xD1, 0xFC, 0x03, 0xF4, 0x1F, 0xC1, 0xFC, 0x0B, 0xF0, 0x1F, 0xC0, 0xFF, 0xBF, 0xC0,
    0x2F, 0x80, 0xBF, 0xFF, 0x00, 0x3F, 0x40, 0x2F, 0xF8, 0x00, 0x00, 0x00, 0x00, 0x00, 0x00, 0x00,
    0x00, 0x55, 0x00, 0x00, 0x7F, 0xFF, 0xC0, 0x07, 0xFF, 0xFD, 0x00, 0x3F, 0x43, 0xF0, 0x02, 0xF8,
    0x1F, 0xC0, 0x0B, 0xD0, 0xBE, 0x00, 0x2F, 0xC2, 0xF4, 0x00, 0x3F, 0xFF, 0xC0, 0x00, 0x7F, 0xFF,
    0x00, 0x02, 0xF1, 0xF8, 0x00, 0x1F, 0x4B, 0xD3, 0x2F, 0xF8, 0x3F, 0xFC, 0xFF, 0xC0, 0xFF, 0xD2,
    0xFC, 0x02, 0xFD, 0x00, 0x00, 0x00, 0x00, 0x00, 0x00, 0x18, 0x00, 0x00, 0x3D, 0x00, 0x00, 0x3F,
    0x00, 0x00, 0x2F, 0xC0, 0x00, 0x07, 0xD0, 0x00, 0x01, 0xD0, 0x00, 0x00, 0x00, 0x00, 0x00, 0x40,
    0x00, 0x2F, 0xF8, 0x00, 0xFF, 0xFC, 0x03, 0xF0, 0xFD, 0x0F, 0xC0, 0xFC, 0x1F, 0x81, 0xF8, 0x2F,
    0x0B, 0xE0, 0x3F, 0xBF, 0x80, 0x3F, 0xF8, 0x00, 0x7F, 0x40, 0x10, 0x3F, 0x00, 0xB4, 0x3F, 0xEB,
    0xF4, 0x2F, 0xFF, 0xD0, 0x0B, 0xFE, 0x00, 0x00, 0x00, 0x00, 0x00, 0x00, 0x00, 0x00, 0x0F, 0x47,
    0xC0, 0x0F, 0xE3, 0xF4, 0x03, 0xF0, 0xFC, 0x00, 0x10, 0x04, 0x00, 0x00, 0x00, 0x00, 0x00, 0x04,
    0x00, 0x00, 0xBF, 0xE0, 0x00, 0xFF, 0xFC, 0x00, 0xFC, 0x3F, 0x40, 0xFC, 0x0F, 0xC0, 0x7E, 0x07,
    0xE0, 0x2F, 0x0B, 0xE0, 0x0F, 0xEF, 0xE0, 0x03, 0xFF, 0x80, 0x01, 0xFD, 0x00, 0x40, 0x3F, 0x00,
    0xB4, 0x0F, 0xFA, 0xFD, 0x02, 0xFF, 0xFD, 0x00, 0x2F, 0xF8, 0x00, 0x00, 0x00, 0x00, 0x00, 0x00,
    0x14, 0x00, 0x00, 0xBF, 0xE0, 0x00, 0x1F, 0xFE, 0x00, 0x00, 0x0F, 0xD0, 0x00, 0x1A, 0xFF, 0xAE,
    0x02, 0xFF, 0xFF, 0xD0, 0x02, 0xF8, 0x00, 0x00, 0x3F, 0x40, 0x40, 0x03, 0xF0, 0xFF, 0x00, 0x7F,
    0x7F, 0xF8, 0x07, 0xEF, 0xBF, 0xC0, 0xBF, 0xC2, 0xFC, 0x0F, 0xF4, 0x1F, 0xC0, 0xFF, 0x01, 0xFC,
    0x1F, 0xD0, 0x1F, 0xC2, 0xFC, 0x02, 0xFC, 0x3F, 0x80, 0x3F, 0x83, 0xF4, 0x03, 0xF4, 0x7F, 0x00,
    0x7F, 0x0B, 0xF0, 0x0B, 0xE0, 0x00, 0x00, 0xFC, 0x00, 0x00, 0x2F, 0x80, 0x06, 0x07, 0xF0, 0x00,
    0xFE, 0xFD, 0x00, 0x0F, 0xFF, 0x40, 0x00, 0x7F, 0x80, 0x00, 0x00, 0x00, 0x00, 0x00, 0x00, 0x38,
    0x00, 0x00, 0xBD, 0x00, 0x00, 0xFC, 0x00, 0x03, 0xF4, 0x00, 0x07, 0xD0, 0x00, 0x02, 0x00, 0x00,
    0x00, 0x00, 0x00, 0x05, 0x00, 0x02, 0xFF, 0xE0, 0x0F, 0xFF, 0xF8, 0x1F, 0x42, 0xF8, 0x08, 0x02,
    0xF8, 0x00, 0x0B, 0xF4, 0x00, 0x7F, 0xE0, 0x03, 0xFF, 0x40, 0x1F, 0xF4, 0x00, 0x3F, 0x80, 0x00,
    0x7F, 0x00, 0xB0, 0xBF, 0x47, 0xF0, 0x3F, 0xFF, 0xD0, 0x1F, 0xFE, 0x00, 0x00, 0x00, 0x00, 0x00,
    0x00, 0x40, 0x00, 0x2F, 0xFC, 0x01, 0xFF, 0xFE, 0x07, 0xF9, 0x7D, 0x0F, 0xD0, 0x04, 0x1F, 0x80,
    0x00, 0x3F, 0xEB, 0x80, 0x3F, 0xFF, 0x80, 0x3F, 0x55, 0x00, 0x7F, 0x00, 0x00, 0x3F, 0x40, 0x78,
    0x3F, 0xEB, 0xF8, 0x2F, 0xFF, 0xF0, 0x0B, 0xFF, 0x40, 0x00, 0x00, 0x00, 0x00, 0x00, 0x40, 0x00,
    0x2F, 0xFC, 0x00, 0xFF, 0xFD, 0x03, 0xF4, 0x7C, 0x03, 0xF0, 0x00, 0x03, 0xFD, 0x00, 0x01, 0xFF,
    0x80, 0x00, 0xBF, 0xE0, 0x00, 0x1F, 0xF4, 0x08, 0x03, 0xF8, 0x2F, 0x02, 0xF8, 0x3F, 0xD7, 0xF0,
    0x3F, 0xFF, 0xD0, 0x0B, 0xFF, 0x00, 0x00, 0x00, 0x00, 0x00, 0x00, 0x00, 0x0F, 0xC0, 0x0B, 0xF0,
    0x03, 0xFC, 0x00, 0xBD, 0x00, 0x00, 0x00, 0x01, 0x00, 0x7F, 0xE0, 0x3F, 0xF8, 0x00, 0xFD, 0x00,
    0x3F, 0x00, 0x1F, 0xC0, 0x0B, 0xE0, 0x03, 0xF4, 0x00, 0xFC, 0x00, 0x7F, 0x00, 0x2F, 0x88, 0x0F,
    0xFF, 0x43, 0xFF, 0xC0, 0xBF, 0x80, 0x00, 0x00, 0x00, 0x00, 0x00, 0x00, 0x1F, 0x47, 0xC0, 0xFE,
    0x3F, 0x43, 0xF0, 0xFC, 0x01, 0x00, 0x40, 0x00, 0x00, 0x00, 0x01, 0x00, 0x07, 0xFE, 0x00, 0x3F,
    0xF8, 0x00, 0x0F, 0xD0, 0x00, 0x3F, 0x00, 0x01, 0xFC, 0x00, 0x0B, 0xE0, 0x00, 0x3F, 0x40, 0x00,
    0xFC, 0x00, 0x07, 0xF0, 0x00, 0x2F, 0x88, 0x00, 0xFF, 0xF4, 0x03, 0xFF, 0xC0, 0x0B, 0xF8, 0x00,
    0x00, 0x00, 0x00, 0x00, 0x00, 0x00, 0x00, 0x00, 0x00, 0xBD, 0x00, 0x00, 0x1F, 0xE0, 0x00, 0x02,
    0xFD, 0x00, 0x00, 0x0F, 0x80, 0x00, 0x00, 0x00, 0x00, 0x00, 0x04, 0x00, 0x00, 0x2F, 0xF0, 0x00,
    0x0B, 0xFF, 0x00, 0x00, 0x07, 0xF0, 0x00, 0x00, 0xBF, 0x00, 0x00, 0x0F, 0xE0, 0x00, 0x00, 0xFD,
    0x00, 0x00, 0x0F, 0xC0, 0x00, 0x01, 0xFC, 0x00, 0x00, 0x2F, 0xC0, 0x00, 0x03, 0xF8, 0x00, 0x00,
    0x3F, 0x40, 0x00, 0x07, 0xF0, 0x00, 0x00, 0xBF, 0x00, 0x00, 0x0F, 0xD0, 0x00, 0x01, 0xFC, 0x00,
    0x74, 0x3F, 0x40, 0x0F, 0xFF, 0xF0, 0x00, 0xFF, 0xFC, 0x00, 0x02, 0xF9, 0x00, 0x00, 0x00, 0x00,
    0x01, 0x50, 0x00, 0x00, 0x00, 0x7F, 0xFC, 0x00, 0x00, 0x01, 0xFF, 0xFC, 0x00, 0x00, 0x03, 0xF2,
    0xF4, 0x00, 0x00, 0x07, 0xC3, 0xF0, 0x00, 0x00, 0x0F, 0x83, 0xF0, 0x40, 0x00, 0x0F, 0x47, 0xFF,
    0xF8, 0x00, 0x2F, 0x0B, 0xFF, 0xFE, 0x00, 0x3E, 0x0F, 0xC0, 0x7F, 0x00, 0x7D, 0x0F, 0xC0, 0x3F,
    0x10, 0xFC, 0x0F, 0xC0, 0x7E, 0x3F, 0xF4, 0x0F, 0xD1, 0xFD, 0x3F, 0xE0, 0x0B, 0xFF, 0xF4, 0x3F,
    0x80, 0x02, 0xFF, 0x80, 0x00, 0x00, 0x00, 0x00, 0x00, 0x00, 0x10, 0x00, 0x00, 0x00, 0x7F, 0xE0,
    0x3F, 0x40, 0x03, 0xFF, 0xC0, 0xFD, 0x00, 0x00, 0xFE, 0x07, 0xF0, 0x00, 0x03, 0xF4, 0x2F, 0xC0,
    0x00, 0x0F, 0xC0, 0xFD, 0x10, 0x00, 0x7F, 0xFF, 0xFF, 0xFD, 0x02, 0xFF, 0xFF, 0xFB, 0xFC, 0x0F,
    0xE5, 0xBE, 0x02, 0xF4, 0x3F, 0x42, 0xF8, 0x07, 0xD1, 0xFC, 0x0B, 0xE0, 0x2F, 0x47, 0xF0, 0x1F,
    0xC2, 0xFC, 0x2F, 0x80, 0x3F, 0xFF, 0xC0, 0xFD, 0x00, 0x3F, 0xF8, 0x00, 0x00, 0x00, 0x00, 0x00,
    0x00, 0x00, 0x14, 0x00, 0x00, 0x2F, 0xF8, 0x00, 0x01, 0xFF, 0xE0, 0x00, 0x00, 0x3F, 0x80, 0x00,
    0x1A, 0xFF, 0xAE, 0x00, 0xBF, 0xFF, 0xF4, 0x00, 0x2F, 0x80, 0x00, 0x00, 0xFD, 0x01, 0x00, 0x03,
    0xF0, 0xBF, 0x40, 0x1F, 0xCF, 0xFF, 0x00, 0x7E, 0xFB, 0xFC, 0x02, 0xFF, 0x0B, 0xE0, 0x0F, 0xF4,
    0x3F, 0x80, 0x3F, 0xC0, 0xFD, 0x01, 0xFD, 0x07, 0xF0, 0x0B, 0xF0, 0x2F, 0x80, 0x3F, 0x80, 0xFD,
    0x20, 0xFD, 0x03, 0xFF, 0xC7, 0xF0, 0x0F, 0xFE, 0x2F, 0xC0, 0x2F, 0xD0, 0x00, 0x00, 0x00, 0x00,
    0x00, 0x00, 0x00, 0x00, 0x00, 0x00, 0x74, 0x00, 0x00, 0x0F, 0xC0, 0x00, 0x02, 0xF8, 0x00, 0x00,
    0x7E, 0x00, 0x00, 0x0F, 0x80, 0x00, 0x00, 0x50, 0x00, 0x00, 0x00, 0x00, 0x00, 0x10, 0x00, 0x41,
    0xFF, 0x80, 0xFE, 0x3F, 0xF8, 0x3F, 0xE0, 0x3F, 0x4F, 0xE9, 0x03, 0xF3, 0xF0, 0x00, 0x3F, 0x7C,
    0x00, 0x07, 0xEF, 0x40, 0x00, 0xBF, 0xF8, 0x00, 0x0F, 0xFF, 0xC0, 0x00, 0xFD, 0xBD, 0x00, 0x1F,
    0xC3, 0xF0, 0x91, 0xFC, 0x3F, 0xFD, 0x2F, 0xC1, 0xFF, 0xC3, 0xF4, 0x0B, 0xE0, 0x00, 0x00, 0x00,
    0x00, 0x00, 0x05, 0x00, 0x00, 0x00, 0x3C, 0x00, 0x00, 0x01, 0xFC, 0x00, 0x00, 0x03, 0xF8, 0x00,
    0x00, 0x02, 0xF4, 0x00, 0x00, 0x01, 0xC0, 0x00, 0x00, 0x00, 0x00, 0x00, 0x10, 0x00, 0x00, 0x2F,
    0xF4, 0x07, 0xF1, 0xFF, 0xE0, 0x3F, 0x80, 0x3F, 0x40, 0xFD, 0x00, 0xFC, 0x03, 0xF0, 0x07, 0xF0,
    0x1F, 0xC0, 0x2F, 0x80, 0xFE, 0x00, 0xFD, 0x03, 0xF4, 0x03, 0xF0, 0x2F, 0xC0, 0x1F, 0xC1, 0xFF,
    0x00, 0xBE, 0x1F, 0xFC, 0x63, 0xFE, 0xF3, 0xFF, 0xCF, 0xFF, 0x0F, 0xFC, 0x1F, 0xF0, 0x2F, 0x80,
    0x00, 0x00, 0x00, 0x00, 0x00, 0x00, 0x00, 0x01, 0x00, 0x00, 0x3C, 0x03, 0x80, 0x00, 0x2F, 0x02,
    0xD0, 0x00, 0x07, 0xFB, 0xF0, 0x00, 0x00, 0xBF, 0xD0, 0x00, 0x00, 0x00, 0x00, 0x00, 0x00, 0x00,
    0x00, 0x40, 0x00, 0xBF, 0x41, 0xFD, 0x00, 0xBF, 0xF0, 0x3F, 0x80, 0x02, 0xFC, 0x0F, 0xE0, 0x00,
    0x3F, 0x42, 0xF8, 0x00, 0x0F, 0xD0, 0xFD, 0x00, 0x02, 0xF8, 0x3F, 0x00, 0x00, 0x7E, 0x1F, 0x40,
    0x00, 0x1F, 0x8B, 0xC0, 0x00, 0x03, 0xF3, 0xD0, 0x00, 0x00, 0xFE, 0xF0, 0x00, 0x00, 0x3F, 0xF0,
    0x00, 0x00, 0x0F, 0xF4, 0x00, 0x00, 0x03, 0xF8, 0x00, 0x00, 0x01, 0xFC, 0x00, 0x00, 0x00, 0xFC,
    0x00, 0x03, 0x81, 0xFC, 0x00, 0x01, 0xFF, 0xFC, 0x00, 0x00, 0x7F, 0xF8, 0x00, 0x00, 0x0B, 0xE0,
    0x00, 0x00, 0x00, 0x00, 0x40, 0x00, 0x00, 0xBF, 0xD0, 0x1F, 0xC7, 0xFF, 0x80, 0xFE, 0x00, 0xFD,
    0x03, 0xF4, 0x03, 0xF0, 0x0F, 0xC0, 0x1F, 0xC0, 0x7F, 0x00, 0xBE, 0x03, 0xF8, 0x03, 0xF4, 0x0F,
    0xD0, 0x0F, 0xC0, 0xBF, 0x00, 0x7F, 0x07, 0xFC, 0x02, 0xF8, 0x7F, 0xF1, 0x8F, 0xFB, 0xCF, 0xFF,
    0x3F, 0xFC, 0x3F, 0xF0, 0x7F, 0xC9, 0xBE, 0x00, 0x00, 0xB4, 0x00, 0x00, 0x03, 0xD0, 0x00, 0x00,
    0x0F, 0x40, 0x00, 0x01, 0xFC, 0x00, 0x00, 0x06, 0x40, 0x00, 0x00, 0x00, 0x2A, 0xAA, 0x40, 0x00,
    0xBF, 0xFF, 0x40, 0x00, 0x1F, 0xF4, 0x00, 0x05, 0x5F, 0xF5, 0x50, 0x3F, 0xFF, 0xFF, 0xFC, 0x3F,
    0xFF, 0xFF, 0xF8, 0x7C, 0x2F, 0xC0, 0xF4, 0x7C, 0x2F, 0xC0, 0xF0, 0x24, 0x3F, 0x80, 0x90, 0x00,
    0x3F, 0x40, 0x00, 0x00, 0x7F, 0xFE, 0x80, 0x00, 0xBF, 0xFF, 0xF4, 0x00, 0xFF, 0x1B, 0xFD, 0x00,
    0xFE, 0x01, 0xFE, 0x00, 0xFD, 0x00, 0xFE, 0x01, 0xFC, 0x00, 0xFE, 0x02, 0xFC, 0x02, 0xFD, 0x03,
    0xFC, 0x1B, 0xF8, 0x2F, 0xFF, 0xFF, 0xE0, 0x7F, 0xFF, 0xFE, 0x00, 0x00, 0x00, 0x00, 0x00, 0x00,
    0x10, 0x01, 0x00, 0x00, 0x7F, 0xD0, 0xFF, 0x00, 0x03, 0xFF, 0x9F, 0xFD, 0x00, 0x00, 0xFE, 0xFB,
    0xF4, 0x00, 0x03, 0xFF, 0x0F, 0xC0, 0x00, 0x0F, 0xF4, 0x3F, 0x04, 0x00, 0x7F, 0x81, 0xFF, 0xFE,
    0x02, 0xFC, 0x0B, 0xFF, 0xFD, 0x0F, 0xE0, 0x3F, 0x01, 0xF8, 0x3F, 0x40, 0xFC, 0x03, 0xF1, 0xFC,
    0x03, 0xF0, 0x1F, 0x87, 0xF0, 0x0F, 0xD1, 0xFC, 0x2F, 0xC0, 0x2F, 0xFF, 0xD0, 0xFD, 0x00, 0x2F,
    0xF8, 0x00, 0x00, 0x00, 0x00, 0x00, 0x00, 0x00, 0x00, 0x6A, 0x90, 0x00, 0x00, 0xFF, 0xFF, 0xD0,
    0x00, 0x7F, 0xFF, 0xFF, 0x40, 0x1F, 0xF4, 0x0F, 0xFC, 0x07, 0xFC, 0x00, 0x3F, 0xD0, 0xFF, 0x00,
    0x02, 0xFE, 0x1F, 0xE0, 0x00, 0x1F, 0xE2, 0xFD, 0x00, 0x01, 0xFE, 0x3F, 0xFF, 0xFF, 0xFF, 0xE3,
    0xFF, 0xFF, 0xFF, 0xFE, 0x3F, 0xD5, 0x55, 0x7F, 0xD3, 0xFC, 0x00, 0x03, 0xFC, 0x3F, 0xC0, 0x00,
    0x7F, 0x83, 0xFC, 0x00, 0x0F, 0xF0, 0x2F, 0xF0, 0x03, 0xFD, 0x00, 0xFF, 0xE6, 0xFF, 0x40, 0x07,
    0xFF, 0xFF, 0xD0, 0x00, 0x0B, 0xFF, 0xD0, 0x00, 0x00, 0x00, 0x00, 0x00, 0x00, 0x00, 0x01, 0x40,
    0x00, 0x0B, 0xFF, 0x00, 0x1F, 0xFF, 0xF0, 0x1F, 0xE1, 0xFE, 0x0F, 0xD0, 0x2F, 0xC7, 0xF0, 0x07,
    0xF3, 0xFE, 0xAA, 0xFC, 0xFF, 0xFF, 0xFE, 0x3F, 0x55, 0x7F, 0x5F, 0xC0, 0x1F, 0xC3, 0xF0, 0x0F,
    0xD0, 0xFF, 0x1F, 0xF0, 0x1F, 0xFF, 0xE0, 0x01, 0xFF, 0xD0, 0x00, 0x00, 0x00, 0x00, 0x15, 0x55,
    0x00, 0x02, 0xA0, 0x3F, 0xFF, 0x80, 0x0F, 0xFC, 0x2F, 0xFD, 0x00, 0x3F, 0xFC, 0x0B, 0xF0, 0x00,
    0xBF, 0xB4, 0x07, 0xF4, 0x00, 0xFC, 0x00, 0x03, 0xF4, 0x02, 0xF4, 0x00, 0x03, 0xF8, 0x03, 0xF0,
    0x00, 0x03, 0xF8, 0x0B, 0xD0, 0x00, 0x02, 0xFC, 0x0F, 0xC0, 0x00, 0x01, 0xFC, 0x1F, 0x40, 0x00,
    0x01, 0xFC, 0x3F, 0x00, 0x00, 0x00, 0xFC, 0x7D, 0x00, 0x00, 0x00, 0xFD, 0xFC, 0x00, 0x00, 0x00,
    0xBE, 0xF4, 0x00, 0x00, 0x00, 0xBF, 0xF0, 0x00, 0x00, 0x00, 0x7F, 0xD0, 0x00, 0x00, 0x00, 0x3F,
    0xC0, 0x00, 0x00, 0x00, 0x3F, 0x00, 0x00, 0x00, 0x00, 0x00, 0x00, 0x00, 0x00, 0x00, 0x40, 0x00,
    0x04, 0x2F, 0xF8, 0x00, 0xFE, 0x3F, 0xFC, 0x03, 0xFF, 0x03, 0xFC, 0x0B, 0xFA, 0x02, 0xFC, 0x1F,
    0x80, 0x02, 0xFC, 0x3F, 0x00, 0x01, 0xFC, 0xBC, 0x00, 0x01, 0xFC, 0xF4, 0x00, 0x01, 0xFE, 0xE0,
    0x00, 0x01, 0xFF, 0xC0, 0x00, 0x01, 0xFF, 0x40, 0x00, 0x00, 0xFF, 0x00, 0x00, 0x00, 0xFD, 0x00,
    0x00, 0x00, 0xF8, 0x00, 0x00, 0x00, 0x00, 0x00, 0x00, 0x00, 0x00, 0x00, 0x00, 0x40, 0x00, 0x00,
    0x00, 0x64, 0x03, 0x40, 0x00, 0x00, 0x03, 0xE0, 0x2D, 0x00, 0x00, 0x00, 0x0F, 0xEB, 0xE0, 0x00,
    0x00, 0x00, 0x2F, 0xFE, 0x00, 0x00, 0x00, 0x00, 0x05, 0x40, 0x00, 0x00, 0x00, 0x00, 0x00, 0x00,
    0x00, 0x00, 0x15, 0x55, 0x00, 0x55, 0x54, 0x01, 0xFF, 0xFD, 0x0F, 0xFF, 0xF0, 0x02, 0xFF, 0xD0,
    0x2F, 0xFE, 0x00, 0x02, 0xFC, 0x00, 0x1F, 0xD0, 0x00, 0x0F, 0xF0, 0x00, 0xFF, 0x00, 0x00, 0x3F,
    0x80, 0x0F, 0xFC, 0x00, 0x01, 0xFD, 0x01, 0xFF, 0xE0, 0x00, 0x0B, 0xF0, 0x1F, 0xFF, 0x80, 0x00,
    0x2F, 0xC2, 0xFA, 0xFD, 0x00, 0x00, 0xFF, 0x2F, 0x8B, 0xF0, 0x00, 0x03, 0xFB, 0xF4, 0x3F, 0xC0,
    0x00, 0x1F, 0xFF, 0x40, 0xFE, 0x00, 0x00, 0xBF, 0xF0, 0x07, 0xF4, 0x00, 0x03, 0xFF, 0x00, 0x2F,
    0xD0, 0x00, 0x0F, 0xF0, 0x00, 0xBF, 0x00, 0x00, 0x7F, 0x80, 0x03, 0xFC, 0x00, 0x1F, 0xFF, 0xD0,
    0xFF, 0xFF, 0x00, 0xBF, 0xFF, 0x07, 0xFF, 0xFC, 0x00, 0x00, 0x00, 0x00, 0x07, 0xE0, 0x00, 0x00,
    0x00, 0x00, 0x2F, 0x40, 0x00, 0x00, 0x00, 0x00, 0xBC, 0x00, 0x00, 0x00, 0x00, 0x03, 0xE0, 0x00,
    0x00, 0x00, 0x00, 0x0F, 0x00, 0x00, 0x00, 0x00, 0x00, 0x00, 0x00, 0x00, 0x00, 0x00, 0x00, 0x80,
    0x00, 0x74, 0x07, 0x00, 0x03, 0xE0, 0x3C, 0x00, 0x0F, 0xFF, 0xD0, 0x00, 0x0F, 0xFC, 0x00, 0x00,
    0x00, 0x00, 0x00, 0x04, 0x00, 0x00, 0x0B, 0xFD, 0x01, 0xFC, 0x7F, 0xF8, 0x0F, 0xE0, 0x0F, 0xD0,
    0x3F, 0x40, 0x3F, 0x00, 0xFC, 0x01, 0xFC, 0x07, 0xF0, 0x0B, 0xE0, 0x3F, 0x80, 0x3F, 0x40, 0xFD,
    0x00, 0xFC, 0x0B, 0xF0, 0x07, 0xF0, 0x7F, 0xC0, 0x2F, 0x87, 0xFF, 0x38, 0xFF, 0xBC, 0xFF, 0xE3,
    0xFF, 0xC3, 0xFF, 0x87, 0xFC, 0x0B, 0xFC, 0x00, 0x00, 0x02, 0xF0, 0x00, 0x00, 0x0F, 0x00, 0x00,
    0x00, 0xB8, 0x00, 0x00, 0x03, 0xC0, 0x00, 0x00, 0x08, 0x00, 0x00, 0x55, 0x54, 0x00, 0x01, 0xFF,
    0xFE, 0x00, 0x00, 0xBF, 0xF8, 0x00, 0x00, 0x2F, 0xC0, 0x00, 0x01, 0x7F, 0xD5, 0x00, 0x07, 0xFF,
    0xFE, 0x00, 0x00, 0x7F, 0x40, 0x00, 0x00, 0xBF, 0x00, 0x00, 0x00, 0xBF, 0xFF, 0x80, 0x00, 0xFF,
    0xFF, 0xF0, 0x00, 0xFD, 0x0B, 0xFC, 0x01, 0xFC, 0x02, 0xFD, 0x02, 0xFC, 0x01, 0xFD, 0x03, 0xFC,
    0x01, 0xFC, 0x03, 0xF8, 0x03, 0xFC, 0x07, 0xF8, 0x1F, 0xF4, 0x7F, 0xFF, 0xFF, 0xD0, 0xBF, 0xFF,
    0xF9, 0x00, 0x00, 0x00, 0x00, 0x00, 0x01, 0xB4, 0x00, 0xBF, 0xF0, 0x02, 0xBF, 0x80, 0x00, 0xBD,
    0x00, 0x03, 0xF0, 0x02, 0xFF, 0xFE, 0x06, 0xFF, 0xA0, 0x03, 0xF4, 0x00, 0x0F, 0xC0, 0x00, 0x7E,
    0x14, 0x02, 0xFF, 0xFE, 0x0F, 0xFB, 0xFE, 0x3F, 0x01, 0xFD, 0xF8, 0x03, 0xF7, 0xE0, 0x1F, 0x9F,
    0xC1, 0xFC, 0x3F, 0xFF, 0xD0, 0x3F, 0xF8, 0x00, 0x00, 0x00, 0x00, 0x00, 0x1A, 0xBA, 0x40, 0x00,
    0xBF, 0xFF, 0xFE, 0x00, 0x7F, 0xFF, 0xFF, 0xD0, 0x04, 0xBF, 0x07, 0xFC, 0x00, 0x3F, 0xC0, 0xBF,
    0x00, 0x0F, 0xE0, 0x1F, 0xC0, 0x07, 0xF4, 0x47, 0xF0, 0x02, 0xFC, 0xB2, 0xF8, 0x00, 0xBF, 0x1F,
    0xFC, 0x00, 0x3F, 0xDB, 0xFC, 0x00, 0x0F, 0xFF, 0xFC, 0x00, 0x07, 0xFE, 0x9F, 0x00, 0x02, 0xFC,
    0x02, 0xC0, 0x00, 0xFF, 0x00, 0x00, 0x00, 0x3F, 0x80, 0x00, 0x00, 0x1F, 0xE0, 0x00, 0x00, 0x7F,
    0xFF, 0xC0, 0x00, 0x2F, 0xFF, 0xE0, 0x00, 0x00, 0x00, 0x04, 0x00, 0x40, 0x02, 0xFF, 0x0B, 0xF8,
    0x07, 0xFF, 0x6F, 0xFC, 0x00, 0x3F, 0xBE, 0xFD, 0x00, 0x3F, 0xE0, 0xFE, 0x00, 0x3F, 0xC0, 0xFE,
    0x00, 0x7F, 0x40, 0xFD, 0x00, 0xBF, 0x00, 0xFC, 0x00, 0xFD, 0x11, 0xFC, 0x00, 0xFC, 0xB2, 0xF4,
    0x01, 0xFC, 0x7B, 0xF0, 0x02, 0xFD, 0x3F, 0xD0, 0x03, 0xFF, 0xFF, 0x40, 0x03, 0xFB, 0xFF, 0x00,
    0x07, 0xF0, 0x0B, 0x40, 0x07, 0xF0, 0x03, 0x80, 0x0B, 0xE0, 0x00, 0x00, 0x1F, 0xF4, 0x00, 0x00,
    0x7F, 0xFF, 0x00, 0x00, 0x6A, 0xAA, 0x00, 0x00, 0x00, 0x00, 0x00, 0x07, 0x40, 0x00, 0x00, 0x03,
    0xD0, 0x00, 0x00, 0x01, 0xF4, 0x01, 0x55, 0x55, 0xFC, 0x01, 0xFF, 0xFF, 0xFE, 0x00, 0x2F, 0xFF,
    0xFF, 0x40, 0x02, 0xFC, 0x00, 0x00, 0x00, 0xFF, 0x00, 0x00, 0x00, 0x3F, 0x80, 0x00, 0x00, 0x1F,
    0xD0, 0x00, 0x00, 0x0B, 0xF0, 0x00, 0x00, 0x02, 0xFC, 0x00, 0x00, 0x00, 0xFF, 0x00, 0x00, 0x00,
    0x3F, 0x80, 0x00, 0x00, 0x1F, 0xD0, 0x00, 0x00, 0x0B, 0xF0, 0x00, 0x00, 0x03, 0xFC, 0x00, 0x00,
    0x00, 0xFE, 0x00, 0x00, 0x00, 0x7F, 0x80, 0x00, 0x01, 0xFF, 0xFF, 0x00, 0x00, 0xBF, 0xFF, 0x80,
    0x00, 0x00, 0x00, 0x00, 0x05, 0x00, 0x00, 0x07, 0xE0, 0x00, 0x00, 0xFC, 0x00, 0x00, 0x3E, 0x07,
    0xFF, 0xFF, 0x03, 0xFF, 0xFF, 0x00, 0x5B, 0xF0, 0x00, 0x02, 0xFC, 0x00, 0x00, 0xBE, 0x00, 0x00,
    0x3F, 0x40, 0x00, 0x0F, 0xD0, 0x00, 0x03, 0xF0, 0x00, 0x01, 0xFC, 0x00, 0x00, 0xBE, 0x00, 0x0B,
    0xBF, 0x40, 0x03, 0xFF, 0x80, 0x00, 0xBF, 0x80, 0x00, 0x00, 0x00, 0x00, 0x00, 0x00, 0x55, 0x55,
    0x55, 0x00, 0x7F, 0xFF, 0xFF, 0xC0, 0x0B, 0xFF, 0xFF, 0xF0, 0x00, 0xBF, 0x00, 0xFC, 0x00, 0x3F,
    0xC0, 0x3E, 0x00, 0x0F, 0xE0, 0x0F, 0x40, 0x07, 0xF4, 0x02, 0x40, 0x02, 0xFC, 0x00, 0x00, 0x05,
    0xFF, 0x54, 0x00, 0x07, 0xFF, 0xFF, 0x00, 0x00, 0x1F, 0xE0, 0x00, 0x00, 0x07, 0xF4, 0x00, 0x00,
    0x02, 0xFC, 0x00, 0x00, 0x00, 0xFF, 0x00, 0x00, 0x00, 0x3F, 0x80, 0x00, 0x00, 0x1F, 0xE0, 0x00,
    0x00, 0x7F, 0xFF, 0xC0, 0x00, 0x2F, 0xFF, 0xE0, 0x00, 0x00, 0x00, 0x05, 0x00, 0x0B, 0xFF, 0x81,
    0xFF, 0xFF, 0x8B, 0x90, 0xBE, 0x04, 0x02, 0xF8, 0x0A, 0x1F, 0xC0, 0x2F, 0xFD, 0x00, 0xFF, 0x80,
    0x1F, 0xFC, 0x00, 0xFD, 0x38, 0x07, 0xF0, 0x07, 0x2F, 0xD1, 0xBD, 0x3F, 0xFF, 0xE0, 0x7F, 0xF9,
    0x00, 0x00, 0x00, 0x00, 0x00, 0x55, 0x55, 0x55, 0x00, 0x7F, 0xFF, 0xFF, 0xC0, 0x0B, 0xFF, 0xFF,
    0xF0, 0x00, 0xBF, 0x01, 0xF8, 0x00, 0x3F, 0xC0, 0x7D, 0x00, 0x0F, 0xE0, 0x1E, 0x00, 0x07, 0xF4,
    0x00, 0x00, 0x02, 0xFC, 0x10, 0x00, 0x00, 0xBF, 0xFF, 0xE0, 0x00, 0x3F, 0xFF, 0xFE, 0x00, 0x0F,
    0xE0, 0x7F, 0xC0, 0x07, 0xF4, 0x07, 0xF8, 0x02, 0xFC, 0x00, 0xFE, 0x00, 0xFF, 0x00, 0x3F, 0x80,
    0x3F, 0x80, 0x0F, 0xE0, 0x1F, 0xE0, 0x07, 0xF4, 0x7F, 0xFF, 0x01, 0xFC, 0x2F, 0xFF, 0xC0, 0xFE,
    0x00, 0x00, 0x00, 0x3F, 0x00, 0x00, 0x00, 0x3F, 0x80, 0x00, 0x3D, 0x7F, 0xC0, 0x00, 0x1F, 0xFF,
    0x80, 0x00, 0x02, 0xFF, 0x40, 0x00, 0x00, 0x00, 0x00, 0x00, 0x1F, 0xFF, 0xFF, 0x47, 0xFF, 0xFF,
    0xC0, 0x3F, 0x41, 0xF0, 0x0F, 0xC0, 0x38, 0x03, 0xF0, 0x04, 0x01, 0xF8, 0x00, 0x00, 0xBF, 0xFF,
    0x40, 0x3F, 0xFF, 0xF4, 0x0F, 0xC0, 0xFF, 0x07, 0xF0, 0x1F, 0xC2, 0xF8, 0x03, 0xF0, 0xFD, 0x00,
    0xFC, 0x3F, 0x00, 0x3F, 0x00, 0x00, 0x1F, 0x80, 0x00, 0x0B, 0xD0, 0x08, 0x07, 0xF0, 0x0B, 0xEB,
    0xF0, 0x02, 0xFF, 0xF0, 0x00, 0x2F, 0x90, 0x00, 0x00, 0x29, 0x00, 0x15, 0x54, 0x01, 0xA4, 0x00,
    0xFF, 0x80, 0xFF, 0xFC, 0x0B, 0xFC, 0x00, 0xFF, 0xC0, 0x7F, 0xE0, 0x2F, 0xFC, 0x00, 0xA7, 0xE0,
    0x1F, 0x80, 0x7F, 0x68, 0x00, 0x02, 0xF0, 0x2F, 0x80, 0xF8, 0x00, 0x00, 0x00, 0xF4, 0x3F, 0x43,
    0xF0, 0x00, 0x00, 0x00, 0xF8, 0x3F, 0x07, 0xC0, 0x00, 0x00, 0x00, 0xBC, 0x7F, 0x0F, 0x40, 0x00,
    0x00, 0x00, 0xBF, 0xFF, 0xFF, 0x00, 0x00, 0x00, 0x01, 0xFF, 0xFF, 0xFF, 0x00, 0x00, 0x00, 0x07,
    0xF4, 0xFD, 0x3F, 0x40, 0x00, 0x00, 0x0F, 0xE0, 0xFC, 0x2F, 0xC0, 0x00, 0x00, 0x3F, 0xC1, 0xFC,
    0x0F, 0xC0, 0x00, 0x00, 0xFF, 0x42, 0xF8, 0x0F, 0xE0, 0x00, 0x03, 0xFE, 0x03, 0xF4, 0x07, 0xF4,
    0x00, 0x0F, 0xF8, 0x03, 0xF4, 0x03, 0xFC, 0x00, 0x7F, 0xF0, 0x2F, 0xFE, 0x02, 0xFF, 0x00, 0x7F,
    0x80, 0x3F, 0xFE, 0x00, 0xBF, 0xC0, 0x00, 0x00, 0x00, 0x00, 0x00, 0x1F, 0x80, 0x00, 0x00, 0x00,
    0x00, 0x00, 0x1F, 0x40, 0x00, 0x00, 0x00, 0x00, 0x00, 0x2F, 0x00, 0x00, 0x00, 0x00, 0x00, 0x00,
    0x2D, 0x00, 0x00, 0x00, 0x00, 0x00, 0x00, 0x2C, 0x00, 0x00, 0x00, 0x00, 0x00, 0x00, 0x00, 0x00,
    0x00, 0x14, 0x00, 0x10, 0x01, 0x40, 0x07, 0xFC, 0x07, 0xC0, 0x7F, 0xC0, 0xBF, 0xFC, 0x3F, 0x07,
    0xFF, 0x43, 0xEF, 0xF0, 0xF8, 0x3F, 0x6C, 0x0D, 0x0F, 0xCB, 0xD3, 0xE0, 0x00, 0x00, 0x2F, 0x7F,
    0x2F, 0x00, 0x00, 0x00, 0xBF, 0xFD, 0xF8, 0x00, 0x00, 0x03, 0xFF, 0xFF, 0xD0, 0x00, 0x00, 0x0F,
    0xDF, 0xFF, 0x00, 0x00, 0x00, 0x7C, 0xBF, 0xBC, 0x00, 0x00, 0x03, 0xD3, 0xF2, 0xF8, 0x2C, 0x1E,
    0xBE, 0x0F, 0x87, 0xFF, 0xF0, 0xFF, 0xF0, 0x3D, 0x0F, 0xFF, 0x82, 0xFE, 0x01, 0xF0, 0x1F, 0xDE,
    0x00, 0x00, 0x00, 0x00, 0x00, 0xB8, 0x00, 0x00, 0x00, 0x00, 0x02, 0xF0, 0x00, 0x00, 0x00, 0x00,
    0x0F, 0x80, 0x00, 0x00, 0x00, 0x01, 0xBD, 0x00, 0x00, 0x00, 0x00, 0x07, 0xD0, 0x00, 0x00, 0x06,
    0xB9, 0x00, 0x03, 0xFF, 0xFF, 0x00, 0x1F, 0xFF, 0xFF, 0x00, 0xBC, 0x03, 0xFC, 0x02, 0xE0, 0x0B,
    0xF0, 0x07, 0x00, 0x2F, 0xC0, 0x00, 0x00, 0xFD, 0x00, 0x00, 0x0F, 0xE0, 0x00, 0x2F, 0xFE, 0x00,
    0x00, 0xFF, 0xFE, 0x00, 0x00, 0x1B, 0xFD, 0x00, 0x00, 0x0B, 0xF8, 0x00, 0x00, 0x1F, 0xE0, 0x38,
    0x00, 0x7F, 0x83, 0xF0, 0x03, 0xFC, 0x0F, 0xF5, 0x7F, 0xD0, 0x2F, 0xFF, 0xFD, 0x00, 0x1F, 0xFF,
    0x80, 0x00, 0x00, 0xF4, 0x00, 0x00, 0x02, 0xE0, 0x00, 0x02, 0x5F, 0x40, 0x00, 0x0F, 0xFC, 0x00,
    0x00, 0x3F, 0x80, 0x00, 0x00, 0x00, 0x00, 0x00, 0x00, 0x01, 0x00, 0x00, 0xBF, 0xF8, 0x03, 0xFF,
    0xFD, 0x07, 0xD0, 0xBE, 0x02, 0x00, 0x7E, 0x00, 0x00, 0xFC, 0x00, 0x2B, 0xF0, 0x00, 0x7F, 0xF0,
    0x00, 0x16, 0xFC, 0x00, 0x00, 0xFC, 0x1C, 0x00, 0xFC, 0x3F, 0x03, 0xF8, 0x3F, 0xFF, 0xF0, 0x0F,
    0xFF, 0x40, 0x00, 0x3C, 0x00, 0x00, 0x3C, 0x00, 0x0F, 0xBC, 0x00, 0x0F, 0xF8, 0x00, 0x02, 0x90,
    0x00, 0x00, 0x55, 0x54, 0x00, 0xA4, 0x01, 0xFF, 0xFD, 0x0B, 0xFD, 0x00, 0xBF, 0xF4, 0x2F, 0xFC,
    0x00, 0x2F, 0xC0, 0x7F, 0x68, 0x00, 0x3F, 0xC0, 0xF8, 0x00, 0x00, 0x3F, 0x82, 0xF0, 0x00, 0x00,
    0x7F, 0x47, 0xD0, 0x00, 0x00, 0xBF, 0x0F, 0x80, 0x00, 0x00, 0xBF, 0xFF, 0x00, 0x00, 0x00, 0xFF,
    0xFF, 0x40, 0x00, 0x00, 0xFE, 0x2F, 0xC0, 0x00, 0x01, 0xFD, 0x1F, 0xC0, 0x00, 0x02, 0xFC, 0x0F,
    0xE0, 0x00, 0x03, 0xFC, 0x0B, 0xF0, 0x00, 0x03, 0xF8, 0x03, 0xFC, 0x00, 0x07, 0xF8, 0x02, 0xFD,
    0x00, 0x7F, 0xFF, 0x00, 0xFF, 0x40, 0xBF, 0xFF, 0x00, 0x7F, 0xD0, 0x00, 0x00, 0x00, 0x0F, 0xC0,
    0x00, 0x00, 0x00, 0x0F, 0x80, 0x00, 0x00, 0x00, 0x1F, 0x00, 0x00, 0x00, 0x00, 0x1F, 0x00, 0x00,
    0x00, 0x00, 0x1D, 0x00, 0x00, 0x00, 0x00, 0x00, 0x00, 0x00, 0x10, 0x00, 0x41, 0xFF, 0x80, 0xFE,
    0x3F, 0xF8, 0x3F, 0xE0, 0x3F, 0x4F, 0xE9, 0x03, 0xF3, 0xF0, 0x00, 0x3F, 0x7C, 0x00, 0x07, 0xEF,
    0x40, 0x00, 0xBF, 0xF8, 0x00, 0x0F, 0xFF, 0xC0, 0x00, 0xFD, 0xBD, 0x00, 0x1F, 0xC3, 0xF0, 0x91,
    0xFC, 0x3F, 0xFE, 0x2F, 0xC1, 0xFF, 0xD3, 0xF4, 0x0B, 0xFD, 0x00, 0x00, 0x03, 0xD0, 0x00, 0x00,
    0x3E, 0x00, 0x00, 0x03, 0xD0, 0x00, 0x01, 0xFC, 0x00, 0x00, 0x2E, 0x00, 0x00, 0x55, 0x54, 0x00,
    0x2A, 0x00, 0x7F, 0xFF, 0x00, 0x7F, 0xD0, 0x0B, 0xFF, 0x40, 0x7F, 0xF4, 0x00, 0xBF, 0x00, 0x3F,
    0x6C, 0x00, 0x3F, 0x80, 0x3F, 0x00, 0x00, 0x0F, 0xDA, 0x2F, 0x00, 0x00, 0x07, 0xF3, 0x8F, 0x40,
    0x00, 0x02, 0xFC, 0xDB, 0xC0, 0x00, 0x00, 0xBF, 0xFF, 0xC0, 0x00, 0x00, 0x3F, 0xFF, 0xF4, 0x00,
    0x00, 0x0F, 0xDB, 0x7F, 0x00, 0x00, 0x07, 0xF3, 0x8F, 0xD0, 0x00, 0x02, 0xFC, 0xE2, 0xFC, 0x00,
    0x00, 0xFE, 0x10, 0x7F, 0x40, 0x00, 0x3F, 0x40, 0x0F, 0xF0, 0x00, 0x1F, 0xD0, 0x02, 0xFE, 0x00,
    0x7F, 0xFF, 0x00, 0x3F, 0xD0, 0x2F, 0xFF, 0xC0, 0x07, 0xF8, 0x00, 0x00, 0x00, 0x00, 0x00, 0x00,
    0x00, 0x00, 0x00, 0x10, 0x1F, 0xF4, 0x00, 0xFD, 0x3F, 0xF8, 0x03, 0xFD, 0x03, 0xF4, 0x0B, 0xEC,
    0x03, 0xF5, 0x1F, 0x00, 0x03, 0xF7, 0x3C, 0x00, 0x07, 0xFB, 0xB4, 0x00, 0x0B, 0xFF, 0xF8, 0x00,
    0x0F, 0xDD, 0xBC, 0x00, 0x0F, 0xDD, 0x7D, 0x00, 0x1F, 0xC4, 0x3F, 0x0C, 0x1F, 0xC0, 0x3F, 0xFC,
    0x2F, 0x80, 0x1F, 0xF8, 0x3F, 0x40, 0x0F, 0xE0, 0x00, 0x00, 0x00, 0x00, 0x00, 0x55, 0x54, 0x00,
    0xA8, 0x01, 0xFF, 0xFD, 0x07, 0xFE, 0x00, 0xBF, 0xF4, 0x0F, 0xFD, 0x00, 0x2F, 0xC0, 0x3F, 0x6C,
    0x01, 0x7F, 0xD0, 0xBC, 0x00, 0x07, 0xFF, 0xF5, 0xF4, 0x00, 0x00, 0x7F, 0x43, 0xE0, 0x00, 0x00,
    0xBF, 0x0B, 0xC0, 0x00, 0x00, 0xBF, 0xFF, 0x00, 0x00, 0x00, 0xFF, 0xFF, 0x40, 0x00, 0x00, 0xFD,
    0x2F, 0x80, 0x00, 0x01, 0xFD, 0x1F, 0xC0, 0x00, 0x02, 0xFC, 0x0F, 0xE0, 0x00, 0x03, 0xFC, 0x0B,
    0xF0, 0x00, 0x03, 0xF8, 0x03, 0xF8, 0x00, 0x07, 0xF8, 0x02, 0xFD, 0x00, 0x7F, 0xFF, 0x00, 0xFF,
    0x40, 0xBF, 0xFF, 0x00, 0x7F, 0x80, 0x00, 0x00, 0x00, 0x00, 0x00, 0x00, 0x00, 0x00, 0x00, 0x7F,
    0xC0, 0x00, 0x1F, 0xFC, 0x00, 0x00, 0x5F, 0xC0, 0x00, 0x00, 0xF8, 0x00, 0x00, 0x1F, 0x80, 0x10,
    0x3F, 0xFF, 0x0F, 0xD2, 0xBF, 0x93, 0xFD, 0x03, 0xF0, 0xFE, 0xC0, 0x7E, 0x3E, 0x00, 0x0B, 0xDB,
    0x80, 0x00, 0xBD, 0xF0, 0x00, 0x0F, 0xFF, 0x40, 0x00, 0xFE, 0xF8, 0x00, 0x1F, 0xCF, 0xC0, 0x02,
    0xFC, 0xBE, 0x0C, 0x3F, 0x83, 0xFF, 0xC3, 0xF4, 0x2F, 0xF8, 0x7F, 0x00, 0xFD, 0x00, 0x00, 0x00,
    0x00, 0x05, 0x55, 0x55, 0x00, 0x2A, 0x0B, 0xFF, 0xFF, 0xD0, 0x7F, 0xE3, 0xFF, 0xFF, 0xD0, 0x7F,
    0xF4, 0xF8, 0x2F, 0xC0, 0x3F, 0x6C, 0x7D, 0x0F, 0xE0, 0x3F, 0x00, 0x0F, 0x03, 0xF8, 0x2F, 0x40,
    0x01, 0x41, 0xFD, 0x0F, 0x40, 0x00, 0x00, 0xBF, 0x0F, 0x80, 0x00, 0x00, 0x3F, 0xFF, 0xC0, 0x00,
    0x00, 0x0F, 0xFF, 0xF4, 0x00, 0x00, 0x03, 0xF4, 0xBE, 0x00, 0x00, 0x01, 0xFC, 0x1F, 0xC0, 0x00,
    0x00, 0xBF, 0x03, 0xF8, 0x00, 0x00, 0x3F, 0xC0, 0xBF, 0x00, 0x00, 0x0F, 0xE0, 0x0F, 0xE0, 0x00,
    0x07, 0xF8, 0x03, 0xFD, 0x00, 0x1F, 0xFF, 0xC0, 0x7F, 0xD0, 0x0F, 0xFF, 0xF0, 0x07, 0xF8, 0x00,
    0x00, 0x00, 0x00, 0x00, 0x00, 0x01, 0x40, 0x00, 0x04, 0x0F, 0xFF, 0xC0, 0xFE, 0x3F, 0xFF, 0x83,
    0xFF, 0x3C, 0x1F, 0x4F, 0xE9, 0x3D, 0x3F, 0x2F, 0x00, 0x2D, 0x3F, 0x7C, 0x00, 0x00, 0x7E, 0xF4,
    0x00, 0x00, 0xBF, 0xF8, 0x00, 0x00, 0xBF, 0xFC, 0x00, 0x00, 0xFD, 0x7E, 0x00, 0x00, 0xFC, 0x3F,
    0x09, 0x01, 0xFC, 0x2F, 0xFD, 0x02, 0xFC, 0x1F, 0xFC, 0x03, 0xF4, 0x0B, 0xE0, 0x00, 0x00, 0x00,
    0x00, 0x00, 0x55, 0x54, 0x05, 0x55, 0x50, 0x1F, 0xFF, 0xD0, 0xFF, 0xFE, 0x00, 0xBF, 0xF4, 0x0B,
    0xFF, 0x80, 0x02, 0xFC, 0x00, 0x1F, 0xD0, 0x00, 0x3F, 0xC0, 0x02, 0xFC, 0x00, 0x03, 0xF8, 0x00,
    0x3F, 0xC0, 0x00, 0x7F, 0x40, 0x03, 0xF8, 0x00, 0x0B, 0xF4, 0x00, 0x7F, 0x40, 0x00, 0xBF, 0xFF,
    0xFF, 0xF0, 0x00, 0x0F, 0xFF, 0xFF, 0xFF, 0x00, 0x00, 0xFE, 0x55, 0x5F, 0xF0, 0x00, 0x1F, 0xD0,
    0x00, 0xFE, 0x00, 0x02, 0xFC, 0x00, 0x1F, 0xD0, 0x00, 0x3F, 0xC0, 0x02, 0xFC, 0x00, 0x03, 0xFC,
    0x00, 0x3F, 0xC0, 0x00, 0x7F, 0x80, 0x03, 0xFC, 0x00, 0x7F, 0xFF, 0x43, 0xFF, 0xFC, 0x0B, 0xFF,
    0xF0, 0x7F, 0xFF, 0xC0, 0x00, 0x00, 0x00, 0x02, 0xF8, 0x00, 0x00, 0x00, 0x00, 0x2F, 0x40, 0x00,
    0x00, 0x00, 0x02, 0xF0, 0x00, 0x00, 0x00, 0x00, 0x3D, 0x00, 0x00, 0x00, 0x00, 0x03, 0xC0, 0x00,
    0x00, 0x00, 0x00, 0x00, 0x00, 0x00, 0x10, 0x00, 0x00, 0x1F, 0xF8, 0x03, 0xF0, 0x3F, 0xFC, 0x07,
    0xF0, 0x03, 0xF8, 0x0B, 0xF0, 0x03, 0xF4, 0x0F, 0xE0, 0x03, 0xF0, 0x0F, 0xD0, 0x07, 0xFF, 0xFF,
    0xC0, 0x0B, 0xFF, 0xFF, 0xC0, 0x0F, 0xE5, 0x7F, 0x80, 0x0F, 0xD0, 0x3F, 0x40, 0x1F, 0xC0, 0x3F,
    0x1C, 0x1F, 0xC0, 0x7F, 0xFC, 0x2F, 0x80, 0x7F, 0xF8, 0x3F, 0x40, 0x3F, 0x78, 0x00, 0x00, 0x00,
    0xB8, 0x00, 0x00, 0x00, 0xFC, 0x00, 0x00, 0x00, 0xF8, 0x00, 0x00, 0x07, 0xF0, 0x00, 0x00, 0x07,
    0x80, 0x00, 0x55, 0x54, 0x05, 0x55, 0x55, 0x40, 0x1F, 0xFF, 0xD0, 0xFF, 0xFF, 0xFC, 0x00, 0xBF,
    0xF4, 0x0B, 0xFF, 0xFF, 0xC0, 0x02, 0xFC, 0x00, 0x1F, 0xD0, 0xFC, 0x00, 0x3F, 0xC0, 0x02, 0xFC,
    0x0F, 0x80, 0x03, 0xF8, 0x00, 0x3F, 0xC0, 0xF4, 0x00, 0x7F, 0x40, 0x03, 0xF8, 0x04, 0x00, 0x0B,
    0xF4, 0x00, 0x7F, 0x40, 0x00, 0x00, 0xBF, 0xFF, 0xFF, 0xF0, 0x00, 0x00, 0x0F, 0xFF, 0xFF, 0xFF,
    0x00, 0x00, 0x00, 0xFE, 0x55, 0x5F, 0xF0, 0x00, 0x00, 0x1F, 0xD0, 0x00, 0xFE, 0x00, 0x00, 0x02,
    0xFC, 0x00, 0x1F, 0xD0, 0x00, 0x00, 0x3F, 0xC0, 0x02, 0xFC, 0x00, 0x00, 0x03, 0xFC, 0x00, 0x3F,
    0xC0, 0x00, 0x00, 0x7F, 0x80, 0x03, 0xFC, 0x00, 0x00, 0x7F, 0xFF, 0x43, 0xFF, 0xF4, 0x00, 0x0B,
    0xFF, 0xF0, 0x7F, 0xFF, 0x40, 0x00, 0x00, 0x10, 0x00, 0x00, 0x00, 0x7F, 0xE0, 0x0F, 0xFF, 0xD3,
    0xFF, 0xC0, 0x7F, 0xFF, 0xC0, 0xFE, 0x02, 0xFC, 0x2F, 0x03, 0xF4, 0x0F, 0xE1, 0xF8, 0x0F, 0xC0,
    0x3F, 0x4F, 0x80, 0x7F, 0xFF, 0xFC, 0x00, 0x02, 0xFF, 0xFF, 0xF0, 0x00, 0x0F, 0xE5, 0x7F, 0x80,
    0x00, 0x3F, 0x40, 0xFD, 0x00, 0x01, 0xFC, 0x03, 0xF0, 0x40, 0x07, 0xF0, 0x1F, 0xFF, 0x00, 0x2F,
    0x80, 0x7F, 0xF4, 0x00, 0xFD, 0x00, 0xFF, 0x40, 0x00, 0x00, 0x00, 0x00, 0x00, 0x00, 0x00, 0x55,
    0x55, 0x55, 0x55, 0x00, 0x00, 0x1F, 0xFF, 0xFF, 0xFF, 0xF8, 0x00, 0x00, 0xBF, 0xFF, 0xFF, 0xFE,
    0x00, 0x00, 0x02, 0xFC, 0x00, 0xBF, 0x00, 0x00, 0x00, 0x3F, 0xC0, 0x0F, 0xF0, 0x00, 0x00, 0x03,
    0xF8, 0x00, 0xFE, 0x00, 0x00, 0x00, 0x7F, 0x40, 0x0F, 0xE0, 0x00, 0x00, 0x0B, 0xF0, 0x01, 0xFD,
    0x10, 0x00, 0x00, 0xBF, 0x00, 0x2F, 0xFF, 0xF8, 0x00, 0x0F, 0xF0, 0x03, 0xFF, 0xFF, 0xF0, 0x00,
    0xFE, 0x00, 0x3F, 0x81, 0xFF, 0x80, 0x1F, 0xD0, 0x07, 0xF4, 0x03, 0xFC, 0x02, 0xFC, 0x00, 0x7F,
    0x40, 0x2F, 0xC0, 0x3F, 0xC0, 0x0B, 0xF0, 0x02, 0xFC, 0x03, 0xF8, 0x00, 0xFF, 0x00, 0x2F, 0xC0,
    0x7F, 0x80, 0x0F, 0xE0, 0x02, 0xFC, 0x7F, 0xFE, 0x07, 0xFF, 0xD0, 0x3F, 0x8B, 0xFF, 0xE0, 0xFF,
    0xFC, 0x07, 0xF4, 0x00, 0x00, 0x00, 0x00, 0x00, 0xBF, 0x00, 0x00, 0x00, 0x00, 0x10, 0x2F, 0xC0,
    0x00, 0x00, 0x00, 0x0F, 0x9B, 0xF4, 0x00, 0x00, 0x00, 0x00, 0xFF, 0xFD, 0x00, 0x00, 0x00, 0x00,
    0x0B, 0xFE, 0x00, 0x00, 0x00, 0x00, 0x00, 0x00, 0x00, 0x00, 0x00, 0x10, 0x01, 0x00, 0x00, 0x1F,
    0xF4, 0x3F, 0xD0, 0x00, 0x3F, 0xF9, 0xFF, 0xE0, 0x00, 0x03, 0xFB, 0xEF, 0xE0, 0x00, 0x03, 0xFF,
    0x0F, 0xE0, 0x00, 0x03, 0xFC, 0x0F, 0xD0, 0x00, 0x07, 0xF8, 0x1F, 0xFF, 0xF0, 0x0B, 0xF0, 0x2F,
    0xFF, 0xFC, 0x0F, 0xE0, 0x2F, 0xC1, 0xFD, 0x0F, 0xD0, 0x3F, 0x80, 0xBF, 0x1F, 0xC0, 0x3F, 0x40,
    0x7F, 0x1F, 0xC0, 0x7F, 0x00, 0x3F, 0x2F, 0x80, 0xBF, 0x00, 0x7F, 0x3F, 0x40, 0xFE, 0x00, 0x7E,
    0x00, 0x00, 0x00, 0x00, 0xFD, 0x00, 0x00, 0x00, 0x00, 0xFC, 0x00, 0x00, 0x05, 0x03, 0xF4, 0x00,
    0x00, 0x1F, 0xAF, 0xD0, 0x00, 0x00, 0x1F, 0xFF, 0x40, 0x00, 0x00, 0x07, 0xF8, 0x00, 0x00, 0x00,
    0x6A, 0x00, 0x00, 0x00, 0x02, 0xFF, 0xD0, 0x00, 0x00, 0x07, 0xFE, 0x01, 0xA4, 0x00, 0x0B, 0xFC,
    0x07, 0xFF, 0xD0, 0x07, 0xF8, 0x0B, 0xFB, 0xFC, 0x03, 0xFC, 0x03, 0xF0, 0x3F, 0x41, 0xFD, 0x03,
    0xF4, 0x0B, 0xE0, 0xBF, 0x00, 0xFC, 0x03, 0xF8, 0x3F, 0xC0, 0x7F, 0x00, 0xFD, 0x0F, 0xE0, 0x2F,
    0xC0, 0x3F, 0x03, 0xF8, 0x0B, 0xE0, 0x1F, 0xC0, 0xFE, 0x02, 0xF8, 0x0F, 0xE0, 0x3F, 0xC0, 0x7F,
    0x07, 0xF0, 0x0F, 0xF0, 0x0F, 0xC3, 0xF4, 0x01, 0xFF, 0x03, 0xFF, 0xF4, 0x00, 0x3F, 0xF9, 0xBF,
    0xF4, 0x08, 0x03, 0xFF, 0xFF, 0xFF, 0xFF, 0x00, 0x1F, 0xFF, 0xAF, 0xFE, 0x00, 0x00, 0x00, 0x00,
    0x00, 0x00, 0x00, 0x05, 0x40, 0x00, 0x00, 0x7F, 0xC0, 0x00, 0x02, 0xFD, 0x06, 0x80, 0x07, 0xE0,
    0x7F, 0xF4, 0x0F, 0xC0, 0xF9, 0xFC, 0x2F, 0x43, 0xF0, 0xBC, 0x3F, 0x03, 0xD0, 0xBC, 0x3F, 0x07,
    0xD0, 0xFC, 0x3F, 0x07, 0xC0, 0xF8, 0x3F, 0x07, 0xD2, 0xF0, 0x3F, 0x43, 0xE7, 0xD0, 0x2F, 0xC2,
    0xFF, 0x80, 0x0F, 0xFF, 0xFF, 0x5D, 0x02, 0xFF, 0xEF, 0xFC, 0x00, 0x00, 0x00, 0x40, 0x00, 0x00,
    0x6B, 0xA0, 0x00, 0x02, 0xFF, 0xFF, 0xC0, 0x03, 0xFF, 0xFF, 0xF0, 0x03, 0xFE, 0x00, 0xFC, 0x03,
    0xFD, 0x00, 0x3E, 0x02, 0xFD, 0x00, 0x0F, 0x00, 0xFF, 0x00, 0x00, 0x00, 0x7F, 0x40, 0x00, 0x00,
    0x3F, 0xC0, 0x00, 0x00, 0x0F, 0xF0, 0x00, 0x00, 0x03, 0xFC, 0x00, 0x00, 0x00, 0xFF, 0x00, 0x00,
    0x00, 0x3F, 0xC0, 0x00, 0x00, 0x0F, 0xF8, 0x00, 0x0D, 0x02, 0xFF, 0x80, 0x1F, 0x80, 0x3F, 0xFF,
    0xFF, 0xC0, 0x07, 0xFF, 0xFF, 0xD0, 0x00, 0x2F, 0xFF, 0x80, 0x00, 0x00, 0x3C, 0x00, 0x00, 0x00,
    0x0F, 0x40, 0x00, 0x00, 0x97, 0xC0, 0x00, 0x00, 0x7F, 0xE0, 0x00, 0x00, 0x0F, 0xE0, 0x00, 0x00,
    0x00, 0x00, 0x00, 0x00, 0x00, 0x00, 0x40, 0x00, 0x2F, 0xF8, 0x00, 0xFF, 0xFC, 0x03, 0xF9, 0xBC,
    0x0F, 0xE0, 0x10, 0x1F, 0xC0, 0x00, 0x2F, 0x80, 0x00, 0x3F, 0x40, 0x00, 0x3F, 0x40, 0x00, 0x7F,
    0x40, 0x00, 0x3F, 0x80, 0xB0, 0x3F, 0xFF, 0xF0, 0x2F, 0xFF, 0xD0, 0x0B, 0xFE, 0x00, 0x00, 0xF0,
    0x00, 0x00, 0xF0, 0x00, 0x3E, 0xF0, 0x00, 0x3F, 0xE0, 0x00, 0x0A, 0x40, 0x00, 0x05, 0x55, 0x55,
    0x55, 0x0B, 0xFF, 0xFF, 0xFF, 0xD3, 0xFF, 0xFF, 0xFF, 0xF4, 0xF8, 0x1F, 0xD0, 0xBC, 0x7D, 0x0B,
    0xF0, 0x2F, 0x0F, 0x03, 0xFC, 0x0F, 0x41, 0x40, 0xFE, 0x01, 0x40, 0x00, 0x7F, 0x40, 0x00, 0x00,
    0x2F, 0xD0, 0x00, 0x00, 0x0B, 0xF0, 0x00, 0x00, 0x03, 0xFC, 0x00, 0x00, 0x00, 0xFE, 0x00, 0x00,
    0x00, 0x7F, 0x40, 0x00, 0x00, 0x2F, 0xC0, 0x00, 0x00, 0x0F, 0xF0, 0x00, 0x00, 0x03, 0xFC, 0x00,
    0x00, 0x0F, 0xFF, 0xF0, 0x00, 0x0B, 0xFF, 0xFC, 0x00, 0x00, 0x00, 0xBE, 0x00, 0x00, 0x00, 0x2F,
    0x40, 0x00, 0x00, 0x0B, 0xC0, 0x00, 0x00, 0x03, 0xD0, 0x00, 0x00, 0x00, 0xF0, 0x00, 0x00, 0x00,
    0x00, 0x00, 0x00, 0x00, 0x00, 0x01, 0x00, 0x10, 0x01, 0xFF, 0x47, 0xF8, 0x1F, 0xE0, 0x3F, 0xF5,
    0xFF, 0xCB, 0xFF, 0x00, 0x3F, 0xBE, 0xFE, 0xFB, 0xF0, 0x03, 0xFF, 0x0F, 0xF8, 0x7F, 0x00, 0x3F,
    0xC1, 0xFF, 0x0B, 0xE0, 0x07, 0xF8, 0x2F, 0xD0, 0xFD, 0x00, 0xBF, 0x03, 0xFC, 0x0F, 0xC0, 0x0F,
    0xE0, 0x3F, 0x41, 0xFC, 0x00, 0xFD, 0x07, 0xF0, 0x2F, 0x80, 0x1F, 0xC0, 0xBF, 0x03, 0xF4, 0xD1,
    0xFC, 0x0F, 0xE0, 0x3F, 0xFD, 0x2F, 0x80, 0xFD, 0x03, 0xFF, 0xC3, 0xF4, 0x0F, 0xC0, 0x3F, 0x7C,
    0x00, 0x00, 0x00, 0x00, 0x07, 0xC0, 0x00, 0x00, 0x00, 0x00, 0x7C, 0x00, 0x00, 0x00, 0x00, 0x0B,
    0xC0, 0x00, 0x00, 0x00, 0x02, 0xF8, 0x00, 0x00, 0x00, 0x00, 0x3D, 0x00, 0x15, 0x55, 0x01, 0x55,
    0x47, 0xFF, 0xF0, 0xFF, 0xFC, 0x3F, 0xF8, 0x07, 0xFE, 0x00, 0xFF, 0x00, 0x3F, 0x40, 0x0B, 0xF0,
    0x0B, 0xE0, 0x00, 0x3F, 0x40, 0xFC, 0x00, 0x03, 0xFC, 0x3F, 0x00, 0x00, 0x1F, 0xCB, 0xD0, 0x00,
    0x00, 0xFE, 0xF8, 0x00, 0x00, 0x0B, 0xFF, 0x00, 0x00, 0x00, 0x7F, 0xC0, 0x00, 0x00, 0x03, 0xF8,
    0x00, 0x00, 0x00, 0x7F, 0x40, 0x00, 0x00, 0x0B, 0xF0, 0x00, 0x00, 0x00, 0xFF, 0x00, 0x00, 0x00,
    0x0F, 0xF0, 0x00, 0x00, 0x0F, 0xFF, 0xE0, 0x00, 0x02, 0xFF, 0xFD, 0x00, 0x00, 0x00, 0x00, 0x04,
    0x0B, 0xF4, 0x1F, 0xDB, 0xFF, 0x03, 0xF8, 0x6F, 0xC0, 0xFE, 0x03, 0xF4, 0x2F, 0x40, 0xFD, 0x0F,
    0xC0, 0x2F, 0x83, 0xE0, 0x07, 0xE1, 0xF0, 0x01, 0xF8, 0xF8, 0x00, 0x3E, 0xBC, 0x00, 0x0F, 0xFC,
    0x00, 0x03, 0xFD, 0x00, 0x00, 0xFD, 0x00, 0x00, 0x3F, 0x00, 0x00, 0x1F, 0x80, 0x00, 0x0B, 0xD0,
    0x00, 0x03, 0xF0, 0x00, 0x00, 0xFC, 0x00, 0x03, 0xFF, 0xE0, 0x01, 0xAA, 0xA4, 0x00, 0x15, 0x55,
    0x01, 0x55, 0x47, 0xFF, 0xF0, 0xFF, 0xFC, 0x3F, 0xF8, 0x07, 0xFE, 0x00, 0xFF, 0x00, 0x3F, 0x40,
    0x0B, 0xF0, 0x0B, 0xE0, 0x00, 0x3F, 0x40, 0xFC, 0x00, 0x03, 0xFC, 0x3F, 0x00, 0x00, 0x1F, 0xCB,
    0xD0, 0x00, 0x00, 0xFE, 0xF8, 0x00, 0x00, 0x0B, 0xFF, 0x00, 0x00, 0x05, 0xBF, 0xE5, 0x00, 0x00,
    0xFF, 0xFF, 0xE0, 0x00, 0x00, 0x7F, 0x40, 0x00, 0x00, 0x0B, 0xF0, 0x00, 0x00, 0x00, 0xFF, 0x00,
    0x00, 0x00, 0x0F, 0xF0, 0x00, 0x00, 0x0F, 0xFF, 0xE0, 0x00, 0x02, 0xFF, 0xFD, 0x00, 0x00, 0x00,
    0x00, 0x04, 0x0B, 0xF4, 0x1F, 0xDB, 0xFF, 0x03, 0xF8, 0x6F, 0xC0, 0xFE, 0x03, 0xF4, 0x2F, 0x40,
    0xFD, 0x0F, 0xC0, 0x2F, 0x83, 0xE0, 0x07, 0xE1, 0xF0, 0x01, 0xF8, 0xF8, 0x00, 0x3E, 0xBC, 0x00,
    0x0F, 0xFC, 0x00, 0x03, 0xFD, 0x00, 0x15, 0xFF, 0x50, 0x0F, 0xFF, 0xFC, 0x00, 0x1F, 0x80, 0x00,
    0x0B, 0xD0, 0x00, 0x03, 0xF0, 0x00, 0x00, 0xFC, 0x00, 0x03, 0xFF, 0xE0, 0x01, 0xAA, 0xA4, 0x00,
    0x00, 0x55, 0x54, 0x05, 0x55, 0x00, 0x7F, 0xFF, 0x0F, 0xFF, 0xC0, 0x0B, 0xFE, 0x01, 0xFF, 0x80,
    0x00, 0x7F, 0x40, 0x3F, 0x00, 0x00, 0x0F, 0xF0, 0x3F, 0x40, 0x00, 0x01, 0xFD, 0x3F, 0x40, 0x00,
    0x00, 0x3F, 0xEF, 0x40, 0x00, 0x00, 0x0B, 0xFF, 0x80, 0x00, 0x00, 0x00, 0xFF, 0x80, 0x00, 0x00,
    0x00, 0x3F, 0xC0, 0x00, 0x00, 0x00, 0x3F, 0xF8, 0x00, 0x00, 0x00, 0x2F, 0xFF, 0x00, 0x00, 0x00,
    0x2F, 0x4F, 0xE0, 0x00, 0x00, 0x2F, 0x82, 0xFC, 0x00, 0x00, 0x1F, 0xC0, 0x3F, 0x80, 0x00, 0x1F,
    0xC0, 0x0B, 0xF4, 0x00, 0x7F, 0xFD, 0x0F, 0xFF, 0xD0, 0x3F, 0xFF, 0x4B, 0xFF, 0xF8, 0x00, 0x00,
    0x00, 0x00, 0xBD, 0x00, 0x00, 0x00, 0x00, 0x2F, 0x00, 0x00, 0x00, 0x00, 0x0F, 0x80, 0x00, 0x00,
    0x00, 0x03, 0xC0, 0x00, 0x00, 0x00, 0x00, 0xF0, 0x00, 0x00, 0x00, 0x00, 0x00, 0x00, 0x00, 0x00,
    0x00, 0x10, 0x02, 0xFD, 0x02, 0xFC, 0x0B, 0xFF, 0x0B, 0xFD, 0x05, 0x7F, 0x5F, 0xAC, 0x00, 0x3F,
    0xBD, 0x00, 0x00, 0x1F, 0xF8, 0x00, 0x00, 0x0F, 0xF0, 0x00, 0x00, 0x0B, 0xF0, 0x00, 0x00, 0x0F,
    0xF4, 0x00, 0x00, 0x3F, 0xFC, 0x00, 0x00, 0xBD, 0xFC, 0x34, 0x3F, 0xF4, 0xFF, 0xF4, 0x3F, 0xE0,
    0xBF, 0xF0, 0x3F, 0x80, 0x3F, 0xF0, 0x00, 0x00, 0x00, 0xF0, 0x00, 0x00, 0x01, 0xF4, 0x00, 0x00,
    0x01, 0xF0, 0x00, 0x00, 0x0B, 0xE0, 0x00, 0x00, 0x0F, 0x80, 0x01, 0x55, 0x55, 0x40, 0x55, 0x50,
    0x2F, 0xFF, 0xFF, 0x8B, 0xFF, 0xD0, 0xFF, 0xFF, 0xFD, 0x1F, 0xFE, 0x03, 0xD3, 0xF4, 0xF0, 0x2F,
    0xC0, 0x1F, 0x1F, 0xC3, 0xC0, 0xBF, 0x00, 0x38, 0xBF, 0x1D, 0x03, 0xF8, 0x00, 0x02, 0xF8, 0x00,
    0x0F, 0xD0, 0x00, 0x0F, 0xD0, 0x00, 0x7F, 0x40, 0x00, 0x3F, 0x00, 0x02, 0xFC, 0x00, 0x01, 0xFC,
    0x00, 0x0F, 0xF0, 0x00, 0x0B, 0xF0, 0x00, 0x3F, 0x80, 0x00, 0x3F, 0x80, 0x00, 0xFD, 0x00, 0x00,
    0xFD, 0x00, 0x07, 0xF0, 0x00, 0x03, 0xF0, 0x00, 0x2F, 0xC0, 0x00, 0x1F, 0xC0, 0x00, 0xFF, 0x00,
    0x00, 0xBF, 0x55, 0x57, 0xF8, 0x00, 0x2F, 0xFF, 0xFF, 0xFF, 0xFF, 0x00, 0xFF, 0xFF, 0xFF, 0xFF,
    0xF8, 0x00, 0x00, 0x00, 0x00, 0x0B, 0xD0, 0x00, 0x00, 0x00, 0x00, 0x3F, 0x00, 0x00, 0x00, 0x00,
    0x00, 0xF8, 0x00, 0x00, 0x00, 0x00, 0x03, 0xD0, 0x00, 0x00, 0x00, 0x00, 0x0F, 0x00, 0x00, 0x00,
    0x00, 0x00, 0x00, 0x00, 0x00, 0x2F, 0xFF, 0xC0, 0x00, 0x3F, 0xFF, 0xC0, 0x00, 0x15, 0x55, 0x00,
    0x00, 0x00, 0x00, 0x00, 0x00, 0x40, 0x00, 0x00, 0x2F, 0xF4, 0x07, 0xF0, 0x7F, 0xF8, 0x0F, 0xE0,
    0x03, 0xF4, 0x0F, 0xD0, 0x03, 0xF0, 0x0F, 0xC0, 0x07, 0xF0, 0x1F, 0xC0, 0x0B, 0xE0, 0x3F, 0x80,
    0x0F, 0xD0, 0x3F, 0x40, 0x0F, 0xC0, 0xBF, 0x00, 0x1F, 0xC1, 0xFF, 0x00, 0x2F, 0x87, 0xFF, 0x28,
    0x3F, 0xEF, 0x3F, 0xFC, 0x3F, 0xFC, 0x3F, 0xF4, 0x1F, 0xF0, 0x2E, 0xB4, 0x00, 0x00, 0x00, 0xF4,
    0x00, 0x00, 0x00, 0xF4, 0x00, 0x00, 0x00, 0xF4, 0x00, 0x00, 0x07, 0xF0, 0x00, 0x00, 0x0B, 0x80,
    0x15, 0x55, 0x05, 0x55, 0x43, 0xFF, 0xF4, 0xFF, 0xFE, 0x2F, 0xFD, 0x0B, 0xFF, 0x80, 0xBF, 0x00,
    0x2F, 0xC0, 0x0F, 0xF0, 0x03, 0xFC, 0x00, 0xFE, 0x00, 0x3F, 0x80, 0x0F, 0xE0, 0x07, 0xF4, 0x00,
    0xFE, 0x00, 0x7F, 0x40, 0x0F, 0xF4, 0x0B, 0xF0, 0x00, 0xFF, 0xFF, 0xFF, 0x00, 0x03, 0xFF, 0xFF,
    0xE0, 0x00, 0x05, 0xA5, 0xFD, 0x00, 0x00, 0x00, 0x2F, 0xC0, 0x00, 0x00, 0x03, 0xFC, 0x00, 0x00,
    0x00, 0x3F, 0xC0, 0x00, 0x00, 0x07, 0xF8, 0x00, 0x00, 0x07, 0xFF, 0xFC, 0x00, 0x00, 0xFF, 0xFF,
    0xC0, 0x00, 0x00, 0x02, 0xF4, 0x00, 0x00, 0x00, 0x3F, 0x00, 0x00, 0x00, 0x03, 0xE0, 0x00, 0x00,
    0x00, 0x3D, 0x00, 0x00, 0x00, 0x03, 0xC0, 0x00, 0x00, 0x00, 0x00, 0x00, 0x00, 0x00, 0x00, 0x00,
    0x7F, 0xD0, 0x2F, 0x83, 0xFF, 0x40, 0xFD, 0x00, 0xFC, 0x07, 0xF0, 0x03, 0xF0, 0x2F, 0xC0, 0x1F,
    0x80, 0xFE, 0x00, 0x7E, 0x07, 0xF4, 0x01, 0xFE, 0xFF, 0xC0, 0x03, 0xFF, 0xFF, 0x00, 0x01, 0x92,
    0xF8, 0x00, 0x00, 0x0F, 0xE3, 0x40, 0x00, 0x3F, 0xFD, 0x00, 0x00, 0xFF, 0xF0, 0x00, 0x03, 0xF7,
    0x80, 0x00, 0x00, 0x1F, 0x00, 0x00, 0x00, 0xBC, 0x00, 0x00, 0x02, 0xF0, 0x00, 0x00, 0x2F, 0x40,
    0x00, 0x01, 0xF4, 0x00, 0x15, 0x55, 0x01, 0x55, 0x53, 0xFF, 0xF4, 0xFF, 0xFE, 0x2F, 0xFD, 0x0B,
    0xFF, 0x80, 0xBF, 0x00, 0x1F, 0xD0, 0x0F, 0xF0, 0x02, 0xFC, 0x00, 0xFE, 0x00, 0x3F, 0xC0, 0x0F,
    0xE1, 0xC3, 0xF8, 0x00, 0xFE, 0x2C, 0x7F, 0x80, 0x0F, 0xF3, 0xC7, 0xF4, 0x00, 0xFF, 0xFF, 0xFF,
    0x00, 0x03, 0xFF, 0xFF, 0xF0, 0x00, 0x06, 0xF9, 0xFE, 0x00, 0x00, 0x0B, 0x1F, 0xD0, 0x00, 0x00,
    0xF2, 0xFD, 0x00, 0x00, 0x04, 0x2F, 0xC0, 0x00, 0x00, 0x03, 0xFC, 0x00, 0x00, 0x03, 0xFF, 0xF8,
    0x00, 0x00, 0xBF, 0xFF, 0x40, 0x00, 0x00, 0x00, 0x00, 0x7F, 0xD0, 0x1F, 0xC3, 0xFF, 0x00, 0xFE,
    0x00, 0xFC, 0x03, 0xF4, 0x03, 0xF0, 0x1F, 0xC0, 0x1F, 0x88, 0x7F, 0x00, 0x7E, 0x72, 0xF8, 0x01,
    0xFE, 0xEF, 0xD0, 0x03, 0xFF, 0xFF, 0x00, 0x01, 0xB9, 0xFC, 0x00, 0x00, 0xDB, 0xF1, 0x00, 0x02,
    0x2F, 0xFD, 0x00, 0x00, 0xFF, 0xF0, 0x00, 0x01, 0xFE, 0x00, 0x00, 0x00, 0x00, 0x00, 0x00, 0x55,
    0x54, 0x00, 0x00, 0x1F, 0xFF, 0xD0, 0x00, 0x00, 0xBF, 0xF8, 0x00, 0x00, 0x02, 0xFC, 0x00, 0x00,
    0x00, 0x3F, 0xC0, 0x00, 0x00, 0x03, 0xF8, 0x00, 0x00, 0x00, 0x3F, 0x40, 0x00, 0x00, 0x07, 0xFB,
    0xFF, 0x80, 0x00, 0xBF, 0xFF, 0xFE, 0x00, 0x0F, 0xF9, 0x6F, 0xF0, 0x00, 0xFE, 0x00, 0xBF, 0x40,
    0x1F, 0xD0, 0x07, 0xF0, 0x02, 0xFC, 0x00, 0xBF, 0x00, 0x2F, 0xC0, 0x0F, 0xF0, 0x03, 0xF8, 0x00,
    0xFE, 0x00, 0x7F, 0x80, 0x1F, 0xE0, 0x7F, 0xFF, 0x0F, 0xFF, 0xCB, 0xFF, 0xF2, 0xFF, 0xFC, 0x00,
    0x14, 0x00, 0x00, 0x2F, 0xF8, 0x00, 0x01, 0xFF, 0xE0, 0x00, 0x00, 0x3F, 0x80, 0x00, 0x00, 0xFD,
    0x00, 0x00, 0x07, 0xF0, 0x00, 0x00, 0x2F, 0x80, 0x40, 0x00, 0xFD, 0x2F, 0xE0, 0x03, 0xF3, 0xFF,
    0xC0, 0x1F, 0xEE, 0xBF, 0x00, 0x7F, 0xE1, 0xFC, 0x02, 0xFE, 0x0B, 0xF0, 0x0F, 0xF0, 0x3F, 0x80,
    0x3F, 0x80, 0xFC, 0x01, 0xFC, 0x07, 0xF0, 0x0B, 0xF0, 0x2F, 0x80, 0x3F, 0x80, 0xFD, 0x20, 0xFD,
    0x03, 0xFF, 0xC7, 0xF0, 0x0F, 0xFE, 0x2F, 0xC0, 0x2F, 0xD0, 0x00, 0x00, 0x00, 0x00, 0x00, 0x00,
    0x00, 0x6E, 0x80, 0x00, 0x00, 0x0F, 0xFF, 0xF4, 0x00, 0x00, 0x7F, 0xFF, 0xFC, 0x06, 0x81, 0xFE,
    0x02, 0xFE, 0x2F, 0x07, 0xF8, 0x00, 0xFF, 0x3E, 0x0F, 0xF0, 0x00, 0xFE, 0x3E, 0x1F, 0xD0, 0x00,
    0xFE, 0x3F, 0x7F, 0xC0, 0x01, 0xFD, 0x1F, 0xFF, 0xFF, 0xFF, 0xFC, 0x07, 0xFF, 0xFF, 0xFF, 0xF8,
    0x00, 0x7F, 0x40, 0x00, 0x00, 0x00, 0x7F, 0x40, 0x00, 0x00, 0x00, 0x7F, 0x80, 0x00, 0x00, 0x00,
    0x7F, 0xC0, 0x00, 0x70, 0x00, 0x3F, 0xE0, 0x03, 0xF0, 0x00, 0x2F, 0xFE, 0xBF, 0xE0, 0x00, 0x0F,
    0xFF, 0xFF, 0x80, 0x00, 0x02, 0xFF, 0xF8, 0x00, 0x00, 0x00, 0x00, 0x00, 0x00, 0x00, 0x00, 0x05,
    0x00, 0x00, 0x02, 0xFF, 0x80, 0x00, 0x3F, 0xFF, 0x00, 0x03, 0xF0, 0xFD, 0x18, 0x3F, 0x03, 0xF1,
    0xF1, 0xF8, 0x1F, 0x8B, 0x8B, 0xC2, 0xF8, 0x1F, 0x7F, 0xBF, 0x80, 0x3F, 0xFF, 0xE0, 0x00, 0x1F,
    0xF4, 0x01, 0x00, 0x0F, 0xC0, 0x2D, 0x00, 0x3F, 0xEB, 0xF4, 0x00, 0xBF, 0xFF, 0x40, 0x00, 0xBF,
    0xE0, 0x00, 0x00, 0x00, 0x00, 0x00, 0x00, 0x00, 0x00, 0x6E, 0x80, 0x00, 0x00, 0x0F, 0xFF, 0xF4,
    0x00, 0x00, 0x7F, 0xFF, 0xFC, 0x06, 0x81, 0xFE, 0x02, 0xFE, 0x2F, 0x07, 0xF8, 0x00, 0xFF, 0x3E,
    0x0F, 0xF0, 0x00, 0xFE, 0x3E, 0x1F, 0xD0, 0x00, 0xFE, 0x3F, 0x7F, 0xC0, 0x01, 0xFD, 0x1F, 0xFF,
    0xFF, 0xFF, 0xFC, 0x07, 0xFF, 0xFF, 0xFF, 0xF8, 0x00, 0x7F, 0x40, 0x00, 0x00, 0x00, 0x7F, 0x40,
    0x00, 0x00, 0x00, 0x7F, 0x80, 0x00, 0x00, 0x00, 0x7F, 0xC0, 0x00, 0x70, 0x00, 0x3F, 0xE0, 0x03,
    0xF0, 0x00, 0x2F, 0xFE, 0xBF, 0xE0, 0x00, 0x0F, 0xFF, 0xFF, 0x80, 0x00, 0x02, 0xFF, 0xF8, 0x00,
    0x00, 0x00, 0x3F, 0x40, 0x00, 0x00, 0x00, 0x3F, 0x00, 0x00, 0x00, 0x00, 0x3D, 0x00, 0x00, 0x00,
    0x00, 0x3C, 0x00, 0x00, 0x00, 0x00, 0x3C, 0x00, 0x00, 0x00, 0x00, 0x10, 0x00, 0x00, 0x00, 0x00,
    0x05, 0x00, 0x00, 0x02, 0xFF, 0x80, 0x00, 0x3F, 0xFF, 0x00, 0x03, 0xF0, 0xFD, 0x18, 0x3F, 0x03,
    0xF1, 0xF1, 0xF8, 0x1F, 0x8B, 0x8B, 0xC2, 0xF8, 0x1F, 0x7F, 0xBF, 0x80, 0x3F, 0xFF, 0xE0, 0x00,
    0x1F, 0xF4, 0x01, 0x00, 0x0F, 0xC0, 0x2D, 0x00, 0x3F, 0xEB, 0xF4, 0x00, 0xBF, 0xFF, 0x40, 0x00,
    0xBF, 0xE0, 0x00, 0x00, 0x3D, 0x00, 0x00, 0x00, 0xF0, 0x00, 0x00, 0x03, 0xC0, 0x00, 0x00, 0x0E,
    0x00, 0x00, 0x00, 0x34, 0x00, 0x00, 0x00, 0x55, 0x55, 0x01, 0xFF, 0xFE, 0x00, 0xBF, 0xF8, 0x00,
    0x2F, 0xC0, 0x00, 0x3F, 0xC0, 0x00, 0x3F, 0x80, 0x00, 0x3F, 0x80, 0x00, 0x7F, 0x40, 0x00, 0xBF,
    0x00, 0x00, 0xFF, 0x00, 0x00, 0xFE, 0x00, 0x01, 0xFD, 0x00, 0x02, 0xFD, 0x00, 0x02, 0xFC, 0x00,
    0x03, 0xFC, 0x00, 0x07, 0xF8, 0x00, 0x7F, 0xFF, 0x40, 0xBF, 0xFF, 0x40, 0x00, 0x00, 0x00, 0x00,
    0x00, 0x40, 0x00, 0x00, 0x00, 0x00, 0x06, 0x00, 0x34, 0x00, 0x00, 0x00, 0x00, 0x03, 0xE0, 0x3C,
    0x00, 0x00, 0x00, 0x00, 0x00, 0xFE, 0xBE, 0x00, 0x00, 0x00, 0x00, 0x00, 0x2F, 0xFE, 0x00, 0x00,
    0x00, 0x00, 0x00, 0x00, 0x54, 0x00, 0x00, 0x00, 0x00, 0x00, 0x00, 0x00, 0x00, 0x00, 0x00, 0x00,
    0x29, 0x00, 0x15, 0x54, 0x01, 0xA4, 0x00, 0x3F, 0xD0, 0x3F, 0xFF, 0x02, 0xFF, 0x00, 0x0F, 0xFC,
    0x0B, 0xFE, 0x02, 0xFF, 0xC0, 0x02, 0x5F, 0x80, 0xBE, 0x01, 0xFD, 0xA0, 0x00, 0x02, 0xF0, 0x2F,
    0x40, 0xF8, 0x00, 0x00, 0x00, 0x3D, 0x0F, 0xD0, 0xFC, 0x00, 0x00, 0x00, 0x0F, 0x83, 0xF0, 0xBC,
    0x00, 0x00, 0x00, 0x02, 0xF1, 0xFC, 0x3D, 0x00, 0x00, 0x00, 0x00, 0xBF, 0xFF, 0xFE, 0x00, 0x00,
    0x00, 0x00, 0xBF, 0xFF, 0xFF, 0xC0, 0x00, 0x00, 0x00, 0x7F, 0x4F, 0xC3, 0xF4, 0x00, 0x00, 0x00,
    0x3F, 0x83, 0xF0, 0xBE, 0x00, 0x00, 0x00, 0x3F, 0xC1, 0xFC, 0x1F, 0xC0, 0x00, 0x00, 0x3F, 0xD0,
    0xBE, 0x03, 0xF8, 0x00, 0x00, 0x3F, 0xE0, 0x3F, 0x40, 0xBF, 0x40, 0x00, 0x7F, 0xE0, 0x0F, 0xD0,
    0x0F, 0xF0, 0x00, 0xBF, 0xF0, 0x2F, 0xFE, 0x02, 0xFF, 0x00, 0x1F, 0xE0, 0x0F, 0xFF, 0x80, 0x2F,
    0xD0, 0x00, 0x00, 0x00, 0x00, 0x00, 0x00, 0x00, 0x00, 0x00, 0x00, 0x00, 0x00, 0x10, 0x00, 0x00,
    0x00, 0x2C, 0x02, 0xC0, 0x00, 0x00, 0x01, 0xF4, 0x1E, 0x00, 0x00, 0x00, 0x07, 0xFF, 0xF0, 0x00,
    0x00, 0x00, 0x0B, 0xFE, 0x00, 0x00, 0x00, 0x00, 0x00, 0x00, 0x00, 0x00, 0x01, 0x40, 0x01, 0x00,
    0x14, 0x00, 0x7F, 0xC0, 0x7C, 0x07, 0xFC, 0x0B, 0xFF, 0xC3, 0xF0, 0x7F, 0xF4, 0x3E, 0xFF, 0x0F,
    0x83, 0xF6, 0xC0, 0xD0, 0xFC, 0xBD, 0x3E, 0x00, 0x00, 0x02, 0xF7, 0xF2, 0xF0, 0x00, 0x00, 0x0B,
    0xFF, 0xDF, 0x80, 0x00, 0x00, 0x3F, 0xFF, 0xFD, 0x00, 0x00, 0x00, 0xFD, 0xFF, 0xF0, 0x00, 0x00,
    0x07, 0xCB, 0xFB, 0xC0, 0x00, 0x00, 0x3D, 0x3F, 0x2F, 0x82, 0xC1, 0xEB, 0xE0, 0xF8, 0x7F, 0xFF,
    0x0F, 0xFF, 0x03, 0xD0, 0xFF, 0xF0, 0x2F, 0xE0, 0x1F, 0x02, 0xFE, 0x00, 0x00, 0x00, 0x00, 0x00,
    0x00, 0x00, 0x00, 0x55, 0x54, 0x00, 0xA8, 0x01, 0xFF, 0xFD, 0x07, 0xFE, 0x00, 0xBF, 0xF4, 0x0F,
    0xFD, 0x00, 0x2F, 0xC0, 0x3F, 0x6C, 0x00, 0x3F, 0xC0, 0xFC, 0x00, 0x00, 0x3F, 0x81, 0xF4, 0x00,
    0x00, 0x7F, 0x43, 0xE0, 0x00, 0x00, 0xBF, 0x0F, 0xC0, 0x00, 0x00, 0xBF, 0xFF, 0xD0, 0x00, 0x00,
    0xFF, 0xFF, 0xF8, 0x00, 0x00, 0xFE, 0x07, 0xFD, 0x00, 0x01, 0xFD, 0x01, 0xFF, 0x00, 0x02, 0xFC,
    0x00, 0xFF, 0x00, 0x03, 0xFC, 0x00, 0xBF, 0x00, 0x03, 0xF8, 0x00, 0xBF, 0x00, 0x07, 0xF8, 0x00,
    0xBF, 0x00, 0x7F, 0xFF, 0x00, 0xFE, 0x00, 0xBF, 0xFF, 0x00, 0xFD, 0x00, 0x00, 0x00, 0x02, 0xFC,
    0x00, 0x00, 0x04, 0x07, 0xF4, 0x00, 0x00, 0x2E, 0x6F, 0xE0, 0x00, 0x00, 0x3F, 0xFF, 0x80, 0x00,
    0x00, 0x1F, 0xF8, 0x00, 0x00, 0x00, 0x00, 0x00, 0x00, 0x00, 0x00, 0x00, 0x00, 0x41, 0xFF, 0x80,
    0xBE, 0x3F, 0xF8, 0x2F, 0xF0, 0x3F, 0x87, 0xE9, 0x03, 0xF4, 0xF8, 0x00, 0x3F, 0x1F, 0x00, 0x07,
    0xF3, 0xD0, 0x00, 0xBF, 0xFF, 0x40, 0x0F, 0xFF, 0xFD, 0x00, 0xFD, 0x0B, 0xF0, 0x1F, 0xC0, 0x3F,
    0x41, 0xFC, 0x03, 0xF4, 0x2F, 0x80, 0x3F, 0x43, 0xF4, 0x03, 0xF0, 0x00, 0x00, 0x3F, 0x00, 0x00,
    0x07, 0xE0, 0x01, 0x40, 0xFC, 0x00, 0x3E, 0xBF, 0x40, 0x07, 0xFF, 0xD0, 0x00, 0x1F, 0xE0, 0x00,
    0x00, 0x01, 0x55, 0x55, 0x55, 0x40, 0x00, 0x3F, 0xFF, 0xFF, 0xFC, 0x00, 0x02, 0xFF, 0xFF, 0xFE,
    0x00, 0x00, 0x03, 0xE0, 0x3F, 0x80, 0x00, 0x00, 0x7D, 0x07, 0xF4, 0x00, 0x00, 0x0B, 0xC0, 0xBF,
    0x00, 0x00, 0x00, 0xFC, 0x0F, 0xF0, 0x00, 0x00, 0x0F, 0x40, 0xFE, 0x00, 0x00, 0x01, 0xF0, 0x1F,
    0xD0, 0x00, 0x00, 0x3F, 0x02, 0xFC, 0x00, 0x00, 0x07, 0xD0, 0x2F, 0xC0, 0x00, 0x00, 0xBC, 0x03,
    0xFC, 0x00, 0x00, 0x0F, 0x80, 0x3F, 0x80, 0x00, 0x03, 0xF0, 0x07, 0xF4, 0x00, 0x14, 0xBD, 0x00,
    0xBF, 0x00, 0x03, 0xFF, 0xC0, 0x0F, 0xF0, 0x00, 0x3F, 0xF0, 0x0F, 0xFF, 0xF0, 0x03, 0xF8, 0x02,
    0xFF, 0xFF, 0x00, 0x00, 0x00, 0x00, 0x07, 0xE0, 0x00, 0x00, 0x00, 0x00, 0xFC, 0x00, 0x00, 0x00,
    0x00, 0x2F, 0x40, 0x00, 0x00, 0x00, 0x07, 0xD0, 0x00, 0x00, 0x00, 0x00, 0xB4, 0x00, 0x00, 0x00,
    0x00, 0x00, 0x00, 0x00, 0x00, 0x00, 0x01, 0x50, 0x00, 0x00, 0x0F, 0xFF, 0x80, 0x00, 0x0F, 0xFF,
    0xC0, 0x00, 0x0F, 0xC7, 0xF0, 0x00, 0x07, 0xC2, 0xF8, 0x00, 0x03, 0xE0, 0xFC, 0x00, 0x00, 0xF4,
    0x3F, 0x00, 0x00, 0xBC, 0x2F, 0x80, 0x00, 0x3E, 0x0F, 0xD0, 0x00, 0x1F, 0x43, 0xF0, 0x01, 0x0F,
    0xC1, 0xFC, 0xB0, 0xFF, 0xD0, 0x7F, 0xFC, 0x3F, 0xE0, 0x2F, 0xFF, 0x0F, 0xE0, 0x07, 0xFF, 0x80,
    0x00, 0x00, 0x03, 0xC0, 0x00, 0x00, 0x02, 0xE0, 0x00, 0x00, 0x01, 0xF0, 0x00, 0x00, 0x00, 0xF0,
    0x00, 0x00, 0x00, 0x10, 0x00, 0x00, 0x55, 0x54, 0x05, 0x55, 0x50, 0x1F, 0xFF, 0xD0, 0xFF, 0xFE,
    0x00, 0xBF, 0xF4, 0x0B, 0xFF, 0x80, 0x02, 0xFC, 0x00, 0x1F, 0xD0, 0x00, 0x3F, 0xC0, 0x02, 0xFC,
    0x00, 0x03, 0xF8, 0x00, 0x3F, 0xC0, 0x00, 0x7F, 0x40, 0x03, 0xF8, 0x00, 0x0B, 0xF4, 0x00, 0x7F,
    0x40, 0x00, 0xBF, 0xFF, 0xFF, 0xF4, 0x00, 0x0F, 0xFF, 0xFF, 0xFF, 0x00, 0x00, 0xFE, 0x55, 0x5F,
    0xF0, 0x00, 0x1F, 0xD0, 0x00, 0xFE, 0x00, 0x02, 0xFC, 0x00, 0x1F, 0xD0, 0x00, 0x3F, 0xC0, 0x02,
    0xFC, 0x00, 0x03, 0xFC, 0x00, 0x3F, 0xC0, 0x00, 0x7F, 0x80, 0x03, 0xFC, 0x00, 0x7F, 0xFF, 0x40,
    0x3F, 0x80, 0x0B, 0xFF, 0xF0, 0x07, 0xF4, 0x00, 0x00, 0x00, 0x00, 0xFF, 0x00, 0x00, 0x00, 0x00,
    0x0F, 0xD0, 0x00, 0x00, 0x03, 0xD7, 0xFC, 0x00, 0x00, 0x00, 0x7F, 0xFF, 0x00, 0x00, 0x00, 0x02,
    0xFF, 0x80, 0x00, 0x00, 0x00, 0x00, 0x00, 0x00, 0x00, 0x00, 0x10, 0x00, 0x00, 0x7F, 0xE0, 0x0F,
    0xC3, 0xFF, 0xC0, 0x7F, 0x00, 0xFE, 0x02, 0xFC, 0x03, 0xF4, 0x0F, 0xE0, 0x0F, 0xC0, 0x3F, 0x40,
    0x7F, 0xFF, 0xFC, 0x02, 0xFF, 0xFF, 0xF0, 0x0F, 0xE5, 0x7F, 0x80, 0x3F, 0x40, 0xFE, 0x01, 0xFC,
    0x03, 0xF4, 0x07, 0xF0, 0x1F, 0xC0, 0x2F, 0x80, 0xBF, 0x00, 0xFD, 0x02, 0xF8, 0x00, 0x00, 0x0F,
    0xD0, 0x00, 0x00, 0x3F, 0x00, 0x01, 0x42, 0xF4, 0x00, 0x1F, 0xAF, 0xC0, 0x00, 0x7F, 0xFC, 0x00,
    0x00, 0x6F, 0x80, 0x00, 0x00, 0x55, 0x54, 0x05, 0x55, 0x50, 0x1F, 0xFF, 0xD0, 0xFF, 0xFE, 0x00,
    0xBF, 0xF4, 0x0B, 0xFF, 0x80, 0x02, 0xFC, 0x00, 0x1F, 0xD0, 0x00, 0x3F, 0xC0, 0x02, 0xFC, 0x00,
    0x03, 0xF8, 0x00, 0x3F, 0xC0, 0x00, 0x7F, 0x40, 0x03, 0xF8, 0x00, 0x0B, 0xF4, 0x00, 0x7F, 0x40,
    0x00, 0xBF, 0xFF, 0xFF, 0xF0, 0x00, 0x0F, 0xFF, 0xFF, 0xFF, 0x00, 0x00, 0xFE, 0x55, 0x5F, 0xF0,
    0x00, 0x1F, 0xD0, 0x00, 0xFE, 0x00, 0x02, 0xFC, 0x00, 0x1F, 0xD0, 0x00, 0x3F, 0xC0, 0x02, 0xFC,
    0x00, 0x03, 0xFC, 0x00, 0x3F, 0xC0, 0x00, 0x7F, 0x80, 0x03, 0xFC, 0x00, 0x7F, 0xFF, 0x43, 0xFF,
    0xFC, 0x0B, 0xFF, 0xF0, 0x7F, 0xFF, 0xC0, 0x00, 0x00, 0x00, 0x02, 0xF4, 0x00, 0x00, 0x00, 0x00,
    0x3F, 0x00, 0x00, 0x00, 0x00, 0x0B, 0xC0, 0x00, 0x00, 0x00, 0x01, 0xF4, 0x00, 0x00, 0x00, 0x00,
    0x3C, 0x00, 0x00, 0x00, 0x00, 0x00, 0x00, 0x00, 0x00, 0x10, 0x00, 0x00, 0x1F, 0xF8, 0x03, 0xF0,
    0x3F, 0xFC, 0x07, 0xF0, 0x03, 0xF8, 0x0B, 0xF0, 0x03, 0xF4, 0x0F, 0xE0, 0x03, 0xF0, 0x0F, 0xD0,
    0x07, 0xFF, 0xFF, 0xC0, 0x0B, 0xFF, 0xFF, 0xC0, 0x0F, 0xE5, 0x7F, 0x80, 0x0F, 0xD0, 0x3F, 0x40,
    0x1F, 0xC0, 0x3F, 0x2C, 0x1F, 0xC0, 0x7F, 0xFC, 0x2F, 0x80, 0x7F, 0xFC, 0x3F, 0x40, 0x3F, 0xF8,
    0x00, 0x00, 0x00, 0xF0, 0x00, 0x00, 0x02, 0xE0, 0x00, 0x00, 0x07, 0xC0, 0x00, 0x00, 0x0F, 0x00,
    0x00, 0x00, 0x04, 0x00, 0x15, 0x55, 0x05, 0x55, 0x43, 0xFF, 0xF4, 0xFF, 0xFE, 0x2F, 0xFD, 0x0B,
    0xFF, 0x80, 0xBF, 0x00, 0x2F, 0xC0, 0x0F, 0xF0, 0x03, 0xFC, 0x00, 0xFE, 0x00, 0x3F, 0x80, 0x0F,
    0xE0, 0x07, 0xF8, 0x00, 0xFE, 0x00, 0x7F, 0x40, 0x0F, 0xF4, 0x0B, 0xF0, 0x00, 0xFF, 0xFF, 0xFF,
    0x00, 0x03, 0xFF, 0xFF, 0xE0, 0x00, 0x05, 0xA5, 0xFD, 0x00, 0x00, 0x00, 0x2F, 0xC0, 0x00, 0x00,
    0x03, 0xFC, 0x00, 0x00, 0x00, 0x3F, 0xC0, 0x00, 0x00, 0x07, 0xF8, 0x00, 0x00, 0x0B, 0xFF, 0xF4,
    0x00, 0x00, 0xFF, 0xFF, 0x00, 0x00, 0x0F, 0xC0, 0x00, 0x00, 0x01, 0xF8, 0x00, 0x00, 0x00, 0x1F,
    0x00, 0x00, 0x00, 0x01, 0xF0, 0x00, 0x00, 0x00, 0x0D, 0x00, 0x00, 0x00, 0x00, 0x00, 0x00, 0x00,
    0x00, 0x00, 0x00, 0x01, 0xFF, 0x40, 0xBE, 0x3F, 0xF4, 0x0F, 0xD0, 0x3F, 0x01, 0xFC, 0x03, 0xF0,
    0x2F, 0xC0, 0x7E, 0x03, 0xF8, 0x07, 0xE0, 0x7F, 0x40, 0x7F, 0xBF, 0xF0, 0x03, 0xFF, 0xFF, 0x00,
    0x06, 0x4B, 0xF0, 0x00, 0x00, 0xFE, 0x00, 0x00, 0x0F, 0xD0, 0x00, 0x07, 0xFC, 0x00, 0x02, 0xFF,
    0xC0, 0x00, 0x3F, 0x40, 0x00, 0x03, 0xE0, 0x00, 0x00, 0x3D, 0x00, 0x00, 0x03, 0xC0, 0x00, 0x00,
    0x38, 0x00, 0x00, 0x00, 0x05, 0x55, 0x00, 0x05, 0x55, 0x00, 0x0B, 0xFF, 0xC0, 0x03, 0xFF, 0xC0,
    0x01, 0xFF, 0xF0, 0x02, 0xFF, 0x80, 0x00, 0x1F, 0xFC, 0x00, 0xFF, 0xC0, 0x00, 0x0B, 0xFF, 0x00,
    0xFF, 0xF0, 0x00, 0x03, 0xEF, 0xD0, 0x7E, 0xFC, 0x00, 0x00, 0xF7, 0xF4, 0x3E, 0x7F, 0x00, 0x00,
    0xBC, 0xBE, 0x1F, 0x2F, 0x80, 0x00, 0x3F, 0x2F, 0x8F, 0x8B, 0xE0, 0x00, 0x0F, 0x87, 0xF7, 0xC2,
    0xF8, 0x00, 0x07, 0xC0, 0xFF, 0xD0, 0xFE, 0x00, 0x03, 0xF0, 0x3F, 0xF0, 0x3F, 0x80, 0x00, 0xF8,
    0x0F, 0xF4, 0x0F, 0xD0, 0x00, 0x7D, 0x02, 0xFC, 0x03, 0xF4, 0x00, 0x2F, 0x00, 0x7D, 0x00, 0xFD,
    0x00, 0x0F, 0xC0, 0x1E, 0x00, 0x7F, 0x40, 0x2F, 0xFD, 0x00, 0x01, 0xFF, 0xFE, 0x1F, 0xFF, 0x40,
    0x00, 0xFF, 0xFF, 0x40, 0x00, 0x00, 0x00, 0x00, 0x0F, 0xC0, 0x00, 0x00, 0x00, 0x00, 0x07, 0xD0,
    0x00, 0x00, 0x00, 0x00, 0x03, 0xE0, 0x00, 0x00, 0x00, 0x00, 0x03, 0xF0, 0x00, 0x00, 0x00, 0x00,
    0x00, 0xE0, 0x00, 0x00, 0x00, 0x00, 0x00, 0x00, 0x00, 0x00, 0x01, 0x00, 0x00, 0x40, 0x00, 0x2F,
    0xFC, 0x01, 0xFF, 0x40, 0x1F, 0xFF, 0x40, 0xFF, 0xC0, 0x00, 0xBF, 0xE0, 0xBF, 0xE0, 0x00, 0x2E,
    0xFC, 0x3D, 0xF4, 0x00, 0x0F, 0x6F, 0x2D, 0xBC, 0x00, 0x03, 0xCB, 0xDF, 0x2F, 0x00, 0x01, 0xF1,
    0xFF, 0x4F, 0xC0, 0x00, 0xBC, 0x7F, 0xC3, 0xE0, 0x00, 0x3E, 0x1F, 0xE1, 0xF8, 0x00, 0x0F, 0x07,
    0xF0, 0x7D, 0x74, 0xFF, 0xC1, 0xF8, 0x2F, 0xFD, 0x3F, 0xD0, 0x3D, 0x0B, 0xFF, 0x0F, 0xD0, 0x09,
    0x01, 0xFF, 0xC0, 0x00, 0x00, 0x00, 0x03, 0xD0, 0x00, 0x00, 0x00, 0x01, 0xF0, 0x00, 0x00, 0x00,
    0x00, 0xF4, 0x00, 0x00, 0x00, 0x00, 0xB4, 0x00, 0x00, 0x00, 0x00, 0x14, 0x00, 0x00, 0x15, 0x54,
    0x00, 0xFF, 0xFE, 0x00, 0xBF, 0xF8, 0x00, 0x1F, 0xC0, 0x00, 0x1F, 0xC0, 0x00, 0x2F, 0x80, 0x00,
    0x3F, 0x40, 0x00, 0x3F, 0x40, 0x00, 0x7F, 0x00, 0x00, 0x7F, 0x00, 0x00, 0xBE, 0x00, 0x00, 0xFD,
    0x00, 0x00, 0xFD, 0x00, 0x01, 0xFC, 0x00, 0x02, 0xFC, 0x00, 0x02, 0xF8, 0x00, 0x03, 0xF4, 0x00,
    0x03, 0xF4, 0x00, 0x3F, 0xFF, 0x00, 0xBF, 0xFF, 0x00, 0x00, 0x00, 0x00, 0x00, 0x40, 0x00, 0x00,
    0x19, 0x00, 0xD0, 0x00, 0x00, 0x3E, 0x02, 0xD0, 0x00, 0x00, 0x3F, 0xAF, 0xC0, 0x00, 0x00, 0x1F,
    0xFE, 0x00, 0x00, 0x00, 0x01, 0x50, 0x00, 0x00, 0x00, 0x00, 0x00, 0x00, 0x00, 0x00, 0x00, 0x68,
    0x00, 0x00, 0x00, 0x02, 0xFC, 0x00, 0x00, 0x00, 0x07, 0xFC, 0x00, 0x00, 0x00, 0x0F, 0xFD, 0x00,
    0x00, 0x00, 0x2F, 0xFD, 0x00, 0x00, 0x00, 0x3E, 0xBE, 0x00, 0x00, 0x00, 0xFC, 0x7F, 0x00, 0x00,
    0x01, 0xF4, 0x7F, 0x00, 0x00, 0x03, 0xF0, 0x3F, 0x00, 0x00, 0x0B, 0xD0, 0x3F, 0x40, 0x00, 0x0F,
    0xC0, 0x3F, 0x80, 0x00, 0x2F, 0xFF, 0xFF, 0xC0, 0x00, 0x7F, 0xFF, 0xFF, 0xC0, 0x00, 0xFD, 0x00,
    0x2F, 0xC0, 0x02, 0xF8, 0x00, 0x1F, 0xD0, 0x03, 0xF0, 0x00, 0x1F, 0xE0, 0x2F, 0xFD, 0x00, 0xFF,
    0xFD, 0x7F, 0xFE, 0x02, 0xFF, 0xFD, 0x00, 0x00, 0x00, 0x40, 0x00, 0x78, 0x03, 0x40, 0x03, 0xF0,
    0x3C, 0x00, 0x0B, 0xFF, 0xD0, 0x00, 0x0F, 0xFD, 0x00, 0x00, 0x00, 0x00, 0x00, 0x00, 0x10, 0x00,
    0x00, 0x0F, 0xF9, 0xF8, 0x01, 0xFF, 0xFF, 0xD0, 0x0F, 0xE1, 0xFF, 0x00, 0xBF, 0x02, 0xF8, 0x03,
    0xF0, 0x0F, 0xD0, 0x2F, 0xC0, 0x3F, 0x00, 0xFE, 0x02, 0xFC, 0x03, 0xF4, 0x0F, 0xF0, 0x0F, 0xC0,
    0xBF, 0x80, 0x3F, 0x4B, 0xBE, 0x20, 0xFF, 0xBD, 0xFF, 0xD3, 0xFF, 0xC3, 0xFE, 0x07, 0xF8, 0x0F,
    0xE0, 0x00, 0x00, 0x00, 0x00, 0x00, 0x00, 0x00, 0x00, 0x00, 0x00, 0x00, 0x1F, 0x47, 0xC0, 0x00,
    0x00, 0x3F, 0x4F, 0xD0, 0x00, 0x00, 0x3F, 0x0F, 0xC0, 0x00, 0x00, 0x14, 0x05, 0x00, 0x00, 0x00,
    0x00, 0x00, 0x00, 0x00, 0x00, 0x00, 0x68, 0x00, 0x00, 0x00, 0x02, 0xFC, 0x00, 0x00, 0x00, 0x07,
    0xFC, 0x00, 0x00, 0x00, 0x0F, 0xFD, 0x00, 0x00, 0x00, 0x2F, 0xFD, 0x00, 0x00, 0x00, 0x3E, 0xBE,
    0x00, 0x00, 0x00, 0xFC, 0x7F, 0x00, 0x00, 0x01, 0xF4, 0x7F, 0x00, 0x00, 0x03, 0xF0, 0x3F, 0x00,
    0x00, 0x0B, 0xD0, 0x3F, 0x40, 0x00, 0x0F, 0xC0, 0x3F, 0x80, 0x00, 0x2F, 0xFF, 0xFF, 0xC0, 0x00,
    0x7F, 0xFF, 0xFF, 0xC0, 0x00, 0xFD, 0x00, 0x2F, 0xC0, 0x02, 0xF8, 0x00, 0x1F, 0xD0, 0x03, 0xF0,
    0x00, 0x1F, 0xE0, 0x2F, 0xFD, 0x00, 0xFF, 0xFD, 0x7F, 0xFE, 0x02, 0xFF, 0xFD, 0x00, 0x00, 0x00,
    0x00, 0x00, 0x3D, 0x1F, 0x00, 0x03, 0xF8, 0xFD, 0x00, 0x0F, 0xC3, 0xF0, 0x00, 0x04, 0x01, 0x00,
    0x00, 0x00, 0x00, 0x00, 0x00, 0x10, 0x00, 0x00, 0x0F, 0xF9, 0xF8, 0x01, 0xFF, 0xFF, 0xD0, 0x0F,
    0xE1, 0xFF, 0x00, 0xBF, 0x02, 0xF8, 0x03, 0xF0, 0x0F, 0xD0, 0x2F, 0xC0, 0x3F, 0x00, 0xFE, 0x02,
    0xFC, 0x03, 0xF4, 0x0F, 0xF0, 0x0F, 0xC0, 0xBF, 0x80, 0x3F, 0x4B, 0xBE, 0x20, 0xFF, 0xBD, 0xFF,
    0xD3, 0xFF, 0xC3, 0xFE, 0x07, 0xF8, 0x0F, 0xE0, 0x00, 0x00, 0x00, 0x00, 0x00, 0x00, 0x01, 0x55,
    0x55, 0x55, 0x40, 0x00, 0x00, 0x3F, 0xFF, 0xFF, 0xFD, 0x00, 0x00, 0x00, 0x7F, 0xFF, 0xFF, 0xC0,
    0x00, 0x00, 0x07, 0xFF, 0x00, 0xBC, 0x00, 0x00, 0x01, 0xF7, 0xF0, 0x07, 0x80, 0x00, 0x00, 0x3E,
    0x7E, 0x00, 0x60, 0x00, 0x00, 0x0F, 0xCB, 0xD0, 0x00, 0x00, 0x00, 0x02, 0xF0, 0xFC, 0x00, 0x00,
    0x00, 0x00, 0xBD, 0x0F, 0xFF, 0xF4, 0x00, 0x00, 0x1F, 0x82, 0xFF, 0xFF, 0x00, 0x00, 0x03, 0xF0,
    0x3F, 0x95, 0x50, 0x00, 0x00, 0xFF, 0xFF, 0xF4, 0x00, 0x00, 0x00, 0x3F, 0xFF, 0xFF, 0x00, 0x04,
    0x00, 0x0B, 0xE0, 0x07, 0xF0, 0x03, 0xD0, 0x01, 0xFC, 0x00, 0xBE, 0x00, 0x7D, 0x00, 0x7F, 0x00,
    0x0F, 0xE5, 0x5F, 0xC0, 0x2F, 0xF8, 0x0F, 0xFF, 0xFF, 0xF8, 0x0B, 0xFF, 0xC1, 0xFF, 0xFF, 0xFF,
    0x40, 0x00, 0x01, 0x40, 0x01, 0x40, 0x00, 0x2F, 0xF9, 0x3F, 0xF4, 0x00, 0xFF, 0xFF, 0xFF, 0xFC,
    0x03, 0xF8, 0x1F, 0xE0, 0xFC, 0x0B, 0xF0, 0x1F, 0xC0, 0xFC, 0x0F, 0xC0, 0x3F, 0x42, 0xF4, 0x2F,
    0xC0, 0x3F, 0x0B, 0xE0, 0x3F, 0x80, 0xBF, 0xBF, 0x40, 0x3F, 0x40, 0xFF, 0xF8, 0x00, 0x3F, 0x03,
    0xFF, 0x40, 0x10, 0x3F, 0x4B, 0xFF, 0x00, 0xF0, 0x3F, 0xEF, 0x7F, 0xAB, 0xF0, 0x3F, 0xFC, 0x3F,
    0xFF, 0xC0, 0x0F, 0xE0, 0x0B, 0xFD, 0x00, 0x00, 0x00, 0x00, 0x00, 0x00, 0x00, 0x00, 0x00, 0x01,
    0x00, 0x00, 0x28, 0x02, 0xC0, 0x00, 0x2F, 0x01, 0xE0, 0x00, 0x0B, 0xFA, 0xF0, 0x00, 0x00, 0xFF,
    0xF0, 0x00, 0x00, 0x05, 0x50, 0x00, 0x00, 0x00, 0x00, 0x00, 0x01, 0x55, 0x55, 0x54, 0x01, 0xFF,
    0xFF, 0xFF, 0x40, 0x2F, 0xFF, 0xFF, 0xD0, 0x02, 0xFC, 0x01, 0xF0, 0x00, 0xFF, 0x00, 0x7C, 0x00,
    0x3F, 0x80, 0x1D, 0x00, 0x1F, 0xD0, 0x00, 0x00, 0x0B, 0xF0, 0x00, 0x00, 0x02, 0xFF, 0xFF, 0x80,
    0x00, 0xFF, 0xFF, 0xD0, 0x00, 0x3F, 0x95, 0x50, 0x00, 0x1F, 0xD0, 0x00, 0x00, 0x0B, 0xF0, 0x00,
    0x40, 0x03, 0xFC, 0x00, 0xB4, 0x00, 0xFE, 0x00, 0x3D, 0x00, 0x7F, 0x95, 0x7F, 0x01, 0xFF, 0xFF,
    0xFF, 0xC0, 0xBF, 0xFF, 0xFF, 0xD0, 0x00, 0x00, 0x00, 0x01, 0x00, 0x1E, 0x00, 0xD0, 0x0F, 0xC0,
    0xF0, 0x02, 0xFF, 0xF4, 0x00, 0x3F, 0xF4, 0x00, 0x00, 0x00, 0x00, 0x00, 0x04, 0x00, 0x00, 0xBF,
    0xE0, 0x00, 0xFF, 0xFC, 0x00, 0xFC, 0x3F, 0x40, 0xFC, 0x0F, 0xC0, 0x7E, 0x07, 0xE0, 0x2F, 0x0B,
    0xE0, 0x0F, 0xEF, 0xE0, 0x03, 0xFF, 0x80, 0x01, 0xFD, 0x00, 0x40, 0x3F, 0x00, 0xB4, 0x0F, 0xFA,
    0xFD, 0x02, 0xFF, 0xFD, 0x00, 0x2F, 0xF8, 0x00, 0x00, 0x00, 0x00, 0x00, 0x00, 0x06, 0xA9, 0x00,
    0x00, 0xBF, 0xFF, 0xD0, 0x02, 0xFF, 0xFF, 0xF4, 0x07, 0xE0, 0x0B, 0xFC, 0x07, 0x80, 0x02, 0xFD,
    0x00, 0x00, 0x01, 0xFE, 0x00, 0x00, 0x00, 0xFF, 0x00, 0x00, 0x00, 0xFF, 0x05, 0x55, 0x55, 0xFF,
    0x2F, 0xFF, 0xFF, 0xFE, 0x3F, 0xFF, 0xFF, 0xFD, 0x7F, 0x40, 0x03, 0xFC, 0xBF, 0x00, 0x03, 0xF8,
    0xBF, 0x00, 0x0F, 0xF0, 0xBF, 0x40, 0x2F, 0xD0, 0x7F, 0xE6, 0xFF, 0x80, 0x2F, 0xFF, 0xFD, 0x00,
    0x0B, 0xFF, 0xD0, 0x00, 0x00, 0x00, 0x00, 0x00, 0x00, 0x05, 0x00, 0x01, 0xFF, 0xE0, 0x07, 0xFF,
    0xF8, 0x1F, 0x81, 0xFC, 0x1D, 0x00, 0xFD, 0x00, 0x02, 0xFD, 0x00, 0x7F, 0xFD, 0x03, 0xF9, 0xFC,
    0x0F, 0xD0, 0xFC, 0x3F, 0x02, 0xF8, 0x7E, 0x03, 0xF0, 0x7E, 0x1F, 0xD0, 0x3F, 0xFF, 0x40, 0x1F,
    0xF8, 0x00, 0x00, 0x00, 0x00, 0x00, 0x00, 0x00, 0x00, 0x00, 0x0B, 0xC2, 0xF0, 0x00, 0x1F, 0xC7,
    0xF0, 0x00, 0x1F, 0xC7, 0xE0, 0x00, 0x05, 0x01, 0x40, 0x00, 0x00, 0x00, 0x00, 0x00, 0x06, 0xA9,
    0x00, 0x00, 0xBF, 0xFF, 0xD0, 0x02, 0xFF, 0xFF, 0xF4, 0x07, 0xE0, 0x0B, 0xFC, 0x07, 0x80, 0x02,
    0xFD, 0x00, 0x00, 0x01, 0xFE, 0x00, 0x00, 0x00, 0xFF, 0x00, 0x00, 0x00, 0xFF, 0x05, 0x55, 0x55,
    0xFF, 0x2F, 0xFF, 0xFF, 0xFE, 0x3F, 0xFF, 0xFF, 0xFD, 0x7F, 0x40, 0x03, 0xFC, 0xBF, 0x00, 0x03,
    0xF8, 0xBF, 0x00, 0x0F, 0xF0, 0xBF, 0x40, 0x2F, 0xD0, 0x7F, 0xE6, 0xFF, 0x80, 0x2F, 0xFF, 0xFD,
    0x00, 0x0B, 0xFF, 0xD0, 0x00, 0x00, 0x00, 0x00, 0x00, 0x00, 0x00, 0x00, 0x00, 0xF4, 0x7D, 0x02,
    0xF8, 0xFD, 0x02, 0xF4, 0xFC, 0x00, 0x40, 0x10, 0x00, 0x00, 0x00, 0x00, 0x05, 0x00, 0x01, 0xFF,
    0xE0, 0x07, 0xFF, 0xF8, 0x1F, 0x81, 0xFC, 0x1D, 0x00, 0xFD, 0x00, 0x02, 0xFD, 0x00, 0x7F, 0xFD,
    0x03, 0xF9, 0xFC, 0x0F, 0xD0, 0xFC, 0x3F, 0x02, 0xF8, 0x7E, 0x03, 0xF0, 0x7E, 0x1F, 0xD0, 0x3F,
    0xFF, 0x40, 0x1F, 0xF8, 0x00, 0x00, 0x00, 0x00, 0x00, 0x00, 0x00, 0x00, 0x00, 0x00, 0x00, 0x00,
    0x00, 0x00, 0x7D, 0x1F, 0x00, 0x00, 0x00, 0x00, 0x00, 0xFD, 0x3F, 0x40, 0x00, 0x00, 0x00, 0x00,
    0xFC, 0x3F, 0x00, 0x00, 0x00, 0x00, 0x00, 0x50, 0x14, 0x00, 0x00, 0x00, 0x00, 0x00, 0x00, 0x00,
    0x00, 0x00, 0x00, 0x29, 0x00, 0x15, 0x54, 0x01, 0xA4, 0x00, 0xFF, 0x80, 0xFF, 0xFC, 0x0B, 0xFC,
    0x00, 0xFF, 0xC0, 0x7F, 0xE0, 0x2F, 0xFC, 0x00, 0xA7, 0xE0, 0x1F, 0x80, 0x7F, 0x68, 0x00, 0x02,
    0xF0, 0x2F, 0x80, 0xF8, 0x00, 0x00, 0x00, 0xF4, 0x3F, 0x43, 0xF0, 0x00, 0x00, 0x00, 0xF8, 0x3F,
    0x07, 0xC0, 0x00, 0x00, 0x00, 0xBC, 0x7F, 0x0F, 0x40, 0x00, 0x00, 0x00, 0xBF, 0xFF, 0xFF, 0x00,
    0x00, 0x00, 0x01, 0xFF, 0xFF, 0xFF, 0x00, 0x00, 0x00, 0x07, 0xF4, 0xFD, 0x3F, 0x40, 0x00, 0x00,
    0x0F, 0xE0, 0xFC, 0x2F, 0xC0, 0x00, 0x00, 0x3F, 0xC1, 0xFC, 0x0F, 0xC0, 0x00, 0x00, 0xFF, 0x42,
    0xF8, 0x0F, 0xE0, 0x00, 0x03, 0xFE, 0x03, 0xF4, 0x07, 0xF4, 0x00, 0x0F, 0xF8, 0x03, 0xF4, 0x03,
    0xFC, 0x00, 0x7F, 0xF0, 0x2F, 0xFE, 0x02, 0xFF, 0x00, 0x7F, 0x80, 0x3F, 0xFE, 0x00, 0xBF, 0x40,
    0x00, 0x00, 0x00, 0x00, 0x00, 0x00, 0x00, 0x00, 0x00, 0x00, 0x00, 0x00, 0x00, 0x00, 0x00, 0x2F,
    0x0F, 0x80, 0x00, 0x00, 0x01, 0xFC, 0xBF, 0x00, 0x00, 0x00, 0x07, 0xE2, 0xF4, 0x00, 0x00, 0x00,
    0x00, 0x01, 0x00, 0x00, 0x00, 0x00, 0x00, 0x00, 0x00, 0x00, 0x01, 0x40, 0x01, 0x00, 0x14, 0x00,
    0x7F, 0xC0, 0x7C, 0x07, 0xFC, 0x0B, 0xFF, 0xC3, 0xF0, 0x7F, 0xF4, 0x3E, 0xFF, 0x0F, 0x83, 0xF6,
    0xC0, 0xD0, 0xFC, 0xBD, 0x3E, 0x00, 0x00, 0x02, 0xF7, 0xF2, 0xF0, 0x00, 0x00, 0x0B, 0xFF, 0xDF,
    0x80, 0x00, 0x00, 0x3F, 0xFF, 0xFD, 0x00, 0x00, 0x00, 0xFD, 0xFF, 0xF0, 0x00, 0x00, 0x07, 0xCB,
    0xFB, 0xC0, 0x00, 0x00, 0x3D, 0x3F, 0x2F, 0x82, 0xC1, 0xEB, 0xE0, 0xF8, 0x7F, 0xFF, 0x0F, 0xFF,
    0x03, 0xD0, 0xFF, 0xF0, 0x2F, 0xE0, 0x1F, 0x02, 0xFE, 0x00, 0x00, 0x00, 0x00, 0x00, 0x00, 0x00,
    0x00, 0x00, 0x00, 0x00, 0x00, 0x2E, 0x0F, 0x80, 0x02, 0xFC, 0xBF, 0x00, 0x0B, 0xE2, 0xF4, 0x00,
    0x05, 0x01, 0x00, 0x00, 0x00, 0x00, 0x00, 0x00, 0x6B, 0x90, 0x00, 0x3F, 0xFF, 0xF0, 0x01, 0xFF,
    0xFF, 0xF0, 0x0B, 0xC0, 0x3F, 0xC0, 0x2E, 0x00, 0xBF, 0x00, 0x70, 0x02, 0xFC, 0x00, 0x00, 0x0F,
    0xD0, 0x00, 0x00, 0xFE, 0x00, 0x02, 0xFF, 0xE0, 0x00, 0x0F, 0xFF, 0xE0, 0x00, 0x01, 0xBF, 0xD0,
    0x00, 0x00, 0xBF, 0x80, 0x00, 0x01, 0xFE, 0x03, 0x80, 0x07, 0xF8, 0x3F, 0x00, 0x3F, 0xC0, 0xFF,
    0x57, 0xFD, 0x02, 0xFF, 0xFF, 0xD0, 0x01, 0xFF, 0xF8, 0x00, 0x00, 0x00, 0x00, 0x00, 0x00, 0x00,
    0x00, 0x00, 0x0F, 0x87, 0xD0, 0x0B, 0xE3, 0xF8, 0x02, 0xF4, 0xFC, 0x00, 0x10, 0x04, 0x00, 0x00,
    0x00, 0x00, 0x00, 0x10, 0x00, 0x02, 0xFF, 0xE0, 0x03, 0xFF, 0xFD, 0x01, 0xF4, 0x2F, 0x80, 0x20,
    0x07, 0xE0, 0x00, 0x03, 0xF0, 0x00, 0x2B, 0xF0, 0x00, 0x1F, 0xFC, 0x00, 0x01, 0x6F, 0xC0, 0x00,
    0x03, 0xF0, 0x1C, 0x00, 0xFC, 0x0F, 0xC0, 0xFE, 0x03, 0xFF, 0xFF, 0x00, 0x3F, 0xFD, 0x00, 0x00,
    0x00, 0x00, 0x00, 0x00, 0x55, 0x55, 0x54, 0x00, 0xFF, 0xFF, 0xFD, 0x00, 0xFF, 0xFF, 0xFD, 0x01,
    0xF4, 0x03, 0xF8, 0x02, 0xF0, 0x0F, 0xF0, 0x01, 0xD0, 0x3F, 0xC0, 0x00, 0x00, 0xFF, 0x00, 0x00,
    0x03, 0xFC, 0x00, 0x00, 0x0B, 0xFE, 0x00, 0x00, 0x0F, 0xFF, 0x80, 0x00, 0x00, 0x7F, 0xC0, 0x00,
    0x00, 0x1F, 0xD0, 0x01, 0x00, 0x0F, 0xD0, 0x1F, 0x00, 0x1F, 0xC0, 0x3F, 0x40, 0x3F, 0xC0, 0x3F,
    0xE6, 0xFF, 0x00, 0x2F, 0xFF, 0xFC, 0x00, 0x07, 0xFF, 0xD0, 0x00, 0x00, 0x00, 0x00, 0x00, 0x00,
    0xBF, 0xFF, 0xFC, 0x00, 0xFF, 0xFF, 0xFC, 0x01, 0xF9, 0x5B, 0xF4, 0x02, 0xF0, 0x0F, 0xD0, 0x00,
    0x80, 0x3F, 0x40, 0x00, 0x00, 0xFD, 0x00, 0x00, 0x03, 0xF4, 0x00, 0x00, 0x0B, 0xF0, 0x00, 0x00,
    0x0F, 0xFE, 0x00, 0x00, 0x0B, 0xFF, 0x80, 0x00, 0x00, 0x3F, 0xC0, 0x00, 0x00, 0x1F, 0xC0, 0x00,
    0x00, 0x1F, 0xC0, 0x00, 0x00, 0x1F, 0xC0, 0x1C, 0x00, 0x3F, 0x80, 0x3E, 0x00, 0xBF, 0x00, 0x3F,
    0xEB, 0xFD, 0x00, 0x2F, 0xFF, 0xF4, 0x00, 0x02, 0xFE, 0x40, 0x00, 0x00, 0x00, 0x05, 0x55, 0x40,
    0x00, 0x00, 0x00, 0xBF, 0xFF, 0x00, 0x00, 0x00, 0x03, 0xFF, 0xFC, 0x00, 0x00, 0x00, 0x00, 0x00,
    0x00, 0x00, 0x00, 0x00, 0x00, 0x00, 0x00, 0x00, 0x01, 0x55, 0x50, 0x05, 0x55, 0x40, 0x1F, 0xFF,
    0xD0, 0xFF, 0xFF, 0x00, 0x2F, 0xFD, 0x02, 0xFF, 0xE0, 0x00, 0x2F, 0xC0, 0x01, 0xFD, 0x00, 0x00,
    0xFF, 0x00, 0x0F, 0xF0, 0x00, 0x03, 0xF8, 0x00, 0xFF, 0xC0, 0x00, 0x1F, 0xD0, 0x1F, 0xFF, 0x00,
    0x00, 0xBF, 0x01, 0xFF, 0xF8, 0x00, 0x02, 0xFC, 0x2F, 0xAF, 0xD0, 0x00, 0x0F, 0xF2, 0xF8, 0xBF,
    0x00, 0x00, 0x3F, 0xBF, 0x43, 0xFC, 0x00, 0x01, 0xFF, 0xF4, 0x0F, 0xE0, 0x00, 0x0B, 0xFF, 0x00,
    0x7F, 0x40, 0x00, 0x3F, 0xF0, 0x02, 0xFD, 0x00, 0x00, 0xFF, 0x00, 0x0B, 0xF0, 0x00, 0x07, 0xF8,
    0x00, 0x3F, 0xC0, 0x01, 0xFF, 0xFD, 0x0F, 0xFF, 0xE0, 0x0B, 0xFF, 0xF0, 0x7F, 0xFF, 0x40, 0x00,
    0x00, 0x2F, 0xFF, 0xC0, 0x00, 0xFF, 0xFF, 0x00, 0x01, 0x55, 0x50, 0x00, 0x00, 0x00, 0x00, 0x00,
    0x40, 0x00, 0x00, 0xBF, 0xD0, 0x1F, 0xC7, 0xFF, 0x80, 0xFE, 0x00, 0xFD, 0x03, 0xF4, 0x03, 0xF0,
    0x0F, 0xC0, 0x1F, 0xC0, 0x7F, 0x00, 0xBE, 0x03, 0xF8, 0x03, 0xF4, 0x0F, 0xD0, 0x0F, 0xC0, 0xBF,
    0x00, 0x7F, 0x07, 0xFC, 0x02, 0xF8, 0x7F, 0xF1, 0x8F, 0xFB, 0xCF, 0xFF, 0x3F, 0xFC, 0x3F, 0xF0,
    0x7F, 0xC0, 0xBE, 0x00, 0x00, 0x00, 0x00, 0x00, 0x00, 0x00, 0x00, 0x00, 0x00, 0x00, 0x00, 0x00,
    0x7D, 0x1F, 0x00, 0x00, 0x00, 0x03, 0xF4, 0xFD, 0x00, 0x00, 0x00, 0x0F, 0xC3, 0xF0, 0x00, 0x00,
    0x00, 0x14, 0x05, 0x00, 0x00, 0x00, 0x00, 0x00, 0x00, 0x00, 0x00, 0x05, 0x55, 0x40, 0x15, 0x55,
    0x00, 0x7F, 0xFF, 0x43, 0xFF, 0xFC, 0x00, 0xBF, 0xF4, 0x0B, 0xFF, 0x80, 0x00, 0xBF, 0x00, 0x07,
    0xF4, 0x00, 0x03, 0xFC, 0x00, 0x3F, 0xC0, 0x00, 0x0F, 0xE0, 0x03, 0xFF, 0x00, 0x00, 0x7F, 0x40,
    0x7F, 0xFC, 0x00, 0x02, 0xFC, 0x07, 0xFF, 0xE0, 0x00, 0x0B, 0xF0, 0xBE, 0xBF, 0x40, 0x00, 0x3F,
    0xCB, 0xE2, 0xFC, 0x00, 0x00, 0xFE, 0xFD, 0x0F, 0xF0, 0x00, 0x07, 0xFF, 0xD0, 0x3F, 0x80, 0x00,
    0x2F, 0xFC, 0x01, 0xFD, 0x00, 0x00, 0xFF, 0xC0, 0x0B, 0xF4, 0x00, 0x03, 0xFC, 0x00, 0x2F, 0xC0,
    0x00, 0x1F, 0xE0, 0x00, 0xFF, 0x00, 0x07, 0xFF, 0xF4, 0x3F, 0xFF, 0x80, 0x2F, 0xFF, 0xC1, 0xFF,
    0xFD, 0x00, 0x00, 0x00, 0x00, 0x00, 0x00, 0x7C, 0x2F, 0x00, 0x03, 0xF4, 0xFC, 0x00, 0x0F, 0xC3,
    0xE0, 0x00, 0x04, 0x00, 0x00, 0x00, 0x00, 0x00, 0x00, 0x04, 0x00, 0x00, 0x0B, 0xFD, 0x01, 0xFC,
    0x7F, 0xF8, 0x0F, 0xE0, 0x0F, 0xD0, 0x3F, 0x40, 0x3F, 0x00, 0xFC, 0x01, 0xFC, 0x07, 0xF0, 0x0B,
    0xE0, 0x3F, 0x80, 0x3F, 0x40, 0xFD, 0x00, 0xFC, 0x0B, 0xF0, 0x07, 0xF0, 0x7F, 0xC0, 0x2F, 0x87,
    0xFF, 0x18, 0xFF, 0xBC, 0xFF, 0xF3, 0xFF, 0xC3, 0xFF, 0x07, 0xFC, 0x0B, 0xE0, 0x00, 0x00, 0x00,
    0x00, 0x00, 0x00, 0x00, 0x00, 0x00, 0x00, 0x1F, 0x47, 0xD0, 0x00, 0x03, 0xF8, 0xFE, 0x00, 0x00,
    0x3F, 0x0F, 0xC0, 0x00, 0x00, 0x40, 0x10, 0x00, 0x00, 0x00, 0x00, 0x00, 0x00, 0x00, 0x6A, 0x90,
    0x00, 0x00, 0xFF, 0xFF, 0xD0, 0x00, 0x7F, 0xFF, 0xFF, 0x40, 0x1F, 0xF4, 0x1F, 0xFC, 0x07, 0xFC,
    0x00, 0x3F, 0xD0, 0xFF, 0x40, 0x02, 0xFE, 0x1F, 0xF0, 0x00, 0x2F, 0xE2, 0xFD, 0x00, 0x02, 0xFE,
    0x3F, 0xC0, 0x00, 0x2F, 0xE3, 0xFC, 0x00, 0x02, 0xFE, 0x3F, 0xC0, 0x00, 0x3F, 0xD3, 0xFC, 0x00,
    0x03, 0xFC, 0x3F, 0xC0, 0x00, 0xBF, 0x83, 0xFD, 0x00, 0x1F, 0xF0, 0x2F, 0xF0, 0x07, 0xFD, 0x00,
    0xFF, 0xEB, 0xFF, 0x40, 0x07, 0xFF, 0xFF, 0xD0, 0x00, 0x0B, 0xFF, 0xD0, 0x00, 0x00, 0x00, 0x00,
    0x00, 0x00, 0x00, 0x00, 0x00, 0x00, 0x00, 0xF4, 0x7D, 0x00, 0x2F, 0x8F, 0xD0, 0x02, 0xF0, 0xFC,
    0x00, 0x04, 0x01, 0x00, 0x00, 0x00, 0x00, 0x00, 0x01, 0x40, 0x00, 0x02, 0xFF, 0xD0, 0x01, 0xFF,
    0xFF, 0x00, 0x7F, 0x87, 0xF8, 0x0F, 0xE0, 0x3F, 0xC1, 0xFC, 0x02, 0xFC, 0x3F, 0x80, 0x2F, 0xC3,
    0xF4, 0x03, 0xF8, 0x3F, 0x40, 0x3F, 0x47, 0xF4, 0x07, 0xF0, 0x3F, 0x40, 0xFD, 0x03, 0xFD, 0x7F,
    0xC0, 0x1F, 0xFF, 0xE0, 0x00, 0x7F, 0xF4, 0x00, 0x00, 0x00, 0x00, 0x00, 0x00, 0x00, 0x6A, 0x90,
    0x00, 0x00, 0xFF, 0xFF, 0xD0, 0x00, 0x7F, 0xFF, 0xFF, 0x40, 0x1F, 0xF4, 0x0F, 0xFC, 0x07, 0xFC,
    0x00, 0x3F, 0xD0, 0xFF, 0x00, 0x02, 0xFE, 0x1F, 0xE0, 0x00, 0x1F, 0xE2, 0xFD, 0x00, 0x01, 0xFE,
    0x3F, 0xFF, 0xFF, 0xFF, 0xE3, 0xFF, 0xFF, 0xFF, 0xFE, 0x3F, 0xD5, 0x55, 0x7F, 0xD3, 0xFC, 0x00,
    0x03, 0xFC, 0x3F, 0xC0, 0x00, 0x7F, 0x83, 0xFC, 0x00, 0x0F, 0xF0, 0x2F, 0xF0, 0x03, 0xFD, 0x00,
    0xFF, 0xE6, 0xFF, 0x40, 0x07, 0xFF, 0xFF, 0xD0, 0x00, 0x0B, 0xFF, 0xD0, 0x00, 0x00, 0x00, 0x00,
    0x00, 0x00, 0x00, 0x01, 0x40, 0x00, 0x0B, 0xFF, 0x00, 0x1F, 0xFF, 0xF0, 0x1F, 0xE1, 0xFE, 0x0F,
    0xD0, 0x2F, 0xC7, 0xF0, 0x07, 0xF3, 0xFE, 0xAA, 0xFC, 0xFF, 0xFF, 0xFE, 0x3F, 0x55, 0x7F, 0x5F,
    0xC0, 0x1F, 0xC3, 0xF0, 0x0F, 0xD0, 0xFF, 0x1F, 0xF0, 0x1F, 0xFF, 0xE0, 0x01, 0xFF, 0xD0, 0x00,
    0x00, 0x00, 0x00, 0x00, 0x00, 0x00, 0x00, 0x00, 0x00, 0x1F, 0x47, 0xD0, 0x00, 0x03, 0xF8, 0xFE,
    0x00, 0x00, 0x3F, 0x0F, 0xC0, 0x00, 0x00, 0x40, 0x10, 0x00, 0x00, 0x00, 0x00, 0x00, 0x00, 0x00,
    0x6A, 0x90, 0x00, 0x00, 0xFF, 0xFF, 0xD0, 0x00, 0x7F, 0xFF, 0xFF, 0x40, 0x1F, 0xF4, 0x0F, 0xFC,
    0x07, 0xFC, 0x00, 0x3F, 0xD0, 0xFF, 0x00, 0x02, 0xFE, 0x1F, 0xE0, 0x00, 0x1F, 0xE2, 0xFD, 0x00,
    0x01, 0xFE, 0x3F, 0xFF, 0xFF, 0xFF, 0xE3, 0xFF, 0xFF, 0xFF, 0xFE, 0x3F, 0xD5, 0x55, 0x7F, 0xD3,
    0xFC, 0x00, 0x03, 0xFC, 0x3F, 0xC0, 0x00, 0x7F, 0x83, 0xFC, 0x00, 0x0F, 0xF0, 0x2F, 0xF0, 0x03,
    0xFD, 0x00, 0xFF, 0xE6, 0xFF, 0x40, 0x07, 0xFF, 0xFF, 0xD0, 0x00, 0x0B, 0xFF, 0xD0, 0x00, 0x00,
    0x00, 0x00, 0x00, 0x00, 0x00, 0x00, 0x00, 0x00, 0x00, 0xF4, 0x7D, 0x00, 0x2F, 0x8F, 0xD0, 0x02,
    0xF0, 0xFC, 0x00, 0x04, 0x01, 0x00, 0x00, 0x00, 0x00, 0x00, 0x01, 0x40, 0x00, 0x02, 0xFF, 0xC0,
    0x01, 0xFF, 0xFF, 0x00, 0x7F, 0x87, 0xF8, 0x0F, 0xD0, 0x2F, 0xC1, 0xFC, 0x01, 0xFC, 0x3F, 0xEA,
    0xAF, 0xC3, 0xFF, 0xFF, 0xF8, 0x3F, 0x55, 0x7F, 0x47, 0xF0, 0x07, 0xF0, 0x3F, 0x00, 0xFD, 0x03,
    0xFC, 0x7F, 0xC0, 0x1F, 0xFF, 0xE0, 0x00, 0x7F, 0xF4, 0x00, 0x00, 0x00, 0x00, 0x00, 0x00, 0x00,
    0x00, 0x00, 0x00, 0x01, 0xF4, 0x7D, 0x00, 0x00, 0xFE, 0x3F, 0x80, 0x00, 0x3F, 0x0F, 0xC0, 0x00,
    0x01, 0x00, 0x40, 0x00, 0x00, 0x00, 0x00, 0x00, 0x01, 0x6B, 0x90, 0x00, 0x03, 0xFF, 0xFF, 0x80,
    0x01, 0xFF, 0xBF, 0xF8, 0x00, 0xBC, 0x01, 0xFF, 0x00, 0x2E, 0x00, 0x2F, 0xE0, 0x07, 0x00, 0x03,
    0xFC, 0x00, 0x00, 0x00, 0xFF, 0x00, 0x00, 0x00, 0x3F, 0xC0, 0x00, 0xFF, 0xFF, 0xF0, 0x00, 0x3F,
    0xFF, 0xFC, 0x00, 0x0A, 0xAA, 0xFF, 0x00, 0x00, 0x00, 0xBF, 0x40, 0x00, 0x00, 0x3F, 0xC0, 0x3C,
    0x00, 0x2F, 0xE0, 0x3F, 0x40, 0x1F, 0xF0, 0x0F, 0xF9, 0x7F, 0xF0, 0x02, 0xFF, 0xFF, 0xF0, 0x00,
    0x1F, 0xFF, 0x90, 0x00, 0x00, 0x00, 0x00, 0x00, 0x00, 0x00, 0x00, 0x00, 0x00, 0x1F, 0x47, 0xC0,
    0x0F, 0xD3, 0xF0, 0x03, 0xF0, 0xF8, 0x00, 0x10, 0x00, 0x00, 0x00, 0x00, 0x00, 0x00, 0x14, 0x00,
    0x02, 0xFF, 0xE0, 0x03, 0xFF, 0xFD, 0x01, 0xF4, 0x2F, 0xC0, 0x30, 0x07, 0xF0, 0x00, 0x00, 0xFC,
    0x00, 0x2A, 0xBF, 0x00, 0x1F, 0xFF, 0xC0, 0x02, 0x5B, 0xF0, 0x00, 0x02, 0xF8, 0x1C, 0x00, 0xFC,
    0x0F, 0xC1, 0xFE, 0x03, 0xFF, 0xFE, 0x00, 0x3F, 0xFD, 0x00, 0x00, 0x00, 0x00, 0x00, 0x00, 0x01,
    0x55, 0x50, 0x00, 0x00, 0x7F, 0xFF, 0x40, 0x00, 0x0B, 0xFF, 0xF0, 0x00, 0x00, 0x00, 0x00, 0x00,
    0x00, 0x00, 0x00, 0x00, 0x01, 0x55, 0x50, 0x15, 0x54, 0x3F, 0xFF, 0x03, 0xFF, 0xD2, 0xFF, 0xD0,
    0x1F, 0xF8, 0x0B, 0xF4, 0x00, 0xFC, 0x00, 0x3F, 0x40, 0x2F, 0x40, 0x03, 0xF8, 0x03, 0xF0, 0x00,
    0x2F, 0xC0, 0xFC, 0x00, 0x01, 0xFC, 0x1F, 0x40, 0x00, 0x0F, 0xD3, 0xF0, 0x00, 0x00, 0xBE, 0xBC,
    0x00, 0x00, 0x07, 0xFF, 0x40, 0x00, 0x00, 0x3F, 0xF0, 0x00, 0x00, 0x03, 0xFC, 0x00, 0x00, 0x00,
    0x2F, 0x40, 0x00, 0x02, 0x07, 0xE0, 0x00, 0x00, 0xFF, 0xFC, 0x00, 0x00, 0x0F, 0xFE, 0x00, 0x00,
    0x00, 0xBF, 0x40, 0x00, 0x00, 0x00, 0x00, 0x00, 0x00, 0x00, 0x00, 0x00, 0xFF, 0xFD, 0x00, 0x00,
    0x7F, 0xFF, 0x40, 0x00, 0x05, 0x55, 0x40, 0x00, 0x00, 0x00, 0x00, 0x00, 0x00, 0x00, 0x04, 0x00,
    0x0B, 0xF4, 0x1F, 0xD0, 0x0B, 0xFF, 0x03, 0xF8, 0x00, 0x2F, 0xC0, 0xFE, 0x00, 0x03, 0xF4, 0x2F,
    0x80, 0x00, 0xFD, 0x0F, 0xD0, 0x00, 0x2F, 0x83, 0xF0, 0x00, 0x07, 0xE1, 0xF4, 0x00, 0x01, 0xF8,
    0xBC, 0x00, 0x00, 0x3F, 0x3D, 0x00, 0x00, 0x0F, 0xEF, 0x00, 0x00, 0x03, 0xFF, 0x00, 0x00, 0x00,
    0xFF, 0x40, 0x00, 0x00, 0x3F, 0x80, 0x00, 0x00, 0x1F, 0xC0, 0x00, 0x00, 0x0F, 0xC0, 0x00, 0x38,
    0x1F, 0xC0, 0x00, 0x1F, 0xFF, 0xC0, 0x00, 0x07, 0xFF, 0x80, 0x00, 0x00, 0xBE, 0x00, 0x00, 0x00,
    0x00, 0x00, 0x00, 0x00, 0x00, 0x00, 0x3D, 0x0F, 0x40, 0x00, 0x0F, 0xE3, 0xF8, 0x00, 0x00, 0xFD,
    0x3F, 0x40, 0x00, 0x01, 0x00, 0x40, 0x00, 0x00, 0x00, 0x00, 0x00, 0x15, 0x55, 0x01, 0x55, 0x43,
    0xFF, 0xF0, 0x3F, 0xFD, 0x2F, 0xFD, 0x01, 0xFF, 0x80, 0xBF, 0x40, 0x0F, 0xC0, 0x03, 0xF4, 0x02,
    0xF4, 0x00, 0x3F, 0x80, 0x3F, 0x00, 0x02, 0xFC, 0x0F, 0xC0, 0x00, 0x1F, 0xC1, 0xF4, 0x00, 0x00,
    0xFD, 0x3F, 0x00, 0x00, 0x0B, 0xEB, 0xC0, 0x00, 0x00, 0x7F, 0xF4, 0x00, 0x00, 0x03, 0xFF, 0x00,
    0x00, 0x00, 0x3F, 0xC0, 0x00, 0x00, 0x02, 0xF4, 0x00, 0x00, 0x20, 0x7E, 0x00, 0x00, 0x0F, 0xFF,
    0xC0, 0x00, 0x00, 0xFF, 0xE0, 0x00, 0x00, 0x0B, 0xF4, 0x00, 0x00, 0x00, 0x00, 0x00, 0x00, 0x00,
    0x00, 0x00, 0x00, 0x00, 0x00, 0x00, 0x00, 0x2E, 0x0F, 0x40, 0x00, 0x1F, 0xCB, 0xE0, 0x00, 0x0B,
    0xD2, 0xF0, 0x00, 0x00, 0x40, 0x10, 0x00, 0x00, 0x00, 0x00, 0x00, 0x00, 0x00, 0x00, 0x40, 0x00,
    0xBF, 0x41, 0xFD, 0x00, 0xBF, 0xF0, 0x3F, 0x80, 0x02, 0xFC, 0x0F, 0xE0, 0x00, 0x3F, 0x42, 0xF8,
    0x00, 0x0F, 0xD0, 0xFD, 0x00, 0x02, 0xF8, 0x3F, 0x00, 0x00, 0x7E, 0x1F, 0x40, 0x00, 0x1F, 0x8B,
    0xC0, 0x00, 0x03, 0xF3, 0xD0, 0x00, 0x00, 0xFE, 0xF0, 0x00, 0x00, 0x3F, 0xF0, 0x00, 0x00, 0x0F,
    0xF4, 0x00, 0x00, 0x03, 0xF8, 0x00, 0x00, 0x01, 0xFC, 0x00, 0x00, 0x00, 0xFC, 0x00, 0x03, 0x81,
    0xFC, 0x00, 0x01, 0xFF, 0xFC, 0x00, 0x00, 0x7F, 0xF8, 0x00, 0x00, 0x0B, 0xE0, 0x00, 0x00, 0x00,
    0x00, 0x00, 0x00, 0x00, 0x40, 0x00, 0x01, 0xE0, 0x2D, 0x00, 0x00, 0xBF, 0x0B, 0xF0, 0x00, 0x3F,
    0xD3, 0xFC, 0x00, 0x0F, 0xE0, 0xFD, 0x00, 0x00, 0xD0, 0x0D, 0x00, 0x00, 0x00, 0x00, 0x00, 0x01,
    0x55, 0x50, 0x15, 0x54, 0x3F, 0xFF, 0x03, 0xFF, 0xD2, 0xFF, 0xD0, 0x1F, 0xF8, 0x0B, 0xF4, 0x00,
    0xFC, 0x00, 0x3F, 0x40, 0x2F, 0x40, 0x03, 0xF8, 0x03, 0xF0, 0x00, 0x2F, 0xC0, 0xFC, 0x00, 0x01,
    0xFC, 0x1F, 0x40, 0x00, 0x0F, 0xD3, 0xF0, 0x00, 0x00, 0xBE, 0xBC, 0x00, 0x00, 0x07, 0xFF, 0x40,
    0x00, 0x00, 0x3F, 0xF0, 0x00, 0x00, 0x03, 0xFC, 0x00, 0x00, 0x00, 0x2F, 0x40, 0x00, 0x02, 0x07,
    0xE0, 0x00, 0x00, 0xFF, 0xFC, 0x00, 0x00, 0x0F, 0xFE, 0x00, 0x00, 0x00, 0xBF, 0x40, 0x00, 0x00,
    0x00, 0x00, 0x00, 0x00, 0x00, 0x00, 0x00, 0x05, 0x02, 0x00, 0x00, 0x03, 0xC2, 0xE0, 0x00, 0x03,
    0xF1, 0xF8, 0x00, 0x02, 0xF4, 0xF8, 0x00, 0x00, 0xF4, 0xF8, 0x00, 0x00, 0x70, 0x38, 0x00, 0x00,
    0x00, 0x00, 0x00, 0x00, 0x00, 0x00, 0x10, 0x00, 0x2F, 0xD0, 0x7F, 0x40, 0x2F, 0xFC, 0x0F, 0xE0,
    0x00, 0xBF, 0x03, 0xF8, 0x00, 0x0F, 0xD0, 0xBE, 0x00, 0x03, 0xF4, 0x3F, 0x40, 0x00, 0xBE, 0x0F,
    0xC0, 0x00, 0x1F, 0x87, 0xD0, 0x00, 0x07, 0xE2, 0xF0, 0x00, 0x00, 0xFC, 0xF4, 0x00, 0x00, 0x3F,
    0xBC, 0x00, 0x00, 0x0F, 0xFC, 0x00, 0x00, 0x03, 0xFD, 0x00, 0x00, 0x00, 0xFE, 0x00, 0x00, 0x00,
    0x7F, 0x00, 0x00, 0x00, 0x3F, 0x00, 0x00, 0xE0, 0x7F, 0x00, 0x00, 0x7F, 0xFF, 0x00, 0x00, 0x1F,
    0xFE, 0x00, 0x00, 0x02, 0xF8, 0x00, 0x00, 0x00, 0x00, 0x00, 0x00, 0x00, 0x00, 0x00, 0x7D, 0x1F,
    0x00, 0x00, 0x0F, 0xD3, 0xF4, 0x00, 0x00, 0xFC, 0x3F, 0x00, 0x00, 0x05, 0x01, 0x40, 0x00, 0x00,
    0x00, 0x00, 0x00, 0x15, 0x55, 0x05, 0x55, 0x43, 0xFF, 0xF4, 0xFF, 0xFE, 0x2F, 0xFD, 0x0B, 0xFF,
    0x80, 0xBF, 0x00, 0x2F, 0xC0, 0x0F, 0xF0, 0x03, 0xFC, 0x00, 0xFE, 0x00, 0x3F, 0x80, 0x0F, 0xE0,
    0x07, 0xF8, 0x00, 0xFE, 0x00, 0x7F, 0x40, 0x0F, 0xF4, 0x0B, 0xF0, 0x00, 0xFF, 0xFF, 0xFF, 0x00,
    0x03, 0xFF, 0xFF, 0xE0, 0x00, 0x05, 0xA5, 0xFD, 0x00, 0x00, 0x00, 0x2F, 0xC0, 0x00, 0x00, 0x03,
    0xFC, 0x00, 0x00, 0x00, 0x3F, 0xC0, 0x00, 0x00, 0x07, 0xF8, 0x00, 0x00, 0x07, 0xFF, 0xF4, 0x00,
    0x00, 0xFF, 0xFF, 0x00, 0x00, 0x00, 0x00, 0x00, 0x00, 0x7C, 0x2F, 0x00, 0x03, 0xF5, 0xFC, 0x00,
    0x0F, 0xC7, 0xE0, 0x00, 0x04, 0x00, 0x00, 0x00, 0x00, 0x00, 0x00, 0x00, 0x00, 0x00, 0x07, 0xFD,
    0x02, 0xF8, 0x3F, 0xF4, 0x0F, 0xD0, 0x0F, 0xC0, 0x7F, 0x00, 0x3F, 0x02, 0xFC, 0x01, 0xF8, 0x0F,
    0xE0, 0x07, 0xE0, 0x7F, 0x40, 0x1F, 0xEF, 0xFC, 0x00, 0x3F, 0xFF, 0xF0, 0x00, 0x19, 0x2F, 0x80,
    0x00, 0x00, 0xFE, 0x20, 0x00, 0x03, 0xFF, 0xC0, 0x00, 0x0F, 0xFE, 0x00, 0x00, 0x2F, 0xD0, 0x00,
    0x00, 0x00, 0x00, 0x00, 0x55, 0x55, 0x55, 0x00, 0x7F, 0xFF, 0xFF, 0xC0, 0x0B, 0xFF, 0xFF, 0xF0,
    0x00, 0xBF, 0x00, 0xFC, 0x00, 0x3F, 0xC0, 0x3E, 0x00, 0x0F, 0xE0, 0x0F, 0x40, 0x07, 0xF4, 0x03,
    0x80, 0x02, 0xFC, 0x00, 0x00, 0x00, 0xBF, 0x00, 0x00, 0x00, 0x3F, 0xC0, 0x00, 0x00, 0x0F, 0xE0,
    0x00, 0x00, 0x07, 0xF4, 0x00, 0x00, 0x02, 0xFC, 0x00, 0x00, 0x00, 0xFF, 0x00, 0x00, 0x00, 0x3F,
    0x80, 0x00, 0x00, 0x1F, 0xE0, 0x00, 0x00, 0x7F, 0xFF, 0xC0, 0x00, 0x2F, 0xFF, 0xE0, 0x00, 0x00,
    0x02, 0xF4, 0x00, 0x00, 0x00, 0xFC, 0x00, 0x00, 0x00, 0x3E, 0x00, 0x00, 0x00, 0x0F, 0x40, 0x00,
    0x00, 0x03, 0xC0, 0x00, 0x00, 0x00, 0x00, 0x00, 0x00, 0x00, 0x05, 0x00, 0x0B, 0xFF, 0x80, 0xFF,
    0xFF, 0x87, 0xD0, 0xBE, 0x08, 0x02, 0xF8, 0x00, 0x2F, 0xD0, 0x07, 0xFE, 0x00, 0xFF, 0xD0, 0x1F,
    0xF4, 0x00, 0xFE, 0x00, 0x07, 0xF0, 0x0B, 0x2F, 0xD1, 0xFC, 0x3F, 0xFF, 0xE0, 0x7F, 0xE7, 0x80,
    0x00, 0x2E, 0x00, 0x00, 0xBC, 0x00, 0x03, 0xE0, 0x00, 0x6F, 0x40, 0x01, 0xF4, 0x00, 0x00, 0x00,
    0x00, 0x00, 0x00, 0x00, 0x00, 0x00, 0x00, 0x1F, 0x47, 0xC0, 0x00, 0x00, 0x00, 0x03, 0xF4, 0xFD,
    0x00, 0x00, 0x00, 0x00, 0x3F, 0x0F, 0xC0, 0x00, 0x00, 0x00, 0x01, 0x40, 0x50, 0x00, 0x00, 0x00,
    0x00, 0x00, 0x00, 0x00, 0x00, 0x00, 0x55, 0x54, 0x00, 0x05, 0x55, 0x40, 0x1F, 0xFF, 0xE0, 0x02,
    0xFF, 0xFD, 0x00, 0xBF, 0xF4, 0x00, 0x1B, 0xFF, 0x40, 0x02, 0xFC, 0x00, 0x00, 0x3F, 0xC0, 0x00,
    0x3F, 0x80, 0x00, 0x03, 0xF8, 0x00, 0x03, 0xF4, 0x00, 0x00, 0x7F, 0x80, 0x00, 0x7F, 0x40, 0x00,
    0x07, 0xF4, 0x00, 0x0B, 0xF0, 0x00, 0x00, 0xBF, 0x00, 0x00, 0xBF, 0xFE, 0x40, 0x0F, 0xF0, 0x00,
    0x0F, 0xFF, 0xFE, 0x00, 0xFE, 0x00, 0x00, 0xFD, 0x0F, 0xF4, 0x1F, 0xD0, 0x00, 0x1F, 0xC0, 0x3F,
    0xC2, 0xFC, 0x00, 0x02, 0xFC, 0x03, 0xFC, 0x2F, 0xC0, 0x00, 0x3F, 0xC0, 0x3F, 0x83, 0xFC, 0x00,
    0x03, 0xF8, 0x07, 0xF4, 0x3F, 0x80, 0x00, 0x7F, 0x86, 0xFF, 0x07, 0xF8, 0x00, 0x7F, 0xFF, 0xFF,
    0x83, 0xFF, 0xF0, 0x0B, 0xFF, 0xFF, 0x90, 0xBF, 0xFF, 0x00, 0x00, 0x00, 0x00, 0x00, 0x00, 0x00,
    0x00, 0x00, 0x00, 0x00, 0x00, 0x00, 0x00, 0x03, 0xE1, 0xF4, 0x00, 0x00, 0x2F, 0x8F, 0xE0, 0x00,
    0x00, 0xBD, 0x3F, 0x00, 0x00, 0x00, 0x40, 0x10, 0x00, 0x00, 0x00, 0x00, 0x00, 0x00, 0x01, 0x00,
    0x00, 0x00, 0x0B, 0xFD, 0x00, 0x00, 0xFC, 0x7F, 0xF4, 0x00, 0x07, 0xF0, 0x0F, 0xD0, 0x00, 0x2F,
    0xC0, 0x3F, 0x00, 0x00, 0xFE, 0x01, 0xF8, 0x50, 0x03, 0xF4, 0x0F, 0xFF, 0xF8, 0x0F, 0xC0, 0x3F,
    0xEF, 0xF4, 0x7F, 0x00, 0xFC, 0x0B, 0xE2, 0xF8, 0x07, 0xE0, 0x1F, 0x8F, 0xD0, 0x1F, 0x80, 0xBD,
    0x3F, 0x04, 0x7F, 0x07, 0xF0, 0xFF, 0xF0, 0xFF, 0xFF, 0x07, 0xFF, 0x40, 0xFF, 0xE0, 0x0F, 0xF4,
    0x00, 0x00, 0x00, 0x00, 0x00, 0x00, 0x55, 0x55, 0x55, 0x00, 0x7F, 0xFF, 0xFF, 0xC0, 0x0B, 0xFF,
    0xFF, 0xF0, 0x00, 0xBF, 0x00, 0xFC, 0x00, 0x3F, 0xC0, 0x3E, 0x00, 0x0F, 0xE0, 0x0F, 0x40, 0x07,
    0xF4, 0x02, 0x40, 0x02, 0xFC, 0x00, 0x00, 0x05, 0xFF, 0x54, 0x00, 0x07, 0xFF, 0xFF, 0x00, 0x00,
    0x1F, 0xE0, 0x00, 0x00, 0x07, 0xF4, 0x00, 0x00, 0x02, 0xFC, 0x00, 0x00, 0x00, 0xFF, 0x00, 0x00,
    0x00, 0x3F, 0x80, 0x00, 0x00, 0x1F, 0xE0, 0x00, 0x00, 0x7F, 0xFF, 0xC0, 0x00, 0x2F, 0xFF, 0xF8,
    0x00, 0x00, 0x00, 0x1E, 0x00, 0x00, 0x00, 0x0B, 0x80, 0x00, 0x00, 0x97, 0xD0, 0x00, 0x00, 0x3F,
    0xE0, 0x00, 0x00, 0x0F, 0xE0, 0x00, 0x00, 0x00, 0x00, 0x00, 0x00, 0x00, 0x05, 0x00, 0x0B, 0xFF,
    0x81, 0xFF, 0xFF, 0x8B, 0x90, 0xBE, 0x04, 0x02, 0xF8, 0x0A, 0x1F, 0xC0, 0x2F, 0xFD, 0x00, 0xFF,
    0x80, 0x1F, 0xFC, 0x00, 0xFD, 0x38, 0x07, 0xF0, 0x07, 0x2F, 0xD1, 0xBE, 0x3F, 0xFF, 0xF8, 0x7F,
    0xFB, 0xE0, 0x00, 0x0F, 0x40, 0x00, 0x3D, 0x00, 0xBB, 0xF0, 0x02, 0xFF, 0x00, 0x02, 0x90, 0x00,
    0x00, 0x55, 0x54, 0x05, 0x55, 0x00, 0x7F, 0xFF, 0x0F, 0xFF, 0xC0, 0x0B, 0xFE, 0x01, 0xFF, 0x80,
    0x00, 0x7F, 0x40, 0x3F, 0x00, 0x00, 0x0F, 0xF0, 0x3F, 0x40, 0x00, 0x01, 0xFD, 0x3F, 0x40, 0x00,
    0x00, 0x3F, 0xEF, 0x40, 0x00, 0x00, 0x0B, 0xFF, 0x80, 0x00, 0x00, 0x00, 0xFF, 0x80, 0x00, 0x00,
    0x00, 0x3F, 0xD0, 0x00, 0x00, 0x00, 0x3F, 0xFC, 0x00, 0x00, 0x00, 0x2F, 0xFF, 0x40, 0x00, 0x00,
    0x2F, 0x4F, 0xF0, 0x00, 0x00, 0x2F, 0x82, 0xFD, 0x00, 0x00, 0x1F, 0xC0, 0x3F, 0xC0, 0x00, 0x1F,
    0xC0, 0x07, 0xF0, 0x00, 0x7F, 0xFD, 0x00, 0xFE, 0x00, 0x3F, 0xFF, 0x40, 0x2F, 0x80, 0x00, 0x00,
    0x00, 0x07, 0xE0, 0x00, 0x00, 0x01, 0x02, 0xF4, 0x00, 0x00, 0x01, 0xF5, 0xFC, 0x00, 0x00, 0x00,
    0xBF, 0xFD, 0x00, 0x00, 0x00, 0x0F, 0xF8, 0x00, 0x00, 0x00, 0x00, 0x00, 0x00, 0x00, 0x00, 0x00,
    0x00, 0x10, 0x02, 0xFD, 0x02, 0xFC, 0x0B, 0xFF, 0x0B, 0xFD, 0x05, 0x7F, 0x5F, 0xAC, 0x00, 0x3F,
    0xBD, 0x00, 0x00, 0x1F, 0xF8, 0x00, 0x00, 0x0F, 0xF0, 0x00, 0x00, 0x0B, 0xF0, 0x00, 0x00, 0x0F,
    0xF4, 0x00, 0x00, 0x3F, 0xFC, 0x00, 0x00, 0xBD, 0xFC, 0x00, 0x3F, 0xF4, 0xFE, 0x00, 0x3F, 0xE0,
    0x7F, 0x00, 0x3F, 0x80, 0x3F, 0x40, 0x00, 0x00, 0x2F, 0x80, 0x00, 0x00, 0x1F, 0x80, 0x00, 0x14,
    0x1F, 0x40, 0x00, 0x7E, 0xBF, 0x00, 0x00, 0x7F, 0xFC, 0x00, 0x00, 0x1F, 0xD0, 0x00, 0x00, 0x55,
    0x54, 0x05, 0x55, 0x00, 0x7F, 0xFF, 0x0F, 0xFF, 0xC0, 0x0B, 0xFE, 0x01, 0xFF, 0x80, 0x00, 0x7F,
    0x40, 0x3F, 0x00, 0x00, 0x0F, 0xF0, 0x3F, 0x40, 0x00, 0x01, 0xFD, 0x3F, 0x40, 0x00, 0x00, 0x3F,
    0xEF, 0x40, 0x00, 0x00, 0x07, 0xFF, 0x80, 0x00, 0x00, 0xBF, 0xFF, 0xFF, 0x80, 0x00, 0x2F, 0xFF,
    0xFF, 0xD0, 0x00, 0x00, 0x3F, 0xF8, 0x00, 0x00, 0x00, 0x2F, 0xFF, 0x00, 0x00, 0x00, 0x2F, 0x4F,
    0xE0, 0x00, 0x00, 0x2F, 0x82, 0xFC, 0x00, 0x00, 0x1F, 0xC0, 0x3F, 0x80, 0x00, 0x1F, 0xC0, 0x0B,
    0xF4, 0x00, 0x7F, 0xFD, 0x0F, 0xFF, 0xC0, 0x3F, 0xFF, 0x4B, 0xFF, 0xF0, 0x00, 0x00, 0x00, 0x00,
    0x10, 0x02, 0xFD, 0x02, 0xFC, 0x0B, 0xFF, 0x0B, 0xFD, 0x05, 0x7F, 0x5F, 0xAC, 0x00, 0x2F, 0xBD,
    0x00, 0x00, 0x0F, 0xF8, 0x00, 0x00, 0x5F, 0xF5, 0x40, 0x03, 0xFF, 0xFF, 0xD0, 0x00, 0x1F, 0xF4,
    0x00, 0x00, 0x3F, 0xF8, 0x00, 0x00, 0xBD, 0xFC, 0x00, 0x3F, 0xF4, 0xFE, 0xA4, 0x3F, 0xE0, 0xBF,
    0xF4, 0x3F, 0x80, 0x3F, 0xD0, 0x00, 0x00, 0x00, 0x00, 0x06, 0x66, 0x66, 0x66, 0x66, 0x66, 0x66,
    0x66, 0x66, 0x66, 0x00, 0x00, 0x03, 0x0C, 0x2F, 0x80, 0xF0, 0x3F, 0xC1, 0x94, 0x09, 0x00, 0x90,
    0x09, 0x00, 0x90, 0x09, 0x00, 0x90, 0x09, 0x00, 0x90, 0x09, 0x00, 0x90, 0x09, 0x00, 0x90, 0x09,
    0x00, 0x90, 0x09, 0x00, 0x90, 0x00, 0x00, 0x00, 0x00, 0x00, 0xD0, 0x00, 0x38, 0x55, 0x5E, 0xEA,
    0xAF, 0xC0, 0x1C, 0xC0, 0xA0, 0xC1, 0x80, 0xC0, 0x00, 0xC0, 0x00, 0xC0, 0x00, 0xC0, 0x00, 0xC0,
    0x00, 0xC0, 0x00, 0xC0, 0x00, 0xC0, 0x00, 0xC0, 0x00, 0xC0, 0x00, 0xC0, 0x00, 0xC0, 0x00, 0xC0,
    0x00, 0xC0, 0x00, 0xC0, 0x00, 0x40, 0x00, 0x00, 0x00, 0x07, 0x00, 0x1C, 0x00, 0xB5, 0x55, 0xFA,
    0xAB, 0x34, 0x03, 0x0A, 0x03, 0x02, 0x43, 0x00, 0x03, 0x00, 0x03, 0x00, 0x03, 0x00, 0x03, 0x00,
    0x03, 0x00, 0x03, 0x00, 0x03, 0x00, 0x03, 0x00, 0x03, 0x00, 0x03, 0x00, 0x03, 0x00, 0x03, 0x00,
    0x03, 0x00, 0x03, 0x00, 0x03, 0x00, 0x01, 0xBF, 0xFD, 0xFF, 0xFE, 0xFF, 0xFD, 0xBF, 0xFD, 0xFF,
    0xFE, 0xFF, 0xFD, 0x15, 0x55, 0x55, 0x4F, 0xFF, 0xFF, 0xF3, 0xFF, 0xFF, 0xFC, 0xAA, 0xAA, 0xAA,
    0x7F, 0xFF, 0xFF, 0xEF, 0xFF, 0xFF, 0xF4, 0xAA, 0xAA, 0xAA, 0xAA, 0xAA, 0xAA, 0xBF, 0xFF, 0xFF,
    0xFF, 0xFF, 0xFF, 0xFF, 0xFF, 0xFF, 0xFF, 0xFF, 0xFF, 0xFC, 0xAA, 0xAA, 0xAA, 0xAA, 0xAA, 0xAA,
    0xBF, 0xFF, 0xFF, 0xFF, 0xFF, 0xFF, 0xFF, 0xFF, 0xFF, 0xFF, 0xFF, 0xFF, 0xFC, 0x54, 0x05, 0x3F,
    0x0B, 0xDF, 0xC2, 0xF7, 0xF0, 0xBD, 0xFC, 0x2F, 0x7F, 0x0B, 0xDF, 0xC2, 0xF7, 0xF0, 0xBD, 0xFC,
    0x2F, 0x7F, 0x0B, 0xDF, 0xC2, 0xF7, 0xF0, 0xBD, 0xFC, 0x2F, 0x7F, 0x0B, 0xDF, 0xC2, 0xF7, 0xF0,
    0xBD, 0xFC, 0x2F, 0x7F, 0x0B, 0xDF, 0xC2, 0xF7, 0xF0, 0xBD, 0xFC, 0x2F, 0x7F, 0x0B, 0xDF, 0xC2,
    0xF7, 0xF0, 0xBD, 0xFC, 0x2F, 0x6A, 0x06, 0x80, 0xFF, 0xFF, 0xFF, 0x7F, 0xFF, 0xFF, 0xEA, 0xAA,
    0xAA, 0xA4, 0x00, 0x00, 0x00, 0xFF, 0xFF, 0xFF, 0x7F, 0xFF, 0xFF, 0xEA, 0xAA, 0xAA, 0xA4, 0x00,
    0x40, 0x7C, 0x0F, 0x83, 0xF0, 0x7E, 0x0B, 0xD0, 0xFE, 0x0B, 0xD0, 0x00, 0x00, 0x01, 0x40, 0xBF,
    0x07, 0xF0, 0x7F, 0x0B, 0xD0, 0xFC, 0x2F, 0x03, 0xD0, 0x00, 0x00, 0x00, 0x00, 0xFC, 0x0F, 0xD0,
    0xFC, 0x0F, 0xC2, 0xF4, 0x3E, 0x0B, 0xC0, 0x10, 0x00, 0x04, 0x03, 0xF4, 0xBF, 0x0B, 0xE0, 0x7F,
    0x02, 0xF0, 0x0F, 0x80, 0x7C, 0x01, 0x80, 0x00, 0x40, 0x10, 0x1F, 0x03, 0xD0, 0xF8, 0x3F, 0x0F,
    0xC2, 0xF0, 0x7E, 0x0F, 0xC2, 0xF4, 0x7E, 0x0F, 0xE2, 0xFC, 0x2F, 0x47, 0xE0, 0x00, 0x00, 0x00,
    0x00, 0x00, 0x00, 0x07, 0xE0, 0xFC, 0x07, 0xF0, 0xFC, 0x03, 0xF0, 0xFC, 0x07, 0xD0, 0xF8, 0x0F,
    0xC2, 0xF0, 0x1F, 0x43, 0xE0, 0x3D, 0x0F, 0x80, 0x10, 0x05, 0x00, 0x00, 0x00, 0x00, 0x3F, 0x0F,
    0xC0, 0xFD, 0x3F, 0x43, 0xF0, 0xFC, 0x0F, 0xC3, 0xF0, 0xBD, 0x2F, 0x43, 0xE0, 0xF8, 0x2F, 0x0B,
    0xC0, 0x10, 0x04, 0x00, 0x04, 0x01, 0x00, 0xFD, 0x3F, 0x4B, 0xF2, 0xFC, 0x2F, 0x8B, 0xE0, 0x7F,
    0x1F, 0xC0, 0xBC, 0x2F, 0x00, 0xF8, 0x3E, 0x01, 0xF0, 0x7C, 0x01, 0x80, 0x60, 0x00, 0x19, 0x00,
    0x00, 0xFC, 0x00, 0x03, 0xE0, 0x00, 0x0F, 0x00, 0x00, 0x7C, 0x02, 0xFF, 0xFF, 0xFF, 0xFF, 0xFF,
    0x90, 0x3C, 0x04, 0x00, 0xF0, 0x00, 0x07, 0xC0, 0x00, 0x2E, 0x00, 0x00, 0xF8, 0x00, 0x03, 0xD0,
    0x00, 0x1F, 0x40, 0x00, 0xFC, 0x00, 0x03, 0xF0, 0x00, 0x00, 0x00, 0x00, 0x00, 0x01, 0x90, 0x00,
    0x00, 0xFC, 0x00, 0x00, 0x3E, 0x00, 0x00, 0x0F, 0x00, 0x00, 0x07, 0xC0, 0x02, 0xFF, 0xFF, 0xF0,
    0xFF, 0xFF, 0xF8, 0x10, 0x3D, 0x04, 0x00, 0x0F, 0x40, 0x00, 0x0B, 0xC0, 0x00, 0x03, 0xF0, 0x00,
    0x00, 0xF8, 0x00, 0x29, 0x7D, 0x69, 0x0F, 0xFF, 0xFF, 0x47, 0xEB, 0xEB, 0xC0, 0x02, 0xE0, 0x00,
    0x00, 0xF8, 0x00, 0x00, 0x3E, 0x00, 0x00, 0x2F, 0x80, 0x00, 0x00, 0x00, 0x00, 0x00, 0x00, 0x3F,
    0xC3, 0xFF, 0x4F, 0xFD, 0x3F, 0xF0, 0x7F, 0x40, 0x00, 0x00, 0x24, 0x00, 0x1F, 0xD0, 0x07, 0xFF,
    0x41, 0xFF, 0xFD, 0x7F, 0xFF, 0xDF, 0xFF, 0x87, 0xFE, 0x01, 0xF8, 0x00, 0x10, 0x00, 0x00, 0x19,
    0x1F, 0xEB, 0xFD, 0xFE, 0x04, 0x00, 0x19, 0x00, 0x51, 0xFC, 0x0F, 0xDF, 0xF0, 0xBF, 0x6F, 0x82,
    0xFC, 0x10, 0x01, 0x40, 0x19, 0x00, 0x05, 0x00, 0x05, 0x1F, 0xC0, 0x0F, 0xD0, 0x0F, 0xEF, 0xF0,
    0x0B, 0xF4, 0x03, 0xFB, 0xF8, 0x01, 0xFC, 0x00, 0xFC, 0x10, 0x00, 0x14, 0x00, 0x04, 0x00, 0x2F,
    0x5F, 0xFB, 0xFC, 0xFD, 0x00, 0x00, 0x00, 0x00, 0x00, 0xD0, 0x00, 0x38, 0x40, 0x5E, 0xD0, 0xAF,
    0xC0, 0x1C, 0xC0, 0xA0, 0xC1, 0x80, 0xC0, 0x00, 0xC0, 0x00, 0xC0, 0x00, 0xC0, 0x00, 0xC0, 0x00,
    0xC0, 0x00, 0xC0, 0x00, 0xC0, 0x00, 0xC0, 0x00, 0xC0, 0x00, 0xC0, 0x00, 0xC0, 0x00, 0xC0, 0x00,
    0xC0, 0x00, 0xC0, 0x00, 0x40, 0x00, 0x00, 0x00, 0x07, 0x00, 0x1C, 0x00, 0xB5, 0x01, 0xFA, 0x07,
    0x34, 0x03, 0x0A, 0x03, 0x02, 0x43, 0x00, 0x03, 0x00, 0x03, 0x00, 0x03, 0x00, 0x03, 0x00, 0x03,
    0x00, 0x03, 0x00, 0x03, 0x00, 0x03, 0x00, 0x03, 0x00, 0x03, 0x00, 0x03, 0x00, 0x03, 0x00, 0x03,
    0x00, 0x03, 0x00, 0x03, 0x00, 0x01, 0x00, 0x00, 0x02, 0x80, 0x0B, 0xE0, 0x29, 0xA8, 0x61, 0x89,
    0x01, 0x80, 0x01, 0x80, 0x01, 0x80, 0x01, 0x80, 0x01, 0x80, 0x01, 0x80, 0x01, 0x80, 0x01, 0x80,
    0x01, 0x80, 0x01, 0x80, 0x01, 0x80, 0x01, 0x80, 0x01, 0x80, 0x01, 0x80, 0x01, 0x80, 0x01, 0x80,
    0x01, 0x80, 0x01, 0x80, 0x00, 0x00, 0x01, 0x04, 0x00, 0x0A, 0x34, 0x00, 0x0A, 0x38, 0x15, 0x5E,
    0x28, 0xEA, 0xBC, 0x73, 0x01, 0xC7, 0x0C, 0x1C, 0x70, 0x30, 0x86, 0x00, 0xC0, 0x00, 0x03, 0x00,
    0x00, 0x0C, 0x00, 0x00, 0x30, 0x00, 0x00, 0xC0, 0x00, 0x03, 0x00, 0x00, 0x0C, 0x00, 0x00, 0x30,
    0x00, 0x00, 0xC0, 0x00, 0x03, 0x00, 0x00, 0x0C, 0x00, 0x00, 0x30, 0x00, 0x00, 0xC0, 0x00, 0x03,
    0x00, 0x00, 0x0C, 0x00, 0x00, 0x10, 0x00, 0x00, 0x00, 0x04, 0x00, 0x1C, 0xA0, 0x02, 0xCA, 0x00,
    0x2C, 0xB5, 0x54, 0xD3, 0xEA, 0xB0, 0xD3, 0x40, 0xC0, 0xA3, 0x43, 0x00, 0x92, 0x0C, 0x00, 0x00,
    0x30, 0x00, 0x00, 0xC0, 0x00, 0x03, 0x00, 0x00, 0x0C, 0x00, 0x00, 0x30, 0x00, 0x00, 0xC0, 0x00,
    0x03, 0x00, 0x00, 0x0C, 0x00, 0x00, 0x30, 0x00, 0x00, 0xC0, 0x00, 0x03, 0x00, 0x00, 0x0C, 0x00,
    0x00, 0x30, 0x00, 0x00, 0xC0, 0x00, 0x03, 0x00, 0x00, 0x04, 0x00, 0x00, 0x00, 0x00, 0x00, 0x00,
    0x00, 0x00, 0x00, 0x01, 0x00, 0x00, 0x2C, 0x00, 0x00, 0x00, 0x00, 0x2F, 0xF8, 0x00, 0x1F, 0x80,
    0x00, 0x00, 0x00, 0x3F, 0xBF, 0x40, 0x0F, 0xC0, 0x00, 0x00, 0x00, 0x2F, 0x47, 0xE0, 0x0B, 0xC0,
    0x00, 0x00, 0x00, 0x0F, 0xC0, 0xF8, 0x07, 0xD0, 0x00, 0x00, 0x00, 0x07, 0xD0, 0x3E, 0x03, 0xE0,
    0x00, 0x00, 0x00, 0x02, 0xF4, 0x1F, 0x43, 0xF0, 0x00, 0x00, 0x00, 0x00, 0xBC, 0x0F, 0xC1, 0xF0,
    0x00, 0x00, 0x00, 0x00, 0x2F, 0x47, 0xE0, 0xF4, 0x2F, 0xE0, 0x00, 0xBF, 0x47, 0xFB, 0xF0, 0xF8,
    0x3F, 0xFE, 0x01, 0xFF, 0xF4, 0x7F, 0xE0, 0xBC, 0x3F, 0x0F, 0xC1, 0xF8, 0x7F, 0x00, 0x00, 0x7C,
    0x1F, 0x42, 0xF4, 0xFC, 0x0F, 0xC0, 0x00, 0x3D, 0x0F, 0xC0, 0xBC, 0x3E, 0x03, 0xF0, 0x00, 0x3F,
    0x03, 0xF0, 0x3F, 0x1F, 0x40, 0xF8, 0x00, 0x2F, 0x00, 0xF8, 0x0F, 0x8B, 0xD0, 0xBD, 0x00, 0x1F,
    0x40, 0x3F, 0x0B, 0xD1, 0xF4, 0x3F, 0x00, 0x0F, 0xC0, 0x0F, 0xEB, 0xE0, 0x7F, 0x7F, 0x00, 0x0F,
    0xC0, 0x01, 0xFF, 0xE0, 0x0B, 0xFF, 0x00, 0x02, 0xD0, 0x00, 0x06, 0x40, 0x00, 0x15, 0x00, 0x00,
    0x10, 0x00, 0x00, 0x00, 0x00, 0x00, 0x00, 0x00, 0x00, 0x00, 0x3D, 0x07, 0xF0, 0xBE, 0x0F, 0xC2,
    0xF8, 0x3F, 0x03, 0xC0, 0x14, 0x00, 0x00, 0x00, 0x00, 0x0F, 0x43, 0xC0, 0x7F, 0x1F, 0x82, 0xF8,
    0xFD, 0x0F, 0xC7, 0xF0, 0xBE, 0x2F, 0x43, 0xF0, 0xFC, 0x0F, 0x07, 0xC0, 0x14, 0x05, 0x00, 0x00,
    0x00, 0x00, 0x00, 0x00, 0xF4, 0x1E, 0x03, 0xC0, 0x7F, 0x0F, 0xD1, 0xF8, 0x2F, 0x87, 0xF0, 0xFD,
    0x0F, 0xC2, 0xF8, 0x7F, 0x0B, 0xE0, 0xFC, 0x2F, 0x43, 0xF0, 0xBD, 0x0F, 0xC0, 0xF0, 0x2E, 0x07,
    0xC0, 0x14, 0x02, 0x00, 0x50, 0x00, 0x00, 0x02, 0xD0, 0x7E, 0x03, 0xF0, 0x2F, 0x80, 0xFC, 0x0B,
    0xD0, 0x3E, 0x00, 0x80, 0x00, 0x00, 0x00, 0x2D, 0x07, 0x80, 0x7E, 0x0F, 0xC0, 0x3F, 0x0B, 0xE0,
    0x2F, 0x87, 0xF0, 0x0F, 0xC2, 0xF4, 0x0B, 0xD0, 0xFC, 0x03, 0xE0, 0x7C, 0x00, 0x80, 0x14, 0x00,
    0x00, 0x00, 0x00, 0x0B, 0x41, 0xE0, 0x3C, 0x07, 0xE0, 0xFC, 0x2F, 0x80, 0xFC, 0x2F, 0x87, 0xF0,
    0x2F, 0x87, 0xF0, 0xFD, 0x03, 0xF0, 0xBD, 0x1F, 0xC0, 0xBD, 0x0F, 0xC2, 0xF4, 0x0F, 0x81, 0xF0,
    0x3D, 0x00, 0x80, 0x14, 0x01, 0x00, 0x00, 0x60, 0x00, 0x07, 0xE0, 0x00, 0x7F, 0xE0, 0x07, 0xE3,
    0xE0, 0x7E, 0x03, 0xE0, 0x00, 0x00, 0x00, 0x00, 0x00, 0x00, 0x0B, 0x80, 0x0F, 0xE0, 0x1F, 0xD0,
    0x1F, 0xD0, 0x0F, 0xE0, 0x03, 0xFC, 0x00, 0x3F, 0x40, 0x07, 0xF0, 0x00, 0x3D, 0x00, 0x00, 0x00,
    0x00, 0x00, 0x07, 0xC0, 0x07, 0xF0, 0x02, 0xFC, 0x00, 0xFF, 0x00, 0xBF, 0x01, 0xFD, 0x07, 0xF4,
    0x1F, 0xC0, 0x3E, 0x00, 0x00, 0x00, 0x00, 0x00, 0x00, 0x00, 0x70, 0x00, 0x00, 0x2C, 0x7C, 0x07,
    0xC0, 0x7C, 0x2F, 0x0B, 0xD1, 0xF0, 0x0B, 0xC3, 0x87, 0xC0, 0x02, 0xF0, 0x1F, 0x00, 0x00, 0xB8,
    0x3D, 0x00, 0x08, 0x3E, 0xF4, 0x50, 0x3F, 0x0F, 0xD1, 0xF8, 0x3F, 0x0F, 0xD1, 0xF8, 0x04, 0x3E,
    0xF4, 0x50, 0x00, 0xF8, 0x3D, 0x00, 0x02, 0xE0, 0x0F, 0x40, 0x0B, 0xC7, 0x87, 0xC0, 0x2F, 0x0B,
    0xD1, 0xF0, 0x7C, 0x07, 0xC0, 0x7C, 0x70, 0x00, 0x00, 0x28, 0x00, 0x00, 0x00, 0x00, 0x00, 0x68,
    0x01, 0xA0, 0x07, 0xF0, 0x2F, 0xC0, 0x3F, 0x80, 0xFE, 0x01, 0xFD, 0x07, 0xF0, 0x07, 0xF0, 0x2F,
    0xC0, 0x2F, 0x80, 0xFE, 0x00, 0xFD, 0x03, 0xF0, 0x03, 0xF0, 0x0F, 0xC0, 0x0F, 0xC0, 0x7E, 0x00,
    0x3E, 0x01, 0xF4, 0x01, 0xF4, 0x07, 0xC0, 0x07, 0xC0, 0x2F, 0x00, 0x2F, 0x00, 0xB8, 0x00, 0xB4,
    0x03, 0xD0, 0x00, 0x00, 0x00, 0x00, 0x01, 0x00, 0x04, 0x00, 0x7F, 0x01, 0xF8, 0x02, 0xFC, 0x0F,
    0xE0, 0x0B, 0xD0, 0x3F, 0x40, 0x04, 0x00, 0x10, 0x00, 0xFF, 0xFF, 0xFF, 0x7F, 0xFF, 0xFF, 0xEA,
    0xAA, 0xAA, 0xA4, 0xBF, 0xDF, 0xFD, 0xFF, 0xC0, 0x00, 0x00, 0x00, 0x00, 0x00, 0x00, 0x00, 0x07,
    0x40, 0x00, 0x00, 0x03, 0xF0, 0x00, 0x00, 0x02, 0xF4, 0x00, 0x00, 0x01, 0xF4, 0x00, 0x00, 0x00,
    0xF8, 0x00, 0x00, 0x00, 0xFC, 0x00, 0x00, 0x00, 0x7C, 0x00, 0x00, 0x00, 0x3D, 0x00, 0x00, 0x00,
    0x3E, 0x00, 0x00, 0x00, 0x2F, 0x00, 0x00, 0x00, 0x1F, 0x00, 0x00, 0x00, 0x0F, 0x40, 0x00, 0x00,
    0x0F, 0xC0, 0x00, 0x00, 0x0B, 0xC0, 0x00, 0x00, 0x07, 0xD0, 0x00, 0x00, 0x03, 0xE0, 0x00, 0x00,
    0x03, 0xF0, 0x00, 0x00, 0x02, 0xF4, 0x00, 0x00, 0x00, 0xB8, 0x00, 0x00, 0x00, 0x00, 0x00, 0x00,
    0x00, 0x00, 0x00, 0x00, 0x00, 0x00, 0x01, 0xFF, 0x00, 0x3F, 0xE0, 0x7F, 0xFC, 0x0F, 0xFF, 0x8B,
    0xFF, 0xE0, 0xFF, 0xFC, 0x74, 0x3F, 0x0E, 0x0B, 0xD0, 0x03, 0xF0, 0x00, 0x7D, 0x00, 0x3D, 0x00,
    0x0F, 0xC0, 0x0F, 0xC0, 0x02, 0xF4, 0x03, 0xF0, 0x00, 0xBD, 0x01, 0xFC, 0x00, 0x2F, 0x40, 0x3E,
    0x00, 0x0B, 0xC0, 0x0B, 0xC0, 0x00, 0xF8, 0x00, 0xFF, 0xC0, 0x1F, 0xF8, 0x07, 0xF8, 0x00, 0xFF,
    0x00, 0x00, 0x00, 0x00, 0x00, 0x00, 0x40, 0x00, 0x10, 0x00, 0x7E, 0x00, 0x0F, 0xC0, 0x0F, 0xE0,
    0x01, 0xFC, 0x00, 0xFD, 0x00, 0x1F, 0x80, 0x01, 0x00, 0x00, 0x50, 0x00, 0x00, 0x00, 0x00, 0x68,
    0x1F, 0xF0, 0x01, 0xFC, 0x7F, 0xFC, 0x03, 0xF8, 0xBF, 0xFE, 0x03, 0xF4, 0x74, 0x3F, 0x07, 0xF0,
    0x00, 0x3F, 0x0B, 0xE0, 0x00, 0x3D, 0x0F, 0xD0, 0x00, 0xFC, 0x0F, 0xC0, 0x03, 0xF0, 0x0F, 0xC0,
    0x1F, 0xC0, 0x0F, 0x80, 0x3E, 0x00, 0x1F, 0x40, 0xBC, 0x00, 0x1F, 0x00, 0xFF, 0xC0, 0x1F, 0x00,
    0x7F, 0x80, 0x2E, 0x00, 0x00, 0x00, 0x00, 0x00, 0x04, 0x00, 0x04, 0x00, 0x7E, 0x00, 0x7F, 0x00,
    0xFE, 0x00, 0xBF, 0x00, 0xFD, 0x00, 0xBD, 0x00, 0x10, 0x00, 0x10, 0x00, 0x00, 0x68, 0x00, 0x00,
    0x00, 0x7F, 0x07, 0xFD, 0x00, 0x3F, 0x83, 0xFF, 0xD0, 0x1F, 0xD0, 0xFF, 0xFC, 0x07, 0xF0, 0x34,
    0x3F, 0x02, 0xF8, 0x00, 0x0B, 0xC0, 0xFD, 0x00, 0x03, 0xF0, 0x3F, 0x00, 0x02, 0xF0, 0x0F, 0xC0,
    0x03, 0xF0, 0x03, 0xE0, 0x03, 0xF0, 0x01, 0xF4, 0x03, 0xF0, 0x00, 0x7C, 0x01, 0xF4, 0x00, 0x2F,
    0x00, 0x7F, 0xE0, 0x0B, 0x40, 0x0F, 0xE0, 0x00, 0x00, 0x00, 0x00, 0x00, 0x10, 0x00, 0x10, 0x00,
    0x7F, 0x00, 0x3F, 0x00, 0x2F, 0xC0, 0x2F, 0xC0, 0x0B, 0xD0, 0x0B, 0xE0, 0x00, 0x40, 0x00, 0x40,
    0x00, 0x00, 0x40, 0x00, 0x00, 0x3F, 0xF8, 0x02, 0xD3, 0xFF, 0xFE, 0xBF, 0x6F, 0x42, 0xFF, 0xF8,
    0x24, 0x00, 0xBE, 0x40, 0x00, 0x00, 0x00, 0x00, 0x00, 0x00, 0x00, 0x00, 0x00, 0x00, 0x0F, 0x41,
    0xE0, 0x3C, 0x0B, 0x80, 0x7F, 0x0F, 0xD1, 0xF8, 0x3F, 0x02, 0xF8, 0x7F, 0x0F, 0xD1, 0xFC, 0x0F,
    0xC2, 0xF8, 0x7F, 0x0F, 0xD0, 0xBE, 0x0F, 0xC2, 0xF4, 0x3F, 0x03, 0xF0, 0xBD, 0x0F, 0xC2, 0xF4,
    0x0F, 0x02, 0xE0, 0x7C, 0x0F, 0x80, 0x14, 0x02, 0x00, 0x50, 0x08, 0x00, 0x00, 0x19, 0x00, 0x07,
    0xFF, 0x80, 0x7E, 0x7F, 0x03, 0xF0, 0xBD, 0x2F, 0x41, 0xF4, 0xFC, 0x07, 0xD3, 0xE0, 0x2F, 0x1F,
    0x80, 0xFC, 0x7E, 0x07, 0xD0, 0xFC, 0x3F, 0x02, 0xFF, 0xF0, 0x02, 0xFD, 0x00, 0x00, 0x00, 0x50,
    0x00, 0x0F, 0xC0, 0x00, 0xFE, 0x00, 0x0F, 0xF8, 0x00, 0xF7, 0xD0, 0x0F, 0x4F, 0x00, 0xF4, 0x7C,
    0x0F, 0xD7, 0xF4, 0x7F, 0xFF, 0xF0, 0x55, 0xBE, 0x40, 0x01, 0xF0, 0x00, 0x07, 0x80, 0x00, 0x15,
    0x50, 0x03, 0xFF, 0xD0, 0x1F, 0xAA, 0x00, 0xB8, 0x00, 0x03, 0xF8, 0x00, 0x0F, 0xFD, 0x00, 0x01,
    0xFC, 0x00, 0x02, 0xF0, 0x00, 0x0F, 0xC0, 0x01, 0xFD, 0x03, 0xFF, 0xD0, 0x0F, 0xF8, 0x00, 0x00,
    0x00, 0x00, 0x00, 0x05, 0x80, 0x0B, 0xFF, 0x03, 0xF9, 0x00, 0xFC, 0x00, 0x2F, 0x90, 0x07, 0xFF,
    0xE0, 0xBD, 0x6F, 0x4F, 0x80, 0xF8, 0xF8, 0x0F, 0x8B, 0xC1, 0xF4, 0x7F, 0xFE, 0x00, 0xBF, 0x40,
    0x15, 0x55, 0x0F, 0xFF, 0xFB, 0xEB, 0xFB, 0xC0, 0xFC, 0x50, 0xBC, 0x00, 0x7D, 0x00, 0x3E, 0x00,
    0x3F, 0x00, 0x2F, 0x40, 0x0F, 0xC0, 0x07, 0xD0, 0x01, 0xF0, 0x00, 0x00, 0x00, 0x00, 0x00, 0x1A,
    0x40, 0x07, 0xFF, 0x80, 0x3E, 0x2F, 0x02, 0xF0, 0x7C, 0x07, 0xD3, 0xE0, 0x0B, 0xFD, 0x00, 0x7F,
    0xF4, 0x07, 0xC3, 0xF0, 0x3E, 0x07, 0xD0, 0xF8, 0x2F, 0x02, 0xFF, 0xF4, 0x02, 0xFE, 0x00, 0x00,
    0x19, 0x00, 0x0B, 0xFF, 0x00, 0xBD, 0x7F, 0x03, 0xE0, 0x7C, 0x0F, 0x41, 0xF0, 0x3E, 0x0B, 0xC0,
    0xBF, 0xFF, 0x00, 0xBF, 0xF4, 0x00, 0x1F, 0x80, 0x02, 0xFC, 0x07, 0xFF, 0x80, 0x0F, 0xE0, 0x00,
    0x05, 0x01, 0x40, 0xFD, 0xBF, 0x00, 0xFB, 0xBC, 0x03, 0xF1, 0xF0, 0x0F, 0x8B, 0x80, 0x7C, 0x3D,
    0x02, 0xE0, 0xF6, 0x0F, 0x47, 0xFC, 0x3C, 0x0F, 0x80, 0x00, 0x00, 0x00, 0x00, 0x7F, 0x80, 0x0F,
    0xFF, 0xC0, 0xBD, 0x3F, 0x47, 0xE0, 0x7D, 0x2F, 0x01, 0xF4, 0xFC, 0x0B, 0xD3, 0xE0, 0x3F, 0x1F,
    0x80, 0xF8, 0x3E, 0x0B, 0xC0, 0xFE, 0xBE, 0x01, 0xFF, 0xD0, 0x00, 0x64, 0x00, 0x00, 0x00, 0x00,
    0x7C, 0x0F, 0xFC, 0x0A, 0xFC, 0x00, 0xF8, 0x00, 0xF4, 0x01, 0xF4, 0x02, 0xF0, 0x03, 0xF0, 0x03,
    0xE0, 0x1B, 0xF4, 0x7F, 0xFC, 0x15, 0x50, 0x00, 0xBF, 0x80, 0x0F, 0xFF, 0xC0, 0xFC, 0x2F, 0x02,
    0xC0, 0xBC, 0x00, 0x07, 0xE0, 0x00, 0x7E, 0x00, 0x07, 0xE0, 0x00, 0xBD, 0x00, 0x0F, 0xC0, 0x00,
    0xFF, 0xFF, 0x43, 0xFF, 0xFC, 0x00, 0x55, 0x00, 0x01, 0xFE, 0x03, 0xFF, 0xE0, 0xF0, 0xFC, 0x10,
    0x3E, 0x00, 0x7F, 0x01, 0xFF, 0x40, 0x6B, 0xF0, 0x00, 0x7C, 0x00, 0x3F, 0x15, 0xBF, 0x4F, 0xFF,
    0x41, 0xA4, 0x00, 0x00, 0x01, 0xF0, 0x00, 0x2F, 0xC0, 0x02, 0xFE, 0x00, 0x2F, 0xF4, 0x01, 0xF3,
    0xC0, 0x1F, 0x1F, 0x01, 0xF0, 0xBC, 0x1F, 0xFF, 0xFD, 0x3F, 0xFF, 0xF0, 0x00, 0x7C, 0x00, 0x01,
    0xF0, 0x00, 0x01, 0x40, 0x00, 0xAA, 0xA4, 0x03, 0xFF, 0xC0, 0x2F, 0x55, 0x00, 0xF8, 0x00, 0x03,
    0xFE, 0x00, 0x06, 0xFE, 0x00, 0x00, 0xFC, 0x00, 0x02, 0xF0, 0x00, 0x1F, 0x80, 0x57, 0xFC, 0x03,
    0xFF, 0x80, 0x06, 0x90, 0x00, 0x00, 0x1F, 0xE0, 0x1F, 0xFE, 0x0B, 0xF4, 0x01, 0xF8, 0x00, 0x3F,
    0xF8, 0x07, 0xFF, 0xF0, 0xBC, 0x1F, 0x8F, 0x80, 0xF8, 0xFC, 0x0F, 0x4B, 0xD7, 0xF0, 0x3F, 0xFC,
    0x00, 0x69, 0x00, 0x2A, 0xAA, 0x5F, 0xFF, 0xFB, 0x82, 0xF6, 0xC0, 0xF8, 0x00, 0xF8, 0x00, 0xBC,
    0x00, 0x7D, 0x00, 0x3E, 0x00, 0x3F, 0x00, 0x1F, 0x80, 0x0B, 0xC0, 0x00, 0x90, 0x00, 0x00, 0x7F,
    0x80, 0x0B, 0xEF, 0xC0, 0x7C, 0x1F, 0x02, 0xF0, 0xBC, 0x03, 0xFB, 0xC0, 0x0B, 0xFC, 0x00, 0xF9,
    0xFC, 0x0B, 0xC2, 0xF4, 0x3E, 0x07, 0xD0, 0xFD, 0x7F, 0x01, 0xFF, 0xE0, 0x00, 0x54, 0x00, 0x00,
    0xBF, 0x40, 0x0F, 0xFF, 0x80, 0xFC, 0x2F, 0x03, 0xD0, 0x7C, 0x0F, 0x41, 0xF0, 0x3F, 0x5B, 0xC0,
    0x7F, 0xFE, 0x00, 0x17, 0xF0, 0x00, 0x2F, 0x40, 0x1B, 0xF4, 0x07, 0xFE, 0x00, 0x05, 0x40, 0x00,
    0x00, 0x00, 0x00, 0x00, 0x00, 0x1F, 0xFF, 0xFF, 0xE0, 0x0B, 0xFF, 0xFF, 0xF8, 0x00, 0x3F, 0xD5,
    0x7D, 0x00, 0x0F, 0xE0, 0x0F, 0x00, 0x03, 0xF4, 0x03, 0x80, 0x01, 0xFC, 0x00, 0x00, 0x00, 0xBF,
    0x00, 0x00, 0x00, 0x3F, 0xFF, 0xF0, 0x00, 0x0F, 0xFF, 0xF8, 0x00, 0x07, 0xF9, 0x54, 0x00, 0x02,
    0xFC, 0x00, 0x00, 0x06, 0xFF, 0xA4, 0x00, 0x02, 0xFF, 0xFE, 0x00, 0x00, 0x0F, 0xD0, 0x00, 0x00,
    0x07, 0xF4, 0x00, 0x00, 0x1F, 0xFF, 0xE0, 0x00, 0x0F, 0xFF, 0xF4, 0x00, 0x00, 0x00, 0x00, 0x00,
    0x40, 0x00, 0x00, 0x07, 0xFF, 0x40, 0x00, 0x0B, 0xFF, 0xF0, 0x00, 0x07, 0xF0, 0xFD, 0x00, 0x03,
    0xF0, 0x1F, 0x40, 0x02, 0xF8, 0x07, 0x40, 0x00, 0xFD, 0x00, 0x00, 0x06, 0xBF, 0x5A, 0x40, 0x03,
    0xFF, 0xFF, 0xC0, 0x00, 0x5F, 0xE5, 0x50, 0x00, 0x57, 0xF5, 0x54, 0x00, 0x3F, 0xFF, 0xFC, 0x00,
    0x06, 0xFE, 0xA9, 0x00, 0x00, 0x3F, 0x00, 0x00, 0x00, 0x1F, 0xC0, 0x00, 0x00, 0xFF, 0xFA, 0xAB,
    0xF0, 0x7F, 0xFF, 0xFF, 0xF8, 0x1F, 0xE1, 0xBF, 0xFC, 0x01, 0x40, 0x00, 0x00, 0x00, 0x00, 0x00,
    0x54, 0x00, 0x00, 0x00, 0x00, 0x00, 0x00, 0x2F, 0xFF, 0xF4, 0x00, 0x00, 0x00, 0x00, 0x00, 0x3F,
    0xFF, 0xFF, 0x80, 0x00, 0x00, 0x00, 0x00, 0x09, 0xFF, 0x1F, 0xF4, 0x00, 0x00, 0x00, 0x00, 0x00,
    0x3F, 0x81, 0xFE, 0x00, 0x00, 0x00, 0x00, 0x00, 0x0F, 0xD0, 0x3F, 0x80, 0xF4, 0x00, 0x00, 0x00,
    0x07, 0xF0, 0x0F, 0xE0, 0xBC, 0x00, 0x00, 0x00, 0x02, 0xFC, 0x07, 0xF4, 0x3F, 0x50, 0x02, 0xA0,
    0x00, 0xFF, 0x03, 0xFC, 0xFF, 0xFE, 0x0B, 0xFF, 0x00, 0x3F, 0xDB, 0xFC, 0x2F, 0xFA, 0x07, 0xD6,
    0xC0, 0x0F, 0xFF, 0xF8, 0x03, 0xF4, 0x02, 0xF0, 0x00, 0x07, 0xFF, 0x90, 0x00, 0xFC, 0x00, 0xBF,
    0x40, 0x02, 0xFC, 0x00, 0x00, 0x3F, 0x00, 0x0F, 0xF4, 0x00, 0xFF, 0x00, 0x00, 0x1F, 0xC0, 0x00,
    0xBF, 0x40, 0x3F, 0x80, 0x00, 0x0B, 0xE0, 0x44, 0x0B, 0xE0, 0x1F, 0xE0, 0x00, 0x03, 0xF9, 0xF3,
    0xC1, 0xF4, 0x3F, 0xFF, 0x40, 0x00, 0xFF, 0xF9, 0xFF, 0xFC, 0x2F, 0xFF, 0xD0, 0x00, 0x1F, 0xF4,
    0x1F, 0xF8, 0x00, 0x00, 0x00, 0x00, 0x00, 0x00, 0x00, 0x00, 0x00, 0x00, 0x00, 0x00, 0x50, 0x00,
    0x00, 0x02, 0xFF, 0xF8, 0x00, 0x01, 0xFF, 0xFF, 0xC0, 0x00, 0x7F, 0xE4, 0xBC, 0x00, 0x1F, 0xE0,
    0x0B, 0x80, 0x03, 0xF8, 0x00, 0xA0, 0x00, 0x7F, 0x00, 0x00, 0x00, 0xBF, 0xFF, 0xFC, 0x00, 0x0F,
    0xFF, 0xFF, 0x80, 0x00, 0x1F, 0xC0, 0x00, 0x00, 0x2F, 0xFF, 0xFF, 0x00, 0x03, 0xFF, 0xFF, 0xE0,
    0x00, 0x01, 0xFC, 0x00, 0x00, 0x00, 0x1F, 0xD0, 0x00, 0x00, 0x00, 0xFF, 0x40, 0x05, 0x00, 0x0B,
    0xFF, 0xAB, 0xE0, 0x00, 0x2F, 0xFF, 0xFC, 0x00, 0x00, 0x7F, 0xFE, 0x00, 0x00, 0x00, 0x00, 0x00,
    0x00, 0x00, 0x00, 0x00, 0x00, 0x00, 0x00, 0x05, 0x04, 0x00, 0x00, 0xF0, 0x03, 0xFF, 0xD0, 0x00,
    0x3F, 0x00, 0xFD, 0xFC, 0x00, 0x0B, 0xC0, 0x1F, 0x0B, 0x80, 0x00, 0xF4, 0x03, 0xD0, 0xF4, 0x00,
    0x3E, 0x00, 0x3C, 0x1F, 0x00, 0x0B, 0xC0, 0x03, 0xC3, 0xF1, 0x01, 0xF0, 0x00, 0x3F, 0xFF, 0xF0,
    0x3D, 0x00, 0x02, 0xFC, 0xFC, 0x0B, 0x80, 0x00, 0x00, 0x01, 0x01, 0xF0, 0x05, 0x40, 0x00, 0x00,
    0x3C, 0x03, 0xFD, 0x00, 0x00, 0x0F, 0x80, 0xFA, 0xC0, 0x00, 0x02, 0xF0, 0x3E, 0x00, 0x00, 0x00,
    0x7C, 0x03, 0xC0, 0x00, 0x00, 0x0F, 0x40, 0x7C, 0x00, 0x00, 0x03, 0xE0, 0x07, 0xC1, 0x80, 0x00,
    0xBC, 0x00, 0x3F, 0xFC, 0x00, 0x2F, 0x40, 0x01, 0xFE, 0x00, 0x02, 0xE0, 0x00, 0x00, 0x00, 0x00,
    0x04, 0x00, 0x00, 0x00, 0x00, 0x00, 0x00, 0x00, 0x00, 0x00, 0x00, 0x14, 0x10, 0x00, 0x03, 0xC0,
    0x3F, 0xFD, 0x00, 0x03, 0xF0, 0x3F, 0x7F, 0x00, 0x02, 0xF0, 0x1F, 0x0B, 0x80, 0x01, 0xF4, 0x0F,
    0x43, 0xD0, 0x00, 0xF8, 0x03, 0xC1, 0xF0, 0x00, 0xBC, 0x00, 0xF0, 0xFC, 0x40, 0x7C, 0x00, 0x3F,
    0xFF, 0xF0, 0x3D, 0x00, 0x0B, 0xF3, 0xF0, 0x2E, 0x00, 0x00, 0x00, 0x10, 0x1F, 0x00, 0x50, 0x00,
    0x00, 0x0F, 0x02, 0xFF, 0x00, 0x00, 0x0F, 0x42, 0xE6, 0x40, 0x00, 0x0B, 0xC0, 0xBC, 0x00, 0x00,
    0x0B, 0xC0, 0x0F, 0xD0, 0x00, 0x07, 0xD0, 0x00, 0xFC, 0x00, 0x03, 0xE0, 0x06, 0x0F, 0x40, 0x03,
    0xF0, 0x03, 0xEB, 0xC0, 0x02, 0xF4, 0x00, 0x7F, 0xC0, 0x00, 0xB8, 0x00, 0x00, 0x00, 0x00, 0x04,
    0x00, 0x00, 0x00, 0x00, 0x00, 0x50, 0x00, 0x00, 0x2A, 0xA4, 0x03, 0xFF, 0x80, 0x01, 0xFF, 0xFF,
    0xD3, 0xFF, 0xF4, 0x02, 0xFF, 0xFF, 0xFA, 0xF4, 0x3F, 0x02, 0xFF, 0x40, 0x7D, 0xFC, 0x0B, 0xC1,
    0xFE, 0x00, 0x1F, 0x3E, 0x02, 0xF0, 0xFF, 0x00, 0x0B, 0x8B, 0xD0, 0xFC, 0xBF, 0x00, 0x00, 0x01,
    0xFF, 0xFD, 0x3F, 0xC0, 0x00, 0x00, 0x1F, 0xFD, 0x1F, 0xE0, 0x00, 0x00, 0x00, 0x54, 0x0B, 0xF4,
    0x00, 0x00, 0x00, 0x00, 0x02, 0xFD, 0x00, 0x00, 0x00, 0x00, 0x00, 0xBF, 0x40, 0x00, 0x00, 0x00,
    0x00, 0x2F, 0xE0, 0x00, 0x00, 0x00, 0x00, 0x07, 0xFC, 0x00, 0x07, 0x00, 0x00, 0x00, 0xFF, 0xD0,
    0x0B, 0xC0, 0x00, 0x00, 0x2F, 0xFF, 0xFF, 0xE0, 0x00, 0x00, 0x03, 0xFF, 0xFF, 0xE0, 0x00, 0x00,
    0x00, 0x1F, 0xFF, 0x90, 0x00, 0x00, 0x00, 0x00, 0x00, 0x00, 0x00, 0x00, 0x00, 0x00, 0x00, 0x00,
    0x00, 0x14, 0x00, 0x00, 0xF0, 0x00, 0x7F, 0xC0, 0x00, 0xFC, 0x00, 0x7E, 0xA0, 0x00, 0xBC, 0x00,
    0x3D, 0x00, 0x00, 0x3D, 0x00, 0x1F, 0x00, 0x00, 0x3E, 0x00, 0x0B, 0xC0, 0x00, 0x2F, 0x00, 0x02,
    0xF0, 0x90, 0x1F, 0x00, 0x00, 0x7E, 0xF8, 0x0F, 0x40, 0x00, 0x0F, 0xF4, 0x0B, 0x80, 0x00, 0x00,
    0x00, 0x07, 0xC0, 0x05, 0x00, 0x00, 0x03, 0xC0, 0x3F, 0xF4, 0x00, 0x03, 0xE0, 0x3F, 0x6F, 0x00,
    0x02, 0xF0, 0x2F, 0x07, 0xC0, 0x01, 0xF0, 0x0F, 0x42, 0xF0, 0x00, 0xF4, 0x03, 0xC0, 0xF8, 0x00,
    0xF8, 0x00, 0xF0, 0x7D, 0x00, 0xBC, 0x00, 0x3E, 0xBE, 0x00, 0xBD, 0x00, 0x07, 0xFD, 0x00, 0x2E,
    0x00, 0x00, 0x00, 0x00, 0x01, 0x00, 0x00, 0x00, 0x00, 0x00, 0x00, 0x00, 0x00, 0x00, 0x00, 0x00,
    0x14, 0x00, 0x02, 0xE0, 0x00, 0x7F, 0xC0, 0x00, 0xF8, 0x00, 0x7E, 0xA0, 0x00, 0xFC, 0x00, 0x3D,
    0x00, 0x00, 0xBC, 0x00, 0x1F, 0x00, 0x00, 0x7D, 0x00, 0x0B, 0xC0, 0x00, 0x3E, 0x00, 0x02, 0xF0,
    0x90, 0x2F, 0x00, 0x00, 0x7E, 0xF8, 0x1F, 0x00, 0x00, 0x0F, 0xF4, 0x0F, 0x40, 0x00, 0x00, 0x00,
    0x0B, 0x81, 0x40, 0x10, 0x00, 0x0B, 0xC3, 0xF8, 0x3D, 0x00, 0x07, 0xC0, 0x7D, 0x0F, 0x00, 0x03,
    0xD0, 0x0F, 0x07, 0x80, 0x03, 0xE0, 0x07, 0xC3, 0xD0, 0x02, 0xF0, 0x02, 0xE1, 0xF0, 0x01, 0xF4,
    0x00, 0xF4, 0xFC, 0x40, 0xF8, 0x00, 0x3F, 0xFF, 0xF0, 0xFC, 0x00, 0x0B, 0xF3, 0xF0, 0x3C, 0x00,
    0x00, 0x00, 0x00, 0x01, 0x00, 0x00, 0x00, 0x00, 0x00, 0x00, 0x50, 0x01, 0x55, 0x55, 0x50, 0x3F,
    0xF8, 0x2F, 0xFF, 0xFF, 0xE3, 0xFF, 0xF4, 0x7F, 0xFF, 0xFF, 0xAF, 0x43, 0xF0, 0x3F, 0xC0, 0x3D,
    0xFC, 0x0B, 0xC0, 0xFE, 0x00, 0xF3, 0xE0, 0x2F, 0x07, 0xF4, 0x03, 0x8B, 0xD0, 0xFC, 0x2F, 0xD0,
    0x00, 0x1F, 0xFF, 0xD0, 0xBF, 0x00, 0x00, 0x1F, 0xFD, 0x03, 0xFD, 0x6A, 0x00, 0x05, 0x40, 0x0F,
    0xFF, 0xFC, 0x00, 0x00, 0x00, 0x7F, 0xFF, 0xD0, 0x00, 0x00, 0x02, 0xFC, 0x00, 0x00, 0x00, 0x00,
    0x0F, 0xF0, 0x00, 0x00, 0x00, 0x00, 0x3F, 0xC0, 0x00, 0x00, 0x00, 0x00, 0xFE, 0x00, 0x00, 0x00,
    0x00, 0x0B, 0xF8, 0x00, 0x00, 0x00, 0x01, 0xFF, 0xFE, 0x00, 0x00, 0x00, 0x0F, 0xFF, 0xF4, 0x00,
    0x00, 0x00, 0x01, 0x40, 0x00, 0x1F, 0xF4, 0x00, 0x3F, 0xFC, 0x00, 0xBE, 0x3C, 0x00, 0xFC, 0x3C,
    0x01, 0xFC, 0x3C, 0x02, 0xFC, 0x78, 0x02, 0xF8, 0xF0, 0x03, 0xFA, 0xD0, 0x03, 0xFF, 0x80, 0x03,
    0xFE, 0x00, 0x03, 0xF8, 0x00, 0x2F, 0xF8, 0x00, 0x7B, 0xF8, 0x00, 0x03, 0xF8, 0x00, 0x03, 0xF8,
    0x10, 0x02, 0xF8, 0x38, 0x02, 0xFD, 0xF8, 0x01, 0xFF, 0xF0, 0x00, 0xFF, 0x80, 0x00, 0x14, 0x00,
    0x00, 0x55, 0x40, 0x00, 0x19, 0x00, 0x00, 0x03, 0xFF, 0x00, 0x03, 0xFE, 0x00, 0x00, 0x02, 0xFD,
    0x00, 0x3F, 0x80, 0x00, 0x00, 0x03, 0xFC, 0x01, 0xF8, 0x02, 0xA4, 0x00, 0x0F, 0xF0, 0x0F, 0xC0,
    0xBF, 0xF4, 0x00, 0x3F, 0xD0, 0x3D, 0x0B, 0xC2, 0xF0, 0x01, 0xFF, 0xC1, 0xF0, 0x3C, 0x07, 0xC0,
    0x07, 0xBF, 0x0B, 0xC1, 0xF0, 0x2F, 0x00, 0x2E, 0x7D, 0x3E, 0x0B, 0x80, 0xF4, 0x00, 0xF4, 0xF8,
    0xF4, 0x1F, 0x0B, 0xC0, 0x03, 0xD3, 0xF3, 0xC0, 0x3F, 0xFC, 0x00, 0x0F, 0x07, 0xEF, 0x00, 0x1A,
    0x40, 0x00, 0xBC, 0x0F, 0xF8, 0x00, 0x00, 0x00, 0x03, 0xE0, 0x3F, 0xD0, 0x0A, 0xAF, 0x40, 0x1F,
    0x00, 0xBF, 0x40, 0xBF, 0xF8, 0x00, 0xFC, 0x00, 0xFD, 0x01, 0x94, 0x00, 0x0B, 0xD0, 0x03, 0xF0,
    0x00, 0x00, 0x01, 0xFE, 0x00, 0x0B, 0xC0, 0x00, 0x00, 0x02, 0x90, 0x00, 0x00, 0x00, 0x00, 0x00,
    0x00, 0x05, 0x6A, 0xA9, 0x00, 0x00, 0xFF, 0xFF, 0xFF, 0x40, 0x02, 0xFF, 0xFF, 0xFF, 0x40, 0x00,
    0xFF, 0x03, 0xFF, 0x00, 0x03, 0xFC, 0x03, 0xFC, 0x00, 0x0F, 0xF0, 0x0F, 0xF0, 0x00, 0x3F, 0xC0,
    0x3F, 0xC0, 0x00, 0xFF, 0x01, 0xFE, 0x00, 0x03, 0xFC, 0x6F, 0xF0, 0x00, 0x0F, 0xFF, 0xFE, 0x00,
    0x00, 0x3F, 0xFF, 0xD0, 0x10, 0x00, 0xFF, 0x3F, 0xC3, 0xD0, 0x03, 0xFC, 0x7F, 0xFE, 0x00, 0x0F,
    0xF0, 0xBF, 0xE0, 0x00, 0x3F, 0xC0, 0xBF, 0xC0, 0x00, 0xFF, 0x01, 0xFF, 0xC0, 0x2F, 0xFF, 0x0F,
    0xFF, 0xE0, 0xFF, 0xFC, 0xF8, 0xBF, 0x80, 0x00, 0x00, 0x00, 0x14, 0x00, 0x3F, 0xFF, 0xFE, 0x00,
    0x00, 0x00, 0x00, 0xBF, 0xFF, 0xFE, 0x00, 0x00, 0x00, 0x00, 0xB4, 0xBD, 0x2D, 0xFF, 0xFE, 0x2F,
    0xF0, 0xF0, 0xFC, 0x3C, 0xBF, 0xBE, 0x1F, 0xD0, 0x00, 0xFC, 0x00, 0x3D, 0x0E, 0x0F, 0x80, 0x01,
    0xF8, 0x00, 0x7C, 0x04, 0x0F, 0x80, 0x01, 0xF4, 0x00, 0xBD, 0x50, 0x1F, 0x40, 0x02, 0xF4, 0x00,
    0xFF, 0xF0, 0x2F, 0x00, 0x03, 0xF0, 0x00, 0xF8, 0x00, 0x3F, 0x00, 0x03, 0xF0, 0x01, 0xF4, 0x14,
    0x3E, 0x06, 0x07, 0xE0, 0x01, 0xF0, 0x38, 0x7D, 0x0F, 0x1F, 0xF4, 0x07, 0xFA, 0xF4, 0xBE, 0xBE,
    0x3F, 0xF8, 0x0F, 0xFF, 0xF3, 0xFF, 0xFC, 0x05, 0x55, 0x45, 0x40, 0x54, 0xFF, 0xFF, 0x3F, 0x07,
    0xD3, 0x5E, 0x38, 0xBC, 0x3E, 0x08, 0xB8, 0x83, 0xF6, 0xF8, 0x03, 0xD0, 0x1D, 0xED, 0xE0, 0x0F,
    0x00, 0xB3, 0xD7, 0x40, 0x3C, 0x03, 0x8F, 0x1D, 0x02, 0xF0, 0x1E, 0x10, 0xB8, 0x3F, 0xE1, 0xFC,
    0x0B, 0xF0, 0x00, 0x00, 0x06, 0xB9, 0x00, 0x00, 0x01, 0xFF, 0xFF, 0xD0, 0x00, 0x0B, 0xFF, 0xFF,
    0xF4, 0x00, 0x2F, 0xF4, 0x07, 0xFC, 0x00, 0x7F, 0xC0, 0x02, 0xFD, 0x00, 0xFF, 0x00, 0x01, 0xFE,
    0x00, 0xFE, 0x00, 0x01, 0xFE, 0x01, 0xFD, 0x00, 0x01, 0xFD, 0x02, 0xFD, 0x00, 0x02, 0xFD, 0x01,
    0xFD, 0x00, 0x03, 0xFC, 0x01, 0xFD, 0x00, 0x03, 0xF4, 0x00, 0xFD, 0x00, 0x0B, 0xE0, 0x04, 0xBE,
    0x00, 0x1F, 0xC0, 0x2C, 0x3F, 0x00, 0x7F, 0x0F, 0x3C, 0x1F, 0x41, 0xF8, 0x2F, 0x7E, 0xAF, 0xC3,
    0xFA, 0xBE, 0x7F, 0xFF, 0x47, 0xFF, 0xFD, 0xBF, 0xFF, 0x03, 0xFF, 0xFC, 0x00, 0x55, 0x54, 0x05,
    0x55, 0x01, 0xFF, 0xFD, 0x3F, 0xFE, 0x00, 0xBF, 0xF4, 0x1F, 0xF8, 0x00, 0x2F, 0xC0, 0x2F, 0xC0,
    0x00, 0x3F, 0xC0, 0xFF, 0x00, 0x00, 0x3F, 0x83, 0xF8, 0x00, 0x00, 0x7F, 0x4F, 0xE0, 0x00, 0x00,
    0xBF, 0x7F, 0x40, 0x00, 0x00, 0xBF, 0xFD, 0x00, 0x00, 0x00, 0xFF, 0xFC, 0x00, 0x00, 0x00, 0xFF,
    0xFE, 0x00, 0x00, 0x01, 0xFD, 0xBF, 0x40, 0x00, 0x02, 0xFC, 0x3F, 0xC0, 0x00, 0x03, 0xFC, 0x1F,
    0xF0, 0x00, 0x03, 0xF8, 0x0F, 0xF8, 0x00, 0x07, 0xF8, 0x03, 0xFF, 0x00, 0x7F, 0xFF, 0x01, 0xFF,
    0xD0, 0xBF, 0xFF, 0x00, 0x7F, 0xC0, 0x00, 0x00, 0x00, 0x00, 0x00, 0x00, 0x00, 0x00, 0x64, 0x00,
    0x00, 0x00, 0x03, 0xFF, 0x00, 0x00, 0x00, 0x0F, 0x4F, 0x40, 0x00, 0x00, 0x0F, 0x0B, 0x40, 0x00,
    0x00, 0x0F, 0x5F, 0x00, 0x00, 0x00, 0x07, 0xFD, 0x00, 0x00, 0x00, 0x00, 0x50, 0x00, 0x00, 0x00,
    0x00, 0x68, 0x00, 0x00, 0x00, 0x02, 0xFC, 0x00, 0x00, 0x00, 0x07, 0xFC, 0x00, 0x00, 0x00, 0x0F,
    0xFD, 0x00, 0x00, 0x00, 0x2F, 0xFD, 0x00, 0x00, 0x00, 0x3E, 0xBE, 0x00, 0x00, 0x00, 0xFC, 0x7F,
    0x00, 0x00, 0x01, 0xF4, 0x7F, 0x00, 0x00, 0x03, 0xF0, 0x3F, 0x00, 0x00, 0x0B, 0xD0, 0x3F, 0x40,
    0x00, 0x0F, 0xC0, 0x3F, 0x80, 0x00, 0x2F, 0xFF, 0xFF, 0xC0, 0x00, 0x7F, 0xFF, 0xFF, 0xC0, 0x00,
    0xFD, 0x00, 0x2F, 0xC0, 0x02, 0xF8, 0x00, 0x1F, 0xD0, 0x03, 0xF0, 0x00, 0x1F, 0xE0, 0x2F, 0xFD,
    0x00, 0xFF, 0xFD, 0x7F, 0xFE, 0x02, 0xFF, 0xFD, 0x00, 0x06, 0xAA, 0x40, 0x00, 0x01, 0xD0, 0x00,
    0x90, 0x00, 0x28, 0x00, 0x00, 0xA0, 0x02, 0xC0, 0x00, 0x00, 0xE0, 0x0F, 0x00, 0x00, 0x03, 0xC0,
    0xBC, 0x00, 0x00, 0x0F, 0x83, 0xF0, 0x00, 0x00, 0x3F, 0x0F, 0xE5, 0x55, 0x56, 0xFC, 0x3F, 0x00,
    0x00, 0x00, 0x00, 0xFC, 0x00, 0x00, 0x00, 0x01, 0xF0, 0x00, 0x00, 0x00, 0x03, 0xC0, 0x00, 0x00,
    0x00, 0x03, 0x00, 0x00, 0x01, 0x00, 0x07, 0x40, 0x00, 0x70, 0x00, 0x02, 0x90, 0x5A, 0x00, 0x00,
    0x00, 0x15, 0x00, 0x00, 0x03, 0xFF, 0xFE, 0x00, 0x00, 0x00, 0x00, 0x00, 0x00, 0xFF, 0xFF, 0x80,
    0x00, 0x00, 0x00, 0x00, 0x00, 0x0F, 0x81, 0xE0, 0x3C, 0x00, 0x7F, 0xCF, 0xF4, 0x03, 0xD0, 0x30,
    0x2F, 0x00, 0x1F, 0xD2, 0xF8, 0x01, 0xF0, 0x00, 0x0F, 0xD0, 0x01, 0xF0, 0xF4, 0x00, 0xBC, 0x00,
    0x0F, 0xB8, 0x00, 0x3E, 0xB8, 0x00, 0x3F, 0xFF, 0x07, 0x9E, 0x00, 0x07, 0xF8, 0x00, 0x0F, 0xEA,
    0x43, 0xC7, 0xC0, 0x00, 0xFC, 0x00, 0x07, 0xD0, 0x02, 0xFA, 0xF0, 0x00, 0xBF, 0x40, 0x02, 0xF0,
    0x00, 0xFF, 0xFD, 0x00, 0xBB, 0xF0, 0x00, 0xFC, 0x00, 0xB4, 0x0F, 0x40, 0xBC, 0x7D, 0x00, 0x7F,
    0x80, 0x7C, 0x07, 0xF4, 0xBD, 0x1F, 0xD0, 0xBF, 0xF4, 0x7F, 0x83, 0xFE, 0xBF, 0xCF, 0xF8, 0x00,
    0x00, 0x00, 0x00, 0x00, 0x00, 0x00, 0x00, 0x00, 0x00, 0x00, 0x07, 0x40, 0x00, 0x1F, 0xD0, 0x00,
    0x03, 0xF0, 0x00, 0x3F, 0xF0, 0x00, 0x02, 0xF4, 0x00, 0x05, 0xFC, 0x00, 0x01, 0xF8, 0x00, 0x00,
    0x3E, 0x00, 0x00, 0xFC, 0x00, 0x00, 0x1F, 0x40, 0x00, 0xBC, 0x00, 0x00, 0x07, 0xC0, 0x00, 0x7D,
    0x00, 0x00, 0x02, 0xF0, 0x00, 0x3D, 0x07, 0xFE, 0x00, 0xFC, 0x00, 0x3E, 0x07, 0xFF, 0xD0, 0x3E,
    0x00, 0x2F, 0x01, 0xD0, 0xF4, 0xBF, 0xF0, 0x1F, 0x00, 0x00, 0x7C, 0x7F, 0xFC, 0x0F, 0x80, 0x01,
    0xBD, 0x00, 0x00, 0x0F, 0xC0, 0x03, 0xFF, 0x00, 0x00, 0x0B, 0xC0, 0x00, 0x57, 0xF0, 0x00, 0x07,
    0xD0, 0x00, 0x00, 0xBC, 0x00, 0x03, 0xF0, 0x00, 0x00, 0x7E, 0x00, 0x03, 0xF0, 0x00, 0x2A, 0xFF,
    0x00, 0x02, 0xF4, 0x00, 0x0F, 0xFD, 0x00, 0x00, 0x7C, 0x00, 0x00, 0x50, 0x00, 0x00, 0x00, 0x00,
    0x00, 0x00, 0x00, 0x00, 0x00, 0x00, 0x00, 0x00, 0x00, 0x00, 0x00, 0x00, 0x40, 0x00, 0x00, 0x38,
    0x00, 0x01, 0xFF, 0xD0, 0x00, 0x0B, 0xD0, 0x00, 0x7F, 0xBF, 0x00, 0x01, 0xF8, 0x00, 0x0F, 0x82,
    0xF0, 0x00, 0x3F, 0x00, 0x00, 0x60, 0x3F, 0x00, 0x0B, 0xC0, 0x00, 0x00, 0x0B, 0xD0, 0x01, 0xF4,
    0x00, 0x00, 0x02, 0xF4, 0x00, 0x3E, 0x00, 0x00, 0x00, 0xBD, 0x00, 0x0B, 0xC1, 0xFF, 0x80, 0x3F,
    0x00, 0x01, 0xF0, 0x7F, 0xFD, 0x1F, 0x80, 0x00, 0x3D, 0x07, 0x43, 0xD3, 0xFF, 0xFD, 0x0F, 0x80,
    0x00, 0x7C, 0x3F, 0xFF, 0x82, 0xF0, 0x00, 0x6F, 0x40, 0x00, 0x00, 0x7D, 0x00, 0x3F, 0xF0, 0x00,
    0x00, 0x0F, 0x80, 0x01, 0x5F, 0xC0, 0x00, 0x03, 0xF0, 0x00, 0x00, 0xBC, 0x00, 0x00, 0xBC, 0x00,
    0x00, 0x1F, 0x80, 0x00, 0x1F, 0x80, 0x02, 0xAF, 0xF0, 0x00, 0x03, 0xF0, 0x00, 0x3F, 0xF4, 0x00,
    0x00, 0x3C, 0x00, 0x00, 0x50, 0x00, 0x00, 0x00, 0x40, 0x00, 0x00, 0x00, 0x00, 0x00, 0x00, 0x00,
    0x00, 0x00, 0x00, 0x00, 0x00, 0x00, 0x00, 0x01, 0xD0, 0x00, 0x01, 0xFD, 0x00, 0x00, 0x3F, 0x00,
    0x00, 0xFF, 0xC0, 0x00, 0x0B, 0xD0, 0x00, 0x05, 0xFC, 0x00, 0x01, 0xF8, 0x00, 0x00, 0x0F, 0x80,
    0x00, 0x3F, 0x00, 0x00, 0x01, 0xF4, 0x00, 0x0B, 0xC0, 0x00, 0x00, 0x1F, 0x00, 0x01, 0xF4, 0x00,
    0x00, 0x02, 0xF0, 0x00, 0x3E, 0x07, 0xFF, 0xC0, 0x3F, 0x00, 0x0B, 0x80, 0xBF, 0xFC, 0x03, 0xE0,
    0x01, 0xF0, 0x0F, 0x40, 0x02, 0xFF, 0xC0, 0x7C, 0x00, 0xF8, 0x00, 0x7F, 0xFC, 0x0F, 0x80, 0x1F,
    0xF8, 0x00, 0x00, 0x03, 0xF0, 0x00, 0x1F, 0xE0, 0x00, 0x00, 0xBC, 0x00, 0x00, 0x3E, 0x00, 0x00,
    0x1F, 0x80, 0x00, 0x03, 0xE0, 0x00, 0x03, 0xF0, 0x00, 0x00, 0xFC, 0x00, 0x00, 0xFC, 0x00, 0x0A,
    0xFF, 0x40, 0x00, 0x2F, 0x40, 0x01, 0xFF, 0x80, 0x00, 0x01, 0xF0, 0x00, 0x01, 0x40, 0x00, 0x00,
    0x00, 0x00, 0x00, 0x00, 0x00, 0x00, 0x00, 0x00, 0x00, 0x00, 0x00, 0x00, 0x00, 0x00, 0x10, 0x00,
    0x00, 0x0F, 0x00, 0x00, 0x1F, 0xFD, 0x00, 0x00, 0x7E, 0x00, 0x01, 0xFE, 0xFC, 0x00, 0x03, 0xF0,
    0x00, 0x0F, 0x82, 0xF0, 0x00, 0x3F, 0x00, 0x00, 0x18, 0x0F, 0xC0, 0x01, 0xF4, 0x00, 0x00, 0x00,
    0xBD, 0x00, 0x0F, 0x80, 0x00, 0x00, 0x0B, 0xD0, 0x00, 0xFC, 0x00, 0x00, 0x00, 0xBD, 0x00, 0x0B,
    0xC1, 0xFF, 0xF0, 0x0F, 0xC0, 0x00, 0x3D, 0x0B, 0xFF, 0xC1, 0xF8, 0x00, 0x03, 0xE0, 0x3D, 0x00,
    0x0F, 0xFF, 0xF4, 0x2F, 0x00, 0xF8, 0x00, 0x3F, 0xFF, 0x81, 0xF0, 0x07, 0xFE, 0x00, 0x00, 0x00,
    0x0F, 0x40, 0x01, 0xFE, 0x00, 0x00, 0x00, 0xF8, 0x00, 0x00, 0xF8, 0x00, 0x00, 0x0B, 0xC0, 0x00,
    0x03, 0xE0, 0x00, 0x00, 0xBD, 0x00, 0x00, 0x3F, 0x00, 0x00, 0x07, 0xE0, 0x00, 0xAF, 0xF4, 0x00,
    0x00, 0x3F, 0x00, 0x07, 0xFE, 0x00, 0x00, 0x00, 0xF4, 0x00, 0x01, 0x40, 0x00, 0x00, 0x00, 0x40,
    0x00, 0x00, 0x00, 0x00, 0x00, 0x00, 0x00, 0x00, 0x00, 0x00, 0x00, 0x01, 0x00, 0x00, 0x02, 0xC0,
    0x00, 0x03, 0xFF, 0x00, 0x00, 0x7E, 0x00, 0x00, 0xFE, 0xF8, 0x00, 0x0F, 0xC0, 0x00, 0x0E, 0x0B,
    0x80, 0x02, 0xF0, 0x00, 0x00, 0x00, 0xF4, 0x00, 0x7D, 0x00, 0x00, 0x01, 0xBD, 0x00, 0x0F, 0x80,
    0x00, 0x00, 0xBF, 0xD0, 0x02, 0xF0, 0x00, 0x00, 0x05, 0x2F, 0x00, 0x7C, 0x07, 0xFF, 0xC0, 0x01,
    0xF0, 0x0F, 0x40, 0xBF, 0xFC, 0x00, 0x7F, 0x03, 0xE0, 0x0F, 0x40, 0x0A, 0xBF, 0xC0, 0xBC, 0x00,
    0xF8, 0x00, 0xFF, 0xE0, 0x1F, 0x00, 0x1F, 0xF8, 0x00, 0x00, 0x03, 0xE0, 0x00, 0x1F, 0xE0, 0x00,
    0x00, 0xFC, 0x00, 0x00, 0x3E, 0x00, 0x00, 0x2F, 0x00, 0x00, 0x03, 0xE0, 0x00, 0x07, 0xD0, 0x00,
    0x00, 0xFC, 0x00, 0x00, 0xFC, 0x00, 0x0A, 0xFF, 0x40, 0x00, 0x3F, 0x00, 0x01, 0xFF, 0x80, 0x00,
    0x02, 0xD0, 0x00, 0x01, 0x40, 0x00, 0x00, 0x04, 0x00, 0x00, 0x00, 0x00, 0x00, 0x00, 0x00, 0x00,
    0x00, 0x00, 0x00, 0x00, 0x00, 0x00, 0x00, 0x00, 0x0E, 0x00, 0x00, 0x00, 0x3F, 0x00, 0x00, 0xBD,
    0x00, 0x00, 0x03, 0xFC, 0x00, 0x07, 0xE0, 0x00, 0x00, 0x3F, 0xE0, 0x00, 0x3F, 0x00, 0x00, 0x03,
    0xDF, 0x40, 0x02, 0xF0, 0x00, 0x00, 0x3E, 0x3C, 0x00, 0x1F, 0x40, 0x00, 0x02, 0xE1, 0xF0, 0x00,
    0xF8, 0x00, 0x00, 0x2F, 0x0B, 0xC0, 0x0F, 0xC1, 0xFF, 0xF1, 0xFF, 0xFF, 0xD0, 0x7C, 0x0B, 0xFF,
    0xC2, 0xAB, 0xFE, 0x03, 0xD0, 0x3D, 0x00, 0x00, 0x07, 0xC0, 0x3E, 0x00, 0xF8, 0x00, 0x00, 0x2F,
    0x02, 0xF0, 0x07, 0xFE, 0x00, 0x00, 0x00, 0x2F, 0x00, 0x01, 0xFE, 0x00, 0x00, 0x01, 0xF4, 0x00,
    0x00, 0xF8, 0x00, 0x00, 0x0F, 0xC0, 0x00, 0x03, 0xE0, 0x00, 0x00, 0xFC, 0x00, 0x00, 0x3F, 0x00,
    0x00, 0x0B, 0xD0, 0x00, 0xAF, 0xF4, 0x00, 0x00, 0x7E, 0x00, 0x07, 0xFE, 0x00, 0x00, 0x00, 0xF0,
    0x00, 0x01, 0x40, 0x00, 0x00, 0x00, 0x00, 0x00, 0x00, 0x00, 0x00, 0x00, 0x00, 0x00, 0x00, 0x00,
    0x00, 0x00, 0x00, 0x00, 0x00, 0x00, 0xE0, 0x00, 0x01, 0xFD, 0x00, 0x00, 0x2F, 0x40, 0x00, 0xFF,
    0xC0, 0x00, 0x07, 0xE0, 0x00, 0x05, 0xFC, 0x00, 0x00, 0xFC, 0x00, 0x00, 0x0F, 0x80, 0x00, 0x3F,
    0x00, 0x00, 0x01, 0xF4, 0x00, 0x07, 0xD0, 0x00, 0x00, 0x1F, 0x00, 0x00, 0xF8, 0x00, 0x00, 0x02,
    0xF0, 0x00, 0x3F, 0x00, 0x7F, 0xD0, 0x3F, 0x00, 0x07, 0xC0, 0x3F, 0xE4, 0x03, 0xE0, 0x00, 0xF4,
    0x0F, 0xD0, 0x02, 0xFF, 0xC0, 0x3E, 0x03, 0xF0, 0x00, 0x7F, 0xFC, 0x0B, 0xC0, 0x7F, 0xFC, 0x00,
    0x00, 0x02, 0xF0, 0x0F, 0xEB, 0xF0, 0x00, 0x00, 0x7D, 0x00, 0xF4, 0x1F, 0x40, 0x00, 0x0F, 0xC0,
    0x0F, 0x40, 0xF4, 0x00, 0x03, 0xF0, 0x00, 0xF8, 0x2F, 0x00, 0x00, 0xBD, 0x00, 0x0B, 0xEB, 0xE0,
    0x00, 0x1F, 0x80, 0x00, 0x2F, 0xF4, 0x00, 0x01, 0xF0, 0x00, 0x00, 0x14, 0x00, 0x00, 0x00, 0x00,
    0x00, 0x00, 0x00, 0x00, 0x00, 0x00, 0x00, 0x00, 0x00, 0x00, 0x00, 0x00, 0x00, 0x00, 0x00, 0x2D,
    0x00, 0x00, 0x0F, 0xFF, 0x40, 0x00, 0xFC, 0x00, 0x00, 0x7F, 0xFC, 0x00, 0x0F, 0xC0, 0x00, 0x02,
    0xE0, 0x00, 0x00, 0xBD, 0x00, 0x00, 0x0F, 0xD0, 0x00, 0x03, 0xE0, 0x00, 0x00, 0x3F, 0xF0, 0x00,
    0x3F, 0x00, 0x00, 0x00, 0x0B, 0xF0, 0x02, 0xF0, 0x00, 0x00, 0x00, 0x0B, 0xC0, 0x1F, 0x40, 0x1F,
    0xF4, 0x00, 0x3F, 0x00, 0xF8, 0x03, 0xFE, 0x40, 0x02, 0xF4, 0x0B, 0xC0, 0x3F, 0x40, 0x0A, 0xFF,
    0x80, 0x7C, 0x03, 0xF0, 0x00, 0x3F, 0xF4, 0x03, 0xD0, 0x1F, 0xFF, 0x00, 0x00, 0x00, 0x3E, 0x00,
    0xFE, 0xBF, 0x00, 0x00, 0x02, 0xF0, 0x03, 0xD0, 0x7D, 0x00, 0x00, 0x2F, 0x40, 0x0F, 0x40, 0xF4,
    0x00, 0x01, 0xF8, 0x00, 0x3E, 0x0B, 0xC0, 0x00, 0x0F, 0xC0, 0x00, 0xBE, 0xBE, 0x00, 0x00, 0xFD,
    0x00, 0x00, 0xBF, 0xD0, 0x00, 0x02, 0xE0, 0x00, 0x00, 0x14, 0x00, 0x00, 0x01, 0x00, 0x00, 0x00,
    0x00, 0x00, 0x00, 0x00, 0x00, 0x00, 0x00, 0x00, 0x00, 0x00, 0x00, 0x00, 0x03, 0x80, 0x00, 0x1F,
    0xD0, 0x00, 0x03, 0xF0, 0x00, 0x3F, 0xF0, 0x00, 0x02, 0xF4, 0x00, 0x05, 0xFC, 0x00, 0x00, 0xF8,
    0x00, 0x00, 0x3E, 0x00, 0x00, 0xFC, 0x00, 0x00, 0x1F, 0x40, 0x00, 0xBC, 0x00, 0x00, 0x07, 0xC0,
    0x00, 0x7D, 0x00, 0x00, 0x02, 0xF0, 0x00, 0x3E, 0x03, 0xFF, 0x00, 0xFC, 0x00, 0x2F, 0x03, 0xE7,
    0xF0, 0x3E, 0x00, 0x1F, 0x03, 0xF0, 0xBC, 0xBF, 0xF0, 0x0F, 0x40, 0xFC, 0x3E, 0x7F, 0xFC, 0x0F,
    0x80, 0x1F, 0xFE, 0x00, 0x00, 0x0B, 0xC0, 0x03, 0xFF, 0x00, 0x00, 0x07, 0xD0, 0x07, 0xD7, 0xE0,
    0x00, 0x03, 0xE0, 0x03, 0xD0, 0xBC, 0x00, 0x03, 0xF0, 0x01, 0xF4, 0x3F, 0x00, 0x02, 0xF4, 0x00,
    0x3F, 0x6F, 0x40, 0x01, 0xF8, 0x00, 0x07, 0xFF, 0x40, 0x00, 0x7C, 0x00, 0x00, 0x00, 0x00, 0x00,
    0x00, 0x00, 0x00, 0x00, 0x00, 0x00, 0x00, 0x00, 0x00, 0x00, 0x00, 0x00, 0x00, 0x04, 0x00, 0x00,
    0x0B, 0x40, 0x00, 0x3F, 0xF0, 0x00, 0x07, 0xE0, 0x00, 0x3F, 0xBE, 0x00, 0x03, 0xF0, 0x00, 0x0E,
    0x0B, 0x80, 0x02, 0xF0, 0x00, 0x00, 0x03, 0xD0, 0x01, 0xF4, 0x00, 0x00, 0x1B, 0xD0, 0x00, 0xF8,
    0x00, 0x00, 0x2F, 0xF4, 0x00, 0xBC, 0x00, 0x00, 0x05, 0x2F, 0x00, 0x7C, 0x03, 0xFF, 0x00, 0x07,
    0xC0, 0x3D, 0x03, 0xE7, 0xF0, 0x07, 0xF0, 0x3E, 0x03, 0xF0, 0xBE, 0xAF, 0xF0, 0x2F, 0x00, 0xFC,
    0x3E, 0xFF, 0xE0, 0x1F, 0x00, 0x1F, 0xFE, 0x00, 0x00, 0x0F, 0x80, 0x03, 0xFF, 0x00, 0x00, 0x0F,
    0xC0, 0x07, 0xD7, 0xE0, 0x00, 0x0B, 0xC0, 0x03, 0xD0, 0xBC, 0x00, 0x07, 0xE0, 0x01, 0xF4, 0x3F,
    0x00, 0x03, 0xF0, 0x00, 0x3F, 0x6F, 0x40, 0x03, 0xF0, 0x00, 0x07, 0xFF, 0x40, 0x00, 0xB4, 0x00,
    0x00, 0x00, 0x00, 0x00, 0x04, 0x00, 0x00, 0x00, 0x00, 0x00, 0x00, 0x00, 0x00, 0x00, 0x00, 0x00,
    0x00, 0x00, 0x00, 0x00, 0x00, 0xF0, 0x00, 0x00, 0xFF, 0xF4, 0x00, 0x1F, 0x80, 0x00, 0x1F, 0xFF,
    0x00, 0x03, 0xF0, 0x00, 0x02, 0xE0, 0x00, 0x00, 0xFC, 0x00, 0x00, 0x3F, 0x40, 0x00, 0x1F, 0x40,
    0x00, 0x03, 0xFF, 0x00, 0x03, 0xE0, 0x00, 0x00, 0x02, 0xFC, 0x00, 0xFC, 0x00, 0x00, 0x00, 0x0B,
    0xC0, 0x2F, 0x00, 0xFF, 0xC0, 0x00, 0xFC, 0x03, 0xD0, 0x3E, 0x7F, 0x00, 0x2F, 0x40, 0xF8, 0x0F,
    0xC2, 0xF2, 0xBF, 0xE0, 0x2F, 0x00, 0xFC, 0x3E, 0x3F, 0xF4, 0x07, 0xC0, 0x07, 0xFF, 0x80, 0x00,
    0x00, 0xF4, 0x00, 0x3F, 0xF0, 0x00, 0x00, 0x3E, 0x00, 0x1F, 0x5F, 0x80, 0x00, 0x0B, 0xC0, 0x03,
    0xD0, 0xBC, 0x00, 0x02, 0xF4, 0x00, 0x7D, 0x0F, 0xC0, 0x00, 0x7E, 0x00, 0x03, 0xF6, 0xF4, 0x00,
    0x0F, 0xC0, 0x00, 0x1F, 0xFD, 0x00, 0x00, 0xF4, 0x00, 0x00, 0x00, 0x00, 0x00, 0x01, 0x00, 0x00,
    0x00, 0x00, 0x00, 0x00, 0x00, 0x00, 0x00, 0x00, 0x00, 0x00, 0x00, 0x00, 0x01, 0xE0, 0x00, 0x3F,
    0xFF, 0xC0, 0x03, 0xF0, 0x00, 0x7F, 0xFF, 0xC0, 0x0F, 0xC0, 0x00, 0xF4, 0x2F, 0x00, 0x1F, 0x40,
    0x00, 0x60, 0x7D, 0x00, 0x3E, 0x00, 0x00, 0x01, 0xF4, 0x00, 0xFC, 0x00, 0x00, 0x03, 0xF0, 0x02,
    0xF0, 0x00, 0x00, 0x0B, 0xC0, 0x03, 0xD0, 0x0F, 0xFC, 0x1F, 0x40, 0x0F, 0x80, 0x3E, 0x7F, 0x3F,
    0x00, 0x2F, 0x00, 0xFC, 0x2F, 0x7D, 0x00, 0x7C, 0x00, 0xFC, 0x3E, 0x7C, 0x00, 0xF4, 0x00, 0x7F,
    0xF8, 0x00, 0x03, 0xE0, 0x00, 0x3F, 0xF0, 0x00, 0x0B, 0xC0, 0x01, 0xF5, 0xF8, 0x00, 0x1F, 0x40,
    0x03, 0xD0, 0xBC, 0x00, 0x3E, 0x00, 0x07, 0xD0, 0xFC, 0x00, 0xFC, 0x00, 0x03, 0xF6, 0xF4, 0x02,
    0xF4, 0x00, 0x01, 0xFF, 0xD0, 0x01, 0xE0, 0x00, 0x00, 0x00, 0x00, 0x00, 0x00, 0x00, 0x00, 0x00,
    0x00, 0x00, 0x00, 0x00, 0x00, 0x00, 0x00, 0x00, 0x00, 0x00, 0x38, 0x01, 0xFD, 0x00, 0x00, 0xBD,
    0x0F, 0xFC, 0x00, 0x01, 0xF8, 0x05, 0xFC, 0x00, 0x03, 0xF0, 0x00, 0xF8, 0x00, 0x0B, 0xC0, 0x01,
    0xF4, 0x00, 0x1F, 0x40, 0x01, 0xF0, 0x00, 0x3E, 0x00, 0x02, 0xF0, 0x00, 0xBC, 0x00, 0x03, 0xF0,
    0x01, 0xF0, 0x00, 0x03, 0xE0, 0x03, 0xD0, 0x00, 0x2F, 0xFC, 0x0F, 0x80, 0x00, 0x7F, 0xFC, 0x2F,
    0x00, 0x00, 0x00, 0x00, 0x7C, 0x00, 0x00, 0x00, 0x00, 0xF8, 0x00, 0x00, 0x00, 0x03, 0xF0, 0x00,
    0x00, 0x00, 0x0B, 0xC0, 0x00, 0x00, 0x00, 0x1F, 0x40, 0x00, 0x00, 0x00, 0x7F, 0x00, 0x00, 0x00,
    0x00, 0x3C, 0x00, 0x00, 0x00, 0x00, 0x04, 0x00, 0x00, 0x00, 0x00, 0x55, 0x55, 0x01, 0xFF, 0xFE,
    0x00, 0xBF, 0xF8, 0x00, 0x2F, 0xC0, 0x00, 0x3F, 0xC0, 0x00, 0x3F, 0x80, 0x00, 0x3F, 0x80, 0x00,
    0x7F, 0x40, 0x00, 0xBF, 0x00, 0x00, 0xFF, 0x00, 0x00, 0xFE, 0x00, 0x01, 0xFD, 0x00, 0x02, 0xFD,
    0x00, 0x02, 0xFC, 0x00, 0x03, 0xFC, 0x00, 0x07, 0xF8, 0x00, 0x7F, 0xFF, 0x40, 0xBF, 0xFF, 0x40,
    0x00, 0x55, 0x55, 0x05, 0x55, 0x40, 0x1F, 0xFF, 0xE1, 0xFF, 0xFE, 0x00, 0xBF, 0xF8, 0x0B, 0xFF,
    0x80, 0x02, 0xFC, 0x00, 0x2F, 0xC0, 0x00, 0x3F, 0xC0, 0x03, 0xFC, 0x00, 0x03, 0xF8, 0x00, 0x3F,
    0x80, 0x00, 0x3F, 0x80, 0x07, 0xF4, 0x00, 0x07, 0xF4, 0x00, 0x7F, 0x40, 0x00, 0xBF, 0x00, 0x0B,
    0xF0, 0x00, 0x0F, 0xF0, 0x00, 0xFF, 0x00, 0x00, 0xFE, 0x00, 0x0F, 0xE0, 0x00, 0x1F, 0xD0, 0x01,
    0xFD, 0x00, 0x02, 0xFD, 0x00, 0x2F, 0xC0, 0x00, 0x2F, 0xC0, 0x03, 0xFC, 0x00, 0x03, 0xFC, 0x00,
    0x3F, 0xC0, 0x00, 0x7F, 0x80, 0x07, 0xF8, 0x00, 0x7F, 0xFF, 0x47, 0xFF, 0xF4, 0x0B, 0xFF, 0xF4,
    0xFF, 0xFF, 0x00, 0x00, 0x55, 0x55, 0x05, 0x55, 0x40, 0x55, 0x54, 0x01, 0xFF, 0xFE, 0x1F, 0xFF,
    0xE1, 0xFF, 0xFD, 0x00, 0xBF, 0xF8, 0x0B, 0xFF, 0x80, 0xBF, 0xF8, 0x00, 0x2F, 0xC0, 0x02, 0xFC,
    0x00, 0x2F, 0xC0, 0x00, 0x3F, 0xC0, 0x03, 0xFC, 0x00, 0x3F, 0xC0, 0x00, 0x3F, 0x80, 0x03, 0xF8,
    0x00, 0x3F, 0x80, 0x00, 0x3F, 0x80, 0x07, 0xF4, 0x00, 0x7F, 0x40, 0x00, 0x7F, 0x40, 0x07, 0xF4,
    0x00, 0xBF, 0x00, 0x00, 0xBF, 0x00, 0x0B, 0xF0, 0x00, 0xFF, 0x00, 0x00, 0xFF, 0x00, 0x0F, 0xF0,
    0x00, 0xFF, 0x00, 0x00, 0xFE, 0x00, 0x0F, 0xE0, 0x00, 0xFE, 0x00, 0x01, 0xFD, 0x00, 0x1F, 0xD0,
    0x01, 0xFD, 0x00, 0x02, 0xFD, 0x00, 0x2F, 0xC0, 0x02, 0xFC, 0x00, 0x02, 0xFC, 0x00, 0x3F, 0xC0,
    0x03, 0xFC, 0x00, 0x03, 0xFC, 0x00, 0x3F, 0xC0, 0x03, 0xF8, 0x00, 0x07, 0xF8, 0x00, 0x7F, 0x80,
    0x07, 0xF8, 0x00, 0x7F, 0xFF, 0x47, 0xFF, 0xF4, 0x7F, 0xFF, 0x40, 0xBF, 0xFF, 0x4F, 0xFF, 0xF0,
    0xFF, 0xFF, 0x00, 0x00, 0x55, 0x55, 0x15, 0x55, 0x00, 0x55, 0x54, 0x07, 0xFF, 0xF9, 0xFF, 0xFD,
    0x07, 0xFF, 0xE0, 0x0B, 0xFF, 0x82, 0xFF, 0xD0, 0x0B, 0xFE, 0x00, 0x0B, 0xF0, 0x02, 0xFC, 0x00,
    0x0F, 0xD0, 0x00, 0x3F, 0xC0, 0x07, 0xF4, 0x00, 0xBF, 0x00, 0x00, 0xFE, 0x00, 0x0F, 0xD0, 0x03,
    0xF4, 0x00, 0x03, 0xF8, 0x00, 0x3F, 0x80, 0x2F, 0x80, 0x00, 0x1F, 0xD0, 0x00, 0xFE, 0x00, 0xFC,
    0x00, 0x00, 0xBF, 0x00, 0x02, 0xFC, 0x0B, 0xE0, 0x00, 0x03, 0xFC, 0x00, 0x0B, 0xF0, 0x3F, 0x00,
    0x00, 0x0F, 0xE0, 0x00, 0x1F, 0xC2, 0xF4, 0x00, 0x00, 0x7F, 0x40, 0x00, 0x3F, 0x0F, 0x80, 0x00,
    0x02, 0xFD, 0x00, 0x00, 0xFD, 0xBC, 0x00, 0x00, 0x0B, 0xF0, 0x00, 0x03, 0xFB, 0xE0, 0x00, 0x00,
    0x3F, 0xC0, 0x00, 0x0B, 0xFF, 0x00, 0x00, 0x01, 0xFE, 0x00, 0x00, 0x1F, 0xF4, 0x00, 0x00, 0x7F,
    0xFF, 0x40, 0x00, 0x7F, 0xC0, 0x00, 0x02, 0xFF, 0xFD, 0x00, 0x00, 0xFC, 0x00, 0x00, 0x00, 0x00,
    0x00, 0x00, 0x00, 0x00, 0x00, 0x00, 0x00, 0x15, 0x55, 0x00, 0x55, 0x54, 0xFF, 0xFE, 0x07, 0xFF,
    0xE2, 0xFF, 0xD0, 0x0B, 0xFE, 0x02, 0xFC, 0x00, 0x0F, 0xD0, 0x07, 0xF4, 0x00, 0x7F, 0x00, 0x0F,
    0xD0, 0x03, 0xF4, 0x00, 0x3F, 0x80, 0x2F, 0x80, 0x00, 0xFE, 0x00, 0xFC, 0x00, 0x02, 0xFC, 0x0B,
    0xE0, 0x00, 0x07, 0xF0, 0x3F, 0x00, 0x00, 0x1F, 0xC2, 0xF4, 0x00, 0x00, 0x3F, 0x0F, 0xC0, 0x00,
    0x00, 0xFD, 0xBC, 0x00, 0x00, 0x02, 0xFB, 0xE0, 0x00, 0x00, 0x0B, 0xFF, 0x00, 0x00, 0x00, 0x1F,
    0xF4, 0x00, 0x00, 0x00, 0x3F, 0xC0, 0x00, 0x00, 0x00, 0xFD, 0x00, 0x00, 0x00, 0x00, 0x00, 0x00,
    0x00, 0x00, 0x15, 0x55, 0x00, 0x55, 0x54, 0x15, 0x55, 0x0F, 0xFF, 0xE0, 0x7F, 0xFE, 0x3F, 0xFF,
    0xC2, 0xFF, 0xD0, 0x0B, 0xFE, 0x0B, 0xFF, 0x80, 0x2F, 0xC0, 0x00, 0xFD, 0x00, 0x7F, 0x40, 0x07,
    0xF4, 0x00, 0x7F, 0x00, 0x2F, 0xC0, 0x00, 0xFD, 0x00, 0x3F, 0x40, 0x0B, 0xF0, 0x00, 0x3F, 0x80,
    0x2F, 0x80, 0x03, 0xFC, 0x00, 0x0F, 0xE0, 0x0F, 0xC0, 0x00, 0xFE, 0x00, 0x02, 0xFC, 0x0B, 0xE0,
    0x00, 0x7F, 0x40, 0x00, 0x7F, 0x03, 0xF0, 0x00, 0x2F, 0xC0, 0x00, 0x1F, 0xC2, 0xF4, 0x00, 0x0F,
    0xF0, 0x00, 0x03, 0xF0, 0xFC, 0x00, 0x03, 0xFC, 0x00, 0x00, 0xFD, 0xBC, 0x00, 0x00, 0xFE, 0x00,
    0x00, 0x2F, 0xBE, 0x00, 0x00, 0x7F, 0x40, 0x00, 0x0B, 0xFF, 0x00, 0x00, 0x2F, 0xC0, 0x00, 0x01,
    0xFF, 0x40, 0x00, 0x0F, 0xF0, 0x00, 0x00, 0x3F, 0xC0, 0x00, 0x2F, 0xFF, 0x80, 0x00, 0x0F, 0xD0,
    0x00, 0x1F, 0xFF, 0xE0, 0x00, 0x00, 0x00, 0x00, 0x00, 0x00, 0x00, 0x00, 0x15, 0x55, 0x00, 0x55,
    0x54, 0x15, 0x55, 0x05, 0x55, 0x50, 0xFF, 0xFE, 0x07, 0xFF, 0xE3, 0xFF, 0xFC, 0x3F, 0xFF, 0xC2,
    0xFF, 0xD0, 0x0B, 0xFE, 0x0B, 0xFF, 0x80, 0xBF, 0xF8, 0x02, 0xFC, 0x00, 0x0F, 0xD0, 0x07, 0xF4,
    0x00, 0x7F, 0x40, 0x07, 0xF4, 0x00, 0x7F, 0x00, 0x2F, 0xC0, 0x02, 0xFC, 0x00, 0x0F, 0xD0, 0x03,
    0xF4, 0x00, 0xBF, 0x00, 0x0F, 0xF0, 0x00, 0x3F, 0x80, 0x2F, 0x80, 0x03, 0xFC, 0x00, 0x3F, 0xC0,
    0x00, 0xFE, 0x00, 0xFC, 0x00, 0x0F, 0xE0, 0x00, 0xFE, 0x00, 0x02, 0xFC, 0x0B, 0xE0, 0x00, 0x7F,
    0x40, 0x07, 0xF4, 0x00, 0x07, 0xF0, 0x3F, 0x00, 0x02, 0xFC, 0x00, 0x2F, 0xC0, 0x00, 0x1F, 0xC2,
    0xF4, 0x00, 0x0F, 0xF0, 0x00, 0xFF, 0x00, 0x00, 0x3F, 0x0F, 0xC0, 0x00, 0x3F, 0xC0, 0x03, 0xF8,
    0x00, 0x00, 0xFD, 0xBC, 0x00, 0x00, 0xFE, 0x00, 0x1F, 0xD0, 0x00, 0x02, 0xFB, 0xE0, 0x00, 0x07,
    0xF4, 0x00, 0xBF, 0x40, 0x00, 0x0B, 0xFF, 0x00, 0x00, 0x2F, 0xC0, 0x02, 0xFC, 0x00, 0x00, 0x1F,
    0xF4, 0x00, 0x00, 0xFF, 0x00, 0x0F, 0xF0, 0x00, 0x00, 0x3F, 0xC0, 0x00, 0x2F, 0xFF, 0x83, 0xFF,
    0xF8, 0x00, 0x00, 0xFD, 0x00, 0x01, 0xFF, 0xFE, 0x1F, 0xFF, 0xE0, 0x00, 0x00, 0x00, 0x00, 0x00,
    0x00, 0x00, 0x00, 0x00, 0x00, 0x00, 0x15, 0x55, 0x00, 0x55, 0x54, 0x15, 0x55, 0x05, 0x55, 0x50,
    0x55, 0x55, 0x0F, 0xFF, 0xE0, 0x7F, 0xFE, 0x3F, 0xFF, 0xC3, 0xFF, 0xFC, 0x3F, 0xFF, 0xC2, 0xFF,
    0xD0, 0x0B, 0xFE, 0x0B, 0xFF, 0x80, 0xBF, 0xF8, 0x0B, 0xFF, 0x80, 0x2F, 0xC0, 0x00, 0xFD, 0x00,
    0x7F, 0x40, 0x07, 0xF4, 0x00, 0x7F, 0x40, 0x07, 0xF4, 0x00, 0x7F, 0x00, 0x2F, 0xC0, 0x02, 0xFC,
    0x00, 0x2F, 0xC0, 0x00, 0xFD, 0x00, 0x3F, 0x40, 0x0B, 0xF0, 0x00, 0xFF, 0x00, 0x0F, 0xF0, 0x00,
    0x3F, 0x80, 0x2F, 0x80, 0x03, 0xFC, 0x00, 0x3F, 0xC0, 0x03, 0xF8, 0x00, 0x0F, 0xE0, 0x0F, 0xC0,
    0x00, 0xFE, 0x00, 0x0F, 0xE0, 0x01, 0xFD, 0x00, 0x02, 0xFC, 0x0B, 0xE0, 0x00, 0x7F, 0x40, 0x07,
    0xF4, 0x00, 0x7F, 0x40, 0x00, 0x7F, 0x03, 0xF0, 0x00, 0x2F, 0xC0, 0x02, 0xFC, 0x00, 0x2F, 0xC0,
    0x00, 0x1F, 0xC2, 0xF4, 0x00, 0x0F, 0xF0, 0x00, 0xFF, 0x00, 0x0F, 0xF0, 0x00, 0x03, 0xF0, 0xFC,
    0x00, 0x03, 0xFC, 0x00, 0x3F, 0x80, 0x03, 0xF8, 0x00, 0x00, 0xFD, 0xBC, 0x00, 0x00, 0xFE, 0x00,
    0x1F, 0xD0, 0x01, 0xFD, 0x00, 0x00, 0x2F, 0xBE, 0x00, 0x00, 0x7F, 0x40, 0x0B, 0xF4, 0x00, 0xBF,
    0x00, 0x00, 0x0B, 0xFF, 0x00, 0x00, 0x2F, 0xC0, 0x02, 0xFC, 0x00, 0x3F, 0xC0, 0x00, 0x01, 0xFF,
    0x40, 0x00, 0x0F, 0xF0, 0x00, 0xFF, 0x00, 0x0F, 0xF0, 0x00, 0x00, 0x3F, 0xC0, 0x00, 0x2F, 0xFF,
    0x83, 0xFF, 0xF8, 0x3F, 0xFF, 0x80, 0x00, 0x0F, 0xD0, 0x00, 0x1F, 0xFF, 0xE1, 0xFF, 0xFE, 0x2F,
    0xFF, 0xD0, 0x00, 0x00, 0x00, 0x00, 0x00, 0x00, 0x00, 0x00, 0x00, 0x00, 0x00, 0x00, 0x00, 0x00,
    0x55, 0x55, 0x15, 0x55, 0x01, 0x55, 0x40, 0x1F, 0xFF, 0xEB, 0xFF, 0xF0, 0xFF, 0xFC, 0x00, 0xBF,
    0xF8, 0x3F, 0xF8, 0x07, 0xFE, 0x00, 0x02, 0xFC, 0x00, 0xBF, 0x40, 0x3F, 0x00, 0x00, 0x3F, 0xC0,
    0x03, 0xFC, 0x0F, 0xC0, 0x00, 0x03, 0xF8, 0x00, 0x2F, 0xD3, 0xF4, 0x00, 0x00, 0x3F, 0x80, 0x00,
    0xFE, 0xBD, 0x00, 0x00, 0x07, 0xF4, 0x00, 0x0B, 0xFF, 0x40, 0x00, 0x00, 0xBF, 0x00, 0x00, 0x3F,
    0xE0, 0x00, 0x00, 0x0F, 0xF0, 0x00, 0x03, 0xFC, 0x00, 0x00, 0x00, 0xFE, 0x00, 0x00, 0xFF, 0xE0,
    0x00, 0x00, 0x1F, 0xD0, 0x00, 0x2F, 0xFF, 0x00, 0x00, 0x02, 0xFD, 0x00, 0x0B, 0xD3, 0xF8, 0x00,
    0x00, 0x2F, 0xC0, 0x02, 0xF8, 0x2F, 0xC0, 0x00, 0x03, 0xFC, 0x00, 0xBE, 0x00, 0xFE, 0x00, 0x00,
    0x7F, 0x80, 0x1F, 0xC0, 0x0F, 0xF0, 0x00, 0x7F, 0xFF, 0x5F, 0xFF, 0x43, 0xFF, 0xF0, 0x0B, 0xFF,
    0xF7, 0xFF, 0xF4, 0xBF, 0xFF, 0x00, 0x00, 0x55, 0x54, 0x05, 0x55, 0x00, 0x7F, 0xFF, 0x0F, 0xFF,
    0xC0, 0x0B, 0xFE, 0x01, 0xFF, 0x80, 0x00, 0x7F, 0x40, 0x3F, 0x00, 0x00, 0x0F, 0xF0, 0x3F, 0x40,
    0x00, 0x01, 0xFD, 0x3F, 0x40, 0x00, 0x00, 0x3F, 0xEF, 0x40, 0x00, 0x00, 0x0B, 0xFF, 0x80, 0x00,
    0x00, 0x00, 0xFF, 0x80, 0x00, 0x00, 0x00, 0x3F, 0xC0, 0x00, 0x00, 0x00, 0x3F, 0xF8, 0x00, 0x00,
    0x00, 0x2F, 0xFF, 0x00, 0x00, 0x00, 0x2F, 0x4F, 0xE0, 0x00, 0x00, 0x2F, 0x82, 0xFC, 0x00, 0x00,
    0x1F, 0xC0, 0x3F, 0x80, 0x00, 0x1F, 0xC0, 0x0B, 0xF4, 0x00, 0x7F, 0xFD, 0x0F, 0xFF, 0xC0, 0x3F,
    0xFF, 0x4B, 0xFF, 0xF0, 0x00, 0x00, 0x55, 0x54, 0x05, 0x55, 0x05, 0x55, 0x40, 0x1F, 0xFF, 0xC3,
    0xFF, 0xF2, 0xFF, 0xFC, 0x00, 0xBF, 0xE0, 0x1F, 0xF8, 0x1F, 0xFF, 0x40, 0x01, 0xFD, 0x00, 0xFC,
    0x00, 0x3F, 0xC0, 0x00, 0x0F, 0xF0, 0x3F, 0x40, 0x03, 0xF8, 0x00, 0x00, 0x7F, 0x4F, 0xD0, 0x00,
    0x7F, 0x40, 0x00, 0x03, 0xFE, 0xF4, 0x00, 0x0B, 0xF0, 0x00, 0x00, 0x2F, 0xFE, 0x00, 0x00, 0xFF,
    0x00, 0x00, 0x00, 0xFF, 0x80, 0x00, 0x0F, 0xF0, 0x00, 0x00, 0x0F, 0xF0, 0x00, 0x00, 0xFE, 0x00,
    0x00, 0x03, 0xFF, 0x80, 0x00, 0x1F, 0xD0, 0x00, 0x00, 0xBF, 0xFC, 0x00, 0x02, 0xFC, 0x00, 0x00,
    0x2F, 0x4F, 0xE0, 0x00, 0x3F, 0xC0, 0x00, 0x0B, 0xE0, 0xBF, 0x00, 0x03, 0xF8, 0x00, 0x01, 0xFC,
    0x03, 0xF8, 0x00, 0x7F, 0x40, 0x00, 0x7F, 0x00, 0x2F, 0xD0, 0x0B, 0xF4, 0x00, 0x7F, 0xFD, 0x0F,
    0xFF, 0xCB, 0xFF, 0xF0, 0x0F, 0xFF, 0xD2, 0xFF, 0xFC, 0xFF, 0xFF, 0x00, 0x00, 0x55, 0x54, 0x05,
    0x55, 0x05, 0x55, 0x40, 0x55, 0x54, 0x01, 0xFF, 0xFC, 0x3F, 0xFF, 0x2F, 0xFF, 0xC2, 0xFF, 0xFC,
    0x00, 0xBF, 0xE0, 0x1F, 0xF8, 0x1F, 0xFF, 0x41, 0xFF, 0xE4, 0x00, 0x1F, 0xD0, 0x0F, 0xC0, 0x03,
    0xFC, 0x00, 0x3F, 0xC0, 0x00, 0x0F, 0xF0, 0x3F, 0x40, 0x03, 0xF8, 0x00, 0x3F, 0x80, 0x00, 0x07,
    0xF4, 0xFD, 0x00, 0x07, 0xF4, 0x00, 0x7F, 0x40, 0x00, 0x03, 0xFE, 0xF4, 0x00, 0x0B, 0xF0, 0x00,
    0xBF, 0x00, 0x00, 0x02, 0xFF, 0xE0, 0x00, 0x0F, 0xF0, 0x00, 0xFF, 0x00, 0x00, 0x00, 0xFF, 0x80,
    0x00, 0x0F, 0xF0, 0x00, 0xFE, 0x00, 0x00, 0x00, 0xFF, 0x00, 0x00, 0x0F, 0xE0, 0x01, 0xFD, 0x00,
    0x00, 0x03, 0xFF, 0x80, 0x00, 0x1F, 0xD0, 0x01, 0xFD, 0x00, 0x00, 0x0B, 0xFF, 0xC0, 0x00, 0x2F,
    0xC0, 0x02, 0xFC, 0x00, 0x00, 0x2F, 0x4F, 0xE0, 0x00, 0x3F, 0xC0, 0x03, 0xFC, 0x00, 0x00, 0xBE,
    0x0B, 0xF0, 0x00, 0x3F, 0x80, 0x03, 0xF8, 0x00, 0x01, 0xFC, 0x03, 0xF8, 0x00, 0x7F, 0x40, 0x07,
    0xF4, 0x00, 0x07, 0xF0, 0x02, 0xFD, 0x00, 0xBF, 0x40, 0x0B, 0xF4, 0x00, 0x7F, 0xFD, 0x0F, 0xFF,
    0xCB, 0xFF, 0xF0, 0xBF, 0xFF, 0x00, 0xFF, 0xFD, 0x2F, 0xFF, 0xCF, 0xFF, 0xF0, 0xFF, 0xFF, 0x00,
    0x00, 0x55, 0x54, 0x00, 0x07, 0xFF, 0xF4, 0x00, 0x0B, 0xFF, 0x40, 0x00, 0x0B, 0xF0, 0x00, 0x00,
    0x3F, 0xC0, 0x00, 0x00, 0xFE, 0x00, 0x00, 0x07, 0xF4, 0x00, 0x00, 0x2F, 0xC0, 0x00, 0x00, 0xBF,
    0x00, 0x00, 0x03, 0xFC, 0x00, 0x00, 0x0F, 0xE0, 0x00, 0x00, 0x7F, 0x40, 0x00, 0x02, 0xFC, 0x00,
    0x34, 0x0F, 0xF0, 0x03, 0xE0, 0x3F, 0xC0, 0x1F, 0x41, 0xFE, 0x55, 0xFC, 0x7F, 0xFF, 0xFF, 0xE2,
    0xFF, 0xFF, 0xFF, 0x40, 0x00, 0x00, 0x6B, 0xA0, 0x00, 0x02, 0xFF, 0xFF, 0xC0, 0x03, 0xFF, 0xFF,
    0xF0, 0x03, 0xFE, 0x00, 0xFC, 0x03, 0xFD, 0x00, 0x3E, 0x02, 0xFD, 0x00, 0x0F, 0x00, 0xFF, 0x00,
    0x00, 0x00, 0x7F, 0x40, 0x00, 0x00, 0x3F, 0xC0, 0x00, 0x00, 0x0F, 0xF0, 0x00, 0x00, 0x03, 0xFC,
    0x00, 0x00, 0x00, 0xFF, 0x00, 0x00, 0x00, 0x3F, 0xC0, 0x00, 0x00, 0x0F, 0xF8, 0x00, 0x0D, 0x02,
    0xFF, 0x80, 0x1F, 0x80, 0x3F, 0xFF, 0xFF, 0xC0, 0x07, 0xFF, 0xFF, 0xD0, 0x00, 0x2F, 0xFF, 0x80,
    0x00, 0x00, 0x00, 0x00, 0x00, 0x00, 0x1A, 0xBA, 0x90, 0x00, 0x0B, 0xFF, 0xFF, 0xF4, 0x00, 0x7F,
    0xFF, 0xFF, 0xF8, 0x00, 0x4B, 0xF0, 0x2F, 0xF4, 0x00, 0x3F, 0xC0, 0x2F, 0xF0, 0x00, 0xFE, 0x00,
    0x3F, 0xC0, 0x07, 0xF4, 0x00, 0xBF, 0x40, 0x2F, 0xC0, 0x01, 0xFE, 0x00, 0xBF, 0x00, 0x07, 0xF4,
    0x03, 0xFC, 0x00, 0x2F, 0xD0, 0x0F, 0xE0, 0x00, 0xBF, 0x00, 0x7F, 0x40, 0x03, 0xFC, 0x02, 0xFC,
    0x00, 0x1F, 0xD0, 0x0F, 0xF0, 0x00, 0xFF, 0x00, 0x3F, 0x80, 0x1F, 0xF0, 0x01, 0xFF, 0x6B, 0xFF,
    0x40, 0x7F, 0xFF, 0xFF, 0xE0, 0x02, 0xFF, 0xFF, 0xE4, 0x00, 0x00, 0x00, 0x00, 0x00, 0x00, 0x00,
    0x00, 0x05, 0x55, 0x00, 0x05, 0x55, 0x00, 0x0B, 0xFF, 0xC0, 0x03, 0xFF, 0xC0, 0x01, 0xFF, 0xF0,
    0x02, 0xFF, 0x80, 0x00, 0x1F, 0xFC, 0x00, 0xFF, 0xC0, 0x00, 0x0B, 0xFF, 0x00, 0xFF, 0xF0, 0x00,
    0x03, 0xEF, 0xD0, 0x7E, 0xFC, 0x00, 0x00, 0xF7, 0xF4, 0x3E, 0x7F, 0x00, 0x00, 0xBC, 0xBE, 0x1F,
    0x2F, 0x80, 0x00, 0x3F, 0x2F, 0x8F, 0x8B, 0xE0, 0x00, 0x0F, 0x87, 0xF7, 0xC2, 0xF8, 0x00, 0x07,
    0xC0, 0xFF, 0xD0, 0xFE, 0x00, 0x03, 0xF0, 0x3F, 0xF0, 0x3F, 0x80, 0x00, 0xF8, 0x0F, 0xF4, 0x0F,
    0xD0, 0x00, 0x7D, 0x02, 0xFC, 0x03, 0xF4, 0x00, 0x2F, 0x00, 0x7D, 0x00, 0xFD, 0x00, 0x0F, 0xC0,
    0x1E, 0x00, 0x7F, 0x40, 0x2F, 0xFD, 0x00, 0x01, 0xFF, 0xFC, 0x1F, 0xFF, 0x40, 0x00, 0xFF, 0xFF,
    0x00, 0x00, 0x00, 0x00, 0x0F, 0xC0, 0x0B, 0xF0, 0x03, 0xFC, 0x00, 0xBD, 0x00, 0x00, 0x00, 0x01,
    0x00, 0x7F, 0xE0, 0x3F, 0xF8, 0x00, 0xFD, 0x00, 0x3F, 0x00, 0x1F, 0xC0, 0x0B, 0xE0, 0x03, 0xF4,
    0x00, 0xFC, 0x00, 0x7F, 0x00, 0x2F, 0x88, 0x0F, 0xFF, 0x43, 0xFF, 0xC0, 0xBF, 0x80, 0x00, 0x00,
    0x00, 0x00, 0x00, 0x00, 0x00, 0x00, 0x0F, 0xC0, 0x0F, 0xC0, 0x0B, 0xF0, 0x0B, 0xF0, 0x03, 0xFC,
    0x03, 0xFC, 0x00, 0xBD, 0x00, 0x7D, 0x00, 0x00, 0x00, 0x00, 0x00, 0x01, 0x00, 0x01, 0x00, 0x7F,
    0xE0, 0x7F, 0xE0, 0x3F, 0xF8, 0x3F, 0xFC, 0x00, 0xFD, 0x00, 0xBE, 0x00, 0x3F, 0x00, 0x3F, 0x40,
    0x1F, 0xC0, 0x0F, 0xC0, 0x0B, 0xE0, 0x07, 0xF0, 0x03, 0xF4, 0x03, 0xF4, 0x00, 0xFC, 0x00, 0xFC,
    0x00, 0x7F, 0x00, 0x7F, 0x00, 0x2F, 0x88, 0x2F, 0x88, 0x0F, 0xFF, 0x4F, 0xFF, 0x43, 0xFF, 0xC3,
    0xFF, 0xC0, 0xBF, 0x80, 0xBF, 0x80, 0x00, 0x00, 0x00, 0x00, 0x00, 0x00, 0x00, 0x00, 0x00, 0x00,
    0x00, 0x00, 0x0F, 0xC0, 0x0F, 0xC0, 0x0B, 0xC0, 0x0B, 0xF0, 0x0B, 0xF0, 0x0B, 0xF4, 0x03, 0xFC,
    0x03, 0xFC, 0x03, 0xFC, 0x00, 0xBD, 0x00, 0x7D, 0x00, 0x7D, 0x00, 0x00, 0x00, 0x00, 0x00, 0x00,
    0x00, 0x01, 0x00, 0x01, 0x00, 0x01, 0x00, 0x7F, 0xE0, 0x7F, 0xE0, 0x7F, 0xF0, 0x3F, 0xF8, 0x3F,
    0xFC, 0x3F, 0xFC, 0x00, 0xFD, 0x00, 0xBE, 0x00, 0xBE, 0x00, 0x3F, 0x00, 0x3F, 0x40, 0x3F, 0x40,
    0x1F, 0xC0, 0x0F, 0xC0, 0x0F, 0xC0, 0x0B, 0xE0, 0x07, 0xF0, 0x07, 0xF0, 0x03, 0xF4, 0x03, 0xF4,
    0x02, 0xF8, 0x00, 0xFC, 0x00, 0xFC, 0x00, 0xFD, 0x00, 0x7F, 0x00, 0x7F, 0x00, 0x7F, 0x00, 0x2F,
    0x88, 0x2F, 0x88, 0x2F, 0xC4, 0x0F, 0xFF, 0x4F, 0xFF, 0x4B, 0xFF, 0x83, 0xFF, 0xC3, 0xFF, 0xC3,
    0xFF, 0xC0, 0xBF, 0x80, 0xBF, 0x80, 0x7F, 0x80, 0x00, 0x00, 0x00, 0x00, 0x00, 0x00, 0x00, 0x00,
    0x00, 0x00, 0x00, 0x00, 0x00, 0x0F, 0xC0, 0x00, 0x00, 0x00, 0x0B, 0xF0, 0x00, 0x00, 0x00, 0x03,
    0xFC, 0x00, 0x00, 0x00, 0x00, 0xBD, 0x00, 0x00, 0x00, 0x00, 0x00, 0x00, 0x00, 0x00, 0x00, 0x01,
    0x00, 0x00, 0x00, 0x40, 0x7F, 0xE0, 0xBF, 0x41, 0xFD, 0x3F, 0xF8, 0xBF, 0xF0, 0x3F, 0xC0, 0xFD,
    0x01, 0xFC, 0x0B, 0xF0, 0x3F, 0x00, 0x3F, 0x42, 0xF8, 0x1F, 0xC0, 0x0F, 0xE0, 0xFD, 0x0B, 0xE0,
    0x02, 0xF8, 0x3F, 0x03, 0xF4, 0x00, 0x7E, 0x1F, 0x40, 0xFC, 0x00, 0x1F, 0xCF, 0xC0, 0x7F, 0x00,
    0x03, 0xFB, 0xC0, 0x2F, 0x88, 0x00, 0xFF, 0xD0, 0x0F, 0xFF, 0x40, 0x3F, 0xE0, 0x03, 0xFF, 0xC0,
    0x0F, 0xE0, 0x00, 0xBF, 0x80, 0x03, 0xE0, 0x00, 0x00, 0x00, 0x00, 0x00, 0x00, 0x00, 0x00, 0x00,
    0x04, 0x0B, 0xF4, 0x1F, 0xDB, 0xFF, 0x03, 0xF8, 0x6F, 0xC0, 0xFE, 0x03, 0xF4, 0x2F, 0x80, 0xFD,
    0x0F, 0xC0, 0x2F, 0x83, 0xF0, 0x0B, 0xE1, 0xF4, 0x01, 0xF8, 0xF8, 0x00, 0x7E, 0xBC, 0x00, 0x0F,
    0xFD, 0x00, 0x03, 0xFE, 0x00, 0x00, 0xFE, 0x00, 0x00, 0x3E, 0x00, 0x00, 0x00, 0x00, 0x00, 0x00,
    0x00, 0x00, 0x00, 0x00, 0x00, 0x00, 0x00, 0x00, 0x00, 0xBC, 0x00, 0x00, 0x00, 0x00, 0x2F, 0xD0,
    0x00, 0x00, 0x00, 0x03, 0xFC, 0x00, 0x00, 0x00, 0x00, 0x1F, 0x40, 0x00, 0x00, 0x00, 0x00, 0x00,
    0x00, 0x00, 0x04, 0x00, 0x04, 0x02, 0xFD, 0x07, 0xF4, 0x7F, 0xF0, 0xBF, 0xF0, 0x3F, 0x8F, 0xFF,
    0x01, 0xBF, 0x03, 0xF8, 0x0B, 0xE0, 0x03, 0xF4, 0x2F, 0x80, 0xFD, 0x00, 0x3F, 0x43, 0xF0, 0x0F,
    0xC0, 0x02, 0xF8, 0x3F, 0x01, 0xFC, 0x00, 0x2F, 0x87, 0xD0, 0x2F, 0x80, 0x01, 0xF8, 0xF8, 0x03,
    0xF4, 0x00, 0x1F, 0xAF, 0x00, 0x3F, 0x00, 0x00, 0xFF, 0xD0, 0x07, 0xF1, 0x00, 0x0F, 0xF8, 0x00,
    0xBF, 0xF8, 0x00, 0xFE, 0x00, 0x0B, 0xFF, 0x00, 0x0F, 0x80, 0x00, 0x7F, 0x80, 0x00, 0x00, 0x00,
    0x00, 0x00, 0x00, 0x00, 0x00, 0x00, 0x00, 0x00, 0x00, 0x00, 0x00, 0x00, 0x00, 0x00, 0x00, 0xBC,
    0x00, 0xBC, 0x00, 0x00, 0x00, 0x00, 0x2F, 0xD0, 0x1F, 0xD0, 0x00, 0x00, 0x00, 0x03, 0xFC, 0x02,
    0xFC, 0x00, 0x00, 0x00, 0x00, 0x1F, 0x40, 0x1F, 0x40, 0x00, 0x00, 0x00, 0x00, 0x00, 0x00, 0x00,
    0x00, 0x00, 0x04, 0x00, 0x04, 0x00, 0x04, 0x02, 0xFD, 0x07, 0xF4, 0x7F, 0xF0, 0x2F, 0xF0, 0xBF,
    0xF0, 0x3F, 0x8F, 0xFF, 0x0B, 0xFF, 0x01, 0xBF, 0x03, 0xF8, 0x0B, 0xE0, 0x0B, 0xE0, 0x03, 0xF4,
    0x2F, 0x80, 0xFD, 0x00, 0xBD, 0x00, 0x3F, 0x43, 0xF0, 0x0F, 0xC0, 0x0F, 0xC0, 0x02, 0xF8, 0x3F,
    0x01, 0xFC, 0x01, 0xFC, 0x00, 0x2F, 0x87, 0xD0, 0x2F, 0x80, 0x2F, 0x80, 0x01, 0xF8, 0xF8, 0x03,
    0xF4, 0x03, 0xF4, 0x00, 0x1F, 0xAF, 0x00, 0x3F, 0x00, 0x3F, 0x00, 0x00, 0xFF, 0xD0, 0x07, 0xF1,
    0x07, 0xF1, 0x00, 0x0F, 0xF8, 0x00, 0xBF, 0xF8, 0xBF, 0xF8, 0x00, 0xFE, 0x00, 0x0B, 0xFF, 0x0B,
    0xFF, 0x00, 0x0F, 0x80, 0x00, 0x7F, 0x80, 0x7F, 0x80, 0x00, 0x00, 0x00, 0x00, 0x00, 0x00, 0x00,
    0x00, 0x00, 0x00, 0x00, 0x00, 0x00, 0x00, 0x00, 0x00, 0x00, 0x00, 0x00, 0x00, 0x00, 0x00, 0xBC,
    0x00, 0xBC, 0x00, 0xBC, 0x00, 0x00, 0x00, 0x00, 0x2F, 0xD0, 0x1F, 0xD0, 0x1F, 0xD0, 0x00, 0x00,
    0x00, 0x03, 0xFC, 0x02, 0xFC, 0x02, 0xFD, 0x00, 0x00, 0x00, 0x00, 0x1F, 0x40, 0x1F, 0x40, 0x1F,
    0x80, 0x00, 0x00, 0x00, 0x00, 0x00, 0x00, 0x00, 0x00, 0x00, 0x00, 0x00, 0x04, 0x00, 0x04, 0x00,
    0x04, 0x00, 0x04, 0x02, 0xFD, 0x07, 0xF4, 0x7F, 0xF0, 0x2F, 0xF0, 0x2F, 0xF0, 0xBF, 0xF0, 0x3F,
    0x8F, 0xFF, 0x0B, 0xFF, 0x0B, 0xFF, 0x01, 0xBF, 0x03, 0xF8, 0x0B, 0xE0, 0x0B, 0xE0, 0x07, 0xF0,
    0x03, 0xF4, 0x2F, 0x80, 0xFD, 0x00, 0xBD, 0x00, 0xBE, 0x00, 0x3F, 0x43, 0xF0, 0x0F, 0xC0, 0x0F,
    0xC0, 0x0F, 0xD0, 0x02, 0xF8, 0x3F, 0x01, 0xFC, 0x01, 0xFC, 0x00, 0xFC, 0x00, 0x2F, 0x87, 0xD0,
    0x2F, 0x80, 0x2F, 0x80, 0x2F, 0x80, 0x01, 0xF8, 0xF8, 0x03, 0xF4, 0x03, 0xF4, 0x03, 0xF4, 0x00,
    0x1F, 0xAF, 0x00, 0x3F, 0x00, 0x3F, 0x00, 0x3F, 0x00, 0x00, 0xFF, 0xD0, 0x07, 0xF1, 0x07, 0xF1,
    0x07, 0xF1, 0x40, 0x0F, 0xF8, 0x00, 0xBF, 0xF8, 0xBF, 0xF8, 0xBF, 0xF8, 0x00, 0xFE, 0x00, 0x0B,
    0xFF, 0x0B, 0xFF, 0x0B, 0xFF, 0x00, 0x0F, 0x80, 0x00, 0x7F, 0x80, 0x7F, 0x80, 0x7F, 0x80, 0x00,
    0x00, 0x00, 0x00, 0x00, 0x00, 0x00, 0x00, 0x00, 0x00, 0x00, 0x00, 0x00, 0x00, 0x00, 0x00, 0x00,
    0xFC, 0x00, 0x00, 0x00, 0x00, 0x0B, 0xF0, 0x00, 0x00, 0x00, 0x00, 0x3F, 0xC0, 0x00, 0x00, 0x00,
    0x00, 0xBD, 0x00, 0x00, 0x00, 0x00, 0x00, 0x00, 0x00, 0x00, 0x00, 0x00, 0x01, 0x00, 0x00, 0x00,
    0x04, 0x07, 0xFE, 0x02, 0xFD, 0x02, 0xFD, 0x3F, 0xF8, 0x2F, 0xFC, 0x1F, 0xF4, 0x0F, 0xD0, 0x67,
    0xF4, 0xFA, 0xC0, 0x3F, 0x00, 0x0B, 0xEF, 0x80, 0x01, 0xFC, 0x00, 0x0F, 0xFC, 0x00, 0x0B, 0xE0,
    0x00, 0x3F, 0xC0, 0x00, 0x3F, 0x40, 0x00, 0x7F, 0x00, 0x00, 0xFC, 0x00, 0x03, 0xFD, 0x00, 0x07,
    0xF0, 0x00, 0x2F, 0xFC, 0x00, 0x2F, 0x88, 0x02, 0xF7, 0xF4, 0x00, 0xFF, 0xF7, 0xFF, 0x4F, 0xFA,
    0x43, 0xFF, 0xCF, 0xF8, 0x1F, 0xFD, 0x0B, 0xF8, 0x3F, 0x80, 0x3F, 0xD0, 0x00, 0x00, 0x00, 0x00,
    0x00, 0x00, 0x00, 0x00, 0x00, 0x10, 0x02, 0xFD, 0x02, 0xFC, 0x0B, 0xFF, 0x0B, 0xFD, 0x05, 0x7F,
    0x5F, 0xAC, 0x00, 0x3F, 0xBD, 0x00, 0x00, 0x1F, 0xF8, 0x00, 0x00, 0x0F, 0xF0, 0x00, 0x00, 0x0B,
    0xF0, 0x00, 0x00, 0x0F, 0xF4, 0x00, 0x00, 0x3F, 0xFC, 0x00, 0x00, 0xBD, 0xFC, 0x00, 0x3F, 0xF4,
    0xFF, 0xA4, 0x3F, 0xE0, 0xBF, 0xF4, 0x3F, 0x80, 0x3F, 0xD0, 0x00, 0x00, 0x00, 0x00, 0x00, 0x00,
    0x00, 0x00, 0x00, 0x00, 0x00, 0x00, 0x00, 0x00, 0x00, 0xBC, 0x00, 0x00, 0x00, 0x00, 0x01, 0xFD,
    0x00, 0x00, 0x00, 0x00, 0x02, 0xFD, 0x00, 0x00, 0x00, 0x00, 0x01, 0xF8, 0x00, 0x00, 0x00, 0x00,
    0x00, 0x00, 0x00, 0x00, 0x00, 0x10, 0x00, 0x40, 0x02, 0xFD, 0x02, 0xFC, 0x2F, 0xF0, 0x0B, 0xFF,
    0x0B, 0xFD, 0xBF, 0xF0, 0x05, 0x7F, 0x5F, 0xAC, 0x07, 0xF0, 0x00, 0x3F, 0xBD, 0x00, 0x0B, 0xE0,
    0x00, 0x1F, 0xF8, 0x00, 0x0F, 0xD0, 0x00, 0x0F, 0xF0, 0x00, 0x0F, 0xC0, 0x00, 0x0B, 0xF0, 0x00,
    0x2F, 0x80, 0x00, 0x0F, 0xF4, 0x00, 0x3F, 0x40, 0x00, 0x3F, 0xFC, 0x00, 0x3F, 0x00, 0x00, 0xBD,
    0xFC, 0x00, 0x7F, 0x14, 0x3F, 0xF4, 0xFF, 0xA4, 0xBF, 0xF8, 0x3F, 0xE0, 0xBF, 0xF4, 0xBF, 0xF0,
    0x3F, 0x80, 0x3F, 0xD0, 0x7F, 0x80, 0x00, 0x00, 0x00, 0x00, 0x00, 0x00, 0x00, 0x00, 0x00, 0x00,
    0x00, 0x00, 0x00, 0x00, 0x00, 0x00, 0x00, 0x00, 0x00, 0xBC, 0x00, 0xBD, 0x00, 0x00, 0x00, 0x00,
    0x01, 0xFD, 0x01, 0xFE, 0x00, 0x00, 0x00, 0x00, 0x02, 0xFD, 0x02, 0xFD, 0x00, 0x00, 0x00, 0x00,
    0x01, 0xF8, 0x00, 0xF8, 0x00, 0x00, 0x00, 0x00, 0x00, 0x00, 0x00, 0x00, 0x00, 0x00, 0x00, 0x10,
    0x00, 0x40, 0x00, 0x40, 0x02, 0xFD, 0x02, 0xFC, 0x2F, 0xF0, 0x2F, 0xF0, 0x0B, 0xFF, 0x0B, 0xFD,
    0xBF, 0xF0, 0xBF, 0xF0, 0x05, 0x7F, 0x5F, 0xAC, 0x07, 0xF0, 0x07, 0xF0, 0x00, 0x3F, 0xBD, 0x00,
    0x0B, 0xE0, 0x0B, 0xE0, 0x00, 0x1F, 0xF8, 0x00, 0x0F, 0xD0, 0x0F, 0xD0, 0x00, 0x0F, 0xF0, 0x00,
    0x0F, 0xC0, 0x0F, 0xC0, 0x00, 0x0B, 0xF0, 0x00, 0x2F, 0x80, 0x1F, 0xC0, 0x00, 0x0F, 0xF4, 0x00,
    0x3F, 0x40, 0x2F, 0x80, 0x00, 0x3F, 0xFC, 0x00, 0x3F, 0x00, 0x3F, 0x40, 0x00, 0xBD, 0xFC, 0x00,
    0x7F, 0x14, 0x7F, 0x14, 0x3F, 0xF4, 0xFF, 0xA4, 0xBF, 0xF8, 0x7F, 0xFC, 0x3F, 0xE0, 0xBF, 0xF4,
    0xBF, 0xF0, 0xBF, 0xF4, 0x3F, 0x80, 0x3F, 0xD0, 0x7F, 0x80, 0x3F, 0x80, 0x00, 0x00, 0x00, 0x00,
    0x00, 0x00, 0x00, 0x00, 0x00, 0x14, 0x0B, 0xFE, 0x1F, 0xFE, 0x00, 0xFD, 0x00, 0xFC, 0x01, 0xFC,
    0x02, 0xF8, 0x03, 0xF8, 0x03, 0xF4, 0x07, 0xF0, 0x0B, 0xF0, 0x0F, 0xE0, 0x0F, 0xD0, 0x0F, 0xC0,
    0x1F, 0xC0, 0x2F, 0x80, 0x3F, 0x48, 0x3F, 0xFC, 0x3F, 0xF8, 0x3F, 0xD0, 0x00, 0x00, 0x00, 0x00,
    0x40, 0x00, 0x2F, 0xF8, 0x00, 0xFF, 0xFC, 0x03, 0xF9, 0xBC, 0x0F, 0xE0, 0x10, 0x1F, 0xC0, 0x00,
    0x2F, 0x80, 0x00, 0x3F, 0x40, 0x00, 0x3F, 0x40, 0x00, 0x7F, 0x40, 0x00, 0x3F, 0x80, 0xB0, 0x3F,
    0xFF, 0xF0, 0x2F, 0xFF, 0xD0, 0x0B, 0xFE, 0x00, 0x00, 0x00, 0x00, 0x00, 0x00, 0x00, 0x40, 0x00,
    0x00, 0xBF, 0xD0, 0x00, 0x07, 0xFF, 0x40, 0x00, 0x00, 0xFD, 0x00, 0x00, 0x03, 0xF0, 0x00, 0x00,
    0x1F, 0xC0, 0x00, 0x10, 0xBE, 0x00, 0x0F, 0xFB, 0xF4, 0x01, 0xFF, 0xFF, 0xC0, 0x0F, 0xE1, 0xFF,
    0x00, 0xBF, 0x02, 0xF8, 0x03, 0xF0, 0x0F, 0xD0, 0x2F, 0xC0, 0x3F, 0x00, 0xFE, 0x02, 0xFC, 0x03,
    0xF4, 0x0F, 0xE0, 0x0F, 0xC0, 0xBF, 0x80, 0x3F, 0x4B, 0xBE, 0x20, 0xFF, 0xBD, 0xFF, 0xD3, 0xFF,
    0xC3, 0xFE, 0x07, 0xF8, 0x0F, 0xE0, 0x00, 0x00, 0x00, 0x00, 0x00, 0x00, 0x01, 0x00, 0x10, 0x01,
    0xFF, 0x47, 0xF8, 0x1F, 0xE0, 0x3F, 0xF5, 0xFF, 0xCB, 0xFF, 0x00, 0x3F, 0xBE, 0xFE, 0xFB, 0xF0,
    0x03, 0xFF, 0x0F, 0xF8, 0x7F, 0x00, 0x3F, 0xC1, 0xFF, 0x0B, 0xE0, 0x07, 0xF8, 0x2F, 0xD0, 0xFD,
    0x00, 0xBF, 0x03, 0xFC, 0x0F, 0xC0, 0x0F, 0xE0, 0x3F, 0x41, 0xFC, 0x00, 0xFD, 0x07, 0xF0, 0x2F,
    0x80, 0x1F, 0xC0, 0xBF, 0x03, 0xF4, 0x81, 0xFC, 0x0F, 0xE0, 0x3F, 0xFC, 0x2F, 0x80, 0xFD, 0x03,
    0xFF, 0x83, 0xF4, 0x0F, 0xC0, 0x3F, 0xD0, 0x00, 0x00, 0x00, 0x00, 0x00, 0x00, 0x00, 0x00, 0x00,
    0x00, 0x00, 0x0D, 0x00, 0x00, 0x00, 0x0F, 0xC0, 0x00, 0x00, 0x0F, 0xD0, 0x00, 0x00, 0x0F, 0xC0,
    0x00, 0x00, 0x0F, 0xFF, 0xFF, 0xFF, 0xC3, 0xFF, 0xFF, 0xFF, 0xF0, 0xBF, 0xAA, 0xAA, 0xFC, 0x0B,
    0xD0, 0x00, 0x00, 0x00, 0xBE, 0x00, 0x00, 0x00, 0x0B, 0xC0, 0x00, 0x00, 0x00, 0x80, 0x00, 0x00,
    0x00, 0x08, 0x00, 0x00, 0x0F, 0xC0, 0x00, 0x0F, 0xFC, 0x00, 0x0F, 0xFF, 0xC0, 0x1F, 0xBF, 0xFD,
    0x0B, 0xCF, 0xCF, 0x80, 0xD3, 0xF1, 0xC0, 0x00, 0xFC, 0x00, 0x00, 0x3F, 0x00, 0x00, 0x0F, 0xC0,
    0x00, 0x03, 0xF0, 0x00, 0x00, 0xFC, 0x00, 0x00, 0x3F, 0x00, 0x00, 0x0F, 0xC0, 0x00, 0x03, 0xF0,
    0x00, 0x00, 0xFC, 0x00, 0x00, 0x00, 0x00, 0x00, 0x00, 0x00, 0x00, 0x00, 0x00, 0x00, 0x01, 0xC0,
    0x00, 0x00, 0x01, 0xFC, 0x00, 0x00, 0x00, 0x1F, 0xC0, 0x00, 0x00, 0x00, 0xFC, 0x0F, 0xFF, 0xFF,
    0xFF, 0xC3, 0xFF, 0xFF, 0xFF, 0xF0, 0xFE, 0xAA, 0xAB, 0xF8, 0x00, 0x00, 0x02, 0xF8, 0x00, 0x00,
    0x02, 0xF8, 0x00, 0x00, 0x00, 0xF8, 0x00, 0x00, 0x00, 0x08, 0x00, 0x00, 0x19, 0x00, 0x00, 0x0F,
    0xC0, 0x00, 0x03, 0xF0, 0x00, 0x00, 0xFC, 0x00, 0x00, 0x3F, 0x00, 0x00, 0x0F, 0xC0, 0x00, 0x03,
    0xF0, 0x00, 0x00, 0xFC, 0x00, 0x00, 0x3F, 0x00, 0x00, 0x0F, 0xC0, 0x00, 0xD3, 0xF2, 0xC0, 0xFC,
    0xFD, 0xFC, 0x0F, 0xFF, 0xFC, 0x00, 0xFF, 0xFC, 0x00, 0x0F, 0xFC, 0x00, 0x00, 0xF8, 0x00, 0x00,
    0x00, 0x00, 0x00, 0x00, 0x20, 0x02, 0x00, 0x00, 0x3E, 0x02, 0xF0, 0x00, 0x3F, 0x40, 0x7F, 0x00,
    0x3E, 0x00, 0x03, 0xF0, 0x3F, 0xFF, 0xFF, 0xFF, 0x1F, 0xFF, 0xFF, 0xFF, 0xD2, 0xFA, 0xAA, 0xAF,
    0xE0, 0x2F, 0x40, 0x07, 0xE0, 0x03, 0xF8, 0x0B, 0xF0, 0x00, 0x3D, 0x01, 0xF0, 0x00, 0x01, 0x00,
    0x10, 0x00, 0x00, 0x74, 0x00, 0x07, 0xF4, 0x00, 0x7F, 0xF4, 0x07, 0xFF, 0xF4, 0x7E, 0xFE, 0xF4,
    0xF3, 0xF3, 0xC0, 0x0F, 0xC0, 0x00, 0x3F, 0x00, 0x00, 0xFC, 0x00, 0x03, 0xF0, 0x01, 0x4F, 0xC5,
    0x1F, 0x3F, 0x3D, 0x3F, 0xFF, 0xF0, 0x3F, 0xFF, 0x00, 0x3F, 0xF0, 0x00, 0x3F, 0x00, 0x00, 0x10,
    0x00, 0x00, 0x00, 0x00, 0x00, 0x0B, 0x80, 0x00, 0x0F, 0xFC, 0x00, 0x0F, 0xFF, 0xC0, 0x0F, 0xFF,
    0xFC, 0x07, 0xCF, 0xCF, 0x40, 0x53, 0xF1, 0x40, 0x00, 0xFC, 0x00, 0x00, 0x3F, 0x00, 0x01, 0x4F,
    0xC5, 0x01, 0xF3, 0xF3, 0xD0, 0x3F, 0xFF, 0xF0, 0x03, 0xFF, 0xF0, 0x00, 0x3F, 0xF0, 0x00, 0x02,
    0xE0, 0x00, 0xFF, 0xFF, 0xFC, 0x3F, 0xFF, 0xFF, 0x0F, 0xFF, 0xFF, 0xC0, 0x00, 0x00, 0x00, 0x00,
    0x03, 0xF0, 0x00, 0x0F, 0xC0, 0x00, 0x3F, 0x00, 0x00, 0xF8, 0x00, 0x03, 0xE0, 0x00, 0x0F, 0x80,
    0x38, 0x3E, 0x02, 0xF8, 0xF8, 0x2F, 0x83, 0xE2, 0xF4, 0x0F, 0xAF, 0xFF, 0xFE, 0xFF, 0xFF, 0xF8,
    0xFE, 0xAA, 0x90, 0xFC, 0x00, 0x01, 0xFD, 0x00, 0x01, 0xF4, 0x00, 0x01, 0x40, 0x00, 0x00, 0x00,
    0x03, 0xF0, 0x00, 0x0F, 0xC0, 0x00, 0x3F, 0x00, 0x00, 0xFC, 0x00, 0x03, 0xF0, 0x00, 0x0B, 0xC0,
    0x00, 0x2F, 0x0B, 0x00, 0xBC, 0xBE, 0x02, 0xF0, 0xBE, 0x0B, 0xC0, 0x7E, 0x2F, 0xFF, 0xFE, 0xBF,
    0xFF, 0xFD, 0xAA, 0xAF, 0xC0, 0x00, 0xFC, 0x00, 0x1F, 0xC0, 0x00, 0x7D, 0x00, 0x00, 0x50, 0x00,
    0x00, 0x00, 0x00, 0x00, 0x00, 0x00, 0x0B, 0xD0, 0x00, 0x00, 0x2F, 0x40, 0x1C, 0x00, 0xBD, 0x01,
    0xFC, 0x01, 0xF4, 0x1F, 0xC0, 0x07, 0xC1, 0xF8, 0x00, 0x1F, 0x0F, 0xFF, 0xFF, 0xFC, 0x7F, 0xFF,
    0xFF, 0xF0, 0xBE, 0xAA, 0xAA, 0x80, 0xBD, 0x00, 0x00, 0x00, 0xFE, 0x00, 0x00, 0x00, 0xF8, 0x00,
    0x00, 0x00, 0x80, 0x00, 0x00, 0x00, 0x00, 0x00, 0x00, 0x00, 0x03, 0x80, 0x00, 0x00, 0x03, 0xF0,
    0x00, 0x00, 0x03, 0xF0, 0x00, 0x00, 0x03, 0xFA, 0xAA, 0xAF, 0x03, 0xFF, 0xFF, 0xFF, 0xC3, 0xFA,
    0xAA, 0xAA, 0xA0, 0xF0, 0x00, 0x00, 0x00, 0x2F, 0xFF, 0xFF, 0xFF, 0x02, 0xFF, 0xFF, 0xFF, 0xC0,
    0x2F, 0x45, 0x55, 0x60, 0x02, 0xF0, 0x00, 0x00, 0x00, 0x3F, 0x00, 0x00, 0x00, 0x03, 0x40, 0x00,
    0x00, 0x00, 0x00, 0x00, 0x00, 0x00, 0x01, 0x00, 0x00, 0x00, 0x3F, 0x00, 0x00, 0x03, 0xFF, 0x00,
    0x00, 0x3F, 0x3F, 0x00, 0x03, 0xF8, 0xBF, 0x00, 0x3F, 0xE2, 0xFF, 0x03, 0xF7, 0x8B, 0x7F, 0x07,
    0x1E, 0x2D, 0x34, 0x00, 0x78, 0xB4, 0x00, 0x01, 0xE2, 0xD0, 0x00, 0x0B, 0x8B, 0x40, 0x00, 0x2E,
    0x2E, 0x00, 0x00, 0xB8, 0xB8, 0x00, 0x02, 0xE2, 0xE0, 0x00, 0x0B, 0x8B, 0x80, 0x00, 0x2E, 0x2E,
    0x00, 0x00, 0x00, 0x00, 0x00, 0x00, 0x00, 0x00, 0x00, 0x00, 0x00, 0x0B, 0x00, 0x00, 0x00, 0x03,
    0xF0, 0x00, 0x00, 0x00, 0x3F, 0x00, 0x3E, 0xAA, 0xAB, 0xF0, 0x0F, 0xFF, 0xFF, 0xFF, 0x02, 0xAA,
    0xAA, 0xAB, 0xF0, 0x00, 0x00, 0x00, 0x3C, 0x3F, 0xFF, 0xFF, 0xFE, 0x0F, 0xFF, 0xFF, 0xFE, 0x02,
    0x55, 0x54, 0x7E, 0x00, 0x00, 0x00, 0x3E, 0x00, 0x00, 0x00, 0x3F, 0x00, 0x00, 0x00, 0x07, 0x00,
    0x00, 0x00, 0x00, 0x00, 0x00, 0x00, 0x10, 0x10, 0x00, 0x02, 0xE2, 0xE0, 0x00, 0x0B, 0x8B, 0x80,
    0x00, 0x2E, 0x2E, 0x00, 0x00, 0xB8, 0xB8, 0x00, 0x02, 0xE2, 0xE0, 0x00, 0x07, 0x8B, 0x40, 0x00,
    0x1E, 0x2D, 0x00, 0x00, 0x78, 0xB4, 0x00, 0xB1, 0xE2, 0xD3, 0x83, 0xFB, 0x8B, 0xBF, 0x03, 0xFE,
    0x2F, 0xF0, 0x02, 0xF8, 0xBE, 0x00, 0x02, 0xF7, 0xE0, 0x00, 0x02, 0xFE, 0x00, 0x00, 0x02, 0xE0,
    0x00, 0x00, 0x00, 0x00, 0x00, 0x00, 0x10, 0x04, 0x00, 0x00, 0x0F, 0x03, 0xC0, 0x00, 0x0F, 0x80,
    0xBC, 0x00, 0x0F, 0xD5, 0x5F, 0xC0, 0x0F, 0xFF, 0xFF, 0xFC, 0x0F, 0xAA, 0xAA, 0xAB, 0xC7, 0xC0,
    0x00, 0x00, 0xF4, 0xBF, 0xFF, 0xFF, 0xF8, 0x0F, 0xFF, 0xFF, 0xF8, 0x00, 0xFC, 0x01, 0xFC, 0x00,
    0x0F, 0xC0, 0xFC, 0x00, 0x00, 0xF0, 0x3C, 0x00, 0x00, 0x00, 0x00, 0x00, 0x00, 0x15, 0x40, 0x00,
    0x01, 0x52, 0xFE, 0x00, 0x00, 0xBE, 0x1F, 0xF0, 0x00, 0x0F, 0xC0, 0xFF, 0x40, 0x01, 0xFC, 0x0B,
    0xF8, 0x00, 0x3F, 0x40, 0x3F, 0xEA, 0xAB, 0xF0, 0x03, 0xFF, 0xFF, 0xFE, 0x00, 0x2F, 0xFF, 0xFF,
    0xC0, 0x00, 0xFF, 0x00, 0xF8, 0x00, 0x0F, 0xF4, 0x2F, 0x40, 0x00, 0x7F, 0x83, 0xF0, 0x00, 0x03,
    0xFC, 0x7D, 0x00, 0x00, 0x2F, 0xDB, 0xC0, 0x00, 0x01, 0xFE, 0xF8, 0x00, 0x00, 0x0F, 0xFF, 0x00,
    0x00, 0x00, 0xBF, 0xE0, 0x00, 0x00, 0x03, 0xFD, 0x00, 0x00, 0x00, 0x3F, 0x80, 0x00, 0x00, 0x00,
    0x40, 0x00, 0x00, 0x00, 0x06, 0x40, 0x00, 0x3F, 0xFE, 0x00, 0x3F, 0xFF, 0xE0, 0x0D, 0x02, 0xFC,
    0x00, 0x00, 0x3F, 0x80, 0x00, 0x0F, 0xE0, 0x00, 0x02, 0xFC, 0x00, 0xBF, 0xFF, 0x01, 0xFF, 0xFF,
    0xC1, 0xFE, 0x6F, 0xF0, 0xFD, 0x02, 0xF8, 0xBE, 0x00, 0xFE, 0x3F, 0x40, 0x3F, 0x5F, 0xC0, 0x0F,
    0xC7, 0xF0, 0x07, 0xE1, 0xFC, 0x03, 0xF4, 0x7F, 0x02, 0xFC, 0x0F, 0xE6, 0xFC, 0x02, 0xFF, 0xFC,
    0x00, 0x2F, 0xF8, 0x00, 0x00, 0x00, 0x00, 0x00, 0x15, 0x55, 0x55, 0x1F, 0xFF, 0xFF, 0xD7, 0xFF,
    0xFF, 0xF8, 0x95, 0x56, 0xFE, 0x00, 0x00, 0xBF, 0x80, 0x00, 0x2F, 0xE0, 0x00, 0x0B, 0xF8, 0x00,
    0x02, 0xFE, 0x3F, 0xFF, 0xFF, 0x8F, 0xFF, 0xFF, 0xE2, 0xAA, 0x9B, 0xF8, 0x00, 0x02, 0xFE, 0x00,
    0x00, 0xBF, 0x80, 0x00, 0x2F, 0xE0, 0x00, 0x0B, 0xF9, 0xFE, 0xAB, 0xFE, 0xBF, 0xFF, 0xFF, 0x6F,
    0xFF, 0xFF, 0xC0, 0x00, 0x00, 0x00, 0x00, 0x00, 0x00, 0x0A, 0xF9, 0x01, 0xD0, 0x03, 0xFF, 0xFF,
    0x9F, 0x40, 0x7F, 0xFF, 0xFF, 0xF4, 0x03, 0xFD, 0x00, 0xBF, 0xC0, 0x3F, 0xC0, 0x00, 0xFF, 0x41,
    0xFD, 0x00, 0x0F, 0xFE, 0x0B, 0xF0, 0x00, 0xFA, 0xFC, 0x3F, 0x40, 0x0F, 0x87, 0xF0, 0xFD, 0x00,
    0xF8, 0x0F, 0xC3, 0xF0, 0x0F, 0x80, 0x7F, 0x0F, 0xD0, 0xF8, 0x01, 0xFC, 0x3F, 0x4F, 0x80, 0x0B,
    0xF0, 0xFE, 0xFC, 0x00, 0x3F, 0x82, 0xFF, 0xC0, 0x01, 0xFC, 0x03, 0xFC, 0x00, 0x1F, 0xE0, 0x0F,
    0xFE, 0x57, 0xFF, 0x00, 0xBF, 0xFF, 0xFF, 0xF0, 0x0B, 0xC7, 0xFF, 0xFD, 0x00, 0x0C, 0x00, 0x55,
    0x00, 0x00, 0x00, 0x00, 0x00, 0x00, 0x00, 0x00, 0x00, 0xB8, 0x00, 0x00, 0x00, 0xFF, 0x00, 0x00,
    0x00, 0xBF, 0xD0, 0x00, 0x00, 0x3F, 0xF8, 0x00, 0x00, 0x1F, 0xFF, 0x00, 0x00, 0x0F, 0xAF, 0xD0,
    0x00, 0x07, 0xD3, 0xFC, 0x00, 0x03, 0xF0, 0xFF, 0x00, 0x00, 0xF8, 0x1F, 0xE0, 0x00, 0xBC, 0x03,
    0xFC, 0x00, 0x3F, 0x00, 0xFF, 0x40, 0x1F, 0x80, 0x1F, 0xE0, 0x0F, 0xC0, 0x03, 0xFC, 0x07, 0xF0,
    0x00, 0xFF, 0x42, 0xF4, 0x00, 0x1F, 0xF0, 0xFD, 0x00, 0x07, 0xFC, 0x7F, 0xFF, 0xFF, 0xFF, 0x6F,
    0xFF, 0xFF, 0xFF, 0xD0, 0x05, 0x55, 0x55, 0x55, 0x0F, 0xFF, 0xFF, 0xFF, 0xD7, 0xFF, 0xFF, 0xFF,
    0xF0, 0xFF, 0x40, 0x02, 0xFC, 0x2F, 0xE0, 0x00, 0xFD, 0x03, 0xFC, 0x00, 0x3F, 0x00, 0xFF, 0x40,
    0x1F, 0x80, 0x1F, 0xE0, 0x0F, 0xC0, 0x03, 0xFC, 0x03, 0xE0, 0x00, 0xBF, 0x42, 0xF4, 0x00, 0x1F,
    0xE0, 0xFC, 0x00, 0x03, 0xFC, 0x7D, 0x00, 0x00, 0xBF, 0x6F, 0x00, 0x00, 0x1F, 0xEF, 0x80, 0x00,
    0x03, 0xFF, 0xC0, 0x00, 0x00, 0xBF, 0xF0, 0x00, 0x00, 0x0F, 0xF4, 0x00, 0x00, 0x03, 0xF8, 0x00,
    0x00, 0x00, 0x10, 0x00, 0x00, 0x00, 0x00, 0x55, 0x55, 0x40, 0x1B, 0xFF, 0xFF, 0xF0, 0x2F, 0xFF,
    0xFF, 0xFC, 0x3F, 0xFA, 0xAA, 0xA9, 0x2F, 0xE0, 0x00, 0x00, 0x0F, 0xF0, 0x00, 0x00, 0x07, 0xF0,
    0x00, 0x00, 0x02, 0xFC, 0x00, 0x00, 0x00, 0xBF, 0xFF, 0xFF, 0xFF, 0xBF, 0xFF, 0xFF, 0xFF, 0xEB,
    0xFA, 0xAA, 0xAA, 0xAA, 0xFC, 0x00, 0x00, 0x00, 0x7F, 0x40, 0x00, 0x00, 0x0F, 0xF0, 0x00, 0x00,
    0x01, 0xFF, 0x40, 0x00, 0x00, 0x1F, 0xFF, 0xFF, 0xFE, 0x01, 0xFF, 0xFF, 0xFF, 0xC0, 0x06, 0xFF,
    0xFF, 0xF0, 0x00, 0x00, 0x00, 0x14, 0x00, 0x00, 0x00, 0x3F, 0x00, 0x00, 0x05, 0x6F, 0xD4, 0x01,
    0xBF, 0xFF, 0xFF, 0x02, 0xFF, 0xFF, 0xFF, 0xC3, 0xFF, 0xAB, 0xFE, 0x92, 0xFE, 0x00, 0xFD, 0x00,
    0xFF, 0x00, 0x3F, 0x00, 0x7F, 0x00, 0x2F, 0x80, 0x2F, 0xC0, 0x0F, 0xD0, 0x0B, 0xFF, 0xFF, 0xFF,
    0xFB, 0xFF, 0xFF, 0xFF, 0xFE, 0xBF, 0xAA, 0xFE, 0xAA, 0xAF, 0xC0, 0x7E, 0x00, 0x07, 0xF4, 0x2F,
    0x40, 0x00, 0xFF, 0x0F, 0xC0, 0x00, 0x1F, 0xFB, 0xE0, 0x00, 0x02, 0xFF, 0xFF, 0xFF, 0xE0, 0x1F,
    0xFF, 0xFF, 0xFC, 0x00, 0xBF, 0xFF, 0xFF, 0x00, 0x3F, 0x00, 0x00, 0x00, 0x1F, 0xC0, 0x00, 0x00,
    0x00, 0x00, 0x00, 0x00, 0x00, 0x1B, 0xFF, 0xFF, 0x80, 0xBF, 0xFF, 0xFF, 0xF0, 0xFF, 0xFF, 0xFF,
    0xFC, 0xBF, 0x90, 0x00, 0x00, 0x7F, 0x80, 0x00, 0x00, 0x2F, 0xC0, 0x00, 0x00, 0x0B, 0xFF, 0xFF,
    0xFF, 0xFB, 0xFF, 0xFF, 0xFF, 0xFE, 0xBF, 0xAA, 0xAA, 0xAA, 0x9F, 0xC0, 0x00, 0x00, 0x03, 0xFC,
    0x00, 0x00, 0x00, 0xBF, 0xE5, 0x55, 0x55, 0x0B, 0xFF, 0xFF, 0xFF, 0xC0, 0x7F, 0xFF, 0xFF, 0xF0,
    0x00, 0x56, 0xAA, 0xA4, 0x55, 0x55, 0x40, 0x00, 0x3F, 0xFF, 0xFF, 0x80, 0x0F, 0xFF, 0xFF, 0xFE,
    0x01, 0xAA, 0xAA, 0xBF, 0xE0, 0x00, 0x00, 0x02, 0xFE, 0x00, 0x00, 0x00, 0x3F, 0xC0, 0x00, 0x00,
    0x03, 0xF4, 0x00, 0x00, 0x00, 0xFE, 0xBF, 0xFF, 0xFF, 0xFF, 0xAF, 0xFF, 0xFF, 0xFF, 0xFA, 0xAA,
    0xAA, 0xAB, 0xF8, 0x00, 0x00, 0x00, 0xFE, 0x00, 0x00, 0x00, 0x7F, 0x40, 0x00, 0x00, 0x3F, 0xC0,
    0x00, 0x00, 0x7F, 0xD2, 0xFF, 0xFF, 0xFF, 0xD0, 0xFF, 0xFF, 0xFF, 0xD0, 0x3F, 0xFF, 0xFE, 0x40,
    0x00, 0x05, 0x00, 0x00, 0x00, 0x03, 0xF0, 0x00, 0x00, 0x05, 0xFE, 0x54, 0x00, 0x03, 0xFF, 0xFF,
    0xF8, 0x00, 0xFF, 0xFF, 0xFF, 0xE0, 0x1A, 0xFF, 0xAB, 0xFE, 0x00, 0x1F, 0xC0, 0x2F, 0xE0, 0x03,
    0xF0, 0x03, 0xFC, 0x00, 0xBE, 0x00, 0x3F, 0x40, 0x1F, 0xC0, 0x0F, 0xEB, 0xFF, 0xFF, 0xFF, 0xFA,
    0xFF, 0xFF, 0xFF, 0xFF, 0xAA, 0xAF, 0xEA, 0xBF, 0x80, 0x02, 0xF4, 0x0F, 0xE0, 0x00, 0x7E, 0x07,
    0xF4, 0x00, 0x0F, 0xC3, 0xFC, 0x00, 0x02, 0xFB, 0xFD, 0x2F, 0xFF, 0xFF, 0xFE, 0x0F, 0xFF, 0xFF,
    0xFD, 0x03, 0xFF, 0xFF, 0xF8, 0x00, 0x00, 0x00, 0x3F, 0x00, 0x00, 0x00, 0x0F, 0xD0, 0x00, 0x00,
    0x00, 0x00, 0x00, 0xBF, 0xFF, 0xF9, 0x00, 0x3F, 0xFF, 0xFF, 0xF8, 0x0F, 0xFF, 0xFF, 0xFF, 0xC0,
    0x00, 0x00, 0x1B, 0xF8, 0x00, 0x00, 0x00, 0xBF, 0x00, 0x00, 0x00, 0x0F, 0xEB, 0xFF, 0xFF, 0xFF,
    0xFA, 0xFF, 0xFF, 0xFF, 0xFF, 0xAA, 0xAA, 0xAA, 0xBF, 0x80, 0x00, 0x00, 0x0F, 0xD0, 0x00, 0x00,
    0x0F, 0xF1, 0x55, 0x55, 0x6F, 0xF8, 0xFF, 0xFF, 0xFF, 0xF8, 0x3F, 0xFF, 0xFF, 0xF4, 0x06, 0xAA,
    0xA5, 0x40, 0x00, 0x15, 0x55, 0x55, 0x55, 0x55, 0x0F, 0xFF, 0xFF, 0xFF, 0xFF, 0xC2, 0xFF, 0xFF,
    0xFF, 0xFF, 0xD0, 0x0F, 0xF4, 0x00, 0x7F, 0xC0, 0x03, 0xFC, 0x00, 0x1F, 0xF0, 0x00, 0xFF, 0x00,
    0x07, 0xFC, 0x00, 0x3F, 0xC0, 0x01, 0xFF, 0x00, 0x0F, 0xF0, 0x00, 0x7F, 0xC0, 0x03, 0xFC, 0x00,
    0x1F, 0xF0, 0x00, 0xFF, 0x00, 0x07, 0xFC, 0x00, 0x3F, 0xC0, 0x01, 0xFF, 0x00, 0x0F, 0xF0, 0x00,
    0x7F, 0xC0, 0x03, 0xFC, 0x00, 0x1F, 0xF0, 0x00, 0xFF, 0x00, 0x07, 0xFC, 0x00, 0x3F, 0xC0, 0x01,
    0xFF, 0x00, 0x0F, 0xF0, 0x00, 0x7F, 0xC0, 0x03, 0xFC, 0x00, 0x1F, 0xF0, 0x00, 0xFF, 0x00, 0x07,
    0xFC, 0x00, 0x3F, 0xC0, 0x01, 0xFF, 0x00, 0x0F, 0xF8, 0x00, 0xBF, 0xD0, 0x3F, 0xFF, 0xD1, 0xFF,
    0xFF, 0x0F, 0xFF, 0xF4, 0x7F, 0xFF, 0xC0, 0x05, 0x55, 0x55, 0x54, 0x1F, 0xFF, 0xFF, 0xFC, 0x2F,
    0xFF, 0xFF, 0xFC, 0x1F, 0xF0, 0x00, 0xBD, 0x0B, 0xF8, 0x00, 0x3D, 0x03, 0xFD, 0x00, 0x3C, 0x01,
    0xFF, 0x00, 0x00, 0x00, 0xBF, 0x80, 0x00, 0x00, 0x3F, 0xD0, 0x00, 0x00, 0x1F, 0xF0, 0x00, 0x00,
    0x0B, 0xF4, 0x00, 0x00, 0x03, 0xF4, 0x00, 0x00, 0x0F, 0xF0, 0x00, 0x00, 0x2F, 0xC0, 0x00, 0x00,
    0x7F, 0x40, 0x00, 0x00, 0xFD, 0x00, 0x04, 0x03, 0xF8, 0x00, 0x1F, 0x0B, 0xF0, 0x00, 0x3F, 0x1F,
    0xC0, 0x00, 0xBF, 0x3F, 0xFF, 0xFF, 0xFE, 0x3F, 0xFF, 0xFF, 0xFD, 0x1F, 0xFF, 0xFF, 0xFC, 0x00,
    0x00, 0x00, 0x00, 0x6A, 0xAA, 0xA8, 0xBF, 0xFF, 0xFD, 0xAA, 0xAA, 0xA8, 0x00, 0x00, 0x02, 0xF4,
    0x00, 0x00, 0x1F, 0xC0, 0x00, 0x00, 0xFC, 0x00, 0x00, 0x07, 0xE0, 0x00, 0x00, 0x3F, 0x00, 0x00,
    0x02, 0xF4, 0x00, 0x00, 0x1F, 0xC0, 0x00, 0x00, 0xFC, 0x00, 0x00, 0x07, 0xE0, 0x00, 0x00, 0x3F,
    0x00, 0x00, 0x02, 0xF4, 0x00, 0x00, 0x0F, 0xC0, 0x00, 0x00, 0xFC, 0x00, 0x00, 0x07, 0xE0, 0x00,
    0x00, 0x3F, 0x00, 0x00, 0x02, 0xF4, 0x00, 0x00, 0x0F, 0xC0, 0x00, 0x00, 0xFC, 0x00, 0x00, 0x07,
    0xE0, 0x00, 0x00, 0x00, 0x00, 0x00, 0x00, 0x3F, 0x40, 0x00, 0x0B, 0xE0, 0x00, 0x00, 0xFC, 0x00,
    0x00, 0x2F, 0x80, 0x00, 0x07, 0xF0, 0x00, 0x00, 0xFD, 0x00, 0x00, 0x1F, 0xC0, 0x00, 0x03, 0xF4,
    0x00, 0x00, 0xBF, 0x00, 0x00, 0x0F, 0xC0, 0x00, 0x02, 0xF8, 0x00, 0x00, 0x3F, 0x00, 0x00, 0x0F,
    0xE0, 0x00, 0x01, 0xFC, 0x00, 0x00, 0x3F, 0x40, 0x00, 0x07, 0xF0, 0x00, 0x00, 0xFC, 0x00, 0x00,
    0x2F, 0x80, 0x00, 0x03, 0xF0, 0x00, 0x00, 0x00, 0x00, 0x14, 0x00, 0x00, 0x7C, 0x00, 0x00, 0x7C,
    0x00, 0x3C, 0x7C, 0x78, 0xBF, 0xBE, 0xFC, 0x1F, 0xFF, 0xE0, 0x03, 0xFF, 0x40, 0x1F, 0xFF, 0xE0,
    0xBF, 0xBF, 0xFC, 0x3C, 0x7C, 0x78, 0x10, 0x7C, 0x00, 0x00, 0x7C, 0x00, 0x00, 0x14, 0x00, 0x01,
    0xA4, 0x01, 0xFF, 0xF0, 0x3F, 0xBF, 0xCB, 0xC0, 0xBC, 0xBC, 0x07, 0xCB, 0xC0, 0x7C, 0x7E, 0x5F,
    0xC3, 0xFF, 0xF4, 0x0B, 0xF8, 0x00, 0x00, 0x00, 0x2F, 0x47, 0xFC, 0x7F, 0xC3, 0xF4, 0x00, 0x00,
    0x00, 0x00, 0x00, 0x00, 0x00, 0x00, 0x00, 0x0B, 0xD0, 0x00, 0x00, 0x03, 0xF0, 0x00, 0x00, 0x00,
    0xF8, 0x00, 0x00, 0x00, 0x7D, 0x00, 0x00, 0x00, 0x2F, 0x00, 0x00, 0x00, 0x0F, 0x80, 0x00, 0x00,
    0x07, 0xD0, 0x00, 0x00, 0x02, 0xF0, 0x00, 0x00, 0x00, 0xFC, 0x02, 0xAA, 0x00, 0x3D, 0x01, 0xFF,
    0xC0, 0x1F, 0x00, 0x7F, 0xF0, 0x0B, 0xC0, 0x00, 0xFD, 0x03, 0xE0, 0x00, 0x2F, 0x81, 0xF0, 0x00,
    0x03, 0xF0, 0xBC, 0x00, 0x00, 0xFC, 0x3E, 0x00, 0x00, 0x2F, 0x4F, 0x40, 0x00, 0x07, 0xEB, 0xC0,
    0x00, 0x00, 0xFF, 0xE0, 0x00, 0x00, 0x2F, 0xF4, 0x00, 0x00, 0x07, 0xFC, 0x00, 0x00, 0x00, 0xFE,
    0x00, 0x00, 0x00, 0x2F, 0x40, 0x00, 0x00, 0x50, 0x00, 0x42, 0xFF, 0x01, 0xF1, 0xFF, 0xF2, 0xF8,
    0xFC, 0x3F, 0xF4, 0x3D, 0x03, 0xF4, 0x0F, 0x40, 0xFD, 0x03, 0xF0, 0xFF, 0xD0, 0xBF, 0xFC, 0xFE,
    0x0F, 0xFC, 0x0F, 0xC0, 0x54, 0x00, 0x60, 0x01, 0x40, 0x01, 0x40, 0x1F, 0xF4, 0x1F, 0xF0, 0x3F,
    0xFD, 0x7F, 0xFC, 0x7D, 0x3F, 0xF4, 0xBC, 0xBC, 0x0F, 0xD0, 0x3C, 0xBC, 0x0F, 0xE0, 0x3C, 0xBC,
    0x2F, 0xF4, 0xBC, 0x7F, 0xFC, 0xBF, 0xF8, 0x2F, 0xF0, 0x2F, 0xF0, 0x05, 0x40, 0x05, 0x40, 0x15,
    0x00, 0x00, 0x00, 0x0F, 0xC0, 0x00, 0x00, 0x03, 0xF0, 0x00, 0x00, 0x00, 0xFC, 0x00, 0x00, 0x00,
    0x3F, 0x00, 0x00, 0x00, 0x0F, 0xC0, 0x00, 0x00, 0x03, 0xF0, 0x00, 0x00, 0x00, 0xFC, 0x00, 0x00,
    0x00, 0x3F, 0x00, 0x00, 0x00, 0x0F, 0xC0, 0x00, 0x00, 0x03, 0xF0, 0x00, 0x00, 0x00, 0xFC, 0x00,
    0x00, 0x00, 0x3F, 0x00, 0x00, 0x00, 0x0F, 0xC0, 0x00, 0x00, 0x03, 0xF0, 0x00, 0x00, 0x00, 0xFF,
    0xFF, 0xFF, 0xFC, 0x3F, 0xFF, 0xFF, 0xFF, 0x0F, 0xFF, 0xFF, 0xFF, 0xC0, 0x00, 0x00, 0x00, 0x00,
    0x00, 0x00, 0x00, 0x00, 0xB4, 0x00, 0x00, 0x00, 0x07, 0xF4, 0x00, 0x00, 0x00, 0x3F, 0xC0, 0x00,
    0x00, 0x03, 0xFC, 0x00, 0x00, 0x00, 0x2F, 0xC0, 0x00, 0x00, 0x02, 0xFD, 0x00, 0x00, 0x00, 0x1F,
    0xE0, 0x00, 0x00, 0x00, 0xFE, 0x00, 0x00, 0x00, 0x0F, 0xF0, 0x00, 0x00, 0x00, 0xBF, 0x00, 0x00,
    0x00, 0x0B, 0xF4, 0x00, 0x00, 0x00, 0x7F, 0x80, 0x00, 0x00, 0x03, 0xF8, 0x00, 0x00, 0x00, 0x3F,
    0xC0, 0x00, 0x00, 0x02, 0xFF, 0xFF, 0xFF, 0xFE, 0x2F, 0xFF, 0xFF, 0xFF, 0xF9, 0xFF, 0xFF, 0xFF,
    0xFF, 0xE0, 0x15, 0x7F, 0x7F, 0x7F, 0x7F, 0x7F, 0x7F, 0x7F, 0x7F, 0x7F, 0x7F, 0x7F, 0x7F, 0x7F,
    0x7F, 0x7F, 0x7F, 0x7F, 0x7F, 0x7F, 0x7F, 0x7F, 0x7F, 0x7F, 0x7F, 0x2A, 0x54, 0x05, 0x3F, 0x0B,
    0xDF, 0xC2, 0xF7, 0xF0, 0xBD, 0xFC, 0x2F, 0x7F, 0x0B, 0xDF, 0xC2, 0xF7, 0xF0, 0xBD, 0xFC, 0x2F,
    0x7F, 0x0B, 0xDF, 0xC2, 0xF7, 0xF0, 0xBD, 0xFC, 0x2F, 0x7F, 0x0B, 0xDF, 0xC2, 0xF7, 0xF0, 0xBD,
    0xFC, 0x2F, 0x7F, 0x0B, 0xDF, 0xC2, 0xF7, 0xF0, 0xBD, 0xFC, 0x2F, 0x7F, 0x0B, 0xDF, 0xC2, 0xF7,
    0xF0, 0xBD, 0xFC, 0x2F, 0x6A, 0x06, 0x80, 0x00, 0x01, 0x50, 0x00, 0x00, 0x00, 0x3F, 0x40, 0x00,
    0x00, 0x07, 0xF8, 0x00, 0x00, 0x00, 0xFF, 0xC0, 0x00, 0x00, 0x1F, 0xFE, 0x00, 0x00, 0x02, 0xFB,
    0xF0, 0x00, 0x00, 0x3F, 0x3F, 0x40, 0x00, 0x0B, 0xE1, 0xFC, 0x00, 0x00, 0xFD, 0x0F, 0xC0, 0x00,
    0x1F, 0xC0, 0xBE, 0x00, 0x03, 0xF8, 0x07, 0xF0, 0x00, 0x3F, 0x00, 0x3F, 0x40, 0x0B, 0xF0, 0x02,
    0xFC, 0x00, 0xFD, 0x00, 0x0F, 0xC0, 0x1F, 0xC0, 0x00, 0xFE, 0x03, 0xF8, 0x00, 0x07, 0xF0, 0x3F,
    0x00, 0x00, 0x3F, 0x4B, 0xF0, 0x00, 0x02, 0xFC, 0x14, 0x00, 0x00, 0x05, 0x47, 0xF0, 0x00, 0x02,
    0xF8, 0x3F, 0x40, 0x00, 0x3F, 0x42, 0xF8, 0x00, 0x0B, 0xF0, 0x1F, 0xC0, 0x00, 0xFD, 0x00, 0xFE,
    0x00, 0x1F, 0xC0, 0x07, 0xF0, 0x02, 0xF8, 0x00, 0x3F, 0x40, 0x3F, 0x40, 0x02, 0xF8, 0x07, 0xF0,
    0x00, 0x0F, 0xC0, 0xFD, 0x00, 0x00, 0xFD, 0x0F, 0xC0, 0x00, 0x07, 0xF2, 0xF8, 0x00, 0x00, 0x3F,
    0x7F, 0x00, 0x00, 0x02, 0xFF, 0xF0, 0x00, 0x00, 0x0F, 0xFD, 0x00, 0x00, 0x00, 0xFF, 0xC0, 0x00,
    0x00, 0x07, 0xF8, 0x00, 0x00, 0x00, 0x3F, 0x00, 0x00, 0x00, 0x6F, 0xE4, 0x00, 0x0F, 0xFF, 0xFC,
    0x00, 0xFF, 0xFF, 0xFC, 0x0B, 0xF4, 0x07, 0xF8, 0x3F, 0x40, 0x07, 0xF1, 0xFC, 0x00, 0x0F, 0xD7,
    0xE0, 0x00, 0x2F, 0x5F, 0x80, 0x00, 0xBD, 0x7E, 0x00, 0x02, 0xF5, 0xF8, 0x00, 0x0B, 0xD7, 0xE0,
    0x00, 0x2F, 0x5F, 0x80, 0x00, 0xBD, 0x7E, 0x00, 0x02, 0xF5, 0xF8, 0x00, 0x0B, 0xD7, 0xE0, 0x00,
    0x2F, 0x5F, 0x80, 0x00, 0xBD, 0x7E, 0x00, 0x02, 0xF5, 0xF8, 0x00, 0x0B, 0xD0, 0x14, 0x00, 0x00,
    0x51, 0xF8, 0x00, 0x0B, 0xD7, 0xE0, 0x00, 0x2F, 0x5F, 0x80, 0x00, 0xBD, 0x7E, 0x00, 0x02, 0xF5,
    0xF8, 0x00, 0x0B, 0xD7, 0xE0, 0x00, 0x2F, 0x5F, 0x80, 0x00, 0xBD, 0x7E, 0x00, 0x02, 0xF5, 0xF8,
    0x00, 0x0B, 0xD7, 0xE0, 0x00, 0x2F, 0x5F, 0x80, 0x00, 0xBD, 0x7E, 0x00, 0x02, 0xF4, 0xFC, 0x00,
    0x0F, 0xC3, 0xF8, 0x00, 0xBF, 0x0B, 0xFE, 0x6F, 0xF8, 0x0B, 0xFF, 0xFF, 0x80, 0x07, 0xFF, 0xF4,
    0x00, 0x00, 0x54, 0x00, 0x00, 0x00, 0x00, 0x1A, 0x40, 0x00, 0x03, 0xFF, 0xC0, 0x00, 0x3F, 0xFF,
    0x80, 0x02, 0xFC, 0x7C, 0x00, 0x0F, 0xF0, 0x40, 0x00, 0x3F, 0x80, 0x00, 0x00, 0xFE, 0x00, 0x00,
    0x03, 0xF8, 0x00, 0x00, 0x0F, 0xE0, 0x00, 0x00, 0x3F, 0x80, 0x00, 0x00, 0xFE, 0x00, 0x00, 0x03,
    0xF8, 0x00, 0x00, 0x0F, 0xE0, 0x00, 0x00, 0x3F, 0x80, 0x00, 0x00, 0xFE, 0x00, 0x00, 0x03, 0xF8,
    0x00, 0x00, 0x0F, 0xE0, 0x00, 0x00, 0x3F, 0x80, 0x00, 0x00, 0xFE, 0x00, 0x00, 0x03, 0xF8, 0x00,
    0x00, 0x0F, 0xE0, 0x00, 0x00, 0x3F, 0x80, 0x01, 0xE1, 0xFD, 0x00, 0x0F, 0xEF, 0xF0, 0x00, 0x3F,
    0xFF, 0x00, 0x00, 0x2F, 0xD0, 0x00, 0x00, 0x00, 0x02, 0xE0, 0x00, 0x00, 0x02, 0xFE, 0x00, 0x00,
    0x00, 0xBF, 0x80, 0x00, 0x00, 0x1F, 0xD0, 0x00, 0x00, 0x00, 0x00, 0x00, 0x00, 0x00, 0x00, 0x00,
    0x00, 0x00, 0x00, 0x00, 0x00, 0x00, 0x00, 0x00, 0x00, 0x00, 0x00, 0x00, 0x00, 0x00, 0x00, 0x00,
    0x00, 0x00, 0x90, 0x00, 0x01, 0x90, 0xFF, 0x00, 0x03, 0xFD, 0x7F, 0xC0, 0x00, 0xFF, 0x4F, 0xE0,
    0x00, 0x2F, 0xC0, 0x50, 0x00, 0x01, 0x40, 0x1E, 0x40, 0x00, 0x2E, 0x1F, 0xF0, 0x00, 0x3F, 0xD7,
    0xFC, 0x00, 0x0F, 0xF4, 0xFD, 0x00, 0x02, 0xFC, 0x00, 0x00, 0x00, 0x00, 0x00, 0x00, 0x00, 0x00,
    0x00, 0x00, 0x00, 0x00, 0x00, 0x00, 0x00, 0x00, 0x00, 0x00, 0x00, 0x00, 0x00, 0x00, 0x00, 0x00,
    0x00, 0x00, 0x00, 0x19, 0x00, 0x00, 0x00, 0x1F, 0xE0, 0x00, 0x00, 0x0B, 0xF8, 0x00, 0x00, 0x01,
    0xFD, 0x00, 0x00, 0x00, 0x14, 0x00, 0x00, 0x00, 0x00, 0x7D, 0x0F, 0xE1, 0xFD, 0x0F, 0x80, 0x00,
    0x00, 0x00, 0x00, 0x00, 0x00, 0x00, 0x19, 0x07, 0xF0, 0xFF, 0x0B, 0xE0, 0x10, 0x00, 0x1E, 0x40,
    0x00, 0x2E, 0x1F, 0xF0, 0x00, 0x3F, 0xD7, 0xFC, 0x00, 0x0F, 0xF4, 0xFD, 0x00, 0x02, 0xFC, 0x00,
    0x00, 0x00, 0x00, 0x00, 0x00, 0x00, 0x00, 0x00, 0x00, 0x00, 0x00, 0x00, 0x00, 0x00, 0x00, 0x00,
    0x00, 0x00, 0x00, 0x00, 0x00, 0x00, 0x00, 0x00, 0x00, 0x90, 0x00, 0x01, 0x90, 0xFF, 0x00, 0x03,
    0xFD, 0x7F, 0xC0, 0x00, 0xFF, 0x4F, 0xE0, 0x00, 0x2F, 0xC0, 0x50, 0x00, 0x01, 0x40, 0x00, 0x40,
    0x00, 0x00, 0x3F, 0xF8, 0x02, 0xD3, 0xFF, 0xFE, 0xBF, 0x6F, 0x42, 0xFF, 0xF8, 0x24, 0x00, 0xBE,
    0x40, 0x00, 0x00, 0x00, 0x00, 0x00, 0x00, 0x00, 0x00, 0x1B, 0xE0, 0x01, 0x82, 0xFF, 0xF9, 0x1F,
    0x5F, 0xDB, 0xFF, 0xFC, 0x78, 0x02, 0xFF, 0x80, 0x00, 0x00, 0x00, 0x00, 0x00, 0x00, 0x00, 0x1A,
    0xAA, 0xAA, 0xA8, 0x7F, 0xFF, 0xFF, 0xF5, 0xFF, 0xFF, 0xFF, 0xC0, 0x00, 0x00, 0x00, 0x00, 0x00,
    0x00, 0x00, 0x7F, 0xFF, 0xFF, 0xF5, 0xFF, 0xFF, 0xFF, 0xD1, 0x55, 0x55, 0x55, 0x00, 0x00, 0x40,
    0x00, 0x03, 0xFE, 0x02, 0xD3, 0xFF, 0xF9, 0xF8, 0xF9, 0xBF, 0xFD, 0x3C, 0x03, 0xFD, 0x00, 0x00,
    0x00, 0x00, 0xBF, 0x40, 0x74, 0xBF, 0xFD, 0x7E, 0x3F, 0x7F, 0xFF, 0x4F, 0x01, 0xFF, 0x80, 0x40,
    0x05, 0x00, 0x10, 0x00, 0x00, 0x10, 0xFE, 0xAA, 0xAF, 0xC3, 0xFF, 0xFF, 0xFF, 0x01, 0xAF, 0xFE,
    0x90, 0x00, 0x00, 0x00, 0x00, 0x00, 0x00, 0x00, 0x00, 0x6B, 0xFF, 0xA4, 0x0F, 0xFF, 0xFF, 0xFC,
    0x3F, 0xAA, 0xAB, 0xF0, 0x40, 0x00, 0x00, 0x40, 0x00, 0x00, 0x00, 0x00, 0x01, 0xD0, 0x00, 0x03,
    0xD0, 0xBF, 0xFF, 0xFD, 0xBF, 0xFF, 0xFD, 0x6A, 0xBF, 0xA8, 0x00, 0x7C, 0x00, 0x15, 0xF9, 0x54,
    0xBF, 0xFF, 0xFD, 0xBF, 0xFF, 0xFD, 0x0F, 0x80, 0x00, 0x0F, 0x00, 0x00, 0x01, 0x00, 0x00, 0x00,
    0x00, 0x00, 0x01, 0xFF, 0xFF, 0xFF, 0xD7, 0xFF, 0xFF, 0xFF, 0x40, 0x00, 0x00, 0x00, 0x00, 0x00,
    0x00, 0x01, 0xAA, 0xAA, 0xAA, 0x87, 0xFF, 0xFF, 0xFF, 0x5F, 0xFF, 0xFF, 0xFC, 0x00, 0x00, 0x00,
    0x00, 0x00, 0x00, 0x00, 0x07, 0xFF, 0xFF, 0xFF, 0x5F, 0xFF, 0xFF, 0xFD, 0x15, 0x55, 0x55, 0x50,
    0x00, 0x00, 0x24, 0x00, 0x02, 0xFC, 0x00, 0x2F, 0xF4, 0x02, 0xFF, 0x40, 0x2F, 0xE0, 0x00, 0xBF,
    0x40, 0x00, 0x7F, 0xE0, 0x00, 0x07, 0xFE, 0x00, 0x00, 0x7F, 0xE0, 0x00, 0x0B, 0xFC, 0x00, 0x00,
    0xB8, 0x00, 0x00, 0x00, 0x55, 0x55, 0x54, 0xBF, 0xFF, 0xFD, 0xBF, 0xFF, 0xFD, 0x00, 0x00, 0x00,
    0x3C, 0x00, 0x00, 0x7F, 0x80, 0x00, 0x2F, 0xF8, 0x00, 0x01, 0xFF, 0x80, 0x00, 0x1F, 0xF8, 0x00,
    0x02, 0xFD, 0x00, 0x1B, 0xF8, 0x01, 0xFF, 0x80, 0x1F, 0xF8, 0x00, 0x7F, 0x80, 0x00, 0x38, 0x00,
    0x00, 0x00, 0x00, 0x00, 0x55, 0x55, 0x54, 0xBF, 0xFF, 0xFD, 0xBF, 0xFF, 0xFD, 0x00, 0x00, 0x00,
    0x00, 0x00, 0x00, 0x00, 0x1E, 0x00, 0x02, 0xC0, 0x00, 0x7F, 0xC0, 0x0B, 0xF0, 0x01, 0xFF, 0x80,
    0x6F, 0xF4, 0x07, 0xFE, 0x01, 0xFF, 0x90, 0x1F, 0xF8, 0x03, 0xFE, 0x00, 0x0B, 0xF4, 0x01, 0xFE,
    0x00, 0x00, 0xBF, 0xD0, 0x2F, 0xF4, 0x00, 0x07, 0xFF, 0x40, 0xBF, 0xD0, 0x00, 0x1F, 0xFD, 0x02,
    0xFF, 0x40, 0x00, 0x7F, 0xC0, 0x0F, 0xF4, 0x00, 0x01, 0xE0, 0x00, 0x7C, 0x00, 0x00, 0x00, 0x00,
    0x00, 0x00, 0x00, 0x00, 0x00, 0x00, 0x00, 0x0E, 0x00, 0x02, 0xD0, 0x00, 0x03, 0xF8, 0x00, 0xFF,
    0x40, 0x00, 0x7F, 0xE0, 0x1B, 0xFD, 0x00, 0x01, 0xBF, 0xD0, 0x2F, 0xF4, 0x00, 0x02, 0xFF, 0x00,
    0xBF, 0xD0, 0x00, 0x2F, 0xD0, 0x07, 0xF8, 0x00, 0x7F, 0xE0, 0x1F, 0xF8, 0x01, 0xFF, 0x80, 0x7F,
    0xF0, 0x07, 0xFE, 0x01, 0xFF, 0xD0, 0x07, 0xF8, 0x00, 0xFF, 0x40, 0x00, 0xF4, 0x00, 0x2D, 0x00,
    0x00, 0x00, 0x00, 0x00, 0x00, 0x00, 0x00, 0xBF, 0xFF, 0xF9, 0x00, 0x3F, 0xFF, 0xFF, 0xF8, 0x0F,
    0xFF, 0xFF, 0xFF, 0xC0, 0x00, 0x00, 0x1B, 0xF8, 0x00, 0x00, 0x00, 0xBF, 0x00, 0x00, 0x00, 0x0F,
    0xE0, 0x00, 0x00, 0x03, 0xF8, 0x00, 0x00, 0x00, 0xBF, 0x00, 0x00, 0x00, 0x3F, 0x80, 0x00, 0x00,
    0x0F, 0xD0, 0x00, 0x00, 0x0F, 0xF1, 0x55, 0x55, 0x6F, 0xF8, 0xFF, 0xFF, 0xFF, 0xF8, 0x3F, 0xFF,
    0xFF, 0xF4, 0x06, 0xAA, 0xA5, 0x40, 0x00, 0x00, 0x00, 0x00, 0x14, 0x00, 0x00, 0x00, 0x3F, 0x00,
    0x00, 0x00, 0x1F, 0x80, 0x00, 0x00, 0x0B, 0xD0, 0x00, 0x1A, 0xFF, 0xFF, 0x80, 0xBF, 0xFF, 0xFF,
    0xF0, 0xFF, 0xFF, 0xFF, 0xFC, 0xBF, 0x90, 0x3F, 0x00, 0x3F, 0x80, 0x2F, 0x80, 0x2F, 0xC0, 0x0F,
    0xC0, 0x0B, 0xF0, 0x03, 0xF0, 0x03, 0xF8, 0x02, 0xF4, 0x00, 0xBF, 0x00, 0xFC, 0x00, 0x2F, 0xC0,
    0x7E, 0x00, 0x03, 0xFC, 0x2F, 0x40, 0x00, 0xBF, 0xEF, 0xD5, 0x55, 0x0B, 0xFF, 0xFF, 0xFF, 0xC0,
    0x7F, 0xFF, 0xFF, 0xF0, 0x01, 0xFE, 0xAA, 0xA4, 0x00, 0xBE, 0x00, 0x00, 0x00, 0x3F, 0x00, 0x00,
    0x00, 0x0F, 0xC0, 0x00, 0x00, 0x00, 0x00, 0x00, 0x00, 0x00, 0x00, 0x05, 0x00, 0x00, 0x00, 0x0F,
    0xC0, 0x00, 0x00, 0x07, 0xF0, 0x00, 0x00, 0x02, 0xF4, 0x00, 0xBF, 0xFF, 0xFD, 0x00, 0x3F, 0xFF,
    0xFF, 0xF8, 0x0F, 0xFF, 0xFF, 0xFF, 0xC0, 0x00, 0x0F, 0xDF, 0xF8, 0x00, 0x07, 0xE0, 0xBF, 0x00,
    0x03, 0xF4, 0x0F, 0xE0, 0x00, 0xFC, 0x03, 0xF8, 0x00, 0xBE, 0x00, 0xBF, 0x00, 0x3F, 0x00, 0x3F,
    0x80, 0x1F, 0xC0, 0x0F, 0xD0, 0x0B, 0xD0, 0x0F, 0xF1, 0x57, 0xF5, 0x6F, 0xF8, 0xFF, 0xFF, 0xFF,
    0xF8, 0x3F, 0xFF, 0xFF, 0xF4, 0x06, 0xBF, 0xA9, 0x40, 0x00, 0x1F, 0x80, 0x00, 0x00, 0x0F, 0xC0,
    0x00, 0x00, 0x03, 0xF0, 0x00, 0x00, 0x00, 0x00, 0x00, 0x00, 0x00, 0x00, 0x01, 0x55, 0x55, 0x00,
    0x2F, 0xFF, 0xFF, 0xD0, 0x7F, 0xFF, 0xFF, 0xF4, 0x7F, 0xFA, 0xAA, 0xA8, 0x3F, 0xD0, 0x00, 0x00,
    0x0F, 0xD0, 0x00, 0x00, 0x07, 0xF0, 0x00, 0x00, 0x01, 0xFC, 0x00, 0x00, 0x00, 0x7F, 0x40, 0x00,
    0x00, 0x0F, 0xF0, 0x00, 0x00, 0x01, 0xFF, 0x95, 0x55, 0x50, 0x2F, 0xFF, 0xFF, 0xFD, 0x01, 0xFF,
    0xFF, 0xFF, 0x40, 0x01, 0x5A, 0xAA, 0x80, 0x00, 0x00, 0x00, 0x00, 0xBF, 0xFF, 0xFF, 0xFD, 0x2F,
    0xFF, 0xFF, 0xFF, 0x4B, 0xFF, 0xFF, 0xFF, 0xD0, 0x15, 0x55, 0x50, 0x00, 0x1F, 0xFF, 0xFF, 0xE0,
    0x07, 0xFF, 0xFF, 0xFF, 0x40, 0xAA, 0xAA, 0xBF, 0xF4, 0x00, 0x00, 0x01, 0xFF, 0x00, 0x00, 0x00,
    0x1F, 0xC0, 0x00, 0x00, 0x03, 0xF4, 0x00, 0x00, 0x00, 0xFD, 0x00, 0x00, 0x00, 0x7F, 0x40, 0x00,
    0x00, 0x3F, 0xC1, 0x55, 0x55, 0xBF, 0xD1, 0xFF, 0xFF, 0xFF, 0xE0, 0x7F, 0xFF, 0xFF, 0xD0, 0x0A,
    0xAA, 0x95, 0x00, 0x00, 0x00, 0x00, 0x00, 0x01, 0xFF, 0xFF, 0xFF, 0xF8, 0x7F, 0xFF, 0xFF, 0xFE,
    0x1F, 0xFF, 0xFF, 0xFF, 0x80, 0x00, 0x01, 0xA9, 0x00, 0x00, 0x00, 0xFF, 0xFF, 0xC0, 0x00, 0x1F,
    0xDB, 0x9F, 0xD0, 0x01, 0xF4, 0x2E, 0x07, 0xD0, 0x0F, 0x00, 0xB8, 0x07, 0xC0, 0xB8, 0x02, 0xE0,
    0x0B, 0x83, 0xC0, 0x0B, 0x80, 0x0F, 0x1E, 0x00, 0x2E, 0x00, 0x3D, 0x7E, 0xAA, 0xFE, 0xAA, 0xF6,
    0xFF, 0xFF, 0xFF, 0xFF, 0xE7, 0xD5, 0x5B, 0x95, 0x5F, 0x5F, 0x00, 0x2E, 0x00, 0x3D, 0x3C, 0x00,
    0xB8, 0x00, 0xF0, 0xB8, 0x02, 0xE0, 0x0B, 0x80, 0xF4, 0x0B, 0x80, 0x7C, 0x01, 0xF8, 0x2E, 0x0B,
    0xD0, 0x01, 0xFE, 0xBA, 0xFD, 0x00, 0x00, 0xBF, 0xFF, 0x80, 0x00, 0x00, 0x05, 0x40, 0x00, 0x00,
    0x00, 0x01, 0xA9, 0x00, 0x00, 0x00, 0xFF, 0xFF, 0xC0, 0x00, 0x1F, 0xD4, 0x5F, 0xD0, 0x01, 0xF4,
    0x00, 0x07, 0xD0, 0x0F, 0x40, 0x00, 0x07, 0xC0, 0xB8, 0x00, 0x00, 0x0B, 0x83, 0xC0, 0x00, 0x00,
    0x0F, 0x1F, 0x00, 0x00, 0x00, 0x3D, 0x7E, 0xAA, 0xAA, 0xAA, 0xF6, 0xFF, 0xFF, 0xFF, 0xFF, 0xE7,
    0xD5, 0x55, 0x55, 0x5F, 0x5F, 0x00, 0x00, 0x00, 0x3D, 0x3C, 0x00, 0x00, 0x00, 0xF0, 0xB8, 0x00,
    0x00, 0x0B, 0x80, 0xF4, 0x00, 0x00, 0x7C, 0x01, 0xF8, 0x00, 0x0B, 0xD0, 0x01, 0xFE, 0x56, 0xFD,
    0x00, 0x00, 0xBF, 0xFF, 0x80, 0x00, 0x00, 0x05, 0x40, 0x00, 0x00, 0x00, 0x01, 0xA9, 0x00, 0x00,
    0x00, 0xFF, 0xFF, 0xC0, 0x00, 0x1F, 0xD4, 0x5F, 0xD0, 0x01, 0xF4, 0x00, 0x07, 0xD0, 0x0F, 0xF0,
    0x00, 0x3F, 0xC0, 0xBB, 0xF0, 0x03, 0xEB, 0x83, 0xC3, 0xF0, 0x3E, 0x0F, 0x1E, 0x03, 0xF3, 0xE0,
    0x3D, 0x78, 0x03, 0xFE, 0x00, 0xB6, 0xE0, 0x03, 0xF0, 0x02, 0xE7, 0x80, 0x3F, 0xF0, 0x0B, 0x5F,
    0x03, 0xE3, 0xF0, 0x3D, 0x3C, 0x3E, 0x03, 0xF0, 0xF0, 0xBB, 0xE0, 0x03, 0xFB, 0x80, 0xFE, 0x00,
    0x03, 0xFC, 0x01, 0xF8, 0x00, 0x0B, 0xD0, 0x01, 0xFE, 0x56, 0xFD, 0x00, 0x00, 0xBF, 0xFF, 0x80,
    0x00, 0x00, 0x05, 0x40, 0x00, 0x00, 0x00, 0x01, 0xA9, 0x00, 0x00, 0x00, 0xFF, 0xFF, 0xC0, 0x00,
    0x1F, 0xD4, 0x5F, 0xD0, 0x01, 0xF4, 0x00, 0x07, 0xD0, 0x0F, 0x40, 0x00, 0x3F, 0xC0, 0xB8, 0x00,
    0x03, 0xEB, 0x83, 0xC0, 0x00, 0x3E, 0x0F, 0x1F, 0x00, 0x03, 0xE0, 0x3D, 0x78, 0x00, 0x3E, 0x00,
    0xB6, 0xE0, 0x03, 0xE0, 0x02, 0xE7, 0x80, 0x3E, 0x00, 0x0B, 0x5F, 0x03, 0xE0, 0x00, 0x3D, 0x3C,
    0x3E, 0x00, 0x00, 0xF0, 0xBB, 0xE0, 0x00, 0x0B, 0x80, 0xFE, 0x00, 0x00, 0x7C, 0x01, 0xF8, 0x00,
    0x0B, 0xD0, 0x01, 0xFE, 0x56, 0xFD, 0x00, 0x00, 0xBF, 0xFF, 0x80, 0x00, 0x00, 0x05, 0x40, 0x00,
    0x00, 0x00, 0x05, 0x40, 0x00, 0x00, 0x3F, 0x00, 0x00, 0x00, 0xFC, 0x00, 0x00, 0x03, 0xF0, 0x00,
    0x00, 0x0F, 0xC0, 0x00, 0x00, 0x3F, 0x00, 0x00, 0x00, 0xFC, 0x00, 0x00, 0x03, 0xF0, 0x00, 0x00,
    0x0F, 0xC0, 0x00, 0x00, 0x3F, 0x00, 0x00, 0x00, 0xFC, 0x00, 0x00, 0x03, 0xF0, 0x00, 0x00, 0x0F,
    0xC0, 0x00, 0x00, 0x3F, 0x00, 0x00, 0x00, 0xFC, 0x00, 0x2F, 0xFF, 0xFF, 0xFE, 0xBF, 0xFF, 0xFF,
    0xFA, 0xFF, 0xFF, 0xFF, 0xE0, 0x2F, 0x47, 0xFC, 0x7F, 0xC3, 0xF4, 0x00, 0x00, 0x1F, 0x80, 0x0B,
    0xC0, 0x0B, 0xD0, 0xFF, 0x40, 0xBF, 0x80, 0x7F, 0xC3, 0xFD, 0x02, 0xFE, 0x01, 0xFF, 0x0B, 0xE0,
    0x07, 0xF0, 0x03, 0xF4, 0x00, 0x00, 0x00, 0x00, 0x00, 0x00, 0x55, 0x55, 0x54, 0xFF, 0xFF, 0xFE,
    0xFF, 0xFF, 0xFE, 0xFF, 0xFF, 0xFE, 0xFF, 0xFF, 0xFE, 0xFF, 0xFF, 0xFE, 0xFF, 0xFF, 0xFE, 0xFF,
    0xFF, 0xFE, 0xFF, 0xFF, 0xFE, 0xFF, 0xFF, 0xFE, 0xFF, 0xFF, 0xFE, 0xFF, 0xFF, 0xFE, 0x00, 0x00,
    0x00, 0x55, 0x55, 0x54, 0xFF, 0xFF, 0xFE, 0xF5, 0x55, 0x6E, 0xF0, 0x00, 0x1E, 0xF0, 0x00, 0x1E,
    0xF0, 0x00, 0x1E, 0xF0, 0x00, 0x1E, 0xF0, 0x00, 0x1E, 0xF0, 0x00, 0x1E, 0xF0, 0x00, 0x1E, 0xFA,
    0xAA, 0xBE, 0xFF, 0xFF, 0xFE, 0x00, 0x00, 0x00, 0x2A, 0xA4, 0xFF, 0xE3, 0xFF, 0x8F, 0xFE, 0x3F,
    0xF8, 0xFF, 0xE1, 0x55, 0x00, 0x2A, 0xAA, 0x4F, 0xFF, 0xE3, 0x40, 0x38, 0xD0, 0x0E, 0x34, 0x03,
    0x8D, 0x00, 0xE3, 0x80, 0x38, 0xFF, 0xFE, 0x15, 0x55, 0x00, 0x00, 0x00, 0x0B, 0xFF, 0xFC, 0xBF,
    0xFF, 0xC7, 0xFF, 0xFC, 0x15, 0x55, 0x4F, 0xFF, 0xFD, 0xF0, 0x01, 0xDE, 0x00, 0x0D, 0xFA, 0xAA,
    0xDF, 0xFF, 0xFD, 0x15, 0x54, 0xFF, 0xE3, 0xFF, 0x8F, 0xFE, 0x3F, 0xF8, 0xFF, 0xE3, 0xFF, 0x8F,
    0xFE, 0x3F, 0xF8, 0xFF, 0xE3, 0xFF, 0x8F, 0xFE, 0x00, 0x00, 0x15, 0x54, 0xFF, 0xE3, 0x83, 0x8E,
    0x0E, 0x38, 0x38, 0xE0, 0xE3, 0x83, 0x8E, 0x0E, 0x38, 0x38, 0xE0, 0xE3, 0xEB, 0x8F, 0xFE, 0x00,
    0x00, 0x00, 0x04, 0x00, 0x00, 0x03, 0x80, 0x00, 0x02, 0xF0, 0x00, 0x00, 0xFE, 0x00, 0x00, 0xBF,
    0xC0, 0x00, 0x3F, 0xF8, 0x00, 0x2F, 0xFF, 0x00, 0x0F, 0xFF, 0xE0, 0x0B, 0xFF, 0xFC, 0x03, 0xFF,
    0xFF, 0x82, 0xFF, 0xFF, 0xF0, 0xFF, 0xFF, 0xFE, 0x00, 0x00, 0x00, 0x00, 0x00, 0x04, 0x00, 0x00,
    0x03, 0x80, 0x00, 0x02, 0xF0, 0x00, 0x00, 0xFE, 0x00, 0x00, 0xB2, 0xC0, 0x00, 0x38, 0x38, 0x00,
    0x2C, 0x0B, 0x00, 0x0E, 0x00, 0xE0, 0x0B, 0x00, 0x2C, 0x03, 0x80, 0x03, 0x82, 0xEA, 0xAA, 0xF0,
    0xFF, 0xFF, 0xFE, 0x00, 0x00, 0x00, 0x00, 0x00, 0x90, 0x00, 0x7C, 0x00, 0x3F, 0x40, 0x1F, 0xF0,
    0x0F, 0xFD, 0x07, 0xFF, 0xC3, 0xFF, 0xF5, 0xFF, 0xFF, 0x1A, 0xAA, 0x40, 0x00, 0x90, 0x00, 0x7C,
    0x00, 0x3F, 0x40, 0x1C, 0xB0, 0x0E, 0x0D, 0x07, 0x02, 0xC3, 0xC0, 0x35, 0xFF, 0xFF, 0x1A, 0xAA,
    0x40, 0x40, 0x00, 0x00, 0xF8, 0x00, 0x00, 0xFF, 0x80, 0x00, 0xFF, 0xF8, 0x00, 0xFF, 0xFF, 0x80,
    0xFF, 0xFF, 0xF8, 0xFF, 0xFF, 0xFD, 0xFF, 0xFF, 0xE0, 0xFF, 0xFF, 0x40, 0xFF, 0xF4, 0x00, 0xFF,
    0x40, 0x00, 0xF4, 0x00, 0x00, 0x00, 0x00, 0x00, 0x40, 0x00, 0x00, 0xF8, 0x00, 0x00, 0xFF, 0x80,
    0x00, 0xF2, 0xF8, 0x00, 0xF0, 0x2F, 0x80, 0xF0, 0x02, 0xF8, 0xF0, 0x00, 0xBD, 0xF0, 0x0B, 0xE0,
    0xF0, 0x7F, 0x40, 0xF7, 0xF4, 0x00, 0xFF, 0x40, 0x00, 0xF4, 0x00, 0x00, 0x00, 0x00, 0x00, 0x24,
    0x00, 0x1F, 0xD0, 0x07, 0xFF, 0x41, 0xFF, 0xFD, 0x7F, 0xFF, 0xDF, 0xFF, 0x87, 0xFE, 0x01, 0xF8,
    0x00, 0x10, 0x00, 0x00, 0x24, 0x00, 0x1F, 0xD0, 0x07, 0x6F, 0x41, 0xC0, 0xBD, 0x70, 0x0B, 0xDC,
    0x2F, 0x87, 0xBE, 0x01, 0xF8, 0x00, 0x10, 0x00, 0x00, 0x64, 0x00, 0x00, 0xFF, 0x90, 0x00, 0xFF,
    0xFE, 0x00, 0xFF, 0xFF, 0xF4, 0xFF, 0xFF, 0xFD, 0xFF, 0xFF, 0xD0, 0xFF, 0xF8, 0x00, 0xBE, 0x40,
    0x00, 0x10, 0x00, 0x00, 0x64, 0x00, 0x00, 0xFF, 0x90, 0x00, 0xE6, 0xFE, 0x00, 0xE0, 0x1B, 0xF4,
    0xE0, 0x01, 0xFD, 0xE0, 0x6F, 0xD0, 0xFB, 0xF8, 0x00, 0xBE, 0x40, 0x00, 0x10, 0x00, 0x00, 0x15,
    0x55, 0x55, 0x0F, 0xFF, 0xFF, 0xD1, 0xFF, 0xFF, 0xF0, 0x3F, 0xFF, 0xF8, 0x07, 0xFF, 0xFC, 0x00,
    0xFF, 0xFD, 0x00, 0x1F, 0xFF, 0x00, 0x03, 0xFF, 0x40, 0x00, 0x7F, 0xC0, 0x00, 0x0F, 0xD0, 0x00,
    0x01, 0xF0, 0x00, 0x00, 0x34, 0x00, 0x00, 0x00, 0x00, 0x00, 0x15, 0x55, 0x55, 0x0F, 0xFF, 0xFF,
    0xD1, 0xE5, 0x55, 0xF0, 0x3C, 0x00, 0x78, 0x07, 0x40, 0x3C, 0x00, 0xF0, 0x1D, 0x00, 0x1D, 0x0F,
    0x00, 0x03, 0xC7, 0x40, 0x00, 0x77, 0xC0, 0x00, 0x0F, 0xD0, 0x00, 0x01, 0xF0, 0x00, 0x00, 0x34,
    0x00, 0x00, 0x00, 0x00, 0x00, 0x3F, 0xFF, 0x4F, 0xFF, 0xF2, 0xFF, 0xF4, 0x3F, 0xFC, 0x0B, 0xFD,
    0x00, 0xFF, 0x00, 0x2F, 0x40, 0x03, 0xC0, 0x00, 0x40, 0x00, 0x3F, 0xFF, 0x4F, 0xAA, 0xF2, 0xC0,
    0x74, 0x34, 0x3C, 0x0B, 0x1D, 0x00, 0xDF, 0x00, 0x2F, 0x40, 0x03, 0xC0, 0x00, 0x40, 0x00, 0x00,
    0x00, 0x04, 0x00, 0x00, 0x7E, 0x00, 0x07, 0xFE, 0x00, 0x7F, 0xFE, 0x07, 0xFF, 0xFE, 0x2F, 0xFF,
    0xFE, 0xFF, 0xFF, 0xFE, 0x1F, 0xFF, 0xFE, 0x01, 0xFF, 0xFE, 0x00, 0x1F, 0xFE, 0x00, 0x02, 0xFE,
    0x00, 0x00, 0x2E, 0x00, 0x00, 0x00, 0x00, 0x00, 0x04, 0x00, 0x00, 0x7E, 0x00, 0x07, 0xFE, 0x00,
    0x7F, 0x5E, 0x07, 0xF4, 0x0E, 0x2F, 0x40, 0x0E, 0xFD, 0x00, 0x0E, 0x1F, 0xD0, 0x0E, 0x01, 0xFD,
    0x0E, 0x00, 0x1F, 0xDE, 0x00, 0x02, 0xFE, 0x00, 0x00, 0x2E, 0x00, 0x00, 0x00, 0x00, 0x02, 0x40,
    0x0B, 0xF0, 0x2F, 0xFC, 0xBF, 0xFF, 0x7F, 0xFF, 0xC2, 0xFF, 0xF0, 0x1F, 0xFC, 0x00, 0x7F, 0x00,
    0x01, 0x00, 0x00, 0x02, 0x40, 0x0B, 0xF0, 0x2F, 0xAC, 0xBD, 0x0B, 0x7D, 0x02, 0xC2, 0xF4, 0xB0,
    0x1F, 0xFC, 0x00, 0x7F, 0x00, 0x01, 0x00, 0x00, 0x00, 0x28, 0x00, 0x07, 0xFD, 0x01, 0xBF, 0xFD,
    0x2F, 0xFF, 0xFD, 0xBF, 0xFF, 0xFD, 0x1B, 0xFF, 0xFD, 0x00, 0x6F, 0xFD, 0x00, 0x01, 0xFD, 0x00,
    0x00, 0x04, 0x00, 0x00, 0x28, 0x00, 0x07, 0xFD, 0x01, 0xBF, 0x9D, 0x2F, 0xE0, 0x0D, 0xBE, 0x00,
    0x0D, 0x1B, 0xF8, 0x0D, 0x00, 0x6F, 0xED, 0x00, 0x01, 0xFD, 0x00, 0x00, 0x04, 0x00, 0x02, 0x00,
    0x00, 0x01, 0xF8, 0x00, 0x00, 0x3F, 0xC0, 0x00, 0x0B, 0xBE, 0x00, 0x00, 0xF2, 0xF4, 0x00, 0x3D,
    0x0F, 0xC0, 0x07, 0xC0, 0xBD, 0x00, 0xF4, 0x03, 0xF0, 0x2E, 0x00, 0x1F, 0x43, 0xC0, 0x00, 0xFC,
    0xB8, 0x00, 0x07, 0xDF, 0xC0, 0x00, 0x3C, 0x7D, 0x00, 0x0B, 0x83, 0xF0, 0x00, 0xF0, 0x1F, 0x40,
    0x2E, 0x00, 0xFC, 0x03, 0xC0, 0x07, 0xD0, 0xF4, 0x00, 0x3F, 0x1F, 0x00, 0x01, 0xF7, 0xD0, 0x00,
    0x0F, 0xFC, 0x00, 0x00, 0x7F, 0x00, 0x00, 0x02, 0xD0, 0x00, 0x00, 0x7F, 0xD0, 0x00, 0x7F, 0xFF,
    0xC0, 0x0F, 0x40, 0x2F, 0x03, 0xD0, 0x00, 0xB8, 0x3C, 0x00, 0x03, 0xC7, 0x40, 0x00, 0x3C, 0xB4,
    0x00, 0x03, 0xC7, 0x80, 0x00, 0x3C, 0x7C, 0x00, 0x07, 0x83, 0xE0, 0x00, 0xF0, 0x1F, 0x90, 0x7D,
    0x00, 0x7F, 0xFF, 0x40, 0x00, 0x6A, 0x40, 0x00, 0x00, 0x00, 0x00, 0x00, 0x02, 0x1C, 0x80, 0x00,
    0x0D, 0x13, 0x40, 0x03, 0x40, 0x00, 0xE0, 0x00, 0x00, 0x00, 0x01, 0xC0, 0x00, 0x01, 0xC1, 0x00,
    0x00, 0x01, 0x14, 0x00, 0x00, 0x08, 0x90, 0x00, 0x00, 0x30, 0x40, 0x00, 0x00, 0x47, 0x00, 0x00,
    0x07, 0x00, 0x00, 0x00, 0x00, 0x0D, 0x00, 0x03, 0x80, 0x12, 0x40, 0x94, 0x00, 0x09, 0x72, 0x40,
    0x00, 0x00, 0x00, 0x00, 0x00, 0x7F, 0xD0, 0x00, 0x7F, 0xFF, 0xC0, 0x0F, 0xFF, 0xFF, 0x03, 0xFF,
    0xFF, 0xF8, 0x3F, 0xFF, 0xFF, 0xC7, 0xFF, 0xFF, 0xFC, 0xBF, 0xFF, 0xFF, 0xC7, 0xFF, 0xFF, 0xFC,
    0x7F, 0xFF, 0xFF, 0x83, 0xFF, 0xFF, 0xF0, 0x1F, 0xFF, 0xFD, 0x00, 0x7F, 0xFF, 0x40, 0x00, 0x6A,
    0x40, 0x00, 0x55, 0x55, 0x54, 0xFF, 0xFF, 0xFE, 0xFF, 0xFF, 0xFE, 0xFF, 0x96, 0xFE, 0xFD, 0x00,
    0xBE, 0xFC, 0x00, 0x3E, 0xF8, 0x00, 0x3E, 0xFC, 0x00, 0x7E, 0xFD, 0x00, 0xFE, 0xFF, 0xAB, 0xFE,
    0xFF, 0xFF, 0xFE, 0xFF, 0xFF, 0xFE, 0x00, 0x00, 0x00, 0x55, 0x55, 0x54, 0xFF, 0xFF, 0xFE, 0xFF,
    0xFF, 0xFE, 0xFF, 0xFF, 0xFE, 0xFF, 0xFF, 0xFE, 0xFD, 0x00, 0xBE, 0xF4, 0xBE, 0x2E, 0xE3, 0xFF,
    0x8E, 0xD7, 0xFF, 0xCA, 0xCB, 0xFF, 0xCA, 0xD7, 0xFF, 0xCE, 0xE3, 0xFF, 0x4E, 0xF4, 0xA8, 0x3E,
    0xFE, 0x01, 0xFE, 0xFF, 0xFF, 0xFE, 0xFF, 0xFF, 0xFE, 0xFF, 0xFF, 0xFE, 0xFF, 0xFF, 0xFE, 0x01,
    0x50, 0x3F, 0xD3, 0xC3, 0x8E, 0x0E, 0x78, 0xB4, 0xFF, 0x40, 0x50, 0x00, 0x00, 0x6F, 0xE4, 0x00,
    0x0B, 0xFF, 0xFC, 0x00, 0xF8, 0x00, 0xBC, 0x0B, 0x80, 0x00, 0xBC, 0x3C, 0x00, 0x00, 0xF6, 0xD0,
    0x00, 0x01, 0xEB, 0x00, 0x00, 0x03, 0xBC, 0x00, 0x00, 0x0F, 0xB0, 0x00, 0x00, 0x3A, 0xD0, 0x00,
    0x01, 0xD3, 0xC0, 0x00, 0x0F, 0x0B, 0x80, 0x00, 0xF4, 0x0F, 0xD0, 0x1F, 0x80, 0x0B, 0xFF, 0xF4,
    0x00, 0x01, 0xA9, 0x00, 0x00, 0x00, 0x00, 0x40, 0x00, 0x00, 0x00, 0x30, 0x00, 0x00, 0x00, 0x1D,
    0x00, 0x00, 0x00, 0x0F, 0xC0, 0x00, 0x00, 0x03, 0xF0, 0x00, 0x00, 0x02, 0xFE, 0x00, 0x07, 0xFF,
    0xFF, 0xFF, 0xF4, 0xBF, 0xFF, 0xFF, 0xF8, 0x07, 0xFF, 0xFF, 0xF4, 0x00, 0x3F, 0xFF, 0xF0, 0x00,
    0x07, 0xFF, 0xF4, 0x00, 0x02, 0xFF, 0xFE, 0x00, 0x00, 0xFF, 0xFF, 0xC0, 0x00, 0x3F, 0x8B, 0xF0,
    0x00, 0x1F, 0x40, 0x7D, 0x00, 0x0A, 0x00, 0x02, 0x80, 0x00, 0x00, 0x00, 0x00, 0x00, 0x00, 0x00,
    0x00, 0x00, 0x00, 0x00, 0x00, 0xC0, 0x00, 0x00, 0x00, 0x07, 0x40, 0x00, 0x00, 0x00, 0x3F, 0x00,
    0x00, 0x00, 0x00, 0xEC, 0x00, 0x00, 0x00, 0x0B, 0x38, 0x00, 0x00, 0x01, 0x78, 0xB5, 0x00, 0x1F,
    0xFF, 0xD1, 0xFF, 0xFD, 0x1F, 0x40, 0x00, 0x07, 0xD0, 0x0F, 0x80, 0x00, 0xBC, 0x00, 0x0B, 0xC0,
    0x0F, 0x80, 0x00, 0x0B, 0x00, 0x38, 0x00, 0x00, 0x3C, 0x10, 0xF0, 0x00, 0x00, 0xD3, 0xF1, 0xC0,
    0x00, 0x07, 0x7E, 0xF7, 0x40, 0x00, 0x2F, 0x80, 0xBE, 0x00, 0x00, 0xF4, 0x00, 0x7C, 0x00, 0x02,
    0x00, 0x00, 0x20, 0x00, 0x00, 0x01, 0xAA, 0x40, 0x00, 0x00, 0xBF, 0xFF, 0xD0, 0x00, 0x1F, 0x90,
    0x1B, 0xE0, 0x01, 0xF4, 0x00, 0x03, 0xE0, 0x0F, 0x00, 0x00, 0x03, 0xD0, 0xB4, 0x00, 0x00, 0x03,
    0xC3, 0xC3, 0xD0, 0x1F, 0x0F, 0x1E, 0x0F, 0x80, 0xBC, 0x2D, 0x74, 0x18, 0x00, 0x90, 0x76, 0xD0,
    0x00, 0x00, 0x01, 0xD7, 0x40, 0x00, 0x00, 0x07, 0x5E, 0x1C, 0x00, 0x0D, 0x2C, 0x3C, 0x3E, 0x56,
    0xF0, 0xF0, 0xF4, 0x2F, 0xFF, 0x0B, 0x41, 0xF0, 0x05, 0x40, 0x7C, 0x02, 0xF4, 0x00, 0x0B, 0xC0,
    0x01, 0xFE, 0x56, 0xFC, 0x00, 0x00, 0xBF, 0xFF, 0x40, 0x00, 0x00, 0x05, 0x40, 0x00, 0x00, 0x00,
    0x01, 0xAA, 0x40, 0x00, 0x00, 0xBF, 0xFF, 0xE0, 0x00, 0x1F, 0xFF, 0xFF, 0xF0, 0x01, 0xFF, 0xFF,
    0xFF, 0xF0, 0x0F, 0xFF, 0xFF, 0xFF, 0xD0, 0xBF, 0xFF, 0xFF, 0xFF, 0xC3, 0xFC, 0x2F, 0xE0, 0xFF,
    0x1F, 0xF0, 0x7F, 0x43, 0xFD, 0x7F, 0xE7, 0xFF, 0x6F, 0xF6, 0xFF, 0xFF, 0xFF, 0xFF, 0xD7, 0xFF,
    0xFF, 0xFF, 0xFF, 0x5F, 0xE7, 0xFF, 0xF2, 0xFC, 0x3F, 0xC1, 0xB9, 0x0F, 0xF0, 0xFF, 0xC0, 0x00,
    0xFF, 0x41, 0xFF, 0xF9, 0xBF, 0xFC, 0x02, 0xFF, 0xFF, 0xFF, 0xC0, 0x02, 0xFF, 0xFF, 0xFC, 0x00,
    0x00, 0xBF, 0xFF, 0x40, 0x00, 0x00, 0x15, 0x40, 0x00, 0x00, 0x00, 0x00, 0x10, 0x00, 0x00, 0x00,
    0x01, 0xC0, 0x00, 0x00, 0x00, 0x07, 0x00, 0x00, 0x00, 0xE0, 0x08, 0x02, 0xC0, 0x01, 0xE0, 0x54,
    0x1D, 0x00, 0x01, 0x1F, 0xFE, 0x10, 0x00, 0x01, 0xE0, 0x2E, 0x00, 0x00, 0x0E, 0x00, 0x2C, 0x00,
    0x15, 0x34, 0x00, 0x75, 0x51, 0xF9, 0xC0, 0x00, 0xDB, 0xD0, 0x03, 0x40, 0x07, 0x00, 0x00, 0x0F,
    0x00, 0x3C, 0x00, 0x00, 0x1F, 0x47, 0xC0, 0x00, 0x02, 0x1F, 0xF8, 0x60, 0x00, 0x2D, 0x00, 0x01,
    0xE0, 0x00, 0x90, 0x0C, 0x01, 0x80, 0x00, 0x00, 0x34, 0x00, 0x00, 0x00, 0x00, 0xD0, 0x00, 0x00,
    0x00, 0x00, 0x00, 0x00, 0x00, 0x00, 0x14, 0x00, 0x0B, 0xFE, 0x00, 0xF4, 0x2F, 0x0B, 0x00, 0x1D,
    0x38, 0x00, 0x38, 0xD0, 0x00, 0xE3, 0x80, 0x03, 0x4F, 0x00, 0x2C, 0x1F, 0x42, 0xE0, 0x1F, 0xFD,
    0x00, 0x03, 0x80, 0x00, 0x0D, 0x00, 0x00, 0x34, 0x00, 0x3F, 0xFF, 0x40, 0xAB, 0xE9, 0x00, 0x0D,
    0x00, 0x00, 0x34, 0x00, 0x00, 0xD0, 0x00, 0x00, 0x00, 0x00, 0x00, 0x00, 0x15, 0x40, 0x00, 0x0B,
    0xFD, 0x00, 0x00, 0x07, 0xD0, 0x00, 0x01, 0xDD, 0x01, 0xA8, 0x78, 0xD0, 0xFE, 0xFE, 0x0D, 0x3C,
    0x02, 0xC0, 0x07, 0x00, 0x0E, 0x00, 0xB0, 0x00, 0xB0, 0x0F, 0x00, 0x0B, 0x00, 0xB0, 0x00, 0xE0,
    0x07, 0x80, 0x2D, 0x00, 0x2E, 0x5F, 0x40, 0x00, 0x7F, 0x90, 0x00, 0x00, 0x00, 0x40, 0x00, 0x00,
    0x00, 0x74, 0x00, 0x00, 0x00, 0x7F, 0x00, 0x00, 0x00, 0x3F, 0xF0, 0x00, 0x00, 0x3F, 0xFF, 0x00,
    0x00, 0x3F, 0xFF, 0xF0, 0x00, 0x3F, 0xFF, 0xFF, 0x00, 0x2F, 0xFF, 0xFF, 0xE0, 0x1F, 0xFF, 0xFF,
    0xFD, 0x0B, 0xFF, 0xFF, 0xFF, 0x83, 0xFF, 0xFF, 0xFF, 0xF0, 0xFF, 0xFF, 0xFF, 0xFC, 0x3F, 0xFF,
    0xFF, 0xFF, 0x0B, 0xFF, 0xFF, 0xFF, 0x80, 0xFF, 0xAE, 0xBF, 0xC0, 0x01, 0x0F, 0xC1, 0x00, 0x00,
    0x03, 0xF0, 0x00, 0x00, 0x01, 0xFD, 0x00, 0x00, 0x00, 0x64, 0x00, 0x64, 0x00, 0x2F, 0xFC, 0x0F,
    0xFE, 0x01, 0xF0, 0x3C, 0xF0, 0x3D, 0x0F, 0x00, 0x3F, 0x00, 0x3C, 0x3C, 0x00, 0xB8, 0x00, 0xF0,
    0xE0, 0x01, 0xD0, 0x02, 0xC3, 0xC0, 0x00, 0x00, 0x0F, 0x0F, 0x00, 0x00, 0x00, 0x3C, 0x2D, 0x00,
    0x00, 0x01, 0xE0, 0x38, 0x00, 0x00, 0x0F, 0x00, 0xB4, 0x00, 0x00, 0x78, 0x00, 0xF0, 0x00, 0x03,
    0xC0, 0x01, 0xE0, 0x00, 0x2D, 0x00, 0x02, 0xE0, 0x02, 0xE0, 0x00, 0x02, 0xE0, 0x2E, 0x00, 0x00,
    0x02, 0xF7, 0xE0, 0x00, 0x00, 0x01, 0xFD, 0x00, 0x00, 0x00, 0x00, 0x40, 0x00, 0x00, 0x00, 0x00,
    0x00, 0x00, 0x00, 0x00, 0x20, 0x00, 0x00, 0x00, 0x1D, 0x00, 0x00, 0x00, 0x0F, 0xC0, 0x00, 0x00,
    0x0F, 0x7C, 0x00, 0x00, 0x0B, 0x8B, 0x80, 0x00, 0x07, 0xC0, 0xF0, 0x00, 0x03, 0xC0, 0x0F, 0x00,
    0x03, 0xD0, 0x01, 0xF0, 0x02, 0xE0, 0x00, 0x2E, 0x02, 0xE0, 0x00, 0x02, 0xE1, 0xF0, 0x00, 0x00,
    0x3D, 0x2E, 0x00, 0x00, 0x2E, 0x02, 0xE0, 0x00, 0x2E, 0x00, 0x3D, 0x00, 0x1F, 0x00, 0x03, 0xC0,
    0x0F, 0x00, 0x00, 0x3C, 0x0F, 0x00, 0x00, 0x0B, 0x8B, 0x40, 0x00, 0x00, 0xFB, 0xC0, 0x00, 0x00,
    0x0F, 0xC0, 0x00, 0x00, 0x01, 0xD0, 0x00, 0x00, 0x00, 0x20, 0x00, 0x00, 0x00, 0x00, 0x00, 0x00,
    0x00, 0x06, 0xE4, 0x00, 0x00, 0x0B, 0xFF, 0x80, 0x00, 0x07, 0xFF, 0xF4, 0x00, 0x02, 0xFF, 0xFE,
    0x00, 0x00, 0xBF, 0xFF, 0x80, 0x00, 0x2F, 0xFF, 0xE0, 0x00, 0x03, 0xFF, 0xF0, 0x00, 0x0B, 0xFF,
    0xFF, 0x80, 0x0F, 0xFF, 0xFF, 0xFC, 0x0F, 0xFF, 0xFF, 0xFF, 0xC3, 0xFF, 0xFF, 0xFF, 0xF1, 0xFF,
    0xFF, 0xFF, 0xFD, 0x3F, 0xFF, 0xFF, 0xFF, 0x0B, 0xFF, 0xFF, 0xFF, 0x80, 0xBF, 0xAE, 0xBF, 0x80,
    0x01, 0x0F, 0xC1, 0x00, 0x00, 0x03, 0xF0, 0x00, 0x00, 0x00, 0xFD, 0x00, 0x00, 0x00, 0x00, 0x40,
    0x00, 0x00, 0x00, 0x30, 0x00, 0x00, 0x00, 0x3F, 0x00, 0x00, 0x00, 0x2E, 0xE0, 0x00, 0x00, 0x1E,
    0x2D, 0x00, 0x00, 0x1F, 0x03, 0xD0, 0x00, 0x1F, 0x00, 0x3D, 0x00, 0x0F, 0x00, 0x03, 0xC0, 0x0F,
    0x00, 0x00, 0x3C, 0x0B, 0x40, 0x00, 0x07, 0x87, 0x80, 0x00, 0x00, 0xB2, 0xC0, 0x00, 0x00, 0x0E,
    0xF0, 0x00, 0x00, 0x03, 0xFC, 0x00, 0x00, 0x00, 0xFF, 0x00, 0x00, 0x00, 0x3E, 0xD0, 0x18, 0x90,
    0x1E, 0x3E, 0x6E, 0x2E, 0x6F, 0x03, 0xFB, 0x8B, 0xBF, 0x00, 0x00, 0xE2, 0xC0, 0x00, 0x00, 0x7F,
    0xF4, 0x00, 0x00, 0x1A, 0xA9, 0x00, 0x00, 0x06, 0xE0, 0x02, 0xE4, 0x07, 0xFF, 0x03, 0xFF, 0x43,
    0xFF, 0xF3, 0xFF, 0xF0, 0xFF, 0xFD, 0xFF, 0xFC, 0x3F, 0xFF, 0xFF, 0xFF, 0x0F, 0xFF, 0xFF, 0xFF,
    0xC3, 0xFF, 0xFF, 0xFF, 0xF0, 0xBF, 0xFF, 0xFF, 0xF8, 0x0F, 0xFF, 0xFF, 0xFC, 0x02, 0xFF, 0xFF,
    0xFE, 0x00, 0x3F, 0xFF, 0xFF, 0x00, 0x07, 0xFF, 0xFF, 0x40, 0x00, 0x7F, 0xFF, 0x40, 0x00, 0x0B,
    0xFF, 0x80, 0x00, 0x00, 0x7F, 0x40, 0x00, 0x00, 0x02, 0x00, 0x00, 0x00, 0x00, 0x00, 0x00, 0x00,
    0x0C, 0x00, 0x00, 0x00, 0xB8, 0x00, 0x00, 0x07, 0xF4, 0x00, 0x00, 0x3F, 0xF0, 0x00, 0x03, 0xFF,
    0xF0, 0x00, 0x2F, 0xFF, 0xE0, 0x02, 0xFF, 0xFF, 0xE0, 0x1F, 0xFF, 0xFF, 0xD0, 0xFF, 0xFF, 0xFF,
    0xC1, 0xFF, 0xFF, 0xFD, 0x01, 0xFF, 0xFF, 0xD0, 0x02, 0xFF, 0xFE, 0x00, 0x03, 0xFF, 0xF0, 0x00,
    0x03, 0xFF, 0x00, 0x00, 0x07, 0xF4, 0x00, 0x00, 0x0B, 0x80, 0x00, 0x00, 0x0C, 0x00, 0x00, 0x00,
    0x00, 0x00, 0x00, 0x00, 0x00, 0xA8, 0x00, 0x00, 0x00, 0x2F, 0xFE, 0x00, 0x00, 0x02, 0xE0, 0x2E,
    0x00, 0x00, 0x0E, 0x00, 0x2C, 0x00, 0x00, 0xB4, 0x00, 0x74, 0x00, 0x02, 0xC0, 0x00, 0xE0, 0x00,
    0x07, 0x40, 0x07, 0x40, 0x00, 0x0F, 0x00, 0x3C, 0x00, 0x07, 0xFD, 0x01, 0xFF, 0x40, 0x78, 0x00,
    0x00, 0x0F, 0x43, 0xC0, 0x00, 0x00, 0x0F, 0x1D, 0x00, 0x00, 0x00, 0x1D, 0x74, 0x00, 0x00, 0x00,
    0x75, 0xE0, 0x00, 0x00, 0x02, 0xD3, 0xC0, 0x18, 0x90, 0x0F, 0x07, 0xE7, 0xE2, 0xE6, 0xF4, 0x07,
    0xFB, 0x8B, 0xBF, 0x40, 0x00, 0x0E, 0x2C, 0x00, 0x00, 0x00, 0x7F, 0xF4, 0x00, 0x00, 0x01, 0xAA,
    0x90, 0x00, 0x00, 0x20, 0x00, 0xC0, 0x03, 0x00, 0x0C, 0x00, 0x30, 0x00, 0xC0, 0x03, 0x00, 0x0C,
    0x00, 0x30, 0x00, 0xC0, 0x03, 0x00, 0x0C, 0x00, 0x30, 0x00, 0xC1, 0xFF, 0x1F, 0xFC, 0xBF, 0xF1,
    0xFF, 0x01, 0x90, 0x00, 0x00, 0x18, 0x00, 0x00, 0x2D, 0x00, 0x00, 0x2F, 0x40, 0x00, 0x2F, 0xD0,
    0x00, 0x2F, 0xF4, 0x00, 0x2B, 0xFC, 0x00, 0x28, 0xFE, 0x00, 0x28, 0x2E, 0x00, 0x28, 0x0E, 0x00,
    0x28, 0x0D, 0x00, 0x28, 0x0C, 0x00, 0x28, 0x04, 0x00, 0x28, 0x00, 0x00, 0x28, 0x00, 0x0F, 0xF8,
    0x00, 0x3F, 0xF8, 0x00, 0x3F, 0xF4, 0x00, 0x3F, 0xE0, 0x00, 0x0A, 0x00, 0x00, 0x00, 0x00, 0x00,
    0x06, 0x00, 0x00, 0x00, 0x6F, 0xC0, 0x00, 0x07, 0xFF, 0xF0, 0x00, 0x7F, 0xFF, 0xFC, 0x00, 0x2F,
    0xFF, 0x83, 0x00, 0x0B, 0xF4, 0x00, 0xC0, 0x02, 0x80, 0x00, 0x30, 0x00, 0xA0, 0x00, 0x0C, 0x00,
    0x28, 0x00, 0x03, 0x00, 0x0A, 0x00, 0x00, 0xC0, 0x02, 0x80, 0x00, 0x30, 0x00, 0xA0, 0x00, 0x0C,
    0x00, 0x28, 0x00, 0xBB, 0x00, 0x0A, 0x00, 0xFF, 0xC0, 0xBF, 0x80, 0xBF, 0xF0, 0xFF, 0xE0, 0x1F,
    0xF4, 0x3F, 0xF4, 0x02, 0xE4, 0x0F, 0xF8, 0x00, 0x00, 0x00, 0x64, 0x00, 0x00, 0x00, 0x00, 0x00,
    0x00, 0x06, 0x00, 0x00, 0x00, 0x6F, 0xC0, 0x00, 0x07, 0xFE, 0x70, 0x00, 0x7F, 0xE4, 0x0C, 0x00,
    0x2E, 0x40, 0x1B, 0x00, 0x0A, 0x01, 0xBF, 0xC0, 0x02, 0x9F, 0xF9, 0x30, 0x00, 0xBF, 0x90, 0x0C,
    0x00, 0x2D, 0x00, 0x03, 0x00, 0x0A, 0x00, 0x00, 0xC0, 0x02, 0x80, 0x00, 0x30, 0x00, 0xA0, 0x00,
    0x0C, 0x00, 0x28, 0x00, 0xBB, 0x00, 0x0A, 0x00, 0xFF, 0xC0, 0xBF, 0x80, 0xBF, 0xF0, 0xFF, 0xE0,
    0x1F, 0xF4, 0x3F, 0xF4, 0x02, 0xE4, 0x0F, 0xF8, 0x00, 0x00, 0x00, 0x64, 0x00, 0x00, 0x00, 0x10,
    0x00, 0x70, 0x00, 0x70, 0x00, 0x70, 0x00, 0x70, 0x00, 0x70, 0x00, 0x70, 0x00, 0x70, 0x00, 0x77,
    0xF8, 0x7D, 0x7D, 0x70, 0x0E, 0x70, 0x0E, 0x70, 0x1D, 0x70, 0x7C, 0x7B, 0xE0, 0x79, 0x00, 0x00,
    0x00, 0x50, 0x02, 0x80, 0x0A, 0x01, 0x29, 0xFC, 0xBF, 0xB2, 0xD0, 0xCA, 0x03, 0x28, 0x0C, 0xA0,
    0x32, 0x87, 0xCB, 0xFF, 0x2E, 0x4C, 0x00, 0x30, 0x00, 0xC0, 0x01, 0x00, 0x00, 0x00, 0x00, 0x00,
    0x0C, 0x00, 0x50, 0x30, 0x02, 0x80, 0xC0, 0x0A, 0x03, 0xF0, 0x29, 0xFF, 0x82, 0xFF, 0xB0, 0x2F,
    0xD0, 0xC0, 0x0A, 0x03, 0x00, 0x28, 0x0C, 0x00, 0xA0, 0x36, 0x02, 0x87, 0xFC, 0x0B, 0xFF, 0x42,
    0xFE, 0x4C, 0x06, 0xA0, 0x30, 0x02, 0x80, 0xC0, 0x0A, 0x01, 0x00, 0x14, 0x00, 0x00, 0x00, 0x00,
    0x0A, 0x00, 0x00, 0x3E, 0x00, 0x00, 0x7C, 0x00, 0x00, 0xF8, 0x00, 0x01, 0xF0, 0x00, 0x03, 0xD0,
    0x00, 0x07, 0xC0, 0x00, 0x0F, 0x40, 0x14, 0x1E, 0x00, 0x7C, 0x3C, 0x00, 0x3D, 0x78, 0x00, 0x2F,
    0xF0, 0x00, 0x0F, 0xD0, 0x00, 0x0B, 0xC0, 0x00, 0x01, 0x00, 0x00, 0x00, 0x00, 0x00, 0x00, 0x3F,
    0xFF, 0xFF, 0x00, 0x1F, 0xFF, 0xD0, 0x30, 0x1F, 0xFD, 0x03, 0xF0, 0x2F, 0xE0, 0x3F, 0xE0, 0x3F,
    0x03, 0xFF, 0xF0, 0xB8, 0x7F, 0xFF, 0xFE, 0xEF, 0xFF, 0xFF, 0xFF, 0xFF, 0xFF, 0xFF, 0x6E, 0x7F,
    0xFF, 0xE0, 0xB8, 0x2F, 0xFE, 0x03, 0xF0, 0x2F, 0xE0, 0x2F, 0xE0, 0x2F, 0x02, 0xFF, 0xE0, 0x30,
    0x3F, 0xFF, 0xF0, 0x03, 0xFF, 0xFF, 0xF0, 0x00, 0x01, 0xAA, 0x40, 0x00, 0x00, 0xBF, 0xBF, 0xE0,
    0x00, 0x1F, 0xFC, 0xBF, 0xF0, 0x01, 0xFF, 0xF1, 0xFF, 0xF0, 0x0F, 0xFF, 0x43, 0xFF, 0xD0, 0xBF,
    0xFC, 0x0B, 0xFF, 0xC3, 0xEA, 0xA0, 0x1A, 0xAB, 0x1D, 0x00, 0x00, 0x00, 0x0D, 0x7E, 0x00, 0x00,
    0x01, 0xF6, 0xFF, 0x00, 0x00, 0x2F, 0xD7, 0xFF, 0x40, 0x03, 0xFF, 0x5F, 0xFC, 0x00, 0x0F, 0xFC,
    0x3F, 0xF0, 0x00, 0x1F, 0xF0, 0xFF, 0x41, 0xE0, 0x3F, 0x41, 0xFC, 0x2F, 0xF0, 0xFC, 0x02, 0xF3,
    0xFF, 0xF6, 0xC0, 0x02, 0xFF, 0xFF, 0xFC, 0x00, 0x00, 0xBF, 0xFF, 0x40, 0x00, 0x00, 0x15, 0x40,
    0x00, 0x00, 0x00, 0x01, 0x90, 0x00, 0x00, 0x02, 0xFE, 0x00, 0x00, 0x00, 0xFF, 0xC0, 0x00, 0x14,
    0x3F, 0xF0, 0x50, 0x3F, 0x8B, 0xF4, 0xFF, 0x2F, 0xF4, 0xFC, 0x7F, 0xDB, 0xFF, 0x1D, 0x3F, 0xF8,
    0xFF, 0xE3, 0x2F, 0xFC, 0x0A, 0xAE, 0xEE, 0xA8, 0x00, 0x00, 0xB8, 0x00, 0x01, 0xFF, 0xD9, 0xFF,
    0xD1, 0xFF, 0xD3, 0x2F, 0xFD, 0xBF, 0xF2, 0xD3, 0xFF, 0x9F, 0xF4, 0xFC, 0x7F, 0xD2, 0xF8, 0xBF,
    0x8B, 0xE0, 0x00, 0x3F, 0xF0, 0x00, 0x00, 0x0F, 0xFC, 0x00, 0x00, 0x01, 0xFD, 0x00, 0x00, 0x00,
    0x04, 0x00, 0x00, 0x00, 0x00, 0x00, 0x3F, 0xFF, 0xFF, 0x4F, 0x55, 0x55, 0xFB, 0x80, 0x00, 0x3F,
    0xE0, 0x00, 0x0F, 0xF8, 0x00, 0x03, 0xFE, 0x00, 0x00, 0xFF, 0x80, 0x00, 0x3F, 0xE0, 0x00, 0x0F,
    0xF8, 0x00, 0x03, 0xFE, 0x00, 0x01, 0xFF, 0xFF, 0xFF, 0xFF, 0x6F, 0xFF, 0xFF, 0xC7, 0xFF, 0xFF,
    0xF0, 0x69, 0xBD, 0xBD, 0xBD, 0xBD, 0xBD, 0xBD, 0xBD, 0xBD, 0xBD, 0xBD, 0xBD, 0xBD, 0xBD, 0xBD,
    0xBD, 0xBD, 0xBD, 0xBD, 0xBD, 0xBD, 0xBD, 0x14, 0x00, 0x01, 0xAA, 0x40, 0x00, 0x00, 0xBF, 0xFF,
    0xE0, 0x00, 0x1F, 0xFF, 0xFF, 0xF0, 0x01, 0xFF, 0xFF, 0xFF, 0xF0, 0x0F, 0xFF, 0x83, 0xFF, 0xD0,
    0xBF, 0xD0, 0x1F, 0xFF, 0xC3, 0xFF, 0xF8, 0x7F, 0xFF, 0x1F, 0xFF, 0xF1, 0xFF, 0xFD, 0x7F, 0xFF,
    0xC7, 0xFF, 0xF6, 0xFF, 0xFF, 0x1F, 0xFF, 0xD7, 0xFF, 0xFC, 0x7F, 0xFF, 0x5F, 0xFF, 0xF1, 0xFF,
    0xFC, 0x3F, 0xFF, 0x42, 0xFF, 0xF0, 0xFF, 0xE0, 0x02, 0xFF, 0x41, 0xFF, 0xFF, 0xFF, 0xFC, 0x02,
    0xFF, 0xFF, 0xFF, 0xC0, 0x02, 0xFF, 0xFF, 0xFC, 0x00, 0x00, 0xBF, 0xFF, 0x40, 0x00, 0x00, 0x15,
    0x40, 0x00, 0x00, 0x00, 0x01, 0xAA, 0x40, 0x00, 0x00, 0xBF, 0xFF, 0xE0, 0x00, 0x1F, 0xFF, 0xFF,
    0xF0, 0x01, 0xFF, 0xFF, 0xFF, 0xF0, 0x0F, 0xFD, 0x01, 0xFF, 0xD0, 0xBF, 0xD1, 0x81, 0xFF, 0xC3,
    0xFF, 0x0F, 0xC3, 0xFF, 0x1F, 0xFE, 0xBE, 0x1F, 0xFD, 0x7F, 0xFF, 0xF0, 0xFF, 0xF6, 0xFF, 0xFF,
    0x0B, 0xFF, 0xD7, 0xFF, 0xF0, 0xBF, 0xFF, 0x5F, 0xFF, 0x0F, 0xFF, 0xFC, 0x3F, 0xF0, 0x15, 0x7F,
    0xF0, 0xFF, 0xC0, 0x00, 0xFF, 0x41, 0xFF, 0xFF, 0xFF, 0xFC, 0x02, 0xFF, 0xFF, 0xFF, 0xC0, 0x02,
    0xFF, 0xFF, 0xFC, 0x00, 0x00, 0xBF, 0xFF, 0x40, 0x00, 0x00, 0x15, 0x40, 0x00, 0x00, 0x00, 0x01,
    0xAA, 0x40, 0x00, 0x00, 0xBF, 0xFF, 0xE0, 0x00, 0x1F, 0xFF, 0xFF, 0xF0, 0x01, 0xFF, 0xFF, 0xFF,
    0xF0, 0x0F, 0xFD, 0x00, 0xFF, 0xD0, 0xBF, 0xE1, 0xA1, 0xFF, 0xC3, 0xFF, 0xEF, 0xC3, 0xFF, 0x1F,
    0xFF, 0xFC, 0x2F, 0xFD, 0x7F, 0xFF, 0x41, 0xFF, 0xF6, 0xFF, 0xFD, 0x51, 0xFF, 0xD7, 0xFF, 0xFF,
    0xC3, 0xFF, 0x5F, 0xFF, 0xFF, 0x0F, 0xFC, 0x3F, 0xFF, 0x90, 0xBF, 0xF0, 0xFF, 0xD0, 0x0B, 0xFF,
    0x41, 0xFF, 0xFB, 0xFF, 0xFC, 0x02, 0xFF, 0xFF, 0xFF, 0xC0, 0x02, 0xFF, 0xFF, 0xFC, 0x00, 0x00,
    0xBF, 0xFF, 0x40, 0x00, 0x00, 0x15, 0x40, 0x00, 0x00, 0x00, 0x01, 0xAA, 0x40, 0x00, 0x00, 0xBF,
    0xFF, 0xE0, 0x00, 0x1F, 0xFF, 0xFF, 0xF0, 0x01, 0xFF, 0xFF, 0xFF, 0xF0, 0x0F, 0xFF, 0xD2, 0xFF,
    0xD0, 0xBF, 0xFE, 0x0B, 0xFF, 0xC3, 0xFF, 0xF0, 0x2F, 0xFF, 0x1F, 0xFF, 0x08, 0xBF, 0xFD, 0x7F,
    0xF4, 0xE2, 0xFF, 0xF6, 0xFF, 0x8B, 0x8B, 0xFF, 0xD7, 0xFC, 0x15, 0x17, 0xFF, 0x5F, 0xF0, 0x00,
    0x0F, 0xFC, 0x3F, 0xFF, 0xE2, 0xFF, 0xF0, 0xFF, 0xFF, 0x8B, 0xFF, 0x41, 0xFF, 0xFF, 0xBF, 0xFC,
    0x02, 0xFF, 0xFF, 0xFF, 0xC0, 0x02, 0xFF, 0xFF, 0xFC, 0x00, 0x00, 0xBF, 0xFF, 0x40, 0x00, 0x00,
    0x15, 0x40, 0x00, 0x00, 0x00, 0x01, 0xAA, 0x40, 0x00, 0x00, 0xBF, 0xFF, 0xE0, 0x00, 0x1F, 0xFF,
    0xFF, 0xF0, 0x01, 0xFF, 0xFF, 0xFF, 0xF0, 0x0F, 0xFD, 0x00, 0xBF, 0xD0, 0xBF, 0xF4, 0x56, 0xFF,
    0xC3, 0xFF, 0xC3, 0xFF, 0xFF, 0x1F, 0xFF, 0x06, 0xFF, 0xFD, 0x7F, 0xFC, 0x00, 0xFF, 0xF6, 0xFF,
    0xFF, 0xD1, 0xFF, 0xD7, 0xFF, 0xFF, 0xC7, 0xFF, 0x5F, 0xFF, 0xFE, 0x1F, 0xFC, 0x3F, 0xFF, 0x90,
    0xFF, 0xF0, 0xFF, 0xC0, 0x1F, 0xFF, 0x41, 0xFF, 0xEB, 0xFF, 0xFC, 0x02, 0xFF, 0xFF, 0xFF, 0xC0,
    0x02, 0xFF, 0xFF, 0xFC, 0x00, 0x00, 0xBF, 0xFF, 0x40, 0x00, 0x00, 0x15, 0x40, 0x00, 0x00, 0x00,
    0x01, 0xAA, 0x40, 0x00, 0x00, 0xBF, 0xFF, 0xE0, 0x00, 0x1F, 0xFF, 0xFF, 0xF0, 0x01, 0xFF, 0xFF,
    0xFF, 0xF0, 0x0F, 0xFF, 0xC0, 0xBF, 0xD0, 0xBF, 0xF8, 0x2F, 0xFF, 0xC3, 0xFF, 0x83, 0xFF, 0xFF,
    0x1F, 0xFC, 0x1A, 0xFF, 0xFD, 0x7F, 0xE0, 0x00, 0xFF, 0xF6, 0xFF, 0x4B, 0xD1, 0xFF, 0xD7, 0xFD,
    0x2F, 0xC3, 0xFF, 0x5F, 0xF8, 0x7F, 0x0F, 0xFC, 0x3F, 0xF0, 0x64, 0x7F, 0xF0, 0xFF, 0xE0, 0x07,
    0xFF, 0x41, 0xFF, 0xFF, 0xFF, 0xFC, 0x02, 0xFF, 0xFF, 0xFF, 0xC0, 0x02, 0xFF, 0xFF, 0xFC, 0x00,
    0x00, 0xBF, 0xFF, 0x40, 0x00, 0x00, 0x15, 0x40, 0x00, 0x00, 0x00, 0x01, 0xAA, 0x40, 0x00, 0x00,
    0xBF, 0xFF, 0xE0, 0x00, 0x1F, 0xFF, 0xFF, 0xF0, 0x01, 0xFF, 0xFF, 0xFF, 0xF0, 0x0F, 0xF4, 0x00,
    0x3F, 0xD0, 0xBF, 0xD1, 0x50, 0xFF, 0xC3, 0xFF, 0x5F, 0x87, 0xFF, 0x1F, 0xFF, 0xFC, 0x3F, 0xFD,
    0x7F, 0xFF, 0xD2, 0xFF, 0xF6, 0xFF, 0xFF, 0x0F, 0xFF, 0xD7, 0xFF, 0xF4, 0xBF, 0xFF, 0x5F, 0xFF,
    0xC3, 0xFF, 0xFC, 0x3F, 0xFF, 0x1F, 0xFF, 0xF0, 0xFF, 0xFC, 0xBF, 0xFF, 0x41, 0xFF, 0xFF, 0xFF,
    0xFC, 0x02, 0xFF, 0xFF, 0xFF, 0xC0, 0x02, 0xFF, 0xFF, 0xFC, 0x00, 0x00, 0xBF, 0xFF, 0x40, 0x00,
    0x00, 0x15, 0x40, 0x00, 0x00, 0x00, 0x01, 0xAA, 0x40, 0x00, 0x00, 0xBF, 0xFF, 0xE0, 0x00, 0x1F,
    0xFF, 0xFF, 0xF0, 0x01, 0xFF, 0xFF, 0xFF, 0xF0, 0x0F, 0xFD, 0x01, 0xFF, 0xD0, 0xBF, 0xE2, 0xD1,
    0xFF, 0xC3, 0xFF, 0x4F, 0xC7, 0xFF, 0x1F, 0xFD, 0x1D, 0x2F, 0xFD, 0x7F, 0xFD, 0x02, 0xFF, 0xF6,
    0xFF, 0xF0, 0x42, 0xFF, 0xD7, 0xFF, 0x0F, 0x83, 0xFF, 0x5F, 0xFC, 0x7F, 0x0F, 0xFC, 0x3F, 0xF0,
    0xF8, 0x7F, 0xF0, 0xFF, 0xE0, 0x07, 0xFF, 0x41, 0xFF, 0xFE, 0xFF, 0xFC, 0x02, 0xFF, 0xFF, 0xFF,
    0xC0, 0x02, 0xFF, 0xFF, 0xFC, 0x00, 0x00, 0xBF, 0xFF, 0x40, 0x00, 0x00, 0x15, 0x40, 0x00, 0x00,
    0x00, 0x01, 0xAA, 0x40, 0x00, 0x00, 0xBF, 0xFF, 0xE0, 0x00, 0x1F, 0xFF, 0xFF, 0xF0, 0x01, 0xFF,
    0xFF, 0xFF, 0xF0, 0x0F, 0xFE, 0x00, 0xFF, 0xD0, 0xBF, 0xE0, 0x90, 0xFF, 0xC3, 0xFF, 0x4F, 0xD2,
    0xFF, 0x1F, 0xFD, 0x3F, 0x87, 0xFD, 0x7F, 0xF8, 0x7E, 0x1F, 0xF6, 0xFF, 0xF4, 0x00, 0xBF, 0xD7,
    0xFF, 0xF9, 0x43, 0xFF, 0x5F, 0xFF, 0xFD, 0x1F, 0xFC, 0x3F, 0xFF, 0x80, 0xFF, 0xF0, 0xFF, 0xE0,
    0x1F, 0xFF, 0x41, 0xFF, 0xFF, 0xFF, 0xFC, 0x02, 0xFF, 0xFF, 0xFF, 0xC0, 0x02, 0xFF, 0xFF, 0xFC,
    0x00, 0x00, 0xBF, 0xFF, 0x40, 0x00, 0x00, 0x15, 0x40, 0x00, 0x00, 0x00, 0x01, 0xAA, 0x40, 0x00,
    0x00, 0xBF, 0xFF, 0xE0, 0x00, 0x1F, 0xFF, 0xFF, 0xF0, 0x01, 0xFF, 0xFF, 0xFF, 0xF0, 0x0F, 0xFF,
    0xFF, 0xFF, 0xD0, 0xBE, 0x0F, 0xE0, 0x1F, 0xC3, 0xE4, 0x3F, 0x1D, 0x2F, 0x1F, 0xF4, 0xF4, 0xFC,
    0x7D, 0x7F, 0xD3, 0xC3, 0xF1, 0xF6, 0xFF, 0x4F, 0x0F, 0xC7, 0xD7, 0xFD, 0x3C, 0x3F, 0x1F, 0x5F,
    0xF4, 0xF4, 0xB4, 0xFC, 0x3F, 0x00, 0xB0, 0x07, 0xF0, 0xFF, 0xFF, 0xFA, 0xFF, 0x41, 0xFF, 0xFF,
    0xFF, 0xFC, 0x02, 0xFF, 0xFF, 0xFF, 0xC0, 0x02, 0xFF, 0xFF, 0xFC, 0x00, 0x00, 0xBF, 0xFF, 0x40,
    0x00, 0x00, 0x15, 0x40, 0x00, 0x00, 0x00, 0x00, 0x10, 0x00, 0x00, 0x00, 0x0F, 0x00, 0x00, 0x00,
    0x01, 0xF0, 0x00, 0x00, 0x00, 0x0F, 0x00, 0x00, 0x00, 0x00, 0xF0, 0x00, 0x00, 0x00, 0x0F, 0x02,
    0xAA, 0xAA, 0xA6, 0xF1, 0xFF, 0xFF, 0xFF, 0xFD, 0x15, 0x55, 0x50, 0x2E, 0x00, 0x00, 0x00, 0x1E,
    0x00, 0x00, 0x00, 0x1E, 0x00, 0x00, 0x00, 0x2E, 0x00, 0x00, 0x00, 0x2E, 0x00, 0x00, 0x00, 0x0E,
    0x00, 0x00, 0x00, 0x00, 0x00, 0x00, 0x00, 0x00, 0x00, 0x02, 0xE0, 0x00, 0x00, 0x02, 0xFD, 0x00,
    0x00, 0x01, 0xFF, 0x90, 0x00, 0x00, 0xFF, 0xF9, 0x00, 0x00, 0xBF, 0xFF, 0x80, 0x00, 0xFF, 0xFF,
    0xC0, 0x0F, 0xFF, 0xE4, 0x01, 0xFF, 0xE4, 0x00, 0x2F, 0xF4, 0x00, 0x03, 0xF8, 0x00, 0x00, 0x29,
    0x00, 0x00, 0x00, 0x00, 0x01, 0xAA, 0x40, 0x00, 0x00, 0xBF, 0xFF, 0xE0, 0x00, 0x1F, 0xFF, 0xFF,
    0xF0, 0x01, 0xFF, 0xFF, 0xFF, 0xF0, 0x0F, 0xFF, 0xFF, 0xBF, 0xD0, 0xBF, 0xFF, 0xFC, 0x7F, 0xC3,
    0xFF, 0xFF, 0xF0, 0x7F, 0x1E, 0x15, 0x55, 0x40, 0xBD, 0x78, 0x00, 0x00, 0x00, 0xB6, 0xE0, 0x00,
    0x00, 0x00, 0xD7, 0x80, 0x00, 0x00, 0x0F, 0x5F, 0xAA, 0xAA, 0x80, 0xFC, 0x3F, 0xFF, 0xFF, 0x0B,
    0xF0, 0xFF, 0xFF, 0xFC, 0xBF, 0x41, 0xFF, 0xFF, 0xFF, 0xFC, 0x02, 0xFF, 0xFF, 0xFF, 0xC0, 0x02,
    0xFF, 0xFF, 0xFC, 0x00, 0x00, 0xBF, 0xFF, 0x40, 0x00, 0x00, 0x15, 0x40, 0x00, 0x00, 0x00, 0x00,
    0x00, 0x40, 0x00, 0x00, 0x00, 0x00, 0x00, 0x78, 0x00, 0x00, 0x00, 0x00, 0x00, 0x7F, 0x80, 0x00,
    0x00, 0x00, 0x00, 0x7F, 0xF8, 0x00, 0x00, 0x00, 0x00, 0x74, 0x1F, 0x80, 0x00, 0x00, 0x00, 0x74,
    0x00, 0x78, 0x00, 0x00, 0x00, 0x7D, 0x04, 0x0B, 0x80, 0x00, 0x00, 0x7F, 0xFF, 0xE0, 0xF8, 0x00,
    0x00, 0x7F, 0xFF, 0xFD, 0x2F, 0x80, 0x00, 0x7F, 0xFF, 0xFF, 0x87, 0xF8, 0x00, 0x7F, 0xFF, 0xFF,
    0xE1, 0xFF, 0x80, 0x7F, 0xFF, 0xFF, 0x80, 0xBF, 0xF8, 0x2F, 0xFF, 0xF8, 0x00, 0x3F, 0xFE, 0x02,
    0xFF, 0xFC, 0x00, 0xBF, 0xFE, 0x00, 0x2F, 0xFF, 0x42, 0xFF, 0xFE, 0x00, 0x02, 0xFF, 0xE2, 0xFF,
    0xFE, 0x00, 0x00, 0x2F, 0xFC, 0xBF, 0xFE, 0x00, 0x00, 0x02, 0xFF, 0xFF, 0xFE, 0x00, 0x00, 0x00,
    0x2F, 0xD2, 0xFE, 0x00, 0x00, 0x00, 0x02, 0xF0, 0x3E, 0x00, 0x00, 0x00, 0x00, 0x2D, 0x2E, 0x00,
    0x00, 0x00, 0x00, 0x02, 0xFE, 0x00, 0x00, 0x00, 0x00, 0x00, 0x2E, 0x00, 0x00, 0x00, 0x00, 0x00,
    0x01, 0x00, 0x00, 0x00,
};

static const EpdGlyph bookerly_12_bolditalicGlyphs[] = {
    { 0, 0, 0, 0, 0, 0, 0 }, //  
    { 0, 0, 0, 0, 0, 0, 0 }, // 
    { 0, 0, 5, 0, 0, 0, 0 }, // 	
    { 0, 0, 5, 0, 0, 0, 0 }, // 
    { 0, 0, 0, 0, 0, 0, 0 }, // 
    { 0, 0, 5, 0, 0, 0, 0 }, //  
    { 8, 20, 8, 1, 19, 40, 0 }, // !
    { 10, 9, 10, 1, 18, 23, 40 }, // "
    { 16, 17, 16, 0, 15, 68, 63 }, // #
    { 14, 25, 16, 1, 20, 88, 131 }, // $
    { 23, 21, 25, 1, 19, 121, 219 }, // %
    { 21, 21, 22, 1, 19, 111, 340 }, // &
    { 5, 9, 6, 1, 18, 12, 451 }, // '
    { 12, 25, 10, 0, 20, 75, 463 }, // (
    { 11, 25, 10, -1, 20, 69, 538 }, // )
    { 10, 10, 10, 1, 19, 25, 607 }, // *
    { 12, 12, 16, 2, 14, 36, 632 }, // +
    { 7, 9, 8, -1, 4, 16, 668 }, // ,
    { 8, 3, 10, 1, 8, 6, 684 }, // -
    { 5, 5, 8, 1, 4, 7, 690 }, // .
    { 15, 20, 13, -1, 18, 75, 697 }, // /
    { 16, 19, 16, 0, 18, 76, 772 }, // 0
    { 12, 18, 16, 1, 18, 54, 848 }, // 1
    { 15, 18, 16, 0, 18, 68, 902 }, // 2
    { 15, 19, 16, 0, 18, 72, 970 }, // 3
    { 15, 18, 16, 0, 18, 68, 1042 }, // 4
    { 16, 19, 16, 0, 18, 76, 1110 }, // 5
    { 15, 19, 16, 1, 18, 72, 1186 }, // 6
    { 15, 19, 16, 2, 18, 72, 1258 }, // 7
    { 15, 19, 16, 0, 18, 72, 1330 }, // 8
    { 16, 19, 16, -1, 18, 76, 1402 }, // 9
    { 7, 14, 8, 1, 13, 25, 1478 }, // :
    { 9, 18, 8, -1, 13, 41, 1503 }, // ;
    { 12, 13, 16, 2, 15, 39, 1544 }, // <
    { 12, 8, 16, 2, 12, 24, 1583 }, // =
    { 12, 13, 16, 2, 15, 39, 1607 }, // >
    { 8, 20, 10, 2, 19, 40, 1646 }, // ?
    { 23, 23, 25, 1, 18, 133, 1686 }, // @
    { 20, 18, 19, -2, 18, 90, 1819 }, // A
    { 16, 19, 16, -1, 18, 76, 1909 }, // B
    { 17, 19, 16, 0, 18, 81, 1985 }, // C
    { 19, 19, 18, -1, 18, 91, 2066 }, // D
    { 17, 18, 16, -1, 18, 77, 2157 }, // E
    { 16, 18, 14, -1, 18, 72, 2234 }, // F
    { 18, 19, 18, 0, 18, 86, 2306 }, // G
    { 22, 18, 20, -1, 18, 99, 2392 }, // H
    { 12, 18, 10, -1, 18, 54, 2491 }, // I
    { 16, 23, 9, -5, 18, 92, 2545 }, // J
    { 20, 19, 18, -1, 18, 95, 2637 }, // K
    { 15, 18, 14, -1, 18, 68, 2732 }, // L
    { 25, 18, 22, -2, 18, 113, 2800 }, // M
    { 22, 19, 19, -1, 18, 105, 2913 }, // N
    { 18, 19, 18, 0, 18, 86, 3018 }, // O
    { 17, 18, 15, -1, 18, 77, 3104 }, // P
    { 22, 24, 19, 0, 18, 132, 3181 }, // Q
    { 18, 19, 17, -1, 18, 86, 3313 }, // R
    { 15, 19, 14, -1, 18, 72, 3399 }, // S
    { 17, 18, 17, 1, 18, 77, 3471 }, // T
    { 19, 19, 20, 2, 18, 91, 3548 }, // U
    { 19, 19, 18, 1, 18, 91, 3639 }, // V
    { 26, 19, 25, 1, 18, 124, 3730 }, // W
    { 21, 18, 17, -2, 18, 95, 3854 }, // X
    { 18, 18, 16, 1, 18, 81, 3949 }, // Y
    { 17, 19, 16, -1, 18, 81, 4030 }, // Z
    { 12, 24, 8, -2, 20, 72, 4111 }, // [
    { 11, 20, 13, 1, 18, 55, 4183 }, // <backslash>
    { 12, 24, 8, -2, 20, 72, 4238 }, // ]
    { 13, 12, 16, 1, 16, 39, 4310 }, // ^
    { 13, 3, 13, 0, -1, 10, 4349 }, // _
    { 6, 7, 16, 5, 21, 11, 4359 }, // `
    { 15, 15, 15, 0, 14, 57, 4370 }, // a
    { 14, 21, 14, 0, 20, 74, 4427 }, // b
    { 12, 15, 11, 0, 14, 45, 4501 }, // c
    { 15, 21, 15, 0, 20, 79, 4546 }, // d
    { 12, 15, 12, 0, 14, 45, 4625 }, // e
    { 19, 26, 11, -5, 20, 124, 4670 }, // f
    { 17, 20, 13, -2, 14, 85, 4794 }, // g
    { 15, 21, 15, 0, 20, 79, 4879 }, // h
    { 9, 21, 8, 0, 20, 48, 4958 }, // i
    { 14, 26, 8, -5, 20, 91, 5006 }, // j
    { 13, 21, 13, 0, 20, 69, 5097 }, // k
    { 8, 21, 8, 0, 20, 42, 5166 }, // l
    { 22, 15, 22, 0, 14, 83, 5208 }, // m
    { 15, 15, 16, 0, 14, 57, 5291 }, // n
    { 13, 15, 14, 0, 14, 49, 5348 }, // o
    { 16, 20, 14, -2, 14, 80, 5397 }, // p
    { 14, 20, 14, 0, 14, 70, 5477 }, // q
    { 13, 14, 12, 0, 14, 46, 5547 }, // r
    { 12, 15, 11, -1, 14, 45, 5593 }, // s
    { 11, 18, 11, 0, 17, 50, 5638 }, // t
    { 15, 15, 15, 0, 14, 57, 5688 }, // u
    { 13, 15, 13, 0, 14, 49, 5745 }, // v
    { 19, 15, 19, 0, 14, 72, 5794 }, // w
    { 16, 15, 14, -1, 14, 60, 5866 }, // x
    { 17, 20, 13, -4, 14, 85, 5926 }, // y
    { 14, 15, 12, -1, 14, 53, 6011 }, // z
    { 11, 25, 10, 1, 20, 69, 6064 }, // {
    { 9, 23, 8, -1, 20, 52, 6133 }, // |
    { 11, 25, 10, -1, 20, 69, 6185 }, // }
    { 13, 5, 16, 1, 11, 17, 6254 }, // ~
    { 0, 0, 5, 0, 0, 0, 6271 }, //  
    { 9, 20, 8, -1, 14, 45, 6271 }, // ¡
    { 14, 25, 16, 1, 20, 88, 6316 }, // ¢
    { 17, 19, 16, -1, 18, 81, 6404 }, // £
    { 16, 13, 16, 0, 15, 52, 6485 }, // ¤
    { 17, 18, 16, 1, 18, 77, 6537 }, // ¥
    { 9, 23, 8, -1, 20, 52, 6614 }, // ¦
    { 13, 21, 13, -1, 18, 69, 6666 }, // §
    { 9, 5, 16, 3, 20, 12, 6735 }, // ¨
    { 19, 19, 20, 0, 18, 91, 6747 }, // ©
    { 10, 13, 11, 1, 18, 33, 6838 }, // ª
    { 15, 11, 15, 0, 12, 42, 6871 }, // «
    { 12, 7, 16, 2, 12, 21, 6913 }, // ¬
    { 8, 3, 10, 1, 8, 6, 6934 }, // ­
    { 14, 14, 15, 0, 20, 49, 6940 }, // ®
    { 9, 3, 16, 3, 18, 7, 6989 }, // ¯
    { 10, 10, 13, 2, 18, 25, 6996 }, // °
    { 12, 16, 16, 2, 15, 48, 7021 }, // ±
    { 11, 12, 11, 0, 21, 33, 7069 }, // ²
    { 9, 13, 11, 1, 21, 30, 7102 }, // ³
    { 6, 7, 16, 5, 22, 11, 7132 }, // ´
    { 17, 20, 15, -1, 14, 85, 7143 }, // µ
    { 17, 22, 15, -1, 18, 94, 7228 }, // ¶
    { 5, 5, 8, 1, 10, 7, 7322 }, // ·
    { 6, 6, 16, 5, -1, 9, 7329 }, // ¸
    { 8, 12, 11, 1, 21, 24, 7338 }, // ¹
    { 10, 13, 11, 1, 18, 33, 7362 }, // º
    { 15, 11, 15, 0, 12, 42, 7395 }, // »
    { 26, 21, 27, 1, 19, 137, 7437 }, // ¼
    { 25, 21, 27, 1, 19, 132, 7574 }, // ½
    { 26, 21, 27, 1, 19, 137, 7706 }, // ¾
    { 9, 20, 10, 0, 14, 45, 7843 }, // ¿
    { 20, 25, 19, -2, 25, 125, 7888 }, // À
    { 20, 25, 19, -2, 25, 125, 8013 }, // Á
    { 20, 25, 19, -2, 25, 125, 8138 }, // Â
    { 20, 24, 19, -2, 24, 120, 8263 }, // Ã
    { 20, 24, 19, -2, 24, 120, 8383 }, // Ä
    { 20, 25, 19, -2, 25, 125, 8503 }, // Å
    { 26, 18, 23, -2, 18, 117, 8628 }, // Æ
    { 17, 25, 16, 0, 18, 107, 8745 }, // Ç
    { 17, 25, 16, -1, 25, 107, 8852 }, // È
    { 17, 25, 16, -1, 25, 107, 8959 }, // É
    { 17, 25, 16, -1, 25, 107, 9066 }, // Ê
    { 17, 24, 16, -1, 24, 102, 9173 }, // Ë
    { 12, 25, 10, -1, 25, 75, 9275 }, // Ì
    { 13, 25, 10, -1, 25, 82, 9350 }, // Í
    { 13, 25, 10, -1, 25, 82, 9432 }, // Î
    { 13, 24, 10, -1, 24, 78, 9514 }, // Ï
    { 19, 19, 18, -1, 18, 91, 9592 }, // Ð
    { 22, 25, 19, -1, 24, 138, 9683 }, // Ñ
    { 18, 26, 18, 0, 25, 117, 9821 }, // Ò
    { 18, 26, 18, 0, 25, 117, 9938 }, // Ó
    { 18, 26, 18, 0, 25, 117, 10055 }, // Ô
    { 18, 25, 18, 0, 24, 113, 10172 }, // Õ
    { 18, 25, 18, 0, 24, 113, 10285 }, // Ö
    { 11, 11, 16, 2, 14, 31, 10398 }, // ×
    { 21, 20, 18, -1, 19, 105, 10429 }, // Ø
    { 19, 26, 20, 2, 25, 124, 10534 }, // Ù
    { 19, 26, 20, 2, 25, 124, 10658 }, // Ú
    { 19, 26, 20, 2, 25, 124, 10782 }, // Û
    { 19, 25, 20, 2, 24, 119, 10906 }, // Ü
    { 18, 25, 16, 1, 25, 113, 11025 }, // Ý
    { 16, 18, 15, -1, 18, 72, 11138 }, // Þ
    { 21, 26, 16, -5, 20, 137, 11210 }, // ß
    { 15, 22, 15, 0, 21, 83, 11347 }, // à
    { 15, 23, 15, 0, 22, 87, 11430 }, // á
    { 15, 22, 15, 0, 21, 83, 11517 }, // â
    { 15, 21, 15, 0, 20, 79, 11600 }, // ã
    { 15, 21, 15, 0, 20, 79, 11679 }, // ä
    { 15, 22, 15, 0, 21, 83, 11758 }, // å
    { 20, 15, 20, 0, 14, 75, 11841 }, // æ
    { 12, 21, 11, 0, 14, 63, 11916 }, // ç
    { 12, 22, 12, 0, 21, 66, 11979 }, // è
    { 13, 23, 12, 0, 22, 75, 12045 }, // é
    { 12, 22, 12, 0, 21, 66, 12120 }, // ê
    { 13, 21, 12, 0, 20, 69, 12186 }, // ë
    { 8, 22, 8, 0, 21, 44, 12255 }, // ì
    { 11, 23, 8, 0, 22, 64, 12299 }, // í
    { 10, 22, 8, 0, 21, 55, 12363 }, // î
    { 11, 21, 8, 0, 20, 58, 12418 }, // ï
    { 14, 22, 14, 0, 21, 77, 12476 }, // ð
    { 15, 21, 16, 0, 20, 79, 12553 }, // ñ
    { 13, 22, 14, 0, 21, 72, 12632 }, // ò
    { 14, 23, 14, 0, 22, 81, 12704 }, // ó
    { 13, 22, 14, 0, 21, 72, 12785 }, // ô
    { 14, 21, 14, 0, 20, 74, 12857 }, // õ
    { 14, 21, 14, 0, 20, 74, 12931 }, // ö
    { 12, 13, 16, 2, 15, 39, 13005 }, // ÷
    { 17, 15, 14, -2, 14, 64, 13044 }, // ø
    { 15, 22, 15, 0, 21, 83, 13108 }, // ù
    { 15, 23, 15, 0, 22, 87, 13191 }, // ú
    { 15, 22, 15, 0, 21, 83, 13278 }, // û
    { 15, 21, 15, 0, 20, 79, 13361 }, // ü
    { 17, 28, 13, -4, 22, 119, 13440 }, // ý
    { 17, 26, 14, -3, 20, 111, 13559 }, // þ
    { 17, 26, 13, -4, 20, 111, 13670 }, // ÿ
    { 20, 23, 19, -2, 23, 115, 13781 }, // Ā
    { 15, 19, 15, 0, 18, 72, 13896 }, // ā
    { 20, 24, 19, -2, 24, 120, 13968 }, // Ă
    { 15, 21, 15, 0, 20, 79, 14088 }, // ă
    { 20, 24, 19, -2, 18, 120, 14167 }, // Ą
    { 15, 20, 15, 0, 14, 75, 14287 }, // ą
    { 17, 26, 16, 0, 25, 111, 14362 }, // Ć
    { 13, 23, 11, 0, 22, 75, 14473 }, // ć
    { 17, 26, 16, 0, 25, 111, 14548 }, // Ĉ
    { 12, 22, 11, 0, 21, 66, 14659 }, // ĉ
    { 17, 25, 16, 0, 24, 107, 14725 }, // Ċ
    { 12, 21, 11, 0, 20, 63, 14832 }, // ċ
    { 17, 26, 16, 0, 25, 111, 14895 }, // Č
    { 13, 22, 11, 0, 21, 72, 15006 }, // č
    { 19, 26, 18, -1, 25, 124, 15078 }, // Ď
    { 19, 21, 16, 0, 20, 100, 15202 }, // ď
    { 19, 19, 18, -1, 18, 91, 15302 }, // Đ
    { 17, 21, 15, 0, 20, 90, 15393 }, // đ
    { 17, 23, 16, -1, 23, 98, 15483 }, // Ē
    { 13, 19, 12, 0, 18, 62, 15581 }, // ē
    { 17, 24, 16, -1, 24, 102, 15643 }, // Ĕ
    { 13, 21, 12, 0, 20, 69, 15745 }, // ĕ
    { 17, 24, 16, -1, 24, 102, 15814 }, // Ė
    { 12, 21, 12, 0, 20, 63, 15916 }, // ė
    { 17, 24, 16, -1, 18, 102, 15979 }, // Ę
    { 12, 20, 12, 0, 14, 60, 16081 }, // ę
    { 17, 25, 16, -1, 25, 107, 16141 }, // Ě
    { 13, 22, 12, 0, 21, 72, 16248 }, // ě
    { 18, 26, 18, 0, 25, 117, 16320 }, // Ĝ
    { 17, 27, 13, -2, 21, 115, 16437 }, // ĝ
    { 18, 25, 18, 0, 24, 113, 16552 }, // Ğ
    { 17, 26, 13, -2, 20, 111, 16665 }, // ğ
    { 18, 25, 18, 0, 24, 113, 16776 }, // Ġ
    { 17, 26, 13, -2, 20, 111, 16889 }, // ġ
    { 18, 25, 18, 0, 18, 113, 17000 }, // Ģ
    { 17, 28, 13, -2, 22, 119, 17113 }, // ģ
    { 22, 25, 20, -1, 25, 138, 17232 }, // Ĥ
    { 15, 27, 15, 0, 26, 102, 17370 }, // ĥ
    { 22, 18, 20, -1, 18, 99, 17472 }, // Ħ
    { 15, 21, 15, 0, 20, 79, 17571 }, // ħ
    { 13, 24, 10, -1, 24, 78, 17650 }, // Ĩ
    { 11, 21, 8, 0, 20, 58, 17728 }, // ĩ
    { 13, 23, 10, -1, 23, 75, 17786 }, // Ī
    { 11, 19, 8, 0, 18, 53, 17861 }, // ī
    { 13, 24, 10, -1, 24, 78, 17914 }, // Ĭ
    { 11, 21, 8, 0, 20, 58, 17992 }, // ĭ
    { 12, 24, 10, -1, 18, 72, 18050 }, // Į
    { 9, 26, 8, 0, 20, 59, 18122 }, // į
    { 12, 24, 10, -1, 24, 72, 18181 }, // İ
    { 8, 15, 8, 0, 14, 30, 18253 }, // ı
    { 22, 23, 19, -1, 18, 127, 18283 }, // Ĳ
    { 17, 26, 16, 0, 20, 111, 18410 }, // ĳ
    { 17, 30, 9, -5, 25, 128, 18521 }, // Ĵ
    { 16, 27, 8, -5, 21, 108, 18649 }, // ĵ
    { 20, 25, 18, -1, 18, 125, 18757 }, // Ķ
    { 13, 27, 13, 0, 20, 88, 18882 }, // ķ
    { 14, 15, 14, 0, 14, 53, 18970 }, // ĸ
    { 15, 25, 14, -1, 25, 94, 19023 }, // Ĺ
    { 10, 27, 8, 0, 26, 68, 19117 }, // ĺ
    { 15, 25, 14, -1, 18, 94, 19185 }, // Ļ
    { 9, 27, 8, -1, 20, 61, 19279 }, // ļ
    { 16, 20, 14, -1, 20, 80, 19340 }, // Ľ
    { 12, 21, 9, 0, 20, 63, 19420 }, // ľ
    { 16, 18, 14, -1, 18, 72, 19483 }, // Ŀ
    { 12, 21, 11, 0, 20, 63, 19555 }, // ŀ
    { 15, 18, 14, -1, 18, 68, 19618 }, // Ł
    { 10, 21, 8, -1, 20, 53, 19686 }, // ł
    { 22, 26, 19, -1, 25, 143, 19739 }, // Ń
    { 15, 23, 16, 0, 22, 87, 19882 }, // ń
    { 22, 25, 19, -1, 18, 138, 19969 }, // Ņ
    { 15, 21, 16, 0, 14, 79, 20107 }, // ņ
    { 22, 26, 19, -1, 25, 143, 20186 }, // Ň
    { 15, 22, 16, 0, 21, 83, 20329 }, // ň
    { 20, 20, 21, 1, 19, 100, 20412 }, // ŉ
    { 22, 23, 19, -1, 18, 127, 20512 }, // Ŋ
    { 14, 20, 15, 0, 14, 70, 20639 }, // ŋ
    { 18, 24, 18, 0, 23, 108, 20709 }, // Ō
    { 14, 19, 14, 0, 18, 67, 20817 }, // ō
    { 18, 25, 18, 0, 24, 113, 20884 }, // Ŏ
    { 14, 21, 14, 0, 20, 74, 20997 }, // ŏ
    { 19, 26, 18, 0, 25, 124, 21071 }, // Ő
    { 15, 22, 14, 0, 21, 83, 21195 }, // ő
    { 25, 19, 25, 0, 18, 119, 21278 }, // Œ
    { 20, 15, 20, 0, 14, 75, 21397 }, // œ
    { 18, 26, 17, -1, 25, 117, 21472 }, // Ŕ
    { 13, 22, 12, 0, 22, 72, 21589 }, // ŕ
    { 18, 25, 17, -1, 18, 113, 21661 }, // Ŗ
    { 14, 21, 12, -1, 14, 74, 21774 }, // ŗ
    { 18, 26, 17, -1, 25, 117, 21848 }, // Ř
    { 13, 21, 12, 0, 21, 69, 21965 }, // ř
    { 15, 26, 14, -1, 25, 98, 22034 }, // Ś
    { 13, 23, 11, -1, 22, 75, 22132 }, // ś
    { 15, 26, 14, -1, 25, 98, 22207 }, // Ŝ
    { 13, 22, 11, -1, 21, 72, 22305 }, // ŝ
    { 15, 25, 14, -1, 18, 94, 22377 }, // Ş
    { 12, 21, 11, -1, 14, 63, 22471 }, // ş
    { 16, 26, 14, -1, 25, 104, 22534 }, // Š
    { 14, 22, 11, -1, 21, 77, 22638 }, // š
    { 17, 25, 17, 1, 18, 107, 22715 }, // Ţ
    { 11, 24, 11, 0, 17, 66, 22822 }, // ţ
    { 17, 25, 17, 1, 25, 107, 22888 }, // Ť
    { 13, 21, 11, 0, 20, 69, 22995 }, // ť
    { 17, 18, 17, 1, 18, 77, 23064 }, // Ŧ
    { 11, 18, 11, 0, 17, 50, 23141 }, // ŧ
    { 19, 25, 20, 2, 24, 119, 23191 }, // Ũ
    { 15, 21, 15, 0, 20, 79, 23310 }, // ũ
    { 19, 24, 20, 2, 23, 114, 23389 }, // Ū
    { 15, 19, 15, 0, 18, 72, 23503 }, // ū
    { 19, 25, 20, 2, 24, 119, 23575 }, // Ŭ
    { 15, 21, 15, 0, 20, 79, 23694 }, // ŭ
    { 19, 26, 20, 2, 25, 124, 23773 }, // Ů
    { 15, 22, 15, 0, 21, 83, 23897 }, // ů
    { 19, 26, 20, 2, 25, 124, 23980 }, // Ű
    { 15, 22, 15, 0, 21, 83, 24104 }, // ű
    { 19, 24, 20, 2, 18, 114, 24187 }, // Ų
    { 15, 20, 15, 0, 14, 75, 24301 }, // ų
    { 26, 26, 25, 1, 25, 169, 24376 }, // Ŵ
    { 19, 22, 19, 0, 21, 105, 24545 }, // ŵ
    { 18, 25, 16, 1, 25, 113, 24650 }, // Ŷ
    { 17, 27, 13, -4, 21, 115, 24763 }, // ŷ
    { 18, 24, 16, 1, 24, 108, 24878 }, // Ÿ
    { 17, 26, 16, -1, 25, 111, 24986 }, // Ź
    { 14, 23, 12, -1, 22, 81, 25097 }, // ź
    { 17, 25, 16, -1, 24, 107, 25178 }, // Ż
    { 14, 21, 12, -1, 20, 74, 25285 }, // ż
    { 17, 26, 16, -1, 25, 111, 25359 }, // Ž
    { 14, 22, 12, -1, 21, 77, 25470 }, // ž
    { 19, 26, 11, -5, 20, 124, 25547 }, // ſ
    { 6, 7, 0, -4, 21, 11, 25671 }, // ̀
    { 6, 7, 0, -2, 22, 11, 25682 }, // ́
    { 9, 7, 0, -5, 21, 16, 25693 }, // ̂
    { 10, 5, 0, -5, 20, 13, 25709 }, // ̃
    { 9, 3, 0, -5, 18, 7, 25722 }, // ̄
    { 8, 5, 0, -4, 20, 10, 25729 }, // ̆
    { 4, 5, 0, -2, 20, 5, 25739 }, // ̇
    { 10, 5, 0, -5, 20, 13, 25744 }, // ̈
    { 7, 8, 0, -3, 22, 14, 25757 }, // ̉
    { 8, 7, 0, -4, 21, 14, 25771 }, // ̊
    { 11, 7, 0, -5, 21, 20, 25785 }, // ̋
    { 9, 6, 0, -4, 21, 14, 25805 }, // ̌
    { 8, 7, 0, -5, 21, 14, 25819 }, // ̏
    { 9, 5, 0, -5, 20, 12, 25833 }, // ̑
    { 6, 8, 0, -3, 22, 12, 25845 }, // ̒
    { 6, 7, 0, -3, 22, 11, 25857 }, // ̓
    { 5, 7, 0, -3, 22, 9, 25868 }, // ̔
    { 4, 7, 0, -2, 22, 7, 25877 }, // ̕
    { 6, 6, 0, -3, 16, 9, 25884 }, // ̛
    { 4, 5, 0, -2, -1, 5, 25893 }, // ̣
    { 10, 4, 0, -5, -2, 10, 25898 }, // ̤
    { 6, 6, 0, -3, -1, 9, 25908 }, // ̥
    { 5, 6, 0, -3, -1, 8, 25917 }, // ̦
    { 6, 6, 0, -3, -1, 9, 25925 }, // ̧
    { 6, 7, 0, -3, 1, 11, 25934 }, // ̨
    { 5, 7, 7, -1, -1, 9, 25945 }, // ̩
    { 9, 6, 0, -5, -1, 14, 25954 }, // ̭
    { 8, 6, 0, -4, -1, 12, 25968 }, // ̮
    { 10, 5, 0, -5, -2, 13, 25980 }, // ̰
    { 9, 3, 0, -5, -2, 7, 25993 }, // ̱
    { 8, 5, 0, -4, 20, 10, 26000 }, // ͂
    { 10, 11, 0, -5, 26, 28, 26010 }, // ̈́
    { 5, 6, 0, -2, -1, 8, 26038 }, // ͅ
    { 17, 25, 16, -1, 25, 107, 26046 }, // Ѐ
    { 17, 24, 16, -1, 24, 102, 26153 }, // Ё
    { 17, 24, 19, 1, 18, 102, 26255 }, // Ђ
    { 17, 25, 14, -1, 25, 107, 26357 }, // Ѓ
    { 17, 19, 16, 0, 18, 81, 26464 }, // Є
    { 15, 19, 14, -1, 18, 72, 26545 }, // Ѕ
    { 12, 18, 10, -1, 18, 54, 26617 }, // І
    { 13, 24, 10, -1, 24, 78, 26671 }, // Ї
    { 16, 23, 9, -5, 18, 92, 26749 }, // Ј
    { 25, 19, 23, -2, 18, 119, 26841 }, // Љ
    { 24, 19, 24, -1, 18, 114, 26960 }, // Њ
    { 19, 18, 21, 1, 18, 86, 27074 }, // Ћ
    { 20, 26, 18, -1, 25, 130, 27160 }, // Ќ
    { 23, 25, 20, -1, 25, 144, 27290 }, // Ѝ
    { 18, 26, 17, 1, 25, 117, 27434 }, // Ў
    { 22, 24, 19, -1, 18, 132, 27551 }, // Џ
    { 20, 18, 19, -2, 18, 90, 27683 }, // А
    { 17, 19, 16, -1, 18, 81, 27773 }, // Б
    { 16, 19, 16, -1, 18, 76, 27854 }, // В
    { 17, 18, 14, -1, 18, 77, 27930 }, // Г
    { 22, 24, 19, -2, 18, 132, 28007 }, // Д
    { 17, 18, 16, -1, 18, 77, 28139 }, // Е
    { 28, 19, 24, -2, 18, 133, 28216 }, // Ж
    { 15, 19, 14, -1, 18, 72, 28349 }, // З
    { 23, 18, 20, -1, 18, 104, 28421 }, // И
    { 23, 25, 20, -1, 25, 144, 28525 }, // Й
    { 20, 19, 18, -1, 18, 95, 28669 }, // К
    { 22, 19, 18, -2, 18, 105, 28764 }, // Л
    { 25, 18, 22, -2, 18, 113, 28869 }, // М
    { 22, 18, 20, -1, 18, 99, 28982 }, // Н
    { 18, 19, 18, 0, 18, 86, 29081 }, // О
    { 22, 18, 19, -1, 18, 99, 29167 }, // П
    { 17, 18, 15, -1, 18, 77, 29266 }, // Р
    { 17, 19, 16, 0, 18, 81, 29343 }, // С
    { 17, 18, 17, 1, 18, 77, 29424 }, // Т
    { 18, 19, 17, 1, 18, 86, 29501 }, // У
    { 19, 19, 19, 0, 18, 91, 29587 }, // Ф
    { 21, 18, 17, -2, 18, 95, 29678 }, // Х
    { 22, 24, 19, -1, 18, 132, 29773 }, // Ц
    { 18, 18, 18, 1, 18, 81, 29905 }, // Ч
    { 28, 18, 25, -1, 18, 126, 29986 }, // Ш
    { 28, 24, 25, -1, 18, 168, 30112 }, // Щ
    { 17, 19, 18, 1, 18, 81, 30280 }, // Ъ
    { 26, 19, 24, -1, 18, 124, 30361 }, // Ы
    { 16, 19, 15, -1, 18, 76, 30485 }, // Ь
    { 17, 19, 16, -1, 18, 81, 30561 }, // Э
    { 27, 19, 26, -1, 18, 129, 30642 }, // Ю
    { 20, 19, 17, -2, 18, 95, 30771 }, // Я
    { 15, 15, 15, 0, 14, 57, 30866 }, // а
    { 15, 22, 14, 0, 21, 83, 30923 }, // б
    { 13, 15, 13, 0, 14, 49, 31006 }, // в
    { 11, 15, 11, 0, 14, 42, 31055 }, // г
    { 14, 21, 14, 0, 20, 74, 31097 }, // д
    { 12, 15, 12, 0, 14, 45, 31171 }, // е
    { 23, 15, 22, 0, 14, 87, 31216 }, // ж
    { 12, 15, 12, -1, 14, 45, 31303 }, // з
    { 15, 15, 15, 0, 14, 57, 31348 }, // и
    { 15, 21, 15, 0, 20, 79, 31405 }, // й
    { 14, 15, 14, 0, 14, 53, 31484 }, // к
    { 16, 15, 16, -1, 14, 60, 31537 }, // л
    { 21, 15, 20, -1, 14, 79, 31597 }, // м
    { 15, 15, 16, 0, 14, 57, 31676 }, // н
    { 13, 15, 14, 0, 14, 49, 31733 }, // о
    { 15, 15, 16, 0, 14, 57, 31782 }, // п
    { 16, 20, 14, -2, 14, 80, 31839 }, // р
    { 12, 15, 11, 0, 14, 45, 31919 }, // с
    { 22, 15, 22, 0, 14, 83, 31964 }, // т
    { 17, 20, 13, -4, 14, 85, 32047 }, // у
    { 18, 26, 18, 0, 20, 117, 32132 }, // ф
    { 16, 15, 14, -1, 14, 60, 32249 }, // х
    { 16, 19, 16, 0, 14, 76, 32309 }, // ц
    { 15, 15, 15, 0, 14, 57, 32385 }, // ч
    { 21, 15, 21, 0, 14, 79, 32442 }, // ш
    { 21, 19, 21, 0, 14, 100, 32521 }, // щ
    { 13, 15, 14, 0, 14, 49, 32621 }, // ъ
    { 19, 15, 20, 0, 14, 72, 32670 }, // ы
    { 12, 15, 13, 0, 14, 45, 32742 }, // ь
    { 13, 15, 12, -1, 14, 49, 32787 }, // э
    { 20, 15, 20, 0, 14, 75, 32836 }, // ю
    { 15, 15, 15, 0, 14, 57, 32911 }, // я
    { 12, 22, 12, 0, 21, 66, 32968 }, // ѐ
    { 13, 21, 12, 0, 20, 69, 33034 }, // ё
    { 14, 26, 14, 0, 20, 91, 33103 }, // ђ
    { 12, 23, 11, 0, 22, 69, 33194 }, // ѓ
    { 12, 15, 12, 0, 14, 45, 33263 }, // є
    { 12, 15, 11, -1, 14, 45, 33308 }, // ѕ
    { 9, 21, 8, 0, 20, 48, 33353 }, // і
    { 11, 21, 8, 0, 20, 58, 33401 }, // ї
    { 14, 26, 8, -5, 20, 91, 33459 }, // ј
    { 20, 15, 20, -1, 14, 75, 33550 }, // љ
    { 19, 15, 19, 0, 14, 72, 33625 }, // њ
    { 15, 21, 15, 0, 20, 79, 33697 }, // ћ
    { 14, 23, 14, 0, 22, 81, 33776 }, // ќ
    { 15, 22, 15, 0, 21, 83, 33857 }, // ѝ
    { 17, 26, 13, -4, 20, 111, 33940 }, // ў
    { 15, 19, 15, 0, 14, 72, 34051 }, // џ
    { 16, 21, 18, 1, 20, 84, 34123 }, // Ѣ
    { 19, 15, 20, 0, 14, 72, 34207 }, // ѣ
    { 18, 19, 18, 0, 18, 86, 34279 }, // Ѳ
    { 13, 15, 14, 0, 14, 49, 34365 }, // ѳ
    { 20, 19, 19, 1, 18, 95, 34414 }, // Ѵ
    { 16, 15, 15, -1, 14, 60, 34509 }, // ѵ
    { 23, 31, 20, -1, 25, 179, 34569 }, // Ҋ
    { 15, 25, 15, 0, 20, 94, 34748 }, // ҋ
    { 16, 19, 15, -1, 18, 76, 34842 }, // Ҍ
    { 11, 19, 13, 1, 18, 53, 34918 }, // ҍ
    { 17, 18, 15, -1, 18, 77, 34971 }, // Ҏ
    { 16, 20, 14, -2, 14, 80, 35048 }, // ҏ
    { 17, 21, 14, -1, 21, 90, 35128 }, // Ґ
    { 13, 18, 12, 0, 17, 59, 35218 }, // ґ
    { 17, 18, 14, -1, 18, 77, 35277 }, // Ғ
    { 11, 15, 11, 0, 14, 42, 35354 }, // ғ
    { 17, 24, 17, -1, 18, 102, 35396 }, // Ҕ
    { 13, 19, 14, 0, 13, 62, 35498 }, // ҕ
    { 28, 24, 25, -2, 18, 168, 35560 }, // Җ
    { 23, 19, 22, 0, 14, 110, 35728 }, // җ
    { 15, 24, 14, -1, 18, 90, 35838 }, // Ҙ
    { 12, 19, 12, -1, 14, 57, 35928 }, // ҙ
    { 20, 24, 18, -1, 18, 120, 35985 }, // Қ
    { 14, 19, 14, 0, 14, 67, 36105 }, // қ
    { 21, 19, 18, -1, 18, 100, 36172 }, // Ҝ
    { 16, 15, 16, 0, 14, 60, 36272 }, // ҝ
    { 20, 19, 18, -1, 18, 95, 36332 }, // Ҟ
    { 14, 20, 14, 0, 19, 70, 36427 }, // ҟ
    { 21, 19, 21, 1, 18, 100, 36497 }, // Ҡ
    { 16, 15, 16, 0, 14, 60, 36597 }, // ҡ
    { 22, 24, 20, -1, 18, 132, 36657 }, // Ң
    { 16, 19, 16, 0, 14, 76, 36789 }, // ң
    { 26, 18, 23, -1, 18, 117, 36865 }, // Ҥ
    { 19, 15, 19, 0, 14, 72, 36982 }, // ҥ
    { 26, 24, 26, -1, 18, 156, 37054 }, // Ҧ
    { 20, 20, 21, 0, 14, 100, 37210 }, // ҧ
    { 21, 19, 21, 0, 18, 100, 37310 }, // Ҩ
    { 16, 15, 16, 0, 14, 60, 37410 }, // ҩ
    { 17, 24, 16, 0, 18, 102, 37470 }, // Ҫ
    { 12, 19, 11, 0, 14, 57, 37572 }, // ҫ
    { 17, 24, 17, 1, 18, 102, 37629 }, // Ҭ
    { 22, 19, 22, 0, 14, 105, 37731 }, // ҭ
    { 18, 18, 16, 1, 18, 81, 37836 }, // Ү
    { 13, 20, 13, 0, 14, 65, 37917 }, // ү
    { 18, 18, 16, 1, 18, 81, 37982 }, // Ұ
    { 13, 20, 13, 0, 14, 65, 38063 }, // ұ
    { 21, 24, 17, -2, 18, 126, 38128 }, // Ҳ
    { 16, 19, 14, -1, 14, 76, 38254 }, // ҳ
    { 23, 24, 23, 1, 18, 138, 38330 }, // Ҵ
    { 16, 23, 16, 0, 18, 92, 38468 }, // ҵ
    { 18, 24, 18, 1, 18, 108, 38560 }, // Ҷ
    { 15, 19, 15, 0, 14, 72, 38668 }, // ҷ
    { 18, 18, 18, 1, 18, 81, 38740 }, // Ҹ
    { 15, 15, 15, 0, 14, 57, 38821 }, // ҹ
    { 18, 18, 18, -1, 18, 81, 38878 }, // Һ
    { 15, 21, 15, 0, 20, 79, 38959 }, // һ
    { 20, 19, 21, 0, 18, 95, 39038 }, // Ҽ
    { 15, 15, 15, 0, 14, 57, 39133 }, // ҽ
    { 20, 24, 21, 0, 18, 120, 39190 }, // Ҿ
    { 15, 19, 15, 0, 14, 72, 39310 }, // ҿ
    { 12, 18, 10, -1, 18, 54, 39382 }, // Ӏ
    { 29, 26, 24, -3, 25, 189, 39436 }, // Ӂ
    { 23, 21, 22, 0, 20, 121, 39625 }, // ӂ
    { 20, 24, 18, -1, 18, 120, 39746 }, // Ӄ
    { 14, 20, 14, 0, 14, 70, 39866 }, // ӄ
    { 22, 24, 18, -2, 18, 132, 39936 }, // Ӆ
    { 17, 19, 16, -1, 14, 81, 40068 }, // ӆ
    { 22, 24, 20, -1, 18, 132, 40149 }, // Ӈ
    { 15, 20, 15, 0, 14, 75, 40281 }, // ӈ
    { 22, 24, 20, -1, 18, 132, 40356 }, // Ӊ
    { 16, 19, 16, 0, 14, 76, 40488 }, // ӊ
    { 18, 24, 18, 1, 18, 108, 40564 }, // Ӌ
    { 14, 19, 15, 0, 14, 67, 40672 }, // ӌ
    { 25, 24, 23, -2, 18, 150, 40739 }, // Ӎ
    { 21, 19, 20, -1, 14, 100, 40889 }, // ӎ
    { 12, 20, 10, -1, 20, 60, 40989 }, // ӏ
    { 20, 25, 19, -2, 25, 125, 41049 }, // Ӑ
    { 15, 21, 15, 0, 20, 79, 41174 }, // ӑ
    { 20, 24, 19, -2, 24, 120, 41253 }, // Ӓ
    { 15, 21, 15, 0, 20, 79, 41373 }, // ӓ
    { 26, 18, 23, -2, 18, 117, 41452 }, // Ӕ
    { 20, 15, 20, 0, 14, 75, 41569 }, // ӕ
    { 17, 25, 16, -1, 25, 107, 41644 }, // Ӗ
    { 13, 21, 12, 0, 20, 69, 41751 }, // ӗ
    { 16, 19, 17, 0, 18, 76, 41820 }, // Ә
    { 12, 15, 12, 0, 14, 45, 41896 }, // ә
    { 16, 25, 17, 0, 24, 100, 41941 }, // Ӛ
    { 12, 21, 12, 0, 20, 63, 42041 }, // ӛ
    { 28, 25, 24, -2, 24, 175, 42104 }, // Ӝ
    { 23, 21, 22, 0, 20, 121, 42279 }, // ӝ
    { 15, 25, 14, -1, 24, 94, 42400 }, // Ӟ
    { 13, 21, 12, -1, 20, 69, 42494 }, // ӟ
    { 16, 19, 14, -1, 18, 76, 42563 }, // Ӡ
    { 16, 19, 13, -2, 13, 76, 42639 }, // ӡ
    { 23, 23, 20, -1, 23, 133, 42715 }, // Ӣ
    { 15, 19, 15, 0, 18, 72, 42848 }, // ӣ
    { 23, 24, 20, -1, 24, 138, 42920 }, // Ӥ
    { 15, 21, 15, 0, 20, 79, 43058 }, // ӥ
    { 18, 25, 18, 0, 24, 113, 43137 }, // Ӧ
    { 14, 21, 14, 0, 20, 74, 43250 }, // ӧ
    { 18, 19, 18, 0, 18, 86, 43324 }, // Ө
    { 13, 15, 14, 0, 14, 49, 43410 }, // ө
    { 18, 25, 18, 0, 24, 113, 43459 }, // Ӫ
    { 14, 21, 14, 0, 20, 74, 43572 }, // ӫ
    { 17, 25, 16, -1, 24, 107, 43646 }, // Ӭ
    { 13, 21, 12, -1, 20, 69, 43753 }, // ӭ
    { 18, 24, 17, 1, 23, 108, 43822 }, // Ӯ
    { 17, 24, 13, -4, 18, 102, 43930 }, // ӯ
    { 18, 25, 17, 1, 24, 113, 44032 }, // Ӱ
    { 17, 26, 13, -4, 20, 111, 44145 }, // ӱ
    { 18, 26, 17, 1, 25, 117, 44256 }, // Ӳ
    { 17, 27, 13, -4, 21, 115, 44373 }, // ӳ
    { 18, 24, 18, 1, 24, 108, 44488 }, // Ӵ
    { 15, 21, 15, 0, 20, 79, 44596 }, // ӵ
    { 17, 24, 14, -1, 18, 102, 44675 }, // Ӷ
    { 11, 19, 11, 0, 14, 53, 44777 }, // ӷ
    { 26, 25, 24, -1, 24, 163, 44830 }, // Ӹ
    { 19, 21, 20, 0, 20, 100, 44993 }, // ӹ
    { 17, 24, 14, -1, 18, 102, 45093 }, // Ӻ
    { 11, 19, 11, 0, 14, 53, 45195 }, // ӻ
    { 21, 24, 17, -2, 18, 126, 45248 }, // Ӽ
    { 16, 20, 14, -1, 14, 80, 45374 }, // ӽ
    { 21, 18, 17, -2, 18, 95, 45454 }, // Ӿ
    { 16, 15, 14, -1, 14, 60, 45549 }, // ӿ
    { 0, 0, 13, 0, 0, 0, 45609 }, //  
    { 0, 0, 25, 0, 0, 0, 45609 }, //  
    { 0, 0, 13, 0, 0, 0, 45609 }, //  
    { 0, 0, 25, 0, 0, 0, 45609 }, //  
    { 0, 0, 8, 0, 0, 0, 45609 }, //  
    { 0, 0, 6, 0, 0, 0, 45609 }, //  
    { 0, 0, 4, 0, 0, 0, 45609 }, //  
    { 0, 0, 16, 0, 0, 0, 45609 }, //  
    { 0, 0, 8, 0, 0, 0, 45609 }, //  
    { 0, 0, 5, 0, 0, 0, 45609 }, //  
    { 0, 0, 1, 0, 0, 0, 45609 }, //  
    { 0, 0, 0, 0, 0, 0, 45609 }, // ​
    { 2, 21, 0, -1, 15, 11, 45609 }, // ‌
    { 6, 23, 0, -3, 17, 35, 45620 }, // ‍
    { 8, 24, 0, -4, 18, 48, 45655 }, // ‎
    { 8, 24, 0, -4, 18, 48, 45703 }, // ‏
    { 8, 3, 10, 1, 8, 6, 45751 }, // ‐
    { 8, 3, 10, 1, 8, 6, 45757 }, // ‑
    { 13, 3, 16, 1, 10, 10, 45763 }, // ‒
    { 13, 3, 13, 0, 8, 10, 45773 }, // –
    { 25, 3, 25, 0, 8, 19, 45783 }, // —
    { 25, 3, 25, 0, 8, 19, 45802 }, // ―
    { 9, 26, 13, 2, 20, 59, 45821 }, // ‖
    { 13, 7, 13, 0, -1, 23, 45880 }, // ‗
    { 6, 9, 8, 2, 19, 14, 45903 }, // ‘
    { 6, 9, 8, 1, 19, 14, 45917 }, // ’
    { 6, 9, 8, 0, 4, 14, 45931 }, // ‚
    { 6, 9, 8, 1, 19, 14, 45945 }, // ‛
    { 11, 9, 13, 2, 19, 25, 45959 }, // “
    { 12, 9, 13, 1, 19, 27, 45984 }, // ”
    { 11, 9, 13, 0, 4, 25, 46011 }, // „
    { 11, 9, 13, 1, 19, 25, 46036 }, // ‟
    { 11, 17, 12, 1, 18, 47, 46061 }, // †
    { 13, 20, 12, -1, 18, 65, 46108 }, // ‡
    { 7, 7, 8, 0, 10, 13, 46173 }, // •
    { 9, 9, 16, 3, 13, 21, 46186 }, // ‣
    { 5, 5, 7, 1, 4, 7, 46207 }, // ․
    { 11, 5, 13, 1, 4, 14, 46214 }, // ‥
    { 21, 5, 25, 2, 4, 27, 46228 }, // …
    { 5, 5, 7, 1, 9, 7, 46255 }, // ‧
    { 0, 0, 0, 0, 0, 0, 46262 }, //  
    { 0, 0, 0, 0, 0, 0, 46262 }, //  
    { 8, 24, 0, -4, 18, 48, 46262 }, // ‪
    { 8, 24, 0, -4, 18, 48, 46310 }, // ‫
    { 8, 24, 0, -4, 18, 48, 46358 }, // ‬
    { 11, 24, 0, -5, 18, 66, 46406 }, // ‭
    { 11, 24, 0, -5, 18, 66, 46472 }, // ‮
    { 0, 0, 3, 0, 0, 0, 46538 }, //  
    { 33, 21, 35, 1, 19, 174, 46538 }, // ‰
    { 6, 9, 6, 0, 18, 14, 46712 }, // ′
    { 11, 9, 11, 0, 18, 25, 46726 }, // ″
    { 17, 9, 17, 0, 18, 39, 46751 }, // ‴
    { 6, 9, 6, 0, 18, 14, 46790 }, // ‵
    { 12, 9, 12, 0, 18, 27, 46804 }, // ‶
    { 17, 9, 17, 0, 18, 39, 46831 }, // ‷
    { 11, 6, 12, 1, 0, 17, 46870 }, // ‸
    { 9, 11, 9, 0, 12, 25, 46887 }, // ‹
    { 8, 11, 9, 0, 12, 22, 46912 }, // ›
    { 16, 18, 16, 0, 17, 72, 46934 }, // ※
    { 15, 20, 15, 1, 19, 75, 47006 }, // ‼
    { 13, 3, 13, 0, 21, 10, 47081 }, // ‾
    { 6, 3, 8, 1, 8, 5, 47091 }, // ⁃
    { 17, 21, 7, -5, 19, 90, 47096 }, // ⁄
    { 18, 20, 20, 2, 19, 90, 47186 }, // ⁇
    { 16, 20, 17, 2, 19, 80, 47276 }, // ⁈
    { 17, 20, 17, 1, 19, 85, 47356 }, // ⁉
    { 15, 6, 25, 5, 10, 23, 47441 }, // ⁓
    { 23, 9, 23, 0, 18, 52, 47464 }, // ⁗
    { 0, 0, 6, 0, 0, 0, 47516 }, //  
    { 0, 0, 0, 0, 0, 0, 47516 }, // ⁠
    { 0, 0, 0, 0, 0, 0, 47516 }, // ⁡
    { 0, 0, 0, 0, 0, 0, 47516 }, // ⁢
    { 0, 0, 0, 0, 0, 0, 47516 }, // ⁣
    { 0, 0, 0, 0, 0, 0, 47516 }, // ⁤
    { 11, 12, 11, 0, 21, 33, 47516 }, // ⁰
    { 11, 12, 11, 0, 21, 33, 47549 }, // ⁴
    { 11, 13, 11, 0, 21, 36, 47582 }, // ⁵
    { 10, 12, 11, 1, 21, 30, 47618 }, // ⁶
    { 9, 13, 11, 2, 21, 30, 47648 }, // ⁷
    { 11, 12, 11, 0, 21, 33, 47678 }, // ⁸
    { 11, 12, 11, 0, 21, 33, 47711 }, // ⁹
    { 11, 10, 14, 2, 18, 28, 47744 }, // ⁿ
    { 11, 12, 11, 0, 8, 33, 47772 }, // ₀
    { 8, 13, 11, 1, 9, 26, 47805 }, // ₁
    { 11, 12, 11, 0, 8, 33, 47831 }, // ₂
    { 9, 12, 11, 1, 8, 27, 47864 }, // ₃
    { 11, 12, 11, 0, 8, 33, 47891 }, // ₄
    { 11, 12, 11, 0, 8, 33, 47924 }, // ₅
    { 10, 12, 11, 1, 8, 30, 47957 }, // ₆
    { 9, 12, 11, 2, 8, 27, 47987 }, // ₇
    { 11, 12, 11, 0, 8, 33, 48014 }, // ₈
    { 11, 12, 11, 0, 8, 33, 48047 }, // ₉
    { 17, 18, 16, -1, 18, 77, 48080 }, // ₣
    { 17, 19, 16, -1, 18, 81, 48157 }, // ₤
    { 33, 19, 33, 0, 18, 157, 48238 }, // ₧
    { 18, 19, 16, -1, 18, 86, 48395 }, // €
    { 22, 21, 27, 2, 19, 116, 48481 }, // ℀
    { 21, 21, 27, 2, 19, 111, 48597 }, // ℁
    { 25, 19, 27, 2, 18, 119, 48708 }, // ℃
    { 21, 21, 27, 3, 19, 111, 48827 }, // ℅
    { 21, 21, 27, 3, 19, 111, 48938 }, // ℆
    { 23, 18, 24, 2, 18, 104, 49049 }, // ℉
    { 12, 21, 16, 2, 20, 63, 49153 }, // ℓ
    { 27, 19, 26, -1, 18, 129, 49216 }, // №
    { 19, 19, 25, 3, 18, 91, 49345 }, // ℞
    { 28, 13, 31, 1, 13, 91, 49436 }, // ℡
    { 19, 9, 19, 1, 18, 43, 49527 }, // ™
    { 20, 18, 21, -1, 18, 90, 49570 }, // Ω
    { 20, 19, 18, -1, 18, 95, 49660 }, // K
    { 20, 25, 19, -2, 25, 125, 49755 }, // Å
    { 19, 16, 25, 3, 15, 76, 49880 }, // ℮
    { 33, 13, 32, -1, 13, 108, 49956 }, // ℻
    { 25, 21, 27, 1, 19, 132, 50064 }, // ⅓
    { 26, 21, 27, 0, 19, 137, 50196 }, // ⅔
    { 26, 21, 27, 1, 19, 137, 50333 }, // ⅕
    { 27, 21, 27, 0, 19, 142, 50470 }, // ⅖
    { 26, 21, 27, 1, 19, 137, 50612 }, // ⅗
    { 27, 21, 27, 0, 19, 142, 50749 }, // ⅘
    { 26, 21, 27, 1, 19, 137, 50891 }, // ⅙
    { 27, 21, 27, 0, 19, 142, 51028 }, // ⅚
    { 25, 21, 27, 1, 19, 132, 51170 }, // ⅛
    { 25, 21, 27, 1, 19, 132, 51302 }, // ⅜
    { 26, 21, 27, 0, 19, 137, 51434 }, // ⅝
    { 24, 21, 27, 2, 19, 126, 51571 }, // ⅞
    { 20, 21, 27, 1, 19, 105, 51697 }, // ⅟
    { 12, 18, 10, -1, 18, 54, 51802 }, // Ⅰ
    { 22, 18, 20, -1, 18, 99, 51856 }, // Ⅱ
    { 32, 18, 30, -1, 18, 144, 51955 }, // Ⅲ
    { 31, 19, 28, -1, 18, 148, 52099 }, // Ⅳ
    { 19, 19, 18, 1, 18, 91, 52247 }, // Ⅴ
    { 29, 19, 28, 1, 18, 138, 52338 }, // Ⅵ
    { 39, 19, 38, 1, 18, 186, 52476 }, // Ⅶ
    { 49, 19, 48, 1, 18, 233, 52662 }, // Ⅷ
    { 30, 18, 27, -1, 18, 135, 52895 }, // Ⅸ
    { 21, 18, 17, -2, 18, 95, 53030 }, // Ⅹ
    { 30, 18, 27, -2, 18, 135, 53125 }, // Ⅺ
    { 40, 18, 37, -2, 18, 180, 53260 }, // Ⅻ
    { 15, 18, 14, -1, 18, 68, 53440 }, // Ⅼ
    { 17, 19, 16, 0, 18, 81, 53508 }, // Ⅽ
    { 19, 19, 18, -1, 18, 91, 53589 }, // Ⅾ
    { 25, 18, 22, -2, 18, 113, 53680 }, // Ⅿ
    { 9, 21, 8, 0, 20, 48, 53793 }, // ⅰ
    { 17, 21, 16, 0, 20, 90, 53841 }, // ⅱ
    { 25, 21, 24, 0, 20, 132, 53931 }, // ⅲ
    { 21, 21, 21, 0, 20, 111, 54063 }, // ⅳ
    { 13, 15, 13, 0, 14, 49, 54174 }, // ⅴ
    { 22, 21, 21, 0, 20, 116, 54223 }, // ⅵ
    { 30, 21, 29, 0, 20, 158, 54339 }, // ⅶ
    { 38, 21, 37, 0, 20, 200, 54497 }, // ⅷ
    { 23, 21, 22, 0, 20, 121, 54697 }, // ⅸ
    { 16, 15, 14, -1, 14, 60, 54818 }, // ⅹ
    { 24, 21, 22, -1, 20, 126, 54878 }, // ⅺ
    { 32, 21, 30, -1, 20, 168, 55004 }, // ⅻ
    { 8, 21, 8, 0, 20, 42, 55172 }, // ⅼ
    { 12, 15, 11, 0, 14, 45, 55214 }, // ⅽ
    { 15, 21, 15, 0, 20, 79, 55259 }, // ⅾ
    { 22, 15, 22, 0, 14, 83, 55338 }, // ⅿ
    { 17, 12, 25, 4, 15, 51, 55421 }, // ←
    { 13, 17, 25, 6, 17, 56, 55472 }, // ↑
    { 17, 12, 25, 4, 15, 51, 55528 }, // →
    { 13, 17, 25, 6, 17, 56, 55579 }, // ↓
    { 17, 11, 25, 4, 14, 47, 55635 }, // ↔
    { 11, 17, 25, 7, 17, 47, 55682 }, // ↕
    { 13, 18, 25, 6, 18, 59, 55729 }, // ↨
    { 11, 18, 25, 7, 18, 50, 55788 }, // ↲
    { 11, 18, 25, 7, 18, 50, 55838 }, // ↳
    { 15, 14, 25, 5, 16, 53, 55888 }, // ↵
    { 17, 15, 25, 4, 16, 64, 55941 }, // ⇐
    { 15, 17, 25, 5, 17, 64, 56005 }, // ⇑
    { 17, 15, 25, 4, 16, 64, 56069 }, // ⇒
    { 15, 17, 25, 5, 17, 64, 56133 }, // ⇓
    { 17, 13, 25, 4, 15, 56, 56197 }, // ⇔
    { 18, 19, 25, 3, 18, 86, 56253 }, // ∀
    { 13, 21, 16, 1, 20, 69, 56339 }, // ∂
    { 13, 18, 25, 6, 18, 59, 56408 }, // ∃
    { 19, 21, 25, 3, 19, 100, 56467 }, // ∅
    { 17, 18, 17, 0, 18, 77, 56567 }, // ∆
    { 17, 19, 25, 4, 18, 81, 56644 }, // ∇
    { 17, 18, 25, 4, 18, 77, 56725 }, // ∈
    { 17, 23, 25, 4, 20, 98, 56802 }, // ∉
    { 17, 15, 25, 4, 16, 64, 56900 }, // ∊
    { 17, 18, 25, 4, 18, 77, 56964 }, // ∋
    { 17, 23, 25, 4, 20, 98, 57041 }, // ∌
    { 17, 15, 25, 4, 16, 64, 57139 }, // ∍
    { 21, 22, 21, 0, 18, 116, 57203 }, // ∏
    { 16, 23, 17, 0, 18, 92, 57319 }, // ∑
    { 12, 3, 16, 2, 10, 9, 57411 }, // −
    { 15, 20, 13, -1, 18, 75, 57420 }, // ∕
    { 13, 20, 13, 0, 18, 65, 57495 }, // ∖
    { 12, 13, 16, 2, 15, 39, 57560 }, // ∗
    { 10, 10, 16, 3, 13, 25, 57599 }, // ∘
    { 6, 5, 16, 5, 9, 8, 57624 }, // ∙
    { 17, 24, 16, -1, 21, 102, 57632 }, // √
    { 13, 10, 16, 1, 13, 33, 57734 }, // ∝
    { 16, 10, 16, 0, 13, 40, 57767 }, // ∞
    { 17, 18, 25, 4, 18, 77, 57807 }, // ∟
    { 19, 18, 25, 3, 18, 86, 57884 }, // ∠
    { 4, 26, 13, 4, 20, 26, 57970 }, // ∣
    { 9, 26, 13, 2, 20, 59, 57996 }, // ∥
    { 18, 18, 25, 4, 18, 81, 58055 }, // ∧
    { 18, 18, 25, 4, 18, 81, 58136 }, // ∨
    { 15, 18, 25, 5, 18, 68, 58217 }, // ∩
    { 15, 19, 25, 5, 18, 72, 58285 }, // ∪
    { 15, 26, 16, 0, 20, 98, 58357 }, // ∫
    { 17, 15, 25, 4, 14, 64, 58455 }, // ∴
    { 17, 15, 25, 4, 14, 64, 58519 }, // ∵
    { 6, 15, 8, 1, 16, 23, 58583 }, // ∶
    { 17, 15, 25, 4, 14, 64, 58606 }, // ∷
    { 15, 6, 25, 5, 10, 23, 58670 }, // ∼
    { 15, 15, 25, 5, 16, 57, 58693 }, // ≅
    { 13, 11, 16, 1, 14, 36, 58750 }, // ≈
    { 15, 10, 25, 5, 12, 38, 58786 }, // ≍
    { 12, 13, 16, 2, 15, 39, 58824 }, // ≠
    { 15, 13, 25, 5, 14, 49, 58863 }, // ≡
    { 12, 15, 16, 2, 15, 45, 58912 }, // ≤
    { 12, 16, 16, 2, 16, 48, 58957 }, // ≥
    { 21, 13, 25, 2, 15, 69, 59005 }, // ≪
    { 21, 13, 25, 2, 15, 69, 59074 }, // ≫
    { 17, 15, 25, 4, 16, 64, 59143 }, // ⊃
    { 17, 23, 25, 4, 20, 98, 59207 }, // ⊄
    { 17, 23, 25, 4, 20, 98, 59305 }, // ⊅
    { 17, 18, 25, 4, 18, 77, 59403 }, // ⊆
    { 17, 18, 25, 4, 18, 77, 59480 }, // ⊇
    { 19, 19, 25, 3, 18, 91, 59557 }, // ⊕
    { 19, 19, 25, 3, 18, 91, 59648 }, // ⊖
    { 19, 19, 25, 3, 18, 91, 59739 }, // ⊗
    { 19, 19, 25, 3, 18, 91, 59830 }, // ⊘
    { 15, 18, 25, 5, 18, 68, 59921 }, // ⊥
    { 6, 5, 16, 5, 9, 8, 59989 }, // ⋅
    { 23, 5, 25, 1, 9, 29, 59997 }, // ⋯
    { 12, 13, 16, 2, 15, 39, 60026 }, // ■
    { 12, 13, 16, 2, 15, 39, 60065 }, // □
    { 7, 7, 16, 4, 12, 13, 60104 }, // ▪
    { 9, 9, 16, 3, 13, 21, 60117 }, // ▫
    { 10, 4, 16, 3, 11, 10, 60138 }, // ▬
    { 10, 6, 16, 3, 12, 15, 60148 }, // ▭
    { 7, 13, 16, 4, 15, 23, 60163 }, // ▮
    { 7, 13, 16, 4, 15, 23, 60186 }, // ▯
    { 13, 13, 16, 1, 15, 43, 60209 }, // ▲
    { 13, 13, 16, 1, 15, 43, 60252 }, // △
    { 9, 9, 16, 3, 13, 21, 60295 }, // ▴
    { 9, 9, 16, 3, 13, 21, 60316 }, // ▵
    { 12, 13, 16, 2, 15, 39, 60337 }, // ▶
    { 12, 13, 16, 2, 15, 39, 60376 }, // ▷
    { 9, 9, 16, 3, 13, 21, 60415 }, // ▸
    { 9, 9, 16, 3, 13, 21, 60436 }, // ▹
    { 12, 9, 16, 2, 13, 27, 60457 }, // ►
    { 12, 9, 16, 2, 13, 27, 60484 }, // ▻
    { 13, 13, 16, 1, 15, 43, 60511 }, // ▼
    { 13, 13, 16, 1, 15, 43, 60554 }, // ▽
    { 9, 9, 16, 3, 13, 21, 60597 }, // ▾
    { 9, 9, 16, 3, 13, 21, 60618 }, // ▿
    { 12, 13, 16, 2, 15, 39, 60639 }, // ◀
    { 12, 13, 16, 2, 15, 39, 60678 }, // ◁
    { 9, 9, 16, 3, 13, 21, 60717 }, // ◂
    { 9, 9, 16, 3, 13, 21, 60738 }, // ◃
    { 12, 9, 16, 2, 13, 27, 60759 }, // ◄
    { 12, 9, 16, 2, 13, 27, 60786 }, // ◅
    { 14, 22, 16, 1, 18, 77, 60813 }, // ◊
    { 14, 13, 16, 1, 15, 46, 60890 }, // ○
    { 15, 16, 17, 1, 15, 60, 60936 }, // ◌
    { 14, 13, 16, 1, 15, 46, 60996 }, // ●
    { 12, 13, 16, 2, 15, 39, 61042 }, // ◘
    { 12, 18, 16, 2, 18, 54, 61081 }, // ◙
    { 7, 7, 8, 0, 10, 13, 61135 }, // ◦
    { 15, 15, 25, 5, 16, 57, 61148 }, // ◯
    { 17, 17, 25, 4, 17, 73, 61205 }, // ★
    { 19, 18, 25, 3, 18, 86, 61278 }, // ☆
    { 19, 19, 25, 3, 18, 91, 61364 }, // ☺
    { 19, 19, 25, 3, 18, 91, 61455 }, // ☻
    { 19, 19, 25, 3, 18, 91, 61546 }, // ☼
    { 11, 19, 16, 2, 18, 53, 61637 }, // ♀
    { 14, 14, 16, 1, 16, 49, 61690 }, // ♂
    { 17, 18, 25, 4, 15, 77, 61739 }, // ♠
    { 19, 18, 25, 3, 15, 86, 61816 }, // ♡
    { 17, 23, 25, 4, 18, 98, 61902 }, // ♢
    { 17, 18, 25, 4, 15, 77, 62000 }, // ♣
    { 17, 21, 25, 4, 17, 90, 62077 }, // ♤
    { 17, 16, 25, 4, 14, 68, 62167 }, // ♥
    { 15, 19, 25, 5, 16, 72, 62235 }, // ♦
    { 19, 20, 25, 3, 16, 95, 62307 }, // ♧
    { 7, 19, 13, 3, 18, 34, 62402 }, // ♩
    { 12, 19, 13, 0, 18, 57, 62436 }, // ♪
    { 17, 19, 25, 4, 18, 81, 62493 }, // ♫
    { 17, 19, 25, 4, 18, 81, 62574 }, // ♬
    { 8, 17, 13, 2, 17, 34, 62655 }, // ♭
    { 7, 15, 13, 3, 16, 27, 62689 }, // ♮
    { 11, 18, 13, 1, 18, 50, 62716 }, // ♯
    { 12, 15, 13, 0, 16, 45, 62766 }, // ✓
    { 15, 16, 25, 5, 17, 60, 62811 }, // ✠
    { 19, 19, 25, 3, 18, 91, 62871 }, // ✪
    { 17, 19, 25, 4, 18, 81, 62962 }, // ✽
    { 13, 14, 25, 6, 16, 46, 63043 }, // ❏
    { 4, 23, 8, 2, 20, 23, 63089 }, // ❙
    { 19, 19, 25, 3, 18, 91, 63112 }, // ➊
    { 19, 19, 25, 3, 18, 91, 63203 }, // ➋
    { 19, 19, 25, 3, 18, 91, 63294 }, // ➌
    { 19, 19, 25, 3, 18, 91, 63385 }, // ➍
    { 19, 19, 25, 3, 18, 91, 63476 }, // ➎
    { 19, 19, 25, 3, 18, 91, 63567 }, // ➏
    { 19, 19, 25, 3, 18, 91, 63658 }, // ➐
    { 19, 19, 25, 3, 18, 91, 63749 }, // ➑
    { 19, 19, 25, 3, 18, 91, 63840 }, // ➒
    { 19, 19, 25, 3, 18, 91, 63931 }, // ➓
    { 17, 15, 25, 4, 16, 64, 64022 }, // ➔
    { 15, 12, 25, 5, 15, 45, 64086 }, // ➤
    { 19, 19, 25, 3, 18, 91, 64131 }, // ➲
    { 25, 24, 25, 0, 21, 150, 64222 }, // �
};

static const EpdUnicodeInterval bookerly_12_bolditalicIntervals[] = {
    { 0x0, 0x0, 0x0 },
    { 0x8, 0x9, 0x1 },
    { 0xD, 0xD, 0x3 },
    { 0x1D, 0x1D, 0x4 },
    { 0x20, 0x7E, 0x5 },
    { 0xA0, 0xFF, 0x64 },
    { 0x100, 0x17F, 0xC4 },
    { 0x300, 0x304, 0x144 },
    { 0x306, 0x30C, 0x149 },
    { 0x30F, 0x30F, 0x150 },
    { 0x311, 0x315, 0x151 },
    { 0x31B, 0x31B, 0x156 },
    { 0x323, 0x329, 0x157 },
    { 0x32D, 0x32E, 0x15E },
    { 0x330, 0x331, 0x160 },
    { 0x342, 0x342, 0x162 },
    { 0x344, 0x345, 0x163 },
    { 0x400, 0x45F, 0x165 },
    { 0x462, 0x463, 0x1C5 },
    { 0x472, 0x475, 0x1C7 },
    { 0x48A, 0x4FF, 0x1CB },
    { 0x2000, 0x2030, 0x241 },
    { 0x2032, 0x203C, 0x272 },
    { 0x203E, 0x203E, 0x27D },
    { 0x2043, 0x2044, 0x27E },
    { 0x2047, 0x2049, 0x280 },
    { 0x2053, 0x2053, 0x283 },
    { 0x2057, 0x2057, 0x284 },
    { 0x205F, 0x2064, 0x285 },
    { 0x2070, 0x2070, 0x28B },
    { 0x2074, 0x2079, 0x28C },
    { 0x207F, 0x2089, 0x292 },
    { 0x20A3, 0x20A4, 0x29D },
    { 0x20A7, 0x20A7, 0x29F },
    { 0x20AC, 0x20AC, 0x2A0 },
    { 0x2100, 0x2101, 0x2A1 },
    { 0x2103, 0x2103, 0x2A3 },
    { 0x2105, 0x2106, 0x2A4 },
    { 0x2109, 0x2109, 0x2A6 },
    { 0x2113, 0x2113, 0x2A7 },
    { 0x2116, 0x2116, 0x2A8 },
    { 0x211E, 0x211E, 0x2A9 },
    { 0x2121, 0x2122, 0x2AA },
    { 0x2126, 0x2126, 0x2AC },
    { 0x212A, 0x212B, 0x2AD },
    { 0x212E, 0x212E, 0x2AF },
    { 0x213B, 0x213B, 0x2B0 },
    { 0x2153, 0x217F, 0x2B1 },
    { 0x2190, 0x2195, 0x2DE },
    { 0x21A8, 0x21A8, 0x2E4 },
    { 0x21B2, 0x21B3, 0x2E5 },
    { 0x21B5, 0x21B5, 0x2E7 },
    { 0x21D0, 0x21D4, 0x2E8 },
    { 0x2200, 0x2200, 0x2ED },
    { 0x2202, 0x2203, 0x2EE },
    { 0x2205, 0x220D, 0x2F0 },
    { 0x220F, 0x220F, 0x2F9 },
    { 0x2211, 0x2212, 0x2FA },
    { 0x2215, 0x221A, 0x2FC },
    { 0x221D, 0x2220, 0x302 },
    { 0x2223, 0x2223, 0x306 },
    { 0x2225, 0x2225, 0x307 },
    { 0x2227, 0x222B, 0x308 },
    { 0x2234, 0x2237, 0x30D },
    { 0x223C, 0x223C, 0x311 },
    { 0x2245, 0x2245, 0x312 },
    { 0x2248, 0x2248, 0x313 },
    { 0x224D, 0x224D, 0x314 },
    { 0x2260, 0x2261, 0x315 },
    { 0x2264, 0x2265, 0x317 },
    { 0x226A, 0x226B, 0x319 },
    { 0x2283, 0x2287, 0x31B },
    { 0x2295, 0x2298, 0x320 },
    { 0x22A5, 0x22A5, 0x324 },
    { 0x22C5, 0x22C5, 0x325 },
    { 0x22EF, 0x22EF, 0x326 },
    { 0x25A0, 0x25A1, 0x327 },
    { 0x25AA, 0x25AF, 0x329 },
    { 0x25B2, 0x25C5, 0x32F },
    { 0x25CA, 0x25CC, 0x343 },
    { 0x25CF, 0x25CF, 0x346 },
    { 0x25D8, 0x25D9, 0x347 },
    { 0x25E6, 0x25E6, 0x349 },
    { 0x25EF, 0x25EF, 0x34A },
    { 0x2605, 0x2606, 0x34B },
    { 0x263A, 0x263C, 0x34D },
    { 0x2640, 0x2640, 0x350 },
    { 0x2642, 0x2642, 0x351 },
    { 0x2660, 0x2667, 0x352 },
    { 0x2669, 0x266F, 0x35A },
    { 0x2713, 0x2713, 0x361 },
    { 0x2720, 0x2720, 0x362 },
    { 0x272A, 0x272A, 0x363 },
    { 0x273D, 0x273D, 0x364 },
    { 0x274F, 0x274F, 0x365 },
    { 0x2759, 0x2759, 0x366 },
    { 0x278A, 0x2794, 0x367 },
    { 0x27A4, 0x27A4, 0x372 },
    { 0x27B2, 0x27B2, 0x373 },
    { 0xFFFD, 0xFFFD, 0x374 },
};

static const EpdFontData bookerly_12_bolditalic = {
    bookerly_12_bolditalicBitmaps,
    bookerly_12_bolditalicGlyphs,
    bookerly_12_bolditalicIntervals,
    100,
    33,
    27,
    -7,
    true,
};
