/**
 * generated by fontconvert.py
 * name: bookerly_16_bolditalic
 * size: 16
 * mode: 2-bit
 * Command used: fontconvert.py bookerly_16_bolditalic 16 ../builtinFonts/source/Bookerly/Bookerly-BoldItalic.ttf --2bit
 */
#pragma once
#include "EpdFontData.h"

static const uint8_t bookerly_16_bolditalicBitmaps[108675] = {
    0x00, 0x06, 0xA0, 0x00, 0xBF, 0xC0, 0x07, 0xFD, 0x00, 0x3F, 0xF0, 0x00, 0xFF, 0x80, 0x07, 0xFD,
    0x00, 0x1F, 0xF0, 0x00, 0xBF, 0x80, 0x03, 0xFD, 0x00, 0x0F, 0xF0, 0x00, 0x3F, 0xC0, 0x00, 0xFE,
    0x00, 0x07, 0xF4, 0x00, 0x1F, 0xC0, 0x00, 0xBF, 0x00, 0x02, 0xF8, 0x00, 0x0B, 0xD0, 0x00, 0x3F,
    0x00, 0x00, 0x90, 0x00, 0x00, 0x00, 0x00, 0x05, 0x40, 0x00, 0xBF, 0x40, 0x03, 0xFE, 0x00, 0x1F,
    0xF4, 0x00, 0x3F, 0x80, 0x00, 0x54, 0x00, 0x00, 0x01, 0xA4, 0x1A, 0x41, 0xFD, 0x2F, 0xC0, 0xFF,
    0x0F, 0xF0, 0x7F, 0xC7, 0xF8, 0x1F, 0xD2, 0xFD, 0x0B, 0xF0, 0xFF, 0x03, 0xFC, 0x3F, 0xC0, 0xFE,
    0x0F, 0xE0, 0x3F, 0x43, 0xF4, 0x0F, 0xC0, 0xFC, 0x03, 0x90, 0x79, 0x00, 0x00, 0x00, 0x00, 0x00,
    0x02, 0xF8, 0x07, 0xE0, 0x00, 0x00, 0xFE, 0x02, 0xFC, 0x00, 0x00, 0x3F, 0x40, 0xFE, 0x00, 0x00,
    0x1F, 0xC0, 0x3F, 0x40, 0x00, 0x0B, 0xF0, 0x1F, 0xC0, 0x01, 0xAB, 0xFE, 0xAF, 0xFA, 0x90, 0xFF,
    0xFF, 0xFF, 0xFF, 0xF0, 0x3F, 0xFF, 0xFF, 0xFF, 0xFC, 0x00, 0x2F, 0xC0, 0x7F, 0x00, 0x00, 0x0F,
    0xE0, 0x2F, 0xC0, 0x00, 0x03, 0xF4, 0x0F, 0xE0, 0x00, 0x01, 0xFC, 0x03, 0xF4, 0x00, 0x15, 0xFF,
    0x56, 0xFE, 0x54, 0x1F, 0xFF, 0xFF, 0xFF, 0xFE, 0x0B, 0xFF, 0xFF, 0xFF, 0xFF, 0x41, 0x5B, 0xF5,
    0x5F, 0xE5, 0x40, 0x02, 0xFC, 0x07, 0xF0, 0x00, 0x00, 0xFE, 0x02, 0xFC, 0x00, 0x00, 0x3F, 0x40,
    0xFE, 0x00, 0x00, 0x1F, 0xC0, 0x3F, 0x40, 0x00, 0x01, 0x50, 0x05, 0x40, 0x00, 0x00, 0x00, 0x00,
    0x00, 0x00, 0x00, 0x00, 0x00, 0x0B, 0x80, 0x00, 0x00, 0x00, 0xF4, 0x00, 0x00, 0x00, 0x0F, 0x00,
    0x00, 0x00, 0x01, 0xF0, 0x00, 0x00, 0x07, 0xFF, 0x80, 0x00, 0x0B, 0xFF, 0xFF, 0x40, 0x02, 0xFF,
    0xFF, 0xFD, 0x00, 0x7F, 0x47, 0xDF, 0xF0, 0x0F, 0xE0, 0xB8, 0xBF, 0x00, 0xFE, 0x0F, 0x47, 0xE0,
    0x1F, 0xF1, 0xF0, 0x3C, 0x00, 0xFF, 0xEF, 0x00, 0x00, 0x0F, 0xFF, 0xE0, 0x00, 0x00, 0x7F, 0xFF,
    0x00, 0x00, 0x01, 0xFF, 0xFD, 0x00, 0x00, 0x07, 0xFF, 0xF4, 0x00, 0x00, 0x0F, 0xFF, 0xD0, 0x00,
    0x00, 0xFF, 0xFF, 0x01, 0xF0, 0x1F, 0x2F, 0xF0, 0x7F, 0x03, 0xE0, 0xFF, 0x0B, 0xF4, 0x3D, 0x0F,
    0xF0, 0xBF, 0xC7, 0xC1, 0xFE, 0x07, 0xFE, 0xBC, 0x7F, 0xC0, 0x3F, 0xFF, 0xFF, 0xF4, 0x00, 0xFF,
    0xFF, 0xFD, 0x00, 0x01, 0xFF, 0xFD, 0x00, 0x00, 0x02, 0xE0, 0x00, 0x00, 0x00, 0x3D, 0x00, 0x00,
    0x00, 0x07, 0xC0, 0x00, 0x00, 0x00, 0xBC, 0x00, 0x00, 0x00, 0x0F, 0x80, 0x00, 0x00, 0x00, 0xF4,
    0x00, 0x00, 0x00, 0x00, 0x00, 0x00, 0x00, 0x00, 0x00, 0x00, 0x00, 0x00, 0x00, 0x00, 0x00, 0x00,
    0x00, 0x00, 0x00, 0x00, 0xE0, 0x00, 0x00, 0x0B, 0xF4, 0x00, 0x00, 0x2F, 0xC0, 0x00, 0x0B, 0xFF,
    0xF0, 0x00, 0x03, 0xFC, 0x00, 0x02, 0xFF, 0xFF, 0x80, 0x00, 0xFF, 0x00, 0x00, 0xBF, 0x43, 0xFC,
    0x00, 0x2F, 0xD0, 0x00, 0x0F, 0xE0, 0x2F, 0xC0, 0x07, 0xF8, 0x00, 0x02, 0xFC, 0x02, 0xFC, 0x00,
    0xFE, 0x00, 0x00, 0x3F, 0xC0, 0x3F, 0xC0, 0x2F, 0xC0, 0x00, 0x03, 0xF8, 0x03, 0xFC, 0x07, 0xF4,
    0x00, 0x00, 0x3F, 0x80, 0x3F, 0x80, 0xFD, 0x00, 0x00, 0x07, 0xF8, 0x0B, 0xF0, 0x2F, 0x80, 0x01,
    0x00, 0x3F, 0x80, 0xFE, 0x07, 0xF0, 0x1F, 0xFE, 0x03, 0xFE, 0xBF, 0xC0, 0xFC, 0x0B, 0xFF, 0xFC,
    0x1F, 0xFF, 0xF0, 0x3F, 0x42, 0xFE, 0x7F, 0xD0, 0x7F, 0xF4, 0x0B, 0xE0, 0x7F, 0x81, 0xFE, 0x00,
    0x00, 0x01, 0xFC, 0x0F, 0xF0, 0x0F, 0xE0, 0x00, 0x00, 0x3F, 0x40, 0xFE, 0x00, 0xFE, 0x00, 0x00,
    0x0F, 0xE0, 0x1F, 0xD0, 0x1F, 0xE0, 0x00, 0x02, 0xFC, 0x02, 0xFC, 0x01, 0xFD, 0x00, 0x00, 0x7F,
    0x40, 0x2F, 0xC0, 0x3F, 0xC0, 0x00, 0x0F, 0xE0, 0x02, 0xFC, 0x07, 0xF8, 0x00, 0x03, 0xFC, 0x00,
    0x2F, 0xD0, 0xFF, 0x00, 0x00, 0xBF, 0x40, 0x00, 0xFF, 0xFF, 0xC0, 0x00, 0x1F, 0xE0, 0x00, 0x07,
    0xFF, 0xE0, 0x00, 0x01, 0xFC, 0x00, 0x00, 0x0A, 0xA0, 0x00, 0x00, 0x03, 0x00, 0x00, 0x00, 0x00,
    0x00, 0x00, 0x00, 0x00, 0x00, 0x00, 0x00, 0x00, 0x00, 0x00, 0x00, 0x00, 0x00, 0x00, 0x00, 0x00,
    0x00, 0x00, 0x0B, 0xFE, 0x00, 0x00, 0x00, 0x00, 0x01, 0xFF, 0xFF, 0x40, 0x00, 0x00, 0x00, 0x1F,
    0xFF, 0xFE, 0x00, 0x00, 0x00, 0x00, 0xFF, 0x03, 0xFC, 0x00, 0x00, 0x00, 0x0B, 0xF0, 0x0B, 0xF0,
    0x00, 0x00, 0x00, 0x3F, 0x80, 0x3F, 0x80, 0x00, 0x00, 0x01, 0xFD, 0x02, 0xFC, 0x00, 0x00, 0x00,
    0x0B, 0xF0, 0x2F, 0xC0, 0x00, 0x34, 0x00, 0x2F, 0xD7, 0xFC, 0x00, 0x07, 0xE0, 0x00, 0xBF, 0xFF,
    0x40, 0x1B, 0xFF, 0x80, 0x02, 0xFF, 0xD0, 0x1B, 0xFF, 0xFC, 0x00, 0x7F, 0xFC, 0x02, 0xFF, 0xFE,
    0x40, 0x0B, 0xFF, 0xF4, 0x0F, 0xFF, 0xC0, 0x00, 0xBF, 0x5F, 0xF0, 0x39, 0xBE, 0x00, 0x07, 0xF8,
    0x3F, 0xD0, 0x03, 0xF4, 0x00, 0x3F, 0xD0, 0x7F, 0xC0, 0x1F, 0xC0, 0x00, 0xFF, 0x00, 0xFF, 0x80,
    0xFE, 0x00, 0x07, 0xFC, 0x01, 0xFF, 0x8B, 0xF0, 0x00, 0x1F, 0xF0, 0x02, 0xFF, 0xFF, 0x80, 0x00,
    0x3F, 0xD0, 0x03, 0xFF, 0xF8, 0x00, 0x00, 0xFF, 0xD0, 0x03, 0xFF, 0xD0, 0x00, 0x01, 0xFF, 0xFE,
    0xFF, 0xFF, 0xF4, 0x00, 0x01, 0xFF, 0xFF, 0xFF, 0xFF, 0xFE, 0x50, 0x00, 0xBF, 0xFF, 0x91, 0xFF,
    0xFF, 0xE0, 0x00, 0x05, 0x40, 0x00, 0x7F, 0xFF, 0x00, 0x00, 0x00, 0x00, 0x00, 0x05, 0x90, 0x00,
    0x01, 0xA4, 0x1F, 0xD0, 0xFF, 0x07, 0xFC, 0x1F, 0xD0, 0xBF, 0x03, 0xFC, 0x0F, 0xE0, 0x3F, 0x40,
    0xFC, 0x03, 0x90, 0x00, 0x00, 0x00, 0x00, 0x00, 0x00, 0x00, 0x00, 0x0B, 0x80, 0x00, 0x01, 0xFF,
    0x00, 0x00, 0x2F, 0xF0, 0x00, 0x03, 0xFE, 0x00, 0x00, 0x3F, 0xE0, 0x00, 0x02, 0xFE, 0x00, 0x00,
    0x1F, 0xF0, 0x00, 0x00, 0xFF, 0x00, 0x00, 0x0F, 0xF4, 0x00, 0x00, 0x7F, 0xC0, 0x00, 0x03, 0xFD,
    0x00, 0x00, 0x1F, 0xF0, 0x00, 0x00, 0xBF, 0x40, 0x00, 0x03, 0xFC, 0x00, 0x00, 0x0F, 0xF0, 0x00,
    0x00, 0x7F, 0x80, 0x00, 0x02, 0xFD, 0x00, 0x00, 0x0B, 0xF4, 0x00, 0x00, 0x2F, 0xD0, 0x00, 0x00,
    0xBF, 0x40, 0x00, 0x02, 0xFD, 0x00, 0x00, 0x0B, 0xF8, 0x00, 0x00, 0x1F, 0xF0, 0x00, 0x00, 0x3F,
    0xC0, 0x00, 0x00, 0xFF, 0x40, 0x00, 0x02, 0xFF, 0x00, 0x00, 0x03, 0xFD, 0x00, 0x00, 0x0B, 0xFC,
    0x00, 0x00, 0x0F, 0xF8, 0x00, 0x00, 0x0F, 0xF4, 0x00, 0x00, 0x1F, 0xF0, 0x00, 0x00, 0x1F, 0x40,
    0x00, 0x00, 0x00, 0x00, 0x00, 0x00, 0x00, 0x00, 0x00, 0x00, 0x1E, 0x00, 0x00, 0x00, 0xFF, 0x00,
    0x00, 0x02, 0xFF, 0x00, 0x00, 0x03, 0xFE, 0x00, 0x00, 0x03, 0xFD, 0x00, 0x00, 0x0B, 0xFC, 0x00,
    0x00, 0x0F, 0xF4, 0x00, 0x00, 0x2F, 0xE0, 0x00, 0x00, 0x7F, 0xC0, 0x00, 0x00, 0xFF, 0x00, 0x00,
    0x03, 0xFD, 0x00, 0x00, 0x0B, 0xF4, 0x00, 0x00, 0x2F, 0xE0, 0x00, 0x00, 0xBF, 0x80, 0x00, 0x02,
    0xFD, 0x00, 0x00, 0x0B, 0xF4, 0x00, 0x00, 0x3F, 0xD0, 0x00, 0x00, 0xFF, 0x00, 0x00, 0x03, 0xFC,
    0x00, 0x00, 0x2F, 0xE0, 0x00, 0x00, 0xFF, 0x00, 0x00, 0x07, 0xFC, 0x00, 0x00, 0x3F, 0xD0, 0x00,
    0x01, 0xFE, 0x00, 0x00, 0x0F, 0xF0, 0x00, 0x00, 0xFF, 0x40, 0x00, 0x0B, 0xF8, 0x00, 0x00, 0xBF,
    0xC0, 0x00, 0x0B, 0xFC, 0x00, 0x00, 0xBF, 0x80, 0x00, 0x0F, 0xF8, 0x00, 0x00, 0x3F, 0x00, 0x00,
    0x00, 0x10, 0x00, 0x00, 0x00, 0x00, 0x00, 0x00, 0x00, 0x02, 0xF4, 0x00, 0xB0, 0xFF, 0x00, 0xBE,
    0x3F, 0x00, 0x3F, 0xEF, 0x40, 0x01, 0xFF, 0xEF, 0xC0, 0x0B, 0xFF, 0xF0, 0x6F, 0xFD, 0xBC, 0x3F,
    0xDF, 0x41, 0x07, 0xE3, 0xF0, 0x00, 0x60, 0xFE, 0x00, 0x00, 0x3E, 0x00, 0x00, 0x05, 0x40, 0x00,
    0x00, 0xBF, 0x00, 0x00, 0x02, 0xFC, 0x00, 0x00, 0x0B, 0xF0, 0x00, 0x00, 0x2F, 0xC0, 0x00, 0x00,
    0xBF, 0x00, 0x0A, 0xAB, 0xFF, 0xAA, 0x7F, 0xFF, 0xFF, 0xFE, 0xFF, 0xFF, 0xFF, 0xF9, 0x55, 0xBF,
    0x55, 0x40, 0x02, 0xFC, 0x00, 0x00, 0x0B, 0xF0, 0x00, 0x00, 0x2F, 0xC0, 0x00, 0x00, 0xBF, 0x00,
    0x00, 0x02, 0xFC, 0x00, 0x00, 0x00, 0x00, 0x00, 0x00, 0x1A, 0x00, 0x0F, 0xF8, 0x00, 0xFF, 0xC0,
    0x0B, 0xFC, 0x00, 0xBF, 0x80, 0x0F, 0xF4, 0x01, 0xFE, 0x00, 0x7F, 0xC0, 0x2F, 0xF0, 0x03, 0xF8,
    0x00, 0x04, 0x00, 0x00, 0x15, 0x55, 0x41, 0xFF, 0xFF, 0xDB, 0xFF, 0xFF, 0x6F, 0xFF, 0xFD, 0x15,
    0x55, 0x50, 0x06, 0x80, 0xBF, 0xC3, 0xFF, 0x0F, 0xFC, 0x3F, 0xC0, 0x14, 0x00, 0x00, 0x00, 0x00,
    0x00, 0xFE, 0x00, 0x00, 0x00, 0x00, 0xBF, 0x40, 0x00, 0x00, 0x00, 0x7F, 0x80, 0x00, 0x00, 0x00,
    0x3F, 0xC0, 0x00, 0x00, 0x00, 0x2F, 0xE0, 0x00, 0x00, 0x00, 0x0F, 0xF0, 0x00, 0x00, 0x00, 0x0B,
    0xF4, 0x00, 0x00, 0x00, 0x07, 0xF8, 0x00, 0x00, 0x00, 0x03, 0xFC, 0x00, 0x00, 0x00, 0x01, 0xFE,
    0x00, 0x00, 0x00, 0x00, 0xFF, 0x00, 0x00, 0x00, 0x00, 0xBF, 0x40, 0x00, 0x00, 0x00, 0x7F, 0x80,
    0x00, 0x00, 0x00, 0x3F, 0xC0, 0x00, 0x00, 0x00, 0x1F, 0xE0, 0x00, 0x00, 0x00, 0x0F, 0xF0, 0x00,
    0x00, 0x00, 0x0B, 0xF4, 0x00, 0x00, 0x00, 0x07, 0xF8, 0x00, 0x00, 0x00, 0x03, 0xFC, 0x00, 0x00,
    0x00, 0x01, 0xFE, 0x00, 0x00, 0x00, 0x00, 0xFF, 0x00, 0x00, 0x00, 0x00, 0xBF, 0x40, 0x00, 0x00,
    0x00, 0x7F, 0xC0, 0x00, 0x00, 0x00, 0x3F, 0xC0, 0x00, 0x00, 0x00, 0x1F, 0xE0, 0x00, 0x00, 0x00,
    0x05, 0x50, 0x00, 0x00, 0x00, 0x00, 0x00, 0x00, 0x0A, 0xFE, 0x00, 0x00, 0x00, 0xBF, 0xFF, 0xE0,
    0x00, 0x07, 0xFF, 0xFF, 0xF8, 0x00, 0x2F, 0xFF, 0xFF, 0xFC, 0x00, 0xBF, 0xF0, 0x0F, 0xFE, 0x01,
    0xFF, 0x80, 0x07, 0xFF, 0x03, 0xFF, 0x00, 0x03, 0xFF, 0x07, 0xFD, 0x00, 0x03, 0xFF, 0x0F, 0xFC,
    0x00, 0x03, 0xFF, 0x1F, 0xF4, 0x00, 0x03, 0xFF, 0x2F, 0xF0, 0x00, 0x03, 0xFF, 0x3F, 0xF0, 0x00,
    0x07, 0xFE, 0x3F, 0xE0, 0x00, 0x07, 0xFD, 0x7F, 0xE0, 0x00, 0x0F, 0xFC, 0x7F, 0xD0, 0x00, 0x0F,
    0xF8, 0x7F, 0xD0, 0x00, 0x2F, 0xF0, 0x7F, 0xE0, 0x00, 0x3F, 0xE0, 0x7F, 0xE0, 0x00, 0xFF, 0xC0,
    0x3F, 0xF0, 0x02, 0xFF, 0x40, 0x3F, 0xFD, 0x6F, 0xFD, 0x00, 0x1F, 0xFF, 0xFF, 0xF4, 0x00, 0x0B,
    0xFF, 0xFF, 0xC0, 0x00, 0x01, 0xFF, 0xFD, 0x00, 0x00, 0x00, 0x05, 0x40, 0x00, 0x00, 0x00, 0x00,
    0x00, 0x00, 0x00, 0x00, 0x1F, 0x00, 0x00, 0x1B, 0xFF, 0x00, 0x2F, 0xFF, 0xFC, 0x01, 0xFF, 0xFF,
    0xE0, 0x02, 0xFF, 0xFF, 0x40, 0x00, 0x0F, 0xFC, 0x00, 0x00, 0x7F, 0xF0, 0x00, 0x02, 0xFF, 0x80,
    0x00, 0x0F, 0xFD, 0x00, 0x00, 0x3F, 0xF4, 0x00, 0x00, 0xFF, 0xC0, 0x00, 0x07, 0xFF, 0x00, 0x00,
    0x2F, 0xF8, 0x00, 0x00, 0xFF, 0xD0, 0x00, 0x03, 0xFF, 0x00, 0x00, 0x1F, 0xFC, 0x00, 0x00, 0xBF,
    0xF0, 0x00, 0x02, 0xFF, 0x80, 0x00, 0x0F, 0xFD, 0x00, 0x00, 0x3F, 0xF0, 0x00, 0x1F, 0xFF, 0xFE,
    0x03, 0xFF, 0xFF, 0xFD, 0x1F, 0xFF, 0xFF, 0xF0, 0x00, 0x00, 0x2B, 0xF9, 0x00, 0x00, 0x07, 0xFF,
    0xFF, 0xC0, 0x00, 0x2F, 0xFF, 0xFF, 0xF0, 0x00, 0xBF, 0xFA, 0xBF, 0xF8, 0x00, 0xFF, 0xC0, 0x1F,
    0xFC, 0x02, 0xFF, 0x00, 0x0F, 0xFC, 0x01, 0xFC, 0x00, 0x0F, 0xFC, 0x00, 0x24, 0x00, 0x1F, 0xF8,
    0x00, 0x00, 0x00, 0x3F, 0xF4, 0x00, 0x00, 0x00, 0xBF, 0xE0, 0x00, 0x00, 0x02, 0xFF, 0xC0, 0x00,
    0x00, 0x0B, 0xFF, 0x00, 0x00, 0x00, 0x2F, 0xFC, 0x00, 0x00, 0x00, 0xFF, 0xF0, 0x00, 0x00, 0x03,
    0xFF, 0xC0, 0x00, 0x00, 0x1F, 0xFE, 0x00, 0x00, 0x00, 0x7F, 0xF4, 0x00, 0x00, 0x02, 0xFF, 0xC0,
    0x00, 0x00, 0x0B, 0xFE, 0x00, 0x00, 0x00, 0x3F, 0xFF, 0xFF, 0xFF, 0xC0, 0xBF, 0xFF, 0xFF, 0xFF,
    0xC0, 0xFF, 0xFF, 0xFF, 0xFF, 0x80, 0x7F, 0xFF, 0xFF, 0xFE, 0x00, 0x00, 0x00, 0x2B, 0xF8, 0x00,
    0x00, 0x1F, 0xFF, 0xFE, 0x00, 0x02, 0xFF, 0xFF, 0xFE, 0x00, 0x1F, 0xFE, 0xAF, 0xFC, 0x00, 0xFF,
    0x80, 0x1F, 0xF4, 0x03, 0xF8, 0x00, 0x3F, 0xD0, 0x07, 0xC0, 0x01, 0xFF, 0x40, 0x00, 0x00, 0x0F,
    0xFC, 0x00, 0x00, 0x00, 0xFF, 0xC0, 0x00, 0x00, 0x2F, 0xFC, 0x00, 0x00, 0x1F, 0xFF, 0x80, 0x00,
    0x07, 0xFF, 0xFF, 0x40, 0x00, 0x0F, 0xFF, 0xFF, 0x40, 0x00, 0x39, 0x5F, 0xFF, 0x00, 0x00, 0x00,
    0x0F, 0xFC, 0x00, 0x00, 0x00, 0x2F, 0xF0, 0x00, 0x00, 0x00, 0xFF, 0xC0, 0x00, 0x00, 0x0B, 0xFE,
    0x00, 0x00, 0x01, 0xFF, 0xF0, 0x00, 0x01, 0xBF, 0xFF, 0x00, 0xBF, 0xFF, 0xFF, 0xF0, 0x01, 0xFF,
    0xFF, 0xFD, 0x00, 0x02, 0xFF, 0xFE, 0x40, 0x00, 0x00, 0x50, 0x00, 0x00, 0x00, 0x00, 0x00, 0x00,
    0x02, 0xE0, 0x00, 0x00, 0x00, 0x1F, 0xF0, 0x00, 0x00, 0x00, 0x7F, 0xF0, 0x00, 0x00, 0x01, 0xFF,
    0xE0, 0x00, 0x00, 0x07, 0xFF, 0xE0, 0x00, 0x00, 0x1F, 0xFF, 0xD0, 0x00, 0x00, 0x7F, 0xFF, 0xC0,
    0x00, 0x01, 0xFF, 0x3F, 0xC0, 0x00, 0x07, 0xFC, 0x7F, 0x80, 0x00, 0x1F, 0xF0, 0xBF, 0x40, 0x00,
    0x7F, 0xC0, 0xFF, 0x00, 0x01, 0xFF, 0x00, 0xFF, 0x00, 0x07, 0xFC, 0x01, 0xFF, 0x00, 0x1F, 0xF0,
    0x02, 0xFE, 0x00, 0x7F, 0xFF, 0xFF, 0xFF, 0xFC, 0xBF, 0xFF, 0xFF, 0xFF, 0xFC, 0xBF, 0xFF, 0xFF,
    0xFF, 0xFC, 0x2F, 0xFF, 0xFF, 0xFF, 0xF4, 0x00, 0x00, 0x0B, 0xF8, 0x00, 0x00, 0x00, 0x0F, 0xF4,
    0x00, 0x00, 0x00, 0x0F, 0xF0, 0x00, 0x00, 0x00, 0x1F, 0xF0, 0x00, 0x00, 0x00, 0x2F, 0xE0, 0x00,
    0x00, 0x05, 0x55, 0x55, 0x54, 0x00, 0x3F, 0xFF, 0xFF, 0xE0, 0x01, 0xFF, 0xFF, 0xFF, 0x40, 0x0B,
    0xFF, 0xFF, 0xFC, 0x00, 0x3F, 0xD0, 0x00, 0x00, 0x00, 0xFF, 0x00, 0x00, 0x00, 0x07, 0xFC, 0x00,
    0x00, 0x00, 0x3F, 0xF4, 0x00, 0x00, 0x00, 0xFF, 0xFF, 0x40, 0x00, 0x07, 0xFF, 0xFF, 0x80, 0x00,
    0x1F, 0xFF, 0xFF, 0x80, 0x00, 0x00, 0x2F, 0xFF, 0x40, 0x00, 0x00, 0x0F, 0xFE, 0x00, 0x00, 0x00,
    0x1F, 0xFC, 0x00, 0x00, 0x00, 0x3F, 0xF0, 0x00, 0x00, 0x01, 0xFF, 0x80, 0x00, 0x00, 0x0F, 0xFD,
    0x00, 0x00, 0x00, 0xBF, 0xF0, 0x00, 0x00, 0x1F, 0xFF, 0x40, 0x01, 0x5B, 0xFF, 0xF4, 0x00, 0xFF,
    0xFF, 0xFF, 0x40, 0x02, 0xFF, 0xFF, 0xE0, 0x00, 0x07, 0xFF, 0xE4, 0x00, 0x00, 0x01, 0x40, 0x00,
    0x00, 0x00, 0x00, 0x00, 0x00, 0x1B, 0xF4, 0x00, 0x00, 0x07, 0xFF, 0xFD, 0x00, 0x00, 0x7F, 0xFF,
    0xF9, 0x00, 0x02, 0xFF, 0xFD, 0x00, 0x00, 0x0F, 0xFF, 0xD0, 0x00, 0x00, 0x3F, 0xFD, 0x00, 0x00,
    0x00, 0xFF, 0xF0, 0x00, 0x00, 0x02, 0xFF, 0x80, 0x00, 0x00, 0x07, 0xFF, 0x95, 0x00, 0x00, 0x0F,
    0xFF, 0xFF, 0xE0, 0x00, 0x1F, 0xFF, 0xFF, 0xFC, 0x00, 0x3F, 0xFF, 0xFF, 0xFF, 0x00, 0x3F, 0xE0,
    0x07, 0xFF, 0x40, 0x7F, 0xD0, 0x02, 0xFF, 0x80, 0xBF, 0xC0, 0x01, 0xFF, 0x80, 0xBF, 0xC0, 0x01,
    0xFF, 0x40, 0xBF, 0xC0, 0x01, 0xFF, 0x40, 0xBF, 0xC0, 0x02, 0xFF, 0x00, 0x7F, 0xE0, 0x07, 0xFE,
    0x00, 0x3F, 0xF8, 0x1F, 0xFC, 0x00, 0x1F, 0xFF, 0xFF, 0xF4, 0x00, 0x0B, 0xFF, 0xFF, 0xD0, 0x00,
    0x01, 0xBF, 0xFE, 0x00, 0x00, 0x00, 0x01, 0x40, 0x00, 0x00, 0x01, 0x55, 0x55, 0x55, 0x40, 0x3F,
    0xFF, 0xFF, 0xFF, 0xC0, 0xFF, 0xFF, 0xFF, 0xFF, 0x07, 0xFF, 0xFF, 0xFF, 0xFC, 0x2F, 0xE5, 0x55,
    0xFF, 0xC0, 0xFF, 0x00, 0x0F, 0xFC, 0x03, 0xF4, 0x00, 0xBF, 0xD0, 0x0F, 0xC0, 0x07, 0xFD, 0x00,
    0x00, 0x00, 0x7F, 0xE0, 0x00, 0x00, 0x03, 0xFF, 0x00, 0x00, 0x00, 0x3F, 0xF0, 0x00, 0x00, 0x02,
    0xFF, 0x40, 0x00, 0x00, 0x2F, 0xF8, 0x00, 0x00, 0x01, 0xFF, 0xC0, 0x00, 0x00, 0x0F, 0xFC, 0x00,
    0x00, 0x00, 0xBF, 0xE0, 0x00, 0x00, 0x07, 0xFF, 0x00, 0x00, 0x00, 0x3F, 0xF4, 0x00, 0x00, 0x01,
    0xFF, 0xC0, 0x00, 0x00, 0x0F, 0xFD, 0x00, 0x00, 0x00, 0x3F, 0xF0, 0x00, 0x00, 0x00, 0xFF, 0x40,
    0x00, 0x00, 0x03, 0xFC, 0x00, 0x00, 0x00, 0x01, 0x50, 0x00, 0x00, 0x00, 0x00, 0x00, 0x2B, 0xF8,
    0x00, 0x00, 0x0F, 0xFF, 0xFE, 0x00, 0x01, 0xFF, 0xFF, 0xFE, 0x00, 0x1F, 0xFD, 0x5F, 0xFC, 0x00,
    0xFF, 0x80, 0x0F, 0xF4, 0x07, 0xFC, 0x00, 0x3F, 0xD0, 0x2F, 0xF0, 0x01, 0xFF, 0x00, 0xBF, 0xC0,
    0x0F, 0xF8, 0x00, 0xFF, 0xD1, 0xFF, 0xC0, 0x02, 0xFF, 0xFF, 0xFC, 0x00, 0x02, 0xFF, 0xFF, 0x40,
    0x00, 0x0B, 0xFF, 0xF8, 0x00, 0x01, 0xFF, 0xFF, 0xF8, 0x00, 0x2F, 0xF8, 0x7F, 0xF8, 0x01, 0xFF,
    0x40, 0x3F, 0xF0, 0x0F, 0xF4, 0x00, 0x7F, 0xD0, 0xBF, 0xC0, 0x00, 0xFF, 0x83, 0xFE, 0x00, 0x03,
    0xFD, 0x0F, 0xFC, 0x00, 0x2F, 0xF0, 0x2F, 0xFC, 0x02, 0xFF, 0x80, 0x3F, 0xFF, 0xFF, 0xF8, 0x00,
    0x7F, 0xFF, 0xFF, 0x80, 0x00, 0x2F, 0xFF, 0xE0, 0x00, 0x00, 0x01, 0x40, 0x00, 0x00, 0x00, 0x00,
    0x1B, 0xFA, 0x00, 0x00, 0x00, 0x7F, 0xFF, 0xF8, 0x00, 0x00, 0x7F, 0xFF, 0xFF, 0x80, 0x00, 0x7F,
    0xFA, 0xBF, 0xF4, 0x00, 0x3F, 0xF0, 0x07, 0xFE, 0x00, 0x1F, 0xF4, 0x00, 0xFF, 0xC0, 0x0B, 0xFC,
    0x00, 0x2F, 0xF0, 0x02, 0xFF, 0x00, 0x07, 0xFC, 0x00, 0xFF, 0xC0, 0x02, 0xFF, 0x00, 0x3F, 0xF0,
    0x00, 0xBF, 0xC0, 0x0B, 0xFE, 0x00, 0x3F, 0xF0, 0x00, 0xFF, 0xE5, 0x6F, 0xF8, 0x00, 0x2F, 0xFF,
    0xFF, 0xFC, 0x00, 0x02, 0xFF, 0xFF, 0xFE, 0x00, 0x00, 0x1B, 0xFF, 0xFF, 0x00, 0x00, 0x00, 0x03,
    0xFF, 0x40, 0x00, 0x00, 0x03, 0xFF, 0x80, 0x00, 0x00, 0x03, 0xFF, 0xC0, 0x00, 0x00, 0x0B, 0xFF,
    0xC0, 0x00, 0x00, 0x2F, 0xFF, 0x80, 0x00, 0x06, 0xFF, 0xFF, 0x40, 0x00, 0x0F, 0xFF, 0xFE, 0x00,
    0x00, 0x01, 0xFF, 0xF4, 0x00, 0x00, 0x00, 0x05, 0x00, 0x00, 0x00, 0x00, 0x00, 0x00, 0x00, 0x0F,
    0xD0, 0x0F, 0xFC, 0x07, 0xFF, 0x01, 0xFF, 0x40, 0x2F, 0x40, 0x00, 0x00, 0x00, 0x00, 0x00, 0x00,
    0x00, 0x00, 0x00, 0x00, 0x00, 0x00, 0x00, 0x00, 0x00, 0x01, 0xA0, 0x02, 0xFF, 0x00, 0xFF, 0xC0,
    0x3F, 0xF0, 0x0F, 0xF0, 0x00, 0x50, 0x00, 0x00, 0x00, 0x00, 0x00, 0x00, 0xFD, 0x00, 0x03, 0xFF,
    0x00, 0x03, 0xFF, 0x00, 0x07, 0xFD, 0x00, 0x02, 0xF8, 0x00, 0x00, 0x00, 0x00, 0x00, 0x00, 0x00,
    0x00, 0x00, 0x00, 0x00, 0x00, 0x00, 0x00, 0x00, 0x00, 0x00, 0x00, 0x00, 0x00, 0x00, 0x00, 0x1A,
    0x00, 0x00, 0xFF, 0x80, 0x00, 0xFF, 0xC0, 0x00, 0xBF, 0xC0, 0x00, 0xBF, 0x80, 0x00, 0xFF, 0x40,
    0x01, 0xFE, 0x00, 0x07, 0xFC, 0x00, 0x2F, 0xF0, 0x00, 0x3F, 0x80, 0x00, 0x04, 0x00, 0x00, 0x00,
    0x00, 0x00, 0x40, 0x00, 0x00, 0x1F, 0x80, 0x00, 0x07, 0xFF, 0x00, 0x01, 0xFF, 0xF4, 0x00, 0x7F,
    0xFD, 0x00, 0x2F, 0xFF, 0x40, 0x0B, 0xFF, 0x80, 0x00, 0x3F, 0xF0, 0x00, 0x00, 0xFF, 0xF4, 0x00,
    0x00, 0x7F, 0xFD, 0x00, 0x00, 0x1F, 0xFF, 0x80, 0x00, 0x07, 0xFF, 0xE0, 0x00, 0x02, 0xFF, 0xF4,
    0x00, 0x00, 0xBF, 0xC0, 0x00, 0x00, 0x2D, 0x00, 0x00, 0x00, 0x00, 0xAA, 0xAA, 0xAA, 0xA7, 0xFF,
    0xFF, 0xFF, 0xEF, 0xFF, 0xFF, 0xFF, 0x95, 0x55, 0x55, 0x55, 0x00, 0x00, 0x00, 0x00, 0x00, 0x00,
    0x00, 0x0A, 0xAA, 0xAA, 0xAA, 0x7F, 0xFF, 0xFF, 0xFE, 0xFF, 0xFF, 0xFF, 0xFA, 0xAA, 0xAA, 0xAA,
    0x90, 0x10, 0x00, 0x00, 0x00, 0xF8, 0x00, 0x00, 0x0B, 0xFE, 0x00, 0x00, 0x1F, 0xFF, 0x80, 0x00,
    0x07, 0xFF, 0xE0, 0x00, 0x01, 0xFF, 0xF4, 0x00, 0x00, 0x7F, 0xFD, 0x00, 0x00, 0x1F, 0xFE, 0x00,
    0x00, 0x2F, 0xF8, 0x00, 0x1B, 0xFF, 0x40, 0x07, 0xFF, 0xD0, 0x01, 0xFF, 0xF4, 0x00, 0x7F, 0xFD,
    0x00, 0x01, 0xFF, 0x40, 0x00, 0x03, 0xD0, 0x00, 0x00, 0x00, 0x00, 0x00, 0x00, 0x02, 0xFE, 0x40,
    0x0F, 0xFF, 0xE0, 0x2F, 0xFF, 0xF4, 0x2F, 0xFF, 0xFC, 0x2F, 0x57, 0xFC, 0x04, 0x02, 0xFC, 0x00,
    0x02, 0xFC, 0x00, 0x03, 0xF8, 0x00, 0x0F, 0xF0, 0x00, 0x3F, 0xC0, 0x00, 0xFF, 0x00, 0x03, 0xFC,
    0x00, 0x0F, 0xF0, 0x00, 0x2F, 0x80, 0x00, 0x3F, 0x95, 0x00, 0x3F, 0xFE, 0x00, 0x2F, 0xFC, 0x00,
    0x06, 0x90, 0x00, 0x00, 0x00, 0x00, 0x05, 0x40, 0x00, 0x2F, 0xD0, 0x00, 0x3F, 0xE0, 0x00, 0x7F,
    0xD0, 0x00, 0x3F, 0xC0, 0x00, 0x05, 0x00, 0x00, 0x00, 0x00, 0x00, 0x06, 0xBF, 0xE9, 0x00, 0x00,
    0x00, 0x00, 0x06, 0xFF, 0xFF, 0xFF, 0x80, 0x00, 0x00, 0x01, 0xFF, 0xFF, 0xFF, 0xFF, 0xD0, 0x00,
    0x00, 0x2F, 0xFF, 0xA5, 0x5B, 0xFF, 0xD0, 0x00, 0x03, 0xFF, 0x90, 0x00, 0x00, 0xFF, 0xC0, 0x00,
    0x3F, 0xF4, 0x00, 0x00, 0x00, 0xBF, 0x80, 0x03, 0xFE, 0x00, 0x00, 0x00, 0x00, 0xFF, 0x00, 0x2F,
    0xE0, 0x01, 0xB8, 0x1A, 0x02, 0xFD, 0x01, 0xFF, 0x00, 0x3F, 0xFE, 0xFC, 0x03, 0xF4, 0x0F, 0xF0,
    0x03, 0xFF, 0xFF, 0xE0, 0x0F, 0xE0, 0x7F, 0x40, 0x3F, 0xD0, 0xFF, 0x00, 0x3F, 0x83, 0xFC, 0x01,
    0xFD, 0x01, 0xFC, 0x00, 0xFD, 0x0F, 0xE0, 0x0F, 0xF0, 0x0B, 0xE0, 0x07, 0xF4, 0x7F, 0x40, 0x7F,
    0x40, 0x3F, 0x40, 0x2F, 0xC2, 0xFC, 0x02, 0xFC, 0x01, 0xFC, 0x00, 0xFF, 0x0F, 0xF0, 0x0F, 0xF0,
    0x0F, 0xF0, 0x07, 0xF4, 0x3F, 0xC0, 0x3F, 0xC0, 0x7F, 0x80, 0x3F, 0xC0, 0xFF, 0x00, 0xFF, 0x03,
    0xFD, 0x03, 0xFD, 0x03, 0xFC, 0x03, 0xFF, 0xBE, 0xF8, 0x7F, 0xD0, 0x0F, 0xF0, 0x0B, 0xFF, 0xE3,
    0xFF, 0xFD, 0x00, 0x3F, 0xC0, 0x1F, 0xFE, 0x0F, 0xFF, 0xC0, 0x00, 0xBF, 0x40, 0x1B, 0x90, 0x0B,
    0xA4, 0x00, 0x01, 0xFF, 0x00, 0x00, 0x00, 0x00, 0x00, 0x00, 0x03, 0xFE, 0x00, 0x00, 0x00, 0x00,
    0x00, 0x00, 0x0B, 0xFE, 0x00, 0x00, 0x00, 0x20, 0x00, 0x00, 0x0F, 0xFF, 0x40, 0x00, 0x1F, 0xD0,
    0x00, 0x00, 0x0F, 0xFF, 0xFF, 0xFF, 0xFF, 0x00, 0x00, 0x00, 0x0B, 0xFF, 0xFF, 0xFF, 0xE0, 0x00,
    0x00, 0x00, 0x02, 0xFF, 0xFF, 0xF8, 0x00, 0x00, 0x00, 0x00, 0x00, 0x05, 0x50, 0x00, 0x00, 0x00,
    0x00, 0x00, 0x00, 0x00, 0x00, 0x14, 0x00, 0x00, 0x00, 0x00, 0x00, 0x3F, 0xC0, 0x00, 0x00, 0x00,
    0x00, 0x0F, 0xFC, 0x00, 0x00, 0x00, 0x00, 0x02, 0xFF, 0xD0, 0x00, 0x00, 0x00, 0x00, 0x7F, 0xFD,
    0x00, 0x00, 0x00, 0x00, 0x0F, 0xFF, 0xE0, 0x00, 0x00, 0x00, 0x01, 0xFE, 0xFF, 0x00, 0x00, 0x00,
    0x00, 0x3F, 0x9F, 0xF0, 0x00, 0x00, 0x00, 0x0B, 0xF0, 0xFF, 0x00, 0x00, 0x00, 0x00, 0xFE, 0x0F,
    0xF4, 0x00, 0x00, 0x00, 0x3F, 0xC0, 0xFF, 0x80, 0x00, 0x00, 0x07, 0xF4, 0x0B, 0xFC, 0x00, 0x00,
    0x00, 0xFF, 0x00, 0xBF, 0xC0, 0x00, 0x00, 0x2F, 0xD0, 0x07, 0xFC, 0x00, 0x00, 0x03, 0xFD, 0x55,
    0xBF, 0xD0, 0x00, 0x00, 0xFF, 0xFF, 0xFF, 0xFE, 0x00, 0x00, 0x1F, 0xFF, 0xFF, 0xFF, 0xF0, 0x00,
    0x03, 0xFE, 0xAA, 0xAB, 0xFF, 0x00, 0x00, 0xBF, 0x80, 0x00, 0x2F, 0xF0, 0x00, 0x0F, 0xF0, 0x00,
    0x02, 0xFF, 0x40, 0x02, 0xFE, 0x00, 0x00, 0x1F, 0xF8, 0x01, 0xBF, 0xE4, 0x00, 0x0B, 0xFF, 0xF4,
    0xBF, 0xFF, 0xD0, 0x07, 0xFF, 0xFF, 0xCF, 0xFF, 0xFC, 0x00, 0xBF, 0xFF, 0xFC, 0x00, 0x00, 0x05,
    0x55, 0x00, 0x00, 0x00, 0xBF, 0xFF, 0xFF, 0x40, 0x00, 0x7F, 0xFF, 0xFF, 0xFE, 0x00, 0x0B, 0xFF,
    0xFE, 0xFF, 0xF4, 0x00, 0x55, 0xFF, 0x41, 0xFF, 0xC0, 0x00, 0x1F, 0xF4, 0x0B, 0xFC, 0x00, 0x02,
    0xFF, 0x00, 0x7F, 0xC0, 0x00, 0x3F, 0xF0, 0x07, 0xFC, 0x00, 0x03, 0xFE, 0x00, 0xBF, 0x80, 0x00,
    0x7F, 0xD0, 0x0F, 0xF0, 0x00, 0x07, 0xFE, 0x53, 0xFD, 0x00, 0x00, 0xBF, 0xFF, 0xFF, 0x40, 0x00,
    0x0F, 0xFF, 0xFF, 0xFD, 0x00, 0x00, 0xFF, 0xEB, 0xFF, 0xF0, 0x00, 0x1F, 0xF4, 0x03, 0xFF, 0x80,
    0x02, 0xFF, 0x00, 0x1F, 0xFC, 0x00, 0x3F, 0xF0, 0x00, 0xFF, 0xC0, 0x03, 0xFF, 0x00, 0x0F, 0xFC,
    0x00, 0x3F, 0xE0, 0x00, 0xFF, 0x80, 0x07, 0xFD, 0x00, 0x2F, 0xF0, 0x00, 0xBF, 0xC0, 0x0B, 0xFE,
    0x00, 0x7F, 0xFF, 0xFF, 0xFF, 0x80, 0x2F, 0xFF, 0xFF, 0xFF, 0xD0, 0x03, 0xFF, 0xFF, 0xFF, 0x90,
    0x00, 0x00, 0x00, 0x00, 0x00, 0x00, 0x00, 0x00, 0x00, 0x00, 0x55, 0x00, 0x00, 0x00, 0x1B, 0xFF,
    0xFE, 0x40, 0x00, 0x3F, 0xFF, 0xFF, 0xF4, 0x00, 0x7F, 0xFF, 0xFF, 0xFC, 0x00, 0xBF, 0xFE, 0x41,
    0xFF, 0x00, 0x7F, 0xF4, 0x00, 0x2F, 0xC0, 0x3F, 0xF0, 0x00, 0x0B, 0xE0, 0x3F, 0xF4, 0x00, 0x03,
    0xF0, 0x1F, 0xF8, 0x00, 0x00, 0x50, 0x0F, 0xFD, 0x00, 0x00, 0x00, 0x03, 0xFF, 0x00, 0x00, 0x00,
    0x01, 0xFF, 0x80, 0x00, 0x00, 0x00, 0xBF, 0xE0, 0x00, 0x00, 0x00, 0x3F, 0xF8, 0x00, 0x00, 0x00,
    0x0F, 0xFE, 0x00, 0x00, 0x00, 0x03, 0xFF, 0x80, 0x00, 0x00, 0x00, 0xFF, 0xF0, 0x00, 0x00, 0x00,
    0x2F, 0xFC, 0x00, 0x00, 0x08, 0x0B, 0xFF, 0xC0, 0x00, 0x1F, 0x00, 0xFF, 0xFD, 0x00, 0x6F, 0xC0,
    0x3F, 0xFF, 0xFF, 0xFF, 0xF0, 0x03, 0xFF, 0xFF, 0xFF, 0xF0, 0x00, 0x3F, 0xFF, 0xFF, 0xE0, 0x00,
    0x01, 0xFF, 0xFF, 0x80, 0x00, 0x00, 0x00, 0x54, 0x00, 0x00, 0x00, 0x00, 0x00, 0x05, 0x55, 0x40,
    0x00, 0x00, 0x00, 0xBF, 0xFF, 0xFF, 0xD0, 0x00, 0x00, 0x7F, 0xFF, 0xFF, 0xFF, 0xD0, 0x00, 0x0B,
    0xFF, 0xFF, 0xFF, 0xFF, 0x80, 0x00, 0x65, 0xFF, 0x81, 0xBF, 0xFD, 0x00, 0x00, 0x1F, 0xF4, 0x01,
    0xFF, 0xF0, 0x00, 0x02, 0xFF, 0x00, 0x03, 0xFF, 0x40, 0x00, 0x3F, 0xF0, 0x00, 0x2F, 0xFC, 0x00,
    0x03, 0xFF, 0x00, 0x01, 0xFF, 0xC0, 0x00, 0x7F, 0xE0, 0x00, 0x0F, 0xFC, 0x00, 0x07, 0xFD, 0x00,
    0x00, 0xFF, 0xC0, 0x00, 0xBF, 0xC0, 0x00, 0x0F, 0xFC, 0x00, 0x0F, 0xFC, 0x00, 0x00, 0xFF, 0xC0,
    0x00, 0xFF, 0xC0, 0x00, 0x1F, 0xFC, 0x00, 0x1F, 0xF8, 0x00, 0x02, 0xFF, 0x80, 0x02, 0xFF, 0x40,
    0x00, 0x3F, 0xF4, 0x00, 0x2F, 0xF0, 0x00, 0x07, 0xFF, 0x00, 0x03, 0xFF, 0x00, 0x00, 0xFF, 0xD0,
    0x00, 0x3F, 0xF0, 0x00, 0x3F, 0xF8, 0x00, 0x07, 0xFE, 0x00, 0x1F, 0xFF, 0x00, 0x00, 0xBF, 0xE5,
    0x6F, 0xFF, 0xC0, 0x00, 0x7F, 0xFF, 0xFF, 0xFF, 0xE0, 0x00, 0x2F, 0xFF, 0xFF, 0xFF, 0xE0, 0x00,
    0x03, 0xFF, 0xFF, 0xFF, 0x90, 0x00, 0x00, 0x00, 0x00, 0x00, 0x00, 0x00, 0x00, 0x00, 0x00, 0x0F,
    0xFF, 0xFF, 0xFF, 0xF4, 0x00, 0xBF, 0xFF, 0xFF, 0xFF, 0xD0, 0x01, 0xFF, 0xFF, 0xFF, 0xFF, 0x00,
    0x00, 0x3F, 0xE0, 0x16, 0xFC, 0x00, 0x01, 0xFF, 0x40, 0x07, 0xF0, 0x00, 0x0B, 0xFC, 0x00, 0x1F,
    0x80, 0x00, 0x3F, 0xF0, 0x00, 0x7C, 0x00, 0x00, 0xFF, 0xC0, 0x00, 0x00, 0x00, 0x07, 0xFE, 0x00,
    0x00, 0x00, 0x00, 0x1F, 0xF4, 0x00, 0x00, 0x00, 0x00, 0xBF, 0xFF, 0xFF, 0x80, 0x00, 0x03, 0xFF,
    0xFF, 0xFD, 0x00, 0x00, 0x0F, 0xFF, 0xFF, 0xF0, 0x00, 0x00, 0x7F, 0xE0, 0x00, 0x00, 0x00, 0x02,
    0xFF, 0x40, 0x00, 0x00, 0x00, 0x0F, 0xFC, 0x00, 0x00, 0x00, 0x00, 0x3F, 0xF0, 0x00, 0x2E, 0x00,
    0x00, 0xFF, 0x80, 0x01, 0xFC, 0x00, 0x07, 0xFD, 0x00, 0x0F, 0xE0, 0x00, 0x2F, 0xF4, 0x01, 0xBF,
    0x40, 0x07, 0xFF, 0xFF, 0xFF, 0xFC, 0x00, 0xBF, 0xFF, 0xFF, 0xFF, 0xF0, 0x03, 0xFF, 0xFF, 0xFF,
    0xFF, 0x40, 0x00, 0x00, 0x0F, 0xFF, 0xFF, 0xFF, 0xE0, 0x02, 0xFF, 0xFF, 0xFF, 0xFE, 0x00, 0x1F,
    0xFF, 0xFF, 0xFF, 0xE0, 0x00, 0x0F, 0xFC, 0x05, 0xFD, 0x00, 0x01, 0xFF, 0x80, 0x0F, 0xC0, 0x00,
    0x2F, 0xF4, 0x00, 0xFC, 0x00, 0x03, 0xFF, 0x00, 0x0F, 0x40, 0x00, 0x3F, 0xF0, 0x00, 0x00, 0x00,
    0x07, 0xFE, 0x00, 0x00, 0x00, 0x00, 0x7F, 0xD0, 0x00, 0x00, 0x00, 0x0B, 0xFE, 0x6A, 0xA0, 0x00,
    0x00, 0xFF, 0xFF, 0xFF, 0x00, 0x00, 0x0F, 0xFF, 0xFF, 0xE0, 0x00, 0x01, 0xFF, 0xEA, 0xA8, 0x00,
    0x00, 0x2F, 0xF4, 0x00, 0x00, 0x00, 0x03, 0xFF, 0x00, 0x00, 0x00, 0x00, 0x3F, 0xF0, 0x00, 0x00,
    0x00, 0x03, 0xFF, 0x00, 0x00, 0x00, 0x00, 0x7F, 0xE0, 0x00, 0x00, 0x00, 0x0B, 0xFD, 0x00, 0x00,
    0x00, 0x07, 0xFF, 0xFE, 0x00, 0x00, 0x02, 0xFF, 0xFF, 0xF4, 0x00, 0x00, 0x3F, 0xFF, 0xFF, 0x00,
    0x00, 0x00, 0x00, 0x00, 0x00, 0x55, 0x40, 0x00, 0x00, 0x06, 0xFF, 0xFF, 0xE4, 0x00, 0x02, 0xFF,
    0xFF, 0xFF, 0xD0, 0x01, 0xFF, 0xFF, 0xFF, 0xFC, 0x00, 0xBF, 0xFD, 0x00, 0x7F, 0xC0, 0x1F, 0xFD,
    0x00, 0x02, 0xFC, 0x03, 0xFF, 0x00, 0x00, 0x3F, 0x80, 0xFF, 0xD0, 0x00, 0x03, 0xF0, 0x1F, 0xFC,
    0x00, 0x00, 0x14, 0x03, 0xFF, 0x40, 0x00, 0x00, 0x00, 0x3F, 0xF0, 0x00, 0x00, 0x00, 0x07, 0xFE,
    0x00, 0x00, 0x00, 0x00, 0xBF, 0xE0, 0x00, 0x00, 0x00, 0x0F, 0xFE, 0x00, 0x0F, 0xFF, 0xFE, 0xFF,
    0xE0, 0x00, 0xFF, 0xFF, 0xDF, 0xFE, 0x00, 0x0B, 0xFF, 0xF8, 0xFF, 0xF0, 0x00, 0x03, 0xFF, 0x0B,
    0xFF, 0x00, 0x00, 0x3F, 0xE0, 0x7F, 0xF8, 0x00, 0x03, 0xFD, 0x03, 0xFF, 0xE0, 0x00, 0x7F, 0xC0,
    0x1F, 0xFF, 0xE5, 0x5F, 0xFC, 0x00, 0xBF, 0xFF, 0xFF, 0xFF, 0xC0, 0x01, 0xFF, 0xFF, 0xFF, 0xF4,
    0x00, 0x02, 0xFF, 0xFF, 0xE4, 0x00, 0x00, 0x00, 0x15, 0x00, 0x00, 0x00, 0x00, 0x0F, 0xFF, 0xFF,
    0x02, 0xFF, 0xFF, 0xD0, 0x02, 0xFF, 0xFF, 0xE0, 0x3F, 0xFF, 0xFC, 0x00, 0x1F, 0xFF, 0xF8, 0x02,
    0xFF, 0xFE, 0x40, 0x00, 0x0F, 0xFC, 0x00, 0x02, 0xFF, 0x40, 0x00, 0x01, 0xFF, 0x80, 0x00, 0x3F,
    0xF0, 0x00, 0x00, 0x2F, 0xF4, 0x00, 0x03, 0xFF, 0x00, 0x00, 0x03, 0xFF, 0x00, 0x00, 0x7F, 0xE0,
    0x00, 0x00, 0x3F, 0xF0, 0x00, 0x0B, 0xFD, 0x00, 0x00, 0x07, 0xFE, 0x00, 0x00, 0xBF, 0xC0, 0x00,
    0x00, 0x7F, 0xE0, 0x00, 0x0F, 0xFC, 0x00, 0x00, 0x0B, 0xFF, 0xFF, 0xFF, 0xFF, 0xC0, 0x00, 0x00,
    0xFF, 0xFF, 0xFF, 0xFF, 0xF8, 0x00, 0x00, 0x0F, 0xFF, 0xFF, 0xFF, 0xFF, 0x40, 0x00, 0x01, 0xFF,
    0x80, 0x00, 0x3F, 0xF0, 0x00, 0x00, 0x2F, 0xF4, 0x00, 0x03, 0xFF, 0x00, 0x00, 0x03, 0xFF, 0x00,
    0x00, 0x3F, 0xE0, 0x00, 0x00, 0x3F, 0xF0, 0x00, 0x07, 0xFD, 0x00, 0x00, 0x03, 0xFF, 0x00, 0x00,
    0xBF, 0xD0, 0x00, 0x00, 0x7F, 0xE0, 0x00, 0x0F, 0xFC, 0x00, 0x00, 0x0B, 0xFD, 0x00, 0x00, 0xFF,
    0xC0, 0x00, 0x07, 0xFF, 0xF9, 0x00, 0xBF, 0xFF, 0x80, 0x02, 0xFF, 0xFF, 0xE0, 0x3F, 0xFF, 0xFC,
    0x00, 0x3F, 0xFF, 0xFD, 0x07, 0xFF, 0xFF, 0xC0, 0x00, 0x00, 0x0F, 0xFF, 0xFF, 0x00, 0x0B, 0xFF,
    0xFF, 0xC0, 0x01, 0xFF, 0xFF, 0x80, 0x00, 0x03, 0xFF, 0x00, 0x00, 0x01, 0xFF, 0x80, 0x00, 0x00,
    0xBF, 0xD0, 0x00, 0x00, 0x3F, 0xF0, 0x00, 0x00, 0x0F, 0xFC, 0x00, 0x00, 0x03, 0xFF, 0x00, 0x00,
    0x01, 0xFF, 0x80, 0x00, 0x00, 0xBF, 0xD0, 0x00, 0x00, 0x3F, 0xF0, 0x00, 0x00, 0x0F, 0xFC, 0x00,
    0x00, 0x03, 0xFE, 0x00, 0x00, 0x01, 0xFF, 0x80, 0x00, 0x00, 0xBF, 0xD0, 0x00, 0x00, 0x3F, 0xF0,
    0x00, 0x00, 0x0F, 0xFC, 0x00, 0x00, 0x07, 0xFE, 0x00, 0x00, 0x02, 0xFF, 0x40, 0x00, 0x06, 0xFF,
    0xF9, 0x00, 0x0B, 0xFF, 0xFF, 0xC0, 0x03, 0xFF, 0xFF, 0xE0, 0x00, 0x00, 0x00, 0x0F, 0xFF, 0xFF,
    0x40, 0x00, 0x0B, 0xFF, 0xFF, 0xC0, 0x00, 0x00, 0xFF, 0xFF, 0x80, 0x00, 0x00, 0x03, 0xFF, 0x00,
    0x00, 0x00, 0x00, 0xFF, 0xC0, 0x00, 0x00, 0x00, 0x7F, 0xE0, 0x00, 0x00, 0x00, 0x2F, 0xF4, 0x00,
    0x00, 0x00, 0x0F, 0xFC, 0x00, 0x00, 0x00, 0x03, 0xFF, 0x00, 0x00, 0x00, 0x00, 0xFF, 0xC0, 0x00,
    0x00, 0x00, 0x7F, 0xE0, 0x00, 0x00, 0x00, 0x2F, 0xF4, 0x00, 0x00, 0x00, 0x0F, 0xFC, 0x00, 0x00,
    0x00, 0x03, 0xFF, 0x00, 0x00, 0x00, 0x01, 0xFF, 0x80, 0x00, 0x00, 0x00, 0x7F, 0xD0, 0x00, 0x00,
    0x00, 0x2F, 0xF4, 0x00, 0x00, 0x00, 0x0F, 0xFC, 0x00, 0x00, 0x00, 0x03, 0xFF, 0x00, 0x00, 0x00,
    0x01, 0xFF, 0x80, 0x00, 0x00, 0x00, 0xBF, 0xD0, 0x00, 0x00, 0x00, 0x3F, 0xF0, 0x00, 0x00, 0x00,
    0x0F, 0xF8, 0x00, 0x00, 0x00, 0x0B, 0xFD, 0x00, 0x00, 0x28, 0x03, 0xFF, 0x00, 0x00, 0x1F, 0xD7,
    0xFF, 0x40, 0x00, 0x0B, 0xFF, 0xFF, 0x40, 0x00, 0x02, 0xFF, 0xFF, 0x40, 0x00, 0x00, 0x7F, 0xFF,
    0x00, 0x00, 0x00, 0x01, 0x94, 0x00, 0x00, 0x00, 0x00, 0x00, 0x0F, 0xFF, 0xFF, 0x0F, 0xFF, 0xF8,
    0x00, 0xBF, 0xFF, 0xF8, 0x7F, 0xFF, 0xD0, 0x01, 0xFF, 0xFF, 0x80, 0x7F, 0xFD, 0x00, 0x00, 0x3F,
    0xE0, 0x01, 0xFF, 0x80, 0x00, 0x01, 0xFF, 0x40, 0x2F, 0xF4, 0x00, 0x00, 0x0B, 0xFC, 0x02, 0xFF,
    0x40, 0x00, 0x00, 0x3F, 0xF0, 0x2F, 0xF0, 0x00, 0x00, 0x00, 0xFF, 0xC2, 0xFF, 0x00, 0x00, 0x00,
    0x07, 0xFE, 0x3F, 0xF0, 0x00, 0x00, 0x00, 0x1F, 0xF7, 0xFE, 0x00, 0x00, 0x00, 0x00, 0xBF, 0xFF,
    0xE0, 0x00, 0x00, 0x00, 0x03, 0xFF, 0xFF, 0x00, 0x00, 0x00, 0x00, 0x0F, 0xFF, 0xFE, 0x00, 0x00,
    0x00, 0x00, 0x7F, 0xEF, 0xFD, 0x00, 0x00, 0x00, 0x02, 0xFF, 0x5F, 0xFC, 0x00, 0x00, 0x00, 0x0F,
    0xFC, 0x2F, 0xFC, 0x00, 0x00, 0x00, 0x3F, 0xF0, 0x3F, 0xF8, 0x00, 0x00, 0x00, 0xFF, 0x80, 0x7F,
    0xF4, 0x00, 0x00, 0x07, 0xFD, 0x00, 0xFF, 0xF4, 0x00, 0x00, 0x2F, 0xF0, 0x00, 0xFF, 0xF4, 0x00,
    0x07, 0xFF, 0xF8, 0x01, 0xFF, 0xF8, 0x00, 0xBF, 0xFF, 0xF8, 0x01, 0xFF, 0xFC, 0x03, 0xFF, 0xFF,
    0xD0, 0x01, 0xFF, 0xC0, 0x00, 0x00, 0x00, 0x00, 0x00, 0x10, 0x00, 0x00, 0x0F, 0xFF, 0xFF, 0x00,
    0x00, 0x2F, 0xFF, 0xFE, 0x00, 0x00, 0x1F, 0xFF, 0xF8, 0x00, 0x00, 0x00, 0xFF, 0xC0, 0x00, 0x00,
    0x01, 0xFF, 0x80, 0x00, 0x00, 0x02, 0xFF, 0x40, 0x00, 0x00, 0x03, 0xFF, 0x00, 0x00, 0x00, 0x03,
    0xFF, 0x00, 0x00, 0x00, 0x07, 0xFE, 0x00, 0x00, 0x00, 0x07, 0xFD, 0x00, 0x00, 0x00, 0x0B, 0xFD,
    0x00, 0x00, 0x00, 0x0F, 0xFC, 0x00, 0x00, 0x00, 0x0F, 0xFC, 0x00, 0x00, 0x00, 0x1F, 0xF8, 0x00,
    0x00, 0x00, 0x2F, 0xF4, 0x00, 0x00, 0x00, 0x3F, 0xF0, 0x00, 0x19, 0x00, 0x3F, 0xF0, 0x00, 0x3F,
    0x00, 0x3F, 0xF0, 0x00, 0x7F, 0x00, 0x7F, 0xE0, 0x00, 0xFE, 0x00, 0xBF, 0xD0, 0x06, 0xFD, 0x07,
    0xFF, 0xFF, 0xFF, 0xFC, 0x2F, 0xFF, 0xFF, 0xFF, 0xF8, 0x3F, 0xFF, 0xFF, 0xFF, 0xF0, 0x00, 0x01,
    0xFF, 0xFF, 0x00, 0x00, 0xBF, 0xFF, 0x00, 0x00, 0xBF, 0xFF, 0xC0, 0x00, 0x7F, 0xFF, 0xC0, 0x00,
    0x0B, 0xFF, 0xF0, 0x00, 0x3F, 0xFF, 0x80, 0x00, 0x00, 0xBF, 0xFD, 0x00, 0x1F, 0xFF, 0x40, 0x00,
    0x00, 0x3F, 0xFF, 0x40, 0x0F, 0xFF, 0xD0, 0x00, 0x00, 0x1F, 0xFF, 0xD0, 0x07, 0xFF, 0xF4, 0x00,
    0x00, 0x0B, 0xFB, 0xF8, 0x03, 0xF7, 0xFC, 0x00, 0x00, 0x03, 0xFA, 0xFE, 0x01, 0xFC, 0xFF, 0x00,
    0x00, 0x00, 0xFC, 0x7F, 0xC0, 0xFD, 0x3F, 0xC0, 0x00, 0x00, 0xBF, 0x1F, 0xF0, 0xBF, 0x1F, 0xF0,
    0x00, 0x00, 0x3F, 0x83, 0xFC, 0x3F, 0x07, 0xFC, 0x00, 0x00, 0x0F, 0xD0, 0xFF, 0x6F, 0x82, 0xFF,
    0x00, 0x00, 0x07, 0xF0, 0x3F, 0xEF, 0xC0, 0xBF, 0xC0, 0x00, 0x03, 0xFC, 0x0B, 0xFF, 0xE0, 0x2F,
    0xF0, 0x00, 0x00, 0xFD, 0x01, 0xFF, 0xF0, 0x0F, 0xF8, 0x00, 0x00, 0x7F, 0x00, 0x7F, 0xF8, 0x03,
    0xFE, 0x00, 0x00, 0x2F, 0xC0, 0x0F, 0xFC, 0x00, 0xFF, 0x80, 0x00, 0x0F, 0xE0, 0x03, 0xFD, 0x00,
    0x3F, 0xE0, 0x00, 0x07, 0xF4, 0x00, 0xBF, 0x00, 0x0F, 0xF8, 0x00, 0x02, 0xFC, 0x00, 0x2F, 0x40,
    0x03, 0xFD, 0x00, 0x06, 0xFF, 0x90, 0x00, 0x00, 0x1B, 0xFF, 0xF4, 0x0B, 0xFF, 0xFC, 0x00, 0x00,
    0x1F, 0xFF, 0xFE, 0x03, 0xFF, 0xFF, 0x00, 0x00, 0x0B, 0xFF, 0xFF, 0x40, 0x00, 0x3F, 0xFF, 0x00,
    0x03, 0xFF, 0xFF, 0x00, 0x2F, 0xFF, 0xD0, 0x01, 0xFF, 0xFF, 0xC0, 0x03, 0xFF, 0xFC, 0x00, 0x2F,
    0xFF, 0x80, 0x00, 0x0F, 0xFF, 0x40, 0x00, 0xFF, 0x00, 0x00, 0x07, 0xFF, 0xE0, 0x00, 0x3F, 0x80,
    0x00, 0x02, 0xFF, 0xFC, 0x00, 0x1F, 0xD0, 0x00, 0x00, 0xFF, 0xFF, 0x80, 0x0B, 0xF4, 0x00, 0x00,
    0x3F, 0xFF, 0xF0, 0x03, 0xFC, 0x00, 0x00, 0x0F, 0xEF, 0xFD, 0x00, 0xFF, 0x00, 0x00, 0x07, 0xF5,
    0xFF, 0xC0, 0x3F, 0x80, 0x00, 0x02, 0xFC, 0x3F, 0xF4, 0x1F, 0xD0, 0x00, 0x00, 0xFF, 0x07, 0xFF,
    0x0B, 0xF0, 0x00, 0x00, 0x3F, 0xC0, 0xFF, 0xC3, 0xFC, 0x00, 0x00, 0x1F, 0xE0, 0x2F, 0xF8, 0xFF,
    0x00, 0x00, 0x0B, 0xF4, 0x03, 0xFF, 0x7F, 0x80, 0x00, 0x02, 0xFC, 0x00, 0xBF, 0xFF, 0xD0, 0x00,
    0x00, 0xFF, 0x00, 0x0F, 0xFF, 0xF0, 0x00, 0x00, 0x3F, 0x80, 0x02, 0xFF, 0xFC, 0x00, 0x00, 0x1F,
    0xD0, 0x00, 0x7F, 0xFE, 0x00, 0x00, 0x0B, 0xF4, 0x00, 0x0F, 0xFF, 0x80, 0x00, 0x0B, 0xFF, 0x80,
    0x01, 0xFF, 0xD0, 0x00, 0x1F, 0xFF, 0xF8, 0x00, 0x3F, 0xF0, 0x00, 0x0F, 0xFF, 0xFD, 0x00, 0x07,
    0xFC, 0x00, 0x00, 0x00, 0x00, 0x00, 0x00, 0x50, 0x00, 0x00, 0x00, 0x00, 0x00, 0x55, 0x40, 0x00,
    0x00, 0x00, 0x2F, 0xFF, 0xF8, 0x00, 0x00, 0x02, 0xFF, 0xFF, 0xFF, 0x40, 0x00, 0x0F, 0xFF, 0xFF,
    0xFF, 0xD0, 0x00, 0x3F, 0xFE, 0x56, 0xFF, 0xF0, 0x00, 0xFF, 0xF0, 0x00, 0x7F, 0xF8, 0x02, 0xFF,
    0xC0, 0x00, 0x3F, 0xFC, 0x03, 0xFF, 0x40, 0x00, 0x1F, 0xFC, 0x0B, 0xFF, 0x00, 0x00, 0x1F, 0xFD,
    0x0F, 0xFD, 0x00, 0x00, 0x0F, 0xFD, 0x1F, 0xFC, 0x00, 0x00, 0x0F, 0xFD, 0x2F, 0xFC, 0x00, 0x00,
    0x1F, 0xFD, 0x3F, 0xF8, 0x00, 0x00, 0x1F, 0xFC, 0x3F, 0xF8, 0x00, 0x00, 0x2F, 0xFC, 0x3F, 0xF8,
    0x00, 0x00, 0x3F, 0xF8, 0x3F, 0xF8, 0x00, 0x00, 0x3F, 0xF4, 0x3F, 0xF8, 0x00, 0x00, 0xBF, 0xF0,
    0x3F, 0xFC, 0x00, 0x00, 0xFF, 0xD0, 0x2F, 0xFD, 0x00, 0x03, 0xFF, 0xC0, 0x0F, 0xFF, 0x00, 0x0F,
    0xFF, 0x00, 0x0B, 0xFF, 0xE5, 0xBF, 0xFD, 0x00, 0x03, 0xFF, 0xFF, 0xFF, 0xF0, 0x00, 0x00, 0xFF,
    0xFF, 0xFF, 0x80, 0x00, 0x00, 0x1F, 0xFF, 0xF8, 0x00, 0x00, 0x00, 0x00, 0x14, 0x00, 0x00, 0x00,
    0x00, 0x00, 0x05, 0x55, 0x00, 0x00, 0x00, 0x2F, 0xFF, 0xFF, 0xE0, 0x00, 0x07, 0xFF, 0xFF, 0xFF,
    0xF0, 0x00, 0x2F, 0xFF, 0xFF, 0xFF, 0xF0, 0x00, 0x65, 0xFF, 0x82, 0xFF, 0xE0, 0x00, 0x07, 0xFD,
    0x02, 0xFF, 0xC0, 0x00, 0x2F, 0xF0, 0x03, 0xFF, 0x00, 0x00, 0xFF, 0xC0, 0x0F, 0xFC, 0x00, 0x03,
    0xFF, 0x00, 0x3F, 0xF0, 0x00, 0x1F, 0xF8, 0x01, 0xFF, 0x80, 0x00, 0x7F, 0xD0, 0x0F, 0xFC, 0x00,
    0x02, 0xFF, 0x00, 0xFF, 0xE0, 0x00, 0x0F, 0xFD, 0x6F, 0xFE, 0x00, 0x00, 0x3F, 0xFF, 0xFF, 0xD0,
    0x00, 0x01, 0xFF, 0xFF, 0xF8, 0x00, 0x00, 0x0B, 0xFF, 0xA4, 0x00, 0x00, 0x00, 0x3F, 0xF0, 0x00,
    0x00, 0x00, 0x00, 0xFF, 0xC0, 0x00, 0x00, 0x00, 0x03, 0xFE, 0x00, 0x00, 0x00, 0x00, 0x1F, 0xF8,
    0x00, 0x00, 0x00, 0x00, 0xBF, 0xD0, 0x00, 0x00, 0x00, 0x1F, 0xFF, 0xF8, 0x00, 0x00, 0x02, 0xFF,
    0xFF, 0xF4, 0x00, 0x00, 0x0F, 0xFF, 0xFF, 0xC0, 0x00, 0x00, 0x00, 0x00, 0x00, 0x55, 0x40, 0x00,
    0x00, 0x00, 0x00, 0x2F, 0xFF, 0xF8, 0x00, 0x00, 0x00, 0x01, 0xFF, 0xFF, 0xFF, 0x40, 0x00, 0x00,
    0x0F, 0xFF, 0xFF, 0xFF, 0xD0, 0x00, 0x00, 0x3F, 0xFE, 0x56, 0xFF, 0xF0, 0x00, 0x00, 0xFF, 0xF0,
    0x00, 0xBF, 0xF8, 0x00, 0x02, 0xFF, 0xC0, 0x00, 0x3F, 0xFC, 0x00, 0x03, 0xFF, 0x40, 0x00, 0x2F,
    0xFC, 0x00, 0x0B, 0xFF, 0x00, 0x00, 0x1F, 0xFD, 0x00, 0x0F, 0xFD, 0x00, 0x00, 0x0F, 0xFD, 0x00,
    0x1F, 0xFC, 0x00, 0x00, 0x0F, 0xFD, 0x00, 0x2F, 0xFC, 0x00, 0x00, 0x1F, 0xFD, 0x00, 0x3F, 0xF8,
    0x00, 0x00, 0x1F, 0xFC, 0x00, 0x3F, 0xF8, 0x00, 0x00, 0x2F, 0xFC, 0x00, 0x3F, 0xF8, 0x00, 0x00,
    0x2F, 0xF8, 0x00, 0x3F, 0xF8, 0x00, 0x00, 0x3F, 0xF4, 0x00, 0x3F, 0xF8, 0x00, 0x00, 0x7F, 0xF0,
    0x00, 0x3F, 0xFC, 0x00, 0x00, 0xFF, 0xD0, 0x00, 0x1F, 0xFC, 0x00, 0x02, 0xFF, 0xC0, 0x00, 0x0F,
    0xFF, 0x00, 0x0B, 0xFF, 0x00, 0x00, 0x0B, 0xFF, 0xD1, 0xBF, 0xFC, 0x00, 0x00, 0x03, 0xFF, 0xFF,
    0xFF, 0xF0, 0x00, 0x00, 0x00, 0xFF, 0xFF, 0xFF, 0x40, 0x00, 0x00, 0x00, 0x3F, 0xFF, 0xA0, 0x00,
    0x00, 0x00, 0x00, 0x0B, 0xFF, 0x40, 0x00, 0x00, 0x00, 0x00, 0x01, 0xFF, 0xF9, 0x00, 0x00, 0x00,
    0x00, 0x00, 0x2F, 0xFF, 0xF9, 0x00, 0x00, 0x00, 0x00, 0x03, 0xFF, 0xFF, 0xFF, 0xAE, 0x00, 0x00,
    0x00, 0x7F, 0xFF, 0xFF, 0xFD, 0x00, 0x00, 0x00, 0x02, 0xFF, 0xFF, 0xFC, 0x00, 0x00, 0x00, 0x00,
    0x1B, 0xFF, 0xE0, 0x00, 0x00, 0x00, 0x00, 0x00, 0x00, 0x00, 0x00, 0x00, 0x05, 0x55, 0x00, 0x00,
    0x00, 0x06, 0xFF, 0xFF, 0xF8, 0x00, 0x00, 0x7F, 0xFF, 0xFF, 0xFF, 0x00, 0x00, 0xBF, 0xFF, 0xEF,
    0xFF, 0xC0, 0x00, 0x55, 0xFF, 0x81, 0xFF, 0xE0, 0x00, 0x01, 0xFF, 0x40, 0x7F, 0xF0, 0x00, 0x02,
    0xFF, 0x00, 0x3F, 0xF0, 0x00, 0x03, 0xFF, 0x00, 0x3F, 0xF0, 0x00, 0x03, 0xFE, 0x00, 0x3F, 0xE0,
    0x00, 0x07, 0xFE, 0x00, 0xBF, 0xD0, 0x00, 0x07, 0xFD, 0x01, 0xFF, 0x80, 0x00, 0x0B, 0xFC, 0x1B,
    0xFF, 0x00, 0x00, 0x0F, 0xFF, 0xFF, 0xF8, 0x00, 0x00, 0x0F, 0xFF, 0xFF, 0x80, 0x00, 0x00, 0x1F,
    0xFF, 0xFF, 0x00, 0x00, 0x00, 0x2F, 0xF0, 0xFF, 0x40, 0x00, 0x00, 0x3F, 0xF0, 0xFF, 0xC0, 0x00,
    0x00, 0x3F, 0xF0, 0x7F, 0xE0, 0x00, 0x00, 0x3F, 0xE0, 0x3F, 0xF8, 0x00, 0x00, 0x7F, 0xD0, 0x0F,
    0xFD, 0x00, 0x00, 0xBF, 0xC0, 0x0B, 0xFF, 0x80, 0x07, 0xFF, 0xF8, 0x03, 0xFF, 0xE0, 0x2F, 0xFF,
    0xFE, 0x00, 0xFF, 0xFC, 0x3F, 0xFF, 0xFC, 0x00, 0x2F, 0xF8, 0x00, 0x00, 0x00, 0x00, 0x01, 0x40,
    0x00, 0x00, 0x05, 0x54, 0x00, 0x00, 0x07, 0xFF, 0xFF, 0x40, 0x00, 0xBF, 0xFF, 0xFF, 0x80, 0x0B,
    0xFF, 0xFF, 0xFE, 0x00, 0x7F, 0xE0, 0x07, 0xF4, 0x02, 0xFF, 0x00, 0x0F, 0xC0, 0x0F, 0xFC, 0x00,
    0x3F, 0x00, 0x3F, 0xF0, 0x01, 0xF4, 0x00, 0xFF, 0xE0, 0x00, 0x00, 0x03, 0xFF, 0xF0, 0x00, 0x00,
    0x07, 0xFF, 0xF4, 0x00, 0x00, 0x0B, 0xFF, 0xFC, 0x00, 0x00, 0x0B, 0xFF, 0xFC, 0x00, 0x00, 0x07,
    0xFF, 0xFC, 0x00, 0x00, 0x02, 0xFF, 0xF8, 0x00, 0x00, 0x01, 0xFF, 0xF0, 0x0F, 0xC0, 0x01, 0xFF,
    0xC0, 0x7F, 0x00, 0x03, 0xFF, 0x02, 0xFC, 0x00, 0x0F, 0xFC, 0x0F, 0xF4, 0x00, 0x7F, 0xE0, 0x3F,
    0xF4, 0x0B, 0xFF, 0x00, 0xFF, 0xFF, 0xFF, 0xF4, 0x01, 0xFF, 0xFF, 0xFF, 0x40, 0x00, 0x7F, 0xFF,
    0xD0, 0x00, 0x00, 0x01, 0x40, 0x00, 0x00, 0x2F, 0xFF, 0xFF, 0xFF, 0xFF, 0xC3, 0xFF, 0xFF, 0xFF,
    0xFF, 0xFC, 0x3F, 0xFF, 0xFF, 0xFF, 0xFF, 0xC7, 0xF9, 0x5F, 0xFD, 0x57, 0xF8, 0xBF, 0x00, 0xFF,
    0xC0, 0x3F, 0x4B, 0xE0, 0x1F, 0xF8, 0x03, 0xF0, 0xBD, 0x02, 0xFF, 0x40, 0x7E, 0x02, 0x80, 0x3F,
    0xF0, 0x06, 0x80, 0x00, 0x03, 0xFF, 0x00, 0x00, 0x00, 0x00, 0x3F, 0xE0, 0x00, 0x00, 0x00, 0x07,
    0xFE, 0x00, 0x00, 0x00, 0x00, 0xBF, 0xD0, 0x00, 0x00, 0x00, 0x0F, 0xFC, 0x00, 0x00, 0x00, 0x00,
    0xFF, 0xC0, 0x00, 0x00, 0x00, 0x1F, 0xF8, 0x00, 0x00, 0x00, 0x02, 0xFF, 0x40, 0x00, 0x00, 0x00,
    0x2F, 0xF4, 0x00, 0x00, 0x00, 0x03, 0xFF, 0x00, 0x00, 0x00, 0x00, 0x3F, 0xF0, 0x00, 0x00, 0x00,
    0x07, 0xFE, 0x00, 0x00, 0x00, 0x06, 0xFF, 0xF9, 0x00, 0x00, 0x02, 0xFF, 0xFF, 0xF0, 0x00, 0x00,
    0x3F, 0xFF, 0xFE, 0x00, 0x00, 0x00, 0x1F, 0xFF, 0xFE, 0x02, 0xFF, 0xFF, 0xC3, 0xFF, 0xFF, 0xD0,
    0x3F, 0xFF, 0xFC, 0x2F, 0xFF, 0xF4, 0x02, 0xFF, 0xFD, 0x00, 0x2F, 0xF4, 0x00, 0x02, 0xFF, 0x00,
    0x02, 0xFF, 0x00, 0x00, 0x3F, 0xE0, 0x00, 0x3F, 0xF0, 0x00, 0x03, 0xFD, 0x00, 0x03, 0xFF, 0x00,
    0x00, 0x7F, 0xC0, 0x00, 0x7F, 0xE0, 0x00, 0x07, 0xFC, 0x00, 0x0B, 0xFD, 0x00, 0x00, 0xBF, 0x80,
    0x00, 0xFF, 0xC0, 0x00, 0x0F, 0xF4, 0x00, 0x0F, 0xFC, 0x00, 0x00, 0xFF, 0x40, 0x00, 0xFF, 0xC0,
    0x00, 0x1F, 0xF0, 0x00, 0x1F, 0xF8, 0x00, 0x01, 0xFF, 0x00, 0x02, 0xFF, 0x40, 0x00, 0x2F, 0xE0,
    0x00, 0x3F, 0xF0, 0x00, 0x03, 0xFD, 0x00, 0x03, 0xFF, 0x00, 0x00, 0x3F, 0xC0, 0x00, 0x3F, 0xF0,
    0x00, 0x0B, 0xFC, 0x00, 0x03, 0xFF, 0x00, 0x00, 0xFF, 0x40, 0x00, 0x3F, 0xF8, 0x00, 0x7F, 0xF0,
    0x00, 0x03, 0xFF, 0xFA, 0xBF, 0xFD, 0x00, 0x00, 0x1F, 0xFF, 0xFF, 0xFF, 0x40, 0x00, 0x00, 0x7F,
    0xFF, 0xFF, 0xD0, 0x00, 0x00, 0x00, 0xBF, 0xFF, 0xD0, 0x00, 0x00, 0x00, 0x00, 0x15, 0x00, 0x00,
    0x00, 0x00, 0x7F, 0xFF, 0xF8, 0x03, 0xFF, 0xFF, 0x2F, 0xFF, 0xFE, 0x01, 0xFF, 0xFF, 0xC7, 0xFF,
    0xFD, 0x00, 0x1F, 0xFF, 0x80, 0x2F, 0xF8, 0x00, 0x01, 0xFF, 0x40, 0x07, 0xFE, 0x00, 0x00, 0xFF,
    0x80, 0x00, 0xFF, 0xC0, 0x00, 0x7F, 0xC0, 0x00, 0x3F, 0xF0, 0x00, 0x3F, 0xE0, 0x00, 0x0F, 0xFC,
    0x00, 0x1F, 0xF0, 0x00, 0x02, 0xFF, 0x00, 0x0F, 0xF4, 0x00, 0x00, 0x7F, 0xC0, 0x07, 0xFC, 0x00,
    0x00, 0x0F, 0xF4, 0x03, 0xFC, 0x00, 0x00, 0x03, 0xFD, 0x01, 0xFE, 0x00, 0x00, 0x00, 0xFF, 0x80,
    0xFF, 0x00, 0x00, 0x00, 0x2F, 0xE0, 0xBF, 0x40, 0x00, 0x00, 0x0B, 0xFC, 0x3F, 0xC0, 0x00, 0x00,
    0x01, 0xFF, 0x2F, 0xD0, 0x00, 0x00, 0x00, 0x3F, 0xCF, 0xE0, 0x00, 0x00, 0x00, 0x0F, 0xFF, 0xF0,
    0x00, 0x00, 0x00, 0x03, 0xFF, 0xF8, 0x00, 0x00, 0x00, 0x00, 0xBF, 0xFC, 0x00, 0x00, 0x00, 0x00,
    0x1F, 0xFD, 0x00, 0x00, 0x00, 0x00, 0x07, 0xFF, 0x00, 0x00, 0x00, 0x00, 0x00, 0xFF, 0x00, 0x00,
    0x00, 0x00, 0x00, 0x00, 0x00, 0x00, 0x00, 0x00, 0x3F, 0xFF, 0xFC, 0x00, 0xA4, 0x00, 0xFF, 0xFF,
    0xAF, 0xFF, 0xFE, 0x00, 0xBE, 0x00, 0x7F, 0xFF, 0xD2, 0xFF, 0xFD, 0x00, 0x3F, 0xC0, 0x0B, 0xFF,
    0xE0, 0x1F, 0xF8, 0x00, 0x2F, 0xF0, 0x00, 0x7F, 0xC0, 0x07, 0xFE, 0x00, 0x0F, 0xFC, 0x00, 0x3F,
    0xD0, 0x01, 0xFF, 0x80, 0x0B, 0xFF, 0x00, 0x1F, 0xF0, 0x00, 0x3F, 0xF0, 0x03, 0xFF, 0xC0, 0x0F,
    0xF4, 0x00, 0x0F, 0xFC, 0x02, 0xFF, 0xF0, 0x03, 0xFC, 0x00, 0x03, 0xFF, 0x00, 0xFF, 0xFC, 0x02,
    0xFD, 0x00, 0x00, 0xFF, 0xC0, 0xBF, 0xFF, 0x00, 0xFF, 0x00, 0x00, 0x2F, 0xF0, 0x3F, 0x7F, 0xC0,
    0xBF, 0x40, 0x00, 0x0B, 0xFC, 0x1F, 0xCB, 0xF0, 0x3F, 0xC0, 0x00, 0x02, 0xFF, 0x0F, 0xD2, 0xFD,
    0x2F, 0xD0, 0x00, 0x00, 0x7F, 0xC7, 0xF0, 0xBF, 0x4F, 0xF0, 0x00, 0x00, 0x1F, 0xF3, 0xF4, 0x1F,
    0xDB, 0xF4, 0x00, 0x00, 0x03, 0xFD, 0xFC, 0x07, 0xFB, 0xF8, 0x00, 0x00, 0x00, 0xFF, 0xFE, 0x01,
    0xFF, 0xFC, 0x00, 0x00, 0x00, 0x3F, 0xFF, 0x00, 0x3F, 0xFE, 0x00, 0x00, 0x00, 0x0F, 0xFF, 0x80,
    0x0F, 0xFF, 0x00, 0x00, 0x00, 0x03, 0xFF, 0xC0, 0x03, 0xFF, 0x80, 0x00, 0x00, 0x00, 0xBF, 0xE0,
    0x00, 0xFF, 0xC0, 0x00, 0x00, 0x00, 0x2F, 0xF0, 0x00, 0x3F, 0xE0, 0x00, 0x00, 0x00, 0x07, 0xF8,
    0x00, 0x0F, 0xF0, 0x00, 0x00, 0x00, 0x00, 0x00, 0x00, 0x00, 0x00, 0x00, 0x00, 0x00, 0x00, 0x2F,
    0xFF, 0xFC, 0x0F, 0xFF, 0xF8, 0x00, 0xFF, 0xFF, 0xE0, 0x7F, 0xFF, 0xD0, 0x02, 0xFF, 0xFD, 0x00,
    0x7F, 0xF9, 0x00, 0x00, 0xBF, 0xE0, 0x00, 0xFF, 0x40, 0x00, 0x00, 0xFF, 0xC0, 0x0F, 0xF4, 0x00,
    0x00, 0x02, 0xFF, 0x80, 0xBF, 0x40, 0x00, 0x00, 0x03, 0xFF, 0x0B, 0xF8, 0x00, 0x00, 0x00, 0x0B,
    0xFD, 0x7F, 0x80, 0x00, 0x00, 0x00, 0x0F, 0xFF, 0xF8, 0x00, 0x00, 0x00, 0x00, 0x2F, 0xFF, 0xC0,
    0x00, 0x00, 0x00, 0x00, 0x3F, 0xFC, 0x00, 0x00, 0x00, 0x00, 0x00, 0xFF, 0xD0, 0x00, 0x00, 0x00,
    0x00, 0x0B, 0xFF, 0xC0, 0x00, 0x00, 0x00, 0x00, 0xBF, 0xFF, 0x40, 0x00, 0x00, 0x00, 0x07, 0xFB,
    0xFF, 0x00, 0x00, 0x00, 0x00, 0x7F, 0x8B, 0xFD, 0x00, 0x00, 0x00, 0x07, 0xFC, 0x0F, 0xFC, 0x00,
    0x00, 0x00, 0x3F, 0xC0, 0x3F, 0xF4, 0x00, 0x00, 0x03, 0xFD, 0x00, 0x7F, 0xF0, 0x00, 0x00, 0x3F,
    0xD0, 0x00, 0xFF, 0xD0, 0x00, 0x0B, 0xFF, 0x90, 0x07, 0xFF, 0xE4, 0x00, 0xFF, 0xFF, 0xD0, 0xFF,
    0xFF, 0xF0, 0x07, 0xFF, 0xFF, 0x07, 0xFF, 0xFF, 0x80, 0x00, 0x2F, 0xFF, 0xFC, 0x0F, 0xFF, 0xF8,
    0xFF, 0xFF, 0xE0, 0x7F, 0xFF, 0xE2, 0xFF, 0xFD, 0x00, 0x7F, 0xFD, 0x00, 0xFF, 0xC0, 0x00, 0xBF,
    0x80, 0x02, 0xFF, 0x00, 0x07, 0xFC, 0x00, 0x07, 0xFD, 0x00, 0x3F, 0xC0, 0x00, 0x0F, 0xFC, 0x02,
    0xFD, 0x00, 0x00, 0x2F, 0xF0, 0x1F, 0xE0, 0x00, 0x00, 0x7F, 0xD0, 0xFF, 0x00, 0x00, 0x00, 0xFF,
    0xCF, 0xF0, 0x00, 0x00, 0x02, 0xFF, 0xBF, 0x40, 0x00, 0x00, 0x03, 0xFF, 0xF8, 0x00, 0x00, 0x00,
    0x0F, 0xFF, 0xC0, 0x00, 0x00, 0x00, 0x1F, 0xFC, 0x00, 0x00, 0x00, 0x00, 0x7F, 0xE0, 0x00, 0x00,
    0x00, 0x02, 0xFF, 0x40, 0x00, 0x00, 0x00, 0x0B, 0xFC, 0x00, 0x00, 0x00, 0x00, 0x3F, 0xF0, 0x00,
    0x00, 0x00, 0x00, 0xFF, 0xC0, 0x00, 0x00, 0x00, 0x07, 0xFE, 0x00, 0x00, 0x00, 0x01, 0xBF, 0xFE,
    0x40, 0x00, 0x00, 0x2F, 0xFF, 0xFF, 0x00, 0x00, 0x00, 0xFF, 0xFF, 0xF8, 0x00, 0x00, 0x00, 0x00,
    0x7F, 0xFF, 0xFF, 0xFF, 0x40, 0x2F, 0xFF, 0xFF, 0xFF, 0xF0, 0x0F, 0xFF, 0xFF, 0xFF, 0xFC, 0x03,
    0xF9, 0x40, 0x2F, 0xFD, 0x01, 0xFC, 0x00, 0x1F, 0xFE, 0x00, 0x7F, 0x00, 0x0F, 0xFE, 0x00, 0x0F,
    0x40, 0x0F, 0xFF, 0x00, 0x00, 0x00, 0x0F, 0xFF, 0x00, 0x00, 0x00, 0x0B, 0xFF, 0x40, 0x00, 0x00,
    0x07, 0xFF, 0x40, 0x00, 0x00, 0x07, 0xFF, 0x80, 0x00, 0x00, 0x03, 0xFF, 0x80, 0x00, 0x00, 0x03,
    0xFF, 0xC0, 0x00, 0x00, 0x03, 0xFF, 0xC0, 0x00, 0x00, 0x02, 0xFF, 0xD0, 0x00, 0x00, 0x01, 0xFF,
    0xD0, 0x01, 0x90, 0x01, 0xFF, 0xE0, 0x00, 0xFC, 0x00, 0xFF, 0xE0, 0x00, 0x7F, 0x00, 0xFF, 0xF0,
    0x00, 0x3F, 0xC0, 0xBF, 0xF0, 0x00, 0x6F, 0xF0, 0x7F, 0xFF, 0xFF, 0xFF, 0xF8, 0x0F, 0xFF, 0xFF,
    0xFF, 0xFC, 0x02, 0xFF, 0xFF, 0xFF, 0xFE, 0x00, 0x00, 0x00, 0x00, 0x00, 0x00, 0x00, 0x01, 0xFF,
    0xF8, 0x00, 0x0B, 0xFF, 0xE0, 0x00, 0x3F, 0xFF, 0x00, 0x00, 0xFF, 0x00, 0x00, 0x07, 0xF8, 0x00,
    0x00, 0x2F, 0xD0, 0x00, 0x00, 0xFF, 0x00, 0x00, 0x03, 0xFC, 0x00, 0x00, 0x1F, 0xE0, 0x00, 0x00,
    0xBF, 0x40, 0x00, 0x03, 0xFC, 0x00, 0x00, 0x0F, 0xF0, 0x00, 0x00, 0x7F, 0xC0, 0x00, 0x01, 0xFE,
    0x00, 0x00, 0x0B, 0xF4, 0x00, 0x00, 0x3F, 0xC0, 0x00, 0x00, 0xFF, 0x00, 0x00, 0x07, 0xF8, 0x00,
    0x00, 0x2F, 0xD0, 0x00, 0x00, 0xFF, 0x00, 0x00, 0x03, 0xFC, 0x00, 0x00, 0x1F, 0xE0, 0x00, 0x00,
    0xBF, 0x40, 0x00, 0x03, 0xFC, 0x00, 0x00, 0x0F, 0xF0, 0x00, 0x00, 0x7F, 0xC0, 0x00, 0x01, 0xFE,
    0x00, 0x00, 0x0B, 0xF4, 0x00, 0x00, 0x3F, 0xFA, 0x00, 0x00, 0xFF, 0xFC, 0x00, 0x07, 0xFF, 0xF0,
    0x00, 0x00, 0x00, 0x00, 0x00, 0x2F, 0x80, 0x00, 0x00, 0xBF, 0x00, 0x00, 0x01, 0xFE, 0x00, 0x00,
    0x03, 0xFC, 0x00, 0x00, 0x0B, 0xF4, 0x00, 0x00, 0x0F, 0xE0, 0x00, 0x00, 0x3F, 0xC0, 0x00, 0x00,
    0x7F, 0x40, 0x00, 0x00, 0xFF, 0x00, 0x00, 0x02, 0xFC, 0x00, 0x00, 0x07, 0xF8, 0x00, 0x00, 0x0F,
    0xF0, 0x00, 0x00, 0x2F, 0xD0, 0x00, 0x00, 0x3F, 0x80, 0x00, 0x00, 0xFF, 0x00, 0x00, 0x01, 0xFD,
    0x00, 0x00, 0x03, 0xFC, 0x00, 0x00, 0x0B, 0xF0, 0x00, 0x00, 0x1F, 0xE0, 0x00, 0x00, 0x3F, 0xC0,
    0x00, 0x00, 0xBF, 0x40, 0x00, 0x00, 0xFE, 0x00, 0x00, 0x03, 0xFC, 0x00, 0x00, 0x07, 0xF4, 0x00,
    0x00, 0x0F, 0xF0, 0x00, 0x00, 0x15, 0x40, 0x00, 0x02, 0xFF, 0xF8, 0x00, 0x0F, 0xFF, 0xD0, 0x00,
    0x3F, 0xFF, 0x00, 0x00, 0x03, 0xFC, 0x00, 0x00, 0x1F, 0xE0, 0x00, 0x00, 0xBF, 0x40, 0x00, 0x03,
    0xFC, 0x00, 0x00, 0x0F, 0xF0, 0x00, 0x00, 0x7F, 0xC0, 0x00, 0x01, 0xFE, 0x00, 0x00, 0x0B, 0xF4,
    0x00, 0x00, 0x3F, 0xC0, 0x00, 0x00, 0xFF, 0x00, 0x00, 0x07, 0xF8, 0x00, 0x00, 0x2F, 0xD0, 0x00,
    0x00, 0xFF, 0x00, 0x00, 0x03, 0xFC, 0x00, 0x00, 0x1F, 0xE0, 0x00, 0x00, 0xBF, 0x40, 0x00, 0x03,
    0xFC, 0x00, 0x00, 0x0F, 0xF0, 0x00, 0x00, 0x7F, 0xC0, 0x00, 0x02, 0xFE, 0x00, 0x00, 0x0F, 0xF4,
    0x00, 0x00, 0x3F, 0xC0, 0x00, 0x00, 0xFF, 0x00, 0x00, 0x07, 0xF8, 0x00, 0x00, 0x2F, 0xD0, 0x00,
    0x2A, 0xFF, 0x00, 0x01, 0xFF, 0xFC, 0x00, 0x07, 0xFF, 0xE0, 0x00, 0x00, 0x00, 0x00, 0x00, 0x00,
    0x00, 0x00, 0x00, 0x00, 0x03, 0xFD, 0x00, 0x00, 0x00, 0xFF, 0x80, 0x00, 0x00, 0xBF, 0xF0, 0x00,
    0x00, 0x3F, 0xFE, 0x00, 0x00, 0x1F, 0xEF, 0xC0, 0x00, 0x0F, 0xE3, 0xF4, 0x00, 0x03, 0xF4, 0xFF,
    0x00, 0x02, 0xFC, 0x2F, 0xC0, 0x00, 0xFE, 0x03, 0xF8, 0x00, 0x7F, 0x40, 0xFF, 0x00, 0x3F, 0xC0,
    0x1F, 0xD0, 0x1F, 0xE0, 0x03, 0xFC, 0x0B, 0xF0, 0x00, 0xFF, 0x03, 0xFC, 0x00, 0x1F, 0xE2, 0xFE,
    0x00, 0x03, 0xFC, 0x00, 0x00, 0x00, 0x00, 0x00, 0x55, 0x55, 0x55, 0x55, 0x3F, 0xFF, 0xFF, 0xFF,
    0xEF, 0xFF, 0xFF, 0xFF, 0xFA, 0xAA, 0xAA, 0xAA, 0xA9, 0x04, 0x00, 0xF0, 0x0F, 0xE0, 0x3F, 0xD0,
    0xBF, 0xC0, 0x7F, 0xC0, 0x7F, 0x40, 0x3C, 0x00, 0x00, 0x00, 0x00, 0x69, 0x01, 0x50, 0x00, 0x07,
    0xFF, 0xCF, 0xF0, 0x00, 0x2F, 0xFF, 0xFF, 0xF0, 0x00, 0xBF, 0xFB, 0xFF, 0xD0, 0x01, 0xFF, 0x80,
    0xBF, 0xC0, 0x03, 0xFE, 0x00, 0xBF, 0xC0, 0x0B, 0xFC, 0x00, 0xFF, 0x80, 0x0F, 0xF8, 0x00, 0xFF,
    0x00, 0x1F, 0xF0, 0x01, 0xFF, 0x00, 0x2F, 0xF0, 0x03, 0xFF, 0x00, 0x3F, 0xE0, 0x07, 0xFE, 0x00,
    0x3F, 0xE0, 0x0F, 0xFD, 0x00, 0x3F, 0xE0, 0x2F, 0xFD, 0x00, 0x3F, 0xE0, 0xBE, 0xFC, 0x2C, 0x3F,
    0xF6, 0xF9, 0xFF, 0xFC, 0x2F, 0xFF, 0xE1, 0xFF, 0xF8, 0x1F, 0xFF, 0x81, 0xFF, 0xE0, 0x0B, 0xFE,
    0x00, 0xFF, 0x40, 0x00, 0x50, 0x00, 0x10, 0x00, 0x00, 0x05, 0x40, 0x00, 0x00, 0x2F, 0xFF, 0x00,
    0x00, 0x0F, 0xFF, 0xF0, 0x00, 0x00, 0xBF, 0xFF, 0x00, 0x00, 0x00, 0x2F, 0xF0, 0x00, 0x00, 0x03,
    0xFD, 0x00, 0x00, 0x00, 0x3F, 0xC0, 0x00, 0x00, 0x07, 0xFC, 0x00, 0x00, 0x00, 0xBF, 0x80, 0x68,
    0x00, 0x0F, 0xF0, 0x7F, 0xF4, 0x00, 0xFF, 0x2F, 0xFF, 0xC0, 0x0F, 0xEB, 0xFF, 0xFC, 0x01, 0xFE,
    0xF8, 0xBF, 0xD0, 0x2F, 0xFE, 0x03, 0xFD, 0x03, 0xFF, 0xC0, 0x3F, 0xD0, 0x3F, 0xF0, 0x03, 0xFD,
    0x07, 0xFE, 0x00, 0x7F, 0xC0, 0x7F, 0xC0, 0x0B, 0xFC, 0x0B, 0xF8, 0x00, 0xFF, 0x80, 0xFF, 0x40,
    0x1F, 0xF0, 0x0F, 0xF0, 0x02, 0xFF, 0x01, 0xFF, 0x00, 0x7F, 0xC0, 0x3F, 0xF4, 0x1F, 0xF8, 0x03,
    0xFF, 0xFF, 0xFE, 0x00, 0x7F, 0xFF, 0xFF, 0x80, 0x07, 0xF7, 0xFF, 0xD0, 0x00, 0x00, 0x01, 0x40,
    0x00, 0x00, 0x00, 0x00, 0x1A, 0x40, 0x00, 0x0F, 0xFF, 0xC0, 0x01, 0xFF, 0xFF, 0x80, 0x2F, 0xFF,
    0xFE, 0x01, 0xFF, 0x42, 0xF0, 0x0F, 0xF4, 0x00, 0x40, 0xBF, 0xC0, 0x00, 0x03, 0xFD, 0x00, 0x00,
    0x1F, 0xF0, 0x00, 0x00, 0xBF, 0xC0, 0x00, 0x03, 0xFE, 0x00, 0x00, 0x0F, 0xF8, 0x00, 0x00, 0x3F,
    0xF0, 0x00, 0x80, 0xFF, 0xC0, 0x1F, 0x43, 0xFF, 0xEB, 0xFD, 0x07, 0xFF, 0xFF, 0xF0, 0x0F, 0xFF,
    0xFE, 0x00, 0x0B, 0xFF, 0x80, 0x00, 0x01, 0x40, 0x00, 0x00, 0x00, 0x00, 0x00, 0x01, 0x50, 0x00,
    0x00, 0x00, 0xBF, 0xFC, 0x00, 0x00, 0x02, 0xFF, 0xFC, 0x00, 0x00, 0x02, 0xFF, 0xFC, 0x00, 0x00,
    0x00, 0x0B, 0xFC, 0x00, 0x00, 0x00, 0x0F, 0xF8, 0x00, 0x00, 0x00, 0x0F, 0xF4, 0x00, 0x00, 0x00,
    0x0F, 0xF0, 0x00, 0x00, 0x69, 0x1F, 0xF0, 0x00, 0x07, 0xFF, 0xEF, 0xE0, 0x00, 0x2F, 0xFF, 0xFF,
    0xD0, 0x00, 0xBF, 0xFB, 0xFF, 0xC0, 0x01, 0xFF, 0x80, 0xBF, 0xC0, 0x03, 0xFE, 0x00, 0xBF, 0x80,
    0x0B, 0xFC, 0x00, 0xFF, 0x40, 0x0F, 0xF8, 0x00, 0xFF, 0x00, 0x1F, 0xF0, 0x01, 0xFF, 0x00, 0x2F,
    0xF0, 0x03, 0xFE, 0x00, 0x3F, 0xE0, 0x07, 0xFE, 0x00, 0x3F, 0xE0, 0x0F, 0xFD, 0x00, 0x3F, 0xE0,
    0x2F, 0xFC, 0x00, 0x3F, 0xE0, 0xBE, 0xFC, 0x2C, 0x3F, 0xF6, 0xF9, 0xFF, 0xFC, 0x2F, 0xFF, 0xE1,
    0xFF, 0xF8, 0x1F, 0xFF, 0x81, 0xFF, 0xE0, 0x0B, 0xFE, 0x00, 0xFF, 0x40, 0x00, 0x50, 0x00, 0x10,
    0x00, 0x00, 0x00, 0x1A, 0x40, 0x00, 0x1F, 0xFF, 0xC0, 0x02, 0xFF, 0xFF, 0x80, 0x2F, 0xE6, 0xFF,
    0x01, 0xFD, 0x03, 0xFC, 0x0F, 0xE0, 0x1F, 0xE0, 0xBF, 0x00, 0xFF, 0x03, 0xF8, 0x0B, 0xF4, 0x1F,
    0xD1, 0xFF, 0x40, 0xBF, 0xBF, 0xF4, 0x03, 0xFF, 0xFE, 0x00, 0x0F, 0xFF, 0x40, 0x00, 0x3F, 0xD0,
    0x00, 0x90, 0xFF, 0x40, 0x1F, 0xC3, 0xFF, 0x57, 0xFE, 0x07, 0xFF, 0xFF, 0xF0, 0x0F, 0xFF, 0xFE,
    0x00, 0x0B, 0xFF, 0x80, 0x00, 0x01, 0x40, 0x00, 0x00, 0x00, 0x00, 0x00, 0x00, 0x2B, 0xA0, 0x00,
    0x00, 0x00, 0x02, 0xFF, 0xFD, 0x00, 0x00, 0x00, 0x0F, 0xFF, 0xFF, 0x00, 0x00, 0x00, 0x2F, 0xE6,
    0xFE, 0x00, 0x00, 0x00, 0x3F, 0xC0, 0x7C, 0x00, 0x00, 0x00, 0xBF, 0x80, 0x00, 0x00, 0x00, 0x00,
    0xFF, 0x40, 0x00, 0x00, 0x00, 0x01, 0xFF, 0x00, 0x00, 0x00, 0x00, 0x02, 0xFF, 0x00, 0x00, 0x00,
    0x00, 0x6F, 0xFF, 0xFF, 0x40, 0x00, 0x02, 0xFF, 0xFF, 0xFF, 0x00, 0x00, 0x03, 0xFF, 0xFF, 0xFE,
    0x00, 0x00, 0x00, 0x07, 0xFC, 0x00, 0x00, 0x00, 0x00, 0x0B, 0xFC, 0x00, 0x00, 0x00, 0x00, 0x0F,
    0xF8, 0x00, 0x00, 0x00, 0x00, 0x0F, 0xF4, 0x00, 0x00, 0x00, 0x00, 0x1F, 0xF4, 0x00, 0x00, 0x00,
    0x00, 0x1F, 0xF0, 0x00, 0x00, 0x00, 0x00, 0x2F, 0xF0, 0x00, 0x00, 0x00, 0x00, 0x3F, 0xE0, 0x00,
    0x00, 0x00, 0x00, 0x3F, 0xD0, 0x00, 0x00, 0x00, 0x00, 0x7F, 0xD0, 0x00, 0x00, 0x00, 0x00, 0x7F,
    0xC0, 0x00, 0x00, 0x00, 0x00, 0xBF, 0xC0, 0x00, 0x00, 0x00, 0x00, 0xFF, 0x80, 0x00, 0x00, 0x00,
    0x00, 0xFF, 0x40, 0x00, 0x00, 0x00, 0x01, 0xFF, 0x00, 0x00, 0x00, 0x00, 0x02, 0xFF, 0x00, 0x00,
    0x00, 0x00, 0x03, 0xFE, 0x00, 0x00, 0x00, 0x3C, 0x07, 0xFC, 0x00, 0x00, 0x00, 0xBF, 0xAF, 0xF8,
    0x00, 0x00, 0x00, 0xFF, 0xFF, 0xE0, 0x00, 0x00, 0x00, 0xBF, 0xFF, 0x80, 0x00, 0x00, 0x00, 0x1B,
    0xE4, 0x00, 0x00, 0x00, 0x00, 0x00, 0x00, 0x01, 0xA9, 0x40, 0x00, 0x00, 0x00, 0xFF, 0xFF, 0xFF,
    0xD0, 0x00, 0x1F, 0xFF, 0xFF, 0xFF, 0x00, 0x01, 0xFF, 0x82, 0xFE, 0xA4, 0x00, 0x0F, 0xF8, 0x07,
    0xFC, 0x00, 0x00, 0x3F, 0xC0, 0x0F, 0xF0, 0x00, 0x01, 0xFF, 0x00, 0x7F, 0xC0, 0x00, 0x07, 0xF8,
    0x03, 0xFE, 0x00, 0x00, 0x0F, 0xF0, 0x1F, 0xF0, 0x00, 0x00, 0x3F, 0xE6, 0xFF, 0x40, 0x00, 0x00,
    0x3F, 0xFF, 0xF0, 0x00, 0x00, 0x00, 0x2F, 0xF9, 0x00, 0x00, 0x00, 0x02, 0xFE, 0x00, 0x00, 0x00,
    0x00, 0x2F, 0xD0, 0x00, 0x00, 0x00, 0x00, 0xFF, 0xD0, 0x00, 0x00, 0x00, 0x02, 0xFF, 0xF8, 0x00,
    0x00, 0x00, 0x7F, 0xFF, 0xFE, 0x00, 0x00, 0x1F, 0xFE, 0xFF, 0xFF, 0x40, 0x01, 0xFF, 0x40, 0x2F,
    0xFF, 0x00, 0x0F, 0xF0, 0x00, 0x0F, 0xFD, 0x00, 0x3F, 0xC0, 0x00, 0x0F, 0xF0, 0x00, 0xFF, 0x40,
    0x00, 0xBF, 0xC0, 0x03, 0xFF, 0x90, 0x5F, 0xFD, 0x00, 0x07, 0xFF, 0xFF, 0xFF, 0xD0, 0x00, 0x03,
    0xFF, 0xFF, 0xF8, 0x00, 0x00, 0x00, 0x6F, 0xE9, 0x00, 0x00, 0x00, 0x00, 0x05, 0x40, 0x00, 0x00,
    0x0B, 0xFF, 0xC0, 0x00, 0x00, 0xBF, 0xFF, 0x40, 0x00, 0x02, 0xFF, 0xFC, 0x00, 0x00, 0x00, 0x2F,
    0xF0, 0x00, 0x00, 0x00, 0xFF, 0x80, 0x00, 0x00, 0x03, 0xFD, 0x00, 0x00, 0x00, 0x1F, 0xF0, 0x00,
    0x00, 0x00, 0xBF, 0xC0, 0x29, 0x00, 0x03, 0xFD, 0x0F, 0xFF, 0x00, 0x0F, 0xF1, 0xFF, 0xFC, 0x00,
    0x3F, 0xDF, 0xFF, 0xF4, 0x01, 0xFE, 0xFD, 0x3F, 0xD0, 0x0B, 0xFF, 0xC0, 0xFF, 0x00, 0x3F, 0xFC,
    0x07, 0xFC, 0x00, 0xFF, 0xD0, 0x2F, 0xE0, 0x07, 0xFF, 0x00, 0xFF, 0x40, 0x2F, 0xF4, 0x03, 0xFC,
    0x00, 0xFF, 0xC0, 0x1F, 0xF0, 0x03, 0xFE, 0x00, 0xBF, 0x80, 0x1F, 0xF4, 0x03, 0xFD, 0x00, 0x7F,
    0xC0, 0x0F, 0xF0, 0x92, 0xFF, 0x00, 0x7F, 0xEF, 0xCF, 0xF8, 0x02, 0xFF, 0xFE, 0x3F, 0xD0, 0x07,
    0xFF, 0xE1, 0xFF, 0x00, 0x0F, 0xFD, 0x00, 0x00, 0x00, 0x05, 0x00, 0x00, 0x00, 0x00, 0x00, 0x01,
    0xFD, 0x00, 0x3F, 0xF0, 0x0B, 0xFF, 0x00, 0xBF, 0xD0, 0x07, 0xF8, 0x00, 0x00, 0x00, 0x00, 0x00,
    0x00, 0x68, 0x02, 0xFF, 0xF0, 0xBF, 0xFF, 0x0A, 0xBF, 0xE0, 0x02, 0xFD, 0x00, 0x3F, 0xC0, 0x07,
    0xFC, 0x00, 0xBF, 0x80, 0x0F, 0xF4, 0x00, 0xFF, 0x00, 0x1F, 0xF0, 0x03, 0xFE, 0x00, 0x3F, 0xD0,
    0x07, 0xFC, 0x24, 0x7F, 0xEF, 0x8B, 0xFF, 0xF4, 0xBF, 0xFE, 0x03, 0xFE, 0x40, 0x05, 0x00, 0x00,
    0x00, 0x00, 0x00, 0x00, 0x00, 0x00, 0x00, 0x00, 0x2F, 0xC0, 0x00, 0x00, 0x02, 0xFF, 0x40, 0x00,
    0x00, 0x0F, 0xFD, 0x00, 0x00, 0x00, 0x3F, 0xF0, 0x00, 0x00, 0x00, 0xBF, 0x00, 0x00, 0x00, 0x00,
    0x00, 0x00, 0x00, 0x00, 0x00, 0x00, 0x00, 0x00, 0x00, 0x59, 0x00, 0x00, 0x00, 0x7F, 0xFD, 0x00,
    0x00, 0x03, 0xFF, 0xF4, 0x00, 0x00, 0x0A, 0xFF, 0xD0, 0x00, 0x00, 0x01, 0xFF, 0x00, 0x00, 0x00,
    0x07, 0xFC, 0x00, 0x00, 0x00, 0x2F, 0xF0, 0x00, 0x00, 0x00, 0xFF, 0x80, 0x00, 0x00, 0x03, 0xFD,
    0x00, 0x00, 0x00, 0x1F, 0xF0, 0x00, 0x00, 0x00, 0xBF, 0xC0, 0x00, 0x00, 0x03, 0xFE, 0x00, 0x00,
    0x00, 0x0F, 0xF8, 0x00, 0x00, 0x00, 0x3F, 0xD0, 0x00, 0x00, 0x01, 0xFF, 0x00, 0x00, 0x00, 0x0B,
    0xFC, 0x00, 0x00, 0x00, 0x3F, 0xE0, 0x00, 0x00, 0x00, 0xFF, 0x00, 0x00, 0x00, 0x0B, 0xFC, 0x00,
    0x00, 0x00, 0x3F, 0xE0, 0x00, 0x04, 0x01, 0xFF, 0x00, 0x00, 0xF8, 0x1F, 0xF8, 0x00, 0x07, 0xFF,
    0xFF, 0xC0, 0x00, 0x1F, 0xFF, 0xFC, 0x00, 0x00, 0x3F, 0xFF, 0x80, 0x00, 0x00, 0x1A, 0x90, 0x00,
    0x00, 0x00, 0x00, 0x05, 0x40, 0x00, 0x00, 0xBF, 0xFC, 0x00, 0x00, 0xBF, 0xFF, 0x40, 0x00, 0x2F,
    0xFF, 0xC0, 0x00, 0x00, 0x2F, 0xF0, 0x00, 0x00, 0x0F, 0xF8, 0x00, 0x00, 0x03, 0xFC, 0x00, 0x00,
    0x01, 0xFF, 0x00, 0x00, 0x00, 0xBF, 0x80, 0x64, 0x00, 0x3F, 0xC1, 0xFF, 0xC0, 0x0F, 0xF2, 0xFF,
    0xF8, 0x03, 0xF7, 0xFA, 0xFF, 0x01, 0xFE, 0xE0, 0x3F, 0x80, 0xBF, 0xE0, 0x0F, 0xE0, 0x3F, 0xF0,
    0x0B, 0xF0, 0x0F, 0xF4, 0x07, 0xF4, 0x07, 0xFC, 0x0B, 0xF4, 0x02, 0xFF, 0xBF, 0xF0, 0x00, 0xFF,
    0xFF, 0x80, 0x00, 0x3F, 0xEF, 0xE0, 0x00, 0x1F, 0xF3, 0xFD, 0x00, 0x07, 0xFC, 0x7F, 0xD0, 0x02,
    0xFE, 0x0B, 0xFE, 0x00, 0xFF, 0x40, 0xFF, 0xFE, 0x3F, 0xD0, 0x0F, 0xFF, 0x5F, 0xF0, 0x00, 0xFF,
    0x80, 0x00, 0x00, 0x01, 0x00, 0x00, 0x15, 0x00, 0xBF, 0xFC, 0x2F, 0xFF, 0xC2, 0xFF, 0xFC, 0x00,
    0xBF, 0x80, 0x0F, 0xF8, 0x00, 0xFF, 0x40, 0x1F, 0xF0, 0x02, 0xFF, 0x00, 0x3F, 0xE0, 0x03, 0xFD,
    0x00, 0x7F, 0xC0, 0x0B, 0xFC, 0x00, 0xBF, 0x80, 0x0F, 0xF4, 0x00, 0xFF, 0x00, 0x1F, 0xF0, 0x02,
    0xFF, 0x00, 0x3F, 0xE0, 0x03, 0xFD, 0x00, 0x7F, 0xC0, 0x0B, 0xFC, 0x30, 0xBF, 0xEF, 0x4F, 0xFF,
    0xF0, 0xFF, 0xFD, 0x07, 0xFE, 0x00, 0x05, 0x00, 0x00, 0x01, 0x64, 0x00, 0x64, 0x00, 0x19, 0x00,
    0xBF, 0xF4, 0x1F, 0xFC, 0x0B, 0xFF, 0x0F, 0xFF, 0xE2, 0xFF, 0xF0, 0xFF, 0xFD, 0x2A, 0xFF, 0x6F,
    0xFF, 0xDF, 0xFF, 0xF8, 0x02, 0xFE, 0xF8, 0xFF, 0xBD, 0x3F, 0xE0, 0x0F, 0xFF, 0x43, 0xFF, 0xD0,
    0xFF, 0x40, 0x3F, 0xF8, 0x0F, 0xFD, 0x07, 0xFC, 0x01, 0xFF, 0xC0, 0x7F, 0xF0, 0x1F, 0xF0, 0x0B,
    0xFD, 0x02, 0xFF, 0x40, 0xFF, 0x80, 0x3F, 0xF0, 0x0F, 0xFC, 0x03, 0xFD, 0x00, 0xFF, 0x80, 0x3F,
    0xD0, 0x1F, 0xF0, 0x07, 0xFC, 0x01, 0xFF, 0x00, 0xBF, 0xC0, 0x1F, 0xF0, 0x0B, 0xFC, 0x03, 0xFD,
    0x00, 0xBF, 0x80, 0x3F, 0xE0, 0x0F, 0xF4, 0xA3, 0xFD, 0x00, 0xFF, 0x40, 0x3F, 0xEF, 0xCF, 0xF4,
    0x07, 0xFC, 0x01, 0xFF, 0xFE, 0x7F, 0xC0, 0x1F, 0xF0, 0x07, 0xFF, 0xF2, 0xFE, 0x00, 0xBF, 0x40,
    0x0F, 0xFD, 0x00, 0x00, 0x00, 0x00, 0x00, 0x01, 0x00, 0x00, 0x00, 0x64, 0x00, 0x69, 0x00, 0xBF,
    0xF8, 0x1F, 0xFD, 0x0F, 0xFF, 0xE2, 0xFF, 0xFC, 0x2A, 0xFF, 0xAF, 0xFF, 0xF0, 0x02, 0xFE, 0xF8,
    0xBF, 0xC0, 0x0F, 0xFF, 0x81, 0xFF, 0x00, 0x3F, 0xFC, 0x0B, 0xF8, 0x01, 0xFF, 0xC0, 0x3F, 0xD0,
    0x0B, 0xFE, 0x00, 0xFF, 0x00, 0x3F, 0xF0, 0x07, 0xFC, 0x00, 0xFF, 0x80, 0x2F, 0xE0, 0x07, 0xFD,
    0x00, 0xFF, 0x40, 0x1F, 0xF0, 0x07, 0xFC, 0x00, 0xBF, 0xC0, 0x1F, 0xF0, 0xC3, 0xFE, 0x00, 0xBF,
    0xEF, 0x4F, 0xF4, 0x03, 0xFF, 0xFC, 0x7F, 0xC0, 0x0B, 0xFF, 0xD2, 0xFE, 0x00, 0x1F, 0xF8, 0x00,
    0x00, 0x00, 0x05, 0x00, 0x00, 0x00, 0x00, 0x1A, 0x40, 0x00, 0x01, 0xFF, 0xFE, 0x00, 0x02, 0xFF,
    0xFF, 0xF0, 0x03, 0xFF, 0xEF, 0xFD, 0x02, 0xFF, 0x01, 0xFF, 0x81, 0xFF, 0x00, 0x3F, 0xF0, 0xFF,
    0x80, 0x0B, 0xFC, 0x3F, 0xD0, 0x02, 0xFF, 0x2F, 0xF0, 0x00, 0xBF, 0xCF, 0xFC, 0x00, 0x3F, 0xE3,
    0xFE, 0x00, 0x0F, 0xF4, 0xFF, 0x80, 0x07, 0xFC, 0x3F, 0xE0, 0x03, 0xFE, 0x0F, 0xFC, 0x02, 0xFF,
    0x02, 0xFF, 0x42, 0xFF, 0x40, 0x7F, 0xFF, 0xFF, 0x40, 0x0B, 0xFF, 0xFF, 0x40, 0x00, 0x7F, 0xFE,
    0x00, 0x00, 0x00, 0x50, 0x00, 0x00, 0x00, 0x01, 0x64, 0x01, 0xA4, 0x00, 0x1F, 0xFF, 0x43, 0xFF,
    0xC0, 0x0F, 0xFF, 0xD3, 0xFF, 0xF4, 0x02, 0xAF, 0xF7, 0xFF, 0xFE, 0x00, 0x03, 0xFF, 0xF4, 0xFF,
    0xC0, 0x00, 0xFF, 0xF0, 0x2F, 0xF0, 0x00, 0x7F, 0xF4, 0x0B, 0xFC, 0x00, 0x1F, 0xF8, 0x03, 0xFF,
    0x00, 0x0B, 0xFC, 0x00, 0xFF, 0x80, 0x03, 0xFE, 0x00, 0x3F, 0xD0, 0x00, 0xFF, 0x00, 0x1F, 0xF0,
    0x00, 0x7F, 0xC0, 0x0F, 0xF8, 0x00, 0x2F, 0xE0, 0x07, 0xFD, 0x00, 0x0F, 0xF4, 0x03, 0xFE, 0x00,
    0x03, 0xFE, 0x03, 0xFF, 0x00, 0x01, 0xFF, 0xFF, 0xFF, 0x00, 0x00, 0xBF, 0xFF, 0xFF, 0x00, 0x00,
    0x3F, 0xFF, 0xFE, 0x00, 0x00, 0x0F, 0xF4, 0x14, 0x00, 0x00, 0x03, 0xFC, 0x00, 0x00, 0x00, 0x01,
    0xFF, 0x00, 0x00, 0x00, 0x00, 0xBF, 0xC0, 0x00, 0x00, 0x00, 0x3F, 0xF4, 0x00, 0x00, 0x00, 0xBF,
    0xFF, 0xF0, 0x00, 0x00, 0x3F, 0xFF, 0xFC, 0x00, 0x00, 0x05, 0x55, 0x55, 0x00, 0x00, 0x00, 0x00,
    0x00, 0x69, 0x01, 0x50, 0x00, 0x1F, 0xFF, 0x3F, 0xC0, 0x02, 0xFF, 0xFF, 0xFE, 0x00, 0x2F, 0xFE,
    0xFF, 0xF4, 0x01, 0xFF, 0x80, 0xBF, 0xC0, 0x0F, 0xF8, 0x02, 0xFE, 0x00, 0xBF, 0xC0, 0x0F, 0xF4,
    0x03, 0xFE, 0x00, 0x3F, 0xC0, 0x1F, 0xF0, 0x02, 0xFF, 0x00, 0xBF, 0xC0, 0x0F, 0xF8, 0x03, 0xFE,
    0x00, 0x7F, 0xE0, 0x0F, 0xF8, 0x03, 0xFF, 0x40, 0x3F, 0xE0, 0x2F, 0xFC, 0x00, 0xFF, 0x82, 0xFB,
    0xF0, 0x03, 0xFF, 0x6F, 0x7F, 0x80, 0x0F, 0xFF, 0xF8, 0xFE, 0x00, 0x1F, 0xFF, 0x87, 0xF4, 0x00,
    0x2F, 0xF4, 0x2F, 0xD0, 0x00, 0x05, 0x00, 0xFF, 0x00, 0x00, 0x00, 0x03, 0xFC, 0x00, 0x00, 0x00,
    0x1F, 0xF0, 0x00, 0x00, 0x00, 0xBF, 0x80, 0x00, 0x00, 0x03, 0xFE, 0x00, 0x00, 0x02, 0xFF, 0xFF,
    0x80, 0x00, 0x0F, 0xFF, 0xFE, 0x00, 0x00, 0x15, 0x55, 0x50, 0x00, 0x00, 0x64, 0x01, 0xA0, 0x2F,
    0xFE, 0x0B, 0xFC, 0xFF, 0xFE, 0x2F, 0xFC, 0xAB, 0xFE, 0x7F, 0xFC, 0x01, 0xFD, 0xFF, 0xF8, 0x02,
    0xFE, 0xF4, 0x10, 0x03, 0xFF, 0xD0, 0x00, 0x03, 0xFF, 0x80, 0x00, 0x07, 0xFF, 0x00, 0x00, 0x0B,
    0xFE, 0x00, 0x00, 0x0F, 0xFC, 0x00, 0x00, 0x0F, 0xF8, 0x00, 0x00, 0x1F, 0xF4, 0x00, 0x00, 0x2F,
    0xF0, 0x00, 0x00, 0x3F, 0xF0, 0x00, 0x00, 0x3F, 0xE0, 0x00, 0x00, 0x3F, 0xD0, 0x00, 0x00, 0x7F,
    0xC0, 0x00, 0x00, 0x00, 0x00, 0x5A, 0x40, 0x00, 0x1F, 0xFF, 0xD0, 0x03, 0xFF, 0xFF, 0x80, 0x2F,
    0xEA, 0xFE, 0x01, 0xFF, 0x00, 0xB0, 0x0B, 0xFC, 0x00, 0x00, 0x1F, 0xFC, 0x00, 0x00, 0x3F, 0xFD,
    0x00, 0x00, 0x7F, 0xFD, 0x00, 0x00, 0x7F, 0xFD, 0x00, 0x00, 0x3F, 0xFC, 0x00, 0x00, 0x3F, 0xF8,
    0x0F, 0x00, 0x3F, 0xE0, 0xBF, 0x00, 0xBF, 0x83, 0xFF, 0x03, 0xFC, 0x0F, 0xFF, 0xFF, 0xE0, 0x1F,
    0xFF, 0xFE, 0x00, 0x0B, 0xFF, 0xD0, 0x00, 0x00, 0x50, 0x00, 0x00, 0x00, 0x01, 0xA0, 0x00, 0x00,
    0x2F, 0xC0, 0x00, 0x01, 0xFF, 0x00, 0x00, 0x0F, 0xF8, 0x00, 0x00, 0x3F, 0xE0, 0x00, 0x1B, 0xFF,
    0xFF, 0xC2, 0xFF, 0xFF, 0xFE, 0x0F, 0xFF, 0xFF, 0xF0, 0x00, 0xFF, 0x80, 0x00, 0x03, 0xFD, 0x00,
    0x00, 0x1F, 0xF0, 0x00, 0x00, 0xBF, 0xC0, 0x00, 0x03, 0xFF, 0x00, 0x00, 0x0F, 0xF8, 0x00, 0x00,
    0x3F, 0xD0, 0x00, 0x01, 0xFF, 0x00, 0x00, 0x0B, 0xFC, 0x01, 0x40, 0x3F, 0xF0, 0x2F, 0x00, 0xFF,
    0xEB, 0xFC, 0x03, 0xFF, 0xFF, 0xD0, 0x0B, 0xFF, 0xFD, 0x00, 0x0F, 0xFF, 0x40, 0x00, 0x01, 0x40,
    0x00, 0x00, 0x00, 0x59, 0x00, 0x01, 0x54, 0x1F, 0xFF, 0x40, 0x0F, 0xF4, 0x3F, 0xFF, 0x80, 0x2F,
    0xF0, 0x2A, 0xFF, 0x80, 0x2F, 0xF0, 0x00, 0xFF, 0x40, 0x3F, 0xE0, 0x00, 0xFF, 0x00, 0x3F, 0xD0,
    0x01, 0xFF, 0x00, 0x7F, 0xC0, 0x02, 0xFE, 0x00, 0xBF, 0xC0, 0x03, 0xFD, 0x00, 0xFF, 0x80, 0x07,
    0xFC, 0x01, 0xFF, 0x40, 0x0B, 0xFC, 0x03, 0xFF, 0x00, 0x0F, 0xF4, 0x0B, 0xFF, 0x00, 0x0F, 0xF0,
    0x1F, 0xFF, 0x00, 0x1F, 0xF0, 0x7E, 0xFF, 0x1D, 0x1F, 0xF6, 0xFC, 0xFF, 0xFE, 0x1F, 0xFF, 0xF0,
    0xFF, 0xFC, 0x1F, 0xFF, 0xC0, 0xFF, 0xF4, 0x0B, 0xFE, 0x00, 0x7F, 0x80, 0x00, 0x50, 0x00, 0x04,
    0x00, 0x01, 0x60, 0x00, 0x68, 0x0B, 0xFF, 0x00, 0xFF, 0xD7, 0xFF, 0xE0, 0x1F, 0xF9, 0xFF, 0xFC,
    0x03, 0xFF, 0x01, 0xFF, 0x00, 0xBF, 0x80, 0x3F, 0xD0, 0x2F, 0xE0, 0x0F, 0xF4, 0x0F, 0xF0, 0x02,
    0xFE, 0x03, 0xFC, 0x00, 0xBF, 0x81, 0xFD, 0x00, 0x1F, 0xF0, 0xFF, 0x00, 0x03, 0xFC, 0x7F, 0x40,
    0x00, 0xFF, 0x3F, 0x80, 0x00, 0x3F, 0xEF, 0xC0, 0x00, 0x0F, 0xFF, 0xD0, 0x00, 0x03, 0xFF, 0xD0,
    0x00, 0x00, 0xFF, 0xE0, 0x00, 0x00, 0x3F, 0xE0, 0x00, 0x00, 0x0B, 0xE0, 0x00, 0x00, 0x00, 0x00,
    0x00, 0x00, 0x01, 0x50, 0x00, 0xA4, 0x00, 0x68, 0x0B, 0xFF, 0x00, 0xFF, 0x40, 0xFF, 0xC7, 0xFF,
    0xD0, 0x2F, 0xF0, 0x1F, 0xF5, 0xBF, 0xFC, 0x03, 0xFC, 0x03, 0xFD, 0x01, 0xFF, 0x00, 0xFF, 0x40,
    0xBF, 0x40, 0x3F, 0xD0, 0x3F, 0xE0, 0x2F, 0xC0, 0x0F, 0xF4, 0x0F, 0xF8, 0x0F, 0xF0, 0x02, 0xFE,
    0x07, 0xFF, 0x03, 0xF8, 0x00, 0x7F, 0x82, 0xFF, 0xC1, 0xFC, 0x00, 0x0F, 0xE0, 0xFF, 0xF0, 0xBF,
    0x00, 0x03, 0xFC, 0x7F, 0xFC, 0x3F, 0x40, 0x00, 0xFF, 0x3F, 0xBF, 0x2F, 0xC0, 0x00, 0x3F, 0xEF,
    0x5F, 0xDF, 0xC0, 0x00, 0x0F, 0xFF, 0xC7, 0xFF, 0xE0, 0x00, 0x02, 0xFF, 0xC1, 0xFF, 0xF0, 0x00,
    0x00, 0xBF, 0xD0, 0x7F, 0xF0, 0x00, 0x00, 0x2F, 0xD0, 0x1F, 0xF0, 0x00, 0x00, 0x07, 0xD0, 0x03,
    0xF0, 0x00, 0x00, 0x00, 0x00, 0x00, 0x00, 0x00, 0x00, 0x00, 0x06, 0x40, 0x00, 0x64, 0x00, 0x3F,
    0xF4, 0x01, 0xFF, 0xC0, 0x3F, 0xFF, 0x01, 0xFF, 0xF0, 0x1F, 0xFF, 0xD0, 0xFF, 0xF8, 0x00, 0x0F,
    0xF8, 0xBF, 0x18, 0x00, 0x01, 0xFF, 0x7F, 0x00, 0x00, 0x00, 0x3F, 0xFF, 0x00, 0x00, 0x00, 0x07,
    0xFF, 0x40, 0x00, 0x00, 0x00, 0xFF, 0x80, 0x00, 0x00, 0x00, 0x3F, 0xF0, 0x00, 0x00, 0x00, 0x1F,
    0xFC, 0x00, 0x00, 0x00, 0x0F, 0xFF, 0x80, 0x00, 0x00, 0x0F, 0xFF, 0xF0, 0x00, 0x00, 0x0B, 0xF3,
    0xFE, 0x00, 0x03, 0xEF, 0xF0, 0xBF, 0xC6, 0x81, 0xFF, 0xF4, 0x1F, 0xFF, 0xF0, 0x7F, 0xF8, 0x03,
    0xFF, 0xF4, 0x0F, 0xF8, 0x00, 0x7F, 0xE4, 0x00, 0x50, 0x00, 0x01, 0x00, 0x00, 0x00, 0x00, 0x58,
    0x00, 0x1A, 0x00, 0x00, 0xBF, 0xF0, 0x0F, 0xFD, 0x00, 0x1F, 0xFF, 0x80, 0x7F, 0xE0, 0x01, 0xBF,
    0xFC, 0x03, 0xFF, 0x00, 0x00, 0x7F, 0xC0, 0x2F, 0xE0, 0x00, 0x03, 0xFD, 0x02, 0xFE, 0x00, 0x00,
    0x3F, 0xD0, 0x3F, 0xD0, 0x00, 0x02, 0xFE, 0x03, 0xFC, 0x00, 0x00, 0x1F, 0xE0, 0x7F, 0x80, 0x00,
    0x00, 0xFF, 0x0B, 0xF0, 0x00, 0x00, 0x0F, 0xF0, 0xFE, 0x00, 0x00, 0x00, 0xFF, 0x1F, 0xC0, 0x00,
    0x00, 0x0F, 0xF3, 0xF8, 0x00, 0x00, 0x00, 0xFF, 0x7F, 0x00, 0x00, 0x00, 0x0B, 0xFF, 0xD0, 0x00,
    0x00, 0x00, 0xBF, 0xF8, 0x00, 0x00, 0x00, 0x0B, 0xFF, 0x00, 0x00, 0x00, 0x00, 0xFF, 0xC0, 0x00,
    0x00, 0x00, 0x0F, 0xF4, 0x00, 0x00, 0x00, 0x02, 0xFD, 0x00, 0x00, 0x00, 0x00, 0x7F, 0x40, 0x00,
    0x03, 0xD0, 0x6F, 0xD0, 0x00, 0x00, 0x7F, 0xFF, 0xF4, 0x00, 0x00, 0x0B, 0xFF, 0xFD, 0x00, 0x00,
    0x00, 0x3F, 0xFE, 0x00, 0x00, 0x00, 0x00, 0xBA, 0x00, 0x00, 0x00, 0x00, 0x00, 0x15, 0x00, 0x1A,
    0x00, 0x3F, 0xFD, 0x0F, 0xF0, 0x3F, 0xFF, 0xFB, 0xFC, 0x0F, 0xFF, 0xFF, 0xFD, 0x07, 0xF9, 0xBF,
    0xFD, 0x01, 0xFC, 0x02, 0xFD, 0x00, 0x3D, 0x02, 0xFE, 0x00, 0x00, 0x02, 0xFE, 0x00, 0x00, 0x01,
    0xFE, 0x00, 0x00, 0x01, 0xFE, 0x00, 0x00, 0x01, 0xFE, 0x00, 0x00, 0x01, 0xFE, 0x00, 0x00, 0x01,
    0xFF, 0x00, 0x38, 0x01, 0xFF, 0x00, 0x2F, 0x40, 0xFF, 0xFE, 0xAF, 0xE0, 0xFF, 0xFF, 0xFF, 0xF8,
    0x7F, 0xEF, 0xFF, 0xFC, 0x0B, 0xD0, 0xBF, 0xFD, 0x00, 0x00, 0x00, 0x10, 0x00, 0x00, 0x00, 0x00,
    0x00, 0x00, 0x01, 0xFF, 0xC0, 0x00, 0x3F, 0xFF, 0x00, 0x02, 0xFF, 0xF8, 0x00, 0x0F, 0xF0, 0x00,
    0x00, 0xBF, 0x00, 0x00, 0x03, 0xFC, 0x00, 0x00, 0x0F, 0xE0, 0x00, 0x00, 0x3F, 0x80, 0x00, 0x00,
    0xFE, 0x00, 0x00, 0x07, 0xF4, 0x00, 0x00, 0x1F, 0xD0, 0x00, 0x00, 0xBF, 0x40, 0x00, 0x03, 0xFC,
    0x00, 0x00, 0x7F, 0xD0, 0x00, 0x07, 0xFD, 0x00, 0x00, 0x2F, 0xF0, 0x00, 0x00, 0x2F, 0xE0, 0x00,
    0x00, 0x3F, 0xC0, 0x00, 0x00, 0xFE, 0x00, 0x00, 0x03, 0xF8, 0x00, 0x00, 0x1F, 0xC0, 0x00, 0x00,
    0xFF, 0x00, 0x00, 0x03, 0xF4, 0x00, 0x00, 0x2F, 0xC0, 0x00, 0x00, 0xFE, 0x00, 0x00, 0x03, 0xF4,
    0x00, 0x00, 0x1F, 0xD0, 0x00, 0x00, 0x7F, 0x40, 0x00, 0x01, 0xFF, 0xA8, 0x00, 0x03, 0xFF, 0xF0,
    0x00, 0x07, 0xFF, 0xC0, 0x00, 0x01, 0x54, 0x00, 0x00, 0x00, 0x00, 0x00, 0x00, 0x0F, 0xE0, 0x00,
    0x7F, 0x40, 0x02, 0xFC, 0x00, 0x0F, 0xF0, 0x00, 0x3F, 0x80, 0x00, 0xFD, 0x00, 0x07, 0xF4, 0x00,
    0x2F, 0xC0, 0x00, 0xFF, 0x00, 0x03, 0xF8, 0x00, 0x1F, 0xD0, 0x00, 0x7F, 0x00, 0x02, 0xFC, 0x00,
    0x0F, 0xF0, 0x00, 0x3F, 0x80, 0x01, 0xFD, 0x00, 0x0B, 0xF0, 0x00, 0x2F, 0xC0, 0x00, 0xFF, 0x00,
    0x03, 0xF8, 0x00, 0x1F, 0xD0, 0x00, 0xBF, 0x00, 0x03, 0xFC, 0x00, 0x0F, 0xE0, 0x00, 0x3F, 0x80,
    0x01, 0xFD, 0x00, 0x0B, 0xF0, 0x00, 0x3F, 0xC0, 0x00, 0xFE, 0x00, 0x00, 0x00, 0x00, 0x00, 0x00,
    0x00, 0x0F, 0xFE, 0x00, 0x00, 0x7F, 0xFE, 0x00, 0x02, 0xFF, 0xFC, 0x00, 0x00, 0x0F, 0xF0, 0x00,
    0x00, 0x2F, 0xC0, 0x00, 0x00, 0xBF, 0x00, 0x00, 0x03, 0xF8, 0x00, 0x00, 0x0F, 0xD0, 0x00, 0x00,
    0xBF, 0x00, 0x00, 0x03, 0xF8, 0x00, 0x00, 0x1F, 0xD0, 0x00, 0x00, 0xBF, 0x00, 0x00, 0x03, 0xF8,
    0x00, 0x00, 0x0F, 0xE0, 0x00, 0x00, 0x3F, 0xD0, 0x00, 0x00, 0x7F, 0xD0, 0x00, 0x01, 0xFF, 0x00,
    0x00, 0x1F, 0xF8, 0x00, 0x00, 0xFF, 0x00, 0x00, 0x07, 0xF4, 0x00, 0x00, 0x2F, 0xC0, 0x00, 0x00,
    0xFF, 0x00, 0x00, 0x03, 0xFC, 0x00, 0x00, 0x0F, 0xF0, 0x00, 0x00, 0x3F, 0xC0, 0x00, 0x00, 0xFE,
    0x00, 0x00, 0x07, 0xF4, 0x00, 0x00, 0x3F, 0xC0, 0x00, 0xAB, 0xFE, 0x00, 0x03, 0xFF, 0xF0, 0x00,
    0x1F, 0xFE, 0x00, 0x00, 0x15, 0x40, 0x00, 0x00, 0x00, 0x00, 0x00, 0x00, 0x00, 0xFF, 0x40, 0x0B,
    0x41, 0xFF, 0xFC, 0x03, 0xF0, 0xFF, 0xFF, 0xE7, 0xFC, 0xBF, 0x9F, 0xFF, 0xFE, 0x1F, 0x80, 0x7F,
    0xFF, 0x01, 0xC0, 0x02, 0xFE, 0x00, 0x00, 0x00, 0x00, 0x00, 0x00, 0x01, 0x90, 0x00, 0x2F, 0xD0,
    0x01, 0xFF, 0x40, 0x0B, 0xFD, 0x00, 0x1F, 0xE0, 0x00, 0x15, 0x00, 0x00, 0x00, 0x00, 0x00, 0x60,
    0x00, 0x0F, 0xC0, 0x00, 0x7F, 0x00, 0x02, 0xF8, 0x00, 0x0F, 0xE0, 0x00, 0x3F, 0x40, 0x01, 0xFD,
    0x00, 0x0B, 0xF0, 0x00, 0x3F, 0xC0, 0x00, 0xFF, 0x00, 0x07, 0xFC, 0x00, 0x2F, 0xE0, 0x00, 0xFF,
    0x80, 0x07, 0xFD, 0x00, 0x2F, 0xF0, 0x00, 0xFF, 0xC0, 0x07, 0xFD, 0x00, 0x3F, 0xF0, 0x00, 0xA9,
    0x00, 0x00, 0x00, 0x00, 0x00, 0x10, 0x00, 0x00, 0x00, 0xFC, 0x00, 0x00, 0x00, 0x7E, 0x00, 0x00,
    0x00, 0x2F, 0x40, 0x00, 0x00, 0x0F, 0xC0, 0x00, 0x00, 0x03, 0xF0, 0x00, 0x00, 0x01, 0xF8, 0x00,
    0x00, 0x06, 0xFF, 0xE0, 0x00, 0x2F, 0xFF, 0xFF, 0x00, 0x3F, 0xFF, 0xFF, 0xD0, 0x3F, 0xFB, 0xEB,
    0xF4, 0x3F, 0xF1, 0xF0, 0x28, 0x2F, 0xF0, 0xBC, 0x00, 0x0F, 0xF4, 0x3E, 0x00, 0x07, 0xFC, 0x0F,
    0x40, 0x02, 0xFE, 0x03, 0xC0, 0x00, 0xFF, 0x41, 0xF0, 0x00, 0x3F, 0xD0, 0xBC, 0x00, 0x0F, 0xF8,
    0x3E, 0x00, 0x03, 0xFF, 0x0F, 0x40, 0xB0, 0xBF, 0xD7, 0xC0, 0xBD, 0x0F, 0xFF, 0xF6, 0xFF, 0x01,
    0xFF, 0xFF, 0xFE, 0x00, 0x1F, 0xFF, 0xFD, 0x00, 0x00, 0xBF, 0xE4, 0x00, 0x00, 0x0B, 0xC0, 0x00,
    0x00, 0x03, 0xF0, 0x00, 0x00, 0x00, 0xF8, 0x00, 0x00, 0x00, 0x7E, 0x00, 0x00, 0x00, 0x2F, 0x40,
    0x00, 0x00, 0x0F, 0xC0, 0x00, 0x00, 0x03, 0xF0, 0x00, 0x00, 0x00, 0x00, 0x00, 0x00, 0x00, 0x00,
    0x00, 0x00, 0x1B, 0xF9, 0x00, 0x00, 0x00, 0x0F, 0xFF, 0xF4, 0x00, 0x00, 0x07, 0xFF, 0xFF, 0xC0,
    0x00, 0x00, 0xFF, 0x97, 0xFD, 0x00, 0x00, 0x3F, 0xD0, 0x2F, 0xD0, 0x00, 0x07, 0xF8, 0x01, 0xFC,
    0x00, 0x00, 0xFF, 0x40, 0x2F, 0x00, 0x00, 0x0F, 0xF0, 0x00, 0x00, 0x00, 0x02, 0xFE, 0x00, 0x00,
    0x00, 0x00, 0x3F, 0xD0, 0x00, 0x00, 0x00, 0x57, 0xFD, 0x55, 0x80, 0x00, 0x2F, 0xFF, 0xFF, 0xFC,
    0x00, 0x03, 0xFF, 0xFF, 0xFF, 0x80, 0x00, 0x15, 0xFF, 0x95, 0x50, 0x00, 0x00, 0x1F, 0xF0, 0x00,
    0x00, 0x00, 0x02, 0xFF, 0x00, 0x00, 0x00, 0x00, 0x3F, 0xD0, 0x00, 0x00, 0x00, 0x03, 0xFC, 0x00,
    0x00, 0x00, 0x00, 0x7F, 0x80, 0x00, 0x00, 0x03, 0xEF, 0xF9, 0x56, 0xAF, 0xD0, 0x7F, 0xFF, 0xFF,
    0xFF, 0xFC, 0x07, 0xFF, 0xFF, 0xFF, 0xFF, 0xC0, 0x7F, 0xE0, 0x1B, 0xFF, 0xF0, 0x02, 0x90, 0x00,
    0x00, 0x00, 0x00, 0x01, 0x80, 0x00, 0x00, 0x08, 0x01, 0xF8, 0x06, 0xA4, 0x1F, 0x80, 0x7F, 0xAF,
    0xFF, 0xEF, 0xE0, 0x07, 0xFF, 0xFF, 0xFF, 0xD0, 0x00, 0x7F, 0xE5, 0xFF, 0xC0, 0x00, 0x2F, 0xC0,
    0x0F, 0xF0, 0x00, 0x0F, 0xD0, 0x02, 0xFC, 0x00, 0x07, 0xF0, 0x00, 0xBF, 0x00, 0x01, 0xFC, 0x00,
    0x3F, 0x80, 0x00, 0x7F, 0x00, 0x1F, 0xC0, 0x00, 0x1F, 0xD0, 0x1F, 0xE0, 0x00, 0x1F, 0xFE, 0xBF,
    0xF8, 0x00, 0x2F, 0xFF, 0xFF, 0xFF, 0x80, 0x2F, 0xD7, 0xFF, 0xE7, 0xFC, 0x03, 0xC0, 0x05, 0x00,
    0x3C, 0x00, 0x00, 0x00, 0x00, 0x00, 0x00, 0x15, 0x55, 0x54, 0x15, 0x55, 0x51, 0xFF, 0xFF, 0xD0,
    0xFF, 0xFF, 0xC7, 0xFF, 0xFE, 0x03, 0xFF, 0xFD, 0x03, 0xFF, 0x80, 0x01, 0xFF, 0x40, 0x07, 0xFE,
    0x00, 0x0F, 0xF4, 0x00, 0x0F, 0xFC, 0x00, 0xBF, 0x80, 0x00, 0x1F, 0xF4, 0x07, 0xF8, 0x00, 0x00,
    0x3F, 0xE0, 0x3F, 0xC0, 0x00, 0x00, 0xBF, 0xC2, 0xFC, 0x00, 0x00, 0x11, 0xFF, 0x1F, 0xE1, 0x00,
    0x01, 0xFF, 0xFE, 0xFF, 0xFD, 0x00, 0x07, 0xFF, 0xFF, 0xFF, 0xF0, 0x00, 0x00, 0x0F, 0xFF, 0x00,
    0x00, 0x00, 0x14, 0x2F, 0xF4, 0x54, 0x00, 0x00, 0xFF, 0xFF, 0xFF, 0xF0, 0x00, 0x03, 0xFF, 0xFF,
    0xFF, 0xC0, 0x00, 0x00, 0x0F, 0xF4, 0x00, 0x00, 0x00, 0x00, 0x3F, 0xC0, 0x00, 0x00, 0x00, 0x01,
    0xFF, 0x00, 0x00, 0x00, 0x00, 0x0B, 0xFC, 0x00, 0x00, 0x00, 0x01, 0xFF, 0xFE, 0x00, 0x00, 0x00,
    0x3F, 0xFF, 0xFE, 0x00, 0x00, 0x01, 0xFF, 0xFF, 0xF0, 0x00, 0x00, 0x00, 0x00, 0x00, 0x00, 0x00,
    0x0F, 0xE0, 0x00, 0x7F, 0x40, 0x02, 0xFC, 0x00, 0x0F, 0xF0, 0x00, 0x3F, 0x80, 0x00, 0xFD, 0x00,
    0x07, 0xF4, 0x00, 0x2F, 0xC0, 0x00, 0xFF, 0x00, 0x03, 0xF8, 0x00, 0x1F, 0xD0, 0x00, 0x15, 0x00,
    0x00, 0x00, 0x00, 0x00, 0x00, 0x00, 0x00, 0x00, 0x00, 0x00, 0x00, 0x00, 0x00, 0x00, 0x1A, 0x80,
    0x00, 0xFF, 0x00, 0x03, 0xF8, 0x00, 0x1F, 0xD0, 0x00, 0xBF, 0x00, 0x03, 0xFC, 0x00, 0x0F, 0xE0,
    0x00, 0x3F, 0x80, 0x01, 0xFD, 0x00, 0x0B, 0xF0, 0x00, 0x3F, 0xC0, 0x00, 0xFE, 0x00, 0x00, 0x00,
    0x00, 0x16, 0x90, 0x00, 0x00, 0x7F, 0xFF, 0x40, 0x00, 0xFF, 0xFF, 0xF0, 0x00, 0xFE, 0x07, 0xFC,
    0x00, 0xFF, 0x00, 0x7F, 0x00, 0xBF, 0xC0, 0x0F, 0x40, 0x3F, 0xF4, 0x00, 0x00, 0x2E, 0x7F, 0x00,
    0x00, 0x0F, 0x8F, 0xF4, 0x00, 0x03, 0xE0, 0xFF, 0x80, 0x00, 0xFC, 0x0F, 0xF8, 0x00, 0x2F, 0x40,
    0xBF, 0xC0, 0x07, 0xF4, 0x07, 0xF8, 0x00, 0xFF, 0x40, 0x7F, 0x00, 0x0F, 0xF8, 0x0B, 0xD0, 0x00,
    0xFF, 0xC0, 0xF8, 0x00, 0x0B, 0xFC, 0x3E, 0x00, 0x00, 0xBF, 0x8F, 0x80, 0x00, 0x07, 0xF3, 0xD0,
    0x04, 0x00, 0xBF, 0xF0, 0x1F, 0x40, 0x0F, 0xF8, 0x0F, 0xE0, 0x03, 0xFC, 0x03, 0xFD, 0x03, 0xFD,
    0x00, 0xFF, 0xFF, 0xFD, 0x00, 0x0F, 0xFF, 0xFC, 0x00, 0x00, 0x6F, 0xE4, 0x00, 0x00, 0x00, 0x00,
    0x00, 0x0F, 0xC0, 0xBD, 0x3F, 0xD2, 0xFE, 0x3F, 0xC3, 0xFE, 0x3F, 0x42, 0xF8, 0x04, 0x00, 0x40,
    0x00, 0x00, 0x00, 0x00, 0x00, 0x00, 0x00, 0x00, 0x1F, 0xFF, 0xE4, 0x00, 0x00, 0x00, 0xBF, 0xEA,
    0xBF, 0xD0, 0x00, 0x00, 0xFE, 0x00, 0x00, 0xBE, 0x00, 0x00, 0xFC, 0x00, 0x00, 0x03, 0xE0, 0x00,
    0xF8, 0x00, 0x00, 0x00, 0x3E, 0x00, 0x7C, 0x00, 0xBF, 0xF8, 0x03, 0xC0, 0x3D, 0x00, 0xFF, 0xFF,
    0x00, 0xB8, 0x1F, 0x00, 0xFE, 0x0B, 0xC0, 0x0F, 0x0B, 0x40, 0xBE, 0x01, 0xF0, 0x02, 0xD3, 0xC0,
    0x3F, 0x00, 0x10, 0x00, 0x78, 0xF0, 0x0F, 0xC0, 0x00, 0x00, 0x1E, 0x3C, 0x07, 0xF0, 0x00, 0x00,
    0x07, 0xCF, 0x01, 0xFC, 0x00, 0x00, 0x01, 0xE3, 0xC0, 0x7F, 0x40, 0x00, 0x00, 0x78, 0xB4, 0x0F,
    0xF0, 0x00, 0x00, 0x2D, 0x1E, 0x02, 0xFF, 0x96, 0xD0, 0x0F, 0x03, 0xC0, 0x3F, 0xFF, 0xF0, 0x07,
    0xC0, 0xB8, 0x02, 0xFF, 0xF4, 0x03, 0xD0, 0x0F, 0x40, 0x01, 0x00, 0x02, 0xF0, 0x00, 0xF4, 0x00,
    0x00, 0x02, 0xF0, 0x00, 0x1F, 0x80, 0x00, 0x07, 0xF0, 0x00, 0x00, 0xFF, 0x95, 0x6F, 0xE0, 0x00,
    0x00, 0x07, 0xFF, 0xFF, 0x80, 0x00, 0x00, 0x00, 0x05, 0xA5, 0x00, 0x00, 0x00, 0x00, 0x05, 0x00,
    0x00, 0x07, 0xFE, 0xFC, 0x01, 0xFF, 0xFF, 0x40, 0x3F, 0x47, 0xF0, 0x0F, 0xD0, 0x3E, 0x00, 0xFC,
    0x0B, 0xD0, 0x1F, 0x40, 0xFC, 0x02, 0xF4, 0x2F, 0x80, 0x2F, 0x47, 0xF8, 0x82, 0xFF, 0xFF, 0xBC,
    0x1F, 0xFD, 0xFF, 0x80, 0xBE, 0x0B, 0xE0, 0x00, 0x00, 0x00, 0x00, 0x00, 0x01, 0xA0, 0x2F, 0xFF,
    0xFF, 0x03, 0xFF, 0xFF, 0xD0, 0x15, 0x55, 0x40, 0x00, 0x00, 0x02, 0x40, 0x02, 0x80, 0x00, 0x7F,
    0x40, 0x7F, 0x80, 0x0B, 0xFC, 0x07, 0xFC, 0x00, 0xFF, 0xC0, 0xBF, 0xC0, 0x1F, 0xF8, 0x0F, 0xFC,
    0x01, 0xFF, 0x80, 0xFF, 0xC0, 0x0B, 0xFC, 0x07, 0xFD, 0x00, 0x2F, 0xF4, 0x1F, 0xF8, 0x00, 0x3F,
    0xF0, 0x2F, 0xF0, 0x00, 0x3F, 0xD0, 0x3F, 0xE0, 0x00, 0x7F, 0xC0, 0x3F, 0xD0, 0x00, 0x3F, 0x80,
    0x3F, 0xC0, 0x00, 0x28, 0x00, 0x28, 0x00, 0x00, 0x00, 0x00, 0x03, 0xFF, 0xFF, 0xFF, 0xEF, 0xFF,
    0xFF, 0xFF, 0xBF, 0xFF, 0xFF, 0xFE, 0x00, 0x00, 0x03, 0xF8, 0x00, 0x00, 0x0F, 0xE0, 0x00, 0x00,
    0x3F, 0x80, 0x00, 0x00, 0xFE, 0x00, 0x00, 0x02, 0xA4, 0x15, 0x55, 0x41, 0xFF, 0xFF, 0xDB, 0xFF,
    0xFF, 0x6F, 0xFF, 0xFD, 0x15, 0x55, 0x50, 0x00, 0x01, 0x55, 0x00, 0x00, 0x00, 0xBF, 0xFF, 0x80,
    0x00, 0x0F, 0x90, 0x0B, 0xD0, 0x00, 0xF4, 0x00, 0x03, 0xC0, 0x0B, 0x1A, 0xA9, 0x03, 0xC0, 0x78,
    0x7F, 0xBE, 0x07, 0x42, 0xC0, 0x7C, 0x7C, 0x0F, 0x0F, 0x01, 0xF1, 0xF0, 0x2C, 0x3C, 0x07, 0xDF,
    0x40, 0xB0, 0xE0, 0x1F, 0xF4, 0x02, 0xC3, 0xC0, 0x7D, 0xF0, 0x0B, 0x0B, 0x01, 0xF3, 0xF0, 0x3C,
    0x1D, 0x1F, 0xE3, 0xF1, 0xE0, 0x3C, 0x15, 0x41, 0x4F, 0x00, 0x3C, 0x00, 0x00, 0xB4, 0x00, 0x7D,
    0x00, 0x1F, 0x40, 0x00, 0x2F, 0xFF, 0xF4, 0x00, 0x00, 0x06, 0xA8, 0x00, 0x00, 0x1A, 0xAA, 0xA8,
    0x3F, 0xFF, 0xFD, 0x3F, 0xFF, 0xFC, 0x15, 0x55, 0x54, 0x00, 0x6F, 0x90, 0x00, 0xFF, 0xFF, 0x00,
    0xFF, 0xFF, 0xF0, 0xBF, 0x97, 0xFD, 0x3F, 0x80, 0x3F, 0x8F, 0xC0, 0x0F, 0xE3, 0xF4, 0x03, 0xF8,
    0xFE, 0x00, 0xFD, 0x2F, 0xE6, 0xFF, 0x03, 0xFF, 0xFF, 0x40, 0x7F, 0xFF, 0x40, 0x01, 0xA9, 0x00,
    0x00, 0x05, 0x40, 0x00, 0x00, 0xBF, 0x00, 0x00, 0x02, 0xFC, 0x00, 0x00, 0x0B, 0xF0, 0x00, 0x00,
    0x2F, 0xC0, 0x00, 0x00, 0xBF, 0x00, 0x0A, 0xAB, 0xFE, 0xAA, 0x7F, 0xFF, 0xFF, 0xFE, 0xFF, 0xFF,
    0xFF, 0xF9, 0x55, 0xBF, 0x55, 0x40, 0x02, 0xFC, 0x00, 0x00, 0x0B, 0xF0, 0x00, 0x00, 0x2F, 0xC0,
    0x00, 0x00, 0xBF, 0x00, 0x00, 0x02, 0xFC, 0x00, 0x00, 0x01, 0x50, 0x00, 0x00, 0x00, 0x00, 0x03,
    0xFF, 0xFF, 0xFF, 0xEF, 0xFF, 0xFF, 0xFF, 0xBF, 0xFF, 0xFF, 0xFE, 0x00, 0x00, 0x00, 0x00, 0x00,
    0x00, 0x00, 0x00, 0x01, 0xFF, 0xD0, 0x00, 0xBF, 0xFF, 0x80, 0x2F, 0xEB, 0xFC, 0x03, 0xF0, 0x1F,
    0xD0, 0x3C, 0x01, 0xFC, 0x00, 0x00, 0x3F, 0xC0, 0x00, 0x0B, 0xF0, 0x00, 0x02, 0xFC, 0x00, 0x00,
    0xFF, 0x00, 0x00, 0x7F, 0x80, 0x00, 0x1F, 0xD0, 0x00, 0x0B, 0xF0, 0x00, 0x03, 0xFF, 0xFF, 0xF4,
    0x3F, 0xFF, 0xFF, 0x01, 0xAA, 0xAA, 0x90, 0x00, 0x00, 0x00, 0x00, 0x2F, 0xF4, 0x02, 0xFF, 0xFD,
    0x03, 0xF9, 0xFF, 0x07, 0xC0, 0x7F, 0x01, 0x00, 0xBE, 0x00, 0x02, 0xFC, 0x00, 0x6F, 0xF0, 0x01,
    0xFF, 0xF0, 0x01, 0xEB, 0xFC, 0x00, 0x01, 0xFC, 0x00, 0x01, 0xFC, 0x00, 0x07, 0xF8, 0x15, 0xBF,
    0xF0, 0xBF, 0xFF, 0x80, 0x7F, 0xF8, 0x00, 0x00, 0x00, 0x00, 0x00, 0x00, 0x07, 0x00, 0x3F, 0x02,
    0xFD, 0x1F, 0xF0, 0xFF, 0x0B, 0xF4, 0x3F, 0x00, 0x70, 0x00, 0x00, 0x00, 0x00, 0x01, 0x54, 0x00,
    0x16, 0x00, 0x00, 0xFF, 0x40, 0x2F, 0xF0, 0x00, 0x1F, 0xF0, 0x03, 0xFE, 0x00, 0x02, 0xFF, 0x00,
    0x3F, 0xD0, 0x00, 0x3F, 0xE0, 0x07, 0xFC, 0x00, 0x03, 0xFD, 0x00, 0xBF, 0xC0, 0x00, 0x3F, 0xC0,
    0x0B, 0xF8, 0x00, 0x07, 0xFC, 0x00, 0xFF, 0x40, 0x00, 0x7F, 0x80, 0x0F, 0xF0, 0x00, 0x0B, 0xF8,
    0x01, 0xFF, 0x00, 0x00, 0xFF, 0x40, 0x2F, 0xF0, 0x00, 0x0F, 0xF4, 0x03, 0xFE, 0x00, 0x00, 0xFF,
    0x40, 0xBF, 0xE0, 0x00, 0x1F, 0xF4, 0x1F, 0xFE, 0x01, 0x02, 0xFF, 0xEB, 0xFB, 0xFA, 0xF0, 0x2F,
    0xFF, 0xFD, 0x7F, 0xFE, 0x03, 0xFF, 0xFF, 0x83, 0xFF, 0xC0, 0x3F, 0x7F, 0xD0, 0x1F, 0xE0, 0x07,
    0xF0, 0x50, 0x00, 0x10, 0x00, 0xBF, 0x00, 0x00, 0x00, 0x00, 0x0F, 0xF0, 0x00, 0x00, 0x00, 0x00,
    0xFF, 0x00, 0x00, 0x00, 0x00, 0x1F, 0xF0, 0x00, 0x00, 0x00, 0x02, 0xFE, 0x00, 0x00, 0x00, 0x00,
    0x3F, 0xC0, 0x00, 0x00, 0x00, 0x03, 0xA0, 0x00, 0x00, 0x00, 0x00, 0x00, 0x00, 0x05, 0xBF, 0xFF,
    0xD0, 0x00, 0x07, 0xFF, 0xFF, 0xFD, 0x00, 0x03, 0xFF, 0xFF, 0xFE, 0x40, 0x00, 0xFF, 0xFF, 0x1F,
    0x40, 0x00, 0x3F, 0xFF, 0xF2, 0xF0, 0x00, 0x0B, 0xFF, 0xFF, 0x2F, 0x00, 0x00, 0xFF, 0xFF, 0xE3,
    0xE0, 0x00, 0x0F, 0xFF, 0xFD, 0x3E, 0x00, 0x01, 0xFF, 0xFF, 0xC7, 0xD0, 0x00, 0x1F, 0xFF, 0xFC,
    0xBC, 0x00, 0x01, 0xFF, 0xFF, 0x8B, 0xC0, 0x00, 0x0F, 0xFF, 0xF4, 0xFC, 0x00, 0x00, 0xFF, 0xFF,
    0x4F, 0x80, 0x00, 0x07, 0xFF, 0xF1, 0xF4, 0x00, 0x00, 0x0B, 0x7F, 0x1F, 0x00, 0x00, 0x00, 0x03,
    0xE2, 0xF0, 0x00, 0x00, 0x00, 0x3D, 0x3F, 0x00, 0x00, 0x00, 0x07, 0xC3, 0xE0, 0x00, 0x00, 0x00,
    0xBC, 0x7D, 0x00, 0x00, 0x00, 0x0F, 0xC7, 0xC0, 0x00, 0x00, 0x00, 0xF8, 0xFC, 0x00, 0x00, 0x00,
    0x1F, 0x0F, 0x80, 0x00, 0x00, 0x03, 0xF3, 0xF0, 0x00, 0x00, 0x00, 0x7E, 0xFD, 0x00, 0x00, 0x60,
    0x0F, 0xFF, 0x40, 0x00, 0x0F, 0xEB, 0xFF, 0x80, 0x00, 0x00, 0x7F, 0xFD, 0x00, 0x00, 0x00, 0x01,
    0xA9, 0x00, 0x00, 0x00, 0x00, 0x0B, 0xC3, 0xFE, 0x7F, 0xEB, 0xFD, 0x3F, 0x80, 0x00, 0x00, 0x50,
    0x03, 0xFD, 0x06, 0xFE, 0x00, 0x7E, 0x00, 0xFC, 0x03, 0xF4, 0x2F, 0xD0, 0x19, 0x00, 0x00, 0x00,
    0x00, 0x00, 0x2F, 0x80, 0x2F, 0xFF, 0x01, 0xFF, 0xF8, 0x01, 0x6F, 0xD0, 0x00, 0x7F, 0x00, 0x02,
    0xFC, 0x00, 0x0F, 0xE0, 0x00, 0x3F, 0x80, 0x00, 0xFD, 0x00, 0x07, 0xF0, 0x00, 0x2F, 0xC0, 0x00,
    0xFE, 0x00, 0x1B, 0xFE, 0x42, 0xFF, 0xFE, 0x0A, 0xAA, 0xA4, 0x00, 0x00, 0x50, 0x00, 0x07, 0xFF,
    0x80, 0x0B, 0xFF, 0xF4, 0x0B, 0xF0, 0x7F, 0x03, 0xF0, 0x1F, 0xC2, 0xF8, 0x07, 0xF0, 0xFD, 0x02,
    0xF8, 0x3F, 0x00, 0xFD, 0x0F, 0xC0, 0xBF, 0x03, 0xF8, 0xBF, 0x00, 0x7F, 0xFF, 0x40, 0x07, 0xFE,
    0x00, 0x00, 0x00, 0x00, 0x00, 0x00, 0x16, 0x01, 0xFF, 0xFF, 0xD0, 0xFF, 0xFF, 0xE0, 0x15, 0x55,
    0x00, 0x00, 0x00, 0x90, 0x00, 0x60, 0x00, 0x0F, 0xF0, 0x0B, 0xF0, 0x00, 0x1F, 0xF0, 0x0F, 0xF0,
    0x00, 0x3F, 0xF0, 0x1F, 0xF0, 0x00, 0x3F, 0xE0, 0x3F, 0xF0, 0x00, 0xBF, 0xD0, 0x7F, 0xF0, 0x00,
    0xFF, 0x40, 0xFF, 0x80, 0x0F, 0xFC, 0x0B, 0xFD, 0x00, 0xFF, 0xC0, 0xBF, 0xD0, 0x0F, 0xF8, 0x0B,
    0xFC, 0x00, 0xFF, 0x80, 0xBF, 0xC0, 0x0F, 0xF4, 0x07, 0xF8, 0x00, 0x0A, 0x00, 0x06, 0x40, 0x00,
    0x00, 0x00, 0x00, 0x00, 0x00, 0x00, 0x00, 0x00, 0x00, 0x00, 0x00, 0x00, 0x00, 0x00, 0x03, 0x40,
    0x00, 0x00, 0x02, 0xD0, 0x00, 0x00, 0x00, 0xBF, 0x00, 0x00, 0x1B, 0xFF, 0x00, 0x00, 0x00, 0x1F,
    0xE0, 0x00, 0x07, 0xFF, 0xE0, 0x00, 0x00, 0x03, 0xFC, 0x00, 0x00, 0x2B, 0xFD, 0x00, 0x00, 0x00,
    0xBF, 0x00, 0x00, 0x00, 0x1F, 0xC0, 0x00, 0x00, 0x1F, 0xD0, 0x00, 0x00, 0x02, 0xFC, 0x00, 0x00,
    0x03, 0xF8, 0x00, 0x00, 0x00, 0x2F, 0xC0, 0x00, 0x00, 0xFF, 0x00, 0x00, 0x00, 0x03, 0xF8, 0x00,
    0x00, 0x1F, 0xC0, 0x00, 0x00, 0x00, 0x3F, 0x40, 0x00, 0x03, 0xF4, 0x00, 0x0B, 0x40, 0x07, 0xF0,
    0x00, 0x00, 0xFE, 0x00, 0x03, 0xFC, 0x00, 0xBF, 0x00, 0x00, 0x1F, 0xC0, 0x00, 0xFF, 0x80, 0x0F,
    0xE0, 0x00, 0x03, 0xF0, 0x00, 0x3F, 0xF4, 0x01, 0xFF, 0x40, 0x00, 0xFD, 0x00, 0x0F, 0xFF, 0x02,
    0xFF, 0xFF, 0x00, 0x2F, 0x80, 0x03, 0xF3, 0xF0, 0x3F, 0xFF, 0xE0, 0x0B, 0xF0, 0x00, 0xFC, 0x3F,
    0x00, 0x00, 0x00, 0x01, 0xFC, 0x00, 0x3F, 0x07, 0xE0, 0x00, 0x00, 0x00, 0x3F, 0x80, 0x0F, 0xD0,
    0xBD, 0x00, 0x00, 0x00, 0x0F, 0xF0, 0x03, 0xF9, 0x5F, 0xE4, 0x00, 0x00, 0x02, 0xFC, 0x00, 0x7F,
    0xFF, 0xFF, 0xD0, 0x00, 0x00, 0x7F, 0x40, 0x03, 0xFF, 0xFF, 0xFC, 0x00, 0x00, 0x0F, 0xF0, 0x00,
    0x00, 0x02, 0xF8, 0x00, 0x00, 0x03, 0xFC, 0x00, 0x00, 0x00, 0x3F, 0x40, 0x00, 0x00, 0xBF, 0x40,
    0x00, 0x00, 0x03, 0xF0, 0x00, 0x00, 0x0B, 0xF0, 0x00, 0x00, 0x00, 0x00, 0x00, 0x00, 0x00, 0x0C,
    0x00, 0x00, 0x00, 0x00, 0x00, 0x00, 0x00, 0x00, 0x00, 0x00, 0x00, 0x00, 0x00, 0x00, 0x00, 0x00,
    0x00, 0x00, 0x00, 0x00, 0x00, 0x00, 0x00, 0x00, 0x00, 0x00, 0x00, 0x00, 0x1C, 0x00, 0x00, 0x00,
    0x02, 0xD0, 0x00, 0x00, 0x03, 0xF4, 0x00, 0x00, 0x1B, 0xFF, 0x00, 0x00, 0x00, 0xFF, 0x00, 0x00,
    0x07, 0xFF, 0xE0, 0x00, 0x00, 0x1F, 0xD0, 0x00, 0x00, 0x2B, 0xFD, 0x00, 0x00, 0x03, 0xF8, 0x00,
    0x00, 0x00, 0x1F, 0xC0, 0x00, 0x00, 0xFF, 0x00, 0x00, 0x00, 0x02, 0xFC, 0x00, 0x00, 0x2F, 0xC0,
    0x00, 0x00, 0x00, 0x2F, 0xC0, 0x00, 0x03, 0xF4, 0x00, 0x00, 0x00, 0x03, 0xF8, 0x00, 0x00, 0xFE,
    0x00, 0x00, 0x00, 0x00, 0x3F, 0x40, 0x00, 0x2F, 0xC0, 0x0B, 0xE8, 0x00, 0x07, 0xF0, 0x00, 0x07,
    0xF0, 0x0B, 0xFF, 0xF4, 0x00, 0xBF, 0x00, 0x00, 0xFD, 0x02, 0xFF, 0xFF, 0xC0, 0x0F, 0xE0, 0x00,
    0x2F, 0x80, 0x7F, 0x42, 0xFC, 0x01, 0xFF, 0x40, 0x07, 0xF0, 0x07, 0xC0, 0x2F, 0xC2, 0xFF, 0xFF,
    0x00, 0xFC, 0x00, 0x04, 0x03, 0xF8, 0x3F, 0xFF, 0xE0, 0x3F, 0x40, 0x00, 0x00, 0xBF, 0x00, 0x00,
    0x00, 0x0B, 0xF0, 0x00, 0x00, 0x2F, 0xD0, 0x00, 0x00, 0x01, 0xFC, 0x00, 0x00, 0x0F, 0xF0, 0x00,
    0x00, 0x00, 0x7F, 0x40, 0x00, 0x03, 0xFC, 0x00, 0x00, 0x00, 0x0F, 0xE0, 0x00, 0x01, 0xFE, 0x00,
    0x00, 0x00, 0x03, 0xFC, 0x00, 0x00, 0xBF, 0x40, 0x00, 0x00, 0x00, 0xBF, 0x40, 0x00, 0x3F, 0xFA,
    0xAA, 0x00, 0x00, 0x1F, 0xE0, 0x00, 0x03, 0xFF, 0xFF, 0xF0, 0x00, 0x03, 0xFC, 0x00, 0x00, 0x3F,
    0xFF, 0xFD, 0x00, 0x00, 0x3F, 0x40, 0x00, 0x00, 0x00, 0x00, 0x00, 0x00, 0x00, 0xA0, 0x00, 0x00,
    0x00, 0x00, 0x00, 0x00, 0x00, 0x00, 0x00, 0x00, 0x00, 0x00, 0x00, 0x00, 0x00, 0x00, 0x00, 0x00,
    0x00, 0x00, 0x00, 0x00, 0x00, 0x00, 0x00, 0x00, 0x00, 0x00, 0x07, 0x00, 0x00, 0x00, 0x1B, 0xE0,
    0x00, 0x00, 0x00, 0xFE, 0x00, 0x00, 0x1F, 0xFF, 0xD0, 0x00, 0x00, 0x2F, 0xD0, 0x00, 0x03, 0xFF,
    0xFF, 0x00, 0x00, 0x07, 0xF8, 0x00, 0x00, 0x7D, 0x07, 0xF0, 0x00, 0x00, 0xFF, 0x00, 0x00, 0x02,
    0x40, 0x7E, 0x00, 0x00, 0x3F, 0xC0, 0x00, 0x00, 0x00, 0x1F, 0xC0, 0x00, 0x07, 0xF4, 0x00, 0x00,
    0x00, 0x1B, 0xF4, 0x00, 0x00, 0xFD, 0x00, 0x00, 0x00, 0x1F, 0xFF, 0x00, 0x00, 0x3F, 0x80, 0x00,
    0x00, 0x01, 0xFF, 0xF8, 0x00, 0x0B, 0xF0, 0x00, 0x0B, 0x40, 0x00, 0x1F, 0xC0, 0x00, 0xFC, 0x00,
    0x03, 0xFC, 0x00, 0x01, 0xFC, 0x00, 0x3F, 0x40, 0x00, 0xFF, 0x80, 0x00, 0x3F, 0x80, 0x0B, 0xE0,
    0x00, 0x3F, 0xF4, 0x00, 0x6F, 0xF0, 0x01, 0xFC, 0x00, 0x0F, 0xFF, 0x0B, 0xFF, 0xFC, 0x00, 0x3F,
    0x00, 0x03, 0xF3, 0xF0, 0xBF, 0xFD, 0x00, 0x0F, 0xE0, 0x00, 0xFC, 0x3F, 0x01, 0x54, 0x00, 0x02,
    0xFC, 0x00, 0x3F, 0x07, 0xE0, 0x00, 0x00, 0x00, 0x7F, 0x00, 0x0F, 0xD0, 0xBD, 0x00, 0x00, 0x00,
    0x0F, 0xD0, 0x03, 0xF9, 0x5F, 0xE4, 0x00, 0x00, 0x03, 0xFC, 0x00, 0x7F, 0xFF, 0xFF, 0xD0, 0x00,
    0x00, 0xBF, 0x00, 0x03, 0xFF, 0xFF, 0xFC, 0x00, 0x00, 0x1F, 0xD0, 0x00, 0x00, 0x02, 0xF8, 0x00,
    0x00, 0x03, 0xF8, 0x00, 0x00, 0x00, 0x3F, 0x40, 0x00, 0x00, 0xFF, 0x00, 0x00, 0x00, 0x03, 0xF0,
    0x00, 0x00, 0x0F, 0xD0, 0x00, 0x00, 0x00, 0x00, 0x00, 0x00, 0x00, 0x18, 0x00, 0x00, 0x00, 0x00,
    0x00, 0x00, 0x00, 0x00, 0x00, 0x00, 0x00, 0x00, 0x00, 0x00, 0x00, 0x00, 0x50, 0x00, 0x1F, 0xE0,
    0x00, 0xFF, 0xC0, 0x03, 0xFE, 0x00, 0x0F, 0xF0, 0x00, 0x05, 0x00, 0x00, 0x00, 0x00, 0x02, 0xA0,
    0x00, 0x7F, 0xF0, 0x03, 0xFF, 0xD0, 0x05, 0x7F, 0x40, 0x01, 0xFC, 0x00, 0x1F, 0xD0, 0x02, 0xFD,
    0x00, 0x2F, 0xD0, 0x02, 0xFD, 0x00, 0x1F, 0xD0, 0x00, 0xFD, 0x00, 0x0B, 0xF0, 0x00, 0x2F, 0xC0,
    0x04, 0xBF, 0x96, 0xF1, 0xFF, 0xFF, 0xC3, 0xFF, 0xFF, 0x03, 0xFF, 0xF4, 0x02, 0xFE, 0x40, 0x00,
    0x00, 0x00, 0x00, 0x00, 0x00, 0x00, 0x00, 0x00, 0x07, 0x00, 0x00, 0x00, 0x00, 0x00, 0x00, 0xFC,
    0x00, 0x00, 0x00, 0x00, 0x00, 0x1F, 0xF4, 0x00, 0x00, 0x00, 0x00, 0x00, 0xFF, 0xE0, 0x00, 0x00,
    0x00, 0x00, 0x07, 0xFF, 0xC0, 0x00, 0x00, 0x00, 0x00, 0x06, 0xFC, 0x00, 0x00, 0x00, 0x00, 0x00,
    0x01, 0x80, 0x00, 0x00, 0x00, 0x00, 0x00, 0x00, 0x00, 0x00, 0x00, 0x00, 0x00, 0x01, 0x40, 0x00,
    0x00, 0x00, 0x00, 0x03, 0xFC, 0x00, 0x00, 0x00, 0x00, 0x00, 0xFF, 0xC0, 0x00, 0x00, 0x00, 0x00,
    0x2F, 0xFD, 0x00, 0x00, 0x00, 0x00, 0x07, 0xFF, 0xD0, 0x00, 0x00, 0x00, 0x00, 0xFF, 0xFE, 0x00,
    0x00, 0x00, 0x00, 0x1F, 0xEF, 0xF0, 0x00, 0x00, 0x00, 0x03, 0xF9, 0xFF, 0x00, 0x00, 0x00, 0x00,
    0xBF, 0x0F, 0xF0, 0x00, 0x00, 0x00, 0x0F, 0xE0, 0xFF, 0x40, 0x00, 0x00, 0x03, 0xFC, 0x0F, 0xF8,
    0x00, 0x00, 0x00, 0x7F, 0x40, 0xBF, 0xC0, 0x00, 0x00, 0x0F, 0xF0, 0x0B, 0xFC, 0x00, 0x00, 0x02,
    0xFD, 0x00, 0x7F, 0xC0, 0x00, 0x00, 0x3F, 0xD5, 0x5B, 0xFD, 0x00, 0x00, 0x0F, 0xFF, 0xFF, 0xFF,
    0xE0, 0x00, 0x01, 0xFF, 0xFF, 0xFF, 0xFF, 0x00, 0x00, 0x3F, 0xEA, 0xAA, 0xBF, 0xF0, 0x00, 0x0B,
    0xF8, 0x00, 0x02, 0xFF, 0x00, 0x00, 0xFF, 0x00, 0x00, 0x2F, 0xF4, 0x00, 0x2F, 0xE0, 0x00, 0x01,
    0xFF, 0x80, 0x1B, 0xFE, 0x40, 0x00, 0xBF, 0xFF, 0x4B, 0xFF, 0xFD, 0x00, 0x7F, 0xFF, 0xFC, 0xFF,
    0xFF, 0xC0, 0x0B, 0xFF, 0xFF, 0xC0, 0x00, 0x00, 0x00, 0x00, 0x00, 0x00, 0x00, 0x00, 0x00, 0x00,
    0x00, 0x0C, 0x00, 0x00, 0x00, 0x00, 0x00, 0x0B, 0xD0, 0x00, 0x00, 0x00, 0x00, 0x07, 0xFE, 0x00,
    0x00, 0x00, 0x00, 0x02, 0xFF, 0xD0, 0x00, 0x00, 0x00, 0x00, 0xFF, 0xF4, 0x00, 0x00, 0x00, 0x00,
    0x2F, 0xE4, 0x00, 0x00, 0x00, 0x00, 0x01, 0x90, 0x00, 0x00, 0x00, 0x00, 0x00, 0x00, 0x00, 0x00,
    0x00, 0x00, 0x00, 0x00, 0x01, 0x40, 0x00, 0x00, 0x00, 0x00, 0x03, 0xFC, 0x00, 0x00, 0x00, 0x00,
    0x00, 0xFF, 0xC0, 0x00, 0x00, 0x00, 0x00, 0x2F, 0xFD, 0x00, 0x00, 0x00, 0x00, 0x07, 0xFF, 0xD0,
    0x00, 0x00, 0x00, 0x00, 0xFF, 0xFE, 0x00, 0x00, 0x00, 0x00, 0x1F, 0xEF, 0xF0, 0x00, 0x00, 0x00,
    0x03, 0xF9, 0xFF, 0x00, 0x00, 0x00, 0x00, 0xBF, 0x0F, 0xF0, 0x00, 0x00, 0x00, 0x0F, 0xE0, 0xFF,
    0x40, 0x00, 0x00, 0x03, 0xFC, 0x0F, 0xF8, 0x00, 0x00, 0x00, 0x7F, 0x40, 0xBF, 0xC0, 0x00, 0x00,
    0x0F, 0xF0, 0x0B, 0xFC, 0x00, 0x00, 0x02, 0xFD, 0x00, 0x7F, 0xC0, 0x00, 0x00, 0x3F, 0xD5, 0x5B,
    0xFD, 0x00, 0x00, 0x0F, 0xFF, 0xFF, 0xFF, 0xE0, 0x00, 0x01, 0xFF, 0xFF, 0xFF, 0xFF, 0x00, 0x00,
    0x3F, 0xEA, 0xAA, 0xBF, 0xF0, 0x00, 0x0B, 0xF8, 0x00, 0x02, 0xFF, 0x00, 0x00, 0xFF, 0x00, 0x00,
    0x2F, 0xF4, 0x00, 0x2F, 0xE0, 0x00, 0x01, 0xFF, 0x80, 0x1B, 0xFE, 0x40, 0x00, 0xBF, 0xFF, 0x4B,
    0xFF, 0xFD, 0x00, 0x7F, 0xFF, 0xFC, 0xFF, 0xFF, 0xC0, 0x0B, 0xFF, 0xFF, 0xC0, 0x00, 0x00, 0x00,
    0x00, 0xA8, 0x00, 0x00, 0x00, 0x00, 0x00, 0x3F, 0xF0, 0x00, 0x00, 0x00, 0x00, 0x0F, 0xFF, 0x80,
    0x00, 0x00, 0x00, 0x03, 0xFE, 0xFD, 0x00, 0x00, 0x00, 0x00, 0xFF, 0x0B, 0xF0, 0x00, 0x00, 0x00,
    0x7F, 0xC0, 0x2F, 0x00, 0x00, 0x00, 0x02, 0x90, 0x00, 0x90, 0x00, 0x00, 0x00, 0x00, 0x00, 0x00,
    0x00, 0x00, 0x00, 0x00, 0x00, 0x14, 0x00, 0x00, 0x00, 0x00, 0x00, 0x3F, 0xC0, 0x00, 0x00, 0x00,
    0x00, 0x0F, 0xFC, 0x00, 0x00, 0x00, 0x00, 0x02, 0xFF, 0xD0, 0x00, 0x00, 0x00, 0x00, 0x7F, 0xFD,
    0x00, 0x00, 0x00, 0x00, 0x0F, 0xFF, 0xE0, 0x00, 0x00, 0x00, 0x01, 0xFE, 0xFF, 0x00, 0x00, 0x00,
    0x00, 0x3F, 0x9F, 0xF0, 0x00, 0x00, 0x00, 0x0B, 0xF0, 0xFF, 0x00, 0x00, 0x00, 0x00, 0xFE, 0x0F,
    0xF4, 0x00, 0x00, 0x00, 0x3F, 0xC0, 0xFF, 0x80, 0x00, 0x00, 0x07, 0xF4, 0x0B, 0xFC, 0x00, 0x00,
    0x00, 0xFF, 0x00, 0xBF, 0xC0, 0x00, 0x00, 0x2F, 0xD0, 0x07, 0xFC, 0x00, 0x00, 0x03, 0xFD, 0x55,
    0xBF, 0xD0, 0x00, 0x00, 0xFF, 0xFF, 0xFF, 0xFE, 0x00, 0x00, 0x1F, 0xFF, 0xFF, 0xFF, 0xF0, 0x00,
    0x03, 0xFE, 0xAA, 0xAB, 0xFF, 0x00, 0x00, 0xBF, 0x80, 0x00, 0x2F, 0xF0, 0x00, 0x0F, 0xF0, 0x00,
    0x02, 0xFF, 0x40, 0x02, 0xFE, 0x00, 0x00, 0x1F, 0xF8, 0x01, 0xBF, 0xE4, 0x00, 0x0B, 0xFF, 0xF4,
    0xBF, 0xFF, 0xD0, 0x07, 0xFF, 0xFF, 0xCF, 0xFF, 0xFC, 0x00, 0xBF, 0xFF, 0xFC, 0x00, 0x00, 0x00,
    0x00, 0x00, 0x00, 0x00, 0x00, 0x00, 0x03, 0xF8, 0x0E, 0x00, 0x00, 0x00, 0x00, 0xFF, 0xE2, 0xF0,
    0x00, 0x00, 0x00, 0x2F, 0xFF, 0xFF, 0x00, 0x00, 0x00, 0x03, 0xF1, 0xFF, 0xD0, 0x00, 0x00, 0x00,
    0x1C, 0x07, 0xF4, 0x00, 0x00, 0x00, 0x00, 0x00, 0x00, 0x00, 0x00, 0x00, 0x00, 0x00, 0x00, 0x00,
    0x00, 0x00, 0x00, 0x00, 0x00, 0x14, 0x00, 0x00, 0x00, 0x00, 0x00, 0x3F, 0xC0, 0x00, 0x00, 0x00,
    0x00, 0x0F, 0xFC, 0x00, 0x00, 0x00, 0x00, 0x02, 0xFF, 0xD0, 0x00, 0x00, 0x00, 0x00, 0x7F, 0xFD,
    0x00, 0x00, 0x00, 0x00, 0x0F, 0xFF, 0xE0, 0x00, 0x00, 0x00, 0x01, 0xFE, 0xFF, 0x00, 0x00, 0x00,
    0x00, 0x3F, 0x9F, 0xF0, 0x00, 0x00, 0x00, 0x0B, 0xF0, 0xFF, 0x00, 0x00, 0x00, 0x00, 0xFE, 0x0F,
    0xF4, 0x00, 0x00, 0x00, 0x3F, 0xC0, 0xFF, 0x80, 0x00, 0x00, 0x07, 0xF4, 0x0B, 0xFC, 0x00, 0x00,
    0x00, 0xFF, 0x00, 0xBF, 0xC0, 0x00, 0x00, 0x2F, 0xD0, 0x07, 0xFC, 0x00, 0x00, 0x03, 0xFD, 0x55,
    0xBF, 0xD0, 0x00, 0x00, 0xFF, 0xFF, 0xFF, 0xFE, 0x00, 0x00, 0x1F, 0xFF, 0xFF, 0xFF, 0xF0, 0x00,
    0x03, 0xFE, 0xAA, 0xAB, 0xFF, 0x00, 0x00, 0xBF, 0x80, 0x00, 0x2F, 0xF0, 0x00, 0x0F, 0xF0, 0x00,
    0x02, 0xFF, 0x40, 0x02, 0xFE, 0x00, 0x00, 0x1F, 0xF8, 0x01, 0xBF, 0xE4, 0x00, 0x0B, 0xFF, 0xF4,
    0xBF, 0xFF, 0xD0, 0x07, 0xFF, 0xFF, 0xCF, 0xFF, 0xFC, 0x00, 0xBF, 0xFF, 0xFC, 0x00, 0x00, 0x00,
    0x14, 0x00, 0x40, 0x00, 0x00, 0x00, 0x0F, 0xE0, 0xBF, 0x00, 0x00, 0x00, 0x02, 0xFF, 0x0F, 0xF4,
    0x00, 0x00, 0x00, 0x3F, 0xE1, 0xFF, 0x00, 0x00, 0x00, 0x02, 0xF8, 0x0F, 0xD0, 0x00, 0x00, 0x00,
    0x00, 0x00, 0x00, 0x00, 0x00, 0x00, 0x00, 0x00, 0x00, 0x00, 0x00, 0x00, 0x00, 0x00, 0x01, 0x40,
    0x00, 0x00, 0x00, 0x00, 0x03, 0xFC, 0x00, 0x00, 0x00, 0x00, 0x00, 0xFF, 0xC0, 0x00, 0x00, 0x00,
    0x00, 0x2F, 0xFD, 0x00, 0x00, 0x00, 0x00, 0x07, 0xFF, 0xD0, 0x00, 0x00, 0x00, 0x00, 0xFF, 0xFE,
    0x00, 0x00, 0x00, 0x00, 0x1F, 0xEF, 0xF0, 0x00, 0x00, 0x00, 0x03, 0xF9, 0xFF, 0x00, 0x00, 0x00,
    0x00, 0xBF, 0x0F, 0xF0, 0x00, 0x00, 0x00, 0x0F, 0xE0, 0xFF, 0x40, 0x00, 0x00, 0x03, 0xFC, 0x0F,
    0xF8, 0x00, 0x00, 0x00, 0x7F, 0x40, 0xBF, 0xC0, 0x00, 0x00, 0x0F, 0xF0, 0x0B, 0xFC, 0x00, 0x00,
    0x02, 0xFD, 0x00, 0x7F, 0xC0, 0x00, 0x00, 0x3F, 0xD5, 0x5B, 0xFD, 0x00, 0x00, 0x0F, 0xFF, 0xFF,
    0xFF, 0xE0, 0x00, 0x01, 0xFF, 0xFF, 0xFF, 0xFF, 0x00, 0x00, 0x3F, 0xEA, 0xAA, 0xBF, 0xF0, 0x00,
    0x0B, 0xF8, 0x00, 0x02, 0xFF, 0x00, 0x00, 0xFF, 0x00, 0x00, 0x2F, 0xF4, 0x00, 0x2F, 0xE0, 0x00,
    0x01, 0xFF, 0x80, 0x1B, 0xFE, 0x40, 0x00, 0xBF, 0xFF, 0x4B, 0xFF, 0xFD, 0x00, 0x7F, 0xFF, 0xFC,
    0xFF, 0xFF, 0xC0, 0x0B, 0xFF, 0xFF, 0xC0, 0x00, 0x00, 0x00, 0x00, 0x50, 0x00, 0x00, 0x00, 0x00,
    0x00, 0xBF, 0xE0, 0x00, 0x00, 0x00, 0x00, 0x2F, 0xFF, 0x80, 0x00, 0x00, 0x00, 0x03, 0xD0, 0xBC,
    0x00, 0x00, 0x00, 0x00, 0x7C, 0x0B, 0xC0, 0x00, 0x00, 0x00, 0x07, 0xC0, 0xF8, 0x00, 0x00, 0x00,
    0x00, 0x3F, 0xBF, 0x00, 0x00, 0x00, 0x00, 0x01, 0xFF, 0xD0, 0x00, 0x00, 0x00, 0x00, 0x01, 0x50,
    0x00, 0x00, 0x00, 0x00, 0x00, 0x01, 0x40, 0x00, 0x00, 0x00, 0x00, 0x03, 0xFC, 0x00, 0x00, 0x00,
    0x00, 0x00, 0xFF, 0xC0, 0x00, 0x00, 0x00, 0x00, 0x2F, 0xFD, 0x00, 0x00, 0x00, 0x00, 0x07, 0xFF,
    0xD0, 0x00, 0x00, 0x00, 0x00, 0xFF, 0xFE, 0x00, 0x00, 0x00, 0x00, 0x1F, 0xEF, 0xF0, 0x00, 0x00,
    0x00, 0x03, 0xF9, 0xFF, 0x00, 0x00, 0x00, 0x00, 0xBF, 0x0F, 0xF0, 0x00, 0x00, 0x00, 0x0F, 0xE0,
    0xFF, 0x40, 0x00, 0x00, 0x03, 0xFC, 0x0F, 0xF8, 0x00, 0x00, 0x00, 0x7F, 0x40, 0xBF, 0xC0, 0x00,
    0x00, 0x0F, 0xF0, 0x0B, 0xFC, 0x00, 0x00, 0x02, 0xFD, 0x00, 0x7F, 0xC0, 0x00, 0x00, 0x3F, 0xD5,
    0x5B, 0xFD, 0x00, 0x00, 0x0F, 0xFF, 0xFF, 0xFF, 0xE0, 0x00, 0x01, 0xFF, 0xFF, 0xFF, 0xFF, 0x00,
    0x00, 0x3F, 0xEA, 0xAA, 0xBF, 0xF0, 0x00, 0x0B, 0xF8, 0x00, 0x02, 0xFF, 0x00, 0x00, 0xFF, 0x00,
    0x00, 0x2F, 0xF4, 0x00, 0x2F, 0xE0, 0x00, 0x01, 0xFF, 0x80, 0x1B, 0xFE, 0x40, 0x00, 0xBF, 0xFF,
    0x4B, 0xFF, 0xFD, 0x00, 0x7F, 0xFF, 0xFC, 0xFF, 0xFF, 0xC0, 0x0B, 0xFF, 0xFF, 0xC0, 0x00, 0x00,
    0x00, 0x03, 0xFF, 0xFF, 0xFF, 0xFF, 0xE0, 0x00, 0x00, 0x00, 0x3F, 0xFF, 0xFF, 0xFF, 0xFE, 0x00,
    0x00, 0x00, 0x00, 0x6F, 0xFF, 0xFF, 0xFF, 0xE0, 0x00, 0x00, 0x00, 0x03, 0xFF, 0xF4, 0x05, 0xFD,
    0x00, 0x00, 0x00, 0x00, 0xBE, 0xFF, 0x00, 0x0F, 0xC0, 0x00, 0x00, 0x00, 0x1F, 0xCF, 0xF0, 0x00,
    0xFC, 0x00, 0x00, 0x00, 0x07, 0xF1, 0xFE, 0x00, 0x0A, 0x00, 0x00, 0x00, 0x00, 0xFD, 0x2F, 0xD0,
    0x00, 0x00, 0x00, 0x00, 0x00, 0x3F, 0x83, 0xFC, 0x00, 0x00, 0x00, 0x00, 0x00, 0x0B, 0xF0, 0x3F,
    0xC0, 0x00, 0x00, 0x00, 0x00, 0x02, 0xFD, 0x07, 0xFF, 0xFF, 0xF0, 0x00, 0x00, 0x00, 0x7F, 0x40,
    0xFF, 0xFF, 0xFE, 0x00, 0x00, 0x00, 0x0F, 0xE0, 0x0F, 0xFF, 0xFF, 0xC0, 0x00, 0x00, 0x03, 0xFD,
    0x01, 0xFF, 0x00, 0x00, 0x00, 0x00, 0x00, 0xFF, 0xFF, 0xFF, 0xF0, 0x00, 0x00, 0x00, 0x00, 0x2F,
    0xFF, 0xFF, 0xFE, 0x00, 0x00, 0x00, 0x00, 0x07, 0xFD, 0x55, 0x7F, 0xD0, 0x00, 0x7C, 0x00, 0x01,
    0xFF, 0x00, 0x03, 0xFD, 0x00, 0x0F, 0xC0, 0x00, 0x3F, 0xC0, 0x00, 0x7F, 0xC0, 0x01, 0xFC, 0x00,
    0x0F, 0xF4, 0x00, 0x0B, 0xFC, 0x00, 0x7F, 0xC0, 0x07, 0xFF, 0x40, 0x07, 0xFF, 0xFF, 0xFF, 0xF8,
    0x03, 0xFF, 0xFE, 0x02, 0xFF, 0xFF, 0xFF, 0xFF, 0x00, 0x3F, 0xFF, 0xD0, 0x3F, 0xFF, 0xFF, 0xFF,
    0xF0, 0x00, 0x00, 0x00, 0x00, 0x55, 0x00, 0x00, 0x00, 0x1B, 0xFF, 0xFE, 0x40, 0x00, 0x3F, 0xFF,
    0xFF, 0xF4, 0x00, 0x7F, 0xFF, 0xFF, 0xFC, 0x00, 0xBF, 0xFE, 0x41, 0xFF, 0x00, 0x7F, 0xF4, 0x00,
    0x2F, 0xC0, 0x3F, 0xF0, 0x00, 0x0B, 0xE0, 0x3F, 0xF4, 0x00, 0x03, 0xF0, 0x1F, 0xF8, 0x00, 0x00,
    0x50, 0x0F, 0xFD, 0x00, 0x00, 0x00, 0x03, 0xFF, 0x00, 0x00, 0x00, 0x01, 0xFF, 0x80, 0x00, 0x00,
    0x00, 0xBF, 0xE0, 0x00, 0x00, 0x00, 0x3F, 0xF8, 0x00, 0x00, 0x00, 0x0F, 0xFE, 0x00, 0x00, 0x00,
    0x03, 0xFF, 0x80, 0x00, 0x00, 0x00, 0xFF, 0xF0, 0x00, 0x00, 0x00, 0x2F, 0xFC, 0x00, 0x00, 0x08,
    0x0B, 0xFF, 0xC0, 0x00, 0x1F, 0x00, 0xFF, 0xFD, 0x00, 0x6F, 0xC0, 0x3F, 0xFF, 0xFF, 0xFF, 0xF0,
    0x03, 0xFF, 0xFF, 0xFF, 0xF0, 0x00, 0x3F, 0xFF, 0xFF, 0xE0, 0x00, 0x01, 0xFF, 0xFF, 0x80, 0x00,
    0x00, 0x00, 0x54, 0x00, 0x00, 0x00, 0x00, 0x14, 0x00, 0x00, 0x00, 0x00, 0x3F, 0xD0, 0x00, 0x00,
    0x00, 0x1F, 0xFC, 0x00, 0x00, 0x00, 0x00, 0x7E, 0x00, 0x00, 0x00, 0x00, 0x3F, 0x40, 0x00, 0x00,
    0x00, 0x3F, 0x80, 0x00, 0x00, 0x00, 0xBF, 0x80, 0x00, 0x00, 0x00, 0x1A, 0x00, 0x00, 0x00, 0x00,
    0x00, 0x00, 0x00, 0x00, 0x00, 0x00, 0x00, 0x00, 0x07, 0x00, 0x00, 0x00, 0x00, 0x00, 0x3F, 0x40,
    0x00, 0x00, 0x00, 0x01, 0xFF, 0x80, 0x00, 0x00, 0x00, 0x03, 0xFF, 0x80, 0x00, 0x00, 0x00, 0x02,
    0xFF, 0xC0, 0x00, 0x00, 0x00, 0x00, 0xBF, 0x40, 0x00, 0x00, 0x00, 0x00, 0x18, 0x00, 0x00, 0x00,
    0x00, 0x00, 0x00, 0x00, 0x00, 0x00, 0x00, 0x00, 0x00, 0x00, 0x00, 0xFF, 0xFF, 0xFF, 0xFF, 0x40,
    0x0B, 0xFF, 0xFF, 0xFF, 0xFD, 0x00, 0x1F, 0xFF, 0xFF, 0xFF, 0xF0, 0x00, 0x03, 0xFE, 0x01, 0x6F,
    0xC0, 0x00, 0x1F, 0xF4, 0x00, 0x7F, 0x00, 0x00, 0xBF, 0xC0, 0x01, 0xF8, 0x00, 0x03, 0xFF, 0x00,
    0x07, 0xC0, 0x00, 0x0F, 0xFC, 0x00, 0x00, 0x00, 0x00, 0x7F, 0xE0, 0x00, 0x00, 0x00, 0x01, 0xFF,
    0x40, 0x00, 0x00, 0x00, 0x0B, 0xFF, 0xFF, 0xF8, 0x00, 0x00, 0x3F, 0xFF, 0xFF, 0xD0, 0x00, 0x00,
    0xFF, 0xFF, 0xFF, 0x00, 0x00, 0x07, 0xFE, 0x00, 0x00, 0x00, 0x00, 0x2F, 0xF4, 0x00, 0x00, 0x00,
    0x00, 0xFF, 0xC0, 0x00, 0x00, 0x00, 0x03, 0xFF, 0x00, 0x02, 0xE0, 0x00, 0x0F, 0xF8, 0x00, 0x1F,
    0xC0, 0x00, 0x7F, 0xD0, 0x00, 0xFE, 0x00, 0x02, 0xFF, 0x40, 0x1B, 0xF4, 0x00, 0x7F, 0xFF, 0xFF,
    0xFF, 0xC0, 0x0B, 0xFF, 0xFF, 0xFF, 0xFF, 0x00, 0x3F, 0xFF, 0xFF, 0xFF, 0xF4, 0x00, 0x00, 0x00,
    0x00, 0x00, 0x00, 0x00, 0x00, 0x00, 0x00, 0x00, 0x0C, 0x00, 0x00, 0x00, 0x00, 0x01, 0xF8, 0x00,
    0x00, 0x00, 0x00, 0x3F, 0xF0, 0x00, 0x00, 0x00, 0x0B, 0xFF, 0x80, 0x00, 0x00, 0x00, 0xFF, 0xF8,
    0x00, 0x00, 0x00, 0x07, 0xFD, 0x00, 0x00, 0x00, 0x00, 0x09, 0x00, 0x00, 0x00, 0x00, 0x00, 0x00,
    0x00, 0x00, 0x00, 0x00, 0x00, 0x00, 0x00, 0x00, 0x00, 0xFF, 0xFF, 0xFF, 0xFF, 0x40, 0x0B, 0xFF,
    0xFF, 0xFF, 0xFD, 0x00, 0x1F, 0xFF, 0xFF, 0xFF, 0xF0, 0x00, 0x03, 0xFE, 0x01, 0x6F, 0xC0, 0x00,
    0x1F, 0xF4, 0x00, 0x7F, 0x00, 0x00, 0xBF, 0xC0, 0x01, 0xF8, 0x00, 0x03, 0xFF, 0x00, 0x07, 0xC0,
    0x00, 0x0F, 0xFC, 0x00, 0x00, 0x00, 0x00, 0x7F, 0xE0, 0x00, 0x00, 0x00, 0x01, 0xFF, 0x40, 0x00,
    0x00, 0x00, 0x0B, 0xFF, 0xFF, 0xF8, 0x00, 0x00, 0x3F, 0xFF, 0xFF, 0xD0, 0x00, 0x00, 0xFF, 0xFF,
    0xFF, 0x00, 0x00, 0x07, 0xFE, 0x00, 0x00, 0x00, 0x00, 0x2F, 0xF4, 0x00, 0x00, 0x00, 0x00, 0xFF,
    0xC0, 0x00, 0x00, 0x00, 0x03, 0xFF, 0x00, 0x02, 0xE0, 0x00, 0x0F, 0xF8, 0x00, 0x1F, 0xC0, 0x00,
    0x7F, 0xD0, 0x00, 0xFE, 0x00, 0x02, 0xFF, 0x40, 0x1B, 0xF4, 0x00, 0x7F, 0xFF, 0xFF, 0xFF, 0xC0,
    0x0B, 0xFF, 0xFF, 0xFF, 0xFF, 0x00, 0x3F, 0xFF, 0xFF, 0xFF, 0xF4, 0x00, 0x00, 0x00, 0x00, 0x02,
    0xB0, 0x00, 0x00, 0x00, 0x00, 0x2F, 0xF0, 0x00, 0x00, 0x00, 0x02, 0xFF, 0xF0, 0x00, 0x00, 0x00,
    0x2F, 0xEF, 0xE0, 0x00, 0x00, 0x03, 0xFD, 0x1F, 0xC0, 0x00, 0x00, 0x3F, 0xC0, 0x2F, 0x40, 0x00,
    0x00, 0xA8, 0x00, 0x24, 0x00, 0x00, 0x00, 0x00, 0x00, 0x00, 0x00, 0x00, 0x00, 0x00, 0x00, 0x00,
    0x00, 0x3F, 0xFF, 0xFF, 0xFF, 0xD0, 0x02, 0xFF, 0xFF, 0xFF, 0xFF, 0x40, 0x07, 0xFF, 0xFF, 0xFF,
    0xFC, 0x00, 0x00, 0xFF, 0x80, 0x5B, 0xF0, 0x00, 0x07, 0xFD, 0x00, 0x1F, 0xC0, 0x00, 0x2F, 0xF0,
    0x00, 0x7E, 0x00, 0x00, 0xFF, 0xC0, 0x01, 0xF0, 0x00, 0x03, 0xFF, 0x00, 0x00, 0x00, 0x00, 0x1F,
    0xF8, 0x00, 0x00, 0x00, 0x00, 0x7F, 0xD0, 0x00, 0x00, 0x00, 0x02, 0xFF, 0xFF, 0xFE, 0x00, 0x00,
    0x0F, 0xFF, 0xFF, 0xF4, 0x00, 0x00, 0x3F, 0xFF, 0xFF, 0xC0, 0x00, 0x01, 0xFF, 0x80, 0x00, 0x00,
    0x00, 0x0B, 0xFD, 0x00, 0x00, 0x00, 0x00, 0x3F, 0xF0, 0x00, 0x00, 0x00, 0x00, 0xFF, 0xC0, 0x00,
    0xB8, 0x00, 0x03, 0xFE, 0x00, 0x07, 0xF0, 0x00, 0x1F, 0xF4, 0x00, 0x3F, 0x80, 0x00, 0xBF, 0xD0,
    0x06, 0xFD, 0x00, 0x1F, 0xFF, 0xFF, 0xFF, 0xF0, 0x02, 0xFF, 0xFF, 0xFF, 0xFF, 0xC0, 0x0F, 0xFF,
    0xFF, 0xFF, 0xFD, 0x00, 0x00, 0x00, 0x00, 0x50, 0x01, 0x00, 0x00, 0x00, 0x0F, 0xF0, 0x7F, 0x40,
    0x00, 0x00, 0xBF, 0xC3, 0xFE, 0x00, 0x00, 0x03, 0xFE, 0x1F, 0xF0, 0x00, 0x00, 0x0B, 0xF0, 0x3F,
    0x40, 0x00, 0x00, 0x00, 0x00, 0x00, 0x00, 0x00, 0x00, 0x00, 0x00, 0x00, 0x00, 0x00, 0x00, 0x00,
    0x00, 0x00, 0x00, 0x0F, 0xFF, 0xFF, 0xFF, 0xF4, 0x00, 0xBF, 0xFF, 0xFF, 0xFF, 0xD0, 0x01, 0xFF,
    0xFF, 0xFF, 0xFF, 0x00, 0x00, 0x3F, 0xE0, 0x16, 0xFC, 0x00, 0x01, 0xFF, 0x40, 0x07, 0xF0, 0x00,
    0x0B, 0xFC, 0x00, 0x1F, 0x80, 0x00, 0x3F, 0xF0, 0x00, 0x7C, 0x00, 0x00, 0xFF, 0xC0, 0x00, 0x00,
    0x00, 0x07, 0xFE, 0x00, 0x00, 0x00, 0x00, 0x1F, 0xF4, 0x00, 0x00, 0x00, 0x00, 0xBF, 0xFF, 0xFF,
    0x80, 0x00, 0x03, 0xFF, 0xFF, 0xFD, 0x00, 0x00, 0x0F, 0xFF, 0xFF, 0xF0, 0x00, 0x00, 0x7F, 0xE0,
    0x00, 0x00, 0x00, 0x02, 0xFF, 0x40, 0x00, 0x00, 0x00, 0x0F, 0xFC, 0x00, 0x00, 0x00, 0x00, 0x3F,
    0xF0, 0x00, 0x2E, 0x00, 0x00, 0xFF, 0x80, 0x01, 0xFC, 0x00, 0x07, 0xFD, 0x00, 0x0F, 0xE0, 0x00,
    0x2F, 0xF4, 0x01, 0xBF, 0x40, 0x07, 0xFF, 0xFF, 0xFF, 0xFC, 0x00, 0xBF, 0xFF, 0xFF, 0xFF, 0xF0,
    0x03, 0xFF, 0xFF, 0xFF, 0xFF, 0x40, 0x00, 0x00, 0x00, 0x00, 0x00, 0x00, 0x00, 0xA0, 0x00, 0x00,
    0x00, 0x3F, 0x00, 0x00, 0x00, 0x2F, 0xF4, 0x00, 0x00, 0x07, 0xFF, 0x80, 0x00, 0x00, 0x7F, 0xF8,
    0x00, 0x00, 0x01, 0xBF, 0x00, 0x00, 0x00, 0x01, 0x40, 0x00, 0x00, 0x00, 0x00, 0x00, 0x00, 0x00,
    0x00, 0x00, 0x00, 0xFF, 0xFF, 0xF0, 0x00, 0xBF, 0xFF, 0xFC, 0x00, 0x1F, 0xFF, 0xF8, 0x00, 0x00,
    0x3F, 0xF0, 0x00, 0x00, 0x1F, 0xF8, 0x00, 0x00, 0x0B, 0xFD, 0x00, 0x00, 0x03, 0xFF, 0x00, 0x00,
    0x00, 0xFF, 0xC0, 0x00, 0x00, 0x3F, 0xF0, 0x00, 0x00, 0x1F, 0xF8, 0x00, 0x00, 0x0B, 0xFD, 0x00,
    0x00, 0x03, 0xFF, 0x00, 0x00, 0x00, 0xFF, 0xC0, 0x00, 0x00, 0x3F, 0xE0, 0x00, 0x00, 0x1F, 0xF8,
    0x00, 0x00, 0x0B, 0xFD, 0x00, 0x00, 0x03, 0xFF, 0x00, 0x00, 0x00, 0xFF, 0xC0, 0x00, 0x00, 0x7F,
    0xE0, 0x00, 0x00, 0x2F, 0xF4, 0x00, 0x00, 0x6F, 0xFF, 0x90, 0x00, 0xBF, 0xFF, 0xFC, 0x00, 0x3F,
    0xFF, 0xFE, 0x00, 0x00, 0x00, 0x00, 0x00, 0x00, 0x00, 0x00, 0x00, 0x01, 0xC0, 0x00, 0x00, 0x02,
    0xF4, 0x00, 0x00, 0x07, 0xFE, 0x00, 0x00, 0x0B, 0xFF, 0x40, 0x00, 0x1F, 0xFF, 0x40, 0x00, 0x0B,
    0xF9, 0x00, 0x00, 0x01, 0x90, 0x00, 0x00, 0x00, 0x00, 0x00, 0x00, 0x00, 0x00, 0x00, 0x00, 0x00,
    0xFF, 0xFF, 0xF0, 0x00, 0xBF, 0xFF, 0xFC, 0x00, 0x1F, 0xFF, 0xF8, 0x00, 0x00, 0x3F, 0xF0, 0x00,
    0x00, 0x1F, 0xF8, 0x00, 0x00, 0x0B, 0xFD, 0x00, 0x00, 0x03, 0xFF, 0x00, 0x00, 0x00, 0xFF, 0xC0,
    0x00, 0x00, 0x3F, 0xF0, 0x00, 0x00, 0x1F, 0xF8, 0x00, 0x00, 0x0B, 0xFD, 0x00, 0x00, 0x03, 0xFF,
    0x00, 0x00, 0x00, 0xFF, 0xC0, 0x00, 0x00, 0x3F, 0xE0, 0x00, 0x00, 0x1F, 0xF8, 0x00, 0x00, 0x0B,
    0xFD, 0x00, 0x00, 0x03, 0xFF, 0x00, 0x00, 0x00, 0xFF, 0xC0, 0x00, 0x00, 0x7F, 0xE0, 0x00, 0x00,
    0x2F, 0xF4, 0x00, 0x00, 0x6F, 0xFF, 0x90, 0x00, 0xBF, 0xFF, 0xFC, 0x00, 0x3F, 0xFF, 0xFE, 0x00,
    0x00, 0x00, 0x00, 0x02, 0xE0, 0x00, 0x00, 0x00, 0xFF, 0x80, 0x00, 0x00, 0x3F, 0xFE, 0x00, 0x00,
    0x0F, 0xFB, 0xF4, 0x00, 0x07, 0xFC, 0x2F, 0xC0, 0x01, 0xFF, 0x00, 0xFC, 0x00, 0x0A, 0x40, 0x02,
    0x40, 0x00, 0x00, 0x00, 0x00, 0x00, 0x00, 0x00, 0x00, 0x00, 0x00, 0xFF, 0xFF, 0xF0, 0x00, 0x2F,
    0xFF, 0xFF, 0x00, 0x01, 0xFF, 0xFF, 0x80, 0x00, 0x00, 0xFF, 0xC0, 0x00, 0x00, 0x1F, 0xF8, 0x00,
    0x00, 0x02, 0xFF, 0x40, 0x00, 0x00, 0x3F, 0xF0, 0x00, 0x00, 0x03, 0xFF, 0x00, 0x00, 0x00, 0x3F,
    0xF0, 0x00, 0x00, 0x07, 0xFE, 0x00, 0x00, 0x00, 0xBF, 0xD0, 0x00, 0x00, 0x0F, 0xFC, 0x00, 0x00,
    0x00, 0xFF, 0xC0, 0x00, 0x00, 0x0F, 0xF8, 0x00, 0x00, 0x01, 0xFF, 0x80, 0x00, 0x00, 0x2F, 0xF4,
    0x00, 0x00, 0x03, 0xFF, 0x00, 0x00, 0x00, 0x3F, 0xF0, 0x00, 0x00, 0x07, 0xFE, 0x00, 0x00, 0x00,
    0xBF, 0xD0, 0x00, 0x00, 0x6F, 0xFF, 0x90, 0x00, 0x2F, 0xFF, 0xFF, 0x00, 0x03, 0xFF, 0xFF, 0xE0,
    0x00, 0x00, 0x00, 0x50, 0x01, 0x00, 0x00, 0x3F, 0x82, 0xFC, 0x00, 0x0F, 0xFC, 0x7F, 0xD0, 0x00,
    0xFF, 0x4B, 0xFC, 0x00, 0x0F, 0xE0, 0x7F, 0x40, 0x00, 0x00, 0x00, 0x00, 0x00, 0x00, 0x00, 0x00,
    0x00, 0x00, 0x00, 0x00, 0x00, 0x00, 0x0F, 0xFF, 0xFF, 0x00, 0x02, 0xFF, 0xFF, 0xF0, 0x00, 0x1F,
    0xFF, 0xF8, 0x00, 0x00, 0x0F, 0xFC, 0x00, 0x00, 0x01, 0xFF, 0x80, 0x00, 0x00, 0x2F, 0xF4, 0x00,
    0x00, 0x03, 0xFF, 0x00, 0x00, 0x00, 0x3F, 0xF0, 0x00, 0x00, 0x03, 0xFF, 0x00, 0x00, 0x00, 0x7F,
    0xE0, 0x00, 0x00, 0x0B, 0xFD, 0x00, 0x00, 0x00, 0xFF, 0xC0, 0x00, 0x00, 0x0F, 0xFC, 0x00, 0x00,
    0x00, 0xFF, 0x80, 0x00, 0x00, 0x1F, 0xF8, 0x00, 0x00, 0x02, 0xFF, 0x40, 0x00, 0x00, 0x3F, 0xF0,
    0x00, 0x00, 0x03, 0xFF, 0x00, 0x00, 0x00, 0x7F, 0xE0, 0x00, 0x00, 0x0B, 0xFD, 0x00, 0x00, 0x06,
    0xFF, 0xF9, 0x00, 0x02, 0xFF, 0xFF, 0xF0, 0x00, 0x3F, 0xFF, 0xFE, 0x00, 0x00, 0x00, 0x00, 0x05,
    0x55, 0x40, 0x00, 0x00, 0x00, 0xBF, 0xFF, 0xFF, 0xD0, 0x00, 0x00, 0x7F, 0xFF, 0xFF, 0xFF, 0xD0,
    0x00, 0x0B, 0xFF, 0xFF, 0xFF, 0xFF, 0x80, 0x00, 0x65, 0xFF, 0x81, 0xBF, 0xFD, 0x00, 0x00, 0x1F,
    0xF4, 0x01, 0xFF, 0xF0, 0x00, 0x02, 0xFF, 0x00, 0x03, 0xFF, 0x40, 0x00, 0x3F, 0xF0, 0x00, 0x2F,
    0xFC, 0x00, 0x03, 0xFF, 0x00, 0x01, 0xFF, 0xC0, 0x00, 0x7F, 0xE0, 0x00, 0x0F, 0xFC, 0x00, 0x07,
    0xFD, 0x00, 0x00, 0xFF, 0xC0, 0x2A, 0xFF, 0xEA, 0x90, 0x0F, 0xFC, 0x0B, 0xFF, 0xFF, 0xFE, 0x00,
    0xFF, 0xC0, 0xAB, 0xFF, 0xEA, 0x80, 0x1F, 0xFC, 0x00, 0x1F, 0xF8, 0x00, 0x02, 0xFF, 0x80, 0x02,
    0xFF, 0x40, 0x00, 0x3F, 0xF4, 0x00, 0x3F, 0xF0, 0x00, 0x07, 0xFF, 0x00, 0x03, 0xFF, 0x00, 0x00,
    0xFF, 0xD0, 0x00, 0x3F, 0xF0, 0x00, 0x3F, 0xF8, 0x00, 0x07, 0xFE, 0x00, 0x1F, 0xFF, 0x00, 0x00,
    0xBF, 0xE5, 0x6F, 0xFF, 0xC0, 0x00, 0x7F, 0xFF, 0xFF, 0xFF, 0xE0, 0x00, 0x2F, 0xFF, 0xFF, 0xFF,
    0xE0, 0x00, 0x03, 0xFF, 0xFF, 0xFF, 0x90, 0x00, 0x00, 0x00, 0x00, 0x00, 0x00, 0x00, 0x00, 0x00,
    0x00, 0x00, 0x00, 0x00, 0x00, 0x00, 0x00, 0x00, 0x00, 0x00, 0x0F, 0xE0, 0x38, 0x00, 0x00, 0x00,
    0x00, 0x0F, 0xFE, 0x2F, 0x00, 0x00, 0x00, 0x00, 0x0B, 0xFF, 0xFF, 0xC0, 0x00, 0x00, 0x00, 0x03,
    0xF1, 0xFF, 0xD0, 0x00, 0x00, 0x00, 0x00, 0x70, 0x1F, 0xD0, 0x00, 0x00, 0x00, 0x00, 0x00, 0x00,
    0x00, 0x00, 0x00, 0x00, 0x00, 0x00, 0x00, 0x00, 0x00, 0x00, 0x00, 0x00, 0x00, 0x00, 0x00, 0x00,
    0x00, 0x00, 0x0F, 0xFF, 0xC0, 0x00, 0xFF, 0xFF, 0xC0, 0x0B, 0xFF, 0xF4, 0x00, 0x7F, 0xFF, 0xF0,
    0x00, 0xFF, 0xFF, 0x00, 0x0B, 0xFF, 0xE0, 0x00, 0x03, 0xFF, 0xD0, 0x00, 0x3F, 0xC0, 0x00, 0x01,
    0xFF, 0xF8, 0x00, 0x0F, 0xE0, 0x00, 0x00, 0xBF, 0xFF, 0x00, 0x07, 0xF4, 0x00, 0x00, 0x3F, 0xFF,
    0xE0, 0x02, 0xFD, 0x00, 0x00, 0x0F, 0xFF, 0xFC, 0x00, 0xFF, 0x00, 0x00, 0x03, 0xFB, 0xFF, 0x40,
    0x3F, 0xC0, 0x00, 0x01, 0xFD, 0x7F, 0xF0, 0x0F, 0xE0, 0x00, 0x00, 0xBF, 0x0F, 0xFD, 0x07, 0xF4,
    0x00, 0x00, 0x3F, 0xC1, 0xFF, 0xC2, 0xFC, 0x00, 0x00, 0x0F, 0xF0, 0x3F, 0xF0, 0xFF, 0x00, 0x00,
    0x07, 0xF8, 0x0B, 0xFE, 0x3F, 0xC0, 0x00, 0x02, 0xFD, 0x00, 0xFF, 0xDF, 0xE0, 0x00, 0x00, 0xBF,
    0x00, 0x2F, 0xFF, 0xF4, 0x00, 0x00, 0x3F, 0xC0, 0x03, 0xFF, 0xFC, 0x00, 0x00, 0x0F, 0xE0, 0x00,
    0xBF, 0xFF, 0x00, 0x00, 0x07, 0xF4, 0x00, 0x1F, 0xFF, 0x80, 0x00, 0x02, 0xFD, 0x00, 0x03, 0xFF,
    0xE0, 0x00, 0x02, 0xFF, 0xE0, 0x00, 0x7F, 0xF4, 0x00, 0x07, 0xFF, 0xFE, 0x00, 0x0F, 0xFC, 0x00,
    0x03, 0xFF, 0xFF, 0x40, 0x01, 0xFF, 0x00, 0x00, 0x00, 0x00, 0x00, 0x00, 0x14, 0x00, 0x00, 0x00,
    0x00, 0x00, 0x00, 0x00, 0x00, 0x00, 0x00, 0x00, 0x07, 0x00, 0x00, 0x00, 0x00, 0x00, 0x0F, 0xD0,
    0x00, 0x00, 0x00, 0x00, 0x1F, 0xF8, 0x00, 0x00, 0x00, 0x00, 0x0F, 0xFE, 0x00, 0x00, 0x00, 0x00,
    0x02, 0xFF, 0xC0, 0x00, 0x00, 0x00, 0x00, 0x2F, 0xD0, 0x00, 0x00, 0x00, 0x00, 0x01, 0x80, 0x00,
    0x00, 0x00, 0x00, 0x00, 0x00, 0x00, 0x00, 0x00, 0x00, 0x55, 0x40, 0x00, 0x00, 0x00, 0x2F, 0xFF,
    0xF8, 0x00, 0x00, 0x02, 0xFF, 0xFF, 0xFF, 0x40, 0x00, 0x0F, 0xFF, 0xFF, 0xFF, 0xD0, 0x00, 0x3F,
    0xFE, 0x56, 0xFF, 0xF0, 0x00, 0xFF, 0xF0, 0x00, 0x7F, 0xF8, 0x02, 0xFF, 0xC0, 0x00, 0x3F, 0xFC,
    0x03, 0xFF, 0x40, 0x00, 0x1F, 0xFC, 0x0B, 0xFF, 0x00, 0x00, 0x1F, 0xFD, 0x0F, 0xFD, 0x00, 0x00,
    0x0F, 0xFD, 0x1F, 0xFC, 0x00, 0x00, 0x0F, 0xFD, 0x2F, 0xFC, 0x00, 0x00, 0x1F, 0xFD, 0x3F, 0xF8,
    0x00, 0x00, 0x1F, 0xFC, 0x3F, 0xF8, 0x00, 0x00, 0x2F, 0xFC, 0x3F, 0xF8, 0x00, 0x00, 0x3F, 0xF8,
    0x3F, 0xF8, 0x00, 0x00, 0x3F, 0xF4, 0x3F, 0xF8, 0x00, 0x00, 0xBF, 0xF0, 0x3F, 0xFC, 0x00, 0x00,
    0xFF, 0xD0, 0x2F, 0xFD, 0x00, 0x03, 0xFF, 0xC0, 0x0F, 0xFF, 0x00, 0x0F, 0xFF, 0x00, 0x0B, 0xFF,
    0xE5, 0xBF, 0xFD, 0x00, 0x03, 0xFF, 0xFF, 0xFF, 0xF0, 0x00, 0x00, 0xFF, 0xFF, 0xFF, 0x80, 0x00,
    0x00, 0x1F, 0xFF, 0xF8, 0x00, 0x00, 0x00, 0x00, 0x14, 0x00, 0x00, 0x00, 0x00, 0x00, 0x00, 0x00,
    0x00, 0x00, 0x00, 0x00, 0x00, 0x00, 0x0D, 0x00, 0x00, 0x00, 0x00, 0x00, 0x7E, 0x00, 0x00, 0x00,
    0x00, 0x03, 0xFF, 0x00, 0x00, 0x00, 0x00, 0x2F, 0xFE, 0x00, 0x00, 0x00, 0x00, 0xFF, 0xF8, 0x00,
    0x00, 0x00, 0x01, 0xFF, 0x40, 0x00, 0x00, 0x00, 0x00, 0x90, 0x00, 0x00, 0x00, 0x00, 0x00, 0x00,
    0x00, 0x00, 0x00, 0x00, 0x00, 0x55, 0x40, 0x00, 0x00, 0x00, 0x2F, 0xFF, 0xF8, 0x00, 0x00, 0x02,
    0xFF, 0xFF, 0xFF, 0x40, 0x00, 0x0F, 0xFF, 0xFF, 0xFF, 0xD0, 0x00, 0x3F, 0xFE, 0x56, 0xFF, 0xF0,
    0x00, 0xFF, 0xF0, 0x00, 0x7F, 0xF8, 0x02, 0xFF, 0xC0, 0x00, 0x3F, 0xFC, 0x03, 0xFF, 0x40, 0x00,
    0x1F, 0xFC, 0x0B, 0xFF, 0x00, 0x00, 0x1F, 0xFD, 0x0F, 0xFD, 0x00, 0x00, 0x0F, 0xFD, 0x1F, 0xFC,
    0x00, 0x00, 0x0F, 0xFD, 0x2F, 0xFC, 0x00, 0x00, 0x1F, 0xFD, 0x3F, 0xF8, 0x00, 0x00, 0x1F, 0xFC,
    0x3F, 0xF8, 0x00, 0x00, 0x2F, 0xFC, 0x3F, 0xF8, 0x00, 0x00, 0x3F, 0xF8, 0x3F, 0xF8, 0x00, 0x00,
    0x3F, 0xF4, 0x3F, 0xF8, 0x00, 0x00, 0xBF, 0xF0, 0x3F, 0xFC, 0x00, 0x00, 0xFF, 0xD0, 0x2F, 0xFD,
    0x00, 0x03, 0xFF, 0xC0, 0x0F, 0xFF, 0x00, 0x0F, 0xFF, 0x00, 0x0B, 0xFF, 0xE5, 0xBF, 0xFD, 0x00,
    0x03, 0xFF, 0xFF, 0xFF, 0xF0, 0x00, 0x00, 0xFF, 0xFF, 0xFF, 0x80, 0x00, 0x00, 0x1F, 0xFF, 0xF8,
    0x00, 0x00, 0x00, 0x00, 0x14, 0x00, 0x00, 0x00, 0x00, 0x00, 0x00, 0x0A, 0xC0, 0x00, 0x00, 0x00,
    0x00, 0x2F, 0xF0, 0x00, 0x00, 0x00, 0x00, 0xBF, 0xFC, 0x00, 0x00, 0x00, 0x02, 0xFE, 0xFE, 0x00,
    0x00, 0x00, 0x0F, 0xF4, 0x7F, 0x00, 0x00, 0x00, 0x3F, 0xD0, 0x2F, 0x40, 0x00, 0x00, 0x2A, 0x00,
    0x09, 0x00, 0x00, 0x00, 0x00, 0x00, 0x00, 0x00, 0x00, 0x00, 0x00, 0x55, 0x40, 0x00, 0x00, 0x00,
    0x2F, 0xFF, 0xF8, 0x00, 0x00, 0x02, 0xFF, 0xFF, 0xFF, 0x40, 0x00, 0x0F, 0xFF, 0xFF, 0xFF, 0xD0,
    0x00, 0x3F, 0xFE, 0x56, 0xFF, 0xF0, 0x00, 0xFF, 0xF0, 0x00, 0x7F, 0xF8, 0x02, 0xFF, 0xC0, 0x00,
    0x3F, 0xFC, 0x03, 0xFF, 0x40, 0x00, 0x1F, 0xFC, 0x0B, 0xFF, 0x00, 0x00, 0x1F, 0xFD, 0x0F, 0xFD,
    0x00, 0x00, 0x0F, 0xFD, 0x1F, 0xFC, 0x00, 0x00, 0x0F, 0xFD, 0x2F, 0xFC, 0x00, 0x00, 0x1F, 0xFD,
    0x3F, 0xF8, 0x00, 0x00, 0x1F, 0xFC, 0x3F, 0xF8, 0x00, 0x00, 0x2F, 0xFC, 0x3F, 0xF8, 0x00, 0x00,
    0x3F, 0xF8, 0x3F, 0xF8, 0x00, 0x00, 0x3F, 0xF4, 0x3F, 0xF8, 0x00, 0x00, 0xBF, 0xF0, 0x3F, 0xFC,
    0x00, 0x00, 0xFF, 0xD0, 0x2F, 0xFD, 0x00, 0x03, 0xFF, 0xC0, 0x0F, 0xFF, 0x00, 0x0F, 0xFF, 0x00,
    0x0B, 0xFF, 0xE5, 0xBF, 0xFD, 0x00, 0x03, 0xFF, 0xFF, 0xFF, 0xF0, 0x00, 0x00, 0xFF, 0xFF, 0xFF,
    0x80, 0x00, 0x00, 0x1F, 0xFF, 0xF8, 0x00, 0x00, 0x00, 0x00, 0x14, 0x00, 0x00, 0x00, 0x00, 0x00,
    0x00, 0x00, 0x00, 0x00, 0x00, 0x00, 0x02, 0xF8, 0x0B, 0x00, 0x00, 0x00, 0x0F, 0xFF, 0x2F, 0x40,
    0x00, 0x00, 0x1F, 0xFF, 0xFF, 0x00, 0x00, 0x00, 0x2F, 0x0F, 0xFE, 0x00, 0x00, 0x00, 0x0D, 0x03,
    0xF4, 0x00, 0x00, 0x00, 0x00, 0x00, 0x00, 0x00, 0x00, 0x00, 0x00, 0x00, 0x00, 0x00, 0x00, 0x00,
    0x00, 0x55, 0x40, 0x00, 0x00, 0x00, 0x2F, 0xFF, 0xF8, 0x00, 0x00, 0x02, 0xFF, 0xFF, 0xFF, 0x40,
    0x00, 0x0F, 0xFF, 0xFF, 0xFF, 0xD0, 0x00, 0x3F, 0xFE, 0x56, 0xFF, 0xF0, 0x00, 0xFF, 0xF0, 0x00,
    0x7F, 0xF8, 0x02, 0xFF, 0xC0, 0x00, 0x3F, 0xFC, 0x03, 0xFF, 0x40, 0x00, 0x1F, 0xFC, 0x0B, 0xFF,
    0x00, 0x00, 0x1F, 0xFD, 0x0F, 0xFD, 0x00, 0x00, 0x0F, 0xFD, 0x1F, 0xFC, 0x00, 0x00, 0x0F, 0xFD,
    0x2F, 0xFC, 0x00, 0x00, 0x1F, 0xFD, 0x3F, 0xF8, 0x00, 0x00, 0x1F, 0xFC, 0x3F, 0xF8, 0x00, 0x00,
    0x2F, 0xFC, 0x3F, 0xF8, 0x00, 0x00, 0x3F, 0xF8, 0x3F, 0xF8, 0x00, 0x00, 0x3F, 0xF4, 0x3F, 0xF8,
    0x00, 0x00, 0xBF, 0xF0, 0x3F, 0xFC, 0x00, 0x00, 0xFF, 0xD0, 0x2F, 0xFD, 0x00, 0x03, 0xFF, 0xC0,
    0x0F, 0xFF, 0x00, 0x0F, 0xFF, 0x00, 0x0B, 0xFF, 0xE5, 0xBF, 0xFD, 0x00, 0x03, 0xFF, 0xFF, 0xFF,
    0xF0, 0x00, 0x00, 0xFF, 0xFF, 0xFF, 0x80, 0x00, 0x00, 0x1F, 0xFF, 0xF8, 0x00, 0x00, 0x00, 0x00,
    0x14, 0x00, 0x00, 0x00, 0x00, 0x00, 0x01, 0x40, 0x04, 0x00, 0x00, 0x00, 0x0F, 0xF0, 0x7F, 0x40,
    0x00, 0x00, 0x2F, 0xF0, 0xFF, 0x80, 0x00, 0x00, 0x3F, 0xF1, 0xFF, 0x40, 0x00, 0x00, 0x1F, 0xC0,
    0xFD, 0x00, 0x00, 0x00, 0x00, 0x00, 0x00, 0x00, 0x00, 0x00, 0x00, 0x00, 0x00, 0x00, 0x00, 0x00,
    0x00, 0x55, 0x40, 0x00, 0x00, 0x00, 0x2F, 0xFF, 0xF8, 0x00, 0x00, 0x02, 0xFF, 0xFF, 0xFF, 0x40,
    0x00, 0x0F, 0xFF, 0xFF, 0xFF, 0xD0, 0x00, 0x3F, 0xFE, 0x56, 0xFF, 0xF0, 0x00, 0xFF, 0xF0, 0x00,
    0x7F, 0xF8, 0x02, 0xFF, 0xC0, 0x00, 0x3F, 0xFC, 0x03, 0xFF, 0x40, 0x00, 0x1F, 0xFC, 0x0B, 0xFF,
    0x00, 0x00, 0x1F, 0xFD, 0x0F, 0xFD, 0x00, 0x00, 0x0F, 0xFD, 0x1F, 0xFC, 0x00, 0x00, 0x0F, 0xFD,
    0x2F, 0xFC, 0x00, 0x00, 0x1F, 0xFD, 0x3F, 0xF8, 0x00, 0x00, 0x1F, 0xFC, 0x3F, 0xF8, 0x00, 0x00,
    0x2F, 0xFC, 0x3F, 0xF8, 0x00, 0x00, 0x3F, 0xF8, 0x3F, 0xF8, 0x00, 0x00, 0x3F, 0xF4, 0x3F, 0xF8,
    0x00, 0x00, 0xBF, 0xF0, 0x3F, 0xFC, 0x00, 0x00, 0xFF, 0xD0, 0x2F, 0xFD, 0x00, 0x03, 0xFF, 0xC0,
    0x0F, 0xFF, 0x00, 0x0F, 0xFF, 0x00, 0x0B, 0xFF, 0xE5, 0xBF, 0xFD, 0x00, 0x03, 0xFF, 0xFF, 0xFF,
    0xF0, 0x00, 0x00, 0xFF, 0xFF, 0xFF, 0x80, 0x00, 0x00, 0x1F, 0xFF, 0xF8, 0x00, 0x00, 0x00, 0x00,
    0x14, 0x00, 0x00, 0x00, 0x00, 0x00, 0x00, 0x00, 0x28, 0x00, 0x0C, 0x02, 0xF8, 0x00, 0xFD, 0x1F,
    0xF4, 0x0F, 0xFC, 0x1F, 0xF4, 0xFF, 0xC0, 0x1F, 0xFF, 0xFC, 0x00, 0x1F, 0xFF, 0xC0, 0x00, 0x2F,
    0xFC, 0x00, 0x00, 0xFF, 0xF4, 0x00, 0x0F, 0xFF, 0xF4, 0x00, 0xFF, 0xEF, 0xF4, 0x0B, 0xFC, 0x2F,
    0xF4, 0x7F, 0xC0, 0x2F, 0xF0, 0x7C, 0x00, 0x2F, 0x00, 0x40, 0x00, 0x10, 0x00, 0x00, 0x00, 0x00,
    0x15, 0x50, 0x00, 0x80, 0x00, 0x00, 0x2F, 0xFF, 0xF8, 0x0F, 0xC0, 0x00, 0x0B, 0xFF, 0xFF, 0xFD,
    0xFD, 0x00, 0x00, 0xFF, 0xFF, 0xFF, 0xFF, 0xD0, 0x00, 0x0F, 0xFF, 0x95, 0xBF, 0xFD, 0x00, 0x00,
    0xFF, 0xF0, 0x00, 0x7F, 0xF8, 0x00, 0x0B, 0xFF, 0x00, 0x00, 0xFF, 0xF0, 0x00, 0x3F, 0xF0, 0x00,
    0x1F, 0xFF, 0xC0, 0x02, 0xFF, 0x80, 0x01, 0xFF, 0xFF, 0x40, 0x0F, 0xFC, 0x00, 0x1F, 0xCF, 0xFD,
    0x00, 0x7F, 0xF0, 0x01, 0xFC, 0x3F, 0xF4, 0x02, 0xFF, 0x80, 0x1F, 0xC0, 0xFF, 0xD0, 0x0F, 0xFD,
    0x02, 0xFC, 0x03, 0xFF, 0x00, 0x3F, 0xF4, 0x2F, 0x80, 0x0F, 0xFC, 0x00, 0xFF, 0xC2, 0xF8, 0x00,
    0x7F, 0xE0, 0x03, 0xFF, 0x6F, 0x80, 0x03, 0xFF, 0x40, 0x0F, 0xFF, 0xF8, 0x00, 0x1F, 0xFC, 0x00,
    0x3F, 0xFF, 0x80, 0x00, 0xFF, 0xD0, 0x00, 0xBF, 0xF8, 0x00, 0x0B, 0xFF, 0x00, 0x00, 0xFF, 0xF0,
    0x00, 0xFF, 0xF0, 0x00, 0x03, 0xFF, 0xF9, 0x6F, 0xFF, 0x40, 0x00, 0x3F, 0xFF, 0xFF, 0xFF, 0xF0,
    0x00, 0x03, 0xF7, 0xFF, 0xFF, 0xFE, 0x00, 0x00, 0x2F, 0x41, 0xFF, 0xFF, 0x80, 0x00, 0x00, 0x20,
    0x00, 0x05, 0x00, 0x00, 0x00, 0x00, 0x00, 0x00, 0x00, 0x00, 0x00, 0x00, 0x00, 0x00, 0x00, 0xD0,
    0x00, 0x00, 0x00, 0x00, 0x00, 0x2F, 0x80, 0x00, 0x00, 0x00, 0x00, 0x03, 0xFF, 0x00, 0x00, 0x00,
    0x00, 0x00, 0x2F, 0xFD, 0x00, 0x00, 0x00, 0x00, 0x00, 0xBF, 0xF4, 0x00, 0x00, 0x00, 0x00, 0x00,
    0x7F, 0xC0, 0x00, 0x00, 0x00, 0x00, 0x00, 0x20, 0x00, 0x00, 0x00, 0x00, 0x00, 0x00, 0x00, 0x00,
    0x00, 0x00, 0x00, 0x00, 0x00, 0x00, 0x00, 0x1F, 0xFF, 0xFE, 0x02, 0xFF, 0xFF, 0xC3, 0xFF, 0xFF,
    0xD0, 0x3F, 0xFF, 0xFC, 0x2F, 0xFF, 0xF4, 0x02, 0xFF, 0xFD, 0x00, 0x2F, 0xF4, 0x00, 0x02, 0xFF,
    0x00, 0x02, 0xFF, 0x00, 0x00, 0x3F, 0xE0, 0x00, 0x3F, 0xF0, 0x00, 0x03, 0xFD, 0x00, 0x03, 0xFF,
    0x00, 0x00, 0x7F, 0xC0, 0x00, 0x7F, 0xE0, 0x00, 0x07, 0xFC, 0x00, 0x0B, 0xFD, 0x00, 0x00, 0xBF,
    0x80, 0x00, 0xFF, 0xC0, 0x00, 0x0F, 0xF4, 0x00, 0x0F, 0xFC, 0x00, 0x00, 0xFF, 0x40, 0x00, 0xFF,
    0xC0, 0x00, 0x1F, 0xF0, 0x00, 0x1F, 0xF8, 0x00, 0x01, 0xFF, 0x00, 0x02, 0xFF, 0x40, 0x00, 0x2F,
    0xE0, 0x00, 0x3F, 0xF0, 0x00, 0x03, 0xFD, 0x00, 0x03, 0xFF, 0x00, 0x00, 0x3F, 0xC0, 0x00, 0x3F,
    0xF0, 0x00, 0x0B, 0xFC, 0x00, 0x03, 0xFF, 0x00, 0x00, 0xFF, 0x40, 0x00, 0x3F, 0xF8, 0x00, 0x7F,
    0xF0, 0x00, 0x03, 0xFF, 0xFA, 0xBF, 0xFD, 0x00, 0x00, 0x1F, 0xFF, 0xFF, 0xFF, 0x40, 0x00, 0x00,
    0x7F, 0xFF, 0xFF, 0xD0, 0x00, 0x00, 0x00, 0xBF, 0xFF, 0xD0, 0x00, 0x00, 0x00, 0x00, 0x15, 0x00,
    0x00, 0x00, 0x00, 0x00, 0x00, 0x00, 0x00, 0x00, 0x00, 0x00, 0x00, 0x00, 0x00, 0x02, 0x80, 0x00,
    0x00, 0x00, 0x00, 0x00, 0xFC, 0x00, 0x00, 0x00, 0x00, 0x00, 0xBF, 0xC0, 0x00, 0x00, 0x00, 0x00,
    0x7F, 0xFC, 0x00, 0x00, 0x00, 0x00, 0x2F, 0xFF, 0x00, 0x00, 0x00, 0x00, 0x03, 0xFE, 0x00, 0x00,
    0x00, 0x00, 0x00, 0x24, 0x00, 0x00, 0x00, 0x00, 0x00, 0x00, 0x00, 0x00, 0x00, 0x00, 0x00, 0x00,
    0x00, 0x00, 0x00, 0x00, 0x1F, 0xFF, 0xFE, 0x02, 0xFF, 0xFF, 0xC3, 0xFF, 0xFF, 0xD0, 0x3F, 0xFF,
    0xFC, 0x2F, 0xFF, 0xF4, 0x02, 0xFF, 0xFD, 0x00, 0x2F, 0xF4, 0x00, 0x02, 0xFF, 0x00, 0x02, 0xFF,
    0x00, 0x00, 0x3F, 0xE0, 0x00, 0x3F, 0xF0, 0x00, 0x03, 0xFD, 0x00, 0x03, 0xFF, 0x00, 0x00, 0x7F,
    0xC0, 0x00, 0x7F, 0xE0, 0x00, 0x07, 0xFC, 0x00, 0x0B, 0xFD, 0x00, 0x00, 0xBF, 0x80, 0x00, 0xFF,
    0xC0, 0x00, 0x0F, 0xF4, 0x00, 0x0F, 0xFC, 0x00, 0x00, 0xFF, 0x40, 0x00, 0xFF, 0xC0, 0x00, 0x1F,
    0xF0, 0x00, 0x1F, 0xF8, 0x00, 0x01, 0xFF, 0x00, 0x02, 0xFF, 0x40, 0x00, 0x2F, 0xE0, 0x00, 0x3F,
    0xF0, 0x00, 0x03, 0xFD, 0x00, 0x03, 0xFF, 0x00, 0x00, 0x3F, 0xC0, 0x00, 0x3F, 0xF0, 0x00, 0x0B,
    0xFC, 0x00, 0x03, 0xFF, 0x00, 0x00, 0xFF, 0x40, 0x00, 0x3F, 0xF8, 0x00, 0x7F, 0xF0, 0x00, 0x03,
    0xFF, 0xFA, 0xBF, 0xFD, 0x00, 0x00, 0x1F, 0xFF, 0xFF, 0xFF, 0x40, 0x00, 0x00, 0x7F, 0xFF, 0xFF,
    0xD0, 0x00, 0x00, 0x00, 0xBF, 0xFF, 0xD0, 0x00, 0x00, 0x00, 0x00, 0x15, 0x00, 0x00, 0x00, 0x00,
    0x00, 0x00, 0x00, 0x1B, 0x40, 0x00, 0x00, 0x00, 0x00, 0x07, 0xFD, 0x00, 0x00, 0x00, 0x00, 0x01,
    0xFF, 0xF4, 0x00, 0x00, 0x00, 0x00, 0x7F, 0xBF, 0xC0, 0x00, 0x00, 0x00, 0x2F, 0xE0, 0xFE, 0x00,
    0x00, 0x00, 0x0B, 0xF8, 0x03, 0xF0, 0x00, 0x00, 0x00, 0x68, 0x00, 0x18, 0x00, 0x00, 0x00, 0x00,
    0x00, 0x00, 0x00, 0x00, 0x00, 0x00, 0x00, 0x00, 0x00, 0x00, 0x01, 0xFF, 0xFF, 0xE0, 0x2F, 0xFF,
    0xFC, 0x3F, 0xFF, 0xFD, 0x03, 0xFF, 0xFF, 0xC2, 0xFF, 0xFF, 0x40, 0x2F, 0xFF, 0xD0, 0x02, 0xFF,
    0x40, 0x00, 0x2F, 0xF0, 0x00, 0x2F, 0xF0, 0x00, 0x03, 0xFE, 0x00, 0x03, 0xFF, 0x00, 0x00, 0x3F,
    0xD0, 0x00, 0x3F, 0xF0, 0x00, 0x07, 0xFC, 0x00, 0x07, 0xFE, 0x00, 0x00, 0x7F, 0xC0, 0x00, 0xBF,
    0xD0, 0x00, 0x0B, 0xF8, 0x00, 0x0F, 0xFC, 0x00, 0x00, 0xFF, 0x40, 0x00, 0xFF, 0xC0, 0x00, 0x0F,
    0xF4, 0x00, 0x0F, 0xFC, 0x00, 0x01, 0xFF, 0x00, 0x01, 0xFF, 0x80, 0x00, 0x1F, 0xF0, 0x00, 0x2F,
    0xF4, 0x00, 0x02, 0xFE, 0x00, 0x03, 0xFF, 0x00, 0x00, 0x3F, 0xD0, 0x00, 0x3F, 0xF0, 0x00, 0x03,
    0xFC, 0x00, 0x03, 0xFF, 0x00, 0x00, 0xBF, 0xC0, 0x00, 0x3F, 0xF0, 0x00, 0x0F, 0xF4, 0x00, 0x03,
    0xFF, 0x80, 0x07, 0xFF, 0x00, 0x00, 0x3F, 0xFF, 0xAB, 0xFF, 0xD0, 0x00, 0x01, 0xFF, 0xFF, 0xFF,
    0xF4, 0x00, 0x00, 0x07, 0xFF, 0xFF, 0xFD, 0x00, 0x00, 0x00, 0x0B, 0xFF, 0xFD, 0x00, 0x00, 0x00,
    0x00, 0x01, 0x50, 0x00, 0x00, 0x00, 0x00, 0x00, 0x00, 0x01, 0x00, 0x14, 0x00, 0x00, 0x00, 0x02,
    0xFC, 0x0F, 0xE0, 0x00, 0x00, 0x00, 0x3F, 0xD2, 0xFF, 0x00, 0x00, 0x00, 0x07, 0xFC, 0x3F, 0xE0,
    0x00, 0x00, 0x00, 0x3F, 0x42, 0xFC, 0x00, 0x00, 0x00, 0x00, 0x00, 0x00, 0x00, 0x00, 0x00, 0x00,
    0x00, 0x00, 0x00, 0x00, 0x00, 0x00, 0x00, 0x00, 0x00, 0x00, 0x00, 0x1F, 0xFF, 0xFE, 0x02, 0xFF,
    0xFF, 0xC3, 0xFF, 0xFF, 0xD0, 0x3F, 0xFF, 0xFC, 0x2F, 0xFF, 0xF4, 0x02, 0xFF, 0xFD, 0x00, 0x2F,
    0xF4, 0x00, 0x02, 0xFF, 0x00, 0x02, 0xFF, 0x00, 0x00, 0x3F, 0xE0, 0x00, 0x3F, 0xF0, 0x00, 0x03,
    0xFD, 0x00, 0x03, 0xFF, 0x00, 0x00, 0x7F, 0xC0, 0x00, 0x7F, 0xE0, 0x00, 0x07, 0xFC, 0x00, 0x0B,
    0xFD, 0x00, 0x00, 0xBF, 0x80, 0x00, 0xFF, 0xC0, 0x00, 0x0F, 0xF4, 0x00, 0x0F, 0xFC, 0x00, 0x00,
    0xFF, 0x40, 0x00, 0xFF, 0xC0, 0x00, 0x1F, 0xF0, 0x00, 0x1F, 0xF8, 0x00, 0x01, 0xFF, 0x00, 0x02,
    0xFF, 0x40, 0x00, 0x2F, 0xE0, 0x00, 0x3F, 0xF0, 0x00, 0x03, 0xFD, 0x00, 0x03, 0xFF, 0x00, 0x00,
    0x3F, 0xC0, 0x00, 0x3F, 0xF0, 0x00, 0x0B, 0xFC, 0x00, 0x03, 0xFF, 0x00, 0x00, 0xFF, 0x40, 0x00,
    0x3F, 0xF8, 0x00, 0x7F, 0xF0, 0x00, 0x03, 0xFF, 0xFA, 0xBF, 0xFD, 0x00, 0x00, 0x1F, 0xFF, 0xFF,
    0xFF, 0x40, 0x00, 0x00, 0x7F, 0xFF, 0xFF, 0xD0, 0x00, 0x00, 0x00, 0xBF, 0xFF, 0xD0, 0x00, 0x00,
    0x00, 0x00, 0x15, 0x00, 0x00, 0x00, 0x00, 0x00, 0x00, 0x00, 0x00, 0x00, 0x00, 0x00, 0x00, 0x00,
    0x02, 0x80, 0x00, 0x00, 0x00, 0x00, 0x7F, 0x00, 0x00, 0x00, 0x00, 0x0B, 0xFC, 0x00, 0x00, 0x00,
    0x01, 0xFF, 0xF0, 0x00, 0x00, 0x00, 0x2F, 0xFF, 0x00, 0x00, 0x00, 0x00, 0xFF, 0x80, 0x00, 0x00,
    0x00, 0x02, 0x40, 0x00, 0x00, 0x00, 0x00, 0x00, 0x00, 0x00, 0x00, 0x00, 0x00, 0x00, 0x00, 0x00,
    0x02, 0xFF, 0xFF, 0xC0, 0xFF, 0xFF, 0x8F, 0xFF, 0xFE, 0x07, 0xFF, 0xFE, 0x2F, 0xFF, 0xD0, 0x07,
    0xFF, 0xD0, 0x0F, 0xFC, 0x00, 0x0B, 0xF8, 0x00, 0x2F, 0xF0, 0x00, 0x7F, 0xC0, 0x00, 0x7F, 0xD0,
    0x03, 0xFC, 0x00, 0x00, 0xFF, 0xC0, 0x2F, 0xD0, 0x00, 0x02, 0xFF, 0x01, 0xFE, 0x00, 0x00, 0x07,
    0xFD, 0x0F, 0xF0, 0x00, 0x00, 0x0F, 0xFC, 0xFF, 0x00, 0x00, 0x00, 0x2F, 0xFB, 0xF4, 0x00, 0x00,
    0x00, 0x3F, 0xFF, 0x80, 0x00, 0x00, 0x00, 0xFF, 0xFC, 0x00, 0x00, 0x00, 0x01, 0xFF, 0xC0, 0x00,
    0x00, 0x00, 0x07, 0xFE, 0x00, 0x00, 0x00, 0x00, 0x2F, 0xF4, 0x00, 0x00, 0x00, 0x00, 0xBF, 0xC0,
    0x00, 0x00, 0x00, 0x03, 0xFF, 0x00, 0x00, 0x00, 0x00, 0x0F, 0xFC, 0x00, 0x00, 0x00, 0x00, 0x7F,
    0xE0, 0x00, 0x00, 0x00, 0x1B, 0xFF, 0xE4, 0x00, 0x00, 0x02, 0xFF, 0xFF, 0xF0, 0x00, 0x00, 0x0F,
    0xFF, 0xFF, 0x80, 0x00, 0x00, 0x00, 0x0F, 0xFF, 0xFF, 0x00, 0x00, 0x02, 0xFF, 0xFF, 0xF0, 0x00,
    0x00, 0x1F, 0xFF, 0xF4, 0x00, 0x00, 0x00, 0x0F, 0xF8, 0x00, 0x00, 0x00, 0x01, 0xFF, 0xE5, 0x00,
    0x00, 0x00, 0x2F, 0xFF, 0xFF, 0x40, 0x00, 0x03, 0xFF, 0xFF, 0xFF, 0x00, 0x00, 0x3F, 0xF1, 0xBF,
    0xF8, 0x00, 0x07, 0xFE, 0x00, 0xFF, 0xC0, 0x00, 0x7F, 0xD0, 0x0B, 0xFC, 0x00, 0x0B, 0xFC, 0x00,
    0xBF, 0xD0, 0x00, 0xFF, 0xC0, 0x0B, 0xFC, 0x00, 0x0F, 0xFC, 0x00, 0xFF, 0xC0, 0x01, 0xFF, 0x80,
    0x2F, 0xF4, 0x00, 0x2F, 0xF4, 0x0B, 0xFE, 0x00, 0x03, 0xFF, 0x5B, 0xFF, 0x80, 0x00, 0x3F, 0xFF,
    0xFF, 0xD0, 0x00, 0x03, 0xFF, 0xFF, 0xD0, 0x00, 0x00, 0x7F, 0xF5, 0x40, 0x00, 0x00, 0x0B, 0xFD,
    0x00, 0x00, 0x00, 0x07, 0xFF, 0xF8, 0x00, 0x00, 0x02, 0xFF, 0xFF, 0xF0, 0x00, 0x00, 0x3F, 0xFF,
    0xFD, 0x00, 0x00, 0x00, 0x00, 0x00, 0x00, 0x00, 0x1A, 0xF9, 0x00, 0x00, 0x00, 0x00, 0x07, 0xFF,
    0xFE, 0x00, 0x00, 0x00, 0x00, 0x7F, 0xFF, 0xFE, 0x00, 0x00, 0x00, 0x07, 0xFE, 0x5F, 0xFC, 0x00,
    0x00, 0x00, 0x3F, 0xD0, 0x0F, 0xF0, 0x00, 0x00, 0x02, 0xFE, 0x00, 0x3F, 0xC0, 0x00, 0x00, 0x0F,
    0xF0, 0x00, 0xFE, 0x00, 0x00, 0x00, 0x7F, 0xC0, 0x0B, 0xF0, 0x00, 0x00, 0x03, 0xFE, 0x00, 0x7F,
    0x80, 0x00, 0x00, 0x0F, 0xF4, 0x03, 0xF8, 0x00, 0x00, 0x00, 0x3F, 0xC0, 0x2F, 0xC0, 0x00, 0x00,
    0x01, 0xFF, 0x02, 0xFC, 0x00, 0x00, 0x00, 0x0B, 0xF8, 0x0F, 0xE0, 0x00, 0x00, 0x00, 0x3F, 0xD0,
    0xBF, 0xC0, 0x00, 0x00, 0x00, 0xFF, 0x42, 0xFF, 0x80, 0x00, 0x00, 0x07, 0xFC, 0x03, 0xFF, 0x40,
    0x00, 0x00, 0x1F, 0xF0, 0x07, 0xFF, 0x40, 0x00, 0x00, 0xBF, 0x80, 0x07, 0xFF, 0x00, 0x00, 0x03,
    0xFD, 0x00, 0x0B, 0xFE, 0x00, 0x00, 0x0F, 0xF0, 0x00, 0x0F, 0xFC, 0x00, 0x00, 0x7F, 0xC0, 0x00,
    0x1F, 0xF0, 0x00, 0x02, 0xFF, 0x0F, 0x00, 0x7F, 0xC0, 0x00, 0x0F, 0xF8, 0xBF, 0x42, 0xFD, 0x00,
    0x00, 0x3F, 0xD3, 0xFF, 0xFF, 0xE0, 0x00, 0x00, 0xFF, 0x0B, 0xFF, 0xFE, 0x00, 0x00, 0x07, 0xFC,
    0x0B, 0xFF, 0x80, 0x00, 0x00, 0x2F, 0xE0, 0x00, 0x40, 0x00, 0x00, 0x00, 0xFF, 0x40, 0x00, 0x00,
    0x00, 0x00, 0x03, 0xFC, 0x00, 0x00, 0x00, 0x00, 0xE0, 0x2F, 0xE0, 0x00, 0x00, 0x00, 0x0B, 0xF5,
    0xFF, 0x00, 0x00, 0x00, 0x00, 0x3F, 0xFF, 0xF4, 0x00, 0x00, 0x00, 0x00, 0xBF, 0xFF, 0x40, 0x00,
    0x00, 0x00, 0x00, 0x6F, 0x90, 0x00, 0x00, 0x00, 0x00, 0x00, 0x00, 0x00, 0x10, 0x00, 0x00, 0x00,
    0x00, 0xB8, 0x00, 0x00, 0x00, 0x01, 0xFD, 0x00, 0x00, 0x00, 0x01, 0xFF, 0x00, 0x00, 0x00, 0x00,
    0xFF, 0x80, 0x00, 0x00, 0x00, 0x3F, 0xD0, 0x00, 0x00, 0x00, 0x0B, 0xF0, 0x00, 0x00, 0x00, 0x01,
    0xE0, 0x00, 0x00, 0x00, 0x00, 0x00, 0x00, 0x00, 0x00, 0x00, 0x00, 0x00, 0x00, 0x00, 0x69, 0x01,
    0x50, 0x00, 0x07, 0xFF, 0xCF, 0xF0, 0x00, 0x2F, 0xFF, 0xFF, 0xF0, 0x00, 0xBF, 0xFB, 0xFF, 0xD0,
    0x01, 0xFF, 0x80, 0xBF, 0xC0, 0x03, 0xFE, 0x00, 0xBF, 0xC0, 0x0B, 0xFC, 0x00, 0xFF, 0x80, 0x0F,
    0xF8, 0x00, 0xFF, 0x00, 0x1F, 0xF0, 0x01, 0xFF, 0x00, 0x2F, 0xF0, 0x03, 0xFF, 0x00, 0x3F, 0xE0,
    0x07, 0xFE, 0x00, 0x3F, 0xE0, 0x0F, 0xFD, 0x00, 0x3F, 0xE0, 0x2F, 0xFD, 0x00, 0x3F, 0xE0, 0xBE,
    0xFC, 0x2C, 0x3F, 0xF6, 0xF9, 0xFF, 0xFC, 0x2F, 0xFF, 0xE1, 0xFF, 0xF8, 0x1F, 0xFF, 0x81, 0xFF,
    0xE0, 0x0B, 0xFE, 0x00, 0xFF, 0x40, 0x00, 0x50, 0x00, 0x10, 0x00, 0x00, 0x00, 0x00, 0x00, 0x00,
    0x00, 0x00, 0x00, 0x07, 0x40, 0x00, 0x00, 0x00, 0x0F, 0xC0, 0x00, 0x00, 0x00, 0x2F, 0xD0, 0x00,
    0x00, 0x00, 0x3F, 0xC0, 0x00, 0x00, 0x00, 0xFF, 0x40, 0x00, 0x00, 0x01, 0xFD, 0x00, 0x00, 0x00,
    0x03, 0xF4, 0x00, 0x00, 0x00, 0x01, 0xC0, 0x00, 0x00, 0x00, 0x00, 0x00, 0x00, 0x00, 0x00, 0x00,
    0x00, 0x00, 0x00, 0x00, 0x69, 0x01, 0x50, 0x00, 0x07, 0xFF, 0xCF, 0xF0, 0x00, 0x2F, 0xFF, 0xFF,
    0xF0, 0x00, 0xBF, 0xFB, 0xFF, 0xD0, 0x01, 0xFF, 0x80, 0xBF, 0xC0, 0x03, 0xFE, 0x00, 0xBF, 0xC0,
    0x0B, 0xFC, 0x00, 0xFF, 0x80, 0x0F, 0xF8, 0x00, 0xFF, 0x00, 0x1F, 0xF0, 0x01, 0xFF, 0x00, 0x2F,
    0xF0, 0x03, 0xFF, 0x00, 0x3F, 0xE0, 0x07, 0xFE, 0x00, 0x3F, 0xE0, 0x0F, 0xFD, 0x00, 0x3F, 0xE0,
    0x2F, 0xFD, 0x00, 0x3F, 0xE0, 0xBE, 0xFC, 0x2C, 0x3F, 0xF6, 0xF9, 0xFF, 0xFC, 0x2F, 0xFF, 0xE1,
    0xFF, 0xF8, 0x1F, 0xFF, 0x81, 0xFF, 0xE0, 0x0B, 0xFE, 0x00, 0xFF, 0x40, 0x00, 0x50, 0x00, 0x10,
    0x00, 0x00, 0x00, 0x00, 0x00, 0x00, 0x00, 0x00, 0x02, 0xF8, 0x00, 0x00, 0x00, 0x0B, 0xFC, 0x00,
    0x00, 0x00, 0x1F, 0xFE, 0x00, 0x00, 0x00, 0x7F, 0xBF, 0x00, 0x00, 0x00, 0xFD, 0x2F, 0x80, 0x00,
    0x03, 0xF4, 0x0F, 0xC0, 0x00, 0x0B, 0xD0, 0x07, 0x80, 0x00, 0x00, 0x00, 0x00, 0x00, 0x00, 0x00,
    0x00, 0x00, 0x00, 0x00, 0x00, 0x69, 0x01, 0x50, 0x00, 0x07, 0xFF, 0xCF, 0xF0, 0x00, 0x2F, 0xFF,
    0xFF, 0xF0, 0x00, 0xBF, 0xFB, 0xFF, 0xD0, 0x01, 0xFF, 0x80, 0xBF, 0xC0, 0x03, 0xFE, 0x00, 0xBF,
    0xC0, 0x0B, 0xFC, 0x00, 0xFF, 0x80, 0x0F, 0xF8, 0x00, 0xFF, 0x00, 0x1F, 0xF0, 0x01, 0xFF, 0x00,
    0x2F, 0xF0, 0x03, 0xFF, 0x00, 0x3F, 0xE0, 0x07, 0xFE, 0x00, 0x3F, 0xE0, 0x0F, 0xFD, 0x00, 0x3F,
    0xE0, 0x2F, 0xFD, 0x00, 0x3F, 0xE0, 0xBE, 0xFC, 0x2C, 0x3F, 0xF6, 0xF9, 0xFF, 0xFC, 0x2F, 0xFF,
    0xE1, 0xFF, 0xF8, 0x1F, 0xFF, 0x81, 0xFF, 0xE0, 0x0B, 0xFE, 0x00, 0xFF, 0x40, 0x00, 0x50, 0x00,
    0x10, 0x00, 0x00, 0x00, 0x2E, 0x00, 0x80, 0x00, 0x01, 0xFF, 0xC2, 0xE0, 0x00, 0x03, 0xFF, 0xFF,
    0xE0, 0x00, 0x03, 0xE3, 0xFF, 0xC0, 0x00, 0x03, 0xC0, 0xFF, 0x40, 0x00, 0x00, 0x00, 0x10, 0x00,
    0x00, 0x00, 0x00, 0x00, 0x00, 0x00, 0x00, 0x00, 0x00, 0x00, 0x00, 0x00, 0x69, 0x01, 0x50, 0x00,
    0x07, 0xFF, 0xCF, 0xF0, 0x00, 0x2F, 0xFF, 0xFF, 0xF0, 0x00, 0xBF, 0xFB, 0xFF, 0xD0, 0x01, 0xFF,
    0x80, 0xBF, 0xC0, 0x03, 0xFE, 0x00, 0xBF, 0xC0, 0x0B, 0xFC, 0x00, 0xFF, 0x80, 0x0F, 0xF8, 0x00,
    0xFF, 0x00, 0x1F, 0xF0, 0x01, 0xFF, 0x00, 0x2F, 0xF0, 0x03, 0xFF, 0x00, 0x3F, 0xE0, 0x07, 0xFE,
    0x00, 0x3F, 0xE0, 0x0F, 0xFD, 0x00, 0x3F, 0xE0, 0x2F, 0xFD, 0x00, 0x3F, 0xE0, 0xBE, 0xFC, 0x2C,
    0x3F, 0xF6, 0xF9, 0xFF, 0xFC, 0x2F, 0xFF, 0xE1, 0xFF, 0xF8, 0x1F, 0xFF, 0x81, 0xFF, 0xE0, 0x0B,
    0xFE, 0x00, 0xFF, 0x40, 0x00, 0x50, 0x00, 0x10, 0x00, 0x00, 0x00, 0x00, 0x00, 0x00, 0x00, 0x01,
    0xFC, 0x0B, 0xD0, 0x00, 0x03, 0xFD, 0x2F, 0xE0, 0x00, 0x07, 0xFC, 0x3F, 0xD0, 0x00, 0x03, 0xF4,
    0x2F, 0x80, 0x00, 0x00, 0x40, 0x04, 0x00, 0x00, 0x00, 0x00, 0x00, 0x00, 0x00, 0x00, 0x00, 0x00,
    0x00, 0x00, 0x00, 0x69, 0x01, 0x50, 0x00, 0x07, 0xFF, 0xCF, 0xF0, 0x00, 0x2F, 0xFF, 0xFF, 0xF0,
    0x00, 0xBF, 0xFB, 0xFF, 0xD0, 0x01, 0xFF, 0x80, 0xBF, 0xC0, 0x03, 0xFE, 0x00, 0xBF, 0xC0, 0x0B,
    0xFC, 0x00, 0xFF, 0x80, 0x0F, 0xF8, 0x00, 0xFF, 0x00, 0x1F, 0xF0, 0x01, 0xFF, 0x00, 0x2F, 0xF0,
    0x03, 0xFF, 0x00, 0x3F, 0xE0, 0x07, 0xFE, 0x00, 0x3F, 0xE0, 0x0F, 0xFD, 0x00, 0x3F, 0xE0, 0x2F,
    0xFD, 0x00, 0x3F, 0xE0, 0xBE, 0xFC, 0x2C, 0x3F, 0xF6, 0xF9, 0xFF, 0xFC, 0x2F, 0xFF, 0xE1, 0xFF,
    0xF8, 0x1F, 0xFF, 0x81, 0xFF, 0xE0, 0x0B, 0xFE, 0x00, 0xFF, 0x40, 0x00, 0x50, 0x00, 0x10, 0x00,
    0x00, 0x00, 0x01, 0x90, 0x00, 0x00, 0x00, 0x1F, 0xFD, 0x00, 0x00, 0x00, 0x3F, 0xBF, 0x00, 0x00,
    0x00, 0xBC, 0x0F, 0x40, 0x00, 0x00, 0xF4, 0x0F, 0x40, 0x00, 0x00, 0xF8, 0x1F, 0x00, 0x00, 0x00,
    0xFE, 0xBE, 0x00, 0x00, 0x00, 0x3F, 0xFC, 0x00, 0x00, 0x00, 0x0B, 0x90, 0x00, 0x00, 0x00, 0x00,
    0x00, 0x00, 0x00, 0x00, 0x69, 0x01, 0x50, 0x00, 0x07, 0xFF, 0xCF, 0xF0, 0x00, 0x2F, 0xFF, 0xFF,
    0xF0, 0x00, 0xBF, 0xFB, 0xFF, 0xD0, 0x01, 0xFF, 0x80, 0xBF, 0xC0, 0x03, 0xFE, 0x00, 0xBF, 0xC0,
    0x0B, 0xFC, 0x00, 0xFF, 0x80, 0x0F, 0xF8, 0x00, 0xFF, 0x00, 0x1F, 0xF0, 0x01, 0xFF, 0x00, 0x2F,
    0xF0, 0x03, 0xFF, 0x00, 0x3F, 0xE0, 0x07, 0xFE, 0x00, 0x3F, 0xE0, 0x0F, 0xFD, 0x00, 0x3F, 0xE0,
    0x2F, 0xFD, 0x00, 0x3F, 0xE0, 0xBE, 0xFC, 0x2C, 0x3F, 0xF6, 0xF9, 0xFF, 0xFC, 0x2F, 0xFF, 0xE1,
    0xFF, 0xF8, 0x1F, 0xFF, 0x81, 0xFF, 0xE0, 0x0B, 0xFE, 0x00, 0xFF, 0x40, 0x00, 0x50, 0x00, 0x10,
    0x00, 0x00, 0x00, 0x69, 0x40, 0x01, 0xA4, 0x00, 0x00, 0x7F, 0xFF, 0x82, 0xFF, 0xF4, 0x00, 0x2F,
    0xFF, 0xFF, 0xFF, 0xFF, 0xC0, 0x0B, 0xFF, 0xBF, 0xFF, 0x9B, 0xFC, 0x01, 0xFF, 0x80, 0x3F, 0xE0,
    0x3F, 0xC0, 0x3F, 0xE0, 0x03, 0xFC, 0x03, 0xFC, 0x0B, 0xFC, 0x00, 0xBF, 0x40, 0xBF, 0x40, 0xFF,
    0x80, 0x0F, 0xF0, 0x2F, 0xE0, 0x1F, 0xF0, 0x02, 0xFE, 0x0F, 0xF8, 0x02, 0xFF, 0x00, 0x3F, 0xEB,
    0xFD, 0x00, 0x3F, 0xE0, 0x0B, 0xFF, 0xFE, 0x00, 0x03, 0xFE, 0x00, 0xFF, 0xFE, 0x00, 0x00, 0x3F,
    0xE0, 0x3F, 0xFD, 0x00, 0x0A, 0x03, 0xFE, 0x0B, 0xFF, 0xE0, 0x03, 0xF0, 0x3F, 0xF6, 0xFA, 0xFF,
    0x96, 0xFF, 0x02, 0xFF, 0xFF, 0x0F, 0xFF, 0xFF, 0xC0, 0x1F, 0xFF, 0xC0, 0xBF, 0xFF, 0xE0, 0x00,
    0x7F, 0xE0, 0x02, 0xFF, 0xE4, 0x00, 0x00, 0x50, 0x00, 0x00, 0x40, 0x00, 0x00, 0x00, 0x00, 0x1A,
    0x40, 0x00, 0x0F, 0xFF, 0xC0, 0x01, 0xFF, 0xFF, 0x80, 0x2F, 0xFF, 0xFE, 0x01, 0xFF, 0x42, 0xF0,
    0x0F, 0xF4, 0x00, 0x40, 0xBF, 0xC0, 0x00, 0x03, 0xFD, 0x00, 0x00, 0x1F, 0xF0, 0x00, 0x00, 0xBF,
    0xC0, 0x00, 0x03, 0xFE, 0x00, 0x00, 0x0F, 0xF8, 0x00, 0x00, 0x3F, 0xF0, 0x00, 0x80, 0xFF, 0xC0,
    0x1F, 0x43, 0xFF, 0xEB, 0xFD, 0x07, 0xFF, 0xFF, 0xF0, 0x0F, 0xFF, 0xFE, 0x00, 0x0B, 0xFF, 0x80,
    0x00, 0x01, 0x40, 0x00, 0x00, 0x05, 0x00, 0x00, 0x00, 0xFF, 0x80, 0x00, 0x02, 0xFF, 0x00, 0x00,
    0x00, 0xFC, 0x00, 0x00, 0x0B, 0xD0, 0x00, 0x00, 0xBE, 0x00, 0x00, 0x1F, 0xE0, 0x00, 0x00, 0x68,
    0x00, 0x00, 0x00, 0x00, 0x00, 0x40, 0x00, 0x00, 0x0F, 0x00, 0x00, 0x00, 0xBF, 0x00, 0x00, 0x02,
    0xFE, 0x00, 0x00, 0x07, 0xFD, 0x00, 0x00, 0x07, 0xFC, 0x00, 0x00, 0x03, 0xF8, 0x00, 0x00, 0x02,
    0xD0, 0x00, 0x00, 0x00, 0x00, 0x00, 0x00, 0x00, 0x00, 0x00, 0x01, 0xA4, 0x00, 0x01, 0xFF, 0xFC,
    0x00, 0x2F, 0xFF, 0xF8, 0x02, 0xFE, 0x6F, 0xF0, 0x1F, 0xD0, 0x3F, 0xC0, 0xFE, 0x01, 0xFE, 0x0B,
    0xF0, 0x0F, 0xF0, 0x3F, 0x80, 0xBF, 0x41, 0xFD, 0x1F, 0xF4, 0x0B, 0xFB, 0xFF, 0x40, 0x3F, 0xFF,
    0xE0, 0x00, 0xFF, 0xF4, 0x00, 0x03, 0xFD, 0x00, 0x09, 0x0F, 0xF4, 0x01, 0xFC, 0x3F, 0xF5, 0x7F,
    0xE0, 0x7F, 0xFF, 0xFF, 0x00, 0xFF, 0xFF, 0xE0, 0x00, 0xBF, 0xF8, 0x00, 0x00, 0x14, 0x00, 0x00,
    0x00, 0x00, 0x00, 0x00, 0x00, 0x00, 0x00, 0x0A, 0x00, 0x00, 0x00, 0x07, 0xF0, 0x00, 0x00, 0x03,
    0xFC, 0x00, 0x00, 0x02, 0xFF, 0x00, 0x00, 0x00, 0xFF, 0x00, 0x00, 0x00, 0xFF, 0x00, 0x00, 0x00,
    0x3F, 0x00, 0x00, 0x00, 0x0A, 0x00, 0x00, 0x00, 0x00, 0x00, 0x00, 0x00, 0x00, 0x00, 0x00, 0x00,
    0x00, 0x69, 0x00, 0x00, 0x07, 0xFF, 0xF0, 0x00, 0x0B, 0xFF, 0xFE, 0x00, 0x0B, 0xF9, 0xBF, 0xC0,
    0x07, 0xF4, 0x0F, 0xF0, 0x03, 0xF8, 0x07, 0xF8, 0x02, 0xFC, 0x03, 0xFC, 0x00, 0xFE, 0x02, 0xFD,
    0x00, 0x7F, 0x47, 0xFD, 0x00, 0x2F, 0xEF, 0xFD, 0x00, 0x0F, 0xFF, 0xF8, 0x00, 0x03, 0xFF, 0xD0,
    0x00, 0x00, 0xFF, 0x40, 0x02, 0x40, 0x3F, 0xD0, 0x07, 0xF0, 0x0F, 0xFD, 0x5F, 0xF8, 0x01, 0xFF,
    0xFF, 0xFC, 0x00, 0x3F, 0xFF, 0xF8, 0x00, 0x02, 0xFF, 0xE0, 0x00, 0x00, 0x05, 0x00, 0x00, 0x00,
    0x00, 0x00, 0x00, 0x00, 0x00, 0x00, 0x0B, 0xC0, 0x00, 0x00, 0x3F, 0xF0, 0x00, 0x00, 0xFF, 0xF4,
    0x00, 0x02, 0xFE, 0xFC, 0x00, 0x07, 0xF0, 0xFD, 0x00, 0x1F, 0xC0, 0x7E, 0x00, 0x3F, 0x00, 0x3D,
    0x00, 0x00, 0x00, 0x00, 0x00, 0x00, 0x00, 0x00, 0x00, 0x00, 0x1A, 0x40, 0x00, 0x07, 0xFF, 0xF0,
    0x00, 0x2F, 0xFF, 0xF8, 0x00, 0xBF, 0x9B, 0xFC, 0x01, 0xFD, 0x03, 0xFC, 0x03, 0xF8, 0x07, 0xF8,
    0x0B, 0xF0, 0x0F, 0xF0, 0x0F, 0xE0, 0x2F, 0xD0, 0x1F, 0xD1, 0xFF, 0x40, 0x2F, 0xEF, 0xFD, 0x00,
    0x3F, 0xFF, 0xE0, 0x00, 0x3F, 0xFD, 0x00, 0x00, 0x3F, 0xD0, 0x00, 0x90, 0x3F, 0xD0, 0x07, 0xF0,
    0x3F, 0xF5, 0x7F, 0xE0, 0x1F, 0xFF, 0xFF, 0xC0, 0x0F, 0xFF, 0xFE, 0x00, 0x02, 0xFF, 0xE0, 0x00,
    0x00, 0x14, 0x00, 0x00, 0x00, 0x00, 0x00, 0x00, 0x00, 0x01, 0xF8, 0x1F, 0xC0, 0x01, 0xFF, 0x0F,
    0xF4, 0x00, 0xBF, 0xC7, 0xFC, 0x00, 0x1F, 0xC0, 0xFD, 0x00, 0x00, 0x00, 0x04, 0x00, 0x00, 0x00,
    0x00, 0x00, 0x00, 0x00, 0x00, 0x00, 0x00, 0x00, 0x1A, 0x40, 0x00, 0x01, 0xFF, 0xFC, 0x00, 0x02,
    0xFF, 0xFF, 0x80, 0x02, 0xFE, 0x6F, 0xF0, 0x01, 0xFD, 0x03, 0xFC, 0x00, 0xFE, 0x01, 0xFE, 0x00,
    0xBF, 0x00, 0xFF, 0x00, 0x3F, 0x80, 0xBF, 0x40, 0x1F, 0xD1, 0xFF, 0x40, 0x0B, 0xFB, 0xFF, 0x40,
    0x03, 0xFF, 0xFE, 0x00, 0x00, 0xFF, 0xF4, 0x00, 0x00, 0x3F, 0xD0, 0x00, 0x90, 0x0F, 0xF4, 0x01,
    0xFC, 0x03, 0xFF, 0x57, 0xFE, 0x00, 0x7F, 0xFF, 0xFF, 0x00, 0x0F, 0xFF, 0xFE, 0x00, 0x00, 0xBF,
    0xF8, 0x00, 0x00, 0x01, 0x40, 0x00, 0x00, 0x00, 0x40, 0x00, 0xB4, 0x00, 0x7F, 0x00, 0x1F, 0xF0,
    0x03, 0xFE, 0x00, 0x3F, 0xD0, 0x02, 0xFC, 0x00, 0x1E, 0x00, 0x00, 0x00, 0x00, 0x00, 0x06, 0x80,
    0xBF, 0xFC, 0xBF, 0xFF, 0x2A, 0xFF, 0x80, 0x2F, 0xD0, 0x0F, 0xF0, 0x07, 0xFC, 0x02, 0xFE, 0x00,
    0xFF, 0x40, 0x3F, 0xC0, 0x1F, 0xF0, 0x0F, 0xF8, 0x03, 0xFD, 0x01, 0xFF, 0x09, 0x7F, 0xEF, 0xAF,
    0xFF, 0xDB, 0xFF, 0xE0, 0xFF, 0x90, 0x05, 0x00, 0x00, 0x00, 0x00, 0x00, 0x00, 0x00, 0x07, 0x00,
    0x00, 0x03, 0xF0, 0x00, 0x02, 0xFD, 0x00, 0x01, 0xFF, 0x00, 0x00, 0xFF, 0x40, 0x00, 0xBF, 0x40,
    0x00, 0x3F, 0x00, 0x00, 0x07, 0x00, 0x00, 0x00, 0x00, 0x00, 0x00, 0x00, 0x00, 0x01, 0xA0, 0x00,
    0x2F, 0xFF, 0x00, 0x2F, 0xFF, 0xC0, 0x0A, 0xBF, 0xE0, 0x00, 0x0B, 0xF4, 0x00, 0x03, 0xFC, 0x00,
    0x01, 0xFF, 0x00, 0x00, 0xBF, 0x80, 0x00, 0x3F, 0xD0, 0x00, 0x0F, 0xF0, 0x00, 0x07, 0xFC, 0x00,
    0x03, 0xFE, 0x00, 0x00, 0xFF, 0x40, 0x00, 0x7F, 0xC2, 0x40, 0x1F, 0xFB, 0xE0, 0x0B, 0xFF, 0xF4,
    0x02, 0xFF, 0xF8, 0x00, 0x3F, 0xE4, 0x00, 0x01, 0x40, 0x00, 0x00, 0x00, 0x00, 0x00, 0x00, 0x0B,
    0xD0, 0x00, 0x2F, 0xF0, 0x00, 0xBF, 0xF8, 0x01, 0xFE, 0xFC, 0x03, 0xF4, 0xBE, 0x0F, 0xD0, 0x3F,
    0x2F, 0x40, 0x2E, 0x00, 0x00, 0x00, 0x00, 0x00, 0x00, 0x00, 0x68, 0x00, 0x2F, 0xFF, 0x00, 0xBF,
    0xFF, 0x00, 0xAB, 0xFE, 0x00, 0x02, 0xFD, 0x00, 0x03, 0xFC, 0x00, 0x07, 0xFC, 0x00, 0x0B, 0xF8,
    0x00, 0x0F, 0xF4, 0x00, 0x0F, 0xF0, 0x00, 0x1F, 0xF0, 0x00, 0x3F, 0xE0, 0x00, 0x3F, 0xD0, 0x00,
    0x7F, 0xC2, 0x40, 0x7F, 0xEF, 0x80, 0xBF, 0xFF, 0x40, 0xBF, 0xFE, 0x00, 0x3F, 0xE4, 0x00, 0x05,
    0x00, 0x00, 0x00, 0x00, 0x00, 0x01, 0xFC, 0x0F, 0xD0, 0xFF, 0x4B, 0xF8, 0x7F, 0xC3, 0xFD, 0x0F,
    0xD0, 0xFE, 0x00, 0x40, 0x04, 0x00, 0x00, 0x00, 0x00, 0x00, 0x00, 0x00, 0x00, 0x68, 0x00, 0x0B,
    0xFF, 0xC0, 0x0B, 0xFF, 0xF0, 0x02, 0xAF, 0xF8, 0x00, 0x02, 0xFD, 0x00, 0x00, 0xFF, 0x00, 0x00,
    0x7F, 0xC0, 0x00, 0x2F, 0xE0, 0x00, 0x0F, 0xF4, 0x00, 0x03, 0xFC, 0x00, 0x01, 0xFF, 0x00, 0x00,
    0xFF, 0x80, 0x00, 0x3F, 0xD0, 0x00, 0x1F, 0xF0, 0x90, 0x07, 0xFE, 0xF8, 0x02, 0xFF, 0xFD, 0x00,
    0xBF, 0xFE, 0x00, 0x0F, 0xF9, 0x00, 0x00, 0x50, 0x00, 0x00, 0x00, 0x00, 0x00, 0x00, 0x00, 0x00,
    0x0B, 0xD0, 0xF0, 0x00, 0x02, 0xFF, 0xBF, 0x40, 0x00, 0x0B, 0xFF, 0xD0, 0x00, 0x00, 0x3F, 0xF0,
    0x00, 0x00, 0x0B, 0xFF, 0x80, 0x00, 0x03, 0xFB, 0xFD, 0x00, 0x00, 0x1D, 0x1F, 0xE0, 0x00, 0x00,
    0x00, 0xFF, 0x00, 0x00, 0x00, 0x07, 0xF8, 0x00, 0x02, 0xFF, 0xFF, 0x80, 0x01, 0xFF, 0xFF, 0xFC,
    0x00, 0xBF, 0xFF, 0xFF, 0xC0, 0x1F, 0xF8, 0x1F, 0xFC, 0x03, 0xFE, 0x00, 0xBF, 0xC0, 0xBF, 0xC0,
    0x07, 0xFC, 0x0F, 0xF4, 0x00, 0x7F, 0xC2, 0xFF, 0x00, 0x07, 0xFC, 0x3F, 0xE0, 0x00, 0xBF, 0x83,
    0xFE, 0x00, 0x0F, 0xF4, 0x3F, 0xE0, 0x01, 0xFF, 0x03, 0xFE, 0x00, 0x3F, 0xE0, 0x3F, 0xF0, 0x0B,
    0xFC, 0x02, 0xFF, 0x97, 0xFF, 0x40, 0x0F, 0xFF, 0xFF, 0xE0, 0x00, 0x7F, 0xFF, 0xF8, 0x00, 0x01,
    0xFF, 0xF8, 0x00, 0x00, 0x00, 0x50, 0x00, 0x00, 0x00, 0x00, 0xB8, 0x02, 0x00, 0x00, 0x1F, 0xFC,
    0x3E, 0x00, 0x00, 0xFF, 0xFF, 0xF8, 0x00, 0x07, 0xE3, 0xFF, 0xC0, 0x00, 0x0F, 0x03, 0xFD, 0x00,
    0x00, 0x00, 0x01, 0x00, 0x00, 0x00, 0x00, 0x00, 0x00, 0x00, 0x00, 0x00, 0x00, 0x00, 0x00, 0x64,
    0x00, 0x69, 0x00, 0xBF, 0xF8, 0x1F, 0xFD, 0x0F, 0xFF, 0xE2, 0xFF, 0xFC, 0x2A, 0xFF, 0xAF, 0xFF,
    0xF0, 0x02, 0xFE, 0xF8, 0xBF, 0xC0, 0x0F, 0xFF, 0x81, 0xFF, 0x00, 0x3F, 0xFC, 0x0B, 0xF8, 0x01,
    0xFF, 0xC0, 0x3F, 0xD0, 0x0B, 0xFE, 0x00, 0xFF, 0x00, 0x3F, 0xF0, 0x07, 0xFC, 0x00, 0xFF, 0x80,
    0x2F, 0xE0, 0x07, 0xFD, 0x00, 0xFF, 0x40, 0x1F, 0xF0, 0x07, 0xFC, 0x00, 0xBF, 0xC0, 0x1F, 0xF0,
    0xC3, 0xFE, 0x00, 0xBF, 0xEF, 0x4F, 0xF4, 0x03, 0xFF, 0xFC, 0x7F, 0xC0, 0x0B, 0xFF, 0xD2, 0xFE,
    0x00, 0x1F, 0xF8, 0x00, 0x00, 0x00, 0x05, 0x00, 0x00, 0x00, 0x00, 0x10, 0x00, 0x00, 0x00, 0x2E,
    0x00, 0x00, 0x00, 0x0F, 0xD0, 0x00, 0x00, 0x07, 0xFC, 0x00, 0x00, 0x00, 0xFF, 0xC0, 0x00, 0x00,
    0x0F, 0xF4, 0x00, 0x00, 0x00, 0xBF, 0x00, 0x00, 0x00, 0x07, 0xC0, 0x00, 0x00, 0x00, 0x00, 0x00,
    0x00, 0x00, 0x00, 0x00, 0x00, 0x01, 0xA4, 0x00, 0x00, 0x1F, 0xFF, 0xE0, 0x00, 0x2F, 0xFF, 0xFF,
    0x00, 0x3F, 0xFE, 0xFF, 0xD0, 0x2F, 0xF0, 0x1F, 0xF8, 0x1F, 0xF0, 0x03, 0xFF, 0x0F, 0xF8, 0x00,
    0xBF, 0xC3, 0xFD, 0x00, 0x2F, 0xF2, 0xFF, 0x00, 0x0B, 0xFC, 0xFF, 0xC0, 0x03, 0xFE, 0x3F, 0xE0,
    0x00, 0xFF, 0x4F, 0xF8, 0x00, 0x7F, 0xC3, 0xFE, 0x00, 0x3F, 0xE0, 0xFF, 0xC0, 0x2F, 0xF0, 0x2F,
    0xF4, 0x2F, 0xF4, 0x07, 0xFF, 0xFF, 0xF4, 0x00, 0xBF, 0xFF, 0xF4, 0x00, 0x07, 0xFF, 0xE0, 0x00,
    0x00, 0x05, 0x00, 0x00, 0x00, 0x00, 0x00, 0x00, 0x00, 0x00, 0x00, 0x00, 0x00, 0x34, 0x00, 0x00,
    0x00, 0x0F, 0xD0, 0x00, 0x00, 0x02, 0xFE, 0x00, 0x00, 0x00, 0x3F, 0xC0, 0x00, 0x00, 0x0F, 0xF4,
    0x00, 0x00, 0x01, 0xFD, 0x00, 0x00, 0x00, 0x2F, 0x40, 0x00, 0x00, 0x01, 0xC0, 0x00, 0x00, 0x00,
    0x00, 0x00, 0x00, 0x00, 0x00, 0x00, 0x00, 0x00, 0x01, 0xA4, 0x00, 0x00, 0x07, 0xFF, 0xF8, 0x00,
    0x02, 0xFF, 0xFF, 0xF0, 0x00, 0xFF, 0xFB, 0xFF, 0x40, 0x2F, 0xF0, 0x1F, 0xF8, 0x07, 0xFC, 0x00,
    0xFF, 0xC0, 0xFF, 0x80, 0x0B, 0xFC, 0x0F, 0xF4, 0x00, 0xBF, 0xC2, 0xFF, 0x00, 0x0B, 0xFC, 0x3F,
    0xF0, 0x00, 0xFF, 0x83, 0xFE, 0x00, 0x0F, 0xF4, 0x3F, 0xE0, 0x01, 0xFF, 0x03, 0xFE, 0x00, 0x3F,
    0xE0, 0x3F, 0xF0, 0x0B, 0xFC, 0x02, 0xFF, 0x42, 0xFF, 0x40, 0x1F, 0xFF, 0xFF, 0xD0, 0x00, 0xBF,
    0xFF, 0xF4, 0x00, 0x01, 0xFF, 0xF8, 0x00, 0x00, 0x00, 0x50, 0x00, 0x00, 0x00, 0x00, 0x00, 0x00,
    0x00, 0x00, 0x00, 0x2F, 0x80, 0x00, 0x00, 0x0B, 0xFD, 0x00, 0x00, 0x01, 0xFF, 0xF0, 0x00, 0x00,
    0x3F, 0xBF, 0x40, 0x00, 0x0F, 0xD2, 0xF8, 0x00, 0x03, 0xF8, 0x0F, 0xC0, 0x00, 0x7E, 0x00, 0x78,
    0x00, 0x00, 0x00, 0x00, 0x00, 0x00, 0x00, 0x00, 0x00, 0x00, 0x00, 0x1A, 0x40, 0x00, 0x00, 0x7F,
    0xFF, 0x80, 0x00, 0x2F, 0xFF, 0xFF, 0x00, 0x0F, 0xFF, 0xBF, 0xF4, 0x02, 0xFF, 0x01, 0xFF, 0x80,
    0x7F, 0xC0, 0x0F, 0xFC, 0x0F, 0xF8, 0x00, 0xBF, 0xC0, 0xFF, 0x40, 0x0B, 0xFC, 0x2F, 0xF0, 0x00,
    0xBF, 0xC3, 0xFF, 0x00, 0x0F, 0xF8, 0x3F, 0xE0, 0x00, 0xFF, 0x43, 0xFE, 0x00, 0x1F, 0xF0, 0x3F,
    0xE0, 0x03, 0xFE, 0x03, 0xFF, 0x00, 0xBF, 0xC0, 0x2F, 0xF4, 0x2F, 0xF4, 0x01, 0xFF, 0xFF, 0xFD,
    0x00, 0x0B, 0xFF, 0xFF, 0x40, 0x00, 0x1F, 0xFF, 0x80, 0x00, 0x00, 0x05, 0x00, 0x00, 0x00, 0x00,
    0x00, 0x2E, 0x00, 0x80, 0x00, 0x0F, 0xFC, 0x2F, 0x00, 0x03, 0xFF, 0xFB, 0xF0, 0x00, 0x3E, 0x2F,
    0xFD, 0x00, 0x03, 0xC0, 0xFF, 0x40, 0x00, 0x00, 0x01, 0x40, 0x00, 0x00, 0x00, 0x00, 0x00, 0x00,
    0x00, 0x00, 0x00, 0x00, 0x00, 0x1A, 0x40, 0x00, 0x00, 0x7F, 0xFF, 0x80, 0x00, 0x2F, 0xFF, 0xFF,
    0x00, 0x0F, 0xFF, 0xBF, 0xF4, 0x02, 0xFF, 0x01, 0xFF, 0x80, 0x7F, 0xC0, 0x0F, 0xFC, 0x0F, 0xF8,
    0x00, 0xBF, 0xC0, 0xFF, 0x40, 0x0B, 0xFC, 0x2F, 0xF0, 0x00, 0xBF, 0xC3, 0xFF, 0x00, 0x0F, 0xF8,
    0x3F, 0xE0, 0x00, 0xFF, 0x43, 0xFE, 0x00, 0x1F, 0xF0, 0x3F, 0xE0, 0x03, 0xFE, 0x03, 0xFF, 0x00,
    0xBF, 0xC0, 0x2F, 0xF4, 0x2F, 0xF4, 0x01, 0xFF, 0xFF, 0xFD, 0x00, 0x0B, 0xFF, 0xFF, 0x40, 0x00,
    0x1F, 0xFF, 0x80, 0x00, 0x00, 0x05, 0x00, 0x00, 0x00, 0x00, 0x00, 0x00, 0x00, 0x00, 0x00, 0x0F,
    0xC0, 0xBD, 0x00, 0x03, 0xFD, 0x2F, 0xF0, 0x00, 0x3F, 0xD3, 0xFE, 0x00, 0x03, 0xF8, 0x2F, 0xC0,
    0x00, 0x04, 0x00, 0x00, 0x00, 0x00, 0x00, 0x00, 0x00, 0x00, 0x00, 0x00, 0x00, 0x00, 0x00, 0x1A,
    0x40, 0x00, 0x00, 0x7F, 0xFF, 0x80, 0x00, 0x2F, 0xFF, 0xFF, 0x00, 0x0F, 0xFF, 0xBF, 0xF4, 0x02,
    0xFF, 0x01, 0xFF, 0x80, 0x7F, 0xC0, 0x0F, 0xFC, 0x0F, 0xF8, 0x00, 0xBF, 0xC0, 0xFF, 0x40, 0x0B,
    0xFC, 0x2F, 0xF0, 0x00, 0xBF, 0xC3, 0xFF, 0x00, 0x0F, 0xF8, 0x3F, 0xE0, 0x00, 0xFF, 0x43, 0xFE,
    0x00, 0x1F, 0xF0, 0x3F, 0xE0, 0x03, 0xFE, 0x03, 0xFF, 0x00, 0xBF, 0xC0, 0x2F, 0xF4, 0x2F, 0xF4,
    0x01, 0xFF, 0xFF, 0xFD, 0x00, 0x0B, 0xFF, 0xFF, 0x40, 0x00, 0x1F, 0xFF, 0x80, 0x00, 0x00, 0x05,
    0x00, 0x00, 0x00, 0x00, 0x06, 0x40, 0x00, 0x00, 0xBF, 0x40, 0x00, 0x03, 0xFE, 0x00, 0x00, 0x0F,
    0xF4, 0x00, 0x00, 0x1F, 0x80, 0x00, 0x00, 0x00, 0x00, 0x0A, 0xAA, 0xAA, 0xAA, 0x7F, 0xFF, 0xFF,
    0xFE, 0xFF, 0xFF, 0xFF, 0xF9, 0x55, 0x55, 0x55, 0x40, 0x00, 0x00, 0x00, 0x00, 0x07, 0xF0, 0x00,
    0x00, 0x3F, 0xE0, 0x00, 0x00, 0xFF, 0x80, 0x00, 0x02, 0xFC, 0x00, 0x00, 0x01, 0x40, 0x00, 0x00,
    0x00, 0x01, 0xA4, 0x01, 0x40, 0x00, 0x07, 0xFF, 0xF8, 0xBC, 0x00, 0x02, 0xFF, 0xFF, 0xFF, 0x40,
    0x00, 0xFF, 0xEB, 0xFF, 0xC0, 0x00, 0x2F, 0xF0, 0x0F, 0xF8, 0x00, 0x07, 0xFC, 0x00, 0xFF, 0xC0,
    0x00, 0xFF, 0x80, 0x7F, 0xFC, 0x00, 0x0F, 0xF0, 0x1F, 0xFF, 0xC0, 0x02, 0xFF, 0x07, 0xEB, 0xFC,
    0x00, 0x3F, 0xE2, 0xF4, 0xBF, 0x80, 0x03, 0xFD, 0xBD, 0x0F, 0xF4, 0x00, 0x3F, 0xFF, 0x01, 0xFF,
    0x00, 0x03, 0xFF, 0xC0, 0x3F, 0xE0, 0x00, 0x3F, 0xF0, 0x0B, 0xFC, 0x00, 0x02, 0xFF, 0x02, 0xFF,
    0x40, 0x00, 0x7F, 0xFF, 0xFF, 0xD0, 0x00, 0x1F, 0xFF, 0xFF, 0xF4, 0x00, 0x07, 0xD1, 0xFF, 0xF8,
    0x00, 0x00, 0x24, 0x00, 0x50, 0x00, 0x00, 0x00, 0x00, 0x00, 0x10, 0x00, 0x00, 0x00, 0x00, 0xF4,
    0x00, 0x00, 0x00, 0x02, 0xFC, 0x00, 0x00, 0x00, 0x02, 0xFE, 0x00, 0x00, 0x00, 0x00, 0xFF, 0x40,
    0x00, 0x00, 0x00, 0x7F, 0xC0, 0x00, 0x00, 0x00, 0x0F, 0xE0, 0x00, 0x00, 0x00, 0x02, 0xD0, 0x00,
    0x00, 0x00, 0x00, 0x00, 0x00, 0x00, 0x00, 0x00, 0x00, 0x00, 0x00, 0x59, 0x00, 0x01, 0x54, 0x1F,
    0xFF, 0x40, 0x0F, 0xF4, 0x3F, 0xFF, 0x80, 0x2F, 0xF0, 0x2A, 0xFF, 0x80, 0x2F, 0xF0, 0x00, 0xFF,
    0x40, 0x3F, 0xE0, 0x00, 0xFF, 0x00, 0x3F, 0xD0, 0x01, 0xFF, 0x00, 0x7F, 0xC0, 0x02, 0xFE, 0x00,
    0xBF, 0xC0, 0x03, 0xFD, 0x00, 0xFF, 0x80, 0x07, 0xFC, 0x01, 0xFF, 0x40, 0x0B, 0xFC, 0x03, 0xFF,
    0x00, 0x0F, 0xF4, 0x0B, 0xFF, 0x00, 0x0F, 0xF0, 0x1F, 0xFF, 0x00, 0x1F, 0xF0, 0x7E, 0xFF, 0x1D,
    0x1F, 0xF6, 0xFC, 0xFF, 0xFE, 0x1F, 0xFF, 0xF0, 0xFF, 0xFC, 0x1F, 0xFF, 0xC0, 0xFF, 0xF4, 0x0B,
    0xFE, 0x00, 0x7F, 0x80, 0x00, 0x50, 0x00, 0x04, 0x00, 0x00, 0x00, 0x00, 0x00, 0x00, 0x00, 0x00,
    0x00, 0x0B, 0x00, 0x00, 0x00, 0x00, 0x0F, 0xC0, 0x00, 0x00, 0x00, 0x3F, 0xC0, 0x00, 0x00, 0x00,
    0x7F, 0xC0, 0x00, 0x00, 0x00, 0xFF, 0x00, 0x00, 0x00, 0x02, 0xFC, 0x00, 0x00, 0x00, 0x03, 0xF0,
    0x00, 0x00, 0x00, 0x02, 0x80, 0x00, 0x00, 0x00, 0x00, 0x00, 0x00, 0x00, 0x00, 0x00, 0x00, 0x00,
    0x00, 0x59, 0x00, 0x01, 0x54, 0x1F, 0xFF, 0x40, 0x0F, 0xF4, 0x3F, 0xFF, 0x80, 0x2F, 0xF0, 0x2A,
    0xFF, 0x80, 0x2F, 0xF0, 0x00, 0xFF, 0x40, 0x3F, 0xE0, 0x00, 0xFF, 0x00, 0x3F, 0xD0, 0x01, 0xFF,
    0x00, 0x7F, 0xC0, 0x02, 0xFE, 0x00, 0xBF, 0xC0, 0x03, 0xFD, 0x00, 0xFF, 0x80, 0x07, 0xFC, 0x01,
    0xFF, 0x40, 0x0B, 0xFC, 0x03, 0xFF, 0x00, 0x0F, 0xF4, 0x0B, 0xFF, 0x00, 0x0F, 0xF0, 0x1F, 0xFF,
    0x00, 0x1F, 0xF0, 0x7E, 0xFF, 0x1D, 0x1F, 0xF6, 0xFC, 0xFF, 0xFE, 0x1F, 0xFF, 0xF0, 0xFF, 0xFC,
    0x1F, 0xFF, 0xC0, 0xFF, 0xF4, 0x0B, 0xFE, 0x00, 0x7F, 0x80, 0x00, 0x50, 0x00, 0x04, 0x00, 0x00,
    0x00, 0x00, 0x00, 0x00, 0x00, 0x00, 0x02, 0xF4, 0x00, 0x00, 0x00, 0x0F, 0xFC, 0x00, 0x00, 0x00,
    0x2F, 0xFD, 0x00, 0x00, 0x00, 0xBF, 0xBF, 0x00, 0x00, 0x01, 0xFC, 0x3F, 0x40, 0x00, 0x07, 0xF4,
    0x0F, 0x80, 0x00, 0x0F, 0xD0, 0x0B, 0x40, 0x00, 0x00, 0x00, 0x00, 0x00, 0x00, 0x00, 0x00, 0x00,
    0x00, 0x00, 0x59, 0x00, 0x01, 0x54, 0x1F, 0xFF, 0x40, 0x0F, 0xF4, 0x3F, 0xFF, 0x80, 0x2F, 0xF0,
    0x2A, 0xFF, 0x80, 0x2F, 0xF0, 0x00, 0xFF, 0x40, 0x3F, 0xE0, 0x00, 0xFF, 0x00, 0x3F, 0xD0, 0x01,
    0xFF, 0x00, 0x7F, 0xC0, 0x02, 0xFE, 0x00, 0xBF, 0xC0, 0x03, 0xFD, 0x00, 0xFF, 0x80, 0x07, 0xFC,
    0x01, 0xFF, 0x40, 0x0B, 0xFC, 0x03, 0xFF, 0x00, 0x0F, 0xF4, 0x0B, 0xFF, 0x00, 0x0F, 0xF0, 0x1F,
    0xFF, 0x00, 0x1F, 0xF0, 0x7E, 0xFF, 0x1D, 0x1F, 0xF6, 0xFC, 0xFF, 0xFE, 0x1F, 0xFF, 0xF0, 0xFF,
    0xFC, 0x1F, 0xFF, 0xC0, 0xFF, 0xF4, 0x0B, 0xFE, 0x00, 0x7F, 0x80, 0x00, 0x50, 0x00, 0x04, 0x00,
    0x00, 0x00, 0x00, 0x00, 0x00, 0x00, 0x01, 0xFC, 0x0F, 0xC0, 0x00, 0x03, 0xFC, 0x3F, 0xD0, 0x00,
    0x07, 0xFC, 0x3F, 0xD0, 0x00, 0x07, 0xF4, 0x3F, 0x80, 0x00, 0x00, 0x40, 0x04, 0x00, 0x00, 0x00,
    0x00, 0x00, 0x00, 0x00, 0x00, 0x00, 0x00, 0x00, 0x00, 0x59, 0x00, 0x01, 0x54, 0x1F, 0xFF, 0x40,
    0x0F, 0xF4, 0x3F, 0xFF, 0x80, 0x2F, 0xF0, 0x2A, 0xFF, 0x80, 0x2F, 0xF0, 0x00, 0xFF, 0x40, 0x3F,
    0xE0, 0x00, 0xFF, 0x00, 0x3F, 0xD0, 0x01, 0xFF, 0x00, 0x7F, 0xC0, 0x02, 0xFE, 0x00, 0xBF, 0xC0,
    0x03, 0xFD, 0x00, 0xFF, 0x80, 0x07, 0xFC, 0x01, 0xFF, 0x40, 0x0B, 0xFC, 0x03, 0xFF, 0x00, 0x0F,
    0xF4, 0x0B, 0xFF, 0x00, 0x0F, 0xF0, 0x1F, 0xFF, 0x00, 0x1F, 0xF0, 0x7E, 0xFF, 0x1D, 0x1F, 0xF6,
    0xFC, 0xFF, 0xFE, 0x1F, 0xFF, 0xF0, 0xFF, 0xFC, 0x1F, 0xFF, 0xC0, 0xFF, 0xF4, 0x0B, 0xFE, 0x00,
    0x7F, 0x80, 0x00, 0x50, 0x00, 0x04, 0x00, 0x00, 0x00, 0x00, 0x00, 0x00, 0x00, 0x00, 0x00, 0x00,
    0x02, 0xC0, 0x00, 0x00, 0x00, 0x00, 0x3F, 0x00, 0x00, 0x00, 0x00, 0x0F, 0xF0, 0x00, 0x00, 0x00,
    0x01, 0xFF, 0x00, 0x00, 0x00, 0x00, 0x3F, 0xC0, 0x00, 0x00, 0x00, 0x0B, 0xF0, 0x00, 0x00, 0x00,
    0x00, 0xFC, 0x00, 0x00, 0x00, 0x00, 0x0A, 0x00, 0x00, 0x00, 0x00, 0x00, 0x00, 0x00, 0x00, 0x00,
    0x00, 0x00, 0x00, 0x00, 0x00, 0x05, 0x80, 0x01, 0xA0, 0x00, 0x0B, 0xFF, 0x00, 0xFF, 0xD0, 0x01,
    0xFF, 0xF8, 0x07, 0xFE, 0x00, 0x1B, 0xFF, 0xC0, 0x3F, 0xF0, 0x00, 0x07, 0xFC, 0x02, 0xFE, 0x00,
    0x00, 0x3F, 0xD0, 0x2F, 0xE0, 0x00, 0x03, 0xFD, 0x03, 0xFD, 0x00, 0x00, 0x2F, 0xE0, 0x3F, 0xC0,
    0x00, 0x01, 0xFE, 0x07, 0xF8, 0x00, 0x00, 0x0F, 0xF0, 0xBF, 0x00, 0x00, 0x00, 0xFF, 0x0F, 0xE0,
    0x00, 0x00, 0x0F, 0xF1, 0xFC, 0x00, 0x00, 0x00, 0xFF, 0x3F, 0x80, 0x00, 0x00, 0x0F, 0xF7, 0xF0,
    0x00, 0x00, 0x00, 0xBF, 0xFD, 0x00, 0x00, 0x00, 0x0B, 0xFF, 0x80, 0x00, 0x00, 0x00, 0xBF, 0xF0,
    0x00, 0x00, 0x00, 0x0F, 0xFC, 0x00, 0x00, 0x00, 0x00, 0xFF, 0x40, 0x00, 0x00, 0x00, 0x2F, 0xD0,
    0x00, 0x00, 0x00, 0x07, 0xF4, 0x00, 0x00, 0x3D, 0x06, 0xFD, 0x00, 0x00, 0x07, 0xFF, 0xFF, 0x40,
    0x00, 0x00, 0xBF, 0xFF, 0xD0, 0x00, 0x00, 0x03, 0xFF, 0xE0, 0x00, 0x00, 0x00, 0x0B, 0xA0, 0x00,
    0x00, 0x00, 0x00, 0x00, 0x00, 0x05, 0x40, 0x00, 0x00, 0x00, 0x2F, 0xFF, 0x00, 0x00, 0x00, 0x0F,
    0xFF, 0xF0, 0x00, 0x00, 0x00, 0xFF, 0xFF, 0x00, 0x00, 0x00, 0x00, 0x3F, 0xE0, 0x00, 0x00, 0x00,
    0x03, 0xFD, 0x00, 0x00, 0x00, 0x00, 0x3F, 0xC0, 0x00, 0x00, 0x00, 0x07, 0xFC, 0x00, 0x00, 0x00,
    0x00, 0xBF, 0x40, 0x68, 0x00, 0x00, 0x0F, 0xF0, 0x7F, 0xF0, 0x00, 0x00, 0xFF, 0x2F, 0xFF, 0xC0,
    0x00, 0x1F, 0xDB, 0xFF, 0xFC, 0x00, 0x02, 0xFE, 0xF8, 0xBF, 0xD0, 0x00, 0x3F, 0xFE, 0x07, 0xFD,
    0x00, 0x03, 0xFF, 0x80, 0x7F, 0xD0, 0x00, 0x3F, 0xF0, 0x07, 0xFC, 0x00, 0x07, 0xFE, 0x00, 0x7F,
    0xC0, 0x00, 0xBF, 0xC0, 0x0B, 0xFC, 0x00, 0x0F, 0xF8, 0x00, 0xFF, 0x80, 0x00, 0xFF, 0x40, 0x1F,
    0xF0, 0x00, 0x1F, 0xF0, 0x03, 0xFE, 0x00, 0x02, 0xFF, 0x00, 0xBF, 0xC0, 0x00, 0x2F, 0xF4, 0x2F,
    0xF4, 0x00, 0x03, 0xFF, 0xFF, 0xFE, 0x00, 0x00, 0x3F, 0xFF, 0xFF, 0x80, 0x00, 0x07, 0xFE, 0xFF,
    0xD0, 0x00, 0x00, 0xBF, 0xC0, 0x40, 0x00, 0x00, 0x0F, 0xF8, 0x00, 0x00, 0x00, 0x00, 0xFF, 0x40,
    0x00, 0x00, 0x00, 0x1F, 0xF0, 0x00, 0x00, 0x00, 0x02, 0xFF, 0x40, 0x00, 0x00, 0x01, 0xFF, 0xFF,
    0xD0, 0x00, 0x00, 0x2F, 0xFF, 0xFD, 0x00, 0x00, 0x01, 0x55, 0x55, 0x40, 0x00, 0x00, 0x00, 0x00,
    0x00, 0x00, 0x00, 0x00, 0x00, 0x00, 0x7F, 0x03, 0xF0, 0x00, 0x00, 0x0F, 0xF0, 0xFF, 0x40, 0x00,
    0x01, 0xFF, 0x0F, 0xF0, 0x00, 0x00, 0x1F, 0xD0, 0xFE, 0x00, 0x00, 0x00, 0x10, 0x01, 0x00, 0x00,
    0x00, 0x00, 0x00, 0x00, 0x00, 0x00, 0x00, 0x00, 0x00, 0x00, 0x00, 0x00, 0x58, 0x00, 0x1A, 0x00,
    0x00, 0xBF, 0xF0, 0x0F, 0xFD, 0x00, 0x1F, 0xFF, 0x80, 0x7F, 0xE0, 0x01, 0xBF, 0xFC, 0x03, 0xFF,
    0x00, 0x00, 0x7F, 0xC0, 0x2F, 0xE0, 0x00, 0x03, 0xFD, 0x02, 0xFE, 0x00, 0x00, 0x3F, 0xD0, 0x3F,
    0xD0, 0x00, 0x02, 0xFE, 0x03, 0xFC, 0x00, 0x00, 0x1F, 0xE0, 0x7F, 0x80, 0x00, 0x00, 0xFF, 0x0B,
    0xF0, 0x00, 0x00, 0x0F, 0xF0, 0xFE, 0x00, 0x00, 0x00, 0xFF, 0x1F, 0xC0, 0x00, 0x00, 0x0F, 0xF3,
    0xF8, 0x00, 0x00, 0x00, 0xFF, 0x7F, 0x00, 0x00, 0x00, 0x0B, 0xFF, 0xD0, 0x00, 0x00, 0x00, 0xBF,
    0xF8, 0x00, 0x00, 0x00, 0x0B, 0xFF, 0x00, 0x00, 0x00, 0x00, 0xFF, 0xC0, 0x00, 0x00, 0x00, 0x0F,
    0xF4, 0x00, 0x00, 0x00, 0x02, 0xFD, 0x00, 0x00, 0x00, 0x00, 0x7F, 0x40, 0x00, 0x03, 0xD0, 0x6F,
    0xD0, 0x00, 0x00, 0x7F, 0xFF, 0xF4, 0x00, 0x00, 0x0B, 0xFF, 0xFD, 0x00, 0x00, 0x00, 0x3F, 0xFE,
    0x00, 0x00, 0x00, 0x00, 0xBA, 0x00, 0x00, 0x00, 0x00, 0x00, 0x00, 0x00, 0x55, 0x55, 0x50, 0x00,
    0x00, 0x00, 0x1F, 0xFF, 0xFF, 0x00, 0x00, 0x00, 0x02, 0xFF, 0xFF, 0xF0, 0x00, 0x00, 0x00, 0x1A,
    0xAA, 0xA9, 0x00, 0x00, 0x00, 0x00, 0x00, 0x00, 0x00, 0x00, 0x00, 0x00, 0x00, 0x00, 0x00, 0x00,
    0x00, 0x00, 0x00, 0x00, 0x14, 0x00, 0x00, 0x00, 0x00, 0x00, 0x3F, 0xC0, 0x00, 0x00, 0x00, 0x00,
    0x0F, 0xFC, 0x00, 0x00, 0x00, 0x00, 0x02, 0xFF, 0xD0, 0x00, 0x00, 0x00, 0x00, 0x7F, 0xFD, 0x00,
    0x00, 0x00, 0x00, 0x0F, 0xFF, 0xE0, 0x00, 0x00, 0x00, 0x01, 0xFE, 0xFF, 0x00, 0x00, 0x00, 0x00,
    0x3F, 0x9F, 0xF0, 0x00, 0x00, 0x00, 0x0B, 0xF0, 0xFF, 0x00, 0x00, 0x00, 0x00, 0xFE, 0x0F, 0xF4,
    0x00, 0x00, 0x00, 0x3F, 0xC0, 0xFF, 0x80, 0x00, 0x00, 0x07, 0xF4, 0x0B, 0xFC, 0x00, 0x00, 0x00,
    0xFF, 0x00, 0xBF, 0xC0, 0x00, 0x00, 0x2F, 0xD0, 0x07, 0xFC, 0x00, 0x00, 0x03, 0xFD, 0x55, 0xBF,
    0xD0, 0x00, 0x00, 0xFF, 0xFF, 0xFF, 0xFE, 0x00, 0x00, 0x1F, 0xFF, 0xFF, 0xFF, 0xF0, 0x00, 0x03,
    0xFE, 0xAA, 0xAB, 0xFF, 0x00, 0x00, 0xBF, 0x80, 0x00, 0x2F, 0xF0, 0x00, 0x0F, 0xF0, 0x00, 0x02,
    0xFF, 0x40, 0x02, 0xFE, 0x00, 0x00, 0x1F, 0xF8, 0x01, 0xBF, 0xE4, 0x00, 0x0B, 0xFF, 0xF4, 0xBF,
    0xFF, 0xD0, 0x07, 0xFF, 0xFF, 0xCF, 0xFF, 0xFC, 0x00, 0xBF, 0xFF, 0xFC, 0x00, 0x01, 0xAA, 0xAA,
    0x80, 0x00, 0x03, 0xFF, 0xFF, 0xD0, 0x00, 0x03, 0xFF, 0xFF, 0xC0, 0x00, 0x01, 0x55, 0x55, 0x40,
    0x00, 0x00, 0x00, 0x00, 0x00, 0x00, 0x00, 0x00, 0x00, 0x00, 0x00, 0x00, 0x69, 0x01, 0x50, 0x00,
    0x07, 0xFF, 0xCF, 0xF0, 0x00, 0x2F, 0xFF, 0xFF, 0xF0, 0x00, 0xBF, 0xFB, 0xFF, 0xD0, 0x01, 0xFF,
    0x80, 0xBF, 0xC0, 0x03, 0xFE, 0x00, 0xBF, 0xC0, 0x0B, 0xFC, 0x00, 0xFF, 0x80, 0x0F, 0xF8, 0x00,
    0xFF, 0x00, 0x1F, 0xF0, 0x01, 0xFF, 0x00, 0x2F, 0xF0, 0x03, 0xFF, 0x00, 0x3F, 0xE0, 0x07, 0xFE,
    0x00, 0x3F, 0xE0, 0x0F, 0xFD, 0x00, 0x3F, 0xE0, 0x2F, 0xFD, 0x00, 0x3F, 0xE0, 0xBE, 0xFC, 0x2C,
    0x3F, 0xF6, 0xF9, 0xFF, 0xFC, 0x2F, 0xFF, 0xE1, 0xFF, 0xF8, 0x1F, 0xFF, 0x81, 0xFF, 0xE0, 0x0B,
    0xFE, 0x00, 0xFF, 0x40, 0x00, 0x50, 0x00, 0x10, 0x00, 0x00, 0x00, 0x00, 0x10, 0x00, 0x00, 0x00,
    0x00, 0x00, 0x0F, 0x40, 0x03, 0x00, 0x00, 0x00, 0x01, 0xFC, 0x01, 0xF0, 0x00, 0x00, 0x00, 0x1F,
    0xFA, 0xFD, 0x00, 0x00, 0x00, 0x00, 0xFF, 0xFF, 0x80, 0x00, 0x00, 0x00, 0x02, 0xFF, 0xD0, 0x00,
    0x00, 0x00, 0x00, 0x00, 0x40, 0x00, 0x00, 0x00, 0x00, 0x00, 0x00, 0x00, 0x00, 0x00, 0x00, 0x00,
    0x00, 0x14, 0x00, 0x00, 0x00, 0x00, 0x00, 0x3F, 0xC0, 0x00, 0x00, 0x00, 0x00, 0x0F, 0xFC, 0x00,
    0x00, 0x00, 0x00, 0x02, 0xFF, 0xD0, 0x00, 0x00, 0x00, 0x00, 0x7F, 0xFD, 0x00, 0x00, 0x00, 0x00,
    0x0F, 0xFF, 0xE0, 0x00, 0x00, 0x00, 0x01, 0xFE, 0xFF, 0x00, 0x00, 0x00, 0x00, 0x3F, 0x9F, 0xF0,
    0x00, 0x00, 0x00, 0x0B, 0xF0, 0xFF, 0x00, 0x00, 0x00, 0x00, 0xFE, 0x0F, 0xF4, 0x00, 0x00, 0x00,
    0x3F, 0xC0, 0xFF, 0x80, 0x00, 0x00, 0x07, 0xF4, 0x0B, 0xFC, 0x00, 0x00, 0x00, 0xFF, 0x00, 0xBF,
    0xC0, 0x00, 0x00, 0x2F, 0xD0, 0x07, 0xFC, 0x00, 0x00, 0x03, 0xFD, 0x55, 0xBF, 0xD0, 0x00, 0x00,
    0xFF, 0xFF, 0xFF, 0xFE, 0x00, 0x00, 0x1F, 0xFF, 0xFF, 0xFF, 0xF0, 0x00, 0x03, 0xFE, 0xAA, 0xAB,
    0xFF, 0x00, 0x00, 0xBF, 0x80, 0x00, 0x2F, 0xF0, 0x00, 0x0F, 0xF0, 0x00, 0x02, 0xFF, 0x40, 0x02,
    0xFE, 0x00, 0x00, 0x1F, 0xF8, 0x01, 0xBF, 0xE4, 0x00, 0x0B, 0xFF, 0xF4, 0xBF, 0xFF, 0xD0, 0x07,
    0xFF, 0xFF, 0xCF, 0xFF, 0xFC, 0x00, 0xBF, 0xFF, 0xFC, 0x00, 0x00, 0x50, 0x00, 0x00, 0x00, 0x02,
    0xF0, 0x00, 0xD0, 0x00, 0x03, 0xF8, 0x0B, 0xC0, 0x00, 0x03, 0xFF, 0xFF, 0x80, 0x00, 0x00, 0xFF,
    0xFE, 0x00, 0x00, 0x00, 0x2F, 0xE4, 0x00, 0x00, 0x00, 0x00, 0x00, 0x00, 0x00, 0x00, 0x00, 0x00,
    0x00, 0x00, 0x00, 0x69, 0x01, 0x50, 0x00, 0x07, 0xFF, 0xCF, 0xF0, 0x00, 0x2F, 0xFF, 0xFF, 0xF0,
    0x00, 0xBF, 0xFB, 0xFF, 0xD0, 0x01, 0xFF, 0x80, 0xBF, 0xC0, 0x03, 0xFE, 0x00, 0xBF, 0xC0, 0x0B,
    0xFC, 0x00, 0xFF, 0x80, 0x0F, 0xF8, 0x00, 0xFF, 0x00, 0x1F, 0xF0, 0x01, 0xFF, 0x00, 0x2F, 0xF0,
    0x03, 0xFF, 0x00, 0x3F, 0xE0, 0x07, 0xFE, 0x00, 0x3F, 0xE0, 0x0F, 0xFD, 0x00, 0x3F, 0xE0, 0x2F,
    0xFD, 0x00, 0x3F, 0xE0, 0xBE, 0xFC, 0x2C, 0x3F, 0xF6, 0xF9, 0xFF, 0xFC, 0x2F, 0xFF, 0xE1, 0xFF,
    0xF8, 0x1F, 0xFF, 0x81, 0xFF, 0xE0, 0x0B, 0xFE, 0x00, 0xFF, 0x40, 0x00, 0x50, 0x00, 0x10, 0x00,
    0x00, 0x00, 0x00, 0x00, 0x14, 0x00, 0x00, 0x00, 0x00, 0x00, 0x3F, 0xC0, 0x00, 0x00, 0x00, 0x00,
    0x0F, 0xFC, 0x00, 0x00, 0x00, 0x00, 0x02, 0xFF, 0xD0, 0x00, 0x00, 0x00, 0x00, 0x7F, 0xFD, 0x00,
    0x00, 0x00, 0x00, 0x0F, 0xFF, 0xE0, 0x00, 0x00, 0x00, 0x01, 0xFE, 0xFF, 0x00, 0x00, 0x00, 0x00,
    0x3F, 0x9F, 0xF0, 0x00, 0x00, 0x00, 0x0B, 0xF0, 0xFF, 0x00, 0x00, 0x00, 0x00, 0xFE, 0x0F, 0xF4,
    0x00, 0x00, 0x00, 0x3F, 0xC0, 0xFF, 0x80, 0x00, 0x00, 0x07, 0xF4, 0x0B, 0xFC, 0x00, 0x00, 0x00,
    0xFF, 0x00, 0xBF, 0xC0, 0x00, 0x00, 0x2F, 0xD0, 0x07, 0xFC, 0x00, 0x00, 0x03, 0xFD, 0x55, 0xBF,
    0xD0, 0x00, 0x00, 0xFF, 0xFF, 0xFF, 0xFE, 0x00, 0x00, 0x1F, 0xFF, 0xFF, 0xFF, 0xF0, 0x00, 0x03,
    0xFE, 0xAA, 0xAB, 0xFF, 0x00, 0x00, 0xBF, 0x80, 0x00, 0x2F, 0xF0, 0x00, 0x0F, 0xF0, 0x00, 0x02,
    0xFF, 0x40, 0x02, 0xFE, 0x00, 0x00, 0x1F, 0xF8, 0x01, 0xBF, 0xE4, 0x00, 0x0B, 0xFF, 0xF4, 0xBF,
    0xFF, 0xD0, 0x07, 0xFF, 0xFF, 0xCF, 0xFF, 0xFC, 0x00, 0xBF, 0xFF, 0xFC, 0x00, 0x00, 0x00, 0x00,
    0x0B, 0xD0, 0x00, 0x00, 0x00, 0x00, 0x03, 0xF0, 0x00, 0x00, 0x00, 0x00, 0x00, 0xFC, 0x00, 0x00,
    0x00, 0x00, 0x00, 0x1F, 0xC0, 0x00, 0x00, 0x00, 0x00, 0x01, 0xFF, 0xA8, 0x00, 0x00, 0x00, 0x00,
    0x0F, 0xFF, 0x80, 0x00, 0x00, 0x00, 0x00, 0x2F, 0xE0, 0x00, 0x00, 0x00, 0x69, 0x01, 0x50, 0x00,
    0x07, 0xFF, 0xCF, 0xF0, 0x00, 0x2F, 0xFF, 0xFF, 0xF0, 0x00, 0xBF, 0xFB, 0xFF, 0xD0, 0x01, 0xFF,
    0x80, 0xBF, 0xC0, 0x03, 0xFE, 0x00, 0xBF, 0xC0, 0x0B, 0xFC, 0x00, 0xFF, 0x80, 0x0F, 0xF8, 0x00,
    0xFF, 0x00, 0x1F, 0xF0, 0x01, 0xFF, 0x00, 0x2F, 0xF0, 0x03, 0xFF, 0x00, 0x3F, 0xE0, 0x07, 0xFE,
    0x00, 0x3F, 0xE0, 0x0F, 0xFD, 0x00, 0x3F, 0xE0, 0x2F, 0xFD, 0x00, 0x3F, 0xE0, 0xBE, 0xFC, 0x2C,
    0x3F, 0xF6, 0xF9, 0xFF, 0xFC, 0x2F, 0xFF, 0xE1, 0xFF, 0xF8, 0x1F, 0xFF, 0x81, 0xFF, 0xE0, 0x0B,
    0xFE, 0x00, 0xBF, 0x80, 0x00, 0x50, 0x00, 0x2E, 0x00, 0x00, 0x00, 0x00, 0xBC, 0x00, 0x00, 0x00,
    0x00, 0xF4, 0x00, 0x00, 0x00, 0x02, 0xF0, 0x00, 0x00, 0x00, 0x02, 0xFD, 0x50, 0x00, 0x00, 0x01,
    0xFF, 0xD0, 0x00, 0x00, 0x00, 0xBF, 0x80, 0x00, 0x00, 0x00, 0x00, 0x00, 0x00, 0x00, 0x00, 0x00,
    0x09, 0x00, 0x00, 0x00, 0x00, 0x1F, 0xC0, 0x00, 0x00, 0x00, 0x2F, 0xF0, 0x00, 0x00, 0x00, 0x7F,
    0xFC, 0x00, 0x00, 0x00, 0xBF, 0xF8, 0x00, 0x00, 0x00, 0x7F, 0xE0, 0x00, 0x00, 0x00, 0x09, 0x00,
    0x00, 0x00, 0x00, 0x00, 0x00, 0x00, 0x00, 0x00, 0x00, 0x15, 0x40, 0x00, 0x00, 0x06, 0xFF, 0xFF,
    0x90, 0x00, 0x0F, 0xFF, 0xFF, 0xFD, 0x00, 0x1F, 0xFF, 0xFF, 0xFF, 0x00, 0x2F, 0xFF, 0x90, 0x7F,
    0xC0, 0x1F, 0xFD, 0x00, 0x0B, 0xF0, 0x0F, 0xFC, 0x00, 0x02, 0xF8, 0x0F, 0xFD, 0x00, 0x00, 0xFC,
    0x07, 0xFE, 0x00, 0x00, 0x14, 0x03, 0xFF, 0x40, 0x00, 0x00, 0x00, 0xFF, 0xC0, 0x00, 0x00, 0x00,
    0x7F, 0xE0, 0x00, 0x00, 0x00, 0x2F, 0xF8, 0x00, 0x00, 0x00, 0x0F, 0xFE, 0x00, 0x00, 0x00, 0x03,
    0xFF, 0x80, 0x00, 0x00, 0x00, 0xFF, 0xE0, 0x00, 0x00, 0x00, 0x3F, 0xFC, 0x00, 0x00, 0x00, 0x0B,
    0xFF, 0x00, 0x00, 0x02, 0x02, 0xFF, 0xF0, 0x00, 0x07, 0xC0, 0x3F, 0xFF, 0x40, 0x1B, 0xF0, 0x0F,
    0xFF, 0xFF, 0xFF, 0xFC, 0x00, 0xFF, 0xFF, 0xFF, 0xFC, 0x00, 0x0F, 0xFF, 0xFF, 0xF8, 0x00, 0x00,
    0x7F, 0xFF, 0xE0, 0x00, 0x00, 0x00, 0x15, 0x00, 0x00, 0x00, 0x00, 0x00, 0x00, 0x00, 0x00, 0x00,
    0x00, 0x0A, 0x00, 0x00, 0x00, 0x07, 0xF0, 0x00, 0x00, 0x03, 0xFC, 0x00, 0x00, 0x02, 0xFF, 0x00,
    0x00, 0x00, 0xFF, 0x00, 0x00, 0x00, 0xFF, 0x00, 0x00, 0x00, 0x3F, 0x00, 0x00, 0x00, 0x0A, 0x00,
    0x00, 0x00, 0x00, 0x00, 0x00, 0x00, 0x00, 0x00, 0x00, 0x00, 0x00, 0x69, 0x00, 0x00, 0x03, 0xFF,
    0xF0, 0x00, 0x07, 0xFF, 0xFE, 0x00, 0x0B, 0xFF, 0xFF, 0x80, 0x07, 0xFD, 0x0B, 0xC0, 0x03, 0xFD,
    0x00, 0x10, 0x02, 0xFF, 0x00, 0x00, 0x00, 0xFF, 0x40, 0x00, 0x00, 0x7F, 0xC0, 0x00, 0x00, 0x2F,
    0xF0, 0x00, 0x00, 0x0F, 0xF8, 0x00, 0x00, 0x03, 0xFE, 0x00, 0x00, 0x00, 0xFF, 0xC0, 0x02, 0x00,
    0x3F, 0xF0, 0x07, 0xD0, 0x0F, 0xFF, 0xAF, 0xF4, 0x01, 0xFF, 0xFF, 0xFC, 0x00, 0x3F, 0xFF, 0xF8,
    0x00, 0x02, 0xFF, 0xE0, 0x00, 0x00, 0x05, 0x00, 0x00, 0x00, 0x00, 0x00, 0x00, 0x1B, 0x00, 0x00,
    0x00, 0x00, 0x1F, 0xF0, 0x00, 0x00, 0x00, 0x1F, 0xFF, 0x00, 0x00, 0x00, 0x2F, 0xEF, 0xF0, 0x00,
    0x00, 0x2F, 0xD1, 0xFD, 0x00, 0x00, 0x3F, 0xD0, 0x1F, 0x80, 0x00, 0x06, 0x80, 0x01, 0x40, 0x00,
    0x00, 0x00, 0x00, 0x00, 0x00, 0x00, 0x00, 0x55, 0x00, 0x00, 0x00, 0x1B, 0xFF, 0xFE, 0x40, 0x00,
    0x3F, 0xFF, 0xFF, 0xF4, 0x00, 0x7F, 0xFF, 0xFF, 0xFC, 0x00, 0xBF, 0xFE, 0x41, 0xFF, 0x00, 0x7F,
    0xF4, 0x00, 0x2F, 0xC0, 0x3F, 0xF0, 0x00, 0x0B, 0xE0, 0x3F, 0xF4, 0x00, 0x03, 0xF0, 0x1F, 0xF8,
    0x00, 0x00, 0x50, 0x0F, 0xFD, 0x00, 0x00, 0x00, 0x03, 0xFF, 0x00, 0x00, 0x00, 0x01, 0xFF, 0x80,
    0x00, 0x00, 0x00, 0xBF, 0xE0, 0x00, 0x00, 0x00, 0x3F, 0xF8, 0x00, 0x00, 0x00, 0x0F, 0xFE, 0x00,
    0x00, 0x00, 0x03, 0xFF, 0x80, 0x00, 0x00, 0x00, 0xFF, 0xF0, 0x00, 0x00, 0x00, 0x2F, 0xFC, 0x00,
    0x00, 0x08, 0x0B, 0xFF, 0xC0, 0x00, 0x1F, 0x00, 0xFF, 0xFD, 0x00, 0x6F, 0xC0, 0x3F, 0xFF, 0xFF,
    0xFF, 0xF0, 0x03, 0xFF, 0xFF, 0xFF, 0xF0, 0x00, 0x3F, 0xFF, 0xFF, 0xE0, 0x00, 0x01, 0xFF, 0xFF,
    0x80, 0x00, 0x00, 0x00, 0x54, 0x00, 0x00, 0x00, 0x00, 0x00, 0x00, 0x00, 0x00, 0x00, 0x0B, 0xC0,
    0x00, 0x00, 0x3F, 0xF0, 0x00, 0x00, 0xFF, 0xF4, 0x00, 0x02, 0xFE, 0xFC, 0x00, 0x07, 0xF0, 0xFD,
    0x00, 0x1F, 0xC0, 0x7E, 0x00, 0x3F, 0x00, 0x3D, 0x00, 0x00, 0x00, 0x00, 0x00, 0x00, 0x00, 0x00,
    0x00, 0x00, 0x1A, 0x40, 0x00, 0x03, 0xFF, 0xF0, 0x00, 0x1F, 0xFF, 0xF8, 0x00, 0xBF, 0xFF, 0xF8,
    0x01, 0xFF, 0x42, 0xF0, 0x03, 0xFD, 0x00, 0x10, 0x0B, 0xFC, 0x00, 0x00, 0x0F, 0xF4, 0x00, 0x00,
    0x1F, 0xF0, 0x00, 0x00, 0x2F, 0xF0, 0x00, 0x00, 0x3F, 0xE0, 0x00, 0x00, 0x3F, 0xE0, 0x00, 0x00,
    0x3F, 0xF0, 0x00, 0x80, 0x3F, 0xF0, 0x07, 0xD0, 0x3F, 0xFE, 0xBF, 0xD0, 0x1F, 0xFF, 0xFF, 0xC0,
    0x0F, 0xFF, 0xFE, 0x00, 0x02, 0xFF, 0xE0, 0x00, 0x00, 0x14, 0x00, 0x00, 0x00, 0x00, 0x00, 0x00,
    0x00, 0x00, 0x00, 0x00, 0x0B, 0xC0, 0x00, 0x00, 0x00, 0x0F, 0xF8, 0x00, 0x00, 0x00, 0x07, 0xFE,
    0x00, 0x00, 0x00, 0x01, 0xFF, 0x00, 0x00, 0x00, 0x00, 0x3F, 0x40, 0x00, 0x00, 0x00, 0x00, 0x00,
    0x00, 0x00, 0x00, 0x00, 0x00, 0x00, 0x00, 0x00, 0x00, 0x55, 0x00, 0x00, 0x00, 0x1B, 0xFF, 0xFE,
    0x40, 0x00, 0x3F, 0xFF, 0xFF, 0xF4, 0x00, 0x7F, 0xFF, 0xFF, 0xFC, 0x00, 0xBF, 0xFE, 0x41, 0xFF,
    0x00, 0x7F, 0xF4, 0x00, 0x2F, 0xC0, 0x3F, 0xF0, 0x00, 0x0B, 0xE0, 0x3F, 0xF4, 0x00, 0x03, 0xF0,
    0x1F, 0xF8, 0x00, 0x00, 0x50, 0x0F, 0xFD, 0x00, 0x00, 0x00, 0x03, 0xFF, 0x00, 0x00, 0x00, 0x01,
    0xFF, 0x80, 0x00, 0x00, 0x00, 0xBF, 0xE0, 0x00, 0x00, 0x00, 0x3F, 0xF8, 0x00, 0x00, 0x00, 0x0F,
    0xFE, 0x00, 0x00, 0x00, 0x03, 0xFF, 0x80, 0x00, 0x00, 0x00, 0xFF, 0xF0, 0x00, 0x00, 0x00, 0x2F,
    0xFC, 0x00, 0x00, 0x08, 0x0B, 0xFF, 0xC0, 0x00, 0x1F, 0x00, 0xFF, 0xFD, 0x00, 0x6F, 0xC0, 0x3F,
    0xFF, 0xFF, 0xFF, 0xF0, 0x03, 0xFF, 0xFF, 0xFF, 0xF0, 0x00, 0x3F, 0xFF, 0xFF, 0xE0, 0x00, 0x01,
    0xFF, 0xFF, 0x80, 0x00, 0x00, 0x00, 0x54, 0x00, 0x00, 0x00, 0x00, 0x00, 0x0A, 0x40, 0x00, 0x00,
    0xFF, 0x40, 0x00, 0x07, 0xFD, 0x00, 0x00, 0x2F, 0xF0, 0x00, 0x00, 0x7F, 0x40, 0x00, 0x00, 0x10,
    0x00, 0x00, 0x00, 0x00, 0x00, 0x00, 0x00, 0x00, 0x00, 0x00, 0x1A, 0x40, 0x00, 0x0F, 0xFF, 0xC0,
    0x01, 0xFF, 0xFF, 0x80, 0x2F, 0xFF, 0xFE, 0x01, 0xFF, 0x42, 0xF0, 0x0F, 0xF4, 0x00, 0x40, 0xBF,
    0xC0, 0x00, 0x03, 0xFD, 0x00, 0x00, 0x1F, 0xF0, 0x00, 0x00, 0xBF, 0xC0, 0x00, 0x03, 0xFE, 0x00,
    0x00, 0x0F, 0xF8, 0x00, 0x00, 0x3F, 0xF0, 0x00, 0x80, 0xFF, 0xC0, 0x1F, 0x43, 0xFF, 0xEB, 0xFD,
    0x07, 0xFF, 0xFF, 0xF0, 0x0F, 0xFF, 0xFE, 0x00, 0x0B, 0xFF, 0x80, 0x00, 0x01, 0x40, 0x00, 0x00,
    0x00, 0x00, 0x28, 0x00, 0x1E, 0x00, 0x00, 0x2F, 0x80, 0x2F, 0xD0, 0x00, 0x07, 0xF4, 0x3F, 0xC0,
    0x00, 0x00, 0xBF, 0x7F, 0xC0, 0x00, 0x00, 0x0F, 0xFF, 0xC0, 0x00, 0x00, 0x00, 0xFF, 0xC0, 0x00,
    0x00, 0x00, 0x0F, 0x80, 0x00, 0x00, 0x00, 0x00, 0x00, 0x00, 0x00, 0x00, 0x00, 0x55, 0x00, 0x00,
    0x00, 0x1B, 0xFF, 0xFE, 0x40, 0x00, 0x3F, 0xFF, 0xFF, 0xF4, 0x00, 0x7F, 0xFF, 0xFF, 0xFC, 0x00,
    0xBF, 0xFE, 0x41, 0xFF, 0x00, 0x7F, 0xF4, 0x00, 0x2F, 0xC0, 0x3F, 0xF0, 0x00, 0x0B, 0xE0, 0x3F,
    0xF4, 0x00, 0x03, 0xF0, 0x1F, 0xF8, 0x00, 0x00, 0x50, 0x0F, 0xFD, 0x00, 0x00, 0x00, 0x03, 0xFF,
    0x00, 0x00, 0x00, 0x01, 0xFF, 0x80, 0x00, 0x00, 0x00, 0xBF, 0xE0, 0x00, 0x00, 0x00, 0x3F, 0xF8,
    0x00, 0x00, 0x00, 0x0F, 0xFE, 0x00, 0x00, 0x00, 0x03, 0xFF, 0x80, 0x00, 0x00, 0x00, 0xFF, 0xF0,
    0x00, 0x00, 0x00, 0x2F, 0xFC, 0x00, 0x00, 0x08, 0x0B, 0xFF, 0xC0, 0x00, 0x1F, 0x00, 0xFF, 0xFD,
    0x00, 0x6F, 0xC0, 0x3F, 0xFF, 0xFF, 0xFF, 0xF0, 0x03, 0xFF, 0xFF, 0xFF, 0xF0, 0x00, 0x3F, 0xFF,
    0xFF, 0xE0, 0x00, 0x01, 0xFF, 0xFF, 0x80, 0x00, 0x00, 0x00, 0x54, 0x00, 0x00, 0x00, 0x00, 0x01,
    0x00, 0x06, 0x00, 0x00, 0xF8, 0x02, 0xF8, 0x00, 0x0F, 0xC0, 0xBE, 0x00, 0x00, 0xBF, 0x2F, 0xC0,
    0x00, 0x03, 0xFF, 0xF0, 0x00, 0x00, 0x2F, 0xFC, 0x00, 0x00, 0x00, 0xFF, 0x40, 0x00, 0x00, 0x07,
    0xD0, 0x00, 0x00, 0x00, 0x00, 0x00, 0x00, 0x00, 0x00, 0x00, 0x00, 0x00, 0x00, 0x1A, 0x40, 0x00,
    0x00, 0x3F, 0xFF, 0x00, 0x00, 0x1F, 0xFF, 0xF8, 0x00, 0x0B, 0xFF, 0xFF, 0x80, 0x01, 0xFF, 0x42,
    0xF0, 0x00, 0x3F, 0xD0, 0x01, 0x00, 0x0B, 0xFC, 0x00, 0x00, 0x00, 0xFF, 0x40, 0x00, 0x00, 0x1F,
    0xF0, 0x00, 0x00, 0x02, 0xFF, 0x00, 0x00, 0x00, 0x3F, 0xE0, 0x00, 0x00, 0x03, 0xFE, 0x00, 0x00,
    0x00, 0x3F, 0xF0, 0x00, 0x80, 0x03, 0xFF, 0x00, 0x7D, 0x00, 0x3F, 0xFE, 0xBF, 0xD0, 0x01, 0xFF,
    0xFF, 0xFC, 0x00, 0x0F, 0xFF, 0xFE, 0x00, 0x00, 0x2F, 0xFE, 0x00, 0x00, 0x00, 0x14, 0x00, 0x00,
    0x00, 0x00, 0x00, 0x01, 0x90, 0x00, 0xB4, 0x00, 0x00, 0x00, 0x3F, 0x00, 0x3F, 0x80, 0x00, 0x00,
    0x02, 0xFC, 0x1F, 0xE0, 0x00, 0x00, 0x00, 0x0F, 0xF7, 0xF4, 0x00, 0x00, 0x00, 0x00, 0x7F, 0xFD,
    0x00, 0x00, 0x00, 0x00, 0x02, 0xFF, 0x40, 0x00, 0x00, 0x00, 0x00, 0x0B, 0xD0, 0x00, 0x00, 0x00,
    0x00, 0x00, 0x00, 0x00, 0x00, 0x00, 0x00, 0x05, 0x55, 0x40, 0x00, 0x00, 0x00, 0xBF, 0xFF, 0xFF,
    0xD0, 0x00, 0x00, 0x7F, 0xFF, 0xFF, 0xFF, 0xD0, 0x00, 0x0B, 0xFF, 0xFF, 0xFF, 0xFF, 0x80, 0x00,
    0x65, 0xFF, 0x81, 0xBF, 0xFD, 0x00, 0x00, 0x1F, 0xF4, 0x01, 0xFF, 0xF0, 0x00, 0x02, 0xFF, 0x00,
    0x03, 0xFF, 0x40, 0x00, 0x3F, 0xF0, 0x00, 0x2F, 0xFC, 0x00, 0x03, 0xFF, 0x00, 0x01, 0xFF, 0xC0,
    0x00, 0x7F, 0xE0, 0x00, 0x0F, 0xFC, 0x00, 0x07, 0xFD, 0x00, 0x00, 0xFF, 0xC0, 0x00, 0xBF, 0xC0,
    0x00, 0x0F, 0xFC, 0x00, 0x0F, 0xFC, 0x00, 0x00, 0xFF, 0xC0, 0x00, 0xFF, 0xC0, 0x00, 0x1F, 0xFC,
    0x00, 0x1F, 0xF8, 0x00, 0x02, 0xFF, 0x80, 0x02, 0xFF, 0x40, 0x00, 0x3F, 0xF4, 0x00, 0x2F, 0xF0,
    0x00, 0x07, 0xFF, 0x00, 0x03, 0xFF, 0x00, 0x00, 0xFF, 0xD0, 0x00, 0x3F, 0xF0, 0x00, 0x3F, 0xF8,
    0x00, 0x07, 0xFE, 0x00, 0x1F, 0xFF, 0x00, 0x00, 0xBF, 0xE5, 0x6F, 0xFF, 0xC0, 0x00, 0x7F, 0xFF,
    0xFF, 0xFF, 0xE0, 0x00, 0x2F, 0xFF, 0xFF, 0xFF, 0xE0, 0x00, 0x03, 0xFF, 0xFF, 0xFF, 0x90, 0x00,
    0x00, 0x00, 0x00, 0x00, 0x00, 0x00, 0x00, 0x00, 0x00, 0x00, 0x00, 0x01, 0x50, 0x05, 0x00, 0x00,
    0x00, 0x2F, 0xFF, 0x07, 0xE0, 0x00, 0x00, 0x2F, 0xFF, 0xC2, 0xF8, 0x00, 0x00, 0x0B, 0xFF, 0xF0,
    0xFD, 0x00, 0x00, 0x00, 0x0B, 0xFC, 0x3F, 0x00, 0x00, 0x00, 0x03, 0xFE, 0x1F, 0x40, 0x00, 0x00,
    0x00, 0xFF, 0x4B, 0xC0, 0x00, 0x00, 0x00, 0x3F, 0xC2, 0xD0, 0x00, 0x00, 0x69, 0x1F, 0xF0, 0x10,
    0x00, 0x01, 0xFF, 0xFB, 0xF8, 0x00, 0x00, 0x02, 0xFF, 0xFF, 0xFD, 0x00, 0x00, 0x02, 0xFF, 0xEF,
    0xFF, 0x00, 0x00, 0x01, 0xFF, 0x80, 0xBF, 0xC0, 0x00, 0x00, 0xFF, 0x80, 0x2F, 0xE0, 0x00, 0x00,
    0xBF, 0xC0, 0x0F, 0xF4, 0x00, 0x00, 0x3F, 0xE0, 0x03, 0xFC, 0x00, 0x00, 0x1F, 0xF0, 0x01, 0xFF,
    0x00, 0x00, 0x0B, 0xFC, 0x00, 0xFF, 0x80, 0x00, 0x03, 0xFE, 0x00, 0x7F, 0xE0, 0x00, 0x00, 0xFF,
    0x80, 0x3F, 0xF4, 0x00, 0x00, 0x3F, 0xE0, 0x2F, 0xFC, 0x00, 0x00, 0x0F, 0xF8, 0x2F, 0xBF, 0x0B,
    0x00, 0x03, 0xFF, 0x6F, 0x9F, 0xFF, 0xC0, 0x00, 0xBF, 0xFF, 0x87, 0xFF, 0xE0, 0x00, 0x1F, 0xFF,
    0x81, 0xFF, 0xE0, 0x00, 0x02, 0xFF, 0x80, 0x3F, 0xD0, 0x00, 0x00, 0x05, 0x00, 0x01, 0x00, 0x00,
    0x00, 0x00, 0x00, 0x05, 0x55, 0x40, 0x00, 0x00, 0x00, 0xBF, 0xFF, 0xFF, 0xD0, 0x00, 0x00, 0x7F,
    0xFF, 0xFF, 0xFF, 0xD0, 0x00, 0x0B, 0xFF, 0xFF, 0xFF, 0xFF, 0x80, 0x00, 0x65, 0xFF, 0x81, 0xBF,
    0xFD, 0x00, 0x00, 0x1F, 0xF4, 0x01, 0xFF, 0xF0, 0x00, 0x02, 0xFF, 0x00, 0x03, 0xFF, 0x40, 0x00,
    0x3F, 0xF0, 0x00, 0x2F, 0xFC, 0x00, 0x03, 0xFF, 0x00, 0x01, 0xFF, 0xC0, 0x00, 0x7F, 0xE0, 0x00,
    0x0F, 0xFC, 0x00, 0x07, 0xFD, 0x00, 0x00, 0xFF, 0xC0, 0x2A, 0xFF, 0xEA, 0x90, 0x0F, 0xFC, 0x0B,
    0xFF, 0xFF, 0xFE, 0x00, 0xFF, 0xC0, 0xAB, 0xFF, 0xEA, 0x80, 0x1F, 0xFC, 0x00, 0x1F, 0xF8, 0x00,
    0x02, 0xFF, 0x80, 0x02, 0xFF, 0x40, 0x00, 0x3F, 0xF4, 0x00, 0x3F, 0xF0, 0x00, 0x07, 0xFF, 0x00,
    0x03, 0xFF, 0x00, 0x00, 0xFF, 0xD0, 0x00, 0x3F, 0xF0, 0x00, 0x3F, 0xF8, 0x00, 0x07, 0xFE, 0x00,
    0x1F, 0xFF, 0x00, 0x00, 0xBF, 0xE5, 0x6F, 0xFF, 0xC0, 0x00, 0x7F, 0xFF, 0xFF, 0xFF, 0xE0, 0x00,
    0x2F, 0xFF, 0xFF, 0xFF, 0xE0, 0x00, 0x03, 0xFF, 0xFF, 0xFF, 0x90, 0x00, 0x00, 0x00, 0x00, 0x00,
    0x00, 0x00, 0x00, 0x00, 0x00, 0x00, 0x00, 0x01, 0x50, 0x00, 0x00, 0x00, 0x0B, 0xFF, 0xC0, 0x00,
    0x00, 0x02, 0xFF, 0xFC, 0x00, 0x00, 0x00, 0x2A, 0xFF, 0xC0, 0x00, 0x00, 0x00, 0x0B, 0xF8, 0x00,
    0x00, 0x00, 0xAA, 0xFF, 0xE8, 0x00, 0x00, 0x0F, 0xFF, 0xFF, 0xC0, 0x00, 0x00, 0xAA, 0xFF, 0xA4,
    0x00, 0x00, 0x00, 0x1F, 0xF0, 0x00, 0x00, 0x1F, 0xF6, 0xFE, 0x00, 0x00, 0x0F, 0xFF, 0xFF, 0xD0,
    0x00, 0x07, 0xFF, 0xFF, 0xFC, 0x00, 0x00, 0xFF, 0xC0, 0xFF, 0xC0, 0x00, 0x3F, 0xF0, 0x0B, 0xF8,
    0x00, 0x07, 0xFC, 0x00, 0xFF, 0x40, 0x00, 0xFF, 0x80, 0x0F, 0xF0, 0x00, 0x0F, 0xF4, 0x01, 0xFF,
    0x00, 0x02, 0xFF, 0x00, 0x3F, 0xE0, 0x00, 0x3F, 0xF0, 0x07, 0xFD, 0x00, 0x03, 0xFE, 0x00, 0xFF,
    0xD0, 0x00, 0x3F, 0xE0, 0x2F, 0xFC, 0x00, 0x03, 0xFE, 0x0B, 0xEF, 0xC2, 0xC0, 0x3F, 0xF6, 0xF9,
    0xFF, 0xFC, 0x02, 0xFF, 0xFE, 0x1F, 0xFF, 0x80, 0x1F, 0xFF, 0x81, 0xFF, 0xE0, 0x00, 0xBF, 0xE0,
    0x0F, 0xF4, 0x00, 0x00, 0x50, 0x00, 0x10, 0x00, 0x00, 0x00, 0x00, 0x01, 0x55, 0x55, 0x40, 0x00,
    0x00, 0x0F, 0xFF, 0xFF, 0x00, 0x00, 0x00, 0x7F, 0xFF, 0xFC, 0x00, 0x00, 0x00, 0xAA, 0xAA, 0x90,
    0x00, 0x00, 0x00, 0x00, 0x00, 0x00, 0x00, 0x00, 0x00, 0x00, 0x00, 0x00, 0x00, 0x00, 0x00, 0x00,
    0x00, 0x00, 0x03, 0xFF, 0xFF, 0xFF, 0xFD, 0x00, 0x2F, 0xFF, 0xFF, 0xFF, 0xF4, 0x00, 0x7F, 0xFF,
    0xFF, 0xFF, 0xC0, 0x00, 0x0F, 0xF8, 0x05, 0xBF, 0x00, 0x00, 0x7F, 0xD0, 0x01, 0xFC, 0x00, 0x02,
    0xFF, 0x00, 0x07, 0xE0, 0x00, 0x0F, 0xFC, 0x00, 0x1F, 0x00, 0x00, 0x3F, 0xF0, 0x00, 0x00, 0x00,
    0x01, 0xFF, 0x80, 0x00, 0x00, 0x00, 0x07, 0xFD, 0x00, 0x00, 0x00, 0x00, 0x2F, 0xFF, 0xFF, 0xE0,
    0x00, 0x00, 0xFF, 0xFF, 0xFF, 0x40, 0x00, 0x03, 0xFF, 0xFF, 0xFC, 0x00, 0x00, 0x1F, 0xF8, 0x00,
    0x00, 0x00, 0x00, 0xBF, 0xD0, 0x00, 0x00, 0x00, 0x03, 0xFF, 0x00, 0x00, 0x00, 0x00, 0x0F, 0xFC,
    0x00, 0x0B, 0x80, 0x00, 0x3F, 0xE0, 0x00, 0x7F, 0x00, 0x01, 0xFF, 0x40, 0x03, 0xF8, 0x00, 0x0B,
    0xFD, 0x00, 0x6F, 0xD0, 0x01, 0xFF, 0xFF, 0xFF, 0xFF, 0x00, 0x2F, 0xFF, 0xFF, 0xFF, 0xFC, 0x00,
    0xFF, 0xFF, 0xFF, 0xFF, 0xD0, 0x00, 0x00, 0x0A, 0xAA, 0xAA, 0x00, 0x03, 0xFF, 0xFF, 0xC0, 0x01,
    0xFF, 0xFF, 0xE0, 0x00, 0x15, 0x55, 0x50, 0x00, 0x00, 0x00, 0x00, 0x00, 0x00, 0x00, 0x00, 0x00,
    0x00, 0x01, 0xA4, 0x00, 0x00, 0x1F, 0xFF, 0xC0, 0x00, 0x2F, 0xFF, 0xF8, 0x00, 0x2F, 0xE6, 0xFF,
    0x00, 0x1F, 0xD0, 0x3F, 0xC0, 0x0F, 0xE0, 0x1F, 0xE0, 0x0B, 0xF0, 0x0F, 0xF0, 0x03, 0xF8, 0x0B,
    0xF4, 0x01, 0xFD, 0x1F, 0xF4, 0x00, 0xBF, 0xBF, 0xF4, 0x00, 0x3F, 0xFF, 0xE0, 0x00, 0x0F, 0xFF,
    0x40, 0x00, 0x03, 0xFD, 0x00, 0x09, 0x00, 0xFF, 0x40, 0x1F, 0xC0, 0x3F, 0xF5, 0x7F, 0xE0, 0x07,
    0xFF, 0xFF, 0xF0, 0x00, 0xFF, 0xFF, 0xE0, 0x00, 0x0B, 0xFF, 0x80, 0x00, 0x00, 0x14, 0x00, 0x00,
    0x00, 0x00, 0x00, 0x00, 0x00, 0x00, 0x00, 0x00, 0x00, 0x0B, 0x80, 0x03, 0x00, 0x00, 0x00, 0x3F,
    0x00, 0x7C, 0x00, 0x00, 0x00, 0xFF, 0xAF, 0xE0, 0x00, 0x00, 0x02, 0xFF, 0xFE, 0x00, 0x00, 0x00,
    0x02, 0xFF, 0xD0, 0x00, 0x00, 0x00, 0x00, 0x10, 0x00, 0x00, 0x00, 0x00, 0x00, 0x00, 0x00, 0x00,
    0x00, 0x00, 0x00, 0x00, 0x00, 0x00, 0x3F, 0xFF, 0xFF, 0xFF, 0xD0, 0x02, 0xFF, 0xFF, 0xFF, 0xFF,
    0x40, 0x07, 0xFF, 0xFF, 0xFF, 0xFC, 0x00, 0x00, 0xFF, 0x80, 0x5B, 0xF0, 0x00, 0x07, 0xFD, 0x00,
    0x1F, 0xC0, 0x00, 0x2F, 0xF0, 0x00, 0x7E, 0x00, 0x00, 0xFF, 0xC0, 0x01, 0xF0, 0x00, 0x03, 0xFF,
    0x00, 0x00, 0x00, 0x00, 0x1F, 0xF8, 0x00, 0x00, 0x00, 0x00, 0x7F, 0xD0, 0x00, 0x00, 0x00, 0x02,
    0xFF, 0xFF, 0xFE, 0x00, 0x00, 0x0F, 0xFF, 0xFF, 0xF4, 0x00, 0x00, 0x3F, 0xFF, 0xFF, 0xC0, 0x00,
    0x01, 0xFF, 0x80, 0x00, 0x00, 0x00, 0x0B, 0xFD, 0x00, 0x00, 0x00, 0x00, 0x3F, 0xF0, 0x00, 0x00,
    0x00, 0x00, 0xFF, 0xC0, 0x00, 0xB8, 0x00, 0x03, 0xFE, 0x00, 0x07, 0xF0, 0x00, 0x1F, 0xF4, 0x00,
    0x3F, 0x80, 0x00, 0xBF, 0xD0, 0x06, 0xFD, 0x00, 0x1F, 0xFF, 0xFF, 0xFF, 0xF0, 0x02, 0xFF, 0xFF,
    0xFF, 0xFF, 0xC0, 0x0F, 0xFF, 0xFF, 0xFF, 0xFD, 0x00, 0x00, 0x02, 0x00, 0x01, 0x00, 0x03, 0xE0,
    0x01, 0xC0, 0x01, 0xFD, 0x02, 0xF0, 0x00, 0x3F, 0xFF, 0xF4, 0x00, 0x07, 0xFF, 0xF4, 0x00, 0x00,
    0x2F, 0xE0, 0x00, 0x00, 0x00, 0x00, 0x00, 0x00, 0x00, 0x00, 0x00, 0x00, 0x00, 0x1A, 0x40, 0x00,
    0x01, 0xFF, 0xFC, 0x00, 0x02, 0xFF, 0xFF, 0x80, 0x02, 0xFE, 0x6F, 0xF0, 0x01, 0xFD, 0x03, 0xFC,
    0x00, 0xFE, 0x01, 0xFE, 0x00, 0xBF, 0x00, 0xFF, 0x00, 0x3F, 0x80, 0xBF, 0x40, 0x1F, 0xD1, 0xFF,
    0x40, 0x0B, 0xFB, 0xFF, 0x40, 0x03, 0xFF, 0xFE, 0x00, 0x00, 0xFF, 0xF4, 0x00, 0x00, 0x3F, 0xD0,
    0x00, 0x90, 0x0F, 0xF4, 0x01, 0xFC, 0x03, 0xFF, 0x57, 0xFE, 0x00, 0x7F, 0xFF, 0xFF, 0x00, 0x0F,
    0xFF, 0xFE, 0x00, 0x00, 0xBF, 0xF8, 0x00, 0x00, 0x01, 0x40, 0x00, 0x00, 0x00, 0x00, 0x00, 0x00,
    0x00, 0x00, 0x00, 0x00, 0x00, 0x0F, 0xC0, 0x00, 0x00, 0x00, 0x00, 0xFF, 0x40, 0x00, 0x00, 0x00,
    0x0B, 0xFD, 0x00, 0x00, 0x00, 0x00, 0x2F, 0xF0, 0x00, 0x00, 0x00, 0x00, 0x7F, 0x00, 0x00, 0x00,
    0x00, 0x00, 0x00, 0x00, 0x00, 0x00, 0x00, 0x00, 0x00, 0x00, 0x00, 0x00, 0x00, 0x00, 0x00, 0x00,
    0x00, 0x3F, 0xFF, 0xFF, 0xFF, 0xD0, 0x02, 0xFF, 0xFF, 0xFF, 0xFF, 0x40, 0x07, 0xFF, 0xFF, 0xFF,
    0xFC, 0x00, 0x00, 0xFF, 0x80, 0x5B, 0xF0, 0x00, 0x07, 0xFD, 0x00, 0x1F, 0xC0, 0x00, 0x2F, 0xF0,
    0x00, 0x7E, 0x00, 0x00, 0xFF, 0xC0, 0x01, 0xF0, 0x00, 0x03, 0xFF, 0x00, 0x00, 0x00, 0x00, 0x1F,
    0xF8, 0x00, 0x00, 0x00, 0x00, 0x7F, 0xD0, 0x00, 0x00, 0x00, 0x02, 0xFF, 0xFF, 0xFE, 0x00, 0x00,
    0x0F, 0xFF, 0xFF, 0xF4, 0x00, 0x00, 0x3F, 0xFF, 0xFF, 0xC0, 0x00, 0x01, 0xFF, 0x80, 0x00, 0x00,
    0x00, 0x0B, 0xFD, 0x00, 0x00, 0x00, 0x00, 0x3F, 0xF0, 0x00, 0x00, 0x00, 0x00, 0xFF, 0xC0, 0x00,
    0xB8, 0x00, 0x03, 0xFE, 0x00, 0x07, 0xF0, 0x00, 0x1F, 0xF4, 0x00, 0x3F, 0x80, 0x00, 0xBF, 0xD0,
    0x06, 0xFD, 0x00, 0x1F, 0xFF, 0xFF, 0xFF, 0xF0, 0x02, 0xFF, 0xFF, 0xFF, 0xFF, 0xC0, 0x0F, 0xFF,
    0xFF, 0xFF, 0xFD, 0x00, 0x00, 0x00, 0x0A, 0x40, 0x00, 0x00, 0xFF, 0x40, 0x00, 0x07, 0xFD, 0x00,
    0x00, 0x2F, 0xF0, 0x00, 0x00, 0x7F, 0x40, 0x00, 0x00, 0x10, 0x00, 0x00, 0x00, 0x00, 0x00, 0x00,
    0x00, 0x00, 0x00, 0x00, 0x1A, 0x40, 0x00, 0x1F, 0xFF, 0xC0, 0x02, 0xFF, 0xFF, 0x80, 0x2F, 0xE6,
    0xFF, 0x01, 0xFD, 0x03, 0xFC, 0x0F, 0xE0, 0x1F, 0xE0, 0xBF, 0x00, 0xFF, 0x03, 0xF8, 0x0B, 0xF4,
    0x1F, 0xD1, 0xFF, 0x40, 0xBF, 0xBF, 0xF4, 0x03, 0xFF, 0xFE, 0x00, 0x0F, 0xFF, 0x40, 0x00, 0x3F,
    0xD0, 0x00, 0x90, 0xFF, 0x40, 0x1F, 0xC3, 0xFF, 0x57, 0xFE, 0x07, 0xFF, 0xFF, 0xF0, 0x0F, 0xFF,
    0xFE, 0x00, 0x0B, 0xFF, 0x80, 0x00, 0x01, 0x40, 0x00, 0x00, 0x00, 0x0F, 0xFF, 0xFF, 0xFF, 0xF4,
    0x00, 0xBF, 0xFF, 0xFF, 0xFF, 0xD0, 0x01, 0xFF, 0xFF, 0xFF, 0xFF, 0x00, 0x00, 0x3F, 0xE0, 0x16,
    0xFC, 0x00, 0x01, 0xFF, 0x40, 0x07, 0xF0, 0x00, 0x0B, 0xFC, 0x00, 0x1F, 0x80, 0x00, 0x3F, 0xF0,
    0x00, 0x7C, 0x00, 0x00, 0xFF, 0xC0, 0x00, 0x00, 0x00, 0x07, 0xFE, 0x00, 0x00, 0x00, 0x00, 0x1F,
    0xF4, 0x00, 0x00, 0x00, 0x00, 0xBF, 0xFF, 0xFF, 0x80, 0x00, 0x03, 0xFF, 0xFF, 0xFD, 0x00, 0x00,
    0x0F, 0xFF, 0xFF, 0xF0, 0x00, 0x00, 0x7F, 0xE0, 0x00, 0x00, 0x00, 0x02, 0xFF, 0x40, 0x00, 0x00,
    0x00, 0x0F, 0xFC, 0x00, 0x00, 0x00, 0x00, 0x3F, 0xF0, 0x00, 0x2E, 0x00, 0x00, 0xFF, 0x80, 0x01,
    0xFC, 0x00, 0x07, 0xFD, 0x00, 0x0F, 0xE0, 0x00, 0x2F, 0xF4, 0x01, 0xBF, 0x40, 0x07, 0xFF, 0xFF,
    0xFF, 0xFC, 0x00, 0xBF, 0xFF, 0xFF, 0xFF, 0xF0, 0x03, 0xFF, 0xFF, 0xFF, 0xFF, 0x40, 0x00, 0x00,
    0x00, 0x02, 0xF4, 0x00, 0x00, 0x00, 0x00, 0x3F, 0x00, 0x00, 0x00, 0x00, 0x02, 0xF4, 0x00, 0x00,
    0x00, 0x00, 0x0F, 0xC0, 0x00, 0x00, 0x00, 0x00, 0x3F, 0xEA, 0x00, 0x00, 0x00, 0x00, 0xBF, 0xF8,
    0x00, 0x00, 0x00, 0x00, 0xBF, 0x80, 0x00, 0x00, 0x00, 0x1A, 0x40, 0x00, 0x1F, 0xFF, 0xC0, 0x02,
    0xFF, 0xFF, 0x80, 0x2F, 0xE6, 0xFF, 0x01, 0xFD, 0x03, 0xFC, 0x0F, 0xE0, 0x1F, 0xE0, 0xBF, 0x00,
    0xFF, 0x03, 0xF8, 0x0B, 0xF4, 0x1F, 0xD1, 0xFF, 0x40, 0xBF, 0xBF, 0xF4, 0x03, 0xFF, 0xFE, 0x00,
    0x0F, 0xFF, 0x40, 0x00, 0x3F, 0xD0, 0x00, 0x90, 0xFF, 0x40, 0x1F, 0xC3, 0xFF, 0x57, 0xFE, 0x07,
    0xFF, 0xFF, 0xF0, 0x0F, 0xFF, 0xFE, 0x00, 0x0B, 0xFF, 0xE0, 0x00, 0x01, 0x7D, 0x00, 0x00, 0x02,
    0xE0, 0x00, 0x00, 0x1F, 0x00, 0x00, 0x00, 0xBC, 0x00, 0x00, 0x03, 0xF9, 0x50, 0x00, 0x0B, 0xFF,
    0x40, 0x00, 0x0B, 0xF4, 0x00, 0x00, 0x00, 0x02, 0x80, 0x01, 0xE0, 0x00, 0x00, 0x3F, 0x40, 0x3F,
    0xC0, 0x00, 0x00, 0x7F, 0x03, 0xFC, 0x00, 0x00, 0x00, 0xFF, 0x7F, 0x80, 0x00, 0x00, 0x00, 0xFF,
    0xF8, 0x00, 0x00, 0x00, 0x01, 0xFF, 0x80, 0x00, 0x00, 0x00, 0x01, 0xF8, 0x00, 0x00, 0x00, 0x00,
    0x00, 0x00, 0x00, 0x00, 0x00, 0x00, 0x00, 0x00, 0x00, 0x00, 0x3F, 0xFF, 0xFF, 0xFF, 0xD0, 0x02,
    0xFF, 0xFF, 0xFF, 0xFF, 0x40, 0x07, 0xFF, 0xFF, 0xFF, 0xFC, 0x00, 0x00, 0xFF, 0x80, 0x5B, 0xF0,
    0x00, 0x07, 0xFD, 0x00, 0x1F, 0xC0, 0x00, 0x2F, 0xF0, 0x00, 0x7E, 0x00, 0x00, 0xFF, 0xC0, 0x01,
    0xF0, 0x00, 0x03, 0xFF, 0x00, 0x00, 0x00, 0x00, 0x1F, 0xF8, 0x00, 0x00, 0x00, 0x00, 0x7F, 0xD0,
    0x00, 0x00, 0x00, 0x02, 0xFF, 0xFF, 0xFE, 0x00, 0x00, 0x0F, 0xFF, 0xFF, 0xF4, 0x00, 0x00, 0x3F,
    0xFF, 0xFF, 0xC0, 0x00, 0x01, 0xFF, 0x80, 0x00, 0x00, 0x00, 0x0B, 0xFD, 0x00, 0x00, 0x00, 0x00,
    0x3F, 0xF0, 0x00, 0x00, 0x00, 0x00, 0xFF, 0xC0, 0x00, 0xB8, 0x00, 0x03, 0xFE, 0x00, 0x07, 0xF0,
    0x00, 0x1F, 0xF4, 0x00, 0x3F, 0x80, 0x00, 0xBF, 0xD0, 0x06, 0xFD, 0x00, 0x1F, 0xFF, 0xFF, 0xFF,
    0xF0, 0x02, 0xFF, 0xFF, 0xFF, 0xFF, 0xC0, 0x0F, 0xFF, 0xFF, 0xFF, 0xFD, 0x00, 0x00, 0x01, 0x00,
    0x06, 0x00, 0x00, 0xF8, 0x02, 0xF8, 0x00, 0x0F, 0xC0, 0xBE, 0x00, 0x00, 0xBF, 0x2F, 0xC0, 0x00,
    0x03, 0xFF, 0xF0, 0x00, 0x00, 0x2F, 0xFC, 0x00, 0x00, 0x00, 0xFF, 0x40, 0x00, 0x00, 0x07, 0xD0,
    0x00, 0x00, 0x00, 0x00, 0x00, 0x00, 0x00, 0x00, 0x00, 0x00, 0x00, 0x00, 0x1A, 0x40, 0x00, 0x00,
    0x7F, 0xFF, 0x00, 0x00, 0x2F, 0xFF, 0xF8, 0x00, 0x0B, 0xF9, 0xBF, 0xC0, 0x01, 0xFD, 0x03, 0xFC,
    0x00, 0x3F, 0x80, 0x7F, 0x80, 0x0B, 0xF0, 0x0F, 0xF0, 0x00, 0xFE, 0x02, 0xFD, 0x00, 0x1F, 0xD1,
    0xFF, 0x40, 0x02, 0xFE, 0xFF, 0xD0, 0x00, 0x3F, 0xFF, 0xE0, 0x00, 0x03, 0xFF, 0xD0, 0x00, 0x00,
    0x3F, 0xD0, 0x00, 0x90, 0x03, 0xFD, 0x00, 0x7F, 0x00, 0x3F, 0xF5, 0x7F, 0xE0, 0x01, 0xFF, 0xFF,
    0xFC, 0x00, 0x0F, 0xFF, 0xFE, 0x00, 0x00, 0x2F, 0xFE, 0x00, 0x00, 0x00, 0x14, 0x00, 0x00, 0x00,
    0x00, 0x00, 0x00, 0x0B, 0x80, 0x00, 0x00, 0x00, 0x03, 0xFE, 0x00, 0x00, 0x00, 0x00, 0xFF, 0xF8,
    0x00, 0x00, 0x00, 0x3F, 0xEF, 0xD0, 0x00, 0x00, 0x1F, 0xF0, 0xBF, 0x00, 0x00, 0x07, 0xFC, 0x03,
    0xF0, 0x00, 0x00, 0x29, 0x00, 0x09, 0x00, 0x00, 0x00, 0x00, 0x00, 0x00, 0x00, 0x00, 0x00, 0x55,
    0x40, 0x00, 0x00, 0x06, 0xFF, 0xFF, 0xE4, 0x00, 0x02, 0xFF, 0xFF, 0xFF, 0xD0, 0x01, 0xFF, 0xFF,
    0xFF, 0xFC, 0x00, 0xBF, 0xFD, 0x00, 0x7F, 0xC0, 0x1F, 0xFD, 0x00, 0x02, 0xFC, 0x03, 0xFF, 0x00,
    0x00, 0x3F, 0x80, 0xFF, 0xD0, 0x00, 0x03, 0xF0, 0x1F, 0xFC, 0x00, 0x00, 0x14, 0x03, 0xFF, 0x40,
    0x00, 0x00, 0x00, 0x3F, 0xF0, 0x00, 0x00, 0x00, 0x07, 0xFE, 0x00, 0x00, 0x00, 0x00, 0xBF, 0xE0,
    0x00, 0x00, 0x00, 0x0F, 0xFE, 0x00, 0x0F, 0xFF, 0xFE, 0xFF, 0xE0, 0x00, 0xFF, 0xFF, 0xDF, 0xFE,
    0x00, 0x0B, 0xFF, 0xF8, 0xFF, 0xF0, 0x00, 0x03, 0xFF, 0x0B, 0xFF, 0x00, 0x00, 0x3F, 0xE0, 0x7F,
    0xF8, 0x00, 0x03, 0xFD, 0x03, 0xFF, 0xE0, 0x00, 0x7F, 0xC0, 0x1F, 0xFF, 0xE5, 0x5F, 0xFC, 0x00,
    0xBF, 0xFF, 0xFF, 0xFF, 0xC0, 0x01, 0xFF, 0xFF, 0xFF, 0xF4, 0x00, 0x02, 0xFF, 0xFF, 0xE4, 0x00,
    0x00, 0x00, 0x15, 0x00, 0x00, 0x00, 0x00, 0x00, 0x00, 0x00, 0x00, 0x00, 0x00, 0x00, 0x00, 0x0B,
    0xD0, 0x00, 0x00, 0x00, 0x00, 0xFF, 0xC0, 0x00, 0x00, 0x00, 0x0B, 0xFF, 0x40, 0x00, 0x00, 0x00,
    0xBF, 0xBF, 0x00, 0x00, 0x00, 0x07, 0xF0, 0xFD, 0x00, 0x00, 0x00, 0x7F, 0x01, 0xF8, 0x00, 0x00,
    0x03, 0xF4, 0x02, 0xD0, 0x00, 0x00, 0x00, 0x00, 0x00, 0x00, 0x00, 0x00, 0x00, 0x00, 0x00, 0x00,
    0x00, 0x00, 0x1A, 0x94, 0x00, 0x00, 0x00, 0x0F, 0xFF, 0xFF, 0xFD, 0x00, 0x01, 0xFF, 0xFF, 0xFF,
    0xF0, 0x00, 0x1F, 0xF8, 0x2F, 0xEA, 0x40, 0x00, 0xFF, 0x80, 0x7F, 0xC0, 0x00, 0x03, 0xFC, 0x00,
    0xFF, 0x00, 0x00, 0x1F, 0xF0, 0x07, 0xFC, 0x00, 0x00, 0x7F, 0x80, 0x3F, 0xE0, 0x00, 0x00, 0xFF,
    0x01, 0xFF, 0x00, 0x00, 0x03, 0xFE, 0x6F, 0xF4, 0x00, 0x00, 0x03, 0xFF, 0xFF, 0x00, 0x00, 0x00,
    0x02, 0xFF, 0x90, 0x00, 0x00, 0x00, 0x2F, 0xE0, 0x00, 0x00, 0x00, 0x02, 0xFD, 0x00, 0x00, 0x00,
    0x00, 0x0F, 0xFD, 0x00, 0x00, 0x00, 0x00, 0x2F, 0xFF, 0x80, 0x00, 0x00, 0x07, 0xFF, 0xFF, 0xE0,
    0x00, 0x01, 0xFF, 0xEF, 0xFF, 0xF4, 0x00, 0x1F, 0xF4, 0x02, 0xFF, 0xF0, 0x00, 0xFF, 0x00, 0x00,
    0xFF, 0xD0, 0x03, 0xFC, 0x00, 0x00, 0xFF, 0x00, 0x0F, 0xF4, 0x00, 0x0B, 0xFC, 0x00, 0x3F, 0xF9,
    0x05, 0xFF, 0xD0, 0x00, 0x7F, 0xFF, 0xFF, 0xFD, 0x00, 0x00, 0x3F, 0xFF, 0xFF, 0x80, 0x00, 0x00,
    0x06, 0xFE, 0x90, 0x00, 0x00, 0x00, 0x00, 0x01, 0x00, 0x00, 0x00, 0x00, 0x00, 0xF4, 0x00, 0x70,
    0x00, 0x00, 0x1F, 0xC0, 0x2F, 0x00, 0x00, 0x01, 0xFF, 0xAF, 0xD0, 0x00, 0x00, 0x0F, 0xFF, 0xF4,
    0x00, 0x00, 0x00, 0x2F, 0xFD, 0x00, 0x00, 0x00, 0x00, 0x04, 0x00, 0x00, 0x00, 0x00, 0x00, 0x00,
    0x00, 0x00, 0x00, 0x00, 0x55, 0x40, 0x00, 0x00, 0x06, 0xFF, 0xFF, 0xE4, 0x00, 0x02, 0xFF, 0xFF,
    0xFF, 0xD0, 0x01, 0xFF, 0xFF, 0xFF, 0xFC, 0x00, 0xBF, 0xFD, 0x00, 0x7F, 0xC0, 0x1F, 0xFD, 0x00,
    0x02, 0xFC, 0x03, 0xFF, 0x00, 0x00, 0x3F, 0x80, 0xFF, 0xD0, 0x00, 0x03, 0xF0, 0x1F, 0xFC, 0x00,
    0x00, 0x14, 0x03, 0xFF, 0x40, 0x00, 0x00, 0x00, 0x3F, 0xF0, 0x00, 0x00, 0x00, 0x07, 0xFE, 0x00,
    0x00, 0x00, 0x00, 0xBF, 0xE0, 0x00, 0x00, 0x00, 0x0F, 0xFE, 0x00, 0x0F, 0xFF, 0xFE, 0xFF, 0xE0,
    0x00, 0xFF, 0xFF, 0xDF, 0xFE, 0x00, 0x0B, 0xFF, 0xF8, 0xFF, 0xF0, 0x00, 0x03, 0xFF, 0x0B, 0xFF,
    0x00, 0x00, 0x3F, 0xE0, 0x7F, 0xF8, 0x00, 0x03, 0xFD, 0x03, 0xFF, 0xE0, 0x00, 0x7F, 0xC0, 0x1F,
    0xFF, 0xE5, 0x5F, 0xFC, 0x00, 0xBF, 0xFF, 0xFF, 0xFF, 0xC0, 0x01, 0xFF, 0xFF, 0xFF, 0xF4, 0x00,
    0x02, 0xFF, 0xFF, 0xE4, 0x00, 0x00, 0x00, 0x15, 0x00, 0x00, 0x00, 0x00, 0x00, 0x00, 0x80, 0x00,
    0x40, 0x00, 0x00, 0x0F, 0x80, 0x07, 0x00, 0x00, 0x00, 0x3F, 0x40, 0xBC, 0x00, 0x00, 0x00, 0xFF,
    0xFF, 0xD0, 0x00, 0x00, 0x01, 0xFF, 0xFD, 0x00, 0x00, 0x00, 0x00, 0xBF, 0x80, 0x00, 0x00, 0x00,
    0x00, 0x00, 0x00, 0x00, 0x00, 0x00, 0x00, 0x00, 0x00, 0x00, 0x00, 0x01, 0xA9, 0x40, 0x00, 0x00,
    0x00, 0xFF, 0xFF, 0xFF, 0xD0, 0x00, 0x1F, 0xFF, 0xFF, 0xFF, 0x00, 0x01, 0xFF, 0x82, 0xFE, 0xA4,
    0x00, 0x0F, 0xF8, 0x07, 0xFC, 0x00, 0x00, 0x3F, 0xC0, 0x0F, 0xF0, 0x00, 0x01, 0xFF, 0x00, 0x7F,
    0xC0, 0x00, 0x07, 0xF8, 0x03, 0xFE, 0x00, 0x00, 0x0F, 0xF0, 0x1F, 0xF0, 0x00, 0x00, 0x3F, 0xE6,
    0xFF, 0x40, 0x00, 0x00, 0x3F, 0xFF, 0xF0, 0x00, 0x00, 0x00, 0x2F, 0xF9, 0x00, 0x00, 0x00, 0x02,
    0xFE, 0x00, 0x00, 0x00, 0x00, 0x2F, 0xD0, 0x00, 0x00, 0x00, 0x00, 0xFF, 0xD0, 0x00, 0x00, 0x00,
    0x02, 0xFF, 0xF8, 0x00, 0x00, 0x00, 0x7F, 0xFF, 0xFE, 0x00, 0x00, 0x1F, 0xFE, 0xFF, 0xFF, 0x40,
    0x01, 0xFF, 0x40, 0x2F, 0xFF, 0x00, 0x0F, 0xF0, 0x00, 0x0F, 0xFD, 0x00, 0x3F, 0xC0, 0x00, 0x0F,
    0xF0, 0x00, 0xFF, 0x40, 0x00, 0xBF, 0xC0, 0x03, 0xFF, 0x90, 0x5F, 0xFD, 0x00, 0x07, 0xFF, 0xFF,
    0xFF, 0xD0, 0x00, 0x03, 0xFF, 0xFF, 0xF8, 0x00, 0x00, 0x00, 0x6F, 0xE9, 0x00, 0x00, 0x00, 0x00,
    0x00, 0x00, 0x00, 0x00, 0x00, 0x00, 0x00, 0x01, 0xF8, 0x00, 0x00, 0x00, 0x00, 0x7F, 0xC0, 0x00,
    0x00, 0x00, 0x0F, 0xFC, 0x00, 0x00, 0x00, 0x00, 0xFF, 0x80, 0x00, 0x00, 0x00, 0x0B, 0xE0, 0x00,
    0x00, 0x00, 0x00, 0x00, 0x00, 0x00, 0x00, 0x00, 0x00, 0x00, 0x00, 0x00, 0x00, 0x00, 0x55, 0x40,
    0x00, 0x00, 0x06, 0xFF, 0xFF, 0xE4, 0x00, 0x02, 0xFF, 0xFF, 0xFF, 0xD0, 0x01, 0xFF, 0xFF, 0xFF,
    0xFC, 0x00, 0xBF, 0xFD, 0x00, 0x7F, 0xC0, 0x1F, 0xFD, 0x00, 0x02, 0xFC, 0x03, 0xFF, 0x00, 0x00,
    0x3F, 0x80, 0xFF, 0xD0, 0x00, 0x03, 0xF0, 0x1F, 0xFC, 0x00, 0x00, 0x14, 0x03, 0xFF, 0x40, 0x00,
    0x00, 0x00, 0x3F, 0xF0, 0x00, 0x00, 0x00, 0x07, 0xFE, 0x00, 0x00, 0x00, 0x00, 0xBF, 0xE0, 0x00,
    0x00, 0x00, 0x0F, 0xFE, 0x00, 0x0F, 0xFF, 0xFE, 0xFF, 0xE0, 0x00, 0xFF, 0xFF, 0xDF, 0xFE, 0x00,
    0x0B, 0xFF, 0xF8, 0xFF, 0xF0, 0x00, 0x03, 0xFF, 0x0B, 0xFF, 0x00, 0x00, 0x3F, 0xE0, 0x7F, 0xF8,
    0x00, 0x03, 0xFD, 0x03, 0xFF, 0xE0, 0x00, 0x7F, 0xC0, 0x1F, 0xFF, 0xE5, 0x5F, 0xFC, 0x00, 0xBF,
    0xFF, 0xFF, 0xFF, 0xC0, 0x01, 0xFF, 0xFF, 0xFF, 0xF4, 0x00, 0x02, 0xFF, 0xFF, 0xE4, 0x00, 0x00,
    0x00, 0x15, 0x00, 0x00, 0x00, 0x00, 0x00, 0x00, 0x02, 0xA0, 0x00, 0x00, 0x00, 0x00, 0x3F, 0xD0,
    0x00, 0x00, 0x00, 0x01, 0xFF, 0x40, 0x00, 0x00, 0x00, 0x0B, 0xFC, 0x00, 0x00, 0x00, 0x00, 0x1F,
    0xD0, 0x00, 0x00, 0x00, 0x00, 0x04, 0x00, 0x00, 0x00, 0x00, 0x00, 0x00, 0x00, 0x00, 0x00, 0x00,
    0x00, 0x00, 0x00, 0x00, 0x00, 0x01, 0xA9, 0x40, 0x00, 0x00, 0x00, 0xFF, 0xFF, 0xFF, 0xD0, 0x00,
    0x1F, 0xFF, 0xFF, 0xFF, 0x00, 0x01, 0xFF, 0x82, 0xFE, 0xA4, 0x00, 0x0F, 0xF8, 0x07, 0xFC, 0x00,
    0x00, 0x3F, 0xC0, 0x0F, 0xF0, 0x00, 0x01, 0xFF, 0x00, 0x7F, 0xC0, 0x00, 0x07, 0xF8, 0x03, 0xFE,
    0x00, 0x00, 0x0F, 0xF0, 0x1F, 0xF0, 0x00, 0x00, 0x3F, 0xE6, 0xFF, 0x40, 0x00, 0x00, 0x3F, 0xFF,
    0xF0, 0x00, 0x00, 0x00, 0x2F, 0xF9, 0x00, 0x00, 0x00, 0x02, 0xFE, 0x00, 0x00, 0x00, 0x00, 0x2F,
    0xD0, 0x00, 0x00, 0x00, 0x00, 0xFF, 0xD0, 0x00, 0x00, 0x00, 0x02, 0xFF, 0xF8, 0x00, 0x00, 0x00,
    0x7F, 0xFF, 0xFE, 0x00, 0x00, 0x1F, 0xFE, 0xFF, 0xFF, 0x40, 0x01, 0xFF, 0x40, 0x2F, 0xFF, 0x00,
    0x0F, 0xF0, 0x00, 0x0F, 0xFD, 0x00, 0x3F, 0xC0, 0x00, 0x0F, 0xF0, 0x00, 0xFF, 0x40, 0x00, 0xBF,
    0xC0, 0x03, 0xFF, 0x90, 0x5F, 0xFD, 0x00, 0x07, 0xFF, 0xFF, 0xFF, 0xD0, 0x00, 0x03, 0xFF, 0xFF,
    0xF8, 0x00, 0x00, 0x00, 0x6F, 0xE9, 0x00, 0x00, 0x00, 0x00, 0x00, 0x00, 0x55, 0x40, 0x00, 0x00,
    0x06, 0xFF, 0xFF, 0xE4, 0x00, 0x02, 0xFF, 0xFF, 0xFF, 0xD0, 0x01, 0xFF, 0xFF, 0xFF, 0xFC, 0x00,
    0xBF, 0xFD, 0x00, 0x7F, 0xC0, 0x1F, 0xFD, 0x00, 0x02, 0xFC, 0x03, 0xFF, 0x00, 0x00, 0x3F, 0x80,
    0xFF, 0xD0, 0x00, 0x03, 0xF0, 0x1F, 0xFC, 0x00, 0x00, 0x14, 0x03, 0xFF, 0x40, 0x00, 0x00, 0x00,
    0x3F, 0xF0, 0x00, 0x00, 0x00, 0x07, 0xFE, 0x00, 0x00, 0x00, 0x00, 0xBF, 0xE0, 0x00, 0x00, 0x00,
    0x0F, 0xFE, 0x00, 0x0F, 0xFF, 0xFE, 0xFF, 0xE0, 0x00, 0xFF, 0xFF, 0xDF, 0xFE, 0x00, 0x0B, 0xFF,
    0xF8, 0xFF, 0xF0, 0x00, 0x03, 0xFF, 0x0B, 0xFF, 0x00, 0x00, 0x3F, 0xE0, 0x7F, 0xF8, 0x00, 0x03,
    0xFD, 0x03, 0xFF, 0xE0, 0x00, 0x7F, 0xC0, 0x1F, 0xFF, 0xE5, 0x5F, 0xFC, 0x00, 0xBF, 0xFF, 0xFF,
    0xFF, 0xC0, 0x01, 0xFF, 0xFF, 0xFF, 0xF4, 0x00, 0x02, 0xFF, 0xFF, 0xE4, 0x00, 0x00, 0x00, 0x15,
    0x00, 0x00, 0x00, 0x00, 0x01, 0x40, 0x00, 0x00, 0x00, 0x00, 0xFF, 0x00, 0x00, 0x00, 0x00, 0x0F,
    0xF4, 0x00, 0x00, 0x00, 0x00, 0xBF, 0x00, 0x00, 0x00, 0x00, 0x0B, 0xF0, 0x00, 0x00, 0x00, 0x01,
    0xFC, 0x00, 0x00, 0x00, 0x00, 0x7F, 0x00, 0x00, 0x00, 0x00, 0x06, 0x40, 0x00, 0x00, 0x00, 0x00,
    0x00, 0x00, 0x00, 0x00, 0x00, 0x00, 0x00, 0x00, 0x02, 0xF0, 0x00, 0x00, 0x00, 0x00, 0x2F, 0x00,
    0x00, 0x00, 0x00, 0x02, 0xF4, 0x00, 0x00, 0x00, 0x00, 0x0F, 0xC0, 0x00, 0x00, 0x00, 0x00, 0xBE,
    0x00, 0x00, 0x00, 0x00, 0x03, 0xF8, 0x00, 0x00, 0x00, 0x00, 0x0F, 0xF0, 0x00, 0x00, 0x00, 0x00,
    0x3F, 0xD0, 0x00, 0x00, 0x00, 0x00, 0x28, 0x00, 0x00, 0x00, 0x00, 0x00, 0x00, 0x00, 0x00, 0x00,
    0x00, 0x6A, 0x50, 0x00, 0x00, 0x00, 0x3F, 0xFF, 0xFF, 0xF4, 0x00, 0x07, 0xFF, 0xFF, 0xFF, 0xC0,
    0x00, 0x7F, 0xE0, 0xBF, 0xA9, 0x00, 0x03, 0xFE, 0x01, 0xFF, 0x00, 0x00, 0x0F, 0xF0, 0x03, 0xFC,
    0x00, 0x00, 0x7F, 0xC0, 0x1F, 0xF0, 0x00, 0x01, 0xFE, 0x00, 0xFF, 0x80, 0x00, 0x03, 0xFC, 0x07,
    0xFC, 0x00, 0x00, 0x0F, 0xF9, 0xBF, 0xD0, 0x00, 0x00, 0x0F, 0xFF, 0xFC, 0x00, 0x00, 0x00, 0x0B,
    0xFE, 0x40, 0x00, 0x00, 0x00, 0xBF, 0x80, 0x00, 0x00, 0x00, 0x0B, 0xF4, 0x00, 0x00, 0x00, 0x00,
    0x3F, 0xF4, 0x00, 0x00, 0x00, 0x00, 0xBF, 0xFE, 0x00, 0x00, 0x00, 0x1F, 0xFF, 0xFF, 0x80, 0x00,
    0x07, 0xFF, 0xBF, 0xFF, 0xD0, 0x00, 0x7F, 0xD0, 0x0B, 0xFF, 0xC0, 0x03, 0xFC, 0x00, 0x03, 0xFF,
    0x40, 0x0F, 0xF0, 0x00, 0x03, 0xFC, 0x00, 0x3F, 0xD0, 0x00, 0x2F, 0xF0, 0x00, 0xFF, 0xE4, 0x17,
    0xFF, 0x40, 0x01, 0xFF, 0xFF, 0xFF, 0xF4, 0x00, 0x00, 0xFF, 0xFF, 0xFE, 0x00, 0x00, 0x00, 0x1B,
    0xFA, 0x40, 0x00, 0x00, 0x00, 0x00, 0x00, 0x00, 0x0B, 0x80, 0x00, 0x00, 0x00, 0x00, 0x00, 0x03,
    0xFE, 0x00, 0x00, 0x00, 0x00, 0x00, 0x00, 0xFF, 0xF8, 0x00, 0x00, 0x00, 0x00, 0x00, 0x3F, 0xEF,
    0xD0, 0x00, 0x00, 0x00, 0x00, 0x1F, 0xF0, 0xBF, 0x00, 0x00, 0x00, 0x00, 0x07, 0xFC, 0x03, 0xF0,
    0x00, 0x00, 0x00, 0x00, 0x29, 0x00, 0x09, 0x00, 0x00, 0x00, 0x00, 0x00, 0x00, 0x00, 0x00, 0x00,
    0x00, 0x00, 0x00, 0x00, 0x00, 0x00, 0x00, 0x00, 0x00, 0xFF, 0xFF, 0xF0, 0x2F, 0xFF, 0xFD, 0x00,
    0x2F, 0xFF, 0xFE, 0x03, 0xFF, 0xFF, 0xC0, 0x01, 0xFF, 0xFF, 0x80, 0x2F, 0xFF, 0xE4, 0x00, 0x00,
    0xFF, 0xC0, 0x00, 0x2F, 0xF4, 0x00, 0x00, 0x1F, 0xF8, 0x00, 0x03, 0xFF, 0x00, 0x00, 0x02, 0xFF,
    0x40, 0x00, 0x3F, 0xF0, 0x00, 0x00, 0x3F, 0xF0, 0x00, 0x07, 0xFE, 0x00, 0x00, 0x03, 0xFF, 0x00,
    0x00, 0xBF, 0xD0, 0x00, 0x00, 0x7F, 0xE0, 0x00, 0x0B, 0xFC, 0x00, 0x00, 0x07, 0xFE, 0x00, 0x00,
    0xFF, 0xC0, 0x00, 0x00, 0xBF, 0xFF, 0xFF, 0xFF, 0xFC, 0x00, 0x00, 0x0F, 0xFF, 0xFF, 0xFF, 0xFF,
    0x80, 0x00, 0x00, 0xFF, 0xFF, 0xFF, 0xFF, 0xF4, 0x00, 0x00, 0x1F, 0xF8, 0x00, 0x03, 0xFF, 0x00,
    0x00, 0x02, 0xFF, 0x40, 0x00, 0x3F, 0xF0, 0x00, 0x00, 0x3F, 0xF0, 0x00, 0x03, 0xFE, 0x00, 0x00,
    0x03, 0xFF, 0x00, 0x00, 0x7F, 0xD0, 0x00, 0x00, 0x3F, 0xF0, 0x00, 0x0B, 0xFD, 0x00, 0x00, 0x07,
    0xFE, 0x00, 0x00, 0xFF, 0xC0, 0x00, 0x00, 0xBF, 0xD0, 0x00, 0x0F, 0xFC, 0x00, 0x00, 0x7F, 0xFF,
    0x90, 0x0B, 0xFF, 0xF8, 0x00, 0x2F, 0xFF, 0xFE, 0x03, 0xFF, 0xFF, 0xC0, 0x03, 0xFF, 0xFF, 0xD0,
    0x7F, 0xFF, 0xFC, 0x00, 0x00, 0x00, 0xAD, 0x00, 0x00, 0x00, 0x0B, 0xFC, 0x00, 0x00, 0x00, 0xBF,
    0xFC, 0x00, 0x00, 0x0B, 0xFB, 0xF8, 0x00, 0x00, 0xBF, 0x07, 0xF0, 0x00, 0x0F, 0xF0, 0x0B, 0xC0,
    0x00, 0x19, 0x00, 0x09, 0x00, 0x00, 0x00, 0x00, 0x00, 0x00, 0x00, 0x05, 0x40, 0x00, 0x00, 0x0B,
    0xFF, 0xC0, 0x00, 0x00, 0xBF, 0xFF, 0x40, 0x00, 0x02, 0xFF, 0xFC, 0x00, 0x00, 0x00, 0x2F, 0xF0,
    0x00, 0x00, 0x00, 0xFF, 0x80, 0x00, 0x00, 0x03, 0xFD, 0x00, 0x00, 0x00, 0x1F, 0xF0, 0x00, 0x00,
    0x00, 0xBF, 0xC0, 0x29, 0x00, 0x03, 0xFD, 0x0F, 0xFF, 0x00, 0x0F, 0xF1, 0xFF, 0xFC, 0x00, 0x3F,
    0xDF, 0xFF, 0xF4, 0x01, 0xFE, 0xFD, 0x3F, 0xD0, 0x0B, 0xFF, 0xC0, 0xFF, 0x00, 0x3F, 0xFC, 0x07,
    0xFC, 0x00, 0xFF, 0xD0, 0x2F, 0xE0, 0x07, 0xFF, 0x00, 0xFF, 0x40, 0x2F, 0xF4, 0x03, 0xFC, 0x00,
    0xFF, 0xC0, 0x1F, 0xF0, 0x03, 0xFE, 0x00, 0xBF, 0x80, 0x1F, 0xF4, 0x03, 0xFD, 0x00, 0x7F, 0xC0,
    0x0F, 0xF0, 0x92, 0xFF, 0x00, 0x7F, 0xEF, 0xCF, 0xF8, 0x02, 0xFF, 0xFE, 0x3F, 0xD0, 0x07, 0xFF,
    0xE1, 0xFF, 0x00, 0x0F, 0xFD, 0x00, 0x00, 0x00, 0x05, 0x00, 0x00, 0x00, 0x0F, 0xFF, 0xFF, 0x02,
    0xFF, 0xFF, 0xD0, 0x02, 0xFF, 0xFF, 0xE0, 0x3F, 0xFF, 0xFC, 0x00, 0x1F, 0xFF, 0xF8, 0x02, 0xFF,
    0xFE, 0x40, 0x00, 0x0F, 0xFC, 0x00, 0x02, 0xFF, 0x40, 0x00, 0x01, 0xFF, 0x80, 0x00, 0x3F, 0xF0,
    0x00, 0x0B, 0xFF, 0xFF, 0xFF, 0xFF, 0xFF, 0xF8, 0x00, 0xFF, 0xFF, 0xFF, 0xFF, 0xFF, 0xFF, 0xC0,
    0x05, 0x7F, 0xF5, 0x55, 0x5B, 0xFE, 0x54, 0x00, 0x07, 0xFE, 0x00, 0x00, 0xBF, 0xC0, 0x00, 0x00,
    0x7F, 0xE0, 0x00, 0x0F, 0xFC, 0x00, 0x00, 0x0B, 0xFF, 0xFF, 0xFF, 0xFF, 0xC0, 0x00, 0x00, 0xFF,
    0xFF, 0xFF, 0xFF, 0xF8, 0x00, 0x00, 0x0F, 0xFF, 0xFF, 0xFF, 0xFF, 0x40, 0x00, 0x01, 0xFF, 0x80,
    0x00, 0x3F, 0xF0, 0x00, 0x00, 0x2F, 0xF4, 0x00, 0x03, 0xFF, 0x00, 0x00, 0x03, 0xFF, 0x00, 0x00,
    0x3F, 0xE0, 0x00, 0x00, 0x3F, 0xF0, 0x00, 0x07, 0xFD, 0x00, 0x00, 0x03, 0xFF, 0x00, 0x00, 0xBF,
    0xD0, 0x00, 0x00, 0x7F, 0xE0, 0x00, 0x0F, 0xFC, 0x00, 0x00, 0x0B, 0xFD, 0x00, 0x00, 0xFF, 0xC0,
    0x00, 0x07, 0xFF, 0xF9, 0x00, 0xBF, 0xFF, 0x80, 0x02, 0xFF, 0xFF, 0xE0, 0x3F, 0xFF, 0xFC, 0x00,
    0x3F, 0xFF, 0xFD, 0x07, 0xFF, 0xFF, 0xC0, 0x00, 0x00, 0x05, 0x40, 0x00, 0x00, 0x0B, 0xFF, 0xC0,
    0x00, 0x00, 0xBF, 0xFF, 0x40, 0x00, 0x02, 0xAF, 0xFC, 0x00, 0x00, 0x00, 0x2F, 0xF0, 0x00, 0x00,
    0x2A, 0xFF, 0xEA, 0x00, 0x02, 0xFF, 0xFF, 0xFC, 0x00, 0x06, 0xAF, 0xFA, 0x90, 0x00, 0x00, 0xBF,
    0xC0, 0x00, 0x00, 0x03, 0xFD, 0x07, 0xFD, 0x00, 0x0F, 0xF0, 0xFF, 0xFC, 0x00, 0x7F, 0xCF, 0xFF,
    0xF4, 0x01, 0xFE, 0xFE, 0xBF, 0xD0, 0x0B, 0xFF, 0xD0, 0xFF, 0x00, 0x3F, 0xFD, 0x07, 0xFC, 0x00,
    0xFF, 0xE0, 0x2F, 0xE0, 0x07, 0xFF, 0x00, 0xFF, 0x40, 0x2F, 0xF4, 0x03, 0xFC, 0x00, 0xFF, 0xC0,
    0x1F, 0xF0, 0x03, 0xFE, 0x00, 0xBF, 0x80, 0x1F, 0xF4, 0x03, 0xFD, 0x00, 0x7F, 0xC0, 0x0F, 0xF0,
    0x92, 0xFF, 0x00, 0x7F, 0xEF, 0xCF, 0xF8, 0x02, 0xFF, 0xFE, 0x3F, 0xD0, 0x07, 0xFF, 0xE1, 0xFF,
    0x00, 0x0F, 0xFD, 0x00, 0x00, 0x00, 0x05, 0x00, 0x00, 0x00, 0x00, 0x00, 0x00, 0x00, 0x00, 0x1F,
    0xE0, 0x38, 0x00, 0x03, 0xFF, 0x8B, 0xC0, 0x00, 0xFF, 0xFF, 0xFC, 0x00, 0x0F, 0xC7, 0xFF, 0x40,
    0x00, 0x70, 0x1F, 0xC0, 0x00, 0x00, 0x00, 0x00, 0x00, 0x00, 0x00, 0x00, 0x00, 0x00, 0x00, 0x00,
    0x00, 0x00, 0x00, 0xFF, 0xFF, 0xF0, 0x00, 0x2F, 0xFF, 0xFF, 0x00, 0x01, 0xFF, 0xFF, 0x80, 0x00,
    0x00, 0xFF, 0xC0, 0x00, 0x00, 0x1F, 0xF8, 0x00, 0x00, 0x02, 0xFF, 0x40, 0x00, 0x00, 0x3F, 0xF0,
    0x00, 0x00, 0x03, 0xFF, 0x00, 0x00, 0x00, 0x3F, 0xF0, 0x00, 0x00, 0x07, 0xFE, 0x00, 0x00, 0x00,
    0xBF, 0xD0, 0x00, 0x00, 0x0F, 0xFC, 0x00, 0x00, 0x00, 0xFF, 0xC0, 0x00, 0x00, 0x0F, 0xF8, 0x00,
    0x00, 0x01, 0xFF, 0x80, 0x00, 0x00, 0x2F, 0xF4, 0x00, 0x00, 0x03, 0xFF, 0x00, 0x00, 0x00, 0x3F,
    0xF0, 0x00, 0x00, 0x07, 0xFE, 0x00, 0x00, 0x00, 0xBF, 0xD0, 0x00, 0x00, 0x6F, 0xFF, 0x90, 0x00,
    0x2F, 0xFF, 0xFF, 0x00, 0x03, 0xFF, 0xFF, 0xE0, 0x00, 0x01, 0xB8, 0x02, 0x01, 0xFF, 0xC3, 0xE0,
    0xFF, 0xFF, 0xF8, 0x7E, 0x3F, 0xFC, 0x0F, 0x03, 0xFC, 0x00, 0x00, 0x10, 0x00, 0x00, 0x00, 0x00,
    0x00, 0x00, 0x00, 0x00, 0x68, 0x00, 0x0B, 0xFF, 0xC0, 0x0B, 0xFF, 0xF0, 0x02, 0xAF, 0xF8, 0x00,
    0x02, 0xFD, 0x00, 0x00, 0xFF, 0x00, 0x00, 0x7F, 0xC0, 0x00, 0x2F, 0xE0, 0x00, 0x0F, 0xF4, 0x00,
    0x03, 0xFC, 0x00, 0x01, 0xFF, 0x00, 0x00, 0xFF, 0x80, 0x00, 0x3F, 0xD0, 0x00, 0x1F, 0xF0, 0x90,
    0x07, 0xFE, 0xF8, 0x02, 0xFF, 0xFD, 0x00, 0xBF, 0xFE, 0x00, 0x0F, 0xF9, 0x00, 0x00, 0x50, 0x00,
    0x00, 0x00, 0x01, 0x55, 0x55, 0x40, 0x00, 0x7F, 0xFF, 0xFC, 0x00, 0x0B, 0xFF, 0xFF, 0x80, 0x00,
    0x6A, 0xAA, 0xA4, 0x00, 0x00, 0x00, 0x00, 0x00, 0x00, 0x00, 0x00, 0x00, 0x00, 0x00, 0x00, 0x00,
    0x00, 0x00, 0xFF, 0xFF, 0xF0, 0x00, 0x2F, 0xFF, 0xFF, 0x00, 0x01, 0xFF, 0xFF, 0x80, 0x00, 0x00,
    0xFF, 0xC0, 0x00, 0x00, 0x1F, 0xF8, 0x00, 0x00, 0x02, 0xFF, 0x40, 0x00, 0x00, 0x3F, 0xF0, 0x00,
    0x00, 0x03, 0xFF, 0x00, 0x00, 0x00, 0x3F, 0xF0, 0x00, 0x00, 0x07, 0xFE, 0x00, 0x00, 0x00, 0xBF,
    0xD0, 0x00, 0x00, 0x0F, 0xFC, 0x00, 0x00, 0x00, 0xFF, 0xC0, 0x00, 0x00, 0x0F, 0xF8, 0x00, 0x00,
    0x01, 0xFF, 0x80, 0x00, 0x00, 0x2F, 0xF4, 0x00, 0x00, 0x03, 0xFF, 0x00, 0x00, 0x00, 0x3F, 0xF0,
    0x00, 0x00, 0x07, 0xFE, 0x00, 0x00, 0x00, 0xBF, 0xD0, 0x00, 0x00, 0x6F, 0xFF, 0x90, 0x00, 0x2F,
    0xFF, 0xFF, 0x00, 0x03, 0xFF, 0xFF, 0xE0, 0x00, 0x06, 0xAA, 0xAA, 0x03, 0xFF, 0xFF, 0xD0, 0xFF,
    0xFF, 0xF0, 0x15, 0x55, 0x54, 0x00, 0x00, 0x00, 0x00, 0x00, 0x00, 0x00, 0x06, 0x80, 0x00, 0xBF,
    0xFC, 0x00, 0xBF, 0xFF, 0x00, 0x2A, 0xFF, 0x80, 0x00, 0x2F, 0xD0, 0x00, 0x0F, 0xF0, 0x00, 0x07,
    0xFC, 0x00, 0x02, 0xFE, 0x00, 0x00, 0xFF, 0x40, 0x00, 0x3F, 0xC0, 0x00, 0x1F, 0xF0, 0x00, 0x0F,
    0xF8, 0x00, 0x03, 0xFD, 0x00, 0x01, 0xFF, 0x09, 0x00, 0x7F, 0xEF, 0x80, 0x2F, 0xFF, 0xD0, 0x0B,
    0xFF, 0xE0, 0x00, 0xFF, 0x90, 0x00, 0x05, 0x00, 0x00, 0x00, 0x00, 0x00, 0x40, 0x00, 0x00, 0x00,
    0xF4, 0x00, 0x70, 0x00, 0x7F, 0x00, 0xBC, 0x00, 0x1F, 0xFA, 0xFD, 0x00, 0x03, 0xFF, 0xFD, 0x00,
    0x00, 0x2F, 0xFD, 0x00, 0x00, 0x00, 0x10, 0x00, 0x00, 0x00, 0x00, 0x00, 0x00, 0x00, 0x00, 0x00,
    0x00, 0x03, 0xFF, 0xFF, 0xC0, 0x02, 0xFF, 0xFF, 0xF0, 0x00, 0x7F, 0xFF, 0xE0, 0x00, 0x00, 0xFF,
    0xC0, 0x00, 0x00, 0x7F, 0xE0, 0x00, 0x00, 0x2F, 0xF4, 0x00, 0x00, 0x0F, 0xFC, 0x00, 0x00, 0x03,
    0xFF, 0x00, 0x00, 0x00, 0xFF, 0xC0, 0x00, 0x00, 0x7F, 0xE0, 0x00, 0x00, 0x2F, 0xF4, 0x00, 0x00,
    0x0F, 0xFC, 0x00, 0x00, 0x03, 0xFF, 0x00, 0x00, 0x00, 0xFF, 0x80, 0x00, 0x00, 0x7F, 0xE0, 0x00,
    0x00, 0x2F, 0xF4, 0x00, 0x00, 0x0F, 0xFC, 0x00, 0x00, 0x03, 0xFF, 0x00, 0x00, 0x01, 0xFF, 0x80,
    0x00, 0x00, 0xBF, 0xD0, 0x00, 0x01, 0xBF, 0xFE, 0x40, 0x02, 0xFF, 0xFF, 0xF0, 0x00, 0xFF, 0xFF,
    0xF8, 0x00, 0x01, 0x40, 0x00, 0x03, 0xF0, 0x01, 0xD0, 0xFE, 0x02, 0xF0, 0x3F, 0xFF, 0xF8, 0x03,
    0xFF, 0xF8, 0x00, 0x2F, 0xE4, 0x00, 0x00, 0x00, 0x00, 0x00, 0x00, 0x00, 0x00, 0x68, 0x00, 0x0B,
    0xFF, 0xC0, 0x0B, 0xFF, 0xF0, 0x02, 0xAF, 0xF8, 0x00, 0x02, 0xFD, 0x00, 0x00, 0xFF, 0x00, 0x00,
    0x7F, 0xC0, 0x00, 0x2F, 0xE0, 0x00, 0x0F, 0xF4, 0x00, 0x03, 0xFC, 0x00, 0x01, 0xFF, 0x00, 0x00,
    0xFF, 0x80, 0x00, 0x3F, 0xD0, 0x00, 0x1F, 0xF0, 0x90, 0x07, 0xFE, 0xF8, 0x02, 0xFF, 0xFD, 0x00,
    0xBF, 0xFE, 0x00, 0x0F, 0xF9, 0x00, 0x00, 0x50, 0x00, 0x00, 0x00, 0x0F, 0xFF, 0xFF, 0x00, 0x0B,
    0xFF, 0xFF, 0xC0, 0x01, 0xFF, 0xFF, 0x80, 0x00, 0x03, 0xFF, 0x00, 0x00, 0x01, 0xFF, 0x80, 0x00,
    0x00, 0xBF, 0xD0, 0x00, 0x00, 0x3F, 0xF0, 0x00, 0x00, 0x0F, 0xFC, 0x00, 0x00, 0x03, 0xFF, 0x00,
    0x00, 0x01, 0xFF, 0x80, 0x00, 0x00, 0xBF, 0xD0, 0x00, 0x00, 0x3F, 0xF0, 0x00, 0x00, 0x0F, 0xFC,
    0x00, 0x00, 0x03, 0xFE, 0x00, 0x00, 0x01, 0xFF, 0x80, 0x00, 0x00, 0xBF, 0xD0, 0x00, 0x00, 0x3F,
    0xF0, 0x00, 0x00, 0x0F, 0xFC, 0x00, 0x00, 0x07, 0xFE, 0x00, 0x00, 0x02, 0xFF, 0x40, 0x00, 0x06,
    0xFF, 0xF9, 0x00, 0x0B, 0xFF, 0xFF, 0xC0, 0x03, 0xFF, 0xFF, 0xE0, 0x00, 0x00, 0x07, 0xD0, 0x00,
    0x00, 0x0B, 0xC0, 0x00, 0x00, 0x0B, 0xD0, 0x00, 0x00, 0x03, 0xF4, 0x00, 0x00, 0x00, 0xFF, 0xA8,
    0x00, 0x00, 0x2F, 0xFF, 0x00, 0x00, 0x01, 0xFE, 0x00, 0x00, 0x00, 0x00, 0x00, 0x01, 0xFD, 0x00,
    0x3F, 0xF0, 0x0B, 0xFF, 0x00, 0xBF, 0xD0, 0x07, 0xF8, 0x00, 0x00, 0x00, 0x00, 0x00, 0x00, 0x68,
    0x02, 0xFF, 0xF0, 0xBF, 0xFF, 0x0A, 0xBF, 0xE0, 0x02, 0xFD, 0x00, 0x3F, 0xC0, 0x07, 0xFC, 0x00,
    0xBF, 0x80, 0x0F, 0xF4, 0x00, 0xFF, 0x00, 0x1F, 0xF0, 0x03, 0xFE, 0x00, 0x3F, 0xD0, 0x07, 0xFC,
    0x24, 0x7F, 0xEF, 0x8B, 0xFF, 0xF4, 0xBF, 0xFD, 0x03, 0xFF, 0x00, 0x0F, 0xC0, 0x01, 0xF0, 0x00,
    0x3D, 0x00, 0x0B, 0xC0, 0x00, 0xBF, 0x54, 0x07, 0xFF, 0x40, 0x2F, 0xE0, 0x00, 0x00, 0x00, 0x00,
    0x00, 0x00, 0x00, 0x01, 0xF8, 0x00, 0x00, 0x01, 0xFF, 0x00, 0x00, 0x00, 0xFF, 0xC0, 0x00, 0x00,
    0x3F, 0xE0, 0x00, 0x00, 0x0B, 0xE0, 0x00, 0x00, 0x00, 0x00, 0x00, 0x00, 0x00, 0x00, 0x00, 0x00,
    0x00, 0x00, 0x00, 0x00, 0x03, 0xFF, 0xFF, 0xC0, 0x02, 0xFF, 0xFF, 0xF0, 0x00, 0x7F, 0xFF, 0xE0,
    0x00, 0x00, 0xFF, 0xC0, 0x00, 0x00, 0x7F, 0xE0, 0x00, 0x00, 0x2F, 0xF4, 0x00, 0x00, 0x0F, 0xFC,
    0x00, 0x00, 0x03, 0xFF, 0x00, 0x00, 0x00, 0xFF, 0xC0, 0x00, 0x00, 0x7F, 0xE0, 0x00, 0x00, 0x2F,
    0xF4, 0x00, 0x00, 0x0F, 0xFC, 0x00, 0x00, 0x03, 0xFF, 0x00, 0x00, 0x00, 0xFF, 0x80, 0x00, 0x00,
    0x7F, 0xE0, 0x00, 0x00, 0x2F, 0xF4, 0x00, 0x00, 0x0F, 0xFC, 0x00, 0x00, 0x03, 0xFF, 0x00, 0x00,
    0x01, 0xFF, 0x80, 0x00, 0x00, 0xBF, 0xD0, 0x00, 0x01, 0xBF, 0xFE, 0x40, 0x02, 0xFF, 0xFF, 0xF0,
    0x00, 0xFF, 0xFF, 0xF8, 0x00, 0x00, 0x68, 0x0B, 0xFF, 0xCB, 0xFF, 0xF2, 0xAF, 0xF8, 0x02, 0xFD,
    0x00, 0xFF, 0x00, 0x7F, 0xC0, 0x2F, 0xE0, 0x0F, 0xF4, 0x03, 0xFC, 0x01, 0xFF, 0x00, 0xFF, 0x80,
    0x3F, 0xD0, 0x1F, 0xF0, 0x97, 0xFE, 0xFA, 0xFF, 0xFD, 0xBF, 0xFE, 0x0F, 0xF9, 0x00, 0x50, 0x00,
    0x00, 0x0F, 0xFF, 0xFF, 0x03, 0xFF, 0xFF, 0xD0, 0x02, 0xFF, 0xFF, 0xF0, 0x7F, 0xFF, 0xFC, 0x00,
    0x1F, 0xFF, 0xF8, 0x02, 0xFF, 0xFE, 0x40, 0x00, 0x0F, 0xFC, 0x00, 0x03, 0xFF, 0x00, 0x00, 0x01,
    0xFF, 0x80, 0x00, 0x3F, 0xF0, 0x00, 0x00, 0x2F, 0xF4, 0x00, 0x03, 0xFF, 0x00, 0x00, 0x03, 0xFF,
    0x00, 0x00, 0x7F, 0xE0, 0x00, 0x00, 0x3F, 0xF0, 0x00, 0x0B, 0xFD, 0x00, 0x00, 0x03, 0xFF, 0x00,
    0x00, 0xFF, 0xC0, 0x00, 0x00, 0x7F, 0xE0, 0x00, 0x0F, 0xFC, 0x00, 0x00, 0x0B, 0xFD, 0x00, 0x01,
    0xFF, 0x80, 0x00, 0x00, 0xFF, 0xC0, 0x00, 0x1F, 0xF4, 0x00, 0x00, 0x0F, 0xFC, 0x00, 0x02, 0xFF,
    0x40, 0x00, 0x00, 0xFF, 0x80, 0x00, 0x3F, 0xF0, 0x00, 0x00, 0x1F, 0xF8, 0x00, 0x03, 0xFF, 0x00,
    0x00, 0x02, 0xFF, 0x40, 0x00, 0x7F, 0xE0, 0x00, 0x00, 0x3F, 0xF0, 0x00, 0x0B, 0xFD, 0x00, 0x00,
    0x03, 0xFF, 0x00, 0x00, 0xFF, 0xC0, 0x00, 0x00, 0x7F, 0xE0, 0x00, 0x0F, 0xFC, 0x00, 0x00, 0x0B,
    0xFD, 0x00, 0x00, 0xFF, 0xC0, 0x00, 0x06, 0xFF, 0xF9, 0x00, 0x1F, 0xF4, 0x00, 0x02, 0xFF, 0xFF,
    0xF0, 0x02, 0xFF, 0x00, 0x00, 0x3F, 0xFF, 0xFE, 0x00, 0x3F, 0xF0, 0x00, 0x00, 0x00, 0x00, 0x00,
    0x07, 0xFD, 0x00, 0x00, 0x00, 0x00, 0x06, 0x00, 0xFF, 0xC0, 0x00, 0x00, 0x00, 0x00, 0xFE, 0x7F,
    0xF4, 0x00, 0x00, 0x00, 0x00, 0x2F, 0xFF, 0xFE, 0x00, 0x00, 0x00, 0x00, 0x02, 0xFF, 0xFF, 0x80,
    0x00, 0x00, 0x00, 0x00, 0x0F, 0xFF, 0xD0, 0x00, 0x00, 0x00, 0x00, 0x00, 0x15, 0x40, 0x00, 0x00,
    0x00, 0x00, 0x00, 0x00, 0x00, 0x00, 0x00, 0x01, 0xFD, 0x00, 0x03, 0xF4, 0x00, 0x3F, 0xF0, 0x00,
    0xFF, 0xC0, 0x0B, 0xFF, 0x00, 0x1F, 0xFC, 0x00, 0xBF, 0xD0, 0x01, 0xFF, 0x80, 0x07, 0xF8, 0x00,
    0x0F, 0xE0, 0x00, 0x00, 0x00, 0x00, 0x00, 0x00, 0x00, 0x00, 0x00, 0x00, 0x00, 0x00, 0x68, 0x00,
    0x01, 0x60, 0x02, 0xFF, 0xF0, 0x0B, 0xFF, 0xC0, 0xBF, 0xFF, 0x01, 0xFF, 0xFC, 0x0A, 0xBF, 0xE0,
    0x1A, 0xFF, 0xC0, 0x02, 0xFD, 0x00, 0x0B, 0xFC, 0x00, 0x3F, 0xC0, 0x00, 0xFF, 0x80, 0x07, 0xFC,
    0x00, 0x0F, 0xF4, 0x00, 0xBF, 0x80, 0x00, 0xFF, 0x00, 0x0F, 0xF4, 0x00, 0x1F, 0xF0, 0x00, 0xFF,
    0x00, 0x02, 0xFF, 0x00, 0x1F, 0xF0, 0x00, 0x3F, 0xE0, 0x03, 0xFE, 0x00, 0x03, 0xFD, 0x00, 0x3F,
    0xD0, 0x00, 0x7F, 0xC0, 0x07, 0xFC, 0x24, 0x0B, 0xFC, 0x00, 0x7F, 0xEF, 0x80, 0xFF, 0x80, 0x0B,
    0xFF, 0xF4, 0x0F, 0xF4, 0x00, 0xBF, 0xFE, 0x01, 0xFF, 0x00, 0x03, 0xFE, 0x40, 0x2F, 0xF0, 0x00,
    0x05, 0x00, 0x03, 0xFE, 0x00, 0x00, 0x00, 0x00, 0x3F, 0xC0, 0x00, 0x00, 0x10, 0x0B, 0xF8, 0x00,
    0x00, 0x0F, 0x42, 0xFF, 0x00, 0x00, 0x02, 0xFF, 0xFF, 0xE0, 0x00, 0x00, 0x3F, 0xFF, 0xF8, 0x00,
    0x00, 0x01, 0xFF, 0xFD, 0x00, 0x00, 0x00, 0x02, 0xA9, 0x00, 0x00, 0x00, 0x00, 0x00, 0x00, 0x01,
    0xB4, 0x00, 0x00, 0x00, 0x00, 0x7F, 0xD0, 0x00, 0x00, 0x00, 0x1F, 0xFF, 0x00, 0x00, 0x00, 0x07,
    0xFB, 0xFC, 0x00, 0x00, 0x02, 0xFE, 0x0F, 0xE0, 0x00, 0x00, 0xFF, 0x40, 0x7E, 0x00, 0x00, 0x06,
    0x80, 0x01, 0x80, 0x00, 0x00, 0x00, 0x00, 0x00, 0x00, 0x00, 0x00, 0x00, 0x00, 0x00, 0x00, 0x00,
    0xFF, 0xFF, 0xF4, 0x00, 0x00, 0x2F, 0xFF, 0xFF, 0x00, 0x00, 0x00, 0xFF, 0xFF, 0x80, 0x00, 0x00,
    0x00, 0xFF, 0xC0, 0x00, 0x00, 0x00, 0x0F, 0xFC, 0x00, 0x00, 0x00, 0x01, 0xFF, 0x80, 0x00, 0x00,
    0x00, 0x2F, 0xF4, 0x00, 0x00, 0x00, 0x03, 0xFF, 0x00, 0x00, 0x00, 0x00, 0x3F, 0xF0, 0x00, 0x00,
    0x00, 0x03, 0xFF, 0x00, 0x00, 0x00, 0x00, 0x7F, 0xE0, 0x00, 0x00, 0x00, 0x0B, 0xFD, 0x00, 0x00,
    0x00, 0x00, 0xFF, 0xC0, 0x00, 0x00, 0x00, 0x0F, 0xFC, 0x00, 0x00, 0x00, 0x01, 0xFF, 0x80, 0x00,
    0x00, 0x00, 0x1F, 0xF4, 0x00, 0x00, 0x00, 0x02, 0xFF, 0x40, 0x00, 0x00, 0x00, 0x3F, 0xF0, 0x00,
    0x00, 0x00, 0x03, 0xFF, 0x00, 0x00, 0x00, 0x00, 0x7F, 0xE0, 0x00, 0x00, 0x00, 0x0B, 0xFD, 0x00,
    0x00, 0x00, 0x00, 0xFF, 0xC0, 0x00, 0x00, 0x00, 0x0F, 0xF8, 0x00, 0x00, 0x00, 0x02, 0xFF, 0x40,
    0x00, 0x02, 0x80, 0x3F, 0xF0, 0x00, 0x00, 0x7F, 0x5F, 0xFD, 0x00, 0x00, 0x0B, 0xFF, 0xFF, 0x40,
    0x00, 0x00, 0xBF, 0xFF, 0xD0, 0x00, 0x00, 0x07, 0xFF, 0xF0, 0x00, 0x00, 0x00, 0x06, 0x50, 0x00,
    0x00, 0x00, 0x00, 0x00, 0x00, 0x00, 0x00, 0x00, 0x00, 0x00, 0x00, 0x01, 0xFC, 0x00, 0x00, 0x00,
    0x00, 0xFF, 0x80, 0x00, 0x00, 0x00, 0xFF, 0xF0, 0x00, 0x00, 0x00, 0xFE, 0xFE, 0x00, 0x00, 0x00,
    0xBF, 0x0F, 0xC0, 0x00, 0x00, 0xBF, 0x02, 0xF4, 0x00, 0x00, 0x3F, 0x00, 0x3C, 0x00, 0x00, 0x00,
    0x00, 0x00, 0x00, 0x00, 0x00, 0x00, 0x00, 0x00, 0x00, 0x00, 0x05, 0x90, 0x00, 0x00, 0x00, 0x7F,
    0xFD, 0x00, 0x00, 0x00, 0x3F, 0xFF, 0x40, 0x00, 0x00, 0x0A, 0xFF, 0xD0, 0x00, 0x00, 0x00, 0x1F,
    0xF0, 0x00, 0x00, 0x00, 0x07, 0xFC, 0x00, 0x00, 0x00, 0x02, 0xFF, 0x00, 0x00, 0x00, 0x00, 0xFF,
    0x80, 0x00, 0x00, 0x00, 0x3F, 0xD0, 0x00, 0x00, 0x00, 0x1F, 0xF0, 0x00, 0x00, 0x00, 0x0B, 0xFC,
    0x00, 0x00, 0x00, 0x03, 0xFE, 0x00, 0x00, 0x00, 0x00, 0xFF, 0x80, 0x00, 0x00, 0x00, 0x3F, 0xD0,
    0x00, 0x00, 0x00, 0x1F, 0xF0, 0x00, 0x00, 0x00, 0x0B, 0xFC, 0x00, 0x00, 0x00, 0x03, 0xFE, 0x00,
    0x00, 0x00, 0x00, 0xFF, 0x00, 0x00, 0x00, 0x00, 0xBF, 0xC0, 0x00, 0x00, 0x00, 0x3F, 0xE0, 0x00,
    0x00, 0x40, 0x1F, 0xF0, 0x00, 0x00, 0xF8, 0x1F, 0xF8, 0x00, 0x00, 0x7F, 0xFF, 0xFC, 0x00, 0x00,
    0x1F, 0xFF, 0xFC, 0x00, 0x00, 0x03, 0xFF, 0xF8, 0x00, 0x00, 0x00, 0x1A, 0x90, 0x00, 0x00, 0x00,
    0x00, 0x0F, 0xFF, 0xFF, 0x0F, 0xFF, 0xF8, 0x00, 0xBF, 0xFF, 0xF8, 0x7F, 0xFF, 0xD0, 0x01, 0xFF,
    0xFF, 0x80, 0x7F, 0xFD, 0x00, 0x00, 0x3F, 0xE0, 0x01, 0xFF, 0x80, 0x00, 0x01, 0xFF, 0x40, 0x2F,
    0xF4, 0x00, 0x00, 0x0B, 0xFC, 0x02, 0xFF, 0x40, 0x00, 0x00, 0x3F, 0xF0, 0x2F, 0xF0, 0x00, 0x00,
    0x00, 0xFF, 0xC2, 0xFF, 0x00, 0x00, 0x00, 0x07, 0xFE, 0x3F, 0xF0, 0x00, 0x00, 0x00, 0x1F, 0xF7,
    0xFE, 0x00, 0x00, 0x00, 0x00, 0xBF, 0xFF, 0xE0, 0x00, 0x00, 0x00, 0x03, 0xFF, 0xFF, 0x00, 0x00,
    0x00, 0x00, 0x0F, 0xFF, 0xFE, 0x00, 0x00, 0x00, 0x00, 0x7F, 0xEF, 0xFD, 0x00, 0x00, 0x00, 0x02,
    0xFF, 0x5F, 0xFC, 0x00, 0x00, 0x00, 0x0F, 0xFC, 0x2F, 0xFC, 0x00, 0x00, 0x00, 0x3F, 0xF0, 0x3F,
    0xF8, 0x00, 0x00, 0x00, 0xFF, 0x80, 0x7F, 0xF4, 0x00, 0x00, 0x07, 0xFD, 0x00, 0xFF, 0xF4, 0x00,
    0x00, 0x2F, 0xF0, 0x00, 0xFF, 0xF4, 0x00, 0x07, 0xFF, 0xF8, 0x01, 0xFF, 0xF8, 0x00, 0xBF, 0xFF,
    0xF8, 0x01, 0xFF, 0xFC, 0x03, 0xFF, 0xFF, 0xD0, 0x01, 0xFF, 0xC0, 0x00, 0x00, 0x00, 0x00, 0x00,
    0x10, 0x00, 0x00, 0x00, 0x00, 0x50, 0x00, 0x00, 0x00, 0x00, 0x00, 0x2F, 0xE0, 0x00, 0x00, 0x00,
    0x00, 0x00, 0x7F, 0xC0, 0x00, 0x00, 0x00, 0x00, 0x00, 0xFE, 0x00, 0x00, 0x00, 0x00, 0x00, 0x07,
    0xF4, 0x00, 0x00, 0x00, 0x00, 0x00, 0x3F, 0x80, 0x00, 0x00, 0x00, 0x00, 0x03, 0xF8, 0x00, 0x00,
    0x00, 0x00, 0x00, 0x0A, 0x00, 0x00, 0x00, 0x00, 0x00, 0x05, 0x40, 0x00, 0x00, 0xBF, 0xFC, 0x00,
    0x00, 0xBF, 0xFF, 0x40, 0x00, 0x2F, 0xFF, 0xC0, 0x00, 0x00, 0x2F, 0xF0, 0x00, 0x00, 0x0F, 0xF8,
    0x00, 0x00, 0x03, 0xFC, 0x00, 0x00, 0x01, 0xFF, 0x00, 0x00, 0x00, 0xBF, 0x80, 0x64, 0x00, 0x3F,
    0xC1, 0xFF, 0xC0, 0x0F, 0xF2, 0xFF, 0xF8, 0x03, 0xF7, 0xFA, 0xFF, 0x01, 0xFE, 0xE0, 0x3F, 0x80,
    0xBF, 0xE0, 0x0F, 0xE0, 0x3F, 0xF0, 0x0B, 0xF0, 0x0F, 0xF4, 0x07, 0xF4, 0x07, 0xFC, 0x0B, 0xF4,
    0x02, 0xFF, 0xBF, 0xF0, 0x00, 0xFF, 0xFF, 0x80, 0x00, 0x3F, 0xEF, 0xE0, 0x00, 0x1F, 0xF3, 0xFD,
    0x00, 0x07, 0xFC, 0x7F, 0xD0, 0x02, 0xFE, 0x0B, 0xFE, 0x00, 0xFF, 0x40, 0xFF, 0xFE, 0x3F, 0xD0,
    0x0F, 0xFF, 0x5F, 0xF0, 0x00, 0xFF, 0x80, 0x00, 0x00, 0x01, 0x00, 0x00, 0x04, 0x00, 0x00, 0x00,
    0x0F, 0xD0, 0x00, 0x00, 0x03, 0xF8, 0x00, 0x00, 0x00, 0xFD, 0x00, 0x00, 0x00, 0x3F, 0x00, 0x00,
    0x00, 0x2F, 0x40, 0x00, 0x00, 0x2F, 0x40, 0x00, 0x00, 0x05, 0x00, 0x00, 0x00, 0x00, 0x64, 0x00,
    0x0A, 0x02, 0xFF, 0xE0, 0x0B, 0xFC, 0xFF, 0xFE, 0x03, 0xFF, 0xCA, 0xBF, 0xD0, 0xFF, 0xF8, 0x02,
    0xFD, 0x3F, 0xEF, 0x40, 0x3F, 0xCB, 0xF0, 0x00, 0x03, 0xFD, 0xF8, 0x00, 0x00, 0x7F, 0xBE, 0x00,
    0x00, 0x0B, 0xFF, 0xE0, 0x00, 0x00, 0xFF, 0xFF, 0x00, 0x00, 0x0F, 0xFB, 0xF4, 0x00, 0x01, 0xFF,
    0x3F, 0x80, 0x00, 0x1F, 0xF2, 0xFD, 0x00, 0x02, 0xFE, 0x0F, 0xF0, 0x38, 0x3F, 0xD0, 0xFF, 0xEF,
    0xC3, 0xFC, 0x07, 0xFF, 0xF4, 0x7F, 0xC0, 0x3F, 0xFE, 0x0B, 0xF8, 0x00, 0xFF, 0x40, 0x00, 0x00,
    0x00, 0x40, 0x00, 0x00, 0x00, 0x00, 0x00, 0x00, 0x00, 0x00, 0x00, 0x07, 0x00, 0x00, 0x00, 0x00,
    0x2F, 0x40, 0x00, 0x00, 0x01, 0xFF, 0x80, 0x00, 0x00, 0x0B, 0xFF, 0x40, 0x00, 0x00, 0x7F, 0xFD,
    0x00, 0x00, 0x00, 0xBF, 0x90, 0x00, 0x00, 0x00, 0x64, 0x00, 0x00, 0x00, 0x00, 0x00, 0x00, 0x00,
    0x00, 0x00, 0x00, 0x00, 0x00, 0x00, 0x0F, 0xFF, 0xFF, 0x00, 0x00, 0x2F, 0xFF, 0xFE, 0x00, 0x00,
    0x1F, 0xFF, 0xF8, 0x00, 0x00, 0x00, 0xFF, 0xC0, 0x00, 0x00, 0x01, 0xFF, 0x80, 0x00, 0x00, 0x02,
    0xFF, 0x40, 0x00, 0x00, 0x03, 0xFF, 0x00, 0x00, 0x00, 0x03, 0xFF, 0x00, 0x00, 0x00, 0x07, 0xFE,
    0x00, 0x00, 0x00, 0x07, 0xFD, 0x00, 0x00, 0x00, 0x0B, 0xFD, 0x00, 0x00, 0x00, 0x0F, 0xFC, 0x00,
    0x00, 0x00, 0x0F, 0xFC, 0x00, 0x00, 0x00, 0x1F, 0xF8, 0x00, 0x00, 0x00, 0x2F, 0xF4, 0x00, 0x00,
    0x00, 0x3F, 0xF0, 0x00, 0x19, 0x00, 0x3F, 0xF0, 0x00, 0x3F, 0x00, 0x3F, 0xF0, 0x00, 0x7F, 0x00,
    0x7F, 0xE0, 0x00, 0xFE, 0x00, 0xBF, 0xD0, 0x06, 0xFD, 0x07, 0xFF, 0xFF, 0xFF, 0xFC, 0x2F, 0xFF,
    0xFF, 0xFF, 0xF8, 0x3F, 0xFF, 0xFF, 0xFF, 0xF0, 0x00, 0x00, 0x00, 0x00, 0x00, 0x2D, 0x00, 0x02,
    0xFE, 0x00, 0x2F, 0xFE, 0x02, 0xFF, 0xFC, 0x03, 0xFF, 0x90, 0x02, 0x90, 0x00, 0x00, 0x00, 0x00,
    0x00, 0x15, 0x00, 0x0B, 0xFF, 0xC0, 0x2F, 0xFF, 0xC0, 0x2F, 0xFF, 0xC0, 0x00, 0xBF, 0x80, 0x00,
    0xFF, 0x80, 0x00, 0xFF, 0x40, 0x01, 0xFF, 0x00, 0x02, 0xFF, 0x00, 0x03, 0xFE, 0x00, 0x03, 0xFD,
    0x00, 0x07, 0xFC, 0x00, 0x0B, 0xFC, 0x00, 0x0B, 0xF8, 0x00, 0x0F, 0xF4, 0x00, 0x0F, 0xF0, 0x00,
    0x1F, 0xF0, 0x00, 0x2F, 0xF0, 0x00, 0x3F, 0xE0, 0x00, 0x3F, 0xD0, 0x00, 0x7F, 0xC0, 0x00, 0xBF,
    0xC3, 0x00, 0xBF, 0xEF, 0x40, 0xFF, 0xFF, 0x00, 0xFF, 0xFD, 0x00, 0x7F, 0xE0, 0x00, 0x05, 0x00,
    0x00, 0x00, 0x0F, 0xFF, 0xFF, 0x00, 0x00, 0x2F, 0xFF, 0xFE, 0x00, 0x00, 0x1F, 0xFF, 0xF8, 0x00,
    0x00, 0x00, 0xFF, 0xC0, 0x00, 0x00, 0x01, 0xFF, 0x80, 0x00, 0x00, 0x02, 0xFF, 0x40, 0x00, 0x00,
    0x03, 0xFF, 0x00, 0x00, 0x00, 0x03, 0xFF, 0x00, 0x00, 0x00, 0x07, 0xFE, 0x00, 0x00, 0x00, 0x07,
    0xFD, 0x00, 0x00, 0x00, 0x0B, 0xFD, 0x00, 0x00, 0x00, 0x0F, 0xFC, 0x00, 0x00, 0x00, 0x0F, 0xFC,
    0x00, 0x00, 0x00, 0x1F, 0xF8, 0x00, 0x00, 0x00, 0x2F, 0xF4, 0x00, 0x00, 0x00, 0x3F, 0xF0, 0x00,
    0x19, 0x00, 0x3F, 0xF0, 0x00, 0x3F, 0x00, 0x3F, 0xF0, 0x00, 0x7F, 0x00, 0x7F, 0xE0, 0x00, 0xFE,
    0x00, 0xBF, 0xD0, 0x06, 0xFD, 0x07, 0xFF, 0xFF, 0xFF, 0xFC, 0x2F, 0xFF, 0xFF, 0xFF, 0xF8, 0x3F,
    0xFF, 0xFF, 0xFF, 0xF0, 0x00, 0x00, 0x00, 0x00, 0x00, 0x00, 0x00, 0x04, 0x00, 0x00, 0x00, 0x00,
    0xFF, 0x00, 0x00, 0x00, 0x00, 0xBF, 0x40, 0x00, 0x00, 0x00, 0x7F, 0x40, 0x00, 0x00, 0x00, 0xBF,
    0x00, 0x00, 0x00, 0x00, 0xFD, 0x00, 0x00, 0x00, 0x07, 0xF4, 0x00, 0x00, 0x00, 0x06, 0x40, 0x00,
    0x00, 0x00, 0x01, 0x50, 0x00, 0xBF, 0xFC, 0x02, 0xFF, 0xFC, 0x02, 0xFF, 0xFC, 0x00, 0x0B, 0xF8,
    0x00, 0x0F, 0xF8, 0x00, 0x0F, 0xF4, 0x00, 0x1F, 0xF0, 0x00, 0x2F, 0xF0, 0x00, 0x3F, 0xE0, 0x00,
    0x3F, 0xD0, 0x00, 0x7F, 0xC0, 0x00, 0xBF, 0xC0, 0x00, 0xBF, 0x80, 0x00, 0xFF, 0x40, 0x00, 0xFF,
    0x00, 0x01, 0xFF, 0x00, 0x02, 0xFF, 0x00, 0x03, 0xFE, 0x00, 0x03, 0xFD, 0x00, 0x07, 0xFC, 0x00,
    0x0B, 0xFC, 0x30, 0x0B, 0xFE, 0xF4, 0x0F, 0xFF, 0xF0, 0x0F, 0xFF, 0xD0, 0x07, 0xFE, 0x00, 0x00,
    0x50, 0x00, 0x00, 0x40, 0x00, 0x0B, 0xE0, 0x00, 0x0F, 0xF0, 0x00, 0x0B, 0xF0, 0x00, 0x0F, 0xD0,
    0x00, 0x1F, 0x80, 0x00, 0x7E, 0x00, 0x00, 0x64, 0x00, 0x00, 0x00, 0x00, 0x00, 0x00, 0x05, 0x00,
    0x00, 0x00, 0x00, 0x00, 0xFC, 0x00, 0x00, 0x00, 0x00, 0x0F, 0xC0, 0x00, 0xFF, 0xFF, 0xF1, 0xFC,
    0x00, 0x2F, 0xFF, 0xFE, 0x2F, 0x40, 0x01, 0xFF, 0xFF, 0x83, 0xF0, 0x00, 0x00, 0xFF, 0xC0, 0x3D,
    0x00, 0x00, 0x1F, 0xF8, 0x03, 0xC0, 0x00, 0x02, 0xFF, 0x40, 0x00, 0x00, 0x00, 0x3F, 0xF0, 0x00,
    0x00, 0x00, 0x03, 0xFF, 0x00, 0x00, 0x00, 0x00, 0x7F, 0xE0, 0x00, 0x00, 0x00, 0x07, 0xFD, 0x00,
    0x00, 0x00, 0x00, 0xBF, 0xD0, 0x00, 0x00, 0x00, 0x0F, 0xFC, 0x00, 0x00, 0x00, 0x00, 0xFF, 0xC0,
    0x00, 0x00, 0x00, 0x1F, 0xF8, 0x00, 0x00, 0x00, 0x02, 0xFF, 0x40, 0x00, 0x00, 0x00, 0x3F, 0xF0,
    0x00, 0x19, 0x00, 0x03, 0xFF, 0x00, 0x03, 0xF0, 0x00, 0x3F, 0xF0, 0x00, 0x7F, 0x00, 0x07, 0xFE,
    0x00, 0x0F, 0xE0, 0x00, 0xBF, 0xD0, 0x06, 0xFD, 0x00, 0x7F, 0xFF, 0xFF, 0xFF, 0xC0, 0x2F, 0xFF,
    0xFF, 0xFF, 0xF8, 0x03, 0xFF, 0xFF, 0xFF, 0xFF, 0x00, 0x00, 0x15, 0x00, 0x50, 0x2F, 0xFF, 0x0B,
    0xE2, 0xFF, 0xFC, 0x3F, 0x8B, 0xFF, 0xF0, 0xFD, 0x00, 0xBF, 0x87, 0xF0, 0x03, 0xFE, 0x2F, 0x40,
    0x0F, 0xF4, 0xBC, 0x00, 0x7F, 0xC3, 0xD0, 0x02, 0xFF, 0x01, 0x00, 0x0F, 0xF8, 0x00, 0x00, 0x3F,
    0xD0, 0x00, 0x01, 0xFF, 0x00, 0x00, 0x0B, 0xFC, 0x00, 0x00, 0x2F, 0xE0, 0x00, 0x00, 0xFF, 0x40,
    0x00, 0x03, 0xFC, 0x00, 0x00, 0x1F, 0xF0, 0x00, 0x00, 0xBF, 0xC0, 0x00, 0x03, 0xFE, 0x00, 0x00,
    0x0F, 0xF4, 0x00, 0x00, 0x7F, 0xC0, 0x00, 0x02, 0xFF, 0x0C, 0x00, 0x0B, 0xFE, 0xF4, 0x00, 0x3F,
    0xFF, 0xC0, 0x00, 0xFF, 0xFD, 0x00, 0x01, 0xFF, 0x80, 0x00, 0x00, 0x50, 0x00, 0x00, 0x00, 0x00,
    0x0F, 0xFF, 0xFF, 0x00, 0x00, 0x0B, 0xFF, 0xFF, 0x80, 0x00, 0x01, 0xFF, 0xFF, 0x80, 0x00, 0x00,
    0x03, 0xFF, 0x00, 0x00, 0x00, 0x01, 0xFF, 0x80, 0x00, 0x00, 0x00, 0xBF, 0xD0, 0x00, 0x00, 0x00,
    0x3F, 0xF0, 0x00, 0x00, 0x00, 0x0F, 0xFC, 0x00, 0x7C, 0x00, 0x07, 0xFE, 0x00, 0x7F, 0x80, 0x01,
    0xFF, 0x40, 0x3F, 0xF0, 0x00, 0xBF, 0xD0, 0x0F, 0xF8, 0x00, 0x3F, 0xF0, 0x03, 0xF8, 0x00, 0x0F,
    0xFC, 0x00, 0x10, 0x00, 0x07, 0xFE, 0x00, 0x00, 0x00, 0x02, 0xFF, 0x40, 0x00, 0x00, 0x00, 0xFF,
    0xC0, 0x00, 0x64, 0x00, 0x3F, 0xF0, 0x00, 0x3F, 0x00, 0x0F, 0xFC, 0x00, 0x1F, 0xC0, 0x07, 0xFE,
    0x00, 0x0F, 0xE0, 0x02, 0xFF, 0x40, 0x1B, 0xF4, 0x07, 0xFF, 0xFF, 0xFF, 0xFC, 0x0B, 0xFF, 0xFF,
    0xFF, 0xFE, 0x03, 0xFF, 0xFF, 0xFF, 0xFF, 0x00, 0x00, 0x15, 0x00, 0x00, 0xBF, 0xFC, 0x00, 0x2F,
    0xFF, 0xC0, 0x02, 0xFF, 0xFC, 0x00, 0x00, 0xBF, 0x80, 0x00, 0x0F, 0xF8, 0x00, 0x00, 0xFF, 0x40,
    0x00, 0x1F, 0xF0, 0x00, 0x02, 0xFF, 0x00, 0x00, 0x3F, 0xE0, 0x00, 0x03, 0xFD, 0x00, 0x00, 0x7F,
    0xC0, 0x68, 0x0B, 0xFC, 0x1F, 0xF0, 0xBF, 0x83, 0xFF, 0x0F, 0xF4, 0x3F, 0xD0, 0xFF, 0x03, 0xF8,
    0x1F, 0xF0, 0x04, 0x02, 0xFF, 0x00, 0x00, 0x3F, 0xE0, 0x00, 0x03, 0xFD, 0x00, 0x00, 0x7F, 0xC0,
    0x00, 0x0B, 0xFC, 0x30, 0x00, 0xBF, 0xEF, 0x40, 0x0F, 0xFF, 0xF0, 0x00, 0xFF, 0xFD, 0x00, 0x07,
    0xFE, 0x00, 0x00, 0x05, 0x00, 0x00, 0x00, 0x00, 0x0F, 0xFF, 0xFF, 0x00, 0x00, 0x2F, 0xFF, 0xFE,
    0x00, 0x00, 0x1F, 0xFF, 0xF8, 0x00, 0x00, 0x00, 0xFF, 0xC0, 0x00, 0x00, 0x01, 0xFF, 0x80, 0x00,
    0x00, 0x02, 0xFF, 0x40, 0x00, 0x00, 0x03, 0xFF, 0x00, 0x00, 0x00, 0x03, 0xFF, 0x08, 0x00, 0x00,
    0x07, 0xFF, 0xBE, 0x00, 0x00, 0x07, 0xFF, 0xFD, 0x00, 0x00, 0x0B, 0xFF, 0xD0, 0x00, 0x00, 0x1F,
    0xFD, 0x00, 0x00, 0x01, 0xFF, 0xFC, 0x00, 0x00, 0x0F, 0xFF, 0xF8, 0x00, 0x00, 0x0F, 0xAF, 0xF4,
    0x00, 0x00, 0x04, 0x3F, 0xF0, 0x00, 0x19, 0x00, 0x3F, 0xF0, 0x00, 0x3F, 0x00, 0x3F, 0xF0, 0x00,
    0x7F, 0x00, 0x7F, 0xE0, 0x00, 0xFE, 0x00, 0xBF, 0xD0, 0x06, 0xFD, 0x07, 0xFF, 0xFF, 0xFF, 0xFC,
    0x2F, 0xFF, 0xFF, 0xFF, 0xF8, 0x3F, 0xFF, 0xFF, 0xFF, 0xF0, 0x00, 0x01, 0x50, 0x00, 0x2F, 0xFF,
    0x00, 0x2F, 0xFF, 0xC0, 0x0B, 0xFF, 0xF0, 0x00, 0x0B, 0xF8, 0x00, 0x03, 0xFE, 0x00, 0x00, 0xFF,
    0x40, 0x00, 0x7F, 0xC0, 0x00, 0x2F, 0xF0, 0x00, 0x0F, 0xF8, 0x40, 0x03, 0xFE, 0xF4, 0x01, 0xFF,
    0xFD, 0x00, 0xBF, 0xF8, 0x00, 0x3F, 0xF0, 0x00, 0xBF, 0xF4, 0x01, 0xFF, 0xFC, 0x00, 0x3E, 0xFF,
    0x00, 0x00, 0xBF, 0xC0, 0x00, 0x3F, 0xE0, 0x00, 0x0F, 0xF4, 0x00, 0x07, 0xFC, 0x00, 0x02, 0xFF,
    0x0C, 0x00, 0xBF, 0xEF, 0x40, 0x3F, 0xFF, 0xC0, 0x0F, 0xFF, 0xD0, 0x01, 0xFF, 0x80, 0x00, 0x05,
    0x00, 0x00, 0x00, 0x00, 0x00, 0x00, 0x00, 0x00, 0x00, 0x00, 0x00, 0x00, 0x00, 0x00, 0x70, 0x00,
    0x00, 0x00, 0x00, 0x00, 0x00, 0xBD, 0x00, 0x00, 0x00, 0x00, 0x00, 0x01, 0xFF, 0x80, 0x00, 0x00,
    0x00, 0x00, 0x02, 0xFF, 0xD0, 0x00, 0x00, 0x00, 0x00, 0x03, 0xFF, 0xD0, 0x00, 0x00, 0x00, 0x00,
    0x02, 0xFE, 0x40, 0x00, 0x00, 0x00, 0x00, 0x00, 0x64, 0x00, 0x00, 0x00, 0x00, 0x00, 0x00, 0x00,
    0x00, 0x00, 0x00, 0x00, 0x00, 0x00, 0x00, 0x00, 0x00, 0x00, 0x00, 0x03, 0xFF, 0xF0, 0x00, 0x3F,
    0xFF, 0xF0, 0x02, 0xFF, 0xFD, 0x00, 0x1F, 0xFF, 0xFC, 0x00, 0x3F, 0xFF, 0xC0, 0x02, 0xFF, 0xF8,
    0x00, 0x00, 0xFF, 0xF4, 0x00, 0x0F, 0xF0, 0x00, 0x00, 0x7F, 0xFE, 0x00, 0x03, 0xF8, 0x00, 0x00,
    0x2F, 0xFF, 0xC0, 0x01, 0xFD, 0x00, 0x00, 0x0F, 0xFF, 0xF8, 0x00, 0xBF, 0x40, 0x00, 0x03, 0xFF,
    0xFF, 0x00, 0x3F, 0xC0, 0x00, 0x00, 0xFE, 0xFF, 0xD0, 0x0F, 0xF0, 0x00, 0x00, 0x7F, 0x5F, 0xFC,
    0x03, 0xF8, 0x00, 0x00, 0x2F, 0xC3, 0xFF, 0x41, 0xFD, 0x00, 0x00, 0x0F, 0xF0, 0x7F, 0xF0, 0xBF,
    0x00, 0x00, 0x03, 0xFC, 0x0F, 0xFC, 0x3F, 0xC0, 0x00, 0x01, 0xFE, 0x02, 0xFF, 0x8F, 0xF0, 0x00,
    0x00, 0xBF, 0x40, 0x3F, 0xF7, 0xF8, 0x00, 0x00, 0x2F, 0xC0, 0x0B, 0xFF, 0xFD, 0x00, 0x00, 0x0F,
    0xF0, 0x00, 0xFF, 0xFF, 0x00, 0x00, 0x03, 0xF8, 0x00, 0x2F, 0xFF, 0xC0, 0x00, 0x01, 0xFD, 0x00,
    0x07, 0xFF, 0xE0, 0x00, 0x00, 0xBF, 0x40, 0x00, 0xFF, 0xF8, 0x00, 0x00, 0xBF, 0xF8, 0x00, 0x1F,
    0xFD, 0x00, 0x01, 0xFF, 0xFF, 0x80, 0x03, 0xFF, 0x00, 0x00, 0xFF, 0xFF, 0xD0, 0x00, 0x7F, 0xC0,
    0x00, 0x00, 0x00, 0x00, 0x00, 0x05, 0x00, 0x00, 0x00, 0x00, 0x00, 0x00, 0x00, 0x00, 0x00, 0x00,
    0x00, 0x70, 0x00, 0x00, 0x00, 0x03, 0xF0, 0x00, 0x00, 0x00, 0x2F, 0xD0, 0x00, 0x00, 0x01, 0xFF,
    0x00, 0x00, 0x00, 0x0F, 0xF4, 0x00, 0x00, 0x00, 0xBF, 0x40, 0x00, 0x00, 0x03, 0xF4, 0x00, 0x00,
    0x00, 0x07, 0x00, 0x00, 0x00, 0x00, 0x00, 0x00, 0x00, 0x00, 0x00, 0x00, 0x00, 0x00, 0x19, 0x00,
    0x1A, 0x40, 0x2F, 0xFE, 0x07, 0xFF, 0x43, 0xFF, 0xF8, 0xBF, 0xFF, 0x0A, 0xBF, 0xEB, 0xFF, 0xFC,
    0x00, 0xBF, 0xBE, 0x2F, 0xF0, 0x03, 0xFF, 0xE0, 0x7F, 0xC0, 0x0F, 0xFF, 0x02, 0xFE, 0x00, 0x7F,
    0xF0, 0x0F, 0xF4, 0x02, 0xFF, 0x80, 0x3F, 0xC0, 0x0F, 0xFC, 0x01, 0xFF, 0x00, 0x3F, 0xE0, 0x0B,
    0xF8, 0x01, 0xFF, 0x40, 0x3F, 0xD0, 0x07, 0xFC, 0x01, 0xFF, 0x00, 0x2F, 0xF0, 0x07, 0xFC, 0x30,
    0xFF, 0x80, 0x2F, 0xFB, 0xD3, 0xFD, 0x00, 0xFF, 0xFF, 0x1F, 0xF0, 0x02, 0xFF, 0xF4, 0xBF, 0x80,
    0x07, 0xFE, 0x00, 0x00, 0x00, 0x01, 0x40, 0x00, 0x00, 0x3F, 0xFF, 0x00, 0x03, 0xFF, 0xFF, 0x00,
    0x2F, 0xFF, 0xD0, 0x01, 0xFF, 0xFF, 0xC0, 0x03, 0xFF, 0xFC, 0x00, 0x2F, 0xFF, 0x80, 0x00, 0x0F,
    0xFF, 0x40, 0x00, 0xFF, 0x00, 0x00, 0x07, 0xFF, 0xE0, 0x00, 0x3F, 0x80, 0x00, 0x02, 0xFF, 0xFC,
    0x00, 0x1F, 0xD0, 0x00, 0x00, 0xFF, 0xFF, 0x80, 0x0B, 0xF4, 0x00, 0x00, 0x3F, 0xFF, 0xF0, 0x03,
    0xFC, 0x00, 0x00, 0x0F, 0xEF, 0xFD, 0x00, 0xFF, 0x00, 0x00, 0x07, 0xF5, 0xFF, 0xC0, 0x3F, 0x80,
    0x00, 0x02, 0xFC, 0x3F, 0xF4, 0x1F, 0xD0, 0x00, 0x00, 0xFF, 0x07, 0xFF, 0x0B, 0xF0, 0x00, 0x00,
    0x3F, 0xC0, 0xFF, 0xC3, 0xFC, 0x00, 0x00, 0x1F, 0xE0, 0x2F, 0xF8, 0xFF, 0x00, 0x00, 0x0B, 0xF4,
    0x03, 0xFF, 0x7F, 0x80, 0x00, 0x02, 0xFC, 0x00, 0xBF, 0xFF, 0xD0, 0x00, 0x00, 0xFF, 0x00, 0x0F,
    0xFF, 0xF0, 0x00, 0x00, 0x3F, 0x80, 0x02, 0xFF, 0xFC, 0x00, 0x00, 0x1F, 0xD0, 0x00, 0x7F, 0xFE,
    0x00, 0x00, 0x0B, 0xF4, 0x00, 0x0F, 0xFF, 0x80, 0x00, 0x0B, 0xFF, 0x80, 0x01, 0xFF, 0xD0, 0x00,
    0x1F, 0xFF, 0xF8, 0x00, 0x3F, 0xF0, 0x00, 0x0F, 0xFF, 0xFD, 0x00, 0x07, 0xFC, 0x00, 0x00, 0x00,
    0x00, 0x00, 0x00, 0x50, 0x00, 0x00, 0x00, 0x00, 0x01, 0x40, 0x00, 0x00, 0x00, 0x00, 0x00, 0x03,
    0xFC, 0x00, 0x00, 0x00, 0x00, 0x00, 0x00, 0xFF, 0x00, 0x00, 0x00, 0x00, 0x00, 0x00, 0x2F, 0xC0,
    0x00, 0x00, 0x00, 0x00, 0x00, 0x0F, 0xE0, 0x00, 0x00, 0x00, 0x00, 0x00, 0x07, 0xF0, 0x00, 0x00,
    0x00, 0x00, 0x00, 0x0B, 0xF0, 0x00, 0x00, 0x00, 0x00, 0x00, 0x01, 0x90, 0x00, 0x00, 0x00, 0x00,
    0x00, 0x64, 0x00, 0x69, 0x00, 0xBF, 0xF8, 0x1F, 0xFD, 0x0F, 0xFF, 0xE2, 0xFF, 0xFC, 0x2A, 0xFF,
    0xAF, 0xFF, 0xF0, 0x02, 0xFE, 0xF8, 0xBF, 0xC0, 0x0F, 0xFF, 0x81, 0xFF, 0x00, 0x3F, 0xFC, 0x0B,
    0xF8, 0x01, 0xFF, 0xC0, 0x3F, 0xD0, 0x0B, 0xFE, 0x00, 0xFF, 0x00, 0x3F, 0xF0, 0x07, 0xFC, 0x00,
    0xFF, 0x80, 0x2F, 0xE0, 0x07, 0xFD, 0x00, 0xFF, 0x40, 0x1F, 0xF0, 0x07, 0xFC, 0x00, 0xBF, 0xC0,
    0x1F, 0xF0, 0xC3, 0xFE, 0x00, 0xBF, 0xEF, 0x4F, 0xF4, 0x03, 0xFF, 0xFC, 0x7F, 0xC0, 0x0B, 0xFF,
    0xD2, 0xFE, 0x00, 0x1F, 0xF8, 0x00, 0x00, 0x00, 0x05, 0x00, 0x00, 0x00, 0x40, 0x00, 0x00, 0x00,
    0x0F, 0xD0, 0x00, 0x00, 0x00, 0x3F, 0x80, 0x00, 0x00, 0x00, 0xFE, 0x00, 0x00, 0x00, 0x03, 0xF0,
    0x00, 0x00, 0x00, 0x1F, 0x40, 0x00, 0x00, 0x01, 0xF4, 0x00, 0x00, 0x00, 0x06, 0x00, 0x00, 0x00,
    0x00, 0x00, 0x00, 0x01, 0x90, 0x00, 0xB8, 0x00, 0x00, 0x00, 0x00, 0xFC, 0x00, 0xFF, 0x00, 0x00,
    0x00, 0x00, 0x2F, 0xC1, 0xFE, 0x00, 0x00, 0x00, 0x00, 0x03, 0xFD, 0xFE, 0x00, 0x00, 0x00, 0x00,
    0x00, 0x7F, 0xFD, 0x00, 0x00, 0x00, 0x00, 0x00, 0x07, 0xFD, 0x00, 0x00, 0x00, 0x00, 0x00, 0x00,
    0xBD, 0x00, 0x00, 0x00, 0x00, 0x00, 0x00, 0x00, 0x00, 0x00, 0x00, 0x00, 0x00, 0x00, 0x00, 0x00,
    0x00, 0x00, 0x00, 0x0F, 0xFF, 0xC0, 0x00, 0xFF, 0xFF, 0xC0, 0x0B, 0xFF, 0xF4, 0x00, 0x7F, 0xFF,
    0xF0, 0x00, 0xFF, 0xFF, 0x00, 0x0B, 0xFF, 0xE0, 0x00, 0x03, 0xFF, 0xD0, 0x00, 0x3F, 0xC0, 0x00,
    0x01, 0xFF, 0xF8, 0x00, 0x0F, 0xE0, 0x00, 0x00, 0xBF, 0xFF, 0x00, 0x07, 0xF4, 0x00, 0x00, 0x3F,
    0xFF, 0xE0, 0x02, 0xFD, 0x00, 0x00, 0x0F, 0xFF, 0xFC, 0x00, 0xFF, 0x00, 0x00, 0x03, 0xFB, 0xFF,
    0x40, 0x3F, 0xC0, 0x00, 0x01, 0xFD, 0x7F, 0xF0, 0x0F, 0xE0, 0x00, 0x00, 0xBF, 0x0F, 0xFD, 0x07,
    0xF4, 0x00, 0x00, 0x3F, 0xC1, 0xFF, 0xC2, 0xFC, 0x00, 0x00, 0x0F, 0xF0, 0x3F, 0xF0, 0xFF, 0x00,
    0x00, 0x07, 0xF8, 0x0B, 0xFE, 0x3F, 0xC0, 0x00, 0x02, 0xFD, 0x00, 0xFF, 0xDF, 0xE0, 0x00, 0x00,
    0xBF, 0x00, 0x2F, 0xFF, 0xF4, 0x00, 0x00, 0x3F, 0xC0, 0x03, 0xFF, 0xFC, 0x00, 0x00, 0x0F, 0xE0,
    0x00, 0xBF, 0xFF, 0x00, 0x00, 0x07, 0xF4, 0x00, 0x1F, 0xFF, 0x80, 0x00, 0x02, 0xFD, 0x00, 0x03,
    0xFF, 0xE0, 0x00, 0x02, 0xFF, 0xE0, 0x00, 0x7F, 0xF4, 0x00, 0x07, 0xFF, 0xFE, 0x00, 0x0F, 0xFC,
    0x00, 0x03, 0xFF, 0xFF, 0x40, 0x01, 0xFF, 0x00, 0x00, 0x00, 0x00, 0x00, 0x00, 0x14, 0x00, 0x00,
    0x00, 0x00, 0x01, 0x40, 0x02, 0x40, 0x00, 0x2F, 0x00, 0x7F, 0x00, 0x00, 0xBE, 0x07, 0xF0, 0x00,
    0x00, 0xFC, 0x7F, 0x00, 0x00, 0x03, 0xFF, 0xF4, 0x00, 0x00, 0x07, 0xFF, 0x40, 0x00, 0x00, 0x0B,
    0xF8, 0x00, 0x00, 0x00, 0x0F, 0x80, 0x00, 0x00, 0x00, 0x00, 0x00, 0x00, 0x00, 0x00, 0x00, 0x00,
    0x00, 0x06, 0x40, 0x06, 0x90, 0x0B, 0xFF, 0x81, 0xFF, 0xD0, 0xFF, 0xFE, 0x2F, 0xFF, 0xC2, 0xAF,
    0xFA, 0xFF, 0xFF, 0x00, 0x2F, 0xEF, 0x8B, 0xFC, 0x00, 0xFF, 0xF8, 0x1F, 0xF0, 0x03, 0xFF, 0xC0,
    0xBF, 0x80, 0x1F, 0xFC, 0x03, 0xFD, 0x00, 0xBF, 0xE0, 0x0F, 0xF0, 0x03, 0xFF, 0x00, 0x7F, 0xC0,
    0x0F, 0xF8, 0x02, 0xFE, 0x00, 0x7F, 0xD0, 0x0F, 0xF4, 0x01, 0xFF, 0x00, 0x7F, 0xC0, 0x0B, 0xFC,
    0x01, 0xFF, 0x0C, 0x3F, 0xE0, 0x0B, 0xFE, 0xF4, 0xFF, 0x40, 0x3F, 0xFF, 0xC7, 0xFC, 0x00, 0xBF,
    0xFD, 0x2F, 0xE0, 0x01, 0xFF, 0x80, 0x00, 0x00, 0x00, 0x50, 0x00, 0x01, 0xA0, 0x00, 0x00, 0x00,
    0x00, 0x01, 0xFF, 0x00, 0x00, 0x00, 0x00, 0x00, 0x7F, 0xC0, 0x00, 0x00, 0x00, 0x00, 0x0F, 0xF0,
    0x00, 0x00, 0x00, 0x00, 0x03, 0xFC, 0x00, 0x00, 0x00, 0x00, 0x01, 0xFD, 0x00, 0x00, 0x00, 0x00,
    0x00, 0xFF, 0x00, 0x00, 0x00, 0x00, 0x00, 0x7F, 0x40, 0x59, 0x00, 0x1A, 0x40, 0x3F, 0x82, 0xFF,
    0xE0, 0x7F, 0xF4, 0x2F, 0x83, 0xFF, 0xF8, 0xBF, 0xFF, 0x01, 0x00, 0xAB, 0xFE, 0xBF, 0xFF, 0xC0,
    0x00, 0x00, 0xBF, 0xBE, 0x2F, 0xF0, 0x00, 0x00, 0x3F, 0xFE, 0x07, 0xFC, 0x00, 0x00, 0x0F, 0xFE,
    0x02, 0xFE, 0x00, 0x00, 0x07, 0xFF, 0x00, 0xFF, 0x40, 0x00, 0x02, 0xFF, 0x80, 0x3F, 0xC0, 0x00,
    0x00, 0xFF, 0xC0, 0x2F, 0xF0, 0x00, 0x00, 0x3F, 0xE0, 0x0F, 0xF8, 0x00, 0x00, 0x1F, 0xF4, 0x03,
    0xFD, 0x00, 0x00, 0x0B, 0xFC, 0x01, 0xFF, 0x00, 0x00, 0x03, 0xFF, 0x00, 0xBF, 0xC3, 0x00, 0x00,
    0xFF, 0x80, 0x2F, 0xFB, 0xD0, 0x00, 0x3F, 0xD0, 0x0F, 0xFF, 0xF0, 0x00, 0x1F, 0xF0, 0x03, 0xFF,
    0xF4, 0x00, 0x0B, 0xF8, 0x00, 0x7F, 0xE0, 0x00, 0x00, 0x00, 0x00, 0x01, 0x40, 0x00, 0x00, 0x3F,
    0xFF, 0x00, 0x03, 0xFF, 0xFF, 0x00, 0x2F, 0xFF, 0xD0, 0x01, 0xFF, 0xFF, 0xC0, 0x03, 0xFF, 0xFC,
    0x00, 0x2F, 0xFF, 0x80, 0x00, 0x0F, 0xFF, 0x40, 0x00, 0xFF, 0x00, 0x00, 0x07, 0xFF, 0xE0, 0x00,
    0x3F, 0x80, 0x00, 0x02, 0xFF, 0xFC, 0x00, 0x1F, 0xD0, 0x00, 0x00, 0xFF, 0xFF, 0x80, 0x0B, 0xF4,
    0x00, 0x00, 0x3F, 0xFF, 0xF0, 0x03, 0xFC, 0x00, 0x00, 0x0F, 0xEF, 0xFD, 0x00, 0xFF, 0x00, 0x00,
    0x07, 0xF5, 0xFF, 0xC0, 0x3F, 0x80, 0x00, 0x02, 0xFC, 0x3F, 0xF4, 0x1F, 0xD0, 0x00, 0x00, 0xFF,
    0x07, 0xFF, 0x0B, 0xF0, 0x00, 0x00, 0x3F, 0xC0, 0xFF, 0xC3, 0xFC, 0x00, 0x00, 0x1F, 0xE0, 0x2F,
    0xF8, 0xFF, 0x00, 0x00, 0x0B, 0xF4, 0x03, 0xFF, 0x7F, 0x80, 0x00, 0x02, 0xFC, 0x00, 0xBF, 0xFF,
    0xD0, 0x00, 0x00, 0xFF, 0x00, 0x0F, 0xFF, 0xF0, 0x00, 0x00, 0x3F, 0x80, 0x02, 0xFF, 0xFC, 0x00,
    0x00, 0x1F, 0xD0, 0x00, 0x7F, 0xFE, 0x00, 0x00, 0x0B, 0xF4, 0x00, 0x0F, 0xFF, 0x80, 0x00, 0x0B,
    0xFF, 0x80, 0x01, 0xFF, 0xD0, 0x00, 0x1F, 0xFF, 0xF8, 0x00, 0x3F, 0xF0, 0x00, 0x0F, 0xFF, 0xFD,
    0x00, 0x07, 0xFC, 0x00, 0x00, 0x00, 0x00, 0x00, 0x01, 0xFD, 0x00, 0x00, 0x00, 0x00, 0x06, 0x00,
    0xFF, 0x00, 0x00, 0x00, 0x00, 0x03, 0xF0, 0xBF, 0x80, 0x00, 0x00, 0x00, 0x02, 0xFF, 0xFF, 0xC0,
    0x00, 0x00, 0x00, 0x00, 0xBF, 0xFF, 0xC0, 0x00, 0x00, 0x00, 0x00, 0x0F, 0xFF, 0x80, 0x00, 0x00,
    0x00, 0x00, 0x00, 0x55, 0x00, 0x00, 0x00, 0x00, 0x00, 0x64, 0x00, 0x69, 0x02, 0xFF, 0xE0, 0x7F,
    0xF4, 0xFF, 0xFE, 0x2F, 0xFF, 0xCA, 0xBF, 0xEB, 0xFF, 0xFC, 0x02, 0xFE, 0xF8, 0xBF, 0xC0, 0x3F,
    0xFE, 0x07, 0xFC, 0x03, 0xFF, 0xC0, 0xBF, 0x80, 0x7F, 0xF0, 0x0F, 0xF8, 0x0B, 0xFE, 0x00, 0xFF,
    0x40, 0xFF, 0xC0, 0x1F, 0xF0, 0x0F, 0xF8, 0x02, 0xFF, 0x01, 0xFF, 0x40, 0x3F, 0xE0, 0x1F, 0xF0,
    0x03, 0xFD, 0x02, 0xFF, 0x00, 0x7F, 0xC0, 0x3F, 0xE0, 0x0B, 0xFC, 0x03, 0xFD, 0x00, 0xFF, 0x80,
    0x7F, 0xC0, 0x0F, 0xF4, 0x0B, 0xF8, 0x01, 0xFF, 0x00, 0x00, 0x00, 0x3F, 0xE0, 0x00, 0x00, 0x03,
    0xFC, 0x00, 0x00, 0x00, 0xBF, 0xC0, 0x00, 0x3D, 0x0F, 0xF0, 0x00, 0x0B, 0xFF, 0xFE, 0x00, 0x00,
    0xBF, 0xFF, 0xC0, 0x00, 0x03, 0xFF, 0xE0, 0x00, 0x00, 0x0A, 0xA4, 0x00, 0x00, 0x00, 0x00, 0x05,
    0x55, 0x55, 0x00, 0x00, 0x00, 0x0F, 0xFF, 0xFF, 0x00, 0x00, 0x00, 0x1F, 0xFF, 0xFF, 0x00, 0x00,
    0x00, 0x0A, 0xAA, 0xA9, 0x00, 0x00, 0x00, 0x00, 0x00, 0x00, 0x00, 0x00, 0x00, 0x00, 0x00, 0x00,
    0x00, 0x00, 0x00, 0x00, 0x55, 0x40, 0x00, 0x00, 0x00, 0x2F, 0xFF, 0xF8, 0x00, 0x00, 0x02, 0xFF,
    0xFF, 0xFF, 0x40, 0x00, 0x0F, 0xFF, 0xFF, 0xFF, 0xD0, 0x00, 0x3F, 0xFE, 0x56, 0xFF, 0xF0, 0x00,
    0xFF, 0xF0, 0x00, 0x7F, 0xF8, 0x02, 0xFF, 0xC0, 0x00, 0x3F, 0xFC, 0x03, 0xFF, 0x40, 0x00, 0x1F,
    0xFC, 0x0B, 0xFF, 0x00, 0x00, 0x1F, 0xFD, 0x0F, 0xFD, 0x00, 0x00, 0x0F, 0xFD, 0x1F, 0xFC, 0x00,
    0x00, 0x0F, 0xFD, 0x2F, 0xFC, 0x00, 0x00, 0x1F, 0xFD, 0x3F, 0xF8, 0x00, 0x00, 0x1F, 0xFC, 0x3F,
    0xF8, 0x00, 0x00, 0x2F, 0xFC, 0x3F, 0xF8, 0x00, 0x00, 0x3F, 0xF8, 0x3F, 0xF8, 0x00, 0x00, 0x3F,
    0xF4, 0x3F, 0xF8, 0x00, 0x00, 0xBF, 0xF0, 0x3F, 0xFC, 0x00, 0x00, 0xFF, 0xD0, 0x2F, 0xFD, 0x00,
    0x03, 0xFF, 0xC0, 0x0F, 0xFF, 0x00, 0x0F, 0xFF, 0x00, 0x0B, 0xFF, 0xE5, 0xBF, 0xFD, 0x00, 0x03,
    0xFF, 0xFF, 0xFF, 0xF0, 0x00, 0x00, 0xFF, 0xFF, 0xFF, 0x80, 0x00, 0x00, 0x1F, 0xFF, 0xF8, 0x00,
    0x00, 0x00, 0x00, 0x14, 0x00, 0x00, 0x00, 0x00, 0x01, 0xAA, 0xAA, 0x80, 0x00, 0x3F, 0xFF, 0xFD,
    0x00, 0x03, 0xFF, 0xFF, 0xC0, 0x00, 0x15, 0x55, 0x54, 0x00, 0x00, 0x00, 0x00, 0x00, 0x00, 0x00,
    0x00, 0x00, 0x00, 0x00, 0x1A, 0x40, 0x00, 0x00, 0x7F, 0xFF, 0x80, 0x00, 0x2F, 0xFF, 0xFF, 0x00,
    0x0F, 0xFF, 0xBF, 0xF4, 0x02, 0xFF, 0x01, 0xFF, 0x80, 0x7F, 0xC0, 0x0F, 0xFC, 0x0F, 0xF8, 0x00,
    0xBF, 0xC0, 0xFF, 0x40, 0x0B, 0xFC, 0x2F, 0xF0, 0x00, 0xBF, 0xC3, 0xFF, 0x00, 0x0F, 0xF8, 0x3F,
    0xE0, 0x00, 0xFF, 0x43, 0xFE, 0x00, 0x1F, 0xF0, 0x3F, 0xE0, 0x03, 0xFE, 0x03, 0xFF, 0x00, 0xBF,
    0xC0, 0x2F, 0xF4, 0x2F, 0xF4, 0x01, 0xFF, 0xFF, 0xFD, 0x00, 0x0B, 0xFF, 0xFF, 0x40, 0x00, 0x1F,
    0xFF, 0x80, 0x00, 0x00, 0x05, 0x00, 0x00, 0x00, 0x00, 0x00, 0x00, 0x00, 0x00, 0x00, 0x00, 0x00,
    0x0B, 0x80, 0x03, 0x00, 0x00, 0x00, 0x0F, 0xC0, 0x1F, 0x00, 0x00, 0x00, 0x0F, 0xFE, 0xFE, 0x00,
    0x00, 0x00, 0x0B, 0xFF, 0xF8, 0x00, 0x00, 0x00, 0x02, 0xFF, 0xD0, 0x00, 0x00, 0x00, 0x00, 0x04,
    0x00, 0x00, 0x00, 0x00, 0x00, 0x00, 0x00, 0x00, 0x00, 0x00, 0x00, 0x55, 0x40, 0x00, 0x00, 0x00,
    0x2F, 0xFF, 0xF8, 0x00, 0x00, 0x02, 0xFF, 0xFF, 0xFF, 0x40, 0x00, 0x0F, 0xFF, 0xFF, 0xFF, 0xD0,
    0x00, 0x3F, 0xFE, 0x56, 0xFF, 0xF0, 0x00, 0xFF, 0xF0, 0x00, 0x7F, 0xF8, 0x02, 0xFF, 0xC0, 0x00,
    0x3F, 0xFC, 0x03, 0xFF, 0x40, 0x00, 0x1F, 0xFC, 0x0B, 0xFF, 0x00, 0x00, 0x1F, 0xFD, 0x0F, 0xFD,
    0x00, 0x00, 0x0F, 0xFD, 0x1F, 0xFC, 0x00, 0x00, 0x0F, 0xFD, 0x2F, 0xFC, 0x00, 0x00, 0x1F, 0xFD,
    0x3F, 0xF8, 0x00, 0x00, 0x1F, 0xFC, 0x3F, 0xF8, 0x00, 0x00, 0x2F, 0xFC, 0x3F, 0xF8, 0x00, 0x00,
    0x3F, 0xF8, 0x3F, 0xF8, 0x00, 0x00, 0x3F, 0xF4, 0x3F, 0xF8, 0x00, 0x00, 0xBF, 0xF0, 0x3F, 0xFC,
    0x00, 0x00, 0xFF, 0xD0, 0x2F, 0xFD, 0x00, 0x03, 0xFF, 0xC0, 0x0F, 0xFF, 0x00, 0x0F, 0xFF, 0x00,
    0x0B, 0xFF, 0xE5, 0xBF, 0xFD, 0x00, 0x03, 0xFF, 0xFF, 0xFF, 0xF0, 0x00, 0x00, 0xFF, 0xFF, 0xFF,
    0x80, 0x00, 0x00, 0x1F, 0xFF, 0xF8, 0x00, 0x00, 0x00, 0x00, 0x14, 0x00, 0x00, 0x00, 0x00, 0x00,
    0x50, 0x00, 0x10, 0x00, 0x2F, 0x00, 0x0D, 0x00, 0x03, 0xFC, 0x07, 0xD0, 0x00, 0x2F, 0xFF, 0xF8,
    0x00, 0x00, 0xFF, 0xFE, 0x00, 0x00, 0x02, 0xFE, 0x40, 0x00, 0x00, 0x00, 0x00, 0x00, 0x00, 0x00,
    0x00, 0x00, 0x00, 0x00, 0x1A, 0x40, 0x00, 0x00, 0x7F, 0xFF, 0x80, 0x00, 0x2F, 0xFF, 0xFF, 0x00,
    0x0F, 0xFF, 0xBF, 0xF4, 0x02, 0xFF, 0x01, 0xFF, 0x80, 0x7F, 0xC0, 0x0F, 0xFC, 0x0F, 0xF8, 0x00,
    0xBF, 0xC0, 0xFF, 0x40, 0x0B, 0xFC, 0x2F, 0xF0, 0x00, 0xBF, 0xC3, 0xFF, 0x00, 0x0F, 0xF8, 0x3F,
    0xE0, 0x00, 0xFF, 0x43, 0xFE, 0x00, 0x1F, 0xF0, 0x3F, 0xE0, 0x03, 0xFE, 0x03, 0xFF, 0x00, 0xBF,
    0xC0, 0x2F, 0xF4, 0x2F, 0xF4, 0x01, 0xFF, 0xFF, 0xFD, 0x00, 0x0B, 0xFF, 0xFF, 0x40, 0x00, 0x1F,
    0xFF, 0x80, 0x00, 0x00, 0x05, 0x00, 0x00, 0x00, 0x00, 0x00, 0x00, 0x00, 0x00, 0x00, 0x00, 0x00,
    0x00, 0x01, 0xD0, 0x02, 0xC0, 0x00, 0x00, 0x02, 0xFC, 0x03, 0xF8, 0x00, 0x00, 0x03, 0xFF, 0x07,
    0xFE, 0x00, 0x00, 0x07, 0xFF, 0x4B, 0xFF, 0x00, 0x00, 0x0B, 0xFE, 0x0F, 0xFD, 0x00, 0x00, 0x03,
    0xF8, 0x07, 0xF4, 0x00, 0x00, 0x00, 0xA0, 0x00, 0x90, 0x00, 0x00, 0x00, 0x00, 0x00, 0x00, 0x00,
    0x00, 0x00, 0x00, 0x15, 0x50, 0x00, 0x00, 0x00, 0x02, 0xFF, 0xFF, 0x80, 0x00, 0x00, 0x0B, 0xFF,
    0xFF, 0xFD, 0x00, 0x00, 0x0F, 0xFF, 0xFF, 0xFF, 0xD0, 0x00, 0x0F, 0xFF, 0x95, 0xBF, 0xFC, 0x00,
    0x0F, 0xFF, 0x00, 0x07, 0xFF, 0x80, 0x0B, 0xFF, 0x00, 0x00, 0xFF, 0xF0, 0x03, 0xFF, 0x40, 0x00,
    0x1F, 0xFC, 0x02, 0xFF, 0xC0, 0x00, 0x07, 0xFF, 0x40, 0xFF, 0xD0, 0x00, 0x00, 0xFF, 0xD0, 0x7F,
    0xF0, 0x00, 0x00, 0x3F, 0xF4, 0x2F, 0xFC, 0x00, 0x00, 0x1F, 0xFD, 0x0F, 0xFE, 0x00, 0x00, 0x07,
    0xFF, 0x03, 0xFF, 0x80, 0x00, 0x02, 0xFF, 0xC0, 0xFF, 0xE0, 0x00, 0x00, 0xFF, 0xE0, 0x3F, 0xF8,
    0x00, 0x00, 0x3F, 0xF4, 0x0F, 0xFE, 0x00, 0x00, 0x2F, 0xFC, 0x03, 0xFF, 0xC0, 0x00, 0x0F, 0xFD,
    0x00, 0xBF, 0xF4, 0x00, 0x0F, 0xFF, 0x00, 0x0F, 0xFF, 0x00, 0x0F, 0xFF, 0x00, 0x02, 0xFF, 0xF9,
    0x6F, 0xFF, 0x40, 0x00, 0x3F, 0xFF, 0xFF, 0xFF, 0x00, 0x00, 0x03, 0xFF, 0xFF, 0xFE, 0x00, 0x00,
    0x00, 0x1F, 0xFF, 0xF8, 0x00, 0x00, 0x00, 0x00, 0x05, 0x00, 0x00, 0x00, 0x00, 0x00, 0x00, 0x00,
    0x00, 0x00, 0x00, 0x00, 0x07, 0x80, 0xB4, 0x00, 0x00, 0x0F, 0xD1, 0xFC, 0x00, 0x00, 0x3F, 0xC3,
    0xFC, 0x00, 0x00, 0xBF, 0x4B, 0xF4, 0x00, 0x00, 0xFD, 0x1F, 0xD0, 0x00, 0x03, 0xF4, 0x3F, 0x00,
    0x00, 0x03, 0xD0, 0x3C, 0x00, 0x00, 0x00, 0x00, 0x00, 0x00, 0x00, 0x00, 0x00, 0x00, 0x00, 0x00,
    0x00, 0x1A, 0x40, 0x00, 0x00, 0x07, 0xFF, 0xF8, 0x00, 0x00, 0x2F, 0xFF, 0xFF, 0x00, 0x00, 0xFF,
    0xFB, 0xFF, 0x40, 0x02, 0xFF, 0x01, 0xFF, 0x80, 0x07, 0xFC, 0x00, 0xFF, 0xC0, 0x0F, 0xF8, 0x00,
    0xBF, 0xC0, 0x0F, 0xF4, 0x00, 0xBF, 0xC0, 0x2F, 0xF0, 0x00, 0xBF, 0xC0, 0x3F, 0xF0, 0x00, 0xFF,
    0x80, 0x3F, 0xE0, 0x00, 0xFF, 0x40, 0x3F, 0xE0, 0x01, 0xFF, 0x00, 0x3F, 0xE0, 0x03, 0xFE, 0x00,
    0x3F, 0xF0, 0x0B, 0xFC, 0x00, 0x2F, 0xF4, 0x2F, 0xF4, 0x00, 0x1F, 0xFF, 0xFF, 0xD0, 0x00, 0x0B,
    0xFF, 0xFF, 0x40, 0x00, 0x01, 0xFF, 0xF8, 0x00, 0x00, 0x00, 0x05, 0x00, 0x00, 0x00, 0x00, 0x00,
    0x00, 0x00, 0x00, 0x00, 0x00, 0x00, 0x00, 0x00, 0x02, 0xFF, 0xFF, 0xFF, 0xFF, 0xFF, 0xE0, 0x00,
    0x0B, 0xFF, 0xFF, 0xFF, 0xFF, 0xFF, 0xF8, 0x00, 0x1F, 0xFF, 0xFF, 0xFF, 0xFF, 0xFF, 0xFD, 0x00,
    0x2F, 0xFF, 0x90, 0x0F, 0xF8, 0x01, 0x7F, 0x40, 0x2F, 0xFE, 0x00, 0x07, 0xFD, 0x00, 0x0F, 0xC0,
    0x1F, 0xFD, 0x00, 0x01, 0xFF, 0x00, 0x03, 0xF0, 0x0F, 0xFE, 0x00, 0x00, 0xBF, 0xC0, 0x00, 0xF0,
    0x07, 0xFF, 0x00, 0x00, 0x3F, 0xF0, 0x00, 0x00, 0x03, 0xFF, 0x40, 0x00, 0x0F, 0xF8, 0x00, 0x00,
    0x00, 0xFF, 0xC0, 0x00, 0x07, 0xFD, 0x00, 0x00, 0x00, 0xBF, 0xE0, 0x00, 0x02, 0xFF, 0xFF, 0xFF,
    0x00, 0x3F, 0xF4, 0x00, 0x00, 0xBF, 0xFF, 0xFF, 0x80, 0x0F, 0xFC, 0x00, 0x00, 0x3F, 0xFF, 0xFF,
    0xC0, 0x03, 0xFF, 0x00, 0x00, 0x0F, 0xF8, 0x00, 0x00, 0x00, 0xFF, 0xC0, 0x00, 0x07, 0xFD, 0x00,
    0x00, 0x00, 0x3F, 0xF4, 0x00, 0x02, 0xFF, 0x00, 0x00, 0x00, 0x0F, 0xFE, 0x00, 0x00, 0xFF, 0xC0,
    0x00, 0xBC, 0x02, 0xFF, 0xC0, 0x00, 0x3F, 0xE0, 0x00, 0x3F, 0x00, 0x3F, 0xFC, 0x00, 0x0F, 0xF4,
    0x00, 0x2F, 0xC0, 0x0B, 0xFF, 0xE5, 0x6F, 0xFD, 0x00, 0x5F, 0xE0, 0x00, 0xFF, 0xFF, 0xFF, 0xFF,
    0xFF, 0xFF, 0xF4, 0x00, 0x0B, 0xFF, 0xFF, 0xFF, 0xFF, 0xFF, 0xFC, 0x00, 0x00, 0x6F, 0xFF, 0xFF,
    0xFF, 0xFF, 0xFE, 0x00, 0x00, 0x00, 0x15, 0x40, 0x00, 0x00, 0x00, 0x00, 0x00, 0x00, 0x00, 0x5A,
    0x40, 0x00, 0x69, 0x00, 0x00, 0x1F, 0xFF, 0xC0, 0x2F, 0xFF, 0x40, 0x03, 0xFF, 0xFF, 0xC3, 0xFF,
    0xFF, 0x00, 0x3F, 0xFE, 0xFF, 0xBF, 0xD7, 0xFC, 0x02, 0xFF, 0x01, 0xFF, 0xF8, 0x0F, 0xF0, 0x1F,
    0xF0, 0x03, 0xFF, 0xC0, 0x3F, 0xC0, 0xFF, 0x80, 0x0B, 0xFD, 0x02, 0xFD, 0x07, 0xFD, 0x00, 0x2F,
    0xF0, 0x1F, 0xE0, 0x2F, 0xF0, 0x00, 0xBF, 0x83, 0xFE, 0x00, 0xFF, 0xC0, 0x03, 0xFE, 0xBF, 0xD0,
    0x03, 0xFE, 0x00, 0x0F, 0xFF, 0xF8, 0x00, 0x0F, 0xF8, 0x00, 0x7F, 0xFD, 0x00, 0x00, 0x3F, 0xE0,
    0x03, 0xFF, 0x40, 0x01, 0x80, 0xFF, 0xC0, 0x2F, 0xFE, 0x00, 0x2F, 0x02, 0xFF, 0x42, 0xFF, 0xFE,
    0x5B, 0xFC, 0x07, 0xFF, 0xFF, 0xFF, 0xFF, 0xFF, 0xD0, 0x0B, 0xFF, 0xFE, 0x2F, 0xFF, 0xFC, 0x00,
    0x07, 0xFF, 0xD0, 0x1F, 0xFF, 0x40, 0x00, 0x00, 0x50, 0x00, 0x01, 0x00, 0x00, 0x00, 0x00, 0x00,
    0x00, 0x00, 0x00, 0x00, 0x00, 0x00, 0x00, 0x00, 0x1C, 0x00, 0x00, 0x00, 0x00, 0x00, 0xBD, 0x00,
    0x00, 0x00, 0x00, 0x07, 0xFE, 0x00, 0x00, 0x00, 0x00, 0x2F, 0xFD, 0x00, 0x00, 0x00, 0x00, 0xFF,
    0xF4, 0x00, 0x00, 0x00, 0x02, 0xFE, 0x40, 0x00, 0x00, 0x00, 0x01, 0x90, 0x00, 0x00, 0x00, 0x00,
    0x00, 0x00, 0x00, 0x00, 0x00, 0x00, 0x05, 0x55, 0x00, 0x00, 0x00, 0x06, 0xFF, 0xFF, 0xF8, 0x00,
    0x00, 0x7F, 0xFF, 0xFF, 0xFF, 0x00, 0x00, 0xBF, 0xFF, 0xEF, 0xFF, 0xC0, 0x00, 0x55, 0xFF, 0x81,
    0xFF, 0xE0, 0x00, 0x01, 0xFF, 0x40, 0x7F, 0xF0, 0x00, 0x02, 0xFF, 0x00, 0x3F, 0xF0, 0x00, 0x03,
    0xFF, 0x00, 0x3F, 0xF0, 0x00, 0x03, 0xFE, 0x00, 0x3F, 0xE0, 0x00, 0x07, 0xFE, 0x00, 0xBF, 0xD0,
    0x00, 0x07, 0xFD, 0x01, 0xFF, 0x80, 0x00, 0x0B, 0xFC, 0x1B, 0xFF, 0x00, 0x00, 0x0F, 0xFF, 0xFF,
    0xF8, 0x00, 0x00, 0x0F, 0xFF, 0xFF, 0x80, 0x00, 0x00, 0x1F, 0xFF, 0xFF, 0x00, 0x00, 0x00, 0x2F,
    0xF0, 0xFF, 0x40, 0x00, 0x00, 0x3F, 0xF0, 0xFF, 0xC0, 0x00, 0x00, 0x3F, 0xF0, 0x7F, 0xE0, 0x00,
    0x00, 0x3F, 0xE0, 0x3F, 0xF8, 0x00, 0x00, 0x7F, 0xD0, 0x0F, 0xFD, 0x00, 0x00, 0xBF, 0xC0, 0x0B,
    0xFF, 0x80, 0x07, 0xFF, 0xF8, 0x03, 0xFF, 0xE0, 0x2F, 0xFF, 0xFE, 0x00, 0xFF, 0xFC, 0x3F, 0xFF,
    0xFC, 0x00, 0x2F, 0xF8, 0x00, 0x00, 0x00, 0x00, 0x01, 0x40, 0x00, 0x00, 0x00, 0x00, 0x00, 0x00,
    0x00, 0xA0, 0x00, 0x00, 0x01, 0xFC, 0x00, 0x00, 0x03, 0xFC, 0x00, 0x00, 0x0B, 0xF8, 0x00, 0x00,
    0x1F, 0xF0, 0x00, 0x00, 0x3F, 0xC0, 0x00, 0x00, 0x3F, 0x00, 0x00, 0x00, 0x28, 0x00, 0x00, 0x00,
    0x00, 0x00, 0x00, 0x00, 0x00, 0x00, 0x00, 0x64, 0x01, 0xA0, 0x2F, 0xFE, 0x0B, 0xFC, 0xFF, 0xFE,
    0x2F, 0xFC, 0xAB, 0xFE, 0x7F, 0xFC, 0x01, 0xFD, 0xFF, 0xF8, 0x02, 0xFE, 0xF4, 0x10, 0x03, 0xFF,
    0xD0, 0x00, 0x03, 0xFF, 0x80, 0x00, 0x07, 0xFF, 0x00, 0x00, 0x0B, 0xFE, 0x00, 0x00, 0x0F, 0xFC,
    0x00, 0x00, 0x0F, 0xF8, 0x00, 0x00, 0x1F, 0xF4, 0x00, 0x00, 0x2F, 0xF0, 0x00, 0x00, 0x3F, 0xF0,
    0x00, 0x00, 0x3F, 0xE0, 0x00, 0x00, 0x3F, 0xD0, 0x00, 0x00, 0x7F, 0xC0, 0x00, 0x00, 0x00, 0x00,
    0x05, 0x55, 0x00, 0x00, 0x00, 0x06, 0xFF, 0xFF, 0xF8, 0x00, 0x00, 0x7F, 0xFF, 0xFF, 0xFF, 0x00,
    0x00, 0xBF, 0xFF, 0xEF, 0xFF, 0xC0, 0x00, 0x55, 0xFF, 0x81, 0xFF, 0xE0, 0x00, 0x01, 0xFF, 0x40,
    0x7F, 0xF0, 0x00, 0x02, 0xFF, 0x00, 0x3F, 0xF0, 0x00, 0x03, 0xFF, 0x00, 0x3F, 0xF0, 0x00, 0x03,
    0xFE, 0x00, 0x3F, 0xE0, 0x00, 0x07, 0xFE, 0x00, 0xBF, 0xD0, 0x00, 0x07, 0xFD, 0x01, 0xFF, 0x80,
    0x00, 0x0B, 0xFC, 0x1B, 0xFF, 0x00, 0x00, 0x0F, 0xFF, 0xFF, 0xF8, 0x00, 0x00, 0x0F, 0xFF, 0xFF,
    0x80, 0x00, 0x00, 0x1F, 0xFF, 0xFF, 0x00, 0x00, 0x00, 0x2F, 0xF0, 0xFF, 0x40, 0x00, 0x00, 0x3F,
    0xF0, 0xFF, 0xC0, 0x00, 0x00, 0x3F, 0xF0, 0x7F, 0xE0, 0x00, 0x00, 0x3F, 0xE0, 0x3F, 0xF8, 0x00,
    0x00, 0x7F, 0xD0, 0x0F, 0xFD, 0x00, 0x00, 0xBF, 0xC0, 0x0B, 0xFF, 0x80, 0x07, 0xFF, 0xF8, 0x03,
    0xFF, 0xE0, 0x2F, 0xFF, 0xFE, 0x00, 0xFF, 0xFC, 0x3F, 0xFF, 0xFC, 0x00, 0x2F, 0xF8, 0x00, 0x00,
    0x00, 0x00, 0x01, 0x40, 0x00, 0x00, 0x01, 0x40, 0x00, 0x00, 0x00, 0x00, 0x0F, 0xF0, 0x00, 0x00,
    0x00, 0x00, 0x0F, 0xF0, 0x00, 0x00, 0x00, 0x00, 0x0B, 0xF0, 0x00, 0x00, 0x00, 0x00, 0x0F, 0xE0,
    0x00, 0x00, 0x00, 0x00, 0x1F, 0xC0, 0x00, 0x00, 0x00, 0x00, 0xBF, 0x00, 0x00, 0x00, 0x00, 0x00,
    0x64, 0x00, 0x00, 0x00, 0x00, 0x06, 0x40, 0x1A, 0x00, 0x2F, 0xFE, 0x0B, 0xFC, 0x0F, 0xFF, 0xE2,
    0xFF, 0xC0, 0xAB, 0xFE, 0x7F, 0xFC, 0x00, 0x1F, 0xDF, 0xFF, 0x80, 0x02, 0xFE, 0xF4, 0x10, 0x00,
    0x3F, 0xFD, 0x00, 0x00, 0x03, 0xFF, 0x80, 0x00, 0x00, 0x7F, 0xF0, 0x00, 0x00, 0x0B, 0xFE, 0x00,
    0x00, 0x00, 0xFF, 0xC0, 0x00, 0x00, 0x0F, 0xF8, 0x00, 0x00, 0x01, 0xFF, 0x40, 0x00, 0x00, 0x2F,
    0xF0, 0x00, 0x00, 0x03, 0xFF, 0x00, 0x00, 0x00, 0x3F, 0xE0, 0x00, 0x00, 0x03, 0xFD, 0x00, 0x00,
    0x00, 0x7F, 0xC0, 0x00, 0x00, 0x00, 0x00, 0x00, 0x00, 0x00, 0x04, 0x00, 0x00, 0x00, 0x0B, 0xF0,
    0x00, 0x00, 0x00, 0xFF, 0x00, 0x00, 0x00, 0x07, 0xF0, 0x00, 0x00, 0x00, 0xBE, 0x00, 0x00, 0x00,
    0x0F, 0xC0, 0x00, 0x00, 0x03, 0xE0, 0x00, 0x00, 0x00, 0x24, 0x00, 0x00, 0x00, 0x00, 0x00, 0x00,
    0x19, 0x00, 0x0B, 0x80, 0x00, 0x00, 0x3F, 0x00, 0x3F, 0xC0, 0x00, 0x00, 0x2F, 0xC1, 0xFE, 0x00,
    0x00, 0x00, 0x0F, 0xF7, 0xF8, 0x00, 0x00, 0x00, 0x07, 0xFF, 0xD0, 0x00, 0x00, 0x00, 0x01, 0xFF,
    0x40, 0x00, 0x00, 0x00, 0x00, 0xBD, 0x00, 0x00, 0x00, 0x00, 0x00, 0x00, 0x00, 0x00, 0x00, 0x00,
    0x05, 0x55, 0x00, 0x00, 0x00, 0x06, 0xFF, 0xFF, 0xF8, 0x00, 0x00, 0x7F, 0xFF, 0xFF, 0xFF, 0x00,
    0x00, 0xBF, 0xFF, 0xEF, 0xFF, 0xC0, 0x00, 0x55, 0xFF, 0x81, 0xFF, 0xE0, 0x00, 0x01, 0xFF, 0x40,
    0x7F, 0xF0, 0x00, 0x02, 0xFF, 0x00, 0x3F, 0xF0, 0x00, 0x03, 0xFF, 0x00, 0x3F, 0xF0, 0x00, 0x03,
    0xFE, 0x00, 0x3F, 0xE0, 0x00, 0x07, 0xFE, 0x00, 0xBF, 0xD0, 0x00, 0x07, 0xFD, 0x01, 0xFF, 0x80,
    0x00, 0x0B, 0xFC, 0x1B, 0xFF, 0x00, 0x00, 0x0F, 0xFF, 0xFF, 0xF8, 0x00, 0x00, 0x0F, 0xFF, 0xFF,
    0x80, 0x00, 0x00, 0x1F, 0xFF, 0xFF, 0x00, 0x00, 0x00, 0x2F, 0xF0, 0xFF, 0x40, 0x00, 0x00, 0x3F,
    0xF0, 0xFF, 0xC0, 0x00, 0x00, 0x3F, 0xF0, 0x7F, 0xE0, 0x00, 0x00, 0x3F, 0xE0, 0x3F, 0xF8, 0x00,
    0x00, 0x7F, 0xD0, 0x0F, 0xFD, 0x00, 0x00, 0xBF, 0xC0, 0x0B, 0xFF, 0x80, 0x07, 0xFF, 0xF8, 0x03,
    0xFF, 0xE0, 0x2F, 0xFF, 0xFE, 0x00, 0xFF, 0xFC, 0x3F, 0xFF, 0xFC, 0x00, 0x2F, 0xF8, 0x00, 0x00,
    0x00, 0x00, 0x01, 0x40, 0x00, 0x04, 0x00, 0x18, 0x00, 0x0F, 0x80, 0x2F, 0x80, 0x03, 0xF0, 0x2F,
    0x80, 0x00, 0xBF, 0x2F, 0xC0, 0x00, 0x0F, 0xFF, 0xC0, 0x00, 0x02, 0xFF, 0xC0, 0x00, 0x00, 0x3F,
    0xD0, 0x00, 0x00, 0x07, 0xD0, 0x00, 0x00, 0x00, 0x00, 0x00, 0x00, 0x00, 0x00, 0x00, 0x00, 0x06,
    0x40, 0x1A, 0x00, 0xBF, 0xF8, 0x2F, 0xF0, 0xFF, 0xFE, 0x2F, 0xFC, 0x2A, 0xFF, 0x9F, 0xFF, 0x00,
    0x1F, 0xDF, 0xFF, 0x80, 0x0B, 0xFB, 0xD0, 0x40, 0x03, 0xFF, 0xD0, 0x00, 0x00, 0xFF, 0xE0, 0x00,
    0x00, 0x7F, 0xF0, 0x00, 0x00, 0x2F, 0xF8, 0x00, 0x00, 0x0F, 0xFC, 0x00, 0x00, 0x03, 0xFE, 0x00,
    0x00, 0x01, 0xFF, 0x40, 0x00, 0x00, 0xBF, 0xC0, 0x00, 0x00, 0x3F, 0xF0, 0x00, 0x00, 0x0F, 0xF8,
    0x00, 0x00, 0x03, 0xFD, 0x00, 0x00, 0x01, 0xFF, 0x00, 0x00, 0x00, 0x00, 0x00, 0x00, 0x00, 0x00,
    0x00, 0x00, 0x00, 0x02, 0x40, 0x00, 0x00, 0x00, 0x7E, 0x00, 0x00, 0x00, 0x0F, 0xFC, 0x00, 0x00,
    0x02, 0xFF, 0xE0, 0x00, 0x00, 0x3F, 0xFE, 0x00, 0x00, 0x01, 0xFF, 0x40, 0x00, 0x00, 0x02, 0x40,
    0x00, 0x00, 0x00, 0x00, 0x00, 0x00, 0x00, 0x00, 0x15, 0x50, 0x00, 0x00, 0x1F, 0xFF, 0xFD, 0x00,
    0x02, 0xFF, 0xFF, 0xFE, 0x00, 0x2F, 0xFF, 0xFF, 0xF8, 0x01, 0xFF, 0x80, 0x1F, 0xD0, 0x0B, 0xFC,
    0x00, 0x3F, 0x00, 0x3F, 0xF0, 0x00, 0xFC, 0x00, 0xFF, 0xC0, 0x07, 0xD0, 0x03, 0xFF, 0x80, 0x00,
    0x00, 0x0F, 0xFF, 0xC0, 0x00, 0x00, 0x1F, 0xFF, 0xD0, 0x00, 0x00, 0x2F, 0xFF, 0xF0, 0x00, 0x00,
    0x2F, 0xFF, 0xF0, 0x00, 0x00, 0x1F, 0xFF, 0xF0, 0x00, 0x00, 0x0B, 0xFF, 0xE0, 0x00, 0x00, 0x07,
    0xFF, 0xC0, 0x3F, 0x00, 0x07, 0xFF, 0x01, 0xFC, 0x00, 0x0F, 0xFC, 0x0B, 0xF0, 0x00, 0x3F, 0xF0,
    0x3F, 0xD0, 0x01, 0xFF, 0x80, 0xFF, 0xD0, 0x2F, 0xFC, 0x03, 0xFF, 0xFF, 0xFF, 0xD0, 0x07, 0xFF,
    0xFF, 0xFD, 0x00, 0x01, 0xFF, 0xFF, 0x40, 0x00, 0x00, 0x05, 0x00, 0x00, 0x00, 0x00, 0x00, 0x00,
    0x00, 0x00, 0x00, 0x00, 0x07, 0x00, 0x00, 0x00, 0x03, 0xF0, 0x00, 0x00, 0x02, 0xFD, 0x00, 0x00,
    0x01, 0xFF, 0x00, 0x00, 0x00, 0xFF, 0x00, 0x00, 0x00, 0xBF, 0x00, 0x00, 0x00, 0x3F, 0x00, 0x00,
    0x00, 0x07, 0x00, 0x00, 0x00, 0x00, 0x00, 0x00, 0x00, 0x00, 0x00, 0x00, 0x00, 0x01, 0x69, 0x00,
    0x00, 0x07, 0xFF, 0xF4, 0x00, 0x0F, 0xFF, 0xFE, 0x00, 0x0B, 0xFA, 0xBF, 0x80, 0x07, 0xFC, 0x02,
    0xC0, 0x02, 0xFF, 0x00, 0x00, 0x00, 0x7F, 0xF0, 0x00, 0x00, 0x0F, 0xFF, 0x40, 0x00, 0x01, 0xFF,
    0xF4, 0x00, 0x00, 0x1F, 0xFF, 0x40, 0x00, 0x00, 0xFF, 0xF0, 0x00, 0x00, 0x0F, 0xFE, 0x00, 0x3C,
    0x00, 0xFF, 0x80, 0x2F, 0xC0, 0x2F, 0xE0, 0x0F, 0xFC, 0x0F, 0xF0, 0x03, 0xFF, 0xFF, 0xF8, 0x00,
    0x7F, 0xFF, 0xF8, 0x00, 0x02, 0xFF, 0xF4, 0x00, 0x00, 0x01, 0x40, 0x00, 0x00, 0x00, 0x00, 0x00,
    0xAC, 0x00, 0x00, 0x00, 0x0B, 0xFC, 0x00, 0x00, 0x00, 0xBF, 0xFC, 0x00, 0x00, 0x0B, 0xFB, 0xF8,
    0x00, 0x00, 0xFF, 0x47, 0xF4, 0x00, 0x0F, 0xF4, 0x07, 0xD0, 0x00, 0x1A, 0x00, 0x09, 0x00, 0x00,
    0x00, 0x00, 0x00, 0x00, 0x00, 0x05, 0x54, 0x00, 0x00, 0x07, 0xFF, 0xFF, 0x40, 0x00, 0xBF, 0xFF,
    0xFF, 0x80, 0x0B, 0xFF, 0xFF, 0xFE, 0x00, 0x7F, 0xE0, 0x07, 0xF4, 0x02, 0xFF, 0x00, 0x0F, 0xC0,
    0x0F, 0xFC, 0x00, 0x3F, 0x00, 0x3F, 0xF0, 0x01, 0xF4, 0x00, 0xFF, 0xE0, 0x00, 0x00, 0x03, 0xFF,
    0xF0, 0x00, 0x00, 0x07, 0xFF, 0xF4, 0x00, 0x00, 0x0B, 0xFF, 0xFC, 0x00, 0x00, 0x0B, 0xFF, 0xFC,
    0x00, 0x00, 0x07, 0xFF, 0xFC, 0x00, 0x00, 0x02, 0xFF, 0xF8, 0x00, 0x00, 0x01, 0xFF, 0xF0, 0x0F,
    0xC0, 0x01, 0xFF, 0xC0, 0x7F, 0x00, 0x03, 0xFF, 0x02, 0xFC, 0x00, 0x0F, 0xFC, 0x0F, 0xF4, 0x00,
    0x7F, 0xE0, 0x3F, 0xF4, 0x0B, 0xFF, 0x00, 0xFF, 0xFF, 0xFF, 0xF4, 0x01, 0xFF, 0xFF, 0xFF, 0x40,
    0x00, 0x7F, 0xFF, 0xD0, 0x00, 0x00, 0x01, 0x40, 0x00, 0x00, 0x00, 0x00, 0x00, 0x00, 0x00, 0x00,
    0x0B, 0xD0, 0x00, 0x00, 0x3F, 0xF0, 0x00, 0x00, 0xBF, 0xF8, 0x00, 0x01, 0xFE, 0xFC, 0x00, 0x07,
    0xF0, 0xFD, 0x00, 0x0F, 0xD0, 0x3E, 0x00, 0x2F, 0x40, 0x2D, 0x00, 0x00, 0x00, 0x00, 0x00, 0x00,
    0x00, 0x00, 0x00, 0x00, 0x5A, 0x40, 0x00, 0x07, 0xFF, 0xF4, 0x00, 0x3F, 0xFF, 0xF8, 0x00, 0xBF,
    0xAB, 0xF8, 0x01, 0xFF, 0x00, 0xB0, 0x02, 0xFF, 0x00, 0x00, 0x01, 0xFF, 0xC0, 0x00, 0x00, 0xFF,
    0xF4, 0x00, 0x00, 0x7F, 0xFD, 0x00, 0x00, 0x1F, 0xFF, 0x40, 0x00, 0x03, 0xFF, 0xC0, 0x00, 0x00,
    0xFF, 0xE0, 0x0F, 0x00, 0x3F, 0xE0, 0x2F, 0xC0, 0x2F, 0xE0, 0x3F, 0xF0, 0x3F, 0xC0, 0x3F, 0xFF,
    0xFF, 0x80, 0x1F, 0xFF, 0xFE, 0x00, 0x02, 0xFF, 0xF4, 0x00, 0x00, 0x05, 0x00, 0x00, 0x00, 0x00,
    0x05, 0x54, 0x00, 0x00, 0x07, 0xFF, 0xFF, 0x40, 0x00, 0xBF, 0xFF, 0xFF, 0x80, 0x0B, 0xFF, 0xFF,
    0xFE, 0x00, 0x7F, 0xE0, 0x07, 0xF4, 0x02, 0xFF, 0x00, 0x0F, 0xC0, 0x0F, 0xFC, 0x00, 0x3F, 0x00,
    0x3F, 0xF0, 0x01, 0xF4, 0x00, 0xFF, 0xE0, 0x00, 0x00, 0x03, 0xFF, 0xF0, 0x00, 0x00, 0x07, 0xFF,
    0xF4, 0x00, 0x00, 0x0B, 0xFF, 0xFC, 0x00, 0x00, 0x0B, 0xFF, 0xFC, 0x00, 0x00, 0x07, 0xFF, 0xFC,
    0x00, 0x00, 0x02, 0xFF, 0xF8, 0x00, 0x00, 0x01, 0xFF, 0xF0, 0x0F, 0xC0, 0x01, 0xFF, 0xC0, 0x7F,
    0x00, 0x03, 0xFF, 0x02, 0xFC, 0x00, 0x0F, 0xFC, 0x0F, 0xF4, 0x00, 0x7F, 0xE0, 0x3F, 0xF4, 0x0B,
    0xFF, 0x00, 0xFF, 0xFF, 0xFF, 0xF4, 0x01, 0xFF, 0xFF, 0xFF, 0x40, 0x00, 0x7F, 0xFF, 0xD0, 0x00,
    0x00, 0x01, 0x40, 0x00, 0x00, 0x00, 0x05, 0x40, 0x00, 0x00, 0x00, 0xFF, 0xC0, 0x00, 0x00, 0x03,
    0xFF, 0x00, 0x00, 0x00, 0x00, 0xFC, 0x00, 0x00, 0x00, 0x0B, 0xE0, 0x00, 0x00, 0x00, 0xBF, 0x00,
    0x00, 0x00, 0x1F, 0xF0, 0x00, 0x00, 0x00, 0x29, 0x00, 0x00, 0x00, 0x00, 0x00, 0x5A, 0x40, 0x00,
    0x1F, 0xFF, 0xD0, 0x03, 0xFF, 0xFF, 0x80, 0x2F, 0xEA, 0xFE, 0x01, 0xFF, 0x00, 0xB0, 0x0B, 0xFC,
    0x00, 0x00, 0x1F, 0xFC, 0x00, 0x00, 0x3F, 0xFD, 0x00, 0x00, 0x7F, 0xFD, 0x00, 0x00, 0x7F, 0xFD,
    0x00, 0x00, 0x3F, 0xFC, 0x00, 0x00, 0x3F, 0xF8, 0x0F, 0x00, 0x3F, 0xE0, 0xBF, 0x00, 0xBF, 0x83,
    0xFF, 0x03, 0xFC, 0x0F, 0xFF, 0xFF, 0xE0, 0x1F, 0xFF, 0xFE, 0x00, 0x0B, 0xFF, 0xD0, 0x00, 0x00,
    0x50, 0x00, 0x00, 0x05, 0x40, 0x00, 0x00, 0xBF, 0xC0, 0x00, 0x02, 0xFF, 0x00, 0x00, 0x00, 0xFC,
    0x00, 0x00, 0x07, 0xE0, 0x00, 0x00, 0x7F, 0x00, 0x00, 0x0F, 0xF0, 0x00, 0x00, 0x29, 0x00, 0x00,
    0x00, 0x00, 0x00, 0xA0, 0x00, 0x78, 0x00, 0x02, 0xF4, 0x02, 0xFC, 0x00, 0x01, 0xFD, 0x0F, 0xF0,
    0x00, 0x00, 0xFF, 0x7F, 0xC0, 0x00, 0x00, 0x3F, 0xFE, 0x00, 0x00, 0x00, 0x0F, 0xF8, 0x00, 0x00,
    0x00, 0x07, 0xE0, 0x00, 0x00, 0x00, 0x00, 0x00, 0x00, 0x00, 0x00, 0x05, 0x54, 0x00, 0x00, 0x01,
    0xFF, 0xFF, 0xD0, 0x00, 0x0B, 0xFF, 0xFF, 0xF8, 0x00, 0x2F, 0xFF, 0xFF, 0xF8, 0x00, 0x7F, 0xE0,
    0x07, 0xF4, 0x00, 0xBF, 0xC0, 0x03, 0xF0, 0x00, 0xFF, 0xC0, 0x03, 0xF0, 0x00, 0xFF, 0xC0, 0x07,
    0xD0, 0x00, 0xFF, 0xE0, 0x00, 0x00, 0x00, 0xFF, 0xFC, 0x00, 0x00, 0x00, 0x7F, 0xFF, 0x40, 0x00,
    0x00, 0x2F, 0xFF, 0xF0, 0x00, 0x00, 0x0B, 0xFF, 0xFC, 0x00, 0x00, 0x01, 0xFF, 0xFF, 0x00, 0x00,
    0x00, 0x2F, 0xFF, 0x80, 0x00, 0x00, 0x07, 0xFF, 0xC0, 0x0F, 0xC0, 0x01, 0xFF, 0xC0, 0x1F, 0xC0,
    0x00, 0xFF, 0xC0, 0x2F, 0xC0, 0x00, 0xFF, 0xC0, 0x3F, 0xD0, 0x01, 0xFF, 0x80, 0x3F, 0xF4, 0x0B,
    0xFF, 0x00, 0x3F, 0xFF, 0xFF, 0xFD, 0x00, 0x1F, 0xFF, 0xFF, 0xF4, 0x00, 0x01, 0xFF, 0xFF, 0x40,
    0x00, 0x00, 0x01, 0x40, 0x00, 0x00, 0x00, 0x01, 0x40, 0x06, 0x00, 0x00, 0xBC, 0x02, 0xFC, 0x00,
    0x0B, 0xD0, 0xBF, 0x00, 0x00, 0x7F, 0x1F, 0xC0, 0x00, 0x03, 0xFF, 0xF0, 0x00, 0x00, 0x1F, 0xFD,
    0x00, 0x00, 0x00, 0xFF, 0x40, 0x00, 0x00, 0x03, 0xE0, 0x00, 0x00, 0x00, 0x00, 0x00, 0x00, 0x00,
    0x00, 0x00, 0x00, 0x00, 0x00, 0x5A, 0x40, 0x00, 0x00, 0x7F, 0xFF, 0x40, 0x00, 0x3F, 0xFF, 0xF8,
    0x00, 0x0B, 0xFA, 0xBF, 0x80, 0x01, 0xFF, 0x00, 0xB0, 0x00, 0x2F, 0xF0, 0x00, 0x00, 0x01, 0xFF,
    0xC0, 0x00, 0x00, 0x0F, 0xFF, 0x40, 0x00, 0x00, 0x7F, 0xFD, 0x00, 0x00, 0x01, 0xFF, 0xF4, 0x00,
    0x00, 0x03, 0xFF, 0xC0, 0x00, 0x00, 0x0F, 0xFE, 0x00, 0x0F, 0x00, 0x3F, 0xE0, 0x02, 0xFC, 0x02,
    0xFE, 0x00, 0x3F, 0xF0, 0x3F, 0xC0, 0x03, 0xFF, 0xFF, 0xF8, 0x00, 0x1F, 0xFF, 0xFE, 0x00, 0x00,
    0x2F, 0xFF, 0x40, 0x00, 0x00, 0x05, 0x00, 0x00, 0x00, 0x2F, 0xFF, 0xFF, 0xFF, 0xFF, 0xC3, 0xFF,
    0xFF, 0xFF, 0xFF, 0xFC, 0x3F, 0xFF, 0xFF, 0xFF, 0xFF, 0xC7, 0xF9, 0x5F, 0xFD, 0x57, 0xF8, 0xBF,
    0x00, 0xFF, 0xC0, 0x3F, 0x4B, 0xE0, 0x1F, 0xF8, 0x03, 0xF0, 0xBD, 0x02, 0xFF, 0x40, 0x7E, 0x02,
    0x80, 0x3F, 0xF0, 0x06, 0x80, 0x00, 0x03, 0xFF, 0x00, 0x00, 0x00, 0x00, 0x3F, 0xE0, 0x00, 0x00,
    0x00, 0x07, 0xFE, 0x00, 0x00, 0x00, 0x00, 0xBF, 0xD0, 0x00, 0x00, 0x00, 0x0F, 0xFC, 0x00, 0x00,
    0x00, 0x00, 0xFF, 0xC0, 0x00, 0x00, 0x00, 0x1F, 0xF8, 0x00, 0x00, 0x00, 0x02, 0xFF, 0x40, 0x00,
    0x00, 0x00, 0x2F, 0xF4, 0x00, 0x00, 0x00, 0x03, 0xFF, 0x00, 0x00, 0x00, 0x00, 0x3F, 0xF0, 0x00,
    0x00, 0x00, 0x07, 0xFE, 0x00, 0x00, 0x00, 0x06, 0xFF, 0xF9, 0x00, 0x00, 0x02, 0xFF, 0xFF, 0xF0,
    0x00, 0x00, 0x3F, 0xFF, 0xFE, 0x00, 0x00, 0x00, 0x00, 0x00, 0x00, 0x00, 0x00, 0x00, 0x54, 0x00,
    0x00, 0x00, 0x00, 0x3F, 0xF0, 0x00, 0x00, 0x00, 0x03, 0xFF, 0x00, 0x00, 0x00, 0x00, 0x03, 0xF0,
    0x00, 0x00, 0x00, 0x00, 0x7F, 0x00, 0x00, 0x00, 0x00, 0x2F, 0xC0, 0x00, 0x00, 0x00, 0x1F, 0xF0,
    0x00, 0x00, 0x00, 0x00, 0xA4, 0x00, 0x00, 0x00, 0x00, 0x00, 0x01, 0xA0, 0x00, 0x00, 0x2F, 0xC0,
    0x00, 0x01, 0xFF, 0x00, 0x00, 0x0F, 0xF8, 0x00, 0x00, 0x3F, 0xE0, 0x00, 0x1B, 0xFF, 0xFF, 0xC2,
    0xFF, 0xFF, 0xFE, 0x0F, 0xFF, 0xFF, 0xF0, 0x00, 0xFF, 0x80, 0x00, 0x03, 0xFD, 0x00, 0x00, 0x1F,
    0xF0, 0x00, 0x00, 0xBF, 0xC0, 0x00, 0x03, 0xFF, 0x00, 0x00, 0x0F, 0xF8, 0x00, 0x00, 0x3F, 0xD0,
    0x00, 0x01, 0xFF, 0x00, 0x00, 0x0B, 0xFC, 0x01, 0x40, 0x3F, 0xF0, 0x2F, 0x00, 0xFF, 0xEB, 0xFC,
    0x03, 0xFF, 0xFF, 0xD0, 0x0B, 0xFF, 0xFD, 0x00, 0x0F, 0xFF, 0x40, 0x00, 0x01, 0x40, 0x00, 0x00,
    0x14, 0x00, 0x00, 0x03, 0xFD, 0x00, 0x00, 0x0B, 0xFC, 0x00, 0x00, 0x07, 0xE0, 0x00, 0x00, 0x2F,
    0x40, 0x00, 0x02, 0xF8, 0x00, 0x00, 0x7F, 0x80, 0x00, 0x01, 0xA0, 0x00, 0x00, 0x00, 0x00, 0x02,
    0x80, 0x01, 0xF0, 0x00, 0x00, 0x7E, 0x00, 0xBF, 0x40, 0x00, 0x03, 0xF4, 0x2F, 0xC0, 0x00, 0x00,
    0x2F, 0xDF, 0xF0, 0x00, 0x00, 0x00, 0xFF, 0xFC, 0x00, 0x00, 0x00, 0x03, 0xFF, 0x00, 0x00, 0x00,
    0x00, 0x0F, 0x80, 0x00, 0x00, 0x00, 0x00, 0x00, 0x00, 0x00, 0x00, 0x00, 0x00, 0x00, 0x00, 0x02,
    0xFF, 0xFF, 0xFF, 0xFF, 0xFC, 0x3F, 0xFF, 0xFF, 0xFF, 0xFF, 0xC3, 0xFF, 0xFF, 0xFF, 0xFF, 0xFC,
    0x7F, 0x95, 0xFF, 0xD5, 0x7F, 0x8B, 0xF0, 0x0F, 0xFC, 0x03, 0xF4, 0xBE, 0x01, 0xFF, 0x80, 0x3F,
    0x0B, 0xD0, 0x2F, 0xF4, 0x07, 0xE0, 0x28, 0x03, 0xFF, 0x00, 0x68, 0x00, 0x00, 0x3F, 0xF0, 0x00,
    0x00, 0x00, 0x03, 0xFE, 0x00, 0x00, 0x00, 0x00, 0x7F, 0xE0, 0x00, 0x00, 0x00, 0x0B, 0xFD, 0x00,
    0x00, 0x00, 0x00, 0xFF, 0xC0, 0x00, 0x00, 0x00, 0x0F, 0xFC, 0x00, 0x00, 0x00, 0x01, 0xFF, 0x80,
    0x00, 0x00, 0x00, 0x2F, 0xF4, 0x00, 0x00, 0x00, 0x02, 0xFF, 0x40, 0x00, 0x00, 0x00, 0x3F, 0xF0,
    0x00, 0x00, 0x00, 0x03, 0xFF, 0x00, 0x00, 0x00, 0x00, 0x7F, 0xE0, 0x00, 0x00, 0x00, 0x6F, 0xFF,
    0x90, 0x00, 0x00, 0x2F, 0xFF, 0xFF, 0x00, 0x00, 0x03, 0xFF, 0xFF, 0xE0, 0x00, 0x00, 0x00, 0x00,
    0x00, 0x00, 0x00, 0x00, 0x00, 0x0F, 0x80, 0x00, 0x00, 0x03, 0xF0, 0x00, 0x00, 0x02, 0xF8, 0x00,
    0x00, 0x00, 0xFC, 0x00, 0x00, 0x68, 0x3E, 0x00, 0x00, 0xBF, 0x1F, 0x00, 0x00, 0x7F, 0xC7, 0x40,
    0x00, 0x3F, 0xE0, 0x00, 0x00, 0x0F, 0xF8, 0x00, 0x00, 0x6F, 0xFF, 0xFF, 0x00, 0xBF, 0xFF, 0xFF,
    0x80, 0x3F, 0xFF, 0xFF, 0xC0, 0x00, 0x3F, 0xE0, 0x00, 0x00, 0x0F, 0xF4, 0x00, 0x00, 0x07, 0xFC,
    0x00, 0x00, 0x02, 0xFF, 0x00, 0x00, 0x00, 0xFF, 0xC0, 0x00, 0x00, 0x3F, 0xE0, 0x00, 0x00, 0x0F,
    0xF4, 0x00, 0x00, 0x07, 0xFC, 0x00, 0x00, 0x02, 0xFF, 0x00, 0x50, 0x00, 0xFF, 0xC0, 0xBC, 0x00,
    0x3F, 0xFA, 0xFF, 0x00, 0x0F, 0xFF, 0xFF, 0x40, 0x02, 0xFF, 0xFF, 0x40, 0x00, 0x3F, 0xFD, 0x00,
    0x00, 0x00, 0x50, 0x00, 0x00, 0x2F, 0xFF, 0xFF, 0xFF, 0xFF, 0xC3, 0xFF, 0xFF, 0xFF, 0xFF, 0xFC,
    0x3F, 0xFF, 0xFF, 0xFF, 0xFF, 0xC7, 0xF9, 0x5F, 0xFD, 0x57, 0xF8, 0xBF, 0x00, 0xFF, 0xC0, 0x3F,
    0x4B, 0xE0, 0x1F, 0xF8, 0x03, 0xF0, 0xBD, 0x02, 0xFF, 0x40, 0x7E, 0x02, 0x80, 0x3F, 0xF0, 0x06,
    0x80, 0x00, 0x03, 0xFF, 0x00, 0x00, 0x00, 0x00, 0x7F, 0xE0, 0x00, 0x00, 0x02, 0xAF, 0xFF, 0xA8,
    0x00, 0x00, 0x3F, 0xFF, 0xFF, 0xC0, 0x00, 0x07, 0xFF, 0xFF, 0xF8, 0x00, 0x00, 0x00, 0xFF, 0xC0,
    0x00, 0x00, 0x00, 0x1F, 0xF8, 0x00, 0x00, 0x00, 0x02, 0xFF, 0x40, 0x00, 0x00, 0x00, 0x2F, 0xF4,
    0x00, 0x00, 0x00, 0x03, 0xFF, 0x00, 0x00, 0x00, 0x00, 0x3F, 0xF0, 0x00, 0x00, 0x00, 0x07, 0xFE,
    0x00, 0x00, 0x00, 0x06, 0xFF, 0xF9, 0x00, 0x00, 0x02, 0xFF, 0xFF, 0xF0, 0x00, 0x00, 0x3F, 0xFF,
    0xFE, 0x00, 0x00, 0x00, 0x00, 0x01, 0xA0, 0x00, 0x00, 0x2F, 0xC0, 0x00, 0x01, 0xFF, 0x00, 0x00,
    0x0F, 0xF8, 0x00, 0x00, 0x3F, 0xE0, 0x00, 0x1B, 0xFF, 0xFF, 0xC2, 0xFF, 0xFF, 0xFE, 0x0F, 0xFF,
    0xFF, 0xF0, 0x00, 0xFF, 0x80, 0x00, 0x03, 0xFD, 0x00, 0x00, 0x1F, 0xF0, 0x00, 0x05, 0xBF, 0xD5,
    0x40, 0xBF, 0xFF, 0xFF, 0x02, 0xFF, 0xFF, 0xF8, 0x00, 0x3F, 0xD0, 0x00, 0x01, 0xFF, 0x00, 0x00,
    0x0B, 0xFC, 0x01, 0x40, 0x3F, 0xF0, 0x2F, 0x00, 0xFF, 0xEB, 0xFC, 0x03, 0xFF, 0xFF, 0xD0, 0x0B,
    0xFF, 0xFD, 0x00, 0x0F, 0xFF, 0x40, 0x00, 0x01, 0x40, 0x00, 0x00, 0x00, 0x00, 0x00, 0x00, 0x00,
    0x00, 0x00, 0x00, 0x00, 0x7F, 0x41, 0xD0, 0x00, 0x00, 0x00, 0x2F, 0xFD, 0x7F, 0x00, 0x00, 0x00,
    0x03, 0xFF, 0xFF, 0xE0, 0x00, 0x00, 0x00, 0x3D, 0x2F, 0xFC, 0x00, 0x00, 0x00, 0x02, 0x80, 0xBE,
    0x00, 0x00, 0x00, 0x00, 0x00, 0x00, 0x00, 0x00, 0x00, 0x00, 0x00, 0x00, 0x00, 0x00, 0x00, 0x00,
    0x00, 0x00, 0x00, 0x00, 0x00, 0x01, 0xFF, 0xFF, 0xE0, 0x2F, 0xFF, 0xFC, 0x3F, 0xFF, 0xFD, 0x03,
    0xFF, 0xFF, 0xC2, 0xFF, 0xFF, 0x40, 0x2F, 0xFF, 0xD0, 0x02, 0xFF, 0x40, 0x00, 0x2F, 0xF0, 0x00,
    0x2F, 0xF0, 0x00, 0x03, 0xFE, 0x00, 0x03, 0xFF, 0x00, 0x00, 0x3F, 0xD0, 0x00, 0x3F, 0xF0, 0x00,
    0x07, 0xFC, 0x00, 0x07, 0xFE, 0x00, 0x00, 0x7F, 0xC0, 0x00, 0xBF, 0xD0, 0x00, 0x0B, 0xF8, 0x00,
    0x0F, 0xFC, 0x00, 0x00, 0xFF, 0x40, 0x00, 0xFF, 0xC0, 0x00, 0x0F, 0xF4, 0x00, 0x0F, 0xFC, 0x00,
    0x01, 0xFF, 0x00, 0x01, 0xFF, 0x80, 0x00, 0x1F, 0xF0, 0x00, 0x2F, 0xF4, 0x00, 0x02, 0xFE, 0x00,
    0x03, 0xFF, 0x00, 0x00, 0x3F, 0xD0, 0x00, 0x3F, 0xF0, 0x00, 0x03, 0xFC, 0x00, 0x03, 0xFF, 0x00,
    0x00, 0xBF, 0xC0, 0x00, 0x3F, 0xF0, 0x00, 0x0F, 0xF4, 0x00, 0x03, 0xFF, 0x80, 0x07, 0xFF, 0x00,
    0x00, 0x3F, 0xFF, 0xAB, 0xFF, 0xD0, 0x00, 0x01, 0xFF, 0xFF, 0xFF, 0xF4, 0x00, 0x00, 0x07, 0xFF,
    0xFF, 0xFD, 0x00, 0x00, 0x00, 0x0B, 0xFF, 0xFD, 0x00, 0x00, 0x00, 0x00, 0x01, 0x50, 0x00, 0x00,
    0x00, 0x00, 0x00, 0x00, 0x7E, 0x01, 0x80, 0x00, 0x02, 0xFF, 0x83, 0xE0, 0x00, 0x03, 0xFF, 0xEF,
    0xD0, 0x00, 0x07, 0xD3, 0xFF, 0xC0, 0x00, 0x03, 0x81, 0xFF, 0x00, 0x00, 0x00, 0x00, 0x10, 0x00,
    0x00, 0x00, 0x00, 0x00, 0x00, 0x00, 0x00, 0x00, 0x00, 0x00, 0x00, 0x59, 0x00, 0x01, 0x54, 0x1F,
    0xFF, 0x40, 0x0F, 0xF4, 0x3F, 0xFF, 0x80, 0x2F, 0xF0, 0x2A, 0xFF, 0x80, 0x2F, 0xF0, 0x00, 0xFF,
    0x40, 0x3F, 0xE0, 0x00, 0xFF, 0x00, 0x3F, 0xD0, 0x01, 0xFF, 0x00, 0x7F, 0xC0, 0x02, 0xFE, 0x00,
    0xBF, 0xC0, 0x03, 0xFD, 0x00, 0xFF, 0x80, 0x07, 0xFC, 0x01, 0xFF, 0x40, 0x0B, 0xFC, 0x03, 0xFF,
    0x00, 0x0F, 0xF4, 0x0B, 0xFF, 0x00, 0x0F, 0xF0, 0x1F, 0xFF, 0x00, 0x1F, 0xF0, 0x7E, 0xFF, 0x1D,
    0x1F, 0xF6, 0xFC, 0xFF, 0xFE, 0x1F, 0xFF, 0xF0, 0xFF, 0xFC, 0x1F, 0xFF, 0xC0, 0xFF, 0xF4, 0x0B,
    0xFE, 0x00, 0x7F, 0x80, 0x00, 0x50, 0x00, 0x04, 0x00, 0x00, 0x00, 0x05, 0x55, 0x54, 0x00, 0x00,
    0x00, 0x02, 0xFF, 0xFF, 0xE0, 0x00, 0x00, 0x00, 0x3F, 0xFF, 0xFD, 0x00, 0x00, 0x00, 0x02, 0xAA,
    0xAA, 0x80, 0x00, 0x00, 0x00, 0x00, 0x00, 0x00, 0x00, 0x00, 0x00, 0x00, 0x00, 0x00, 0x00, 0x00,
    0x00, 0x00, 0x00, 0x00, 0x00, 0x00, 0x01, 0xFF, 0xFF, 0xE0, 0x2F, 0xFF, 0xFC, 0x3F, 0xFF, 0xFD,
    0x03, 0xFF, 0xFF, 0xC2, 0xFF, 0xFF, 0x40, 0x2F, 0xFF, 0xD0, 0x02, 0xFF, 0x40, 0x00, 0x2F, 0xF0,
    0x00, 0x2F, 0xF0, 0x00, 0x03, 0xFE, 0x00, 0x03, 0xFF, 0x00, 0x00, 0x3F, 0xD0, 0x00, 0x3F, 0xF0,
    0x00, 0x07, 0xFC, 0x00, 0x07, 0xFE, 0x00, 0x00, 0x7F, 0xC0, 0x00, 0xBF, 0xD0, 0x00, 0x0B, 0xF8,
    0x00, 0x0F, 0xFC, 0x00, 0x00, 0xFF, 0x40, 0x00, 0xFF, 0xC0, 0x00, 0x0F, 0xF4, 0x00, 0x0F, 0xFC,
    0x00, 0x01, 0xFF, 0x00, 0x01, 0xFF, 0x80, 0x00, 0x1F, 0xF0, 0x00, 0x2F, 0xF4, 0x00, 0x02, 0xFE,
    0x00, 0x03, 0xFF, 0x00, 0x00, 0x3F, 0xD0, 0x00, 0x3F, 0xF0, 0x00, 0x03, 0xFC, 0x00, 0x03, 0xFF,
    0x00, 0x00, 0xBF, 0xC0, 0x00, 0x3F, 0xF0, 0x00, 0x0F, 0xF4, 0x00, 0x03, 0xFF, 0x80, 0x07, 0xFF,
    0x00, 0x00, 0x3F, 0xFF, 0xAB, 0xFF, 0xD0, 0x00, 0x01, 0xFF, 0xFF, 0xFF, 0xF4, 0x00, 0x00, 0x07,
    0xFF, 0xFF, 0xFD, 0x00, 0x00, 0x00, 0x0B, 0xFF, 0xFD, 0x00, 0x00, 0x00, 0x00, 0x01, 0x50, 0x00,
    0x00, 0x00, 0x00, 0x00, 0x02, 0xAA, 0xAA, 0x80, 0x00, 0x03, 0xFF, 0xFF, 0xC0, 0x00, 0x07, 0xFF,
    0xFF, 0xC0, 0x00, 0x01, 0x55, 0x55, 0x00, 0x00, 0x00, 0x00, 0x00, 0x00, 0x00, 0x00, 0x00, 0x00,
    0x00, 0x00, 0x59, 0x00, 0x01, 0x54, 0x1F, 0xFF, 0x40, 0x0F, 0xF4, 0x3F, 0xFF, 0x80, 0x2F, 0xF0,
    0x2A, 0xFF, 0x80, 0x2F, 0xF0, 0x00, 0xFF, 0x40, 0x3F, 0xE0, 0x00, 0xFF, 0x00, 0x3F, 0xD0, 0x01,
    0xFF, 0x00, 0x7F, 0xC0, 0x02, 0xFE, 0x00, 0xBF, 0xC0, 0x03, 0xFD, 0x00, 0xFF, 0x80, 0x07, 0xFC,
    0x01, 0xFF, 0x40, 0x0B, 0xFC, 0x03, 0xFF, 0x00, 0x0F, 0xF4, 0x0B, 0xFF, 0x00, 0x0F, 0xF0, 0x1F,
    0xFF, 0x00, 0x1F, 0xF0, 0x7E, 0xFF, 0x1D, 0x1F, 0xF6, 0xFC, 0xFF, 0xFE, 0x1F, 0xFF, 0xF0, 0xFF,
    0xFC, 0x1F, 0xFF, 0xC0, 0xFF, 0xF4, 0x0B, 0xFE, 0x00, 0x7F, 0x80, 0x00, 0x50, 0x00, 0x04, 0x00,
    0x00, 0x00, 0x00, 0x00, 0x00, 0x00, 0x00, 0x00, 0x01, 0xF0, 0x00, 0xA0, 0x00, 0x00, 0x00, 0x3F,
    0x80, 0x3D, 0x00, 0x00, 0x00, 0x02, 0xFF, 0xBF, 0xC0, 0x00, 0x00, 0x00, 0x1F, 0xFF, 0xF0, 0x00,
    0x00, 0x00, 0x00, 0x7F, 0xF8, 0x00, 0x00, 0x00, 0x00, 0x00, 0x10, 0x00, 0x00, 0x00, 0x00, 0x00,
    0x00, 0x00, 0x00, 0x00, 0x00, 0x00, 0x00, 0x00, 0x00, 0x00, 0x01, 0xFF, 0xFF, 0xE0, 0x2F, 0xFF,
    0xFC, 0x3F, 0xFF, 0xFD, 0x03, 0xFF, 0xFF, 0xC2, 0xFF, 0xFF, 0x40, 0x2F, 0xFF, 0xD0, 0x02, 0xFF,
    0x40, 0x00, 0x2F, 0xF0, 0x00, 0x2F, 0xF0, 0x00, 0x03, 0xFE, 0x00, 0x03, 0xFF, 0x00, 0x00, 0x3F,
    0xD0, 0x00, 0x3F, 0xF0, 0x00, 0x07, 0xFC, 0x00, 0x07, 0xFE, 0x00, 0x00, 0x7F, 0xC0, 0x00, 0xBF,
    0xD0, 0x00, 0x0B, 0xF8, 0x00, 0x0F, 0xFC, 0x00, 0x00, 0xFF, 0x40, 0x00, 0xFF, 0xC0, 0x00, 0x0F,
    0xF4, 0x00, 0x0F, 0xFC, 0x00, 0x01, 0xFF, 0x00, 0x01, 0xFF, 0x80, 0x00, 0x1F, 0xF0, 0x00, 0x2F,
    0xF4, 0x00, 0x02, 0xFE, 0x00, 0x03, 0xFF, 0x00, 0x00, 0x3F, 0xD0, 0x00, 0x3F, 0xF0, 0x00, 0x03,
    0xFC, 0x00, 0x03, 0xFF, 0x00, 0x00, 0xBF, 0xC0, 0x00, 0x3F, 0xF0, 0x00, 0x0F, 0xF4, 0x00, 0x03,
    0xFF, 0x80, 0x07, 0xFF, 0x00, 0x00, 0x3F, 0xFF, 0xAB, 0xFF, 0xD0, 0x00, 0x01, 0xFF, 0xFF, 0xFF,
    0xF4, 0x00, 0x00, 0x07, 0xFF, 0xFF, 0xFD, 0x00, 0x00, 0x00, 0x0B, 0xFF, 0xFD, 0x00, 0x00, 0x00,
    0x00, 0x01, 0x50, 0x00, 0x00, 0x00, 0x00, 0x00, 0x00, 0x80, 0x00, 0x40, 0x00, 0x03, 0xE0, 0x01,
    0xC0, 0x00, 0x03, 0xF8, 0x0B, 0xC0, 0x00, 0x03, 0xFF, 0xFF, 0x40, 0x00, 0x01, 0xFF, 0xFD, 0x00,
    0x00, 0x00, 0x2F, 0xE0, 0x00, 0x00, 0x00, 0x00, 0x00, 0x00, 0x00, 0x00, 0x00, 0x00, 0x00, 0x00,
    0x59, 0x00, 0x01, 0x54, 0x1F, 0xFF, 0x40, 0x0F, 0xF4, 0x3F, 0xFF, 0x80, 0x2F, 0xF0, 0x2A, 0xFF,
    0x80, 0x2F, 0xF0, 0x00, 0xFF, 0x40, 0x3F, 0xE0, 0x00, 0xFF, 0x00, 0x3F, 0xD0, 0x01, 0xFF, 0x00,
    0x7F, 0xC0, 0x02, 0xFE, 0x00, 0xBF, 0xC0, 0x03, 0xFD, 0x00, 0xFF, 0x80, 0x07, 0xFC, 0x01, 0xFF,
    0x40, 0x0B, 0xFC, 0x03, 0xFF, 0x00, 0x0F, 0xF4, 0x0B, 0xFF, 0x00, 0x0F, 0xF0, 0x1F, 0xFF, 0x00,
    0x1F, 0xF0, 0x7E, 0xFF, 0x1D, 0x1F, 0xF6, 0xFC, 0xFF, 0xFE, 0x1F, 0xFF, 0xF0, 0xFF, 0xFC, 0x1F,
    0xFF, 0xC0, 0xFF, 0xF4, 0x0B, 0xFE, 0x00, 0x7F, 0x80, 0x00, 0x50, 0x00, 0x04, 0x00, 0x00, 0x00,
    0x00, 0x15, 0x00, 0x00, 0x00, 0x00, 0x00, 0x1F, 0xFD, 0x00, 0x00, 0x00, 0x00, 0x03, 0xFF, 0xF0,
    0x00, 0x00, 0x00, 0x00, 0xBC, 0x0F, 0x40, 0x00, 0x00, 0x00, 0x0F, 0x40, 0xF4, 0x00, 0x00, 0x00,
    0x00, 0xF8, 0x1F, 0x00, 0x00, 0x00, 0x00, 0x0B, 0xFF, 0xF0, 0x00, 0x00, 0x00, 0x00, 0x3F, 0xFC,
    0x00, 0x00, 0x00, 0x00, 0x00, 0x54, 0x00, 0x00, 0x00, 0x00, 0x00, 0x00, 0x00, 0x00, 0x00, 0x1F,
    0xFF, 0xFE, 0x02, 0xFF, 0xFF, 0xC3, 0xFF, 0xFF, 0xD0, 0x3F, 0xFF, 0xFC, 0x2F, 0xFF, 0xF4, 0x02,
    0xFF, 0xFD, 0x00, 0x2F, 0xF4, 0x00, 0x02, 0xFF, 0x00, 0x02, 0xFF, 0x00, 0x00, 0x3F, 0xE0, 0x00,
    0x3F, 0xF0, 0x00, 0x03, 0xFD, 0x00, 0x03, 0xFF, 0x00, 0x00, 0x7F, 0xC0, 0x00, 0x7F, 0xE0, 0x00,
    0x07, 0xFC, 0x00, 0x0B, 0xFD, 0x00, 0x00, 0xBF, 0x80, 0x00, 0xFF, 0xC0, 0x00, 0x0F, 0xF4, 0x00,
    0x0F, 0xFC, 0x00, 0x00, 0xFF, 0x40, 0x00, 0xFF, 0xC0, 0x00, 0x1F, 0xF0, 0x00, 0x1F, 0xF8, 0x00,
    0x01, 0xFF, 0x00, 0x02, 0xFF, 0x40, 0x00, 0x2F, 0xE0, 0x00, 0x3F, 0xF0, 0x00, 0x03, 0xFD, 0x00,
    0x03, 0xFF, 0x00, 0x00, 0x3F, 0xC0, 0x00, 0x3F, 0xF0, 0x00, 0x0B, 0xFC, 0x00, 0x03, 0xFF, 0x00,
    0x00, 0xFF, 0x40, 0x00, 0x3F, 0xF8, 0x00, 0x7F, 0xF0, 0x00, 0x03, 0xFF, 0xFA, 0xBF, 0xFD, 0x00,
    0x00, 0x1F, 0xFF, 0xFF, 0xFF, 0x40, 0x00, 0x00, 0x7F, 0xFF, 0xFF, 0xD0, 0x00, 0x00, 0x00, 0xBF,
    0xFF, 0xD0, 0x00, 0x00, 0x00, 0x00, 0x15, 0x00, 0x00, 0x00, 0x00, 0x00, 0x00, 0x01, 0x90, 0x00,
    0x00, 0x00, 0x2F, 0xFD, 0x00, 0x00, 0x00, 0x7F, 0xBF, 0x00, 0x00, 0x00, 0xF8, 0x1F, 0x00, 0x00,
    0x00, 0xF0, 0x1F, 0x00, 0x00, 0x00, 0xF4, 0x2F, 0x00, 0x00, 0x00, 0xFD, 0xBD, 0x00, 0x00, 0x00,
    0x7F, 0xF8, 0x00, 0x00, 0x00, 0x1B, 0x90, 0x00, 0x00, 0x00, 0x00, 0x00, 0x00, 0x00, 0x59, 0x00,
    0x01, 0x54, 0x1F, 0xFF, 0x40, 0x0F, 0xF4, 0x3F, 0xFF, 0x80, 0x2F, 0xF0, 0x2A, 0xFF, 0x80, 0x2F,
    0xF0, 0x00, 0xFF, 0x40, 0x3F, 0xE0, 0x00, 0xFF, 0x00, 0x3F, 0xD0, 0x01, 0xFF, 0x00, 0x7F, 0xC0,
    0x02, 0xFE, 0x00, 0xBF, 0xC0, 0x03, 0xFD, 0x00, 0xFF, 0x80, 0x07, 0xFC, 0x01, 0xFF, 0x40, 0x0B,
    0xFC, 0x03, 0xFF, 0x00, 0x0F, 0xF4, 0x0B, 0xFF, 0x00, 0x0F, 0xF0, 0x1F, 0xFF, 0x00, 0x1F, 0xF0,
    0x7E, 0xFF, 0x1D, 0x1F, 0xF6, 0xFC, 0xFF, 0xFE, 0x1F, 0xFF, 0xF0, 0xFF, 0xFC, 0x1F, 0xFF, 0xC0,
    0xFF, 0xF4, 0x0B, 0xFE, 0x00, 0x7F, 0x80, 0x00, 0x50, 0x00, 0x04, 0x00, 0x00, 0x00, 0x00, 0x00,
    0x00, 0x00, 0x00, 0x00, 0x00, 0x00, 0xE0, 0x01, 0xD0, 0x00, 0x00, 0x00, 0x7F, 0x40, 0xBF, 0x00,
    0x00, 0x00, 0x2F, 0xF4, 0x3F, 0xF0, 0x00, 0x00, 0x0F, 0xFE, 0x1F, 0xFD, 0x00, 0x00, 0x03, 0xFF,
    0x4B, 0xFE, 0x00, 0x00, 0x00, 0xBF, 0x40, 0xFE, 0x00, 0x00, 0x00, 0x06, 0x00, 0x09, 0x00, 0x00,
    0x00, 0x00, 0x00, 0x00, 0x00, 0x00, 0x00, 0x00, 0x00, 0x00, 0x00, 0x00, 0x00, 0x1F, 0xFF, 0xFE,
    0x02, 0xFF, 0xFF, 0xC3, 0xFF, 0xFF, 0xD0, 0x3F, 0xFF, 0xFC, 0x2F, 0xFF, 0xF4, 0x02, 0xFF, 0xFD,
    0x00, 0x2F, 0xF4, 0x00, 0x02, 0xFF, 0x00, 0x02, 0xFF, 0x00, 0x00, 0x3F, 0xE0, 0x00, 0x3F, 0xF0,
    0x00, 0x03, 0xFD, 0x00, 0x03, 0xFF, 0x00, 0x00, 0x7F, 0xC0, 0x00, 0x7F, 0xE0, 0x00, 0x07, 0xFC,
    0x00, 0x0B, 0xFD, 0x00, 0x00, 0xBF, 0x80, 0x00, 0xFF, 0xC0, 0x00, 0x0F, 0xF4, 0x00, 0x0F, 0xFC,
    0x00, 0x00, 0xFF, 0x40, 0x00, 0xFF, 0xC0, 0x00, 0x1F, 0xF0, 0x00, 0x1F, 0xF8, 0x00, 0x01, 0xFF,
    0x00, 0x02, 0xFF, 0x40, 0x00, 0x2F, 0xE0, 0x00, 0x3F, 0xF0, 0x00, 0x03, 0xFD, 0x00, 0x03, 0xFF,
    0x00, 0x00, 0x3F, 0xC0, 0x00, 0x3F, 0xF0, 0x00, 0x0B, 0xFC, 0x00, 0x03, 0xFF, 0x00, 0x00, 0xFF,
    0x40, 0x00, 0x3F, 0xF8, 0x00, 0x7F, 0xF0, 0x00, 0x03, 0xFF, 0xFA, 0xBF, 0xFD, 0x00, 0x00, 0x1F,
    0xFF, 0xFF, 0xFF, 0x40, 0x00, 0x00, 0x7F, 0xFF, 0xFF, 0xD0, 0x00, 0x00, 0x00, 0xBF, 0xFF, 0xD0,
    0x00, 0x00, 0x00, 0x00, 0x15, 0x00, 0x00, 0x00, 0x00, 0x00, 0x00, 0x00, 0x00, 0x00, 0x00, 0x00,
    0x0B, 0x40, 0xF0, 0x00, 0x00, 0x1F, 0xC2, 0xFC, 0x00, 0x00, 0x3F, 0xC7, 0xF8, 0x00, 0x00, 0xFF,
    0x0F, 0xF0, 0x00, 0x02, 0xFC, 0x2F, 0xC0, 0x00, 0x03, 0xF0, 0x7F, 0x00, 0x00, 0x03, 0xC0, 0x78,
    0x00, 0x00, 0x00, 0x00, 0x00, 0x00, 0x00, 0x00, 0x00, 0x00, 0x00, 0x00, 0x59, 0x00, 0x01, 0x54,
    0x1F, 0xFF, 0x40, 0x0F, 0xF4, 0x3F, 0xFF, 0x80, 0x2F, 0xF0, 0x2A, 0xFF, 0x80, 0x2F, 0xF0, 0x00,
    0xFF, 0x40, 0x3F, 0xE0, 0x00, 0xFF, 0x00, 0x3F, 0xD0, 0x01, 0xFF, 0x00, 0x7F, 0xC0, 0x02, 0xFE,
    0x00, 0xBF, 0xC0, 0x03, 0xFD, 0x00, 0xFF, 0x80, 0x07, 0xFC, 0x01, 0xFF, 0x40, 0x0B, 0xFC, 0x03,
    0xFF, 0x00, 0x0F, 0xF4, 0x0B, 0xFF, 0x00, 0x0F, 0xF0, 0x1F, 0xFF, 0x00, 0x1F, 0xF0, 0x7E, 0xFF,
    0x1D, 0x1F, 0xF6, 0xFC, 0xFF, 0xFE, 0x1F, 0xFF, 0xF0, 0xFF, 0xFC, 0x1F, 0xFF, 0xC0, 0xFF, 0xF4,
    0x0B, 0xFE, 0x00, 0x7F, 0x80, 0x00, 0x50, 0x00, 0x04, 0x00, 0x1F, 0xFF, 0xFE, 0x02, 0xFF, 0xFF,
    0xC3, 0xFF, 0xFF, 0xD0, 0x3F, 0xFF, 0xFC, 0x2F, 0xFF, 0xF4, 0x02, 0xFF, 0xFD, 0x00, 0x2F, 0xF4,
    0x00, 0x02, 0xFF, 0x00, 0x02, 0xFF, 0x00, 0x00, 0x3F, 0xE0, 0x00, 0x3F, 0xF0, 0x00, 0x03, 0xFD,
    0x00, 0x03, 0xFF, 0x00, 0x00, 0x7F, 0xC0, 0x00, 0x7F, 0xE0, 0x00, 0x07, 0xFC, 0x00, 0x0B, 0xFD,
    0x00, 0x00, 0xBF, 0x80, 0x00, 0xFF, 0xC0, 0x00, 0x0F, 0xF4, 0x00, 0x0F, 0xFC, 0x00, 0x00, 0xFF,
    0x40, 0x00, 0xFF, 0xC0, 0x00, 0x1F, 0xF0, 0x00, 0x1F, 0xF8, 0x00, 0x01, 0xFF, 0x00, 0x02, 0xFF,
    0x40, 0x00, 0x2F, 0xE0, 0x00, 0x3F, 0xF0, 0x00, 0x03, 0xFD, 0x00, 0x03, 0xFF, 0x00, 0x00, 0x3F,
    0xC0, 0x00, 0x3F, 0xF0, 0x00, 0x0B, 0xFC, 0x00, 0x03, 0xFF, 0x00, 0x00, 0xFF, 0x40, 0x00, 0x3F,
    0xF8, 0x00, 0x7F, 0xF0, 0x00, 0x03, 0xFF, 0xFA, 0xBF, 0xFD, 0x00, 0x00, 0x1F, 0xFF, 0xFF, 0xFF,
    0x40, 0x00, 0x00, 0xBF, 0xFF, 0xFF, 0xD0, 0x00, 0x00, 0x00, 0xBF, 0xFF, 0xD0, 0x00, 0x00, 0x00,
    0x00, 0x1F, 0xD0, 0x00, 0x00, 0x00, 0x00, 0x02, 0xF0, 0x00, 0x00, 0x00, 0x00, 0x00, 0xBE, 0x00,
    0x00, 0x00, 0x00, 0x00, 0x0F, 0xD0, 0x00, 0x00, 0x00, 0x00, 0x00, 0xFF, 0xA8, 0x00, 0x00, 0x00,
    0x00, 0x0B, 0xFF, 0xC0, 0x00, 0x00, 0x00, 0x00, 0x1F, 0xE0, 0x00, 0x00, 0x00, 0x00, 0x59, 0x00,
    0x01, 0x54, 0x1F, 0xFF, 0x40, 0x0F, 0xF4, 0x3F, 0xFF, 0x80, 0x2F, 0xF0, 0x2A, 0xFF, 0x80, 0x2F,
    0xF0, 0x00, 0xFF, 0x40, 0x3F, 0xE0, 0x00, 0xFF, 0x00, 0x3F, 0xD0, 0x01, 0xFF, 0x00, 0x7F, 0xC0,
    0x02, 0xFE, 0x00, 0xBF, 0xC0, 0x03, 0xFD, 0x00, 0xFF, 0x80, 0x07, 0xFC, 0x01, 0xFF, 0x40, 0x0B,
    0xFC, 0x03, 0xFF, 0x00, 0x0F, 0xF4, 0x0B, 0xFF, 0x00, 0x0F, 0xF0, 0x1F, 0xFF, 0x00, 0x1F, 0xF0,
    0x7E, 0xFF, 0x1D, 0x1F, 0xF6, 0xFC, 0xFF, 0xFE, 0x1F, 0xFF, 0xF0, 0xFF, 0xFC, 0x1F, 0xFF, 0xC0,
    0xFF, 0xF0, 0x0B, 0xFE, 0x00, 0x7F, 0xC0, 0x00, 0x50, 0x00, 0x0F, 0x00, 0x00, 0x00, 0x00, 0x3D,
    0x00, 0x00, 0x00, 0x00, 0xBC, 0x00, 0x00, 0x00, 0x00, 0xFC, 0x00, 0x00, 0x00, 0x00, 0xFE, 0x50,
    0x00, 0x00, 0x00, 0xFF, 0xF0, 0x00, 0x00, 0x00, 0x2F, 0xC0, 0x00, 0x00, 0x00, 0x00, 0x0B, 0x80,
    0x00, 0x00, 0x00, 0x00, 0x00, 0x00, 0x0F, 0xF8, 0x00, 0x00, 0x00, 0x00, 0x00, 0x00, 0x0F, 0xFF,
    0x80, 0x00, 0x00, 0x00, 0x00, 0x00, 0x0F, 0xFF, 0xF4, 0x00, 0x00, 0x00, 0x00, 0x00, 0x1F, 0xF0,
    0xBF, 0x00, 0x00, 0x00, 0x00, 0x00, 0x1F, 0xE0, 0x0F, 0xC0, 0x00, 0x00, 0x00, 0x00, 0x02, 0x90,
    0x00, 0x80, 0x00, 0x00, 0x00, 0x00, 0x00, 0x00, 0x00, 0x00, 0x00, 0x00, 0x00, 0x00, 0x00, 0x00,
    0x00, 0x00, 0x00, 0x00, 0x0F, 0xFF, 0xFF, 0x00, 0x29, 0x00, 0x3F, 0xFF, 0xEB, 0xFF, 0xFF, 0x80,
    0x2F, 0x80, 0x1F, 0xFF, 0xF4, 0xBF, 0xFF, 0x40, 0x0F, 0xF0, 0x02, 0xFF, 0xF8, 0x07, 0xFE, 0x00,
    0x0B, 0xFC, 0x00, 0x1F, 0xF0, 0x01, 0xFF, 0x80, 0x03, 0xFF, 0x00, 0x0F, 0xF4, 0x00, 0x7F, 0xE0,
    0x02, 0xFF, 0xC0, 0x07, 0xFC, 0x00, 0x0F, 0xFC, 0x00, 0xFF, 0xF0, 0x03, 0xFD, 0x00, 0x03, 0xFF,
    0x00, 0xBF, 0xFC, 0x00, 0xFF, 0x00, 0x00, 0xFF, 0xC0, 0x3F, 0xFF, 0x00, 0xBF, 0x40, 0x00, 0x3F,
    0xF0, 0x2F, 0xFF, 0xC0, 0x3F, 0xC0, 0x00, 0x0B, 0xFC, 0x0F, 0xDF, 0xF0, 0x2F, 0xD0, 0x00, 0x02,
    0xFF, 0x07, 0xF2, 0xFC, 0x0F, 0xF0, 0x00, 0x00, 0xBF, 0xC3, 0xF4, 0xBF, 0x4B, 0xF4, 0x00, 0x00,
    0x1F, 0xF1, 0xFC, 0x2F, 0xD3, 0xFC, 0x00, 0x00, 0x07, 0xFC, 0xFD, 0x07, 0xF6, 0xFD, 0x00, 0x00,
    0x00, 0xFF, 0x7F, 0x01, 0xFE, 0xFE, 0x00, 0x00, 0x00, 0x3F, 0xFF, 0x80, 0x7F, 0xFF, 0x00, 0x00,
    0x00, 0x0F, 0xFF, 0xC0, 0x0F, 0xFF, 0x80, 0x00, 0x00, 0x03, 0xFF, 0xE0, 0x03, 0xFF, 0xC0, 0x00,
    0x00, 0x00, 0xFF, 0xF0, 0x00, 0xFF, 0xE0, 0x00, 0x00, 0x00, 0x2F, 0xF8, 0x00, 0x3F, 0xF0, 0x00,
    0x00, 0x00, 0x0B, 0xFC, 0x00, 0x0F, 0xF8, 0x00, 0x00, 0x00, 0x01, 0xFE, 0x00, 0x03, 0xFC, 0x00,
    0x00, 0x00, 0x00, 0x00, 0x00, 0x00, 0x00, 0x00, 0x00, 0x00, 0x00, 0x00, 0x00, 0x00, 0x00, 0x00,
    0x00, 0x00, 0x00, 0x00, 0x1B, 0xC0, 0x00, 0x00, 0x00, 0x00, 0x0F, 0xFC, 0x00, 0x00, 0x00, 0x00,
    0x0F, 0xFF, 0x40, 0x00, 0x00, 0x00, 0x0B, 0xFB, 0xF0, 0x00, 0x00, 0x00, 0x07, 0xF0, 0xFD, 0x00,
    0x00, 0x00, 0x07, 0xF0, 0x1F, 0x80, 0x00, 0x00, 0x03, 0xF0, 0x03, 0xD0, 0x00, 0x00, 0x00, 0x00,
    0x00, 0x00, 0x00, 0x00, 0x00, 0x00, 0x00, 0x00, 0x00, 0x00, 0x15, 0x00, 0x0A, 0x40, 0x06, 0x80,
    0xBF, 0xF0, 0x0F, 0xF4, 0x0F, 0xFC, 0x7F, 0xFD, 0x02, 0xFF, 0x01, 0xFF, 0x5B, 0xFF, 0xC0, 0x3F,
    0xC0, 0x3F, 0xD0, 0x1F, 0xF0, 0x0F, 0xF4, 0x0B, 0xF4, 0x03, 0xFD, 0x03, 0xFE, 0x02, 0xFC, 0x00,
    0xFF, 0x40, 0xFF, 0x80, 0xFF, 0x00, 0x2F, 0xE0, 0x7F, 0xF0, 0x3F, 0x80, 0x07, 0xF8, 0x2F, 0xFC,
    0x1F, 0xC0, 0x00, 0xFE, 0x0F, 0xFF, 0x0B, 0xF0, 0x00, 0x3F, 0xC7, 0xFF, 0xC3, 0xF4, 0x00, 0x0F,
    0xF3, 0xFB, 0xF2, 0xFC, 0x00, 0x03, 0xFE, 0xF5, 0xFD, 0xFC, 0x00, 0x00, 0xFF, 0xFC, 0x7F, 0xFE,
    0x00, 0x00, 0x2F, 0xFC, 0x1F, 0xFF, 0x00, 0x00, 0x0B, 0xFD, 0x07, 0xFF, 0x00, 0x00, 0x02, 0xFD,
    0x01, 0xFF, 0x00, 0x00, 0x00, 0x7D, 0x00, 0x3F, 0x00, 0x00, 0x00, 0x00, 0x00, 0x00, 0x00, 0x00,
    0x00, 0x00, 0x00, 0x00, 0x6D, 0x00, 0x00, 0x00, 0x00, 0x07, 0xFD, 0x00, 0x00, 0x00, 0x00, 0x7F,
    0xFC, 0x00, 0x00, 0x00, 0x07, 0xFB, 0xFC, 0x00, 0x00, 0x00, 0xBF, 0x83, 0xF8, 0x00, 0x00, 0x0F,
    0xF4, 0x07, 0xE0, 0x00, 0x00, 0x1A, 0x00, 0x06, 0x00, 0x00, 0x00, 0x00, 0x00, 0x00, 0x00, 0x00,
    0x00, 0x00, 0x00, 0x00, 0x00, 0xBF, 0xFF, 0xF0, 0x3F, 0xFF, 0xE3, 0xFF, 0xFF, 0x81, 0xFF, 0xFF,
    0x8B, 0xFF, 0xF4, 0x01, 0xFF, 0xF4, 0x03, 0xFF, 0x00, 0x02, 0xFE, 0x00, 0x0B, 0xFC, 0x00, 0x1F,
    0xF0, 0x00, 0x1F, 0xF4, 0x00, 0xFF, 0x00, 0x00, 0x3F, 0xF0, 0x0B, 0xF4, 0x00, 0x00, 0xBF, 0xC0,
    0x7F, 0x80, 0x00, 0x01, 0xFF, 0x43, 0xFC, 0x00, 0x00, 0x03, 0xFF, 0x3F, 0xC0, 0x00, 0x00, 0x0B,
    0xFE, 0xFD, 0x00, 0x00, 0x00, 0x0F, 0xFF, 0xE0, 0x00, 0x00, 0x00, 0x3F, 0xFF, 0x00, 0x00, 0x00,
    0x00, 0x7F, 0xF0, 0x00, 0x00, 0x00, 0x01, 0xFF, 0x80, 0x00, 0x00, 0x00, 0x0B, 0xFD, 0x00, 0x00,
    0x00, 0x00, 0x2F, 0xF0, 0x00, 0x00, 0x00, 0x00, 0xFF, 0xC0, 0x00, 0x00, 0x00, 0x03, 0xFF, 0x00,
    0x00, 0x00, 0x00, 0x1F, 0xF8, 0x00, 0x00, 0x00, 0x06, 0xFF, 0xF9, 0x00, 0x00, 0x00, 0xBF, 0xFF,
    0xFC, 0x00, 0x00, 0x03, 0xFF, 0xFF, 0xE0, 0x00, 0x00, 0x00, 0x00, 0x00, 0x00, 0x00, 0x00, 0x00,
    0x00, 0x00, 0xBD, 0x00, 0x00, 0x00, 0x00, 0x3F, 0xF0, 0x00, 0x00, 0x00, 0x0B, 0xFF, 0x40, 0x00,
    0x00, 0x02, 0xFE, 0xFC, 0x00, 0x00, 0x00, 0x7F, 0x0F, 0xD0, 0x00, 0x00, 0x1F, 0xD0, 0x3E, 0x00,
    0x00, 0x03, 0xF4, 0x02, 0xD0, 0x00, 0x00, 0x00, 0x00, 0x00, 0x00, 0x00, 0x00, 0x00, 0x00, 0x00,
    0x00, 0x00, 0x58, 0x00, 0x1A, 0x00, 0x00, 0xBF, 0xF0, 0x0F, 0xFD, 0x00, 0x1F, 0xFF, 0x80, 0x7F,
    0xE0, 0x01, 0xBF, 0xFC, 0x03, 0xFF, 0x00, 0x00, 0x7F, 0xC0, 0x2F, 0xE0, 0x00, 0x03, 0xFD, 0x02,
    0xFE, 0x00, 0x00, 0x3F, 0xD0, 0x3F, 0xD0, 0x00, 0x02, 0xFE, 0x03, 0xFC, 0x00, 0x00, 0x1F, 0xE0,
    0x7F, 0x80, 0x00, 0x00, 0xFF, 0x0B, 0xF0, 0x00, 0x00, 0x0F, 0xF0, 0xFE, 0x00, 0x00, 0x00, 0xFF,
    0x1F, 0xC0, 0x00, 0x00, 0x0F, 0xF3, 0xF8, 0x00, 0x00, 0x00, 0xFF, 0x7F, 0x00, 0x00, 0x00, 0x0B,
    0xFF, 0xD0, 0x00, 0x00, 0x00, 0xBF, 0xF8, 0x00, 0x00, 0x00, 0x0B, 0xFF, 0x00, 0x00, 0x00, 0x00,
    0xFF, 0xC0, 0x00, 0x00, 0x00, 0x0F, 0xF4, 0x00, 0x00, 0x00, 0x02, 0xFD, 0x00, 0x00, 0x00, 0x00,
    0x7F, 0x40, 0x00, 0x03, 0xD0, 0x6F, 0xD0, 0x00, 0x00, 0x7F, 0xFF, 0xF4, 0x00, 0x00, 0x0B, 0xFF,
    0xFD, 0x00, 0x00, 0x00, 0x3F, 0xFE, 0x00, 0x00, 0x00, 0x00, 0xBA, 0x00, 0x00, 0x00, 0x00, 0x00,
    0x00, 0x04, 0x00, 0x50, 0x00, 0x00, 0x02, 0xFC, 0x0F, 0xE0, 0x00, 0x00, 0x1F, 0xF4, 0xFF, 0xC0,
    0x00, 0x00, 0x7F, 0xC3, 0xFE, 0x00, 0x00, 0x00, 0xFD, 0x0B, 0xE0, 0x00, 0x00, 0x00, 0x00, 0x00,
    0x00, 0x00, 0x00, 0x00, 0x00, 0x00, 0x00, 0x00, 0x00, 0x00, 0x00, 0x00, 0x00, 0x2F, 0xFF, 0xFC,
    0x0F, 0xFF, 0xF8, 0xFF, 0xFF, 0xE0, 0x7F, 0xFF, 0xE2, 0xFF, 0xFD, 0x00, 0x7F, 0xFD, 0x00, 0xFF,
    0xC0, 0x00, 0xBF, 0x80, 0x02, 0xFF, 0x00, 0x07, 0xFC, 0x00, 0x07, 0xFD, 0x00, 0x3F, 0xC0, 0x00,
    0x0F, 0xFC, 0x02, 0xFD, 0x00, 0x00, 0x2F, 0xF0, 0x1F, 0xE0, 0x00, 0x00, 0x7F, 0xD0, 0xFF, 0x00,
    0x00, 0x00, 0xFF, 0xCF, 0xF0, 0x00, 0x00, 0x02, 0xFF, 0xBF, 0x40, 0x00, 0x00, 0x03, 0xFF, 0xF8,
    0x00, 0x00, 0x00, 0x0F, 0xFF, 0xC0, 0x00, 0x00, 0x00, 0x1F, 0xFC, 0x00, 0x00, 0x00, 0x00, 0x7F,
    0xE0, 0x00, 0x00, 0x00, 0x02, 0xFF, 0x40, 0x00, 0x00, 0x00, 0x0B, 0xFC, 0x00, 0x00, 0x00, 0x00,
    0x3F, 0xF0, 0x00, 0x00, 0x00, 0x00, 0xFF, 0xC0, 0x00, 0x00, 0x00, 0x07, 0xFE, 0x00, 0x00, 0x00,
    0x01, 0xBF, 0xFE, 0x40, 0x00, 0x00, 0x2F, 0xFF, 0xFF, 0x00, 0x00, 0x00, 0xFF, 0xFF, 0xF8, 0x00,
    0x00, 0x00, 0x00, 0x00, 0x00, 0x00, 0x00, 0x00, 0x00, 0x00, 0x00, 0x28, 0x00, 0x00, 0x00, 0x00,
    0x7F, 0x00, 0x00, 0x00, 0x00, 0xBF, 0xC0, 0x00, 0x00, 0x01, 0xFF, 0xF0, 0x00, 0x00, 0x02, 0xFF,
    0xE0, 0x00, 0x00, 0x00, 0xFF, 0x80, 0x00, 0x00, 0x00, 0x24, 0x00, 0x00, 0x00, 0x00, 0x00, 0x00,
    0x00, 0x00, 0x00, 0x00, 0x00, 0x00, 0x00, 0x07, 0xFF, 0xFF, 0xFF, 0xF4, 0x02, 0xFF, 0xFF, 0xFF,
    0xFF, 0x00, 0xFF, 0xFF, 0xFF, 0xFF, 0xC0, 0x3F, 0x94, 0x02, 0xFF, 0xD0, 0x1F, 0xC0, 0x01, 0xFF,
    0xE0, 0x07, 0xF0, 0x00, 0xFF, 0xE0, 0x00, 0xF4, 0x00, 0xFF, 0xF0, 0x00, 0x00, 0x00, 0xFF, 0xF0,
    0x00, 0x00, 0x00, 0xBF, 0xF4, 0x00, 0x00, 0x00, 0x7F, 0xF4, 0x00, 0x00, 0x00, 0x7F, 0xF8, 0x00,
    0x00, 0x00, 0x3F, 0xF8, 0x00, 0x00, 0x00, 0x3F, 0xFC, 0x00, 0x00, 0x00, 0x3F, 0xFC, 0x00, 0x00,
    0x00, 0x2F, 0xFD, 0x00, 0x00, 0x00, 0x1F, 0xFD, 0x00, 0x19, 0x00, 0x1F, 0xFE, 0x00, 0x0F, 0xC0,
    0x0F, 0xFE, 0x00, 0x07, 0xF0, 0x0F, 0xFF, 0x00, 0x03, 0xFC, 0x0B, 0xFF, 0x00, 0x06, 0xFF, 0x07,
    0xFF, 0xFF, 0xFF, 0xFF, 0x80, 0xFF, 0xFF, 0xFF, 0xFF, 0xC0, 0x2F, 0xFF, 0xFF, 0xFF, 0xE0, 0x00,
    0x00, 0x00, 0x00, 0x00, 0x00, 0x00, 0x00, 0x00, 0x00, 0x00, 0x00, 0x00, 0x0A, 0x00, 0x00, 0x00,
    0x07, 0xE0, 0x00, 0x00, 0x03, 0xFC, 0x00, 0x00, 0x02, 0xFE, 0x00, 0x00, 0x01, 0xFF, 0x00, 0x00,
    0x00, 0xFF, 0x00, 0x00, 0x00, 0x3E, 0x00, 0x00, 0x00, 0x0A, 0x00, 0x00, 0x00, 0x00, 0x00, 0x00,
    0x00, 0x00, 0x00, 0x00, 0x00, 0x54, 0x00, 0x68, 0x00, 0xFF, 0xF4, 0x3F, 0xC0, 0xFF, 0xFF, 0xEF,
    0xF0, 0x3F, 0xFF, 0xFF, 0xF4, 0x1F, 0xE6, 0xFF, 0xF4, 0x07, 0xF0, 0x0B, 0xF4, 0x00, 0xF4, 0x0B,
    0xF8, 0x00, 0x00, 0x0B, 0xF8, 0x00, 0x00, 0x07, 0xF8, 0x00, 0x00, 0x07, 0xF8, 0x00, 0x00, 0x07,
    0xF8, 0x00, 0x00, 0x07, 0xF8, 0x00, 0x00, 0x07, 0xFC, 0x00, 0xE0, 0x07, 0xFC, 0x00, 0xBD, 0x03,
    0xFF, 0xFA, 0xBF, 0x83, 0xFF, 0xFF, 0xFF, 0xE1, 0xFF, 0xBF, 0xFF, 0xF0, 0x2F, 0x42, 0xFF, 0xF4,
    0x00, 0x00, 0x00, 0x40, 0x00, 0x00, 0x00, 0x00, 0x00, 0x00, 0x00, 0x00, 0x00, 0x2F, 0x00, 0x00,
    0x00, 0x00, 0x3F, 0xE0, 0x00, 0x00, 0x00, 0x1F, 0xF8, 0x00, 0x00, 0x00, 0x07, 0xFC, 0x00, 0x00,
    0x00, 0x00, 0xFD, 0x00, 0x00, 0x00, 0x00, 0x00, 0x00, 0x00, 0x00, 0x00, 0x00, 0x00, 0x00, 0x00,
    0x00, 0x00, 0x00, 0x00, 0x00, 0x1F, 0xFF, 0xFF, 0xFF, 0xD0, 0x0B, 0xFF, 0xFF, 0xFF, 0xFC, 0x03,
    0xFF, 0xFF, 0xFF, 0xFF, 0x00, 0xFE, 0x50, 0x0B, 0xFF, 0x40, 0x7F, 0x00, 0x07, 0xFF, 0x80, 0x1F,
    0xC0, 0x03, 0xFF, 0x80, 0x03, 0xD0, 0x03, 0xFF, 0xC0, 0x00, 0x00, 0x03, 0xFF, 0xC0, 0x00, 0x00,
    0x02, 0xFF, 0xD0, 0x00, 0x00, 0x01, 0xFF, 0xD0, 0x00, 0x00, 0x01, 0xFF, 0xE0, 0x00, 0x00, 0x00,
    0xFF, 0xE0, 0x00, 0x00, 0x00, 0xFF, 0xF0, 0x00, 0x00, 0x00, 0xFF, 0xF0, 0x00, 0x00, 0x00, 0xBF,
    0xF4, 0x00, 0x00, 0x00, 0x7F, 0xF4, 0x00, 0x64, 0x00, 0x7F, 0xF8, 0x00, 0x3F, 0x00, 0x3F, 0xF8,
    0x00, 0x1F, 0xC0, 0x3F, 0xFC, 0x00, 0x0F, 0xF0, 0x2F, 0xFC, 0x00, 0x1B, 0xFC, 0x1F, 0xFF, 0xFF,
    0xFF, 0xFE, 0x03, 0xFF, 0xFF, 0xFF, 0xFF, 0x00, 0xBF, 0xFF, 0xFF, 0xFF, 0x80, 0x00, 0x00, 0x00,
    0x00, 0x00, 0x00, 0x00, 0x00, 0x0A, 0x40, 0x00, 0x00, 0x0F, 0xF0, 0x00, 0x00, 0x0B, 0xFC, 0x00,
    0x00, 0x02, 0xFF, 0x00, 0x00, 0x00, 0x7F, 0x00, 0x00, 0x00, 0x01, 0x00, 0x00, 0x00, 0x00, 0x00,
    0x00, 0x00, 0x00, 0x00, 0x00, 0x00, 0x15, 0x00, 0x1A, 0x00, 0x3F, 0xFD, 0x0F, 0xF0, 0x3F, 0xFF,
    0xFB, 0xFC, 0x0F, 0xFF, 0xFF, 0xFD, 0x07, 0xF9, 0xBF, 0xFD, 0x01, 0xFC, 0x02, 0xFD, 0x00, 0x3D,
    0x02, 0xFE, 0x00, 0x00, 0x02, 0xFE, 0x00, 0x00, 0x01, 0xFE, 0x00, 0x00, 0x01, 0xFE, 0x00, 0x00,
    0x01, 0xFE, 0x00, 0x00, 0x01, 0xFE, 0x00, 0x00, 0x01, 0xFF, 0x00, 0x38, 0x01, 0xFF, 0x00, 0x2F,
    0x40, 0xFF, 0xFE, 0xAF, 0xE0, 0xFF, 0xFF, 0xFF, 0xF8, 0x7F, 0xEF, 0xFF, 0xFC, 0x0B, 0xD0, 0xBF,
    0xFD, 0x00, 0x00, 0x00, 0x10, 0x00, 0x00, 0x00, 0xA0, 0x00, 0x7C, 0x00, 0x00, 0x7E, 0x00, 0xBF,
    0x40, 0x00, 0x0F, 0xD0, 0xBF, 0x40, 0x00, 0x02, 0xFD, 0xFF, 0x00, 0x00, 0x00, 0x3F, 0xFF, 0x00,
    0x00, 0x00, 0x03, 0xFF, 0x00, 0x00, 0x00, 0x00, 0x3E, 0x00, 0x00, 0x00, 0x00, 0x00, 0x00, 0x00,
    0x00, 0x00, 0x00, 0x00, 0x00, 0x00, 0x1F, 0xFF, 0xFF, 0xFF, 0xD0, 0x0B, 0xFF, 0xFF, 0xFF, 0xFC,
    0x03, 0xFF, 0xFF, 0xFF, 0xFF, 0x00, 0xFE, 0x50, 0x0B, 0xFF, 0x40, 0x7F, 0x00, 0x07, 0xFF, 0x80,
    0x1F, 0xC0, 0x03, 0xFF, 0x80, 0x03, 0xD0, 0x03, 0xFF, 0xC0, 0x00, 0x00, 0x03, 0xFF, 0xC0, 0x00,
    0x00, 0x02, 0xFF, 0xD0, 0x00, 0x00, 0x01, 0xFF, 0xD0, 0x00, 0x00, 0x01, 0xFF, 0xE0, 0x00, 0x00,
    0x00, 0xFF, 0xE0, 0x00, 0x00, 0x00, 0xFF, 0xF0, 0x00, 0x00, 0x00, 0xFF, 0xF0, 0x00, 0x00, 0x00,
    0xBF, 0xF4, 0x00, 0x00, 0x00, 0x7F, 0xF4, 0x00, 0x64, 0x00, 0x7F, 0xF8, 0x00, 0x3F, 0x00, 0x3F,
    0xF8, 0x00, 0x1F, 0xC0, 0x3F, 0xFC, 0x00, 0x0F, 0xF0, 0x2F, 0xFC, 0x00, 0x1B, 0xFC, 0x1F, 0xFF,
    0xFF, 0xFF, 0xFE, 0x03, 0xFF, 0xFF, 0xFF, 0xFF, 0x00, 0xBF, 0xFF, 0xFF, 0xFF, 0x80, 0x00, 0x00,
    0x00, 0x00, 0x00, 0x00, 0x00, 0x01, 0x00, 0x06, 0x00, 0x03, 0xE0, 0x0F, 0xE0, 0x00, 0xFC, 0x0F,
    0xE0, 0x00, 0x2F, 0x8B, 0xE0, 0x00, 0x03, 0xFF, 0xF0, 0x00, 0x00, 0xBF, 0xF0, 0x00, 0x00, 0x0F,
    0xF0, 0x00, 0x00, 0x01, 0xF4, 0x00, 0x00, 0x00, 0x00, 0x00, 0x00, 0x00, 0x00, 0x00, 0x00, 0x01,
    0x50, 0x01, 0xA0, 0x03, 0xFF, 0xD0, 0xFF, 0x03, 0xFF, 0xFF, 0xBF, 0xC0, 0xFF, 0xFF, 0xFF, 0xD0,
    0x7F, 0x9B, 0xFF, 0xD0, 0x1F, 0xC0, 0x2F, 0xD0, 0x03, 0xD0, 0x2F, 0xE0, 0x00, 0x00, 0x2F, 0xE0,
    0x00, 0x00, 0x1F, 0xE0, 0x00, 0x00, 0x1F, 0xE0, 0x00, 0x00, 0x1F, 0xE0, 0x00, 0x00, 0x1F, 0xE0,
    0x00, 0x00, 0x1F, 0xF0, 0x03, 0x80, 0x1F, 0xF0, 0x02, 0xF4, 0x0F, 0xFF, 0xEA, 0xFE, 0x0F, 0xFF,
    0xFF, 0xFF, 0x87, 0xFE, 0xFF, 0xFF, 0xC0, 0xBD, 0x0B, 0xFF, 0xD0, 0x00, 0x00, 0x01, 0x00, 0x00,
    0x00, 0x00, 0x00, 0x00, 0x2B, 0xA0, 0x00, 0x00, 0x00, 0x02, 0xFF, 0xFD, 0x00, 0x00, 0x00, 0x0B,
    0xFF, 0xFF, 0x00, 0x00, 0x00, 0x2F, 0xF6, 0xFE, 0x00, 0x00, 0x00, 0x3F, 0xC0, 0x7C, 0x00, 0x00,
    0x00, 0xBF, 0x80, 0x00, 0x00, 0x00, 0x00, 0xFF, 0x40, 0x00, 0x00, 0x00, 0x01, 0xFF, 0x00, 0x00,
    0x00, 0x00, 0x02, 0xFF, 0x00, 0x00, 0x00, 0x00, 0x03, 0xFF, 0x00, 0x00, 0x00, 0x00, 0x03, 0xFE,
    0x00, 0x00, 0x00, 0x00, 0x03, 0xFD, 0x00, 0x00, 0x00, 0x00, 0x07, 0xFC, 0x00, 0x00, 0x00, 0x00,
    0x0B, 0xFC, 0x00, 0x00, 0x00, 0x00, 0x0F, 0xF8, 0x00, 0x00, 0x00, 0x00, 0x0F, 0xF8, 0x00, 0x00,
    0x00, 0x00, 0x0F, 0xF4, 0x00, 0x00, 0x00, 0x00, 0x1F, 0xF0, 0x00, 0x00, 0x00, 0x00, 0x2F, 0xF0,
    0x00, 0x00, 0x00, 0x00, 0x3F, 0xE0, 0x00, 0x00, 0x00, 0x00, 0x3F, 0xD0, 0x00, 0x00, 0x00, 0x00,
    0x7F, 0xD0, 0x00, 0x00, 0x00, 0x00, 0x7F, 0xC0, 0x00, 0x00, 0x00, 0x00, 0xBF, 0xC0, 0x00, 0x00,
    0x00, 0x00, 0xFF, 0x80, 0x00, 0x00, 0x00, 0x00, 0xFF, 0x40, 0x00, 0x00, 0x00, 0x01, 0xFF, 0x00,
    0x00, 0x00, 0x00, 0x02, 0xFF, 0x00, 0x00, 0x00, 0x00, 0x03, 0xFE, 0x00, 0x00, 0x00, 0x3C, 0x07,
    0xFC, 0x00, 0x00, 0x00, 0xBF, 0xAF, 0xF8, 0x00, 0x00, 0x00, 0xFF, 0xFF, 0xE0, 0x00, 0x00, 0x00,
    0xBF, 0xFF, 0x80, 0x00, 0x00, 0x00, 0x1B, 0xE4, 0x00, 0x00, 0x00, 0x00, 0x04, 0x00, 0xF4, 0x0B,
    0xF0, 0x2F, 0xF0, 0x3F, 0xD0, 0x7F, 0xC0, 0x3F, 0x80, 0x2D, 0x00, 0x00, 0x00, 0x00, 0x07, 0x00,
    0x3F, 0x02, 0xFD, 0x1F, 0xF0, 0xFF, 0x0B, 0xF4, 0x3F, 0x00, 0x70, 0x00, 0x00, 0x00, 0x00, 0x00,
    0x00, 0x00, 0x0B, 0xD0, 0x00, 0x3F, 0xF0, 0x00, 0xBF, 0xF8, 0x02, 0xFE, 0xFC, 0x07, 0xF0, 0xFD,
    0x1F, 0xD0, 0x3E, 0x3F, 0x40, 0x2D, 0x00, 0x00, 0x00, 0x07, 0xE0, 0x18, 0x2F, 0xF8, 0x3E, 0x3F,
    0xFE, 0xFD, 0x7D, 0x3F, 0xFC, 0x38, 0x1F, 0xF0, 0x00, 0x01, 0x00, 0x1A, 0xAA, 0xA8, 0x3F, 0xFF,
    0xFC, 0x7F, 0xFF, 0xFC, 0x15, 0x55, 0x50, 0x09, 0x00, 0x04, 0x3E, 0x00, 0x1C, 0x3F, 0x80, 0xBC,
    0x3F, 0xFF, 0xF4, 0x1F, 0xFF, 0xD0, 0x02, 0xFE, 0x00, 0x06, 0x83, 0xFD, 0x7F, 0xD7, 0xFC, 0x3F,
    0x40, 0x40, 0x00, 0x00, 0x00, 0x1F, 0xC0, 0xFC, 0x3F, 0xC3, 0xFD, 0x7F, 0xC3, 0xFD, 0x7F, 0x43,
    0xF8, 0x04, 0x00, 0x40, 0x06, 0xF9, 0x0F, 0xFF, 0xDB, 0xE7, 0xFB, 0xE0, 0xBE, 0x24, 0x3F, 0x00,
    0x3F, 0x40, 0xFF, 0x00, 0x3E, 0x00, 0x0F, 0x40, 0x00, 0x00, 0x00, 0x00, 0x64, 0x00, 0xBF, 0xF4,
    0x1F, 0xEF, 0xC3, 0xE0, 0x7C, 0x3D, 0x03, 0xC3, 0xD0, 0xBC, 0x3F, 0x6F, 0x81, 0xFF, 0xE0, 0x06,
    0xE4, 0x00, 0x00, 0x00, 0x00, 0x00, 0x2D, 0x03, 0xC0, 0x1F, 0xC2, 0xFC, 0x0F, 0xF1, 0xFE, 0x0F,
    0xF0, 0xFF, 0x0B, 0xF0, 0xBF, 0x03, 0xF0, 0x7F, 0x00, 0xF0, 0x1E, 0x00, 0x00, 0x00, 0x00, 0x00,
    0x10, 0x00, 0x60, 0xBC, 0x02, 0xFC, 0xBD, 0x0B, 0xF0, 0x7F, 0x2F, 0xC0, 0x3F, 0xFF, 0x00, 0x1F,
    0xFD, 0x00, 0x0F, 0xF4, 0x00, 0x07, 0xE0, 0x00, 0x00, 0x00, 0x00, 0x24, 0x09, 0x03, 0xF0, 0xFC,
    0x0F, 0xC3, 0xF0, 0x3F, 0x4F, 0xD0, 0x7F, 0x1F, 0xC0, 0xBC, 0x2F, 0x00, 0xF0, 0x3C, 0x00, 0x00,
    0x00, 0x00, 0x2A, 0x40, 0x1F, 0xFF, 0xC1, 0xFF, 0xFF, 0x8F, 0xD5, 0xFF, 0x78, 0x00, 0xFD, 0x40,
    0x02, 0x80, 0x00, 0x00, 0x00, 0x00, 0x00, 0x07, 0xC0, 0xBC, 0x07, 0xD0, 0x3F, 0x02, 0xF8, 0x0F,
    0xE0, 0x3F, 0xC0, 0xBF, 0x40, 0xA4, 0x00, 0x07, 0xF0, 0x3F, 0xE0, 0x7F, 0xC0, 0xFE, 0x07, 0xF0,
    0x2F, 0x81, 0xFC, 0x1F, 0xC0, 0x78, 0x00, 0x0F, 0xC3, 0xFD, 0xBF, 0x4F, 0xF0, 0xFE, 0x0B, 0xE0,
    0x7F, 0x02, 0xF4, 0x0A, 0x00, 0x04, 0x00, 0xFC, 0x1F, 0xC2, 0xFC, 0x3F, 0x43, 0xF0, 0x3D, 0x07,
    0xC0, 0x10, 0x00, 0x0B, 0xD0, 0xFF, 0x0F, 0xE1, 0xFD, 0x3F, 0x4B, 0xD0, 0xE0, 0x00, 0x00, 0x01,
    0x01, 0xFC, 0x3F, 0xD7, 0xFD, 0x7F, 0x81, 0x90, 0x0F, 0x80, 0xBC, 0x3F, 0xC3, 0xFD, 0x7F, 0xC3,
    0xFD, 0x7F, 0x43, 0xF8, 0x14, 0x00, 0x50, 0x01, 0x40, 0x0F, 0xF8, 0x3E, 0xBD, 0x78, 0x2E, 0xB8,
    0x2E, 0x7D, 0x7C, 0x3F, 0xF4, 0x06, 0x80, 0x00, 0x40, 0x1F, 0xC0, 0x7F, 0x40, 0xFD, 0x03, 0xF0,
    0x2F, 0x02, 0xF4, 0x05, 0x00, 0x01, 0x50, 0x0B, 0xFC, 0x0B, 0xFC, 0x00, 0xFC, 0x01, 0xFC, 0x07,
    0xF0, 0x3F, 0xC0, 0x29, 0x00, 0x00, 0x50, 0x07, 0xC0, 0x0F, 0x00, 0x3E, 0x00, 0x3E, 0x00, 0x7F,
    0x54, 0x3F, 0xFC, 0x1F, 0xE0, 0x00, 0x01, 0xFD, 0x2F, 0xC3, 0xFC, 0x3F, 0x83, 0xF4, 0x7F, 0x0B,
    0xF0, 0x69, 0x00, 0x00, 0x00, 0x00, 0x00, 0x02, 0xF4, 0x00, 0x02, 0xFF, 0x40, 0x02, 0xFF, 0xF0,
    0x02, 0xFE, 0xFE, 0x03, 0xFC, 0x1F, 0xC3, 0xF8, 0x02, 0xF0, 0x24, 0x00, 0x10, 0x08, 0x00, 0x04,
    0x3E, 0x00, 0x1C, 0x3F, 0x80, 0xBC, 0x3F, 0xFF, 0xF4, 0x1F, 0xFF, 0xE0, 0x02, 0xFE, 0x00, 0x00,
    0x00, 0x00, 0x0B, 0xF0, 0x2C, 0x2F, 0xFC, 0x3E, 0x7F, 0xFF, 0xFD, 0x7C, 0x3F, 0xF8, 0x28, 0x0F,
    0xE0, 0x00, 0x00, 0x00, 0x15, 0x55, 0x54, 0x3F, 0xFF, 0xFC, 0x7F, 0xFF, 0xFC, 0x2A, 0xAA, 0xA4,
    0x00, 0x1A, 0x40, 0x02, 0xFF, 0xF4, 0x0F, 0xFF, 0xFC, 0x3F, 0x96, 0xFC, 0x3C, 0x00, 0xFC, 0x20,
    0x00, 0x74, 0x00, 0x00, 0x00, 0x00, 0x00, 0x04, 0x00, 0x00, 0x0B, 0x80, 0x00, 0x07, 0xF4, 0x00,
    0x03, 0xFC, 0x00, 0x03, 0xFD, 0x00, 0x02, 0xFC, 0x00, 0x00, 0xFC, 0x00, 0x00, 0x28, 0x00, 0x01,
    0x00, 0x14, 0x07, 0xF4, 0x3F, 0x83, 0xFD, 0x2F, 0xE0, 0xFF, 0x0F, 0xF4, 0x3F, 0x41, 0xF8, 0x00,
    0x00, 0x00, 0x00, 0x2A, 0x07, 0xE0, 0xBD, 0x0F, 0xF5, 0xFF, 0xD7, 0xF4, 0x00, 0x00, 0x00, 0x00,
    0x00, 0x00, 0x00, 0x00, 0x00, 0x00, 0x07, 0x00, 0x00, 0x00, 0x00, 0x00, 0x3F, 0x40, 0x00, 0x00,
    0x00, 0x01, 0xFF, 0x80, 0x00, 0x00, 0x00, 0x03, 0xFF, 0x80, 0x00, 0x00, 0x00, 0x02, 0xFF, 0xC0,
    0x00, 0x00, 0x00, 0x00, 0xBF, 0x40, 0x00, 0x00, 0x00, 0x00, 0x18, 0x00, 0x00, 0x00, 0x00, 0x00,
    0x00, 0x00, 0x00, 0x00, 0x00, 0x00, 0x00, 0x00, 0x00, 0xFF, 0xFF, 0xFF, 0xFF, 0x40, 0x0B, 0xFF,
    0xFF, 0xFF, 0xFD, 0x00, 0x1F, 0xFF, 0xFF, 0xFF, 0xF0, 0x00, 0x03, 0xFE, 0x01, 0x6F, 0xC0, 0x00,
    0x1F, 0xF4, 0x00, 0x7F, 0x00, 0x00, 0xBF, 0xC0, 0x01, 0xF8, 0x00, 0x03, 0xFF, 0x00, 0x07, 0xC0,
    0x00, 0x0F, 0xFC, 0x00, 0x00, 0x00, 0x00, 0x7F, 0xE0, 0x00, 0x00, 0x00, 0x01, 0xFF, 0x40, 0x00,
    0x00, 0x00, 0x0B, 0xFF, 0xFF, 0xF8, 0x00, 0x00, 0x3F, 0xFF, 0xFF, 0xD0, 0x00, 0x00, 0xFF, 0xFF,
    0xFF, 0x00, 0x00, 0x07, 0xFE, 0x00, 0x00, 0x00, 0x00, 0x2F, 0xF4, 0x00, 0x00, 0x00, 0x00, 0xFF,
    0xC0, 0x00, 0x00, 0x00, 0x03, 0xFF, 0x00, 0x02, 0xE0, 0x00, 0x0F, 0xF8, 0x00, 0x1F, 0xC0, 0x00,
    0x7F, 0xD0, 0x00, 0xFE, 0x00, 0x02, 0xFF, 0x40, 0x1B, 0xF4, 0x00, 0x7F, 0xFF, 0xFF, 0xFF, 0xC0,
    0x0B, 0xFF, 0xFF, 0xFF, 0xFF, 0x00, 0x3F, 0xFF, 0xFF, 0xFF, 0xF4, 0x00, 0x00, 0x00, 0x00, 0x50,
    0x01, 0x00, 0x00, 0x00, 0x0F, 0xF0, 0x7F, 0x40, 0x00, 0x00, 0xBF, 0xC3, 0xFE, 0x00, 0x00, 0x03,
    0xFE, 0x1F, 0xF0, 0x00, 0x00, 0x0B, 0xF0, 0x3F, 0x40, 0x00, 0x00, 0x00, 0x00, 0x00, 0x00, 0x00,
    0x00, 0x00, 0x00, 0x00, 0x00, 0x00, 0x00, 0x00, 0x00, 0x00, 0x00, 0x0F, 0xFF, 0xFF, 0xFF, 0xF4,
    0x00, 0xBF, 0xFF, 0xFF, 0xFF, 0xD0, 0x01, 0xFF, 0xFF, 0xFF, 0xFF, 0x00, 0x00, 0x3F, 0xE0, 0x16,
    0xFC, 0x00, 0x01, 0xFF, 0x40, 0x07, 0xF0, 0x00, 0x0B, 0xFC, 0x00, 0x1F, 0x80, 0x00, 0x3F, 0xF0,
    0x00, 0x7C, 0x00, 0x00, 0xFF, 0xC0, 0x00, 0x00, 0x00, 0x07, 0xFE, 0x00, 0x00, 0x00, 0x00, 0x1F,
    0xF4, 0x00, 0x00, 0x00, 0x00, 0xBF, 0xFF, 0xFF, 0x80, 0x00, 0x03, 0xFF, 0xFF, 0xFD, 0x00, 0x00,
    0x0F, 0xFF, 0xFF, 0xF0, 0x00, 0x00, 0x7F, 0xE0, 0x00, 0x00, 0x00, 0x02, 0xFF, 0x40, 0x00, 0x00,
    0x00, 0x0F, 0xFC, 0x00, 0x00, 0x00, 0x00, 0x3F, 0xF0, 0x00, 0x2E, 0x00, 0x00, 0xFF, 0x80, 0x01,
    0xFC, 0x00, 0x07, 0xFD, 0x00, 0x0F, 0xE0, 0x00, 0x2F, 0xF4, 0x01, 0xBF, 0x40, 0x07, 0xFF, 0xFF,
    0xFF, 0xFC, 0x00, 0xBF, 0xFF, 0xFF, 0xFF, 0xF0, 0x03, 0xFF, 0xFF, 0xFF, 0xFF, 0x40, 0x00, 0x3F,
    0xFF, 0xFF, 0xFF, 0xFF, 0xC3, 0xFF, 0xFF, 0xFF, 0xFF, 0xFC, 0x7F, 0xFF, 0xFF, 0xFF, 0xFF, 0x8B,
    0xF5, 0x5F, 0xFD, 0x5B, 0xF4, 0xBF, 0x00, 0xFF, 0x80, 0x7F, 0x4B, 0xE0, 0x1F, 0xF4, 0x07, 0xF0,
    0xBC, 0x02, 0xFF, 0x00, 0xBD, 0x01, 0x40, 0x3F, 0xF0, 0x00, 0x00, 0x00, 0x03, 0xFF, 0x00, 0x00,
    0x00, 0x00, 0x7F, 0xE5, 0xA4, 0x00, 0x00, 0x0B, 0xFF, 0xFF, 0xF8, 0x00, 0x00, 0xBF, 0xFF, 0xFF,
    0xF0, 0x00, 0x0F, 0xFE, 0x5B, 0xFF, 0x80, 0x00, 0xFF, 0x80, 0x1F, 0xFC, 0x00, 0x1F, 0xF4, 0x00,
    0xFF, 0xD0, 0x02, 0xFF, 0x40, 0x0B, 0xFD, 0x00, 0x3F, 0xF0, 0x00, 0x7F, 0xD0, 0x03, 0xFF, 0x00,
    0x07, 0xFD, 0x00, 0x3F, 0xE0, 0x00, 0xBF, 0xD0, 0x07, 0xFD, 0x00, 0x0B, 0xFC, 0x06, 0xFF, 0xF9,
    0x00, 0xFF, 0xC2, 0xFF, 0xFF, 0xE0, 0x0F, 0xF8, 0x3F, 0xFF, 0xFD, 0x01, 0xFF, 0x00, 0x00, 0x00,
    0x00, 0x3F, 0xE0, 0x00, 0x00, 0x00, 0x07, 0xFC, 0x00, 0x00, 0x0D, 0x01, 0xFF, 0x40, 0x00, 0x03,
    0xFA, 0xBF, 0xE0, 0x00, 0x00, 0x3F, 0xFF, 0xF8, 0x00, 0x00, 0x02, 0xFF, 0xFD, 0x00, 0x00, 0x00,
    0x06, 0xE9, 0x00, 0x00, 0x00, 0x00, 0x00, 0x00, 0x00, 0x00, 0x00, 0x00, 0x00, 0x00, 0x18, 0x00,
    0x00, 0x00, 0x00, 0x03, 0xF0, 0x00, 0x00, 0x00, 0x00, 0xBF, 0xD0, 0x00, 0x00, 0x00, 0x1F, 0xFF,
    0x00, 0x00, 0x00, 0x02, 0xFF, 0xF0, 0x00, 0x00, 0x00, 0x0F, 0xF9, 0x00, 0x00, 0x00, 0x00, 0x24,
    0x00, 0x00, 0x00, 0x00, 0x00, 0x00, 0x00, 0x00, 0x00, 0x00, 0x00, 0x00, 0x00, 0x00, 0x00, 0xFF,
    0xFF, 0xFF, 0xFF, 0x00, 0x0B, 0xFF, 0xFF, 0xFF, 0xFC, 0x00, 0x1F, 0xFF, 0xFF, 0xFF, 0xF0, 0x00,
    0x03, 0xFF, 0x15, 0x7F, 0xC0, 0x00, 0x1F, 0xF8, 0x00, 0xFE, 0x00, 0x00, 0xBF, 0xD0, 0x03, 0xF4,
    0x00, 0x03, 0xFF, 0x00, 0x0F, 0xC0, 0x00, 0x0F, 0xFC, 0x00, 0x3D, 0x00, 0x00, 0x7F, 0xE0, 0x00,
    0x40, 0x00, 0x01, 0xFF, 0x40, 0x00, 0x00, 0x00, 0x0B, 0xFD, 0x00, 0x00, 0x00, 0x00, 0x3F, 0xF0,
    0x00, 0x00, 0x00, 0x00, 0xFF, 0xC0, 0x00, 0x00, 0x00, 0x07, 0xFE, 0x00, 0x00, 0x00, 0x00, 0x2F,
    0xF4, 0x00, 0x00, 0x00, 0x00, 0xFF, 0xC0, 0x00, 0x00, 0x00, 0x03, 0xFF, 0x00, 0x00, 0x00, 0x00,
    0x0F, 0xFC, 0x00, 0x00, 0x00, 0x00, 0x7F, 0xE0, 0x00, 0x00, 0x00, 0x02, 0xFF, 0x40, 0x00, 0x00,
    0x00, 0x7F, 0xFF, 0xE0, 0x00, 0x00, 0x0B, 0xFF, 0xFF, 0xD0, 0x00, 0x00, 0x3F, 0xFF, 0xFF, 0x00,
    0x00, 0x00, 0x00, 0x00, 0x00, 0x55, 0x40, 0x00, 0x00, 0x02, 0xFF, 0xFF, 0xE0, 0x00, 0x01, 0xFF,
    0xFF, 0xFF, 0xC0, 0x00, 0xFF, 0xFF, 0xFF, 0xFC, 0x00, 0x3F, 0xFE, 0x40, 0x7F, 0xC0, 0x0F, 0xFE,
    0x00, 0x03, 0xF8, 0x02, 0xFF, 0x80, 0x00, 0x3F, 0x40, 0x3F, 0xF0, 0x00, 0x03, 0xF0, 0x0B, 0xFC,
    0x00, 0x00, 0x14, 0x00, 0xFF, 0xC0, 0x00, 0x00, 0x00, 0x1F, 0xF4, 0x00, 0x00, 0x00, 0x02, 0xFF,
    0xFF, 0xFF, 0x80, 0x00, 0x3F, 0xFF, 0xFF, 0xF4, 0x00, 0x03, 0xFF, 0xFF, 0xFE, 0x00, 0x00, 0x3F,
    0xF0, 0x00, 0x00, 0x00, 0x03, 0xFF, 0x00, 0x00, 0x00, 0x00, 0x3F, 0xF4, 0x00, 0x00, 0x10, 0x02,
    0xFF, 0xC0, 0x00, 0x03, 0xC0, 0x1F, 0xFD, 0x00, 0x00, 0xFE, 0x00, 0xFF, 0xF4, 0x00, 0x2F, 0xE0,
    0x07, 0xFF, 0xFA, 0xBF, 0xFD, 0x00, 0x2F, 0xFF, 0xFF, 0xFF, 0x80, 0x00, 0x7F, 0xFF, 0xFF, 0xD0,
    0x00, 0x00, 0xBF, 0xFF, 0xD0, 0x00, 0x00, 0x00, 0x05, 0x00, 0x00, 0x00, 0x00, 0x00, 0x05, 0x54,
    0x00, 0x00, 0x07, 0xFF, 0xFF, 0x40, 0x00, 0xBF, 0xFF, 0xFF, 0x80, 0x0B, 0xFF, 0xFF, 0xFE, 0x00,
    0x7F, 0xE0, 0x07, 0xF4, 0x02, 0xFF, 0x00, 0x0F, 0xC0, 0x0F, 0xFC, 0x00, 0x3F, 0x00, 0x3F, 0xF0,
    0x01, 0xF4, 0x00, 0xFF, 0xE0, 0x00, 0x00, 0x03, 0xFF, 0xF0, 0x00, 0x00, 0x07, 0xFF, 0xF4, 0x00,
    0x00, 0x0B, 0xFF, 0xFC, 0x00, 0x00, 0x0B, 0xFF, 0xFC, 0x00, 0x00, 0x07, 0xFF, 0xFC, 0x00, 0x00,
    0x02, 0xFF, 0xF8, 0x00, 0x00, 0x01, 0xFF, 0xF0, 0x0F, 0xC0, 0x01, 0xFF, 0xC0, 0x7F, 0x00, 0x03,
    0xFF, 0x02, 0xFC, 0x00, 0x0F, 0xFC, 0x0F, 0xF4, 0x00, 0x7F, 0xE0, 0x3F, 0xF4, 0x0B, 0xFF, 0x00,
    0xFF, 0xFF, 0xFF, 0xF4, 0x01, 0xFF, 0xFF, 0xFF, 0x40, 0x00, 0x7F, 0xFF, 0xD0, 0x00, 0x00, 0x01,
    0x40, 0x00, 0x00, 0x00, 0x0F, 0xFF, 0xFF, 0x00, 0x0B, 0xFF, 0xFF, 0xC0, 0x01, 0xFF, 0xFF, 0x80,
    0x00, 0x03, 0xFF, 0x00, 0x00, 0x01, 0xFF, 0x80, 0x00, 0x00, 0xBF, 0xD0, 0x00, 0x00, 0x3F, 0xF0,
    0x00, 0x00, 0x0F, 0xFC, 0x00, 0x00, 0x03, 0xFF, 0x00, 0x00, 0x01, 0xFF, 0x80, 0x00, 0x00, 0xBF,
    0xD0, 0x00, 0x00, 0x3F, 0xF0, 0x00, 0x00, 0x0F, 0xFC, 0x00, 0x00, 0x03, 0xFE, 0x00, 0x00, 0x01,
    0xFF, 0x80, 0x00, 0x00, 0xBF, 0xD0, 0x00, 0x00, 0x3F, 0xF0, 0x00, 0x00, 0x0F, 0xFC, 0x00, 0x00,
    0x07, 0xFE, 0x00, 0x00, 0x02, 0xFF, 0x40, 0x00, 0x06, 0xFF, 0xF9, 0x00, 0x0B, 0xFF, 0xFF, 0xC0,
    0x03, 0xFF, 0xFF, 0xE0, 0x00, 0x00, 0x00, 0x50, 0x01, 0x00, 0x00, 0x3F, 0x82, 0xFC, 0x00, 0x0F,
    0xFC, 0x7F, 0xD0, 0x00, 0xFF, 0x4B, 0xFC, 0x00, 0x0F, 0xE0, 0x7F, 0x40, 0x00, 0x00, 0x00, 0x00,
    0x00, 0x00, 0x00, 0x00, 0x00, 0x00, 0x00, 0x00, 0x00, 0x00, 0x0F, 0xFF, 0xFF, 0x00, 0x02, 0xFF,
    0xFF, 0xF0, 0x00, 0x1F, 0xFF, 0xF8, 0x00, 0x00, 0x0F, 0xFC, 0x00, 0x00, 0x01, 0xFF, 0x80, 0x00,
    0x00, 0x2F, 0xF4, 0x00, 0x00, 0x03, 0xFF, 0x00, 0x00, 0x00, 0x3F, 0xF0, 0x00, 0x00, 0x03, 0xFF,
    0x00, 0x00, 0x00, 0x7F, 0xE0, 0x00, 0x00, 0x0B, 0xFD, 0x00, 0x00, 0x00, 0xFF, 0xC0, 0x00, 0x00,
    0x0F, 0xFC, 0x00, 0x00, 0x00, 0xFF, 0x80, 0x00, 0x00, 0x1F, 0xF8, 0x00, 0x00, 0x02, 0xFF, 0x40,
    0x00, 0x00, 0x3F, 0xF0, 0x00, 0x00, 0x03, 0xFF, 0x00, 0x00, 0x00, 0x7F, 0xE0, 0x00, 0x00, 0x0B,
    0xFD, 0x00, 0x00, 0x06, 0xFF, 0xF9, 0x00, 0x02, 0xFF, 0xFF, 0xF0, 0x00, 0x3F, 0xFF, 0xFE, 0x00,
    0x00, 0x00, 0x00, 0x0F, 0xFF, 0xFF, 0x40, 0x00, 0x0B, 0xFF, 0xFF, 0xC0, 0x00, 0x00, 0xFF, 0xFF,
    0x80, 0x00, 0x00, 0x03, 0xFF, 0x00, 0x00, 0x00, 0x00, 0xFF, 0xC0, 0x00, 0x00, 0x00, 0x7F, 0xE0,
    0x00, 0x00, 0x00, 0x2F, 0xF4, 0x00, 0x00, 0x00, 0x0F, 0xFC, 0x00, 0x00, 0x00, 0x03, 0xFF, 0x00,
    0x00, 0x00, 0x00, 0xFF, 0xC0, 0x00, 0x00, 0x00, 0x7F, 0xE0, 0x00, 0x00, 0x00, 0x2F, 0xF4, 0x00,
    0x00, 0x00, 0x0F, 0xFC, 0x00, 0x00, 0x00, 0x03, 0xFF, 0x00, 0x00, 0x00, 0x01, 0xFF, 0x80, 0x00,
    0x00, 0x00, 0x7F, 0xD0, 0x00, 0x00, 0x00, 0x2F, 0xF4, 0x00, 0x00, 0x00, 0x0F, 0xFC, 0x00, 0x00,
    0x00, 0x03, 0xFF, 0x00, 0x00, 0x00, 0x01, 0xFF, 0x80, 0x00, 0x00, 0x00, 0xBF, 0xD0, 0x00, 0x00,
    0x00, 0x3F, 0xF0, 0x00, 0x00, 0x00, 0x0F, 0xF8, 0x00, 0x00, 0x00, 0x0B, 0xFD, 0x00, 0x00, 0x28,
    0x03, 0xFF, 0x00, 0x00, 0x1F, 0xD7, 0xFF, 0x40, 0x00, 0x0B, 0xFF, 0xFF, 0x40, 0x00, 0x02, 0xFF,
    0xFF, 0x40, 0x00, 0x00, 0x7F, 0xFF, 0x00, 0x00, 0x00, 0x01, 0x94, 0x00, 0x00, 0x00, 0x00, 0x00,
    0x00, 0x7F, 0xFF, 0xFF, 0xFF, 0xFC, 0x00, 0x00, 0x00, 0xBF, 0xFF, 0xFF, 0xFF, 0xF8, 0x00, 0x00,
    0x00, 0x7F, 0xFF, 0xFF, 0xFF, 0xE0, 0x00, 0x00, 0x00, 0x03, 0xFC, 0x0B, 0xFE, 0x00, 0x00, 0x00,
    0x00, 0x03, 0xF8, 0x0B, 0xFC, 0x00, 0x00, 0x00, 0x00, 0x07, 0xF4, 0x0F, 0xFC, 0x00, 0x00, 0x00,
    0x00, 0x0B, 0xF0, 0x0F, 0xFC, 0x00, 0x00, 0x00, 0x00, 0x0F, 0xE0, 0x0F, 0xF8, 0x00, 0x00, 0x00,
    0x00, 0x0F, 0xD0, 0x1F, 0xF4, 0x00, 0x00, 0x00, 0x00, 0x1F, 0xC0, 0x2F, 0xF5, 0x00, 0x00, 0x00,
    0x00, 0x3F, 0xC0, 0x3F, 0xFF, 0xFE, 0x00, 0x00, 0x00, 0x3F, 0x40, 0x3F, 0xFF, 0xFF, 0xD0, 0x00,
    0x00, 0xBF, 0x00, 0x7F, 0xFA, 0xFF, 0xF4, 0x00, 0x00, 0xFE, 0x00, 0xBF, 0xD0, 0x2F, 0xFC, 0x00,
    0x01, 0xFD, 0x00, 0xFF, 0xC0, 0x0F, 0xFC, 0x00, 0x03, 0xFC, 0x00, 0xFF, 0xC0, 0x0B, 0xFC, 0x00,
    0x07, 0xF4, 0x00, 0xFF, 0x80, 0x0B, 0xFC, 0x00, 0x0F, 0xF0, 0x01, 0xFF, 0x40, 0x0F, 0xFC, 0x24,
    0x3F, 0xC0, 0x02, 0xFF, 0x40, 0x1F, 0xF8, 0x3F, 0xFF, 0x80, 0x03, 0xFF, 0x00, 0xBF, 0xF0, 0xBF,
    0xFF, 0x00, 0x2F, 0xFF, 0xFF, 0xFF, 0xC0, 0xBF, 0xFC, 0x01, 0xFF, 0xFF, 0xFF, 0xFE, 0x00, 0x3F,
    0xE0, 0x02, 0xFF, 0xFF, 0xFF, 0xE0, 0x00, 0x04, 0x00, 0x00, 0x00, 0x00, 0x00, 0x00, 0x00, 0x00,
    0x0F, 0xFF, 0xFE, 0x0F, 0xFF, 0xFF, 0x00, 0x00, 0x0B, 0xFF, 0xFF, 0x07, 0xFF, 0xFF, 0xC0, 0x00,
    0x01, 0xFF, 0xFF, 0x40, 0xBF, 0xFF, 0x80, 0x00, 0x00, 0x03, 0xFE, 0x00, 0x03, 0xFE, 0x00, 0x00,
    0x00, 0x01, 0xFF, 0x40, 0x01, 0xFF, 0x40, 0x00, 0x00, 0x00, 0xBF, 0xC0, 0x00, 0xBF, 0xC0, 0x00,
    0x00, 0x00, 0x3F, 0xF0, 0x00, 0x3F, 0xF0, 0x00, 0x00, 0x00, 0x0F, 0xF8, 0x00, 0x0F, 0xF8, 0x00,
    0x00, 0x00, 0x07, 0xFD, 0x00, 0x07, 0xFD, 0x00, 0x00, 0x00, 0x01, 0xFF, 0x40, 0x02, 0xFF, 0x94,
    0x00, 0x00, 0x00, 0xBF, 0xFF, 0xFF, 0xFF, 0xFF, 0xF8, 0x00, 0x00, 0x3F, 0xFF, 0xFF, 0xFF, 0xFF,
    0xFF, 0xD0, 0x00, 0x0F, 0xFF, 0xFF, 0xFF, 0xFE, 0xBF, 0xFD, 0x00, 0x07, 0xFD, 0x00, 0x07, 0xFD,
    0x01, 0xFF, 0xC0, 0x02, 0xFF, 0x00, 0x02, 0xFF, 0x00, 0x2F, 0xF0, 0x00, 0xFF, 0xC0, 0x00, 0xFF,
    0xC0, 0x0B, 0xFD, 0x00, 0x3F, 0xE0, 0x00, 0x3F, 0xF0, 0x02, 0xFF, 0x00, 0x0F, 0xF8, 0x00, 0x0F,
    0xF8, 0x00, 0xFF, 0xC0, 0x07, 0xFD, 0x00, 0x07, 0xFD, 0x00, 0x7F, 0xE0, 0x02, 0xFF, 0x00, 0x02,
    0xFF, 0x00, 0xBF, 0xF0, 0x07, 0xFF, 0xF8, 0x02, 0xFF, 0xFF, 0xFF, 0xF4, 0x0B, 0xFF, 0xFF, 0x03,
    0xFF, 0xFF, 0xFF, 0xF0, 0x03, 0xFF, 0xFF, 0xC1, 0xFF, 0xFF, 0xFF, 0x80, 0x00, 0x00, 0x00, 0x00,
    0x00, 0x00, 0x00, 0x00, 0x00, 0x3F, 0xFF, 0xFF, 0xFF, 0xFF, 0xC0, 0x3F, 0xFF, 0xFF, 0xFF, 0xFF,
    0xC0, 0x7F, 0xFF, 0xFF, 0xFF, 0xFF, 0x80, 0xBF, 0x55, 0xFF, 0xD5, 0xBF, 0x40, 0xBF, 0x00, 0xFF,
    0x80, 0x7F, 0x40, 0xBE, 0x01, 0xFF, 0x40, 0x7F, 0x00, 0xBC, 0x02, 0xFF, 0x00, 0xBE, 0x00, 0x14,
    0x03, 0xFF, 0x00, 0x14, 0x00, 0x00, 0x03, 0xFE, 0x00, 0x00, 0x00, 0x00, 0x07, 0xFE, 0x05, 0x94,
    0x00, 0x00, 0x0B, 0xFF, 0xFF, 0xFF, 0x40, 0x00, 0x0B, 0xFF, 0xFF, 0xFF, 0xD0, 0x00, 0x0F, 0xFF,
    0xA6, 0xFF, 0xF0, 0x00, 0x0F, 0xF8, 0x00, 0x7F, 0xF0, 0x00, 0x1F, 0xF4, 0x00, 0x3F, 0xF0, 0x00,
    0x2F, 0xF4, 0x00, 0x3F, 0xF0, 0x00, 0x3F, 0xF0, 0x00, 0x3F, 0xF0, 0x00, 0x3F, 0xF0, 0x00, 0x7F,
    0xE0, 0x00, 0x3F, 0xE0, 0x00, 0x7F, 0xD0, 0x00, 0x7F, 0xD0, 0x00, 0xBF, 0xC0, 0x06, 0xFF, 0xF8,
    0x06, 0xFF, 0xF8, 0x2F, 0xFF, 0xFE, 0x2F, 0xFF, 0xFD, 0x3F, 0xFF, 0xFC, 0x3F, 0xFF, 0xFC, 0x00,
    0x00, 0x00, 0x00, 0x00, 0x00, 0x00, 0x00, 0x00, 0x00, 0x00, 0x00, 0xC0, 0x00, 0x00, 0x00, 0x00,
    0x00, 0x2F, 0x80, 0x00, 0x00, 0x00, 0x00, 0x03, 0xFF, 0x00, 0x00, 0x00, 0x00, 0x00, 0xBF, 0xF8,
    0x00, 0x00, 0x00, 0x00, 0x0F, 0xFF, 0x80, 0x00, 0x00, 0x00, 0x00, 0xBF, 0xD0, 0x00, 0x00, 0x00,
    0x00, 0x00, 0x90, 0x00, 0x00, 0x00, 0x00, 0x00, 0x00, 0x00, 0x00, 0x00, 0x00, 0x00, 0x00, 0x00,
    0x00, 0x05, 0x00, 0x00, 0xFF, 0xFF, 0xF0, 0x03, 0xFF, 0x00, 0x0B, 0xFF, 0xFF, 0x80, 0x7F, 0xFE,
    0x00, 0x1F, 0xFF, 0xF8, 0x03, 0xFF, 0xF4, 0x00, 0x03, 0xFE, 0x00, 0x3F, 0xFB, 0xC0, 0x00, 0x1F,
    0xF4, 0x02, 0xFD, 0x05, 0x00, 0x00, 0xBF, 0xC0, 0x1F, 0xD0, 0x00, 0x00, 0x03, 0xFF, 0x00, 0xFE,
    0x00, 0x00, 0x00, 0x0F, 0xFC, 0x0F, 0xF0, 0x00, 0x00, 0x00, 0x7F, 0xE0, 0x7F, 0x00, 0x00, 0x00,
    0x01, 0xFF, 0x43, 0xF4, 0x00, 0x00, 0x00, 0x0B, 0xFF, 0xFF, 0x80, 0x00, 0x00, 0x00, 0x3F, 0xFF,
    0xFF, 0x00, 0x00, 0x00, 0x00, 0xFF, 0xDB, 0xFD, 0x00, 0x00, 0x00, 0x07, 0xFD, 0x0F, 0xF8, 0x00,
    0x00, 0x00, 0x2F, 0xF4, 0x1F, 0xF0, 0x00, 0x00, 0x00, 0xFF, 0xC0, 0x3F, 0xD0, 0x00, 0x00, 0x03,
    0xFF, 0x00, 0xBF, 0xC0, 0x00, 0x00, 0x0F, 0xF8, 0x01, 0xFF, 0x40, 0x00, 0x00, 0x7F, 0xD0, 0x03,
    0xFF, 0x00, 0x00, 0x02, 0xFF, 0x00, 0x0B, 0xFF, 0x00, 0x00, 0x7F, 0xFF, 0x80, 0x0F, 0xFE, 0x00,
    0x0B, 0xFF, 0xFF, 0x80, 0x1F, 0xFE, 0x00, 0x3F, 0xFF, 0xFD, 0x00, 0x2F, 0xF8, 0x00, 0x00, 0x00,
    0x00, 0x00, 0x05, 0x00, 0x00, 0x00, 0x00, 0x00, 0x00, 0x00, 0x00, 0x00, 0x00, 0x00, 0x00, 0x00,
    0xC0, 0x00, 0x00, 0x00, 0x00, 0x00, 0x00, 0x3F, 0x40, 0x00, 0x00, 0x00, 0x00, 0x00, 0x03, 0xFE,
    0x00, 0x00, 0x00, 0x00, 0x00, 0x00, 0x3F, 0xFC, 0x00, 0x00, 0x00, 0x00, 0x00, 0x00, 0xBF, 0xF0,
    0x00, 0x00, 0x00, 0x00, 0x00, 0x00, 0xBF, 0x40, 0x00, 0x00, 0x00, 0x00, 0x00, 0x00, 0x60, 0x00,
    0x00, 0x00, 0x00, 0x00, 0x00, 0x00, 0x00, 0x00, 0x00, 0x00, 0x00, 0x00, 0x00, 0x00, 0x00, 0x00,
    0x00, 0x0F, 0xFF, 0xFF, 0x02, 0xFF, 0xFF, 0xE0, 0x02, 0xFF, 0xFF, 0xE0, 0x3F, 0xFF, 0xFD, 0x00,
    0x1F, 0xFF, 0xF8, 0x02, 0xFF, 0xFF, 0x40, 0x00, 0x0F, 0xFC, 0x00, 0x02, 0xFF, 0x40, 0x00, 0x01,
    0xFF, 0x80, 0x00, 0x3F, 0xF0, 0x00, 0x00, 0x2F, 0xF4, 0x00, 0x0B, 0xFF, 0x00, 0x00, 0x03, 0xFF,
    0x00, 0x03, 0xFF, 0xE0, 0x00, 0x00, 0x3F, 0xF0, 0x00, 0xFF, 0xFE, 0x00, 0x00, 0x07, 0xFE, 0x00,
    0x7F, 0xFF, 0xD0, 0x00, 0x00, 0x7F, 0xD0, 0x1F, 0xFF, 0xFC, 0x00, 0x00, 0x0B, 0xFC, 0x0B, 0xF8,
    0xFF, 0xC0, 0x00, 0x00, 0xFF, 0xC2, 0xFE, 0x1F, 0xF8, 0x00, 0x00, 0x0F, 0xFC, 0xFF, 0x42, 0xFF,
    0x40, 0x00, 0x01, 0xFF, 0xFF, 0xD0, 0x3F, 0xF0, 0x00, 0x00, 0x2F, 0xFF, 0xF0, 0x03, 0xFF, 0x00,
    0x00, 0x03, 0xFF, 0xFC, 0x00, 0x3F, 0xF0, 0x00, 0x00, 0x3F, 0xFE, 0x00, 0x07, 0xFE, 0x00, 0x00,
    0x03, 0xFF, 0x80, 0x00, 0xBF, 0xD0, 0x00, 0x00, 0x7F, 0xE0, 0x00, 0x0F, 0xFC, 0x00, 0x00, 0x0B,
    0xFD, 0x00, 0x00, 0xFF, 0xC0, 0x00, 0x07, 0xFF, 0xF9, 0x00, 0xBF, 0xFF, 0x80, 0x02, 0xFF, 0xFF,
    0xE0, 0x3F, 0xFF, 0xFD, 0x00, 0x3F, 0xFF, 0xFD, 0x07, 0xFF, 0xFF, 0xC0, 0x00, 0x00, 0x00, 0x00,
    0x00, 0x00, 0x00, 0x00, 0x00, 0x00, 0x00, 0x0E, 0x00, 0x00, 0x00, 0x3F, 0x00, 0x1E, 0x00, 0x00,
    0x00, 0xBF, 0x00, 0x7D, 0x00, 0x00, 0x00, 0xBF, 0xD6, 0xFC, 0x00, 0x00, 0x00, 0x3F, 0xFF, 0xF0,
    0x00, 0x00, 0x00, 0x0B, 0xFF, 0x80, 0x00, 0x00, 0x00, 0x00, 0x00, 0x00, 0x00, 0x00, 0x00, 0x00,
    0x00, 0x00, 0x00, 0x00, 0x00, 0x00, 0x00, 0x00, 0x00, 0x1F, 0xFF, 0xFD, 0x03, 0xFF, 0xFD, 0x2F,
    0xFF, 0xFC, 0x07, 0xFF, 0xFC, 0x1F, 0xFF, 0xE0, 0x01, 0xFF, 0xF4, 0x02, 0xFF, 0x80, 0x00, 0xBF,
    0x80, 0x00, 0xFF, 0x80, 0x00, 0xFF, 0x00, 0x00, 0xFF, 0xC0, 0x03, 0xFC, 0x00, 0x00, 0xBF, 0xC0,
    0x07, 0xF8, 0x00, 0x00, 0x7F, 0xD0, 0x0F, 0xF0, 0x00, 0x00, 0x3F, 0xE0, 0x2F, 0xC0, 0x00, 0x00,
    0x2F, 0xF0, 0x7F, 0x80, 0x00, 0x00, 0x1F, 0xF0, 0xFF, 0x00, 0x00, 0x00, 0x0F, 0xF2, 0xFC, 0x00,
    0x00, 0x00, 0x0F, 0xFB, 0xF8, 0x00, 0x00, 0x00, 0x07, 0xFF, 0xF0, 0x00, 0x00, 0x00, 0x03, 0xFF,
    0xC0, 0x00, 0x00, 0x00, 0x03, 0xFF, 0x80, 0x00, 0x00, 0x00, 0x02, 0xFF, 0x00, 0x00, 0x00, 0x00,
    0x03, 0xFC, 0x00, 0x00, 0x00, 0x28, 0x0B, 0xF4, 0x00, 0x00, 0x00, 0x7E, 0xBF, 0xD0, 0x00, 0x00,
    0x00, 0xBF, 0xFF, 0x80, 0x00, 0x00, 0x00, 0xBF, 0xFD, 0x00, 0x00, 0x00, 0x00, 0x3F, 0xE0, 0x00,
    0x00, 0x00, 0x00, 0x01, 0x00, 0x00, 0x00, 0x00, 0x00, 0x00, 0x0F, 0xFF, 0xFE, 0x0B, 0xFF, 0xFF,
    0x40, 0x0B, 0xFF, 0xFF, 0x83, 0xFF, 0xFF, 0xC0, 0x01, 0xFF, 0xFF, 0x80, 0xBF, 0xFF, 0x90, 0x00,
    0x03, 0xFF, 0x00, 0x03, 0xFF, 0x00, 0x00, 0x01, 0xFF, 0x80, 0x00, 0xFF, 0xC0, 0x00, 0x00, 0xBF,
    0xD0, 0x00, 0x7F, 0xE0, 0x00, 0x00, 0x3F, 0xF0, 0x00, 0x2F, 0xF4, 0x00, 0x00, 0x0F, 0xFC, 0x00,
    0x0B, 0xFC, 0x00, 0x00, 0x07, 0xFE, 0x00, 0x03, 0xFF, 0x00, 0x00, 0x01, 0xFF, 0x40, 0x00, 0xFF,
    0xC0, 0x00, 0x00, 0xBF, 0xC0, 0x00, 0x7F, 0xE0, 0x00, 0x00, 0x3F, 0xF0, 0x00, 0x2F, 0xF4, 0x00,
    0x00, 0x0F, 0xFC, 0x00, 0x0F, 0xFC, 0x00, 0x00, 0x07, 0xFE, 0x00, 0x03, 0xFF, 0x00, 0x00, 0x02,
    0xFF, 0x40, 0x01, 0xFF, 0x80, 0x00, 0x00, 0xFF, 0xC0, 0x00, 0x7F, 0xE0, 0x00, 0x00, 0x3F, 0xF0,
    0x00, 0x2F, 0xF4, 0x00, 0x00, 0x0F, 0xF8, 0x00, 0x0F, 0xFC, 0x00, 0x00, 0x07, 0xFE, 0x00, 0x03,
    0xFF, 0x00, 0x00, 0x02, 0xFF, 0x40, 0x01, 0xFF, 0x80, 0x00, 0x07, 0xFF, 0xFF, 0xFF, 0xFF, 0xF9,
    0x00, 0x0B, 0xFF, 0xFF, 0xFF, 0xFF, 0xFF, 0xC0, 0x03, 0xFF, 0xFF, 0xFF, 0xFF, 0xFF, 0xE0, 0x00,
    0x00, 0x00, 0x3F, 0xD0, 0x00, 0x00, 0x00, 0x00, 0x00, 0x0F, 0xF0, 0x00, 0x00, 0x00, 0x00, 0x00,
    0x03, 0xF8, 0x00, 0x00, 0x00, 0x00, 0x00, 0x01, 0xFC, 0x00, 0x00, 0x00, 0x00, 0x00, 0x00, 0x7F,
    0x00, 0x00, 0x00, 0x00, 0x00, 0x00, 0x1F, 0x40, 0x00, 0x00, 0x00, 0x00, 0x00, 0x07, 0xC0, 0x00,
    0x00, 0x00, 0x00, 0x00, 0x00, 0x00, 0x00, 0x00, 0x00, 0x00, 0x00, 0x00, 0x00, 0x00, 0x14, 0x00,
    0x00, 0x00, 0x00, 0x00, 0x3F, 0xC0, 0x00, 0x00, 0x00, 0x00, 0x0F, 0xFC, 0x00, 0x00, 0x00, 0x00,
    0x02, 0xFF, 0xD0, 0x00, 0x00, 0x00, 0x00, 0x7F, 0xFD, 0x00, 0x00, 0x00, 0x00, 0x0F, 0xFF, 0xE0,
    0x00, 0x00, 0x00, 0x01, 0xFE, 0xFF, 0x00, 0x00, 0x00, 0x00, 0x3F, 0x9F, 0xF0, 0x00, 0x00, 0x00,
    0x0B, 0xF0, 0xFF, 0x00, 0x00, 0x00, 0x00, 0xFE, 0x0F, 0xF4, 0x00, 0x00, 0x00, 0x3F, 0xC0, 0xFF,
    0x80, 0x00, 0x00, 0x07, 0xF4, 0x0B, 0xFC, 0x00, 0x00, 0x00, 0xFF, 0x00, 0xBF, 0xC0, 0x00, 0x00,
    0x2F, 0xD0, 0x07, 0xFC, 0x00, 0x00, 0x03, 0xFD, 0x55, 0xBF, 0xD0, 0x00, 0x00, 0xFF, 0xFF, 0xFF,
    0xFE, 0x00, 0x00, 0x1F, 0xFF, 0xFF, 0xFF, 0xF0, 0x00, 0x03, 0xFE, 0xAA, 0xAB, 0xFF, 0x00, 0x00,
    0xBF, 0x80, 0x00, 0x2F, 0xF0, 0x00, 0x0F, 0xF0, 0x00, 0x02, 0xFF, 0x40, 0x02, 0xFE, 0x00, 0x00,
    0x1F, 0xF8, 0x01, 0xBF, 0xE4, 0x00, 0x0B, 0xFF, 0xF4, 0xBF, 0xFF, 0xD0, 0x07, 0xFF, 0xFF, 0xCF,
    0xFF, 0xFC, 0x00, 0xBF, 0xFF, 0xFC, 0x00, 0x0F, 0xFF, 0xFF, 0xFF, 0xE0, 0x02, 0xFF, 0xFF, 0xFF,
    0xFE, 0x00, 0x1F, 0xFF, 0xFF, 0xFF, 0xD0, 0x00, 0x0F, 0xF8, 0x05, 0xFD, 0x00, 0x01, 0xFF, 0x00,
    0x0F, 0xC0, 0x00, 0x2F, 0xF0, 0x01, 0xF8, 0x00, 0x03, 0xFF, 0x00, 0x1F, 0x00, 0x00, 0x3F, 0xE0,
    0x00, 0x00, 0x00, 0x07, 0xFD, 0x00, 0x00, 0x00, 0x00, 0x7F, 0xE4, 0x00, 0x00, 0x00, 0x0B, 0xFF,
    0xFF, 0xD0, 0x00, 0x00, 0xFF, 0xFF, 0xFF, 0xC0, 0x00, 0x0F, 0xFE, 0xBF, 0xFF, 0x00, 0x01, 0xFF,
    0x40, 0x3F, 0xF8, 0x00, 0x2F, 0xF0, 0x00, 0xFF, 0xC0, 0x03, 0xFF, 0x00, 0x0F, 0xFC, 0x00, 0x3F,
    0xF0, 0x00, 0xFF, 0xC0, 0x03, 0xFE, 0x00, 0x0F, 0xF8, 0x00, 0x7F, 0xD0, 0x02, 0xFF, 0x00, 0x0B,
    0xFC, 0x00, 0xBF, 0xE0, 0x07, 0xFF, 0xFF, 0xFF, 0xF8, 0x02, 0xFF, 0xFF, 0xFF, 0xFD, 0x00, 0x3F,
    0xFF, 0xFF, 0xF9, 0x00, 0x00, 0x00, 0x00, 0x00, 0x00, 0x00, 0x00, 0x00, 0x05, 0x55, 0x00, 0x00,
    0x00, 0xBF, 0xFF, 0xFF, 0x40, 0x00, 0x7F, 0xFF, 0xFF, 0xFE, 0x00, 0x0B, 0xFF, 0xFE, 0xFF, 0xF4,
    0x00, 0x55, 0xFF, 0x41, 0xFF, 0xC0, 0x00, 0x1F, 0xF4, 0x0B, 0xFC, 0x00, 0x02, 0xFF, 0x00, 0x7F,
    0xC0, 0x00, 0x3F, 0xF0, 0x07, 0xFC, 0x00, 0x03, 0xFE, 0x00, 0xBF, 0x80, 0x00, 0x7F, 0xD0, 0x0F,
    0xF0, 0x00, 0x07, 0xFE, 0x53, 0xFD, 0x00, 0x00, 0xBF, 0xFF, 0xFF, 0x40, 0x00, 0x0F, 0xFF, 0xFF,
    0xFD, 0x00, 0x00, 0xFF, 0xEB, 0xFF, 0xF0, 0x00, 0x1F, 0xF4, 0x03, 0xFF, 0x80, 0x02, 0xFF, 0x00,
    0x1F, 0xFC, 0x00, 0x3F, 0xF0, 0x00, 0xFF, 0xC0, 0x03, 0xFF, 0x00, 0x0F, 0xFC, 0x00, 0x3F, 0xE0,
    0x00, 0xFF, 0x80, 0x07, 0xFD, 0x00, 0x2F, 0xF0, 0x00, 0xBF, 0xC0, 0x0B, 0xFE, 0x00, 0x7F, 0xFF,
    0xFF, 0xFF, 0x80, 0x2F, 0xFF, 0xFF, 0xFF, 0xD0, 0x03, 0xFF, 0xFF, 0xFF, 0x90, 0x00, 0x00, 0x00,
    0x00, 0x00, 0x00, 0x00, 0x00, 0x0F, 0xFF, 0xFF, 0xFF, 0xF0, 0x00, 0xBF, 0xFF, 0xFF, 0xFF, 0xC0,
    0x01, 0xFF, 0xFF, 0xFF, 0xFF, 0x00, 0x00, 0x3F, 0xF1, 0x57, 0xFC, 0x00, 0x01, 0xFF, 0x80, 0x0F,
    0xE0, 0x00, 0x0B, 0xFD, 0x00, 0x3F, 0x40, 0x00, 0x3F, 0xF0, 0x00, 0xFC, 0x00, 0x00, 0xFF, 0xC0,
    0x03, 0xD0, 0x00, 0x07, 0xFE, 0x00, 0x04, 0x00, 0x00, 0x1F, 0xF4, 0x00, 0x00, 0x00, 0x00, 0xBF,
    0xD0, 0x00, 0x00, 0x00, 0x03, 0xFF, 0x00, 0x00, 0x00, 0x00, 0x0F, 0xFC, 0x00, 0x00, 0x00, 0x00,
    0x7F, 0xE0, 0x00, 0x00, 0x00, 0x02, 0xFF, 0x40, 0x00, 0x00, 0x00, 0x0F, 0xFC, 0x00, 0x00, 0x00,
    0x00, 0x3F, 0xF0, 0x00, 0x00, 0x00, 0x00, 0xFF, 0xC0, 0x00, 0x00, 0x00, 0x07, 0xFE, 0x00, 0x00,
    0x00, 0x00, 0x2F, 0xF4, 0x00, 0x00, 0x00, 0x07, 0xFF, 0xFE, 0x00, 0x00, 0x00, 0xBF, 0xFF, 0xFD,
    0x00, 0x00, 0x03, 0xFF, 0xFF, 0xF0, 0x00, 0x00, 0x00, 0x00, 0x00, 0x3F, 0xFF, 0xFF, 0xFF, 0xFD,
    0x00, 0x00, 0xBF, 0xFF, 0xFF, 0xFF, 0xFC, 0x00, 0x00, 0x7F, 0xFF, 0xFF, 0xFF, 0xE4, 0x00, 0x00,
    0x03, 0xFC, 0x03, 0xFF, 0x00, 0x00, 0x00, 0x03, 0xF8, 0x03, 0xFF, 0x00, 0x00, 0x00, 0x07, 0xF4,
    0x03, 0xFE, 0x00, 0x00, 0x00, 0x0B, 0xF0, 0x07, 0xFD, 0x00, 0x00, 0x00, 0x0F, 0xE0, 0x0B, 0xFD,
    0x00, 0x00, 0x00, 0x0F, 0xD0, 0x0B, 0xFC, 0x00, 0x00, 0x00, 0x2F, 0xC0, 0x0F, 0xFC, 0x00, 0x00,
    0x00, 0x3F, 0x80, 0x0F, 0xF8, 0x00, 0x00, 0x00, 0x7F, 0x40, 0x1F, 0xF4, 0x00, 0x00, 0x00, 0xFF,
    0x00, 0x2F, 0xF0, 0x00, 0x00, 0x01, 0xFD, 0x00, 0x3F, 0xF0, 0x00, 0x00, 0x03, 0xFC, 0x00, 0x3F,
    0xF0, 0x00, 0x00, 0x07, 0xF4, 0x00, 0x3F, 0xE0, 0x00, 0x00, 0x0F, 0xF0, 0x00, 0x7F, 0xD0, 0x00,
    0x00, 0x2F, 0xD0, 0x00, 0xBF, 0xC0, 0x00, 0x00, 0x7F, 0xC0, 0x00, 0xFF, 0xC0, 0x00, 0x01, 0xFF,
    0x00, 0x00, 0xFF, 0x80, 0x00, 0x2F, 0xFF, 0xFF, 0xFF, 0xFF, 0xF9, 0x00, 0x7F, 0xFF, 0xFF, 0xFF,
    0xFF, 0xFF, 0x00, 0xBF, 0xFF, 0xFF, 0xFF, 0xFF, 0xFE, 0x00, 0xBF, 0x40, 0x00, 0x00, 0x03, 0xFC,
    0x00, 0xFF, 0x00, 0x00, 0x00, 0x03, 0xFC, 0x00, 0xFF, 0x00, 0x00, 0x00, 0x03, 0xF4, 0x00, 0xFD,
    0x00, 0x00, 0x00, 0x07, 0xF0, 0x00, 0xFC, 0x00, 0x00, 0x00, 0x07, 0xE0, 0x00, 0xFC, 0x00, 0x00,
    0x00, 0x07, 0xD0, 0x00, 0xA0, 0x00, 0x00, 0x00, 0x02, 0x80, 0x00, 0x00, 0x0F, 0xFF, 0xFF, 0xFF,
    0xF4, 0x00, 0xBF, 0xFF, 0xFF, 0xFF, 0xD0, 0x01, 0xFF, 0xFF, 0xFF, 0xFF, 0x00, 0x00, 0x3F, 0xE0,
    0x16, 0xFC, 0x00, 0x01, 0xFF, 0x40, 0x07, 0xF0, 0x00, 0x0B, 0xFC, 0x00, 0x1F, 0x80, 0x00, 0x3F,
    0xF0, 0x00, 0x7C, 0x00, 0x00, 0xFF, 0xC0, 0x00, 0x00, 0x00, 0x07, 0xFE, 0x00, 0x00, 0x00, 0x00,
    0x1F, 0xF4, 0x00, 0x00, 0x00, 0x00, 0xBF, 0xFF, 0xFF, 0x80, 0x00, 0x03, 0xFF, 0xFF, 0xFD, 0x00,
    0x00, 0x0F, 0xFF, 0xFF, 0xF0, 0x00, 0x00, 0x7F, 0xE0, 0x00, 0x00, 0x00, 0x02, 0xFF, 0x40, 0x00,
    0x00, 0x00, 0x0F, 0xFC, 0x00, 0x00, 0x00, 0x00, 0x3F, 0xF0, 0x00, 0x2E, 0x00, 0x00, 0xFF, 0x80,
    0x01, 0xFC, 0x00, 0x07, 0xFD, 0x00, 0x0F, 0xE0, 0x00, 0x2F, 0xF4, 0x01, 0xBF, 0x40, 0x07, 0xFF,
    0xFF, 0xFF, 0xFC, 0x00, 0xBF, 0xFF, 0xFF, 0xFF, 0xF0, 0x03, 0xFF, 0xFF, 0xFF, 0xFF, 0x40, 0x00,
    0x00, 0x01, 0x50, 0x00, 0x00, 0x00, 0x00, 0x00, 0x54, 0x00, 0x03, 0xFF, 0x00, 0x1F, 0xFF, 0xF4,
    0x01, 0xFF, 0xC0, 0x00, 0xFF, 0xF0, 0x0B, 0xFF, 0xFC, 0x01, 0xFF, 0xF4, 0x00, 0x3F, 0xFD, 0x01,
    0xFF, 0xF9, 0x01, 0xFF, 0xFC, 0x00, 0x0F, 0xBF, 0xC0, 0x0B, 0xF8, 0x00, 0xFF, 0xBF, 0x00, 0x01,
    0x03, 0xF4, 0x03, 0xFD, 0x00, 0xFF, 0x01, 0x00, 0x00, 0x00, 0xBE, 0x00, 0xFF, 0x00, 0xBF, 0x00,
    0x00, 0x00, 0x00, 0x0F, 0xC0, 0x7F, 0xC0, 0x7F, 0x40, 0x00, 0x00, 0x00, 0x03, 0xF4, 0x2F, 0xE0,
    0x3F, 0x40, 0x00, 0x00, 0x00, 0x00, 0xBE, 0x0B, 0xF4, 0x2F, 0x80, 0x00, 0x00, 0x00, 0x00, 0x1F,
    0xC3, 0xFD, 0x0F, 0xC0, 0x00, 0x00, 0x00, 0x00, 0x0B, 0xFF, 0xFF, 0xFF, 0xD0, 0x00, 0x00, 0x00,
    0x00, 0x07, 0xFF, 0xFF, 0xFF, 0xF8, 0x00, 0x00, 0x00, 0x00, 0x07, 0xFE, 0x6F, 0xF6, 0xFF, 0x00,
    0x00, 0x00, 0x00, 0x03, 0xFF, 0x0F, 0xF4, 0x3F, 0xD0, 0x00, 0x00, 0x00, 0x03, 0xFF, 0x03, 0xFC,
    0x0B, 0xFC, 0x00, 0x00, 0x00, 0x03, 0xFF, 0x40, 0xFF, 0x01, 0xFF, 0x00, 0x00, 0x00, 0x02, 0xFF,
    0x80, 0x7F, 0xC0, 0x3F, 0xE0, 0x00, 0x00, 0x02, 0xFF, 0xC0, 0x2F, 0xE0, 0x0B, 0xFC, 0x00, 0x00,
    0x02, 0xFF, 0xD0, 0x0F, 0xF4, 0x00, 0xFF, 0xC0, 0x00, 0x03, 0xFF, 0xD0, 0x03, 0xFC, 0x00, 0x2F,
    0xF8, 0x00, 0x07, 0xFF, 0xE0, 0x06, 0xFF, 0xD0, 0x03, 0xFF, 0x40, 0x07, 0xFF, 0xE0, 0x0B, 0xFF,
    0xFC, 0x00, 0xBF, 0xF8, 0x00, 0xBF, 0xD0, 0x03, 0xFF, 0xFF, 0x00, 0x0B, 0xFD, 0x00, 0x01, 0x00,
    0x00, 0x00, 0x00, 0x00, 0x00, 0x10, 0x00, 0x00, 0x00, 0x00, 0x05, 0x50, 0x00, 0x00, 0x2F, 0xFF,
    0xF8, 0x00, 0x03, 0xFF, 0xFF, 0xFC, 0x00, 0x1F, 0xFF, 0xFF, 0xFC, 0x00, 0xBF, 0x40, 0x7F, 0xF0,
    0x03, 0xF4, 0x00, 0xBF, 0xD0, 0x0F, 0xC0, 0x02, 0xFF, 0x40, 0x2D, 0x00, 0x0B, 0xFC, 0x00, 0x00,
    0x00, 0x3F, 0xE0, 0x00, 0x00, 0x02, 0xFF, 0x00, 0x00, 0x15, 0x7F, 0xF0, 0x00, 0x00, 0xFF, 0xFF,
    0x00, 0x00, 0x07, 0xFF, 0xFF, 0x00, 0x00, 0x1A, 0xFF, 0xFF, 0x00, 0x00, 0x00, 0x2F, 0xFD, 0x00,
    0x00, 0x00, 0x3F, 0xF8, 0x00, 0x00, 0x00, 0xBF, 0xE0, 0x08, 0x00, 0x01, 0xFF, 0x81, 0xF4, 0x00,
    0x0B, 0xFD, 0x0F, 0xF0, 0x00, 0x7F, 0xF0, 0x3F, 0xF4, 0x1B, 0xFF, 0x40, 0xFF, 0xFF, 0xFF, 0xF4,
    0x00, 0xFF, 0xFF, 0xFF, 0x40, 0x00, 0xBF, 0xFF, 0xD0, 0x00, 0x00, 0x01, 0x40, 0x00, 0x00, 0x00,
    0x0F, 0xFF, 0xFF, 0x02, 0xFF, 0xFF, 0xE0, 0x02, 0xFF, 0xFF, 0xE0, 0x3F, 0xFF, 0xFD, 0x00, 0x1F,
    0xFF, 0xF8, 0x02, 0xFF, 0xFF, 0x40, 0x00, 0x0F, 0xFC, 0x00, 0x02, 0xFF, 0x40, 0x00, 0x01, 0xFF,
    0x80, 0x00, 0x3F, 0xF0, 0x00, 0x00, 0x2F, 0xF4, 0x00, 0x0B, 0xFF, 0x00, 0x00, 0x03, 0xFF, 0x00,
    0x03, 0xFF, 0xE0, 0x00, 0x00, 0x3F, 0xF0, 0x00, 0xFF, 0xFE, 0x00, 0x00, 0x07, 0xFE, 0x00, 0x7F,
    0xFF, 0xD0, 0x00, 0x00, 0x7F, 0xD0, 0x1F, 0xFF, 0xFC, 0x00, 0x00, 0x0B, 0xFC, 0x0B, 0xF8, 0xFF,
    0xC0, 0x00, 0x00, 0xFF, 0xC2, 0xFE, 0x1F, 0xF8, 0x00, 0x00, 0x0F, 0xFC, 0xFF, 0x42, 0xFF, 0x40,
    0x00, 0x01, 0xFF, 0xFF, 0xD0, 0x3F, 0xF0, 0x00, 0x00, 0x2F, 0xFF, 0xF0, 0x03, 0xFF, 0x00, 0x00,
    0x03, 0xFF, 0xFC, 0x00, 0x3F, 0xF0, 0x00, 0x00, 0x3F, 0xFE, 0x00, 0x07, 0xFE, 0x00, 0x00, 0x03,
    0xFF, 0x80, 0x00, 0xBF, 0xD0, 0x00, 0x00, 0x7F, 0xE0, 0x00, 0x0F, 0xFC, 0x00, 0x00, 0x0B, 0xFD,
    0x00, 0x00, 0xFF, 0xC0, 0x00, 0x07, 0xFF, 0xF9, 0x00, 0xBF, 0xFF, 0x80, 0x02, 0xFF, 0xFF, 0xE0,
    0x3F, 0xFF, 0xFD, 0x00, 0x3F, 0xFF, 0xFD, 0x07, 0xFF, 0xFF, 0xC0, 0x00, 0x00, 0x00, 0x00, 0x00,
    0x00, 0x00, 0x00, 0x00, 0x00, 0x00, 0x00, 0x00, 0x00, 0xE0, 0x00, 0x00, 0x00, 0x00, 0x3F, 0x00,
    0x1E, 0x00, 0x00, 0x00, 0x00, 0x0B, 0xF0, 0x07, 0xD0, 0x00, 0x00, 0x00, 0x00, 0xBF, 0xD6, 0xFC,
    0x00, 0x00, 0x00, 0x00, 0x03, 0xFF, 0xFF, 0x00, 0x00, 0x00, 0x00, 0x00, 0x0B, 0xFF, 0x40, 0x00,
    0x00, 0x00, 0x00, 0x00, 0x00, 0x00, 0x00, 0x00, 0x00, 0x00, 0x00, 0x00, 0x00, 0x00, 0x00, 0x00,
    0x00, 0x00, 0x00, 0x00, 0x00, 0x00, 0x00, 0x00, 0x0F, 0xFF, 0xFF, 0x02, 0xFF, 0xFF, 0xE0, 0x02,
    0xFF, 0xFF, 0xE0, 0x3F, 0xFF, 0xFD, 0x00, 0x1F, 0xFF, 0xF8, 0x02, 0xFF, 0xFF, 0x40, 0x00, 0x0F,
    0xFC, 0x00, 0x02, 0xFF, 0x40, 0x00, 0x01, 0xFF, 0x80, 0x00, 0x3F, 0xF0, 0x00, 0x00, 0x2F, 0xF4,
    0x00, 0x0B, 0xFF, 0x00, 0x00, 0x03, 0xFF, 0x00, 0x03, 0xFF, 0xE0, 0x00, 0x00, 0x3F, 0xF0, 0x00,
    0xFF, 0xFE, 0x00, 0x00, 0x07, 0xFE, 0x00, 0x7F, 0xFF, 0xD0, 0x00, 0x00, 0x7F, 0xD0, 0x1F, 0xFF,
    0xFC, 0x00, 0x00, 0x0B, 0xFC, 0x0B, 0xF8, 0xFF, 0xC0, 0x00, 0x00, 0xFF, 0xC2, 0xFE, 0x1F, 0xF8,
    0x00, 0x00, 0x0F, 0xFC, 0xFF, 0x42, 0xFF, 0x40, 0x00, 0x01, 0xFF, 0xFF, 0xD0, 0x3F, 0xF0, 0x00,
    0x00, 0x2F, 0xFF, 0xF0, 0x03, 0xFF, 0x00, 0x00, 0x03, 0xFF, 0xFC, 0x00, 0x3F, 0xF0, 0x00, 0x00,
    0x3F, 0xFE, 0x00, 0x07, 0xFE, 0x00, 0x00, 0x03, 0xFF, 0x80, 0x00, 0xBF, 0xD0, 0x00, 0x00, 0x7F,
    0xE0, 0x00, 0x0F, 0xFC, 0x00, 0x00, 0x0B, 0xFD, 0x00, 0x00, 0xFF, 0xC0, 0x00, 0x07, 0xFF, 0xF9,
    0x00, 0xBF, 0xFF, 0x80, 0x02, 0xFF, 0xFF, 0xE0, 0x3F, 0xFF, 0xFD, 0x00, 0x3F, 0xFF, 0xFD, 0x07,
    0xFF, 0xFF, 0xC0, 0x00, 0x00, 0x00, 0x00, 0x00, 0x00, 0x01, 0x40, 0x00, 0x3F, 0xFF, 0xFC, 0x00,
    0xFF, 0xC0, 0x02, 0xFF, 0xFF, 0xE0, 0x1F, 0xFF, 0x80, 0x07, 0xFF, 0xFE, 0x00, 0xFF, 0xFD, 0x00,
    0x00, 0xFF, 0x80, 0x0F, 0xFE, 0xF0, 0x00, 0x07, 0xFD, 0x00, 0xBF, 0x41, 0x40, 0x00, 0x2F, 0xF0,
    0x07, 0xF4, 0x00, 0x00, 0x00, 0xFF, 0xC0, 0x3F, 0x80, 0x00, 0x00, 0x03, 0xFF, 0x03, 0xFC, 0x00,
    0x00, 0x00, 0x1F, 0xF8, 0x1F, 0xC0, 0x00, 0x00, 0x00, 0x7F, 0xD0, 0xFD, 0x00, 0x00, 0x00, 0x02,
    0xFF, 0xFF, 0xE0, 0x00, 0x00, 0x00, 0x0F, 0xFF, 0xFF, 0xC0, 0x00, 0x00, 0x00, 0x3F, 0xF6, 0xFF,
    0x40, 0x00, 0x00, 0x01, 0xFF, 0x43, 0xFE, 0x00, 0x00, 0x00, 0x0B, 0xFD, 0x07, 0xFC, 0x00, 0x00,
    0x00, 0x3F, 0xF0, 0x0F, 0xF4, 0x00, 0x00, 0x00, 0xFF, 0xC0, 0x2F, 0xF0, 0x00, 0x00, 0x03, 0xFE,
    0x00, 0x7F, 0xD0, 0x00, 0x00, 0x1F, 0xF4, 0x00, 0xFF, 0xC0, 0x00, 0x00, 0xBF, 0xC0, 0x02, 0xFF,
    0xC0, 0x00, 0x1F, 0xFF, 0xE0, 0x03, 0xFF, 0x80, 0x02, 0xFF, 0xFF, 0xE0, 0x07, 0xFF, 0x80, 0x0F,
    0xFF, 0xFF, 0x40, 0x0B, 0xFE, 0x00, 0x00, 0x00, 0x00, 0x00, 0x01, 0x40, 0x00, 0x00, 0x00, 0x7F,
    0xFF, 0xFF, 0xFF, 0xFC, 0x00, 0x00, 0xBF, 0xFF, 0xFF, 0xFF, 0xFC, 0x00, 0x00, 0x7F, 0xFF, 0xFF,
    0xFF, 0xE0, 0x00, 0x00, 0x03, 0xFC, 0x03, 0xFF, 0x00, 0x00, 0x00, 0x03, 0xF8, 0x07, 0xFE, 0x00,
    0x00, 0x00, 0x07, 0xF4, 0x07, 0xFD, 0x00, 0x00, 0x00, 0x0B, 0xF0, 0x0B, 0xFC, 0x00, 0x00, 0x00,
    0x0F, 0xE0, 0x0F, 0xFC, 0x00, 0x00, 0x00, 0x0F, 0xD0, 0x0F, 0xFC, 0x00, 0x00, 0x00, 0x1F, 0xC0,
    0x1F, 0xF8, 0x00, 0x00, 0x00, 0x3F, 0xC0, 0x2F, 0xF4, 0x00, 0x00, 0x00, 0x3F, 0x40, 0x3F, 0xF0,
    0x00, 0x00, 0x00, 0xBF, 0x00, 0x3F, 0xF0, 0x00, 0x00, 0x00, 0xFE, 0x00, 0x3F, 0xF0, 0x00, 0x00,
    0x01, 0xFD, 0x00, 0x7F, 0xE0, 0x00, 0x00, 0x03, 0xFC, 0x00, 0xBF, 0xD0, 0x00, 0x00, 0x07, 0xF4,
    0x00, 0xFF, 0xC0, 0x00, 0x00, 0x0F, 0xF0, 0x00, 0xFF, 0xC0, 0x00, 0x24, 0x3F, 0xC0, 0x01, 0xFF,
    0x80, 0x00, 0x3F, 0xFF, 0x80, 0x02, 0xFF, 0x40, 0x00, 0xBF, 0xFF, 0x00, 0x1B, 0xFF, 0xE4, 0x00,
    0xBF, 0xFC, 0x00, 0xFF, 0xFF, 0xFC, 0x00, 0x3F, 0xE0, 0x01, 0xFF, 0xFF, 0xF8, 0x00, 0x04, 0x00,
    0x00, 0x00, 0x00, 0x00, 0x00, 0x00, 0x01, 0xFF, 0xFF, 0x00, 0x00, 0xBF, 0xFF, 0x00, 0x00, 0xBF,
    0xFF, 0xC0, 0x00, 0x7F, 0xFF, 0xC0, 0x00, 0x0B, 0xFF, 0xF0, 0x00, 0x3F, 0xFF, 0x80, 0x00, 0x00,
    0xBF, 0xFD, 0x00, 0x1F, 0xFF, 0x40, 0x00, 0x00, 0x3F, 0xFF, 0x40, 0x0F, 0xFF, 0xD0, 0x00, 0x00,
    0x1F, 0xFF, 0xD0, 0x07, 0xFF, 0xF4, 0x00, 0x00, 0x0B, 0xFB, 0xF8, 0x03, 0xF7, 0xFC, 0x00, 0x00,
    0x03, 0xFA, 0xFE, 0x01, 0xFC, 0xFF, 0x00, 0x00, 0x00, 0xFC, 0x7F, 0xC0, 0xFD, 0x3F, 0xC0, 0x00,
    0x00, 0xBF, 0x1F, 0xF0, 0xBF, 0x1F, 0xF0, 0x00, 0x00, 0x3F, 0x83, 0xFC, 0x3F, 0x07, 0xFC, 0x00,
    0x00, 0x0F, 0xD0, 0xFF, 0x6F, 0x82, 0xFF, 0x00, 0x00, 0x07, 0xF0, 0x3F, 0xEF, 0xC0, 0xBF, 0xC0,
    0x00, 0x03, 0xFC, 0x0B, 0xFF, 0xE0, 0x2F, 0xF0, 0x00, 0x00, 0xFD, 0x01, 0xFF, 0xF0, 0x0F, 0xF8,
    0x00, 0x00, 0x7F, 0x00, 0x7F, 0xF8, 0x03, 0xFE, 0x00, 0x00, 0x2F, 0xC0, 0x0F, 0xFC, 0x00, 0xFF,
    0x80, 0x00, 0x0F, 0xE0, 0x03, 0xFD, 0x00, 0x3F, 0xE0, 0x00, 0x07, 0xF4, 0x00, 0xBF, 0x00, 0x0F,
    0xF8, 0x00, 0x02, 0xFC, 0x00, 0x2F, 0x40, 0x03, 0xFD, 0x00, 0x06, 0xFF, 0x90, 0x00, 0x00, 0x1B,
    0xFF, 0xF4, 0x0B, 0xFF, 0xFC, 0x00, 0x00, 0x1F, 0xFF, 0xFE, 0x03, 0xFF, 0xFF, 0x00, 0x00, 0x0B,
    0xFF, 0xFF, 0x40, 0x00, 0x0F, 0xFF, 0xFF, 0x02, 0xFF, 0xFF, 0xD0, 0x02, 0xFF, 0xFF, 0xE0, 0x3F,
    0xFF, 0xFC, 0x00, 0x1F, 0xFF, 0xF8, 0x02, 0xFF, 0xFE, 0x40, 0x00, 0x0F, 0xFC, 0x00, 0x02, 0xFF,
    0x40, 0x00, 0x01, 0xFF, 0x80, 0x00, 0x3F, 0xF0, 0x00, 0x00, 0x2F, 0xF4, 0x00, 0x03, 0xFF, 0x00,
    0x00, 0x03, 0xFF, 0x00, 0x00, 0x7F, 0xE0, 0x00, 0x00, 0x3F, 0xF0, 0x00, 0x0B, 0xFD, 0x00, 0x00,
    0x07, 0xFE, 0x00, 0x00, 0xBF, 0xC0, 0x00, 0x00, 0x7F, 0xE0, 0x00, 0x0F, 0xFC, 0x00, 0x00, 0x0B,
    0xFF, 0xFF, 0xFF, 0xFF, 0xC0, 0x00, 0x00, 0xFF, 0xFF, 0xFF, 0xFF, 0xF8, 0x00, 0x00, 0x0F, 0xFF,
    0xFF, 0xFF, 0xFF, 0x40, 0x00, 0x01, 0xFF, 0x80, 0x00, 0x3F, 0xF0, 0x00, 0x00, 0x2F, 0xF4, 0x00,
    0x03, 0xFF, 0x00, 0x00, 0x03, 0xFF, 0x00, 0x00, 0x3F, 0xE0, 0x00, 0x00, 0x3F, 0xF0, 0x00, 0x07,
    0xFD, 0x00, 0x00, 0x03, 0xFF, 0x00, 0x00, 0xBF, 0xD0, 0x00, 0x00, 0x7F, 0xE0, 0x00, 0x0F, 0xFC,
    0x00, 0x00, 0x0B, 0xFD, 0x00, 0x00, 0xFF, 0xC0, 0x00, 0x07, 0xFF, 0xF9, 0x00, 0xBF, 0xFF, 0x80,
    0x02, 0xFF, 0xFF, 0xE0, 0x3F, 0xFF, 0xFC, 0x00, 0x3F, 0xFF, 0xFD, 0x07, 0xFF, 0xFF, 0xC0, 0x00,
    0x00, 0x00, 0x00, 0x55, 0x40, 0x00, 0x00, 0x00, 0x2F, 0xFF, 0xF8, 0x00, 0x00, 0x02, 0xFF, 0xFF,
    0xFF, 0x40, 0x00, 0x0F, 0xFF, 0xFF, 0xFF, 0xD0, 0x00, 0x3F, 0xFE, 0x56, 0xFF, 0xF0, 0x00, 0xFF,
    0xF0, 0x00, 0x7F, 0xF8, 0x02, 0xFF, 0xC0, 0x00, 0x3F, 0xFC, 0x03, 0xFF, 0x40, 0x00, 0x1F, 0xFC,
    0x0B, 0xFF, 0x00, 0x00, 0x1F, 0xFD, 0x0F, 0xFD, 0x00, 0x00, 0x0F, 0xFD, 0x1F, 0xFC, 0x00, 0x00,
    0x0F, 0xFD, 0x2F, 0xFC, 0x00, 0x00, 0x1F, 0xFD, 0x3F, 0xF8, 0x00, 0x00, 0x1F, 0xFC, 0x3F, 0xF8,
    0x00, 0x00, 0x2F, 0xFC, 0x3F, 0xF8, 0x00, 0x00, 0x3F, 0xF8, 0x3F, 0xF8, 0x00, 0x00, 0x3F, 0xF4,
    0x3F, 0xF8, 0x00, 0x00, 0xBF, 0xF0, 0x3F, 0xFC, 0x00, 0x00, 0xFF, 0xD0, 0x2F, 0xFD, 0x00, 0x03,
    0xFF, 0xC0, 0x0F, 0xFF, 0x00, 0x0F, 0xFF, 0x00, 0x0B, 0xFF, 0xE5, 0xBF, 0xFD, 0x00, 0x03, 0xFF,
    0xFF, 0xFF, 0xF0, 0x00, 0x00, 0xFF, 0xFF, 0xFF, 0x80, 0x00, 0x00, 0x1F, 0xFF, 0xF8, 0x00, 0x00,
    0x00, 0x00, 0x14, 0x00, 0x00, 0x00, 0x00, 0x0F, 0xFF, 0xFF, 0xFF, 0xFF, 0xFF, 0x80, 0x0B, 0xFF,
    0xFF, 0xFF, 0xFF, 0xFF, 0xD0, 0x01, 0xFF, 0xFF, 0xFF, 0xFF, 0xFF, 0xD0, 0x00, 0x03, 0xFF, 0x55,
    0x57, 0xFF, 0x40, 0x00, 0x01, 0xFF, 0x80, 0x00, 0xFF, 0xC0, 0x00, 0x00, 0xBF, 0xD0, 0x00, 0x3F,
    0xF0, 0x00, 0x00, 0x3F, 0xF0, 0x00, 0x0F, 0xFC, 0x00, 0x00, 0x0F, 0xFC, 0x00, 0x07, 0xFE, 0x00,
    0x00, 0x07, 0xFE, 0x00, 0x02, 0xFF, 0x40, 0x00, 0x01, 0xFF, 0x40, 0x00, 0xFF, 0xC0, 0x00, 0x00,
    0xBF, 0xD0, 0x00, 0x3F, 0xF0, 0x00, 0x00, 0x3F, 0xF0, 0x00, 0x1F, 0xF8, 0x00, 0x00, 0x0F, 0xFC,
    0x00, 0x07, 0xFD, 0x00, 0x00, 0x07, 0xFE, 0x00, 0x02, 0xFF, 0x40, 0x00, 0x02, 0xFF, 0x40, 0x00,
    0xFF, 0xC0, 0x00, 0x00, 0xFF, 0xC0, 0x00, 0x3F, 0xF0, 0x00, 0x00, 0x3F, 0xF0, 0x00, 0x1F, 0xF8,
    0x00, 0x00, 0x0F, 0xFC, 0x00, 0x0B, 0xFD, 0x00, 0x00, 0x07, 0xFE, 0x00, 0x03, 0xFF, 0x00, 0x00,
    0x02, 0xFF, 0x40, 0x00, 0xFF, 0xC0, 0x00, 0x07, 0xFF, 0xF9, 0x02, 0xFF, 0xFE, 0x00, 0x0B, 0xFF,
    0xFF, 0x83, 0xFF, 0xFF, 0xD0, 0x03, 0xFF, 0xFF, 0xD1, 0xFF, 0xFF, 0xF0, 0x00, 0x00, 0x00, 0x05,
    0x55, 0x00, 0x00, 0x00, 0x2F, 0xFF, 0xFF, 0xE0, 0x00, 0x07, 0xFF, 0xFF, 0xFF, 0xF0, 0x00, 0x2F,
    0xFF, 0xFF, 0xFF, 0xF0, 0x00, 0x65, 0xFF, 0x82, 0xFF, 0xE0, 0x00, 0x07, 0xFD, 0x02, 0xFF, 0xC0,
    0x00, 0x2F, 0xF0, 0x03, 0xFF, 0x00, 0x00, 0xFF, 0xC0, 0x0F, 0xFC, 0x00, 0x03, 0xFF, 0x00, 0x3F,
    0xF0, 0x00, 0x1F, 0xF8, 0x01, 0xFF, 0x80, 0x00, 0x7F, 0xD0, 0x0F, 0xFC, 0x00, 0x02, 0xFF, 0x00,
    0xFF, 0xE0, 0x00, 0x0F, 0xFD, 0x6F, 0xFE, 0x00, 0x00, 0x3F, 0xFF, 0xFF, 0xD0, 0x00, 0x01, 0xFF,
    0xFF, 0xF8, 0x00, 0x00, 0x0B, 0xFF, 0xA4, 0x00, 0x00, 0x00, 0x3F, 0xF0, 0x00, 0x00, 0x00, 0x00,
    0xFF, 0xC0, 0x00, 0x00, 0x00, 0x03, 0xFE, 0x00, 0x00, 0x00, 0x00, 0x1F, 0xF8, 0x00, 0x00, 0x00,
    0x00, 0xBF, 0xD0, 0x00, 0x00, 0x00, 0x1F, 0xFF, 0xF8, 0x00, 0x00, 0x02, 0xFF, 0xFF, 0xF4, 0x00,
    0x00, 0x0F, 0xFF, 0xFF, 0xC0, 0x00, 0x00, 0x00, 0x00, 0x00, 0x55, 0x00, 0x00, 0x00, 0x1B, 0xFF,
    0xFE, 0x40, 0x00, 0x3F, 0xFF, 0xFF, 0xF4, 0x00, 0x7F, 0xFF, 0xFF, 0xFC, 0x00, 0xBF, 0xFE, 0x41,
    0xFF, 0x00, 0x7F, 0xF4, 0x00, 0x2F, 0xC0, 0x3F, 0xF0, 0x00, 0x0B, 0xE0, 0x3F, 0xF4, 0x00, 0x03,
    0xF0, 0x1F, 0xF8, 0x00, 0x00, 0x50, 0x0F, 0xFD, 0x00, 0x00, 0x00, 0x03, 0xFF, 0x00, 0x00, 0x00,
    0x01, 0xFF, 0x80, 0x00, 0x00, 0x00, 0xBF, 0xE0, 0x00, 0x00, 0x00, 0x3F, 0xF8, 0x00, 0x00, 0x00,
    0x0F, 0xFE, 0x00, 0x00, 0x00, 0x03, 0xFF, 0x80, 0x00, 0x00, 0x00, 0xFF, 0xF0, 0x00, 0x00, 0x00,
    0x2F, 0xFC, 0x00, 0x00, 0x08, 0x0B, 0xFF, 0xC0, 0x00, 0x1F, 0x00, 0xFF, 0xFD, 0x00, 0x6F, 0xC0,
    0x3F, 0xFF, 0xFF, 0xFF, 0xF0, 0x03, 0xFF, 0xFF, 0xFF, 0xF0, 0x00, 0x3F, 0xFF, 0xFF, 0xE0, 0x00,
    0x01, 0xFF, 0xFF, 0x80, 0x00, 0x00, 0x00, 0x54, 0x00, 0x00, 0x00, 0x2F, 0xFF, 0xFF, 0xFF, 0xFF,
    0xC3, 0xFF, 0xFF, 0xFF, 0xFF, 0xFC, 0x3F, 0xFF, 0xFF, 0xFF, 0xFF, 0xC7, 0xF9, 0x5F, 0xFD, 0x57,
    0xF8, 0xBF, 0x00, 0xFF, 0xC0, 0x3F, 0x4B, 0xE0, 0x1F, 0xF8, 0x03, 0xF0, 0xBD, 0x02, 0xFF, 0x40,
    0x7E, 0x02, 0x80, 0x3F, 0xF0, 0x06, 0x80, 0x00, 0x03, 0xFF, 0x00, 0x00, 0x00, 0x00, 0x3F, 0xE0,
    0x00, 0x00, 0x00, 0x07, 0xFE, 0x00, 0x00, 0x00, 0x00, 0xBF, 0xD0, 0x00, 0x00, 0x00, 0x0F, 0xFC,
    0x00, 0x00, 0x00, 0x00, 0xFF, 0xC0, 0x00, 0x00, 0x00, 0x1F, 0xF8, 0x00, 0x00, 0x00, 0x02, 0xFF,
    0x40, 0x00, 0x00, 0x00, 0x2F, 0xF4, 0x00, 0x00, 0x00, 0x03, 0xFF, 0x00, 0x00, 0x00, 0x00, 0x3F,
    0xF0, 0x00, 0x00, 0x00, 0x07, 0xFE, 0x00, 0x00, 0x00, 0x06, 0xFF, 0xF9, 0x00, 0x00, 0x02, 0xFF,
    0xFF, 0xF0, 0x00, 0x00, 0x3F, 0xFF, 0xFE, 0x00, 0x00, 0x00, 0x1F, 0xFF, 0xFD, 0x03, 0xFF, 0xFD,
    0x2F, 0xFF, 0xFC, 0x07, 0xFF, 0xFC, 0x1F, 0xFF, 0xE0, 0x01, 0xFF, 0xF4, 0x02, 0xFF, 0x80, 0x00,
    0xBF, 0x80, 0x00, 0xFF, 0x80, 0x00, 0xFF, 0x00, 0x00, 0xFF, 0xC0, 0x03, 0xFC, 0x00, 0x00, 0xBF,
    0xC0, 0x07, 0xF8, 0x00, 0x00, 0x7F, 0xD0, 0x0F, 0xF0, 0x00, 0x00, 0x3F, 0xE0, 0x2F, 0xC0, 0x00,
    0x00, 0x2F, 0xF0, 0x7F, 0x80, 0x00, 0x00, 0x1F, 0xF0, 0xFF, 0x00, 0x00, 0x00, 0x0F, 0xF2, 0xFC,
    0x00, 0x00, 0x00, 0x0F, 0xFB, 0xF8, 0x00, 0x00, 0x00, 0x07, 0xFF, 0xF0, 0x00, 0x00, 0x00, 0x03,
    0xFF, 0xC0, 0x00, 0x00, 0x00, 0x03, 0xFF, 0x80, 0x00, 0x00, 0x00, 0x02, 0xFF, 0x00, 0x00, 0x00,
    0x00, 0x03, 0xFC, 0x00, 0x00, 0x00, 0x28, 0x0B, 0xF4, 0x00, 0x00, 0x00, 0x7E, 0xBF, 0xD0, 0x00,
    0x00, 0x00, 0xBF, 0xFF, 0x80, 0x00, 0x00, 0x00, 0xBF, 0xFD, 0x00, 0x00, 0x00, 0x00, 0x3F, 0xE0,
    0x00, 0x00, 0x00, 0x00, 0x01, 0x00, 0x00, 0x00, 0x00, 0x00, 0x00, 0x00, 0x0A, 0xAA, 0xAA, 0x00,
    0x00, 0x00, 0x1F, 0xFF, 0xFE, 0x00, 0x00, 0x00, 0x0B, 0xFF, 0xF8, 0x00, 0x00, 0x00, 0x00, 0xFF,
    0x80, 0x00, 0x00, 0x00, 0x01, 0xFF, 0x40, 0x00, 0x00, 0x01, 0xBF, 0xFF, 0xFE, 0x40, 0x00, 0x2F,
    0xFF, 0xFF, 0xFF, 0xF0, 0x01, 0xFF, 0xFB, 0xFF, 0xBF, 0xFC, 0x07, 0xFF, 0x03, 0xFD, 0x0F, 0xFD,
    0x0F, 0xFC, 0x07, 0xFC, 0x03, 0xFF, 0x2F, 0xF4, 0x07, 0xFC, 0x03, 0xFF, 0x3F, 0xF0, 0x0B, 0xFC,
    0x03, 0xFF, 0x3F, 0xE0, 0x0F, 0xF8, 0x03, 0xFF, 0x3F, 0xE0, 0x0F, 0xF4, 0x03, 0xFE, 0x3F, 0xF0,
    0x1F, 0xF0, 0x0B, 0xFC, 0x3F, 0xF0, 0x2F, 0xF0, 0x2F, 0xF8, 0x1F, 0xFD, 0x3F, 0xE0, 0xBF, 0xE0,
    0x0F, 0xFF, 0xFF, 0xFF, 0xFF, 0x80, 0x02, 0xFF, 0xFF, 0xFF, 0xF8, 0x00, 0x00, 0x1B, 0xFF, 0xFA,
    0x40, 0x00, 0x00, 0x00, 0xBF, 0xC0, 0x00, 0x00, 0x00, 0x00, 0xFF, 0xC0, 0x00, 0x00, 0x00, 0x1F,
    0xFF, 0xFC, 0x00, 0x00, 0x00, 0x3F, 0xFF, 0xFC, 0x00, 0x00, 0x00, 0x2A, 0xAA, 0xA4, 0x00, 0x00,
    0x00, 0x2F, 0xFF, 0xFC, 0x0F, 0xFF, 0xF8, 0x00, 0xFF, 0xFF, 0xE0, 0x7F, 0xFF, 0xD0, 0x02, 0xFF,
    0xFD, 0x00, 0x7F, 0xF9, 0x00, 0x00, 0xBF, 0xE0, 0x00, 0xFF, 0x40, 0x00, 0x00, 0xFF, 0xC0, 0x0F,
    0xF4, 0x00, 0x00, 0x02, 0xFF, 0x80, 0xBF, 0x40, 0x00, 0x00, 0x03, 0xFF, 0x0B, 0xF8, 0x00, 0x00,
    0x00, 0x0B, 0xFD, 0x7F, 0x80, 0x00, 0x00, 0x00, 0x0F, 0xFF, 0xF8, 0x00, 0x00, 0x00, 0x00, 0x2F,
    0xFF, 0xC0, 0x00, 0x00, 0x00, 0x00, 0x3F, 0xFC, 0x00, 0x00, 0x00, 0x00, 0x00, 0xFF, 0xD0, 0x00,
    0x00, 0x00, 0x00, 0x0B, 0xFF, 0xC0, 0x00, 0x00, 0x00, 0x00, 0xBF, 0xFF, 0x40, 0x00, 0x00, 0x00,
    0x07, 0xFB, 0xFF, 0x00, 0x00, 0x00, 0x00, 0x7F, 0x8B, 0xFD, 0x00, 0x00, 0x00, 0x07, 0xFC, 0x0F,
    0xFC, 0x00, 0x00, 0x00, 0x3F, 0xC0, 0x3F, 0xF4, 0x00, 0x00, 0x03, 0xFD, 0x00, 0x7F, 0xF0, 0x00,
    0x00, 0x3F, 0xD0, 0x00, 0xFF, 0xD0, 0x00, 0x0B, 0xFF, 0x90, 0x07, 0xFF, 0xE4, 0x00, 0xFF, 0xFF,
    0xD0, 0xFF, 0xFF, 0xF0, 0x07, 0xFF, 0xFF, 0x07, 0xFF, 0xFF, 0x80, 0x00, 0x00, 0x0F, 0xFF, 0xFE,
    0x0B, 0xFF, 0xFF, 0x40, 0x0B, 0xFF, 0xFF, 0x83, 0xFF, 0xFF, 0xC0, 0x01, 0xFF, 0xFF, 0x80, 0xBF,
    0xFF, 0x90, 0x00, 0x03, 0xFF, 0x00, 0x03, 0xFF, 0x00, 0x00, 0x01, 0xFF, 0x80, 0x00, 0xFF, 0xC0,
    0x00, 0x00, 0xBF, 0xD0, 0x00, 0x7F, 0xE0, 0x00, 0x00, 0x3F, 0xF0, 0x00, 0x2F, 0xF4, 0x00, 0x00,
    0x0F, 0xFC, 0x00, 0x0B, 0xFC, 0x00, 0x00, 0x07, 0xFE, 0x00, 0x03, 0xFF, 0x00, 0x00, 0x01, 0xFF,
    0x40, 0x00, 0xFF, 0xC0, 0x00, 0x00, 0xBF, 0xC0, 0x00, 0x7F, 0xE0, 0x00, 0x00, 0x3F, 0xF0, 0x00,
    0x2F, 0xF4, 0x00, 0x00, 0x0F, 0xFC, 0x00, 0x0F, 0xFC, 0x00, 0x00, 0x07, 0xFE, 0x00, 0x03, 0xFF,
    0x00, 0x00, 0x02, 0xFF, 0x40, 0x01, 0xFF, 0x80, 0x00, 0x00, 0xFF, 0xC0, 0x00, 0x7F, 0xD0, 0x00,
    0x00, 0x3F, 0xF0, 0x00, 0x2F, 0xF4, 0x00, 0x00, 0x0F, 0xF8, 0x00, 0x0F, 0xFC, 0x00, 0x00, 0x07,
    0xFE, 0x00, 0x03, 0xFF, 0x00, 0x00, 0x02, 0xFF, 0x40, 0x01, 0xFF, 0x80, 0x00, 0x07, 0xFF, 0xFF,
    0xFF, 0xFF, 0xFE, 0x40, 0x0B, 0xFF, 0xFF, 0xFF, 0xFF, 0xFF, 0xE0, 0x03, 0xFF, 0xFF, 0xFF, 0xFF,
    0xFF, 0xF8, 0x00, 0x00, 0x00, 0x00, 0x00, 0x03, 0xFC, 0x00, 0x00, 0x00, 0x00, 0x00, 0x00, 0xFF,
    0x00, 0x00, 0x00, 0x00, 0x00, 0x00, 0x3F, 0x40, 0x00, 0x00, 0x00, 0x00, 0x00, 0x1F, 0xC0, 0x00,
    0x00, 0x00, 0x00, 0x00, 0x07, 0xE0, 0x00, 0x00, 0x00, 0x00, 0x00, 0x02, 0xF0, 0x00, 0x00, 0x00,
    0x00, 0x00, 0x00, 0x68, 0x00, 0x00, 0x7F, 0xFF, 0xF4, 0x7F, 0xFF, 0xFB, 0xFF, 0xFF, 0xC3, 0xFF,
    0xFF, 0xD7, 0xFF, 0xFD, 0x07, 0xFF, 0xFD, 0x01, 0xFF, 0x40, 0x02, 0xFF, 0x40, 0x0B, 0xFC, 0x00,
    0x0F, 0xFC, 0x00, 0x3F, 0xF0, 0x00, 0x3F, 0xF0, 0x00, 0xFF, 0xC0, 0x00, 0xFF, 0x80, 0x03, 0xFE,
    0x00, 0x07, 0xFE, 0x00, 0x1F, 0xF8, 0x00, 0x2F, 0xF4, 0x00, 0x7F, 0xF0, 0x00, 0xFF, 0xC0, 0x00,
    0xFF, 0xE0, 0x03, 0xFF, 0x00, 0x03, 0xFF, 0xFF, 0xFF, 0xF8, 0x00, 0x07, 0xFF, 0xFF, 0xFF, 0xD0,
    0x00, 0x07, 0xFF, 0xFF, 0xFF, 0x40, 0x00, 0x00, 0x69, 0x4F, 0xFC, 0x00, 0x00, 0x00, 0x00, 0x3F,
    0xF0, 0x00, 0x00, 0x00, 0x01, 0xFF, 0x80, 0x00, 0x00, 0x00, 0x0B, 0xFD, 0x00, 0x00, 0x00, 0x00,
    0x3F, 0xF0, 0x00, 0x00, 0x00, 0x00, 0xFF, 0xC0, 0x00, 0x00, 0x00, 0x6F, 0xFF, 0xE0, 0x00, 0x00,
    0x07, 0xFF, 0xFF, 0xD0, 0x00, 0x00, 0x2F, 0xFF, 0xFF, 0x00, 0x00, 0x00, 0x0F, 0xFF, 0xFC, 0x3F,
    0xFF, 0xD3, 0xFF, 0xFF, 0x40, 0x0B, 0xFF, 0xFF, 0x2F, 0xFF, 0xF1, 0xFF, 0xFF, 0xC0, 0x01, 0xFF,
    0xFE, 0x07, 0xFF, 0xF4, 0x2F, 0xFF, 0x90, 0x00, 0x03, 0xFD, 0x00, 0x3F, 0xF0, 0x02, 0xFF, 0x00,
    0x00, 0x01, 0xFF, 0x40, 0x0F, 0xF8, 0x00, 0xFF, 0xC0, 0x00, 0x00, 0xBF, 0xC0, 0x07, 0xFD, 0x00,
    0x3F, 0xE0, 0x00, 0x00, 0x3F, 0xF0, 0x02, 0xFF, 0x00, 0x1F, 0xF4, 0x00, 0x00, 0x0F, 0xF8, 0x00,
    0xFF, 0xC0, 0x0B, 0xFD, 0x00, 0x00, 0x07, 0xFD, 0x00, 0x3F, 0xF0, 0x02, 0xFF, 0x00, 0x00, 0x01,
    0xFF, 0x00, 0x0F, 0xF8, 0x00, 0xFF, 0xC0, 0x00, 0x00, 0xBF, 0xC0, 0x07, 0xFD, 0x00, 0x3F, 0xE0,
    0x00, 0x00, 0x3F, 0xF0, 0x02, 0xFF, 0x00, 0x1F, 0xF4, 0x00, 0x00, 0x0F, 0xF8, 0x00, 0xFF, 0xC0,
    0x0B, 0xFC, 0x00, 0x00, 0x07, 0xFD, 0x00, 0x3F, 0xE0, 0x03, 0xFF, 0x00, 0x00, 0x02, 0xFF, 0x00,
    0x1F, 0xF8, 0x00, 0xFF, 0x80, 0x00, 0x00, 0xFF, 0xC0, 0x07, 0xFD, 0x00, 0x3F, 0xE0, 0x00, 0x00,
    0x3F, 0xF0, 0x02, 0xFF, 0x00, 0x1F, 0xF4, 0x00, 0x00, 0x0F, 0xF8, 0x00, 0xFF, 0xC0, 0x0B, 0xFC,
    0x00, 0x00, 0x07, 0xFD, 0x00, 0x3F, 0xE0, 0x03, 0xFF, 0x00, 0x00, 0x02, 0xFF, 0x00, 0x1F, 0xF4,
    0x00, 0xFF, 0x80, 0x00, 0x07, 0xFF, 0xFF, 0xFF, 0xFF, 0xFF, 0xFF, 0xFD, 0x00, 0x0B, 0xFF, 0xFF,
    0xFF, 0xFF, 0xFF, 0xFF, 0xFF, 0xC0, 0x03, 0xFF, 0xFF, 0xFF, 0xFF, 0xFF, 0xFF, 0xFF, 0xE0, 0x00,
    0x00, 0x0F, 0xFF, 0xFC, 0x3F, 0xFF, 0xD3, 0xFF, 0xFF, 0x40, 0x0B, 0xFF, 0xFF, 0x2F, 0xFF, 0xF1,
    0xFF, 0xFF, 0xC0, 0x01, 0xFF, 0xFE, 0x07, 0xFF, 0xF4, 0x2F, 0xFF, 0x90, 0x00, 0x03, 0xFE, 0x00,
    0x3F, 0xF0, 0x02, 0xFF, 0x00, 0x00, 0x01, 0xFF, 0x40, 0x0F, 0xF8, 0x00, 0xFF, 0xC0, 0x00, 0x00,
    0xBF, 0xC0, 0x07, 0xFD, 0x00, 0x3F, 0xE0, 0x00, 0x00, 0x3F, 0xF0, 0x02, 0xFF, 0x00, 0x1F, 0xF4,
    0x00, 0x00, 0x0F, 0xF8, 0x00, 0xFF, 0xC0, 0x0B, 0xFD, 0x00, 0x00, 0x07, 0xFD, 0x00, 0x3F, 0xF0,
    0x02, 0xFF, 0x00, 0x00, 0x01, 0xFF, 0x40, 0x0F, 0xF8, 0x00, 0xFF, 0xC0, 0x00, 0x00, 0xBF, 0xC0,
    0x07, 0xFD, 0x00, 0x3F, 0xE0, 0x00, 0x00, 0x3F, 0xF0, 0x02, 0xFF, 0x00, 0x1F, 0xF4, 0x00, 0x00,
    0x0F, 0xF8, 0x00, 0xFF, 0xC0, 0x0B, 0xFC, 0x00, 0x00, 0x07, 0xFD, 0x00, 0x3F, 0xE0, 0x03, 0xFF,
    0x00, 0x00, 0x02, 0xFF, 0x00, 0x1F, 0xF4, 0x00, 0xFF, 0xC0, 0x00, 0x00, 0xFF, 0xC0, 0x07, 0xFD,
    0x00, 0x3F, 0xE0, 0x00, 0x00, 0x3F, 0xF0, 0x02, 0xFF, 0x00, 0x1F, 0xF4, 0x00, 0x00, 0x0F, 0xF8,
    0x00, 0xFF, 0xC0, 0x0B, 0xFC, 0x00, 0x00, 0x07, 0xFD, 0x00, 0x3F, 0xE0, 0x03, 0xFF, 0x00, 0x00,
    0x02, 0xFF, 0x00, 0x1F, 0xF4, 0x00, 0xFF, 0x80, 0x00, 0x07, 0xFF, 0xFF, 0xFF, 0xFF, 0xFF, 0xFF,
    0xFE, 0x40, 0x0B, 0xFF, 0xFF, 0xFF, 0xFF, 0xFF, 0xFF, 0xFF, 0xF0, 0x03, 0xFF, 0xFF, 0xFF, 0xFF,
    0xFF, 0xFF, 0xFF, 0xF8, 0x00, 0x00, 0x00, 0x00, 0x00, 0x00, 0x00, 0x03, 0xFC, 0x00, 0x00, 0x00,
    0x00, 0x00, 0x00, 0x00, 0x00, 0xFF, 0x00, 0x00, 0x00, 0x00, 0x00, 0x00, 0x00, 0x00, 0x3F, 0x40,
    0x00, 0x00, 0x00, 0x00, 0x00, 0x00, 0x00, 0x1F, 0xC0, 0x00, 0x00, 0x00, 0x00, 0x00, 0x00, 0x00,
    0x07, 0xE0, 0x00, 0x00, 0x00, 0x00, 0x00, 0x00, 0x00, 0x02, 0xF0, 0x00, 0x00, 0x00, 0x00, 0x00,
    0x00, 0x00, 0x00, 0x28, 0x00, 0x00, 0x2F, 0xFF, 0xFF, 0xFF, 0x00, 0x0F, 0xFF, 0xFF, 0xFF, 0xC0,
    0x03, 0xFF, 0xFF, 0xFF, 0x80, 0x01, 0xFD, 0x47, 0xFE, 0x00, 0x00, 0xBF, 0x01, 0xFF, 0x40, 0x00,
    0x2F, 0x80, 0xBF, 0xC0, 0x00, 0x0B, 0xC0, 0x3F, 0xF0, 0x00, 0x00, 0xA0, 0x0F, 0xF8, 0x00, 0x00,
    0x00, 0x07, 0xFD, 0x00, 0x00, 0x00, 0x02, 0xFF, 0x50, 0x00, 0x00, 0x00, 0xBF, 0xFF, 0xF9, 0x00,
    0x00, 0x3F, 0xFF, 0xFF, 0xE0, 0x00, 0x0F, 0xFE, 0xBF, 0xFE, 0x00, 0x07, 0xFD, 0x01, 0xFF, 0xD0,
    0x02, 0xFF, 0x00, 0x2F, 0xF4, 0x00, 0xFF, 0xC0, 0x07, 0xFE, 0x00, 0x3F, 0xE0, 0x01, 0xFF, 0x80,
    0x0F, 0xF8, 0x00, 0xBF, 0xD0, 0x07, 0xFD, 0x00, 0x3F, 0xF0, 0x02, 0xFF, 0x00, 0x7F, 0xF4, 0x07,
    0xFF, 0xFF, 0xFF, 0xF8, 0x0B, 0xFF, 0xFF, 0xFF, 0xF4, 0x03, 0xFF, 0xFF, 0xFF, 0x90, 0x00, 0x00,
    0x00, 0x00, 0x00, 0x00, 0x00, 0x0F, 0xFF, 0xFF, 0x00, 0x00, 0xFF, 0xFF, 0xF4, 0x00, 0xBF, 0xFF,
    0xFC, 0x00, 0x07, 0xFF, 0xFF, 0xC0, 0x01, 0xFF, 0xFF, 0x80, 0x00, 0x0B, 0xFF, 0xF8, 0x00, 0x00,
    0x3F, 0xE0, 0x00, 0x00, 0x03, 0xFF, 0x00, 0x00, 0x01, 0xFF, 0x40, 0x00, 0x00, 0x0F, 0xFC, 0x00,
    0x00, 0x0B, 0xFC, 0x00, 0x00, 0x00, 0x7F, 0xE0, 0x00, 0x00, 0x3F, 0xF0, 0x00, 0x00, 0x02, 0xFF,
    0x40, 0x00, 0x00, 0xFF, 0x80, 0x00, 0x00, 0x0F, 0xFC, 0x00, 0x00, 0x07, 0xFD, 0x00, 0x00, 0x00,
    0x3F, 0xF0, 0x00, 0x00, 0x1F, 0xF5, 0x00, 0x00, 0x00, 0xFF, 0xC0, 0x00, 0x00, 0xBF, 0xFF, 0xF8,
    0x00, 0x07, 0xFE, 0x00, 0x00, 0x03, 0xFF, 0xFF, 0xFE, 0x00, 0x2F, 0xF4, 0x00, 0x00, 0x0F, 0xF9,
    0xBF, 0xFD, 0x00, 0xFF, 0xC0, 0x00, 0x00, 0x7F, 0xD0, 0x1F, 0xFC, 0x03, 0xFF, 0x00, 0x00, 0x02,
    0xFF, 0x00, 0x3F, 0xF0, 0x1F, 0xF8, 0x00, 0x00, 0x0F, 0xFC, 0x00, 0xBF, 0xD0, 0x7F, 0xE0, 0x00,
    0x00, 0x3F, 0xF0, 0x02, 0xFF, 0x02, 0xFF, 0x40, 0x00, 0x00, 0xFF, 0x80, 0x0F, 0xFC, 0x0F, 0xFC,
    0x00, 0x00, 0x07, 0xFD, 0x00, 0x7F, 0xE0, 0x3F, 0xF0, 0x00, 0x00, 0x2F, 0xF0, 0x07, 0xFF, 0x01,
    0xFF, 0x80, 0x00, 0x07, 0xFF, 0xFF, 0xFF, 0xF0, 0x2F, 0xFF, 0x90, 0x00, 0xBF, 0xFF, 0xFF, 0xFF,
    0x03, 0xFF, 0xFF, 0xC0, 0x03, 0xFF, 0xFF, 0xFF, 0x80, 0x1F, 0xFF, 0xFE, 0x00, 0x00, 0x00, 0x00,
    0x00, 0x00, 0x00, 0x00, 0x00, 0x00, 0x00, 0x0F, 0xFF, 0xFF, 0x00, 0x00, 0x0B, 0xFF, 0xFF, 0xC0,
    0x00, 0x01, 0xFF, 0xFF, 0x80, 0x00, 0x00, 0x03, 0xFE, 0x00, 0x00, 0x00, 0x01, 0xFF, 0x40, 0x00,
    0x00, 0x00, 0xBF, 0xC0, 0x00, 0x00, 0x00, 0x3F, 0xF0, 0x00, 0x00, 0x00, 0x0F, 0xF8, 0x00, 0x00,
    0x00, 0x07, 0xFD, 0x00, 0x00, 0x00, 0x01, 0xFF, 0x90, 0x00, 0x00, 0x00, 0xBF, 0xFF, 0xFD, 0x00,
    0x00, 0x3F, 0xFF, 0xFF, 0xF0, 0x00, 0x0F, 0xFE, 0xBF, 0xFF, 0x00, 0x07, 0xFD, 0x00, 0xFF, 0xE0,
    0x02, 0xFF, 0x00, 0x0F, 0xFC, 0x00, 0xFF, 0xC0, 0x03, 0xFF, 0x00, 0x3F, 0xF0, 0x00, 0xFF, 0xC0,
    0x0F, 0xF8, 0x00, 0x3F, 0xE0, 0x07, 0xFD, 0x00, 0x2F, 0xF0, 0x02, 0xFF, 0x00, 0x2F, 0xF8, 0x07,
    0xFF, 0xFF, 0xFF, 0xF8, 0x0B, 0xFF, 0xFF, 0xFF, 0xF4, 0x03, 0xFF, 0xFF, 0xFF, 0x90, 0x00, 0x00,
    0x00, 0x00, 0x00, 0x00, 0x00, 0x00, 0x15, 0x50, 0x00, 0x00, 0x06, 0xFF, 0xFF, 0xD0, 0x00, 0x03,
    0xFF, 0xFF, 0xFF, 0x00, 0x01, 0xFF, 0xFF, 0xFF, 0xF0, 0x00, 0xBF, 0x40, 0x2F, 0xFE, 0x00, 0x3F,
    0x40, 0x02, 0xFF, 0xC0, 0x0F, 0xC0, 0x00, 0x3F, 0xF4, 0x02, 0xD0, 0x00, 0x0F, 0xFE, 0x00, 0x00,
    0x00, 0x02, 0xFF, 0xC0, 0x00, 0x00, 0x00, 0x7F, 0xF0, 0x00, 0x00, 0x00, 0x1F, 0xFC, 0x00, 0x07,
    0xFF, 0xFF, 0xFF, 0x00, 0x02, 0xFF, 0xFF, 0xFF, 0x80, 0x00, 0xFF, 0xFF, 0xFF, 0xE0, 0x00, 0x05,
    0x00, 0x3F, 0xF4, 0x00, 0x00, 0x00, 0x0F, 0xFC, 0x00, 0x00, 0x00, 0x0B, 0xFE, 0x00, 0x90, 0x00,
    0x03, 0xFF, 0x41, 0xFC, 0x00, 0x03, 0xFF, 0xC0, 0xFF, 0x40, 0x02, 0xFF, 0xC0, 0x3F, 0xF9, 0x1B,
    0xFF, 0xD0, 0x0F, 0xFF, 0xFF, 0xFF, 0xC0, 0x00, 0xFF, 0xFF, 0xFF, 0x80, 0x00, 0x07, 0xFF, 0xFE,
    0x00, 0x00, 0x00, 0x01, 0x50, 0x00, 0x00, 0x00, 0x00, 0x00, 0x00, 0x00, 0x00, 0x00, 0x55, 0x40,
    0x00, 0x00, 0x0F, 0xFF, 0xFE, 0x00, 0x1F, 0xFF, 0xF8, 0x00, 0x00, 0x2F, 0xFF, 0xFD, 0x01, 0xFF,
    0xFF, 0xFF, 0x40, 0x00, 0x1F, 0xFF, 0xF4, 0x0B, 0xFF, 0xFF, 0xFF, 0xD0, 0x00, 0x00, 0xFF, 0x80,
    0x2F, 0xFF, 0x56, 0xFF, 0xF0, 0x00, 0x01, 0xFF, 0x40, 0x7F, 0xF4, 0x00, 0x7F, 0xF4, 0x00, 0x02,
    0xFF, 0x00, 0xFF, 0xD0, 0x00, 0x3F, 0xF8, 0x00, 0x03, 0xFF, 0x02, 0xFF, 0x80, 0x00, 0x2F, 0xFC,
    0x00, 0x03, 0xFF, 0x03, 0xFF, 0x00, 0x00, 0x1F, 0xFC, 0x00, 0x03, 0xFE, 0x07, 0xFF, 0x00, 0x00,
    0x1F, 0xFC, 0x00, 0x07, 0xFD, 0x0B, 0xFE, 0x00, 0x00, 0x0F, 0xFC, 0x00, 0x0B, 0xFF, 0xFF, 0xFD,
    0x00, 0x00, 0x1F, 0xFC, 0x00, 0x0F, 0xFF, 0xFF, 0xFC, 0x00, 0x00, 0x1F, 0xFC, 0x00, 0x0F, 0xFF,
    0xFF, 0xFC, 0x00, 0x00, 0x2F, 0xF8, 0x00, 0x0F, 0xF4, 0x1F, 0xFC, 0x00, 0x00, 0x2F, 0xF4, 0x00,
    0x1F, 0xF4, 0x0F, 0xFC, 0x00, 0x00, 0x3F, 0xF0, 0x00, 0x2F, 0xF0, 0x0F, 0xFC, 0x00, 0x00, 0x7F,
    0xF0, 0x00, 0x3F, 0xF0, 0x0F, 0xFD, 0x00, 0x00, 0xFF, 0xD0, 0x00, 0x3F, 0xE0, 0x0F, 0xFE, 0x00,
    0x02, 0xFF, 0x80, 0x00, 0x7F, 0xD0, 0x07, 0xFF, 0x40, 0x0B, 0xFF, 0x00, 0x00, 0xBF, 0xC0, 0x03,
    0xFF, 0xE5, 0xBF, 0xFD, 0x00, 0x06, 0xFF, 0xF8, 0x01, 0xFF, 0xFF, 0xFF, 0xF4, 0x00, 0x2F, 0xFF,
    0xFD, 0x00, 0x7F, 0xFF, 0xFF, 0x80, 0x00, 0x3F, 0xFF, 0xFC, 0x00, 0x0B, 0xFF, 0xF9, 0x00, 0x00,
    0x00, 0x00, 0x00, 0x00, 0x00, 0x15, 0x00, 0x00, 0x00, 0x00, 0x00, 0x01, 0xBF, 0xFF, 0xFF, 0xC0,
    0x00, 0x02, 0xFF, 0xFF, 0xFF, 0xF8, 0x00, 0x01, 0xFF, 0xFF, 0xFF, 0xFE, 0x00, 0x00, 0x3F, 0xF9,
    0x03, 0xFF, 0x00, 0x00, 0x0B, 0xFE, 0x00, 0x3F, 0xE0, 0x00, 0x00, 0xFF, 0xC0, 0x07, 0xFD, 0x00,
    0x00, 0x1F, 0xF8, 0x00, 0xBF, 0xC0, 0x00, 0x01, 0xFF, 0x80, 0x0F, 0xFC, 0x00, 0x00, 0x1F, 0xFC,
    0x00, 0xFF, 0x80, 0x00, 0x00, 0xFF, 0xE0, 0x0F, 0xF4, 0x00, 0x00, 0x07, 0xFF, 0xE6, 0xFF, 0x40,
    0x00, 0x00, 0x1F, 0xFF, 0xFF, 0xF0, 0x00, 0x00, 0x00, 0x3F, 0xFF, 0xFF, 0x00, 0x00, 0x00, 0x07,
    0xFA, 0xBF, 0xE0, 0x00, 0x00, 0x00, 0xFF, 0x07, 0xFD, 0x00, 0x00, 0x00, 0x2F, 0xD0, 0x7F, 0xC0,
    0x00, 0x00, 0x03, 0xFC, 0x0B, 0xFC, 0x00, 0x00, 0x00, 0xFF, 0x00, 0xFF, 0xC0, 0x00, 0x00, 0x7F,
    0xE0, 0x0F, 0xF8, 0x00, 0x07, 0xFF, 0xFC, 0x01, 0xFF, 0x40, 0x00, 0xBF, 0xFF, 0x00, 0xBF, 0xFE,
    0x40, 0x0B, 0xFF, 0xC0, 0x7F, 0xFF, 0xF8, 0x00, 0x3F, 0xE0, 0x0B, 0xFF, 0xFF, 0x40, 0x00, 0x50,
    0x00, 0x00, 0x00, 0x00, 0x00, 0x00, 0x00, 0x69, 0x01, 0x50, 0x00, 0x07, 0xFF, 0xCF, 0xF0, 0x00,
    0x2F, 0xFF, 0xFF, 0xF0, 0x00, 0xBF, 0xFB, 0xFF, 0xD0, 0x01, 0xFF, 0x80, 0xBF, 0xC0, 0x03, 0xFE,
    0x00, 0xBF, 0xC0, 0x0B, 0xFC, 0x00, 0xFF, 0x80, 0x0F, 0xF8, 0x00, 0xFF, 0x00, 0x1F, 0xF0, 0x01,
    0xFF, 0x00, 0x2F, 0xF0, 0x03, 0xFF, 0x00, 0x3F, 0xE0, 0x07, 0xFE, 0x00, 0x3F, 0xE0, 0x0F, 0xFD,
    0x00, 0x3F, 0xE0, 0x2F, 0xFD, 0x00, 0x3F, 0xE0, 0xBE, 0xFC, 0x2C, 0x3F, 0xF6, 0xF9, 0xFF, 0xFC,
    0x2F, 0xFF, 0xE1, 0xFF, 0xF8, 0x1F, 0xFF, 0x81, 0xFF, 0xE0, 0x0B, 0xFE, 0x00, 0xFF, 0x40, 0x00,
    0x50, 0x00, 0x10, 0x00, 0x00, 0x00, 0x00, 0x00, 0x00, 0x00, 0x00, 0x00, 0x02, 0xD0, 0x00, 0x00,
    0x06, 0xFF, 0x80, 0x00, 0x02, 0xFF, 0xFD, 0x00, 0x00, 0xBF, 0xFF, 0xF0, 0x00, 0x1F, 0xFF, 0xFD,
    0x00, 0x01, 0xFF, 0xE5, 0x00, 0x00, 0x1F, 0xF4, 0x00, 0x00, 0x00, 0xFF, 0x00, 0x00, 0x00, 0x0B,
    0xF0, 0x00, 0x00, 0x00, 0x3F, 0x41, 0x54, 0x00, 0x02, 0xFC, 0x7F, 0xFC, 0x00, 0x0F, 0xEB, 0xFF,
    0xFC, 0x00, 0xBF, 0xFF, 0xFF, 0xF4, 0x03, 0xFF, 0xD0, 0x7F, 0xF0, 0x0F, 0xFD, 0x00, 0xFF, 0xC0,
    0x7F, 0xE0, 0x02, 0xFF, 0x02, 0xFF, 0x00, 0x0B, 0xFC, 0x0F, 0xFC, 0x00, 0x2F, 0xF0, 0x3F, 0xE0,
    0x00, 0xFF, 0x80, 0xFF, 0x80, 0x07, 0xFC, 0x03, 0xFE, 0x00, 0x2F, 0xF0, 0x0F, 0xFC, 0x01, 0xFF,
    0x40, 0x2F, 0xF8, 0x2F, 0xF8, 0x00, 0x3F, 0xFF, 0xFF, 0x80, 0x00, 0x7F, 0xFF, 0xF8, 0x00, 0x00,
    0x7F, 0xFE, 0x00, 0x00, 0x00, 0x05, 0x00, 0x00, 0x00, 0x00, 0x00, 0x1A, 0x50, 0x00, 0x00, 0xBF,
    0xFF, 0x00, 0x02, 0xFF, 0xFF, 0xF0, 0x02, 0xFE, 0x47, 0xFC, 0x01, 0xFD, 0x00, 0xFF, 0x00, 0xFE,
    0x00, 0x3F, 0xC0, 0xBF, 0x00, 0x2F, 0xD0, 0x3F, 0x81, 0xBF, 0xD0, 0x1F, 0xFF, 0xFF, 0xE4, 0x0B,
    0xFF, 0xFF, 0xFF, 0x43, 0xFE, 0x40, 0x7F, 0xE0, 0xFF, 0x00, 0x0B, 0xF8, 0x3F, 0xC0, 0x02, 0xFE,
    0x0F, 0xF4, 0x00, 0xFF, 0x03, 0xFF, 0x01, 0xFF, 0x80, 0x7F, 0xFF, 0xFF, 0xC0, 0x0F, 0xFF, 0xFF,
    0x80, 0x00, 0xBF, 0xFE, 0x00, 0x00, 0x00, 0x50, 0x00, 0x00, 0x00, 0x05, 0xA4, 0x00, 0x02, 0xFF,
    0xFF, 0x00, 0x3F, 0xFF, 0xFE, 0x02, 0xFF, 0xAF, 0xFC, 0x0F, 0xD0, 0x0F, 0xF0, 0x18, 0x00, 0x7F,
    0xC0, 0x00, 0x07, 0xFF, 0x00, 0x00, 0xBF, 0xF0, 0x00, 0x1F, 0xFF, 0x00, 0x07, 0xFF, 0xE0, 0x00,
    0xBF, 0xF8, 0x00, 0x0B, 0xFE, 0x00, 0x00, 0x3F, 0xE0, 0x00, 0x81, 0xFF, 0x00, 0x1F, 0x47, 0xFD,
    0x02, 0xFD, 0x0F, 0xFF, 0xFF, 0xE0, 0x2F, 0xFF, 0xFE, 0x00, 0x2F, 0xFF, 0x80, 0x00, 0x01, 0x40,
    0x00, 0x00, 0x00, 0x01, 0xBE, 0x40, 0x00, 0x01, 0xFF, 0xFF, 0x40, 0x00, 0xBF, 0xFF, 0xFD, 0x00,
    0x0F, 0xD5, 0xBF, 0xF0, 0x00, 0xD0, 0x02, 0xFF, 0x80, 0x00, 0x00, 0x0F, 0xFC, 0x00, 0x00, 0x00,
    0xBF, 0xC0, 0x00, 0x00, 0x07, 0xFC, 0x00, 0x00, 0x00, 0x7F, 0xD0, 0x00, 0x2F, 0xFB, 0xFD, 0x00,
    0x2F, 0xFF, 0xFF, 0xD0, 0x0B, 0xFF, 0xFF, 0xFD, 0x02, 0xFF, 0x40, 0xFF, 0xC0, 0x3F, 0xD0, 0x07,
    0xFC, 0x0F, 0xF8, 0x00, 0x7F, 0xC0, 0xFF, 0x00, 0x0B, 0xF8, 0x2F, 0xF0, 0x00, 0xFF, 0x83, 0xFE,
    0x00, 0x0F, 0xF0, 0x3F, 0xE0, 0x01, 0xFF, 0x03, 0xFE, 0x00, 0x3F, 0xE0, 0x3F, 0xE0, 0x03, 0xFC,
    0x03, 0xFF, 0x00, 0xFF, 0x40, 0x2F, 0xF4, 0x3F, 0xE0, 0x01, 0xFF, 0xFF, 0xFC, 0x00, 0x0B, 0xFF,
    0xFE, 0x00, 0x00, 0x1F, 0xFF, 0x40, 0x00, 0x00, 0x05, 0x00, 0x00, 0x00, 0x00, 0x00, 0x1A, 0x40,
    0x00, 0x1F, 0xFF, 0xC0, 0x02, 0xFF, 0xFF, 0x80, 0x2F, 0xE6, 0xFF, 0x01, 0xFD, 0x03, 0xFC, 0x0F,
    0xE0, 0x1F, 0xE0, 0xBF, 0x00, 0xFF, 0x03, 0xF8, 0x0B, 0xF4, 0x1F, 0xD1, 0xFF, 0x40, 0xBF, 0xBF,
    0xF4, 0x03, 0xFF, 0xFE, 0x00, 0x0F, 0xFF, 0x40, 0x00, 0x3F, 0xD0, 0x00, 0x90, 0xFF, 0x40, 0x1F,
    0xC3, 0xFF, 0x57, 0xFE, 0x07, 0xFF, 0xFF, 0xF0, 0x0F, 0xFF, 0xFE, 0x00, 0x0B, 0xFF, 0x80, 0x00,
    0x01, 0x40, 0x00, 0x00, 0x00, 0x06, 0x90, 0x00, 0x54, 0x00, 0x1A, 0x00, 0x07, 0xFF, 0xC0, 0x3F,
    0x80, 0x2F, 0xFC, 0x01, 0xFF, 0xFD, 0x03, 0xF4, 0x0B, 0xFF, 0xD0, 0x7F, 0xFF, 0xF0, 0x7F, 0x02,
    0xFF, 0xFC, 0x0B, 0xE6, 0xFF, 0x0B, 0xF0, 0x7F, 0x42, 0x80, 0x74, 0x0F, 0xF0, 0xFE, 0x0F, 0xD0,
    0x00, 0x00, 0x00, 0xBF, 0x3F, 0xD3, 0xF8, 0x00, 0x00, 0x00, 0x0B, 0xFF, 0xFC, 0xBF, 0x00, 0x00,
    0x00, 0x00, 0xBF, 0xFF, 0xDF, 0xF0, 0x00, 0x00, 0x00, 0x0F, 0xFF, 0xFF, 0xFE, 0x00, 0x00, 0x00,
    0x00, 0xFF, 0x3F, 0xFF, 0xD0, 0x00, 0x00, 0x00, 0x1F, 0xC7, 0xFE, 0xFD, 0x00, 0x00, 0x00, 0x03,
    0xF4, 0xBF, 0x9F, 0xD0, 0x04, 0x01, 0x00, 0xBE, 0x0F, 0xF1, 0xFF, 0x02, 0xE0, 0x3D, 0x7F, 0xC0,
    0xFD, 0x0F, 0xFE, 0xFE, 0x0B, 0xFF, 0xF0, 0x1F, 0xC0, 0xFF, 0xFF, 0xC0, 0xBF, 0xFD, 0x02, 0xFC,
    0x07, 0xFF, 0xF0, 0x07, 0xFE, 0x00, 0x3F, 0x40, 0x2F, 0xF8, 0x00, 0x05, 0x00, 0x01, 0x00, 0x00,
    0x10, 0x00, 0x00, 0x00, 0x01, 0xA9, 0x00, 0x00, 0x2F, 0xFF, 0xE0, 0x00, 0xFF, 0xFF, 0xF8, 0x02,
    0xFE, 0x5F, 0xFC, 0x03, 0xF0, 0x03, 0xFC, 0x01, 0x80, 0x03, 0xFC, 0x00, 0x00, 0x07, 0xF8, 0x00,
    0x00, 0x2F, 0xE0, 0x00, 0x0F, 0xFF, 0x40, 0x00, 0x0F, 0xFF, 0xD0, 0x00, 0x0A, 0xBF, 0xF0, 0x00,
    0x00, 0x0F, 0xF4, 0x00, 0x00, 0x0F, 0xF8, 0x1F, 0x00, 0x0F, 0xF4, 0x3F, 0x80, 0x2F, 0xF0, 0x3F,
    0xFB, 0xFF, 0xD0, 0x2F, 0xFF, 0xFF, 0x40, 0x07, 0xFF, 0xF4, 0x00, 0x00, 0x14, 0x00, 0x00, 0x00,
    0x59, 0x00, 0x01, 0x54, 0x1F, 0xFF, 0x40, 0x0F, 0xF4, 0x3F, 0xFF, 0x80, 0x2F, 0xF0, 0x2A, 0xFF,
    0x80, 0x2F, 0xF0, 0x00, 0xFF, 0x40, 0x3F, 0xE0, 0x00, 0xFF, 0x00, 0x3F, 0xD0, 0x01, 0xFF, 0x00,
    0x7F, 0xC0, 0x02, 0xFE, 0x00, 0xBF, 0xC0, 0x03, 0xFD, 0x00, 0xFF, 0x80, 0x07, 0xFC, 0x01, 0xFF,
    0x40, 0x0B, 0xFC, 0x03, 0xFF, 0x00, 0x0F, 0xF4, 0x0B, 0xFF, 0x00, 0x0F, 0xF0, 0x1F, 0xFF, 0x00,
    0x1F, 0xF0, 0x7E, 0xFF, 0x1D, 0x1F, 0xF6, 0xFC, 0xFF, 0xFE, 0x1F, 0xFF, 0xF0, 0xFF, 0xFC, 0x1F,
    0xFF, 0xC0, 0xFF, 0xF4, 0x0B, 0xFE, 0x00, 0x7F, 0x80, 0x00, 0x50, 0x00, 0x04, 0x00, 0x00, 0x00,
    0x00, 0x00, 0x00, 0x00, 0x00, 0x00, 0x00, 0xC0, 0x00, 0x02, 0xF0, 0x01, 0xD0, 0x00, 0x07, 0xF0,
    0x03, 0xD0, 0x00, 0x07, 0xF8, 0x1F, 0xC0, 0x00, 0x03, 0xFF, 0xFF, 0x00, 0x00, 0x01, 0xFF, 0xF8,
    0x00, 0x00, 0x00, 0x15, 0x40, 0x00, 0x00, 0x00, 0x00, 0x00, 0x00, 0x00, 0x59, 0x00, 0x01, 0x54,
    0x1F, 0xFF, 0x40, 0x0F, 0xF4, 0x3F, 0xFF, 0x80, 0x2F, 0xF0, 0x2A, 0xFF, 0x80, 0x2F, 0xF0, 0x00,
    0xFF, 0x40, 0x3F, 0xE0, 0x00, 0xFF, 0x00, 0x3F, 0xD0, 0x01, 0xFF, 0x00, 0x7F, 0xC0, 0x02, 0xFE,
    0x00, 0xBF, 0xC0, 0x03, 0xFD, 0x00, 0xFF, 0x80, 0x07, 0xFC, 0x01, 0xFF, 0x40, 0x0B, 0xFC, 0x03,
    0xFF, 0x00, 0x0F, 0xF4, 0x0B, 0xFF, 0x00, 0x0F, 0xF0, 0x1F, 0xFF, 0x00, 0x1F, 0xF0, 0x7E, 0xFF,
    0x1D, 0x1F, 0xF6, 0xFC, 0xFF, 0xFE, 0x1F, 0xFF, 0xF0, 0xFF, 0xFC, 0x1F, 0xFF, 0xC0, 0xFF, 0xF4,
    0x0B, 0xFE, 0x00, 0x7F, 0x80, 0x00, 0x50, 0x00, 0x04, 0x00, 0x00, 0x68, 0x00, 0x0A, 0x02, 0xFF,
    0xE0, 0x0B, 0xFC, 0xFF, 0xFE, 0x03, 0xFF, 0xCA, 0xBF, 0xE0, 0xFF, 0xFC, 0x02, 0xFD, 0x3F, 0xE1,
    0x40, 0x3F, 0xCB, 0xF0, 0x00, 0x03, 0xF8, 0xFC, 0x00, 0x00, 0x7F, 0x7F, 0x00, 0x00, 0x0B, 0xFB,
    0xF0, 0x00, 0x00, 0xFF, 0xFF, 0x40, 0x00, 0x0F, 0xFF, 0xFC, 0x00, 0x01, 0xFF, 0x2F, 0xD0, 0x00,
    0x1F, 0xF1, 0xFE, 0x00, 0x02, 0xFE, 0x0F, 0xF4, 0x38, 0x3F, 0xE0, 0xBF, 0xEF, 0xC3, 0xFD, 0x03,
    0xFF, 0xF4, 0x7F, 0xC0, 0x2F, 0xFE, 0x0B, 0xF8, 0x00, 0xFF, 0x40, 0x00, 0x00, 0x01, 0x00, 0x00,
    0x00, 0x00, 0x00, 0x1A, 0xA5, 0x00, 0x00, 0x00, 0xBF, 0xFF, 0xC0, 0x00, 0x00, 0xFF, 0xFF, 0xF0,
    0x00, 0x00, 0xBF, 0xEF, 0xF4, 0x00, 0x00, 0x3F, 0x43, 0xFC, 0x00, 0x00, 0x2F, 0x81, 0xFF, 0x00,
    0x00, 0x0F, 0xC0, 0xBF, 0x80, 0x00, 0x07, 0xF0, 0x3F, 0xD0, 0x00, 0x03, 0xF4, 0x0F, 0xF0, 0x00,
    0x00, 0xFC, 0x07, 0xF8, 0x00, 0x00, 0xBF, 0x03, 0xFD, 0x00, 0x00, 0x3F, 0x40, 0xFF, 0x00, 0x00,
    0x1F, 0xC0, 0x7F, 0xC0, 0x04, 0x0F, 0xE0, 0x2F, 0xF0, 0xC3, 0xEF, 0xF0, 0x0B, 0xFE, 0xF4, 0xFF,
    0xF8, 0x03, 0xFF, 0xFC, 0x3F, 0xFC, 0x00, 0xFF, 0xFD, 0x0F, 0xF8, 0x00, 0x1F, 0xF8, 0x00, 0x10,
    0x00, 0x00, 0x50, 0x00, 0x00, 0x01, 0x69, 0x00, 0x00, 0x69, 0x40, 0x00, 0xFF, 0xFE, 0x00, 0x0F,
    0xFF, 0x40, 0x0B, 0xFF, 0xFD, 0x00, 0xFF, 0xFC, 0x00, 0x15, 0xFF, 0xF8, 0x07, 0xFF, 0xE0, 0x00,
    0x03, 0xFF, 0xF0, 0x3F, 0xBF, 0x40, 0x00, 0x1F, 0xAF, 0xC2, 0xF6, 0xFC, 0x00, 0x00, 0x7D, 0x7F,
    0x0F, 0xCF, 0xF0, 0x00, 0x02, 0xF5, 0xFD, 0x7D, 0x3F, 0x80, 0x00, 0x0F, 0xC3, 0xF7, 0xF1, 0xFD,
    0x00, 0x00, 0x3F, 0x0F, 0xFF, 0x47, 0xF4, 0x00, 0x01, 0xF8, 0x3F, 0xFC, 0x2F, 0xC0, 0x00, 0x0B,
    0xD0, 0xFF, 0xD0, 0xFF, 0x00, 0x00, 0x3F, 0x03, 0xFF, 0x03, 0xFC, 0x00, 0x01, 0xFC, 0x0F, 0xF8,
    0x0F, 0xE1, 0xC3, 0xEF, 0xD0, 0x3F, 0xC0, 0x3F, 0xEF, 0x0F, 0xFF, 0x00, 0xFF, 0x01, 0xFF, 0xF8,
    0x3F, 0xF4, 0x03, 0xF4, 0x03, 0xFF, 0xC0, 0xFF, 0x40, 0x05, 0x40, 0x0F, 0xF4, 0x00, 0x50, 0x00,
    0x00, 0x00, 0x04, 0x00, 0x00, 0x00, 0x64, 0x00, 0x05, 0x40, 0xBF, 0xFC, 0x00, 0xFF, 0x8F, 0xFF,
    0xF0, 0x03, 0xFE, 0x2A, 0xFF, 0xC0, 0x0F, 0xF4, 0x02, 0xFE, 0x00, 0x7F, 0xC0, 0x0F, 0xF4, 0x02,
    0xFF, 0x00, 0x3F, 0xD0, 0x0F, 0xF8, 0x01, 0xFF, 0x55, 0x7F, 0xD0, 0x0B, 0xFF, 0xFF, 0xFF, 0x00,
    0x3F, 0xFF, 0xFF, 0xFC, 0x00, 0xFF, 0xAA, 0xBF, 0xE0, 0x07, 0xFC, 0x00, 0xFF, 0x40, 0x1F, 0xF0,
    0x03, 0xFC, 0x00, 0xBF, 0xC0, 0x1F, 0xF0, 0x93, 0xFE, 0x00, 0xBF, 0xEF, 0x8F, 0xF4, 0x02, 0xFF,
    0xFD, 0x7F, 0xC0, 0x0B, 0xFF, 0xE2, 0xFE, 0x00, 0x0F, 0xF8, 0x00, 0x00, 0x00, 0x05, 0x00, 0x00,
    0x00, 0x00, 0x1A, 0x40, 0x00, 0x01, 0xFF, 0xFE, 0x00, 0x02, 0xFF, 0xFF, 0xF0, 0x03, 0xFF, 0xEF,
    0xFD, 0x02, 0xFF, 0x01, 0xFF, 0x81, 0xFF, 0x00, 0x3F, 0xF0, 0xFF, 0x80, 0x0B, 0xFC, 0x3F, 0xD0,
    0x02, 0xFF, 0x2F, 0xF0, 0x00, 0xBF, 0xCF, 0xFC, 0x00, 0x3F, 0xE3, 0xFE, 0x00, 0x0F, 0xF4, 0xFF,
    0x80, 0x07, 0xFC, 0x3F, 0xE0, 0x03, 0xFE, 0x0F, 0xFC, 0x02, 0xFF, 0x02, 0xFF, 0x42, 0xFF, 0x40,
    0x7F, 0xFF, 0xFF, 0x40, 0x0B, 0xFF, 0xFF, 0x40, 0x00, 0x7F, 0xFE, 0x00, 0x00, 0x00, 0x50, 0x00,
    0x00, 0x00, 0x64, 0x00, 0x69, 0x00, 0xBF, 0xF8, 0x1F, 0xFD, 0x0F, 0xFF, 0xE2, 0xFF, 0xFC, 0x2A,
    0xFF, 0xAF, 0xFF, 0xF0, 0x02, 0xFE, 0xF8, 0xBF, 0xC0, 0x0F, 0xFF, 0x81, 0xFF, 0x00, 0x3F, 0xFC,
    0x0B, 0xF8, 0x01, 0xFF, 0xC0, 0x3F, 0xD0, 0x0B, 0xFE, 0x00, 0xFF, 0x00, 0x3F, 0xF0, 0x07, 0xFC,
    0x00, 0xFF, 0x80, 0x2F, 0xE0, 0x07, 0xFD, 0x00, 0xFF, 0x40, 0x1F, 0xF0, 0x07, 0xFC, 0x00, 0xBF,
    0xC0, 0x1F, 0xF0, 0xC3, 0xFE, 0x00, 0xBF, 0xEF, 0x4F, 0xF4, 0x03, 0xFF, 0xFC, 0x7F, 0xC0, 0x0B,
    0xFF, 0xD2, 0xFE, 0x00, 0x1F, 0xF8, 0x00, 0x00, 0x00, 0x05, 0x00, 0x00, 0x00, 0x01, 0x64, 0x01,
    0xA4, 0x00, 0x1F, 0xFF, 0x43, 0xFF, 0xC0, 0x0F, 0xFF, 0xD3, 0xFF, 0xF4, 0x02, 0xAF, 0xF7, 0xFF,
    0xFE, 0x00, 0x03, 0xFF, 0xF4, 0xFF, 0xC0, 0x00, 0xFF, 0xF0, 0x2F, 0xF0, 0x00, 0x7F, 0xF4, 0x0B,
    0xFC, 0x00, 0x1F, 0xF8, 0x03, 0xFF, 0x00, 0x0B, 0xFC, 0x00, 0xFF, 0x80, 0x03, 0xFE, 0x00, 0x3F,
    0xD0, 0x00, 0xFF, 0x00, 0x1F, 0xF0, 0x00, 0x7F, 0xC0, 0x0F, 0xF8, 0x00, 0x2F, 0xE0, 0x07, 0xFD,
    0x00, 0x0F, 0xF4, 0x03, 0xFE, 0x00, 0x03, 0xFE, 0x03, 0xFF, 0x00, 0x01, 0xFF, 0xFF, 0xFF, 0x00,
    0x00, 0xBF, 0xFF, 0xFF, 0x00, 0x00, 0x3F, 0xFF, 0xFE, 0x00, 0x00, 0x0F, 0xF4, 0x14, 0x00, 0x00,
    0x03, 0xFC, 0x00, 0x00, 0x00, 0x01, 0xFF, 0x00, 0x00, 0x00, 0x00, 0xBF, 0xC0, 0x00, 0x00, 0x00,
    0x3F, 0xF4, 0x00, 0x00, 0x00, 0xBF, 0xFF, 0xF0, 0x00, 0x00, 0x3F, 0xFF, 0xFC, 0x00, 0x00, 0x05,
    0x55, 0x55, 0x00, 0x00, 0x00, 0x00, 0x00, 0x1A, 0x40, 0x00, 0x0F, 0xFF, 0xC0, 0x01, 0xFF, 0xFF,
    0x80, 0x2F, 0xFF, 0xFE, 0x01, 0xFF, 0x42, 0xF0, 0x0F, 0xF4, 0x00, 0x40, 0xBF, 0xC0, 0x00, 0x03,
    0xFD, 0x00, 0x00, 0x1F, 0xF0, 0x00, 0x00, 0xBF, 0xC0, 0x00, 0x03, 0xFE, 0x00, 0x00, 0x0F, 0xF8,
    0x00, 0x00, 0x3F, 0xF0, 0x00, 0x80, 0xFF, 0xC0, 0x1F, 0x43, 0xFF, 0xEB, 0xFD, 0x07, 0xFF, 0xFF,
    0xF0, 0x0F, 0xFF, 0xFE, 0x00, 0x0B, 0xFF, 0x80, 0x00, 0x01, 0x40, 0x00, 0x00, 0x01, 0x64, 0x00,
    0x64, 0x00, 0x19, 0x00, 0xBF, 0xF4, 0x1F, 0xFC, 0x0B, 0xFF, 0x0F, 0xFF, 0xE2, 0xFF, 0xF0, 0xFF,
    0xFD, 0x2A, 0xFF, 0x6F, 0xFF, 0xDF, 0xFF, 0xF8, 0x02, 0xFE, 0xF8, 0xFF, 0xBD, 0x3F, 0xE0, 0x0F,
    0xFF, 0x43, 0xFF, 0xD0, 0xFF, 0x40, 0x3F, 0xF8, 0x0F, 0xFD, 0x07, 0xFC, 0x01, 0xFF, 0xC0, 0x7F,
    0xF0, 0x1F, 0xF0, 0x0B, 0xFD, 0x02, 0xFF, 0x40, 0xFF, 0x80, 0x3F, 0xF0, 0x0F, 0xFC, 0x03, 0xFD,
    0x00, 0xFF, 0x80, 0x3F, 0xD0, 0x1F, 0xF0, 0x07, 0xFC, 0x01, 0xFF, 0x00, 0xBF, 0xC0, 0x1F, 0xF0,
    0x0B, 0xFC, 0x03, 0xFD, 0x00, 0xBF, 0x80, 0x3F, 0xE0, 0x0F, 0xF4, 0xA3, 0xFD, 0x00, 0xFF, 0x40,
    0x3F, 0xEF, 0xCF, 0xF4, 0x07, 0xFC, 0x01, 0xFF, 0xFE, 0x7F, 0xC0, 0x1F, 0xF0, 0x07, 0xFF, 0xF2,
    0xFE, 0x00, 0xBF, 0x40, 0x0F, 0xFD, 0x00, 0x00, 0x00, 0x00, 0x00, 0x01, 0x00, 0x00, 0x00, 0x00,
    0x58, 0x00, 0x1A, 0x00, 0x00, 0xBF, 0xF0, 0x0F, 0xFD, 0x00, 0x1F, 0xFF, 0x80, 0x7F, 0xE0, 0x01,
    0xBF, 0xFC, 0x03, 0xFF, 0x00, 0x00, 0x7F, 0xC0, 0x2F, 0xE0, 0x00, 0x03, 0xFD, 0x02, 0xFE, 0x00,
    0x00, 0x3F, 0xD0, 0x3F, 0xD0, 0x00, 0x02, 0xFE, 0x03, 0xFC, 0x00, 0x00, 0x1F, 0xE0, 0x7F, 0x80,
    0x00, 0x00, 0xFF, 0x0B, 0xF0, 0x00, 0x00, 0x0F, 0xF0, 0xFE, 0x00, 0x00, 0x00, 0xFF, 0x1F, 0xC0,
    0x00, 0x00, 0x0F, 0xF3, 0xF8, 0x00, 0x00, 0x00, 0xFF, 0x7F, 0x00, 0x00, 0x00, 0x0B, 0xFF, 0xD0,
    0x00, 0x00, 0x00, 0xBF, 0xF8, 0x00, 0x00, 0x00, 0x0B, 0xFF, 0x00, 0x00, 0x00, 0x00, 0xFF, 0xC0,
    0x00, 0x00, 0x00, 0x0F, 0xF4, 0x00, 0x00, 0x00, 0x02, 0xFD, 0x00, 0x00, 0x00, 0x00, 0x7F, 0x40,
    0x00, 0x03, 0xD0, 0x6F, 0xD0, 0x00, 0x00, 0x7F, 0xFF, 0xF4, 0x00, 0x00, 0x0B, 0xFF, 0xFD, 0x00,
    0x00, 0x00, 0x3F, 0xFE, 0x00, 0x00, 0x00, 0x00, 0xBA, 0x00, 0x00, 0x00, 0x00, 0x00, 0x00, 0x00,
    0x00, 0x15, 0x00, 0x00, 0x00, 0x00, 0x0B, 0xFF, 0x80, 0x00, 0x00, 0x00, 0xFF, 0xFF, 0x40, 0x00,
    0x00, 0x0F, 0xFA, 0xFD, 0x00, 0x00, 0x00, 0x7F, 0x01, 0xE0, 0x00, 0x00, 0x03, 0xF8, 0x00, 0x00,
    0x00, 0x00, 0x1F, 0xD0, 0x00, 0x00, 0x00, 0x00, 0xBF, 0x00, 0x00, 0x00, 0x00, 0x03, 0xFD, 0x00,
    0x00, 0x00, 0x07, 0xFF, 0xFF, 0xD0, 0x00, 0x02, 0xFF, 0xFF, 0xFF, 0xF0, 0x00, 0x3F, 0xFF, 0xFF,
    0xFF, 0xF0, 0x03, 0xFF, 0x47, 0xF4, 0x7F, 0xF0, 0x2F, 0xF0, 0x2F, 0xC0, 0xBF, 0xC0, 0xFF, 0x40,
    0xBF, 0x00, 0xFF, 0x4B, 0xFC, 0x03, 0xFC, 0x03, 0xFE, 0x3F, 0xE0, 0x0F, 0xF0, 0x0F, 0xF8, 0xFF,
    0x40, 0x3F, 0x80, 0x3F, 0xD3, 0xFD, 0x01, 0xFD, 0x00, 0xFF, 0x0F, 0xF8, 0x07, 0xF4, 0x0B, 0xFC,
    0x3F, 0xF0, 0x2F, 0xC0, 0x3F, 0xD0, 0x7F, 0xD0, 0xFF, 0x03, 0xFF, 0x00, 0xFF, 0xE3, 0xFC, 0xBF,
    0xF0, 0x00, 0xFF, 0xFF, 0xFF, 0xFF, 0x00, 0x00, 0xBF, 0xFF, 0xFF, 0xD0, 0x00, 0x00, 0x1B, 0xFF,
    0xA0, 0x00, 0x00, 0x00, 0x0B, 0xF0, 0x00, 0x00, 0x00, 0x00, 0x2F, 0xC0, 0x00, 0x00, 0x00, 0x00,
    0xFE, 0x00, 0x00, 0x00, 0x18, 0x07, 0xF0, 0x00, 0x00, 0x01, 0xF9, 0x7F, 0x80, 0x00, 0x00, 0x07,
    0xFF, 0xFC, 0x00, 0x00, 0x00, 0x0F, 0xFF, 0x80, 0x00, 0x00, 0x00, 0x0B, 0xE4, 0x00, 0x00, 0x00,
    0x00, 0x00, 0x06, 0x40, 0x00, 0x64, 0x00, 0x3F, 0xF4, 0x01, 0xFF, 0xC0, 0x3F, 0xFF, 0x01, 0xFF,
    0xF0, 0x1F, 0xFF, 0xD0, 0xFF, 0xF8, 0x00, 0x0F, 0xF8, 0xBF, 0x18, 0x00, 0x01, 0xFF, 0x7F, 0x00,
    0x00, 0x00, 0x3F, 0xFF, 0x00, 0x00, 0x00, 0x07, 0xFF, 0x40, 0x00, 0x00, 0x00, 0xFF, 0x80, 0x00,
    0x00, 0x00, 0x3F, 0xF0, 0x00, 0x00, 0x00, 0x1F, 0xFC, 0x00, 0x00, 0x00, 0x0F, 0xFF, 0x80, 0x00,
    0x00, 0x0F, 0xFF, 0xF0, 0x00, 0x00, 0x0B, 0xF3, 0xFE, 0x00, 0x03, 0xEF, 0xF0, 0xBF, 0xC6, 0x81,
    0xFF, 0xF4, 0x1F, 0xFF, 0xF0, 0x7F, 0xF8, 0x03, 0xFF, 0xF4, 0x0F, 0xF8, 0x00, 0x7F, 0xE4, 0x00,
    0x50, 0x00, 0x01, 0x00, 0x00, 0x00, 0x59, 0x00, 0x01, 0x54, 0x1F, 0xFF, 0x40, 0x0F, 0xF4, 0x3F,
    0xFF, 0x80, 0x2F, 0xF0, 0x2A, 0xFF, 0x80, 0x2F, 0xF0, 0x00, 0xFF, 0x40, 0x3F, 0xE0, 0x00, 0xFF,
    0x00, 0x3F, 0xD0, 0x01, 0xFF, 0x00, 0x7F, 0xC0, 0x02, 0xFE, 0x00, 0xBF, 0xC0, 0x03, 0xFD, 0x00,
    0xFF, 0x80, 0x07, 0xFC, 0x01, 0xFF, 0x40, 0x0B, 0xFC, 0x03, 0xFF, 0x00, 0x0F, 0xF4, 0x0B, 0xFF,
    0x00, 0x0F, 0xF0, 0x1F, 0xFF, 0x00, 0x1F, 0xF0, 0x7E, 0xFF, 0x1E, 0x1F, 0xF6, 0xFC, 0xFF, 0xBE,
    0x1F, 0xFF, 0xF0, 0xFF, 0xFC, 0x1F, 0xFF, 0xC0, 0xFF, 0xFC, 0x0B, 0xFE, 0x00, 0xBD, 0xBC, 0x00,
    0x50, 0x00, 0x10, 0xFC, 0x00, 0x00, 0x00, 0x00, 0xFC, 0x00, 0x00, 0x00, 0x00, 0xFC, 0x00, 0x00,
    0x00, 0x01, 0xFC, 0x00, 0x00, 0x00, 0x0B, 0xF4, 0x00, 0x00, 0x00, 0x2F, 0xE0, 0x00, 0x00, 0x00,
    0x05, 0x00, 0x00, 0x64, 0x00, 0x05, 0x42, 0xFF, 0xD0, 0x07, 0xFC, 0xBF, 0xFD, 0x00, 0xFF, 0x8A,
    0xBF, 0xC0, 0x0F, 0xF4, 0x03, 0xFC, 0x01, 0xFF, 0x00, 0x3F, 0xC0, 0x1F, 0xF0, 0x07, 0xF8, 0x02,
    0xFE, 0x00, 0xBF, 0x40, 0x7F, 0xD0, 0x0B, 0xF8, 0x0F, 0xFC, 0x00, 0xBF, 0xEF, 0xFF, 0xC0, 0x03,
    0xFF, 0xFF, 0xFC, 0x00, 0x1F, 0xF8, 0xFF, 0x80, 0x00, 0x00, 0x0F, 0xF4, 0x00, 0x00, 0x00, 0xFF,
    0x09, 0x00, 0x00, 0x1F, 0xFB, 0xF0, 0x00, 0x02, 0xFF, 0xFE, 0x00, 0x00, 0x1F, 0xFF, 0x80, 0x00,
    0x00, 0xFF, 0xD0, 0x00, 0x00, 0x01, 0x40, 0x00, 0x00, 0x58, 0x00, 0x01, 0x50, 0x01, 0x50, 0x7F,
    0xFC, 0x00, 0xFF, 0x40, 0xBF, 0x83, 0xFF, 0xF4, 0x07, 0xFC, 0x03, 0xFD, 0x0A, 0xBF, 0xD0, 0x1F,
    0xF0, 0x0F, 0xF0, 0x00, 0xFF, 0x00, 0xBF, 0x80, 0x7F, 0xC0, 0x03, 0xFC, 0x03, 0xFD, 0x02, 0xFE,
    0x00, 0x1F, 0xE0, 0x0F, 0xF0, 0x0F, 0xF4, 0x00, 0xBF, 0x40, 0x7F, 0x80, 0x3F, 0xC0, 0x03, 0xFC,
    0x02, 0xFD, 0x01, 0xFF, 0x00, 0x1F, 0xF0, 0x0F, 0xF0, 0x0F, 0xF8, 0x00, 0xBF, 0x80, 0xBF, 0xC0,
    0x7F, 0xD0, 0x03, 0xFD, 0x03, 0xFE, 0x03, 0xFF, 0x00, 0x0F, 0xF0, 0x3F, 0xF4, 0x2F, 0xFC, 0x00,
    0x7F, 0xC3, 0xFF, 0xC2, 0xFB, 0xF0, 0xE1, 0xFF, 0x7F, 0xFF, 0xBF, 0x5F, 0xFF, 0xC7, 0xFF, 0xF6,
    0xFF, 0xF8, 0x7F, 0xFD, 0x1F, 0xFF, 0x47, 0xFF, 0x81, 0xFF, 0xE0, 0x2F, 0xF0, 0x0F, 0xF4, 0x03,
    0xFD, 0x00, 0x04, 0x00, 0x04, 0x00, 0x01, 0x00, 0x00, 0x00, 0x58, 0x00, 0x01, 0x50, 0x01, 0x50,
    0x1F, 0xFF, 0x00, 0x3F, 0xD0, 0x2F, 0xE0, 0x3F, 0xFF, 0x40, 0x7F, 0xC0, 0x3F, 0xD0, 0x2A, 0xFF,
    0x40, 0x7F, 0xC0, 0x3F, 0xC0, 0x00, 0xFF, 0x00, 0xBF, 0x80, 0x7F, 0xC0, 0x00, 0xFF, 0x00, 0xFF,
    0x40, 0xBF, 0x80, 0x01, 0xFE, 0x00, 0xFF, 0x00, 0xFF, 0x40, 0x02, 0xFD, 0x01, 0xFE, 0x00, 0xFF,
    0x00, 0x03, 0xFC, 0x02, 0xFD, 0x01, 0xFF, 0x00, 0x07, 0xFC, 0x03, 0xFC, 0x03, 0xFE, 0x00, 0x0B,
    0xF8, 0x0B, 0xFC, 0x07, 0xFD, 0x00, 0x0F, 0xF4, 0x0F, 0xF8, 0x0F, 0xFC, 0x00, 0x0F, 0xF0, 0x3F,
    0xF4, 0x2F, 0xFC, 0x00, 0x1F, 0xF0, 0xFF, 0xF0, 0xBE, 0xFC, 0x3C, 0x1F, 0xF7, 0xFF, 0xFB, 0xF6,
    0xFE, 0xFC, 0x1F, 0xFF, 0xDB, 0xFF, 0xE2, 0xFF, 0xF4, 0x1F, 0xFF, 0x47, 0xFF, 0x81, 0xFF, 0xF0,
    0x0B, 0xFC, 0x03, 0xFD, 0x00, 0xF9, 0xF0, 0x00, 0x40, 0x00, 0x40, 0x00, 0x03, 0xF0, 0x00, 0x00,
    0x00, 0x00, 0x00, 0x03, 0xF4, 0x00, 0x00, 0x00, 0x00, 0x00, 0x03, 0xF4, 0x00, 0x00, 0x00, 0x00,
    0x00, 0x03, 0xF0, 0x00, 0x00, 0x00, 0x00, 0x00, 0x1F, 0xE0, 0x00, 0x00, 0x00, 0x00, 0x00, 0x7F,
    0x80, 0x00, 0x00, 0x00, 0x00, 0x00, 0x15, 0x00, 0x00, 0xA5, 0x40, 0x14, 0x00, 0x7F, 0xFF, 0xFF,
    0xE0, 0x0F, 0xFF, 0xFF, 0xFE, 0x02, 0xFE, 0xBA, 0xFF, 0x40, 0x3F, 0x00, 0x1F, 0xC0, 0x03, 0xF4,
    0x0B, 0xF0, 0x00, 0x2F, 0x83, 0xFC, 0x00, 0x00, 0x00, 0xFF, 0xBF, 0x80, 0x00, 0x2F, 0xFF, 0xFF,
    0x00, 0x07, 0xFF, 0xBF, 0xF8, 0x00, 0xBF, 0x00, 0x7F, 0xC0, 0x0F, 0xF0, 0x03, 0xFC, 0x00, 0xFF,
    0x00, 0x3F, 0xC0, 0x0F, 0xF0, 0x03, 0xF8, 0x00, 0xFF, 0x00, 0xFF, 0x40, 0x0F, 0xFE, 0xFF, 0xE0,
    0x00, 0x3F, 0xFF, 0xF8, 0x00, 0x00, 0xFF, 0xFD, 0x00, 0x00, 0x00, 0x50, 0x00, 0x00, 0x00, 0x59,
    0x00, 0x00, 0x00, 0x54, 0x01, 0xFF, 0xF8, 0x00, 0x00, 0x1F, 0xF0, 0x3F, 0xFF, 0x80, 0x00, 0x02,
    0xFF, 0x02, 0xAF, 0xF4, 0x00, 0x00, 0x3F, 0xE0, 0x00, 0xFF, 0x00, 0x00, 0x03, 0xFD, 0x00, 0x1F,
    0xF0, 0x00, 0x00, 0x3F, 0xC0, 0x02, 0xFE, 0x00, 0x00, 0x07, 0xFC, 0x00, 0x3F, 0xEB, 0xF8, 0x00,
    0xBF, 0x80, 0x03, 0xFF, 0xFF, 0xF4, 0x0F, 0xF4, 0x00, 0x7F, 0xFB, 0xFF, 0xC0, 0xFF, 0x40, 0x0B,
    0xF8, 0x03, 0xFC, 0x1F, 0xF0, 0x00, 0xFF, 0x40, 0x2F, 0xD2, 0xFF, 0x00, 0x0F, 0xF0, 0x02, 0xFC,
    0x2F, 0xE0, 0x00, 0xFF, 0x00, 0x3F, 0xC3, 0xFD, 0x28, 0x0F, 0xF4, 0x0B, 0xF8, 0x3F, 0xEF, 0xC0,
    0xBF, 0xFF, 0xFF, 0x07, 0xFF, 0xF8, 0x03, 0xFF, 0xFF, 0x80, 0x3F, 0xFF, 0x00, 0x0B, 0xFF, 0xD0,
    0x02, 0xFF, 0x40, 0x00, 0x05, 0x00, 0x00, 0x01, 0x00, 0x00, 0x00, 0x59, 0x00, 0x00, 0x1F, 0xFF,
    0x80, 0x00, 0x3F, 0xFF, 0x80, 0x00, 0x2A, 0xFF, 0x40, 0x00, 0x00, 0xFF, 0x00, 0x00, 0x01, 0xFF,
    0x00, 0x00, 0x02, 0xFE, 0x00, 0x00, 0x03, 0xFE, 0xBF, 0xD0, 0x03, 0xFF, 0xFF, 0xF8, 0x07, 0xFF,
    0xAF, 0xFD, 0x0B, 0xF8, 0x03, 0xFE, 0x0F, 0xF4, 0x01, 0xFE, 0x0F, 0xF0, 0x01, 0xFE, 0x0F, 0xF0,
    0x02, 0xFD, 0x0F, 0xF4, 0x07, 0xFC, 0x0B, 0xFF, 0xBF, 0xF0, 0x03, 0xFF, 0xFF, 0xC0, 0x00, 0xBF,
    0xFD, 0x00, 0x00, 0x05, 0x40, 0x00, 0x00, 0x01, 0x69, 0x00, 0x00, 0x2F, 0xFF, 0xE0, 0x00, 0xFF,
    0xFF, 0xF8, 0x02, 0xFE, 0xAF, 0xFC, 0x03, 0xF0, 0x03, 0xFE, 0x02, 0xC0, 0x02, 0xFE, 0x00, 0x00,
    0x02, 0xFF, 0x00, 0x00, 0x02, 0xFF, 0x00, 0x0F, 0xFF, 0xFF, 0x00, 0x1F, 0xFF, 0xFE, 0x00, 0x1A,
    0xAB, 0xFE, 0x00, 0x00, 0x03, 0xFD, 0x00, 0x00, 0x07, 0xFC, 0x1F, 0x00, 0x0F, 0xF4, 0x3F, 0x80,
    0x2F, 0xF0, 0x3F, 0xFA, 0xFF, 0xC0, 0x2F, 0xFF, 0xFF, 0x00, 0x0B, 0xFF, 0xE4, 0x00, 0x00, 0x14,
    0x00, 0x00, 0x00, 0x64, 0x00, 0x00, 0x6A, 0x40, 0x0B, 0xFF, 0xC0, 0x01, 0xFF, 0xFD, 0x0F, 0xFF,
    0xF0, 0x02, 0xFF, 0xFF, 0xD2, 0xAF, 0xFC, 0x03, 0xFF, 0xFF, 0xFC, 0x02, 0xFE, 0x02, 0xFF, 0x43,
    0xFF, 0x00, 0xFF, 0x40, 0xFF, 0x40, 0x3F, 0xD0, 0x3F, 0xD0, 0xFF, 0x80, 0x0F, 0xF4, 0x1F, 0xF0,
    0x3F, 0xC0, 0x03, 0xFD, 0x0B, 0xFF, 0xFF, 0xF0, 0x00, 0xFF, 0x03, 0xFF, 0xFF, 0xF8, 0x00, 0x3F,
    0xC0, 0xFF, 0xFF, 0xFD, 0x00, 0x2F, 0xE0, 0x7F, 0xC0, 0xFF, 0x40, 0x0F, 0xF4, 0x1F, 0xF0, 0x3F,
    0xD0, 0x07, 0xFC, 0x0B, 0xFC, 0x0F, 0xF8, 0x03, 0xFD, 0x03, 0xFE, 0x02, 0xFF, 0x97, 0xFE, 0x00,
    0xFF, 0x40, 0x7F, 0xFF, 0xFF, 0x00, 0x7F, 0xC0, 0x0B, 0xFF, 0xFE, 0x00, 0x2F, 0xE0, 0x00, 0xBF,
    0xF9, 0x00, 0x00, 0x00, 0x00, 0x00, 0x40, 0x00, 0x00, 0x00, 0x00, 0x06, 0xAA, 0x50, 0x00, 0x07,
    0xFF, 0xFF, 0xD0, 0x00, 0xBF, 0xFF, 0xFF, 0x00, 0x0B, 0xFE, 0x5F, 0xF8, 0x00, 0x3F, 0xC0, 0x3F,
    0xC0, 0x02, 0xFE, 0x00, 0xFF, 0x00, 0x0B, 0xF4, 0x07, 0xF8, 0x00, 0x2F, 0xE0, 0x2F, 0xD0, 0x00,
    0x7F, 0xE0, 0xFF, 0x00, 0x00, 0xFF, 0xFF, 0xFC, 0x00, 0x00, 0xFF, 0xFF, 0xE0, 0x00, 0x03, 0xF9,
    0xBF, 0x40, 0x00, 0x2F, 0xC2, 0xFC, 0x00, 0x01, 0xFD, 0x0F, 0xF0, 0xEB, 0xAF, 0xE0, 0x3F, 0xEF,
    0xBF, 0xFF, 0x01, 0xFF, 0xFC, 0xFF, 0xF0, 0x07, 0xFF, 0xD2, 0xFF, 0x00, 0x0F, 0xF8, 0x00, 0x40,
    0x00, 0x04, 0x00, 0x00, 0x00, 0x00, 0x40, 0x00, 0x00, 0x0F, 0x00, 0x00, 0x00, 0xBF, 0x00, 0x00,
    0x02, 0xFE, 0x00, 0x00, 0x07, 0xFD, 0x00, 0x00, 0x07, 0xFC, 0x00, 0x00, 0x03, 0xF8, 0x00, 0x00,
    0x02, 0xD0, 0x00, 0x00, 0x00, 0x00, 0x00, 0x00, 0x00, 0x00, 0x00, 0x01, 0xA4, 0x00, 0x01, 0xFF,
    0xFC, 0x00, 0x2F, 0xFF, 0xF8, 0x02, 0xFE, 0x6F, 0xF0, 0x1F, 0xD0, 0x3F, 0xC0, 0xFE, 0x01, 0xFE,
    0x0B, 0xF0, 0x0F, 0xF0, 0x3F, 0x80, 0xBF, 0x41, 0xFD, 0x1F, 0xF4, 0x0B, 0xFB, 0xFF, 0x40, 0x3F,
    0xFF, 0xE0, 0x00, 0xFF, 0xF4, 0x00, 0x03, 0xFD, 0x00, 0x09, 0x0F, 0xF4, 0x01, 0xFC, 0x3F, 0xF5,
    0x7F, 0xE0, 0x7F, 0xFF, 0xFF, 0x00, 0xFF, 0xFF, 0xE0, 0x00, 0xBF, 0xF8, 0x00, 0x00, 0x14, 0x00,
    0x00, 0x00, 0x00, 0x00, 0x00, 0x00, 0x01, 0xF8, 0x1F, 0xC0, 0x01, 0xFF, 0x0F, 0xF4, 0x00, 0xBF,
    0xC7, 0xFC, 0x00, 0x1F, 0xC0, 0xFD, 0x00, 0x00, 0x00, 0x04, 0x00, 0x00, 0x00, 0x00, 0x00, 0x00,
    0x00, 0x00, 0x00, 0x00, 0x00, 0x1A, 0x40, 0x00, 0x01, 0xFF, 0xFC, 0x00, 0x02, 0xFF, 0xFF, 0x80,
    0x02, 0xFE, 0x6F, 0xF0, 0x01, 0xFD, 0x03, 0xFC, 0x00, 0xFE, 0x01, 0xFE, 0x00, 0xBF, 0x00, 0xFF,
    0x00, 0x3F, 0x80, 0xBF, 0x40, 0x1F, 0xD1, 0xFF, 0x40, 0x0B, 0xFB, 0xFF, 0x40, 0x03, 0xFF, 0xFE,
    0x00, 0x00, 0xFF, 0xF4, 0x00, 0x00, 0x3F, 0xD0, 0x00, 0x90, 0x0F, 0xF4, 0x01, 0xFC, 0x03, 0xFF,
    0x57, 0xFE, 0x00, 0x7F, 0xFF, 0xFF, 0x00, 0x0F, 0xFF, 0xFE, 0x00, 0x00, 0xBF, 0xF8, 0x00, 0x00,
    0x01, 0x40, 0x00, 0x00, 0x00, 0x05, 0x40, 0x00, 0x00, 0x2F, 0xFF, 0x00, 0x00, 0x0B, 0xFF, 0xF4,
    0x00, 0x00, 0xBF, 0xFF, 0x00, 0x00, 0x00, 0x2F, 0xF0, 0x00, 0x00, 0xAB, 0xFF, 0xAF, 0xD0, 0x0F,
    0xFF, 0xFF, 0xFC, 0x00, 0xAB, 0xFE, 0xAA, 0x40, 0x00, 0xBF, 0x80, 0x00, 0x00, 0x0F, 0xF4, 0x01,
    0x00, 0x00, 0xFF, 0x07, 0xFE, 0x00, 0x0F, 0xF1, 0xFF, 0xF8, 0x01, 0xFE, 0x7F, 0xFF, 0xC0, 0x2F,
    0xEF, 0xDF, 0xFC, 0x03, 0xFF, 0xE0, 0xBF, 0xC0, 0x3F, 0xFC, 0x07, 0xFC, 0x07, 0xFF, 0x00, 0x7F,
    0xC0, 0xBF, 0xE0, 0x07, 0xFC, 0x0F, 0xFC, 0x00, 0x7F, 0xC0, 0xFF, 0xC0, 0x0B, 0xFC, 0x1F, 0xF4,
    0x00, 0xBF, 0xC1, 0xFF, 0x00, 0x0F, 0xF8, 0x2F, 0xF0, 0x00, 0xFF, 0x43, 0xFE, 0x00, 0x1F, 0xF0,
    0x3F, 0xD0, 0x02, 0xFF, 0x07, 0xFC, 0x00, 0x3F, 0xD0, 0x00, 0x00, 0x07, 0xFC, 0x00, 0x00, 0x00,
    0xFF, 0x40, 0x00, 0x00, 0x1F, 0xF0, 0x00, 0x2C, 0x07, 0xFC, 0x00, 0x07, 0xFA, 0xFF, 0x40, 0x00,
    0xBF, 0xFF, 0xD0, 0x00, 0x07, 0xFF, 0xF0, 0x00, 0x00, 0x1B, 0xE4, 0x00, 0x00, 0x00, 0x00, 0x00,
    0x00, 0x00, 0x00, 0x00, 0xA0, 0x00, 0x00, 0x01, 0xF8, 0x00, 0x00, 0x03, 0xFC, 0x00, 0x00, 0x0B,
    0xF8, 0x00, 0x00, 0x1F, 0xF0, 0x00, 0x00, 0x3F, 0xC0, 0x00, 0x00, 0x3E, 0x00, 0x00, 0x00, 0x28,
    0x00, 0x00, 0x00, 0x00, 0x00, 0x00, 0x00, 0x00, 0x00, 0x00, 0x05, 0xA4, 0x00, 0x00, 0xBF, 0xFF,
    0xC0, 0x03, 0xFF, 0xFF, 0xE0, 0x0B, 0xFE, 0xBF, 0xF0, 0x0F, 0xD0, 0x0F, 0xF0, 0x06, 0x00, 0x1F,
    0xF0, 0x00, 0x00, 0x7F, 0xF0, 0x00, 0x02, 0xFF, 0xC0, 0x00, 0x1F, 0xFF, 0x00, 0x01, 0xFF, 0xF8,
    0x00, 0x0B, 0xFF, 0x80, 0x00, 0x2F, 0xF8, 0x00, 0x00, 0x3F, 0xE0, 0x00, 0x80, 0x7F, 0xC0, 0x07,
    0xD0, 0x7F, 0xD0, 0x2F, 0xD0, 0x3F, 0xFF, 0xFF, 0x80, 0x2F, 0xFF, 0xFE, 0x00, 0x0B, 0xFF, 0xE0,
    0x00, 0x00, 0x14, 0x00, 0x00, 0x00, 0x00, 0x1A, 0x40, 0x00, 0x07, 0xFF, 0xFC, 0x00, 0x2F, 0xFF,
    0xFD, 0x00, 0xFF, 0xFF, 0xFD, 0x02, 0xFF, 0x00, 0xBC, 0x07, 0xFC, 0x00, 0x00, 0x0F, 0xF4, 0x00,
    0x00, 0x0F, 0xF0, 0x14, 0x00, 0x2F, 0xFF, 0xFE, 0x00, 0x3F, 0xFF, 0xFD, 0x00, 0x3F, 0xEA, 0xA8,
    0x00, 0x3F, 0xD0, 0x00, 0x00, 0x3F, 0xD0, 0x00, 0x10, 0x3F, 0xF0, 0x01, 0xF4, 0x2F, 0xF9, 0x5F,
    0xF0, 0x1F, 0xFF, 0xFF, 0xE0, 0x0B, 0xFF, 0xFF, 0x40, 0x02, 0xFF, 0xF8, 0x00, 0x00, 0x05, 0x00,
    0x00, 0x00, 0x00, 0x5A, 0x40, 0x00, 0x1F, 0xFF, 0xD0, 0x03, 0xFF, 0xFF, 0x80, 0x2F, 0xEA, 0xFE,
    0x01, 0xFF, 0x00, 0xB0, 0x0B, 0xFC, 0x00, 0x00, 0x1F, 0xFC, 0x00, 0x00, 0x3F, 0xFD, 0x00, 0x00,
    0x7F, 0xFD, 0x00, 0x00, 0x7F, 0xFD, 0x00, 0x00, 0x3F, 0xFC, 0x00, 0x00, 0x3F, 0xF8, 0x0F, 0x00,
    0x3F, 0xE0, 0xBF, 0x00, 0xBF, 0x83, 0xFF, 0x03, 0xFC, 0x0F, 0xFF, 0xFF, 0xE0, 0x1F, 0xFF, 0xFE,
    0x00, 0x0B, 0xFF, 0xD0, 0x00, 0x00, 0x50, 0x00, 0x00, 0x00, 0x00, 0x00, 0x01, 0xFD, 0x00, 0x3F,
    0xF0, 0x0B, 0xFF, 0x00, 0xBF, 0xD0, 0x07, 0xF8, 0x00, 0x00, 0x00, 0x00, 0x00, 0x00, 0x68, 0x02,
    0xFF, 0xF0, 0xBF, 0xFF, 0x0A, 0xBF, 0xE0, 0x02, 0xFD, 0x00, 0x3F, 0xC0, 0x07, 0xFC, 0x00, 0xBF,
    0x80, 0x0F, 0xF4, 0x00, 0xFF, 0x00, 0x1F, 0xF0, 0x03, 0xFE, 0x00, 0x3F, 0xD0, 0x07, 0xFC, 0x24,
    0x7F, 0xEF, 0x8B, 0xFF, 0xF4, 0xBF, 0xFE, 0x03, 0xFE, 0x40, 0x05, 0x00, 0x00, 0x00, 0x00, 0x00,
    0x01, 0xFC, 0x0F, 0xD0, 0xFF, 0x4B, 0xF8, 0x7F, 0xC3, 0xFD, 0x0F, 0xD0, 0xFE, 0x00, 0x40, 0x04,
    0x00, 0x00, 0x00, 0x00, 0x00, 0x00, 0x00, 0x00, 0x68, 0x00, 0x0B, 0xFF, 0xC0, 0x0B, 0xFF, 0xF0,
    0x02, 0xAF, 0xF8, 0x00, 0x02, 0xFD, 0x00, 0x00, 0xFF, 0x00, 0x00, 0x7F, 0xC0, 0x00, 0x2F, 0xE0,
    0x00, 0x0F, 0xF4, 0x00, 0x03, 0xFC, 0x00, 0x01, 0xFF, 0x00, 0x00, 0xFF, 0x80, 0x00, 0x3F, 0xD0,
    0x00, 0x1F, 0xF0, 0x90, 0x07, 0xFE, 0xF8, 0x02, 0xFF, 0xFD, 0x00, 0xBF, 0xFE, 0x00, 0x0F, 0xF9,
    0x00, 0x00, 0x50, 0x00, 0x00, 0x00, 0x00, 0x00, 0x00, 0x00, 0x00, 0x00, 0x00, 0x2F, 0xC0, 0x00,
    0x00, 0x02, 0xFF, 0x40, 0x00, 0x00, 0x0F, 0xFD, 0x00, 0x00, 0x00, 0x3F, 0xF0, 0x00, 0x00, 0x00,
    0xBF, 0x00, 0x00, 0x00, 0x00, 0x00, 0x00, 0x00, 0x00, 0x00, 0x00, 0x00, 0x00, 0x00, 0x59, 0x00,
    0x00, 0x00, 0x7F, 0xFD, 0x00, 0x00, 0x03, 0xFF, 0xF4, 0x00, 0x00, 0x0A, 0xFF, 0xD0, 0x00, 0x00,
    0x01, 0xFF, 0x00, 0x00, 0x00, 0x07, 0xFC, 0x00, 0x00, 0x00, 0x2F, 0xF0, 0x00, 0x00, 0x00, 0xFF,
    0x80, 0x00, 0x00, 0x03, 0xFD, 0x00, 0x00, 0x00, 0x1F, 0xF0, 0x00, 0x00, 0x00, 0xBF, 0xC0, 0x00,
    0x00, 0x03, 0xFE, 0x00, 0x00, 0x00, 0x0F, 0xF8, 0x00, 0x00, 0x00, 0x3F, 0xD0, 0x00, 0x00, 0x01,
    0xFF, 0x00, 0x00, 0x00, 0x0B, 0xFC, 0x00, 0x00, 0x00, 0x3F, 0xE0, 0x00, 0x00, 0x00, 0xFF, 0x00,
    0x00, 0x00, 0x0B, 0xFC, 0x00, 0x00, 0x00, 0x3F, 0xE0, 0x00, 0x04, 0x01, 0xFF, 0x00, 0x00, 0xF8,
    0x1F, 0xF8, 0x00, 0x07, 0xFF, 0xFF, 0xC0, 0x00, 0x1F, 0xFF, 0xFC, 0x00, 0x00, 0x3F, 0xFF, 0x80,
    0x00, 0x00, 0x1A, 0x90, 0x00, 0x00, 0x00, 0x00, 0x00, 0x00, 0x1A, 0xA5, 0x00, 0x00, 0x00, 0x00,
    0x0B, 0xFF, 0xF8, 0x00, 0x00, 0x00, 0x00, 0xFF, 0xFF, 0xD0, 0x00, 0x00, 0x00, 0x0B, 0xFE, 0xFF,
    0x00, 0x00, 0x00, 0x00, 0x3F, 0x43, 0xF8, 0x00, 0x00, 0x00, 0x02, 0xF8, 0x2F, 0xD0, 0x00, 0x00,
    0x00, 0x0F, 0xC0, 0xFF, 0x00, 0x00, 0x00, 0x00, 0x7F, 0x03, 0xFD, 0xFF, 0x80, 0x00, 0x03, 0xF4,
    0x1F, 0xFF, 0xFF, 0xC0, 0x00, 0x0F, 0xC0, 0xBF, 0xFB, 0xFF, 0x80, 0x00, 0x7F, 0x03, 0xFC, 0x01,
    0xFF, 0x00, 0x03, 0xF4, 0x0F, 0xF0, 0x03, 0xFC, 0x00, 0x1F, 0xC0, 0x3F, 0xC0, 0x0F, 0xF0, 0x40,
    0xFE, 0x01, 0xFF, 0x00, 0x7F, 0x83, 0xEF, 0xF0, 0x03, 0xFC, 0x03, 0xFC, 0x0F, 0xFF, 0x80, 0x0F,
    0xFE, 0xFF, 0xE0, 0x3F, 0xFC, 0x00, 0x1F, 0xFF, 0xFD, 0x00, 0xFF, 0x80, 0x00, 0x1F, 0xFF, 0x80,
    0x00, 0x10, 0x00, 0x00, 0x01, 0x40, 0x00, 0x00, 0x00, 0x64, 0x00, 0x15, 0x00, 0x00, 0x2F, 0xFF,
    0x00, 0xBF, 0x80, 0x00, 0xFF, 0xFF, 0x00, 0xFF, 0x80, 0x00, 0xAB, 0xFF, 0x00, 0xFF, 0x40, 0x00,
    0x02, 0xFE, 0x01, 0xFF, 0x00, 0x00, 0x03, 0xFD, 0x02, 0xFF, 0x00, 0x00, 0x03, 0xFD, 0x03, 0xFE,
    0x00, 0x00, 0x07, 0xFD, 0x57, 0xFE, 0xBF, 0x90, 0x0B, 0xFF, 0xFF, 0xFF, 0xFF, 0xF4, 0x0F, 0xFF,
    0xFF, 0xFF, 0xAF, 0xFC, 0x0F, 0xFA, 0xAF, 0xF8, 0x03, 0xFD, 0x1F, 0xF0, 0x0B, 0xF4, 0x02, 0xFD,
    0x1F, 0xF0, 0x0F, 0xF4, 0x02, 0xFD, 0x2F, 0xF0, 0x0F, 0xF4, 0x03, 0xFC, 0x3F, 0xE0, 0x0F, 0xF8,
    0x0B, 0xF8, 0x3F, 0xD0, 0x0B, 0xFF, 0xBF, 0xF0, 0x7F, 0xC0, 0x03, 0xFF, 0xFF, 0xC0, 0xBF, 0x80,
    0x00, 0xBF, 0xFD, 0x00, 0x00, 0x00, 0x00, 0x05, 0x00, 0x00, 0x00, 0x05, 0x40, 0x00, 0x00, 0x0B,
    0xFF, 0xC0, 0x00, 0x00, 0xBF, 0xFF, 0x40, 0x00, 0x02, 0xFF, 0xFC, 0x00, 0x00, 0x00, 0x2F, 0xF0,
    0x00, 0x00, 0x2A, 0xFF, 0xEB, 0xF4, 0x00, 0xFF, 0xFF, 0xFF, 0xC0, 0x02, 0xAF, 0xFA, 0xA9, 0x00,
    0x00, 0xBF, 0xC0, 0x00, 0x00, 0x03, 0xFD, 0x00, 0x00, 0x00, 0x0F, 0xF0, 0x2F, 0xF0, 0x00, 0x3F,
    0xC7, 0xFF, 0xF0, 0x01, 0xFE, 0x7F, 0xFF, 0xC0, 0x0B, 0xF7, 0xF6, 0xFF, 0x00, 0x3F, 0xFE, 0x07,
    0xFC, 0x00, 0xFF, 0xF0, 0x2F, 0xE0, 0x07, 0xFF, 0x00, 0xFF, 0x40, 0x2F, 0xF8, 0x03, 0xFC, 0x00,
    0xFF, 0xC0, 0x1F, 0xF0, 0x03, 0xFF, 0x00, 0xBF, 0x80, 0x1F, 0xF4, 0x03, 0xFD, 0x00, 0x7F, 0xC0,
    0x0F, 0xF0, 0x92, 0xFF, 0x00, 0x7F, 0xEF, 0xCF, 0xF8, 0x02, 0xFF, 0xFE, 0x3F, 0xD0, 0x07, 0xFF,
    0xE1, 0xFF, 0x00, 0x0F, 0xFD, 0x00, 0x00, 0x00, 0x05, 0x00, 0x00, 0x00, 0x00, 0x00, 0x00, 0x00,
    0x00, 0x00, 0x03, 0x80, 0x00, 0x00, 0x00, 0x7E, 0x00, 0x00, 0x00, 0x0F, 0xF0, 0x00, 0x00, 0x02,
    0xFE, 0x00, 0x00, 0x00, 0x7F, 0xC0, 0x00, 0x00, 0x0F, 0xF0, 0x00, 0x00, 0x00, 0xF8, 0x00, 0x00,
    0x00, 0x0A, 0x00, 0x00, 0x00, 0x00, 0x00, 0x00, 0x00, 0x00, 0x00, 0x00, 0x00, 0x06, 0x80, 0x00,
    0xA0, 0x2F, 0xFE, 0x00, 0xBF, 0xCF, 0xFF, 0xE0, 0x3F, 0xFC, 0xAB, 0xFE, 0x0F, 0xFF, 0xC0, 0x2F,
    0xD3, 0xFE, 0x14, 0x03, 0xFC, 0xBF, 0x00, 0x00, 0x3F, 0x8F, 0xC0, 0x00, 0x07, 0xF7, 0xF0, 0x00,
    0x00, 0xBF, 0xBF, 0x00, 0x00, 0x0F, 0xFF, 0xF4, 0x00, 0x00, 0xFF, 0xFF, 0xC0, 0x00, 0x1F, 0xF2,
    0xFD, 0x00, 0x01, 0xFF, 0x1F, 0xE0, 0x00, 0x2F, 0xE0, 0xFF, 0x43, 0x83, 0xFE, 0x0B, 0xFE, 0xFC,
    0x3F, 0xD0, 0x3F, 0xFF, 0x47, 0xFC, 0x02, 0xFF, 0xE0, 0xBF, 0x80, 0x0F, 0xF4, 0x00, 0x00, 0x00,
    0x10, 0x00, 0x00, 0x00, 0x10, 0x00, 0x00, 0x00, 0x00, 0xF4, 0x00, 0x00, 0x00, 0x02, 0xFC, 0x00,
    0x00, 0x00, 0x02, 0xFE, 0x00, 0x00, 0x00, 0x00, 0xFF, 0x40, 0x00, 0x00, 0x00, 0x7F, 0xC0, 0x00,
    0x00, 0x00, 0x0F, 0xE0, 0x00, 0x00, 0x00, 0x02, 0xD0, 0x00, 0x00, 0x00, 0x00, 0x00, 0x00, 0x00,
    0x00, 0x00, 0x00, 0x00, 0x00, 0x59, 0x00, 0x01, 0x54, 0x1F, 0xFF, 0x40, 0x0F, 0xF4, 0x3F, 0xFF,
    0x80, 0x2F, 0xF0, 0x2A, 0xFF, 0x80, 0x2F, 0xF0, 0x00, 0xFF, 0x40, 0x3F, 0xE0, 0x00, 0xFF, 0x00,
    0x3F, 0xD0, 0x01, 0xFF, 0x00, 0x7F, 0xC0, 0x02, 0xFE, 0x00, 0xBF, 0xC0, 0x03, 0xFD, 0x00, 0xFF,
    0x80, 0x07, 0xFC, 0x01, 0xFF, 0x40, 0x0B, 0xFC, 0x03, 0xFF, 0x00, 0x0F, 0xF4, 0x0B, 0xFF, 0x00,
    0x0F, 0xF0, 0x1F, 0xFF, 0x00, 0x1F, 0xF0, 0x7E, 0xFF, 0x1D, 0x1F, 0xF6, 0xFC, 0xFF, 0xFE, 0x1F,
    0xFF, 0xF0, 0xFF, 0xFC, 0x1F, 0xFF, 0xC0, 0xFF, 0xF4, 0x0B, 0xFE, 0x00, 0x7F, 0x80, 0x00, 0x50,
    0x00, 0x04, 0x00, 0x00, 0x00, 0x00, 0x00, 0x00, 0x00, 0x00, 0x00, 0x00, 0x00, 0x30, 0x00, 0x00,
    0x0B, 0xC0, 0x07, 0x40, 0x00, 0x01, 0xFC, 0x00, 0xF0, 0x00, 0x00, 0x1F, 0xE0, 0x7F, 0x00, 0x00,
    0x00, 0xFF, 0xFF, 0xC0, 0x00, 0x00, 0x07, 0xFF, 0xE0, 0x00, 0x00, 0x00, 0x05, 0x50, 0x00, 0x00,
    0x00, 0x00, 0x00, 0x00, 0x00, 0x00, 0x05, 0x80, 0x01, 0xA0, 0x00, 0x0B, 0xFF, 0x00, 0xFF, 0xD0,
    0x01, 0xFF, 0xF8, 0x07, 0xFE, 0x00, 0x1B, 0xFF, 0xC0, 0x3F, 0xF0, 0x00, 0x07, 0xFC, 0x02, 0xFE,
    0x00, 0x00, 0x3F, 0xD0, 0x2F, 0xE0, 0x00, 0x03, 0xFD, 0x03, 0xFD, 0x00, 0x00, 0x2F, 0xE0, 0x3F,
    0xC0, 0x00, 0x01, 0xFE, 0x07, 0xF8, 0x00, 0x00, 0x0F, 0xF0, 0xBF, 0x00, 0x00, 0x00, 0xFF, 0x0F,
    0xE0, 0x00, 0x00, 0x0F, 0xF1, 0xFC, 0x00, 0x00, 0x00, 0xFF, 0x3F, 0x80, 0x00, 0x00, 0x0F, 0xF7,
    0xF0, 0x00, 0x00, 0x00, 0xBF, 0xFD, 0x00, 0x00, 0x00, 0x0B, 0xFF, 0x80, 0x00, 0x00, 0x00, 0xBF,
    0xF0, 0x00, 0x00, 0x00, 0x0F, 0xFC, 0x00, 0x00, 0x00, 0x00, 0xFF, 0x40, 0x00, 0x00, 0x00, 0x2F,
    0xD0, 0x00, 0x00, 0x00, 0x07, 0xF4, 0x00, 0x00, 0x3D, 0x06, 0xFD, 0x00, 0x00, 0x07, 0xFF, 0xFF,
    0x40, 0x00, 0x00, 0xBF, 0xFF, 0xD0, 0x00, 0x00, 0x03, 0xFF, 0xE0, 0x00, 0x00, 0x00, 0x0B, 0xA0,
    0x00, 0x00, 0x00, 0x00, 0x00, 0x59, 0x00, 0x01, 0x54, 0x1F, 0xFF, 0x40, 0x0F, 0xF4, 0x3F, 0xFF,
    0x80, 0x2F, 0xF0, 0x2A, 0xFF, 0x80, 0x2F, 0xF0, 0x00, 0xFF, 0x40, 0x3F, 0xE0, 0x00, 0xFF, 0x00,
    0x3F, 0xD0, 0x01, 0xFF, 0x00, 0x7F, 0xC0, 0x02, 0xFE, 0x00, 0xBF, 0xC0, 0x03, 0xFD, 0x00, 0xFF,
    0x80, 0x07, 0xFC, 0x01, 0xFF, 0x40, 0x0B, 0xFC, 0x03, 0xFF, 0x00, 0x0F, 0xF4, 0x0B, 0xFF, 0x00,
    0x0F, 0xF0, 0x1F, 0xFF, 0x00, 0x1F, 0xF0, 0x7E, 0xFF, 0x1D, 0x1F, 0xF6, 0xFC, 0xFF, 0xFE, 0x1F,
    0xFF, 0xF0, 0xFF, 0xFC, 0x1F, 0xFF, 0xC0, 0xFF, 0xF4, 0x0B, 0xFE, 0x2D, 0x7F, 0x80, 0x00, 0x50,
    0x7C, 0x04, 0x00, 0x00, 0x00, 0xBC, 0x00, 0x00, 0x00, 0x00, 0xFC, 0x00, 0x00, 0x00, 0x01, 0xFC,
    0x00, 0x00, 0x00, 0x0B, 0xF4, 0x00, 0x00, 0x00, 0x1F, 0xD0, 0x00, 0x00, 0x00, 0x00, 0x00, 0x00,
    0x00, 0x00, 0x1F, 0xFF, 0xFE, 0x00, 0x00, 0x0F, 0xFF, 0xFF, 0x80, 0x00, 0x01, 0xBF, 0xFE, 0x40,
    0x00, 0x00, 0x07, 0xFD, 0x00, 0x00, 0x15, 0x57, 0xFF, 0x95, 0x54, 0x0F, 0xFF, 0xFF, 0xFF, 0xFF,
    0x07, 0xFF, 0xFF, 0xFF, 0xFF, 0x82, 0xFD, 0x6F, 0xF9, 0x5F, 0xD0, 0xFD, 0x0B, 0xFD, 0x03, 0xF0,
    0x3F, 0x02, 0xFF, 0x00, 0xFC, 0x07, 0x80, 0xFF, 0xC0, 0x3C, 0x00, 0x00, 0x3F, 0xE0, 0x00, 0x00,
    0x00, 0x1F, 0xF8, 0x00, 0x00, 0x00, 0x0B, 0xFF, 0xFF, 0x90, 0x00, 0x03, 0xFF, 0xFF, 0xFF, 0x00,
    0x00, 0xFF, 0xEF, 0xFF, 0xF0, 0x00, 0x3F, 0xE0, 0x0F, 0xFE, 0x00, 0x1F, 0xF4, 0x00, 0xFF, 0xC0,
    0x0B, 0xFC, 0x00, 0x3F, 0xF0, 0x03, 0xFF, 0x00, 0x0F, 0xFC, 0x00, 0xFF, 0x80, 0x03, 0xFF, 0x00,
    0x3F, 0xE0, 0x02, 0xFF, 0x40, 0x1F, 0xF4, 0x02, 0xFF, 0xC0, 0x6F, 0xFF, 0xFF, 0xFF, 0xC0, 0xBF,
    0xFF, 0xFF, 0xFF, 0x80, 0x3F, 0xFF, 0xFF, 0xF9, 0x00, 0x00, 0x00, 0x00, 0x00, 0x00, 0x00, 0x00,
    0x64, 0x00, 0x68, 0x00, 0x00, 0x2F, 0xFE, 0x07, 0xFF, 0x00, 0x00, 0xFF, 0xFE, 0x2F, 0xFF, 0x80,
    0x00, 0xAB, 0xFE, 0xBF, 0xFF, 0x80, 0x00, 0x02, 0xFE, 0xF8, 0xFF, 0x80, 0x00, 0x03, 0xFF, 0xE0,
    0xFF, 0x40, 0x00, 0x03, 0xFF, 0xC0, 0xFF, 0x00, 0x00, 0x07, 0xFF, 0x00, 0xFF, 0x6F, 0xE0, 0x0B,
    0xFE, 0x01, 0xFF, 0xFF, 0xFC, 0x0F, 0xFC, 0x02, 0xFF, 0xEF, 0xFD, 0x0F, 0xF8, 0x03, 0xFC, 0x02,
    0xFE, 0x1F, 0xF4, 0x03, 0xFC, 0x00, 0xFF, 0x1F, 0xF0, 0x03, 0xFC, 0x00, 0xFE, 0x2F, 0xF0, 0x07,
    0xFC, 0x01, 0xFD, 0x3F, 0xE0, 0x03, 0xFC, 0x07, 0xFC, 0x3F, 0xD0, 0x03, 0xFF, 0xBF, 0xF4, 0x7F,
    0xC0, 0x01, 0xFF, 0xFF, 0xD0, 0xBF, 0x80, 0x00, 0x7F, 0xFE, 0x00, 0x00, 0x00, 0x00, 0x01, 0x40,
    0x00, 0x00, 0x00, 0x00, 0x55, 0x40, 0x00, 0x00, 0x00, 0x2F, 0xFF, 0xF8, 0x00, 0x00, 0x02, 0xFF,
    0xFF, 0xFF, 0x40, 0x00, 0x0F, 0xFF, 0xFF, 0xFF, 0xD0, 0x00, 0x3F, 0xFE, 0x02, 0xFF, 0xF0, 0x00,
    0xFF, 0xF0, 0x00, 0x7F, 0xF8, 0x02, 0xFF, 0xC0, 0x00, 0x2F, 0xFC, 0x03, 0xFF, 0x00, 0x00, 0x0F,
    0xFC, 0x0B, 0xFE, 0x00, 0x00, 0x0F, 0xFD, 0x0F, 0xFC, 0x00, 0x00, 0x0F, 0xFD, 0x1F, 0xFC, 0x00,
    0x00, 0x0F, 0xFD, 0x2F, 0xFF, 0xFF, 0xFF, 0xFF, 0xFD, 0x3F, 0xFF, 0xFF, 0xFF, 0xFF, 0xFC, 0x3F,
    0xFF, 0xFF, 0xFF, 0xFF, 0xFC, 0x3F, 0xF0, 0x00, 0x00, 0x2F, 0xF8, 0x3F, 0xF4, 0x00, 0x00, 0x3F,
    0xF4, 0x3F, 0xF4, 0x00, 0x00, 0x7F, 0xF0, 0x3F, 0xF8, 0x00, 0x00, 0xFF, 0xD0, 0x2F, 0xFC, 0x00,
    0x02, 0xFF, 0xC0, 0x0F, 0xFE, 0x00, 0x0B, 0xFF, 0x00, 0x0B, 0xFF, 0xD5, 0xBF, 0xFD, 0x00, 0x03,
    0xFF, 0xFF, 0xFF, 0xF0, 0x00, 0x00, 0xFF, 0xFF, 0xFF, 0x80, 0x00, 0x00, 0x1F, 0xFF, 0xF8, 0x00,
    0x00, 0x00, 0x00, 0x14, 0x00, 0x00, 0x00, 0x00, 0x00, 0x1A, 0x40, 0x00, 0x01, 0xFF, 0xFE, 0x00,
    0x02, 0xFF, 0xFF, 0xE0, 0x03, 0xFF, 0xAF, 0xFD, 0x02, 0xFF, 0x00, 0xFF, 0x81, 0xFF, 0x00, 0x2F,
    0xF0, 0xFF, 0x80, 0x07, 0xFC, 0x3F, 0xC0, 0x01, 0xFF, 0x2F, 0xFF, 0xFF, 0xFF, 0xCF, 0xFF, 0xFF,
    0xFF, 0xE3, 0xFF, 0xAA, 0xAF, 0xF4, 0xFF, 0x40, 0x03, 0xFC, 0x3F, 0xD0, 0x02, 0xFE, 0x0F, 0xF8,
    0x01, 0xFF, 0x02, 0xFF, 0x01, 0xFF, 0x40, 0x7F, 0xFF, 0xFF, 0x40, 0x0B, 0xFF, 0xFF, 0x40, 0x00,
    0x7F, 0xFE, 0x00, 0x00, 0x00, 0x50, 0x00, 0x00, 0x00, 0x00, 0x00, 0x00, 0x00, 0x54, 0x1F, 0xFF,
    0xFE, 0x00, 0x01, 0xFF, 0xCB, 0xFF, 0xFF, 0x80, 0x02, 0xFF, 0xF5, 0xFF, 0xFF, 0x40, 0x01, 0xFF,
    0xFD, 0x0B, 0xFE, 0x00, 0x00, 0xFF, 0xFF, 0x01, 0xFF, 0x80, 0x00, 0xFF, 0xC2, 0x40, 0x3F, 0xF0,
    0x00, 0x7F, 0xC0, 0x00, 0x0F, 0xFC, 0x00, 0x3F, 0xD0, 0x00, 0x03, 0xFF, 0x00, 0x1F, 0xE0, 0x00,
    0x00, 0xBF, 0xC0, 0x0B, 0xF0, 0x00, 0x00, 0x1F, 0xF0, 0x03, 0xF8, 0x00, 0x00, 0x03, 0xFD, 0x02,
    0xFC, 0x00, 0x00, 0x00, 0xFF, 0x40, 0xFE, 0x00, 0x00, 0x00, 0x3F, 0xE0, 0x7F, 0x00, 0x00, 0x00,
    0x0B, 0xF8, 0x3F, 0x80, 0x00, 0x00, 0x02, 0xFF, 0x1F, 0xC0, 0x00, 0x00, 0x00, 0x7F, 0xCB, 0xE0,
    0x00, 0x00, 0x00, 0x0F, 0xF3, 0xF0, 0x00, 0x00, 0x00, 0x03, 0xFF, 0xF8, 0x00, 0x00, 0x00, 0x00,
    0xFF, 0xFC, 0x00, 0x00, 0x00, 0x00, 0x2F, 0xFE, 0x00, 0x00, 0x00, 0x00, 0x07, 0xFF, 0x00, 0x00,
    0x00, 0x00, 0x01, 0xFF, 0x80, 0x00, 0x00, 0x00, 0x00, 0x3F, 0xC0, 0x00, 0x00, 0x00, 0x00, 0x00,
    0x00, 0x00, 0x00, 0x00, 0x00, 0x00, 0x59, 0x00, 0x00, 0x19, 0x07, 0xFF, 0xD0, 0x00, 0x7F, 0xD3,
    0xFF, 0xF8, 0x00, 0x7F, 0xF8, 0xAB, 0xFE, 0x00, 0x3F, 0xFD, 0x00, 0xFF, 0xC0, 0x3F, 0xE6, 0x00,
    0x3F, 0xF0, 0x2F, 0xD0, 0x00, 0x0F, 0xFC, 0x0F, 0xE0, 0x00, 0x02, 0xFF, 0x0F, 0xF0, 0x00, 0x00,
    0xBF, 0x87, 0xF0, 0x00, 0x00, 0x2F, 0xE3, 0xF4, 0x00, 0x00, 0x07, 0xF9, 0xF8, 0x00, 0x00, 0x01,
    0xFE, 0xFC, 0x00, 0x00, 0x00, 0x7F, 0xFD, 0x00, 0x00, 0x00, 0x1F, 0xFF, 0x00, 0x00, 0x00, 0x07,
    0xFF, 0x00, 0x00, 0x00, 0x01, 0xFF, 0x80, 0x00, 0x00, 0x00, 0x3F, 0xC0, 0x00, 0x00, 0x00, 0x0F,
    0xD0, 0x00, 0x00, 0x00, 0x00, 0x00, 0x00, 0x00, 0x00, 0x00, 0x00, 0x00, 0x00, 0x00, 0x00, 0x00,
    0x00, 0x00, 0x00, 0x00, 0x00, 0x00, 0xE0, 0x00, 0x00, 0x00, 0x00, 0x3F, 0x00, 0x1E, 0x00, 0x00,
    0x00, 0x00, 0x0B, 0xF0, 0x07, 0xD0, 0x00, 0x00, 0x00, 0x00, 0xBF, 0xD6, 0xFC, 0x00, 0x00, 0x00,
    0x00, 0x03, 0xFF, 0xFF, 0x00, 0x00, 0x00, 0x00, 0x00, 0x0B, 0xFF, 0x40, 0x00, 0x00, 0x00, 0x00,
    0x00, 0x00, 0x00, 0x00, 0x00, 0x00, 0x00, 0x00, 0x00, 0x00, 0x00, 0x00, 0x00, 0x00, 0x00, 0x00,
    0x00, 0x00, 0x00, 0x00, 0x00, 0x0F, 0xFF, 0xFF, 0x02, 0xFF, 0xFF, 0xE0, 0x02, 0xFF, 0xFF, 0xE0,
    0x3F, 0xFF, 0xFD, 0x00, 0x1F, 0xFF, 0xF8, 0x02, 0xFF, 0xFF, 0x40, 0x00, 0x0F, 0xFC, 0x00, 0x02,
    0xFF, 0x40, 0x00, 0x01, 0xFF, 0x80, 0x00, 0x3F, 0xF0, 0x00, 0x00, 0x2F, 0xF4, 0x00, 0x0B, 0xFF,
    0x00, 0x00, 0x03, 0xFF, 0x00, 0x03, 0xFF, 0xE0, 0x00, 0x00, 0x3F, 0xF0, 0x00, 0xFF, 0xFD, 0x00,
    0x00, 0x07, 0xFE, 0x00, 0x7F, 0xFF, 0xD0, 0x00, 0x00, 0x7F, 0xD0, 0x1F, 0xFF, 0xFC, 0x00, 0x00,
    0x0B, 0xFC, 0x0B, 0xF8, 0xFF, 0xC0, 0x00, 0x00, 0xFF, 0xC2, 0xFE, 0x1F, 0xF8, 0x00, 0x00, 0x0F,
    0xFC, 0xFF, 0x42, 0xFF, 0x40, 0x00, 0x01, 0xFF, 0xFF, 0xD0, 0x3F, 0xF0, 0x00, 0x00, 0x2F, 0xFF,
    0xF0, 0x03, 0xFF, 0x00, 0x00, 0x03, 0xFF, 0xFC, 0x00, 0x3F, 0xF0, 0x00, 0x00, 0x3F, 0xFE, 0x00,
    0x07, 0xFE, 0x00, 0x00, 0x03, 0xFF, 0x80, 0x00, 0xBF, 0xD0, 0x00, 0x00, 0x7F, 0xE0, 0x00, 0x0F,
    0xFC, 0x00, 0x00, 0x0B, 0xFD, 0x00, 0x00, 0xFF, 0xC0, 0x00, 0x07, 0xFF, 0xF9, 0x00, 0xBF, 0xFF,
    0xE0, 0x02, 0xFF, 0xFF, 0xE0, 0x3F, 0xFF, 0xFF, 0x00, 0x3F, 0xFF, 0xFD, 0x07, 0xFF, 0xFF, 0xF0,
    0x00, 0x00, 0x00, 0x00, 0x00, 0x03, 0xFD, 0x00, 0x00, 0x00, 0x00, 0x00, 0x00, 0x3F, 0xC0, 0x00,
    0x00, 0x00, 0x00, 0x00, 0x03, 0xF8, 0x00, 0x00, 0x00, 0x00, 0x00, 0x00, 0x3F, 0x40, 0x00, 0x00,
    0x00, 0x00, 0x00, 0x03, 0xF0, 0x00, 0x00, 0x00, 0x00, 0x00, 0x00, 0x7D, 0x00, 0x00, 0x00, 0x00,
    0x00, 0x00, 0x02, 0x80, 0x00, 0x00, 0x00, 0x00, 0x00, 0x00, 0x00, 0x00, 0x00, 0x00, 0xC0, 0x00,
    0x02, 0xF0, 0x01, 0xD0, 0x00, 0x07, 0xF0, 0x03, 0xD0, 0x00, 0x07, 0xF8, 0x1F, 0xC0, 0x00, 0x03,
    0xFF, 0xFF, 0x00, 0x00, 0x01, 0xFF, 0xF8, 0x00, 0x00, 0x00, 0x15, 0x40, 0x00, 0x00, 0x00, 0x00,
    0x00, 0x00, 0x00, 0x59, 0x00, 0x01, 0x54, 0x1F, 0xFF, 0x40, 0x0F, 0xF4, 0x3F, 0xFF, 0x80, 0x2F,
    0xF0, 0x2A, 0xFF, 0x80, 0x2F, 0xF0, 0x00, 0xFF, 0x40, 0x3F, 0xE0, 0x00, 0xFF, 0x00, 0x3F, 0xD0,
    0x01, 0xFF, 0x00, 0x7F, 0xC0, 0x02, 0xFE, 0x00, 0xBF, 0xC0, 0x03, 0xFD, 0x00, 0xFF, 0x80, 0x07,
    0xFC, 0x01, 0xFF, 0x40, 0x0B, 0xFC, 0x03, 0xFF, 0x00, 0x0F, 0xF4, 0x0B, 0xFF, 0x00, 0x0F, 0xF0,
    0x1F, 0xFE, 0x04, 0x1F, 0xF0, 0x7E, 0xFE, 0x2D, 0x1F, 0xF6, 0xFC, 0xFF, 0xFD, 0x1F, 0xFF, 0xF0,
    0xFF, 0xFD, 0x1F, 0xFF, 0xC0, 0xFF, 0xFC, 0x0B, 0xFE, 0x00, 0xBF, 0xF8, 0x00, 0x50, 0x00, 0x13,
    0xF0, 0x00, 0x00, 0x00, 0x07, 0xE0, 0x00, 0x00, 0x00, 0x0F, 0xC0, 0x00, 0x00, 0x00, 0x1F, 0x40,
    0x00, 0x00, 0x00, 0x3E, 0x00, 0x00, 0x00, 0x00, 0x38, 0x00, 0x00, 0x00, 0x00, 0x00, 0x00, 0x00,
    0x0F, 0xFF, 0xFF, 0x00, 0x00, 0x0B, 0xFF, 0xFF, 0xC0, 0x00, 0x01, 0xFF, 0xFF, 0x80, 0x00, 0x00,
    0x03, 0xFE, 0x00, 0x00, 0x00, 0x01, 0xFF, 0x40, 0x00, 0x00, 0x2F, 0xFF, 0xFF, 0xD0, 0x00, 0x0F,
    0xFF, 0xFF, 0xF0, 0x00, 0x01, 0x5F, 0xFD, 0x54, 0x00, 0x00, 0x07, 0xFD, 0x00, 0x00, 0x00, 0x01,
    0xFF, 0x90, 0x00, 0x00, 0x00, 0xBF, 0xFF, 0xFD, 0x00, 0x00, 0x3F, 0xFF, 0xFF, 0xF0, 0x00, 0x0F,
    0xFE, 0xBF, 0xFF, 0x00, 0x07, 0xFD, 0x00, 0xFF, 0xE0, 0x02, 0xFF, 0x00, 0x0F, 0xFC, 0x00, 0xFF,
    0xC0, 0x03, 0xFF, 0x00, 0x3F, 0xF0, 0x00, 0xFF, 0xC0, 0x0F, 0xF8, 0x00, 0x3F, 0xE0, 0x07, 0xFD,
    0x00, 0x2F, 0xF0, 0x02, 0xFF, 0x00, 0x2F, 0xF8, 0x07, 0xFF, 0xFF, 0xFF, 0xF8, 0x0B, 0xFF, 0xFF,
    0xFF, 0xF4, 0x03, 0xFF, 0xFF, 0xFF, 0x90, 0x00, 0x00, 0x00, 0x00, 0x00, 0x00, 0x00, 0x05, 0x40,
    0x00, 0x1B, 0xFF, 0x40, 0x00, 0xFF, 0xFD, 0x00, 0x03, 0xFF, 0xF0, 0x00, 0x00, 0x3F, 0xC0, 0x00,
    0x01, 0xFE, 0x00, 0x00, 0x0F, 0xF4, 0x00, 0x0F, 0xFF, 0xFF, 0x80, 0x7F, 0xFF, 0xFD, 0x00, 0x0B,
    0xF4, 0x00, 0x00, 0x3F, 0xC0, 0x00, 0x01, 0xFF, 0x00, 0x00, 0x0B, 0xF8, 0x00, 0x00, 0x3F, 0xEB,
    0xFD, 0x00, 0xFF, 0xFF, 0xFE, 0x07, 0xFF, 0xAF, 0xFD, 0x2F, 0xE0, 0x0F, 0xF8, 0xFF, 0x40, 0x1F,
    0xE3, 0xFC, 0x00, 0x7F, 0x8F, 0xF0, 0x02, 0xFD, 0x3F, 0xD0, 0x1F, 0xF0, 0xBF, 0xFB, 0xFF, 0x00,
    0xFF, 0xFF, 0xF0, 0x00, 0xBF, 0xFD, 0x00, 0x00, 0x15, 0x00, 0x00, 0x00, 0x00, 0x05, 0x55, 0x00,
    0x00, 0x00, 0x2F, 0xFF, 0xFF, 0xE0, 0x00, 0x07, 0xFF, 0xFF, 0xFF, 0xF4, 0x00, 0x2F, 0xFF, 0xFF,
    0xFF, 0xF0, 0x00, 0x65, 0xFF, 0x81, 0xFF, 0xE0, 0x00, 0x07, 0xFD, 0x00, 0xFF, 0xC0, 0x00, 0x2F,
    0xF0, 0x03, 0xFF, 0x00, 0x00, 0xFF, 0xC0, 0x0B, 0xFC, 0x00, 0x03, 0xFF, 0x00, 0x2F, 0xF0, 0x00,
    0x1F, 0xF8, 0xF0, 0xFF, 0x80, 0x00, 0x7F, 0xD3, 0xE3, 0xFD, 0x00, 0x02, 0xFF, 0x0B, 0xFF, 0xE0,
    0x00, 0x0F, 0xFC, 0x1F, 0xFE, 0x00, 0x00, 0x3F, 0xFF, 0xFF, 0xD0, 0x00, 0x01, 0xFF, 0xFF, 0xFD,
    0x00, 0x00, 0x0B, 0xFF, 0xA4, 0xF8, 0x00, 0x00, 0x3F, 0xF0, 0x02, 0xF0, 0x00, 0x00, 0xFF, 0xC0,
    0x03, 0x40, 0x00, 0x03, 0xFE, 0x00, 0x00, 0x00, 0x00, 0x1F, 0xF8, 0x00, 0x00, 0x00, 0x00, 0xBF,
    0xD0, 0x00, 0x00, 0x00, 0x1F, 0xFF, 0xF8, 0x00, 0x00, 0x02, 0xFF, 0xFF, 0xF4, 0x00, 0x00, 0x0F,
    0xFF, 0xFF, 0xC0, 0x00, 0x00, 0x00, 0x01, 0x64, 0x01, 0xA4, 0x00, 0x1F, 0xFF, 0x43, 0xFF, 0xC0,
    0x0F, 0xFF, 0xD3, 0xFF, 0xF4, 0x02, 0xAF, 0xF7, 0xFF, 0xFE, 0x00, 0x03, 0xFF, 0xF4, 0xFF, 0xC0,
    0x00, 0xFF, 0xF0, 0x2F, 0xF0, 0x00, 0x7F, 0xF4, 0x0B, 0xFC, 0x00, 0x1F, 0xF8, 0x02, 0xFF, 0x00,
    0x0B, 0xFC, 0x00, 0xFF, 0x80, 0x03, 0xFE, 0x00, 0x3F, 0xD0, 0x00, 0xFF, 0x00, 0x0F, 0xF0, 0x00,
    0x7F, 0xCB, 0x87, 0xF8, 0x00, 0x2F, 0xE2, 0xF2, 0xFD, 0x00, 0x0F, 0xF4, 0x3E, 0xFE, 0x00, 0x03,
    0xFE, 0x0B, 0xFF, 0x00, 0x01, 0xFF, 0xFB, 0xFF, 0x40, 0x00, 0xBF, 0xFF, 0xFF, 0x40, 0x00, 0x3F,
    0xFF, 0xFF, 0xC0, 0x00, 0x0F, 0xF4, 0x14, 0xF8, 0x00, 0x03, 0xFC, 0x00, 0x1F, 0x00, 0x01, 0xFF,
    0x00, 0x03, 0x80, 0x00, 0xBF, 0xC0, 0x00, 0x00, 0x00, 0x3F, 0xF4, 0x00, 0x00, 0x00, 0xBF, 0xFF,
    0xF0, 0x00, 0x00, 0x3F, 0xFF, 0xFC, 0x00, 0x00, 0x05, 0x55, 0x55, 0x00, 0x00, 0x00, 0x00, 0x00,
    0x00, 0x00, 0x00, 0xA0, 0x00, 0x00, 0x00, 0x00, 0x07, 0xD0, 0x00, 0x00, 0x00, 0x00, 0x3F, 0x40,
    0x00, 0x00, 0x00, 0x01, 0xFC, 0x00, 0x00, 0x00, 0x00, 0x0B, 0xF0, 0x00, 0x3F, 0xFF, 0xFF, 0xFF,
    0x80, 0x02, 0xFF, 0xFF, 0xFF, 0xFD, 0x00, 0x07, 0xFF, 0xFF, 0xFF, 0xF0, 0x00, 0x00, 0xFF, 0xD5,
    0x55, 0x00, 0x00, 0x07, 0xFE, 0x00, 0x00, 0x00, 0x00, 0x2F, 0xF4, 0x00, 0x00, 0x00, 0x00, 0xFF,
    0xC0, 0x00, 0x00, 0x00, 0x03, 0xFF, 0x00, 0x00, 0x00, 0x00, 0x1F, 0xF8, 0x00, 0x00, 0x00, 0x00,
    0x7F, 0xD0, 0x00, 0x00, 0x00, 0x02, 0xFF, 0x40, 0x00, 0x00, 0x00, 0x0F, 0xFC, 0x00, 0x00, 0x00,
    0x00, 0x3F, 0xF0, 0x00, 0x00, 0x00, 0x01, 0xFF, 0x80, 0x00, 0x00, 0x00, 0x0B, 0xFD, 0x00, 0x00,
    0x00, 0x00, 0x3F, 0xF0, 0x00, 0x00, 0x00, 0x00, 0xFF, 0xC0, 0x00, 0x00, 0x00, 0x03, 0xFF, 0x00,
    0x00, 0x00, 0x00, 0x1F, 0xF8, 0x00, 0x00, 0x00, 0x00, 0xBF, 0xD0, 0x00, 0x00, 0x00, 0x1F, 0xFF,
    0xF8, 0x00, 0x00, 0x02, 0xFF, 0xFF, 0xF4, 0x00, 0x00, 0x0F, 0xFF, 0xFF, 0xC0, 0x00, 0x00, 0x00,
    0x00, 0x00, 0x19, 0x00, 0x00, 0x00, 0x2F, 0xE0, 0x00, 0x00, 0x03, 0xFC, 0x00, 0x00, 0x00, 0x7F,
    0x00, 0x00, 0x00, 0x2F, 0x80, 0xBF, 0xFF, 0xFF, 0xC0, 0x7F, 0xFF, 0xFF, 0xC0, 0x1F, 0xFF, 0xFA,
    0x40, 0x00, 0x0F, 0xF4, 0x00, 0x00, 0x03, 0xFC, 0x00, 0x00, 0x01, 0xFF, 0x00, 0x00, 0x00, 0x7F,
    0xC0, 0x00, 0x00, 0x2F, 0xF0, 0x00, 0x00, 0x0F, 0xF8, 0x00, 0x00, 0x03, 0xFD, 0x00, 0x00, 0x00,
    0xFF, 0x40, 0x00, 0x00, 0x7F, 0xC0, 0x00, 0x04, 0x2F, 0xF0, 0x00, 0x07, 0x9F, 0xF4, 0x00, 0x03,
    0xFF, 0xFC, 0x00, 0x00, 0xFF, 0xFC, 0x00, 0x00, 0x1F, 0xF8, 0x00, 0x00, 0x00, 0x50, 0x00, 0x00,
    0x00, 0x00, 0x0F, 0xFF, 0xFF, 0xFF, 0xF0, 0x00, 0xBF, 0xFF, 0xFF, 0xFF, 0xC0, 0x01, 0xFF, 0xFF,
    0xFF, 0xFF, 0x00, 0x00, 0x3F, 0xF1, 0x57, 0xF8, 0x00, 0x01, 0xFF, 0x80, 0x0F, 0xE0, 0x00, 0x0B,
    0xFD, 0x00, 0x3F, 0x40, 0x00, 0x3F, 0xF0, 0x00, 0xFC, 0x00, 0x00, 0xFF, 0xC0, 0x03, 0xC0, 0x00,
    0x07, 0xFE, 0x00, 0x00, 0x00, 0x00, 0x1F, 0xF4, 0x00, 0x00, 0x00, 0x15, 0xFF, 0xE5, 0x50, 0x00,
    0x00, 0xFF, 0xFF, 0xFF, 0x40, 0x00, 0x06, 0xAF, 0xFE, 0xA8, 0x00, 0x00, 0x00, 0x7F, 0xE0, 0x00,
    0x00, 0x00, 0x02, 0xFF, 0x40, 0x00, 0x00, 0x00, 0x0F, 0xFC, 0x00, 0x00, 0x00, 0x00, 0x3F, 0xF0,
    0x00, 0x00, 0x00, 0x00, 0xFF, 0xC0, 0x00, 0x00, 0x00, 0x07, 0xFE, 0x00, 0x00, 0x00, 0x00, 0x2F,
    0xF4, 0x00, 0x00, 0x00, 0x07, 0xFF, 0xFE, 0x00, 0x00, 0x00, 0xBF, 0xFF, 0xFD, 0x00, 0x00, 0x03,
    0xFF, 0xFF, 0xF0, 0x00, 0x00, 0x00, 0x00, 0x06, 0xA4, 0x00, 0x06, 0xFF, 0xFF, 0x00, 0xBF, 0xFF,
    0xFE, 0x03, 0xFF, 0xAF, 0xFC, 0x0F, 0x80, 0x0F, 0xF0, 0x10, 0x00, 0x3F, 0xC0, 0x07, 0x03, 0xFE,
    0x00, 0x3E, 0x7F, 0xF0, 0x00, 0x3F, 0xFE, 0x00, 0x07, 0xFF, 0xD0, 0x00, 0xBF, 0xFD, 0x00, 0x0B,
    0xFE, 0xBC, 0x00, 0x3F, 0xD0, 0xF0, 0x41, 0xFF, 0x00, 0x0B, 0x87, 0xFD, 0x01, 0xFE, 0x0F, 0xFF,
    0xFF, 0xF4, 0x2F, 0xFF, 0xFF, 0x40, 0x2F, 0xFF, 0xD0, 0x00, 0x01, 0x40, 0x00, 0x00, 0x00, 0x0F,
    0xFF, 0xFF, 0xFF, 0xE0, 0x02, 0xFF, 0xFF, 0xFF, 0xFE, 0x00, 0x1F, 0xFF, 0xFF, 0xFF, 0xE0, 0x00,
    0x0F, 0xF9, 0x56, 0xFD, 0x00, 0x01, 0xFF, 0x40, 0x1F, 0xC0, 0x00, 0x2F, 0xF0, 0x02, 0xFC, 0x00,
    0x03, 0xFF, 0x00, 0x2F, 0x00, 0x00, 0x3F, 0xF0, 0x00, 0x00, 0x00, 0x07, 0xFE, 0x00, 0x00, 0x00,
    0x00, 0x7F, 0xE5, 0xA4, 0x00, 0x00, 0x0B, 0xFF, 0xFF, 0xF8, 0x00, 0x00, 0xFF, 0xFF, 0xFF, 0xF0,
    0x00, 0x0F, 0xFE, 0x6F, 0xFF, 0x80, 0x01, 0xFF, 0x80, 0x2F, 0xFC, 0x00, 0x2F, 0xF4, 0x00, 0xFF,
    0xC0, 0x03, 0xFF, 0x00, 0x0B, 0xFD, 0x00, 0x3F, 0xF0, 0x00, 0xBF, 0xD0, 0x03, 0xFE, 0x00, 0x0B,
    0xFC, 0x00, 0x7F, 0xD0, 0x00, 0xBF, 0xC0, 0x0B, 0xFD, 0x00, 0x0F, 0xFC, 0x07, 0xFF, 0xF8, 0x00,
    0xFF, 0x82, 0xFF, 0xFF, 0xE0, 0x1F, 0xF4, 0x3F, 0xFF, 0xFD, 0x02, 0xFF, 0x00, 0x00, 0x00, 0x00,
    0x3F, 0xE0, 0x00, 0x00, 0x00, 0x0B, 0xFC, 0x00, 0x00, 0x0D, 0x01, 0xFF, 0x40, 0x00, 0x03, 0xFA,
    0xFF, 0xD0, 0x00, 0x00, 0x3F, 0xFF, 0xF4, 0x00, 0x00, 0x03, 0xFF, 0xFC, 0x00, 0x00, 0x00, 0x06,
    0xE8, 0x00, 0x00, 0x00, 0x00, 0x00, 0x00, 0x3F, 0xFF, 0xFF, 0xFC, 0x3F, 0xFF, 0xFF, 0xFC, 0x1B,
    0xFF, 0x56, 0xFC, 0x03, 0xFD, 0x00, 0xFC, 0x03, 0xFC, 0x00, 0xF4, 0x07, 0xFC, 0x00, 0x90, 0x07,
    0xF8, 0x00, 0x00, 0x0B, 0xF9, 0x54, 0x00, 0x0F, 0xFF, 0xFF, 0x80, 0x0F, 0xFF, 0xFF, 0xE0, 0x1F,
    0xF5, 0x7F, 0xF4, 0x2F, 0xE0, 0x0F, 0xF8, 0x3F, 0xD0, 0x07, 0xFC, 0x3F, 0xD0, 0x03, 0xFC, 0x7F,
    0xC0, 0x03, 0xFC, 0xBF, 0xC0, 0x03, 0xFC, 0xFF, 0x40, 0x07, 0xFC, 0x00, 0x00, 0x0B, 0xF8, 0x00,
    0x00, 0x0F, 0xF0, 0x00, 0x00, 0x1F, 0xE0, 0x03, 0x40, 0x3F, 0xC0, 0x0F, 0xE5, 0xFF, 0x40, 0x0F,
    0xFF, 0xFD, 0x00, 0x0B, 0xFF, 0xF0, 0x00, 0x01, 0xAA, 0x40, 0x00, 0x00, 0x01, 0x50, 0x00, 0x00,
    0x00, 0x00, 0x00, 0x54, 0x00, 0x03, 0xFF, 0x00, 0x1F, 0xFF, 0xF4, 0x01, 0xFF, 0xC0, 0x00, 0xFF,
    0xF0, 0x0B, 0xFF, 0xFC, 0x01, 0xFF, 0xF4, 0x00, 0x3F, 0xFD, 0x01, 0xFF, 0xF9, 0x01, 0xFF, 0xFC,
    0x00, 0x0F, 0xBF, 0xC0, 0x0B, 0xF8, 0x00, 0xFF, 0xBF, 0x00, 0x01, 0x03, 0xF4, 0x03, 0xFD, 0x00,
    0xFF, 0x01, 0x00, 0x00, 0x00, 0xBE, 0x00, 0xFF, 0x00, 0xBF, 0x00, 0x00, 0x00, 0x00, 0x0F, 0xC0,
    0x7F, 0xC0, 0x7F, 0x40, 0x00, 0x00, 0x00, 0x03, 0xF4, 0x2F, 0xE0, 0x3F, 0x40, 0x00, 0x00, 0x00,
    0x00, 0xBE, 0x0B, 0xF4, 0x2F, 0x80, 0x00, 0x00, 0x00, 0x00, 0x1F, 0xC3, 0xFD, 0x0F, 0xC0, 0x00,
    0x00, 0x00, 0x00, 0x0B, 0xFF, 0xFF, 0xFF, 0xD0, 0x00, 0x00, 0x00, 0x00, 0x07, 0xFF, 0xFF, 0xFF,
    0xF8, 0x00, 0x00, 0x00, 0x00, 0x07, 0xFE, 0x6F, 0xF6, 0xFF, 0x00, 0x00, 0x00, 0x00, 0x03, 0xFF,
    0x0F, 0xF4, 0x3F, 0xD0, 0x00, 0x00, 0x00, 0x03, 0xFF, 0x03, 0xFC, 0x0B, 0xFC, 0x00, 0x00, 0x00,
    0x03, 0xFF, 0x40, 0xFF, 0x01, 0xFF, 0x00, 0x00, 0x00, 0x02, 0xFF, 0x80, 0x7F, 0xC0, 0x3F, 0xE0,
    0x00, 0x00, 0x02, 0xFF, 0xC0, 0x2F, 0xE0, 0x0B, 0xFC, 0x00, 0x00, 0x02, 0xFF, 0xD0, 0x0F, 0xF4,
    0x00, 0xFF, 0xC0, 0x00, 0x03, 0xFF, 0xD0, 0x03, 0xFC, 0x00, 0x2F, 0xF8, 0x00, 0x07, 0xFF, 0xE0,
    0x06, 0xFF, 0xD0, 0x03, 0xFF, 0x40, 0x07, 0xFF, 0xE0, 0x0B, 0xFF, 0xFC, 0x00, 0xBF, 0xF8, 0x00,
    0xBF, 0xD0, 0x03, 0xFF, 0xFF, 0x00, 0x0B, 0xFF, 0x40, 0x01, 0x00, 0x00, 0x00, 0x00, 0x00, 0x00,
    0x3F, 0xC0, 0x00, 0x00, 0x00, 0x00, 0x00, 0x00, 0x00, 0x0F, 0xE0, 0x00, 0x00, 0x00, 0x00, 0x00,
    0x00, 0x00, 0x07, 0xF4, 0x00, 0x00, 0x00, 0x00, 0x00, 0x00, 0x00, 0x01, 0xFC, 0x00, 0x00, 0x00,
    0x00, 0x00, 0x00, 0x00, 0x00, 0xBD, 0x00, 0x00, 0x00, 0x00, 0x00, 0x00, 0x00, 0x00, 0x2F, 0x00,
    0x00, 0x00, 0x00, 0x00, 0x00, 0x00, 0x00, 0x06, 0x40, 0x00, 0x00, 0x06, 0x90, 0x00, 0x54, 0x00,
    0x1A, 0x00, 0x07, 0xFF, 0xC0, 0x3F, 0x80, 0x2F, 0xFC, 0x01, 0xFF, 0xFD, 0x03, 0xF4, 0x0B, 0xFF,
    0xD0, 0x7F, 0xFF, 0xF0, 0x7F, 0x02, 0xFF, 0xFC, 0x0B, 0xE6, 0xFF, 0x0B, 0xF0, 0x7F, 0x42, 0x80,
    0x74, 0x0F, 0xF0, 0xFE, 0x0F, 0xD0, 0x00, 0x00, 0x00, 0xBF, 0x3F, 0xD3, 0xF8, 0x00, 0x00, 0x00,
    0x0B, 0xFF, 0xFC, 0xBF, 0x00, 0x00, 0x00, 0x00, 0xBF, 0xFF, 0xDF, 0xF0, 0x00, 0x00, 0x00, 0x0F,
    0xFF, 0xFF, 0xFE, 0x00, 0x00, 0x00, 0x00, 0xFF, 0x3F, 0xFF, 0xD0, 0x00, 0x00, 0x00, 0x1F, 0xC7,
    0xFE, 0xFD, 0x00, 0x00, 0x00, 0x03, 0xF4, 0xBF, 0x9F, 0xD0, 0x04, 0x01, 0x00, 0xBE, 0x0F, 0xF1,
    0xFF, 0x02, 0xF0, 0x3D, 0x7F, 0xC0, 0xFD, 0x0F, 0xFE, 0xFE, 0x0B, 0xFF, 0xF0, 0x1F, 0xC0, 0xFF,
    0xFF, 0xD0, 0xBF, 0xFD, 0x02, 0xFC, 0x0B, 0xFF, 0xBD, 0x07, 0xFE, 0x00, 0x3F, 0x40, 0x2F, 0xE7,
    0xC0, 0x05, 0x00, 0x01, 0x00, 0x00, 0x10, 0xBD, 0x00, 0x00, 0x00, 0x00, 0x00, 0x00, 0x0F, 0xD0,
    0x00, 0x00, 0x00, 0x00, 0x00, 0x00, 0xFE, 0x00, 0x00, 0x00, 0x00, 0x00, 0x00, 0x0F, 0xD0, 0x00,
    0x00, 0x00, 0x00, 0x00, 0x07, 0xFC, 0x00, 0x00, 0x00, 0x00, 0x00, 0x01, 0xFF, 0x00, 0x00, 0x00,
    0x00, 0x00, 0x00, 0x05, 0x40, 0x00, 0x00, 0x00, 0x05, 0x50, 0x00, 0x00, 0x2F, 0xFF, 0xF8, 0x00,
    0x03, 0xFF, 0xFF, 0xFC, 0x00, 0x1F, 0xFF, 0xFF, 0xFC, 0x00, 0xBF, 0x40, 0x7F, 0xF0, 0x03, 0xF4,
    0x00, 0xBF, 0xD0, 0x0F, 0xC0, 0x02, 0xFF, 0x40, 0x2D, 0x00, 0x0B, 0xFC, 0x00, 0x00, 0x00, 0x3F,
    0xE0, 0x00, 0x00, 0x02, 0xFF, 0x00, 0x00, 0x15, 0x7F, 0xF0, 0x00, 0x00, 0xFF, 0xFF, 0x00, 0x00,
    0x07, 0xFF, 0xFF, 0x00, 0x00, 0x1A, 0xFF, 0xFF, 0x00, 0x00, 0x00, 0x2F, 0xFD, 0x00, 0x00, 0x00,
    0x3F, 0xF8, 0x00, 0x00, 0x00, 0xBF, 0xE0, 0x08, 0x00, 0x01, 0xFF, 0x81, 0xF4, 0x00, 0x0B, 0xFD,
    0x0F, 0xF0, 0x00, 0x7F, 0xF0, 0x3F, 0xF4, 0x1B, 0xFF, 0x40, 0xFF, 0xFF, 0xFF, 0xF4, 0x00, 0xFF,
    0xFF, 0xFF, 0x40, 0x00, 0xBF, 0xFF, 0xD0, 0x00, 0x00, 0x01, 0xFC, 0x00, 0x00, 0x00, 0x03, 0xF0,
    0x00, 0x00, 0x00, 0x0F, 0xC0, 0x00, 0x00, 0x79, 0xBE, 0x00, 0x00, 0x02, 0xFF, 0xF4, 0x00, 0x00,
    0x0B, 0xFF, 0x40, 0x00, 0x00, 0x0A, 0x90, 0x00, 0x00, 0x00, 0x00, 0x01, 0xA9, 0x00, 0x00, 0x2F,
    0xFF, 0xE0, 0x00, 0xFF, 0xFF, 0xF8, 0x02, 0xFE, 0x5F, 0xFC, 0x03, 0xF0, 0x03, 0xFC, 0x01, 0x80,
    0x03, 0xFC, 0x00, 0x00, 0x07, 0xF8, 0x00, 0x00, 0x2F, 0xE0, 0x00, 0x0F, 0xFF, 0x40, 0x00, 0x0F,
    0xFF, 0xD0, 0x00, 0x0A, 0xBF, 0xF0, 0x00, 0x00, 0x0F, 0xF4, 0x00, 0x00, 0x0F, 0xF8, 0x1F, 0x00,
    0x0F, 0xF4, 0x3F, 0x80, 0x2F, 0xF0, 0x3F, 0xFB, 0xFF, 0xD0, 0x2F, 0xFF, 0xFF, 0x40, 0x07, 0xFF,
    0xF4, 0x00, 0x00, 0x1B, 0xC0, 0x00, 0x00, 0x07, 0xC0, 0x00, 0x02, 0x0B, 0xC0, 0x00, 0x0B, 0xFF,
    0xC0, 0x00, 0x0B, 0xFF, 0x80, 0x00, 0x03, 0xFE, 0x00, 0x00, 0x00, 0x00, 0x00, 0x00, 0x00, 0x00,
    0x00, 0x00, 0x00, 0x05, 0x40, 0x00, 0x3F, 0xFF, 0xFC, 0x01, 0xFF, 0xC0, 0x02, 0xFF, 0xFF, 0xE0,
    0x2F, 0xFF, 0x00, 0x07, 0xFF, 0xFE, 0x02, 0xFF, 0xFC, 0x00, 0x00, 0xFF, 0x80, 0x1F, 0xFB, 0xE0,
    0x00, 0x07, 0xFD, 0x00, 0xFF, 0x01, 0x00, 0x00, 0x2F, 0xF0, 0x0B, 0xF0, 0x00, 0x00, 0x00, 0xFF,
    0xC0, 0x7F, 0x00, 0x00, 0x00, 0x03, 0xFF, 0x03, 0xF4, 0x00, 0x00, 0x00, 0x1F, 0xF8, 0x2F, 0xC0,
    0x00, 0x00, 0x00, 0x7F, 0xD0, 0xFC, 0x00, 0x00, 0x00, 0x02, 0xFF, 0xFF, 0xE0, 0x00, 0x00, 0x00,
    0x0F, 0xFF, 0xFF, 0xC0, 0x00, 0x00, 0x00, 0x3F, 0xF6, 0xFF, 0x40, 0x00, 0x00, 0x01, 0xFF, 0x83,
    0xFE, 0x00, 0x00, 0x00, 0x0B, 0xFD, 0x07, 0xFC, 0x00, 0x00, 0x00, 0x3F, 0xF0, 0x0F, 0xF8, 0x00,
    0x00, 0x00, 0xFF, 0xC0, 0x2F, 0xF0, 0x00, 0x00, 0x03, 0xFE, 0x00, 0x7F, 0xE0, 0x00, 0x00, 0x1F,
    0xF4, 0x00, 0xFF, 0xD0, 0x00, 0x00, 0xBF, 0xC0, 0x02, 0xFF, 0xC0, 0x00, 0x1F, 0xFF, 0xE0, 0x03,
    0xFF, 0x80, 0x02, 0xFF, 0xFF, 0xE0, 0x07, 0xFF, 0x80, 0x0F, 0xFF, 0xFF, 0x40, 0x07, 0xFF, 0x80,
    0x00, 0x00, 0x00, 0x00, 0x03, 0xFC, 0x00, 0x00, 0x00, 0x00, 0x00, 0x0F, 0xF0, 0x00, 0x00, 0x00,
    0x00, 0x00, 0x3F, 0x40, 0x00, 0x00, 0x00, 0x00, 0x01, 0xFC, 0x00, 0x00, 0x00, 0x00, 0x00, 0x07,
    0xE0, 0x00, 0x00, 0x00, 0x00, 0x00, 0x1F, 0x00, 0x00, 0x00, 0x00, 0x00, 0x00, 0x24, 0x00, 0x00,
    0x00, 0x68, 0x00, 0x0A, 0x02, 0xFF, 0xE0, 0x0B, 0xFC, 0xFF, 0xFE, 0x03, 0xFF, 0xCA, 0xBF, 0xE0,
    0xFF, 0xFC, 0x02, 0xFD, 0x3F, 0xE1, 0x40, 0x3F, 0xCB, 0xF0, 0x00, 0x03, 0xF8, 0xFC, 0x00, 0x00,
    0x7F, 0x7F, 0x00, 0x00, 0x0B, 0xFB, 0xF0, 0x00, 0x00, 0xFF, 0xFF, 0x40, 0x00, 0x0F, 0xFF, 0xFC,
    0x00, 0x01, 0xFF, 0x2F, 0xD0, 0x00, 0x1F, 0xF1, 0xFE, 0x00, 0x02, 0xFE, 0x0F, 0xF4, 0x38, 0x3F,
    0xE0, 0xBF, 0xEF, 0xC3, 0xFD, 0x03, 0xFF, 0xF8, 0x7F, 0xC0, 0x2F, 0xFF, 0x8B, 0xF8, 0x00, 0xFE,
    0xF8, 0x00, 0x00, 0x01, 0x1F, 0x80, 0x00, 0x00, 0x01, 0xFC, 0x00, 0x00, 0x00, 0x1F, 0xC0, 0x00,
    0x00, 0x02, 0xF8, 0x00, 0x00, 0x01, 0xBF, 0x40, 0x00, 0x00, 0x3F, 0xD0, 0x00, 0x00, 0x00, 0x50,
    0x00, 0x00, 0x00, 0x00, 0x00, 0x00, 0x00, 0x50, 0x00, 0x0F, 0xFF, 0xFE, 0x00, 0x0B, 0xFD, 0x00,
    0x2F, 0xFF, 0xFD, 0x00, 0x3F, 0xFE, 0x00, 0x1F, 0xFF, 0xF4, 0x00, 0xFF, 0xFD, 0x00, 0x00, 0xFF,
    0x40, 0x03, 0xFF, 0xBC, 0x00, 0x01, 0xFF, 0x00, 0x0B, 0xF4, 0x04, 0x00, 0x02, 0xFF, 0x00, 0x0F,
    0xD0, 0x00, 0x00, 0x03, 0xFE, 0x3C, 0x3F, 0x80, 0x00, 0x00, 0x03, 0xFE, 0x3C, 0x7F, 0x00, 0x00,
    0x00, 0x07, 0xFD, 0x78, 0xFD, 0x00, 0x00, 0x00, 0x07, 0xFC, 0xB6, 0xF8, 0x00, 0x00, 0x00, 0x0B,
    0xFF, 0xFF, 0xF0, 0x00, 0x00, 0x00, 0x0F, 0xFF, 0xFF, 0xF4, 0x00, 0x00, 0x00, 0x0F, 0xF9, 0xFB,
    0xF8, 0x00, 0x00, 0x00, 0x1F, 0xF5, 0xE3, 0xFC, 0x00, 0x00, 0x00, 0x2F, 0xF2, 0xD2, 0xFE, 0x00,
    0x00, 0x00, 0x3F, 0xF2, 0xD1, 0xFF, 0x00, 0x00, 0x00, 0x3F, 0xE2, 0x80, 0xFF, 0x80, 0x00, 0x00,
    0x3F, 0xD0, 0x00, 0xFF, 0xC0, 0x00, 0x00, 0x7F, 0xC0, 0x00, 0x7F, 0xE0, 0x00, 0x00, 0xBF, 0xC0,
    0x00, 0x3F, 0xF4, 0x00, 0x07, 0xFF, 0xF8, 0x00, 0x2F, 0xFC, 0x00, 0x2F, 0xFF, 0xFD, 0x00, 0x0F,
    0xFF, 0x40, 0x3F, 0xFF, 0xFC, 0x00, 0x03, 0xFF, 0x40, 0x00, 0x00, 0x00, 0x00, 0x00, 0x10, 0x00,
    0x01, 0x64, 0x00, 0x00, 0x64, 0x2F, 0xFE, 0x00, 0x03, 0xFD, 0xFF, 0xFE, 0x00, 0x0F, 0xFD, 0xAB,
    0xFE, 0x00, 0x3F, 0xFC, 0x02, 0xFD, 0x00, 0xBF, 0x18, 0x03, 0xFD, 0x51, 0xF8, 0x00, 0x03, 0xFC,
    0xF3, 0xE0, 0x00, 0x07, 0xFC, 0xEB, 0xC0, 0x00, 0x0B, 0xFE, 0xFF, 0x80, 0x00, 0x0F, 0xFF, 0xFF,
    0xC0, 0x00, 0x0F, 0xF7, 0xDF, 0xD0, 0x00, 0x1F, 0xF3, 0x8F, 0xE0, 0x00, 0x1F, 0xF7, 0x8B, 0xF0,
    0x00, 0x2F, 0xE1, 0x07, 0xF8, 0x2C, 0x3F, 0xD0, 0x03, 0xFE, 0xFC, 0x3F, 0xD0, 0x02, 0xFF, 0xF8,
    0x7F, 0xC0, 0x00, 0xFF, 0xF0, 0xBF, 0x80, 0x00, 0x7F, 0x80, 0x00, 0x00, 0x00, 0x04, 0x00, 0x00,
    0x00, 0x00, 0x00, 0x00, 0x01, 0x40, 0x00, 0x3F, 0xFF, 0xFC, 0x00, 0xFF, 0xC0, 0x02, 0xFF, 0xFF,
    0xE0, 0x1F, 0xFF, 0x80, 0x07, 0xFF, 0xFE, 0x00, 0xFF, 0xFD, 0x00, 0x00, 0xFF, 0x80, 0x0F, 0xFE,
    0xF0, 0x00, 0x07, 0xFD, 0x00, 0xBF, 0x41, 0x40, 0x07, 0xFF, 0xFF, 0x47, 0xF4, 0x00, 0x00, 0x2F,
    0xFF, 0xFC, 0x3F, 0x80, 0x00, 0x00, 0x57, 0xFF, 0x52, 0xFC, 0x00, 0x00, 0x00, 0x1F, 0xF8, 0x0F,
    0xC0, 0x00, 0x00, 0x00, 0x7F, 0xD0, 0xBD, 0x00, 0x00, 0x00, 0x02, 0xFF, 0xFF, 0xE0, 0x00, 0x00,
    0x00, 0x0F, 0xFF, 0xFF, 0xC0, 0x00, 0x00, 0x00, 0x3F, 0xF6, 0xFF, 0x40, 0x00, 0x00, 0x01, 0xFF,
    0x43, 0xFE, 0x00, 0x00, 0x00, 0x0B, 0xFD, 0x07, 0xFC, 0x00, 0x00, 0x00, 0x3F, 0xF0, 0x0F, 0xF4,
    0x00, 0x00, 0x00, 0xFF, 0xC0, 0x2F, 0xF0, 0x00, 0x00, 0x03, 0xFE, 0x00, 0x7F, 0xD0, 0x00, 0x00,
    0x1F, 0xF4, 0x00, 0xFF, 0xC0, 0x00, 0x00, 0xBF, 0xC0, 0x02, 0xFF, 0xC0, 0x00, 0x1F, 0xFF, 0xE0,
    0x03, 0xFF, 0x80, 0x02, 0xFF, 0xFF, 0xE0, 0x07, 0xFF, 0x80, 0x0F, 0xFF, 0xFF, 0x40, 0x0B, 0xFE,
    0x00, 0x00, 0x00, 0x00, 0x00, 0x01, 0x40, 0x00, 0x00, 0x6F, 0x80, 0x00, 0x00, 0xBF, 0xFD, 0x00,
    0x00, 0x0F, 0xFF, 0xD0, 0x00, 0x00, 0x57, 0xFC, 0x00, 0x00, 0x00, 0x3F, 0xC0, 0x00, 0x00, 0x03,
    0xFC, 0x00, 0x00, 0x00, 0x7F, 0x80, 0x06, 0x42, 0xFF, 0xFF, 0x82, 0xFE, 0x2F, 0xFF, 0xF4, 0xFF,
    0xE0, 0x0F, 0xF0, 0x3F, 0xFD, 0x00, 0xFE, 0x0F, 0xF4, 0x80, 0x1F, 0xD2, 0xF8, 0x00, 0x02, 0xFC,
    0x7E, 0x00, 0x00, 0x3F, 0xCF, 0x80, 0x00, 0x03, 0xFF, 0xF8, 0x00, 0x00, 0x7F, 0xFF, 0xC0, 0x00,
    0x0B, 0xFF, 0xFD, 0x00, 0x00, 0xFF, 0x8F, 0xF0, 0x00, 0x0F, 0xF4, 0xFF, 0x40, 0x00, 0xFF, 0x47,
    0xFC, 0x1C, 0x1F, 0xF0, 0x3F, 0xFB, 0xD2, 0xFF, 0x02, 0xFF, 0xFC, 0x3F, 0xF0, 0x0F, 0xFF, 0x03,
    0xFD, 0x00, 0x7F, 0xC0, 0x00, 0x00, 0x00, 0x40, 0x00, 0x00, 0x00, 0x00, 0x00, 0x00, 0x01, 0x40,
    0xBF, 0xFF, 0xFF, 0xF8, 0x01, 0xFF, 0xC3, 0xFF, 0xFF, 0xFF, 0xD0, 0x1F, 0xFF, 0x4F, 0xFF, 0xFF,
    0xFD, 0x01, 0xFF, 0xFD, 0x7F, 0x51, 0xFF, 0x80, 0x0F, 0xFB, 0xF2, 0xFC, 0x0B, 0xFD, 0x00, 0xFF,
    0x01, 0x0B, 0xE0, 0x2F, 0xF0, 0x0B, 0xF4, 0x00, 0x2F, 0x00, 0xFF, 0xC0, 0x3F, 0x40, 0x00, 0x28,
    0x03, 0xFE, 0x03, 0xF8, 0x00, 0x00, 0x00, 0x1F, 0xF4, 0x2F, 0xC0, 0x00, 0x00, 0x00, 0xBF, 0xD1,
    0xFC, 0x00, 0x00, 0x00, 0x03, 0xFF, 0xFF, 0xE0, 0x00, 0x00, 0x00, 0x0F, 0xFF, 0xFF, 0xC0, 0x00,
    0x00, 0x00, 0x3F, 0xE6, 0xFF, 0x00, 0x00, 0x00, 0x01, 0xFF, 0x43, 0xFE, 0x00, 0x00, 0x00, 0x0B,
    0xFC, 0x0B, 0xFC, 0x00, 0x00, 0x00, 0x3F, 0xF0, 0x0F, 0xF4, 0x00, 0x00, 0x00, 0xFF, 0xC0, 0x3F,
    0xF0, 0x00, 0x00, 0x07, 0xFE, 0x00, 0x7F, 0xD0, 0x00, 0x00, 0x2F, 0xF4, 0x00, 0xFF, 0xC0, 0x00,
    0x00, 0xBF, 0xC0, 0x02, 0xFF, 0x80, 0x00, 0x1F, 0xFF, 0xE0, 0x03, 0xFF, 0x80, 0x03, 0xFF, 0xFF,
    0xD0, 0x0B, 0xFF, 0x80, 0x0F, 0xFF, 0xFF, 0x00, 0x0B, 0xFE, 0x00, 0x00, 0x00, 0x00, 0x00, 0x01,
    0x00, 0x00, 0x00, 0xA9, 0x54, 0x00, 0x19, 0x01, 0xFF, 0xFF, 0x80, 0x3F, 0xE0, 0xFF, 0xFF, 0xD0,
    0x7F, 0xFC, 0xBD, 0x5B, 0xF0, 0x7F, 0xFE, 0x3F, 0x03, 0xFC, 0x3F, 0xD2, 0x0F, 0xD0, 0xFE, 0x3F,
    0xC0, 0x02, 0xF8, 0x7F, 0x6F, 0x80, 0x00, 0x00, 0x2F, 0xDF, 0xC0, 0x00, 0x00, 0x0F, 0xFF, 0xF0,
    0x00, 0x00, 0x03, 0xFF, 0xFC, 0x00, 0x00, 0x01, 0xFF, 0xFF, 0x80, 0x00, 0x00, 0xBF, 0xCF, 0xF0,
    0x00, 0x00, 0x3F, 0xE2, 0xFD, 0x00, 0x00, 0x0F, 0xF4, 0x7F, 0xC1, 0xD0, 0x07, 0xFC, 0x0F, 0xFE,
    0xF8, 0x01, 0xFF, 0x01, 0xFF, 0xFC, 0x00, 0xBF, 0xC0, 0x3F, 0xFD, 0x00, 0x3F, 0xD0, 0x03, 0xFD,
    0x00, 0x00, 0x00, 0x00, 0x10, 0x00, 0x00, 0x0F, 0xFF, 0xFF, 0x02, 0xFF, 0xFF, 0xD0, 0x02, 0xFF,
    0xFF, 0xE0, 0x3F, 0xFF, 0xFC, 0x00, 0x1F, 0xFF, 0xF8, 0x02, 0xFF, 0xFE, 0x40, 0x00, 0x0F, 0xFC,
    0x00, 0x02, 0xFF, 0x40, 0x00, 0x01, 0xFF, 0x80, 0x00, 0x3F, 0xF0, 0x00, 0x00, 0x2F, 0xF4, 0x00,
    0x03, 0xFF, 0x00, 0x00, 0x03, 0xFF, 0x00, 0x00, 0x7F, 0xE0, 0x00, 0x00, 0x3F, 0xF0, 0x00, 0x0B,
    0xFD, 0x00, 0x00, 0x07, 0xFE, 0x00, 0x00, 0xBF, 0xC0, 0x00, 0x00, 0x7F, 0xE0, 0x00, 0x0F, 0xFC,
    0x00, 0x00, 0x0B, 0xFF, 0xFF, 0xFF, 0xFF, 0xC0, 0x00, 0x00, 0xFF, 0xFF, 0xFF, 0xFF, 0xF8, 0x00,
    0x00, 0x0F, 0xFF, 0xFF, 0xFF, 0xFF, 0x40, 0x00, 0x01, 0xFF, 0x80, 0x00, 0x3F, 0xF0, 0x00, 0x00,
    0x2F, 0xF4, 0x00, 0x03, 0xFF, 0x00, 0x00, 0x03, 0xFF, 0x00, 0x00, 0x3F, 0xE0, 0x00, 0x00, 0x3F,
    0xF0, 0x00, 0x07, 0xFD, 0x00, 0x00, 0x03, 0xFF, 0x00, 0x00, 0xBF, 0xD0, 0x00, 0x00, 0x7F, 0xE0,
    0x00, 0x0F, 0xFC, 0x00, 0x00, 0x0B, 0xFD, 0x00, 0x00, 0xFF, 0xC0, 0x00, 0x07, 0xFF, 0xF9, 0x00,
    0xBF, 0xFF, 0xD0, 0x02, 0xFF, 0xFF, 0xE0, 0x3F, 0xFF, 0xFF, 0x00, 0x3F, 0xFF, 0xFD, 0x07, 0xFF,
    0xFF, 0xE0, 0x00, 0x00, 0x00, 0x00, 0x00, 0x03, 0xFD, 0x00, 0x00, 0x00, 0x00, 0x00, 0x00, 0x3F,
    0xC0, 0x00, 0x00, 0x00, 0x00, 0x00, 0x03, 0xF8, 0x00, 0x00, 0x00, 0x00, 0x00, 0x00, 0x3F, 0x00,
    0x00, 0x00, 0x00, 0x00, 0x00, 0x07, 0xF0, 0x00, 0x00, 0x00, 0x00, 0x00, 0x00, 0x7D, 0x00, 0x00,
    0x00, 0x00, 0x00, 0x00, 0x02, 0x80, 0x00, 0x00, 0x64, 0x00, 0x05, 0x40, 0x2F, 0xFF, 0x00, 0x3F,
    0xE0, 0xFF, 0xFF, 0x00, 0x3F, 0xE0, 0xAB, 0xFF, 0x00, 0x3F, 0xD0, 0x02, 0xFE, 0x00, 0x7F, 0xC0,
    0x03, 0xFD, 0x00, 0xBF, 0xC0, 0x03, 0xFD, 0x00, 0xFF, 0x80, 0x07, 0xFD, 0x55, 0xFF, 0x40, 0x0B,
    0xFF, 0xFF, 0xFF, 0x00, 0x0F, 0xFF, 0xFF, 0xFF, 0x00, 0x0F, 0xFA, 0xAB, 0xFE, 0x00, 0x1F, 0xF0,
    0x03, 0xFD, 0x00, 0x1F, 0xF0, 0x03, 0xFC, 0x00, 0x2F, 0xF0, 0x07, 0xFC, 0x3C, 0x3F, 0xE0, 0x0B,
    0xFE, 0xFC, 0x3F, 0xD0, 0x0B, 0xFF, 0xF4, 0x7F, 0xC0, 0x0B, 0xFF, 0xF0, 0xBF, 0x80, 0x03, 0xF9,
    0xF0, 0x00, 0x00, 0x00, 0x42, 0xF4, 0x00, 0x00, 0x00, 0x03, 0xF4, 0x00, 0x00, 0x00, 0x03, 0xF4,
    0x00, 0x00, 0x00, 0x03, 0xF4, 0x00, 0x00, 0x00, 0x1F, 0xF0, 0x00, 0x00, 0x00, 0x7F, 0xC0, 0x00,
    0x00, 0x00, 0x15, 0x00, 0x00, 0x0F, 0xFF, 0xFF, 0x02, 0xFF, 0xFF, 0xFF, 0xF0, 0x00, 0xBF, 0xFF,
    0xF8, 0x0F, 0xFF, 0xFF, 0xFF, 0xC0, 0x01, 0xFF, 0xFF, 0x80, 0x2F, 0xFF, 0xFF, 0xFF, 0x00, 0x00,
    0x3F, 0xF0, 0x00, 0x0B, 0xFD, 0x07, 0xF8, 0x00, 0x01, 0xFF, 0x80, 0x00, 0x3F, 0xF0, 0x0F, 0xD0,
    0x00, 0x0B, 0xFD, 0x00, 0x00, 0xFF, 0xC0, 0x7F, 0x00, 0x00, 0x3F, 0xF0, 0x00, 0x07, 0xFE, 0x01,
    0xF8, 0x00, 0x00, 0xFF, 0xC0, 0x00, 0x2F, 0xF4, 0x06, 0x80, 0x00, 0x07, 0xFE, 0x00, 0x00, 0xBF,
    0xC0, 0x00, 0x00, 0x00, 0x1F, 0xF8, 0x00, 0x03, 0xFF, 0x00, 0x00, 0x00, 0x00, 0xBF, 0xFF, 0xFF,
    0xFF, 0xF8, 0x00, 0x00, 0x00, 0x03, 0xFF, 0xFF, 0xFF, 0xFF, 0xE0, 0x00, 0x00, 0x00, 0x0F, 0xFF,
    0xFF, 0xFF, 0xFF, 0x40, 0x00, 0x00, 0x00, 0x7F, 0xE0, 0x00, 0x0F, 0xFC, 0x00, 0x00, 0x00, 0x02,
    0xFF, 0x40, 0x00, 0x3F, 0xF0, 0x00, 0x00, 0x00, 0x0F, 0xFC, 0x00, 0x00, 0xFF, 0x80, 0x00, 0x00,
    0x00, 0x3F, 0xF0, 0x00, 0x07, 0xFD, 0x00, 0x00, 0x00, 0x00, 0xFF, 0xC0, 0x00, 0x2F, 0xF4, 0x00,
    0x00, 0x00, 0x07, 0xFE, 0x00, 0x00, 0xFF, 0xC0, 0x00, 0x00, 0x00, 0x2F, 0xF4, 0x00, 0x03, 0xFF,
    0x00, 0x00, 0x00, 0x07, 0xFF, 0xF9, 0x00, 0xBF, 0xFF, 0x80, 0x00, 0x00, 0xBF, 0xFF, 0xF8, 0x0F,
    0xFF, 0xFF, 0x00, 0x00, 0x03, 0xFF, 0xFF, 0xD0, 0x7F, 0xFF, 0xFC, 0x00, 0x00, 0x00, 0x00, 0x64,
    0x00, 0x05, 0x55, 0x40, 0x0B, 0xFF, 0xC0, 0x0F, 0xFF, 0xFF, 0x4F, 0xFF, 0xF0, 0x03, 0xFF, 0xFF,
    0xF2, 0xAF, 0xFC, 0x00, 0xFF, 0xFF, 0xFC, 0x02, 0xFE, 0x00, 0x7F, 0xC0, 0x3F, 0x00, 0xFF, 0x40,
    0x2F, 0xF0, 0x7F, 0x40, 0x3F, 0xD0, 0x0F, 0xF8, 0x7F, 0xC0, 0x1F, 0xF5, 0x57, 0xFD, 0x06, 0x40,
    0x0B, 0xFF, 0xFF, 0xFF, 0x00, 0x00, 0x03, 0xFF, 0xFF, 0xFF, 0xC0, 0x00, 0x00, 0xFF, 0xAA, 0xBF,
    0xE0, 0x00, 0x00, 0x7F, 0xC0, 0x0F, 0xF4, 0x00, 0x00, 0x1F, 0xF0, 0x03, 0xFC, 0x00, 0x00, 0x0B,
    0xFC, 0x01, 0xFF, 0x09, 0x00, 0x03, 0xFE, 0x00, 0xBF, 0xEF, 0x80, 0x00, 0xFF, 0x40, 0x2F, 0xFF,
    0xD0, 0x00, 0x7F, 0xC0, 0x0B, 0xFF, 0xE0, 0x00, 0x2F, 0xE0, 0x00, 0xFF, 0x80, 0x00, 0x00, 0x00,
    0x00, 0x05, 0x00, 0x00, 0x00, 0x00, 0x0F, 0xFF, 0xFF, 0xFF, 0xFF, 0xFF, 0x00, 0x00, 0x02, 0xFF,
    0xFF, 0xFF, 0xFF, 0xFF, 0xE0, 0x00, 0x00, 0x1F, 0xFF, 0xFF, 0xFF, 0xFF, 0xF8, 0x00, 0x00, 0x00,
    0x0F, 0xFD, 0x55, 0x6F, 0xF8, 0x00, 0x00, 0x00, 0x01, 0xFF, 0x40, 0x01, 0xFF, 0x80, 0x00, 0x00,
    0x00, 0x2F, 0xF4, 0x00, 0x2F, 0xF4, 0x00, 0x00, 0x00, 0x03, 0xFF, 0x00, 0x03, 0xFF, 0x00, 0x00,
    0x00, 0x00, 0x3F, 0xF0, 0x00, 0x3F, 0xF0, 0x00, 0x00, 0x00, 0x07, 0xFE, 0x00, 0x03, 0xFE, 0x00,
    0x00, 0x00, 0x00, 0x7F, 0xD0, 0x00, 0x7F, 0xE5, 0xA4, 0x00, 0x00, 0x0B, 0xFC, 0x00, 0x0B, 0xFF,
    0xFF, 0xF8, 0x00, 0x00, 0xFF, 0xC0, 0x00, 0xFF, 0xFF, 0xFF, 0xF0, 0x00, 0x0F, 0xFC, 0x00, 0x0F,
    0xFE, 0x6F, 0xFF, 0xC0, 0x01, 0xFF, 0x80, 0x01, 0xFF, 0x80, 0x1F, 0xFD, 0x00, 0x2F, 0xF4, 0x00,
    0x2F, 0xF4, 0x00, 0xBF, 0xE0, 0x03, 0xFF, 0x00, 0x02, 0xFF, 0x00, 0x07, 0xFF, 0x00, 0x3F, 0xF0,
    0x00, 0x3F, 0xF0, 0x00, 0x3F, 0xF0, 0x03, 0xFE, 0x00, 0x03, 0xFF, 0x00, 0x03, 0xFF, 0x00, 0x7F,
    0xE0, 0x00, 0x7F, 0xE0, 0x00, 0x3F, 0xF0, 0x0B, 0xFD, 0x00, 0x0B, 0xFD, 0x00, 0x03, 0xFE, 0x07,
    0xFF, 0xF4, 0x02, 0xFF, 0xF9, 0x00, 0x7F, 0xD2, 0xFF, 0xFF, 0xC0, 0xFF, 0xFF, 0xE0, 0x0B, 0xFC,
    0x3F, 0xFF, 0xF8, 0x0F, 0xFF, 0xFD, 0x00, 0xFF, 0x80, 0x00, 0x00, 0x00, 0x00, 0x00, 0x00, 0x2F,
    0xF0, 0x00, 0x00, 0x00, 0x00, 0x00, 0x00, 0x03, 0xFE, 0x00, 0x00, 0x00, 0x00, 0x00, 0x0D, 0x00,
    0xFF, 0xC0, 0x00, 0x00, 0x00, 0x00, 0x03, 0xFA, 0xBF, 0xF0, 0x00, 0x00, 0x00, 0x00, 0x00, 0x3F,
    0xFF, 0xFC, 0x00, 0x00, 0x00, 0x00, 0x00, 0x03, 0xFF, 0xFD, 0x00, 0x00, 0x00, 0x00, 0x00, 0x00,
    0x06, 0xE9, 0x00, 0x00, 0x01, 0x64, 0x00, 0x69, 0x00, 0x00, 0x02, 0xFF, 0xE0, 0x7F, 0xF8, 0x00,
    0x00, 0xFF, 0xFE, 0x2F, 0xFF, 0xC0, 0x00, 0x0A, 0xBF, 0xEB, 0xFF, 0xFC, 0x00, 0x00, 0x02, 0xFE,
    0xF8, 0xBF, 0xC0, 0x00, 0x00, 0x3F, 0xFE, 0x0B, 0xFC, 0x00, 0x00, 0x03, 0xFF, 0x80, 0xFF, 0x80,
    0x00, 0x00, 0x7F, 0xF0, 0x0F, 0xFA, 0xFE, 0x00, 0x0B, 0xFE, 0x01, 0xFF, 0xFF, 0xFD, 0x00, 0xFF,
    0xC0, 0x2F, 0xFF, 0xFF, 0xF0, 0x0F, 0xF8, 0x02, 0xFF, 0x41, 0xFF, 0x81, 0xFF, 0x00, 0x3F, 0xE0,
    0x0B, 0xFC, 0x1F, 0xF0, 0x03, 0xFD, 0x00, 0x3F, 0xC2, 0xFE, 0x00, 0x7F, 0xC0, 0x03, 0xFD, 0x3F,
    0xE0, 0x0B, 0xFC, 0x00, 0x3F, 0xD3, 0xFD, 0x00, 0xFF, 0xC0, 0x03, 0xFC, 0x7F, 0xC0, 0x0F, 0xF8,
    0x00, 0x3F, 0xCB, 0xF8, 0x00, 0xFF, 0x40, 0x03, 0xFC, 0x00, 0x00, 0x00, 0x00, 0x00, 0xBF, 0x80,
    0x00, 0x00, 0x00, 0x00, 0x0F, 0xF0, 0x00, 0x00, 0x00, 0x00, 0x01, 0xFE, 0x00, 0x00, 0x00, 0x07,
    0x00, 0x7F, 0xC0, 0x00, 0x00, 0x00, 0xFE, 0x6F, 0xF0, 0x00, 0x00, 0x00, 0x1F, 0xFF, 0xFC, 0x00,
    0x00, 0x00, 0x00, 0xFF, 0xFE, 0x00, 0x00, 0x00, 0x00, 0x01, 0xA9, 0x00, 0x00, 0x00, 0x00, 0x01,
    0x54, 0x00, 0x00, 0x00, 0x00, 0x07, 0xFF, 0xD0, 0x00, 0x00, 0x00, 0x07, 0xFF, 0xF9, 0x00, 0x00,
    0x00, 0x03, 0xFF, 0xE0, 0x01, 0xA4, 0x00, 0x00, 0xFF, 0xE0, 0x03, 0xFF, 0xF8, 0x00, 0x3F, 0xF8,
    0x01, 0xFF, 0xFF, 0xF0, 0x0B, 0xFE, 0x00, 0x7F, 0xE6, 0xFF, 0x41, 0xFF, 0xC0, 0x0F, 0xF0, 0x0B,
    0xF8, 0x3F, 0xF4, 0x02, 0xFE, 0x00, 0xBF, 0xC3, 0xFF, 0x00, 0x3F, 0xC0, 0x07, 0xFC, 0x7F, 0xE0,
    0x07, 0xFC, 0x00, 0xBF, 0xCB, 0xFD, 0x00, 0xBF, 0x80, 0x0B, 0xF8, 0xFF, 0xC0, 0x0F, 0xF4, 0x00,
    0xFF, 0x4F, 0xFC, 0x00, 0xFF, 0x40, 0x0F, 0xF0, 0xFF, 0xC0, 0x0F, 0xF4, 0x01, 0xFF, 0x0F, 0xFC,
    0x00, 0xFF, 0x40, 0x3F, 0xD0, 0xFF, 0xD0, 0x0F, 0xF8, 0x0B, 0xFC, 0x0B, 0xFE, 0x00, 0xBF, 0xC0,
    0xFF, 0x40, 0x7F, 0xF0, 0x03, 0xFD, 0x3F, 0xE0, 0x03, 0xFF, 0xC0, 0x3F, 0xFF, 0xF8, 0x00, 0x1F,
    0xFF, 0x40, 0xFF, 0xFE, 0x00, 0x50, 0xBF, 0xFF, 0xFF, 0xFF, 0xFA, 0xFE, 0x01, 0xFF, 0xFF, 0xFF,
    0xFF, 0xFF, 0xC0, 0x02, 0xFF, 0xFF, 0x9F, 0xFF, 0xE0, 0x00, 0x00, 0x14, 0x00, 0x05, 0x40, 0x00,
    0x00, 0x01, 0xBE, 0x00, 0x00, 0x00, 0x03, 0xFF, 0xD0, 0x00, 0x00, 0x07, 0xFE, 0x00, 0x14, 0x00,
    0x03, 0xFD, 0x02, 0xFF, 0xD0, 0x03, 0xFD, 0x03, 0xFF, 0xFD, 0x02, 0xFD, 0x02, 0xFD, 0xBF, 0xC0,
    0xFF, 0x01, 0xFC, 0x0F, 0xF0, 0x7F, 0x80, 0xFE, 0x02, 0xFC, 0x2F, 0xC0, 0x3F, 0x40, 0xFF, 0x0F,
    0xF0, 0x1F, 0xC0, 0x3F, 0xC3, 0xFC, 0x07, 0xF0, 0x0F, 0xD0, 0xFF, 0x01, 0xFC, 0x0B, 0xF0, 0x3F,
    0xD0, 0x3F, 0x43, 0xF4, 0x0B, 0xF8, 0x0F, 0xF3, 0xF8, 0x01, 0xFF, 0x41, 0xFF, 0xF8, 0x00, 0x3F,
    0xF9, 0x7F, 0xF8, 0x05, 0x03, 0xFF, 0xFF, 0xFF, 0xFF, 0x40, 0x2F, 0xFF, 0xEF, 0xFF, 0x80, 0x00,
    0x14, 0x00, 0x15, 0x00, 0x00, 0x00, 0x00, 0x55, 0x00, 0x00, 0x00, 0x1B, 0xFF, 0xFE, 0x40, 0x00,
    0x3F, 0xFF, 0xFF, 0xF4, 0x00, 0x7F, 0xFF, 0xFF, 0xFC, 0x00, 0xBF, 0xFE, 0x41, 0xFF, 0x00, 0x7F,
    0xF4, 0x00, 0x2F, 0xC0, 0x3F, 0xF0, 0x00, 0x0B, 0xE0, 0x3F, 0xF4, 0x00, 0x03, 0xF0, 0x1F, 0xF8,
    0x00, 0x00, 0x50, 0x0F, 0xFD, 0x00, 0x00, 0x00, 0x03, 0xFF, 0x00, 0x00, 0x00, 0x01, 0xFF, 0x80,
    0x00, 0x00, 0x00, 0xBF, 0xE0, 0x00, 0x00, 0x00, 0x3F, 0xF8, 0x00, 0x00, 0x00, 0x0F, 0xFE, 0x00,
    0x00, 0x00, 0x03, 0xFF, 0x80, 0x00, 0x00, 0x00, 0xFF, 0xF0, 0x00, 0x00, 0x00, 0x2F, 0xFC, 0x00,
    0x00, 0x08, 0x0B, 0xFF, 0xC0, 0x00, 0x1F, 0x00, 0xFF, 0xFD, 0x00, 0x6F, 0xC0, 0x3F, 0xFF, 0xFF,
    0xFF, 0xF0, 0x03, 0xFF, 0xFF, 0xFF, 0xF0, 0x00, 0x3F, 0xFF, 0xFF, 0xE0, 0x00, 0x01, 0xFF, 0xFF,
    0x80, 0x00, 0x00, 0x00, 0xFC, 0x00, 0x00, 0x00, 0x00, 0x2F, 0x00, 0x00, 0x00, 0x00, 0x0F, 0xC0,
    0x00, 0x00, 0x03, 0x9B, 0xF0, 0x00, 0x00, 0x01, 0xFF, 0xF8, 0x00, 0x00, 0x00, 0x3F, 0xF8, 0x00,
    0x00, 0x00, 0x06, 0xA0, 0x00, 0x00, 0x00, 0x00, 0x00, 0x1A, 0x40, 0x00, 0x0F, 0xFF, 0xC0, 0x01,
    0xFF, 0xFF, 0x80, 0x2F, 0xFF, 0xFE, 0x01, 0xFF, 0x42, 0xF0, 0x0F, 0xF4, 0x00, 0x40, 0xBF, 0xC0,
    0x00, 0x03, 0xFD, 0x00, 0x00, 0x1F, 0xF0, 0x00, 0x00, 0xBF, 0xC0, 0x00, 0x03, 0xFE, 0x00, 0x00,
    0x0F, 0xF8, 0x00, 0x00, 0x3F, 0xF0, 0x00, 0x80, 0xFF, 0xC0, 0x1F, 0x43, 0xFF, 0xEB, 0xFD, 0x07,
    0xFF, 0xFF, 0xF0, 0x0F, 0xFF, 0xFE, 0x00, 0x0B, 0xFF, 0x90, 0x00, 0x02, 0xF0, 0x00, 0x00, 0x07,
    0xC0, 0x00, 0x08, 0x2F, 0x00, 0x00, 0xBF, 0xFC, 0x00, 0x02, 0xFF, 0xE0, 0x00, 0x03, 0xFE, 0x00,
    0x00, 0x00, 0x00, 0x00, 0x00, 0x2F, 0xFF, 0xFF, 0xFF, 0xFF, 0xC3, 0xFF, 0xFF, 0xFF, 0xFF, 0xFC,
    0x3F, 0xFF, 0xFF, 0xFF, 0xFF, 0xC7, 0xF9, 0x5F, 0xFD, 0x57, 0xF8, 0xBF, 0x00, 0xFF, 0xC0, 0x3F,
    0x4B, 0xE0, 0x1F, 0xF8, 0x03, 0xF0, 0xBD, 0x02, 0xFF, 0x40, 0x7E, 0x02, 0x80, 0x3F, 0xF0, 0x06,
    0x80, 0x00, 0x03, 0xFF, 0x00, 0x00, 0x00, 0x00, 0x3F, 0xE0, 0x00, 0x00, 0x00, 0x07, 0xFE, 0x00,
    0x00, 0x00, 0x00, 0xBF, 0xD0, 0x00, 0x00, 0x00, 0x0F, 0xFC, 0x00, 0x00, 0x00, 0x00, 0xFF, 0xC0,
    0x00, 0x00, 0x00, 0x1F, 0xF8, 0x00, 0x00, 0x00, 0x02, 0xFF, 0x40, 0x00, 0x00, 0x00, 0x2F, 0xF4,
    0x00, 0x00, 0x00, 0x03, 0xFF, 0x00, 0x00, 0x00, 0x00, 0x3F, 0xF0, 0x00, 0x00, 0x00, 0x07, 0xFE,
    0x00, 0x00, 0x00, 0x06, 0xFF, 0xFE, 0x40, 0x00, 0x02, 0xFF, 0xFF, 0xF8, 0x00, 0x00, 0x3F, 0xFF,
    0xFF, 0x40, 0x00, 0x00, 0x00, 0x0F, 0xF0, 0x00, 0x00, 0x00, 0x00, 0xFE, 0x00, 0x00, 0x00, 0x00,
    0x1F, 0xD0, 0x00, 0x00, 0x00, 0x01, 0xFC, 0x00, 0x00, 0x00, 0x00, 0x2F, 0x80, 0x00, 0x00, 0x00,
    0x02, 0xF0, 0x00, 0x00, 0x00, 0x00, 0x1A, 0x00, 0x00, 0x00, 0x01, 0x64, 0x00, 0x64, 0x00, 0x19,
    0x00, 0x2F, 0xFD, 0x07, 0xFF, 0x02, 0xFF, 0xC0, 0xFF, 0xFE, 0x2F, 0xFF, 0x0F, 0xFF, 0xD0, 0xAB,
    0xFD, 0xBF, 0xFF, 0x7F, 0xFF, 0xE0, 0x02, 0xFE, 0xF8, 0xFF, 0xBD, 0x3F, 0xD0, 0x03, 0xFF, 0xD0,
    0xFF, 0xF4, 0x3F, 0xD0, 0x03, 0xFF, 0x80, 0xFF, 0xD0, 0x7F, 0xC0, 0x07, 0xFF, 0x01, 0xFF, 0xC0,
    0x7F, 0xC0, 0x0B, 0xFD, 0x02, 0xFF, 0x40, 0xFF, 0x80, 0x0F, 0xFC, 0x03, 0xFF, 0x00, 0xFF, 0x40,
    0x0F, 0xF8, 0x03, 0xFD, 0x01, 0xFF, 0x00, 0x1F, 0xF0, 0x07, 0xFC, 0x02, 0xFF, 0x00, 0x1F, 0xF0,
    0x0B, 0xFC, 0x03, 0xFE, 0x00, 0x2F, 0xE0, 0x0F, 0xF8, 0x03, 0xFD, 0x3D, 0x3F, 0xD0, 0x0F, 0xF4,
    0x03, 0xFF, 0xBD, 0x3F, 0xD0, 0x1F, 0xF0, 0x07, 0xFF, 0xFC, 0x7F, 0xC0, 0x1F, 0xF0, 0x07, 0xFF,
    0xF8, 0xBF, 0x80, 0x2F, 0xD0, 0x03, 0xFD, 0xF8, 0x00, 0x00, 0x00, 0x00, 0x00, 0x11, 0xF8, 0x00,
    0x00, 0x00, 0x00, 0x00, 0x02, 0xFC, 0x00, 0x00, 0x00, 0x00, 0x00, 0x02, 0xFC, 0x00, 0x00, 0x00,
    0x00, 0x00, 0x03, 0xF8, 0x00, 0x00, 0x00, 0x00, 0x00, 0x1B, 0xF0, 0x00, 0x00, 0x00, 0x00, 0x00,
    0x3F, 0xD0, 0x00, 0x00, 0x00, 0x00, 0x00, 0x05, 0x00, 0x2F, 0xFF, 0xFC, 0x0F, 0xFF, 0xF8, 0xFF,
    0xFF, 0xE0, 0x7F, 0xFF, 0xE2, 0xFF, 0xFD, 0x00, 0x7F, 0xFD, 0x00, 0xFF, 0xC0, 0x00, 0xBF, 0x80,
    0x02, 0xFF, 0x00, 0x07, 0xFC, 0x00, 0x07, 0xFD, 0x00, 0x3F, 0xC0, 0x00, 0x0F, 0xFC, 0x02, 0xFD,
    0x00, 0x00, 0x2F, 0xF0, 0x1F, 0xE0, 0x00, 0x00, 0x7F, 0xD0, 0xFF, 0x00, 0x00, 0x00, 0xFF, 0xCF,
    0xF0, 0x00, 0x00, 0x02, 0xFF, 0xBF, 0x40, 0x00, 0x00, 0x03, 0xFF, 0xF8, 0x00, 0x00, 0x00, 0x0F,
    0xFF, 0xC0, 0x00, 0x00, 0x00, 0x1F, 0xFC, 0x00, 0x00, 0x00, 0x00, 0x7F, 0xE0, 0x00, 0x00, 0x00,
    0x02, 0xFF, 0x40, 0x00, 0x00, 0x00, 0x0B, 0xFC, 0x00, 0x00, 0x00, 0x00, 0x3F, 0xF0, 0x00, 0x00,
    0x00, 0x00, 0xFF, 0xC0, 0x00, 0x00, 0x00, 0x07, 0xFE, 0x00, 0x00, 0x00, 0x01, 0xBF, 0xFE, 0x40,
    0x00, 0x00, 0x2F, 0xFF, 0xFF, 0x00, 0x00, 0x00, 0xFF, 0xFF, 0xF8, 0x00, 0x00, 0x00, 0x01, 0x60,
    0x00, 0x68, 0x0B, 0xFF, 0x00, 0xFF, 0xD7, 0xFF, 0xE0, 0x1F, 0xF9, 0xFF, 0xFC, 0x03, 0xFF, 0x01,
    0xFF, 0x00, 0xBF, 0x80, 0x3F, 0xD0, 0x2F, 0xD0, 0x0F, 0xF4, 0x0F, 0xF0, 0x02, 0xFE, 0x03, 0xFC,
    0x00, 0x7F, 0x81, 0xFD, 0x00, 0x1F, 0xF0, 0xFF, 0x00, 0x03, 0xFC, 0x7F, 0x00, 0x00, 0xFF, 0x3F,
    0x80, 0x00, 0x3F, 0xEF, 0xC0, 0x00, 0x0F, 0xFF, 0xC0, 0x00, 0x02, 0xFF, 0xD0, 0x00, 0x00, 0xBF,
    0xD0, 0x00, 0x00, 0x2F, 0xD0, 0x00, 0x00, 0x0F, 0xF0, 0x00, 0x00, 0x03, 0xFC, 0x00, 0x00, 0x01,
    0xFE, 0x00, 0x00, 0x00, 0xBF, 0x40, 0x00, 0x00, 0x3F, 0xC0, 0x00, 0x00, 0x0F, 0xF0, 0x00, 0x00,
    0x7F, 0xFF, 0xC0, 0x00, 0x3F, 0xFF, 0xF0, 0x00, 0x05, 0x55, 0x54, 0x00, 0x00, 0x2F, 0xFF, 0xFC,
    0x0F, 0xFF, 0xF8, 0xFF, 0xFF, 0xE0, 0x7F, 0xFF, 0xE2, 0xFF, 0xFD, 0x00, 0x7F, 0xFD, 0x00, 0xFF,
    0xC0, 0x00, 0xBF, 0x80, 0x02, 0xFF, 0x00, 0x07, 0xFC, 0x00, 0x07, 0xFD, 0x00, 0x3F, 0xC0, 0x00,
    0x0F, 0xFC, 0x02, 0xFD, 0x00, 0x00, 0x2F, 0xF0, 0x1F, 0xE0, 0x00, 0x00, 0x7F, 0xD0, 0xFF, 0x00,
    0x00, 0x00, 0xFF, 0xCF, 0xF0, 0x00, 0x00, 0x02, 0xFF, 0xBF, 0x40, 0x00, 0x00, 0x03, 0xFF, 0xF8,
    0x00, 0x00, 0x00, 0x0F, 0xFF, 0xC0, 0x00, 0x00, 0x0F, 0xFF, 0xFF, 0xF8, 0x00, 0x00, 0x3F, 0xFF,
    0xFF, 0xE0, 0x00, 0x00, 0x56, 0xFF, 0x95, 0x00, 0x00, 0x00, 0x0B, 0xFC, 0x00, 0x00, 0x00, 0x00,
    0x3F, 0xF0, 0x00, 0x00, 0x00, 0x00, 0xFF, 0xC0, 0x00, 0x00, 0x00, 0x07, 0xFE, 0x00, 0x00, 0x00,
    0x01, 0xBF, 0xFE, 0x40, 0x00, 0x00, 0x2F, 0xFF, 0xFF, 0x00, 0x00, 0x00, 0xFF, 0xFF, 0xF8, 0x00,
    0x00, 0x00, 0x01, 0x60, 0x00, 0x68, 0x0B, 0xFF, 0x00, 0xFF, 0xD7, 0xFF, 0xE0, 0x1F, 0xF9, 0xFF,
    0xFC, 0x03, 0xFF, 0x01, 0xFF, 0x00, 0xBF, 0x80, 0x3F, 0xD0, 0x2F, 0xD0, 0x0F, 0xF4, 0x0F, 0xF0,
    0x02, 0xFE, 0x03, 0xFC, 0x00, 0x7F, 0x81, 0xFD, 0x00, 0x1F, 0xF0, 0xFF, 0x00, 0x03, 0xFC, 0x7F,
    0x00, 0x00, 0xFF, 0x3F, 0x80, 0x00, 0x3F, 0xEF, 0xC0, 0x00, 0x0F, 0xFF, 0xC0, 0x00, 0x02, 0xFF,
    0xD0, 0x00, 0x00, 0xBF, 0xD0, 0x00, 0x1F, 0xFF, 0xFF, 0xC0, 0x0B, 0xFF, 0xFF, 0xF0, 0x00, 0x07,
    0xFC, 0x00, 0x00, 0x01, 0xFE, 0x00, 0x00, 0x00, 0xBF, 0x40, 0x00, 0x00, 0x3F, 0xC0, 0x00, 0x00,
    0x0F, 0xF0, 0x00, 0x00, 0x7F, 0xFF, 0xC0, 0x00, 0x3F, 0xFF, 0xF0, 0x00, 0x05, 0x55, 0x54, 0x00,
    0x00, 0x00, 0x2F, 0xFF, 0xFC, 0x0F, 0xFF, 0xF8, 0x00, 0xFF, 0xFF, 0xE0, 0x7F, 0xFF, 0xD0, 0x02,
    0xFF, 0xFD, 0x00, 0x7F, 0xF9, 0x00, 0x00, 0xBF, 0xE0, 0x00, 0xFF, 0x40, 0x00, 0x00, 0xFF, 0xC0,
    0x0F, 0xF4, 0x00, 0x00, 0x02, 0xFF, 0x80, 0xBF, 0x40, 0x00, 0x00, 0x03, 0xFF, 0x0B, 0xF8, 0x00,
    0x00, 0x00, 0x0B, 0xFD, 0x7F, 0x80, 0x00, 0x00, 0x00, 0x0F, 0xFF, 0xF8, 0x00, 0x00, 0x00, 0x00,
    0x2F, 0xFF, 0xC0, 0x00, 0x00, 0x00, 0x00, 0x3F, 0xFC, 0x00, 0x00, 0x00, 0x00, 0x00, 0xFF, 0xD0,
    0x00, 0x00, 0x00, 0x00, 0x0B, 0xFF, 0xC0, 0x00, 0x00, 0x00, 0x00, 0xBF, 0xFF, 0x40, 0x00, 0x00,
    0x00, 0x07, 0xFB, 0xFF, 0x00, 0x00, 0x00, 0x00, 0x7F, 0x8B, 0xFD, 0x00, 0x00, 0x00, 0x07, 0xFC,
    0x0F, 0xFC, 0x00, 0x00, 0x00, 0x3F, 0xC0, 0x3F, 0xF4, 0x00, 0x00, 0x03, 0xFD, 0x00, 0x7F, 0xF0,
    0x00, 0x00, 0x3F, 0xD0, 0x00, 0xFF, 0xD0, 0x00, 0x0B, 0xFF, 0x90, 0x07, 0xFF, 0xE8, 0x00, 0xFF,
    0xFF, 0xD0, 0xFF, 0xFF, 0xF8, 0x07, 0xFF, 0xFF, 0x07, 0xFF, 0xFF, 0xE0, 0x00, 0x00, 0x00, 0x00,
    0x00, 0xBF, 0x00, 0x00, 0x00, 0x00, 0x00, 0x03, 0xFC, 0x00, 0x00, 0x00, 0x00, 0x00, 0x0F, 0xE0,
    0x00, 0x00, 0x00, 0x00, 0x00, 0x3F, 0x00, 0x00, 0x00, 0x00, 0x00, 0x00, 0xFC, 0x00, 0x00, 0x00,
    0x00, 0x00, 0x03, 0xD0, 0x00, 0x00, 0x00, 0x00, 0x00, 0x0A, 0x00, 0x00, 0x00, 0x06, 0x40, 0x00,
    0x64, 0x00, 0x3F, 0xF4, 0x01, 0xFF, 0xC0, 0x3F, 0xFF, 0x01, 0xFF, 0xF0, 0x1F, 0xFF, 0xD0, 0xFF,
    0xF8, 0x00, 0x0F, 0xF8, 0xBF, 0x18, 0x00, 0x01, 0xFF, 0x7F, 0x00, 0x00, 0x00, 0x3F, 0xFF, 0x00,
    0x00, 0x00, 0x07, 0xFF, 0x40, 0x00, 0x00, 0x00, 0xFF, 0x80, 0x00, 0x00, 0x00, 0x3F, 0xF0, 0x00,
    0x00, 0x00, 0x1F, 0xFC, 0x00, 0x00, 0x00, 0x0F, 0xFF, 0x80, 0x00, 0x00, 0x0F, 0xFF, 0xF0, 0x00,
    0x00, 0x0B, 0xF3, 0xFE, 0x1E, 0x03, 0xEF, 0xF0, 0xBF, 0xEF, 0x81, 0xFF, 0xF4, 0x1F, 0xFF, 0xD0,
    0x7F, 0xF8, 0x03, 0xFF, 0xF0, 0x0F, 0xF8, 0x00, 0x7F, 0xBC, 0x00, 0x50, 0x00, 0x01, 0x2F, 0x40,
    0x00, 0x00, 0x00, 0x0F, 0xD0, 0x00, 0x00, 0x00, 0x03, 0xF4, 0x00, 0x00, 0x00, 0x00, 0xFD, 0x00,
    0x00, 0x00, 0x01, 0xFF, 0x00, 0x00, 0x00, 0x01, 0xFF, 0x00, 0x00, 0x00, 0x00, 0x15, 0x00, 0x00,
    0x07, 0xFF, 0xFF, 0xFF, 0xD0, 0xFF, 0xFF, 0xC0, 0xBF, 0xFF, 0xFF, 0xFC, 0x2F, 0xFF, 0xFC, 0x0F,
    0xFF, 0xFF, 0xFF, 0xC1, 0xFF, 0xFE, 0x00, 0xFC, 0x3F, 0xE1, 0xFC, 0x03, 0xFF, 0x00, 0x1F, 0xC3,
    0xFD, 0x1F, 0x80, 0x3F, 0xE0, 0x01, 0xF4, 0x3F, 0xC1, 0xF4, 0x07, 0xFE, 0x00, 0x0F, 0x07, 0xFC,
    0x2E, 0x00, 0x7F, 0xD0, 0x00, 0x00, 0xBF, 0xC0, 0x00, 0x0B, 0xFC, 0x00, 0x00, 0x0F, 0xF8, 0x00,
    0x00, 0xFF, 0xC0, 0x00, 0x00, 0xFF, 0x40, 0x00, 0x0F, 0xF8, 0x00, 0x00, 0x1F, 0xF0, 0x00, 0x01,
    0xFF, 0x40, 0x00, 0x02, 0xFF, 0x00, 0x00, 0x2F, 0xF0, 0x00, 0x00, 0x2F, 0xE0, 0x00, 0x02, 0xFF,
    0x00, 0x00, 0x03, 0xFE, 0x00, 0x00, 0x3F, 0xF0, 0x00, 0x00, 0x3F, 0xD0, 0x00, 0x03, 0xFE, 0x00,
    0x00, 0x07, 0xFC, 0x00, 0x00, 0x7F, 0xD0, 0x00, 0x00, 0xBF, 0xC0, 0x00, 0x0B, 0xFC, 0x00, 0x00,
    0x0F, 0xF8, 0x00, 0x00, 0xFF, 0xC0, 0x00, 0x00, 0xFF, 0x40, 0x00, 0x0F, 0xFC, 0x00, 0x00, 0x0F,
    0xF4, 0x00, 0x01, 0xFF, 0x80, 0x00, 0x0B, 0xFF, 0xFF, 0xFF, 0xFF, 0xFF, 0x80, 0x07, 0xFF, 0xFF,
    0xFF, 0xFF, 0xFF, 0xFE, 0x00, 0xBF, 0xFF, 0xFF, 0xFF, 0xFF, 0xFF, 0xD0, 0x00, 0x00, 0x00, 0x00,
    0x00, 0x03, 0xFC, 0x00, 0x00, 0x00, 0x00, 0x00, 0x00, 0x3F, 0x80, 0x00, 0x00, 0x00, 0x00, 0x00,
    0x07, 0xF4, 0x00, 0x00, 0x00, 0x00, 0x00, 0x00, 0x7F, 0x00, 0x00, 0x00, 0x00, 0x00, 0x00, 0x0B,
    0xD0, 0x00, 0x00, 0x00, 0x00, 0x00, 0x00, 0xBC, 0x00, 0x00, 0x00, 0x00, 0x00, 0x00, 0x06, 0x80,
    0x00, 0x00, 0x02, 0xAA, 0xAA, 0x80, 0x00, 0x03, 0xFF, 0xFF, 0xC0, 0x00, 0x07, 0xFF, 0xFF, 0xC0,
    0x00, 0x01, 0x55, 0x55, 0x00, 0x00, 0x00, 0x00, 0x00, 0x00, 0x00, 0x00, 0x00, 0x00, 0x00, 0x00,
    0x59, 0x00, 0x01, 0x54, 0x1F, 0xFF, 0x40, 0x0F, 0xF4, 0x3F, 0xFF, 0x80, 0x2F, 0xF0, 0x2A, 0xFF,
    0x80, 0x2F, 0xF0, 0x00, 0xFF, 0x40, 0x3F, 0xE0, 0x00, 0xFF, 0x00, 0x3F, 0xD0, 0x01, 0xFF, 0x00,
    0x7F, 0xC0, 0x02, 0xFE, 0x00, 0xBF, 0xC0, 0x03, 0xFD, 0x00, 0xFF, 0x80, 0x07, 0xFC, 0x01, 0xFF,
    0x40, 0x0B, 0xFC, 0x03, 0xFF, 0x00, 0x0F, 0xF4, 0x0B, 0xFF, 0x00, 0x0F, 0xF0, 0x1F, 0xFF, 0x00,
    0x1F, 0xF0, 0x7E, 0xFF, 0x1E, 0x1F, 0xF6, 0xFC, 0xFF, 0xBE, 0x1F, 0xFF, 0xF0, 0xFF, 0xFC, 0x1F,
    0xFF, 0xC0, 0xFF, 0xFC, 0x0B, 0xFE, 0x00, 0xBD, 0xBC, 0x00, 0x50, 0x00, 0x10, 0xFC, 0x00, 0x00,
    0x00, 0x00, 0xFC, 0x00, 0x00, 0x00, 0x00, 0xFC, 0x00, 0x00, 0x00, 0x01, 0xFC, 0x00, 0x00, 0x00,
    0x0B, 0xF4, 0x00, 0x00, 0x00, 0x2F, 0xE0, 0x00, 0x00, 0x00, 0x05, 0x00, 0x7F, 0xFF, 0xF4, 0x7F,
    0xFF, 0xFB, 0xFF, 0xFF, 0xC3, 0xFF, 0xFF, 0xD7, 0xFF, 0xFD, 0x07, 0xFF, 0xFD, 0x01, 0xFF, 0x40,
    0x02, 0xFF, 0x40, 0x0B, 0xFC, 0x00, 0x0F, 0xFC, 0x00, 0x3F, 0xF0, 0x00, 0x3F, 0xF0, 0x00, 0xFF,
    0xC0, 0x00, 0xFF, 0x80, 0x03, 0xFE, 0x00, 0x07, 0xFE, 0x00, 0x1F, 0xF8, 0x00, 0x2F, 0xF4, 0x00,
    0x7F, 0xF0, 0x00, 0xFF, 0xC0, 0x00, 0xFF, 0xE0, 0x03, 0xFF, 0x00, 0x03, 0xFF, 0xFF, 0xFF, 0xF8,
    0x00, 0x07, 0xFF, 0xFF, 0xFF, 0xD0, 0x00, 0x07, 0xFF, 0xFF, 0xFF, 0x40, 0x00, 0x00, 0x69, 0x4F,
    0xFC, 0x00, 0x00, 0x00, 0x00, 0x3F, 0xF0, 0x00, 0x00, 0x00, 0x01, 0xFF, 0x80, 0x00, 0x00, 0x00,
    0x0B, 0xFD, 0x00, 0x00, 0x00, 0x00, 0x3F, 0xF0, 0x00, 0x00, 0x00, 0x00, 0xFF, 0xC0, 0x00, 0x00,
    0x00, 0x6F, 0xFF, 0xF8, 0x00, 0x00, 0x07, 0xFF, 0xFF, 0xF0, 0x00, 0x00, 0x2F, 0xFF, 0xFF, 0xC0,
    0x00, 0x00, 0x00, 0x02, 0xFD, 0x00, 0x00, 0x00, 0x00, 0x0F, 0xF0, 0x00, 0x00, 0x00, 0x00, 0x3F,
    0x80, 0x00, 0x00, 0x00, 0x00, 0xFD, 0x00, 0x00, 0x00, 0x00, 0x03, 0xF0, 0x00, 0x00, 0x00, 0x00,
    0x0F, 0x80, 0x00, 0x00, 0x00, 0x00, 0x28, 0x00, 0x00, 0x00, 0x64, 0x00, 0x05, 0x40, 0xBF, 0xF4,
    0x01, 0xFF, 0x0B, 0xFF, 0xD0, 0x0F, 0xF8, 0x2A, 0xFF, 0x00, 0x3F, 0xD0, 0x03, 0xFC, 0x01, 0xFF,
    0x00, 0x0F, 0xF0, 0x07, 0xFC, 0x00, 0x7F, 0x80, 0x2F, 0xE0, 0x02, 0xFD, 0x01, 0xFF, 0x40, 0x0B,
    0xF8, 0x0F, 0xFC, 0x00, 0x2F, 0xFB, 0xFF, 0xF0, 0x00, 0x3F, 0xFF, 0xFF, 0xC0, 0x00, 0x7F, 0xE3,
    0xFE, 0x00, 0x00, 0x00, 0x0F, 0xF4, 0x00, 0x00, 0x00, 0x3F, 0xC3, 0xC0, 0x00, 0x01, 0xFF, 0xBF,
    0x00, 0x00, 0x0B, 0xFF, 0xF4, 0x00, 0x00, 0x1F, 0xFF, 0xC0, 0x00, 0x00, 0x3F, 0x9F, 0x00, 0x00,
    0x00, 0x10, 0xFD, 0x00, 0x00, 0x00, 0x03, 0xF4, 0x00, 0x00, 0x00, 0x0F, 0xD0, 0x00, 0x00, 0x00,
    0x3F, 0x40, 0x00, 0x00, 0x07, 0xFC, 0x00, 0x00, 0x00, 0x7F, 0xC0, 0x00, 0x00, 0x00, 0x54, 0x00,
    0x7F, 0xFF, 0xF4, 0x3F, 0xFF, 0xFC, 0xFF, 0xFF, 0xF0, 0xBF, 0xFF, 0xF8, 0x7F, 0xFF, 0xD0, 0x7F,
    0xFF, 0xE0, 0x07, 0xFD, 0x00, 0x07, 0xFE, 0x00, 0x0B, 0xFC, 0x00, 0x0B, 0xFD, 0x00, 0x0F, 0xFC,
    0x00, 0x0B, 0xFD, 0x00, 0x0F, 0xFC, 0x00, 0x0F, 0xFC, 0x00, 0x0F, 0xF8, 0x2D, 0x0F, 0xFC, 0x00,
    0x1F, 0xF8, 0x3D, 0x1F, 0xF8, 0x00, 0x1F, 0xF8, 0x3C, 0x2F, 0xF4, 0x00, 0x0F, 0xFD, 0x7C, 0x3F,
    0xF0, 0x00, 0x0F, 0xFF, 0xFE, 0xFF, 0xF0, 0x00, 0x07, 0xFF, 0xFF, 0xFF, 0xF0, 0x00, 0x01, 0xFF,
    0xFF, 0xFF, 0xE0, 0x00, 0x00, 0x06, 0xF4, 0xBF, 0xD0, 0x00, 0x00, 0x01, 0xF0, 0xFF, 0xC0, 0x00,
    0x00, 0x02, 0xE0, 0xFF, 0xC0, 0x00, 0x00, 0x03, 0xE1, 0xFF, 0x80, 0x00, 0x00, 0x00, 0x01, 0xFF,
    0x80, 0x00, 0x00, 0x00, 0x02, 0xFF, 0x40, 0x00, 0x00, 0x00, 0x2F, 0xFF, 0xE0, 0x00, 0x00, 0x00,
    0xFF, 0xFF, 0xF8, 0x00, 0x00, 0x01, 0xFF, 0xFF, 0xF4, 0x00, 0x00, 0x64, 0x00, 0x01, 0x40, 0xBF,
    0xF4, 0x00, 0xFF, 0x4B, 0xFF, 0xD0, 0x07, 0xFC, 0x2A, 0xFF, 0x00, 0x2F, 0xE0, 0x03, 0xFC, 0x00,
    0xFF, 0x40, 0x0F, 0xE0, 0x03, 0xFC, 0x00, 0x7F, 0x45, 0x1F, 0xF0, 0x02, 0xFD, 0x38, 0xBF, 0xC0,
    0x0B, 0xF5, 0xE3, 0xFE, 0x00, 0x2F, 0xFB, 0xFF, 0xF4, 0x00, 0x3F, 0xFF, 0xFF, 0xC0, 0x00, 0x7F,
    0xF6, 0xFF, 0x00, 0x00, 0x03, 0xCB, 0xF8, 0x00, 0x00, 0x0E, 0x3F, 0xE1, 0x80, 0x00, 0x74, 0xFF,
    0xEF, 0x00, 0x00, 0x03, 0xFF, 0xFC, 0x00, 0x00, 0x0F, 0xFF, 0xC0, 0x00, 0x00, 0x2F, 0xF4, 0x00,
    0x00, 0x00, 0x04, 0x00, 0x00, 0x00, 0x0F, 0xFF, 0xFF, 0x00, 0x00, 0x00, 0x2F, 0xFF, 0xFE, 0x00,
    0x00, 0x00, 0x1F, 0xFF, 0xF8, 0x00, 0x00, 0x00, 0x00, 0xFF, 0x80, 0x00, 0x00, 0x00, 0x01, 0xFF,
    0x80, 0x00, 0x00, 0x00, 0x02, 0xFF, 0x40, 0x00, 0x00, 0x00, 0x03, 0xFF, 0x00, 0x00, 0x00, 0x00,
    0x03, 0xFF, 0x00, 0x00, 0x00, 0x00, 0x03, 0xFE, 0x1A, 0xA4, 0x00, 0x00, 0x07, 0xFF, 0xFF, 0xFF,
    0x80, 0x00, 0x0B, 0xFF, 0xFF, 0xFF, 0xE0, 0x00, 0x0F, 0xFF, 0xEA, 0xFF, 0xF0, 0x00, 0x0F, 0xFC,
    0x00, 0x3F, 0xF0, 0x00, 0x0F, 0xF8, 0x00, 0x3F, 0xF0, 0x00, 0x1F, 0xF4, 0x00, 0x3F, 0xF0, 0x00,
    0x2F, 0xF0, 0x00, 0x3F, 0xF0, 0x00, 0x3F, 0xF0, 0x00, 0x3F, 0xE0, 0x00, 0x3F, 0xF0, 0x00, 0x7F,
    0xE0, 0x00, 0x7F, 0xE0, 0x00, 0xBF, 0xD0, 0x00, 0xBF, 0xD0, 0x00, 0xFF, 0xC0, 0x06, 0xFF, 0xF8,
    0x07, 0xFF, 0xF8, 0x2F, 0xFF, 0xFD, 0x2F, 0xFF, 0xFC, 0x3F, 0xFF, 0xFC, 0x3F, 0xFF, 0xFC, 0x00,
    0x05, 0x40, 0x00, 0x00, 0x0B, 0xFF, 0xC0, 0x00, 0x00, 0xBF, 0xFF, 0x40, 0x00, 0x02, 0xFF, 0xFC,
    0x00, 0x00, 0x00, 0x2F, 0xF0, 0x00, 0x00, 0x00, 0xFF, 0x80, 0x00, 0x00, 0x03, 0xFD, 0x00, 0x00,
    0x00, 0x1F, 0xF0, 0x00, 0x00, 0x00, 0xBF, 0xC0, 0x29, 0x00, 0x03, 0xFD, 0x0F, 0xFF, 0x00, 0x0F,
    0xF1, 0xFF, 0xFC, 0x00, 0x3F, 0xDF, 0xFF, 0xF4, 0x01, 0xFE, 0xFD, 0x3F, 0xD0, 0x0B, 0xFF, 0xC0,
    0xFF, 0x00, 0x3F, 0xFC, 0x07, 0xFC, 0x00, 0xFF, 0xD0, 0x2F, 0xE0, 0x07, 0xFF, 0x00, 0xFF, 0x40,
    0x2F, 0xF4, 0x03, 0xFC, 0x00, 0xFF, 0xC0, 0x1F, 0xF0, 0x03, 0xFE, 0x00, 0xBF, 0x80, 0x1F, 0xF4,
    0x03, 0xFD, 0x00, 0x7F, 0xC0, 0x0F, 0xF0, 0x92, 0xFF, 0x00, 0x7F, 0xEF, 0xCF, 0xF8, 0x02, 0xFF,
    0xFE, 0x3F, 0xD0, 0x07, 0xFF, 0xE1, 0xFF, 0x00, 0x0F, 0xFD, 0x00, 0x00, 0x00, 0x05, 0x00, 0x00,
    0x00, 0x00, 0x00, 0x00, 0x55, 0x00, 0x00, 0x00, 0x00, 0x01, 0xFF, 0xFF, 0x40, 0x00, 0x00, 0x01,
    0xFF, 0xFF, 0xFE, 0x00, 0x00, 0x00, 0xBF, 0xFF, 0xFF, 0xF4, 0x01, 0x40, 0x2F, 0xFD, 0x07, 0xFF,
    0xC1, 0xFC, 0x0B, 0xFE, 0x00, 0x0F, 0xFC, 0x7F, 0x41, 0xFF, 0x80, 0x00, 0xFF, 0xCB, 0xF0, 0x3F,
    0xF0, 0x00, 0x0F, 0xFC, 0xFF, 0x0B, 0xFD, 0x00, 0x00, 0xFF, 0xCB, 0xF0, 0xFF, 0xC0, 0x00, 0x0F,
    0xF8, 0x7F, 0xEF, 0xFD, 0x55, 0x56, 0xFF, 0x43, 0xFF, 0xFF, 0xFF, 0xFF, 0xFF, 0xF0, 0x0B, 0xFF,
    0xFF, 0xFF, 0xFF, 0xFE, 0x00, 0x07, 0xFF, 0xAA, 0xAA, 0xAA, 0x80, 0x00, 0x3F, 0xF0, 0x00, 0x00,
    0x00, 0x00, 0x03, 0xFF, 0x00, 0x00, 0x00, 0x00, 0x00, 0x3F, 0xF4, 0x00, 0x00, 0x00, 0x00, 0x03,
    0xFF, 0x40, 0x00, 0x02, 0x40, 0x00, 0x2F, 0xFC, 0x00, 0x00, 0xBC, 0x00, 0x01, 0xFF, 0xE0, 0x00,
    0x7F, 0xC0, 0x00, 0x0F, 0xFF, 0xE6, 0xBF, 0xF4, 0x00, 0x00, 0x7F, 0xFF, 0xFF, 0xFE, 0x00, 0x00,
    0x01, 0xFF, 0xFF, 0xFF, 0x40, 0x00, 0x00, 0x02, 0xFF, 0xFE, 0x40, 0x00, 0x00, 0x00, 0x00, 0x54,
    0x00, 0x00, 0x00, 0x00, 0x00, 0x00, 0x1A, 0x40, 0x00, 0x00, 0x1F, 0xFF, 0xC0, 0x00, 0x02, 0xFF,
    0xFF, 0x80, 0x00, 0x2F, 0xE6, 0xFF, 0x00, 0x02, 0xFD, 0x03, 0xFC, 0x2D, 0x0F, 0xE0, 0x1F, 0xE3,
    0xF0, 0xBF, 0x00, 0xFF, 0x1F, 0x83, 0xF8, 0x0B, 0xF4, 0x7E, 0x2F, 0xD1, 0xFF, 0x41, 0xFD, 0xFF,
    0xBF, 0xF4, 0x03, 0xFF, 0xFF, 0xFE, 0x00, 0x02, 0xFF, 0xFF, 0x40, 0x00, 0x00, 0x7F, 0xC0, 0x00,
    0x90, 0x00, 0xFF, 0x40, 0x1F, 0x80, 0x03, 0xFF, 0x57, 0xFE, 0x00, 0x07, 0xFF, 0xFF, 0xF0, 0x00,
    0x0F, 0xFF, 0xFE, 0x00, 0x00, 0x0B, 0xFF, 0x80, 0x00, 0x00, 0x01, 0x40, 0x00, 0x00, 0x00, 0x00,
    0x00, 0x00, 0x55, 0x00, 0x00, 0x00, 0x00, 0x01, 0xFF, 0xFF, 0x40, 0x00, 0x00, 0x01, 0xFF, 0xFF,
    0xFE, 0x00, 0x00, 0x00, 0xBF, 0xFF, 0xFF, 0xF4, 0x01, 0x40, 0x2F, 0xFD, 0x07, 0xFF, 0xC1, 0xFC,
    0x0B, 0xFE, 0x00, 0x0F, 0xFC, 0x7F, 0x41, 0xFF, 0x80, 0x00, 0xFF, 0xCB, 0xF0, 0x3F, 0xF0, 0x00,
    0x0F, 0xFC, 0xFF, 0x0B, 0xFD, 0x00, 0x00, 0xFF, 0xCB, 0xF0, 0xFF, 0xC0, 0x00, 0x0F, 0xF8, 0x7F,
    0xEF, 0xFD, 0x55, 0x56, 0xFF, 0x43, 0xFF, 0xFF, 0xFF, 0xFF, 0xFF, 0xF0, 0x0B, 0xFF, 0xFF, 0xFF,
    0xFF, 0xFE, 0x00, 0x07, 0xFF, 0xAA, 0xAA, 0xAA, 0x80, 0x00, 0x3F, 0xF0, 0x00, 0x00, 0x00, 0x00,
    0x03, 0xFF, 0x00, 0x00, 0x00, 0x00, 0x00, 0x3F, 0xF4, 0x00, 0x00, 0x00, 0x00, 0x03, 0xFF, 0x40,
    0x00, 0x02, 0x40, 0x00, 0x2F, 0xFC, 0x00, 0x00, 0xBC, 0x00, 0x01, 0xFF, 0xE0, 0x00, 0x7F, 0xC0,
    0x00, 0x0F, 0xFF, 0xE6, 0xBF, 0xF4, 0x00, 0x00, 0x7F, 0xFF, 0xFF, 0xFE, 0x00, 0x00, 0x01, 0xFF,
    0xFF, 0xFF, 0x40, 0x00, 0x00, 0x02, 0xFF, 0xFE, 0x40, 0x00, 0x00, 0x00, 0x03, 0xFD, 0x00, 0x00,
    0x00, 0x00, 0x00, 0x3F, 0xC0, 0x00, 0x00, 0x00, 0x00, 0x03, 0xF4, 0x00, 0x00, 0x00, 0x00, 0x00,
    0x7F, 0x00, 0x00, 0x00, 0x00, 0x00, 0x07, 0xF0, 0x00, 0x00, 0x00, 0x00, 0x00, 0x7D, 0x00, 0x00,
    0x00, 0x00, 0x00, 0x03, 0xC0, 0x00, 0x00, 0x00, 0x00, 0x00, 0x00, 0x00, 0x00, 0x00, 0x00, 0x00,
    0x00, 0x1A, 0x40, 0x00, 0x00, 0x1F, 0xFF, 0xC0, 0x00, 0x02, 0xFF, 0xFF, 0x80, 0x00, 0x2F, 0xE6,
    0xFF, 0x00, 0x02, 0xFD, 0x03, 0xFC, 0x2D, 0x0F, 0xE0, 0x1F, 0xE3, 0xF0, 0xBF, 0x00, 0xFF, 0x1F,
    0x83, 0xF8, 0x0B, 0xF4, 0x7E, 0x2F, 0xD1, 0xFF, 0x41, 0xFD, 0xFF, 0xBF, 0xF4, 0x03, 0xFF, 0xFF,
    0xFE, 0x00, 0x02, 0xFF, 0xFF, 0x40, 0x00, 0x00, 0x7F, 0xC0, 0x00, 0x90, 0x00, 0xFF, 0x40, 0x1F,
    0x80, 0x03, 0xFF, 0x57, 0xFE, 0x00, 0x07, 0xFF, 0xFF, 0xF0, 0x00, 0x0F, 0xFF, 0xFE, 0x00, 0x00,
    0x0B, 0xFF, 0x80, 0x00, 0x00, 0x03, 0xF4, 0x00, 0x00, 0x00, 0x0F, 0xC0, 0x00, 0x00, 0x00, 0x3F,
    0x00, 0x00, 0x00, 0x00, 0xF8, 0x00, 0x00, 0x00, 0x03, 0xD0, 0x00, 0x00, 0x00, 0x0F, 0x00, 0x00,
    0x00, 0x00, 0x04, 0x00, 0x00, 0x00, 0x0F, 0xFF, 0xFF, 0x00, 0x0B, 0xFF, 0xFF, 0xC0, 0x01, 0xFF,
    0xFF, 0x80, 0x00, 0x03, 0xFF, 0x00, 0x00, 0x01, 0xFF, 0x80, 0x00, 0x00, 0xBF, 0xD0, 0x00, 0x00,
    0x3F, 0xF0, 0x00, 0x00, 0x0F, 0xFC, 0x00, 0x00, 0x03, 0xFF, 0x00, 0x00, 0x01, 0xFF, 0x80, 0x00,
    0x00, 0xBF, 0xD0, 0x00, 0x00, 0x3F, 0xF0, 0x00, 0x00, 0x0F, 0xFC, 0x00, 0x00, 0x03, 0xFE, 0x00,
    0x00, 0x01, 0xFF, 0x80, 0x00, 0x00, 0xBF, 0xD0, 0x00, 0x00, 0x3F, 0xF0, 0x00, 0x00, 0x0F, 0xFC,
    0x00, 0x00, 0x07, 0xFE, 0x00, 0x00, 0x02, 0xFF, 0x40, 0x00, 0x06, 0xFF, 0xF9, 0x00, 0x0B, 0xFF,
    0xFF, 0xC0, 0x03, 0xFF, 0xFF, 0xE0, 0x00, 0x00, 0x00, 0x00, 0x00, 0x00, 0x00, 0x04, 0x00, 0x00,
    0x00, 0x00, 0x00, 0x00, 0x00, 0x00, 0x07, 0x00, 0x00, 0x00, 0x00, 0x00, 0x00, 0x0B, 0xD0, 0x03,
    0xC0, 0x00, 0x00, 0x00, 0x00, 0x00, 0x03, 0xF8, 0x02, 0xF0, 0x00, 0x00, 0x00, 0x00, 0x00, 0x00,
    0xFF, 0x9B, 0xF4, 0x00, 0x00, 0x00, 0x00, 0x00, 0x00, 0x2F, 0xFF, 0xF8, 0x00, 0x00, 0x00, 0x00,
    0x00, 0x00, 0x01, 0xFF, 0xE4, 0x00, 0x00, 0x00, 0x00, 0x00, 0x00, 0x00, 0x00, 0x00, 0x00, 0x00,
    0x00, 0x00, 0x00, 0x00, 0x00, 0x00, 0x00, 0x00, 0x00, 0x00, 0x00, 0x00, 0x54, 0x00, 0x00, 0x00,
    0x00, 0x00, 0x15, 0x00, 0x00, 0xFF, 0xC0, 0x07, 0xFF, 0xFD, 0x00, 0x7F, 0xF0, 0x00, 0x7F, 0xFC,
    0x03, 0xFF, 0xFF, 0x00, 0x7F, 0xFD, 0x00, 0x1F, 0xFF, 0x40, 0x7F, 0xFE, 0x00, 0x7F, 0xFF, 0x00,
    0x03, 0xEF, 0xF0, 0x03, 0xFD, 0x00, 0x3F, 0xEF, 0x80, 0x00, 0x40, 0xFC, 0x00, 0xFF, 0x40, 0x3F,
    0xC0, 0x40, 0x00, 0x00, 0x2F, 0x80, 0x3F, 0xC0, 0x2F, 0xC0, 0x00, 0x00, 0x00, 0x07, 0xF0, 0x1F,
    0xF0, 0x1F, 0xC0, 0x00, 0x00, 0x00, 0x00, 0xFC, 0x0B, 0xF8, 0x0F, 0xD0, 0x00, 0x00, 0x00, 0x00,
    0x2F, 0x43, 0xFD, 0x0B, 0xE0, 0x00, 0x00, 0x00, 0x00, 0x07, 0xF0, 0xFF, 0x07, 0xF0, 0x00, 0x00,
    0x00, 0x00, 0x02, 0xFF, 0xFF, 0xFF, 0xF4, 0x00, 0x00, 0x00, 0x00, 0x02, 0xFF, 0xFF, 0xFF, 0xFE,
    0x00, 0x00, 0x00, 0x00, 0x01, 0xFF, 0x9F, 0xF9, 0xBF, 0xC0, 0x00, 0x00, 0x00, 0x00, 0xFF, 0x83,
    0xFD, 0x0F, 0xF4, 0x00, 0x00, 0x00, 0x00, 0xFF, 0xC0, 0xFF, 0x02, 0xFE, 0x00, 0x00, 0x00, 0x00,
    0xFF, 0xD0, 0x7F, 0xC0, 0x7F, 0xC0, 0x00, 0x00, 0x00, 0xFF, 0xE0, 0x1F, 0xF0, 0x0F, 0xF8, 0x00,
    0x00, 0x00, 0xBF, 0xF0, 0x0B, 0xF8, 0x02, 0xFF, 0x00, 0x00, 0x00, 0xFF, 0xF0, 0x03, 0xFD, 0x00,
    0x3F, 0xF0, 0x00, 0x00, 0xFF, 0xF4, 0x00, 0xFF, 0x00, 0x0F, 0xFD, 0x00, 0x01, 0xFF, 0xF8, 0x01,
    0xFF, 0xE4, 0x01, 0xFF, 0xD0, 0x01, 0xFF, 0xF8, 0x02, 0xFF, 0xFF, 0x00, 0x2F, 0xFE, 0x00, 0x2F,
    0xF4, 0x00, 0xFF, 0xFF, 0xC0, 0x02, 0xFF, 0x40, 0x00, 0x40, 0x00, 0x00, 0x00, 0x00, 0x00, 0x04,
    0x00, 0x00, 0x00, 0x00, 0x00, 0x00, 0x00, 0x00, 0x00, 0x00, 0x00, 0x00, 0x00, 0x00, 0x00, 0x90,
    0x00, 0x00, 0x00, 0x00, 0x2F, 0x00, 0x1E, 0x00, 0x00, 0x00, 0x00, 0x03, 0xF0, 0x03, 0xD0, 0x00,
    0x00, 0x00, 0x00, 0x7F, 0x81, 0xFC, 0x00, 0x00, 0x00, 0x00, 0x03, 0xFF, 0xFF, 0x00, 0x00, 0x00,
    0x00, 0x00, 0x1F, 0xFF, 0x80, 0x00, 0x00, 0x00, 0x00, 0x00, 0x15, 0x40, 0x00, 0x00, 0x00, 0x00,
    0x00, 0x00, 0x00, 0x00, 0x00, 0x00, 0x00, 0x69, 0x00, 0x05, 0x40, 0x01, 0xA0, 0x00, 0x7F, 0xFC,
    0x03, 0xF8, 0x02, 0xFF, 0xC0, 0x1F, 0xFF, 0xD0, 0x3F, 0x40, 0xBF, 0xFD, 0x07, 0xFF, 0xFF, 0x07,
    0xF0, 0x2F, 0xFF, 0xC0, 0xBE, 0x6F, 0xF0, 0xBF, 0x07, 0xF4, 0x28, 0x07, 0x40, 0xFF, 0x0F, 0xE0,
    0xFD, 0x00, 0x00, 0x00, 0x0B, 0xF3, 0xFD, 0x3F, 0x80, 0x00, 0x00, 0x00, 0xBF, 0xFF, 0xCB, 0xF0,
    0x00, 0x00, 0x00, 0x0B, 0xFF, 0xFD, 0xFF, 0x00, 0x00, 0x00, 0x00, 0xFF, 0xFF, 0xFF, 0xE0, 0x00,
    0x00, 0x00, 0x0F, 0xF3, 0xFF, 0xFD, 0x00, 0x00, 0x00, 0x01, 0xFC, 0x7F, 0xEF, 0xD0, 0x00, 0x00,
    0x00, 0x3F, 0x4B, 0xF9, 0xFD, 0x00, 0x40, 0x10, 0x0B, 0xE0, 0xFF, 0x1F, 0xF0, 0x2E, 0x03, 0xD7,
    0xFC, 0x0F, 0xD0, 0xFF, 0xEF, 0xE0, 0xBF, 0xFF, 0x01, 0xFC, 0x0F, 0xFF, 0xFC, 0x0B, 0xFF, 0xD0,
    0x2F, 0xC0, 0x7F, 0xFF, 0x00, 0x7F, 0xE0, 0x03, 0xF4, 0x02, 0xFF, 0x80, 0x00, 0x50, 0x00, 0x10,
    0x00, 0x01, 0x00, 0x00, 0x00, 0x00, 0x00, 0x00, 0x00, 0x01, 0x40, 0x00, 0x3F, 0xFF, 0xFC, 0x00,
    0xFF, 0xC0, 0x02, 0xFF, 0xFF, 0xE0, 0x1F, 0xFF, 0x80, 0x07, 0xFF, 0xFE, 0x00, 0xFF, 0xFD, 0x00,
    0x00, 0xFF, 0x80, 0x0F, 0xFE, 0xF0, 0x00, 0x07, 0xFD, 0x00, 0xBF, 0x41, 0x40, 0x00, 0x2F, 0xF0,
    0x07, 0xF4, 0x00, 0x00, 0x00, 0xFF, 0xC0, 0x3F, 0x80, 0x00, 0x00, 0x03, 0xFF, 0x03, 0xFC, 0x00,
    0x00, 0x00, 0x1F, 0xF8, 0x1F, 0xC0, 0x00, 0x00, 0x00, 0x7F, 0xD5, 0xFD, 0x00, 0x00, 0x00, 0x02,
    0xFF, 0xFF, 0xFE, 0x00, 0x00, 0x00, 0x0F, 0xFF, 0xFF, 0xFF, 0x00, 0x00, 0x00, 0x3F, 0xF9, 0xBF,
    0xFE, 0x00, 0x00, 0x01, 0xFF, 0x80, 0x2F, 0xFD, 0x00, 0x00, 0x0B, 0xFD, 0x00, 0x2F, 0xF8, 0x00,
    0x00, 0x3F, 0xF0, 0x00, 0x3F, 0xF0, 0x00, 0x00, 0xFF, 0xC0, 0x00, 0xFF, 0xC0, 0x00, 0x03, 0xFE,
    0x00, 0x03, 0xFF, 0x00, 0x00, 0x1F, 0xF4, 0x00, 0x0F, 0xFC, 0x00, 0x00, 0xBF, 0xC0, 0x00, 0x3F,
    0xF0, 0x00, 0x1F, 0xFF, 0xE0, 0x00, 0xFF, 0x80, 0x02, 0xFF, 0xFF, 0xE0, 0x07, 0xFD, 0x00, 0x0F,
    0xFF, 0xFF, 0x40, 0x2F, 0xF0, 0x00, 0x00, 0x00, 0x00, 0x00, 0xFF, 0x80, 0x00, 0x00, 0x00, 0x00,
    0x0F, 0xFC, 0x00, 0x00, 0x00, 0x07, 0x00, 0xBF, 0xD0, 0x00, 0x00, 0x00, 0x7F, 0xAF, 0xFD, 0x00,
    0x00, 0x00, 0x02, 0xFF, 0xFF, 0xD0, 0x00, 0x00, 0x00, 0x07, 0xFF, 0xF8, 0x00, 0x00, 0x00, 0x00,
    0x02, 0xA9, 0x00, 0x00, 0x00, 0x00, 0x00, 0x64, 0x00, 0x0A, 0x02, 0xFF, 0xE0, 0x07, 0xFC, 0xFF,
    0xFF, 0x01, 0xFF, 0xCA, 0xBF, 0xE0, 0x3F, 0xFC, 0x02, 0xFE, 0x0B, 0xE1, 0x40, 0x3F, 0xD1, 0xFC,
    0x00, 0x03, 0xFC, 0x3F, 0x00, 0x00, 0x7F, 0xC3, 0xE0, 0x00, 0x0B, 0xFD, 0xBD, 0x00, 0x00, 0xFF,
    0xFF, 0xF8, 0x00, 0x0F, 0xFF, 0xFF, 0xF0, 0x01, 0xFF, 0x56, 0xFF, 0x80, 0x1F, 0xF0, 0x0B, 0xFC,
    0x02, 0xFE, 0x00, 0x3F, 0xC0, 0x3F, 0xD0, 0x03, 0xFD, 0x03, 0xFC, 0x00, 0x3F, 0xD0, 0x7F, 0xC0,
    0x03, 0xFC, 0x0B, 0xF4, 0x00, 0x3F, 0xC0, 0x00, 0x00, 0x03, 0xFC, 0x00, 0x00, 0x00, 0x7F, 0x40,
    0x00, 0x00, 0x0F, 0xF0, 0x00, 0x1C, 0x02, 0xFD, 0x00, 0x07, 0xF5, 0xBF, 0xC0, 0x00, 0xBF, 0xFF,
    0xF0, 0x00, 0x03, 0xFF, 0xF8, 0x00, 0x00, 0x06, 0xA4, 0x00, 0x00, 0x00, 0x00, 0x7F, 0xFF, 0xFF,
    0xFF, 0xFC, 0x00, 0x00, 0xBF, 0xFF, 0xFF, 0xFF, 0xFC, 0x00, 0x00, 0x7F, 0xFF, 0xFF, 0xFF, 0xE0,
    0x00, 0x00, 0x03, 0xFC, 0x03, 0xFF, 0x00, 0x00, 0x00, 0x03, 0xF8, 0x07, 0xFE, 0x00, 0x00, 0x00,
    0x07, 0xF4, 0x07, 0xFD, 0x00, 0x00, 0x00, 0x0B, 0xF0, 0x0B, 0xFC, 0x00, 0x00, 0x00, 0x0F, 0xE0,
    0x0F, 0xFC, 0x00, 0x00, 0x00, 0x0F, 0xD0, 0x0F, 0xFC, 0x00, 0x00, 0x00, 0x1F, 0xC0, 0x1F, 0xF8,
    0x00, 0x00, 0x00, 0x3F, 0xC0, 0x2F, 0xF4, 0x00, 0x00, 0x00, 0x3F, 0x40, 0x3F, 0xF0, 0x00, 0x00,
    0x00, 0xBF, 0x00, 0x3F, 0xF0, 0x00, 0x00, 0x00, 0xFE, 0x00, 0x3F, 0xE0, 0x00, 0x00, 0x01, 0xFD,
    0x00, 0x7F, 0xE0, 0x00, 0x00, 0x03, 0xFC, 0x00, 0xBF, 0xD0, 0x00, 0x00, 0x07, 0xF4, 0x00, 0xFF,
    0xC0, 0x00, 0x00, 0x0F, 0xF0, 0x00, 0xFF, 0xC0, 0x00, 0x24, 0x3F, 0xC0, 0x01, 0xFF, 0x80, 0x00,
    0x3F, 0xFF, 0x80, 0x02, 0xFF, 0x40, 0x00, 0xBF, 0xFF, 0x00, 0x1B, 0xFF, 0xF8, 0x00, 0xBF, 0xFC,
    0x00, 0xFF, 0xFF, 0xFD, 0x00, 0x3F, 0xE0, 0x01, 0xFF, 0xFF, 0xFC, 0x00, 0x04, 0x00, 0x00, 0x00,
    0x07, 0xF8, 0x00, 0x00, 0x00, 0x00, 0x00, 0x0F, 0xF0, 0x00, 0x00, 0x00, 0x00, 0x00, 0x1F, 0xD0,
    0x00, 0x00, 0x00, 0x00, 0x00, 0x3F, 0x80, 0x00, 0x00, 0x00, 0x00, 0x00, 0xBF, 0x00, 0x00, 0x00,
    0x00, 0x00, 0x01, 0xF8, 0x00, 0x00, 0x00, 0x00, 0x00, 0x00, 0x90, 0x00, 0x00, 0x00, 0x00, 0x00,
    0x1A, 0xA5, 0x00, 0x00, 0x00, 0x2F, 0xFF, 0xF0, 0x00, 0x00, 0x0F, 0xFF, 0xFF, 0x00, 0x00, 0x02,
    0xFF, 0xBF, 0xD0, 0x00, 0x00, 0x3F, 0x43, 0xFC, 0x00, 0x00, 0x0B, 0xE0, 0x7F, 0xC0, 0x00, 0x00,
    0xFC, 0x0B, 0xF8, 0x00, 0x00, 0x1F, 0xC0, 0xFF, 0x40, 0x00, 0x03, 0xF4, 0x0F, 0xF0, 0x00, 0x00,
    0x3F, 0x01, 0xFE, 0x00, 0x00, 0x0B, 0xF0, 0x3F, 0xD0, 0x00, 0x00, 0xFD, 0x03, 0xFC, 0x00, 0x00,
    0x1F, 0xC0, 0x7F, 0xC1, 0x01, 0x03, 0xF8, 0x0B, 0xFC, 0x7C, 0x3E, 0xFF, 0x00, 0xBF, 0xEF, 0xC3,
    0xFF, 0xE0, 0x0F, 0xFF, 0xFC, 0x3F, 0xFC, 0x00, 0xFF, 0xFF, 0x83, 0xFE, 0x00, 0x07, 0xFF, 0xF0,
    0x01, 0x00, 0x00, 0x04, 0x7E, 0x00, 0x00, 0x00, 0x00, 0x0F, 0xC0, 0x00, 0x00, 0x00, 0x01, 0xF8,
    0x00, 0x00, 0x00, 0x00, 0x3F, 0x00, 0x00, 0x00, 0x00, 0x0B, 0xD0, 0x00, 0x00, 0x00, 0x00, 0xB4,
    0x00, 0x00, 0x00, 0x00, 0x00, 0x00, 0x00, 0x00, 0x0F, 0xFF, 0xFF, 0x02, 0xFF, 0xFF, 0xD0, 0x02,
    0xFF, 0xFF, 0xE0, 0x3F, 0xFF, 0xFC, 0x00, 0x1F, 0xFF, 0xF8, 0x02, 0xFF, 0xFE, 0x40, 0x00, 0x0F,
    0xFC, 0x00, 0x02, 0xFF, 0x40, 0x00, 0x01, 0xFF, 0x80, 0x00, 0x3F, 0xF0, 0x00, 0x00, 0x2F, 0xF4,
    0x00, 0x03, 0xFF, 0x00, 0x00, 0x03, 0xFF, 0x00, 0x00, 0x7F, 0xE0, 0x00, 0x00, 0x3F, 0xF0, 0x00,
    0x0B, 0xFD, 0x00, 0x00, 0x07, 0xFE, 0x00, 0x00, 0xBF, 0xC0, 0x00, 0x00, 0x7F, 0xE0, 0x00, 0x0F,
    0xFC, 0x00, 0x00, 0x0B, 0xFF, 0xFF, 0xFF, 0xFF, 0xC0, 0x00, 0x00, 0xFF, 0xFF, 0xFF, 0xFF, 0xF8,
    0x00, 0x00, 0x0F, 0xFF, 0xFF, 0xFF, 0xFF, 0x40, 0x00, 0x01, 0xFF, 0x80, 0x00, 0x3F, 0xF0, 0x00,
    0x00, 0x2F, 0xF4, 0x00, 0x03, 0xFF, 0x00, 0x00, 0x03, 0xFF, 0x00, 0x00, 0x3F, 0xE0, 0x00, 0x00,
    0x3F, 0xF0, 0x00, 0x07, 0xFD, 0x00, 0x00, 0x03, 0xFF, 0x00, 0x00, 0xBF, 0xD0, 0x00, 0x00, 0x7F,
    0xE0, 0x00, 0x0F, 0xFC, 0x00, 0x00, 0x0B, 0xFD, 0x00, 0x00, 0xFF, 0xC0, 0x00, 0x07, 0xFF, 0xF9,
    0x00, 0x1F, 0xF8, 0x00, 0x02, 0xFF, 0xFF, 0xE0, 0x02, 0xFF, 0x40, 0x00, 0x3F, 0xFF, 0xFD, 0x00,
    0x3F, 0xF0, 0x00, 0x00, 0x00, 0x00, 0x00, 0x03, 0xFE, 0x00, 0x00, 0x00, 0x00, 0x00, 0x00, 0xBF,
    0xD0, 0x00, 0x00, 0x00, 0x00, 0x70, 0x0F, 0xFC, 0x00, 0x00, 0x00, 0x00, 0x1F, 0xEB, 0xFF, 0x00,
    0x00, 0x00, 0x00, 0x02, 0xFF, 0xFF, 0xD0, 0x00, 0x00, 0x00, 0x00, 0x1F, 0xFF, 0xF0, 0x00, 0x00,
    0x00, 0x00, 0x00, 0x2B, 0xA0, 0x00, 0x00, 0x00, 0x00, 0x64, 0x00, 0x05, 0x42, 0xFF, 0xF0, 0x03,
    0xFE, 0xFF, 0xFF, 0x00, 0x3F, 0xEA, 0xBF, 0xF0, 0x03, 0xFD, 0x02, 0xFE, 0x00, 0x7F, 0xC0, 0x3F,
    0xD0, 0x0B, 0xFC, 0x03, 0xFD, 0x00, 0xFF, 0x80, 0x7F, 0xD5, 0x5F, 0xF4, 0x0B, 0xFF, 0xFF, 0xFF,
    0x40, 0xFF, 0xFF, 0xFF, 0xF0, 0x0F, 0xFA, 0xAB, 0xFF, 0x01, 0xFF, 0x00, 0x3F, 0xE0, 0x1F, 0xF0,
    0x03, 0xFD, 0x02, 0xFF, 0x00, 0x7F, 0xC0, 0x3F, 0xE0, 0x0B, 0xFC, 0x03, 0xFD, 0x00, 0xBF, 0xC0,
    0x7F, 0xC0, 0x0F, 0xF8, 0x0B, 0xF8, 0x00, 0xFF, 0x40, 0x00, 0x00, 0x1F, 0xF0, 0x00, 0x00, 0x02,
    0xFE, 0x00, 0x00, 0x00, 0x3F, 0xC0, 0x00, 0x1C, 0x07, 0xF8, 0x00, 0x07, 0xF5, 0xFF, 0x00, 0x00,
    0xBF, 0xFF, 0xD0, 0x00, 0x07, 0xFF, 0xF4, 0x00, 0x00, 0x06, 0xA4, 0x00, 0x00, 0x00, 0x0F, 0xFF,
    0xFF, 0x02, 0xFF, 0xFF, 0xD0, 0x02, 0xFF, 0xFF, 0xE0, 0x3F, 0xFF, 0xFC, 0x00, 0x1F, 0xFF, 0xF8,
    0x02, 0xFF, 0xFE, 0x40, 0x00, 0x0F, 0xFC, 0x00, 0x02, 0xFF, 0x40, 0x00, 0x01, 0xFF, 0x80, 0x00,
    0x3F, 0xF0, 0x00, 0x00, 0x2F, 0xF4, 0x00, 0x03, 0xFF, 0x00, 0x00, 0x03, 0xFF, 0x00, 0x00, 0x7F,
    0xE0, 0x00, 0x00, 0x3F, 0xF0, 0x00, 0x0B, 0xFD, 0x00, 0x00, 0x07, 0xFE, 0x00, 0x00, 0xBF, 0xC0,
    0x00, 0x00, 0x7F, 0xE0, 0x00, 0x0F, 0xFC, 0x00, 0x00, 0x0B, 0xFF, 0xFF, 0xFF, 0xFF, 0xC0, 0x00,
    0x00, 0xFF, 0xFF, 0xFF, 0xFF, 0xF8, 0x00, 0x00, 0x0F, 0xFF, 0xFF, 0xFF, 0xFF, 0x40, 0x00, 0x01,
    0xFF, 0x80, 0x00, 0x3F, 0xF0, 0x00, 0x00, 0x2F, 0xF4, 0x00, 0x03, 0xFF, 0x00, 0x00, 0x03, 0xFF,
    0x00, 0x00, 0x3F, 0xE0, 0x00, 0x00, 0x3F, 0xF0, 0x00, 0x07, 0xFD, 0x00, 0x00, 0x03, 0xFF, 0x00,
    0x00, 0xBF, 0xD0, 0x00, 0x00, 0x7F, 0xE0, 0x00, 0x0F, 0xFC, 0x00, 0x00, 0x0B, 0xFD, 0x00, 0x00,
    0xFF, 0xC0, 0x00, 0x07, 0xFF, 0xF9, 0x00, 0xBF, 0xFF, 0xD0, 0x02, 0xFF, 0xFF, 0xE0, 0x3F, 0xFF,
    0xFF, 0x00, 0x3F, 0xFF, 0xFD, 0x07, 0xFF, 0xFF, 0xE0, 0x00, 0x00, 0x00, 0x00, 0x00, 0x03, 0xFC,
    0x00, 0x00, 0x00, 0x00, 0x00, 0x00, 0x7F, 0x80, 0x00, 0x00, 0x00, 0x00, 0x00, 0x0F, 0xF0, 0x00,
    0x00, 0x00, 0x00, 0x00, 0x02, 0xFC, 0x00, 0x00, 0x00, 0x00, 0x00, 0x00, 0x7F, 0x40, 0x00, 0x00,
    0x00, 0x00, 0x00, 0x0F, 0xC0, 0x00, 0x00, 0x00, 0x00, 0x00, 0x00, 0xA0, 0x00, 0x00, 0x00, 0x64,
    0x00, 0x05, 0x40, 0x2F, 0xFF, 0x00, 0x3F, 0xE0, 0xFF, 0xFF, 0x00, 0x3F, 0xE0, 0xAB, 0xFF, 0x00,
    0x3F, 0xD0, 0x02, 0xFE, 0x00, 0x7F, 0xC0, 0x03, 0xFD, 0x00, 0xBF, 0xC0, 0x03, 0xFD, 0x00, 0xFF,
    0x80, 0x07, 0xFD, 0x55, 0xFF, 0x40, 0x0B, 0xFF, 0xFF, 0xFF, 0x00, 0x0F, 0xFF, 0xFF, 0xFF, 0x00,
    0x0F, 0xFA, 0xAB, 0xFE, 0x00, 0x1F, 0xF0, 0x03, 0xFD, 0x00, 0x1F, 0xF0, 0x03, 0xFC, 0x10, 0x2F,
    0xF0, 0x07, 0xFC, 0x7C, 0x3F, 0xE0, 0x0B, 0xFE, 0xFC, 0x3F, 0xD0, 0x0B, 0xFF, 0xFC, 0x7F, 0xC0,
    0x0B, 0xFF, 0xF8, 0xBF, 0x80, 0x07, 0xFF, 0xF0, 0x00, 0x00, 0x00, 0x47, 0xE0, 0x00, 0x00, 0x00,
    0x0F, 0xC0, 0x00, 0x00, 0x00, 0x1F, 0x80, 0x00, 0x00, 0x00, 0x3F, 0x00, 0x00, 0x00, 0x00, 0xBD,
    0x00, 0x00, 0x00, 0x00, 0xB4, 0x00, 0x00, 0x00, 0x00, 0x00, 0x00, 0x7F, 0xFF, 0xF4, 0x7F, 0xFF,
    0xFB, 0xFF, 0xFF, 0xC3, 0xFF, 0xFF, 0xD7, 0xFF, 0xFD, 0x07, 0xFF, 0xFD, 0x01, 0xFF, 0x40, 0x02,
    0xFF, 0x40, 0x0B, 0xFC, 0x00, 0x0F, 0xFC, 0x00, 0x3F, 0xF0, 0x00, 0x3F, 0xF0, 0x00, 0xFF, 0xC0,
    0x00, 0xFF, 0x80, 0x03, 0xFE, 0x00, 0x07, 0xFE, 0x00, 0x1F, 0xF8, 0x00, 0x2F, 0xF4, 0x00, 0x7F,
    0xF0, 0x00, 0xFF, 0xC0, 0x00, 0xFF, 0xE0, 0x03, 0xFF, 0x00, 0x03, 0xFF, 0xFF, 0xFF, 0xF8, 0x00,
    0x07, 0xFF, 0xFF, 0xFF, 0xD0, 0x00, 0x07, 0xFF, 0xFF, 0xFF, 0x40, 0x00, 0x00, 0x69, 0x4F, 0xFC,
    0x00, 0x00, 0x00, 0x00, 0x3F, 0xF0, 0x00, 0x00, 0x00, 0x01, 0xFF, 0x80, 0x00, 0x00, 0x00, 0x0B,
    0xFD, 0x00, 0x00, 0x00, 0x00, 0x3F, 0xF0, 0x00, 0x00, 0x00, 0x00, 0xFF, 0xC0, 0x00, 0x00, 0x00,
    0x6F, 0xFF, 0xE0, 0x00, 0x00, 0x0B, 0xFF, 0xFF, 0xD0, 0x00, 0x00, 0x3F, 0xFF, 0xFF, 0x00, 0x00,
    0x00, 0xFF, 0x40, 0x00, 0x00, 0x00, 0x03, 0xFC, 0x00, 0x00, 0x00, 0x00, 0x0F, 0xD0, 0x00, 0x00,
    0x00, 0x00, 0x3F, 0x00, 0x00, 0x00, 0x00, 0x00, 0xF8, 0x00, 0x00, 0x00, 0x00, 0x03, 0xD0, 0x00,
    0x00, 0x00, 0x00, 0x0A, 0x00, 0x00, 0x00, 0x00, 0x00, 0x64, 0x00, 0x05, 0x42, 0xFF, 0xD0, 0x07,
    0xFC, 0xBF, 0xFD, 0x00, 0xFF, 0x8A, 0xBF, 0xC0, 0x0F, 0xF4, 0x03, 0xFC, 0x01, 0xFF, 0x00, 0x3F,
    0xC0, 0x1F, 0xF0, 0x07, 0xF8, 0x02, 0xFE, 0x00, 0xBF, 0x40, 0x7F, 0xD0, 0x0B, 0xF8, 0x0F, 0xFD,
    0x00, 0xBF, 0xEF, 0xFF, 0xC0, 0x03, 0xFF, 0xFF, 0xFC, 0x00, 0x1F, 0xF8, 0xFF, 0x80, 0x00, 0x00,
    0x0F, 0xF4, 0x00, 0x00, 0x00, 0xFF, 0x00, 0x00, 0x00, 0x1F, 0xF0, 0x00, 0x00, 0x07, 0xFF, 0x00,
    0x00, 0x07, 0xFF, 0xF0, 0x00, 0x00, 0xFF, 0xFE, 0x00, 0x00, 0x0F, 0xF0, 0x00, 0x00, 0x00, 0xFD,
    0x00, 0x00, 0x00, 0x1F, 0xC0, 0x00, 0x00, 0x01, 0xF8, 0x00, 0x00, 0x00, 0x1F, 0x40, 0x00, 0x00,
    0x02, 0xF0, 0x00, 0x00, 0x00, 0x04, 0x00, 0x00, 0x00, 0x00, 0x01, 0xFF, 0xFF, 0x00, 0x00, 0xBF,
    0xFF, 0x00, 0x00, 0xBF, 0xFF, 0xC0, 0x00, 0x7F, 0xFF, 0xC0, 0x00, 0x0B, 0xFF, 0xF0, 0x00, 0x3F,
    0xFF, 0x80, 0x00, 0x00, 0xBF, 0xFD, 0x00, 0x1F, 0xFF, 0x40, 0x00, 0x00, 0x3F, 0xFF, 0x40, 0x0F,
    0xFF, 0xD0, 0x00, 0x00, 0x1F, 0xFF, 0xD0, 0x07, 0xFF, 0xF4, 0x00, 0x00, 0x0B, 0xFB, 0xF8, 0x03,
    0xF7, 0xFC, 0x00, 0x00, 0x03, 0xFA, 0xFE, 0x01, 0xFC, 0xFF, 0x00, 0x00, 0x00, 0xFC, 0x7F, 0xC0,
    0xFD, 0x3F, 0xC0, 0x00, 0x00, 0xBF, 0x1F, 0xF0, 0xBF, 0x1F, 0xF0, 0x00, 0x00, 0x3F, 0x83, 0xFC,
    0x3F, 0x07, 0xFC, 0x00, 0x00, 0x0F, 0xD0, 0xFF, 0x6F, 0x82, 0xFF, 0x00, 0x00, 0x07, 0xF0, 0x3F,
    0xEF, 0xC0, 0xBF, 0xC0, 0x00, 0x03, 0xFC, 0x0B, 0xFF, 0xE0, 0x2F, 0xF0, 0x00, 0x00, 0xFD, 0x01,
    0xFF, 0xF0, 0x0F, 0xF8, 0x00, 0x00, 0x7F, 0x00, 0x7F, 0xF8, 0x03, 0xFE, 0x00, 0x00, 0x2F, 0xC0,
    0x0F, 0xFC, 0x00, 0xFF, 0x80, 0x00, 0x0F, 0xE0, 0x03, 0xFD, 0x00, 0x3F, 0xE0, 0x00, 0x07, 0xF4,
    0x00, 0xBF, 0x00, 0x0F, 0xF8, 0x00, 0x02, 0xFC, 0x00, 0x2F, 0x40, 0x03, 0xFD, 0x00, 0x06, 0xFF,
    0x90, 0x00, 0x00, 0x1B, 0xFF, 0xF8, 0x0B, 0xFF, 0xFC, 0x00, 0x00, 0x1F, 0xFF, 0xFF, 0x83, 0xFF,
    0xFF, 0x00, 0x00, 0x0B, 0xFF, 0xFF, 0xD0, 0x00, 0x00, 0x00, 0x00, 0x00, 0x00, 0x0F, 0xF0, 0x00,
    0x00, 0x00, 0x00, 0x00, 0x00, 0x0B, 0xF4, 0x00, 0x00, 0x00, 0x00, 0x00, 0x00, 0x03, 0xF8, 0x00,
    0x00, 0x00, 0x00, 0x00, 0x00, 0x03, 0xFC, 0x00, 0x00, 0x00, 0x00, 0x00, 0x00, 0x02, 0xFC, 0x00,
    0x00, 0x00, 0x00, 0x00, 0x00, 0x00, 0xFC, 0x00, 0x00, 0x00, 0x00, 0x00, 0x00, 0x00, 0x24, 0x00,
    0x00, 0x00, 0x01, 0x69, 0x00, 0x00, 0x69, 0x40, 0x00, 0xFF, 0xFE, 0x00, 0x0F, 0xFF, 0x40, 0x0B,
    0xFF, 0xFD, 0x00, 0xFF, 0xFC, 0x00, 0x15, 0xFF, 0xF8, 0x07, 0xFF, 0xE0, 0x00, 0x03, 0xFF, 0xF0,
    0x3F, 0xBF, 0x40, 0x00, 0x1F, 0xAF, 0xC2, 0xF6, 0xFC, 0x00, 0x00, 0x7D, 0x7F, 0x0F, 0xCF, 0xF0,
    0x00, 0x02, 0xF5, 0xFD, 0x7D, 0x3F, 0x80, 0x00, 0x0F, 0xC3, 0xF7, 0xF1, 0xFD, 0x00, 0x00, 0x3F,
    0x0F, 0xFF, 0x47, 0xF4, 0x00, 0x01, 0xF8, 0x3F, 0xFC, 0x2F, 0xC0, 0x00, 0x0B, 0xD0, 0xFF, 0xD0,
    0xFF, 0x00, 0x00, 0x3F, 0x03, 0xFF, 0x03, 0xFC, 0x10, 0x01, 0xFC, 0x0F, 0xF8, 0x0F, 0xE2, 0xE3,
    0xEF, 0xD0, 0x3F, 0xC0, 0x3F, 0xEF, 0x8F, 0xFF, 0x00, 0xFF, 0x01, 0xFF, 0xFD, 0x3F, 0xF4, 0x03,
    0xF4, 0x03, 0xFF, 0xF0, 0xFF, 0x40, 0x05, 0x40, 0x0F, 0xFF, 0xC0, 0x50, 0x00, 0x00, 0x00, 0x04,
    0xBD, 0x00, 0x00, 0x00, 0x00, 0x00, 0x03, 0xF0, 0x00, 0x00, 0x00, 0x00, 0x00, 0x2F, 0x40, 0x00,
    0x00, 0x00, 0x00, 0x01, 0xF8, 0x00, 0x00, 0x00, 0x00, 0x00, 0x0F, 0xC0, 0x00, 0x00, 0x00, 0x00,
    0x00, 0x3C, 0x00, 0x00, 0x00, 0x00, 0x00, 0x00, 0x00, 0x00, 0x00, 0x06, 0xAA, 0xAA, 0x00, 0x03,
    0xFF, 0xFF, 0xC0, 0x00, 0xFF, 0xFF, 0xD0, 0x00, 0x07, 0xFF, 0x40, 0x00, 0x00, 0xFF, 0x80, 0x00,
    0x00, 0x3F, 0xD0, 0x00, 0x00, 0x0F, 0xF0, 0x00, 0x00, 0x07, 0xFC, 0x00, 0x00, 0x02, 0xFF, 0x00,
    0x00, 0x00, 0xFF, 0x80, 0x00, 0x00, 0x3F, 0xD0, 0x00, 0x00, 0x0F, 0xF0, 0x00, 0x00, 0x07, 0xFC,
    0x00, 0x00, 0x02, 0xFF, 0x00, 0x00, 0x00, 0xFF, 0x80, 0x00, 0x00, 0x3F, 0xD0, 0x00, 0x00, 0x0F,
    0xF0, 0x00, 0x00, 0x07, 0xFC, 0x00, 0x00, 0x02, 0xFF, 0x00, 0x00, 0x00, 0xFF, 0x80, 0x00, 0x00,
    0x3F, 0xD0, 0x00, 0x00, 0x1F, 0xF0, 0x00, 0x00, 0x07, 0xFC, 0x00, 0x00, 0x1B, 0xFF, 0xE0, 0x00,
    0x2F, 0xFF, 0xFD, 0x00, 0x0F, 0xFF, 0xFF, 0x00, 0x00, 0x00, 0x00, 0x00, 0x00, 0x00, 0x10, 0x00,
    0x00, 0x00, 0x00, 0x00, 0x03, 0x40, 0x00, 0x00, 0x01, 0xF4, 0x00, 0xB4, 0x00, 0x00, 0x00, 0x3F,
    0xC0, 0x2F, 0x00, 0x00, 0x00, 0x03, 0xFE, 0x6F, 0xE0, 0x00, 0x00, 0x00, 0x1F, 0xFF, 0xF8, 0x00,
    0x00, 0x00, 0x00, 0x7F, 0xFD, 0x00, 0x00, 0x00, 0x00, 0x00, 0x00, 0x00, 0x00, 0x00, 0x00, 0x00,
    0x00, 0x00, 0x00, 0x00, 0x00, 0x00, 0x00, 0x01, 0x40, 0x00, 0x00, 0x00, 0x00, 0x03, 0xFC, 0x00,
    0x00, 0x00, 0x00, 0x00, 0xFF, 0xC0, 0x00, 0x00, 0x00, 0x00, 0x2F, 0xFD, 0x00, 0x00, 0x00, 0x00,
    0x07, 0xFF, 0xD0, 0x00, 0x00, 0x00, 0x00, 0xFF, 0xFE, 0x00, 0x00, 0x00, 0x00, 0x1F, 0xEF, 0xF0,
    0x00, 0x00, 0x00, 0x03, 0xF9, 0xFF, 0x00, 0x00, 0x00, 0x00, 0xBF, 0x0F, 0xF0, 0x00, 0x00, 0x00,
    0x0F, 0xE0, 0xFF, 0x40, 0x00, 0x00, 0x03, 0xFC, 0x0F, 0xF8, 0x00, 0x00, 0x00, 0x7F, 0x40, 0xBF,
    0xC0, 0x00, 0x00, 0x0F, 0xF0, 0x0B, 0xFC, 0x00, 0x00, 0x02, 0xFD, 0x00, 0x7F, 0xC0, 0x00, 0x00,
    0x3F, 0xD5, 0x5B, 0xFD, 0x00, 0x00, 0x0F, 0xFF, 0xFF, 0xFF, 0xE0, 0x00, 0x01, 0xFF, 0xFF, 0xFF,
    0xFF, 0x00, 0x00, 0x3F, 0xEA, 0xAA, 0xBF, 0xF0, 0x00, 0x0B, 0xF8, 0x00, 0x02, 0xFF, 0x00, 0x00,
    0xFF, 0x00, 0x00, 0x2F, 0xF4, 0x00, 0x2F, 0xE0, 0x00, 0x01, 0xFF, 0x80, 0x1B, 0xFE, 0x40, 0x00,
    0xBF, 0xFF, 0x4B, 0xFF, 0xFD, 0x00, 0x7F, 0xFF, 0xFC, 0xFF, 0xFF, 0xC0, 0x0B, 0xFF, 0xFF, 0xC0,
    0x00, 0x00, 0x00, 0x00, 0x00, 0x00, 0x00, 0x00, 0x00, 0x90, 0x00, 0x01, 0xF0, 0x00, 0xE0, 0x00,
    0x03, 0xF0, 0x03, 0xD0, 0x00, 0x03, 0xF8, 0x1F, 0xC0, 0x00, 0x03, 0xFF, 0xFF, 0x40, 0x00, 0x01,
    0xFF, 0xFC, 0x00, 0x00, 0x00, 0x15, 0x40, 0x00, 0x00, 0x00, 0x00, 0x00, 0x00, 0x00, 0x00, 0x69,
    0x01, 0x50, 0x00, 0x07, 0xFF, 0xCF, 0xF0, 0x00, 0x2F, 0xFF, 0xFF, 0xF0, 0x00, 0xBF, 0xFB, 0xFF,
    0xD0, 0x01, 0xFF, 0x80, 0xBF, 0xC0, 0x03, 0xFE, 0x00, 0xBF, 0xC0, 0x0B, 0xFC, 0x00, 0xFF, 0x80,
    0x0F, 0xF8, 0x00, 0xFF, 0x00, 0x1F, 0xF0, 0x01, 0xFF, 0x00, 0x2F, 0xF0, 0x03, 0xFF, 0x00, 0x3F,
    0xE0, 0x07, 0xFE, 0x00, 0x3F, 0xE0, 0x0F, 0xFD, 0x00, 0x3F, 0xE0, 0x2F, 0xFD, 0x00, 0x3F, 0xE0,
    0xBE, 0xFC, 0x2C, 0x3F, 0xF6, 0xF9, 0xFF, 0xFC, 0x2F, 0xFF, 0xE1, 0xFF, 0xF8, 0x1F, 0xFF, 0x81,
    0xFF, 0xE0, 0x0B, 0xFE, 0x00, 0xFF, 0x40, 0x00, 0x50, 0x00, 0x10, 0x00, 0x00, 0x00, 0x00, 0x14,
    0x00, 0x40, 0x00, 0x00, 0x00, 0x0F, 0xE0, 0xBF, 0x00, 0x00, 0x00, 0x02, 0xFF, 0x0F, 0xF4, 0x00,
    0x00, 0x00, 0x3F, 0xE1, 0xFF, 0x00, 0x00, 0x00, 0x02, 0xF8, 0x0F, 0xD0, 0x00, 0x00, 0x00, 0x00,
    0x00, 0x00, 0x00, 0x00, 0x00, 0x00, 0x00, 0x00, 0x00, 0x00, 0x00, 0x00, 0x00, 0x01, 0x40, 0x00,
    0x00, 0x00, 0x00, 0x03, 0xFC, 0x00, 0x00, 0x00, 0x00, 0x00, 0xFF, 0xC0, 0x00, 0x00, 0x00, 0x00,
    0x2F, 0xFD, 0x00, 0x00, 0x00, 0x00, 0x07, 0xFF, 0xD0, 0x00, 0x00, 0x00, 0x00, 0xFF, 0xFE, 0x00,
    0x00, 0x00, 0x00, 0x1F, 0xEF, 0xF0, 0x00, 0x00, 0x00, 0x03, 0xF9, 0xFF, 0x00, 0x00, 0x00, 0x00,
    0xBF, 0x0F, 0xF0, 0x00, 0x00, 0x00, 0x0F, 0xE0, 0xFF, 0x40, 0x00, 0x00, 0x03, 0xFC, 0x0F, 0xF8,
    0x00, 0x00, 0x00, 0x7F, 0x40, 0xBF, 0xC0, 0x00, 0x00, 0x0F, 0xF0, 0x0B, 0xFC, 0x00, 0x00, 0x02,
    0xFD, 0x00, 0x7F, 0xC0, 0x00, 0x00, 0x3F, 0xD5, 0x5B, 0xFD, 0x00, 0x00, 0x0F, 0xFF, 0xFF, 0xFF,
    0xE0, 0x00, 0x01, 0xFF, 0xFF, 0xFF, 0xFF, 0x00, 0x00, 0x3F, 0xEA, 0xAA, 0xBF, 0xF0, 0x00, 0x0B,
    0xF8, 0x00, 0x02, 0xFF, 0x00, 0x00, 0xFF, 0x00, 0x00, 0x2F, 0xF4, 0x00, 0x2F, 0xE0, 0x00, 0x01,
    0xFF, 0x80, 0x1B, 0xFE, 0x40, 0x00, 0xBF, 0xFF, 0x4B, 0xFF, 0xFD, 0x00, 0x7F, 0xFF, 0xFC, 0xFF,
    0xFF, 0xC0, 0x0B, 0xFF, 0xFF, 0xC0, 0x00, 0x00, 0x00, 0x00, 0x00, 0x00, 0x01, 0xFC, 0x0B, 0xD0,
    0x00, 0x03, 0xFD, 0x2F, 0xE0, 0x00, 0x07, 0xFC, 0x3F, 0xD0, 0x00, 0x03, 0xF4, 0x2F, 0x80, 0x00,
    0x00, 0x40, 0x04, 0x00, 0x00, 0x00, 0x00, 0x00, 0x00, 0x00, 0x00, 0x00, 0x00, 0x00, 0x00, 0x00,
    0x69, 0x01, 0x50, 0x00, 0x07, 0xFF, 0xCF, 0xF0, 0x00, 0x2F, 0xFF, 0xFF, 0xF0, 0x00, 0xBF, 0xFB,
    0xFF, 0xD0, 0x01, 0xFF, 0x80, 0xBF, 0xC0, 0x03, 0xFE, 0x00, 0xBF, 0xC0, 0x0B, 0xFC, 0x00, 0xFF,
    0x80, 0x0F, 0xF8, 0x00, 0xFF, 0x00, 0x1F, 0xF0, 0x01, 0xFF, 0x00, 0x2F, 0xF0, 0x03, 0xFF, 0x00,
    0x3F, 0xE0, 0x07, 0xFE, 0x00, 0x3F, 0xE0, 0x0F, 0xFD, 0x00, 0x3F, 0xE0, 0x2F, 0xFD, 0x00, 0x3F,
    0xE0, 0xBE, 0xFC, 0x2C, 0x3F, 0xF6, 0xF9, 0xFF, 0xFC, 0x2F, 0xFF, 0xE1, 0xFF, 0xF8, 0x1F, 0xFF,
    0x81, 0xFF, 0xE0, 0x0B, 0xFE, 0x00, 0xFF, 0x40, 0x00, 0x50, 0x00, 0x10, 0x00, 0x00, 0x00, 0x00,
    0x03, 0xFF, 0xFF, 0xFF, 0xFF, 0xE0, 0x00, 0x00, 0x00, 0x3F, 0xFF, 0xFF, 0xFF, 0xFE, 0x00, 0x00,
    0x00, 0x00, 0x6F, 0xFF, 0xFF, 0xFF, 0xE0, 0x00, 0x00, 0x00, 0x03, 0xFF, 0xF4, 0x05, 0xFD, 0x00,
    0x00, 0x00, 0x00, 0xBE, 0xFF, 0x00, 0x0F, 0xC0, 0x00, 0x00, 0x00, 0x1F, 0xCF, 0xF0, 0x00, 0xFC,
    0x00, 0x00, 0x00, 0x07, 0xF1, 0xFE, 0x00, 0x0A, 0x00, 0x00, 0x00, 0x00, 0xFD, 0x2F, 0xD0, 0x00,
    0x00, 0x00, 0x00, 0x00, 0x3F, 0x83, 0xFC, 0x00, 0x00, 0x00, 0x00, 0x00, 0x0B, 0xF0, 0x3F, 0xC0,
    0x00, 0x00, 0x00, 0x00, 0x02, 0xFD, 0x07, 0xFF, 0xFF, 0xF0, 0x00, 0x00, 0x00, 0x7F, 0x40, 0xFF,
    0xFF, 0xFE, 0x00, 0x00, 0x00, 0x0F, 0xE0, 0x0F, 0xFF, 0xFF, 0xC0, 0x00, 0x00, 0x03, 0xFD, 0x01,
    0xFF, 0x00, 0x00, 0x00, 0x00, 0x00, 0xFF, 0xFF, 0xFF, 0xF0, 0x00, 0x00, 0x00, 0x00, 0x2F, 0xFF,
    0xFF, 0xFE, 0x00, 0x00, 0x00, 0x00, 0x07, 0xFD, 0x55, 0x7F, 0xD0, 0x00, 0x7C, 0x00, 0x01, 0xFF,
    0x00, 0x03, 0xFD, 0x00, 0x0F, 0xC0, 0x00, 0x3F, 0xC0, 0x00, 0x7F, 0xC0, 0x01, 0xFC, 0x00, 0x0F,
    0xF4, 0x00, 0x0B, 0xFC, 0x00, 0x7F, 0xC0, 0x07, 0xFF, 0x40, 0x07, 0xFF, 0xFF, 0xFF, 0xF8, 0x03,
    0xFF, 0xFE, 0x02, 0xFF, 0xFF, 0xFF, 0xFF, 0x00, 0x3F, 0xFF, 0xD0, 0x3F, 0xFF, 0xFF, 0xFF, 0xF0,
    0x00, 0x00, 0x00, 0x69, 0x40, 0x01, 0xA4, 0x00, 0x00, 0x7F, 0xFF, 0x82, 0xFF, 0xF4, 0x00, 0x2F,
    0xFF, 0xFF, 0xFF, 0xFF, 0xC0, 0x0B, 0xFF, 0xBF, 0xFF, 0x9B, 0xFC, 0x01, 0xFF, 0x80, 0x3F, 0xE0,
    0x3F, 0xC0, 0x3F, 0xE0, 0x03, 0xFC, 0x03, 0xFC, 0x0B, 0xFC, 0x00, 0xBF, 0x40, 0xBF, 0x40, 0xFF,
    0x80, 0x0F, 0xF0, 0x2F, 0xE0, 0x1F, 0xF0, 0x02, 0xFE, 0x0F, 0xF8, 0x02, 0xFF, 0x00, 0x3F, 0xEB,
    0xFD, 0x00, 0x3F, 0xE0, 0x0B, 0xFF, 0xFE, 0x00, 0x03, 0xFE, 0x00, 0xFF, 0xFE, 0x00, 0x00, 0x3F,
    0xE0, 0x3F, 0xFD, 0x00, 0x0A, 0x03, 0xFE, 0x0B, 0xFF, 0xE0, 0x03, 0xF0, 0x3F, 0xF6, 0xFA, 0xFF,
    0x96, 0xFF, 0x02, 0xFF, 0xFF, 0x0F, 0xFF, 0xFF, 0xC0, 0x1F, 0xFF, 0xC0, 0xBF, 0xFF, 0xE0, 0x00,
    0x7F, 0xE0, 0x02, 0xFF, 0xE4, 0x00, 0x00, 0x50, 0x00, 0x00, 0x40, 0x00, 0x00, 0x00, 0x00, 0x00,
    0x00, 0x00, 0x00, 0x00, 0x00, 0x00, 0x00, 0x03, 0x40, 0x00, 0x00, 0x7E, 0x00, 0x2E, 0x00, 0x00,
    0x02, 0xFC, 0x01, 0xF4, 0x00, 0x00, 0x0F, 0xFD, 0xBF, 0x80, 0x00, 0x00, 0x1F, 0xFF, 0xFC, 0x00,
    0x00, 0x00, 0x1F, 0xFF, 0x40, 0x00, 0x00, 0x00, 0x00, 0x00, 0x00, 0x00, 0x00, 0x00, 0x00, 0x00,
    0x00, 0x00, 0x00, 0x00, 0x00, 0x00, 0x00, 0x00, 0xFF, 0xFF, 0xFF, 0xFF, 0x40, 0x0B, 0xFF, 0xFF,
    0xFF, 0xFD, 0x00, 0x1F, 0xFF, 0xFF, 0xFF, 0xF0, 0x00, 0x03, 0xFE, 0x01, 0x6F, 0xC0, 0x00, 0x1F,
    0xF4, 0x00, 0x7F, 0x00, 0x00, 0xBF, 0xC0, 0x01, 0xF8, 0x00, 0x03, 0xFF, 0x00, 0x07, 0xC0, 0x00,
    0x0F, 0xFC, 0x00, 0x00, 0x00, 0x00, 0x7F, 0xE0, 0x00, 0x00, 0x00, 0x01, 0xFF, 0x40, 0x00, 0x00,
    0x00, 0x0B, 0xFF, 0xFF, 0xF8, 0x00, 0x00, 0x3F, 0xFF, 0xFF, 0xD0, 0x00, 0x00, 0xFF, 0xFF, 0xFF,
    0x00, 0x00, 0x07, 0xFE, 0x00, 0x00, 0x00, 0x00, 0x2F, 0xF4, 0x00, 0x00, 0x00, 0x00, 0xFF, 0xC0,
    0x00, 0x00, 0x00, 0x03, 0xFF, 0x00, 0x02, 0xE0, 0x00, 0x0F, 0xF8, 0x00, 0x1F, 0xC0, 0x00, 0x7F,
    0xD0, 0x00, 0xFE, 0x00, 0x02, 0xFF, 0x40, 0x1B, 0xF4, 0x00, 0x7F, 0xFF, 0xFF, 0xFF, 0xC0, 0x0B,
    0xFF, 0xFF, 0xFF, 0xFF, 0x00, 0x3F, 0xFF, 0xFF, 0xFF, 0xF4, 0x00, 0x00, 0x00, 0x00, 0x00, 0x00,
    0x00, 0x00, 0x00, 0xC0, 0x00, 0xB8, 0x00, 0xB4, 0x00, 0x7F, 0x00, 0x7C, 0x00, 0x2F, 0xD0, 0x7E,
    0x00, 0x07, 0xFF, 0xFF, 0x00, 0x00, 0x7F, 0xFE, 0x00, 0x00, 0x01, 0x54, 0x00, 0x00, 0x00, 0x00,
    0x00, 0x00, 0x00, 0x06, 0x90, 0x00, 0x00, 0x7F, 0xFF, 0x00, 0x00, 0xBF, 0xFF, 0xE0, 0x00, 0xBF,
    0x9B, 0xFC, 0x00, 0x7F, 0x40, 0xFF, 0x00, 0x3F, 0x80, 0x7F, 0x80, 0x2F, 0xC0, 0x3F, 0xC0, 0x0F,
    0xE0, 0x2F, 0xD0, 0x07, 0xF4, 0x7F, 0xD0, 0x02, 0xFE, 0xFF, 0xD0, 0x00, 0xFF, 0xFF, 0x80, 0x00,
    0x3F, 0xFD, 0x00, 0x00, 0x0F, 0xF4, 0x00, 0x24, 0x03, 0xFD, 0x00, 0x7F, 0x00, 0xFF, 0xD5, 0xFF,
    0x80, 0x1F, 0xFF, 0xFF, 0xC0, 0x03, 0xFF, 0xFF, 0x80, 0x00, 0x2F, 0xFE, 0x00, 0x00, 0x00, 0x50,
    0x00, 0x00, 0x00, 0x00, 0x05, 0x50, 0x00, 0x00, 0x00, 0xBF, 0xFF, 0xD0, 0x00, 0x02, 0xFF, 0xFF,
    0xFF, 0x00, 0x02, 0xFF, 0xFF, 0xFF, 0xF0, 0x01, 0xFF, 0x80, 0x2F, 0xFE, 0x00, 0xBE, 0x00, 0x02,
    0xFF, 0xC0, 0x0E, 0x00, 0x00, 0x3F, 0xF4, 0x00, 0x00, 0x00, 0x07, 0xFE, 0x00, 0x00, 0x00, 0x01,
    0xFF, 0xC0, 0x00, 0x00, 0x00, 0x3F, 0xF0, 0x00, 0x00, 0x00, 0x0F, 0xFC, 0x05, 0x55, 0x55, 0x5B,
    0xFF, 0x0F, 0xFF, 0xFF, 0xFF, 0xFF, 0x8B, 0xFF, 0xFF, 0xFF, 0xFF, 0xE3, 0xFF, 0xFF, 0xFF, 0xFF,
    0xF4, 0xFF, 0x80, 0x00, 0x0F, 0xFC, 0x7F, 0xD0, 0x00, 0x0B, 0xFE, 0x1F, 0xF4, 0x00, 0x03, 0xFF,
    0x07, 0xFD, 0x00, 0x03, 0xFF, 0x41, 0xFF, 0x80, 0x03, 0xFF, 0x80, 0x3F, 0xF9, 0x1B, 0xFF, 0xC0,
    0x0B, 0xFF, 0xFF, 0xFF, 0x80, 0x00, 0xFF, 0xFF, 0xFF, 0x40, 0x00, 0x07, 0xFF, 0xF9, 0x00, 0x00,
    0x00, 0x05, 0x40, 0x00, 0x00, 0x00, 0x00, 0x01, 0xA8, 0x00, 0x00, 0x2F, 0xFF, 0x80, 0x01, 0xFF,
    0xFF, 0xF0, 0x07, 0xFE, 0xBF, 0xF4, 0x0F, 0xE0, 0x0B, 0xFC, 0x0F, 0x40, 0x07, 0xFC, 0x01, 0x00,
    0x0B, 0xFC, 0x00, 0x01, 0xFF, 0xFC, 0x00, 0x2F, 0xFF, 0xFC, 0x00, 0xFF, 0xD7, 0xFC, 0x07, 0xFD,
    0x0B, 0xF8, 0x0F, 0xF0, 0x0F, 0xF0, 0x3F, 0xC0, 0x1F, 0xE0, 0x3F, 0x80, 0x3F, 0xC0, 0x7F, 0xC0,
    0xFF, 0x80, 0x3F, 0xEB, 0xFE, 0x00, 0x2F, 0xFF, 0xF8, 0x00, 0x0B, 0xFF, 0x80, 0x00, 0x00, 0x50,
    0x00, 0x00, 0x00, 0x00, 0x14, 0x00, 0x50, 0x00, 0x00, 0x3F, 0xC1, 0xFD, 0x00, 0x00, 0x1F, 0xF0,
    0xFF, 0x80, 0x00, 0x0B, 0xFC, 0x3F, 0xD0, 0x00, 0x01, 0xFC, 0x0F, 0xE0, 0x00, 0x00, 0x00, 0x00,
    0x00, 0x00, 0x00, 0x00, 0x00, 0x00, 0x00, 0x00, 0x00, 0x15, 0x40, 0x00, 0x00, 0x02, 0xFF, 0xFF,
    0x40, 0x00, 0x0B, 0xFF, 0xFF, 0xFC, 0x00, 0x0B, 0xFF, 0xFF, 0xFF, 0xC0, 0x07, 0xFE, 0x00, 0xBF,
    0xF8, 0x02, 0xF8, 0x00, 0x0B, 0xFF, 0x00, 0x38, 0x00, 0x00, 0xFF, 0xD0, 0x00, 0x00, 0x00, 0x1F,
    0xF8, 0x00, 0x00, 0x00, 0x07, 0xFF, 0x00, 0x00, 0x00, 0x00, 0xFF, 0xC0, 0x00, 0x00, 0x00, 0x3F,
    0xF0, 0x15, 0x55, 0x55, 0x6F, 0xFC, 0x3F, 0xFF, 0xFF, 0xFF, 0xFE, 0x2F, 0xFF, 0xFF, 0xFF, 0xFF,
    0x8F, 0xFF, 0xFF, 0xFF, 0xFF, 0xD3, 0xFE, 0x00, 0x00, 0x3F, 0xF1, 0xFF, 0x40, 0x00, 0x2F, 0xF8,
    0x7F, 0xD0, 0x00, 0x0F, 0xFC, 0x1F, 0xF4, 0x00, 0x0F, 0xFD, 0x07, 0xFE, 0x00, 0x0F, 0xFE, 0x00,
    0xFF, 0xE4, 0x6F, 0xFF, 0x00, 0x2F, 0xFF, 0xFF, 0xFE, 0x00, 0x03, 0xFF, 0xFF, 0xFD, 0x00, 0x00,
    0x1F, 0xFF, 0xE4, 0x00, 0x00, 0x00, 0x15, 0x00, 0x00, 0x00, 0x00, 0x00, 0x00, 0x00, 0x00, 0x2F,
    0x81, 0xFC, 0x00, 0x7F, 0xC3, 0xFC, 0x00, 0xBF, 0x87, 0xFC, 0x00, 0xBF, 0x03, 0xF4, 0x00, 0x00,
    0x00, 0x40, 0x00, 0x00, 0x00, 0x00, 0x00, 0x00, 0x00, 0x00, 0x00, 0x01, 0xA8, 0x00, 0x00, 0x2F,
    0xFF, 0x80, 0x01, 0xFF, 0xFF, 0xF0, 0x07, 0xFE, 0xBF, 0xF4, 0x0F, 0xE0, 0x0B, 0xFC, 0x0F, 0x40,
    0x07, 0xFC, 0x01, 0x00, 0x0B, 0xFC, 0x00, 0x01, 0xFF, 0xFC, 0x00, 0x2F, 0xFF, 0xFC, 0x00, 0xFF,
    0xD7, 0xFC, 0x07, 0xFD, 0x0B, 0xF8, 0x0F, 0xF0, 0x0F, 0xF0, 0x3F, 0xC0, 0x1F, 0xE0, 0x3F, 0x80,
    0x3F, 0xC0, 0x7F, 0xC0, 0xFF, 0x80, 0x3F, 0xEB, 0xFE, 0x00, 0x2F, 0xFF, 0xF8, 0x00, 0x0B, 0xFF,
    0x80, 0x00, 0x00, 0x50, 0x00, 0x00, 0x00, 0x00, 0x00, 0x00, 0x05, 0x00, 0x10, 0x00, 0x00, 0x00,
    0x00, 0x00, 0x00, 0x0F, 0xE0, 0xBF, 0x00, 0x00, 0x00, 0x00, 0x00, 0x00, 0x0F, 0xFC, 0x7F, 0xD0,
    0x00, 0x00, 0x00, 0x00, 0x00, 0x03, 0xFE, 0x2F, 0xF0, 0x00, 0x00, 0x00, 0x00, 0x00, 0x00, 0xBE,
    0x07, 0xF4, 0x00, 0x00, 0x00, 0x00, 0x00, 0x00, 0x00, 0x00, 0x00, 0x00, 0x00, 0x00, 0x00, 0x00,
    0x00, 0x00, 0x00, 0x00, 0x00, 0x00, 0x00, 0x00, 0x05, 0x40, 0x00, 0x00, 0x00, 0x00, 0x01, 0x50,
    0x00, 0x0F, 0xFC, 0x00, 0x7F, 0xFF, 0xD0, 0x07, 0xFF, 0x00, 0x03, 0xFF, 0xC0, 0x2F, 0xFF, 0xF0,
    0x07, 0xFF, 0xD0, 0x00, 0xFF, 0xF4, 0x07, 0xFF, 0xE4, 0x07, 0xFF, 0xF0, 0x00, 0x3E, 0xFF, 0x00,
    0x2F, 0xE0, 0x03, 0xFE, 0xFC, 0x00, 0x04, 0x0F, 0xD0, 0x0F, 0xF4, 0x03, 0xFC, 0x04, 0x00, 0x00,
    0x02, 0xF8, 0x03, 0xFC, 0x02, 0xFC, 0x00, 0x00, 0x00, 0x00, 0x3F, 0x01, 0xFF, 0x01, 0xFD, 0x00,
    0x00, 0x00, 0x00, 0x0F, 0xD0, 0xBF, 0x80, 0xFD, 0x00, 0x00, 0x00, 0x00, 0x02, 0xF8, 0x2F, 0xD0,
    0xBE, 0x00, 0x00, 0x00, 0x00, 0x00, 0x7F, 0x0F, 0xF4, 0x3F, 0x00, 0x00, 0x00, 0x00, 0x00, 0x2F,
    0xFF, 0xFF, 0xFF, 0x40, 0x00, 0x00, 0x00, 0x00, 0x1F, 0xFF, 0xFF, 0xFF, 0xE0, 0x00, 0x00, 0x00,
    0x00, 0x1F, 0xF9, 0xBF, 0xDB, 0xFC, 0x00, 0x00, 0x00, 0x00, 0x0F, 0xFC, 0x3F, 0xD0, 0xFF, 0x40,
    0x00, 0x00, 0x00, 0x0F, 0xFC, 0x0F, 0xF0, 0x2F, 0xF0, 0x00, 0x00, 0x00, 0x0F, 0xFD, 0x03, 0xFC,
    0x07, 0xFC, 0x00, 0x00, 0x00, 0x0B, 0xFE, 0x01, 0xFF, 0x00, 0xFF, 0x80, 0x00, 0x00, 0x0B, 0xFF,
    0x00, 0xBF, 0x80, 0x2F, 0xF0, 0x00, 0x00, 0x0B, 0xFF, 0x40, 0x3F, 0xD0, 0x03, 0xFF, 0x00, 0x00,
    0x0F, 0xFF, 0x40, 0x0F, 0xF0, 0x00, 0xBF, 0xE0, 0x00, 0x1F, 0xFF, 0x80, 0x1B, 0xFF, 0x40, 0x0F,
    0xFD, 0x00, 0x1F, 0xFF, 0x80, 0x2F, 0xFF, 0xF0, 0x02, 0xFF, 0xE0, 0x02, 0xFF, 0x40, 0x0F, 0xFF,
    0xFC, 0x00, 0x2F, 0xF4, 0x00, 0x04, 0x00, 0x00, 0x00, 0x00, 0x00, 0x00, 0x40, 0x00, 0x00, 0x00,
    0x00, 0x00, 0x00, 0x00, 0x00, 0x00, 0x00, 0x00, 0x01, 0xFC, 0x0F, 0xC0, 0x00, 0x00, 0x00, 0x00,
    0x3F, 0xC3, 0xFE, 0x00, 0x00, 0x00, 0x00, 0x07, 0xFC, 0x3F, 0xD0, 0x00, 0x00, 0x00, 0x00, 0x3F,
    0x43, 0xF8, 0x00, 0x00, 0x00, 0x00, 0x00, 0x40, 0x04, 0x00, 0x00, 0x00, 0x00, 0x00, 0x00, 0x00,
    0x00, 0x00, 0x00, 0x00, 0x00, 0x00, 0x00, 0x00, 0x00, 0x00, 0x00, 0x06, 0x90, 0x00, 0x54, 0x00,
    0x1A, 0x00, 0x07, 0xFF, 0xC0, 0x3F, 0x80, 0x2F, 0xFC, 0x01, 0xFF, 0xFD, 0x03, 0xF4, 0x0B, 0xFF,
    0xD0, 0x7F, 0xFF, 0xF0, 0x7F, 0x02, 0xFF, 0xFC, 0x0B, 0xE6, 0xFF, 0x0B, 0xF0, 0x7F, 0x42, 0x80,
    0x74, 0x0F, 0xF0, 0xFE, 0x0F, 0xD0, 0x00, 0x00, 0x00, 0xBF, 0x3F, 0xD3, 0xF8, 0x00, 0x00, 0x00,
    0x0B, 0xFF, 0xFC, 0xBF, 0x00, 0x00, 0x00, 0x00, 0xBF, 0xFF, 0xDF, 0xF0, 0x00, 0x00, 0x00, 0x0F,
    0xFF, 0xFF, 0xFE, 0x00, 0x00, 0x00, 0x00, 0xFF, 0x3F, 0xFF, 0xD0, 0x00, 0x00, 0x00, 0x1F, 0xC7,
    0xFE, 0xFD, 0x00, 0x00, 0x00, 0x03, 0xF4, 0xBF, 0x9F, 0xD0, 0x04, 0x01, 0x00, 0xBE, 0x0F, 0xF1,
    0xFF, 0x02, 0xE0, 0x3D, 0x7F, 0xC0, 0xFD, 0x0F, 0xFE, 0xFE, 0x0B, 0xFF, 0xF0, 0x1F, 0xC0, 0xFF,
    0xFF, 0xC0, 0xBF, 0xFD, 0x02, 0xFC, 0x07, 0xFF, 0xF0, 0x07, 0xFE, 0x00, 0x3F, 0x40, 0x2F, 0xF8,
    0x00, 0x05, 0x00, 0x01, 0x00, 0x00, 0x10, 0x00, 0x00, 0x00, 0x00, 0x10, 0x01, 0x40, 0x00, 0x07,
    0xF4, 0x3F, 0xC0, 0x00, 0x3F, 0xD2, 0xFF, 0x00, 0x01, 0xFF, 0x0F, 0xF8, 0x00, 0x03, 0xF4, 0x2F,
    0xC0, 0x00, 0x00, 0x00, 0x00, 0x00, 0x00, 0x00, 0x00, 0x00, 0x00, 0x00, 0x01, 0x54, 0x00, 0x00,
    0x0B, 0xFF, 0xFE, 0x00, 0x00, 0xFF, 0xFF, 0xFF, 0x00, 0x07, 0xFF, 0xFF, 0xFF, 0x00, 0x2F, 0xD0,
    0x1F, 0xFC, 0x00, 0xFD, 0x00, 0x2F, 0xF4, 0x03, 0xF0, 0x00, 0xBF, 0xD0, 0x0B, 0x40, 0x02, 0xFF,
    0x00, 0x00, 0x00, 0x0F, 0xF8, 0x00, 0x00, 0x00, 0xBF, 0xC0, 0x00, 0x05, 0x5F, 0xFC, 0x00, 0x00,
    0x3F, 0xFF, 0xC0, 0x00, 0x01, 0xFF, 0xFF, 0xC0, 0x00, 0x06, 0xBF, 0xFF, 0xC0, 0x00, 0x00, 0x0B,
    0xFF, 0x40, 0x00, 0x00, 0x0F, 0xFE, 0x00, 0x00, 0x00, 0x2F, 0xF8, 0x02, 0x00, 0x00, 0x7F, 0xE0,
    0x7D, 0x00, 0x02, 0xFF, 0x43, 0xFC, 0x00, 0x1F, 0xFC, 0x0F, 0xFD, 0x06, 0xFF, 0xD0, 0x3F, 0xFF,
    0xFF, 0xFD, 0x00, 0x3F, 0xFF, 0xFF, 0xD0, 0x00, 0x2F, 0xFF, 0xF4, 0x00, 0x00, 0x00, 0x50, 0x00,
    0x00, 0x00, 0x00, 0x00, 0x00, 0x00, 0x02, 0xF8, 0x1F, 0xC0, 0x01, 0xFF, 0x0F, 0xF0, 0x00, 0xBF,
    0x87, 0xFC, 0x00, 0x1F, 0xC0, 0xFD, 0x00, 0x00, 0x00, 0x04, 0x00, 0x00, 0x00, 0x00, 0x00, 0x00,
    0x00, 0x00, 0x00, 0x00, 0x01, 0xA9, 0x00, 0x00, 0x0B, 0xFF, 0xF8, 0x00, 0x0F, 0xFF, 0xFF, 0x80,
    0x0B, 0xF9, 0x7F, 0xF0, 0x03, 0xF0, 0x03, 0xFC, 0x00, 0x60, 0x00, 0xFF, 0x00, 0x00, 0x00, 0x7F,
    0x80, 0x00, 0x00, 0xBF, 0x80, 0x00, 0x0F, 0xFF, 0x40, 0x00, 0x03, 0xFF, 0xF4, 0x00, 0x00, 0xAB,
    0xFF, 0x00, 0x00, 0x00, 0x3F, 0xD0, 0x00, 0x00, 0x0F, 0xF8, 0x07, 0xC0, 0x03, 0xFD, 0x03, 0xF8,
    0x02, 0xFF, 0x00, 0xFF, 0xEF, 0xFF, 0x40, 0x2F, 0xFF, 0xFF, 0x40, 0x01, 0xFF, 0xFD, 0x00, 0x00,
    0x01, 0x40, 0x00, 0x00, 0x00, 0x2F, 0xFF, 0xFF, 0xFE, 0x00, 0x0F, 0xFF, 0xFF, 0xFF, 0xC0, 0x07,
    0xFF, 0xFF, 0xFF, 0xF0, 0x02, 0xFE, 0x55, 0x6F, 0xF8, 0x00, 0xBE, 0x00, 0x1F, 0xF8, 0x00, 0x3F,
    0x40, 0x1F, 0xF8, 0x00, 0x0B, 0xC0, 0x1F, 0xF8, 0x00, 0x00, 0x00, 0x0F, 0xF8, 0x00, 0x00, 0x00,
    0x0F, 0xF8, 0x00, 0x00, 0x00, 0x0F, 0xFC, 0x00, 0x00, 0x00, 0x0F, 0xFF, 0xC0, 0x00, 0x00, 0x03,
    0xFF, 0xFD, 0x00, 0x00, 0x00, 0xAF, 0xFF, 0xC0, 0x00, 0x00, 0x00, 0x3F, 0xF4, 0x00, 0x00, 0x00,
    0x07, 0xFD, 0x00, 0x00, 0x00, 0x01, 0xFF, 0x40, 0x07, 0x80, 0x00, 0x7F, 0xD0, 0x0B, 0xF0, 0x00,
    0x3F, 0xF0, 0x03, 0xFD, 0x00, 0x1F, 0xF8, 0x00, 0xFF, 0xE4, 0x6F, 0xFC, 0x00, 0x2F, 0xFF, 0xFF,
    0xFC, 0x00, 0x03, 0xFF, 0xFF, 0xF8, 0x00, 0x00, 0x1F, 0xFF, 0xE0, 0x00, 0x00, 0x00, 0x14, 0x00,
    0x00, 0x00, 0x00, 0x00, 0x00, 0x00, 0x00, 0x00, 0x3F, 0xFF, 0xFF, 0xFC, 0x00, 0x7F, 0xFF, 0xFF,
    0xFC, 0x00, 0xBF, 0xFF, 0xFF, 0xFC, 0x00, 0xFE, 0x00, 0x2F, 0xF0, 0x00, 0xFC, 0x00, 0xBF, 0xC0,
    0x00, 0xF4, 0x01, 0xFF, 0x00, 0x00, 0x00, 0x07, 0xFC, 0x00, 0x00, 0x00, 0x1F, 0xF0, 0x00, 0x00,
    0x00, 0x3F, 0xC0, 0x00, 0x00, 0x00, 0xFF, 0x40, 0x00, 0x00, 0x03, 0xFF, 0xE0, 0x00, 0x00, 0x03,
    0xFF, 0xFD, 0x00, 0x00, 0x02, 0xBF, 0xFF, 0x00, 0x00, 0x00, 0x03, 0xFF, 0x40, 0x00, 0x00, 0x00,
    0xFF, 0x80, 0x00, 0x00, 0x00, 0xFF, 0xC0, 0x00, 0x00, 0x00, 0xFF, 0x80, 0x00, 0x00, 0x00, 0xFF,
    0x80, 0x08, 0x00, 0x00, 0xFF, 0x40, 0x7E, 0x00, 0x02, 0xFF, 0x00, 0xBF, 0x40, 0x0B, 0xFD, 0x00,
    0xBF, 0xF9, 0xBF, 0xF8, 0x00, 0x3F, 0xFF, 0xFF, 0xD0, 0x00, 0x0F, 0xFF, 0xFE, 0x00, 0x00, 0x01,
    0xBE, 0x90, 0x00, 0x00, 0x00, 0x00, 0x00, 0x15, 0x55, 0x54, 0x00, 0x00, 0x00, 0x00, 0x03, 0xFF,
    0xFF, 0xD0, 0x00, 0x00, 0x00, 0x00, 0x7F, 0xFF, 0xFC, 0x00, 0x00, 0x00, 0x00, 0x02, 0xAA, 0xAA,
    0x80, 0x00, 0x00, 0x00, 0x00, 0x00, 0x00, 0x00, 0x00, 0x00, 0x00, 0x00, 0x00, 0x00, 0x00, 0x00,
    0x00, 0x00, 0x00, 0x00, 0x00, 0x00, 0x00, 0x00, 0x00, 0x00, 0xFF, 0xFF, 0xF0, 0x2F, 0xFF, 0xFE,
    0x00, 0x2F, 0xFF, 0xFE, 0x03, 0xFF, 0xFF, 0xD0, 0x01, 0xFF, 0xFF, 0x80, 0x2F, 0xFF, 0xF4, 0x00,
    0x00, 0xFF, 0xC0, 0x00, 0x2F, 0xF4, 0x00, 0x00, 0x1F, 0xF8, 0x00, 0x03, 0xFF, 0x00, 0x00, 0x02,
    0xFF, 0x40, 0x00, 0xBF, 0xF0, 0x00, 0x00, 0x3F, 0xF0, 0x00, 0x3F, 0xFE, 0x00, 0x00, 0x03, 0xFF,
    0x00, 0x0F, 0xFF, 0xE0, 0x00, 0x00, 0x7F, 0xE0, 0x07, 0xFF, 0xFD, 0x00, 0x00, 0x07, 0xFD, 0x01,
    0xFF, 0xFF, 0xC0, 0x00, 0x00, 0xBF, 0xC0, 0xBF, 0x8F, 0xFC, 0x00, 0x00, 0x0F, 0xFC, 0x2F, 0xE1,
    0xFF, 0x80, 0x00, 0x00, 0xFF, 0xCF, 0xF4, 0x2F, 0xF4, 0x00, 0x00, 0x1F, 0xFF, 0xFD, 0x03, 0xFF,
    0x00, 0x00, 0x02, 0xFF, 0xFF, 0x00, 0x3F, 0xF0, 0x00, 0x00, 0x3F, 0xFF, 0xC0, 0x03, 0xFF, 0x00,
    0x00, 0x03, 0xFF, 0xE0, 0x00, 0x7F, 0xE0, 0x00, 0x00, 0x3F, 0xF8, 0x00, 0x0B, 0xFD, 0x00, 0x00,
    0x07, 0xFE, 0x00, 0x00, 0xFF, 0xC0, 0x00, 0x00, 0xBF, 0xD0, 0x00, 0x0F, 0xFC, 0x00, 0x00, 0x7F,
    0xFF, 0x90, 0x0B, 0xFF, 0xF8, 0x00, 0x2F, 0xFF, 0xFE, 0x03, 0xFF, 0xFF, 0xD0, 0x03, 0xFF, 0xFF,
    0xD0, 0x7F, 0xFF, 0xFC, 0x00, 0x00, 0x02, 0xAA, 0xAA, 0x80, 0x00, 0x03, 0xFF, 0xFF, 0xC0, 0x00,
    0x07, 0xFF, 0xFF, 0xC0, 0x00, 0x01, 0x55, 0x55, 0x00, 0x00, 0x00, 0x00, 0x00, 0x00, 0x00, 0x00,
    0x00, 0x00, 0x00, 0x00, 0x59, 0x00, 0x01, 0x54, 0x1F, 0xFF, 0x40, 0x0F, 0xF4, 0x3F, 0xFF, 0x80,
    0x2F, 0xF0, 0x2A, 0xFF, 0x80, 0x2F, 0xF0, 0x00, 0xFF, 0x40, 0x3F, 0xE0, 0x00, 0xFF, 0x00, 0x3F,
    0xD0, 0x01, 0xFF, 0x00, 0x7F, 0xC0, 0x02, 0xFE, 0x00, 0xBF, 0xC0, 0x03, 0xFD, 0x00, 0xFF, 0x80,
    0x07, 0xFC, 0x01, 0xFF, 0x40, 0x0B, 0xFC, 0x03, 0xFF, 0x00, 0x0F, 0xF4, 0x0B, 0xFF, 0x00, 0x0F,
    0xF0, 0x1F, 0xFF, 0x00, 0x1F, 0xF0, 0x7E, 0xFF, 0x1D, 0x1F, 0xF6, 0xFC, 0xFF, 0xFE, 0x1F, 0xFF,
    0xF0, 0xFF, 0xFC, 0x1F, 0xFF, 0xC0, 0xFF, 0xF4, 0x0B, 0xFE, 0x00, 0x7F, 0x80, 0x00, 0x50, 0x00,
    0x04, 0x00, 0x00, 0x00, 0x00, 0x05, 0x00, 0x14, 0x00, 0x00, 0x00, 0x00, 0x03, 0xFC, 0x1F, 0xD0,
    0x00, 0x00, 0x00, 0x00, 0x7F, 0xC3, 0xFE, 0x00, 0x00, 0x00, 0x00, 0x0B, 0xFC, 0x3F, 0xD0, 0x00,
    0x00, 0x00, 0x00, 0x7F, 0x03, 0xF8, 0x00, 0x00, 0x00, 0x00, 0x00, 0x00, 0x00, 0x00, 0x00, 0x00,
    0x00, 0x00, 0x00, 0x00, 0x00, 0x00, 0x00, 0x00, 0x00, 0x00, 0x00, 0x00, 0x00, 0x00, 0x00, 0x0F,
    0xFF, 0xFF, 0x02, 0xFF, 0xFF, 0xE0, 0x02, 0xFF, 0xFF, 0xE0, 0x3F, 0xFF, 0xFD, 0x00, 0x1F, 0xFF,
    0xF8, 0x02, 0xFF, 0xFF, 0x40, 0x00, 0x0F, 0xFC, 0x00, 0x02, 0xFF, 0x40, 0x00, 0x01, 0xFF, 0x80,
    0x00, 0x3F, 0xF0, 0x00, 0x00, 0x2F, 0xF4, 0x00, 0x0B, 0xFF, 0x00, 0x00, 0x03, 0xFF, 0x00, 0x03,
    0xFF, 0xE0, 0x00, 0x00, 0x3F, 0xF0, 0x00, 0xFF, 0xFE, 0x00, 0x00, 0x07, 0xFE, 0x00, 0x7F, 0xFF,
    0xD0, 0x00, 0x00, 0x7F, 0xD0, 0x1F, 0xFF, 0xFC, 0x00, 0x00, 0x0B, 0xFC, 0x0B, 0xF8, 0xFF, 0xC0,
    0x00, 0x00, 0xFF, 0xC2, 0xFE, 0x1F, 0xF8, 0x00, 0x00, 0x0F, 0xFC, 0xFF, 0x42, 0xFF, 0x40, 0x00,
    0x01, 0xFF, 0xFF, 0xD0, 0x3F, 0xF0, 0x00, 0x00, 0x2F, 0xFF, 0xF0, 0x03, 0xFF, 0x00, 0x00, 0x03,
    0xFF, 0xFC, 0x00, 0x3F, 0xF0, 0x00, 0x00, 0x3F, 0xFE, 0x00, 0x07, 0xFE, 0x00, 0x00, 0x03, 0xFF,
    0x80, 0x00, 0xBF, 0xD0, 0x00, 0x00, 0x7F, 0xE0, 0x00, 0x0F, 0xFC, 0x00, 0x00, 0x0B, 0xFD, 0x00,
    0x00, 0xFF, 0xC0, 0x00, 0x07, 0xFF, 0xF9, 0x00, 0xBF, 0xFF, 0x80, 0x02, 0xFF, 0xFF, 0xE0, 0x3F,
    0xFF, 0xFD, 0x00, 0x3F, 0xFF, 0xFD, 0x07, 0xFF, 0xFF, 0xC0, 0x00, 0x00, 0x00, 0x00, 0x00, 0x00,
    0x00, 0x01, 0xFC, 0x0F, 0xC0, 0x00, 0x03, 0xFC, 0x3F, 0xD0, 0x00, 0x07, 0xFC, 0x3F, 0xD0, 0x00,
    0x07, 0xF4, 0x3F, 0x80, 0x00, 0x00, 0x40, 0x04, 0x00, 0x00, 0x00, 0x00, 0x00, 0x00, 0x00, 0x00,
    0x00, 0x00, 0x00, 0x00, 0x59, 0x00, 0x01, 0x54, 0x1F, 0xFF, 0x40, 0x0F, 0xF4, 0x3F, 0xFF, 0x80,
    0x2F, 0xF0, 0x2A, 0xFF, 0x80, 0x2F, 0xF0, 0x00, 0xFF, 0x40, 0x3F, 0xE0, 0x00, 0xFF, 0x00, 0x3F,
    0xD0, 0x01, 0xFF, 0x00, 0x7F, 0xC0, 0x02, 0xFE, 0x00, 0xBF, 0xC0, 0x03, 0xFD, 0x00, 0xFF, 0x80,
    0x07, 0xFC, 0x01, 0xFF, 0x40, 0x0B, 0xFC, 0x03, 0xFF, 0x00, 0x0F, 0xF4, 0x0B, 0xFF, 0x00, 0x0F,
    0xF0, 0x1F, 0xFF, 0x00, 0x1F, 0xF0, 0x7E, 0xFF, 0x1D, 0x1F, 0xF6, 0xFC, 0xFF, 0xFE, 0x1F, 0xFF,
    0xF0, 0xFF, 0xFC, 0x1F, 0xFF, 0xC0, 0xFF, 0xF4, 0x0B, 0xFE, 0x00, 0x7F, 0x80, 0x00, 0x50, 0x00,
    0x04, 0x00, 0x00, 0x00, 0x01, 0x40, 0x04, 0x00, 0x00, 0x00, 0x0F, 0xF0, 0x7F, 0x40, 0x00, 0x00,
    0x2F, 0xF0, 0xFF, 0x80, 0x00, 0x00, 0x3F, 0xF1, 0xFF, 0x40, 0x00, 0x00, 0x1F, 0xC0, 0xFD, 0x00,
    0x00, 0x00, 0x00, 0x00, 0x00, 0x00, 0x00, 0x00, 0x00, 0x00, 0x00, 0x00, 0x00, 0x00, 0x00, 0x55,
    0x40, 0x00, 0x00, 0x00, 0x2F, 0xFF, 0xF8, 0x00, 0x00, 0x02, 0xFF, 0xFF, 0xFF, 0x40, 0x00, 0x0F,
    0xFF, 0xFF, 0xFF, 0xD0, 0x00, 0x3F, 0xFE, 0x56, 0xFF, 0xF0, 0x00, 0xFF, 0xF0, 0x00, 0x7F, 0xF8,
    0x02, 0xFF, 0xC0, 0x00, 0x3F, 0xFC, 0x03, 0xFF, 0x40, 0x00, 0x1F, 0xFC, 0x0B, 0xFF, 0x00, 0x00,
    0x1F, 0xFD, 0x0F, 0xFD, 0x00, 0x00, 0x0F, 0xFD, 0x1F, 0xFC, 0x00, 0x00, 0x0F, 0xFD, 0x2F, 0xFC,
    0x00, 0x00, 0x1F, 0xFD, 0x3F, 0xF8, 0x00, 0x00, 0x1F, 0xFC, 0x3F, 0xF8, 0x00, 0x00, 0x2F, 0xFC,
    0x3F, 0xF8, 0x00, 0x00, 0x3F, 0xF8, 0x3F, 0xF8, 0x00, 0x00, 0x3F, 0xF4, 0x3F, 0xF8, 0x00, 0x00,
    0xBF, 0xF0, 0x3F, 0xFC, 0x00, 0x00, 0xFF, 0xD0, 0x2F, 0xFD, 0x00, 0x03, 0xFF, 0xC0, 0x0F, 0xFF,
    0x00, 0x0F, 0xFF, 0x00, 0x0B, 0xFF, 0xE5, 0xBF, 0xFD, 0x00, 0x03, 0xFF, 0xFF, 0xFF, 0xF0, 0x00,
    0x00, 0xFF, 0xFF, 0xFF, 0x80, 0x00, 0x00, 0x1F, 0xFF, 0xF8, 0x00, 0x00, 0x00, 0x00, 0x14, 0x00,
    0x00, 0x00, 0x00, 0x00, 0x00, 0x00, 0x00, 0x00, 0x0F, 0xC0, 0xBD, 0x00, 0x03, 0xFD, 0x2F, 0xF0,
    0x00, 0x3F, 0xD3, 0xFE, 0x00, 0x03, 0xF8, 0x2F, 0xC0, 0x00, 0x04, 0x00, 0x00, 0x00, 0x00, 0x00,
    0x00, 0x00, 0x00, 0x00, 0x00, 0x00, 0x00, 0x00, 0x1A, 0x40, 0x00, 0x00, 0x7F, 0xFF, 0x80, 0x00,
    0x2F, 0xFF, 0xFF, 0x00, 0x0F, 0xFF, 0xBF, 0xF4, 0x02, 0xFF, 0x01, 0xFF, 0x80, 0x7F, 0xC0, 0x0F,
    0xFC, 0x0F, 0xF8, 0x00, 0xBF, 0xC0, 0xFF, 0x40, 0x0B, 0xFC, 0x2F, 0xF0, 0x00, 0xBF, 0xC3, 0xFF,
    0x00, 0x0F, 0xF8, 0x3F, 0xE0, 0x00, 0xFF, 0x43, 0xFE, 0x00, 0x1F, 0xF0, 0x3F, 0xE0, 0x03, 0xFE,
    0x03, 0xFF, 0x00, 0xBF, 0xC0, 0x2F, 0xF4, 0x2F, 0xF4, 0x01, 0xFF, 0xFF, 0xFD, 0x00, 0x0B, 0xFF,
    0xFF, 0x40, 0x00, 0x1F, 0xFF, 0x80, 0x00, 0x00, 0x05, 0x00, 0x00, 0x00, 0x00, 0x00, 0x00, 0x55,
    0x40, 0x00, 0x00, 0x00, 0x2F, 0xFF, 0xF8, 0x00, 0x00, 0x02, 0xFF, 0xFF, 0xFF, 0x40, 0x00, 0x0F,
    0xFF, 0xFF, 0xFF, 0xD0, 0x00, 0x3F, 0xFE, 0x02, 0xFF, 0xF0, 0x00, 0xFF, 0xF0, 0x00, 0x7F, 0xF8,
    0x02, 0xFF, 0xC0, 0x00, 0x2F, 0xFC, 0x03, 0xFF, 0x00, 0x00, 0x0F, 0xFC, 0x0B, 0xFE, 0x00, 0x00,
    0x0F, 0xFD, 0x0F, 0xFC, 0x00, 0x00, 0x0F, 0xFD, 0x1F, 0xFC, 0x00, 0x00, 0x0F, 0xFD, 0x2F, 0xFF,
    0xFF, 0xFF, 0xFF, 0xFD, 0x3F, 0xFF, 0xFF, 0xFF, 0xFF, 0xFC, 0x3F, 0xFF, 0xFF, 0xFF, 0xFF, 0xFC,
    0x3F, 0xF0, 0x00, 0x00, 0x2F, 0xF8, 0x3F, 0xF4, 0x00, 0x00, 0x3F, 0xF4, 0x3F, 0xF4, 0x00, 0x00,
    0x7F, 0xF0, 0x3F, 0xF8, 0x00, 0x00, 0xFF, 0xD0, 0x2F, 0xFC, 0x00, 0x02, 0xFF, 0xC0, 0x0F, 0xFE,
    0x00, 0x0B, 0xFF, 0x00, 0x0B, 0xFF, 0xD5, 0xBF, 0xFD, 0x00, 0x03, 0xFF, 0xFF, 0xFF, 0xF0, 0x00,
    0x00, 0xFF, 0xFF, 0xFF, 0x80, 0x00, 0x00, 0x1F, 0xFF, 0xF8, 0x00, 0x00, 0x00, 0x00, 0x14, 0x00,
    0x00, 0x00, 0x00, 0x00, 0x1A, 0x40, 0x00, 0x01, 0xFF, 0xFE, 0x00, 0x02, 0xFF, 0xFF, 0xE0, 0x03,
    0xFF, 0xAF, 0xFD, 0x02, 0xFF, 0x00, 0xFF, 0x81, 0xFF, 0x00, 0x2F, 0xF0, 0xFF, 0x80, 0x07, 0xFC,
    0x3F, 0xC0, 0x01, 0xFF, 0x2F, 0xFF, 0xFF, 0xFF, 0xCF, 0xFF, 0xFF, 0xFF, 0xE3, 0xFF, 0xAA, 0xAF,
    0xF4, 0xFF, 0x40, 0x03, 0xFC, 0x3F, 0xD0, 0x02, 0xFE, 0x0F, 0xF8, 0x01, 0xFF, 0x02, 0xFF, 0x01,
    0xFF, 0x40, 0x7F, 0xFF, 0xFF, 0x40, 0x0B, 0xFF, 0xFF, 0x40, 0x00, 0x7F, 0xFE, 0x00, 0x00, 0x00,
    0x50, 0x00, 0x00, 0x00, 0x00, 0x01, 0x40, 0x04, 0x00, 0x00, 0x00, 0x0F, 0xF0, 0x7F, 0x40, 0x00,
    0x00, 0x2F, 0xF0, 0xFF, 0x80, 0x00, 0x00, 0x3F, 0xF1, 0xFF, 0x40, 0x00, 0x00, 0x1F, 0xC0, 0xFD,
    0x00, 0x00, 0x00, 0x00, 0x00, 0x00, 0x00, 0x00, 0x00, 0x00, 0x00, 0x00, 0x00, 0x00, 0x00, 0x00,
    0x55, 0x40, 0x00, 0x00, 0x00, 0x2F, 0xFF, 0xF8, 0x00, 0x00, 0x02, 0xFF, 0xFF, 0xFF, 0x40, 0x00,
    0x0F, 0xFF, 0xFF, 0xFF, 0xD0, 0x00, 0x3F, 0xFE, 0x02, 0xFF, 0xF0, 0x00, 0xFF, 0xF0, 0x00, 0x7F,
    0xF8, 0x02, 0xFF, 0xC0, 0x00, 0x2F, 0xFC, 0x03, 0xFF, 0x00, 0x00, 0x0F, 0xFC, 0x0B, 0xFE, 0x00,
    0x00, 0x0F, 0xFD, 0x0F, 0xFC, 0x00, 0x00, 0x0F, 0xFD, 0x1F, 0xFC, 0x00, 0x00, 0x0F, 0xFD, 0x2F,
    0xFF, 0xFF, 0xFF, 0xFF, 0xFD, 0x3F, 0xFF, 0xFF, 0xFF, 0xFF, 0xFC, 0x3F, 0xFF, 0xFF, 0xFF, 0xFF,
    0xFC, 0x3F, 0xF0, 0x00, 0x00, 0x2F, 0xF8, 0x3F, 0xF4, 0x00, 0x00, 0x3F, 0xF4, 0x3F, 0xF4, 0x00,
    0x00, 0x7F, 0xF0, 0x3F, 0xF8, 0x00, 0x00, 0xFF, 0xD0, 0x2F, 0xFC, 0x00, 0x02, 0xFF, 0xC0, 0x0F,
    0xFE, 0x00, 0x0B, 0xFF, 0x00, 0x0B, 0xFF, 0xD5, 0xBF, 0xFD, 0x00, 0x03, 0xFF, 0xFF, 0xFF, 0xF0,
    0x00, 0x00, 0xFF, 0xFF, 0xFF, 0x80, 0x00, 0x00, 0x1F, 0xFF, 0xF8, 0x00, 0x00, 0x00, 0x00, 0x14,
    0x00, 0x00, 0x00, 0x00, 0x00, 0x00, 0x00, 0x00, 0x00, 0x0F, 0xC0, 0xBD, 0x00, 0x03, 0xFD, 0x2F,
    0xF0, 0x00, 0x3F, 0xD3, 0xFE, 0x00, 0x03, 0xF8, 0x2F, 0xC0, 0x00, 0x04, 0x00, 0x00, 0x00, 0x00,
    0x00, 0x00, 0x00, 0x00, 0x00, 0x00, 0x00, 0x00, 0x00, 0x1A, 0x40, 0x00, 0x00, 0x7F, 0xFF, 0x80,
    0x00, 0x2F, 0xFF, 0xFE, 0x00, 0x0F, 0xFE, 0xBF, 0xF4, 0x02, 0xFF, 0x00, 0xFF, 0x80, 0x7F, 0xC0,
    0x0B, 0xFC, 0x0F, 0xF8, 0x00, 0x7F, 0xC0, 0xFF, 0x00, 0x07, 0xFC, 0x2F, 0xFF, 0xFF, 0xFF, 0xC3,
    0xFF, 0xFF, 0xFF, 0xF8, 0x3F, 0xFA, 0xAA, 0xFF, 0x43, 0xFD, 0x00, 0x0F, 0xF0, 0x3F, 0xD0, 0x02,
    0xFE, 0x03, 0xFE, 0x00, 0x7F, 0xC0, 0x2F, 0xF0, 0x1F, 0xF4, 0x01, 0xFF, 0xFF, 0xFD, 0x00, 0x0B,
    0xFF, 0xFF, 0x40, 0x00, 0x1F, 0xFF, 0x80, 0x00, 0x00, 0x05, 0x00, 0x00, 0x00, 0x00, 0x00, 0x04,
    0x00, 0x50, 0x00, 0x00, 0x2F, 0xC0, 0xFE, 0x00, 0x00, 0x0F, 0xF4, 0xBF, 0xC0, 0x00, 0x07, 0xFC,
    0x3F, 0xE0, 0x00, 0x00, 0xFD, 0x0B, 0xE0, 0x00, 0x00, 0x00, 0x00, 0x00, 0x00, 0x00, 0x00, 0x00,
    0x00, 0x00, 0x00, 0x00, 0x55, 0x40, 0x00, 0x00, 0x1B, 0xFF, 0xFF, 0x40, 0x00, 0x0F, 0xFF, 0xFF,
    0xFC, 0x00, 0x07, 0xFF, 0xFF, 0xFF, 0xC0, 0x02, 0xFD, 0x00, 0xBF, 0xF8, 0x00, 0xFD, 0x00, 0x0B,
    0xFF, 0x00, 0x3F, 0x00, 0x00, 0xFF, 0xD0, 0x0B, 0x40, 0x00, 0x3F, 0xF8, 0x00, 0x00, 0x00, 0x0B,
    0xFF, 0x00, 0x00, 0x00, 0x01, 0xFF, 0xC0, 0x00, 0x00, 0x00, 0x7F, 0xF0, 0x00, 0x1F, 0xFF, 0xFF,
    0xFC, 0x00, 0x0B, 0xFF, 0xFF, 0xFE, 0x00, 0x03, 0xFF, 0xFF, 0xFF, 0x80, 0x00, 0x14, 0x00, 0xFF,
    0xD0, 0x00, 0x00, 0x00, 0x3F, 0xF0, 0x00, 0x00, 0x00, 0x2F, 0xF8, 0x02, 0x40, 0x00, 0x0F, 0xFD,
    0x07, 0xF0, 0x00, 0x0F, 0xFF, 0x03, 0xFD, 0x00, 0x0B, 0xFF, 0x00, 0xFF, 0xE4, 0x6F, 0xFF, 0x40,
    0x3F, 0xFF, 0xFF, 0xFF, 0x00, 0x03, 0xFF, 0xFF, 0xFE, 0x00, 0x00, 0x1F, 0xFF, 0xF8, 0x00, 0x00,
    0x00, 0x05, 0x40, 0x00, 0x00, 0x00, 0x00, 0x00, 0x00, 0x00, 0x0F, 0xC0, 0xBD, 0x00, 0x3F, 0xE2,
    0xFF, 0x00, 0x3F, 0xD3, 0xFE, 0x00, 0x3F, 0x82, 0xFC, 0x00, 0x04, 0x00, 0x00, 0x00, 0x00, 0x00,
    0x00, 0x00, 0x00, 0x00, 0x00, 0x00, 0x01, 0x69, 0x00, 0x00, 0x2F, 0xFF, 0xE0, 0x00, 0xFF, 0xFF,
    0xF8, 0x02, 0xFE, 0xAF, 0xFC, 0x03, 0xF0, 0x03, 0xFE, 0x02, 0xC0, 0x02, 0xFE, 0x00, 0x00, 0x02,
    0xFF, 0x00, 0x00, 0x02, 0xFF, 0x00, 0x0F, 0xFF, 0xFF, 0x00, 0x1F, 0xFF, 0xFE, 0x00, 0x1A, 0xAB,
    0xFE, 0x00, 0x00, 0x03, 0xFD, 0x00, 0x00, 0x07, 0xFC, 0x1F, 0x00, 0x0F, 0xF4, 0x3F, 0x80, 0x2F,
    0xF0, 0x3F, 0xFA, 0xFF, 0xC0, 0x2F, 0xFF, 0xFF, 0x00, 0x0B, 0xFF, 0xE4, 0x00, 0x00, 0x14, 0x00,
    0x00, 0x00, 0x00, 0x15, 0x55, 0x54, 0x00, 0x00, 0x00, 0x3F, 0xFF, 0xFD, 0x00, 0x00, 0x00, 0x7F,
    0xFF, 0xFC, 0x00, 0x00, 0x00, 0x2A, 0xAA, 0xA8, 0x00, 0x00, 0x00, 0x00, 0x00, 0x00, 0x00, 0x00,
    0x00, 0x00, 0x00, 0x00, 0x00, 0x00, 0x00, 0x00, 0x00, 0x00, 0x00, 0x1F, 0xFF, 0xFD, 0x03, 0xFF,
    0xFD, 0x2F, 0xFF, 0xFC, 0x07, 0xFF, 0xFC, 0x1F, 0xFF, 0xE0, 0x01, 0xFF, 0xF4, 0x02, 0xFF, 0x80,
    0x00, 0xBF, 0x80, 0x00, 0xFF, 0x80, 0x00, 0xFF, 0x00, 0x00, 0xFF, 0xC0, 0x03, 0xFC, 0x00, 0x00,
    0xBF, 0xC0, 0x07, 0xF8, 0x00, 0x00, 0x7F, 0xD0, 0x0F, 0xF0, 0x00, 0x00, 0x3F, 0xE0, 0x2F, 0xC0,
    0x00, 0x00, 0x2F, 0xF0, 0x7F, 0x80, 0x00, 0x00, 0x1F, 0xF0, 0xFF, 0x00, 0x00, 0x00, 0x0F, 0xF2,
    0xFC, 0x00, 0x00, 0x00, 0x0F, 0xFB, 0xF8, 0x00, 0x00, 0x00, 0x07, 0xFF, 0xF0, 0x00, 0x00, 0x00,
    0x03, 0xFF, 0xC0, 0x00, 0x00, 0x00, 0x03, 0xFF, 0x80, 0x00, 0x00, 0x00, 0x02, 0xFF, 0x00, 0x00,
    0x00, 0x00, 0x03, 0xFC, 0x00, 0x00, 0x00, 0x28, 0x0B, 0xF4, 0x00, 0x00, 0x00, 0x7E, 0xBF, 0xD0,
    0x00, 0x00, 0x00, 0xBF, 0xFF, 0x80, 0x00, 0x00, 0x00, 0xBF, 0xFD, 0x00, 0x00, 0x00, 0x00, 0x3F,
    0xE0, 0x00, 0x00, 0x00, 0x00, 0x01, 0x00, 0x00, 0x00, 0x00, 0x00, 0x00, 0x00, 0x0A, 0xAA, 0xAA,
    0x00, 0x00, 0x00, 0xFF, 0xFF, 0xF0, 0x00, 0x00, 0x1F, 0xFF, 0xFF, 0x00, 0x00, 0x00, 0x55, 0x55,
    0x40, 0x00, 0x00, 0x00, 0x00, 0x00, 0x00, 0x00, 0x00, 0x00, 0x00, 0x00, 0x00, 0x00, 0x58, 0x00,
    0x1A, 0x00, 0x00, 0xBF, 0xF0, 0x0F, 0xFD, 0x00, 0x1F, 0xFF, 0x80, 0x7F, 0xE0, 0x01, 0xBF, 0xFC,
    0x03, 0xFF, 0x00, 0x00, 0x7F, 0xC0, 0x2F, 0xE0, 0x00, 0x03, 0xFD, 0x02, 0xFE, 0x00, 0x00, 0x3F,
    0xD0, 0x3F, 0xD0, 0x00, 0x02, 0xFE, 0x03, 0xFC, 0x00, 0x00, 0x1F, 0xE0, 0x7F, 0x80, 0x00, 0x00,
    0xFF, 0x0B, 0xF0, 0x00, 0x00, 0x0F, 0xF0, 0xFE, 0x00, 0x00, 0x00, 0xFF, 0x1F, 0xC0, 0x00, 0x00,
    0x0F, 0xF3, 0xF8, 0x00, 0x00, 0x00, 0xFF, 0x7F, 0x00, 0x00, 0x00, 0x0B, 0xFF, 0xD0, 0x00, 0x00,
    0x00, 0xBF, 0xF8, 0x00, 0x00, 0x00, 0x0B, 0xFF, 0x00, 0x00, 0x00, 0x00, 0xFF, 0xC0, 0x00, 0x00,
    0x00, 0x0F, 0xF4, 0x00, 0x00, 0x00, 0x02, 0xFD, 0x00, 0x00, 0x00, 0x00, 0x7F, 0x40, 0x00, 0x03,
    0xD0, 0x6F, 0xD0, 0x00, 0x00, 0x7F, 0xFF, 0xF4, 0x00, 0x00, 0x0B, 0xFF, 0xFD, 0x00, 0x00, 0x00,
    0x3F, 0xFE, 0x00, 0x00, 0x00, 0x00, 0xBA, 0x00, 0x00, 0x00, 0x00, 0x00, 0x00, 0x01, 0x00, 0x14,
    0x00, 0x00, 0x00, 0x2F, 0xC1, 0xFE, 0x00, 0x00, 0x00, 0x7F, 0xC3, 0xFE, 0x00, 0x00, 0x00, 0xBF,
    0xC3, 0xFD, 0x00, 0x00, 0x00, 0x7F, 0x03, 0xF8, 0x00, 0x00, 0x00, 0x00, 0x00, 0x00, 0x00, 0x00,
    0x00, 0x00, 0x00, 0x00, 0x00, 0x00, 0x00, 0x00, 0x00, 0x00, 0x00, 0x1F, 0xFF, 0xFD, 0x03, 0xFF,
    0xFD, 0x2F, 0xFF, 0xFC, 0x07, 0xFF, 0xFC, 0x1F, 0xFF, 0xE0, 0x01, 0xFF, 0xF4, 0x02, 0xFF, 0x80,
    0x00, 0xBF, 0x80, 0x00, 0xFF, 0x80, 0x00, 0xFF, 0x00, 0x00, 0xFF, 0xC0, 0x03, 0xFC, 0x00, 0x00,
    0xBF, 0xC0, 0x07, 0xF8, 0x00, 0x00, 0x7F, 0xD0, 0x0F, 0xF0, 0x00, 0x00, 0x3F, 0xE0, 0x2F, 0xC0,
    0x00, 0x00, 0x2F, 0xF0, 0x7F, 0x80, 0x00, 0x00, 0x1F, 0xF0, 0xFF, 0x00, 0x00, 0x00, 0x0F, 0xF2,
    0xFC, 0x00, 0x00, 0x00, 0x0F, 0xFB, 0xF8, 0x00, 0x00, 0x00, 0x07, 0xFF, 0xF0, 0x00, 0x00, 0x00,
    0x03, 0xFF, 0xC0, 0x00, 0x00, 0x00, 0x03, 0xFF, 0x80, 0x00, 0x00, 0x00, 0x02, 0xFF, 0x00, 0x00,
    0x00, 0x00, 0x03, 0xFC, 0x00, 0x00, 0x00, 0x28, 0x0B, 0xF4, 0x00, 0x00, 0x00, 0x7E, 0xBF, 0xD0,
    0x00, 0x00, 0x00, 0xBF, 0xFF, 0x80, 0x00, 0x00, 0x00, 0xBF, 0xFD, 0x00, 0x00, 0x00, 0x00, 0x3F,
    0xE0, 0x00, 0x00, 0x00, 0x00, 0x01, 0x00, 0x00, 0x00, 0x00, 0x00, 0x00, 0x00, 0x00, 0x00, 0x00,
    0x00, 0x00, 0x00, 0x7F, 0x03, 0xF0, 0x00, 0x00, 0x0F, 0xF0, 0xFF, 0x40, 0x00, 0x01, 0xFF, 0x0F,
    0xF0, 0x00, 0x00, 0x1F, 0xD0, 0xFE, 0x00, 0x00, 0x00, 0x10, 0x01, 0x00, 0x00, 0x00, 0x00, 0x00,
    0x00, 0x00, 0x00, 0x00, 0x00, 0x00, 0x00, 0x00, 0x00, 0x58, 0x00, 0x1A, 0x00, 0x00, 0xBF, 0xF0,
    0x0F, 0xFD, 0x00, 0x1F, 0xFF, 0x80, 0x7F, 0xE0, 0x01, 0xBF, 0xFC, 0x03, 0xFF, 0x00, 0x00, 0x7F,
    0xC0, 0x2F, 0xE0, 0x00, 0x03, 0xFD, 0x02, 0xFE, 0x00, 0x00, 0x3F, 0xD0, 0x3F, 0xD0, 0x00, 0x02,
    0xFE, 0x03, 0xFC, 0x00, 0x00, 0x1F, 0xE0, 0x7F, 0x80, 0x00, 0x00, 0xFF, 0x0B, 0xF0, 0x00, 0x00,
    0x0F, 0xF0, 0xFE, 0x00, 0x00, 0x00, 0xFF, 0x1F, 0xC0, 0x00, 0x00, 0x0F, 0xF3, 0xF8, 0x00, 0x00,
    0x00, 0xFF, 0x7F, 0x00, 0x00, 0x00, 0x0B, 0xFF, 0xD0, 0x00, 0x00, 0x00, 0xBF, 0xF8, 0x00, 0x00,
    0x00, 0x0B, 0xFF, 0x00, 0x00, 0x00, 0x00, 0xFF, 0xC0, 0x00, 0x00, 0x00, 0x0F, 0xF4, 0x00, 0x00,
    0x00, 0x02, 0xFD, 0x00, 0x00, 0x00, 0x00, 0x7F, 0x40, 0x00, 0x03, 0xD0, 0x6F, 0xD0, 0x00, 0x00,
    0x7F, 0xFF, 0xF4, 0x00, 0x00, 0x0B, 0xFF, 0xFD, 0x00, 0x00, 0x00, 0x3F, 0xFE, 0x00, 0x00, 0x00,
    0x00, 0xBA, 0x00, 0x00, 0x00, 0x00, 0x00, 0x00, 0x00, 0x00, 0x00, 0x00, 0x00, 0x00, 0x00, 0x1E,
    0x00, 0x2C, 0x00, 0x00, 0x00, 0xBF, 0x00, 0xFE, 0x00, 0x00, 0x03, 0xFF, 0x47, 0xFF, 0x00, 0x00,
    0x0F, 0xFE, 0x2F, 0xFC, 0x00, 0x00, 0x7F, 0xE0, 0xBF, 0xE0, 0x00, 0x00, 0xFE, 0x01, 0xFE, 0x00,
    0x00, 0x00, 0xA0, 0x00, 0x90, 0x00, 0x00, 0x00, 0x00, 0x00, 0x00, 0x00, 0x00, 0x00, 0x00, 0x00,
    0x00, 0x00, 0x1F, 0xFF, 0xFD, 0x03, 0xFF, 0xFD, 0x2F, 0xFF, 0xFC, 0x07, 0xFF, 0xFC, 0x1F, 0xFF,
    0xE0, 0x01, 0xFF, 0xF4, 0x02, 0xFF, 0x80, 0x00, 0xBF, 0x80, 0x00, 0xFF, 0x80, 0x00, 0xFF, 0x00,
    0x00, 0xFF, 0xC0, 0x03, 0xFC, 0x00, 0x00, 0xBF, 0xC0, 0x07, 0xF8, 0x00, 0x00, 0x7F, 0xD0, 0x0F,
    0xF0, 0x00, 0x00, 0x3F, 0xE0, 0x2F, 0xC0, 0x00, 0x00, 0x2F, 0xF0, 0x7F, 0x80, 0x00, 0x00, 0x1F,
    0xF0, 0xFF, 0x00, 0x00, 0x00, 0x0F, 0xF2, 0xFC, 0x00, 0x00, 0x00, 0x0F, 0xFB, 0xF8, 0x00, 0x00,
    0x00, 0x07, 0xFF, 0xF0, 0x00, 0x00, 0x00, 0x03, 0xFF, 0xC0, 0x00, 0x00, 0x00, 0x03, 0xFF, 0x80,
    0x00, 0x00, 0x00, 0x02, 0xFF, 0x00, 0x00, 0x00, 0x00, 0x03, 0xFC, 0x00, 0x00, 0x00, 0x28, 0x0B,
    0xF4, 0x00, 0x00, 0x00, 0x7E, 0xBF, 0xD0, 0x00, 0x00, 0x00, 0xBF, 0xFF, 0x80, 0x00, 0x00, 0x00,
    0xBF, 0xFD, 0x00, 0x00, 0x00, 0x00, 0x3F, 0xE0, 0x00, 0x00, 0x00, 0x00, 0x01, 0x00, 0x00, 0x00,
    0x00, 0x00, 0x00, 0x00, 0x00, 0x00, 0x00, 0x00, 0x00, 0x00, 0x02, 0xC0, 0x3C, 0x00, 0x00, 0x00,
    0x7F, 0x0B, 0xF0, 0x00, 0x00, 0x0F, 0xF1, 0xFE, 0x00, 0x00, 0x03, 0xFC, 0x3F, 0xC0, 0x00, 0x00,
    0xBF, 0x0B, 0xF0, 0x00, 0x00, 0x0F, 0xC1, 0xFC, 0x00, 0x00, 0x00, 0xF0, 0x1E, 0x00, 0x00, 0x00,
    0x00, 0x00, 0x00, 0x00, 0x00, 0x00, 0x00, 0x00, 0x00, 0x00, 0x00, 0x58, 0x00, 0x1A, 0x00, 0x00,
    0xBF, 0xF0, 0x0F, 0xFD, 0x00, 0x1F, 0xFF, 0x80, 0x7F, 0xE0, 0x01, 0xBF, 0xFC, 0x03, 0xFF, 0x00,
    0x00, 0x7F, 0xC0, 0x2F, 0xE0, 0x00, 0x03, 0xFD, 0x02, 0xFE, 0x00, 0x00, 0x3F, 0xD0, 0x3F, 0xD0,
    0x00, 0x02, 0xFE, 0x03, 0xFC, 0x00, 0x00, 0x1F, 0xE0, 0x7F, 0x80, 0x00, 0x00, 0xFF, 0x0B, 0xF0,
    0x00, 0x00, 0x0F, 0xF0, 0xFE, 0x00, 0x00, 0x00, 0xFF, 0x1F, 0xC0, 0x00, 0x00, 0x0F, 0xF3, 0xF8,
    0x00, 0x00, 0x00, 0xFF, 0x7F, 0x00, 0x00, 0x00, 0x0B, 0xFF, 0xD0, 0x00, 0x00, 0x00, 0xBF, 0xF8,
    0x00, 0x00, 0x00, 0x0B, 0xFF, 0x00, 0x00, 0x00, 0x00, 0xFF, 0xC0, 0x00, 0x00, 0x00, 0x0F, 0xF4,
    0x00, 0x00, 0x00, 0x02, 0xFD, 0x00, 0x00, 0x00, 0x00, 0x7F, 0x40, 0x00, 0x03, 0xD0, 0x6F, 0xD0,
    0x00, 0x00, 0x7F, 0xFF, 0xF4, 0x00, 0x00, 0x0B, 0xFF, 0xFD, 0x00, 0x00, 0x00, 0x3F, 0xFE, 0x00,
    0x00, 0x00, 0x00, 0xBA, 0x00, 0x00, 0x00, 0x00, 0x00, 0x00, 0x14, 0x00, 0x40, 0x00, 0x00, 0x03,
    0xF8, 0x2F, 0xC0, 0x00, 0x00, 0x2F, 0xF0, 0xFF, 0x40, 0x00, 0x00, 0xFF, 0x87, 0xFC, 0x00, 0x00,
    0x02, 0xF8, 0x0F, 0xD0, 0x00, 0x00, 0x00, 0x00, 0x00, 0x00, 0x00, 0x00, 0x00, 0x00, 0x00, 0x00,
    0x00, 0x00, 0x00, 0x00, 0x00, 0x00, 0x7F, 0xFF, 0xF4, 0x7F, 0xFF, 0xFB, 0xFF, 0xFF, 0xC3, 0xFF,
    0xFF, 0xD7, 0xFF, 0xFD, 0x07, 0xFF, 0xFD, 0x01, 0xFF, 0x40, 0x02, 0xFF, 0x40, 0x0B, 0xFC, 0x00,
    0x0F, 0xFC, 0x00, 0x3F, 0xF0, 0x00, 0x3F, 0xF0, 0x00, 0xFF, 0xC0, 0x00, 0xFF, 0x80, 0x03, 0xFE,
    0x00, 0x07, 0xFE, 0x00, 0x1F, 0xF8, 0x00, 0x2F, 0xF4, 0x00, 0x7F, 0xF0, 0x00, 0xFF, 0xC0, 0x00,
    0xFF, 0xE0, 0x03, 0xFF, 0x00, 0x03, 0xFF, 0xFF, 0xFF, 0xF8, 0x00, 0x07, 0xFF, 0xFF, 0xFF, 0xD0,
    0x00, 0x07, 0xFF, 0xFF, 0xFF, 0x40, 0x00, 0x00, 0x69, 0x4F, 0xFC, 0x00, 0x00, 0x00, 0x00, 0x3F,
    0xF0, 0x00, 0x00, 0x00, 0x01, 0xFF, 0x80, 0x00, 0x00, 0x00, 0x0B, 0xFD, 0x00, 0x00, 0x00, 0x00,
    0x3F, 0xF0, 0x00, 0x00, 0x00, 0x00, 0xFF, 0xC0, 0x00, 0x00, 0x00, 0x6F, 0xFF, 0xE0, 0x00, 0x00,
    0x07, 0xFF, 0xFF, 0xD0, 0x00, 0x00, 0x2F, 0xFF, 0xFF, 0x00, 0x00, 0x00, 0x00, 0x00, 0x00, 0x00,
    0x00, 0xBE, 0x07, 0xF0, 0x00, 0x1F, 0xF0, 0xFF, 0x00, 0x02, 0xFE, 0x1F, 0xF0, 0x00, 0x1F, 0xC0,
    0xFD, 0x00, 0x00, 0x00, 0x01, 0x00, 0x00, 0x00, 0x00, 0x00, 0x00, 0x00, 0x00, 0x00, 0x00, 0x00,
    0x64, 0x00, 0x05, 0x42, 0xFF, 0xD0, 0x07, 0xFC, 0xBF, 0xFD, 0x00, 0xFF, 0x8A, 0xBF, 0xC0, 0x0F,
    0xF4, 0x03, 0xFC, 0x01, 0xFF, 0x00, 0x3F, 0xC0, 0x1F, 0xF0, 0x07, 0xF8, 0x02, 0xFE, 0x00, 0xBF,
    0x40, 0x7F, 0xD0, 0x0B, 0xF8, 0x0F, 0xFC, 0x00, 0xBF, 0xEF, 0xFF, 0xC0, 0x03, 0xFF, 0xFF, 0xFC,
    0x00, 0x1F, 0xF8, 0xFF, 0x80, 0x00, 0x00, 0x0F, 0xF4, 0x00, 0x00, 0x00, 0xFF, 0x09, 0x00, 0x00,
    0x1F, 0xFB, 0xF0, 0x00, 0x02, 0xFF, 0xFE, 0x00, 0x00, 0x1F, 0xFF, 0x80, 0x00, 0x00, 0xFF, 0xD0,
    0x00, 0x00, 0x01, 0x40, 0x00, 0x00, 0x0F, 0xFF, 0xFF, 0xFF, 0xF0, 0x00, 0xBF, 0xFF, 0xFF, 0xFF,
    0xC0, 0x01, 0xFF, 0xFF, 0xFF, 0xFF, 0x00, 0x00, 0x3F, 0xF1, 0x57, 0xFC, 0x00, 0x01, 0xFF, 0x80,
    0x0F, 0xE0, 0x00, 0x0B, 0xFD, 0x00, 0x3F, 0x40, 0x00, 0x3F, 0xF0, 0x00, 0xFC, 0x00, 0x00, 0xFF,
    0xC0, 0x03, 0xD0, 0x00, 0x07, 0xFE, 0x00, 0x04, 0x00, 0x00, 0x1F, 0xF4, 0x00, 0x00, 0x00, 0x00,
    0xBF, 0xD0, 0x00, 0x00, 0x00, 0x03, 0xFF, 0x00, 0x00, 0x00, 0x00, 0x0F, 0xFC, 0x00, 0x00, 0x00,
    0x00, 0x7F, 0xE0, 0x00, 0x00, 0x00, 0x02, 0xFF, 0x40, 0x00, 0x00, 0x00, 0x0F, 0xFC, 0x00, 0x00,
    0x00, 0x00, 0x3F, 0xF0, 0x00, 0x00, 0x00, 0x00, 0xFF, 0xC0, 0x00, 0x00, 0x00, 0x07, 0xFE, 0x00,
    0x00, 0x00, 0x00, 0x2F, 0xF4, 0x00, 0x00, 0x00, 0x07, 0xFF, 0xFE, 0x00, 0x00, 0x00, 0xBF, 0xFF,
    0xFD, 0x00, 0x00, 0x03, 0xFF, 0xFF, 0xF0, 0x00, 0x00, 0x00, 0x00, 0x7F, 0xC0, 0x00, 0x00, 0x00,
    0x01, 0xFD, 0x00, 0x00, 0x00, 0x00, 0x0B, 0xF0, 0x00, 0x00, 0x00, 0x00, 0x2F, 0x80, 0x00, 0x00,
    0x00, 0x00, 0xBD, 0x00, 0x00, 0x00, 0x00, 0x03, 0xF0, 0x00, 0x00, 0x00, 0x00, 0x06, 0x40, 0x00,
    0x00, 0x00, 0x00, 0x05, 0xA4, 0x00, 0x02, 0xFF, 0xFF, 0x00, 0x3F, 0xFF, 0xFE, 0x02, 0xFF, 0xAF,
    0xFC, 0x0F, 0xD0, 0x0F, 0xF0, 0x18, 0x00, 0x7F, 0xC0, 0x00, 0x07, 0xFF, 0x00, 0x00, 0xBF, 0xF0,
    0x00, 0x1F, 0xFF, 0x00, 0x07, 0xFF, 0xE0, 0x00, 0xBF, 0xF8, 0x00, 0x0B, 0xFE, 0x00, 0x00, 0x3F,
    0xE0, 0x00, 0x01, 0xFF, 0x00, 0x1F, 0x47, 0xFD, 0x02, 0xFC, 0x0F, 0xFF, 0xFF, 0xF0, 0x2F, 0xFF,
    0xFB, 0x80, 0x2F, 0xFE, 0x3E, 0x00, 0x01, 0x41, 0xFC, 0x00, 0x00, 0x07, 0xF0, 0x00, 0x00, 0x1F,
    0xC0, 0x00, 0x00, 0xBF, 0x00, 0x00, 0x0B, 0xF4, 0x00, 0x00, 0xFF, 0x40, 0x00, 0x00, 0x50, 0x00,
    0x00, 0x00, 0x00, 0x00, 0x14, 0x00, 0x40, 0x00, 0x00, 0x00, 0x00, 0x00, 0x03, 0xF8, 0x2F, 0xC0,
    0x00, 0x00, 0x00, 0x00, 0x00, 0x3F, 0xF1, 0xFF, 0x40, 0x00, 0x00, 0x00, 0x00, 0x00, 0xFF, 0x87,
    0xFC, 0x00, 0x00, 0x00, 0x00, 0x00, 0x02, 0xF8, 0x0F, 0xD0, 0x00, 0x00, 0x00, 0x00, 0x00, 0x00,
    0x00, 0x00, 0x00, 0x00, 0x00, 0x00, 0x00, 0x00, 0x00, 0x00, 0x00, 0x00, 0x00, 0x00, 0x00, 0x00,
    0x00, 0x00, 0x00, 0x00, 0x00, 0x00, 0x00, 0x0F, 0xFF, 0xFF, 0x00, 0x00, 0xFF, 0xFF, 0xF4, 0x00,
    0xBF, 0xFF, 0xFC, 0x00, 0x07, 0xFF, 0xFF, 0xC0, 0x01, 0xFF, 0xFF, 0x80, 0x00, 0x0B, 0xFF, 0xF8,
    0x00, 0x00, 0x3F, 0xE0, 0x00, 0x00, 0x03, 0xFF, 0x00, 0x00, 0x01, 0xFF, 0x40, 0x00, 0x00, 0x0F,
    0xFC, 0x00, 0x00, 0x0B, 0xFC, 0x00, 0x00, 0x00, 0x7F, 0xE0, 0x00, 0x00, 0x3F, 0xF0, 0x00, 0x00,
    0x02, 0xFF, 0x40, 0x00, 0x00, 0xFF, 0x80, 0x00, 0x00, 0x0F, 0xFC, 0x00, 0x00, 0x07, 0xFD, 0x00,
    0x00, 0x00, 0x3F, 0xF0, 0x00, 0x00, 0x1F, 0xF5, 0x00, 0x00, 0x00, 0xFF, 0xC0, 0x00, 0x00, 0xBF,
    0xFF, 0xF8, 0x00, 0x07, 0xFE, 0x00, 0x00, 0x03, 0xFF, 0xFF, 0xFE, 0x00, 0x2F, 0xF4, 0x00, 0x00,
    0x0F, 0xF9, 0xBF, 0xFD, 0x00, 0xFF, 0xC0, 0x00, 0x00, 0x7F, 0xD0, 0x1F, 0xFC, 0x03, 0xFF, 0x00,
    0x00, 0x02, 0xFF, 0x00, 0x3F, 0xF0, 0x1F, 0xF8, 0x00, 0x00, 0x0F, 0xFC, 0x00, 0xBF, 0xD0, 0x7F,
    0xE0, 0x00, 0x00, 0x3F, 0xF0, 0x02, 0xFF, 0x02, 0xFF, 0x40, 0x00, 0x00, 0xFF, 0x80, 0x0F, 0xFC,
    0x0F, 0xFC, 0x00, 0x00, 0x07, 0xFD, 0x00, 0x7F, 0xE0, 0x3F, 0xF0, 0x00, 0x00, 0x2F, 0xF0, 0x07,
    0xFF, 0x01, 0xFF, 0x80, 0x00, 0x07, 0xFF, 0xFF, 0xFF, 0xF0, 0x2F, 0xFF, 0x90, 0x00, 0xBF, 0xFF,
    0xFF, 0xFF, 0x03, 0xFF, 0xFF, 0xC0, 0x03, 0xFF, 0xFF, 0xFF, 0x80, 0x1F, 0xFF, 0xFE, 0x00, 0x00,
    0x00, 0x00, 0x00, 0x00, 0x00, 0x00, 0x00, 0x00, 0x00, 0x00, 0x00, 0x00, 0x00, 0x00, 0x00, 0x00,
    0x00, 0x7F, 0x03, 0xF0, 0x00, 0x00, 0x00, 0x0F, 0xF0, 0xFF, 0x80, 0x00, 0x00, 0x01, 0xFF, 0x0F,
    0xF4, 0x00, 0x00, 0x00, 0x0F, 0xD0, 0xFE, 0x00, 0x00, 0x00, 0x00, 0x10, 0x01, 0x00, 0x00, 0x00,
    0x00, 0x00, 0x00, 0x00, 0x00, 0x00, 0x00, 0x00, 0x00, 0x00, 0x00, 0x00, 0x00, 0x59, 0x00, 0x00,
    0x00, 0x54, 0x01, 0xFF, 0xF8, 0x00, 0x00, 0x1F, 0xF0, 0x3F, 0xFF, 0x80, 0x00, 0x02, 0xFF, 0x02,
    0xAF, 0xF4, 0x00, 0x00, 0x3F, 0xE0, 0x00, 0xFF, 0x00, 0x00, 0x03, 0xFD, 0x00, 0x1F, 0xF0, 0x00,
    0x00, 0x3F, 0xC0, 0x02, 0xFE, 0x00, 0x00, 0x07, 0xFC, 0x00, 0x3F, 0xEB, 0xF8, 0x00, 0xBF, 0x80,
    0x03, 0xFF, 0xFF, 0xF4, 0x0F, 0xF4, 0x00, 0x7F, 0xFB, 0xFF, 0xC0, 0xFF, 0x40, 0x0B, 0xF8, 0x03,
    0xFC, 0x1F, 0xF0, 0x00, 0xFF, 0x40, 0x2F, 0xD2, 0xFF, 0x00, 0x0F, 0xF0, 0x02, 0xFC, 0x2F, 0xE0,
    0x00, 0xFF, 0x00, 0x3F, 0xC3, 0xFD, 0x28, 0x0F, 0xF4, 0x0B, 0xF8, 0x3F, 0xEF, 0xC0, 0xBF, 0xFF,
    0xFF, 0x07, 0xFF, 0xF8, 0x03, 0xFF, 0xFF, 0x80, 0x3F, 0xFF, 0x00, 0x0B, 0xFF, 0xD0, 0x02, 0xFF,
    0x40, 0x00, 0x05, 0x00, 0x00, 0x01, 0x00, 0x00, 0x00, 0x0F, 0xFF, 0xFF, 0xFF, 0xF0, 0x00, 0xBF,
    0xFF, 0xFF, 0xFF, 0xC0, 0x01, 0xFF, 0xFF, 0xFF, 0xFF, 0x00, 0x00, 0x3F, 0xF1, 0x57, 0xF8, 0x00,
    0x01, 0xFF, 0x80, 0x0F, 0xE0, 0x00, 0x0B, 0xFD, 0x00, 0x3F, 0x40, 0x00, 0x3F, 0xF0, 0x00, 0xFC,
    0x00, 0x00, 0xFF, 0xC0, 0x03, 0xC0, 0x00, 0x07, 0xFE, 0x00, 0x00, 0x00, 0x00, 0x1F, 0xF4, 0x00,
    0x00, 0x00, 0x15, 0xFF, 0xE5, 0x50, 0x00, 0x00, 0xFF, 0xFF, 0xFF, 0x40, 0x00, 0x06, 0xAF, 0xFE,
    0xA8, 0x00, 0x00, 0x00, 0x7F, 0xE0, 0x00, 0x00, 0x00, 0x02, 0xFF, 0x40, 0x00, 0x00, 0x00, 0x0F,
    0xFC, 0x00, 0x00, 0x00, 0x00, 0x3F, 0xF0, 0x00, 0x00, 0x00, 0x00, 0xFF, 0xC0, 0x00, 0x00, 0x00,
    0x07, 0xFE, 0x00, 0x00, 0x00, 0x00, 0x2F, 0xF4, 0x00, 0x00, 0x00, 0x07, 0xFF, 0xFE, 0x40, 0x00,
    0x00, 0xBF, 0xFF, 0xFF, 0x00, 0x00, 0x03, 0xFF, 0xFF, 0xFD, 0x00, 0x00, 0x00, 0x00, 0x01, 0xF4,
    0x00, 0x00, 0x00, 0x00, 0x07, 0xD0, 0x00, 0x00, 0x00, 0x00, 0x2F, 0x00, 0x00, 0x00, 0x00, 0xE6,
    0xFC, 0x00, 0x00, 0x00, 0x07, 0xFF, 0xD0, 0x00, 0x00, 0x00, 0x0F, 0xFD, 0x00, 0x00, 0x00, 0x00,
    0x1A, 0x40, 0x00, 0x00, 0x00, 0x00, 0x06, 0xA4, 0x00, 0x06, 0xFF, 0xFF, 0x00, 0xBF, 0xFF, 0xFE,
    0x03, 0xFF, 0xAF, 0xFC, 0x0F, 0x80, 0x0F, 0xF0, 0x10, 0x00, 0x3F, 0xC0, 0x07, 0x03, 0xFE, 0x00,
    0x3E, 0x7F, 0xF0, 0x00, 0x3F, 0xFE, 0x00, 0x07, 0xFF, 0xD0, 0x00, 0xBF, 0xFD, 0x00, 0x0B, 0xFE,
    0xBC, 0x00, 0x3F, 0xD0, 0xF0, 0x01, 0xFF, 0x00, 0x0B, 0x87, 0xFD, 0x01, 0xFF, 0x0F, 0xFF, 0xFF,
    0xFC, 0x2F, 0xFF, 0xFF, 0xF0, 0x2F, 0xFF, 0x9F, 0xC0, 0x01, 0x40, 0x3F, 0x00, 0x00, 0x01, 0xF8,
    0x00, 0x04, 0x0F, 0xD0, 0x00, 0x3F, 0xFF, 0x00, 0x01, 0xFF, 0xF4, 0x00, 0x03, 0xFE, 0x00, 0x00,
    0x00, 0x00, 0x00, 0x00, 0x2F, 0xFF, 0xFC, 0x0F, 0xFF, 0xF8, 0x00, 0xFF, 0xFF, 0xE0, 0x7F, 0xFF,
    0xD0, 0x02, 0xFF, 0xFD, 0x00, 0x7F, 0xF9, 0x00, 0x00, 0xBF, 0xE0, 0x00, 0xFF, 0x40, 0x00, 0x00,
    0xFF, 0xC0, 0x0F, 0xF4, 0x00, 0x00, 0x02, 0xFF, 0x80, 0xBF, 0x40, 0x00, 0x00, 0x03, 0xFF, 0x0B,
    0xF8, 0x00, 0x00, 0x00, 0x0B, 0xFD, 0x7F, 0x80, 0x00, 0x00, 0x00, 0x0F, 0xFF, 0xF8, 0x00, 0x00,
    0x00, 0x00, 0x2F, 0xFF, 0xC0, 0x00, 0x00, 0x00, 0x00, 0x3F, 0xFC, 0x00, 0x00, 0x00, 0x00, 0x00,
    0xFF, 0xD0, 0x00, 0x00, 0x00, 0x00, 0x0B, 0xFF, 0xC0, 0x00, 0x00, 0x00, 0x00, 0xBF, 0xFF, 0x40,
    0x00, 0x00, 0x00, 0x07, 0xFB, 0xFF, 0x00, 0x00, 0x00, 0x00, 0x7F, 0x8B, 0xFD, 0x00, 0x00, 0x00,
    0x07, 0xFC, 0x0F, 0xFC, 0x00, 0x00, 0x00, 0x3F, 0xC0, 0x2F, 0xF8, 0x00, 0x00, 0x03, 0xFD, 0x00,
    0x3F, 0xF0, 0x00, 0x00, 0x3F, 0xD0, 0x00, 0xBF, 0xD0, 0x00, 0x0B, 0xFF, 0x90, 0x00, 0xFF, 0x80,
    0x00, 0xFF, 0xFF, 0xD0, 0x02, 0xFF, 0x00, 0x07, 0xFF, 0xFF, 0x00, 0x03, 0xFC, 0x00, 0x00, 0x00,
    0x00, 0x00, 0x0F, 0xF0, 0x00, 0x00, 0x00, 0x00, 0x00, 0x3F, 0xC0, 0x00, 0x00, 0x00, 0x0E, 0x01,
    0xFE, 0x00, 0x00, 0x00, 0x00, 0xBE, 0x6F, 0xF0, 0x00, 0x00, 0x00, 0x03, 0xFF, 0xFF, 0x40, 0x00,
    0x00, 0x00, 0x0B, 0xFF, 0xF4, 0x00, 0x00, 0x00, 0x00, 0x06, 0xE9, 0x00, 0x00, 0x00, 0x00, 0x06,
    0x40, 0x00, 0x64, 0x00, 0x3F, 0xF4, 0x01, 0xFF, 0xC0, 0x3F, 0xFF, 0x01, 0xFF, 0xF0, 0x1F, 0xFF,
    0xD0, 0xFF, 0xF8, 0x00, 0x0F, 0xF8, 0xBF, 0x18, 0x00, 0x01, 0xFF, 0x7F, 0x00, 0x00, 0x00, 0x3F,
    0xFF, 0x00, 0x00, 0x00, 0x07, 0xFF, 0x40, 0x00, 0x00, 0x00, 0xFF, 0x80, 0x00, 0x00, 0x00, 0x3F,
    0xF0, 0x00, 0x00, 0x00, 0x1F, 0xFC, 0x00, 0x00, 0x00, 0x0F, 0xFF, 0x80, 0x00, 0x00, 0x0F, 0xFF,
    0xF0, 0x00, 0x00, 0x0B, 0xF3, 0xFE, 0x00, 0x03, 0xEF, 0xF0, 0xBF, 0xC0, 0x01, 0xFF, 0xF4, 0x0F,
    0xF4, 0x00, 0x7F, 0xF8, 0x03, 0xFE, 0x00, 0x0F, 0xF8, 0x00, 0xBF, 0xC0, 0x00, 0x50, 0x00, 0x0F,
    0xF0, 0x00, 0x00, 0x00, 0x03, 0xFD, 0x00, 0x00, 0x00, 0x00, 0xBF, 0x00, 0x00, 0x00, 0xD0, 0x2F,
    0xC0, 0x00, 0x00, 0xFE, 0x6F, 0xD0, 0x00, 0x00, 0x7F, 0xFF, 0xE0, 0x00, 0x00, 0x0F, 0xFF, 0xE0,
    0x00, 0x00, 0x00, 0x6A, 0x40, 0x00, 0x00, 0x00, 0x2F, 0xFF, 0xFC, 0x0F, 0xFF, 0xF8, 0x00, 0xFF,
    0xFF, 0xE0, 0x7F, 0xFF, 0xD0, 0x02, 0xFF, 0xFD, 0x00, 0x7F, 0xF9, 0x00, 0x00, 0xBF, 0xE0, 0x00,
    0xFF, 0x40, 0x00, 0x00, 0xFF, 0xC0, 0x0F, 0xF4, 0x00, 0x00, 0x02, 0xFF, 0x80, 0xBF, 0x40, 0x00,
    0x00, 0x03, 0xFF, 0x0B, 0xF8, 0x00, 0x00, 0x00, 0x0B, 0xFD, 0x7F, 0x80, 0x00, 0x00, 0x00, 0x0F,
    0xFF, 0xF8, 0x00, 0x00, 0x00, 0x00, 0x2F, 0xFF, 0xC0, 0x00, 0x00, 0x00, 0xFF, 0xFF, 0xFF, 0xFF,
    0x40, 0x00, 0x03, 0xFF, 0xFF, 0xFF, 0xFC, 0x00, 0x00, 0x00, 0x0B, 0xFF, 0xC0, 0x00, 0x00, 0x00,
    0x00, 0xBF, 0xFF, 0x40, 0x00, 0x00, 0x00, 0x07, 0xFB, 0xFF, 0x00, 0x00, 0x00, 0x00, 0x7F, 0x8B,
    0xFD, 0x00, 0x00, 0x00, 0x07, 0xFC, 0x0F, 0xFC, 0x00, 0x00, 0x00, 0x3F, 0xC0, 0x3F, 0xF4, 0x00,
    0x00, 0x03, 0xFD, 0x00, 0x7F, 0xF0, 0x00, 0x00, 0x3F, 0xD0, 0x00, 0xFF, 0xD0, 0x00, 0x0B, 0xFF,
    0x90, 0x07, 0xFF, 0xE4, 0x00, 0xFF, 0xFF, 0xD0, 0xFF, 0xFF, 0xF0, 0x07, 0xFF, 0xFF, 0x07, 0xFF,
    0xFF, 0x80, 0x00, 0x00, 0x06, 0x40, 0x00, 0x64, 0x00, 0x3F, 0xF4, 0x01, 0xFF, 0xC0, 0x3F, 0xFF,
    0x01, 0xFF, 0xF0, 0x1F, 0xFF, 0xD0, 0xFF, 0xF8, 0x00, 0x0B, 0xF8, 0xBF, 0x18, 0x00, 0x00, 0xFF,
    0x7F, 0x00, 0x00, 0x00, 0x3F, 0xFF, 0x00, 0x00, 0x00, 0x07, 0xFF, 0x00, 0x00, 0x00, 0xAA, 0xFF,
    0xEA, 0x90, 0x00, 0x3F, 0xFF, 0xFF, 0xF4, 0x00, 0x05, 0x6F, 0xFD, 0x54, 0x00, 0x00, 0x0F, 0xFF,
    0x40, 0x00, 0x00, 0x0F, 0xFF, 0xF0, 0x00, 0x00, 0x0B, 0xF3, 0xFD, 0x00, 0x03, 0xEF, 0xF0, 0xBF,
    0xC6, 0x81, 0xFF, 0xF4, 0x1F, 0xFF, 0xF0, 0x7F, 0xF8, 0x03, 0xFF, 0xF4, 0x0F, 0xF8, 0x00, 0x7F,
    0xE4, 0x00, 0x50, 0x00, 0x01, 0x00, 0x00, 0x0A, 0xAA, 0xAA, 0xAA, 0xAA, 0xAA, 0xAA, 0xAA, 0xAA,
    0xAA, 0xAA, 0xAA, 0xAA, 0xA0, 0x00, 0x00, 0x38, 0x2C, 0x1E, 0xB4, 0x07, 0xD0, 0x0B, 0xD0, 0x2F,
    0xF4, 0x36, 0x9C, 0x02, 0x80, 0x02, 0x80, 0x02, 0x80, 0x02, 0x80, 0x02, 0x80, 0x02, 0x80, 0x02,
    0x80, 0x02, 0x80, 0x02, 0x80, 0x02, 0x80, 0x02, 0x80, 0x02, 0x80, 0x02, 0x80, 0x02, 0x80, 0x02,
    0x80, 0x02, 0x80, 0x02, 0x80, 0x02, 0x80, 0x02, 0x80, 0x02, 0x80, 0x02, 0x80, 0x02, 0x80, 0x00,
    0x00, 0x00, 0x1C, 0x00, 0x00, 0x0B, 0x40, 0x00, 0x02, 0xD0, 0x00, 0x00, 0x74, 0x3F, 0xFF, 0xFC,
    0x75, 0x55, 0xB8, 0x70, 0x00, 0xE0, 0x70, 0x03, 0x80, 0x70, 0x0E, 0x00, 0x70, 0x14, 0x00, 0x70,
    0x00, 0x00, 0x70, 0x00, 0x00, 0x70, 0x00, 0x00, 0x70, 0x00, 0x00, 0x70, 0x00, 0x00, 0x70, 0x00,
    0x00, 0x70, 0x00, 0x00, 0x70, 0x00, 0x00, 0x70, 0x00, 0x00, 0x70, 0x00, 0x00, 0x70, 0x00, 0x00,
    0x70, 0x00, 0x00, 0x70, 0x00, 0x00, 0x70, 0x00, 0x00, 0x70, 0x00, 0x00, 0x70, 0x00, 0x00, 0x70,
    0x00, 0x00, 0x70, 0x00, 0x00, 0x70, 0x00, 0x00, 0x70, 0x00, 0x00, 0x00, 0x00, 0x00, 0x00, 0x38,
    0x00, 0x00, 0xE0, 0x00, 0x07, 0x80, 0x00, 0x1E, 0x00, 0x00, 0x3F, 0xFF, 0xFC, 0x2E, 0x55, 0x5D,
    0x0B, 0x00, 0x0D, 0x02, 0xC0, 0x0D, 0x00, 0xB0, 0x0D, 0x00, 0x14, 0x0D, 0x00, 0x00, 0x0D, 0x00,
    0x00, 0x0D, 0x00, 0x00, 0x0D, 0x00, 0x00, 0x0D, 0x00, 0x00, 0x0D, 0x00, 0x00, 0x0D, 0x00, 0x00,
    0x0D, 0x00, 0x00, 0x0D, 0x00, 0x00, 0x0D, 0x00, 0x00, 0x0D, 0x00, 0x00, 0x0D, 0x00, 0x00, 0x0D,
    0x00, 0x00, 0x0D, 0x00, 0x00, 0x0D, 0x00, 0x00, 0x0D, 0x00, 0x00, 0x0D, 0x00, 0x00, 0x0D, 0x00,
    0x00, 0x0D, 0x00, 0x00, 0x0D, 0x00, 0x00, 0x0D, 0x00, 0x00, 0x00, 0x15, 0x55, 0x41, 0xFF, 0xFF,
    0xDB, 0xFF, 0xFF, 0x6F, 0xFF, 0xFD, 0x15, 0x55, 0x50, 0x15, 0x55, 0x41, 0xFF, 0xFF, 0xDB, 0xFF,
    0xFF, 0x6F, 0xFF, 0xFD, 0x15, 0x55, 0x50, 0x55, 0x55, 0x55, 0x55, 0x2F, 0xFF, 0xFF, 0xFF, 0xCB,
    0xFF, 0xFF, 0xFF, 0xF1, 0xAA, 0xAA, 0xAA, 0xA8, 0x00, 0x00, 0x00, 0x00, 0x3F, 0xFF, 0xFF, 0xFF,
    0xEF, 0xFF, 0xFF, 0xFF, 0xFB, 0xFF, 0xFF, 0xFF, 0xFE, 0x00, 0x00, 0x00, 0x00, 0x00, 0x00, 0x00,
    0x00, 0x00, 0x00, 0x00, 0x00, 0x00, 0x3F, 0xFF, 0xFF, 0xFF, 0xFF, 0xFF, 0xFF, 0xFF, 0xFF, 0xFF,
    0xFF, 0xFF, 0xFF, 0xFF, 0xFF, 0xFF, 0xFF, 0xFF, 0xFF, 0xFF, 0xFF, 0xFF, 0xFF, 0xFF, 0xFF, 0x00,
    0x00, 0x00, 0x00, 0x00, 0x00, 0x00, 0x00, 0x00, 0x00, 0x00, 0x00, 0x00, 0x00, 0x00, 0x00, 0x00,
    0x3F, 0xFF, 0xFF, 0xFF, 0xFF, 0xFF, 0xFF, 0xFF, 0xFF, 0xFF, 0xFF, 0xFF, 0xFF, 0xFF, 0xFF, 0xFF,
    0xFF, 0xFF, 0xFF, 0xFF, 0xFF, 0xFF, 0xFF, 0xFF, 0xFF, 0x00, 0x00, 0x00, 0x00, 0x00, 0x00, 0x00,
    0x00, 0x00, 0x2A, 0x40, 0xA9, 0x3F, 0xC1, 0xFE, 0x3F, 0xC1, 0xFE, 0x3F, 0xC1, 0xFE, 0x3F, 0xC1,
    0xFE, 0x3F, 0xC1, 0xFE, 0x3F, 0xC1, 0xFE, 0x3F, 0xC1, 0xFE, 0x3F, 0xC1, 0xFE, 0x3F, 0xC1, 0xFE,
    0x3F, 0xC1, 0xFE, 0x3F, 0xC1, 0xFE, 0x3F, 0xC1, 0xFE, 0x3F, 0xC1, 0xFE, 0x3F, 0xC1, 0xFE, 0x3F,
    0xC1, 0xFE, 0x3F, 0xC1, 0xFE, 0x3F, 0xC1, 0xFE, 0x3F, 0xC1, 0xFE, 0x3F, 0xC1, 0xFE, 0x3F, 0xC1,
    0xFE, 0x3F, 0xC1, 0xFE, 0x3F, 0xC1, 0xFE, 0x3F, 0xC1, 0xFE, 0x3F, 0xC1, 0xFE, 0x3F, 0xC1, 0xFE,
    0x3F, 0xC1, 0xFE, 0x3F, 0xC1, 0xFE, 0x3F, 0xC1, 0xFE, 0x3F, 0xC1, 0xFE, 0x3F, 0xC1, 0xFE, 0x3F,
    0xC1, 0xFE, 0x3F, 0xC1, 0xFE, 0x15, 0x40, 0x55, 0x55, 0x55, 0x55, 0x55, 0x3F, 0xFF, 0xFF, 0xFF,
    0xEF, 0xFF, 0xFF, 0xFF, 0xFA, 0xAA, 0xAA, 0xAA, 0xA9, 0x00, 0x00, 0x00, 0x00, 0x00, 0x00, 0x00,
    0x00, 0x0F, 0xFF, 0xFF, 0xFF, 0xFB, 0xFF, 0xFF, 0xFF, 0xFE, 0xFF, 0xFF, 0xFF, 0xFF, 0x80, 0x00,
    0x04, 0x00, 0x7E, 0x01, 0xFC, 0x03, 0xF4, 0x0F, 0xF0, 0x1F, 0xD0, 0x3F, 0xC0, 0x3F, 0xC0, 0x3F,
    0xD0, 0x3F, 0xE0, 0x1A, 0x40, 0x00, 0x50, 0x07, 0xFC, 0x07, 0xFC, 0x03, 0xFC, 0x03, 0xFC, 0x07,
    0xF8, 0x0B, 0xF0, 0x0F, 0xE0, 0x3F, 0xC0, 0xBF, 0x00, 0x38, 0x00, 0x00, 0x40, 0x07, 0xF8, 0x0B,
    0xFC, 0x07, 0xFC, 0x03, 0xFC, 0x07, 0xF4, 0x0F, 0xF0, 0x1F, 0xD0, 0x3F, 0x80, 0xBF, 0x00, 0x78,
    0x00, 0x01, 0x00, 0x1F, 0xF0, 0x3F, 0xF0, 0x3F, 0xD0, 0x3F, 0xC0, 0x3F, 0xC0, 0x1F, 0xD0, 0x0F,
    0xF0, 0x03, 0xF4, 0x01, 0xFC, 0x00, 0x7C, 0x00, 0x00, 0x00, 0x04, 0x00, 0x10, 0x01, 0xF8, 0x07,
    0xE0, 0x1F, 0xC0, 0xBF, 0x00, 0xFD, 0x07, 0xF4, 0x0F, 0xF0, 0x3F, 0xC0, 0x7F, 0x41, 0xFD, 0x03,
    0xFC, 0x0F, 0xF0, 0x0F, 0xF0, 0x3F, 0xC0, 0x3F, 0xD0, 0xFF, 0x00, 0xFF, 0x83, 0xFD, 0x01, 0xA4,
    0x06, 0x90, 0x00, 0x00, 0x00, 0x00, 0x00, 0x0B, 0xE0, 0x2F, 0x80, 0xBF, 0xC2, 0xFF, 0x00, 0xFF,
    0x03, 0xFC, 0x03, 0xFC, 0x0F, 0xF0, 0x0F, 0xE0, 0x7F, 0x80, 0xBF, 0x42, 0xFC, 0x03, 0xF8, 0x0F,
    0xE0, 0x2F, 0xC0, 0xBF, 0x01, 0xFC, 0x07, 0xF0, 0x07, 0xC0, 0x2F, 0x00, 0x00, 0x00, 0x00, 0x00,
    0x00, 0x40, 0x01, 0x00, 0x7F, 0x82, 0xFD, 0x0B, 0xFC, 0x3F, 0xE0, 0x7F, 0xC2, 0xFE, 0x03, 0xFC,
    0x2F, 0xD0, 0x7F, 0x43, 0xFC, 0x0F, 0xF0, 0x3F, 0x81, 0xFD, 0x0B, 0xF0, 0x3F, 0x81, 0xFD, 0x0B,
    0xF0, 0x3F, 0x40, 0x78, 0x02, 0xD0, 0x00, 0x01, 0x00, 0x14, 0x00, 0x7F, 0xC3, 0xFE, 0x03, 0xFF,
    0x1F, 0xF8, 0x0F, 0xF4, 0xBF, 0xC0, 0x3F, 0xC1, 0xFE, 0x00, 0xFF, 0x03, 0xFC, 0x01, 0xFD, 0x0F,
    0xF0, 0x03, 0xFC, 0x0F, 0xD0, 0x03, 0xF4, 0x2F, 0xC0, 0x07, 0xF0, 0x3F, 0x80, 0x07, 0xC0, 0x3F,
    0x00, 0x00, 0x00, 0x00, 0x00, 0x00, 0x00, 0x00, 0x00, 0x0F, 0xF0, 0x00, 0x00, 0x7F, 0x80, 0x00,
    0x01, 0xFD, 0x00, 0x00, 0x07, 0xF0, 0x00, 0x00, 0x1F, 0x80, 0x02, 0x50, 0xBD, 0x05, 0x5F, 0xFF,
    0xFF, 0xFE, 0x7F, 0xFF, 0xFF, 0xF6, 0xF9, 0x7E, 0x6B, 0xC0, 0x00, 0xF4, 0x00, 0x00, 0x07, 0xC0,
    0x00, 0x00, 0x3F, 0x00, 0x00, 0x00, 0xFC, 0x00, 0x00, 0x07, 0xF0, 0x00, 0x00, 0x2F, 0x80, 0x00,
    0x00, 0xFE, 0x00, 0x00, 0x03, 0xF4, 0x00, 0x00, 0x1F, 0xC0, 0x00, 0x00, 0xFF, 0x00, 0x00, 0x03,
    0xFC, 0x00, 0x00, 0x06, 0x90, 0x00, 0x00, 0x00, 0x00, 0x00, 0x00, 0x00, 0x00, 0x0F, 0xF0, 0x00,
    0x00, 0x07, 0xF8, 0x00, 0x00, 0x01, 0xFD, 0x00, 0x00, 0x00, 0x7F, 0x00, 0x00, 0x00, 0x1F, 0x80,
    0x00, 0x25, 0x0B, 0xD0, 0x54, 0x1F, 0xFF, 0xFF, 0xFE, 0x07, 0xFF, 0xFF, 0xFF, 0x42, 0xF9, 0x7E,
    0x6B, 0xC0, 0x00, 0x1F, 0x80, 0x00, 0x00, 0x0B, 0xE0, 0x00, 0x00, 0x03, 0xF8, 0x00, 0x00, 0x01,
    0xFD, 0x00, 0x00, 0x00, 0x7F, 0x00, 0x00, 0x00, 0x1F, 0x80, 0x00, 0x25, 0x07, 0xC0, 0x54, 0x0F,
    0xFF, 0xFF, 0xFE, 0x07, 0xFF, 0xFF, 0xFF, 0x81, 0xFA, 0x7E, 0x6B, 0xC0, 0x00, 0x1F, 0x80, 0x00,
    0x00, 0x0B, 0xE0, 0x00, 0x00, 0x03, 0xF4, 0x00, 0x00, 0x01, 0xFD, 0x00, 0x00, 0x00, 0xBF, 0x40,
    0x00, 0x00, 0x1A, 0x40, 0x00, 0x00, 0x00, 0x00, 0x0F, 0xF8, 0x3F, 0xFD, 0xBF, 0xFE, 0xBF, 0xFE,
    0xBF, 0xFD, 0x7F, 0xF8, 0x1B, 0x90, 0x28, 0x00, 0x00, 0x3F, 0x80, 0x00, 0x3F, 0xF8, 0x00, 0x3F,
    0xFF, 0x80, 0x3F, 0xFF, 0xF8, 0x3F, 0xFF, 0xFE, 0x3F, 0xFF, 0xFD, 0x3F, 0xFF, 0xD0, 0x3F, 0xFD,
    0x00, 0x3F, 0xD0, 0x00, 0x2D, 0x00, 0x00, 0x00, 0x00, 0x00, 0x06, 0x90, 0xBF, 0xD3, 0xFF, 0x8F,
    0xFE, 0x2F, 0xF4, 0x15, 0x00, 0x06, 0x80, 0x06, 0x80, 0xFF, 0x80, 0xBF, 0xC7, 0xFE, 0x03, 0xFF,
    0x1F, 0xF8, 0x1F, 0xFC, 0x7F, 0xC0, 0x3F, 0xC0, 0x54, 0x00, 0x14, 0x00, 0x06, 0x80, 0x00, 0x1A,
    0x00, 0x00, 0x68, 0x0B, 0xFC, 0x00, 0x2F, 0xF0, 0x00, 0xBF, 0xC3, 0xFF, 0x00, 0x0F, 0xFC, 0x00,
    0x3F, 0xF0, 0xFF, 0xC0, 0x03, 0xFF, 0x00, 0x0F, 0xFC, 0x3F, 0xC0, 0x00, 0xFF, 0x00, 0x03, 0xFC,
    0x01, 0x40, 0x00, 0x05, 0x00, 0x00, 0x14, 0x00, 0x06, 0x90, 0xBF, 0xD3, 0xFF, 0x8F, 0xFE, 0x2F,
    0xF0, 0x15, 0x00, 0x00, 0x1C, 0x00, 0x00, 0x0B, 0x40, 0x00, 0x02, 0xD0, 0x00, 0x00, 0x74, 0x38,
    0x1F, 0xFC, 0x74, 0x05, 0xB8, 0x70, 0x00, 0xE0, 0x70, 0x03, 0x80, 0x70, 0x0E, 0x00, 0x70, 0x14,
    0x00, 0x70, 0x00, 0x00, 0x70, 0x00, 0x00, 0x70, 0x00, 0x00, 0x70, 0x00, 0x00, 0x70, 0x00, 0x00,
    0x70, 0x00, 0x00, 0x70, 0x00, 0x00, 0x70, 0x00, 0x00, 0x70, 0x00, 0x00, 0x70, 0x00, 0x00, 0x70,
    0x00, 0x00, 0x70, 0x00, 0x00, 0x70, 0x00, 0x00, 0x70, 0x00, 0x00, 0x70, 0x00, 0x00, 0x70, 0x00,
    0x00, 0x70, 0x00, 0x00, 0x70, 0x00, 0x00, 0x70, 0x00, 0x00, 0x70, 0x00, 0x00, 0x00, 0x00, 0x00,
    0x00, 0x38, 0x00, 0x00, 0xE0, 0x00, 0x07, 0x80, 0x00, 0x1E, 0x00, 0x00, 0x3F, 0xF4, 0x1C, 0x2E,
    0x50, 0x0D, 0x0B, 0x00, 0x0D, 0x02, 0xC0, 0x0D, 0x00, 0xB0, 0x0D, 0x00, 0x14, 0x0D, 0x00, 0x00,
    0x0D, 0x00, 0x00, 0x0D, 0x00, 0x00, 0x0D, 0x00, 0x00, 0x0D, 0x00, 0x00, 0x0D, 0x00, 0x00, 0x0D,
    0x00, 0x00, 0x0D, 0x00, 0x00, 0x0D, 0x00, 0x00, 0x0D, 0x00, 0x00, 0x0D, 0x00, 0x00, 0x0D, 0x00,
    0x00, 0x0D, 0x00, 0x00, 0x0D, 0x00, 0x00, 0x0D, 0x00, 0x00, 0x0D, 0x00, 0x00, 0x0D, 0x00, 0x00,
    0x0D, 0x00, 0x00, 0x0D, 0x00, 0x00, 0x0D, 0x00, 0x00, 0x0D, 0x00, 0x00, 0x00, 0x00, 0x50, 0x00,
    0x1F, 0x40, 0x07, 0xFC, 0x00, 0xEA, 0x70, 0x38, 0xA2, 0xCA, 0x0A, 0x0A, 0x40, 0xA0, 0x10, 0x0A,
    0x00, 0x00, 0xA0, 0x00, 0x0A, 0x00, 0x00, 0xA0, 0x00, 0x0A, 0x00, 0x00, 0xA0, 0x00, 0x0A, 0x00,
    0x00, 0xA0, 0x00, 0x0A, 0x00, 0x00, 0xA0, 0x00, 0x0A, 0x00, 0x00, 0xA0, 0x00, 0x0A, 0x00, 0x00,
    0xA0, 0x00, 0x0A, 0x00, 0x00, 0xA0, 0x00, 0x0A, 0x00, 0x00, 0xA0, 0x00, 0x0A, 0x00, 0x00, 0xA0,
    0x00, 0x0A, 0x00, 0x00, 0xA0, 0x00, 0x0A, 0x00, 0x00, 0x00, 0x00, 0x00, 0xA0, 0xD0, 0x00, 0x03,
    0xC7, 0x80, 0x00, 0x0F, 0x0E, 0x00, 0x00, 0x3C, 0x38, 0xBF, 0xFF, 0xF0, 0xEB, 0x55, 0x6D, 0x2C,
    0xA0, 0x07, 0x4B, 0x0A, 0x01, 0xD2, 0xC0, 0xA0, 0x74, 0xB0, 0x0A, 0x04, 0x04, 0x00, 0xA0, 0x00,
    0x00, 0x0A, 0x00, 0x00, 0x00, 0xA0, 0x00, 0x00, 0x0A, 0x00, 0x00, 0x00, 0xA0, 0x00, 0x00, 0x0A,
    0x00, 0x00, 0x00, 0xA0, 0x00, 0x00, 0x0A, 0x00, 0x00, 0x00, 0xA0, 0x00, 0x00, 0x0A, 0x00, 0x00,
    0x00, 0xA0, 0x00, 0x00, 0x0A, 0x00, 0x00, 0x00, 0xA0, 0x00, 0x00, 0x0A, 0x00, 0x00, 0x00, 0xA0,
    0x00, 0x00, 0x0A, 0x00, 0x00, 0x00, 0xA0, 0x00, 0x00, 0x0A, 0x00, 0x00, 0x00, 0xA0, 0x00, 0x00,
    0x0A, 0x00, 0x00, 0x00, 0x00, 0x00, 0x00, 0x00, 0x00, 0x70, 0xA0, 0x00, 0x2D, 0x3C, 0x00, 0x0B,
    0x4F, 0x00, 0x02, 0xC3, 0xC0, 0x00, 0xB0, 0xFF, 0xFF, 0xE3, 0x87, 0x95, 0x5E, 0x0E, 0x1D, 0x00,
    0xA0, 0x38, 0x74, 0x0A, 0x00, 0xE1, 0xD0, 0xA0, 0x01, 0x01, 0x0A, 0x00, 0x00, 0x00, 0xA0, 0x00,
    0x00, 0x0A, 0x00, 0x00, 0x00, 0xA0, 0x00, 0x00, 0x0A, 0x00, 0x00, 0x00, 0xA0, 0x00, 0x00, 0x0A,
    0x00, 0x00, 0x00, 0xA0, 0x00, 0x00, 0x0A, 0x00, 0x00, 0x00, 0xA0, 0x00, 0x00, 0x0A, 0x00, 0x00,
    0x00, 0xA0, 0x00, 0x00, 0x0A, 0x00, 0x00, 0x00, 0xA0, 0x00, 0x00, 0x0A, 0x00, 0x00, 0x00, 0xA0,
    0x00, 0x00, 0x0A, 0x00, 0x00, 0x00, 0xA0, 0x00, 0x00, 0x0A, 0x00, 0x00, 0x00, 0xA0, 0x00, 0x00,
    0x0A, 0x00, 0x00, 0x00, 0x00, 0x00, 0x00, 0x00, 0x00, 0x00, 0x00, 0x00, 0x00, 0x00, 0x00, 0x00,
    0x00, 0x00, 0x00, 0x00, 0x00, 0x0E, 0x00, 0x00, 0x00, 0x00, 0x00, 0x00, 0x0B, 0xF4, 0x00, 0x00,
    0x2F, 0xC0, 0x00, 0x00, 0x00, 0x00, 0x00, 0xBF, 0xFF, 0x00, 0x00, 0x3F, 0xC0, 0x00, 0x00, 0x00,
    0x00, 0x02, 0xFF, 0xFF, 0x80, 0x00, 0xFF, 0x00, 0x00, 0x00, 0x00, 0x00, 0x0B, 0xF4, 0x3F, 0xC0,
    0x02, 0xFD, 0x00, 0x00, 0x00, 0x00, 0x00, 0x0F, 0xE0, 0x2F, 0xC0, 0x07, 0xF8, 0x00, 0x00, 0x00,
    0x00, 0x00, 0x2F, 0xC0, 0x2F, 0xC0, 0x0F, 0xE0, 0x00, 0x00, 0x00, 0x00, 0x00, 0x3F, 0xC0, 0x3F,
    0xC0, 0x2F, 0xC0, 0x00, 0x00, 0x00, 0x00, 0x00, 0x3F, 0x80, 0x3F, 0xC0, 0x7F, 0x40, 0x00, 0x00,
    0x00, 0x00, 0x00, 0x3F, 0x80, 0x3F, 0x80, 0xFD, 0x00, 0x00, 0x00, 0x00, 0x00, 0x00, 0x7F, 0x80,
    0xBF, 0x02, 0xF8, 0x00, 0x10, 0x00, 0x00, 0x01, 0x00, 0x3F, 0x80, 0xFE, 0x07, 0xF0, 0x1F, 0xFE,
    0x00, 0x01, 0xFF, 0xE0, 0x3F, 0xEB, 0xFC, 0x0F, 0xC0, 0xBF, 0xFF, 0xC0, 0x0B, 0xFF, 0xFC, 0x1F,
    0xFF, 0xF0, 0x3F, 0x42, 0xFE, 0x7F, 0xD0, 0x2F, 0xE7, 0xFD, 0x07, 0xFF, 0x40, 0xBE, 0x07, 0xF8,
    0x1F, 0xE0, 0x7F, 0x80, 0xFE, 0x00, 0x00, 0x01, 0xFC, 0x0F, 0xF0, 0x0F, 0xE0, 0xFF, 0x00, 0xFE,
    0x00, 0x00, 0x03, 0xF4, 0x0F, 0xE0, 0x0F, 0xE0, 0xFE, 0x00, 0xFE, 0x00, 0x00, 0x0F, 0xE0, 0x1F,
    0xD0, 0x1F, 0xE1, 0xFD, 0x00, 0xFE, 0x00, 0x00, 0x2F, 0xC0, 0x2F, 0xC0, 0x1F, 0xD2, 0xFC, 0x01,
    0xFD, 0x00, 0x00, 0x7F, 0x40, 0x2F, 0xC0, 0x3F, 0xC2, 0xFC, 0x03, 0xFC, 0x00, 0x00, 0xFE, 0x00,
    0x2F, 0xC0, 0x7F, 0x82, 0xFC, 0x07, 0xF8, 0x00, 0x03, 0xFC, 0x00, 0x2F, 0xD0, 0xFF, 0x02, 0xFD,
    0x0F, 0xF0, 0x00, 0x0B, 0xF4, 0x00, 0x0F, 0xFF, 0xFC, 0x00, 0xFF, 0xFF, 0xC0, 0x00, 0x1F, 0xE0,
    0x00, 0x07, 0xFF, 0xE0, 0x00, 0x7F, 0xFF, 0x00, 0x00, 0x1F, 0xC0, 0x00, 0x00, 0xAA, 0x00, 0x00,
    0x0A, 0xA0, 0x00, 0x00, 0x03, 0x00, 0x00, 0x00, 0x00, 0x00, 0x00, 0x00, 0x00, 0x00, 0x00, 0x00,
    0x00, 0x00, 0x00, 0x00, 0x00, 0x00, 0x00, 0x00, 0x00, 0x00, 0xA0, 0x00, 0xFD, 0x01, 0xFE, 0x03,
    0xFD, 0x07, 0xFC, 0x0B, 0xF8, 0x0F, 0xF0, 0x2F, 0xD0, 0x3F, 0x80, 0x3F, 0x00, 0x08, 0x00, 0x00,
    0xA0, 0x02, 0x40, 0x03, 0xF4, 0x2F, 0x80, 0x1F, 0xE0, 0xFF, 0x00, 0xFF, 0x47, 0xFC, 0x07, 0xFC,
    0x3F, 0xE0, 0x2F, 0xE1, 0xFF, 0x00, 0xFF, 0x0B, 0xF4, 0x0B, 0xF4, 0x3F, 0xC0, 0x3F, 0x81, 0xFC,
    0x00, 0xFC, 0x07, 0xD0, 0x00, 0x80, 0x06, 0x00, 0x00, 0x00, 0xA0, 0x01, 0x80, 0x02, 0x40, 0x03,
    0xF4, 0x0F, 0xD0, 0x2F, 0x80, 0x1F, 0xE0, 0x7F, 0xC0, 0xFF, 0x00, 0xFF, 0x42, 0xFE, 0x07, 0xFC,
    0x07, 0xFC, 0x0F, 0xF4, 0x3F, 0xD0, 0x2F, 0xE0, 0xBF, 0xC1, 0xFF, 0x00, 0xFF, 0x03, 0xFC, 0x0B,
    0xF4, 0x0B, 0xF4, 0x1F, 0xE0, 0x3F, 0xC0, 0x3F, 0x80, 0xBF, 0x02, 0xFC, 0x00, 0xFC, 0x02, 0xF0,
    0x07, 0xD0, 0x00, 0x80, 0x01, 0x40, 0x05, 0x00, 0x00, 0x06, 0x00, 0x3F, 0x40, 0x7F, 0xC0, 0x3F,
    0xD0, 0x2F, 0xE0, 0x0F, 0xF0, 0x0B, 0xF8, 0x03, 0xFC, 0x01, 0xFD, 0x00, 0xBD, 0x00, 0x24, 0x06,
    0x00, 0x18, 0x00, 0xFD, 0x02, 0xF8, 0x07, 0xFC, 0x0F, 0xF0, 0x0F, 0xF4, 0x3F, 0xD0, 0x2F, 0xE0,
    0x7F, 0xC0, 0x3F, 0xC0, 0xFF, 0x40, 0xBF, 0x81, 0xFE, 0x00, 0xFF, 0x03, 0xFC, 0x01, 0xFD, 0x03,
    0xF8, 0x02, 0xF4, 0x07, 0xD0, 0x02, 0x40, 0x05, 0x00, 0x06, 0x00, 0x18, 0x00, 0x24, 0x03, 0xF4,
    0x0B, 0xE0, 0x1F, 0xC0, 0x7F, 0xC0, 0xFF, 0x03, 0xFC, 0x03, 0xFD, 0x0F, 0xF4, 0x2F, 0xE0, 0x2F,
    0xE0, 0x7F, 0xC1, 0xFF, 0x00, 0xFF, 0x03, 0xFD, 0x0F, 0xF4, 0x0B, 0xF8, 0x1F, 0xE0, 0x3F, 0xC0,
    0x3F, 0xC0, 0xFF, 0x02, 0xFD, 0x01, 0xFD, 0x03, 0xF8, 0x0F, 0xE0, 0x0B, 0xD0, 0x1F, 0x40, 0x3E,
    0x00, 0x24, 0x00, 0x50, 0x01, 0x40, 0x00, 0x06, 0x00, 0x00, 0x01, 0xF8, 0x00, 0x00, 0x7F, 0xE0,
    0x00, 0x1F, 0xFF, 0x80, 0x07, 0xF8, 0xFE, 0x01, 0xFE, 0x03, 0xF8, 0x2F, 0x80, 0x0F, 0xD0, 0x00,
    0x02, 0x40, 0x01, 0xFD, 0x00, 0xBF, 0xC0, 0x3F, 0xF0, 0x1F, 0xF8, 0x07, 0xFE, 0x00, 0xBF, 0xC0,
    0x0B, 0xFD, 0x00, 0x3F, 0xF0, 0x00, 0xFF, 0x40, 0x07, 0xFC, 0x00, 0x0F, 0xE0, 0x00, 0x28, 0x00,
    0x00, 0x90, 0x00, 0x0F, 0xF0, 0x00, 0x1F, 0xF0, 0x00, 0x3F, 0xF0, 0x00, 0x3F, 0xE0, 0x00, 0xBF,
    0xD0, 0x00, 0xFF, 0x40, 0x0F, 0xFC, 0x00, 0xFF, 0xC0, 0x0F, 0xF8, 0x00, 0xFF, 0x80, 0x0F, 0xF4,
    0x00, 0x0A, 0x00, 0x00, 0x00, 0x00, 0x00, 0x00, 0x00, 0x0E, 0x00, 0x00, 0x00, 0x07, 0x8B, 0xE0,
    0x03, 0xE0, 0x03, 0xF0, 0xBE, 0x02, 0xFC, 0x03, 0xF0, 0x0B, 0xE0, 0xBF, 0x03, 0xF4, 0x00, 0xFD,
    0x0F, 0x43, 0xF4, 0x00, 0x0F, 0xD0, 0x03, 0xF4, 0x00, 0x00, 0xFD, 0x02, 0xF4, 0x00, 0x00, 0x0F,
    0xD2, 0xF8, 0x00, 0x01, 0x80, 0xFE, 0xF8, 0x18, 0x02, 0xFC, 0x1F, 0xF8, 0x1F, 0xC0, 0xFF, 0x02,
    0xFC, 0x0B, 0xF4, 0x1F, 0xC1, 0xFF, 0xC1, 0xFC, 0x01, 0x41, 0xFD, 0xFC, 0x04, 0x00, 0x01, 0xFC,
    0x1F, 0x80, 0x00, 0x00, 0xFC, 0x02, 0xF8, 0x00, 0x00, 0xFC, 0x00, 0x2F, 0x80, 0x00, 0xFD, 0x0F,
    0x82, 0xF8, 0x00, 0xFD, 0x0B, 0xF0, 0x3F, 0x40, 0xFD, 0x02, 0xFC, 0x03, 0xF4, 0xBD, 0x00, 0x2D,
    0x00, 0x3F, 0x0A, 0x00, 0x00, 0x00, 0x03, 0x40, 0x00, 0x00, 0x00, 0x00, 0x00, 0x00, 0x06, 0xA0,
    0x01, 0xA8, 0x00, 0x2F, 0xF0, 0x0B, 0xFC, 0x00, 0x7F, 0xD0, 0x1F, 0xF4, 0x00, 0xFF, 0xC0, 0x3F,
    0xF0, 0x00, 0xFF, 0x80, 0x3F, 0xE0, 0x01, 0xFF, 0x40, 0x7F, 0xD0, 0x01, 0xFF, 0x00, 0x7F, 0xC0,
    0x02, 0xFE, 0x00, 0xBF, 0xC0, 0x03, 0xFD, 0x00, 0xFF, 0x40, 0x03, 0xFC, 0x00, 0xFF, 0x00, 0x03,
    0xFC, 0x00, 0xFF, 0x00, 0x03, 0xF8, 0x00, 0xFE, 0x00, 0x07, 0xF4, 0x01, 0xFD, 0x00, 0x07, 0xF0,
    0x01, 0xFC, 0x00, 0x0B, 0xF0, 0x02, 0xFC, 0x00, 0x0B, 0xE0, 0x02, 0xF8, 0x00, 0x0B, 0xD0, 0x02,
    0xF4, 0x00, 0x0F, 0xC0, 0x03, 0xF0, 0x00, 0x09, 0x00, 0x02, 0x40, 0x00, 0x00, 0x00, 0x00, 0x00,
    0x00, 0x05, 0x40, 0x01, 0x50, 0x00, 0x2F, 0xD0, 0x0B, 0xF4, 0x00, 0x3F, 0xE0, 0x0F, 0xF8, 0x00,
    0x7F, 0xD0, 0x1F, 0xF4, 0x00, 0x3F, 0x80, 0x0F, 0xF0, 0x00, 0x15, 0x00, 0x05, 0x40, 0x00, 0xAA,
    0xAA, 0xAA, 0xAA, 0x7F, 0xFF, 0xFF, 0xFF, 0xEF, 0xFF, 0xFF, 0xFF, 0xFA, 0xAA, 0xAA, 0xAA, 0xA9,
    0x15, 0x50, 0x7F, 0xFD, 0xBF, 0xFE, 0xBF, 0xFD, 0x15, 0x54, 0x00, 0x00, 0x00, 0x00, 0x00, 0x00,
    0x00, 0x00, 0x00, 0x07, 0x40, 0x00, 0x00, 0x00, 0x03, 0xF8, 0x00, 0x00, 0x00, 0x02, 0xFD, 0x00,
    0x00, 0x00, 0x01, 0xFE, 0x00, 0x00, 0x00, 0x00, 0xFF, 0x00, 0x00, 0x00, 0x00, 0xFF, 0x00, 0x00,
    0x00, 0x00, 0x7F, 0x40, 0x00, 0x00, 0x00, 0x3F, 0x80, 0x00, 0x00, 0x00, 0x3F, 0x80, 0x00, 0x00,
    0x00, 0x1F, 0xC0, 0x00, 0x00, 0x00, 0x0F, 0xC0, 0x00, 0x00, 0x00, 0x0F, 0xD0, 0x00, 0x00, 0x00,
    0x0B, 0xE0, 0x00, 0x00, 0x00, 0x07, 0xF0, 0x00, 0x00, 0x00, 0x03, 0xF0, 0x00, 0x00, 0x00, 0x03,
    0xF8, 0x00, 0x00, 0x00, 0x02, 0xFC, 0x00, 0x00, 0x00, 0x01, 0xFC, 0x00, 0x00, 0x00, 0x00, 0xFD,
    0x00, 0x00, 0x00, 0x00, 0xFF, 0x00, 0x00, 0x00, 0x00, 0xBF, 0x00, 0x00, 0x00, 0x00, 0x7F, 0x40,
    0x00, 0x00, 0x00, 0x3F, 0xC0, 0x00, 0x00, 0x00, 0x3F, 0xC0, 0x00, 0x00, 0x00, 0x0F, 0xD0, 0x00,
    0x00, 0x00, 0x00, 0x60, 0x00, 0x00, 0x00, 0x00, 0x00, 0x00, 0x00, 0x00, 0x00, 0x02, 0xFE, 0x40,
    0x01, 0xBF, 0x40, 0x0F, 0xFF, 0xE0, 0x0B, 0xFF, 0xF0, 0x2F, 0xFF, 0xF4, 0x0F, 0xFF, 0xFC, 0x2F,
    0xFF, 0xFC, 0x1F, 0xFF, 0xFC, 0x2F, 0x57, 0xFC, 0x0F, 0x97, 0xFD, 0x04, 0x02, 0xFC, 0x04, 0x00,
    0xFE, 0x00, 0x02, 0xFC, 0x00, 0x00, 0xFD, 0x00, 0x03, 0xF8, 0x00, 0x02, 0xFC, 0x00, 0x0F, 0xF0,
    0x00, 0x07, 0xF4, 0x00, 0x3F, 0xC0, 0x00, 0x1F, 0xE0, 0x00, 0xFF, 0x00, 0x00, 0xBF, 0x80, 0x03,
    0xFC, 0x00, 0x02, 0xFD, 0x00, 0x0F, 0xF0, 0x00, 0x0B, 0xF4, 0x00, 0x2F, 0x80, 0x00, 0x0F, 0xD0,
    0x00, 0x3F, 0x95, 0x00, 0x2F, 0xD5, 0x00, 0x3F, 0xFE, 0x00, 0x2F, 0xFF, 0x00, 0x2F, 0xFC, 0x00,
    0x0F, 0xFD, 0x00, 0x06, 0x90, 0x00, 0x02, 0x90, 0x00, 0x00, 0x00, 0x00, 0x00, 0x00, 0x00, 0x05,
    0x40, 0x00, 0x01, 0x40, 0x00, 0x2F, 0xD0, 0x00, 0x0F, 0xF0, 0x00, 0x3F, 0xE0, 0x00, 0x2F, 0xF0,
    0x00, 0x7F, 0xD0, 0x00, 0x3F, 0xF0, 0x00, 0x3F, 0xC0, 0x00, 0x2F, 0xD0, 0x00, 0x05, 0x00, 0x00,
    0x05, 0x00, 0x00, 0x00, 0x00, 0x00, 0x00, 0x1A, 0x80, 0x2F, 0xE4, 0x00, 0x0F, 0xFC, 0x0F, 0xFF,
    0xE0, 0x01, 0xFF, 0x42, 0xFF, 0xFF, 0x40, 0x3F, 0xF0, 0x2F, 0xFF, 0xFC, 0x03, 0xFE, 0x02, 0xF5,
    0x7F, 0xC0, 0x7F, 0xD0, 0x04, 0x02, 0xFC, 0x0B, 0xFC, 0x00, 0x00, 0x2F, 0xC0, 0xBF, 0x80, 0x00,
    0x03, 0xF8, 0x0F, 0xF4, 0x00, 0x00, 0xFF, 0x00, 0xFF, 0x00, 0x00, 0x3F, 0xC0, 0x0F, 0xF0, 0x00,
    0x0F, 0xF0, 0x01, 0xFE, 0x00, 0x03, 0xFC, 0x00, 0x1F, 0xD0, 0x00, 0xFF, 0x00, 0x01, 0xFC, 0x00,
    0x2F, 0x80, 0x00, 0x2F, 0xC0, 0x03, 0xF9, 0x50, 0x02, 0xF8, 0x00, 0x3F, 0xFE, 0x00, 0x3F, 0x40,
    0x02, 0xFF, 0xC0, 0x03, 0xF0, 0x00, 0x06, 0x90, 0x00, 0x24, 0x00, 0x00, 0x00, 0x00, 0x00, 0x00,
    0x00, 0x05, 0x40, 0x00, 0x15, 0x00, 0x02, 0xFD, 0x00, 0x0B, 0xF4, 0x00, 0x3F, 0xE0, 0x01, 0xFF,
    0x80, 0x07, 0xFD, 0x00, 0x1F, 0xF4, 0x00, 0x3F, 0xC0, 0x00, 0xFE, 0x00, 0x00, 0x50, 0x00, 0x05,
    0x40, 0x00, 0x00, 0x06, 0xA0, 0x00, 0x00, 0x00, 0x02, 0xFF, 0x01, 0xBF, 0x80, 0x00, 0x7F, 0xD0,
    0x7F, 0xFF, 0x00, 0x0F, 0xFC, 0x0F, 0xFF, 0xFC, 0x00, 0xFF, 0x80, 0xFF, 0xFF, 0xD0, 0x1F, 0xF4,
    0x0F, 0x96, 0xFE, 0x01, 0xFF, 0x00, 0x40, 0x0F, 0xE0, 0x2F, 0xE0, 0x00, 0x00, 0xFE, 0x03, 0xFD,
    0x00, 0x00, 0x1F, 0xC0, 0x3F, 0xC0, 0x00, 0x07, 0xF8, 0x03, 0xFC, 0x00, 0x01, 0xFE, 0x00, 0x3F,
    0x80, 0x00, 0x7F, 0x80, 0x07, 0xF4, 0x00, 0x1F, 0xE0, 0x00, 0x7F, 0x00, 0x07, 0xF4, 0x00, 0x0B,
    0xF0, 0x00, 0xFD, 0x00, 0x00, 0xBE, 0x00, 0x1F, 0xE5, 0x00, 0x0B, 0xD0, 0x01, 0xFF, 0xF0, 0x00,
    0xFC, 0x00, 0x0F, 0xFE, 0x00, 0x09, 0x00, 0x00, 0x1A, 0x00, 0x00, 0x00, 0x00, 0x00, 0x00, 0x00,
    0x05, 0x40, 0x00, 0x14, 0x00, 0x02, 0xFD, 0x00, 0x0F, 0xF0, 0x00, 0x3F, 0xE0, 0x02, 0xFF, 0x00,
    0x07, 0xFD, 0x00, 0x2F, 0xF0, 0x00, 0x3F, 0x80, 0x02, 0xFD, 0x00, 0x01, 0x50, 0x00, 0x05, 0x00,
    0x00, 0x00, 0x00, 0x00, 0x00, 0x00, 0x01, 0xFF, 0xE4, 0x00, 0x3C, 0x0B, 0xFF, 0xFF, 0x40, 0xFF,
    0x1F, 0xFF, 0xFF, 0xFF, 0xFD, 0x3F, 0x80, 0x7F, 0xFF, 0xF8, 0x0E, 0x00, 0x02, 0xFF, 0xD0, 0x00,
    0x00, 0x00, 0x00, 0x00, 0x00, 0xA0, 0x01, 0x80, 0x02, 0x40, 0x09, 0x00, 0x0F, 0xD0, 0x3F, 0x40,
    0xBE, 0x01, 0xFC, 0x01, 0xFE, 0x07, 0xFC, 0x0F, 0xF0, 0x3F, 0xD0, 0x3F, 0xD0, 0xBF, 0x81, 0xFF,
    0x07, 0xFC, 0x07, 0xFC, 0x0F, 0xF4, 0x3F, 0xD0, 0xBF, 0x80, 0xBF, 0x82, 0xFF, 0x07, 0xFC, 0x0F,
    0xF0, 0x0F, 0xF0, 0x3F, 0xC0, 0xBF, 0x42, 0xFE, 0x02, 0xFD, 0x07, 0xF8, 0x0F, 0xF0, 0x3F, 0xC0,
    0x3F, 0x80, 0xBF, 0x02, 0xFC, 0x07, 0xF4, 0x03, 0xF0, 0x0B, 0xC0, 0x1F, 0x40, 0x7E, 0x00, 0x08,
    0x00, 0x14, 0x00, 0x50, 0x01, 0x80, 0x00, 0x00, 0x00, 0x00, 0x00, 0x00, 0xBF, 0xE0, 0x00, 0x7F,
    0xFF, 0xC0, 0x1F, 0xFB, 0xFD, 0x03, 0xF8, 0x0F, 0xE0, 0xFF, 0x00, 0xFF, 0x0F, 0xE0, 0x0F, 0xF2,
    0xFD, 0x00, 0xFE, 0x3F, 0xC0, 0x0F, 0xE3, 0xFC, 0x02, 0xFD, 0x3F, 0x80, 0x3F, 0xC3, 0xF8, 0x07,
    0xF4, 0x3F, 0xC0, 0xFF, 0x02, 0xFF, 0xBF, 0xC0, 0x0F, 0xFF, 0xF0, 0x00, 0x2F, 0xF4, 0x00, 0x00,
    0x00, 0x00, 0x00, 0x00, 0x00, 0x00, 0x00, 0x00, 0x00, 0xFC, 0x00, 0x00, 0x3F, 0xC0, 0x00, 0x0F,
    0xFC, 0x00, 0x03, 0xFF, 0x80, 0x00, 0xFE, 0xF4, 0x00, 0x3F, 0x3F, 0x00, 0x0F, 0xC3, 0xF0, 0x03,
    0xF0, 0x7F, 0x00, 0xFD, 0x0B, 0xE0, 0x3F, 0xFF, 0xFF, 0xE3, 0xFF, 0xFF, 0xFE, 0x2B, 0xFF, 0xFF,
    0xC0, 0x00, 0x1F, 0x80, 0x00, 0x02, 0xF4, 0x00, 0x00, 0x3F, 0x00, 0x00, 0x7F, 0xFF, 0x80, 0x3F,
    0xFF, 0xE0, 0x0F, 0xFF, 0xF0, 0x07, 0xE0, 0x00, 0x03, 0xF4, 0x00, 0x00, 0xFF, 0xE0, 0x00, 0x7F,
    0xFF, 0x00, 0x00, 0x6F, 0xE0, 0x00, 0x03, 0xFC, 0x00, 0x00, 0xBF, 0x00, 0x00, 0x3F, 0x80, 0x00,
    0x3F, 0xC0, 0x55, 0xFF, 0xD0, 0x3F, 0xFF, 0xD0, 0x0B, 0xFF, 0x40, 0x00, 0x00, 0x00, 0x00, 0x00,
    0x00, 0x00, 0x00, 0x00, 0x1B, 0xFC, 0x00, 0x1F, 0xFF, 0xD0, 0x0B, 0xFE, 0x40, 0x02, 0xFE, 0x00,
    0x00, 0xBF, 0x40, 0x00, 0x0F, 0xFA, 0x80, 0x02, 0xFF, 0xFF, 0x80, 0x3F, 0xAB, 0xFD, 0x07, 0xF0,
    0x0F, 0xE0, 0x7F, 0x00, 0xBE, 0x07, 0xF0, 0x0B, 0xE0, 0x7F, 0x00, 0xFD, 0x03, 0xF9, 0x7F, 0xC0,
    0x1F, 0xFF, 0xF0, 0x00, 0x7F, 0xF8, 0x00, 0x00, 0x00, 0x00, 0x00, 0x0B, 0xFF, 0xFA, 0x07, 0xFF,
    0xFF, 0xD3, 0xFF, 0xFF, 0xF0, 0xF8, 0x07, 0xF4, 0x3D, 0x03, 0xF8, 0x01, 0x03, 0xF8, 0x00, 0x02,
    0xFC, 0x00, 0x01, 0xFD, 0x00, 0x00, 0xFE, 0x00, 0x00, 0xFF, 0x00, 0x00, 0x7F, 0x40, 0x00, 0x3F,
    0xC0, 0x00, 0x2F, 0xD0, 0x00, 0x0B, 0xF0, 0x00, 0x01, 0xF4, 0x00, 0x00, 0x00, 0x00, 0x00, 0x00,
    0x00, 0x00, 0x00, 0x0B, 0xFE, 0x00, 0x1F, 0xFF, 0xF0, 0x1F, 0xD1, 0xFD, 0x0B, 0xE0, 0x3F, 0x43,
    0xF8, 0x1F, 0xC0, 0x7F, 0x5F, 0xD0, 0x0B, 0xFF, 0xD0, 0x02, 0xFF, 0xE0, 0x07, 0xF6, 0xFE, 0x03,
    0xF0, 0x2F, 0xC2, 0xF8, 0x03, 0xF4, 0xBE, 0x01, 0xFC, 0x2F, 0xD1, 0xFE, 0x03, 0xFF, 0xFE, 0x00,
    0x2F, 0xF9, 0x00, 0x00, 0x00, 0x00, 0x00, 0x00, 0x00, 0x00, 0x00, 0x02, 0xFF, 0xD0, 0x00, 0xFF,
    0xFF, 0x40, 0x3F, 0xD7, 0xFC, 0x07, 0xF0, 0x0F, 0xD0, 0xBF, 0x00, 0xFD, 0x0B, 0xE0, 0x0F, 0xD0,
    0xBF, 0x00, 0xFD, 0x07, 0xFE, 0xBF, 0xC0, 0x2F, 0xFF, 0xF8, 0x00, 0x6A, 0xFF, 0x00, 0x00, 0x1F,
    0xE0, 0x00, 0x0B, 0xF8, 0x00, 0x6F, 0xFE, 0x00, 0x7F, 0xFF, 0x40, 0x03, 0xFE, 0x40, 0x00, 0x00,
    0x00, 0x00, 0x00, 0x00, 0x00, 0x00, 0x0B, 0xF4, 0x7F, 0x47, 0xFE, 0xBF, 0xF0, 0x1F, 0xBA, 0xFC,
    0x0B, 0xF8, 0x7E, 0x03, 0xFC, 0x2F, 0x40, 0xFD, 0x0F, 0xC0, 0x7F, 0x03, 0xE0, 0x2F, 0x81, 0xF4,
    0x4F, 0xD0, 0xBE, 0xF3, 0xF0, 0x3F, 0xF5, 0xF8, 0x0B, 0xF0, 0x00, 0x00, 0x00, 0x00, 0x00, 0x01,
    0x64, 0x00, 0x02, 0xFF, 0xF4, 0x00, 0xFF, 0xFF, 0xC0, 0x3F, 0xD2, 0xFE, 0x07, 0xF4, 0x0F, 0xF0,
    0xFF, 0x00, 0xFF, 0x1F, 0xD0, 0x0F, 0xF2, 0xFC, 0x00, 0xFE, 0x3F, 0xC0, 0x1F, 0xD3, 0xF8, 0x02,
    0xFC, 0x3F, 0x80, 0x3F, 0xC3, 0xFC, 0x0B, 0xF4, 0x3F, 0xD1, 0xFE, 0x02, 0xFF, 0xFF, 0x80, 0x0B,
    0xFF, 0xE0, 0x00, 0x1A, 0x90, 0x00, 0x00, 0x01, 0x80, 0x01, 0xBF, 0xC0, 0x7F, 0xFE, 0x00, 0xFF,
    0xF4, 0x00, 0x1F, 0xD0, 0x00, 0x7F, 0x00, 0x02, 0xFC, 0x00, 0x0F, 0xE0, 0x00, 0x3F, 0x40, 0x01,
    0xFC, 0x00, 0x0B, 0xF0, 0x00, 0x2F, 0xC0, 0x00, 0xFE, 0x00, 0x7F, 0xFF, 0x83, 0xFF, 0xFE, 0x05,
    0x55, 0x50, 0x00, 0x01, 0x94, 0x00, 0x03, 0xFF, 0xF0, 0x00, 0xFF, 0xFF, 0xC0, 0x3F, 0xD2, 0xFD,
    0x03, 0xE0, 0x0F, 0xD0, 0x1C, 0x02, 0xFC, 0x00, 0x00, 0x3F, 0x80, 0x00, 0x0F, 0xE0, 0x00, 0x07,
    0xF8, 0x00, 0x01, 0xFE, 0x00, 0x00, 0xBF, 0x40, 0x00, 0x3F, 0x80, 0x00, 0x1F, 0xF5, 0x55, 0x03,
    0xFF, 0xFF, 0xF4, 0x3F, 0xFF, 0xFF, 0x00, 0x55, 0x55, 0x00, 0x00, 0x06, 0x50, 0x00, 0xBF, 0xFC,
    0x03, 0xFF, 0xFE, 0x07, 0xE0, 0xBF, 0x03, 0x80, 0x7F, 0x00, 0x00, 0xFD, 0x00, 0x07, 0xF8, 0x01,
    0xFF, 0xE0, 0x01, 0xFF, 0xF8, 0x00, 0x42, 0xFC, 0x00, 0x01, 0xFC, 0x00, 0x02, 0xFC, 0x00, 0x1F,
    0xF4, 0x6B, 0xFF, 0xD0, 0xBF, 0xFF, 0x40, 0x2A, 0x90, 0x00, 0x00, 0x00, 0x01, 0x40, 0x00, 0x02,
    0xFC, 0x00, 0x00, 0xBF, 0xC0, 0x00, 0x2F, 0xFC, 0x00, 0x0B, 0xFF, 0x80, 0x01, 0xFA, 0xF4, 0x00,
    0x7E, 0x3F, 0x00, 0x1F, 0x83, 0xF0, 0x07, 0xE0, 0x7E, 0x01, 0xFC, 0x0B, 0xE0, 0x3F, 0xFF, 0xFF,
    0xE3, 0xFF, 0xFF, 0xFD, 0x05, 0x56, 0xFD, 0x40, 0x00, 0x2F, 0x80, 0x00, 0x03, 0xF4, 0x00, 0x00,
    0x15, 0x00, 0x00, 0x00, 0x00, 0x00, 0x2F, 0xFF, 0xE0, 0x0F, 0xFF, 0xF4, 0x07, 0xF5, 0x54, 0x02,
    0xF4, 0x00, 0x00, 0xFE, 0x40, 0x00, 0x3F, 0xFD, 0x00, 0x0A, 0xFF, 0xD0, 0x00, 0x07, 0xFC, 0x00,
    0x00, 0xBF, 0x00, 0x00, 0x3F, 0xC0, 0x00, 0x1F, 0xD0, 0x00, 0x2F, 0xF0, 0x2B, 0xFF, 0xF0, 0x0F,
    0xFF, 0xE0, 0x00, 0xAA, 0x40, 0x00, 0x00, 0x00, 0x16, 0x40, 0x00, 0x7F, 0xFC, 0x00, 0x3F, 0xFF,
    0x80, 0x0F, 0xF9, 0x00, 0x03, 0xFC, 0x00, 0x00, 0xFF, 0x00, 0x00, 0x1F, 0xFF, 0xE0, 0x03, 0xFF,
    0xFF, 0xC0, 0x3F, 0x42, 0xFD, 0x07, 0xF0, 0x0F, 0xE0, 0x7F, 0x00, 0xBE, 0x07, 0xF0, 0x0F, 0xE0,
    0x7F, 0x41, 0xFC, 0x03, 0xFE, 0xFF, 0x80, 0x0F, 0xFF, 0xE0, 0x00, 0x1A, 0x90, 0x00, 0x00, 0x00,
    0x00, 0x03, 0xFF, 0xFF, 0xD2, 0xFF, 0xFF, 0xF4, 0xFD, 0x57, 0xFC, 0x3E, 0x02, 0xFC, 0x0B, 0x01,
    0xFC, 0x00, 0x00, 0xFD, 0x00, 0x00, 0xFE, 0x00, 0x00, 0xBF, 0x00, 0x00, 0x7F, 0x40, 0x00, 0x3F,
    0x80, 0x00, 0x2F, 0xC0, 0x00, 0x0F, 0xE0, 0x00, 0x0B, 0xF0, 0x00, 0x02, 0xF8, 0x00, 0x00, 0x2D,
    0x00, 0x00, 0x00, 0x06, 0x90, 0x00, 0x2F, 0xFF, 0x40, 0x3F, 0xEF, 0xF4, 0x2F, 0xC0, 0xFE, 0x0F,
    0xE0, 0x3F, 0x42, 0xFC, 0x2F, 0xC0, 0x3F, 0xEF, 0xC0, 0x07, 0xFF, 0x80, 0x0B, 0xFF, 0xF0, 0x0B,
    0xE0, 0xFF, 0x07, 0xF0, 0x1F, 0xD2, 0xF8, 0x03, 0xF4, 0xBF, 0x02, 0xFC, 0x1F, 0xFB, 0xFD, 0x02,
    0xFF, 0xFD, 0x00, 0x06, 0x94, 0x00, 0x00, 0x05, 0x90, 0x00, 0x07, 0xFF, 0xE0, 0x01, 0xFF, 0xFF,
    0x80, 0x3F, 0x81, 0xFC, 0x07, 0xF0, 0x0F, 0xD0, 0xBF, 0x00, 0xFD, 0x0B, 0xF0, 0x0F, 0xD0, 0x7F,
    0x41, 0xFC, 0x03, 0xFF, 0xFF, 0xC0, 0x0F, 0xFF, 0xF4, 0x00, 0x05, 0xFF, 0x00, 0x00, 0x2F, 0xC0,
    0x00, 0x2F, 0xF4, 0x02, 0xBF, 0xFC, 0x00, 0x3F, 0xFD, 0x00, 0x01, 0xA4, 0x00, 0x00, 0x00, 0x05,
    0x55, 0x55, 0x55, 0x50, 0x01, 0xFF, 0xFF, 0xFF, 0xFE, 0x00, 0x2F, 0xFF, 0xFF, 0xFF, 0xE0, 0x00,
    0x1F, 0xFE, 0xAB, 0xFD, 0x00, 0x01, 0xFF, 0x80, 0x0F, 0xC0, 0x00, 0x1F, 0xF4, 0x00, 0xFC, 0x00,
    0x02, 0xFF, 0x00, 0x0F, 0x40, 0x00, 0x3F, 0xF0, 0x00, 0x00, 0x00, 0x03, 0xFE, 0x00, 0x00, 0x00,
    0x00, 0x7F, 0xD0, 0x00, 0x00, 0x00, 0x0B, 0xFF, 0xFF, 0xF0, 0x00, 0x00, 0xFF, 0xFF, 0xFF, 0x00,
    0x00, 0x0F, 0xFF, 0xFF, 0xD0, 0x00, 0x00, 0xFF, 0x80, 0x00, 0x00, 0x00, 0x1F, 0xF4, 0x00, 0x00,
    0x00, 0x2B, 0xFF, 0x99, 0x00, 0x00, 0x03, 0xFF, 0xFF, 0xE0, 0x00, 0x00, 0x6F, 0xFF, 0xA9, 0x00,
    0x00, 0x00, 0x7F, 0xE0, 0x00, 0x00, 0x00, 0x07, 0xFD, 0x00, 0x00, 0x00, 0x06, 0xFF, 0xFE, 0x00,
    0x00, 0x02, 0xFF, 0xFF, 0xF4, 0x00, 0x00, 0x3F, 0xFF, 0xFF, 0x00, 0x00, 0x00, 0x00, 0x00, 0x00,
    0x1B, 0xF9, 0x00, 0x00, 0x00, 0x0F, 0xFF, 0xF4, 0x00, 0x00, 0x03, 0xFF, 0xFF, 0xC0, 0x00, 0x00,
    0xFF, 0x97, 0xFD, 0x00, 0x00, 0x2F, 0xE0, 0x2F, 0xD0, 0x00, 0x07, 0xFC, 0x01, 0xFC, 0x00, 0x00,
    0xFF, 0x40, 0x2F, 0x00, 0x00, 0x1F, 0xF0, 0x00, 0x00, 0x00, 0x02, 0xFE, 0x00, 0x00, 0x00, 0x0F,
    0xFF, 0xFB, 0xFD, 0x00, 0x01, 0xFF, 0xFF, 0xFF, 0xC0, 0x00, 0x1A, 0xFF, 0xEA, 0xA4, 0x00, 0x00,
    0x0F, 0xF8, 0x00, 0x00, 0x00, 0x3E, 0xFF, 0xEB, 0xF0, 0x00, 0x07, 0xFF, 0xFF, 0xFE, 0x00, 0x00,
    0xAB, 0xFF, 0xAA, 0x90, 0x00, 0x00, 0x3F, 0xD0, 0x00, 0x00, 0x00, 0x03, 0xFC, 0x00, 0x00, 0x00,
    0x00, 0x7F, 0x80, 0x00, 0x00, 0x03, 0xEF, 0xF9, 0x56, 0xAF, 0xD0, 0x7F, 0xFF, 0xFF, 0xFF, 0xFC,
    0x07, 0xFF, 0xFF, 0xFF, 0xFF, 0xC0, 0x7F, 0xE0, 0x1B, 0xFF, 0xF0, 0x02, 0x90, 0x00, 0x00, 0x00,
    0x00, 0x00, 0x01, 0xAB, 0xFA, 0x40, 0x00, 0x00, 0x00, 0x00, 0x00, 0x00, 0x01, 0xFF, 0xFF, 0xFF,
    0xD0, 0x00, 0x00, 0x00, 0x00, 0x00, 0x00, 0x1F, 0xFF, 0xFF, 0xFF, 0xD0, 0x00, 0x00, 0x00, 0x00,
    0x00, 0x00, 0x7E, 0xFF, 0xDB, 0xFF, 0xC0, 0x00, 0x00, 0x00, 0x00, 0x00, 0x00, 0x03, 0xFE, 0x03,
    0xFF, 0x80, 0x00, 0x00, 0x00, 0x00, 0x00, 0x00, 0x1F, 0xF4, 0x07, 0xFE, 0x00, 0x00, 0x00, 0x00,
    0x00, 0x00, 0x00, 0xBF, 0xC0, 0x0F, 0xFC, 0x03, 0xF0, 0x00, 0x00, 0x00, 0x00, 0x03, 0xFF, 0x00,
    0x3F, 0xE0, 0x3F, 0xC0, 0x00, 0x00, 0x00, 0x00, 0x0F, 0xF8, 0x01, 0xFF, 0x40, 0xFF, 0x00, 0x00,
    0x00, 0x00, 0x00, 0x3F, 0xE0, 0x0F, 0xFC, 0x0B, 0xFE, 0xA0, 0x01, 0xFF, 0x80, 0x01, 0xFF, 0x40,
    0xBF, 0xE3, 0xFF, 0xFF, 0xC0, 0x7F, 0xFF, 0x40, 0x0B, 0xFC, 0x1F, 0xFE, 0x1F, 0xFF, 0xFE, 0x03,
    0xF9, 0xBC, 0x00, 0x3F, 0xFF, 0xFF, 0xE0, 0x03, 0xFC, 0x00, 0x2F, 0xC0, 0x20, 0x00, 0xFF, 0xFF,
    0xFD, 0x00, 0x1F, 0xF0, 0x00, 0xBF, 0x80, 0x00, 0x07, 0xFF, 0xFA, 0x00, 0x00, 0xBF, 0x80, 0x01,
    0xFF, 0x80, 0x00, 0x1F, 0xF0, 0x00, 0x00, 0x03, 0xFD, 0x00, 0x02, 0xFF, 0xC0, 0x00, 0xBF, 0xC0,
    0x00, 0x00, 0x0F, 0xF0, 0x00, 0x02, 0xFF, 0xC0, 0x03, 0xFF, 0x00, 0x00, 0x00, 0x3F, 0xC0, 0x00,
    0x02, 0xFF, 0x40, 0x0F, 0xF8, 0x00, 0x00, 0x01, 0xFF, 0x02, 0x09, 0x02, 0xFE, 0x00, 0x7F, 0xD0,
    0x00, 0x00, 0x0B, 0xFC, 0x7C, 0xBC, 0x07, 0xF8, 0x0B, 0xFF, 0xF8, 0x00, 0x00, 0x2F, 0xFF, 0xF3,
    0xFE, 0x7F, 0xC1, 0xFF, 0xFF, 0xF4, 0x00, 0x00, 0x7F, 0xFF, 0x47, 0xFF, 0xFD, 0x0B, 0xFF, 0xFF,
    0xC0, 0x00, 0x00, 0xFF, 0xE0, 0x07, 0xFF, 0x80, 0x00, 0x00, 0x00, 0x00, 0x00, 0x00, 0x10, 0x00,
    0x00, 0x40, 0x00, 0x00, 0x00, 0x00, 0x1B, 0xFE, 0x40, 0x00, 0x00, 0x07, 0xFF, 0xFF, 0xD0, 0x00,
    0x00, 0xFF, 0xFF, 0xFF, 0x40, 0x00, 0x1F, 0xFF, 0xAA, 0xFC, 0x00, 0x00, 0xFF, 0xD0, 0x07, 0xF0,
    0x00, 0x0F, 0xFC, 0x00, 0x1F, 0x80, 0x00, 0xBF, 0xC0, 0x00, 0x78, 0x00, 0x03, 0xFC, 0x00, 0x00,
    0x00, 0x01, 0x6F, 0xF5, 0x6A, 0x80, 0x00, 0x0F, 0xFF, 0xFF, 0xFF, 0x00, 0x00, 0xBF, 0xFF, 0xFF,
    0xF4, 0x00, 0x00, 0x1F, 0xF0, 0x00, 0x00, 0x00, 0x05, 0xBF, 0xD5, 0x55, 0x00, 0x00, 0xBF, 0xFF,
    0xFF, 0xF8, 0x00, 0x03, 0xFF, 0xFF, 0xFF, 0xC0, 0x00, 0x00, 0x2F, 0xF0, 0x00, 0x00, 0x00, 0x00,
    0xBF, 0xD0, 0x00, 0x00, 0x00, 0x01, 0xFF, 0x80, 0x00, 0x00, 0x00, 0x03, 0xFF, 0x80, 0x00, 0x70,
    0x00, 0x0B, 0xFF, 0xE5, 0x6F, 0xD0, 0x00, 0x0F, 0xFF, 0xFF, 0xFF, 0x00, 0x00, 0x0F, 0xFF, 0xFF,
    0xF0, 0x00, 0x00, 0x07, 0xFF, 0xF9, 0x00, 0x00, 0x00, 0x00, 0x14, 0x00, 0x00, 0x00, 0x00, 0x00,
    0x00, 0x00, 0x00, 0x00, 0x00, 0x00, 0x00, 0x00, 0x00, 0x02, 0xD0, 0x00, 0x7F, 0x5F, 0x40, 0x00,
    0x07, 0xF4, 0x02, 0xFF, 0xFF, 0x00, 0x00, 0x0F, 0xE0, 0x0B, 0xFA, 0xFE, 0x00, 0x00, 0x2F, 0xC0,
    0x0F, 0xC0, 0xBC, 0x00, 0x00, 0x7F, 0x40, 0x2F, 0x40, 0xFC, 0x00, 0x00, 0xFE, 0x00, 0x3F, 0x01,
    0xF8, 0x00, 0x02, 0xFC, 0x00, 0x3F, 0x03, 0xF0, 0x00, 0x07, 0xF0, 0x00, 0x7E, 0x0B, 0xF0, 0x00,
    0x0F, 0xD0, 0x00, 0x3F, 0x6F, 0xF3, 0x80, 0x2F, 0x80, 0x00, 0x3F, 0xFE, 0xFF, 0x40, 0x7F, 0x00,
    0x00, 0x2F, 0xF1, 0xFE, 0x00, 0xFC, 0x00, 0x00, 0x05, 0x40, 0x50, 0x03, 0xF4, 0x00, 0x00, 0x00,
    0x00, 0x00, 0x0B, 0xE0, 0x07, 0xFE, 0x00, 0x00, 0x00, 0x1F, 0xC0, 0x2F, 0xFF, 0x00, 0x00, 0x00,
    0x3F, 0x00, 0x7F, 0x6D, 0x00, 0x00, 0x00, 0xFD, 0x00, 0xFC, 0x00, 0x00, 0x00, 0x02, 0xF8, 0x02,
    0xF8, 0x00, 0x00, 0x00, 0x07, 0xF0, 0x03, 0xF4, 0x00, 0x00, 0x00, 0x0F, 0xD0, 0x03, 0xF0, 0x00,
    0x00, 0x00, 0x3F, 0x80, 0x03, 0xF0, 0x08, 0x00, 0x00, 0xBF, 0x00, 0x03, 0xF9, 0xBD, 0x00, 0x01,
    0xFC, 0x00, 0x02, 0xFF, 0xF8, 0x00, 0x07, 0xF4, 0x00, 0x00, 0xBF, 0xD0, 0x00, 0x0B, 0xF0, 0x00,
    0x00, 0x04, 0x00, 0x00, 0x01, 0xC0, 0x00, 0x00, 0x00, 0x00, 0x00, 0x00, 0x00, 0x00, 0x00, 0x00,
    0x00, 0x00, 0x00, 0x00, 0x00, 0x00, 0x00, 0x00, 0x00, 0x00, 0x00, 0x00, 0x00, 0x02, 0xD0, 0x00,
    0x7F, 0x5F, 0x40, 0x00, 0x07, 0xF4, 0x02, 0xFF, 0xFF, 0x00, 0x00, 0x0F, 0xE0, 0x0B, 0xFA, 0xFE,
    0x00, 0x00, 0x2F, 0xC0, 0x0F, 0xC0, 0xBC, 0x00, 0x00, 0x7F, 0x00, 0x2F, 0x40, 0xFC, 0x00, 0x00,
    0xFD, 0x00, 0x3F, 0x01, 0xF8, 0x00, 0x02, 0xF8, 0x00, 0x3F, 0x03, 0xF0, 0x00, 0x07, 0xF0, 0x00,
    0x7E, 0x0B, 0xF0, 0x00, 0x0F, 0xC0, 0x00, 0x3F, 0x6F, 0xF3, 0x80, 0x3F, 0x40, 0x00, 0x3F, 0xFE,
    0xFF, 0x40, 0x7E, 0x00, 0x00, 0x2F, 0xF1, 0xFE, 0x00, 0xFC, 0x00, 0x00, 0x05, 0x40, 0x50, 0x03,
    0xF0, 0x00, 0x40, 0x00, 0x00, 0x00, 0x0B, 0xD0, 0x1F, 0xFC, 0x00, 0x00, 0x00, 0x1F, 0x80, 0x7F,
    0xFC, 0x00, 0x00, 0x00, 0x3F, 0x00, 0xFC, 0x28, 0x00, 0x00, 0x00, 0xFD, 0x00, 0xFC, 0x00, 0x00,
    0x00, 0x02, 0xF8, 0x00, 0xBF, 0x40, 0x00, 0x00, 0x07, 0xF0, 0x00, 0x3F, 0xE0, 0x00, 0x00, 0x1F,
    0xC0, 0x00, 0x0B, 0xF0, 0x00, 0x00, 0x3F, 0x80, 0x02, 0x02, 0xF4, 0x00, 0x00, 0xFF, 0x00, 0x0B,
    0xD2, 0xF0, 0x00, 0x02, 0xFC, 0x00, 0x0B, 0xFF, 0xE0, 0x00, 0x07, 0xF4, 0x00, 0x03, 0xFF, 0x40,
    0x00, 0x0B, 0xE0, 0x00, 0x00, 0x10, 0x00, 0x00, 0x01, 0xC0, 0x00, 0x00, 0x00, 0x00, 0x00, 0x00,
    0x00, 0x00, 0x00, 0x00, 0x00, 0x00, 0x00, 0x00, 0x00, 0x00, 0x00, 0x55, 0x40, 0x00, 0x06, 0xF9,
    0x00, 0x00, 0x01, 0xFF, 0xFF, 0xE0, 0x03, 0xFF, 0xFC, 0x00, 0x01, 0xFF, 0xFF, 0xFF, 0xC0, 0xFF,
    0xFF, 0xF0, 0x00, 0xBF, 0xFF, 0xFF, 0xFC, 0x2F, 0xE5, 0xFF, 0x40, 0x2F, 0xFF, 0x50, 0x7F, 0xC3,
    0xF8, 0x03, 0xF8, 0x0B, 0xFF, 0x40, 0x03, 0xF8, 0x3F, 0x00, 0x3F, 0x81, 0xFF, 0xC0, 0x00, 0x3F,
    0x43, 0xF4, 0x03, 0xF8, 0x3F, 0xF0, 0x00, 0x03, 0xF0, 0x3F, 0x80, 0x3F, 0x4B, 0xFE, 0x00, 0x00,
    0x14, 0x02, 0xFE, 0x6F, 0xF0, 0xFF, 0xC0, 0x00, 0x00, 0x00, 0x0F, 0xFF, 0xFD, 0x1F, 0xFC, 0x00,
    0x00, 0x00, 0x00, 0x7F, 0xFF, 0x42, 0xFF, 0x80, 0x00, 0x00, 0x00, 0x00, 0x6A, 0x40, 0x3F, 0xF4,
    0x00, 0x00, 0x00, 0x00, 0x00, 0x00, 0x03, 0xFF, 0x40, 0x00, 0x00, 0x00, 0x00, 0x00, 0x00, 0x3F,
    0xF4, 0x00, 0x00, 0x00, 0x00, 0x00, 0x00, 0x03, 0xFF, 0x40, 0x00, 0x00, 0x00, 0x00, 0x00, 0x00,
    0x3F, 0xF8, 0x00, 0x00, 0x00, 0x00, 0x00, 0x00, 0x03, 0xFF, 0xC0, 0x00, 0x01, 0x80, 0x00, 0x00,
    0x00, 0x2F, 0xFE, 0x00, 0x00, 0x7C, 0x00, 0x00, 0x00, 0x01, 0xFF, 0xF8, 0x00, 0x7F, 0xC0, 0x00,
    0x00, 0x00, 0x0F, 0xFF, 0xFF, 0xFF, 0xF8, 0x00, 0x00, 0x00, 0x00, 0x3F, 0xFF, 0xFF, 0xFF, 0x00,
    0x00, 0x00, 0x00, 0x01, 0xFF, 0xFF, 0xFF, 0x80, 0x00, 0x00, 0x00, 0x00, 0x01, 0xFF, 0xFF, 0x80,
    0x00, 0x00, 0x00, 0x00, 0x00, 0x00, 0x14, 0x00, 0x00, 0x00, 0x00, 0x00, 0x00, 0x00, 0x00, 0x00,
    0x00, 0x00, 0x00, 0x00, 0x00, 0x03, 0x80, 0x00, 0x07, 0xF8, 0x00, 0x00, 0x3F, 0x80, 0x00, 0xFF,
    0xF4, 0x00, 0x02, 0xFC, 0x00, 0x0F, 0xEB, 0xC0, 0x00, 0x1F, 0xD0, 0x00, 0xBE, 0x00, 0x00, 0x00,
    0xFE, 0x00, 0x03, 0xF0, 0x00, 0x00, 0x0B, 0xF0, 0x00, 0x1F, 0x80, 0x00, 0x00, 0x7F, 0x00, 0x00,
    0xBE, 0x00, 0x00, 0x03, 0xF4, 0x00, 0x02, 0xF8, 0x04, 0x00, 0x2F, 0x80, 0x00, 0x07, 0xF1, 0xF8,
    0x01, 0xFC, 0x00, 0x00, 0x0F, 0xFF, 0xD0, 0x0F, 0xC0, 0x00, 0x00, 0x2F, 0xFC, 0x00, 0xBD, 0x00,
    0x00, 0x00, 0x05, 0x00, 0x07, 0xE0, 0x00, 0x00, 0x00, 0x00, 0x00, 0x7F, 0x00, 0x2F, 0xF8, 0x00,
    0x00, 0x03, 0xF0, 0x03, 0xFF, 0xF8, 0x00, 0x00, 0x3F, 0x40, 0x3F, 0x83, 0xF0, 0x00, 0x02, 0xFC,
    0x02, 0xFC, 0x0F, 0xD0, 0x00, 0x1F, 0xC0, 0x0F, 0xD0, 0x3F, 0x40, 0x00, 0xFD, 0x00, 0x7F, 0x00,
    0xFC, 0x00, 0x0F, 0xE0, 0x02, 0xF8, 0x07, 0xF0, 0x00, 0xBF, 0x00, 0x0B, 0xE0, 0x3F, 0x40, 0x07,
    0xF4, 0x00, 0x1F, 0xC3, 0xFC, 0x00, 0x3F, 0x80, 0x00, 0x3F, 0xFF, 0xC0, 0x03, 0xFC, 0x00, 0x00,
    0x3F, 0xF8, 0x00, 0x0F, 0xC0, 0x00, 0x00, 0x04, 0x00, 0x00, 0x09, 0x00, 0x00, 0x00, 0x00, 0x00,
    0x00, 0x00, 0x00, 0x00, 0x00, 0x00, 0x00, 0x00, 0x00, 0x00, 0x00, 0x00, 0x00, 0x00, 0x00, 0x00,
    0x00, 0x00, 0x02, 0xD0, 0x00, 0x00, 0x7F, 0x80, 0x00, 0x07, 0xF4, 0x00, 0x03, 0xFF, 0xD0, 0x00,
    0x0F, 0xE0, 0x00, 0x0F, 0xEB, 0xC0, 0x00, 0x2F, 0xC0, 0x00, 0x2F, 0x80, 0x00, 0x00, 0x7F, 0x00,
    0x00, 0x3F, 0x00, 0x00, 0x00, 0xFD, 0x00, 0x00, 0x7E, 0x00, 0x00, 0x03, 0xF8, 0x00, 0x00, 0xBE,
    0x00, 0x00, 0x07, 0xF0, 0x00, 0x00, 0xBE, 0x01, 0x00, 0x0F, 0xC0, 0x00, 0x00, 0x7F, 0x1F, 0x80,
    0x3F, 0x40, 0x00, 0x00, 0x3F, 0xFF, 0x40, 0xBE, 0x00, 0x00, 0x00, 0x2F, 0xFC, 0x00, 0xFC, 0x00,
    0x00, 0x00, 0x01, 0x40, 0x03, 0xF0, 0x00, 0x00, 0x00, 0x00, 0x00, 0x0B, 0xD0, 0xFF, 0x40, 0xFC,
    0x00, 0x00, 0x1F, 0x82, 0xFF, 0x41, 0xF8, 0x00, 0x00, 0x3F, 0x00, 0x2F, 0x42, 0xF4, 0x00, 0x00,
    0xFD, 0x00, 0x2F, 0x03, 0xF0, 0x00, 0x03, 0xF8, 0x00, 0x3F, 0x03, 0xF0, 0x00, 0x0B, 0xF0, 0x00,
    0x7E, 0x07, 0xE0, 0x00, 0x1F, 0xC0, 0x00, 0xBC, 0x0F, 0xD0, 0x00, 0x3F, 0x40, 0x00, 0xFC, 0x2F,
    0xC4, 0x00, 0xFF, 0x00, 0x00, 0xFC, 0xBF, 0xDE, 0x02, 0xFC, 0x00, 0x00, 0xFF, 0xFB, 0xFC, 0x07,
    0xF4, 0x00, 0x00, 0xBF, 0x87, 0xF0, 0x0B, 0xE0, 0x00, 0x00, 0x04, 0x00, 0x40, 0x01, 0xC0, 0x00,
    0x00, 0x00, 0x00, 0x00, 0x00, 0x00, 0x00, 0x00, 0x00, 0x00, 0x00, 0x00, 0x6F, 0x90, 0x03, 0xFF,
    0xFF, 0xFF, 0xF8, 0x0F, 0xFF, 0xF0, 0x2F, 0xFF, 0xFF, 0xFF, 0xE0, 0xFF, 0xFF, 0xF0, 0x7F, 0xFF,
    0xFF, 0xFF, 0x4B, 0xF9, 0x7F, 0xD0, 0x1F, 0xF8, 0x05, 0xFD, 0x3F, 0x80, 0x3F, 0x80, 0x7F, 0xD0,
    0x03, 0xF0, 0xFC, 0x00, 0xFE, 0x02, 0xFF, 0x40, 0x0F, 0xC3, 0xF4, 0x03, 0xF8, 0x0F, 0xFC, 0x00,
    0x3D, 0x0F, 0xE0, 0x0F, 0xD0, 0x3F, 0xF0, 0x00, 0x00, 0x2F, 0xE6, 0xFF, 0x01, 0xFF, 0x80, 0x00,
    0x00, 0x3F, 0xFF, 0xF4, 0x0B, 0xFD, 0x00, 0x00, 0x00, 0x7F, 0xFF, 0x40, 0x3F, 0xF9, 0xAA, 0x80,
    0x00, 0x1A, 0x90, 0x00, 0xFF, 0xFF, 0xFF, 0x00, 0x00, 0x00, 0x00, 0x03, 0xFF, 0xFF, 0xF8, 0x00,
    0x00, 0x00, 0x00, 0x1F, 0xFE, 0xAA, 0x80, 0x00, 0x00, 0x00, 0x00, 0xBF, 0xD0, 0x00, 0x00, 0x00,
    0x00, 0x00, 0x03, 0xFF, 0x00, 0x00, 0x00, 0x00, 0x00, 0x00, 0x0F, 0xFC, 0x00, 0x00, 0x00, 0x00,
    0x00, 0x00, 0x7F, 0xE0, 0x00, 0x00, 0x00, 0x00, 0x00, 0x01, 0xFF, 0x40, 0x00, 0x00, 0x00, 0x00,
    0x00, 0x0B, 0xFD, 0x00, 0x00, 0x00, 0x00, 0x00, 0x01, 0xFF, 0xFF, 0x80, 0x00, 0x00, 0x00, 0x00,
    0x2F, 0xFF, 0xFF, 0x40, 0x00, 0x00, 0x00, 0x00, 0xFF, 0xFF, 0xFC, 0x00, 0x00, 0x00, 0x00, 0x00,
    0x6E, 0x00, 0x00, 0x0F, 0xFF, 0x00, 0x00, 0xBF, 0xFF, 0x00, 0x07, 0xFE, 0xFD, 0x00, 0x3F, 0xD1,
    0xF4, 0x00, 0xFF, 0x07, 0xD0, 0x07, 0xFC, 0x2F, 0x40, 0x2F, 0xE0, 0xFC, 0x00, 0xFF, 0x83, 0xE0,
    0x03, 0xFD, 0x2F, 0x00, 0x0F, 0xF5, 0xF4, 0x00, 0x3F, 0xEF, 0x80, 0x00, 0xFF, 0xF8, 0x00, 0x07,
    0xFF, 0x80, 0x00, 0x1F, 0xF4, 0x00, 0x01, 0xFF, 0xD0, 0x00, 0x7F, 0xFF, 0x40, 0x01, 0xFB, 0xFD,
    0x00, 0x00, 0x0F, 0xF4, 0x00, 0x00, 0x3F, 0xD0, 0x00, 0x00, 0xFF, 0x40, 0xD0, 0x03, 0xFE, 0x0B,
    0xC0, 0x0F, 0xFC, 0xBF, 0x00, 0x2F, 0xFF, 0xF4, 0x00, 0x7F, 0xFF, 0x40, 0x00, 0xBF, 0xE0, 0x00,
    0x00, 0x54, 0x00, 0x00, 0x00, 0x00, 0x00, 0x00, 0x00, 0x00, 0x00, 0x00, 0x00, 0x00, 0x3F, 0xFD,
    0x00, 0x00, 0x1F, 0xF4, 0x00, 0x00, 0x00, 0x3F, 0xFE, 0x00, 0x00, 0x7F, 0xFC, 0x00, 0x00, 0x00,
    0x0B, 0xFF, 0x00, 0x00, 0xFF, 0x40, 0x00, 0x00, 0x00, 0x00, 0xFF, 0x40, 0x03, 0xFC, 0x00, 0x15,
    0x40, 0x00, 0x01, 0xFF, 0xC0, 0x07, 0xF4, 0x01, 0xFF, 0xF0, 0x00, 0x01, 0xFF, 0xC0, 0x0B, 0xE0,
    0x0F, 0xFF, 0xFC, 0x00, 0x02, 0xFF, 0xD0, 0x0F, 0xD0, 0x2F, 0x80, 0xFC, 0x00, 0x02, 0xFF, 0xF0,
    0x1F, 0xC0, 0x7F, 0x00, 0xFD, 0x00, 0x03, 0xFB, 0xF0, 0x2F, 0x80, 0xBD, 0x00, 0xFC, 0x00, 0x03,
    0xF7, 0xF4, 0x3F, 0x40, 0xFC, 0x00, 0xFC, 0x00, 0x03, 0xE3, 0xF8, 0x3F, 0x00, 0xFC, 0x02, 0xF8,
    0x00, 0x07, 0xE2, 0xFC, 0x3F, 0x00, 0xFD, 0x07, 0xF0, 0x00, 0x0B, 0xD1, 0xFD, 0x7E, 0x00, 0xBF,
    0xBF, 0xD0, 0x00, 0x0F, 0xC0, 0xFE, 0x7D, 0x00, 0x3F, 0xFF, 0x00, 0x00, 0x0F, 0xC0, 0xBF, 0xBD,
    0x00, 0x06, 0x90, 0x00, 0x00, 0x1F, 0xC0, 0x7F, 0xFC, 0x00, 0x00, 0x00, 0x00, 0x00, 0x2F, 0x80,
    0x3F, 0xFC, 0x00, 0x00, 0x05, 0x90, 0x00, 0x3F, 0x00, 0x3F, 0xFC, 0x00, 0xFF, 0xFF, 0xC0, 0x00,
    0x7F, 0x00, 0x1F, 0xF8, 0x00, 0xFF, 0xFF, 0x00, 0x00, 0xFE, 0x00, 0x0F, 0xF8, 0x01, 0xAA, 0x50,
    0x00, 0x03, 0xFC, 0x00, 0x0F, 0xF4, 0x00, 0x00, 0x00, 0x00, 0x1F, 0xF4, 0x00, 0x0B, 0xF4, 0x00,
    0x00, 0x00, 0x00, 0xBF, 0xE0, 0x00, 0x07, 0xF4, 0x00, 0x00, 0x00, 0x00, 0x2F, 0x40, 0x00, 0x00,
    0x00, 0x00, 0x00, 0x00, 0x00, 0x00, 0x00, 0x55, 0x00, 0x00, 0x01, 0xBF, 0xFF, 0xFF, 0xE4, 0x00,
    0x0F, 0xFF, 0xFF, 0xFF, 0xF8, 0x00, 0x2F, 0xFF, 0xFF, 0xFF, 0xF8, 0x00, 0x03, 0xFF, 0x41, 0xFF,
    0xF4, 0x00, 0x0F, 0xFC, 0x00, 0xFF, 0xE0, 0x00, 0x3F, 0xF0, 0x01, 0xFF, 0xC0, 0x00, 0xFF, 0xC0,
    0x03, 0xFF, 0x00, 0x03, 0xFF, 0x00, 0x1F, 0xFC, 0x00, 0x0F, 0xFC, 0x00, 0xBF, 0xE0, 0x00, 0x3F,
    0xF0, 0x07, 0xFF, 0x00, 0x00, 0xFF, 0xC1, 0xFF, 0xF4, 0x00, 0x03, 0xFF, 0xFF, 0xFF, 0x40, 0x00,
    0x0F, 0xFF, 0xFF, 0xE0, 0x00, 0x00, 0x3F, 0xFF, 0xFF, 0x00, 0xA8, 0x00, 0xFF, 0xC7, 0xFF, 0x0F,
    0xD0, 0x03, 0xFF, 0x0B, 0xFE, 0xBE, 0x00, 0x0F, 0xFC, 0x0F, 0xFF, 0xF0, 0x00, 0x3F, 0xF0, 0x0F,
    0xFF, 0x00, 0x00, 0xFF, 0xC0, 0x1F, 0xFE, 0x00, 0x03, 0xFF, 0x00, 0x3F, 0xFE, 0x00, 0xBF, 0xFE,
    0x02, 0xFF, 0xFF, 0x4F, 0xFF, 0xFE, 0x1F, 0xEF, 0xFF, 0xBF, 0xFF, 0xF4, 0xFC, 0x1F, 0xFC, 0x00,
    0x00, 0x00, 0x00, 0x06, 0x80, 0x2F, 0xFF, 0xFF, 0xFE, 0x00, 0x00, 0x00, 0x00, 0x00, 0x03, 0xFF,
    0xFF, 0xFF, 0xE0, 0x00, 0x00, 0x00, 0x00, 0x00, 0x3E, 0x5F, 0xF5, 0xBD, 0x15, 0x55, 0x50, 0x15,
    0x50, 0x07, 0xC0, 0xFF, 0x07, 0xCF, 0xFF, 0xFF, 0x8B, 0xFF, 0xC0, 0x7C, 0x0F, 0xE0, 0x7C, 0xBF,
    0xFF, 0xF4, 0x7F, 0xE0, 0x01, 0x01, 0xFD, 0x01, 0x03, 0xF8, 0x0F, 0x02, 0xFC, 0x00, 0x00, 0x2F,
    0xD0, 0x00, 0x3F, 0x40, 0xE0, 0x3F, 0xC0, 0x00, 0x03, 0xFC, 0x00, 0x03, 0xF4, 0x00, 0x03, 0xF8,
    0x00, 0x00, 0x3F, 0xC0, 0x00, 0x7F, 0x55, 0x00, 0x7F, 0x40, 0x00, 0x07, 0xF8, 0x00, 0x0B, 0xFF,
    0xF0, 0x07, 0xF0, 0x00, 0x00, 0x7F, 0x40, 0x00, 0xFF, 0xA9, 0x00, 0xBF, 0x00, 0x00, 0x0B, 0xF0,
    0x00, 0x0F, 0xD0, 0x00, 0x0F, 0xF0, 0x00, 0x00, 0xFF, 0x00, 0x00, 0xFC, 0x01, 0x40, 0xFE, 0x01,
    0xC0, 0x0F, 0xF0, 0x00, 0x1F, 0xC0, 0x3C, 0x1F, 0xD0, 0x3C, 0x01, 0xFE, 0x00, 0x02, 0xFC, 0x0F,
    0x82, 0xFC, 0x0B, 0xC0, 0xFF, 0xFC, 0x00, 0xFF, 0xFF, 0xF4, 0xFF, 0xFF, 0xF8, 0x2F, 0xFF, 0xC0,
    0x1F, 0xFF, 0xFF, 0x1F, 0xFF, 0xFF, 0x00, 0x3F, 0xFF, 0xFC, 0xBF, 0x40, 0xBF, 0x1F, 0xFF, 0xFF,
    0x2F, 0xE0, 0x7F, 0x4B, 0x4F, 0xC7, 0x83, 0xF8, 0x3F, 0x82, 0xC3, 0xE2, 0xC1, 0xFF, 0x1F, 0xE0,
    0x01, 0xF4, 0x00, 0xB7, 0xCE, 0xF8, 0x00, 0xBD, 0x00, 0x3C, 0xFB, 0x3D, 0x00, 0x2F, 0x00, 0x0F,
    0x3F, 0x4F, 0x40, 0x0F, 0xC0, 0x0B, 0x8B, 0xC3, 0xD0, 0x03, 0xE0, 0x03, 0xC2, 0xD0, 0xF0, 0x07,
    0xFE, 0x02, 0xF4, 0x00, 0xBE, 0x03, 0xFF, 0xC2, 0xFF, 0x00, 0xBF, 0xC0, 0x00, 0x00, 0x00, 0x05,
    0x54, 0x00, 0x00, 0x00, 0x00, 0x1F, 0xFF, 0xFE, 0x00, 0x00, 0x00, 0x1F, 0xFF, 0xFF, 0xFC, 0x00,
    0x00, 0x0B, 0xFF, 0xFF, 0xFF, 0xF0, 0x00, 0x03, 0xFF, 0xE0, 0x0B, 0xFF, 0x80, 0x00, 0xBF, 0xF0,
    0x00, 0x1F, 0xFC, 0x00, 0x1F, 0xFC, 0x00, 0x00, 0xFF, 0xD0, 0x03, 0xFF, 0x40, 0x00, 0x0B, 0xFD,
    0x00, 0x3F, 0xF0, 0x00, 0x00, 0xBF, 0xE0, 0x07, 0xFE, 0x00, 0x00, 0x0B, 0xFD, 0x00, 0xBF, 0xD0,
    0x00, 0x00, 0xBF, 0xD0, 0x0B, 0xFD, 0x00, 0x00, 0x0F, 0xFC, 0x00, 0xBF, 0xD0, 0x00, 0x00, 0xFF,
    0x80, 0x0B, 0xFD, 0x00, 0x00, 0x1F, 0xF4, 0x00, 0x7F, 0xD0, 0x00, 0x03, 0xFE, 0x00, 0x03, 0xFD,
    0x00, 0x00, 0xBF, 0xC0, 0x00, 0x3F, 0xE0, 0x00, 0x0F, 0xF0, 0x01, 0xF0, 0xFF, 0x00, 0x03, 0xFD,
    0x1E, 0x3F, 0x0B, 0xF4, 0x00, 0xFF, 0x43, 0xF3, 0xF0, 0x3F, 0xC0, 0x7F, 0xC0, 0x7F, 0x7F, 0x55,
    0xFD, 0x0F, 0xF5, 0x5F, 0xE7, 0xFF, 0xFF, 0xC0, 0xFF, 0xFF, 0xFD, 0xBF, 0xFF, 0xF8, 0x0F, 0xFF,
    0xFF, 0xCF, 0xFF, 0xFF, 0x00, 0xFF, 0xFF, 0xFC, 0x00, 0x0F, 0xFF, 0xFF, 0x0F, 0xFF, 0xF8, 0x00,
    0xBF, 0xFF, 0xF8, 0x7F, 0xFF, 0xD0, 0x01, 0xFF, 0xFF, 0x80, 0x7F, 0xFD, 0x00, 0x00, 0x3F, 0xE0,
    0x01, 0xFF, 0x80, 0x00, 0x01, 0xFF, 0x40, 0x2F, 0xF4, 0x00, 0x00, 0x0B, 0xFC, 0x02, 0xFF, 0x40,
    0x00, 0x00, 0x3F, 0xF0, 0x2F, 0xF0, 0x00, 0x00, 0x00, 0xFF, 0xC2, 0xFF, 0x00, 0x00, 0x00, 0x07,
    0xFE, 0x3F, 0xF0, 0x00, 0x00, 0x00, 0x1F, 0xF7, 0xFE, 0x00, 0x00, 0x00, 0x00, 0xBF, 0xFF, 0xE0,
    0x00, 0x00, 0x00, 0x03, 0xFF, 0xFF, 0x00, 0x00, 0x00, 0x00, 0x0F, 0xFF, 0xFE, 0x00, 0x00, 0x00,
    0x00, 0x7F, 0xEF, 0xFD, 0x00, 0x00, 0x00, 0x02, 0xFF, 0x5F, 0xFC, 0x00, 0x00, 0x00, 0x0F, 0xFC,
    0x2F, 0xFC, 0x00, 0x00, 0x00, 0x3F, 0xF0, 0x3F, 0xF8, 0x00, 0x00, 0x00, 0xFF, 0x80, 0x7F, 0xF4,
    0x00, 0x00, 0x07, 0xFD, 0x00, 0xFF, 0xF4, 0x00, 0x00, 0x2F, 0xF0, 0x00, 0xFF, 0xF4, 0x00, 0x07,
    0xFF, 0xF8, 0x01, 0xFF, 0xF8, 0x00, 0xBF, 0xFF, 0xF8, 0x01, 0xFF, 0xFC, 0x03, 0xFF, 0xFF, 0xD0,
    0x01, 0xFF, 0xC0, 0x00, 0x00, 0x00, 0x00, 0x00, 0x10, 0x00, 0x00, 0x00, 0x00, 0x00, 0x50, 0x00,
    0x00, 0x00, 0x00, 0x00, 0xBF, 0xE0, 0x00, 0x00, 0x00, 0x00, 0x2F, 0xFF, 0x80, 0x00, 0x00, 0x00,
    0x03, 0xD0, 0xBC, 0x00, 0x00, 0x00, 0x00, 0x7C, 0x0B, 0xC0, 0x00, 0x00, 0x00, 0x07, 0xC0, 0xF8,
    0x00, 0x00, 0x00, 0x00, 0x3F, 0xBF, 0x00, 0x00, 0x00, 0x00, 0x01, 0xFF, 0xD0, 0x00, 0x00, 0x00,
    0x00, 0x01, 0x50, 0x00, 0x00, 0x00, 0x00, 0x00, 0x01, 0x40, 0x00, 0x00, 0x00, 0x00, 0x03, 0xFC,
    0x00, 0x00, 0x00, 0x00, 0x00, 0xFF, 0xC0, 0x00, 0x00, 0x00, 0x00, 0x2F, 0xFD, 0x00, 0x00, 0x00,
    0x00, 0x07, 0xFF, 0xD0, 0x00, 0x00, 0x00, 0x00, 0xFF, 0xFE, 0x00, 0x00, 0x00, 0x00, 0x1F, 0xEF,
    0xF0, 0x00, 0x00, 0x00, 0x03, 0xF9, 0xFF, 0x00, 0x00, 0x00, 0x00, 0xBF, 0x0F, 0xF0, 0x00, 0x00,
    0x00, 0x0F, 0xE0, 0xFF, 0x40, 0x00, 0x00, 0x03, 0xFC, 0x0F, 0xF8, 0x00, 0x00, 0x00, 0x7F, 0x40,
    0xBF, 0xC0, 0x00, 0x00, 0x0F, 0xF0, 0x0B, 0xFC, 0x00, 0x00, 0x02, 0xFD, 0x00, 0x7F, 0xC0, 0x00,
    0x00, 0x3F, 0xD5, 0x5B, 0xFD, 0x00, 0x00, 0x0F, 0xFF, 0xFF, 0xFF, 0xE0, 0x00, 0x01, 0xFF, 0xFF,
    0xFF, 0xFF, 0x00, 0x00, 0x3F, 0xEA, 0xAA, 0xBF, 0xF0, 0x00, 0x0B, 0xF8, 0x00, 0x02, 0xFF, 0x00,
    0x00, 0xFF, 0x00, 0x00, 0x2F, 0xF4, 0x00, 0x2F, 0xE0, 0x00, 0x01, 0xFF, 0x80, 0x1B, 0xFE, 0x40,
    0x00, 0xBF, 0xFF, 0x4B, 0xFF, 0xFD, 0x00, 0x7F, 0xFF, 0xFC, 0xFF, 0xFF, 0xC0, 0x0B, 0xFF, 0xFF,
    0xC0, 0x00, 0x00, 0x6A, 0xA4, 0x00, 0x00, 0x00, 0x2E, 0x40, 0x6E, 0x00, 0x00, 0x0B, 0x40, 0x00,
    0x07, 0x80, 0x00, 0xB0, 0x00, 0x00, 0x03, 0x80, 0x0B, 0x40, 0x00, 0x00, 0x07, 0x80, 0x7D, 0x00,
    0x00, 0x00, 0x1F, 0x43, 0xF4, 0x00, 0x00, 0x00, 0x7F, 0x1F, 0xD0, 0x00, 0x00, 0x01, 0xFD, 0xBF,
    0x40, 0x00, 0x00, 0x07, 0xFA, 0xFD, 0x00, 0x00, 0x00, 0x1F, 0xEF, 0xFF, 0xFF, 0xFF, 0xFF, 0xFF,
    0xEF, 0xD0, 0x00, 0x00, 0x00, 0x00, 0xBF, 0x40, 0x00, 0x00, 0x00, 0x00, 0xFD, 0x00, 0x00, 0x00,
    0x00, 0x03, 0xF4, 0x00, 0x00, 0x00, 0x00, 0x07, 0xD0, 0x00, 0x00, 0x00, 0x00, 0x0B, 0x40, 0x00,
    0x00, 0x01, 0x00, 0x0B, 0x00, 0x00, 0x00, 0x38, 0x00, 0x07, 0x80, 0x00, 0x0B, 0x40, 0x00, 0x02,
    0xE5, 0x16, 0xE0, 0x00, 0x00, 0x00, 0x1A, 0x90, 0x00, 0x00, 0x00, 0x7F, 0xFF, 0xFF, 0x40, 0x00,
    0x00, 0x00, 0x00, 0x00, 0x00, 0x00, 0xBF, 0xFF, 0xFF, 0x00, 0x00, 0x00, 0x00, 0x00, 0x00, 0x00,
    0x00, 0x0F, 0xE5, 0x6F, 0x00, 0x14, 0x00, 0x01, 0x55, 0x05, 0x54, 0x00, 0x0F, 0xD0, 0x1F, 0x00,
    0xBC, 0x00, 0x0B, 0xFF, 0x1F, 0xFD, 0x00, 0x1F, 0xC0, 0x1D, 0x01, 0xFD, 0x00, 0x0B, 0xFE, 0x0F,
    0xF8, 0x00, 0x2F, 0xC0, 0x00, 0x03, 0xFD, 0x00, 0x00, 0xFC, 0x0F, 0xC0, 0x00, 0x3F, 0x80, 0x00,
    0x0B, 0xFE, 0x00, 0x00, 0xBE, 0x2F, 0x40, 0x00, 0x3F, 0x95, 0x50, 0x0F, 0x7F, 0x00, 0x00, 0x7F,
    0xBD, 0x00, 0x00, 0x3F, 0xFF, 0xE0, 0x2F, 0x2F, 0x00, 0x00, 0x3F, 0xF8, 0x00, 0x00, 0x7F, 0xFF,
    0xC0, 0x7D, 0x2F, 0x40, 0x00, 0x1F, 0xE0, 0x00, 0x00, 0xBF, 0x00, 0x00, 0xFC, 0x2F, 0x40, 0x00,
    0x3F, 0xF0, 0x00, 0x00, 0xFE, 0x00, 0x01, 0xFF, 0xFF, 0x80, 0x00, 0xBF, 0xF4, 0x00, 0x00, 0xFD,
    0x00, 0x03, 0xFF, 0xFF, 0xC0, 0x02, 0xF6, 0xF8, 0x00, 0x01, 0xFC, 0x00, 0x0B, 0xD0, 0x0F, 0xC0,
    0x07, 0xE0, 0xFC, 0x00, 0x02, 0xFC, 0x00, 0x0F, 0x80, 0x0F, 0xC0, 0x1F, 0xC0, 0xFE, 0x00, 0x1F,
    0xFF, 0xC0, 0x7F, 0xD0, 0x7F, 0xF8, 0xFF, 0xD2, 0xFF, 0xC0, 0x3F, 0xFF, 0xC0, 0xFF, 0xD0, 0xBF,
    0xF9, 0xFF, 0xD3, 0xFF, 0xC0, 0x00, 0x00, 0x00, 0x00, 0x00, 0x00, 0x00, 0x00, 0x00, 0x00, 0x00,
    0x00, 0x00, 0x00, 0x34, 0x00, 0x00, 0x00, 0x2D, 0x00, 0x00, 0x00, 0x3F, 0x80, 0x00, 0x06, 0xFF,
    0xC0, 0x00, 0x00, 0x1F, 0xE0, 0x00, 0x07, 0xFF, 0xE0, 0x00, 0x00, 0x0F, 0xF0, 0x00, 0x00, 0xAF,
    0xF4, 0x00, 0x00, 0x0F, 0xF0, 0x00, 0x00, 0x01, 0xFC, 0x00, 0x00, 0x07, 0xF4, 0x00, 0x00, 0x00,
    0xBF, 0x00, 0x00, 0x03, 0xF8, 0x00, 0x00, 0x00, 0x2F, 0xC0, 0x00, 0x03, 0xFC, 0x00, 0x00, 0x00,
    0x0F, 0xE0, 0x00, 0x02, 0xFC, 0x00, 0x00, 0x00, 0x03, 0xF4, 0x00, 0x00, 0xFD, 0x00, 0x7E, 0x80,
    0x01, 0xFC, 0x00, 0x00, 0xFD, 0x01, 0xFF, 0xFC, 0x00, 0xBF, 0x00, 0x00, 0xBE, 0x01, 0xFF, 0xFF,
    0x80, 0x3F, 0x80, 0x00, 0x7F, 0x00, 0xBD, 0x0B, 0xE0, 0x1F, 0xF4, 0x00, 0x3F, 0x00, 0x0C, 0x02,
    0xF4, 0xBF, 0xFF, 0xC0, 0x3F, 0x40, 0x00, 0x01, 0xFC, 0x3F, 0xFF, 0xE0, 0x2F, 0xC0, 0x00, 0x07,
    0xFC, 0x00, 0x00, 0x00, 0x1F, 0xC0, 0x00, 0x2F, 0xFE, 0x00, 0x00, 0x00, 0x0F, 0xD0, 0x00, 0x0B,
    0xFF, 0xD0, 0x00, 0x00, 0x0F, 0xF0, 0x00, 0x00, 0x02, 0xFC, 0x00, 0x00, 0x0B, 0xF0, 0x00, 0x00,
    0x00, 0xBE, 0x00, 0x00, 0x07, 0xF4, 0x00, 0x00, 0x00, 0x7F, 0x40, 0x00, 0x03, 0xF8, 0x00, 0x00,
    0x01, 0xBF, 0xC0, 0x00, 0x03, 0xFC, 0x00, 0x00, 0xFF, 0xFF, 0xC0, 0x00, 0x02, 0xFD, 0x00, 0x00,
    0x3F, 0xFF, 0x40, 0x00, 0x00, 0xBE, 0x00, 0x00, 0x01, 0x54, 0x00, 0x00, 0x00, 0x07, 0x00, 0x00,
    0x00, 0x00, 0x00, 0x00, 0x00, 0x00, 0x00, 0x00, 0x00, 0x00, 0x00, 0x00, 0x00, 0x00, 0x00, 0x00,
    0x00, 0x00, 0x00, 0x00, 0x00, 0x00, 0x00, 0x00, 0x00, 0x00, 0x02, 0xC0, 0x00, 0x00, 0x06, 0xF8,
    0x00, 0x00, 0x00, 0x7F, 0x40, 0x00, 0x07, 0xFF, 0xF4, 0x00, 0x00, 0x0F, 0xF0, 0x00, 0x01, 0xFF,
    0xFF, 0xC0, 0x00, 0x02, 0xFD, 0x00, 0x00, 0x3F, 0x41, 0xFD, 0x00, 0x00, 0x7F, 0x80, 0x00, 0x03,
    0xD0, 0x1F, 0xD0, 0x00, 0x0F, 0xF0, 0x00, 0x00, 0x04, 0x02, 0xFC, 0x00, 0x02, 0xFC, 0x00, 0x00,
    0x00, 0x00, 0x7F, 0x40, 0x00, 0x7F, 0x40, 0x00, 0x00, 0x00, 0x1F, 0xD0, 0x00, 0x0F, 0xE0, 0x00,
    0x00, 0x00, 0x0B, 0xF4, 0x00, 0x02, 0xFC, 0x01, 0xFA, 0x00, 0x03, 0xFD, 0x00, 0x00, 0x7F, 0x01,
    0xFF, 0xFC, 0x00, 0xFE, 0x00, 0x00, 0x0F, 0xD0, 0x7F, 0xFF, 0xE0, 0x7F, 0x40, 0x00, 0x03, 0xF8,
    0x0B, 0xD0, 0xBE, 0x2F, 0xFA, 0xAA, 0x40, 0xBE, 0x00, 0x30, 0x0B, 0xD3, 0xFF, 0xFF, 0xF4, 0x1F,
    0xC0, 0x00, 0x01, 0xFC, 0x2F, 0xFF, 0xFE, 0x03, 0xF4, 0x00, 0x01, 0xFF, 0x00, 0x00, 0x00, 0x00,
    0xFE, 0x00, 0x02, 0xFF, 0xE0, 0x00, 0x00, 0x00, 0x2F, 0xC0, 0x00, 0x2F, 0xFF, 0x40, 0x00, 0x00,
    0x07, 0xF4, 0x00, 0x00, 0x02, 0xFC, 0x00, 0x00, 0x00, 0xFE, 0x00, 0x00, 0x00, 0x2F, 0x80, 0x00,
    0x00, 0x3F, 0xC0, 0x00, 0x00, 0x07, 0xF4, 0x00, 0x00, 0x0B, 0xF4, 0x00, 0x00, 0x06, 0xFF, 0x00,
    0x00, 0x01, 0xFE, 0x00, 0x00, 0xFF, 0xFF, 0xC0, 0x00, 0x00, 0x3F, 0xC0, 0x00, 0x0F, 0xFF, 0xD0,
    0x00, 0x00, 0x03, 0xF0, 0x00, 0x00, 0x15, 0x40, 0x00, 0x00, 0x00, 0x0A, 0x00, 0x00, 0x00, 0x00,
    0x00, 0x00, 0x00, 0x00, 0x00, 0x00, 0x00, 0x00, 0x00, 0x00, 0x00, 0x00, 0x00, 0x00, 0x00, 0x00,
    0x00, 0x00, 0x00, 0x00, 0x00, 0x00, 0x00, 0x00, 0x0D, 0x00, 0x00, 0x00, 0x02, 0xD0, 0x00, 0x00,
    0x02, 0xFC, 0x00, 0x00, 0x1B, 0xFF, 0x00, 0x00, 0x00, 0x7F, 0x80, 0x00, 0x07, 0xFF, 0xE0, 0x00,
    0x00, 0x0F, 0xF0, 0x00, 0x00, 0x2B, 0xFD, 0x00, 0x00, 0x03, 0xFC, 0x00, 0x00, 0x00, 0x1F, 0xC0,
    0x00, 0x00, 0x7F, 0x40, 0x00, 0x00, 0x02, 0xFC, 0x00, 0x00, 0x0F, 0xE0, 0x00, 0x00, 0x00, 0x2F,
    0xC0, 0x00, 0x03, 0xFC, 0x00, 0x00, 0x00, 0x03, 0xF8, 0x00, 0x00, 0xBF, 0x00, 0x00, 0x00, 0x00,
    0x3F, 0x40, 0x00, 0x0F, 0xD0, 0x15, 0x55, 0x40, 0x07, 0xF0, 0x00, 0x03, 0xF8, 0x03, 0xFF, 0xFD,
    0x00, 0xBF, 0x00, 0x00, 0xBF, 0x00, 0x7F, 0xFF, 0xC0, 0x0F, 0xE0, 0x00, 0x1F, 0xC0, 0x0B, 0xD0,
    0x00, 0x01, 0xFF, 0x40, 0x03, 0xF4, 0x00, 0xFC, 0x00, 0x02, 0xFF, 0xFF, 0x00, 0xFE, 0x00, 0x1F,
    0xF8, 0x00, 0x3F, 0xFF, 0xE0, 0x2F, 0xC0, 0x02, 0xFF, 0xF8, 0x00, 0x00, 0x00, 0x07, 0xF0, 0x00,
    0x05, 0xBF, 0xD0, 0x00, 0x00, 0x00, 0xFD, 0x00, 0x00, 0x00, 0xFE, 0x00, 0x00, 0x00, 0x3F, 0xC0,
    0x00, 0x00, 0x0F, 0xE0, 0x00, 0x00, 0x0B, 0xF0, 0x00, 0x00, 0x00, 0xFD, 0x00, 0x00, 0x01, 0xFD,
    0x00, 0x00, 0x00, 0x3F, 0xC0, 0x00, 0x00, 0x3F, 0x80, 0x00, 0x00, 0x2F, 0xF4, 0x00, 0x00, 0x0F,
    0xF0, 0x00, 0x03, 0xFF, 0xFD, 0x00, 0x00, 0x02, 0xFD, 0x00, 0x00, 0x3F, 0xFE, 0x00, 0x00, 0x00,
    0x2F, 0x80, 0x00, 0x00, 0x54, 0x00, 0x00, 0x00, 0x00, 0x70, 0x00, 0x00, 0x00, 0x00, 0x00, 0x00,
    0x00, 0x00, 0x00, 0x00, 0x00, 0x00, 0x00, 0x00, 0x00, 0x00, 0x00, 0x00, 0x00, 0x00, 0x00, 0x00,
    0x00, 0x00, 0x00, 0x00, 0x00, 0x00, 0x00, 0x74, 0x00, 0x00, 0x00, 0x6F, 0x80, 0x00, 0x00, 0x03,
    0xF8, 0x00, 0x00, 0x1F, 0xFF, 0xD0, 0x00, 0x00, 0x2F, 0xD0, 0x00, 0x01, 0xFF, 0xFF, 0xC0, 0x00,
    0x01, 0xFE, 0x00, 0x00, 0x0F, 0xD0, 0x7F, 0x40, 0x00, 0x0F, 0xF0, 0x00, 0x00, 0x3D, 0x01, 0xFD,
    0x00, 0x00, 0xBF, 0x00, 0x00, 0x00, 0x10, 0x0B, 0xF0, 0x00, 0x07, 0xF4, 0x00, 0x00, 0x00, 0x00,
    0x7F, 0x40, 0x00, 0x3F, 0x80, 0x00, 0x00, 0x00, 0x07, 0xF4, 0x00, 0x03, 0xFC, 0x00, 0x00, 0x00,
    0x00, 0xBF, 0x40, 0x00, 0x1F, 0xC0, 0x55, 0x55, 0x00, 0x0F, 0xF4, 0x00, 0x00, 0xFD, 0x03, 0xFF,
    0xFD, 0x00, 0xFE, 0x00, 0x00, 0x0F, 0xD0, 0x1F, 0xFF, 0xF0, 0x1F, 0xD0, 0x00, 0x00, 0xBE, 0x00,
    0xBD, 0x00, 0x02, 0xFF, 0xAA, 0xA4, 0x07, 0xF0, 0x03, 0xF0, 0x00, 0x0F, 0xFF, 0xFF, 0xD0, 0x3F,
    0x40, 0x1F, 0xF8, 0x00, 0x2F, 0xFF, 0xFE, 0x03, 0xF8, 0x00, 0xBF, 0xFE, 0x00, 0x00, 0x00, 0x00,
    0x2F, 0xC0, 0x00, 0x5B, 0xFD, 0x00, 0x00, 0x00, 0x01, 0xFC, 0x00, 0x00, 0x03, 0xF8, 0x00, 0x00,
    0x00, 0x0F, 0xE0, 0x00, 0x00, 0x0F, 0xE0, 0x00, 0x00, 0x00, 0xFF, 0x00, 0x00, 0x00, 0x3F, 0x40,
    0x00, 0x00, 0x0B, 0xF0, 0x00, 0x00, 0x03, 0xFC, 0x00, 0x00, 0x00, 0x7F, 0x40, 0x00, 0x00, 0xBF,
    0xD0, 0x00, 0x00, 0x03, 0xFC, 0x00, 0x03, 0xFF, 0xFD, 0x00, 0x00, 0x00, 0x3F, 0xC0, 0x00, 0x0F,
    0xFF, 0x80, 0x00, 0x00, 0x00, 0xBD, 0x00, 0x00, 0x05, 0x40, 0x00, 0x00, 0x00, 0x00, 0x60, 0x00,
    0x00, 0x00, 0x00, 0x00, 0x00, 0x00, 0x00, 0x00, 0x00, 0x00, 0x00, 0x00, 0x00, 0x00, 0x00, 0x00,
    0x00, 0x00, 0x00, 0x00, 0x00, 0x00, 0x00, 0x00, 0x00, 0x00, 0x00, 0x2C, 0x00, 0x00, 0x00, 0x1B,
    0xE0, 0x00, 0x00, 0x03, 0xF4, 0x00, 0x00, 0x1F, 0xFF, 0xD0, 0x00, 0x00, 0xFF, 0x00, 0x00, 0x03,
    0xFF, 0xFF, 0x00, 0x00, 0x2F, 0xD0, 0x00, 0x00, 0x7D, 0x07, 0xF0, 0x00, 0x03, 0xF8, 0x00, 0x00,
    0x02, 0x40, 0x7E, 0x00, 0x00, 0xFF, 0x00, 0x00, 0x00, 0x00, 0x1F, 0xC0, 0x00, 0x2F, 0xC0, 0x00,
    0x00, 0x00, 0x1B, 0xF4, 0x00, 0x07, 0xF4, 0x00, 0x00, 0x00, 0x1F, 0xFF, 0x00, 0x00, 0xFE, 0x00,
    0x00, 0x00, 0x01, 0xFF, 0xF8, 0x00, 0x2F, 0xC0, 0x15, 0x55, 0x40, 0x00, 0x1F, 0xC0, 0x07, 0xF0,
    0x03, 0xFF, 0xFD, 0x00, 0x01, 0xFC, 0x00, 0xFD, 0x00, 0x7F, 0xFF, 0xC0, 0x00, 0x3F, 0x80, 0x2F,
    0x80, 0x0B, 0xD0, 0x00, 0x00, 0x6F, 0xF0, 0x0B, 0xF0, 0x00, 0xFC, 0x00, 0x0B, 0xFF, 0xFC, 0x01,
    0xFC, 0x00, 0x1F, 0xF8, 0x00, 0xBF, 0xFD, 0x00, 0x3F, 0x40, 0x02, 0xFF, 0xF8, 0x01, 0x54, 0x00,
    0x0F, 0xE0, 0x00, 0x05, 0xBF, 0xD0, 0x00, 0x00, 0x02, 0xFC, 0x00, 0x00, 0x00, 0xFE, 0x00, 0x00,
    0x00, 0x7F, 0x40, 0x00, 0x00, 0x0F, 0xE0, 0x00, 0x00, 0x0F, 0xE0, 0x00, 0x00, 0x00, 0xFD, 0x00,
    0x00, 0x03, 0xFC, 0x00, 0x00, 0x00, 0x3F, 0xC0, 0x00, 0x00, 0xBF, 0x40, 0x00, 0x00, 0x2F, 0xF4,
    0x00, 0x00, 0x1F, 0xE0, 0x00, 0x03, 0xFF, 0xFD, 0x00, 0x00, 0x03, 0xFC, 0x00, 0x00, 0x3F, 0xFE,
    0x00, 0x00, 0x00, 0x3F, 0x40, 0x00, 0x00, 0x54, 0x00, 0x00, 0x00, 0x00, 0xA0, 0x00, 0x00, 0x00,
    0x00, 0x00, 0x00, 0x00, 0x00, 0x00, 0x00, 0x00, 0x00, 0x00, 0x00, 0x00, 0x00, 0x00, 0x00, 0x00,
    0x00, 0x00, 0x00, 0x00, 0x00, 0x00, 0x00, 0x00, 0x00, 0x00, 0xA0, 0x00, 0x00, 0x00, 0x00, 0xB8,
    0x00, 0x00, 0x07, 0xF4, 0x00, 0x00, 0x00, 0x0F, 0xF0, 0x00, 0x00, 0x3F, 0xC0, 0x00, 0x00, 0x00,
    0xFF, 0xC0, 0x00, 0x02, 0xFC, 0x00, 0x00, 0x00, 0x0F, 0xFE, 0x00, 0x00, 0x1F, 0xD0, 0x00, 0x00,
    0x00, 0xFE, 0xF4, 0x00, 0x00, 0xFE, 0x00, 0x00, 0x00, 0x0F, 0xDB, 0xD0, 0x00, 0x0F, 0xF0, 0x00,
    0x00, 0x00, 0xBD, 0x3F, 0x00, 0x00, 0x7F, 0x00, 0x00, 0x00, 0x0B, 0xD0, 0xFC, 0x00, 0x03, 0xF4,
    0x00, 0x00, 0x00, 0xBD, 0x07, 0xE0, 0x00, 0x3F, 0x80, 0x55, 0x55, 0x0B, 0xF5, 0x7F, 0x94, 0x02,
    0xFC, 0x03, 0xFF, 0xFD, 0x3F, 0xFF, 0xFF, 0xE0, 0x0F, 0xC0, 0x1F, 0xFF, 0xF0, 0xFF, 0xFF, 0xFF,
    0x40, 0xFD, 0x00, 0xBD, 0x00, 0x00, 0x00, 0x1F, 0x80, 0x0B, 0xE0, 0x03, 0xF0, 0x00, 0x00, 0x00,
    0xBD, 0x00, 0x7F, 0x00, 0x1F, 0xF8, 0x00, 0x00, 0x03, 0xF4, 0x03, 0xF0, 0x00, 0xBF, 0xFE, 0x00,
    0x00, 0x00, 0x00, 0x3F, 0x80, 0x00, 0x5B, 0xFD, 0x00, 0x00, 0x00, 0x02, 0xFC, 0x00, 0x00, 0x03,
    0xF8, 0x00, 0x00, 0x00, 0x1F, 0xC0, 0x00, 0x00, 0x0F, 0xE0, 0x00, 0x00, 0x01, 0xFD, 0x00, 0x00,
    0x00, 0x3F, 0x40, 0x00, 0x00, 0x0F, 0xF0, 0x00, 0x00, 0x03, 0xFC, 0x00, 0x00, 0x00, 0xFF, 0x00,
    0x00, 0x00, 0xBF, 0xD0, 0x00, 0x00, 0x0B, 0xF4, 0x00, 0x03, 0xFF, 0xFD, 0x00, 0x00, 0x00, 0x7F,
    0xC0, 0x00, 0x0F, 0xFF, 0x80, 0x00, 0x00, 0x01, 0xFC, 0x00, 0x00, 0x05, 0x40, 0x00, 0x00, 0x00,
    0x00, 0x90, 0x00, 0x00, 0x00, 0x00, 0x00, 0x00, 0x00, 0x00, 0x00, 0x00, 0x00, 0x00, 0x00, 0x00,
    0x00, 0x00, 0x00, 0x00, 0x00, 0x00, 0x00, 0x00, 0x00, 0x00, 0x00, 0x00, 0x00, 0x00, 0x02, 0x80,
    0x00, 0x00, 0x00, 0x2D, 0x00, 0x00, 0x00, 0x1F, 0xC0, 0x00, 0x00, 0x6F, 0xFC, 0x00, 0x00, 0x00,
    0xFF, 0x00, 0x00, 0x07, 0xFF, 0xE0, 0x00, 0x00, 0x0B, 0xF0, 0x00, 0x00, 0x0A, 0xFF, 0x40, 0x00,
    0x00, 0x7F, 0x40, 0x00, 0x00, 0x01, 0xFC, 0x00, 0x00, 0x03, 0xF8, 0x00, 0x00, 0x00, 0x0B, 0xF0,
    0x00, 0x00, 0x3F, 0xC0, 0x00, 0x00, 0x00, 0x2F, 0xC0, 0x00, 0x01, 0xFC, 0x00, 0x00, 0x00, 0x00,
    0xFE, 0x00, 0x00, 0x0F, 0xD0, 0x00, 0x00, 0x00, 0x03, 0xF4, 0x00, 0x00, 0xFE, 0x00, 0x02, 0xBD,
    0x00, 0x1F, 0xC0, 0x00, 0x0B, 0xF0, 0x00, 0xFF, 0xFC, 0x00, 0xBF, 0x00, 0x00, 0x3F, 0x00, 0x2F,
    0xFE, 0x50, 0x03, 0xF8, 0x00, 0x03, 0xF4, 0x02, 0xFE, 0x00, 0x00, 0x1F, 0xF4, 0x00, 0x2F, 0x80,
    0x2F, 0xD0, 0x00, 0x0B, 0xFF, 0xFC, 0x01, 0xFC, 0x01, 0xFE, 0x50, 0x00, 0x3F, 0xFF, 0xE0, 0x0F,
    0xC0, 0x0F, 0xFF, 0xFC, 0x00, 0x00, 0x00, 0x00, 0xFE, 0x00, 0x3F, 0xFF, 0xFC, 0x00, 0x00, 0x00,
    0x0B, 0xF0, 0x02, 0xFC, 0x07, 0xF4, 0x00, 0x00, 0x00, 0x7F, 0x00, 0x0B, 0xE0, 0x0F, 0xD0, 0x00,
    0x00, 0x07, 0xF4, 0x00, 0x2F, 0x80, 0x3F, 0x40, 0x00, 0x00, 0x3F, 0xC0, 0x00, 0xBF, 0x00, 0xFC,
    0x00, 0x00, 0x03, 0xFC, 0x00, 0x01, 0xFD, 0x0F, 0xF0, 0x00, 0x00, 0x2F, 0xD0, 0x00, 0x03, 0xFF,
    0xFF, 0x00, 0x00, 0x01, 0xFE, 0x00, 0x00, 0x03, 0xFF, 0xE0, 0x00, 0x00, 0x07, 0xF0, 0x00, 0x00,
    0x00, 0x54, 0x00, 0x00, 0x00, 0x02, 0x40, 0x00, 0x00, 0x00, 0x00, 0x00, 0x00, 0x00, 0x00, 0x00,
    0x00, 0x00, 0x00, 0x00, 0x00, 0x00, 0x00, 0x00, 0x00, 0x00, 0x00, 0x00, 0x00, 0x00, 0x00, 0x00,
    0x00, 0x00, 0x00, 0x07, 0x40, 0x00, 0x00, 0x05, 0x55, 0x54, 0x00, 0x00, 0x3F, 0x80, 0x00, 0x00,
    0x3F, 0xFF, 0xE0, 0x00, 0x02, 0xFD, 0x00, 0x00, 0x00, 0xFF, 0xFF, 0x40, 0x00, 0x1F, 0xE0, 0x00,
    0x00, 0x07, 0xE0, 0x00, 0x00, 0x00, 0xFF, 0x00, 0x00, 0x00, 0x2F, 0x40, 0x00, 0x00, 0x0B, 0xF0,
    0x00, 0x00, 0x00, 0xFF, 0x90, 0x00, 0x00, 0x7F, 0x40, 0x00, 0x00, 0x07, 0xFF, 0xE0, 0x00, 0x03,
    0xF8, 0x00, 0x00, 0x00, 0x05, 0xBF, 0xE0, 0x00, 0x3F, 0xC0, 0x00, 0x00, 0x00, 0x00, 0x3F, 0xC0,
    0x01, 0xFC, 0x00, 0x02, 0xBD, 0x00, 0x00, 0xBF, 0x00, 0x0F, 0xD0, 0x00, 0xFF, 0xFC, 0x00, 0x03,
    0xF8, 0x00, 0xFD, 0x00, 0x2F, 0xFE, 0x50, 0x00, 0x2F, 0xD0, 0x0B, 0xE0, 0x02, 0xFE, 0x00, 0x00,
    0x07, 0xFE, 0x00, 0x7F, 0x00, 0x2F, 0xD0, 0x00, 0x3F, 0xFF, 0xE0, 0x03, 0xF4, 0x01, 0xFE, 0x50,
    0x00, 0xBF, 0xF8, 0x00, 0x3F, 0x80, 0x0F, 0xFF, 0xFC, 0x00, 0x55, 0x00, 0x02, 0xFC, 0x00, 0x3F,
    0xFF, 0xFC, 0x00, 0x00, 0x00, 0x1F, 0xC0, 0x02, 0xFC, 0x07, 0xF4, 0x00, 0x00, 0x00, 0xFE, 0x00,
    0x0B, 0xE0, 0x0F, 0xD0, 0x00, 0x00, 0x0F, 0xF0, 0x00, 0x2F, 0x80, 0x3F, 0x40, 0x00, 0x00, 0xBF,
    0x00, 0x00, 0xBF, 0x00, 0xFC, 0x00, 0x00, 0x07, 0xF4, 0x00, 0x01, 0xFD, 0x0F, 0xF0, 0x00, 0x00,
    0x3F, 0xC0, 0x00, 0x03, 0xFF, 0xFF, 0x00, 0x00, 0x03, 0xFC, 0x00, 0x00, 0x03, 0xFF, 0xE0, 0x00,
    0x00, 0x0B, 0xD0, 0x00, 0x00, 0x00, 0x54, 0x00, 0x00, 0x00, 0x06, 0x00, 0x00, 0x00, 0x00, 0x00,
    0x00, 0x00, 0x00, 0x00, 0x00, 0x00, 0x00, 0x00, 0x00, 0x00, 0x00, 0x00, 0x00, 0x00, 0x00, 0x00,
    0x00, 0x00, 0x00, 0x00, 0x00, 0x00, 0x00, 0x00, 0x0E, 0x00, 0x00, 0x00, 0x02, 0xD0, 0x00, 0x00,
    0x02, 0xFC, 0x00, 0x00, 0x1B, 0xFF, 0x00, 0x00, 0x00, 0x3F, 0xC0, 0x00, 0x07, 0xFF, 0xE0, 0x00,
    0x00, 0x0F, 0xF0, 0x00, 0x00, 0x2B, 0xFD, 0x00, 0x00, 0x02, 0xFD, 0x00, 0x00, 0x00, 0x1F, 0xC0,
    0x00, 0x00, 0x7F, 0x80, 0x00, 0x00, 0x02, 0xFC, 0x00, 0x00, 0x0F, 0xF0, 0x00, 0x00, 0x00, 0x2F,
    0xC0, 0x00, 0x02, 0xFC, 0x00, 0x00, 0x00, 0x03, 0xF8, 0x00, 0x00, 0x7F, 0x40, 0x00, 0x00, 0x00,
    0x3F, 0x40, 0x00, 0x0F, 0xD0, 0x06, 0xF8, 0x00, 0x07, 0xF0, 0x00, 0x02, 0xF8, 0x07, 0xFF, 0xF8,
    0x00, 0xBF, 0x00, 0x00, 0x7F, 0x01, 0xFE, 0x6F, 0xC0, 0x0F, 0xE0, 0x00, 0x0F, 0xC0, 0x3F, 0x80,
    0xFD, 0x01, 0xFF, 0x40, 0x03, 0xF4, 0x03, 0xF4, 0x1F, 0xC2, 0xFF, 0xFF, 0x00, 0xBE, 0x00, 0x3F,
    0x83, 0xF4, 0x3F, 0xFF, 0xE0, 0x1F, 0xC0, 0x01, 0xFF, 0xFD, 0x00, 0x00, 0x00, 0x03, 0xF4, 0x00,
    0x0B, 0xFF, 0x40, 0x00, 0x00, 0x00, 0xFE, 0x00, 0x07, 0xFB, 0xFC, 0x00, 0x00, 0x00, 0x2F, 0xC0,
    0x00, 0xFC, 0x0F, 0xF0, 0x00, 0x00, 0x07, 0xF4, 0x00, 0x3F, 0x80, 0xBF, 0x00, 0x00, 0x00, 0xFE,
    0x00, 0x03, 0xF4, 0x0B, 0xF0, 0x00, 0x00, 0x3F, 0xC0, 0x00, 0x3F, 0xC0, 0xFE, 0x00, 0x00, 0x0B,
    0xF4, 0x00, 0x02, 0xFF, 0xFF, 0xC0, 0x00, 0x01, 0xFE, 0x00, 0x00, 0x0B, 0xFF, 0xD0, 0x00, 0x00,
    0x1F, 0xC0, 0x00, 0x00, 0x01, 0x40, 0x00, 0x00, 0x00, 0x30, 0x00, 0x00, 0x00, 0x00, 0x00, 0x00,
    0x00, 0x00, 0x00, 0x00, 0x00, 0x00, 0x00, 0x00, 0x00, 0x00, 0x00, 0x00, 0x00, 0x00, 0x00, 0x00,
    0x00, 0x00, 0x00, 0x00, 0x00, 0x00, 0x1C, 0x00, 0x00, 0x00, 0x1B, 0xE0, 0x00, 0x00, 0x03, 0xF4,
    0x00, 0x00, 0x1F, 0xFF, 0xD0, 0x00, 0x00, 0xFF, 0x00, 0x00, 0x03, 0xFF, 0xFF, 0x00, 0x00, 0x2F,
    0xD0, 0x00, 0x00, 0x7D, 0x07, 0xF0, 0x00, 0x03, 0xF8, 0x00, 0x00, 0x02, 0x40, 0x7E, 0x00, 0x00,
    0xFF, 0x00, 0x00, 0x00, 0x00, 0x1F, 0xC0, 0x00, 0x2F, 0xC0, 0x00, 0x00, 0x00, 0x1B, 0xF4, 0x00,
    0x07, 0xF4, 0x00, 0x00, 0x00, 0x1F, 0xFF, 0x00, 0x00, 0xFE, 0x00, 0x00, 0x00, 0x01, 0xFF, 0xF8,
    0x00, 0x2F, 0xC0, 0x06, 0xF8, 0x00, 0x00, 0x1F, 0xC0, 0x07, 0xF0, 0x07, 0xFF, 0xF8, 0x00, 0x01,
    0xFC, 0x00, 0xFD, 0x01, 0xFE, 0x6F, 0xC0, 0x00, 0x3F, 0x80, 0x2F, 0x80, 0x3F, 0x80, 0xFD, 0x00,
    0x6F, 0xF0, 0x07, 0xF0, 0x03, 0xF4, 0x1F, 0xCB, 0xFF, 0xFC, 0x00, 0xFC, 0x00, 0x3F, 0x83, 0xF4,
    0xBF, 0xFD, 0x00, 0x3F, 0x40, 0x01, 0xFF, 0xFD, 0x01, 0x54, 0x00, 0x0B, 0xE0, 0x00, 0x0B, 0xFF,
    0x40, 0x00, 0x00, 0x02, 0xFC, 0x00, 0x07, 0xFB, 0xFC, 0x00, 0x00, 0x00, 0x7F, 0x40, 0x00, 0xFC,
    0x0F, 0xF0, 0x00, 0x00, 0x0F, 0xE0, 0x00, 0x3F, 0x80, 0xBF, 0x00, 0x00, 0x03, 0xFC, 0x00, 0x03,
    0xF4, 0x0B, 0xF0, 0x00, 0x00, 0xBF, 0x40, 0x00, 0x3F, 0xC0, 0xFE, 0x00, 0x00, 0x1F, 0xE0, 0x00,
    0x02, 0xFF, 0xFF, 0xC0, 0x00, 0x03, 0xFC, 0x00, 0x00, 0x0B, 0xFF, 0xD0, 0x00, 0x00, 0x3F, 0x40,
    0x00, 0x00, 0x01, 0x40, 0x00, 0x00, 0x00, 0xA0, 0x00, 0x00, 0x00, 0x00, 0x00, 0x00, 0x00, 0x00,
    0x00, 0x00, 0x00, 0x00, 0x00, 0x00, 0x00, 0x00, 0x00, 0x00, 0x00, 0x00, 0x00, 0x00, 0x00, 0x00,
    0x00, 0x00, 0x00, 0x00, 0x28, 0x00, 0x00, 0x00, 0x55, 0x55, 0x40, 0x00, 0x07, 0xF4, 0x00, 0x00,
    0x0F, 0xFF, 0xF8, 0x00, 0x00, 0xFF, 0x00, 0x00, 0x00, 0xFF, 0xFF, 0x40, 0x00, 0x2F, 0xD0, 0x00,
    0x00, 0x1F, 0x80, 0x00, 0x00, 0x07, 0xF8, 0x00, 0x00, 0x02, 0xF4, 0x00, 0x00, 0x00, 0xFE, 0x00,
    0x00, 0x00, 0x3F, 0xE4, 0x00, 0x00, 0x2F, 0xC0, 0x00, 0x00, 0x07, 0xFF, 0xE0, 0x00, 0x07, 0xF0,
    0x00, 0x00, 0x00, 0x16, 0xFF, 0x80, 0x00, 0xFD, 0x00, 0x00, 0x00, 0x00, 0x03, 0xFC, 0x00, 0x3F,
    0x80, 0x06, 0xF8, 0x00, 0x00, 0x2F, 0xC0, 0x07, 0xF0, 0x07, 0xFF, 0xF8, 0x00, 0x03, 0xF8, 0x00,
    0xFC, 0x01, 0xFE, 0x6F, 0xC0, 0x00, 0xBF, 0x40, 0x3F, 0x40, 0x3F, 0x80, 0xFD, 0x00, 0x7F, 0xE0,
    0x0B, 0xE0, 0x03, 0xF4, 0x1F, 0xCF, 0xFF, 0xF8, 0x01, 0xFC, 0x00, 0x3F, 0x83, 0xF4, 0xBF, 0xF8,
    0x00, 0x3F, 0x00, 0x01, 0xFF, 0xFD, 0x01, 0x54, 0x00, 0x0F, 0xE0, 0x00, 0x0B, 0xFF, 0x40, 0x00,
    0x00, 0x02, 0xFC, 0x00, 0x07, 0xFB, 0xFC, 0x00, 0x00, 0x00, 0x7F, 0x00, 0x00, 0xFC, 0x0F, 0xF0,
    0x00, 0x00, 0x0F, 0xE0, 0x00, 0x3F, 0x80, 0xBF, 0x00, 0x00, 0x03, 0xFC, 0x00, 0x03, 0xF4, 0x0B,
    0xF0, 0x00, 0x00, 0xBF, 0x00, 0x00, 0x3F, 0xC0, 0xFE, 0x00, 0x00, 0x1F, 0xD0, 0x00, 0x02, 0xFF,
    0xFF, 0xC0, 0x00, 0x07, 0xFC, 0x00, 0x00, 0x0B, 0xFF, 0xD0, 0x00, 0x00, 0x7F, 0x00, 0x00, 0x00,
    0x01, 0x40, 0x00, 0x00, 0x00, 0x90, 0x00, 0x00, 0x00, 0x00, 0x00, 0x00, 0x00, 0x00, 0x00, 0x00,
    0x00, 0x00, 0x00, 0x00, 0x00, 0x00, 0x00, 0x00, 0x00, 0x00, 0x00, 0x00, 0x00, 0x00, 0x00, 0x00,
    0x00, 0x0B, 0x40, 0x00, 0x00, 0x55, 0x55, 0x50, 0x00, 0x03, 0xF8, 0x00, 0x00, 0x7F, 0xFF, 0xFD,
    0x00, 0x03, 0xFC, 0x00, 0x00, 0x2F, 0xFF, 0xFF, 0x00, 0x02, 0xFD, 0x00, 0x00, 0x0F, 0xC0, 0x3F,
    0x80, 0x01, 0xFE, 0x00, 0x00, 0x03, 0xD0, 0x3F, 0xC0, 0x00, 0xFF, 0x00, 0x00, 0x00, 0x60, 0x2F,
    0xC0, 0x00, 0xBF, 0x00, 0x00, 0x00, 0x00, 0x1F, 0xC0, 0x00, 0x7F, 0x40, 0x00, 0x00, 0x00, 0x0F,
    0xE0, 0x00, 0x3F, 0x80, 0x00, 0x00, 0x00, 0x0F, 0xF0, 0x00, 0x2F, 0xC0, 0x01, 0xBE, 0x00, 0x0B,
    0xF0, 0x00, 0x1F, 0xC0, 0x07, 0xFF, 0xF8, 0x03, 0xF8, 0x00, 0x0F, 0xD0, 0x07, 0xF9, 0xBF, 0x03,
    0xFC, 0x00, 0x0F, 0xE0, 0x03, 0xF8, 0x0F, 0xD1, 0xFD, 0x00, 0x0B, 0xE0, 0x00, 0xFD, 0x07, 0xF0,
    0xBF, 0x00, 0x07, 0xF0, 0x00, 0x3F, 0x83, 0xF4, 0x2F, 0x80, 0x03, 0xF4, 0x00, 0x07, 0xFF, 0xF4,
    0x01, 0x40, 0x03, 0xF8, 0x00, 0x00, 0xBF, 0xF4, 0x00, 0x00, 0x02, 0xFC, 0x00, 0x01, 0xFE, 0xFF,
    0x00, 0x00, 0x01, 0xFD, 0x00, 0x00, 0xFC, 0x0F, 0xF0, 0x00, 0x00, 0xFE, 0x00, 0x00, 0xFE, 0x02,
    0xFC, 0x00, 0x00, 0xFF, 0x00, 0x00, 0x3F, 0x40, 0xBF, 0x00, 0x00, 0xBF, 0x40, 0x00, 0x0F, 0xF0,
    0x3F, 0x80, 0x00, 0x7F, 0x80, 0x00, 0x02, 0xFF, 0xFF, 0xC0, 0x00, 0x3F, 0xC0, 0x00, 0x00, 0x2F,
    0xFF, 0x40, 0x00, 0x0B, 0xC0, 0x00, 0x00, 0x00, 0x14, 0x00, 0x00, 0x00, 0x50, 0x00, 0x00, 0x00,
    0x00, 0x00, 0x00, 0x00, 0x00, 0x00, 0x00, 0x00, 0x00, 0x00, 0x00, 0x00, 0x00, 0x00, 0x00, 0x0E,
    0x00, 0x00, 0x2D, 0x00, 0x00, 0x00, 0xBF, 0x00, 0x6F, 0xFC, 0x00, 0x00, 0x07, 0xFC, 0x07, 0xFF,
    0xE0, 0x00, 0x00, 0x3F, 0xC0, 0x0A, 0xFF, 0x40, 0x00, 0x02, 0xFD, 0x00, 0x01, 0xFC, 0x00, 0x00,
    0x1F, 0xD0, 0x00, 0x0B, 0xF0, 0x00, 0x00, 0xFE, 0x00, 0x00, 0x2F, 0xC0, 0x00, 0x0B, 0xF0, 0x00,
    0x00, 0xFE, 0x00, 0x00, 0x7F, 0x00, 0x00, 0x03, 0xF4, 0x00, 0x03, 0xF4, 0x00, 0x00, 0x1F, 0xC0,
    0x00, 0x2F, 0x80, 0x00, 0x00, 0xBF, 0x00, 0x01, 0xFC, 0x00, 0x00, 0x03, 0xF8, 0x00, 0x0F, 0xC0,
    0x00, 0x00, 0x1F, 0xF4, 0x00, 0xFD, 0x00, 0x00, 0x0B, 0xFF, 0xFC, 0x0B, 0xE0, 0x00, 0x00, 0x3F,
    0xFF, 0xE0, 0x7F, 0x00, 0x00, 0x00, 0x00, 0x00, 0x03, 0xF4, 0x00, 0x00, 0x00, 0x00, 0x00, 0x3F,
    0x80, 0x00, 0x00, 0x00, 0x00, 0x02, 0xFC, 0x00, 0x00, 0x00, 0x00, 0x00, 0x1F, 0xD0, 0x00, 0x00,
    0x00, 0x00, 0x01, 0xFE, 0x00, 0x00, 0x00, 0x00, 0x00, 0x0F, 0xF0, 0x00, 0x00, 0x00, 0x00, 0x00,
    0xBF, 0x00, 0x00, 0x00, 0x00, 0x00, 0x0B, 0xF8, 0x00, 0x00, 0x00, 0x00, 0x00, 0x1F, 0xC0, 0x00,
    0x00, 0x00, 0x00, 0x00, 0x0C, 0x00, 0x00, 0x00, 0x00, 0x00, 0x00, 0x00, 0x00, 0x00, 0x00, 0x00,
    0x00, 0x0F, 0xFF, 0xFF, 0x00, 0x0B, 0xFF, 0xFF, 0xC0, 0x01, 0xFF, 0xFF, 0x80, 0x00, 0x03, 0xFF,
    0x00, 0x00, 0x01, 0xFF, 0x80, 0x00, 0x00, 0xBF, 0xD0, 0x00, 0x00, 0x3F, 0xF0, 0x00, 0x00, 0x0F,
    0xFC, 0x00, 0x00, 0x03, 0xFF, 0x00, 0x00, 0x01, 0xFF, 0x80, 0x00, 0x00, 0xBF, 0xD0, 0x00, 0x00,
    0x3F, 0xF0, 0x00, 0x00, 0x0F, 0xFC, 0x00, 0x00, 0x03, 0xFE, 0x00, 0x00, 0x01, 0xFF, 0x80, 0x00,
    0x00, 0xBF, 0xD0, 0x00, 0x00, 0x3F, 0xF0, 0x00, 0x00, 0x0F, 0xFC, 0x00, 0x00, 0x07, 0xFE, 0x00,
    0x00, 0x02, 0xFF, 0x40, 0x00, 0x06, 0xFF, 0xF9, 0x00, 0x0B, 0xFF, 0xFF, 0xC0, 0x03, 0xFF, 0xFF,
    0xE0, 0x00, 0x00, 0x0F, 0xFF, 0xFF, 0x03, 0xFF, 0xFF, 0xD0, 0x02, 0xFF, 0xFF, 0xF0, 0x7F, 0xFF,
    0xFC, 0x00, 0x1F, 0xFF, 0xF8, 0x02, 0xFF, 0xFE, 0x00, 0x00, 0x0F, 0xFC, 0x00, 0x03, 0xFF, 0x00,
    0x00, 0x01, 0xFF, 0x80, 0x00, 0x3F, 0xF0, 0x00, 0x00, 0x2F, 0xF4, 0x00, 0x07, 0xFE, 0x00, 0x00,
    0x03, 0xFF, 0x00, 0x00, 0xBF, 0xD0, 0x00, 0x00, 0x3F, 0xF0, 0x00, 0x0F, 0xFC, 0x00, 0x00, 0x03,
    0xFF, 0x00, 0x00, 0xFF, 0xC0, 0x00, 0x00, 0x7F, 0xE0, 0x00, 0x1F, 0xF8, 0x00, 0x00, 0x0B, 0xFD,
    0x00, 0x01, 0xFF, 0x80, 0x00, 0x00, 0xFF, 0xC0, 0x00, 0x2F, 0xF4, 0x00, 0x00, 0x0F, 0xFC, 0x00,
    0x03, 0xFF, 0x00, 0x00, 0x00, 0xFF, 0x80, 0x00, 0x3F, 0xF0, 0x00, 0x00, 0x1F, 0xF8, 0x00, 0x07,
    0xFE, 0x00, 0x00, 0x02, 0xFF, 0x40, 0x00, 0xBF, 0xD0, 0x00, 0x00, 0x3F, 0xF0, 0x00, 0x0B, 0xFC,
    0x00, 0x00, 0x03, 0xFF, 0x00, 0x00, 0xFF, 0xC0, 0x00, 0x00, 0x7F, 0xE0, 0x00, 0x0F, 0xFC, 0x00,
    0x00, 0x0B, 0xFD, 0x00, 0x01, 0xFF, 0x80, 0x00, 0x06, 0xFF, 0xF9, 0x01, 0xBF, 0xFE, 0x40, 0x02,
    0xFF, 0xFF, 0xF0, 0xBF, 0xFF, 0xFC, 0x00, 0x3F, 0xFF, 0xFE, 0x0F, 0xFF, 0xFF, 0x80, 0x00, 0x00,
    0x0F, 0xFF, 0xFF, 0x03, 0xFF, 0xFF, 0xD0, 0xFF, 0xFF, 0xF4, 0x00, 0xBF, 0xFF, 0xFC, 0x1F, 0xFF,
    0xFF, 0x07, 0xFF, 0xFF, 0xC0, 0x01, 0xFF, 0xFF, 0x80, 0x2F, 0xFF, 0xE0, 0x0B, 0xFF, 0xF9, 0x00,
    0x00, 0x3F, 0xF0, 0x00, 0x0F, 0xFC, 0x00, 0x03, 0xFF, 0x00, 0x00, 0x01, 0xFF, 0x80, 0x00, 0x3F,
    0xF0, 0x00, 0x0F, 0xFC, 0x00, 0x00, 0x0B, 0xFD, 0x00, 0x01, 0xFF, 0x80, 0x00, 0x7F, 0xE0, 0x00,
    0x00, 0x3F, 0xF0, 0x00, 0x0B, 0xFD, 0x00, 0x01, 0xFF, 0x40, 0x00, 0x00, 0xFF, 0xC0, 0x00, 0x3F,
    0xF0, 0x00, 0x0B, 0xFD, 0x00, 0x00, 0x03, 0xFF, 0x00, 0x00, 0xFF, 0xC0, 0x00, 0x3F, 0xF0, 0x00,
    0x00, 0x1F, 0xF8, 0x00, 0x07, 0xFE, 0x00, 0x00, 0xFF, 0xC0, 0x00, 0x00, 0xBF, 0xD0, 0x00, 0x1F,
    0xF8, 0x00, 0x07, 0xFE, 0x00, 0x00, 0x03, 0xFF, 0x00, 0x00, 0xBF, 0xD0, 0x00, 0x2F, 0xF4, 0x00,
    0x00, 0x0F, 0xFC, 0x00, 0x03, 0xFF, 0x00, 0x00, 0xFF, 0xC0, 0x00, 0x00, 0x3F, 0xE0, 0x00, 0x0F,
    0xFC, 0x00, 0x03, 0xFF, 0x00, 0x00, 0x01, 0xFF, 0x80, 0x00, 0x7F, 0xE0, 0x00, 0x0F, 0xFC, 0x00,
    0x00, 0x0B, 0xFD, 0x00, 0x02, 0xFF, 0x40, 0x00, 0x7F, 0xE0, 0x00, 0x00, 0x3F, 0xF0, 0x00, 0x0B,
    0xFC, 0x00, 0x02, 0xFF, 0x40, 0x00, 0x00, 0xFF, 0xC0, 0x00, 0x3F, 0xF0, 0x00, 0x0F, 0xFC, 0x00,
    0x00, 0x07, 0xFE, 0x00, 0x00, 0xFF, 0xC0, 0x00, 0x3F, 0xF0, 0x00, 0x00, 0x2F, 0xF4, 0x00, 0x07,
    0xFE, 0x00, 0x01, 0xFF, 0x80, 0x00, 0x06, 0xFF, 0xF9, 0x01, 0xBF, 0xFE, 0x40, 0x6F, 0xFF, 0xE0,
    0x00, 0xBF, 0xFF, 0xFC, 0x2F, 0xFF, 0xFF, 0x07, 0xFF, 0xFF, 0xC0, 0x03, 0xFF, 0xFF, 0xE0, 0xFF,
    0xFF, 0xF8, 0x2F, 0xFF, 0xFF, 0x00, 0x00, 0x00, 0x0F, 0xFF, 0xFF, 0x0F, 0xFF, 0xFF, 0x00, 0xBF,
    0xFF, 0xC0, 0x02, 0xFF, 0xFF, 0xF2, 0xFF, 0xFF, 0xE0, 0x0F, 0xFF, 0xFC, 0x00, 0x1F, 0xFF, 0xF8,
    0x1F, 0xFF, 0xF4, 0x00, 0x7F, 0xFF, 0x00, 0x00, 0x0F, 0xFC, 0x00, 0x1F, 0xF8, 0x00, 0x00, 0xFF,
    0x40, 0x00, 0x01, 0xFF, 0x80, 0x00, 0xFF, 0xC0, 0x00, 0x2F, 0xF0, 0x00, 0x00, 0x2F, 0xF4, 0x00,
    0x0F, 0xFC, 0x00, 0x03, 0xFD, 0x00, 0x00, 0x03, 0xFF, 0x00, 0x00, 0xFF, 0xC0, 0x00, 0xBF, 0x80,
    0x00, 0x00, 0x3F, 0xF0, 0x00, 0x0B, 0xFC, 0x00, 0x0F, 0xF0, 0x00, 0x00, 0x03, 0xFF, 0x00, 0x00,
    0x7F, 0xD0, 0x02, 0xFD, 0x00, 0x00, 0x00, 0x7F, 0xE0, 0x00, 0x07, 0xFD, 0x00, 0x7F, 0xC0, 0x00,
    0x00, 0x0B, 0xFD, 0x00, 0x00, 0x3F, 0xE0, 0x0F, 0xF4, 0x00, 0x00, 0x00, 0xFF, 0xC0, 0x00, 0x03,
    0xFE, 0x01, 0xFE, 0x00, 0x00, 0x00, 0x0F, 0xFC, 0x00, 0x00, 0x2F, 0xE0, 0x3F, 0xC0, 0x00, 0x00,
    0x00, 0xFF, 0x80, 0x00, 0x02, 0xFF, 0x07, 0xF8, 0x00, 0x00, 0x00, 0x1F, 0xF8, 0x00, 0x00, 0x1F,
    0xF0, 0xFF, 0x00, 0x00, 0x00, 0x02, 0xFF, 0x40, 0x00, 0x00, 0xFF, 0x1F, 0xD0, 0x00, 0x00, 0x00,
    0x3F, 0xF0, 0x00, 0x00, 0x0F, 0xF7, 0xFC, 0x00, 0x00, 0x00, 0x03, 0xFF, 0x00, 0x00, 0x00, 0xFF,
    0xFF, 0x00, 0x00, 0x00, 0x00, 0x7F, 0xE0, 0x00, 0x00, 0x0B, 0xFF, 0xE0, 0x00, 0x00, 0x00, 0x0B,
    0xFD, 0x00, 0x00, 0x00, 0x7F, 0xFC, 0x00, 0x00, 0x00, 0x06, 0xFF, 0xF9, 0x00, 0x00, 0x07, 0xFF,
    0x40, 0x00, 0x00, 0x02, 0xFF, 0xFF, 0xF0, 0x00, 0x00, 0x3F, 0xF0, 0x00, 0x00, 0x00, 0x3F, 0xFF,
    0xFE, 0x00, 0x00, 0x03, 0xFD, 0x00, 0x00, 0x00, 0x00, 0x00, 0x00, 0x00, 0x00, 0x00, 0x00, 0x00,
    0x00, 0x00, 0x00, 0x7F, 0xFF, 0xF8, 0x03, 0xFF, 0xFF, 0x2F, 0xFF, 0xFE, 0x01, 0xFF, 0xFF, 0xC7,
    0xFF, 0xFD, 0x00, 0x1F, 0xFF, 0x80, 0x2F, 0xF8, 0x00, 0x01, 0xFF, 0x40, 0x07, 0xFE, 0x00, 0x00,
    0xFF, 0x80, 0x00, 0xFF, 0xC0, 0x00, 0x7F, 0xC0, 0x00, 0x3F, 0xF0, 0x00, 0x3F, 0xE0, 0x00, 0x0F,
    0xFC, 0x00, 0x1F, 0xF0, 0x00, 0x02, 0xFF, 0x00, 0x0F, 0xF4, 0x00, 0x00, 0x7F, 0xC0, 0x07, 0xFC,
    0x00, 0x00, 0x0F, 0xF4, 0x03, 0xFC, 0x00, 0x00, 0x03, 0xFD, 0x01, 0xFE, 0x00, 0x00, 0x00, 0xFF,
    0x80, 0xFF, 0x00, 0x00, 0x00, 0x2F, 0xE0, 0xBF, 0x40, 0x00, 0x00, 0x0B, 0xFC, 0x3F, 0xC0, 0x00,
    0x00, 0x01, 0xFF, 0x2F, 0xD0, 0x00, 0x00, 0x00, 0x3F, 0xCF, 0xE0, 0x00, 0x00, 0x00, 0x0F, 0xFF,
    0xF0, 0x00, 0x00, 0x00, 0x03, 0xFF, 0xF8, 0x00, 0x00, 0x00, 0x00, 0xBF, 0xFC, 0x00, 0x00, 0x00,
    0x00, 0x1F, 0xFD, 0x00, 0x00, 0x00, 0x00, 0x07, 0xFF, 0x00, 0x00, 0x00, 0x00, 0x00, 0xFF, 0x00,
    0x00, 0x00, 0x00, 0x00, 0x00, 0x00, 0x00, 0x00, 0x00, 0x7F, 0xFF, 0xF8, 0x03, 0xFF, 0xFF, 0x0F,
    0xFF, 0xFF, 0x6F, 0xFF, 0xFE, 0x01, 0xFF, 0xFF, 0xC7, 0xFF, 0xFF, 0xC7, 0xFF, 0xFD, 0x00, 0x1F,
    0xFF, 0x80, 0xBF, 0xFF, 0x80, 0x2F, 0xF8, 0x00, 0x01, 0xFF, 0x40, 0x03, 0xFF, 0x00, 0x07, 0xFE,
    0x00, 0x00, 0xFF, 0x80, 0x00, 0xFF, 0xC0, 0x00, 0xFF, 0xC0, 0x00, 0x7F, 0xC0, 0x00, 0x7F, 0xE0,
    0x00, 0x3F, 0xF0, 0x00, 0x3F, 0xE0, 0x00, 0x2F, 0xF4, 0x00, 0x0F, 0xFC, 0x00, 0x1F, 0xF0, 0x00,
    0x0F, 0xFC, 0x00, 0x02, 0xFF, 0x00, 0x0F, 0xF4, 0x00, 0x03, 0xFF, 0x00, 0x00, 0x7F, 0xC0, 0x07,
    0xFC, 0x00, 0x01, 0xFF, 0x80, 0x00, 0x0F, 0xF4, 0x03, 0xFC, 0x00, 0x00, 0x7F, 0xD0, 0x00, 0x03,
    0xFD, 0x01, 0xFE, 0x00, 0x00, 0x2F, 0xF4, 0x00, 0x00, 0xFF, 0x80, 0xFF, 0x00, 0x00, 0x0F, 0xFC,
    0x00, 0x00, 0x2F, 0xE0, 0xBF, 0x40, 0x00, 0x03, 0xFF, 0x00, 0x00, 0x0B, 0xFC, 0x3F, 0xC0, 0x00,
    0x01, 0xFF, 0x80, 0x00, 0x01, 0xFF, 0x2F, 0xD0, 0x00, 0x00, 0xBF, 0xD0, 0x00, 0x00, 0x3F, 0xCF,
    0xE0, 0x00, 0x00, 0x3F, 0xF0, 0x00, 0x00, 0x0F, 0xFF, 0xF0, 0x00, 0x00, 0x0F, 0xFC, 0x00, 0x00,
    0x03, 0xFF, 0xF8, 0x00, 0x00, 0x03, 0xFF, 0x00, 0x00, 0x00, 0xBF, 0xFC, 0x00, 0x00, 0x01, 0xFF,
    0x80, 0x00, 0x00, 0x1F, 0xFD, 0x00, 0x00, 0x06, 0xFF, 0xF9, 0x00, 0x00, 0x07, 0xFF, 0x00, 0x00,
    0x0B, 0xFF, 0xFF, 0xC0, 0x00, 0x00, 0xFF, 0x00, 0x00, 0x03, 0xFF, 0xFF, 0xE0, 0x00, 0x00, 0x00,
    0x00, 0x00, 0x00, 0x00, 0x00, 0x00, 0x00, 0x7F, 0xFF, 0xF8, 0x03, 0xFF, 0xFF, 0x0F, 0xFF, 0xFF,
    0x43, 0xFF, 0xFF, 0xDB, 0xFF, 0xFF, 0x80, 0x7F, 0xFF, 0xF1, 0xFF, 0xFF, 0xF0, 0x7F, 0xFF, 0xFC,
    0x7F, 0xFF, 0xD0, 0x01, 0xFF, 0xF8, 0x0B, 0xFF, 0xF8, 0x02, 0xFF, 0xFE, 0x40, 0xBF, 0xE0, 0x00,
    0x07, 0xFD, 0x00, 0x0F, 0xFC, 0x00, 0x03, 0xFF, 0x00, 0x07, 0xFE, 0x00, 0x00, 0xFF, 0x80, 0x00,
    0xFF, 0xC0, 0x00, 0x3F, 0xF0, 0x00, 0x3F, 0xF0, 0x00, 0x1F, 0xF0, 0x00, 0x1F, 0xF8, 0x00, 0x07,
    0xFE, 0x00, 0x03, 0xFF, 0x00, 0x03, 0xFE, 0x00, 0x02, 0xFF, 0x40, 0x00, 0xBF, 0xD0, 0x00, 0x3F,
    0xF0, 0x00, 0x7F, 0xC0, 0x00, 0x3F, 0xF0, 0x00, 0x0B, 0xFD, 0x00, 0x02, 0xFF, 0x00, 0x0F, 0xF4,
    0x00, 0x03, 0xFF, 0x00, 0x00, 0xFF, 0xC0, 0x00, 0x1F, 0xF0, 0x01, 0xFF, 0x00, 0x00, 0x7F, 0xE0,
    0x00, 0x0F, 0xFC, 0x00, 0x00, 0xFF, 0x40, 0x3F, 0xC0, 0x00, 0x07, 0xFD, 0x00, 0x01, 0xFF, 0x80,
    0x00, 0x0F, 0xF4, 0x07, 0xF8, 0x00, 0x00, 0xBF, 0xD0, 0x00, 0x2F, 0xF4, 0x00, 0x00, 0xFF, 0x80,
    0xFF, 0x00, 0x00, 0x0F, 0xFC, 0x00, 0x03, 0xFF, 0x00, 0x00, 0x0B, 0xF8, 0x2F, 0xD0, 0x00, 0x00,
    0xFF, 0xC0, 0x00, 0x3F, 0xF0, 0x00, 0x00, 0xBF, 0xC3, 0xFC, 0x00, 0x00, 0x1F, 0xF8, 0x00, 0x03,
    0xFF, 0x00, 0x00, 0x07, 0xFC, 0xBF, 0x40, 0x00, 0x02, 0xFF, 0x40, 0x00, 0x7F, 0xE0, 0x00, 0x00,
    0x3F, 0xCF, 0xE0, 0x00, 0x00, 0x3F, 0xF0, 0x00, 0x0B, 0xFD, 0x00, 0x00, 0x03, 0xFF, 0xFC, 0x00,
    0x00, 0x03, 0xFF, 0x00, 0x00, 0xFF, 0xC0, 0x00, 0x00, 0x3F, 0xFF, 0x80, 0x00, 0x00, 0x3F, 0xF0,
    0x00, 0x0F, 0xFC, 0x00, 0x00, 0x02, 0xFF, 0xF0, 0x00, 0x00, 0x07, 0xFE, 0x00, 0x01, 0xFF, 0x80,
    0x00, 0x00, 0x1F, 0xFD, 0x00, 0x00, 0x06, 0xFF, 0xF9, 0x01, 0xBF, 0xFF, 0x80, 0x00, 0x01, 0xFF,
    0xC0, 0x00, 0x02, 0xFF, 0xFF, 0xF0, 0x7F, 0xFF, 0xFC, 0x00, 0x00, 0x0F, 0xF0, 0x00, 0x00, 0x3F,
    0xFF, 0xFE, 0x0B, 0xFF, 0xFF, 0xC0, 0x00, 0x00, 0x00, 0x00, 0x00, 0x00, 0x00, 0x00, 0x00, 0x00,
    0x00, 0x00, 0x00, 0x7F, 0xFF, 0xF8, 0x03, 0xFF, 0xFF, 0x0F, 0xFF, 0xFF, 0x43, 0xFF, 0xFF, 0xD0,
    0xBF, 0xFF, 0xFA, 0xFF, 0xFF, 0xE0, 0x1F, 0xFF, 0xFC, 0x7F, 0xFF, 0xFC, 0x1F, 0xFF, 0xFF, 0x03,
    0xFF, 0xFF, 0xD7, 0xFF, 0xFD, 0x00, 0x1F, 0xFF, 0x80, 0xBF, 0xFF, 0x80, 0x2F, 0xFF, 0xE4, 0x0B,
    0xFF, 0xF9, 0x02, 0xFF, 0x80, 0x00, 0x1F, 0xF4, 0x00, 0x3F, 0xF0, 0x00, 0x0F, 0xFC, 0x00, 0x02,
    0xFF, 0x40, 0x07, 0xFE, 0x00, 0x00, 0xFF, 0x80, 0x00, 0xFF, 0xC0, 0x00, 0x3F, 0xF0, 0x00, 0x0F,
    0xFC, 0x00, 0x0F, 0xFC, 0x00, 0x07, 0xFC, 0x00, 0x07, 0xFE, 0x00, 0x01, 0xFF, 0x80, 0x00, 0x3F,
    0xF0, 0x00, 0x3F, 0xF0, 0x00, 0x3F, 0xE0, 0x00, 0x2F, 0xF4, 0x00, 0x0B, 0xFD, 0x00, 0x01, 0xFF,
    0x80, 0x00, 0xFF, 0xC0, 0x01, 0xFF, 0x00, 0x00, 0xFF, 0xC0, 0x00, 0x2F, 0xF4, 0x00, 0x0B, 0xFD,
    0x00, 0x02, 0xFF, 0x00, 0x0F, 0xF4, 0x00, 0x03, 0xFF, 0x00, 0x00, 0xFF, 0xC0, 0x00, 0x3F, 0xF0,
    0x00, 0x07, 0xFC, 0x00, 0x7F, 0xC0, 0x00, 0x1F, 0xF8, 0x00, 0x03, 0xFF, 0x00, 0x00, 0xFF, 0xC0,
    0x00, 0x0F, 0xF4, 0x03, 0xFC, 0x00, 0x00, 0x7F, 0xD0, 0x00, 0x1F, 0xF8, 0x00, 0x03, 0xFF, 0x00,
    0x00, 0x3F, 0xD0, 0x1F, 0xE0, 0x00, 0x02, 0xFF, 0x40, 0x00, 0xBF, 0xD0, 0x00, 0x1F, 0xF8, 0x00,
    0x00, 0xFF, 0x80, 0xFF, 0x00, 0x00, 0x0F, 0xFC, 0x00, 0x03, 0xFF, 0x00, 0x00, 0xBF, 0xD0, 0x00,
    0x02, 0xFE, 0x0B, 0xF4, 0x00, 0x00, 0x3F, 0xF0, 0x00, 0x0F, 0xFC, 0x00, 0x03, 0xFF, 0x00, 0x00,
    0x0B, 0xFC, 0x3F, 0xC0, 0x00, 0x01, 0xFF, 0x80, 0x00, 0x3F, 0xF0, 0x00, 0x0F, 0xFC, 0x00, 0x00,
    0x1F, 0xF2, 0xFD, 0x00, 0x00, 0x0B, 0xFD, 0x00, 0x01, 0xFF, 0x80, 0x00, 0x7F, 0xE0, 0x00, 0x00,
    0x3F, 0xCF, 0xE0, 0x00, 0x00, 0x3F, 0xF0, 0x00, 0x0B, 0xFD, 0x00, 0x01, 0xFF, 0x40, 0x00, 0x00,
    0xFF, 0xFF, 0x00, 0x00, 0x00, 0xFF, 0xC0, 0x00, 0x3F, 0xF0, 0x00, 0x0B, 0xFD, 0x00, 0x00, 0x03,
    0xFF, 0xF8, 0x00, 0x00, 0x03, 0xFF, 0x00, 0x00, 0xFF, 0xC0, 0x00, 0x3F, 0xF0, 0x00, 0x00, 0x0B,
    0xFF, 0xC0, 0x00, 0x00, 0x1F, 0xF8, 0x00, 0x07, 0xFE, 0x00, 0x00, 0xFF, 0xC0, 0x00, 0x00, 0x1F,
    0xFD, 0x00, 0x00, 0x06, 0xFF, 0xF9, 0x01, 0xBF, 0xFF, 0x80, 0x2F, 0xFF, 0xE0, 0x00, 0x00, 0x7F,
    0xF0, 0x00, 0x00, 0xBF, 0xFF, 0xFC, 0x1F, 0xFF, 0xFF, 0x07, 0xFF, 0xFF, 0xD0, 0x00, 0x00, 0xFF,
    0x00, 0x00, 0x03, 0xFF, 0xFF, 0xE0, 0xBF, 0xFF, 0xFC, 0x2F, 0xFF, 0xFF, 0x00, 0x00, 0x00, 0x00,
    0x00, 0x00, 0x00, 0x00, 0x00, 0x00, 0x00, 0x00, 0x00, 0x00, 0x00, 0x00, 0x00, 0x00, 0x0F, 0xFF,
    0xFF, 0x2F, 0xFF, 0xFC, 0x0B, 0xFF, 0xFC, 0x00, 0x2F, 0xFF, 0xFF, 0x3F, 0xFF, 0xFC, 0x0F, 0xFF,
    0xF8, 0x00, 0x1F, 0xFF, 0xF8, 0x1F, 0xFF, 0xE0, 0x07, 0xFF, 0xD0, 0x00, 0x00, 0xFF, 0xC0, 0x01,
    0xFF, 0xC0, 0x03, 0xFD, 0x00, 0x00, 0x01, 0xFF, 0x80, 0x00, 0xFF, 0xD0, 0x0B, 0xF8, 0x00, 0x00,
    0x02, 0xFF, 0x40, 0x00, 0x7F, 0xE0, 0x2F, 0xE0, 0x00, 0x00, 0x03, 0xFF, 0x00, 0x00, 0x3F, 0xF0,
    0x7F, 0x80, 0x00, 0x00, 0x03, 0xFF, 0x00, 0x00, 0x1F, 0xF9, 0xFF, 0x00, 0x00, 0x00, 0x03, 0xFF,
    0x00, 0x00, 0x0F, 0xFF, 0xFC, 0x00, 0x00, 0x00, 0x07, 0xFE, 0x00, 0x00, 0x07, 0xFF, 0xF0, 0x00,
    0x00, 0x00, 0x0B, 0xFD, 0x00, 0x00, 0x03, 0xFF, 0xC0, 0x00, 0x00, 0x00, 0x0F, 0xFC, 0x00, 0x00,
    0x02, 0xFF, 0x80, 0x00, 0x00, 0x00, 0x0F, 0xFC, 0x00, 0x00, 0x07, 0xFF, 0xC0, 0x00, 0x00, 0x00,
    0x0F, 0xF8, 0x00, 0x00, 0x1F, 0xFF, 0xD0, 0x00, 0x00, 0x00, 0x1F, 0xF8, 0x00, 0x00, 0x7F, 0xBF,
    0xF0, 0x00, 0x00, 0x00, 0x2F, 0xF4, 0x00, 0x00, 0xFF, 0x2F, 0xF4, 0x00, 0x00, 0x00, 0x3F, 0xF0,
    0x00, 0x03, 0xFC, 0x0F, 0xFC, 0x00, 0x00, 0x00, 0x3F, 0xF0, 0x00, 0x0F, 0xF0, 0x0B, 0xFD, 0x00,
    0x00, 0x00, 0x7F, 0xE0, 0x00, 0x3F, 0xD0, 0x03, 0xFF, 0x00, 0x00, 0x00, 0xBF, 0xD0, 0x00, 0xFF,
    0x80, 0x02, 0xFF, 0x40, 0x00, 0x06, 0xFF, 0xF9, 0x07, 0xFF, 0x90, 0x07, 0xFF, 0xF8, 0x00, 0x2F,
    0xFF, 0xFF, 0x3F, 0xFF, 0xF4, 0x3F, 0xFF, 0xFC, 0x00, 0x3F, 0xFF, 0xFE, 0x7F, 0xFF, 0xF0, 0x3F,
    0xFF, 0xFC, 0x00, 0x00, 0x2F, 0xFF, 0xFC, 0x0F, 0xFF, 0xF8, 0x00, 0xFF, 0xFF, 0xE0, 0x7F, 0xFF,
    0xD0, 0x02, 0xFF, 0xFD, 0x00, 0x7F, 0xF9, 0x00, 0x00, 0xBF, 0xE0, 0x00, 0xFF, 0x40, 0x00, 0x00,
    0xFF, 0xC0, 0x0F, 0xF4, 0x00, 0x00, 0x02, 0xFF, 0x80, 0xBF, 0x40, 0x00, 0x00, 0x03, 0xFF, 0x0B,
    0xF8, 0x00, 0x00, 0x00, 0x0B, 0xFD, 0x7F, 0x80, 0x00, 0x00, 0x00, 0x0F, 0xFF, 0xF8, 0x00, 0x00,
    0x00, 0x00, 0x2F, 0xFF, 0xC0, 0x00, 0x00, 0x00, 0x00, 0x3F, 0xFC, 0x00, 0x00, 0x00, 0x00, 0x00,
    0xFF, 0xD0, 0x00, 0x00, 0x00, 0x00, 0x0B, 0xFF, 0xC0, 0x00, 0x00, 0x00, 0x00, 0xBF, 0xFF, 0x40,
    0x00, 0x00, 0x00, 0x07, 0xFB, 0xFF, 0x00, 0x00, 0x00, 0x00, 0x7F, 0x8B, 0xFD, 0x00, 0x00, 0x00,
    0x07, 0xFC, 0x0F, 0xFC, 0x00, 0x00, 0x00, 0x3F, 0xC0, 0x3F, 0xF4, 0x00, 0x00, 0x03, 0xFD, 0x00,
    0x7F, 0xF0, 0x00, 0x00, 0x3F, 0xD0, 0x00, 0xFF, 0xD0, 0x00, 0x0B, 0xFF, 0x90, 0x07, 0xFF, 0xE4,
    0x00, 0xFF, 0xFF, 0xD0, 0xFF, 0xFF, 0xF0, 0x07, 0xFF, 0xFF, 0x07, 0xFF, 0xFF, 0x80, 0x00, 0x00,
    0x2F, 0xFF, 0xFC, 0x0F, 0xFF, 0xF8, 0x3F, 0xFF, 0xFC, 0x00, 0x3F, 0xFF, 0xF8, 0x1F, 0xFF, 0xF4,
    0xBF, 0xFF, 0xFC, 0x00, 0x2F, 0xFF, 0xD0, 0x07, 0xFF, 0x90, 0x7F, 0xFF, 0xE0, 0x00, 0x02, 0xFF,
    0x80, 0x03, 0xFD, 0x00, 0x03, 0xFF, 0x00, 0x00, 0x00, 0xFF, 0xC0, 0x0F, 0xF4, 0x00, 0x07, 0xFE,
    0x00, 0x00, 0x00, 0xBF, 0xE0, 0x2F, 0xD0, 0x00, 0x0B, 0xFD, 0x00, 0x00, 0x00, 0x3F, 0xF0, 0xBF,
    0x80, 0x00, 0x0F, 0xFC, 0x00, 0x00, 0x00, 0x2F, 0xF5, 0xFE, 0x00, 0x00, 0x0F, 0xFC, 0x00, 0x00,
    0x00, 0x0F, 0xFF, 0xF8, 0x00, 0x00, 0x0F, 0xFC, 0x00, 0x00, 0x00, 0x0B, 0xFF, 0xF0, 0x00, 0x00,
    0x1F, 0xF8, 0x00, 0x00, 0x00, 0x03, 0xFF, 0xC0, 0x00, 0x00, 0x2F, 0xF4, 0x00, 0x00, 0x00, 0x03,
    0xFF, 0x40, 0x00, 0x00, 0x3F, 0xF0, 0x00, 0x00, 0x00, 0x0B, 0xFF, 0xC0, 0x00, 0x00, 0x3F, 0xF0,
    0x00, 0x00, 0x00, 0x2F, 0xFF, 0xD0, 0x00, 0x00, 0x7F, 0xE0, 0x00, 0x00, 0x00, 0x7F, 0xBF, 0xF0,
    0x00, 0x00, 0x7F, 0xE0, 0x00, 0x00, 0x01, 0xFE, 0x2F, 0xF4, 0x00, 0x00, 0xBF, 0xD0, 0x00, 0x00,
    0x07, 0xFC, 0x0F, 0xFC, 0x00, 0x00, 0xFF, 0xC0, 0x00, 0x00, 0x0F, 0xF0, 0x0F, 0xFD, 0x00, 0x00,
    0xFF, 0xC0, 0x00, 0x00, 0x3F, 0xD0, 0x07, 0xFF, 0x00, 0x01, 0xFF, 0x80, 0x00, 0x00, 0xFF, 0x40,
    0x03, 0xFF, 0x40, 0x02, 0xFF, 0x40, 0x00, 0x0B, 0xFF, 0x90, 0x07, 0xFF, 0xE4, 0x1B, 0xFF, 0xE4,
    0x00, 0x3F, 0xFF, 0xF4, 0x3F, 0xFF, 0xFC, 0xBF, 0xFF, 0xFC, 0x00, 0x7F, 0xFF, 0xF0, 0x7F, 0xFF,
    0xF8, 0xFF, 0xFF, 0xF8, 0x00, 0x00, 0x2F, 0xFF, 0xFC, 0x0F, 0xFF, 0xF8, 0x3F, 0xFF, 0xFC, 0x0F,
    0xFF, 0xFF, 0x40, 0x0F, 0xFF, 0xFE, 0x07, 0xFF, 0xFD, 0x2F, 0xFF, 0xFF, 0x07, 0xFF, 0xFF, 0xC0,
    0x02, 0xFF, 0xFD, 0x00, 0x7F, 0xF9, 0x07, 0xFF, 0xFE, 0x00, 0xBF, 0xFF, 0x80, 0x00, 0x0B, 0xFE,
    0x00, 0x0F, 0xF4, 0x00, 0x0F, 0xFC, 0x00, 0x03, 0xFF, 0x00, 0x00, 0x00, 0xFF, 0xC0, 0x0F, 0xF4,
    0x00, 0x07, 0xFE, 0x00, 0x00, 0xFF, 0x80, 0x00, 0x00, 0x2F, 0xF8, 0x0B, 0xF4, 0x00, 0x02, 0xFF,
    0x40, 0x00, 0x7F, 0xE0, 0x00, 0x00, 0x03, 0xFF, 0x0B, 0xF8, 0x00, 0x00, 0xFF, 0xC0, 0x00, 0x2F,
    0xF4, 0x00, 0x00, 0x00, 0xBF, 0xD7, 0xF8, 0x00, 0x00, 0x3F, 0xF0, 0x00, 0x0F, 0xFC, 0x00, 0x00,
    0x00, 0x0F, 0xFF, 0xF8, 0x00, 0x00, 0x0F, 0xFC, 0x00, 0x03, 0xFF, 0x00, 0x00, 0x00, 0x02, 0xFF,
    0xFC, 0x00, 0x00, 0x07, 0xFE, 0x00, 0x01, 0xFF, 0x80, 0x00, 0x00, 0x00, 0x3F, 0xFC, 0x00, 0x00,
    0x02, 0xFF, 0x40, 0x00, 0x7F, 0xD0, 0x00, 0x00, 0x00, 0x0F, 0xFD, 0x00, 0x00, 0x00, 0xFF, 0xC0,
    0x00, 0x2F, 0xF4, 0x00, 0x00, 0x00, 0x0B, 0xFF, 0xC0, 0x00, 0x00, 0x3F, 0xF0, 0x00, 0x0F, 0xFC,
    0x00, 0x00, 0x00, 0x0B, 0xFF, 0xF4, 0x00, 0x00, 0x1F, 0xF8, 0x00, 0x03, 0xFF, 0x00, 0x00, 0x00,
    0x07, 0xFB, 0xFF, 0x00, 0x00, 0x07, 0xFE, 0x00, 0x01, 0xFF, 0x80, 0x00, 0x00, 0x07, 0xF8, 0xBF,
    0xD0, 0x00, 0x02, 0xFF, 0x40, 0x00, 0xBF, 0xD0, 0x00, 0x00, 0x07, 0xFC, 0x0F, 0xFC, 0x00, 0x00,
    0xFF, 0xC0, 0x00, 0x3F, 0xF0, 0x00, 0x00, 0x03, 0xFC, 0x03, 0xFF, 0x40, 0x00, 0x3F, 0xF0, 0x00,
    0x0F, 0xFC, 0x00, 0x00, 0x03, 0xFD, 0x00, 0x7F, 0xF0, 0x00, 0x1F, 0xF8, 0x00, 0x03, 0xFF, 0x00,
    0x00, 0x03, 0xFD, 0x00, 0x0F, 0xFD, 0x00, 0x0B, 0xFD, 0x00, 0x01, 0xFF, 0x80, 0x00, 0x0B, 0xFF,
    0x90, 0x07, 0xFF, 0xE4, 0x1B, 0xFF, 0xE4, 0x06, 0xFF, 0xF9, 0x00, 0x0F, 0xFF, 0xFD, 0x0F, 0xFF,
    0xFF, 0x2F, 0xFF, 0xFF, 0x0B, 0xFF, 0xFF, 0xC0, 0x07, 0xFF, 0xFF, 0x07, 0xFF, 0xFF, 0x8F, 0xFF,
    0xFF, 0x83, 0xFF, 0xFF, 0xE0, 0x00, 0x00, 0x0F, 0xFF, 0xFF, 0x00, 0x00, 0x2F, 0xFF, 0xFE, 0x00,
    0x00, 0x1F, 0xFF, 0xF8, 0x00, 0x00, 0x00, 0xFF, 0xC0, 0x00, 0x00, 0x01, 0xFF, 0x80, 0x00, 0x00,
    0x02, 0xFF, 0x40, 0x00, 0x00, 0x03, 0xFF, 0x00, 0x00, 0x00, 0x03, 0xFF, 0x00, 0x00, 0x00, 0x07,
    0xFE, 0x00, 0x00, 0x00, 0x07, 0xFD, 0x00, 0x00, 0x00, 0x0B, 0xFD, 0x00, 0x00, 0x00, 0x0F, 0xFC,
    0x00, 0x00, 0x00, 0x0F, 0xFC, 0x00, 0x00, 0x00, 0x1F, 0xF8, 0x00, 0x00, 0x00, 0x2F, 0xF4, 0x00,
    0x00, 0x00, 0x3F, 0xF0, 0x00, 0x19, 0x00, 0x3F, 0xF0, 0x00, 0x3F, 0x00, 0x3F, 0xF0, 0x00, 0x7F,
    0x00, 0x7F, 0xE0, 0x00, 0xFE, 0x00, 0xBF, 0xD0, 0x06, 0xFD, 0x07, 0xFF, 0xFF, 0xFF, 0xFC, 0x2F,
    0xFF, 0xFF, 0xFF, 0xF8, 0x3F, 0xFF, 0xFF, 0xFF, 0xF0, 0x00, 0x00, 0x00, 0x55, 0x00, 0x00, 0x00,
    0x1B, 0xFF, 0xFE, 0x40, 0x00, 0x3F, 0xFF, 0xFF, 0xF4, 0x00, 0x7F, 0xFF, 0xFF, 0xFC, 0x00, 0xBF,
    0xFE, 0x41, 0xFF, 0x00, 0x7F, 0xF4, 0x00, 0x2F, 0xC0, 0x3F, 0xF0, 0x00, 0x0B, 0xE0, 0x3F, 0xF4,
    0x00, 0x03, 0xF0, 0x1F, 0xF8, 0x00, 0x00, 0x50, 0x0F, 0xFD, 0x00, 0x00, 0x00, 0x03, 0xFF, 0x00,
    0x00, 0x00, 0x01, 0xFF, 0x80, 0x00, 0x00, 0x00, 0xBF, 0xE0, 0x00, 0x00, 0x00, 0x3F, 0xF8, 0x00,
    0x00, 0x00, 0x0F, 0xFE, 0x00, 0x00, 0x00, 0x03, 0xFF, 0x80, 0x00, 0x00, 0x00, 0xFF, 0xF0, 0x00,
    0x00, 0x00, 0x2F, 0xFC, 0x00, 0x00, 0x08, 0x0B, 0xFF, 0xC0, 0x00, 0x1F, 0x00, 0xFF, 0xFD, 0x00,
    0x6F, 0xC0, 0x3F, 0xFF, 0xFF, 0xFF, 0xF0, 0x03, 0xFF, 0xFF, 0xFF, 0xF0, 0x00, 0x3F, 0xFF, 0xFF,
    0xE0, 0x00, 0x01, 0xFF, 0xFF, 0x80, 0x00, 0x00, 0x00, 0x54, 0x00, 0x00, 0x00, 0x00, 0x00, 0x05,
    0x55, 0x40, 0x00, 0x00, 0x00, 0xBF, 0xFF, 0xFF, 0xD0, 0x00, 0x00, 0x7F, 0xFF, 0xFF, 0xFF, 0xD0,
    0x00, 0x0B, 0xFF, 0xFF, 0xFF, 0xFF, 0x80, 0x00, 0x65, 0xFF, 0x81, 0xBF, 0xFD, 0x00, 0x00, 0x1F,
    0xF4, 0x01, 0xFF, 0xF0, 0x00, 0x02, 0xFF, 0x00, 0x03, 0xFF, 0x40, 0x00, 0x3F, 0xF0, 0x00, 0x2F,
    0xFC, 0x00, 0x03, 0xFF, 0x00, 0x01, 0xFF, 0xC0, 0x00, 0x7F, 0xE0, 0x00, 0x0F, 0xFC, 0x00, 0x07,
    0xFD, 0x00, 0x00, 0xFF, 0xC0, 0x00, 0xBF, 0xC0, 0x00, 0x0F, 0xFC, 0x00, 0x0F, 0xFC, 0x00, 0x00,
    0xFF, 0xC0, 0x00, 0xFF, 0xC0, 0x00, 0x1F, 0xFC, 0x00, 0x1F, 0xF8, 0x00, 0x02, 0xFF, 0x80, 0x02,
    0xFF, 0x40, 0x00, 0x3F, 0xF4, 0x00, 0x2F, 0xF0, 0x00, 0x07, 0xFF, 0x00, 0x03, 0xFF, 0x00, 0x00,
    0xFF, 0xD0, 0x00, 0x3F, 0xF0, 0x00, 0x3F, 0xF8, 0x00, 0x07, 0xFE, 0x00, 0x1F, 0xFF, 0x00, 0x00,
    0xBF, 0xE5, 0x6F, 0xFF, 0xC0, 0x00, 0x7F, 0xFF, 0xFF, 0xFF, 0xE0, 0x00, 0x2F, 0xFF, 0xFF, 0xFF,
    0xE0, 0x00, 0x03, 0xFF, 0xFF, 0xFF, 0x90, 0x00, 0x00, 0x00, 0x00, 0x00, 0x00, 0x00, 0x00, 0x00,
    0x00, 0x01, 0xFF, 0xFF, 0x00, 0x00, 0xBF, 0xFF, 0x00, 0x00, 0xBF, 0xFF, 0xC0, 0x00, 0x7F, 0xFF,
    0xC0, 0x00, 0x0B, 0xFF, 0xF0, 0x00, 0x3F, 0xFF, 0x80, 0x00, 0x00, 0xBF, 0xFD, 0x00, 0x1F, 0xFF,
    0x40, 0x00, 0x00, 0x3F, 0xFF, 0x40, 0x0F, 0xFF, 0xD0, 0x00, 0x00, 0x1F, 0xFF, 0xD0, 0x07, 0xFF,
    0xF4, 0x00, 0x00, 0x0B, 0xFB, 0xF8, 0x03, 0xF7, 0xFC, 0x00, 0x00, 0x03, 0xFA, 0xFE, 0x01, 0xFC,
    0xFF, 0x00, 0x00, 0x00, 0xFC, 0x7F, 0xC0, 0xFD, 0x3F, 0xC0, 0x00, 0x00, 0xBF, 0x1F, 0xF0, 0xBF,
    0x1F, 0xF0, 0x00, 0x00, 0x3F, 0x83, 0xFC, 0x3F, 0x07, 0xFC, 0x00, 0x00, 0x0F, 0xD0, 0xFF, 0x6F,
    0x82, 0xFF, 0x00, 0x00, 0x07, 0xF0, 0x3F, 0xEF, 0xC0, 0xBF, 0xC0, 0x00, 0x03, 0xFC, 0x0B, 0xFF,
    0xE0, 0x2F, 0xF0, 0x00, 0x00, 0xFD, 0x01, 0xFF, 0xF0, 0x0F, 0xF8, 0x00, 0x00, 0x7F, 0x00, 0x7F,
    0xF8, 0x03, 0xFE, 0x00, 0x00, 0x2F, 0xC0, 0x0F, 0xFC, 0x00, 0xFF, 0x80, 0x00, 0x0F, 0xE0, 0x03,
    0xFD, 0x00, 0x3F, 0xE0, 0x00, 0x07, 0xF4, 0x00, 0xBF, 0x00, 0x0F, 0xF8, 0x00, 0x02, 0xFC, 0x00,
    0x2F, 0x40, 0x03, 0xFD, 0x00, 0x06, 0xFF, 0x90, 0x00, 0x00, 0x1B, 0xFF, 0xF4, 0x0B, 0xFF, 0xFC,
    0x00, 0x00, 0x1F, 0xFF, 0xFE, 0x03, 0xFF, 0xFF, 0x00, 0x00, 0x0B, 0xFF, 0xFF, 0x40, 0x00, 0x00,
    0x00, 0x01, 0xFD, 0x00, 0x3F, 0xF0, 0x0B, 0xFF, 0x00, 0xBF, 0xD0, 0x07, 0xF8, 0x00, 0x00, 0x00,
    0x00, 0x00, 0x00, 0x68, 0x02, 0xFF, 0xF0, 0xBF, 0xFF, 0x0A, 0xBF, 0xE0, 0x02, 0xFD, 0x00, 0x3F,
    0xC0, 0x07, 0xFC, 0x00, 0xBF, 0x80, 0x0F, 0xF4, 0x00, 0xFF, 0x00, 0x1F, 0xF0, 0x03, 0xFE, 0x00,
    0x3F, 0xD0, 0x07, 0xFC, 0x24, 0x7F, 0xEF, 0x8B, 0xFF, 0xF4, 0xBF, 0xFE, 0x03, 0xFE, 0x40, 0x05,
    0x00, 0x00, 0x00, 0x00, 0x00, 0x00, 0x00, 0x00, 0x07, 0xF4, 0x00, 0x2F, 0xC0, 0x03, 0xFF, 0x00,
    0x2F, 0xF4, 0x02, 0xFF, 0xC0, 0x0F, 0xFD, 0x00, 0xBF, 0xD0, 0x03, 0xFF, 0x00, 0x1F, 0xE0, 0x00,
    0xBF, 0x40, 0x00, 0x00, 0x00, 0x00, 0x00, 0x00, 0x00, 0x00, 0x00, 0x00, 0x00, 0x68, 0x00, 0x05,
    0x90, 0x0B, 0xFF, 0xC0, 0x7F, 0xFD, 0x0B, 0xFF, 0xF0, 0x3F, 0xFF, 0x82, 0xAF, 0xF8, 0x0A, 0xBF,
    0xD0, 0x02, 0xFD, 0x00, 0x0F, 0xF0, 0x00, 0xFF, 0x00, 0x07, 0xFC, 0x00, 0x7F, 0xC0, 0x02, 0xFE,
    0x00, 0x2F, 0xE0, 0x00, 0xFF, 0x40, 0x0F, 0xF4, 0x00, 0x7F, 0xC0, 0x03, 0xFC, 0x00, 0x2F, 0xF0,
    0x01, 0xFF, 0x00, 0x0F, 0xF4, 0x00, 0xFF, 0x80, 0x03, 0xFC, 0x00, 0x3F, 0xD0, 0x01, 0xFF, 0x00,
    0x1F, 0xF0, 0x90, 0xBF, 0x83, 0x07, 0xFE, 0xF8, 0x3F, 0xFB, 0xD2, 0xFF, 0xFD, 0x0F, 0xFF, 0xF0,
    0xBF, 0xFE, 0x03, 0xFF, 0xF4, 0x0F, 0xF9, 0x00, 0x7F, 0xE0, 0x00, 0x50, 0x00, 0x01, 0x00, 0x00,
    0x00, 0x00, 0x00, 0x00, 0x00, 0x00, 0x00, 0x00, 0x00, 0x1F, 0xD0, 0x00, 0xBF, 0x00, 0x03, 0xF8,
    0x00, 0x3F, 0xF0, 0x02, 0xFF, 0x40, 0x0F, 0xFC, 0x00, 0xBF, 0xF0, 0x03, 0xFF, 0x40, 0x1F, 0xFC,
    0x00, 0xBF, 0xD0, 0x03, 0xFF, 0x00, 0x1F, 0xF8, 0x00, 0x7F, 0x80, 0x02, 0xFD, 0x00, 0x0F, 0xF0,
    0x00, 0x00, 0x00, 0x00, 0x00, 0x00, 0x00, 0x00, 0x00, 0x00, 0x00, 0x00, 0x00, 0x00, 0x00, 0x00,
    0x00, 0x68, 0x00, 0x05, 0x90, 0x00, 0x16, 0x40, 0x2F, 0xFF, 0x01, 0xFF, 0xF4, 0x0B, 0xFF, 0xC0,
    0xBF, 0xFF, 0x03, 0xFF, 0xF8, 0x1F, 0xFF, 0xC0, 0xAB, 0xFE, 0x02, 0xAF, 0xF4, 0x1A, 0xFF, 0xC0,
    0x02, 0xFD, 0x00, 0x0F, 0xF0, 0x00, 0x7F, 0xC0, 0x03, 0xFC, 0x00, 0x1F, 0xF0, 0x00, 0xBF, 0x80,
    0x07, 0xFC, 0x00, 0x2F, 0xE0, 0x00, 0xFF, 0x40, 0x0B, 0xF8, 0x00, 0x3F, 0xD0, 0x01, 0xFF, 0x00,
    0x0F, 0xF4, 0x00, 0x7F, 0xC0, 0x02, 0xFE, 0x00, 0x0F, 0xF0, 0x00, 0xBF, 0xC0, 0x03, 0xFD, 0x00,
    0x1F, 0xF0, 0x00, 0xFF, 0x40, 0x03, 0xFC, 0x00, 0x3F, 0xE0, 0x00, 0xFF, 0x00, 0x07, 0xFC, 0x00,
    0x3F, 0xD0, 0x01, 0xFF, 0x00, 0x0B, 0xF8, 0x00, 0x7F, 0xC2, 0x42, 0xFE, 0x0C, 0x0F, 0xF4, 0x60,
    0x7F, 0xEF, 0x83, 0xFF, 0xBD, 0x0F, 0xFB, 0xF0, 0xBF, 0xFF, 0x43, 0xFF, 0xFC, 0x1F, 0xFF, 0xF0,
    0xBF, 0xFE, 0x03, 0xFF, 0xF4, 0x0F, 0xFF, 0xC0, 0x3F, 0xE4, 0x01, 0xFF, 0x80, 0x0B, 0xFD, 0x00,
    0x05, 0x00, 0x00, 0x10, 0x00, 0x00, 0x40, 0x00, 0x00, 0x00, 0x00, 0x00, 0x00, 0x00, 0x00, 0x00,
    0x7F, 0x40, 0x00, 0x00, 0x00, 0x00, 0x03, 0xFF, 0x00, 0x00, 0x00, 0x00, 0x00, 0x2F, 0xFC, 0x00,
    0x00, 0x00, 0x00, 0x00, 0xBF, 0xD0, 0x00, 0x00, 0x00, 0x00, 0x01, 0xFE, 0x00, 0x00, 0x00, 0x00,
    0x00, 0x00, 0x00, 0x00, 0x00, 0x00, 0x00, 0x00, 0x00, 0x00, 0x00, 0x00, 0x00, 0x00, 0x00, 0x68,
    0x00, 0x19, 0x00, 0x06, 0x40, 0xBF, 0xFC, 0x0B, 0xFF, 0x00, 0xFF, 0xCB, 0xFF, 0xF0, 0xBF, 0xFD,
    0x03, 0xFF, 0x6A, 0xFF, 0x82, 0xFF, 0xF8, 0x07, 0xFD, 0x02, 0xFD, 0x00, 0x3F, 0xF0, 0x0F, 0xF4,
    0x0F, 0xF0, 0x00, 0x7F, 0xC0, 0x3F, 0xC0, 0x7F, 0xC0, 0x00, 0xFF, 0x00, 0xFF, 0x02, 0xFE, 0x00,
    0x03, 0xFD, 0x07, 0xF8, 0x0F, 0xF4, 0x00, 0x0F, 0xF4, 0x2F, 0xC0, 0x3F, 0xC0, 0x00, 0x2F, 0xD0,
    0xFE, 0x01, 0xFF, 0x00, 0x00, 0xBF, 0x4B, 0xF0, 0x0F, 0xF8, 0x00, 0x01, 0xFE, 0x3F, 0x40, 0x3F,
    0xD0, 0x00, 0x07, 0xFB, 0xF8, 0x01, 0xFF, 0x09, 0x00, 0x1F, 0xFF, 0xC0, 0x07, 0xFE, 0xF8, 0x00,
    0x3F, 0xFC, 0x00, 0x2F, 0xFF, 0xD0, 0x00, 0xFF, 0xD0, 0x00, 0xBF, 0xFE, 0x00, 0x03, 0xFD, 0x00,
    0x00, 0xFF, 0x90, 0x00, 0x0B, 0xC0, 0x00, 0x00, 0x50, 0x00, 0x00, 0x00, 0x00, 0x00, 0x00, 0x01,
    0x60, 0x00, 0x68, 0x0B, 0xFF, 0x00, 0xFF, 0xD7, 0xFF, 0xE0, 0x1F, 0xF9, 0xFF, 0xFC, 0x03, 0xFF,
    0x01, 0xFF, 0x00, 0xBF, 0x80, 0x3F, 0xD0, 0x2F, 0xE0, 0x0F, 0xF4, 0x0F, 0xF0, 0x02, 0xFE, 0x03,
    0xFC, 0x00, 0xBF, 0x81, 0xFD, 0x00, 0x1F, 0xF0, 0xFF, 0x00, 0x03, 0xFC, 0x7F, 0x40, 0x00, 0xFF,
    0x3F, 0x80, 0x00, 0x3F, 0xEF, 0xC0, 0x00, 0x0F, 0xFF, 0xD0, 0x00, 0x03, 0xFF, 0xD0, 0x00, 0x00,
    0xFF, 0xE0, 0x00, 0x00, 0x3F, 0xE0, 0x00, 0x00, 0x0B, 0xE0, 0x00, 0x00, 0x00, 0x00, 0x00, 0x00,
    0x00, 0x00, 0x00, 0x00, 0x00, 0x00, 0x00, 0x00, 0x00, 0x00, 0x00, 0x00, 0x00, 0x3F, 0x80, 0x00,
    0x00, 0x00, 0x00, 0x00, 0x3F, 0xF0, 0x00, 0x00, 0x00, 0x00, 0x00, 0x0F, 0xFC, 0x00, 0x00, 0x00,
    0x00, 0x00, 0x03, 0xFF, 0x00, 0x00, 0x00, 0x00, 0x00, 0x00, 0xFF, 0x00, 0x00, 0x00, 0x00, 0x00,
    0x00, 0x00, 0x00, 0x00, 0x00, 0x00, 0x00, 0x00, 0x00, 0x00, 0x01, 0x60, 0x00, 0x68, 0x00, 0x05,
    0x90, 0x0B, 0xFF, 0x00, 0xFF, 0xD0, 0x7F, 0xFC, 0x07, 0xFF, 0xE0, 0x1F, 0xF8, 0x3F, 0xFF, 0x01,
    0xFF, 0xFC, 0x03, 0xFF, 0x0A, 0xFF, 0xC0, 0x01, 0xFF, 0x00, 0xBF, 0x80, 0x1F, 0xF0, 0x00, 0x3F,
    0xD0, 0x2F, 0xE0, 0x0B, 0xF8, 0x00, 0x0F, 0xF4, 0x0F, 0xF0, 0x03, 0xFD, 0x00, 0x02, 0xFE, 0x03,
    0xFC, 0x00, 0xFF, 0x00, 0x00, 0xBF, 0x81, 0xFD, 0x00, 0xBF, 0xC0, 0x00, 0x1F, 0xF0, 0xFF, 0x00,
    0x3F, 0xE0, 0x00, 0x03, 0xFC, 0x7F, 0x40, 0x0F, 0xF0, 0x00, 0x00, 0xFF, 0x3F, 0x80, 0x07, 0xFC,
    0x00, 0x00, 0x3F, 0xEF, 0xC0, 0x02, 0xFE, 0x00, 0x00, 0x0F, 0xFF, 0xD0, 0x00, 0xFF, 0x46, 0x00,
    0x03, 0xFF, 0xD0, 0x00, 0x3F, 0xFB, 0xC0, 0x00, 0xFF, 0xE0, 0x00, 0x0F, 0xFF, 0xF0, 0x00, 0x3F,
    0xE0, 0x00, 0x03, 0xFF, 0xF0, 0x00, 0x0B, 0xE0, 0x00, 0x00, 0xBF, 0xD0, 0x00, 0x00, 0x00, 0x00,
    0x00, 0x01, 0x00, 0x00, 0x00, 0x00, 0x00, 0x00, 0x00, 0x00, 0x00, 0x00, 0x00, 0x00, 0x00, 0x00,
    0x00, 0x00, 0x00, 0x03, 0xF8, 0x00, 0x1F, 0xD0, 0x00, 0x00, 0x00, 0x00, 0x00, 0x3F, 0xF0, 0x00,
    0xFF, 0xC0, 0x00, 0x00, 0x00, 0x00, 0x00, 0xFF, 0xC0, 0x0B, 0xFF, 0x00, 0x00, 0x00, 0x00, 0x00,
    0x03, 0xFF, 0x00, 0x2F, 0xF4, 0x00, 0x00, 0x00, 0x00, 0x00, 0x0F, 0xF0, 0x00, 0x3F, 0x80, 0x00,
    0x00, 0x00, 0x00, 0x00, 0x00, 0x00, 0x00, 0x00, 0x00, 0x00, 0x00, 0x00, 0x00, 0x00, 0x00, 0x00,
    0x00, 0x00, 0x01, 0x60, 0x00, 0x68, 0x00, 0x05, 0x90, 0x00, 0x1A, 0x00, 0xBF, 0xF0, 0x0F, 0xFD,
    0x07, 0xFF, 0xC0, 0x2F, 0xFF, 0x07, 0xFF, 0xE0, 0x1F, 0xF8, 0x3F, 0xFF, 0x02, 0xFF, 0xFC, 0x1F,
    0xFF, 0xC0, 0x3F, 0xF0, 0xAF, 0xFC, 0x06, 0xBF, 0xF0, 0x01, 0xFF, 0x00, 0xBF, 0x80, 0x1F, 0xF0,
    0x00, 0xBF, 0x80, 0x03, 0xFD, 0x02, 0xFE, 0x00, 0xBF, 0x80, 0x03, 0xFD, 0x00, 0x0F, 0xF4, 0x0F,
    0xF0, 0x03, 0xFD, 0x00, 0x1F, 0xF0, 0x00, 0x2F, 0xE0, 0x3F, 0xC0, 0x0F, 0xF0, 0x00, 0xBF, 0x80,
    0x00, 0xBF, 0x81, 0xFD, 0x00, 0xBF, 0xC0, 0x03, 0xFD, 0x00, 0x01, 0xFF, 0x0F, 0xF0, 0x03, 0xFE,
    0x00, 0x0F, 0xF0, 0x00, 0x03, 0xFC, 0x7F, 0x40, 0x0F, 0xF0, 0x00, 0x7F, 0xC0, 0x00, 0x0F, 0xF3,
    0xF8, 0x00, 0x7F, 0xC0, 0x02, 0xFE, 0x00, 0x00, 0x3F, 0xEF, 0xC0, 0x02, 0xFE, 0x00, 0x0F, 0xF4,
    0x00, 0x00, 0xFF, 0xFD, 0x00, 0x0F, 0xF4, 0x60, 0x3F, 0xC2, 0x40, 0x03, 0xFF, 0xD0, 0x00, 0x3F,
    0xFB, 0xC1, 0xFF, 0xBF, 0x00, 0x0F, 0xFE, 0x00, 0x00, 0xFF, 0xFF, 0x0B, 0xFF, 0xF8, 0x00, 0x3F,
    0xE0, 0x00, 0x03, 0xFF, 0xF0, 0x1F, 0xFF, 0x80, 0x00, 0xBE, 0x00, 0x00, 0x0B, 0xFD, 0x00, 0x3F,
    0xF4, 0x00, 0x00, 0x00, 0x00, 0x00, 0x01, 0x00, 0x00, 0x14, 0x00, 0x00, 0x00, 0x00, 0x00, 0x00,
    0x00, 0x00, 0x00, 0x00, 0x00, 0x00, 0x00, 0x00, 0x00, 0x00, 0x00, 0x00, 0x00, 0x00, 0x0F, 0xE0,
    0x00, 0x7F, 0x40, 0x02, 0xFC, 0x00, 0x00, 0x00, 0x00, 0x00, 0x03, 0xFF, 0x00, 0x0F, 0xFC, 0x00,
    0xBF, 0xD0, 0x00, 0x00, 0x00, 0x00, 0x00, 0x3F, 0xF0, 0x02, 0xFF, 0xC0, 0x0F, 0xFD, 0x00, 0x00,
    0x00, 0x00, 0x00, 0x03, 0xFF, 0x00, 0x2F, 0xF4, 0x00, 0xFF, 0xC0, 0x00, 0x00, 0x00, 0x00, 0x00,
    0x3F, 0xC0, 0x00, 0xFE, 0x00, 0x0B, 0xF4, 0x00, 0x00, 0x00, 0x00, 0x00, 0x00, 0x00, 0x00, 0x00,
    0x00, 0x00, 0x00, 0x00, 0x00, 0x00, 0x00, 0x00, 0x00, 0x00, 0x00, 0x00, 0x00, 0x00, 0x00, 0x00,
    0x01, 0x60, 0x00, 0x68, 0x00, 0x05, 0x90, 0x00, 0x1A, 0x00, 0x01, 0x64, 0x02, 0xFF, 0xC0, 0x3F,
    0xF4, 0x1F, 0xFF, 0x00, 0xBF, 0xFC, 0x07, 0xFF, 0xD0, 0x7F, 0xFE, 0x01, 0xFF, 0x83, 0xFF, 0xF0,
    0x2F, 0xFF, 0xC0, 0xFF, 0xFE, 0x07, 0xFF, 0xF0, 0x0F, 0xFC, 0x2B, 0xFF, 0x01, 0xAF, 0xFC, 0x0A,
    0xBF, 0xD0, 0x01, 0xFF, 0x00, 0xBF, 0x80, 0x1F, 0xF0, 0x00, 0xBF, 0x80, 0x03, 0xFC, 0x00, 0x0F,
    0xF4, 0x0B, 0xF8, 0x02, 0xFE, 0x00, 0x0F, 0xF4, 0x00, 0x7F, 0xC0, 0x00, 0xFF, 0x40, 0xFF, 0x00,
    0x3F, 0xD0, 0x01, 0xFF, 0x00, 0x0B, 0xF8, 0x00, 0x0B, 0xF8, 0x0F, 0xF0, 0x03, 0xFC, 0x00, 0x2F,
    0xE0, 0x00, 0xFF, 0x40, 0x00, 0xBF, 0x81, 0xFD, 0x00, 0xBF, 0xC0, 0x03, 0xFD, 0x00, 0x0F, 0xF0,
    0x00, 0x07, 0xFC, 0x3F, 0xC0, 0x0F, 0xF8, 0x00, 0x3F, 0xC0, 0x02, 0xFF, 0x00, 0x00, 0x3F, 0xC7,
    0xF4, 0x00, 0xFF, 0x00, 0x07, 0xFC, 0x00, 0x3F, 0xE0, 0x00, 0x03, 0xFC, 0xFE, 0x00, 0x1F, 0xF0,
    0x00, 0xBF, 0x80, 0x03, 0xFD, 0x00, 0x00, 0x3F, 0xEF, 0xC0, 0x02, 0xFE, 0x00, 0x0F, 0xF4, 0x00,
    0x7F, 0xC0, 0x00, 0x03, 0xFF, 0xF4, 0x00, 0x3F, 0xD1, 0x80, 0xFF, 0x09, 0x0B, 0xFC, 0x30, 0x00,
    0x3F, 0xFD, 0x00, 0x03, 0xFF, 0xBC, 0x1F, 0xFB, 0xF0, 0xBF, 0xEF, 0x40, 0x03, 0xFF, 0x80, 0x00,
    0x3F, 0xFF, 0xC2, 0xFF, 0xFE, 0x0F, 0xFF, 0xF0, 0x00, 0x3F, 0xE0, 0x00, 0x03, 0xFF, 0xF0, 0x1F,
    0xFF, 0x80, 0xFF, 0xFD, 0x00, 0x02, 0xF8, 0x00, 0x00, 0x2F, 0xF4, 0x00, 0xFF, 0xD0, 0x07, 0xFE,
    0x00, 0x00, 0x00, 0x00, 0x00, 0x00, 0x10, 0x00, 0x01, 0x40, 0x00, 0x04, 0x00, 0x00, 0x00, 0x00,
    0x00, 0x00, 0x00, 0x00, 0x00, 0x00, 0x07, 0xF4, 0x00, 0x00, 0x00, 0x00, 0x00, 0x03, 0xFF, 0x00,
    0x00, 0x00, 0x00, 0x00, 0x02, 0xFF, 0xC0, 0x00, 0x00, 0x00, 0x00, 0x00, 0xBF, 0xD0, 0x00, 0x00,
    0x00, 0x00, 0x00, 0x1F, 0xE0, 0x00, 0x00, 0x00, 0x00, 0x00, 0x00, 0x00, 0x00, 0x00, 0x00, 0x00,
    0x00, 0x00, 0x00, 0x00, 0x00, 0x00, 0x00, 0x00, 0x00, 0x68, 0x00, 0x05, 0x80, 0x00, 0x29, 0x0B,
    0xFF, 0xC0, 0x1F, 0xFC, 0x00, 0xBF, 0xDB, 0xFF, 0xF0, 0x1F, 0xFF, 0x80, 0xBF, 0xFA, 0xAF, 0xF8,
    0x0B, 0xFF, 0xF0, 0x7F, 0xFD, 0x02, 0xFD, 0x00, 0x03, 0xFD, 0x3F, 0x86, 0x00, 0xFF, 0x00, 0x00,
    0xBF, 0xAF, 0x40, 0x00, 0x7F, 0xC0, 0x00, 0x1F, 0xFF, 0x80, 0x00, 0x2F, 0xE0, 0x00, 0x03, 0xFF,
    0xC0, 0x00, 0x0F, 0xF4, 0x00, 0x00, 0x7F, 0xD0, 0x00, 0x03, 0xFC, 0x00, 0x00, 0x0F, 0xF4, 0x00,
    0x01, 0xFF, 0x00, 0x00, 0x0B, 0xFF, 0x00, 0x00, 0xFF, 0x80, 0x00, 0x07, 0xFF, 0xD0, 0x00, 0x3F,
    0xD0, 0x00, 0x03, 0xFF, 0xFC, 0x00, 0x1F, 0xF0, 0x91, 0x03, 0xF5, 0xFF, 0x00, 0x07, 0xFE, 0xF9,
    0xFB, 0xFC, 0x3F, 0xE5, 0x92, 0xFF, 0xFD, 0xBF, 0xFC, 0x0B, 0xFF, 0xF4, 0xBF, 0xFE, 0x2F, 0xFD,
    0x01, 0xFF, 0xFC, 0x0F, 0xF9, 0x07, 0xFD, 0x00, 0x2F, 0xF8, 0x00, 0x50, 0x00, 0x10, 0x00, 0x00,
    0x40, 0x00, 0x00, 0x06, 0x40, 0x00, 0x64, 0x00, 0x3F, 0xF4, 0x01, 0xFF, 0xC0, 0x3F, 0xFF, 0x01,
    0xFF, 0xF0, 0x1F, 0xFF, 0xD0, 0xFF, 0xF8, 0x00, 0x0F, 0xF8, 0xBF, 0x18, 0x00, 0x01, 0xFF, 0x7F,
    0x00, 0x00, 0x00, 0x3F, 0xFF, 0x00, 0x00, 0x00, 0x07, 0xFF, 0x40, 0x00, 0x00, 0x00, 0xFF, 0x80,
    0x00, 0x00, 0x00, 0x3F, 0xF0, 0x00, 0x00, 0x00, 0x1F, 0xFC, 0x00, 0x00, 0x00, 0x0F, 0xFF, 0x80,
    0x00, 0x00, 0x0F, 0xFF, 0xF0, 0x00, 0x00, 0x0B, 0xF3, 0xFE, 0x00, 0x03, 0xEF, 0xF0, 0xBF, 0xC6,
    0x81, 0xFF, 0xF4, 0x1F, 0xFF, 0xF0, 0x7F, 0xF8, 0x03, 0xFF, 0xF4, 0x0F, 0xF8, 0x00, 0x7F, 0xE4,
    0x00, 0x50, 0x00, 0x01, 0x00, 0x00, 0x00, 0x00, 0x00, 0x00, 0x00, 0x00, 0x00, 0x00, 0x00, 0x00,
    0x00, 0x00, 0x00, 0x00, 0x1F, 0xC0, 0x00, 0x00, 0x00, 0x00, 0x00, 0x01, 0xFF, 0x80, 0x00, 0x00,
    0x00, 0x00, 0x00, 0x0B, 0xFE, 0x00, 0x00, 0x00, 0x00, 0x00, 0x00, 0x2F, 0xF4, 0x00, 0x00, 0x00,
    0x00, 0x00, 0x00, 0x7F, 0x40, 0x00, 0x00, 0x00, 0x00, 0x00, 0x00, 0x00, 0x00, 0x00, 0x00, 0x00,
    0x00, 0x00, 0x00, 0x00, 0x00, 0x06, 0x40, 0x00, 0x64, 0x00, 0x19, 0x00, 0x03, 0xFF, 0x40, 0x1F,
    0xFC, 0x2F, 0xFE, 0x00, 0x3F, 0xFF, 0x01, 0xFF, 0xF2, 0xFF, 0xFC, 0x01, 0xFF, 0xFD, 0x0F, 0xFF,
    0x8A, 0xBF, 0xE0, 0x00, 0x0F, 0xF8, 0xBF, 0x18, 0x00, 0xFF, 0x40, 0x00, 0x1F, 0xF7, 0xF0, 0x00,
    0x03, 0xFC, 0x00, 0x00, 0x3F, 0xFF, 0x00, 0x00, 0x1F, 0xF0, 0x00, 0x00, 0x7F, 0xF4, 0x00, 0x00,
    0xBF, 0x80, 0x00, 0x00, 0xFF, 0x80, 0x00, 0x03, 0xFD, 0x00, 0x00, 0x03, 0xFF, 0x00, 0x00, 0x1F,
    0xF0, 0x00, 0x00, 0x1F, 0xFC, 0x00, 0x00, 0xBF, 0x80, 0x00, 0x00, 0xFF, 0xF8, 0x00, 0x03, 0xFD,
    0x00, 0x00, 0x0F, 0xFF, 0xF0, 0x00, 0x0F, 0xF0, 0x00, 0x00, 0xBF, 0x3F, 0xE0, 0x00, 0x7F, 0xC3,
    0x03, 0xEF, 0xF0, 0xBF, 0xC6, 0x82, 0xFF, 0xBE, 0x1F, 0xFF, 0x41, 0xFF, 0xFF, 0x0B, 0xFF, 0xF4,
    0x7F, 0xF8, 0x03, 0xFF, 0xF4, 0x2F, 0xFF, 0x80, 0xFF, 0x80, 0x07, 0xFE, 0x40, 0x3F, 0xE0, 0x00,
    0x50, 0x00, 0x01, 0x00, 0x00, 0x14, 0x00, 0x00, 0x00, 0x00, 0x00, 0x00, 0x00, 0x00, 0x00, 0x00,
    0x00, 0x00, 0x00, 0x00, 0x00, 0x00, 0x00, 0x00, 0x00, 0x7F, 0x00, 0x02, 0xFC, 0x00, 0x00, 0x00,
    0x00, 0x00, 0x00, 0x1F, 0xF8, 0x00, 0xBF, 0xD0, 0x00, 0x00, 0x00, 0x00, 0x00, 0x02, 0xFF, 0x80,
    0x0F, 0xFD, 0x00, 0x00, 0x00, 0x00, 0x00, 0x00, 0x2F, 0xF4, 0x00, 0xFF, 0xC0, 0x00, 0x00, 0x00,
    0x00, 0x00, 0x01, 0xFD, 0x00, 0x0B, 0xF0, 0x00, 0x00, 0x00, 0x00, 0x00, 0x00, 0x00, 0x00, 0x00,
    0x00, 0x00, 0x00, 0x00, 0x00, 0x00, 0x00, 0x00, 0x00, 0x00, 0x00, 0x00, 0x00, 0x06, 0x40, 0x00,
    0x64, 0x00, 0x19, 0x00, 0x01, 0x64, 0x00, 0x0F, 0xFD, 0x00, 0x7F, 0xF0, 0xBF, 0xF8, 0x07, 0xFF,
    0xD0, 0x03, 0xFF, 0xF0, 0x1F, 0xFF, 0x2F, 0xFF, 0xC0, 0xFF, 0xFD, 0x00, 0x7F, 0xFF, 0x43, 0xFF,
    0xE2, 0xAF, 0xF8, 0x0A, 0xBF, 0xD0, 0x00, 0x0F, 0xF8, 0xBF, 0x18, 0x00, 0xFF, 0x40, 0x03, 0xFC,
    0x00, 0x00, 0x7F, 0xDF, 0xC0, 0x00, 0x0F, 0xF0, 0x00, 0x7F, 0xC0, 0x00, 0x03, 0xFF, 0xF0, 0x00,
    0x01, 0xFF, 0x00, 0x0F, 0xF8, 0x00, 0x00, 0x1F, 0xFD, 0x00, 0x00, 0x2F, 0xE0, 0x00, 0xFF, 0x00,
    0x00, 0x00, 0xFF, 0x80, 0x00, 0x03, 0xFD, 0x00, 0x1F, 0xF0, 0x00, 0x00, 0x0F, 0xFC, 0x00, 0x00,
    0x7F, 0xC0, 0x02, 0xFE, 0x00, 0x00, 0x01, 0xFF, 0xC0, 0x00, 0x0B, 0xF8, 0x00, 0x3F, 0xD0, 0x00,
    0x00, 0x3F, 0xFE, 0x00, 0x00, 0xFF, 0x40, 0x03, 0xFC, 0x00, 0x00, 0x0F, 0xFF, 0xF0, 0x00, 0x0F,
    0xF0, 0x00, 0x7F, 0xC0, 0x00, 0x02, 0xFC, 0xFF, 0x80, 0x01, 0xFF, 0x0C, 0x0B, 0xF8, 0x70, 0x3E,
    0xFF, 0x0B, 0xFC, 0x68, 0x2F, 0xFB, 0xE0, 0xFF, 0xEF, 0x47, 0xFF, 0xD0, 0x7F, 0xFF, 0xC2, 0xFF,
    0xFD, 0x0F, 0xFF, 0xF0, 0x7F, 0xF8, 0x03, 0xFF, 0xF4, 0x2F, 0xFF, 0x80, 0xFF, 0xFD, 0x03, 0xFE,
    0x00, 0x1F, 0xF9, 0x00, 0xFF, 0x80, 0x07, 0xFE, 0x00, 0x05, 0x00, 0x00, 0x10, 0x00, 0x01, 0x40,
    0x00, 0x04, 0x00, 0x00, 0x00, 0x15, 0x00, 0xBF, 0xFC, 0x2F, 0xFF, 0xC2, 0xFF, 0xFC, 0x00, 0xBF,
    0x80, 0x0F, 0xF8, 0x00, 0xFF, 0x40, 0x1F, 0xF0, 0x02, 0xFF, 0x00, 0x3F, 0xE0, 0x03, 0xFD, 0x00,
    0x7F, 0xC0, 0x0B, 0xFC, 0x00, 0xBF, 0x80, 0x0F, 0xF4, 0x00, 0xFF, 0x00, 0x1F, 0xF0, 0x02, 0xFF,
    0x00, 0x3F, 0xE0, 0x03, 0xFD, 0x00, 0x7F, 0xC0, 0x0B, 0xFC, 0x30, 0xBF, 0xEF, 0x4F, 0xFF, 0xF0,
    0xFF, 0xFD, 0x07, 0xFE, 0x00, 0x05, 0x00, 0x00, 0x00, 0x00, 0x1A, 0x40, 0x00, 0x0F, 0xFF, 0xC0,
    0x01, 0xFF, 0xFF, 0x80, 0x2F, 0xFF, 0xFE, 0x01, 0xFF, 0x42, 0xF0, 0x0F, 0xF4, 0x00, 0x40, 0xBF,
    0xC0, 0x00, 0x03, 0xFD, 0x00, 0x00, 0x1F, 0xF0, 0x00, 0x00, 0xBF, 0xC0, 0x00, 0x03, 0xFE, 0x00,
    0x00, 0x0F, 0xF8, 0x00, 0x00, 0x3F, 0xF0, 0x00, 0x80, 0xFF, 0xC0, 0x1F, 0x43, 0xFF, 0xEB, 0xFD,
    0x07, 0xFF, 0xFF, 0xF0, 0x0F, 0xFF, 0xFE, 0x00, 0x0B, 0xFF, 0x80, 0x00, 0x01, 0x40, 0x00, 0x00,
    0x00, 0x00, 0x00, 0x01, 0x50, 0x00, 0x00, 0x00, 0xBF, 0xFC, 0x00, 0x00, 0x02, 0xFF, 0xFC, 0x00,
    0x00, 0x02, 0xFF, 0xFC, 0x00, 0x00, 0x00, 0x0B, 0xFC, 0x00, 0x00, 0x00, 0x0F, 0xF8, 0x00, 0x00,
    0x00, 0x0F, 0xF4, 0x00, 0x00, 0x00, 0x0F, 0xF0, 0x00, 0x00, 0x69, 0x1F, 0xF0, 0x00, 0x07, 0xFF,
    0xEF, 0xE0, 0x00, 0x2F, 0xFF, 0xFF, 0xD0, 0x00, 0xBF, 0xFB, 0xFF, 0xC0, 0x01, 0xFF, 0x80, 0xBF,
    0xC0, 0x03, 0xFE, 0x00, 0xBF, 0x80, 0x0B, 0xFC, 0x00, 0xFF, 0x40, 0x0F, 0xF8, 0x00, 0xFF, 0x00,
    0x1F, 0xF0, 0x01, 0xFF, 0x00, 0x2F, 0xF0, 0x03, 0xFE, 0x00, 0x3F, 0xE0, 0x07, 0xFE, 0x00, 0x3F,
    0xE0, 0x0F, 0xFD, 0x00, 0x3F, 0xE0, 0x2F, 0xFC, 0x00, 0x3F, 0xE0, 0xBE, 0xFC, 0x2C, 0x3F, 0xF6,
    0xF9, 0xFF, 0xFC, 0x2F, 0xFF, 0xE1, 0xFF, 0xF8, 0x1F, 0xFF, 0x81, 0xFF, 0xE0, 0x0B, 0xFE, 0x00,
    0xFF, 0x40, 0x00, 0x50, 0x00, 0x10, 0x00, 0x01, 0x64, 0x00, 0x64, 0x00, 0x19, 0x00, 0xBF, 0xF4,
    0x1F, 0xFC, 0x0B, 0xFF, 0x0F, 0xFF, 0xE2, 0xFF, 0xF0, 0xFF, 0xFD, 0x2A, 0xFF, 0x6F, 0xFF, 0xDF,
    0xFF, 0xF8, 0x02, 0xFE, 0xF8, 0xFF, 0xBD, 0x3F, 0xE0, 0x0F, 0xFF, 0x43, 0xFF, 0xD0, 0xFF, 0x40,
    0x3F, 0xF8, 0x0F, 0xFD, 0x07, 0xFC, 0x01, 0xFF, 0xC0, 0x7F, 0xF0, 0x1F, 0xF0, 0x0B, 0xFD, 0x02,
    0xFF, 0x40, 0xFF, 0x80, 0x3F, 0xF0, 0x0F, 0xFC, 0x03, 0xFD, 0x00, 0xFF, 0x80, 0x3F, 0xD0, 0x1F,
    0xF0, 0x07, 0xFC, 0x01, 0xFF, 0x00, 0xBF, 0xC0, 0x1F, 0xF0, 0x0B, 0xFC, 0x03, 0xFD, 0x00, 0xBF,
    0x80, 0x3F, 0xE0, 0x0F, 0xF4, 0xA3, 0xFD, 0x00, 0xFF, 0x40, 0x3F, 0xEF, 0xCF, 0xF4, 0x07, 0xFC,
    0x01, 0xFF, 0xFE, 0x7F, 0xC0, 0x1F, 0xF0, 0x07, 0xFF, 0xF2, 0xFE, 0x00, 0xBF, 0x40, 0x0F, 0xFD,
    0x00, 0x00, 0x00, 0x00, 0x00, 0x01, 0x00, 0x00, 0x00, 0x04, 0x00, 0x00, 0x00, 0x00, 0x07, 0xC0,
    0x00, 0x00, 0x00, 0x07, 0xFC, 0x00, 0x00, 0x00, 0x07, 0xFD, 0x00, 0x00, 0x00, 0x07, 0xF8, 0x00,
    0x00, 0x00, 0x07, 0xF8, 0x00, 0x01, 0x55, 0x43, 0xFF, 0xFF, 0xFF, 0xFF, 0xFA, 0xFF, 0xFF, 0xFF,
    0xFF, 0xFE, 0x7F, 0xFF, 0xFF, 0xFF, 0xFF, 0x87, 0xF9, 0x55, 0x55, 0x55, 0x40, 0x7F, 0x80, 0x00,
    0x00, 0x00, 0x07, 0xFC, 0x00, 0x00, 0x00, 0x00, 0xBF, 0xC0, 0x00, 0x00, 0x00, 0x0B, 0xC0, 0x00,
    0x00, 0x00, 0x00, 0x80, 0x00, 0x00, 0x00, 0x00, 0x0B, 0x40, 0x00, 0x00, 0xBF, 0x80, 0x00, 0x0B,
    0xFF, 0x80, 0x00, 0xBF, 0xFF, 0x80, 0x0B, 0xFF, 0xFF, 0x80, 0xBF, 0x7F, 0x7F, 0x8B, 0xF4, 0xFC,
    0x7F, 0x8F, 0x83, 0xF0, 0xBC, 0x08, 0x1F, 0xC0, 0x80, 0x00, 0x7F, 0x00, 0x00, 0x01, 0xFC, 0x00,
    0x00, 0x07, 0xF4, 0x00, 0x00, 0x1F, 0xD0, 0x00, 0x00, 0x7F, 0x40, 0x00, 0x01, 0xFD, 0x00, 0x00,
    0x07, 0xF4, 0x00, 0x00, 0x1F, 0xD0, 0x00, 0x00, 0x7F, 0x40, 0x00, 0x01, 0xFD, 0x00, 0x00, 0x07,
    0xF4, 0x00, 0x00, 0x1F, 0xD0, 0x00, 0x00, 0x00, 0x00, 0x04, 0x00, 0x00, 0x00, 0x00, 0x0F, 0x40,
    0x00, 0x00, 0x00, 0x0F, 0xF4, 0x00, 0x00, 0x00, 0x01, 0xFF, 0x40, 0x00, 0x00, 0x00, 0x0B, 0xF4,
    0x05, 0x55, 0x00, 0x00, 0xBF, 0x4B, 0xFF, 0xFF, 0xFF, 0xFF, 0xF2, 0xFF, 0xFF, 0xFF, 0xFF, 0xFE,
    0xBF, 0xFF, 0xFF, 0xFF, 0xFF, 0x55, 0x55, 0x55, 0x55, 0xBF, 0x40, 0x00, 0x00, 0x00, 0xBF, 0x40,
    0x00, 0x00, 0x00, 0xFF, 0x40, 0x00, 0x00, 0x00, 0xFF, 0x40, 0x00, 0x00, 0x00, 0x0F, 0x80, 0x00,
    0x00, 0x00, 0x00, 0x80, 0x00, 0x00, 0x1F, 0xD0, 0x00, 0x00, 0x7F, 0x40, 0x00, 0x01, 0xFD, 0x00,
    0x00, 0x07, 0xF4, 0x00, 0x00, 0x1F, 0xD0, 0x00, 0x00, 0x7F, 0x40, 0x00, 0x01, 0xFD, 0x00, 0x00,
    0x07, 0xF4, 0x00, 0x00, 0x1F, 0xD0, 0x00, 0x00, 0x7F, 0x40, 0x00, 0x01, 0xFC, 0x00, 0x00, 0x07,
    0xF0, 0x00, 0x08, 0x1F, 0xC0, 0x80, 0xB8, 0x3F, 0x0B, 0x8B, 0xF4, 0xFC, 0x7F, 0x8F, 0xF7, 0xF7,
    0xFC, 0x0F, 0xFF, 0xFF, 0xC0, 0x0F, 0xFF, 0xFC, 0x00, 0x0F, 0xFF, 0x80, 0x00, 0x0B, 0xF8, 0x00,
    0x00, 0x0B, 0x80, 0x00, 0x00, 0x00, 0x00, 0x00, 0x00, 0x00, 0x0B, 0x00, 0x03, 0x80, 0x00, 0x0B,
    0xF0, 0x03, 0xF8, 0x00, 0x0B, 0xFC, 0x00, 0xFF, 0x80, 0x0B, 0xF8, 0x00, 0x0B, 0xF8, 0x0B, 0xF4,
    0x00, 0x00, 0x7F, 0x47, 0xFF, 0xFF, 0xFF, 0xFF, 0xF7, 0xFF, 0xFF, 0xFF, 0xFF, 0xFF, 0xBF, 0xFF,
    0xFF, 0xFF, 0xFF, 0x8B, 0xF5, 0x55, 0x55, 0x7F, 0x80, 0xBF, 0x40, 0x00, 0x7F, 0x80, 0x0B, 0xF8,
    0x00, 0xBF, 0x80, 0x00, 0xFF, 0x00, 0x3F, 0x80, 0x00, 0x0F, 0x00, 0x03, 0xC0, 0x00, 0x00, 0x00,
    0x00, 0x00, 0x00, 0x00, 0x00, 0x00, 0x00, 0x00, 0x3F, 0x00, 0x00, 0x03, 0xFF, 0x00, 0x00, 0x3F,
    0xFF, 0x00, 0x03, 0xFF, 0xFF, 0x00, 0x3F, 0xFF, 0xFF, 0x03, 0xFD, 0xFC, 0xFF, 0x0B, 0xC3, 0xF1,
    0xF8, 0x09, 0x0F, 0xC2, 0x80, 0x00, 0x3F, 0x00, 0x00, 0x00, 0xFC, 0x00, 0x00, 0x03, 0xF0, 0x00,
    0x00, 0x0F, 0xC0, 0x00, 0x00, 0x3F, 0x00, 0x00, 0x90, 0xFC, 0x18, 0x0B, 0xC3, 0xF0, 0xF8, 0x3F,
    0xCF, 0xCF, 0xF0, 0x7F, 0xBF, 0xBF, 0x00, 0x3F, 0xFF, 0xF0, 0x00, 0x3F, 0xFF, 0x00, 0x00, 0x3F,
    0xF0, 0x00, 0x00, 0x3F, 0x00, 0x00, 0x00, 0x10, 0x00, 0x00, 0x00, 0x06, 0x40, 0x00, 0x00, 0x7F,
    0x40, 0x00, 0x0B, 0xFF, 0x80, 0x00, 0xBF, 0xFF, 0x80, 0x0B, 0xFF, 0xFF, 0x80, 0xFF, 0x7F, 0x7F,
    0xC3, 0xF4, 0xFC, 0x7F, 0x03, 0x83, 0xF0, 0xB0, 0x00, 0x0F, 0xC0, 0x00, 0x00, 0x3F, 0x00, 0x00,
    0x00, 0xFC, 0x00, 0x01, 0x03, 0xF0, 0x10, 0x1F, 0x0F, 0xC3, 0xD0, 0xFF, 0x3F, 0x3F, 0xC1, 0xFF,
    0xFF, 0xFD, 0x01, 0xFF, 0xFF, 0xD0, 0x01, 0xFF, 0xFD, 0x00, 0x00, 0xFF, 0xC0, 0x00, 0x00, 0xFC,
    0x00, 0x3F, 0xFF, 0xFF, 0xFE, 0xFF, 0xFF, 0xFF, 0xFF, 0xFF, 0xFF, 0xFF, 0xFB, 0xFF, 0xFF, 0xFF,
    0x80, 0x00, 0x00, 0x02, 0xA4, 0x00, 0x00, 0x1F, 0xD0, 0x00, 0x00, 0x7F, 0x40, 0x00, 0x01, 0xFD,
    0x00, 0x00, 0x07, 0xF4, 0x00, 0x00, 0x1F, 0xD0, 0x00, 0x00, 0x7F, 0x40, 0x00, 0x00, 0xFD, 0x00,
    0x08, 0x03, 0xF4, 0x00, 0xBC, 0x0F, 0xD0, 0x0B, 0xFC, 0x3F, 0x40, 0xBF, 0xC0, 0xFD, 0x07, 0xF8,
    0x03, 0xF4, 0x7F, 0x95, 0x5F, 0xD7, 0xFF, 0xFF, 0xFF, 0x6F, 0xFF, 0xFF, 0xFD, 0x3F, 0xFF, 0xFF,
    0xF0, 0x7F, 0x80, 0x00, 0x00, 0x7F, 0x80, 0x00, 0x00, 0x7F, 0xD0, 0x00, 0x00, 0x7F, 0xC0, 0x00,
    0x00, 0x7C, 0x00, 0x00, 0x00, 0x40, 0x00, 0x00, 0x6A, 0x00, 0x00, 0x02, 0xFD, 0x00, 0x00, 0x0B,
    0xF4, 0x00, 0x00, 0x1F, 0xD0, 0x00, 0x00, 0x7F, 0x40, 0x00, 0x01, 0xFC, 0x00, 0x00, 0x07, 0xF0,
    0x00, 0x00, 0x1F, 0xC0, 0x00, 0x00, 0x7F, 0x01, 0x80, 0x01, 0xFC, 0x1F, 0x80, 0x07, 0xF0, 0xFF,
    0x80, 0x1F, 0xC0, 0xFF, 0x40, 0x7F, 0x00, 0xBF, 0x41, 0xFD, 0x55, 0xBF, 0x47, 0xFF, 0xFF, 0xFF,
    0x5F, 0xFF, 0xFF, 0xFE, 0x7F, 0xFF, 0xFF, 0xF0, 0x00, 0x00, 0xBF, 0x00, 0x00, 0x0F, 0xF4, 0x00,
    0x01, 0xFF, 0x40, 0x00, 0x0F, 0xF4, 0x00, 0x00, 0x0F, 0x40, 0x00, 0x00, 0x04, 0x00, 0x00, 0x00,
    0x00, 0x00, 0x07, 0xF8, 0x00, 0x00, 0x00, 0x1F, 0xE0, 0x00, 0x00, 0x00, 0x3F, 0x40, 0x07, 0x80,
    0x00, 0xFD, 0x00, 0x3F, 0x80, 0x03, 0xF4, 0x03, 0xFD, 0x00, 0x0F, 0xD0, 0x3F, 0xC0, 0x00, 0x3F,
    0x43, 0xF8, 0x00, 0x00, 0xFD, 0x3F, 0xFF, 0xFF, 0xFF, 0xF6, 0xFF, 0xFF, 0xFF, 0xFF, 0xD7, 0xFF,
    0xFF, 0xFF, 0xFF, 0x4B, 0xF9, 0x55, 0x55, 0x54, 0x0B, 0xF4, 0x00, 0x00, 0x00, 0x0B, 0xF8, 0x00,
    0x00, 0x00, 0x0B, 0xFC, 0x00, 0x00, 0x00, 0x0F, 0xD0, 0x00, 0x00, 0x00, 0x0D, 0x00, 0x00, 0x00,
    0x00, 0x00, 0x00, 0x00, 0x00, 0x00, 0x00, 0x00, 0x00, 0x00, 0x00, 0x00, 0xB0, 0x00, 0x00, 0x00,
    0x00, 0xBF, 0x00, 0x00, 0x00, 0x00, 0xBF, 0x40, 0x00, 0x00, 0x00, 0xBF, 0x40, 0x00, 0x00, 0x00,
    0x7F, 0x40, 0x55, 0x5A, 0x90, 0x7F, 0xFF, 0xFF, 0xFF, 0xF8, 0x7F, 0xFF, 0xFF, 0xFF, 0xFE, 0x7F,
    0x55, 0x55, 0x55, 0x55, 0x6F, 0x40, 0x00, 0x00, 0x00, 0x07, 0xF5, 0x55, 0x55, 0x55, 0x50, 0xBF,
    0xFF, 0xFF, 0xFF, 0xFE, 0x0B, 0xFF, 0xFF, 0xFF, 0xFF, 0x80, 0xBF, 0x95, 0x6A, 0xAA, 0xE0, 0x0B,
    0xF0, 0x00, 0x00, 0x00, 0x00, 0xBF, 0x00, 0x00, 0x00, 0x00, 0x0B, 0xF0, 0x00, 0x00, 0x00, 0x00,
    0xF0, 0x00, 0x00, 0x00, 0x00, 0x00, 0x00, 0x00, 0x00, 0x00, 0x00, 0x64, 0x00, 0x00, 0x00, 0x07,
    0xF4, 0x00, 0x00, 0x00, 0x7F, 0xF4, 0x00, 0x00, 0x07, 0xF7, 0xF4, 0x00, 0x00, 0xBF, 0x47, 0xF8,
    0x00, 0x0B, 0xFD, 0x1F, 0xF8, 0x00, 0xBF, 0xF4, 0x7F, 0xF8, 0x0B, 0xFB, 0xD1, 0xFB, 0xF8, 0x3F,
    0x5F, 0x47, 0xD7, 0xF0, 0x34, 0x7D, 0x1F, 0x47, 0x00, 0x01, 0xF4, 0x7D, 0x00, 0x00, 0x07, 0xD1,
    0xF4, 0x00, 0x00, 0x1F, 0x47, 0xD0, 0x00, 0x00, 0x7D, 0x1F, 0x40, 0x00, 0x02, 0xF4, 0x7D, 0x00,
    0x00, 0x0B, 0xD1, 0xF8, 0x00, 0x00, 0x2F, 0x47, 0xE0, 0x00, 0x00, 0xBD, 0x1F, 0x80, 0x00, 0x02,
    0xF4, 0x7E, 0x00, 0x00, 0x0B, 0xD1, 0xF8, 0x00, 0x00, 0x2F, 0x47, 0xE0, 0x00, 0x00, 0x00, 0x00,
    0x00, 0x00, 0x00, 0x00, 0x00, 0x38, 0x00, 0x00, 0x00, 0x00, 0x3F, 0x80, 0x00, 0x00, 0x00, 0x07,
    0xF8, 0x00, 0x00, 0x00, 0x00, 0x7F, 0x80, 0x1A, 0x95, 0x54, 0x07, 0xF4, 0x0B, 0xFF, 0xFF, 0xFF,
    0xFF, 0x42, 0xFF, 0xFF, 0xFF, 0xFF, 0xF4, 0x55, 0x55, 0x55, 0x55, 0x7F, 0x40, 0x00, 0x00, 0x00,
    0x07, 0xE1, 0x55, 0x55, 0x55, 0x57, 0xF6, 0xFF, 0xFF, 0xFF, 0xFF, 0xF8, 0xBF, 0xFF, 0xFF, 0xFF,
    0xF8, 0x2E, 0xAA, 0xA5, 0x5B, 0xF8, 0x00, 0x00, 0x00, 0x03, 0xF8, 0x00, 0x00, 0x00, 0x03, 0xF8,
    0x00, 0x00, 0x00, 0x03, 0xF8, 0x00, 0x00, 0x00, 0x00, 0x3C, 0x00, 0x00, 0x00, 0x00, 0x00, 0x00,
    0x00, 0x00, 0x1A, 0x02, 0x90, 0x00, 0x00, 0xBD, 0x1F, 0x80, 0x00, 0x02, 0xF4, 0x7E, 0x00, 0x00,
    0x0B, 0xD1, 0xF8, 0x00, 0x00, 0x2F, 0x47, 0xE0, 0x00, 0x00, 0xBD, 0x1F, 0x80, 0x00, 0x02, 0xF4,
    0x7D, 0x00, 0x00, 0x07, 0xD1, 0xF4, 0x00, 0x00, 0x1F, 0x47, 0xD0, 0x00, 0x00, 0x7D, 0x1F, 0x40,
    0x00, 0x01, 0xF4, 0x7D, 0x00, 0x03, 0x07, 0xD1, 0xF4, 0x70, 0x3F, 0x1F, 0x47, 0xD3, 0xF0, 0xFF,
    0x7D, 0x1F, 0x7F, 0xC0, 0xBF, 0xF4, 0x7F, 0xF8, 0x00, 0xBF, 0xD1, 0xFF, 0x80, 0x00, 0xBF, 0x47,
    0xF8, 0x00, 0x00, 0xBF, 0x7F, 0x80, 0x00, 0x00, 0xBF, 0xF8, 0x00, 0x00, 0x00, 0xBF, 0x80, 0x00,
    0x00, 0x00, 0x74, 0x00, 0x00, 0x00, 0x00, 0x00, 0x00, 0x00, 0x00, 0x02, 0xC0, 0x0E, 0x00, 0x00,
    0x02, 0xFC, 0x0F, 0xE0, 0x00, 0x02, 0xFD, 0x01, 0xFE, 0x00, 0x02, 0xFD, 0x00, 0x1F, 0xE0, 0x02,
    0xFF, 0xFF, 0xFF, 0xFE, 0x02, 0xFF, 0xFF, 0xFF, 0xFF, 0xD1, 0xFD, 0x55, 0x55, 0x55, 0xFD, 0xFD,
    0x00, 0x00, 0x00, 0x1F, 0xEF, 0xD5, 0x55, 0x55, 0x5F, 0xE2, 0xFF, 0xFF, 0xFF, 0xFF, 0xE0, 0x2F,
    0xFF, 0xFF, 0xFF, 0xE0, 0x02, 0xFD, 0x00, 0x1F, 0xE0, 0x00, 0x3F, 0xC0, 0x0F, 0xE0, 0x00, 0x03,
    0xFC, 0x0F, 0xF0, 0x00, 0x00, 0x3D, 0x01, 0xF0, 0x00, 0x00, 0x01, 0x00, 0x10, 0x00, 0x00, 0xBF,
    0xF0, 0x00, 0x00, 0x0F, 0xF4, 0xFF, 0xE0, 0x00, 0x00, 0x3F, 0xC3, 0xFF, 0xC0, 0x00, 0x02, 0xFE,
    0x0B, 0xFF, 0x00, 0x00, 0x0F, 0xF4, 0x0F, 0xFD, 0x00, 0x00, 0x7F, 0xC0, 0x3F, 0xFC, 0x00, 0x02,
    0xFD, 0x00, 0x7F, 0xFA, 0xAA, 0xAF, 0xF0, 0x00, 0xFF, 0xFF, 0xFF, 0xFF, 0x80, 0x02, 0xFF, 0xFF,
    0xFF, 0xFC, 0x00, 0x07, 0xFF, 0xFF, 0xFF, 0xF0, 0x00, 0x0F, 0xFD, 0x00, 0xBF, 0x40, 0x00, 0x2F,
    0xFC, 0x03, 0xFC, 0x00, 0x00, 0x3F, 0xF0, 0x0F, 0xE0, 0x00, 0x00, 0xFF, 0xD0, 0xBF, 0x00, 0x00,
    0x01, 0xFF, 0xC3, 0xF8, 0x00, 0x00, 0x03, 0xFF, 0x1F, 0xC0, 0x00, 0x00, 0x0B, 0xFD, 0xBF, 0x00,
    0x00, 0x00, 0x1F, 0xFF, 0xF4, 0x00, 0x00, 0x00, 0x3F, 0xFF, 0xC0, 0x00, 0x00, 0x00, 0xBF, 0xFE,
    0x00, 0x00, 0x00, 0x00, 0xFF, 0xF0, 0x00, 0x00, 0x00, 0x03, 0xFF, 0x80, 0x00, 0x00, 0x00, 0x07,
    0xFC, 0x00, 0x00, 0x00, 0x00, 0x09, 0x00, 0x00, 0x00, 0x00, 0x01, 0xBE, 0x40, 0x00, 0x01, 0xFF,
    0xFF, 0x40, 0x00, 0xBF, 0xFF, 0xFD, 0x00, 0x0F, 0xD5, 0xBF, 0xF0, 0x00, 0x90, 0x02, 0xFF, 0x80,
    0x00, 0x00, 0x0F, 0xFC, 0x00, 0x00, 0x00, 0xBF, 0xC0, 0x00, 0x00, 0x07, 0xFC, 0x00, 0x00, 0x00,
    0x7F, 0xD0, 0x00, 0x2F, 0xFB, 0xFD, 0x00, 0x1F, 0xFF, 0xFF, 0xD0, 0x0B, 0xFF, 0xFF, 0xFD, 0x02,
    0xFF, 0x40, 0xFF, 0xC0, 0x3F, 0xD0, 0x07, 0xFC, 0x0B, 0xF8, 0x00, 0x7F, 0xC0, 0xFF, 0x00, 0x0B,
    0xFC, 0x1F, 0xF0, 0x00, 0xFF, 0x82, 0xFE, 0x00, 0x0F, 0xF0, 0x3F, 0xE0, 0x01, 0xFF, 0x03, 0xFE,
    0x00, 0x3F, 0xE0, 0x3F, 0xE0, 0x03, 0xFC, 0x03, 0xFF, 0x00, 0xFF, 0x40, 0x2F, 0xF4, 0x3F, 0xE0,
    0x01, 0xFF, 0xFF, 0xFC, 0x00, 0x0B, 0xFF, 0xFE, 0x00, 0x00, 0x1F, 0xFF, 0x40, 0x00, 0x00, 0x05,
    0x00, 0x00, 0x00, 0x3F, 0xFF, 0xFF, 0xFE, 0x0F, 0xFF, 0xFF, 0xFF, 0xD3, 0xFF, 0xFF, 0xFF, 0xF4,
    0xFF, 0xEA, 0xAF, 0xFD, 0x00, 0x00, 0x03, 0xFF, 0x40, 0x00, 0x00, 0xFF, 0xD0, 0x00, 0x00, 0x3F,
    0xF4, 0x00, 0x00, 0x0F, 0xFD, 0x00, 0x00, 0x03, 0xFF, 0x45, 0x55, 0x40, 0xFF, 0xD2, 0xFF, 0xFF,
    0xFF, 0xF4, 0xBF, 0xFF, 0xFF, 0xFD, 0x2F, 0xFF, 0xFF, 0xFF, 0x40, 0x00, 0x00, 0xFF, 0xD0, 0x00,
    0x00, 0x3F, 0xF4, 0x00, 0x00, 0x0F, 0xFD, 0x00, 0x00, 0x03, 0xFF, 0x40, 0x00, 0x00, 0xFF, 0xD0,
    0x00, 0x00, 0x3F, 0xF5, 0xEA, 0xAA, 0x5F, 0xFD, 0x7F, 0xFF, 0xFF, 0xFF, 0x5F, 0xFF, 0xFF, 0xFF,
    0xD7, 0xFF, 0xFF, 0xFF, 0xF0, 0x00, 0x00, 0x00, 0x00, 0x00, 0x00, 0x00, 0x00, 0x01, 0x69, 0x40,
    0x02, 0x80, 0x00, 0x1B, 0xFF, 0xFF, 0x42, 0xF8, 0x00, 0x3F, 0xFF, 0xFF, 0xFA, 0xFC, 0x00, 0x3F,
    0xFF, 0xFF, 0xFF, 0xFC, 0x00, 0x3F, 0xFE, 0x00, 0xBF, 0xFC, 0x00, 0x3F, 0xF8, 0x00, 0x03, 0xFF,
    0x40, 0x1F, 0xF8, 0x00, 0x01, 0xFF, 0xF0, 0x0F, 0xFC, 0x00, 0x01, 0xFF, 0xFD, 0x07, 0xFD, 0x00,
    0x01, 0xFC, 0xFF, 0x82, 0xFF, 0x00, 0x01, 0xFC, 0x2F, 0xF0, 0xFF, 0xC0, 0x01, 0xFD, 0x0B, 0xFC,
    0x3F, 0xE0, 0x00, 0xFD, 0x02, 0xFF, 0x0F, 0xF8, 0x00, 0xFD, 0x00, 0xBF, 0xC3, 0xFE, 0x00, 0xFD,
    0x00, 0x2F, 0xF0, 0xFF, 0x80, 0xFD, 0x00, 0x0F, 0xFC, 0x3F, 0xE0, 0xFD, 0x00, 0x03, 0xFE, 0x0B,
    0xFC, 0xFE, 0x00, 0x01, 0xFF, 0x41, 0xFF, 0xFE, 0x00, 0x00, 0xFF, 0xC0, 0x3F, 0xFE, 0x00, 0x00,
    0xBF, 0xD0, 0x07, 0xFF, 0x00, 0x00, 0xBF, 0xF0, 0x00, 0xFF, 0xF4, 0x01, 0xFF, 0xF0, 0x00, 0xBF,
    0xFF, 0xFF, 0xFF, 0xF4, 0x00, 0xBF, 0xFF, 0xFF, 0xFF, 0xF0, 0x00, 0xBF, 0x07, 0xFF, 0xFF, 0xD0,
    0x00, 0x0F, 0x00, 0x06, 0xA5, 0x00, 0x00, 0x00, 0x00, 0x00, 0x00, 0x00, 0x00, 0x00, 0x00, 0x00,
    0x00, 0x50, 0x00, 0x00, 0x00, 0x01, 0xFF, 0x00, 0x00, 0x00, 0x00, 0x3F, 0xF8, 0x00, 0x00, 0x00,
    0x0B, 0xFF, 0xC0, 0x00, 0x00, 0x00, 0xFF, 0xFD, 0x00, 0x00, 0x00, 0x1F, 0xFF, 0xE0, 0x00, 0x00,
    0x03, 0xFB, 0xFF, 0x00, 0x00, 0x00, 0x7F, 0x3F, 0xF4, 0x00, 0x00, 0x0B, 0xF1, 0xFF, 0xC0, 0x00,
    0x00, 0xFD, 0x0F, 0xFC, 0x00, 0x00, 0x2F, 0xC0, 0xFF, 0xE0, 0x00, 0x03, 0xF8, 0x07, 0xFF, 0x00,
    0x00, 0x7F, 0x40, 0x3F, 0xF4, 0x00, 0x0F, 0xF0, 0x03, 0xFF, 0x80, 0x00, 0xFE, 0x00, 0x1F, 0xFC,
    0x00, 0x2F, 0xC0, 0x00, 0xFF, 0xD0, 0x03, 0xFC, 0x00, 0x0F, 0xFE, 0x00, 0x7F, 0x80, 0x00, 0x7F,
    0xF0, 0x0F, 0xF0, 0x00, 0x03, 0xFF, 0x41, 0xFF, 0x00, 0x00, 0x3F, 0xFC, 0x3F, 0xD0, 0x00, 0x01,
    0xFF, 0xC3, 0xFF, 0xFF, 0xFF, 0xFF, 0xFE, 0x7F, 0xFF, 0xFF, 0xFF, 0xFF, 0xE7, 0xFF, 0xFF, 0xFF,
    0xFF, 0xFE, 0x3F, 0xFF, 0xFF, 0xFF, 0xFF, 0x7F, 0xFF, 0xFF, 0xFF, 0xFF, 0xFF, 0xFF, 0xFF, 0xFF,
    0xFF, 0xF9, 0xFF, 0xE5, 0x55, 0x57, 0xFD, 0x3F, 0xF8, 0x00, 0x01, 0xFF, 0x0B, 0xFF, 0x00, 0x00,
    0xBF, 0x41, 0xFF, 0xC0, 0x00, 0x3F, 0xC0, 0x3F, 0xF8, 0x00, 0x1F, 0xE0, 0x0B, 0xFF, 0x00, 0x0F,
    0xF0, 0x01, 0xFF, 0xC0, 0x03, 0xFC, 0x00, 0x3F, 0xF8, 0x02, 0xFD, 0x00, 0x0B, 0xFF, 0x00, 0xFF,
    0x00, 0x00, 0xFF, 0xC0, 0x3F, 0x80, 0x00, 0x3F, 0xF8, 0x2F, 0xC0, 0x00, 0x07, 0xFF, 0x0F, 0xE0,
    0x00, 0x00, 0xFF, 0xC7, 0xF4, 0x00, 0x00, 0x2F, 0xFA, 0xFC, 0x00, 0x00, 0x07, 0xFF, 0xFD, 0x00,
    0x00, 0x00, 0xFF, 0xFF, 0x00, 0x00, 0x00, 0x2F, 0xFF, 0x80, 0x00, 0x00, 0x03, 0xFF, 0xC0, 0x00,
    0x00, 0x00, 0xFF, 0xE0, 0x00, 0x00, 0x00, 0x1F, 0xF0, 0x00, 0x00, 0x00, 0x02, 0x40, 0x00, 0x00,
    0x00, 0x00, 0x6B, 0xFF, 0xFF, 0xF4, 0x00, 0x2F, 0xFF, 0xFF, 0xFF, 0xD0, 0x07, 0xFF, 0xFF, 0xFF,
    0xFF, 0x40, 0x7F, 0xFF, 0xFF, 0xFF, 0xFD, 0x07, 0xFF, 0x90, 0x00, 0x00, 0x00, 0x3F, 0xF4, 0x00,
    0x00, 0x00, 0x01, 0xFF, 0x80, 0x00, 0x00, 0x00, 0x0F, 0xFC, 0x00, 0x00, 0x00, 0x00, 0x3F, 0xE0,
    0x00, 0x00, 0x00, 0x01, 0xFF, 0x85, 0x55, 0x55, 0x55, 0x47, 0xFF, 0xFF, 0xFF, 0xFF, 0xFF, 0x5F,
    0xFF, 0xFF, 0xFF, 0xFF, 0xFD, 0x7F, 0xFF, 0xFF, 0xFF, 0xFF, 0xF5, 0xFF, 0x95, 0x55, 0x55, 0x55,
    0x43, 0xFE, 0x00, 0x00, 0x00, 0x00, 0x0F, 0xFC, 0x00, 0x00, 0x00, 0x00, 0x2F, 0xF4, 0x00, 0x00,
    0x00, 0x00, 0x3F, 0xF4, 0x00, 0x00, 0x00, 0x00, 0x7F, 0xF8, 0x00, 0x00, 0x00, 0x00, 0xBF, 0xFF,
    0xFF, 0xFF, 0xFD, 0x00, 0xBF, 0xFF, 0xFF, 0xFF, 0xF4, 0x00, 0x2F, 0xFF, 0xFF, 0xFF, 0xD0, 0x00,
    0x06, 0xFF, 0xFF, 0xFF, 0x40, 0x00, 0x00, 0x00, 0x00, 0x6A, 0x00, 0x00, 0x00, 0x00, 0x03, 0xFC,
    0x00, 0x00, 0x00, 0x00, 0x0F, 0xF0, 0x00, 0x00, 0x1A, 0xFF, 0xFF, 0xFD, 0x00, 0x0B, 0xFF, 0xFF,
    0xFF, 0xF4, 0x01, 0xFF, 0xFF, 0xFF, 0xFF, 0xD0, 0x1F, 0xFF, 0xFF, 0xFF, 0xFF, 0x41, 0xFF, 0xE4,
    0x03, 0xFC, 0x00, 0x0F, 0xFD, 0x00, 0x1F, 0xE0, 0x00, 0x7F, 0xE0, 0x00, 0xBF, 0x40, 0x03, 0xFF,
    0x00, 0x03, 0xFC, 0x00, 0x0F, 0xF8, 0x00, 0x1F, 0xE0, 0x00, 0x7F, 0xE1, 0x55, 0xFF, 0x95, 0x51,
    0xFF, 0xFF, 0xFF, 0xFF, 0xFF, 0xD7, 0xFF, 0xFF, 0xFF, 0xFF, 0xFF, 0x5F, 0xFF, 0xFF, 0xFF, 0xFF,
    0xFD, 0x7F, 0xE5, 0x5B, 0xFD, 0x55, 0x50, 0xFF, 0x80, 0x2F, 0xD0, 0x00, 0x03, 0xFF, 0x00, 0xFF,
    0x00, 0x00, 0x0B, 0xFD, 0x07, 0xF8, 0x00, 0x00, 0x0F, 0xFD, 0x2F, 0xD0, 0x00, 0x00, 0x1F, 0xFE,
    0xFF, 0x00, 0x00, 0x00, 0x2F, 0xFF, 0xFF, 0xFF, 0xFF, 0x40, 0x2F, 0xFF, 0xFF, 0xFF, 0xFD, 0x00,
    0x1F, 0xFF, 0xFF, 0xFF, 0xF4, 0x00, 0x0B, 0xFF, 0xFF, 0xFF, 0xD0, 0x00, 0x3F, 0xC0, 0x00, 0x00,
    0x00, 0x01, 0xFE, 0x00, 0x00, 0x00, 0x00, 0x07, 0xF4, 0x00, 0x00, 0x00, 0x00, 0x01, 0xBF, 0xFF,
    0xFF, 0xF4, 0x00, 0xBF, 0xFF, 0xFF, 0xFF, 0xD0, 0x1F, 0xFF, 0xFF, 0xFF, 0xFF, 0x41, 0xFF, 0xFF,
    0xFF, 0xFF, 0xFD, 0x0F, 0xFF, 0x40, 0x00, 0x00, 0x00, 0xBF, 0xE0, 0x00, 0x00, 0x00, 0x03, 0xFF,
    0x00, 0x00, 0x00, 0x00, 0x0F, 0xF8, 0x15, 0x55, 0x55, 0x54, 0x7F, 0xFF, 0xFF, 0xFF, 0xFF, 0xF5,
    0xFF, 0xFF, 0xFF, 0xFF, 0xFF, 0xD7, 0xFF, 0xFF, 0xFF, 0xFF, 0xFF, 0x5F, 0xF9, 0x55, 0x55, 0x55,
    0x54, 0x3F, 0xF0, 0x00, 0x00, 0x00, 0x00, 0xBF, 0xE0, 0x00, 0x00, 0x00, 0x00, 0xFF, 0xE0, 0x00,
    0x00, 0x00, 0x01, 0xFF, 0xFF, 0xFF, 0xFF, 0xFD, 0x01, 0xFF, 0xFF, 0xFF, 0xFF, 0xF4, 0x00, 0xFF,
    0xFF, 0xFF, 0xFF, 0xD0, 0x00, 0x2B, 0xFF, 0xFF, 0xFF, 0x40, 0x00, 0x00, 0x00, 0x00, 0x00, 0x7F,
    0xFF, 0xFF, 0xA4, 0x00, 0x01, 0xFF, 0xFF, 0xFF, 0xFE, 0x00, 0x07, 0xFF, 0xFF, 0xFF, 0xFF, 0x40,
    0x1F, 0xFF, 0xFF, 0xFF, 0xFF, 0x40, 0x00, 0x00, 0x00, 0x1B, 0xFF, 0x40, 0x00, 0x00, 0x00, 0x07,
    0xFF, 0x00, 0x00, 0x00, 0x00, 0x0B, 0xFD, 0x00, 0x00, 0x00, 0x00, 0x0F, 0xFC, 0x00, 0x00, 0x00,
    0x00, 0x2F, 0xF0, 0x55, 0x55, 0x55, 0x54, 0xBF, 0xD7, 0xFF, 0xFF, 0xFF, 0xFF, 0xFF, 0x5F, 0xFF,
    0xFF, 0xFF, 0xFF, 0xFD, 0x7F, 0xFF, 0xFF, 0xFF, 0xFF, 0xF4, 0x55, 0x55, 0x55, 0x55, 0xBF, 0xD0,
    0x00, 0x00, 0x00, 0x02, 0xFF, 0x00, 0x00, 0x00, 0x00, 0x0F, 0xFC, 0x00, 0x00, 0x00, 0x00, 0x7F,
    0xE0, 0x00, 0x00, 0x00, 0x07, 0xFF, 0x00, 0x00, 0x00, 0x00, 0xBF, 0xF4, 0x1F, 0xFF, 0xFF, 0xFF,
    0xFF, 0x80, 0x7F, 0xFF, 0xFF, 0xFF, 0xF8, 0x01, 0xFF, 0xFF, 0xFF, 0xFE, 0x00, 0x07, 0xFF, 0xFF,
    0xFE, 0x40, 0x00, 0x00, 0x06, 0xA4, 0x00, 0x00, 0x00, 0x00, 0x0F, 0xF0, 0x00, 0x00, 0x00, 0x00,
    0x3F, 0xC0, 0x00, 0x00, 0x00, 0x1F, 0xFF, 0xFF, 0xE9, 0x00, 0x00, 0x7F, 0xFF, 0xFF, 0xFF, 0x80,
    0x01, 0xFF, 0xFF, 0xFF, 0xFF, 0xD0, 0x07, 0xFF, 0xFF, 0xFF, 0xFF, 0xD0, 0x00, 0x0F, 0xF0, 0x06,
    0xFF, 0xD0, 0x00, 0x2F, 0xD0, 0x01, 0xFF, 0xC0, 0x00, 0x7F, 0x80, 0x02, 0xFF, 0x40, 0x00, 0xFF,
    0x00, 0x03, 0xFF, 0x00, 0x02, 0xFD, 0x00, 0x0B, 0xFC, 0x15, 0x5B, 0xFD, 0x55, 0x2F, 0xF5, 0xFF,
    0xFF, 0xFF, 0xFF, 0xFF, 0xD7, 0xFF, 0xFF, 0xFF, 0xFF, 0xFF, 0x5F, 0xFF, 0xFF, 0xFF, 0xFF, 0xFD,
    0x15, 0x55, 0xFF, 0x95, 0x6F, 0xF4, 0x00, 0x01, 0xFE, 0x00, 0xBF, 0xC0, 0x00, 0x03, 0xFC, 0x03,
    0xFF, 0x00, 0x00, 0x0B, 0xF4, 0x1F, 0xF8, 0x00, 0x00, 0x1F, 0xE1, 0xFF, 0xC0, 0x00, 0x00, 0x3F,
    0xEF, 0xFD, 0x07, 0xFF, 0xFF, 0xFF, 0xFF, 0xE0, 0x1F, 0xFF, 0xFF, 0xFF, 0xFE, 0x00, 0x7F, 0xFF,
    0xFF, 0xFF, 0xD0, 0x01, 0xFF, 0xFF, 0xFF, 0xF8, 0x00, 0x00, 0x00, 0x00, 0x0F, 0xF0, 0x00, 0x00,
    0x00, 0x00, 0x2F, 0xD0, 0x00, 0x00, 0x00, 0x00, 0x7F, 0x40, 0x00, 0x7F, 0xFF, 0xFF, 0xF9, 0x00,
    0x01, 0xFF, 0xFF, 0xFF, 0xFF, 0x80, 0x07, 0xFF, 0xFF, 0xFF, 0xFF, 0xD0, 0x1F, 0xFF, 0xFF, 0xFF,
    0xFF, 0xD0, 0x00, 0x00, 0x00, 0x07, 0xFF, 0xC0, 0x00, 0x00, 0x00, 0x02, 0xFF, 0x80, 0x00, 0x00,
    0x00, 0x03, 0xFF, 0x05, 0x55, 0x55, 0x55, 0x0B, 0xFC, 0x7F, 0xFF, 0xFF, 0xFF, 0xFF, 0xF5, 0xFF,
    0xFF, 0xFF, 0xFF, 0xFF, 0xD7, 0xFF, 0xFF, 0xFF, 0xFF, 0xFF, 0x45, 0x55, 0x55, 0x55, 0x5B, 0xFD,
    0x00, 0x00, 0x00, 0x00, 0x3F, 0xF0, 0x00, 0x00, 0x00, 0x02, 0xFF, 0x80, 0x00, 0x00, 0x00, 0x2F,
    0xFC, 0x1F, 0xFF, 0xFF, 0xFF, 0xFF, 0xD0, 0x7F, 0xFF, 0xFF, 0xFF, 0xFD, 0x01, 0xFF, 0xFF, 0xFF,
    0xFF, 0xC0, 0x07, 0xFF, 0xFF, 0xFF, 0xA0, 0x00, 0x00, 0x00, 0x00, 0x00, 0x00, 0x00, 0xBF, 0xFF,
    0xFF, 0xFF, 0xFF, 0xFF, 0xDF, 0xFF, 0xFF, 0xFF, 0xFF, 0xFF, 0xFD, 0xBF, 0xFF, 0xFF, 0xFF, 0xFF,
    0xFF, 0x40, 0x3F, 0xF9, 0x55, 0x57, 0xFF, 0x80, 0x03, 0xFF, 0x40, 0x00, 0x3F, 0xF4, 0x00, 0x3F,
    0xF4, 0x00, 0x03, 0xFF, 0x40, 0x03, 0xFF, 0x40, 0x00, 0x3F, 0xF4, 0x00, 0x3F, 0xF4, 0x00, 0x03,
    0xFF, 0x40, 0x03, 0xFF, 0x40, 0x00, 0x3F, 0xF4, 0x00, 0x3F, 0xF4, 0x00, 0x03, 0xFF, 0x40, 0x03,
    0xFF, 0x40, 0x00, 0x3F, 0xF4, 0x00, 0x3F, 0xF4, 0x00, 0x03, 0xFF, 0x40, 0x03, 0xFF, 0x40, 0x00,
    0x3F, 0xF4, 0x00, 0x3F, 0xF4, 0x00, 0x03, 0xFF, 0x40, 0x03, 0xFF, 0x40, 0x00, 0x3F, 0xF4, 0x00,
    0x3F, 0xF4, 0x00, 0x03, 0xFF, 0x40, 0x03, 0xFF, 0x40, 0x00, 0x3F, 0xF4, 0x00, 0x3F, 0xF4, 0x00,
    0x03, 0xFF, 0x40, 0x03, 0xFF, 0x40, 0x00, 0x3F, 0xF4, 0x00, 0x3F, 0xF4, 0x00, 0x03, 0xFF, 0x40,
    0x03, 0xFF, 0x40, 0x00, 0x3F, 0xF4, 0x00, 0x3F, 0xF4, 0x00, 0x03, 0xFF, 0x40, 0x03, 0xFF, 0x40,
    0x00, 0x3F, 0xF4, 0x00, 0x3F, 0xF4, 0x00, 0x03, 0xFF, 0x40, 0x03, 0xFF, 0x40, 0x00, 0x3F, 0xF4,
    0x01, 0xFF, 0xFF, 0x80, 0x1F, 0xFF, 0xF8, 0xBF, 0xFF, 0xFD, 0x0B, 0xFF, 0xFF, 0xDF, 0xFF, 0xFF,
    0xD0, 0xFF, 0xFF, 0xFD, 0x00, 0x00, 0x00, 0x00, 0x00, 0x00, 0x00, 0x1F, 0xFF, 0xFF, 0xFF, 0xF8,
    0x0F, 0xFF, 0xFF, 0xFF, 0xFF, 0x07, 0xFF, 0xFF, 0xFF, 0xFF, 0xC0, 0xFF, 0xF5, 0x55, 0x5F, 0xF0,
    0x1F, 0xFD, 0x00, 0x01, 0xFC, 0x02, 0xFF, 0xC0, 0x00, 0x3F, 0x00, 0x3F, 0xF8, 0x00, 0x0B, 0xC0,
    0x07, 0xFF, 0x40, 0x00, 0x00, 0x00, 0xBF, 0xF0, 0x00, 0x00, 0x00, 0x0F, 0xFE, 0x00, 0x00, 0x00,
    0x01, 0xFF, 0xD0, 0x00, 0x00, 0x00, 0x2F, 0xFC, 0x00, 0x00, 0x00, 0x03, 0xFF, 0x80, 0x00, 0x00,
    0x00, 0x7F, 0xF0, 0x00, 0x00, 0x00, 0x0F, 0xFC, 0x00, 0x00, 0x00, 0x0F, 0xFC, 0x00, 0x00, 0x00,
    0x0B, 0xFD, 0x00, 0x00, 0x00, 0x07, 0xFE, 0x00, 0x00, 0x00, 0x03, 0xFF, 0x00, 0x00, 0x00, 0x03,
    0xFF, 0x00, 0x00, 0x00, 0x02, 0xFF, 0x00, 0x00, 0x3E, 0x01, 0xFF, 0x40, 0x00, 0x1F, 0xC0, 0xFF,
    0x80, 0x00, 0x0F, 0xF0, 0xFF, 0xC0, 0x00, 0x07, 0xFC, 0xBF, 0xFF, 0xFF, 0xFF, 0xFE, 0x3F, 0xFF,
    0xFF, 0xFF, 0xFF, 0x4B, 0xFF, 0xFF, 0xFF, 0xFF, 0xC0, 0xFF, 0xFF, 0xFF, 0xFF, 0xF0, 0x00, 0x00,
    0x00, 0x00, 0x10, 0x00, 0xFF, 0xFF, 0xFF, 0xF7, 0xFF, 0xFF, 0xFF, 0xEF, 0xFF, 0xFF, 0xFF, 0x95,
    0x55, 0x55, 0x54, 0x00, 0x00, 0x00, 0x00, 0xFE, 0x00, 0x00, 0x00, 0x00, 0xBF, 0x40, 0x00, 0x00,
    0x00, 0x7F, 0x80, 0x00, 0x00, 0x00, 0x3F, 0xC0, 0x00, 0x00, 0x00, 0x2F, 0xE0, 0x00, 0x00, 0x00,
    0x0F, 0xF0, 0x00, 0x00, 0x00, 0x0B, 0xF4, 0x00, 0x00, 0x00, 0x07, 0xF8, 0x00, 0x00, 0x00, 0x03,
    0xFC, 0x00, 0x00, 0x00, 0x01, 0xFE, 0x00, 0x00, 0x00, 0x00, 0xFF, 0x00, 0x00, 0x00, 0x00, 0xBF,
    0x40, 0x00, 0x00, 0x00, 0x7F, 0x80, 0x00, 0x00, 0x00, 0x3F, 0xC0, 0x00, 0x00, 0x00, 0x1F, 0xE0,
    0x00, 0x00, 0x00, 0x0F, 0xF0, 0x00, 0x00, 0x00, 0x0B, 0xF4, 0x00, 0x00, 0x00, 0x07, 0xF8, 0x00,
    0x00, 0x00, 0x03, 0xFC, 0x00, 0x00, 0x00, 0x01, 0xFE, 0x00, 0x00, 0x00, 0x00, 0xFF, 0x00, 0x00,
    0x00, 0x00, 0xBF, 0x40, 0x00, 0x00, 0x00, 0x7F, 0xC0, 0x00, 0x00, 0x00, 0x3F, 0xC0, 0x00, 0x00,
    0x00, 0x1F, 0xE0, 0x00, 0x00, 0x00, 0x05, 0x50, 0x00, 0x00, 0x00, 0x00, 0xBF, 0x40, 0x00, 0x00,
    0x7F, 0xC0, 0x00, 0x00, 0x3F, 0xD0, 0x00, 0x00, 0x2F, 0xF0, 0x00, 0x00, 0x0F, 0xF0, 0x00, 0x00,
    0x0B, 0xF8, 0x00, 0x00, 0x03, 0xFC, 0x00, 0x00, 0x03, 0xFE, 0x00, 0x00, 0x01, 0xFF, 0x00, 0x00,
    0x00, 0xFF, 0x40, 0x00, 0x00, 0x7F, 0xC0, 0x00, 0x00, 0x3F, 0xD0, 0x00, 0x00, 0x2F, 0xE0, 0x00,
    0x00, 0x0F, 0xF0, 0x00, 0x00, 0x0B, 0xF8, 0x00, 0x00, 0x07, 0xFC, 0x00, 0x00, 0x03, 0xFD, 0x00,
    0x00, 0x01, 0xFF, 0x00, 0x00, 0x00, 0xFF, 0x40, 0x00, 0x00, 0xBF, 0x80, 0x00, 0x00, 0x3F, 0xC0,
    0x00, 0x00, 0x2F, 0xE0, 0x00, 0x00, 0x1F, 0xF0, 0x00, 0x00, 0x0F, 0xF4, 0x00, 0x00, 0x07, 0xFC,
    0x00, 0x00, 0x01, 0x54, 0x00, 0x07, 0xF0, 0x00, 0x00, 0x07, 0xF0, 0x00, 0x00, 0x07, 0xF0, 0x00,
    0x0F, 0x03, 0xF0, 0x78, 0x2F, 0xD3, 0xE3, 0xFC, 0x3F, 0xFF, 0xFF, 0xFD, 0x07, 0xFF, 0xFF, 0xE0,
    0x00, 0x7F, 0xFE, 0x00, 0x00, 0xBF, 0xFF, 0x40, 0x0B, 0xFF, 0xFF, 0xF4, 0x3F, 0xFB, 0xFF, 0xFD,
    0x1F, 0xC3, 0xE1, 0xFC, 0x0D, 0x07, 0xF0, 0x34, 0x00, 0x07, 0xF0, 0x00, 0x00, 0x07, 0xF0, 0x00,
    0x00, 0x01, 0x50, 0x00, 0x00, 0x6A, 0x40, 0x01, 0xFF, 0xFD, 0x01, 0xFF, 0xFF, 0xD0, 0xFF, 0x5B,
    0xFC, 0x7F, 0x00, 0xBF, 0x2F, 0xC0, 0x1F, 0xCB, 0xF0, 0x03, 0xF2, 0xFC, 0x02, 0xFC, 0x3F, 0xD6,
    0xFE, 0x0B, 0xFF, 0xFF, 0x00, 0xFF, 0xFF, 0x00, 0x06, 0xF9, 0x00, 0x1A, 0x81, 0xFF, 0xCB, 0xFF,
    0x2F, 0xFC, 0x7F, 0xE0, 0x15, 0x00, 0x00, 0x00, 0x00, 0x00, 0x0A, 0x80, 0x00, 0x00, 0x00, 0x02,
    0xFC, 0x00, 0x00, 0x00, 0x00, 0x3F, 0xC0, 0x00, 0x00, 0x00, 0x03, 0xF4, 0x00, 0x00, 0x00, 0x00,
    0x7F, 0x00, 0x00, 0x00, 0x00, 0x0F, 0xF0, 0x00, 0x00, 0x00, 0x00, 0xFE, 0x00, 0x00, 0x00, 0x00,
    0x1F, 0xC0, 0x00, 0x00, 0x00, 0x02, 0xFC, 0x00, 0x00, 0x00, 0x00, 0x3F, 0x80, 0x00, 0x00, 0x00,
    0x03, 0xF4, 0x00, 0x00, 0x00, 0x00, 0xBF, 0x00, 0x00, 0x00, 0x00, 0x0F, 0xE0, 0x07, 0xFF, 0xD0,
    0x00, 0xFD, 0x00, 0x7F, 0xFE, 0x00, 0x1F, 0xC0, 0x07, 0xFF, 0xF0, 0x02, 0xF8, 0x00, 0x16, 0xFF,
    0x00, 0x3F, 0x40, 0x00, 0x0F, 0xF4, 0x07, 0xF0, 0x00, 0x00, 0xBF, 0x80, 0xBF, 0x00, 0x00, 0x07,
    0xFC, 0x0F, 0xD0, 0x00, 0x00, 0x3F, 0xC0, 0xFC, 0x00, 0x00, 0x03, 0xFD, 0x1F, 0xC0, 0x00, 0x00,
    0x1F, 0xE3, 0xF8, 0x00, 0x00, 0x00, 0xFF, 0x3F, 0x00, 0x00, 0x00, 0x0F, 0xF7, 0xF0, 0x00, 0x00,
    0x00, 0xBF, 0xFE, 0x00, 0x00, 0x00, 0x03, 0xFF, 0xD0, 0x00, 0x00, 0x00, 0x3F, 0xFC, 0x00, 0x00,
    0x00, 0x02, 0xFF, 0x80, 0x00, 0x00, 0x00, 0x1F, 0xF4, 0x00, 0x00, 0x00, 0x00, 0xBF, 0x00, 0x00,
    0x00, 0x00, 0x10, 0x00, 0x01, 0x00, 0xFF, 0xD0, 0x07, 0xC0, 0xFF, 0xFD, 0x0B, 0xF0, 0xFF, 0xFF,
    0xCB, 0xF8, 0x3F, 0x82, 0xFF, 0xF0, 0x1F, 0xC0, 0x3F, 0xF0, 0x0B, 0xE0, 0x03, 0xF8, 0x02, 0xFC,
    0x02, 0xFF, 0x40, 0x7F, 0x42, 0xFF, 0xF4, 0x0F, 0xFF, 0xFC, 0xFF, 0x82, 0xFF, 0xFC, 0x0F, 0xF0,
    0x2F, 0xF8, 0x00, 0xFC, 0x00, 0x50, 0x00, 0x06, 0x00, 0x00, 0x10, 0x00, 0x01, 0x40, 0x01, 0xFF,
    0xC0, 0x0B, 0xFD, 0x01, 0xFF, 0xFC, 0x0F, 0xFF, 0xD0, 0xFF, 0xFF, 0xCF, 0xFF, 0xFC, 0x7F, 0x43,
    0xFF, 0xE0, 0xBF, 0x2F, 0xC0, 0x3F, 0xE0, 0x0F, 0xCB, 0xE0, 0x0B, 0xF0, 0x03, 0xF2, 0xF8, 0x03,
    0xFF, 0x00, 0xFC, 0x7F, 0x03, 0xFF, 0xE0, 0xBF, 0x0F, 0xFF, 0xF9, 0xFF, 0xFF, 0x82, 0xFF, 0xF8,
    0x1F, 0xFF, 0xC0, 0x2F, 0xF8, 0x01, 0xFF, 0xC0, 0x00, 0x50, 0x00, 0x01, 0x00, 0x00, 0x7F, 0x80,
    0x00, 0x00, 0x00, 0x1F, 0xE0, 0x00, 0x00, 0x00, 0x07, 0xF8, 0x00, 0x00, 0x00, 0x01, 0xFE, 0x00,
    0x00, 0x00, 0x00, 0x7F, 0x80, 0x00, 0x00, 0x00, 0x1F, 0xE0, 0x00, 0x00, 0x00, 0x07, 0xF8, 0x00,
    0x00, 0x00, 0x01, 0xFE, 0x00, 0x00, 0x00, 0x00, 0x7F, 0x80, 0x00, 0x00, 0x00, 0x1F, 0xE0, 0x00,
    0x00, 0x00, 0x07, 0xF8, 0x00, 0x00, 0x00, 0x01, 0xFE, 0x00, 0x00, 0x00, 0x00, 0x7F, 0x80, 0x00,
    0x00, 0x00, 0x1F, 0xE0, 0x00, 0x00, 0x00, 0x07, 0xF8, 0x00, 0x00, 0x00, 0x01, 0xFE, 0x00, 0x00,
    0x00, 0x00, 0x7F, 0x80, 0x00, 0x00, 0x00, 0x1F, 0xE0, 0x00, 0x00, 0x00, 0x07, 0xF8, 0x00, 0x00,
    0x00, 0x01, 0xFF, 0xFF, 0xFF, 0xFF, 0xFD, 0x7F, 0xFF, 0xFF, 0xFF, 0xFF, 0x5F, 0xFF, 0xFF, 0xFF,
    0xFF, 0xD7, 0xFF, 0xFF, 0xFF, 0xFF, 0xF4, 0x00, 0x00, 0x00, 0x00, 0x09, 0x00, 0x00, 0x00, 0x00,
    0x00, 0x07, 0xD0, 0x00, 0x00, 0x00, 0x00, 0x07, 0xFE, 0x00, 0x00, 0x00, 0x00, 0x03, 0xFF, 0x00,
    0x00, 0x00, 0x00, 0x03, 0xFF, 0x40, 0x00, 0x00, 0x00, 0x02, 0xFF, 0x80, 0x00, 0x00, 0x00, 0x01,
    0xFF, 0x80, 0x00, 0x00, 0x00, 0x01, 0xFF, 0xC0, 0x00, 0x00, 0x00, 0x00, 0xFF, 0xC0, 0x00, 0x00,
    0x00, 0x00, 0xFF, 0xD0, 0x00, 0x00, 0x00, 0x00, 0xBF, 0xD0, 0x00, 0x00, 0x00, 0x00, 0x7F, 0xE0,
    0x00, 0x00, 0x00, 0x00, 0x7F, 0xF0, 0x00, 0x00, 0x00, 0x00, 0x3F, 0xF0, 0x00, 0x00, 0x00, 0x00,
    0x3F, 0xF0, 0x00, 0x00, 0x00, 0x00, 0x2F, 0xF4, 0x00, 0x00, 0x00, 0x00, 0x1F, 0xF8, 0x00, 0x00,
    0x00, 0x00, 0x1F, 0xFC, 0x00, 0x00, 0x00, 0x00, 0x0F, 0xFC, 0x00, 0x00, 0x00, 0x00, 0x0F, 0xFF,
    0xFF, 0xFF, 0xFF, 0xFE, 0x0B, 0xFF, 0xFF, 0xFF, 0xFF, 0xFF, 0x87, 0xFF, 0xFF, 0xFF, 0xFF, 0xFF,
    0xE7, 0xFF, 0xFF, 0xFF, 0xFF, 0xFF, 0xF8, 0x6A, 0x3F, 0xDF, 0xF7, 0xFD, 0xFF, 0x7F, 0xDF, 0xF7,
    0xFD, 0xFF, 0x7F, 0xDF, 0xF7, 0xFD, 0xFF, 0x7F, 0xDF, 0xF7, 0xFD, 0xFF, 0x7F, 0xDF, 0xF7, 0xFD,
    0xFF, 0x7F, 0xDF, 0xF7, 0xFD, 0xFF, 0x7F, 0xDF, 0xF7, 0xFD, 0xFF, 0x7F, 0xDF, 0xF7, 0xFD, 0xFF,
    0x55, 0x40, 0x2A, 0x40, 0xA9, 0x3F, 0xC1, 0xFE, 0x3F, 0xC1, 0xFE, 0x3F, 0xC1, 0xFE, 0x3F, 0xC1,
    0xFE, 0x3F, 0xC1, 0xFE, 0x3F, 0xC1, 0xFE, 0x3F, 0xC1, 0xFE, 0x3F, 0xC1, 0xFE, 0x3F, 0xC1, 0xFE,
    0x3F, 0xC1, 0xFE, 0x3F, 0xC1, 0xFE, 0x3F, 0xC1, 0xFE, 0x3F, 0xC1, 0xFE, 0x3F, 0xC1, 0xFE, 0x3F,
    0xC1, 0xFE, 0x3F, 0xC1, 0xFE, 0x3F, 0xC1, 0xFE, 0x3F, 0xC1, 0xFE, 0x3F, 0xC1, 0xFE, 0x3F, 0xC1,
    0xFE, 0x3F, 0xC1, 0xFE, 0x3F, 0xC1, 0xFE, 0x3F, 0xC1, 0xFE, 0x3F, 0xC1, 0xFE, 0x3F, 0xC1, 0xFE,
    0x3F, 0xC1, 0xFE, 0x3F, 0xC1, 0xFE, 0x3F, 0xC1, 0xFE, 0x3F, 0xC1, 0xFE, 0x3F, 0xC1, 0xFE, 0x3F,
    0xC1, 0xFE, 0x3F, 0xC1, 0xFE, 0x15, 0x40, 0x55, 0x00, 0x00, 0x1F, 0xE0, 0x00, 0x00, 0x00, 0x00,
    0xBF, 0xC0, 0x00, 0x00, 0x00, 0x03, 0xFF, 0x40, 0x00, 0x00, 0x00, 0x2F, 0xFF, 0x00, 0x00, 0x00,
    0x00, 0xFF, 0xFC, 0x00, 0x00, 0x00, 0x07, 0xFF, 0xF8, 0x00, 0x00, 0x00, 0x3F, 0xEF, 0xF0, 0x00,
    0x00, 0x00, 0xFF, 0x3F, 0xD0, 0x00, 0x00, 0x0B, 0xF8, 0x7F, 0xC0, 0x00, 0x00, 0x3F, 0xD0, 0xFF,
    0x40, 0x00, 0x01, 0xFF, 0x02, 0xFE, 0x00, 0x00, 0x0F, 0xF8, 0x03, 0xFC, 0x00, 0x00, 0x3F, 0xC0,
    0x0F, 0xF4, 0x00, 0x02, 0xFF, 0x00, 0x1F, 0xF0, 0x00, 0x0F, 0xF4, 0x00, 0x3F, 0xD0, 0x00, 0x7F,
    0xC0, 0x00, 0xBF, 0x80, 0x03, 0xFE, 0x00, 0x01, 0xFF, 0x00, 0x0F, 0xF0, 0x00, 0x03, 0xFE, 0x00,
    0xBF, 0xC0, 0x00, 0x0B, 0xFC, 0x03, 0xFD, 0x00, 0x00, 0x0F, 0xF4, 0x1F, 0xF0, 0x00, 0x00, 0x2F,
    0xF0, 0xFF, 0x80, 0x00, 0x00, 0x7F, 0xC7, 0xFD, 0x00, 0x00, 0x00, 0xFF, 0x80, 0x7F, 0xC0, 0x00,
    0x00, 0x0F, 0xF8, 0xFF, 0x80, 0x00, 0x00, 0x7F, 0xC2, 0xFF, 0x00, 0x00, 0x02, 0xFF, 0x03, 0xFD,
    0x00, 0x00, 0x0F, 0xF4, 0x0B, 0xFC, 0x00, 0x00, 0x7F, 0xC0, 0x1F, 0xF0, 0x00, 0x03, 0xFE, 0x00,
    0x3F, 0xE0, 0x00, 0x0F, 0xF0, 0x00, 0x7F, 0xC0, 0x00, 0xBF, 0xC0, 0x00, 0xFF, 0x40, 0x03, 0xFD,
    0x00, 0x02, 0xFE, 0x00, 0x1F, 0xF0, 0x00, 0x07, 0xFC, 0x00, 0xFF, 0x80, 0x00, 0x0F, 0xF8, 0x03,
    0xFC, 0x00, 0x00, 0x1F, 0xF0, 0x2F, 0xE0, 0x00, 0x00, 0x3F, 0xD0, 0xFF, 0x40, 0x00, 0x00, 0xBF,
    0x87, 0xFC, 0x00, 0x00, 0x00, 0xFF, 0x2F, 0xE0, 0x00, 0x00, 0x03, 0xFE, 0xFF, 0x00, 0x00, 0x00,
    0x07, 0xFF, 0xF8, 0x00, 0x00, 0x00, 0x0F, 0xFF, 0xD0, 0x00, 0x00, 0x00, 0x2F, 0xFF, 0x00, 0x00,
    0x00, 0x00, 0x3F, 0xF4, 0x00, 0x00, 0x00, 0x00, 0xFF, 0xC0, 0x00, 0x00, 0x00, 0x01, 0xFE, 0x00,
    0x00, 0x00, 0x00, 0x01, 0x65, 0x00, 0x00, 0x01, 0xFF, 0xFF, 0xD0, 0x00, 0x3F, 0xFF, 0xFF, 0xF0,
    0x03, 0xFF, 0xFF, 0xFF, 0xF0, 0x2F, 0xFE, 0x56, 0xFF, 0xE0, 0xFF, 0x80, 0x00, 0xBF, 0xC7, 0xFC,
    0x00, 0x00, 0xFF, 0x5F, 0xE0, 0x00, 0x02, 0xFD, 0xBF, 0x40, 0x00, 0x07, 0xFA, 0xFD, 0x00, 0x00,
    0x1F, 0xEB, 0xF4, 0x00, 0x00, 0x7F, 0xAF, 0xD0, 0x00, 0x01, 0xFE, 0xBF, 0x40, 0x00, 0x07, 0xFA,
    0xFD, 0x00, 0x00, 0x1F, 0xEB, 0xF4, 0x00, 0x00, 0x7F, 0xAF, 0xD0, 0x00, 0x01, 0xFE, 0xBF, 0x40,
    0x00, 0x07, 0xFA, 0xFD, 0x00, 0x00, 0x1F, 0xEB, 0xF4, 0x00, 0x00, 0x7F, 0xAF, 0xD0, 0x00, 0x01,
    0xFE, 0xBF, 0x40, 0x00, 0x07, 0xFA, 0xFD, 0x00, 0x00, 0x1F, 0xEB, 0xF4, 0x00, 0x00, 0x7F, 0xAF,
    0xD0, 0x00, 0x01, 0xFE, 0xBF, 0x40, 0x00, 0x07, 0xFA, 0xFD, 0x00, 0x00, 0x1F, 0xEB, 0xF4, 0x00,
    0x00, 0x7F, 0xAF, 0xD0, 0x00, 0x01, 0xFE, 0xBF, 0x40, 0x00, 0x07, 0xFA, 0xFD, 0x00, 0x00, 0x1F,
    0xEB, 0xF4, 0x00, 0x00, 0x7F, 0xAF, 0xD0, 0x00, 0x01, 0xFE, 0xBF, 0x40, 0x00, 0x07, 0xFA, 0xFD,
    0x00, 0x00, 0x1F, 0xEB, 0xF4, 0x00, 0x00, 0x7F, 0xAF, 0xD0, 0x00, 0x01, 0xFE, 0xBF, 0x40, 0x00,
    0x07, 0xFA, 0xFD, 0x00, 0x00, 0x1F, 0xEB, 0xF4, 0x00, 0x00, 0x7F, 0xAF, 0xD0, 0x00, 0x01, 0xFE,
    0x7F, 0x80, 0x00, 0x0B, 0xF5, 0xFF, 0x00, 0x00, 0x3F, 0xD3, 0xFE, 0x00, 0x02, 0xFF, 0x0B, 0xFF,
    0x95, 0xBF, 0xF8, 0x0F, 0xFF, 0xFF, 0xFF, 0xC0, 0x0F, 0xFF, 0xFF, 0xFC, 0x00, 0x07, 0xFF, 0xFF,
    0x40, 0x00, 0x00, 0x59, 0x40, 0x00, 0x00, 0x00, 0x02, 0xBA, 0x00, 0x00, 0x00, 0x7F, 0xFF, 0x80,
    0x00, 0x0B, 0xFF, 0xFF, 0x00, 0x00, 0x3F, 0xFB, 0xFC, 0x00, 0x02, 0xFF, 0x07, 0xD0, 0x00, 0x0F,
    0xFC, 0x04, 0x00, 0x00, 0x3F, 0xF0, 0x00, 0x00, 0x01, 0xFF, 0xC0, 0x00, 0x00, 0x07, 0xFF, 0x00,
    0x00, 0x00, 0x1F, 0xFC, 0x00, 0x00, 0x00, 0x7F, 0xF0, 0x00, 0x00, 0x01, 0xFF, 0xC0, 0x00, 0x00,
    0x07, 0xFF, 0x00, 0x00, 0x00, 0x1F, 0xFC, 0x00, 0x00, 0x00, 0x7F, 0xF0, 0x00, 0x00, 0x01, 0xFF,
    0xC0, 0x00, 0x00, 0x07, 0xFF, 0x00, 0x00, 0x00, 0x1F, 0xFC, 0x00, 0x00, 0x00, 0x7F, 0xF0, 0x00,
    0x00, 0x01, 0xFF, 0xC0, 0x00, 0x00, 0x07, 0xFF, 0x00, 0x00, 0x00, 0x1F, 0xFC, 0x00, 0x00, 0x00,
    0x7F, 0xF0, 0x00, 0x00, 0x01, 0xFF, 0xC0, 0x00, 0x00, 0x07, 0xFF, 0x00, 0x00, 0x00, 0x1F, 0xFC,
    0x00, 0x00, 0x00, 0x7F, 0xF0, 0x00, 0x00, 0x01, 0xFF, 0x80, 0x00, 0x04, 0x07, 0xFD, 0x00, 0x00,
    0xFC, 0x2F, 0xF0, 0x00, 0x0B, 0xFE, 0xFF, 0x80, 0x00, 0x2F, 0xFF, 0xFC, 0x00, 0x00, 0x3F, 0xFF,
    0xC0, 0x00, 0x00, 0x1A, 0xA4, 0x00, 0x00, 0x00, 0x00, 0x00, 0x00, 0x00, 0x00, 0x00, 0x00, 0x00,
    0xBF, 0x80, 0x00, 0x00, 0x00, 0x07, 0xFF, 0x40, 0x00, 0x00, 0x00, 0x1F, 0xFD, 0x00, 0x00, 0x00,
    0x00, 0x3F, 0xF0, 0x00, 0x00, 0x00, 0x00, 0xBF, 0x40, 0x00, 0x00, 0x00, 0x00, 0x00, 0x00, 0x00,
    0x00, 0x00, 0x00, 0x00, 0x00, 0x00, 0x00, 0x00, 0x00, 0x00, 0x00, 0x00, 0x00, 0x00, 0x00, 0x00,
    0x00, 0x00, 0x00, 0x00, 0x00, 0x00, 0x00, 0x00, 0x00, 0x00, 0x00, 0x00, 0x00, 0x00, 0x00, 0x00,
    0x00, 0x00, 0x00, 0x00, 0x00, 0x00, 0x00, 0x00, 0x00, 0x69, 0x00, 0x00, 0x01, 0xA8, 0x0B, 0xFE,
    0x00, 0x00, 0x1F, 0xF8, 0x3F, 0xFC, 0x00, 0x00, 0xFF, 0xF0, 0xFF, 0xF0, 0x00, 0x03, 0xFF, 0xC2,
    0xFF, 0x40, 0x00, 0x07, 0xFE, 0x01, 0x50, 0x00, 0x00, 0x05, 0x40, 0x00, 0x00, 0x00, 0x00, 0x00,
    0x00, 0x3F, 0xD0, 0x00, 0x00, 0xFF, 0x43, 0xFF, 0xC0, 0x00, 0x0B, 0xFF, 0x0F, 0xFF, 0x00, 0x00,
    0x3F, 0xFC, 0x3F, 0xF8, 0x00, 0x00, 0xBF, 0xF0, 0x3F, 0x80, 0x00, 0x00, 0xFE, 0x00, 0x00, 0x00,
    0x00, 0x00, 0x00, 0x00, 0x00, 0x00, 0x00, 0x00, 0x00, 0x00, 0x00, 0x00, 0x00, 0x00, 0x00, 0x00,
    0x00, 0x00, 0x00, 0x00, 0x00, 0x00, 0x00, 0x00, 0x00, 0x00, 0x00, 0x00, 0x00, 0x00, 0x00, 0x00,
    0x00, 0x00, 0x00, 0x00, 0x00, 0x00, 0x00, 0x00, 0x00, 0x00, 0x00, 0x00, 0x00, 0x00, 0xA9, 0x00,
    0x00, 0x00, 0x00, 0x0F, 0xFC, 0x00, 0x00, 0x00, 0x00, 0x7F, 0xF4, 0x00, 0x00, 0x00, 0x01, 0xFF,
    0xD0, 0x00, 0x00, 0x00, 0x03, 0xFF, 0x00, 0x00, 0x00, 0x00, 0x01, 0x50, 0x00, 0x00, 0x00, 0xB8,
    0x03, 0xFE, 0x07, 0xFF, 0x07, 0xFE, 0x03, 0xF8, 0x00, 0x40, 0x00, 0x00, 0x00, 0x00, 0x00, 0x00,
    0x00, 0x00, 0x00, 0x00, 0x00, 0x00, 0x01, 0x00, 0x1F, 0xD0, 0x3F, 0xF0, 0x7F, 0xE0, 0x7F, 0xC0,
    0x2E, 0x00, 0x00, 0x00, 0x00, 0x00, 0x00, 0x00, 0x3F, 0xD0, 0x00, 0x00, 0xFF, 0x43, 0xFF, 0xC0,
    0x00, 0x0B, 0xFF, 0x0F, 0xFF, 0x00, 0x00, 0x3F, 0xFC, 0x3F, 0xF8, 0x00, 0x00, 0xBF, 0xF0, 0x3F,
    0x80, 0x00, 0x00, 0xFE, 0x00, 0x00, 0x00, 0x00, 0x00, 0x00, 0x00, 0x00, 0x00, 0x00, 0x00, 0x00,
    0x00, 0x00, 0x00, 0x00, 0x00, 0x00, 0x00, 0x00, 0x00, 0x00, 0x00, 0x00, 0x00, 0x00, 0x00, 0x00,
    0x00, 0x00, 0x00, 0x00, 0x00, 0x00, 0x00, 0x00, 0x00, 0x00, 0x00, 0x00, 0x00, 0x00, 0x00, 0x00,
    0x00, 0x00, 0x00, 0x69, 0x00, 0x00, 0x01, 0xA8, 0x0B, 0xFE, 0x00, 0x00, 0x1F, 0xF8, 0x3F, 0xFC,
    0x00, 0x00, 0xFF, 0xF0, 0xFF, 0xF0, 0x00, 0x03, 0xFF, 0xC2, 0xFF, 0x40, 0x00, 0x07, 0xFE, 0x01,
    0x50, 0x00, 0x00, 0x05, 0x40, 0x00, 0x00, 0x00, 0x00, 0x00, 0x01, 0xFF, 0xE4, 0x00, 0x3C, 0x0B,
    0xFF, 0xFF, 0x40, 0xFF, 0x1F, 0xFF, 0xFF, 0xFF, 0xFD, 0x3F, 0x80, 0x7F, 0xFF, 0xF8, 0x0E, 0x00,
    0x02, 0xFF, 0xD0, 0x00, 0x00, 0x00, 0x00, 0x00, 0x00, 0x6A, 0x40, 0x00, 0x14, 0x03, 0xFF, 0xF8,
    0x00, 0x7D, 0x0F, 0xFF, 0xFF, 0x96, 0xFE, 0x2F, 0xE6, 0xFF, 0xFF, 0xFC, 0x2F, 0x40, 0x1F, 0xFF,
    0xF0, 0x0A, 0x00, 0x01, 0xBE, 0x40, 0x00, 0x00, 0x00, 0x00, 0x00, 0x00, 0x00, 0x00, 0x00, 0x00,
    0x15, 0x55, 0x55, 0x55, 0x54, 0x2F, 0xFF, 0xFF, 0xFF, 0xFD, 0x2F, 0xFF, 0xFF, 0xFF, 0xFD, 0x1F,
    0xFF, 0xFF, 0xFF, 0xFD, 0x00, 0x00, 0x00, 0x00, 0x00, 0x00, 0x00, 0x00, 0x00, 0x00, 0x05, 0x55,
    0x55, 0x55, 0x54, 0x2F, 0xFF, 0xFF, 0xFF, 0xFD, 0x2F, 0xFF, 0xFF, 0xFF, 0xFD, 0x1F, 0xFF, 0xFF,
    0xFF, 0xFD, 0x01, 0xA4, 0x00, 0x14, 0x03, 0xFF, 0xD0, 0x0F, 0xC3, 0xFF, 0xFE, 0x0B, 0xF1, 0xFF,
    0xFF, 0xFF, 0xFC, 0xBF, 0x03, 0xFF, 0xFD, 0x0F, 0x40, 0x1F, 0xFD, 0x00, 0x40, 0x00, 0x54, 0x00,
    0x0B, 0xE0, 0x00, 0x60, 0x0F, 0xFF, 0x80, 0x3F, 0x0F, 0xFF, 0xFD, 0x2F, 0xC7, 0xFE, 0xFF, 0xFF,
    0xF2, 0xF8, 0x0B, 0xFF, 0xF0, 0x2C, 0x00, 0x7F, 0xF0, 0x00, 0x00, 0x00, 0x00, 0x00, 0x00, 0x00,
    0x00, 0x00, 0x00, 0xE4, 0x00, 0x00, 0x06, 0xC3, 0xFF, 0xFF, 0xFF, 0xFF, 0x0F, 0xFF, 0xFF, 0xFF,
    0xFC, 0x0B, 0xFF, 0xFF, 0xFF, 0x80, 0x00, 0x05, 0x54, 0x00, 0x00, 0x00, 0x00, 0x00, 0x00, 0x00,
    0x00, 0x00, 0x00, 0x00, 0x00, 0x6A, 0xAA, 0xA4, 0x00, 0xBF, 0xFF, 0xFF, 0xFF, 0x83, 0xFF, 0xFF,
    0xFF, 0xFF, 0x0F, 0xFA, 0x55, 0x6B, 0xFC, 0x20, 0x00, 0x00, 0x00, 0x20, 0x00, 0x00, 0x08, 0x00,
    0x00, 0x00, 0x7D, 0x00, 0x00, 0x03, 0xF0, 0x2A, 0xAA, 0xBF, 0xE9, 0xFF, 0xFF, 0xFF, 0xFB, 0xFF,
    0xFF, 0xFF, 0xEA, 0xAA, 0xFF, 0xAA, 0x40, 0x03, 0xF0, 0x00, 0x00, 0x2F, 0x80, 0x02, 0xAA, 0xFE,
    0xAA, 0x9F, 0xFF, 0xFF, 0xFF, 0xBF, 0xFF, 0xFF, 0xFE, 0xAB, 0xFA, 0xAA, 0xA4, 0x2F, 0x80, 0x00,
    0x00, 0xBC, 0x00, 0x00, 0x00, 0x50, 0x00, 0x00, 0x55, 0x55, 0x55, 0x55, 0x52, 0xFF, 0xFF, 0xFF,
    0xFF, 0xDB, 0xFF, 0xFF, 0xFF, 0xFF, 0x5A, 0xAA, 0xAA, 0xAA, 0xA9, 0x00, 0x00, 0x00, 0x00, 0x00,
    0x00, 0x00, 0x00, 0x00, 0x05, 0x55, 0x55, 0x55, 0x55, 0x2F, 0xFF, 0xFF, 0xFF, 0xFD, 0xBF, 0xFF,
    0xFF, 0xFF, 0xF5, 0xFF, 0xFF, 0xFF, 0xFF, 0xD0, 0x00, 0x00, 0x00, 0x00, 0x00, 0x00, 0x00, 0x00,
    0x00, 0x15, 0x55, 0x55, 0x55, 0x52, 0xFF, 0xFF, 0xFF, 0xFF, 0xDB, 0xFF, 0xFF, 0xFF, 0xFF, 0x5F,
    0xFF, 0xFF, 0xFF, 0xFD, 0x00, 0x00, 0x00, 0x40, 0x00, 0x00, 0x1F, 0x80, 0x00, 0x0B, 0xFF, 0x00,
    0x02, 0xFF, 0xF4, 0x00, 0xBF, 0xF9, 0x00, 0x2F, 0xFE, 0x00, 0x0B, 0xFF, 0x80, 0x00, 0x3F, 0xF0,
    0x00, 0x00, 0xBF, 0xF8, 0x00, 0x00, 0x7F, 0xFE, 0x00, 0x00, 0x1F, 0xFF, 0x80, 0x00, 0x07, 0xFF,
    0xE0, 0x00, 0x01, 0xFF, 0xF4, 0x00, 0x00, 0x7F, 0xC0, 0x00, 0x00, 0x2D, 0x00, 0x00, 0x00, 0x00,
    0x00, 0x00, 0x00, 0x03, 0xFF, 0xFF, 0xFF, 0xEF, 0xFF, 0xFF, 0xFF, 0xBF, 0xFF, 0xFF, 0xFE, 0x00,
    0x00, 0x00, 0x00, 0xE0, 0x00, 0x00, 0x07, 0xF8, 0x00, 0x00, 0x2F, 0xFE, 0x00, 0x00, 0x1F, 0xFF,
    0x80, 0x00, 0x07, 0xFF, 0xE0, 0x00, 0x01, 0xFF, 0xF4, 0x00, 0x00, 0x7F, 0xFD, 0x00, 0x00, 0x2F,
    0xF8, 0x00, 0x02, 0xFF, 0xD0, 0x01, 0xBF, 0xF8, 0x00, 0x7F, 0xFD, 0x00, 0x1F, 0xFF, 0x40, 0x02,
    0xFF, 0xD0, 0x00, 0x03, 0xF4, 0x00, 0x00, 0x09, 0x00, 0x00, 0x00, 0x00, 0x00, 0x00, 0x00, 0x00,
    0x00, 0x00, 0x0F, 0xFF, 0xFF, 0xFF, 0xBF, 0xFF, 0xFF, 0xFE, 0xFF, 0xFF, 0xFF, 0xF8, 0x00, 0x00,
    0x00, 0x40, 0x00, 0x00, 0x50, 0x00, 0x00, 0x1F, 0x80, 0x00, 0x1F, 0xC0, 0x00, 0x07, 0xFF, 0x00,
    0x07, 0xFF, 0x40, 0x01, 0xFF, 0xF4, 0x01, 0xFF, 0xF8, 0x00, 0x7F, 0xFD, 0x00, 0x7F, 0xFD, 0x00,
    0x1F, 0xFF, 0x40, 0x1F, 0xFF, 0x40, 0x07, 0xFF, 0x90, 0x07, 0xFF, 0xD0, 0x00, 0x3F, 0xF0, 0x00,
    0x3F, 0xF4, 0x00, 0x00, 0xBF, 0xF8, 0x00, 0xBF, 0xF8, 0x00, 0x00, 0x7F, 0xFE, 0x00, 0x7F, 0xFE,
    0x00, 0x00, 0x1F, 0xFF, 0x80, 0x1F, 0xFF, 0x80, 0x00, 0x07, 0xFF, 0xE0, 0x07, 0xFF, 0xE0, 0x00,
    0x01, 0xFF, 0xF4, 0x01, 0xFF, 0xF4, 0x00, 0x00, 0xBF, 0xC0, 0x00, 0x7F, 0xC0, 0x00, 0x00, 0x2E,
    0x00, 0x00, 0x1E, 0x00, 0x00, 0x00, 0x00, 0x00, 0x00, 0x00, 0x14, 0x00, 0x00, 0x04, 0x00, 0x00,
    0x00, 0xFD, 0x00, 0x00, 0xFD, 0x00, 0x00, 0x07, 0xFF, 0x40, 0x03, 0xFF, 0x40, 0x00, 0x0B, 0xFF,
    0xD0, 0x07, 0xFF, 0xD0, 0x00, 0x01, 0xFF, 0xF4, 0x01, 0xFF, 0xF4, 0x00, 0x00, 0x7F, 0xFD, 0x00,
    0x7F, 0xFD, 0x00, 0x00, 0x1F, 0xFF, 0x40, 0x1B, 0xFF, 0x40, 0x00, 0x07, 0xFE, 0x00, 0x07, 0xFF,
    0x00, 0x00, 0xBF, 0xF8, 0x00, 0xBF, 0xF8, 0x00, 0x2F, 0xFF, 0x00, 0x2F, 0xFF, 0x40, 0x0B, 0xFF,
    0xD0, 0x0B, 0xFF, 0xD0, 0x02, 0xFF, 0xF4, 0x02, 0xFF, 0xF4, 0x00, 0x7F, 0xFD, 0x00, 0x7F, 0xFD,
    0x00, 0x00, 0xFF, 0x40, 0x00, 0xFF, 0x40, 0x00, 0x02, 0xD0, 0x00, 0x02, 0xE0, 0x00, 0x00, 0x00,
    0x00, 0x00, 0x00, 0x00, 0x00, 0x00, 0x7F, 0xFF, 0xFF, 0xF9, 0x00, 0x01, 0xFF, 0xFF, 0xFF, 0xFF,
    0x80, 0x07, 0xFF, 0xFF, 0xFF, 0xFF, 0xD0, 0x1F, 0xFF, 0xFF, 0xFF, 0xFF, 0xD0, 0x00, 0x00, 0x00,
    0x07, 0xFF, 0xC0, 0x00, 0x00, 0x00, 0x02, 0xFF, 0x80, 0x00, 0x00, 0x00, 0x03, 0xFF, 0x00, 0x00,
    0x00, 0x00, 0x07, 0xFC, 0x00, 0x00, 0x00, 0x00, 0x0F, 0xF4, 0x00, 0x00, 0x00, 0x00, 0x3F, 0xD0,
    0x00, 0x00, 0x00, 0x00, 0xFF, 0x40, 0x00, 0x00, 0x00, 0x07, 0xFD, 0x00, 0x00, 0x00, 0x00, 0x3F,
    0xF0, 0x00, 0x00, 0x00, 0x01, 0xFF, 0x80, 0x00, 0x00, 0x00, 0x2F, 0xFC, 0x1F, 0xFF, 0xFF, 0xFF,
    0xFF, 0xD0, 0x7F, 0xFF, 0xFF, 0xFF, 0xFD, 0x01, 0xFF, 0xFF, 0xFF, 0xFF, 0xC0, 0x07, 0xFF, 0xFF,
    0xFF, 0xA0, 0x00, 0x00, 0x00, 0x00, 0x00, 0x00, 0x00, 0x00, 0x00, 0x00, 0x00, 0x15, 0x00, 0x00,
    0x00, 0x00, 0x03, 0xFC, 0x00, 0x00, 0x00, 0x00, 0x0F, 0xF0, 0x00, 0x00, 0x00, 0x00, 0xBF, 0x80,
    0x00, 0x00, 0x00, 0x03, 0xFC, 0x00, 0x00, 0x06, 0xBF, 0xFF, 0xFF, 0xD0, 0x02, 0xFF, 0xFF, 0xFF,
    0xFF, 0x40, 0x7F, 0xFF, 0xFF, 0xFF, 0xFD, 0x07, 0xFF, 0xFF, 0xFF, 0xFF, 0xF4, 0x3F, 0xFD, 0x00,
    0xBF, 0x40, 0x02, 0xFF, 0x80, 0x03, 0xFC, 0x00, 0x0F, 0xFC, 0x00, 0x1F, 0xE0, 0x00, 0x3F, 0xD0,
    0x00, 0xFF, 0x00, 0x01, 0xFF, 0x00, 0x03, 0xFC, 0x00, 0x07, 0xFC, 0x00, 0x2F, 0xD0, 0x00, 0x1F,
    0xF0, 0x00, 0xFF, 0x00, 0x00, 0x7F, 0xD0, 0x07, 0xFC, 0x00, 0x00, 0xFF, 0x80, 0x2F, 0xD0, 0x00,
    0x02, 0xFF, 0x40, 0xFF, 0x00, 0x00, 0x03, 0xFF, 0x87, 0xF8, 0x00, 0x00, 0x0B, 0xFF, 0xFF, 0xFA,
    0xAA, 0xA4, 0x0B, 0xFF, 0xFF, 0xFF, 0xFF, 0xD0, 0x07, 0xFF, 0xFF, 0xFF, 0xFF, 0x40, 0x01, 0xBF,
    0xFF, 0xFF, 0xFD, 0x00, 0x00, 0xFF, 0x00, 0x00, 0x00, 0x00, 0x0B, 0xF4, 0x00, 0x00, 0x00, 0x00,
    0x3F, 0xC0, 0x00, 0x00, 0x00, 0x01, 0xFF, 0x00, 0x00, 0x00, 0x00, 0x0B, 0xF4, 0x00, 0x00, 0x00,
    0x00, 0x00, 0x00, 0x2A, 0x40, 0x00, 0x00, 0x00, 0x02, 0xFD, 0x00, 0x00, 0x00, 0x00, 0x0F, 0xF0,
    0x00, 0x00, 0x00, 0x00, 0x7F, 0x80, 0x00, 0x00, 0x00, 0x03, 0xFD, 0x00, 0x01, 0xFF, 0xFF, 0xFF,
    0xF4, 0x00, 0x07, 0xFF, 0xFF, 0xFF, 0xFE, 0x00, 0x1F, 0xFF, 0xFF, 0xFF, 0xFF, 0x40, 0x7F, 0xFF,
    0xFF, 0xFF, 0xFF, 0x40, 0x00, 0x00, 0xBF, 0x9F, 0xFF, 0x00, 0x00, 0x03, 0xFC, 0x0B, 0xFE, 0x00,
    0x00, 0x1F, 0xE0, 0x0F, 0xFC, 0x00, 0x00, 0xBF, 0x40, 0x1F, 0xF0, 0x00, 0x03, 0xFC, 0x00, 0x3F,
    0xD0, 0x00, 0x1F, 0xE0, 0x00, 0xFF, 0x40, 0x00, 0xFF, 0x40, 0x03, 0xFD, 0x00, 0x03, 0xFC, 0x00,
    0x1F, 0xF4, 0x00, 0x1F, 0xE0, 0x00, 0xFF, 0xC0, 0x00, 0xFF, 0x00, 0x07, 0xFE, 0x00, 0x03, 0xFC,
    0x00, 0xBF, 0xF0, 0x6A, 0xBF, 0xFA, 0xBF, 0xFF, 0x41, 0xFF, 0xFF, 0xFF, 0xFF, 0xF8, 0x07, 0xFF,
    0xFF, 0xFF, 0xFF, 0x40, 0x1F, 0xFF, 0xFF, 0xFF, 0x90, 0x00, 0x00, 0xFF, 0x00, 0x00, 0x00, 0x00,
    0x07, 0xF8, 0x00, 0x00, 0x00, 0x00, 0x3F, 0xD0, 0x00, 0x00, 0x00, 0x00, 0xFF, 0x00, 0x00, 0x00,
    0x00, 0x06, 0xA4, 0x00, 0x00, 0x00, 0x00, 0x00, 0x06, 0xBF, 0xFF, 0xFF, 0xC0, 0x2F, 0xFF, 0xFF,
    0xFF, 0xF0, 0x7F, 0xFF, 0xFF, 0xFF, 0xFC, 0x3F, 0xFF, 0xFF, 0xFF, 0xFF, 0x3F, 0xFD, 0x00, 0x00,
    0x00, 0x1F, 0xF8, 0x00, 0x00, 0x00, 0x0B, 0xFC, 0x00, 0x00, 0x00, 0x03, 0xFF, 0x00, 0x00, 0x00,
    0x00, 0xFF, 0x80, 0x00, 0x00, 0x00, 0x3F, 0xE0, 0x00, 0x00, 0x00, 0x0F, 0xFC, 0x00, 0x00, 0x00,
    0x01, 0xFF, 0x80, 0x00, 0x00, 0x00, 0x3F, 0xF8, 0x00, 0x00, 0x00, 0x07, 0xFF, 0xFE, 0xAA, 0xAA,
    0xA0, 0x7F, 0xFF, 0xFF, 0xFF, 0xFC, 0x03, 0xFF, 0xFF, 0xFF, 0xFF, 0x00, 0x0B, 0xFF, 0xFF, 0xFF,
    0xC0, 0x00, 0x00, 0x00, 0x00, 0x00, 0x00, 0x00, 0x00, 0x00, 0x00, 0xFF, 0xFF, 0xFF, 0xFF, 0xFF,
    0x3F, 0xFF, 0xFF, 0xFF, 0xFF, 0xCF, 0xFF, 0xFF, 0xFF, 0xFF, 0xF3, 0xFF, 0xFF, 0xFF, 0xFF, 0xFC,
    0xFF, 0xFF, 0xFF, 0xA4, 0x00, 0x3F, 0xFF, 0xFF, 0xFF, 0xE0, 0x0F, 0xFF, 0xFF, 0xFF, 0xFF, 0x43,
    0xFF, 0xFF, 0xFF, 0xFF, 0xF0, 0x00, 0x00, 0x00, 0x1F, 0xFF, 0x00, 0x00, 0x00, 0x00, 0xBF, 0xD0,
    0x00, 0x00, 0x00, 0x0F, 0xF8, 0x00, 0x00, 0x00, 0x03, 0xFF, 0x00, 0x00, 0x00, 0x00, 0xBF, 0xC0,
    0x00, 0x00, 0x00, 0x2F, 0xF0, 0x00, 0x00, 0x00, 0x0F, 0xF8, 0x00, 0x00, 0x00, 0x0B, 0xFD, 0x00,
    0x00, 0x00, 0x0B, 0xFF, 0x2A, 0xAA, 0xAA, 0xFF, 0xFF, 0x4F, 0xFF, 0xFF, 0xFF, 0xFF, 0x43, 0xFF,
    0xFF, 0xFF, 0xFF, 0x00, 0xFF, 0xFF, 0xFF, 0xF8, 0x00, 0x00, 0x00, 0x00, 0x00, 0x00, 0x00, 0x00,
    0x00, 0x00, 0x00, 0x03, 0xFF, 0xFF, 0xFF, 0xFF, 0xFC, 0xFF, 0xFF, 0xFF, 0xFF, 0xFF, 0x3F, 0xFF,
    0xFF, 0xFF, 0xFF, 0xCF, 0xFF, 0xFF, 0xFF, 0xFF, 0xF0, 0x00, 0x00, 0x00, 0x00, 0x00, 0x00, 0x00,
    0x00, 0x6F, 0xFF, 0xE4, 0x00, 0x00, 0x00, 0xBF, 0xFF, 0xFF, 0x80, 0x00, 0x01, 0xFF, 0x9F, 0xDB,
    0xFD, 0x00, 0x01, 0xFE, 0x03, 0xF0, 0x2F, 0xD0, 0x00, 0xFD, 0x00, 0xFC, 0x01, 0xFC, 0x00, 0xFD,
    0x00, 0x3F, 0x00, 0x1F, 0xC0, 0x7E, 0x00, 0x0F, 0xC0, 0x02, 0xF4, 0x2F, 0x00, 0x03, 0xF0, 0x00,
    0x3E, 0x0F, 0x80, 0x00, 0xFC, 0x00, 0x0F, 0xC3, 0xE0, 0x00, 0x3F, 0x00, 0x02, 0xF1, 0xFE, 0xAA,
    0xAF, 0xEA, 0xAA, 0xFD, 0x7F, 0xFF, 0xFF, 0xFF, 0xFF, 0xFF, 0x5F, 0xFF, 0xFF, 0xFF, 0xFF, 0xFF,
    0xD3, 0xD0, 0x00, 0x3F, 0x00, 0x01, 0xF0, 0xF8, 0x00, 0x0F, 0xC0, 0x00, 0xBC, 0x3F, 0x00, 0x03,
    0xF0, 0x00, 0x3F, 0x07, 0xD0, 0x00, 0xFC, 0x00, 0x1F, 0x40, 0xFC, 0x00, 0x3F, 0x00, 0x0F, 0xC0,
    0x1F, 0xC0, 0x0F, 0xC0, 0x0F, 0xD0, 0x02, 0xFC, 0x03, 0xF0, 0x0F, 0xE0, 0x00, 0x2F, 0xE4, 0xFC,
    0x6F, 0xE0, 0x00, 0x01, 0xFF, 0xFF, 0xFF, 0xD0, 0x00, 0x00, 0x0B, 0xFF, 0xFF, 0x80, 0x00, 0x00,
    0x00, 0x05, 0x94, 0x00, 0x00, 0x00, 0x00, 0x00, 0x00, 0x00, 0x00, 0x00, 0x00, 0x00, 0x6F, 0xFF,
    0xE4, 0x00, 0x00, 0x00, 0xBF, 0xFF, 0xFF, 0x80, 0x00, 0x01, 0xFF, 0x90, 0x1B, 0xFD, 0x00, 0x01,
    0xFD, 0x00, 0x00, 0x1F, 0xD0, 0x00, 0xFC, 0x00, 0x00, 0x00, 0xFC, 0x00, 0xFD, 0x00, 0x00, 0x00,
    0x1F, 0xC0, 0x7E, 0x00, 0x00, 0x00, 0x02, 0xF4, 0x2F, 0x00, 0x00, 0x00, 0x00, 0x3E, 0x0F, 0xC0,
    0x00, 0x00, 0x00, 0x0F, 0xC3, 0xE0, 0x00, 0x00, 0x00, 0x02, 0xF1, 0xFE, 0xAA, 0xAA, 0xAA, 0xAA,
    0xFD, 0x7F, 0xFF, 0xFF, 0xFF, 0xFF, 0xFF, 0x5F, 0xFF, 0xFF, 0xFF, 0xFF, 0xFF, 0xD3, 0xD0, 0x00,
    0x00, 0x00, 0x01, 0xF0, 0xF8, 0x00, 0x00, 0x00, 0x00, 0xBC, 0x3F, 0x00, 0x00, 0x00, 0x00, 0x3F,
    0x07, 0xD0, 0x00, 0x00, 0x00, 0x1F, 0x40, 0xFC, 0x00, 0x00, 0x00, 0x0F, 0xC0, 0x1F, 0xC0, 0x00,
    0x00, 0x0F, 0xD0, 0x02, 0xFC, 0x00, 0x00, 0x0F, 0xE0, 0x00, 0x2F, 0xE4, 0x00, 0x6F, 0xE0, 0x00,
    0x01, 0xFF, 0xFF, 0xFF, 0xD0, 0x00, 0x00, 0x0B, 0xFF, 0xFF, 0x80, 0x00, 0x00, 0x00, 0x05, 0x94,
    0x00, 0x00, 0x00, 0x00, 0x00, 0x00, 0x00, 0x00, 0x00, 0x00, 0x00, 0x6F, 0xFF, 0xE4, 0x00, 0x00,
    0x00, 0xBF, 0xFF, 0xFF, 0x80, 0x00, 0x01, 0xFF, 0x90, 0x1B, 0xFD, 0x00, 0x01, 0xFE, 0x00, 0x00,
    0x1F, 0xD0, 0x00, 0xFF, 0x00, 0x00, 0x07, 0xFC, 0x00, 0xFF, 0xF0, 0x00, 0x07, 0xFF, 0xC0, 0x7E,
    0xBF, 0x00, 0x07, 0xF6, 0xF4, 0x2F, 0x0B, 0xF0, 0x07, 0xF4, 0x3E, 0x0F, 0xC0, 0xBF, 0x07, 0xF4,
    0x0F, 0xC3, 0xE0, 0x0B, 0xF7, 0xF4, 0x02, 0xF1, 0xF4, 0x00, 0xBF, 0xF4, 0x00, 0x7D, 0x7D, 0x00,
    0x0B, 0xF8, 0x00, 0x1F, 0x5F, 0x40, 0x07, 0xFF, 0x00, 0x07, 0xD3, 0xD0, 0x07, 0xFF, 0xF0, 0x01,
    0xF0, 0xF8, 0x07, 0xF4, 0xBF, 0x00, 0xBC, 0x3F, 0x07, 0xF4, 0x0B, 0xF0, 0x3F, 0x07, 0xD7, 0xF4,
    0x00, 0xBF, 0x1F, 0x40, 0xFF, 0xF4, 0x00, 0x0B, 0xFF, 0xC0, 0x1F, 0xF4, 0x00, 0x00, 0xBF, 0xD0,
    0x02, 0xFC, 0x00, 0x00, 0x0F, 0xE0, 0x00, 0x2F, 0xE4, 0x00, 0x6F, 0xE0, 0x00, 0x01, 0xFF, 0xFF,
    0xFF, 0xD0, 0x00, 0x00, 0x0B, 0xFF, 0xFF, 0x80, 0x00, 0x00, 0x00, 0x05, 0x94, 0x00, 0x00, 0x00,
    0x00, 0x00, 0x00, 0x00, 0x00, 0x00, 0x00, 0x00, 0x6F, 0xFF, 0xE4, 0x00, 0x00, 0x00, 0xBF, 0xFF,
    0xFF, 0x80, 0x00, 0x01, 0xFF, 0x90, 0x1B, 0xFD, 0x00, 0x01, 0xFD, 0x00, 0x00, 0x1F, 0xD0, 0x00,
    0xFD, 0x00, 0x00, 0x07, 0xFC, 0x00, 0xFD, 0x00, 0x00, 0x07, 0xFF, 0xC0, 0x7E, 0x00, 0x00, 0x07,
    0xF6, 0xF4, 0x2F, 0x00, 0x00, 0x07, 0xF4, 0x3E, 0x0F, 0xC0, 0x00, 0x07, 0xF4, 0x0F, 0xC3, 0xE0,
    0x00, 0x07, 0xF4, 0x02, 0xF1, 0xF4, 0x00, 0x07, 0xF4, 0x00, 0x7D, 0x7D, 0x00, 0x07, 0xF4, 0x00,
    0x1F, 0x5F, 0x40, 0x07, 0xF4, 0x00, 0x07, 0xD3, 0xD0, 0x07, 0xF4, 0x00, 0x01, 0xF0, 0xF8, 0x07,
    0xF4, 0x00, 0x00, 0xBC, 0x3F, 0x07, 0xF4, 0x00, 0x00, 0x3F, 0x07, 0xD7, 0xF4, 0x00, 0x00, 0x1F,
    0x40, 0xFF, 0xF4, 0x00, 0x00, 0x0F, 0xC0, 0x1F, 0xF4, 0x00, 0x00, 0x0F, 0xD0, 0x02, 0xFC, 0x00,
    0x00, 0x0F, 0xE0, 0x00, 0x2F, 0xE4, 0x00, 0x6F, 0xE0, 0x00, 0x01, 0xFF, 0xFF, 0xFF, 0xD0, 0x00,
    0x00, 0x0B, 0xFF, 0xFF, 0x80, 0x00, 0x00, 0x00, 0x05, 0x94, 0x00, 0x00, 0x00, 0x00, 0x01, 0xFD,
    0x00, 0x00, 0x00, 0x0B, 0xF8, 0x00, 0x00, 0x00, 0x2F, 0xE0, 0x00, 0x00, 0x00, 0xBF, 0x80, 0x00,
    0x00, 0x02, 0xFE, 0x00, 0x00, 0x00, 0x0B, 0xF8, 0x00, 0x00, 0x00, 0x2F, 0xE0, 0x00, 0x00, 0x00,
    0xBF, 0x80, 0x00, 0x00, 0x02, 0xFE, 0x00, 0x00, 0x00, 0x0B, 0xF8, 0x00, 0x00, 0x00, 0x2F, 0xE0,
    0x00, 0x00, 0x00, 0xBF, 0x80, 0x00, 0x00, 0x02, 0xFE, 0x00, 0x00, 0x00, 0x0B, 0xF8, 0x00, 0x00,
    0x00, 0x2F, 0xE0, 0x00, 0x00, 0x00, 0xBF, 0x80, 0x00, 0x00, 0x02, 0xFE, 0x00, 0x00, 0x00, 0x0B,
    0xF8, 0x00, 0x00, 0x00, 0x2F, 0xE0, 0x00, 0x3F, 0xFF, 0xFF, 0xFF, 0xFF, 0xFF, 0xFF, 0xFF, 0xFF,
    0xFF, 0xFF, 0xFF, 0xFF, 0xFF, 0xFF, 0xFF, 0xFF, 0xFF, 0xFF, 0xC0, 0x1A, 0x81, 0xFF, 0xCB, 0xFF,
    0x2F, 0xFC, 0x7F, 0xE0, 0x15, 0x00, 0x0A, 0x90, 0x00, 0x2A, 0x40, 0x00, 0xA9, 0x0F, 0xFC, 0x00,
    0x3F, 0xF0, 0x00, 0xFF, 0xC7, 0xFF, 0x40, 0x1F, 0xFD, 0x00, 0x7F, 0xF5, 0xFF, 0xD0, 0x07, 0xFF,
    0x40, 0x1F, 0xFD, 0x3F, 0xF0, 0x00, 0xFF, 0xC0, 0x03, 0xFF, 0x01, 0x50, 0x00, 0x05, 0x40, 0x00,
    0x15, 0x00, 0x7F, 0xFF, 0xFF, 0xFF, 0x7F, 0xFF, 0xFF, 0xFF, 0x7F, 0xFF, 0xFF, 0xFF, 0x7F, 0xFF,
    0xFF, 0xFF, 0x7F, 0xFF, 0xFF, 0xFF, 0x7F, 0xFF, 0xFF, 0xFF, 0x7F, 0xFF, 0xFF, 0xFF, 0x7F, 0xFF,
    0xFF, 0xFF, 0x7F, 0xFF, 0xFF, 0xFF, 0x7F, 0xFF, 0xFF, 0xFF, 0x7F, 0xFF, 0xFF, 0xFF, 0x7F, 0xFF,
    0xFF, 0xFF, 0x7F, 0xFF, 0xFF, 0xFF, 0x7F, 0xFF, 0xFF, 0xFF, 0x7F, 0xFF, 0xFF, 0xFF, 0x00, 0x00,
    0x00, 0x00, 0x7F, 0xFF, 0xFF, 0xFF, 0x7F, 0xFF, 0xFF, 0xFF, 0x7D, 0x55, 0x55, 0x7F, 0x7C, 0x00,
    0x00, 0x2F, 0x7C, 0x00, 0x00, 0x2F, 0x7C, 0x00, 0x00, 0x2F, 0x7C, 0x00, 0x00, 0x2F, 0x7C, 0x00,
    0x00, 0x2F, 0x7C, 0x00, 0x00, 0x2F, 0x7C, 0x00, 0x00, 0x2F, 0x7C, 0x00, 0x00, 0x2F, 0x7C, 0x00,
    0x00, 0x2F, 0x7D, 0x00, 0x00, 0x2F, 0x7F, 0xFF, 0xFF, 0xFF, 0x7F, 0xFF, 0xFF, 0xFF, 0x00, 0x00,
    0x00, 0x00, 0x15, 0x55, 0x2F, 0xFF, 0xCB, 0xFF, 0xF2, 0xFF, 0xFC, 0xBF, 0xFF, 0x2F, 0xFF, 0xCB,
    0xFF, 0xF2, 0xFF, 0xFC, 0x15, 0x55, 0x00, 0xAA, 0xAA, 0xA3, 0xFF, 0xFF, 0xDF, 0x55, 0x5F, 0x7C,
    0x00, 0x2D, 0xF0, 0x00, 0xB7, 0xC0, 0x02, 0xDF, 0x00, 0x0B, 0x7C, 0x00, 0x2D, 0xF4, 0x00, 0xB7,
    0xFF, 0xFF, 0xDA, 0xAA, 0xAA, 0x40, 0x15, 0x55, 0x55, 0x7F, 0xFF, 0xFF, 0x7F, 0xFF, 0xFF, 0x7F,
    0xFF, 0xFF, 0x2A, 0xAA, 0xAA, 0xBF, 0xFF, 0xFF, 0x7F, 0xFF, 0xFF, 0xDF, 0x40, 0x00, 0xB7, 0xC0,
    0x00, 0x2D, 0xF0, 0x00, 0x0B, 0x7F, 0xFF, 0xFF, 0xDF, 0xFF, 0xFF, 0xF4, 0x00, 0x00, 0x00, 0x00,
    0x00, 0x2F, 0xFF, 0xCB, 0xFF, 0xF2, 0xFF, 0xFC, 0xBF, 0xFF, 0x2F, 0xFF, 0xCB, 0xFF, 0xF2, 0xFF,
    0xFC, 0xBF, 0xFF, 0x2F, 0xFF, 0xCB, 0xFF, 0xF2, 0xFF, 0xFC, 0xBF, 0xFF, 0x2F, 0xFF, 0xCB, 0xFF,
    0xF2, 0xFF, 0xFC, 0x00, 0x00, 0x00, 0x00, 0x00, 0x2F, 0xFF, 0xCB, 0xFF, 0xF2, 0xE0, 0x3C, 0xB8,
    0x0F, 0x2E, 0x03, 0xCB, 0x80, 0xF2, 0xE0, 0x3C, 0xB8, 0x0F, 0x2E, 0x03, 0xCB, 0x80, 0xF2, 0xE0,
    0x3C, 0xB8, 0x0F, 0x2E, 0x03, 0xCB, 0xFF, 0xF2, 0xFF, 0xFC, 0x00, 0x00, 0x00, 0x00, 0x00, 0x00,
    0x00, 0x00, 0x00, 0x70, 0x00, 0x00, 0x00, 0x3D, 0x00, 0x00, 0x00, 0x1F, 0xC0, 0x00, 0x00, 0x0F,
    0xF8, 0x00, 0x00, 0x07, 0xFF, 0x00, 0x00, 0x03, 0xFF, 0xE0, 0x00, 0x02, 0xFF, 0xFC, 0x00, 0x00,
    0xFF, 0xFF, 0x80, 0x00, 0xBF, 0xFF, 0xF0, 0x00, 0x3F, 0xFF, 0xFE, 0x00, 0x2F, 0xFF, 0xFF, 0xC0,
    0x0F, 0xFF, 0xFF, 0xF8, 0x0B, 0xFF, 0xFF, 0xFF, 0x03, 0xFF, 0xFF, 0xFF, 0xE1, 0xFF, 0xFF, 0xFF,
    0xFC, 0x00, 0x00, 0x00, 0x00, 0x00, 0x00, 0x00, 0x00, 0x00, 0x00, 0x00, 0x70, 0x00, 0x00, 0x00,
    0x3D, 0x00, 0x00, 0x00, 0x1F, 0xC0, 0x00, 0x00, 0x0F, 0xF8, 0x00, 0x00, 0x07, 0xDF, 0x00, 0x00,
    0x03, 0xD3, 0xE0, 0x00, 0x02, 0xF0, 0x7C, 0x00, 0x00, 0xF4, 0x0F, 0x80, 0x00, 0xBC, 0x01, 0xF0,
    0x00, 0x3D, 0x00, 0x3E, 0x00, 0x2F, 0x00, 0x07, 0xC0, 0x0F, 0x40, 0x00, 0xF8, 0x0B, 0xC0, 0x00,
    0x1F, 0x03, 0xFF, 0xFF, 0xFF, 0xE1, 0xFF, 0xFF, 0xFF, 0xFC, 0x00, 0x00, 0x00, 0x00, 0x00, 0x00,
    0x1C, 0x00, 0x00, 0x3E, 0x00, 0x00, 0xBF, 0x00, 0x00, 0xFF, 0x80, 0x02, 0xFF, 0xC0, 0x03, 0xFF,
    0xE0, 0x0B, 0xFF, 0xF0, 0x0F, 0xFF, 0xF8, 0x2F, 0xFF, 0xFC, 0x3F, 0xFF, 0xFE, 0x3F, 0xFF, 0xFD,
    0x00, 0x00, 0x00, 0x00, 0x1C, 0x00, 0x00, 0x3E, 0x00, 0x00, 0xBF, 0x00, 0x00, 0xF7, 0x80, 0x02,
    0xD3, 0xC0, 0x03, 0xC1, 0xE0, 0x0B, 0x80, 0xF0, 0x0F, 0x00, 0x78, 0x2E, 0x00, 0x3C, 0x3F, 0xFF,
    0xFE, 0x3F, 0xFF, 0xFD, 0x00, 0x00, 0x00, 0x00, 0x00, 0x00, 0x00, 0x38, 0x00, 0x00, 0x00, 0x7F,
    0x80, 0x00, 0x00, 0x7F, 0xF8, 0x00, 0x00, 0x7F, 0xFF, 0x80, 0x00, 0x7F, 0xFF, 0xF8, 0x00, 0x7F,
    0xFF, 0xFF, 0x80, 0x7F, 0xFF, 0xFF, 0xF8, 0x7F, 0xFF, 0xFF, 0xFF, 0x7F, 0xFF, 0xFF, 0xF8, 0x7F,
    0xFF, 0xFF, 0xD0, 0x7F, 0xFF, 0xFD, 0x00, 0x7F, 0xFF, 0xD0, 0x00, 0x7F, 0xFD, 0x00, 0x00, 0x7F,
    0xD0, 0x00, 0x00, 0x7D, 0x00, 0x00, 0x00, 0x00, 0x00, 0x00, 0x00, 0x00, 0x00, 0x00, 0x00, 0x38,
    0x00, 0x00, 0x00, 0x7F, 0x80, 0x00, 0x00, 0x7F, 0xF8, 0x00, 0x00, 0x7C, 0xBF, 0x80, 0x00, 0x7C,
    0x0B, 0xF8, 0x00, 0x7C, 0x00, 0xBF, 0x80, 0x7C, 0x00, 0x0B, 0xF8, 0x7C, 0x00, 0x01, 0xFF, 0x7C,
    0x00, 0x0B, 0xF8, 0x7C, 0x00, 0xBF, 0xD0, 0x7C, 0x0B, 0xFD, 0x00, 0x7C, 0xBF, 0xD0, 0x00, 0x7F,
    0xFD, 0x00, 0x00, 0x7F, 0xD0, 0x00, 0x00, 0x7D, 0x00, 0x00, 0x00, 0x00, 0x00, 0x00, 0x00, 0x2D,
    0x00, 0x00, 0x3F, 0x80, 0x00, 0x3F, 0xF8, 0x00, 0x3F, 0xFF, 0x80, 0x3F, 0xFF, 0xF8, 0x3F, 0xFF,
    0xFE, 0x3F, 0xFF, 0xFD, 0x3F, 0xFF, 0xD0, 0x3F, 0xFD, 0x00, 0x3F, 0xD0, 0x00, 0x2D, 0x00, 0x00,
    0x00, 0x00, 0x00, 0x2D, 0x00, 0x00, 0x3F, 0x80, 0x00, 0x3F, 0xF8, 0x00, 0x3C, 0x7F, 0x80, 0x3C,
    0x07, 0xF8, 0x3C, 0x00, 0x7E, 0x3C, 0x02, 0xFD, 0x3C, 0x6F, 0xD0, 0x3F, 0xFD, 0x00, 0x3F, 0xD0,
    0x00, 0x2D, 0x00, 0x00, 0x00, 0x00, 0x00, 0x1E, 0x00, 0x00, 0x00, 0x3F, 0xF4, 0x00, 0x00, 0x3F,
    0xFF, 0x90, 0x00, 0x3F, 0xFF, 0xFE, 0x00, 0x3F, 0xFF, 0xFF, 0xF4, 0x3F, 0xFF, 0xFF, 0xFE, 0x3F,
    0xFF, 0xFF, 0xF8, 0x3F, 0xFF, 0xFE, 0x40, 0x3F, 0xFF, 0xD0, 0x00, 0x3F, 0xF8, 0x00, 0x00, 0x2E,
    0x40, 0x00, 0x00, 0x00, 0x00, 0x00, 0x00, 0x1E, 0x00, 0x00, 0x00, 0x3F, 0xF4, 0x00, 0x00, 0x3E,
    0xFF, 0x90, 0x00, 0x3C, 0x1B, 0xFE, 0x00, 0x3C, 0x00, 0x7F, 0xF4, 0x3C, 0x00, 0x02, 0xFE, 0x3C,
    0x00, 0x6F, 0xF8, 0x3C, 0x1B, 0xFE, 0x40, 0x3E, 0xFF, 0xD0, 0x00, 0x3F, 0xF8, 0x00, 0x00, 0x2E,
    0x40, 0x00, 0x00, 0x00, 0x00, 0x00, 0x00, 0x00, 0x00, 0x00, 0x00, 0x0F, 0xFF, 0xFF, 0xFF, 0xC3,
    0xFF, 0xFF, 0xFF, 0xE0, 0xBF, 0xFF, 0xFF, 0xF0, 0x0F, 0xFF, 0xFF, 0xF8, 0x02, 0xFF, 0xFF, 0xFC,
    0x00, 0x3F, 0xFF, 0xFE, 0x00, 0x0B, 0xFF, 0xFF, 0x00, 0x00, 0xFF, 0xFF, 0x80, 0x00, 0x2F, 0xFF,
    0xC0, 0x00, 0x03, 0xFF, 0xE0, 0x00, 0x00, 0xBF, 0xF0, 0x00, 0x00, 0x0F, 0xF8, 0x00, 0x00, 0x02,
    0xFC, 0x00, 0x00, 0x00, 0x3E, 0x00, 0x00, 0x00, 0x0B, 0x00, 0x00, 0x00, 0x00, 0x00, 0x00, 0x00,
    0x00, 0x00, 0x00, 0x00, 0x0F, 0xFF, 0xFF, 0xFF, 0xC3, 0xFF, 0xFF, 0xFF, 0xE0, 0xBC, 0x00, 0x01,
    0xF0, 0x0F, 0x40, 0x00, 0xB8, 0x02, 0xF0, 0x00, 0x3C, 0x00, 0x3D, 0x00, 0x2E, 0x00, 0x0B, 0xC0,
    0x0F, 0x00, 0x00, 0xF4, 0x0B, 0x80, 0x00, 0x2F, 0x03, 0xC0, 0x00, 0x03, 0xD2, 0xE0, 0x00, 0x00,
    0xBC, 0xF0, 0x00, 0x00, 0x0F, 0xF8, 0x00, 0x00, 0x02, 0xFC, 0x00, 0x00, 0x00, 0x3E, 0x00, 0x00,
    0x00, 0x0B, 0x00, 0x00, 0x00, 0x00, 0x00, 0x00, 0x00, 0x2F, 0xFF, 0xFC, 0x3F, 0xFF, 0xFE, 0x2F,
    0xFF, 0xFC, 0x0F, 0xFF, 0xF8, 0x0B, 0xFF, 0xF0, 0x03, 0xFF, 0xE0, 0x02, 0xFF, 0xC0, 0x00, 0xFF,
    0x80, 0x00, 0xBF, 0x00, 0x00, 0x3E, 0x00, 0x00, 0x2C, 0x00, 0x00, 0x00, 0x00, 0x2F, 0xFF, 0xFC,
    0x3F, 0xFF, 0xFE, 0x2E, 0x00, 0x3C, 0x0F, 0x00, 0x78, 0x0B, 0x40, 0xF0, 0x03, 0xC1, 0xE0, 0x02,
    0xD3, 0xC0, 0x00, 0xF7, 0x80, 0x00, 0xBF, 0x00, 0x00, 0x3E, 0x00, 0x00, 0x2C, 0x00, 0x00, 0x00,
    0x00, 0x00, 0x00, 0x00, 0x00, 0x00, 0x00, 0x00, 0x1F, 0x00, 0x00, 0x01, 0xFF, 0x00, 0x00, 0x1F,
    0xFF, 0x00, 0x01, 0xFF, 0xFF, 0x00, 0x1F, 0xFF, 0xFF, 0x01, 0xFF, 0xFF, 0xFF, 0x1F, 0xFF, 0xFF,
    0xFF, 0x7F, 0xFF, 0xFF, 0xFF, 0x1F, 0xFF, 0xFF, 0xFF, 0x01, 0xFF, 0xFF, 0xFF, 0x00, 0x2F, 0xFF,
    0xFF, 0x00, 0x02, 0xFF, 0xFF, 0x00, 0x00, 0x2F, 0xFF, 0x00, 0x00, 0x02, 0xFF, 0x00, 0x00, 0x00,
    0x2F, 0x00, 0x00, 0x00, 0x00, 0x00, 0x00, 0x00, 0x00, 0x00, 0x00, 0x00, 0x1F, 0x00, 0x00, 0x01,
    0xFF, 0x00, 0x00, 0x1F, 0xFF, 0x00, 0x01, 0xFF, 0x5F, 0x00, 0x1F, 0xF4, 0x1F, 0x01, 0xFF, 0x40,
    0x1F, 0x1F, 0xF4, 0x00, 0x1F, 0x7F, 0xC0, 0x00, 0x1F, 0x1F, 0xF4, 0x00, 0x1F, 0x01, 0xFF, 0x40,
    0x1F, 0x00, 0x2F, 0xF4, 0x1F, 0x00, 0x02, 0xFF, 0x5F, 0x00, 0x00, 0x2F, 0xFF, 0x00, 0x00, 0x02,
    0xFF, 0x00, 0x00, 0x00, 0x2F, 0x00, 0x00, 0x00, 0x00, 0x00, 0x00, 0x1D, 0x00, 0x01, 0xFE, 0x00,
    0x1F, 0xFE, 0x01, 0xFF, 0xFE, 0x1F, 0xFF, 0xFE, 0x3F, 0xFF, 0xFE, 0x2F, 0xFF, 0xFE, 0x02, 0xFF,
    0xFE, 0x00, 0x2F, 0xFE, 0x00, 0x02, 0xFE, 0x00, 0x00, 0x2D, 0x00, 0x00, 0x00, 0x00, 0x00, 0x1D,
    0x00, 0x01, 0xFE, 0x00, 0x1F, 0xFE, 0x01, 0xFE, 0x0E, 0x1F, 0xE0, 0x0E, 0x3F, 0x00, 0x0E, 0x2F,
    0xE0, 0x0E, 0x02, 0xFE, 0x0E, 0x00, 0x2F, 0xEE, 0x00, 0x02, 0xFE, 0x00, 0x00, 0x2D, 0x00, 0x00,
    0x00, 0x00, 0x00, 0x00, 0x6C, 0x00, 0x00, 0x0B, 0xFE, 0x00, 0x01, 0xFF, 0xFE, 0x00, 0x6F, 0xFF,
    0xFE, 0x0B, 0xFF, 0xFF, 0xFE, 0x3F, 0xFF, 0xFF, 0xFE, 0x1B, 0xFF, 0xFF, 0xFE, 0x00, 0x7F, 0xFF,
    0xFE, 0x00, 0x02, 0xFF, 0xFE, 0x00, 0x00, 0x1B, 0xFE, 0x00, 0x00, 0x00, 0x7D, 0x00, 0x00, 0x00,
    0x00, 0x00, 0x00, 0x00, 0x6C, 0x00, 0x00, 0x0B, 0xFE, 0x00, 0x01, 0xFF, 0xFE, 0x00, 0x6F, 0xF9,
    0x1E, 0x0B, 0xFE, 0x40, 0x1E, 0x3F, 0xD0, 0x00, 0x1E, 0x1B, 0xFD, 0x00, 0x1E, 0x00, 0x7F, 0xF4,
    0x1E, 0x00, 0x02, 0xFF, 0xEE, 0x00, 0x00, 0x1B, 0xFE, 0x00, 0x00, 0x00, 0x7D, 0x00, 0x00, 0x00,
    0x00, 0x00, 0x00, 0x00, 0x00, 0x00, 0x00, 0x02, 0xF4, 0x00, 0x00, 0x00, 0x2F, 0xF0, 0x00, 0x00,
    0x00, 0xFF, 0xD0, 0x00, 0x00, 0x0B, 0xFF, 0xC0, 0x00, 0x00, 0x7E, 0x3F, 0x80, 0x00, 0x03, 0xF0,
    0xBF, 0x00, 0x00, 0x2F, 0x40, 0xFE, 0x00, 0x00, 0xFC, 0x02, 0xFC, 0x00, 0x0B, 0xD0, 0x03, 0xF8,
    0x00, 0x7E, 0x00, 0x0B, 0xF4, 0x03, 0xF0, 0x00, 0x0F, 0xF0, 0x1F, 0x80, 0x00, 0x1F, 0xD0, 0xFC,
    0x00, 0x00, 0x3F, 0xC7, 0xF0, 0x00, 0x00, 0x7F, 0x1F, 0xC0, 0x00, 0x01, 0xF8, 0x3F, 0x80, 0x00,
    0x0F, 0xC0, 0xBF, 0x00, 0x00, 0x7E, 0x00, 0xFE, 0x00, 0x03, 0xF0, 0x01, 0xFC, 0x00, 0x1F, 0x40,
    0x03, 0xF8, 0x00, 0xFC, 0x00, 0x07, 0xF0, 0x0B, 0xD0, 0x00, 0x0F, 0xE0, 0x3F, 0x00, 0x00, 0x1F,
    0xC2, 0xF4, 0x00, 0x00, 0x3F, 0x8F, 0x80, 0x00, 0x00, 0x7F, 0xFC, 0x00, 0x00, 0x00, 0xFF, 0xE0,
    0x00, 0x00, 0x01, 0xFF, 0x00, 0x00, 0x00, 0x03, 0xF0, 0x00, 0x00, 0x00, 0x00, 0x00, 0x00, 0x00,
    0x00, 0x01, 0xAA, 0x00, 0x00, 0x03, 0xFF, 0xFF, 0x00, 0x01, 0xFF, 0xAB, 0xFD, 0x00, 0x7F, 0x40,
    0x0B, 0xF0, 0x0F, 0xC0, 0x00, 0x1F, 0x81, 0xF0, 0x00, 0x00, 0xBC, 0x2F, 0x00, 0x00, 0x07, 0xD3,
    0xE0, 0x00, 0x00, 0x3E, 0x3D, 0x00, 0x00, 0x03, 0xE3, 0xE0, 0x00, 0x00, 0x3D, 0x3E, 0x00, 0x00,
    0x03, 0xD2, 0xF0, 0x00, 0x00, 0xBC, 0x1F, 0x80, 0x00, 0x0F, 0x80, 0xFE, 0x00, 0x07, 0xF0, 0x03,
    0xFE, 0x5B, 0xFC, 0x00, 0x0B, 0xFF, 0xFE, 0x00, 0x00, 0x0B, 0xFA, 0x00, 0x00, 0x00, 0x00, 0x24,
    0x00, 0x00, 0x00, 0x1E, 0x3C, 0xB0, 0x00, 0x00, 0x1E, 0x14, 0xB0, 0x00, 0x03, 0xC0, 0x00, 0x03,
    0xC0, 0x03, 0x80, 0x00, 0x02, 0x80, 0x00, 0x00, 0x00, 0x00, 0x00, 0x3C, 0x00, 0x00, 0x00, 0x3C,
    0x28, 0x00, 0x00, 0x00, 0x24, 0x00, 0x00, 0x00, 0x00, 0x00, 0x78, 0x00, 0x00, 0x00, 0x2D, 0x74,
    0x00, 0x00, 0x00, 0x1C, 0x00, 0x00, 0x00, 0x00, 0x00, 0x3C, 0x00, 0x00, 0x00, 0x38, 0x2C, 0x00,
    0x00, 0x00, 0x38, 0x00, 0x00, 0x00, 0x00, 0x00, 0x03, 0x80, 0x00, 0x03, 0xC0, 0x03, 0x84, 0x00,
    0x13, 0xC0, 0x00, 0x1E, 0x28, 0xF0, 0x00, 0x00, 0x09, 0x3C, 0x60, 0x00, 0x00, 0x00, 0x00, 0x00,
    0x00, 0x00, 0x01, 0xAA, 0x00, 0x00, 0x03, 0xFF, 0xFF, 0x00, 0x01, 0xFF, 0xFF, 0xFD, 0x00, 0x7F,
    0xFF, 0xFF, 0xF0, 0x0F, 0xFF, 0xFF, 0xFF, 0x81, 0xFF, 0xFF, 0xFF, 0xFC, 0x2F, 0xFF, 0xFF, 0xFF,
    0xD3, 0xFF, 0xFF, 0xFF, 0xFE, 0x3F, 0xFF, 0xFF, 0xFF, 0xE3, 0xFF, 0xFF, 0xFF, 0xFD, 0x3F, 0xFF,
    0xFF, 0xFF, 0xD2, 0xFF, 0xFF, 0xFF, 0xFC, 0x1F, 0xFF, 0xFF, 0xFF, 0x80, 0xFF, 0xFF, 0xFF, 0xF0,
    0x03, 0xFF, 0xFF, 0xFC, 0x00, 0x0B, 0xFF, 0xFE, 0x00, 0x00, 0x0B, 0xFA, 0x00, 0x00, 0x7F, 0xFF,
    0xFF, 0xFF, 0x7F, 0xFF, 0xFF, 0xFF, 0x7F, 0xFF, 0xFF, 0xFF, 0x7F, 0xFE, 0x6F, 0xFF, 0x7F, 0xE0,
    0x02, 0xFF, 0x7F, 0x80, 0x00, 0xFF, 0x7F, 0x40, 0x00, 0xBF, 0x7F, 0x00, 0x00, 0xBF, 0x7F, 0x00,
    0x00, 0xBF, 0x7F, 0x40, 0x00, 0xFF, 0x7F, 0xC0, 0x03, 0xFF, 0x7F, 0xF9, 0x5F, 0xFF, 0x7F, 0xFF,
    0xFF, 0xFF, 0x7F, 0xFF, 0xFF, 0xFF, 0x7F, 0xFF, 0xFF, 0xFF, 0x00, 0x00, 0x00, 0x00, 0x7F, 0xFF,
    0xFF, 0xFE, 0x7F, 0xFF, 0xFF, 0xFF, 0x7F, 0xFF, 0xFF, 0xFF, 0x7F, 0xFF, 0xFF, 0xFF, 0x7F, 0xFF,
    0xFF, 0xFF, 0x7F, 0xFE, 0xAF, 0xFF, 0x7F, 0xD0, 0x01, 0xFF, 0x7F, 0x07, 0xF4, 0x3F, 0x7C, 0x3F,
    0xFE, 0x1F, 0x78, 0xBF, 0xFF, 0x4F, 0x74, 0xFF, 0xFF, 0x8F, 0x74, 0xFF, 0xFF, 0x8F, 0x74, 0xFF,
    0xFF, 0x8F, 0x74, 0xFF, 0xFF, 0x4F, 0x7C, 0x7F, 0xFE, 0x2F, 0x7D, 0x1F, 0xF4, 0x3F, 0x7F, 0x40,
    0x01, 0xFF, 0x7F, 0xF9, 0x6F, 0xFF, 0x7F, 0xFF, 0xFF, 0xFF, 0x7F, 0xFF, 0xFF, 0xFF, 0x7F, 0xFF,
    0xFF, 0xFF, 0x7F, 0xFF, 0xFF, 0xFF, 0x7F, 0xFF, 0xFF, 0xFF, 0x00, 0x64, 0x01, 0xFF, 0xD1, 0xF9,
    0xFC, 0xF8, 0x1F, 0x3D, 0x0B, 0xCF, 0x43, 0xD3, 0xFF, 0xF0, 0x3F, 0xE0, 0x00, 0x00, 0x00, 0x00,
    0x00, 0x00, 0x00, 0x00, 0x00, 0x00, 0x7F, 0xF9, 0x00, 0x00, 0x02, 0xFF, 0xFF, 0xF4, 0x00, 0x03,
    0xFE, 0x56, 0xFF, 0x40, 0x03, 0xF4, 0x00, 0x07, 0xF4, 0x02, 0xF0, 0x00, 0x00, 0x3F, 0x00, 0xF4,
    0x00, 0x00, 0x07, 0xD0, 0xBC, 0x00, 0x00, 0x00, 0xF8, 0x3E, 0x00, 0x00, 0x00, 0x2F, 0x0F, 0x40,
    0x00, 0x00, 0x07, 0xC3, 0xD0, 0x00, 0x00, 0x01, 0xF0, 0xF4, 0x00, 0x00, 0x00, 0x7C, 0x3E, 0x00,
    0x00, 0x00, 0x2F, 0x0F, 0xC0, 0x00, 0x00, 0x0F, 0x81, 0xF4, 0x00, 0x00, 0x07, 0xD0, 0x3F, 0x00,
    0x00, 0x03, 0xF0, 0x07, 0xF0, 0x00, 0x03, 0xF0, 0x00, 0xBF, 0x90, 0x1B, 0xF4, 0x00, 0x07, 0xFF,
    0xFF, 0xF0, 0x00, 0x00, 0x2F, 0xFF, 0x90, 0x00, 0x00, 0x00, 0x00, 0x00, 0x00, 0x00, 0x00, 0x00,
    0x02, 0x00, 0x00, 0x00, 0x00, 0x00, 0x1D, 0x00, 0x00, 0x00, 0x00, 0x00, 0xB8, 0x00, 0x00, 0x00,
    0x00, 0x03, 0xF0, 0x00, 0x00, 0x00, 0x00, 0x1F, 0xD0, 0x00, 0x00, 0x00, 0x00, 0xFF, 0xC0, 0x00,
    0x00, 0x00, 0x03, 0xFF, 0x00, 0x00, 0x05, 0x5A, 0xBF, 0xFF, 0xA9, 0x54, 0x3F, 0xFF, 0xFF, 0xFF,
    0xFF, 0xF0, 0x3F, 0xFF, 0xFF, 0xFF, 0xFF, 0x00, 0x2F, 0xFF, 0xFF, 0xFF, 0xE0, 0x00, 0x1F, 0xFF,
    0xFF, 0xFD, 0x00, 0x00, 0x0F, 0xFF, 0xFF, 0xC0, 0x00, 0x00, 0x1F, 0xFF, 0xFD, 0x00, 0x00, 0x00,
    0xBF, 0xFF, 0xF8, 0x00, 0x00, 0x03, 0xFF, 0xFF, 0xF0, 0x00, 0x00, 0x1F, 0xFF, 0xFF, 0xD0, 0x00,
    0x00, 0xBF, 0xD1, 0xFF, 0x80, 0x00, 0x03, 0xF8, 0x00, 0xBF, 0x00, 0x00, 0x0F, 0x40, 0x00, 0x7C,
    0x00, 0x00, 0x20, 0x00, 0x00, 0x20, 0x00, 0x00, 0x00, 0x00, 0x80, 0x00, 0x00, 0x00, 0x00, 0x00,
    0x74, 0x00, 0x00, 0x00, 0x00, 0x00, 0x2E, 0x00, 0x00, 0x00, 0x00, 0x00, 0x0F, 0xC0, 0x00, 0x00,
    0x00, 0x00, 0x07, 0xF4, 0x00, 0x00, 0x00, 0x00, 0x03, 0xDF, 0x00, 0x00, 0x00, 0x00, 0x00, 0xF3,
    0xC0, 0x00, 0x00, 0x00, 0x00, 0xB8, 0xB8, 0x00, 0x00, 0x2A, 0xFF, 0xFC, 0x1F, 0xFF, 0xEA, 0x0F,
    0xFF, 0xFF, 0x03, 0xFF, 0xFF, 0xC0, 0xBE, 0x00, 0x00, 0x00, 0x2F, 0x80, 0x07, 0xF0, 0x00, 0x00,
    0x3F, 0x40, 0x00, 0x7F, 0x40, 0x00, 0x7F, 0x40, 0x00, 0x03, 0xF4, 0x00, 0x7F, 0x00, 0x00, 0x00,
    0x3D, 0x00, 0x1F, 0x00, 0x00, 0x00, 0x0F, 0x00, 0x03, 0xC0, 0x00, 0x00, 0x07, 0x82, 0xE0, 0xB4,
    0x00, 0x00, 0x02, 0xD3, 0xFF, 0x1E, 0x00, 0x00, 0x00, 0xF7, 0xF7, 0xF7, 0xC0, 0x00, 0x00, 0x7F,
    0xE0, 0x2F, 0xF4, 0x00, 0x00, 0x2F, 0xD0, 0x01, 0xFE, 0x00, 0x00, 0x0F, 0x80, 0x00, 0x0B, 0xC0,
    0x00, 0x02, 0x00, 0x00, 0x00, 0x20, 0x00, 0x00, 0x00, 0x00, 0x50, 0x00, 0x00, 0x00, 0x00, 0x2F,
    0xFF, 0xF4, 0x00, 0x00, 0x00, 0xBF, 0xFF, 0xFF, 0xD0, 0x00, 0x00, 0xFF, 0x40, 0x06, 0xFE, 0x00,
    0x00, 0xFD, 0x00, 0x00, 0x0F, 0xE0, 0x00, 0xFC, 0x00, 0x00, 0x00, 0xBE, 0x00, 0xBC, 0x00, 0x00,
    0x00, 0x0F, 0xC0, 0x3D, 0x00, 0x00, 0x00, 0x00, 0xF8, 0x2F, 0x03, 0xD0, 0x01, 0xF0, 0x2F, 0x0F,
    0x82, 0xFC, 0x00, 0xFE, 0x07, 0xC3, 0xD0, 0x7F, 0x00, 0x3F, 0x40, 0xF5, 0xF0, 0x06, 0x00, 0x02,
    0x40, 0x3D, 0x7C, 0x00, 0x00, 0x00, 0x00, 0x0F, 0x5F, 0x00, 0x00, 0x00, 0x00, 0x03, 0xD7, 0xC0,
    0x00, 0x00, 0x00, 0x01, 0xF0, 0xF4, 0x38, 0x00, 0x00, 0xB0, 0xBC, 0x3E, 0x0B, 0xE0, 0x02, 0xF8,
    0x3E, 0x0B, 0xC0, 0xBF, 0xFF, 0xF8, 0x1F, 0x40, 0xF8, 0x07, 0xFF, 0xF4, 0x0F, 0x80, 0x2F, 0x40,
    0x05, 0x40, 0x0F, 0xC0, 0x03, 0xF8, 0x00, 0x00, 0x0F, 0xD0, 0x00, 0x3F, 0xD0, 0x00, 0x6F, 0xD0,
    0x00, 0x02, 0xFF, 0xFF, 0xFF, 0xC0, 0x00, 0x00, 0x0B, 0xFF, 0xFE, 0x40, 0x00, 0x00, 0x00, 0x15,
    0x54, 0x00, 0x00, 0x00, 0x00, 0x00, 0x01, 0x54, 0x00, 0x00, 0x00, 0x00, 0x2F, 0xFF, 0xF8, 0x00,
    0x00, 0x00, 0xBF, 0xFF, 0xFF, 0xE0, 0x00, 0x01, 0xFF, 0xFF, 0xFF, 0xFF, 0x00, 0x01, 0xFF, 0xFF,
    0xFF, 0xFF, 0xF0, 0x00, 0xFF, 0xFF, 0xFF, 0xFF, 0xFE, 0x00, 0xBF, 0xFF, 0xFF, 0xFF, 0xFF, 0xC0,
    0x3F, 0xFF, 0xFF, 0xFF, 0xFF, 0xF8, 0x2F, 0xFC, 0x2F, 0xFE, 0x0F, 0xFF, 0x0F, 0xFD, 0x03, 0xFF,
    0x01, 0xFF, 0xC3, 0xFF, 0x80, 0xFF, 0xC0, 0xBF, 0xF5, 0xFF, 0xF9, 0xFF, 0xFD, 0xBF, 0xFD, 0x7F,
    0xFF, 0xFF, 0xFF, 0xFF, 0xFF, 0x5F, 0xFF, 0xFF, 0xFF, 0xFF, 0xFF, 0xD7, 0xFF, 0xFF, 0xFF, 0xFF,
    0xFF, 0xF0, 0xFF, 0xC7, 0xFF, 0xFF, 0x4F, 0xFC, 0x3F, 0xF4, 0x1F, 0xFE, 0x07, 0xFE, 0x0B, 0xFF,
    0x40, 0x00, 0x03, 0xFF, 0x40, 0xFF, 0xF8, 0x00, 0x0B, 0xFF, 0xC0, 0x2F, 0xFF, 0xFA, 0xBF, 0xFF,
    0xC0, 0x03, 0xFF, 0xFF, 0xFF, 0xFF, 0xD0, 0x00, 0x3F, 0xFF, 0xFF, 0xFF, 0xD0, 0x00, 0x03, 0xFF,
    0xFF, 0xFF, 0xD0, 0x00, 0x00, 0x1F, 0xFF, 0xFF, 0x40, 0x00, 0x00, 0x00, 0x16, 0x94, 0x00, 0x00,
    0x00, 0x00, 0x00, 0x00, 0x00, 0x00, 0x00, 0x00, 0x00, 0x00, 0x74, 0x00, 0x00, 0x00, 0x00, 0x00,
    0x1D, 0x00, 0x00, 0x00, 0x00, 0x00, 0x07, 0x40, 0x00, 0x00, 0x00, 0xE0, 0x01, 0xD0, 0x02, 0xC0,
    0x00, 0x3E, 0x00, 0x00, 0x02, 0xF0, 0x00, 0x03, 0xD0, 0x6E, 0x80, 0xF0, 0x00, 0x00, 0x21, 0xFF,
    0xFE, 0x10, 0x00, 0x00, 0x01, 0xF8, 0x07, 0xE0, 0x00, 0x00, 0x00, 0xF4, 0x00, 0x3D, 0x00, 0x00,
    0x00, 0x78, 0x00, 0x07, 0x80, 0x00, 0x55, 0x2D, 0x00, 0x00, 0xF1, 0x54, 0x3F, 0xCF, 0x00, 0x00,
    0x3C, 0xFF, 0x0A, 0x93, 0xC0, 0x00, 0x0F, 0x1A, 0x80, 0x00, 0xB4, 0x00, 0x0B, 0x80, 0x00, 0x00,
    0x1F, 0x00, 0x03, 0xC0, 0x00, 0x00, 0x03, 0xF4, 0x07, 0xD0, 0x00, 0x00, 0x00, 0x3F, 0xFF, 0xE1,
    0x00, 0x00, 0x02, 0xC1, 0xBF, 0x81, 0xF0, 0x00, 0x02, 0xF0, 0x00, 0x00, 0x3E, 0x00, 0x00, 0xF0,
    0x01, 0xD0, 0x03, 0xC0, 0x00, 0x00, 0x00, 0x74, 0x00, 0x00, 0x00, 0x00, 0x00, 0x1D, 0x00, 0x00,
    0x00, 0x00, 0x00, 0x07, 0x40, 0x00, 0x00, 0x00, 0x00, 0x00, 0x00, 0x00, 0x00, 0x00, 0x00, 0x2F,
    0xE0, 0x00, 0x2F, 0xFF, 0xE0, 0x0B, 0xD0, 0x1F, 0x81, 0xF0, 0x00, 0x7C, 0x3D, 0x00, 0x02, 0xD3,
    0xC0, 0x00, 0x1E, 0x3C, 0x00, 0x01, 0xE3, 0xC0, 0x00, 0x1E, 0x3C, 0x00, 0x03, 0xD2, 0xF0, 0x00,
    0x7C, 0x0F, 0xC0, 0x2F, 0x40, 0x3F, 0xFF, 0xD0, 0x00, 0x7F, 0xD0, 0x00, 0x00, 0xB0, 0x00, 0x00,
    0x0B, 0x00, 0x00, 0x00, 0xB0, 0x00, 0x01, 0x5B, 0x55, 0x00, 0xFF, 0xFF, 0xF4, 0x06, 0xAF, 0xAA,
    0x00, 0x00, 0xB0, 0x00, 0x00, 0x0B, 0x00, 0x00, 0x00, 0xB0, 0x00, 0x00, 0x0B, 0x00, 0x00, 0x00,
    0x00, 0x00, 0x00, 0x00, 0x00, 0x00, 0x00, 0x00, 0x00, 0x3F, 0xFF, 0x00, 0x00, 0x01, 0xAB, 0xF0,
    0x00, 0x00, 0x00, 0xFF, 0x00, 0x00, 0x00, 0x3D, 0xF0, 0x00, 0x54, 0x0F, 0x8F, 0x01, 0xFF, 0xFB,
    0xE0, 0xF0, 0xBE, 0x5B, 0xF8, 0x05, 0x1F, 0x00, 0x0F, 0x80, 0x03, 0xD0, 0x00, 0x3C, 0x00, 0x3C,
    0x00, 0x03, 0xD0, 0x07, 0x80, 0x00, 0x2D, 0x00, 0x78, 0x00, 0x02, 0xD0, 0x07, 0xC0, 0x00, 0x3C,
    0x00, 0x3C, 0x00, 0x07, 0xC0, 0x02, 0xF0, 0x01, 0xF4, 0x00, 0x0F, 0xE6, 0xFD, 0x00, 0x00, 0x2F,
    0xFF, 0x40, 0x00, 0x00, 0x05, 0x00, 0x00, 0x00, 0x00, 0x00, 0x00, 0x00, 0x00, 0x00, 0x00, 0x03,
    0x00, 0x00, 0x00, 0x00, 0x03, 0xF0, 0x00, 0x00, 0x00, 0x02, 0xFE, 0x00, 0x00, 0x00, 0x02, 0xFF,
    0xE0, 0x00, 0x00, 0x02, 0xFF, 0xFE, 0x00, 0x00, 0x02, 0xFF, 0xFF, 0xE0, 0x00, 0x02, 0xFF, 0xFF,
    0xFE, 0x00, 0x01, 0xFF, 0xFF, 0xFF, 0xE0, 0x01, 0xFF, 0xFF, 0xFF, 0xFD, 0x00, 0xFF, 0xFF, 0xFF,
    0xFF, 0xC0, 0xBF, 0xFF, 0xFF, 0xFF, 0xF8, 0x3F, 0xFF, 0xFF, 0xFF, 0xFF, 0x1F, 0xFF, 0xFF, 0xFF,
    0xFF, 0xD7, 0xFF, 0xFF, 0xFF, 0xFF, 0xF6, 0xFF, 0xFF, 0xFF, 0xFF, 0xFE, 0x7F, 0xFF, 0xFF, 0xFF,
    0xFF, 0x4F, 0xFF, 0xFF, 0xFF, 0xFF, 0xC2, 0xFF, 0xFF, 0xFF, 0xFF, 0xE0, 0x2F, 0xFC, 0xFC, 0xFF,
    0xE0, 0x00, 0x54, 0x7F, 0x45, 0x40, 0x00, 0x00, 0x2F, 0xE0, 0x00, 0x00, 0x00, 0x0B, 0xF8, 0x00,
    0x00, 0x00, 0x02, 0xFE, 0x00, 0x00, 0x00, 0x00, 0x00, 0x00, 0x00, 0x00, 0x0F, 0xFE, 0x00, 0x2F,
    0xF8, 0x01, 0xFF, 0xFF, 0x03, 0xFF, 0xFD, 0x0F, 0xC0, 0x2F, 0x3E, 0x00, 0xFC, 0x7C, 0x00, 0x3F,
    0xF0, 0x00, 0xF6, 0xE0, 0x00, 0x7F, 0x40, 0x02, 0xEF, 0x80, 0x00, 0xFC, 0x00, 0x0B, 0xFD, 0x00,
    0x02, 0xE0, 0x00, 0x1F, 0xF8, 0x00, 0x01, 0x00, 0x00, 0xBE, 0xE0, 0x00, 0x00, 0x00, 0x02, 0xE7,
    0xC0, 0x00, 0x00, 0x00, 0x0F, 0x4F, 0x40, 0x00, 0x00, 0x00, 0x7C, 0x2F, 0x00, 0x00, 0x00, 0x03,
    0xE0, 0x3D, 0x00, 0x00, 0x00, 0x1F, 0x00, 0xBC, 0x00, 0x00, 0x00, 0xF8, 0x00, 0xF4, 0x00, 0x00,
    0x07, 0xC0, 0x01, 0xF0, 0x00, 0x00, 0x3D, 0x00, 0x02, 0xF0, 0x00, 0x03, 0xE0, 0x00, 0x03, 0xF0,
    0x00, 0x3F, 0x00, 0x00, 0x03, 0xF0, 0x03, 0xF0, 0x00, 0x00, 0x03, 0xF8, 0xBF, 0x00, 0x00, 0x00,
    0x02, 0xFF, 0xE0, 0x00, 0x00, 0x00, 0x01, 0xFD, 0x00, 0x00, 0x00, 0x00, 0x00, 0x00, 0x00, 0x00,
    0x00, 0x00, 0x01, 0x00, 0x00, 0x00, 0x00, 0x00, 0x0C, 0x00, 0x00, 0x00, 0x00, 0x00, 0xFC, 0x00,
    0x00, 0x00, 0x00, 0x07, 0xF4, 0x00, 0x00, 0x00, 0x00, 0x3F, 0xF0, 0x00, 0x00, 0x00, 0x03, 0xF3,
    0xF0, 0x00, 0x00, 0x00, 0x1F, 0x47, 0xD0, 0x00, 0x00, 0x00, 0xF8, 0x0B, 0xC0, 0x00, 0x00, 0x0F,
    0xC0, 0x0F, 0xC0, 0x00, 0x00, 0xFC, 0x00, 0x0F, 0xC0, 0x00, 0x0B, 0xD0, 0x00, 0x1F, 0x80, 0x00,
    0x7D, 0x00, 0x00, 0x1F, 0x40, 0x07, 0xE0, 0x00, 0x00, 0x2F, 0x40, 0x7E, 0x00, 0x00, 0x00, 0x2F,
    0x43, 0xF0, 0x00, 0x00, 0x00, 0x3F, 0x03, 0xF0, 0x00, 0x00, 0x03, 0xF0, 0x03, 0xF0, 0x00, 0x00,
    0x3F, 0x00, 0x07, 0xE0, 0x00, 0x02, 0xF4, 0x00, 0x07, 0xD0, 0x00, 0x1F, 0x40, 0x00, 0x0B, 0xD0,
    0x01, 0xF8, 0x00, 0x00, 0x0F, 0xC0, 0x0F, 0xC0, 0x00, 0x00, 0x0F, 0x80, 0xBC, 0x00, 0x00, 0x00,
    0x1F, 0x47, 0xD0, 0x00, 0x00, 0x00, 0x2F, 0x3E, 0x00, 0x00, 0x00, 0x00, 0x3F, 0xF0, 0x00, 0x00,
    0x00, 0x00, 0x7F, 0x40, 0x00, 0x00, 0x00, 0x00, 0xB8, 0x00, 0x00, 0x00, 0x00, 0x00, 0xC0, 0x00,
    0x00, 0x00, 0x00, 0x00, 0x00, 0x00, 0x00, 0x00, 0x00, 0x6A, 0x40, 0x00, 0x00, 0x00, 0xFF, 0xFC,
    0x00, 0x00, 0x00, 0xFF, 0xFF, 0xC0, 0x00, 0x00, 0xBF, 0xFF, 0xF8, 0x00, 0x00, 0x3F, 0xFF, 0xFF,
    0x00, 0x00, 0x0F, 0xFF, 0xFF, 0xC0, 0x00, 0x03, 0xFF, 0xFF, 0xF0, 0x00, 0x00, 0xFF, 0xFF, 0xFC,
    0x00, 0x00, 0x1F, 0xFF, 0xFD, 0x00, 0x00, 0x07, 0xFF, 0xFF, 0x40, 0x00, 0x7F, 0xFF, 0xFF, 0xFF,
    0x40, 0x7F, 0xFF, 0xFF, 0xFF, 0xF4, 0x3F, 0xFF, 0xFF, 0xFF, 0xFF, 0x2F, 0xFF, 0xFF, 0xFF, 0xFF,
    0xEF, 0xFF, 0xFF, 0xFF, 0xFF, 0xFF, 0xFF, 0xFF, 0xFF, 0xFF, 0xFF, 0xBF, 0xFF, 0xFF, 0xFF, 0xFF,
    0x9F, 0xFF, 0xFF, 0xFF, 0xFF, 0xD2, 0xFF, 0xFF, 0xFF, 0xFF, 0xE0, 0x2F, 0xFD, 0xFD, 0xFF, 0xE0,
    0x00, 0x54, 0x7F, 0x45, 0x40, 0x00, 0x00, 0x1F, 0xE0, 0x00, 0x00, 0x00, 0x0B, 0xF8, 0x00, 0x00,
    0x00, 0x02, 0xFE, 0x00, 0x00, 0x00, 0x00, 0x00, 0x00, 0x00, 0x00, 0x00, 0x00, 0x08, 0x00, 0x00,
    0x00, 0x00, 0x00, 0x74, 0x00, 0x00, 0x00, 0x00, 0x03, 0xF0, 0x00, 0x00, 0x00, 0x00, 0x2F, 0xE0,
    0x00, 0x00, 0x00, 0x01, 0xF7, 0xD0, 0x00, 0x00, 0x00, 0x1F, 0x47, 0xD0, 0x00, 0x00, 0x00, 0xF8,
    0x0B, 0xC0, 0x00, 0x00, 0x0F, 0x80, 0x0B, 0xC0, 0x00, 0x00, 0xFC, 0x00, 0x0F, 0xC0, 0x00, 0x0F,
    0xC0, 0x00, 0x0F, 0xC0, 0x00, 0xFC, 0x00, 0x00, 0x0F, 0xC0, 0x0B, 0xC0, 0x00, 0x00, 0x0F, 0x80,
    0x7D, 0x00, 0x00, 0x00, 0x1F, 0x03, 0xF0, 0x00, 0x00, 0x00, 0x3F, 0x0F, 0x40, 0x00, 0x00, 0x00,
    0x7C, 0x7C, 0x00, 0x00, 0x00, 0x00, 0xF6, 0xE0, 0x00, 0x00, 0x00, 0x02, 0xEB, 0x80, 0x00, 0x00,
    0x00, 0x0B, 0xAF, 0x00, 0x00, 0x00, 0x00, 0x3E, 0x7C, 0x00, 0x10, 0x10, 0x00, 0xF4, 0xF8, 0x02,
    0xE2, 0xE0, 0x0B, 0xC1, 0xFE, 0xBF, 0x47, 0xFA, 0xFD, 0x01, 0xFF, 0xFD, 0x1F, 0xFF, 0xD0, 0x00,
    0x54, 0xF4, 0x7C, 0x54, 0x00, 0x00, 0x03, 0xD1, 0xF0, 0x00, 0x00, 0x00, 0x0F, 0xFF, 0xC0, 0x00,
    0x00, 0x00, 0x7F, 0xFF, 0x40, 0x00, 0x00, 0x00, 0x00, 0x00, 0x00, 0x02, 0xFF, 0x80, 0x0B, 0xFE,
    0x02, 0xFF, 0xFC, 0x0F, 0xFF, 0xE0, 0xFF, 0xFF, 0x47, 0xFF, 0xFC, 0xBF, 0xFF, 0xF3, 0xFF, 0xFF,
    0xAF, 0xFF, 0xFD, 0xFF, 0xFF, 0xEB, 0xFF, 0xFF, 0xFF, 0xFF, 0xFA, 0xFF, 0xFF, 0xFF, 0xFF, 0xFE,
    0x7F, 0xFF, 0xFF, 0xFF, 0xFF, 0x4F, 0xFF, 0xFF, 0xFF, 0xFF, 0xC3, 0xFF, 0xFF, 0xFF, 0xFF, 0xF0,
    0x7F, 0xFF, 0xFF, 0xFF, 0xF4, 0x0F, 0xFF, 0xFF, 0xFF, 0xFC, 0x00, 0xFF, 0xFF, 0xFF, 0xFD, 0x00,
    0x2F, 0xFF, 0xFF, 0xFE, 0x00, 0x03, 0xFF, 0xFF, 0xFF, 0x00, 0x00, 0x3F, 0xFF, 0xFF, 0x00, 0x00,
    0x07, 0xFF, 0xFF, 0x40, 0x00, 0x00, 0x7F, 0xFF, 0x40, 0x00, 0x00, 0x07, 0xFF, 0x40, 0x00, 0x00,
    0x00, 0x2E, 0x00, 0x00, 0x00, 0x00, 0x00, 0x00, 0x00, 0x00, 0x00, 0x00, 0x00, 0x00, 0x00, 0x00,
    0x00, 0xC0, 0x00, 0x00, 0x00, 0x0B, 0x80, 0x00, 0x00, 0x00, 0x3F, 0x00, 0x00, 0x00, 0x03, 0xFF,
    0x00, 0x00, 0x00, 0x2F, 0xFE, 0x00, 0x00, 0x01, 0xFF, 0xFD, 0x00, 0x00, 0x0F, 0xFF, 0xFC, 0x00,
    0x00, 0xFF, 0xFF, 0xFC, 0x00, 0x0F, 0xFF, 0xFF, 0xFC, 0x00, 0xFF, 0xFF, 0xFF, 0xF8, 0x0B, 0xFF,
    0xFF, 0xFF, 0xF8, 0x7F, 0xFF, 0xFF, 0xFF, 0xF4, 0xBF, 0xFF, 0xFF, 0xFF, 0x80, 0xBF, 0xFF, 0xFF,
    0xF8, 0x00, 0xBF, 0xFF, 0xFF, 0x80, 0x00, 0xFF, 0xFF, 0xFC, 0x00, 0x00, 0xFF, 0xFF, 0xC0, 0x00,
    0x00, 0xFF, 0xFC, 0x00, 0x00, 0x01, 0xFF, 0xD0, 0x00, 0x00, 0x02, 0xFE, 0x00, 0x00, 0x00, 0x03,
    0xF0, 0x00, 0x00, 0x00, 0x07, 0x40, 0x00, 0x00, 0x00, 0x08, 0x00, 0x00, 0x00, 0x00, 0x00, 0x00,
    0x00, 0x00, 0x00, 0x06, 0xA4, 0x00, 0x00, 0x00, 0x00, 0x1F, 0xFF, 0xD0, 0x00, 0x00, 0x00, 0x1F,
    0xD5, 0xFD, 0x00, 0x00, 0x00, 0x1F, 0x80, 0x0B, 0xD0, 0x00, 0x00, 0x0B, 0x80, 0x00, 0xF8, 0x00,
    0x00, 0x03, 0xD0, 0x00, 0x1F, 0x00, 0x00, 0x00, 0xF0, 0x00, 0x03, 0xC0, 0x00, 0x00, 0x3C, 0x00,
    0x00, 0xF0, 0x00, 0x00, 0x0F, 0x40, 0x00, 0x7C, 0x00, 0x00, 0x02, 0xF0, 0x00, 0x3E, 0x00, 0x00,
    0x06, 0xFD, 0x00, 0x1F, 0xE4, 0x00, 0x0F, 0xFB, 0x40, 0x07, 0xBF, 0xC0, 0x0F, 0x80, 0x00, 0x00,
    0x00, 0xFC, 0x0B, 0xC0, 0x00, 0x00, 0x00, 0x0F, 0x83, 0xD0, 0x00, 0x00, 0x00, 0x01, 0xF0, 0xF0,
    0x00, 0x00, 0x00, 0x00, 0x3C, 0x7C, 0x00, 0x00, 0x00, 0x00, 0x0F, 0x4F, 0x00, 0x00, 0x00, 0x00,
    0x03, 0xC3, 0xE0, 0x00, 0x40, 0x40, 0x02, 0xF0, 0xBE, 0x00, 0xB8, 0xB8, 0x02, 0xF4, 0x0F, 0xFA,
    0xFD, 0x1F, 0xEB, 0xFC, 0x00, 0xBF, 0xFF, 0x47, 0xFF, 0xF8, 0x00, 0x01, 0x53, 0xD1, 0xF1, 0x50,
    0x00, 0x00, 0x00, 0xF4, 0x7C, 0x00, 0x00, 0x00, 0x00, 0x3F, 0xFF, 0x00, 0x00, 0x00, 0x00, 0x1F,
    0xFF, 0xD0, 0x00, 0x00, 0x00, 0x01, 0x00, 0x01, 0xC0, 0x00, 0x70, 0x00, 0x1C, 0x00, 0x07, 0x00,
    0x01, 0xC0, 0x00, 0x70, 0x00, 0x1C, 0x00, 0x07, 0x00, 0x01, 0xC0, 0x00, 0x70, 0x00, 0x1C, 0x00,
    0x07, 0x00, 0x01, 0xC0, 0x00, 0x70, 0x00, 0x1C, 0x00, 0x07, 0x00, 0x01, 0xC0, 0x14, 0x70, 0x3F,
    0xFC, 0x3F, 0xFF, 0x2F, 0xFF, 0xCB, 0xFF, 0xE0, 0xFF, 0xE0, 0x0B, 0x90, 0x00, 0x00, 0x01, 0x40,
    0x00, 0x00, 0x03, 0xC0, 0x00, 0x00, 0x03, 0xF0, 0x00, 0x00, 0x03, 0xFC, 0x00, 0x00, 0x03, 0xFF,
    0x00, 0x00, 0x03, 0xFF, 0xC0, 0x00, 0x03, 0xFF, 0xF0, 0x00, 0x03, 0xAF, 0xFC, 0x00, 0x03, 0x8B,
    0xFC, 0x00, 0x03, 0x81, 0xFD, 0x00, 0x03, 0x80, 0x7D, 0x00, 0x03, 0x80, 0x2D, 0x00, 0x03, 0x80,
    0x2C, 0x00, 0x03, 0x80, 0x2C, 0x00, 0x03, 0x80, 0x38, 0x00, 0x03, 0x80, 0x10, 0x00, 0x03, 0x80,
    0x00, 0x00, 0x03, 0x80, 0x00, 0x00, 0x53, 0x80, 0x00, 0x0B, 0xFF, 0x80, 0x00, 0x2F, 0xFF, 0x80,
    0x00, 0x3F, 0xFF, 0x80, 0x00, 0x3F, 0xFF, 0x00, 0x00, 0x2F, 0xFD, 0x00, 0x00, 0x06, 0xE0, 0x00,
    0x00, 0x00, 0x00, 0x00, 0x00, 0x00, 0x40, 0x00, 0x00, 0x00, 0x1B, 0xE0, 0x00, 0x00, 0x01, 0xBF,
    0xF8, 0x00, 0x00, 0x1F, 0xFF, 0xFE, 0x00, 0x02, 0xFF, 0xFF, 0xFF, 0x80, 0x02, 0xFF, 0xFF, 0xF9,
    0xE0, 0x00, 0xBF, 0xFF, 0x90, 0x38, 0x00, 0x2F, 0xF8, 0x00, 0x0E, 0x00, 0x0B, 0x40, 0x00, 0x03,
    0x80, 0x02, 0xC0, 0x00, 0x00, 0xE0, 0x00, 0xB0, 0x00, 0x00, 0x38, 0x00, 0x2C, 0x00, 0x00, 0x0E,
    0x00, 0x0B, 0x00, 0x00, 0x03, 0x80, 0x02, 0xC0, 0x00, 0x00, 0xE0, 0x00, 0xB0, 0x00, 0x00, 0x38,
    0x00, 0x2C, 0x00, 0x00, 0x0E, 0x00, 0x0B, 0x00, 0x01, 0xA7, 0x80, 0x02, 0xC0, 0x03, 0xFF, 0xE0,
    0x14, 0xB0, 0x02, 0xFF, 0xF8, 0x7F, 0xFC, 0x00, 0xFF, 0xFD, 0x3F, 0xFF, 0x00, 0x3F, 0xFF, 0x2F,
    0xFF, 0xC0, 0x07, 0xFE, 0x0B, 0xFF, 0xD0, 0x00, 0x14, 0x00, 0xFF, 0xE0, 0x00, 0x00, 0x00, 0x0B,
    0x80, 0x00, 0x00, 0x00, 0x00, 0x00, 0x00, 0x00, 0x00, 0x00, 0x40, 0x00, 0x00, 0x00, 0x1B, 0xE0,
    0x00, 0x00, 0x01, 0xBF, 0xF8, 0x00, 0x00, 0x1F, 0xFF, 0x9E, 0x00, 0x02, 0xFF, 0xF9, 0x03, 0x80,
    0x02, 0xFF, 0x80, 0x00, 0xE0, 0x00, 0xB8, 0x00, 0x06, 0xF8, 0x00, 0x2C, 0x00, 0x7F, 0xFE, 0x00,
    0x0B, 0x0B, 0xFF, 0xE7, 0x80, 0x02, 0xFF, 0xFE, 0x00, 0xE0, 0x00, 0xBF, 0xD0, 0x00, 0x38, 0x00,
    0x2D, 0x00, 0x00, 0x0E, 0x00, 0x0B, 0x00, 0x00, 0x03, 0x80, 0x02, 0xC0, 0x00, 0x00, 0xE0, 0x00,
    0xB0, 0x00, 0x00, 0x38, 0x00, 0x2C, 0x00, 0x00, 0x0E, 0x00, 0x0B, 0x00, 0x01, 0xA7, 0x80, 0x02,
    0xC0, 0x03, 0xFF, 0xE0, 0x14, 0xB0, 0x02, 0xFF, 0xF8, 0x7F, 0xFC, 0x00, 0xFF, 0xFD, 0x3F, 0xFF,
    0x00, 0x3F, 0xFF, 0x2F, 0xFF, 0xC0, 0x07, 0xFE, 0x0B, 0xFF, 0xD0, 0x00, 0x14, 0x00, 0xFF, 0xE0,
    0x00, 0x00, 0x00, 0x0B, 0x80, 0x00, 0x00, 0x00, 0x00, 0x20, 0x00, 0x07, 0x00, 0x00, 0x70, 0x00,
    0x07, 0x00, 0x00, 0x70, 0x00, 0x07, 0x00, 0x00, 0x70, 0x00, 0x07, 0x00, 0x00, 0x70, 0x00, 0x07,
    0x00, 0x00, 0x71, 0xBE, 0x07, 0xFF, 0xFC, 0x79, 0x03, 0xE7, 0x00, 0x2F, 0x70, 0x01, 0xF7, 0x00,
    0x2E, 0x70, 0x03, 0xD7, 0x01, 0xF8, 0x76, 0xFD, 0x07, 0xF9, 0x00, 0x64, 0x00, 0x00, 0x20, 0x00,
    0x70, 0x00, 0x70, 0x00, 0x70, 0x07, 0x76, 0xFF, 0x7F, 0xFF, 0x7F, 0x4B, 0x70, 0x0B, 0x70, 0x0B,
    0x70, 0x0B, 0x70, 0x0B, 0x70, 0x0B, 0x70, 0x7F, 0x7F, 0xFF, 0x7F, 0xEF, 0x74, 0x0B, 0x00, 0x0B,
    0x00, 0x0B, 0x00, 0x0A, 0x00, 0x00, 0x18, 0x00, 0x00, 0x02, 0xC0, 0x00, 0x80, 0x2C, 0x00, 0x1C,
    0x02, 0xC0, 0x01, 0xC0, 0x2C, 0x50, 0x1C, 0x03, 0xFE, 0x01, 0xDB, 0xFF, 0xD0, 0x7F, 0xFF, 0xC0,
    0x3F, 0xFD, 0x2C, 0x03, 0xFC, 0x02, 0xC0, 0x11, 0xC0, 0x2C, 0x00, 0x1C, 0x02, 0xC0, 0x01, 0xC0,
    0x2C, 0x00, 0x1C, 0x02, 0xEE, 0x01, 0xC1, 0xFF, 0xE0, 0x2F, 0xFF, 0xE4, 0x2F, 0xFF, 0xBC, 0x03,
    0xFE, 0x02, 0xC0, 0x26, 0xC0, 0x2C, 0x00, 0x1C, 0x02, 0xC0, 0x01, 0xC0, 0x28, 0x00, 0x1C, 0x00,
    0x00, 0x01, 0x80, 0x00, 0x00, 0x00, 0x00, 0x00, 0x2D, 0x00, 0x00, 0x00, 0xFE, 0x00, 0x00, 0x01,
    0xFC, 0x00, 0x00, 0x03, 0xF4, 0x00, 0x00, 0x07, 0xF0, 0x00, 0x00, 0x0F, 0xD0, 0x00, 0x00, 0x1F,
    0xC0, 0x00, 0x00, 0x3F, 0x00, 0x00, 0x00, 0x7E, 0x00, 0x00, 0x00, 0xFC, 0x00, 0x00, 0x01, 0xF8,
    0x00, 0x2D, 0x03, 0xF0, 0x00, 0x3F, 0x07, 0xD0, 0x00, 0x3F, 0x4F, 0xC0, 0x00, 0x1F, 0x8F, 0x40,
    0x00, 0x0F, 0xFE, 0x00, 0x00, 0x07, 0xFC, 0x00, 0x00, 0x03, 0xF8, 0x00, 0x00, 0x01, 0xF0, 0x00,
    0x00, 0x00, 0x55, 0x55, 0x55, 0x40, 0x00, 0xFF, 0xFF, 0xFF, 0xFC, 0x00, 0x07, 0xFF, 0xFF, 0xF4,
    0x00, 0x80, 0x3F, 0xFF, 0xF0, 0x08, 0x74, 0x03, 0xFF, 0xF0, 0x07, 0x5F, 0x00, 0x3F, 0xF0, 0x03,
    0xD7, 0xF0, 0x0B, 0xF8, 0x03, 0xF5, 0xFF, 0x00, 0xFC, 0x03, 0xFD, 0x7F, 0xF8, 0x3F, 0x0B, 0xFF,
    0x5F, 0xFF, 0xEF, 0xEF, 0xFF, 0xD7, 0xFF, 0xFF, 0xFF, 0xFF, 0xF5, 0xFF, 0xFF, 0xFF, 0xFF, 0xFD,
    0x7F, 0xF8, 0x3E, 0x0B, 0xFF, 0x5F, 0xF4, 0x0F, 0xC0, 0x7F, 0xD7, 0xF0, 0x07, 0xF4, 0x03, 0xF5,
    0xF0, 0x03, 0xFF, 0x00, 0x3D, 0x74, 0x02, 0xFF, 0xE0, 0x07, 0x5C, 0x02, 0xFF, 0xFE, 0x00, 0xD0,
    0x03, 0xFF, 0xFF, 0xF0, 0x00, 0x0B, 0xFF, 0xFF, 0xFF, 0x80, 0x01, 0x55, 0x55, 0x55, 0x50, 0x00,
    0x00, 0x00, 0x01, 0x54, 0x00, 0x00, 0x00, 0x00, 0x2F, 0xFF, 0xF8, 0x00, 0x00, 0x00, 0xBF, 0xF7,
    0xFF, 0xE0, 0x00, 0x01, 0xFF, 0xFC, 0xBF, 0xFF, 0x00, 0x01, 0xFF, 0xFE, 0x0F, 0xFF, 0xF0, 0x00,
    0xFF, 0xFF, 0x43, 0xFF, 0xFE, 0x00, 0xBF, 0xFF, 0xC0, 0xBF, 0xFF, 0xC0, 0x3F, 0xFF, 0xE0, 0x0F,
    0xFF, 0xF8, 0x2F, 0xFF, 0xF4, 0x03, 0xFF, 0xFF, 0x0F, 0x00, 0x00, 0x00, 0x00, 0x01, 0xC3, 0xD0,
    0x00, 0x00, 0x00, 0x00, 0xF5, 0xFE, 0x00, 0x00, 0x00, 0x01, 0xFD, 0x7F, 0xF4, 0x00, 0x00, 0x02,
    0xFF, 0x5F, 0xFF, 0x80, 0x00, 0x07, 0xFF, 0xD7, 0xFF, 0xF4, 0x00, 0x03, 0xFF, 0xF0, 0xFF, 0xFC,
    0x00, 0x00, 0xBF, 0xFC, 0x3F, 0xFE, 0x00, 0x00, 0x0F, 0xFE, 0x0B, 0xFF, 0x40, 0x20, 0x03, 0xFF,
    0x40, 0xFF, 0xC0, 0x3F, 0x40, 0xBF, 0xC0, 0x2F, 0xE0, 0x7F, 0xFC, 0x1F, 0xC0, 0x03, 0xF4, 0xBF,
    0xFF, 0xD3, 0xD0, 0x00, 0x3E, 0xFF, 0xFF, 0xFF, 0xD0, 0x00, 0x03, 0xFF, 0xFF, 0xFF, 0xD0, 0x00,
    0x00, 0x1F, 0xFF, 0xFF, 0x40, 0x00, 0x00, 0x00, 0x16, 0x94, 0x00, 0x00, 0x00, 0x00, 0x00, 0x00,
    0x00, 0x00, 0x00, 0x00, 0x00, 0xBF, 0x80, 0x00, 0x00, 0x00, 0x07, 0xFF, 0x40, 0x00, 0x00, 0x00,
    0x3F, 0xFE, 0x00, 0x00, 0x00, 0x00, 0xFF, 0xFC, 0x00, 0x00, 0x2F, 0x82, 0xFF, 0xD0, 0xBE, 0x02,
    0xFF, 0xC3, 0xFF, 0x0F, 0xFE, 0x0F, 0xFF, 0x47, 0xF4, 0xBF, 0xFC, 0x3F, 0xFF, 0x0F, 0xC3, 0xFF,
    0xF0, 0xFF, 0xFE, 0x1D, 0x2F, 0xFF, 0xC1, 0xFF, 0xFD, 0x31, 0xFF, 0xFD, 0x00, 0xAA, 0xBE, 0xEF,
    0xAA, 0x80, 0x00, 0x00, 0x0F, 0xC0, 0x00, 0x00, 0x05, 0x56, 0xEF, 0xE5, 0x54, 0x00, 0xFF, 0xFE,
    0x32, 0xFF, 0xFC, 0x0F, 0xFF, 0xF1, 0xC3, 0xFF, 0xFC, 0x3F, 0xFF, 0x0B, 0x83, 0xFF, 0xF0, 0xFF,
    0xF8, 0x7F, 0x0B, 0xFF, 0xC3, 0xFF, 0xC3, 0xFF, 0x0F, 0xFE, 0x03, 0xFC, 0x1F, 0xFD, 0x1F, 0xF0,
    0x00, 0x00, 0xFF, 0xF8, 0x00, 0x00, 0x00, 0x03, 0xFF, 0xF0, 0x00, 0x00, 0x00, 0x0B, 0xFF, 0x80,
    0x00, 0x00, 0x00, 0x0F, 0xFC, 0x00, 0x00, 0x00, 0x00, 0x05, 0x40, 0x00, 0x00, 0x3F, 0xFF, 0xFF,
    0xFF, 0x00, 0xFF, 0xFF, 0xFF, 0xFC, 0x03, 0xC0, 0x00, 0x00, 0xFF, 0x0F, 0x00, 0x00, 0x03, 0xFC,
    0x3C, 0x00, 0x00, 0x0F, 0xF0, 0xF0, 0x00, 0x00, 0x3F, 0xC3, 0xC0, 0x00, 0x00, 0xFF, 0x0F, 0x00,
    0x00, 0x03, 0xFC, 0x3C, 0x00, 0x00, 0x0F, 0xF0, 0xF0, 0x00, 0x00, 0x3F, 0xC3, 0xC0, 0x00, 0x00,
    0xFF, 0x0F, 0x00, 0x00, 0x03, 0xFC, 0x3C, 0x00, 0x00, 0x0F, 0xF0, 0xFF, 0xFF, 0xFF, 0xFF, 0xC3,
    0xFF, 0xFF, 0xFF, 0xFF, 0x00, 0xFF, 0xFF, 0xFF, 0xFC, 0x03, 0xFF, 0xFF, 0xFF, 0xF0, 0x00, 0x00,
    0x00, 0x00, 0x00, 0xFF, 0x3F, 0xCF, 0xF3, 0xFC, 0xFF, 0x3F, 0xCF, 0xF3, 0xFC, 0xFF, 0x3F, 0xCF,
    0xF3, 0xFC, 0xFF, 0x3F, 0xCF, 0xF3, 0xFC, 0xFF, 0x3F, 0xCF, 0xF3, 0xFC, 0xFF, 0x3F, 0xCF, 0xF3,
    0xFC, 0xFF, 0x3F, 0xCF, 0xF3, 0xFC, 0xFF, 0x00, 0x00, 0x00, 0x00, 0x01, 0x54, 0x00, 0x00, 0x00,
    0x00, 0x2F, 0xFF, 0xF8, 0x00, 0x00, 0x00, 0xBF, 0xFF, 0xFF, 0xE0, 0x00, 0x01, 0xFF, 0xFF, 0xFF,
    0xFF, 0x00, 0x01, 0xFF, 0xFF, 0xFF, 0xFF, 0xF0, 0x00, 0xFF, 0xFF, 0xE7, 0xFF, 0xFE, 0x00, 0xBF,
    0xFE, 0x40, 0xFF, 0xFF, 0xC0, 0x3F, 0xFD, 0x00, 0x3F, 0xFF, 0xF8, 0x2F, 0xFF, 0xE9, 0x0F, 0xFF,
    0xFF, 0x0F, 0xFF, 0xFF, 0x83, 0xFF, 0xFF, 0xC3, 0xFF, 0xFF, 0xE0, 0xFF, 0xFF, 0xF5, 0xFF, 0xFF,
    0xF8, 0x3F, 0xFF, 0xFD, 0x7F, 0xFF, 0xFE, 0x0F, 0xFF, 0xFF, 0x5F, 0xFF, 0xFF, 0x83, 0xFF, 0xFF,
    0xD7, 0xFF, 0xFF, 0xE0, 0xFF, 0xFF, 0xF0, 0xFF, 0xFF, 0xF8, 0x3F, 0xFF, 0xFC, 0x3F, 0xFF, 0xFD,
    0x0F, 0xFF, 0xFE, 0x0B, 0xFF, 0xF4, 0x00, 0x2F, 0xFF, 0x40, 0xFF, 0xFD, 0x55, 0x5B, 0xFF, 0xC0,
    0x2F, 0xFF, 0xFF, 0xFF, 0xFF, 0xC0, 0x03, 0xFF, 0xFF, 0xFF, 0xFF, 0xD0, 0x00, 0x3F, 0xFF, 0xFF,
    0xFF, 0xD0, 0x00, 0x03, 0xFF, 0xFF, 0xFF, 0xD0, 0x00, 0x00, 0x1F, 0xFF, 0xFF, 0x40, 0x00, 0x00,
    0x00, 0x16, 0x94, 0x00, 0x00, 0x00, 0x00, 0x00, 0x01, 0x54, 0x00, 0x00, 0x00, 0x00, 0x2F, 0xFF,
    0xF8, 0x00, 0x00, 0x00, 0xBF, 0xFF, 0xFF, 0xE0, 0x00, 0x01, 0xFF, 0xFF, 0xFF, 0xFF, 0x00, 0x01,
    0xFF, 0xFF, 0xFF, 0xFF, 0xF0, 0x00, 0xFF, 0xFF, 0x56, 0xFF, 0xFE, 0x00, 0xBF, 0xFD, 0x00, 0x0F,
    0xFF, 0xC0, 0x3F, 0xFC, 0x0A, 0x41, 0xFF, 0xF8, 0x2F, 0xFF, 0x0B, 0xF0, 0x3F, 0xFF, 0x0F, 0xFF,
    0xC3, 0xFC, 0x0F, 0xFF, 0xC3, 0xFF, 0xFF, 0xFF, 0x07, 0xFF, 0xF5, 0xFF, 0xFF, 0xFF, 0x43, 0xFF,
    0xFD, 0x7F, 0xFF, 0xFF, 0x43, 0xFF, 0xFF, 0x5F, 0xFF, 0xFF, 0x42, 0xFF, 0xFF, 0xD7, 0xFF, 0xFF,
    0x43, 0xFF, 0xFF, 0xF0, 0xFF, 0xFF, 0x03, 0xFF, 0xFF, 0xFC, 0x3F, 0xFF, 0x01, 0x55, 0x6F, 0xFE,
    0x0B, 0xFF, 0xC0, 0x00, 0x0B, 0xFF, 0x40, 0xFF, 0xF5, 0x55, 0x57, 0xFF, 0xC0, 0x2F, 0xFF, 0xFF,
    0xFF, 0xFF, 0xC0, 0x03, 0xFF, 0xFF, 0xFF, 0xFF, 0xD0, 0x00, 0x3F, 0xFF, 0xFF, 0xFF, 0xD0, 0x00,
    0x03, 0xFF, 0xFF, 0xFF, 0xD0, 0x00, 0x00, 0x1F, 0xFF, 0xFF, 0x40, 0x00, 0x00, 0x00, 0x16, 0x94,
    0x00, 0x00, 0x00, 0x00, 0x00, 0x01, 0x54, 0x00, 0x00, 0x00, 0x00, 0x2F, 0xFF, 0xF8, 0x00, 0x00,
    0x00, 0xBF, 0xFF, 0xFF, 0xE0, 0x00, 0x01, 0xFF, 0xFF, 0xFF, 0xFF, 0x00, 0x01, 0xFF, 0xFF, 0xFF,
    0xFF, 0xF0, 0x00, 0xFF, 0xFF, 0x56, 0xFF, 0xFE, 0x00, 0xBF, 0xFD, 0x00, 0x0B, 0xFF, 0xC0, 0x3F,
    0xFE, 0x0B, 0x80, 0xFF, 0xF8, 0x2F, 0xFF, 0x8F, 0xF4, 0x3F, 0xFF, 0x0F, 0xFF, 0xFF, 0xFC, 0x1F,
    0xFF, 0xC3, 0xFF, 0xFF, 0xF8, 0x0F, 0xFF, 0xF5, 0xFF, 0xFF, 0xD0, 0x0B, 0xFF, 0xFD, 0x7F, 0xFF,
    0xF4, 0x00, 0x7F, 0xFF, 0x5F, 0xFF, 0xFF, 0xFD, 0x0F, 0xFF, 0xD7, 0xFF, 0xFF, 0xFF, 0x83, 0xFF,
    0xF0, 0xFF, 0xFF, 0xFF, 0xD0, 0xFF, 0xFC, 0x3F, 0xFF, 0xFF, 0x90, 0x7F, 0xFE, 0x0B, 0xFF, 0xD0,
    0x00, 0x7F, 0xFF, 0x40, 0xFF, 0xF8, 0x01, 0xFF, 0xFF, 0xC0, 0x2F, 0xFF, 0xFF, 0xFF, 0xFF, 0xC0,
    0x03, 0xFF, 0xFF, 0xFF, 0xFF, 0xD0, 0x00, 0x3F, 0xFF, 0xFF, 0xFF, 0xD0, 0x00, 0x03, 0xFF, 0xFF,
    0xFF, 0xD0, 0x00, 0x00, 0x1F, 0xFF, 0xFF, 0x40, 0x00, 0x00, 0x00, 0x16, 0x94, 0x00, 0x00, 0x00,
    0x00, 0x00, 0x01, 0x54, 0x00, 0x00, 0x00, 0x00, 0x2F, 0xFF, 0xF8, 0x00, 0x00, 0x00, 0xBF, 0xFF,
    0xFF, 0xE0, 0x00, 0x01, 0xFF, 0xFF, 0xFF, 0xFF, 0x00, 0x01, 0xFF, 0xFF, 0xFF, 0xFF, 0xF0, 0x00,
    0xFF, 0xFF, 0xF9, 0xFF, 0xFE, 0x00, 0xBF, 0xFF, 0xF0, 0x3F, 0xFF, 0xC0, 0x3F, 0xFF, 0xF4, 0x0F,
    0xFF, 0xF8, 0x2F, 0xFF, 0xF8, 0x03, 0xFF, 0xFF, 0x0F, 0xFF, 0xFC, 0x10, 0xFF, 0xFF, 0xC3, 0xFF,
    0xFC, 0x18, 0x3F, 0xFF, 0xF5, 0xFF, 0xFD, 0x1E, 0x0F, 0xFF, 0xFD, 0x7F, 0xFE, 0x0F, 0x83, 0xFF,
    0xFF, 0x5F, 0xFF, 0x0F, 0xE0, 0xFF, 0xFF, 0xD7, 0xFF, 0x40, 0x00, 0x02, 0xFF, 0xF0, 0xFF, 0xF0,
    0x00, 0x00, 0xBF, 0xFC, 0x3F, 0xFF, 0xFF, 0x83, 0xFF, 0xFE, 0x0B, 0xFF, 0xFF, 0xE0, 0xFF, 0xFF,
    0x40, 0xFF, 0xFF, 0xF8, 0x3F, 0xFF, 0xC0, 0x2F, 0xFF, 0xFF, 0xFF, 0xFF, 0xC0, 0x03, 0xFF, 0xFF,
    0xFF, 0xFF, 0xD0, 0x00, 0x3F, 0xFF, 0xFF, 0xFF, 0xD0, 0x00, 0x03, 0xFF, 0xFF, 0xFF, 0xD0, 0x00,
    0x00, 0x1F, 0xFF, 0xFF, 0x40, 0x00, 0x00, 0x00, 0x16, 0x94, 0x00, 0x00, 0x00, 0x00, 0x00, 0x01,
    0x54, 0x00, 0x00, 0x00, 0x00, 0x2F, 0xFF, 0xF8, 0x00, 0x00, 0x00, 0xBF, 0xFF, 0xFF, 0xE0, 0x00,
    0x01, 0xFF, 0xFF, 0xFF, 0xFF, 0x00, 0x01, 0xFF, 0xFF, 0xFF, 0xFF, 0xF0, 0x00, 0xFF, 0xFE, 0xAA,
    0xBF, 0xFE, 0x00, 0xBF, 0xFE, 0x00, 0x0B, 0xFF, 0xC0, 0x3F, 0xFF, 0x81, 0x56, 0xFF, 0xF8, 0x2F,
    0xFF, 0xE1, 0xFF, 0xFF, 0xFF, 0x0F, 0xFF, 0xF4, 0x7F, 0xFF, 0xFF, 0xC3, 0xFF, 0xFD, 0x00, 0xBF,
    0xFF, 0xF5, 0xFF, 0xFF, 0x40, 0x03, 0xFF, 0xFD, 0x7F, 0xFF, 0xFF, 0xD0, 0xBF, 0xFF, 0x5F, 0xFF,
    0xFF, 0xFC, 0x1F, 0xFF, 0xD7, 0xFF, 0xFF, 0xFF, 0x47, 0xFF, 0xF0, 0xFF, 0xFF, 0xFF, 0xC2, 0xFF,
    0xFC, 0x3F, 0xFF, 0xFF, 0x80, 0xFF, 0xFE, 0x0B, 0xFF, 0xC0, 0x00, 0xFF, 0xFF, 0x40, 0xFF, 0xF4,
    0x02, 0xFF, 0xFF, 0xC0, 0x2F, 0xFF, 0xFF, 0xFF, 0xFF, 0xC0, 0x03, 0xFF, 0xFF, 0xFF, 0xFF, 0xD0,
    0x00, 0x3F, 0xFF, 0xFF, 0xFF, 0xD0, 0x00, 0x03, 0xFF, 0xFF, 0xFF, 0xD0, 0x00, 0x00, 0x1F, 0xFF,
    0xFF, 0x40, 0x00, 0x00, 0x00, 0x16, 0x94, 0x00, 0x00, 0x00, 0x00, 0x00, 0x01, 0x54, 0x00, 0x00,
    0x00, 0x00, 0x2F, 0xFF, 0xF8, 0x00, 0x00, 0x00, 0xBF, 0xFF, 0xFF, 0xE0, 0x00, 0x01, 0xFF, 0xFF,
    0xFF, 0xFF, 0x00, 0x01, 0xFF, 0xFF, 0xFF, 0xFF, 0xF0, 0x00, 0xFF, 0xFF, 0xF5, 0x7F, 0xFE, 0x00,
    0xBF, 0xFF, 0xD0, 0x0B, 0xFF, 0xC0, 0x3F, 0xFF, 0xC0, 0x7F, 0xFF, 0xF8, 0x2F, 0xFF, 0xC0, 0xFF,
    0xFF, 0xFF, 0x0F, 0xFF, 0xC0, 0xFF, 0xFF, 0xFF, 0xC3, 0xFF, 0xE0, 0x01, 0xBF, 0xFF, 0xF5, 0xFF,
    0xF4, 0x00, 0x07, 0xFF, 0xFD, 0x7F, 0xFC, 0x0F, 0xD0, 0x7F, 0xFF, 0x5F, 0xFF, 0x07, 0xFC, 0x0F,
    0xFF, 0xD7, 0xFF, 0xC1, 0xFF, 0x83, 0xFF, 0xF0, 0xFF, 0xF4, 0x3F, 0xD0, 0xFF, 0xFC, 0x3F, 0xFE,
    0x03, 0xE0, 0x7F, 0xFE, 0x0B, 0xFF, 0xD0, 0x00, 0x3F, 0xFF, 0x40, 0xFF, 0xFE, 0x00, 0x7F, 0xFF,
    0xC0, 0x2F, 0xFF, 0xFF, 0xFF, 0xFF, 0xC0, 0x03, 0xFF, 0xFF, 0xFF, 0xFF, 0xD0, 0x00, 0x3F, 0xFF,
    0xFF, 0xFF, 0xD0, 0x00, 0x03, 0xFF, 0xFF, 0xFF, 0xD0, 0x00, 0x00, 0x1F, 0xFF, 0xFF, 0x40, 0x00,
    0x00, 0x00, 0x16, 0x94, 0x00, 0x00, 0x00, 0x00, 0x00, 0x01, 0x54, 0x00, 0x00, 0x00, 0x00, 0x2F,
    0xFF, 0xF8, 0x00, 0x00, 0x00, 0xBF, 0xFF, 0xFF, 0xE0, 0x00, 0x01, 0xFF, 0xFF, 0xFF, 0xFF, 0x00,
    0x01, 0xFF, 0xFF, 0xFF, 0xFF, 0xF0, 0x00, 0xFF, 0xFA, 0xAA, 0xAF, 0xFE, 0x00, 0xBF, 0xF4, 0x00,
    0x01, 0xFF, 0xC0, 0x3F, 0xFD, 0x05, 0x40, 0xBF, 0xF8, 0x2F, 0xFF, 0x0F, 0xF4, 0x3F, 0xFF, 0x0F,
    0xFF, 0xD7, 0xF8, 0x3F, 0xFF, 0xC3, 0xFF, 0xFF, 0xFC, 0x2F, 0xFF, 0xF5, 0xFF, 0xFF, 0xFD, 0x0F,
    0xFF, 0xFD, 0x7F, 0xFF, 0xFF, 0x0B, 0xFF, 0xFF, 0x5F, 0xFF, 0xFF, 0x43, 0xFF, 0xFF, 0xD7, 0xFF,
    0xFF, 0xC2, 0xFF, 0xFF, 0xF0, 0xFF, 0xFF, 0xE0, 0xFF, 0xFF, 0xFC, 0x3F, 0xFF, 0xF4, 0x7F, 0xFF,
    0xFE, 0x0B, 0xFF, 0xFC, 0x2F, 0xFF, 0xFF, 0x40, 0xFF, 0xFF, 0x4B, 0xFF, 0xFF, 0xC0, 0x2F, 0xFF,
    0xFF, 0xFF, 0xFF, 0xC0, 0x03, 0xFF, 0xFF, 0xFF, 0xFF, 0xD0, 0x00, 0x3F, 0xFF, 0xFF, 0xFF, 0xD0,
    0x00, 0x03, 0xFF, 0xFF, 0xFF, 0xD0, 0x00, 0x00, 0x1F, 0xFF, 0xFF, 0x40, 0x00, 0x00, 0x00, 0x16,
    0x94, 0x00, 0x00, 0x00, 0x00, 0x00, 0x01, 0x54, 0x00, 0x00, 0x00, 0x00, 0x2F, 0xFF, 0xF8, 0x00,
    0x00, 0x00, 0xBF, 0xFF, 0xFF, 0xE0, 0x00, 0x01, 0xFF, 0xFF, 0xFF, 0xFF, 0x00, 0x01, 0xFF, 0xFF,
    0xFF, 0xFF, 0xF0, 0x00, 0xFF, 0xFE, 0x56, 0xFF, 0xFE, 0x00, 0xBF, 0xFD, 0x00, 0x0F, 0xFF, 0xC0,
    0x3F, 0xFD, 0x0B, 0x81, 0xFF, 0xF8, 0x2F, 0xFF, 0x0B, 0xF4, 0x3F, 0xFF, 0x0F, 0xFF, 0xC1, 0xFC,
    0x1F, 0xFF, 0xC3, 0xFF, 0xF8, 0x09, 0x0F, 0xFF, 0xF5, 0xFF, 0xFF, 0x80, 0x0F, 0xFF, 0xFD, 0x7F,
    0xFF, 0xD0, 0x01, 0xFF, 0xFF, 0x5F, 0xFF, 0xD0, 0xF4, 0x1F, 0xFF, 0xD7, 0xFF, 0xE0, 0xFF, 0x43,
    0xFF, 0xF0, 0xFF, 0xF8, 0x3F, 0xE0, 0xFF, 0xFC, 0x3F, 0xFE, 0x0B, 0xF4, 0x3F, 0xFE, 0x0B, 0xFF,
    0xC0, 0x10, 0x3F, 0xFF, 0x40, 0xFF, 0xFD, 0x00, 0x7F, 0xFF, 0xC0, 0x2F, 0xFF, 0xFF, 0xFF, 0xFF,
    0xC0, 0x03, 0xFF, 0xFF, 0xFF, 0xFF, 0xD0, 0x00, 0x3F, 0xFF, 0xFF, 0xFF, 0xD0, 0x00, 0x03, 0xFF,
    0xFF, 0xFF, 0xD0, 0x00, 0x00, 0x1F, 0xFF, 0xFF, 0x40, 0x00, 0x00, 0x00, 0x16, 0x94, 0x00, 0x00,
    0x00, 0x00, 0x00, 0x01, 0x54, 0x00, 0x00, 0x00, 0x00, 0x2F, 0xFF, 0xF8, 0x00, 0x00, 0x00, 0xBF,
    0xFF, 0xFF, 0xE0, 0x00, 0x01, 0xFF, 0xFF, 0xFF, 0xFF, 0x00, 0x01, 0xFF, 0xFF, 0xFF, 0xFF, 0xF0,
    0x00, 0xFF, 0xFF, 0x56, 0xFF, 0xFE, 0x00, 0xBF, 0xFE, 0x00, 0x0B, 0xFF, 0xC0, 0x3F, 0xFF, 0x06,
    0x80, 0xFF, 0xF8, 0x2F, 0xFF, 0x43, 0xFC, 0x1F, 0xFF, 0x0F, 0xFF, 0xC1, 0xFF, 0x43, 0xFF, 0xC3,
    0xFF, 0xF4, 0x3F, 0xD0, 0xFF, 0xF5, 0xFF, 0xFE, 0x0B, 0xF4, 0x3F, 0xFD, 0x7F, 0xFF, 0xC0, 0x00,
    0x1F, 0xFF, 0x5F, 0xFF, 0xFD, 0x00, 0x0B, 0xFF, 0xD7, 0xFF, 0xFF, 0xFF, 0x43, 0xFF, 0xF0, 0xFF,
    0xFF, 0xFF, 0x82, 0xFF, 0xFC, 0x3F, 0xFF, 0xFF, 0x40, 0xFF, 0xFE, 0x0B, 0xFF, 0xF4, 0x01, 0xFF,
    0xFF, 0x40, 0xFF, 0xFC, 0x06, 0xFF, 0xFF, 0xC0, 0x2F, 0xFF, 0xFF, 0xFF, 0xFF, 0xC0, 0x03, 0xFF,
    0xFF, 0xFF, 0xFF, 0xD0, 0x00, 0x3F, 0xFF, 0xFF, 0xFF, 0xD0, 0x00, 0x03, 0xFF, 0xFF, 0xFF, 0xD0,
    0x00, 0x00, 0x1F, 0xFF, 0xFF, 0x40, 0x00, 0x00, 0x00, 0x16, 0x94, 0x00, 0x00, 0x00, 0x00, 0x00,
    0x01, 0x54, 0x00, 0x00, 0x00, 0x00, 0x2F, 0xFF, 0xF8, 0x00, 0x00, 0x00, 0xBF, 0xFF, 0xFF, 0xE0,
    0x00, 0x01, 0xFF, 0xFF, 0xFF, 0xFF, 0x00, 0x01, 0xFF, 0xFF, 0xFF, 0xFF, 0xF0, 0x00, 0xFF, 0xFF,
    0xFF, 0xFF, 0xFE, 0x00, 0xBF, 0xFB, 0xFF, 0xEA, 0xFF, 0xC0, 0x3F, 0x90, 0xBF, 0xC0, 0x0B, 0xF8,
    0x2F, 0x80, 0x3F, 0xC1, 0x90, 0xFF, 0x0F, 0xFF, 0x0F, 0xE0, 0xFC, 0x2F, 0xC3, 0xFF, 0xC3, 0xF0,
    0xBF, 0x47, 0xF5, 0xFF, 0xF0, 0xFC, 0x3F, 0xE1, 0xFD, 0x7F, 0xFC, 0x3F, 0x0F, 0xF8, 0x7F, 0x5F,
    0xFF, 0x0F, 0xC2, 0xFD, 0x1F, 0xD7, 0xFF, 0xC3, 0xF0, 0xBF, 0x0B, 0xF0, 0xFF, 0xF0, 0xFD, 0x0F,
    0x83, 0xFC, 0x3F, 0xD0, 0x07, 0xC0, 0x42, 0xFE, 0x0B, 0xF5, 0x55, 0xFD, 0x02, 0xFF, 0x40, 0xFF,
    0xFF, 0xFF, 0xFF, 0xFF, 0xC0, 0x2F, 0xFF, 0xFF, 0xFF, 0xFF, 0xC0, 0x03, 0xFF, 0xFF, 0xFF, 0xFF,
    0xD0, 0x00, 0x3F, 0xFF, 0xFF, 0xFF, 0xD0, 0x00, 0x03, 0xFF, 0xFF, 0xFF, 0xD0, 0x00, 0x00, 0x1F,
    0xFF, 0xFF, 0x40, 0x00, 0x00, 0x00, 0x16, 0x94, 0x00, 0x00, 0x00, 0x00, 0x00, 0x00, 0x40, 0x00,
    0x00, 0x00, 0x00, 0xF4, 0x00, 0x00, 0x00, 0x00, 0x2F, 0x40, 0x00, 0x00, 0x00, 0x02, 0xF4, 0x00,
    0x00, 0x00, 0x00, 0x1F, 0x40, 0x00, 0x00, 0x00, 0x01, 0xF4, 0x00, 0x00, 0x00, 0x00, 0x1F, 0x40,
    0x00, 0x00, 0x00, 0x01, 0xF4, 0xBE, 0xAA, 0xAA, 0xAA, 0xBF, 0x7F, 0xFF, 0xFF, 0xFF, 0xFF, 0xFF,
    0xFF, 0xFF, 0xFE, 0xAB, 0xF4, 0x00, 0x00, 0x00, 0x00, 0xF4, 0x00, 0x00, 0x00, 0x01, 0xF4, 0x00,
    0x00, 0x00, 0x01, 0xF8, 0x00, 0x00, 0x00, 0x01, 0xF8, 0x00, 0x00, 0x00, 0x01, 0xF8, 0x00, 0x00,
    0x00, 0x01, 0xF8, 0x00, 0x00, 0x00, 0x00, 0xF8, 0x00, 0x00, 0x00, 0x00, 0x08, 0x00, 0x00, 0x24,
    0x00, 0x00, 0x00, 0x00, 0x0B, 0xE4, 0x00, 0x00, 0x00, 0x00, 0x7F, 0xE0, 0x00, 0x00, 0x00, 0x03,
    0xFF, 0xE0, 0x00, 0x00, 0x00, 0x2F, 0xFF, 0xD0, 0x00, 0x00, 0x02, 0xFF, 0xFF, 0x90, 0x00, 0x00,
    0x1F, 0xFF, 0xFF, 0x90, 0x00, 0x00, 0xFF, 0xFF, 0xFD, 0x00, 0x00, 0xFF, 0xFF, 0xFD, 0x00, 0x01,
    0xFF, 0xFF, 0xE0, 0x00, 0x02, 0xFF, 0xFE, 0x00, 0x00, 0x03, 0xFF, 0xE4, 0x00, 0x00, 0x07, 0xFF,
    0x40, 0x00, 0x00, 0x0B, 0xF4, 0x00, 0x00, 0x00, 0x03, 0x80, 0x00, 0x00, 0x00, 0x00, 0x00, 0x00,
    0x01, 0x54, 0x00, 0x00, 0x00, 0x00, 0x2F, 0xFF, 0xF8, 0x00, 0x00, 0x00, 0xBF, 0xFF, 0xFF, 0xE0,
    0x00, 0x01, 0xFF, 0xFF, 0xFF, 0xFF, 0x00, 0x01, 0xFF, 0xFF, 0xFF, 0xFF, 0xF0, 0x00, 0xFF, 0xFF,
    0xFF, 0xFF, 0xFE, 0x00, 0xBF, 0xFF, 0xFF, 0xF7, 0xFF, 0xC0, 0x3F, 0xFF, 0xFF, 0xFC, 0x3F, 0xF8,
    0x2F, 0xFF, 0xFF, 0xFF, 0x03, 0xFF, 0x0F, 0xFF, 0xFF, 0xFF, 0xC0, 0x7F, 0xC3, 0xD0, 0x00, 0x00,
    0x00, 0x07, 0xF5, 0xF4, 0x00, 0x00, 0x00, 0x00, 0x7D, 0x7D, 0x00, 0x00, 0x00, 0x00, 0x0B, 0x5F,
    0x40, 0x00, 0x00, 0x00, 0x03, 0xD7, 0xD0, 0x00, 0x00, 0x00, 0x03, 0xF0, 0xFA, 0xAA, 0xBF, 0xFC,
    0x03, 0xFC, 0x3F, 0xFF, 0xFF, 0xFF, 0x03, 0xFE, 0x0B, 0xFF, 0xFF, 0xFF, 0xC3, 0xFF, 0x40, 0xFF,
    0xFF, 0xFF, 0xF3, 0xFF, 0xC0, 0x2F, 0xFF, 0xFF, 0xFF, 0xFF, 0xC0, 0x03, 0xFF, 0xFF, 0xFF, 0xFF,
    0xD0, 0x00, 0x3F, 0xFF, 0xFF, 0xFF, 0xD0, 0x00, 0x03, 0xFF, 0xFF, 0xFF, 0xD0, 0x00, 0x00, 0x1F,
    0xFF, 0xFF, 0x40, 0x00, 0x00, 0x00, 0x16, 0x94, 0x00, 0x00, 0x00, 0x00, 0x00, 0x00, 0x00, 0x00,
    0x00, 0x00, 0x00, 0x00, 0x00, 0x00, 0x0C, 0x00, 0x00, 0x00, 0x00, 0x00, 0x00, 0x00, 0xFC, 0x00,
    0x00, 0x00, 0x00, 0x00, 0x00, 0x0F, 0xFC, 0x00, 0x00, 0x00, 0x00, 0x00, 0x00, 0xFF, 0xFC, 0x00,
    0x00, 0x00, 0x00, 0x00, 0x0F, 0xEF, 0xFC, 0x00, 0x00, 0x00, 0x00, 0x00, 0xF0, 0x01, 0xFC, 0x00,
    0x00, 0x00, 0x00, 0x0F, 0x00, 0x00, 0xBC, 0x00, 0x00, 0x00, 0x00, 0xFC, 0x00, 0x00, 0xBC, 0x00,
    0x00, 0x00, 0x0F, 0xF9, 0xBE, 0x40, 0xFC, 0x00, 0x00, 0x00, 0xFF, 0xFF, 0xFF, 0x81, 0xFC, 0x00,
    0x00, 0x0F, 0xFF, 0xFF, 0xFF, 0x43, 0xFC, 0x00, 0x00, 0xFF, 0xFF, 0xFF, 0xFE, 0x0F, 0xFC, 0x00,
    0x0F, 0xFF, 0xFF, 0xFF, 0xFC, 0x2F, 0xFC, 0x00, 0xFF, 0xFF, 0xFF, 0xFF, 0xD0, 0xFF, 0xFC, 0x0F,
    0xFF, 0xFF, 0xFF, 0xE4, 0x03, 0xFF, 0xFC, 0x7F, 0xFF, 0xFF, 0xD0, 0x00, 0x2F, 0xFF, 0xF4, 0x7F,
    0xFF, 0xFE, 0x00, 0x02, 0xFF, 0xFF, 0x40, 0x7F, 0xFF, 0xF8, 0x00, 0x7F, 0xFF, 0xF4, 0x00, 0x7F,
    0xFF, 0xE0, 0x2F, 0xFF, 0xFF, 0x40, 0x00, 0x7F, 0xFF, 0xC2, 0xFF, 0xFF, 0xF4, 0x00, 0x00, 0x7F,
    0xFF, 0x07, 0xFF, 0xFF, 0x40, 0x00, 0x00, 0x7F, 0xFE, 0x7F, 0xFF, 0xF4, 0x00, 0x00, 0x00, 0x7F,
    0xFF, 0xFF, 0xFF, 0x40, 0x00, 0x00, 0x00, 0x7F, 0xF4, 0x7F, 0xF4, 0x00, 0x00, 0x00, 0x00, 0x7F,
    0x80, 0xFF, 0x40, 0x00, 0x00, 0x00, 0x00, 0x7E, 0x03, 0xF4, 0x00, 0x00, 0x00, 0x00, 0x00, 0x7D,
    0x2F, 0x40, 0x00, 0x00, 0x00, 0x00, 0x00, 0x7F, 0xF4, 0x00, 0x00, 0x00, 0x00, 0x00, 0x00, 0x7F,
    0x40, 0x00, 0x00, 0x00, 0x00, 0x00, 0x00, 0x74, 0x00, 0x00, 0x00, 0x00, 0x00, 0x00, 0x00, 0x00,
    0x00, 0x00, 0x00,
};

static const EpdGlyph bookerly_16_bolditalicGlyphs[] = {
    { 0, 0, 0, 0, 0, 0, 0 }, //  
    { 0, 0, 0, 0, 0, 0, 0 }, // 
    { 0, 0, 7, 0, 0, 0, 0 }, // 	
    { 0, 0, 7, 0, 0, 0, 0 }, // 
    { 0, 0, 0, 0, 0, 0, 0 }, // 
    { 0, 0, 7, 0, 0, 0, 0 }, //  
    { 11, 26, 11, 1, 25, 72, 0 }, // !
    { 13, 12, 13, 1, 24, 39, 72 }, // "
    { 21, 21, 21, 0, 19, 111, 111 }, // #
    { 18, 34, 21, 1, 27, 153, 222 }, // $
    { 30, 28, 32, 1, 25, 210, 375 }, // %
    { 27, 27, 29, 1, 25, 183, 585 }, // &
    { 7, 12, 7, 1, 24, 21, 768 }, // '
    { 15, 34, 14, 1, 27, 128, 789 }, // (
    { 15, 34, 14, -2, 27, 128, 917 }, // )
    { 13, 12, 13, 1, 25, 39, 1045 }, // *
    { 15, 16, 21, 3, 19, 60, 1084 }, // +
    { 10, 11, 10, -2, 5, 28, 1144 }, // ,
    { 11, 5, 13, 1, 11, 14, 1172 }, // -
    { 7, 6, 10, 1, 5, 11, 1186 }, // .
    { 21, 26, 17, -2, 24, 137, 1197 }, // /
    { 20, 24, 21, 0, 23, 120, 1334 }, // 0
    { 15, 24, 21, 2, 24, 90, 1454 }, // 1
    { 20, 23, 21, 0, 23, 115, 1544 }, // 2
    { 19, 24, 21, 0, 23, 114, 1659 }, // 3
    { 20, 23, 21, 0, 23, 115, 1773 }, // 4
    { 19, 24, 21, 1, 23, 114, 1888 }, // 5
    { 20, 24, 21, 1, 23, 120, 2002 }, // 6
    { 19, 24, 21, 3, 23, 114, 2122 }, // 7
    { 19, 24, 21, 1, 23, 114, 2236 }, // 8
    { 21, 24, 21, -1, 23, 126, 2350 }, // 9
    { 9, 19, 10, 1, 18, 43, 2476 }, // :
    { 12, 24, 10, -2, 18, 72, 2519 }, // ;
    { 15, 16, 21, 3, 19, 60, 2591 }, // <
    { 15, 10, 21, 3, 16, 38, 2651 }, // =
    { 15, 16, 21, 3, 19, 60, 2689 }, // >
    { 12, 25, 13, 2, 24, 75, 2749 }, // ?
    { 31, 30, 33, 1, 23, 233, 2824 }, // @
    { 26, 24, 24, -2, 24, 156, 3057 }, // A
    { 22, 25, 21, -2, 24, 138, 3213 }, // B
    { 21, 25, 22, 1, 24, 132, 3351 }, // C
    { 26, 25, 24, -2, 24, 163, 3483 }, // D
    { 23, 23, 21, -2, 23, 133, 3646 }, // E
    { 22, 23, 19, -2, 23, 127, 3779 }, // F
    { 22, 25, 24, 1, 24, 138, 3906 }, // G
    { 30, 23, 26, -2, 23, 173, 4044 }, // H
    { 17, 23, 13, -2, 23, 98, 4217 }, // I
    { 21, 30, 13, -6, 23, 158, 4315 }, // J
    { 27, 24, 24, -2, 23, 162, 4473 }, // K
    { 20, 23, 19, -2, 23, 115, 4635 }, // L
    { 33, 23, 30, -3, 23, 190, 4750 }, // M
    { 29, 24, 26, -1, 23, 174, 4940 }, // N
    { 24, 25, 24, 0, 24, 150, 5114 }, // O
    { 23, 24, 20, -2, 24, 138, 5264 }, // P
    { 28, 32, 25, 0, 24, 224, 5402 }, // Q
    { 24, 25, 22, -2, 24, 150, 5626 }, // R
    { 19, 25, 18, -1, 24, 119, 5776 }, // S
    { 22, 23, 22, 2, 23, 127, 5895 }, // T
    { 26, 24, 26, 2, 23, 156, 6022 }, // U
    { 25, 24, 24, 2, 23, 150, 6178 }, // V
    { 33, 24, 33, 2, 23, 198, 6328 }, // W
    { 27, 23, 22, -3, 23, 156, 6526 }, // X
    { 23, 23, 22, 1, 23, 133, 6682 }, // Y
    { 21, 24, 20, -1, 23, 126, 6815 }, // Z
    { 15, 32, 11, -2, 26, 120, 6941 }, // [
    { 15, 26, 17, 1, 24, 98, 7061 }, // <backslash>
    { 15, 32, 11, -2, 26, 120, 7159 }, // ]
    { 17, 17, 21, 2, 22, 73, 7279 }, // ^
    { 17, 4, 17, 0, -1, 17, 7352 }, // _
    { 7, 9, 20, 7, 28, 16, 7369 }, // `
    { 20, 19, 20, 0, 18, 95, 7385 }, // a
    { 18, 27, 18, 0, 26, 122, 7480 }, // b
    { 15, 19, 15, 0, 18, 72, 7602 }, // c
    { 20, 27, 20, 0, 26, 135, 7674 }, // d
    { 15, 19, 16, 0, 18, 72, 7809 }, // e
    { 24, 34, 14, -6, 26, 204, 7881 }, // f
    { 23, 26, 17, -3, 18, 150, 8085 }, // g
    { 19, 27, 20, 0, 26, 129, 8235 }, // h
    { 10, 27, 11, 1, 26, 68, 8364 }, // i
    { 19, 34, 10, -7, 26, 162, 8432 }, // j
    { 17, 27, 18, 0, 26, 115, 8594 }, // k
    { 10, 27, 11, 1, 26, 68, 8709 }, // l
    { 27, 19, 29, 1, 18, 129, 8777 }, // m
    { 19, 19, 20, 1, 18, 91, 8906 }, // n
    { 17, 19, 18, 0, 18, 81, 8997 }, // o
    { 21, 26, 19, -3, 18, 137, 9078 }, // p
    { 19, 26, 19, 0, 18, 124, 9215 }, // q
    { 16, 18, 16, 1, 18, 72, 9339 }, // r
    { 15, 19, 14, -1, 18, 72, 9411 }, // s
    { 15, 23, 14, 0, 22, 87, 9483 }, // t
    { 20, 19, 20, 0, 18, 95, 9570 }, // u
    { 17, 19, 17, 0, 18, 81, 9665 }, // v
    { 25, 19, 25, 0, 18, 119, 9746 }, // w
    { 21, 19, 19, -1, 18, 100, 9865 }, // x
    { 22, 26, 17, -5, 18, 143, 9965 }, // y
    { 17, 19, 16, -1, 18, 81, 10108 }, // z
    { 15, 33, 14, 1, 27, 124, 10189 }, // {
    { 11, 30, 10, -1, 26, 83, 10313 }, // |
    { 15, 33, 14, -2, 27, 124, 10396 }, // }
    { 17, 8, 21, 2, 15, 34, 10520 }, // ~
    { 0, 0, 7, 0, 0, 0, 10554 }, //  
    { 11, 26, 11, -1, 18, 72, 10554 }, // ¡
    { 17, 33, 21, 2, 26, 141, 10626 }, // ¢
    { 22, 24, 21, -1, 23, 132, 10767 }, // £
    { 21, 16, 21, 0, 19, 84, 10899 }, // ¤
    { 23, 23, 21, 1, 23, 133, 10983 }, // ¥
    { 11, 30, 10, -1, 26, 83, 11116 }, // ¦
    { 17, 26, 17, -1, 23, 111, 11199 }, // §
    { 12, 6, 20, 4, 26, 18, 11310 }, // ¨
    { 25, 25, 26, 0, 24, 157, 11328 }, // ©
    { 14, 17, 15, 1, 24, 60, 11485 }, // ª
    { 19, 13, 20, 1, 15, 62, 11545 }, // «
    { 15, 9, 21, 3, 16, 34, 11607 }, // ¬
    { 11, 5, 13, 1, 11, 14, 11641 }, // ­
    { 19, 18, 19, 0, 26, 86, 11655 }, // ®
    { 12, 4, 20, 4, 24, 12, 11741 }, // ¯
    { 13, 12, 17, 2, 23, 39, 11753 }, // °
    { 15, 21, 21, 3, 20, 79, 11792 }, // ±
    { 14, 16, 15, 0, 28, 56, 11871 }, // ²
    { 12, 17, 15, 1, 28, 51, 11927 }, // ³
    { 7, 10, 20, 7, 29, 18, 11978 }, // ´
    { 22, 26, 20, -2, 18, 143, 11996 }, // µ
    { 22, 28, 20, -1, 23, 154, 12139 }, // ¶
    { 6, 6, 10, 2, 12, 9, 12293 }, // ·
    { 8, 8, 20, 6, -1, 16, 12302 }, // ¸
    { 11, 16, 15, 1, 28, 44, 12318 }, // ¹
    { 13, 17, 15, 1, 24, 56, 12362 }, // º
    { 19, 13, 20, 0, 15, 62, 12418 }, // »
    { 34, 28, 36, 1, 25, 238, 12480 }, // ¼
    { 34, 28, 36, 1, 25, 238, 12718 }, // ½
    { 34, 28, 36, 1, 25, 238, 12956 }, // ¾
    { 11, 25, 13, 0, 18, 69, 13194 }, // ¿
    { 26, 33, 24, -2, 33, 215, 13263 }, // À
    { 26, 33, 24, -2, 33, 215, 13478 }, // Á
    { 26, 32, 24, -2, 32, 208, 13693 }, // Â
    { 26, 32, 24, -2, 32, 208, 13901 }, // Ã
    { 26, 31, 24, -2, 31, 202, 14109 }, // Ä
    { 26, 33, 24, -2, 33, 215, 14311 }, // Å
    { 34, 23, 31, -3, 23, 196, 14526 }, // Æ
    { 21, 33, 22, 1, 24, 174, 14722 }, // Ç
    { 23, 33, 21, -2, 33, 190, 14896 }, // È
    { 23, 33, 21, -2, 33, 190, 15086 }, // É
    { 23, 32, 21, -2, 32, 184, 15276 }, // Ê
    { 23, 31, 21, -2, 31, 179, 15460 }, // Ë
    { 17, 33, 13, -2, 33, 141, 15639 }, // Ì
    { 17, 33, 13, -2, 33, 141, 15780 }, // Í
    { 18, 32, 13, -2, 32, 144, 15921 }, // Î
    { 18, 31, 13, -2, 31, 140, 16065 }, // Ï
    { 26, 25, 24, -2, 24, 163, 16205 }, // Ð
    { 29, 33, 26, -1, 32, 240, 16368 }, // Ñ
    { 24, 34, 24, 0, 33, 204, 16608 }, // Ò
    { 24, 34, 24, 0, 33, 204, 16812 }, // Ó
    { 24, 33, 24, 0, 32, 198, 17016 }, // Ô
    { 24, 33, 24, 0, 32, 198, 17214 }, // Õ
    { 24, 32, 24, 0, 31, 192, 17412 }, // Ö
    { 15, 15, 21, 3, 19, 57, 17604 }, // ×
    { 27, 25, 24, -1, 24, 169, 17661 }, // Ø
    { 26, 34, 26, 2, 33, 221, 17830 }, // Ù
    { 26, 34, 26, 2, 33, 221, 18051 }, // Ú
    { 26, 33, 26, 2, 32, 215, 18272 }, // Û
    { 26, 32, 26, 2, 31, 208, 18487 }, // Ü
    { 23, 33, 22, 1, 33, 190, 18695 }, // Ý
    { 22, 23, 20, -2, 23, 127, 18885 }, // Þ
    { 27, 34, 21, -6, 26, 230, 19012 }, // ß
    { 20, 29, 20, 0, 28, 145, 19242 }, // à
    { 20, 30, 20, 0, 29, 150, 19387 }, // á
    { 20, 29, 20, 0, 28, 145, 19537 }, // â
    { 20, 27, 20, 0, 26, 135, 19682 }, // ã
    { 20, 27, 20, 0, 26, 135, 19817 }, // ä
    { 20, 29, 20, 0, 28, 145, 19952 }, // å
    { 26, 19, 26, 0, 18, 124, 20097 }, // æ
    { 15, 27, 15, 0, 18, 102, 20221 }, // ç
    { 15, 29, 16, 0, 28, 109, 20323 }, // è
    { 17, 30, 16, 0, 29, 128, 20432 }, // é
    { 16, 29, 16, 0, 28, 116, 20560 }, // ê
    { 17, 27, 16, 0, 26, 115, 20676 }, // ë
    { 9, 29, 11, 1, 28, 66, 20791 }, // ì
    { 13, 30, 11, 1, 29, 98, 20857 }, // í
    { 12, 29, 11, 1, 28, 87, 20955 }, // î
    { 13, 27, 11, 1, 26, 88, 21042 }, // ï
    { 18, 28, 18, 0, 27, 126, 21130 }, // ð
    { 19, 27, 20, 1, 26, 129, 21256 }, // ñ
    { 17, 29, 18, 0, 28, 124, 21385 }, // ò
    { 18, 30, 18, 0, 29, 135, 21509 }, // ó
    { 18, 29, 18, 0, 28, 131, 21644 }, // ô
    { 18, 27, 18, 0, 26, 122, 21775 }, // õ
    { 18, 27, 18, 0, 26, 122, 21897 }, // ö
    { 15, 16, 21, 3, 19, 60, 22019 }, // ÷
    { 22, 19, 18, -2, 18, 105, 22079 }, // ø
    { 20, 29, 20, 0, 28, 145, 22184 }, // ù
    { 20, 30, 20, 0, 29, 150, 22329 }, // ú
    { 20, 29, 20, 0, 28, 145, 22479 }, // û
    { 20, 27, 20, 0, 26, 135, 22624 }, // ü
    { 22, 37, 17, -5, 29, 204, 22759 }, // ý
    { 22, 34, 18, -4, 26, 187, 22963 }, // þ
    { 22, 34, 17, -5, 26, 187, 23150 }, // ÿ
    { 26, 30, 24, -2, 30, 195, 23337 }, // Ā
    { 20, 25, 20, 0, 24, 125, 23532 }, // ā
    { 26, 32, 24, -2, 32, 208, 23657 }, // Ă
    { 20, 27, 20, 0, 26, 135, 23865 }, // ă
    { 26, 31, 24, -2, 24, 202, 24000 }, // Ą
    { 20, 25, 20, 0, 18, 125, 24202 }, // ą
    { 21, 34, 22, 1, 33, 179, 24327 }, // Ć
    { 17, 30, 15, 0, 29, 128, 24506 }, // ć
    { 21, 33, 22, 1, 32, 174, 24634 }, // Ĉ
    { 16, 29, 15, 0, 28, 116, 24808 }, // ĉ
    { 21, 33, 22, 1, 32, 174, 24924 }, // Ċ
    { 15, 27, 15, 0, 26, 102, 25098 }, // ċ
    { 21, 33, 22, 1, 32, 174, 25200 }, // Č
    { 18, 29, 15, 0, 28, 131, 25374 }, // č
    { 26, 33, 24, -2, 32, 215, 25505 }, // Ď
    { 25, 27, 20, 0, 26, 169, 25720 }, // ď
    { 26, 25, 24, -2, 24, 163, 25889 }, // Đ
    { 22, 27, 20, 0, 26, 149, 26052 }, // đ
    { 23, 30, 21, -2, 30, 173, 26201 }, // Ē
    { 17, 25, 16, 0, 24, 107, 26374 }, // ē
    { 23, 32, 21, -2, 32, 184, 26481 }, // Ĕ
    { 17, 27, 16, 0, 26, 115, 26665 }, // ĕ
    { 23, 32, 21, -2, 32, 184, 26780 }, // Ė
    { 15, 27, 16, 0, 26, 102, 26964 }, // ė
    { 23, 30, 21, -2, 23, 173, 27066 }, // Ę
    { 15, 25, 16, 0, 18, 94, 27239 }, // ę
    { 23, 32, 21, -2, 32, 184, 27333 }, // Ě
    { 18, 29, 16, 0, 28, 131, 27517 }, // ě
    { 22, 33, 24, 1, 32, 182, 27648 }, // Ĝ
    { 23, 36, 17, -3, 28, 207, 27830 }, // ĝ
    { 22, 33, 24, 1, 32, 182, 28037 }, // Ğ
    { 23, 34, 17, -3, 26, 196, 28219 }, // ğ
    { 22, 33, 24, 1, 32, 182, 28415 }, // Ġ
    { 23, 34, 17, -3, 26, 196, 28597 }, // ġ
    { 22, 33, 24, 1, 24, 182, 28793 }, // Ģ
    { 23, 37, 17, -3, 29, 213, 28975 }, // ģ
    { 30, 32, 26, -2, 32, 240, 29188 }, // Ĥ
    { 19, 35, 20, 0, 34, 167, 29428 }, // ĥ
    { 30, 23, 26, -2, 23, 173, 29595 }, // Ħ
    { 19, 27, 20, 0, 26, 129, 29768 }, // ħ
    { 18, 32, 13, -2, 32, 144, 29897 }, // Ĩ
    { 13, 27, 11, 1, 26, 88, 30041 }, // ĩ
    { 18, 30, 13, -2, 30, 135, 30129 }, // Ī
    { 13, 25, 11, 1, 24, 82, 30264 }, // ī
    { 17, 32, 13, -2, 32, 136, 30346 }, // Ĭ
    { 13, 27, 11, 1, 26, 88, 30482 }, // ĭ
    { 17, 30, 13, -2, 23, 128, 30570 }, // Į
    { 10, 33, 11, 1, 26, 83, 30698 }, // į
    { 17, 32, 13, -2, 32, 136, 30781 }, // İ
    { 9, 19, 11, 1, 18, 43, 30917 }, // ı
    { 30, 30, 26, -2, 23, 225, 30960 }, // Ĳ
    { 22, 34, 21, 1, 26, 187, 31185 }, // ĳ
    { 22, 39, 13, -6, 32, 215, 31372 }, // Ĵ
    { 21, 36, 10, -7, 28, 189, 31587 }, // ĵ
    { 27, 32, 24, -2, 23, 216, 31776 }, // Ķ
    { 17, 35, 18, 0, 26, 149, 31992 }, // ķ
    { 18, 19, 19, 1, 18, 86, 32141 }, // ĸ
    { 20, 33, 19, -2, 33, 165, 32227 }, // Ĺ
    { 12, 35, 11, 1, 34, 105, 32392 }, // ĺ
    { 20, 32, 19, -2, 23, 160, 32497 }, // Ļ
    { 12, 35, 11, -1, 26, 105, 32657 }, // ļ
    { 22, 26, 19, -2, 26, 143, 32762 }, // Ľ
    { 15, 27, 12, 1, 26, 102, 32905 }, // ľ
    { 21, 23, 19, -2, 23, 121, 33007 }, // Ŀ
    { 14, 27, 14, 1, 26, 95, 33128 }, // ŀ
    { 20, 23, 19, -2, 23, 115, 33223 }, // Ł
    { 13, 27, 10, -1, 26, 88, 33338 }, // ł
    { 29, 34, 26, -1, 33, 247, 33426 }, // Ń
    { 19, 30, 20, 1, 29, 143, 33673 }, // ń
    { 29, 32, 26, -1, 23, 232, 33816 }, // Ņ
    { 19, 27, 20, 1, 18, 129, 34048 }, // ņ
    { 29, 33, 26, -1, 32, 240, 34177 }, // Ň
    { 19, 29, 20, 1, 28, 138, 34417 }, // ň
    { 25, 26, 27, 2, 25, 163, 34555 }, // ŉ
    { 29, 30, 26, -1, 23, 218, 34718 }, // Ŋ
    { 18, 26, 19, 1, 18, 117, 34936 }, // ŋ
    { 24, 31, 24, 0, 30, 186, 35053 }, // Ō
    { 18, 25, 18, 0, 24, 113, 35239 }, // ō
    { 24, 33, 24, 0, 32, 198, 35352 }, // Ŏ
    { 18, 27, 18, 0, 26, 122, 35550 }, // ŏ
    { 25, 34, 24, 0, 33, 213, 35672 }, // Ő
    { 20, 29, 18, 0, 28, 145, 35885 }, // ő
    { 33, 25, 33, 0, 24, 207, 36030 }, // Œ
    { 27, 19, 27, 0, 18, 129, 36237 }, // œ
    { 24, 34, 22, -2, 33, 204, 36366 }, // Ŕ
    { 16, 29, 16, 1, 29, 116, 36570 }, // ŕ
    { 24, 33, 22, -2, 24, 198, 36686 }, // Ŗ
    { 18, 27, 16, -1, 18, 122, 36884 }, // ŗ
    { 24, 33, 22, -2, 32, 198, 37006 }, // Ř
    { 17, 28, 16, 1, 28, 119, 37204 }, // ř
    { 19, 34, 18, -1, 33, 162, 37323 }, // Ś
    { 17, 30, 14, -1, 29, 128, 37485 }, // ś
    { 19, 33, 18, -1, 32, 157, 37613 }, // Ŝ
    { 16, 29, 14, -1, 28, 116, 37770 }, // ŝ
    { 19, 33, 18, -1, 24, 157, 37886 }, // Ş
    { 15, 27, 14, -1, 18, 102, 38043 }, // ş
    { 20, 33, 18, -1, 32, 165, 38145 }, // Š
    { 18, 29, 14, -1, 28, 131, 38310 }, // š
    { 22, 32, 22, 2, 23, 176, 38441 }, // Ţ
    { 15, 31, 14, 0, 22, 117, 38617 }, // ţ
    { 22, 32, 22, 2, 32, 176, 38734 }, // Ť
    { 17, 28, 14, 0, 27, 119, 38910 }, // ť
    { 22, 23, 22, 2, 23, 127, 39029 }, // Ŧ
    { 15, 23, 14, 0, 22, 87, 39156 }, // ŧ
    { 26, 33, 26, 2, 32, 215, 39243 }, // Ũ
    { 20, 27, 20, 0, 26, 135, 39458 }, // ũ
    { 26, 31, 26, 2, 30, 202, 39593 }, // Ū
    { 20, 25, 20, 0, 24, 125, 39795 }, // ū
    { 26, 33, 26, 2, 32, 215, 39920 }, // Ŭ
    { 20, 27, 20, 0, 26, 135, 40135 }, // ŭ
    { 26, 34, 26, 2, 33, 221, 40270 }, // Ů
    { 20, 29, 20, 0, 28, 145, 40491 }, // ů
    { 26, 34, 26, 2, 33, 221, 40636 }, // Ű
    { 20, 29, 20, 0, 28, 145, 40857 }, // ű
    { 26, 30, 26, 2, 23, 195, 41002 }, // Ų
    { 20, 25, 20, 0, 18, 125, 41197 }, // ų
    { 33, 33, 33, 2, 32, 273, 41322 }, // Ŵ
    { 25, 29, 25, 0, 28, 182, 41595 }, // ŵ
    { 23, 32, 22, 1, 32, 184, 41777 }, // Ŷ
    { 22, 36, 17, -5, 28, 198, 41961 }, // ŷ
    { 23, 31, 22, 1, 31, 179, 42159 }, // Ÿ
    { 21, 34, 20, -1, 33, 179, 42338 }, // Ź
    { 17, 30, 16, -1, 29, 128, 42517 }, // ź
    { 21, 33, 20, -1, 32, 174, 42645 }, // Ż
    { 17, 27, 16, -1, 26, 115, 42819 }, // ż
    { 21, 33, 20, -1, 32, 174, 42934 }, // Ž
    { 17, 29, 16, -1, 28, 124, 43108 }, // ž
    { 24, 34, 14, -6, 26, 204, 43232 }, // ſ
    { 7, 9, 0, -5, 28, 16, 43436 }, // ̀
    { 7, 10, 0, -2, 29, 18, 43452 }, // ́
    { 12, 9, 0, -7, 28, 27, 43470 }, // ̂
    { 12, 6, 0, -6, 26, 18, 43497 }, // ̃
    { 12, 4, 0, -6, 24, 12, 43515 }, // ̄
    { 12, 6, 0, -6, 26, 18, 43527 }, // ̆
    { 6, 6, 0, -3, 26, 9, 43545 }, // ̇
    { 12, 6, 0, -6, 26, 18, 43554 }, // ̈
    { 9, 10, 0, -4, 29, 23, 43572 }, // ̉
    { 10, 9, 0, -5, 28, 23, 43595 }, // ̊
    { 13, 9, 0, -6, 28, 30, 43618 }, // ̋
    { 12, 8, 0, -5, 28, 24, 43648 }, // ̌
    { 11, 9, 0, -7, 28, 25, 43672 }, // ̏
    { 11, 7, 0, -6, 26, 20, 43697 }, // ̑
    { 7, 10, 0, -3, 29, 18, 43717 }, // ̒
    { 7, 9, 0, -3, 29, 16, 43735 }, // ̓
    { 6, 9, 0, -4, 29, 14, 43751 }, // ̔
    { 6, 9, 0, -3, 29, 14, 43765 }, // ̕
    { 6, 8, 0, -3, 21, 12, 43779 }, // ̛
    { 6, 6, 0, -3, -2, 9, 43791 }, // ̣
    { 12, 5, 0, -6, -3, 15, 43800 }, // ̤
    { 8, 8, 0, -4, -1, 16, 43815 }, // ̥
    { 7, 8, 0, -4, -1, 14, 43831 }, // ̦
    { 8, 8, 0, -4, -1, 16, 43845 }, // ̧
    { 8, 8, 0, -4, 1, 16, 43861 }, // ̨
    { 6, 9, 9, -1, -1, 14, 43877 }, // ̩
    { 13, 8, 0, -7, -1, 26, 43891 }, // ̭
    { 12, 6, 0, -6, -2, 18, 43917 }, // ̮
    { 12, 7, 0, -6, -2, 21, 43935 }, // ̰
    { 12, 4, 0, -6, -3, 12, 43956 }, // ̱
    { 12, 7, 0, -6, 26, 21, 43968 }, // ͂
    { 13, 14, 0, -7, 34, 46, 43989 }, // ̈́
    { 6, 7, 0, -2, -2, 11, 44035 }, // ͅ
    { 23, 33, 21, -2, 33, 190, 44046 }, // Ѐ
    { 23, 31, 21, -2, 31, 179, 44236 }, // Ё
    { 22, 30, 25, 2, 23, 165, 44415 }, // Ђ
    { 23, 33, 19, -2, 33, 190, 44580 }, // Ѓ
    { 22, 25, 21, 0, 24, 138, 44770 }, // Є
    { 19, 25, 18, -1, 24, 119, 44908 }, // Ѕ
    { 17, 23, 13, -2, 23, 98, 45027 }, // І
    { 18, 31, 13, -2, 31, 140, 45125 }, // Ї
    { 21, 30, 13, -6, 23, 158, 45265 }, // Ј
    { 32, 24, 31, -2, 23, 192, 45423 }, // Љ
    { 33, 24, 32, -2, 23, 198, 45615 }, // Њ
    { 24, 23, 28, 2, 23, 138, 45813 }, // Ћ
    { 27, 34, 23, -2, 33, 230, 45951 }, // Ќ
    { 30, 33, 27, -2, 33, 248, 46181 }, // Ѝ
    { 24, 34, 22, 1, 33, 204, 46429 }, // Ў
    { 29, 31, 25, -2, 23, 225, 46633 }, // Џ
    { 26, 24, 24, -2, 24, 156, 46858 }, // А
    { 22, 24, 21, -2, 23, 132, 47014 }, // Б
    { 22, 25, 21, -2, 24, 138, 47146 }, // В
    { 23, 23, 19, -2, 23, 133, 47284 }, // Г
    { 28, 30, 25, -2, 23, 210, 47417 }, // Д
    { 23, 23, 21, -2, 23, 133, 47627 }, // Е
    { 37, 25, 32, -3, 24, 232, 47760 }, // Ж
    { 19, 25, 19, -1, 24, 119, 47992 }, // З
    { 30, 23, 27, -2, 23, 173, 48111 }, // И
    { 30, 33, 27, -2, 33, 248, 48284 }, // Й
    { 27, 25, 23, -2, 24, 169, 48532 }, // К
    { 28, 24, 24, -2, 23, 168, 48701 }, // Л
    { 33, 23, 30, -3, 23, 190, 48869 }, // М
    { 30, 23, 26, -2, 23, 173, 49059 }, // Н
    { 24, 25, 24, 0, 24, 150, 49232 }, // О
    { 29, 23, 26, -2, 23, 167, 49382 }, // П
    { 23, 24, 20, -2, 24, 138, 49549 }, // Р
    { 21, 25, 22, 1, 24, 132, 49687 }, // С
    { 22, 23, 22, 2, 23, 127, 49819 }, // Т
    { 24, 24, 22, 1, 23, 144, 49946 }, // У
    { 24, 25, 25, 0, 24, 150, 50090 }, // Ф
    { 27, 23, 22, -3, 23, 156, 50240 }, // Х
    { 29, 30, 26, -2, 23, 218, 50396 }, // Ц
    { 23, 23, 24, 2, 23, 133, 50614 }, // Ч
    { 37, 23, 33, -2, 23, 213, 50747 }, // Ш
    { 37, 30, 34, -2, 23, 278, 50960 }, // Щ
    { 21, 24, 24, 2, 23, 126, 51238 }, // Ъ
    { 35, 24, 31, -2, 23, 210, 51364 }, // Ы
    { 21, 24, 20, -2, 23, 126, 51574 }, // Ь
    { 21, 25, 21, -1, 24, 132, 51700 }, // Э
    { 36, 25, 34, -2, 24, 225, 51832 }, // Ю
    { 26, 24, 22, -2, 23, 156, 52057 }, // Я
    { 20, 19, 20, 0, 18, 95, 52213 }, // а
    { 19, 28, 18, 1, 27, 133, 52308 }, // б
    { 17, 19, 17, 0, 18, 81, 52441 }, // в
    { 15, 19, 15, 0, 18, 72, 52522 }, // г
    { 18, 27, 18, 0, 26, 122, 52594 }, // д
    { 15, 19, 16, 0, 18, 72, 52716 }, // е
    { 30, 19, 30, 0, 18, 143, 52788 }, // ж
    { 16, 19, 15, -1, 18, 76, 52931 }, // з
    { 20, 19, 20, 0, 18, 95, 53007 }, // и
    { 20, 28, 20, 0, 27, 140, 53102 }, // й
    { 18, 19, 19, 1, 18, 86, 53242 }, // к
    { 21, 19, 21, -1, 18, 100, 53328 }, // л
    { 27, 19, 26, -1, 18, 129, 53428 }, // м
    { 19, 19, 21, 1, 18, 91, 53557 }, // н
    { 17, 19, 18, 0, 18, 81, 53648 }, // о
    { 19, 19, 20, 1, 18, 91, 53729 }, // п
    { 21, 26, 19, -3, 18, 137, 53820 }, // р
    { 15, 19, 15, 0, 18, 72, 53957 }, // с
    { 27, 19, 29, 1, 18, 129, 54029 }, // т
    { 22, 26, 17, -5, 18, 143, 54158 }, // у
    { 23, 34, 24, 0, 26, 196, 54301 }, // ф
    { 21, 19, 19, -1, 18, 100, 54497 }, // х
    { 20, 25, 21, 0, 18, 125, 54597 }, // ц
    { 18, 19, 20, 1, 18, 86, 54722 }, // ч
    { 27, 19, 28, 0, 18, 129, 54808 }, // ш
    { 28, 25, 28, 0, 18, 175, 54937 }, // щ
    { 18, 19, 18, 0, 18, 86, 55112 }, // ъ
    { 26, 19, 26, 0, 18, 124, 55198 }, // ы
    { 16, 19, 17, 0, 18, 76, 55322 }, // ь
    { 16, 19, 16, -1, 18, 76, 55398 }, // э
    { 25, 19, 26, 1, 18, 119, 55474 }, // ю
    { 19, 19, 20, 0, 18, 91, 55593 }, // я
    { 15, 29, 16, 0, 28, 109, 55684 }, // ѐ
    { 17, 27, 16, 0, 26, 115, 55793 }, // ё
    { 18, 34, 19, 0, 26, 153, 55908 }, // ђ
    { 16, 30, 15, 0, 29, 120, 56061 }, // ѓ
    { 16, 19, 16, 0, 18, 76, 56181 }, // є
    { 15, 19, 14, -1, 18, 72, 56257 }, // ѕ
    { 10, 27, 11, 1, 26, 68, 56329 }, // і
    { 13, 27, 11, 1, 26, 88, 56397 }, // ї
    { 19, 34, 10, -7, 26, 162, 56485 }, // ј
    { 27, 19, 26, -1, 18, 129, 56647 }, // љ
    { 24, 19, 26, 1, 18, 114, 56776 }, // њ
    { 19, 27, 20, 0, 26, 129, 56890 }, // ћ
    { 18, 30, 19, 1, 29, 135, 57019 }, // ќ
    { 20, 29, 20, 0, 28, 145, 57154 }, // ѝ
    { 22, 35, 17, -5, 27, 193, 57299 }, // ў
    { 20, 25, 20, 0, 18, 125, 57492 }, // џ
    { 21, 27, 23, 2, 26, 142, 57617 }, // Ѣ
    { 24, 19, 26, 1, 18, 114, 57759 }, // ѣ
    { 24, 25, 24, 0, 24, 150, 57873 }, // Ѳ
    { 17, 19, 18, 0, 18, 81, 58023 }, // ѳ
    { 25, 25, 25, 2, 24, 157, 58104 }, // Ѵ
    { 21, 19, 19, -1, 18, 100, 58261 }, // ѵ
    { 30, 40, 27, -2, 33, 300, 58361 }, // Ҋ
    { 20, 34, 20, 0, 27, 170, 58661 }, // ҋ
    { 21, 24, 20, -2, 23, 126, 58831 }, // Ҍ
    { 15, 25, 17, 1, 24, 94, 58957 }, // ҍ
    { 23, 24, 20, -2, 24, 138, 59051 }, // Ҏ
    { 21, 26, 19, -3, 18, 137, 59189 }, // ҏ
    { 23, 28, 19, -2, 28, 161, 59326 }, // Ґ
    { 17, 23, 16, 0, 22, 98, 59487 }, // ґ
    { 23, 23, 19, -2, 23, 133, 59585 }, // Ғ
    { 15, 19, 15, 0, 18, 72, 59718 }, // ғ
    { 22, 30, 22, -2, 23, 165, 59790 }, // Ҕ
    { 16, 26, 18, 1, 18, 104, 59955 }, // ҕ
    { 37, 31, 32, -3, 24, 287, 60059 }, // Җ
    { 30, 25, 30, 0, 18, 188, 60346 }, // җ
    { 19, 31, 19, -1, 24, 148, 60534 }, // Ҙ
    { 16, 25, 15, -1, 18, 100, 60682 }, // ҙ
    { 27, 31, 23, -2, 24, 210, 60782 }, // Қ
    { 18, 25, 19, 1, 18, 113, 60992 }, // қ
    { 28, 25, 24, -2, 24, 175, 61105 }, // Ҝ
    { 20, 19, 21, 1, 18, 95, 61280 }, // ҝ
    { 27, 25, 23, -2, 24, 169, 61375 }, // Ҟ
    { 18, 25, 18, 0, 24, 113, 61544 }, // ҟ
    { 27, 25, 27, 2, 24, 169, 61657 }, // Ҡ
    { 21, 19, 22, 0, 18, 100, 61826 }, // ҡ
    { 30, 30, 27, -2, 23, 225, 61926 }, // Ң
    { 20, 25, 21, 1, 18, 125, 62151 }, // ң
    { 35, 23, 31, -2, 23, 202, 62276 }, // Ҥ
    { 25, 19, 25, 1, 18, 119, 62478 }, // ҥ
    { 34, 30, 34, -2, 23, 255, 62597 }, // Ҧ
    { 26, 26, 28, 1, 18, 169, 62852 }, // ҧ
    { 26, 25, 27, 1, 24, 163, 63021 }, // Ҩ
    { 21, 19, 21, 0, 18, 100, 63184 }, // ҩ
    { 21, 31, 22, 1, 24, 163, 63284 }, // Ҫ
    { 15, 25, 15, 0, 18, 94, 63447 }, // ҫ
    { 22, 30, 22, 2, 23, 165, 63541 }, // Ҭ
    { 28, 25, 29, 1, 18, 175, 63706 }, // ҭ
    { 23, 23, 22, 1, 23, 133, 63881 }, // Ү
    { 17, 26, 17, 0, 18, 111, 64014 }, // ү
    { 23, 23, 22, 1, 23, 133, 64125 }, // Ұ
    { 17, 26, 17, 0, 18, 111, 64258 }, // ұ
    { 27, 30, 22, -3, 23, 203, 64369 }, // Ҳ
    { 21, 25, 19, -1, 18, 132, 64572 }, // ҳ
    { 30, 30, 30, 2, 23, 225, 64704 }, // Ҵ
    { 20, 31, 21, 0, 24, 155, 64929 }, // ҵ
    { 23, 30, 24, 2, 23, 173, 65084 }, // Ҷ
    { 19, 25, 20, 1, 18, 119, 65257 }, // ҷ
    { 24, 23, 24, 2, 23, 138, 65376 }, // Ҹ
    { 19, 19, 20, 1, 18, 91, 65514 }, // ҹ
    { 24, 23, 24, -2, 23, 138, 65605 }, // Һ
    { 19, 27, 20, 0, 26, 129, 65743 }, // һ
    { 26, 25, 27, 1, 24, 163, 65872 }, // Ҽ
    { 19, 19, 20, 0, 18, 91, 66035 }, // ҽ
    { 26, 32, 27, 1, 24, 208, 66126 }, // Ҿ
    { 19, 25, 20, 0, 18, 119, 66334 }, // ҿ
    { 17, 23, 13, -2, 23, 98, 66453 }, // Ӏ
    { 37, 34, 32, -3, 33, 315, 66551 }, // Ӂ
    { 30, 28, 30, 0, 27, 210, 66866 }, // ӂ
    { 27, 31, 24, -2, 24, 210, 67076 }, // Ӄ
    { 18, 26, 19, 1, 18, 117, 67286 }, // ӄ
    { 28, 30, 24, -2, 23, 210, 67403 }, // Ӆ
    { 22, 25, 21, -1, 18, 138, 67613 }, // ӆ
    { 30, 30, 26, -2, 23, 225, 67751 }, // Ӈ
    { 18, 26, 19, 1, 18, 117, 67976 }, // ӈ
    { 30, 30, 27, -2, 23, 225, 68093 }, // Ӊ
    { 20, 25, 21, 1, 18, 125, 68318 }, // ӊ
    { 23, 30, 24, 2, 23, 173, 68443 }, // Ӌ
    { 18, 25, 19, 1, 18, 113, 68616 }, // ӌ
    { 33, 30, 30, -3, 23, 248, 68729 }, // Ӎ
    { 27, 25, 26, -1, 18, 169, 68977 }, // ӎ
    { 17, 26, 13, -2, 26, 111, 69146 }, // ӏ
    { 26, 33, 24, -2, 33, 215, 69257 }, // Ӑ
    { 20, 28, 20, 0, 27, 140, 69472 }, // ӑ
    { 26, 31, 24, -2, 31, 202, 69612 }, // Ӓ
    { 20, 27, 20, 0, 26, 135, 69814 }, // ӓ
    { 34, 23, 31, -3, 23, 196, 69949 }, // Ӕ
    { 26, 19, 26, 0, 18, 124, 70145 }, // ӕ
    { 23, 33, 21, -2, 33, 190, 70269 }, // Ӗ
    { 17, 28, 16, 0, 27, 119, 70459 }, // ӗ
    { 21, 25, 22, 0, 24, 132, 70578 }, // Ә
    { 16, 19, 16, 0, 18, 76, 70710 }, // ә
    { 21, 32, 22, 0, 31, 168, 70786 }, // Ӛ
    { 16, 27, 16, 0, 26, 108, 70954 }, // ӛ
    { 37, 32, 32, -3, 31, 296, 71062 }, // Ӝ
    { 30, 27, 30, 0, 26, 203, 71358 }, // ӝ
    { 19, 32, 19, -1, 31, 152, 71561 }, // Ӟ
    { 17, 27, 15, -1, 26, 115, 71713 }, // ӟ
    { 21, 24, 19, -1, 23, 126, 71828 }, // Ӡ
    { 20, 26, 18, -2, 18, 130, 71954 }, // ӡ
    { 30, 30, 27, -2, 30, 225, 72084 }, // Ӣ
    { 20, 25, 20, 0, 24, 125, 72309 }, // ӣ
    { 30, 31, 27, -2, 31, 233, 72434 }, // Ӥ
    { 20, 27, 20, 0, 26, 135, 72667 }, // ӥ
    { 24, 32, 24, 0, 31, 192, 72802 }, // Ӧ
    { 18, 27, 18, 0, 26, 122, 72994 }, // ӧ
    { 24, 25, 24, 0, 24, 150, 73116 }, // Ө
    { 17, 19, 18, 0, 18, 81, 73266 }, // ө
    { 24, 32, 24, 0, 31, 192, 73347 }, // Ӫ
    { 18, 27, 18, 0, 26, 122, 73539 }, // ӫ
    { 21, 32, 21, -1, 31, 168, 73661 }, // Ӭ
    { 16, 27, 16, -1, 26, 108, 73829 }, // ӭ
    { 24, 31, 22, 1, 30, 186, 73937 }, // Ӯ
    { 22, 32, 17, -5, 24, 176, 74123 }, // ӯ
    { 24, 32, 22, 1, 31, 192, 74299 }, // Ӱ
    { 22, 34, 17, -5, 26, 187, 74491 }, // ӱ
    { 24, 34, 22, 1, 33, 204, 74678 }, // Ӳ
    { 22, 36, 17, -5, 28, 198, 74882 }, // ӳ
    { 23, 31, 24, 2, 31, 179, 75080 }, // Ӵ
    { 18, 27, 20, 1, 26, 122, 75259 }, // ӵ
    { 23, 30, 19, -2, 23, 173, 75381 }, // Ӷ
    { 15, 25, 15, 0, 18, 94, 75554 }, // ӷ
    { 35, 32, 31, -2, 31, 280, 75648 }, // Ӹ
    { 26, 27, 26, 0, 26, 176, 75928 }, // ӹ
    { 23, 30, 19, -2, 23, 173, 76104 }, // Ӻ
    { 15, 25, 15, 0, 18, 94, 76277 }, // ӻ
    { 27, 30, 22, -3, 23, 203, 76371 }, // Ӽ
    { 21, 26, 19, -1, 18, 137, 76574 }, // ӽ
    { 27, 23, 22, -3, 23, 156, 76711 }, // Ӿ
    { 21, 19, 19, -1, 18, 100, 76867 }, // ӿ
    { 0, 0, 17, 0, 0, 0, 76967 }, //  
    { 0, 0, 33, 0, 0, 0, 76967 }, //  
    { 0, 0, 17, 0, 0, 0, 76967 }, //  
    { 0, 0, 33, 0, 0, 0, 76967 }, //  
    { 0, 0, 11, 0, 0, 0, 76967 }, //  
    { 0, 0, 8, 0, 0, 0, 76967 }, //  
    { 0, 0, 5, 0, 0, 0, 76967 }, //  
    { 0, 0, 21, 0, 0, 0, 76967 }, //  
    { 0, 0, 10, 0, 0, 0, 76967 }, //  
    { 0, 0, 7, 0, 0, 0, 76967 }, //  
    { 0, 0, 2, 0, 0, 0, 76967 }, //  
    { 0, 0, 0, 0, 0, 0, 76967 }, // ​
    { 2, 28, 0, -1, 20, 14, 76967 }, // ‌
    { 8, 30, 0, -4, 22, 60, 76981 }, // ‍
    { 12, 31, 0, -6, 23, 93, 77041 }, // ‎
    { 12, 31, 0, -6, 23, 93, 77134 }, // ‏
    { 11, 5, 13, 1, 11, 14, 77227 }, // ‐
    { 11, 5, 13, 1, 11, 14, 77241 }, // ‑
    { 17, 4, 21, 2, 13, 17, 77255 }, // ‒
    { 17, 5, 17, 0, 11, 22, 77272 }, // –
    { 33, 5, 33, 0, 11, 42, 77294 }, // —
    { 33, 5, 33, 0, 11, 42, 77336 }, // ―
    { 12, 34, 17, 2, 26, 102, 77378 }, // ‖
    { 17, 9, 17, 0, -1, 39, 77480 }, // ‗
    { 8, 11, 10, 2, 25, 22, 77519 }, // ‘
    { 8, 11, 10, 2, 25, 22, 77541 }, // ’
    { 8, 11, 10, 0, 5, 22, 77563 }, // ‚
    { 8, 12, 10, 1, 25, 24, 77585 }, // ‛
    { 15, 11, 17, 2, 25, 42, 77609 }, // “
    { 15, 12, 17, 2, 25, 45, 77651 }, // ”
    { 14, 11, 17, 0, 5, 39, 77696 }, // „
    { 15, 12, 17, 1, 25, 45, 77735 }, // ‟
    { 15, 22, 15, 1, 24, 83, 77780 }, // †
    { 17, 26, 15, -1, 24, 111, 77863 }, // ‡
    { 8, 8, 10, 1, 13, 16, 77974 }, // •
    { 12, 12, 21, 4, 17, 36, 77990 }, // ‣
    { 7, 6, 10, 1, 5, 11, 78026 }, // ․
    { 15, 6, 17, 1, 5, 23, 78037 }, // ‥
    { 29, 6, 33, 2, 5, 44, 78060 }, // …
    { 7, 6, 10, 1, 12, 11, 78104 }, // ‧
    { 0, 0, 0, 0, 0, 0, 78115 }, //  
    { 0, 0, 0, 0, 0, 0, 78115 }, //  
    { 12, 31, 0, -6, 23, 93, 78115 }, // ‪
    { 12, 31, 0, -6, 23, 93, 78208 }, // ‫
    { 10, 31, 0, -5, 23, 78, 78301 }, // ‬
    { 14, 31, 0, -7, 23, 109, 78379 }, // ‭
    { 14, 31, 0, -7, 23, 109, 78488 }, // ‮
    { 0, 0, 4, 0, 0, 0, 78597 }, //  
    { 44, 28, 46, 1, 25, 308, 78597 }, // ‰
    { 8, 11, 8, 0, 23, 22, 78905 }, // ′
    { 15, 11, 15, 0, 23, 42, 78927 }, // ″
    { 23, 11, 23, 0, 23, 64, 78969 }, // ‴
    { 8, 11, 8, 0, 23, 22, 79033 }, // ‵
    { 15, 11, 16, 0, 23, 42, 79055 }, // ‶
    { 22, 11, 23, 0, 23, 61, 79097 }, // ‷
    { 14, 7, 16, 1, 0, 25, 79158 }, // ‸
    { 10, 13, 12, 1, 15, 33, 79183 }, // ‹
    { 11, 13, 12, 0, 15, 36, 79216 }, // ›
    { 21, 23, 21, 0, 22, 121, 79252 }, // ※
    { 20, 26, 20, 1, 25, 130, 79373 }, // ‼
    { 17, 4, 17, 0, 28, 17, 79503 }, // ‾
    { 8, 5, 10, 1, 11, 10, 79520 }, // ⁃
    { 21, 28, 9, -6, 25, 147, 79530 }, // ⁄
    { 24, 25, 26, 2, 24, 150, 79677 }, // ⁇
    { 22, 26, 23, 2, 25, 143, 79827 }, // ⁈
    { 22, 26, 23, 1, 25, 143, 79970 }, // ⁉
    { 20, 7, 33, 6, 13, 35, 80113 }, // ⁓
    { 30, 11, 30, 0, 23, 83, 80148 }, // ⁗
    { 0, 0, 7, 0, 0, 0, 80231 }, //  
    { 0, 0, 0, 0, 0, 0, 80231 }, // ⁠
    { 0, 0, 0, 0, 0, 0, 80231 }, // ⁡
    { 0, 0, 0, 0, 0, 0, 80231 }, // ⁢
    { 0, 0, 0, 0, 0, 0, 80231 }, // ⁣
    { 0, 0, 0, 0, 0, 0, 80231 }, // ⁤
    { 14, 17, 15, 0, 28, 60, 80231 }, // ⁰
    { 14, 16, 15, 0, 28, 56, 80291 }, // ⁴
    { 13, 16, 15, 1, 27, 52, 80347 }, // ⁵
    { 14, 17, 15, 1, 28, 60, 80399 }, // ⁶
    { 13, 16, 15, 2, 27, 52, 80459 }, // ⁷
    { 13, 17, 15, 1, 28, 56, 80511 }, // ⁸
    { 14, 17, 15, 0, 28, 60, 80567 }, // ⁹
    { 13, 13, 19, 3, 24, 43, 80627 }, // ⁿ
    { 14, 16, 15, 0, 11, 56, 80670 }, // ₀
    { 11, 16, 15, 1, 11, 44, 80726 }, // ₁
    { 14, 16, 15, 0, 11, 56, 80770 }, // ₂
    { 12, 16, 15, 1, 11, 48, 80826 }, // ₃
    { 14, 16, 15, 0, 11, 56, 80874 }, // ₄
    { 13, 16, 15, 1, 11, 52, 80930 }, // ₅
    { 14, 16, 15, 1, 11, 56, 80982 }, // ₆
    { 13, 16, 15, 2, 11, 52, 81038 }, // ₇
    { 13, 16, 15, 1, 11, 52, 81090 }, // ₈
    { 14, 16, 15, 0, 11, 56, 81142 }, // ₉
    { 22, 23, 21, -1, 23, 127, 81198 }, // ₣
    { 22, 24, 21, -1, 23, 132, 81325 }, // ₤
    { 43, 24, 44, 0, 23, 258, 81457 }, // ₧
    { 23, 24, 21, -1, 23, 138, 81715 }, // €
    { 28, 28, 36, 3, 25, 196, 81853 }, // ℀
    { 28, 28, 36, 3, 25, 196, 82049 }, // ℁
    { 34, 25, 35, 2, 24, 213, 82245 }, // ℃
    { 27, 28, 36, 4, 25, 189, 82458 }, // ℅
    { 28, 28, 36, 4, 25, 196, 82647 }, // ℆
    { 31, 23, 32, 2, 23, 179, 82843 }, // ℉
    { 15, 27, 21, 3, 26, 102, 83022 }, // ℓ
    { 36, 25, 35, -1, 24, 225, 83124 }, // №
    { 23, 25, 33, 5, 24, 144, 83349 }, // ℞
    { 38, 17, 40, 1, 17, 162, 83493 }, // ℡
    { 25, 11, 25, 2, 23, 69, 83655 }, // ™
    { 26, 24, 28, -1, 24, 156, 83724 }, // Ω
    { 27, 24, 24, -2, 23, 162, 83880 }, // K
    { 26, 33, 24, -2, 33, 215, 84042 }, // Å
    { 23, 21, 33, 5, 20, 121, 84257 }, // ℮
    { 44, 17, 42, -2, 17, 187, 84378 }, // ℻
    { 33, 28, 36, 1, 25, 231, 84565 }, // ⅓
    { 34, 28, 36, 0, 25, 238, 84796 }, // ⅔
    { 34, 28, 36, 1, 25, 238, 85034 }, // ⅕
    { 35, 28, 36, 0, 25, 245, 85272 }, // ⅖
    { 34, 28, 36, 1, 25, 238, 85517 }, // ⅗
    { 35, 28, 36, 0, 25, 245, 85755 }, // ⅘
    { 35, 28, 36, 1, 25, 245, 86000 }, // ⅙
    { 35, 28, 36, 1, 25, 245, 86245 }, // ⅚
    { 34, 28, 36, 1, 25, 238, 86490 }, // ⅛
    { 34, 28, 36, 1, 25, 238, 86728 }, // ⅜
    { 34, 28, 36, 1, 25, 238, 86966 }, // ⅝
    { 33, 27, 36, 2, 25, 223, 87204 }, // ⅞
    { 27, 28, 36, 1, 25, 189, 87427 }, // ⅟
    { 17, 23, 13, -2, 23, 98, 87616 }, // Ⅰ
    { 30, 23, 26, -2, 23, 173, 87714 }, // Ⅱ
    { 43, 23, 39, -2, 23, 248, 87887 }, // Ⅲ
    { 42, 24, 37, -2, 23, 252, 88135 }, // Ⅳ
    { 25, 24, 24, 2, 23, 150, 88387 }, // Ⅴ
    { 37, 24, 37, 2, 23, 222, 88537 }, // Ⅵ
    { 50, 24, 50, 2, 23, 300, 88759 }, // Ⅶ
    { 63, 24, 64, 2, 23, 378, 89059 }, // Ⅷ
    { 40, 23, 35, -2, 23, 230, 89437 }, // Ⅸ
    { 27, 23, 22, -3, 23, 156, 89667 }, // Ⅹ
    { 40, 23, 35, -3, 23, 230, 89823 }, // Ⅺ
    { 53, 23, 48, -3, 23, 305, 90053 }, // Ⅻ
    { 20, 23, 19, -2, 23, 115, 90358 }, // Ⅼ
    { 21, 25, 22, 1, 24, 132, 90473 }, // Ⅽ
    { 26, 25, 24, -2, 24, 163, 90605 }, // Ⅾ
    { 33, 23, 30, -3, 23, 190, 90768 }, // Ⅿ
    { 10, 27, 11, 1, 26, 68, 90958 }, // ⅰ
    { 21, 27, 21, 1, 26, 142, 91026 }, // ⅱ
    { 32, 27, 32, 1, 26, 216, 91168 }, // ⅲ
    { 27, 27, 28, 1, 26, 183, 91384 }, // ⅳ
    { 17, 19, 17, 0, 18, 81, 91567 }, // ⅴ
    { 29, 27, 28, 0, 26, 196, 91648 }, // ⅵ
    { 39, 27, 39, 0, 26, 264, 91844 }, // ⅶ
    { 50, 27, 49, 0, 26, 338, 92108 }, // ⅷ
    { 29, 27, 30, 1, 26, 196, 92446 }, // ⅸ
    { 21, 19, 19, -1, 18, 100, 92642 }, // ⅹ
    { 31, 27, 30, -1, 26, 210, 92742 }, // ⅺ
    { 42, 27, 40, -1, 26, 284, 92952 }, // ⅻ
    { 10, 27, 11, 1, 26, 68, 93236 }, // ⅼ
    { 15, 19, 15, 0, 18, 72, 93304 }, // ⅽ
    { 20, 27, 20, 0, 26, 135, 93376 }, // ⅾ
    { 27, 19, 29, 1, 18, 129, 93511 }, // ⅿ
    { 21, 15, 33, 6, 19, 79, 93640 }, // ←
    { 15, 21, 33, 9, 22, 79, 93719 }, // ↑
    { 21, 15, 33, 6, 19, 79, 93798 }, // →
    { 15, 21, 33, 9, 22, 79, 93877 }, // ↓
    { 21, 15, 33, 6, 19, 79, 93956 }, // ↔
    { 15, 23, 33, 9, 23, 87, 94035 }, // ↕
    { 15, 23, 33, 9, 23, 87, 94122 }, // ↨
    { 15, 23, 33, 9, 23, 87, 94209 }, // ↲
    { 15, 23, 33, 9, 23, 87, 94296 }, // ↳
    { 19, 18, 33, 7, 20, 86, 94383 }, // ↵
    { 21, 19, 33, 6, 21, 100, 94469 }, // ⇐
    { 19, 21, 33, 7, 22, 100, 94569 }, // ⇑
    { 21, 19, 33, 6, 21, 100, 94669 }, // ⇒
    { 19, 21, 33, 7, 22, 100, 94769 }, // ⇓
    { 21, 17, 33, 6, 20, 90, 94869 }, // ⇔
    { 23, 24, 33, 5, 23, 138, 94959 }, // ∀
    { 18, 27, 21, 1, 26, 122, 95097 }, // ∂
    { 17, 23, 33, 8, 23, 98, 95219 }, // ∃
    { 25, 27, 33, 4, 25, 169, 95317 }, // ∅
    { 22, 24, 23, 0, 24, 132, 95486 }, // ∆
    { 21, 24, 33, 6, 23, 126, 95618 }, // ∇
    { 23, 23, 33, 5, 23, 133, 95744 }, // ∈
    { 23, 29, 33, 5, 26, 167, 95877 }, // ∉
    { 23, 20, 33, 5, 21, 115, 96044 }, // ∊
    { 23, 23, 33, 5, 23, 133, 96159 }, // ∋
    { 23, 29, 33, 5, 26, 167, 96292 }, // ∌
    { 23, 20, 33, 5, 21, 115, 96459 }, // ∍
    { 26, 29, 28, 1, 23, 189, 96574 }, // ∏
    { 21, 29, 22, 1, 23, 153, 96763 }, // ∑
    { 15, 4, 21, 3, 13, 15, 96916 }, // −
    { 21, 26, 17, -2, 24, 137, 96931 }, // ∕
    { 16, 26, 17, 1, 24, 104, 97068 }, // ∖
    { 16, 16, 21, 2, 19, 64, 97172 }, // ∗
    { 13, 12, 21, 4, 17, 39, 97236 }, // ∘
    { 7, 6, 21, 7, 12, 11, 97275 }, // ∙
    { 22, 31, 21, -1, 27, 171, 97286 }, // √
    { 17, 13, 21, 2, 17, 56, 97457 }, // ∝
    { 21, 13, 21, 0, 17, 69, 97513 }, // ∞
    { 21, 23, 33, 6, 23, 121, 97582 }, // ∟
    { 25, 23, 33, 4, 23, 144, 97703 }, // ∠
    { 5, 34, 17, 6, 26, 43, 97847 }, // ∣
    { 12, 34, 17, 2, 26, 102, 97890 }, // ∥
    { 23, 23, 33, 5, 23, 133, 97992 }, // ∧
    { 23, 23, 33, 5, 23, 133, 98125 }, // ∨
    { 19, 24, 33, 7, 24, 114, 98258 }, // ∩
    { 19, 24, 33, 7, 23, 114, 98372 }, // ∪
    { 19, 34, 21, 1, 26, 162, 98486 }, // ∫
    { 23, 20, 33, 5, 19, 115, 98648 }, // ∴
    { 23, 20, 33, 5, 19, 115, 98763 }, // ∵
    { 8, 18, 10, 1, 20, 36, 98878 }, // ∶
    { 23, 20, 33, 5, 19, 115, 98914 }, // ∷
    { 20, 7, 33, 6, 13, 35, 99029 }, // ∼
    { 20, 18, 33, 6, 20, 90, 99064 }, // ≅
    { 17, 14, 21, 2, 18, 60, 99154 }, // ≈
    { 19, 13, 33, 7, 16, 62, 99214 }, // ≍
    { 15, 16, 21, 3, 19, 60, 99276 }, // ≠
    { 19, 16, 33, 7, 18, 76, 99336 }, // ≡
    { 15, 20, 21, 3, 20, 75, 99412 }, // ≤
    { 15, 21, 21, 3, 21, 79, 99487 }, // ≥
    { 27, 16, 33, 3, 19, 108, 99566 }, // ≪
    { 27, 16, 33, 3, 19, 108, 99674 }, // ≫
    { 23, 20, 33, 5, 21, 115, 99782 }, // ⊃
    { 23, 29, 33, 5, 26, 167, 99897 }, // ⊄
    { 23, 29, 33, 5, 26, 167, 100064 }, // ⊅
    { 21, 23, 33, 6, 23, 121, 100231 }, // ⊆
    { 21, 23, 33, 6, 23, 121, 100352 }, // ⊇
    { 25, 25, 33, 4, 24, 157, 100473 }, // ⊕
    { 25, 25, 33, 4, 24, 157, 100630 }, // ⊖
    { 25, 25, 33, 4, 24, 157, 100787 }, // ⊗
    { 25, 25, 33, 4, 24, 157, 100944 }, // ⊘
    { 19, 23, 33, 7, 23, 110, 101101 }, // ⊥
    { 7, 6, 21, 7, 12, 11, 101211 }, // ⋅
    { 29, 6, 33, 2, 12, 44, 101222 }, // ⋯
    { 16, 16, 21, 2, 19, 64, 101266 }, // ■
    { 16, 16, 21, 2, 19, 64, 101330 }, // □
    { 9, 9, 21, 6, 16, 21, 101394 }, // ▪
    { 11, 11, 21, 5, 17, 31, 101415 }, // ▫
    { 12, 5, 21, 4, 14, 15, 101446 }, // ▬
    { 13, 8, 21, 4, 15, 26, 101461 }, // ▭
    { 9, 17, 21, 6, 20, 39, 101487 }, // ▮
    { 9, 17, 21, 6, 20, 39, 101526 }, // ▯
    { 17, 17, 21, 2, 20, 73, 101565 }, // ▲
    { 17, 17, 21, 2, 20, 73, 101638 }, // △
    { 12, 12, 21, 4, 17, 36, 101711 }, // ▴
    { 12, 12, 21, 4, 17, 36, 101747 }, // ▵
    { 16, 17, 21, 2, 20, 68, 101783 }, // ▶
    { 16, 17, 21, 2, 20, 68, 101851 }, // ▷
    { 12, 12, 21, 4, 17, 36, 101919 }, // ▸
    { 12, 12, 21, 4, 17, 36, 101955 }, // ▹
    { 16, 12, 21, 2, 17, 48, 101991 }, // ►
    { 16, 12, 21, 2, 17, 48, 102039 }, // ▻
    { 17, 17, 21, 2, 20, 73, 102087 }, // ▼
    { 17, 17, 21, 2, 20, 73, 102160 }, // ▽
    { 12, 12, 21, 4, 17, 36, 102233 }, // ▾
    { 12, 12, 21, 4, 17, 36, 102269 }, // ▿
    { 16, 17, 21, 2, 20, 68, 102305 }, // ◀
    { 16, 17, 21, 2, 20, 68, 102373 }, // ◁
    { 12, 12, 21, 4, 17, 36, 102441 }, // ◂
    { 12, 12, 21, 4, 17, 36, 102477 }, // ◃
    { 16, 12, 21, 2, 17, 48, 102513 }, // ◄
    { 16, 12, 21, 2, 17, 48, 102561 }, // ◅
    { 19, 30, 21, 1, 24, 143, 102609 }, // ◊
    { 18, 17, 21, 1, 20, 77, 102752 }, // ○
    { 20, 20, 22, 1, 19, 100, 102829 }, // ◌
    { 18, 17, 21, 1, 20, 77, 102929 }, // ●
    { 16, 16, 21, 2, 19, 64, 103006 }, // ◘
    { 16, 23, 21, 2, 23, 92, 103070 }, // ◙
    { 9, 9, 10, 0, 13, 21, 103162 }, // ◦
    { 21, 21, 33, 6, 22, 111, 103183 }, // ◯
    { 23, 21, 33, 5, 22, 121, 103294 }, // ★
    { 25, 23, 33, 4, 23, 144, 103415 }, // ☆
    { 25, 25, 33, 4, 24, 157, 103559 }, // ☺
    { 25, 25, 33, 4, 24, 157, 103716 }, // ☻
    { 25, 25, 33, 4, 24, 157, 103873 }, // ☼
    { 14, 24, 21, 3, 23, 84, 104030 }, // ♀
    { 18, 19, 21, 1, 21, 86, 104114 }, // ♂
    { 21, 24, 33, 6, 20, 126, 104200 }, // ♠
    { 23, 24, 33, 5, 20, 138, 104326 }, // ♡
    { 23, 29, 33, 5, 23, 167, 104464 }, // ♢
    { 21, 24, 33, 6, 20, 126, 104631 }, // ♣
    { 23, 28, 33, 5, 23, 161, 104757 }, // ♤
    { 21, 22, 33, 6, 19, 116, 104918 }, // ♥
    { 19, 25, 33, 7, 21, 119, 105034 }, // ♦
    { 25, 26, 33, 4, 21, 163, 105153 }, // ♧
    { 9, 25, 17, 4, 24, 57, 105316 }, // ♩
    { 16, 25, 17, 0, 24, 100, 105373 }, // ♪
    { 21, 25, 33, 6, 24, 132, 105473 }, // ♫
    { 21, 25, 33, 6, 24, 132, 105605 }, // ♬
    { 10, 21, 17, 3, 22, 53, 105737 }, // ♭
    { 8, 19, 17, 4, 21, 38, 105790 }, // ♮
    { 14, 23, 17, 1, 23, 81, 105828 }, // ♯
    { 16, 19, 17, 0, 21, 76, 105909 }, // ✓
    { 21, 21, 33, 6, 22, 111, 105985 }, // ✠
    { 25, 25, 33, 4, 24, 157, 106096 }, // ✪
    { 23, 25, 33, 5, 24, 144, 106253 }, // ✽
    { 19, 18, 33, 7, 20, 86, 106397 }, // ❏
    { 5, 30, 10, 3, 26, 38, 106483 }, // ❙
    { 25, 25, 33, 4, 24, 157, 106521 }, // ➊
    { 25, 25, 33, 4, 24, 157, 106678 }, // ➋
    { 25, 25, 33, 4, 24, 157, 106835 }, // ➌
    { 25, 25, 33, 4, 24, 157, 106992 }, // ➍
    { 25, 25, 33, 4, 24, 157, 107149 }, // ➎
    { 25, 25, 33, 4, 24, 157, 107306 }, // ➏
    { 25, 25, 33, 4, 24, 157, 107463 }, // ➐
    { 25, 25, 33, 4, 24, 157, 107620 }, // ➑
    { 25, 25, 33, 4, 24, 157, 107777 }, // ➒
    { 25, 25, 33, 4, 24, 157, 107934 }, // ➓
    { 21, 19, 33, 6, 21, 100, 108091 }, // ➔
    { 21, 15, 33, 6, 19, 79, 108191 }, // ➤
    { 25, 25, 33, 4, 24, 157, 108270 }, // ➲
    { 31, 32, 33, 1, 28, 248, 108427 }, // �
};

static const EpdUnicodeInterval bookerly_16_bolditalicIntervals[] = {
    { 0x0, 0x0, 0x0 },
    { 0x8, 0x9, 0x1 },
    { 0xD, 0xD, 0x3 },
    { 0x1D, 0x1D, 0x4 },
    { 0x20, 0x7E, 0x5 },
    { 0xA0, 0xFF, 0x64 },
    { 0x100, 0x17F, 0xC4 },
    { 0x300, 0x304, 0x144 },
    { 0x306, 0x30C, 0x149 },
    { 0x30F, 0x30F, 0x150 },
    { 0x311, 0x315, 0x151 },
    { 0x31B, 0x31B, 0x156 },
    { 0x323, 0x329, 0x157 },
    { 0x32D, 0x32E, 0x15E },
    { 0x330, 0x331, 0x160 },
    { 0x342, 0x342, 0x162 },
    { 0x344, 0x345, 0x163 },
    { 0x400, 0x45F, 0x165 },
    { 0x462, 0x463, 0x1C5 },
    { 0x472, 0x475, 0x1C7 },
    { 0x48A, 0x4FF, 0x1CB },
    { 0x2000, 0x2030, 0x241 },
    { 0x2032, 0x203C, 0x272 },
    { 0x203E, 0x203E, 0x27D },
    { 0x2043, 0x2044, 0x27E },
    { 0x2047, 0x2049, 0x280 },
    { 0x2053, 0x2053, 0x283 },
    { 0x2057, 0x2057, 0x284 },
    { 0x205F, 0x2064, 0x285 },
    { 0x2070, 0x2070, 0x28B },
    { 0x2074, 0x2079, 0x28C },
    { 0x207F, 0x2089, 0x292 },
    { 0x20A3, 0x20A4, 0x29D },
    { 0x20A7, 0x20A7, 0x29F },
    { 0x20AC, 0x20AC, 0x2A0 },
    { 0x2100, 0x2101, 0x2A1 },
    { 0x2103, 0x2103, 0x2A3 },
    { 0x2105, 0x2106, 0x2A4 },
    { 0x2109, 0x2109, 0x2A6 },
    { 0x2113, 0x2113, 0x2A7 },
    { 0x2116, 0x2116, 0x2A8 },
    { 0x211E, 0x211E, 0x2A9 },
    { 0x2121, 0x2122, 0x2AA },
    { 0x2126, 0x2126, 0x2AC },
    { 0x212A, 0x212B, 0x2AD },
    { 0x212E, 0x212E, 0x2AF },
    { 0x213B, 0x213B, 0x2B0 },
    { 0x2153, 0x217F, 0x2B1 },
    { 0x2190, 0x2195, 0x2DE },
    { 0x21A8, 0x21A8, 0x2E4 },
    { 0x21B2, 0x21B3, 0x2E5 },
    { 0x21B5, 0x21B5, 0x2E7 },
    { 0x21D0, 0x21D4, 0x2E8 },
    { 0x2200, 0x2200, 0x2ED },
    { 0x2202, 0x2203, 0x2EE },
    { 0x2205, 0x220D, 0x2F0 },
    { 0x220F, 0x220F, 0x2F9 },
    { 0x2211, 0x2212, 0x2FA },
    { 0x2215, 0x221A, 0x2FC },
    { 0x221D, 0x2220, 0x302 },
    { 0x2223, 0x2223, 0x306 },
    { 0x2225, 0x2225, 0x307 },
    { 0x2227, 0x222B, 0x308 },
    { 0x2234, 0x2237, 0x30D },
    { 0x223C, 0x223C, 0x311 },
    { 0x2245, 0x2245, 0x312 },
    { 0x2248, 0x2248, 0x313 },
    { 0x224D, 0x224D, 0x314 },
    { 0x2260, 0x2261, 0x315 },
    { 0x2264, 0x2265, 0x317 },
    { 0x226A, 0x226B, 0x319 },
    { 0x2283, 0x2287, 0x31B },
    { 0x2295, 0x2298, 0x320 },
    { 0x22A5, 0x22A5, 0x324 },
    { 0x22C5, 0x22C5, 0x325 },
    { 0x22EF, 0x22EF, 0x326 },
    { 0x25A0, 0x25A1, 0x327 },
    { 0x25AA, 0x25AF, 0x329 },
    { 0x25B2, 0x25C5, 0x32F },
    { 0x25CA, 0x25CC, 0x343 },
    { 0x25CF, 0x25CF, 0x346 },
    { 0x25D8, 0x25D9, 0x347 },
    { 0x25E6, 0x25E6, 0x349 },
    { 0x25EF, 0x25EF, 0x34A },
    { 0x2605, 0x2606, 0x34B },
    { 0x263A, 0x263C, 0x34D },
    { 0x2640, 0x2640, 0x350 },
    { 0x2642, 0x2642, 0x351 },
    { 0x2660, 0x2667, 0x352 },
    { 0x2669, 0x266F, 0x35A },
    { 0x2713, 0x2713, 0x361 },
    { 0x2720, 0x2720, 0x362 },
    { 0x272A, 0x272A, 0x363 },
    { 0x273D, 0x273D, 0x364 },
    { 0x274F, 0x274F, 0x365 },
    { 0x2759, 0x2759, 0x366 },
    { 0x278A, 0x2794, 0x367 },
    { 0x27A4, 0x27A4, 0x372 },
    { 0x27B2, 0x27B2, 0x373 },
    { 0xFFFD, 0xFFFD, 0x374 },
};

static const EpdFontData bookerly_16_bolditalic = {
    bookerly_16_bolditalicBitmaps,
    bookerly_16_bolditalicGlyphs,
    bookerly_16_bolditalicIntervals,
    100,
    44,
    36,
    -9,
    true,
};
