/**
 * generated by fontconvert.py
 * name: bookerly_14_bold
 * size: 14
 * mode: 2-bit
 * Command used: fontconvert.py bookerly_14_bold 14 ../builtinFonts/source/Bookerly/Bookerly-Bold.ttf --2bit
 */
#pragma once
#include "EpdFontData.h"

static const uint8_t bookerly_14_boldBitmaps[82819] = {
    0x1A, 0x4B, 0xF8, 0xFF, 0x8F, 0xF4, 0xFF, 0x4F, 0xF0, 0xFF, 0x0F, 0xF0, 0xFF, 0x0F, 0xF0, 0xBF,
    0x0B, 0xF0, 0x7F, 0x07, 0xF0, 0x3F, 0x03, 0xF0, 0x10, 0x00, 0x00, 0x2F, 0x4B, 0xFC, 0xBF, 0xC7,
    0xFC, 0x15, 0x00, 0x2F, 0x42, 0xE7, 0xF4, 0xFF, 0xBF, 0x0F, 0xEB, 0xF0, 0xFE, 0xBF, 0x0F, 0xEB,
    0xF0, 0xFE, 0xBF, 0x0F, 0xD7, 0xF0, 0xFD, 0x7E, 0x0F, 0xD1, 0x00, 0x50, 0x00, 0x05, 0x40, 0x15,
    0x00, 0x00, 0xFD, 0x07, 0xE0, 0x00, 0x0F, 0xC0, 0xBD, 0x00, 0x01, 0xFC, 0x0F, 0xC0, 0x00, 0x2F,
    0x80, 0xFC, 0x00, 0xFF, 0xFF, 0xFF, 0xFF, 0x1F, 0xFF, 0xFF, 0xFF, 0xE0, 0x5B, 0xF5, 0x7F, 0x54,
    0x00, 0xBE, 0x03, 0xF0, 0x00, 0x0F, 0xD0, 0x7E, 0x00, 0x00, 0xFC, 0x0B, 0xD0, 0x02, 0xAF, 0xEA,
    0xFE, 0xA4, 0xBF, 0xFF, 0xFF, 0xFF, 0x0B, 0xFF, 0xFF, 0xFF, 0xE0, 0x03, 0xF0, 0x2F, 0x40, 0x00,
    0x7F, 0x03, 0xF0, 0x00, 0x0B, 0xE0, 0x3F, 0x00, 0x00, 0xBD, 0x07, 0xE0, 0x00, 0x00, 0x00, 0x00,
    0x00, 0x00, 0x00, 0x00, 0x00, 0x00, 0x00, 0x1F, 0x00, 0x00, 0x00, 0xBC, 0x00, 0x00, 0x02, 0xF0,
    0x00, 0x00, 0x0B, 0xC0, 0x00, 0x02, 0xFF, 0xF8, 0x00, 0x7F, 0xFF, 0xFC, 0x07, 0xFB, 0xFB, 0xFC,
    0x3F, 0x8B, 0x8B, 0xF0, 0xFD, 0x2E, 0x0F, 0x83, 0xF4, 0xB8, 0x14, 0x0F, 0xF7, 0xE0, 0x00, 0x2F,
    0xFF, 0x40, 0x00, 0x3F, 0xFF, 0xD0, 0x00, 0x2F, 0xFF, 0xF0, 0x00, 0x0B, 0xFF, 0xF0, 0x00, 0x0F,
    0xFF, 0xE0, 0x60, 0x3D, 0x7F, 0xC7, 0xC0, 0xF0, 0xBF, 0x3F, 0x43, 0xC2, 0xFC, 0xFF, 0x0F, 0x0F,
    0xE2, 0xFF, 0xBE, 0xFF, 0x03, 0xFF, 0xFF, 0xF0, 0x01, 0xFF, 0xFE, 0x00, 0x00, 0x2F, 0x00, 0x00,
    0x00, 0x7C, 0x00, 0x00, 0x02, 0xF0, 0x00, 0x00, 0x0B, 0xC0, 0x00, 0x00, 0x2F, 0x00, 0x00, 0x00,
    0x54, 0x00, 0x00, 0x00, 0x00, 0x00, 0x00, 0x00, 0x00, 0x00, 0x05, 0x40, 0x00, 0x02, 0xD0, 0x00,
    0x07, 0xFF, 0x80, 0x00, 0x7F, 0x00, 0x01, 0xFF, 0xFE, 0x00, 0x0F, 0xD0, 0x00, 0x3F, 0x47, 0xF4,
    0x01, 0xFC, 0x00, 0x07, 0xF0, 0x3F, 0x80, 0x3F, 0x40, 0x00, 0xBE, 0x02, 0xF8, 0x07, 0xE0, 0x00,
    0x0B, 0xE0, 0x2F, 0xC0, 0xFC, 0x00, 0x00, 0xFE, 0x02, 0xF8, 0x2F, 0x80, 0x00, 0x0B, 0xE0, 0x2F,
    0x83, 0xF0, 0x00, 0x00, 0x7F, 0x03, 0xF0, 0xBD, 0x07, 0xF9, 0x03, 0xF9, 0xBF, 0x0F, 0xC3, 0xFF,
    0xF4, 0x1F, 0xFF, 0xC2, 0xF0, 0xBF, 0x6F, 0xC0, 0x2F, 0xD0, 0x7E, 0x0F, 0xC0, 0xFE, 0x00, 0x00,
    0x0F, 0xC1, 0xFC, 0x0B, 0xE0, 0x00, 0x01, 0xF8, 0x2F, 0x80, 0x7F, 0x00, 0x00, 0x3F, 0x02, 0xF8,
    0x07, 0xF0, 0x00, 0x0B, 0xE0, 0x2F, 0x80, 0xBE, 0x00, 0x00, 0xFC, 0x02, 0xFC, 0x0B, 0xD0, 0x00,
    0x3F, 0x40, 0x0F, 0xD0, 0xFC, 0x00, 0x07, 0xF0, 0x00, 0xBF, 0xFF, 0x40, 0x00, 0xFD, 0x00, 0x02,
    0xFF, 0xD0, 0x00, 0x07, 0xC0, 0x00, 0x01, 0x50, 0x00, 0x00, 0x00, 0x00, 0x00, 0x00, 0x00, 0x00,
    0x00, 0x00, 0x00, 0x00, 0x00, 0x00, 0x0B, 0xFF, 0x40, 0x00, 0x00, 0x00, 0xFF, 0xFF, 0x40, 0x00,
    0x00, 0x0F, 0xF9, 0xFF, 0x00, 0x00, 0x00, 0x7F, 0x40, 0xFC, 0x00, 0x00, 0x02, 0xFC, 0x03, 0xF0,
    0x00, 0x00, 0x0B, 0xF0, 0x1F, 0xC0, 0x00, 0x00, 0x2F, 0xC0, 0xFD, 0x00, 0x00, 0x00, 0xBF, 0x4B,
    0xD0, 0x00, 0x00, 0x00, 0xFF, 0x1D, 0x00, 0x00, 0x00, 0x0B, 0xFC, 0x00, 0xAA, 0xA4, 0x00, 0xFF,
    0xFC, 0x0B, 0xFF, 0xF0, 0x0F, 0xFF, 0xF8, 0x1F, 0xFF, 0xC0, 0x7F, 0x8F, 0xF4, 0x0B, 0xE0, 0x03,
    0xFC, 0x1F, 0xF4, 0x1F, 0x80, 0x0F, 0xF0, 0x2F, 0xF4, 0xBE, 0x00, 0x3F, 0xC0, 0x2F, 0xFA, 0xF4,
    0x00, 0xFF, 0x00, 0x2F, 0xFF, 0xC0, 0x02, 0xFF, 0x00, 0x2F, 0xFF, 0x40, 0x03, 0xFF, 0x95, 0xBF,
    0xFF, 0xE4, 0x07, 0xFF, 0xFF, 0xFF, 0xFF, 0xF8, 0x02, 0xFF, 0xFF, 0x96, 0xFF, 0xC0, 0x00, 0x15,
    0x50, 0x00, 0x54, 0x00, 0x2F, 0x5F, 0xDB, 0xF2, 0xFC, 0xBF, 0x2F, 0xCB, 0xF1, 0xFC, 0x7E, 0x04,
    0x00, 0x00, 0x00, 0x00, 0x00, 0xB0, 0x00, 0x3F, 0xC0, 0x0B, 0xF4, 0x01, 0xFE, 0x00, 0x3F, 0xC0,
    0x0B, 0xF0, 0x00, 0xFE, 0x00, 0x2F, 0xC0, 0x03, 0xFC, 0x00, 0x3F, 0x40, 0x07, 0xF4, 0x00, 0xBF,
    0x00, 0x0B, 0xF0, 0x00, 0xFF, 0x00, 0x0F, 0xF0, 0x00, 0xBF, 0x00, 0x0B, 0xF0, 0x00, 0x7F, 0x40,
    0x03, 0xF8, 0x00, 0x3F, 0xC0, 0x02, 0xFD, 0x00, 0x0F, 0xF0, 0x00, 0xBF, 0x40, 0x03, 0xFC, 0x00,
    0x1F, 0xF0, 0x00, 0xBF, 0x80, 0x02, 0xFC, 0x00, 0x07, 0x00, 0x00, 0x00, 0x01, 0xE0, 0x00, 0x3F,
    0x80, 0x02, 0xFE, 0x00, 0x0B, 0xF8, 0x00, 0x3F, 0xC0, 0x00, 0xFE, 0x00, 0x0B, 0xF0, 0x00, 0x3F,
    0x80, 0x03, 0xFC, 0x00, 0x2F, 0xD0, 0x01, 0xFD, 0x00, 0x0F, 0xE0, 0x00, 0xFE, 0x00, 0x0F, 0xF0,
    0x00, 0xFE, 0x00, 0x0F, 0xE0, 0x00, 0xFE, 0x00, 0x1F, 0xD0, 0x02, 0xFC, 0x00, 0x3F, 0xC0, 0x03,
    0xF4, 0x00, 0xBF, 0x00, 0x1F, 0xD0, 0x03, 0xFC, 0x00, 0xBF, 0x40, 0x2F, 0xE0, 0x02, 0xF8, 0x00,
    0x0A, 0x00, 0x00, 0x00, 0x00, 0x00, 0x10, 0xBD, 0x01, 0xD2, 0xF4, 0x0F, 0xDF, 0x80, 0x2F, 0xFD,
    0xA4, 0x07, 0xFF, 0xE1, 0xBF, 0xEF, 0x4F, 0xEF, 0x44, 0x2E, 0x3F, 0x00, 0x10, 0xFC, 0x00, 0x01,
    0x40, 0x00, 0x00, 0x00, 0x00, 0x00, 0x02, 0xF8, 0x00, 0x00, 0x2F, 0x80, 0x00, 0x02, 0xF8, 0x00,
    0x00, 0x2F, 0x80, 0x00, 0x02, 0xF8, 0x00, 0x7F, 0xFF, 0xFF, 0xD7, 0xFF, 0xFF, 0xFD, 0x2A, 0xBF,
    0xEA, 0x80, 0x02, 0xF8, 0x00, 0x00, 0x2F, 0x80, 0x00, 0x02, 0xF8, 0x00, 0x00, 0x2F, 0x80, 0x00,
    0x01, 0xA4, 0x00, 0x00, 0x00, 0x07, 0xF4, 0x07, 0xFC, 0x03, 0xFC, 0x03, 0xFC, 0x03, 0xF4, 0x0B,
    0xF0, 0x0F, 0xD0, 0x2F, 0x80, 0x3E, 0x00, 0x00, 0x00, 0x00, 0x00, 0x2F, 0xFF, 0xFF, 0xFF, 0xFF,
    0xFF, 0xFE, 0x00, 0x00, 0x00, 0x00, 0x02, 0xFC, 0x7F, 0xE7, 0xFF, 0x3F, 0xD0, 0x50, 0x00, 0x00,
    0x0B, 0xF0, 0x00, 0x00, 0x3F, 0xC0, 0x00, 0x01, 0xFD, 0x00, 0x00, 0x0F, 0xF0, 0x00, 0x00, 0x7F,
    0x40, 0x00, 0x03, 0xFC, 0x00, 0x00, 0x0F, 0xE0, 0x00, 0x00, 0xBF, 0x00, 0x00, 0x03, 0xF8, 0x00,
    0x00, 0x2F, 0xD0, 0x00, 0x00, 0xFF, 0x00, 0x00, 0x07, 0xF4, 0x00, 0x00, 0x3F, 0xC0, 0x00, 0x01,
    0xFE, 0x00, 0x00, 0x0B, 0xF0, 0x00, 0x00, 0x3F, 0x80, 0x00, 0x02, 0xFC, 0x00, 0x00, 0x0F, 0xF0,
    0x00, 0x00, 0x7F, 0x40, 0x00, 0x03, 0xFC, 0x00, 0x00, 0x1F, 0xE0, 0x00, 0x00, 0xBF, 0x00, 0x00,
    0x01, 0x50, 0x00, 0x00, 0x00, 0x00, 0x00, 0x00, 0x00, 0x00, 0x00, 0xBF, 0xF8, 0x00, 0x00, 0x7F,
    0xFF, 0xF4, 0x00, 0x2F, 0xFF, 0xFF, 0xC0, 0x07, 0xFE, 0x0B, 0xFF, 0x00, 0xFF, 0x80, 0x2F, 0xF4,
    0x0F, 0xF0, 0x00, 0xFF, 0x82, 0xFF, 0x00, 0x0F, 0xFC, 0x3F, 0xE0, 0x00, 0xBF, 0xC3, 0xFE, 0x00,
    0x07, 0xFC, 0x3F, 0xE0, 0x00, 0x7F, 0xC3, 0xFD, 0x00, 0x07, 0xFC, 0x3F, 0xE0, 0x00, 0xBF, 0xC3,
    0xFE, 0x00, 0x0B, 0xFC, 0x3F, 0xE0, 0x00, 0xFF, 0x82, 0xFF, 0x00, 0x0F, 0xF4, 0x1F, 0xF4, 0x01,
    0xFF, 0x00, 0xFF, 0xC0, 0x7F, 0xE0, 0x07, 0xFF, 0xFF, 0xFC, 0x00, 0x2F, 0xFF, 0xFF, 0x00, 0x00,
    0x7F, 0xFF, 0x80, 0x00, 0x00, 0x15, 0x00, 0x00, 0x00, 0x00, 0x00, 0x00, 0x00, 0x2D, 0x00, 0x00,
    0x7F, 0xF0, 0x02, 0xFF, 0xFF, 0x00, 0x3F, 0xFF, 0xF0, 0x02, 0xFF, 0xFF, 0x00, 0x00, 0x2F, 0xF0,
    0x00, 0x02, 0xFF, 0x00, 0x00, 0x2F, 0xF0, 0x00, 0x02, 0xFF, 0x00, 0x00, 0x2F, 0xF0, 0x00, 0x02,
    0xFF, 0x00, 0x00, 0x2F, 0xF0, 0x00, 0x02, 0xFF, 0x00, 0x00, 0x2F, 0xF0, 0x00, 0x02, 0xFF, 0x00,
    0x00, 0x2F, 0xF0, 0x00, 0x02, 0xFF, 0x00, 0x06, 0xFF, 0xFF, 0x82, 0xFF, 0xFF, 0xFC, 0x2F, 0xFF,
    0xFF, 0xC0, 0x00, 0x00, 0x00, 0x00, 0x00, 0x7F, 0xFD, 0x00, 0x07, 0xFF, 0xFF, 0xC0, 0x1F, 0xFF,
    0xFF, 0xF0, 0x3F, 0xF0, 0x3F, 0xF4, 0x3F, 0xC0, 0x1F, 0xF8, 0x3F, 0xC0, 0x0F, 0xF8, 0x2F, 0x80,
    0x0F, 0xF4, 0x00, 0x00, 0x2F, 0xF0, 0x00, 0x00, 0x3F, 0xE0, 0x00, 0x00, 0xFF, 0xC0, 0x00, 0x02,
    0xFF, 0x40, 0x00, 0x0B, 0xFD, 0x00, 0x00, 0x2F, 0xF4, 0x00, 0x00, 0xBF, 0xD0, 0x00, 0x02, 0xFF,
    0x00, 0x00, 0x0B, 0xFC, 0x00, 0x00, 0x2F, 0xFA, 0xAA, 0xA9, 0x7F, 0xFF, 0xFF, 0xFD, 0x3F, 0xFF,
    0xFF, 0xFD, 0x2F, 0xFF, 0xFF, 0xF8, 0x00, 0x00, 0x00, 0x00, 0x02, 0xFF, 0xF8, 0x00, 0xBF, 0xFF,
    0xFC, 0x0B, 0xFF, 0xFF, 0xF8, 0x3F, 0xD0, 0x2F, 0xF0, 0xBD, 0x00, 0x3F, 0xC0, 0xA0, 0x00, 0xFF,
    0x00, 0x00, 0x0B, 0xF8, 0x00, 0x00, 0xBF, 0xC0, 0x00, 0x6F, 0xF8, 0x00, 0x1F, 0xFF, 0xF8, 0x00,
    0x3F, 0xFF, 0xFC, 0x00, 0xA5, 0x6F, 0xF4, 0x00, 0x00, 0x3F, 0xE0, 0x00, 0x00, 0xBF, 0xC0, 0x00,
    0x03, 0xFE, 0x00, 0x00, 0x2F, 0xF4, 0x00, 0x07, 0xFF, 0xC2, 0xAB, 0xFF, 0xFC, 0x0F, 0xFF, 0xFF,
    0x80, 0x0F, 0xFF, 0xE4, 0x00, 0x05, 0x50, 0x00, 0x00, 0x00, 0x00, 0x00, 0x00, 0x00, 0x00, 0x01,
    0xBF, 0x00, 0x00, 0x00, 0x3F, 0xF0, 0x00, 0x00, 0x0F, 0xFF, 0x00, 0x00, 0x02, 0xFF, 0xF0, 0x00,
    0x00, 0x7F, 0xFF, 0x00, 0x00, 0x0F, 0xFF, 0xF0, 0x00, 0x02, 0xFD, 0xFF, 0x00, 0x00, 0x7F, 0x4F,
    0xF0, 0x00, 0x0F, 0xE0, 0xFF, 0x00, 0x03, 0xFC, 0x0F, 0xF0, 0x00, 0xBF, 0x00, 0xFF, 0x00, 0x1F,
    0xD0, 0x0F, 0xF0, 0x03, 0xFE, 0xAA, 0xFF, 0xA8, 0x3F, 0xFF, 0xFF, 0xFF, 0xD3, 0xFF, 0xFF, 0xFF,
    0xFD, 0x0A, 0xAA, 0xBF, 0xFA, 0x90, 0x00, 0x00, 0xFF, 0x00, 0x00, 0x00, 0x0F, 0xF0, 0x00, 0x00,
    0x00, 0xFF, 0x00, 0x00, 0x00, 0x0F, 0xF0, 0x00, 0x00, 0x00, 0x55, 0x00, 0x02, 0xFF, 0xFF, 0xF4,
    0x0F, 0xFF, 0xFF, 0xD0, 0x3F, 0xFF, 0xFF, 0x00, 0xFF, 0xAA, 0xA8, 0x03, 0xFC, 0x00, 0x00, 0x1F,
    0xE0, 0x00, 0x00, 0x7F, 0xD0, 0x00, 0x01, 0xFF, 0xFE, 0x00, 0x0B, 0xFF, 0xFF, 0x40, 0x2F, 0xFF,
    0xFF, 0x40, 0x00, 0x6F, 0xFF, 0x00, 0x00, 0x0F, 0xFC, 0x00, 0x00, 0x1F, 0xF4, 0x00, 0x00, 0x7F,
    0xD0, 0x00, 0x02, 0xFF, 0x00, 0x00, 0x0F, 0xFC, 0x00, 0x02, 0xFF, 0xD0, 0xAA, 0xFF, 0xFE, 0x03,
    0xFF, 0xFF, 0xD0, 0x07, 0xFF, 0xF8, 0x00, 0x01, 0x54, 0x00, 0x00, 0x00, 0x00, 0x00, 0x00, 0x00,
    0x00, 0x7F, 0xF4, 0x00, 0x07, 0xFF, 0xFC, 0x00, 0x3F, 0xFF, 0xE4, 0x00, 0xFF, 0xF4, 0x00, 0x02,
    0xFF, 0x80, 0x00, 0x07, 0xFE, 0x00, 0x00, 0x0F, 0xF8, 0x00, 0x00, 0x1F, 0xFA, 0xA4, 0x00, 0x3F,
    0xFF, 0xFF, 0x80, 0x3F, 0xFF, 0xFF, 0xF0, 0x3F, 0xD0, 0x7F, 0xF8, 0x7F, 0xC0, 0x0F, 0xFC, 0x7F,
    0xC0, 0x07, 0xFC, 0x7F, 0xD0, 0x03, 0xFD, 0x3F, 0xD0, 0x03, 0xFC, 0x3F, 0xF0, 0x07, 0xFC, 0x1F,
    0xF8, 0x0F, 0xF8, 0x0F, 0xFF, 0xFF, 0xF0, 0x03, 0xFF, 0xFF, 0xD0, 0x00, 0xBF, 0xFE, 0x00, 0x00,
    0x05, 0x50, 0x00, 0x7F, 0xFF, 0xFF, 0xA2, 0xFF, 0xFF, 0xFF, 0xDF, 0xFF, 0xFF, 0xFF, 0xBF, 0xEA,
    0xAB, 0xFC, 0xFD, 0x00, 0x2F, 0xD3, 0xF0, 0x01, 0xFF, 0x07, 0x80, 0x0F, 0xF0, 0x00, 0x00, 0xBF,
    0x40, 0x00, 0x07, 0xFC, 0x00, 0x00, 0x3F, 0xD0, 0x00, 0x02, 0xFF, 0x00, 0x00, 0x0F, 0xF4, 0x00,
    0x00, 0xBF, 0xC0, 0x00, 0x03, 0xFD, 0x00, 0x00, 0x1F, 0xF0, 0x00, 0x00, 0xFF, 0xC0, 0x00, 0x03,
    0xFD, 0x00, 0x00, 0x1F, 0xF0, 0x00, 0x00, 0x3F, 0xC0, 0x00, 0x00, 0xFF, 0x00, 0x00, 0x00, 0x54,
    0x00, 0x00, 0x00, 0x00, 0x00, 0x00, 0x00, 0x2F, 0xFE, 0x00, 0x02, 0xFF, 0xFF, 0xD0, 0x0B, 0xFF,
    0xBF, 0xF0, 0x0F, 0xF4, 0x0F, 0xF8, 0x1F, 0xE0, 0x07, 0xFC, 0x1F, 0xE0, 0x07, 0xF8, 0x1F, 0xF0,
    0x0F, 0xF4, 0x0F, 0xFD, 0x2F, 0xE0, 0x03, 0xFF, 0xFF, 0x80, 0x00, 0xFF, 0xFF, 0x00, 0x01, 0xFF,
    0xFF, 0xC0, 0x0B, 0xF9, 0xBF, 0xF4, 0x1F, 0xE0, 0x1F, 0xFC, 0x3F, 0xC0, 0x0B, 0xFC, 0x3F, 0xC0,
    0x03, 0xFD, 0x7F, 0xC0, 0x03, 0xFC, 0x3F, 0xE0, 0x0B, 0xFC, 0x3F, 0xFE, 0xBF, 0xF4, 0x0F, 0xFF,
    0xFF, 0xD0, 0x02, 0xFF, 0xFE, 0x00, 0x00, 0x05, 0x50, 0x00, 0x00, 0x00, 0x00, 0x00, 0x00, 0x6F,
    0xF9, 0x00, 0x03, 0xFF, 0xFF, 0x80, 0x0F, 0xFF, 0xFF, 0xE0, 0x2F, 0xF4, 0x7F, 0xF4, 0x3F, 0xE0,
    0x0F, 0xFC, 0x3F, 0xD0, 0x0B, 0xFC, 0x3F, 0xC0, 0x07, 0xFD, 0x3F, 0xD0, 0x03, 0xFD, 0x3F, 0xE0,
    0x03, 0xFD, 0x2F, 0xF8, 0x03, 0xFD, 0x0F, 0xFF, 0xFF, 0xFC, 0x03, 0xFF, 0xFF, 0xFC, 0x00, 0x6F,
    0xFF, 0xF8, 0x00, 0x00, 0x1F, 0xF0, 0x00, 0x00, 0x7F, 0xE0, 0x00, 0x01, 0xFF, 0xC0, 0x00, 0x0B,
    0xFF, 0x40, 0x06, 0xFF, 0xFD, 0x00, 0x3F, 0xFF, 0xF0, 0x00, 0x1F, 0xFF, 0x40, 0x00, 0x01, 0x50,
    0x00, 0x00, 0x00, 0x02, 0xFC, 0x7F, 0xE7, 0xFF, 0x3F, 0xD0, 0x50, 0x00, 0x00, 0x00, 0x00, 0x00,
    0x00, 0x00, 0x00, 0x00, 0x2F, 0xC7, 0xFE, 0x7F, 0xF3, 0xFD, 0x05, 0x00, 0x00, 0x00, 0x07, 0xF4,
    0x0F, 0xFC, 0x0F, 0xFC, 0x0F, 0xF8, 0x01, 0x50, 0x00, 0x00, 0x00, 0x00, 0x00, 0x00, 0x00, 0x00,
    0x00, 0x00, 0x00, 0x00, 0x07, 0xF4, 0x0B, 0xFC, 0x03, 0xFC, 0x03, 0xF8, 0x07, 0xF4, 0x0B, 0xF0,
    0x0F, 0xC0, 0x3F, 0x40, 0x3D, 0x00, 0x00, 0x00, 0x00, 0x00, 0x00, 0x00, 0x00, 0x00, 0xB8, 0x00,
    0x00, 0xBF, 0xC0, 0x00, 0xBF, 0xF4, 0x00, 0xBF, 0xE4, 0x00, 0xBF, 0xE0, 0x00, 0x7F, 0xE0, 0x00,
    0x07, 0xFE, 0x00, 0x00, 0x1F, 0xFE, 0x00, 0x00, 0x1F, 0xFE, 0x00, 0x00, 0x1F, 0xFE, 0x00, 0x00,
    0x1F, 0xFC, 0x00, 0x00, 0x1F, 0x80, 0x00, 0x00, 0x20, 0x7F, 0xFF, 0xFF, 0xD7, 0xFF, 0xFF, 0xFD,
    0x7F, 0xFF, 0xFF, 0xD0, 0x00, 0x00, 0x00, 0x00, 0x00, 0x00, 0x02, 0xAA, 0xAA, 0xA8, 0x7F, 0xFF,
    0xFF, 0xD7, 0xFF, 0xFF, 0xFD, 0x15, 0x55, 0x55, 0x40, 0x00, 0x00, 0x00, 0x01, 0xE0, 0x00, 0x00,
    0x3F, 0xE0, 0x00, 0x02, 0xFF, 0xE0, 0x00, 0x02, 0xFF, 0xE0, 0x00, 0x02, 0xFF, 0xD0, 0x00, 0x02,
    0xFF, 0xC0, 0x00, 0x03, 0xFD, 0x00, 0x02, 0xFF, 0x80, 0x06, 0xFF, 0x80, 0x07, 0xFF, 0x80, 0x03,
    0xFF, 0x80, 0x00, 0x2F, 0x80, 0x00, 0x00, 0x80, 0x00, 0x00, 0x00, 0x00, 0x00, 0x1F, 0xFD, 0x00,
    0x3F, 0xFF, 0xC0, 0x3F, 0xFF, 0xF0, 0x2F, 0xEF, 0xF8, 0x04, 0x01, 0xFC, 0x00, 0x00, 0xBE, 0x00,
    0x00, 0x3E, 0x00, 0x00, 0x7F, 0x00, 0x06, 0xFE, 0x01, 0xBF, 0xFD, 0x07, 0xFF, 0xF8, 0x07, 0xFF,
    0xD0, 0x07, 0xF8, 0x00, 0x03, 0xE0, 0x00, 0x03, 0xE0, 0x00, 0x00, 0x00, 0x00, 0x00, 0x00, 0x00,
    0x01, 0xF8, 0x00, 0x07, 0xFD, 0x00, 0x07, 0xFE, 0x00, 0x03, 0xFC, 0x00, 0x00, 0x50, 0x00, 0x00,
    0x00, 0x00, 0x00, 0x00, 0x00, 0x00, 0x00, 0x00, 0x1B, 0xFF, 0xE4, 0x00, 0x00, 0x00, 0x1F, 0xFF,
    0xFF, 0xFD, 0x00, 0x00, 0x03, 0xFF, 0xFF, 0xFF, 0xFF, 0x00, 0x00, 0x7F, 0xF9, 0x00, 0x1B, 0xFF,
    0x00, 0x03, 0xFE, 0x00, 0x00, 0x02, 0xFE, 0x00, 0x3F, 0xD0, 0x00, 0x00, 0x02, 0xFC, 0x02, 0xFD,
    0x00, 0x6F, 0xD0, 0x03, 0xF8, 0x0F, 0xE0, 0x1F, 0xFF, 0xE0, 0x0B, 0xF0, 0xBF, 0x00, 0xFD, 0x7F,
    0xC0, 0x1F, 0xC3, 0xF8, 0x07, 0xD0, 0x3F, 0x00, 0x3F, 0x4F, 0xD0, 0x0A, 0x00, 0xFD, 0x00, 0xFD,
    0x7F, 0x40, 0x00, 0x17, 0xF4, 0x03, 0xF6, 0xFC, 0x00, 0x1F, 0xFF, 0xD0, 0x0F, 0xCB, 0xF0, 0x03,
    0xFE, 0xBF, 0x40, 0x7F, 0x2F, 0xC0, 0x1F, 0xC0, 0xFD, 0x03, 0xF8, 0xBF, 0x00, 0xBF, 0x03, 0xF4,
    0x2F, 0xC1, 0xFD, 0x02, 0xFF, 0xBF, 0xFF, 0xFD, 0x03, 0xF8, 0x03, 0xFF, 0xDF, 0xFF, 0xD0, 0x0F,
    0xF0, 0x03, 0xF8, 0x1B, 0xE4, 0x00, 0x1F, 0xF0, 0x00, 0x00, 0x00, 0x00, 0x00, 0x3F, 0xE0, 0x00,
    0x00, 0x00, 0x00, 0x00, 0x3F, 0xF0, 0x00, 0x00, 0x0B, 0x00, 0x00, 0x7F, 0xFE, 0x40, 0x1B, 0xFC,
    0x00, 0x00, 0x2F, 0xFF, 0xFF, 0xFF, 0xD0, 0x00, 0x00, 0x1B, 0xFF, 0xFF, 0xF8, 0x00, 0x00, 0x00,
    0x01, 0xAA, 0xA5, 0x00, 0x00, 0x00, 0x00, 0x00, 0x01, 0x90, 0x00, 0x00, 0x00, 0x00, 0x7F, 0xC0,
    0x00, 0x00, 0x00, 0x03, 0xFF, 0x00, 0x00, 0x00, 0x00, 0x1F, 0xFE, 0x00, 0x00, 0x00, 0x00, 0xFF,
    0xFC, 0x00, 0x00, 0x00, 0x03, 0xFF, 0xF4, 0x00, 0x00, 0x00, 0x2F, 0x7F, 0xE0, 0x00, 0x00, 0x00,
    0xFC, 0xBF, 0xC0, 0x00, 0x00, 0x07, 0xE0, 0xFF, 0x40, 0x00, 0x00, 0x3F, 0x43, 0xFF, 0x00, 0x00,
    0x01, 0xFC, 0x0B, 0xFC, 0x00, 0x00, 0x0F, 0xE0, 0x0F, 0xF4, 0x00, 0x00, 0x3F, 0x95, 0x7F, 0xF0,
    0x00, 0x02, 0xFF, 0xFF, 0xFF, 0xC0, 0x00, 0x0F, 0xFF, 0xFF, 0xFF, 0x80, 0x00, 0x7F, 0x55, 0x57,
    0xFF, 0x00, 0x03, 0xFC, 0x00, 0x0B, 0xFD, 0x00, 0x1F, 0xD0, 0x00, 0x0F, 0xF8, 0x01, 0xFF, 0x90,
    0x00, 0x7F, 0xF9, 0x2F, 0xFF, 0xD0, 0x1F, 0xFF, 0xFC, 0xFF, 0xFF, 0x40, 0x7F, 0xFF, 0xF0, 0x00,
    0x55, 0x54, 0x00, 0x3F, 0xFF, 0xFF, 0xF4, 0x0F, 0xFF, 0xFF, 0xFF, 0x40, 0x6F, 0xF5, 0xBF, 0xF0,
    0x07, 0xFC, 0x03, 0xFD, 0x01, 0xFF, 0x00, 0xBF, 0x80, 0x7F, 0xC0, 0x2F, 0xD0, 0x1F, 0xF0, 0x0B,
    0xF0, 0x07, 0xFC, 0x03, 0xFC, 0x01, 0xFF, 0xFF, 0xFC, 0x00, 0x7F, 0xFF, 0xFF, 0x80, 0x1F, 0xFF,
    0xFF, 0xF8, 0x07, 0xFC, 0x03, 0xFF, 0x41, 0xFF, 0x00, 0x3F, 0xE0, 0x7F, 0xC0, 0x0B, 0xFC, 0x1F,
    0xF0, 0x02, 0xFE, 0x07, 0xFC, 0x00, 0xFF, 0x81, 0xFF, 0x00, 0xFF, 0xC1, 0xBF, 0xFF, 0xFF, 0xE3,
    0xFF, 0xFF, 0xFF, 0xD0, 0xFF, 0xFF, 0xFF, 0x40, 0x00, 0x00, 0x00, 0x00, 0x00, 0x00, 0x00, 0x6A,
    0x90, 0x00, 0x07, 0xFF, 0xFF, 0xC0, 0x0F, 0xFF, 0xFF, 0xF4, 0x0F, 0xFF, 0xAB, 0xFD, 0x0B, 0xFD,
    0x00, 0x3F, 0x47, 0xFD, 0x00, 0x0F, 0xD3, 0xFF, 0x00, 0x02, 0xF0, 0xFF, 0x40, 0x00, 0x10, 0x7F,
    0xC0, 0x00, 0x00, 0x2F, 0xF0, 0x00, 0x00, 0x0B, 0xFC, 0x00, 0x00, 0x03, 0xFF, 0x00, 0x00, 0x00,
    0xFF, 0xC0, 0x00, 0x00, 0x2F, 0xF4, 0x00, 0x00, 0x0B, 0xFE, 0x00, 0x00, 0x01, 0xFF, 0xD0, 0x00,
    0x00, 0x3F, 0xFD, 0x00, 0x00, 0x07, 0xFF, 0xF9, 0x5A, 0xF0, 0xBF, 0xFF, 0xFF, 0xFC, 0x0B, 0xFF,
    0xFF, 0xFD, 0x00, 0x2F, 0xFF, 0xFD, 0x00, 0x00, 0x15, 0x50, 0x00, 0x00, 0x55, 0x55, 0x00, 0x00,
    0x3F, 0xFF, 0xFF, 0xFE, 0x00, 0x0F, 0xFF, 0xFF, 0xFF, 0xF8, 0x00, 0x6F, 0xF9, 0xAF, 0xFF, 0xC0,
    0x07, 0xFD, 0x00, 0xBF, 0xF8, 0x01, 0xFF, 0x40, 0x07, 0xFF, 0x40, 0x7F, 0xD0, 0x00, 0xBF, 0xE0,
    0x1F, 0xF4, 0x00, 0x0F, 0xFC, 0x07, 0xFD, 0x00, 0x03, 0xFF, 0x01, 0xFF, 0x40, 0x00, 0xBF, 0xD0,
    0x7F, 0xD0, 0x00, 0x2F, 0xF4, 0x1F, 0xF4, 0x00, 0x0B, 0xFC, 0x07, 0xFD, 0x00, 0x02, 0xFF, 0x01,
    0xFF, 0x40, 0x00, 0xFF, 0xC0, 0x7F, 0xD0, 0x00, 0x3F, 0xE0, 0x1F, 0xF4, 0x00, 0x2F, 0xF0, 0x07,
    0xFD, 0x00, 0x1F, 0xF8, 0x01, 0xFF, 0x40, 0x6F, 0xF8, 0x01, 0xBF, 0xFF, 0xFF, 0xF8, 0x03, 0xFF,
    0xFF, 0xFF, 0xF4, 0x00, 0xFF, 0xFF, 0xFF, 0x80, 0x00, 0x00, 0x00, 0x00, 0x00, 0x00, 0x00, 0x00,
    0x00, 0x00, 0x00, 0x3F, 0xFF, 0xFF, 0xFF, 0xDF, 0xFF, 0xFF, 0xFF, 0xF4, 0x6F, 0xFF, 0xFF, 0xFD,
    0x07, 0xFD, 0x00, 0x2F, 0x41, 0xFF, 0x40, 0x07, 0xD0, 0x7F, 0xD0, 0x00, 0xE0, 0x1F, 0xF4, 0x00,
    0x00, 0x07, 0xFD, 0x00, 0x00, 0x01, 0xFF, 0xAA, 0xA8, 0x00, 0x7F, 0xFF, 0xFF, 0x40, 0x1F, 0xFF,
    0xFF, 0xC0, 0x07, 0xFE, 0x55, 0x50, 0x01, 0xFF, 0x40, 0x00, 0x00, 0x7F, 0xD0, 0x00, 0x00, 0x1F,
    0xF4, 0x00, 0x3D, 0x07, 0xFD, 0x00, 0x1F, 0x81, 0xFF, 0x40, 0x0F, 0xE1, 0xBF, 0xFF, 0xFF, 0xF7,
    0xFF, 0xFF, 0xFF, 0xFD, 0xFF, 0xFF, 0xFF, 0xFF, 0x00, 0x00, 0x00, 0x00, 0x00, 0xFF, 0xFF, 0xFF,
    0xFC, 0xFF, 0xFF, 0xFF, 0xFC, 0x1B, 0xFF, 0xFF, 0xFC, 0x07, 0xFD, 0x00, 0xFC, 0x07, 0xFD, 0x00,
    0xBC, 0x07, 0xFD, 0x00, 0x78, 0x07, 0xFD, 0x00, 0x00, 0x07, 0xFD, 0x00, 0x00, 0x07, 0xFD, 0x00,
    0x40, 0x07, 0xFF, 0xFF, 0xF0, 0x07, 0xFF, 0xFF, 0xF0, 0x07, 0xFF, 0xFF, 0xD0, 0x07, 0xFD, 0x00,
    0x00, 0x07, 0xFD, 0x00, 0x00, 0x07, 0xFD, 0x00, 0x00, 0x07, 0xFD, 0x00, 0x00, 0x07, 0xFD, 0x00,
    0x00, 0x1B, 0xFF, 0x90, 0x00, 0xFF, 0xFF, 0xF0, 0x00, 0xFF, 0xFF, 0xF0, 0x00, 0x00, 0x00, 0x6A,
    0xA5, 0x00, 0x00, 0x0B, 0xFF, 0xFF, 0xE0, 0x00, 0xBF, 0xFF, 0xFF, 0xF0, 0x02, 0xFF, 0xFA, 0xAF,
    0xF0, 0x0B, 0xFE, 0x00, 0x0B, 0xF0, 0x1F, 0xF8, 0x00, 0x07, 0xF0, 0x2F, 0xF0, 0x00, 0x03, 0xD0,
    0x3F, 0xD0, 0x00, 0x01, 0x00, 0x7F, 0xC0, 0x00, 0x00, 0x00, 0xBF, 0xC0, 0x00, 0x00, 0x00, 0xBF,
    0xC0, 0x00, 0x00, 0x00, 0xFF, 0xC0, 0x02, 0xAA, 0xA8, 0xFF, 0xC0, 0x03, 0xFF, 0xFC, 0xBF, 0xD0,
    0x02, 0xFF, 0xFC, 0xBF, 0xE0, 0x00, 0x0F, 0xF8, 0x7F, 0xF0, 0x00, 0x0F, 0xF8, 0x3F, 0xFC, 0x00,
    0x0F, 0xF8, 0x1F, 0xFF, 0x40, 0x0F, 0xF8, 0x0B, 0xFF, 0xFF, 0xFF, 0xF8, 0x02, 0xFF, 0xFF, 0xFF,
    0xF4, 0x00, 0x2F, 0xFF, 0xFF, 0x40, 0x00, 0x00, 0x55, 0x40, 0x00, 0x00, 0x00, 0x00, 0x00, 0x00,
    0x03, 0xFF, 0xFF, 0xC0, 0xFF, 0xFF, 0xFF, 0xFF, 0xFE, 0x03, 0xFF, 0xFF, 0x86, 0xFF, 0x80, 0x01,
    0xFF, 0xE0, 0x07, 0xFD, 0x00, 0x01, 0xFF, 0x40, 0x1F, 0xF4, 0x00, 0x07, 0xFD, 0x00, 0x7F, 0xD0,
    0x00, 0x1F, 0xF4, 0x01, 0xFF, 0x40, 0x00, 0x7F, 0xD0, 0x07, 0xFD, 0x00, 0x01, 0xFF, 0x40, 0x1F,
    0xFA, 0xAA, 0xAF, 0xFD, 0x00, 0x7F, 0xFF, 0xFF, 0xFF, 0xF4, 0x01, 0xFF, 0xFF, 0xFF, 0xFF, 0xD0,
    0x07, 0xFE, 0x55, 0x56, 0xFF, 0x40, 0x1F, 0xF4, 0x00, 0x07, 0xFD, 0x00, 0x7F, 0xD0, 0x00, 0x1F,
    0xF4, 0x01, 0xFF, 0x40, 0x00, 0x7F, 0xD0, 0x07, 0xFD, 0x00, 0x01, 0xFF, 0x40, 0x1F, 0xF4, 0x00,
    0x07, 0xFD, 0x01, 0xBF, 0xF8, 0x00, 0x7F, 0xFE, 0x3F, 0xFF, 0xFC, 0x0F, 0xFF, 0xFF, 0xFF, 0xFF,
    0xF0, 0x3F, 0xFF, 0xFC, 0x00, 0x00, 0x03, 0xFF, 0xFF, 0xCF, 0xFF, 0xFF, 0x06, 0xFF, 0x80, 0x07,
    0xFD, 0x00, 0x1F, 0xF4, 0x00, 0x7F, 0xD0, 0x01, 0xFF, 0x40, 0x07, 0xFD, 0x00, 0x1F, 0xF4, 0x00,
    0x7F, 0xD0, 0x01, 0xFF, 0x40, 0x07, 0xFD, 0x00, 0x1F, 0xF4, 0x00, 0x7F, 0xD0, 0x01, 0xFF, 0x40,
    0x07, 0xFD, 0x00, 0x1F, 0xF4, 0x01, 0xBF, 0xF9, 0x3F, 0xFF, 0xFC, 0xFF, 0xFF, 0xF0, 0x00, 0x00,
    0x00, 0x00, 0x3F, 0xFF, 0xFC, 0x07, 0xFF, 0xFF, 0xC0, 0x1B, 0xFF, 0x90, 0x00, 0x1F, 0xF0, 0x00,
    0x01, 0xFF, 0x00, 0x00, 0x1F, 0xF0, 0x00, 0x01, 0xFF, 0x00, 0x00, 0x1F, 0xF0, 0x00, 0x01, 0xFF,
    0x00, 0x00, 0x1F, 0xF0, 0x00, 0x01, 0xFF, 0x00, 0x00, 0x1F, 0xF0, 0x00, 0x01, 0xFF, 0x00, 0x00,
    0x1F, 0xF0, 0x00, 0x01, 0xFF, 0x00, 0x00, 0x1F, 0xF0, 0x00, 0x01, 0xFF, 0x00, 0x00, 0x1F, 0xF0,
    0x00, 0x02, 0xFF, 0x00, 0x00, 0x2F, 0xF0, 0x00, 0x03, 0xFE, 0x00, 0x00, 0xBF, 0xC0, 0x00, 0x2F,
    0xF8, 0x00, 0x1F, 0xFF, 0x00, 0x03, 0xFF, 0xC0, 0x00, 0x1F, 0xD0, 0x00, 0x00, 0x00, 0x00, 0x00,
    0x00, 0x00, 0x3F, 0xFF, 0xF8, 0x3F, 0xFF, 0xDF, 0xFF, 0xFD, 0x0F, 0xFF, 0xF0, 0x6F, 0xF4, 0x00,
    0xFF, 0xC0, 0x07, 0xFC, 0x00, 0xBF, 0xC0, 0x01, 0xFF, 0x00, 0xBF, 0x80, 0x00, 0x7F, 0xC0, 0xBF,
    0x80, 0x00, 0x1F, 0xF0, 0xBF, 0x80, 0x00, 0x07, 0xFC, 0xBF, 0x80, 0x00, 0x01, 0xFF, 0xFF, 0x40,
    0x00, 0x00, 0x7F, 0xFF, 0xE0, 0x00, 0x00, 0x1F, 0xFF, 0xFD, 0x00, 0x00, 0x07, 0xFD, 0xFF, 0xD0,
    0x00, 0x01, 0xFF, 0x1F, 0xFC, 0x00, 0x00, 0x7F, 0xC1, 0xFF, 0xC0, 0x00, 0x1F, 0xF0, 0x2F, 0xFC,
    0x00, 0x07, 0xFC, 0x03, 0xFF, 0xC0, 0x01, 0xFF, 0x00, 0x3F, 0xFD, 0x01, 0xBF, 0xE4, 0x03, 0xFF,
    0xD3, 0xFF, 0xFF, 0xC0, 0x7F, 0xFE, 0xFF, 0xFF, 0xE0, 0x03, 0xFF, 0x40, 0x00, 0x00, 0x00, 0x15,
    0x00, 0x00, 0x00, 0x00, 0x00, 0x3F, 0xFF, 0xFC, 0x00, 0x0F, 0xFF, 0xFE, 0x00, 0x00, 0x6F, 0xF8,
    0x00, 0x00, 0x07, 0xFD, 0x00, 0x00, 0x01, 0xFF, 0x40, 0x00, 0x00, 0x7F, 0xD0, 0x00, 0x00, 0x1F,
    0xF4, 0x00, 0x00, 0x07, 0xFD, 0x00, 0x00, 0x01, 0xFF, 0x40, 0x00, 0x00, 0x7F, 0xD0, 0x00, 0x00,
    0x1F, 0xF4, 0x00, 0x00, 0x07, 0xFD, 0x00, 0x00, 0x01, 0xFF, 0x40, 0x00, 0x00, 0x7F, 0xD0, 0x00,
    0xB0, 0x1F, 0xF4, 0x00, 0x3E, 0x07, 0xFD, 0x00, 0x2F, 0x81, 0xFF, 0x40, 0x0F, 0xE1, 0xBF, 0xFF,
    0xFF, 0xF7, 0xFF, 0xFF, 0xFF, 0xFD, 0xFF, 0xFF, 0xFF, 0xFF, 0x00, 0x00, 0x00, 0x00, 0x00, 0x00,
    0x00, 0x00, 0x1F, 0xFF, 0xE0, 0x00, 0xBF, 0xFF, 0x40, 0x7F, 0xFF, 0xC0, 0x03, 0xFF, 0xFD, 0x00,
    0x2F, 0xFF, 0x00, 0x0F, 0xFF, 0x80, 0x00, 0x7F, 0xFD, 0x00, 0xBF, 0xFD, 0x00, 0x02, 0xFF, 0xF8,
    0x03, 0xFF, 0xF4, 0x00, 0x0B, 0xEF, 0xF0, 0x0F, 0xEF, 0xE0, 0x00, 0x3F, 0x7F, 0xD0, 0x7E, 0xBF,
    0x80, 0x00, 0xFD, 0x7F, 0x82, 0xF1, 0xFE, 0x00, 0x03, 0xF0, 0xFF, 0x0F, 0xC7, 0xFC, 0x00, 0x0F,
    0xC3, 0xFC, 0x7E, 0x1F, 0xF0, 0x00, 0x3F, 0x0B, 0xF6, 0xF4, 0x3F, 0xC0, 0x01, 0xFC, 0x0F, 0xEF,
    0xC0, 0xFF, 0x00, 0x07, 0xF0, 0x3F, 0xFE, 0x03, 0xFC, 0x00, 0x2F, 0xC0, 0xBF, 0xF4, 0x0F, 0xF4,
    0x00, 0xBF, 0x00, 0xFF, 0xC0, 0x3F, 0xD0, 0x03, 0xF8, 0x03, 0xFE, 0x00, 0xFF, 0x40, 0x0F, 0xE0,
    0x07, 0xF4, 0x03, 0xFE, 0x00, 0x7F, 0xD0, 0x0F, 0xC0, 0x1F, 0xFE, 0x0F, 0xFF, 0xF0, 0x10, 0x03,
    0xFF, 0xFF, 0x7F, 0xFF, 0xC0, 0x00, 0x0F, 0xFF, 0xFC, 0x00, 0x00, 0x00, 0x00, 0x00, 0x00, 0x3F,
    0xFF, 0x00, 0x07, 0xFF, 0xFC, 0x3F, 0xFF, 0xC0, 0x0B, 0xFF, 0xFC, 0x0B, 0xFF, 0xE0, 0x01, 0xBF,
    0xD0, 0x02, 0xFF, 0xF4, 0x00, 0x3F, 0x80, 0x02, 0xFF, 0xFC, 0x00, 0x3F, 0x80, 0x02, 0xFF, 0xFE,
    0x00, 0x3F, 0x80, 0x02, 0xFF, 0xFF, 0x40, 0x3F, 0x80, 0x02, 0xFD, 0xFF, 0xC0, 0x3F, 0x80, 0x02,
    0xFC, 0xFF, 0xE0, 0x3F, 0x80, 0x02, 0xFC, 0x3F, 0xF4, 0x3F, 0x80, 0x02, 0xFC, 0x1F, 0xFC, 0x3F,
    0x80, 0x02, 0xFC, 0x0B, 0xFF, 0x3F, 0x80, 0x02, 0xFC, 0x03, 0xFF, 0x7F, 0x80, 0x02, 0xFC, 0x01,
    0xFF, 0xFF, 0x80, 0x02, 0xFC, 0x00, 0xBF, 0xFF, 0x80, 0x02, 0xFC, 0x00, 0x3F, 0xFF, 0x80, 0x02,
    0xFC, 0x00, 0x0F, 0xFF, 0x80, 0x07, 0xFE, 0x40, 0x0B, 0xFF, 0x80, 0x3F, 0xFF, 0xE0, 0x03, 0xFF,
    0x80, 0x3F, 0xFF, 0xD0, 0x00, 0xFF, 0x80, 0x00, 0x00, 0x00, 0x00, 0x54, 0x00, 0x00, 0x00, 0x6A,
    0x90, 0x00, 0x00, 0x07, 0xFF, 0xFF, 0x80, 0x00, 0x0B, 0xFF, 0xFF, 0xFD, 0x00, 0x0F, 0xFF, 0xAB,
    0xFF, 0xD0, 0x0B, 0xFD, 0x00, 0x3F, 0xFC, 0x07, 0xFD, 0x00, 0x03, 0xFF, 0x83, 0xFF, 0x00, 0x00,
    0x7F, 0xF0, 0xFF, 0x40, 0x00, 0x0F, 0xFC, 0x7F, 0xD0, 0x00, 0x02, 0xFF, 0x6F, 0xF0, 0x00, 0x00,
    0xBF, 0xDB, 0xFC, 0x00, 0x00, 0x2F, 0xF7, 0xFF, 0x00, 0x00, 0x07, 0xFD, 0xFF, 0xC0, 0x00, 0x02,
    0xFF, 0x6F, 0xF4, 0x00, 0x00, 0xBF, 0xC7, 0xFE, 0x00, 0x00, 0x3F, 0xF0, 0xFF, 0xC0, 0x00, 0x0F,
    0xF4, 0x3F, 0xF8, 0x00, 0x0F, 0xFC, 0x07, 0xFF, 0x80, 0x0B, 0xFC, 0x00, 0xBF, 0xFF, 0xBF, 0xFD,
    0x00, 0x0B, 0xFF, 0xFF, 0xFD, 0x00, 0x00, 0x2F, 0xFF, 0xF8, 0x00, 0x00, 0x00, 0x55, 0x40, 0x00,
    0x00, 0x00, 0x55, 0x55, 0x00, 0x3F, 0xFF, 0xFF, 0xF8, 0x0F, 0xFF, 0xFF, 0xFF, 0xC0, 0x6F, 0xFA,
    0xFF, 0xFC, 0x07, 0xFC, 0x03, 0xFF, 0x01, 0xFF, 0x00, 0x7F, 0xD0, 0x7F, 0xC0, 0x0F, 0xF4, 0x1F,
    0xF0, 0x03, 0xFD, 0x07, 0xFC, 0x01, 0xFF, 0x01, 0xFF, 0x00, 0xFF, 0xC0, 0x7F, 0xD6, 0xFF, 0xC0,
    0x1F, 0xFF, 0xFF, 0xD0, 0x07, 0xFF, 0xFF, 0x80, 0x01, 0xFF, 0xA9, 0x00, 0x00, 0x7F, 0xC0, 0x00,
    0x00, 0x1F, 0xF0, 0x00, 0x00, 0x07, 0xFC, 0x00, 0x00, 0x01, 0xFF, 0x00, 0x00, 0x01, 0xBF, 0xE9,
    0x00, 0x03, 0xFF, 0xFF, 0xC0, 0x00, 0xFF, 0xFF, 0xF0, 0x00, 0x00, 0x00, 0x00, 0x6A, 0x90, 0x00,
    0x00, 0x01, 0xFF, 0xFF, 0xE0, 0x00, 0x00, 0xBF, 0xFF, 0xFF, 0xD0, 0x00, 0x3F, 0xFE, 0xAF, 0xFF,
    0x40, 0x0B, 0xFD, 0x00, 0x3F, 0xFC, 0x01, 0xFF, 0x40, 0x00, 0xFF, 0xE0, 0x3F, 0xF0, 0x00, 0x07,
    0xFF, 0x03, 0xFD, 0x00, 0x00, 0x3F, 0xF0, 0x7F, 0xD0, 0x00, 0x02, 0xFF, 0x4B, 0xFC, 0x00, 0x00,
    0x2F, 0xF4, 0xBF, 0xC0, 0x00, 0x02, 0xFF, 0x4F, 0xFC, 0x00, 0x00, 0x1F, 0xF4, 0xFF, 0xC0, 0x00,
    0x02, 0xFF, 0x4B, 0xFD, 0x00, 0x00, 0x2F, 0xF0, 0xBF, 0xE0, 0x00, 0x03, 0xFF, 0x03, 0xFF, 0x00,
    0x00, 0x3F, 0xD0, 0x3F, 0xF8, 0x00, 0x0F, 0xFC, 0x01, 0xFF, 0xF0, 0x03, 0xFF, 0x00, 0x0B, 0xFF,
    0xFF, 0xFF, 0xD0, 0x00, 0x2F, 0xFF, 0xFF, 0xF4, 0x00, 0x00, 0x2F, 0xFF, 0xF4, 0x00, 0x00, 0x00,
    0x1F, 0xF4, 0x00, 0x00, 0x00, 0x00, 0x7F, 0xE4, 0x00, 0x00, 0x00, 0x00, 0xFF, 0xF9, 0x50, 0x00,
    0x00, 0x02, 0xFF, 0xFF, 0xE0, 0x00, 0x00, 0x07, 0xFF, 0xFD, 0x00, 0x00, 0x00, 0x06, 0xFF, 0xC0,
    0x00, 0x00, 0x00, 0x00, 0x00, 0x00, 0x55, 0x55, 0x00, 0x00, 0x3F, 0xFF, 0xFF, 0xF8, 0x00, 0x0F,
    0xFF, 0xFF, 0xFF, 0xC0, 0x00, 0x6F, 0xFA, 0xBF, 0xFC, 0x00, 0x07, 0xFC, 0x03, 0xFF, 0x40, 0x01,
    0xFF, 0x00, 0x3F, 0xE0, 0x00, 0x7F, 0xC0, 0x0F, 0xF8, 0x00, 0x1F, 0xF0, 0x03, 0xFD, 0x00, 0x07,
    0xFC, 0x01, 0xFF, 0x00, 0x01, 0xFF, 0x02, 0xFF, 0x80, 0x00, 0x7F, 0xEF, 0xFF, 0x80, 0x00, 0x1F,
    0xFF, 0xFF, 0x40, 0x00, 0x07, 0xFF, 0xFF, 0x40, 0x00, 0x01, 0xFF, 0x2F, 0xF0, 0x00, 0x00, 0x7F,
    0xC3, 0xFF, 0x00, 0x00, 0x1F, 0xF0, 0x3F, 0xF0, 0x00, 0x07, 0xFC, 0x0B, 0xFE, 0x00, 0x01, 0xFF,
    0x00, 0xBF, 0xF0, 0x01, 0xBF, 0xE4, 0x0F, 0xFF, 0x43, 0xFF, 0xFF, 0x80, 0xFF, 0xF8, 0xFF, 0xFF,
    0xE0, 0x0B, 0xFD, 0x00, 0x00, 0x00, 0x00, 0x15, 0x00, 0x00, 0x1A, 0xA9, 0x00, 0x07, 0xFF, 0xFF,
    0x80, 0xBF, 0xFF, 0xFF, 0x07, 0xFF, 0x5B, 0xFC, 0x3F, 0xE0, 0x07, 0xF0, 0xFF, 0x40, 0x0F, 0xC3,
    0xFD, 0x00, 0x3D, 0x0F, 0xFD, 0x00, 0x00, 0x3F, 0xFE, 0x40, 0x00, 0x7F, 0xFF, 0xD0, 0x00, 0xBF,
    0xFF, 0xF0, 0x00, 0x7F, 0xFF, 0xF4, 0x00, 0x1F, 0xFF, 0xF0, 0x00, 0x07, 0xFF, 0xD2, 0x80, 0x01,
    0xFF, 0x9F, 0x80, 0x03, 0xFE, 0x7F, 0x00, 0x0F, 0xF5, 0xFE, 0x00, 0x7F, 0xC7, 0xFF, 0xAB, 0xFE,
    0x1F, 0xFF, 0xFF, 0xE0, 0x2F, 0xFF, 0xFD, 0x00, 0x01, 0x55, 0x00, 0x00, 0x00, 0x00, 0x00, 0x00,
    0x00, 0x3F, 0xFF, 0xFF, 0xFF, 0xFF, 0x3F, 0xFF, 0xFF, 0xFF, 0xFF, 0x3F, 0xFF, 0xFF, 0xFF, 0xFF,
    0x3F, 0x40, 0xFF, 0x80, 0xBE, 0x3F, 0x00, 0xFF, 0x80, 0xBE, 0x3F, 0x00, 0xFF, 0x80, 0xBD, 0x09,
    0x00, 0xFF, 0x80, 0x64, 0x00, 0x00, 0xFF, 0x80, 0x00, 0x00, 0x00, 0xFF, 0x80, 0x00, 0x00, 0x00,
    0xFF, 0x80, 0x00, 0x00, 0x00, 0xFF, 0x80, 0x00, 0x00, 0x00, 0xFF, 0x80, 0x00, 0x00, 0x00, 0xFF,
    0x80, 0x00, 0x00, 0x00, 0xFF, 0x80, 0x00, 0x00, 0x00, 0xFF, 0x80, 0x00, 0x00, 0x00, 0xFF, 0x80,
    0x00, 0x00, 0x00, 0xFF, 0x80, 0x00, 0x00, 0x06, 0xFF, 0xE4, 0x00, 0x00, 0x3F, 0xFF, 0xFD, 0x00,
    0x00, 0x3F, 0xFF, 0xFD, 0x00, 0x00, 0x00, 0x00, 0x00, 0x00, 0x01, 0xFF, 0xFF, 0xD0, 0x7F, 0xFF,
    0xF7, 0xFF, 0xFF, 0x02, 0xFF, 0xFF, 0x46, 0xFF, 0xD0, 0x01, 0x7F, 0xE0, 0x03, 0xFF, 0x00, 0x00,
    0xFF, 0x00, 0x0F, 0xFC, 0x00, 0x03, 0xFC, 0x00, 0x3F, 0xF0, 0x00, 0x0F, 0xF0, 0x00, 0xFF, 0xC0,
    0x00, 0x3F, 0xC0, 0x03, 0xFF, 0x00, 0x00, 0xFF, 0x00, 0x0F, 0xFC, 0x00, 0x03, 0xFC, 0x00, 0x3F,
    0xF0, 0x00, 0x0F, 0xF0, 0x00, 0xFF, 0xC0, 0x00, 0x3F, 0xC0, 0x03, 0xFF, 0x00, 0x00, 0xFF, 0x00,
    0x0F, 0xFC, 0x00, 0x03, 0xFC, 0x00, 0x3F, 0xF0, 0x00, 0x0F, 0xF0, 0x00, 0xFF, 0xC0, 0x00, 0x7F,
    0xC0, 0x02, 0xFF, 0x40, 0x02, 0xFE, 0x00, 0x07, 0xFF, 0x40, 0x2F, 0xF4, 0x00, 0x0F, 0xFF, 0xFF,
    0xFF, 0xC0, 0x00, 0x0F, 0xFF, 0xFF, 0xFC, 0x00, 0x00, 0x0B, 0xFF, 0xFF, 0x80, 0x00, 0x00, 0x00,
    0x59, 0x40, 0x00, 0x00, 0x00, 0x00, 0x00, 0x00, 0x00, 0x01, 0xFF, 0xFF, 0xD0, 0x7F, 0xFF, 0xC7,
    0xFF, 0xFF, 0x01, 0xFF, 0xFF, 0x07, 0xFF, 0xD0, 0x00, 0x7F, 0xE0, 0x07, 0xFF, 0x00, 0x01, 0xFF,
    0x00, 0x0F, 0xFD, 0x00, 0x0B, 0xF4, 0x00, 0x2F, 0xF8, 0x00, 0x3F, 0xC0, 0x00, 0x3F, 0xF0, 0x01,
    0xFE, 0x00, 0x00, 0xBF, 0xD0, 0x0F, 0xF0, 0x00, 0x01, 0xFF, 0x80, 0x3F, 0xC0, 0x00, 0x03, 0xFF,
    0x01, 0xFD, 0x00, 0x00, 0x0B, 0xFD, 0x0F, 0xF0, 0x00, 0x00, 0x0F, 0xF8, 0x3F, 0x80, 0x00, 0x00,
    0x2F, 0xF1, 0xFC, 0x00, 0x00, 0x00, 0x7F, 0xCF, 0xF0, 0x00, 0x00, 0x00, 0xFF, 0xBF, 0x40, 0x00,
    0x00, 0x02, 0xFF, 0xFC, 0x00, 0x00, 0x00, 0x03, 0xFF, 0xE0, 0x00, 0x00, 0x00, 0x0B, 0xFF, 0x00,
    0x00, 0x00, 0x00, 0x1F, 0xF8, 0x00, 0x00, 0x00, 0x00, 0x3F, 0xD0, 0x00, 0x00, 0x00, 0x00, 0x00,
    0x00, 0x00, 0x00, 0x00, 0x00, 0x00, 0x00, 0x00, 0x00, 0x00, 0x00, 0x3F, 0xFF, 0xF4, 0x07, 0xF4,
    0x02, 0xFF, 0xFE, 0x3F, 0xFF, 0xF0, 0x0B, 0xF8, 0x02, 0xFF, 0xFD, 0x1F, 0xFF, 0x80, 0x0F, 0xFC,
    0x00, 0x7F, 0xF0, 0x03, 0xFF, 0x00, 0x0F, 0xFC, 0x00, 0x2F, 0xC0, 0x03, 0xFF, 0x40, 0x1F, 0xFD,
    0x00, 0x3F, 0xC0, 0x01, 0xFF, 0x80, 0x2F, 0xFF, 0x00, 0x3F, 0x80, 0x00, 0xFF, 0xC0, 0x3F, 0xFF,
    0x00, 0x7F, 0x40, 0x00, 0xFF, 0xC0, 0x3F, 0xFF, 0x40, 0xBF, 0x00, 0x00, 0xBF, 0xD0, 0x7F, 0xFF,
    0x80, 0xFE, 0x00, 0x00, 0x3F, 0xE0, 0xBD, 0xBF, 0xC0, 0xFD, 0x00, 0x00, 0x3F, 0xF0, 0xFC, 0x3F,
    0xC1, 0xFC, 0x00, 0x00, 0x2F, 0xF1, 0xFC, 0x3F, 0xE2, 0xF8, 0x00, 0x00, 0x0F, 0xF6, 0xF8, 0x2F,
    0xF3, 0xF4, 0x00, 0x00, 0x0F, 0xFB, 0xF0, 0x0F, 0xF7, 0xF0, 0x00, 0x00, 0x0B, 0xFF, 0xF0, 0x0F,
    0xFF, 0xE0, 0x00, 0x00, 0x03, 0xFF, 0xE0, 0x0B, 0xFF, 0xD0, 0x00, 0x00, 0x03, 0xFF, 0xD0, 0x03,
    0xFF, 0xC0, 0x00, 0x00, 0x02, 0xFF, 0xC0, 0x03, 0xFF, 0x80, 0x00, 0x00, 0x00, 0xFF, 0x80, 0x02,
    0xFF, 0x40, 0x00, 0x00, 0x00, 0xFF, 0x40, 0x00, 0xFF, 0x00, 0x00, 0x00, 0x00, 0x00, 0x00, 0x00,
    0x00, 0x00, 0x00, 0x00, 0x00, 0x00, 0x00, 0x00, 0x02, 0xFF, 0xFF, 0xC3, 0xFF, 0xFD, 0x3F, 0xFF,
    0xF8, 0x3F, 0xFF, 0xC0, 0x7F, 0xFC, 0x00, 0x7F, 0xD0, 0x00, 0xFF, 0xD0, 0x0F, 0xF4, 0x00, 0x07,
    0xFF, 0x02, 0xFD, 0x00, 0x00, 0x2F, 0xF8, 0x7F, 0x80, 0x00, 0x00, 0xBF, 0xDF, 0xF0, 0x00, 0x00,
    0x03, 0xFF, 0xFC, 0x00, 0x00, 0x00, 0x0F, 0xFF, 0x00, 0x00, 0x00, 0x00, 0xBF, 0xF0, 0x00, 0x00,
    0x00, 0x0F, 0xFF, 0x40, 0x00, 0x00, 0x02, 0xFF, 0xFD, 0x00, 0x00, 0x00, 0x7F, 0xBF, 0xF0, 0x00,
    0x00, 0x0F, 0xE1, 0xFF, 0x80, 0x00, 0x03, 0xFC, 0x0B, 0xFE, 0x00, 0x00, 0xFF, 0x40, 0x3F, 0xF4,
    0x00, 0x2F, 0xE0, 0x01, 0xFF, 0xC0, 0x0B, 0xFE, 0x40, 0x1F, 0xFF, 0x87, 0xFF, 0xFE, 0x0F, 0xFF,
    0xFF, 0xBF, 0xFF, 0xD0, 0xFF, 0xFF, 0xF0, 0x00, 0x00, 0x00, 0x00, 0x00, 0x1F, 0xFF, 0xFC, 0x2F,
    0xFF, 0xEB, 0xFF, 0xFE, 0x0B, 0xFF, 0xF4, 0x7F, 0xFD, 0x00, 0x3F, 0xE0, 0x03, 0xFF, 0x00, 0x0F,
    0xF0, 0x00, 0x7F, 0xE0, 0x07, 0xF0, 0x00, 0x0F, 0xFC, 0x03, 0xF8, 0x00, 0x00, 0xFF, 0x81, 0xFC,
    0x00, 0x00, 0x2F, 0xF0, 0xFD, 0x00, 0x00, 0x03, 0xFE, 0x7F, 0x00, 0x00, 0x00, 0x7F, 0xFF, 0x00,
    0x00, 0x00, 0x0F, 0xFF, 0x80, 0x00, 0x00, 0x00, 0xFF, 0xC0, 0x00, 0x00, 0x00, 0x3F, 0xF0, 0x00,
    0x00, 0x00, 0x0F, 0xFC, 0x00, 0x00, 0x00, 0x03, 0xFF, 0x00, 0x00, 0x00, 0x00, 0xFF, 0xC0, 0x00,
    0x00, 0x00, 0x3F, 0xF0, 0x00, 0x00, 0x00, 0x2F, 0xFE, 0x40, 0x00, 0x00, 0x7F, 0xFF, 0xFC, 0x00,
    0x00, 0x2F, 0xFF, 0xFE, 0x00, 0x00, 0x00, 0x00, 0x00, 0x00, 0x07, 0xFF, 0xFF, 0xFF, 0xC1, 0xFF,
    0xFF, 0xFF, 0xF4, 0xBF, 0xFF, 0xFF, 0xFD, 0x2F, 0x80, 0x0B, 0xFE, 0x0B, 0xD0, 0x07, 0xFF, 0x01,
    0xF0, 0x03, 0xFF, 0x00, 0x00, 0x02, 0xFF, 0x40, 0x00, 0x01, 0xFF, 0xC0, 0x00, 0x00, 0xFF, 0xC0,
    0x00, 0x00, 0xFF, 0xD0, 0x00, 0x00, 0xBF, 0xE0, 0x00, 0x00, 0x3F, 0xF0, 0x00, 0x00, 0x3F, 0xF4,
    0x00, 0x00, 0x2F, 0xF8, 0x00, 0x64, 0x1F, 0xFC, 0x00, 0x3F, 0x0F, 0xFC, 0x00, 0x1F, 0xCB, 0xFE,
    0x00, 0x0F, 0xF3, 0xFF, 0xFF, 0xFF, 0xF8, 0xFF, 0xFF, 0xFF, 0xFD, 0x1F, 0xFF, 0xFF, 0xFF, 0x00,
    0x00, 0x00, 0x00, 0x00, 0x3F, 0xFD, 0x3F, 0xFE, 0x3F, 0xFD, 0x3F, 0x40, 0x3F, 0x40, 0x3F, 0x40,
    0x3F, 0x40, 0x3F, 0x40, 0x3F, 0x40, 0x3F, 0x40, 0x3F, 0x40, 0x3F, 0x40, 0x3F, 0x40, 0x3F, 0x40,
    0x3F, 0x40, 0x3F, 0x40, 0x3F, 0x40, 0x3F, 0x40, 0x3F, 0x40, 0x3F, 0x40, 0x3F, 0x40, 0x3F, 0x40,
    0x3F, 0x40, 0x3F, 0x40, 0x3F, 0x40, 0x3F, 0xFD, 0x3F, 0xFE, 0x2A, 0xA8, 0x3F, 0xC0, 0x00, 0x00,
    0x7F, 0x40, 0x00, 0x00, 0xFF, 0x00, 0x00, 0x02, 0xFC, 0x00, 0x00, 0x03, 0xF8, 0x00, 0x00, 0x0B,
    0xF0, 0x00, 0x00, 0x1F, 0xE0, 0x00, 0x00, 0x3F, 0xC0, 0x00, 0x00, 0x7F, 0x40, 0x00, 0x00, 0xFF,
    0x00, 0x00, 0x02, 0xFC, 0x00, 0x00, 0x03, 0xF8, 0x00, 0x00, 0x0B, 0xF0, 0x00, 0x00, 0x1F, 0xE0,
    0x00, 0x00, 0x3F, 0xC0, 0x00, 0x00, 0x7F, 0x40, 0x00, 0x00, 0xFF, 0x00, 0x00, 0x02, 0xFD, 0x00,
    0x00, 0x03, 0xF8, 0x00, 0x00, 0x0B, 0xF0, 0x00, 0x00, 0x0F, 0xE0, 0x00, 0x00, 0x3F, 0xC0, 0x00,
    0x00, 0x15, 0x00, 0x7F, 0xFA, 0xFF, 0xF7, 0xFF, 0xC0, 0xBF, 0x02, 0xFC, 0x0B, 0xF0, 0x2F, 0xC0,
    0xBF, 0x02, 0xFC, 0x0B, 0xF0, 0x2F, 0xC0, 0xBF, 0x02, 0xFC, 0x0B, 0xF0, 0x2F, 0xC0, 0xBF, 0x02,
    0xFC, 0x0B, 0xF0, 0x2F, 0xC0, 0xBF, 0x02, 0xFC, 0x0B, 0xF0, 0x2F, 0xC0, 0xBF, 0x02, 0xFE, 0xFF,
    0xFB, 0xFF, 0xDA, 0xAA, 0x00, 0x06, 0x90, 0x00, 0x00, 0x0F, 0xF0, 0x00, 0x00, 0x1F, 0xF4, 0x00,
    0x00, 0x3F, 0xFC, 0x00, 0x00, 0x3F, 0xFC, 0x00, 0x00, 0xBD, 0x7E, 0x00, 0x00, 0xFC, 0x3F, 0x00,
    0x01, 0xF8, 0x3F, 0x40, 0x03, 0xF4, 0x1F, 0xC0, 0x07, 0xF0, 0x0F, 0xD0, 0x0B, 0xE0, 0x0B, 0xE0,
    0x0F, 0xD0, 0x07, 0xF0, 0x2F, 0xC0, 0x03, 0xF8, 0x2F, 0x80, 0x02, 0xF8, 0xAA, 0xAA, 0xAA, 0xA7,
    0xFF, 0xFF, 0xFF, 0xEF, 0xFF, 0xFF, 0xFF, 0x80, 0x00, 0x00, 0x00, 0x00, 0x00, 0x70, 0x03, 0xF0,
    0x1F, 0xE0, 0x2F, 0xE0, 0x1F, 0xC0, 0x0F, 0x00, 0x00, 0x00, 0x16, 0x50, 0x00, 0x02, 0xFF, 0xFD,
    0x00, 0x1F, 0xFF, 0xFF, 0x00, 0x3F, 0xE5, 0xFF, 0x80, 0x3F, 0x80, 0xBF, 0xC0, 0x2F, 0x40, 0x7F,
    0xC0, 0x00, 0x00, 0x7F, 0xC0, 0x00, 0x1A, 0xFF, 0xC0, 0x07, 0xFF, 0xFF, 0xC0, 0x2F, 0xFF, 0xFF,
    0xC0, 0x7F, 0xD0, 0x7F, 0xC0, 0xBF, 0x80, 0x7F, 0xC0, 0xFF, 0x80, 0xBF, 0xC0, 0xBF, 0xEB, 0xFF,
    0xE8, 0x7F, 0xFF, 0xFF, 0xFD, 0x1F, 0xFE, 0x1F, 0xF4, 0x01, 0x50, 0x01, 0x40, 0x00, 0x05, 0x00,
    0x00, 0x01, 0xBF, 0xF0, 0x00, 0x00, 0x3F, 0xFF, 0x00, 0x00, 0x02, 0xBF, 0xF0, 0x00, 0x00, 0x01,
    0xFF, 0x00, 0x00, 0x00, 0x1F, 0xF0, 0x00, 0x00, 0x01, 0xFF, 0x00, 0x00, 0x00, 0x1F, 0xF0, 0x59,
    0x00, 0x01, 0xFF, 0x7F, 0xFE, 0x00, 0x1F, 0xFF, 0xFF, 0xF8, 0x01, 0xFF, 0xFF, 0xFF, 0xC0, 0x1F,
    0xF8, 0x0F, 0xFD, 0x01, 0xFF, 0x00, 0x3F, 0xE0, 0x1F, 0xF0, 0x03, 0xFF, 0x01, 0xFF, 0x00, 0x3F,
    0xF0, 0x1F, 0xF0, 0x03, 0xFF, 0x01, 0xFF, 0x00, 0x3F, 0xE0, 0x1F, 0xF0, 0x03, 0xFE, 0x01, 0xFF,
    0x00, 0x3F, 0xD0, 0x1F, 0xF0, 0x0B, 0xFC, 0x02, 0xFF, 0xAB, 0xFF, 0x40, 0x2F, 0xFF, 0xFF, 0xD0,
    0x01, 0xFF, 0xFF, 0xE0, 0x00, 0x00, 0x15, 0x50, 0x00, 0x00, 0x05, 0x90, 0x00, 0x0F, 0xFF, 0xE0,
    0x07, 0xFF, 0xFF, 0x81, 0xFF, 0x9F, 0xFC, 0x3F, 0xD0, 0x3F, 0xC7, 0xFC, 0x03, 0xF4, 0xBF, 0x80,
    0x14, 0x0F, 0xF8, 0x00, 0x00, 0xFF, 0x80, 0x00, 0x0F, 0xF8, 0x00, 0x00, 0xFF, 0xC0, 0x00, 0x0B,
    0xFE, 0x00, 0x00, 0x7F, 0xF8, 0x00, 0x83, 0xFF, 0xFF, 0xFC, 0x0F, 0xFF, 0xFF, 0xC0, 0x2F, 0xFF,
    0xE0, 0x00, 0x15, 0x50, 0x00, 0x00, 0x00, 0x00, 0x50, 0x00, 0x00, 0x0B, 0xFF, 0x40, 0x00, 0x02,
    0xFF, 0xF4, 0x00, 0x00, 0x1B, 0xFF, 0x40, 0x00, 0x00, 0x0F, 0xF4, 0x00, 0x00, 0x00, 0xFF, 0x40,
    0x00, 0x00, 0x0F, 0xF4, 0x00, 0x00, 0x65, 0xFF, 0x40, 0x01, 0xFF, 0xFF, 0xF4, 0x00, 0xBF, 0xFF,
    0xFF, 0x40, 0x1F, 0xF9, 0x6F, 0xF4, 0x03, 0xFE, 0x00, 0xFF, 0x40, 0x7F, 0xC0, 0x0F, 0xF4, 0x0B,
    0xFC, 0x00, 0xFF, 0x40, 0xFF, 0x80, 0x0F, 0xF4, 0x0F, 0xF8, 0x00, 0xFF, 0x40, 0xFF, 0x80, 0x0F,
    0xF4, 0x0F, 0xFC, 0x00, 0xFF, 0x40, 0xFF, 0xC0, 0x0F, 0xF4, 0x0B, 0xFF, 0x02, 0xFF, 0x40, 0x3F,
    0xFF, 0xFF, 0xF9, 0x02, 0xFF, 0xFF, 0xBF, 0xFC, 0x0B, 0xFF, 0xC3, 0xFF, 0xC0, 0x05, 0x40, 0x14,
    0x00, 0x00, 0x06, 0x50, 0x00, 0x1F, 0xFF, 0xE0, 0x0B, 0xFF, 0xFF, 0x81, 0xFF, 0x5B, 0xFC, 0x3F,
    0xC0, 0x3F, 0xE7, 0xF8, 0x02, 0xFE, 0xBF, 0x80, 0x2F, 0xEF, 0xFF, 0xFF, 0xFE, 0xFF, 0xFF, 0xFF,
    0xEF, 0xF9, 0x55, 0x54, 0xFF, 0x40, 0x00, 0x0B, 0xFC, 0x00, 0x00, 0x7F, 0xE0, 0x00, 0x43, 0xFF,
    0xFF, 0xFD, 0x1F, 0xFF, 0xFF, 0xC0, 0x2F, 0xFF, 0xF4, 0x00, 0x05, 0x50, 0x00, 0x00, 0x00, 0x6A,
    0x40, 0x00, 0x0B, 0xFF, 0xF4, 0x00, 0x3F, 0xFF, 0xFC, 0x00, 0xBF, 0xD7, 0xFC, 0x00, 0xFF, 0x00,
    0xF4, 0x01, 0xFF, 0x00, 0x10, 0x02, 0xFE, 0x00, 0x00, 0x02, 0xFE, 0x00, 0x00, 0x2F, 0xFF, 0xFF,
    0x00, 0xBF, 0xFF, 0xFF, 0x00, 0x6B, 0xFF, 0xA9, 0x00, 0x03, 0xFE, 0x00, 0x00, 0x03, 0xFE, 0x00,
    0x00, 0x03, 0xFE, 0x00, 0x00, 0x03, 0xFE, 0x00, 0x00, 0x03, 0xFE, 0x00, 0x00, 0x03, 0xFE, 0x00,
    0x00, 0x03, 0xFE, 0x00, 0x00, 0x03, 0xFE, 0x00, 0x00, 0x03, 0xFE, 0x00, 0x00, 0x03, 0xFF, 0x40,
    0x00, 0x2F, 0xFF, 0xF8, 0x00, 0x3F, 0xFF, 0xF8, 0x00, 0x00, 0x05, 0x94, 0x16, 0x40, 0x0B, 0xFF,
    0xFF, 0xFC, 0x02, 0xFF, 0xFF, 0xFF, 0xC0, 0x7F, 0xD1, 0xFF, 0x28, 0x0F, 0xF0, 0x0B, 0xF4, 0x00,
    0xFF, 0x00, 0x7F, 0x80, 0x0F, 0xF0, 0x07, 0xF8, 0x00, 0xFF, 0x40, 0xFF, 0x40, 0x07, 0xFF, 0xBF,
    0xF0, 0x00, 0x2F, 0xFF, 0xFC, 0x00, 0x02, 0xFF, 0xFD, 0x00, 0x00, 0x7F, 0x00, 0x00, 0x00, 0x0F,
    0xE0, 0x00, 0x00, 0x00, 0xFF, 0xFF, 0xEA, 0x40, 0x0B, 0xFF, 0xFF, 0xFE, 0x00, 0x7F, 0xFF, 0xFF,
    0xF0, 0x1F, 0xEA, 0xAB, 0xFF, 0x43, 0xFC, 0x00, 0x0F, 0xF4, 0x7F, 0xC0, 0x01, 0xFF, 0x07, 0xFE,
    0x41, 0xBF, 0xE0, 0x3F, 0xFF, 0xFF, 0xF8, 0x00, 0xFF, 0xFF, 0xFD, 0x00, 0x01, 0xAF, 0xA4, 0x00,
    0x00, 0x00, 0x14, 0x00, 0x00, 0x00, 0xBF, 0xF4, 0x00, 0x00, 0x0F, 0xFF, 0xD0, 0x00, 0x00, 0x1B,
    0xFF, 0x40, 0x00, 0x00, 0x07, 0xFD, 0x00, 0x00, 0x00, 0x1F, 0xF4, 0x00, 0x00, 0x00, 0x7F, 0xC0,
    0x00, 0x00, 0x01, 0xFF, 0x01, 0x64, 0x00, 0x07, 0xFC, 0xBF, 0xFC, 0x00, 0x1F, 0xFF, 0xFF, 0xFC,
    0x00, 0x7F, 0xFF, 0xFF, 0xF4, 0x01, 0xFF, 0xD0, 0x7F, 0xE0, 0x07, 0xFD, 0x00, 0xFF, 0x80, 0x1F,
    0xF4, 0x03, 0xFE, 0x00, 0x7F, 0xD0, 0x0F, 0xF8, 0x01, 0xFF, 0x40, 0x3F, 0xE0, 0x07, 0xFD, 0x00,
    0xFF, 0x80, 0x1F, 0xF4, 0x03, 0xFE, 0x00, 0x7F, 0xD0, 0x0F, 0xF8, 0x01, 0xFF, 0x40, 0x3F, 0xE0,
    0x07, 0xFD, 0x00, 0xFF, 0xD0, 0xFF, 0xFF, 0x0F, 0xFF, 0xE7, 0xFF, 0xF8, 0x7F, 0xFF, 0x80, 0x00,
    0x50, 0x00, 0x3F, 0xE0, 0x07, 0xFF, 0x00, 0x7F, 0xF0, 0x02, 0xFD, 0x00, 0x00, 0x00, 0x00, 0x00,
    0x00, 0x01, 0x40, 0x2F, 0xFE, 0x07, 0xFF, 0xE0, 0x1B, 0xFE, 0x00, 0x3F, 0xE0, 0x03, 0xFE, 0x00,
    0x3F, 0xE0, 0x03, 0xFE, 0x00, 0x3F, 0xE0, 0x03, 0xFE, 0x00, 0x3F, 0xE0, 0x03, 0xFE, 0x00, 0x3F,
    0xE0, 0x07, 0xFF, 0x43, 0xFF, 0xFE, 0x3F, 0xFF, 0xE0, 0x00, 0x05, 0x00, 0x03, 0xFC, 0x00, 0xBF,
    0xE0, 0x0B, 0xFD, 0x00, 0x3F, 0xC0, 0x00, 0x00, 0x00, 0x00, 0x00, 0x00, 0x54, 0x07, 0xFF, 0xC0,
    0xBF, 0xFC, 0x02, 0xFF, 0xC0, 0x07, 0xFC, 0x00, 0x7F, 0xC0, 0x07, 0xFC, 0x00, 0x7F, 0xC0, 0x07,
    0xFC, 0x00, 0x7F, 0xC0, 0x07, 0xFC, 0x00, 0x7F, 0xC0, 0x07, 0xFC, 0x00, 0x7F, 0xC0, 0x07, 0xFC,
    0x00, 0x7F, 0xC0, 0x07, 0xFC, 0x00, 0xBF, 0x80, 0x1F, 0xF4, 0x07, 0xFF, 0x07, 0xFF, 0xC0, 0x7F,
    0xF4, 0x02, 0xE4, 0x00, 0x00, 0x14, 0x00, 0x00, 0x00, 0xBF, 0xF0, 0x00, 0x00, 0x0F, 0xFF, 0xC0,
    0x00, 0x00, 0x1B, 0xFF, 0x00, 0x00, 0x00, 0x07, 0xFC, 0x00, 0x00, 0x00, 0x1F, 0xF0, 0x00, 0x00,
    0x00, 0x7F, 0xC0, 0x00, 0x00, 0x01, 0xFF, 0x00, 0x00, 0x00, 0x07, 0xFC, 0x2F, 0xFF, 0xC0, 0x1F,
    0xF0, 0x7F, 0xFF, 0x00, 0x7F, 0xC0, 0x7F, 0xD0, 0x01, 0xFF, 0x03, 0xFC, 0x00, 0x07, 0xFC, 0x3F,
    0xC0, 0x00, 0x1F, 0xF7, 0xFC, 0x00, 0x00, 0x7F, 0xFF, 0xF0, 0x00, 0x01, 0xFF, 0x7F, 0xD0, 0x00,
    0x07, 0xFC, 0xBF, 0xC0, 0x00, 0x1F, 0xF0, 0xFF, 0xC0, 0x00, 0x7F, 0xC1, 0xFF, 0x80, 0x01, 0xFF,
    0x02, 0xFF, 0x80, 0x07, 0xFD, 0x03, 0xFF, 0x80, 0xFF, 0xFF, 0x07, 0xFF, 0x87, 0xFF, 0xFC, 0x07,
    0xFE, 0x00, 0x00, 0x00, 0x01, 0x40, 0x00, 0x14, 0x02, 0xFF, 0xD0, 0xBF, 0xFD, 0x06, 0xFF, 0xD0,
    0x03, 0xFD, 0x00, 0x3F, 0xD0, 0x03, 0xFD, 0x00, 0x3F, 0xD0, 0x03, 0xFD, 0x00, 0x3F, 0xD0, 0x03,
    0xFD, 0x00, 0x3F, 0xD0, 0x03, 0xFD, 0x00, 0x3F, 0xD0, 0x03, 0xFD, 0x00, 0x3F, 0xD0, 0x03, 0xFD,
    0x00, 0x3F, 0xD0, 0x03, 0xFD, 0x00, 0x3F, 0xD0, 0x07, 0xFE, 0x07, 0xFF, 0xFD, 0xBF, 0xFF, 0xD0,
    0x00, 0x54, 0x05, 0x90, 0x00, 0x64, 0x00, 0x0B, 0xFF, 0x1F, 0xFF, 0x42, 0xFF, 0xE0, 0x07, 0xFF,
    0xFF, 0xFF, 0xF7, 0xFF, 0xFD, 0x00, 0xAF, 0xFF, 0xFF, 0xFF, 0xFF, 0xFF, 0xC0, 0x03, 0xFF, 0x40,
    0xFF, 0xE0, 0x3F, 0xF0, 0x00, 0xFF, 0x80, 0x2F, 0xF0, 0x07, 0xFC, 0x00, 0x3F, 0xE0, 0x0B, 0xFC,
    0x01, 0xFF, 0x00, 0x0F, 0xF8, 0x02, 0xFF, 0x00, 0x7F, 0xC0, 0x03, 0xFE, 0x00, 0xBF, 0xC0, 0x1F,
    0xF0, 0x00, 0xFF, 0x80, 0x2F, 0xF0, 0x07, 0xFC, 0x00, 0x3F, 0xE0, 0x0B, 0xFC, 0x01, 0xFF, 0x00,
    0x0F, 0xF8, 0x02, 0xFF, 0x00, 0x7F, 0xC0, 0x03, 0xFE, 0x00, 0xBF, 0xC0, 0x1F, 0xF0, 0x00, 0xFF,
    0x80, 0x2F, 0xF0, 0x07, 0xFE, 0x02, 0xFF, 0xFC, 0x3F, 0xFF, 0x0B, 0xFF, 0xF0, 0xFF, 0xFF, 0x0F,
    0xFF, 0xC3, 0xFF, 0xFC, 0x00, 0x54, 0x05, 0x90, 0x00, 0x2F, 0xFC, 0x7F, 0xFD, 0x00, 0x7F, 0xFE,
    0xFF, 0xFF, 0x40, 0x2B, 0xFF, 0xFF, 0xFF, 0x80, 0x03, 0xFF, 0x40, 0xFF, 0xC0, 0x03, 0xFE, 0x00,
    0xBF, 0xC0, 0x03, 0xFE, 0x00, 0x7F, 0xC0, 0x03, 0xFE, 0x00, 0x7F, 0xC0, 0x03, 0xFE, 0x00, 0x7F,
    0xC0, 0x03, 0xFE, 0x00, 0x7F, 0xC0, 0x03, 0xFE, 0x00, 0x7F, 0xC0, 0x03, 0xFE, 0x00, 0x7F, 0xC0,
    0x03, 0xFE, 0x00, 0x7F, 0xC0, 0x03, 0xFE, 0x00, 0xBF, 0xD0, 0x2F, 0xFF, 0xC3, 0xFF, 0xFC, 0x3F,
    0xFF, 0xC3, 0xFF, 0xFC, 0x00, 0x05, 0x94, 0x00, 0x01, 0xFF, 0xFF, 0x80, 0x07, 0xFF, 0xFF, 0xE0,
    0x1F, 0xF9, 0xBF, 0xF4, 0x3F, 0xE0, 0x0F, 0xFC, 0x7F, 0xC0, 0x0B, 0xFC, 0xBF, 0xC0, 0x07, 0xFD,
    0xFF, 0xC0, 0x07, 0xFD, 0xFF, 0x80, 0x03, 0xFD, 0xFF, 0xC0, 0x07, 0xFD, 0xFF, 0xC0, 0x07, 0xFC,
    0xBF, 0xC0, 0x0B, 0xFC, 0x7F, 0xF0, 0x0F, 0xF4, 0x3F, 0xFE, 0xBF, 0xF0, 0x0F, 0xFF, 0xFF, 0xC0,
    0x02, 0xFF, 0xFD, 0x00, 0x00, 0x15, 0x40, 0x00, 0x00, 0x54, 0x06, 0x40, 0x03, 0xFF, 0x8F, 0xFF,
    0xC0, 0xBF, 0xFF, 0xFF, 0xFF, 0x06, 0xFF, 0xFF, 0xFF, 0xF4, 0x07, 0xFE, 0x02, 0xFF, 0x80, 0x7F,
    0xC0, 0x0F, 0xFC, 0x07, 0xFC, 0x00, 0xBF, 0xC0, 0x7F, 0xC0, 0x0B, 0xFC, 0x07, 0xFC, 0x00, 0xBF,
    0xC0, 0x7F, 0xC0, 0x0B, 0xFC, 0x07, 0xFC, 0x00, 0xBF, 0x80, 0x7F, 0xC0, 0x0F, 0xF4, 0x07, 0xFC,
    0x02, 0xFF, 0x00, 0x7F, 0xFA, 0xFF, 0xD0, 0x07, 0xFF, 0xFF, 0xF8, 0x00, 0x7F, 0xFF, 0xFD, 0x00,
    0x07, 0xFD, 0x54, 0x00, 0x00, 0x7F, 0xC0, 0x00, 0x00, 0x07, 0xFC, 0x00, 0x00, 0x00, 0x7F, 0xC0,
    0x00, 0x00, 0x1F, 0xFF, 0x80, 0x00, 0x07, 0xFF, 0xFE, 0x00, 0x00, 0x2A, 0xAA, 0x90, 0x00, 0x00,
    0x00, 0x06, 0x54, 0x00, 0x00, 0x7F, 0xFF, 0xFD, 0x00, 0xBF, 0xFF, 0xFF, 0x40, 0x7F, 0xF6, 0xBF,
    0xD0, 0x3F, 0xE0, 0x0F, 0xF4, 0x1F, 0xF0, 0x03, 0xFD, 0x0B, 0xFC, 0x00, 0xFF, 0x43, 0xFE, 0x00,
    0x3F, 0xD0, 0xFF, 0x80, 0x0F, 0xF4, 0x3F, 0xE0, 0x03, 0xFD, 0x0F, 0xFC, 0x00, 0xFF, 0x42, 0xFF,
    0x00, 0x3F, 0xD0, 0x7F, 0xF0, 0x7F, 0xF4, 0x0F, 0xFF, 0xFF, 0xFD, 0x01, 0xFF, 0xFF, 0xFF, 0x40,
    0x1F, 0xFE, 0x3F, 0xD0, 0x00, 0x10, 0x0F, 0xF4, 0x00, 0x00, 0x03, 0xFD, 0x00, 0x00, 0x00, 0xFF,
    0x40, 0x00, 0x00, 0x3F, 0xD0, 0x00, 0x00, 0x7F, 0xFE, 0x00, 0x00, 0xBF, 0xFF, 0xC0, 0x00, 0x1A,
    0xAA, 0xA0, 0x00, 0x54, 0x06, 0x42, 0xFF, 0x87, 0xFC, 0x7F, 0xFC, 0xFF, 0xC2, 0xBF, 0xFF, 0xFC,
    0x03, 0xFF, 0xEA, 0x80, 0x3F, 0xF0, 0x00, 0x03, 0xFE, 0x00, 0x00, 0x3F, 0xE0, 0x00, 0x03, 0xFE,
    0x00, 0x00, 0x3F, 0xE0, 0x00, 0x03, 0xFE, 0x00, 0x00, 0x3F, 0xE0, 0x00, 0x03, 0xFE, 0x00, 0x00,
    0x7F, 0xF4, 0x00, 0x3F, 0xFF, 0xF4, 0x03, 0xFF, 0xFF, 0x40, 0x00, 0x1A, 0x50, 0x00, 0xFF, 0xFF,
    0x80, 0xFF, 0xFF, 0xF0, 0xFF, 0x01, 0xFC, 0x3F, 0xC0, 0x2F, 0x0F, 0xF4, 0x06, 0x43, 0xFF, 0xE0,
    0x00, 0xBF, 0xFF, 0x80, 0x0B, 0xFF, 0xFD, 0x00, 0x7F, 0xFF, 0xC0, 0x00, 0xBF, 0xF5, 0xF0, 0x03,
    0xFD, 0xBE, 0x00, 0xBF, 0x6F, 0xE0, 0x7F, 0xC7, 0xFF, 0xFF, 0xD0, 0xBF, 0xFF, 0x80, 0x00, 0x55,
    0x00, 0x00, 0x00, 0x7F, 0x00, 0x00, 0x3F, 0xC0, 0x00, 0x1F, 0xF0, 0x00, 0x07, 0xFC, 0x00, 0x1B,
    0xFF, 0xFF, 0x4F, 0xFF, 0xFF, 0xD2, 0xBF, 0xFA, 0xA0, 0x0B, 0xFC, 0x00, 0x02, 0xFF, 0x00, 0x00,
    0xBF, 0xC0, 0x00, 0x2F, 0xF0, 0x00, 0x0B, 0xFC, 0x00, 0x02, 0xFF, 0x00, 0x00, 0xBF, 0xC0, 0x00,
    0x2F, 0xF0, 0x00, 0x0B, 0xFD, 0x01, 0x01, 0xFF, 0xFF, 0xC0, 0x3F, 0xFF, 0xE0, 0x07, 0xFF, 0xE0,
    0x00, 0x15, 0x40, 0x00, 0x00, 0x00, 0x00, 0x00, 0x2F, 0xFC, 0x0B, 0xFF, 0x40, 0xBF, 0xFC, 0x1F,
    0xFF, 0x40, 0x6F, 0xFC, 0x06, 0xFF, 0x40, 0x07, 0xFC, 0x00, 0xFF, 0x40, 0x07, 0xFC, 0x00, 0xFF,
    0x40, 0x07, 0xFC, 0x00, 0xFF, 0x40, 0x07, 0xFC, 0x00, 0xFF, 0x40, 0x07, 0xFC, 0x00, 0xFF, 0x40,
    0x07, 0xFC, 0x00, 0xFF, 0x40, 0x07, 0xFC, 0x00, 0xFF, 0x40, 0x07, 0xFC, 0x00, 0xFF, 0x40, 0x07,
    0xFE, 0x02, 0xFF, 0x40, 0x03, 0xFF, 0xFF, 0xFF, 0x90, 0x02, 0xFF, 0xFF, 0xFF, 0xFC, 0x00, 0xBF,
    0xFC, 0x7F, 0xF8, 0x00, 0x05, 0x40, 0x14, 0x00, 0x00, 0x00, 0x00, 0x00, 0x01, 0xFF, 0xFF, 0x43,
    0xFF, 0xE3, 0xFF, 0xFC, 0x0F, 0xFF, 0x43, 0xFF, 0x80, 0x0F, 0xF0, 0x03, 0xFE, 0x00, 0x3F, 0x80,
    0x0F, 0xFC, 0x01, 0xFC, 0x00, 0x1F, 0xF4, 0x0F, 0xF0, 0x00, 0x3F, 0xE0, 0x3F, 0x40, 0x00, 0xBF,
    0xC2, 0xFC, 0x00, 0x00, 0xFF, 0x0F, 0xD0, 0x00, 0x02, 0xFE, 0x7F, 0x00, 0x00, 0x03, 0xFE, 0xF8,
    0x00, 0x00, 0x0F, 0xFF, 0xC0, 0x00, 0x00, 0x1F, 0xFE, 0x00, 0x00, 0x00, 0x3F, 0xF0, 0x00, 0x00,
    0x00, 0x7F, 0x80, 0x00, 0x00, 0x00, 0x00, 0x00, 0x00, 0x00, 0x00, 0x00, 0x00, 0x00, 0x00, 0x07,
    0xFF, 0xFC, 0x0B, 0xD0, 0x3F, 0xFF, 0x3F, 0xFF, 0x80, 0xFE, 0x03, 0xFF, 0xD0, 0xFF, 0xC0, 0x0F,
    0xF0, 0x07, 0xF4, 0x07, 0xFC, 0x02, 0xFF, 0x40, 0xBF, 0x00, 0x3F, 0xD0, 0x3F, 0xF8, 0x0F, 0xE0,
    0x02, 0xFE, 0x03, 0xFF, 0xC0, 0xFC, 0x00, 0x1F, 0xF0, 0x7E, 0xFC, 0x1F, 0xC0, 0x00, 0xFF, 0x0F,
    0x9F, 0xD2, 0xF4, 0x00, 0x0B, 0xF4, 0xF4, 0xFE, 0x3F, 0x00, 0x00, 0x3F, 0x9F, 0x0B, 0xF3, 0xE0,
    0x00, 0x03, 0xFE, 0xF0, 0x7F, 0xBD, 0x00, 0x00, 0x1F, 0xFE, 0x03, 0xFF, 0xC0, 0x00, 0x00, 0xFF,
    0xC0, 0x3F, 0xF8, 0x00, 0x00, 0x0F, 0xFC, 0x01, 0xFF, 0x00, 0x00, 0x00, 0x7F, 0x80, 0x0F, 0xF0,
    0x00, 0x00, 0x00, 0x00, 0x00, 0x00, 0x00, 0x00, 0x00, 0x00, 0x00, 0x00, 0x03, 0xFF, 0xF8, 0x7F,
    0xFD, 0x3F, 0xFF, 0x42, 0xFF, 0x80, 0x7F, 0xE0, 0x2F, 0xD0, 0x01, 0xFF, 0x43, 0xF4, 0x00, 0x07,
    0xFC, 0xFD, 0x00, 0x00, 0x2F, 0xFF, 0x80, 0x00, 0x00, 0xBF, 0xF0, 0x00, 0x00, 0x03, 0xFD, 0x00,
    0x00, 0x00, 0xFF, 0xF4, 0x00, 0x00, 0x3F, 0xFF, 0xC0, 0x00, 0x0B, 0xF1, 0xFF, 0x00, 0x02, 0xFD,
    0x0F, 0xFC, 0x00, 0xBF, 0x80, 0x3F, 0xF0, 0x3F, 0xFE, 0x0F, 0xFF, 0xEB, 0xFF, 0xE1, 0xFF, 0xFE,
    0x00, 0x00, 0x00, 0x00, 0x01, 0xFF, 0xFF, 0x47, 0xFF, 0xE7, 0xFF, 0xFC, 0x0F, 0xFF, 0x43, 0xFF,
    0x80, 0x0F, 0xF0, 0x07, 0xFE, 0x00, 0x3F, 0x80, 0x0F, 0xFC, 0x01, 0xFC, 0x00, 0x1F, 0xF4, 0x0F,
    0xF0, 0x00, 0x3F, 0xE0, 0x3F, 0x40, 0x00, 0x7F, 0xC2, 0xFC, 0x00, 0x00, 0xFF, 0x0F, 0xD0, 0x00,
    0x02, 0xFE, 0x7F, 0x00, 0x00, 0x03, 0xFF, 0xF8, 0x00, 0x00, 0x0B, 0xFF, 0xC0, 0x00, 0x00, 0x1F,
    0xFE, 0x00, 0x00, 0x00, 0x3F, 0xF0, 0x00, 0x00, 0x00, 0x7F, 0x80, 0x00, 0x00, 0x01, 0xFD, 0x00,
    0x00, 0x00, 0x0F, 0xF0, 0x00, 0x00, 0x01, 0xFF, 0x00, 0x00, 0x1A, 0xBF, 0xF4, 0x00, 0x00, 0xBF,
    0xFF, 0x80, 0x00, 0x01, 0xFF, 0xF4, 0x00, 0x00, 0x02, 0xF9, 0x00, 0x00, 0x00, 0x00, 0x00, 0x00,
    0x00, 0x00, 0x7F, 0xFF, 0xFF, 0x81, 0xFF, 0xFF, 0xFF, 0x0B, 0xFA, 0xBF, 0xF8, 0x2F, 0x00, 0xFF,
    0xC0, 0xB8, 0x0F, 0xFC, 0x00, 0x40, 0xBF, 0xD0, 0x00, 0x07, 0xFD, 0x00, 0x00, 0x7F, 0xE0, 0x00,
    0x03, 0xFF, 0x00, 0x00, 0x3F, 0xF0, 0x0A, 0x02, 0xFF, 0x40, 0x7C, 0x1F, 0xF8, 0x03, 0xF0, 0xFF,
    0xEA, 0xBF, 0xC3, 0xFF, 0xFF, 0xFF, 0x0B, 0xFF, 0xFF, 0xF8, 0x00, 0x00, 0x00, 0x00, 0x00, 0x00,
    0x00, 0x02, 0xFE, 0x00, 0xFF, 0xF0, 0x3F, 0xE9, 0x07, 0xF8, 0x00, 0x7F, 0x00, 0x07, 0xF0, 0x00,
    0x7F, 0x40, 0x03, 0xF4, 0x00, 0x3F, 0x80, 0x03, 0xF8, 0x00, 0x3F, 0xC0, 0x03, 0xFC, 0x00, 0xFF,
    0x40, 0x3F, 0xD0, 0x03, 0xFE, 0x00, 0x0B, 0xF8, 0x00, 0x3F, 0xC0, 0x03, 0xFC, 0x00, 0x3F, 0x80,
    0x03, 0xF8, 0x00, 0x3F, 0x40, 0x07, 0xF0, 0x00, 0x7F, 0x00, 0x07, 0xF0, 0x00, 0x7F, 0x80, 0x03,
    0xFF, 0xE0, 0x0F, 0xFF, 0x00, 0x1B, 0xD0, 0x00, 0x0F, 0xD3, 0xF4, 0xFD, 0x3F, 0x4F, 0xD3, 0xF4,
    0xFD, 0x3F, 0x4F, 0xD3, 0xF4, 0xFD, 0x3F, 0x4F, 0xD3, 0xF4, 0xFD, 0x3F, 0x4F, 0xD3, 0xF4, 0xFD,
    0x3F, 0x4F, 0xD3, 0xF4, 0xFD, 0x3F, 0x4F, 0xD1, 0x50, 0x00, 0x00, 0x03, 0xFE, 0x00, 0x7F, 0xFC,
    0x02, 0xBF, 0xE0, 0x00, 0xFF, 0x00, 0x0B, 0xF0, 0x00, 0xBF, 0x00, 0x0B, 0xF0, 0x00, 0xFF, 0x00,
    0x0F, 0xE0, 0x00, 0xFD, 0x00, 0x0F, 0xD0, 0x00, 0xFE, 0x00, 0x0F, 0xF8, 0x00, 0x3F, 0xE0, 0x03,
    0xFE, 0x00, 0xFF, 0x40, 0x0F, 0xE0, 0x00, 0xFD, 0x00, 0x0F, 0xE0, 0x00, 0xFE, 0x00, 0x0F, 0xF0,
    0x00, 0xBF, 0x00, 0x0B, 0xF0, 0x00, 0xBF, 0x00, 0x0F, 0xF0, 0x3F, 0xFD, 0x07, 0xFF, 0x80, 0x2F,
    0x80, 0x00, 0x01, 0x40, 0x00, 0x01, 0xFF, 0x80, 0x2E, 0x3F, 0xFF, 0x47, 0xFF, 0xFB, 0xFF, 0xFE,
    0xFC, 0x0B, 0xFF, 0xC2, 0x80, 0x1B, 0xE0, 0x00, 0x00, 0x00, 0x00, 0x1A, 0x0B, 0xFC, 0xFF, 0xCB,
    0xFC, 0x2A, 0x00, 0x00, 0x01, 0x02, 0xF8, 0x2F, 0x82, 0xFC, 0x2F, 0xC2, 0xFC, 0x2F, 0xC2, 0xFC,
    0x2F, 0xD2, 0xFD, 0x2F, 0xD3, 0xFD, 0x3F, 0xD3, 0xFD, 0x3F, 0xC7, 0xFC, 0x29, 0x00, 0x00, 0x00,
    0x00, 0x00, 0x00, 0x00, 0xF8, 0x00, 0x00, 0x00, 0xF4, 0x00, 0x00, 0x00, 0xF4, 0x00, 0x00, 0x00,
    0xF4, 0x00, 0x00, 0x00, 0xF0, 0x00, 0x00, 0x0B, 0xFE, 0x40, 0x00, 0xBF, 0xFF, 0xF0, 0x03, 0xFF,
    0xFF, 0xFC, 0x0B, 0xF5, 0xF2, 0xFC, 0x1F, 0xD1, 0xF0, 0xFC, 0x2F, 0xC1, 0xF0, 0xA0, 0x3F, 0xC1,
    0xF0, 0x00, 0x3F, 0x81, 0xE0, 0x00, 0x3F, 0x81, 0xE0, 0x00, 0x3F, 0x81, 0xE0, 0x00, 0x3F, 0xC2,
    0xE0, 0x00, 0x3F, 0xD2, 0xE0, 0x00, 0x2F, 0xF6, 0xE0, 0x18, 0x0F, 0xFF, 0xFB, 0xFC, 0x07, 0xFF,
    0xFF, 0xF8, 0x00, 0xBF, 0xFF, 0xD0, 0x00, 0x03, 0xE0, 0x00, 0x00, 0x03, 0xD0, 0x00, 0x00, 0x03,
    0xD0, 0x00, 0x00, 0x03, 0xD0, 0x00, 0x00, 0x03, 0xD0, 0x00, 0x00, 0x03, 0xD0, 0x00, 0x00, 0x01,
    0x40, 0x00, 0x00, 0x00, 0x00, 0x00, 0x00, 0x00, 0x02, 0xFF, 0x80, 0x00, 0x01, 0xFF, 0xFF, 0x40,
    0x00, 0x3F, 0xEB, 0xFC, 0x00, 0x0F, 0xF0, 0x2F, 0xC0, 0x00, 0xFE, 0x01, 0xFC, 0x00, 0x2F, 0xD0,
    0x0F, 0x40, 0x03, 0xFC, 0x00, 0x00, 0x00, 0x3F, 0xC0, 0x00, 0x00, 0x03, 0xFC, 0x00, 0x00, 0x0F,
    0xFF, 0xFF, 0xF0, 0x01, 0xFF, 0xFF, 0xFF, 0x00, 0x05, 0xBF, 0xD5, 0x50, 0x00, 0x0B, 0xF4, 0x00,
    0x00, 0x00, 0xBF, 0x40, 0x00, 0x00, 0x0F, 0xF0, 0x00, 0x00, 0x00, 0xFE, 0x00, 0x00, 0x00, 0x1F,
    0xD0, 0x00, 0x14, 0x3F, 0xFF, 0xFF, 0xFF, 0xC3, 0xFF, 0xFF, 0xFF, 0xF8, 0x2F, 0xEF, 0xFF, 0xFF,
    0x40, 0x64, 0x00, 0x05, 0x40, 0x00, 0x00, 0x00, 0x00, 0x3D, 0x01, 0x50, 0x3C, 0x7F, 0xBF, 0xFE,
    0xFD, 0x1F, 0xFF, 0xFF, 0xF4, 0x03, 0xFD, 0x7F, 0xD0, 0x07, 0xF0, 0x0F, 0xE0, 0x0B, 0xE0, 0x0B,
    0xE0, 0x0B, 0xE0, 0x07, 0xE0, 0x0B, 0xF0, 0x0B, 0xE0, 0x07, 0xF4, 0x1F, 0xC0, 0x0B, 0xFF, 0xFF,
    0xF0, 0x3F, 0xFF, 0xFF, 0xFD, 0x3E, 0x1B, 0xE0, 0xBD, 0x18, 0x00, 0x00, 0x14, 0x3F, 0xFF, 0xD0,
    0xBF, 0xFD, 0x7F, 0xFF, 0xC0, 0xFF, 0xFD, 0x1F, 0xFE, 0x00, 0x6F, 0xF4, 0x03, 0xFE, 0x00, 0x1F,
    0xC0, 0x02, 0xFF, 0x00, 0x3F, 0x80, 0x00, 0xFF, 0x80, 0x7F, 0x00, 0x00, 0x7F, 0xC0, 0xFD, 0x00,
    0x00, 0x3F, 0xD1, 0xFC, 0x00, 0x01, 0x6F, 0xF3, 0xF9, 0x40, 0x03, 0xFF, 0xFB, 0xFF, 0xD0, 0x01,
    0xFF, 0xFF, 0xFF, 0x80, 0x00, 0x01, 0xFF, 0x80, 0x00, 0x01, 0xFF, 0xFF, 0xFF, 0xC0, 0x00, 0xFF,
    0xFF, 0xFF, 0x80, 0x00, 0x55, 0xFF, 0x95, 0x00, 0x00, 0x00, 0xFF, 0x40, 0x00, 0x00, 0x00, 0xFF,
    0x40, 0x00, 0x00, 0x06, 0xFF, 0xE4, 0x00, 0x00, 0x3F, 0xFF, 0xFD, 0x00, 0x00, 0x3F, 0xFF, 0xFC,
    0x00, 0x00, 0x0F, 0xD3, 0xF4, 0xFD, 0x3F, 0x4F, 0xD3, 0xF4, 0xFD, 0x3F, 0x4F, 0xD3, 0xF4, 0x00,
    0x00, 0x00, 0x00, 0x00, 0x00, 0x2A, 0x0F, 0xD3, 0xF4, 0xFD, 0x3F, 0x4F, 0xD3, 0xF4, 0xFD, 0x3F,
    0x4F, 0xD1, 0x50, 0x00, 0x2F, 0xE0, 0x00, 0xBF, 0xFF, 0x40, 0xBE, 0x6F, 0xF0, 0xBD, 0x01, 0xFC,
    0x3F, 0x00, 0x3D, 0x1F, 0xE0, 0x00, 0x0B, 0xFE, 0x00, 0x03, 0xDF, 0xF8, 0x00, 0xF4, 0xFF, 0xD0,
    0x2E, 0x0B, 0xFE, 0x07, 0xD0, 0x3F, 0xE0, 0xFE, 0x01, 0xFD, 0x1F, 0xF4, 0x0F, 0x81, 0xFF, 0xC2,
    0xF0, 0x0F, 0xFD, 0x7C, 0x00, 0x7F, 0xEF, 0x00, 0x02, 0xFF, 0x8F, 0x00, 0x2F, 0xDB, 0xD0, 0x07,
    0xF3, 0xFD, 0x03, 0xF0, 0xBF, 0xFF, 0xF4, 0x0B, 0xFF, 0xF0, 0x00, 0x1A, 0x80, 0x00, 0x00, 0x00,
    0x00, 0x3F, 0x42, 0xF8, 0x7F, 0xC7, 0xFC, 0x7F, 0xC3, 0xFC, 0x2E, 0x02, 0xE0, 0x00, 0x00, 0x15,
    0x40, 0x00, 0x00, 0x00, 0x7F, 0xFF, 0xE0, 0x00, 0x00, 0x3F, 0x90, 0x5B, 0xE0, 0x00, 0x0F, 0x80,
    0x00, 0x0B, 0x80, 0x03, 0xD0, 0x00, 0x00, 0x2E, 0x00, 0xB4, 0x02, 0xFF, 0x40, 0xB4, 0x0F, 0x01,
    0xFF, 0xFC, 0x03, 0xC2, 0xD0, 0x3F, 0x07, 0xC0, 0x2C, 0x3C, 0x0B, 0xC0, 0x38, 0x01, 0xE3, 0xC0,
    0xFC, 0x00, 0x00, 0x0E, 0x38, 0x0F, 0xC0, 0x00, 0x00, 0xF3, 0x80, 0xFC, 0x00, 0x00, 0x0F, 0x3C,
    0x0F, 0xC0, 0x00, 0x00, 0xE3, 0xC0, 0xFE, 0x00, 0x00, 0x1E, 0x2D, 0x07, 0xFE, 0x6C, 0x02, 0xC0,
    0xE0, 0x2F, 0xFF, 0xC0, 0x3C, 0x0B, 0x40, 0x6F, 0xE0, 0x0B, 0x40, 0x3D, 0x00, 0x00, 0x02, 0xE0,
    0x00, 0xF4, 0x00, 0x00, 0xBC, 0x00, 0x03, 0xF9, 0x01, 0xBE, 0x00, 0x00, 0x07, 0xFF, 0xFE, 0x00,
    0x00, 0x00, 0x01, 0x55, 0x00, 0x00, 0x01, 0xA4, 0x00, 0x7F, 0xFC, 0x03, 0xF6, 0xF4, 0x0B, 0x43,
    0xE0, 0x00, 0x1F, 0x80, 0x7F, 0xFE, 0x03, 0xE5, 0xF8, 0x1F, 0x03, 0xE0, 0x7E, 0x7F, 0xF4, 0xFF,
    0xEF, 0xC0, 0x64, 0x14, 0x00, 0x00, 0x00, 0x3F, 0xFF, 0xF1, 0xFF, 0xFF, 0x41, 0x55, 0x40, 0x00,
    0x00, 0x0E, 0x00, 0x2C, 0x00, 0x7F, 0x00, 0xFD, 0x02, 0xFD, 0x07, 0xF8, 0x0B, 0xF4, 0x1F, 0xF0,
    0x3F, 0xE0, 0xBF, 0xC0, 0x3F, 0xC0, 0xFF, 0x40, 0x3F, 0xE0, 0xBF, 0xC0, 0x0F, 0xF4, 0x2F, 0xE0,
    0x03, 0xFD, 0x0B, 0xF8, 0x00, 0xBF, 0x01, 0xFD, 0x00, 0x1F, 0x00, 0x3D, 0x00, 0x00, 0x00, 0x00,
    0x15, 0x55, 0x55, 0x47, 0xFF, 0xFF, 0xFD, 0x7F, 0xFF, 0xFF, 0xD1, 0x55, 0x55, 0xFD, 0x00, 0x00,
    0x0B, 0xD0, 0x00, 0x00, 0xBD, 0x00, 0x00, 0x0B, 0xD0, 0x00, 0x00, 0x69, 0x00, 0x00, 0x2F, 0xFF,
    0xFF, 0xFF, 0xFF, 0xFF, 0xFE, 0x00, 0x00, 0x00, 0x00, 0x01, 0x50, 0x00, 0x00, 0x1F, 0xFF, 0xD0,
    0x00, 0x2E, 0x00, 0x2E, 0x00, 0x2D, 0x00, 0x01, 0xD0, 0x0D, 0x3F, 0xF4, 0x2C, 0x0B, 0x07, 0x8F,
    0x03, 0x83, 0x80, 0xE2, 0xD0, 0xB0, 0xD0, 0x3D, 0xF0, 0x2C, 0x34, 0x0F, 0xF0, 0x0B, 0x0E, 0x03,
    0xEE, 0x02, 0xC3, 0xC1, 0xF3, 0xE0, 0xE0, 0x70, 0xFE, 0x3D, 0x74, 0x0F, 0x00, 0x00, 0x38, 0x00,
    0xF4, 0x00, 0x7C, 0x00, 0x0B, 0xEA, 0xF8, 0x00, 0x00, 0x1A, 0x90, 0x00, 0x2F, 0xFF, 0xF4, 0xFF,
    0xFF, 0xE3, 0xFF, 0xFF, 0x40, 0x00, 0x00, 0x00, 0x0B, 0xFD, 0x00, 0xFF, 0xFE, 0x0F, 0xFB, 0xFD,
    0x7F, 0x02, 0xF9, 0xF4, 0x03, 0xFB, 0xD0, 0x0F, 0xDF, 0xC0, 0xBE, 0x3F, 0xEF, 0xF0, 0x7F, 0xFF,
    0x40, 0x6F, 0xE4, 0x00, 0x00, 0x00, 0x00, 0x2F, 0x80, 0x00, 0x02, 0xF8, 0x00, 0x00, 0x2F, 0x80,
    0x00, 0x02, 0xF8, 0x00, 0x00, 0x2F, 0x80, 0x07, 0xFF, 0xFF, 0xFD, 0x7F, 0xFF, 0xFF, 0xD2, 0xAB,
    0xFE, 0xA9, 0x00, 0x2F, 0x80, 0x00, 0x02, 0xF8, 0x00, 0x00, 0x2F, 0x80, 0x00, 0x02, 0xF8, 0x00,
    0x00, 0x1F, 0x40, 0x00, 0x00, 0x00, 0x00, 0x2A, 0xAA, 0xAA, 0x97, 0xFF, 0xFF, 0xFD, 0x7F, 0xFF,
    0xFF, 0xD0, 0x00, 0x00, 0x00, 0x02, 0xFE, 0x00, 0x7F, 0xFF, 0x43, 0xFE, 0xFF, 0x1F, 0xC1, 0xFD,
    0x3E, 0x07, 0xF0, 0x00, 0x2F, 0xC0, 0x01, 0xFD, 0x00, 0x1F, 0xD0, 0x02, 0xFD, 0x00, 0x2F, 0xC0,
    0x03, 0xFE, 0xAA, 0x5F, 0xFF, 0xFF, 0x3F, 0xFF, 0xF8, 0x00, 0x00, 0x00, 0x02, 0xFE, 0x00, 0xBF,
    0xFF, 0x43, 0xF5, 0xFF, 0x0F, 0x01, 0xFC, 0x00, 0x0F, 0xE0, 0x01, 0xFE, 0x00, 0x7F, 0xF8, 0x00,
    0xEB, 0xFC, 0x00, 0x07, 0xF0, 0x00, 0x1F, 0xC0, 0x01, 0xFF, 0x1F, 0xFF, 0xF0, 0x3F, 0xFE, 0x00,
    0x6A, 0x40, 0x00, 0x00, 0x00, 0x78, 0x0F, 0xC2, 0xFC, 0x3F, 0x8B, 0xE0, 0x78, 0x01, 0x00, 0x01,
    0x50, 0x00, 0x14, 0x00, 0xBF, 0xC0, 0x1F, 0xF0, 0x03, 0xFE, 0x00, 0xBF, 0xC0, 0x0F, 0xF8, 0x02,
    0xFF, 0x00, 0x3F, 0xE0, 0x0B, 0xFC, 0x00, 0xFF, 0x80, 0x2F, 0xF0, 0x03, 0xFE, 0x00, 0xBF, 0xC0,
    0x0F, 0xF8, 0x02, 0xFF, 0x00, 0x3F, 0xE0, 0x0B, 0xFC, 0x00, 0xFF, 0x80, 0x2F, 0xF0, 0x03, 0xFE,
    0x00, 0xFF, 0xC0, 0x0F, 0xFC, 0x03, 0xFF, 0x00, 0x3F, 0xF4, 0x2F, 0xFC, 0x00, 0xFF, 0xFF, 0xFB,
    0xFE, 0x93, 0xFF, 0xFF, 0xCF, 0xFF, 0x4F, 0xFF, 0xFC, 0x1F, 0xF8, 0x3F, 0x85, 0x40, 0x05, 0x00,
    0xFF, 0x00, 0x00, 0x00, 0x03, 0xFC, 0x00, 0x00, 0x00, 0x0F, 0xF4, 0x00, 0x00, 0x00, 0x7F, 0xD0,
    0x00, 0x00, 0x01, 0xFF, 0x00, 0x00, 0x00, 0x02, 0x90, 0x00, 0x00, 0x00, 0x00, 0x00, 0x00, 0x00,
    0x00, 0x00, 0x0B, 0xFF, 0xFF, 0xD0, 0x2F, 0xFF, 0xFF, 0xF0, 0x3F, 0xFF, 0xEF, 0xD0, 0x2F, 0xFF,
    0xE3, 0xF0, 0x0F, 0xFF, 0xF8, 0xFC, 0x07, 0xFF, 0xFE, 0x3F, 0x01, 0xFF, 0xFF, 0x8F, 0xC0, 0xBF,
    0xFF, 0xE3, 0xF0, 0x1F, 0xFF, 0xF8, 0xFC, 0x03, 0xFF, 0xFE, 0x3F, 0x00, 0xBF, 0xFF, 0x8F, 0xC0,
    0x0F, 0xFF, 0xE3, 0xF0, 0x00, 0xFE, 0xF8, 0xFC, 0x00, 0x00, 0x3E, 0x3F, 0x00, 0x00, 0x0F, 0x8F,
    0xC0, 0x00, 0x03, 0xE3, 0xF0, 0x00, 0x00, 0xF8, 0xFC, 0x00, 0x00, 0x3E, 0x3F, 0x00, 0x00, 0x0F,
    0x8F, 0xC0, 0x00, 0x03, 0xE3, 0xF0, 0x00, 0x00, 0xF8, 0xF8, 0x00, 0x00, 0x3E, 0x3C, 0x00, 0x00,
    0x0F, 0x40, 0x00, 0x00, 0x03, 0xC0, 0x00, 0x00, 0x00, 0x00, 0x00, 0x00, 0x01, 0x03, 0xFD, 0x7F,
    0xE7, 0xFE, 0x3F, 0xD0, 0x00, 0x1A, 0x0B, 0xFC, 0x2F, 0xE0, 0xBD, 0x0F, 0xC7, 0xF0, 0x64, 0x00,
    0x00, 0x1C, 0x00, 0x6F, 0xE0, 0x3F, 0xFE, 0x01, 0xFF, 0xE0, 0x00, 0xFE, 0x00, 0x0F, 0xE0, 0x00,
    0xFE, 0x00, 0x0F, 0xE0, 0x00, 0xFE, 0x00, 0x0F, 0xE0, 0x00, 0xFE, 0x01, 0xFF, 0xFF, 0x2F, 0xFF,
    0xF0, 0x00, 0x00, 0x01, 0xA9, 0x00, 0x3F, 0xFF, 0x03, 0xF9, 0xFF, 0x1F, 0x40, 0xFD, 0xBC, 0x02,
    0xF6, 0xF0, 0x07, 0xDB, 0xD0, 0x2F, 0x5F, 0x80, 0xFC, 0x3F, 0xEF, 0xD0, 0x3F, 0xFE, 0x00, 0x16,
    0x40, 0x00, 0x00, 0x00, 0x1F, 0xFF, 0xE0, 0xFF, 0xFF, 0x40, 0x55, 0x40, 0x00, 0x38, 0x00, 0xB4,
    0x00, 0xBF, 0x40, 0xFE, 0x00, 0x2F, 0xD0, 0x7F, 0x80, 0x0F, 0xF8, 0x2F, 0xF0, 0x03, 0xFE, 0x0B,
    0xFC, 0x01, 0xFF, 0x03, 0xFC, 0x03, 0xFE, 0x0B, 0xFC, 0x0B, 0xF8, 0x1F, 0xF0, 0x2F, 0xD0, 0x3F,
    0x80, 0x7F, 0x40, 0xFE, 0x00, 0x7C, 0x00, 0xF4, 0x00, 0x00, 0x00, 0x00, 0x00, 0x00, 0x00, 0x00,
    0x00, 0x00, 0x00, 0x00, 0x00, 0x00, 0x00, 0x00, 0x00, 0x0E, 0x00, 0x00, 0x00, 0x2D, 0x00, 0x00,
    0x03, 0xF8, 0x00, 0x01, 0xBF, 0xE0, 0x00, 0x00, 0x7F, 0x00, 0x00, 0x3F, 0xFE, 0x00, 0x00, 0x0F,
    0xD0, 0x00, 0x01, 0xAF, 0xE0, 0x00, 0x01, 0xFC, 0x00, 0x00, 0x00, 0xFE, 0x00, 0x00, 0x3F, 0x40,
    0x00, 0x00, 0x0F, 0xE0, 0x00, 0x07, 0xE0, 0x00, 0x00, 0x00, 0xFE, 0x00, 0x00, 0xFC, 0x00, 0x00,
    0x00, 0x0F, 0xE0, 0x00, 0x1F, 0x80, 0x0A, 0xD0, 0x00, 0xFE, 0x00, 0x03, 0xF0, 0x02, 0xFD, 0x00,
    0x0F, 0xE0, 0x00, 0x7D, 0x00, 0x7F, 0xD0, 0x00, 0xFE, 0x00, 0x0F, 0xC0, 0x0F, 0xFD, 0x01, 0xFF,
    0xFF, 0x02, 0xF4, 0x03, 0xFB, 0xD0, 0x2F, 0xFF, 0xF0, 0x3F, 0x00, 0xBC, 0xBD, 0x00, 0x00, 0x00,
    0x0B, 0xD0, 0x1F, 0x4B, 0xD0, 0x00, 0x00, 0x01, 0xFC, 0x03, 0xE0, 0xBD, 0x00, 0x00, 0x00, 0x3F,
    0x00, 0xFE, 0xAF, 0xE9, 0x00, 0x00, 0x07, 0xE0, 0x0F, 0xFF, 0xFF, 0xE0, 0x00, 0x00, 0xFC, 0x00,
    0x2A, 0xAF, 0xE9, 0x00, 0x00, 0x2F, 0x80, 0x00, 0x00, 0xBD, 0x00, 0x00, 0x07, 0xF0, 0x00, 0x00,
    0x0B, 0xD0, 0x00, 0x00, 0xBE, 0x00, 0x00, 0x00, 0x54, 0x00, 0x00, 0x01, 0xC0, 0x00, 0x00, 0x00,
    0x00, 0x00, 0x00, 0x00, 0x00, 0x00, 0x00, 0x00, 0x00, 0x00, 0x00, 0x00, 0x00, 0x00, 0x00, 0x00,
    0x00, 0x00, 0x00, 0x00, 0x00, 0x38, 0x00, 0x00, 0x00, 0x2D, 0x00, 0x00, 0x0B, 0xE0, 0x00, 0x01,
    0xBF, 0xE0, 0x00, 0x00, 0xFC, 0x00, 0x00, 0x3F, 0xFE, 0x00, 0x00, 0x2F, 0x80, 0x00, 0x01, 0xAF,
    0xE0, 0x00, 0x03, 0xF0, 0x00, 0x00, 0x00, 0xFE, 0x00, 0x00, 0xBD, 0x00, 0x00, 0x00, 0x0F, 0xE0,
    0x00, 0x0F, 0xC0, 0x00, 0x00, 0x00, 0xFE, 0x00, 0x02, 0xF4, 0x00, 0x00, 0x00, 0x0F, 0xE0, 0x00,
    0x3E, 0x02, 0xFF, 0x40, 0x00, 0xFE, 0x00, 0x0F, 0xC1, 0xFF, 0xFF, 0x00, 0x0F, 0xE0, 0x01, 0xF8,
    0x3F, 0xEF, 0xF4, 0x00, 0xFE, 0x00, 0x3F, 0x03, 0xF0, 0x3F, 0x81, 0xFF, 0xFF, 0x07, 0xE0, 0x2F,
    0x03, 0xF4, 0x2F, 0xFF, 0xF0, 0xFC, 0x00, 0x00, 0xBF, 0x00, 0x00, 0x00, 0x2F, 0x40, 0x00, 0x1F,
    0xD0, 0x00, 0x00, 0x03, 0xF0, 0x00, 0x07, 0xF4, 0x00, 0x00, 0x00, 0xFD, 0x00, 0x02, 0xFD, 0x00,
    0x00, 0x00, 0x1F, 0xC0, 0x00, 0xBF, 0x00, 0x00, 0x00, 0x03, 0xF4, 0x00, 0x3F, 0xFA, 0xA8, 0x00,
    0x00, 0xBF, 0x00, 0x03, 0xFF, 0xFF, 0xC0, 0x00, 0x0F, 0xC0, 0x00, 0x3F, 0xFF, 0xF8, 0x00, 0x01,
    0xF8, 0x00, 0x00, 0x00, 0x00, 0x00, 0x00, 0x03, 0x00, 0x00, 0x00, 0x00, 0x00, 0x00, 0x00, 0x00,
    0x00, 0x00, 0x00, 0x00, 0x00, 0x00, 0x00, 0x00, 0x00, 0x00, 0x00, 0x00, 0x00, 0x00, 0x00, 0x00,
    0x00, 0x2D, 0x00, 0x00, 0x07, 0xFF, 0x40, 0x00, 0x03, 0xF4, 0x00, 0x03, 0xFF, 0xFE, 0x00, 0x00,
    0xBF, 0x00, 0x00, 0x7E, 0x4F, 0xF0, 0x00, 0x0F, 0xC0, 0x00, 0x03, 0xC0, 0xBF, 0x00, 0x02, 0xF8,
    0x00, 0x00, 0x00, 0x0F, 0xD0, 0x00, 0x3F, 0x00, 0x00, 0x00, 0x1B, 0xF4, 0x00, 0x0B, 0xD0, 0x00,
    0x00, 0x07, 0xFF, 0xC0, 0x00, 0xFC, 0x00, 0x00, 0x00, 0x2A, 0xFF, 0x00, 0x2F, 0x40, 0x0A, 0xD0,
    0x00, 0x07, 0xF0, 0x03, 0xF0, 0x02, 0xFD, 0x00, 0x00, 0xBF, 0x00, 0xBC, 0x00, 0x7F, 0xD0, 0x00,
    0x6F, 0xE0, 0x1F, 0x80, 0x0F, 0xFD, 0x07, 0xFF, 0xFC, 0x03, 0xF0, 0x03, 0xFB, 0xD0, 0x3F, 0xFE,
    0x00, 0x7E, 0x00, 0xBC, 0xBD, 0x00, 0x54, 0x00, 0x0F, 0xC0, 0x1F, 0x4B, 0xD0, 0x00, 0x00, 0x02,
    0xF4, 0x03, 0xE0, 0xBD, 0x00, 0x00, 0x00, 0x3F, 0x00, 0xFE, 0xAF, 0xE9, 0x00, 0x00, 0x0F, 0xD0,
    0x0F, 0xFF, 0xFF, 0xE0, 0x00, 0x01, 0xFC, 0x00, 0x2A, 0xAF, 0xE9, 0x00, 0x00, 0x3F, 0x40, 0x00,
    0x00, 0xBD, 0x00, 0x00, 0x0B, 0xF0, 0x00, 0x00, 0x0B, 0xD0, 0x00, 0x00, 0xFD, 0x00, 0x00, 0x00,
    0x54, 0x00, 0x00, 0x01, 0x80, 0x00, 0x00, 0x00, 0x00, 0x00, 0x00, 0x00, 0x00, 0x00, 0x00, 0x00,
    0x00, 0x00, 0x0A, 0x40, 0x00, 0x3F, 0xE0, 0x00, 0x7F, 0xE0, 0x00, 0x3F, 0xD0, 0x00, 0x1A, 0x40,
    0x00, 0x00, 0x00, 0x00, 0x00, 0x40, 0x00, 0x07, 0xC0, 0x00, 0x07, 0xD0, 0x00, 0x6F, 0xE0, 0x07,
    0xFF, 0xE0, 0x1F, 0xFF, 0xE0, 0x3F, 0xFE, 0x40, 0x7F, 0x80, 0x00, 0xBD, 0x00, 0x00, 0x7D, 0x00,
    0x00, 0x7F, 0x00, 0x00, 0x3F, 0xC0, 0x14, 0x1F, 0xFF, 0xFC, 0x0B, 0xFF, 0xFD, 0x01, 0xFF, 0xFC,
    0x00, 0x2F, 0xF4, 0x00, 0x00, 0x00, 0x00, 0x00, 0x00, 0x00, 0x00, 0x00, 0x00, 0x0E, 0x00, 0x00,
    0x00, 0x00, 0x00, 0x7F, 0x00, 0x00, 0x00, 0x00, 0x02, 0xFF, 0x40, 0x00, 0x00, 0x00, 0x03, 0xFF,
    0xC0, 0x00, 0x00, 0x00, 0x01, 0xFF, 0x40, 0x00, 0x00, 0x00, 0x00, 0x18, 0x00, 0x00, 0x00, 0x00,
    0x00, 0x00, 0x00, 0x00, 0x00, 0x00, 0x01, 0x90, 0x00, 0x00, 0x00, 0x00, 0x7F, 0xC0, 0x00, 0x00,
    0x00, 0x03, 0xFF, 0x00, 0x00, 0x00, 0x00, 0x1F, 0xFE, 0x00, 0x00, 0x00, 0x00, 0xFF, 0xFC, 0x00,
    0x00, 0x00, 0x03, 0xFF, 0xF4, 0x00, 0x00, 0x00, 0x2F, 0x7F, 0xE0, 0x00, 0x00, 0x00, 0xFC, 0xBF,
    0xC0, 0x00, 0x00, 0x07, 0xE0, 0xFF, 0x40, 0x00, 0x00, 0x3F, 0x43, 0xFF, 0x00, 0x00, 0x01, 0xFC,
    0x0B, 0xFC, 0x00, 0x00, 0x0F, 0xE0, 0x0F, 0xF4, 0x00, 0x00, 0x3F, 0x95, 0x7F, 0xF0, 0x00, 0x02,
    0xFF, 0xFF, 0xFF, 0xC0, 0x00, 0x0F, 0xFF, 0xFF, 0xFF, 0x80, 0x00, 0x7F, 0x55, 0x57, 0xFF, 0x00,
    0x03, 0xFC, 0x00, 0x0B, 0xFD, 0x00, 0x1F, 0xD0, 0x00, 0x0F, 0xF8, 0x01, 0xFF, 0x90, 0x00, 0x7F,
    0xF9, 0x2F, 0xFF, 0xD0, 0x1F, 0xFF, 0xFC, 0xFF, 0xFF, 0x40, 0x7F, 0xFF, 0xF0, 0x00, 0x00, 0x00,
    0x00, 0x00, 0x00, 0x00, 0x00, 0x00, 0xD0, 0x00, 0x00, 0x00, 0x00, 0x1F, 0xC0, 0x00, 0x00, 0x00,
    0x03, 0xFF, 0x00, 0x00, 0x00, 0x00, 0x7F, 0xF8, 0x00, 0x00, 0x00, 0x03, 0xFE, 0x40, 0x00, 0x00,
    0x00, 0x05, 0x00, 0x00, 0x00, 0x00, 0x00, 0x00, 0x00, 0x00, 0x00, 0x00, 0x00, 0x01, 0x90, 0x00,
    0x00, 0x00, 0x00, 0x7F, 0xC0, 0x00, 0x00, 0x00, 0x03, 0xFF, 0x00, 0x00, 0x00, 0x00, 0x1F, 0xFE,
    0x00, 0x00, 0x00, 0x00, 0xFF, 0xFC, 0x00, 0x00, 0x00, 0x03, 0xFF, 0xF4, 0x00, 0x00, 0x00, 0x2F,
    0x7F, 0xE0, 0x00, 0x00, 0x00, 0xFC, 0xBF, 0xC0, 0x00, 0x00, 0x07, 0xE0, 0xFF, 0x40, 0x00, 0x00,
    0x3F, 0x43, 0xFF, 0x00, 0x00, 0x01, 0xFC, 0x0B, 0xFC, 0x00, 0x00, 0x0F, 0xE0, 0x0F, 0xF4, 0x00,
    0x00, 0x3F, 0x95, 0x7F, 0xF0, 0x00, 0x02, 0xFF, 0xFF, 0xFF, 0xC0, 0x00, 0x0F, 0xFF, 0xFF, 0xFF,
    0x80, 0x00, 0x7F, 0x55, 0x57, 0xFF, 0x00, 0x03, 0xFC, 0x00, 0x0B, 0xFD, 0x00, 0x1F, 0xD0, 0x00,
    0x0F, 0xF8, 0x01, 0xFF, 0x90, 0x00, 0x7F, 0xF9, 0x2F, 0xFF, 0xD0, 0x1F, 0xFF, 0xFC, 0xFF, 0xFF,
    0x40, 0x7F, 0xFF, 0xF0, 0x00, 0x00, 0x1F, 0x80, 0x00, 0x00, 0x00, 0x01, 0xFF, 0x80, 0x00, 0x00,
    0x00, 0x0F, 0xFF, 0xC0, 0x00, 0x00, 0x00, 0xFC, 0x3F, 0x80, 0x00, 0x00, 0x0F, 0xD0, 0x3F, 0x00,
    0x00, 0x00, 0x28, 0x00, 0x20, 0x00, 0x00, 0x00, 0x00, 0x00, 0x00, 0x00, 0x00, 0x00, 0x00, 0x64,
    0x00, 0x00, 0x00, 0x00, 0x1F, 0xF0, 0x00, 0x00, 0x00, 0x00, 0xFF, 0xC0, 0x00, 0x00, 0x00, 0x07,
    0xFF, 0x80, 0x00, 0x00, 0x00, 0x3F, 0xFF, 0x00, 0x00, 0x00, 0x00, 0xFF, 0xFD, 0x00, 0x00, 0x00,
    0x0B, 0xDF, 0xF8, 0x00, 0x00, 0x00, 0x3F, 0x2F, 0xF0, 0x00, 0x00, 0x01, 0xF8, 0x3F, 0xD0, 0x00,
    0x00, 0x0F, 0xD0, 0xFF, 0xC0, 0x00, 0x00, 0x7F, 0x02, 0xFF, 0x00, 0x00, 0x03, 0xF8, 0x03, 0xFD,
    0x00, 0x00, 0x0F, 0xE5, 0x5F, 0xFC, 0x00, 0x00, 0xBF, 0xFF, 0xFF, 0xF0, 0x00, 0x03, 0xFF, 0xFF,
    0xFF, 0xE0, 0x00, 0x1F, 0xD5, 0x55, 0xFF, 0xC0, 0x00, 0xFF, 0x00, 0x02, 0xFF, 0x40, 0x07, 0xF4,
    0x00, 0x03, 0xFE, 0x00, 0x7F, 0xE4, 0x00, 0x1F, 0xFE, 0x4B, 0xFF, 0xF4, 0x07, 0xFF, 0xFF, 0x3F,
    0xFF, 0xD0, 0x1F, 0xFF, 0xFC, 0x00, 0x00, 0x00, 0x00, 0x00, 0x00, 0x00, 0x1F, 0xF0, 0xB0, 0x00,
    0x00, 0x00, 0xFF, 0xFB, 0xE0, 0x00, 0x00, 0x03, 0xFB, 0xFF, 0x40, 0x00, 0x00, 0x0B, 0x07, 0xF8,
    0x00, 0x00, 0x00, 0x00, 0x01, 0x00, 0x00, 0x00, 0x00, 0x00, 0x00, 0x00, 0x00, 0x00, 0x00, 0x00,
    0x64, 0x00, 0x00, 0x00, 0x00, 0x1F, 0xF0, 0x00, 0x00, 0x00, 0x00, 0xFF, 0xC0, 0x00, 0x00, 0x00,
    0x07, 0xFF, 0x80, 0x00, 0x00, 0x00, 0x3F, 0xFF, 0x00, 0x00, 0x00, 0x00, 0xFF, 0xFD, 0x00, 0x00,
    0x00, 0x0B, 0xDF, 0xF8, 0x00, 0x00, 0x00, 0x3F, 0x2F, 0xF0, 0x00, 0x00, 0x01, 0xF8, 0x3F, 0xD0,
    0x00, 0x00, 0x0F, 0xD0, 0xFF, 0xC0, 0x00, 0x00, 0x7F, 0x02, 0xFF, 0x00, 0x00, 0x03, 0xF8, 0x03,
    0xFD, 0x00, 0x00, 0x0F, 0xE5, 0x5F, 0xFC, 0x00, 0x00, 0xBF, 0xFF, 0xFF, 0xF0, 0x00, 0x03, 0xFF,
    0xFF, 0xFF, 0xE0, 0x00, 0x1F, 0xD5, 0x55, 0xFF, 0xC0, 0x00, 0xFF, 0x00, 0x02, 0xFF, 0x40, 0x07,
    0xF4, 0x00, 0x03, 0xFE, 0x00, 0x7F, 0xE4, 0x00, 0x1F, 0xFE, 0x4B, 0xFF, 0xF4, 0x07, 0xFF, 0xFF,
    0x3F, 0xFF, 0xD0, 0x1F, 0xFF, 0xFC, 0x00, 0x06, 0x80, 0x69, 0x00, 0x00, 0x00, 0x7F, 0x83, 0xFC,
    0x00, 0x00, 0x02, 0xFF, 0x1F, 0xF0, 0x00, 0x00, 0x07, 0xF8, 0x3F, 0xC0, 0x00, 0x00, 0x01, 0x00,
    0x14, 0x00, 0x00, 0x00, 0x00, 0x00, 0x00, 0x00, 0x00, 0x00, 0x00, 0x19, 0x00, 0x00, 0x00, 0x00,
    0x07, 0xFC, 0x00, 0x00, 0x00, 0x00, 0x3F, 0xF0, 0x00, 0x00, 0x00, 0x01, 0xFF, 0xE0, 0x00, 0x00,
    0x00, 0x0F, 0xFF, 0xC0, 0x00, 0x00, 0x00, 0x3F, 0xFF, 0x40, 0x00, 0x00, 0x02, 0xF7, 0xFE, 0x00,
    0x00, 0x00, 0x0F, 0xCB, 0xFC, 0x00, 0x00, 0x00, 0x7E, 0x0F, 0xF4, 0x00, 0x00, 0x03, 0xF4, 0x3F,
    0xF0, 0x00, 0x00, 0x1F, 0xC0, 0xBF, 0xC0, 0x00, 0x00, 0xFE, 0x00, 0xFF, 0x40, 0x00, 0x03, 0xF9,
    0x57, 0xFF, 0x00, 0x00, 0x2F, 0xFF, 0xFF, 0xFC, 0x00, 0x00, 0xFF, 0xFF, 0xFF, 0xF8, 0x00, 0x07,
    0xF5, 0x55, 0x7F, 0xF0, 0x00, 0x3F, 0xC0, 0x00, 0xBF, 0xD0, 0x01, 0xFD, 0x00, 0x00, 0xFF, 0x80,
    0x1F, 0xF9, 0x00, 0x07, 0xFF, 0x92, 0xFF, 0xFD, 0x01, 0xFF, 0xFF, 0xCF, 0xFF, 0xF4, 0x07, 0xFF,
    0xFF, 0x00, 0x00, 0x00, 0x15, 0x00, 0x00, 0x00, 0x00, 0x02, 0xFF, 0x80, 0x00, 0x00, 0x00, 0x2F,
    0x6F, 0x40, 0x00, 0x00, 0x00, 0xF4, 0x3E, 0x00, 0x00, 0x00, 0x03, 0xD0, 0xF8, 0x00, 0x00, 0x00,
    0x0F, 0xDB, 0xC0, 0x00, 0x00, 0x00, 0x0F, 0xFD, 0x00, 0x00, 0x00, 0x00, 0x05, 0x40, 0x00, 0x00,
    0x00, 0x00, 0x01, 0x90, 0x00, 0x00, 0x00, 0x00, 0x7F, 0xC0, 0x00, 0x00, 0x00, 0x03, 0xFF, 0x00,
    0x00, 0x00, 0x00, 0x1F, 0xFE, 0x00, 0x00, 0x00, 0x00, 0xFF, 0xFC, 0x00, 0x00, 0x00, 0x03, 0xFF,
    0xF4, 0x00, 0x00, 0x00, 0x2F, 0x7F, 0xE0, 0x00, 0x00, 0x00, 0xFC, 0xBF, 0xC0, 0x00, 0x00, 0x07,
    0xE0, 0xFF, 0x40, 0x00, 0x00, 0x3F, 0x43, 0xFF, 0x00, 0x00, 0x01, 0xFC, 0x0B, 0xFC, 0x00, 0x00,
    0x0F, 0xE0, 0x0F, 0xF4, 0x00, 0x00, 0x3F, 0x95, 0x7F, 0xF0, 0x00, 0x02, 0xFF, 0xFF, 0xFF, 0xC0,
    0x00, 0x0F, 0xFF, 0xFF, 0xFF, 0x80, 0x00, 0x7F, 0x55, 0x57, 0xFF, 0x00, 0x03, 0xFC, 0x00, 0x0B,
    0xFD, 0x00, 0x1F, 0xD0, 0x00, 0x0F, 0xF8, 0x01, 0xFF, 0x90, 0x00, 0x7F, 0xF9, 0x2F, 0xFF, 0xD0,
    0x1F, 0xFF, 0xFC, 0xFF, 0xFF, 0x40, 0x7F, 0xFF, 0xF0, 0x00, 0x00, 0x00, 0x00, 0x00, 0x00, 0x00,
    0x00, 0x00, 0x0F, 0xFF, 0xFF, 0xFF, 0xFF, 0x40, 0x00, 0x03, 0xFF, 0xFF, 0xFF, 0xFF, 0xE0, 0x00,
    0x00, 0x0B, 0xFF, 0xFF, 0xFF, 0xF8, 0x00, 0x00, 0x03, 0xFB, 0xFD, 0x00, 0xBE, 0x00, 0x00, 0x02,
    0xFC, 0xFF, 0x40, 0x1F, 0x40, 0x00, 0x00, 0xFD, 0x3F, 0xD0, 0x02, 0x40, 0x00, 0x00, 0xBF, 0x0F,
    0xF4, 0x00, 0x00, 0x00, 0x00, 0x7F, 0x03, 0xFD, 0x00, 0x00, 0x00, 0x00, 0x3F, 0x80, 0xFF, 0xAA,
    0xA4, 0x00, 0x00, 0x1F, 0xC0, 0x3F, 0xFF, 0xFF, 0x00, 0x00, 0x0F, 0xE0, 0x0F, 0xFF, 0xFF, 0x80,
    0x00, 0x0B, 0xF9, 0x5B, 0xFE, 0x55, 0x40, 0x00, 0x03, 0xFF, 0xFF, 0xFF, 0x40, 0x00, 0x00, 0x02,
    0xFF, 0xFF, 0xFF, 0xD0, 0x00, 0x40, 0x01, 0xFD, 0x00, 0x1F, 0xF4, 0x00, 0x7C, 0x00, 0xFF, 0x00,
    0x03, 0xFD, 0x00, 0x3F, 0x00, 0x7F, 0x40, 0x00, 0xFF, 0x40, 0x1F, 0xC0, 0x7F, 0xD0, 0x01, 0xBF,
    0xFF, 0xFF, 0xF0, 0xFF, 0xFF, 0x02, 0xFF, 0xFF, 0xFF, 0xFC, 0x3F, 0xFF, 0xC0, 0xFF, 0xFF, 0xFF,
    0xFE, 0x00, 0x00, 0x00, 0x6A, 0x90, 0x00, 0x07, 0xFF, 0xFF, 0xC0, 0x0F, 0xFF, 0xFF, 0xF4, 0x0F,
    0xFF, 0xAB, 0xFD, 0x0B, 0xFD, 0x00, 0x3F, 0x47, 0xFD, 0x00, 0x0F, 0xD3, 0xFF, 0x00, 0x02, 0xF0,
    0xFF, 0x40, 0x00, 0x10, 0x7F, 0xC0, 0x00, 0x00, 0x2F, 0xF0, 0x00, 0x00, 0x0B, 0xFC, 0x00, 0x00,
    0x03, 0xFF, 0x00, 0x00, 0x00, 0xFF, 0xC0, 0x00, 0x00, 0x2F, 0xF4, 0x00, 0x00, 0x0B, 0xFE, 0x00,
    0x00, 0x01, 0xFF, 0xD0, 0x00, 0x00, 0x3F, 0xFD, 0x00, 0x00, 0x07, 0xFF, 0xF9, 0x5A, 0xF0, 0xBF,
    0xFF, 0xFF, 0xFC, 0x0B, 0xFF, 0xFF, 0xFD, 0x00, 0x2F, 0xFF, 0xFD, 0x00, 0x00, 0x15, 0x50, 0x00,
    0x00, 0x06, 0x80, 0x00, 0x00, 0x0B, 0xFC, 0x00, 0x00, 0x00, 0xBF, 0x80, 0x00, 0x00, 0x0B, 0xD0,
    0x00, 0x00, 0x07, 0xF0, 0x00, 0x00, 0x0B, 0xF0, 0x00, 0x00, 0x01, 0x90, 0x00, 0x00, 0x00, 0x00,
    0x00, 0x00, 0x00, 0x0D, 0x00, 0x00, 0x00, 0x0F, 0xE0, 0x00, 0x00, 0x03, 0xFF, 0x00, 0x00, 0x00,
    0xBF, 0xF4, 0x00, 0x00, 0x02, 0xFF, 0x00, 0x00, 0x00, 0x01, 0x40, 0x00, 0x00, 0x00, 0x00, 0x00,
    0x00, 0x00, 0x00, 0x00, 0x3F, 0xFF, 0xFF, 0xFF, 0xDF, 0xFF, 0xFF, 0xFF, 0xF4, 0x6F, 0xFF, 0xFF,
    0xFD, 0x07, 0xFD, 0x00, 0x2F, 0x41, 0xFF, 0x40, 0x07, 0xD0, 0x7F, 0xD0, 0x00, 0xE0, 0x1F, 0xF4,
    0x00, 0x00, 0x07, 0xFD, 0x00, 0x00, 0x01, 0xFF, 0xAA, 0xA8, 0x00, 0x7F, 0xFF, 0xFF, 0x40, 0x1F,
    0xFF, 0xFF, 0xC0, 0x07, 0xFE, 0x55, 0x50, 0x01, 0xFF, 0x40, 0x00, 0x00, 0x7F, 0xD0, 0x00, 0x00,
    0x1F, 0xF4, 0x00, 0x3D, 0x07, 0xFD, 0x00, 0x1F, 0x81, 0xFF, 0x40, 0x0F, 0xE1, 0xBF, 0xFF, 0xFF,
    0xF7, 0xFF, 0xFF, 0xFF, 0xFD, 0xFF, 0xFF, 0xFF, 0xFF, 0x00, 0x00, 0x00, 0x00, 0x00, 0x00, 0x00,
    0x01, 0xC0, 0x00, 0x00, 0x02, 0xF8, 0x00, 0x00, 0x07, 0xFF, 0x00, 0x00, 0x0B, 0xFF, 0x40, 0x00,
    0x03, 0xFE, 0x00, 0x00, 0x00, 0x90, 0x00, 0x00, 0x00, 0x00, 0x00, 0x00, 0x00, 0x00, 0x00, 0x00,
    0x3F, 0xFF, 0xFF, 0xFF, 0xDF, 0xFF, 0xFF, 0xFF, 0xF4, 0x6F, 0xFF, 0xFF, 0xFD, 0x07, 0xFD, 0x00,
    0x2F, 0x41, 0xFF, 0x40, 0x07, 0xD0, 0x7F, 0xD0, 0x00, 0xE0, 0x1F, 0xF4, 0x00, 0x00, 0x07, 0xFD,
    0x00, 0x00, 0x01, 0xFF, 0xAA, 0xA8, 0x00, 0x7F, 0xFF, 0xFF, 0x40, 0x1F, 0xFF, 0xFF, 0xC0, 0x07,
    0xFE, 0x55, 0x50, 0x01, 0xFF, 0x40, 0x00, 0x00, 0x7F, 0xD0, 0x00, 0x00, 0x1F, 0xF4, 0x00, 0x3D,
    0x07, 0xFD, 0x00, 0x1F, 0x81, 0xFF, 0x40, 0x0F, 0xE1, 0xBF, 0xFF, 0xFF, 0xF7, 0xFF, 0xFF, 0xFF,
    0xFD, 0xFF, 0xFF, 0xFF, 0xFF, 0x00, 0x00, 0x02, 0xF4, 0x00, 0x00, 0x02, 0xFF, 0x40, 0x00, 0x02,
    0xFF, 0xF4, 0x00, 0x01, 0xFC, 0x7F, 0x40, 0x02, 0xFC, 0x07, 0xE0, 0x00, 0x28, 0x00, 0x60, 0x00,
    0x00, 0x00, 0x00, 0x00, 0x00, 0x00, 0x00, 0x00, 0xFF, 0xFF, 0xFF, 0xFF, 0x7F, 0xFF, 0xFF, 0xFF,
    0xD1, 0xBF, 0xFF, 0xFF, 0xF4, 0x1F, 0xF4, 0x00, 0xBD, 0x07, 0xFD, 0x00, 0x1F, 0x41, 0xFF, 0x40,
    0x03, 0x80, 0x7F, 0xD0, 0x00, 0x00, 0x1F, 0xF4, 0x00, 0x00, 0x07, 0xFE, 0xAA, 0xA0, 0x01, 0xFF,
    0xFF, 0xFD, 0x00, 0x7F, 0xFF, 0xFF, 0x00, 0x1F, 0xF9, 0x55, 0x40, 0x07, 0xFD, 0x00, 0x00, 0x01,
    0xFF, 0x40, 0x00, 0x00, 0x7F, 0xD0, 0x00, 0xF4, 0x1F, 0xF4, 0x00, 0x7E, 0x07, 0xFD, 0x00, 0x3F,
    0x86, 0xFF, 0xFF, 0xFF, 0xDF, 0xFF, 0xFF, 0xFF, 0xF7, 0xFF, 0xFF, 0xFF, 0xFC, 0x00, 0xA4, 0x06,
    0x80, 0x00, 0xFF, 0x4B, 0xF8, 0x00, 0x3F, 0xD2, 0xFF, 0x00, 0x0B, 0xF0, 0x7F, 0x40, 0x00, 0x50,
    0x01, 0x00, 0x00, 0x00, 0x00, 0x00, 0x00, 0x00, 0x00, 0x00, 0x03, 0xFF, 0xFF, 0xFF, 0xFD, 0xFF,
    0xFF, 0xFF, 0xFF, 0x46, 0xFF, 0xFF, 0xFF, 0xD0, 0x7F, 0xD0, 0x02, 0xF4, 0x1F, 0xF4, 0x00, 0x7D,
    0x07, 0xFD, 0x00, 0x0E, 0x01, 0xFF, 0x40, 0x00, 0x00, 0x7F, 0xD0, 0x00, 0x00, 0x1F, 0xFA, 0xAA,
    0x80, 0x07, 0xFF, 0xFF, 0xF4, 0x01, 0xFF, 0xFF, 0xFC, 0x00, 0x7F, 0xE5, 0x55, 0x00, 0x1F, 0xF4,
    0x00, 0x00, 0x07, 0xFD, 0x00, 0x00, 0x01, 0xFF, 0x40, 0x03, 0xD0, 0x7F, 0xD0, 0x01, 0xF8, 0x1F,
    0xF4, 0x00, 0xFE, 0x1B, 0xFF, 0xFF, 0xFF, 0x7F, 0xFF, 0xFF, 0xFF, 0xDF, 0xFF, 0xFF, 0xFF, 0xF0,
    0x00, 0x00, 0x00, 0xA0, 0x00, 0x03, 0xF4, 0x00, 0x1F, 0xF8, 0x00, 0x3F, 0xFC, 0x00, 0x1B, 0xF8,
    0x00, 0x01, 0x90, 0x00, 0x00, 0x00, 0x00, 0x00, 0x03, 0xFF, 0xFF, 0xCF, 0xFF, 0xFF, 0x06, 0xFF,
    0x80, 0x07, 0xFD, 0x00, 0x1F, 0xF4, 0x00, 0x7F, 0xD0, 0x01, 0xFF, 0x40, 0x07, 0xFD, 0x00, 0x1F,
    0xF4, 0x00, 0x7F, 0xD0, 0x01, 0xFF, 0x40, 0x07, 0xFD, 0x00, 0x1F, 0xF4, 0x00, 0x7F, 0xD0, 0x01,
    0xFF, 0x40, 0x07, 0xFD, 0x00, 0x1F, 0xF4, 0x01, 0xBF, 0xF9, 0x3F, 0xFF, 0xFC, 0xFF, 0xFF, 0xF0,
    0x00, 0x00, 0x00, 0x00, 0x0A, 0x00, 0x01, 0xFD, 0x00, 0x2F, 0xF4, 0x03, 0xFF, 0xC0, 0x2F, 0xF4,
    0x00, 0x24, 0x00, 0x00, 0x00, 0x00, 0x00, 0x00, 0x03, 0xFF, 0xFF, 0xCF, 0xFF, 0xFF, 0x06, 0xFF,
    0x80, 0x07, 0xFD, 0x00, 0x1F, 0xF4, 0x00, 0x7F, 0xD0, 0x01, 0xFF, 0x40, 0x07, 0xFD, 0x00, 0x1F,
    0xF4, 0x00, 0x7F, 0xD0, 0x01, 0xFF, 0x40, 0x07, 0xFD, 0x00, 0x1F, 0xF4, 0x00, 0x7F, 0xD0, 0x01,
    0xFF, 0x40, 0x07, 0xFD, 0x00, 0x1F, 0xF4, 0x01, 0xBF, 0xF9, 0x3F, 0xFF, 0xFC, 0xFF, 0xFF, 0xF0,
    0x00, 0x7F, 0x00, 0x00, 0xFF, 0xC0, 0x03, 0xFF, 0xF0, 0x0F, 0xD2, 0xFC, 0x3F, 0x80, 0xBD, 0x19,
    0x00, 0x24, 0x00, 0x00, 0x00, 0x00, 0x00, 0x00, 0x3F, 0xFF, 0xFC, 0x3F, 0xFF, 0xFC, 0x06, 0xFF,
    0x80, 0x01, 0xFF, 0x40, 0x01, 0xFF, 0x40, 0x01, 0xFF, 0x40, 0x01, 0xFF, 0x40, 0x01, 0xFF, 0x40,
    0x01, 0xFF, 0x40, 0x01, 0xFF, 0x40, 0x01, 0xFF, 0x40, 0x01, 0xFF, 0x40, 0x01, 0xFF, 0x40, 0x01,
    0xFF, 0x40, 0x01, 0xFF, 0x40, 0x01, 0xFF, 0x40, 0x01, 0xFF, 0x40, 0x06, 0xFF, 0xE4, 0x3F, 0xFF,
    0xFC, 0x3F, 0xFF, 0xFC, 0x1A, 0x40, 0xA4, 0x3F, 0xC3, 0xFD, 0x7F, 0xC3, 0xFD, 0x3F, 0xC2, 0xFC,
    0x04, 0x00, 0x50, 0x00, 0x00, 0x00, 0x00, 0x00, 0x00, 0x3F, 0xFF, 0xFC, 0x3F, 0xFF, 0xFC, 0x06,
    0xFF, 0x80, 0x01, 0xFF, 0x40, 0x01, 0xFF, 0x40, 0x01, 0xFF, 0x40, 0x01, 0xFF, 0x40, 0x01, 0xFF,
    0x40, 0x01, 0xFF, 0x40, 0x01, 0xFF, 0x40, 0x01, 0xFF, 0x40, 0x01, 0xFF, 0x40, 0x01, 0xFF, 0x40,
    0x01, 0xFF, 0x40, 0x01, 0xFF, 0x40, 0x01, 0xFF, 0x40, 0x01, 0xFF, 0x40, 0x06, 0xFF, 0xE4, 0x3F,
    0xFF, 0xFC, 0x3F, 0xFF, 0xFC, 0x00, 0x15, 0x55, 0x40, 0x00, 0x03, 0xFF, 0xFF, 0xFF, 0xE0, 0x00,
    0x3F, 0xFF, 0xFF, 0xFF, 0xE0, 0x00, 0x6F, 0xF9, 0xAF, 0xFF, 0xC0, 0x01, 0xFF, 0x40, 0x2F, 0xFE,
    0x00, 0x1F, 0xF4, 0x00, 0x7F, 0xF4, 0x01, 0xFF, 0x40, 0x02, 0xFF, 0x80, 0x1F, 0xF4, 0x00, 0x0F,
    0xFC, 0x01, 0xFF, 0x40, 0x00, 0xFF, 0xC0, 0x1F, 0xF4, 0x00, 0x0B, 0xFD, 0x7F, 0xFF, 0xFF, 0x40,
    0xBF, 0xD7, 0xFF, 0xFF, 0xF4, 0x0B, 0xFC, 0x01, 0xFF, 0x40, 0x00, 0xBF, 0xC0, 0x1F, 0xF4, 0x00,
    0x0F, 0xFC, 0x01, 0xFF, 0x40, 0x00, 0xFF, 0x80, 0x1F, 0xF4, 0x00, 0x2F, 0xF0, 0x01, 0xFF, 0x40,
    0x07, 0xFE, 0x00, 0x1F, 0xF4, 0x06, 0xFF, 0x80, 0x06, 0xFF, 0xFF, 0xFF, 0xE0, 0x03, 0xFF, 0xFF,
    0xFF, 0xF4, 0x00, 0x3F, 0xFF, 0xFF, 0xE0, 0x00, 0x00, 0x00, 0x00, 0x00, 0x00, 0x00, 0x00, 0x00,
    0x10, 0x00, 0x00, 0x00, 0x00, 0x02, 0xFE, 0x0F, 0x00, 0x00, 0x00, 0x07, 0xFF, 0xAF, 0x00, 0x00,
    0x00, 0x07, 0xEF, 0xFF, 0x00, 0x00, 0x00, 0x03, 0x83, 0xFD, 0x00, 0x00, 0x00, 0x00, 0x00, 0x00,
    0x00, 0x00, 0x00, 0x00, 0x00, 0x00, 0x00, 0x00, 0x00, 0x00, 0x00, 0x00, 0x00, 0x00, 0x3F, 0xFF,
    0x00, 0x07, 0xFF, 0xFC, 0x3F, 0xFF, 0xC0, 0x0B, 0xFF, 0xFC, 0x0B, 0xFF, 0xE0, 0x01, 0xBF, 0xD0,
    0x02, 0xFF, 0xF4, 0x00, 0x3F, 0x80, 0x02, 0xFF, 0xFC, 0x00, 0x3F, 0x80, 0x02, 0xFF, 0xFE, 0x00,
    0x3F, 0x80, 0x02, 0xFF, 0xFF, 0x40, 0x3F, 0x80, 0x02, 0xFD, 0xFF, 0xC0, 0x3F, 0x80, 0x02, 0xFC,
    0xFF, 0xE0, 0x3F, 0x80, 0x02, 0xFC, 0x3F, 0xF4, 0x3F, 0x80, 0x02, 0xFC, 0x1F, 0xFC, 0x3F, 0x80,
    0x02, 0xFC, 0x0B, 0xFF, 0x3F, 0x80, 0x02, 0xFC, 0x03, 0xFF, 0x7F, 0x80, 0x02, 0xFC, 0x01, 0xFF,
    0xFF, 0x80, 0x02, 0xFC, 0x00, 0xBF, 0xFF, 0x80, 0x02, 0xFC, 0x00, 0x3F, 0xFF, 0x80, 0x02, 0xFC,
    0x00, 0x0F, 0xFF, 0x80, 0x07, 0xFE, 0x40, 0x0B, 0xFF, 0x80, 0x3F, 0xFF, 0xE0, 0x03, 0xFF, 0x80,
    0x3F, 0xFF, 0xD0, 0x00, 0xFF, 0x80, 0x00, 0x00, 0x00, 0x00, 0x54, 0x00, 0x00, 0x00, 0x00, 0x00,
    0x00, 0x00, 0x01, 0xC0, 0x00, 0x00, 0x00, 0x00, 0xFE, 0x00, 0x00, 0x00, 0x00, 0x3F, 0xF0, 0x00,
    0x00, 0x00, 0x0B, 0xFF, 0x40, 0x00, 0x00, 0x00, 0x6F, 0xF0, 0x00, 0x00, 0x00, 0x00, 0x14, 0x00,
    0x00, 0x00, 0x00, 0x00, 0x00, 0x00, 0x00, 0x00, 0x6A, 0x90, 0x00, 0x00, 0x07, 0xFF, 0xFF, 0x80,
    0x00, 0x0B, 0xFF, 0xFF, 0xFD, 0x00, 0x0F, 0xFF, 0xAB, 0xFF, 0xD0, 0x0B, 0xFD, 0x00, 0x3F, 0xFC,
    0x07, 0xFD, 0x00, 0x03, 0xFF, 0x83, 0xFF, 0x00, 0x00, 0x7F, 0xF0, 0xFF, 0x40, 0x00, 0x0F, 0xFC,
    0x7F, 0xD0, 0x00, 0x02, 0xFF, 0x6F, 0xF0, 0x00, 0x00, 0xBF, 0xDB, 0xFC, 0x00, 0x00, 0x2F, 0xF7,
    0xFF, 0x00, 0x00, 0x07, 0xFD, 0xFF, 0xC0, 0x00, 0x02, 0xFF, 0x6F, 0xF4, 0x00, 0x00, 0xBF, 0xC7,
    0xFE, 0x00, 0x00, 0x3F, 0xF0, 0xFF, 0xC0, 0x00, 0x0F, 0xF4, 0x3F, 0xF8, 0x00, 0x0F, 0xFC, 0x07,
    0xFF, 0x80, 0x0B, 0xFC, 0x00, 0xBF, 0xFF, 0xBF, 0xFD, 0x00, 0x0B, 0xFF, 0xFF, 0xFD, 0x00, 0x00,
    0x2F, 0xFF, 0xF8, 0x00, 0x00, 0x00, 0x55, 0x40, 0x00, 0x00, 0x00, 0x00, 0x00, 0x00, 0x00, 0x00,
    0x00, 0x00, 0x1C, 0x00, 0x00, 0x00, 0x00, 0x3F, 0x80, 0x00, 0x00, 0x00, 0x7F, 0xE0, 0x00, 0x00,
    0x00, 0xBF, 0xF4, 0x00, 0x00, 0x00, 0x7F, 0xE0, 0x00, 0x00, 0x00, 0x09, 0x00, 0x00, 0x00, 0x00,
    0x00, 0x00, 0x00, 0x00, 0x00, 0x00, 0x6A, 0x90, 0x00, 0x00, 0x07, 0xFF, 0xFF, 0x80, 0x00, 0x0B,
    0xFF, 0xFF, 0xFD, 0x00, 0x0F, 0xFF, 0xAB, 0xFF, 0xD0, 0x0B, 0xFD, 0x00, 0x3F, 0xFC, 0x07, 0xFD,
    0x00, 0x03, 0xFF, 0x83, 0xFF, 0x00, 0x00, 0x7F, 0xF0, 0xFF, 0x40, 0x00, 0x0F, 0xFC, 0x7F, 0xD0,
    0x00, 0x02, 0xFF, 0x6F, 0xF0, 0x00, 0x00, 0xBF, 0xDB, 0xFC, 0x00, 0x00, 0x2F, 0xF7, 0xFF, 0x00,
    0x00, 0x07, 0xFD, 0xFF, 0xC0, 0x00, 0x02, 0xFF, 0x6F, 0xF4, 0x00, 0x00, 0xBF, 0xC7, 0xFE, 0x00,
    0x00, 0x3F, 0xF0, 0xFF, 0xC0, 0x00, 0x0F, 0xF4, 0x3F, 0xF8, 0x00, 0x0F, 0xFC, 0x07, 0xFF, 0x80,
    0x0B, 0xFC, 0x00, 0xBF, 0xFF, 0xBF, 0xFD, 0x00, 0x0B, 0xFF, 0xFF, 0xFD, 0x00, 0x00, 0x2F, 0xFF,
    0xF8, 0x00, 0x00, 0x00, 0x55, 0x40, 0x00, 0x00, 0x00, 0x00, 0x3F, 0x00, 0x00, 0x00, 0x00, 0x3F,
    0xF4, 0x00, 0x00, 0x00, 0x2F, 0xFF, 0x40, 0x00, 0x00, 0x2F, 0x87, 0xF0, 0x00, 0x00, 0x2F, 0x80,
    0x7E, 0x00, 0x00, 0x02, 0x80, 0x05, 0x00, 0x00, 0x00, 0x00, 0x00, 0x00, 0x00, 0x00, 0x01, 0xAA,
    0x40, 0x00, 0x00, 0x1F, 0xFF, 0xFE, 0x00, 0x00, 0x2F, 0xFF, 0xFF, 0xF4, 0x00, 0x3F, 0xFE, 0xAF,
    0xFF, 0x40, 0x2F, 0xF4, 0x00, 0xFF, 0xF0, 0x1F, 0xF4, 0x00, 0x0F, 0xFE, 0x0F, 0xFC, 0x00, 0x01,
    0xFF, 0xC3, 0xFD, 0x00, 0x00, 0x3F, 0xF1, 0xFF, 0x40, 0x00, 0x0B, 0xFD, 0xBF, 0xC0, 0x00, 0x02,
    0xFF, 0x6F, 0xF0, 0x00, 0x00, 0xBF, 0xDF, 0xFC, 0x00, 0x00, 0x1F, 0xF7, 0xFF, 0x00, 0x00, 0x0B,
    0xFD, 0xBF, 0xD0, 0x00, 0x02, 0xFF, 0x1F, 0xF8, 0x00, 0x00, 0xFF, 0xC3, 0xFF, 0x00, 0x00, 0x3F,
    0xD0, 0xFF, 0xE0, 0x00, 0x3F, 0xF0, 0x1F, 0xFE, 0x00, 0x2F, 0xF0, 0x02, 0xFF, 0xFE, 0xFF, 0xF4,
    0x00, 0x2F, 0xFF, 0xFF, 0xF4, 0x00, 0x00, 0xBF, 0xFF, 0xE0, 0x00, 0x00, 0x01, 0x55, 0x00, 0x00,
    0x00, 0x00, 0x00, 0x40, 0x00, 0x00, 0x00, 0x02, 0xFE, 0x0E, 0x00, 0x00, 0x01, 0xFF, 0xEF, 0xC0,
    0x00, 0x00, 0xBE, 0xFF, 0xF0, 0x00, 0x00, 0x0E, 0x0F, 0xF4, 0x00, 0x00, 0x00, 0x00, 0x00, 0x00,
    0x00, 0x00, 0x00, 0x00, 0x00, 0x00, 0x00, 0x01, 0xAA, 0x40, 0x00, 0x00, 0x1F, 0xFF, 0xFE, 0x00,
    0x00, 0x2F, 0xFF, 0xFF, 0xF4, 0x00, 0x3F, 0xFE, 0xAF, 0xFF, 0x40, 0x2F, 0xF4, 0x00, 0xFF, 0xF0,
    0x1F, 0xF4, 0x00, 0x0F, 0xFE, 0x0F, 0xFC, 0x00, 0x01, 0xFF, 0xC3, 0xFD, 0x00, 0x00, 0x3F, 0xF1,
    0xFF, 0x40, 0x00, 0x0B, 0xFD, 0xBF, 0xC0, 0x00, 0x02, 0xFF, 0x6F, 0xF0, 0x00, 0x00, 0xBF, 0xDF,
    0xFC, 0x00, 0x00, 0x1F, 0xF7, 0xFF, 0x00, 0x00, 0x0B, 0xFD, 0xBF, 0xD0, 0x00, 0x02, 0xFF, 0x1F,
    0xF8, 0x00, 0x00, 0xFF, 0xC3, 0xFF, 0x00, 0x00, 0x3F, 0xD0, 0xFF, 0xE0, 0x00, 0x3F, 0xF0, 0x1F,
    0xFE, 0x00, 0x2F, 0xF0, 0x02, 0xFF, 0xFE, 0xFF, 0xF4, 0x00, 0x2F, 0xFF, 0xFF, 0xF4, 0x00, 0x00,
    0xBF, 0xFF, 0xE0, 0x00, 0x00, 0x01, 0x55, 0x00, 0x00, 0x00, 0x00, 0x0A, 0x40, 0xA8, 0x00, 0x00,
    0x0F, 0xF4, 0xBF, 0x80, 0x00, 0x03, 0xFD, 0x3F, 0xE0, 0x00, 0x00, 0xFF, 0x07, 0xF4, 0x00, 0x00,
    0x05, 0x00, 0x10, 0x00, 0x00, 0x00, 0x00, 0x00, 0x00, 0x00, 0x00, 0x06, 0xA9, 0x00, 0x00, 0x00,
    0x7F, 0xFF, 0xF8, 0x00, 0x00, 0xBF, 0xFF, 0xFF, 0xD0, 0x00, 0xFF, 0xFA, 0xBF, 0xFD, 0x00, 0xBF,
    0xD0, 0x03, 0xFF, 0xC0, 0x7F, 0xD0, 0x00, 0x3F, 0xF8, 0x3F, 0xF0, 0x00, 0x07, 0xFF, 0x0F, 0xF4,
    0x00, 0x00, 0xFF, 0xC7, 0xFD, 0x00, 0x00, 0x2F, 0xF6, 0xFF, 0x00, 0x00, 0x0B, 0xFD, 0xBF, 0xC0,
    0x00, 0x02, 0xFF, 0x7F, 0xF0, 0x00, 0x00, 0x7F, 0xDF, 0xFC, 0x00, 0x00, 0x2F, 0xF6, 0xFF, 0x40,
    0x00, 0x0B, 0xFC, 0x7F, 0xE0, 0x00, 0x03, 0xFF, 0x0F, 0xFC, 0x00, 0x00, 0xFF, 0x43, 0xFF, 0x80,
    0x00, 0xFF, 0xC0, 0x7F, 0xF8, 0x00, 0xBF, 0xC0, 0x0B, 0xFF, 0xFB, 0xFF, 0xD0, 0x00, 0xBF, 0xFF,
    0xFF, 0xD0, 0x00, 0x02, 0xFF, 0xFF, 0x80, 0x00, 0x00, 0x05, 0x54, 0x00, 0x00, 0x08, 0x00, 0x24,
    0x1F, 0x80, 0x2F, 0x4B, 0xF8, 0x2F, 0xE0, 0xBF, 0xAF, 0xE0, 0x0B, 0xFF, 0xF0, 0x00, 0xBF, 0xF0,
    0x00, 0x1F, 0xF8, 0x00, 0x1F, 0xFF, 0x40, 0x1F, 0xFF, 0xF4, 0x1F, 0xF0, 0xFF, 0x4B, 0xF0, 0x0F,
    0xE0, 0xB0, 0x00, 0xE0, 0x00, 0x00, 0x00, 0x00, 0x00, 0x00, 0x1A, 0xA4, 0x00, 0x40, 0x00, 0x1F,
    0xFF, 0xFE, 0x0B, 0xC0, 0x02, 0xFF, 0xFF, 0xFF, 0xFD, 0x00, 0x3F, 0xFE, 0xAF, 0xFF, 0xD0, 0x02,
    0xFF, 0x40, 0x0F, 0xFF, 0x00, 0x1F, 0xF4, 0x00, 0x0F, 0xFE, 0x00, 0xFF, 0xC0, 0x00, 0xBF, 0xFC,
    0x03, 0xFD, 0x00, 0x0B, 0xFF, 0xF0, 0x1F, 0xF4, 0x00, 0xBD, 0xFF, 0xD0, 0xBF, 0xC0, 0x0B, 0xD2,
    0xFF, 0x42, 0xFF, 0x00, 0xBD, 0x0B, 0xFD, 0x0F, 0xFC, 0x0B, 0xD0, 0x1F, 0xF4, 0x3F, 0xF0, 0xBD,
    0x00, 0xBF, 0xD0, 0xBF, 0xDB, 0xD0, 0x02, 0xFF, 0x02, 0xFF, 0xFD, 0x00, 0x0F, 0xFC, 0x03, 0xFF,
    0xD0, 0x00, 0x3F, 0xD0, 0x0F, 0xFE, 0x00, 0x03, 0xFF, 0x00, 0x1F, 0xFE, 0x00, 0x2F, 0xF4, 0x00,
    0xBF, 0xFF, 0xEF, 0xFF, 0x40, 0x0B, 0xEF, 0xFF, 0xFF, 0xF4, 0x00, 0x3C, 0x1B, 0xFF, 0xFE, 0x00,
    0x00, 0x00, 0x01, 0x65, 0x00, 0x00, 0x00, 0x00, 0x00, 0x00, 0x00, 0x00, 0x00, 0x00, 0x03, 0x40,
    0x00, 0x00, 0x00, 0x00, 0x2F, 0x80, 0x00, 0x00, 0x00, 0x00, 0xBF, 0xD0, 0x00, 0x00, 0x00, 0x01,
    0xFF, 0xE0, 0x00, 0x00, 0x00, 0x00, 0xBF, 0xD0, 0x00, 0x00, 0x00, 0x00, 0x06, 0x00, 0x00, 0x00,
    0x00, 0x00, 0x00, 0x00, 0x00, 0x00, 0x00, 0x00, 0x00, 0x00, 0x01, 0xFF, 0xFF, 0xD0, 0x7F, 0xFF,
    0xF7, 0xFF, 0xFF, 0x02, 0xFF, 0xFF, 0x46, 0xFF, 0xD0, 0x01, 0x7F, 0xE0, 0x03, 0xFF, 0x00, 0x00,
    0xFF, 0x00, 0x0F, 0xFC, 0x00, 0x03, 0xFC, 0x00, 0x3F, 0xF0, 0x00, 0x0F, 0xF0, 0x00, 0xFF, 0xC0,
    0x00, 0x3F, 0xC0, 0x03, 0xFF, 0x00, 0x00, 0xFF, 0x00, 0x0F, 0xFC, 0x00, 0x03, 0xFC, 0x00, 0x3F,
    0xF0, 0x00, 0x0F, 0xF0, 0x00, 0xFF, 0xC0, 0x00, 0x3F, 0xC0, 0x03, 0xFF, 0x00, 0x00, 0xFF, 0x00,
    0x0F, 0xFC, 0x00, 0x03, 0xFC, 0x00, 0x3F, 0xF0, 0x00, 0x0F, 0xF0, 0x00, 0xFF, 0xC0, 0x00, 0x7F,
    0xC0, 0x02, 0xFF, 0x40, 0x02, 0xFE, 0x00, 0x07, 0xFF, 0x40, 0x2F, 0xF4, 0x00, 0x0F, 0xFF, 0xFF,
    0xFF, 0xC0, 0x00, 0x0F, 0xFF, 0xFF, 0xFC, 0x00, 0x00, 0x0B, 0xFF, 0xFF, 0x80, 0x00, 0x00, 0x00,
    0x59, 0x40, 0x00, 0x00, 0x00, 0x00, 0x00, 0x00, 0x00, 0x00, 0x00, 0x00, 0x00, 0x34, 0x00, 0x00,
    0x00, 0x00, 0x0B, 0xF0, 0x00, 0x00, 0x00, 0x00, 0xFF, 0xC0, 0x00, 0x00, 0x00, 0x1F, 0xFE, 0x00,
    0x00, 0x00, 0x00, 0xFF, 0x90, 0x00, 0x00, 0x00, 0x01, 0x40, 0x00, 0x00, 0x00, 0x00, 0x00, 0x00,
    0x00, 0x00, 0x00, 0x00, 0x00, 0x00, 0x00, 0x01, 0xFF, 0xFF, 0xD0, 0x7F, 0xFF, 0xF7, 0xFF, 0xFF,
    0x02, 0xFF, 0xFF, 0x46, 0xFF, 0xD0, 0x01, 0x7F, 0xE0, 0x03, 0xFF, 0x00, 0x00, 0xFF, 0x00, 0x0F,
    0xFC, 0x00, 0x03, 0xFC, 0x00, 0x3F, 0xF0, 0x00, 0x0F, 0xF0, 0x00, 0xFF, 0xC0, 0x00, 0x3F, 0xC0,
    0x03, 0xFF, 0x00, 0x00, 0xFF, 0x00, 0x0F, 0xFC, 0x00, 0x03, 0xFC, 0x00, 0x3F, 0xF0, 0x00, 0x0F,
    0xF0, 0x00, 0xFF, 0xC0, 0x00, 0x3F, 0xC0, 0x03, 0xFF, 0x00, 0x00, 0xFF, 0x00, 0x0F, 0xFC, 0x00,
    0x03, 0xFC, 0x00, 0x3F, 0xF0, 0x00, 0x0F, 0xF0, 0x00, 0xFF, 0xC0, 0x00, 0x7F, 0xC0, 0x02, 0xFF,
    0x40, 0x02, 0xFE, 0x00, 0x07, 0xFF, 0x40, 0x2F, 0xF4, 0x00, 0x0F, 0xFF, 0xFF, 0xFF, 0xC0, 0x00,
    0x0F, 0xFF, 0xFF, 0xFC, 0x00, 0x00, 0x0B, 0xFF, 0xFF, 0x80, 0x00, 0x00, 0x00, 0x59, 0x40, 0x00,
    0x00, 0x00, 0x00, 0x0B, 0xE0, 0x00, 0x00, 0x00, 0x00, 0x7F, 0xE0, 0x00, 0x00, 0x00, 0x07, 0xFF,
    0xE0, 0x00, 0x00, 0x00, 0x7F, 0x0F, 0xE0, 0x00, 0x00, 0x07, 0xF0, 0x0F, 0xC0, 0x00, 0x00, 0x0A,
    0x00, 0x08, 0x00, 0x00, 0x00, 0x00, 0x00, 0x00, 0x00, 0x00, 0x00, 0x00, 0x00, 0x00, 0x00, 0x7F,
    0xFF, 0xF4, 0x1F, 0xFF, 0xFD, 0xFF, 0xFF, 0xC0, 0xBF, 0xFF, 0xD1, 0xBF, 0xF4, 0x00, 0x5F, 0xF8,
    0x00, 0xFF, 0xC0, 0x00, 0x3F, 0xC0, 0x03, 0xFF, 0x00, 0x00, 0xFF, 0x00, 0x0F, 0xFC, 0x00, 0x03,
    0xFC, 0x00, 0x3F, 0xF0, 0x00, 0x0F, 0xF0, 0x00, 0xFF, 0xC0, 0x00, 0x3F, 0xC0, 0x03, 0xFF, 0x00,
    0x00, 0xFF, 0x00, 0x0F, 0xFC, 0x00, 0x03, 0xFC, 0x00, 0x3F, 0xF0, 0x00, 0x0F, 0xF0, 0x00, 0xFF,
    0xC0, 0x00, 0x3F, 0xC0, 0x03, 0xFF, 0x00, 0x00, 0xFF, 0x00, 0x0F, 0xFC, 0x00, 0x03, 0xFC, 0x00,
    0x3F, 0xF0, 0x00, 0x1F, 0xF0, 0x00, 0xBF, 0xD0, 0x00, 0xBF, 0x80, 0x01, 0xFF, 0xD0, 0x0B, 0xFD,
    0x00, 0x03, 0xFF, 0xFF, 0xFF, 0xF0, 0x00, 0x03, 0xFF, 0xFF, 0xFF, 0x00, 0x00, 0x02, 0xFF, 0xFF,
    0xE0, 0x00, 0x00, 0x00, 0x16, 0x50, 0x00, 0x00, 0x00, 0x02, 0xA0, 0x1A, 0x00, 0x00, 0x00, 0x2F,
    0xE1, 0xFF, 0x00, 0x00, 0x00, 0xFF, 0x87, 0xFC, 0x00, 0x00, 0x01, 0xFD, 0x0F, 0xE0, 0x00, 0x00,
    0x00, 0x40, 0x04, 0x00, 0x00, 0x00, 0x00, 0x00, 0x00, 0x00, 0x00, 0x00, 0x00, 0x00, 0x00, 0x00,
    0x1F, 0xFF, 0xFD, 0x07, 0xFF, 0xFF, 0x7F, 0xFF, 0xF0, 0x2F, 0xFF, 0xF4, 0x6F, 0xFD, 0x00, 0x17,
    0xFE, 0x00, 0x3F, 0xF0, 0x00, 0x0F, 0xF0, 0x00, 0xFF, 0xC0, 0x00, 0x3F, 0xC0, 0x03, 0xFF, 0x00,
    0x00, 0xFF, 0x00, 0x0F, 0xFC, 0x00, 0x03, 0xFC, 0x00, 0x3F, 0xF0, 0x00, 0x0F, 0xF0, 0x00, 0xFF,
    0xC0, 0x00, 0x3F, 0xC0, 0x03, 0xFF, 0x00, 0x00, 0xFF, 0x00, 0x0F, 0xFC, 0x00, 0x03, 0xFC, 0x00,
    0x3F, 0xF0, 0x00, 0x0F, 0xF0, 0x00, 0xFF, 0xC0, 0x00, 0x3F, 0xC0, 0x03, 0xFF, 0x00, 0x00, 0xFF,
    0x00, 0x0F, 0xFC, 0x00, 0x07, 0xFC, 0x00, 0x2F, 0xF4, 0x00, 0x2F, 0xE0, 0x00, 0x7F, 0xF4, 0x02,
    0xFF, 0x40, 0x00, 0xFF, 0xFF, 0xFF, 0xFC, 0x00, 0x00, 0xFF, 0xFF, 0xFF, 0xC0, 0x00, 0x00, 0xBF,
    0xFF, 0xF8, 0x00, 0x00, 0x00, 0x05, 0x94, 0x00, 0x00, 0x00, 0x00, 0x00, 0x00, 0x00, 0x00, 0x00,
    0x00, 0x1C, 0x00, 0x00, 0x00, 0x00, 0x3F, 0x80, 0x00, 0x00, 0x00, 0x7F, 0xE0, 0x00, 0x00, 0x00,
    0xBF, 0xF0, 0x00, 0x00, 0x00, 0x7F, 0xE0, 0x00, 0x00, 0x00, 0x09, 0x00, 0x00, 0x00, 0x00, 0x00,
    0x00, 0x00, 0x00, 0x00, 0x00, 0x00, 0x00, 0x00, 0x1F, 0xFF, 0xFC, 0x2F, 0xFF, 0xEB, 0xFF, 0xFE,
    0x0B, 0xFF, 0xF4, 0x7F, 0xFD, 0x00, 0x3F, 0xE0, 0x03, 0xFF, 0x00, 0x0F, 0xF0, 0x00, 0x7F, 0xE0,
    0x07, 0xF0, 0x00, 0x0F, 0xFC, 0x03, 0xF8, 0x00, 0x00, 0xFF, 0x81, 0xFC, 0x00, 0x00, 0x2F, 0xF0,
    0xFD, 0x00, 0x00, 0x03, 0xFE, 0x7F, 0x00, 0x00, 0x00, 0x7F, 0xFF, 0x00, 0x00, 0x00, 0x0F, 0xFF,
    0x80, 0x00, 0x00, 0x00, 0xFF, 0xC0, 0x00, 0x00, 0x00, 0x3F, 0xF0, 0x00, 0x00, 0x00, 0x0F, 0xFC,
    0x00, 0x00, 0x00, 0x03, 0xFF, 0x00, 0x00, 0x00, 0x00, 0xFF, 0xC0, 0x00, 0x00, 0x00, 0x3F, 0xF0,
    0x00, 0x00, 0x00, 0x2F, 0xFE, 0x40, 0x00, 0x00, 0x7F, 0xFF, 0xFC, 0x00, 0x00, 0x2F, 0xFF, 0xFE,
    0x00, 0x00, 0x00, 0x00, 0x00, 0x00, 0x3F, 0xFF, 0xFC, 0x00, 0x0F, 0xFF, 0xFD, 0x00, 0x00, 0x2F,
    0xF0, 0x00, 0x00, 0x07, 0xFD, 0x50, 0x00, 0x01, 0xFF, 0xFF, 0xF8, 0x00, 0x7F, 0xFF, 0xFF, 0xD0,
    0x1F, 0xF4, 0x6F, 0xFC, 0x07, 0xFC, 0x01, 0xFF, 0x81, 0xFF, 0x00, 0x3F, 0xE0, 0x7F, 0xC0, 0x0F,
    0xFC, 0x1F, 0xF0, 0x03, 0xFE, 0x07, 0xFC, 0x00, 0xFF, 0x41, 0xFF, 0x00, 0xBF, 0xC0, 0x7F, 0xD5,
    0xFF, 0xD0, 0x1F, 0xFF, 0xFF, 0xD0, 0x07, 0xFF, 0xFE, 0x40, 0x01, 0xFF, 0x00, 0x00, 0x00, 0xBF,
    0xD0, 0x00, 0x02, 0xFF, 0xFF, 0xC0, 0x00, 0xFF, 0xFF, 0xF0, 0x00, 0x00, 0x00, 0x00, 0x6A, 0x90,
    0x00, 0x00, 0x2F, 0xFF, 0xF4, 0x00, 0x03, 0xFF, 0xFF, 0xF0, 0x00, 0x2F, 0xF4, 0x7F, 0xE0, 0x01,
    0xFF, 0x00, 0x7F, 0xC0, 0x0F, 0xF4, 0x00, 0xFE, 0x00, 0x3F, 0xC0, 0x03, 0xF8, 0x00, 0xFF, 0x00,
    0x3F, 0xC0, 0x07, 0xFC, 0x07, 0xF8, 0x00, 0x1F, 0xF0, 0x3F, 0x40, 0x00, 0x7F, 0xC2, 0xFC, 0x00,
    0x01, 0xFF, 0x0F, 0xF0, 0x00, 0x07, 0xFC, 0x3F, 0xF4, 0x00, 0x1F, 0xF0, 0xBF, 0xF8, 0x00, 0x7F,
    0xC0, 0xFF, 0xF8, 0x01, 0xFF, 0x00, 0xBF, 0xF8, 0x07, 0xFC, 0x00, 0xBF, 0xF0, 0x1F, 0xF0, 0x00,
    0x7F, 0xD0, 0x7F, 0xC2, 0x40, 0xFF, 0x41, 0xFF, 0x2E, 0x03, 0xFC, 0x0B, 0xFC, 0xFE, 0x2F, 0xE1,
    0xFF, 0xF3, 0xFF, 0xFF, 0x0B, 0xFF, 0xC3, 0xFF, 0xE0, 0x00, 0x00, 0x01, 0x54, 0x00, 0x00, 0x00,
    0x00, 0x00, 0x01, 0xD0, 0x00, 0x00, 0x03, 0xF0, 0x00, 0x00, 0x03, 0xFC, 0x00, 0x00, 0x01, 0xFE,
    0x00, 0x00, 0x00, 0x7F, 0x40, 0x00, 0x00, 0x0B, 0x40, 0x00, 0x00, 0x01, 0x00, 0x00, 0x00, 0x00,
    0x00, 0x00, 0x00, 0x16, 0x50, 0x00, 0x02, 0xFF, 0xFD, 0x00, 0x1F, 0xFF, 0xFF, 0x00, 0x3F, 0xE5,
    0xFF, 0x80, 0x3F, 0x80, 0xBF, 0xC0, 0x2F, 0x40, 0x7F, 0xC0, 0x00, 0x00, 0x7F, 0xC0, 0x00, 0x1A,
    0xFF, 0xC0, 0x07, 0xFF, 0xFF, 0xC0, 0x2F, 0xFF, 0xFF, 0xC0, 0x7F, 0xD0, 0x7F, 0xC0, 0xBF, 0x80,
    0x7F, 0xC0, 0xFF, 0x80, 0xBF, 0xC0, 0xBF, 0xEB, 0xFF, 0xE8, 0x7F, 0xFF, 0xFF, 0xFD, 0x1F, 0xFE,
    0x1F, 0xF4, 0x01, 0x50, 0x01, 0x40, 0x00, 0x00, 0x00, 0x00, 0x00, 0x01, 0xE0, 0x00, 0x00, 0x03,
    0xF0, 0x00, 0x00, 0x0B, 0xF0, 0x00, 0x00, 0x0F, 0xE0, 0x00, 0x00, 0x2F, 0x80, 0x00, 0x00, 0x1E,
    0x00, 0x00, 0x00, 0x04, 0x00, 0x00, 0x00, 0x00, 0x00, 0x00, 0x00, 0x16, 0x50, 0x00, 0x02, 0xFF,
    0xFD, 0x00, 0x1F, 0xFF, 0xFF, 0x00, 0x3F, 0xE5, 0xFF, 0x80, 0x3F, 0x80, 0xBF, 0xC0, 0x2F, 0x40,
    0x7F, 0xC0, 0x00, 0x00, 0x7F, 0xC0, 0x00, 0x1A, 0xFF, 0xC0, 0x07, 0xFF, 0xFF, 0xC0, 0x2F, 0xFF,
    0xFF, 0xC0, 0x7F, 0xD0, 0x7F, 0xC0, 0xBF, 0x80, 0x7F, 0xC0, 0xFF, 0x80, 0xBF, 0xC0, 0xBF, 0xEB,
    0xFF, 0xE8, 0x7F, 0xFF, 0xFF, 0xFD, 0x1F, 0xFE, 0x1F, 0xF4, 0x01, 0x50, 0x01, 0x40, 0x00, 0x05,
    0x00, 0x00, 0x00, 0x3F, 0xC0, 0x00, 0x00, 0x7F, 0xF0, 0x00, 0x00, 0xFE, 0xF8, 0x00, 0x03, 0xF0,
    0xFD, 0x00, 0x07, 0xD0, 0x3E, 0x00, 0x02, 0x40, 0x14, 0x00, 0x00, 0x00, 0x00, 0x00, 0x00, 0x16,
    0x50, 0x00, 0x02, 0xFF, 0xFD, 0x00, 0x1F, 0xFF, 0xFF, 0x00, 0x3F, 0xE5, 0xFF, 0x80, 0x3F, 0x80,
    0xBF, 0xC0, 0x2F, 0x40, 0x7F, 0xC0, 0x00, 0x00, 0x7F, 0xC0, 0x00, 0x1A, 0xFF, 0xC0, 0x07, 0xFF,
    0xFF, 0xC0, 0x2F, 0xFF, 0xFF, 0xC0, 0x7F, 0xD0, 0x7F, 0xC0, 0xBF, 0x80, 0x7F, 0xC0, 0xFF, 0x80,
    0xBF, 0xC0, 0xBF, 0xEB, 0xFF, 0xE8, 0x7F, 0xFF, 0xFF, 0xFD, 0x1F, 0xFE, 0x1F, 0xF4, 0x01, 0x50,
    0x01, 0x40, 0x01, 0xA4, 0x18, 0x00, 0x07, 0xFD, 0x2E, 0x00, 0x0F, 0xFF, 0xFE, 0x00, 0x0F, 0x4B,
    0xFC, 0x00, 0x02, 0x02, 0xE4, 0x00, 0x00, 0x00, 0x00, 0x00, 0x00, 0x00, 0x00, 0x00, 0x00, 0x16,
    0x50, 0x00, 0x02, 0xFF, 0xFD, 0x00, 0x1F, 0xFF, 0xFF, 0x00, 0x3F, 0xE5, 0xFF, 0x80, 0x3F, 0x80,
    0xBF, 0xC0, 0x2F, 0x40, 0x7F, 0xC0, 0x00, 0x00, 0x7F, 0xC0, 0x00, 0x1A, 0xFF, 0xC0, 0x07, 0xFF,
    0xFF, 0xC0, 0x2F, 0xFF, 0xFF, 0xC0, 0x7F, 0xD0, 0x7F, 0xC0, 0xBF, 0x80, 0x7F, 0xC0, 0xFF, 0x80,
    0xBF, 0xC0, 0xBF, 0xEB, 0xFF, 0xE8, 0x7F, 0xFF, 0xFF, 0xFD, 0x1F, 0xFE, 0x1F, 0xF4, 0x01, 0x50,
    0x01, 0x40, 0x00, 0x00, 0x00, 0x00, 0x0B, 0xE0, 0xBE, 0x00, 0x1F, 0xF0, 0xFF, 0x00, 0x1F, 0xF0,
    0xFF, 0x00, 0x0B, 0x80, 0x79, 0x00, 0x00, 0x00, 0x00, 0x00, 0x00, 0x00, 0x00, 0x00, 0x00, 0x16,
    0x50, 0x00, 0x02, 0xFF, 0xFD, 0x00, 0x1F, 0xFF, 0xFF, 0x00, 0x3F, 0xE5, 0xFF, 0x80, 0x3F, 0x80,
    0xBF, 0xC0, 0x2F, 0x40, 0x7F, 0xC0, 0x00, 0x00, 0x7F, 0xC0, 0x00, 0x1A, 0xFF, 0xC0, 0x07, 0xFF,
    0xFF, 0xC0, 0x2F, 0xFF, 0xFF, 0xC0, 0x7F, 0xD0, 0x7F, 0xC0, 0xBF, 0x80, 0x7F, 0xC0, 0xFF, 0x80,
    0xBF, 0xC0, 0xBF, 0xEB, 0xFF, 0xE8, 0x7F, 0xFF, 0xFF, 0xFD, 0x1F, 0xFE, 0x1F, 0xF4, 0x01, 0x50,
    0x01, 0x40, 0x00, 0x00, 0x00, 0x00, 0x00, 0x7F, 0xD0, 0x00, 0x00, 0xFB, 0xF0, 0x00, 0x03, 0xE0,
    0xF8, 0x00, 0x03, 0xD0, 0xB8, 0x00, 0x03, 0xE0, 0xF8, 0x00, 0x01, 0xFF, 0xF0, 0x00, 0x00, 0x7F,
    0x80, 0x00, 0x00, 0x00, 0x00, 0x00, 0x00, 0x16, 0x50, 0x00, 0x02, 0xFF, 0xFD, 0x00, 0x1F, 0xFF,
    0xFF, 0x00, 0x3F, 0xE5, 0xFF, 0x80, 0x3F, 0x80, 0xBF, 0xC0, 0x2F, 0x40, 0x7F, 0xC0, 0x00, 0x00,
    0x7F, 0xC0, 0x00, 0x1A, 0xFF, 0xC0, 0x07, 0xFF, 0xFF, 0xC0, 0x2F, 0xFF, 0xFF, 0xC0, 0x7F, 0xD0,
    0x7F, 0xC0, 0xBF, 0x80, 0x7F, 0xC0, 0xFF, 0x80, 0xBF, 0xC0, 0xBF, 0xEB, 0xFF, 0xE8, 0x7F, 0xFF,
    0xFF, 0xFD, 0x1F, 0xFE, 0x1F, 0xF4, 0x01, 0x50, 0x01, 0x40, 0x00, 0x16, 0x40, 0x05, 0x90, 0x00,
    0x2F, 0xFF, 0x87, 0xFF, 0xE0, 0x0F, 0xFF, 0xFF, 0xFF, 0xFF, 0xC3, 0xFE, 0x5F, 0xFF, 0x57, 0xFD,
    0x3F, 0x80, 0xBF, 0xC0, 0x2F, 0xF3, 0xF4, 0x0B, 0xF8, 0x01, 0xFF, 0x00, 0x00, 0x7F, 0x95, 0xAF,
    0xF0, 0x01, 0xAF, 0xFF, 0xFF, 0xFF, 0x07, 0xFF, 0xFF, 0xFF, 0xFA, 0x92, 0xFF, 0xEB, 0xF8, 0x00,
    0x00, 0x7F, 0xD0, 0x7F, 0x80, 0x00, 0x0B, 0xF8, 0x03, 0xFC, 0x00, 0x00, 0xFF, 0x80, 0x3F, 0xF4,
    0x00, 0x5B, 0xFF, 0xBF, 0xFF, 0xFF, 0xFE, 0x7F, 0xFF, 0xFB, 0xFF, 0xFF, 0xD1, 0xFF, 0xF8, 0x0F,
    0xFF, 0xF4, 0x01, 0x54, 0x00, 0x05, 0x50, 0x00, 0x00, 0x05, 0x90, 0x00, 0x0F, 0xFF, 0xE0, 0x07,
    0xFF, 0xFF, 0x81, 0xFF, 0x9F, 0xFC, 0x3F, 0xD0, 0x3F, 0xC7, 0xFC, 0x03, 0xF4, 0xBF, 0x80, 0x14,
    0x0F, 0xF8, 0x00, 0x00, 0xFF, 0x80, 0x00, 0x0F, 0xF8, 0x00, 0x00, 0xFF, 0xC0, 0x00, 0x0B, 0xFE,
    0x00, 0x00, 0x7F, 0xF8, 0x00, 0x83, 0xFF, 0xFF, 0xFC, 0x0F, 0xFF, 0xFF, 0xC0, 0x2F, 0xFF, 0xE0,
    0x00, 0x15, 0x50, 0x00, 0x00, 0xA4, 0x00, 0x00, 0x3F, 0xF0, 0x00, 0x01, 0xBF, 0x00, 0x00, 0x03,
    0xF0, 0x00, 0x00, 0xBE, 0x00, 0x00, 0x2F, 0x80, 0x00, 0x01, 0x90, 0x00, 0x00, 0x00, 0x00, 0x00,
    0x0B, 0x00, 0x00, 0x02, 0xF8, 0x00, 0x00, 0x2F, 0xD0, 0x00, 0x00, 0xFF, 0x00, 0x00, 0x02, 0xFC,
    0x00, 0x00, 0x07, 0xC0, 0x00, 0x00, 0x00, 0x00, 0x00, 0x00, 0x00, 0x00, 0x00, 0x65, 0x00, 0x01,
    0xFF, 0xFE, 0x00, 0xBF, 0xFF, 0xF8, 0x1F, 0xF5, 0xBF, 0xC3, 0xFC, 0x03, 0xFE, 0x7F, 0x80, 0x2F,
    0xEB, 0xF8, 0x02, 0xFE, 0xFF, 0xFF, 0xFF, 0xEF, 0xFF, 0xFF, 0xFE, 0xFF, 0x95, 0x55, 0x4F, 0xF4,
    0x00, 0x00, 0xBF, 0xC0, 0x00, 0x07, 0xFE, 0x00, 0x04, 0x3F, 0xFF, 0xFF, 0xD1, 0xFF, 0xFF, 0xFC,
    0x02, 0xFF, 0xFF, 0x40, 0x00, 0x55, 0x00, 0x00, 0x00, 0x00, 0x00, 0x00, 0x0F, 0x00, 0x00, 0x02,
    0xF8, 0x00, 0x00, 0x3F, 0x80, 0x00, 0x0B, 0xF0, 0x00, 0x00, 0xFC, 0x00, 0x00, 0x0F, 0x00, 0x00,
    0x00, 0x00, 0x00, 0x00, 0x00, 0x00, 0x00, 0x00, 0x65, 0x00, 0x01, 0xFF, 0xFE, 0x00, 0xBF, 0xFF,
    0xF8, 0x1F, 0xF5, 0xBF, 0xC3, 0xFC, 0x03, 0xFE, 0x7F, 0x80, 0x2F, 0xEB, 0xF8, 0x02, 0xFE, 0xFF,
    0xFF, 0xFF, 0xEF, 0xFF, 0xFF, 0xFE, 0xFF, 0x95, 0x55, 0x4F, 0xF4, 0x00, 0x00, 0xBF, 0xC0, 0x00,
    0x07, 0xFE, 0x00, 0x04, 0x3F, 0xFF, 0xFF, 0xD1, 0xFF, 0xFF, 0xFC, 0x02, 0xFF, 0xFF, 0x40, 0x00,
    0x55, 0x00, 0x00, 0x01, 0x40, 0x00, 0x01, 0xFE, 0x00, 0x00, 0x3F, 0xF4, 0x00, 0x0B, 0xEF, 0xC0,
    0x01, 0xF8, 0x7E, 0x00, 0x3F, 0x02, 0xF0, 0x01, 0x80, 0x08, 0x00, 0x00, 0x00, 0x00, 0x00, 0x06,
    0x50, 0x00, 0x1F, 0xFF, 0xE0, 0x0B, 0xFF, 0xFF, 0x81, 0xFF, 0x5B, 0xFC, 0x3F, 0xC0, 0x3F, 0xE7,
    0xF8, 0x02, 0xFE, 0xBF, 0x80, 0x2F, 0xEF, 0xFF, 0xFF, 0xFE, 0xFF, 0xFF, 0xFF, 0xEF, 0xF9, 0x55,
    0x54, 0xFF, 0x40, 0x00, 0x0B, 0xFC, 0x00, 0x00, 0x7F, 0xE0, 0x00, 0x43, 0xFF, 0xFF, 0xFD, 0x1F,
    0xFF, 0xFF, 0xC0, 0x2F, 0xFF, 0xF4, 0x00, 0x05, 0x50, 0x00, 0x00, 0x00, 0x00, 0x00, 0x7F, 0x07,
    0xF0, 0x0F, 0xF4, 0xFF, 0x80, 0xFF, 0x4B, 0xF4, 0x02, 0xD0, 0x2E, 0x00, 0x00, 0x00, 0x00, 0x00,
    0x00, 0x00, 0x00, 0x00, 0x65, 0x00, 0x01, 0xFF, 0xFE, 0x00, 0xBF, 0xFF, 0xF8, 0x1F, 0xF5, 0xBF,
    0xC3, 0xFC, 0x03, 0xFE, 0x7F, 0x80, 0x2F, 0xEB, 0xF8, 0x02, 0xFE, 0xFF, 0xFF, 0xFF, 0xEF, 0xFF,
    0xFF, 0xFE, 0xFF, 0x95, 0x55, 0x4F, 0xF4, 0x00, 0x00, 0xBF, 0xC0, 0x00, 0x07, 0xFE, 0x00, 0x04,
    0x3F, 0xFF, 0xFF, 0xD1, 0xFF, 0xFF, 0xFC, 0x02, 0xFF, 0xFF, 0x40, 0x00, 0x55, 0x00, 0x00, 0x00,
    0x00, 0xE0, 0x00, 0x2F, 0x80, 0x02, 0xFD, 0x00, 0x0F, 0xF0, 0x00, 0x2F, 0xC0, 0x00, 0x7C, 0x00,
    0x00, 0x00, 0x00, 0x00, 0x00, 0x01, 0x40, 0x2F, 0xFE, 0x07, 0xFF, 0xE0, 0x1B, 0xFE, 0x00, 0x3F,
    0xE0, 0x03, 0xFE, 0x00, 0x3F, 0xE0, 0x03, 0xFE, 0x00, 0x3F, 0xE0, 0x03, 0xFE, 0x00, 0x3F, 0xE0,
    0x03, 0xFE, 0x00, 0x3F, 0xE0, 0x07, 0xFF, 0x43, 0xFF, 0xFE, 0x3F, 0xFF, 0xE0, 0x00, 0x00, 0x00,
    0x00, 0xF0, 0x00, 0x2F, 0x80, 0x03, 0xF8, 0x00, 0xBF, 0x00, 0x0F, 0xC0, 0x00, 0xF0, 0x00, 0x00,
    0x00, 0x00, 0x00, 0x00, 0x01, 0x40, 0x2F, 0xFE, 0x07, 0xFF, 0xE0, 0x1B, 0xFE, 0x00, 0x3F, 0xE0,
    0x03, 0xFE, 0x00, 0x3F, 0xE0, 0x03, 0xFE, 0x00, 0x3F, 0xE0, 0x03, 0xFE, 0x00, 0x3F, 0xE0, 0x03,
    0xFE, 0x00, 0x3F, 0xE0, 0x07, 0xFF, 0x43, 0xFF, 0xFE, 0x3F, 0xFF, 0xE0, 0x00, 0x14, 0x00, 0x07,
    0xF4, 0x00, 0x3F, 0xF4, 0x02, 0xFB, 0xF0, 0x1F, 0x87, 0xE0, 0xFC, 0x0B, 0xC1, 0x80, 0x08, 0x00,
    0x00, 0x00, 0x00, 0x14, 0x00, 0xBF, 0xF8, 0x07, 0xFF, 0xE0, 0x06, 0xFF, 0x80, 0x03, 0xFE, 0x00,
    0x0F, 0xF8, 0x00, 0x3F, 0xE0, 0x00, 0xFF, 0x80, 0x03, 0xFE, 0x00, 0x0F, 0xF8, 0x00, 0x3F, 0xE0,
    0x00, 0xFF, 0x80, 0x03, 0xFE, 0x00, 0x1F, 0xFD, 0x03, 0xFF, 0xFE, 0x0F, 0xFF, 0xF8, 0x00, 0x00,
    0x01, 0xFC, 0x1F, 0xCF, 0xF4, 0xFF, 0x7F, 0xD3, 0xFD, 0x6D, 0x02, 0xE0, 0x00, 0x00, 0x00, 0x00,
    0x00, 0x00, 0x05, 0x00, 0x2F, 0xFE, 0x01, 0xFF, 0xF8, 0x01, 0xBF, 0xE0, 0x00, 0xFF, 0x80, 0x03,
    0xFE, 0x00, 0x0F, 0xF8, 0x00, 0x3F, 0xE0, 0x00, 0xFF, 0x80, 0x03, 0xFE, 0x00, 0x0F, 0xF8, 0x00,
    0x3F, 0xE0, 0x00, 0xFF, 0x80, 0x07, 0xFF, 0x40, 0xFF, 0xFF, 0x83, 0xFF, 0xFE, 0x00, 0x00, 0x00,
    0x00, 0x00, 0x00, 0x2C, 0x0F, 0x00, 0x00, 0xBF, 0xBE, 0x00, 0x00, 0xBF, 0xF4, 0x00, 0x00, 0x2F,
    0xF8, 0x00, 0x00, 0xFF, 0xFE, 0x00, 0x00, 0xE0, 0xFF, 0x40, 0x00, 0x00, 0x3F, 0xC0, 0x00, 0x05,
    0x1F, 0xE0, 0x01, 0xFF, 0xFF, 0xF0, 0x0B, 0xFF, 0xFF, 0xF4, 0x1F, 0xF9, 0xBF, 0xFC, 0x3F, 0xE0,
    0x1F, 0xFC, 0x7F, 0xC0, 0x0B, 0xFC, 0xBF, 0xC0, 0x07, 0xFD, 0xFF, 0xC0, 0x07, 0xFD, 0xFF, 0xC0,
    0x03, 0xFD, 0xFF, 0xC0, 0x07, 0xFD, 0xFF, 0xC0, 0x07, 0xFC, 0xBF, 0xD0, 0x0B, 0xFC, 0x7F, 0xF0,
    0x0F, 0xF4, 0x3F, 0xFE, 0xBF, 0xE0, 0x0F, 0xFF, 0xFF, 0x80, 0x02, 0xFF, 0xFD, 0x00, 0x00, 0x15,
    0x40, 0x00, 0x00, 0x06, 0xD0, 0x20, 0x00, 0x00, 0x1F, 0xF8, 0xB8, 0x00, 0x00, 0x2F, 0xFF, 0xFC,
    0x00, 0x00, 0x2E, 0x2F, 0xF4, 0x00, 0x00, 0x08, 0x06, 0x90, 0x00, 0x00, 0x00, 0x00, 0x00, 0x00,
    0x00, 0x00, 0x00, 0x00, 0x00, 0x00, 0x54, 0x05, 0x90, 0x00, 0x2F, 0xFC, 0x7F, 0xFD, 0x00, 0x7F,
    0xFE, 0xFF, 0xFF, 0x40, 0x2B, 0xFF, 0xFF, 0xFF, 0x80, 0x03, 0xFF, 0x40, 0xFF, 0xC0, 0x03, 0xFE,
    0x00, 0xBF, 0xC0, 0x03, 0xFE, 0x00, 0x7F, 0xC0, 0x03, 0xFE, 0x00, 0x7F, 0xC0, 0x03, 0xFE, 0x00,
    0x7F, 0xC0, 0x03, 0xFE, 0x00, 0x7F, 0xC0, 0x03, 0xFE, 0x00, 0x7F, 0xC0, 0x03, 0xFE, 0x00, 0x7F,
    0xC0, 0x03, 0xFE, 0x00, 0x7F, 0xC0, 0x03, 0xFE, 0x00, 0xBF, 0xD0, 0x2F, 0xFF, 0xC3, 0xFF, 0xFC,
    0x3F, 0xFF, 0xC3, 0xFF, 0xFC, 0x00, 0x00, 0x00, 0x00, 0x00, 0x70, 0x00, 0x00, 0x00, 0xFC, 0x00,
    0x00, 0x00, 0xFF, 0x00, 0x00, 0x00, 0xBF, 0x80, 0x00, 0x00, 0x1F, 0xD0, 0x00, 0x00, 0x03, 0xD0,
    0x00, 0x00, 0x00, 0x00, 0x00, 0x00, 0x00, 0x00, 0x00, 0x00, 0x05, 0x94, 0x00, 0x01, 0xFF, 0xFF,
    0x80, 0x07, 0xFF, 0xFF, 0xE0, 0x1F, 0xF9, 0xBF, 0xF4, 0x3F, 0xE0, 0x0F, 0xFC, 0x7F, 0xC0, 0x0B,
    0xFC, 0xBF, 0xC0, 0x07, 0xFD, 0xFF, 0xC0, 0x07, 0xFD, 0xFF, 0x80, 0x03, 0xFD, 0xFF, 0xC0, 0x07,
    0xFD, 0xFF, 0xC0, 0x07, 0xFC, 0xBF, 0xC0, 0x0B, 0xFC, 0x7F, 0xF0, 0x0F, 0xF4, 0x3F, 0xFE, 0xBF,
    0xF0, 0x0F, 0xFF, 0xFF, 0xC0, 0x02, 0xFF, 0xFD, 0x00, 0x00, 0x15, 0x40, 0x00, 0x00, 0x00, 0x00,
    0x00, 0x00, 0x00, 0x74, 0x00, 0x00, 0x00, 0xFC, 0x00, 0x00, 0x02, 0xFC, 0x00, 0x00, 0x03, 0xF4,
    0x00, 0x00, 0x0B, 0xE0, 0x00, 0x00, 0x0B, 0x80, 0x00, 0x00, 0x00, 0x00, 0x00, 0x00, 0x00, 0x00,
    0x00, 0x00, 0x05, 0x94, 0x00, 0x01, 0xFF, 0xFF, 0x80, 0x07, 0xFF, 0xFF, 0xE0, 0x1F, 0xF9, 0xBF,
    0xF4, 0x3F, 0xE0, 0x0F, 0xFC, 0x7F, 0xC0, 0x0B, 0xFC, 0xBF, 0xC0, 0x07, 0xFD, 0xFF, 0xC0, 0x07,
    0xFD, 0xFF, 0x80, 0x03, 0xFD, 0xFF, 0xC0, 0x07, 0xFD, 0xFF, 0xC0, 0x07, 0xFC, 0xBF, 0xC0, 0x0B,
    0xFC, 0x7F, 0xF0, 0x0F, 0xF4, 0x3F, 0xFE, 0xBF, 0xF0, 0x0F, 0xFF, 0xFF, 0xC0, 0x02, 0xFF, 0xFD,
    0x00, 0x00, 0x15, 0x40, 0x00, 0x00, 0x01, 0x80, 0x00, 0x00, 0x0F, 0xF0, 0x00, 0x00, 0x2F, 0xFC,
    0x00, 0x00, 0x3F, 0xFE, 0x00, 0x00, 0xFC, 0x3F, 0x00, 0x02, 0xF4, 0x0F, 0x80, 0x00, 0x90, 0x05,
    0x00, 0x00, 0x00, 0x00, 0x00, 0x00, 0x05, 0x94, 0x00, 0x01, 0xFF, 0xFF, 0x80, 0x07, 0xFF, 0xFF,
    0xE0, 0x1F, 0xF9, 0xBF, 0xF4, 0x3F, 0xE0, 0x0F, 0xFC, 0x7F, 0xC0, 0x0B, 0xFC, 0xBF, 0xC0, 0x07,
    0xFD, 0xFF, 0xC0, 0x07, 0xFD, 0xFF, 0x80, 0x03, 0xFD, 0xFF, 0xC0, 0x07, 0xFD, 0xFF, 0xC0, 0x07,
    0xFC, 0xBF, 0xC0, 0x0B, 0xFC, 0x7F, 0xF0, 0x0F, 0xF4, 0x3F, 0xFE, 0xBF, 0xF0, 0x0F, 0xFF, 0xFF,
    0xC0, 0x02, 0xFF, 0xFD, 0x00, 0x00, 0x15, 0x40, 0x00, 0x00, 0x69, 0x05, 0x00, 0x02, 0xFF, 0x4F,
    0x40, 0x03, 0xFF, 0xFF, 0x40, 0x03, 0xD3, 0xFF, 0x00, 0x00, 0x80, 0xB8, 0x00, 0x00, 0x00, 0x00,
    0x00, 0x00, 0x00, 0x00, 0x00, 0x00, 0x05, 0x94, 0x00, 0x01, 0xFF, 0xFF, 0x80, 0x07, 0xFF, 0xFF,
    0xE0, 0x1F, 0xF9, 0xBF, 0xF4, 0x3F, 0xE0, 0x0F, 0xFC, 0x7F, 0xC0, 0x0B, 0xFC, 0xBF, 0xC0, 0x07,
    0xFD, 0xFF, 0xC0, 0x07, 0xFD, 0xFF, 0x80, 0x03, 0xFD, 0xFF, 0xC0, 0x07, 0xFD, 0xFF, 0xC0, 0x07,
    0xFC, 0xBF, 0xC0, 0x0B, 0xFC, 0x7F, 0xF0, 0x0F, 0xF4, 0x3F, 0xFE, 0xBF, 0xF0, 0x0F, 0xFF, 0xFF,
    0xC0, 0x02, 0xFF, 0xFD, 0x00, 0x00, 0x15, 0x40, 0x00, 0x00, 0x00, 0x00, 0x00, 0x03, 0xF4, 0x2F,
    0x80, 0x07, 0xFC, 0x7F, 0xC0, 0x07, 0xFC, 0x7F, 0xC0, 0x02, 0xE0, 0x2E, 0x00, 0x00, 0x00, 0x00,
    0x00, 0x00, 0x00, 0x00, 0x00, 0x00, 0x05, 0x94, 0x00, 0x01, 0xFF, 0xFF, 0x80, 0x07, 0xFF, 0xFF,
    0xE0, 0x1F, 0xF9, 0xBF, 0xF4, 0x3F, 0xE0, 0x0F, 0xFC, 0x7F, 0xC0, 0x0B, 0xFC, 0xBF, 0xC0, 0x07,
    0xFD, 0xFF, 0xC0, 0x07, 0xFD, 0xFF, 0x80, 0x03, 0xFD, 0xFF, 0xC0, 0x07, 0xFD, 0xFF, 0xC0, 0x07,
    0xFC, 0xBF, 0xC0, 0x0B, 0xFC, 0x7F, 0xF0, 0x0F, 0xF4, 0x3F, 0xFE, 0xBF, 0xF0, 0x0F, 0xFF, 0xFF,
    0xC0, 0x02, 0xFF, 0xFD, 0x00, 0x00, 0x15, 0x40, 0x00, 0x00, 0x01, 0x00, 0x00, 0x02, 0xFC, 0x00,
    0x00, 0x3F, 0xC0, 0x00, 0x03, 0xFC, 0x00, 0x00, 0x0A, 0x00, 0x00, 0x00, 0x00, 0x00, 0x7F, 0xFF,
    0xFF, 0xD7, 0xFF, 0xFF, 0xFD, 0x15, 0x55, 0x55, 0x40, 0x00, 0x00, 0x00, 0x00, 0x1F, 0x80, 0x00,
    0x03, 0xFC, 0x00, 0x00, 0x3F, 0xC0, 0x00, 0x01, 0xF4, 0x00, 0x00, 0x01, 0x65, 0x00, 0x00, 0x1F,
    0xFF, 0xF9, 0xD0, 0x1F, 0xFF, 0xFF, 0xF4, 0x1F, 0xF4, 0x7F, 0xF8, 0x0F, 0xF4, 0x03, 0xFF, 0x07,
    0xFC, 0x02, 0xFF, 0xC2, 0xFE, 0x02, 0xFF, 0xF4, 0xFF, 0x82, 0xF7, 0xFD, 0x3F, 0xE2, 0xF4, 0xFF,
    0x4F, 0xFA, 0xF4, 0x3F, 0xD3, 0xFF, 0xF4, 0x0F, 0xF0, 0xBF, 0xF4, 0x07, 0xFC, 0x1F, 0xFC, 0x03,
    0xFD, 0x03, 0xFF, 0xD7, 0xFF, 0x02, 0xFF, 0xFF, 0xFF, 0x00, 0xF6, 0xFF, 0xFD, 0x00, 0x00, 0x05,
    0x50, 0x00, 0x00, 0x00, 0x00, 0x00, 0x00, 0x00, 0x00, 0x0B, 0x00, 0x00, 0x00, 0x00, 0x2F, 0x80,
    0x00, 0x00, 0x00, 0x2F, 0xD0, 0x00, 0x00, 0x00, 0x0F, 0xF0, 0x00, 0x00, 0x00, 0x02, 0xFC, 0x00,
    0x00, 0x00, 0x00, 0x7C, 0x00, 0x00, 0x00, 0x00, 0x00, 0x00, 0x00, 0x00, 0x00, 0x00, 0x00, 0x00,
    0x00, 0x00, 0x00, 0x00, 0x00, 0x2F, 0xFC, 0x0B, 0xFF, 0x40, 0xBF, 0xFC, 0x1F, 0xFF, 0x40, 0x6F,
    0xFC, 0x06, 0xFF, 0x40, 0x07, 0xFC, 0x00, 0xFF, 0x40, 0x07, 0xFC, 0x00, 0xFF, 0x40, 0x07, 0xFC,
    0x00, 0xFF, 0x40, 0x07, 0xFC, 0x00, 0xFF, 0x40, 0x07, 0xFC, 0x00, 0xFF, 0x40, 0x07, 0xFC, 0x00,
    0xFF, 0x40, 0x07, 0xFC, 0x00, 0xFF, 0x40, 0x07, 0xFC, 0x00, 0xFF, 0x40, 0x07, 0xFE, 0x02, 0xFF,
    0x40, 0x03, 0xFF, 0xFF, 0xFF, 0x90, 0x02, 0xFF, 0xFF, 0xFF, 0xFC, 0x00, 0xBF, 0xFC, 0x7F, 0xF8,
    0x00, 0x05, 0x40, 0x14, 0x00, 0x00, 0x00, 0x00, 0x00, 0x00, 0x00, 0x00, 0x0F, 0x00, 0x00, 0x00,
    0x00, 0x1F, 0x80, 0x00, 0x00, 0x00, 0x3F, 0x80, 0x00, 0x00, 0x00, 0xBF, 0x00, 0x00, 0x00, 0x00,
    0xFC, 0x00, 0x00, 0x00, 0x00, 0xF0, 0x00, 0x00, 0x00, 0x00, 0x00, 0x00, 0x00, 0x00, 0x00, 0x00,
    0x00, 0x00, 0x00, 0x00, 0x00, 0x00, 0x00, 0x2F, 0xFC, 0x0B, 0xFF, 0x40, 0xBF, 0xFC, 0x1F, 0xFF,
    0x40, 0x6F, 0xFC, 0x06, 0xFF, 0x40, 0x07, 0xFC, 0x00, 0xFF, 0x40, 0x07, 0xFC, 0x00, 0xFF, 0x40,
    0x07, 0xFC, 0x00, 0xFF, 0x40, 0x07, 0xFC, 0x00, 0xFF, 0x40, 0x07, 0xFC, 0x00, 0xFF, 0x40, 0x07,
    0xFC, 0x00, 0xFF, 0x40, 0x07, 0xFC, 0x00, 0xFF, 0x40, 0x07, 0xFC, 0x00, 0xFF, 0x40, 0x07, 0xFE,
    0x02, 0xFF, 0x40, 0x03, 0xFF, 0xFF, 0xFF, 0x90, 0x02, 0xFF, 0xFF, 0xFF, 0xFC, 0x00, 0xBF, 0xFC,
    0x7F, 0xF8, 0x00, 0x05, 0x40, 0x14, 0x00, 0x00, 0x00, 0x14, 0x00, 0x00, 0x00, 0x01, 0xFE, 0x00,
    0x00, 0x00, 0x03, 0xFF, 0x40, 0x00, 0x00, 0x0B, 0xEF, 0xC0, 0x00, 0x00, 0x1F, 0x87, 0xF0, 0x00,
    0x00, 0x3F, 0x02, 0xF0, 0x00, 0x00, 0x18, 0x00, 0x90, 0x00, 0x00, 0x00, 0x00, 0x00, 0x00, 0x00,
    0x00, 0x00, 0x00, 0x00, 0x2F, 0xFC, 0x0B, 0xFF, 0x40, 0xBF, 0xFC, 0x1F, 0xFF, 0x40, 0x6F, 0xFC,
    0x06, 0xFF, 0x40, 0x07, 0xFC, 0x00, 0xFF, 0x40, 0x07, 0xFC, 0x00, 0xFF, 0x40, 0x07, 0xFC, 0x00,
    0xFF, 0x40, 0x07, 0xFC, 0x00, 0xFF, 0x40, 0x07, 0xFC, 0x00, 0xFF, 0x40, 0x07, 0xFC, 0x00, 0xFF,
    0x40, 0x07, 0xFC, 0x00, 0xFF, 0x40, 0x07, 0xFC, 0x00, 0xFF, 0x40, 0x07, 0xFE, 0x02, 0xFF, 0x40,
    0x03, 0xFF, 0xFF, 0xFF, 0x90, 0x02, 0xFF, 0xFF, 0xFF, 0xFC, 0x00, 0xBF, 0xFC, 0x7F, 0xF8, 0x00,
    0x05, 0x40, 0x14, 0x00, 0x00, 0x00, 0x00, 0x00, 0x00, 0x00, 0x7F, 0x03, 0xF0, 0x00, 0x00, 0xFF,
    0x4B, 0xF8, 0x00, 0x00, 0xFF, 0x4B, 0xF8, 0x00, 0x00, 0x2E, 0x02, 0xE0, 0x00, 0x00, 0x00, 0x00,
    0x00, 0x00, 0x00, 0x00, 0x00, 0x00, 0x00, 0x00, 0x00, 0x00, 0x00, 0x00, 0x2F, 0xFC, 0x0B, 0xFF,
    0x40, 0xBF, 0xFC, 0x1F, 0xFF, 0x40, 0x6F, 0xFC, 0x06, 0xFF, 0x40, 0x07, 0xFC, 0x00, 0xFF, 0x40,
    0x07, 0xFC, 0x00, 0xFF, 0x40, 0x07, 0xFC, 0x00, 0xFF, 0x40, 0x07, 0xFC, 0x00, 0xFF, 0x40, 0x07,
    0xFC, 0x00, 0xFF, 0x40, 0x07, 0xFC, 0x00, 0xFF, 0x40, 0x07, 0xFC, 0x00, 0xFF, 0x40, 0x07, 0xFC,
    0x00, 0xFF, 0x40, 0x07, 0xFE, 0x02, 0xFF, 0x40, 0x03, 0xFF, 0xFF, 0xFF, 0x90, 0x02, 0xFF, 0xFF,
    0xFF, 0xFC, 0x00, 0xBF, 0xFC, 0x7F, 0xF8, 0x00, 0x05, 0x40, 0x14, 0x00, 0x00, 0x00, 0x00, 0x00,
    0x00, 0x00, 0x00, 0x78, 0x00, 0x00, 0x00, 0x03, 0xF4, 0x00, 0x00, 0x00, 0x1F, 0xD0, 0x00, 0x00,
    0x00, 0xFE, 0x00, 0x00, 0x00, 0x0B, 0xE0, 0x00, 0x00, 0x00, 0x1E, 0x00, 0x00, 0x00, 0x00, 0x00,
    0x00, 0x00, 0x00, 0x00, 0x00, 0x00, 0x00, 0x00, 0x00, 0x00, 0x00, 0x07, 0xFF, 0xFD, 0x1F, 0xFF,
    0x9F, 0xFF, 0xF0, 0x3F, 0xFD, 0x0F, 0xFE, 0x00, 0x3F, 0xC0, 0x1F, 0xF8, 0x00, 0xFE, 0x00, 0x3F,
    0xF0, 0x07, 0xF0, 0x00, 0x7F, 0xD0, 0x3F, 0xC0, 0x00, 0xFF, 0x80, 0xFD, 0x00, 0x01, 0xFF, 0x0B,
    0xF0, 0x00, 0x03, 0xFC, 0x3F, 0x40, 0x00, 0x0B, 0xF9, 0xFC, 0x00, 0x00, 0x0F, 0xFF, 0xE0, 0x00,
    0x00, 0x2F, 0xFF, 0x00, 0x00, 0x00, 0x7F, 0xF8, 0x00, 0x00, 0x00, 0xFF, 0xC0, 0x00, 0x00, 0x01,
    0xFE, 0x00, 0x00, 0x00, 0x07, 0xF4, 0x00, 0x00, 0x00, 0x3F, 0xC0, 0x00, 0x00, 0x07, 0xFC, 0x00,
    0x00, 0x6A, 0xFF, 0xD0, 0x00, 0x02, 0xFF, 0xFE, 0x00, 0x00, 0x07, 0xFF, 0xD0, 0x00, 0x00, 0x0B,
    0xE4, 0x00, 0x00, 0x00, 0x00, 0x14, 0x00, 0x00, 0x02, 0xFF, 0xC0, 0x00, 0x00, 0xFF, 0xFC, 0x00,
    0x00, 0x06, 0xFF, 0xC0, 0x00, 0x00, 0x07, 0xFC, 0x00, 0x00, 0x00, 0x7F, 0xC0, 0x00, 0x00, 0x07,
    0xFC, 0x00, 0x00, 0x00, 0x7F, 0xC0, 0x64, 0x00, 0x07, 0xFD, 0xFF, 0xFC, 0x00, 0x7F, 0xFF, 0xFF,
    0xF0, 0x07, 0xFF, 0xFF, 0xFF, 0x40, 0x7F, 0xE0, 0x2F, 0xF8, 0x07, 0xFC, 0x00, 0xFF, 0xC0, 0x7F,
    0xC0, 0x0B, 0xFC, 0x07, 0xFC, 0x00, 0xBF, 0xC0, 0x7F, 0xC0, 0x0B, 0xFC, 0x07, 0xFC, 0x00, 0xBF,
    0xC0, 0x7F, 0xC0, 0x0B, 0xF8, 0x07, 0xFC, 0x00, 0xFF, 0x40, 0x7F, 0xC0, 0x2F, 0xF0, 0x07, 0xFF,
    0xAF, 0xFD, 0x00, 0x7F, 0xFF, 0xFF, 0x80, 0x07, 0xFF, 0xFF, 0xD0, 0x00, 0x7F, 0xD5, 0x40, 0x00,
    0x07, 0xFC, 0x00, 0x00, 0x00, 0x7F, 0xC0, 0x00, 0x00, 0x07, 0xFC, 0x00, 0x00, 0x01, 0xFF, 0xF8,
    0x00, 0x00, 0x7F, 0xFF, 0xE0, 0x00, 0x02, 0xAA, 0xA9, 0x00, 0x00, 0x00, 0x00, 0x00, 0x00, 0x00,
    0x02, 0xF8, 0x2F, 0x80, 0x00, 0x0F, 0xF0, 0xFF, 0x00, 0x00, 0x3F, 0xC3, 0xFC, 0x00, 0x00, 0x79,
    0x07, 0x90, 0x00, 0x00, 0x00, 0x00, 0x00, 0x00, 0x00, 0x00, 0x00, 0x00, 0x00, 0x00, 0x00, 0x00,
    0x00, 0x7F, 0xFF, 0xD1, 0xFF, 0xF9, 0xFF, 0xFF, 0x03, 0xFF, 0xD0, 0xFF, 0xE0, 0x03, 0xFC, 0x01,
    0xFF, 0x80, 0x0F, 0xE0, 0x03, 0xFF, 0x00, 0x7F, 0x00, 0x07, 0xFD, 0x03, 0xFC, 0x00, 0x0F, 0xF8,
    0x0F, 0xD0, 0x00, 0x1F, 0xF0, 0xBF, 0x00, 0x00, 0x3F, 0xC3, 0xF4, 0x00, 0x00, 0xBF, 0x9F, 0xC0,
    0x00, 0x00, 0xFF, 0xFE, 0x00, 0x00, 0x02, 0xFF, 0xF0, 0x00, 0x00, 0x07, 0xFF, 0x80, 0x00, 0x00,
    0x0F, 0xFC, 0x00, 0x00, 0x00, 0x1F, 0xE0, 0x00, 0x00, 0x00, 0x7F, 0x40, 0x00, 0x00, 0x03, 0xFC,
    0x00, 0x00, 0x00, 0x7F, 0xC0, 0x00, 0x06, 0xAF, 0xFD, 0x00, 0x00, 0x2F, 0xFF, 0xE0, 0x00, 0x00,
    0x7F, 0xFD, 0x00, 0x00, 0x00, 0xBE, 0x40, 0x00, 0x00, 0x00, 0x00, 0x0B, 0xFF, 0xFD, 0x00, 0x00,
    0x00, 0x3F, 0xFF, 0xF4, 0x00, 0x00, 0x00, 0xFF, 0xFF, 0xC0, 0x00, 0x00, 0x00, 0x00, 0x00, 0x00,
    0x00, 0x00, 0x00, 0x00, 0x00, 0x00, 0x00, 0x00, 0x00, 0x06, 0x40, 0x00, 0x00, 0x00, 0x01, 0xFF,
    0x00, 0x00, 0x00, 0x00, 0x0F, 0xFC, 0x00, 0x00, 0x00, 0x00, 0x7F, 0xF8, 0x00, 0x00, 0x00, 0x03,
    0xFF, 0xF0, 0x00, 0x00, 0x00, 0x0F, 0xFF, 0xD0, 0x00, 0x00, 0x00, 0xBD, 0xFF, 0x80, 0x00, 0x00,
    0x03, 0xF2, 0xFF, 0x00, 0x00, 0x00, 0x1F, 0x83, 0xFD, 0x00, 0x00, 0x00, 0xFD, 0x0F, 0xFC, 0x00,
    0x00, 0x07, 0xF0, 0x2F, 0xF0, 0x00, 0x00, 0x3F, 0x80, 0x3F, 0xD0, 0x00, 0x00, 0xFE, 0x55, 0xFF,
    0xC0, 0x00, 0x0B, 0xFF, 0xFF, 0xFF, 0x00, 0x00, 0x3F, 0xFF, 0xFF, 0xFE, 0x00, 0x01, 0xFD, 0x55,
    0x5F, 0xFC, 0x00, 0x0F, 0xF0, 0x00, 0x2F, 0xF4, 0x00, 0x7F, 0x40, 0x00, 0x3F, 0xE0, 0x07, 0xFE,
    0x40, 0x01, 0xFF, 0xE4, 0xBF, 0xFF, 0x40, 0x7F, 0xFF, 0xF3, 0xFF, 0xFD, 0x01, 0xFF, 0xFF, 0xC0,
    0x0B, 0xFF, 0xFE, 0x00, 0x0F, 0xFF, 0xFF, 0x00, 0x0F, 0xFF, 0xFD, 0x00, 0x00, 0x00, 0x00, 0x00,
    0x00, 0x00, 0x00, 0x00, 0x00, 0x16, 0x50, 0x00, 0x02, 0xFF, 0xFD, 0x00, 0x1F, 0xFF, 0xFF, 0x00,
    0x3F, 0xE5, 0xFF, 0x80, 0x3F, 0x80, 0xBF, 0xC0, 0x2F, 0x40, 0x7F, 0xC0, 0x00, 0x00, 0x7F, 0xC0,
    0x00, 0x1A, 0xFF, 0xC0, 0x07, 0xFF, 0xFF, 0xC0, 0x2F, 0xFF, 0xFF, 0xC0, 0x7F, 0xD0, 0x7F, 0xC0,
    0xBF, 0x80, 0x7F, 0xC0, 0xFF, 0x80, 0xBF, 0xC0, 0xBF, 0xEB, 0xFF, 0xE8, 0x7F, 0xFF, 0xFF, 0xFD,
    0x1F, 0xFE, 0x1F, 0xF4, 0x01, 0x50, 0x01, 0x40, 0x00, 0x01, 0x00, 0x00, 0x00, 0x00, 0x00, 0x3D,
    0x00, 0x38, 0x00, 0x00, 0x00, 0xFE, 0x57, 0xE0, 0x00, 0x00, 0x02, 0xFF, 0xFF, 0x00, 0x00, 0x00,
    0x02, 0xFF, 0xF0, 0x00, 0x00, 0x00, 0x00, 0x64, 0x00, 0x00, 0x00, 0x00, 0x00, 0x00, 0x00, 0x00,
    0x00, 0x00, 0x00, 0x64, 0x00, 0x00, 0x00, 0x00, 0x1F, 0xF0, 0x00, 0x00, 0x00, 0x00, 0xFF, 0xC0,
    0x00, 0x00, 0x00, 0x07, 0xFF, 0x80, 0x00, 0x00, 0x00, 0x3F, 0xFF, 0x00, 0x00, 0x00, 0x00, 0xFF,
    0xFD, 0x00, 0x00, 0x00, 0x0B, 0xDF, 0xF8, 0x00, 0x00, 0x00, 0x3F, 0x2F, 0xF0, 0x00, 0x00, 0x01,
    0xF8, 0x3F, 0xD0, 0x00, 0x00, 0x0F, 0xD0, 0xFF, 0xC0, 0x00, 0x00, 0x7F, 0x02, 0xFF, 0x00, 0x00,
    0x03, 0xF8, 0x03, 0xFD, 0x00, 0x00, 0x0F, 0xE5, 0x5F, 0xFC, 0x00, 0x00, 0xBF, 0xFF, 0xFF, 0xF0,
    0x00, 0x03, 0xFF, 0xFF, 0xFF, 0xE0, 0x00, 0x1F, 0xD5, 0x55, 0xFF, 0xC0, 0x00, 0xFF, 0x00, 0x02,
    0xFF, 0x40, 0x07, 0xF4, 0x00, 0x03, 0xFE, 0x00, 0x7F, 0xE4, 0x00, 0x1F, 0xFE, 0x4B, 0xFF, 0xF4,
    0x07, 0xFF, 0xFF, 0x3F, 0xFF, 0xD0, 0x1F, 0xFF, 0xFC, 0x01, 0x00, 0x00, 0x00, 0x0B, 0x80, 0x0E,
    0x00, 0x0F, 0xE4, 0x7E, 0x00, 0x0B, 0xFF, 0xFC, 0x00, 0x02, 0xFF, 0xE0, 0x00, 0x00, 0x15, 0x00,
    0x00, 0x00, 0x00, 0x00, 0x00, 0x00, 0x16, 0x50, 0x00, 0x02, 0xFF, 0xFD, 0x00, 0x1F, 0xFF, 0xFF,
    0x00, 0x3F, 0xE5, 0xFF, 0x80, 0x3F, 0x80, 0xBF, 0xC0, 0x2F, 0x40, 0x7F, 0xC0, 0x00, 0x00, 0x7F,
    0xC0, 0x00, 0x1A, 0xFF, 0xC0, 0x07, 0xFF, 0xFF, 0xC0, 0x2F, 0xFF, 0xFF, 0xC0, 0x7F, 0xD0, 0x7F,
    0xC0, 0xBF, 0x80, 0x7F, 0xC0, 0xFF, 0x80, 0xBF, 0xC0, 0xBF, 0xEB, 0xFF, 0xE8, 0x7F, 0xFF, 0xFF,
    0xFD, 0x1F, 0xFE, 0x1F, 0xF4, 0x01, 0x50, 0x01, 0x40, 0x00, 0x00, 0x01, 0x90, 0x00, 0x00, 0x00,
    0x00, 0x7F, 0xC0, 0x00, 0x00, 0x00, 0x03, 0xFF, 0x00, 0x00, 0x00, 0x00, 0x1F, 0xFE, 0x00, 0x00,
    0x00, 0x00, 0xFF, 0xFC, 0x00, 0x00, 0x00, 0x03, 0xFF, 0xF4, 0x00, 0x00, 0x00, 0x2F, 0x7F, 0xE0,
    0x00, 0x00, 0x00, 0xFC, 0xBF, 0xC0, 0x00, 0x00, 0x07, 0xE0, 0xFF, 0x40, 0x00, 0x00, 0x3F, 0x43,
    0xFF, 0x00, 0x00, 0x01, 0xFC, 0x0B, 0xFC, 0x00, 0x00, 0x0F, 0xE0, 0x0F, 0xF4, 0x00, 0x00, 0x3F,
    0x95, 0x7F, 0xF0, 0x00, 0x02, 0xFF, 0xFF, 0xFF, 0xC0, 0x00, 0x0F, 0xFF, 0xFF, 0xFF, 0x80, 0x00,
    0x7F, 0x55, 0x57, 0xFF, 0x00, 0x03, 0xFC, 0x00, 0x0B, 0xFD, 0x00, 0x1F, 0xD0, 0x00, 0x0F, 0xF8,
    0x01, 0xFF, 0x90, 0x00, 0x7F, 0xF9, 0x2F, 0xFF, 0xD0, 0x1F, 0xFF, 0xFC, 0xFF, 0xFF, 0x40, 0x7F,
    0xFF, 0xF0, 0x00, 0x00, 0x00, 0x07, 0xF0, 0x00, 0x00, 0x00, 0x00, 0xBE, 0x00, 0x00, 0x00, 0x00,
    0x03, 0xF4, 0x00, 0x00, 0x00, 0x00, 0x0F, 0xE0, 0x00, 0x00, 0x00, 0x00, 0x3F, 0xFD, 0x00, 0x00,
    0x00, 0x00, 0x7F, 0xF0, 0x00, 0x00, 0x00, 0x00, 0x04, 0x00, 0x00, 0x16, 0x50, 0x00, 0x02, 0xFF,
    0xFD, 0x00, 0x1F, 0xFF, 0xFF, 0x00, 0x3F, 0xE5, 0xFF, 0x80, 0x3F, 0x80, 0xBF, 0xC0, 0x2F, 0x40,
    0x7F, 0xC0, 0x00, 0x00, 0x7F, 0xC0, 0x00, 0x1A, 0xFF, 0xC0, 0x07, 0xFF, 0xFF, 0xC0, 0x2F, 0xFF,
    0xFF, 0xC0, 0x7F, 0xD0, 0x7F, 0xC0, 0xBF, 0x80, 0x7F, 0xC0, 0xFF, 0x80, 0xBF, 0xC0, 0xBF, 0xEB,
    0xFF, 0xE8, 0x7F, 0xFF, 0xFF, 0xFC, 0x1F, 0xFE, 0x1F, 0xF4, 0x01, 0x50, 0x0F, 0xC0, 0x00, 0x00,
    0x2F, 0x40, 0x00, 0x00, 0x3F, 0x00, 0x00, 0x00, 0x3F, 0x80, 0x00, 0x00, 0x3F, 0xFD, 0x00, 0x00,
    0x0B, 0xFC, 0x00, 0x00, 0x00, 0x00, 0x00, 0x00, 0x00, 0x00, 0x00, 0x00, 0x00, 0x28, 0x00, 0x00,
    0x00, 0x7F, 0x00, 0x00, 0x00, 0xBF, 0xD0, 0x00, 0x00, 0xFF, 0xF0, 0x00, 0x00, 0xBF, 0x90, 0x00,
    0x00, 0x09, 0x00, 0x00, 0x00, 0x00, 0x00, 0x00, 0x00, 0x00, 0x6A, 0x90, 0x00, 0x07, 0xFF, 0xFF,
    0xC0, 0x0F, 0xFF, 0xFF, 0xF4, 0x0F, 0xFF, 0xAB, 0xFD, 0x0B, 0xFD, 0x00, 0x3F, 0x47, 0xFD, 0x00,
    0x0F, 0xD3, 0xFF, 0x00, 0x02, 0xF0, 0xFF, 0x40, 0x00, 0x10, 0x7F, 0xC0, 0x00, 0x00, 0x2F, 0xF0,
    0x00, 0x00, 0x0B, 0xFC, 0x00, 0x00, 0x03, 0xFF, 0x00, 0x00, 0x00, 0xFF, 0xC0, 0x00, 0x00, 0x2F,
    0xF4, 0x00, 0x00, 0x0B, 0xFE, 0x00, 0x00, 0x01, 0xFF, 0xD0, 0x00, 0x00, 0x3F, 0xFD, 0x00, 0x00,
    0x07, 0xFF, 0xF9, 0x5A, 0xF0, 0xBF, 0xFF, 0xFF, 0xFC, 0x0B, 0xFF, 0xFF, 0xFD, 0x00, 0x2F, 0xFF,
    0xFD, 0x00, 0x00, 0x15, 0x50, 0x00, 0x00, 0x00, 0x00, 0x00, 0x00, 0x0E, 0x00, 0x00, 0x02, 0xF8,
    0x00, 0x00, 0x3F, 0x80, 0x00, 0x0F, 0xF0, 0x00, 0x01, 0xFC, 0x00, 0x00, 0x0F, 0x00, 0x00, 0x00,
    0x00, 0x00, 0x00, 0x00, 0x00, 0x00, 0x00, 0x59, 0x00, 0x00, 0xFF, 0xFE, 0x00, 0x7F, 0xFF, 0xF8,
    0x1F, 0xF9, 0xFF, 0xC3, 0xFD, 0x03, 0xFC, 0x7F, 0xC0, 0x3F, 0x4B, 0xF8, 0x01, 0x40, 0xFF, 0x80,
    0x00, 0x0F, 0xF8, 0x00, 0x00, 0xFF, 0x80, 0x00, 0x0F, 0xFC, 0x00, 0x00, 0xBF, 0xE0, 0x00, 0x07,
    0xFF, 0x80, 0x08, 0x3F, 0xFF, 0xFF, 0xC0, 0xFF, 0xFF, 0xFC, 0x02, 0xFF, 0xFE, 0x00, 0x01, 0x55,
    0x00, 0x00, 0x00, 0x7F, 0x00, 0x00, 0x00, 0x3F, 0xF0, 0x00, 0x00, 0x3F, 0xFF, 0x00, 0x00, 0x3F,
    0x4B, 0xF0, 0x00, 0x3F, 0x40, 0xBC, 0x00, 0x06, 0x40, 0x09, 0x00, 0x00, 0x00, 0x00, 0x00, 0x00,
    0x01, 0xAA, 0x40, 0x00, 0x1F, 0xFF, 0xFF, 0x00, 0x3F, 0xFF, 0xFF, 0xD0, 0x3F, 0xFE, 0xAF, 0xF4,
    0x2F, 0xF4, 0x00, 0xFD, 0x1F, 0xF4, 0x00, 0x3F, 0x4F, 0xFC, 0x00, 0x0B, 0xC3, 0xFD, 0x00, 0x00,
    0x41, 0xFF, 0x00, 0x00, 0x00, 0xBF, 0xC0, 0x00, 0x00, 0x2F, 0xF0, 0x00, 0x00, 0x0F, 0xFC, 0x00,
    0x00, 0x03, 0xFF, 0x00, 0x00, 0x00, 0xBF, 0xD0, 0x00, 0x00, 0x2F, 0xF8, 0x00, 0x00, 0x07, 0xFF,
    0x40, 0x00, 0x00, 0xFF, 0xF4, 0x00, 0x00, 0x1F, 0xFF, 0xE5, 0x6B, 0xC2, 0xFF, 0xFF, 0xFF, 0xF0,
    0x2F, 0xFF, 0xFF, 0xF4, 0x00, 0xBF, 0xFF, 0xF4, 0x00, 0x00, 0x55, 0x40, 0x00, 0x00, 0x01, 0x40,
    0x00, 0x01, 0xFD, 0x00, 0x00, 0x3F, 0xF4, 0x00, 0x0B, 0xEF, 0xC0, 0x01, 0xF8, 0x7E, 0x00, 0x3F,
    0x02, 0xF0, 0x01, 0x80, 0x08, 0x00, 0x00, 0x00, 0x00, 0x00, 0x05, 0x90, 0x00, 0x0F, 0xFF, 0xE0,
    0x07, 0xFF, 0xFF, 0x81, 0xFF, 0x9F, 0xFC, 0x3F, 0xD0, 0x3F, 0xC7, 0xFC, 0x03, 0xF4, 0xBF, 0x80,
    0x14, 0x0F, 0xF8, 0x00, 0x00, 0xFF, 0x80, 0x00, 0x0F, 0xF8, 0x00, 0x00, 0xFF, 0xC0, 0x00, 0x0B,
    0xFE, 0x00, 0x00, 0x7F, 0xF8, 0x00, 0x83, 0xFF, 0xFF, 0xFC, 0x0F, 0xFF, 0xFF, 0xC0, 0x2F, 0xFF,
    0xE0, 0x00, 0x15, 0x50, 0x00, 0x00, 0x00, 0x04, 0x00, 0x00, 0x00, 0x3F, 0xC0, 0x00, 0x00, 0x1F,
    0xF4, 0x00, 0x00, 0x07, 0xFD, 0x00, 0x00, 0x00, 0xFF, 0x00, 0x00, 0x00, 0x00, 0x00, 0x00, 0x00,
    0x00, 0x00, 0x00, 0x00, 0x01, 0xAA, 0x40, 0x00, 0x1F, 0xFF, 0xFF, 0x00, 0x3F, 0xFF, 0xFF, 0xD0,
    0x3F, 0xFE, 0xAF, 0xF4, 0x2F, 0xF4, 0x00, 0xFD, 0x1F, 0xF4, 0x00, 0x3F, 0x4F, 0xFC, 0x00, 0x0B,
    0xC3, 0xFD, 0x00, 0x00, 0x41, 0xFF, 0x00, 0x00, 0x00, 0xBF, 0xC0, 0x00, 0x00, 0x2F, 0xF0, 0x00,
    0x00, 0x0F, 0xFC, 0x00, 0x00, 0x03, 0xFF, 0x00, 0x00, 0x00, 0xBF, 0xD0, 0x00, 0x00, 0x2F, 0xF8,
    0x00, 0x00, 0x07, 0xFF, 0x40, 0x00, 0x00, 0xFF, 0xF4, 0x00, 0x00, 0x1F, 0xFF, 0xE5, 0x6B, 0xC2,
    0xFF, 0xFF, 0xFF, 0xF0, 0x2F, 0xFF, 0xFF, 0xF4, 0x00, 0xBF, 0xFF, 0xF4, 0x00, 0x00, 0x55, 0x40,
    0x00, 0x00, 0x0A, 0x40, 0x00, 0x03, 0xFD, 0x00, 0x00, 0x3F, 0xE0, 0x00, 0x03, 0xFD, 0x00, 0x00,
    0x1B, 0x40, 0x00, 0x00, 0x00, 0x00, 0x00, 0x00, 0x00, 0x00, 0x00, 0x59, 0x00, 0x00, 0xFF, 0xFE,
    0x00, 0x7F, 0xFF, 0xF8, 0x1F, 0xF9, 0xFF, 0xC3, 0xFD, 0x03, 0xFC, 0x7F, 0xC0, 0x3F, 0x4B, 0xF8,
    0x01, 0x40, 0xFF, 0x80, 0x00, 0x0F, 0xF8, 0x00, 0x00, 0xFF, 0x80, 0x00, 0x0F, 0xFC, 0x00, 0x00,
    0xBF, 0xE0, 0x00, 0x07, 0xFF, 0x80, 0x08, 0x3F, 0xFF, 0xFF, 0xC0, 0xFF, 0xFF, 0xFC, 0x02, 0xFF,
    0xFE, 0x00, 0x01, 0x55, 0x00, 0x00, 0x28, 0x00, 0x78, 0x00, 0x0F, 0x80, 0x7F, 0x00, 0x03, 0xFC,
    0x7F, 0x00, 0x00, 0x3F, 0xFF, 0x00, 0x00, 0x03, 0xFF, 0x00, 0x00, 0x00, 0x2F, 0x40, 0x00, 0x00,
    0x00, 0x00, 0x00, 0x00, 0x01, 0xAA, 0x40, 0x00, 0x1F, 0xFF, 0xFF, 0x00, 0x3F, 0xFF, 0xFF, 0xD0,
    0x3F, 0xFE, 0xAF, 0xF4, 0x2F, 0xF4, 0x00, 0xFD, 0x1F, 0xF4, 0x00, 0x3F, 0x4F, 0xFC, 0x00, 0x0B,
    0xC3, 0xFD, 0x00, 0x00, 0x41, 0xFF, 0x00, 0x00, 0x00, 0xBF, 0xC0, 0x00, 0x00, 0x2F, 0xF0, 0x00,
    0x00, 0x0F, 0xFC, 0x00, 0x00, 0x03, 0xFF, 0x00, 0x00, 0x00, 0xBF, 0xD0, 0x00, 0x00, 0x2F, 0xF8,
    0x00, 0x00, 0x07, 0xFF, 0x40, 0x00, 0x00, 0xFF, 0xF4, 0x00, 0x00, 0x1F, 0xFF, 0xE5, 0x6B, 0xC2,
    0xFF, 0xFF, 0xFF, 0xF0, 0x2F, 0xFF, 0xFF, 0xF4, 0x00, 0xBF, 0xFF, 0xF4, 0x00, 0x00, 0x55, 0x40,
    0x00, 0x02, 0x40, 0x1D, 0x00, 0xBD, 0x07, 0xE0, 0x07, 0xF0, 0xFC, 0x00, 0x2F, 0xFF, 0x00, 0x00,
    0xBF, 0xE0, 0x00, 0x02, 0xFC, 0x00, 0x00, 0x05, 0x00, 0x00, 0x00, 0x00, 0x00, 0x00, 0x05, 0x90,
    0x00, 0x0F, 0xFF, 0xE0, 0x07, 0xFF, 0xFF, 0x81, 0xFF, 0x9F, 0xFC, 0x3F, 0xD0, 0x3F, 0xC7, 0xFC,
    0x03, 0xF4, 0xBF, 0x80, 0x14, 0x0F, 0xF8, 0x00, 0x00, 0xFF, 0x80, 0x00, 0x0F, 0xF8, 0x00, 0x00,
    0xFF, 0xC0, 0x00, 0x0B, 0xFE, 0x00, 0x00, 0x7F, 0xF8, 0x00, 0x83, 0xFF, 0xFF, 0xFC, 0x0F, 0xFF,
    0xFF, 0xC0, 0x2F, 0xFF, 0xE0, 0x00, 0x15, 0x50, 0x00, 0x00, 0xB0, 0x01, 0xF0, 0x00, 0x00, 0x3F,
    0x01, 0xFC, 0x00, 0x00, 0x0B, 0xF1, 0xFC, 0x00, 0x00, 0x00, 0xFF, 0xFC, 0x00, 0x00, 0x00, 0x0F,
    0xFD, 0x00, 0x00, 0x00, 0x00, 0xBD, 0x00, 0x00, 0x00, 0x00, 0x00, 0x00, 0x00, 0x00, 0x01, 0x55,
    0x54, 0x00, 0x00, 0xFF, 0xFF, 0xFF, 0xF8, 0x00, 0x3F, 0xFF, 0xFF, 0xFF, 0xE0, 0x01, 0xBF, 0xE6,
    0xBF, 0xFF, 0x00, 0x1F, 0xF4, 0x02, 0xFF, 0xE0, 0x07, 0xFD, 0x00, 0x1F, 0xFD, 0x01, 0xFF, 0x40,
    0x02, 0xFF, 0x80, 0x7F, 0xD0, 0x00, 0x3F, 0xF0, 0x1F, 0xF4, 0x00, 0x0F, 0xFC, 0x07, 0xFD, 0x00,
    0x02, 0xFF, 0x41, 0xFF, 0x40, 0x00, 0xBF, 0xD0, 0x7F, 0xD0, 0x00, 0x2F, 0xF0, 0x1F, 0xF4, 0x00,
    0x0B, 0xFC, 0x07, 0xFD, 0x00, 0x03, 0xFF, 0x01, 0xFF, 0x40, 0x00, 0xFF, 0x80, 0x7F, 0xD0, 0x00,
    0xBF, 0xC0, 0x1F, 0xF4, 0x00, 0x7F, 0xE0, 0x07, 0xFD, 0x01, 0xBF, 0xE0, 0x06, 0xFF, 0xFF, 0xFF,
    0xE0, 0x0F, 0xFF, 0xFF, 0xFF, 0xD0, 0x03, 0xFF, 0xFF, 0xFE, 0x00, 0x00, 0x00, 0x00, 0x00, 0x00,
    0x00, 0x00, 0x00, 0x00, 0x00, 0x50, 0x14, 0x00, 0x00, 0xBF, 0xF4, 0x3E, 0x00, 0x02, 0xFF, 0xF4,
    0x3E, 0x00, 0x01, 0xBF, 0xF4, 0x7D, 0x00, 0x00, 0x0F, 0xF4, 0x7C, 0x00, 0x00, 0x0F, 0xF4, 0xB8,
    0x00, 0x00, 0x0F, 0xF4, 0xB4, 0x00, 0x06, 0x5F, 0xF4, 0x10, 0x01, 0xFF, 0xFF, 0xF4, 0x00, 0x0B,
    0xFF, 0xFF, 0xF4, 0x00, 0x1F, 0xF9, 0x6F, 0xF4, 0x00, 0x3F, 0xE0, 0x0F, 0xF4, 0x00, 0x7F, 0xC0,
    0x0F, 0xF4, 0x00, 0xBF, 0xC0, 0x0F, 0xF4, 0x00, 0xFF, 0x80, 0x0F, 0xF4, 0x00, 0xFF, 0x80, 0x0F,
    0xF4, 0x00, 0xFF, 0x80, 0x0F, 0xF4, 0x00, 0xFF, 0xC0, 0x0F, 0xF4, 0x00, 0xFF, 0xC0, 0x0F, 0xF4,
    0x00, 0xBF, 0xF0, 0x2F, 0xF4, 0x00, 0x3F, 0xFF, 0xFF, 0xF9, 0x00, 0x2F, 0xFF, 0xFB, 0xFF, 0xC0,
    0x0B, 0xFF, 0xC3, 0xFF, 0xC0, 0x00, 0x54, 0x01, 0x40, 0x00, 0x00, 0x15, 0x55, 0x40, 0x00, 0x03,
    0xFF, 0xFF, 0xFF, 0xE0, 0x00, 0x3F, 0xFF, 0xFF, 0xFF, 0xE0, 0x00, 0x6F, 0xF9, 0xAF, 0xFF, 0xC0,
    0x01, 0xFF, 0x40, 0x2F, 0xFE, 0x00, 0x1F, 0xF4, 0x00, 0x7F, 0xF4, 0x01, 0xFF, 0x40, 0x02, 0xFF,
    0x80, 0x1F, 0xF4, 0x00, 0x0F, 0xFC, 0x01, 0xFF, 0x40, 0x00, 0xFF, 0xC0, 0x1F, 0xF4, 0x00, 0x0B,
    0xFD, 0x7F, 0xFF, 0xFF, 0x40, 0xBF, 0xD7, 0xFF, 0xFF, 0xF4, 0x0B, 0xFC, 0x01, 0xFF, 0x40, 0x00,
    0xBF, 0xC0, 0x1F, 0xF4, 0x00, 0x0F, 0xFC, 0x01, 0xFF, 0x40, 0x00, 0xFF, 0x80, 0x1F, 0xF4, 0x00,
    0x2F, 0xF0, 0x01, 0xFF, 0x40, 0x07, 0xFE, 0x00, 0x1F, 0xF4, 0x06, 0xFF, 0x80, 0x06, 0xFF, 0xFF,
    0xFF, 0xE0, 0x03, 0xFF, 0xFF, 0xFF, 0xF4, 0x00, 0x3F, 0xFF, 0xFF, 0xE0, 0x00, 0x00, 0x00, 0x00,
    0x00, 0x00, 0x00, 0x00, 0x00, 0x00, 0x50, 0x00, 0x00, 0x0B, 0xFF, 0x40, 0x00, 0x02, 0xFF, 0xF4,
    0x00, 0x00, 0x0A, 0xFF, 0x40, 0x00, 0x00, 0x0F, 0xF4, 0x00, 0x00, 0xFF, 0xFF, 0xFC, 0x00, 0x0B,
    0xFF, 0xFF, 0xC0, 0x00, 0x00, 0xFF, 0x40, 0x00, 0x6B, 0xEF, 0xF4, 0x00, 0x3F, 0xFF, 0xFF, 0x40,
    0x0F, 0xFF, 0xFF, 0xF4, 0x03, 0xFF, 0x41, 0xFF, 0x40, 0x7F, 0xD0, 0x0F, 0xF4, 0x0B, 0xFC, 0x00,
    0xFF, 0x40, 0xFF, 0x80, 0x0F, 0xF4, 0x0F, 0xF8, 0x00, 0xFF, 0x40, 0xFF, 0x80, 0x0F, 0xF4, 0x0F,
    0xFC, 0x00, 0xFF, 0x40, 0xFF, 0xC0, 0x0F, 0xF4, 0x0B, 0xFF, 0x02, 0xFF, 0x40, 0x3F, 0xFF, 0xFF,
    0xF9, 0x02, 0xFF, 0xFF, 0xBF, 0xFC, 0x0B, 0xFF, 0xC3, 0xFF, 0xC0, 0x05, 0x40, 0x14, 0x00, 0x00,
    0xFF, 0xFF, 0xC0, 0x00, 0x7F, 0xFF, 0xF0, 0x00, 0x0F, 0xFF, 0xFC, 0x00, 0x00, 0x00, 0x00, 0x00,
    0x00, 0x00, 0x00, 0x00, 0x00, 0x00, 0x00, 0x00, 0x0F, 0xFF, 0xFF, 0xFF, 0xF7, 0xFF, 0xFF, 0xFF,
    0xFD, 0x1B, 0xFF, 0xFF, 0xFF, 0x41, 0xFF, 0x40, 0x0B, 0xD0, 0x7F, 0xD0, 0x01, 0xF4, 0x1F, 0xF4,
    0x00, 0x38, 0x07, 0xFD, 0x00, 0x00, 0x01, 0xFF, 0x40, 0x00, 0x00, 0x7F, 0xEA, 0xAA, 0x00, 0x1F,
    0xFF, 0xFF, 0xD0, 0x07, 0xFF, 0xFF, 0xF0, 0x01, 0xFF, 0x95, 0x54, 0x00, 0x7F, 0xD0, 0x00, 0x00,
    0x1F, 0xF4, 0x00, 0x00, 0x07, 0xFD, 0x00, 0x0F, 0x41, 0xFF, 0x40, 0x07, 0xE0, 0x7F, 0xD0, 0x03,
    0xF8, 0x6F, 0xFF, 0xFF, 0xFD, 0xFF, 0xFF, 0xFF, 0xFF, 0x7F, 0xFF, 0xFF, 0xFF, 0xC0, 0x03, 0xFF,
    0xFF, 0x00, 0x7F, 0xFF, 0xF0, 0x07, 0xFF, 0xFF, 0x00, 0x00, 0x00, 0x00, 0x00, 0x00, 0x00, 0x00,
    0x00, 0x65, 0x00, 0x01, 0xFF, 0xFE, 0x00, 0xBF, 0xFF, 0xF8, 0x1F, 0xF5, 0xBF, 0xC3, 0xFC, 0x03,
    0xFE, 0x7F, 0x80, 0x2F, 0xEB, 0xF8, 0x02, 0xFE, 0xFF, 0xFF, 0xFF, 0xEF, 0xFF, 0xFF, 0xFE, 0xFF,
    0x95, 0x55, 0x4F, 0xF4, 0x00, 0x00, 0xBF, 0xC0, 0x00, 0x07, 0xFE, 0x00, 0x04, 0x3F, 0xFF, 0xFF,
    0xD1, 0xFF, 0xFF, 0xFC, 0x02, 0xFF, 0xFF, 0x40, 0x00, 0x55, 0x00, 0x00, 0x00, 0x00, 0x00, 0x00,
    0x3C, 0x00, 0x70, 0x00, 0x1F, 0xD1, 0xBC, 0x00, 0x03, 0xFF, 0xFE, 0x00, 0x00, 0x3F, 0xFE, 0x00,
    0x00, 0x01, 0x54, 0x00, 0x00, 0x00, 0x00, 0x00, 0x00, 0x00, 0x00, 0x00, 0x00, 0xFF, 0xFF, 0xFF,
    0xFF, 0x7F, 0xFF, 0xFF, 0xFF, 0xD1, 0xBF, 0xFF, 0xFF, 0xF4, 0x1F, 0xF4, 0x00, 0xBD, 0x07, 0xFD,
    0x00, 0x1F, 0x41, 0xFF, 0x40, 0x03, 0x80, 0x7F, 0xD0, 0x00, 0x00, 0x1F, 0xF4, 0x00, 0x00, 0x07,
    0xFE, 0xAA, 0xA0, 0x01, 0xFF, 0xFF, 0xFD, 0x00, 0x7F, 0xFF, 0xFF, 0x00, 0x1F, 0xF9, 0x55, 0x40,
    0x07, 0xFD, 0x00, 0x00, 0x01, 0xFF, 0x40, 0x00, 0x00, 0x7F, 0xD0, 0x00, 0xF4, 0x1F, 0xF4, 0x00,
    0x7E, 0x07, 0xFD, 0x00, 0x3F, 0x86, 0xFF, 0xFF, 0xFF, 0xDF, 0xFF, 0xFF, 0xFF, 0xF7, 0xFF, 0xFF,
    0xFF, 0xFC, 0x00, 0x40, 0x00, 0x00, 0x3C, 0x00, 0x70, 0x07, 0xF4, 0x2F, 0x00, 0x3F, 0xFF, 0xD0,
    0x00, 0xFF, 0xF4, 0x00, 0x00, 0x50, 0x00, 0x00, 0x00, 0x00, 0x00, 0x00, 0x65, 0x00, 0x01, 0xFF,
    0xFE, 0x00, 0xBF, 0xFF, 0xF8, 0x1F, 0xF5, 0xBF, 0xC3, 0xFC, 0x03, 0xFE, 0x7F, 0x80, 0x2F, 0xEB,
    0xF8, 0x02, 0xFE, 0xFF, 0xFF, 0xFF, 0xEF, 0xFF, 0xFF, 0xFE, 0xFF, 0x95, 0x55, 0x4F, 0xF4, 0x00,
    0x00, 0xBF, 0xC0, 0x00, 0x07, 0xFE, 0x00, 0x04, 0x3F, 0xFF, 0xFF, 0xD1, 0xFF, 0xFF, 0xFC, 0x02,
    0xFF, 0xFF, 0x40, 0x00, 0x55, 0x00, 0x00, 0x00, 0x40, 0x00, 0x00, 0x01, 0xFD, 0x00, 0x00, 0x00,
    0xFF, 0xC0, 0x00, 0x00, 0x3F, 0xF0, 0x00, 0x00, 0x0B, 0xF4, 0x00, 0x00, 0x00, 0x10, 0x00, 0x00,
    0x00, 0x00, 0x00, 0x00, 0x00, 0x00, 0x00, 0x00, 0xFF, 0xFF, 0xFF, 0xFF, 0x7F, 0xFF, 0xFF, 0xFF,
    0xD1, 0xBF, 0xFF, 0xFF, 0xF4, 0x1F, 0xF4, 0x00, 0xBD, 0x07, 0xFD, 0x00, 0x1F, 0x41, 0xFF, 0x40,
    0x03, 0x80, 0x7F, 0xD0, 0x00, 0x00, 0x1F, 0xF4, 0x00, 0x00, 0x07, 0xFE, 0xAA, 0xA0, 0x01, 0xFF,
    0xFF, 0xFD, 0x00, 0x7F, 0xFF, 0xFF, 0x00, 0x1F, 0xF9, 0x55, 0x40, 0x07, 0xFD, 0x00, 0x00, 0x01,
    0xFF, 0x40, 0x00, 0x00, 0x7F, 0xD0, 0x00, 0xF4, 0x1F, 0xF4, 0x00, 0x7E, 0x07, 0xFD, 0x00, 0x3F,
    0x86, 0xFF, 0xFF, 0xFF, 0xDF, 0xFF, 0xFF, 0xFF, 0xF7, 0xFF, 0xFF, 0xFF, 0xFC, 0x00, 0x06, 0x40,
    0x00, 0x03, 0xFD, 0x00, 0x00, 0x3F, 0xE0, 0x00, 0x03, 0xFE, 0x00, 0x00, 0x0B, 0x80, 0x00, 0x00,
    0x00, 0x00, 0x00, 0x00, 0x00, 0x00, 0x00, 0x65, 0x00, 0x01, 0xFF, 0xFE, 0x00, 0xBF, 0xFF, 0xF8,
    0x1F, 0xF5, 0xBF, 0xC3, 0xFC, 0x03, 0xFE, 0x7F, 0x80, 0x2F, 0xEB, 0xF8, 0x02, 0xFE, 0xFF, 0xFF,
    0xFF, 0xEF, 0xFF, 0xFF, 0xFE, 0xFF, 0x95, 0x55, 0x4F, 0xF4, 0x00, 0x00, 0xBF, 0xC0, 0x00, 0x07,
    0xFE, 0x00, 0x04, 0x3F, 0xFF, 0xFF, 0xD1, 0xFF, 0xFF, 0xFC, 0x02, 0xFF, 0xFF, 0x40, 0x00, 0x55,
    0x00, 0x00, 0x00, 0x00, 0x00, 0x3F, 0xFF, 0xFF, 0xFF, 0xDF, 0xFF, 0xFF, 0xFF, 0xF4, 0x6F, 0xFF,
    0xFF, 0xFD, 0x07, 0xFD, 0x00, 0x2F, 0x41, 0xFF, 0x40, 0x07, 0xD0, 0x7F, 0xD0, 0x00, 0xE0, 0x1F,
    0xF4, 0x00, 0x00, 0x07, 0xFD, 0x00, 0x00, 0x01, 0xFF, 0xAA, 0xA8, 0x00, 0x7F, 0xFF, 0xFF, 0x40,
    0x1F, 0xFF, 0xFF, 0xC0, 0x07, 0xFE, 0x55, 0x50, 0x01, 0xFF, 0x40, 0x00, 0x00, 0x7F, 0xD0, 0x00,
    0x00, 0x1F, 0xF4, 0x00, 0x3D, 0x07, 0xFD, 0x00, 0x1F, 0x81, 0xFF, 0x40, 0x0F, 0xE1, 0xBF, 0xFF,
    0xFF, 0xF7, 0xFF, 0xFF, 0xFF, 0xFD, 0xFF, 0xFF, 0xFF, 0xFF, 0x00, 0x00, 0x01, 0xF8, 0x00, 0x00,
    0x01, 0xF8, 0x00, 0x00, 0x00, 0xFD, 0x00, 0x00, 0x00, 0x3F, 0xC0, 0x00, 0x00, 0x0F, 0xFF, 0x80,
    0x00, 0x01, 0xFF, 0xC0, 0x00, 0x00, 0x01, 0x00, 0x00, 0x06, 0x50, 0x00, 0x1F, 0xFF, 0xE0, 0x0B,
    0xFF, 0xFF, 0x81, 0xFF, 0x5B, 0xFC, 0x3F, 0xC0, 0x3F, 0xE7, 0xF8, 0x02, 0xFE, 0xBF, 0x80, 0x2F,
    0xEF, 0xFF, 0xFF, 0xFE, 0xFF, 0xFF, 0xFF, 0xEF, 0xF9, 0x55, 0x54, 0xFF, 0x40, 0x00, 0x0B, 0xFC,
    0x00, 0x00, 0x7F, 0xE0, 0x00, 0x43, 0xFF, 0xFF, 0xFD, 0x1F, 0xFF, 0xFF, 0xC0, 0x2F, 0xFF, 0xF0,
    0x00, 0x05, 0xFC, 0x00, 0x00, 0x1F, 0x40, 0x00, 0x03, 0xF0, 0x00, 0x00, 0x3F, 0x80, 0x00, 0x03,
    0xFF, 0xD0, 0x00, 0x0B, 0xFC, 0x00, 0x00, 0x00, 0x00, 0x01, 0xD0, 0x03, 0xD0, 0x00, 0xFC, 0x03,
    0xF4, 0x00, 0x1F, 0xD3, 0xF4, 0x00, 0x02, 0xFF, 0xF4, 0x00, 0x00, 0x2F, 0xF8, 0x00, 0x00, 0x01,
    0xF8, 0x00, 0x00, 0x00, 0x00, 0x00, 0x00, 0x00, 0x00, 0x00, 0x00, 0xFF, 0xFF, 0xFF, 0xFF, 0x7F,
    0xFF, 0xFF, 0xFF, 0xD1, 0xBF, 0xFF, 0xFF, 0xF4, 0x1F, 0xF4, 0x00, 0xBD, 0x07, 0xFD, 0x00, 0x1F,
    0x41, 0xFF, 0x40, 0x03, 0x80, 0x7F, 0xD0, 0x00, 0x00, 0x1F, 0xF4, 0x00, 0x00, 0x07, 0xFE, 0xAA,
    0xA0, 0x01, 0xFF, 0xFF, 0xFD, 0x00, 0x7F, 0xFF, 0xFF, 0x00, 0x1F, 0xF9, 0x55, 0x40, 0x07, 0xFD,
    0x00, 0x00, 0x01, 0xFF, 0x40, 0x00, 0x00, 0x7F, 0xD0, 0x00, 0xF4, 0x1F, 0xF4, 0x00, 0x7E, 0x07,
    0xFD, 0x00, 0x3F, 0x86, 0xFF, 0xFF, 0xFF, 0xDF, 0xFF, 0xFF, 0xFF, 0xF7, 0xFF, 0xFF, 0xFF, 0xFC,
    0x01, 0x80, 0x1D, 0x00, 0x7D, 0x07, 0xE0, 0x03, 0xF0, 0xFC, 0x00, 0x1F, 0xEF, 0x40, 0x00, 0xBF,
    0xE0, 0x00, 0x02, 0xFC, 0x00, 0x00, 0x01, 0x00, 0x00, 0x00, 0x00, 0x00, 0x00, 0x06, 0x50, 0x00,
    0x1F, 0xFF, 0xE0, 0x0B, 0xFF, 0xFF, 0x81, 0xFF, 0x5B, 0xFC, 0x3F, 0xC0, 0x3F, 0xE7, 0xF8, 0x02,
    0xFE, 0xBF, 0x80, 0x2F, 0xEF, 0xFF, 0xFF, 0xFE, 0xFF, 0xFF, 0xFF, 0xEF, 0xF9, 0x55, 0x54, 0xFF,
    0x40, 0x00, 0x0B, 0xFC, 0x00, 0x00, 0x7F, 0xE0, 0x00, 0x43, 0xFF, 0xFF, 0xFD, 0x1F, 0xFF, 0xFF,
    0xC0, 0x2F, 0xFF, 0xF4, 0x00, 0x05, 0x50, 0x00, 0x00, 0x00, 0x2F, 0x80, 0x00, 0x00, 0x00, 0x7F,
    0xE0, 0x00, 0x00, 0x01, 0xFF, 0xF8, 0x00, 0x00, 0x03, 0xF0, 0xFE, 0x00, 0x00, 0x0F, 0xD0, 0x3F,
    0x00, 0x00, 0x0A, 0x00, 0x08, 0x00, 0x00, 0x00, 0x00, 0x00, 0x00, 0x00, 0x00, 0x6A, 0xA5, 0x00,
    0x00, 0x0B, 0xFF, 0xFF, 0xE0, 0x00, 0xBF, 0xFF, 0xFF, 0xF0, 0x02, 0xFF, 0xFA, 0xAF, 0xF0, 0x0B,
    0xFE, 0x00, 0x0B, 0xF0, 0x1F, 0xF8, 0x00, 0x07, 0xF0, 0x2F, 0xF0, 0x00, 0x03, 0xD0, 0x3F, 0xD0,
    0x00, 0x01, 0x00, 0x7F, 0xC0, 0x00, 0x00, 0x00, 0xBF, 0xC0, 0x00, 0x00, 0x00, 0xBF, 0xC0, 0x00,
    0x00, 0x00, 0xFF, 0xC0, 0x02, 0xAA, 0xA8, 0xFF, 0xC0, 0x03, 0xFF, 0xFC, 0xBF, 0xD0, 0x02, 0xFF,
    0xFC, 0xBF, 0xE0, 0x00, 0x0F, 0xF8, 0x7F, 0xF0, 0x00, 0x0F, 0xF8, 0x3F, 0xFC, 0x00, 0x0F, 0xF8,
    0x1F, 0xFF, 0x40, 0x0F, 0xF8, 0x0B, 0xFF, 0xFF, 0xFF, 0xF8, 0x02, 0xFF, 0xFF, 0xFF, 0xF4, 0x00,
    0x2F, 0xFF, 0xFF, 0x40, 0x00, 0x00, 0x55, 0x40, 0x00, 0x00, 0x00, 0x50, 0x00, 0x00, 0x00, 0x7F,
    0x40, 0x00, 0x00, 0x0F, 0xFD, 0x00, 0x00, 0x02, 0xFB, 0xF0, 0x00, 0x00, 0x7E, 0x1F, 0x80, 0x00,
    0x0F, 0xC0, 0xBC, 0x00, 0x00, 0x60, 0x02, 0x00, 0x00, 0x00, 0x00, 0x00, 0x00, 0x00, 0x05, 0x94,
    0x16, 0x40, 0x0B, 0xFF, 0xFF, 0xFC, 0x02, 0xFF, 0xFF, 0xFF, 0xC0, 0x7F, 0xD1, 0xFF, 0x28, 0x0F,
    0xF0, 0x0B, 0xF4, 0x00, 0xFF, 0x00, 0x7F, 0x80, 0x0F, 0xF0, 0x07, 0xF8, 0x00, 0xFF, 0x40, 0xFF,
    0x40, 0x07, 0xFF, 0xBF, 0xF0, 0x00, 0x2F, 0xFF, 0xFC, 0x00, 0x02, 0xFF, 0xFD, 0x00, 0x00, 0x7F,
    0x00, 0x00, 0x00, 0x0F, 0xE0, 0x00, 0x00, 0x00, 0xFF, 0xFF, 0xEA, 0x40, 0x0B, 0xFF, 0xFF, 0xFE,
    0x00, 0x7F, 0xFF, 0xFF, 0xF0, 0x1F, 0xEA, 0xAB, 0xFF, 0x43, 0xFC, 0x00, 0x0F, 0xF4, 0x7F, 0xC0,
    0x01, 0xFF, 0x07, 0xFE, 0x41, 0xBF, 0xE0, 0x3F, 0xFF, 0xFF, 0xF8, 0x00, 0xFF, 0xFF, 0xFD, 0x00,
    0x01, 0xAF, 0xA4, 0x00, 0x00, 0x00, 0x01, 0x00, 0x00, 0x00, 0x00, 0x0F, 0x40, 0x0E, 0x00, 0x00,
    0x0F, 0xE5, 0xBE, 0x00, 0x00, 0x0B, 0xFF, 0xFC, 0x00, 0x00, 0x02, 0xFF, 0xF0, 0x00, 0x00, 0x00,
    0x19, 0x00, 0x00, 0x00, 0x00, 0x00, 0x00, 0x00, 0x00, 0x00, 0x6A, 0xA5, 0x00, 0x00, 0x0B, 0xFF,
    0xFF, 0xE0, 0x00, 0xBF, 0xFF, 0xFF, 0xF0, 0x02, 0xFF, 0xFA, 0xAF, 0xF0, 0x0B, 0xFE, 0x00, 0x0B,
    0xF0, 0x1F, 0xF8, 0x00, 0x07, 0xF0, 0x2F, 0xF0, 0x00, 0x03, 0xD0, 0x3F, 0xD0, 0x00, 0x01, 0x00,
    0x7F, 0xC0, 0x00, 0x00, 0x00, 0xBF, 0xC0, 0x00, 0x00, 0x00, 0xBF, 0xC0, 0x00, 0x00, 0x00, 0xFF,
    0xC0, 0x02, 0xAA, 0xA8, 0xFF, 0xC0, 0x03, 0xFF, 0xFC, 0xBF, 0xD0, 0x02, 0xFF, 0xFC, 0xBF, 0xE0,
    0x00, 0x0F, 0xF8, 0x7F, 0xF0, 0x00, 0x0F, 0xF8, 0x3F, 0xFC, 0x00, 0x0F, 0xF8, 0x1F, 0xFF, 0x40,
    0x0F, 0xF8, 0x0B, 0xFF, 0xFF, 0xFF, 0xF8, 0x02, 0xFF, 0xFF, 0xFF, 0xF4, 0x00, 0x2F, 0xFF, 0xFF,
    0x40, 0x00, 0x00, 0x55, 0x40, 0x00, 0x00, 0x00, 0x00, 0x00, 0x00, 0x1F, 0x00, 0x1C, 0x00, 0x02,
    0xFD, 0x0B, 0xC0, 0x00, 0x0F, 0xFF, 0xF4, 0x00, 0x00, 0x7F, 0xFD, 0x00, 0x00, 0x00, 0x14, 0x00,
    0x00, 0x00, 0x00, 0x00, 0x00, 0x00, 0x00, 0x59, 0x41, 0x64, 0x00, 0xBF, 0xFF, 0xFF, 0xC0, 0x2F,
    0xFF, 0xFF, 0xFC, 0x07, 0xFD, 0x1F, 0xF2, 0x80, 0xFF, 0x00, 0xBF, 0x40, 0x0F, 0xF0, 0x07, 0xF8,
    0x00, 0xFF, 0x00, 0x7F, 0x80, 0x0F, 0xF4, 0x0F, 0xF4, 0x00, 0x7F, 0xFB, 0xFF, 0x00, 0x02, 0xFF,
    0xFF, 0xC0, 0x00, 0x2F, 0xFF, 0xD0, 0x00, 0x07, 0xF0, 0x00, 0x00, 0x00, 0xFE, 0x00, 0x00, 0x00,
    0x0F, 0xFF, 0xFE, 0xA4, 0x00, 0xBF, 0xFF, 0xFF, 0xE0, 0x07, 0xFF, 0xFF, 0xFF, 0x01, 0xFE, 0xAA,
    0xBF, 0xF4, 0x3F, 0xC0, 0x00, 0xFF, 0x47, 0xFC, 0x00, 0x1F, 0xF0, 0x7F, 0xE4, 0x1B, 0xFE, 0x03,
    0xFF, 0xFF, 0xFF, 0x80, 0x0F, 0xFF, 0xFF, 0xD0, 0x00, 0x1A, 0xFA, 0x40, 0x00, 0x00, 0x00, 0x04,
    0x00, 0x00, 0x00, 0x00, 0x3F, 0x80, 0x00, 0x00, 0x00, 0xBF, 0xC0, 0x00, 0x00, 0x00, 0xBF, 0xC0,
    0x00, 0x00, 0x00, 0x7F, 0x80, 0x00, 0x00, 0x00, 0x04, 0x00, 0x00, 0x00, 0x00, 0x00, 0x00, 0x00,
    0x00, 0x00, 0x6A, 0xA5, 0x00, 0x00, 0x0B, 0xFF, 0xFF, 0xE0, 0x00, 0xBF, 0xFF, 0xFF, 0xF0, 0x02,
    0xFF, 0xFA, 0xAF, 0xF0, 0x0B, 0xFE, 0x00, 0x0B, 0xF0, 0x1F, 0xF8, 0x00, 0x07, 0xF0, 0x2F, 0xF0,
    0x00, 0x03, 0xD0, 0x3F, 0xD0, 0x00, 0x01, 0x00, 0x7F, 0xC0, 0x00, 0x00, 0x00, 0xBF, 0xC0, 0x00,
    0x00, 0x00, 0xBF, 0xC0, 0x00, 0x00, 0x00, 0xFF, 0xC0, 0x02, 0xAA, 0xA8, 0xFF, 0xC0, 0x03, 0xFF,
    0xFC, 0xBF, 0xD0, 0x02, 0xFF, 0xFC, 0xBF, 0xE0, 0x00, 0x0F, 0xF8, 0x7F, 0xF0, 0x00, 0x0F, 0xF8,
    0x3F, 0xFC, 0x00, 0x0F, 0xF8, 0x1F, 0xFF, 0x40, 0x0F, 0xF8, 0x0B, 0xFF, 0xFF, 0xFF, 0xF8, 0x02,
    0xFF, 0xFF, 0xFF, 0xF4, 0x00, 0x2F, 0xFF, 0xFF, 0x40, 0x00, 0x00, 0x55, 0x40, 0x00, 0x00, 0x02,
    0x90, 0x00, 0x00, 0x00, 0xFF, 0x40, 0x00, 0x00, 0x0F, 0xF8, 0x00, 0x00, 0x00, 0xFF, 0x40, 0x00,
    0x00, 0x06, 0xD0, 0x00, 0x00, 0x00, 0x00, 0x00, 0x00, 0x00, 0x00, 0x00, 0x00, 0x00, 0x00, 0x59,
    0x41, 0x64, 0x00, 0xBF, 0xFF, 0xFF, 0xC0, 0x2F, 0xFF, 0xFF, 0xFC, 0x07, 0xFD, 0x1F, 0xF2, 0x80,
    0xFF, 0x00, 0xBF, 0x40, 0x0F, 0xF0, 0x07, 0xF8, 0x00, 0xFF, 0x00, 0x7F, 0x80, 0x0F, 0xF4, 0x0F,
    0xF4, 0x00, 0x7F, 0xFB, 0xFF, 0x00, 0x02, 0xFF, 0xFF, 0xC0, 0x00, 0x2F, 0xFF, 0xD0, 0x00, 0x07,
    0xF0, 0x00, 0x00, 0x00, 0xFE, 0x00, 0x00, 0x00, 0x0F, 0xFF, 0xFE, 0xA4, 0x00, 0xBF, 0xFF, 0xFF,
    0xE0, 0x07, 0xFF, 0xFF, 0xFF, 0x01, 0xFE, 0xAA, 0xBF, 0xF4, 0x3F, 0xC0, 0x00, 0xFF, 0x47, 0xFC,
    0x00, 0x1F, 0xF0, 0x7F, 0xE4, 0x1B, 0xFE, 0x03, 0xFF, 0xFF, 0xFF, 0x80, 0x0F, 0xFF, 0xFF, 0xD0,
    0x00, 0x1A, 0xFA, 0x40, 0x00, 0x00, 0x00, 0x6A, 0xA5, 0x00, 0x00, 0x0B, 0xFF, 0xFF, 0xE0, 0x00,
    0xBF, 0xFF, 0xFF, 0xF0, 0x02, 0xFF, 0xFA, 0xAF, 0xF0, 0x0B, 0xFE, 0x00, 0x0B, 0xF0, 0x1F, 0xF8,
    0x00, 0x07, 0xF0, 0x2F, 0xF0, 0x00, 0x03, 0xD0, 0x3F, 0xD0, 0x00, 0x01, 0x00, 0x7F, 0xC0, 0x00,
    0x00, 0x00, 0xBF, 0xC0, 0x00, 0x00, 0x00, 0xBF, 0xC0, 0x00, 0x00, 0x00, 0xFF, 0xC0, 0x02, 0xAA,
    0xA8, 0xFF, 0xC0, 0x03, 0xFF, 0xFC, 0xBF, 0xD0, 0x02, 0xFF, 0xFC, 0xBF, 0xE0, 0x00, 0x0F, 0xF8,
    0x7F, 0xF0, 0x00, 0x0F, 0xF8, 0x3F, 0xFC, 0x00, 0x0F, 0xF8, 0x1F, 0xFF, 0x40, 0x0F, 0xF8, 0x0B,
    0xFF, 0xFF, 0xFF, 0xF8, 0x02, 0xFF, 0xFF, 0xFF, 0xF4, 0x00, 0x2F, 0xFF, 0xFF, 0x40, 0x00, 0x00,
    0x55, 0x40, 0x00, 0x00, 0x00, 0x06, 0x40, 0x00, 0x00, 0x00, 0x3F, 0xD0, 0x00, 0x00, 0x00, 0x0F,
    0xE0, 0x00, 0x00, 0x00, 0x0F, 0xE0, 0x00, 0x00, 0x00, 0x1F, 0xC0, 0x00, 0x00, 0x00, 0x3F, 0x40,
    0x00, 0x00, 0x00, 0x14, 0x00, 0x00, 0x00, 0x00, 0xB0, 0x00, 0x00, 0x00, 0x3F, 0x00, 0x00, 0x00,
    0x07, 0xE0, 0x00, 0x00, 0x00, 0xFD, 0x00, 0x00, 0x00, 0x0F, 0xC0, 0x00, 0x00, 0x00, 0xFD, 0x00,
    0x00, 0x00, 0x0F, 0xF0, 0x00, 0x00, 0x00, 0x7E, 0x00, 0x00, 0x00, 0x00, 0x00, 0x00, 0x00, 0x00,
    0x59, 0x41, 0x64, 0x00, 0xBF, 0xFF, 0xFF, 0xC0, 0x2F, 0xFF, 0xFF, 0xFC, 0x07, 0xFD, 0x1F, 0xF2,
    0x80, 0xFF, 0x00, 0xBF, 0x40, 0x0F, 0xF0, 0x07, 0xF8, 0x00, 0xFF, 0x00, 0x7F, 0x80, 0x0F, 0xF4,
    0x0F, 0xF4, 0x00, 0x7F, 0xFB, 0xFF, 0x00, 0x02, 0xFF, 0xFF, 0xC0, 0x00, 0x2F, 0xFF, 0xD0, 0x00,
    0x07, 0xF0, 0x00, 0x00, 0x00, 0xFE, 0x00, 0x00, 0x00, 0x0F, 0xFF, 0xFE, 0xA4, 0x00, 0xBF, 0xFF,
    0xFF, 0xE0, 0x07, 0xFF, 0xFF, 0xFF, 0x01, 0xFE, 0xAA, 0xBF, 0xF4, 0x3F, 0xC0, 0x00, 0xFF, 0x47,
    0xFC, 0x00, 0x1F, 0xF0, 0x7F, 0xE4, 0x1B, 0xFE, 0x03, 0xFF, 0xFF, 0xFF, 0x80, 0x0F, 0xFF, 0xFF,
    0xD0, 0x00, 0x1A, 0xFA, 0x40, 0x00, 0x00, 0x00, 0x0B, 0xD0, 0x00, 0x00, 0x00, 0x00, 0xBF, 0xD0,
    0x00, 0x00, 0x00, 0x0B, 0xFF, 0xD0, 0x00, 0x00, 0x00, 0x7F, 0x1F, 0xD0, 0x00, 0x00, 0x07, 0xF0,
    0x1F, 0x80, 0x00, 0x00, 0x0A, 0x00, 0x18, 0x00, 0x00, 0x00, 0x00, 0x00, 0x00, 0x00, 0x00, 0x00,
    0x00, 0x00, 0x00, 0x00, 0xFF, 0xFF, 0xF0, 0x3F, 0xFF, 0xFF, 0xFF, 0xFF, 0x80, 0xFF, 0xFF, 0xE1,
    0xBF, 0xE0, 0x00, 0x7F, 0xF8, 0x01, 0xFF, 0x40, 0x00, 0x7F, 0xD0, 0x07, 0xFD, 0x00, 0x01, 0xFF,
    0x40, 0x1F, 0xF4, 0x00, 0x07, 0xFD, 0x00, 0x7F, 0xD0, 0x00, 0x1F, 0xF4, 0x01, 0xFF, 0x40, 0x00,
    0x7F, 0xD0, 0x07, 0xFE, 0xAA, 0xAB, 0xFF, 0x40, 0x1F, 0xFF, 0xFF, 0xFF, 0xFD, 0x00, 0x7F, 0xFF,
    0xFF, 0xFF, 0xF4, 0x01, 0xFF, 0x95, 0x55, 0xBF, 0xD0, 0x07, 0xFD, 0x00, 0x01, 0xFF, 0x40, 0x1F,
    0xF4, 0x00, 0x07, 0xFD, 0x00, 0x7F, 0xD0, 0x00, 0x1F, 0xF4, 0x01, 0xFF, 0x40, 0x00, 0x7F, 0xD0,
    0x07, 0xFD, 0x00, 0x01, 0xFF, 0x40, 0x6F, 0xFE, 0x00, 0x1F, 0xFF, 0x8F, 0xFF, 0xFF, 0x03, 0xFF,
    0xFF, 0xFF, 0xFF, 0xFC, 0x0F, 0xFF, 0xFF, 0x00, 0x04, 0x00, 0x00, 0x00, 0x00, 0xFF, 0x00, 0x00,
    0x00, 0x02, 0xFF, 0xC0, 0x00, 0x00, 0x07, 0xFB, 0xF0, 0x00, 0x00, 0x0F, 0xC2, 0xFC, 0x00, 0x00,
    0x3F, 0x00, 0xBC, 0x00, 0x00, 0x04, 0x00, 0x10, 0x00, 0x00, 0x00, 0x05, 0x00, 0x00, 0x00, 0x0B,
    0xFF, 0x40, 0x00, 0x00, 0x3F, 0xFF, 0x40, 0x00, 0x00, 0x1B, 0xFF, 0x40, 0x00, 0x00, 0x01, 0xFF,
    0x40, 0x00, 0x00, 0x01, 0xFF, 0x40, 0x00, 0x00, 0x01, 0xFF, 0x00, 0x00, 0x00, 0x01, 0xFF, 0x01,
    0x64, 0x00, 0x01, 0xFF, 0x2F, 0xFF, 0x00, 0x01, 0xFF, 0xFF, 0xFF, 0xC0, 0x01, 0xFF, 0xFF, 0xFF,
    0xD0, 0x01, 0xFF, 0xD0, 0x7F, 0xE0, 0x01, 0xFF, 0x40, 0x3F, 0xE0, 0x01, 0xFF, 0x40, 0x3F, 0xE0,
    0x01, 0xFF, 0x40, 0x3F, 0xE0, 0x01, 0xFF, 0x40, 0x3F, 0xE0, 0x01, 0xFF, 0x40, 0x3F, 0xE0, 0x01,
    0xFF, 0x40, 0x3F, 0xE0, 0x01, 0xFF, 0x40, 0x3F, 0xE0, 0x01, 0xFF, 0x40, 0x3F, 0xE0, 0x01, 0xFF,
    0x40, 0x3F, 0xF4, 0x0F, 0xFF, 0xF0, 0xFF, 0xFE, 0x1F, 0xFF, 0xE1, 0xFF, 0xFE, 0x00, 0x00, 0x00,
    0x00, 0x00, 0x00, 0x0F, 0xFF, 0xFF, 0x03, 0xFF, 0xFF, 0xC3, 0xFF, 0xFF, 0x80, 0xFF, 0xFF, 0xE0,
    0x1B, 0xFE, 0x00, 0x06, 0xFF, 0x80, 0x01, 0xFF, 0x40, 0x00, 0x7F, 0xD0, 0x0A, 0xBF, 0xEA, 0xAA,
    0xBF, 0xFA, 0x87, 0xFF, 0xFF, 0xFF, 0xFF, 0xFF, 0xF4, 0x5B, 0xFE, 0x55, 0x56, 0xFF, 0x54, 0x01,
    0xFF, 0x40, 0x00, 0x7F, 0xD0, 0x00, 0x7F, 0xEA, 0xAA, 0xAF, 0xF4, 0x00, 0x1F, 0xFF, 0xFF, 0xFF,
    0xFD, 0x00, 0x07, 0xFF, 0xFF, 0xFF, 0xFF, 0x40, 0x01, 0xFF, 0x95, 0x55, 0xBF, 0xD0, 0x00, 0x7F,
    0xD0, 0x00, 0x1F, 0xF4, 0x00, 0x1F, 0xF4, 0x00, 0x07, 0xFD, 0x00, 0x07, 0xFD, 0x00, 0x01, 0xFF,
    0x40, 0x01, 0xFF, 0x40, 0x00, 0x7F, 0xD0, 0x00, 0x7F, 0xD0, 0x00, 0x1F, 0xF4, 0x00, 0x6F, 0xFE,
    0x00, 0x1F, 0xFF, 0x80, 0xFF, 0xFF, 0xF0, 0x3F, 0xFF, 0xFC, 0x3F, 0xFF, 0xFC, 0x0F, 0xFF, 0xFF,
    0x00, 0x00, 0x14, 0x00, 0x00, 0x00, 0xBF, 0xF4, 0x00, 0x00, 0x0F, 0xFF, 0xD0, 0x00, 0x00, 0x1A,
    0xFF, 0x40, 0x00, 0x00, 0x07, 0xFD, 0x00, 0x00, 0x02, 0xFF, 0xFF, 0xF0, 0x00, 0x0B, 0xFF, 0xFF,
    0x80, 0x00, 0x01, 0xFF, 0x00, 0x00, 0x00, 0x07, 0xFC, 0x1B, 0xE0, 0x00, 0x1F, 0xF7, 0xFF, 0xF4,
    0x00, 0x7F, 0xFF, 0xFF, 0xF0, 0x01, 0xFF, 0xFA, 0xFF, 0xD0, 0x07, 0xFE, 0x00, 0xFF, 0x80, 0x1F,
    0xF4, 0x03, 0xFE, 0x00, 0x7F, 0xD0, 0x0F, 0xF8, 0x01, 0xFF, 0x40, 0x3F, 0xE0, 0x07, 0xFD, 0x00,
    0xFF, 0x80, 0x1F, 0xF4, 0x03, 0xFE, 0x00, 0x7F, 0xD0, 0x0F, 0xF8, 0x01, 0xFF, 0x40, 0x3F, 0xE0,
    0x07, 0xFD, 0x00, 0xFF, 0xD0, 0xFF, 0xFF, 0x0F, 0xFF, 0xE7, 0xFF, 0xF8, 0x7F, 0xFF, 0x80, 0x01,
    0x00, 0x00, 0xFF, 0x47, 0x4B, 0xFF, 0xBF, 0x3F, 0xBF, 0xF8, 0x74, 0x3F, 0xC0, 0x00, 0x00, 0x00,
    0x00, 0x00, 0x00, 0x00, 0x00, 0xFF, 0xFF, 0xF3, 0xFF, 0xFF, 0xC1, 0xBF, 0xE0, 0x01, 0xFF, 0x40,
    0x07, 0xFD, 0x00, 0x1F, 0xF4, 0x00, 0x7F, 0xD0, 0x01, 0xFF, 0x40, 0x07, 0xFD, 0x00, 0x1F, 0xF4,
    0x00, 0x7F, 0xD0, 0x01, 0xFF, 0x40, 0x07, 0xFD, 0x00, 0x1F, 0xF4, 0x00, 0x7F, 0xD0, 0x01, 0xFF,
    0x40, 0x07, 0xFD, 0x00, 0x6F, 0xFE, 0x4F, 0xFF, 0xFF, 0x3F, 0xFF, 0xFC, 0x0B, 0x80, 0x80, 0xFF,
    0xC7, 0xC7, 0xFF, 0xFF, 0x1F, 0x1F, 0xF8, 0x14, 0x1B, 0x40, 0x00, 0x00, 0x00, 0x00, 0x00, 0x00,
    0x05, 0x00, 0x2F, 0xFE, 0x01, 0xFF, 0xF8, 0x01, 0xBF, 0xE0, 0x00, 0xFF, 0x80, 0x03, 0xFE, 0x00,
    0x0F, 0xF8, 0x00, 0x3F, 0xE0, 0x00, 0xFF, 0x80, 0x03, 0xFE, 0x00, 0x0F, 0xF8, 0x00, 0x3F, 0xE0,
    0x00, 0xFF, 0x80, 0x07, 0xFF, 0x40, 0xFF, 0xFF, 0x83, 0xFF, 0xFE, 0x00, 0x7F, 0xFF, 0xE2, 0xFF,
    0xFF, 0xCB, 0xFF, 0xFD, 0x00, 0x00, 0x00, 0x00, 0x00, 0x00, 0x00, 0x00, 0x0F, 0xFF, 0xFF, 0x3F,
    0xFF, 0xFC, 0x1B, 0xFE, 0x00, 0x1F, 0xF4, 0x00, 0x7F, 0xD0, 0x01, 0xFF, 0x40, 0x07, 0xFD, 0x00,
    0x1F, 0xF4, 0x00, 0x7F, 0xD0, 0x01, 0xFF, 0x40, 0x07, 0xFD, 0x00, 0x1F, 0xF4, 0x00, 0x7F, 0xD0,
    0x01, 0xFF, 0x40, 0x07, 0xFD, 0x00, 0x1F, 0xF4, 0x00, 0x7F, 0xD0, 0x06, 0xFF, 0xE4, 0xFF, 0xFF,
    0xF3, 0xFF, 0xFF, 0xC0, 0x3F, 0xFF, 0xE2, 0xFF, 0xFF, 0xC7, 0xFF, 0xFF, 0x00, 0x00, 0x00, 0x00,
    0x00, 0x00, 0x00, 0x50, 0x02, 0xFF, 0xE0, 0x1F, 0xFF, 0x80, 0x1B, 0xFE, 0x00, 0x0F, 0xF8, 0x00,
    0x3F, 0xE0, 0x00, 0xFF, 0x80, 0x03, 0xFE, 0x00, 0x0F, 0xF8, 0x00, 0x3F, 0xE0, 0x00, 0xFF, 0x80,
    0x03, 0xFE, 0x00, 0x0F, 0xF8, 0x00, 0x7F, 0xF4, 0x0F, 0xFF, 0xF8, 0x3F, 0xFF, 0xE0, 0x10, 0x00,
    0x01, 0xE0, 0x03, 0xCB, 0xF4, 0x7F, 0x1F, 0xFF, 0xF4, 0x1F, 0xFF, 0x40, 0x06, 0x50, 0x00, 0x00,
    0x00, 0x00, 0x00, 0x00, 0xFF, 0xFF, 0xF3, 0xFF, 0xFF, 0xC1, 0xBF, 0xE0, 0x01, 0xFF, 0x40, 0x07,
    0xFD, 0x00, 0x1F, 0xF4, 0x00, 0x7F, 0xD0, 0x01, 0xFF, 0x40, 0x07, 0xFD, 0x00, 0x1F, 0xF4, 0x00,
    0x7F, 0xD0, 0x01, 0xFF, 0x40, 0x07, 0xFD, 0x00, 0x1F, 0xF4, 0x00, 0x7F, 0xD0, 0x01, 0xFF, 0x40,
    0x07, 0xFD, 0x00, 0x6F, 0xFE, 0x4F, 0xFF, 0xFF, 0x3F, 0xFF, 0xFC, 0x00, 0x00, 0x01, 0xF0, 0x01,
    0xCB, 0xF4, 0x2F, 0x0F, 0xFF, 0xF4, 0x0F, 0xFF, 0x40, 0x01, 0x40, 0x00, 0x00, 0x00, 0x00, 0x05,
    0x00, 0x2F, 0xFE, 0x01, 0xFF, 0xF8, 0x01, 0xBF, 0xE0, 0x00, 0xFF, 0x80, 0x03, 0xFE, 0x00, 0x0F,
    0xF8, 0x00, 0x3F, 0xE0, 0x00, 0xFF, 0x80, 0x03, 0xFE, 0x00, 0x0F, 0xF8, 0x00, 0x3F, 0xE0, 0x00,
    0xFF, 0x80, 0x07, 0xFF, 0x40, 0xFF, 0xFF, 0x83, 0xFF, 0xFE, 0x00, 0x00, 0x00, 0x03, 0xFF, 0xFF,
    0xCF, 0xFF, 0xFF, 0x06, 0xFF, 0x80, 0x07, 0xFD, 0x00, 0x1F, 0xF4, 0x00, 0x7F, 0xD0, 0x01, 0xFF,
    0x40, 0x07, 0xFD, 0x00, 0x1F, 0xF4, 0x00, 0x7F, 0xD0, 0x01, 0xFF, 0x40, 0x07, 0xFD, 0x00, 0x1F,
    0xF4, 0x00, 0x7F, 0xD0, 0x01, 0xFF, 0x40, 0x07, 0xFD, 0x00, 0x1F, 0xF4, 0x01, 0xBF, 0xF9, 0x3F,
    0xFF, 0xFC, 0xFF, 0xFF, 0xF0, 0x1F, 0x80, 0x01, 0xFC, 0x00, 0x0F, 0xE0, 0x00, 0x3F, 0xD0, 0x00,
    0xFF, 0xF8, 0x00, 0xFF, 0xD0, 0x00, 0x14, 0x00, 0x00, 0x50, 0x00, 0x0F, 0xF8, 0x00, 0x7F, 0xF0,
    0x01, 0xFF, 0xC0, 0x02, 0xFD, 0x00, 0x00, 0x00, 0x00, 0x00, 0x00, 0x00, 0x05, 0x00, 0x2F, 0xFE,
    0x01, 0xFF, 0xF8, 0x01, 0xBF, 0xE0, 0x00, 0xFF, 0x80, 0x03, 0xFE, 0x00, 0x0F, 0xF8, 0x00, 0x3F,
    0xE0, 0x00, 0xFF, 0x80, 0x03, 0xFE, 0x00, 0x0F, 0xF8, 0x00, 0x3F, 0xE0, 0x00, 0xFF, 0x80, 0x07,
    0xFF, 0x40, 0xFF, 0xFF, 0x83, 0xFF, 0xFE, 0x00, 0x03, 0xE0, 0x00, 0x3F, 0x00, 0x02, 0xF4, 0x00,
    0x0F, 0xE0, 0x00, 0x2F, 0xFE, 0x00, 0x2F, 0xF0, 0x00, 0x00, 0x00, 0x00, 0x10, 0x00, 0x0F, 0xF0,
    0x00, 0x7F, 0xD0, 0x01, 0xFF, 0x40, 0x03, 0xFC, 0x00, 0x00, 0x00, 0x00, 0x00, 0x00, 0x00, 0x00,
    0x00, 0xFF, 0xFF, 0xF3, 0xFF, 0xFF, 0xC1, 0xBF, 0xE0, 0x01, 0xFF, 0x40, 0x07, 0xFD, 0x00, 0x1F,
    0xF4, 0x00, 0x7F, 0xD0, 0x01, 0xFF, 0x40, 0x07, 0xFD, 0x00, 0x1F, 0xF4, 0x00, 0x7F, 0xD0, 0x01,
    0xFF, 0x40, 0x07, 0xFD, 0x00, 0x1F, 0xF4, 0x00, 0x7F, 0xD0, 0x01, 0xFF, 0x40, 0x07, 0xFD, 0x00,
    0x6F, 0xFE, 0x4F, 0xFF, 0xFF, 0x3F, 0xFF, 0xFC, 0x00, 0x14, 0x02, 0xFF, 0xE0, 0x7F, 0xFE, 0x01,
    0xBF, 0xE0, 0x03, 0xFE, 0x00, 0x3F, 0xE0, 0x03, 0xFE, 0x00, 0x3F, 0xE0, 0x03, 0xFE, 0x00, 0x3F,
    0xE0, 0x03, 0xFE, 0x00, 0x3F, 0xE0, 0x03, 0xFE, 0x00, 0x7F, 0xF4, 0x3F, 0xFF, 0xE3, 0xFF, 0xFE,
    0x00, 0x00, 0x00, 0x00, 0x00, 0x03, 0xFF, 0xFF, 0xC3, 0xFF, 0xFF, 0xCF, 0xFF, 0xFF, 0x0F, 0xFF,
    0xFF, 0x06, 0xFF, 0x80, 0x07, 0xFF, 0x90, 0x07, 0xFD, 0x00, 0x07, 0xFD, 0x00, 0x1F, 0xF4, 0x00,
    0x1F, 0xF4, 0x00, 0x7F, 0xD0, 0x00, 0x7F, 0xD0, 0x01, 0xFF, 0x40, 0x01, 0xFF, 0x40, 0x07, 0xFD,
    0x00, 0x07, 0xFD, 0x00, 0x1F, 0xF4, 0x00, 0x1F, 0xF4, 0x00, 0x7F, 0xD0, 0x00, 0x7F, 0xD0, 0x01,
    0xFF, 0x40, 0x01, 0xFF, 0x40, 0x07, 0xFD, 0x00, 0x07, 0xFD, 0x00, 0x1F, 0xF4, 0x00, 0x1F, 0xF4,
    0x00, 0x7F, 0xD0, 0x00, 0x7F, 0xD0, 0x01, 0xFF, 0x40, 0x01, 0xFF, 0x40, 0x07, 0xFD, 0x00, 0x07,
    0xFD, 0x00, 0x1F, 0xF4, 0x00, 0x1F, 0xF4, 0x01, 0xBF, 0xF9, 0x00, 0x7F, 0xC0, 0x3F, 0xFF, 0xFC,
    0x01, 0xFF, 0x00, 0xFF, 0xFF, 0xF0, 0x0B, 0xFC, 0x00, 0x00, 0x00, 0x00, 0x3F, 0xE0, 0x00, 0x00,
    0x00, 0x02, 0xFF, 0x40, 0x00, 0x00, 0x00, 0x2F, 0xFC, 0x00, 0x00, 0x00, 0x07, 0xFF, 0xC0, 0x00,
    0x00, 0x00, 0x3F, 0xFC, 0x00, 0x00, 0x00, 0x00, 0x3F, 0x80, 0x00, 0x00, 0x00, 0x50, 0x00, 0x05,
    0x00, 0x3F, 0xE0, 0x03, 0xFD, 0x07, 0xFF, 0x00, 0x7F, 0xF0, 0x7F, 0xF0, 0x07, 0xFE, 0x02, 0xFD,
    0x00, 0x3F, 0xC0, 0x00, 0x00, 0x00, 0x00, 0x00, 0x00, 0x00, 0x00, 0x00, 0x01, 0x40, 0x00, 0x14,
    0x2F, 0xFE, 0x02, 0xFF, 0xE7, 0xFF, 0xE0, 0x7F, 0xFE, 0x1B, 0xFE, 0x01, 0xBF, 0xE0, 0x3F, 0xE0,
    0x03, 0xFE, 0x03, 0xFE, 0x00, 0x3F, 0xE0, 0x3F, 0xE0, 0x03, 0xFE, 0x03, 0xFE, 0x00, 0x3F, 0xE0,
    0x3F, 0xE0, 0x03, 0xFE, 0x03, 0xFE, 0x00, 0x3F, 0xE0, 0x3F, 0xE0, 0x03, 0xFE, 0x03, 0xFE, 0x00,
    0x3F, 0xE0, 0x3F, 0xE0, 0x03, 0xFE, 0x07, 0xFF, 0x40, 0x3F, 0xD3, 0xFF, 0xFE, 0x03, 0xFD, 0x3F,
    0xFF, 0xE0, 0x3F, 0xD0, 0x00, 0x00, 0x03, 0xFC, 0x00, 0x00, 0x00, 0x7F, 0xC0, 0x00, 0x00, 0x0F,
    0xF8, 0x00, 0x00, 0x03, 0xFF, 0x00, 0x00, 0x02, 0xFF, 0xD0, 0x00, 0x00, 0x3F, 0xF4, 0x00, 0x00,
    0x01, 0xE8, 0x00, 0x00, 0x07, 0xE0, 0x00, 0x01, 0xFF, 0xC0, 0x00, 0x3F, 0xFF, 0x00, 0x0F, 0xD3,
    0xF8, 0x03, 0xF4, 0x0F, 0xC0, 0x19, 0x00, 0x24, 0x00, 0x00, 0x00, 0x00, 0x00, 0x00, 0x00, 0x03,
    0xFF, 0xFF, 0xC0, 0x7F, 0xFF, 0xFC, 0x01, 0xBF, 0xF9, 0x00, 0x01, 0xFF, 0x00, 0x00, 0x1F, 0xF0,
    0x00, 0x01, 0xFF, 0x00, 0x00, 0x1F, 0xF0, 0x00, 0x01, 0xFF, 0x00, 0x00, 0x1F, 0xF0, 0x00, 0x01,
    0xFF, 0x00, 0x00, 0x1F, 0xF0, 0x00, 0x01, 0xFF, 0x00, 0x00, 0x1F, 0xF0, 0x00, 0x01, 0xFF, 0x00,
    0x00, 0x1F, 0xF0, 0x00, 0x01, 0xFF, 0x00, 0x00, 0x1F, 0xF0, 0x00, 0x01, 0xFF, 0x00, 0x00, 0x2F,
    0xF0, 0x00, 0x02, 0xFF, 0x00, 0x00, 0x3F, 0xE0, 0x00, 0x0B, 0xFC, 0x00, 0x02, 0xFF, 0x80, 0x01,
    0xFF, 0xF0, 0x00, 0x3F, 0xFC, 0x00, 0x01, 0xFD, 0x00, 0x00, 0x00, 0x05, 0x00, 0x00, 0x3F, 0xC0,
    0x00, 0x7F, 0xF0, 0x00, 0xFE, 0xF8, 0x02, 0xF0, 0xFD, 0x07, 0xD0, 0x3E, 0x02, 0x40, 0x14, 0x00,
    0x00, 0x00, 0x00, 0x05, 0x40, 0x07, 0xFF, 0xC0, 0x0B, 0xFF, 0xC0, 0x02, 0xFF, 0xC0, 0x00, 0x7F,
    0xC0, 0x00, 0x7F, 0xC0, 0x00, 0x7F, 0xC0, 0x00, 0x7F, 0xC0, 0x00, 0x7F, 0xC0, 0x00, 0x7F, 0xC0,
    0x00, 0x7F, 0xC0, 0x00, 0x7F, 0xC0, 0x00, 0x7F, 0xC0, 0x00, 0x7F, 0xC0, 0x00, 0x7F, 0xC0, 0x00,
    0x7F, 0xC0, 0x00, 0x7F, 0xC0, 0x00, 0xBF, 0x80, 0x01, 0xFF, 0x40, 0x07, 0xFF, 0x00, 0x7F, 0xFC,
    0x00, 0x7F, 0xF4, 0x00, 0x2E, 0x40, 0x00, 0x00, 0x00, 0x00, 0x00, 0x00, 0x3F, 0xFF, 0xF8, 0x3F,
    0xFF, 0xDF, 0xFF, 0xFD, 0x0F, 0xFF, 0xF0, 0x6F, 0xF4, 0x00, 0xFF, 0xC0, 0x07, 0xFC, 0x00, 0xBF,
    0xC0, 0x01, 0xFF, 0x00, 0xBF, 0x80, 0x00, 0x7F, 0xC0, 0xBF, 0x80, 0x00, 0x1F, 0xF0, 0xBF, 0x80,
    0x00, 0x07, 0xFC, 0xBF, 0x80, 0x00, 0x01, 0xFF, 0xFF, 0x40, 0x00, 0x00, 0x7F, 0xFF, 0xE0, 0x00,
    0x00, 0x1F, 0xFF, 0xFD, 0x00, 0x00, 0x07, 0xFD, 0xFF, 0xD0, 0x00, 0x01, 0xFF, 0x1F, 0xFC, 0x00,
    0x00, 0x7F, 0xC1, 0xFF, 0xC0, 0x00, 0x1F, 0xF0, 0x2F, 0xFC, 0x00, 0x07, 0xFC, 0x03, 0xFF, 0xC0,
    0x01, 0xFF, 0x00, 0x3F, 0xFD, 0x01, 0xBF, 0xE4, 0x03, 0xFF, 0xD3, 0xFF, 0xFF, 0xC0, 0x7F, 0xFE,
    0xFF, 0xFF, 0xE0, 0x03, 0xFF, 0x40, 0x00, 0x00, 0x00, 0x15, 0x00, 0x00, 0x00, 0xA0, 0x00, 0x00,
    0x00, 0x00, 0xFF, 0x00, 0x00, 0x00, 0x00, 0x2F, 0xD0, 0x00, 0x00, 0x00, 0x07, 0xF0, 0x00, 0x00,
    0x00, 0x02, 0xF8, 0x00, 0x00, 0x00, 0x01, 0xFC, 0x00, 0x00, 0x00, 0x00, 0x24, 0x00, 0x00, 0x00,
    0x00, 0x14, 0x00, 0x00, 0x00, 0xBF, 0xF0, 0x00, 0x00, 0x0F, 0xFF, 0xC0, 0x00, 0x00, 0x1B, 0xFF,
    0x00, 0x00, 0x00, 0x07, 0xFC, 0x00, 0x00, 0x00, 0x1F, 0xF0, 0x00, 0x00, 0x00, 0x7F, 0xC0, 0x00,
    0x00, 0x01, 0xFF, 0x00, 0x00, 0x00, 0x07, 0xFC, 0x2F, 0xFF, 0xC0, 0x1F, 0xF0, 0x7F, 0xFF, 0x00,
    0x7F, 0xC0, 0x7F, 0xD0, 0x01, 0xFF, 0x03, 0xFC, 0x00, 0x07, 0xFC, 0x3F, 0xC0, 0x00, 0x1F, 0xF7,
    0xFC, 0x00, 0x00, 0x7F, 0xFF, 0xF0, 0x00, 0x01, 0xFF, 0x7F, 0xD0, 0x00, 0x07, 0xFC, 0xBF, 0xC0,
    0x00, 0x1F, 0xF0, 0xFF, 0xC0, 0x00, 0x7F, 0xC1, 0xFF, 0x80, 0x01, 0xFF, 0x02, 0xFF, 0x80, 0x07,
    0xFD, 0x03, 0xFF, 0x80, 0xFF, 0xFF, 0x07, 0xFF, 0x87, 0xFF, 0xFC, 0x07, 0xFE, 0x00, 0x00, 0x00,
    0x01, 0x40, 0x00, 0x00, 0x14, 0x00, 0x00, 0x00, 0x03, 0xFC, 0x00, 0x00, 0x00, 0x0B, 0xF0, 0x00,
    0x00, 0x00, 0x1F, 0xC0, 0x00, 0x00, 0x00, 0xBE, 0x00, 0x00, 0x00, 0x07, 0xF0, 0x00, 0x00, 0x00,
    0x09, 0x00, 0x00, 0x00, 0x00, 0x14, 0x00, 0x00, 0x00, 0xBF, 0xF8, 0x3F, 0xFF, 0x47, 0xFF, 0xE0,
    0xFF, 0xFD, 0x06, 0xFF, 0x80, 0xFF, 0x80, 0x03, 0xFE, 0x0B, 0xF4, 0x00, 0x0F, 0xF8, 0x7F, 0x40,
    0x00, 0x3F, 0xE7, 0xF4, 0x00, 0x00, 0xFF, 0xFF, 0xC0, 0x00, 0x03, 0xFF, 0xFF, 0x80, 0x00, 0x0F,
    0xF9, 0xFF, 0x40, 0x00, 0x3F, 0xE3, 0xFF, 0x00, 0x00, 0xFF, 0x83, 0xFF, 0x00, 0x03, 0xFE, 0x07,
    0xFF, 0x00, 0x0F, 0xF8, 0x0F, 0xFF, 0x02, 0xFF, 0xFD, 0x0F, 0xFF, 0x0F, 0xFF, 0xF4, 0x0F, 0xFC,
    0x00, 0x00, 0x00, 0x01, 0x40, 0x00, 0x00, 0x00, 0x00, 0x00, 0x00, 0xA0, 0x00, 0x00, 0x01, 0xFC,
    0x00, 0x00, 0x02, 0xFF, 0x40, 0x00, 0x03, 0xFF, 0xC0, 0x00, 0x02, 0xFE, 0x40, 0x00, 0x00, 0x24,
    0x00, 0x00, 0x00, 0x00, 0x00, 0x00, 0x00, 0x00, 0x00, 0x00, 0x00, 0x3F, 0xFF, 0xFC, 0x00, 0x0F,
    0xFF, 0xFE, 0x00, 0x00, 0x6F, 0xF8, 0x00, 0x00, 0x07, 0xFD, 0x00, 0x00, 0x01, 0xFF, 0x40, 0x00,
    0x00, 0x7F, 0xD0, 0x00, 0x00, 0x1F, 0xF4, 0x00, 0x00, 0x07, 0xFD, 0x00, 0x00, 0x01, 0xFF, 0x40,
    0x00, 0x00, 0x7F, 0xD0, 0x00, 0x00, 0x1F, 0xF4, 0x00, 0x00, 0x07, 0xFD, 0x00, 0x00, 0x01, 0xFF,
    0x40, 0x00, 0x00, 0x7F, 0xD0, 0x00, 0xB0, 0x1F, 0xF4, 0x00, 0x3E, 0x07, 0xFD, 0x00, 0x2F, 0x81,
    0xFF, 0x40, 0x0F, 0xE1, 0xBF, 0xFF, 0xFF, 0xF7, 0xFF, 0xFF, 0xFF, 0xFD, 0xFF, 0xFF, 0xFF, 0xFF,
    0x00, 0x00, 0x01, 0x40, 0x01, 0xFC, 0x00, 0xFF, 0xC0, 0xBF, 0xF8, 0x1F, 0xF9, 0x00, 0x90, 0x00,
    0x00, 0x00, 0x00, 0x01, 0x40, 0x2F, 0xFD, 0x0B, 0xFF, 0xD0, 0x6F, 0xFD, 0x00, 0x3F, 0xD0, 0x03,
    0xFD, 0x00, 0x3F, 0xD0, 0x03, 0xFD, 0x00, 0x3F, 0xD0, 0x03, 0xFD, 0x00, 0x3F, 0xD0, 0x03, 0xFD,
    0x00, 0x3F, 0xD0, 0x03, 0xFD, 0x00, 0x3F, 0xD0, 0x03, 0xFD, 0x00, 0x3F, 0xD0, 0x03, 0xFD, 0x00,
    0x3F, 0xD0, 0x03, 0xFD, 0x00, 0x7F, 0xE0, 0x7F, 0xFF, 0xDB, 0xFF, 0xFD, 0x00, 0x00, 0x00, 0x00,
    0x3F, 0xFF, 0xFC, 0x00, 0x0F, 0xFF, 0xFE, 0x00, 0x00, 0x6F, 0xF8, 0x00, 0x00, 0x07, 0xFD, 0x00,
    0x00, 0x01, 0xFF, 0x40, 0x00, 0x00, 0x7F, 0xD0, 0x00, 0x00, 0x1F, 0xF4, 0x00, 0x00, 0x07, 0xFD,
    0x00, 0x00, 0x01, 0xFF, 0x40, 0x00, 0x00, 0x7F, 0xD0, 0x00, 0x00, 0x1F, 0xF4, 0x00, 0x00, 0x07,
    0xFD, 0x00, 0x00, 0x01, 0xFF, 0x40, 0x00, 0x00, 0x7F, 0xD0, 0x00, 0xB0, 0x1F, 0xF4, 0x00, 0x3E,
    0x07, 0xFD, 0x00, 0x2F, 0x81, 0xFF, 0x40, 0x0F, 0xE1, 0xBF, 0xFF, 0xFF, 0xF7, 0xFF, 0xFF, 0xFF,
    0xFD, 0xFF, 0xFF, 0xFF, 0xFF, 0x00, 0x00, 0x00, 0x00, 0x00, 0x00, 0x28, 0x00, 0x00, 0x00, 0x7F,
    0xC0, 0x00, 0x00, 0x0B, 0xF0, 0x00, 0x00, 0x01, 0xFC, 0x00, 0x00, 0x00, 0xFE, 0x00, 0x00, 0x00,
    0xBE, 0x00, 0x00, 0x00, 0x09, 0x00, 0x00, 0x00, 0x00, 0x14, 0x02, 0xFF, 0xD0, 0xBF, 0xFD, 0x06,
    0xFF, 0xD0, 0x03, 0xFD, 0x00, 0x3F, 0xD0, 0x03, 0xFD, 0x00, 0x3F, 0xD0, 0x03, 0xFD, 0x00, 0x3F,
    0xD0, 0x03, 0xFD, 0x00, 0x3F, 0xD0, 0x03, 0xFD, 0x00, 0x3F, 0xD0, 0x03, 0xFD, 0x00, 0x3F, 0xD0,
    0x03, 0xFD, 0x00, 0x3F, 0xD0, 0x03, 0xFD, 0x00, 0x3F, 0xD0, 0x07, 0xFE, 0x07, 0xFF, 0xFD, 0xBF,
    0xFF, 0xD0, 0x00, 0x00, 0x00, 0x50, 0x00, 0x3F, 0xC0, 0x02, 0xFD, 0x00, 0x0F, 0xD0, 0x01, 0xFC,
    0x00, 0x3F, 0x00, 0x02, 0x40, 0x00, 0x00, 0x00, 0x00, 0x50, 0x00, 0x00, 0x00, 0x3F, 0x00, 0x00,
    0x00, 0x0F, 0xC3, 0xFF, 0xFF, 0xC3, 0xF0, 0xFF, 0xFF, 0xE0, 0xF4, 0x06, 0xFF, 0x80, 0x3C, 0x00,
    0x7F, 0xD0, 0x0E, 0x00, 0x1F, 0xF4, 0x01, 0x00, 0x07, 0xFD, 0x00, 0x00, 0x01, 0xFF, 0x40, 0x00,
    0x00, 0x7F, 0xD0, 0x00, 0x00, 0x1F, 0xF4, 0x00, 0x00, 0x07, 0xFD, 0x00, 0x00, 0x01, 0xFF, 0x40,
    0x00, 0x00, 0x7F, 0xD0, 0x00, 0x00, 0x1F, 0xF4, 0x00, 0x00, 0x07, 0xFD, 0x00, 0x0B, 0x01, 0xFF,
    0x40, 0x03, 0xE0, 0x7F, 0xD0, 0x02, 0xF8, 0x1F, 0xF4, 0x00, 0xFE, 0x1B, 0xFF, 0xFF, 0xFF, 0x7F,
    0xFF, 0xFF, 0xFF, 0xDF, 0xFF, 0xFF, 0xFF, 0xF0, 0x00, 0x14, 0x05, 0x0B, 0xFF, 0x43, 0xEB, 0xFF,
    0xD1, 0xF9, 0xBF, 0xF4, 0x7D, 0x03, 0xFD, 0x2F, 0x00, 0xFF, 0x4B, 0x80, 0x3F, 0xD2, 0xC0, 0x0F,
    0xF4, 0x10, 0x03, 0xFD, 0x00, 0x00, 0xFF, 0x40, 0x00, 0x3F, 0xD0, 0x00, 0x0F, 0xF4, 0x00, 0x03,
    0xFD, 0x00, 0x00, 0xFF, 0x40, 0x00, 0x3F, 0xD0, 0x00, 0x0F, 0xF4, 0x00, 0x03, 0xFD, 0x00, 0x00,
    0xFF, 0x40, 0x00, 0x3F, 0xD0, 0x00, 0x0F, 0xF4, 0x00, 0x07, 0xFE, 0x00, 0x1F, 0xFF, 0xF4, 0x0B,
    0xFF, 0xFD, 0x00, 0x00, 0x00, 0x00, 0x00, 0x3F, 0xFF, 0xFC, 0x00, 0x0F, 0xFF, 0xFE, 0x00, 0x00,
    0x6F, 0xF8, 0x00, 0x00, 0x07, 0xFD, 0x00, 0x00, 0x01, 0xFF, 0x40, 0x00, 0x00, 0x7F, 0xD0, 0x00,
    0x00, 0x1F, 0xF4, 0x01, 0xF8, 0x07, 0xFD, 0x01, 0xFF, 0x41, 0xFF, 0x40, 0x7F, 0xD0, 0x7F, 0xD0,
    0x0F, 0xF0, 0x1F, 0xF4, 0x01, 0xA0, 0x07, 0xFD, 0x00, 0x00, 0x01, 0xFF, 0x40, 0x00, 0x00, 0x7F,
    0xD0, 0x00, 0xB0, 0x1F, 0xF4, 0x00, 0x3E, 0x07, 0xFD, 0x00, 0x2F, 0x81, 0xFF, 0x40, 0x0F, 0xE1,
    0xBF, 0xFF, 0xFF, 0xF7, 0xFF, 0xFF, 0xFF, 0xFD, 0xFF, 0xFF, 0xFF, 0xFF, 0x00, 0x00, 0x14, 0x00,
    0x00, 0x2F, 0xFD, 0x00, 0x00, 0xBF, 0xFD, 0x00, 0x00, 0x6F, 0xFD, 0x00, 0x00, 0x03, 0xFD, 0x00,
    0x00, 0x03, 0xFD, 0x00, 0x00, 0x03, 0xFD, 0x00, 0x00, 0x03, 0xFD, 0x00, 0x00, 0x03, 0xFD, 0x00,
    0x00, 0x03, 0xFD, 0x00, 0x00, 0x03, 0xFD, 0x02, 0xF4, 0x03, 0xFD, 0x07, 0xFC, 0x03, 0xFD, 0x0B,
    0xFC, 0x03, 0xFD, 0x07, 0xFC, 0x03, 0xFD, 0x00, 0x50, 0x03, 0xFD, 0x00, 0x00, 0x03, 0xFD, 0x00,
    0x00, 0x03, 0xFD, 0x00, 0x00, 0x03, 0xFD, 0x00, 0x00, 0x03, 0xFD, 0x00, 0x00, 0x07, 0xFE, 0x00,
    0x00, 0x7F, 0xFF, 0xD0, 0x00, 0xBF, 0xFF, 0xD0, 0x00, 0x00, 0x00, 0x00, 0x00, 0x00, 0x3F, 0xFF,
    0xFC, 0x00, 0x00, 0xFF, 0xFF, 0xE0, 0x00, 0x00, 0x6F, 0xF8, 0x00, 0x00, 0x00, 0x7F, 0xD0, 0x00,
    0x00, 0x01, 0xFF, 0x40, 0x00, 0x00, 0x07, 0xFD, 0x00, 0x00, 0x00, 0x1F, 0xF4, 0x68, 0x00, 0x00,
    0x7F, 0xEF, 0xF0, 0x00, 0x01, 0xFF, 0xFE, 0x00, 0x00, 0x07, 0xFF, 0x40, 0x00, 0x01, 0xBF, 0xF4,
    0x00, 0x00, 0x3F, 0xFF, 0xD0, 0x00, 0x00, 0xB9, 0xFF, 0x40, 0x00, 0x00, 0x07, 0xFD, 0x00, 0x0B,
    0x00, 0x1F, 0xF4, 0x00, 0x3E, 0x00, 0x7F, 0xD0, 0x02, 0xF8, 0x01, 0xFF, 0x40, 0x0F, 0xE0, 0x1B,
    0xFF, 0xFF, 0xFF, 0x43, 0xFF, 0xFF, 0xFF, 0xFD, 0x0F, 0xFF, 0xFF, 0xFF, 0xF0, 0x00, 0x05, 0x00,
    0x0B, 0xFF, 0x40, 0x2F, 0xFF, 0x40, 0x1B, 0xFF, 0x40, 0x00, 0xFF, 0x40, 0x00, 0xFF, 0x40, 0x00,
    0xFF, 0x40, 0x00, 0xFF, 0x40, 0x00, 0xFF, 0x64, 0x00, 0xFF, 0xFC, 0x00, 0xFF, 0xF0, 0x00, 0xFF,
    0x80, 0x02, 0xFF, 0x40, 0x0F, 0xFF, 0x40, 0x3F, 0xFF, 0x40, 0x08, 0xFF, 0x40, 0x00, 0xFF, 0x40,
    0x00, 0xFF, 0x40, 0x00, 0xFF, 0x40, 0x00, 0xFF, 0x40, 0x01, 0xFF, 0x80, 0x1F, 0xFF, 0xF4, 0x2F,
    0xFF, 0xF4, 0x00, 0x00, 0x00, 0x00, 0x00, 0x00, 0x00, 0x00, 0x00, 0x1C, 0x00, 0x00, 0x00, 0x00,
    0x00, 0xBE, 0x00, 0x00, 0x00, 0x00, 0x07, 0xFE, 0x00, 0x00, 0x00, 0x00, 0x2F, 0xFD, 0x00, 0x00,
    0x00, 0x00, 0x7F, 0xE0, 0x00, 0x00, 0x00, 0x00, 0x24, 0x00, 0x00, 0x00, 0x00, 0x00, 0x00, 0x00,
    0x00, 0x00, 0x00, 0x00, 0x00, 0x00, 0x00, 0x00, 0x3F, 0xFF, 0x00, 0x07, 0xFF, 0xFC, 0x3F, 0xFF,
    0xC0, 0x0B, 0xFF, 0xFC, 0x0B, 0xFF, 0xE0, 0x01, 0xBF, 0xD0, 0x02, 0xFF, 0xF4, 0x00, 0x3F, 0x80,
    0x02, 0xFF, 0xFC, 0x00, 0x3F, 0x80, 0x02, 0xFF, 0xFE, 0x00, 0x3F, 0x80, 0x02, 0xFF, 0xFF, 0x40,
    0x3F, 0x80, 0x02, 0xFD, 0xFF, 0xC0, 0x3F, 0x80, 0x02, 0xFC, 0xFF, 0xE0, 0x3F, 0x80, 0x02, 0xFC,
    0x3F, 0xF4, 0x3F, 0x80, 0x02, 0xFC, 0x1F, 0xFC, 0x3F, 0x80, 0x02, 0xFC, 0x0B, 0xFF, 0x3F, 0x80,
    0x02, 0xFC, 0x03, 0xFF, 0x7F, 0x80, 0x02, 0xFC, 0x01, 0xFF, 0xFF, 0x80, 0x02, 0xFC, 0x00, 0xBF,
    0xFF, 0x80, 0x02, 0xFC, 0x00, 0x3F, 0xFF, 0x80, 0x02, 0xFC, 0x00, 0x0F, 0xFF, 0x80, 0x07, 0xFE,
    0x40, 0x0B, 0xFF, 0x80, 0x3F, 0xFF, 0xE0, 0x03, 0xFF, 0x80, 0x3F, 0xFF, 0xD0, 0x00, 0xFF, 0x80,
    0x00, 0x00, 0x00, 0x00, 0x54, 0x00, 0x00, 0x00, 0x00, 0x00, 0x00, 0x00, 0x00, 0x03, 0x80, 0x00,
    0x00, 0x00, 0x0F, 0xD0, 0x00, 0x00, 0x00, 0x1F, 0xD0, 0x00, 0x00, 0x00, 0x3F, 0xC0, 0x00, 0x00,
    0x00, 0x7F, 0x00, 0x00, 0x00, 0x00, 0x7C, 0x00, 0x00, 0x00, 0x00, 0x00, 0x00, 0x00, 0x00, 0x00,
    0x00, 0x00, 0x00, 0x00, 0x54, 0x05, 0x90, 0x00, 0x2F, 0xFC, 0x7F, 0xFD, 0x00, 0x7F, 0xFE, 0xFF,
    0xFF, 0x40, 0x2B, 0xFF, 0xFF, 0xFF, 0x80, 0x03, 0xFF, 0x40, 0xFF, 0xC0, 0x03, 0xFE, 0x00, 0xBF,
    0xC0, 0x03, 0xFE, 0x00, 0x7F, 0xC0, 0x03, 0xFE, 0x00, 0x7F, 0xC0, 0x03, 0xFE, 0x00, 0x7F, 0xC0,
    0x03, 0xFE, 0x00, 0x7F, 0xC0, 0x03, 0xFE, 0x00, 0x7F, 0xC0, 0x03, 0xFE, 0x00, 0x7F, 0xC0, 0x03,
    0xFE, 0x00, 0x7F, 0xC0, 0x03, 0xFE, 0x00, 0xBF, 0xD0, 0x2F, 0xFF, 0xC3, 0xFF, 0xFC, 0x3F, 0xFF,
    0xC3, 0xFF, 0xFC, 0x00, 0x00, 0x00, 0x00, 0x00, 0x00, 0x3F, 0xFF, 0x00, 0x07, 0xFF, 0xFC, 0x3F,
    0xFF, 0xC0, 0x0B, 0xFF, 0xFC, 0x0B, 0xFF, 0xE0, 0x01, 0xBF, 0xD0, 0x02, 0xFF, 0xF4, 0x00, 0x3F,
    0x80, 0x02, 0xFF, 0xFC, 0x00, 0x3F, 0x80, 0x02, 0xFF, 0xFE, 0x00, 0x3F, 0x80, 0x02, 0xFF, 0xFF,
    0x40, 0x3F, 0x80, 0x02, 0xFD, 0xFF, 0xC0, 0x3F, 0x80, 0x02, 0xFC, 0xFF, 0xE0, 0x3F, 0x80, 0x02,
    0xFC, 0x3F, 0xF4, 0x3F, 0x80, 0x02, 0xFC, 0x1F, 0xFC, 0x3F, 0x80, 0x02, 0xFC, 0x0B, 0xFF, 0x3F,
    0x80, 0x02, 0xFC, 0x03, 0xFF, 0x7F, 0x80, 0x02, 0xFC, 0x01, 0xFF, 0xFF, 0x80, 0x02, 0xFC, 0x00,
    0xBF, 0xFF, 0x80, 0x02, 0xFC, 0x00, 0x3F, 0xFF, 0x80, 0x02, 0xFC, 0x00, 0x0F, 0xFF, 0x80, 0x07,
    0xFE, 0x40, 0x0B, 0xFF, 0x80, 0x3F, 0xFF, 0xE0, 0x03, 0xFF, 0x80, 0x3F, 0xFF, 0xD0, 0x00, 0xFF,
    0x80, 0x00, 0x00, 0x00, 0x00, 0x54, 0x00, 0x00, 0x00, 0x02, 0x80, 0x00, 0x00, 0x00, 0x00, 0x0F,
    0xF0, 0x00, 0x00, 0x00, 0x00, 0x0B, 0xF4, 0x00, 0x00, 0x00, 0x00, 0x07, 0xF0, 0x00, 0x00, 0x00,
    0x00, 0x0B, 0xF0, 0x00, 0x00, 0x00, 0x00, 0x1F, 0xC0, 0x00, 0x00, 0x00, 0x00, 0x09, 0x00, 0x00,
    0x00, 0x00, 0x54, 0x05, 0x90, 0x00, 0x2F, 0xFC, 0x7F, 0xFD, 0x00, 0x7F, 0xFE, 0xFF, 0xFF, 0x40,
    0x2B, 0xFF, 0xFF, 0xFF, 0x80, 0x03, 0xFF, 0x40, 0xFF, 0xC0, 0x03, 0xFE, 0x00, 0xBF, 0xC0, 0x03,
    0xFE, 0x00, 0x7F, 0xC0, 0x03, 0xFE, 0x00, 0x7F, 0xC0, 0x03, 0xFE, 0x00, 0x7F, 0xC0, 0x03, 0xFE,
    0x00, 0x7F, 0xC0, 0x03, 0xFE, 0x00, 0x7F, 0xC0, 0x03, 0xFE, 0x00, 0x7F, 0xC0, 0x03, 0xFE, 0x00,
    0x7F, 0xC0, 0x03, 0xFE, 0x00, 0xBF, 0xD0, 0x2F, 0xFF, 0xC3, 0xFF, 0xFC, 0x3F, 0xFF, 0xC3, 0xFF,
    0xFC, 0x00, 0x00, 0x00, 0x00, 0x00, 0x00, 0x00, 0x14, 0x00, 0x00, 0x00, 0x00, 0xFF, 0x00, 0x00,
    0x00, 0x00, 0x7F, 0x40, 0x00, 0x00, 0x00, 0x3F, 0x40, 0x00, 0x00, 0x00, 0x7F, 0x00, 0x00, 0x00,
    0x00, 0xFC, 0x00, 0x00, 0x00, 0x00, 0x90, 0x00, 0x00, 0x00, 0x07, 0x00, 0x0F, 0x40, 0x00, 0x00,
    0x0F, 0xC0, 0x3F, 0x40, 0x00, 0x00, 0x07, 0xF4, 0xFD, 0x00, 0x00, 0x00, 0x02, 0xFF, 0xF4, 0x00,
    0x00, 0x00, 0x00, 0xBF, 0xE0, 0x00, 0x00, 0x00, 0x00, 0x1F, 0x80, 0x00, 0x00, 0x00, 0x00, 0x00,
    0x00, 0x00, 0x00, 0x00, 0x00, 0x00, 0x00, 0x00, 0x00, 0x3F, 0xFF, 0x00, 0x07, 0xFF, 0xFC, 0x3F,
    0xFF, 0xC0, 0x0B, 0xFF, 0xFC, 0x0B, 0xFF, 0xE0, 0x01, 0xBF, 0xD0, 0x02, 0xFF, 0xF4, 0x00, 0x3F,
    0x80, 0x02, 0xFF, 0xFC, 0x00, 0x3F, 0x80, 0x02, 0xFF, 0xFE, 0x00, 0x3F, 0x80, 0x02, 0xFF, 0xFF,
    0x40, 0x3F, 0x80, 0x02, 0xFD, 0xFF, 0xC0, 0x3F, 0x80, 0x02, 0xFC, 0xFF, 0xE0, 0x3F, 0x80, 0x02,
    0xFC, 0x3F, 0xF4, 0x3F, 0x80, 0x02, 0xFC, 0x1F, 0xFC, 0x3F, 0x80, 0x02, 0xFC, 0x0B, 0xFF, 0x3F,
    0x80, 0x02, 0xFC, 0x03, 0xFF, 0x7F, 0x80, 0x02, 0xFC, 0x01, 0xFF, 0xFF, 0x80, 0x02, 0xFC, 0x00,
    0xBF, 0xFF, 0x80, 0x02, 0xFC, 0x00, 0x3F, 0xFF, 0x80, 0x02, 0xFC, 0x00, 0x0F, 0xFF, 0x80, 0x07,
    0xFE, 0x40, 0x0B, 0xFF, 0x80, 0x3F, 0xFF, 0xE0, 0x03, 0xFF, 0x80, 0x3F, 0xFF, 0xD0, 0x00, 0xFF,
    0x80, 0x00, 0x00, 0x00, 0x00, 0x54, 0x00, 0x00, 0x09, 0x00, 0xA4, 0x00, 0x00, 0x2F, 0x02, 0xF4,
    0x00, 0x00, 0x1F, 0xC7, 0xE0, 0x00, 0x00, 0x0B, 0xFF, 0xC0, 0x00, 0x00, 0x03, 0xFF, 0x40, 0x00,
    0x00, 0x00, 0xFE, 0x00, 0x00, 0x00, 0x00, 0x14, 0x00, 0x00, 0x00, 0x00, 0x00, 0x00, 0x00, 0x00,
    0x54, 0x05, 0x90, 0x00, 0x2F, 0xFC, 0x7F, 0xFD, 0x00, 0x7F, 0xFE, 0xFF, 0xFF, 0x40, 0x2B, 0xFF,
    0xFF, 0xFF, 0x80, 0x03, 0xFF, 0x40, 0xFF, 0xC0, 0x03, 0xFE, 0x00, 0xBF, 0xC0, 0x03, 0xFE, 0x00,
    0x7F, 0xC0, 0x03, 0xFE, 0x00, 0x7F, 0xC0, 0x03, 0xFE, 0x00, 0x7F, 0xC0, 0x03, 0xFE, 0x00, 0x7F,
    0xC0, 0x03, 0xFE, 0x00, 0x7F, 0xC0, 0x03, 0xFE, 0x00, 0x7F, 0xC0, 0x03, 0xFE, 0x00, 0x7F, 0xC0,
    0x03, 0xFE, 0x00, 0xBF, 0xD0, 0x2F, 0xFF, 0xC3, 0xFF, 0xFC, 0x3F, 0xFF, 0xC3, 0xFF, 0xFC, 0x07,
    0x80, 0x00, 0x00, 0x00, 0x00, 0x02, 0xFE, 0x00, 0x00, 0x00, 0x00, 0x00, 0x0F, 0xF0, 0x00, 0x00,
    0x00, 0x00, 0x00, 0xBF, 0x00, 0x00, 0x00, 0x00, 0x00, 0x0B, 0xF0, 0x00, 0x00, 0x00, 0x00, 0x00,
    0xBD, 0x00, 0x15, 0x01, 0x64, 0x00, 0x0F, 0xC0, 0xBF, 0xE2, 0xFF, 0xF4, 0x02, 0xF4, 0x2F, 0xFF,
    0xFF, 0xFF, 0xC0, 0x3E, 0x00, 0xBF, 0xFF, 0xFF, 0xFD, 0x00, 0x00, 0x00, 0xFF, 0xC0, 0x7F, 0xE0,
    0x00, 0x00, 0x0F, 0xF4, 0x03, 0xFF, 0x00, 0x00, 0x00, 0xFF, 0x40, 0x2F, 0xF0, 0x00, 0x00, 0x0F,
    0xF4, 0x02, 0xFF, 0x00, 0x00, 0x00, 0xFF, 0x40, 0x2F, 0xF0, 0x00, 0x00, 0x0F, 0xF4, 0x02, 0xFF,
    0x00, 0x00, 0x00, 0xFF, 0x40, 0x2F, 0xF0, 0x00, 0x00, 0x0F, 0xF4, 0x02, 0xFF, 0x00, 0x00, 0x00,
    0xFF, 0x40, 0x2F, 0xF0, 0x00, 0x00, 0x1F, 0xF8, 0x03, 0xFF, 0x40, 0x00, 0x0F, 0xFF, 0xF0, 0xFF,
    0xFF, 0x00, 0x00, 0xFF, 0xFF, 0x0F, 0xFF, 0xE0, 0x00, 0x00, 0x00, 0x00, 0x00, 0x00, 0x3F, 0xFF,
    0x00, 0x07, 0xFF, 0xFC, 0x3F, 0xFF, 0xC0, 0x0B, 0xFF, 0xFC, 0x0B, 0xFF, 0xD0, 0x01, 0xBF, 0xD0,
    0x02, 0xFF, 0xF0, 0x00, 0x3F, 0x80, 0x02, 0xFF, 0xFC, 0x00, 0x3F, 0x80, 0x02, 0xFF, 0xFD, 0x00,
    0x3F, 0x80, 0x02, 0xFF, 0xFF, 0x00, 0x3F, 0x80, 0x02, 0xFD, 0xFF, 0x80, 0x3F, 0x80, 0x02, 0xFC,
    0xBF, 0xD0, 0x3F, 0x80, 0x02, 0xFC, 0x3F, 0xF0, 0x3F, 0x80, 0x02, 0xFC, 0x1F, 0xF8, 0x3F, 0x80,
    0x02, 0xFC, 0x0B, 0xFD, 0x3F, 0x80, 0x02, 0xFC, 0x03, 0xFF, 0x3F, 0x80, 0x02, 0xFC, 0x01, 0xFF,
    0xBF, 0x80, 0x02, 0xFC, 0x00, 0xBF, 0xFF, 0x80, 0x02, 0xFC, 0x00, 0x3F, 0xFF, 0x80, 0x02, 0xFC,
    0x00, 0x0F, 0xFF, 0x80, 0x07, 0xFE, 0x40, 0x07, 0xFF, 0x80, 0x3F, 0xFF, 0xE0, 0x03, 0xFF, 0x80,
    0x3F, 0xFF, 0xD0, 0x00, 0xFF, 0x40, 0x00, 0x00, 0x00, 0x00, 0xBF, 0x00, 0x00, 0x00, 0x01, 0xD0,
    0xBF, 0x00, 0x00, 0x00, 0x03, 0xFA, 0xFE, 0x00, 0x00, 0x00, 0x03, 0xFF, 0xFC, 0x00, 0x00, 0x00,
    0x03, 0xFF, 0xF0, 0x00, 0x00, 0x00, 0x00, 0x6E, 0x40, 0x00, 0x00, 0x54, 0x05, 0x90, 0x02, 0xFF,
    0xC7, 0xFF, 0xD0, 0x7F, 0xFE, 0xFF, 0xFF, 0x42, 0xBF, 0xFF, 0xFF, 0xF8, 0x03, 0xFF, 0x40, 0xFF,
    0xC0, 0x3F, 0xE0, 0x0B, 0xFC, 0x03, 0xFE, 0x00, 0x7F, 0xC0, 0x3F, 0xE0, 0x07, 0xFC, 0x03, 0xFE,
    0x00, 0x7F, 0xC0, 0x3F, 0xE0, 0x07, 0xFC, 0x03, 0xFE, 0x00, 0x7F, 0xC0, 0x3F, 0xE0, 0x07, 0xFC,
    0x03, 0xFE, 0x00, 0x7F, 0xC0, 0x3F, 0xE0, 0x07, 0xFC, 0x2F, 0xFF, 0xC0, 0x7F, 0xC3, 0xFF, 0xFC,
    0x0B, 0xFC, 0x00, 0x00, 0x00, 0xBF, 0x80, 0x00, 0x00, 0x0F, 0xF8, 0x00, 0x00, 0x01, 0xFF, 0x00,
    0x00, 0x00, 0x7F, 0xE0, 0x00, 0x00, 0x7F, 0xFC, 0x00, 0x00, 0x0B, 0xFF, 0x00, 0x00, 0x00, 0x2E,
    0x40, 0x00, 0x00, 0x0F, 0xFF, 0xFC, 0x00, 0x00, 0x07, 0xFF, 0xFF, 0x00, 0x00, 0x01, 0xFF, 0xFF,
    0x80, 0x00, 0x00, 0x00, 0x00, 0x00, 0x00, 0x00, 0x00, 0x00, 0x00, 0x00, 0x00, 0x00, 0x1A, 0xA4,
    0x00, 0x00, 0x01, 0xFF, 0xFF, 0xE0, 0x00, 0x02, 0xFF, 0xFF, 0xFF, 0x40, 0x03, 0xFF, 0xEA, 0xFF,
    0xF4, 0x02, 0xFF, 0x40, 0x0F, 0xFF, 0x01, 0xFF, 0x40, 0x00, 0xFF, 0xE0, 0xFF, 0xC0, 0x00, 0x1F,
    0xFC, 0x3F, 0xD0, 0x00, 0x03, 0xFF, 0x1F, 0xF4, 0x00, 0x00, 0xBF, 0xDB, 0xFC, 0x00, 0x00, 0x2F,
    0xF6, 0xFF, 0x00, 0x00, 0x0B, 0xFD, 0xFF, 0xC0, 0x00, 0x01, 0xFF, 0x7F, 0xF0, 0x00, 0x00, 0xBF,
    0xDB, 0xFD, 0x00, 0x00, 0x2F, 0xF1, 0xFF, 0x80, 0x00, 0x0F, 0xFC, 0x3F, 0xF0, 0x00, 0x03, 0xFD,
    0x0F, 0xFE, 0x00, 0x03, 0xFF, 0x01, 0xFF, 0xE0, 0x02, 0xFF, 0x00, 0x2F, 0xFF, 0xEF, 0xFF, 0x40,
    0x02, 0xFF, 0xFF, 0xFF, 0x40, 0x00, 0x0B, 0xFF, 0xFE, 0x00, 0x00, 0x00, 0x15, 0x50, 0x00, 0x00,
    0x02, 0xFF, 0xFF, 0x40, 0x03, 0xFF, 0xFF, 0x80, 0x03, 0xFF, 0xFF, 0x40, 0x00, 0x00, 0x00, 0x00,
    0x00, 0x00, 0x00, 0x00, 0x00, 0x05, 0x94, 0x00, 0x01, 0xFF, 0xFF, 0x80, 0x07, 0xFF, 0xFF, 0xE0,
    0x1F, 0xF9, 0xBF, 0xF4, 0x3F, 0xE0, 0x0F, 0xFC, 0x7F, 0xC0, 0x0B, 0xFC, 0xBF, 0xC0, 0x07, 0xFD,
    0xFF, 0xC0, 0x07, 0xFD, 0xFF, 0x80, 0x03, 0xFD, 0xFF, 0xC0, 0x07, 0xFD, 0xFF, 0xC0, 0x07, 0xFC,
    0xBF, 0xC0, 0x0B, 0xFC, 0x7F, 0xF0, 0x0F, 0xF4, 0x3F, 0xFE, 0xBF, 0xF0, 0x0F, 0xFF, 0xFF, 0xC0,
    0x02, 0xFF, 0xFD, 0x00, 0x00, 0x15, 0x40, 0x00, 0x00, 0x00, 0x00, 0x00, 0x00, 0x00, 0x07, 0xC0,
    0x0B, 0x00, 0x00, 0x01, 0xFD, 0x1B, 0xC0, 0x00, 0x00, 0x3F, 0xFF, 0xE0, 0x00, 0x00, 0x07, 0xFF,
    0xE0, 0x00, 0x00, 0x00, 0x15, 0x40, 0x00, 0x00, 0x00, 0x00, 0x00, 0x00, 0x00, 0x00, 0x01, 0xAA,
    0x40, 0x00, 0x00, 0x1F, 0xFF, 0xFE, 0x00, 0x00, 0x2F, 0xFF, 0xFF, 0xF4, 0x00, 0x3F, 0xFE, 0xAF,
    0xFF, 0x40, 0x2F, 0xF4, 0x00, 0xFF, 0xF0, 0x1F, 0xF4, 0x00, 0x0F, 0xFE, 0x0F, 0xFC, 0x00, 0x01,
    0xFF, 0xC3, 0xFD, 0x00, 0x00, 0x3F, 0xF1, 0xFF, 0x40, 0x00, 0x0B, 0xFD, 0xBF, 0xC0, 0x00, 0x02,
    0xFF, 0x6F, 0xF0, 0x00, 0x00, 0xBF, 0xDF, 0xFC, 0x00, 0x00, 0x1F, 0xF7, 0xFF, 0x00, 0x00, 0x0B,
    0xFD, 0xBF, 0xD0, 0x00, 0x02, 0xFF, 0x1F, 0xF8, 0x00, 0x00, 0xFF, 0xC3, 0xFF, 0x00, 0x00, 0x3F,
    0xD0, 0xFF, 0xE0, 0x00, 0x3F, 0xF0, 0x1F, 0xFE, 0x00, 0x2F, 0xF0, 0x02, 0xFF, 0xFE, 0xFF, 0xF4,
    0x00, 0x2F, 0xFF, 0xFF, 0xF4, 0x00, 0x00, 0xBF, 0xFF, 0xE0, 0x00, 0x00, 0x01, 0x55, 0x00, 0x00,
    0x00, 0x00, 0x40, 0x00, 0x00, 0x03, 0xE0, 0x03, 0x80, 0x03, 0xF8, 0x1F, 0x40, 0x02, 0xFF, 0xFF,
    0x00, 0x00, 0xBF, 0xF8, 0x00, 0x00, 0x05, 0x40, 0x00, 0x00, 0x00, 0x00, 0x00, 0x00, 0x05, 0x94,
    0x00, 0x01, 0xFF, 0xFF, 0x80, 0x07, 0xFF, 0xFF, 0xE0, 0x1F, 0xF9, 0xBF, 0xF4, 0x3F, 0xE0, 0x0F,
    0xFC, 0x7F, 0xC0, 0x0B, 0xFC, 0xBF, 0xC0, 0x07, 0xFD, 0xFF, 0xC0, 0x07, 0xFD, 0xFF, 0x80, 0x03,
    0xFD, 0xFF, 0xC0, 0x07, 0xFD, 0xFF, 0xC0, 0x07, 0xFC, 0xBF, 0xC0, 0x0B, 0xFC, 0x7F, 0xF0, 0x0F,
    0xF4, 0x3F, 0xFE, 0xBF, 0xF0, 0x0F, 0xFF, 0xFF, 0xC0, 0x02, 0xFF, 0xFD, 0x00, 0x00, 0x15, 0x40,
    0x00, 0x00, 0x00, 0x08, 0x00, 0x40, 0x00, 0x00, 0x0B, 0x80, 0x7C, 0x00, 0x00, 0x0B, 0xF0, 0x7F,
    0x80, 0x00, 0x0B, 0xF8, 0x3F, 0xC0, 0x00, 0x07, 0xF8, 0x3F, 0xC0, 0x00, 0x03, 0xF0, 0x2F, 0x40,
    0x00, 0x00, 0x90, 0x02, 0x00, 0x00, 0x00, 0x00, 0x00, 0x00, 0x00, 0x00, 0x00, 0x6A, 0x90, 0x00,
    0x00, 0x07, 0xFF, 0xFF, 0x80, 0x00, 0x0B, 0xFF, 0xFF, 0xFD, 0x00, 0x0F, 0xFF, 0xAB, 0xFF, 0xD0,
    0x0B, 0xFD, 0x00, 0x3F, 0xFC, 0x07, 0xFD, 0x00, 0x03, 0xFF, 0x83, 0xFF, 0x00, 0x00, 0x7F, 0xF0,
    0xFF, 0x40, 0x00, 0x0F, 0xFC, 0x7F, 0xD0, 0x00, 0x02, 0xFF, 0x6F, 0xF0, 0x00, 0x00, 0xBF, 0xDB,
    0xFC, 0x00, 0x00, 0x2F, 0xF7, 0xFF, 0x00, 0x00, 0x07, 0xFD, 0xFF, 0xC0, 0x00, 0x02, 0xFF, 0x6F,
    0xF4, 0x00, 0x00, 0xBF, 0xC7, 0xFE, 0x00, 0x00, 0x3F, 0xF0, 0xFF, 0xC0, 0x00, 0x0F, 0xF4, 0x3F,
    0xF8, 0x00, 0x0F, 0xFC, 0x07, 0xFF, 0x80, 0x0B, 0xFC, 0x00, 0xBF, 0xFF, 0xBF, 0xFD, 0x00, 0x0B,
    0xFF, 0xFF, 0xFD, 0x00, 0x00, 0x2F, 0xFF, 0xF8, 0x00, 0x00, 0x00, 0x55, 0x40, 0x00, 0x00, 0x00,
    0x00, 0x00, 0x00, 0x00, 0x0F, 0x43, 0xC0, 0x00, 0x1F, 0xC7, 0xE0, 0x00, 0x3F, 0x8F, 0xD0, 0x00,
    0x3F, 0x1F, 0xC0, 0x00, 0xBD, 0x2F, 0x00, 0x00, 0xB8, 0x2E, 0x00, 0x00, 0x10, 0x04, 0x00, 0x00,
    0x00, 0x00, 0x00, 0x00, 0x05, 0x94, 0x00, 0x01, 0xFF, 0xFF, 0x80, 0x07, 0xFF, 0xFF, 0xE0, 0x1F,
    0xF9, 0xBF, 0xF4, 0x3F, 0xE0, 0x0F, 0xFC, 0x7F, 0xC0, 0x0B, 0xFC, 0xBF, 0xC0, 0x07, 0xFD, 0xFF,
    0xC0, 0x07, 0xFD, 0xFF, 0x80, 0x03, 0xFD, 0xFF, 0xC0, 0x07, 0xFD, 0xFF, 0xC0, 0x07, 0xFC, 0xBF,
    0xC0, 0x0B, 0xFC, 0x7F, 0xF0, 0x0F, 0xF4, 0x3F, 0xFE, 0xBF, 0xF0, 0x0F, 0xFF, 0xFF, 0xC0, 0x02,
    0xFF, 0xFD, 0x00, 0x00, 0x15, 0x40, 0x00, 0x00, 0x00, 0x00, 0x00, 0x00, 0x00, 0x00, 0x00, 0x06,
    0xFF, 0xFF, 0xFF, 0xFF, 0xF4, 0x00, 0x7F, 0xFF, 0xFF, 0xFF, 0xFF, 0xF4, 0x02, 0xFF, 0xFA, 0xBF,
    0xFF, 0xFF, 0xF4, 0x0B, 0xFE, 0x00, 0x3F, 0xF0, 0x02, 0xF4, 0x0F, 0xF8, 0x00, 0x3F, 0xF0, 0x01,
    0xF0, 0x3F, 0xF0, 0x00, 0x3F, 0xF0, 0x00, 0x90, 0x3F, 0xD0, 0x00, 0x3F, 0xF0, 0x00, 0x00, 0x7F,
    0xC0, 0x00, 0x3F, 0xF0, 0x00, 0x00, 0xBF, 0xC0, 0x00, 0x3F, 0xFA, 0xAA, 0x40, 0xBF, 0xC0, 0x00,
    0x3F, 0xFF, 0xFF, 0x80, 0xFF, 0xC0, 0x00, 0x3F, 0xFF, 0xFF, 0x40, 0xBF, 0xC0, 0x00, 0x3F, 0xF5,
    0x55, 0x00, 0xBF, 0xC0, 0x00, 0x3F, 0xF0, 0x00, 0x00, 0x7F, 0xD0, 0x00, 0x3F, 0xF0, 0x00, 0x10,
    0x3F, 0xF0, 0x00, 0x3F, 0xF0, 0x00, 0xBC, 0x2F, 0xF8, 0x00, 0x3F, 0xF0, 0x00, 0xFC, 0x0F, 0xFE,
    0x00, 0x3F, 0xF0, 0x02, 0xFC, 0x03, 0xFF, 0xFA, 0xBF, 0xFF, 0xFF, 0xFC, 0x00, 0xFF, 0xFF, 0xFF,
    0xFF, 0xFF, 0xF8, 0x00, 0x1B, 0xFF, 0xFF, 0xFF, 0xFF, 0xF4, 0x00, 0x00, 0x05, 0x50, 0x00, 0x00,
    0x00, 0x00, 0x05, 0x90, 0x00, 0x59, 0x40, 0x00, 0x7F, 0xFF, 0x81, 0xFF, 0xFD, 0x00, 0x7F, 0xFF,
    0xFE, 0xFF, 0xFF, 0xC0, 0x7F, 0xE6, 0xFF, 0xFE, 0x5F, 0xFC, 0x3F, 0xE0, 0x0F, 0xFE, 0x00, 0xFF,
    0x1F, 0xF0, 0x02, 0xFF, 0x00, 0x3F, 0xDB, 0xFC, 0x00, 0x7F, 0xC0, 0x0F, 0xF7, 0xFF, 0x00, 0x1F,
    0xFF, 0xFF, 0xFD, 0xFF, 0x80, 0x03, 0xFF, 0xFF, 0xFF, 0x3F, 0xF0, 0x01, 0xFF, 0x55, 0x55, 0x4F,
    0xFC, 0x00, 0x7F, 0xC0, 0x00, 0x02, 0xFF, 0x00, 0x2F, 0xF4, 0x00, 0x00, 0x7F, 0xF0, 0x0F, 0xFF,
    0x40, 0x01, 0x0F, 0xFF, 0xAF, 0xFF, 0xFF, 0xFF, 0xC0, 0xFF, 0xFF, 0xF7, 0xFF, 0xFF, 0xF0, 0x0B,
    0xFF, 0xF0, 0x2F, 0xFF, 0xE0, 0x00, 0x15, 0x40, 0x00, 0x55, 0x00, 0x00, 0x00, 0x00, 0x00, 0x00,
    0x00, 0x00, 0x00, 0x02, 0x80, 0x00, 0x00, 0x00, 0x03, 0xF4, 0x00, 0x00, 0x00, 0x0B, 0xFD, 0x00,
    0x00, 0x00, 0x0F, 0xFF, 0x00, 0x00, 0x00, 0x07, 0xFD, 0x00, 0x00, 0x00, 0x00, 0x90, 0x00, 0x00,
    0x00, 0x00, 0x00, 0x00, 0x00, 0x00, 0x00, 0x55, 0x55, 0x00, 0x00, 0x3F, 0xFF, 0xFF, 0xF8, 0x00,
    0x0F, 0xFF, 0xFF, 0xFF, 0xC0, 0x00, 0x6F, 0xFA, 0xBF, 0xFC, 0x00, 0x07, 0xFC, 0x03, 0xFF, 0x40,
    0x01, 0xFF, 0x00, 0x3F, 0xE0, 0x00, 0x7F, 0xC0, 0x0F, 0xF8, 0x00, 0x1F, 0xF0, 0x03, 0xFD, 0x00,
    0x07, 0xFC, 0x01, 0xFF, 0x00, 0x01, 0xFF, 0x02, 0xFF, 0x80, 0x00, 0x7F, 0xEF, 0xFF, 0x80, 0x00,
    0x1F, 0xFF, 0xFF, 0x40, 0x00, 0x07, 0xFF, 0xFF, 0x40, 0x00, 0x01, 0xFF, 0x2F, 0xF0, 0x00, 0x00,
    0x7F, 0xC3, 0xFF, 0x00, 0x00, 0x1F, 0xF0, 0x3F, 0xF0, 0x00, 0x07, 0xFC, 0x0B, 0xFE, 0x00, 0x01,
    0xFF, 0x00, 0xBF, 0xF0, 0x01, 0xBF, 0xE4, 0x0F, 0xFF, 0x43, 0xFF, 0xFF, 0x80, 0xFF, 0xF8, 0xFF,
    0xFF, 0xE0, 0x0B, 0xFD, 0x00, 0x00, 0x00, 0x00, 0x15, 0x00, 0x00, 0x00, 0x00, 0x00, 0x00, 0x07,
    0x40, 0x00, 0x00, 0xFC, 0x00, 0x00, 0x2F, 0xC0, 0x00, 0x03, 0xF8, 0x00, 0x00, 0xBE, 0x00, 0x00,
    0x0B, 0x80, 0x00, 0x00, 0x10, 0x00, 0x00, 0x00, 0x00, 0x00, 0x05, 0x40, 0x64, 0x2F, 0xF8, 0x7F,
    0xC7, 0xFF, 0xCF, 0xFC, 0x2B, 0xFF, 0xFF, 0xC0, 0x3F, 0xFE, 0xA8, 0x03, 0xFF, 0x00, 0x00, 0x3F,
    0xE0, 0x00, 0x03, 0xFE, 0x00, 0x00, 0x3F, 0xE0, 0x00, 0x03, 0xFE, 0x00, 0x00, 0x3F, 0xE0, 0x00,
    0x03, 0xFE, 0x00, 0x00, 0x3F, 0xE0, 0x00, 0x07, 0xFF, 0x40, 0x03, 0xFF, 0xFF, 0x40, 0x3F, 0xFF,
    0xF4, 0x00, 0x00, 0x55, 0x55, 0x00, 0x00, 0x3F, 0xFF, 0xFF, 0xF8, 0x00, 0x0F, 0xFF, 0xFF, 0xFF,
    0xC0, 0x00, 0x6F, 0xFA, 0xBF, 0xFC, 0x00, 0x07, 0xFC, 0x03, 0xFF, 0x40, 0x01, 0xFF, 0x00, 0x3F,
    0xE0, 0x00, 0x7F, 0xC0, 0x0F, 0xF8, 0x00, 0x1F, 0xF0, 0x03, 0xFD, 0x00, 0x07, 0xFC, 0x01, 0xFF,
    0x00, 0x01, 0xFF, 0x02, 0xFF, 0x80, 0x00, 0x7F, 0xEF, 0xFF, 0x80, 0x00, 0x1F, 0xFF, 0xFF, 0x40,
    0x00, 0x07, 0xFF, 0xFF, 0x40, 0x00, 0x01, 0xFF, 0x2F, 0xF0, 0x00, 0x00, 0x7F, 0xC3, 0xFF, 0x00,
    0x00, 0x1F, 0xF0, 0x3F, 0xF0, 0x00, 0x07, 0xFC, 0x0B, 0xFE, 0x00, 0x01, 0xFF, 0x00, 0xBF, 0xF0,
    0x01, 0xBF, 0xE4, 0x0F, 0xFF, 0x43, 0xFF, 0xFF, 0x80, 0xFF, 0xF8, 0xFF, 0xFF, 0xE0, 0x0B, 0xFD,
    0x00, 0x00, 0x00, 0x00, 0x15, 0x00, 0x00, 0x01, 0x90, 0x00, 0x00, 0x00, 0x03, 0xFD, 0x00, 0x00,
    0x00, 0x00, 0x7F, 0x80, 0x00, 0x00, 0x00, 0x0F, 0xD0, 0x00, 0x00, 0x00, 0x07, 0xF0, 0x00, 0x00,
    0x00, 0x03, 0xF4, 0x00, 0x00, 0x00, 0x00, 0x50, 0x00, 0x00, 0x00, 0x00, 0x54, 0x06, 0x42, 0xFF,
    0x87, 0xFC, 0x7F, 0xFC, 0xFF, 0xC2, 0xBF, 0xFF, 0xFC, 0x03, 0xFF, 0xEA, 0x80, 0x3F, 0xF0, 0x00,
    0x03, 0xFE, 0x00, 0x00, 0x3F, 0xE0, 0x00, 0x03, 0xFE, 0x00, 0x00, 0x3F, 0xE0, 0x00, 0x03, 0xFE,
    0x00, 0x00, 0x3F, 0xE0, 0x00, 0x03, 0xFE, 0x00, 0x00, 0x7F, 0xF4, 0x00, 0x3F, 0xFF, 0xF4, 0x03,
    0xFF, 0xFF, 0x40, 0x00, 0x00, 0x00, 0x00, 0x06, 0x00, 0x00, 0x02, 0xFD, 0x00, 0x00, 0x0F, 0xE0,
    0x00, 0x00, 0xFE, 0x00, 0x00, 0x0F, 0xC0, 0x00, 0x03, 0xF4, 0x00, 0x00, 0x14, 0x00, 0x00, 0x02,
    0xC0, 0x07, 0xC0, 0x00, 0x00, 0xFC, 0x07, 0xF0, 0x00, 0x00, 0x2F, 0xC7, 0xF0, 0x00, 0x00, 0x03,
    0xFF, 0xF0, 0x00, 0x00, 0x00, 0x3F, 0xF4, 0x00, 0x00, 0x00, 0x02, 0xF4, 0x00, 0x00, 0x00, 0x00,
    0x00, 0x00, 0x00, 0x00, 0x01, 0x55, 0x54, 0x00, 0x00, 0xFF, 0xFF, 0xFF, 0xE0, 0x00, 0x3F, 0xFF,
    0xFF, 0xFF, 0x00, 0x01, 0xBF, 0xEA, 0xFF, 0xF0, 0x00, 0x1F, 0xF0, 0x0F, 0xFD, 0x00, 0x07, 0xFC,
    0x00, 0xFF, 0x80, 0x01, 0xFF, 0x00, 0x3F, 0xE0, 0x00, 0x7F, 0xC0, 0x0F, 0xF4, 0x00, 0x1F, 0xF0,
    0x07, 0xFC, 0x00, 0x07, 0xFC, 0x0B, 0xFE, 0x00, 0x01, 0xFF, 0xBF, 0xFE, 0x00, 0x00, 0x7F, 0xFF,
    0xFD, 0x00, 0x00, 0x1F, 0xFF, 0xFD, 0x00, 0x00, 0x07, 0xFC, 0xBF, 0xC0, 0x00, 0x01, 0xFF, 0x0F,
    0xFC, 0x00, 0x00, 0x7F, 0xC0, 0xFF, 0xC0, 0x00, 0x1F, 0xF0, 0x2F, 0xF8, 0x00, 0x07, 0xFC, 0x02,
    0xFF, 0xC0, 0x06, 0xFF, 0x90, 0x3F, 0xFD, 0x0F, 0xFF, 0xFE, 0x03, 0xFF, 0xE3, 0xFF, 0xFF, 0x80,
    0x2F, 0xF4, 0x00, 0x00, 0x00, 0x00, 0x54, 0x00, 0x01, 0x80, 0x0A, 0x00, 0x3F, 0x03, 0xF0, 0x02,
    0xF8, 0xBD, 0x00, 0x0F, 0xEF, 0x80, 0x00, 0x3F, 0xF0, 0x00, 0x00, 0xFD, 0x00, 0x00, 0x01, 0x00,
    0x00, 0x00, 0x00, 0x00, 0x00, 0x54, 0x06, 0x42, 0xFF, 0x87, 0xFC, 0x7F, 0xFC, 0xFF, 0xC2, 0xBF,
    0xFF, 0xFC, 0x03, 0xFF, 0xEA, 0x80, 0x3F, 0xF0, 0x00, 0x03, 0xFE, 0x00, 0x00, 0x3F, 0xE0, 0x00,
    0x03, 0xFE, 0x00, 0x00, 0x3F, 0xE0, 0x00, 0x03, 0xFE, 0x00, 0x00, 0x3F, 0xE0, 0x00, 0x03, 0xFE,
    0x00, 0x00, 0x7F, 0xF4, 0x00, 0x3F, 0xFF, 0xF4, 0x03, 0xFF, 0xFF, 0x40, 0x00, 0x00, 0x00, 0x00,
    0x00, 0x00, 0x34, 0x00, 0x00, 0x07, 0xF0, 0x00, 0x00, 0xFF, 0xC0, 0x00, 0x1F, 0xFE, 0x00, 0x00,
    0xFF, 0x90, 0x00, 0x01, 0x40, 0x00, 0x00, 0x00, 0x00, 0x00, 0x00, 0x1A, 0xA9, 0x00, 0x07, 0xFF,
    0xFF, 0x80, 0xBF, 0xFF, 0xFF, 0x07, 0xFF, 0x5B, 0xFC, 0x3F, 0xE0, 0x07, 0xF0, 0xFF, 0x40, 0x0F,
    0xC3, 0xFD, 0x00, 0x3D, 0x0F, 0xFD, 0x00, 0x00, 0x3F, 0xFE, 0x40, 0x00, 0x7F, 0xFF, 0xD0, 0x00,
    0xBF, 0xFF, 0xF0, 0x00, 0x7F, 0xFF, 0xF4, 0x00, 0x1F, 0xFF, 0xF0, 0x00, 0x07, 0xFF, 0xD2, 0x80,
    0x01, 0xFF, 0x9F, 0x80, 0x03, 0xFE, 0x7F, 0x00, 0x0F, 0xF5, 0xFE, 0x00, 0x7F, 0xC7, 0xFF, 0xAB,
    0xFE, 0x1F, 0xFF, 0xFF, 0xE0, 0x2F, 0xFF, 0xFD, 0x00, 0x01, 0x55, 0x00, 0x00, 0x00, 0x00, 0x00,
    0x00, 0x00, 0xF0, 0x00, 0x00, 0x7F, 0x00, 0x00, 0x3F, 0xC0, 0x00, 0x2F, 0xC0, 0x00, 0x0F, 0xD0,
    0x00, 0x03, 0xC0, 0x00, 0x00, 0x00, 0x00, 0x00, 0x00, 0x00, 0x00, 0x06, 0x94, 0x00, 0x3F, 0xFF,
    0xE0, 0x3F, 0xFF, 0xFC, 0x3F, 0xC0, 0x7F, 0x0F, 0xF0, 0x0B, 0xC3, 0xFD, 0x01, 0x90, 0xFF, 0xF8,
    0x00, 0x2F, 0xFF, 0xE0, 0x02, 0xFF, 0xFF, 0x40, 0x1F, 0xFF, 0xF0, 0x00, 0x2F, 0xFD, 0x7C, 0x00,
    0xFF, 0x6F, 0x80, 0x2F, 0xDB, 0xF8, 0x1F, 0xF1, 0xFF, 0xFF, 0xF4, 0x2F, 0xFF, 0xE0, 0x00, 0x15,
    0x40, 0x00, 0x00, 0x0B, 0xE0, 0x00, 0x00, 0x7F, 0xE0, 0x00, 0x07, 0xFF, 0xE0, 0x00, 0x3F, 0x0F,
    0xE0, 0x07, 0xF0, 0x0F, 0xC0, 0x0A, 0x00, 0x08, 0x00, 0x00, 0x00, 0x00, 0x00, 0x06, 0xAA, 0x40,
    0x01, 0xFF, 0xFF, 0xE0, 0x2F, 0xFF, 0xFF, 0xC1, 0xFF, 0xD6, 0xFF, 0x0F, 0xF8, 0x01, 0xFC, 0x3F,
    0xD0, 0x03, 0xF0, 0xFF, 0x40, 0x0F, 0x43, 0xFF, 0x40, 0x00, 0x0F, 0xFF, 0x90, 0x00, 0x1F, 0xFF,
    0xF4, 0x00, 0x2F, 0xFF, 0xFC, 0x00, 0x1F, 0xFF, 0xFD, 0x00, 0x07, 0xFF, 0xFC, 0x00, 0x01, 0xFF,
    0xF4, 0xA0, 0x00, 0x7F, 0xE7, 0xE0, 0x00, 0xFF, 0x9F, 0xC0, 0x03, 0xFD, 0x7F, 0x80, 0x1F, 0xF1,
    0xFF, 0xEA, 0xFF, 0x87, 0xFF, 0xFF, 0xF8, 0x0B, 0xFF, 0xFF, 0x40, 0x00, 0x55, 0x40, 0x00, 0x00,
    0x05, 0x00, 0x00, 0x0F, 0xE0, 0x00, 0x0F, 0xFD, 0x00, 0x0B, 0xEF, 0xD0, 0x03, 0xE1, 0xFC, 0x03,
    0xF0, 0x1F, 0x00, 0x60, 0x01, 0x40, 0x00, 0x00, 0x00, 0x00, 0x1A, 0x50, 0x00, 0xFF, 0xFF, 0x80,
    0xFF, 0xFF, 0xF0, 0xFF, 0x01, 0xFC, 0x3F, 0xC0, 0x2F, 0x0F, 0xF4, 0x06, 0x43, 0xFF, 0xE0, 0x00,
    0xBF, 0xFF, 0x80, 0x0B, 0xFF, 0xFD, 0x00, 0x7F, 0xFF, 0xC0, 0x00, 0xBF, 0xF5, 0xF0, 0x03, 0xFD,
    0xBE, 0x00, 0xBF, 0x6F, 0xE0, 0x7F, 0xC7, 0xFF, 0xFF, 0xD0, 0xBF, 0xFF, 0x80, 0x00, 0x55, 0x00,
    0x00, 0x00, 0x1A, 0xA9, 0x00, 0x07, 0xFF, 0xFF, 0x80, 0xBF, 0xFF, 0xFF, 0x07, 0xFF, 0x5B, 0xFC,
    0x3F, 0xE0, 0x07, 0xF0, 0xFF, 0x40, 0x0F, 0xC3, 0xFD, 0x00, 0x3D, 0x0F, 0xFD, 0x00, 0x00, 0x3F,
    0xFE, 0x40, 0x00, 0x7F, 0xFF, 0xD0, 0x00, 0xBF, 0xFF, 0xF0, 0x00, 0x7F, 0xFF, 0xF4, 0x00, 0x1F,
    0xFF, 0xF0, 0x00, 0x07, 0xFF, 0xD2, 0x80, 0x01, 0xFF, 0x9F, 0x80, 0x03, 0xFE, 0x7F, 0x00, 0x0F,
    0xF5, 0xFE, 0x00, 0x7F, 0xC7, 0xFF, 0xAB, 0xFE, 0x1F, 0xFF, 0xFF, 0xE0, 0x2F, 0xFF, 0xFD, 0x00,
    0x01, 0x55, 0x00, 0x00, 0x00, 0xA8, 0x00, 0x00, 0x0B, 0xFC, 0x00, 0x00, 0x1B, 0xF4, 0x00, 0x00,
    0x0F, 0xD0, 0x00, 0x00, 0x7F, 0x00, 0x00, 0x0B, 0xF0, 0x00, 0x00, 0x19, 0x00, 0x00, 0x00, 0x1A,
    0x50, 0x00, 0xFF, 0xFF, 0x80, 0xFF, 0xFF, 0xF0, 0xFF, 0x01, 0xFC, 0x3F, 0xC0, 0x2F, 0x0F, 0xF4,
    0x06, 0x43, 0xFF, 0xE0, 0x00, 0xBF, 0xFF, 0x80, 0x0B, 0xFF, 0xFD, 0x00, 0x7F, 0xFF, 0xC0, 0x00,
    0xBF, 0xF5, 0xF0, 0x03, 0xFD, 0xBE, 0x00, 0xBF, 0x6F, 0xE0, 0x7F, 0xC7, 0xFF, 0xFF, 0xD0, 0xBF,
    0xFF, 0x80, 0x00, 0x55, 0x00, 0x00, 0x0A, 0x40, 0x00, 0x0F, 0xF8, 0x00, 0x01, 0xBF, 0x00, 0x00,
    0x0F, 0xC0, 0x00, 0x0B, 0xE0, 0x00, 0x0B, 0xE0, 0x00, 0x02, 0x90, 0x00, 0x03, 0x80, 0x0B, 0x80,
    0x2F, 0x40, 0xBE, 0x00, 0x3F, 0x8B, 0xE0, 0x00, 0x7F, 0xFE, 0x00, 0x00, 0x7F, 0xF0, 0x00, 0x00,
    0x3F, 0x00, 0x00, 0x00, 0x00, 0x00, 0x00, 0x06, 0xAA, 0x40, 0x01, 0xFF, 0xFF, 0xE0, 0x2F, 0xFF,
    0xFF, 0xC1, 0xFF, 0xD6, 0xFF, 0x0F, 0xF8, 0x01, 0xFC, 0x3F, 0xD0, 0x03, 0xF0, 0xFF, 0x40, 0x0F,
    0x43, 0xFF, 0x40, 0x00, 0x0F, 0xFF, 0x90, 0x00, 0x1F, 0xFF, 0xF4, 0x00, 0x2F, 0xFF, 0xFC, 0x00,
    0x1F, 0xFF, 0xFD, 0x00, 0x07, 0xFF, 0xFC, 0x00, 0x01, 0xFF, 0xF4, 0xA0, 0x00, 0x7F, 0xE7, 0xE0,
    0x00, 0xFF, 0x9F, 0xC0, 0x03, 0xFD, 0x7F, 0x80, 0x1F, 0xF1, 0xFF, 0xEA, 0xFF, 0x87, 0xFF, 0xFF,
    0xF8, 0x0B, 0xFF, 0xFF, 0x40, 0x00, 0x55, 0x40, 0x00, 0x06, 0x00, 0x38, 0x07, 0xD0, 0x3F, 0x00,
    0xFD, 0x3F, 0x00, 0x1F, 0xEF, 0x40, 0x02, 0xFF, 0x80, 0x00, 0x2F, 0xC0, 0x00, 0x00, 0x40, 0x00,
    0x00, 0x00, 0x00, 0x00, 0x1A, 0x50, 0x00, 0xFF, 0xFF, 0x80, 0xFF, 0xFF, 0xF0, 0xFF, 0x01, 0xFC,
    0x3F, 0xC0, 0x2F, 0x0F, 0xF4, 0x06, 0x43, 0xFF, 0xE0, 0x00, 0xBF, 0xFF, 0x80, 0x0B, 0xFF, 0xFD,
    0x00, 0x7F, 0xFF, 0xC0, 0x00, 0xBF, 0xF5, 0xF0, 0x03, 0xFD, 0xBE, 0x00, 0xBF, 0x6F, 0xE0, 0x7F,
    0xC7, 0xFF, 0xFF, 0xD0, 0xBF, 0xFF, 0x80, 0x00, 0x55, 0x00, 0x00, 0x00, 0x00, 0x00, 0x00, 0x00,
    0x3F, 0xFF, 0xFF, 0xFF, 0xFF, 0x3F, 0xFF, 0xFF, 0xFF, 0xFF, 0x3F, 0xFF, 0xFF, 0xFF, 0xFF, 0x3F,
    0x40, 0xFF, 0x80, 0xBE, 0x3F, 0x00, 0xFF, 0x80, 0xBE, 0x3F, 0x00, 0xFF, 0x80, 0xBD, 0x09, 0x00,
    0xFF, 0x80, 0x64, 0x00, 0x00, 0xFF, 0x80, 0x00, 0x00, 0x00, 0xFF, 0x80, 0x00, 0x00, 0x00, 0xFF,
    0x80, 0x00, 0x00, 0x00, 0xFF, 0x80, 0x00, 0x00, 0x00, 0xFF, 0x80, 0x00, 0x00, 0x00, 0xFF, 0x80,
    0x00, 0x00, 0x00, 0xFF, 0x80, 0x00, 0x00, 0x00, 0xFF, 0x80, 0x00, 0x00, 0x00, 0xFF, 0x80, 0x00,
    0x00, 0x00, 0xFF, 0x80, 0x00, 0x00, 0x06, 0xFF, 0xE4, 0x00, 0x00, 0x3F, 0xFF, 0xFD, 0x00, 0x00,
    0x3F, 0xFF, 0xFD, 0x00, 0x00, 0x00, 0x00, 0x00, 0x00, 0x00, 0x00, 0x69, 0x00, 0x00, 0x00, 0x00,
    0xFF, 0x80, 0x00, 0x00, 0x00, 0x7F, 0xC0, 0x00, 0x00, 0x00, 0x0F, 0xC0, 0x00, 0x00, 0x00, 0x2F,
    0x80, 0x00, 0x00, 0x00, 0xFE, 0x00, 0x00, 0x00, 0x00, 0xA4, 0x00, 0x00, 0x00, 0x7F, 0x00, 0x00,
    0x3F, 0xC0, 0x00, 0x1F, 0xF0, 0x00, 0x07, 0xFC, 0x00, 0x1B, 0xFF, 0xFF, 0x4F, 0xFF, 0xFF, 0xD2,
    0xBF, 0xFA, 0xA0, 0x0B, 0xFC, 0x00, 0x02, 0xFF, 0x00, 0x00, 0xBF, 0xC0, 0x00, 0x2F, 0xF0, 0x00,
    0x0B, 0xFC, 0x00, 0x02, 0xFF, 0x00, 0x00, 0xBF, 0xC0, 0x00, 0x2F, 0xF0, 0x00, 0x0B, 0xFD, 0x01,
    0x01, 0xFF, 0xFF, 0xC0, 0x3F, 0xFF, 0xE0, 0x07, 0xFF, 0xE0, 0x00, 0x15, 0x40, 0x00, 0x06, 0x90,
    0x00, 0x03, 0xFE, 0x00, 0x00, 0x6F, 0xC0, 0x00, 0x03, 0xF0, 0x00, 0x02, 0xF4, 0x00, 0x03, 0xF4,
    0x00, 0x00, 0xA0, 0x00, 0x00, 0x1C, 0x00, 0x3D, 0x00, 0x00, 0x3F, 0x00, 0xFD, 0x00, 0x00, 0x1F,
    0xD3, 0xF4, 0x00, 0x00, 0x0B, 0xFF, 0xD0, 0x00, 0x00, 0x02, 0xFF, 0x80, 0x00, 0x00, 0x00, 0x7E,
    0x00, 0x00, 0x00, 0x00, 0x00, 0x00, 0x00, 0x00, 0x00, 0x00, 0x00, 0x00, 0x3F, 0xFF, 0xFF, 0xFF,
    0xFF, 0x3F, 0xFF, 0xFF, 0xFF, 0xFF, 0x3F, 0xFF, 0xFF, 0xFF, 0xFF, 0x3F, 0x40, 0xFF, 0x80, 0xBE,
    0x3F, 0x00, 0xFF, 0x80, 0xBE, 0x3F, 0x00, 0xFF, 0x80, 0xBD, 0x09, 0x00, 0xFF, 0x80, 0x64, 0x00,
    0x00, 0xFF, 0x80, 0x00, 0x00, 0x00, 0xFF, 0x80, 0x00, 0x00, 0x00, 0xFF, 0x80, 0x00, 0x00, 0x00,
    0xFF, 0x80, 0x00, 0x00, 0x00, 0xFF, 0x80, 0x00, 0x00, 0x00, 0xFF, 0x80, 0x00, 0x00, 0x00, 0xFF,
    0x80, 0x00, 0x00, 0x00, 0xFF, 0x80, 0x00, 0x00, 0x00, 0xFF, 0x80, 0x00, 0x00, 0x00, 0xFF, 0x80,
    0x00, 0x00, 0x06, 0xFF, 0xE4, 0x00, 0x00, 0x3F, 0xFF, 0xFD, 0x00, 0x00, 0x3F, 0xFF, 0xFD, 0x00,
    0x00, 0x00, 0x00, 0x00, 0x00, 0x03, 0xD0, 0x00, 0x00, 0xFC, 0x00, 0x00, 0x7E, 0x00, 0x00, 0x1F,
    0x40, 0x1F, 0xC7, 0xC0, 0x0F, 0xF1, 0xD0, 0x07, 0xFC, 0x10, 0x01, 0xFF, 0x00, 0x06, 0xFF, 0xFF,
    0xD3, 0xFF, 0xFF, 0xF4, 0xAF, 0xFE, 0xA8, 0x02, 0xFF, 0x00, 0x00, 0xBF, 0xC0, 0x00, 0x2F, 0xF0,
    0x00, 0x0B, 0xFC, 0x00, 0x02, 0xFF, 0x00, 0x00, 0xBF, 0xC0, 0x00, 0x2F, 0xF0, 0x00, 0x0B, 0xFC,
    0x00, 0x02, 0xFF, 0x40, 0x40, 0x7F, 0xFF, 0xF0, 0x0F, 0xFF, 0xF8, 0x01, 0xFF, 0xF8, 0x00, 0x05,
    0x50, 0x00, 0x00, 0x00, 0x00, 0x00, 0x00, 0x3F, 0xFF, 0xFF, 0xFF, 0xFF, 0x3F, 0xFF, 0xFF, 0xFF,
    0xFF, 0x3F, 0xFF, 0xFF, 0xFF, 0xFF, 0x3F, 0x40, 0xFF, 0x80, 0xBE, 0x3F, 0x00, 0xFF, 0x80, 0xBE,
    0x3F, 0x00, 0xFF, 0x80, 0xBD, 0x09, 0x00, 0xFF, 0x80, 0x64, 0x00, 0x00, 0xFF, 0x80, 0x00, 0x00,
    0x00, 0xFF, 0x80, 0x00, 0x00, 0x7F, 0xFF, 0xFE, 0x00, 0x00, 0x7F, 0xFF, 0xFE, 0x00, 0x00, 0x00,
    0xFF, 0x80, 0x00, 0x00, 0x00, 0xFF, 0x80, 0x00, 0x00, 0x00, 0xFF, 0x80, 0x00, 0x00, 0x00, 0xFF,
    0x80, 0x00, 0x00, 0x00, 0xFF, 0x80, 0x00, 0x00, 0x00, 0xFF, 0x80, 0x00, 0x00, 0x06, 0xFF, 0xE4,
    0x00, 0x00, 0x3F, 0xFF, 0xFD, 0x00, 0x00, 0x3F, 0xFF, 0xFD, 0x00, 0x00, 0x7F, 0x00, 0x00, 0x3F,
    0xC0, 0x00, 0x1F, 0xF0, 0x00, 0x07, 0xFC, 0x00, 0x1B, 0xFF, 0xFF, 0x4F, 0xFF, 0xFF, 0xD2, 0xBF,
    0xFA, 0xA0, 0x0B, 0xFC, 0x00, 0x02, 0xFF, 0x00, 0x00, 0xBF, 0xC0, 0x02, 0xBF, 0xFA, 0x90, 0xFF,
    0xFF, 0xF8, 0x16, 0xFF, 0x54, 0x00, 0xBF, 0xC0, 0x00, 0x2F, 0xF0, 0x00, 0x0B, 0xFD, 0x01, 0x01,
    0xFF, 0xFF, 0xC0, 0x3F, 0xFF, 0xE0, 0x07, 0xFF, 0xE0, 0x00, 0x15, 0x40, 0x00, 0x00, 0x10, 0x00,
    0x00, 0x00, 0x00, 0x07, 0xFC, 0x2C, 0x00, 0x00, 0x00, 0x3F, 0xFE, 0xF4, 0x00, 0x00, 0x00, 0xFA,
    0xFF, 0xD0, 0x00, 0x00, 0x03, 0xC2, 0xFE, 0x00, 0x00, 0x00, 0x00, 0x00, 0x40, 0x00, 0x00, 0x00,
    0x00, 0x00, 0x00, 0x00, 0x00, 0x00, 0x00, 0x00, 0x00, 0x00, 0x7F, 0xFF, 0xF4, 0x1F, 0xFF, 0xFD,
    0xFF, 0xFF, 0xC0, 0xBF, 0xFF, 0xD1, 0xBF, 0xF4, 0x00, 0x5F, 0xF8, 0x00, 0xFF, 0xC0, 0x00, 0x3F,
    0xC0, 0x03, 0xFF, 0x00, 0x00, 0xFF, 0x00, 0x0F, 0xFC, 0x00, 0x03, 0xFC, 0x00, 0x3F, 0xF0, 0x00,
    0x0F, 0xF0, 0x00, 0xFF, 0xC0, 0x00, 0x3F, 0xC0, 0x03, 0xFF, 0x00, 0x00, 0xFF, 0x00, 0x0F, 0xFC,
    0x00, 0x03, 0xFC, 0x00, 0x3F, 0xF0, 0x00, 0x0F, 0xF0, 0x00, 0xFF, 0xC0, 0x00, 0x3F, 0xC0, 0x03,
    0xFF, 0x00, 0x00, 0xFF, 0x00, 0x0F, 0xFC, 0x00, 0x03, 0xFC, 0x00, 0x3F, 0xF0, 0x00, 0x1F, 0xF0,
    0x00, 0xBF, 0xD0, 0x00, 0xBF, 0x80, 0x01, 0xFF, 0xD0, 0x0B, 0xFD, 0x00, 0x03, 0xFF, 0xFF, 0xFF,
    0xF0, 0x00, 0x03, 0xFF, 0xFF, 0xFF, 0x00, 0x00, 0x02, 0xFF, 0xFF, 0xE0, 0x00, 0x00, 0x00, 0x16,
    0x50, 0x00, 0x00, 0x00, 0x0B, 0x80, 0x80, 0x00, 0x00, 0x3F, 0xF0, 0xF0, 0x00, 0x00, 0x7F, 0xFF,
    0xF0, 0x00, 0x00, 0x7C, 0x7F, 0xE0, 0x00, 0x00, 0x14, 0x0B, 0x80, 0x00, 0x00, 0x00, 0x00, 0x00,
    0x00, 0x00, 0x00, 0x00, 0x00, 0x00, 0x00, 0x00, 0x00, 0x00, 0x00, 0x2F, 0xFC, 0x0B, 0xFF, 0x40,
    0xBF, 0xFC, 0x1F, 0xFF, 0x40, 0x6F, 0xFC, 0x06, 0xFF, 0x40, 0x07, 0xFC, 0x00, 0xFF, 0x40, 0x07,
    0xFC, 0x00, 0xFF, 0x40, 0x07, 0xFC, 0x00, 0xFF, 0x40, 0x07, 0xFC, 0x00, 0xFF, 0x40, 0x07, 0xFC,
    0x00, 0xFF, 0x40, 0x07, 0xFC, 0x00, 0xFF, 0x40, 0x07, 0xFC, 0x00, 0xFF, 0x40, 0x07, 0xFC, 0x00,
    0xFF, 0x40, 0x07, 0xFE, 0x02, 0xFF, 0x40, 0x03, 0xFF, 0xFF, 0xFF, 0x90, 0x02, 0xFF, 0xFF, 0xFF,
    0xFC, 0x00, 0xBF, 0xFC, 0x7F, 0xF8, 0x00, 0x05, 0x40, 0x14, 0x00, 0x00, 0x03, 0xFF, 0xFF, 0x40,
    0x00, 0x00, 0x0F, 0xFF, 0xFD, 0x00, 0x00, 0x00, 0x3F, 0xFF, 0xF0, 0x00, 0x00, 0x00, 0x00, 0x00,
    0x00, 0x00, 0x00, 0x00, 0x00, 0x00, 0x00, 0x00, 0x00, 0x00, 0x00, 0x00, 0x00, 0x07, 0xFF, 0xFF,
    0x41, 0xFF, 0xFF, 0xDF, 0xFF, 0xFC, 0x0B, 0xFF, 0xFD, 0x1B, 0xFF, 0x40, 0x05, 0xFF, 0x80, 0x0F,
    0xFC, 0x00, 0x03, 0xFC, 0x00, 0x3F, 0xF0, 0x00, 0x0F, 0xF0, 0x00, 0xFF, 0xC0, 0x00, 0x3F, 0xC0,
    0x03, 0xFF, 0x00, 0x00, 0xFF, 0x00, 0x0F, 0xFC, 0x00, 0x03, 0xFC, 0x00, 0x3F, 0xF0, 0x00, 0x0F,
    0xF0, 0x00, 0xFF, 0xC0, 0x00, 0x3F, 0xC0, 0x03, 0xFF, 0x00, 0x00, 0xFF, 0x00, 0x0F, 0xFC, 0x00,
    0x03, 0xFC, 0x00, 0x3F, 0xF0, 0x00, 0x0F, 0xF0, 0x00, 0xFF, 0xC0, 0x00, 0x3F, 0xC0, 0x03, 0xFF,
    0x00, 0x01, 0xFF, 0x00, 0x0B, 0xFD, 0x00, 0x0B, 0xF8, 0x00, 0x1F, 0xFD, 0x00, 0xBF, 0xD0, 0x00,
    0x3F, 0xFF, 0xFF, 0xFF, 0x00, 0x00, 0x3F, 0xFF, 0xFF, 0xF0, 0x00, 0x00, 0x2F, 0xFF, 0xFE, 0x00,
    0x00, 0x00, 0x01, 0x65, 0x00, 0x00, 0x00, 0x00, 0x3F, 0xFF, 0xF0, 0x00, 0x00, 0x7F, 0xFF, 0xF4,
    0x00, 0x00, 0x7F, 0xFF, 0xF0, 0x00, 0x00, 0x00, 0x00, 0x00, 0x00, 0x00, 0x00, 0x00, 0x00, 0x00,
    0x00, 0x00, 0x00, 0x00, 0x00, 0x2F, 0xFC, 0x0B, 0xFF, 0x40, 0xBF, 0xFC, 0x1F, 0xFF, 0x40, 0x6F,
    0xFC, 0x06, 0xFF, 0x40, 0x07, 0xFC, 0x00, 0xFF, 0x40, 0x07, 0xFC, 0x00, 0xFF, 0x40, 0x07, 0xFC,
    0x00, 0xFF, 0x40, 0x07, 0xFC, 0x00, 0xFF, 0x40, 0x07, 0xFC, 0x00, 0xFF, 0x40, 0x07, 0xFC, 0x00,
    0xFF, 0x40, 0x07, 0xFC, 0x00, 0xFF, 0x40, 0x07, 0xFC, 0x00, 0xFF, 0x40, 0x07, 0xFE, 0x02, 0xFF,
    0x40, 0x03, 0xFF, 0xFF, 0xFF, 0x90, 0x02, 0xFF, 0xFF, 0xFF, 0xFC, 0x00, 0xBF, 0xFC, 0x7F, 0xF8,
    0x00, 0x05, 0x40, 0x14, 0x00, 0x00, 0x00, 0x40, 0x00, 0x00, 0x00, 0x00, 0x0F, 0x40, 0x0D, 0x00,
    0x00, 0x00, 0x3F, 0x96, 0xF4, 0x00, 0x00, 0x00, 0xFF, 0xFF, 0xC0, 0x00, 0x00, 0x00, 0xBF, 0xF8,
    0x00, 0x00, 0x00, 0x00, 0x19, 0x00, 0x00, 0x00, 0x00, 0x00, 0x00, 0x00, 0x00, 0x00, 0x00, 0x00,
    0x00, 0x00, 0x00, 0x7F, 0xFF, 0xF4, 0x1F, 0xFF, 0xFD, 0xFF, 0xFF, 0xC0, 0xBF, 0xFF, 0xD1, 0xBF,
    0xF4, 0x00, 0x5F, 0xF8, 0x00, 0xFF, 0xC0, 0x00, 0x3F, 0xC0, 0x03, 0xFF, 0x00, 0x00, 0xFF, 0x00,
    0x0F, 0xFC, 0x00, 0x03, 0xFC, 0x00, 0x3F, 0xF0, 0x00, 0x0F, 0xF0, 0x00, 0xFF, 0xC0, 0x00, 0x3F,
    0xC0, 0x03, 0xFF, 0x00, 0x00, 0xFF, 0x00, 0x0F, 0xFC, 0x00, 0x03, 0xFC, 0x00, 0x3F, 0xF0, 0x00,
    0x0F, 0xF0, 0x00, 0xFF, 0xC0, 0x00, 0x3F, 0xC0, 0x03, 0xFF, 0x00, 0x00, 0xFF, 0x00, 0x0F, 0xFC,
    0x00, 0x03, 0xFC, 0x00, 0x3F, 0xF0, 0x00, 0x1F, 0xF0, 0x00, 0xBF, 0xD0, 0x00, 0xBF, 0x80, 0x01,
    0xFF, 0xD0, 0x0B, 0xFD, 0x00, 0x03, 0xFF, 0xFF, 0xFF, 0xF0, 0x00, 0x03, 0xFF, 0xFF, 0xFF, 0x00,
    0x00, 0x02, 0xFF, 0xFF, 0xE0, 0x00, 0x00, 0x00, 0x16, 0x50, 0x00, 0x00, 0x00, 0x04, 0x00, 0x00,
    0x00, 0x00, 0x3C, 0x00, 0x70, 0x00, 0x00, 0x7F, 0x42, 0xF0, 0x00, 0x00, 0x3F, 0xFF, 0xD0, 0x00,
    0x00, 0x0F, 0xFF, 0x40, 0x00, 0x00, 0x00, 0x50, 0x00, 0x00, 0x00, 0x00, 0x00, 0x00, 0x00, 0x00,
    0x00, 0x00, 0x00, 0x00, 0x2F, 0xFC, 0x0B, 0xFF, 0x40, 0xBF, 0xFC, 0x1F, 0xFF, 0x40, 0x6F, 0xFC,
    0x06, 0xFF, 0x40, 0x07, 0xFC, 0x00, 0xFF, 0x40, 0x07, 0xFC, 0x00, 0xFF, 0x40, 0x07, 0xFC, 0x00,
    0xFF, 0x40, 0x07, 0xFC, 0x00, 0xFF, 0x40, 0x07, 0xFC, 0x00, 0xFF, 0x40, 0x07, 0xFC, 0x00, 0xFF,
    0x40, 0x07, 0xFC, 0x00, 0xFF, 0x40, 0x07, 0xFC, 0x00, 0xFF, 0x40, 0x07, 0xFE, 0x02, 0xFF, 0x40,
    0x03, 0xFF, 0xFF, 0xFF, 0x90, 0x02, 0xFF, 0xFF, 0xFF, 0xFC, 0x00, 0xBF, 0xFC, 0x7F, 0xF8, 0x00,
    0x05, 0x40, 0x14, 0x00, 0x00, 0x00, 0x05, 0x40, 0x00, 0x00, 0x00, 0x00, 0xFF, 0xE0, 0x00, 0x00,
    0x00, 0x0B, 0x9B, 0xC0, 0x00, 0x00, 0x00, 0x3C, 0x0F, 0x40, 0x00, 0x00, 0x00, 0xF4, 0x3D, 0x00,
    0x00, 0x00, 0x03, 0xF6, 0xF0, 0x00, 0x00, 0x00, 0x03, 0xFF, 0x00, 0x00, 0x00, 0x00, 0x01, 0x50,
    0x00, 0x00, 0x00, 0x00, 0x00, 0x00, 0x00, 0x01, 0xFF, 0xFF, 0xD0, 0x7F, 0xFF, 0xF7, 0xFF, 0xFF,
    0x02, 0xFF, 0xFF, 0x46, 0xFF, 0xD0, 0x01, 0x7F, 0xE0, 0x03, 0xFF, 0x00, 0x00, 0xFF, 0x00, 0x0F,
    0xFC, 0x00, 0x03, 0xFC, 0x00, 0x3F, 0xF0, 0x00, 0x0F, 0xF0, 0x00, 0xFF, 0xC0, 0x00, 0x3F, 0xC0,
    0x03, 0xFF, 0x00, 0x00, 0xFF, 0x00, 0x0F, 0xFC, 0x00, 0x03, 0xFC, 0x00, 0x3F, 0xF0, 0x00, 0x0F,
    0xF0, 0x00, 0xFF, 0xC0, 0x00, 0x3F, 0xC0, 0x03, 0xFF, 0x00, 0x00, 0xFF, 0x00, 0x0F, 0xFC, 0x00,
    0x03, 0xFC, 0x00, 0x3F, 0xF0, 0x00, 0x0F, 0xF0, 0x00, 0xFF, 0xC0, 0x00, 0x7F, 0xC0, 0x02, 0xFF,
    0x40, 0x02, 0xFE, 0x00, 0x07, 0xFF, 0x40, 0x2F, 0xF4, 0x00, 0x0F, 0xFF, 0xFF, 0xFF, 0xC0, 0x00,
    0x0F, 0xFF, 0xFF, 0xFC, 0x00, 0x00, 0x0B, 0xFF, 0xFF, 0x80, 0x00, 0x00, 0x00, 0x59, 0x40, 0x00,
    0x00, 0x00, 0x00, 0x00, 0x00, 0x00, 0x00, 0x02, 0xFE, 0x00, 0x00, 0x00, 0x0B, 0xEF, 0x80, 0x00,
    0x00, 0x1F, 0x07, 0xC0, 0x00, 0x00, 0x1F, 0x03, 0xC0, 0x00, 0x00, 0x1F, 0x07, 0xC0, 0x00, 0x00,
    0x0F, 0xEF, 0x40, 0x00, 0x00, 0x02, 0xFD, 0x00, 0x00, 0x00, 0x00, 0x00, 0x00, 0x00, 0x00, 0x00,
    0x00, 0x00, 0x00, 0x2F, 0xFC, 0x0B, 0xFF, 0x40, 0xBF, 0xFC, 0x1F, 0xFF, 0x40, 0x6F, 0xFC, 0x06,
    0xFF, 0x40, 0x07, 0xFC, 0x00, 0xFF, 0x40, 0x07, 0xFC, 0x00, 0xFF, 0x40, 0x07, 0xFC, 0x00, 0xFF,
    0x40, 0x07, 0xFC, 0x00, 0xFF, 0x40, 0x07, 0xFC, 0x00, 0xFF, 0x40, 0x07, 0xFC, 0x00, 0xFF, 0x40,
    0x07, 0xFC, 0x00, 0xFF, 0x40, 0x07, 0xFC, 0x00, 0xFF, 0x40, 0x07, 0xFE, 0x02, 0xFF, 0x40, 0x03,
    0xFF, 0xFF, 0xFF, 0x90, 0x02, 0xFF, 0xFF, 0xFF, 0xFC, 0x00, 0xBF, 0xFC, 0x7F, 0xF8, 0x00, 0x05,
    0x40, 0x14, 0x00, 0x00, 0x00, 0x01, 0x00, 0x08, 0x00, 0x00, 0x00, 0x1F, 0x00, 0xF4, 0x00, 0x00,
    0x01, 0xFD, 0x0F, 0xF0, 0x00, 0x00, 0x0F, 0xF0, 0xFF, 0x40, 0x00, 0x00, 0xFF, 0x0B, 0xF4, 0x00,
    0x00, 0x0B, 0xD0, 0x3E, 0x00, 0x00, 0x00, 0x18, 0x00, 0x90, 0x00, 0x00, 0x00, 0x00, 0x00, 0x00,
    0x00, 0x00, 0x00, 0x00, 0x00, 0x00, 0x01, 0xFF, 0xFF, 0xD0, 0x7F, 0xFF, 0xF7, 0xFF, 0xFF, 0x02,
    0xFF, 0xFF, 0x46, 0xFF, 0xD0, 0x01, 0x7F, 0xE0, 0x03, 0xFF, 0x00, 0x00, 0xFF, 0x00, 0x0F, 0xFC,
    0x00, 0x03, 0xFC, 0x00, 0x3F, 0xF0, 0x00, 0x0F, 0xF0, 0x00, 0xFF, 0xC0, 0x00, 0x3F, 0xC0, 0x03,
    0xFF, 0x00, 0x00, 0xFF, 0x00, 0x0F, 0xFC, 0x00, 0x03, 0xFC, 0x00, 0x3F, 0xF0, 0x00, 0x0F, 0xF0,
    0x00, 0xFF, 0xC0, 0x00, 0x3F, 0xC0, 0x03, 0xFF, 0x00, 0x00, 0xFF, 0x00, 0x0F, 0xFC, 0x00, 0x03,
    0xFC, 0x00, 0x3F, 0xF0, 0x00, 0x0F, 0xF0, 0x00, 0xFF, 0xC0, 0x00, 0x7F, 0xC0, 0x02, 0xFF, 0x40,
    0x02, 0xFE, 0x00, 0x07, 0xFF, 0x40, 0x2F, 0xF4, 0x00, 0x0F, 0xFF, 0xFF, 0xFF, 0xC0, 0x00, 0x0F,
    0xFF, 0xFF, 0xFC, 0x00, 0x00, 0x0B, 0xFF, 0xFF, 0x80, 0x00, 0x00, 0x00, 0x59, 0x40, 0x00, 0x00,
    0x00, 0x00, 0x00, 0x00, 0x00, 0x00, 0x01, 0xE0, 0x78, 0x00, 0x00, 0x02, 0xF4, 0xFD, 0x00, 0x00,
    0x03, 0xF0, 0xFC, 0x00, 0x00, 0x0B, 0xE2, 0xF8, 0x00, 0x00, 0x0F, 0xC3, 0xF0, 0x00, 0x00, 0x0F,
    0x03, 0xC0, 0x00, 0x00, 0x01, 0x01, 0x40, 0x00, 0x00, 0x00, 0x00, 0x00, 0x00, 0x00, 0x00, 0x00,
    0x00, 0x00, 0x2F, 0xFC, 0x0B, 0xFF, 0x40, 0xBF, 0xFC, 0x1F, 0xFF, 0x40, 0x6F, 0xFC, 0x06, 0xFF,
    0x40, 0x07, 0xFC, 0x00, 0xFF, 0x40, 0x07, 0xFC, 0x00, 0xFF, 0x40, 0x07, 0xFC, 0x00, 0xFF, 0x40,
    0x07, 0xFC, 0x00, 0xFF, 0x40, 0x07, 0xFC, 0x00, 0xFF, 0x40, 0x07, 0xFC, 0x00, 0xFF, 0x40, 0x07,
    0xFC, 0x00, 0xFF, 0x40, 0x07, 0xFC, 0x00, 0xFF, 0x40, 0x07, 0xFE, 0x02, 0xFF, 0x40, 0x03, 0xFF,
    0xFF, 0xFF, 0x90, 0x02, 0xFF, 0xFF, 0xFF, 0xFC, 0x00, 0xBF, 0xFC, 0x7F, 0xF8, 0x00, 0x05, 0x40,
    0x14, 0x00, 0x00, 0x00, 0x00, 0x00, 0x00, 0x01, 0xFF, 0xFF, 0xD0, 0x7F, 0xFF, 0xF7, 0xFF, 0xFF,
    0x02, 0xFF, 0xFF, 0x46, 0xFF, 0xD0, 0x01, 0x7F, 0xE0, 0x03, 0xFF, 0x00, 0x00, 0xFF, 0x00, 0x0F,
    0xFC, 0x00, 0x03, 0xFC, 0x00, 0x3F, 0xF0, 0x00, 0x0F, 0xF0, 0x00, 0xFF, 0xC0, 0x00, 0x3F, 0xC0,
    0x03, 0xFF, 0x00, 0x00, 0xFF, 0x00, 0x0F, 0xFC, 0x00, 0x03, 0xFC, 0x00, 0x3F, 0xF0, 0x00, 0x0F,
    0xF0, 0x00, 0xFF, 0xC0, 0x00, 0x3F, 0xC0, 0x03, 0xFF, 0x00, 0x00, 0xFF, 0x00, 0x0F, 0xFC, 0x00,
    0x03, 0xFC, 0x00, 0x3F, 0xF0, 0x00, 0x0F, 0xF0, 0x00, 0xBF, 0xC0, 0x00, 0x7F, 0xC0, 0x02, 0xFF,
    0x40, 0x02, 0xFE, 0x00, 0x03, 0xFF, 0x40, 0x2F, 0xF4, 0x00, 0x0B, 0xFF, 0xFF, 0xFF, 0x80, 0x00,
    0x0F, 0xFF, 0xFF, 0xF8, 0x00, 0x00, 0x07, 0xFF, 0xFF, 0x40, 0x00, 0x00, 0x00, 0x57, 0xF0, 0x00,
    0x00, 0x00, 0x00, 0x3F, 0x00, 0x00, 0x00, 0x00, 0x01, 0xFC, 0x00, 0x00, 0x00, 0x00, 0x0B, 0xF4,
    0x00, 0x00, 0x00, 0x00, 0x1F, 0xFF, 0x00, 0x00, 0x00, 0x00, 0x2F, 0xF8, 0x00, 0x00, 0x00, 0x00,
    0x05, 0x00, 0x00, 0x00, 0x00, 0x00, 0x00, 0x00, 0x2F, 0xFC, 0x0B, 0xFF, 0x40, 0xBF, 0xFC, 0x1F,
    0xFF, 0x40, 0x6F, 0xFC, 0x06, 0xFF, 0x40, 0x07, 0xFC, 0x00, 0xFF, 0x40, 0x07, 0xFC, 0x00, 0xFF,
    0x40, 0x07, 0xFC, 0x00, 0xFF, 0x40, 0x07, 0xFC, 0x00, 0xFF, 0x40, 0x07, 0xFC, 0x00, 0xFF, 0x40,
    0x07, 0xFC, 0x00, 0xFF, 0x40, 0x07, 0xFC, 0x00, 0xFF, 0x40, 0x07, 0xFC, 0x00, 0xFF, 0x40, 0x07,
    0xFE, 0x02, 0xFF, 0x40, 0x03, 0xFF, 0xFF, 0xFF, 0x90, 0x02, 0xFF, 0xFF, 0xFF, 0xFC, 0x00, 0xBF,
    0xFC, 0x3F, 0xF8, 0x00, 0x05, 0x40, 0x0F, 0xC0, 0x00, 0x00, 0x00, 0x2F, 0x00, 0x00, 0x00, 0x00,
    0x3F, 0x00, 0x00, 0x00, 0x00, 0x7F, 0x40, 0x00, 0x00, 0x00, 0x3F, 0xFC, 0x00, 0x00, 0x00, 0x1F,
    0xF8, 0x00, 0x00, 0x00, 0x00, 0x00, 0x00, 0x00, 0x00, 0x07, 0xE0, 0x00, 0x00, 0x00, 0x00, 0x00,
    0x00, 0x1F, 0xFC, 0x00, 0x00, 0x00, 0x00, 0x00, 0x00, 0x3F, 0xFF, 0x00, 0x00, 0x00, 0x00, 0x00,
    0x00, 0xFD, 0x3F, 0x80, 0x00, 0x00, 0x00, 0x00, 0x03, 0xF4, 0x0F, 0xC0, 0x00, 0x00, 0x00, 0x00,
    0x01, 0x80, 0x02, 0x40, 0x00, 0x00, 0x00, 0x00, 0x00, 0x00, 0x00, 0x00, 0x00, 0x00, 0x00, 0x00,
    0x00, 0x00, 0x00, 0x00, 0x00, 0x00, 0x3F, 0xFF, 0xF4, 0x07, 0xF4, 0x02, 0xFF, 0xFE, 0x3F, 0xFF,
    0xF0, 0x0B, 0xF8, 0x02, 0xFF, 0xFD, 0x1F, 0xFF, 0x80, 0x0F, 0xFC, 0x00, 0x7F, 0xF0, 0x03, 0xFF,
    0x00, 0x0F, 0xFC, 0x00, 0x2F, 0xC0, 0x03, 0xFF, 0x40, 0x1F, 0xFD, 0x00, 0x3F, 0xC0, 0x01, 0xFF,
    0x80, 0x2F, 0xFF, 0x00, 0x3F, 0x80, 0x00, 0xFF, 0xC0, 0x3F, 0xFF, 0x00, 0x7F, 0x40, 0x00, 0xFF,
    0xC0, 0x3F, 0xFF, 0x40, 0xBF, 0x00, 0x00, 0xBF, 0xD0, 0x7F, 0xFF, 0x80, 0xFE, 0x00, 0x00, 0x3F,
    0xE0, 0xBD, 0xBF, 0xC0, 0xFD, 0x00, 0x00, 0x3F, 0xF0, 0xFC, 0x3F, 0xC1, 0xFC, 0x00, 0x00, 0x2F,
    0xF1, 0xFC, 0x3F, 0xE2, 0xF8, 0x00, 0x00, 0x0F, 0xF6, 0xF8, 0x2F, 0xF3, 0xF4, 0x00, 0x00, 0x0F,
    0xFB, 0xF0, 0x0F, 0xF7, 0xF0, 0x00, 0x00, 0x0B, 0xFF, 0xF0, 0x0F, 0xFF, 0xE0, 0x00, 0x00, 0x03,
    0xFF, 0xE0, 0x0B, 0xFF, 0xD0, 0x00, 0x00, 0x03, 0xFF, 0xD0, 0x03, 0xFF, 0xC0, 0x00, 0x00, 0x02,
    0xFF, 0xC0, 0x03, 0xFF, 0x80, 0x00, 0x00, 0x00, 0xFF, 0x80, 0x02, 0xFF, 0x40, 0x00, 0x00, 0x00,
    0xFF, 0x40, 0x00, 0xFF, 0x00, 0x00, 0x00, 0x00, 0x00, 0x00, 0x00, 0x00, 0x00, 0x00, 0x00, 0x00,
    0x00, 0x54, 0x00, 0x00, 0x00, 0x00, 0x00, 0x2F, 0xC0, 0x00, 0x00, 0x00, 0x00, 0x07, 0xFF, 0x00,
    0x00, 0x00, 0x00, 0x00, 0xFE, 0xFC, 0x00, 0x00, 0x00, 0x00, 0x2F, 0x4B, 0xD0, 0x00, 0x00, 0x00,
    0x07, 0xE0, 0x3E, 0x00, 0x00, 0x00, 0x00, 0x24, 0x00, 0x40, 0x00, 0x00, 0x00, 0x00, 0x00, 0x00,
    0x00, 0x00, 0x00, 0x00, 0x00, 0x00, 0x00, 0x00, 0x07, 0xFF, 0xFC, 0x0B, 0xD0, 0x3F, 0xFF, 0x3F,
    0xFF, 0x80, 0xFE, 0x03, 0xFF, 0xD0, 0xFF, 0xC0, 0x0F, 0xF0, 0x07, 0xF4, 0x07, 0xFC, 0x02, 0xFF,
    0x40, 0xBF, 0x00, 0x3F, 0xD0, 0x3F, 0xF8, 0x0F, 0xE0, 0x02, 0xFE, 0x03, 0xFF, 0xC0, 0xFC, 0x00,
    0x1F, 0xF0, 0x7E, 0xFC, 0x1F, 0xC0, 0x00, 0xFF, 0x0F, 0x9F, 0xD2, 0xF4, 0x00, 0x0B, 0xF4, 0xF4,
    0xFE, 0x3F, 0x00, 0x00, 0x3F, 0x9F, 0x0B, 0xF3, 0xE0, 0x00, 0x03, 0xFE, 0xF0, 0x7F, 0xBD, 0x00,
    0x00, 0x1F, 0xFE, 0x03, 0xFF, 0xC0, 0x00, 0x00, 0xFF, 0xC0, 0x3F, 0xF8, 0x00, 0x00, 0x0F, 0xFC,
    0x01, 0xFF, 0x00, 0x00, 0x00, 0x7F, 0x80, 0x0F, 0xF0, 0x00, 0x00, 0x00, 0x00, 0x00, 0x00, 0x00,
    0x00, 0x00, 0x00, 0x3F, 0x00, 0x00, 0x00, 0x00, 0x3F, 0xF4, 0x00, 0x00, 0x00, 0x2F, 0xFF, 0x40,
    0x00, 0x00, 0x2F, 0x8B, 0xF0, 0x00, 0x00, 0x2F, 0x80, 0x7D, 0x00, 0x00, 0x02, 0x40, 0x05, 0x00,
    0x00, 0x00, 0x00, 0x00, 0x00, 0x00, 0x00, 0x00, 0x00, 0x00, 0x00, 0x7F, 0xFF, 0xF0, 0xBF, 0xFF,
    0xAF, 0xFF, 0xF8, 0x2F, 0xFF, 0xD1, 0xFF, 0xF4, 0x00, 0xFF, 0x80, 0x0F, 0xFC, 0x00, 0x3F, 0xC0,
    0x01, 0xFF, 0x80, 0x1F, 0xC0, 0x00, 0x3F, 0xF0, 0x0F, 0xE0, 0x00, 0x03, 0xFE, 0x07, 0xF0, 0x00,
    0x00, 0xBF, 0xC3, 0xF4, 0x00, 0x00, 0x0F, 0xF9, 0xFC, 0x00, 0x00, 0x01, 0xFF, 0xFC, 0x00, 0x00,
    0x00, 0x3F, 0xFE, 0x00, 0x00, 0x00, 0x03, 0xFF, 0x00, 0x00, 0x00, 0x00, 0xFF, 0xC0, 0x00, 0x00,
    0x00, 0x3F, 0xF0, 0x00, 0x00, 0x00, 0x0F, 0xFC, 0x00, 0x00, 0x00, 0x03, 0xFF, 0x00, 0x00, 0x00,
    0x00, 0xFF, 0xC0, 0x00, 0x00, 0x00, 0xBF, 0xF9, 0x00, 0x00, 0x01, 0xFF, 0xFF, 0xF0, 0x00, 0x00,
    0xBF, 0xFF, 0xF8, 0x00, 0x00, 0x00, 0x54, 0x00, 0x00, 0x00, 0x0B, 0xF0, 0x00, 0x00, 0x00, 0x7F,
    0xF0, 0x00, 0x00, 0x03, 0xFB, 0xF0, 0x00, 0x00, 0x2F, 0x4B, 0xD0, 0x00, 0x01, 0xF8, 0x0F, 0x80,
    0x00, 0x02, 0x40, 0x04, 0x00, 0x00, 0x00, 0x00, 0x00, 0x00, 0x00, 0x00, 0x00, 0x00, 0x01, 0xFF,
    0xFF, 0x47, 0xFF, 0xE7, 0xFF, 0xFC, 0x0F, 0xFF, 0x43, 0xFF, 0x80, 0x0F, 0xF0, 0x07, 0xFE, 0x00,
    0x3F, 0x80, 0x0F, 0xFC, 0x01, 0xFC, 0x00, 0x1F, 0xF4, 0x0F, 0xF0, 0x00, 0x3F, 0xE0, 0x3F, 0x40,
    0x00, 0x7F, 0xC2, 0xFC, 0x00, 0x00, 0xFF, 0x0F, 0xD0, 0x00, 0x02, 0xFE, 0x7F, 0x00, 0x00, 0x03,
    0xFF, 0xF8, 0x00, 0x00, 0x0B, 0xFF, 0xC0, 0x00, 0x00, 0x1F, 0xFE, 0x00, 0x00, 0x00, 0x3F, 0xF0,
    0x00, 0x00, 0x00, 0x7F, 0x80, 0x00, 0x00, 0x01, 0xFD, 0x00, 0x00, 0x00, 0x0F, 0xF0, 0x00, 0x00,
    0x01, 0xFF, 0x00, 0x00, 0x1A, 0xBF, 0xF4, 0x00, 0x00, 0xBF, 0xFF, 0x80, 0x00, 0x01, 0xFF, 0xF4,
    0x00, 0x00, 0x02, 0xF9, 0x00, 0x00, 0x00, 0x00, 0x00, 0x0A, 0x40, 0xA8, 0x00, 0x00, 0x0F, 0xF0,
    0xBF, 0x80, 0x00, 0x03, 0xFD, 0x3F, 0xE0, 0x00, 0x00, 0xFF, 0x0B, 0xF4, 0x00, 0x00, 0x05, 0x00,
    0x10, 0x00, 0x00, 0x00, 0x00, 0x00, 0x00, 0x00, 0x00, 0x00, 0x00, 0x00, 0x01, 0xFF, 0xFF, 0xC2,
    0xFF, 0xFE, 0xBF, 0xFF, 0xE0, 0xBF, 0xFF, 0x47, 0xFF, 0xD0, 0x03, 0xFE, 0x00, 0x3F, 0xF0, 0x00,
    0xFF, 0x00, 0x07, 0xFE, 0x00, 0x7F, 0x00, 0x00, 0xFF, 0xC0, 0x3F, 0x80, 0x00, 0x0F, 0xF8, 0x1F,
    0xC0, 0x00, 0x02, 0xFF, 0x0F, 0xD0, 0x00, 0x00, 0x3F, 0xE7, 0xF0, 0x00, 0x00, 0x07, 0xFF, 0xF0,
    0x00, 0x00, 0x00, 0xFF, 0xF8, 0x00, 0x00, 0x00, 0x0F, 0xFC, 0x00, 0x00, 0x00, 0x03, 0xFF, 0x00,
    0x00, 0x00, 0x00, 0xFF, 0xC0, 0x00, 0x00, 0x00, 0x3F, 0xF0, 0x00, 0x00, 0x00, 0x0F, 0xFC, 0x00,
    0x00, 0x00, 0x03, 0xFF, 0x00, 0x00, 0x00, 0x02, 0xFF, 0xE4, 0x00, 0x00, 0x07, 0xFF, 0xFF, 0xC0,
    0x00, 0x02, 0xFF, 0xFF, 0xE0, 0x00, 0x00, 0x00, 0x00, 0x00, 0x00, 0x00, 0x00, 0xD0, 0x00, 0x00,
    0x01, 0xFC, 0x00, 0x00, 0x03, 0xFF, 0x00, 0x00, 0x07, 0xFF, 0x80, 0x00, 0x03, 0xFE, 0x40, 0x00,
    0x00, 0x50, 0x00, 0x00, 0x00, 0x00, 0x00, 0x00, 0x00, 0x00, 0x00, 0x00, 0x07, 0xFF, 0xFF, 0xFF,
    0xC1, 0xFF, 0xFF, 0xFF, 0xF4, 0xBF, 0xFF, 0xFF, 0xFD, 0x2F, 0x80, 0x0B, 0xFE, 0x0B, 0xD0, 0x07,
    0xFF, 0x01, 0xF0, 0x03, 0xFF, 0x00, 0x00, 0x02, 0xFF, 0x40, 0x00, 0x01, 0xFF, 0xC0, 0x00, 0x00,
    0xFF, 0xC0, 0x00, 0x00, 0xFF, 0xD0, 0x00, 0x00, 0xBF, 0xE0, 0x00, 0x00, 0x3F, 0xF0, 0x00, 0x00,
    0x3F, 0xF4, 0x00, 0x00, 0x2F, 0xF8, 0x00, 0x64, 0x1F, 0xFC, 0x00, 0x3F, 0x0F, 0xFC, 0x00, 0x1F,
    0xCB, 0xFE, 0x00, 0x0F, 0xF3, 0xFF, 0xFF, 0xFF, 0xF8, 0xFF, 0xFF, 0xFF, 0xFD, 0x1F, 0xFF, 0xFF,
    0xFF, 0x00, 0x00, 0x00, 0x00, 0x00, 0x00, 0x00, 0x00, 0x00, 0x00, 0x03, 0xC0, 0x00, 0x00, 0x1F,
    0x80, 0x00, 0x00, 0xFE, 0x00, 0x00, 0x0B, 0xF0, 0x00, 0x00, 0x3F, 0x00, 0x00, 0x00, 0xF0, 0x00,
    0x00, 0x00, 0x00, 0x00, 0x00, 0x00, 0x00, 0x00, 0x00, 0x00, 0x00, 0x01, 0xFF, 0xFF, 0xFE, 0x07,
    0xFF, 0xFF, 0xFC, 0x2F, 0xEA, 0xFF, 0xE0, 0xBC, 0x03, 0xFF, 0x02, 0xE0, 0x3F, 0xF0, 0x01, 0x02,
    0xFF, 0x40, 0x00, 0x1F, 0xF4, 0x00, 0x01, 0xFF, 0x80, 0x00, 0x0F, 0xFC, 0x00, 0x00, 0xFF, 0xC0,
    0x28, 0x0B, 0xFD, 0x01, 0xF0, 0x7F, 0xE0, 0x0F, 0xC3, 0xFF, 0xAA, 0xFF, 0x0F, 0xFF, 0xFF, 0xFC,
    0x2F, 0xFF, 0xFF, 0xE0, 0x00, 0x00, 0x00, 0x00, 0x00, 0x00, 0x40, 0x00, 0x00, 0x00, 0xFF, 0x00,
    0x00, 0x00, 0xBF, 0xC0, 0x00, 0x00, 0x2F, 0xF0, 0x00, 0x00, 0x07, 0xF8, 0x00, 0x00, 0x00, 0x10,
    0x00, 0x00, 0x00, 0x00, 0x00, 0x00, 0x00, 0x00, 0x00, 0x00, 0x1F, 0xFF, 0xFF, 0xFF, 0x07, 0xFF,
    0xFF, 0xFF, 0xD2, 0xFF, 0xFF, 0xFF, 0xF4, 0xBE, 0x00, 0x2F, 0xF8, 0x2F, 0x40, 0x1F, 0xFC, 0x07,
    0xC0, 0x0F, 0xFC, 0x00, 0x00, 0x0B, 0xFD, 0x00, 0x00, 0x07, 0xFF, 0x00, 0x00, 0x03, 0xFF, 0x00,
    0x00, 0x03, 0xFF, 0x40, 0x00, 0x02, 0xFF, 0x80, 0x00, 0x00, 0xFF, 0xC0, 0x00, 0x00, 0xFF, 0xD0,
    0x00, 0x00, 0xBF, 0xE0, 0x01, 0x90, 0x7F, 0xF0, 0x00, 0xFC, 0x3F, 0xF0, 0x00, 0x7F, 0x2F, 0xF8,
    0x00, 0x3F, 0xCF, 0xFF, 0xFF, 0xFF, 0xE3, 0xFF, 0xFF, 0xFF, 0xF4, 0x7F, 0xFF, 0xFF, 0xFC, 0x00,
    0x00, 0x00, 0x00, 0x00, 0x00, 0x06, 0x40, 0x00, 0x00, 0xBF, 0x80, 0x00, 0x03, 0xFE, 0x00, 0x00,
    0x0F, 0xF8, 0x00, 0x00, 0x0B, 0x80, 0x00, 0x00, 0x00, 0x00, 0x00, 0x00, 0x00, 0x00, 0x00, 0x00,
    0x00, 0x00, 0x1F, 0xFF, 0xFF, 0xE0, 0x7F, 0xFF, 0xFF, 0xC2, 0xFE, 0xAF, 0xFE, 0x0B, 0xC0, 0x3F,
    0xF0, 0x2E, 0x03, 0xFF, 0x00, 0x10, 0x2F, 0xF4, 0x00, 0x01, 0xFF, 0x40, 0x00, 0x1F, 0xF8, 0x00,
    0x00, 0xFF, 0xC0, 0x00, 0x0F, 0xFC, 0x02, 0x80, 0xBF, 0xD0, 0x1F, 0x07, 0xFE, 0x00, 0xFC, 0x3F,
    0xFA, 0xAF, 0xF0, 0xFF, 0xFF, 0xFF, 0xC2, 0xFF, 0xFF, 0xFE, 0x00, 0x00, 0x00, 0x00, 0x00, 0xA0,
    0x02, 0xE0, 0x00, 0x7E, 0x02, 0xF8, 0x00, 0x0F, 0xE2, 0xF8, 0x00, 0x01, 0xFF, 0xF8, 0x00, 0x00,
    0x1F, 0xFC, 0x00, 0x00, 0x00, 0xFC, 0x00, 0x00, 0x00, 0x00, 0x00, 0x00, 0x00, 0x00, 0x00, 0x00,
    0x1F, 0xFF, 0xFF, 0xFF, 0x07, 0xFF, 0xFF, 0xFF, 0xD2, 0xFF, 0xFF, 0xFF, 0xF4, 0xBE, 0x00, 0x2F,
    0xF8, 0x2F, 0x40, 0x1F, 0xFC, 0x07, 0xC0, 0x0F, 0xFC, 0x00, 0x00, 0x0B, 0xFD, 0x00, 0x00, 0x07,
    0xFF, 0x00, 0x00, 0x03, 0xFF, 0x00, 0x00, 0x03, 0xFF, 0x40, 0x00, 0x02, 0xFF, 0x80, 0x00, 0x00,
    0xFF, 0xC0, 0x00, 0x00, 0xFF, 0xD0, 0x00, 0x00, 0xBF, 0xE0, 0x01, 0x90, 0x7F, 0xF0, 0x00, 0xFC,
    0x3F, 0xF0, 0x00, 0x7F, 0x2F, 0xF8, 0x00, 0x3F, 0xCF, 0xFF, 0xFF, 0xFF, 0xE3, 0xFF, 0xFF, 0xFF,
    0xF4, 0x7F, 0xFF, 0xFF, 0xFC, 0x00, 0x00, 0x00, 0x00, 0x00, 0x01, 0x80, 0x1E, 0x00, 0x1F, 0x40,
    0xFC, 0x00, 0x3F, 0x0F, 0xC0, 0x00, 0x7F, 0xBD, 0x00, 0x00, 0xBF, 0xE0, 0x00, 0x00, 0xBF, 0x00,
    0x00, 0x00, 0x10, 0x00, 0x00, 0x00, 0x00, 0x00, 0x00, 0x00, 0x00, 0x00, 0x7F, 0xFF, 0xFF, 0x81,
    0xFF, 0xFF, 0xFF, 0x0B, 0xFA, 0xBF, 0xF8, 0x2F, 0x00, 0xFF, 0xC0, 0xB8, 0x0F, 0xFC, 0x00, 0x40,
    0xBF, 0xD0, 0x00, 0x07, 0xFD, 0x00, 0x00, 0x7F, 0xE0, 0x00, 0x03, 0xFF, 0x00, 0x00, 0x3F, 0xF0,
    0x0A, 0x02, 0xFF, 0x40, 0x7C, 0x1F, 0xF8, 0x03, 0xF0, 0xFF, 0xEA, 0xBF, 0xC3, 0xFF, 0xFF, 0xFF,
    0x0B, 0xFF, 0xFF, 0xF8, 0x00, 0x00, 0x00, 0x00, 0x00, 0x01, 0xAA, 0x00, 0x00, 0x7F, 0xFF, 0x80,
    0x0B, 0xFF, 0xFF, 0x40, 0x7F, 0xE6, 0xFD, 0x03, 0xFE, 0x01, 0xF0, 0x0F, 0xF4, 0x01, 0x00, 0x7F,
    0xC0, 0x00, 0x01, 0xFF, 0x00, 0x00, 0x07, 0xFC, 0x00, 0x00, 0x1F, 0xF0, 0x00, 0x00, 0x7F, 0xC0,
    0x00, 0x01, 0xFF, 0x00, 0x00, 0x07, 0xFC, 0x00, 0x00, 0x1F, 0xF0, 0x00, 0x00, 0x7F, 0xC0, 0x00,
    0x01, 0xFF, 0x00, 0x00, 0x07, 0xFC, 0x00, 0x00, 0x1F, 0xF0, 0x00, 0x00, 0x7F, 0xC0, 0x00, 0x01,
    0xFF, 0x00, 0x00, 0x0B, 0xFE, 0x40, 0x01, 0xFF, 0xFF, 0xC0, 0x0B, 0xFF, 0xFF, 0x00, 0x00, 0x00,
    0x00, 0x34, 0x03, 0xF4, 0x0F, 0xF0, 0x1F, 0xF0, 0x0F, 0xE0, 0x0B, 0x80, 0x00, 0x00, 0x00, 0x38,
    0x0F, 0xD1, 0xFD, 0x3F, 0x8B, 0xE0, 0x78, 0x00, 0x00, 0x00, 0x54, 0x00, 0x2F, 0xC0, 0x07, 0xFF,
    0x00, 0xFE, 0xFC, 0x2F, 0x4B, 0xD7, 0xE0, 0x3E, 0x24, 0x00, 0x40, 0x1A, 0x40, 0x87, 0xFE, 0x2E,
    0xBF, 0xFF, 0xEB, 0x8B, 0xFD, 0x20, 0x1A, 0x40, 0x7F, 0xFF, 0xEF, 0xFF, 0xFF, 0xBF, 0xFF, 0xE0,
    0x10, 0x00, 0x0B, 0x80, 0x0A, 0xFF, 0x47, 0xE7, 0xFF, 0xFC, 0x1F, 0xFE, 0x00, 0x05, 0x00, 0x0A,
    0x43, 0xFC, 0x7F, 0xD3, 0xFC, 0x1E, 0x40, 0x00, 0x00, 0x00, 0x2F, 0x82, 0xF8, 0x3F, 0xC3, 0xFC,
    0x3F, 0xC3, 0xFC, 0x1E, 0x41, 0xE4, 0x01, 0x50, 0x3F, 0xFC, 0xFE, 0xBF, 0xF8, 0x3F, 0x64, 0x3E,
    0x01, 0xFC, 0x0F, 0xE0, 0x07, 0x80, 0x02, 0x00, 0x00, 0x00, 0x0F, 0xF4, 0x3E, 0xFD, 0xB8, 0x3E,
    0xF8, 0x2F, 0xBC, 0x2E, 0x7F, 0xFC, 0x1F, 0xF0, 0x00, 0x00, 0x00, 0x00, 0x00, 0x2D, 0x0F, 0x40,
    0xFC, 0x3F, 0x0B, 0xF2, 0xF8, 0x3F, 0x0F, 0xC1, 0xF8, 0x7D, 0x07, 0xC1, 0xE0, 0x04, 0x01, 0x00,
    0x24, 0x02, 0x9F, 0xC0, 0xBD, 0xBF, 0x1F, 0x83, 0xFB, 0xF0, 0x0F, 0xFD, 0x00, 0x3F, 0x80, 0x00,
    0x50, 0x00, 0x00, 0x00, 0x00, 0x7C, 0x1E, 0x03, 0xF0, 0xFC, 0x0B, 0xE3, 0xF8, 0x0F, 0xC3, 0xF0,
    0x1F, 0x4B, 0xD0, 0x2D, 0x0F, 0x40, 0x10, 0x04, 0x02, 0xF9, 0x02, 0xFF, 0xFC, 0x7F, 0xBF, 0xEF,
    0x40, 0x7F, 0x90, 0x01, 0xC0, 0x00, 0x00, 0x02, 0x80, 0xFC, 0x2F, 0x43, 0xF0, 0x7F, 0x07, 0xF0,
    0x7F, 0x82, 0xF4, 0x05, 0x07, 0xFC, 0x3F, 0xC1, 0xFC, 0x1F, 0xC2, 0xF4, 0x3F, 0x0B, 0xC0, 0x00,
    0x00, 0x05, 0x03, 0xFD, 0x3F, 0xC3, 0xF4, 0x3F, 0x42, 0xF8, 0x0F, 0xC0, 0x3E, 0x00, 0x00, 0x3D,
    0x3F, 0x3E, 0x7D, 0x7C, 0x78, 0x70, 0x00, 0x05, 0x02, 0xFC, 0x1F, 0xC1, 0xFC, 0x3F, 0x07, 0xD0,
    0x60, 0x00, 0x00, 0x0A, 0x43, 0xFC, 0x7F, 0xD3, 0xFC, 0x1A, 0x40, 0x05, 0x00, 0x10, 0x3F, 0xC2,
    0xFC, 0x3F, 0xC3, 0xFC, 0x3F, 0xC3, 0xFC, 0x19, 0x00, 0xA0, 0x01, 0x90, 0x1F, 0xF8, 0x3C, 0x7C,
    0x7C, 0x3D, 0x3C, 0x3C, 0x2F, 0xF4, 0x06, 0x80, 0x05, 0x03, 0xFC, 0x2F, 0xD0, 0xFC, 0x1F, 0xC3,
    0xF0, 0x24, 0x00, 0x1A, 0x07, 0xFD, 0x2F, 0xE0, 0x7E, 0x0F, 0xC7, 0xF4, 0x28, 0x00, 0x00, 0x00,
    0x07, 0xD0, 0x2F, 0x40, 0x3F, 0x00, 0x3F, 0x40, 0x3F, 0xFC, 0x0F, 0xF8, 0x00, 0x00, 0x14, 0xBE,
    0xBE, 0xBE, 0xBE, 0xBE, 0xBE, 0x15, 0x00, 0x00, 0x00, 0x00, 0xBF, 0x00, 0x01, 0xFF, 0xC0, 0x03,
    0xFF, 0xF0, 0x0F, 0xD2, 0xF8, 0x2F, 0x40, 0xBC, 0x19, 0x00, 0x24, 0x24, 0x00, 0x1B, 0xC0, 0x0F,
    0xBF, 0xAB, 0xE3, 0xFF, 0xF8, 0x0B, 0xF9, 0x00, 0x00, 0x00, 0x05, 0x00, 0x43, 0xFD, 0x1D, 0xBF,
    0xFB, 0xEB, 0xDF, 0xFD, 0x74, 0x2F, 0x80, 0x00, 0x00, 0x7F, 0xFF, 0xEF, 0xFF, 0xFF, 0xBF, 0xFF,
    0xD0, 0x02, 0xF9, 0x02, 0xFF, 0xFC, 0x7F, 0xBF, 0xEF, 0x40, 0x7F, 0x90, 0x01, 0xC0, 0x00, 0x00,
    0x00, 0x00, 0x00, 0x00, 0x03, 0xD0, 0x00, 0x0B, 0xF0, 0x00, 0x0F, 0xE0, 0x00, 0x2F, 0xC0, 0x00,
    0x3F, 0x00, 0x00, 0x2C, 0x00, 0x00, 0x00, 0x10, 0x3F, 0xC2, 0xFC, 0x3F, 0xC3, 0xFC, 0x3F, 0xC3,
    0xFC, 0x1A, 0x00, 0xA0, 0xBC, 0x0B, 0xC0, 0xBD, 0x0B, 0xFD, 0x3F, 0x80, 0x00, 0x00, 0x00, 0x00,
    0x00, 0x00, 0x0D, 0x00, 0x00, 0x00, 0x0F, 0xE0, 0x00, 0x00, 0x03, 0xFF, 0x00, 0x00, 0x00, 0xBF,
    0xF4, 0x00, 0x00, 0x02, 0xFF, 0x00, 0x00, 0x00, 0x01, 0x40, 0x00, 0x00, 0x00, 0x00, 0x00, 0x00,
    0x00, 0x00, 0x00, 0x3F, 0xFF, 0xFF, 0xFF, 0xDF, 0xFF, 0xFF, 0xFF, 0xF4, 0x6F, 0xFF, 0xFF, 0xFD,
    0x07, 0xFD, 0x00, 0x2F, 0x41, 0xFF, 0x40, 0x07, 0xD0, 0x7F, 0xD0, 0x00, 0xE0, 0x1F, 0xF4, 0x00,
    0x00, 0x07, 0xFD, 0x00, 0x00, 0x01, 0xFF, 0xAA, 0xA8, 0x00, 0x7F, 0xFF, 0xFF, 0x40, 0x1F, 0xFF,
    0xFF, 0xC0, 0x07, 0xFE, 0x55, 0x50, 0x01, 0xFF, 0x40, 0x00, 0x00, 0x7F, 0xD0, 0x00, 0x00, 0x1F,
    0xF4, 0x00, 0x3D, 0x07, 0xFD, 0x00, 0x1F, 0x81, 0xFF, 0x40, 0x0F, 0xE1, 0xBF, 0xFF, 0xFF, 0xF7,
    0xFF, 0xFF, 0xFF, 0xFD, 0xFF, 0xFF, 0xFF, 0xFF, 0x00, 0x00, 0xA4, 0x06, 0x80, 0x00, 0xFF, 0x4B,
    0xF8, 0x00, 0x3F, 0xD2, 0xFF, 0x00, 0x0B, 0xF0, 0x7F, 0x40, 0x00, 0x50, 0x01, 0x00, 0x00, 0x00,
    0x00, 0x00, 0x00, 0x00, 0x00, 0x00, 0x03, 0xFF, 0xFF, 0xFF, 0xFD, 0xFF, 0xFF, 0xFF, 0xFF, 0x46,
    0xFF, 0xFF, 0xFF, 0xD0, 0x7F, 0xD0, 0x02, 0xF4, 0x1F, 0xF4, 0x00, 0x7D, 0x07, 0xFD, 0x00, 0x0E,
    0x01, 0xFF, 0x40, 0x00, 0x00, 0x7F, 0xD0, 0x00, 0x00, 0x1F, 0xFA, 0xAA, 0x80, 0x07, 0xFF, 0xFF,
    0xF4, 0x01, 0xFF, 0xFF, 0xFC, 0x00, 0x7F, 0xE5, 0x55, 0x00, 0x1F, 0xF4, 0x00, 0x00, 0x07, 0xFD,
    0x00, 0x00, 0x01, 0xFF, 0x40, 0x03, 0xD0, 0x7F, 0xD0, 0x01, 0xF8, 0x1F, 0xF4, 0x00, 0xFE, 0x1B,
    0xFF, 0xFF, 0xFF, 0x7F, 0xFF, 0xFF, 0xFF, 0xDF, 0xFF, 0xFF, 0xFF, 0xF0, 0x00, 0x00, 0x00, 0x00,
    0x00, 0x00, 0x3F, 0xFF, 0xFF, 0xFF, 0xFE, 0x00, 0x3F, 0xFF, 0xFF, 0xFF, 0xFE, 0x00, 0x3F, 0xFF,
    0xFF, 0xFF, 0xFD, 0x00, 0x3F, 0x01, 0xFF, 0x40, 0xFD, 0x00, 0x3F, 0x01, 0xFF, 0x40, 0xFC, 0x00,
    0x3F, 0x01, 0xFF, 0x40, 0xFC, 0x00, 0x00, 0x01, 0xFF, 0x40, 0x00, 0x00, 0x00, 0x01, 0xFF, 0x40,
    0x00, 0x00, 0x00, 0x01, 0xFF, 0xAB, 0xE4, 0x00, 0x00, 0x01, 0xFF, 0xFF, 0xFF, 0x80, 0x00, 0x01,
    0xFF, 0xFF, 0xFF, 0xF0, 0x00, 0x01, 0xFF, 0x95, 0xBF, 0xF8, 0x00, 0x01, 0xFF, 0x40, 0x1F, 0xFC,
    0x00, 0x01, 0xFF, 0x40, 0x0B, 0xFD, 0x00, 0x01, 0xFF, 0x40, 0x07, 0xFE, 0x00, 0x01, 0xFF, 0x40,
    0x03, 0xFE, 0x00, 0x01, 0xFF, 0x40, 0x03, 0xFE, 0x00, 0x07, 0xFF, 0xD0, 0x03, 0xFE, 0x00, 0x3F,
    0xFF, 0xF8, 0x03, 0xFD, 0x00, 0x7F, 0xFF, 0xF4, 0x07, 0xFC, 0x00, 0x00, 0x00, 0x00, 0x0B, 0xF8,
    0x00, 0x00, 0x00, 0x00, 0x1F, 0xF0, 0x00, 0x00, 0x00, 0x00, 0x7F, 0xE0, 0x00, 0x00, 0x00, 0x6B,
    0xFF, 0x80, 0x00, 0x00, 0x00, 0xFF, 0xFD, 0x00, 0x00, 0x00, 0x00, 0x7F, 0x90, 0x00, 0x00, 0x00,
    0x00, 0x00, 0x00, 0x00, 0x02, 0x80, 0x00, 0x00, 0x03, 0xF4, 0x00, 0x00, 0x0B, 0xFE, 0x00, 0x00,
    0x0F, 0xFF, 0x00, 0x00, 0x07, 0xFD, 0x00, 0x00, 0x00, 0x90, 0x00, 0x00, 0x00, 0x00, 0x00, 0x00,
    0x00, 0x00, 0x00, 0x00, 0x3F, 0xFF, 0xFF, 0xFF, 0xCF, 0xFF, 0xFF, 0xFF, 0xF0, 0x6F, 0xFF, 0xFF,
    0xFC, 0x07, 0xFD, 0x00, 0xBF, 0x01, 0xFF, 0x40, 0x2F, 0x80, 0x7F, 0xD0, 0x07, 0xE0, 0x1F, 0xF4,
    0x01, 0xF0, 0x07, 0xFD, 0x00, 0x00, 0x01, 0xFF, 0x40, 0x00, 0x00, 0x7F, 0xD0, 0x00, 0x00, 0x1F,
    0xF4, 0x00, 0x00, 0x07, 0xFD, 0x00, 0x00, 0x01, 0xFF, 0x40, 0x00, 0x00, 0x7F, 0xD0, 0x00, 0x00,
    0x1F, 0xF4, 0x00, 0x00, 0x07, 0xFD, 0x00, 0x00, 0x01, 0xFF, 0x40, 0x00, 0x01, 0xBF, 0xF9, 0x00,
    0x03, 0xFF, 0xFF, 0xC0, 0x00, 0xFF, 0xFF, 0xF0, 0x00, 0x00, 0x00, 0x00, 0x6A, 0x90, 0x00, 0x01,
    0xFF, 0xFF, 0xF4, 0x00, 0xBF, 0xFF, 0xFF, 0xC0, 0x3F, 0xFE, 0x6F, 0xFC, 0x0B, 0xFD, 0x00, 0x2F,
    0xC1, 0xFF, 0x40, 0x01, 0xFC, 0x2F, 0xE0, 0x00, 0x0F, 0xC3, 0xFD, 0x00, 0x00, 0xA4, 0x7F, 0xC0,
    0x00, 0x00, 0x0B, 0xFD, 0x55, 0x50, 0x00, 0xBF, 0xFF, 0xFF, 0x40, 0x0F, 0xFF, 0xFF, 0xF0, 0x00,
    0xFF, 0xD5, 0x55, 0x00, 0x0B, 0xFC, 0x00, 0x00, 0x00, 0xBF, 0xD0, 0x00, 0x00, 0x07, 0xFF, 0x00,
    0x00, 0x3C, 0x3F, 0xF4, 0x00, 0x0B, 0xE2, 0xFF, 0xE0, 0x02, 0xFE, 0x0F, 0xFF, 0xEA, 0xFF, 0xD0,
    0x3F, 0xFF, 0xFF, 0xF8, 0x00, 0x7F, 0xFF, 0xFD, 0x00, 0x00, 0x15, 0x54, 0x00, 0x00, 0x1A, 0xA9,
    0x00, 0x07, 0xFF, 0xFF, 0x80, 0xBF, 0xFF, 0xFF, 0x07, 0xFF, 0x5B, 0xFC, 0x3F, 0xE0, 0x07, 0xF0,
    0xFF, 0x40, 0x0F, 0xC3, 0xFD, 0x00, 0x3D, 0x0F, 0xFD, 0x00, 0x00, 0x3F, 0xFE, 0x40, 0x00, 0x7F,
    0xFF, 0xD0, 0x00, 0xBF, 0xFF, 0xF0, 0x00, 0x7F, 0xFF, 0xF4, 0x00, 0x1F, 0xFF, 0xF0, 0x00, 0x07,
    0xFF, 0xD2, 0x80, 0x01, 0xFF, 0x9F, 0x80, 0x03, 0xFE, 0x7F, 0x00, 0x0F, 0xF5, 0xFE, 0x00, 0x7F,
    0xC7, 0xFF, 0xAB, 0xFE, 0x1F, 0xFF, 0xFF, 0xE0, 0x2F, 0xFF, 0xFD, 0x00, 0x01, 0x55, 0x00, 0x00,
    0x00, 0x00, 0x03, 0xFF, 0xFF, 0xCF, 0xFF, 0xFF, 0x06, 0xFF, 0x80, 0x07, 0xFD, 0x00, 0x1F, 0xF4,
    0x00, 0x7F, 0xD0, 0x01, 0xFF, 0x40, 0x07, 0xFD, 0x00, 0x1F, 0xF4, 0x00, 0x7F, 0xD0, 0x01, 0xFF,
    0x40, 0x07, 0xFD, 0x00, 0x1F, 0xF4, 0x00, 0x7F, 0xD0, 0x01, 0xFF, 0x40, 0x07, 0xFD, 0x00, 0x1F,
    0xF4, 0x01, 0xBF, 0xF9, 0x3F, 0xFF, 0xFC, 0xFF, 0xFF, 0xF0, 0x1A, 0x40, 0xA4, 0x3F, 0xC3, 0xFD,
    0x7F, 0xC3, 0xFD, 0x3F, 0xC2, 0xFC, 0x04, 0x00, 0x50, 0x00, 0x00, 0x00, 0x00, 0x00, 0x00, 0x3F,
    0xFF, 0xFC, 0x3F, 0xFF, 0xFC, 0x06, 0xFF, 0x80, 0x01, 0xFF, 0x40, 0x01, 0xFF, 0x40, 0x01, 0xFF,
    0x40, 0x01, 0xFF, 0x40, 0x01, 0xFF, 0x40, 0x01, 0xFF, 0x40, 0x01, 0xFF, 0x40, 0x01, 0xFF, 0x40,
    0x01, 0xFF, 0x40, 0x01, 0xFF, 0x40, 0x01, 0xFF, 0x40, 0x01, 0xFF, 0x40, 0x01, 0xFF, 0x40, 0x01,
    0xFF, 0x40, 0x06, 0xFF, 0xE4, 0x3F, 0xFF, 0xFC, 0x3F, 0xFF, 0xFC, 0x00, 0x00, 0x00, 0x00, 0x3F,
    0xFF, 0xFC, 0x07, 0xFF, 0xFF, 0xC0, 0x1B, 0xFF, 0x90, 0x00, 0x1F, 0xF0, 0x00, 0x01, 0xFF, 0x00,
    0x00, 0x1F, 0xF0, 0x00, 0x01, 0xFF, 0x00, 0x00, 0x1F, 0xF0, 0x00, 0x01, 0xFF, 0x00, 0x00, 0x1F,
    0xF0, 0x00, 0x01, 0xFF, 0x00, 0x00, 0x1F, 0xF0, 0x00, 0x01, 0xFF, 0x00, 0x00, 0x1F, 0xF0, 0x00,
    0x01, 0xFF, 0x00, 0x00, 0x1F, 0xF0, 0x00, 0x01, 0xFF, 0x00, 0x00, 0x1F, 0xF0, 0x00, 0x02, 0xFF,
    0x00, 0x00, 0x2F, 0xF0, 0x00, 0x03, 0xFE, 0x00, 0x00, 0xBF, 0xC0, 0x00, 0x2F, 0xF8, 0x00, 0x1F,
    0xFF, 0x00, 0x03, 0xFF, 0xC0, 0x00, 0x1F, 0xD0, 0x00, 0x00, 0x00, 0x00, 0x00, 0x00, 0x00, 0x00,
    0x00, 0x00, 0xFF, 0xFF, 0xFF, 0xFF, 0xC0, 0x00, 0x00, 0xFF, 0xFF, 0xFF, 0xFF, 0xC0, 0x00, 0x00,
    0x1B, 0xFF, 0xFF, 0xFD, 0x00, 0x00, 0x00, 0x03, 0xF4, 0x0F, 0xF8, 0x00, 0x00, 0x00, 0x03, 0xF0,
    0x0F, 0xF8, 0x00, 0x00, 0x00, 0x03, 0xF0, 0x0F, 0xF8, 0x00, 0x00, 0x00, 0x03, 0xF0, 0x0F, 0xF8,
    0x00, 0x00, 0x00, 0x03, 0xF0, 0x0F, 0xF8, 0x00, 0x00, 0x00, 0x07, 0xF0, 0x0F, 0xFF, 0xFE, 0x00,
    0x00, 0x07, 0xF0, 0x0F, 0xFF, 0xFF, 0xE0, 0x00, 0x0B, 0xE0, 0x0F, 0xFF, 0xFF, 0xFC, 0x00, 0x0F,
    0xD0, 0x0F, 0xF8, 0x0B, 0xFD, 0x00, 0x0F, 0xC0, 0x0F, 0xF8, 0x03, 0xFE, 0x00, 0x1F, 0xC0, 0x0F,
    0xF8, 0x02, 0xFF, 0x00, 0x3F, 0x80, 0x0F, 0xF8, 0x02, 0xFF, 0x10, 0x7F, 0x40, 0x0F, 0xF8, 0x03,
    0xFE, 0x3D, 0xFF, 0x00, 0x0F, 0xF8, 0x0F, 0xFC, 0x7F, 0xFD, 0x00, 0x6F, 0xFF, 0xFF, 0xF8, 0xBF,
    0xF8, 0x03, 0xFF, 0xFF, 0xFF, 0xD0, 0x3F, 0xE0, 0x03, 0xFF, 0xFF, 0xFD, 0x00, 0x05, 0x00, 0x00,
    0x00, 0x00, 0x00, 0x00, 0x00, 0x00, 0x00, 0x00, 0x00, 0x00, 0x00, 0x3F, 0xFF, 0xFC, 0x2F, 0xFF,
    0xFC, 0x00, 0x0F, 0xFF, 0xFE, 0x0B, 0xFF, 0xFF, 0x00, 0x00, 0x6F, 0xF8, 0x00, 0x6F, 0xFD, 0x00,
    0x00, 0x07, 0xFD, 0x00, 0x03, 0xFE, 0x00, 0x00, 0x01, 0xFF, 0x40, 0x00, 0xFF, 0x80, 0x00, 0x00,
    0x7F, 0xD0, 0x00, 0x3F, 0xE0, 0x00, 0x00, 0x1F, 0xF4, 0x00, 0x0F, 0xF8, 0x00, 0x00, 0x07, 0xFD,
    0x00, 0x03, 0xFE, 0x00, 0x00, 0x01, 0xFF, 0xFF, 0xFF, 0xFF, 0xFE, 0x90, 0x00, 0x7F, 0xFF, 0xFF,
    0xFF, 0xFF, 0xFF, 0x80, 0x1F, 0xFF, 0xFF, 0xFF, 0xFF, 0xFF, 0xF8, 0x07, 0xFE, 0x55, 0x57, 0xFE,
    0x5B, 0xFF, 0x41, 0xFF, 0x40, 0x00, 0xFF, 0x80, 0x7F, 0xE0, 0x7F, 0xD0, 0x00, 0x3F, 0xE0, 0x0F,
    0xFC, 0x1F, 0xF4, 0x00, 0x0F, 0xF8, 0x02, 0xFF, 0x07, 0xFD, 0x00, 0x03, 0xFE, 0x00, 0xFF, 0x81,
    0xFF, 0x40, 0x00, 0xFF, 0x80, 0xBF, 0xC1, 0xBF, 0xF8, 0x00, 0xBF, 0xFF, 0xFF, 0xE3, 0xFF, 0xFF,
    0xC2, 0xFF, 0xFF, 0xFF, 0xE0, 0xFF, 0xFF, 0xF0, 0xBF, 0xFF, 0xFF, 0x80, 0x00, 0x00, 0x00, 0x00,
    0x00, 0x00, 0x00, 0x00, 0x00, 0x00, 0x00, 0x00, 0x00, 0x00, 0x00, 0xFF, 0xFF, 0xFF, 0xFF, 0xF8,
    0x00, 0x03, 0xFF, 0xFF, 0xFF, 0xFF, 0xE0, 0x00, 0x0F, 0xFF, 0xFF, 0xFF, 0xFF, 0x40, 0x00, 0x3F,
    0x01, 0xFF, 0x40, 0xFD, 0x00, 0x00, 0xFC, 0x07, 0xFD, 0x03, 0xF0, 0x00, 0x03, 0xF0, 0x1F, 0xF4,
    0x0F, 0xC0, 0x00, 0x00, 0x00, 0x7F, 0xD0, 0x00, 0x00, 0x00, 0x00, 0x01, 0xFF, 0x40, 0x00, 0x00,
    0x00, 0x00, 0x07, 0xFD, 0x6A, 0xE4, 0x00, 0x00, 0x00, 0x1F, 0xFF, 0xFF, 0xFD, 0x00, 0x00, 0x00,
    0x7F, 0xFF, 0xFF, 0xFD, 0x00, 0x00, 0x01, 0xFF, 0xE5, 0x7F, 0xFC, 0x00, 0x00, 0x07, 0xFD, 0x00,
    0x3F, 0xF0, 0x00, 0x00, 0x1F, 0xF4, 0x00, 0xBF, 0xD0, 0x00, 0x00, 0x7F, 0xD0, 0x01, 0xFF, 0x40,
    0x00, 0x01, 0xFF, 0x40, 0x07, 0xFD, 0x00, 0x00, 0x07, 0xFD, 0x00, 0x1F, 0xF4, 0x00, 0x00, 0x7F,
    0xFD, 0x00, 0xBF, 0xF9, 0x00, 0x0F, 0xFF, 0xFE, 0x1F, 0xFF, 0xFC, 0x00, 0x7F, 0xFF, 0xF4, 0xBF,
    0xFF, 0xF0, 0x00, 0x00, 0x00, 0x00, 0x00, 0x00, 0x00, 0x00, 0x0A, 0x00, 0x00, 0x00, 0x00, 0x1F,
    0xC0, 0x00, 0x00, 0x00, 0x2F, 0xF4, 0x00, 0x00, 0x00, 0x3F, 0xFC, 0x00, 0x00, 0x00, 0x2F, 0xE4,
    0x00, 0x00, 0x00, 0x06, 0x40, 0x00, 0x00, 0x00, 0x00, 0x00, 0x00, 0x00, 0x00, 0x00, 0x00, 0x01,
    0x90, 0x3F, 0xFF, 0xFC, 0x03, 0xFE, 0x0F, 0xFF, 0xFD, 0x02, 0xFF, 0xC0, 0x6F, 0xF8, 0x01, 0xFF,
    0xF0, 0x07, 0xFC, 0x00, 0xFF, 0xB8, 0x01, 0xFF, 0x00, 0x7F, 0x40, 0x00, 0x7F, 0xC0, 0x3F, 0x80,
    0x00, 0x1F, 0xF0, 0x1F, 0xC0, 0x00, 0x07, 0xFC, 0x0F, 0xD0, 0x00, 0x01, 0xFF, 0xAF, 0xE0, 0x00,
    0x00, 0x7F, 0xFF, 0xFC, 0x00, 0x00, 0x1F, 0xFF, 0xFF, 0x80, 0x00, 0x07, 0xFC, 0x1F, 0xF0, 0x00,
    0x01, 0xFF, 0x03, 0xFF, 0x00, 0x00, 0x7F, 0xC0, 0x7F, 0xE0, 0x00, 0x1F, 0xF0, 0x0F, 0xFC, 0x00,
    0x07, 0xFC, 0x01, 0xFF, 0xC0, 0x01, 0xFF, 0x00, 0x3F, 0xFC, 0x01, 0xBF, 0xF8, 0x03, 0xFF, 0x83,
    0xFF, 0xFF, 0x80, 0x7F, 0xF8, 0xFF, 0xFF, 0xE0, 0x0B, 0xFF, 0x80, 0x00, 0x00, 0x00, 0x15, 0x00,
    0x00, 0x00, 0x00, 0x00, 0x00, 0x00, 0x00, 0x07, 0x00, 0x00, 0x00, 0x00, 0x00, 0x3F, 0x80, 0x00,
    0x00, 0x00, 0x00, 0xFF, 0xC0, 0x00, 0x00, 0x00, 0x02, 0xFF, 0xD0, 0x00, 0x00, 0x00, 0x01, 0xBF,
    0xC0, 0x00, 0x00, 0x00, 0x00, 0x05, 0x00, 0x00, 0x00, 0x00, 0x00, 0x00, 0x00, 0x00, 0x00, 0x00,
    0x00, 0x00, 0x00, 0x03, 0xFF, 0xFF, 0xC0, 0xFF, 0xFF, 0xEF, 0xFF, 0xFE, 0x03, 0xFF, 0xFF, 0x46,
    0xFF, 0x80, 0x01, 0xFF, 0xD0, 0x07, 0xFC, 0x00, 0x02, 0xFF, 0x00, 0x1F, 0xF0, 0x00, 0x0F, 0xFC,
    0x00, 0x7F, 0xC0, 0x00, 0xFF, 0xF0, 0x01, 0xFF, 0x00, 0x0F, 0xFF, 0xC0, 0x07, 0xFC, 0x00, 0xFF,
    0xFF, 0x00, 0x1F, 0xF0, 0x0F, 0xFB, 0xFC, 0x00, 0x7F, 0xC0, 0xFE, 0x2F, 0xF0, 0x01, 0xFF, 0x0F,
    0xE0, 0xBF, 0xC0, 0x07, 0xFD, 0xFE, 0x02, 0xFF, 0x00, 0x1F, 0xFF, 0xE0, 0x0B, 0xFC, 0x00, 0x7F,
    0xFE, 0x00, 0x2F, 0xF0, 0x01, 0xFF, 0xE0, 0x00, 0xBF, 0xC0, 0x07, 0xFE, 0x00, 0x02, 0xFF, 0x00,
    0x1F, 0xF0, 0x00, 0x0B, 0xFC, 0x01, 0xBF, 0xE4, 0x00, 0x7F, 0xF9, 0x3F, 0xFF, 0xFC, 0x0F, 0xFF,
    0xFE, 0xFF, 0xFF, 0xE0, 0x3F, 0xFF, 0xF8, 0x00, 0x0A, 0x00, 0x18, 0x00, 0x00, 0x0B, 0xE0, 0x1F,
    0x80, 0x00, 0x02, 0xFC, 0x0B, 0xE0, 0x00, 0x00, 0x3F, 0xEF, 0xF4, 0x00, 0x00, 0x07, 0xFF, 0xF4,
    0x00, 0x00, 0x00, 0x05, 0x40, 0x00, 0x00, 0x00, 0x00, 0x00, 0x00, 0x00, 0x00, 0x00, 0x00, 0x00,
    0x00, 0xBF, 0xFF, 0xF0, 0x7F, 0xFF, 0xEF, 0xFF, 0xF8, 0x1F, 0xFF, 0xE1, 0xFF, 0xE0, 0x00, 0xBF,
    0xC0, 0x1F, 0xF8, 0x00, 0x2F, 0xC0, 0x03, 0xFF, 0x00, 0x0F, 0xE0, 0x00, 0x3F, 0xE0, 0x0B, 0xF0,
    0x00, 0x0B, 0xFC, 0x03, 0xF4, 0x00, 0x00, 0xFF, 0x41, 0xFC, 0x00, 0x00, 0x2F, 0xE0, 0xFD, 0x00,
    0x00, 0x03, 0xFC, 0x7F, 0x00, 0x00, 0x00, 0xBF, 0xBF, 0x40, 0x00, 0x00, 0x0F, 0xFF, 0xC0, 0x00,
    0x00, 0x02, 0xFF, 0xC0, 0x00, 0x00, 0x00, 0x3F, 0xE0, 0x00, 0x00, 0x00, 0x0B, 0xF0, 0x00, 0x00,
    0x01, 0x03, 0xF8, 0x00, 0x00, 0x03, 0xD2, 0xFC, 0x00, 0x00, 0x01, 0xFF, 0xFD, 0x00, 0x00, 0x00,
    0x7F, 0xFD, 0x00, 0x00, 0x00, 0x0F, 0xFD, 0x00, 0x00, 0x00, 0x00, 0x54, 0x00, 0x00, 0x00, 0x00,
    0x00, 0x00, 0x00, 0x00, 0x00, 0x0F, 0xFF, 0xFF, 0x0F, 0xFF, 0xFF, 0xFF, 0xFF, 0xE0, 0xFF, 0xFF,
    0xE1, 0xBF, 0xE0, 0x01, 0xFF, 0xE0, 0x07, 0xFD, 0x00, 0x07, 0xFC, 0x00, 0x7F, 0xD0, 0x00, 0x7F,
    0xC0, 0x07, 0xFD, 0x00, 0x07, 0xFC, 0x00, 0x7F, 0xD0, 0x00, 0x7F, 0xC0, 0x07, 0xFD, 0x00, 0x07,
    0xFC, 0x00, 0x7F, 0xD0, 0x00, 0x7F, 0xC0, 0x07, 0xFD, 0x00, 0x07, 0xFC, 0x00, 0x7F, 0xD0, 0x00,
    0x7F, 0xC0, 0x07, 0xFD, 0x00, 0x07, 0xFC, 0x00, 0x7F, 0xD0, 0x00, 0x7F, 0xC0, 0x07, 0xFD, 0x00,
    0x07, 0xFC, 0x00, 0x7F, 0xD0, 0x00, 0x7F, 0xC0, 0x07, 0xFD, 0x00, 0x07, 0xFC, 0x00, 0x7F, 0xD0,
    0x00, 0x7F, 0xC0, 0x1B, 0xFF, 0xFF, 0xFF, 0xFF, 0x8F, 0xFF, 0xFF, 0xFF, 0xFF, 0xFF, 0xFF, 0xFF,
    0xFF, 0xFF, 0xFF, 0xE0, 0x00, 0x07, 0xFC, 0x00, 0x00, 0x00, 0x00, 0x3F, 0xC0, 0x00, 0x00, 0x00,
    0x03, 0xF8, 0x00, 0x00, 0x00, 0x00, 0x2F, 0x40, 0x00, 0x00, 0x00, 0x02, 0xF0, 0x00, 0x00, 0x00,
    0x00, 0x0F, 0x00, 0x00, 0x00, 0x00, 0x00, 0x00, 0x00, 0x00, 0x00, 0x00, 0x01, 0x90, 0x00, 0x00,
    0x00, 0x00, 0x7F, 0xC0, 0x00, 0x00, 0x00, 0x03, 0xFF, 0x00, 0x00, 0x00, 0x00, 0x1F, 0xFE, 0x00,
    0x00, 0x00, 0x00, 0xFF, 0xFC, 0x00, 0x00, 0x00, 0x03, 0xFF, 0xF4, 0x00, 0x00, 0x00, 0x2F, 0x7F,
    0xE0, 0x00, 0x00, 0x00, 0xFC, 0xBF, 0xC0, 0x00, 0x00, 0x07, 0xE0, 0xFF, 0x40, 0x00, 0x00, 0x3F,
    0x43, 0xFF, 0x00, 0x00, 0x01, 0xFC, 0x0B, 0xFC, 0x00, 0x00, 0x0F, 0xE0, 0x0F, 0xF4, 0x00, 0x00,
    0x3F, 0x95, 0x7F, 0xF0, 0x00, 0x02, 0xFF, 0xFF, 0xFF, 0xC0, 0x00, 0x0F, 0xFF, 0xFF, 0xFF, 0x80,
    0x00, 0x7F, 0x55, 0x57, 0xFF, 0x00, 0x03, 0xFC, 0x00, 0x0B, 0xFD, 0x00, 0x1F, 0xD0, 0x00, 0x0F,
    0xF8, 0x01, 0xFF, 0x90, 0x00, 0x7F, 0xF9, 0x2F, 0xFF, 0xD0, 0x1F, 0xFF, 0xFC, 0xFF, 0xFF, 0x40,
    0x7F, 0xFF, 0xF0, 0x00, 0x00, 0x00, 0x00, 0x3F, 0xFF, 0xFF, 0xFF, 0xCF, 0xFF, 0xFF, 0xFF, 0xF0,
    0x6F, 0xFF, 0xFF, 0xFC, 0x07, 0xFD, 0x00, 0xBF, 0x01, 0xFF, 0x40, 0x1F, 0x80, 0x7F, 0xD0, 0x03,
    0xD0, 0x1F, 0xF4, 0x00, 0x50, 0x07, 0xFD, 0x00, 0x00, 0x01, 0xFF, 0xFF, 0x90, 0x00, 0x7F, 0xFF,
    0xFF, 0x80, 0x1F, 0xFF, 0xFF, 0xFC, 0x07, 0xFD, 0x02, 0xFF, 0x41, 0xFF, 0x40, 0x3F, 0xF0, 0x7F,
    0xD0, 0x0B, 0xFC, 0x1F, 0xF4, 0x02, 0xFF, 0x07, 0xFD, 0x00, 0xFF, 0x81, 0xFF, 0x40, 0xBF, 0xD1,
    0xBF, 0xFF, 0xFF, 0xE3, 0xFF, 0xFF, 0xFF, 0xE0, 0xFF, 0xFF, 0xFF, 0x80, 0x00, 0x00, 0x00, 0x00,
    0x00, 0x00, 0x55, 0x54, 0x00, 0x3F, 0xFF, 0xFF, 0xF4, 0x0F, 0xFF, 0xFF, 0xFF, 0x40, 0x6F, 0xF5,
    0xBF, 0xF0, 0x07, 0xFC, 0x03, 0xFD, 0x01, 0xFF, 0x00, 0xBF, 0x80, 0x7F, 0xC0, 0x2F, 0xD0, 0x1F,
    0xF0, 0x0B, 0xF0, 0x07, 0xFC, 0x03, 0xFC, 0x01, 0xFF, 0xFF, 0xFC, 0x00, 0x7F, 0xFF, 0xFF, 0x80,
    0x1F, 0xFF, 0xFF, 0xF8, 0x07, 0xFC, 0x03, 0xFF, 0x41, 0xFF, 0x00, 0x3F, 0xE0, 0x7F, 0xC0, 0x0B,
    0xFC, 0x1F, 0xF0, 0x02, 0xFE, 0x07, 0xFC, 0x00, 0xFF, 0x81, 0xFF, 0x00, 0xFF, 0xC1, 0xBF, 0xFF,
    0xFF, 0xE3, 0xFF, 0xFF, 0xFF, 0xD0, 0xFF, 0xFF, 0xFF, 0x40, 0x00, 0x00, 0x00, 0x00, 0x00, 0x00,
    0x00, 0x00, 0x00, 0x3F, 0xFF, 0xFF, 0xFF, 0xCF, 0xFF, 0xFF, 0xFF, 0xF0, 0x6F, 0xFF, 0xFF, 0xFC,
    0x07, 0xFD, 0x00, 0xBF, 0x01, 0xFF, 0x40, 0x2F, 0x80, 0x7F, 0xD0, 0x07, 0xE0, 0x1F, 0xF4, 0x01,
    0xF0, 0x07, 0xFD, 0x00, 0x00, 0x01, 0xFF, 0x40, 0x00, 0x00, 0x7F, 0xD0, 0x00, 0x00, 0x1F, 0xF4,
    0x00, 0x00, 0x07, 0xFD, 0x00, 0x00, 0x01, 0xFF, 0x40, 0x00, 0x00, 0x7F, 0xD0, 0x00, 0x00, 0x1F,
    0xF4, 0x00, 0x00, 0x07, 0xFD, 0x00, 0x00, 0x01, 0xFF, 0x40, 0x00, 0x01, 0xBF, 0xF9, 0x00, 0x03,
    0xFF, 0xFF, 0xC0, 0x00, 0xFF, 0xFF, 0xF0, 0x00, 0x00, 0x00, 0x00, 0x00, 0x00, 0x00, 0x00, 0x02,
    0xFF, 0xFF, 0xFF, 0xFF, 0x80, 0x0B, 0xFF, 0xFF, 0xFF, 0xFD, 0x00, 0x06, 0xFF, 0xAB, 0xFF, 0x40,
    0x00, 0x03, 0xF4, 0x0B, 0xFC, 0x00, 0x00, 0x0F, 0xD0, 0x2F, 0xF0, 0x00, 0x00, 0x3F, 0x40, 0xBF,
    0xC0, 0x00, 0x00, 0xFD, 0x02, 0xFF, 0x00, 0x00, 0x03, 0xF0, 0x0B, 0xFC, 0x00, 0x00, 0x1F, 0xC0,
    0x2F, 0xF0, 0x00, 0x00, 0x7F, 0x00, 0xBF, 0xC0, 0x00, 0x02, 0xF8, 0x02, 0xFF, 0x00, 0x00, 0x0F,
    0xD0, 0x0B, 0xFC, 0x00, 0x00, 0x3F, 0x00, 0x2F, 0xF0, 0x00, 0x01, 0xFC, 0x00, 0xBF, 0xC0, 0x00,
    0x0F, 0xE0, 0x02, 0xFF, 0x00, 0x00, 0x7F, 0x00, 0x0B, 0xFC, 0x00, 0x03, 0xFC, 0x00, 0x2F, 0xF0,
    0x01, 0xBF, 0xFE, 0xAB, 0xFF, 0xE9, 0x2F, 0xFF, 0xFF, 0xFF, 0xFF, 0xFD, 0xBF, 0xFF, 0xFF, 0xFF,
    0xFF, 0xF5, 0xFF, 0x00, 0x00, 0x00, 0x3F, 0xC3, 0xF8, 0x00, 0x00, 0x00, 0xFF, 0x0F, 0xD0, 0x00,
    0x00, 0x02, 0xFC, 0x3F, 0x00, 0x00, 0x00, 0x07, 0xE0, 0xBC, 0x00, 0x00, 0x00, 0x0F, 0x41, 0xD0,
    0x00, 0x00, 0x00, 0x2D, 0x00, 0x00, 0x00, 0x00, 0x00, 0x3F, 0xFF, 0xFF, 0xFF, 0xDF, 0xFF, 0xFF,
    0xFF, 0xF4, 0x6F, 0xFF, 0xFF, 0xFD, 0x07, 0xFD, 0x00, 0x2F, 0x41, 0xFF, 0x40, 0x07, 0xD0, 0x7F,
    0xD0, 0x00, 0xE0, 0x1F, 0xF4, 0x00, 0x00, 0x07, 0xFD, 0x00, 0x00, 0x01, 0xFF, 0xAA, 0xA8, 0x00,
    0x7F, 0xFF, 0xFF, 0x40, 0x1F, 0xFF, 0xFF, 0xC0, 0x07, 0xFE, 0x55, 0x50, 0x01, 0xFF, 0x40, 0x00,
    0x00, 0x7F, 0xD0, 0x00, 0x00, 0x1F, 0xF4, 0x00, 0x3D, 0x07, 0xFD, 0x00, 0x1F, 0x81, 0xFF, 0x40,
    0x0F, 0xE1, 0xBF, 0xFF, 0xFF, 0xF7, 0xFF, 0xFF, 0xFF, 0xFD, 0xFF, 0xFF, 0xFF, 0xFF, 0x00, 0x01,
    0x90, 0x00, 0x00, 0x00, 0x00, 0x06, 0x40, 0x07, 0xFC, 0x01, 0xFF, 0xFF, 0xC0, 0x3F, 0xE0, 0x0F,
    0xFF, 0x02, 0xFF, 0xFF, 0x80, 0xBF, 0xF0, 0x0F, 0xFF, 0x40, 0x6F, 0xF8, 0x01, 0xFF, 0xF0, 0x0B,
    0xBF, 0xC0, 0x0F, 0xF0, 0x03, 0xFE, 0xE0, 0x00, 0x0F, 0xE0, 0x0F, 0xF0, 0x07, 0xF4, 0x00, 0x00,
    0x07, 0xF0, 0x0F, 0xF0, 0x0F, 0xE0, 0x00, 0x00, 0x03, 0xF8, 0x0F, 0xF0, 0x1F, 0xC0, 0x00, 0x00,
    0x00, 0xFC, 0x0F, 0xF0, 0x3F, 0x40, 0x00, 0x00, 0x00, 0xBF, 0xAF, 0xFA, 0xFE, 0x00, 0x00, 0x00,
    0x00, 0xFF, 0xFF, 0xFF, 0xFF, 0x00, 0x00, 0x00, 0x01, 0xFF, 0xFF, 0xFF, 0xFF, 0x80, 0x00, 0x00,
    0x03, 0xFE, 0x0F, 0xF0, 0x7F, 0xC0, 0x00, 0x00, 0x0F, 0xFC, 0x0F, 0xF0, 0x3F, 0xF0, 0x00, 0x00,
    0x1F, 0xF8, 0x0F, 0xF0, 0x1F, 0xF8, 0x00, 0x00, 0x3F, 0xF0, 0x0F, 0xF0, 0x0F, 0xFD, 0x00, 0x00,
    0xFF, 0xE0, 0x0F, 0xF0, 0x07, 0xFF, 0x00, 0x02, 0xFF, 0xC0, 0x0F, 0xF0, 0x03, 0xFF, 0xC0, 0x0B,
    0xFF, 0x40, 0x2F, 0xFE, 0x00, 0xFF, 0xE0, 0x2F, 0xFE, 0x02, 0xFF, 0xFF, 0x80, 0x7F, 0xF8, 0x7F,
    0xF8, 0x03, 0xFF, 0xFF, 0x80, 0x1F, 0xFE, 0x05, 0x40, 0x00, 0x00, 0x00, 0x00, 0x01, 0x50, 0x00,
    0x1A, 0xA4, 0x00, 0x01, 0xBF, 0xFF, 0xF0, 0x02, 0xFF, 0xFF, 0xFF, 0x00, 0xBF, 0x95, 0xBF, 0xE0,
    0x3F, 0x80, 0x0F, 0xFC, 0x0F, 0xD0, 0x01, 0xFF, 0x02, 0xF0, 0x00, 0x7F, 0xC0, 0x14, 0x00, 0x2F,
    0xE0, 0x00, 0x00, 0x0F, 0xF0, 0x00, 0x1A, 0xAF, 0xF4, 0x00, 0x07, 0xFF, 0xFD, 0x00, 0x00, 0xFF,
    0xFF, 0xE0, 0x00, 0x05, 0x6F, 0xFD, 0x00, 0x00, 0x01, 0xFF, 0xC0, 0x00, 0x00, 0x3F, 0xF0, 0x78,
    0x00, 0x0F, 0xFC, 0x7F, 0x00, 0x03, 0xFF, 0x3F, 0xF0, 0x02, 0xFF, 0x4B, 0xFF, 0x97, 0xFF, 0xC0,
    0xFF, 0xFF, 0xFF, 0xC0, 0x0B, 0xFF, 0xFF, 0x40, 0x00, 0x15, 0x94, 0x00, 0x00, 0x00, 0x00, 0x00,
    0x00, 0x00, 0x03, 0xFF, 0xFF, 0xC0, 0xFF, 0xFF, 0xEF, 0xFF, 0xFE, 0x03, 0xFF, 0xFF, 0x46, 0xFF,
    0x80, 0x01, 0xFF, 0xD0, 0x07, 0xFC, 0x00, 0x02, 0xFF, 0x00, 0x1F, 0xF0, 0x00, 0x0F, 0xFC, 0x00,
    0x7F, 0xC0, 0x00, 0xFF, 0xF0, 0x01, 0xFF, 0x00, 0x0F, 0xFF, 0xC0, 0x07, 0xFC, 0x00, 0xFF, 0xFF,
    0x00, 0x1F, 0xF0, 0x0F, 0xFB, 0xFC, 0x00, 0x7F, 0xC0, 0xFE, 0x2F, 0xF0, 0x01, 0xFF, 0x0F, 0xE0,
    0xBF, 0xC0, 0x07, 0xFD, 0xFE, 0x02, 0xFF, 0x00, 0x1F, 0xFF, 0xE0, 0x0B, 0xFC, 0x00, 0x7F, 0xFE,
    0x00, 0x2F, 0xF0, 0x01, 0xFF, 0xE0, 0x00, 0xBF, 0xC0, 0x07, 0xFE, 0x00, 0x02, 0xFF, 0x00, 0x1F,
    0xF0, 0x00, 0x0B, 0xFC, 0x01, 0xBF, 0xE4, 0x00, 0x7F, 0xF9, 0x3F, 0xFF, 0xFC, 0x0F, 0xFF, 0xFE,
    0xFF, 0xFF, 0xE0, 0x3F, 0xFF, 0xF8, 0x00, 0x02, 0x40, 0x09, 0x00, 0x00, 0x00, 0x3F, 0x40, 0xBD,
    0x00, 0x00, 0x00, 0xFE, 0x03, 0xF4, 0x00, 0x00, 0x01, 0xFF, 0xBF, 0xC0, 0x00, 0x00, 0x02, 0xFF,
    0xFD, 0x00, 0x00, 0x00, 0x00, 0x15, 0x00, 0x00, 0x00, 0x00, 0x00, 0x00, 0x00, 0x00, 0x00, 0x00,
    0x00, 0x00, 0x00, 0x00, 0xFF, 0xFF, 0xF0, 0x3F, 0xFF, 0xFB, 0xFF, 0xFF, 0x80, 0xFF, 0xFF, 0xD1,
    0xBF, 0xE0, 0x00, 0x7F, 0xF4, 0x01, 0xFF, 0x00, 0x00, 0xBF, 0xC0, 0x07, 0xFC, 0x00, 0x03, 0xFF,
    0x00, 0x1F, 0xF0, 0x00, 0x3F, 0xFC, 0x00, 0x7F, 0xC0, 0x03, 0xFF, 0xF0, 0x01, 0xFF, 0x00, 0x3F,
    0xFF, 0xC0, 0x07, 0xFC, 0x03, 0xFE, 0xFF, 0x00, 0x1F, 0xF0, 0x3F, 0x8B, 0xFC, 0x00, 0x7F, 0xC3,
    0xF8, 0x2F, 0xF0, 0x01, 0xFF, 0x7F, 0x80, 0xBF, 0xC0, 0x07, 0xFF, 0xF8, 0x02, 0xFF, 0x00, 0x1F,
    0xFF, 0x80, 0x0B, 0xFC, 0x00, 0x7F, 0xF8, 0x00, 0x2F, 0xF0, 0x01, 0xFF, 0x80, 0x00, 0xBF, 0xC0,
    0x07, 0xFC, 0x00, 0x02, 0xFF, 0x00, 0x6F, 0xF9, 0x00, 0x1F, 0xFE, 0x4F, 0xFF, 0xFF, 0x03, 0xFF,
    0xFF, 0xBF, 0xFF, 0xF8, 0x0F, 0xFF, 0xFE, 0x00, 0x00, 0x00, 0x01, 0x90, 0x3F, 0xFF, 0xFC, 0x03,
    0xFE, 0x0F, 0xFF, 0xFD, 0x02, 0xFF, 0xC0, 0x6F, 0xF8, 0x01, 0xFF, 0xF0, 0x07, 0xFC, 0x00, 0xFF,
    0xB8, 0x01, 0xFF, 0x00, 0x7F, 0x40, 0x00, 0x7F, 0xC0, 0x3F, 0x80, 0x00, 0x1F, 0xF0, 0x1F, 0xC0,
    0x00, 0x07, 0xFC, 0x0F, 0xD0, 0x00, 0x01, 0xFF, 0xAF, 0xE0, 0x00, 0x00, 0x7F, 0xFF, 0xFC, 0x00,
    0x00, 0x1F, 0xFF, 0xFF, 0x80, 0x00, 0x07, 0xFC, 0x1F, 0xF0, 0x00, 0x01, 0xFF, 0x03, 0xFF, 0x00,
    0x00, 0x7F, 0xC0, 0x7F, 0xE0, 0x00, 0x1F, 0xF0, 0x0F, 0xFC, 0x00, 0x07, 0xFC, 0x01, 0xFF, 0xC0,
    0x01, 0xFF, 0x00, 0x3F, 0xFC, 0x01, 0xBF, 0xF8, 0x03, 0xFF, 0x83, 0xFF, 0xFF, 0x80, 0x7F, 0xF8,
    0xFF, 0xFF, 0xE0, 0x0B, 0xFF, 0x80, 0x00, 0x00, 0x00, 0x15, 0x00, 0x00, 0x00, 0x00, 0x00, 0x00,
    0x00, 0x0F, 0xFF, 0xFF, 0xFF, 0xFD, 0x00, 0xFF, 0xFF, 0xFF, 0xFF, 0xC0, 0x01, 0xBF, 0xFF, 0xFF,
    0xD0, 0x00, 0x03, 0xF4, 0x0F, 0xFC, 0x00, 0x00, 0x3F, 0x00, 0xFF, 0xC0, 0x00, 0x03, 0xF0, 0x0F,
    0xFC, 0x00, 0x00, 0x3F, 0x00, 0xFF, 0xC0, 0x00, 0x03, 0xF0, 0x0F, 0xFC, 0x00, 0x00, 0x7F, 0x00,
    0xFF, 0xC0, 0x00, 0x07, 0xF0, 0x0F, 0xFC, 0x00, 0x00, 0xBE, 0x00, 0xFF, 0xC0, 0x00, 0x0F, 0xD0,
    0x0F, 0xFC, 0x00, 0x00, 0xFC, 0x00, 0xFF, 0xC0, 0x00, 0x1F, 0xC0, 0x0F, 0xFC, 0x00, 0x03, 0xF8,
    0x00, 0xFF, 0xC0, 0x10, 0x7F, 0x40, 0x0F, 0xFC, 0x03, 0xDF, 0xF0, 0x00, 0xFF, 0xC0, 0x7F, 0xFD,
    0x00, 0x2F, 0xFE, 0x4B, 0xFF, 0x80, 0x2F, 0xFF, 0xFD, 0x3F, 0xE0, 0x03, 0xFF, 0xFF, 0xD0, 0x50,
    0x00, 0x00, 0x00, 0x00, 0x00, 0x00, 0x00, 0x00, 0x00, 0x00, 0x00, 0x1F, 0xFF, 0xE0, 0x00, 0xBF,
    0xFF, 0x40, 0x7F, 0xFF, 0xC0, 0x03, 0xFF, 0xFD, 0x00, 0x2F, 0xFF, 0x00, 0x0F, 0xFF, 0x80, 0x00,
    0x7F, 0xFD, 0x00, 0xBF, 0xFD, 0x00, 0x02, 0xFF, 0xF8, 0x03, 0xFF, 0xF4, 0x00, 0x0B, 0xEF, 0xF0,
    0x0F, 0xEF, 0xE0, 0x00, 0x3F, 0x7F, 0xD0, 0x7E, 0xBF, 0x80, 0x00, 0xFD, 0x7F, 0x82, 0xF1, 0xFE,
    0x00, 0x03, 0xF0, 0xFF, 0x0F, 0xC7, 0xFC, 0x00, 0x0F, 0xC3, 0xFC, 0x7E, 0x1F, 0xF0, 0x00, 0x3F,
    0x0B, 0xF6, 0xF4, 0x3F, 0xC0, 0x01, 0xFC, 0x0F, 0xEF, 0xC0, 0xFF, 0x00, 0x07, 0xF0, 0x3F, 0xFE,
    0x03, 0xFC, 0x00, 0x2F, 0xC0, 0xBF, 0xF4, 0x0F, 0xF4, 0x00, 0xBF, 0x00, 0xFF, 0xC0, 0x3F, 0xD0,
    0x03, 0xF8, 0x03, 0xFE, 0x00, 0xFF, 0x40, 0x0F, 0xE0, 0x07, 0xF4, 0x03, 0xFE, 0x00, 0x7F, 0xD0,
    0x0F, 0xC0, 0x1F, 0xFE, 0x0F, 0xFF, 0xF0, 0x10, 0x03, 0xFF, 0xFF, 0x7F, 0xFF, 0xC0, 0x00, 0x0F,
    0xFF, 0xFC, 0x00, 0x00, 0x00, 0x00, 0x00, 0x03, 0xFF, 0xFF, 0xC0, 0xFF, 0xFF, 0xFF, 0xFF, 0xFE,
    0x03, 0xFF, 0xFF, 0x86, 0xFF, 0x80, 0x01, 0xFF, 0xE0, 0x07, 0xFD, 0x00, 0x01, 0xFF, 0x40, 0x1F,
    0xF4, 0x00, 0x07, 0xFD, 0x00, 0x7F, 0xD0, 0x00, 0x1F, 0xF4, 0x01, 0xFF, 0x40, 0x00, 0x7F, 0xD0,
    0x07, 0xFD, 0x00, 0x01, 0xFF, 0x40, 0x1F, 0xFA, 0xAA, 0xAF, 0xFD, 0x00, 0x7F, 0xFF, 0xFF, 0xFF,
    0xF4, 0x01, 0xFF, 0xFF, 0xFF, 0xFF, 0xD0, 0x07, 0xFE, 0x55, 0x56, 0xFF, 0x40, 0x1F, 0xF4, 0x00,
    0x07, 0xFD, 0x00, 0x7F, 0xD0, 0x00, 0x1F, 0xF4, 0x01, 0xFF, 0x40, 0x00, 0x7F, 0xD0, 0x07, 0xFD,
    0x00, 0x01, 0xFF, 0x40, 0x1F, 0xF4, 0x00, 0x07, 0xFD, 0x01, 0xBF, 0xF8, 0x00, 0x7F, 0xFE, 0x3F,
    0xFF, 0xFC, 0x0F, 0xFF, 0xFF, 0xFF, 0xFF, 0xF0, 0x3F, 0xFF, 0xFC, 0x00, 0x00, 0x6A, 0x90, 0x00,
    0x00, 0x07, 0xFF, 0xFF, 0x80, 0x00, 0x0B, 0xFF, 0xFF, 0xFD, 0x00, 0x0F, 0xFF, 0xAB, 0xFF, 0xD0,
    0x0B, 0xFD, 0x00, 0x3F, 0xFC, 0x07, 0xFD, 0x00, 0x03, 0xFF, 0x83, 0xFF, 0x00, 0x00, 0x7F, 0xF0,
    0xFF, 0x40, 0x00, 0x0F, 0xFC, 0x7F, 0xD0, 0x00, 0x02, 0xFF, 0x6F, 0xF0, 0x00, 0x00, 0xBF, 0xDB,
    0xFC, 0x00, 0x00, 0x2F, 0xF7, 0xFF, 0x00, 0x00, 0x07, 0xFD, 0xFF, 0xC0, 0x00, 0x02, 0xFF, 0x6F,
    0xF4, 0x00, 0x00, 0xBF, 0xC7, 0xFE, 0x00, 0x00, 0x3F, 0xF0, 0xFF, 0xC0, 0x00, 0x0F, 0xF4, 0x3F,
    0xF8, 0x00, 0x0F, 0xFC, 0x07, 0xFF, 0x80, 0x0B, 0xFC, 0x00, 0xBF, 0xFF, 0xBF, 0xFD, 0x00, 0x0B,
    0xFF, 0xFF, 0xFD, 0x00, 0x00, 0x2F, 0xFF, 0xF8, 0x00, 0x00, 0x00, 0x55, 0x40, 0x00, 0x00, 0x00,
    0x00, 0x00, 0x00, 0x00, 0x03, 0xFF, 0xFF, 0xFF, 0xFF, 0xFF, 0xCF, 0xFF, 0xFF, 0xFF, 0xFF, 0xFF,
    0x06, 0xFF, 0xFA, 0xAF, 0xFF, 0xD0, 0x07, 0xFD, 0x00, 0x03, 0xFE, 0x00, 0x1F, 0xF4, 0x00, 0x0F,
    0xF8, 0x00, 0x7F, 0xD0, 0x00, 0x3F, 0xE0, 0x01, 0xFF, 0x40, 0x00, 0xFF, 0x80, 0x07, 0xFD, 0x00,
    0x03, 0xFE, 0x00, 0x1F, 0xF4, 0x00, 0x0F, 0xF8, 0x00, 0x7F, 0xD0, 0x00, 0x3F, 0xE0, 0x01, 0xFF,
    0x40, 0x00, 0xFF, 0x80, 0x07, 0xFD, 0x00, 0x03, 0xFE, 0x00, 0x1F, 0xF4, 0x00, 0x0F, 0xF8, 0x00,
    0x7F, 0xD0, 0x00, 0x3F, 0xE0, 0x01, 0xFF, 0x40, 0x00, 0xFF, 0x80, 0x07, 0xFD, 0x00, 0x03, 0xFE,
    0x00, 0x1F, 0xF4, 0x00, 0x0F, 0xF8, 0x01, 0xBF, 0xF8, 0x00, 0xBF, 0xF9, 0x3F, 0xFF, 0xFC, 0x1F,
    0xFF, 0xFC, 0xFF, 0xFF, 0xF0, 0xBF, 0xFF, 0xF0, 0x00, 0x55, 0x55, 0x00, 0x3F, 0xFF, 0xFF, 0xF8,
    0x0F, 0xFF, 0xFF, 0xFF, 0xC0, 0x6F, 0xFA, 0xFF, 0xFC, 0x07, 0xFC, 0x03, 0xFF, 0x01, 0xFF, 0x00,
    0x7F, 0xD0, 0x7F, 0xC0, 0x0F, 0xF4, 0x1F, 0xF0, 0x03, 0xFD, 0x07, 0xFC, 0x01, 0xFF, 0x01, 0xFF,
    0x00, 0xFF, 0xC0, 0x7F, 0xD6, 0xFF, 0xC0, 0x1F, 0xFF, 0xFF, 0xD0, 0x07, 0xFF, 0xFF, 0x80, 0x01,
    0xFF, 0xA9, 0x00, 0x00, 0x7F, 0xC0, 0x00, 0x00, 0x1F, 0xF0, 0x00, 0x00, 0x07, 0xFC, 0x00, 0x00,
    0x01, 0xFF, 0x00, 0x00, 0x01, 0xBF, 0xE9, 0x00, 0x03, 0xFF, 0xFF, 0xC0, 0x00, 0xFF, 0xFF, 0xF0,
    0x00, 0x00, 0x00, 0x00, 0x6A, 0x90, 0x00, 0x07, 0xFF, 0xFF, 0xC0, 0x0F, 0xFF, 0xFF, 0xF4, 0x0F,
    0xFF, 0xAB, 0xFD, 0x0B, 0xFD, 0x00, 0x3F, 0x47, 0xFD, 0x00, 0x0F, 0xD3, 0xFF, 0x00, 0x02, 0xF0,
    0xFF, 0x40, 0x00, 0x10, 0x7F, 0xC0, 0x00, 0x00, 0x2F, 0xF0, 0x00, 0x00, 0x0B, 0xFC, 0x00, 0x00,
    0x03, 0xFF, 0x00, 0x00, 0x00, 0xFF, 0xC0, 0x00, 0x00, 0x2F, 0xF4, 0x00, 0x00, 0x0B, 0xFE, 0x00,
    0x00, 0x01, 0xFF, 0xD0, 0x00, 0x00, 0x3F, 0xFD, 0x00, 0x00, 0x07, 0xFF, 0xF9, 0x5A, 0xF0, 0xBF,
    0xFF, 0xFF, 0xFC, 0x0B, 0xFF, 0xFF, 0xFD, 0x00, 0x2F, 0xFF, 0xFD, 0x00, 0x00, 0x15, 0x50, 0x00,
    0x00, 0x00, 0x00, 0x00, 0x00, 0x3F, 0xFF, 0xFF, 0xFF, 0xFF, 0x3F, 0xFF, 0xFF, 0xFF, 0xFF, 0x3F,
    0xFF, 0xFF, 0xFF, 0xFF, 0x3F, 0x40, 0xFF, 0x80, 0xBE, 0x3F, 0x00, 0xFF, 0x80, 0xBE, 0x3F, 0x00,
    0xFF, 0x80, 0xBD, 0x09, 0x00, 0xFF, 0x80, 0x64, 0x00, 0x00, 0xFF, 0x80, 0x00, 0x00, 0x00, 0xFF,
    0x80, 0x00, 0x00, 0x00, 0xFF, 0x80, 0x00, 0x00, 0x00, 0xFF, 0x80, 0x00, 0x00, 0x00, 0xFF, 0x80,
    0x00, 0x00, 0x00, 0xFF, 0x80, 0x00, 0x00, 0x00, 0xFF, 0x80, 0x00, 0x00, 0x00, 0xFF, 0x80, 0x00,
    0x00, 0x00, 0xFF, 0x80, 0x00, 0x00, 0x00, 0xFF, 0x80, 0x00, 0x00, 0x06, 0xFF, 0xE4, 0x00, 0x00,
    0x3F, 0xFF, 0xFD, 0x00, 0x00, 0x3F, 0xFF, 0xFD, 0x00, 0x00, 0x00, 0x00, 0x00, 0x00, 0x2F, 0xFF,
    0xFC, 0x1F, 0xFF, 0xFB, 0xFF, 0xFE, 0x07, 0xFF, 0xF8, 0x7F, 0xF8, 0x00, 0x2F, 0xF0, 0x07, 0xFE,
    0x00, 0x0B, 0xF0, 0x00, 0xFF, 0xC0, 0x03, 0xF8, 0x00, 0x0F, 0xF8, 0x02, 0xFC, 0x00, 0x02, 0xFF,
    0x00, 0xFD, 0x00, 0x00, 0x3F, 0xD0, 0x7F, 0x00, 0x00, 0x0B, 0xF8, 0x3F, 0x40, 0x00, 0x00, 0xFF,
    0x1F, 0xC0, 0x00, 0x00, 0x2F, 0xEF, 0xD0, 0x00, 0x00, 0x03, 0xFF, 0xF0, 0x00, 0x00, 0x00, 0xBF,
    0xF0, 0x00, 0x00, 0x00, 0x0F, 0xF8, 0x00, 0x00, 0x00, 0x02, 0xFC, 0x00, 0x00, 0x00, 0x40, 0xFE,
    0x00, 0x00, 0x00, 0xF4, 0xBF, 0x00, 0x00, 0x00, 0x7F, 0xFF, 0x40, 0x00, 0x00, 0x1F, 0xFF, 0x40,
    0x00, 0x00, 0x03, 0xFF, 0x40, 0x00, 0x00, 0x00, 0x15, 0x00, 0x00, 0x00, 0x00, 0x00, 0x0F, 0xFF,
    0xFD, 0x00, 0x00, 0x00, 0xFF, 0xFF, 0xD0, 0x00, 0x00, 0x06, 0xFF, 0xE0, 0x00, 0x00, 0x00, 0x07,
    0xFC, 0x00, 0x00, 0x00, 0x2F, 0xFF, 0xFF, 0x80, 0x00, 0x2F, 0xFF, 0xFF, 0xFF, 0x80, 0x1F, 0xFE,
    0xBF, 0xDF, 0xFF, 0x03, 0xFE, 0x07, 0xFC, 0x1F, 0xF8, 0xBF, 0xC0, 0x7F, 0xC0, 0xBF, 0xCF, 0xF8,
    0x07, 0xFC, 0x03, 0xFD, 0xFF, 0x40, 0x7F, 0xC0, 0x3F, 0xDF, 0xF8, 0x07, 0xFC, 0x03, 0xFD, 0xBF,
    0xC0, 0x7F, 0xC0, 0x7F, 0xC7, 0xFD, 0x07, 0xFC, 0x0F, 0xF8, 0x3F, 0xF8, 0x7F, 0xC7, 0xFF, 0x00,
    0xBF, 0xFF, 0xFF, 0xFF, 0xC0, 0x01, 0xFF, 0xFF, 0xFF, 0x90, 0x00, 0x00, 0x1B, 0xFD, 0x00, 0x00,
    0x00, 0x00, 0x7F, 0xC0, 0x00, 0x00, 0x00, 0x6F, 0xFF, 0xD0, 0x00, 0x00, 0x0F, 0xFF, 0xFE, 0x00,
    0x00, 0x00, 0xAA, 0xAA, 0x80, 0x00, 0x00, 0x00, 0x00, 0x00, 0x00, 0x02, 0xFF, 0xFF, 0xC3, 0xFF,
    0xFD, 0x3F, 0xFF, 0xF8, 0x3F, 0xFF, 0xC0, 0x7F, 0xFC, 0x00, 0x7F, 0xD0, 0x00, 0xFF, 0xD0, 0x0F,
    0xF4, 0x00, 0x07, 0xFF, 0x02, 0xFD, 0x00, 0x00, 0x2F, 0xF8, 0x7F, 0x80, 0x00, 0x00, 0xBF, 0xDF,
    0xF0, 0x00, 0x00, 0x03, 0xFF, 0xFC, 0x00, 0x00, 0x00, 0x0F, 0xFF, 0x00, 0x00, 0x00, 0x00, 0xBF,
    0xF0, 0x00, 0x00, 0x00, 0x0F, 0xFF, 0x40, 0x00, 0x00, 0x02, 0xFF, 0xFD, 0x00, 0x00, 0x00, 0x7F,
    0xBF, 0xF0, 0x00, 0x00, 0x0F, 0xE1, 0xFF, 0x80, 0x00, 0x03, 0xFC, 0x0B, 0xFE, 0x00, 0x00, 0xFF,
    0x40, 0x3F, 0xF4, 0x00, 0x2F, 0xE0, 0x01, 0xFF, 0xC0, 0x0B, 0xFE, 0x40, 0x1F, 0xFF, 0x87, 0xFF,
    0xFE, 0x0F, 0xFF, 0xFF, 0xBF, 0xFF, 0xD0, 0xFF, 0xFF, 0xF0, 0x00, 0x00, 0x00, 0x00, 0x00, 0x03,
    0xFF, 0xFF, 0xC3, 0xFF, 0xFF, 0xCF, 0xFF, 0xFE, 0x0F, 0xFF, 0xFE, 0x06, 0xFF, 0x80, 0x07, 0xFF,
    0x80, 0x07, 0xFD, 0x00, 0x07, 0xFC, 0x00, 0x1F, 0xF4, 0x00, 0x1F, 0xF0, 0x00, 0x7F, 0xD0, 0x00,
    0x7F, 0xC0, 0x01, 0xFF, 0x40, 0x01, 0xFF, 0x00, 0x07, 0xFD, 0x00, 0x07, 0xFC, 0x00, 0x1F, 0xF4,
    0x00, 0x1F, 0xF0, 0x00, 0x7F, 0xD0, 0x00, 0x7F, 0xC0, 0x01, 0xFF, 0x40, 0x01, 0xFF, 0x00, 0x07,
    0xFD, 0x00, 0x07, 0xFC, 0x00, 0x1F, 0xF4, 0x00, 0x1F, 0xF0, 0x00, 0x7F, 0xD0, 0x00, 0x7F, 0xC0,
    0x01, 0xFF, 0x40, 0x01, 0xFF, 0x00, 0x07, 0xFD, 0x00, 0x07, 0xFC, 0x00, 0x1F, 0xF4, 0x00, 0x1F,
    0xF0, 0x01, 0xBF, 0xFF, 0xFF, 0xFF, 0xF9, 0x3F, 0xFF, 0xFF, 0xFF, 0xFF, 0xFE, 0xFF, 0xFF, 0xFF,
    0xFF, 0xFF, 0xF8, 0x00, 0x00, 0x00, 0x00, 0x3F, 0xD0, 0x00, 0x00, 0x00, 0x00, 0xBF, 0x00, 0x00,
    0x00, 0x00, 0x01, 0xFC, 0x00, 0x00, 0x00, 0x00, 0x03, 0xF0, 0x00, 0x00, 0x00, 0x00, 0x0F, 0x80,
    0x00, 0x00, 0x00, 0x00, 0x1D, 0x00, 0x00, 0x00, 0x00, 0x00, 0x00, 0x07, 0xFF, 0xFF, 0x0F, 0xFF,
    0xFD, 0x7F, 0xFF, 0xF0, 0xFF, 0xFF, 0xC1, 0xBF, 0xF4, 0x02, 0xFF, 0xD0, 0x03, 0xFF, 0x00, 0x0F,
    0xFC, 0x00, 0x3F, 0xF0, 0x00, 0xFF, 0xC0, 0x03, 0xFF, 0x00, 0x0F, 0xFC, 0x00, 0x3F, 0xF0, 0x00,
    0xFF, 0xC0, 0x03, 0xFF, 0x00, 0x0F, 0xFC, 0x00, 0x2F, 0xF8, 0x00, 0xFF, 0xC0, 0x01, 0xFF, 0xF9,
    0xAF, 0xFC, 0x00, 0x0F, 0xFF, 0xFF, 0xFF, 0xC0, 0x00, 0x2F, 0xFF, 0xFF, 0xFC, 0x00, 0x00, 0x2A,
    0xA4, 0xFF, 0xC0, 0x00, 0x00, 0x00, 0x0F, 0xFC, 0x00, 0x00, 0x00, 0x00, 0xFF, 0xC0, 0x00, 0x00,
    0x00, 0x0F, 0xFC, 0x00, 0x00, 0x00, 0x00, 0xFF, 0xC0, 0x00, 0x00, 0x00, 0x2F, 0xFE, 0x40, 0x00,
    0x00, 0x1F, 0xFF, 0xFD, 0x00, 0x00, 0x01, 0xFF, 0xFF, 0xD0, 0x00, 0x00, 0x00, 0x00, 0x00, 0x00,
    0x00, 0x03, 0xFF, 0xFF, 0x5F, 0xFF, 0xF8, 0xFF, 0xFF, 0xCF, 0xFF, 0xFC, 0x7F, 0xFF, 0xD3, 0xFF,
    0xFF, 0x06, 0xFF, 0x80, 0x6F, 0xF8, 0x02, 0xFF, 0xD0, 0x07, 0xFC, 0x00, 0x3F, 0xD0, 0x03, 0xFE,
    0x00, 0x1F, 0xF0, 0x00, 0xFF, 0x40, 0x0F, 0xF8, 0x00, 0x7F, 0xC0, 0x03, 0xFD, 0x00, 0x3F, 0xE0,
    0x01, 0xFF, 0x00, 0x0F, 0xF4, 0x00, 0xFF, 0x80, 0x07, 0xFC, 0x00, 0x3F, 0xD0, 0x03, 0xFE, 0x00,
    0x1F, 0xF0, 0x00, 0xFF, 0x40, 0x0F, 0xF8, 0x00, 0x7F, 0xC0, 0x03, 0xFD, 0x00, 0x3F, 0xE0, 0x01,
    0xFF, 0x00, 0x0F, 0xF4, 0x00, 0xFF, 0x80, 0x07, 0xFC, 0x00, 0x3F, 0xD0, 0x03, 0xFE, 0x00, 0x1F,
    0xF0, 0x00, 0xFF, 0x40, 0x0F, 0xF8, 0x00, 0x7F, 0xC0, 0x03, 0xFD, 0x00, 0x3F, 0xE0, 0x01, 0xFF,
    0x00, 0x0F, 0xF4, 0x00, 0xFF, 0x80, 0x07, 0xFC, 0x00, 0x3F, 0xD0, 0x03, 0xFE, 0x00, 0x1F, 0xF0,
    0x00, 0xFF, 0x40, 0x0F, 0xF8, 0x01, 0xBF, 0xFF, 0xAB, 0xFF, 0xAF, 0xFF, 0xF9, 0x3F, 0xFF, 0xFF,
    0xFF, 0xFF, 0xFF, 0xFF, 0xFC, 0xFF, 0xFF, 0xFF, 0xFF, 0xFF, 0xFF, 0xFF, 0xF0, 0x00, 0x00, 0x00,
    0x00, 0x00, 0x00, 0x00, 0x00, 0xFF, 0xFF, 0xD7, 0xFF, 0xFE, 0x3F, 0xFF, 0xF0, 0xFF, 0xFF, 0xC7,
    0xFF, 0xFD, 0x3F, 0xFF, 0xF0, 0x1B, 0xFE, 0x01, 0xBF, 0xE0, 0x0B, 0xFF, 0x40, 0x07, 0xFC, 0x00,
    0x3F, 0xD0, 0x03, 0xFE, 0x00, 0x07, 0xFC, 0x00, 0x3F, 0xD0, 0x03, 0xFE, 0x00, 0x07, 0xFC, 0x00,
    0x3F, 0xD0, 0x03, 0xFE, 0x00, 0x07, 0xFC, 0x00, 0x3F, 0xD0, 0x03, 0xFE, 0x00, 0x07, 0xFC, 0x00,
    0x3F, 0xD0, 0x03, 0xFE, 0x00, 0x07, 0xFC, 0x00, 0x3F, 0xD0, 0x03, 0xFE, 0x00, 0x07, 0xFC, 0x00,
    0x3F, 0xD0, 0x03, 0xFE, 0x00, 0x07, 0xFC, 0x00, 0x3F, 0xD0, 0x03, 0xFE, 0x00, 0x07, 0xFC, 0x00,
    0x3F, 0xD0, 0x03, 0xFE, 0x00, 0x07, 0xFC, 0x00, 0x3F, 0xD0, 0x03, 0xFE, 0x00, 0x07, 0xFC, 0x00,
    0x3F, 0xD0, 0x03, 0xFE, 0x00, 0x07, 0xFC, 0x00, 0x3F, 0xD0, 0x03, 0xFE, 0x00, 0x07, 0xFC, 0x00,
    0x3F, 0xD0, 0x03, 0xFE, 0x00, 0x07, 0xFC, 0x00, 0x3F, 0xD0, 0x03, 0xFE, 0x00, 0x1B, 0xFF, 0xFA,
    0xBF, 0xFA, 0xFF, 0xFF, 0xA0, 0xFF, 0xFF, 0xFF, 0xFF, 0xFF, 0xFF, 0xFF, 0xFC, 0xFF, 0xFF, 0xFF,
    0xFF, 0xFF, 0xFF, 0xFF, 0xFC, 0x00, 0x00, 0x00, 0x00, 0x00, 0x00, 0x07, 0xFC, 0x00, 0x00, 0x00,
    0x00, 0x00, 0x00, 0x03, 0xF8, 0x00, 0x00, 0x00, 0x00, 0x00, 0x00, 0x03, 0xF4, 0x00, 0x00, 0x00,
    0x00, 0x00, 0x00, 0x03, 0xF4, 0x00, 0x00, 0x00, 0x00, 0x00, 0x00, 0x02, 0xF0, 0x00, 0x00, 0x00,
    0x00, 0x00, 0x00, 0x00, 0xF0, 0x00, 0x00, 0x00, 0x00, 0x00, 0x03, 0xFF, 0xFF, 0xFF, 0xC0, 0x00,
    0x3F, 0xFF, 0xFF, 0xFC, 0x00, 0x03, 0xFF, 0xFF, 0xFD, 0x00, 0x00, 0x3F, 0x40, 0xFF, 0x80, 0x00,
    0x03, 0xF0, 0x0F, 0xF8, 0x00, 0x00, 0x3F, 0x00, 0xFF, 0x80, 0x00, 0x00, 0x90, 0x0F, 0xF8, 0x00,
    0x00, 0x00, 0x00, 0xFF, 0x80, 0x00, 0x00, 0x00, 0x0F, 0xFF, 0xFE, 0x00, 0x00, 0x00, 0xFF, 0xFF,
    0xFE, 0x00, 0x00, 0x0F, 0xFF, 0xFF, 0xFC, 0x00, 0x00, 0xFF, 0x80, 0xBF, 0xD0, 0x00, 0x0F, 0xF8,
    0x03, 0xFE, 0x00, 0x00, 0xFF, 0x80, 0x2F, 0xF0, 0x00, 0x0F, 0xF8, 0x02, 0xFF, 0x00, 0x00, 0xFF,
    0x80, 0x3F, 0xE0, 0x00, 0x0F, 0xF8, 0x0F, 0xFC, 0x00, 0x02, 0xFF, 0xFF, 0xFF, 0x80, 0x02, 0xFF,
    0xFF, 0xFF, 0xE0, 0x00, 0x2F, 0xFF, 0xFF, 0xD0, 0x00, 0x00, 0x00, 0x00, 0x00, 0x00, 0x00, 0x00,
    0x00, 0x00, 0x00, 0x00, 0x00, 0xFF, 0xFF, 0xF0, 0x00, 0x1F, 0xFF, 0xFD, 0xFF, 0xFF, 0xE0, 0x00,
    0x1F, 0xFF, 0xFD, 0x1B, 0xFE, 0x00, 0x00, 0x06, 0xFF, 0xD0, 0x07, 0xFD, 0x00, 0x00, 0x00, 0xFF,
    0xC0, 0x07, 0xFD, 0x00, 0x00, 0x00, 0xFF, 0xC0, 0x07, 0xFD, 0x00, 0x00, 0x00, 0xFF, 0xC0, 0x07,
    0xFD, 0x00, 0x00, 0x00, 0xFF, 0xC0, 0x07, 0xFD, 0x00, 0x00, 0x00, 0xFF, 0xC0, 0x07, 0xFF, 0xFE,
    0x40, 0x00, 0xFF, 0xC0, 0x07, 0xFF, 0xFF, 0xF4, 0x00, 0xFF, 0xC0, 0x07, 0xFF, 0xFF, 0xFE, 0x00,
    0xFF, 0xC0, 0x07, 0xFD, 0x03, 0xFF, 0x00, 0xFF, 0xC0, 0x07, 0xFD, 0x00, 0xFF, 0x40, 0xFF, 0xC0,
    0x07, 0xFD, 0x00, 0xFF, 0x80, 0xFF, 0xC0, 0x07, 0xFD, 0x00, 0xFF, 0x80, 0xFF, 0xC0, 0x07, 0xFD,
    0x00, 0xFF, 0x40, 0xFF, 0xC0, 0x07, 0xFD, 0x07, 0xFF, 0x00, 0xFF, 0xC0, 0x1B, 0xFF, 0xFF, 0xFD,
    0x01, 0xFF, 0xE4, 0xFF, 0xFF, 0xFF, 0xF4, 0x1F, 0xFF, 0xFE, 0xFF, 0xFF, 0xFE, 0x40, 0x1F, 0xFF,
    0xFD, 0x00, 0x00, 0x00, 0x00, 0x00, 0x00, 0x00, 0x00, 0x00, 0x00, 0x00, 0x3F, 0xFF, 0xFC, 0x00,
    0x0F, 0xFF, 0xFE, 0x00, 0x00, 0x6F, 0xF8, 0x00, 0x00, 0x07, 0xFD, 0x00, 0x00, 0x01, 0xFF, 0x40,
    0x00, 0x00, 0x7F, 0xD0, 0x00, 0x00, 0x1F, 0xF4, 0x00, 0x00, 0x07, 0xFD, 0x00, 0x00, 0x01, 0xFF,
    0xFF, 0xE0, 0x00, 0x7F, 0xFF, 0xFF, 0x80, 0x1F, 0xFF, 0xFF, 0xFC, 0x07, 0xFD, 0x02, 0xFF, 0x81,
    0xFF, 0x40, 0x3F, 0xF0, 0x7F, 0xD0, 0x0B, 0xFC, 0x1F, 0xF4, 0x02, 0xFF, 0x07, 0xFD, 0x00, 0xFF,
    0x81, 0xFF, 0x40, 0xBF, 0xD1, 0xBF, 0xFF, 0xFF, 0xE3, 0xFF, 0xFF, 0xFF, 0xE0, 0xFF, 0xFF, 0xFF,
    0x80, 0x00, 0x00, 0x00, 0x00, 0x00, 0x00, 0x5A, 0xA4, 0x00, 0x00, 0xBF, 0xFF, 0xFD, 0x00, 0x3F,
    0xFF, 0xFF, 0xF8, 0x03, 0xFF, 0x9B, 0xFF, 0xE0, 0x3F, 0x80, 0x07, 0xFF, 0x03, 0xF0, 0x00, 0x1F,
    0xF8, 0x3F, 0x00, 0x00, 0xFF, 0xC1, 0xA0, 0x00, 0x07, 0xFD, 0x00, 0x00, 0x00, 0x3F, 0xE0, 0x01,
    0xAA, 0xAB, 0xFE, 0x00, 0x1F, 0xFF, 0xFF, 0xE0, 0x00, 0xFF, 0xFF, 0xFE, 0x00, 0x01, 0x55, 0x7F,
    0xE0, 0x00, 0x00, 0x07, 0xFD, 0x00, 0x00, 0x00, 0xBF, 0xC2, 0xD0, 0x00, 0x0F, 0xFC, 0x7F, 0x00,
    0x02, 0xFF, 0x4F, 0xF8, 0x00, 0xBF, 0xE0, 0xBF, 0xFA, 0xBF, 0xFC, 0x03, 0xFF, 0xFF, 0xFE, 0x00,
    0x0B, 0xFF, 0xFF, 0x40, 0x00, 0x05, 0x55, 0x00, 0x00, 0x00, 0x00, 0x00, 0x00, 0x06, 0xA9, 0x00,
    0x0F, 0xFF, 0xFF, 0x00, 0x1F, 0xFF, 0xFE, 0x00, 0xFF, 0xFF, 0xE0, 0x0B, 0xFF, 0xFF, 0xFC, 0x01,
    0xBF, 0xE0, 0x02, 0xFF, 0xEB, 0xFF, 0xF0, 0x07, 0xFC, 0x00, 0x7F, 0xE0, 0x03, 0xFF, 0x80, 0x7F,
    0xC0, 0x0F, 0xF8, 0x00, 0x1F, 0xFC, 0x07, 0xFC, 0x01, 0xFF, 0x40, 0x00, 0xFF, 0xD0, 0x7F, 0xC0,
    0x2F, 0xF0, 0x00, 0x07, 0xFE, 0x07, 0xFC, 0x03, 0xFF, 0x00, 0x00, 0x3F, 0xF0, 0x7F, 0xEA, 0xBF,
    0xE0, 0x00, 0x03, 0xFF, 0x07, 0xFF, 0xFF, 0xFE, 0x00, 0x00, 0x3F, 0xF0, 0x7F, 0xFF, 0xFF, 0xE0,
    0x00, 0x03, 0xFF, 0x07, 0xFD, 0x57, 0xFF, 0x00, 0x00, 0x3F, 0xE0, 0x7F, 0xC0, 0x3F, 0xF0, 0x00,
    0x03, 0xFE, 0x07, 0xFC, 0x03, 0xFF, 0x00, 0x00, 0x7F, 0xD0, 0x7F, 0xC0, 0x2F, 0xF8, 0x00, 0x0B,
    0xFC, 0x07, 0xFC, 0x01, 0xFF, 0xC0, 0x00, 0xFF, 0x40, 0x7F, 0xC0, 0x0F, 0xFF, 0x00, 0x3F, 0xF0,
    0x1B, 0xFF, 0x80, 0x3F, 0xFF, 0xBF, 0xFC, 0x0F, 0xFF, 0xFF, 0x01, 0xFF, 0xFF, 0xFF, 0x00, 0xFF,
    0xFF, 0xE0, 0x02, 0xFF, 0xFF, 0x40, 0x00, 0x00, 0x00, 0x00, 0x01, 0x55, 0x00, 0x00, 0x00, 0x00,
    0x00, 0x00, 0x00, 0x00, 0x06, 0xFF, 0xFF, 0xFE, 0x00, 0x3F, 0xFF, 0xFF, 0xFD, 0x00, 0xFF, 0xFA,
    0xFF, 0xE0, 0x02, 0xFF, 0x40, 0x7F, 0xC0, 0x03, 0xFE, 0x00, 0x7F, 0xC0, 0x03, 0xFD, 0x00, 0x7F,
    0xC0, 0x03, 0xFD, 0x00, 0x7F, 0xC0, 0x03, 0xFE, 0x00, 0x7F, 0xC0, 0x02, 0xFF, 0x40, 0x7F, 0xC0,
    0x00, 0xFF, 0xFA, 0xBF, 0xC0, 0x00, 0x2F, 0xFF, 0xFF, 0xC0, 0x00, 0x07, 0xFF, 0xFF, 0xC0, 0x00,
    0x0F, 0xF4, 0x7F, 0xC0, 0x00, 0x2F, 0xF0, 0x7F, 0xC0, 0x00, 0x7F, 0xD0, 0x7F, 0xC0, 0x00, 0xFF,
    0xC0, 0x7F, 0xC0, 0x03, 0xFF, 0x40, 0x7F, 0xC0, 0x0B, 0xFE, 0x01, 0xFF, 0xE4, 0x3F, 0xFC, 0x0F,
    0xFF, 0xFE, 0x7F, 0xE0, 0x0F, 0xFF, 0xFE, 0x05, 0x00, 0x00, 0x00, 0x00, 0x00, 0x16, 0x50, 0x00,
    0x02, 0xFF, 0xFD, 0x00, 0x1F, 0xFF, 0xFF, 0x00, 0x3F, 0xE5, 0xFF, 0x80, 0x3F, 0x80, 0xBF, 0xC0,
    0x2F, 0x40, 0x7F, 0xC0, 0x00, 0x00, 0x7F, 0xC0, 0x00, 0x1A, 0xFF, 0xC0, 0x07, 0xFF, 0xFF, 0xC0,
    0x2F, 0xFF, 0xFF, 0xC0, 0x7F, 0xD0, 0x7F, 0xC0, 0xBF, 0x80, 0x7F, 0xC0, 0xFF, 0x80, 0xBF, 0xC0,
    0xBF, 0xEB, 0xFF, 0xE8, 0x7F, 0xFF, 0xFF, 0xFD, 0x1F, 0xFE, 0x1F, 0xF4, 0x01, 0x50, 0x01, 0x40,
    0x00, 0x00, 0x00, 0x04, 0x00, 0x00, 0x15, 0xBC, 0x00, 0x2F, 0xFF, 0xFC, 0x00, 0xFF, 0xFF, 0xF8,
    0x03, 0xFF, 0xFF, 0xF0, 0x0B, 0xF4, 0x05, 0x40, 0x1F, 0xE0, 0x00, 0x00, 0x2F, 0xD0, 0x00, 0x00,
    0x3F, 0xC1, 0x50, 0x00, 0x7F, 0xEF, 0xFF, 0x40, 0xBF, 0xFF, 0xFF, 0xD0, 0xFF, 0xFA, 0xBF, 0xF0,
    0xFF, 0xC0, 0x1F, 0xF8, 0xFF, 0x80, 0x0F, 0xFC, 0xFF, 0x80, 0x0B, 0xFC, 0xFF, 0x80, 0x07, 0xFC,
    0xFF, 0xC0, 0x07, 0xFC, 0xBF, 0xC0, 0x0B, 0xFC, 0x7F, 0xD0, 0x0F, 0xFC, 0x3F, 0xF0, 0x1F, 0xF4,
    0x1F, 0xFE, 0xBF, 0xE0, 0x0B, 0xFF, 0xFF, 0xC0, 0x01, 0xFF, 0xFD, 0x00, 0x00, 0x05, 0x40, 0x00,
    0x01, 0x55, 0x50, 0x03, 0xFF, 0xFF, 0xFD, 0x0F, 0xFF, 0xFF, 0xFD, 0x07, 0xFC, 0x0B, 0xFC, 0x0F,
    0xF0, 0x0F, 0xF0, 0x3F, 0xC0, 0x3F, 0xC0, 0xFF, 0x00, 0xFE, 0x03, 0xFF, 0xFF, 0xE0, 0x0F, 0xFF,
    0xFF, 0xD0, 0x3F, 0xD5, 0xBF, 0xD0, 0xFF, 0x00, 0xBF, 0x83, 0xFC, 0x01, 0xFF, 0x0F, 0xF0, 0x0B,
    0xF8, 0x3F, 0xD5, 0xBF, 0xDB, 0xFF, 0xFF, 0xFE, 0x3F, 0xFF, 0xFF, 0x80, 0x00, 0x00, 0x00, 0x00,
    0x00, 0x00, 0x00, 0x0F, 0xFF, 0xFF, 0xFE, 0xFF, 0xFF, 0xFF, 0xD1, 0xFF, 0xEA, 0xFD, 0x0F, 0xF8,
    0x0F, 0xD0, 0xFF, 0x80, 0xBC, 0x0F, 0xF8, 0x0B, 0xC0, 0xFF, 0x80, 0x10, 0x0F, 0xF8, 0x00, 0x00,
    0xFF, 0x80, 0x00, 0x0F, 0xF8, 0x00, 0x00, 0xFF, 0x80, 0x00, 0x0F, 0xF8, 0x00, 0x00, 0xFF, 0xD0,
    0x00, 0xBF, 0xFF, 0xD0, 0x0F, 0xFF, 0xFD, 0x00, 0x00, 0x00, 0x00, 0x00, 0x00, 0x02, 0xFF, 0xFF,
    0xFF, 0xF0, 0x02, 0xFF, 0xFF, 0xFF, 0xF0, 0x00, 0x2F, 0xD5, 0xFF, 0x40, 0x00, 0x1F, 0x80, 0xFF,
    0x00, 0x00, 0x1F, 0x80, 0xFF, 0x00, 0x00, 0x1F, 0x40, 0xFF, 0x00, 0x00, 0x2F, 0x40, 0xFF, 0x00,
    0x00, 0x3F, 0x00, 0xFF, 0x00, 0x00, 0x3F, 0x00, 0xFF, 0x00, 0x00, 0x7E, 0x00, 0xFF, 0x00, 0x00,
    0xBD, 0x00, 0xFF, 0x00, 0x01, 0xFC, 0x00, 0xFF, 0x00, 0x0B, 0xFD, 0x56, 0xFF, 0x90, 0x7F, 0xFF,
    0xFF, 0xFF, 0xFC, 0x7F, 0xFF, 0xFF, 0xFF, 0xFC, 0x3F, 0x80, 0x00, 0x03, 0xFC, 0x3F, 0x40, 0x00,
    0x03, 0xF8, 0x3F, 0x40, 0x00, 0x02, 0xF8, 0x2F, 0x00, 0x00, 0x01, 0xF4, 0x1F, 0x00, 0x00, 0x00,
    0xF0, 0x04, 0x00, 0x00, 0x00, 0x10, 0x00, 0x06, 0x50, 0x00, 0x1F, 0xFF, 0xE0, 0x0B, 0xFF, 0xFF,
    0x81, 0xFF, 0x5B, 0xFC, 0x3F, 0xC0, 0x3F, 0xE7, 0xF8, 0x02, 0xFE, 0xBF, 0x80, 0x2F, 0xEF, 0xFF,
    0xFF, 0xFE, 0xFF, 0xFF, 0xFF, 0xEF, 0xF9, 0x55, 0x54, 0xFF, 0x40, 0x00, 0x0B, 0xFC, 0x00, 0x00,
    0x7F, 0xE0, 0x00, 0x43, 0xFF, 0xFF, 0xFD, 0x1F, 0xFF, 0xFF, 0xC0, 0x2F, 0xFF, 0xF4, 0x00, 0x05,
    0x50, 0x00, 0x02, 0x40, 0x00, 0x00, 0x00, 0x19, 0x00, 0xFF, 0x01, 0xFF, 0xF8, 0x0F, 0xF4, 0x2F,
    0xF8, 0x1F, 0xFF, 0x42, 0xFF, 0x81, 0xFF, 0xD0, 0x3F, 0xC0, 0x7F, 0xF4, 0x00, 0xBF, 0x03, 0xFC,
    0x0F, 0xE0, 0x00, 0x02, 0xF4, 0x3F, 0xC1, 0xFC, 0x00, 0x00, 0x0F, 0xC3, 0xFC, 0x3F, 0x00, 0x00,
    0x00, 0xBF, 0xBF, 0xEF, 0xE0, 0x00, 0x00, 0x0F, 0xFF, 0xFF, 0xFF, 0x40, 0x00, 0x03, 0xFE, 0x7F,
    0xD7, 0xFC, 0x00, 0x00, 0xBF, 0xC3, 0xFC, 0x3F, 0xE0, 0x00, 0x0F, 0xF4, 0x3F, 0xC1, 0xFF, 0x00,
    0x03, 0xFF, 0x03, 0xFC, 0x0F, 0xFC, 0x00, 0xBF, 0xD0, 0x3F, 0xC0, 0x7F, 0xE0, 0x2F, 0xF8, 0x1F,
    0xFF, 0x82, 0xFF, 0x87, 0xFF, 0x02, 0xFF, 0xF4, 0x0B, 0xFD, 0x05, 0x40, 0x00, 0x00, 0x00, 0x05,
    0x00, 0x00, 0x16, 0x90, 0x00, 0x2F, 0xFF, 0xF0, 0x0F, 0xFF, 0xFF, 0xC2, 0xFD, 0x4B, 0xFD, 0x1E,
    0x00, 0x3F, 0xD0, 0x00, 0x03, 0xFC, 0x00, 0x00, 0x7F, 0x80, 0x07, 0xFF, 0xF0, 0x00, 0x7F, 0xFF,
    0x80, 0x01, 0x5B, 0xFE, 0x00, 0x00, 0x2F, 0xF1, 0xE0, 0x01, 0xFF, 0x3F, 0x40, 0x2F, 0xF3, 0xFE,
    0x5B, 0xFD, 0x3F, 0xFF, 0xFF, 0x40, 0xBF, 0xFF, 0x90, 0x00, 0x15, 0x40, 0x00, 0x00, 0x00, 0x00,
    0x00, 0x03, 0xFF, 0xFC, 0x2F, 0xFF, 0xCF, 0xFF, 0xE0, 0x7F, 0xFF, 0x07, 0xFD, 0x00, 0x3F, 0xC0,
    0x0F, 0xF4, 0x01, 0xFF, 0x00, 0x3F, 0xD0, 0x1F, 0xFC, 0x00, 0xFF, 0x41, 0xFF, 0xF0, 0x03, 0xFD,
    0x2F, 0xFF, 0xC0, 0x0F, 0xF6, 0xF8, 0xFF, 0x00, 0x3F, 0xFF, 0x83, 0xFC, 0x00, 0xFF, 0xF8, 0x0F,
    0xF0, 0x03, 0xFF, 0x80, 0x3F, 0xC0, 0x0F, 0xF8, 0x00, 0xFF, 0x00, 0x3F, 0xD0, 0x07, 0xFD, 0x0B,
    0xFF, 0xE0, 0x7F, 0xFF, 0x3F, 0xFF, 0x82, 0xFF, 0xFC, 0x00, 0x10, 0x00, 0x40, 0x00, 0x03, 0xF0,
    0x0F, 0xC0, 0x00, 0x0F, 0xD0, 0x3F, 0x00, 0x00, 0x3F, 0xD3, 0xFC, 0x00, 0x00, 0x3F, 0xFF, 0xD0,
    0x00, 0x00, 0x1B, 0xE8, 0x00, 0x00, 0x00, 0x00, 0x00, 0x00, 0x00, 0x00, 0x00, 0x00, 0x00, 0xFF,
    0xFF, 0x0B, 0xFF, 0xF3, 0xFF, 0xF8, 0x1F, 0xFF, 0xC1, 0xFF, 0x40, 0x0F, 0xF0, 0x03, 0xFD, 0x00,
    0x7F, 0xC0, 0x0F, 0xF4, 0x07, 0xFF, 0x00, 0x3F, 0xD0, 0x7F, 0xFC, 0x00, 0xFF, 0x4B, 0xFF, 0xF0,
    0x03, 0xFD, 0xBE, 0x3F, 0xC0, 0x0F, 0xFF, 0xE0, 0xFF, 0x00, 0x3F, 0xFE, 0x03, 0xFC, 0x00, 0xFF,
    0xE0, 0x0F, 0xF0, 0x03, 0xFE, 0x00, 0x3F, 0xC0, 0x0F, 0xF4, 0x01, 0xFF, 0x42, 0xFF, 0xF8, 0x1F,
    0xFF, 0xCF, 0xFF, 0xE0, 0xBF, 0xFF, 0x00, 0x00, 0x00, 0x00, 0x14, 0x0F, 0xFF, 0xF0, 0x1F, 0xF0,
    0xFF, 0xFE, 0x03, 0xFF, 0x01, 0xFF, 0x40, 0xFF, 0xF0, 0x0F, 0xF4, 0x1F, 0xD0, 0x00, 0xFF, 0x43,
    0xF4, 0x00, 0x0F, 0xF4, 0x7E, 0x00, 0x00, 0xFF, 0xEF, 0xC0, 0x00, 0x0F, 0xFF, 0xFF, 0x00, 0x00,
    0xFF, 0x5F, 0xF4, 0x00, 0x0F, 0xF4, 0x7F, 0xC0, 0x00, 0xFF, 0x43, 0xFE, 0x00, 0x0F, 0xF4, 0x1F,
    0xF4, 0x00, 0xFF, 0x40, 0xFF, 0xC0, 0xBF, 0xFF, 0x03, 0xFF, 0x0F, 0xFF, 0xE0, 0x1F, 0xF8, 0x00,
    0x00, 0x00, 0x14, 0x00, 0x00, 0x00, 0x00, 0x00, 0x00, 0x3F, 0xFF, 0xFF, 0xFE, 0x03, 0xFF, 0xFF,
    0xFF, 0xD0, 0x07, 0xF9, 0x7F, 0xE0, 0x00, 0x2F, 0x02, 0xFE, 0x00, 0x02, 0xF0, 0x2F, 0xE0, 0x00,
    0x3F, 0x02, 0xFE, 0x00, 0x03, 0xF0, 0x2F, 0xE0, 0x00, 0x3F, 0x02, 0xFE, 0x00, 0x07, 0xE0, 0x2F,
    0xE0, 0x00, 0xBD, 0x02, 0xFE, 0x00, 0x0F, 0xC0, 0x2F, 0xE0, 0x3A, 0xFC, 0x02, 0xFE, 0x0B, 0xFF,
    0x40, 0x3F, 0xF4, 0xBF, 0xF0, 0x3F, 0xFF, 0xE7, 0xFC, 0x07, 0xFF, 0xFE, 0x05, 0x00, 0x00, 0x00,
    0x00, 0x00, 0x00, 0x00, 0x00, 0x00, 0x2F, 0xFF, 0x00, 0x03, 0xFF, 0xEB, 0xFF, 0xE0, 0x02, 0xFF,
    0xF4, 0x3F, 0xFC, 0x00, 0xFF, 0xF0, 0x0F, 0xFF, 0x40, 0xBF, 0xF8, 0x03, 0xFF, 0xF0, 0x3F, 0xFE,
    0x00, 0xFD, 0xFC, 0x2F, 0x7F, 0x80, 0x3F, 0x7F, 0x8F, 0x8F, 0xE0, 0x0F, 0xD7, 0xFB, 0xC3, 0xF8,
    0x03, 0xF4, 0xFF, 0xF0, 0xFE, 0x00, 0xFD, 0x2F, 0xF4, 0x3F, 0x80, 0x3F, 0x43, 0xFC, 0x0F, 0xE0,
    0x0F, 0xD0, 0xBD, 0x03, 0xF8, 0x03, 0xF4, 0x09, 0x01, 0xFF, 0x0B, 0xFF, 0xC0, 0x03, 0xFF, 0xFB,
    0xFF, 0xF0, 0x01, 0xFF, 0xFE, 0x00, 0x00, 0x00, 0x00, 0x03, 0xFF, 0xFC, 0x2F, 0xFF, 0xCF, 0xFF,
    0xE0, 0xBF, 0xFF, 0x07, 0xFD, 0x00, 0x3F, 0xD0, 0x0F, 0xF4, 0x00, 0xFF, 0x00, 0x3F, 0xD0, 0x03,
    0xFC, 0x00, 0xFF, 0x40, 0x0F, 0xF0, 0x03, 0xFF, 0xFF, 0xFF, 0xC0, 0x0F, 0xFF, 0xFF, 0xFF, 0x00,
    0x3F, 0xEA, 0xAB, 0xFC, 0x00, 0xFF, 0x40, 0x0F, 0xF0, 0x03, 0xFD, 0x00, 0x3F, 0xC0, 0x0F, 0xF4,
    0x00, 0xFF, 0x00, 0x3F, 0xE0, 0x03, 0xFE, 0x0B, 0xFF, 0xF0, 0x7F, 0xFF, 0x3F, 0xFF, 0xC2, 0xFF,
    0xFC, 0x00, 0x05, 0x94, 0x00, 0x01, 0xFF, 0xFF, 0x80, 0x07, 0xFF, 0xFF, 0xE0, 0x1F, 0xF9, 0xBF,
    0xF4, 0x3F, 0xE0, 0x0F, 0xFC, 0x7F, 0xC0, 0x0B, 0xFC, 0xBF, 0xC0, 0x07, 0xFD, 0xFF, 0xC0, 0x07,
    0xFD, 0xFF, 0x80, 0x03, 0xFD, 0xFF, 0xC0, 0x07, 0xFD, 0xFF, 0xC0, 0x07, 0xFC, 0xBF, 0xC0, 0x0B,
    0xFC, 0x7F, 0xF0, 0x0F, 0xF4, 0x3F, 0xFE, 0xBF, 0xF0, 0x0F, 0xFF, 0xFF, 0xC0, 0x02, 0xFF, 0xFD,
    0x00, 0x00, 0x15, 0x40, 0x00, 0x00, 0x00, 0x00, 0x00, 0x03, 0xFF, 0xFF, 0xFF, 0xFF, 0xCF, 0xFF,
    0xFF, 0xFF, 0xFF, 0x07, 0xFF, 0x96, 0xBF, 0xC0, 0x0F, 0xF8, 0x01, 0xFF, 0x00, 0x3F, 0xE0, 0x07,
    0xFC, 0x00, 0xFF, 0x80, 0x1F, 0xF0, 0x03, 0xFE, 0x00, 0x7F, 0xC0, 0x0F, 0xF8, 0x01, 0xFF, 0x00,
    0x3F, 0xE0, 0x07, 0xFC, 0x00, 0xFF, 0x80, 0x1F, 0xF0, 0x03, 0xFE, 0x00, 0x7F, 0xC0, 0x0F, 0xF8,
    0x01, 0xFF, 0x00, 0x3F, 0xE0, 0x07, 0xFD, 0x0B, 0xFF, 0xF0, 0xBF, 0xFF, 0x3F, 0xFF, 0xC3, 0xFF,
    0xFC, 0x00, 0x54, 0x06, 0x40, 0x03, 0xFF, 0x8F, 0xFF, 0xC0, 0xBF, 0xFF, 0xFF, 0xFF, 0x06, 0xFF,
    0xFF, 0xFF, 0xF4, 0x07, 0xFE, 0x02, 0xFF, 0x80, 0x7F, 0xC0, 0x0F, 0xFC, 0x07, 0xFC, 0x00, 0xBF,
    0xC0, 0x7F, 0xC0, 0x0B, 0xFC, 0x07, 0xFC, 0x00, 0xBF, 0xC0, 0x7F, 0xC0, 0x0B, 0xFC, 0x07, 0xFC,
    0x00, 0xBF, 0x80, 0x7F, 0xC0, 0x0F, 0xF4, 0x07, 0xFC, 0x02, 0xFF, 0x00, 0x7F, 0xFA, 0xFF, 0xD0,
    0x07, 0xFF, 0xFF, 0xF8, 0x00, 0x7F, 0xFF, 0xFD, 0x00, 0x07, 0xFD, 0x54, 0x00, 0x00, 0x7F, 0xC0,
    0x00, 0x00, 0x07, 0xFC, 0x00, 0x00, 0x00, 0x7F, 0xC0, 0x00, 0x00, 0x1F, 0xFF, 0x80, 0x00, 0x07,
    0xFF, 0xFE, 0x00, 0x00, 0x2A, 0xAA, 0x90, 0x00, 0x00, 0x00, 0x05, 0x90, 0x00, 0x0F, 0xFF, 0xE0,
    0x07, 0xFF, 0xFF, 0x81, 0xFF, 0x9F, 0xFC, 0x3F, 0xD0, 0x3F, 0xC7, 0xFC, 0x03, 0xF4, 0xBF, 0x80,
    0x14, 0x0F, 0xF8, 0x00, 0x00, 0xFF, 0x80, 0x00, 0x0F, 0xF8, 0x00, 0x00, 0xFF, 0xC0, 0x00, 0x0B,
    0xFE, 0x00, 0x00, 0x7F, 0xF8, 0x00, 0x83, 0xFF, 0xFF, 0xFC, 0x0F, 0xFF, 0xFF, 0xC0, 0x2F, 0xFF,
    0xE0, 0x00, 0x15, 0x50, 0x00, 0x00, 0x00, 0x00, 0x00, 0x0F, 0xFF, 0xFF, 0xFF, 0xF3, 0xFF, 0xFF,
    0xFF, 0xFC, 0xFE, 0xAF, 0xFA, 0xBF, 0x3F, 0x07, 0xFC, 0x1F, 0xCF, 0xC1, 0xFF, 0x03, 0xE3, 0xF0,
    0x7F, 0xC0, 0xF4, 0x00, 0x1F, 0xF0, 0x00, 0x00, 0x07, 0xFC, 0x00, 0x00, 0x01, 0xFF, 0x00, 0x00,
    0x00, 0x7F, 0xC0, 0x00, 0x00, 0x1F, 0xF0, 0x00, 0x00, 0x07, 0xFC, 0x00, 0x00, 0x02, 0xFF, 0x40,
    0x00, 0x07, 0xFF, 0xFE, 0x00, 0x02, 0xFF, 0xFF, 0x40, 0x00, 0x00, 0x00, 0x00, 0x01, 0xFF, 0xFF,
    0x47, 0xFF, 0xE7, 0xFF, 0xFC, 0x0F, 0xFF, 0x43, 0xFF, 0x80, 0x0F, 0xF0, 0x07, 0xFE, 0x00, 0x3F,
    0x80, 0x0F, 0xFC, 0x01, 0xFC, 0x00, 0x1F, 0xF4, 0x0F, 0xF0, 0x00, 0x3F, 0xE0, 0x3F, 0x40, 0x00,
    0x7F, 0xC2, 0xFC, 0x00, 0x00, 0xFF, 0x0F, 0xD0, 0x00, 0x02, 0xFE, 0x7F, 0x00, 0x00, 0x03, 0xFF,
    0xF8, 0x00, 0x00, 0x0B, 0xFF, 0xC0, 0x00, 0x00, 0x1F, 0xFE, 0x00, 0x00, 0x00, 0x3F, 0xF0, 0x00,
    0x00, 0x00, 0x7F, 0x80, 0x00, 0x00, 0x01, 0xFC, 0x00, 0x00, 0x00, 0x0F, 0xE0, 0x00, 0x03, 0x40,
    0xFF, 0x00, 0x00, 0x2F, 0xFF, 0xF0, 0x00, 0x00, 0xFF, 0xFF, 0x40, 0x00, 0x02, 0xFF, 0xF0, 0x00,
    0x00, 0x02, 0xF9, 0x00, 0x00, 0x00, 0x00, 0x00, 0x00, 0x05, 0x00, 0x00, 0x00, 0x02, 0xFF, 0xD0,
    0x00, 0x00, 0x01, 0xFF, 0xF4, 0x00, 0x00, 0x00, 0x1B, 0xFD, 0x00, 0x00, 0x00, 0x00, 0xBF, 0x40,
    0x00, 0x00, 0x00, 0x2F, 0xD0, 0x00, 0x00, 0x00, 0x0B, 0xF4, 0x00, 0x00, 0x00, 0x03, 0xFE, 0x00,
    0x00, 0x00, 0x6F, 0xFF, 0xFE, 0x40, 0x00, 0xFF, 0xFF, 0xFF, 0xFC, 0x00, 0xFF, 0xEF, 0xFA, 0xFF,
    0xC0, 0xFF, 0x82, 0xFD, 0x1F, 0xFC, 0x7F, 0xC0, 0xBF, 0x41, 0xFF, 0x2F, 0xE0, 0x2F, 0xD0, 0x3F,
    0xDF, 0xF4, 0x0B, 0xF4, 0x0F, 0xFB, 0xFD, 0x02, 0xFD, 0x03, 0xFE, 0xFF, 0x80, 0xBF, 0x40, 0xFF,
    0xBF, 0xE0, 0x2F, 0xD0, 0x3F, 0xD7, 0xFC, 0x0B, 0xF4, 0x1F, 0xF0, 0xFF, 0xC2, 0xFD, 0x1F, 0xF4,
    0x1F, 0xFE, 0xFF, 0xBF, 0xF8, 0x01, 0xFF, 0xFF, 0xFF, 0xF4, 0x00, 0x06, 0xFF, 0xFF, 0xD0, 0x00,
    0x00, 0x02, 0xFD, 0x00, 0x00, 0x00, 0x00, 0xBF, 0x40, 0x00, 0x00, 0x00, 0x2F, 0xD0, 0x00, 0x00,
    0x00, 0x0B, 0xF4, 0x00, 0x00, 0x00, 0x1B, 0xFF, 0xD0, 0x00, 0x00, 0x1F, 0xFF, 0xFC, 0x00, 0x00,
    0x02, 0xAA, 0xA9, 0x00, 0x00, 0x00, 0x00, 0x00, 0x00, 0x03, 0xFF, 0xF8, 0x7F, 0xFD, 0x3F, 0xFF,
    0x42, 0xFF, 0x80, 0x7F, 0xE0, 0x2F, 0xD0, 0x01, 0xFF, 0x43, 0xF4, 0x00, 0x07, 0xFC, 0xFD, 0x00,
    0x00, 0x2F, 0xFF, 0x80, 0x00, 0x00, 0xBF, 0xF0, 0x00, 0x00, 0x03, 0xFD, 0x00, 0x00, 0x00, 0xFF,
    0xF4, 0x00, 0x00, 0x3F, 0xFF, 0xC0, 0x00, 0x0B, 0xF1, 0xFF, 0x00, 0x02, 0xFD, 0x0F, 0xFC, 0x00,
    0xBF, 0x80, 0x3F, 0xF0, 0x3F, 0xFE, 0x0F, 0xFF, 0xEB, 0xFF, 0xE1, 0xFF, 0xFE, 0x00, 0x00, 0x00,
    0x00, 0x03, 0xFF, 0xFC, 0x3F, 0xFF, 0xCF, 0xFF, 0xF0, 0xFF, 0xFE, 0x07, 0xFE, 0x00, 0xBF, 0xC0,
    0x0F, 0xF8, 0x02, 0xFF, 0x00, 0x3F, 0xE0, 0x0B, 0xFC, 0x00, 0xFF, 0x80, 0x2F, 0xF0, 0x03, 0xFE,
    0x00, 0xBF, 0xC0, 0x0F, 0xF8, 0x02, 0xFF, 0x00, 0x3F, 0xE0, 0x0B, 0xFC, 0x00, 0xFF, 0x80, 0x2F,
    0xF0, 0x03, 0xFE, 0x00, 0xBF, 0xC0, 0x0F, 0xF8, 0x02, 0xFF, 0x00, 0x3F, 0xFA, 0xAF, 0xFD, 0x4B,
    0xFF, 0xFF, 0xFF, 0xFF, 0xFF, 0xFF, 0xFF, 0xFF, 0xFF, 0x00, 0x00, 0x00, 0x07, 0xF8, 0x00, 0x00,
    0x00, 0x0F, 0xD0, 0x00, 0x00, 0x00, 0x3F, 0x40, 0x00, 0x00, 0x00, 0xBC, 0x00, 0x00, 0x00, 0x01,
    0xF0, 0x00, 0x00, 0x00, 0x00, 0x00, 0x00, 0x00, 0x00, 0x00, 0x0B, 0xFF, 0xF1, 0xFF, 0xFE, 0xBF,
    0xFF, 0x1F, 0xFF, 0xD0, 0xFF, 0x80, 0x3F, 0xE0, 0x0B, 0xF8, 0x03, 0xFD, 0x00, 0xBF, 0x80, 0x3F,
    0xD0, 0x0B, 0xFC, 0x03, 0xFD, 0x00, 0x7F, 0xD0, 0x3F, 0xD0, 0x03, 0xFF, 0xFF, 0xFD, 0x00, 0x1F,
    0xFF, 0xFF, 0xD0, 0x00, 0x1A, 0xA7, 0xFD, 0x00, 0x00, 0x00, 0x3F, 0xD0, 0x00, 0x00, 0x03, 0xFD,
    0x00, 0x00, 0x00, 0x3F, 0xE0, 0x00, 0x00, 0xBF, 0xFF, 0xD0, 0x00, 0x0F, 0xFF, 0xFD, 0x00, 0x00,
    0x00, 0x00, 0x00, 0x00, 0x3F, 0xFF, 0x8F, 0xFF, 0x8F, 0xFF, 0xEF, 0xFF, 0xD3, 0xFF, 0xD3, 0xFF,
    0xF4, 0x7F, 0xD0, 0x3F, 0xD0, 0x2F, 0xE0, 0x0F, 0xF0, 0x0F, 0xF4, 0x0B, 0xF4, 0x03, 0xFC, 0x03,
    0xFD, 0x02, 0xFD, 0x00, 0xFF, 0x00, 0xFF, 0x40, 0xBF, 0x40, 0x3F, 0xC0, 0x3F, 0xD0, 0x2F, 0xD0,
    0x0F, 0xF0, 0x0F, 0xF4, 0x0B, 0xF4, 0x03, 0xFC, 0x03, 0xFD, 0x02, 0xFD, 0x00, 0xFF, 0x00, 0xFF,
    0x40, 0xBF, 0x40, 0x3F, 0xC0, 0x3F, 0xD0, 0x2F, 0xD0, 0x0F, 0xF0, 0x0F, 0xF4, 0x0B, 0xF4, 0x03,
    0xFE, 0xAB, 0xFE, 0xAB, 0xFE, 0x0B, 0xFF, 0xFF, 0xFF, 0xFF, 0xFF, 0xF7, 0xFF, 0xFF, 0xFF, 0xFF,
    0xFF, 0xFD, 0x00, 0x00, 0x00, 0x00, 0x00, 0x00, 0x0F, 0xFF, 0xE3, 0xFF, 0xE3, 0xFF, 0xF8, 0xFF,
    0xFD, 0x3F, 0xFD, 0x3F, 0xFF, 0x41, 0xFF, 0x40, 0xFF, 0x40, 0xBF, 0x80, 0x0F, 0xF0, 0x0F, 0xF4,
    0x0B, 0xF4, 0x00, 0xFF, 0x00, 0xFF, 0x40, 0xBF, 0x40, 0x0F, 0xF0, 0x0F, 0xF4, 0x0B, 0xF4, 0x00,
    0xFF, 0x00, 0xFF, 0x40, 0xBF, 0x40, 0x0F, 0xF0, 0x0F, 0xF4, 0x0B, 0xF4, 0x00, 0xFF, 0x00, 0xFF,
    0x40, 0xBF, 0x40, 0x0F, 0xF0, 0x0F, 0xF4, 0x0B, 0xF4, 0x00, 0xFF, 0x00, 0xFF, 0x40, 0xBF, 0x40,
    0x0F, 0xF0, 0x0F, 0xF4, 0x0B, 0xF4, 0x00, 0xFF, 0xAA, 0xFF, 0xAA, 0xFF, 0xD0, 0xBF, 0xFF, 0xFF,
    0xFF, 0xFF, 0xFF, 0xDF, 0xFF, 0xFF, 0xFF, 0xFF, 0xFF, 0xFD, 0x00, 0x00, 0x00, 0x00, 0x00, 0x2F,
    0xC0, 0x00, 0x00, 0x00, 0x00, 0x01, 0xFC, 0x00, 0x00, 0x00, 0x00, 0x00, 0x0F, 0xC0, 0x00, 0x00,
    0x00, 0x00, 0x00, 0xF8, 0x00, 0x00, 0x00, 0x00, 0x00, 0x0B, 0x40, 0x00, 0x00, 0x00, 0x00, 0x00,
    0x10, 0x00, 0x00, 0x00, 0x00, 0x00, 0xFF, 0xFF, 0xFF, 0x00, 0x03, 0xFF, 0xFF, 0xFC, 0x00, 0x0F,
    0xEA, 0xFF, 0x00, 0x00, 0x3F, 0x07, 0xFC, 0x00, 0x00, 0xF8, 0x1F, 0xF0, 0x00, 0x02, 0xE0, 0x7F,
    0xEA, 0x90, 0x00, 0x01, 0xFF, 0xFF, 0xF0, 0x00, 0x07, 0xFF, 0xFF, 0xF0, 0x00, 0x1F, 0xF0, 0x3F,
    0xD0, 0x00, 0x7F, 0xC0, 0xBF, 0x40, 0x01, 0xFF, 0x02, 0xFD, 0x00, 0x07, 0xFC, 0x0F, 0xF4, 0x00,
    0x2F, 0xF5, 0xBF, 0xC0, 0x0B, 0xFF, 0xFF, 0xFD, 0x00, 0x3F, 0xFF, 0xFF, 0x80, 0x00, 0x00, 0x00,
    0x00, 0x00, 0x00, 0x00, 0x00, 0x00, 0x00, 0x00, 0xFF, 0xFF, 0x80, 0x03, 0xFF, 0xFD, 0xFF, 0xFF,
    0x40, 0x03, 0xFF, 0xFC, 0x1F, 0xF8, 0x00, 0x00, 0x7F, 0xD0, 0x0F, 0xF4, 0x00, 0x00, 0x3F, 0xD0,
    0x0F, 0xF4, 0x00, 0x00, 0x3F, 0xD0, 0x0F, 0xFA, 0xA4, 0x00, 0x3F, 0xD0, 0x0F, 0xFF, 0xFF, 0x80,
    0x3F, 0xD0, 0x0F, 0xFF, 0xFF, 0xD0, 0x3F, 0xD0, 0x0F, 0xF4, 0x2F, 0xF0, 0x3F, 0xD0, 0x0F, 0xF4,
    0x0F, 0xF0, 0x3F, 0xD0, 0x0F, 0xF4, 0x0F, 0xF0, 0x3F, 0xD0, 0x0F, 0xF4, 0x1F, 0xF0, 0x3F, 0xD0,
    0x0F, 0xF9, 0xBF, 0xD0, 0x7F, 0xE0, 0xBF, 0xFF, 0xFF, 0x83, 0xFF, 0xFD, 0xFF, 0xFF, 0xF9, 0x03,
    0xFF, 0xFD, 0x00, 0x00, 0x00, 0x00, 0x00, 0x00, 0x00, 0x00, 0x00, 0x03, 0xFF, 0xFE, 0x00, 0x0F,
    0xFF, 0xF4, 0x00, 0x07, 0xFE, 0x00, 0x00, 0x0F, 0xF4, 0x00, 0x00, 0x3F, 0xD0, 0x00, 0x00, 0xFF,
    0xAA, 0x90, 0x03, 0xFF, 0xFF, 0xE0, 0x0F, 0xFF, 0xFF, 0xE0, 0x3F, 0xD0, 0x7F, 0xC0, 0xFF, 0x40,
    0xFF, 0x03, 0xFD, 0x03, 0xFC, 0x0F, 0xF4, 0x0F, 0xF0, 0x3F, 0xE6, 0xFF, 0x8B, 0xFF, 0xFF, 0xF8,
    0x3F, 0xFF, 0xFE, 0x40, 0x00, 0x00, 0x00, 0x00, 0x00, 0x16, 0x50, 0x00, 0x0B, 0xFF, 0xF8, 0x00,
    0xFF, 0xFF, 0xFC, 0x0B, 0xF9, 0x6F, 0xFC, 0x1E, 0x00, 0x1F, 0xF0, 0x00, 0x00, 0x3F, 0xE0, 0x00,
    0x00, 0xFF, 0x80, 0x1F, 0xFF, 0xFE, 0x00, 0x7F, 0xFF, 0xF8, 0x00, 0x55, 0x7F, 0xE0, 0x00, 0x00,
    0xFF, 0x43, 0x80, 0x03, 0xFC, 0x3F, 0x40, 0x2F, 0xF0, 0xFF, 0x96, 0xFF, 0x03, 0xFF, 0xFF, 0xF4,
    0x02, 0xFF, 0xFE, 0x00, 0x00, 0x15, 0x40, 0x00, 0x00, 0x00, 0x00, 0x01, 0xA4, 0x00, 0xFF, 0xFF,
    0x00, 0x7F, 0xFF, 0x80, 0xFF, 0xFE, 0x01, 0xFF, 0xFF, 0xF0, 0x1F, 0xF4, 0x07, 0xFE, 0x7F, 0xF8,
    0x0F, 0xF4, 0x0F, 0xF4, 0x0F, 0xFC, 0x0F, 0xF4, 0x1F, 0xF0, 0x07, 0xFD, 0x0F, 0xF4, 0x2F, 0xE0,
    0x03, 0xFE, 0x0F, 0xFF, 0xFF, 0xE0, 0x03, 0xFE, 0x0F, 0xFF, 0xFF, 0xE0, 0x03, 0xFE, 0x0F, 0xFA,
    0xBF, 0xE0, 0x03, 0xFE, 0x0F, 0xF4, 0x3F, 0xF0, 0x03, 0xFD, 0x0F, 0xF4, 0x2F, 0xF0, 0x03, 0xFC,
    0x0F, 0xF4, 0x1F, 0xF8, 0x0B, 0xF8, 0x0F, 0xF8, 0x0F, 0xFF, 0xAF, 0xF0, 0xBF, 0xFF, 0x03, 0xFF,
    0xFF, 0xC0, 0xFF, 0xFF, 0x00, 0xBF, 0xFE, 0x00, 0x00, 0x00, 0x00, 0x05, 0x50, 0x00, 0x00, 0x00,
    0x00, 0x00, 0x00, 0x0B, 0xFF, 0xFF, 0xE0, 0x1F, 0xFF, 0xFF, 0xF4, 0x0F, 0xF9, 0x2F, 0xE0, 0x0B,
    0xF8, 0x0B, 0xF8, 0x02, 0xFE, 0x02, 0xFE, 0x00, 0xBF, 0xC0, 0xBF, 0x80, 0x0F, 0xFD, 0x2F, 0xE0,
    0x01, 0xFF, 0xFF, 0xF8, 0x00, 0x0F, 0xFF, 0xFE, 0x00, 0x07, 0xF8, 0xBF, 0x80, 0x03, 0xFC, 0x2F,
    0xE0, 0x02, 0xFE, 0x0B, 0xF8, 0x02, 0xFF, 0x02, 0xFF, 0x42, 0xFF, 0x43, 0xFF, 0xF9, 0xFF, 0x80,
    0xFF, 0xFE, 0x05, 0x00, 0x00, 0x00, 0x00, 0x00, 0x00, 0x00, 0x00, 0x0B, 0x00, 0x00, 0x02, 0xF8,
    0x00, 0x00, 0x2F, 0xD0, 0x00, 0x00, 0xFF, 0x00, 0x00, 0x02, 0xFC, 0x00, 0x00, 0x07, 0xC0, 0x00,
    0x00, 0x00, 0x00, 0x00, 0x00, 0x00, 0x00, 0x00, 0x65, 0x00, 0x01, 0xFF, 0xFE, 0x00, 0xBF, 0xFF,
    0xF8, 0x1F, 0xF5, 0xBF, 0xC3, 0xFC, 0x03, 0xFE, 0x7F, 0x80, 0x2F, 0xEB, 0xF8, 0x02, 0xFE, 0xFF,
    0xFF, 0xFF, 0xEF, 0xFF, 0xFF, 0xFE, 0xFF, 0x95, 0x55, 0x4F, 0xF4, 0x00, 0x00, 0xBF, 0xC0, 0x00,
    0x07, 0xFE, 0x00, 0x04, 0x3F, 0xFF, 0xFF, 0xD1, 0xFF, 0xFF, 0xFC, 0x02, 0xFF, 0xFF, 0x40, 0x00,
    0x55, 0x00, 0x00, 0x00, 0x00, 0x00, 0x7F, 0x07, 0xF0, 0x0F, 0xF4, 0xFF, 0x80, 0xFF, 0x4B, 0xF4,
    0x02, 0xD0, 0x2E, 0x00, 0x00, 0x00, 0x00, 0x00, 0x00, 0x00, 0x00, 0x00, 0x65, 0x00, 0x01, 0xFF,
    0xFE, 0x00, 0xBF, 0xFF, 0xF8, 0x1F, 0xF5, 0xBF, 0xC3, 0xFC, 0x03, 0xFE, 0x7F, 0x80, 0x2F, 0xEB,
    0xF8, 0x02, 0xFE, 0xFF, 0xFF, 0xFF, 0xEF, 0xFF, 0xFF, 0xFE, 0xFF, 0x95, 0x55, 0x4F, 0xF4, 0x00,
    0x00, 0xBF, 0xC0, 0x00, 0x07, 0xFE, 0x00, 0x04, 0x3F, 0xFF, 0xFF, 0xD1, 0xFF, 0xFF, 0xFC, 0x02,
    0xFF, 0xFF, 0x40, 0x00, 0x55, 0x00, 0x00, 0x14, 0x00, 0x00, 0x02, 0xFF, 0xD0, 0x00, 0x00, 0xFF,
    0xFD, 0x00, 0x00, 0x06, 0xBF, 0xD0, 0x00, 0x00, 0x07, 0xFD, 0x00, 0x00, 0x0B, 0xFF, 0xFF, 0xF0,
    0x00, 0xBF, 0xFF, 0xFE, 0x00, 0x00, 0x7F, 0xD0, 0x00, 0x00, 0x07, 0xFC, 0x00, 0x00, 0x00, 0x7F,
    0xC2, 0xFF, 0x40, 0x07, 0xFE, 0xFF, 0xFE, 0x00, 0x7F, 0xFF, 0xFF, 0xF0, 0x07, 0xFF, 0xD7, 0xFF,
    0x40, 0x7F, 0xE0, 0x0F, 0xF8, 0x07, 0xFD, 0x00, 0xFF, 0xC0, 0x7F, 0xD0, 0x0F, 0xFC, 0x07, 0xFD,
    0x00, 0xBF, 0xC0, 0x7F, 0xD0, 0x0B, 0xFC, 0x07, 0xFD, 0x00, 0xBF, 0xC0, 0x7F, 0xD0, 0x0B, 0xFC,
    0x07, 0xFD, 0x00, 0xBF, 0xC3, 0xFF, 0xFC, 0x0F, 0xF8, 0x7F, 0xFF, 0x80, 0xFF, 0x40, 0x00, 0x00,
    0x0F, 0xF0, 0x00, 0x00, 0x01, 0xFF, 0x00, 0x00, 0x00, 0x3F, 0xD0, 0x00, 0x00, 0x1F, 0xFC, 0x00,
    0x00, 0x7F, 0xFF, 0x00, 0x00, 0x07, 0xFF, 0xC0, 0x00, 0x00, 0x1B, 0x90, 0x00, 0x00, 0x00, 0x00,
    0x00, 0x00, 0x1E, 0x00, 0x00, 0x03, 0xF0, 0x00, 0x00, 0xBF, 0x00, 0x00, 0x0F, 0xE0, 0x00, 0x02,
    0xF8, 0x00, 0x00, 0x1E, 0x00, 0x00, 0x00, 0x40, 0x00, 0x00, 0x00, 0x00, 0x00, 0x00, 0x00, 0x00,
    0xFF, 0xFF, 0xFF, 0xEF, 0xFF, 0xFF, 0xFD, 0x1F, 0xFE, 0xAF, 0xD0, 0xFF, 0x80, 0xFD, 0x0F, 0xF8,
    0x0B, 0xC0, 0xFF, 0x80, 0xBC, 0x0F, 0xF8, 0x01, 0x00, 0xFF, 0x80, 0x00, 0x0F, 0xF8, 0x00, 0x00,
    0xFF, 0x80, 0x00, 0x0F, 0xF8, 0x00, 0x00, 0xFF, 0x80, 0x00, 0x0F, 0xFD, 0x00, 0x0B, 0xFF, 0xFD,
    0x00, 0xFF, 0xFF, 0xD0, 0x00, 0x00, 0x06, 0x94, 0x00, 0x1F, 0xFF, 0xF8, 0x0B, 0xFF, 0xFF, 0xE1,
    0xFF, 0x42, 0xFE, 0x3F, 0xC0, 0x0B, 0xD7, 0xF8, 0x00, 0x24, 0xBF, 0x40, 0x00, 0x0F, 0xFF, 0xFF,
    0x00, 0xFF, 0xFF, 0xF0, 0x0F, 0xFE, 0xAA, 0x00, 0xFF, 0x80, 0x00, 0x0B, 0xFC, 0x00, 0x00, 0x7F,
    0xF0, 0x00, 0x53, 0xFF, 0xFF, 0xFE, 0x1F, 0xFF, 0xFF, 0xD0, 0x2F, 0xFF, 0xF4, 0x00, 0x15, 0x50,
    0x00, 0x00, 0x1A, 0x50, 0x00, 0xFF, 0xFF, 0x80, 0xFF, 0xFF, 0xF0, 0xFF, 0x01, 0xFC, 0x3F, 0xC0,
    0x2F, 0x0F, 0xF4, 0x06, 0x43, 0xFF, 0xE0, 0x00, 0xBF, 0xFF, 0x80, 0x0B, 0xFF, 0xFD, 0x00, 0x7F,
    0xFF, 0xC0, 0x00, 0xBF, 0xF5, 0xF0, 0x03, 0xFD, 0xBE, 0x00, 0xBF, 0x6F, 0xE0, 0x7F, 0xC7, 0xFF,
    0xFF, 0xD0, 0xBF, 0xFF, 0x80, 0x00, 0x55, 0x00, 0x00, 0x00, 0x50, 0x00, 0x3F, 0xE0, 0x07, 0xFF,
    0x00, 0x7F, 0xF0, 0x02, 0xFD, 0x00, 0x00, 0x00, 0x00, 0x00, 0x00, 0x01, 0x40, 0x2F, 0xFE, 0x07,
    0xFF, 0xE0, 0x1B, 0xFE, 0x00, 0x3F, 0xE0, 0x03, 0xFE, 0x00, 0x3F, 0xE0, 0x03, 0xFE, 0x00, 0x3F,
    0xE0, 0x03, 0xFE, 0x00, 0x3F, 0xE0, 0x03, 0xFE, 0x00, 0x3F, 0xE0, 0x07, 0xFF, 0x43, 0xFF, 0xFE,
    0x3F, 0xFF, 0xE0, 0x00, 0x00, 0x01, 0xFC, 0x1F, 0xCF, 0xF4, 0xFF, 0x7F, 0xD3, 0xFD, 0x6D, 0x02,
    0xE0, 0x00, 0x00, 0x00, 0x00, 0x00, 0x00, 0x05, 0x00, 0x2F, 0xFE, 0x01, 0xFF, 0xF8, 0x01, 0xBF,
    0xE0, 0x00, 0xFF, 0x80, 0x03, 0xFE, 0x00, 0x0F, 0xF8, 0x00, 0x3F, 0xE0, 0x00, 0xFF, 0x80, 0x03,
    0xFE, 0x00, 0x0F, 0xF8, 0x00, 0x3F, 0xE0, 0x00, 0xFF, 0x80, 0x07, 0xFF, 0x40, 0xFF, 0xFF, 0x83,
    0xFF, 0xFE, 0x00, 0x00, 0x05, 0x00, 0x03, 0xFC, 0x00, 0xBF, 0xE0, 0x0B, 0xFD, 0x00, 0x3F, 0xC0,
    0x00, 0x00, 0x00, 0x00, 0x00, 0x00, 0x54, 0x07, 0xFF, 0xC0, 0xBF, 0xFC, 0x02, 0xFF, 0xC0, 0x07,
    0xFC, 0x00, 0x7F, 0xC0, 0x07, 0xFC, 0x00, 0x7F, 0xC0, 0x07, 0xFC, 0x00, 0x7F, 0xC0, 0x07, 0xFC,
    0x00, 0x7F, 0xC0, 0x07, 0xFC, 0x00, 0x7F, 0xC0, 0x07, 0xFC, 0x00, 0x7F, 0xC0, 0x07, 0xFC, 0x00,
    0xBF, 0x80, 0x1F, 0xF4, 0x07, 0xFF, 0x07, 0xFF, 0xC0, 0x7F, 0xF4, 0x02, 0xE4, 0x00, 0x00, 0x00,
    0x00, 0x00, 0x00, 0x00, 0x0F, 0xFF, 0xFF, 0xFF, 0x00, 0x00, 0x3F, 0xFF, 0xFF, 0xF8, 0x00, 0x00,
    0x1F, 0xE5, 0xFF, 0x00, 0x00, 0x00, 0x2F, 0x03, 0xFC, 0x00, 0x00, 0x00, 0xBC, 0x0F, 0xF0, 0x00,
    0x00, 0x03, 0xF0, 0x3F, 0xEA, 0x90, 0x00, 0x0F, 0xC0, 0xFF, 0xFF, 0xF4, 0x00, 0x3F, 0x03, 0xFE,
    0xBF, 0xF0, 0x01, 0xF8, 0x0F, 0xF0, 0x3F, 0xD0, 0x0B, 0xD0, 0x3F, 0xC0, 0xBF, 0x40, 0x3F, 0x00,
    0xFF, 0x02, 0xFD, 0x3A, 0xFC, 0x03, 0xFC, 0x0F, 0xF6, 0xFF, 0xD0, 0x1F, 0xF5, 0xBF, 0xCB, 0xFF,
    0x02, 0xFF, 0xFF, 0xFD, 0x1F, 0xF0, 0x0F, 0xFF, 0xFF, 0x80, 0x05, 0x00, 0x00, 0x00, 0x00, 0x00,
    0x00, 0x00, 0x00, 0x00, 0x00, 0x00, 0xFF, 0xFF, 0x0F, 0xFF, 0xF0, 0x00, 0xFF, 0xFE, 0x0F, 0xFF,
    0xE0, 0x00, 0x1F, 0xF8, 0x01, 0xFF, 0x00, 0x00, 0x0F, 0xF4, 0x01, 0xFF, 0x00, 0x00, 0x0F, 0xF4,
    0x01, 0xFF, 0x00, 0x00, 0x0F, 0xF4, 0x01, 0xFF, 0xAA, 0x40, 0x0F, 0xFF, 0xFF, 0xFF, 0xFF, 0xF0,
    0x0F, 0xFF, 0xFF, 0xFF, 0xAF, 0xFC, 0x0F, 0xFA, 0xAA, 0xFF, 0x03, 0xFD, 0x0F, 0xF4, 0x01, 0xFF,
    0x02, 0xFD, 0x0F, 0xF4, 0x01, 0xFF, 0x02, 0xFD, 0x0F, 0xF4, 0x01, 0xFF, 0x03, 0xFD, 0x0F, 0xF8,
    0x02, 0xFF, 0x5B, 0xFC, 0xBF, 0xFF, 0x0F, 0xFF, 0xFF, 0xF4, 0xFF, 0xFF, 0x0F, 0xFF, 0xFF, 0x80,
    0x00, 0x00, 0x00, 0x00, 0x00, 0x00, 0x00, 0x14, 0x00, 0x00, 0x00, 0xBF, 0xF4, 0x00, 0x00, 0x0F,
    0xFF, 0xD0, 0x00, 0x00, 0x1A, 0xFF, 0x40, 0x00, 0x00, 0x07, 0xFD, 0x00, 0x00, 0x02, 0xFF, 0xFF,
    0xFC, 0x00, 0x0B, 0xFF, 0xFF, 0xE0, 0x00, 0x01, 0xFF, 0x40, 0x00, 0x00, 0x07, 0xFC, 0x00, 0x00,
    0x00, 0x1F, 0xF0, 0xBF, 0xD0, 0x00, 0x7F, 0xEF, 0xFF, 0xE0, 0x01, 0xFF, 0xFF, 0xFF, 0xC0, 0x07,
    0xFF, 0xD7, 0xFF, 0x80, 0x1F, 0xF8, 0x03, 0xFE, 0x00, 0x7F, 0xD0, 0x0F, 0xF8, 0x01, 0xFF, 0x40,
    0x3F, 0xE0, 0x07, 0xFD, 0x00, 0xFF, 0x80, 0x1F, 0xF4, 0x03, 0xFE, 0x00, 0x7F, 0xD0, 0x0F, 0xF8,
    0x01, 0xFF, 0x40, 0x3F, 0xE0, 0x07, 0xFD, 0x00, 0xFF, 0xD0, 0xFF, 0xFF, 0x0F, 0xFF, 0xE7, 0xFF,
    0xF8, 0x7F, 0xFF, 0x80, 0x00, 0x00, 0x00, 0x00, 0x00, 0x00, 0x01, 0xD0, 0x00, 0x00, 0x00, 0x3F,
    0x00, 0x00, 0x00, 0x0B, 0xF0, 0x00, 0x00, 0x00, 0xFE, 0x00, 0x00, 0x00, 0x2F, 0x80, 0x00, 0x00,
    0x01, 0xE0, 0x00, 0x00, 0x00, 0x04, 0x00, 0x00, 0x00, 0x00, 0x00, 0x00, 0x00, 0x00, 0x00, 0x01,
    0x40, 0xFF, 0xFF, 0x01, 0xFF, 0x0F, 0xFF, 0xE0, 0x3F, 0xF0, 0x1F, 0xF4, 0x0F, 0xFF, 0x00, 0xFF,
    0x41, 0xFD, 0x00, 0x0F, 0xF4, 0x3F, 0x40, 0x00, 0xFF, 0x47, 0xE0, 0x00, 0x0F, 0xFE, 0xFC, 0x00,
    0x00, 0xFF, 0xFF, 0xF0, 0x00, 0x0F, 0xF5, 0xFF, 0x40, 0x00, 0xFF, 0x47, 0xFC, 0x00, 0x0F, 0xF4,
    0x3F, 0xE0, 0x00, 0xFF, 0x41, 0xFF, 0x40, 0x0F, 0xF4, 0x0F, 0xFC, 0x0B, 0xFF, 0xF0, 0x3F, 0xF0,
    0xFF, 0xFE, 0x01, 0xFF, 0x80, 0x00, 0x00, 0x01, 0x40, 0x00, 0x00, 0x00, 0x00, 0x00, 0x00, 0x38,
    0x00, 0x00, 0x00, 0x03, 0xF4, 0x00, 0x00, 0x00, 0x0F, 0xF0, 0x00, 0x00, 0x00, 0x1F, 0xF0, 0x00,
    0x00, 0x00, 0x0F, 0xE0, 0x00, 0x00, 0x00, 0x0B, 0x80, 0x00, 0x00, 0x00, 0x00, 0x00, 0x00, 0x00,
    0x00, 0x00, 0x00, 0x00, 0x00, 0x00, 0x00, 0x00, 0x0F, 0xFF, 0xF0, 0xBF, 0xFF, 0x3F, 0xFF, 0x81,
    0xFF, 0xFC, 0x1F, 0xF4, 0x00, 0xFF, 0x00, 0x3F, 0xD0, 0x07, 0xFC, 0x00, 0xFF, 0x40, 0x7F, 0xF0,
    0x03, 0xFD, 0x07, 0xFF, 0xC0, 0x0F, 0xF4, 0xBF, 0xFF, 0x00, 0x3F, 0xDB, 0xE3, 0xFC, 0x00, 0xFF,
    0xFE, 0x0F, 0xF0, 0x03, 0xFF, 0xE0, 0x3F, 0xC0, 0x0F, 0xFE, 0x00, 0xFF, 0x00, 0x3F, 0xE0, 0x03,
    0xFC, 0x00, 0xFF, 0x40, 0x1F, 0xF4, 0x2F, 0xFF, 0x81, 0xFF, 0xFC, 0xFF, 0xFE, 0x0B, 0xFF, 0xF0,
    0x00, 0x10, 0x00, 0x40, 0x00, 0x03, 0xF0, 0x0F, 0xC0, 0x00, 0x0F, 0xD0, 0x7F, 0x00, 0x00, 0x3F,
    0xC3, 0xFC, 0x00, 0x00, 0x3F, 0xFF, 0xC0, 0x00, 0x00, 0x2B, 0xE8, 0x00, 0x00, 0x00, 0x00, 0x00,
    0x00, 0x00, 0x00, 0x00, 0x00, 0x00, 0x7F, 0xFF, 0xD1, 0xFF, 0xF9, 0xFF, 0xFF, 0x03, 0xFF, 0xD0,
    0xFF, 0xE0, 0x03, 0xFC, 0x01, 0xFF, 0x80, 0x0F, 0xE0, 0x03, 0xFF, 0x00, 0x7F, 0x00, 0x07, 0xFD,
    0x03, 0xFC, 0x00, 0x0F, 0xF8, 0x0F, 0xD0, 0x00, 0x1F, 0xF0, 0xBF, 0x00, 0x00, 0x3F, 0xC3, 0xF4,
    0x00, 0x00, 0xBF, 0x9F, 0xC0, 0x00, 0x00, 0xFF, 0xFE, 0x00, 0x00, 0x02, 0xFF, 0xF0, 0x00, 0x00,
    0x07, 0xFF, 0x80, 0x00, 0x00, 0x0F, 0xFC, 0x00, 0x00, 0x00, 0x1F, 0xE0, 0x00, 0x00, 0x00, 0x7F,
    0x00, 0x00, 0x00, 0x03, 0xF8, 0x00, 0x00, 0xD0, 0x3F, 0xC0, 0x00, 0x0B, 0xFF, 0xFC, 0x00, 0x00,
    0x3F, 0xFF, 0xD0, 0x00, 0x00, 0xBF, 0xFC, 0x00, 0x00, 0x00, 0xBE, 0x40, 0x00, 0x00, 0x00, 0x00,
    0x00, 0x00, 0x00, 0x0F, 0xFF, 0xF0, 0xFF, 0xFF, 0xFF, 0xFF, 0x0F, 0xFF, 0xE1, 0xFF, 0x80, 0x2F,
    0xF0, 0x0F, 0xF8, 0x02, 0xFF, 0x00, 0xFF, 0x80, 0x2F, 0xF0, 0x0F, 0xF8, 0x02, 0xFF, 0x00, 0xFF,
    0x80, 0x2F, 0xF0, 0x0F, 0xF8, 0x02, 0xFF, 0x00, 0xFF, 0x80, 0x2F, 0xF0, 0x0F, 0xF8, 0x02, 0xFF,
    0x00, 0xFF, 0x80, 0x2F, 0xF0, 0x0F, 0xF8, 0x02, 0xFF, 0x00, 0xFF, 0xEA, 0xBF, 0xF4, 0xBF, 0xFF,
    0xFF, 0xFF, 0xFF, 0xFF, 0xFF, 0xFF, 0xFF, 0x00, 0x03, 0xFC, 0x00, 0x00, 0x00, 0x3F, 0x80, 0x00,
    0x00, 0x02, 0xF8, 0x00, 0x00, 0x00, 0x1F, 0x40, 0x00, 0x00, 0x00, 0xF0, 0x00, 0x00, 0x00, 0x06,
    0x00, 0x00, 0x00, 0xAA, 0xAA, 0x90, 0x00, 0x00, 0xFF, 0xFF, 0xD0, 0x00, 0x00, 0x6F, 0xFE, 0x40,
    0x00, 0x00, 0x07, 0xFC, 0x00, 0x00, 0x6A, 0xAB, 0xFE, 0xAA, 0xA0, 0xFF, 0xFF, 0xFF, 0xFF, 0xF0,
    0xFF, 0xFF, 0xFF, 0xFF, 0xF0, 0xFC, 0x07, 0xFC, 0x03, 0xF0, 0xFC, 0x07, 0xFC, 0x03, 0xF0, 0xF8,
    0x07, 0xFC, 0x03, 0xE0, 0x10, 0x07, 0xFC, 0x01, 0x40, 0x00, 0x07, 0xFD, 0x50, 0x00, 0x00, 0x07,
    0xFF, 0xFF, 0x90, 0x00, 0x07, 0xFF, 0xFF, 0xF8, 0x00, 0x07, 0xFD, 0x6F, 0xFD, 0x00, 0x07, 0xFC,
    0x03, 0xFF, 0x00, 0x07, 0xFC, 0x02, 0xFF, 0x00, 0x07, 0xFC, 0x01, 0xFF, 0x00, 0x07, 0xFC, 0x02,
    0xFF, 0x00, 0x07, 0xFC, 0x07, 0xFD, 0x00, 0x1F, 0xFF, 0xFF, 0xFC, 0x00, 0xFF, 0xFF, 0xFF, 0xE0,
    0x00, 0xFF, 0xFF, 0xFE, 0x00, 0x00, 0x00, 0x00, 0x00, 0x00, 0x00, 0x01, 0x60, 0x00, 0x00, 0x02,
    0xFF, 0xD0, 0x00, 0x00, 0x1F, 0xFF, 0x40, 0x00, 0x00, 0x17, 0xFD, 0x00, 0x00, 0x00, 0x0B, 0xF4,
    0x00, 0x00, 0x00, 0x2F, 0xD0, 0x00, 0x03, 0xFF, 0xFF, 0xFF, 0xF4, 0x0F, 0xFF, 0xFF, 0xFF, 0xC0,
    0x3F, 0x5F, 0xF9, 0x7F, 0x00, 0xF4, 0x2F, 0xD0, 0x7C, 0x02, 0xD0, 0xBF, 0x41, 0xE0, 0x00, 0x02,
    0xFD, 0x00, 0x00, 0x00, 0x0B, 0xFE, 0xA8, 0x00, 0x00, 0x2F, 0xFF, 0xFE, 0x00, 0x00, 0xBF, 0xAB,
    0xFE, 0x00, 0x02, 0xFD, 0x07, 0xFC, 0x00, 0x0B, 0xF4, 0x0F, 0xF0, 0x00, 0x2F, 0xD0, 0x7F, 0xC0,
    0x00, 0xFF, 0x47, 0xFD, 0x00, 0x3F, 0xFF, 0xFF, 0xE0, 0x00, 0xFF, 0xFF, 0xF9, 0x00, 0x00, 0x00,
    0x00, 0x00, 0x00, 0x00, 0x00, 0x6A, 0x90, 0x00, 0x00, 0x07, 0xFF, 0xFF, 0x80, 0x00, 0x0B, 0xFF,
    0xFF, 0xFD, 0x00, 0x0F, 0xFF, 0xAB, 0xFF, 0xD0, 0x0B, 0xFD, 0x00, 0x3F, 0xFC, 0x07, 0xFD, 0x00,
    0x03, 0xFF, 0x83, 0xFE, 0x00, 0x00, 0x7F, 0xF0, 0xFF, 0x40, 0x00, 0x0F, 0xFC, 0x7F, 0xC0, 0x00,
    0x02, 0xFF, 0x6F, 0xFA, 0xAA, 0xAA, 0xBF, 0xDB, 0xFF, 0xFF, 0xFF, 0xFF, 0xF7, 0xFF, 0xFF, 0xFF,
    0xFF, 0xFD, 0xFF, 0xC0, 0x00, 0x01, 0xFF, 0x6F, 0xF4, 0x00, 0x00, 0xBF, 0xC7, 0xFE, 0x00, 0x00,
    0x3F, 0xF0, 0xFF, 0xC0, 0x00, 0x0F, 0xF4, 0x3F, 0xF8, 0x00, 0x0B, 0xFC, 0x07, 0xFF, 0x80, 0x0B,
    0xFD, 0x00, 0xBF, 0xFF, 0xBF, 0xFD, 0x00, 0x0B, 0xFF, 0xFF, 0xFD, 0x00, 0x00, 0x7F, 0xFF, 0xF8,
    0x00, 0x00, 0x00, 0x59, 0x40, 0x00, 0x00, 0x00, 0x05, 0x94, 0x00, 0x01, 0xFF, 0xFF, 0x80, 0x07,
    0xFF, 0xFF, 0xE0, 0x1F, 0xF4, 0x2F, 0xF4, 0x3F, 0xC0, 0x0B, 0xFC, 0x7F, 0x80, 0x03, 0xFC, 0xBF,
    0x40, 0x03, 0xFD, 0xFF, 0xAA, 0xAB, 0xFD, 0xFF, 0xFF, 0xFF, 0xFD, 0xFF, 0x95, 0x57, 0xFD, 0xFF,
    0x40, 0x03, 0xFC, 0xBF, 0x80, 0x03, 0xFC, 0x7F, 0xD0, 0x0B, 0xF4, 0x3F, 0xF8, 0x2F, 0xF0, 0x0F,
    0xFF, 0xFF, 0xC0, 0x02, 0xFF, 0xFD, 0x00, 0x00, 0x15, 0x40, 0x00, 0x00, 0x00, 0x00, 0x00, 0x06,
    0x81, 0xFF, 0xFF, 0xD0, 0x00, 0xFF, 0xC7, 0xFF, 0xFF, 0x00, 0x0F, 0xFF, 0x47, 0xFF, 0xD0, 0x00,
    0xBF, 0xFD, 0x07, 0xFF, 0x00, 0x03, 0xFE, 0xB0, 0x0F, 0xFD, 0x00, 0x1F, 0xE0, 0x00, 0x2F, 0xF8,
    0x00, 0xBF, 0x40, 0x00, 0x3F, 0xF0, 0x03, 0xFC, 0x00, 0x00, 0xBF, 0xD0, 0x0F, 0xE0, 0x00, 0x01,
    0xFF, 0x80, 0xBF, 0x00, 0x00, 0x03, 0xFF, 0x03, 0xFC, 0x00, 0x00, 0x0B, 0xFD, 0x0F, 0xE0, 0x00,
    0x00, 0x0F, 0xF8, 0x7F, 0x00, 0x00, 0x00, 0x2F, 0xF2, 0xFC, 0x00, 0x00, 0x00, 0x7F, 0xCF, 0xD0,
    0x00, 0x00, 0x00, 0xFF, 0xBF, 0x00, 0x00, 0x00, 0x02, 0xFF, 0xFC, 0x00, 0x00, 0x00, 0x03, 0xFF,
    0xD0, 0x00, 0x00, 0x00, 0x0B, 0xFF, 0x00, 0x00, 0x00, 0x00, 0x1F, 0xF8, 0x00, 0x00, 0x00, 0x00,
    0x3F, 0xD0, 0x00, 0x00, 0x00, 0x00, 0x00, 0x00, 0x00, 0x00, 0x00, 0x00, 0x00, 0x01, 0x50, 0x7F,
    0xFF, 0xD0, 0x0B, 0xFC, 0x3F, 0xFF, 0xC0, 0x1F, 0xFD, 0x0F, 0xFE, 0x00, 0x3F, 0xFC, 0x03, 0xFE,
    0x00, 0x7F, 0xB8, 0x03, 0xFF, 0x00, 0xBF, 0x00, 0x01, 0xFF, 0x40, 0xFD, 0x00, 0x00, 0xFF, 0x81,
    0xFC, 0x00, 0x00, 0xBF, 0xC2, 0xF8, 0x00, 0x00, 0x3F, 0xC3, 0xF0, 0x00, 0x00, 0x2F, 0xE7, 0xF0,
    0x00, 0x00, 0x0F, 0xFF, 0xD0, 0x00, 0x00, 0x0F, 0xFF, 0xC0, 0x00, 0x00, 0x07, 0xFF, 0x80, 0x00,
    0x00, 0x03, 0xFF, 0x00, 0x00, 0x00, 0x01, 0xFE, 0x00, 0x00, 0x00, 0x00, 0x00, 0x00, 0x00, 0x00,
    0x06, 0x40, 0x19, 0x00, 0x00, 0x00, 0x0F, 0xC0, 0x3F, 0x00, 0x00, 0x00, 0x0F, 0xD0, 0x7F, 0x00,
    0x00, 0x00, 0x0F, 0xFA, 0xFF, 0x00, 0x00, 0x00, 0x02, 0xFF, 0xF8, 0x00, 0x00, 0x00, 0x00, 0x15,
    0x40, 0x00, 0x00, 0x00, 0x00, 0x00, 0x00, 0x00, 0x00, 0x00, 0x00, 0x00, 0x00, 0x00, 0x00, 0xFF,
    0xFF, 0xF0, 0x3F, 0xFF, 0xF8, 0xFF, 0xFF, 0xE0, 0x3F, 0xFF, 0xF4, 0x1B, 0xFE, 0x00, 0x07, 0xFF,
    0x40, 0x07, 0xFC, 0x00, 0x02, 0xFF, 0x00, 0x07, 0xFC, 0x00, 0x03, 0xFF, 0x00, 0x07, 0xFC, 0x00,
    0x0F, 0xFF, 0x00, 0x07, 0xFC, 0x00, 0x3F, 0xFF, 0x00, 0x07, 0xFC, 0x00, 0xFF, 0xFF, 0x00, 0x07,
    0xFC, 0x03, 0xFE, 0xFF, 0x00, 0x07, 0xFC, 0x0F, 0xE2, 0xFF, 0x00, 0x07, 0xFC, 0x3F, 0x82, 0xFF,
    0x00, 0x07, 0xFD, 0xFE, 0x02, 0xFF, 0x00, 0x07, 0xFF, 0xF8, 0x02, 0xFF, 0x00, 0x07, 0xFF, 0xE0,
    0x02, 0xFF, 0x00, 0x07, 0xFF, 0x80, 0x02, 0xFF, 0x00, 0x07, 0xFE, 0x00, 0x02, 0xFF, 0x00, 0x07,
    0xFC, 0x00, 0x02, 0xFF, 0x00, 0x1B, 0xFE, 0x40, 0x07, 0xFF, 0xA0, 0xFF, 0xFF, 0xF0, 0x3F, 0xFF,
    0xFC, 0xFF, 0xFF, 0xE0, 0x3F, 0xFF, 0xFC, 0x00, 0x00, 0x00, 0x00, 0x0F, 0xF4, 0x00, 0x00, 0x00,
    0x00, 0x0F, 0xF0, 0x00, 0x00, 0x00, 0x00, 0x1F, 0xD0, 0x00, 0x00, 0x00, 0x00, 0x2F, 0x80, 0x00,
    0x00, 0x00, 0x00, 0x3F, 0x00, 0x00, 0x00, 0x00, 0x00, 0x2D, 0x00, 0x00, 0x04, 0x00, 0x10, 0x00,
    0x00, 0x3F, 0x00, 0xFC, 0x00, 0x00, 0x3F, 0x01, 0xFC, 0x00, 0x00, 0x3F, 0xC7, 0xF8, 0x00, 0x00,
    0x1F, 0xFF, 0xF0, 0x00, 0x00, 0x02, 0xFE, 0x40, 0x00, 0x00, 0x00, 0x00, 0x00, 0x00, 0x00, 0x00,
    0x00, 0x00, 0x00, 0x3F, 0xFF, 0x82, 0xFF, 0xFC, 0x3F, 0xFF, 0x42, 0xFF, 0xF8, 0x07, 0xFD, 0x00,
    0x7F, 0xC0, 0x03, 0xFC, 0x00, 0xBF, 0xC0, 0x03, 0xFC, 0x02, 0xFF, 0xC0, 0x03, 0xFC, 0x0B, 0xFF,
    0xC0, 0x03, 0xFC, 0x2F, 0xFF, 0xC0, 0x03, 0xFC, 0xBE, 0x3F, 0xC0, 0x03, 0xFF, 0xF4, 0x3F, 0xC0,
    0x03, 0xFF, 0xD0, 0x3F, 0xC0, 0x03, 0xFF, 0x40, 0x3F, 0xC0, 0x03, 0xFD, 0x00, 0x3F, 0xC0, 0x07,
    0xFD, 0x00, 0x7F, 0xD4, 0x3F, 0xFF, 0x82, 0xFF, 0xFD, 0x3F, 0xFF, 0x83, 0xFF, 0xFD, 0x00, 0x00,
    0x00, 0x03, 0xFC, 0x00, 0x00, 0x00, 0x03, 0xF4, 0x00, 0x00, 0x00, 0x07, 0xF0, 0x00, 0x00, 0x00,
    0x07, 0xD0, 0x00, 0x00, 0x00, 0x07, 0xC0, 0x00, 0x00, 0x00, 0x00, 0x00, 0x00, 0x00, 0x00, 0x00,
    0x03, 0xFF, 0xFF, 0xC0, 0x00, 0x3F, 0xFF, 0xF8, 0x00, 0x00, 0x6F, 0xF8, 0x00, 0x00, 0x01, 0xFF,
    0x40, 0x00, 0x03, 0xFF, 0xFF, 0xE0, 0x00, 0x3F, 0xFF, 0xFF, 0x00, 0x00, 0x1F, 0xF4, 0x00, 0x00,
    0x01, 0xFF, 0x40, 0x00, 0x00, 0x1F, 0xFF, 0xFE, 0x00, 0x01, 0xFF, 0xFF, 0xFE, 0x00, 0x1F, 0xFF,
    0xFF, 0xFC, 0x01, 0xFF, 0x40, 0xBF, 0xE0, 0x1F, 0xF4, 0x03, 0xFF, 0x01, 0xFF, 0x40, 0x2F, 0xF0,
    0x1F, 0xF4, 0x02, 0xFF, 0x01, 0xFF, 0x40, 0x3F, 0xE0, 0x1F, 0xF4, 0x0B, 0xFD, 0x06, 0xFF, 0xFF,
    0xFF, 0x83, 0xFF, 0xFF, 0xFF, 0xE0, 0x3F, 0xFF, 0xFF, 0xE0, 0x00, 0x00, 0x00, 0x00, 0x00, 0x01,
    0x54, 0x00, 0x01, 0xFF, 0xF0, 0x00, 0x0F, 0xFF, 0xC0, 0x00, 0x06, 0xFF, 0x00, 0x00, 0x03, 0xFC,
    0x00, 0x00, 0x0F, 0xF0, 0x00, 0x0B, 0xFF, 0xFF, 0x80, 0x1F, 0xFF, 0xFE, 0x00, 0x03, 0xFC, 0x00,
    0x00, 0x0F, 0xF0, 0x00, 0x00, 0x3F, 0xC0, 0x00, 0x00, 0xFF, 0xAA, 0x40, 0x03, 0xFF, 0xFF, 0xE0,
    0x0F, 0xFE, 0xFF, 0xD0, 0x3F, 0xC0, 0xBF, 0xC0, 0xFF, 0x01, 0xFF, 0x03, 0xFC, 0x07, 0xFC, 0x0F,
    0xF0, 0x2F, 0xF0, 0x7F, 0xD6, 0xFF, 0x5F, 0xFF, 0xFF, 0xF8, 0xBF, 0xFF, 0xFE, 0x00, 0x00, 0x00,
    0x00, 0x00, 0x00, 0x55, 0x55, 0x00, 0x3F, 0xFF, 0xFF, 0xF8, 0x0F, 0xFF, 0xFF, 0xFF, 0xC0, 0x6F,
    0xFA, 0xFF, 0xFC, 0x07, 0xFC, 0x03, 0xFF, 0x01, 0xFF, 0x00, 0x7F, 0xD0, 0x7F, 0xC0, 0x0F, 0xF4,
    0x1F, 0xF0, 0x03, 0xFD, 0x07, 0xFC, 0x71, 0xFF, 0x01, 0xFF, 0x1F, 0xFF, 0xC0, 0x7F, 0xD3, 0xFF,
    0xC0, 0x1F, 0xFF, 0xFF, 0xD0, 0x07, 0xFF, 0xFF, 0xC0, 0x01, 0xFF, 0xA5, 0xBC, 0x00, 0x7F, 0xC0,
    0x0E, 0x00, 0x1F, 0xF0, 0x00, 0x00, 0x07, 0xFC, 0x00, 0x00, 0x01, 0xFF, 0x00, 0x00, 0x01, 0xBF,
    0xE9, 0x00, 0x03, 0xFF, 0xFF, 0xC0, 0x00, 0xFF, 0xFF, 0xF0, 0x00, 0x00, 0x00, 0x54, 0x06, 0x40,
    0x03, 0xFF, 0x8F, 0xFF, 0xC0, 0xBF, 0xFF, 0xFF, 0xFF, 0x06, 0xFF, 0xFF, 0xFF, 0xF4, 0x07, 0xFE,
    0x02, 0xFF, 0x80, 0x7F, 0xC0, 0x0F, 0xFC, 0x07, 0xFC, 0x00, 0xBF, 0xC0, 0x7F, 0xC0, 0x0B, 0xFC,
    0x07, 0xFC, 0x00, 0xBF, 0xC0, 0x7F, 0xC0, 0x0B, 0xFC, 0x07, 0xFC, 0x24, 0xBF, 0x80, 0x7F, 0xC3,
    0xCF, 0xF4, 0x07, 0xFC, 0x2F, 0xFF, 0x00, 0x7F, 0xEA, 0xFF, 0xD0, 0x07, 0xFF, 0xFF, 0xF4, 0x00,
    0x7F, 0xFF, 0xFE, 0x00, 0x07, 0xFD, 0x54, 0xF4, 0x00, 0x7F, 0xC0, 0x07, 0x80, 0x07, 0xFC, 0x00,
    0x00, 0x00, 0x7F, 0xC0, 0x00, 0x00, 0x1F, 0xFF, 0x80, 0x00, 0x07, 0xFF, 0xFE, 0x00, 0x00, 0x2A,
    0xAA, 0x90, 0x00, 0x00, 0x00, 0x00, 0x00, 0xF4, 0x00, 0x00, 0x03, 0xE0, 0x00, 0x00, 0x1F, 0xC0,
    0x00, 0x00, 0xBF, 0xFF, 0xFF, 0xFF, 0xFF, 0xFF, 0xFF, 0xFF, 0xE1, 0xBF, 0xFF, 0xFF, 0x41, 0xFF,
    0x40, 0x00, 0x07, 0xFD, 0x00, 0x00, 0x1F, 0xF4, 0x00, 0x00, 0x7F, 0xD0, 0x00, 0x01, 0xFF, 0x40,
    0x00, 0x07, 0xFD, 0x00, 0x00, 0x1F, 0xF4, 0x00, 0x00, 0x7F, 0xD0, 0x00, 0x01, 0xFF, 0x40, 0x00,
    0x07, 0xFD, 0x00, 0x00, 0x1F, 0xF4, 0x00, 0x00, 0x7F, 0xD0, 0x00, 0x01, 0xFF, 0x40, 0x00, 0x07,
    0xFD, 0x00, 0x00, 0x6F, 0xFE, 0x40, 0x0F, 0xFF, 0xFF, 0x00, 0x3F, 0xFF, 0xFC, 0x00, 0x00, 0x00,
    0x0B, 0x40, 0x00, 0x03, 0xF0, 0x00, 0x00, 0xFC, 0x00, 0x00, 0x7F, 0xFF, 0xFF, 0xFF, 0xFF, 0xFF,
    0xFF, 0xE1, 0xFF, 0xEA, 0xA4, 0x3F, 0xE0, 0x00, 0x0F, 0xF8, 0x00, 0x03, 0xFE, 0x00, 0x00, 0xFF,
    0x80, 0x00, 0x3F, 0xE0, 0x00, 0x0F, 0xF8, 0x00, 0x03, 0xFE, 0x00, 0x00, 0xFF, 0x80, 0x00, 0x3F,
    0xE0, 0x00, 0x0F, 0xFD, 0x00, 0x2F, 0xFF, 0xF4, 0x0F, 0xFF, 0xFD, 0x00, 0x00, 0x00, 0x00, 0x00,
    0x03, 0xFF, 0xFF, 0xFF, 0xFC, 0x3F, 0xFF, 0xFF, 0xFF, 0xC0, 0x6F, 0xFF, 0xFF, 0xFC, 0x01, 0xFF,
    0x40, 0x2F, 0xC0, 0x1F, 0xF4, 0x02, 0xF8, 0x01, 0xFF, 0x40, 0x1F, 0x80, 0x1F, 0xF4, 0x01, 0xF0,
    0x01, 0xFF, 0x40, 0x00, 0x00, 0x1F, 0xF4, 0x00, 0x00, 0x3F, 0xFF, 0xFF, 0x00, 0x03, 0xFF, 0xFF,
    0xF0, 0x00, 0x01, 0xFF, 0x40, 0x00, 0x00, 0x1F, 0xF4, 0x00, 0x00, 0x01, 0xFF, 0x40, 0x00, 0x00,
    0x1F, 0xF4, 0x00, 0x00, 0x01, 0xFF, 0x40, 0x00, 0x00, 0x1F, 0xF4, 0x00, 0x00, 0x06, 0xFF, 0xE4,
    0x00, 0x03, 0xFF, 0xFF, 0xC0, 0x00, 0x3F, 0xFF, 0xFC, 0x00, 0x00, 0x00, 0x00, 0x00, 0x00, 0xFF,
    0xFF, 0xFF, 0xE3, 0xFF, 0xFF, 0xFF, 0x81, 0xFF, 0xEA, 0xFE, 0x03, 0xFE, 0x02, 0xF4, 0x0F, 0xF8,
    0x07, 0xD0, 0x3F, 0xE0, 0x1F, 0x00, 0xFF, 0x80, 0x00, 0x7F, 0xFF, 0xF4, 0x00, 0xAF, 0xFE, 0x90,
    0x00, 0x3F, 0xE0, 0x00, 0x00, 0xFF, 0x80, 0x00, 0x03, 0xFE, 0x00, 0x00, 0x0F, 0xFD, 0x40, 0x02,
    0xFF, 0xFF, 0x80, 0x0F, 0xFF, 0xFD, 0x00, 0x00, 0x00, 0x00, 0x00, 0x03, 0xFF, 0xFF, 0xFF, 0xF8,
    0x0F, 0xFF, 0xFF, 0xFF, 0xD0, 0x06, 0xFF, 0xFF, 0xFF, 0x40, 0x07, 0xFD, 0x00, 0xFD, 0x00, 0x1F,
    0xF4, 0x02, 0xF0, 0x00, 0x7F, 0xD0, 0x0B, 0xC0, 0x01, 0xFF, 0x40, 0x00, 0x00, 0x07, 0xFD, 0x00,
    0x00, 0x00, 0x1F, 0xFA, 0xBE, 0x40, 0x00, 0x7F, 0xFF, 0xFF, 0xE0, 0x01, 0xFF, 0xFF, 0xFF, 0xF0,
    0x07, 0xFE, 0x56, 0xFF, 0xE0, 0x1F, 0xF4, 0x01, 0xFF, 0xC0, 0x7F, 0xD0, 0x02, 0xFF, 0x41, 0xFF,
    0x40, 0x03, 0xFE, 0x07, 0xFD, 0x00, 0x0F, 0xF8, 0x1F, 0xF4, 0x00, 0x3F, 0xE1, 0xBF, 0xF4, 0x00,
    0xFF, 0xBF, 0xFF, 0xF8, 0x03, 0xFD, 0xFF, 0xFF, 0xE0, 0x1F, 0xF0, 0x00, 0x00, 0x00, 0xBF, 0xC0,
    0x00, 0x00, 0x07, 0xFD, 0x00, 0x00, 0x00, 0x7F, 0xE0, 0x00, 0x01, 0xAF, 0xFE, 0x00, 0x00, 0x0F,
    0xFF, 0xD0, 0x00, 0x00, 0x1B, 0xE4, 0x00, 0x00, 0x00, 0x00, 0x00, 0x00, 0xFF, 0xFF, 0xFF, 0xE0,
    0xFF, 0xFF, 0xFF, 0xD0, 0x1F, 0xF5, 0x5B, 0xD0, 0x0F, 0xF0, 0x03, 0xC0, 0x0F, 0xF0, 0x03, 0x80,
    0x0F, 0xF0, 0x00, 0x00, 0x0F, 0xFA, 0xA9, 0x00, 0x0F, 0xFF, 0xFF, 0xD0, 0x0F, 0xFF, 0xFF, 0xF8,
    0x0F, 0xF0, 0x0F, 0xFC, 0x0F, 0xF0, 0x03, 0xFE, 0x0F, 0xF0, 0x02, 0xFF, 0x0F, 0xF4, 0x02, 0xFF,
    0xBF, 0xFF, 0x01, 0xFF, 0xFF, 0xFE, 0x01, 0xFF, 0x00, 0x00, 0x02, 0xFE, 0x00, 0x00, 0x03, 0xFD,
    0x00, 0x00, 0x03, 0xFC, 0x00, 0x00, 0x0F, 0xF4, 0x00, 0x01, 0xBF, 0xE0, 0x00, 0x0B, 0xFF, 0x80,
    0x00, 0x02, 0xE8, 0x00, 0x01, 0x90, 0x00, 0x00, 0x00, 0x00, 0x06, 0x40, 0x07, 0xFC, 0x01, 0xFF,
    0xFF, 0xC0, 0x3F, 0xE0, 0x0F, 0xFF, 0x02, 0xFF, 0xFF, 0x80, 0xBF, 0xF0, 0x0F, 0xFF, 0x40, 0x6F,
    0xF8, 0x01, 0xFF, 0xF0, 0x0B, 0xBF, 0xC0, 0x0F, 0xF0, 0x03, 0xFE, 0xE0, 0x00, 0x0F, 0xE0, 0x0F,
    0xF0, 0x07, 0xF4, 0x00, 0x00, 0x07, 0xF0, 0x0F, 0xF0, 0x0F, 0xE0, 0x00, 0x00, 0x03, 0xF8, 0x0F,
    0xF0, 0x1F, 0xC0, 0x00, 0x00, 0x00, 0xFC, 0x0F, 0xF0, 0x3F, 0x40, 0x00, 0x00, 0x00, 0xBF, 0xAF,
    0xFA, 0xFE, 0x00, 0x00, 0x00, 0x00, 0xFF, 0xFF, 0xFF, 0xFF, 0x00, 0x00, 0x00, 0x01, 0xFF, 0xFF,
    0xFF, 0xFF, 0x80, 0x00, 0x00, 0x03, 0xFE, 0x0F, 0xF0, 0x7F, 0xC0, 0x00, 0x00, 0x0F, 0xFC, 0x0F,
    0xF0, 0x3F, 0xF0, 0x00, 0x00, 0x1F, 0xF8, 0x0F, 0xF0, 0x1F, 0xF8, 0x00, 0x00, 0x3F, 0xF0, 0x0F,
    0xF0, 0x0F, 0xFD, 0x00, 0x00, 0xFF, 0xE0, 0x0F, 0xF0, 0x07, 0xFF, 0x00, 0x02, 0xFF, 0xC0, 0x0F,
    0xF0, 0x03, 0xFF, 0xC0, 0x0B, 0xFF, 0x40, 0x2F, 0xFE, 0x00, 0xFF, 0xE0, 0x2F, 0xFE, 0x02, 0xFF,
    0xFF, 0x80, 0x7F, 0xF8, 0x7F, 0xF8, 0x03, 0xFF, 0xFF, 0x80, 0x2F, 0xFF, 0x05, 0x40, 0x00, 0x00,
    0x00, 0x00, 0x02, 0xFF, 0x00, 0x00, 0x00, 0x00, 0x00, 0x00, 0x00, 0xFE, 0x00, 0x00, 0x00, 0x00,
    0x00, 0x00, 0x00, 0xFD, 0x00, 0x00, 0x00, 0x00, 0x00, 0x00, 0x00, 0xBC, 0x00, 0x00, 0x00, 0x00,
    0x00, 0x00, 0x00, 0x7C, 0x00, 0x00, 0x00, 0x00, 0x00, 0x00, 0x00, 0x3C, 0x02, 0x40, 0x00, 0x00,
    0x00, 0x19, 0x00, 0xFF, 0x01, 0xFF, 0xF8, 0x0F, 0xF4, 0x2F, 0xF8, 0x1F, 0xFF, 0x42, 0xFF, 0x81,
    0xFF, 0xD0, 0x3F, 0xC0, 0x7F, 0xF4, 0x00, 0xBF, 0x03, 0xFC, 0x0F, 0xE0, 0x00, 0x02, 0xF4, 0x3F,
    0xC1, 0xFC, 0x00, 0x00, 0x0F, 0xC3, 0xFC, 0x3F, 0x00, 0x00, 0x00, 0xBF, 0xBF, 0xEF, 0xE0, 0x00,
    0x00, 0x0F, 0xFF, 0xFF, 0xFF, 0x40, 0x00, 0x03, 0xFE, 0x7F, 0xD7, 0xFC, 0x00, 0x00, 0xBF, 0xC3,
    0xFC, 0x3F, 0xE0, 0x00, 0x0F, 0xF4, 0x3F, 0xC1, 0xFF, 0x00, 0x03, 0xFF, 0x03, 0xFC, 0x0F, 0xFC,
    0x00, 0xBF, 0xD0, 0x3F, 0xC0, 0x7F, 0xE0, 0x2F, 0xF8, 0x1F, 0xFF, 0x82, 0xFF, 0x87, 0xFF, 0x02,
    0xFF, 0xF4, 0x0B, 0xFE, 0x05, 0x40, 0x00, 0x00, 0x00, 0x1F, 0xE0, 0x00, 0x00, 0x00, 0x00, 0x00,
    0xFD, 0x00, 0x00, 0x00, 0x00, 0x00, 0x0F, 0xC0, 0x00, 0x00, 0x00, 0x00, 0x00, 0xBC, 0x00, 0x00,
    0x00, 0x00, 0x00, 0x07, 0xC0, 0x00, 0x00, 0x00, 0x00, 0x00, 0x00, 0x00, 0x1A, 0xA4, 0x00, 0x01,
    0xBF, 0xFF, 0xF0, 0x02, 0xFF, 0xFF, 0xFF, 0x00, 0xBF, 0x95, 0xBF, 0xE0, 0x3F, 0x80, 0x0F, 0xFC,
    0x0F, 0xD0, 0x01, 0xFF, 0x02, 0xF0, 0x00, 0x7F, 0xC0, 0x14, 0x00, 0x2F, 0xE0, 0x00, 0x00, 0x0F,
    0xF0, 0x00, 0x1A, 0xAF, 0xF4, 0x00, 0x07, 0xFF, 0xFD, 0x00, 0x00, 0xFF, 0xFF, 0xE0, 0x00, 0x05,
    0x6F, 0xFD, 0x00, 0x00, 0x01, 0xFF, 0xC0, 0x00, 0x00, 0x3F, 0xF0, 0x78, 0x00, 0x0F, 0xFC, 0x7F,
    0x00, 0x03, 0xFF, 0x3F, 0xF0, 0x02, 0xFF, 0x4B, 0xFF, 0x97, 0xFF, 0xC0, 0xFF, 0xFF, 0xFF, 0xC0,
    0x0B, 0xFF, 0xFF, 0x40, 0x00, 0x15, 0xBE, 0x00, 0x00, 0x00, 0x1F, 0x80, 0x00, 0x00, 0x03, 0xE0,
    0x00, 0x00, 0xFF, 0xF8, 0x00, 0x00, 0x3F, 0xFC, 0x00, 0x00, 0x0B, 0xFC, 0x00, 0x00, 0x00, 0x00,
    0x00, 0x00, 0x00, 0x16, 0x90, 0x00, 0x2F, 0xFF, 0xF0, 0x0F, 0xFF, 0xFF, 0xC2, 0xFD, 0x4B, 0xFD,
    0x1E, 0x00, 0x3F, 0xD0, 0x00, 0x03, 0xFC, 0x00, 0x00, 0x7F, 0x80, 0x07, 0xFF, 0xF0, 0x00, 0x7F,
    0xFF, 0x80, 0x01, 0x5B, 0xFE, 0x00, 0x00, 0x2F, 0xF1, 0xE0, 0x01, 0xFF, 0x3F, 0x40, 0x2F, 0xF3,
    0xFE, 0x5B, 0xFD, 0x3F, 0xFF, 0xFF, 0x40, 0xBF, 0xFF, 0x80, 0x00, 0x1F, 0xC0, 0x00, 0x00, 0x7C,
    0x00, 0x01, 0x0B, 0xC0, 0x00, 0x3F, 0xF8, 0x00, 0x03, 0xFF, 0x00, 0x00, 0x1A, 0x80, 0x00, 0x00,
    0x00, 0x00, 0x01, 0x90, 0x3F, 0xFF, 0xFC, 0x03, 0xFE, 0x0F, 0xFF, 0xFD, 0x02, 0xFF, 0xC0, 0x6F,
    0xF8, 0x01, 0xFF, 0xF0, 0x07, 0xFC, 0x00, 0xFF, 0xB8, 0x01, 0xFF, 0x00, 0x7F, 0x40, 0x00, 0x7F,
    0xC0, 0x3F, 0x80, 0x00, 0x1F, 0xF0, 0x1F, 0xC0, 0x00, 0x07, 0xFC, 0x0F, 0xD0, 0x00, 0x01, 0xFF,
    0xAF, 0xE0, 0x00, 0x00, 0x7F, 0xFF, 0xFC, 0x00, 0x00, 0x1F, 0xFF, 0xFF, 0x80, 0x00, 0x07, 0xFC,
    0x1F, 0xF0, 0x00, 0x01, 0xFF, 0x03, 0xFF, 0x00, 0x00, 0x7F, 0xC0, 0x7F, 0xE0, 0x00, 0x1F, 0xF0,
    0x0F, 0xFC, 0x00, 0x07, 0xFC, 0x01, 0xFF, 0xC0, 0x01, 0xFF, 0x00, 0x3F, 0xFC, 0x01, 0xBF, 0xF8,
    0x03, 0xFF, 0x83, 0xFF, 0xFF, 0x80, 0x7F, 0xF8, 0xFF, 0xFF, 0xE0, 0x0B, 0xFF, 0xC0, 0x00, 0x00,
    0x00, 0x2F, 0xF0, 0x00, 0x00, 0x00, 0x03, 0xF8, 0x00, 0x00, 0x00, 0x00, 0xFD, 0x00, 0x00, 0x00,
    0x00, 0x2F, 0x00, 0x00, 0x00, 0x00, 0x07, 0xC0, 0x00, 0x00, 0x00, 0x00, 0xF0, 0x00, 0x00, 0x00,
    0x14, 0x0F, 0xFF, 0xF0, 0x1F, 0xF0, 0xFF, 0xFE, 0x03, 0xFF, 0x01, 0xFF, 0x40, 0xFF, 0xF0, 0x0F,
    0xF4, 0x1F, 0xD0, 0x00, 0xFF, 0x43, 0xF4, 0x00, 0x0F, 0xF4, 0x7E, 0x00, 0x00, 0xFF, 0xEF, 0xC0,
    0x00, 0x0F, 0xFF, 0xFF, 0x00, 0x00, 0xFF, 0x5F, 0xF4, 0x00, 0x0F, 0xF4, 0x7F, 0xC0, 0x00, 0xFF,
    0x43, 0xFE, 0x00, 0x0F, 0xF4, 0x1F, 0xF4, 0x00, 0xFF, 0x40, 0xFF, 0xC0, 0xBF, 0xFF, 0x03, 0xFF,
    0x0F, 0xFF, 0xE0, 0x1F, 0xFC, 0x00, 0x00, 0x00, 0x3F, 0xC0, 0x00, 0x00, 0x02, 0xFC, 0x00, 0x00,
    0x00, 0x1F, 0x80, 0x00, 0x00, 0x00, 0xF4, 0x00, 0x00, 0x00, 0x0F, 0x40, 0x00, 0x00, 0x00, 0x10,
    0x00, 0x00, 0x00, 0x00, 0x64, 0x03, 0xFF, 0xFF, 0xC0, 0x0B, 0xF8, 0x0F, 0xFF, 0xFD, 0x00, 0xBF,
    0xF0, 0x06, 0xFF, 0x80, 0x03, 0xFF, 0xC0, 0x07, 0xFC, 0x00, 0x1F, 0xEB, 0x00, 0x1F, 0xF0, 0x00,
    0xFD, 0x00, 0x00, 0x7F, 0xC7, 0x47, 0xF0, 0x00, 0x01, 0xFF, 0x1D, 0x3F, 0x40, 0x00, 0x07, 0xFC,
    0x74, 0xFC, 0x00, 0x00, 0x1F, 0xFB, 0xFF, 0xE0, 0x00, 0x00, 0x7F, 0xFF, 0xFF, 0xC0, 0x00, 0x01,
    0xFF, 0xFF, 0xFF, 0x40, 0x00, 0x07, 0xFC, 0x76, 0xFF, 0x00, 0x00, 0x1F, 0xF1, 0xD3, 0xFE, 0x00,
    0x00, 0x7F, 0xC7, 0x4B, 0xFC, 0x00, 0x01, 0xFF, 0x08, 0x0F, 0xFC, 0x00, 0x07, 0xFC, 0x00, 0x2F,
    0xF8, 0x00, 0x1F, 0xF0, 0x00, 0x3F, 0xF4, 0x01, 0xBF, 0xF8, 0x00, 0xBF, 0xF0, 0x3F, 0xFF, 0xF8,
    0x00, 0xFF, 0xF0, 0xFF, 0xFF, 0xE0, 0x00, 0xFF, 0xE0, 0x00, 0x00, 0x00, 0x00, 0x54, 0x00, 0x00,
    0x00, 0x00, 0x19, 0x0F, 0xFF, 0xD0, 0x0B, 0xF4, 0xFF, 0xFC, 0x00, 0xFF, 0x81, 0xFF, 0x00, 0x2F,
    0xF8, 0x0F, 0xF0, 0x03, 0xF0, 0x00, 0xFF, 0x38, 0xBC, 0x00, 0x0F, 0xF3, 0x8F, 0x80, 0x00, 0xFF,
    0xBF, 0xF0, 0x00, 0x0F, 0xFF, 0xFF, 0x80, 0x00, 0xFF, 0x3D, 0xFD, 0x00, 0x0F, 0xF3, 0x8F, 0xF0,
    0x00, 0xFF, 0x38, 0x7F, 0x80, 0x0F, 0xF0, 0x03, 0xFC, 0x00, 0xFF, 0x00, 0x2F, 0xF0, 0xBF, 0xFD,
    0x00, 0xFF, 0xCF, 0xFF, 0xD0, 0x03, 0xFD, 0x00, 0x00, 0x00, 0x05, 0x00, 0x00, 0x00, 0x00, 0x00,
    0x64, 0x03, 0xFF, 0xFF, 0xC0, 0x3F, 0xE0, 0x3F, 0xFF, 0xF4, 0x0B, 0xFF, 0x00, 0x6F, 0xF8, 0x01,
    0xFF, 0xF0, 0x01, 0xFF, 0x00, 0x3F, 0xEE, 0x03, 0xFF, 0xFF, 0x87, 0xF4, 0x00, 0x3F, 0xFF, 0xF8,
    0xFE, 0x00, 0x00, 0x1F, 0xF0, 0x1F, 0xC0, 0x00, 0x01, 0xFF, 0x03, 0xF4, 0x00, 0x00, 0x1F, 0xFA,
    0xFE, 0x00, 0x00, 0x01, 0xFF, 0xFF, 0xF0, 0x00, 0x00, 0x1F, 0xFF, 0xFF, 0x80, 0x00, 0x01, 0xFF,
    0x07, 0xFC, 0x00, 0x00, 0x1F, 0xF0, 0x3F, 0xF0, 0x00, 0x01, 0xFF, 0x01, 0xFF, 0x80, 0x00, 0x1F,
    0xF0, 0x0F, 0xFC, 0x00, 0x01, 0xFF, 0x00, 0x7F, 0xF0, 0x00, 0x1F, 0xF0, 0x03, 0xFF, 0xC0, 0x06,
    0xFF, 0xE0, 0x0F, 0xFE, 0x03, 0xFF, 0xFF, 0x80, 0x7F, 0xF8, 0x3F, 0xFF, 0xF8, 0x02, 0xFF, 0xE0,
    0x00, 0x00, 0x00, 0x01, 0x50, 0x01, 0x54, 0x00, 0x00, 0x01, 0xFF, 0xF0, 0x00, 0x00, 0x0F, 0xFF,
    0xC0, 0x00, 0x00, 0x06, 0xFF, 0x00, 0x00, 0x00, 0x03, 0xFC, 0x00, 0x00, 0x00, 0x0F, 0xF0, 0x00,
    0x64, 0x0B, 0xFF, 0xFD, 0x0B, 0xF8, 0x1F, 0xFF, 0xF0, 0x7F, 0xF0, 0x03, 0xFC, 0x03, 0xFF, 0x80,
    0x0F, 0xF0, 0x2F, 0xC0, 0x00, 0x3F, 0xC0, 0xFC, 0x00, 0x00, 0xFF, 0x0B, 0xD0, 0x00, 0x03, 0xFE,
    0xFF, 0x00, 0x00, 0x0F, 0xFF, 0xFE, 0x00, 0x00, 0x3F, 0xD7, 0xFC, 0x00, 0x00, 0xFF, 0x0B, 0xFC,
    0x00, 0x03, 0xFC, 0x0F, 0xF4, 0x00, 0x0F, 0xF0, 0x2F, 0xF0, 0x00, 0x7F, 0xC0, 0x3F, 0xF0, 0x1F,
    0xFF, 0xD0, 0x7F, 0xF0, 0xBF, 0xFF, 0x40, 0xBF, 0xE0, 0x00, 0x00, 0x00, 0x14, 0x00, 0x00, 0x00,
    0x00, 0x00, 0x01, 0x50, 0x03, 0xFF, 0xFF, 0xFF, 0x40, 0xBF, 0xC0, 0x3F, 0xFF, 0xFF, 0xF0, 0x1F,
    0xFC, 0x03, 0xFF, 0xFF, 0xF4, 0x03, 0xFF, 0xC0, 0x3F, 0x43, 0xFE, 0x00, 0xBF, 0xAC, 0x03, 0xF0,
    0x3F, 0xE0, 0x0F, 0xD0, 0x00, 0x3F, 0x03, 0xFE, 0x02, 0xF8, 0x00, 0x00, 0x90, 0x3F, 0xE0, 0x7F,
    0x00, 0x00, 0x00, 0x03, 0xFE, 0x0F, 0xE0, 0x00, 0x00, 0x00, 0x3F, 0xFB, 0xFC, 0x00, 0x00, 0x00,
    0x03, 0xFF, 0xFF, 0xC0, 0x00, 0x00, 0x00, 0x3F, 0xFF, 0xFF, 0x00, 0x00, 0x00, 0x03, 0xFE, 0x0F,
    0xF4, 0x00, 0x00, 0x00, 0x3F, 0xE0, 0xBF, 0xC0, 0x00, 0x00, 0x03, 0xFE, 0x03, 0xFF, 0x00, 0x00,
    0x00, 0x3F, 0xE0, 0x2F, 0xF4, 0x00, 0x00, 0x03, 0xFE, 0x00, 0xFF, 0xC0, 0x00, 0x00, 0x3F, 0xE0,
    0x0B, 0xFF, 0x00, 0x00, 0x07, 0xFF, 0x90, 0x3F, 0xFC, 0x00, 0x07, 0xFF, 0xFF, 0x01, 0xFF, 0xF0,
    0x00, 0x7F, 0xFF, 0xF0, 0x07, 0xFF, 0x80, 0x00, 0x00, 0x00, 0x00, 0x05, 0x40, 0x00, 0x00, 0x00,
    0x00, 0x19, 0x03, 0xFF, 0xFF, 0xF4, 0x0F, 0xF4, 0x3F, 0xFF, 0xFF, 0x02, 0xFF, 0x83, 0xFA, 0xBF,
    0xC0, 0x7F, 0xF4, 0x3F, 0x07, 0xFC, 0x0F, 0xE0, 0x03, 0xE0, 0x7F, 0xC1, 0xFC, 0x00, 0x2E, 0x07,
    0xFC, 0x3F, 0x00, 0x00, 0x00, 0x7F, 0xEF, 0xE0, 0x00, 0x00, 0x07, 0xFF, 0xFF, 0x40, 0x00, 0x00,
    0x7F, 0xDB, 0xFC, 0x00, 0x00, 0x07, 0xFC, 0x3F, 0xE0, 0x00, 0x00, 0x7F, 0xC1, 0xFF, 0x00, 0x00,
    0x07, 0xFC, 0x0F, 0xFC, 0x00, 0x00, 0xBF, 0xC0, 0x7F, 0xE0, 0x00, 0xBF, 0xFF, 0x42, 0xFF, 0x80,
    0x0F, 0xFF, 0xF4, 0x0B, 0xFD, 0x00, 0x00, 0x00, 0x00, 0x15, 0x00, 0x00, 0x00, 0x00, 0x00, 0x00,
    0x00, 0xFF, 0xFF, 0xF0, 0x3F, 0xFF, 0xFC, 0xFF, 0xFF, 0xE0, 0x3F, 0xFF, 0xF8, 0x1B, 0xFE, 0x00,
    0x07, 0xFF, 0x80, 0x07, 0xFD, 0x00, 0x01, 0xFF, 0x40, 0x07, 0xFD, 0x00, 0x01, 0xFF, 0x40, 0x07,
    0xFD, 0x00, 0x01, 0xFF, 0x40, 0x07, 0xFD, 0x00, 0x01, 0xFF, 0x40, 0x07, 0xFD, 0x00, 0x01, 0xFF,
    0x40, 0x07, 0xFE, 0xAA, 0xAB, 0xFF, 0x40, 0x07, 0xFF, 0xFF, 0xFF, 0xFF, 0x40, 0x07, 0xFF, 0xFF,
    0xFF, 0xFF, 0x40, 0x07, 0xFE, 0x55, 0x56, 0xFF, 0x40, 0x07, 0xFD, 0x00, 0x01, 0xFF, 0x40, 0x07,
    0xFD, 0x00, 0x01, 0xFF, 0x40, 0x07, 0xFD, 0x00, 0x01, 0xFF, 0x40, 0x07, 0xFD, 0x00, 0x01, 0xFF,
    0x40, 0x07, 0xFD, 0x00, 0x01, 0xFF, 0x40, 0x1B, 0xFF, 0x80, 0x07, 0xFF, 0xE4, 0xFF, 0xFF, 0xF0,
    0x3F, 0xFF, 0xFE, 0xFF, 0xFF, 0xF0, 0x3F, 0xFF, 0xFE, 0x00, 0x00, 0x00, 0x00, 0x02, 0xFD, 0x00,
    0x00, 0x00, 0x00, 0x02, 0xFD, 0x00, 0x00, 0x00, 0x00, 0x01, 0xFC, 0x00, 0x00, 0x00, 0x00, 0x00,
    0xFC, 0x00, 0x00, 0x00, 0x00, 0x00, 0xF8, 0x00, 0x00, 0x00, 0x00, 0x00, 0x74, 0x00, 0x00, 0x00,
    0x00, 0x00, 0xFF, 0xFF, 0x0B, 0xFF, 0xF0, 0xFF, 0xFE, 0x0B, 0xFF, 0xF0, 0x1F, 0xF4, 0x00, 0xFF,
    0x40, 0x0F, 0xF4, 0x00, 0xFF, 0x00, 0x0F, 0xF4, 0x00, 0xFF, 0x00, 0x0F, 0xF4, 0x00, 0xFF, 0x00,
    0x0F, 0xFF, 0xFF, 0xFF, 0x00, 0x0F, 0xFF, 0xFF, 0xFF, 0x00, 0x0F, 0xFA, 0xAA, 0xFF, 0x00, 0x0F,
    0xF4, 0x00, 0xFF, 0x00, 0x0F, 0xF4, 0x00, 0xFF, 0x00, 0x0F, 0xF4, 0x00, 0xFF, 0x00, 0x0F, 0xF8,
    0x00, 0xFF, 0x90, 0xBF, 0xFF, 0x07, 0xFF, 0xFC, 0xFF, 0xFF, 0x0B, 0xFF, 0xFC, 0x00, 0x00, 0x00,
    0x03, 0xFC, 0x00, 0x00, 0x00, 0x02, 0xFC, 0x00, 0x00, 0x00, 0x02, 0xF8, 0x00, 0x00, 0x00, 0x01,
    0xF4, 0x00, 0x00, 0x00, 0x00, 0xF0, 0x00, 0x00, 0x00, 0x00, 0x10, 0x00, 0x00, 0x00, 0x00, 0x00,
    0x00, 0x03, 0xFF, 0xFF, 0xC0, 0xFF, 0xFF, 0xFF, 0xFF, 0xFF, 0xFE, 0x03, 0xFF, 0xFF, 0xFF, 0xC6,
    0xFF, 0x80, 0x01, 0xFF, 0xFF, 0xFE, 0x07, 0xFD, 0x00, 0x01, 0xFF, 0x42, 0xF8, 0x1F, 0xF4, 0x00,
    0x07, 0xFD, 0x0B, 0xD0, 0x7F, 0xD0, 0x00, 0x1F, 0xF4, 0x2F, 0x41, 0xFF, 0x40, 0x00, 0x7F, 0xD0,
    0x64, 0x07, 0xFD, 0x00, 0x01, 0xFF, 0x40, 0x00, 0x1F, 0xFA, 0xAA, 0xAF, 0xFD, 0x00, 0x00, 0x7F,
    0xFF, 0xFF, 0xFF, 0xF4, 0x00, 0x01, 0xFF, 0xFF, 0xFF, 0xFF, 0xD0, 0x00, 0x07, 0xFE, 0x55, 0x56,
    0xFF, 0x40, 0x00, 0x1F, 0xF4, 0x00, 0x07, 0xFD, 0x00, 0x00, 0x7F, 0xD0, 0x00, 0x1F, 0xF4, 0x00,
    0x01, 0xFF, 0x40, 0x00, 0x7F, 0xD0, 0x00, 0x07, 0xFD, 0x00, 0x01, 0xFF, 0x40, 0x00, 0x1F, 0xF4,
    0x00, 0x07, 0xFD, 0x00, 0x01, 0xBF, 0xF8, 0x00, 0x7F, 0xFE, 0x00, 0x3F, 0xFF, 0xFC, 0x0F, 0xFF,
    0xFF, 0x00, 0xFF, 0xFF, 0xF0, 0x3F, 0xFF, 0xFC, 0x00, 0x00, 0x00, 0x00, 0x00, 0x00, 0x0F, 0xFF,
    0xF0, 0xBF, 0xFF, 0xFF, 0xFF, 0xFE, 0x0B, 0xFF, 0xFF, 0xF1, 0xFF, 0x40, 0x0F, 0xFA, 0xBF, 0x0F,
    0xF4, 0x00, 0xFF, 0x07, 0xF0, 0xFF, 0x40, 0x0F, 0xF0, 0x3E, 0x0F, 0xF4, 0x00, 0xFF, 0x03, 0xD0,
    0xFF, 0xFF, 0xFF, 0xF0, 0x00, 0x0F, 0xFF, 0xFF, 0xFF, 0x00, 0x00, 0xFF, 0xAA, 0xAF, 0xF0, 0x00,
    0x0F, 0xF4, 0x00, 0xFF, 0x00, 0x00, 0xFF, 0x40, 0x0F, 0xF0, 0x00, 0x0F, 0xF4, 0x00, 0xFF, 0x00,
    0x00, 0xFF, 0x80, 0x0F, 0xF8, 0x00, 0xBF, 0xFF, 0x07, 0xFF, 0xF0, 0x0F, 0xFF, 0xF0, 0xBF, 0xFF,
    0x00, 0x00, 0x00, 0x00, 0x00, 0x00, 0x00, 0x00, 0x03, 0xFF, 0xFF, 0xFF, 0xFF, 0xFF, 0x40, 0x00,
    0x0F, 0xFF, 0xFF, 0xFF, 0xFF, 0xFC, 0x00, 0x00, 0x06, 0xFF, 0xFA, 0xAF, 0xFF, 0x40, 0x00, 0x00,
    0x07, 0xFD, 0x00, 0x0F, 0xFC, 0x00, 0x00, 0x00, 0x1F, 0xF4, 0x00, 0x3F, 0xF0, 0x00, 0x00, 0x00,
    0x7F, 0xD0, 0x00, 0xFF, 0xC0, 0x00, 0x00, 0x01, 0xFF, 0x40, 0x03, 0xFF, 0x00, 0x00, 0x00, 0x07,
    0xFD, 0x00, 0x0F, 0xFC, 0x00, 0x00, 0x00, 0x1F, 0xF4, 0x00, 0x3F, 0xFB, 0xFF, 0x80, 0x00, 0x7F,
    0xD0, 0x00, 0xFF, 0xFF, 0xFF, 0xD0, 0x01, 0xFF, 0x40, 0x03, 0xFF, 0xFF, 0xFF, 0xD0, 0x07, 0xFD,
    0x00, 0x0F, 0xFC, 0x07, 0xFF, 0xC0, 0x1F, 0xF4, 0x00, 0x3F, 0xF0, 0x02, 0xFF, 0x80, 0x7F, 0xD0,
    0x00, 0xFF, 0xC0, 0x03, 0xFF, 0x01, 0xFF, 0x40, 0x03, 0xFF, 0x00, 0x0F, 0xFC, 0x07, 0xFD, 0x00,
    0x0F, 0xFC, 0x00, 0x2F, 0xF0, 0x1F, 0xF4, 0x00, 0x3F, 0xF0, 0x00, 0xBF, 0xC1, 0xBF, 0xF4, 0x01,
    0xFF, 0xE4, 0x02, 0xFF, 0x3F, 0xFF, 0xF8, 0x3F, 0xFF, 0xF0, 0x0B, 0xF8, 0xFF, 0xFF, 0xE0, 0xFF,
    0xFF, 0xC0, 0x3F, 0xD0, 0x00, 0x00, 0x00, 0x00, 0x00, 0x01, 0xFF, 0x00, 0x00, 0x00, 0x00, 0x00,
    0x00, 0x0F, 0xF8, 0x00, 0x00, 0x00, 0x00, 0x00, 0x00, 0xFF, 0xC0, 0x00, 0x00, 0x00, 0x00, 0x06,
    0xBF, 0xFC, 0x00, 0x00, 0x00, 0x00, 0x00, 0x2F, 0xFF, 0x80, 0x00, 0x00, 0x00, 0x00, 0x00, 0x2F,
    0xE0, 0x00, 0x00, 0x00, 0x00, 0x00, 0x00, 0x00, 0x00, 0x0F, 0xFF, 0xFF, 0xFF, 0xFD, 0x00, 0x00,
    0xFF, 0xFF, 0xFF, 0xFF, 0xD0, 0x00, 0x01, 0xFF, 0xA5, 0xBF, 0xE0, 0x00, 0x00, 0x0F, 0xF4, 0x02,
    0xFD, 0x00, 0x00, 0x00, 0xFF, 0x40, 0x2F, 0xD0, 0x00, 0x00, 0x0F, 0xF4, 0x02, 0xFD, 0x05, 0x00,
    0x00, 0xFF, 0x40, 0x2F, 0xEF, 0xFF, 0x40, 0x0F, 0xF4, 0x02, 0xFF, 0xFF, 0xFD, 0x00, 0xFF, 0x40,
    0x2F, 0xF9, 0x7F, 0xF0, 0x0F, 0xF4, 0x02, 0xFD, 0x00, 0xFF, 0x80, 0xFF, 0x40, 0x2F, 0xD0, 0x07,
    0xFC, 0x0F, 0xF4, 0x02, 0xFD, 0x00, 0x7F, 0xC0, 0xFF, 0x40, 0x3F, 0xE0, 0x03, 0xFC, 0xBF, 0xFF,
    0x0F, 0xFF, 0xC0, 0x3F, 0xCF, 0xFF, 0xE0, 0xFF, 0xFC, 0x03, 0xFC, 0x00, 0x00, 0x00, 0x00, 0x00,
    0x7F, 0xC0, 0x00, 0x00, 0x00, 0x00, 0x07, 0xF8, 0x00, 0x00, 0x00, 0x00, 0x00, 0xFF, 0x00, 0x00,
    0x00, 0x00, 0x00, 0x2F, 0xE0, 0x00, 0x00, 0x00, 0x00, 0x5F, 0xFC, 0x00, 0x00, 0x00, 0x00, 0x1F,
    0xFE, 0x00, 0x00, 0x00, 0x00, 0x00, 0xBE, 0x40, 0x00, 0x00, 0x00, 0x6A, 0x40, 0x00, 0x00, 0x00,
    0x0B, 0xFF, 0xD0, 0x00, 0x00, 0x00, 0x7F, 0xF9, 0x00, 0x00, 0x00, 0x01, 0xFF, 0x80, 0x6F, 0xE4,
    0x00, 0x07, 0xFE, 0x02, 0xFF, 0xFE, 0x00, 0x0F, 0xF8, 0x0B, 0xFA, 0xFF, 0x40, 0x2F, 0xF0, 0x1F,
    0xF0, 0xBF, 0xC0, 0x3F, 0xE0, 0x3F, 0xD0, 0x3F, 0xD0, 0x7F, 0xD0, 0x3F, 0xC0, 0x3F, 0xE0, 0xBF,
    0xC0, 0x7F, 0xC0, 0x3F, 0xE0, 0xBF, 0xC0, 0x7F, 0xC0, 0x3F, 0xE0, 0xFF, 0xC0, 0x7F, 0xC0, 0x3F,
    0xE0, 0xBF, 0xC0, 0x7F, 0xC0, 0x3F, 0xD0, 0xBF, 0xD0, 0x3F, 0xC0, 0x3F, 0xC0, 0x7F, 0xE0, 0x3F,
    0xD0, 0x7F, 0xC0, 0x3F, 0xF0, 0x2F, 0xF0, 0xFF, 0x40, 0x2F, 0xF8, 0x0F, 0xF5, 0xFE, 0x00, 0x0F,
    0xFE, 0x07, 0xFF, 0xFC, 0x00, 0x03, 0xFF, 0xD2, 0xFF, 0xF0, 0x08, 0x00, 0xBF, 0xFF, 0xFF, 0xFF,
    0xFC, 0x00, 0x0B, 0xFF, 0xFB, 0xFF, 0xF8, 0x00, 0x00, 0x15, 0x00, 0x05, 0x00, 0x00, 0x05, 0x90,
    0x00, 0x00, 0x02, 0xFF, 0xC0, 0x00, 0x00, 0x3F, 0xE0, 0x15, 0x00, 0x03, 0xFC, 0x0B, 0xFF, 0x80,
    0x3F, 0xD0, 0xFF, 0xFF, 0x81, 0xFE, 0x0B, 0xF0, 0xFF, 0x0B, 0xF4, 0x3F, 0xC2, 0xFD, 0x3F, 0xD0,
    0xFE, 0x07, 0xF8, 0xFF, 0x07, 0xF8, 0x1F, 0xE3, 0xFD, 0x1F, 0xE0, 0x7F, 0x4F, 0xF4, 0x3F, 0xC2,
    0xFC, 0x2F, 0xF0, 0xFF, 0x0F, 0xF0, 0x3F, 0xD0, 0xFE, 0xBF, 0x00, 0xBF, 0xD1, 0xFF, 0xF0, 0x00,
    0xBF, 0xFF, 0xFF, 0xEB, 0x80, 0x6F, 0xFF, 0xFF, 0xFC, 0x00, 0x05, 0x50, 0x15, 0x00, 0x00, 0x00,
    0x6A, 0x90, 0x00, 0x07, 0xFF, 0xFF, 0xC0, 0x0F, 0xFF, 0xFF, 0xF4, 0x0F, 0xFF, 0xAB, 0xFD, 0x0B,
    0xFD, 0x00, 0x3F, 0x47, 0xFD, 0x00, 0x0F, 0xD3, 0xFF, 0x00, 0x02, 0xF0, 0xFF, 0x40, 0x00, 0x10,
    0x7F, 0xC0, 0x00, 0x00, 0x2F, 0xF0, 0x00, 0x00, 0x0B, 0xFC, 0x00, 0x00, 0x03, 0xFF, 0x00, 0x00,
    0x00, 0xFF, 0xC0, 0x00, 0x00, 0x2F, 0xF4, 0x00, 0x00, 0x0B, 0xFE, 0x00, 0x00, 0x01, 0xFF, 0xD0,
    0x00, 0x00, 0x3F, 0xFD, 0x00, 0x00, 0x07, 0xFF, 0xF9, 0x5A, 0xF0, 0xBF, 0xFF, 0xFF, 0xFC, 0x0B,
    0xFF, 0xFF, 0xFD, 0x00, 0x2F, 0xFF, 0xF9, 0x00, 0x00, 0x1F, 0xC0, 0x00, 0x00, 0x03, 0xF0, 0x00,
    0x00, 0x00, 0xFC, 0x00, 0x00, 0x2F, 0xFF, 0x00, 0x00, 0x0F, 0xFF, 0x40, 0x00, 0x01, 0xFF, 0x40,
    0x00, 0x00, 0x00, 0x00, 0x00, 0x00, 0x05, 0x90, 0x00, 0x0F, 0xFF, 0xE0, 0x07, 0xFF, 0xFF, 0x81,
    0xFF, 0x9F, 0xFC, 0x3F, 0xD0, 0x3F, 0xC7, 0xFC, 0x03, 0xF4, 0xBF, 0x80, 0x14, 0x0F, 0xF8, 0x00,
    0x00, 0xFF, 0x80, 0x00, 0x0F, 0xF8, 0x00, 0x00, 0xFF, 0xC0, 0x00, 0x0B, 0xFE, 0x00, 0x00, 0x7F,
    0xF8, 0x00, 0x83, 0xFF, 0xFF, 0xFC, 0x0F, 0xFF, 0xFF, 0xC0, 0x2F, 0xFF, 0xE0, 0x00, 0x0B, 0xD0,
    0x00, 0x00, 0x7C, 0x00, 0x01, 0x0B, 0xC0, 0x00, 0x3F, 0xFC, 0x00, 0x03, 0xFF, 0x40, 0x00, 0x1A,
    0x80, 0x00, 0x00, 0x00, 0x00, 0x00, 0x00, 0x3F, 0xFF, 0xFF, 0xFF, 0xFF, 0x3F, 0xFF, 0xFF, 0xFF,
    0xFF, 0x3F, 0xFF, 0xFF, 0xFF, 0xFF, 0x3F, 0x40, 0xFF, 0x80, 0xBE, 0x3F, 0x00, 0xFF, 0x80, 0xBE,
    0x3F, 0x00, 0xFF, 0x80, 0xBD, 0x09, 0x00, 0xFF, 0x80, 0x64, 0x00, 0x00, 0xFF, 0x80, 0x00, 0x00,
    0x00, 0xFF, 0x80, 0x00, 0x00, 0x00, 0xFF, 0x80, 0x00, 0x00, 0x00, 0xFF, 0x80, 0x00, 0x00, 0x00,
    0xFF, 0x80, 0x00, 0x00, 0x00, 0xFF, 0x80, 0x00, 0x00, 0x00, 0xFF, 0x80, 0x00, 0x00, 0x00, 0xFF,
    0x80, 0x00, 0x00, 0x00, 0xFF, 0x80, 0x00, 0x00, 0x00, 0xFF, 0x80, 0x00, 0x00, 0x06, 0xFF, 0xE8,
    0x00, 0x00, 0x3F, 0xFF, 0xFF, 0x00, 0x00, 0x3F, 0xFF, 0xFF, 0x00, 0x00, 0x00, 0x01, 0xFF, 0x00,
    0x00, 0x00, 0x00, 0xFE, 0x00, 0x00, 0x00, 0x00, 0xFD, 0x00, 0x00, 0x00, 0x00, 0xFC, 0x00, 0x00,
    0x00, 0x00, 0xBC, 0x00, 0x00, 0x00, 0x00, 0x3C, 0x00, 0x00, 0x00, 0x00, 0x00, 0x0F, 0xFF, 0xFF,
    0xFF, 0xF3, 0xFF, 0xFF, 0xFF, 0xFC, 0xFE, 0xAF, 0xFA, 0xBF, 0x3F, 0x07, 0xFC, 0x1F, 0xCF, 0xC1,
    0xFF, 0x03, 0xE3, 0xF0, 0x7F, 0xC0, 0xF4, 0x00, 0x1F, 0xF0, 0x00, 0x00, 0x07, 0xFC, 0x00, 0x00,
    0x01, 0xFF, 0x00, 0x00, 0x00, 0x7F, 0xC0, 0x00, 0x00, 0x1F, 0xF0, 0x00, 0x00, 0x07, 0xFC, 0x00,
    0x00, 0x02, 0xFF, 0x90, 0x00, 0x07, 0xFF, 0xFF, 0x00, 0x02, 0xFF, 0xFF, 0xC0, 0x00, 0x00, 0x0F,
    0xE0, 0x00, 0x00, 0x03, 0xF8, 0x00, 0x00, 0x00, 0xFD, 0x00, 0x00, 0x00, 0x2F, 0x00, 0x00, 0x00,
    0x07, 0xC0, 0x00, 0x00, 0x00, 0x00, 0x00, 0x00, 0x00, 0x00, 0x00, 0x00, 0x1F, 0xFF, 0xFC, 0x2F,
    0xFF, 0xEB, 0xFF, 0xFE, 0x0B, 0xFF, 0xF4, 0x7F, 0xFD, 0x00, 0x3F, 0xE0, 0x03, 0xFF, 0x00, 0x0F,
    0xF0, 0x00, 0x7F, 0xE0, 0x07, 0xF0, 0x00, 0x0F, 0xFC, 0x03, 0xF8, 0x00, 0x00, 0xFF, 0x81, 0xFC,
    0x00, 0x00, 0x2F, 0xF0, 0xFD, 0x00, 0x00, 0x03, 0xFE, 0x7F, 0x00, 0x00, 0x00, 0x7F, 0xFF, 0x00,
    0x00, 0x00, 0x0F, 0xFF, 0x80, 0x00, 0x00, 0x00, 0xFF, 0xC0, 0x00, 0x00, 0x00, 0x3F, 0xF0, 0x00,
    0x00, 0x00, 0x0F, 0xFC, 0x00, 0x00, 0x00, 0x03, 0xFF, 0x00, 0x00, 0x00, 0x00, 0xFF, 0xC0, 0x00,
    0x00, 0x00, 0x3F, 0xF0, 0x00, 0x00, 0x00, 0x2F, 0xFE, 0x40, 0x00, 0x00, 0x7F, 0xFF, 0xFC, 0x00,
    0x00, 0x2F, 0xFF, 0xFE, 0x00, 0x00, 0x00, 0x00, 0x00, 0x00, 0x01, 0xFF, 0xFF, 0x43, 0xFF, 0xE3,
    0xFF, 0xFC, 0x0F, 0xFF, 0x43, 0xFF, 0x80, 0x0F, 0xF0, 0x03, 0xFE, 0x00, 0x3F, 0x80, 0x0F, 0xFC,
    0x01, 0xFC, 0x00, 0x1F, 0xF4, 0x0F, 0xF0, 0x00, 0x3F, 0xE0, 0x3F, 0x40, 0x00, 0xBF, 0xC2, 0xFC,
    0x00, 0x00, 0xFF, 0x0F, 0xD0, 0x00, 0x02, 0xFE, 0x7F, 0x00, 0x00, 0x03, 0xFE, 0xF8, 0x00, 0x00,
    0x0F, 0xFF, 0xC0, 0x00, 0x00, 0x1F, 0xFE, 0x00, 0x00, 0x00, 0x3F, 0xF0, 0x00, 0x00, 0x00, 0xBF,
    0xC0, 0x00, 0x00, 0x01, 0xFE, 0x00, 0x00, 0x00, 0x07, 0xF8, 0x00, 0x00, 0x00, 0x1F, 0xE0, 0x00,
    0x00, 0x00, 0x7F, 0x80, 0x00, 0x00, 0x07, 0xFF, 0x90, 0x00, 0x00, 0x7F, 0xFF, 0x80, 0x00, 0x01,
    0xAA, 0xA9, 0x00, 0x00, 0x00, 0x00, 0x00, 0x00, 0x00, 0x1F, 0xFF, 0xFC, 0x2F, 0xFF, 0xEB, 0xFF,
    0xFE, 0x0B, 0xFF, 0xF4, 0x7F, 0xFD, 0x00, 0x3F, 0xE0, 0x03, 0xFF, 0x00, 0x0F, 0xF0, 0x00, 0x7F,
    0xE0, 0x07, 0xF0, 0x00, 0x0F, 0xFC, 0x03, 0xF8, 0x00, 0x00, 0xFF, 0x41, 0xFC, 0x00, 0x00, 0x2F,
    0xF0, 0xFD, 0x00, 0x00, 0x03, 0xFD, 0x7F, 0x00, 0x00, 0x00, 0x7F, 0xFF, 0x00, 0x00, 0x00, 0x0F,
    0xFF, 0x80, 0x00, 0x00, 0xBF, 0xFF, 0xFF, 0xC0, 0x00, 0x3F, 0xFF, 0xFF, 0xF0, 0x00, 0x01, 0x5F,
    0xFD, 0x54, 0x00, 0x00, 0x03, 0xFF, 0x00, 0x00, 0x00, 0x00, 0xFF, 0xC0, 0x00, 0x00, 0x00, 0x3F,
    0xF0, 0x00, 0x00, 0x00, 0x2F, 0xFE, 0x40, 0x00, 0x00, 0x7F, 0xFF, 0xFC, 0x00, 0x00, 0x2F, 0xFF,
    0xFE, 0x00, 0x00, 0x00, 0x00, 0x00, 0x00, 0x01, 0xFF, 0xFF, 0x43, 0xFF, 0xE3, 0xFF, 0xFC, 0x0F,
    0xFF, 0x43, 0xFF, 0x80, 0x0F, 0xF0, 0x03, 0xFE, 0x00, 0x3F, 0x80, 0x0F, 0xFC, 0x01, 0xFC, 0x00,
    0x1F, 0xF4, 0x0F, 0xE0, 0x00, 0x3F, 0xE0, 0x3F, 0x40, 0x00, 0x7F, 0xC1, 0xFC, 0x00, 0x00, 0xFF,
    0x0F, 0xD0, 0x00, 0x02, 0xFD, 0x3F, 0x00, 0x00, 0x03, 0xFA, 0xF4, 0x00, 0x00, 0x0B, 0xFF, 0xC0,
    0x00, 0x00, 0x0F, 0xFE, 0x00, 0x00, 0x06, 0xBF, 0xFE, 0x80, 0x00, 0x2F, 0xFF, 0xFF, 0x00, 0x00,
    0x02, 0xFF, 0x00, 0x00, 0x00, 0x07, 0xF8, 0x00, 0x00, 0x00, 0x1F, 0xE0, 0x00, 0x00, 0x00, 0x7F,
    0x80, 0x00, 0x00, 0x07, 0xFF, 0x90, 0x00, 0x00, 0x7F, 0xFF, 0x80, 0x00, 0x01, 0xAA, 0xA9, 0x00,
    0x00, 0x00, 0x00, 0x00, 0x00, 0x00, 0x00, 0xBF, 0xFF, 0xF0, 0xFF, 0xFF, 0x43, 0xFF, 0xFF, 0x83,
    0xFF, 0xFC, 0x01, 0xFF, 0xF0, 0x01, 0xFF, 0x40, 0x00, 0xFF, 0xD0, 0x0F, 0xF4, 0x00, 0x01, 0xFF,
    0xC0, 0xBF, 0x40, 0x00, 0x02, 0xFF, 0x87, 0xF8, 0x00, 0x00, 0x02, 0xFF, 0x7F, 0xC0, 0x00, 0x00,
    0x03, 0xFF, 0xFC, 0x00, 0x00, 0x00, 0x03, 0xFF, 0xC0, 0x00, 0x00, 0x00, 0x0B, 0xFF, 0x00, 0x00,
    0x00, 0x00, 0x3F, 0xFD, 0x00, 0x00, 0x00, 0x02, 0xFF, 0xFD, 0x00, 0x00, 0x00, 0x1F, 0xEF, 0xFC,
    0x00, 0x00, 0x00, 0xFE, 0x1F, 0xF8, 0x00, 0x00, 0x0F, 0xF0, 0x2F, 0xF8, 0x00, 0x00, 0xFF, 0x40,
    0x3F, 0xF4, 0x00, 0x0B, 0xF8, 0x00, 0x7F, 0xF0, 0x00, 0xBF, 0xE4, 0x01, 0xFF, 0xF9, 0x1F, 0xFF,
    0xF8, 0x3F, 0xFF, 0xFC, 0xBF, 0xFF, 0xD0, 0xFF, 0xFF, 0xF0, 0x00, 0x00, 0x00, 0x00, 0x3F, 0xC0,
    0x00, 0x00, 0x00, 0x00, 0xFF, 0x00, 0x00, 0x00, 0x00, 0x02, 0xF8, 0x00, 0x00, 0x00, 0x00, 0x0B,
    0xE0, 0x00, 0x00, 0x00, 0x00, 0x1F, 0x40, 0x00, 0x00, 0x00, 0x00, 0x2C, 0x00, 0x00, 0x00, 0x00,
    0x00, 0x03, 0xFF, 0xF8, 0x7F, 0xFD, 0x3F, 0xFF, 0x42, 0xFF, 0x80, 0x7F, 0xE0, 0x2F, 0xD0, 0x01,
    0xFF, 0x43, 0xF4, 0x00, 0x07, 0xFC, 0xFD, 0x00, 0x00, 0x2F, 0xFF, 0x80, 0x00, 0x00, 0xBF, 0xF0,
    0x00, 0x00, 0x03, 0xFD, 0x00, 0x00, 0x00, 0xFF, 0xF4, 0x00, 0x00, 0x3F, 0xFF, 0xC0, 0x00, 0x0B,
    0xF1, 0xFF, 0x00, 0x02, 0xFD, 0x0F, 0xFC, 0x00, 0xBF, 0x80, 0x3F, 0xF4, 0x3F, 0xFE, 0x0F, 0xFF,
    0xFB, 0xFF, 0xE1, 0xFF, 0xFF, 0x00, 0x00, 0x00, 0x0F, 0xE0, 0x00, 0x00, 0x00, 0xFE, 0x00, 0x00,
    0x00, 0x0F, 0xD0, 0x00, 0x00, 0x00, 0xBC, 0x00, 0x00, 0x00, 0x07, 0xC0, 0x00, 0x00, 0x00, 0x00,
    0x00, 0x00, 0x00, 0x00, 0x00, 0x00, 0x00, 0xFF, 0xFF, 0xFF, 0xF4, 0xFF, 0xFF, 0x03, 0xFF, 0xFF,
    0xFF, 0xC7, 0xFF, 0xFC, 0x0F, 0xD7, 0xFE, 0x7F, 0x07, 0xFF, 0x40, 0x3E, 0x0F, 0xF4, 0xBC, 0x0F,
    0xFC, 0x00, 0xF4, 0x3F, 0xD2, 0xF0, 0x3F, 0xF0, 0x02, 0xC0, 0xFF, 0x4B, 0x40, 0xFF, 0xC0, 0x00,
    0x03, 0xFD, 0x00, 0x03, 0xFF, 0x00, 0x00, 0x0F, 0xF4, 0x00, 0x0F, 0xFC, 0x00, 0x00, 0x3F, 0xD0,
    0x00, 0x3F, 0xF0, 0x00, 0x00, 0xFF, 0x40, 0x00, 0xFF, 0xC0, 0x00, 0x03, 0xFD, 0x00, 0x03, 0xFF,
    0x00, 0x00, 0x0F, 0xF4, 0x00, 0x0F, 0xFC, 0x00, 0x00, 0x3F, 0xD0, 0x00, 0x3F, 0xF0, 0x00, 0x00,
    0xFF, 0x40, 0x00, 0xFF, 0xC0, 0x00, 0x03, 0xFD, 0x00, 0x03, 0xFF, 0x00, 0x00, 0x0F, 0xF4, 0x00,
    0x0F, 0xFC, 0x00, 0x00, 0x3F, 0xD0, 0x00, 0x3F, 0xF0, 0x00, 0x06, 0xFF, 0xFF, 0xFF, 0xFF, 0xE9,
    0x00, 0xFF, 0xFF, 0xFF, 0xFF, 0xFF, 0xFC, 0x03, 0xFF, 0xFF, 0xFF, 0xFF, 0xFF, 0xF0, 0x00, 0x00,
    0x00, 0x00, 0x00, 0x3F, 0xC0, 0x00, 0x00, 0x00, 0x00, 0x00, 0xFF, 0x00, 0x00, 0x00, 0x00, 0x00,
    0x03, 0xF8, 0x00, 0x00, 0x00, 0x00, 0x00, 0x0B, 0xD0, 0x00, 0x00, 0x00, 0x00, 0x00, 0x1F, 0x40,
    0x00, 0x00, 0x00, 0x00, 0x00, 0x2C, 0x00, 0x00, 0x00, 0x00, 0x00, 0x00, 0x00, 0xFF, 0xFF, 0xFF,
    0x1F, 0xFF, 0xC3, 0xFF, 0xFF, 0xFC, 0x7F, 0xFE, 0x0F, 0x8B, 0xF5, 0xF0, 0x7F, 0xC0, 0x3E, 0x2F,
    0xD3, 0xC0, 0xFF, 0x00, 0xF4, 0xBF, 0x4F, 0x03, 0xFC, 0x00, 0x42, 0xFD, 0x10, 0x0F, 0xF0, 0x00,
    0x0B, 0xF4, 0x00, 0x3F, 0xC0, 0x00, 0x2F, 0xD0, 0x00, 0xFF, 0x00, 0x00, 0xBF, 0x40, 0x03, 0xFC,
    0x00, 0x02, 0xFD, 0x00, 0x0F, 0xF0, 0x00, 0x0B, 0xF4, 0x00, 0x3F, 0xC0, 0x00, 0x2F, 0xD0, 0x00,
    0xFF, 0x00, 0x00, 0xFF, 0xAA, 0xAB, 0xFD, 0x40, 0x1F, 0xFF, 0xFF, 0xFF, 0xFF, 0xC0, 0xBF, 0xFF,
    0xFF, 0xFF, 0xFF, 0x00, 0x00, 0x00, 0x00, 0x03, 0xF8, 0x00, 0x00, 0x00, 0x00, 0x0F, 0xD0, 0x00,
    0x00, 0x00, 0x00, 0x3F, 0x40, 0x00, 0x00, 0x00, 0x00, 0xBC, 0x00, 0x00, 0x00, 0x00, 0x01, 0xF0,
    0x00, 0x00, 0x00, 0x00, 0x00, 0x00, 0x00, 0x00, 0x00, 0x00, 0x00, 0x01, 0xFF, 0xFF, 0xC3, 0xFF,
    0xFF, 0x47, 0xFF, 0xFF, 0x0F, 0xFF, 0xFC, 0x06, 0xFF, 0xD0, 0x0B, 0xFF, 0x40, 0x03, 0xFF, 0x00,
    0x0F, 0xFC, 0x00, 0x0F, 0xFC, 0x00, 0x3F, 0xF0, 0x00, 0x3F, 0xF0, 0x00, 0xFF, 0xC0, 0x00, 0xFF,
    0xC0, 0x03, 0xFF, 0x00, 0x03, 0xFF, 0x00, 0x0F, 0xFC, 0x00, 0x0B, 0xFE, 0x00, 0x3F, 0xF0, 0x00,
    0x1F, 0xFF, 0x9A, 0xFF, 0xC0, 0x00, 0x3F, 0xFF, 0xFF, 0xFF, 0x00, 0x00, 0x2F, 0xFF, 0xFF, 0xFC,
    0x00, 0x00, 0x0A, 0xA9, 0x3F, 0xF0, 0x00, 0x00, 0x00, 0x00, 0xFF, 0xC0, 0x00, 0x00, 0x00, 0x03,
    0xFF, 0x00, 0x00, 0x00, 0x00, 0x0F, 0xFC, 0x00, 0x00, 0x00, 0x00, 0x3F, 0xF0, 0x00, 0x00, 0x00,
    0x02, 0xFF, 0xE9, 0x00, 0x00, 0x00, 0x7F, 0xFF, 0xFC, 0x00, 0x00, 0x01, 0xFF, 0xFF, 0xF0, 0x00,
    0x00, 0x00, 0x00, 0x3F, 0xC0, 0x00, 0x00, 0x00, 0x00, 0xFF, 0x00, 0x00, 0x00, 0x00, 0x03, 0xF8,
    0x00, 0x00, 0x00, 0x00, 0x0B, 0xD0, 0x00, 0x00, 0x00, 0x00, 0x1F, 0x40, 0x00, 0x00, 0x00, 0x00,
    0x2C, 0x00, 0x00, 0x00, 0x00, 0x00, 0x02, 0xFF, 0xFC, 0x7F, 0xFF, 0x8B, 0xFF, 0xF1, 0xFF, 0xFD,
    0x03, 0xFE, 0x00, 0xFF, 0x80, 0x0B, 0xF8, 0x03, 0xFD, 0x00, 0x2F, 0xE0, 0x0F, 0xF4, 0x00, 0xBF,
    0xC0, 0x3F, 0xD0, 0x01, 0xFF, 0x40, 0xFF, 0x40, 0x03, 0xFF, 0xFF, 0xFD, 0x00, 0x07, 0xFF, 0xFF,
    0xF4, 0x00, 0x01, 0xAA, 0x7F, 0xD0, 0x00, 0x00, 0x00, 0xFF, 0x40, 0x00, 0x00, 0x03, 0xFD, 0x00,
    0x00, 0x00, 0x0F, 0xFD, 0x00, 0x00, 0x0B, 0xFF, 0xFF, 0x40, 0x00, 0x3F, 0xFF, 0xFD, 0x00, 0x00,
    0x00, 0x0B, 0xF0, 0x00, 0x00, 0x00, 0x1F, 0xC0, 0x00, 0x00, 0x00, 0x7F, 0x00, 0x00, 0x00, 0x00,
    0xF8, 0x00, 0x00, 0x00, 0x02, 0xD0, 0x00, 0x00, 0x00, 0x01, 0x00, 0x00, 0x00, 0x00, 0x00, 0x00,
    0x07, 0xFF, 0xFF, 0x0F, 0xFF, 0xFD, 0x7F, 0xFF, 0xF0, 0xFF, 0xFF, 0xC1, 0xBF, 0xF4, 0x02, 0xFF,
    0xD0, 0x03, 0xFF, 0x00, 0x0F, 0xFC, 0x00, 0x3F, 0xF0, 0x00, 0xFF, 0xC0, 0x03, 0xFF, 0x00, 0x0F,
    0xFC, 0x00, 0x3F, 0xF0, 0x10, 0xFF, 0xC0, 0x03, 0xFF, 0x0F, 0x0F, 0xFC, 0x00, 0x2F, 0xF8, 0xF0,
    0xFF, 0xC0, 0x01, 0xFF, 0xFF, 0xAF, 0xFC, 0x00, 0x0F, 0xFF, 0xFF, 0xFF, 0xC0, 0x00, 0x2F, 0xFF,
    0xFF, 0xFC, 0x00, 0x00, 0x2A, 0xF4, 0xFF, 0xC0, 0x00, 0x00, 0x0F, 0x0F, 0xFC, 0x00, 0x00, 0x00,
    0xF0, 0xFF, 0xC0, 0x00, 0x00, 0x00, 0x0F, 0xFC, 0x00, 0x00, 0x00, 0x00, 0xFF, 0xC0, 0x00, 0x00,
    0x00, 0x2F, 0xFE, 0x40, 0x00, 0x00, 0x1F, 0xFF, 0xFD, 0x00, 0x00, 0x01, 0xFF, 0xFF, 0xD0, 0x00,
    0x00, 0x00, 0x00, 0x0B, 0xFF, 0xF0, 0xFF, 0xFF, 0xBF, 0xFF, 0x0F, 0xFF, 0xE0, 0xFF, 0x80, 0x2F,
    0xF0, 0x0B, 0xF8, 0x02, 0xFF, 0x00, 0xBF, 0x80, 0x2F, 0xF0, 0x0B, 0xFC, 0x72, 0xFF, 0x00, 0x7F,
    0xCB, 0x2F, 0xF0, 0x03, 0xFF, 0xFF, 0xFF, 0x00, 0x1F, 0xFF, 0xFF, 0xF0, 0x00, 0x1A, 0xFA, 0xFF,
    0x00, 0x00, 0x0B, 0x2F, 0xF0, 0x00, 0x00, 0x62, 0xFF, 0x00, 0x00, 0x00, 0x2F, 0xF4, 0x00, 0x00,
    0x3F, 0xFF, 0xF0, 0x00, 0x03, 0xFF, 0xFF, 0x00, 0x00, 0x00, 0x00, 0x00, 0x0F, 0xFF, 0xFF, 0x00,
    0x00, 0x00, 0xFF, 0xFF, 0xE0, 0x00, 0x00, 0x01, 0xBF, 0xE0, 0x00, 0x00, 0x00, 0x07, 0xFD, 0x00,
    0x00, 0x00, 0x00, 0x7F, 0xD0, 0x00, 0x00, 0x00, 0x07, 0xFD, 0x00, 0x00, 0x00, 0x00, 0x7F, 0xD0,
    0x00, 0x00, 0x00, 0x07, 0xFD, 0x6F, 0xF8, 0x00, 0x00, 0x7F, 0xFF, 0xFF, 0xF8, 0x00, 0x07, 0xFF,
    0xFF, 0xFF, 0xD0, 0x00, 0x7F, 0xF5, 0x1F, 0xFF, 0x00, 0x07, 0xFD, 0x00, 0x3F, 0xF0, 0x00, 0x7F,
    0xD0, 0x01, 0xFF, 0x40, 0x07, 0xFD, 0x00, 0x1F, 0xF4, 0x00, 0x7F, 0xD0, 0x00, 0xFF, 0x40, 0x07,
    0xFD, 0x00, 0x0F, 0xF4, 0x00, 0x7F, 0xD0, 0x00, 0xFF, 0x40, 0x1B, 0xFF, 0x40, 0x2F, 0xFE, 0x4F,
    0xFF, 0xFE, 0x1F, 0xFF, 0xFC, 0xFF, 0xFF, 0xE2, 0xFF, 0xFF, 0xC0, 0x00, 0x14, 0x00, 0x00, 0x00,
    0xBF, 0xF4, 0x00, 0x00, 0x0F, 0xFF, 0xD0, 0x00, 0x00, 0x1B, 0xFF, 0x40, 0x00, 0x00, 0x07, 0xFD,
    0x00, 0x00, 0x00, 0x1F, 0xF4, 0x00, 0x00, 0x00, 0x7F, 0xC0, 0x00, 0x00, 0x01, 0xFF, 0x01, 0x64,
    0x00, 0x07, 0xFC, 0xBF, 0xFC, 0x00, 0x1F, 0xFF, 0xFF, 0xFC, 0x00, 0x7F, 0xFF, 0xFF, 0xF4, 0x01,
    0xFF, 0xD0, 0x7F, 0xE0, 0x07, 0xFD, 0x00, 0xFF, 0x80, 0x1F, 0xF4, 0x03, 0xFE, 0x00, 0x7F, 0xD0,
    0x0F, 0xF8, 0x01, 0xFF, 0x40, 0x3F, 0xE0, 0x07, 0xFD, 0x00, 0xFF, 0x80, 0x1F, 0xF4, 0x03, 0xFE,
    0x00, 0x7F, 0xD0, 0x0F, 0xF8, 0x01, 0xFF, 0x40, 0x3F, 0xE0, 0x07, 0xFD, 0x00, 0xFF, 0xD0, 0xFF,
    0xFF, 0x0F, 0xFF, 0xE7, 0xFF, 0xF8, 0x7F, 0xFF, 0x80, 0x00, 0x00, 0x00, 0x1A, 0xA4, 0x00, 0x00,
    0x00, 0x07, 0xFF, 0xFF, 0x40, 0x00, 0x00, 0x2F, 0xFF, 0xFF, 0xD0, 0x00, 0x00, 0xFF, 0xE5, 0xBF,
    0xF0, 0x00, 0x02, 0xFF, 0x00, 0x0F, 0xF8, 0x0F, 0x03, 0xFD, 0x00, 0x07, 0xFC, 0x3F, 0x0B, 0xFC,
    0x00, 0x03, 0xFD, 0x7F, 0x0F, 0xF8, 0x00, 0x03, 0xFD, 0x7F, 0x5F, 0xF4, 0x00, 0x03, 0xFD, 0x7F,
    0xFF, 0xFF, 0xFF, 0xFF, 0xFD, 0x3F, 0xFF, 0xFF, 0xFF, 0xFF, 0xFC, 0x06, 0xFF, 0xFF, 0xFF, 0xFF,
    0xFC, 0x00, 0x1F, 0xF4, 0x00, 0x00, 0x00, 0x00, 0x1F, 0xF8, 0x00, 0x00, 0x00, 0x00, 0x0F, 0xFC,
    0x00, 0x00, 0x00, 0x00, 0x0F, 0xFD, 0x00, 0x00, 0x00, 0x00, 0x0B, 0xFF, 0x40, 0x00, 0x00, 0x00,
    0x03, 0xFF, 0xF4, 0x01, 0xAC, 0x00, 0x01, 0xFF, 0xFF, 0xFF, 0xFC, 0x00, 0x00, 0x7F, 0xFF, 0xFF,
    0xF4, 0x00, 0x00, 0x0B, 0xFF, 0xFF, 0x80, 0x00, 0x00, 0x00, 0x15, 0x50, 0x00, 0x00, 0x00, 0x05,
    0x90, 0x00, 0x00, 0x02, 0xFF, 0xFC, 0x00, 0x00, 0x3F, 0xFF, 0xFC, 0x01, 0x43, 0xFE, 0x5F, 0xFC,
    0x3D, 0x1F, 0xE0, 0x0F, 0xF1, 0xF4, 0xFF, 0x00, 0x3F, 0xD7, 0xE7, 0xFC, 0x00, 0xFF, 0x4F, 0xFF,
    0xFF, 0xFF, 0xFC, 0x2F, 0xFF, 0xFF, 0xFF, 0xF0, 0x02, 0xFF, 0x55, 0x55, 0x40, 0x07, 0xFC, 0x00,
    0x00, 0x00, 0x0F, 0xF4, 0x00, 0x00, 0x00, 0x3F, 0xF4, 0x00, 0x10, 0x00, 0x7F, 0xFF, 0xFF, 0xC0,
    0x00, 0xBF, 0xFF, 0xFE, 0x00, 0x00, 0x7F, 0xFF, 0xE0, 0x00, 0x00, 0x05, 0x50, 0x00, 0x00, 0x00,
    0x00, 0x1A, 0xA4, 0x00, 0x00, 0x00, 0x07, 0xFF, 0xFF, 0x40, 0x00, 0x00, 0x2F, 0xFF, 0xFF, 0xD0,
    0x00, 0x00, 0xFF, 0xE5, 0xBF, 0xF0, 0x00, 0x02, 0xFF, 0x00, 0x0F, 0xF8, 0x0F, 0x03, 0xFD, 0x00,
    0x07, 0xFC, 0x3F, 0x0B, 0xFC, 0x00, 0x03, 0xFD, 0x7F, 0x0F, 0xF8, 0x00, 0x03, 0xFD, 0x7F, 0x5F,
    0xF4, 0x00, 0x03, 0xFD, 0x7F, 0xFF, 0xFF, 0xFF, 0xFF, 0xFD, 0x3F, 0xFF, 0xFF, 0xFF, 0xFF, 0xFC,
    0x06, 0xFF, 0xFF, 0xFF, 0xFF, 0xFC, 0x00, 0x1F, 0xF4, 0x00, 0x00, 0x00, 0x00, 0x1F, 0xF8, 0x00,
    0x00, 0x00, 0x00, 0x0F, 0xFC, 0x00, 0x00, 0x00, 0x00, 0x0F, 0xFD, 0x00, 0x00, 0x00, 0x00, 0x0B,
    0xFF, 0x40, 0x00, 0x00, 0x00, 0x03, 0xFF, 0xF4, 0x01, 0xAC, 0x00, 0x01, 0xFF, 0xFF, 0xFF, 0xFC,
    0x00, 0x00, 0x7F, 0xFF, 0xFF, 0xF4, 0x00, 0x00, 0x0B, 0xFF, 0xFF, 0x80, 0x00, 0x00, 0x00, 0x3F,
    0xD0, 0x00, 0x00, 0x00, 0x00, 0x2F, 0xC0, 0x00, 0x00, 0x00, 0x00, 0x2F, 0xC0, 0x00, 0x00, 0x00,
    0x00, 0x1F, 0x80, 0x00, 0x00, 0x00, 0x00, 0x0F, 0x80, 0x00, 0x00, 0x00, 0x00, 0x0B, 0x40, 0x00,
    0x00, 0x00, 0x05, 0x90, 0x00, 0x00, 0x02, 0xFF, 0xFC, 0x00, 0x00, 0x3F, 0xFF, 0xFC, 0x01, 0x43,
    0xFE, 0x5F, 0xFC, 0x3D, 0x1F, 0xE0, 0x0F, 0xF1, 0xF4, 0xFF, 0x00, 0x3F, 0xD7, 0xE7, 0xFC, 0x00,
    0xFF, 0x4F, 0xFF, 0xFF, 0xFF, 0xFC, 0x2F, 0xFF, 0xFF, 0xFF, 0xF0, 0x02, 0xFF, 0x55, 0x55, 0x40,
    0x07, 0xFC, 0x00, 0x00, 0x00, 0x0F, 0xF4, 0x00, 0x00, 0x00, 0x3F, 0xF4, 0x00, 0x10, 0x00, 0x7F,
    0xFF, 0xFF, 0xC0, 0x00, 0xBF, 0xFF, 0xFF, 0x00, 0x00, 0x7F, 0xFF, 0xE0, 0x00, 0x00, 0x0F, 0xF0,
    0x00, 0x00, 0x00, 0x2F, 0xC0, 0x00, 0x00, 0x00, 0x7E, 0x00, 0x00, 0x00, 0x01, 0xF8, 0x00, 0x00,
    0x00, 0x03, 0xD0, 0x00, 0x00, 0x00, 0x06, 0x00, 0x00, 0x00, 0x00, 0x03, 0xFF, 0xFF, 0xCF, 0xFF,
    0xFF, 0x06, 0xFF, 0x80, 0x07, 0xFD, 0x00, 0x1F, 0xF4, 0x00, 0x7F, 0xD0, 0x01, 0xFF, 0x40, 0x07,
    0xFD, 0x00, 0x1F, 0xF4, 0x00, 0x7F, 0xD0, 0x01, 0xFF, 0x40, 0x07, 0xFD, 0x00, 0x1F, 0xF4, 0x00,
    0x7F, 0xD0, 0x01, 0xFF, 0x40, 0x07, 0xFD, 0x00, 0x1F, 0xF4, 0x01, 0xBF, 0xF9, 0x3F, 0xFF, 0xFC,
    0xFF, 0xFF, 0xF0, 0x00, 0x00, 0x01, 0x90, 0x06, 0x40, 0x00, 0x00, 0x00, 0x00, 0x03, 0xF0, 0x0F,
    0xC0, 0x00, 0x00, 0x00, 0x00, 0x03, 0xF4, 0x1F, 0xC0, 0x00, 0x00, 0x00, 0x00, 0x03, 0xFF, 0xBF,
    0xC0, 0x00, 0x00, 0x00, 0x00, 0x00, 0xBF, 0xFE, 0x00, 0x00, 0x00, 0x00, 0x00, 0x00, 0x05, 0x50,
    0x00, 0x00, 0x00, 0x00, 0x00, 0x00, 0x00, 0x00, 0x00, 0x00, 0x00, 0x01, 0x90, 0x00, 0x00, 0x00,
    0x00, 0x06, 0x40, 0x07, 0xFC, 0x01, 0xFF, 0xFF, 0xC0, 0x3F, 0xE0, 0x0F, 0xFF, 0x02, 0xFF, 0xFF,
    0x80, 0xBF, 0xF0, 0x0F, 0xFF, 0x40, 0x6F, 0xF8, 0x01, 0xFF, 0xF0, 0x0B, 0xBF, 0xC0, 0x0F, 0xF0,
    0x03, 0xFE, 0xE0, 0x00, 0x0F, 0xE0, 0x0F, 0xF0, 0x07, 0xF4, 0x00, 0x00, 0x07, 0xF0, 0x0F, 0xF0,
    0x0F, 0xE0, 0x00, 0x00, 0x03, 0xF8, 0x0F, 0xF0, 0x1F, 0xC0, 0x00, 0x00, 0x00, 0xFC, 0x0F, 0xF0,
    0x3F, 0x40, 0x00, 0x00, 0x00, 0xBF, 0xAF, 0xFA, 0xFE, 0x00, 0x00, 0x00, 0x00, 0xFF, 0xFF, 0xFF,
    0xFF, 0x00, 0x00, 0x00, 0x01, 0xFF, 0xFF, 0xFF, 0xFF, 0x80, 0x00, 0x00, 0x03, 0xFE, 0x0F, 0xF0,
    0x7F, 0xC0, 0x00, 0x00, 0x0F, 0xFC, 0x0F, 0xF0, 0x3F, 0xF0, 0x00, 0x00, 0x1F, 0xF8, 0x0F, 0xF0,
    0x1F, 0xF8, 0x00, 0x00, 0x3F, 0xF0, 0x0F, 0xF0, 0x0F, 0xFD, 0x00, 0x00, 0xFF, 0xE0, 0x0F, 0xF0,
    0x07, 0xFF, 0x00, 0x02, 0xFF, 0xC0, 0x0F, 0xF0, 0x03, 0xFF, 0xC0, 0x0B, 0xFF, 0x40, 0x2F, 0xFE,
    0x00, 0xFF, 0xE0, 0x2F, 0xFE, 0x02, 0xFF, 0xFF, 0x80, 0x7F, 0xF8, 0x7F, 0xF8, 0x03, 0xFF, 0xFF,
    0x80, 0x1F, 0xFE, 0x05, 0x40, 0x00, 0x00, 0x00, 0x00, 0x01, 0x50, 0x00, 0x00, 0x10, 0x00, 0x40,
    0x00, 0x00, 0x00, 0x0F, 0xC0, 0x3F, 0x00, 0x00, 0x00, 0x00, 0xFD, 0x07, 0xF0, 0x00, 0x00, 0x00,
    0x0F, 0xF0, 0xFF, 0x00, 0x00, 0x00, 0x00, 0x3F, 0xFF, 0xC0, 0x00, 0x00, 0x00, 0x00, 0xAF, 0xA0,
    0x00, 0x00, 0x00, 0x00, 0x00, 0x00, 0x00, 0x00, 0x00, 0x24, 0x00, 0x00, 0x00, 0x01, 0x90, 0x0F,
    0xF0, 0x1F, 0xFF, 0x80, 0xFF, 0x42, 0xFF, 0x81, 0xFF, 0xF4, 0x2F, 0xF8, 0x1F, 0xFD, 0x03, 0xFC,
    0x07, 0xFF, 0x40, 0x0B, 0xF0, 0x3F, 0xC0, 0xFE, 0x00, 0x00, 0x2F, 0x43, 0xFC, 0x1F, 0xC0, 0x00,
    0x00, 0xFC, 0x3F, 0xC3, 0xF0, 0x00, 0x00, 0x0B, 0xFB, 0xFE, 0xFE, 0x00, 0x00, 0x00, 0xFF, 0xFF,
    0xFF, 0xF4, 0x00, 0x00, 0x3F, 0xE7, 0xFD, 0x7F, 0xC0, 0x00, 0x0B, 0xFC, 0x3F, 0xC3, 0xFE, 0x00,
    0x00, 0xFF, 0x43, 0xFC, 0x1F, 0xF0, 0x00, 0x3F, 0xF0, 0x3F, 0xC0, 0xFF, 0xC0, 0x0B, 0xFD, 0x03,
    0xFC, 0x07, 0xFE, 0x02, 0xFF, 0x81, 0xFF, 0xF8, 0x2F, 0xF8, 0x7F, 0xF0, 0x2F, 0xFF, 0x40, 0xBF,
    0xD0, 0x54, 0x00, 0x00, 0x00, 0x00, 0x50, 0x00, 0x00, 0x00, 0x00, 0x50, 0xFF, 0xFF, 0xF0, 0x0B,
    0xFC, 0xFF, 0xFF, 0xD0, 0x2F, 0xFC, 0x1B, 0xFE, 0x00, 0x7F, 0xFC, 0x07, 0xFC, 0x00, 0xFF, 0xAC,
    0x07, 0xFC, 0x03, 0xFC, 0x00, 0x07, 0xFC, 0x07, 0xF0, 0x00, 0x07, 0xFC, 0x0F, 0xD0, 0x00, 0x07,
    0xFC, 0x1F, 0xC0, 0x00, 0x07, 0xFF, 0xFF, 0xF8, 0x00, 0x07, 0xFF, 0xFF, 0xFF, 0x40, 0x07, 0xFF,
    0xFF, 0xFF, 0xD0, 0x07, 0xFC, 0x01, 0xFF, 0xF0, 0x07, 0xFC, 0x00, 0x3F, 0xF4, 0x07, 0xFC, 0x00,
    0x0F, 0xF8, 0x07, 0xFC, 0x00, 0x0F, 0xFC, 0x07, 0xFC, 0x00, 0x0B, 0xFC, 0x07, 0xFC, 0x00, 0x0B,
    0xFC, 0x1B, 0xFF, 0x80, 0x0B, 0xFC, 0xFF, 0xFF, 0xE0, 0x0F, 0xF8, 0xFF, 0xFF, 0xE0, 0x0F, 0xF4,
    0x00, 0x00, 0x00, 0x1F, 0xF0, 0x00, 0x00, 0x00, 0x3F, 0xD0, 0x00, 0x00, 0x01, 0xFF, 0xC0, 0x00,
    0x01, 0xAF, 0xFF, 0x00, 0x00, 0x03, 0xFF, 0xF8, 0x00, 0x00, 0x00, 0xBE, 0x40, 0x00, 0x00, 0x00,
    0x00, 0x14, 0x3F, 0xFF, 0xC0, 0x7F, 0xCF, 0xFF, 0xE0, 0x7F, 0xF0, 0x7F, 0xD0, 0x3F, 0xFC, 0x0F,
    0xF4, 0x1F, 0xD0, 0x03, 0xFD, 0x0F, 0xD0, 0x00, 0xFF, 0x4B, 0xE0, 0x00, 0x3F, 0xFF, 0xFD, 0x00,
    0x0F, 0xFF, 0xFF, 0xF0, 0x03, 0xFE, 0x6F, 0xFF, 0x00, 0xFF, 0x40, 0xBF, 0xD0, 0x3F, 0xD0, 0x0F,
    0xF8, 0x0F, 0xF4, 0x02, 0xFF, 0x03, 0xFD, 0x00, 0x7F, 0xCB, 0xFF, 0xF0, 0x1F, 0xF3, 0xFF, 0xF8,
    0x07, 0xFC, 0x00, 0x00, 0x01, 0xFE, 0x00, 0x00, 0x00, 0xBF, 0x40, 0x00, 0x00, 0x3F, 0xC0, 0x00,
    0x00, 0x3F, 0xD0, 0x00, 0x01, 0xBF, 0xE0, 0x00, 0x02, 0xFF, 0xE0, 0x00, 0x00, 0x2E, 0x80, 0x00,
    0x00, 0x00, 0x00, 0x00, 0x00, 0x00, 0x0F, 0xFF, 0xFF, 0xFF, 0xFD, 0x00, 0xFF, 0xFF, 0xFF, 0xFF,
    0xC0, 0x01, 0xBF, 0xFF, 0xFF, 0xD0, 0x00, 0x03, 0xF4, 0x0F, 0xFC, 0x00, 0x00, 0x3F, 0x00, 0xFF,
    0xC0, 0x00, 0x03, 0xF0, 0x0F, 0xFC, 0x00, 0x00, 0x3F, 0x00, 0xFF, 0xC0, 0x00, 0x03, 0xF0, 0x0F,
    0xFC, 0x00, 0x00, 0x7F, 0x00, 0xFF, 0xC0, 0x00, 0x07, 0xF0, 0x0F, 0xFC, 0x00, 0x00, 0xBE, 0x00,
    0xFF, 0xC0, 0x00, 0x0F, 0xD0, 0x0F, 0xFC, 0x00, 0x00, 0xFC, 0x00, 0xFF, 0xC0, 0x00, 0x1F, 0xC0,
    0x0F, 0xFC, 0x00, 0x03, 0xF8, 0x00, 0xFF, 0xC0, 0x10, 0x7F, 0x40, 0x0F, 0xFC, 0x03, 0xDF, 0xF0,
    0x00, 0xFF, 0xC0, 0x7F, 0xFD, 0x00, 0x2F, 0xFE, 0x4B, 0xFF, 0x80, 0x2F, 0xFF, 0xFF, 0x3F, 0xE0,
    0x03, 0xFF, 0xFF, 0xE0, 0x50, 0x00, 0x00, 0x03, 0xFC, 0x00, 0x00, 0x00, 0x00, 0x7F, 0x80, 0x00,
    0x00, 0x00, 0x0B, 0xF0, 0x00, 0x00, 0x00, 0x00, 0xFD, 0x00, 0x00, 0x00, 0x00, 0x0F, 0x80, 0x00,
    0x00, 0x00, 0x00, 0xF0, 0x00, 0x00, 0x00, 0x00, 0x00, 0x00, 0x0F, 0xFF, 0xFF, 0xFF, 0x80, 0x3F,
    0xFF, 0xFF, 0xFD, 0x00, 0x1F, 0xE5, 0xFF, 0x80, 0x00, 0x2F, 0x02, 0xFE, 0x00, 0x00, 0xBC, 0x0B,
    0xF8, 0x00, 0x03, 0xF0, 0x2F, 0xE0, 0x00, 0x0F, 0xC0, 0xBF, 0x80, 0x00, 0x3F, 0x02, 0xFE, 0x00,
    0x01, 0xF8, 0x0B, 0xF8, 0x00, 0x0B, 0xD0, 0x2F, 0xE0, 0x00, 0x3F, 0x00, 0xBF, 0x80, 0x3A, 0xFC,
    0x02, 0xFE, 0x02, 0xFF, 0xD0, 0x0F, 0xFD, 0x0B, 0xFF, 0x03, 0xFF, 0xFF, 0x1F, 0xF0, 0x1F, 0xFF,
    0xFC, 0x05, 0x00, 0x00, 0x1F, 0xE0, 0x00, 0x00, 0x00, 0x7F, 0x00, 0x00, 0x00, 0x02, 0xF8, 0x00,
    0x00, 0x00, 0x0F, 0xC0, 0x00, 0x00, 0x00, 0x3D, 0x00, 0x00, 0x00, 0x00, 0x10, 0x00, 0x00, 0x00,
    0x00, 0x00, 0x00, 0x03, 0xFF, 0xFF, 0xC0, 0xFF, 0xFF, 0xFF, 0xFF, 0xFE, 0x03, 0xFF, 0xFF, 0x86,
    0xFF, 0x80, 0x01, 0xFF, 0xE0, 0x07, 0xFD, 0x00, 0x01, 0xFF, 0x40, 0x1F, 0xF4, 0x00, 0x07, 0xFD,
    0x00, 0x7F, 0xD0, 0x00, 0x1F, 0xF4, 0x01, 0xFF, 0x40, 0x00, 0x7F, 0xD0, 0x07, 0xFD, 0x00, 0x01,
    0xFF, 0x40, 0x1F, 0xFA, 0xAA, 0xAF, 0xFD, 0x00, 0x7F, 0xFF, 0xFF, 0xFF, 0xF4, 0x01, 0xFF, 0xFF,
    0xFF, 0xFF, 0xD0, 0x07, 0xFE, 0x55, 0x56, 0xFF, 0x40, 0x1F, 0xF4, 0x00, 0x07, 0xFD, 0x00, 0x7F,
    0xD0, 0x00, 0x1F, 0xF4, 0x01, 0xFF, 0x40, 0x00, 0x7F, 0xD0, 0x07, 0xFD, 0x00, 0x01, 0xFF, 0x40,
    0x1F, 0xF4, 0x00, 0x07, 0xFC, 0x01, 0xBF, 0xF8, 0x00, 0x1F, 0xF0, 0x3F, 0xFF, 0xFC, 0x00, 0x7F,
    0xC0, 0xFF, 0xFF, 0xF0, 0x02, 0xFF, 0x00, 0x00, 0x00, 0x00, 0x0B, 0xFC, 0x00, 0x00, 0x00, 0x00,
    0x3F, 0xD0, 0x00, 0x00, 0x00, 0x03, 0xFF, 0x00, 0x00, 0x00, 0x06, 0xBF, 0xF4, 0x00, 0x00, 0x00,
    0x7F, 0xFF, 0x40, 0x00, 0x00, 0x00, 0xBF, 0x90, 0x00, 0x00, 0x00, 0x00, 0x00, 0x00, 0x03, 0xFF,
    0xFC, 0x3F, 0xFF, 0xCF, 0xFF, 0xF0, 0xBF, 0xFF, 0x07, 0xFE, 0x00, 0x7F, 0xD0, 0x0F, 0xF8, 0x01,
    0xFF, 0x00, 0x3F, 0xE0, 0x07, 0xFC, 0x00, 0xFF, 0x80, 0x1F, 0xF0, 0x03, 0xFF, 0xFF, 0xFF, 0xC0,
    0x0F, 0xFF, 0xFF, 0xFF, 0x00, 0x3F, 0xFA, 0xAB, 0xFC, 0x00, 0xFF, 0x80, 0x1F, 0xF0, 0x03, 0xFE,
    0x00, 0x7F, 0xC0, 0x0F, 0xF8, 0x01, 0xFF, 0x00, 0x3F, 0xE0, 0x07, 0xFC, 0x0B, 0xFF, 0xF0, 0x1F,
    0xF0, 0x3F, 0xFF, 0xC0, 0x7F, 0xC0, 0x00, 0x00, 0x01, 0xFF, 0x00, 0x00, 0x00, 0x07, 0xFC, 0x00,
    0x00, 0x00, 0x3F, 0xE0, 0x00, 0x00, 0x01, 0xFF, 0x00, 0x00, 0x01, 0x7F, 0xF4, 0x00, 0x00, 0x1F,
    0xFF, 0x40, 0x00, 0x00, 0x1B, 0x90, 0x00, 0x00, 0x00, 0x00, 0x00, 0x00, 0x00, 0x00, 0xFF, 0xFF,
    0xF0, 0x3F, 0xFF, 0xFC, 0xFF, 0xFF, 0xE0, 0x3F, 0xFF, 0xF8, 0x1B, 0xFE, 0x00, 0x07, 0xFF, 0x80,
    0x07, 0xFD, 0x00, 0x01, 0xFF, 0x40, 0x07, 0xFD, 0x00, 0x01, 0xFF, 0x40, 0x07, 0xFD, 0x00, 0x01,
    0xFF, 0x40, 0x07, 0xFD, 0x00, 0x01, 0xFF, 0x40, 0x07, 0xFD, 0x00, 0x01, 0xFF, 0x40, 0x07, 0xFE,
    0xAA, 0xAB, 0xFF, 0x40, 0x07, 0xFF, 0xFF, 0xFF, 0xFF, 0x40, 0x07, 0xFF, 0xFF, 0xFF, 0xFF, 0x40,
    0x07, 0xFE, 0x55, 0x56, 0xFF, 0x40, 0x07, 0xFD, 0x00, 0x01, 0xFF, 0x40, 0x07, 0xFD, 0x00, 0x01,
    0xFF, 0x40, 0x07, 0xFD, 0x00, 0x01, 0xFF, 0x40, 0x07, 0xFD, 0x00, 0x01, 0xFF, 0x40, 0x07, 0xFD,
    0x00, 0x01, 0xFF, 0x40, 0x1B, 0xFF, 0x80, 0x07, 0xFF, 0xE4, 0xFF, 0xFF, 0xF0, 0x3F, 0xFF, 0xFC,
    0xFF, 0xFF, 0xF0, 0x3F, 0xFF, 0xFC, 0x00, 0x00, 0x00, 0x00, 0x0B, 0xF8, 0x00, 0x00, 0x00, 0x00,
    0x0F, 0xF0, 0x00, 0x00, 0x00, 0x00, 0x0F, 0xE0, 0x00, 0x00, 0x00, 0x00, 0x1F, 0xC0, 0x00, 0x00,
    0x00, 0x00, 0x2F, 0x00, 0x00, 0x00, 0x00, 0x00, 0x1E, 0x00, 0x00, 0x00, 0x00, 0x00, 0x03, 0xFF,
    0xFC, 0x2F, 0xFF, 0xCF, 0xFF, 0xE0, 0xBF, 0xFF, 0x07, 0xFD, 0x00, 0x3F, 0xD0, 0x0F, 0xF4, 0x00,
    0xFF, 0x00, 0x3F, 0xD0, 0x03, 0xFC, 0x00, 0xFF, 0x40, 0x0F, 0xF0, 0x03, 0xFF, 0xFF, 0xFF, 0xC0,
    0x0F, 0xFF, 0xFF, 0xFF, 0x00, 0x3F, 0xEA, 0xAB, 0xFC, 0x00, 0xFF, 0x40, 0x0F, 0xF0, 0x03, 0xFD,
    0x00, 0x3F, 0xC0, 0x0F, 0xF4, 0x00, 0xFF, 0x00, 0x3F, 0xE0, 0x03, 0xFE, 0x4B, 0xFF, 0xF0, 0x7F,
    0xFF, 0xFF, 0xFF, 0xC2, 0xFF, 0xFE, 0x00, 0x00, 0x00, 0x0B, 0xF0, 0x00, 0x00, 0x00, 0x3F, 0x80,
    0x00, 0x00, 0x00, 0xFC, 0x00, 0x00, 0x00, 0x03, 0xE0, 0x00, 0x00, 0x00, 0x0F, 0x00, 0x00, 0x00,
    0x00, 0x00, 0x00, 0x00, 0x00, 0x00, 0x00, 0x00, 0x07, 0xFF, 0xFF, 0x0F, 0xFF, 0xFD, 0x7F, 0xFF,
    0xF0, 0xFF, 0xFF, 0xC1, 0xBF, 0xF4, 0x02, 0xFF, 0xD0, 0x03, 0xFF, 0x00, 0x0F, 0xFC, 0x00, 0x3F,
    0xF0, 0x00, 0xFF, 0xC0, 0x03, 0xFF, 0x00, 0x0F, 0xFC, 0x00, 0x3F, 0xF0, 0x00, 0xFF, 0xC0, 0x03,
    0xFF, 0x00, 0x0F, 0xFC, 0x00, 0x2F, 0xF8, 0x00, 0xFF, 0xC0, 0x01, 0xFF, 0xF9, 0xAF, 0xFC, 0x00,
    0x0F, 0xFF, 0xFF, 0xFF, 0xC0, 0x00, 0x2F, 0xFF, 0xFF, 0xFC, 0x00, 0x00, 0x2A, 0xA4, 0xFF, 0xC0,
    0x00, 0x00, 0x00, 0x0F, 0xFC, 0x00, 0x00, 0x00, 0x00, 0xFF, 0xC0, 0x00, 0x00, 0x00, 0x0F, 0xFC,
    0x00, 0x00, 0x00, 0x00, 0xFF, 0xC0, 0x00, 0x00, 0x00, 0x2F, 0xFE, 0x40, 0x00, 0x00, 0x2F, 0xFF,
    0xFD, 0x00, 0x00, 0x03, 0xFF, 0xFF, 0xD0, 0x00, 0x00, 0x3F, 0xC0, 0x00, 0x00, 0x00, 0x03, 0xFC,
    0x00, 0x00, 0x00, 0x00, 0x3F, 0x80, 0x00, 0x00, 0x00, 0x02, 0xF8, 0x00, 0x00, 0x00, 0x00, 0x1F,
    0x40, 0x00, 0x00, 0x00, 0x00, 0xB0, 0x00, 0x00, 0x00, 0x00, 0x00, 0x00, 0x0B, 0xFF, 0xF1, 0xFF,
    0xFE, 0xBF, 0xFF, 0x1F, 0xFF, 0xD0, 0xFF, 0x80, 0x3F, 0xE0, 0x0B, 0xF8, 0x03, 0xFD, 0x00, 0xBF,
    0x80, 0x3F, 0xD0, 0x0B, 0xFC, 0x03, 0xFD, 0x00, 0x7F, 0xD0, 0x3F, 0xD0, 0x03, 0xFF, 0xFF, 0xFD,
    0x00, 0x1F, 0xFF, 0xFF, 0xD0, 0x00, 0x1A, 0xA7, 0xFD, 0x00, 0x00, 0x00, 0x3F, 0xD0, 0x00, 0x00,
    0x03, 0xFD, 0x00, 0x00, 0x00, 0x7F, 0xE0, 0x00, 0x00, 0xBF, 0xFF, 0xD0, 0x00, 0x0F, 0xFF, 0xFD,
    0x00, 0x00, 0xBF, 0x00, 0x00, 0x00, 0x0B, 0xF0, 0x00, 0x00, 0x00, 0x7E, 0x00, 0x00, 0x00, 0x07,
    0xE0, 0x00, 0x00, 0x00, 0x3D, 0x00, 0x00, 0x00, 0x00, 0x40, 0x00, 0x00, 0x00, 0x00, 0x00, 0x00,
    0x00, 0x00, 0x07, 0xFF, 0xF8, 0x00, 0x2F, 0xFF, 0xD0, 0x07, 0xFF, 0xFC, 0x00, 0x3F, 0xFF, 0xD0,
    0x00, 0xBF, 0xFC, 0x00, 0x3F, 0xFE, 0x00, 0x00, 0x7F, 0xFD, 0x00, 0xBF, 0xFD, 0x00, 0x00, 0xBF,
    0xFE, 0x00, 0xFF, 0xFD, 0x00, 0x00, 0xBE, 0xFF, 0x00, 0xFE, 0xFE, 0x00, 0x00, 0xFD, 0xFF, 0x41,
    0xFA, 0xFE, 0x00, 0x00, 0xFD, 0x7F, 0x82, 0xF1, 0xFE, 0x00, 0x00, 0xFC, 0x3F, 0xC3, 0xF1, 0xFF,
    0x00, 0x00, 0xFC, 0x3F, 0xC7, 0xE1, 0xFF, 0x00, 0x00, 0xFC, 0x2F, 0xDB, 0xD0, 0xFF, 0x00, 0x01,
    0xFC, 0x0F, 0xEF, 0xC0, 0xFF, 0x00, 0x01, 0xFC, 0x0F, 0xFF, 0x80, 0xFF, 0x00, 0x02, 0xFC, 0x0B,
    0xFF, 0x40, 0xFF, 0x40, 0x02, 0xFC, 0x03, 0xFF, 0x00, 0xFF, 0x40, 0x03, 0xF8, 0x03, 0xFE, 0x00,
    0xFF, 0x40, 0x03, 0xF8, 0x01, 0xFD, 0x00, 0xFF, 0x80, 0x07, 0xFD, 0x00, 0xFC, 0x01, 0xFF, 0xE4,
    0x3F, 0xFF, 0xC0, 0x40, 0x0F, 0xFF, 0xFD, 0x7F, 0xFF, 0xC0, 0x00, 0x0F, 0xFF, 0xFC, 0x00, 0x00,
    0x00, 0x00, 0x00, 0x0B, 0xF8, 0x00, 0x00, 0x00, 0x00, 0x00, 0x0F, 0xF0, 0x00, 0x00, 0x00, 0x00,
    0x00, 0x0F, 0xE0, 0x00, 0x00, 0x00, 0x00, 0x00, 0x1F, 0xC0, 0x00, 0x00, 0x00, 0x00, 0x00, 0x2F,
    0x40, 0x00, 0x00, 0x00, 0x00, 0x00, 0x1E, 0x00, 0x00, 0x00, 0x00, 0x00, 0x00, 0x0B, 0xFF, 0xC0,
    0x00, 0xFF, 0xF8, 0xBF, 0xFE, 0x00, 0x2F, 0xFF, 0x40, 0xFF, 0xF0, 0x03, 0xFF, 0xC0, 0x0F, 0xFF,
    0x40, 0xBF, 0xF8, 0x00, 0xFF, 0xFC, 0x0F, 0xFF, 0x80, 0x0F, 0xDF, 0xC2, 0xF7, 0xF8, 0x00, 0xFD,
    0xFE, 0x3E, 0x3F, 0x80, 0x0F, 0xD7, 0xFB, 0xC3, 0xF8, 0x00, 0xFD, 0x3F, 0xFC, 0x3F, 0x80, 0x0F,
    0xD2, 0xFF, 0x43, 0xF8, 0x00, 0xFD, 0x0F, 0xF0, 0x3F, 0x80, 0x0F, 0xD0, 0xBD, 0x03, 0xF8, 0x00,
    0xFD, 0x02, 0x40, 0x7F, 0xD0, 0xBF, 0xFC, 0x00, 0x3F, 0xFF, 0xCF, 0xFF, 0xC0, 0x07, 0xFF, 0xFC,
    0x00, 0x00, 0x00, 0x00, 0x3F, 0x80, 0x00, 0x00, 0x00, 0x07, 0xF0, 0x00, 0x00, 0x00, 0x00, 0xBE,
    0x00, 0x00, 0x00, 0x00, 0x0B, 0xC0, 0x00, 0x00, 0x00, 0x00, 0xB8, 0x00, 0x00, 0x00, 0x00, 0x01,
    0x00, 0x00, 0x00, 0x07, 0xFF, 0xFE, 0x7F, 0xFF, 0xD0, 0x7F, 0xE0, 0x03, 0xFD, 0x00, 0x3F, 0xD0,
    0x03, 0xFD, 0x00, 0x3F, 0xD0, 0x03, 0xFD, 0x00, 0x3F, 0xD0, 0x03, 0xFD, 0x00, 0x3F, 0xD0, 0x03,
    0xFD, 0x00, 0x3F, 0xD0, 0x03, 0xFD, 0x00, 0x3F, 0xD0, 0x03, 0xFD, 0x00, 0x3F, 0xD0, 0x03, 0xFD,
    0x00, 0x3F, 0xD0, 0x07, 0xFE, 0x07, 0xFF, 0xFE, 0xBF, 0xFF, 0xD0, 0x00, 0x06, 0x00, 0x18, 0x00,
    0x00, 0x00, 0x7E, 0x00, 0xFC, 0x00, 0x00, 0x01, 0xFC, 0x0B, 0xF0, 0x00, 0x00, 0x03, 0xFE, 0xFF,
    0x80, 0x00, 0x00, 0x03, 0xFF, 0xF8, 0x00, 0x00, 0x00, 0x00, 0x54, 0x00, 0x00, 0x00, 0x00, 0x00,
    0x00, 0x00, 0x00, 0x00, 0x00, 0x00, 0x64, 0x00, 0x00, 0x00, 0x00, 0x1F, 0xF0, 0x00, 0x00, 0x00,
    0x00, 0xFF, 0xC0, 0x00, 0x00, 0x00, 0x07, 0xFF, 0x80, 0x00, 0x00, 0x00, 0x3F, 0xFF, 0x00, 0x00,
    0x00, 0x00, 0xFF, 0xFD, 0x00, 0x00, 0x00, 0x0B, 0xDF, 0xF8, 0x00, 0x00, 0x00, 0x3F, 0x2F, 0xF0,
    0x00, 0x00, 0x01, 0xF8, 0x3F, 0xD0, 0x00, 0x00, 0x0F, 0xD0, 0xFF, 0xC0, 0x00, 0x00, 0x7F, 0x02,
    0xFF, 0x00, 0x00, 0x03, 0xF8, 0x03, 0xFD, 0x00, 0x00, 0x0F, 0xE5, 0x5F, 0xFC, 0x00, 0x00, 0xBF,
    0xFF, 0xFF, 0xF0, 0x00, 0x03, 0xFF, 0xFF, 0xFF, 0xE0, 0x00, 0x1F, 0xD5, 0x55, 0xFF, 0xC0, 0x00,
    0xFF, 0x00, 0x02, 0xFF, 0x40, 0x07, 0xF4, 0x00, 0x03, 0xFE, 0x00, 0x7F, 0xE4, 0x00, 0x1F, 0xFE,
    0x4B, 0xFF, 0xF4, 0x07, 0xFF, 0xFF, 0x3F, 0xFF, 0xD0, 0x1F, 0xFF, 0xFC, 0x01, 0x00, 0x04, 0x00,
    0x0F, 0xC0, 0x3E, 0x00, 0x0F, 0xC0, 0x7F, 0x00, 0x0F, 0xF1, 0xFE, 0x00, 0x07, 0xFF, 0xFC, 0x00,
    0x00, 0xBF, 0x90, 0x00, 0x00, 0x00, 0x00, 0x00, 0x00, 0x16, 0x50, 0x00, 0x02, 0xFF, 0xFD, 0x00,
    0x1F, 0xFF, 0xFF, 0x00, 0x3F, 0xE5, 0xFF, 0x80, 0x3F, 0x80, 0xBF, 0xC0, 0x2F, 0x40, 0x7F, 0xC0,
    0x00, 0x00, 0x7F, 0xC0, 0x00, 0x1A, 0xFF, 0xC0, 0x07, 0xFF, 0xFF, 0xC0, 0x2F, 0xFF, 0xFF, 0xC0,
    0x7F, 0xD0, 0x7F, 0xC0, 0xBF, 0x80, 0x7F, 0xC0, 0xFF, 0x80, 0xBF, 0xC0, 0xBF, 0xEB, 0xFF, 0xE8,
    0x7F, 0xFF, 0xFF, 0xFD, 0x1F, 0xFE, 0x1F, 0xF4, 0x01, 0x50, 0x01, 0x40, 0x00, 0x06, 0x80, 0x69,
    0x00, 0x00, 0x00, 0x7F, 0x83, 0xFC, 0x00, 0x00, 0x02, 0xFF, 0x1F, 0xF0, 0x00, 0x00, 0x07, 0xF8,
    0x3F, 0xC0, 0x00, 0x00, 0x01, 0x00, 0x14, 0x00, 0x00, 0x00, 0x00, 0x00, 0x00, 0x00, 0x00, 0x00,
    0x00, 0x19, 0x00, 0x00, 0x00, 0x00, 0x07, 0xFC, 0x00, 0x00, 0x00, 0x00, 0x3F, 0xF0, 0x00, 0x00,
    0x00, 0x01, 0xFF, 0xE0, 0x00, 0x00, 0x00, 0x0F, 0xFF, 0xC0, 0x00, 0x00, 0x00, 0x3F, 0xFF, 0x40,
    0x00, 0x00, 0x02, 0xF7, 0xFE, 0x00, 0x00, 0x00, 0x0F, 0xCB, 0xFC, 0x00, 0x00, 0x00, 0x7E, 0x0F,
    0xF4, 0x00, 0x00, 0x03, 0xF4, 0x3F, 0xF0, 0x00, 0x00, 0x1F, 0xC0, 0xBF, 0xC0, 0x00, 0x00, 0xFE,
    0x00, 0xFF, 0x40, 0x00, 0x03, 0xF9, 0x57, 0xFF, 0x00, 0x00, 0x2F, 0xFF, 0xFF, 0xFC, 0x00, 0x00,
    0xFF, 0xFF, 0xFF, 0xF8, 0x00, 0x07, 0xF5, 0x55, 0x7F, 0xF0, 0x00, 0x3F, 0xC0, 0x00, 0xBF, 0xD0,
    0x01, 0xFD, 0x00, 0x00, 0xFF, 0x80, 0x1F, 0xF9, 0x00, 0x07, 0xFF, 0x92, 0xFF, 0xFD, 0x01, 0xFF,
    0xFF, 0xCF, 0xFF, 0xF4, 0x07, 0xFF, 0xFF, 0x00, 0x00, 0x00, 0x00, 0x00, 0x0B, 0xE0, 0xBE, 0x00,
    0x1F, 0xF0, 0xFF, 0x00, 0x1F, 0xF0, 0xFF, 0x00, 0x0B, 0x80, 0x79, 0x00, 0x00, 0x00, 0x00, 0x00,
    0x00, 0x00, 0x00, 0x00, 0x00, 0x16, 0x50, 0x00, 0x02, 0xFF, 0xFD, 0x00, 0x1F, 0xFF, 0xFF, 0x00,
    0x3F, 0xE5, 0xFF, 0x80, 0x3F, 0x80, 0xBF, 0xC0, 0x2F, 0x40, 0x7F, 0xC0, 0x00, 0x00, 0x7F, 0xC0,
    0x00, 0x1A, 0xFF, 0xC0, 0x07, 0xFF, 0xFF, 0xC0, 0x2F, 0xFF, 0xFF, 0xC0, 0x7F, 0xD0, 0x7F, 0xC0,
    0xBF, 0x80, 0x7F, 0xC0, 0xFF, 0x80, 0xBF, 0xC0, 0xBF, 0xEB, 0xFF, 0xE8, 0x7F, 0xFF, 0xFF, 0xFD,
    0x1F, 0xFE, 0x1F, 0xF4, 0x01, 0x50, 0x01, 0x40, 0x00, 0x00, 0x00, 0x00, 0x00, 0x00, 0x00, 0x00,
    0x00, 0x0F, 0xFF, 0xFF, 0xFF, 0xFF, 0x40, 0x00, 0x03, 0xFF, 0xFF, 0xFF, 0xFF, 0xE0, 0x00, 0x00,
    0x0B, 0xFF, 0xFF, 0xFF, 0xF8, 0x00, 0x00, 0x03, 0xFB, 0xFD, 0x00, 0xBE, 0x00, 0x00, 0x02, 0xFC,
    0xFF, 0x40, 0x1F, 0x40, 0x00, 0x00, 0xFD, 0x3F, 0xD0, 0x02, 0x40, 0x00, 0x00, 0xBF, 0x0F, 0xF4,
    0x00, 0x00, 0x00, 0x00, 0x7F, 0x03, 0xFD, 0x00, 0x00, 0x00, 0x00, 0x3F, 0x80, 0xFF, 0xAA, 0xA4,
    0x00, 0x00, 0x1F, 0xC0, 0x3F, 0xFF, 0xFF, 0x00, 0x00, 0x0F, 0xE0, 0x0F, 0xFF, 0xFF, 0x80, 0x00,
    0x0B, 0xF9, 0x5B, 0xFE, 0x55, 0x40, 0x00, 0x03, 0xFF, 0xFF, 0xFF, 0x40, 0x00, 0x00, 0x02, 0xFF,
    0xFF, 0xFF, 0xD0, 0x00, 0x40, 0x01, 0xFD, 0x00, 0x1F, 0xF4, 0x00, 0x7C, 0x00, 0xFF, 0x00, 0x03,
    0xFD, 0x00, 0x3F, 0x00, 0x7F, 0x40, 0x00, 0xFF, 0x40, 0x1F, 0xC0, 0x7F, 0xD0, 0x01, 0xBF, 0xFF,
    0xFF, 0xF0, 0xFF, 0xFF, 0x02, 0xFF, 0xFF, 0xFF, 0xFC, 0x3F, 0xFF, 0xC0, 0xFF, 0xFF, 0xFF, 0xFE,
    0x00, 0x00, 0x16, 0x40, 0x05, 0x90, 0x00, 0x2F, 0xFF, 0x87, 0xFF, 0xE0, 0x0F, 0xFF, 0xFF, 0xFF,
    0xFF, 0xC3, 0xFE, 0x5F, 0xFF, 0x57, 0xFD, 0x3F, 0x80, 0xBF, 0xC0, 0x2F, 0xF3, 0xF4, 0x0B, 0xF8,
    0x01, 0xFF, 0x00, 0x00, 0x7F, 0x95, 0xAF, 0xF0, 0x01, 0xAF, 0xFF, 0xFF, 0xFF, 0x07, 0xFF, 0xFF,
    0xFF, 0xFA, 0x92, 0xFF, 0xEB, 0xF8, 0x00, 0x00, 0x7F, 0xD0, 0x7F, 0x80, 0x00, 0x0B, 0xF8, 0x03,
    0xFC, 0x00, 0x00, 0xFF, 0x80, 0x3F, 0xF4, 0x00, 0x5B, 0xFF, 0xBF, 0xFF, 0xFF, 0xFE, 0x7F, 0xFF,
    0xFB, 0xFF, 0xFF, 0xD1, 0xFF, 0xF8, 0x0F, 0xFF, 0xF4, 0x01, 0x54, 0x00, 0x05, 0x50, 0x00, 0x00,
    0x90, 0x02, 0x80, 0x00, 0xBD, 0x02, 0xF8, 0x00, 0x2F, 0x80, 0xFE, 0x00, 0x07, 0xFE, 0xFF, 0x00,
    0x00, 0x7F, 0xFF, 0x40, 0x00, 0x00, 0x54, 0x00, 0x00, 0x00, 0x00, 0x00, 0x00, 0x00, 0x00, 0x00,
    0x00, 0xFF, 0xFF, 0xFF, 0xFF, 0x7F, 0xFF, 0xFF, 0xFF, 0xD1, 0xBF, 0xFF, 0xFF, 0xF4, 0x1F, 0xF4,
    0x00, 0xBD, 0x07, 0xFD, 0x00, 0x1F, 0x41, 0xFF, 0x40, 0x03, 0x80, 0x7F, 0xD0, 0x00, 0x00, 0x1F,
    0xF4, 0x00, 0x00, 0x07, 0xFE, 0xAA, 0xA0, 0x01, 0xFF, 0xFF, 0xFD, 0x00, 0x7F, 0xFF, 0xFF, 0x00,
    0x1F, 0xF9, 0x55, 0x40, 0x07, 0xFD, 0x00, 0x00, 0x01, 0xFF, 0x40, 0x00, 0x00, 0x7F, 0xD0, 0x00,
    0xF4, 0x1F, 0xF4, 0x00, 0x7E, 0x07, 0xFD, 0x00, 0x3F, 0x86, 0xFF, 0xFF, 0xFF, 0xDF, 0xFF, 0xFF,
    0xFF, 0xF7, 0xFF, 0xFF, 0xFF, 0xFC, 0x01, 0x00, 0x04, 0x00, 0xBD, 0x02, 0xF0, 0x0B, 0xE0, 0x3F,
    0x40, 0x7F, 0x4B, 0xF0, 0x03, 0xFF, 0xFD, 0x00, 0x06, 0xFE, 0x00, 0x00, 0x00, 0x00, 0x00, 0x00,
    0x65, 0x00, 0x01, 0xFF, 0xFE, 0x00, 0xBF, 0xFF, 0xF8, 0x1F, 0xF5, 0xBF, 0xC3, 0xFC, 0x03, 0xFE,
    0x7F, 0x80, 0x2F, 0xEB, 0xF8, 0x02, 0xFE, 0xFF, 0xFF, 0xFF, 0xEF, 0xFF, 0xFF, 0xFE, 0xFF, 0x95,
    0x55, 0x4F, 0xF4, 0x00, 0x00, 0xBF, 0xC0, 0x00, 0x07, 0xFE, 0x00, 0x04, 0x3F, 0xFF, 0xFF, 0xD1,
    0xFF, 0xFF, 0xFC, 0x02, 0xFF, 0xFF, 0x40, 0x00, 0x55, 0x00, 0x00, 0x1A, 0xA9, 0x00, 0x00, 0x0B,
    0xFF, 0xFF, 0x40, 0x01, 0xFF, 0xFF, 0xFF, 0xC0, 0x0F, 0xFE, 0xAF, 0xFF, 0xC0, 0x7F, 0x40, 0x07,
    0xFF, 0x80, 0xF0, 0x00, 0x07, 0xFF, 0x00, 0x00, 0x00, 0x0B, 0xFD, 0x00, 0x00, 0x00, 0x0F, 0xF8,
    0x00, 0x00, 0x00, 0x3F, 0xF0, 0x00, 0x00, 0x00, 0xFF, 0xC7, 0xFF, 0xFF, 0xFF, 0xFF, 0x2F, 0xFF,
    0xFF, 0xFF, 0xFC, 0xBF, 0xFF, 0xFF, 0xFF, 0xF3, 0xFE, 0x00, 0x00, 0xFF, 0xCF, 0xF8, 0x00, 0x03,
    0xFD, 0x2F, 0xE0, 0x00, 0x2F, 0xF0, 0x7F, 0xC0, 0x00, 0xFF, 0x80, 0xFF, 0xC0, 0x0F, 0xFC, 0x02,
    0xFF, 0xFF, 0xFF, 0xD0, 0x02, 0xFF, 0xFF, 0xFC, 0x00, 0x01, 0xFF, 0xFF, 0x40, 0x00, 0x00, 0x15,
    0x40, 0x00, 0x00, 0x00, 0x59, 0x40, 0x00, 0xBF, 0xFF, 0x80, 0x3F, 0xFF, 0xFF, 0x0B, 0xF9, 0xBF,
    0xFC, 0x74, 0x00, 0xBF, 0xC0, 0x00, 0x03, 0xFE, 0x00, 0x00, 0x2F, 0xE5, 0x55, 0x57, 0xFE, 0xFF,
    0xFF, 0xFF, 0xEF, 0xFF, 0xFF, 0xFE, 0xFF, 0x40, 0x2F, 0xDF, 0xF4, 0x03, 0xFC, 0xBF, 0x80, 0x7F,
    0x87, 0xFE, 0x6F, 0xF0, 0x2F, 0xFF, 0xFD, 0x00, 0xBF, 0xFE, 0x00, 0x00, 0x55, 0x00, 0x00, 0x00,
    0xA8, 0x06, 0x80, 0x00, 0x0B, 0xF8, 0x7F, 0xC0, 0x00, 0x3F, 0xE1, 0xFF, 0x00, 0x00, 0x7F, 0x43,
    0xF8, 0x00, 0x00, 0x10, 0x01, 0x00, 0x00, 0x00, 0x00, 0x00, 0x00, 0x00, 0x01, 0xAA, 0x90, 0x00,
    0x00, 0xBF, 0xFF, 0xF4, 0x00, 0x1F, 0xFF, 0xFF, 0xFC, 0x00, 0xFF, 0xEA, 0xFF, 0xFC, 0x07, 0xF4,
    0x00, 0x7F, 0xF8, 0x0F, 0x00, 0x00, 0x7F, 0xF0, 0x00, 0x00, 0x00, 0xBF, 0xD0, 0x00, 0x00, 0x00,
    0xFF, 0x80, 0x00, 0x00, 0x03, 0xFF, 0x00, 0x00, 0x00, 0x0F, 0xFC, 0x7F, 0xFF, 0xFF, 0xFF, 0xF2,
    0xFF, 0xFF, 0xFF, 0xFF, 0xCB, 0xFF, 0xFF, 0xFF, 0xFF, 0x3F, 0xE0, 0x00, 0x0F, 0xFC, 0xFF, 0x80,
    0x00, 0x3F, 0xD2, 0xFE, 0x00, 0x02, 0xFF, 0x07, 0xFC, 0x00, 0x0F, 0xF8, 0x0F, 0xFC, 0x00, 0xFF,
    0xC0, 0x2F, 0xFF, 0xFF, 0xFD, 0x00, 0x2F, 0xFF, 0xFF, 0xC0, 0x00, 0x1F, 0xFF, 0xF4, 0x00, 0x00,
    0x01, 0x54, 0x00, 0x00, 0x00, 0x00, 0x00, 0x01, 0xFC, 0x0F, 0xC0, 0x3F, 0xD2, 0xFE, 0x03, 0xFD,
    0x2F, 0xE0, 0x0B, 0x80, 0xB8, 0x00, 0x00, 0x00, 0x00, 0x00, 0x00, 0x00, 0x00, 0x05, 0x94, 0x00,
    0x0B, 0xFF, 0xF8, 0x03, 0xFF, 0xFF, 0xF0, 0xBF, 0x9B, 0xFF, 0xC7, 0x40, 0x0B, 0xFC, 0x00, 0x00,
    0x3F, 0xE0, 0x00, 0x02, 0xFE, 0x55, 0x55, 0x7F, 0xEF, 0xFF, 0xFF, 0xFE, 0xFF, 0xFF, 0xFF, 0xEF,
    0xF4, 0x02, 0xFD, 0xFF, 0x40, 0x3F, 0xCB, 0xF8, 0x07, 0xF8, 0x7F, 0xE6, 0xFF, 0x02, 0xFF, 0xFF,
    0xD0, 0x0B, 0xFF, 0xE0, 0x00, 0x05, 0x50, 0x00, 0x00, 0x00, 0x01, 0xA4, 0x0A, 0x40, 0x00, 0x00,
    0x00, 0x00, 0x03, 0xFC, 0x3F, 0xD0, 0x00, 0x00, 0x00, 0x00, 0x07, 0xFC, 0x3F, 0xD0, 0x00, 0x00,
    0x00, 0x00, 0x03, 0xFC, 0x2F, 0xC0, 0x00, 0x00, 0x00, 0x00, 0x00, 0x40, 0x05, 0x00, 0x00, 0x00,
    0x00, 0x00, 0x00, 0x00, 0x00, 0x00, 0x00, 0x00, 0x01, 0x90, 0x00, 0x00, 0x00, 0x00, 0x06, 0x40,
    0x07, 0xFC, 0x01, 0xFF, 0xFF, 0xC0, 0x3F, 0xE0, 0x0F, 0xFF, 0x02, 0xFF, 0xFF, 0x80, 0xBF, 0xF0,
    0x0F, 0xFF, 0x40, 0x6F, 0xF8, 0x01, 0xFF, 0xF0, 0x0B, 0xBF, 0xC0, 0x0F, 0xF0, 0x03, 0xFE, 0xE0,
    0x00, 0x0F, 0xE0, 0x0F, 0xF0, 0x07, 0xF4, 0x00, 0x00, 0x07, 0xF0, 0x0F, 0xF0, 0x0F, 0xE0, 0x00,
    0x00, 0x03, 0xF8, 0x0F, 0xF0, 0x1F, 0xC0, 0x00, 0x00, 0x00, 0xFC, 0x0F, 0xF0, 0x3F, 0x40, 0x00,
    0x00, 0x00, 0xBF, 0xAF, 0xFA, 0xFE, 0x00, 0x00, 0x00, 0x00, 0xFF, 0xFF, 0xFF, 0xFF, 0x00, 0x00,
    0x00, 0x01, 0xFF, 0xFF, 0xFF, 0xFF, 0x80, 0x00, 0x00, 0x03, 0xFE, 0x0F, 0xF0, 0x7F, 0xC0, 0x00,
    0x00, 0x0F, 0xFC, 0x0F, 0xF0, 0x3F, 0xF0, 0x00, 0x00, 0x1F, 0xF8, 0x0F, 0xF0, 0x1F, 0xF8, 0x00,
    0x00, 0x3F, 0xF0, 0x0F, 0xF0, 0x0F, 0xFD, 0x00, 0x00, 0xFF, 0xE0, 0x0F, 0xF0, 0x07, 0xFF, 0x00,
    0x02, 0xFF, 0xC0, 0x0F, 0xF0, 0x03, 0xFF, 0xC0, 0x0B, 0xFF, 0x40, 0x2F, 0xFE, 0x00, 0xFF, 0xE0,
    0x2F, 0xFE, 0x02, 0xFF, 0xFF, 0x80, 0x7F, 0xF8, 0x7F, 0xF8, 0x03, 0xFF, 0xFF, 0x80, 0x1F, 0xFE,
    0x05, 0x40, 0x00, 0x00, 0x00, 0x00, 0x01, 0x50, 0x00, 0x00, 0x00, 0x00, 0x00, 0x00, 0x00, 0x00,
    0x0B, 0xE0, 0xBE, 0x00, 0x00, 0x00, 0x00, 0xFF, 0x0F, 0xF0, 0x00, 0x00, 0x00, 0x0F, 0xF0, 0xFF,
    0x00, 0x00, 0x00, 0x00, 0x79, 0x07, 0x90, 0x00, 0x00, 0x00, 0x00, 0x00, 0x00, 0x00, 0x00, 0x00,
    0x00, 0x00, 0x00, 0x00, 0x00, 0x00, 0x24, 0x00, 0x00, 0x00, 0x01, 0x90, 0x0F, 0xF0, 0x1F, 0xFF,
    0x80, 0xFF, 0x42, 0xFF, 0x81, 0xFF, 0xF4, 0x2F, 0xF8, 0x1F, 0xFD, 0x03, 0xFC, 0x07, 0xFF, 0x40,
    0x0B, 0xF0, 0x3F, 0xC0, 0xFE, 0x00, 0x00, 0x2F, 0x43, 0xFC, 0x1F, 0xC0, 0x00, 0x00, 0xFC, 0x3F,
    0xC3, 0xF0, 0x00, 0x00, 0x0B, 0xFB, 0xFE, 0xFE, 0x00, 0x00, 0x00, 0xFF, 0xFF, 0xFF, 0xF4, 0x00,
    0x00, 0x3F, 0xE7, 0xFD, 0x7F, 0xC0, 0x00, 0x0B, 0xFC, 0x3F, 0xC3, 0xFE, 0x00, 0x00, 0xFF, 0x43,
    0xFC, 0x1F, 0xF0, 0x00, 0x3F, 0xF0, 0x3F, 0xC0, 0xFF, 0xC0, 0x0B, 0xFD, 0x03, 0xFC, 0x07, 0xFE,
    0x02, 0xFF, 0x81, 0xFF, 0xF8, 0x2F, 0xF8, 0x7F, 0xF0, 0x2F, 0xFF, 0x40, 0xBF, 0xD0, 0x54, 0x00,
    0x00, 0x00, 0x00, 0x50, 0x02, 0x90, 0x1A, 0x00, 0x03, 0xFD, 0x1F, 0xE0, 0x00, 0xFF, 0x8B, 0xFC,
    0x00, 0x2F, 0xC1, 0xFD, 0x00, 0x01, 0x40, 0x04, 0x00, 0x00, 0x00, 0x00, 0x00, 0x00, 0x01, 0xAA,
    0x40, 0x00, 0x1B, 0xFF, 0xFF, 0x00, 0x2F, 0xFF, 0xFF, 0xF0, 0x0B, 0xF9, 0x5B, 0xFE, 0x03, 0xF8,
    0x00, 0xFF, 0xC0, 0xFD, 0x00, 0x1F, 0xF0, 0x2F, 0x00, 0x07, 0xFC, 0x01, 0x40, 0x02, 0xFE, 0x00,
    0x00, 0x00, 0xFF, 0x00, 0x01, 0xAA, 0xFF, 0x40, 0x00, 0x7F, 0xFF, 0xD0, 0x00, 0x0F, 0xFF, 0xFE,
    0x00, 0x00, 0x56, 0xFF, 0xD0, 0x00, 0x00, 0x1F, 0xFC, 0x00, 0x00, 0x03, 0xFF, 0x07, 0x80, 0x00,
    0xFF, 0xC7, 0xF0, 0x00, 0x3F, 0xF3, 0xFF, 0x00, 0x2F, 0xF4, 0xBF, 0xF9, 0x7F, 0xFC, 0x0F, 0xFF,
    0xFF, 0xFC, 0x00, 0xBF, 0xFF, 0xF4, 0x00, 0x01, 0x59, 0x40, 0x00, 0x00, 0x00, 0x00, 0x00, 0x7F,
    0x03, 0xF0, 0x0F, 0xF4, 0xBF, 0x80, 0xFF, 0x4B, 0xF8, 0x02, 0xE0, 0x2E, 0x00, 0x00, 0x00, 0x00,
    0x00, 0x00, 0x00, 0x00, 0x01, 0x69, 0x00, 0x02, 0xFF, 0xFF, 0x00, 0xFF, 0xFF, 0xFC, 0x2F, 0xD4,
    0xBF, 0xD1, 0xE0, 0x03, 0xFD, 0x00, 0x00, 0x3F, 0xC0, 0x00, 0x07, 0xF8, 0x00, 0x7F, 0xFF, 0x00,
    0x07, 0xFF, 0xF8, 0x00, 0x15, 0xBF, 0xE0, 0x00, 0x02, 0xFF, 0x1E, 0x00, 0x1F, 0xF3, 0xF4, 0x02,
    0xFF, 0x3F, 0xE5, 0xBF, 0xD3, 0xFF, 0xFF, 0xF4, 0x0B, 0xFF, 0xF9, 0x00, 0x01, 0x54, 0x00, 0x00,
    0x00, 0x00, 0x00, 0x1F, 0xFF, 0xFF, 0xFC, 0x1F, 0xFF, 0xFF, 0xFE, 0x2F, 0xFF, 0xFF, 0xFD, 0x2F,
    0x80, 0x0B, 0xF8, 0x2F, 0x40, 0x1F, 0xE0, 0x0F, 0x00, 0x7F, 0x80, 0x00, 0x00, 0xFE, 0x00, 0x00,
    0x03, 0xFC, 0x00, 0x00, 0x0F, 0xFE, 0x00, 0x00, 0x0F, 0xFF, 0xE0, 0x00, 0x0F, 0xFF, 0xF8, 0x00,
    0x00, 0x1F, 0xFD, 0x00, 0x00, 0x03, 0xFE, 0x00, 0x00, 0x03, 0xFE, 0x04, 0x00, 0x03, 0xFE, 0x1E,
    0x00, 0x03, 0xFE, 0x3F, 0x80, 0x0B, 0xFC, 0x3F, 0xFA, 0xBF, 0xF8, 0x2F, 0xFF, 0xFF, 0xE0, 0x07,
    0xFF, 0xFF, 0x40, 0x00, 0x15, 0x50, 0x00, 0x00, 0x00, 0x00, 0x00, 0xBF, 0xFF, 0xFF, 0xC2, 0xFF,
    0xFF, 0xFF, 0x8F, 0xFF, 0xFF, 0xFC, 0x3F, 0x00, 0x3F, 0xC0, 0xB8, 0x03, 0xFC, 0x00, 0x80, 0x2F,
    0xD0, 0x00, 0x02, 0xFD, 0x00, 0x00, 0x1F, 0xD0, 0x00, 0x01, 0xFF, 0x40, 0x00, 0x0B, 0xFF, 0xF0,
    0x00, 0x1F, 0xFF, 0xF4, 0x00, 0x01, 0xFF, 0xF0, 0x00, 0x00, 0xBF, 0xD0, 0x00, 0x00, 0xFF, 0x80,
    0x00, 0x03, 0xFE, 0x00, 0x00, 0x0F, 0xF4, 0xB0, 0x00, 0x3F, 0xC7, 0xF0, 0x02, 0xFF, 0x1F, 0xF9,
    0x6F, 0xF4, 0x3F, 0xFF, 0xFF, 0x40, 0x2F, 0xFF, 0xF0, 0x00, 0x06, 0xA4, 0x00, 0x00, 0x00, 0x03,
    0xFF, 0xFF, 0x00, 0x00, 0x00, 0x1F, 0xFF, 0xFC, 0x00, 0x00, 0x00, 0x7F, 0xFF, 0xE0, 0x00, 0x00,
    0x00, 0x00, 0x00, 0x00, 0x00, 0x00, 0x00, 0x00, 0x00, 0x00, 0x00, 0x00, 0x00, 0x00, 0x00, 0x00,
    0x0F, 0xFF, 0xFF, 0x03, 0xFF, 0xFF, 0xBF, 0xFF, 0xF8, 0x0F, 0xFF, 0xFD, 0x1B, 0xFE, 0x00, 0x07,
    0xFF, 0x40, 0x1F, 0xF0, 0x00, 0x0B, 0xFC, 0x00, 0x7F, 0xC0, 0x00, 0x3F, 0xF0, 0x01, 0xFF, 0x00,
    0x03, 0xFF, 0xC0, 0x07, 0xFC, 0x00, 0x3F, 0xFF, 0x00, 0x1F, 0xF0, 0x03, 0xFF, 0xFC, 0x00, 0x7F,
    0xC0, 0x3F, 0xEF, 0xF0, 0x01, 0xFF, 0x03, 0xF8, 0xBF, 0xC0, 0x07, 0xFC, 0x3F, 0x82, 0xFF, 0x00,
    0x1F, 0xF7, 0xF8, 0x0B, 0xFC, 0x00, 0x7F, 0xFF, 0x80, 0x2F, 0xF0, 0x01, 0xFF, 0xF8, 0x00, 0xBF,
    0xC0, 0x07, 0xFF, 0x80, 0x02, 0xFF, 0x00, 0x1F, 0xF8, 0x00, 0x0B, 0xFC, 0x00, 0x7F, 0xC0, 0x00,
    0x2F, 0xF0, 0x06, 0xFF, 0x90, 0x01, 0xFF, 0xE4, 0xFF, 0xFF, 0xF0, 0x3F, 0xFF, 0xFB, 0xFF, 0xFF,
    0x80, 0xFF, 0xFF, 0xE0, 0x00, 0x7F, 0xFF, 0xE0, 0x00, 0x02, 0xFF, 0xFF, 0xC0, 0x00, 0x0B, 0xFF,
    0xFE, 0x00, 0x00, 0x00, 0x00, 0x00, 0x00, 0x00, 0x00, 0x00, 0x00, 0x00, 0x00, 0x00, 0x00, 0x00,
    0x0F, 0xFF, 0xF0, 0xBF, 0xFF, 0x3F, 0xFF, 0x81, 0xFF, 0xFC, 0x1F, 0xF4, 0x00, 0xFF, 0x00, 0x3F,
    0xD0, 0x07, 0xFC, 0x00, 0xFF, 0x40, 0x7F, 0xF0, 0x03, 0xFD, 0x07, 0xFF, 0xC0, 0x0F, 0xF4, 0xBF,
    0xFF, 0x00, 0x3F, 0xDB, 0xE3, 0xFC, 0x00, 0xFF, 0xFE, 0x0F, 0xF0, 0x03, 0xFF, 0xE0, 0x3F, 0xC0,
    0x0F, 0xFE, 0x00, 0xFF, 0x00, 0x3F, 0xE0, 0x03, 0xFC, 0x00, 0xFF, 0x40, 0x1F, 0xF4, 0x2F, 0xFF,
    0x81, 0xFF, 0xFC, 0xFF, 0xFE, 0x0B, 0xFF, 0xF0, 0x00, 0x02, 0x90, 0x2A, 0x00, 0x00, 0x00, 0x3F,
    0xD2, 0xFE, 0x00, 0x00, 0x00, 0xFF, 0x4F, 0xF8, 0x00, 0x00, 0x03, 0xFC, 0x1F, 0xD0, 0x00, 0x00,
    0x01, 0x40, 0x04, 0x00, 0x00, 0x00, 0x00, 0x00, 0x00, 0x00, 0x00, 0x00, 0x00, 0x00, 0x00, 0x00,
    0x3F, 0xFF, 0xFC, 0x0F, 0xFF, 0xFE, 0xFF, 0xFF, 0xE0, 0x3F, 0xFF, 0xF4, 0x6F, 0xF8, 0x00, 0x1F,
    0xFD, 0x00, 0x7F, 0xC0, 0x00, 0x2F, 0xF0, 0x01, 0xFF, 0x00, 0x00, 0xFF, 0xC0, 0x07, 0xFC, 0x00,
    0x0F, 0xFF, 0x00, 0x1F, 0xF0, 0x00, 0xFF, 0xFC, 0x00, 0x7F, 0xC0, 0x0F, 0xFF, 0xF0, 0x01, 0xFF,
    0x00, 0xFF, 0xBF, 0xC0, 0x07, 0xFC, 0x0F, 0xE2, 0xFF, 0x00, 0x1F, 0xF0, 0xFE, 0x0B, 0xFC, 0x00,
    0x7F, 0xDF, 0xE0, 0x2F, 0xF0, 0x01, 0xFF, 0xFE, 0x00, 0xBF, 0xC0, 0x07, 0xFF, 0xE0, 0x02, 0xFF,
    0x00, 0x1F, 0xFE, 0x00, 0x0B, 0xFC, 0x00, 0x7F, 0xE0, 0x00, 0x2F, 0xF0, 0x01, 0xFF, 0x00, 0x00,
    0xBF, 0xC0, 0x1B, 0xFE, 0x40, 0x07, 0xFF, 0x93, 0xFF, 0xFF, 0xC0, 0xFF, 0xFF, 0xEF, 0xFF, 0xFE,
    0x03, 0xFF, 0xFF, 0x80, 0x00, 0x00, 0x00, 0x00, 0x00, 0x02, 0xF8, 0x1F, 0xC0, 0x00, 0x0F, 0xF0,
    0xFF, 0x40, 0x00, 0x3F, 0xC3, 0xFC, 0x00, 0x00, 0x79, 0x06, 0xD0, 0x00, 0x00, 0x00, 0x00, 0x00,
    0x00, 0x00, 0x00, 0x00, 0x00, 0x00, 0x00, 0x00, 0x00, 0x00, 0xFF, 0xFF, 0x0B, 0xFF, 0xF3, 0xFF,
    0xF8, 0x1F, 0xFF, 0xC1, 0xFF, 0x40, 0x0F, 0xF0, 0x03, 0xFD, 0x00, 0x7F, 0xC0, 0x0F, 0xF4, 0x07,
    0xFF, 0x00, 0x3F, 0xD0, 0x7F, 0xFC, 0x00, 0xFF, 0x4B, 0xFF, 0xF0, 0x03, 0xFD, 0xBE, 0x3F, 0xC0,
    0x0F, 0xFF, 0xE0, 0xFF, 0x00, 0x3F, 0xFE, 0x03, 0xFC, 0x00, 0xFF, 0xE0, 0x0F, 0xF0, 0x03, 0xFE,
    0x00, 0x3F, 0xC0, 0x0F, 0xF4, 0x01, 0xFF, 0x42, 0xFF, 0xF8, 0x1F, 0xFF, 0xCF, 0xFF, 0xE0, 0xBF,
    0xFF, 0x00, 0x00, 0x0A, 0x40, 0xA8, 0x00, 0x00, 0x0F, 0xF4, 0xBF, 0x80, 0x00, 0x03, 0xFD, 0x3F,
    0xE0, 0x00, 0x00, 0xFF, 0x07, 0xF4, 0x00, 0x00, 0x05, 0x00, 0x10, 0x00, 0x00, 0x00, 0x00, 0x00,
    0x00, 0x00, 0x00, 0x06, 0xA9, 0x00, 0x00, 0x00, 0x7F, 0xFF, 0xF8, 0x00, 0x00, 0xBF, 0xFF, 0xFF,
    0xD0, 0x00, 0xFF, 0xFA, 0xBF, 0xFD, 0x00, 0xBF, 0xD0, 0x03, 0xFF, 0xC0, 0x7F, 0xD0, 0x00, 0x3F,
    0xF8, 0x3F, 0xF0, 0x00, 0x07, 0xFF, 0x0F, 0xF4, 0x00, 0x00, 0xFF, 0xC7, 0xFD, 0x00, 0x00, 0x2F,
    0xF6, 0xFF, 0x00, 0x00, 0x0B, 0xFD, 0xBF, 0xC0, 0x00, 0x02, 0xFF, 0x7F, 0xF0, 0x00, 0x00, 0x7F,
    0xDF, 0xFC, 0x00, 0x00, 0x2F, 0xF6, 0xFF, 0x40, 0x00, 0x0B, 0xFC, 0x7F, 0xE0, 0x00, 0x03, 0xFF,
    0x0F, 0xFC, 0x00, 0x00, 0xFF, 0x43, 0xFF, 0x80, 0x00, 0xFF, 0xC0, 0x7F, 0xF8, 0x00, 0xBF, 0xC0,
    0x0B, 0xFF, 0xFB, 0xFF, 0xD0, 0x00, 0xBF, 0xFF, 0xFF, 0xD0, 0x00, 0x02, 0xFF, 0xFF, 0x80, 0x00,
    0x00, 0x05, 0x54, 0x00, 0x00, 0x00, 0x00, 0x00, 0x00, 0x03, 0xF4, 0x2F, 0x80, 0x07, 0xFC, 0x7F,
    0xC0, 0x07, 0xFC, 0x7F, 0xC0, 0x02, 0xE0, 0x2E, 0x00, 0x00, 0x00, 0x00, 0x00, 0x00, 0x00, 0x00,
    0x00, 0x00, 0x05, 0x94, 0x00, 0x01, 0xFF, 0xFF, 0x80, 0x07, 0xFF, 0xFF, 0xE0, 0x1F, 0xF9, 0xBF,
    0xF4, 0x3F, 0xE0, 0x0F, 0xFC, 0x7F, 0xC0, 0x0B, 0xFC, 0xBF, 0xC0, 0x07, 0xFD, 0xFF, 0xC0, 0x07,
    0xFD, 0xFF, 0x80, 0x03, 0xFD, 0xFF, 0xC0, 0x07, 0xFD, 0xFF, 0xC0, 0x07, 0xFC, 0xBF, 0xC0, 0x0B,
    0xFC, 0x7F, 0xF0, 0x0F, 0xF4, 0x3F, 0xFE, 0xBF, 0xF0, 0x0F, 0xFF, 0xFF, 0xC0, 0x02, 0xFF, 0xFD,
    0x00, 0x00, 0x15, 0x40, 0x00, 0x00, 0x00, 0x6A, 0x90, 0x00, 0x00, 0x07, 0xFF, 0xFF, 0x80, 0x00,
    0x0B, 0xFF, 0xFF, 0xFD, 0x00, 0x0F, 0xFF, 0xAB, 0xFF, 0xD0, 0x0B, 0xFD, 0x00, 0x3F, 0xFC, 0x07,
    0xFD, 0x00, 0x03, 0xFF, 0x83, 0xFE, 0x00, 0x00, 0x7F, 0xF0, 0xFF, 0x40, 0x00, 0x0F, 0xFC, 0x7F,
    0xC0, 0x00, 0x02, 0xFF, 0x6F, 0xFA, 0xAA, 0xAA, 0xBF, 0xDB, 0xFF, 0xFF, 0xFF, 0xFF, 0xF7, 0xFF,
    0xFF, 0xFF, 0xFF, 0xFD, 0xFF, 0xC0, 0x00, 0x01, 0xFF, 0x6F, 0xF4, 0x00, 0x00, 0xBF, 0xC7, 0xFE,
    0x00, 0x00, 0x3F, 0xF0, 0xFF, 0xC0, 0x00, 0x0F, 0xF4, 0x3F, 0xF8, 0x00, 0x0B, 0xFC, 0x07, 0xFF,
    0x80, 0x0B, 0xFD, 0x00, 0xBF, 0xFF, 0xBF, 0xFD, 0x00, 0x0B, 0xFF, 0xFF, 0xFD, 0x00, 0x00, 0x7F,
    0xFF, 0xF8, 0x00, 0x00, 0x00, 0x59, 0x40, 0x00, 0x00, 0x00, 0x05, 0x94, 0x00, 0x01, 0xFF, 0xFF,
    0x80, 0x07, 0xFF, 0xFF, 0xE0, 0x1F, 0xF4, 0x2F, 0xF4, 0x3F, 0xC0, 0x0B, 0xFC, 0x7F, 0x80, 0x03,
    0xFC, 0xBF, 0x40, 0x03, 0xFD, 0xFF, 0xAA, 0xAB, 0xFD, 0xFF, 0xFF, 0xFF, 0xFD, 0xFF, 0x95, 0x57,
    0xFD, 0xFF, 0x40, 0x03, 0xFC, 0xBF, 0x80, 0x03, 0xFC, 0x7F, 0xD0, 0x0B, 0xF4, 0x3F, 0xF8, 0x2F,
    0xF0, 0x0F, 0xFF, 0xFF, 0xC0, 0x02, 0xFF, 0xFD, 0x00, 0x00, 0x15, 0x40, 0x00, 0x00, 0x0A, 0x40,
    0xA8, 0x00, 0x00, 0x0F, 0xF4, 0xBF, 0x80, 0x00, 0x03, 0xFD, 0x3F, 0xE0, 0x00, 0x00, 0xFF, 0x07,
    0xF4, 0x00, 0x00, 0x05, 0x00, 0x10, 0x00, 0x00, 0x00, 0x00, 0x00, 0x00, 0x00, 0x00, 0x06, 0xA9,
    0x00, 0x00, 0x00, 0x7F, 0xFF, 0xF8, 0x00, 0x00, 0xBF, 0xFF, 0xFF, 0xD0, 0x00, 0xFF, 0xFA, 0xBF,
    0xFD, 0x00, 0xBF, 0xD0, 0x03, 0xFF, 0xC0, 0x7F, 0xD0, 0x00, 0x3F, 0xF8, 0x3F, 0xE0, 0x00, 0x07,
    0xFF, 0x0F, 0xF4, 0x00, 0x00, 0xFF, 0xC7, 0xFC, 0x00, 0x00, 0x2F, 0xF6, 0xFF, 0xAA, 0xAA, 0xAB,
    0xFD, 0xBF, 0xFF, 0xFF, 0xFF, 0xFF, 0x7F, 0xFF, 0xFF, 0xFF, 0xFF, 0xDF, 0xFC, 0x00, 0x00, 0x1F,
    0xF6, 0xFF, 0x40, 0x00, 0x0B, 0xFC, 0x7F, 0xE0, 0x00, 0x03, 0xFF, 0x0F, 0xFC, 0x00, 0x00, 0xFF,
    0x43, 0xFF, 0x80, 0x00, 0xBF, 0xC0, 0x7F, 0xF8, 0x00, 0xBF, 0xD0, 0x0B, 0xFF, 0xFB, 0xFF, 0xD0,
    0x00, 0xBF, 0xFF, 0xFF, 0xD0, 0x00, 0x07, 0xFF, 0xFF, 0x80, 0x00, 0x00, 0x05, 0x94, 0x00, 0x00,
    0x00, 0x00, 0x00, 0x00, 0x03, 0xF4, 0x2F, 0x80, 0x07, 0xFC, 0x7F, 0xC0, 0x07, 0xFC, 0x7F, 0xC0,
    0x02, 0xE0, 0x2E, 0x00, 0x00, 0x00, 0x00, 0x00, 0x00, 0x00, 0x00, 0x00, 0x00, 0x05, 0x94, 0x00,
    0x01, 0xFF, 0xFF, 0x80, 0x07, 0xFF, 0xFF, 0xE0, 0x1F, 0xF4, 0x2F, 0xF4, 0x3F, 0xC0, 0x0B, 0xFC,
    0x7F, 0x80, 0x03, 0xFC, 0xBF, 0x40, 0x03, 0xFD, 0xFF, 0xAA, 0xAB, 0xFD, 0xFF, 0xFF, 0xFF, 0xFD,
    0xFF, 0x95, 0x57, 0xFD, 0xFF, 0x40, 0x03, 0xFC, 0xBF, 0x80, 0x03, 0xFC, 0x7F, 0xD0, 0x0B, 0xF4,
    0x3F, 0xF8, 0x2F, 0xF0, 0x0F, 0xFF, 0xFF, 0xC0, 0x02, 0xFF, 0xFD, 0x00, 0x00, 0x15, 0x40, 0x00,
    0x02, 0x90, 0x1A, 0x00, 0x00, 0xFF, 0x47, 0xF8, 0x00, 0x0F, 0xF8, 0xBF, 0xC0, 0x00, 0xBF, 0x07,
    0xF4, 0x00, 0x01, 0x40, 0x04, 0x00, 0x00, 0x00, 0x00, 0x00, 0x00, 0x00, 0x5A, 0xA4, 0x00, 0x00,
    0xBF, 0xFF, 0xFD, 0x00, 0x3F, 0xFF, 0xFF, 0xF8, 0x03, 0xFF, 0x9B, 0xFF, 0xE0, 0x3F, 0x80, 0x07,
    0xFF, 0x03, 0xF0, 0x00, 0x1F, 0xF8, 0x3F, 0x00, 0x00, 0xFF, 0xC1, 0xA0, 0x00, 0x07, 0xFD, 0x00,
    0x00, 0x00, 0x3F, 0xE0, 0x01, 0xAA, 0xAB, 0xFE, 0x00, 0x1F, 0xFF, 0xFF, 0xE0, 0x00, 0xFF, 0xFF,
    0xFE, 0x00, 0x01, 0x55, 0x7F, 0xE0, 0x00, 0x00, 0x07, 0xFD, 0x00, 0x00, 0x00, 0xBF, 0xC2, 0xD0,
    0x00, 0x0F, 0xFC, 0x7F, 0x00, 0x02, 0xFF, 0x4F, 0xF8, 0x00, 0xBF, 0xE0, 0xBF, 0xFA, 0xBF, 0xFC,
    0x03, 0xFF, 0xFF, 0xFE, 0x00, 0x0B, 0xFF, 0xFF, 0x40, 0x00, 0x05, 0x55, 0x00, 0x00, 0x00, 0x00,
    0x00, 0x00, 0x1F, 0x81, 0xFC, 0x00, 0xFF, 0x0F, 0xF4, 0x03, 0xFC, 0x3F, 0xD0, 0x07, 0x90, 0x6D,
    0x00, 0x00, 0x00, 0x00, 0x00, 0x00, 0x00, 0x00, 0x00, 0x05, 0x94, 0x00, 0x02, 0xFF, 0xFE, 0x00,
    0x3F, 0xFF, 0xFF, 0x02, 0xFE, 0x5B, 0xFF, 0x07, 0x80, 0x07, 0xFC, 0x00, 0x00, 0x0F, 0xF8, 0x00,
    0x00, 0x3F, 0xE0, 0x07, 0xFF, 0xFF, 0x80, 0x1F, 0xFF, 0xFE, 0x00, 0x15, 0x5F, 0xF8, 0x00, 0x00,
    0x3F, 0xD0, 0xE0, 0x00, 0xFF, 0x0F, 0xD0, 0x0B, 0xFC, 0x3F, 0xE5, 0xBF, 0xC0, 0xFF, 0xFF, 0xFD,
    0x00, 0xBF, 0xFF, 0x80, 0x00, 0x05, 0x50, 0x00, 0x00, 0x0F, 0xFF, 0xFD, 0x00, 0x00, 0x03, 0xFF,
    0xFF, 0x40, 0x00, 0x00, 0xFF, 0xFF, 0xC0, 0x00, 0x00, 0x00, 0x00, 0x00, 0x00, 0x00, 0x00, 0x00,
    0x00, 0x00, 0x00, 0x00, 0x00, 0x00, 0x00, 0x0B, 0xFF, 0xFF, 0x07, 0xFF, 0xFE, 0xFF, 0xFF, 0x81,
    0xFF, 0xFE, 0x1F, 0xFE, 0x00, 0x0B, 0xFC, 0x01, 0xFF, 0x80, 0x02, 0xFC, 0x00, 0x3F, 0xF0, 0x00,
    0xFE, 0x00, 0x03, 0xFE, 0x00, 0xBF, 0x00, 0x00, 0xBF, 0xC0, 0x3F, 0x40, 0x00, 0x0F, 0xF4, 0x1F,
    0xC0, 0x00, 0x02, 0xFE, 0x0F, 0xD0, 0x00, 0x00, 0x3F, 0xC7, 0xF0, 0x00, 0x00, 0x0B, 0xFB, 0xF4,
    0x00, 0x00, 0x00, 0xFF, 0xFC, 0x00, 0x00, 0x00, 0x2F, 0xFC, 0x00, 0x00, 0x00, 0x03, 0xFE, 0x00,
    0x00, 0x00, 0x00, 0xBF, 0x00, 0x00, 0x00, 0x10, 0x3F, 0x80, 0x00, 0x00, 0x3D, 0x2F, 0xC0, 0x00,
    0x00, 0x1F, 0xFF, 0xD0, 0x00, 0x00, 0x07, 0xFF, 0xD0, 0x00, 0x00, 0x00, 0xFF, 0xD0, 0x00, 0x00,
    0x00, 0x05, 0x40, 0x00, 0x00, 0x00, 0x00, 0x7F, 0xFF, 0xE0, 0x00, 0x03, 0xFF, 0xFF, 0xC0, 0x00,
    0x0B, 0xFF, 0xFE, 0x00, 0x00, 0x00, 0x00, 0x00, 0x00, 0x00, 0x00, 0x00, 0x00, 0x00, 0x00, 0x00,
    0x00, 0x00, 0x07, 0xFF, 0xFD, 0x1F, 0xFF, 0x9F, 0xFF, 0xF0, 0x3F, 0xFD, 0x0F, 0xFE, 0x00, 0x3F,
    0xC0, 0x1F, 0xF8, 0x00, 0xFE, 0x00, 0x3F, 0xF0, 0x07, 0xF0, 0x00, 0x7F, 0xD0, 0x3F, 0xC0, 0x00,
    0xFF, 0x80, 0xFD, 0x00, 0x01, 0xFF, 0x0B, 0xF0, 0x00, 0x03, 0xFC, 0x3F, 0x40, 0x00, 0x0B, 0xF9,
    0xFC, 0x00, 0x00, 0x0F, 0xFF, 0xE0, 0x00, 0x00, 0x2F, 0xFF, 0x00, 0x00, 0x00, 0x7F, 0xF8, 0x00,
    0x00, 0x00, 0xFF, 0xC0, 0x00, 0x00, 0x01, 0xFE, 0x00, 0x00, 0x00, 0x07, 0xF0, 0x00, 0x00, 0x00,
    0x3F, 0x80, 0x00, 0x0D, 0x03, 0xFC, 0x00, 0x00, 0xBF, 0xFF, 0xC0, 0x00, 0x03, 0xFF, 0xFD, 0x00,
    0x00, 0x0B, 0xFF, 0xC0, 0x00, 0x00, 0x0B, 0xE4, 0x00, 0x00, 0x00, 0x00, 0x0A, 0x80, 0x68, 0x00,
    0x00, 0x0B, 0xF8, 0x7F, 0xC0, 0x00, 0x03, 0xFE, 0x2F, 0xF0, 0x00, 0x00, 0xBF, 0x43, 0xF8, 0x00,
    0x00, 0x01, 0x00, 0x10, 0x00, 0x00, 0x00, 0x00, 0x00, 0x00, 0x00, 0x00, 0x00, 0x00, 0x00, 0x02,
    0xFF, 0xFF, 0xC1, 0xFF, 0xFF, 0xBF, 0xFF, 0xE0, 0x7F, 0xFF, 0x87, 0xFF, 0x80, 0x02, 0xFF, 0x00,
    0x7F, 0xE0, 0x00, 0xBF, 0x00, 0x0F, 0xFC, 0x00, 0x3F, 0x80, 0x00, 0xFF, 0x80, 0x2F, 0xC0, 0x00,
    0x2F, 0xF0, 0x0F, 0xD0, 0x00, 0x03, 0xFD, 0x07, 0xF0, 0x00, 0x00, 0xBF, 0x83, 0xF4, 0x00, 0x00,
    0x0F, 0xF1, 0xFC, 0x00, 0x00, 0x02, 0xFE, 0xFD, 0x00, 0x00, 0x00, 0x3F, 0xFF, 0x00, 0x00, 0x00,
    0x0B, 0xFF, 0x00, 0x00, 0x00, 0x00, 0xFF, 0x80, 0x00, 0x00, 0x00, 0x2F, 0xC0, 0x00, 0x00, 0x04,
    0x0F, 0xE0, 0x00, 0x00, 0x0F, 0x4B, 0xF0, 0x00, 0x00, 0x07, 0xFF, 0xF4, 0x00, 0x00, 0x01, 0xFF,
    0xF4, 0x00, 0x00, 0x00, 0x3F, 0xF4, 0x00, 0x00, 0x00, 0x01, 0x50, 0x00, 0x00, 0x00, 0x00, 0x00,
    0x00, 0x00, 0x00, 0x02, 0xF8, 0x2F, 0x80, 0x00, 0x0F, 0xF0, 0xFF, 0x00, 0x00, 0x3F, 0xC3, 0xFC,
    0x00, 0x00, 0x79, 0x07, 0x90, 0x00, 0x00, 0x00, 0x00, 0x00, 0x00, 0x00, 0x00, 0x00, 0x00, 0x00,
    0x00, 0x00, 0x00, 0x00, 0x7F, 0xFF, 0xD1, 0xFF, 0xF9, 0xFF, 0xFF, 0x03, 0xFF, 0xD0, 0xFF, 0xE0,
    0x03, 0xFC, 0x01, 0xFF, 0x80, 0x0F, 0xE0, 0x03, 0xFF, 0x00, 0x7F, 0x00, 0x07, 0xFD, 0x03, 0xFC,
    0x00, 0x0F, 0xF8, 0x0F, 0xD0, 0x00, 0x1F, 0xF0, 0xBF, 0x00, 0x00, 0x3F, 0xC3, 0xF4, 0x00, 0x00,
    0xBF, 0x9F, 0xC0, 0x00, 0x00, 0xFF, 0xFE, 0x00, 0x00, 0x02, 0xFF, 0xF0, 0x00, 0x00, 0x07, 0xFF,
    0x80, 0x00, 0x00, 0x0F, 0xFC, 0x00, 0x00, 0x00, 0x1F, 0xE0, 0x00, 0x00, 0x00, 0x7F, 0x00, 0x00,
    0x00, 0x03, 0xF8, 0x00, 0x00, 0xD0, 0x3F, 0xC0, 0x00, 0x0B, 0xFF, 0xFC, 0x00, 0x00, 0x3F, 0xFF,
    0xD0, 0x00, 0x00, 0xBF, 0xFC, 0x00, 0x00, 0x00, 0xBE, 0x40, 0x00, 0x00, 0x00, 0x00, 0x00, 0x08,
    0x00, 0x10, 0x00, 0x00, 0x07, 0xC0, 0x3D, 0x00, 0x00, 0x07, 0xF4, 0x3F, 0xC0, 0x00, 0x07, 0xFC,
    0x3F, 0xD0, 0x00, 0x03, 0xF8, 0x2F, 0xD0, 0x00, 0x02, 0xF4, 0x1F, 0x80, 0x00, 0x00, 0x60, 0x03,
    0x40, 0x00, 0x00, 0x00, 0x00, 0x00, 0x00, 0x00, 0x00, 0x00, 0x00, 0x00, 0x2F, 0xFF, 0xFC, 0x1F,
    0xFF, 0xFB, 0xFF, 0xFE, 0x07, 0xFF, 0xF8, 0x7F, 0xF8, 0x00, 0x2F, 0xF0, 0x07, 0xFE, 0x00, 0x0B,
    0xF0, 0x00, 0xFF, 0xC0, 0x03, 0xF8, 0x00, 0x0F, 0xF8, 0x02, 0xFC, 0x00, 0x02, 0xFF, 0x00, 0xFD,
    0x00, 0x00, 0x3F, 0xD0, 0x7F, 0x00, 0x00, 0x0B, 0xF8, 0x3F, 0x40, 0x00, 0x00, 0xFF, 0x1F, 0xC0,
    0x00, 0x00, 0x2F, 0xEF, 0xD0, 0x00, 0x00, 0x03, 0xFF, 0xF0, 0x00, 0x00, 0x00, 0xBF, 0xF0, 0x00,
    0x00, 0x00, 0x0F, 0xF8, 0x00, 0x00, 0x00, 0x02, 0xFC, 0x00, 0x00, 0x00, 0x40, 0xFE, 0x00, 0x00,
    0x00, 0xF4, 0xBF, 0x00, 0x00, 0x00, 0x7F, 0xFF, 0x40, 0x00, 0x00, 0x1F, 0xFF, 0x40, 0x00, 0x00,
    0x03, 0xFF, 0x40, 0x00, 0x00, 0x00, 0x15, 0x00, 0x00, 0x00, 0x00, 0x00, 0x00, 0x00, 0x00, 0x00,
    0x00, 0x0B, 0x43, 0xD0, 0x00, 0x00, 0x3F, 0x0F, 0xC0, 0x00, 0x02, 0xFC, 0xBE, 0x00, 0x00, 0x0F,
    0xC3, 0xF0, 0x00, 0x00, 0x7E, 0x1F, 0x40, 0x00, 0x01, 0xF0, 0xB8, 0x00, 0x00, 0x01, 0x00, 0x40,
    0x00, 0x00, 0x00, 0x00, 0x00, 0x00, 0x00, 0x00, 0x00, 0x00, 0x07, 0xFF, 0xFD, 0x1F, 0xFF, 0x9F,
    0xFF, 0xF0, 0x3F, 0xFD, 0x0F, 0xFE, 0x00, 0x3F, 0xC0, 0x1F, 0xF8, 0x00, 0xFE, 0x00, 0x3F, 0xF0,
    0x07, 0xF0, 0x00, 0x7F, 0xD0, 0x3F, 0xC0, 0x00, 0xFF, 0x80, 0xFD, 0x00, 0x01, 0xFF, 0x0B, 0xF0,
    0x00, 0x03, 0xFC, 0x3F, 0x40, 0x00, 0x0B, 0xF9, 0xFC, 0x00, 0x00, 0x0F, 0xFF, 0xE0, 0x00, 0x00,
    0x2F, 0xFF, 0x00, 0x00, 0x00, 0x7F, 0xF8, 0x00, 0x00, 0x00, 0xFF, 0xC0, 0x00, 0x00, 0x01, 0xFE,
    0x00, 0x00, 0x00, 0x07, 0xF0, 0x00, 0x00, 0x00, 0x3F, 0x80, 0x00, 0x0D, 0x03, 0xFC, 0x00, 0x00,
    0xBF, 0xFF, 0xC0, 0x00, 0x03, 0xFF, 0xFD, 0x00, 0x00, 0x0B, 0xFF, 0xC0, 0x00, 0x00, 0x0B, 0xE4,
    0x00, 0x00, 0x00, 0x00, 0x06, 0x80, 0x29, 0x00, 0x00, 0x01, 0xFF, 0x0F, 0xF4, 0x00, 0x00, 0x1F,
    0xF0, 0xFF, 0x40, 0x00, 0x00, 0xFE, 0x0F, 0xF0, 0x00, 0x00, 0x01, 0x00, 0x14, 0x00, 0x00, 0x00,
    0x00, 0x00, 0x00, 0x00, 0x00, 0x00, 0x00, 0x00, 0x00, 0x07, 0xFF, 0xFF, 0x0F, 0xFF, 0xFD, 0x7F,
    0xFF, 0xF0, 0xFF, 0xFF, 0xC1, 0xBF, 0xF4, 0x02, 0xFF, 0xD0, 0x03, 0xFF, 0x00, 0x0F, 0xFC, 0x00,
    0x3F, 0xF0, 0x00, 0xFF, 0xC0, 0x03, 0xFF, 0x00, 0x0F, 0xFC, 0x00, 0x3F, 0xF0, 0x00, 0xFF, 0xC0,
    0x03, 0xFF, 0x00, 0x0F, 0xFC, 0x00, 0x2F, 0xF8, 0x00, 0xFF, 0xC0, 0x01, 0xFF, 0xF9, 0xAF, 0xFC,
    0x00, 0x0F, 0xFF, 0xFF, 0xFF, 0xC0, 0x00, 0x2F, 0xFF, 0xFF, 0xFC, 0x00, 0x00, 0x2A, 0xA4, 0xFF,
    0xC0, 0x00, 0x00, 0x00, 0x0F, 0xFC, 0x00, 0x00, 0x00, 0x00, 0xFF, 0xC0, 0x00, 0x00, 0x00, 0x0F,
    0xFC, 0x00, 0x00, 0x00, 0x00, 0xFF, 0xC0, 0x00, 0x00, 0x00, 0x2F, 0xFE, 0x40, 0x00, 0x00, 0x1F,
    0xFF, 0xFD, 0x00, 0x00, 0x01, 0xFF, 0xFF, 0xD0, 0x00, 0x00, 0x00, 0x00, 0x00, 0x0B, 0xE0, 0xBE,
    0x00, 0x01, 0xFF, 0x0F, 0xF0, 0x00, 0x1F, 0xF0, 0xFF, 0x00, 0x00, 0xB8, 0x07, 0x90, 0x00, 0x00,
    0x00, 0x00, 0x00, 0x00, 0x00, 0x00, 0x00, 0x00, 0x00, 0x00, 0x00, 0x00, 0xBF, 0xFF, 0x1F, 0xFF,
    0xEB, 0xFF, 0xF1, 0xFF, 0xFD, 0x0F, 0xF8, 0x03, 0xFE, 0x00, 0xBF, 0x80, 0x3F, 0xD0, 0x0B, 0xF8,
    0x03, 0xFD, 0x00, 0xBF, 0xC0, 0x3F, 0xD0, 0x07, 0xFD, 0x03, 0xFD, 0x00, 0x3F, 0xFF, 0xFF, 0xD0,
    0x01, 0xFF, 0xFF, 0xFD, 0x00, 0x01, 0xAA, 0x7F, 0xD0, 0x00, 0x00, 0x03, 0xFD, 0x00, 0x00, 0x00,
    0x3F, 0xD0, 0x00, 0x00, 0x03, 0xFE, 0x00, 0x00, 0x0B, 0xFF, 0xFD, 0x00, 0x00, 0xFF, 0xFF, 0xD0,
    0x00, 0x00, 0x00, 0x00, 0x3F, 0xFF, 0xFF, 0xFF, 0xCF, 0xFF, 0xFF, 0xFF, 0xF0, 0x6F, 0xFF, 0xFF,
    0xFC, 0x07, 0xFD, 0x00, 0xBF, 0x01, 0xFF, 0x40, 0x2F, 0x80, 0x7F, 0xD0, 0x07, 0xE0, 0x1F, 0xF4,
    0x01, 0xF0, 0x07, 0xFD, 0x00, 0x00, 0x01, 0xFF, 0x40, 0x00, 0x00, 0x7F, 0xD0, 0x00, 0x00, 0x1F,
    0xF4, 0x00, 0x00, 0x07, 0xFD, 0x00, 0x00, 0x01, 0xFF, 0x40, 0x00, 0x00, 0x7F, 0xD0, 0x00, 0x00,
    0x1F, 0xF4, 0x00, 0x00, 0x07, 0xFD, 0x00, 0x00, 0x01, 0xFF, 0x40, 0x00, 0x01, 0xBF, 0xF9, 0x00,
    0x03, 0xFF, 0xFF, 0xE0, 0x00, 0xFF, 0xFF, 0xF8, 0x00, 0x00, 0x02, 0xFE, 0x00, 0x00, 0x00, 0x7F,
    0x40, 0x00, 0x00, 0x1F, 0xC0, 0x00, 0x00, 0x03, 0xF0, 0x00, 0x00, 0x00, 0xFC, 0x00, 0x00, 0x00,
    0x1E, 0x00, 0x00, 0x00, 0x00, 0x00, 0x0F, 0xFF, 0xFF, 0xFE, 0xFF, 0xFF, 0xFF, 0xD1, 0xFF, 0xEA,
    0xFD, 0x0F, 0xF8, 0x0F, 0xD0, 0xFF, 0x80, 0xBC, 0x0F, 0xF8, 0x0B, 0xC0, 0xFF, 0x80, 0x10, 0x0F,
    0xF8, 0x00, 0x00, 0xFF, 0x80, 0x00, 0x0F, 0xF8, 0x00, 0x00, 0xFF, 0x80, 0x00, 0x0F, 0xF8, 0x00,
    0x00, 0xFF, 0xD4, 0x00, 0xBF, 0xFF, 0xD0, 0x0F, 0xFF, 0xFD, 0x00, 0x00, 0x2F, 0xD0, 0x00, 0x01,
    0xFC, 0x00, 0x00, 0x0F, 0xC0, 0x00, 0x00, 0xFC, 0x00, 0x00, 0x0B, 0x80, 0x00, 0x00, 0x10, 0x00,
    0x00, 0x00, 0x1A, 0x01, 0xA4, 0x00, 0x00, 0x00, 0x00, 0x7F, 0x83, 0xFC, 0x00, 0x00, 0x00, 0x00,
    0xBF, 0xC7, 0xFC, 0x00, 0x00, 0x00, 0x00, 0x7F, 0x43, 0xFC, 0x00, 0x00, 0x00, 0x00, 0x04, 0x00,
    0x50, 0x00, 0x00, 0x00, 0x00, 0x00, 0x00, 0x00, 0x00, 0x00, 0x00, 0x00, 0x00, 0x00, 0x00, 0x00,
    0x00, 0xFF, 0xFF, 0xF0, 0x00, 0x1F, 0xFF, 0xFD, 0xFF, 0xFF, 0xE0, 0x00, 0x1F, 0xFF, 0xFD, 0x1B,
    0xFE, 0x00, 0x00, 0x06, 0xFF, 0xD0, 0x07, 0xFD, 0x00, 0x00, 0x00, 0xFF, 0xC0, 0x07, 0xFD, 0x00,
    0x00, 0x00, 0xFF, 0xC0, 0x07, 0xFD, 0x00, 0x00, 0x00, 0xFF, 0xC0, 0x07, 0xFD, 0x00, 0x00, 0x00,
    0xFF, 0xC0, 0x07, 0xFD, 0x00, 0x00, 0x00, 0xFF, 0xC0, 0x07, 0xFF, 0xFE, 0x40, 0x00, 0xFF, 0xC0,
    0x07, 0xFF, 0xFF, 0xF4, 0x00, 0xFF, 0xC0, 0x07, 0xFF, 0xFF, 0xFE, 0x00, 0xFF, 0xC0, 0x07, 0xFD,
    0x03, 0xFF, 0x00, 0xFF, 0xC0, 0x07, 0xFD, 0x00, 0xFF, 0x40, 0xFF, 0xC0, 0x07, 0xFD, 0x00, 0xFF,
    0x80, 0xFF, 0xC0, 0x07, 0xFD, 0x00, 0xFF, 0x80, 0xFF, 0xC0, 0x07, 0xFD, 0x00, 0xFF, 0x40, 0xFF,
    0xC0, 0x07, 0xFD, 0x07, 0xFF, 0x00, 0xFF, 0xC0, 0x1B, 0xFF, 0xFF, 0xFD, 0x01, 0xFF, 0xE4, 0xFF,
    0xFF, 0xFF, 0xF4, 0x1F, 0xFF, 0xFE, 0xFF, 0xFF, 0xFE, 0x40, 0x1F, 0xFF, 0xFD, 0x00, 0x00, 0x00,
    0x00, 0x00, 0x00, 0x00, 0x00, 0x00, 0x00, 0x00, 0x00, 0x00, 0x00, 0x03, 0xF4, 0x2F, 0x40, 0x00,
    0x00, 0x07, 0xFC, 0x7F, 0xC0, 0x00, 0x00, 0x07, 0xF8, 0x7F, 0xC0, 0x00, 0x00, 0x02, 0xE0, 0x2E,
    0x00, 0x00, 0x00, 0x00, 0x00, 0x00, 0x00, 0x00, 0x00, 0x00, 0x00, 0x00, 0x00, 0x00, 0x00, 0x00,
    0x00, 0x00, 0x00, 0x00, 0xFF, 0xFF, 0x80, 0x03, 0xFF, 0xFD, 0xFF, 0xFF, 0x40, 0x03, 0xFF, 0xFC,
    0x1F, 0xF8, 0x00, 0x00, 0x7F, 0xD0, 0x0F, 0xF4, 0x00, 0x00, 0x3F, 0xD0, 0x0F, 0xF4, 0x00, 0x00,
    0x3F, 0xD0, 0x0F, 0xFA, 0xA4, 0x00, 0x3F, 0xD0, 0x0F, 0xFF, 0xFF, 0x80, 0x3F, 0xD0, 0x0F, 0xFF,
    0xFF, 0xD0, 0x3F, 0xD0, 0x0F, 0xF4, 0x2F, 0xF0, 0x3F, 0xD0, 0x0F, 0xF4, 0x0F, 0xF0, 0x3F, 0xD0,
    0x0F, 0xF4, 0x0F, 0xF0, 0x3F, 0xD0, 0x0F, 0xF4, 0x1F, 0xF0, 0x3F, 0xD0, 0x0F, 0xF9, 0xBF, 0xD0,
    0x7F, 0xE0, 0xBF, 0xFF, 0xFF, 0x83, 0xFF, 0xFD, 0xFF, 0xFF, 0xF9, 0x03, 0xFF, 0xFD, 0x00, 0x00,
    0x00, 0x00, 0x00, 0x00, 0x00, 0x00, 0x00, 0x00, 0x03, 0xFF, 0xFF, 0xFF, 0xFC, 0x3F, 0xFF, 0xFF,
    0xFF, 0xC0, 0x6F, 0xFF, 0xFF, 0xFC, 0x01, 0xFF, 0x40, 0x2F, 0xC0, 0x1F, 0xF4, 0x02, 0xF8, 0x01,
    0xFF, 0x40, 0x1F, 0x80, 0x1F, 0xF4, 0x01, 0xF0, 0x01, 0xFF, 0x40, 0x00, 0x00, 0x1F, 0xF4, 0x00,
    0x00, 0x3F, 0xFF, 0xFF, 0x00, 0x03, 0xFF, 0xFF, 0xF0, 0x00, 0x01, 0xFF, 0x40, 0x00, 0x00, 0x1F,
    0xF4, 0x00, 0x00, 0x01, 0xFF, 0x40, 0x00, 0x00, 0x1F, 0xF4, 0x00, 0x00, 0x01, 0xFF, 0x40, 0x00,
    0x00, 0x1F, 0xF4, 0x00, 0x00, 0x06, 0xFF, 0xE4, 0x00, 0x03, 0xFF, 0xFF, 0xF0, 0x00, 0x3F, 0xFF,
    0xFF, 0x40, 0x00, 0x00, 0x00, 0xF8, 0x00, 0x00, 0x00, 0x0F, 0x80, 0x00, 0x00, 0x41, 0xF8, 0x00,
    0x00, 0x0F, 0xFF, 0x00, 0x00, 0x00, 0xFF, 0xE0, 0x00, 0x00, 0x07, 0xE4, 0x00, 0x00, 0x00, 0x00,
    0x00, 0x00, 0xFF, 0xFF, 0xFF, 0xE3, 0xFF, 0xFF, 0xFF, 0x81, 0xFF, 0xEA, 0xFE, 0x03, 0xFE, 0x02,
    0xF4, 0x0F, 0xF8, 0x07, 0xD0, 0x3F, 0xE0, 0x1F, 0x00, 0xFF, 0x80, 0x00, 0x7F, 0xFF, 0xF4, 0x00,
    0xAF, 0xFE, 0x90, 0x00, 0x3F, 0xE0, 0x00, 0x00, 0xFF, 0x80, 0x00, 0x03, 0xFE, 0x00, 0x00, 0x0F,
    0xFD, 0x00, 0x02, 0xFF, 0xFF, 0xC0, 0x0F, 0xFF, 0xFF, 0x00, 0x00, 0x00, 0x7C, 0x00, 0x00, 0x01,
    0xF4, 0x00, 0x02, 0x5F, 0xC0, 0x00, 0x0F, 0xFE, 0x00, 0x00, 0x3F, 0xE0, 0x00, 0x00, 0x14, 0x00,
    0x00, 0x00, 0x00, 0x00, 0x00, 0x00, 0x02, 0xFF, 0xFF, 0xC3, 0xFF, 0xFD, 0x3F, 0xFF, 0xF8, 0x3F,
    0xFF, 0xC0, 0x7F, 0xFC, 0x00, 0x7F, 0xD0, 0x00, 0xFF, 0xD0, 0x0F, 0xF4, 0x00, 0x07, 0xFF, 0x02,
    0xFD, 0x00, 0x00, 0x2F, 0xF8, 0x7F, 0x80, 0x00, 0x00, 0xBF, 0xDF, 0xF0, 0x00, 0x00, 0x03, 0xFF,
    0xFC, 0x00, 0x00, 0x00, 0x0F, 0xFF, 0x00, 0x00, 0x00, 0x00, 0xBF, 0xF0, 0x00, 0x00, 0x00, 0x0F,
    0xFF, 0x40, 0x00, 0x00, 0x02, 0xFF, 0xFD, 0x00, 0x00, 0x00, 0x7F, 0xBF, 0xF0, 0x00, 0x00, 0x0F,
    0xE1, 0xFF, 0x80, 0x00, 0x03, 0xFC, 0x0B, 0xFE, 0x00, 0x00, 0xFF, 0x40, 0x3F, 0xF4, 0x00, 0x2F,
    0xE0, 0x01, 0xFF, 0xC0, 0x0B, 0xFE, 0x40, 0x0B, 0xFE, 0x07, 0xFF, 0xFE, 0x00, 0x3F, 0xF0, 0xBF,
    0xFF, 0xD0, 0x01, 0xFF, 0x40, 0x00, 0x00, 0x00, 0x0F, 0xF4, 0x00, 0x00, 0x00, 0x00, 0xFF, 0x40,
    0x00, 0x00, 0x00, 0x2F, 0xF0, 0x00, 0x00, 0x01, 0xAF, 0xFD, 0x00, 0x00, 0x00, 0x2F, 0xFF, 0x40,
    0x00, 0x00, 0x00, 0xBF, 0x80, 0x00, 0x00, 0x00, 0x00, 0x00, 0x03, 0xFF, 0xF8, 0x7F, 0xFD, 0x3F,
    0xFF, 0x42, 0xFF, 0x80, 0x7F, 0xE0, 0x2F, 0xD0, 0x01, 0xFF, 0x43, 0xF4, 0x00, 0x07, 0xFC, 0xFD,
    0x00, 0x00, 0x2F, 0xFF, 0x80, 0x00, 0x00, 0xBF, 0xF0, 0x00, 0x00, 0x03, 0xFD, 0x00, 0x00, 0x00,
    0xFF, 0xF0, 0x00, 0x00, 0x3F, 0xFF, 0xC0, 0x00, 0x0B, 0xF1, 0xFF, 0x00, 0x02, 0xFD, 0x0B, 0xF8,
    0x00, 0xBF, 0x80, 0x3F, 0xD0, 0x3F, 0xFE, 0x01, 0xFF, 0x0B, 0xFF, 0xE0, 0x0B, 0xF8, 0x00, 0x00,
    0x00, 0x3F, 0xC0, 0x00, 0x00, 0x03, 0xFC, 0x00, 0x00, 0x00, 0x2F, 0xC0, 0x00, 0x00, 0x03, 0xFC,
    0x00, 0x00, 0x06, 0xFF, 0x40, 0x00, 0x03, 0xFF, 0xE0, 0x00, 0x00, 0x0B, 0xA0, 0x00, 0x00, 0x00,
    0x00, 0x00, 0x00, 0x02, 0xFF, 0xFF, 0xC3, 0xFF, 0xFD, 0x3F, 0xFF, 0xF8, 0x3F, 0xFF, 0xC0, 0x7F,
    0xFC, 0x00, 0x7F, 0xD0, 0x00, 0xFF, 0xD0, 0x0F, 0xF4, 0x00, 0x03, 0xFF, 0x02, 0xFD, 0x00, 0x00,
    0x1F, 0xF8, 0x7F, 0x80, 0x00, 0x00, 0xBF, 0xDF, 0xF0, 0x00, 0x00, 0x03, 0xFF, 0xFC, 0x00, 0x00,
    0x05, 0x6F, 0xFF, 0x95, 0x00, 0x00, 0xFF, 0xFF, 0xFF, 0xF0, 0x00, 0x0A, 0xAF, 0xFF, 0xEA, 0x00,
    0x00, 0x02, 0xFF, 0xFC, 0x00, 0x00, 0x00, 0x7F, 0x7F, 0xF0, 0x00, 0x00, 0x0F, 0xE1, 0xFF, 0x80,
    0x00, 0x03, 0xFC, 0x0B, 0xFD, 0x00, 0x00, 0xFF, 0x40, 0x3F, 0xF0, 0x00, 0x2F, 0xE0, 0x01, 0xFF,
    0xC0, 0x0B, 0xFE, 0x40, 0x1F, 0xFF, 0x87, 0xFF, 0xFE, 0x0F, 0xFF, 0xFF, 0xBF, 0xFF, 0xD0, 0xFF,
    0xFF, 0xF0, 0x00, 0x00, 0x00, 0x00, 0x03, 0xFF, 0xF8, 0x7F, 0xFD, 0x3F, 0xFF, 0x42, 0xFF, 0x80,
    0x7F, 0xE0, 0x2F, 0xD0, 0x01, 0xFF, 0x43, 0xF4, 0x00, 0x07, 0xFC, 0xFD, 0x00, 0x00, 0x1F, 0xFF,
    0x40, 0x00, 0x2A, 0xFF, 0xFA, 0x80, 0x03, 0xFF, 0xFF, 0xFD, 0x00, 0x15, 0xFF, 0xF5, 0x40, 0x00,
    0x2F, 0xFF, 0xC0, 0x00, 0x0B, 0xF1, 0xFF, 0x00, 0x02, 0xFD, 0x0F, 0xFC, 0x00, 0xBF, 0x80, 0x3F,
    0xF0, 0x3F, 0xFE, 0x0F, 0xFF, 0xEB, 0xFF, 0xE1, 0xFF, 0xFE, 0x5A, 0xAA, 0xAA, 0xAA, 0xAA, 0xAA,
    0xAA, 0xAA, 0xAA, 0xAA, 0xAA, 0xA0, 0x50, 0x57, 0x5D, 0x1F, 0x40, 0xF0, 0x3F, 0xC5, 0xA5, 0x0A,
    0x00, 0xA0, 0x0A, 0x00, 0xA0, 0x0A, 0x00, 0xA0, 0x0A, 0x00, 0xA0, 0x0A, 0x00, 0xA0, 0x0A, 0x00,
    0xA0, 0x0A, 0x00, 0xA0, 0x0A, 0x00, 0xA0, 0x0A, 0x00, 0xA0, 0x0A, 0x00, 0x00, 0x00, 0x00, 0x00,
    0x07, 0x40, 0x00, 0x1D, 0x00, 0x00, 0x34, 0x6A, 0xAB, 0xDB, 0xAA, 0xBD, 0xA0, 0x07, 0x4A, 0x01,
    0xD0, 0xA0, 0x74, 0x0A, 0x00, 0x00, 0xA0, 0x00, 0x0A, 0x00, 0x00, 0xA0, 0x00, 0x0A, 0x00, 0x00,
    0xA0, 0x00, 0x0A, 0x00, 0x00, 0xA0, 0x00, 0x0A, 0x00, 0x00, 0xA0, 0x00, 0x0A, 0x00, 0x00, 0xA0,
    0x00, 0x0A, 0x00, 0x00, 0xA0, 0x00, 0x0A, 0x00, 0x00, 0xA0, 0x00, 0x0A, 0x00, 0x00, 0xA0, 0x00,
    0x00, 0x00, 0x00, 0x00, 0x00, 0x00, 0x1D, 0x00, 0x07, 0x40, 0x01, 0xC0, 0x00, 0x7E, 0xAA, 0x97,
    0xEA, 0xAE, 0x1D, 0x00, 0x60, 0x74, 0x06, 0x00, 0xD0, 0x60, 0x00, 0x06, 0x00, 0x00, 0x60, 0x00,
    0x06, 0x00, 0x00, 0x60, 0x00, 0x06, 0x00, 0x00, 0x60, 0x00, 0x06, 0x00, 0x00, 0x60, 0x00, 0x06,
    0x00, 0x00, 0x60, 0x00, 0x06, 0x00, 0x00, 0x60, 0x00, 0x06, 0x00, 0x00, 0x60, 0x00, 0x06, 0x00,
    0x00, 0x60, 0x00, 0x06, 0x00, 0x00, 0x60, 0x00, 0x00, 0x00, 0x00, 0x2F, 0xFF, 0xFF, 0xFF, 0xFF,
    0xFF, 0xFE, 0x00, 0x00, 0x00, 0x00, 0x00, 0x2F, 0xFF, 0xFF, 0xFF, 0xFF, 0xFF, 0xFE, 0x00, 0x00,
    0x00, 0xFF, 0xFF, 0xFF, 0xFF, 0xFF, 0xFF, 0xFF, 0xFF, 0xFF, 0xFF, 0xF0, 0xFF, 0xFF, 0xFF, 0xF7,
    0xFF, 0xFF, 0xFF, 0xEF, 0xFF, 0xFF, 0xFF, 0x40, 0xFF, 0xFF, 0xFF, 0xFF, 0xFF, 0xFF, 0xFF, 0xFF,
    0xFF, 0xFF, 0xFF, 0xFF, 0xFF, 0xFF, 0xFF, 0xFF, 0xFF, 0xFF, 0xFF, 0xFF, 0xFF, 0xFC, 0xFF, 0xFF,
    0xFF, 0xFF, 0xFF, 0xFF, 0xFF, 0xFF, 0xFF, 0xFF, 0xFF, 0xFF, 0xFF, 0xFF, 0xFF, 0xFF, 0xFF, 0xFF,
    0xFF, 0xFF, 0xFF, 0xFC, 0x15, 0x01, 0x52, 0xFC, 0x1F, 0xCB, 0xF0, 0x7F, 0x2F, 0xC1, 0xFC, 0xBF,
    0x07, 0xF2, 0xFC, 0x1F, 0xCB, 0xF0, 0x7F, 0x2F, 0xC1, 0xFC, 0xBF, 0x07, 0xF2, 0xFC, 0x1F, 0xCB,
    0xF0, 0x7F, 0x2F, 0xC1, 0xFC, 0xBF, 0x07, 0xF2, 0xFC, 0x1F, 0xCB, 0xF0, 0x7F, 0x2F, 0xC1, 0xFC,
    0xBF, 0x07, 0xF2, 0xFC, 0x1F, 0xCB, 0xF0, 0x7F, 0x2F, 0xC1, 0xFC, 0xBF, 0x07, 0xF2, 0xFC, 0x1F,
    0xCB, 0xF0, 0x7F, 0x2F, 0xC1, 0xFC, 0xBF, 0x07, 0xF2, 0xFC, 0x1F, 0xCB, 0xF0, 0x7F, 0x2F, 0xC1,
    0xFC, 0xBF, 0x07, 0xF1, 0xA8, 0x0A, 0x80, 0xAA, 0xAA, 0xAA, 0xA7, 0xFF, 0xFF, 0xFF, 0xEF, 0xFF,
    0xFF, 0xFF, 0x80, 0x00, 0x00, 0x00, 0x00, 0x00, 0x00, 0x03, 0xFF, 0xFF, 0xFF, 0xEF, 0xFF, 0xFF,
    0xFF, 0xBF, 0xFF, 0xFF, 0xFD, 0x01, 0x00, 0xFC, 0x2F, 0x83, 0xF0, 0x7F, 0x0F, 0xE0, 0xFF, 0x0F,
    0xF4, 0x7F, 0x81, 0x40, 0x01, 0x40, 0x7F, 0x41, 0xFF, 0x03, 0xFC, 0x0B, 0xF0, 0x2F, 0x80, 0xFC,
    0x07, 0xE0, 0x3F, 0x00, 0x10, 0x00, 0x06, 0x80, 0xBF, 0x80, 0xFF, 0x02, 0xFC, 0x0B, 0xF0, 0x2F,
    0x40, 0xFC, 0x0B, 0xD0, 0x3E, 0x00, 0x00, 0x00, 0x04, 0x07, 0xF4, 0xFF, 0x8F, 0xF0, 0xFF, 0x07,
    0xF0, 0x3F, 0x02, 0xF8, 0x0F, 0xC0, 0x14, 0x01, 0x00, 0x10, 0x0F, 0xC0, 0xFC, 0x2F, 0x82, 0xF4,
    0x3F, 0x03, 0xF0, 0x7F, 0x0B, 0xE0, 0xFE, 0x0F, 0xE0, 0xFF, 0x0F, 0xF0, 0xFF, 0x4F, 0xF4, 0x7F,
    0x8B, 0xF4, 0x14, 0x01, 0x40, 0x01, 0x40, 0x10, 0x1F, 0xD2, 0xFD, 0x1F, 0xF2, 0xFE, 0x0F, 0xF0,
    0xFF, 0x0B, 0xF0, 0xFE, 0x0B, 0xE0, 0xFD, 0x0F, 0xC0, 0xFC, 0x1F, 0x82, 0xF4, 0x3F, 0x03, 0xE0,
    0x04, 0x01, 0x40, 0x06, 0x80, 0x78, 0x2F, 0xE3, 0xFD, 0x0F, 0xF1, 0xFF, 0x0B, 0xF0, 0xFF, 0x0B,
    0xF0, 0xFE, 0x0B, 0xD0, 0xFD, 0x0F, 0xC1, 0xFC, 0x2F, 0x42, 0xF4, 0x3E, 0x03, 0xD0, 0x00, 0x00,
    0x00, 0x04, 0x01, 0x40, 0x7F, 0x4B, 0xF4, 0xFF, 0x8F, 0xF4, 0xFF, 0x0F, 0xF0, 0xFF, 0x0F, 0xE0,
    0x7F, 0x0B, 0xE0, 0x3F, 0x07, 0xF0, 0x2F, 0x83, 0xF4, 0x0F, 0xC0, 0xFC, 0x01, 0x40, 0x10, 0x00,
    0x05, 0x40, 0x00, 0x03, 0xFD, 0x00, 0x00, 0x3F, 0xC0, 0x00, 0x02, 0xFC, 0x00, 0x00, 0x1F, 0xC0,
    0x02, 0x91, 0xF8, 0x6C, 0x3F, 0xFF, 0xFF, 0xD3, 0xFF, 0xFF, 0xFD, 0x3F, 0x9F, 0x9B, 0xD0, 0x00,
    0xF8, 0x00, 0x00, 0x0F, 0x80, 0x00, 0x01, 0xF8, 0x00, 0x00, 0x1F, 0x80, 0x00, 0x01, 0xF8, 0x00,
    0x00, 0x1F, 0xC0, 0x00, 0x02, 0xFC, 0x00, 0x00, 0x2F, 0xC0, 0x00, 0x02, 0xFC, 0x00, 0x00, 0x2F,
    0xC0, 0x00, 0x00, 0x05, 0x40, 0x00, 0x03, 0xFD, 0x00, 0x00, 0x2F, 0xC0, 0x00, 0x02, 0xFC, 0x00,
    0x00, 0x1F, 0xC0, 0x02, 0x90, 0xF8, 0x6C, 0x3F, 0xFF, 0xFF, 0xD3, 0xFF, 0xFF, 0xFE, 0x3E, 0x5F,
    0x9B, 0xD0, 0x00, 0xF8, 0x00, 0x00, 0x1F, 0xC0, 0x00, 0x02, 0xFC, 0x00, 0x00, 0x1F, 0xC0, 0x00,
    0x00, 0xF8, 0x00, 0x3E, 0x4F, 0x9A, 0xD3, 0xFF, 0xFF, 0xFE, 0x3F, 0xFF, 0xFF, 0xD2, 0x90, 0xF8,
    0x6C, 0x00, 0x1F, 0xC0, 0x00, 0x01, 0xFC, 0x00, 0x00, 0x2F, 0xC0, 0x00, 0x03, 0xFD, 0x00, 0x00,
    0x05, 0x40, 0x00, 0x0A, 0x80, 0xFF, 0xCB, 0xFF, 0x7F, 0xFE, 0xBF, 0xF4, 0xFF, 0x80, 0x54, 0x00,
    0x74, 0x00, 0x0F, 0xF4, 0x00, 0xFF, 0xF4, 0x0F, 0xFF, 0xF4, 0xFF, 0xFF, 0xEF, 0xFF, 0xFE, 0xFF,
    0xFE, 0x0F, 0xFE, 0x00, 0xFE, 0x00, 0x06, 0x00, 0x00, 0x00, 0x02, 0xFD, 0x7F, 0xE7, 0xFF, 0x3F,
    0xD0, 0x50, 0x00, 0x00, 0x00, 0x0F, 0xE0, 0x3F, 0xCF, 0xFC, 0x2F, 0xF7, 0xFF, 0x0B, 0xFD, 0xBF,
    0xC1, 0xFF, 0x05, 0x40, 0x15, 0x00, 0x00, 0x00, 0x00, 0x00, 0x00, 0x00, 0x0F, 0xE0, 0x01, 0xFD,
    0x00, 0x2F, 0xCB, 0xFD, 0x00, 0xFF, 0xC0, 0x1F, 0xFA, 0xFF, 0x40, 0x3F, 0xF0, 0x07, 0xFE, 0x7F,
    0xC0, 0x0F, 0xF8, 0x00, 0xFF, 0x45, 0x40, 0x00, 0x54, 0x00, 0x05, 0x00, 0x01, 0x03, 0xFD, 0x7F,
    0xF7, 0xFF, 0x3F, 0xD0, 0x00, 0x00, 0x00, 0x00, 0x07, 0x40, 0x00, 0x1D, 0x00, 0x00, 0x34, 0x60,
    0x2B, 0xDB, 0x02, 0xBD, 0xA0, 0x07, 0x4A, 0x01, 0xD0, 0xA0, 0x74, 0x0A, 0x00, 0x00, 0xA0, 0x00,
    0x0A, 0x00, 0x00, 0xA0, 0x00, 0x0A, 0x00, 0x00, 0xA0, 0x00, 0x0A, 0x00, 0x00, 0xA0, 0x00, 0x0A,
    0x00, 0x00, 0xA0, 0x00, 0x0A, 0x00, 0x00, 0xA0, 0x00, 0x0A, 0x00, 0x00, 0xA0, 0x00, 0x0A, 0x00,
    0x00, 0xA0, 0x00, 0x0A, 0x00, 0x00, 0xA0, 0x00, 0x00, 0x00, 0x00, 0x00, 0x00, 0x00, 0x1D, 0x00,
    0x07, 0x40, 0x01, 0xC0, 0x00, 0x7E, 0x80, 0x97, 0xE8, 0x0E, 0x1D, 0x00, 0x60, 0x74, 0x06, 0x00,
    0xD0, 0x60, 0x00, 0x06, 0x00, 0x00, 0x60, 0x00, 0x06, 0x00, 0x00, 0x60, 0x00, 0x06, 0x00, 0x00,
    0x60, 0x00, 0x06, 0x00, 0x00, 0x60, 0x00, 0x06, 0x00, 0x00, 0x60, 0x00, 0x06, 0x00, 0x00, 0x60,
    0x00, 0x06, 0x00, 0x00, 0x60, 0x00, 0x06, 0x00, 0x00, 0x60, 0x00, 0x06, 0x00, 0x00, 0x60, 0x00,
    0x00, 0x00, 0x90, 0x00, 0x2F, 0x40, 0x07, 0xAD, 0x01, 0xCA, 0x34, 0x30, 0xA0, 0xC0, 0x0A, 0x00,
    0x00, 0xA0, 0x00, 0x0A, 0x00, 0x00, 0xA0, 0x00, 0x0A, 0x00, 0x00, 0xA0, 0x00, 0x0A, 0x00, 0x00,
    0xA0, 0x00, 0x0A, 0x00, 0x00, 0xA0, 0x00, 0x0A, 0x00, 0x00, 0xA0, 0x00, 0x0A, 0x00, 0x00, 0xA0,
    0x00, 0x0A, 0x00, 0x00, 0xA0, 0x00, 0x0A, 0x00, 0x00, 0xA0, 0x00, 0x0A, 0x00, 0x00, 0xA0, 0x00,
    0x0A, 0x00, 0x00, 0x00, 0x00, 0x00, 0x00, 0x00, 0x01, 0xD3, 0x40, 0x00, 0x74, 0xE0, 0x00, 0x1D,
    0x38, 0x6A, 0xAF, 0x4E, 0xEA, 0xAF, 0x4D, 0xD0, 0x1D, 0x34, 0xD0, 0x70, 0xD0, 0xD1, 0xC3, 0x40,
    0xD0, 0x00, 0x00, 0xD0, 0x00, 0x00, 0xD0, 0x00, 0x00, 0xD0, 0x00, 0x00, 0xD0, 0x00, 0x00, 0xD0,
    0x00, 0x00, 0xD0, 0x00, 0x00, 0xD0, 0x00, 0x00, 0xD0, 0x00, 0x00, 0xD0, 0x00, 0x00, 0xD0, 0x00,
    0x00, 0xD0, 0x00, 0x00, 0xD0, 0x00, 0x00, 0xD0, 0x00, 0x00, 0xD0, 0x00, 0x00, 0xD0, 0x00, 0x00,
    0xD0, 0x00, 0x00, 0xD0, 0x00, 0x00, 0x00, 0x00, 0x00, 0x00, 0x00, 0x00, 0x01, 0xC7, 0x40, 0x0B,
    0x1D, 0x00, 0x2C, 0x74, 0x00, 0xB1, 0xFA, 0xA9, 0x70, 0xFA, 0xAB, 0x1C, 0x34, 0x07, 0x07, 0x0D,
    0x07, 0x01, 0xC3, 0x47, 0x00, 0x00, 0x07, 0x00, 0x00, 0x07, 0x00, 0x00, 0x07, 0x00, 0x00, 0x07,
    0x00, 0x00, 0x07, 0x00, 0x00, 0x07, 0x00, 0x00, 0x07, 0x00, 0x00, 0x07, 0x00, 0x00, 0x07, 0x00,
    0x00, 0x07, 0x00, 0x00, 0x07, 0x00, 0x00, 0x07, 0x00, 0x00, 0x07, 0x00, 0x00, 0x07, 0x00, 0x00,
    0x07, 0x00, 0x00, 0x07, 0x00, 0x00, 0x07, 0x00, 0x00, 0x07, 0x00, 0x00, 0x00, 0x00, 0x00, 0x00,
    0x00, 0x00, 0x00, 0x00, 0x00, 0x00, 0x00, 0x01, 0x50, 0x00, 0x00, 0xB4, 0x00, 0x00, 0x00, 0x00,
    0x00, 0x7F, 0xF8, 0x00, 0x07, 0xF0, 0x00, 0x00, 0x00, 0x00, 0x07, 0xFF, 0xF8, 0x00, 0x3F, 0x40,
    0x00, 0x00, 0x00, 0x00, 0x3F, 0x47, 0xF4, 0x01, 0xFC, 0x00, 0x00, 0x00, 0x00, 0x01, 0xFC, 0x0F,
    0xE0, 0x0F, 0xD0, 0x00, 0x00, 0x00, 0x00, 0x0B, 0xE0, 0x2F, 0x80, 0x7E, 0x00, 0x00, 0x00, 0x00,
    0x00, 0x2F, 0x80, 0xBF, 0x03, 0xF0, 0x00, 0x00, 0x00, 0x00, 0x00, 0xFE, 0x02, 0xF8, 0x2F, 0x80,
    0x00, 0x00, 0x00, 0x00, 0x02, 0xF8, 0x0B, 0xE0, 0xFC, 0x00, 0x00, 0x00, 0x00, 0x00, 0x07, 0xF0,
    0x3F, 0x0B, 0xD0, 0x7F, 0x90, 0x00, 0x6F, 0x90, 0x0F, 0xE6, 0xFC, 0x3F, 0x0F, 0xFF, 0xD0, 0x0B,
    0xFF, 0xE0, 0x1F, 0xFF, 0xC2, 0xF0, 0xBF, 0x6F, 0xC0, 0x7F, 0x6F, 0xD0, 0x0B, 0xF4, 0x1F, 0x83,
    0xF0, 0x3F, 0x83, 0xF0, 0x2F, 0x80, 0x00, 0x00, 0xFC, 0x1F, 0xC0, 0xBE, 0x1F, 0xC0, 0x7F, 0x00,
    0x00, 0x07, 0xE0, 0xBE, 0x01, 0xFC, 0x7F, 0x01, 0xFC, 0x00, 0x00, 0x3F, 0x02, 0xF8, 0x07, 0xF1,
    0xFC, 0x07, 0xF0, 0x00, 0x02, 0xF8, 0x0B, 0xE0, 0x2F, 0x87, 0xF0, 0x1F, 0xC0, 0x00, 0x0F, 0xC0,
    0x2F, 0xC0, 0xBD, 0x1F, 0xC0, 0xBE, 0x00, 0x00, 0xFD, 0x00, 0x3F, 0x43, 0xF0, 0x3F, 0x43, 0xF4,
    0x00, 0x07, 0xF0, 0x00, 0xBF, 0xFF, 0x40, 0xBF, 0xFF, 0x80, 0x00, 0x3F, 0x40, 0x00, 0xBF, 0xF4,
    0x00, 0xBF, 0xF8, 0x00, 0x00, 0x7C, 0x00, 0x00, 0x15, 0x00, 0x00, 0x15, 0x00, 0x00, 0x00, 0x00,
    0x00, 0x00, 0x00, 0x00, 0x00, 0x00, 0x00, 0x00, 0x00, 0x00, 0xE0, 0x02, 0xFC, 0x03, 0xFC, 0x07,
    0xF8, 0x0F, 0xF0, 0x1F, 0xE0, 0x3F, 0xC0, 0x3F, 0x00, 0x2D, 0x00, 0x00, 0x00, 0x00, 0x00, 0x00,
    0x00, 0x0E, 0x00, 0xF4, 0x02, 0xFC, 0x0F, 0xD0, 0x3F, 0xC2, 0xFD, 0x07, 0xF8, 0x3F, 0xC0, 0xFF,
    0x0B, 0xF8, 0x1F, 0xE0, 0xFF, 0x03, 0xFC, 0x1F, 0xC0, 0x3F, 0x02, 0xF4, 0x02, 0xD0, 0x1E, 0x00,
    0x00, 0x00, 0x00, 0x00, 0x00, 0x00, 0x00, 0x00, 0x00, 0x00, 0xE0, 0x0F, 0x40, 0x78, 0x02, 0xFC,
    0x0F, 0xD0, 0xFE, 0x03, 0xFC, 0x2F, 0xD1, 0xFE, 0x07, 0xF8, 0x3F, 0xC3, 0xFD, 0x0F, 0xF0, 0xBF,
    0x87, 0xFC, 0x1F, 0xE0, 0xFF, 0x0B, 0xF0, 0x3F, 0xC1, 0xFC, 0x0F, 0xE0, 0x3F, 0x02, 0xF4, 0x1F,
    0xC0, 0x2D, 0x01, 0xE0, 0x0F, 0x00, 0x00, 0x00, 0x00, 0x00, 0x00, 0x00, 0x00, 0x0B, 0x00, 0x3F,
    0x40, 0x3F, 0xC0, 0x3F, 0xD0, 0x1F, 0xF0, 0x0B, 0xF4, 0x03, 0xF8, 0x00, 0xFC, 0x00, 0x74, 0x00,
    0x00, 0x00, 0x00, 0x00, 0x0B, 0x40, 0x78, 0x0F, 0xF0, 0xBF, 0x03, 0xFC, 0x2F, 0xE0, 0xBF, 0x83,
    0xFC, 0x0F, 0xF0, 0xBF, 0x41, 0xFE, 0x0F, 0xF0, 0x2F, 0xC1, 0xFD, 0x03, 0xF4, 0x2F, 0x80, 0x38,
    0x03, 0xC0, 0x00, 0x00, 0x00, 0x00, 0x00, 0x00, 0x00, 0x00, 0xB4, 0x07, 0x80, 0x7C, 0x0F, 0xF0,
    0xBF, 0x03, 0xF4, 0x3F, 0xC2, 0xFE, 0x0F, 0xF0, 0xBF, 0x83, 0xFC, 0x3F, 0xD0, 0xFF, 0x0B, 0xF4,
    0x7F, 0xC1, 0xFE, 0x0F, 0xF0, 0xBF, 0x02, 0xFC, 0x1F, 0xD0, 0xFE, 0x03, 0xF4, 0x2F, 0x81, 0xFC,
    0x03, 0x80, 0x3C, 0x01, 0xD0, 0x00, 0x00, 0x00, 0x00, 0x00, 0x00, 0x18, 0x00, 0x00, 0x1F, 0x80,
    0x00, 0x1F, 0xF8, 0x00, 0x1F, 0xEF, 0x80, 0x1F, 0xC2, 0xF8, 0x0F, 0xC0, 0x2F, 0x80, 0x00, 0x0E,
    0x00, 0x1F, 0xC0, 0x2F, 0xD0, 0x2F, 0xD0, 0x3F, 0xE0, 0x0F, 0xF0, 0x03, 0xFE, 0x00, 0x3F, 0xD0,
    0x03, 0xFD, 0x00, 0x2F, 0xC0, 0x01, 0xF0, 0x00, 0x00, 0x38, 0x00, 0xBF, 0x40, 0x2F, 0xD0, 0x0F,
    0xF8, 0x03, 0xFE, 0x01, 0xFF, 0x03, 0xFE, 0x0B, 0xF8, 0x2F, 0xD0, 0x7F, 0x40, 0x7C, 0x00, 0x00,
    0x00, 0x20, 0x00, 0x00, 0x00, 0x8B, 0xC0, 0x0A, 0x00, 0x3E, 0x3F, 0x02, 0xF8, 0x0F, 0xC0, 0xF8,
    0x2F, 0x82, 0xF0, 0x03, 0xE0, 0xF0, 0xBD, 0x00, 0x1F, 0x80, 0x2F, 0x40, 0x00, 0x7E, 0x07, 0xD0,
    0x00, 0x01, 0xF5, 0xF4, 0x00, 0x1F, 0x0B, 0xFE, 0x0F, 0x43, 0xF8, 0x2F, 0x82, 0xFC, 0x2F, 0x43,
    0xFC, 0x1F, 0xC0, 0x50, 0xFA, 0xF0, 0x50, 0x00, 0x3F, 0x0F, 0xC0, 0x00, 0x0F, 0xC0, 0x3F, 0x00,
    0x03, 0xF0, 0x50, 0xFC, 0x00, 0xFC, 0x2F, 0x83, 0xF0, 0x2F, 0x02, 0xFC, 0x0F, 0x8B, 0xD0, 0x1F,
    0x40, 0x3E, 0x34, 0x00, 0x00, 0x01, 0xC0, 0x00, 0x00, 0x00, 0x00, 0x1A, 0x40, 0x1A, 0x8B, 0xF8,
    0x03, 0xFC, 0xFF, 0x80, 0x7F, 0xCF, 0xF4, 0x0B, 0xFC, 0xFF, 0x40, 0xBF, 0x8F, 0xF0, 0x0B, 0xF8,
    0xFF, 0x00, 0xBF, 0x8F, 0xF0, 0x0B, 0xF4, 0xFF, 0x00, 0x7F, 0x4F, 0xF0, 0x07, 0xF4, 0xBF, 0x00,
    0x7F, 0x4B, 0xF0, 0x03, 0xF4, 0x7F, 0x00, 0x3F, 0x47, 0xF0, 0x03, 0xF4, 0x3F, 0x00, 0x3F, 0x43,
    0xF0, 0x02, 0xF4, 0x10, 0x00, 0x00, 0x00, 0x00, 0x00, 0x00, 0x2F, 0x40, 0x1F, 0x8B, 0xFC, 0x03,
    0xFE, 0xBF, 0xC0, 0x7F, 0xE7, 0xFC, 0x03, 0xFD, 0x15, 0x00, 0x05, 0x00, 0x55, 0x55, 0x55, 0x53,
    0xFF, 0xFF, 0xFF, 0xEF, 0xFF, 0xFF, 0xFF, 0xAA, 0xAA, 0xAA, 0xA9, 0x00, 0x02, 0xFF, 0xEF, 0xFF,
    0xBF, 0xFD, 0x00, 0x00, 0x00, 0x00, 0x00, 0x00, 0x00, 0x00, 0x03, 0x80, 0x00, 0x00, 0x2F, 0x80,
    0x00, 0x00, 0xFC, 0x00, 0x00, 0x0B, 0xE0, 0x00, 0x00, 0x3F, 0x00, 0x00, 0x02, 0xF4, 0x00, 0x00,
    0x0F, 0xC0, 0x00, 0x00, 0xBD, 0x00, 0x00, 0x03, 0xF0, 0x00, 0x00, 0x2F, 0x00, 0x00, 0x01, 0xF8,
    0x00, 0x00, 0x0F, 0xC0, 0x00, 0x00, 0x7E, 0x00, 0x00, 0x03, 0xF0, 0x00, 0x00, 0x2F, 0x40, 0x00,
    0x00, 0xFC, 0x00, 0x00, 0x0B, 0xD0, 0x00, 0x00, 0x7F, 0x00, 0x00, 0x03, 0xF4, 0x00, 0x00, 0x1F,
    0xC0, 0x00, 0x00, 0xFD, 0x00, 0x00, 0x07, 0xE0, 0x00, 0x00, 0x03, 0x00, 0x00, 0x00, 0x00, 0x00,
    0x00, 0x00, 0x00, 0x00, 0x00, 0x00, 0x00, 0x00, 0x07, 0xFF, 0x40, 0x01, 0xFF, 0xD0, 0x03, 0xFF,
    0xFC, 0x00, 0xFF, 0xFF, 0x00, 0xFF, 0xFF, 0xC0, 0x3F, 0xFF, 0xF0, 0x2F, 0xEF, 0xF8, 0x0F, 0xFB,
    0xFE, 0x01, 0x00, 0x7F, 0x00, 0x00, 0x2F, 0xC0, 0x00, 0x0B, 0xE0, 0x00, 0x02, 0xF4, 0x00, 0x00,
    0xF8, 0x00, 0x00, 0x3E, 0x00, 0x00, 0x7F, 0x00, 0x00, 0x1F, 0x80, 0x01, 0xBF, 0x80, 0x00, 0x6F,
    0xE0, 0x1B, 0xFF, 0xD0, 0x06, 0xFF, 0xF0, 0x1F, 0xFF, 0xE0, 0x07, 0xFF, 0xF4, 0x07, 0xFF, 0xD0,
    0x02, 0xFF, 0xE0, 0x01, 0xFE, 0x00, 0x00, 0x7F, 0x80, 0x00, 0x3E, 0x00, 0x00, 0x0F, 0x80, 0x00,
    0x0F, 0x80, 0x00, 0x03, 0xE0, 0x00, 0x00, 0x00, 0x00, 0x00, 0x00, 0x00, 0x00, 0x00, 0x00, 0x00,
    0x00, 0x00, 0x00, 0x1F, 0x80, 0x00, 0x07, 0xE0, 0x00, 0x1F, 0xF4, 0x00, 0x07, 0xFD, 0x00, 0x07,
    0xFE, 0x00, 0x02, 0xFF, 0x40, 0x00, 0xFF, 0x00, 0x00, 0x7F, 0xC0, 0x00, 0x05, 0x00, 0x00, 0x01,
    0x40, 0x00, 0x00, 0x00, 0x00, 0x00, 0x69, 0x07, 0xFF, 0x40, 0x00, 0xBF, 0x83, 0xFF, 0xFC, 0x00,
    0x3F, 0xE0, 0xFF, 0xFF, 0xC0, 0x0F, 0xF4, 0x2F, 0xEF, 0xF8, 0x03, 0xFD, 0x01, 0x00, 0x7F, 0x00,
    0xFF, 0x00, 0x00, 0x0B, 0xE0, 0x3F, 0xC0, 0x00, 0x00, 0xF8, 0x0F, 0xF0, 0x00, 0x00, 0x7F, 0x03,
    0xFC, 0x00, 0x01, 0xBF, 0x80, 0xFF, 0x00, 0x1B, 0xFF, 0xD0, 0x3F, 0xC0, 0x1F, 0xFF, 0xE0, 0x0B,
    0xF0, 0x07, 0xFF, 0xD0, 0x02, 0xFC, 0x01, 0xFE, 0x00, 0x00, 0x7F, 0x00, 0x3E, 0x00, 0x00, 0x1F,
    0xC0, 0x0F, 0x80, 0x00, 0x03, 0xF0, 0x00, 0x00, 0x00, 0x00, 0x40, 0x00, 0x00, 0x00, 0x00, 0x00,
    0x00, 0x1F, 0x80, 0x00, 0x0B, 0xD0, 0x1F, 0xF4, 0x00, 0x0B, 0xFC, 0x07, 0xFE, 0x00, 0x03, 0xFF,
    0x00, 0xFF, 0x00, 0x00, 0xBF, 0xC0, 0x05, 0x00, 0x00, 0x05, 0x40, 0x1A, 0x40, 0x00, 0x00, 0x02,
    0xFE, 0x00, 0xFF, 0xD0, 0x0F, 0xF8, 0x0F, 0xFF, 0xF0, 0x3F, 0xD0, 0x3F, 0xFF, 0xF0, 0xFF, 0x40,
    0xBF, 0xBF, 0xF3, 0xFC, 0x00, 0x40, 0x1F, 0xDF, 0xF0, 0x00, 0x00, 0x1F, 0xBF, 0xC0, 0x00, 0x00,
    0x3F, 0xFF, 0x00, 0x00, 0x00, 0xFF, 0xFC, 0x00, 0x00, 0x6F, 0xFB, 0xF0, 0x00, 0x6F, 0xFF, 0x6F,
    0xC0, 0x07, 0xFF, 0xF8, 0x7F, 0x00, 0x1F, 0xFF, 0x41, 0xFC, 0x00, 0x3F, 0x80, 0x03, 0xF0, 0x00,
    0xFC, 0x00, 0x0F, 0xC0, 0x02, 0xF0, 0x00, 0x10, 0x00, 0x00, 0x00, 0x00, 0x00, 0x00, 0x00, 0x00,
    0x02, 0xF4, 0x00, 0x7E, 0x00, 0x2F, 0xF0, 0x03, 0xFE, 0x00, 0xBF, 0xC0, 0x1F, 0xF8, 0x01, 0xFF,
    0x00, 0x3F, 0xD0, 0x01, 0x50, 0x00, 0x14, 0x00, 0x00, 0x00, 0x00, 0x00, 0x00, 0x00, 0xAA, 0x40,
    0x01, 0x81, 0xFF, 0xFD, 0x01, 0xF9, 0xFF, 0xFF, 0xFF, 0xFD, 0xBD, 0x02, 0xFF, 0xFE, 0x0E, 0x00,
    0x0B, 0xF9, 0x00, 0x00, 0x00, 0x00, 0x00, 0x00, 0x00, 0x00, 0x00, 0x00, 0x00, 0x00, 0x03, 0x80,
    0x3D, 0x01, 0xE0, 0x0E, 0x00, 0x2F, 0xC0, 0xFD, 0x0F, 0xE0, 0xBF, 0x00, 0xFF, 0x0B, 0xF4, 0x7F,
    0x83, 0xFC, 0x07, 0xF8, 0x3F, 0xC3, 0xFD, 0x1F, 0xE0, 0x3F, 0xC2, 0xFE, 0x1F, 0xF0, 0xFF, 0x01,
    0xFE, 0x0F, 0xF0, 0xBF, 0x07, 0xF8, 0x0F, 0xF0, 0x7F, 0x03, 0xF8, 0x3F, 0xC0, 0x3F, 0x02, 0xF4,
    0x1F, 0xC0, 0xFC, 0x00, 0xB4, 0x07, 0x80, 0x3C, 0x02, 0xD0, 0x00, 0x00, 0x00, 0x00, 0x00, 0x00,
    0x00, 0x00, 0x00, 0x6F, 0x90, 0x00, 0xFF, 0xFE, 0x00, 0xFF, 0xBF, 0xD0, 0xBF, 0x03, 0xFC, 0x3F,
    0x80, 0x7F, 0x0F, 0xD0, 0x1F, 0xD7, 0xF0, 0x03, 0xF5, 0xFC, 0x01, 0xFD, 0x7F, 0x40, 0x7F, 0x0F,
    0xD0, 0x2F, 0xC3, 0xFC, 0x1F, 0xD0, 0x7F, 0xFF, 0xF0, 0x07, 0xFF, 0xE0, 0x00, 0x1A, 0x40, 0x00,
    0x00, 0x01, 0xB0, 0x00, 0x02, 0xFC, 0x00, 0x01, 0xFF, 0x00, 0x01, 0xFF, 0xC0, 0x00, 0xFB, 0xF0,
    0x00, 0xFC, 0xFC, 0x00, 0xBC, 0x3F, 0x00, 0x7D, 0x0F, 0xC0, 0x3F, 0x57, 0xF5, 0x0F, 0xFF, 0xFF,
    0xD1, 0xFF, 0xFF, 0xF0, 0x00, 0x0F, 0xC0, 0x00, 0x03, 0xF0, 0x00, 0x00, 0xA8, 0x00, 0x06, 0xAA,
    0x90, 0x2F, 0xFF, 0xC0, 0xFF, 0xFF, 0x03, 0xF0, 0x00, 0x0F, 0xD0, 0x00, 0x3F, 0xF8, 0x00, 0xFF,
    0xFD, 0x00, 0x07, 0xFC, 0x00, 0x07, 0xF0, 0x00, 0x1F, 0xC0, 0x01, 0xFE, 0x0F, 0xFF, 0xF0, 0x3F,
    0xFE, 0x00, 0x2A, 0x40, 0x00, 0x00, 0x0B, 0xE0, 0x02, 0xFF, 0xD0, 0x3F, 0xF5, 0x03, 0xFD, 0x00,
    0x2F, 0xD0, 0x00, 0xFF, 0xFE, 0x07, 0xFF, 0xFF, 0x1F, 0xC1, 0xFE, 0xBF, 0x02, 0xF9, 0xFC, 0x0B,
    0xF3, 0xF4, 0x3F, 0x8B, 0xFF, 0xFC, 0x0B, 0xFF, 0xC0, 0x06, 0xA4, 0x00, 0x1A, 0xAA, 0x90, 0xFF,
    0xFF, 0xE3, 0xFF, 0xFF, 0x8F, 0x80, 0xFC, 0x3C, 0x0B, 0xD0, 0x00, 0x7E, 0x00, 0x03, 0xF0, 0x00,
    0x2F, 0x80, 0x00, 0xFC, 0x00, 0x0B, 0xE0, 0x00, 0x3F, 0x40, 0x00, 0xFC, 0x00, 0x03, 0xF0, 0x00,
    0x06, 0x40, 0x00, 0x01, 0xBE, 0x40, 0x3F, 0xFF, 0x82, 0xF8, 0x7F, 0x0F, 0xC0, 0xFC, 0x3F, 0x43,
    0xF0, 0x7F, 0xBF, 0x40, 0x7F, 0xF4, 0x07, 0xFF, 0xF8, 0x3F, 0x0B, 0xF6, 0xF8, 0x0B, 0xEB, 0xE0,
    0x3F, 0x5F, 0xE6, 0xFC, 0x2F, 0xFF, 0xC0, 0x06, 0x94, 0x00, 0x02, 0xFD, 0x00, 0x7F, 0xFF, 0x03,
    0xFE, 0xFF, 0x1F, 0xC0, 0xFD, 0xBF, 0x03, 0xF9, 0xFC, 0x0B, 0xE3, 0xF9, 0x7F, 0x87, 0xFF, 0xFD,
    0x02, 0xFF, 0xF0, 0x00, 0x3F, 0x80, 0x0B, 0xFC, 0x0A, 0xFF, 0xC0, 0x3F, 0xF8, 0x00, 0x29, 0x00,
    0x00, 0x00, 0x00, 0x00, 0x1F, 0xDB, 0xF8, 0x0F, 0xFF, 0xFF, 0x40, 0x3F, 0x47, 0xE0, 0x0F, 0x80,
    0xFC, 0x03, 0xE0, 0x3F, 0x00, 0xF8, 0x0F, 0xC0, 0x3E, 0x03, 0xF0, 0x1F, 0xC0, 0xFD, 0x2F, 0xF8,
    0xFF, 0xC5, 0x54, 0x15, 0x50, 0x00, 0x00, 0x00, 0x00, 0x7F, 0xF8, 0x00, 0xBF, 0xFF, 0xC0, 0x7F,
    0x9B, 0xF8, 0x3F, 0xC0, 0xBF, 0x0F, 0xD0, 0x1F, 0xC7, 0xF0, 0x07, 0xF5, 0xFC, 0x00, 0xFD, 0x7F,
    0x00, 0x7F, 0x0F, 0xD0, 0x1F, 0xC3, 0xF8, 0x0F, 0xE0, 0xBF, 0x9F, 0xF0, 0x0F, 0xFF, 0xF4, 0x00,
    0xBF, 0xF4, 0x00, 0x00, 0x00, 0x00, 0x00, 0x00, 0x00, 0x07, 0xD0, 0x2F, 0xFE, 0x03, 0xFF, 0xE0,
    0x05, 0xFE, 0x00, 0x0F, 0xE0, 0x00, 0xFE, 0x00, 0x0F, 0xE0, 0x00, 0xFE, 0x00, 0x0F, 0xE0, 0x00,
    0xFE, 0x00, 0x1F, 0xF4, 0x2F, 0xFF, 0xF2, 0xFF, 0xFE, 0x00, 0x10, 0x00, 0x1F, 0xFE, 0x02, 0xFF,
    0xFF, 0x1F, 0xE6, 0xFC, 0x7F, 0x07, 0xF4, 0xA4, 0x1F, 0xC0, 0x00, 0xFE, 0x00, 0x0F, 0xF0, 0x00,
    0xFF, 0x00, 0x0F, 0xE0, 0x01, 0xFE, 0x00, 0x1F, 0xFF, 0xFF, 0x7F, 0xFF, 0xFC, 0xBF, 0xFF, 0x80,
    0x00, 0x10, 0x00, 0x2F, 0xFE, 0x03, 0xFF, 0xFE, 0x1F, 0x82, 0xFC, 0x28, 0x0B, 0xF0, 0x00, 0x7F,
    0x40, 0x2F, 0xF4, 0x00, 0xFF, 0xF4, 0x02, 0x5F, 0xF0, 0x00, 0x1F, 0xC0, 0x00, 0xBF, 0x05, 0x6F,
    0xF8, 0x7F, 0xFF, 0x80, 0xFF, 0xE4, 0x00, 0x00, 0x00, 0x00, 0x00, 0x00, 0x00, 0x00, 0x01, 0xFC,
    0x00, 0x00, 0xFF, 0x00, 0x00, 0xFF, 0xC0, 0x00, 0xBF, 0xF0, 0x00, 0x7D, 0xFC, 0x00, 0x3E, 0x3F,
    0x00, 0x3F, 0x0F, 0xC0, 0x2F, 0x03, 0xF0, 0x0F, 0xFF, 0xFF, 0xC3, 0xFF, 0xFF, 0xF4, 0x15, 0x5F,
    0xD4, 0x00, 0x03, 0xF0, 0x00, 0x00, 0xFC, 0x00, 0x00, 0x00, 0x00, 0x0B, 0xFF, 0xF0, 0x2F, 0xFF,
    0xC0, 0xFE, 0xA9, 0x03, 0xF0, 0x00, 0x0F, 0xE4, 0x00, 0x3F, 0xFE, 0x00, 0xAF, 0xFE, 0x00, 0x03,
    0xFC, 0x00, 0x07, 0xF0, 0x00, 0x2F, 0xC1, 0x57, 0xFD, 0x0F, 0xFF, 0xE0, 0x2F, 0xFD, 0x00, 0x00,
    0x00, 0x00, 0x00, 0x00, 0x00, 0x00, 0xBF, 0xC0, 0x1F, 0xFF, 0x41, 0xFF, 0x40, 0x1F, 0xE0, 0x00,
    0xFF, 0xA4, 0x03, 0xFF, 0xFD, 0x1F, 0xEB, 0xFD, 0xBF, 0x03, 0xFA, 0xFC, 0x0B, 0xF7, 0xF0, 0x2F,
    0x8F, 0xF5, 0xFD, 0x1F, 0xFF, 0xE0, 0x1F, 0xFE, 0x00, 0x00, 0x00, 0x00, 0x3F, 0xFF, 0xF4, 0xFF,
    0xFF, 0xE3, 0xFA, 0xBF, 0x4F, 0x41, 0xF8, 0x2C, 0x0F, 0xC0, 0x00, 0xBD, 0x00, 0x07, 0xF0, 0x00,
    0x3F, 0x40, 0x01, 0xFC, 0x00, 0x0F, 0xE0, 0x00, 0x3F, 0x40, 0x00, 0xFC, 0x00, 0x03, 0xF0, 0x00,
    0x00, 0x00, 0x00, 0x00, 0x10, 0x00, 0x1F, 0xFE, 0x01, 0xFE, 0xFF, 0x0F, 0xC0, 0xFC, 0x3F, 0x03,
    0xF0, 0xFF, 0x1F, 0x80, 0xFF, 0xF8, 0x01, 0xFF, 0xE0, 0x2F, 0xEF, 0xF1, 0xFC, 0x0F, 0xDB, 0xE0,
    0x2F, 0xAF, 0xC0, 0xFD, 0x3F, 0xFF, 0xE0, 0x2F, 0xFD, 0x00, 0x00, 0x00, 0x00, 0x00, 0x10, 0x00,
    0x2F, 0xFD, 0x02, 0xFF, 0xFD, 0x0F, 0xD2, 0xFC, 0x7F, 0x03, 0xF6, 0xFC, 0x0F, 0xE7, 0xF0, 0x2F,
    0x8F, 0xFA, 0xFD, 0x0F, 0xFF, 0xF4, 0x01, 0x7F, 0xC0, 0x02, 0xFD, 0x00, 0x7F, 0xE0, 0x7F, 0xFE,
    0x00, 0xFF, 0x90, 0x00, 0x00, 0x00, 0x00, 0x7F, 0xFF, 0xFF, 0xFE, 0xBF, 0xFF, 0xFF, 0xFF, 0x2F,
    0xFF, 0xFF, 0xFF, 0x03, 0xFE, 0x00, 0x7F, 0x03, 0xFE, 0x00, 0x3F, 0x03, 0xFE, 0x00, 0x2E, 0x03,
    0xFE, 0x00, 0x00, 0x03, 0xFE, 0x00, 0x00, 0x03, 0xFF, 0xAB, 0xF0, 0x03, 0xFF, 0xFF, 0xF4, 0x03,
    0xFF, 0xFF, 0xF0, 0x03, 0xFE, 0x00, 0x00, 0x03, 0xFE, 0x00, 0x00, 0x7F, 0xFF, 0xF8, 0x00, 0x7F,
    0xFF, 0xFC, 0x00, 0x17, 0xFE, 0x50, 0x00, 0x03, 0xFE, 0x00, 0x00, 0x07, 0xFF, 0x90, 0x00, 0x7F,
    0xFF, 0xF8, 0x00, 0x7F, 0xFF, 0xF8, 0x00, 0x00, 0x00, 0x00, 0x00, 0x00, 0x00, 0x02, 0xFF, 0x90,
    0x00, 0x01, 0xFF, 0xFF, 0x40, 0x00, 0x3F, 0xEB, 0xFC, 0x00, 0x0B, 0xF4, 0x2F, 0xD0, 0x00, 0xFF,
    0x00, 0xFC, 0x00, 0x1F, 0xD0, 0x0F, 0x40, 0x02, 0xFD, 0x00, 0x00, 0x00, 0x3F, 0xC0, 0x00, 0x00,
    0x7F, 0xFF, 0xFF, 0x40, 0x0B, 0xFF, 0xFF, 0xF0, 0x00, 0x07, 0xFC, 0x00, 0x00, 0x05, 0xBF, 0xD6,
    0xA0, 0x00, 0xFF, 0xFF, 0xFE, 0x00, 0x0A, 0xFF, 0xEA, 0x90, 0x00, 0x0F, 0xF0, 0x00, 0x00, 0x00,
    0xFF, 0x00, 0x00, 0x00, 0x1F, 0xD0, 0x00, 0x14, 0x3F, 0xFF, 0xFF, 0xFF, 0xC3, 0xFF, 0xFF, 0xFF,
    0xFC, 0x1F, 0xFB, 0xFF, 0xFF, 0x40, 0x64, 0x00, 0x15, 0x40, 0x00, 0x00, 0x00, 0x00, 0x00, 0x00,
    0x00, 0x00, 0x00, 0x00, 0x6B, 0xFF, 0xFE, 0x40, 0x00, 0x00, 0x00, 0x00, 0x00, 0x03, 0xFF, 0xFF,
    0xFF, 0x80, 0x00, 0x00, 0x00, 0x00, 0x00, 0x0B, 0xFF, 0xEB, 0xFF, 0x80, 0x00, 0x00, 0x00, 0x00,
    0x00, 0x02, 0xFF, 0x02, 0xFF, 0x00, 0x00, 0x00, 0x00, 0x00, 0x00, 0x0B, 0xFC, 0x03, 0xFD, 0x00,
    0x64, 0x00, 0x00, 0x00, 0x00, 0x2F, 0xF0, 0x0B, 0xF8, 0x0B, 0xE0, 0x00, 0x00, 0x00, 0x00, 0xBF,
    0xC0, 0x2F, 0xE0, 0x3F, 0x80, 0x00, 0x00, 0x00, 0x02, 0xFF, 0x00, 0xFF, 0x40, 0xFE, 0x54, 0x00,
    0x6A, 0x40, 0x0B, 0xFC, 0x0B, 0xFC, 0xBF, 0xFF, 0xF8, 0x2F, 0xFF, 0xC0, 0x2F, 0xF5, 0xFF, 0xD2,
    0xFF, 0xFF, 0xD2, 0xFE, 0x7F, 0x00, 0xBF, 0xFF, 0xFD, 0x00, 0x7F, 0x80, 0x0F, 0xD0, 0x7C, 0x02,
    0xFF, 0xFF, 0x80, 0x01, 0xFE, 0x00, 0x3F, 0xC0, 0x90, 0x0B, 0xFD, 0x00, 0x00, 0x07, 0xF8, 0x00,
    0xBF, 0xF4, 0x00, 0x2F, 0xF0, 0x00, 0x00, 0x1F, 0xE0, 0x00, 0xFF, 0xFC, 0x00, 0xBF, 0xC0, 0x00,
    0x00, 0x7F, 0x80, 0x00, 0xBF, 0xFC, 0x02, 0xFF, 0x00, 0x00, 0x01, 0xFE, 0x00, 0x00, 0x1F, 0xF4,
    0x0B, 0xFC, 0x00, 0x00, 0x07, 0xFC, 0x00, 0xF8, 0x0F, 0xD0, 0x7F, 0xFA, 0x40, 0x00, 0x1F, 0xF9,
    0xA3, 0xE0, 0x3F, 0x4F, 0xFF, 0xFF, 0x00, 0x00, 0x3F, 0xFF, 0xCF, 0xFF, 0xFC, 0x3F, 0xFF, 0xFC,
    0x00, 0x00, 0x7F, 0xFD, 0x2F, 0xFF, 0x80, 0x00, 0x00, 0x00, 0x00, 0x00, 0x05, 0x00, 0x01, 0x50,
    0x00, 0x00, 0x00, 0x00, 0x00, 0x00, 0x00, 0x02, 0xFF, 0xE4, 0x00, 0x02, 0xFF, 0xFF, 0xE0, 0x00,
    0xFF, 0xFF, 0xFE, 0x00, 0x2F, 0xF4, 0x0B, 0xE0, 0x07, 0xFC, 0x00, 0xBD, 0x00, 0xFF, 0x00, 0x0B,
    0xC0, 0x1F, 0xE0, 0x00, 0x00, 0x17, 0xFE, 0xAA, 0x80, 0x03, 0xFF, 0xFF, 0xFC, 0x00, 0x2B, 0xFE,
    0xAA, 0x40, 0x00, 0x7F, 0xC0, 0x00, 0x00, 0x7F, 0xFF, 0xFF, 0x00, 0x0B, 0xFF, 0xFF, 0xF0, 0x00,
    0x17, 0xFD, 0x54, 0x00, 0x00, 0x3F, 0xE0, 0x00, 0x00, 0x02, 0xFF, 0x40, 0x00, 0x00, 0x0F, 0xFE,
    0x00, 0x05, 0x00, 0x7F, 0xFF, 0xFF, 0xD0, 0x01, 0xFF, 0xFF, 0xFC, 0x00, 0x02, 0xFF, 0xFF, 0x40,
    0x00, 0x00, 0x55, 0x00, 0x00, 0x00, 0x00, 0x00, 0x00, 0x00, 0x00, 0x00, 0x00, 0x00, 0x00, 0xE0,
    0x00, 0x0B, 0xFD, 0x00, 0x00, 0x1F, 0xC0, 0x03, 0xFF, 0xF0, 0x00, 0x03, 0xF4, 0x00, 0x3D, 0x1F,
    0x40, 0x00, 0x7E, 0x00, 0x01, 0x40, 0xF8, 0x00, 0x0F, 0xC0, 0x00, 0x01, 0xAF, 0x80, 0x02, 0xF8,
    0x00, 0x02, 0xFF, 0xF8, 0x00, 0x3F, 0x00, 0x00, 0x7D, 0x0F, 0x80, 0x0B, 0xD0, 0x00, 0x0B, 0xC1,
    0xF8, 0x00, 0xFC, 0x00, 0x00, 0x7F, 0xFF, 0xF4, 0x2F, 0x40, 0x00, 0x02, 0xFD, 0x7E, 0x03, 0xF0,
    0x00, 0x00, 0x00, 0x00, 0x00, 0xBC, 0x02, 0xFE, 0x00, 0x00, 0x00, 0x1F, 0x80, 0xFF, 0xFC, 0x00,
    0x00, 0x03, 0xF0, 0x3F, 0x4F, 0xD0, 0x00, 0x00, 0x7E, 0x03, 0xE0, 0x7C, 0x00, 0x00, 0x0F, 0xC0,
    0x7E, 0x00, 0x00, 0x00, 0x02, 0xF8, 0x07, 0xE0, 0x00, 0x00, 0x00, 0x3F, 0x00, 0x7F, 0x00, 0x00,
    0x00, 0x0F, 0xD0, 0x03, 0xF9, 0x19, 0x00, 0x01, 0xFC, 0x00, 0x2F, 0xFF, 0xD0, 0x00, 0x3F, 0x40,
    0x00, 0x7F, 0xF8, 0x00, 0x07, 0xF0, 0x00, 0x00, 0x00, 0x00, 0x00, 0x09, 0x00, 0x00, 0x00, 0x00,
    0x00, 0x00, 0x00, 0x00, 0x00, 0x00, 0x00, 0x00, 0x00, 0x00, 0x00, 0x00, 0x00, 0x00, 0x00, 0x00,
    0x00, 0x00, 0xE0, 0x00, 0x0B, 0xFD, 0x00, 0x00, 0x1F, 0xC0, 0x03, 0xFF, 0xF0, 0x00, 0x03, 0xF4,
    0x00, 0x3D, 0x1F, 0x40, 0x00, 0x7F, 0x00, 0x01, 0x40, 0xF8, 0x00, 0x0F, 0xC0, 0x00, 0x01, 0xAF,
    0x80, 0x02, 0xF8, 0x00, 0x02, 0xFF, 0xF8, 0x00, 0x3F, 0x00, 0x00, 0x7D, 0x0F, 0x80, 0x0B, 0xD0,
    0x00, 0x0B, 0xC1, 0xF8, 0x00, 0xFC, 0x00, 0x00, 0x7F, 0xFF, 0xF4, 0x2F, 0x40, 0x00, 0x02, 0xFD,
    0x7E, 0x03, 0xF0, 0x00, 0x00, 0x00, 0x00, 0x00, 0xBC, 0x02, 0xFE, 0x00, 0x00, 0x00, 0x0F, 0x80,
    0xFF, 0xFC, 0x00, 0x00, 0x03, 0xF0, 0x1F, 0x47, 0x80, 0x00, 0x00, 0x7E, 0x01, 0xF8, 0x10, 0x00,
    0x00, 0x0F, 0xC0, 0x0F, 0xFD, 0x00, 0x00, 0x02, 0xF8, 0x00, 0x2F, 0xF4, 0x00, 0x00, 0x3F, 0x00,
    0x08, 0x2F, 0xC0, 0x00, 0x0F, 0xD0, 0x02, 0xE0, 0xBC, 0x00, 0x01, 0xFC, 0x00, 0x2F, 0xAF, 0x80,
    0x00, 0x3F, 0x40, 0x01, 0xFF, 0xE0, 0x00, 0x07, 0xF0, 0x00, 0x00, 0x00, 0x00, 0x00, 0x09, 0x00,
    0x00, 0x00, 0x00, 0x00, 0x00, 0x00, 0x00, 0x00, 0x00, 0x00, 0x00, 0x00, 0x00, 0x00, 0x00, 0x6A,
    0x90, 0x00, 0xBF, 0xD0, 0x00, 0x07, 0xFF, 0xFF, 0xC0, 0xFF, 0xFE, 0x00, 0x0F, 0xFF, 0xFF, 0xF4,
    0xFF, 0xBF, 0xD0, 0x0F, 0xFF, 0xAB, 0xFD, 0x7F, 0x02, 0xF8, 0x0B, 0xFD, 0x00, 0x3F, 0x5F, 0x40,
    0x3F, 0x07, 0xFD, 0x00, 0x0F, 0xDB, 0xD0, 0x0F, 0xC3, 0xFF, 0x00, 0x02, 0xF1, 0xFC, 0x0B, 0xE0,
    0xFF, 0x40, 0x00, 0x10, 0x3F, 0xEF, 0xF0, 0x7F, 0xC0, 0x00, 0x00, 0x07, 0xFF, 0xF4, 0x2F, 0xF0,
    0x00, 0x00, 0x00, 0x6F, 0xE4, 0x0B, 0xFC, 0x00, 0x00, 0x00, 0x00, 0x00, 0x03, 0xFF, 0x00, 0x00,
    0x00, 0x00, 0x00, 0x00, 0xFF, 0xC0, 0x00, 0x00, 0x00, 0x00, 0x00, 0x2F, 0xF4, 0x00, 0x00, 0x00,
    0x00, 0x00, 0x0B, 0xFF, 0x00, 0x00, 0x00, 0x00, 0x00, 0x01, 0xFF, 0xD0, 0x00, 0x00, 0x00, 0x00,
    0x00, 0x3F, 0xFD, 0x00, 0x00, 0x00, 0x00, 0x00, 0x07, 0xFF, 0xF9, 0x5A, 0xF0, 0x00, 0x00, 0x00,
    0xBF, 0xFF, 0xFF, 0xFC, 0x00, 0x00, 0x00, 0x0B, 0xFF, 0xFF, 0xFD, 0x00, 0x00, 0x00, 0x00, 0x2F,
    0xFF, 0xFD, 0x00, 0x00, 0x00, 0x00, 0x00, 0x15, 0x50, 0x00, 0x00, 0x00, 0x00, 0x00, 0x00, 0x00,
    0x00, 0x00, 0x00, 0x00, 0x00, 0xB4, 0x00, 0x00, 0x2F, 0xE0, 0x00, 0x03, 0xF0, 0x00, 0x07, 0xFF,
    0xF0, 0x00, 0x2F, 0x80, 0x00, 0x3F, 0x0F, 0xC0, 0x00, 0xFC, 0x00, 0x01, 0xF4, 0x2E, 0x00, 0x0B,
    0xD0, 0x00, 0x0B, 0xD0, 0x00, 0x00, 0x3F, 0x00, 0x00, 0x2F, 0x40, 0x00, 0x02, 0xF4, 0x00, 0x00,
    0xBE, 0x00, 0x00, 0x1F, 0xC0, 0x00, 0x01, 0xFE, 0x56, 0x00, 0xFC, 0x00, 0x00, 0x02, 0xFF, 0xFC,
    0x07, 0xE0, 0x00, 0x00, 0x02, 0xFF, 0xD0, 0x3F, 0x00, 0x00, 0x00, 0x00, 0x00, 0x01, 0xF8, 0x01,
    0xFF, 0x40, 0x00, 0x00, 0x0F, 0xC0, 0x3F, 0xFF, 0x80, 0x00, 0x00, 0xBD, 0x02, 0xF4, 0x7F, 0x40,
    0x00, 0x03, 0xF0, 0x0F, 0x80, 0x7E, 0x00, 0x00, 0x2F, 0x40, 0x7D, 0x00, 0xFC, 0x00, 0x01, 0xFC,
    0x01, 0xF4, 0x03, 0xF0, 0x00, 0x0F, 0xD0, 0x03, 0xE0, 0x0F, 0x80, 0x00, 0x7F, 0x00, 0x0F, 0xD0,
    0xBD, 0x00, 0x03, 0xF0, 0x00, 0x1F, 0xFF, 0xE0, 0x00, 0x2F, 0x80, 0x00, 0x1F, 0xFD, 0x00, 0x00,
    0xFC, 0x00, 0x00, 0x00, 0x00, 0x00, 0x00, 0xA0, 0x00, 0x00, 0x00, 0x00, 0x00, 0x00, 0x00, 0x00,
    0x00, 0x00, 0x00, 0x00, 0x00, 0x00, 0x00, 0x00, 0x00, 0x00, 0x00, 0x00, 0x00, 0x00, 0x01, 0xD0,
    0x00, 0x00, 0x02, 0xFF, 0x00, 0x00, 0x3F, 0x40, 0x00, 0x00, 0xFF, 0xFC, 0x00, 0x07, 0xF0, 0x00,
    0x00, 0x3F, 0x4F, 0xC0, 0x00, 0xFC, 0x00, 0x00, 0x07, 0xE0, 0x78, 0x00, 0x2F, 0x80, 0x00, 0x00,
    0x7D, 0x00, 0x00, 0x03, 0xF0, 0x00, 0x00, 0x0B, 0xE0, 0x00, 0x00, 0xBE, 0x00, 0x00, 0x00, 0x7F,
    0x00, 0x00, 0x0F, 0xC0, 0x00, 0x00, 0x03, 0xFD, 0x59, 0x02, 0xF4, 0x00, 0x00, 0x00, 0x2F, 0xFF,
    0xD0, 0x3F, 0x00, 0x00, 0x00, 0x00, 0x7F, 0xF4, 0x0B, 0xC0, 0x00, 0x00, 0x00, 0x00, 0x00, 0x00,
    0xF8, 0x0A, 0x90, 0xA9, 0x00, 0x00, 0x00, 0x3F, 0x03, 0xFD, 0x3F, 0xE0, 0x00, 0x00, 0x07, 0xE0,
    0x1F, 0xD1, 0xBD, 0x00, 0x00, 0x00, 0xFC, 0x00, 0x7D, 0x07, 0xD0, 0x00, 0x00, 0x2F, 0x80, 0x07,
    0xD0, 0x7D, 0x00, 0x00, 0x03, 0xF0, 0x00, 0x7D, 0x07, 0xD0, 0x00, 0x00, 0xBD, 0x00, 0x07, 0xD0,
    0x7D, 0x00, 0x00, 0x1F, 0xC0, 0x00, 0x7E, 0x0B, 0xD0, 0x00, 0x03, 0xF4, 0x00, 0x03, 0xFF, 0xFF,
    0xD0, 0x00, 0x7F, 0x00, 0x00, 0x1F, 0xF7, 0xFC, 0x00, 0x0F, 0xD0, 0x00, 0x00, 0x00, 0x00, 0x00,
    0x00, 0x18, 0x00, 0x00, 0x00, 0x00, 0x00, 0x00, 0x00, 0x00, 0x00, 0x00, 0x00, 0x00, 0x00, 0x00,
    0x00, 0x00, 0x00, 0x00, 0x00, 0x00, 0x02, 0xFF, 0x40, 0xFF, 0xFF, 0xFF, 0xFC, 0x0F, 0xFF, 0xE0,
    0xFF, 0xFF, 0xFF, 0xFC, 0x3F, 0xEF, 0xF4, 0x1F, 0xFF, 0xFF, 0xFC, 0x7F, 0x02, 0xF8, 0x0B, 0xFC,
    0x00, 0xFC, 0x7D, 0x00, 0xFC, 0x0B, 0xFC, 0x00, 0xFC, 0xBD, 0x00, 0xFC, 0x0B, 0xFC, 0x00, 0xB4,
    0x7F, 0x02, 0xF8, 0x0B, 0xFC, 0x00, 0x00, 0x3F, 0xEF, 0xF0, 0x0B, 0xFC, 0x00, 0x00, 0x1F, 0xFF,
    0xD0, 0x0B, 0xFC, 0x00, 0x40, 0x06, 0xFE, 0x40, 0x0B, 0xFF, 0xFF, 0xF0, 0x00, 0x00, 0x00, 0x0B,
    0xFF, 0xFF, 0xE0, 0x00, 0x00, 0x00, 0x0B, 0xFF, 0xFF, 0xD0, 0x00, 0x00, 0x00, 0x0B, 0xFC, 0x00,
    0x00, 0x00, 0x00, 0x00, 0x0B, 0xFC, 0x00, 0x00, 0x00, 0x00, 0x00, 0x0B, 0xFC, 0x00, 0x00, 0x00,
    0x00, 0x00, 0x0B, 0xFC, 0x00, 0x00, 0x00, 0x00, 0x00, 0x0B, 0xFC, 0x00, 0x00, 0x00, 0x00, 0x00,
    0x1F, 0xFE, 0x90, 0x00, 0x00, 0x00, 0x00, 0xFF, 0xFF, 0xF0, 0x00, 0x00, 0x00, 0x00, 0xFF, 0xFF,
    0xF0, 0x00, 0x00, 0x00, 0x68, 0x00, 0x00, 0x3F, 0xF4, 0x00, 0x0F, 0xFF, 0xC0, 0x02, 0xFD, 0xBC,
    0x00, 0x3F, 0x83, 0xD0, 0x03, 0xF4, 0x7C, 0x00, 0x7F, 0x47, 0xC0, 0x0B, 0xF0, 0xF8, 0x00, 0xFF,
    0x1F, 0x00, 0x0F, 0xF3, 0xD0, 0x00, 0xFF, 0xF8, 0x00, 0x0F, 0xFE, 0x00, 0x00, 0xFF, 0x80, 0x00,
    0x2F, 0xF0, 0x00, 0x2F, 0xFF, 0x00, 0x03, 0xEF, 0xF0, 0x00, 0x00, 0xFF, 0x00, 0x00, 0x0F, 0xF0,
    0x00, 0x00, 0xFF, 0x03, 0x80, 0x0F, 0xF0, 0xBC, 0x00, 0xBF, 0xFF, 0x40, 0x07, 0xFF, 0xE0, 0x00,
    0x3F, 0xF4, 0x00, 0x00, 0x54, 0x00, 0x00, 0x00, 0x00, 0x00, 0x00, 0x00, 0x01, 0x50, 0x0F, 0xFF,
    0xC0, 0x0B, 0xFF, 0xFC, 0x0B, 0xFF, 0x43, 0xFF, 0xF8, 0x02, 0xFF, 0xFE, 0x0F, 0xEB, 0xF0, 0x1F,
    0xFF, 0x40, 0x1B, 0xF8, 0x07, 0xD0, 0x7E, 0x01, 0xFF, 0xF0, 0x00, 0xFD, 0x02, 0xF0, 0x0F, 0xC0,
    0x7F, 0xFD, 0x00, 0x3F, 0x40, 0xFC, 0x03, 0xF0, 0x1F, 0xFF, 0xC0, 0x0F, 0xD0, 0x3F, 0x00, 0xF8,
    0x07, 0xFF, 0xF8, 0x03, 0xF4, 0x0B, 0xD0, 0x7D, 0x01, 0xFD, 0xFF, 0x40, 0xFD, 0x00, 0xFE, 0xBF,
    0x00, 0x7F, 0x3F, 0xF0, 0x3F, 0x40, 0x1F, 0xFE, 0x00, 0x1F, 0xC3, 0xFD, 0x0F, 0xD0, 0x00, 0x54,
    0x00, 0x07, 0xF0, 0xBF, 0xC3, 0xF4, 0x00, 0x00, 0x00, 0x01, 0xFC, 0x0F, 0xF8, 0xFD, 0x00, 0xBF,
    0xFF, 0x00, 0x7F, 0x01, 0xFF, 0x3F, 0x40, 0x3F, 0xFF, 0x80, 0x1F, 0xC0, 0x3F, 0xFF, 0xD0, 0x05,
    0x54, 0x00, 0x07, 0xF0, 0x03, 0xFF, 0xF4, 0x00, 0x00, 0x00, 0x01, 0xFC, 0x00, 0xBF, 0xFD, 0x00,
    0x00, 0x00, 0x00, 0x7F, 0x00, 0x0F, 0xFF, 0x40, 0x00, 0x00, 0x00, 0x7F, 0xE4, 0x01, 0xFF, 0xD0,
    0x00, 0x00, 0x00, 0xFF, 0xFF, 0x80, 0x3F, 0xF4, 0x00, 0x00, 0x00, 0x3F, 0xFF, 0xD0, 0x03, 0xFC,
    0x00, 0x00, 0x00, 0x00, 0x00, 0x00, 0x00, 0x50, 0x00, 0x00, 0x00, 0x00, 0x00, 0x15, 0x55, 0x00,
    0x00, 0x1F, 0xFF, 0xFF, 0xFD, 0x00, 0x07, 0xFF, 0xFF, 0xFF, 0xE0, 0x00, 0x6F, 0xFE, 0xBF, 0xFD,
    0x00, 0x03, 0xFE, 0x01, 0xFF, 0xC0, 0x00, 0xFF, 0x80, 0x2F, 0xF0, 0x00, 0x3F, 0xE0, 0x0B, 0xFC,
    0x00, 0x0F, 0xF8, 0x02, 0xFF, 0x00, 0x03, 0xFE, 0x00, 0xFF, 0x80, 0x00, 0xFF, 0x81, 0xFF, 0xC0,
    0x00, 0x3F, 0xFB, 0xFF, 0xC0, 0x00, 0x0F, 0xFF, 0xFF, 0x80, 0x00, 0x03, 0xFF, 0xFF, 0xC0, 0x54,
    0x00, 0xFF, 0x8F, 0xF4, 0x7D, 0x00, 0x3F, 0xE1, 0xFF, 0xBE, 0x00, 0x0F, 0xF8, 0x2F, 0xFF, 0x00,
    0x03, 0xFE, 0x03, 0xFF, 0x40, 0x00, 0xFF, 0x80, 0x3F, 0xF4, 0x00, 0xBF, 0xE0, 0x1F, 0xFF, 0x81,
    0xFF, 0xFE, 0x0F, 0xBF, 0xFC, 0x7F, 0xFF, 0x8F, 0xC3, 0xFF, 0x00, 0x00, 0x00, 0x00, 0x15, 0x00,
    0x00, 0x00, 0x00, 0x00, 0x00, 0x00, 0x00, 0x00, 0x00, 0x02, 0xFF, 0xFF, 0xFF, 0xC0, 0x00, 0x00,
    0x00, 0x00, 0x00, 0x0F, 0xFF, 0xFF, 0xFF, 0x00, 0x00, 0x00, 0x00, 0x00, 0x00, 0x3F, 0x5F, 0xF5,
    0xF8, 0x6A, 0xAA, 0xA4, 0x6A, 0xA8, 0x00, 0xF8, 0x2F, 0x83, 0xE3, 0xFF, 0xFF, 0xE2, 0xFF, 0xF0,
    0x01, 0xD0, 0xBE, 0x0B, 0x06, 0xFE, 0xAF, 0x81, 0xFE, 0x00, 0x00, 0x02, 0xF8, 0x00, 0x07, 0xF0,
    0x1E, 0x03, 0xF0, 0x00, 0x00, 0x0B, 0xE0, 0x00, 0x1F, 0xC0, 0x10, 0x0F, 0xC0, 0x00, 0x00, 0x2F,
    0x80, 0x00, 0x7F, 0x56, 0x00, 0x3F, 0x00, 0x00, 0x00, 0xBE, 0x00, 0x01, 0xFF, 0xFD, 0x00, 0xFC,
    0x00, 0x00, 0x02, 0xF8, 0x00, 0x07, 0xFA, 0xA0, 0x03, 0xF0, 0x00, 0x00, 0x0B, 0xE0, 0x00, 0x1F,
    0xC0, 0x00, 0x0F, 0xC0, 0x04, 0x00, 0x2F, 0x80, 0x00, 0x7F, 0x00, 0xF0, 0x3F, 0x00, 0xB4, 0x00,
    0xFE, 0x00, 0x01, 0xFC, 0x17, 0xC0, 0xFD, 0x17, 0xD0, 0x2F, 0xFF, 0xC0, 0x2F, 0xFF, 0xFF, 0x1F,
    0xFF, 0xFF, 0x40, 0xFF, 0xFF, 0x00, 0xFF, 0xFF, 0xF8, 0xBF, 0xFF, 0xFC, 0x00, 0x00, 0x00, 0x00,
    0x00, 0x00, 0x0F, 0xFF, 0xFE, 0x3F, 0xC0, 0xBF, 0x43, 0xEF, 0xEF, 0x87, 0xF4, 0x3F, 0x80, 0xF2,
    0xF1, 0xD0, 0xFF, 0x1F, 0xC0, 0x14, 0xBC, 0x10, 0x3F, 0xCF, 0xF4, 0x00, 0x2F, 0x00, 0x0E, 0xBB,
    0x7D, 0x00, 0x0B, 0xC0, 0x03, 0x8F, 0xCF, 0x80, 0x02, 0xF0, 0x01, 0xE3, 0xE2, 0xE0, 0x00, 0xBC,
    0x00, 0x74, 0x60, 0xBC, 0x00, 0xFF, 0xE0, 0xBF, 0x40, 0xBF, 0xC0, 0x15, 0x50, 0x15, 0x40, 0x15,
    0x50, 0x00, 0x00, 0x06, 0xA9, 0x00, 0x00, 0x00, 0x01, 0xFF, 0xFF, 0xE0, 0x00, 0x00, 0x0B, 0xFF,
    0xFF, 0xFD, 0x00, 0x00, 0x3F, 0xFE, 0x6F, 0xFF, 0x00, 0x00, 0xBF, 0xE0, 0x02, 0xFF, 0xC0, 0x00,
    0xFF, 0x80, 0x00, 0xFF, 0xD0, 0x02, 0xFF, 0x00, 0x00, 0x7F, 0xE0, 0x03, 0xFF, 0x00, 0x00, 0x3F,
    0xF0, 0x03, 0xFF, 0x00, 0x00, 0x3F, 0xF0, 0x03, 0xFE, 0x00, 0x00, 0x3F, 0xF0, 0x03, 0xFF, 0x00,
    0x00, 0x3F, 0xF0, 0x03, 0xFF, 0x00, 0x00, 0x3F, 0xE0, 0x01, 0xFF, 0x00, 0x00, 0x3F, 0xC0, 0x00,
    0xFF, 0x40, 0x00, 0xBF, 0x80, 0x00, 0x7F, 0xC0, 0x00, 0xFF, 0x00, 0x2D, 0x1F, 0xE0, 0x02, 0xFD,
    0x2E, 0x3E, 0x07, 0xF4, 0x0B, 0xF4, 0x3F, 0x3F, 0x01, 0xFC, 0x0F, 0xC0, 0x3F, 0x3F, 0xFF, 0xFC,
    0x0F, 0xFF, 0xFF, 0x3F, 0xFF, 0xFC, 0x0F, 0xFF, 0xFF, 0x3F, 0xFF, 0xF4, 0x0B, 0xFF, 0xFF, 0x00,
    0x00, 0x00, 0x00, 0x00, 0x3F, 0xFF, 0xF8, 0x3F, 0xFF, 0xDF, 0xFF, 0xFD, 0x0F, 0xFF, 0xF0, 0x6F,
    0xF4, 0x00, 0xFF, 0xC0, 0x07, 0xFC, 0x00, 0xBF, 0xC0, 0x01, 0xFF, 0x00, 0xBF, 0x80, 0x00, 0x7F,
    0xC0, 0xBF, 0x80, 0x00, 0x1F, 0xF0, 0xBF, 0x80, 0x00, 0x07, 0xFC, 0xBF, 0x80, 0x00, 0x01, 0xFF,
    0xFF, 0x40, 0x00, 0x00, 0x7F, 0xFF, 0xE0, 0x00, 0x00, 0x1F, 0xFF, 0xFD, 0x00, 0x00, 0x07, 0xFD,
    0xFF, 0xD0, 0x00, 0x01, 0xFF, 0x1F, 0xFC, 0x00, 0x00, 0x7F, 0xC1, 0xFF, 0xC0, 0x00, 0x1F, 0xF0,
    0x2F, 0xFC, 0x00, 0x07, 0xFC, 0x03, 0xFF, 0xC0, 0x01, 0xFF, 0x00, 0x3F, 0xFD, 0x01, 0xBF, 0xE4,
    0x03, 0xFF, 0xD3, 0xFF, 0xFF, 0xC0, 0x7F, 0xFE, 0xFF, 0xFF, 0xE0, 0x03, 0xFF, 0x40, 0x00, 0x00,
    0x00, 0x15, 0x00, 0x00, 0x00, 0x15, 0x00, 0x00, 0x00, 0x00, 0x02, 0xFF, 0x80, 0x00, 0x00, 0x00,
    0x2F, 0x6F, 0x40, 0x00, 0x00, 0x00, 0xF4, 0x3E, 0x00, 0x00, 0x00, 0x03, 0xD0, 0xF8, 0x00, 0x00,
    0x00, 0x0F, 0xDB, 0xC0, 0x00, 0x00, 0x00, 0x0F, 0xFD, 0x00, 0x00, 0x00, 0x00, 0x05, 0x40, 0x00,
    0x00, 0x00, 0x00, 0x01, 0x90, 0x00, 0x00, 0x00, 0x00, 0x7F, 0xC0, 0x00, 0x00, 0x00, 0x03, 0xFF,
    0x00, 0x00, 0x00, 0x00, 0x1F, 0xFE, 0x00, 0x00, 0x00, 0x00, 0xFF, 0xFC, 0x00, 0x00, 0x00, 0x03,
    0xFF, 0xF4, 0x00, 0x00, 0x00, 0x2F, 0x7F, 0xE0, 0x00, 0x00, 0x00, 0xFC, 0xBF, 0xC0, 0x00, 0x00,
    0x07, 0xE0, 0xFF, 0x40, 0x00, 0x00, 0x3F, 0x43, 0xFF, 0x00, 0x00, 0x01, 0xFC, 0x0B, 0xFC, 0x00,
    0x00, 0x0F, 0xE0, 0x0F, 0xF4, 0x00, 0x00, 0x3F, 0x95, 0x7F, 0xF0, 0x00, 0x02, 0xFF, 0xFF, 0xFF,
    0xC0, 0x00, 0x0F, 0xFF, 0xFF, 0xFF, 0x80, 0x00, 0x7F, 0x55, 0x57, 0xFF, 0x00, 0x03, 0xFC, 0x00,
    0x0B, 0xFD, 0x00, 0x1F, 0xD0, 0x00, 0x0F, 0xF8, 0x01, 0xFF, 0x90, 0x00, 0x7F, 0xF9, 0x2F, 0xFF,
    0xD0, 0x1F, 0xFF, 0xFC, 0xFF, 0xFF, 0x40, 0x7F, 0xFF, 0xF0, 0x00, 0x00, 0x15, 0x00, 0x00, 0x00,
    0x02, 0xE5, 0x6E, 0x00, 0x00, 0x0B, 0x40, 0x00, 0x78, 0x00, 0x0B, 0x00, 0x00, 0x02, 0x80, 0x0B,
    0x00, 0x00, 0x00, 0x78, 0x07, 0xC0, 0x00, 0x00, 0x0F, 0x43, 0xF0, 0x00, 0x00, 0x03, 0xF0, 0xFC,
    0x00, 0x00, 0x00, 0xFC, 0x7F, 0x00, 0x00, 0x00, 0x3F, 0x5F, 0xEA, 0xAA, 0xAA, 0xAF, 0xD7, 0xF0,
    0x00, 0x00, 0x00, 0x00, 0xFC, 0x00, 0x00, 0x00, 0x00, 0x3F, 0x00, 0x00, 0x00, 0x00, 0x07, 0xC0,
    0x00, 0x00, 0x00, 0x00, 0xF0, 0x00, 0x00, 0x00, 0x00, 0x0E, 0x00, 0x00, 0x02, 0x80, 0x00, 0xA0,
    0x00, 0x02, 0x80, 0x00, 0x06, 0x94, 0x5A, 0x40, 0x00, 0x00, 0x05, 0x54, 0x00, 0x00, 0x00, 0x00,
    0x00, 0x00, 0x00, 0x00, 0x00, 0x00, 0x00, 0x02, 0xFF, 0xFF, 0xFC, 0x00, 0x00, 0x00, 0x00, 0x00,
    0x00, 0x0B, 0xFF, 0xFF, 0xF0, 0x00, 0x00, 0x00, 0x00, 0x00, 0x00, 0x03, 0xF8, 0x5F, 0xC0, 0x19,
    0x00, 0x02, 0xAA, 0x46, 0xA9, 0x0F, 0xE0, 0x1F, 0x01, 0xFC, 0x00, 0x2F, 0xFF, 0x3F, 0xF4, 0x3F,
    0x80, 0x10, 0x0F, 0xF4, 0x00, 0x1F, 0xE0, 0x7F, 0x40, 0xFE, 0x00, 0x00, 0x7F, 0xE0, 0x00, 0x1F,
    0xC3, 0xF0, 0x03, 0xF9, 0x58, 0x03, 0xDF, 0xC0, 0x00, 0x1F, 0xEF, 0x00, 0x0F, 0xFF, 0xF8, 0x1F,
    0x1F, 0x80, 0x00, 0x2F, 0xF0, 0x00, 0x3F, 0xFF, 0xD0, 0xB8, 0x3F, 0x00, 0x00, 0x3F, 0x80, 0x00,
    0xFE, 0x00, 0x03, 0xEA, 0xFD, 0x00, 0x01, 0xFF, 0x40, 0x03, 0xF8, 0x00, 0x2F, 0xFF, 0xF8, 0x00,
    0x1F, 0xBF, 0x00, 0x0F, 0xE0, 0x00, 0xF9, 0x57, 0xF0, 0x00, 0xF8, 0xBF, 0x00, 0x3F, 0x80, 0x07,
    0xD0, 0x0F, 0xE0, 0x0F, 0xC0, 0xFF, 0x07, 0xFF, 0xF0, 0xBF, 0xD0, 0xBF, 0xF2, 0xFF, 0x87, 0xFF,
    0xBF, 0xFF, 0xC7, 0xFF, 0x87, 0xFF, 0xDF, 0xFF, 0x3F, 0xFE, 0x00, 0x00, 0x00, 0x00, 0x00, 0x00,
    0x00, 0x00, 0x00, 0x00, 0x00, 0x00, 0xE0, 0x00, 0x00, 0x02, 0xD0, 0x00, 0x00, 0xBE, 0x00, 0x00,
    0x6F, 0xF8, 0x00, 0x00, 0x3F, 0x00, 0x00, 0x3F, 0xFE, 0x00, 0x00, 0x2F, 0x80, 0x00, 0x06, 0xBF,
    0x80, 0x00, 0x0F, 0xC0, 0x00, 0x00, 0x0F, 0xE0, 0x00, 0x0B, 0xD0, 0x00, 0x00, 0x03, 0xF8, 0x00,
    0x03, 0xF0, 0x00, 0x00, 0x00, 0xFE, 0x00, 0x02, 0xF4, 0x00, 0x00, 0x00, 0x3F, 0x80, 0x00, 0xFC,
    0x1B, 0xFE, 0x00, 0x0F, 0xE0, 0x00, 0xFC, 0x2F, 0xFF, 0xE0, 0x03, 0xF8, 0x00, 0x7E, 0x0F, 0xD2,
    0xFC, 0x00, 0xFE, 0x00, 0x3F, 0x02, 0xC0, 0x7F, 0x07, 0xFF, 0xFC, 0x1F, 0x80, 0x00, 0x2F, 0x82,
    0xFF, 0xFF, 0x0F, 0xC0, 0x00, 0xBF, 0x80, 0x00, 0x00, 0x0B, 0xD0, 0x00, 0xFF, 0xF4, 0x00, 0x00,
    0x03, 0xF0, 0x00, 0x2A, 0xFF, 0x00, 0x00, 0x03, 0xF4, 0x00, 0x00, 0x0F, 0xD0, 0x00, 0x01, 0xFC,
    0x00, 0x00, 0x03, 0xF4, 0x00, 0x00, 0xFD, 0x00, 0x00, 0x1B, 0xFC, 0x00, 0x00, 0xBF, 0x00, 0x03,
    0xFF, 0xFD, 0x00, 0x00, 0x3F, 0x00, 0x00, 0xFF, 0xF8, 0x00, 0x00, 0x1F, 0x80, 0x00, 0x05, 0x50,
    0x00, 0x00, 0x00, 0xC0, 0x00, 0x00, 0x00, 0x00, 0x00, 0x00, 0x00, 0x00, 0x00, 0x00, 0x00, 0x00,
    0x00, 0x00, 0x00, 0x00, 0x00, 0x00, 0x00, 0x00, 0x00, 0x00, 0x00, 0x00, 0xF4, 0x00, 0x00, 0x6F,
    0xF4, 0x00, 0x00, 0x7F, 0x00, 0x00, 0xBF, 0xFF, 0x80, 0x00, 0x3F, 0x80, 0x00, 0x7F, 0x9F, 0xF0,
    0x00, 0x1F, 0xC0, 0x00, 0x1F, 0xC1, 0xFD, 0x00, 0x0F, 0xD0, 0x00, 0x02, 0xE0, 0x7F, 0x00, 0x07,
    0xF0, 0x00, 0x00, 0x00, 0x3F, 0xC0, 0x03, 0xF0, 0x00, 0x00, 0x00, 0x2F, 0xC0, 0x01, 0xF8, 0x00,
    0x00, 0x00, 0x2F, 0xC0, 0x00, 0xFC, 0x1B, 0xFE, 0x00, 0x2F, 0xC0, 0x00, 0x7E, 0x2F, 0xFF, 0xE0,
    0x3F, 0x80, 0x00, 0x3F, 0x0F, 0xD2, 0xFC, 0x3F, 0xEA, 0xA8, 0x2F, 0x42, 0xC0, 0x7F, 0x1F, 0xFF,
    0xFF, 0x0F, 0xC0, 0x00, 0x2F, 0x83, 0xFF, 0xFF, 0x4B, 0xD0, 0x00, 0xBF, 0x80, 0x00, 0x00, 0x07,
    0xF0, 0x00, 0xFF, 0xF4, 0x00, 0x00, 0x03, 0xF0, 0x00, 0x2A, 0xFF, 0x00, 0x00, 0x01, 0xF8, 0x00,
    0x00, 0x0F, 0xD0, 0x00, 0x00, 0xFC, 0x00, 0x00, 0x03, 0xF4, 0x00, 0x00, 0xBE, 0x00, 0x00, 0x1B,
    0xFC, 0x00, 0x00, 0x3F, 0x00, 0x03, 0xFF, 0xFD, 0x00, 0x00, 0x3F, 0x80, 0x00, 0xFF, 0xF8, 0x00,
    0x00, 0x0F, 0xC0, 0x00, 0x05, 0x50, 0x00, 0x00, 0x00, 0x90, 0x00, 0x00, 0x00, 0x00, 0x00, 0x00,
    0x00, 0x00, 0x00, 0x00, 0x00, 0x00, 0x00, 0x00, 0x00, 0x00, 0x00, 0x00, 0x00, 0x00, 0x00, 0x00,
    0x00, 0x00, 0xF0, 0x00, 0x00, 0x02, 0xD0, 0x00, 0x00, 0x7F, 0x00, 0x00, 0x6F, 0xF8, 0x00, 0x00,
    0x3F, 0x40, 0x00, 0x3F, 0xFE, 0x00, 0x00, 0x1F, 0xC0, 0x00, 0x06, 0xBF, 0x80, 0x00, 0x0F, 0xD0,
    0x00, 0x00, 0x0F, 0xE0, 0x00, 0x07, 0xE0, 0x00, 0x00, 0x03, 0xF8, 0x00, 0x03, 0xF0, 0x00, 0x00,
    0x00, 0xFE, 0x00, 0x01, 0xF8, 0x00, 0x00, 0x00, 0x3F, 0x80, 0x00, 0xFC, 0x1A, 0xAA, 0x80, 0x0F,
    0xE0, 0x00, 0x7D, 0x07, 0xFF, 0xF0, 0x03, 0xF8, 0x00, 0x3F, 0x02, 0xFF, 0xFC, 0x00, 0xFE, 0x00,
    0x2F, 0x40, 0xBC, 0x00, 0x07, 0xFF, 0xFC, 0x0F, 0xC0, 0x3F, 0x90, 0x02, 0xFF, 0xFF, 0x0B, 0xC0,
    0x0F, 0xFF, 0x80, 0x00, 0x00, 0x07, 0xE0, 0x02, 0xFF, 0xF8, 0x00, 0x00, 0x03, 0xF0, 0x00, 0x00,
    0xFF, 0x00, 0x00, 0x01, 0xF8, 0x00, 0x00, 0x0F, 0xD0, 0x00, 0x00, 0xFC, 0x00, 0x00, 0x03, 0xF0,
    0x00, 0x00, 0xBE, 0x00, 0x00, 0x07, 0xFC, 0x00, 0x00, 0x3F, 0x00, 0x03, 0xFF, 0xFC, 0x00, 0x00,
    0x3F, 0x80, 0x00, 0xBF, 0xF8, 0x00, 0x00, 0x0F, 0xC0, 0x00, 0x05, 0x50, 0x00, 0x00, 0x00, 0x90,
    0x00, 0x00, 0x00, 0x00, 0x00, 0x00, 0x00, 0x00, 0x00, 0x00, 0x00, 0x00, 0x00, 0x00, 0x00, 0x00,
    0x00, 0x00, 0x00, 0x00, 0x00, 0x00, 0x00, 0x00, 0x38, 0x00, 0x00, 0x6F, 0xF4, 0x00, 0x00, 0x3F,
    0x80, 0x00, 0xBF, 0xFF, 0x80, 0x00, 0x1F, 0xC0, 0x00, 0x7F, 0x9F, 0xF0, 0x00, 0x0F, 0xD0, 0x00,
    0x1F, 0xC1, 0xFD, 0x00, 0x07, 0xF0, 0x00, 0x02, 0xE0, 0x7F, 0x00, 0x03, 0xF4, 0x00, 0x00, 0x00,
    0x3F, 0xC0, 0x01, 0xF8, 0x00, 0x00, 0x00, 0x2F, 0xC0, 0x00, 0xFC, 0x00, 0x00, 0x00, 0x2F, 0xC0,
    0x00, 0x7E, 0x1A, 0xAA, 0x80, 0x2F, 0xC0, 0x00, 0x3F, 0x07, 0xFF, 0xF0, 0x3F, 0x80, 0x00, 0x1F,
    0x42, 0xFF, 0xFC, 0x3F, 0xEA, 0xA8, 0x0F, 0xC0, 0xBC, 0x00, 0x1F, 0xFF, 0xFF, 0x0B, 0xD0, 0x3F,
    0x90, 0x03, 0xFF, 0xFF, 0x43, 0xF0, 0x0F, 0xFF, 0x80, 0x00, 0x00, 0x02, 0xF4, 0x02, 0xFF, 0xF8,
    0x00, 0x00, 0x01, 0xFC, 0x00, 0x00, 0xFF, 0x00, 0x00, 0x00, 0xFC, 0x00, 0x00, 0x0F, 0xD0, 0x00,
    0x00, 0x7E, 0x00, 0x00, 0x03, 0xF0, 0x00, 0x00, 0x3F, 0x00, 0x00, 0x07, 0xFC, 0x00, 0x00, 0x2F,
    0x80, 0x03, 0xFF, 0xFC, 0x00, 0x00, 0x1F, 0xC0, 0x00, 0xBF, 0xF8, 0x00, 0x00, 0x0B, 0xE0, 0x00,
    0x05, 0x50, 0x00, 0x00, 0x00, 0x70, 0x00, 0x00, 0x00, 0x00, 0x00, 0x00, 0x00, 0x00, 0x00, 0x00,
    0x00, 0x00, 0x00, 0x00, 0x00, 0x00, 0x00, 0x00, 0x00, 0x00, 0x00, 0x00, 0x00, 0x00, 0xE0, 0x00,
    0x00, 0x7F, 0xF4, 0x00, 0x00, 0xBE, 0x00, 0x00, 0xFF, 0xFF, 0x80, 0x00, 0x3F, 0x00, 0x00, 0x7E,
    0x4F, 0xF0, 0x00, 0x2F, 0x80, 0x00, 0x0F, 0x02, 0xFC, 0x00, 0x1F, 0xC0, 0x00, 0x00, 0x00, 0xFD,
    0x00, 0x0F, 0xD0, 0x00, 0x00, 0x06, 0xFD, 0x00, 0x07, 0xF0, 0x00, 0x00, 0x07, 0xFF, 0xC0, 0x03,
    0xF0, 0x00, 0x00, 0x00, 0xAB, 0xFC, 0x01, 0xF8, 0x1A, 0xAA, 0x80, 0x00, 0x7F, 0x00, 0xFC, 0x07,
    0xFF, 0xF0, 0x00, 0x2F, 0xC0, 0x7E, 0x02, 0xFF, 0xFC, 0x00, 0x6F, 0xE0, 0x3F, 0x00, 0xBC, 0x00,
    0x1F, 0xFF, 0xF0, 0x2F, 0x40, 0x3F, 0x90, 0x03, 0xFF, 0xE0, 0x0F, 0xC0, 0x0F, 0xFF, 0x80, 0x15,
    0x00, 0x0B, 0xD0, 0x02, 0xFF, 0xF8, 0x00, 0x00, 0x07, 0xF0, 0x00, 0x00, 0xFF, 0x00, 0x00, 0x03,
    0xF4, 0x00, 0x00, 0x0F, 0xD0, 0x00, 0x01, 0xF8, 0x00, 0x00, 0x03, 0xF0, 0x00, 0x00, 0xFC, 0x00,
    0x00, 0x07, 0xFC, 0x00, 0x00, 0xBE, 0x00, 0x03, 0xFF, 0xFC, 0x00, 0x00, 0x3F, 0x00, 0x00, 0xBF,
    0xF8, 0x00, 0x00, 0x2F, 0x80, 0x00, 0x05, 0x50, 0x00, 0x00, 0x01, 0xC0, 0x00, 0x00, 0x00, 0x00,
    0x00, 0x00, 0x00, 0x00, 0x00, 0x00, 0x00, 0x00, 0x00, 0x00, 0x00, 0x00, 0x00, 0x00, 0x00, 0x00,
    0x00, 0x00, 0x00, 0x00, 0x07, 0x40, 0x00, 0x00, 0x02, 0xF0, 0x00, 0x00, 0xFD, 0x00, 0x00, 0x00,
    0xFF, 0x00, 0x00, 0x2F, 0xC0, 0x00, 0x00, 0x2F, 0xF0, 0x00, 0x03, 0xF0, 0x00, 0x00, 0x07, 0xFF,
    0x00, 0x00, 0xBE, 0x00, 0x00, 0x00, 0xFB, 0xF0, 0x00, 0x0F, 0xC0, 0x00, 0x00, 0x3F, 0x3F, 0x00,
    0x02, 0xF4, 0x00, 0x00, 0x0B, 0xC3, 0xF0, 0x00, 0x3F, 0x00, 0x00, 0x01, 0xF4, 0x3F, 0x00, 0x0B,
    0xD1, 0xAA, 0xA8, 0x3F, 0xAB, 0xFA, 0x00, 0xFC, 0x1F, 0xFF, 0xC3, 0xFF, 0xFF, 0xF4, 0x2F, 0x02,
    0xFF, 0xFC, 0x0A, 0xAB, 0xFA, 0x03, 0xE0, 0x2F, 0x00, 0x00, 0x00, 0x3F, 0x00, 0xFC, 0x03, 0xF9,
    0x00, 0x00, 0x03, 0xF0, 0x1F, 0x80, 0x3F, 0xFE, 0x00, 0x00, 0x15, 0x03, 0xF0, 0x02, 0xFF, 0xF8,
    0x00, 0x00, 0x00, 0xBE, 0x00, 0x00, 0x3F, 0xC0, 0x00, 0x00, 0x0F, 0xC0, 0x00, 0x00, 0xFD, 0x00,
    0x00, 0x02, 0xF4, 0x00, 0x00, 0x0F, 0xC0, 0x00, 0x00, 0x7F, 0x00, 0x00, 0x07, 0xFC, 0x00, 0x00,
    0x0F, 0xD0, 0x00, 0xFF, 0xFF, 0x00, 0x00, 0x02, 0xFC, 0x00, 0x0B, 0xFF, 0x80, 0x00, 0x00, 0x3F,
    0x40, 0x00, 0x15, 0x40, 0x00, 0x00, 0x00, 0x60, 0x00, 0x00, 0x00, 0x00, 0x00, 0x00, 0x00, 0x00,
    0x00, 0x00, 0x00, 0x00, 0x00, 0x00, 0x00, 0x00, 0x00, 0x00, 0x00, 0x00, 0x00, 0x00, 0x00, 0x00,
    0x1D, 0x00, 0x00, 0x00, 0x2D, 0x00, 0x00, 0x03, 0xF4, 0x00, 0x01, 0xBF, 0xE0, 0x00, 0x00, 0x7F,
    0x00, 0x00, 0x3F, 0xFE, 0x00, 0x00, 0x0F, 0xD0, 0x00, 0x01, 0xAF, 0xE0, 0x00, 0x01, 0xFC, 0x00,
    0x00, 0x00, 0xFE, 0x00, 0x00, 0x3F, 0x00, 0x00, 0x00, 0x0F, 0xE0, 0x00, 0x07, 0xE0, 0x00, 0x00,
    0x00, 0xFE, 0x00, 0x00, 0xFC, 0x00, 0x00, 0x00, 0x0F, 0xE0, 0x00, 0x1F, 0x40, 0x1B, 0xF0, 0x00,
    0xFE, 0x00, 0x03, 0xF0, 0x0B, 0xFF, 0x80, 0x0F, 0xE0, 0x00, 0xBD, 0x03, 0xFF, 0x40, 0x00, 0xFE,
    0x00, 0x0F, 0xC0, 0xFF, 0x40, 0x01, 0xFF, 0xFF, 0x02, 0xF4, 0x1F, 0xD4, 0x00, 0x2F, 0xFF, 0xF0,
    0x7E, 0x03, 0xFF, 0xFD, 0x00, 0x00, 0x00, 0x0F, 0xC0, 0x3F, 0xFF, 0xF4, 0x00, 0x00, 0x01, 0xF8,
    0x07, 0xF0, 0x3F, 0xC0, 0x00, 0x00, 0x3F, 0x00, 0x7F, 0x01, 0xFC, 0x00, 0x00, 0x0B, 0xE0, 0x03,
    0xF0, 0x1F, 0xC0, 0x00, 0x00, 0xFC, 0x00, 0x3F, 0xC2, 0xF8, 0x00, 0x00, 0x3F, 0x80, 0x01, 0xFF,
    0xFF, 0x00, 0x00, 0x07, 0xF0, 0x00, 0x07, 0xFF, 0xD0, 0x00, 0x00, 0xBD, 0x00, 0x00, 0x05, 0x40,
    0x00, 0x00, 0x01, 0xC0, 0x00, 0x00, 0x00, 0x00, 0x00, 0x00, 0x00, 0x00, 0x00, 0x00, 0x00, 0x00,
    0x00, 0x00, 0x00, 0x00, 0x00, 0x00, 0x00, 0x00, 0x00, 0x00, 0x00, 0x00, 0x3C, 0x00, 0x00, 0x07,
    0xFF, 0xE0, 0x00, 0x07, 0xF0, 0x00, 0x00, 0xBF, 0xFF, 0x00, 0x00, 0xFD, 0x00, 0x00, 0x0F, 0xFF,
    0xE0, 0x00, 0x1F, 0xC0, 0x00, 0x00, 0xFC, 0x00, 0x00, 0x03, 0xF4, 0x00, 0x00, 0x0F, 0xE4, 0x00,
    0x00, 0x7E, 0x00, 0x00, 0x00, 0xFF, 0xF4, 0x00, 0x0F, 0xC0, 0x00, 0x00, 0x0A, 0xFF, 0xD0, 0x01,
    0xF8, 0x00, 0x00, 0x00, 0x00, 0xFF, 0x00, 0x3F, 0x00, 0x1B, 0xF0, 0x00, 0x07, 0xF0, 0x07, 0xD0,
    0x0B, 0xFF, 0x80, 0x00, 0xBF, 0x00, 0xFC, 0x03, 0xFF, 0x40, 0x00, 0x6F, 0xE0, 0x2F, 0x40, 0xFF,
    0x40, 0x03, 0xFF, 0xFC, 0x03, 0xF0, 0x1F, 0xD4, 0x00, 0x3F, 0xFD, 0x00, 0xBC, 0x03, 0xFF, 0xFD,
    0x00, 0x54, 0x00, 0x1F, 0x80, 0x3F, 0xFF, 0xF4, 0x00, 0x00, 0x03, 0xF0, 0x07, 0xF0, 0x3F, 0xC0,
    0x00, 0x00, 0x7E, 0x00, 0x7F, 0x01, 0xFC, 0x00, 0x00, 0x0F, 0xC0, 0x03, 0xF0, 0x1F, 0xC0, 0x00,
    0x02, 0xF8, 0x00, 0x3F, 0xC2, 0xF8, 0x00, 0x00, 0x3F, 0x00, 0x01, 0xFF, 0xFF, 0x00, 0x00, 0x0F,
    0xE0, 0x00, 0x07, 0xFF, 0xD0, 0x00, 0x00, 0xFC, 0x00, 0x00, 0x05, 0x40, 0x00, 0x00, 0x02, 0x40,
    0x00, 0x00, 0x00, 0x00, 0x00, 0x00, 0x00, 0x00, 0x00, 0x00, 0x00, 0x00, 0x00, 0x00, 0x00, 0x00,
    0x00, 0x00, 0x00, 0x00, 0x00, 0x00, 0x00, 0x00, 0xF0, 0x00, 0x00, 0x02, 0xD0, 0x00, 0x00, 0x7F,
    0x00, 0x00, 0x6F, 0xF8, 0x00, 0x00, 0x3F, 0x40, 0x00, 0x3F, 0xFE, 0x00, 0x00, 0x1F, 0xC0, 0x00,
    0x06, 0xBF, 0x80, 0x00, 0x0F, 0xD0, 0x00, 0x00, 0x0F, 0xE0, 0x00, 0x07, 0xE0, 0x00, 0x00, 0x03,
    0xF8, 0x00, 0x03, 0xF0, 0x00, 0x00, 0x00, 0xFE, 0x00, 0x01, 0xF8, 0x00, 0x00, 0x00, 0x3F, 0x80,
    0x00, 0xFC, 0x07, 0xFE, 0x00, 0x0F, 0xE0, 0x00, 0x7D, 0x0F, 0xFF, 0xF0, 0x03, 0xF8, 0x00, 0x3F,
    0x0B, 0xE0, 0xFD, 0x00, 0xFE, 0x00, 0x2F, 0x43, 0xF4, 0x2F, 0x47, 0xFF, 0xFC, 0x0F, 0xC0, 0xBF,
    0x0F, 0xC2, 0xFF, 0xFF, 0x0B, 0xC0, 0x0F, 0xFF, 0xD0, 0x00, 0x00, 0x07, 0xE0, 0x00, 0xFF, 0xE0,
    0x00, 0x00, 0x03, 0xF0, 0x01, 0xFF, 0xFF, 0x00, 0x00, 0x01, 0xF8, 0x00, 0xFC, 0x1F, 0xE0, 0x00,
    0x00, 0xFC, 0x00, 0x7F, 0x01, 0xFC, 0x00, 0x00, 0xBE, 0x00, 0x1F, 0xC0, 0xBE, 0x00, 0x00, 0x3F,
    0x00, 0x03, 0xFE, 0xFF, 0x00, 0x00, 0x3F, 0x80, 0x00, 0x3F, 0xFF, 0x00, 0x00, 0x0F, 0xC0, 0x00,
    0x00, 0x54, 0x00, 0x00, 0x00, 0x90, 0x00, 0x00, 0x00, 0x00, 0x00, 0x00, 0x00, 0x00, 0x00, 0x00,
    0x00, 0x00, 0x00, 0x00, 0x00, 0x00, 0x00, 0x00, 0x00, 0x00, 0x00, 0x00, 0x00, 0x01, 0xD0, 0x00,
    0x00, 0x7F, 0xF4, 0x00, 0x00, 0xFD, 0x00, 0x00, 0xFF, 0xFF, 0x80, 0x00, 0x7F, 0x00, 0x00, 0x7E,
    0x4F, 0xF0, 0x00, 0x3F, 0x40, 0x00, 0x0F, 0x02, 0xFC, 0x00, 0x1F, 0xC0, 0x00, 0x00, 0x00, 0xFD,
    0x00, 0x0F, 0xC0, 0x00, 0x00, 0x06, 0xFD, 0x00, 0x07, 0xE0, 0x00, 0x00, 0x07, 0xFF, 0xC0, 0x03,
    0xF0, 0x00, 0x00, 0x00, 0xAB, 0xFC, 0x01, 0xF8, 0x07, 0xFE, 0x00, 0x00, 0x7F, 0x00, 0xFC, 0x0F,
    0xFF, 0xF0, 0x00, 0x2F, 0xC0, 0xBD, 0x0B, 0xE0, 0xFD, 0x00, 0x6F, 0xE0, 0x3F, 0x03, 0xF4, 0x2F,
    0x5F, 0xFF, 0xF0, 0x2F, 0x40, 0xBF, 0x0F, 0xC3, 0xFF, 0xE0, 0x1F, 0x80, 0x0F, 0xFF, 0xD0, 0x15,
    0x00, 0x0F, 0xC0, 0x00, 0xFF, 0xE0, 0x00, 0x00, 0x07, 0xE0, 0x01, 0xFF, 0xFF, 0x00, 0x00, 0x03,
    0xF0, 0x00, 0xFC, 0x1F, 0xE0, 0x00, 0x02, 0xF8, 0x00, 0x7F, 0x01, 0xFC, 0x00, 0x00, 0xFC, 0x00,
    0x1F, 0xC0, 0xBE, 0x00, 0x00, 0xFE, 0x00, 0x03, 0xFE, 0xFF, 0x00, 0x00, 0x7F, 0x00, 0x00, 0x3F,
    0xFF, 0x00, 0x00, 0x2F, 0x40, 0x00, 0x00, 0x54, 0x00, 0x00, 0x01, 0xC0, 0x00, 0x00, 0x00, 0x00,
    0x00, 0x00, 0x00, 0x00, 0x00, 0x00, 0x00, 0x00, 0x00, 0x00, 0x00, 0x00, 0x00, 0x00, 0x00, 0x00,
    0x00, 0x00, 0x00, 0x02, 0xD0, 0x00, 0x00, 0x7F, 0xFE, 0x00, 0x00, 0xFD, 0x00, 0x00, 0x2F, 0xFF,
    0xC0, 0x00, 0xBE, 0x00, 0x00, 0x0F, 0xFF, 0xE0, 0x00, 0x3F, 0x00, 0x00, 0x03, 0xF0, 0x00, 0x00,
    0x2F, 0x80, 0x00, 0x00, 0xFE, 0x40, 0x00, 0x0F, 0xC0, 0x00, 0x00, 0x3F, 0xFD, 0x00, 0x0B, 0xD0,
    0x00, 0x00, 0x0A, 0xFF, 0xD0, 0x03, 0xF0, 0x00, 0x00, 0x00, 0x03, 0xFC, 0x02, 0xF4, 0x07, 0xFE,
    0x00, 0x00, 0x7F, 0x00, 0xF8, 0x0F, 0xFF, 0xF0, 0x00, 0x2F, 0xC0, 0xBC, 0x0B, 0xE0, 0xFD, 0x00,
    0x6F, 0xE0, 0x7E, 0x03, 0xF4, 0x2F, 0x4F, 0xFF, 0xF0, 0x3F, 0x00, 0xBF, 0x0F, 0xC3, 0xFF, 0xD0,
    0x1F, 0x80, 0x0F, 0xFF, 0xD0, 0x15, 0x00, 0x0F, 0xC0, 0x00, 0xFF, 0xE0, 0x00, 0x00, 0x0B, 0xD0,
    0x01, 0xFF, 0xFF, 0x00, 0x00, 0x03, 0xF0, 0x00, 0xFC, 0x1F, 0xE0, 0x00, 0x03, 0xF4, 0x00, 0x7F,
    0x01, 0xFC, 0x00, 0x01, 0xFC, 0x00, 0x1F, 0xC0, 0xBE, 0x00, 0x00, 0xFD, 0x00, 0x03, 0xFE, 0xFF,
    0x00, 0x00, 0xBF, 0x00, 0x00, 0x3F, 0xFF, 0x00, 0x00, 0x3F, 0x40, 0x00, 0x00, 0x54, 0x00, 0x00,
    0x01, 0x80, 0x00, 0x00, 0x00, 0x00, 0x00, 0x00, 0x00, 0x00, 0x00, 0x00, 0x00, 0x00, 0x00, 0x00,
    0x00, 0x00, 0x00, 0x00, 0x00, 0x00, 0x00, 0x00, 0x00, 0x0B, 0x40, 0x00, 0x02, 0xFF, 0xFE, 0x40,
    0x03, 0xF0, 0x00, 0x00, 0xFF, 0xFF, 0xE0, 0x02, 0xF8, 0x00, 0x00, 0x3F, 0xFF, 0xF8, 0x00, 0xFC,
    0x00, 0x00, 0x0F, 0x40, 0xFC, 0x00, 0xBE, 0x00, 0x00, 0x02, 0xC0, 0xFC, 0x00, 0x3F, 0x00, 0x00,
    0x00, 0x00, 0xBD, 0x00, 0x2F, 0x40, 0x00, 0x00, 0x00, 0x3F, 0x00, 0x0F, 0xC0, 0x00, 0x00, 0x00,
    0x3F, 0x40, 0x0B, 0xD0, 0x07, 0xFE, 0x00, 0x1F, 0xC0, 0x03, 0xE0, 0x0F, 0xFF, 0xF0, 0x0B, 0xE0,
    0x02, 0xF0, 0x0B, 0xE0, 0xFD, 0x03, 0xF4, 0x01, 0xF8, 0x03, 0xF4, 0x2F, 0x40, 0xFC, 0x00, 0xFC,
    0x00, 0xBF, 0x0F, 0xC0, 0x3F, 0x00, 0x7E, 0x00, 0x0F, 0xFF, 0xD0, 0x01, 0x40, 0x3F, 0x00, 0x00,
    0xFF, 0xE0, 0x00, 0x00, 0x2F, 0x40, 0x01, 0xFF, 0xFF, 0x00, 0x00, 0x0F, 0xC0, 0x00, 0xFC, 0x1F,
    0xE0, 0x00, 0x0F, 0xD0, 0x00, 0x7F, 0x01, 0xFC, 0x00, 0x07, 0xF0, 0x00, 0x1F, 0xC0, 0xBE, 0x00,
    0x03, 0xF4, 0x00, 0x03, 0xFE, 0xFF, 0x00, 0x02, 0xFC, 0x00, 0x00, 0x3F, 0xFF, 0x00, 0x00, 0xFC,
    0x00, 0x00, 0x00, 0x54, 0x00, 0x00, 0x06, 0x00, 0x00, 0x00, 0x00, 0x00, 0x00, 0x00, 0x00, 0x00,
    0x00, 0x00, 0x00, 0x00, 0x00, 0x00, 0x00, 0x00, 0x00, 0x00, 0x00, 0x00, 0x00, 0x00, 0x38, 0x00,
    0x2D, 0x00, 0x00, 0x0B, 0xE1, 0xBF, 0xE0, 0x00, 0x00, 0xFC, 0x3F, 0xFE, 0x00, 0x00, 0x2F, 0x81,
    0xAF, 0xE0, 0x00, 0x03, 0xF0, 0x00, 0xFE, 0x00, 0x00, 0xBD, 0x00, 0x0F, 0xE0, 0x00, 0x0F, 0xC0,
    0x00, 0xFE, 0x00, 0x02, 0xF4, 0x00, 0x0F, 0xE0, 0x00, 0x3E, 0x00, 0x00, 0xFE, 0x00, 0x0F, 0xC0,
    0x00, 0x0F, 0xE0, 0x01, 0xF8, 0x00, 0x00, 0xFE, 0x00, 0x3F, 0x00, 0x01, 0xFF, 0xFF, 0x07, 0xE0,
    0x00, 0x2F, 0xFF, 0xF0, 0xFC, 0x00, 0x00, 0x00, 0x00, 0x2F, 0x40, 0x00, 0x00, 0x00, 0x03, 0xF0,
    0x00, 0x00, 0x00, 0x00, 0xFD, 0x00, 0x00, 0x00, 0x00, 0x1F, 0xC0, 0x00, 0x00, 0x00, 0x03, 0xF4,
    0x00, 0x00, 0x00, 0x00, 0xBF, 0x00, 0x00, 0x00, 0x00, 0x0F, 0xC0, 0x00, 0x00, 0x00, 0x01, 0xF8,
    0x00, 0x00, 0x00, 0x00, 0x03, 0x00, 0x00, 0x00, 0x00, 0x00, 0x00, 0x00, 0x00, 0x00, 0x00, 0x00,
    0x03, 0xFF, 0xFF, 0xCF, 0xFF, 0xFF, 0x06, 0xFF, 0x80, 0x07, 0xFD, 0x00, 0x1F, 0xF4, 0x00, 0x7F,
    0xD0, 0x01, 0xFF, 0x40, 0x07, 0xFD, 0x00, 0x1F, 0xF4, 0x00, 0x7F, 0xD0, 0x01, 0xFF, 0x40, 0x07,
    0xFD, 0x00, 0x1F, 0xF4, 0x00, 0x7F, 0xD0, 0x01, 0xFF, 0x40, 0x07, 0xFD, 0x00, 0x1F, 0xF4, 0x01,
    0xBF, 0xF9, 0x3F, 0xFF, 0xFC, 0xFF, 0xFF, 0xF0, 0x00, 0x00, 0x00, 0x00, 0x00, 0x03, 0xFF, 0xFF,
    0xC3, 0xFF, 0xFF, 0xCF, 0xFF, 0xFF, 0x0F, 0xFF, 0xFF, 0x06, 0xFF, 0x80, 0x06, 0xFF, 0xD0, 0x07,
    0xFD, 0x00, 0x03, 0xFE, 0x00, 0x1F, 0xF4, 0x00, 0x0F, 0xF8, 0x00, 0x7F, 0xD0, 0x00, 0x3F, 0xE0,
    0x01, 0xFF, 0x40, 0x00, 0xFF, 0x80, 0x07, 0xFD, 0x00, 0x03, 0xFE, 0x00, 0x1F, 0xF4, 0x00, 0x0F,
    0xF8, 0x00, 0x7F, 0xD0, 0x00, 0x3F, 0xE0, 0x01, 0xFF, 0x40, 0x00, 0xFF, 0x80, 0x07, 0xFD, 0x00,
    0x03, 0xFE, 0x00, 0x1F, 0xF4, 0x00, 0x0F, 0xF8, 0x00, 0x7F, 0xD0, 0x00, 0x3F, 0xE0, 0x01, 0xFF,
    0x40, 0x00, 0xFF, 0x80, 0x07, 0xFD, 0x00, 0x03, 0xFE, 0x00, 0x1F, 0xF4, 0x00, 0x0F, 0xF8, 0x01,
    0xBF, 0xF9, 0x00, 0xBF, 0xF9, 0x3F, 0xFF, 0xFC, 0x2F, 0xFF, 0xFC, 0xFF, 0xFF, 0xF0, 0xFF, 0xFF,
    0xF0, 0x00, 0x00, 0x00, 0x00, 0x00, 0x00, 0x00, 0x00, 0x03, 0xFF, 0xFF, 0xC3, 0xFF, 0xFF, 0xC2,
    0xFF, 0xFF, 0xDF, 0xFF, 0xFF, 0x0F, 0xFF, 0xFF, 0x0B, 0xFF, 0xFF, 0x06, 0xFF, 0x80, 0x06, 0xFF,
    0xD0, 0x06, 0xFF, 0xD0, 0x07, 0xFD, 0x00, 0x03, 0xFE, 0x00, 0x03, 0xFE, 0x00, 0x1F, 0xF4, 0x00,
    0x0F, 0xF8, 0x00, 0x0F, 0xF8, 0x00, 0x7F, 0xD0, 0x00, 0x3F, 0xE0, 0x00, 0x3F, 0xE0, 0x01, 0xFF,
    0x40, 0x00, 0xFF, 0x80, 0x00, 0xFF, 0x80, 0x07, 0xFD, 0x00, 0x03, 0xFE, 0x00, 0x03, 0xFE, 0x00,
    0x1F, 0xF4, 0x00, 0x0F, 0xF8, 0x00, 0x0F, 0xF8, 0x00, 0x7F, 0xD0, 0x00, 0x3F, 0xE0, 0x00, 0x3F,
    0xE0, 0x01, 0xFF, 0x40, 0x00, 0xFF, 0x80, 0x00, 0xFF, 0x80, 0x07, 0xFD, 0x00, 0x03, 0xFE, 0x00,
    0x03, 0xFE, 0x00, 0x1F, 0xF4, 0x00, 0x0F, 0xF8, 0x00, 0x0F, 0xF8, 0x00, 0x7F, 0xD0, 0x00, 0x3F,
    0xE0, 0x00, 0x3F, 0xE0, 0x01, 0xFF, 0x40, 0x00, 0xFF, 0x80, 0x00, 0xFF, 0x80, 0x07, 0xFD, 0x00,
    0x03, 0xFE, 0x00, 0x03, 0xFE, 0x00, 0x1F, 0xF4, 0x00, 0x0F, 0xF8, 0x00, 0x0F, 0xF8, 0x01, 0xBF,
    0xF9, 0x00, 0xBF, 0xF9, 0x00, 0xBF, 0xF9, 0x3F, 0xFF, 0xFC, 0x2F, 0xFF, 0xFC, 0x2F, 0xFF, 0xFD,
    0xFF, 0xFF, 0xF0, 0xFF, 0xFF, 0xF0, 0xBF, 0xFF, 0xF0, 0x00, 0x00, 0x00, 0x00, 0x00, 0x00, 0x00,
    0x00, 0x0F, 0xFF, 0xFF, 0x1F, 0xFF, 0xFD, 0x03, 0xFF, 0xFD, 0xFF, 0xFF, 0xF1, 0xFF, 0xFF, 0xD0,
    0x3F, 0xFF, 0xC1, 0xBF, 0xE0, 0x07, 0xFF, 0xE0, 0x00, 0x7F, 0xE0, 0x07, 0xFD, 0x00, 0x0F, 0xFC,
    0x00, 0x07, 0xFC, 0x00, 0x7F, 0xD0, 0x00, 0xFF, 0xD0, 0x00, 0xBF, 0x80, 0x07, 0xFD, 0x00, 0x07,
    0xFF, 0x00, 0x0F, 0xF0, 0x00, 0x7F, 0xD0, 0x00, 0x3F, 0xF0, 0x01, 0xFE, 0x00, 0x07, 0xFD, 0x00,
    0x02, 0xFF, 0x40, 0x2F, 0xD0, 0x00, 0x7F, 0xD0, 0x00, 0x0F, 0xF8, 0x03, 0xFC, 0x00, 0x07, 0xFD,
    0x00, 0x00, 0xFF, 0xC0, 0x7F, 0x80, 0x00, 0x7F, 0xD0, 0x00, 0x07, 0xFD, 0x0B, 0xF0, 0x00, 0x07,
    0xFD, 0x00, 0x00, 0x3F, 0xE0, 0xFE, 0x00, 0x00, 0x7F, 0xD0, 0x00, 0x02, 0xFF, 0x1F, 0xD0, 0x00,
    0x07, 0xFD, 0x00, 0x00, 0x0F, 0xF6, 0xFC, 0x00, 0x00, 0x7F, 0xD0, 0x00, 0x00, 0xFF, 0xBF, 0x40,
    0x00, 0x07, 0xFD, 0x00, 0x00, 0x07, 0xFF, 0xF0, 0x00, 0x00, 0x7F, 0xD0, 0x00, 0x00, 0x3F, 0xFE,
    0x00, 0x00, 0x1B, 0xFF, 0x90, 0x00, 0x02, 0xFF, 0xD0, 0x00, 0x0F, 0xFF, 0xFF, 0x00, 0x00, 0x0F,
    0xFC, 0x00, 0x00, 0xFF, 0xFF, 0xF0, 0x00, 0x00, 0xFF, 0x40, 0x00, 0x00, 0x00, 0x00, 0x00, 0x00,
    0x00, 0x00, 0x00, 0x00, 0x00, 0x00, 0x00, 0x00, 0x00, 0x01, 0xFF, 0xFF, 0xD0, 0x7F, 0xFF, 0xC7,
    0xFF, 0xFF, 0x01, 0xFF, 0xFF, 0x07, 0xFF, 0xD0, 0x00, 0x7F, 0xE0, 0x07, 0xFF, 0x00, 0x01, 0xFF,
    0x00, 0x0F, 0xFD, 0x00, 0x0B, 0xF4, 0x00, 0x2F, 0xF8, 0x00, 0x3F, 0xC0, 0x00, 0x3F, 0xF0, 0x01,
    0xFE, 0x00, 0x00, 0xBF, 0xD0, 0x0F, 0xF0, 0x00, 0x01, 0xFF, 0x80, 0x3F, 0xC0, 0x00, 0x03, 0xFF,
    0x01, 0xFD, 0x00, 0x00, 0x0B, 0xFD, 0x0F, 0xF0, 0x00, 0x00, 0x0F, 0xF8, 0x3F, 0x80, 0x00, 0x00,
    0x2F, 0xF1, 0xFC, 0x00, 0x00, 0x00, 0x7F, 0xCF, 0xF0, 0x00, 0x00, 0x00, 0xFF, 0xBF, 0x40, 0x00,
    0x00, 0x02, 0xFF, 0xFC, 0x00, 0x00, 0x00, 0x03, 0xFF, 0xE0, 0x00, 0x00, 0x00, 0x0B, 0xFF, 0x00,
    0x00, 0x00, 0x00, 0x1F, 0xF8, 0x00, 0x00, 0x00, 0x00, 0x3F, 0xD0, 0x00, 0x00, 0x00, 0x00, 0x00,
    0x00, 0x00, 0x00, 0x00, 0x00, 0x00, 0x00, 0x00, 0x00, 0x00, 0x00, 0x1F, 0xFF, 0xFD, 0x07, 0xFF,
    0xFC, 0xFF, 0xFF, 0xF7, 0xFF, 0xFF, 0x01, 0xFF, 0xFF, 0x3F, 0xFF, 0xF8, 0x7F, 0xFD, 0x00, 0x07,
    0xFE, 0x01, 0xFF, 0xE0, 0x07, 0xFF, 0x00, 0x01, 0xFF, 0x00, 0x1F, 0xF4, 0x00, 0xFF, 0xD0, 0x00,
    0xBF, 0x40, 0x07, 0xFD, 0x00, 0x2F, 0xF8, 0x00, 0x3F, 0xC0, 0x01, 0xFF, 0x40, 0x03, 0xFF, 0x00,
    0x1F, 0xE0, 0x00, 0x7F, 0xD0, 0x00, 0xBF, 0xD0, 0x0F, 0xF0, 0x00, 0x1F, 0xF4, 0x00, 0x1F, 0xF8,
    0x03, 0xFC, 0x00, 0x07, 0xFD, 0x00, 0x03, 0xFF, 0x01, 0xFD, 0x00, 0x01, 0xFF, 0x40, 0x00, 0xBF,
    0xD0, 0xFF, 0x00, 0x00, 0x7F, 0xD0, 0x00, 0x0F, 0xF8, 0x3F, 0x80, 0x00, 0x1F, 0xF4, 0x00, 0x02,
    0xFF, 0x1F, 0xC0, 0x00, 0x07, 0xFD, 0x00, 0x00, 0x7F, 0xCF, 0xF0, 0x00, 0x01, 0xFF, 0x40, 0x00,
    0x0F, 0xFB, 0xF4, 0x00, 0x00, 0x7F, 0xD0, 0x00, 0x02, 0xFF, 0xFC, 0x00, 0x00, 0x1F, 0xF4, 0x00,
    0x00, 0x3F, 0xFE, 0x00, 0x00, 0x07, 0xFD, 0x00, 0x00, 0x0B, 0xFF, 0x00, 0x00, 0x07, 0xFF, 0xE4,
    0x00, 0x01, 0xFF, 0x80, 0x00, 0x0F, 0xFF, 0xFF, 0x00, 0x00, 0x3F, 0xD0, 0x00, 0x03, 0xFF, 0xFF,
    0xC0, 0x00, 0x00, 0x00, 0x00, 0x00, 0x00, 0x00, 0x00, 0x00, 0x00, 0x00, 0x00, 0x00, 0x00, 0x00,
    0x00, 0x00, 0x00, 0x00, 0x07, 0xFF, 0xFF, 0x41, 0xFF, 0xFF, 0x3F, 0xFF, 0xFC, 0x3F, 0xFF, 0xFC,
    0x7F, 0xFF, 0xF0, 0x1F, 0xFF, 0xF3, 0xFF, 0xFF, 0x83, 0xFF, 0xFF, 0xC1, 0xFF, 0xF4, 0x00, 0x1F,
    0xF8, 0x07, 0xFF, 0x80, 0x06, 0xFF, 0x80, 0x07, 0xFF, 0x00, 0x01, 0xFF, 0x00, 0x1F, 0xF4, 0x00,
    0x1F, 0xF4, 0x00, 0x3F, 0xF4, 0x00, 0x2F, 0xD0, 0x01, 0xFF, 0x40, 0x01, 0xFF, 0x40, 0x02, 0xFF,
    0x80, 0x03, 0xFC, 0x00, 0x1F, 0xF4, 0x00, 0x1F, 0xF4, 0x00, 0x0F, 0xFC, 0x00, 0x7F, 0x80, 0x01,
    0xFF, 0x40, 0x01, 0xFF, 0x40, 0x00, 0xBF, 0xD0, 0x0F, 0xF0, 0x00, 0x1F, 0xF4, 0x00, 0x1F, 0xF4,
    0x00, 0x07, 0xFE, 0x00, 0xFF, 0x00, 0x01, 0xFF, 0x40, 0x01, 0xFF, 0x40, 0x00, 0x3F, 0xF0, 0x1F,
    0xD0, 0x00, 0x1F, 0xF4, 0x00, 0x1F, 0xF4, 0x00, 0x02, 0xFF, 0x43, 0xFC, 0x00, 0x01, 0xFF, 0x40,
    0x01, 0xFF, 0x40, 0x00, 0x0F, 0xF8, 0x3F, 0x80, 0x00, 0x1F, 0xF4, 0x00, 0x1F, 0xF4, 0x00, 0x00,
    0xBF, 0xC7, 0xF0, 0x00, 0x01, 0xFF, 0x40, 0x01, 0xFF, 0x40, 0x00, 0x07, 0xFC, 0xFF, 0x00, 0x00,
    0x1F, 0xF4, 0x00, 0x1F, 0xF4, 0x00, 0x00, 0x3F, 0xEF, 0xD0, 0x00, 0x01, 0xFF, 0x40, 0x01, 0xFF,
    0x40, 0x00, 0x02, 0xFF, 0xFC, 0x00, 0x00, 0x1F, 0xF4, 0x00, 0x1F, 0xF4, 0x00, 0x00, 0x0F, 0xFF,
    0x80, 0x00, 0x01, 0xFF, 0x40, 0x01, 0xFF, 0x40, 0x00, 0x00, 0xBF, 0xF0, 0x00, 0x00, 0x7F, 0xFE,
    0x40, 0x6F, 0xFE, 0x40, 0x00, 0x07, 0xFE, 0x00, 0x00, 0x3F, 0xFF, 0xFC, 0x2F, 0xFF, 0xFC, 0x00,
    0x00, 0x3F, 0xD0, 0x00, 0x03, 0xFF, 0xFF, 0xC3, 0xFF, 0xFF, 0xC0, 0x00, 0x00, 0x00, 0x00, 0x00,
    0x00, 0x00, 0x00, 0x00, 0x00, 0x00, 0x00, 0x00, 0x00, 0x00, 0x00, 0x00, 0x00, 0x00, 0x00, 0x00,
    0x00, 0x00, 0x00, 0x00, 0x07, 0xFF, 0xFF, 0x41, 0xFF, 0xFF, 0x3F, 0xFF, 0xFC, 0x3F, 0xFF, 0xFC,
    0x2F, 0xFF, 0xFC, 0x7F, 0xFF, 0xF0, 0x1F, 0xFF, 0xF3, 0xFF, 0xFF, 0x83, 0xFF, 0xFF, 0xC3, 0xFF,
    0xFF, 0xC1, 0xFF, 0xF4, 0x00, 0x1F, 0xF8, 0x07, 0xFF, 0x80, 0x06, 0xFF, 0x80, 0x06, 0xFF, 0xD0,
    0x07, 0xFF, 0x00, 0x01, 0xFF, 0x00, 0x1F, 0xF4, 0x00, 0x1F, 0xF4, 0x00, 0x0F, 0xF8, 0x00, 0x3F,
    0xF4, 0x00, 0x2F, 0xD0, 0x01, 0xFF, 0x40, 0x01, 0xFF, 0x40, 0x00, 0xFF, 0x80, 0x02, 0xFF, 0x80,
    0x03, 0xFC, 0x00, 0x1F, 0xF4, 0x00, 0x1F, 0xF4, 0x00, 0x0F, 0xF8, 0x00, 0x0F, 0xFC, 0x00, 0x7F,
    0x80, 0x01, 0xFF, 0x40, 0x01, 0xFF, 0x40, 0x00, 0xFF, 0x80, 0x00, 0xBF, 0xD0, 0x0F, 0xF0, 0x00,
    0x1F, 0xF4, 0x00, 0x1F, 0xF4, 0x00, 0x0F, 0xF8, 0x00, 0x07, 0xFE, 0x00, 0xFF, 0x00, 0x01, 0xFF,
    0x40, 0x01, 0xFF, 0x40, 0x00, 0xFF, 0x80, 0x00, 0x3F, 0xF0, 0x1F, 0xD0, 0x00, 0x1F, 0xF4, 0x00,
    0x1F, 0xF4, 0x00, 0x0F, 0xF8, 0x00, 0x02, 0xFF, 0x43, 0xFC, 0x00, 0x01, 0xFF, 0x40, 0x01, 0xFF,
    0x40, 0x00, 0xFF, 0x80, 0x00, 0x0F, 0xF8, 0x3F, 0x80, 0x00, 0x1F, 0xF4, 0x00, 0x1F, 0xF4, 0x00,
    0x0F, 0xF8, 0x00, 0x00, 0xBF, 0xC7, 0xF0, 0x00, 0x01, 0xFF, 0x40, 0x01, 0xFF, 0x40, 0x00, 0xFF,
    0x80, 0x00, 0x07, 0xFC, 0xFF, 0x00, 0x00, 0x1F, 0xF4, 0x00, 0x1F, 0xF4, 0x00, 0x0F, 0xF8, 0x00,
    0x00, 0x3F, 0xEF, 0xD0, 0x00, 0x01, 0xFF, 0x40, 0x01, 0xFF, 0x40, 0x00, 0xFF, 0x80, 0x00, 0x02,
    0xFF, 0xFC, 0x00, 0x00, 0x1F, 0xF4, 0x00, 0x1F, 0xF4, 0x00, 0x0F, 0xF8, 0x00, 0x00, 0x0F, 0xFF,
    0x80, 0x00, 0x01, 0xFF, 0x40, 0x01, 0xFF, 0x40, 0x00, 0xFF, 0x80, 0x00, 0x00, 0xBF, 0xF0, 0x00,
    0x00, 0x7F, 0xFE, 0x40, 0x6F, 0xFE, 0x40, 0x2F, 0xFE, 0x40, 0x00, 0x07, 0xFE, 0x00, 0x00, 0x3F,
    0xFF, 0xFC, 0x2F, 0xFF, 0xFC, 0x2F, 0xFF, 0xFC, 0x00, 0x00, 0x3F, 0xD0, 0x00, 0x03, 0xFF, 0xFF,
    0xC3, 0xFF, 0xFF, 0xC3, 0xFF, 0xFF, 0xC0, 0x00, 0x00, 0x00, 0x00, 0x00, 0x00, 0x00, 0x00, 0x00,
    0x00, 0x00, 0x00, 0x00, 0x00, 0x00, 0x00, 0x00, 0x00, 0x00, 0x00, 0x00, 0x00, 0x0F, 0xFF, 0xFF,
    0x0B, 0xFF, 0xFF, 0x0B, 0xFF, 0xF4, 0xFF, 0xFF, 0xF0, 0xBF, 0xFF, 0xF0, 0xBF, 0xFF, 0x01, 0xBF,
    0xE0, 0x01, 0xFF, 0xF0, 0x01, 0xFF, 0x80, 0x07, 0xFD, 0x00, 0x03, 0xFF, 0x40, 0x3F, 0xD0, 0x00,
    0x7F, 0xD0, 0x00, 0x0F, 0xFC, 0x0B, 0xF8, 0x00, 0x07, 0xFD, 0x00, 0x00, 0x7F, 0xF0, 0xFE, 0x00,
    0x00, 0x7F, 0xD0, 0x00, 0x02, 0xFF, 0x7F, 0xC0, 0x00, 0x07, 0xFD, 0x00, 0x00, 0x0F, 0xFF, 0xF0,
    0x00, 0x00, 0x7F, 0xD0, 0x00, 0x00, 0x3F, 0xFD, 0x00, 0x00, 0x07, 0xFD, 0x00, 0x00, 0x01, 0xFF,
    0xC0, 0x00, 0x00, 0x7F, 0xD0, 0x00, 0x00, 0x2F, 0xFE, 0x00, 0x00, 0x07, 0xFD, 0x00, 0x00, 0x0B,
    0xFF, 0xF4, 0x00, 0x00, 0x7F, 0xD0, 0x00, 0x01, 0xFE, 0xFF, 0xC0, 0x00, 0x07, 0xFD, 0x00, 0x00,
    0x3F, 0xC3, 0xFF, 0x00, 0x00, 0x7F, 0xD0, 0x00, 0x0F, 0xF0, 0x2F, 0xF8, 0x00, 0x07, 0xFD, 0x00,
    0x02, 0xFE, 0x00, 0xFF, 0xD0, 0x00, 0x7F, 0xD0, 0x00, 0x7F, 0xC0, 0x07, 0xFF, 0x00, 0x1B, 0xFF,
    0x90, 0x2F, 0xF9, 0x00, 0x7F, 0xFE, 0x4F, 0xFF, 0xFF, 0x1F, 0xFF, 0xF8, 0x2F, 0xFF, 0xFC, 0xFF,
    0xFF, 0xF2, 0xFF, 0xFF, 0x43, 0xFF, 0xFF, 0xC0, 0x00, 0x00, 0x00, 0x00, 0x00, 0x02, 0xFF, 0xFF,
    0xC3, 0xFF, 0xFD, 0x3F, 0xFF, 0xF8, 0x3F, 0xFF, 0xC0, 0x7F, 0xFC, 0x00, 0x7F, 0xD0, 0x00, 0xFF,
    0xD0, 0x0F, 0xF4, 0x00, 0x07, 0xFF, 0x02, 0xFD, 0x00, 0x00, 0x2F, 0xF8, 0x7F, 0x80, 0x00, 0x00,
    0xBF, 0xDF, 0xF0, 0x00, 0x00, 0x03, 0xFF, 0xFC, 0x00, 0x00, 0x00, 0x0F, 0xFF, 0x00, 0x00, 0x00,
    0x00, 0xBF, 0xF0, 0x00, 0x00, 0x00, 0x0F, 0xFF, 0x40, 0x00, 0x00, 0x02, 0xFF, 0xFD, 0x00, 0x00,
    0x00, 0x7F, 0xBF, 0xF0, 0x00, 0x00, 0x0F, 0xE1, 0xFF, 0x80, 0x00, 0x03, 0xFC, 0x0B, 0xFE, 0x00,
    0x00, 0xFF, 0x40, 0x3F, 0xF4, 0x00, 0x2F, 0xE0, 0x01, 0xFF, 0xC0, 0x0B, 0xFE, 0x40, 0x1F, 0xFF,
    0x87, 0xFF, 0xFE, 0x0F, 0xFF, 0xFF, 0xBF, 0xFF, 0xD0, 0xFF, 0xFF, 0xF0, 0x00, 0x00, 0x00, 0x00,
    0x00, 0x00, 0x00, 0x00, 0x0B, 0xFF, 0xFF, 0x0F, 0xFF, 0xF5, 0xFF, 0xFF, 0xD3, 0xFF, 0xFF, 0x83,
    0xFF, 0xFC, 0xBF, 0xFF, 0xF4, 0x1F, 0xFF, 0x00, 0x1F, 0xF4, 0x06, 0xFF, 0xD0, 0x00, 0xFF, 0xD0,
    0x0F, 0xF4, 0x00, 0x3F, 0xF0, 0x00, 0x1F, 0xFC, 0x0B, 0xF4, 0x00, 0x0F, 0xFC, 0x00, 0x02, 0xFF,
    0x87, 0xF8, 0x00, 0x03, 0xFF, 0x00, 0x00, 0x2F, 0xF7, 0xFC, 0x00, 0x00, 0xFF, 0xC0, 0x00, 0x03,
    0xFF, 0xFC, 0x00, 0x00, 0x3F, 0xF0, 0x00, 0x00, 0x3F, 0xFC, 0x00, 0x00, 0x0F, 0xFC, 0x00, 0x00,
    0x0B, 0xFF, 0x00, 0x00, 0x03, 0xFF, 0x00, 0x00, 0x03, 0xFF, 0xD0, 0x00, 0x00, 0xFF, 0xC0, 0x00,
    0x02, 0xFF, 0xFD, 0x00, 0x00, 0x3F, 0xF0, 0x00, 0x01, 0xFE, 0xFF, 0xC0, 0x00, 0x0F, 0xFC, 0x00,
    0x00, 0xFE, 0x1F, 0xF8, 0x00, 0x03, 0xFF, 0x00, 0x00, 0xFF, 0x02, 0xFF, 0x80, 0x00, 0xFF, 0xC0,
    0x00, 0xFF, 0x40, 0x3F, 0xF4, 0x00, 0x3F, 0xF0, 0x00, 0xBF, 0x80, 0x07, 0xFF, 0x00, 0x0F, 0xFC,
    0x00, 0xBF, 0xE4, 0x01, 0xFF, 0xF8, 0x0B, 0xFF, 0x91, 0xFF, 0xFF, 0x83, 0xFF, 0xFF, 0xDF, 0xFF,
    0xFD, 0xBF, 0xFF, 0xD0, 0xFF, 0xFF, 0xFB, 0xFF, 0xFF, 0x40, 0x00, 0x00, 0x00, 0x00, 0x00, 0x00,
    0x00, 0x00, 0x00, 0x00, 0x00, 0x0B, 0xFF, 0xFF, 0x0F, 0xFF, 0xF5, 0xFF, 0xFF, 0xD1, 0xFF, 0xFF,
    0xE3, 0xFF, 0xFF, 0x83, 0xFF, 0xFC, 0xBF, 0xFF, 0xF4, 0x7F, 0xFF, 0xF4, 0x1F, 0xFF, 0x00, 0x1F,
    0xF4, 0x06, 0xFF, 0xD0, 0x06, 0xFF, 0xD0, 0x00, 0xFF, 0xD0, 0x0F, 0xF4, 0x00, 0x3F, 0xF0, 0x00,
    0x2F, 0xF0, 0x00, 0x1F, 0xFC, 0x0B, 0xF4, 0x00, 0x0F, 0xFC, 0x00, 0x0B, 0xFC, 0x00, 0x02, 0xFF,
    0x87, 0xF8, 0x00, 0x03, 0xFF, 0x00, 0x02, 0xFF, 0x00, 0x00, 0x2F, 0xF7, 0xFC, 0x00, 0x00, 0xFF,
    0xC0, 0x00, 0xBF, 0xC0, 0x00, 0x03, 0xFF, 0xFC, 0x00, 0x00, 0x3F, 0xF0, 0x00, 0x2F, 0xF0, 0x00,
    0x00, 0x3F, 0xFC, 0x00, 0x00, 0x0F, 0xFC, 0x00, 0x0B, 0xFC, 0x00, 0x00, 0x0B, 0xFF, 0x00, 0x00,
    0x03, 0xFF, 0x00, 0x02, 0xFF, 0x00, 0x00, 0x03, 0xFF, 0xD0, 0x00, 0x00, 0xFF, 0xC0, 0x00, 0xBF,
    0xC0, 0x00, 0x02, 0xFF, 0xFD, 0x00, 0x00, 0x3F, 0xF0, 0x00, 0x2F, 0xF0, 0x00, 0x01, 0xFE, 0xFF,
    0xC0, 0x00, 0x0F, 0xFC, 0x00, 0x0B, 0xFC, 0x00, 0x00, 0xFE, 0x1F, 0xF8, 0x00, 0x03, 0xFF, 0x00,
    0x02, 0xFF, 0x00, 0x00, 0xFF, 0x02, 0xFF, 0x80, 0x00, 0xFF, 0xC0, 0x00, 0xBF, 0xC0, 0x00, 0xFF,
    0x40, 0x3F, 0xF4, 0x00, 0x3F, 0xF0, 0x00, 0x2F, 0xF0, 0x00, 0xBF, 0x80, 0x07, 0xFF, 0x00, 0x0F,
    0xFC, 0x00, 0x0B, 0xFC, 0x00, 0xBF, 0xE4, 0x01, 0xFF, 0xF8, 0x0B, 0xFF, 0x90, 0x07, 0xFF, 0x91,
    0xFF, 0xFF, 0x83, 0xFF, 0xFF, 0xDF, 0xFF, 0xFD, 0x0F, 0xFF, 0xFE, 0xBF, 0xFF, 0xD0, 0xFF, 0xFF,
    0xFB, 0xFF, 0xFF, 0x47, 0xFF, 0xFF, 0x80, 0x00, 0x00, 0x00, 0x00, 0x3F, 0xFF, 0xFC, 0x00, 0x0F,
    0xFF, 0xFE, 0x00, 0x00, 0x6F, 0xF8, 0x00, 0x00, 0x07, 0xFD, 0x00, 0x00, 0x01, 0xFF, 0x40, 0x00,
    0x00, 0x7F, 0xD0, 0x00, 0x00, 0x1F, 0xF4, 0x00, 0x00, 0x07, 0xFD, 0x00, 0x00, 0x01, 0xFF, 0x40,
    0x00, 0x00, 0x7F, 0xD0, 0x00, 0x00, 0x1F, 0xF4, 0x00, 0x00, 0x07, 0xFD, 0x00, 0x00, 0x01, 0xFF,
    0x40, 0x00, 0x00, 0x7F, 0xD0, 0x00, 0xB0, 0x1F, 0xF4, 0x00, 0x3E, 0x07, 0xFD, 0x00, 0x2F, 0x81,
    0xFF, 0x40, 0x0F, 0xE1, 0xBF, 0xFF, 0xFF, 0xF7, 0xFF, 0xFF, 0xFF, 0xFD, 0xFF, 0xFF, 0xFF, 0xFF,
    0x00, 0x00, 0x00, 0x6A, 0x90, 0x00, 0x07, 0xFF, 0xFF, 0xC0, 0x0F, 0xFF, 0xFF, 0xF4, 0x0F, 0xFF,
    0xAB, 0xFD, 0x0B, 0xFD, 0x00, 0x3F, 0x47, 0xFD, 0x00, 0x0F, 0xD3, 0xFF, 0x00, 0x02, 0xF0, 0xFF,
    0x40, 0x00, 0x10, 0x7F, 0xC0, 0x00, 0x00, 0x2F, 0xF0, 0x00, 0x00, 0x0B, 0xFC, 0x00, 0x00, 0x03,
    0xFF, 0x00, 0x00, 0x00, 0xFF, 0xC0, 0x00, 0x00, 0x2F, 0xF4, 0x00, 0x00, 0x0B, 0xFE, 0x00, 0x00,
    0x01, 0xFF, 0xD0, 0x00, 0x00, 0x3F, 0xFD, 0x00, 0x00, 0x07, 0xFF, 0xF9, 0x5A, 0xF0, 0xBF, 0xFF,
    0xFF, 0xFC, 0x0B, 0xFF, 0xFF, 0xFD, 0x00, 0x2F, 0xFF, 0xFD, 0x00, 0x00, 0x15, 0x50, 0x00, 0x00,
    0x55, 0x55, 0x00, 0x00, 0x3F, 0xFF, 0xFF, 0xFE, 0x00, 0x0F, 0xFF, 0xFF, 0xFF, 0xF8, 0x00, 0x6F,
    0xF9, 0xAF, 0xFF, 0xC0, 0x07, 0xFD, 0x00, 0xBF, 0xF8, 0x01, 0xFF, 0x40, 0x07, 0xFF, 0x40, 0x7F,
    0xD0, 0x00, 0xBF, 0xE0, 0x1F, 0xF4, 0x00, 0x0F, 0xFC, 0x07, 0xFD, 0x00, 0x03, 0xFF, 0x01, 0xFF,
    0x40, 0x00, 0xBF, 0xD0, 0x7F, 0xD0, 0x00, 0x2F, 0xF4, 0x1F, 0xF4, 0x00, 0x0B, 0xFC, 0x07, 0xFD,
    0x00, 0x02, 0xFF, 0x01, 0xFF, 0x40, 0x00, 0xFF, 0xC0, 0x7F, 0xD0, 0x00, 0x3F, 0xE0, 0x1F, 0xF4,
    0x00, 0x2F, 0xF0, 0x07, 0xFD, 0x00, 0x1F, 0xF8, 0x01, 0xFF, 0x40, 0x6F, 0xF8, 0x01, 0xBF, 0xFF,
    0xFF, 0xF8, 0x03, 0xFF, 0xFF, 0xFF, 0xF4, 0x00, 0xFF, 0xFF, 0xFF, 0x80, 0x00, 0x00, 0x00, 0x00,
    0x00, 0x00, 0x00, 0x00, 0x00, 0x00, 0x00, 0x00, 0x00, 0x00, 0x1F, 0xFF, 0xE0, 0x00, 0xBF, 0xFF,
    0x40, 0x7F, 0xFF, 0xC0, 0x03, 0xFF, 0xFD, 0x00, 0x2F, 0xFF, 0x00, 0x0F, 0xFF, 0x80, 0x00, 0x7F,
    0xFD, 0x00, 0xBF, 0xFD, 0x00, 0x02, 0xFF, 0xF8, 0x03, 0xFF, 0xF4, 0x00, 0x0B, 0xEF, 0xF0, 0x0F,
    0xEF, 0xE0, 0x00, 0x3F, 0x7F, 0xD0, 0x7E, 0xBF, 0x80, 0x00, 0xFD, 0x7F, 0x82, 0xF1, 0xFE, 0x00,
    0x03, 0xF0, 0xFF, 0x0F, 0xC7, 0xFC, 0x00, 0x0F, 0xC3, 0xFC, 0x7E, 0x1F, 0xF0, 0x00, 0x3F, 0x0B,
    0xF6, 0xF4, 0x3F, 0xC0, 0x01, 0xFC, 0x0F, 0xEF, 0xC0, 0xFF, 0x00, 0x07, 0xF0, 0x3F, 0xFE, 0x03,
    0xFC, 0x00, 0x2F, 0xC0, 0xBF, 0xF4, 0x0F, 0xF4, 0x00, 0xBF, 0x00, 0xFF, 0xC0, 0x3F, 0xD0, 0x03,
    0xF8, 0x03, 0xFE, 0x00, 0xFF, 0x40, 0x0F, 0xE0, 0x07, 0xF4, 0x03, 0xFE, 0x00, 0x7F, 0xD0, 0x0F,
    0xC0, 0x1F, 0xFE, 0x0F, 0xFF, 0xF0, 0x10, 0x03, 0xFF, 0xFF, 0x7F, 0xFF, 0xC0, 0x00, 0x0F, 0xFF,
    0xFC, 0x00, 0x50, 0x00, 0x3F, 0xE0, 0x07, 0xFF, 0x00, 0x7F, 0xF0, 0x02, 0xFD, 0x00, 0x00, 0x00,
    0x00, 0x00, 0x00, 0x01, 0x40, 0x2F, 0xFE, 0x07, 0xFF, 0xE0, 0x1B, 0xFE, 0x00, 0x3F, 0xE0, 0x03,
    0xFE, 0x00, 0x3F, 0xE0, 0x03, 0xFE, 0x00, 0x3F, 0xE0, 0x03, 0xFE, 0x00, 0x3F, 0xE0, 0x03, 0xFE,
    0x00, 0x3F, 0xE0, 0x07, 0xFF, 0x43, 0xFF, 0xFE, 0x3F, 0xFF, 0xE0, 0x00, 0x50, 0x00, 0x01, 0x40,
    0x00, 0xFF, 0x80, 0x0B, 0xFC, 0x00, 0x7F, 0xF0, 0x03, 0xFF, 0x00, 0x1F, 0xFC, 0x00, 0xFF, 0xC0,
    0x02, 0xFD, 0x00, 0x1F, 0xD0, 0x00, 0x00, 0x00, 0x00, 0x00, 0x00, 0x00, 0x00, 0x00, 0x00, 0x00,
    0x00, 0x50, 0x00, 0x05, 0x40, 0x2F, 0xFE, 0x02, 0xFF, 0xF0, 0x1F, 0xFF, 0x80, 0xFF, 0xFC, 0x01,
    0xBF, 0xE0, 0x1B, 0xFF, 0x00, 0x0F, 0xF8, 0x00, 0xBF, 0xC0, 0x03, 0xFE, 0x00, 0x2F, 0xF0, 0x00,
    0xFF, 0x80, 0x0B, 0xFC, 0x00, 0x3F, 0xE0, 0x02, 0xFF, 0x00, 0x0F, 0xF8, 0x00, 0xBF, 0xC0, 0x03,
    0xFE, 0x00, 0x2F, 0xF0, 0x00, 0xFF, 0x80, 0x0B, 0xFC, 0x00, 0x3F, 0xE0, 0x02, 0xFF, 0x00, 0x0F,
    0xF8, 0x00, 0xBF, 0xC0, 0x07, 0xFF, 0x40, 0x3F, 0xF4, 0x0F, 0xFF, 0xF8, 0xBF, 0xFF, 0xC3, 0xFF,
    0xFE, 0x3F, 0xFF, 0xF0, 0x00, 0x50, 0x00, 0x01, 0x40, 0x00, 0x14, 0x00, 0x0F, 0xF8, 0x00, 0xBF,
    0xC0, 0x07, 0xFC, 0x00, 0x7F, 0xF0, 0x03, 0xFF, 0x00, 0x2F, 0xF4, 0x01, 0xFF, 0xC0, 0x0F, 0xFC,
    0x00, 0xBF, 0xD0, 0x02, 0xFD, 0x00, 0x1F, 0xD0, 0x01, 0xFE, 0x00, 0x00, 0x00, 0x00, 0x00, 0x00,
    0x00, 0x00, 0x00, 0x00, 0x00, 0x00, 0x00, 0x00, 0x00, 0x00, 0x00, 0x05, 0x00, 0x00, 0x54, 0x00,
    0x05, 0x40, 0x2F, 0xFE, 0x02, 0xFF, 0xF0, 0x1F, 0xFF, 0x01, 0xFF, 0xF8, 0x0F, 0xFF, 0xC0, 0xFF,
    0xFC, 0x01, 0xBF, 0xE0, 0x1B, 0xFF, 0x00, 0xBF, 0xF0, 0x00, 0xFF, 0x80, 0x0B, 0xFC, 0x00, 0x7F,
    0xC0, 0x03, 0xFE, 0x00, 0x2F, 0xF0, 0x01, 0xFF, 0x00, 0x0F, 0xF8, 0x00, 0xBF, 0xC0, 0x07, 0xFC,
    0x00, 0x3F, 0xE0, 0x02, 0xFF, 0x00, 0x1F, 0xF0, 0x00, 0xFF, 0x80, 0x0B, 0xFC, 0x00, 0x7F, 0xC0,
    0x03, 0xFE, 0x00, 0x2F, 0xF0, 0x01, 0xFF, 0x00, 0x0F, 0xF8, 0x00, 0xBF, 0xC0, 0x07, 0xFC, 0x00,
    0x3F, 0xE0, 0x02, 0xFF, 0x00, 0x1F, 0xF0, 0x00, 0xFF, 0x80, 0x0B, 0xFC, 0x00, 0x7F, 0xC0, 0x07,
    0xFF, 0x40, 0x3F, 0xF4, 0x02, 0xFF, 0x80, 0xFF, 0xFF, 0x8B, 0xFF, 0xFC, 0x7F, 0xFF, 0xD3, 0xFF,
    0xFE, 0x3F, 0xFF, 0xF2, 0xFF, 0xFF, 0x40, 0x00, 0x50, 0x00, 0x00, 0x00, 0x00, 0x00, 0x00, 0xFF,
    0x80, 0x00, 0x00, 0x00, 0x00, 0x00, 0x7F, 0xF0, 0x00, 0x00, 0x00, 0x00, 0x00, 0x1F, 0xFC, 0x00,
    0x00, 0x00, 0x00, 0x00, 0x02, 0xFD, 0x00, 0x00, 0x00, 0x00, 0x00, 0x00, 0x00, 0x00, 0x00, 0x00,
    0x00, 0x00, 0x00, 0x00, 0x00, 0x00, 0x00, 0x00, 0x00, 0x00, 0x00, 0x50, 0x00, 0x00, 0x00, 0x00,
    0x00, 0x2F, 0xFE, 0x07, 0xFF, 0xFD, 0x0F, 0xFF, 0x9F, 0xFF, 0x80, 0xFF, 0xFF, 0x03, 0xFF, 0xD1,
    0xBF, 0xE0, 0x0F, 0xFE, 0x00, 0x3F, 0xC0, 0x0F, 0xF8, 0x00, 0xFF, 0x80, 0x0F, 0xE0, 0x03, 0xFE,
    0x00, 0x3F, 0xF0, 0x07, 0xF0, 0x00, 0xFF, 0x80, 0x07, 0xFD, 0x03, 0xFC, 0x00, 0x3F, 0xE0, 0x00,
    0xFF, 0x80, 0xFD, 0x00, 0x0F, 0xF8, 0x00, 0x2F, 0xF0, 0xBF, 0x00, 0x03, 0xFE, 0x00, 0x03, 0xFC,
    0x3F, 0x40, 0x00, 0xFF, 0x80, 0x00, 0xBF, 0x9F, 0xC0, 0x00, 0x3F, 0xE0, 0x00, 0x0F, 0xFB, 0xE0,
    0x00, 0x0F, 0xF8, 0x00, 0x03, 0xFF, 0xF0, 0x00, 0x07, 0xFF, 0x40, 0x00, 0x7F, 0xF8, 0x00, 0x0F,
    0xFF, 0xF8, 0x00, 0x0F, 0xFC, 0x00, 0x03, 0xFF, 0xFE, 0x00, 0x01, 0xFE, 0x00, 0x00, 0x00, 0x00,
    0x00, 0x00, 0x00, 0x00, 0x00, 0x00, 0x00, 0x00, 0x00, 0x01, 0xFF, 0xFF, 0x43, 0xFF, 0xE3, 0xFF,
    0xFC, 0x0F, 0xFF, 0x43, 0xFF, 0x80, 0x0F, 0xF0, 0x03, 0xFE, 0x00, 0x3F, 0x80, 0x0F, 0xFC, 0x01,
    0xFC, 0x00, 0x1F, 0xF4, 0x0F, 0xF0, 0x00, 0x3F, 0xE0, 0x3F, 0x40, 0x00, 0xBF, 0xC2, 0xFC, 0x00,
    0x00, 0xFF, 0x0F, 0xD0, 0x00, 0x02, 0xFE, 0x7F, 0x00, 0x00, 0x03, 0xFE, 0xF8, 0x00, 0x00, 0x0F,
    0xFF, 0xC0, 0x00, 0x00, 0x1F, 0xFE, 0x00, 0x00, 0x00, 0x3F, 0xF0, 0x00, 0x00, 0x00, 0x7F, 0x80,
    0x00, 0x00, 0x00, 0x00, 0x00, 0x00, 0x00, 0x00, 0x00, 0x00, 0x00, 0x05, 0x00, 0x00, 0x00, 0x00,
    0x00, 0x00, 0x3F, 0xD0, 0x00, 0x00, 0x00, 0x00, 0x00, 0x7F, 0xF0, 0x00, 0x00, 0x00, 0x00, 0x00,
    0x7F, 0xF0, 0x00, 0x00, 0x00, 0x00, 0x00, 0x3F, 0xC0, 0x00, 0x00, 0x00, 0x00, 0x00, 0x00, 0x00,
    0x00, 0x00, 0x00, 0x00, 0x00, 0x00, 0x00, 0x00, 0x00, 0x00, 0x00, 0x00, 0x01, 0x40, 0x7F, 0xFF,
    0xD0, 0xFF, 0xFE, 0xFF, 0xE0, 0x3F, 0xFF, 0xC0, 0xFF, 0xFF, 0xFF, 0xE0, 0x0F, 0xFE, 0x00, 0x3F,
    0xC1, 0xBF, 0xE0, 0x03, 0xFE, 0x00, 0x3F, 0x80, 0x3F, 0xE0, 0x03, 0xFF, 0x00, 0x7F, 0x00, 0x3F,
    0xE0, 0x01, 0xFF, 0x40, 0xFF, 0x00, 0x3F, 0xE0, 0x00, 0xFF, 0x80, 0xFD, 0x00, 0x3F, 0xE0, 0x00,
    0xBF, 0xC2, 0xFC, 0x00, 0x3F, 0xE0, 0x00, 0x3F, 0xC3, 0xF4, 0x00, 0x3F, 0xE0, 0x00, 0x2F, 0xE7,
    0xF0, 0x00, 0x3F, 0xE0, 0x00, 0x0F, 0xFB, 0xE0, 0x00, 0x3F, 0xE0, 0x00, 0x0F, 0xFF, 0xC0, 0x00,
    0x3F, 0xE0, 0x00, 0x07, 0xFF, 0x80, 0x00, 0x7F, 0xF4, 0x00, 0x03, 0xFF, 0x00, 0x03, 0xFF, 0xFE,
    0x00, 0x01, 0xFE, 0x00, 0x03, 0xFF, 0xFE, 0x00, 0x00, 0x00, 0x00, 0x00, 0x00, 0x00, 0x00, 0x00,
    0x00, 0x00, 0x00, 0x05, 0x00, 0x00, 0x14, 0x00, 0x00, 0x00, 0x00, 0x00, 0x00, 0xFF, 0x40, 0x0B,
    0xFC, 0x00, 0x00, 0x00, 0x00, 0x00, 0x07, 0xFF, 0x00, 0x3F, 0xF0, 0x00, 0x00, 0x00, 0x00, 0x00,
    0x1F, 0xFC, 0x00, 0xFF, 0xC0, 0x00, 0x00, 0x00, 0x00, 0x00, 0x3F, 0xC0, 0x02, 0xFD, 0x00, 0x00,
    0x00, 0x00, 0x00, 0x00, 0x00, 0x00, 0x00, 0x00, 0x00, 0x00, 0x00, 0x00, 0x00, 0x00, 0x00, 0x00,
    0x00, 0x00, 0x00, 0x00, 0x00, 0x00, 0x00, 0x00, 0x50, 0x00, 0x05, 0x40, 0x7F, 0xFF, 0xD0, 0xFF,
    0xFE, 0xFF, 0xE0, 0x2F, 0xFF, 0x00, 0xFF, 0xFF, 0x03, 0xFF, 0xFF, 0xFF, 0x80, 0xFF, 0xFC, 0x00,
    0xFF, 0xE0, 0x03, 0xFC, 0x1B, 0xFE, 0x01, 0xBF, 0xF0, 0x00, 0xFF, 0x80, 0x0F, 0xE0, 0x0F, 0xF8,
    0x00, 0xBF, 0xC0, 0x03, 0xFF, 0x00, 0x7F, 0x00, 0x3F, 0xE0, 0x02, 0xFF, 0x00, 0x07, 0xFD, 0x03,
    0xFC, 0x00, 0xFF, 0x80, 0x0B, 0xFC, 0x00, 0x0F, 0xF8, 0x0F, 0xD0, 0x03, 0xFE, 0x00, 0x2F, 0xF0,
    0x00, 0x2F, 0xF0, 0xBF, 0x00, 0x0F, 0xF8, 0x00, 0xBF, 0xC0, 0x00, 0x3F, 0xC3, 0xF4, 0x00, 0x3F,
    0xE0, 0x02, 0xFF, 0x00, 0x00, 0xBF, 0x9F, 0xC0, 0x00, 0xFF, 0x80, 0x0B, 0xFC, 0x00, 0x00, 0xFF,
    0xBE, 0x00, 0x03, 0xFE, 0x00, 0x2F, 0xF0, 0x00, 0x03, 0xFF, 0xF0, 0x00, 0x0F, 0xF8, 0x00, 0xBF,
    0xC0, 0x00, 0x07, 0xFF, 0x80, 0x00, 0x7F, 0xF4, 0x03, 0xFF, 0x40, 0x00, 0x0F, 0xFC, 0x00, 0x0F,
    0xFF, 0xF8, 0xBF, 0xFF, 0xC0, 0x00, 0x1F, 0xE0, 0x00, 0x3F, 0xFF, 0xE3, 0xFF, 0xFF, 0x00, 0x00,
    0x00, 0x00, 0x00, 0x00, 0x00, 0x00, 0x00, 0x00, 0x00, 0x00, 0x00, 0x00, 0x00, 0x05, 0x00, 0x00,
    0x14, 0x00, 0x01, 0x40, 0x00, 0x00, 0x00, 0x00, 0x00, 0x0F, 0xF4, 0x00, 0xBF, 0xC0, 0x07, 0xFC,
    0x00, 0x00, 0x00, 0x00, 0x00, 0x07, 0xFF, 0x00, 0x3F, 0xF0, 0x02, 0xFF, 0x40, 0x00, 0x00, 0x00,
    0x00, 0x01, 0xFF, 0xC0, 0x0F, 0xFC, 0x00, 0xBF, 0xD0, 0x00, 0x00, 0x00, 0x00, 0x00, 0x3F, 0xC0,
    0x02, 0xFD, 0x00, 0x1F, 0xE0, 0x00, 0x00, 0x00, 0x00, 0x00, 0x00, 0x00, 0x00, 0x00, 0x00, 0x00,
    0x00, 0x00, 0x00, 0x00, 0x00, 0x00, 0x00, 0x00, 0x00, 0x00, 0x00, 0x00, 0x00, 0x00, 0x00, 0x00,
    0x00, 0x00, 0x00, 0x05, 0x00, 0x00, 0x54, 0x00, 0x05, 0x40, 0x7F, 0xFF, 0xD0, 0xFF, 0xFE, 0xFF,
    0xE0, 0x2F, 0xFF, 0x01, 0xFF, 0xF0, 0x0F, 0xFF, 0xF0, 0x3F, 0xFF, 0xFF, 0xF8, 0x0F, 0xFF, 0xC0,
    0xFF, 0xFC, 0x00, 0xFF, 0xE0, 0x03, 0xFC, 0x1B, 0xFE, 0x01, 0xBF, 0xF0, 0x1B, 0xFF, 0x00, 0x0F,
    0xF8, 0x00, 0xFE, 0x00, 0xFF, 0x80, 0x0B, 0xFC, 0x00, 0x7F, 0xC0, 0x03, 0xFF, 0x00, 0x7F, 0x00,
    0x3F, 0xE0, 0x02, 0xFF, 0x00, 0x1F, 0xF0, 0x00, 0x7F, 0xD0, 0x3F, 0xC0, 0x0F, 0xF8, 0x00, 0xBF,
    0xC0, 0x07, 0xFC, 0x00, 0x0F, 0xF8, 0x0F, 0xD0, 0x03, 0xFE, 0x00, 0x2F, 0xF0, 0x01, 0xFF, 0x00,
    0x02, 0xFF, 0x0B, 0xF0, 0x00, 0xFF, 0x80, 0x0B, 0xFC, 0x00, 0x7F, 0xC0, 0x00, 0x3F, 0xC3, 0xF4,
    0x00, 0x3F, 0xE0, 0x02, 0xFF, 0x00, 0x1F, 0xF0, 0x00, 0x0B, 0xF9, 0xFC, 0x00, 0x0F, 0xF8, 0x00,
    0xBF, 0xC0, 0x07, 0xFC, 0x00, 0x00, 0xFF, 0xBE, 0x00, 0x03, 0xFE, 0x00, 0x2F, 0xF0, 0x01, 0xFF,
    0x00, 0x00, 0x3F, 0xFF, 0x00, 0x00, 0xFF, 0x80, 0x0B, 0xFC, 0x00, 0x7F, 0xC0, 0x00, 0x07, 0xFF,
    0x80, 0x00, 0x7F, 0xF4, 0x03, 0xFF, 0x40, 0x2F, 0xF4, 0x00, 0x00, 0xFF, 0xC0, 0x00, 0xFF, 0xFF,
    0x8B, 0xFF, 0xFC, 0x7F, 0xFF, 0xD0, 0x00, 0x1F, 0xE0, 0x00, 0x3F, 0xFF, 0xE3, 0xFF, 0xFF, 0x2F,
    0xFF, 0xF4, 0x00, 0x00, 0x00, 0x00, 0x00, 0x00, 0x00, 0x00, 0x00, 0x00, 0x00, 0x00, 0x00, 0x50,
    0x00, 0x00, 0x00, 0x00, 0x00, 0x03, 0xFE, 0x00, 0x00, 0x00, 0x00, 0x00, 0x07, 0xFF, 0x00, 0x00,
    0x00, 0x00, 0x00, 0x07, 0xFF, 0x00, 0x00, 0x00, 0x00, 0x00, 0x02, 0xFD, 0x00, 0x00, 0x00, 0x00,
    0x00, 0x00, 0x00, 0x00, 0x00, 0x00, 0x00, 0x00, 0x00, 0x00, 0x00, 0x00, 0x00, 0x00, 0x00, 0x00,
    0x14, 0x00, 0x00, 0x00, 0x00, 0x00, 0x2F, 0xFE, 0x02, 0xFF, 0xFC, 0x3F, 0xFE, 0x7F, 0xFE, 0x02,
    0xFF, 0xF4, 0x2F, 0xFD, 0x1B, 0xFE, 0x00, 0x3F, 0xF0, 0x0F, 0xE0, 0x03, 0xFE, 0x00, 0x0F, 0xF8,
    0x3F, 0x80, 0x03, 0xFE, 0x00, 0x03, 0xFD, 0xBF, 0x00, 0x03, 0xFE, 0x00, 0x01, 0xFF, 0xFC, 0x00,
    0x03, 0xFE, 0x00, 0x00, 0x7F, 0xF0, 0x00, 0x03, 0xFE, 0x00, 0x00, 0x3F, 0xE0, 0x00, 0x03, 0xFE,
    0x00, 0x00, 0xBF, 0xF8, 0x00, 0x03, 0xFE, 0x00, 0x01, 0xFF, 0xFD, 0x00, 0x03, 0xFE, 0x00, 0x07,
    0xF4, 0xFF, 0x40, 0x03, 0xFE, 0x00, 0x1F, 0xE0, 0x7F, 0xC0, 0x07, 0xFF, 0x40, 0x7F, 0xC0, 0x3F,
    0xF4, 0x3F, 0xFF, 0xE3, 0xFF, 0xF0, 0xBF, 0xFF, 0x3F, 0xFF, 0xE7, 0xFF, 0xF0, 0xFF, 0xFF, 0x00,
    0x00, 0x00, 0x00, 0x03, 0xFF, 0xF8, 0x7F, 0xFD, 0x3F, 0xFF, 0x42, 0xFF, 0x80, 0x7F, 0xE0, 0x2F,
    0xD0, 0x01, 0xFF, 0x43, 0xF4, 0x00, 0x07, 0xFC, 0xFD, 0x00, 0x00, 0x2F, 0xFF, 0x80, 0x00, 0x00,
    0xBF, 0xF0, 0x00, 0x00, 0x03, 0xFD, 0x00, 0x00, 0x00, 0xFF, 0xF4, 0x00, 0x00, 0x3F, 0xFF, 0xC0,
    0x00, 0x0B, 0xF1, 0xFF, 0x00, 0x02, 0xFD, 0x0F, 0xFC, 0x00, 0xBF, 0x80, 0x3F, 0xF0, 0x3F, 0xFE,
    0x0F, 0xFF, 0xEB, 0xFF, 0xE1, 0xFF, 0xFE, 0x00, 0x00, 0x00, 0x00, 0x00, 0x05, 0x00, 0x00, 0x00,
    0x00, 0x00, 0x00, 0x7F, 0xC0, 0x00, 0x00, 0x00, 0x00, 0x00, 0xFF, 0xD0, 0x00, 0x00, 0x00, 0x00,
    0x00, 0xFF, 0xC0, 0x00, 0x00, 0x00, 0x00, 0x00, 0x7F, 0x80, 0x00, 0x00, 0x00, 0x00, 0x00, 0x00,
    0x00, 0x00, 0x00, 0x00, 0x00, 0x00, 0x00, 0x00, 0x00, 0x00, 0x00, 0x00, 0x00, 0x05, 0x40, 0x3F,
    0xFF, 0x87, 0xFF, 0xD7, 0xFF, 0xC0, 0x3F, 0xFF, 0x42, 0xFF, 0x8F, 0xFF, 0xC0, 0x07, 0xFE, 0x02,
    0xFD, 0x06, 0xFF, 0xC0, 0x01, 0xFF, 0x43, 0xF4, 0x00, 0x7F, 0xC0, 0x00, 0x7F, 0xCF, 0xD0, 0x00,
    0x7F, 0xC0, 0x00, 0x2F, 0xFF, 0x80, 0x00, 0x7F, 0xC0, 0x00, 0x0B, 0xFF, 0x00, 0x00, 0x7F, 0xC0,
    0x00, 0x03, 0xFD, 0x00, 0x00, 0x7F, 0xC0, 0x00, 0x0F, 0xFF, 0x40, 0x00, 0x7F, 0xC0, 0x00, 0x3F,
    0xFF, 0xC0, 0x00, 0x7F, 0xC0, 0x00, 0xBF, 0x1F, 0xF0, 0x00, 0x7F, 0xC0, 0x02, 0xFD, 0x0F, 0xFC,
    0x00, 0x7F, 0xC0, 0x0B, 0xF8, 0x03, 0xFF, 0x00, 0xBF, 0xD0, 0x3F, 0xFE, 0x0F, 0xFF, 0xE7, 0xFF,
    0xFC, 0xBF, 0xFE, 0x1F, 0xFF, 0xEB, 0xFF, 0xFC, 0x00, 0x00, 0x00, 0x00, 0x00, 0x05, 0x00, 0x00,
    0x50, 0x00, 0x00, 0x00, 0x00, 0x00, 0x07, 0xFC, 0x00, 0x3F, 0xD0, 0x00, 0x00, 0x00, 0x00, 0x00,
    0xFF, 0xD0, 0x07, 0xFE, 0x00, 0x00, 0x00, 0x00, 0x00, 0x0F, 0xFC, 0x00, 0x7F, 0xE0, 0x00, 0x00,
    0x00, 0x00, 0x00, 0x7F, 0x80, 0x03, 0xFC, 0x00, 0x00, 0x00, 0x00, 0x00, 0x00, 0x00, 0x00, 0x00,
    0x00, 0x00, 0x00, 0x00, 0x00, 0x00, 0x00, 0x00, 0x00, 0x00, 0x00, 0x00, 0x00, 0x00, 0x00, 0x00,
    0x54, 0x00, 0x01, 0x40, 0x3F, 0xFF, 0x87, 0xFF, 0xD7, 0xFF, 0xC0, 0x3F, 0xFD, 0x03, 0xFF, 0xF4,
    0x2F, 0xF8, 0xFF, 0xFC, 0x0B, 0xFF, 0xD0, 0x07, 0xFE, 0x02, 0xFD, 0x06, 0xFF, 0xC0, 0x1B, 0xFD,
    0x00, 0x1F, 0xF4, 0x3F, 0x40, 0x07, 0xFC, 0x00, 0x3F, 0xD0, 0x00, 0x7F, 0xCF, 0xD0, 0x00, 0x7F,
    0xC0, 0x03, 0xFD, 0x00, 0x02, 0xFF, 0xF8, 0x00, 0x07, 0xFC, 0x00, 0x3F, 0xD0, 0x00, 0x0B, 0xFF,
    0x00, 0x00, 0x7F, 0xC0, 0x03, 0xFD, 0x00, 0x00, 0x3F, 0xD0, 0x00, 0x07, 0xFC, 0x00, 0x3F, 0xD0,
    0x00, 0x0F, 0xFF, 0x40, 0x00, 0x7F, 0xC0, 0x03, 0xFD, 0x00, 0x03, 0xFF, 0xFC, 0x00, 0x07, 0xFC,
    0x00, 0x3F, 0xD0, 0x00, 0xBF, 0x1F, 0xF0, 0x00, 0x7F, 0xC0, 0x03, 0xFD, 0x00, 0x2F, 0xD0, 0xFF,
    0xC0, 0x07, 0xFC, 0x00, 0x3F, 0xD0, 0x0B, 0xF8, 0x03, 0xFF, 0x00, 0xBF, 0xD0, 0x07, 0xFE, 0x03,
    0xFF, 0xE0, 0xFF, 0xFE, 0x7F, 0xFF, 0xC3, 0xFF, 0xFE, 0xBF, 0xFE, 0x1F, 0xFF, 0xEB, 0xFF, 0xFC,
    0x7F, 0xFF, 0xE0, 0x00, 0x14, 0x02, 0xFF, 0xD0, 0xBF, 0xFD, 0x06, 0xFF, 0xD0, 0x03, 0xFD, 0x00,
    0x3F, 0xD0, 0x03, 0xFD, 0x00, 0x3F, 0xD0, 0x03, 0xFD, 0x00, 0x3F, 0xD0, 0x03, 0xFD, 0x00, 0x3F,
    0xD0, 0x03, 0xFD, 0x00, 0x3F, 0xD0, 0x03, 0xFD, 0x00, 0x3F, 0xD0, 0x03, 0xFD, 0x00, 0x3F, 0xD0,
    0x03, 0xFD, 0x00, 0x3F, 0xD0, 0x07, 0xFE, 0x07, 0xFF, 0xFD, 0xBF, 0xFF, 0xD0, 0x00, 0x05, 0x90,
    0x00, 0x0F, 0xFF, 0xE0, 0x07, 0xFF, 0xFF, 0x81, 0xFF, 0x9F, 0xFC, 0x3F, 0xD0, 0x3F, 0xC7, 0xFC,
    0x03, 0xF4, 0xBF, 0x80, 0x14, 0x0F, 0xF8, 0x00, 0x00, 0xFF, 0x80, 0x00, 0x0F, 0xF8, 0x00, 0x00,
    0xFF, 0xC0, 0x00, 0x0B, 0xFE, 0x00, 0x00, 0x7F, 0xF8, 0x00, 0x83, 0xFF, 0xFF, 0xFC, 0x0F, 0xFF,
    0xFF, 0xC0, 0x2F, 0xFF, 0xE0, 0x00, 0x15, 0x50, 0x00, 0x00, 0x00, 0x00, 0x50, 0x00, 0x00, 0x0B,
    0xFF, 0x40, 0x00, 0x02, 0xFF, 0xF4, 0x00, 0x00, 0x1B, 0xFF, 0x40, 0x00, 0x00, 0x0F, 0xF4, 0x00,
    0x00, 0x00, 0xFF, 0x40, 0x00, 0x00, 0x0F, 0xF4, 0x00, 0x00, 0x65, 0xFF, 0x40, 0x01, 0xFF, 0xFF,
    0xF4, 0x00, 0xBF, 0xFF, 0xFF, 0x40, 0x1F, 0xF9, 0x6F, 0xF4, 0x03, 0xFE, 0x00, 0xFF, 0x40, 0x7F,
    0xC0, 0x0F, 0xF4, 0x0B, 0xFC, 0x00, 0xFF, 0x40, 0xFF, 0x80, 0x0F, 0xF4, 0x0F, 0xF8, 0x00, 0xFF,
    0x40, 0xFF, 0x80, 0x0F, 0xF4, 0x0F, 0xFC, 0x00, 0xFF, 0x40, 0xFF, 0xC0, 0x0F, 0xF4, 0x0B, 0xFF,
    0x02, 0xFF, 0x40, 0x3F, 0xFF, 0xFF, 0xF9, 0x02, 0xFF, 0xFF, 0xBF, 0xFC, 0x0B, 0xFF, 0xC3, 0xFF,
    0xC0, 0x05, 0x40, 0x14, 0x00, 0x00, 0x54, 0x05, 0x90, 0x00, 0x64, 0x00, 0x0B, 0xFF, 0x1F, 0xFF,
    0x42, 0xFF, 0xE0, 0x07, 0xFF, 0xFF, 0xFF, 0xF7, 0xFF, 0xFD, 0x00, 0xAF, 0xFF, 0xFF, 0xFF, 0xFF,
    0xFF, 0xC0, 0x03, 0xFF, 0x40, 0xFF, 0xE0, 0x3F, 0xF0, 0x00, 0xFF, 0x80, 0x2F, 0xF0, 0x07, 0xFC,
    0x00, 0x3F, 0xE0, 0x0B, 0xFC, 0x01, 0xFF, 0x00, 0x0F, 0xF8, 0x02, 0xFF, 0x00, 0x7F, 0xC0, 0x03,
    0xFE, 0x00, 0xBF, 0xC0, 0x1F, 0xF0, 0x00, 0xFF, 0x80, 0x2F, 0xF0, 0x07, 0xFC, 0x00, 0x3F, 0xE0,
    0x0B, 0xFC, 0x01, 0xFF, 0x00, 0x0F, 0xF8, 0x02, 0xFF, 0x00, 0x7F, 0xC0, 0x03, 0xFE, 0x00, 0xBF,
    0xC0, 0x1F, 0xF0, 0x00, 0xFF, 0x80, 0x2F, 0xF0, 0x07, 0xFE, 0x02, 0xFF, 0xFC, 0x3F, 0xFF, 0x0B,
    0xFF, 0xF0, 0xFF, 0xFF, 0x0F, 0xFF, 0xC3, 0xFF, 0xFC, 0x00, 0x00, 0x00, 0x00, 0x00, 0x00, 0xB0,
    0x00, 0x00, 0x00, 0x0B, 0xF0, 0x00, 0x00, 0x00, 0xBF, 0x40, 0x00, 0x00, 0x0B, 0xF0, 0x00, 0x00,
    0x00, 0xBF, 0xAA, 0xAA, 0xAA, 0x87, 0xFF, 0xFF, 0xFF, 0xFF, 0x4F, 0xFF, 0xFF, 0xFF, 0xFD, 0x1F,
    0xD5, 0x6A, 0xAA, 0xA0, 0x2F, 0xC0, 0x00, 0x00, 0x00, 0x2F, 0xD0, 0x00, 0x00, 0x00, 0x2F, 0xC0,
    0x00, 0x00, 0x00, 0x2C, 0x00, 0x00, 0x00, 0x00, 0x00, 0x00, 0x00, 0x00, 0x00, 0x00, 0x00, 0x00,
    0x0F, 0xC0, 0x00, 0x0F, 0xFC, 0x00, 0x0F, 0xFF, 0xC0, 0x0F, 0xFF, 0xFC, 0x0F, 0xDF, 0xEF, 0xCB,
    0xE3, 0xF3, 0xF8, 0xF0, 0xFC, 0x3C, 0x00, 0x3F, 0x00, 0x00, 0x0F, 0xC0, 0x00, 0x03, 0xF0, 0x00,
    0x00, 0xFC, 0x00, 0x00, 0x3F, 0x00, 0x00, 0x0F, 0xC0, 0x00, 0x03, 0xF0, 0x00, 0x00, 0xFC, 0x00,
    0x00, 0x3F, 0x00, 0x00, 0x0F, 0xC0, 0x00, 0x03, 0xF0, 0x00, 0x00, 0x00, 0x00, 0x00, 0x00, 0x00,
    0x00, 0x00, 0x00, 0x00, 0x07, 0x80, 0x00, 0x00, 0x00, 0x3F, 0x80, 0x00, 0x00, 0x00, 0x7F, 0x80,
    0x00, 0x00, 0x00, 0x3F, 0x80, 0xAA, 0xAA, 0xAA, 0xBF, 0x87, 0xFF, 0xFF, 0xFF, 0xFF, 0x1F, 0xFF,
    0xFF, 0xFF, 0xFC, 0x2A, 0xAA, 0xA5, 0x5F, 0xD0, 0x00, 0x00, 0x00, 0xFD, 0x00, 0x00, 0x00, 0x1F,
    0xE0, 0x00, 0x00, 0x00, 0xFE, 0x00, 0x00, 0x00, 0x00, 0xE0, 0x00, 0x00, 0x00, 0x00, 0x00, 0x00,
    0x00, 0x00, 0x00, 0x00, 0x0F, 0xC0, 0x00, 0x03, 0xF0, 0x00, 0x00, 0xFC, 0x00, 0x00, 0x3F, 0x00,
    0x00, 0x0F, 0xC0, 0x00, 0x03, 0xF0, 0x00, 0x00, 0xFC, 0x00, 0x00, 0x3F, 0x00, 0x00, 0x0F, 0xC0,
    0x00, 0x03, 0xF0, 0x00, 0x00, 0xFC, 0x10, 0x3C, 0x3F, 0x0F, 0x2F, 0xCF, 0xCF, 0xE3, 0xFB, 0xFB,
    0xF0, 0x3F, 0xFF, 0xF0, 0x03, 0xFF, 0xF0, 0x00, 0x3F, 0xE0, 0x00, 0x02, 0xE0, 0x00, 0x00, 0x00,
    0x00, 0x00, 0x00, 0x00, 0x00, 0x00, 0x00, 0xD0, 0x01, 0xC0, 0x00, 0x0F, 0xD0, 0x1F, 0xC0, 0x00,
    0xFF, 0x00, 0x3F, 0xC0, 0x0F, 0xE0, 0x00, 0x2F, 0x80, 0xBF, 0xAA, 0xAA, 0xBF, 0x8B, 0xFF, 0xFF,
    0xFF, 0xFF, 0x5F, 0xFF, 0xFF, 0xFF, 0xFD, 0x2F, 0xD5, 0x55, 0x5F, 0xE0, 0x2F, 0x80, 0x00, 0xBE,
    0x00, 0x3F, 0xC0, 0x1F, 0xE0, 0x00, 0x3F, 0x00, 0x3F, 0x00, 0x00, 0x30, 0x00, 0x20, 0x00, 0x00,
    0x00, 0x00, 0x00, 0x00, 0x00, 0x04, 0x00, 0x00, 0x0F, 0xC0, 0x00, 0x0F, 0xFC, 0x00, 0x1F, 0xFF,
    0xC0, 0x1F, 0xFF, 0xFD, 0x1F, 0xDF, 0xDF, 0xC3, 0xE3, 0xF2, 0xE0, 0x20, 0xFC, 0x20, 0x00, 0x3F,
    0x00, 0x00, 0x0F, 0xC0, 0x00, 0x03, 0xF0, 0x00, 0x00, 0xFC, 0x00, 0x08, 0x3F, 0x08, 0x0F, 0x8F,
    0xCB, 0xC3, 0xF7, 0xF7, 0xF0, 0x3F, 0xFF, 0xF0, 0x03, 0xFF, 0xF0, 0x00, 0x3F, 0xF0, 0x00, 0x03,
    0xF0, 0x00, 0x00, 0x10, 0x00, 0x00, 0x0B, 0x80, 0x00, 0x00, 0xBF, 0x80, 0x00, 0x0B, 0xFF, 0x80,
    0x00, 0xFF, 0xFF, 0xC0, 0x0F, 0xEF, 0xEF, 0xC0, 0x3F, 0x3F, 0x3F, 0x00, 0x30, 0xFC, 0x30, 0x00,
    0x03, 0xF0, 0x00, 0x00, 0x0F, 0xC0, 0x00, 0x00, 0x3F, 0x00, 0x00, 0x70, 0xFC, 0x34, 0x07, 0xF3,
    0xF3, 0xF0, 0x0B, 0xFF, 0xFF, 0x80, 0x0B, 0xFF, 0xF8, 0x00, 0x0B, 0xFF, 0x80, 0x00, 0x07, 0xF4,
    0x00, 0x15, 0x5B, 0x95, 0x50, 0xFF, 0xFF, 0xFF, 0xC3, 0xFF, 0xFF, 0xFF, 0x0F, 0xFF, 0xFF, 0xFC,
    0x00, 0x00, 0x2F, 0x80, 0x00, 0x0B, 0xE0, 0x00, 0x02, 0xF8, 0x00, 0x00, 0xBE, 0x00, 0x00, 0x2F,
    0x80, 0x00, 0x0B, 0xE0, 0x00, 0x02, 0xF8, 0x00, 0x90, 0xBE, 0x00, 0xBD, 0x2F, 0x80, 0xBF, 0x4B,
    0xE0, 0xBF, 0x02, 0xF4, 0xBF, 0x00, 0xBD, 0x7F, 0xFF, 0xFF, 0x6F, 0xFF, 0xFF, 0xD3, 0xFF, 0xFF,
    0xF4, 0x3F, 0x40, 0x00, 0x07, 0xF8, 0x00, 0x00, 0x7F, 0x80, 0x00, 0x07, 0xC0, 0x00, 0x00, 0x40,
    0x00, 0xBE, 0x00, 0x00, 0x2F, 0x80, 0x00, 0x0B, 0xE0, 0x00, 0x02, 0xF8, 0x00, 0x00, 0xBE, 0x00,
    0x00, 0x2F, 0x80, 0x00, 0x0B, 0xE0, 0x00, 0x02, 0xF8, 0x18, 0x00, 0xBE, 0x1F, 0x80, 0x2F, 0x87,
    0xF8, 0x0B, 0xE0, 0x3F, 0x81, 0xF8, 0x03, 0xF8, 0x7F, 0xFF, 0xFF, 0x5F, 0xFF, 0xFF, 0xE7, 0xFF,
    0xFF, 0xF0, 0x00, 0x07, 0xF0, 0x00, 0x0B, 0xF0, 0x00, 0x0B, 0xF4, 0x00, 0x00, 0xF4, 0x00, 0x00,
    0x04, 0x00, 0x00, 0x00, 0x00, 0x1A, 0x00, 0x00, 0x00, 0x0F, 0xD0, 0x00, 0x00, 0x03, 0xF4, 0x00,
    0xF0, 0x00, 0xFD, 0x00, 0xBF, 0x00, 0x3F, 0x40, 0xBF, 0x40, 0x0F, 0xD0, 0xBE, 0x00, 0x03, 0xF4,
    0xBF, 0x55, 0x55, 0xFD, 0x7F, 0xFF, 0xFF, 0xFF, 0x5F, 0xFF, 0xFF, 0xFF, 0xC2, 0xFD, 0x55, 0x55,
    0x50, 0x2F, 0x80, 0x00, 0x00, 0x02, 0xFC, 0x00, 0x00, 0x00, 0x3F, 0xC0, 0x00, 0x00, 0x03, 0xC0,
    0x00, 0x00, 0x00, 0x00, 0x00, 0x00, 0x00, 0x02, 0x00, 0x00, 0x00, 0x00, 0x3F, 0x00, 0x00, 0x00,
    0x03, 0xF8, 0x00, 0x00, 0x00, 0x3F, 0x80, 0x00, 0x00, 0x02, 0xFD, 0x55, 0xAA, 0xA4, 0x2F, 0xFF,
    0xFF, 0xFF, 0xD2, 0xFF, 0xFF, 0xFF, 0xFF, 0x5F, 0x80, 0x00, 0x00, 0x00, 0x7E, 0x00, 0x00, 0x00,
    0x00, 0xBF, 0xFF, 0xFF, 0xFF, 0xD0, 0xBF, 0xFF, 0xFF, 0xFF, 0x40, 0xBF, 0x55, 0x5A, 0xA9, 0x00,
    0xBE, 0x00, 0x00, 0x00, 0x00, 0xBE, 0x00, 0x00, 0x00, 0x00, 0xF8, 0x00, 0x00, 0x00, 0x00, 0x80,
    0x00, 0x00, 0x00, 0x02, 0xE0, 0x00, 0x00, 0x02, 0xFE, 0x00, 0x00, 0x02, 0xFF, 0xE0, 0x00, 0x02,
    0xF8, 0xBE, 0x00, 0x03, 0xFE, 0x2F, 0xF0, 0x03, 0xFF, 0x8B, 0xFF, 0x03, 0xFB, 0xE2, 0xFB, 0xF0,
    0xB8, 0xF8, 0xBC, 0xB8, 0x04, 0x3E, 0x2F, 0x04, 0x00, 0x0F, 0x8B, 0xC0, 0x00, 0x03, 0xE2, 0xF0,
    0x00, 0x00, 0xF8, 0xBC, 0x00, 0x00, 0x3E, 0x2F, 0x00, 0x00, 0x0F, 0x8B, 0xC0, 0x00, 0x03, 0xE2,
    0xF0, 0x00, 0x00, 0xF8, 0xBC, 0x00, 0x00, 0x3E, 0x2F, 0x00, 0x00, 0x0F, 0x47, 0xC0, 0x00, 0x00,
    0x00, 0x02, 0x00, 0x00, 0x00, 0x00, 0x3F, 0x00, 0x00, 0x00, 0x00, 0xBF, 0x00, 0x00, 0x00, 0x00,
    0xBF, 0x00, 0x6A, 0xA9, 0x55, 0xFE, 0x01, 0xFF, 0xFF, 0xFF, 0xFE, 0x07, 0xFF, 0xFF, 0xFF, 0xFE,
    0x00, 0x00, 0x00, 0x00, 0xBD, 0x00, 0x00, 0x00, 0x02, 0xF5, 0xFF, 0xFF, 0xFF, 0xFF, 0x87, 0xFF,
    0xFF, 0xFF, 0xF8, 0x1A, 0xA9, 0x55, 0x7F, 0x80, 0x00, 0x00, 0x02, 0xF8, 0x00, 0x00, 0x00, 0x2F,
    0x80, 0x00, 0x00, 0x00, 0xBC, 0x00, 0x00, 0x00, 0x00, 0x80, 0x00, 0x00, 0x3D, 0x1F, 0x00, 0x00,
    0x0F, 0x8B, 0xC0, 0x00, 0x03, 0xE2, 0xF0, 0x00, 0x00, 0xF8, 0xBC, 0x00, 0x00, 0x3E, 0x2F, 0x00,
    0x00, 0x0F, 0x8B, 0xC0, 0x00, 0x03, 0xE2, 0xF0, 0x00, 0x00, 0xF8, 0xBC, 0x00, 0x00, 0x3E, 0x2F,
    0x00, 0x02, 0x0F, 0x8B, 0xC2, 0x03, 0xE3, 0xE2, 0xF2, 0xF0, 0xFE, 0xF8, 0xBE, 0xFC, 0x0B, 0xFE,
    0x2F, 0xF8, 0x00, 0xBF, 0x8B, 0xF8, 0x00, 0x0B, 0xE2, 0xF8, 0x00, 0x00, 0xBF, 0xF8, 0x00, 0x00,
    0x0B, 0xF8, 0x00, 0x00, 0x00, 0xB8, 0x00, 0x00, 0x00, 0x00, 0x00, 0x00, 0x00, 0x00, 0x30, 0x03,
    0x00, 0x00, 0x03, 0xF0, 0x3F, 0x00, 0x00, 0x3F, 0x40, 0xBF, 0x00, 0x03, 0xF8, 0x00, 0xBF, 0x00,
    0x3F, 0xFF, 0xFF, 0xFF, 0x02, 0xFF, 0xFF, 0xFF, 0xFE, 0x2F, 0x40, 0x00, 0x00, 0x7D, 0x7D, 0x00,
    0x00, 0x02, 0xF4, 0xBF, 0xFF, 0xFF, 0xFF, 0x80, 0xBF, 0xFF, 0xFF, 0xF8, 0x00, 0xFE, 0x00, 0x2F,
    0x80, 0x00, 0xFE, 0x02, 0xFC, 0x00, 0x00, 0xFC, 0x0F, 0xC0, 0x00, 0x00, 0xC0, 0x0C, 0x00, 0x00,
    0x00, 0x00, 0x00, 0x00, 0x00, 0x00, 0x00, 0x00, 0x00, 0x0F, 0xFC, 0x00, 0x00, 0x3F, 0xC3, 0xFF,
    0x00, 0x00, 0x0F, 0xE0, 0x7F, 0xE0, 0x00, 0x0B, 0xF4, 0x0F, 0xFC, 0x00, 0x03, 0xFC, 0x02, 0xFF,
    0x00, 0x00, 0xFD, 0x00, 0x7F, 0xEA, 0xAA, 0xBF, 0x00, 0x0F, 0xFF, 0xFF, 0xFF, 0x80, 0x02, 0xFF,
    0xFF, 0xFF, 0xC0, 0x00, 0x3F, 0xF5, 0x5F, 0xE0, 0x00, 0x0F, 0xFC, 0x03, 0xF4, 0x00, 0x01, 0xFF,
    0x01, 0xFC, 0x00, 0x00, 0x3F, 0xE0, 0xFD, 0x00, 0x00, 0x0B, 0xFC, 0x3F, 0x00, 0x00, 0x01, 0xFF,
    0x2F, 0x80, 0x00, 0x00, 0x3F, 0xEF, 0xC0, 0x00, 0x00, 0x0B, 0xFF, 0xF0, 0x00, 0x00, 0x01, 0xFF,
    0xF4, 0x00, 0x00, 0x00, 0x3F, 0xFC, 0x00, 0x00, 0x00, 0x0B, 0xFE, 0x00, 0x00, 0x00, 0x00, 0xFE,
    0x00, 0x00, 0x00, 0x00, 0x14, 0x00, 0x00, 0x00, 0x00, 0x06, 0xA4, 0x00, 0x00, 0x7F, 0xFF, 0x80,
    0x01, 0xFF, 0xFF, 0xE0, 0x02, 0xE0, 0x2F, 0xF0, 0x00, 0x00, 0x0F, 0xF8, 0x00, 0x00, 0x07, 0xFC,
    0x00, 0x00, 0x03, 0xFC, 0x00, 0x00, 0x03, 0xFC, 0x00, 0x0B, 0xFB, 0xFC, 0x00, 0x7F, 0xFF, 0xFC,
    0x02, 0xFF, 0xAF, 0xFC, 0x07, 0xF8, 0x03, 0xFC, 0x0F, 0xF0, 0x03, 0xFC, 0x1F, 0xD0, 0x03, 0xF8,
    0x3F, 0xC0, 0x07, 0xF4, 0x3F, 0xC0, 0x0B, 0xF0, 0x3F, 0xC0, 0x0F, 0xF0, 0x3F, 0xC0, 0x1F, 0xD0,
    0x3F, 0xC0, 0x3F, 0xC0, 0x3F, 0xC0, 0xBF, 0x40, 0x3F, 0xFB, 0xFE, 0x00, 0x0F, 0xFF, 0xF4, 0x00,
    0x03, 0xFF, 0x80, 0x00, 0x00, 0x10, 0x00, 0x00, 0x00, 0x00, 0x00, 0x00, 0xFF, 0xFF, 0xFF, 0xC3,
    0xFF, 0xFF, 0xFF, 0x4F, 0xFF, 0xFF, 0xFD, 0x00, 0x00, 0x0F, 0xF4, 0x00, 0x00, 0x3F, 0xD0, 0x00,
    0x00, 0xFF, 0x40, 0x00, 0x03, 0xFD, 0x00, 0x00, 0x0F, 0xF4, 0xAA, 0xAA, 0xBF, 0xD3, 0xFF, 0xFF,
    0xFF, 0x4F, 0xFF, 0xFF, 0xFD, 0x15, 0x55, 0x5F, 0xF4, 0x00, 0x00, 0x3F, 0xD0, 0x00, 0x00, 0xFF,
    0x40, 0x00, 0x03, 0xFD, 0x00, 0x00, 0x0F, 0xF4, 0x50, 0x00, 0x3F, 0xD7, 0xFF, 0xFF, 0xFF, 0x5F,
    0xFF, 0xFF, 0xFD, 0x7F, 0xFF, 0xFF, 0xF0, 0x00, 0x00, 0x00, 0x00, 0x00, 0x00, 0x00, 0x00, 0x6A,
    0x90, 0x03, 0x80, 0x00, 0x7F, 0xFF, 0xF8, 0x3F, 0x00, 0x0B, 0xFF, 0xFF, 0xFF, 0xF0, 0x00, 0xBF,
    0xFA, 0xAF, 0xFF, 0x00, 0x0B, 0xFD, 0x00, 0x0B, 0xFC, 0x00, 0x3F, 0xD0, 0x00, 0x3F, 0xF8, 0x02,
    0xFE, 0x00, 0x02, 0xFF, 0xF0, 0x0F, 0xF0, 0x00, 0x2F, 0x7F, 0xD0, 0x7F, 0xC0, 0x02, 0xF4, 0xBF,
    0x81, 0xFE, 0x00, 0x2F, 0x41, 0xFE, 0x0B, 0xF4, 0x02, 0xF4, 0x07, 0xF8, 0x2F, 0xD0, 0x2F, 0x80,
    0x1F, 0xE0, 0xBF, 0x41, 0xF8, 0x00, 0xBF, 0x41, 0xFE, 0x1F, 0x80, 0x03, 0xFC, 0x07, 0xFD, 0xF8,
    0x00, 0x0F, 0xF0, 0x0F, 0xFF, 0x80, 0x00, 0xBF, 0x80, 0x2F, 0xF8, 0x00, 0x07, 0xFC, 0x00, 0x3F,
    0xF0, 0x00, 0xBF, 0xD0, 0x00, 0xFF, 0xFE, 0xBF, 0xFE, 0x00, 0x0F, 0xFF, 0xFF, 0xFF, 0xD0, 0x00,
    0xFC, 0x2F, 0xFF, 0xF8, 0x00, 0x02, 0xC0, 0x05, 0x95, 0x00, 0x00, 0x00, 0x00, 0x00, 0x00, 0x00,
    0x00, 0x00, 0x00, 0x0A, 0x00, 0x00, 0x00, 0x00, 0xBF, 0x80, 0x00, 0x00, 0x01, 0xFF, 0xC0, 0x00,
    0x00, 0x03, 0xFF, 0xD0, 0x00, 0x00, 0x07, 0xFF, 0xE0, 0x00, 0x00, 0x0B, 0xFF, 0xF0, 0x00, 0x00,
    0x0F, 0xCF, 0xF4, 0x00, 0x00, 0x2F, 0x8F, 0xFC, 0x00, 0x00, 0x3F, 0x07, 0xFC, 0x00, 0x00, 0x7F,
    0x03, 0xFE, 0x00, 0x00, 0xFD, 0x03, 0xFF, 0x00, 0x00, 0xFC, 0x01, 0xFF, 0x40, 0x02, 0xF8, 0x00,
    0xFF, 0x80, 0x03, 0xF4, 0x00, 0xFF, 0xC0, 0x07, 0xF0, 0x00, 0x7F, 0xD0, 0x0F, 0xE0, 0x00, 0x3F,
    0xE0, 0x1F, 0xD0, 0x00, 0x3F, 0xF0, 0x2F, 0xC0, 0x00, 0x1F, 0xF4, 0x3F, 0xEA, 0xAA, 0xAF, 0xFC,
    0x7F, 0xFF, 0xFF, 0xFF, 0xFC, 0x7F, 0xFF, 0xFF, 0xFF, 0xFC, 0x00, 0x00, 0x00, 0x00, 0x01, 0xFF,
    0xFF, 0xFF, 0xFF, 0xDB, 0xFF, 0xFF, 0xFF, 0xFF, 0x9F, 0xFF, 0xAA, 0xAF, 0xFD, 0x3F, 0xF0, 0x00,
    0x0F, 0xF0, 0xBF, 0xC0, 0x00, 0x3F, 0x41, 0xFF, 0x80, 0x02, 0xFC, 0x03, 0xFF, 0x00, 0x0F, 0xE0,
    0x0B, 0xFC, 0x00, 0x7F, 0x00, 0x0F, 0xF8, 0x02, 0xFC, 0x00, 0x3F, 0xF0, 0x0F, 0xD0, 0x00, 0x7F,
    0xC0, 0x7F, 0x00, 0x00, 0xFF, 0x83, 0xF8, 0x00, 0x02, 0xFF, 0x0F, 0xC0, 0x00, 0x07, 0xFC, 0xBE,
    0x00, 0x00, 0x0F, 0xFB, 0xF0, 0x00, 0x00, 0x2F, 0xFF, 0xC0, 0x00, 0x00, 0x3F, 0xFD, 0x00, 0x00,
    0x00, 0xFF, 0xF0, 0x00, 0x00, 0x01, 0xFF, 0x80, 0x00, 0x00, 0x03, 0xFC, 0x00, 0x00, 0x00, 0x05,
    0x00, 0x00, 0x00, 0x00, 0x00, 0x00, 0x00, 0x00, 0x00, 0x00, 0xBF, 0xFF, 0xFF, 0xC0, 0x02, 0xFF,
    0xFF, 0xFF, 0xF0, 0x03, 0xFF, 0xFF, 0xFF, 0xFC, 0x03, 0xFF, 0x94, 0x00, 0x00, 0x02, 0xFF, 0x00,
    0x00, 0x00, 0x00, 0xFF, 0x00, 0x00, 0x00, 0x00, 0xBF, 0x80, 0x00, 0x00, 0x00, 0x3F, 0xC0, 0x00,
    0x00, 0x00, 0x0F, 0xFA, 0xAA, 0xAA, 0xAA, 0x83, 0xFF, 0xFF, 0xFF, 0xFF, 0xF0, 0xFF, 0xFF, 0xFF,
    0xFF, 0xFC, 0x3F, 0xEA, 0xAA, 0xAA, 0xAA, 0x0F, 0xF0, 0x00, 0x00, 0x00, 0x02, 0xFE, 0x00, 0x00,
    0x00, 0x00, 0x3F, 0xC0, 0x00, 0x00, 0x00, 0x0B, 0xFC, 0x00, 0x00, 0x00, 0x00, 0xFF, 0xE5, 0x55,
    0x55, 0x40, 0x0F, 0xFF, 0xFF, 0xFF, 0xF0, 0x00, 0xBF, 0xFF, 0xFF, 0xFC, 0x00, 0x01, 0xBF, 0xFF,
    0xFF, 0x00, 0x00, 0x00, 0x00, 0x01, 0x50, 0x00, 0x00, 0x00, 0x01, 0xFC, 0x00, 0x00, 0x00, 0x00,
    0xFF, 0x00, 0x00, 0x0B, 0xFF, 0xFF, 0xFC, 0x00, 0x2F, 0xFF, 0xFF, 0xFF, 0x00, 0x3F, 0xFF, 0xFF,
    0xFF, 0xC0, 0x3F, 0xF9, 0x47, 0xF4, 0x00, 0x2F, 0xF0, 0x02, 0xFC, 0x00, 0x0F, 0xF0, 0x00, 0xFE,
    0x00, 0x0B, 0xF8, 0x00, 0x7F, 0x00, 0x03, 0xFC, 0x00, 0x2F, 0xC0, 0x00, 0xFF, 0xAA, 0xAF, 0xFA,
    0xA8, 0x3F, 0xFF, 0xFF, 0xFF, 0xFF, 0x0F, 0xFF, 0xFF, 0xFF, 0xFF, 0xC3, 0xFE, 0xAA, 0xFE, 0xAA,
    0xA0, 0xFF, 0x40, 0x7F, 0x00, 0x00, 0x2F, 0xE0, 0x3F, 0x80, 0x00, 0x03, 0xFC, 0x0F, 0xD0, 0x00,
    0x00, 0xBF, 0xDB, 0xF0, 0x00, 0x00, 0x0F, 0xFF, 0xFD, 0x55, 0x54, 0x00, 0xFF, 0xFF, 0xFF, 0xFF,
    0x00, 0x0B, 0xFF, 0xFF, 0xFF, 0xC0, 0x00, 0x3F, 0xFF, 0xFF, 0xF0, 0x00, 0x1F, 0xC0, 0x00, 0x00,
    0x00, 0x0F, 0xF0, 0x00, 0x00, 0x00, 0x01, 0x50, 0x00, 0x00, 0x00, 0x00, 0x00, 0x15, 0x55, 0x55,
    0x00, 0x07, 0xFF, 0xFF, 0xFF, 0xC0, 0x0F, 0xFF, 0xFF, 0xFF, 0xF0, 0x0F, 0xFF, 0xFF, 0xFF, 0xFC,
    0x0F, 0xFE, 0x00, 0x00, 0x00, 0x07, 0xFC, 0x00, 0x00, 0x00, 0x03, 0xFD, 0x00, 0x00, 0x00, 0x00,
    0xFF, 0xAA, 0xAA, 0xAA, 0xA8, 0x3F, 0xFF, 0xFF, 0xFF, 0xFF, 0x0F, 0xFF, 0xFF, 0xFF, 0xFF, 0xC3,
    0xFE, 0xAA, 0xAA, 0xAA, 0xA0, 0xBF, 0x80, 0x00, 0x00, 0x00, 0x1F, 0xF0, 0x00, 0x00, 0x00, 0x03,
    0xFF, 0x90, 0x00, 0x00, 0x00, 0x3F, 0xFF, 0xFF, 0xFF, 0xF0, 0x03, 0xFF, 0xFF, 0xFF, 0xFC, 0x00,
    0x1B, 0xFF, 0xFF, 0xFF, 0x00, 0x00, 0x01, 0x55, 0x55, 0x40, 0x00, 0x00, 0x00, 0x00, 0x00, 0x0F,
    0xFF, 0xFF, 0xF8, 0x00, 0x03, 0xFF, 0xFF, 0xFF, 0xE0, 0x00, 0xFF, 0xFF, 0xFF, 0xFF, 0x00, 0x00,
    0x00, 0x05, 0xBF, 0xF0, 0x00, 0x00, 0x00, 0x03, 0xFE, 0x00, 0x00, 0x00, 0x00, 0x3F, 0xC0, 0x00,
    0x00, 0x00, 0x0B, 0xF8, 0x00, 0x00, 0x00, 0x00, 0xFF, 0x0A, 0xAA, 0xAA, 0xAA, 0xBF, 0xC3, 0xFF,
    0xFF, 0xFF, 0xFF, 0xF0, 0xFF, 0xFF, 0xFF, 0xFF, 0xFC, 0x2A, 0xAA, 0xAA, 0xAA, 0xFF, 0x00, 0x00,
    0x00, 0x00, 0x3F, 0xC0, 0x00, 0x00, 0x00, 0x2F, 0xE0, 0x00, 0x00, 0x00, 0x0F, 0xF0, 0x00, 0x00,
    0x00, 0x0F, 0xF8, 0x05, 0x55, 0x55, 0x6F, 0xFC, 0x03, 0xFF, 0xFF, 0xFF, 0xFC, 0x00, 0xFF, 0xFF,
    0xFF, 0xF8, 0x00, 0x3F, 0xFF, 0xFF, 0x90, 0x00, 0x00, 0x01, 0x50, 0x00, 0x00, 0x00, 0x00, 0xFD,
    0x00, 0x00, 0x00, 0x00, 0x3F, 0xC0, 0x00, 0x00, 0x00, 0xFF, 0xFF, 0xFF, 0x80, 0x00, 0x3F, 0xFF,
    0xFF, 0xFE, 0x00, 0x0F, 0xFF, 0xFF, 0xFF, 0xF0, 0x00, 0x07, 0xF4, 0x5B, 0xFF, 0x00, 0x00, 0xFE,
    0x00, 0x3F, 0xE0, 0x00, 0x2F, 0xC0, 0x03, 0xFC, 0x00, 0x03, 0xF4, 0x00, 0xBF, 0x80, 0x00, 0xFE,
    0x00, 0x0F, 0xF0, 0xAA, 0xBF, 0xEA, 0xAB, 0xFC, 0x3F, 0xFF, 0xFF, 0xFF, 0xFF, 0x0F, 0xFF, 0xFF,
    0xFF, 0xFF, 0xC2, 0xAA, 0xAF, 0xEA, 0xAF, 0xF0, 0x00, 0x03, 0xF4, 0x07, 0xFC, 0x00, 0x00, 0xBF,
    0x02, 0xFE, 0x00, 0x00, 0x1F, 0xC0, 0xFF, 0x00, 0x00, 0x03, 0xF9, 0xFF, 0x80, 0x55, 0x55, 0xFF,
    0xFF, 0xC0, 0x3F, 0xFF, 0xFF, 0xFF, 0xC0, 0x0F, 0xFF, 0xFF, 0xFF, 0x80, 0x03, 0xFF, 0xFF, 0xFF,
    0x00, 0x00, 0x00, 0x00, 0x0F, 0xD0, 0x00, 0x00, 0x00, 0x03, 0xFC, 0x00, 0x00, 0x00, 0x00, 0x15,
    0x00, 0x00, 0x15, 0x55, 0x55, 0x00, 0x00, 0x0F, 0xFF, 0xFF, 0xFF, 0x40, 0x03, 0xFF, 0xFF, 0xFF,
    0xFC, 0x00, 0xFF, 0xFF, 0xFF, 0xFF, 0xC0, 0x00, 0x00, 0x00, 0x2F, 0xFC, 0x00, 0x00, 0x00, 0x00,
    0xFF, 0x40, 0x00, 0x00, 0x00, 0x1F, 0xF0, 0xAA, 0xAA, 0xAA, 0xAB, 0xFC, 0x3F, 0xFF, 0xFF, 0xFF,
    0xFF, 0x0F, 0xFF, 0xFF, 0xFF, 0xFF, 0xC2, 0xAA, 0xAA, 0xAA, 0xAF, 0xF0, 0x00, 0x00, 0x00, 0x0B,
    0xF8, 0x00, 0x00, 0x00, 0x07, 0xFD, 0x00, 0x00, 0x00, 0x1B, 0xFF, 0x03, 0xFF, 0xFF, 0xFF, 0xFF,
    0x00, 0xFF, 0xFF, 0xFF, 0xFF, 0x00, 0x3F, 0xFF, 0xFF, 0xF9, 0x00, 0x05, 0x55, 0x55, 0x00, 0x00,
    0x00, 0x00, 0x00, 0x00, 0x00, 0x00, 0x03, 0xFF, 0xFF, 0xFF, 0xFF, 0xFF, 0xCF, 0xFF, 0xFF, 0xFF,
    0xFF, 0xFF, 0x06, 0xFF, 0xFA, 0xAF, 0xFF, 0xD0, 0x07, 0xFD, 0x00, 0x03, 0xFE, 0x00, 0x1F, 0xF4,
    0x00, 0x0F, 0xF8, 0x00, 0x7F, 0xD0, 0x00, 0x3F, 0xE0, 0x01, 0xFF, 0x40, 0x00, 0xFF, 0x80, 0x07,
    0xFD, 0x00, 0x03, 0xFE, 0x00, 0x1F, 0xF4, 0x00, 0x0F, 0xF8, 0x00, 0x7F, 0xD0, 0x00, 0x3F, 0xE0,
    0x01, 0xFF, 0x40, 0x00, 0xFF, 0x80, 0x07, 0xFD, 0x00, 0x03, 0xFE, 0x00, 0x1F, 0xF4, 0x00, 0x0F,
    0xF8, 0x00, 0x7F, 0xD0, 0x00, 0x3F, 0xE0, 0x01, 0xFF, 0x40, 0x00, 0xFF, 0x80, 0x07, 0xFD, 0x00,
    0x03, 0xFE, 0x00, 0x1F, 0xF4, 0x00, 0x0F, 0xF8, 0x00, 0x7F, 0xD0, 0x00, 0x3F, 0xE0, 0x01, 0xFF,
    0x40, 0x00, 0xFF, 0x80, 0x07, 0xFD, 0x00, 0x03, 0xFE, 0x00, 0x1F, 0xF4, 0x00, 0x0F, 0xF8, 0x00,
    0x7F, 0xD0, 0x00, 0x3F, 0xE0, 0x1F, 0xFF, 0xF8, 0x0B, 0xFF, 0xFC, 0xFF, 0xFF, 0xF0, 0xBF, 0xFF,
    0xF1, 0xAA, 0xAA, 0x41, 0xAA, 0xAA, 0x80, 0x00, 0x00, 0x00, 0x00, 0x00, 0x3F, 0xFF, 0xFF, 0xFF,
    0x41, 0xFF, 0xFF, 0xFF, 0xFE, 0x07, 0xFF, 0xAA, 0xBF, 0xF8, 0x0F, 0xFD, 0x00, 0x07, 0xF0, 0x0F,
    0xFC, 0x00, 0x0F, 0x80, 0x2F, 0xF8, 0x00, 0x2D, 0x00, 0x3F, 0xF0, 0x00, 0x00, 0x00, 0x3F, 0xF0,
    0x00, 0x00, 0x00, 0x7F, 0xD0, 0x00, 0x00, 0x00, 0xFF, 0xC0, 0x00, 0x00, 0x00, 0xFF, 0x80, 0x00,
    0x00, 0x01, 0xFF, 0x00, 0x00, 0x00, 0x03, 0xFC, 0x00, 0x00, 0x00, 0x3F, 0xD0, 0x00, 0x00, 0x02,
    0xFE, 0x00, 0x00, 0x00, 0x1F, 0xF0, 0x00, 0x00, 0x00, 0xFF, 0x00, 0x00, 0x00, 0x0F, 0xF4, 0x00,
    0x0A, 0x00, 0xBF, 0x80, 0x00, 0x7D, 0x07, 0xFC, 0x00, 0x03, 0xF4, 0x3F, 0xC0, 0x00, 0x1F, 0xD3,
    0xFF, 0xFF, 0xFF, 0xFF, 0x0F, 0xFF, 0xFF, 0xFF, 0xFC, 0x2F, 0xFF, 0xFF, 0xFF, 0xE0, 0x16, 0xAA,
    0xAA, 0xAA, 0x40, 0x00, 0x00, 0x00, 0x07, 0xFF, 0xFF, 0xFD, 0x7F, 0xFF, 0xFF, 0xD2, 0xAA, 0xAA,
    0xA8, 0x00, 0x00, 0x0B, 0xF0, 0x00, 0x00, 0x3F, 0xC0, 0x00, 0x01, 0xFD, 0x00, 0x00, 0x0F, 0xF0,
    0x00, 0x00, 0x7F, 0x40, 0x00, 0x03, 0xFC, 0x00, 0x00, 0x0F, 0xE0, 0x00, 0x00, 0xBF, 0x00, 0x00,
    0x03, 0xF8, 0x00, 0x00, 0x2F, 0xD0, 0x00, 0x00, 0xFF, 0x00, 0x00, 0x07, 0xF4, 0x00, 0x00, 0x3F,
    0xC0, 0x00, 0x01, 0xFE, 0x00, 0x00, 0x0B, 0xF0, 0x00, 0x00, 0x3F, 0x80, 0x00, 0x02, 0xFC, 0x00,
    0x00, 0x0F, 0xF0, 0x00, 0x00, 0x7F, 0x40, 0x00, 0x03, 0xFC, 0x00, 0x00, 0x1F, 0xE0, 0x00, 0x00,
    0xBF, 0x00, 0x00, 0x01, 0x50, 0x00, 0x00, 0x00, 0x3F, 0xC0, 0x00, 0x00, 0x7F, 0x40, 0x00, 0x00,
    0xFF, 0x00, 0x00, 0x02, 0xFC, 0x00, 0x00, 0x03, 0xF8, 0x00, 0x00, 0x0B, 0xF0, 0x00, 0x00, 0x1F,
    0xE0, 0x00, 0x00, 0x3F, 0xC0, 0x00, 0x00, 0x7F, 0x40, 0x00, 0x00, 0xFF, 0x00, 0x00, 0x02, 0xFC,
    0x00, 0x00, 0x03, 0xF8, 0x00, 0x00, 0x0B, 0xF0, 0x00, 0x00, 0x1F, 0xE0, 0x00, 0x00, 0x3F, 0xC0,
    0x00, 0x00, 0x7F, 0x40, 0x00, 0x00, 0xFF, 0x00, 0x00, 0x02, 0xFD, 0x00, 0x00, 0x03, 0xF8, 0x00,
    0x00, 0x0B, 0xF0, 0x00, 0x00, 0x0F, 0xE0, 0x00, 0x00, 0x3F, 0xC0, 0x00, 0x00, 0x15, 0x00, 0x00,
    0x0A, 0x40, 0x00, 0x01, 0xF4, 0x00, 0x00, 0x1F, 0x40, 0x02, 0xD1, 0xF4, 0x78, 0x3F, 0xDF, 0x7F,
    0xC2, 0xFF, 0xFF, 0xF8, 0x02, 0xFF, 0xF8, 0x00, 0x1F, 0xFF, 0x40, 0x1F, 0xFF, 0xFF, 0x47, 0xFE,
    0xFB, 0xFD, 0x3F, 0x1F, 0x4F, 0xC0, 0x41, 0xF4, 0x10, 0x00, 0x1F, 0x40, 0x00, 0x01, 0xF4, 0x00,
    0x00, 0x6A, 0x40, 0x07, 0xFF, 0xE0, 0x1F, 0xFF, 0xF8, 0x3F, 0x82, 0xFC, 0x3F, 0x00, 0xFC, 0x3F,
    0x00, 0xFC, 0x3F, 0x00, 0xFC, 0x3F, 0xD7, 0xF8, 0x1F, 0xFF, 0xF0, 0x07, 0xFF, 0xC0, 0x00, 0x54,
    0x00, 0x01, 0x03, 0xFC, 0xBF, 0xEB, 0xFE, 0x3F, 0xC0, 0x00, 0x00, 0x00, 0x00, 0x00, 0x54, 0x00,
    0x00, 0x00, 0x0B, 0xE0, 0x00, 0x00, 0x00, 0x3F, 0x40, 0x00, 0x00, 0x00, 0xFC, 0x00, 0x00, 0x00,
    0x07, 0xF0, 0x00, 0x00, 0x00, 0x2F, 0x40, 0x00, 0x00, 0x00, 0xFC, 0x00, 0x00, 0x00, 0x07, 0xF0,
    0x00, 0x00, 0x00, 0x2F, 0x80, 0x00, 0x00, 0x00, 0xFC, 0x00, 0x00, 0x00, 0x03, 0xF0, 0x05, 0x54,
    0x00, 0x2F, 0x80, 0x7F, 0xF8, 0x00, 0xFD, 0x01, 0xFF, 0xF0, 0x03, 0xF0, 0x02, 0xBF, 0xC0, 0x1F,
    0x80, 0x00, 0x7F, 0x40, 0xBD, 0x00, 0x00, 0xFE, 0x03, 0xF0, 0x00, 0x03, 0xFC, 0x1F, 0x80, 0x00,
    0x0B, 0xF0, 0xBD, 0x00, 0x00, 0x0F, 0xD3, 0xF0, 0x00, 0x00, 0x3F, 0x8F, 0xC0, 0x00, 0x00, 0xBF,
    0x7D, 0x00, 0x00, 0x01, 0xFF, 0xF0, 0x00, 0x00, 0x03, 0xFF, 0xC0, 0x00, 0x00, 0x0B, 0xFE, 0x00,
    0x00, 0x00, 0x1F, 0xF0, 0x00, 0x00, 0x00, 0x3F, 0xC0, 0x00, 0x00, 0x00, 0x14, 0x00, 0x00, 0x00,
    0x50, 0x00, 0x10, 0xBF, 0xD0, 0x1F, 0x3F, 0xFF, 0x4B, 0xF7, 0xFA, 0xFE, 0xFD, 0xBD, 0x07, 0xFE,
    0x0F, 0xC0, 0x2F, 0xC0, 0xFC, 0x03, 0xFD, 0x0B, 0xE0, 0xBF, 0xF4, 0x7F, 0xFF, 0x5F, 0xE3, 0xFF,
    0xD0, 0xBF, 0x0B, 0xE4, 0x01, 0xF0, 0x00, 0x00, 0x00, 0x00, 0x40, 0x00, 0x14, 0x00, 0xBF, 0xC0,
    0x1F, 0xF4, 0x2F, 0xFF, 0x0B, 0xFF, 0xC3, 0xFA, 0xFE, 0xFE, 0xFD, 0xBD, 0x07, 0xFD, 0x07, 0xEB,
    0xC0, 0x2F, 0xC0, 0x3E, 0xBD, 0x03, 0xFC, 0x03, 0xEB, 0xE0, 0xFF, 0xF0, 0xBE, 0x7F, 0xFF, 0x5F,
    0xFF, 0xC2, 0xFF, 0xD0, 0xBF, 0xF8, 0x0B, 0xF4, 0x01, 0xFD, 0x00, 0x00, 0x00, 0x00, 0x00, 0x00,
    0xFD, 0x00, 0x00, 0x00, 0x03, 0xF4, 0x00, 0x00, 0x00, 0x0F, 0xD0, 0x00, 0x00, 0x00, 0x3F, 0x40,
    0x00, 0x00, 0x00, 0xFD, 0x00, 0x00, 0x00, 0x03, 0xF4, 0x00, 0x00, 0x00, 0x0F, 0xD0, 0x00, 0x00,
    0x00, 0x3F, 0x40, 0x00, 0x00, 0x00, 0xFD, 0x00, 0x00, 0x00, 0x03, 0xF4, 0x00, 0x00, 0x00, 0x0F,
    0xD0, 0x00, 0x00, 0x00, 0x3F, 0x40, 0x00, 0x00, 0x00, 0xFD, 0x00, 0x00, 0x00, 0x03, 0xF4, 0x00,
    0x00, 0x00, 0x0F, 0xD0, 0x00, 0x00, 0x00, 0x3F, 0x40, 0x00, 0x00, 0x00, 0xFE, 0xAA, 0xAA, 0xAA,
    0x83, 0xFF, 0xFF, 0xFF, 0xFF, 0x0F, 0xFF, 0xFF, 0xFF, 0xFC, 0x3F, 0xFF, 0xFF, 0xFF, 0xF0, 0x00,
    0x00, 0x00, 0x00, 0x00, 0x00, 0x00, 0x00, 0x00, 0x02, 0x80, 0x00, 0x00, 0x00, 0x00, 0x1F, 0xC0,
    0x00, 0x00, 0x00, 0x00, 0xFF, 0x40, 0x00, 0x00, 0x00, 0x0F, 0xF8, 0x00, 0x00, 0x00, 0x00, 0xFF,
    0x80, 0x00, 0x00, 0x00, 0x0B, 0xFC, 0x00, 0x00, 0x00, 0x00, 0x7F, 0xC0, 0x00, 0x00, 0x00, 0x03,
    0xFD, 0x00, 0x00, 0x00, 0x00, 0x3F, 0xE0, 0x00, 0x00, 0x00, 0x03, 0xFE, 0x00, 0x00, 0x00, 0x00,
    0x2F, 0xF0, 0x00, 0x00, 0x00, 0x01, 0xFF, 0x00, 0x00, 0x00, 0x00, 0x0F, 0xF4, 0x00, 0x00, 0x00,
    0x00, 0xFF, 0x40, 0x00, 0x00, 0x00, 0x0F, 0xF8, 0x00, 0x00, 0x00, 0x00, 0xBF, 0xC0, 0x00, 0x00,
    0x00, 0x07, 0xFE, 0xAA, 0xAA, 0xAA, 0x80, 0x3F, 0xFF, 0xFF, 0xFF, 0xFF, 0x03, 0xFF, 0xFF, 0xFF,
    0xFF, 0xFC, 0x3F, 0xFF, 0xFF, 0xFF, 0xFF, 0xF0, 0x15, 0x2F, 0xCB, 0xF2, 0xFC, 0xBF, 0x2F, 0xCB,
    0xF2, 0xFC, 0xBF, 0x2F, 0xCB, 0xF2, 0xFC, 0xBF, 0x2F, 0xCB, 0xF2, 0xFC, 0xBF, 0x2F, 0xCB, 0xF2,
    0xFC, 0xBF, 0x2F, 0xCB, 0xF2, 0xFC, 0xBF, 0x2F, 0xCB, 0xF2, 0xFC, 0xBF, 0x1A, 0x80, 0x15, 0x01,
    0x52, 0xFC, 0x2F, 0xCB, 0xF0, 0xBF, 0x2F, 0xC2, 0xFC, 0xBF, 0x0B, 0xF2, 0xFC, 0x2F, 0xCB, 0xF0,
    0xBF, 0x2F, 0xC2, 0xFC, 0xBF, 0x0B, 0xF2, 0xFC, 0x2F, 0xCB, 0xF0, 0xBF, 0x2F, 0xC2, 0xFC, 0xBF,
    0x0B, 0xF2, 0xFC, 0x2F, 0xCB, 0xF0, 0xBF, 0x2F, 0xC2, 0xFC, 0xBF, 0x0B, 0xF2, 0xFC, 0x2F, 0xCB,
    0xF0, 0xBF, 0x2F, 0xC2, 0xFC, 0xBF, 0x0B, 0xF2, 0xFC, 0x2F, 0xCB, 0xF0, 0xBF, 0x2F, 0xC2, 0xFC,
    0xBF, 0x0B, 0xF2, 0xFC, 0x2F, 0xCB, 0xF0, 0xBF, 0x2F, 0xC2, 0xFC, 0xBF, 0x0B, 0xF1, 0xA8, 0x1A,
    0x80, 0x00, 0x00, 0x00, 0x00, 0x00, 0x00, 0x00, 0x0F, 0xD0, 0x00, 0x00, 0x00, 0x0B, 0xFC, 0x00,
    0x00, 0x00, 0x03, 0xFF, 0x40, 0x00, 0x00, 0x01, 0xFF, 0xE0, 0x00, 0x00, 0x00, 0xFF, 0xFC, 0x00,
    0x00, 0x00, 0x3F, 0xBF, 0x80, 0x00, 0x00, 0x2F, 0xCF, 0xF0, 0x00, 0x00, 0x0F, 0xE1, 0xFD, 0x00,
    0x00, 0x07, 0xF4, 0x3F, 0x80, 0x00, 0x03, 0xFC, 0x0B, 0xF0, 0x00, 0x01, 0xFE, 0x01, 0xFE, 0x00,
    0x00, 0xBF, 0x00, 0x3F, 0xC0, 0x00, 0x3F, 0xC0, 0x07, 0xF4, 0x00, 0x2F, 0xD0, 0x00, 0xFF, 0x00,
    0x0F, 0xF0, 0x00, 0x2F, 0xC0, 0x07, 0xF8, 0x00, 0x07, 0xF8, 0x02, 0xFC, 0x00, 0x00, 0xFF, 0x00,
    0xFF, 0x00, 0x00, 0x2F, 0xD0, 0xBF, 0x40, 0x00, 0x03, 0xFC, 0x3F, 0xC0, 0x00, 0x00, 0xFF, 0x00,
    0x00, 0x00, 0x00, 0x00, 0x00, 0x0F, 0xF0, 0x00, 0x00, 0x3F, 0xC2, 0xFD, 0x00, 0x00, 0x0F, 0xF0,
    0x3F, 0xC0, 0x00, 0x0B, 0xF4, 0x0B, 0xF0, 0x00, 0x03, 0xFC, 0x01, 0xFE, 0x00, 0x01, 0xFE, 0x00,
    0x3F, 0xC0, 0x00, 0xFF, 0x00, 0x07, 0xF4, 0x00, 0x3F, 0x80, 0x00, 0xFF, 0x00, 0x2F, 0xD0, 0x00,
    0x2F, 0xC0, 0x0F, 0xF0, 0x00, 0x03, 0xF8, 0x07, 0xF8, 0x00, 0x00, 0xFF, 0x02, 0xFC, 0x00, 0x00,
    0x1F, 0xD0, 0xFE, 0x00, 0x00, 0x03, 0xFC, 0x7F, 0x40, 0x00, 0x00, 0xBF, 0x3F, 0xC0, 0x00, 0x00,
    0x0F, 0xFF, 0xD0, 0x00, 0x00, 0x03, 0xFF, 0xF0, 0x00, 0x00, 0x00, 0x7F, 0xF8, 0x00, 0x00, 0x00,
    0x0F, 0xFC, 0x00, 0x00, 0x00, 0x02, 0xFF, 0x00, 0x00, 0x00, 0x00, 0x3F, 0x40, 0x00, 0x00, 0x00,
    0x1A, 0xA9, 0x00, 0x00, 0x7F, 0xFF, 0xF4, 0x00, 0xBF, 0xFF, 0xFF, 0x80, 0x7F, 0xFA, 0xBF, 0xF4,
    0x3F, 0xD0, 0x02, 0xFF, 0x0F, 0xE0, 0x00, 0x2F, 0xC7, 0xF0, 0x00, 0x03, 0xF5, 0xFC, 0x00, 0x00,
    0xFD, 0xBF, 0x00, 0x00, 0x3F, 0xAF, 0xC0, 0x00, 0x0F, 0xEB, 0xF0, 0x00, 0x03, 0xFA, 0xFC, 0x00,
    0x00, 0xFE, 0xBF, 0x00, 0x00, 0x3F, 0xAF, 0xC0, 0x00, 0x0F, 0xEB, 0xF0, 0x00, 0x03, 0xFA, 0xFC,
    0x00, 0x00, 0xFE, 0xBF, 0x00, 0x00, 0x3F, 0xAF, 0xC0, 0x00, 0x0F, 0xEB, 0xF0, 0x00, 0x03, 0xFA,
    0xFC, 0x00, 0x00, 0xFE, 0xBF, 0x00, 0x00, 0x3F, 0x80, 0x00, 0x00, 0x00, 0x00, 0x2F, 0xC0, 0x00,
    0x0F, 0xEB, 0xF0, 0x00, 0x03, 0xFA, 0xFC, 0x00, 0x00, 0xFE, 0xBF, 0x00, 0x00, 0x3F, 0xAF, 0xC0,
    0x00, 0x0F, 0xEB, 0xF0, 0x00, 0x03, 0xFA, 0xFC, 0x00, 0x00, 0xFE, 0xBF, 0x00, 0x00, 0x3F, 0xAF,
    0xC0, 0x00, 0x0F, 0xEB, 0xF0, 0x00, 0x03, 0xFA, 0xFC, 0x00, 0x00, 0xFE, 0xBF, 0x00, 0x00, 0x3F,
    0xAF, 0xC0, 0x00, 0x0F, 0xE7, 0xF0, 0x00, 0x03, 0xF5, 0xFD, 0x00, 0x01, 0xFD, 0x3F, 0x80, 0x00,
    0xBF, 0x0F, 0xF8, 0x00, 0xBF, 0xC1, 0xFF, 0xFF, 0xFF, 0xC0, 0x1F, 0xFF, 0xFF, 0xD0, 0x00, 0xBF,
    0xFF, 0x80, 0x00, 0x01, 0x55, 0x00, 0x00, 0x00, 0x00, 0x0A, 0x90, 0x00, 0x00, 0xBF, 0xFD, 0x00,
    0x03, 0xFF, 0xFF, 0x00, 0x07, 0xFD, 0xBE, 0x00, 0x0F, 0xF4, 0x38, 0x00, 0x0F, 0xF4, 0x00, 0x00,
    0x0F, 0xF4, 0x00, 0x00, 0x0F, 0xF4, 0x00, 0x00, 0x0F, 0xF4, 0x00, 0x00, 0x0F, 0xF4, 0x00, 0x00,
    0x0F, 0xF4, 0x00, 0x00, 0x0F, 0xF4, 0x00, 0x00, 0x0F, 0xF4, 0x00, 0x00, 0x0F, 0xF4, 0x00, 0x00,
    0x0F, 0xF4, 0x00, 0x00, 0x0F, 0xF4, 0x00, 0x00, 0x0F, 0xF4, 0x00, 0x00, 0x0F, 0xF4, 0x00, 0x00,
    0x0F, 0xF4, 0x00, 0x00, 0x0F, 0xF4, 0x00, 0x00, 0x0F, 0xF4, 0x00, 0x00, 0x0F, 0xF4, 0x00, 0x00,
    0x0F, 0xF4, 0x00, 0x00, 0x0F, 0xF0, 0x00, 0x00, 0x1F, 0xF0, 0x00, 0x1C, 0x1F, 0xF0, 0x00, 0xBE,
    0x2F, 0xE0, 0x00, 0xFF, 0xFF, 0xC0, 0x00, 0x7F, 0xFF, 0x00, 0x00, 0x0A, 0xE4, 0x00, 0x00, 0x00,
    0x00, 0x00, 0x00, 0x00, 0x00, 0x07, 0xF4, 0x00, 0x00, 0x00, 0x3F, 0xF0, 0x00, 0x00, 0x00, 0xFF,
    0xC0, 0x00, 0x00, 0x03, 0xFF, 0x00, 0x00, 0x00, 0x01, 0x90, 0x00, 0x00, 0x00, 0x00, 0x00, 0x00,
    0x00, 0x00, 0x00, 0x00, 0x00, 0x00, 0x00, 0x00, 0x00, 0x00, 0x00, 0x00, 0x00, 0x00, 0x00, 0x00,
    0x00, 0x00, 0x00, 0x00, 0x00, 0x00, 0x00, 0x00, 0x00, 0x00, 0x00, 0x00, 0x00, 0xFF, 0x00, 0x00,
    0x2F, 0xCB, 0xFD, 0x00, 0x01, 0xFF, 0xAF, 0xF4, 0x00, 0x07, 0xFE, 0x7F, 0xC0, 0x00, 0x0F, 0xF4,
    0x14, 0x00, 0x00, 0x05, 0x00, 0x00, 0x00, 0x00, 0x00, 0x00, 0xBE, 0x00, 0x00, 0x2F, 0xCB, 0xFD,
    0x00, 0x01, 0xFF, 0xAF, 0xF4, 0x00, 0x07, 0xFE, 0x7F, 0xC0, 0x00, 0x0F, 0xF4, 0x64, 0x00, 0x00,
    0x0A, 0x40, 0x00, 0x00, 0x00, 0x00, 0x00, 0x00, 0x00, 0x00, 0x00, 0x00, 0x00, 0x00, 0x00, 0x00,
    0x00, 0x00, 0x00, 0x00, 0x00, 0x00, 0x00, 0x00, 0x00, 0x00, 0x00, 0x00, 0x00, 0x00, 0x00, 0x00,
    0x00, 0x00, 0x00, 0x00, 0x07, 0xF8, 0x00, 0x00, 0x00, 0x3F, 0xF0, 0x00, 0x00, 0x00, 0xFF, 0xC0,
    0x00, 0x00, 0x02, 0xFE, 0x00, 0x00, 0x00, 0x01, 0x50, 0x00, 0x00, 0x06, 0x80, 0xFF, 0xC3, 0xFF,
    0x0F, 0xFC, 0x1F, 0xD0, 0x00, 0x00, 0x00, 0x00, 0x00, 0x00, 0x00, 0x00, 0x00, 0x00, 0x01, 0xA0,
    0x3F, 0xF0, 0xFF, 0xC3, 0xFF, 0x07, 0xF0, 0x00, 0x00, 0x00, 0x00, 0x00, 0xBE, 0x00, 0x00, 0x2F,
    0xCB, 0xFD, 0x00, 0x01, 0xFF, 0xAF, 0xF4, 0x00, 0x07, 0xFE, 0x7F, 0xC0, 0x00, 0x0F, 0xF4, 0x64,
    0x00, 0x00, 0x0A, 0x40, 0x00, 0x00, 0x00, 0x00, 0x00, 0x00, 0x00, 0x00, 0x00, 0x00, 0x00, 0x00,
    0x00, 0x00, 0x00, 0x00, 0x00, 0x00, 0x00, 0x00, 0x00, 0x00, 0x00, 0x00, 0x00, 0x00, 0x00, 0x00,
    0x00, 0x00, 0x00, 0x00, 0x00, 0xFF, 0x00, 0x00, 0x2F, 0xCB, 0xFD, 0x00, 0x01, 0xFF, 0xAF, 0xF4,
    0x00, 0x07, 0xFE, 0x7F, 0xC0, 0x00, 0x0F, 0xF4, 0x14, 0x00, 0x00, 0x05, 0x00, 0x00, 0x00, 0x00,
    0x00, 0x00, 0xAA, 0x40, 0x01, 0x81, 0xFF, 0xFD, 0x01, 0xF9, 0xFF, 0xFF, 0xFF, 0xFD, 0xBD, 0x02,
    0xFF, 0xFE, 0x0E, 0x00, 0x0B, 0xF9, 0x00, 0x00, 0x00, 0x00, 0x00, 0x00, 0x00, 0x00, 0x00, 0x02,
    0xFF, 0xD0, 0x03, 0xC3, 0xFF, 0xFF, 0x47, 0xFA, 0xFE, 0xBF, 0xFF, 0xFC, 0xBC, 0x00, 0xBF, 0xFC,
    0x04, 0x00, 0x01, 0x94, 0x00, 0x00, 0x00, 0x00, 0x00, 0x00, 0x00, 0x00, 0x00, 0xBF, 0xFF, 0xFF,
    0xFF, 0x6F, 0xFF, 0xFF, 0xFF, 0xD7, 0xFF, 0xFF, 0xFF, 0xF4, 0x00, 0x00, 0x00, 0x00, 0x00, 0x00,
    0x00, 0x00, 0x1A, 0xAA, 0xAA, 0xAA, 0x9B, 0xFF, 0xFF, 0xFF, 0xF6, 0xFF, 0xFF, 0xFF, 0xFD, 0x00,
    0x00, 0x00, 0x00, 0x00, 0x01, 0x40, 0x00, 0x01, 0xFF, 0xC0, 0x2E, 0x7F, 0xFF, 0x87, 0xFF, 0xFB,
    0xFF, 0xFE, 0xFC, 0x0B, 0xFF, 0xC2, 0x40, 0x0B, 0xD0, 0x01, 0x50, 0x00, 0x41, 0xFF, 0xC0, 0x2E,
    0x7F, 0xFF, 0x87, 0xFF, 0xFB, 0xFF, 0xFE, 0xFC, 0x0B, 0xFF, 0xC2, 0x40, 0x0B, 0xD0, 0x00, 0x00,
    0x00, 0x00, 0x0F, 0x94, 0x00, 0x5B, 0xC3, 0xFF, 0xFF, 0xFF, 0xF0, 0xBF, 0xFF, 0xFF, 0xF8, 0x00,
    0x5A, 0xA9, 0x40, 0x00, 0x00, 0x00, 0x00, 0x00, 0x00, 0x00, 0x00, 0x00, 0x06, 0xAF, 0xEA, 0x40,
    0x3F, 0xFF, 0xFF, 0xFF, 0x0F, 0xFF, 0xFF, 0xFF, 0xC3, 0x90, 0x00, 0x01, 0xB0, 0x00, 0x00, 0x00,
    0x00, 0x00, 0x00, 0x00, 0x00, 0x00, 0x03, 0xD0, 0x00, 0x00, 0xBD, 0x07, 0xFF, 0xFF, 0xFD, 0x7F,
    0xFF, 0xFF, 0xD7, 0xFF, 0xFF, 0xFD, 0x00, 0x0F, 0xC0, 0x00, 0x02, 0xF4, 0x00, 0x15, 0x7F, 0x55,
    0x47, 0xFF, 0xFF, 0xFD, 0x7F, 0xFF, 0xFF, 0xD1, 0x7F, 0x55, 0x54, 0x07, 0xD0, 0x00, 0x00, 0x28,
    0x00, 0x00, 0x00, 0x00, 0x00, 0x00, 0x15, 0x55, 0x55, 0x55, 0x2F, 0xFF, 0xFF, 0xFF, 0xDB, 0xFF,
    0xFF, 0xFF, 0xF4, 0x55, 0x55, 0x55, 0x54, 0x00, 0x00, 0x00, 0x00, 0x00, 0x00, 0x00, 0x00, 0x0B,
    0xFF, 0xFF, 0xFF, 0xF6, 0xFF, 0xFF, 0xFF, 0xFD, 0x7F, 0xFF, 0xFF, 0xFF, 0x40, 0x00, 0x00, 0x00,
    0x00, 0x00, 0x00, 0x00, 0x01, 0xAA, 0xAA, 0xAA, 0xA9, 0xBF, 0xFF, 0xFF, 0xFF, 0x6F, 0xFF, 0xFF,
    0xFF, 0xD0, 0x00, 0x00, 0x00, 0x00, 0x00, 0x00, 0x00, 0x00, 0x00, 0x00, 0xB8, 0x00, 0x00, 0xBF,
    0xC0, 0x00, 0xBF, 0xF4, 0x00, 0xBF, 0xF4, 0x00, 0xBF, 0xE0, 0x00, 0x7F, 0xE0, 0x00, 0x07, 0xFE,
    0x00, 0x00, 0x1F, 0xFE, 0x00, 0x00, 0x1F, 0xFE, 0x00, 0x00, 0x1F, 0xFE, 0x00, 0x00, 0x1F, 0xFC,
    0x00, 0x00, 0x2F, 0xC0, 0x00, 0x00, 0x20, 0x00, 0x00, 0x00, 0x07, 0xFF, 0xFF, 0xFD, 0x7F, 0xFF,
    0xFF, 0xD7, 0xFF, 0xFF, 0xFD, 0x04, 0x00, 0x00, 0x02, 0xF4, 0x00, 0x00, 0x3F, 0xF4, 0x00, 0x01,
    0xBF, 0xF4, 0x00, 0x00, 0xBF, 0xF4, 0x00, 0x00, 0xBF, 0xF4, 0x00, 0x00, 0xBF, 0xD0, 0x00, 0x07,
    0xFD, 0x00, 0x0B, 0xFF, 0x40, 0x0B, 0xFF, 0x40, 0x0B, 0xFF, 0x40, 0x03, 0xFF, 0x40, 0x00, 0x2E,
    0x40, 0x00, 0x00, 0x00, 0x00, 0x00, 0x00, 0x00, 0x00, 0x07, 0xFF, 0xFF, 0xFD, 0x7F, 0xFF, 0xFF,
    0xD7, 0xFF, 0xFF, 0xFD, 0x00, 0x00, 0x00, 0x00, 0x00, 0x00, 0x00, 0x00, 0x02, 0xE0, 0x00, 0x0B,
    0x40, 0x00, 0x0B, 0xFC, 0x00, 0x7F, 0xF0, 0x00, 0x2F, 0xFD, 0x01, 0xFF, 0xE0, 0x00, 0xBF, 0xF4,
    0x07, 0xFF, 0x80, 0x02, 0xFF, 0x80, 0x1F, 0xFE, 0x00, 0x03, 0xFE, 0x00, 0x2F, 0xF4, 0x00, 0x01,
    0xFF, 0x80, 0x0B, 0xFD, 0x00, 0x00, 0x1F, 0xFE, 0x00, 0x7F, 0xF8, 0x00, 0x00, 0x7F, 0xF8, 0x01,
    0xFF, 0xE0, 0x00, 0x01, 0xFF, 0xE0, 0x0B, 0xFF, 0x80, 0x00, 0x07, 0xFF, 0x00, 0x2F, 0xFC, 0x00,
    0x00, 0x1F, 0xC0, 0x00, 0xBD, 0x00, 0x00, 0x00, 0x50, 0x00, 0x02, 0x00, 0x00, 0x00, 0x00, 0x00,
    0x00, 0x00, 0x07, 0x80, 0x00, 0x2E, 0x00, 0x00, 0x03, 0xFE, 0x40, 0x0F, 0xF8, 0x00, 0x00, 0x2F,
    0xFD, 0x01, 0xFF, 0xE0, 0x00, 0x00, 0xBF, 0xF4, 0x07, 0xFF, 0x80, 0x00, 0x02, 0xFF, 0xD0, 0x0B,
    0xFE, 0x00, 0x00, 0x07, 0xFE, 0x00, 0x2F, 0xF0, 0x00, 0x01, 0xFF, 0x80, 0x0B, 0xFC, 0x00, 0x0B,
    0xFF, 0x40, 0x2F, 0xFD, 0x00, 0x2F, 0xFD, 0x00, 0xBF, 0xF4, 0x00, 0xBF, 0xF8, 0x02, 0xFF, 0xD0,
    0x00, 0xFF, 0xE0, 0x07, 0xFF, 0x40, 0x00, 0x2F, 0x80, 0x00, 0xFD, 0x00, 0x00, 0x02, 0x00, 0x00,
    0x14, 0x00, 0x00, 0x00, 0x15, 0x55, 0x55, 0x00, 0x00, 0x0F, 0xFF, 0xFF, 0xFF, 0x40, 0x03, 0xFF,
    0xFF, 0xFF, 0xFC, 0x00, 0xFF, 0xFF, 0xFF, 0xFF, 0xC0, 0x00, 0x00, 0x00, 0x1F, 0xFC, 0x00, 0x00,
    0x00, 0x00, 0xFF, 0x40, 0x00, 0x00, 0x00, 0x1F, 0xF0, 0x00, 0x00, 0x00, 0x03, 0xFC, 0x00, 0x00,
    0x00, 0x00, 0xFF, 0x00, 0x00, 0x00, 0x00, 0x3F, 0xC0, 0x00, 0x00, 0x00, 0x0F, 0xF0, 0x00, 0x00,
    0x00, 0x07, 0xF8, 0x00, 0x00, 0x00, 0x03, 0xFD, 0x00, 0x00, 0x00, 0x0B, 0xFF, 0x03, 0xFF, 0xFF,
    0xFF, 0xFF, 0x00, 0xFF, 0xFF, 0xFF, 0xFF, 0x00, 0x3F, 0xFF, 0xFF, 0xF9, 0x00, 0x05, 0x55, 0x55,
    0x00, 0x00, 0x00, 0x00, 0x00, 0x00, 0x01, 0x50, 0x00, 0x00, 0x00, 0x01, 0xFC, 0x00, 0x00, 0x00,
    0x00, 0xBF, 0x00, 0x00, 0x00, 0x00, 0x3F, 0x40, 0x00, 0x00, 0x05, 0x6F, 0xD5, 0x00, 0x06, 0xFF,
    0xFF, 0xFF, 0xC0, 0x0F, 0xFF, 0xFF, 0xFF, 0xF0, 0x0F, 0xFF, 0xFF, 0xFF, 0xFC, 0x0F, 0xFE, 0x00,
    0xFE, 0x00, 0x07, 0xFC, 0x00, 0x7F, 0x00, 0x03, 0xFD, 0x00, 0x2F, 0xC0, 0x00, 0xFF, 0x00, 0x0F,
    0xE0, 0x00, 0x3F, 0xC0, 0x07, 0xF0, 0x00, 0x0F, 0xF0, 0x03, 0xFC, 0x00, 0x03, 0xFC, 0x00, 0xFD,
    0x00, 0x00, 0xFF, 0x40, 0x7F, 0x00, 0x00, 0x1F, 0xF0, 0x3F, 0x80, 0x00, 0x03, 0xFF, 0x9F, 0xD0,
    0x00, 0x00, 0x3F, 0xFF, 0xFF, 0xFF, 0xF0, 0x03, 0xFF, 0xFF, 0xFF, 0xFC, 0x00, 0x1B, 0xFF, 0xFF,
    0xFF, 0x00, 0x00, 0xBF, 0x55, 0x55, 0x40, 0x00, 0x3F, 0x80, 0x00, 0x00, 0x00, 0x1F, 0xC0, 0x00,
    0x00, 0x00, 0x0B, 0xF0, 0x00, 0x00, 0x00, 0x01, 0xA4, 0x00, 0x00, 0x00, 0x00, 0x00, 0x00, 0x54,
    0x00, 0x00, 0x00, 0x00, 0xFF, 0x00, 0x00, 0x00, 0x00, 0x3F, 0x40, 0x00, 0x00, 0x00, 0x2F, 0xC0,
    0x00, 0x15, 0x55, 0x5F, 0xE0, 0x00, 0x0F, 0xFF, 0xFF, 0xFE, 0x40, 0x03, 0xFF, 0xFF, 0xFF, 0xFC,
    0x00, 0xFF, 0xFF, 0xFF, 0xFF, 0xC0, 0x00, 0x00, 0x7F, 0x6F, 0xFC, 0x00, 0x00, 0x2F, 0xC0, 0xFF,
    0x40, 0x00, 0x0F, 0xE0, 0x2F, 0xF0, 0x00, 0x07, 0xF0, 0x03, 0xFC, 0x00, 0x03, 0xFC, 0x00, 0xFF,
    0x00, 0x00, 0xFD, 0x00, 0x3F, 0xC0, 0x00, 0xBF, 0x00, 0x0F, 0xF0, 0x00, 0x3F, 0x80, 0x07, 0xFC,
    0x00, 0x0F, 0xD0, 0x03, 0xFD, 0x00, 0x0B, 0xF0, 0x07, 0xFF, 0x03, 0xFF, 0xFF, 0xFF, 0xFF, 0x00,
    0xFF, 0xFF, 0xFF, 0xFF, 0x00, 0x3F, 0xFF, 0xFF, 0xF9, 0x00, 0x05, 0x7F, 0x95, 0x40, 0x00, 0x00,
    0x1F, 0xC0, 0x00, 0x00, 0x00, 0x0F, 0xE0, 0x00, 0x00, 0x00, 0x03, 0xF4, 0x00, 0x00, 0x00, 0x00,
    0x54, 0x00, 0x00, 0x00, 0x00, 0x00, 0x00, 0x00, 0x00, 0x00, 0x00, 0x6F, 0xFF, 0xFF, 0xE0, 0x2F,
    0xFF, 0xFF, 0xFF, 0x83, 0xFF, 0xFF, 0xFF, 0xFE, 0x2F, 0xFD, 0x40, 0x00, 0x00, 0xFF, 0x40, 0x00,
    0x00, 0x07, 0xF8, 0x00, 0x00, 0x00, 0x2F, 0xD0, 0x00, 0x00, 0x00, 0xBF, 0x40, 0x00, 0x00, 0x02,
    0xFE, 0x00, 0x00, 0x00, 0x07, 0xFC, 0x00, 0x00, 0x00, 0x0F, 0xF8, 0x00, 0x00, 0x00, 0x1F, 0xFE,
    0xAA, 0xAA, 0xA4, 0x1F, 0xFF, 0xFF, 0xFF, 0xE0, 0x0F, 0xFF, 0xFF, 0xFF, 0x80, 0x01, 0xAF, 0xFF,
    0xFE, 0x00, 0x00, 0x00, 0x00, 0x00, 0x55, 0x55, 0x55, 0x55, 0x43, 0xFF, 0xFF, 0xFF, 0xFF, 0x8F,
    0xFF, 0xFF, 0xFF, 0xFE, 0x3F, 0xFF, 0xFF, 0xFF, 0xF8, 0x00, 0x00, 0x00, 0x00, 0x02, 0xFF, 0xFF,
    0xFE, 0x40, 0x0B, 0xFF, 0xFF, 0xFF, 0xE0, 0x2F, 0xFF, 0xFF, 0xFF, 0xF0, 0x00, 0x00, 0x05, 0xFF,
    0xE0, 0x00, 0x00, 0x00, 0x7F, 0xC0, 0x00, 0x00, 0x00, 0xBF, 0x40, 0x00, 0x00, 0x01, 0xFE, 0x00,
    0x00, 0x00, 0x07, 0xF8, 0x00, 0x00, 0x00, 0x2F, 0xE0, 0x00, 0x00, 0x00, 0xFF, 0x40, 0x00, 0x00,
    0x0B, 0xFC, 0x6A, 0xAA, 0xAA, 0xFF, 0xD2, 0xFF, 0xFF, 0xFF, 0xFD, 0x0B, 0xFF, 0xFF, 0xFF, 0xC0,
    0x2F, 0xFF, 0xFE, 0x90, 0x00, 0x00, 0x00, 0x00, 0x00, 0x00, 0x55, 0x55, 0x55, 0x55, 0x4B, 0xFF,
    0xFF, 0xFF, 0xFF, 0x2F, 0xFF, 0xFF, 0xFF, 0xFC, 0xBF, 0xFF, 0xFF, 0xFF, 0xF0, 0x00, 0x00, 0x15,
    0x00, 0x00, 0x00, 0x02, 0xFF, 0xFE, 0x00, 0x00, 0x0B, 0xFF, 0xFF, 0xF8, 0x00, 0x0F, 0xE0, 0xB8,
    0x2F, 0xC0, 0x0F, 0xD0, 0x2E, 0x01, 0xFC, 0x07, 0xD0, 0x0B, 0x80, 0x1F, 0x43, 0xE0, 0x02, 0xE0,
    0x02, 0xF1, 0xF0, 0x00, 0xB8, 0x00, 0x3D, 0xB8, 0x00, 0x2E, 0x00, 0x0F, 0xBE, 0x00, 0x0B, 0x80,
    0x02, 0xFF, 0xFF, 0xFF, 0xFF, 0xFF, 0xFF, 0xFF, 0xFF, 0xFF, 0xFF, 0xFF, 0xF8, 0x00, 0x2E, 0x00,
    0x0B, 0xEE, 0x00, 0x0B, 0x80, 0x02, 0xE7, 0xC0, 0x02, 0xE0, 0x00, 0xF4, 0xF8, 0x00, 0xB8, 0x00,
    0xBC, 0x2F, 0x00, 0x2E, 0x00, 0x3E, 0x03, 0xF0, 0x0B, 0x80, 0x3F, 0x00, 0x3F, 0x82, 0xE0, 0xBF,
    0x00, 0x02, 0xFF, 0xFF, 0xFE, 0x00, 0x00, 0x1F, 0xFF, 0xFD, 0x00, 0x00, 0x00, 0x15, 0x50, 0x00,
    0x00, 0x00, 0x00, 0x15, 0x00, 0x00, 0x00, 0x02, 0xFF, 0xFE, 0x00, 0x00, 0x0B, 0xFE, 0xAF, 0xF8,
    0x00, 0x0F, 0xE0, 0x00, 0x2F, 0xC0, 0x0F, 0xD0, 0x00, 0x01, 0xFC, 0x07, 0xD0, 0x00, 0x00, 0x1F,
    0x43, 0xE0, 0x00, 0x00, 0x02, 0xF1, 0xF0, 0x00, 0x00, 0x00, 0x3D, 0xB8, 0x00, 0x00, 0x00, 0x0B,
    0xBE, 0x00, 0x00, 0x00, 0x02, 0xFF, 0xFF, 0xFF, 0xFF, 0xFF, 0xFF, 0xFF, 0xFF, 0xFF, 0xFF, 0xFF,
    0xF8, 0x00, 0x00, 0x00, 0x0B, 0xEE, 0x00, 0x00, 0x00, 0x02, 0xE7, 0xC0, 0x00, 0x00, 0x00, 0xF4,
    0xF8, 0x00, 0x00, 0x00, 0xBC, 0x2F, 0x00, 0x00, 0x00, 0x3E, 0x03, 0xF0, 0x00, 0x00, 0x3F, 0x00,
    0x3F, 0x80, 0x00, 0xBF, 0x00, 0x02, 0xFF, 0xAB, 0xFE, 0x00, 0x00, 0x1F, 0xFF, 0xFD, 0x00, 0x00,
    0x00, 0x15, 0x50, 0x00, 0x00, 0x00, 0x00, 0x15, 0x00, 0x00, 0x00, 0x02, 0xFF, 0xFE, 0x00, 0x00,
    0x0B, 0xFE, 0xAF, 0xF8, 0x00, 0x0F, 0xE0, 0x00, 0x2F, 0xC0, 0x0F, 0xE0, 0x00, 0x02, 0xFC, 0x07,
    0xFE, 0x00, 0x02, 0xFF, 0x43, 0xEB, 0xE0, 0x02, 0xFA, 0xF1, 0xF0, 0xBE, 0x02, 0xF8, 0x3D, 0xB8,
    0x0B, 0xE2, 0xF8, 0x0F, 0xBE, 0x00, 0xBF, 0xF8, 0x02, 0xFF, 0x40, 0x0B, 0xF8, 0x00, 0x7F, 0xD0,
    0x02, 0xFD, 0x00, 0x1F, 0xF8, 0x02, 0xFF, 0xD0, 0x0B, 0xEE, 0x02, 0xF8, 0xBD, 0x02, 0xE7, 0xC2,
    0xF8, 0x0B, 0xE0, 0xF4, 0xFA, 0xF8, 0x00, 0xBE, 0xBC, 0x2F, 0xF8, 0x00, 0x0B, 0xFE, 0x03, 0xF8,
    0x00, 0x00, 0xFF, 0x00, 0x3F, 0x80, 0x00, 0xBF, 0x00, 0x02, 0xFF, 0xAB, 0xFE, 0x00, 0x00, 0x1F,
    0xFF, 0xFD, 0x00, 0x00, 0x00, 0x15, 0x50, 0x00, 0x00, 0x00, 0x00, 0x15, 0x00, 0x00, 0x00, 0x02,
    0xFF, 0xFE, 0x00, 0x00, 0x0B, 0xFE, 0xAF, 0xF8, 0x00, 0x0F, 0xE0, 0x00, 0x2F, 0xC0, 0x0F, 0xD0,
    0x00, 0x02, 0xFC, 0x07, 0xD0, 0x00, 0x02, 0xFF, 0x43, 0xE0, 0x00, 0x02, 0xFA, 0xF1, 0xF0, 0x00,
    0x02, 0xF8, 0x3D, 0xBC, 0x00, 0x02, 0xF8, 0x0F, 0xBE, 0x00, 0x02, 0xF8, 0x02, 0xFF, 0x40, 0x02,
    0xF8, 0x00, 0x7F, 0xD0, 0x02, 0xF8, 0x00, 0x1F, 0xF8, 0x02, 0xF8, 0x00, 0x0B, 0xEE, 0x02, 0xF8,
    0x00, 0x03, 0xE7, 0xC2, 0xF8, 0x00, 0x00, 0xF4, 0xFA, 0xF8, 0x00, 0x00, 0xBC, 0x2F, 0xF8, 0x00,
    0x00, 0x3E, 0x03, 0xF8, 0x00, 0x00, 0x7F, 0x00, 0x3F, 0x80, 0x00, 0xBF, 0x00, 0x02, 0xFF, 0xAB,
    0xFE, 0x00, 0x00, 0x1F, 0xFF, 0xFD, 0x00, 0x00, 0x00, 0x15, 0x50, 0x00, 0x00, 0x00, 0x00, 0x00,
    0x00, 0x00, 0x01, 0xFD, 0x00, 0x00, 0x00, 0x7F, 0x40, 0x00, 0x00, 0x1F, 0xD0, 0x00, 0x00, 0x07,
    0xF4, 0x00, 0x00, 0x01, 0xFD, 0x00, 0x00, 0x00, 0x7F, 0x40, 0x00, 0x00, 0x1F, 0xD0, 0x00, 0x00,
    0x07, 0xF4, 0x00, 0x00, 0x01, 0xFD, 0x00, 0x00, 0x00, 0x7F, 0x40, 0x00, 0x00, 0x1F, 0xD0, 0x00,
    0x00, 0x07, 0xF4, 0x00, 0x00, 0x01, 0xFD, 0x00, 0x00, 0x00, 0x7F, 0x40, 0x00, 0x00, 0x1F, 0xD0,
    0x00, 0x00, 0x07, 0xF4, 0x00, 0x1A, 0xAA, 0xFE, 0xAA, 0x9B, 0xFF, 0xFF, 0xFF, 0xFA, 0xFF, 0xFF,
    0xFF, 0xFE, 0xBF, 0xFF, 0xFF, 0xFF, 0x80, 0x01, 0x03, 0xFC, 0xBF, 0xEB, 0xFE, 0x3F, 0xC0, 0x00,
    0x05, 0x00, 0x00, 0x40, 0x00, 0x04, 0x0F, 0xF0, 0x02, 0xFE, 0x00, 0x3F, 0xDB, 0xFD, 0x00, 0xFF,
    0xC0, 0x1F, 0xFA, 0xFF, 0x40, 0x3F, 0xF0, 0x07, 0xFE, 0x7F, 0xC0, 0x0B, 0xF4, 0x00, 0xFF, 0x00,
    0x00, 0x00, 0x00, 0x00, 0x00, 0x00, 0x6A, 0xAA, 0xAA, 0x9B, 0xFF, 0xFF, 0xFE, 0xBF, 0xFF, 0xFF,
    0xEB, 0xFF, 0xFF, 0xFE, 0xBF, 0xFF, 0xFF, 0xEB, 0xFF, 0xFF, 0xFE, 0xBF, 0xFF, 0xFF, 0xEB, 0xFF,
    0xFF, 0xFE, 0xBF, 0xFF, 0xFF, 0xEB, 0xFF, 0xFF, 0xFE, 0xBF, 0xFF, 0xFF, 0xEB, 0xFF, 0xFF, 0xFE,
    0xBF, 0xFF, 0xFF, 0xE6, 0xAA, 0xAA, 0xA9, 0x6A, 0xAA, 0xAA, 0x9B, 0xFF, 0xFF, 0xFE, 0xB9, 0x55,
    0x56, 0xEB, 0x80, 0x00, 0x2E, 0xB8, 0x00, 0x02, 0xEB, 0x80, 0x00, 0x2E, 0xB8, 0x00, 0x02, 0xEB,
    0x80, 0x00, 0x2E, 0xB8, 0x00, 0x02, 0xEB, 0x80, 0x00, 0x2E, 0xB8, 0x00, 0x02, 0xEB, 0xD5, 0x55,
    0x6E, 0xBF, 0xFF, 0xFF, 0xE6, 0xAA, 0xAA, 0xA9, 0x15, 0x54, 0x7F, 0xFD, 0x7F, 0xFD, 0x7F, 0xFD,
    0x7F, 0xFD, 0x7F, 0xFD, 0x7F, 0xFD, 0x15, 0x54, 0x6A, 0xAA, 0x9B, 0xFF, 0xFE, 0xB4, 0x01, 0xEB,
    0x40, 0x1E, 0xB4, 0x01, 0xEB, 0x40, 0x1E, 0xB4, 0x01, 0xEB, 0x40, 0x1E, 0xBF, 0xFF, 0xE1, 0x55,
    0x55, 0xAA, 0xAA, 0xA3, 0xFF, 0xFF, 0xCF, 0xFF, 0xFF, 0x2A, 0xAA, 0xA8, 0x00, 0x00, 0x00, 0x7F,
    0xFF, 0xFD, 0x7E, 0xAA, 0xBD, 0x74, 0x00, 0x1D, 0x74, 0x00, 0x1D, 0x7E, 0xAA, 0xBD, 0x7F, 0xFF,
    0xFD, 0x3F, 0xFD, 0x7F, 0xFD, 0x7F, 0xFD, 0x7F, 0xFD, 0x7F, 0xFD, 0x7F, 0xFD, 0x7F, 0xFD, 0x7F,
    0xFD, 0x7F, 0xFD, 0x7F, 0xFD, 0x7F, 0xFD, 0x7F, 0xFD, 0x7F, 0xFD, 0x2A, 0xA9, 0x3F, 0xFD, 0x7F,
    0xFD, 0x78, 0x2D, 0x78, 0x2D, 0x78, 0x2D, 0x78, 0x2D, 0x78, 0x2D, 0x78, 0x2D, 0x78, 0x2D, 0x78,
    0x2D, 0x78, 0x2D, 0x78, 0x2D, 0x7F, 0xFD, 0x2A, 0xA9, 0x00, 0x05, 0x00, 0x00, 0x00, 0xF0, 0x00,
    0x00, 0x1F, 0x80, 0x00, 0x03, 0xFC, 0x00, 0x00, 0xBF, 0xE0, 0x00, 0x0F, 0xFF, 0x00, 0x02, 0xFF,
    0xF8, 0x00, 0x3F, 0xFF, 0xC0, 0x0B, 0xFF, 0xFE, 0x00, 0xFF, 0xFF, 0xF0, 0x2F, 0xFF, 0xFF, 0x83,
    0xFF, 0xFF, 0xFC, 0xBF, 0xFF, 0xFF, 0xE6, 0xAA, 0xAA, 0xA9, 0x00, 0x05, 0x00, 0x00, 0x00, 0xF0,
    0x00, 0x00, 0x1F, 0x80, 0x00, 0x03, 0xFC, 0x00, 0x00, 0xB9, 0xE0, 0x00, 0x0F, 0x0F, 0x00, 0x02,
    0xE0, 0x78, 0x00, 0x3C, 0x03, 0xC0, 0x0B, 0x80, 0x1E, 0x00, 0xF0, 0x00, 0xF0, 0x2E, 0x00, 0x07,
    0x83, 0xD5, 0x55, 0x7C, 0xBF, 0xFF, 0xFF, 0xE6, 0xAA, 0xAA, 0xA9, 0x00, 0xA0, 0x00, 0x0F, 0x00,
    0x02, 0xFC, 0x00, 0x3F, 0xD0, 0x0B, 0xFF, 0x00, 0xFF, 0xF4, 0x2F, 0xFF, 0xC3, 0xFF, 0xFD, 0xBF,
    0xFF, 0xE7, 0xFF, 0xFD, 0x00, 0xA0, 0x00, 0x0F, 0x00, 0x02, 0xFC, 0x00, 0x3A, 0xD0, 0x0B, 0x0F,
    0x00, 0xE0, 0xB4, 0x2C, 0x03, 0xC3, 0x80, 0x2D, 0xBF, 0xFF, 0xE7, 0xFF, 0xFD, 0x60, 0x00, 0x00,
    0x0B, 0xE0, 0x00, 0x00, 0xBF, 0xE0, 0x00, 0x0B, 0xFF, 0xE0, 0x00, 0xBF, 0xFF, 0xE0, 0x0B, 0xFF,
    0xFF, 0xE0, 0xBF, 0xFF, 0xFF, 0xDB, 0xFF, 0xFF, 0xFD, 0xBF, 0xFF, 0xFD, 0x0B, 0xFF, 0xFE, 0x00,
    0xBF, 0xFE, 0x00, 0x0B, 0xFE, 0x00, 0x00, 0xBE, 0x00, 0x00, 0x06, 0x00, 0x00, 0x00, 0x60, 0x00,
    0x00, 0x0B, 0xE0, 0x00, 0x00, 0xBF, 0xE0, 0x00, 0x0B, 0x5F, 0xE0, 0x00, 0xB4, 0x1F, 0xE0, 0x0B,
    0x40, 0x1F, 0xE0, 0xB4, 0x00, 0x1F, 0xDB, 0x40, 0x02, 0xFD, 0xB4, 0x02, 0xFD, 0x0B, 0x42, 0xFE,
    0x00, 0xB6, 0xFE, 0x00, 0x0B, 0xFE, 0x00, 0x00, 0xBE, 0x00, 0x00, 0x06, 0x00, 0x00, 0x00, 0x74,
    0x00, 0x0F, 0xF4, 0x00, 0xFF, 0xF4, 0x0F, 0xFF, 0xF4, 0xFF, 0xFF, 0xEF, 0xFF, 0xFE, 0xFF, 0xFE,
    0x0F, 0xFE, 0x00, 0xFE, 0x00, 0x06, 0x00, 0x00, 0x74, 0x00, 0x0F, 0xF4, 0x00, 0xFB, 0xF4, 0x0F,
    0x0B, 0xF4, 0xF0, 0x07, 0xEF, 0x00, 0xBE, 0xF0, 0xBE, 0x0F, 0xBE, 0x00, 0xFE, 0x00, 0x06, 0x00,
    0x00, 0x29, 0x00, 0x00, 0x07, 0xFE, 0x00, 0x00, 0x7F, 0xFF, 0x40, 0x07, 0xFF, 0xFF, 0x90, 0x7F,
    0xFF, 0xFF, 0xD7, 0xFF, 0xFF, 0xFD, 0x7F, 0xFF, 0xF8, 0x07, 0xFF, 0xE4, 0x00, 0x7F, 0xD0, 0x00,
    0x02, 0x80, 0x00, 0x00, 0x29, 0x00, 0x00, 0x07, 0xFE, 0x00, 0x00, 0x7A, 0xFF, 0x40, 0x07, 0x41,
    0xBF, 0x90, 0x74, 0x00, 0x6F, 0xD7, 0x40, 0x07, 0xFD, 0x74, 0x1F, 0xF8, 0x07, 0xBF, 0xE4, 0x00,
    0x7F, 0xD0, 0x00, 0x02, 0x80, 0x00, 0x00, 0x6A, 0xAA, 0xAA, 0x9B, 0xFF, 0xFF, 0xFE, 0x3F, 0xFF,
    0xFF, 0xC2, 0xFF, 0xFF, 0xF8, 0x0F, 0xFF, 0xFF, 0x00, 0xBF, 0xFF, 0xE0, 0x03, 0xFF, 0xFC, 0x00,
    0x1F, 0xFF, 0x80, 0x00, 0xFF, 0xF0, 0x00, 0x07, 0xFE, 0x00, 0x00, 0x3F, 0xC0, 0x00, 0x01, 0xF4,
    0x00, 0x00, 0x0F, 0x00, 0x00, 0x00, 0x50, 0x00, 0x6A, 0xAA, 0xAA, 0x9B, 0xFF, 0xFF, 0xFE, 0x3D,
    0x00, 0x07, 0xC2, 0xE0, 0x00, 0xB8, 0x0F, 0x00, 0x0F, 0x00, 0xB8, 0x02, 0xE0, 0x03, 0xC0, 0x3C,
    0x00, 0x1E, 0x0B, 0x80, 0x00, 0xF0, 0xF0, 0x00, 0x07, 0xAE, 0x00, 0x00, 0x3F, 0xC0, 0x00, 0x01,
    0xF4, 0x00, 0x00, 0x0F, 0x00, 0x00, 0x00, 0x50, 0x00, 0x7F, 0xFF, 0xDB, 0xFF, 0xFE, 0x3F, 0xFF,
    0xD2, 0xFF, 0xFC, 0x0F, 0xFF, 0x40, 0xBF, 0xE0, 0x03, 0xFC, 0x00, 0x2F, 0x80, 0x00, 0xF0, 0x00,
    0x0A, 0x00, 0x7F, 0xFF, 0xDB, 0xFF, 0xFE, 0x38, 0x02, 0xD2, 0xC0, 0x3C, 0x0E, 0x0B, 0x40, 0xB0,
    0xE0, 0x03, 0xAC, 0x00, 0x2F, 0x80, 0x00, 0xF0, 0x00, 0x0A, 0x00, 0x00, 0x00, 0x00, 0x90, 0x00,
    0x00, 0xBE, 0x00, 0x00, 0xBF, 0xE0, 0x00, 0xBF, 0xFE, 0x00, 0xBF, 0xFF, 0xE0, 0xBF, 0xFF, 0xFE,
    0x7F, 0xFF, 0xFF, 0xE7, 0xFF, 0xFF, 0xFE, 0x07, 0xFF, 0xFF, 0xE0, 0x07, 0xFF, 0xFE, 0x00, 0x0B,
    0xFF, 0xE0, 0x00, 0x0B, 0xFE, 0x00, 0x00, 0x0B, 0xE0, 0x00, 0x00, 0x09, 0x00, 0x00, 0x00, 0x90,
    0x00, 0x00, 0xBE, 0x00, 0x00, 0xBF, 0xE0, 0x00, 0xBF, 0x5E, 0x00, 0xBF, 0x41, 0xE0, 0xBF, 0x40,
    0x1E, 0x7F, 0x40, 0x01, 0xE7, 0xF8, 0x00, 0x1E, 0x07, 0xF8, 0x01, 0xE0, 0x07, 0xF8, 0x1E, 0x00,
    0x0B, 0xF9, 0xE0, 0x00, 0x0B, 0xFE, 0x00, 0x00, 0x0B, 0xE0, 0x00, 0x00, 0x09, 0x00, 0x01, 0xD0,
    0x01, 0xFF, 0x00, 0xFF, 0xF0, 0xBF, 0xFF, 0xBF, 0xFF, 0xFB, 0xFF, 0xFF, 0x0B, 0xFF, 0xF0, 0x0B,
    0xFF, 0x00, 0x0B, 0xF0, 0x00, 0x09, 0x00, 0x01, 0xD0, 0x01, 0xFF, 0x00, 0xFE, 0xF0, 0xBE, 0x0F,
    0xBE, 0x00, 0xFB, 0xE0, 0x0F, 0x0B, 0xE0, 0xF0, 0x0B, 0xEF, 0x00, 0x0B, 0xF0, 0x00, 0x09, 0x00,
    0x00, 0x02, 0x80, 0x00, 0x07, 0xFD, 0x00, 0x1F, 0xFF, 0xD0, 0x6F, 0xFF, 0xFD, 0x7F, 0xFF, 0xFF,
    0xD3, 0xFF, 0xFF, 0xFD, 0x02, 0xFF, 0xFF, 0xD0, 0x01, 0xBF, 0xFD, 0x00, 0x00, 0x7F, 0xD0, 0x00,
    0x00, 0x28, 0x00, 0x00, 0x02, 0x80, 0x00, 0x07, 0xFD, 0x00, 0x1F, 0xFA, 0xD0, 0x6F, 0xE4, 0x1D,
    0x7F, 0x90, 0x01, 0xD3, 0xFE, 0x00, 0x1D, 0x02, 0xFF, 0x41, 0xD0, 0x01, 0xBF, 0xED, 0x00, 0x00,
    0x7F, 0xD0, 0x00, 0x00, 0x28, 0x00, 0x00, 0x40, 0x00, 0x00, 0x03, 0xF0, 0x00, 0x00, 0x0F, 0xF8,
    0x00, 0x00, 0x1F, 0xFC, 0x00, 0x00, 0x3E, 0xBE, 0x00, 0x00, 0xBC, 0x3F, 0x00, 0x00, 0xF4, 0x2F,
    0x80, 0x03, 0xF0, 0x0F, 0xD0, 0x07, 0xD0, 0x0B, 0xF0, 0x0F, 0x80, 0x03, 0xF4, 0x2F, 0x00, 0x01,
    0xFC, 0x3E, 0x00, 0x00, 0xFD, 0xBC, 0x00, 0x00, 0x7E, 0xBE, 0x00, 0x00, 0x3D, 0x3F, 0x00, 0x00,
    0xBC, 0x2F, 0x80, 0x01, 0xF4, 0x0F, 0xC0, 0x03, 0xF0, 0x0B, 0xE0, 0x07, 0xC0, 0x03, 0xF0, 0x0F,
    0x80, 0x02, 0xF8, 0x1F, 0x00, 0x00, 0xFC, 0x3E, 0x00, 0x00, 0xBE, 0x7C, 0x00, 0x00, 0x3F, 0xF4,
    0x00, 0x00, 0x2F, 0xF0, 0x00, 0x00, 0x0F, 0xD0, 0x00, 0x00, 0x05, 0x00, 0x00, 0x00, 0x01, 0x40,
    0x00, 0x00, 0x7F, 0xFE, 0x00, 0x02, 0xFE, 0xBF, 0xD0, 0x0B, 0xD0, 0x07, 0xF0, 0x1F, 0x00, 0x00,
    0xF8, 0x3D, 0x00, 0x00, 0x7C, 0x3C, 0x00, 0x00, 0x3C, 0x3C, 0x00, 0x00, 0x3D, 0x7C, 0x00, 0x00,
    0x3D, 0x3C, 0x00, 0x00, 0x3C, 0x3D, 0x00, 0x00, 0x7C, 0x2F, 0x00, 0x00, 0xF4, 0x0F, 0xD0, 0x07,
    0xE0, 0x03, 0xFF, 0xFF, 0x80, 0x00, 0xBF, 0xFD, 0x00, 0x00, 0x01, 0x00, 0x00, 0x00, 0x00, 0x40,
    0x00, 0x00, 0x0D, 0x74, 0xC0, 0x00, 0x03, 0x44, 0x74, 0x00, 0x2C, 0x00, 0x00, 0xF0, 0x01, 0x00,
    0x00, 0x14, 0x09, 0x00, 0x00, 0x00, 0x83, 0x80, 0x00, 0x00, 0x74, 0x00, 0x00, 0x00, 0x00, 0x70,
    0x00, 0x00, 0x02, 0x9C, 0x00, 0x00, 0x00, 0xA0, 0x00, 0x00, 0x00, 0x00, 0xE0, 0x00, 0x00, 0x1D,
    0x10, 0x00, 0x00, 0x02, 0x01, 0x80, 0x00, 0x05, 0x00, 0xB0, 0x00, 0x03, 0xC0, 0x00, 0xE2, 0x1D,
    0x00, 0x00, 0x25, 0xD2, 0x00, 0x00, 0x00, 0x00, 0x00, 0x00, 0x00, 0x01, 0x40, 0x00, 0x00, 0x7F,
    0xFE, 0x00, 0x02, 0xFF, 0xFF, 0xD0, 0x0B, 0xFF, 0xFF, 0xF0, 0x1F, 0xFF, 0xFF, 0xF8, 0x3F, 0xFF,
    0xFF, 0xFC, 0x3F, 0xFF, 0xFF, 0xFC, 0x3F, 0xFF, 0xFF, 0xFD, 0x7F, 0xFF, 0xFF, 0xFD, 0x3F, 0xFF,
    0xFF, 0xFC, 0x3F, 0xFF, 0xFF, 0xFC, 0x2F, 0xFF, 0xFF, 0xF4, 0x0F, 0xFF, 0xFF, 0xE0, 0x03, 0xFF,
    0xFF, 0x80, 0x00, 0xBF, 0xFD, 0x00, 0x00, 0x01, 0x00, 0x00, 0x6A, 0xAA, 0xAA, 0x9B, 0xFF, 0xFF,
    0xFE, 0xBF, 0xFF, 0xFF, 0xEB, 0xFE, 0x5B, 0xFE, 0xBF, 0x40, 0x0F, 0xEB, 0xE0, 0x00, 0xBE, 0xBD,
    0x00, 0x07, 0xEB, 0xD0, 0x00, 0x7E, 0xBE, 0x00, 0x0B, 0xEB, 0xF4, 0x01, 0xFE, 0xBF, 0xE5, 0xBF,
    0xEB, 0xFF, 0xFF, 0xFE, 0xBF, 0xFF, 0xFF, 0xE6, 0xAA, 0xAA, 0xA9, 0x00, 0x00, 0x00, 0x0B, 0xFF,
    0xFF, 0xFE, 0xBF, 0xFF, 0xFF, 0xEB, 0xFF, 0xFF, 0xFE, 0xBF, 0xFF, 0xFF, 0xEB, 0xFF, 0xEF, 0xFE,
    0xBF, 0x40, 0x0F, 0xEB, 0xC2, 0xF8, 0x3E, 0xB4, 0xFF, 0xF0, 0xEB, 0x2F, 0xFF, 0x8E, 0xB3, 0xFF,
    0xFC, 0xAB, 0x3F, 0xFF, 0xCE, 0xB2, 0xFF, 0xF8, 0xEB, 0x0F, 0xFF, 0x1E, 0xBC, 0x2F, 0x83, 0xEB,
    0xF0, 0x01, 0xFE, 0xBF, 0xFF, 0xFF, 0xEB, 0xFF, 0xFF, 0xFE, 0xBF, 0xFF, 0xFF, 0xEB, 0xFF, 0xFF,
    0xFE, 0xBF, 0xFF, 0xFF, 0xE0, 0x00, 0x00, 0x0B, 0xF4, 0x2F, 0xBD, 0x3C, 0x1E, 0x3C, 0x0F, 0x3D,
    0x2E, 0x1F, 0xFC, 0x06, 0xE0, 0x00, 0x01, 0x54, 0x00, 0x00, 0x1F, 0xFF, 0xE0, 0x00, 0x3F, 0xEA,
    0xFF, 0x40, 0x3F, 0x00, 0x03, 0xF0, 0x2F, 0x00, 0x00, 0x3F, 0x0F, 0x00, 0x00, 0x03, 0xDB, 0x80,
    0x00, 0x00, 0xBB, 0xD0, 0x00, 0x00, 0x1F, 0xF4, 0x00, 0x00, 0x07, 0xFD, 0x00, 0x00, 0x01, 0xFF,
    0x40, 0x00, 0x00, 0x7E, 0xE0, 0x00, 0x00, 0x2E, 0x7C, 0x00, 0x00, 0x0F, 0x0F, 0xC0, 0x00, 0x0F,
    0x80, 0xFD, 0x00, 0x1F, 0xC0, 0x1F, 0xFA, 0xBF, 0xC0, 0x00, 0xBF, 0xFF, 0x40, 0x00, 0x01, 0x54,
    0x00, 0x00, 0x00, 0x00, 0x00, 0x00, 0x00, 0x00, 0x00, 0x03, 0x00, 0x00, 0x00, 0x00, 0x01, 0xD0,
    0x00, 0x00, 0x00, 0x00, 0xFC, 0x00, 0x00, 0x00, 0x00, 0x3F, 0x00, 0x00, 0x00, 0x00, 0x2F, 0xE0,
    0x00, 0x00, 0x00, 0x0F, 0xFC, 0x00, 0x00, 0x6A, 0xFF, 0xFF, 0xFE, 0xA4, 0x1F, 0xFF, 0xFF, 0xFF,
    0xFD, 0x01, 0xFF, 0xFF, 0xFF, 0xFD, 0x00, 0x0F, 0xFF, 0xFF, 0xFC, 0x00, 0x00, 0xBF, 0xFF, 0xF8,
    0x00, 0x00, 0x0F, 0xFF, 0xFC, 0x00, 0x00, 0x03, 0xFF, 0xFF, 0x00, 0x00, 0x01, 0xFF, 0xFF, 0xD0,
    0x00, 0x00, 0xBF, 0xDF, 0xF8, 0x00, 0x00, 0x3F, 0x80, 0xBF, 0x00, 0x00, 0x0F, 0x40, 0x07, 0xC0,
    0x00, 0x06, 0x00, 0x00, 0x24, 0x00, 0x00, 0x00, 0x0C, 0x00, 0x00, 0x00, 0x00, 0x07, 0x40, 0x00,
    0x00, 0x00, 0x02, 0xE0, 0x00, 0x00, 0x00, 0x00, 0xFC, 0x00, 0x00, 0x00, 0x00, 0x7B, 0x40, 0x00,
    0x00, 0x00, 0x3C, 0xF0, 0x00, 0x00, 0x00, 0x1E, 0x2D, 0x00, 0x02, 0xFF, 0xFF, 0x47, 0xFF, 0xFE,
    0x3F, 0xAA, 0x80, 0xAA, 0xBF, 0x03, 0xF0, 0x00, 0x00, 0x3F, 0x00, 0x2F, 0x40, 0x00, 0x7E, 0x00,
    0x01, 0xF8, 0x00, 0xBD, 0x00, 0x00, 0x1E, 0x00, 0x2D, 0x00, 0x00, 0x0B, 0x41, 0x07, 0x80, 0x00,
    0x03, 0xC3, 0xF0, 0xF0, 0x00, 0x00, 0xE7, 0xFF, 0x6C, 0x00, 0x00, 0x7F, 0xE2, 0xFF, 0x40, 0x00,
    0x2F, 0xC0, 0x0F, 0xE0, 0x00, 0x0F, 0x40, 0x00, 0x7C, 0x00, 0x02, 0x00, 0x00, 0x02, 0x00, 0x00,
    0x00, 0x15, 0x40, 0x00, 0x00, 0x02, 0xFF, 0xFF, 0x40, 0x00, 0x0B, 0xFE, 0xAB, 0xFD, 0x00, 0x0B,
    0xE0, 0x00, 0x1F, 0xD0, 0x0B, 0xC0, 0x00, 0x00, 0xBC, 0x07, 0xC0, 0x00, 0x00, 0x0F, 0x83, 0xD0,
    0x00, 0x00, 0x00, 0xF1, 0xF0, 0xBC, 0x00, 0xF8, 0x3E, 0xB8, 0x3F, 0x40, 0x7F, 0x07, 0xFD, 0x07,
    0xC0, 0x0F, 0x41, 0xFF, 0x40, 0x00, 0x00, 0x00, 0x3F, 0xC0, 0x00, 0x00, 0x00, 0x1F, 0xF4, 0x00,
    0x00, 0x00, 0x07, 0xFD, 0x0D, 0x00, 0x01, 0xC2, 0xEB, 0xC3, 0xF4, 0x07, 0xF0, 0xF4, 0xF0, 0x2F,
    0xFF, 0xF0, 0x7C, 0x2F, 0x01, 0xBF, 0x90, 0x3D, 0x03, 0xF0, 0x00, 0x00, 0x7E, 0x00, 0x7F, 0x40,
    0x00, 0xBE, 0x00, 0x03, 0xFF, 0xAB, 0xFD, 0x00, 0x00, 0x1F, 0xFF, 0xF8, 0x00, 0x00, 0x00, 0x15,
    0x40, 0x00, 0x00, 0x00, 0x00, 0x5A, 0x50, 0x00, 0x00, 0x02, 0xFF, 0xFF, 0x80, 0x00, 0x0B, 0xFF,
    0xFF, 0xFD, 0x00, 0x0F, 0xFF, 0xFF, 0xFF, 0xD0, 0x0B, 0xFF, 0xFF, 0xFF, 0xFC, 0x07, 0xFF, 0xFF,
    0xFF, 0xFF, 0xC3, 0xFF, 0xFF, 0xFF, 0xFF, 0xF1, 0xFF, 0x83, 0xFF, 0x07, 0xFE, 0xBF, 0xC0, 0xBF,
    0x80, 0xFF, 0xFF, 0xF4, 0x3F, 0xF0, 0x7F, 0xFF, 0xFF, 0xFF, 0xFF, 0xFF, 0xFF, 0xFF, 0xFF, 0xFF,
    0xFF, 0xFF, 0xFF, 0xFF, 0xFF, 0xFF, 0xFF, 0xFF, 0xF2, 0xFF, 0xFE, 0x3F, 0xEB, 0xFC, 0x0B, 0xF9,
    0x0F, 0xF4, 0xFF, 0xC0, 0x00, 0x0F, 0xFC, 0x2F, 0xFE, 0x40, 0x6F, 0xFD, 0x03, 0xFF, 0xFF, 0xFF,
    0xFE, 0x00, 0x7F, 0xFF, 0xFF, 0xFE, 0x00, 0x07, 0xFF, 0xFF, 0xFE, 0x00, 0x00, 0x2F, 0xFF, 0xF8,
    0x00, 0x00, 0x00, 0x15, 0x50, 0x00, 0x00, 0x00, 0x00, 0x04, 0x00, 0x00, 0x00, 0x00, 0x07, 0x40,
    0x00, 0x00, 0x00, 0x01, 0xD0, 0x00, 0x00, 0x04, 0x00, 0x74, 0x00, 0x40, 0x03, 0xC0, 0x00, 0x00,
    0xF0, 0x00, 0x3C, 0x0A, 0x90, 0xF0, 0x00, 0x01, 0x2F, 0xFF, 0x40, 0x00, 0x00, 0x3E, 0x01, 0xF0,
    0x00, 0x00, 0x1E, 0x00, 0x1E, 0x00, 0x00, 0x0F, 0x00, 0x03, 0xC0, 0x0B, 0xE3, 0x80, 0x00, 0xB2,
    0xFA, 0xF8, 0xE0, 0x00, 0x2C, 0xBE, 0x00, 0x3C, 0x00, 0x0F, 0x00, 0x00, 0x0B, 0x40, 0x0B, 0x40,
    0x00, 0x00, 0xF8, 0x0B, 0xC0, 0x00, 0x01, 0x0F, 0xFF, 0x89, 0x00, 0x01, 0xF0, 0x59, 0x03, 0xD0,
    0x00, 0xF0, 0x01, 0x00, 0x3C, 0x00, 0x10, 0x01, 0xD0, 0x01, 0x00, 0x00, 0x00, 0x74, 0x00, 0x00,
    0x00, 0x00, 0x1D, 0x00, 0x00, 0x00, 0x00, 0x00, 0x00, 0x00, 0x00, 0x00, 0x00, 0x00, 0x01, 0xFF,
    0x80, 0x0F, 0xEA, 0xF4, 0x2D, 0x00, 0x7C, 0x38, 0x00, 0x2D, 0x74, 0x00, 0x0E, 0xB0, 0x00, 0x0E,
    0xB4, 0x00, 0x1E, 0x78, 0x00, 0x2C, 0x3D, 0x00, 0x7C, 0x1F, 0xAB, 0xF0, 0x02, 0xFF, 0x80, 0x00,
    0x3C, 0x00, 0x00, 0x3C, 0x00, 0x00, 0x3C, 0x00, 0x0A, 0xBE, 0xA4, 0x1F, 0xFF, 0xF4, 0x00, 0x3C,
    0x00, 0x00, 0x3C, 0x00, 0x00, 0x3C, 0x00, 0x00, 0x3C, 0x00, 0x00, 0x00, 0x00, 0x00, 0x00, 0x0F,
    0xFE, 0x00, 0x00, 0x0F, 0xFE, 0x00, 0x00, 0x00, 0xBE, 0x00, 0x00, 0x02, 0xDE, 0x00, 0x69, 0x0B,
    0x8E, 0x07, 0xFF, 0xFE, 0x0E, 0x1F, 0x41, 0xFC, 0x00, 0x3C, 0x00, 0x3C, 0x00, 0x74, 0x00, 0x1D,
    0x00, 0xB0, 0x00, 0x0E, 0x00, 0xB0, 0x00, 0x0E, 0x00, 0x74, 0x00, 0x1D, 0x00, 0x3C, 0x00, 0x3C,
    0x00, 0x2E, 0x01, 0xF4, 0x00, 0x0B, 0xFF, 0xD0, 0x00, 0x00, 0xA9, 0x00, 0x00, 0x00, 0x00, 0x00,
    0x00, 0x00, 0x00, 0x00, 0xC0, 0x00, 0x00, 0x00, 0x0B, 0x80, 0x00, 0x00, 0x00, 0xBF, 0x80, 0x00,
    0x00, 0x07, 0xFF, 0x40, 0x00, 0x00, 0x7F, 0xFF, 0x40, 0x00, 0x07, 0xFF, 0xFF, 0x40, 0x00, 0x7F,
    0xFF, 0xFF, 0x40, 0x03, 0xFF, 0xFF, 0xFF, 0x00, 0x3F, 0xFF, 0xFF, 0xFF, 0x01, 0xFF, 0xFF, 0xFF,
    0xFD, 0x0F, 0xFF, 0xFF, 0xFF, 0xFC, 0x3F, 0xFF, 0xFF, 0xFF, 0xF1, 0xFF, 0xFF, 0xFF, 0xFF, 0xD7,
    0xFF, 0xFF, 0xFF, 0xFF, 0x4F, 0xFF, 0xFF, 0xFF, 0xFC, 0x2F, 0xFF, 0xFF, 0xFF, 0xE0, 0x3F, 0xF7,
    0xF7, 0xFF, 0x00, 0x05, 0x0F, 0xC1, 0x40, 0x00, 0x00, 0x7F, 0x40, 0x00, 0x00, 0x02, 0xFE, 0x00,
    0x00, 0x00, 0x01, 0x50, 0x00, 0x00, 0x01, 0xFE, 0x00, 0x2F, 0xD0, 0x03, 0xFF, 0xF0, 0x3F, 0xFF,
    0x02, 0xF0, 0x1F, 0x3D, 0x03, 0xE0, 0xF0, 0x01, 0xFD, 0x00, 0x3C, 0x78, 0x00, 0x3F, 0x00, 0x0B,
    0x5E, 0x00, 0x0B, 0x80, 0x02, 0xD7, 0x80, 0x01, 0xD0, 0x00, 0xB5, 0xE0, 0x00, 0x00, 0x00, 0x2D,
    0x3C, 0x00, 0x00, 0x00, 0x0F, 0x0F, 0x40, 0x00, 0x00, 0x07, 0xC1, 0xF0, 0x00, 0x00, 0x03, 0xD0,
    0x3D, 0x00, 0x00, 0x01, 0xF0, 0x07, 0xC0, 0x00, 0x00, 0xF4, 0x00, 0xB8, 0x00, 0x00, 0xB8, 0x00,
    0x0F, 0x40, 0x00, 0x7C, 0x00, 0x00, 0xF4, 0x00, 0x7C, 0x00, 0x00, 0x1F, 0x40, 0x7D, 0x00, 0x00,
    0x01, 0xF8, 0xBD, 0x00, 0x00, 0x00, 0x0F, 0xFC, 0x00, 0x00, 0x00, 0x00, 0x64, 0x00, 0x00, 0x00,
    0x00, 0x08, 0x00, 0x00, 0x00, 0x00, 0x07, 0x40, 0x00, 0x00, 0x00, 0x03, 0xF0, 0x00, 0x00, 0x00,
    0x02, 0xFE, 0x00, 0x00, 0x00, 0x01, 0xF3, 0xD0, 0x00, 0x00, 0x00, 0xF4, 0x7C, 0x00, 0x00, 0x00,
    0xB8, 0x0B, 0x80, 0x00, 0x00, 0xBC, 0x00, 0xF8, 0x00, 0x00, 0x7C, 0x00, 0x0F, 0x40, 0x00, 0x3D,
    0x00, 0x01, 0xF0, 0x00, 0x3E, 0x00, 0x00, 0x2F, 0x00, 0x3E, 0x00, 0x00, 0x02, 0xF0, 0x2F, 0x00,
    0x00, 0x00, 0x3E, 0x03, 0xE0, 0x00, 0x00, 0x2F, 0x00, 0x3E, 0x00, 0x00, 0x2F, 0x00, 0x03, 0xE0,
    0x00, 0x2F, 0x00, 0x00, 0x7D, 0x00, 0x1F, 0x00, 0x00, 0x07, 0xC0, 0x0F, 0x40, 0x00, 0x00, 0xBC,
    0x0F, 0x80, 0x00, 0x00, 0x0F, 0x47, 0xC0, 0x00, 0x00, 0x00, 0xF7, 0xC0, 0x00, 0x00, 0x00, 0x2F,
    0xD0, 0x00, 0x00, 0x00, 0x03, 0xF0, 0x00, 0x00, 0x00, 0x00, 0x30, 0x00, 0x00, 0x00, 0x00, 0x04,
    0x00, 0x00, 0x00, 0x00, 0x00, 0x00, 0x00, 0x00, 0x00, 0x1F, 0xFC, 0x00, 0x00, 0x01, 0xFF, 0xFD,
    0x00, 0x00, 0x0F, 0xFF, 0xFC, 0x00, 0x00, 0x7F, 0xFF, 0xF0, 0x00, 0x01, 0xFF, 0xFF, 0xD0, 0x00,
    0x07, 0xFF, 0xFF, 0x40, 0x00, 0x0F, 0xFF, 0xFC, 0x00, 0x00, 0x2F, 0xFF, 0xE0, 0x00, 0x0B, 0xFF,
    0xFF, 0xF8, 0x01, 0xFF, 0xFF, 0xFF, 0xFD, 0x0F, 0xFF, 0xFF, 0xFF, 0xFC, 0x7F, 0xFF, 0xFF, 0xFF,
    0xF6, 0xFF, 0xFF, 0xFF, 0xFF, 0xE7, 0xFF, 0xFF, 0xFF, 0xFF, 0x4F, 0xFF, 0xFF, 0xFF, 0xFC, 0x2F,
    0xFF, 0xFF, 0xFF, 0xE0, 0x2F, 0xF7, 0xF7, 0xFE, 0x00, 0x05, 0x0F, 0xC1, 0x40, 0x00, 0x00, 0x7F,
    0x40, 0x00, 0x00, 0x01, 0xFD, 0x00, 0x00, 0x00, 0x01, 0x50, 0x00, 0x00, 0x00, 0x00, 0x00, 0x00,
    0x00, 0x00, 0x00, 0x03, 0x00, 0x00, 0x00, 0x00, 0x02, 0xE0, 0x00, 0x00, 0x00, 0x00, 0xFC, 0x00,
    0x00, 0x00, 0x00, 0xFB, 0xC0, 0x00, 0x00, 0x00, 0xF8, 0xBC, 0x00, 0x00, 0x00, 0xB8, 0x0B, 0x80,
    0x00, 0x00, 0xBC, 0x00, 0xF8, 0x00, 0x00, 0xBC, 0x00, 0x0F, 0x80, 0x00, 0x7C, 0x00, 0x00, 0xF4,
    0x00, 0x7C, 0x00, 0x00, 0x0F, 0x40, 0x3D, 0x00, 0x00, 0x01, 0xF0, 0x2E, 0x00, 0x00, 0x00, 0x2E,
    0x0F, 0x00, 0x00, 0x00, 0x03, 0xC3, 0xC0, 0x00, 0x00, 0x00, 0xF0, 0xF0, 0x00, 0x00, 0x00, 0x3D,
    0x7C, 0x00, 0x00, 0x00, 0x0F, 0x4F, 0x00, 0x00, 0x00, 0x03, 0xC3, 0xE0, 0x0E, 0x2C, 0x02, 0xF0,
    0x7F, 0x6F, 0x8B, 0xE7, 0xF4, 0x07, 0xFE, 0xE2, 0xEF, 0xF4, 0x00, 0x04, 0x74, 0x74, 0x40, 0x00,
    0x00, 0x2E, 0xAE, 0x00, 0x00, 0x00, 0x0F, 0xFF, 0xC0, 0x00, 0x00, 0x00, 0x00, 0x00, 0x00, 0x00,
    0x00, 0x00, 0x00, 0x00, 0x00, 0x1F, 0xE0, 0x02, 0xFD, 0x01, 0xFF, 0xF0, 0x3F, 0xFD, 0x0F, 0xFF,
    0xE2, 0xFF, 0xFC, 0x7F, 0xFF, 0xCF, 0xFF, 0xF5, 0xFF, 0xFF, 0xBF, 0xFF, 0xD7, 0xFF, 0xFF, 0xFF,
    0xFF, 0x5F, 0xFF, 0xFF, 0xFF, 0xFD, 0x3F, 0xFF, 0xFF, 0xFF, 0xF0, 0xBF, 0xFF, 0xFF, 0xFF, 0x80,
    0xFF, 0xFF, 0xFF, 0xFC, 0x02, 0xFF, 0xFF, 0xFF, 0xE0, 0x03, 0xFF, 0xFF, 0xFF, 0x00, 0x07, 0xFF,
    0xFF, 0xF4, 0x00, 0x0B, 0xFF, 0xFF, 0x80, 0x00, 0x0F, 0xFF, 0xFC, 0x00, 0x00, 0x0F, 0xFF, 0xC0,
    0x00, 0x00, 0x0F, 0xFC, 0x00, 0x00, 0x00, 0x07, 0x40, 0x00, 0x00, 0x00, 0x00, 0x40, 0x00, 0x00,
    0x00, 0x74, 0x00, 0x00, 0x00, 0x3F, 0x00, 0x00, 0x00, 0x2F, 0xE0, 0x00, 0x00, 0x1F, 0xFD, 0x00,
    0x00, 0x0F, 0xFF, 0xC0, 0x00, 0x0F, 0xFF, 0xFC, 0x00, 0x0B, 0xFF, 0xFF, 0x80, 0x0B, 0xFF, 0xFF,
    0xF8, 0x0B, 0xFF, 0xFF, 0xFF, 0x87, 0xFF, 0xFF, 0xFF, 0xF4, 0x7F, 0xFF, 0xFF, 0xF4, 0x0B, 0xFF,
    0xFF, 0xF8, 0x00, 0xBF, 0xFF, 0xF8, 0x00, 0x0F, 0xFF, 0xFC, 0x00, 0x00, 0xFF, 0xFC, 0x00, 0x00,
    0x1F, 0xFD, 0x00, 0x00, 0x02, 0xFE, 0x00, 0x00, 0x00, 0x3F, 0x00, 0x00, 0x00, 0x03, 0x00, 0x00,
    0x00, 0x00, 0x40, 0x00, 0x00, 0x00, 0x00, 0x00, 0x00, 0x00, 0x00, 0x00, 0x7F, 0xF4, 0x00, 0x00,
    0x00, 0xBF, 0xBF, 0x80, 0x00, 0x00, 0x7C, 0x00, 0xF4, 0x00, 0x00, 0x3D, 0x00, 0x1F, 0x00, 0x00,
    0x1F, 0x00, 0x03, 0xD0, 0x00, 0x07, 0x80, 0x00, 0xB4, 0x00, 0x01, 0xE0, 0x00, 0x2D, 0x00, 0x00,
    0x3C, 0x00, 0x0F, 0x00, 0x00, 0x1F, 0x80, 0x0B, 0xD0, 0x00, 0xBF, 0xF0, 0x03, 0xFF, 0x80, 0xBC,
    0x00, 0x00, 0x00, 0xF8, 0x7C, 0x00, 0x00, 0x00, 0x0F, 0x6D, 0x00, 0x00, 0x00, 0x01, 0xEF, 0x00,
    0x00, 0x00, 0x00, 0x3F, 0xC0, 0x00, 0x00, 0x00, 0x0F, 0xB8, 0x00, 0x00, 0x00, 0x0B, 0x9F, 0x40,
    0x38, 0xB0, 0x07, 0xD2, 0xFA, 0xBE, 0x2F, 0xAB, 0xE0, 0x1F, 0xFB, 0x8B, 0xBF, 0xD0, 0x00, 0x11,
    0xD1, 0xD1, 0x00, 0x00, 0x00, 0xBA, 0xB8, 0x00, 0x00, 0x00, 0x3F, 0xFF, 0x00, 0x00, 0x00, 0x00,
    0x00, 0x00, 0x00, 0x00, 0x05, 0x00, 0x0E, 0x00, 0x0E, 0x00, 0x0E, 0x00, 0x0E, 0x00, 0x0E, 0x00,
    0x0E, 0x00, 0x0E, 0x00, 0x0E, 0x00, 0x0E, 0x00, 0x0E, 0x00, 0x0E, 0x00, 0x0E, 0x00, 0x0E, 0x00,
    0x0E, 0x00, 0x0E, 0x02, 0xAE, 0x1F, 0xFE, 0x3F, 0xFE, 0x3F, 0xFD, 0x2F, 0xF4, 0x06, 0x80, 0x00,
    0x06, 0x00, 0x00, 0x00, 0xF0, 0x00, 0x00, 0x0F, 0xC0, 0x00, 0x00, 0xFF, 0x00, 0x00, 0x0F, 0xFD,
    0x00, 0x00, 0xFF, 0xF4, 0x00, 0x0E, 0xBF, 0xC0, 0x00, 0xE2, 0xFD, 0x00, 0x0E, 0x07, 0xE0, 0x00,
    0xE0, 0x2E, 0x00, 0x0E, 0x01, 0xD0, 0x00, 0xE0, 0x1C, 0x00, 0x0E, 0x01, 0xC0, 0x00, 0xE0, 0x04,
    0x00, 0x0E, 0x00, 0x00, 0x00, 0xE0, 0x00, 0x02, 0xAE, 0x00, 0x01, 0xFF, 0xE0, 0x00, 0x3F, 0xFE,
    0x00, 0x03, 0xFF, 0xC0, 0x00, 0x3F, 0xF4, 0x00, 0x00, 0x68, 0x00, 0x00, 0x00, 0x00, 0x00, 0x00,
    0x14, 0x00, 0x00, 0x00, 0x2F, 0xD0, 0x00, 0x00, 0x6F, 0xFF, 0x40, 0x00, 0x6F, 0xFF, 0xFD, 0x00,
    0x0F, 0xFF, 0xFF, 0xB4, 0x00, 0x3F, 0xFF, 0x80, 0xD0, 0x00, 0xFF, 0x40, 0x03, 0x40, 0x03, 0x80,
    0x00, 0x0D, 0x00, 0x0D, 0x00, 0x00, 0x34, 0x00, 0x34, 0x00, 0x00, 0xD0, 0x00, 0xD0, 0x00, 0x03,
    0x40, 0x03, 0x40, 0x00, 0x0D, 0x00, 0x0D, 0x00, 0x00, 0x34, 0x00, 0x34, 0x00, 0x00, 0xD0, 0x00,
    0xD0, 0x01, 0xA7, 0x40, 0x03, 0x40, 0x2F, 0xFD, 0x06, 0x9D, 0x00, 0xFF, 0xF4, 0xBF, 0xF4, 0x07,
    0xFF, 0xC7, 0xFF, 0xD0, 0x0F, 0xFD, 0x1F, 0xFF, 0x00, 0x0A, 0x40, 0x3F, 0xF0, 0x00, 0x00, 0x00,
    0x29, 0x00, 0x00, 0x00, 0x00, 0x00, 0x00, 0x00, 0x00, 0x14, 0x00, 0x00, 0x00, 0x2F, 0xD0, 0x00,
    0x00, 0x6F, 0xFF, 0x40, 0x00, 0x6F, 0xFE, 0x0D, 0x00, 0x0F, 0xFD, 0x00, 0x34, 0x00, 0x3D, 0x00,
    0x0B, 0xD0, 0x00, 0xD0, 0x1B, 0xFF, 0x40, 0x03, 0x5B, 0xFF, 0x8D, 0x00, 0x0F, 0xFF, 0x40, 0x34,
    0x00, 0x3E, 0x40, 0x00, 0xD0, 0x00, 0xD0, 0x00, 0x03, 0x40, 0x03, 0x40, 0x00, 0x0D, 0x00, 0x0D,
    0x00, 0x00, 0x34, 0x00, 0x34, 0x00, 0x00, 0xD0, 0x00, 0xD0, 0x01, 0xA7, 0x40, 0x03, 0x40, 0x2F,
    0xFD, 0x06, 0x9D, 0x00, 0xFF, 0xF4, 0xBF, 0xF4, 0x07, 0xFF, 0xC7, 0xFF, 0xD0, 0x0F, 0xFD, 0x1F,
    0xFF, 0x00, 0x0A, 0x40, 0x3F, 0xF0, 0x00, 0x00, 0x00, 0x29, 0x00, 0x00, 0x00, 0x00, 0x00, 0x00,
    0x38, 0x00, 0x0E, 0x00, 0x03, 0x80, 0x00, 0xE0, 0x00, 0x38, 0x00, 0x0E, 0x00, 0x03, 0x80, 0x00,
    0xE0, 0x00, 0x38, 0x54, 0x0F, 0xFF, 0xD3, 0xE0, 0xBC, 0xE0, 0x0F, 0x78, 0x02, 0xDE, 0x00, 0xF3,
    0x80, 0xB8, 0xE2, 0xF8, 0x3F, 0xE4, 0x0E, 0x40, 0x00, 0x00, 0x00, 0x00, 0x03, 0x40, 0x0D, 0x00,
    0x34, 0x05, 0xEB, 0xFB, 0xFF, 0xEF, 0x83, 0xB4, 0x0E, 0xD0, 0x3B, 0x40, 0xED, 0x03, 0xB4, 0x7E,
    0xFF, 0xFB, 0xF9, 0xE8, 0x03, 0x80, 0x0E, 0x00, 0x34, 0x00, 0x00, 0x00, 0x00, 0x00, 0x00, 0x00,
    0x90, 0x00, 0x00, 0xE0, 0x03, 0x40, 0xE0, 0x03, 0x40, 0xE1, 0x03, 0x40, 0xFF, 0x03, 0xAF, 0xFE,
    0x1B, 0xFF, 0xE0, 0x7F, 0xE0, 0xE0, 0x77, 0x40, 0xE0, 0x03, 0x40, 0xE0, 0x03, 0x40, 0xE0, 0x03,
    0x40, 0xEB, 0x03, 0x47, 0xFF, 0x03, 0xFF, 0xF4, 0x3F, 0xF9, 0xE0, 0x7F, 0x40, 0xE0, 0x03, 0x40,
    0xE0, 0x03, 0x40, 0xD0, 0x03, 0x40, 0x00, 0x03, 0x00, 0x00, 0x00, 0x00, 0x00, 0x40, 0x00, 0x00,
    0x3E, 0x00, 0x00, 0x0B, 0xD0, 0x00, 0x00, 0xFC, 0x00, 0x00, 0x2F, 0x00, 0x00, 0x03, 0xE0, 0x00,
    0x00, 0xBC, 0x00, 0x00, 0x0F, 0x80, 0x00, 0x02, 0xF0, 0x00, 0x00, 0x3D, 0x00, 0x1C, 0x0B, 0xC0,
    0x03, 0xD0, 0xF4, 0x00, 0x3F, 0x2E, 0x00, 0x02, 0xF7, 0xC0, 0x00, 0x0F, 0xF8, 0x00, 0x00, 0x7F,
    0x00, 0x00, 0x03, 0xD0, 0x00, 0x00, 0x00, 0x00, 0x00, 0x02, 0xAA, 0xAA, 0xAA, 0x00, 0x07, 0xFF,
    0xFF, 0xF4, 0x01, 0x02, 0xFF, 0xFE, 0x01, 0x0C, 0x02, 0xFF, 0xE0, 0x1C, 0x3C, 0x03, 0xFF, 0x00,
    0xF0, 0xFC, 0x07, 0xF0, 0x0F, 0xC3, 0xFC, 0x0F, 0xC0, 0xFF, 0x0F, 0xFE, 0x2E, 0x2F, 0xFC, 0x3F,
    0xFF, 0xFF, 0xFF, 0xF0, 0xFF, 0xFF, 0xFF, 0xFF, 0xC3, 0xFF, 0x8B, 0x8B, 0xFF, 0x0F, 0xF0, 0x3F,
    0x03, 0xFC, 0x3F, 0x01, 0xFC, 0x03, 0xF0, 0xF0, 0x0F, 0xFC, 0x03, 0xC3, 0x00, 0xBF, 0xF8, 0x07,
    0x04, 0x0B, 0xFF, 0xF8, 0x04, 0x01, 0xFF, 0xFF, 0xFD, 0x00, 0x0A, 0xAA, 0xAA, 0xA8, 0x00, 0x00,
    0x00, 0x5A, 0x50, 0x00, 0x00, 0x02, 0xFF, 0xFF, 0x80, 0x00, 0x0B, 0xFF, 0x3F, 0xFD, 0x00, 0x0F,
    0xFF, 0xC7, 0xFF, 0xD0, 0x0B, 0xFF, 0xE0, 0xFF, 0xFC, 0x07, 0xFF, 0xF0, 0x3F, 0xFF, 0xC3, 0xFF,
    0xFC, 0x07, 0xFF, 0xF1, 0xFF, 0xFE, 0x00, 0xFF, 0xFE, 0xB0, 0x00, 0x00, 0x00, 0x02, 0xFF, 0x00,
    0x00, 0x00, 0x02, 0xFF, 0xF4, 0x00, 0x00, 0x03, 0xFF, 0xFF, 0xC0, 0x00, 0x07, 0xFF, 0xFF, 0xFC,
    0x00, 0x07, 0xFF, 0xFF, 0xFE, 0x00, 0x00, 0xFF, 0xEB, 0xFF, 0x40, 0x00, 0x3F, 0xF4, 0xFF, 0xC0,
    0x24, 0x0B, 0xFC, 0x3F, 0xE0, 0x7F, 0x80, 0xFD, 0x03, 0xF4, 0xBF, 0xFC, 0x3E, 0x00, 0x7D, 0xFF,
    0xFF, 0xEE, 0x00, 0x07, 0xFF, 0xFF, 0xFE, 0x00, 0x00, 0x2F, 0xFF, 0xF8, 0x00, 0x00, 0x00, 0x15,
    0x50, 0x00, 0x00, 0x00, 0x00, 0x50, 0x00, 0x00, 0x00, 0x0B, 0xF8, 0x00, 0x00, 0x00, 0x7F, 0xF0,
    0x00, 0x00, 0x01, 0xFF, 0xD0, 0x00, 0x1A, 0x47, 0xFF, 0x06, 0x81, 0xFF, 0x4F, 0xF8, 0x7F, 0xDF,
    0xFF, 0x0F, 0xC3, 0xFF, 0xFF, 0xFD, 0x2E, 0x2F, 0xFF, 0xBF, 0xFC, 0x30, 0xFF, 0xF8, 0xBF, 0xFC,
    0xCF, 0xFF, 0x80, 0x00, 0x1F, 0xD0, 0x00, 0x00, 0x01, 0x7F, 0x50, 0x00, 0x2F, 0xFF, 0x33, 0xFF,
    0xE2, 0xFF, 0xF0, 0xC3, 0xFF, 0xEF, 0xFF, 0x4B, 0x8B, 0xFF, 0xFF, 0xFC, 0x3F, 0x0F, 0xFF, 0x7F,
    0xD3, 0xFE, 0x1F, 0xF4, 0x69, 0x1F, 0xFC, 0x1A, 0x00, 0x00, 0x7F, 0xF4, 0x00, 0x00, 0x01, 0xFF,
    0xC0, 0x00, 0x00, 0x02, 0xFE, 0x00, 0x00, 0x00, 0x01, 0x40, 0x00, 0x00, 0x2A, 0xAA, 0xAA, 0xA0,
    0x0F, 0xFF, 0xFF, 0xFD, 0x03, 0xC0, 0x00, 0x0B, 0xF0, 0xF0, 0x00, 0x02, 0xFC, 0x3C, 0x00, 0x00,
    0xBF, 0x0F, 0x00, 0x00, 0x2F, 0xC3, 0xC0, 0x00, 0x0B, 0xF0, 0xF0, 0x00, 0x02, 0xFC, 0x3C, 0x00,
    0x00, 0xBF, 0x0F, 0x00, 0x00, 0x2F, 0xC3, 0xC0, 0x00, 0x0B, 0xF0, 0xF0, 0x00, 0x02, 0xFC, 0x3F,
    0xFF, 0xFF, 0xFF, 0x0B, 0xFF, 0xFF, 0xFF, 0xC0, 0x7F, 0xFF, 0xFF, 0xF0, 0x05, 0x55, 0x55, 0x54,
    0x3F, 0x4F, 0xD3, 0xF4, 0xFD, 0x3F, 0x4F, 0xD3, 0xF4, 0xFD, 0x3F, 0x4F, 0xD3, 0xF4, 0xFD, 0x3F,
    0x4F, 0xD3, 0xF4, 0xFD, 0x3F, 0x4F, 0xD3, 0xF4, 0xFD, 0x3F, 0x4F, 0xD3, 0xF4, 0xFD, 0x3F, 0x4F,
    0xD0, 0x00, 0x00, 0x5A, 0x50, 0x00, 0x00, 0x02, 0xFF, 0xFF, 0x80, 0x00, 0x0B, 0xFF, 0xFF, 0xFD,
    0x00, 0x0F, 0xFF, 0xFF, 0xFF, 0xD0, 0x0B, 0xFF, 0xFE, 0xFF, 0xFC, 0x07, 0xFF, 0xE4, 0x3F, 0xFF,
    0xC3, 0xFF, 0xC0, 0x0F, 0xFF, 0xF1, 0xFF, 0xFE, 0x43, 0xFF, 0xFE, 0xBF, 0xFF, 0xE0, 0xFF, 0xFF,
    0xFF, 0xFF, 0xF8, 0x3F, 0xFF, 0xFF, 0xFF, 0xFE, 0x0F, 0xFF, 0xFF, 0xFF, 0xFF, 0x83, 0xFF, 0xFF,
    0xFF, 0xFF, 0xE0, 0xFF, 0xFF, 0xFF, 0xFF, 0xF8, 0x3F, 0xFF, 0xEB, 0xFF, 0xFD, 0x0B, 0xFF, 0xF4,
    0xFF, 0xF4, 0x00, 0x3F, 0xFC, 0x3F, 0xFE, 0xAA, 0xAF, 0xFD, 0x03, 0xFF, 0xFF, 0xFF, 0xFE, 0x00,
    0x7F, 0xFF, 0xFF, 0xFE, 0x00, 0x07, 0xFF, 0xFF, 0xFE, 0x00, 0x00, 0x2F, 0xFF, 0xF8, 0x00, 0x00,
    0x00, 0x15, 0x50, 0x00, 0x00, 0x00, 0x00, 0x5A, 0x50, 0x00, 0x00, 0x02, 0xFF, 0xFF, 0x80, 0x00,
    0x0B, 0xFF, 0xFF, 0xFD, 0x00, 0x0F, 0xFF, 0xFF, 0xFF, 0xD0, 0x0B, 0xFF, 0xFA, 0xFF, 0xFC, 0x07,
    0xFF, 0x80, 0x0B, 0xFF, 0xC3, 0xFF, 0x82, 0x90, 0xFF, 0xF1, 0xFF, 0xD1, 0xFC, 0x2F, 0xFE, 0xBF,
    0xF8, 0xBF, 0x0F, 0xFF, 0xFF, 0xFF, 0xFF, 0x83, 0xFF, 0xFF, 0xFF, 0xFF, 0x83, 0xFF, 0xFF, 0xFF,
    0xFF, 0x82, 0xFF, 0xFF, 0xFF, 0xFF, 0x82, 0xFF, 0xFF, 0xFF, 0xFF, 0x83, 0xFF, 0xFF, 0xEB, 0xFF,
    0x41, 0x55, 0x7F, 0xF4, 0xFF, 0xD0, 0x00, 0x0F, 0xFC, 0x3F, 0xFE, 0xAA, 0xAF, 0xFD, 0x03, 0xFF,
    0xFF, 0xFF, 0xFE, 0x00, 0x7F, 0xFF, 0xFF, 0xFE, 0x00, 0x07, 0xFF, 0xFF, 0xFE, 0x00, 0x00, 0x2F,
    0xFF, 0xF8, 0x00, 0x00, 0x00, 0x15, 0x50, 0x00, 0x00, 0x00, 0x00, 0x5A, 0x50, 0x00, 0x00, 0x02,
    0xFF, 0xFF, 0x80, 0x00, 0x0B, 0xFF, 0xFF, 0xFD, 0x00, 0x0F, 0xFF, 0xFF, 0xFF, 0xD0, 0x0B, 0xFF,
    0xFA, 0xFF, 0xFC, 0x07, 0xFF, 0x80, 0x07, 0xFF, 0xC3, 0xFF, 0xC1, 0xE0, 0xFF, 0xF1, 0xFF, 0xF6,
    0xFC, 0x2F, 0xFE, 0xBF, 0xFF, 0xFE, 0x0F, 0xFF, 0xFF, 0xFF, 0xF9, 0x0F, 0xFF, 0xFF, 0xFF, 0xF4,
    0x01, 0xFF, 0xFF, 0xFF, 0xFF, 0xB8, 0x2F, 0xFF, 0xFF, 0xFF, 0xFF, 0x47, 0xFF, 0xFF, 0xFF, 0xFF,
    0xC1, 0xFF, 0xEB, 0xFF, 0xFF, 0x80, 0xFF, 0xF4, 0xFF, 0xF0, 0x00, 0xFF, 0xFC, 0x3F, 0xFE, 0x56,
    0xFF, 0xFD, 0x03, 0xFF, 0xFF, 0xFF, 0xFE, 0x00, 0x7F, 0xFF, 0xFF, 0xFE, 0x00, 0x07, 0xFF, 0xFF,
    0xFE, 0x00, 0x00, 0x2F, 0xFF, 0xF8, 0x00, 0x00, 0x00, 0x15, 0x50, 0x00, 0x00, 0x00, 0x00, 0x5A,
    0x50, 0x00, 0x00, 0x02, 0xFF, 0xFF, 0x80, 0x00, 0x0B, 0xFF, 0xFF, 0xFD, 0x00, 0x0F, 0xFF, 0xFF,
    0xFF, 0xD0, 0x0B, 0xFF, 0xFF, 0xBF, 0xFC, 0x07, 0xFF, 0xFD, 0x1F, 0xFF, 0xC3, 0xFF, 0xFD, 0x07,
    0xFF, 0xF1, 0xFF, 0xFE, 0x01, 0xFF, 0xFE, 0xBF, 0xFF, 0x08, 0x7F, 0xFF, 0xFF, 0xFF, 0x0A, 0x1F,
    0xFF, 0xFF, 0xFF, 0x47, 0x87, 0xFF, 0xFF, 0xFF, 0x83, 0xE1, 0xFF, 0xFF, 0xFF, 0xC0, 0x00, 0x07,
    0xFF, 0xFF, 0xF4, 0x00, 0x01, 0xFF, 0xEB, 0xFF, 0xFF, 0x87, 0xFF, 0xF4, 0xFF, 0xFF, 0xE1, 0xFF,
    0xFC, 0x3F, 0xFF, 0xFD, 0xBF, 0xFD, 0x03, 0xFF, 0xFF, 0xFF, 0xFE, 0x00, 0x7F, 0xFF, 0xFF, 0xFE,
    0x00, 0x07, 0xFF, 0xFF, 0xFE, 0x00, 0x00, 0x2F, 0xFF, 0xF8, 0x00, 0x00, 0x00, 0x15, 0x50, 0x00,
    0x00, 0x00, 0x00, 0x5A, 0x50, 0x00, 0x00, 0x02, 0xFF, 0xFF, 0x80, 0x00, 0x0B, 0xFF, 0xFF, 0xFD,
    0x00, 0x0F, 0xFF, 0xFF, 0xFF, 0xD0, 0x0B, 0xFF, 0xFF, 0xFF, 0xFC, 0x07, 0xFF, 0xC0, 0x03, 0xFF,
    0xC3, 0xFF, 0xF0, 0x55, 0xFF, 0xF1, 0xFF, 0xFC, 0x3F, 0xFF, 0xFE, 0xBF, 0xFF, 0x0B, 0xFF, 0xFF,
    0xFF, 0xFF, 0x80, 0x1F, 0xFF, 0xFF, 0xFF, 0xFA, 0x40, 0xFF, 0xFF, 0xFF, 0xFF, 0xFC, 0x3F, 0xFF,
    0xFF, 0xFF, 0xFF, 0x0F, 0xFF, 0xFF, 0xFF, 0xFF, 0xC3, 0xFF, 0xEB, 0xFF, 0xFF, 0x41, 0xFF, 0xF4,
    0xFF, 0xE0, 0x01, 0xFF, 0xFC, 0x3F, 0xFD, 0x5B, 0xFF, 0xFD, 0x03, 0xFF, 0xFF, 0xFF, 0xFE, 0x00,
    0x7F, 0xFF, 0xFF, 0xFE, 0x00, 0x07, 0xFF, 0xFF, 0xFE, 0x00, 0x00, 0x2F, 0xFF, 0xF8, 0x00, 0x00,
    0x00, 0x15, 0x50, 0x00, 0x00, 0x00, 0x00, 0x5A, 0x50, 0x00, 0x00, 0x02, 0xFF, 0xFF, 0x80, 0x00,
    0x0B, 0xFF, 0xFF, 0xFD, 0x00, 0x0F, 0xFF, 0xFF, 0xFF, 0xD0, 0x0B, 0xFF, 0xFE, 0xBF, 0xFC, 0x07,
    0xFF, 0xF8, 0x03, 0xFF, 0xC3, 0xFF, 0xF4, 0x1F, 0xFF, 0xF1, 0xFF, 0xF4, 0x3F, 0xFF, 0xFE, 0xBF,
    0xF8, 0x2F, 0xFF, 0xFF, 0xFF, 0xFC, 0x00, 0x1F, 0xFF, 0xFF, 0xFF, 0x05, 0x40, 0xFF, 0xFF, 0xFF,
    0xC3, 0xFC, 0x2F, 0xFF, 0xFF, 0xF0, 0xFF, 0x4B, 0xFF, 0xFF, 0xFC, 0x2F, 0xC2, 0xFF, 0xEB, 0xFF,
    0x42, 0xD0, 0xFF, 0xF4, 0xFF, 0xF0, 0x00, 0xBF, 0xFC, 0x3F, 0xFF, 0x95, 0xFF, 0xFD, 0x03, 0xFF,
    0xFF, 0xFF, 0xFE, 0x00, 0x7F, 0xFF, 0xFF, 0xFE, 0x00, 0x07, 0xFF, 0xFF, 0xFE, 0x00, 0x00, 0x2F,
    0xFF, 0xF8, 0x00, 0x00, 0x00, 0x15, 0x50, 0x00, 0x00, 0x00, 0x00, 0x5A, 0x50, 0x00, 0x00, 0x02,
    0xFF, 0xFF, 0x80, 0x00, 0x0B, 0xFF, 0xFF, 0xFD, 0x00, 0x0F, 0xFF, 0xFF, 0xFF, 0xD0, 0x0B, 0xFF,
    0xFF, 0xFF, 0xFC, 0x07, 0xFF, 0x00, 0x00, 0xFF, 0xC3, 0xFF, 0xC1, 0x50, 0x3F, 0xF1, 0xFF, 0xE2,
    0xFC, 0x3F, 0xFE, 0xBF, 0xFD, 0xFD, 0x2F, 0xFF, 0xFF, 0xFF, 0xFE, 0x0F, 0xFF, 0xFF, 0xFF, 0xFF,
    0x0B, 0xFF, 0xFF, 0xFF, 0xFF, 0x83, 0xFF, 0xFF, 0xFF, 0xFF, 0xC2, 0xFF, 0xFF, 0xFF, 0xFF, 0xF0,
    0xFF, 0xFF, 0xEB, 0xFF, 0xF8, 0x7F, 0xFF, 0xF4, 0xFF, 0xFD, 0x2F, 0xFF, 0xFC, 0x3F, 0xFF, 0xDF,
    0xFF, 0xFD, 0x03, 0xFF, 0xFF, 0xFF, 0xFE, 0x00, 0x7F, 0xFF, 0xFF, 0xFE, 0x00, 0x07, 0xFF, 0xFF,
    0xFE, 0x00, 0x00, 0x2F, 0xFF, 0xF8, 0x00, 0x00, 0x00, 0x15, 0x50, 0x00, 0x00, 0x00, 0x00, 0x5A,
    0x50, 0x00, 0x00, 0x02, 0xFF, 0xFF, 0x80, 0x00, 0x0B, 0xFF, 0xFF, 0xFD, 0x00, 0x0F, 0xFF, 0xFF,
    0xFF, 0xD0, 0x0B, 0xFF, 0xEA, 0xFF, 0xFC, 0x07, 0xFF, 0x80, 0x0B, 0xFF, 0xC3, 0xFF, 0xC2, 0xE0,
    0xFF, 0xF1, 0xFF, 0xE1, 0xFC, 0x3F, 0xFE, 0xBF, 0xFC, 0x3F, 0x0F, 0xFF, 0xFF, 0xFF, 0x41, 0x0F,
    0xFF, 0xFF, 0xFF, 0xF0, 0x07, 0xFF, 0xFF, 0xFF, 0xF0, 0x60, 0x3F, 0xFF, 0xFF, 0xF4, 0xBF, 0x0B,
    0xFF, 0xFF, 0xFC, 0x2F, 0xD1, 0xFF, 0xEB, 0xFF, 0x47, 0xF0, 0xFF, 0xF4, 0xFF, 0xF0, 0x00, 0xBF,
    0xFC, 0x3F, 0xFF, 0x95, 0xFF, 0xFD, 0x03, 0xFF, 0xFF, 0xFF, 0xFE, 0x00, 0x7F, 0xFF, 0xFF, 0xFE,
    0x00, 0x07, 0xFF, 0xFF, 0xFE, 0x00, 0x00, 0x2F, 0xFF, 0xF8, 0x00, 0x00, 0x00, 0x15, 0x50, 0x00,
    0x00, 0x00, 0x00, 0x5A, 0x50, 0x00, 0x00, 0x02, 0xFF, 0xFF, 0x80, 0x00, 0x0B, 0xFF, 0xFF, 0xFD,
    0x00, 0x0F, 0xFF, 0xFF, 0xFF, 0xD0, 0x0B, 0xFF, 0xFA, 0xFF, 0xFC, 0x07, 0xFF, 0xD0, 0x07, 0xFF,
    0xC3, 0xFF, 0xD0, 0xA0, 0x7F, 0xF1, 0xFF, 0xF0, 0xFE, 0x0F, 0xFE, 0xBF, 0xF8, 0x3F, 0xC3, 0xFF,
    0xFF, 0xFF, 0x0F, 0xF0, 0xFF, 0xFF, 0xFF, 0xD0, 0x68, 0x3F, 0xFF, 0xFF, 0xFD, 0x00, 0x0F, 0xFF,
    0xFF, 0xFF, 0xFA, 0x07, 0xFF, 0xFF, 0xFF, 0xFF, 0x83, 0xFF, 0xEB, 0xFF, 0xFF, 0x42, 0xFF, 0xF4,
    0xFF, 0xF4, 0x02, 0xFF, 0xFC, 0x3F, 0xFE, 0x5B, 0xFF, 0xFD, 0x03, 0xFF, 0xFF, 0xFF, 0xFE, 0x00,
    0x7F, 0xFF, 0xFF, 0xFE, 0x00, 0x07, 0xFF, 0xFF, 0xFE, 0x00, 0x00, 0x2F, 0xFF, 0xF8, 0x00, 0x00,
    0x00, 0x15, 0x50, 0x00, 0x00, 0x00, 0x00, 0x5A, 0x50, 0x00, 0x00, 0x02, 0xFF, 0xFF, 0x80, 0x00,
    0x0B, 0xFF, 0xFF, 0xFD, 0x00, 0x0F, 0xFF, 0xFF, 0xFF, 0xD0, 0x0B, 0xFF, 0xFF, 0xFF, 0xFC, 0x07,
    0xFF, 0xFF, 0xFA, 0xFF, 0xC3, 0xF9, 0x1F, 0xE0, 0x0B, 0xF1, 0xF8, 0x07, 0xF0, 0xA0, 0xFE, 0xBF,
    0xF1, 0xF4, 0xBE, 0x1F, 0xFF, 0xFC, 0x7C, 0x3F, 0xC7, 0xFF, 0xFF, 0x1F, 0x0F, 0xF1, 0xFF, 0xFF,
    0xC7, 0xC3, 0xFC, 0x7F, 0xFF, 0xF1, 0xF0, 0xFE, 0x2F, 0xFF, 0xFC, 0x7D, 0x1F, 0x0F, 0xEB, 0xF4,
    0x03, 0xC0, 0x0B, 0xF4, 0xFE, 0xAA, 0xFD, 0x1B, 0xFC, 0x3F, 0xFF, 0xFF, 0xFF, 0xFD, 0x03, 0xFF,
    0xFF, 0xFF, 0xFE, 0x00, 0x7F, 0xFF, 0xFF, 0xFE, 0x00, 0x07, 0xFF, 0xFF, 0xFE, 0x00, 0x00, 0x2F,
    0xFF, 0xF8, 0x00, 0x00, 0x00, 0x15, 0x50, 0x00, 0x00, 0x00, 0x00, 0x00, 0x00, 0x00, 0x00, 0x00,
    0x28, 0x00, 0x00, 0x00, 0x00, 0xF8, 0x00, 0x00, 0x00, 0x00, 0xF8, 0x00, 0x00, 0x00, 0x00, 0xF8,
    0x00, 0x00, 0x00, 0x00, 0xB8, 0x00, 0x00, 0x00, 0x00, 0xB8, 0x00, 0x00, 0x00, 0x00, 0xB8, 0xBF,
    0xFF, 0xFF, 0xFF, 0xF6, 0xFF, 0xFF, 0xFF, 0xFF, 0xD0, 0x00, 0x00, 0x00, 0x2E, 0x00, 0x00, 0x00,
    0x03, 0xE0, 0x00, 0x00, 0x00, 0x3E, 0x00, 0x00, 0x00, 0x03, 0xE0, 0x00, 0x00, 0x00, 0x3E, 0x00,
    0x00, 0x00, 0x03, 0xE0, 0x00, 0x00, 0x00, 0x0A, 0x00, 0x00, 0x00, 0x00, 0x00, 0x00, 0x00, 0x10,
    0x00, 0x00, 0x00, 0x00, 0xBD, 0x00, 0x00, 0x00, 0x00, 0x7F, 0x90, 0x00, 0x00, 0x00, 0x7F, 0xF9,
    0x00, 0x00, 0x00, 0x3F, 0xFF, 0x80, 0x00, 0x00, 0x2F, 0xFF, 0xF4, 0x00, 0x00, 0x1F, 0xFF, 0xFF,
    0x00, 0x00, 0x7F, 0xFF, 0xF8, 0x00, 0x0B, 0xFF, 0xFD, 0x00, 0x00, 0xFF, 0xFD, 0x00, 0x00, 0x1F,
    0xFE, 0x00, 0x00, 0x02, 0xFE, 0x40, 0x00, 0x00, 0x3E, 0x40, 0x00, 0x00, 0x00, 0x40, 0x00, 0x00,
    0x00, 0x00, 0x00, 0x00, 0x5A, 0x50, 0x00, 0x00, 0x02, 0xFF, 0xFF, 0x80, 0x00, 0x0B, 0xFF, 0xFF,
    0xFD, 0x00, 0x0F, 0xFF, 0xFF, 0xFF, 0xD0, 0x0B, 0xFF, 0xFF, 0xFF, 0xFC, 0x07, 0xFF, 0xFF, 0xFE,
    0xFF, 0xC3, 0xFF, 0xFF, 0xFE, 0x3F, 0xF1, 0xFF, 0xFF, 0xFF, 0x83, 0xFE, 0xB9, 0xAA, 0xAA, 0x90,
    0x3F, 0xFD, 0x00, 0x00, 0x00, 0x03, 0xFF, 0x40, 0x00, 0x00, 0x00, 0x3F, 0xD0, 0x00, 0x00, 0x00,
    0x0F, 0xF4, 0x00, 0x00, 0x00, 0x0F, 0xFF, 0xAA, 0xAA, 0xF4, 0x0F, 0xEB, 0xFF, 0xFF, 0xFE, 0x0F,
    0xF4, 0xFF, 0xFF, 0xFF, 0x8F, 0xFC, 0x3F, 0xFF, 0xFF, 0xFF, 0xFD, 0x03, 0xFF, 0xFF, 0xFF, 0xFE,
    0x00, 0x7F, 0xFF, 0xFF, 0xFE, 0x00, 0x07, 0xFF, 0xFF, 0xFE, 0x00, 0x00, 0x2F, 0xFF, 0xF8, 0x00,
    0x00, 0x00, 0x15, 0x50, 0x00, 0x00, 0x00, 0x00, 0x00, 0x20, 0x00, 0x00, 0x00, 0x00, 0x00, 0x02,
    0xE0, 0x00, 0x00, 0x00, 0x00, 0x00, 0x2F, 0xE0, 0x00, 0x00, 0x00, 0x00, 0x02, 0xFF, 0xE0, 0x00,
    0x00, 0x00, 0x00, 0x2E, 0x5B, 0xE0, 0x00, 0x00, 0x00, 0x02, 0xC0, 0x02, 0xE0, 0x00, 0x00, 0x00,
    0x2E, 0x00, 0x01, 0xE0, 0x00, 0x00, 0x02, 0xFC, 0x69, 0x02, 0xE0, 0x00, 0x00, 0x2F, 0xFF, 0xFF,
    0x03, 0xE0, 0x00, 0x02, 0xFF, 0xFF, 0xFF, 0x0F, 0xE0, 0x00, 0x2F, 0xFF, 0xFF, 0xFC, 0x2F, 0xE0,
    0x02, 0xFF, 0xFF, 0xFF, 0xF0, 0xBF, 0xE0, 0x2F, 0xFF, 0xFF, 0xFF, 0x42, 0xFF, 0xE2, 0xFF, 0xFF,
    0xFE, 0x40, 0x0F, 0xFF, 0xE3, 0xFF, 0xFF, 0xC0, 0x00, 0xFF, 0xFF, 0x03, 0xFF, 0xFF, 0x00, 0x2F,
    0xFF, 0xF0, 0x03, 0xFF, 0xFC, 0x0B, 0xFF, 0xFF, 0x00, 0x03, 0xFF, 0xF0, 0xBF, 0xFF, 0xF0, 0x00,
    0x03, 0xFF, 0xD1, 0xFF, 0xFF, 0x00, 0x00, 0x03, 0xFF, 0xFF, 0xFF, 0xF0, 0x00, 0x00, 0x03, 0xFF,
    0xEF, 0xFF, 0x00, 0x00, 0x00, 0x03, 0xFC, 0x0F, 0xF0, 0x00, 0x00, 0x00, 0x03, 0xF0, 0x3F, 0x00,
    0x00, 0x00, 0x00, 0x03, 0xD2, 0xF0, 0x00, 0x00, 0x00, 0x00, 0x03, 0xFF, 0x00, 0x00, 0x00, 0x00,
    0x00, 0x03, 0xF0, 0x00, 0x00, 0x00, 0x00, 0x00, 0x03, 0x00, 0x00, 0x00, 0x00, 0x00, 0x00, 0x00,
    0x00, 0x00, 0x00,
};

static const EpdGlyph bookerly_14_boldGlyphs[] = {
    { 0, 0, 0, 0, 0, 0, 0 }, //  
    { 0, 0, 0, 0, 0, 0, 0 }, // 
    { 0, 0, 6, 0, 0, 0, 0 }, // 	
    { 0, 0, 6, 0, 0, 0, 0 }, // 
    { 0, 0, 0, 0, 0, 0, 0 }, // 
    { 0, 0, 6, 0, 0, 0, 0 }, //  
    { 6, 23, 8, 2, 22, 35, 0 }, // !
    { 10, 10, 12, 1, 21, 25, 35 }, // "
    { 18, 19, 18, 0, 17, 86, 60 }, // #
    { 15, 30, 18, 2, 24, 113, 146 }, // $
    { 26, 24, 28, 1, 22, 156, 259 }, // %
    { 23, 23, 23, 0, 22, 133, 415 }, // &
    { 5, 10, 7, 1, 21, 13, 548 }, // '
    { 10, 29, 11, 1, 24, 73, 561 }, // (
    { 10, 29, 11, 0, 24, 73, 634 }, // )
    { 11, 11, 11, 0, 22, 31, 707 }, // *
    { 14, 14, 18, 2, 17, 49, 738 }, // +
    { 8, 11, 8, 0, 5, 22, 787 }, // ,
    { 9, 5, 11, 1, 10, 12, 809 }, // -
    { 6, 6, 8, 1, 5, 9, 821 }, // .
    { 15, 23, 15, 0, 21, 87, 830 }, // /
    { 18, 22, 18, 0, 21, 99, 917 }, // 0
    { 14, 21, 18, 2, 21, 74, 1016 }, // 1
    { 16, 21, 18, 1, 21, 84, 1090 }, // 2
    { 15, 22, 18, 1, 21, 83, 1174 }, // 3
    { 18, 22, 18, 0, 21, 99, 1257 }, // 4
    { 15, 21, 18, 1, 20, 79, 1356 }, // 5
    { 16, 22, 18, 1, 21, 88, 1435 }, // 6
    { 15, 21, 18, 2, 20, 79, 1523 }, // 7
    { 16, 22, 18, 1, 21, 88, 1602 }, // 8
    { 16, 22, 18, 1, 21, 88, 1690 }, // 9
    { 6, 17, 8, 1, 16, 26, 1778 }, // :
    { 8, 22, 8, 0, 16, 44, 1804 }, // ;
    { 14, 14, 18, 2, 17, 49, 1848 }, // <
    { 14, 9, 18, 2, 14, 32, 1897 }, // =
    { 14, 14, 18, 2, 17, 49, 1929 }, // >
    { 12, 23, 14, 1, 22, 69, 1978 }, // ?
    { 27, 27, 29, 1, 21, 183, 2047 }, // @
    { 23, 21, 22, 0, 21, 121, 2230 }, // A
    { 17, 22, 19, 1, 21, 94, 2351 }, // B
    { 17, 22, 19, 1, 21, 94, 2445 }, // C
    { 21, 22, 23, 1, 21, 116, 2539 }, // D
    { 17, 21, 19, 1, 21, 90, 2655 }, // E
    { 16, 21, 17, 1, 21, 84, 2745 }, // F
    { 20, 22, 21, 1, 21, 110, 2829 }, // G
    { 23, 21, 25, 1, 21, 121, 2939 }, // H
    { 11, 21, 12, 1, 21, 58, 3060 }, // I
    { 14, 27, 11, -2, 21, 95, 3118 }, // J
    { 21, 22, 22, 1, 21, 116, 3213 }, // K
    { 17, 21, 18, 1, 21, 90, 3329 }, // L
    { 27, 21, 28, 0, 21, 142, 3419 }, // M
    { 24, 22, 23, 0, 21, 132, 3561 }, // N
    { 21, 22, 23, 1, 21, 116, 3693 }, // O
    { 17, 21, 18, 1, 21, 90, 3809 }, // P
    { 22, 28, 23, 1, 21, 154, 3899 }, // Q
    { 21, 22, 21, 1, 21, 116, 4053 }, // R
    { 15, 22, 17, 1, 21, 83, 4169 }, // S
    { 20, 21, 21, 0, 21, 105, 4252 }, // T
    { 23, 22, 23, 0, 21, 127, 4357 }, // U
    { 23, 22, 23, 0, 21, 127, 4484 }, // V
    { 32, 22, 32, 0, 21, 176, 4611 }, // W
    { 22, 21, 22, 0, 21, 116, 4787 }, // X
    { 21, 21, 21, 0, 21, 111, 4903 }, // Y
    { 17, 22, 18, 0, 21, 94, 5014 }, // Z
    { 8, 28, 10, 1, 23, 56, 5108 }, // [
    { 15, 23, 15, 0, 21, 87, 5164 }, // <backslash>
    { 7, 28, 10, 1, 23, 49, 5251 }, // ]
    { 16, 14, 18, 1, 19, 56, 5300 }, // ^
    { 15, 4, 15, 0, -1, 15, 5356 }, // _
    { 7, 8, 20, 6, 25, 14, 5371 }, // `
    { 16, 17, 16, 1, 16, 68, 5385 }, // a
    { 18, 24, 18, -1, 23, 108, 5453 }, // b
    { 14, 17, 15, 1, 16, 60, 5561 }, // c
    { 18, 24, 18, 1, 23, 108, 5621 }, // d
    { 14, 17, 16, 1, 16, 60, 5729 }, // e
    { 16, 23, 13, 0, 23, 92, 5789 }, // f
    { 18, 23, 18, 0, 16, 104, 5881 }, // g
    { 19, 23, 19, 0, 23, 110, 5985 }, // h
    { 10, 23, 10, 0, 23, 58, 6095 }, // i
    { 10, 30, 9, -2, 23, 75, 6153 }, // j
    { 19, 24, 18, 0, 23, 114, 6228 }, // k
    { 10, 23, 10, 0, 23, 58, 6342 }, // l
    { 29, 16, 29, 0, 16, 116, 6400 }, // m
    { 20, 16, 20, 0, 16, 80, 6516 }, // n
    { 16, 17, 18, 1, 16, 68, 6596 }, // o
    { 18, 23, 18, 0, 16, 104, 6664 }, // p
    { 17, 23, 17, 1, 16, 98, 6768 }, // q
    { 14, 16, 14, 0, 16, 56, 6866 }, // r
    { 13, 17, 15, 1, 16, 56, 6922 }, // s
    { 13, 20, 12, -1, 19, 65, 6978 }, // t
    { 20, 17, 19, 0, 16, 85, 7043 }, // u
    { 19, 17, 19, 0, 16, 81, 7128 }, // v
    { 26, 17, 26, 0, 16, 111, 7209 }, // w
    { 18, 16, 18, 0, 16, 72, 7320 }, // x
    { 19, 23, 19, 0, 16, 110, 7392 }, // y
    { 15, 17, 15, 0, 16, 64, 7502 }, // z
    { 10, 29, 12, 1, 24, 73, 7566 }, // {
    { 5, 27, 9, 2, 23, 34, 7639 }, // |
    { 10, 29, 12, 0, 24, 73, 7673 }, // }
    { 14, 7, 18, 2, 13, 25, 7746 }, // ~
    { 0, 0, 6, 0, 0, 0, 7771 }, //  
    { 6, 23, 8, 1, 16, 35, 7771 }, // ¡
    { 16, 29, 18, 1, 23, 116, 7806 }, // ¢
    { 18, 22, 18, 0, 21, 99, 7922 }, // £
    { 16, 14, 18, 1, 17, 56, 8021 }, // ¤
    { 20, 20, 18, -1, 20, 100, 8077 }, // ¥
    { 5, 27, 9, 2, 23, 34, 8177 }, // ¦
    { 13, 23, 15, 1, 20, 75, 8211 }, // §
    { 12, 5, 20, 4, 23, 15, 8286 }, // ¨
    { 22, 22, 23, 0, 21, 121, 8301 }, // ©
    { 11, 15, 13, 1, 21, 42, 8422 }, // ª
    { 16, 12, 17, 0, 13, 48, 8464 }, // «
    { 14, 8, 18, 2, 14, 28, 8512 }, // ¬
    { 9, 5, 11, 1, 10, 12, 8540 }, // ­
    { 17, 16, 17, 0, 23, 68, 8552 }, // ®
    { 11, 3, 20, 4, 21, 9, 8620 }, // ¯
    { 11, 12, 15, 2, 21, 33, 8629 }, // °
    { 14, 18, 18, 2, 17, 63, 8662 }, // ±
    { 11, 14, 13, 1, 24, 39, 8725 }, // ²
    { 11, 14, 13, 1, 24, 39, 8764 }, // ³
    { 6, 8, 20, 7, 25, 12, 8803 }, // ´
    { 19, 23, 19, 1, 16, 110, 8815 }, // µ
    { 17, 26, 17, 0, 21, 111, 8925 }, // ¶
    { 6, 6, 8, 1, 11, 9, 9036 }, // ·
    { 6, 7, 20, 7, -1, 11, 9045 }, // ¸
    { 10, 14, 13, 1, 24, 35, 9056 }, // ¹
    { 11, 15, 13, 1, 21, 42, 9091 }, // º
    { 16, 12, 17, 1, 13, 48, 9133 }, // »
    { 30, 25, 31, 1, 22, 188, 9181 }, // ¼
    { 30, 25, 31, 1, 22, 188, 9369 }, // ½
    { 30, 25, 31, 1, 22, 188, 9557 }, // ¾
    { 12, 23, 14, 1, 16, 69, 9745 }, // ¿
    { 23, 29, 22, 0, 29, 167, 9814 }, // À
    { 23, 29, 22, 0, 29, 167, 9981 }, // Á
    { 23, 28, 22, 0, 28, 161, 10148 }, // Â
    { 23, 28, 22, 0, 28, 161, 10309 }, // Ã
    { 23, 27, 22, 0, 27, 156, 10470 }, // Ä
    { 23, 29, 22, 0, 29, 167, 10626 }, // Å
    { 29, 21, 28, -1, 21, 153, 10793 }, // Æ
    { 17, 29, 19, 1, 21, 124, 10946 }, // Ç
    { 17, 29, 19, 1, 29, 124, 11070 }, // È
    { 17, 29, 19, 1, 29, 124, 11194 }, // É
    { 17, 28, 19, 1, 28, 119, 11318 }, // Ê
    { 17, 27, 19, 1, 27, 115, 11437 }, // Ë
    { 11, 29, 12, 1, 29, 80, 11552 }, // Ì
    { 11, 29, 12, 1, 29, 80, 11632 }, // Í
    { 12, 28, 12, 0, 28, 84, 11712 }, // Î
    { 12, 27, 12, 0, 27, 81, 11796 }, // Ï
    { 22, 22, 23, 0, 21, 121, 11877 }, // Ð
    { 24, 29, 23, 0, 28, 174, 11998 }, // Ñ
    { 21, 30, 23, 1, 29, 158, 12172 }, // Ò
    { 21, 30, 23, 1, 29, 158, 12330 }, // Ó
    { 21, 29, 23, 1, 28, 153, 12488 }, // Ô
    { 21, 29, 23, 1, 28, 153, 12641 }, // Õ
    { 21, 28, 23, 1, 27, 147, 12794 }, // Ö
    { 13, 13, 18, 3, 16, 43, 12941 }, // ×
    { 23, 22, 23, 0, 21, 127, 12984 }, // Ø
    { 23, 30, 23, 0, 29, 173, 13111 }, // Ù
    { 23, 30, 23, 0, 29, 173, 13284 }, // Ú
    { 23, 29, 23, 0, 28, 167, 13457 }, // Û
    { 23, 28, 23, 0, 27, 161, 13624 }, // Ü
    { 21, 29, 21, 0, 29, 153, 13785 }, // Ý
    { 17, 21, 19, 1, 21, 90, 13938 }, // Þ
    { 19, 24, 19, 0, 23, 114, 14028 }, // ß
    { 16, 26, 16, 1, 25, 104, 14142 }, // à
    { 16, 26, 16, 1, 25, 104, 14246 }, // á
    { 16, 25, 16, 1, 24, 100, 14350 }, // â
    { 16, 24, 16, 1, 23, 96, 14450 }, // ã
    { 16, 24, 16, 1, 23, 96, 14546 }, // ä
    { 16, 26, 16, 1, 25, 104, 14642 }, // å
    { 22, 17, 24, 1, 16, 94, 14746 }, // æ
    { 14, 24, 15, 1, 16, 84, 14840 }, // ç
    { 14, 26, 16, 1, 25, 91, 14924 }, // è
    { 14, 26, 16, 1, 25, 91, 15015 }, // é
    { 14, 25, 16, 1, 24, 88, 15106 }, // ê
    { 14, 24, 16, 1, 23, 84, 15194 }, // ë
    { 10, 25, 10, 0, 25, 63, 15278 }, // ì
    { 10, 25, 10, 0, 25, 63, 15341 }, // í
    { 11, 24, 10, 0, 24, 66, 15404 }, // î
    { 11, 23, 10, 0, 23, 64, 15470 }, // ï
    { 16, 25, 18, 1, 24, 100, 15534 }, // ð
    { 20, 23, 20, 0, 23, 115, 15634 }, // ñ
    { 16, 26, 18, 1, 25, 104, 15749 }, // ò
    { 16, 26, 18, 1, 25, 104, 15853 }, // ó
    { 16, 25, 18, 1, 24, 100, 15957 }, // ô
    { 16, 24, 18, 1, 23, 96, 16057 }, // õ
    { 16, 24, 18, 1, 23, 96, 16153 }, // ö
    { 14, 14, 18, 2, 17, 49, 16249 }, // ÷
    { 17, 17, 18, 0, 16, 73, 16298 }, // ø
    { 20, 26, 19, 0, 25, 130, 16371 }, // ù
    { 20, 26, 19, 0, 25, 130, 16501 }, // ú
    { 20, 25, 19, 0, 24, 125, 16631 }, // û
    { 20, 24, 19, 0, 23, 120, 16756 }, // ü
    { 19, 32, 19, 0, 25, 152, 16876 }, // ý
    { 18, 30, 18, 0, 23, 135, 17028 }, // þ
    { 19, 30, 19, 0, 23, 143, 17163 }, // ÿ
    { 23, 26, 22, 0, 26, 150, 17306 }, // Ā
    { 16, 22, 16, 1, 21, 88, 17456 }, // ā
    { 23, 28, 22, 0, 28, 161, 17544 }, // Ă
    { 16, 24, 16, 1, 23, 96, 17705 }, // ă
    { 23, 28, 22, 0, 21, 161, 17801 }, // Ą
    { 16, 23, 16, 1, 16, 92, 17962 }, // ą
    { 17, 30, 19, 1, 29, 128, 18054 }, // Ć
    { 14, 26, 15, 1, 25, 91, 18182 }, // ć
    { 17, 29, 19, 1, 28, 124, 18273 }, // Ĉ
    { 14, 25, 15, 1, 24, 88, 18397 }, // ĉ
    { 17, 29, 19, 1, 28, 124, 18485 }, // Ċ
    { 14, 24, 15, 1, 23, 84, 18609 }, // ċ
    { 17, 29, 19, 1, 28, 124, 18693 }, // Č
    { 14, 25, 15, 1, 24, 88, 18817 }, // č
    { 21, 29, 23, 1, 28, 153, 18905 }, // Ď
    { 20, 24, 19, 1, 23, 120, 19058 }, // ď
    { 22, 22, 23, 0, 21, 121, 19178 }, // Đ
    { 18, 24, 18, 1, 23, 108, 19299 }, // đ
    { 17, 26, 19, 1, 26, 111, 19407 }, // Ē
    { 14, 22, 16, 1, 21, 77, 19518 }, // ē
    { 17, 28, 19, 1, 28, 119, 19595 }, // Ĕ
    { 14, 24, 16, 1, 23, 84, 19714 }, // ĕ
    { 17, 28, 19, 1, 28, 119, 19798 }, // Ė
    { 14, 24, 16, 1, 23, 84, 19917 }, // ė
    { 17, 28, 19, 1, 21, 119, 20001 }, // Ę
    { 14, 23, 16, 1, 16, 81, 20120 }, // ę
    { 17, 28, 19, 1, 28, 119, 20201 }, // Ě
    { 14, 25, 16, 1, 24, 88, 20320 }, // ě
    { 20, 29, 21, 1, 28, 145, 20408 }, // Ĝ
    { 18, 31, 18, 0, 24, 140, 20553 }, // ĝ
    { 20, 29, 21, 1, 28, 145, 20693 }, // Ğ
    { 18, 30, 18, 0, 23, 135, 20838 }, // ğ
    { 20, 29, 21, 1, 28, 145, 20973 }, // Ġ
    { 18, 30, 18, 0, 23, 135, 21118 }, // ġ
    { 20, 29, 21, 1, 21, 145, 21253 }, // Ģ
    { 18, 32, 18, 0, 25, 144, 21398 }, // ģ
    { 23, 28, 25, 1, 28, 161, 21542 }, // Ĥ
    { 20, 30, 19, -1, 30, 150, 21703 }, // ĥ
    { 25, 21, 25, 0, 21, 132, 21853 }, // Ħ
    { 19, 23, 19, 0, 23, 110, 21985 }, // ħ
    { 11, 28, 12, 1, 28, 77, 22095 }, // Ĩ
    { 11, 23, 10, 0, 23, 64, 22172 }, // ĩ
    { 11, 26, 12, 1, 26, 72, 22236 }, // Ī
    { 11, 21, 10, 0, 21, 58, 22308 }, // ī
    { 11, 28, 12, 1, 28, 77, 22366 }, // Ĭ
    { 11, 23, 10, 0, 23, 64, 22443 }, // ĭ
    { 11, 28, 12, 1, 21, 77, 22507 }, // Į
    { 11, 30, 10, 0, 23, 83, 22584 }, // į
    { 11, 28, 12, 1, 28, 77, 22667 }, // İ
    { 10, 16, 10, 0, 16, 40, 22744 }, // ı
    { 23, 27, 24, 1, 21, 156, 22784 }, // Ĳ
    { 18, 30, 19, 0, 23, 135, 22940 }, // ĳ
    { 14, 34, 11, -2, 28, 119, 23075 }, // Ĵ
    { 12, 31, 9, -2, 24, 93, 23194 }, // ĵ
    { 21, 29, 22, 1, 21, 153, 23287 }, // Ķ
    { 19, 31, 18, 0, 23, 148, 23440 }, // ķ
    { 19, 17, 19, 0, 16, 81, 23588 }, // ĸ
    { 17, 29, 18, 1, 29, 124, 23669 }, // Ĺ
    { 10, 30, 10, 0, 30, 75, 23793 }, // ĺ
    { 17, 29, 18, 1, 21, 124, 23868 }, // Ļ
    { 10, 31, 10, 0, 23, 78, 23992 }, // ļ
    { 17, 23, 18, 1, 23, 98, 24070 }, // Ľ
    { 13, 23, 11, 0, 23, 75, 24168 }, // ľ
    { 17, 21, 18, 1, 21, 90, 24243 }, // Ŀ
    { 16, 23, 16, 0, 23, 92, 24333 }, // ŀ
    { 19, 21, 18, -1, 21, 100, 24425 }, // Ł
    { 12, 23, 10, -1, 23, 69, 24525 }, // ł
    { 24, 30, 23, 0, 29, 180, 24594 }, // Ń
    { 20, 25, 20, 0, 25, 125, 24774 }, // ń
    { 24, 29, 23, 0, 21, 174, 24899 }, // Ņ
    { 20, 24, 20, 0, 16, 120, 25073 }, // ņ
    { 24, 29, 23, 0, 28, 174, 25193 }, // Ň
    { 20, 24, 20, 0, 24, 120, 25367 }, // ň
    { 26, 21, 26, 0, 21, 137, 25487 }, // ŉ
    { 24, 27, 23, 0, 21, 162, 25624 }, // Ŋ
    { 18, 23, 19, 0, 16, 104, 25786 }, // ŋ
    { 21, 27, 23, 1, 26, 142, 25890 }, // Ō
    { 16, 22, 18, 1, 21, 88, 26032 }, // ō
    { 21, 29, 23, 1, 28, 153, 26120 }, // Ŏ
    { 16, 24, 18, 1, 23, 96, 26273 }, // ŏ
    { 21, 30, 23, 1, 29, 158, 26369 }, // Ő
    { 16, 26, 18, 1, 25, 104, 26527 }, // ő
    { 28, 22, 29, 1, 21, 154, 26631 }, // Œ
    { 25, 17, 26, 1, 16, 107, 26785 }, // œ
    { 21, 30, 21, 1, 29, 158, 26892 }, // Ŕ
    { 14, 25, 14, 0, 25, 88, 27050 }, // ŕ
    { 21, 29, 21, 1, 21, 153, 27138 }, // Ŗ
    { 14, 24, 14, 0, 16, 84, 27291 }, // ŗ
    { 21, 29, 21, 1, 28, 153, 27375 }, // Ř
    { 14, 24, 14, 0, 24, 84, 27528 }, // ř
    { 15, 30, 17, 1, 29, 113, 27612 }, // Ś
    { 13, 26, 15, 1, 25, 85, 27725 }, // ś
    { 15, 29, 17, 1, 28, 109, 27810 }, // Ŝ
    { 13, 25, 15, 1, 24, 82, 27919 }, // ŝ
    { 15, 29, 17, 1, 21, 109, 28001 }, // Ş
    { 13, 24, 15, 1, 16, 78, 28110 }, // ş
    { 15, 29, 17, 1, 28, 109, 28188 }, // Š
    { 13, 25, 15, 1, 24, 82, 28297 }, // š
    { 20, 29, 21, 0, 21, 145, 28379 }, // Ţ
    { 13, 27, 12, -1, 19, 88, 28524 }, // ţ
    { 20, 28, 21, 0, 28, 140, 28612 }, // Ť
    { 13, 25, 12, -1, 24, 82, 28752 }, // ť
    { 20, 21, 21, 0, 21, 105, 28834 }, // Ŧ
    { 13, 20, 12, -1, 19, 65, 28939 }, // ŧ
    { 23, 29, 23, 0, 28, 167, 29004 }, // Ũ
    { 20, 24, 19, 0, 23, 120, 29171 }, // ũ
    { 23, 27, 23, 0, 26, 156, 29291 }, // Ū
    { 20, 22, 19, 0, 21, 110, 29447 }, // ū
    { 23, 29, 23, 0, 28, 167, 29557 }, // Ŭ
    { 20, 24, 19, 0, 23, 120, 29724 }, // ŭ
    { 23, 30, 23, 0, 29, 173, 29844 }, // Ů
    { 20, 26, 19, 0, 25, 130, 30017 }, // ů
    { 23, 30, 23, 0, 29, 173, 30147 }, // Ű
    { 20, 26, 19, 0, 25, 130, 30320 }, // ű
    { 23, 28, 23, 0, 21, 161, 30450 }, // Ų
    { 20, 23, 19, 0, 16, 115, 30611 }, // ų
    { 32, 29, 32, 0, 28, 232, 30726 }, // Ŵ
    { 26, 25, 26, 0, 24, 163, 30958 }, // ŵ
    { 21, 28, 21, 0, 28, 147, 31121 }, // Ŷ
    { 19, 31, 19, 0, 24, 148, 31268 }, // ŷ
    { 21, 27, 21, 0, 27, 142, 31416 }, // Ÿ
    { 17, 30, 18, 0, 29, 128, 31558 }, // Ź
    { 15, 26, 15, 0, 25, 98, 31686 }, // ź
    { 17, 29, 18, 0, 28, 124, 31784 }, // Ż
    { 15, 24, 15, 0, 23, 90, 31908 }, // ż
    { 17, 29, 18, 0, 28, 124, 31998 }, // Ž
    { 15, 25, 15, 0, 24, 94, 32122 }, // ž
    { 15, 23, 12, 0, 23, 87, 32216 }, // ſ
    { 7, 8, 0, -5, 25, 14, 32303 }, // ̀
    { 6, 8, 0, -2, 25, 12, 32317 }, // ́
    { 10, 7, 0, -5, 24, 18, 32329 }, // ̂
    { 10, 5, 0, -5, 23, 13, 32347 }, // ̃
    { 10, 3, 0, -5, 21, 8, 32360 }, // ̄
    { 10, 6, 0, -5, 23, 15, 32368 }, // ̆
    { 6, 5, 0, -3, 23, 8, 32383 }, // ̇
    { 12, 5, 0, -6, 23, 15, 32391 }, // ̈
    { 8, 9, 0, -4, 26, 18, 32406 }, // ̉
    { 8, 9, 0, -4, 25, 18, 32424 }, // ̊
    { 11, 8, 0, -4, 25, 22, 32442 }, // ̋
    { 10, 7, 0, -5, 24, 18, 32464 }, // ̌
    { 11, 8, 0, -7, 25, 22, 32482 }, // ̏
    { 10, 6, 0, -5, 23, 15, 32504 }, // ̑
    { 6, 8, 0, -3, 25, 12, 32519 }, // ̒
    { 6, 9, 0, -2, 26, 14, 32531 }, // ̓
    { 6, 9, 0, -4, 26, 14, 32545 }, // ̔
    { 4, 8, 0, -2, 25, 8, 32559 }, // ̕
    { 6, 8, 0, -3, 19, 12, 32567 }, // ̛
    { 6, 5, 0, -3, -2, 8, 32579 }, // ̣
    { 12, 5, 0, -6, -2, 15, 32587 }, // ̤
    { 8, 7, 0, -4, -1, 14, 32602 }, // ̥
    { 6, 7, 0, -3, -1, 11, 32616 }, // ̦
    { 6, 7, 0, -3, -1, 11, 32627 }, // ̧
    { 8, 8, 0, -4, 1, 16, 32638 }, // ̨
    { 4, 8, 8, 2, -1, 8, 32654 }, // ̩
    { 12, 7, 0, -6, -1, 21, 32662 }, // ̭
    { 10, 6, 0, -5, -2, 15, 32683 }, // ̮
    { 10, 6, 0, -5, -2, 15, 32698 }, // ̰
    { 10, 3, 0, -5, -3, 8, 32713 }, // ̱
    { 10, 6, 0, -5, 23, 15, 32721 }, // ͂
    { 12, 12, 0, -6, 30, 36, 32736 }, // ̈́
    { 6, 6, 0, -2, -2, 9, 32772 }, // ͅ
    { 17, 29, 19, 1, 29, 124, 32781 }, // Ѐ
    { 17, 27, 19, 1, 27, 115, 32905 }, // Ё
    { 24, 27, 25, 0, 21, 162, 33020 }, // Ђ
    { 17, 29, 18, 1, 29, 124, 33182 }, // Ѓ
    { 18, 22, 20, 1, 21, 99, 33306 }, // Є
    { 15, 22, 17, 1, 21, 83, 33405 }, // Ѕ
    { 11, 21, 12, 1, 21, 58, 33488 }, // І
    { 12, 27, 12, 0, 27, 81, 33546 }, // Ї
    { 14, 27, 11, -2, 21, 95, 33627 }, // Ј
    { 28, 22, 29, 0, 21, 154, 33722 }, // Љ
    { 29, 22, 31, 1, 21, 160, 33876 }, // Њ
    { 27, 21, 27, 0, 21, 142, 34036 }, // Ћ
    { 21, 30, 22, 1, 29, 158, 34178 }, // Ќ
    { 23, 29, 25, 1, 29, 167, 34336 }, // Ѝ
    { 21, 29, 21, 0, 28, 153, 34503 }, // Ў
    { 22, 28, 24, 1, 21, 154, 34656 }, // Џ
    { 23, 21, 22, 0, 21, 121, 34810 }, // А
    { 17, 22, 19, 1, 21, 94, 34931 }, // Б
    { 17, 22, 19, 1, 21, 94, 35025 }, // В
    { 17, 21, 18, 1, 21, 90, 35119 }, // Г
    { 23, 27, 23, 0, 21, 156, 35209 }, // Д
    { 17, 21, 19, 1, 21, 90, 35365 }, // Е
    { 32, 22, 32, 0, 21, 176, 35455 }, // Ж
    { 17, 22, 18, 1, 21, 94, 35631 }, // З
    { 23, 21, 25, 1, 21, 121, 35725 }, // И
    { 23, 28, 25, 1, 28, 161, 35846 }, // Й
    { 21, 22, 22, 1, 21, 116, 36007 }, // К
    { 22, 22, 22, 0, 21, 121, 36123 }, // Л
    { 27, 21, 28, 0, 21, 142, 36244 }, // М
    { 23, 21, 25, 1, 21, 121, 36386 }, // Н
    { 21, 22, 23, 1, 21, 116, 36507 }, // О
    { 23, 21, 24, 1, 21, 121, 36623 }, // П
    { 17, 21, 18, 1, 21, 90, 36744 }, // Р
    { 17, 22, 19, 1, 21, 94, 36834 }, // С
    { 20, 21, 21, 0, 21, 105, 36928 }, // Т
    { 21, 22, 21, 0, 21, 116, 37033 }, // У
    { 22, 22, 23, 1, 21, 121, 37149 }, // Ф
    { 22, 21, 22, 0, 21, 116, 37270 }, // Х
    { 23, 27, 24, 1, 21, 156, 37386 }, // Ц
    { 22, 21, 22, 0, 21, 116, 37542 }, // Ч
    { 31, 21, 32, 1, 21, 163, 37658 }, // Ш
    { 32, 27, 33, 1, 21, 216, 37821 }, // Щ
    { 22, 22, 23, 0, 21, 121, 38037 }, // Ъ
    { 28, 22, 30, 1, 21, 154, 38158 }, // Ы
    { 17, 22, 19, 1, 21, 94, 38312 }, // Ь
    { 18, 22, 20, 1, 21, 99, 38406 }, // Э
    { 30, 22, 32, 1, 21, 165, 38505 }, // Ю
    { 20, 22, 21, 0, 21, 110, 38670 }, // Я
    { 16, 17, 16, 1, 16, 68, 38780 }, // а
    { 16, 24, 17, 1, 23, 96, 38848 }, // б
    { 15, 17, 17, 1, 16, 64, 38944 }, // в
    { 14, 16, 15, 1, 16, 56, 39008 }, // г
    { 20, 22, 20, 0, 16, 110, 39064 }, // д
    { 14, 17, 16, 1, 16, 60, 39174 }, // е
    { 26, 17, 26, 0, 16, 111, 39234 }, // ж
    { 14, 17, 15, 0, 16, 60, 39345 }, // з
    { 19, 16, 20, 1, 16, 76, 39405 }, // и
    { 19, 23, 20, 1, 23, 110, 39481 }, // й
    { 18, 17, 19, 1, 16, 77, 39591 }, // к
    { 18, 17, 19, 0, 16, 77, 39668 }, // л
    { 21, 16, 23, 1, 16, 84, 39745 }, // м
    { 19, 16, 20, 1, 16, 76, 39829 }, // н
    { 16, 17, 18, 1, 16, 68, 39905 }, // о
    { 19, 16, 20, 1, 16, 76, 39973 }, // п
    { 18, 23, 18, 0, 16, 104, 40049 }, // р
    { 14, 17, 15, 1, 16, 60, 40153 }, // с
    { 17, 16, 18, 0, 16, 68, 40213 }, // т
    { 19, 23, 19, 0, 16, 110, 40281 }, // у
    { 21, 30, 23, 1, 23, 158, 40391 }, // ф
    { 18, 16, 18, 0, 16, 72, 40549 }, // х
    { 19, 22, 20, 1, 16, 105, 40621 }, // ц
    { 18, 16, 19, 0, 16, 72, 40726 }, // ч
    { 25, 16, 27, 1, 16, 100, 40798 }, // ш
    { 26, 22, 27, 1, 16, 143, 40898 }, // щ
    { 19, 17, 19, 0, 16, 81, 41041 }, // ъ
    { 24, 17, 25, 1, 16, 102, 41122 }, // ы
    { 15, 17, 16, 1, 16, 64, 41224 }, // ь
    { 15, 17, 16, 0, 16, 64, 41288 }, // э
    { 24, 17, 26, 1, 16, 102, 41352 }, // ю
    { 17, 17, 18, 0, 16, 73, 41454 }, // я
    { 14, 26, 16, 1, 25, 91, 41527 }, // ѐ
    { 14, 24, 16, 1, 23, 84, 41618 }, // ё
    { 18, 30, 19, 0, 23, 135, 41702 }, // ђ
    { 14, 25, 15, 1, 25, 88, 41837 }, // ѓ
    { 14, 17, 16, 1, 16, 60, 41925 }, // є
    { 13, 17, 15, 1, 16, 56, 41985 }, // ѕ
    { 10, 23, 10, 0, 23, 58, 42041 }, // і
    { 11, 23, 10, 0, 23, 64, 42099 }, // ї
    { 10, 30, 9, -2, 23, 75, 42163 }, // ј
    { 23, 17, 23, 0, 16, 98, 42238 }, // љ
    { 24, 17, 25, 1, 16, 102, 42336 }, // њ
    { 19, 23, 19, 0, 23, 110, 42438 }, // ћ
    { 18, 26, 19, 1, 25, 117, 42548 }, // ќ
    { 19, 25, 20, 1, 25, 119, 42665 }, // ѝ
    { 19, 30, 19, 0, 23, 143, 42784 }, // ў
    { 18, 22, 20, 1, 16, 99, 42927 }, // џ
    { 20, 24, 22, 1, 23, 120, 43026 }, // Ѣ
    { 19, 22, 19, 0, 21, 105, 43146 }, // ѣ
    { 21, 22, 23, 1, 21, 116, 43251 }, // Ѳ
    { 16, 17, 18, 1, 16, 68, 43367 }, // ѳ
    { 23, 22, 23, 0, 21, 127, 43435 }, // Ѵ
    { 20, 17, 19, 0, 16, 85, 43562 }, // ѵ
    { 24, 34, 25, 1, 28, 204, 43647 }, // Ҋ
    { 20, 29, 20, 0, 23, 145, 43851 }, // ҋ
    { 18, 22, 19, 0, 21, 99, 43996 }, // Ҍ
    { 15, 22, 16, 0, 21, 83, 44095 }, // ҍ
    { 17, 21, 18, 1, 21, 90, 44178 }, // Ҏ
    { 18, 23, 18, 0, 16, 104, 44268 }, // ҏ
    { 15, 24, 17, 1, 24, 90, 44372 }, // Ґ
    { 13, 19, 15, 1, 19, 62, 44462 }, // ґ
    { 18, 21, 18, 0, 21, 95, 44524 }, // Ғ
    { 15, 16, 16, 0, 16, 60, 44619 }, // ғ
    { 19, 27, 21, 1, 21, 129, 44679 }, // Ҕ
    { 16, 23, 18, 1, 16, 92, 44808 }, // ҕ
    { 32, 27, 32, 0, 21, 216, 44900 }, // Җ
    { 26, 22, 26, 0, 16, 143, 45116 }, // җ
    { 17, 28, 18, 1, 21, 119, 45259 }, // Ҙ
    { 14, 22, 15, 0, 16, 77, 45378 }, // ҙ
    { 21, 27, 22, 1, 21, 142, 45455 }, // Қ
    { 18, 22, 19, 1, 16, 99, 45597 }, // қ
    { 23, 22, 23, 1, 21, 127, 45696 }, // Ҝ
    { 18, 17, 19, 1, 16, 77, 45823 }, // ҝ
    { 22, 22, 22, 0, 21, 121, 45900 }, // Ҟ
    { 19, 22, 18, 0, 21, 105, 46021 }, // ҟ
    { 26, 22, 25, 0, 21, 143, 46126 }, // Ҡ
    { 22, 17, 22, 0, 16, 94, 46269 }, // ҡ
    { 24, 27, 25, 1, 21, 162, 46363 }, // Ң
    { 20, 22, 21, 1, 16, 110, 46525 }, // ң
    { 27, 21, 29, 1, 21, 142, 46635 }, // Ҥ
    { 22, 16, 24, 1, 16, 88, 46777 }, // ҥ
    { 31, 27, 32, 1, 21, 210, 46865 }, // Ҧ
    { 26, 23, 27, 1, 16, 150, 47075 }, // ҧ
    { 24, 22, 25, 1, 21, 132, 47225 }, // Ҩ
    { 19, 17, 20, 1, 16, 81, 47357 }, // ҩ
    { 17, 28, 19, 1, 21, 119, 47438 }, // Ҫ
    { 14, 22, 15, 1, 16, 77, 47557 }, // ҫ
    { 20, 27, 21, 0, 21, 135, 47634 }, // Ҭ
    { 17, 22, 18, 0, 16, 94, 47769 }, // ҭ
    { 21, 21, 21, 0, 21, 111, 47863 }, // Ү
    { 19, 23, 19, 0, 16, 110, 47974 }, // ү
    { 21, 21, 21, 0, 21, 111, 48084 }, // Ұ
    { 19, 23, 19, 0, 16, 110, 48195 }, // ұ
    { 23, 27, 23, 0, 21, 156, 48305 }, // Ҳ
    { 18, 22, 18, 0, 16, 99, 48461 }, // ҳ
    { 27, 27, 27, 0, 21, 183, 48560 }, // Ҵ
    { 23, 22, 23, 0, 16, 127, 48743 }, // ҵ
    { 23, 27, 23, 0, 21, 156, 48870 }, // Ҷ
    { 19, 22, 19, 0, 16, 105, 49026 }, // ҷ
    { 22, 21, 22, 0, 21, 116, 49131 }, // Ҹ
    { 18, 16, 19, 0, 16, 72, 49247 }, // ҹ
    { 22, 21, 23, 1, 21, 116, 49319 }, // Һ
    { 19, 23, 19, 0, 23, 110, 49435 }, // һ
    { 24, 22, 25, 0, 21, 132, 49545 }, // Ҽ
    { 19, 17, 19, 0, 16, 81, 49677 }, // ҽ
    { 24, 27, 25, 0, 21, 162, 49758 }, // Ҿ
    { 19, 22, 19, 0, 16, 105, 49920 }, // ҿ
    { 11, 21, 12, 1, 21, 58, 50025 }, // Ӏ
    { 32, 29, 32, 0, 28, 232, 50083 }, // Ӂ
    { 26, 24, 26, 0, 23, 156, 50315 }, // ӂ
    { 20, 27, 21, 1, 21, 135, 50471 }, // Ӄ
    { 17, 23, 18, 1, 16, 98, 50606 }, // ӄ
    { 22, 27, 22, 0, 21, 149, 50704 }, // Ӆ
    { 19, 22, 19, 0, 16, 105, 50853 }, // ӆ
    { 23, 27, 24, 1, 21, 156, 50958 }, // Ӈ
    { 19, 23, 20, 1, 16, 110, 51114 }, // ӈ
    { 24, 27, 25, 1, 21, 162, 51224 }, // Ӊ
    { 19, 22, 20, 1, 16, 105, 51386 }, // ӊ
    { 22, 27, 22, 0, 21, 149, 51491 }, // Ӌ
    { 18, 22, 19, 0, 16, 99, 51640 }, // ӌ
    { 28, 27, 28, 0, 21, 189, 51739 }, // Ӎ
    { 22, 22, 23, 1, 16, 121, 51928 }, // ӎ
    { 10, 23, 12, 1, 23, 58, 52049 }, // ӏ
    { 23, 28, 22, 0, 28, 161, 52107 }, // Ӑ
    { 16, 24, 16, 1, 23, 96, 52268 }, // ӑ
    { 23, 27, 22, 0, 27, 156, 52364 }, // Ӓ
    { 16, 24, 16, 1, 23, 96, 52520 }, // ӓ
    { 29, 21, 28, -1, 21, 153, 52616 }, // Ӕ
    { 22, 17, 24, 1, 16, 94, 52769 }, // ӕ
    { 17, 28, 19, 1, 28, 119, 52863 }, // Ӗ
    { 14, 24, 16, 1, 23, 84, 52982 }, // ӗ
    { 19, 22, 20, 1, 21, 105, 53066 }, // Ә
    { 14, 17, 16, 1, 16, 60, 53171 }, // ә
    { 19, 28, 20, 1, 27, 133, 53231 }, // Ӛ
    { 14, 24, 16, 1, 23, 84, 53364 }, // ӛ
    { 32, 28, 32, 0, 27, 224, 53448 }, // Ӝ
    { 26, 24, 26, 0, 23, 156, 53672 }, // ӝ
    { 17, 28, 18, 1, 27, 119, 53828 }, // Ӟ
    { 14, 24, 15, 0, 23, 84, 53947 }, // ӟ
    { 16, 22, 17, 0, 21, 88, 54031 }, // Ӡ
    { 15, 23, 16, 0, 16, 87, 54119 }, // ӡ
    { 23, 26, 25, 1, 26, 150, 54206 }, // Ӣ
    { 19, 21, 20, 1, 21, 100, 54356 }, // ӣ
    { 23, 27, 25, 1, 27, 156, 54456 }, // Ӥ
    { 19, 23, 20, 1, 23, 110, 54612 }, // ӥ
    { 21, 28, 23, 1, 27, 147, 54722 }, // Ӧ
    { 16, 24, 18, 1, 23, 96, 54869 }, // ӧ
    { 21, 22, 23, 1, 21, 116, 54965 }, // Ө
    { 16, 17, 18, 1, 16, 68, 55081 }, // ө
    { 21, 28, 23, 1, 27, 147, 55149 }, // Ӫ
    { 16, 24, 18, 1, 23, 96, 55296 }, // ӫ
    { 18, 28, 20, 1, 27, 126, 55392 }, // Ӭ
    { 15, 24, 16, 0, 23, 90, 55518 }, // ӭ
    { 21, 27, 21, 0, 26, 142, 55608 }, // Ӯ
    { 19, 28, 19, 0, 21, 133, 55750 }, // ӯ
    { 21, 28, 21, 0, 27, 147, 55883 }, // Ӱ
    { 19, 30, 19, 0, 23, 143, 56030 }, // ӱ
    { 21, 30, 21, 0, 29, 158, 56173 }, // Ӳ
    { 19, 32, 19, 0, 25, 152, 56331 }, // ӳ
    { 22, 27, 22, 0, 27, 149, 56483 }, // Ӵ
    { 18, 23, 19, 0, 23, 104, 56632 }, // ӵ
    { 17, 27, 18, 1, 21, 115, 56736 }, // Ӷ
    { 14, 22, 15, 1, 16, 77, 56851 }, // ӷ
    { 28, 28, 30, 1, 27, 196, 56928 }, // Ӹ
    { 24, 24, 25, 1, 23, 144, 57124 }, // ӹ
    { 18, 27, 18, 0, 21, 122, 57268 }, // Ӻ
    { 15, 22, 15, 0, 16, 83, 57390 }, // ӻ
    { 22, 27, 22, 0, 21, 149, 57473 }, // Ӽ
    { 18, 23, 18, 0, 16, 104, 57622 }, // ӽ
    { 22, 21, 22, 0, 21, 116, 57726 }, // Ӿ
    { 18, 16, 18, 0, 16, 72, 57842 }, // ӿ
    { 0, 0, 15, 0, 0, 0, 57914 }, //  
    { 0, 0, 29, 0, 0, 0, 57914 }, //  
    { 0, 0, 15, 0, 0, 0, 57914 }, //  
    { 0, 0, 29, 0, 0, 0, 57914 }, //  
    { 0, 0, 10, 0, 0, 0, 57914 }, //  
    { 0, 0, 7, 0, 0, 0, 57914 }, //  
    { 0, 0, 5, 0, 0, 0, 57914 }, //  
    { 0, 0, 18, 0, 0, 0, 57914 }, //  
    { 0, 0, 8, 0, 0, 0, 57914 }, //  
    { 0, 0, 6, 0, 0, 0, 57914 }, //  
    { 0, 0, 1, 0, 0, 0, 57914 }, //  
    { 0, 0, 0, 0, 0, 0, 57914 }, // ​
    { 2, 24, 0, -1, 17, 12, 57914 }, // ‌
    { 6, 26, 0, -3, 19, 39, 57926 }, // ‍
    { 10, 28, 0, -5, 21, 70, 57965 }, // ‎
    { 10, 28, 0, -5, 21, 70, 58035 }, // ‏
    { 9, 5, 11, 1, 10, 12, 58105 }, // ‐
    { 9, 5, 11, 1, 10, 12, 58117 }, // ‑
    { 14, 3, 18, 2, 11, 11, 58129 }, // ‒
    { 15, 3, 15, 0, 9, 12, 58140 }, // –
    { 29, 3, 29, 0, 9, 22, 58152 }, // —
    { 29, 3, 29, 0, 9, 22, 58174 }, // ―
    { 11, 30, 15, 2, 23, 83, 58196 }, // ‖
    { 15, 8, 15, 0, -1, 30, 58279 }, // ‗
    { 6, 10, 7, 1, 22, 15, 58309 }, // ‘
    { 7, 10, 7, 0, 22, 18, 58324 }, // ’
    { 7, 10, 7, 0, 4, 18, 58342 }, // ‚
    { 6, 10, 7, 1, 22, 15, 58360 }, // ‛
    { 12, 10, 13, 1, 22, 30, 58375 }, // “
    { 12, 10, 13, 0, 22, 30, 58405 }, // ”
    { 12, 10, 13, 0, 4, 30, 58435 }, // „
    { 12, 10, 13, 1, 22, 30, 58465 }, // ‟
    { 14, 19, 14, 0, 21, 67, 58495 }, // †
    { 14, 23, 14, 0, 21, 81, 58562 }, // ‡
    { 7, 7, 9, 1, 11, 13, 58643 }, // •
    { 10, 10, 18, 4, 15, 25, 58656 }, // ‣
    { 6, 6, 8, 1, 5, 9, 58681 }, // ․
    { 13, 6, 15, 1, 5, 20, 58690 }, // ‥
    { 25, 6, 29, 2, 5, 38, 58710 }, // …
    { 6, 6, 8, 1, 11, 9, 58748 }, // ‧
    { 0, 0, 0, 0, 0, 0, 58757 }, //  
    { 0, 0, 0, 0, 0, 0, 58757 }, //  
    { 10, 28, 0, -5, 21, 70, 58757 }, // ‪
    { 10, 28, 0, -5, 21, 70, 58827 }, // ‫
    { 10, 27, 0, -5, 20, 68, 58897 }, // ‬
    { 12, 28, 0, -6, 21, 84, 58965 }, // ‭
    { 12, 28, 0, -6, 21, 84, 59049 }, // ‮
    { 0, 0, 3, 0, 0, 0, 59133 }, //  
    { 39, 24, 40, 1, 22, 234, 59133 }, // ‰
    { 8, 11, 8, 0, 21, 22, 59367 }, // ′
    { 14, 11, 14, 0, 21, 39, 59389 }, // ″
    { 20, 11, 21, 0, 21, 55, 59428 }, // ‴
    { 8, 11, 8, 0, 21, 22, 59483 }, // ‵
    { 13, 11, 15, 1, 21, 36, 59505 }, // ‶
    { 19, 11, 21, 1, 21, 53, 59541 }, // ‷
    { 13, 6, 14, 1, 0, 20, 59594 }, // ‸
    { 9, 12, 10, 0, 13, 27, 59614 }, // ‹
    { 8, 12, 10, 1, 13, 24, 59641 }, // ›
    { 18, 20, 18, 0, 19, 90, 59665 }, // ※
    { 14, 23, 17, 2, 22, 81, 59755 }, // ‼
    { 15, 4, 15, 0, 25, 15, 59836 }, // ‾
    { 7, 5, 9, 1, 10, 9, 59851 }, // ⁃
    { 15, 25, 5, -5, 22, 94, 59860 }, // ⁄
    { 25, 23, 27, 1, 22, 144, 59954 }, // ⁇
    { 21, 23, 22, 1, 22, 121, 60098 }, // ⁈
    { 19, 23, 22, 2, 22, 110, 60219 }, // ⁉
    { 17, 7, 29, 6, 12, 30, 60329 }, // ⁓
    { 27, 11, 27, 0, 21, 75, 60359 }, // ⁗
    { 0, 0, 6, 0, 0, 0, 60434 }, //  
    { 0, 0, 0, 0, 0, 0, 60434 }, // ⁠
    { 0, 0, 0, 0, 0, 0, 60434 }, // ⁡
    { 0, 0, 0, 0, 0, 0, 60434 }, // ⁢
    { 0, 0, 0, 0, 0, 0, 60434 }, // ⁣
    { 0, 0, 0, 0, 0, 0, 60434 }, // ⁤
    { 13, 14, 13, 0, 24, 46, 60434 }, // ⁰
    { 13, 14, 13, 0, 24, 46, 60480 }, // ⁴
    { 11, 14, 13, 1, 24, 39, 60526 }, // ⁵
    { 11, 14, 13, 1, 24, 39, 60565 }, // ⁶
    { 11, 14, 13, 1, 24, 39, 60604 }, // ⁷
    { 11, 14, 13, 1, 24, 39, 60643 }, // ⁸
    { 11, 14, 13, 1, 24, 39, 60682 }, // ⁹
    { 13, 11, 16, 2, 21, 36, 60721 }, // ⁿ
    { 13, 15, 13, 0, 10, 49, 60757 }, // ₀
    { 10, 14, 13, 1, 10, 35, 60806 }, // ₁
    { 11, 14, 13, 1, 10, 39, 60841 }, // ₂
    { 11, 15, 13, 1, 10, 42, 60880 }, // ₃
    { 13, 15, 13, 0, 10, 49, 60922 }, // ₄
    { 11, 14, 13, 1, 9, 39, 60971 }, // ₅
    { 11, 15, 13, 1, 10, 42, 61010 }, // ₆
    { 11, 14, 13, 1, 9, 39, 61052 }, // ₇
    { 11, 15, 13, 1, 10, 42, 61091 }, // ₈
    { 11, 15, 13, 1, 10, 42, 61133 }, // ₉
    { 16, 20, 18, 1, 20, 80, 61175 }, // ₣
    { 18, 22, 18, 0, 21, 99, 61255 }, // ₤
    { 39, 22, 39, 0, 21, 215, 61354 }, // ₧
    { 18, 22, 18, 0, 21, 99, 61569 }, // €
    { 26, 25, 31, 3, 22, 163, 61668 }, // ℀
    { 26, 25, 31, 3, 22, 163, 61831 }, // ℁
    { 29, 22, 32, 2, 21, 160, 61994 }, // ℃
    { 27, 25, 31, 2, 22, 169, 62154 }, // ℅
    { 30, 25, 31, 1, 22, 188, 62323 }, // ℆
    { 28, 21, 30, 2, 21, 147, 62511 }, // ℉
    { 14, 24, 18, 2, 23, 84, 62658 }, // ℓ
    { 33, 22, 34, 0, 21, 182, 62742 }, // №
    { 21, 22, 29, 4, 21, 116, 62924 }, // ℞
    { 39, 16, 41, 1, 16, 156, 63040 }, // ℡
    { 25, 11, 25, 0, 21, 69, 63196 }, // ™
    { 24, 21, 25, 0, 21, 126, 63265 }, // Ω
    { 21, 22, 22, 1, 21, 116, 63391 }, // K
    { 23, 29, 22, 0, 29, 167, 63507 }, // Å
    { 21, 19, 29, 4, 18, 100, 63674 }, // ℮
    { 39, 16, 41, 1, 16, 156, 63774 }, // ℻
    { 29, 25, 31, 1, 22, 182, 63930 }, // ⅓
    { 29, 25, 31, 1, 22, 182, 64112 }, // ⅔
    { 29, 25, 31, 1, 22, 182, 64294 }, // ⅕
    { 29, 25, 31, 1, 22, 182, 64476 }, // ⅖
    { 29, 25, 31, 1, 22, 182, 64658 }, // ⅗
    { 30, 25, 31, 0, 22, 188, 64840 }, // ⅘
    { 30, 25, 31, 1, 22, 188, 65028 }, // ⅙
    { 30, 25, 31, 1, 22, 188, 65216 }, // ⅚
    { 29, 25, 31, 1, 22, 182, 65404 }, // ⅛
    { 29, 25, 31, 1, 22, 182, 65586 }, // ⅜
    { 29, 25, 31, 1, 22, 182, 65768 }, // ⅝
    { 29, 25, 31, 1, 22, 182, 65950 }, // ⅞
    { 22, 25, 31, 1, 22, 138, 66132 }, // ⅟
    { 11, 21, 12, 1, 21, 58, 66270 }, // Ⅰ
    { 23, 21, 24, 1, 21, 121, 66328 }, // Ⅱ
    { 35, 21, 36, 1, 21, 184, 66449 }, // Ⅲ
    { 34, 22, 35, 1, 21, 187, 66633 }, // Ⅳ
    { 23, 22, 23, 0, 21, 127, 66820 }, // Ⅴ
    { 33, 22, 35, 0, 21, 182, 66947 }, // Ⅵ
    { 46, 22, 47, 0, 21, 253, 67129 }, // Ⅶ
    { 58, 22, 59, 0, 21, 319, 67382 }, // Ⅷ
    { 34, 21, 34, 1, 21, 179, 67701 }, // Ⅸ
    { 22, 21, 22, 0, 21, 116, 67880 }, // Ⅹ
    { 33, 21, 34, 0, 21, 174, 67996 }, // Ⅺ
    { 45, 21, 47, 0, 21, 237, 68170 }, // Ⅻ
    { 17, 21, 18, 1, 21, 90, 68407 }, // Ⅼ
    { 17, 22, 19, 1, 21, 94, 68497 }, // Ⅽ
    { 21, 22, 23, 1, 21, 116, 68591 }, // Ⅾ
    { 27, 21, 28, 0, 21, 142, 68707 }, // Ⅿ
    { 10, 23, 10, 0, 23, 58, 68849 }, // ⅰ
    { 21, 23, 21, 0, 23, 121, 68907 }, // ⅱ
    { 31, 23, 31, 0, 23, 179, 69028 }, // ⅲ
    { 29, 24, 29, 0, 23, 174, 69207 }, // ⅳ
    { 19, 17, 19, 0, 16, 81, 69381 }, // ⅴ
    { 28, 24, 30, 0, 23, 168, 69462 }, // ⅵ
    { 39, 24, 40, 0, 23, 234, 69630 }, // ⅶ
    { 49, 24, 50, 0, 23, 294, 69864 }, // ⅷ
    { 28, 23, 28, 0, 23, 161, 70158 }, // ⅸ
    { 18, 16, 18, 0, 16, 72, 70319 }, // ⅹ
    { 28, 23, 28, 0, 23, 161, 70391 }, // ⅺ
    { 38, 23, 39, 0, 23, 219, 70552 }, // ⅻ
    { 10, 23, 10, 0, 23, 58, 70771 }, // ⅼ
    { 14, 17, 15, 1, 16, 60, 70829 }, // ⅽ
    { 18, 24, 18, 1, 23, 108, 70889 }, // ⅾ
    { 29, 16, 29, 0, 16, 116, 70997 }, // ⅿ
    { 19, 14, 29, 5, 17, 67, 71113 }, // ←
    { 13, 20, 29, 8, 20, 65, 71180 }, // ↑
    { 19, 14, 29, 5, 17, 67, 71245 }, // →
    { 13, 20, 29, 8, 20, 65, 71312 }, // ↓
    { 19, 14, 29, 5, 17, 67, 71377 }, // ↔
    { 13, 20, 29, 8, 20, 65, 71444 }, // ↕
    { 15, 20, 29, 7, 20, 75, 71509 }, // ↨
    { 13, 20, 29, 8, 20, 65, 71584 }, // ↲
    { 13, 20, 29, 8, 20, 65, 71649 }, // ↳
    { 17, 16, 29, 6, 18, 68, 71714 }, // ↵
    { 19, 16, 29, 5, 18, 76, 71782 }, // ⇐
    { 17, 18, 29, 6, 19, 77, 71858 }, // ⇑
    { 19, 16, 29, 5, 18, 76, 71935 }, // ⇒
    { 17, 18, 29, 6, 19, 77, 72011 }, // ⇓
    { 19, 16, 29, 5, 18, 76, 72088 }, // ⇔
    { 21, 22, 29, 4, 21, 116, 72164 }, // ∀
    { 16, 24, 18, 1, 23, 96, 72280 }, // ∂
    { 15, 21, 29, 7, 21, 79, 72376 }, // ∃
    { 23, 24, 29, 3, 22, 138, 72455 }, // ∅
    { 20, 21, 20, 0, 21, 105, 72593 }, // ∆
    { 19, 22, 29, 5, 21, 105, 72698 }, // ∇
    { 21, 21, 29, 4, 21, 111, 72803 }, // ∈
    { 21, 26, 29, 4, 23, 137, 72914 }, // ∉
    { 21, 18, 29, 4, 19, 95, 73051 }, // ∊
    { 21, 21, 29, 4, 21, 111, 73146 }, // ∋
    { 21, 26, 29, 4, 23, 137, 73257 }, // ∌
    { 21, 18, 29, 4, 19, 95, 73394 }, // ∍
    { 23, 26, 24, 1, 21, 150, 73489 }, // ∏
    { 19, 26, 19, 0, 21, 124, 73639 }, // ∑
    { 14, 4, 18, 2, 12, 14, 73763 }, // −
    { 15, 23, 15, 0, 21, 87, 73777 }, // ∕
    { 15, 23, 15, 0, 21, 87, 73864 }, // ∖
    { 14, 14, 18, 2, 17, 49, 73951 }, // ∗
    { 12, 11, 18, 3, 15, 33, 74000 }, // ∘
    { 6, 6, 18, 6, 11, 9, 74033 }, // ∙
    { 19, 28, 18, -1, 24, 133, 74042 }, // √
    { 14, 12, 18, 2, 15, 42, 74175 }, // ∝
    { 18, 11, 18, 0, 15, 50, 74217 }, // ∞
    { 19, 21, 29, 5, 21, 100, 74267 }, // ∟
    { 23, 21, 29, 3, 21, 121, 74367 }, // ∠
    { 5, 30, 15, 5, 23, 38, 74488 }, // ∣
    { 11, 30, 15, 2, 23, 83, 74526 }, // ∥
    { 21, 21, 29, 4, 21, 111, 74609 }, // ∧
    { 21, 21, 29, 4, 21, 111, 74720 }, // ∨
    { 17, 21, 29, 6, 21, 90, 74831 }, // ∩
    { 17, 22, 29, 6, 21, 94, 74921 }, // ∪
    { 16, 30, 18, 1, 23, 120, 75015 }, // ∫
    { 19, 18, 29, 5, 17, 86, 75135 }, // ∴
    { 19, 18, 29, 5, 17, 86, 75221 }, // ∵
    { 7, 16, 9, 1, 18, 28, 75307 }, // ∶
    { 19, 18, 29, 5, 17, 86, 75335 }, // ∷
    { 17, 7, 29, 6, 12, 30, 75421 }, // ∼
    { 17, 17, 29, 6, 18, 73, 75451 }, // ≅
    { 14, 12, 18, 2, 16, 42, 75524 }, // ≈
    { 17, 12, 29, 6, 14, 51, 75566 }, // ≍
    { 14, 15, 18, 2, 17, 53, 75617 }, // ≠
    { 17, 15, 29, 6, 16, 64, 75670 }, // ≡
    { 14, 18, 18, 2, 18, 63, 75734 }, // ≤
    { 14, 18, 18, 2, 18, 63, 75797 }, // ≥
    { 25, 14, 29, 2, 17, 88, 75860 }, // ≪
    { 25, 14, 29, 2, 17, 88, 75948 }, // ≫
    { 21, 18, 29, 4, 19, 95, 76036 }, // ⊃
    { 21, 26, 29, 4, 23, 137, 76131 }, // ⊄
    { 21, 26, 29, 4, 23, 137, 76268 }, // ⊅
    { 19, 21, 29, 5, 21, 100, 76405 }, // ⊆
    { 19, 21, 29, 5, 21, 100, 76505 }, // ⊇
    { 21, 22, 29, 4, 21, 116, 76605 }, // ⊕
    { 21, 22, 29, 4, 21, 116, 76721 }, // ⊖
    { 21, 22, 29, 4, 21, 116, 76837 }, // ⊗
    { 21, 22, 29, 4, 21, 116, 76953 }, // ⊘
    { 17, 21, 29, 6, 21, 90, 77069 }, // ⊥
    { 6, 6, 18, 6, 11, 9, 77159 }, // ⋅
    { 25, 6, 29, 2, 11, 38, 77168 }, // ⋯
    { 14, 14, 18, 2, 17, 49, 77206 }, // ■
    { 14, 14, 18, 2, 17, 49, 77255 }, // □
    { 8, 8, 18, 5, 14, 16, 77304 }, // ▪
    { 10, 10, 18, 4, 15, 25, 77320 }, // ▫
    { 11, 4, 18, 4, 12, 11, 77345 }, // ▬
    { 12, 7, 18, 3, 14, 21, 77356 }, // ▭
    { 8, 14, 18, 5, 17, 28, 77377 }, // ▮
    { 8, 14, 18, 5, 17, 28, 77405 }, // ▯
    { 14, 14, 18, 2, 17, 49, 77433 }, // ▲
    { 14, 14, 18, 2, 17, 49, 77482 }, // △
    { 10, 10, 18, 4, 15, 25, 77531 }, // ▴
    { 10, 10, 18, 4, 15, 25, 77556 }, // ▵
    { 14, 14, 18, 2, 17, 49, 77581 }, // ▶
    { 14, 14, 18, 2, 17, 49, 77630 }, // ▷
    { 10, 10, 18, 4, 15, 25, 77679 }, // ▸
    { 10, 10, 18, 4, 15, 25, 77704 }, // ▹
    { 14, 10, 18, 2, 15, 35, 77729 }, // ►
    { 14, 10, 18, 2, 15, 35, 77764 }, // ▻
    { 14, 14, 18, 2, 17, 49, 77799 }, // ▼
    { 14, 14, 18, 2, 17, 49, 77848 }, // ▽
    { 10, 10, 18, 4, 15, 25, 77897 }, // ▾
    { 10, 10, 18, 4, 15, 25, 77922 }, // ▿
    { 14, 14, 18, 2, 17, 49, 77947 }, // ◀
    { 14, 14, 18, 2, 17, 49, 77996 }, // ◁
    { 10, 10, 18, 4, 15, 25, 78045 }, // ◂
    { 10, 10, 18, 4, 15, 25, 78070 }, // ◃
    { 14, 10, 18, 2, 15, 35, 78095 }, // ◄
    { 14, 10, 18, 2, 15, 35, 78130 }, // ◅
    { 16, 26, 18, 1, 21, 104, 78165 }, // ◊
    { 16, 16, 18, 1, 18, 64, 78269 }, // ○
    { 17, 18, 19, 1, 17, 77, 78333 }, // ◌
    { 16, 16, 18, 1, 18, 64, 78410 }, // ●
    { 14, 14, 18, 2, 17, 49, 78474 }, // ◘
    { 14, 21, 18, 2, 21, 74, 78523 }, // ◙
    { 8, 8, 9, 0, 12, 16, 78597 }, // ◦
    { 17, 18, 29, 6, 19, 77, 78613 }, // ◯
    { 21, 19, 29, 4, 20, 100, 78690 }, // ★
    { 21, 20, 29, 4, 20, 105, 78790 }, // ☆
    { 21, 22, 29, 4, 21, 116, 78895 }, // ☺
    { 21, 22, 29, 4, 21, 116, 79011 }, // ☻
    { 21, 22, 29, 4, 21, 116, 79127 }, // ☼
    { 12, 22, 18, 3, 21, 66, 79243 }, // ♀
    { 16, 16, 18, 1, 18, 64, 79309 }, // ♂
    { 19, 22, 29, 5, 18, 105, 79373 }, // ♠
    { 21, 20, 29, 4, 17, 105, 79478 }, // ♡
    { 21, 25, 29, 4, 20, 132, 79583 }, // ♢
    { 19, 22, 29, 5, 18, 105, 79715 }, // ♣
    { 21, 25, 29, 4, 20, 132, 79820 }, // ♤
    { 19, 19, 29, 5, 17, 91, 79952 }, // ♥
    { 17, 21, 29, 6, 18, 90, 80043 }, // ♦
    { 21, 24, 29, 4, 19, 126, 80133 }, // ♧
    { 8, 22, 15, 3, 21, 44, 80259 }, // ♩
    { 14, 22, 15, 0, 21, 77, 80303 }, // ♪
    { 19, 22, 29, 5, 21, 105, 80380 }, // ♫
    { 19, 22, 29, 5, 21, 105, 80485 }, // ♬
    { 9, 20, 15, 3, 20, 45, 80590 }, // ♭
    { 7, 18, 15, 4, 19, 32, 80635 }, // ♮
    { 12, 21, 15, 1, 21, 63, 80667 }, // ♯
    { 14, 18, 15, 0, 19, 63, 80730 }, // ✓
    { 19, 18, 29, 5, 19, 86, 80793 }, // ✠
    { 21, 22, 29, 4, 21, 116, 80879 }, // ✪
    { 19, 22, 29, 5, 21, 105, 80995 }, // ✽
    { 17, 16, 29, 6, 18, 68, 81100 }, // ❏
    { 5, 26, 9, 2, 23, 33, 81168 }, // ❙
    { 21, 22, 29, 4, 21, 116, 81201 }, // ➊
    { 21, 22, 29, 4, 21, 116, 81317 }, // ➋
    { 21, 22, 29, 4, 21, 116, 81433 }, // ➌
    { 21, 22, 29, 4, 21, 116, 81549 }, // ➍
    { 21, 22, 29, 4, 21, 116, 81665 }, // ➎
    { 21, 22, 29, 4, 21, 116, 81781 }, // ➏
    { 21, 22, 29, 4, 21, 116, 81897 }, // ➐
    { 21, 22, 29, 4, 21, 116, 82013 }, // ➑
    { 21, 22, 29, 4, 21, 116, 82129 }, // ➒
    { 21, 22, 29, 4, 21, 116, 82245 }, // ➓
    { 19, 18, 29, 5, 19, 86, 82361 }, // ➔
    { 19, 14, 29, 5, 17, 67, 82447 }, // ➤
    { 21, 22, 29, 4, 21, 116, 82514 }, // ➲
    { 27, 28, 29, 1, 24, 189, 82630 }, // �
};

static const EpdUnicodeInterval bookerly_14_boldIntervals[] = {
    { 0x0, 0x0, 0x0 },
    { 0x8, 0x9, 0x1 },
    { 0xD, 0xD, 0x3 },
    { 0x1D, 0x1D, 0x4 },
    { 0x20, 0x7E, 0x5 },
    { 0xA0, 0xFF, 0x64 },
    { 0x100, 0x17F, 0xC4 },
    { 0x300, 0x304, 0x144 },
    { 0x306, 0x30C, 0x149 },
    { 0x30F, 0x30F, 0x150 },
    { 0x311, 0x315, 0x151 },
    { 0x31B, 0x31B, 0x156 },
    { 0x323, 0x329, 0x157 },
    { 0x32D, 0x32E, 0x15E },
    { 0x330, 0x331, 0x160 },
    { 0x342, 0x342, 0x162 },
    { 0x344, 0x345, 0x163 },
    { 0x400, 0x45F, 0x165 },
    { 0x462, 0x463, 0x1C5 },
    { 0x472, 0x475, 0x1C7 },
    { 0x48A, 0x4FF, 0x1CB },
    { 0x2000, 0x2030, 0x241 },
    { 0x2032, 0x203C, 0x272 },
    { 0x203E, 0x203E, 0x27D },
    { 0x2043, 0x2044, 0x27E },
    { 0x2047, 0x2049, 0x280 },
    { 0x2053, 0x2053, 0x283 },
    { 0x2057, 0x2057, 0x284 },
    { 0x205F, 0x2064, 0x285 },
    { 0x2070, 0x2070, 0x28B },
    { 0x2074, 0x2079, 0x28C },
    { 0x207F, 0x2089, 0x292 },
    { 0x20A3, 0x20A4, 0x29D },
    { 0x20A7, 0x20A7, 0x29F },
    { 0x20AC, 0x20AC, 0x2A0 },
    { 0x2100, 0x2101, 0x2A1 },
    { 0x2103, 0x2103, 0x2A3 },
    { 0x2105, 0x2106, 0x2A4 },
    { 0x2109, 0x2109, 0x2A6 },
    { 0x2113, 0x2113, 0x2A7 },
    { 0x2116, 0x2116, 0x2A8 },
    { 0x211E, 0x211E, 0x2A9 },
    { 0x2121, 0x2122, 0x2AA },
    { 0x2126, 0x2126, 0x2AC },
    { 0x212A, 0x212B, 0x2AD },
    { 0x212E, 0x212E, 0x2AF },
    { 0x213B, 0x213B, 0x2B0 },
    { 0x2153, 0x217F, 0x2B1 },
    { 0x2190, 0x2195, 0x2DE },
    { 0x21A8, 0x21A8, 0x2E4 },
    { 0x21B2, 0x21B3, 0x2E5 },
    { 0x21B5, 0x21B5, 0x2E7 },
    { 0x21D0, 0x21D4, 0x2E8 },
    { 0x2200, 0x2200, 0x2ED },
    { 0x2202, 0x2203, 0x2EE },
    { 0x2205, 0x220D, 0x2F0 },
    { 0x220F, 0x220F, 0x2F9 },
    { 0x2211, 0x2212, 0x2FA },
    { 0x2215, 0x221A, 0x2FC },
    { 0x221D, 0x2220, 0x302 },
    { 0x2223, 0x2223, 0x306 },
    { 0x2225, 0x2225, 0x307 },
    { 0x2227, 0x222B, 0x308 },
    { 0x2234, 0x2237, 0x30D },
    { 0x223C, 0x223C, 0x311 },
    { 0x2245, 0x2245, 0x312 },
    { 0x2248, 0x2248, 0x313 },
    { 0x224D, 0x224D, 0x314 },
    { 0x2260, 0x2261, 0x315 },
    { 0x2264, 0x2265, 0x317 },
    { 0x226A, 0x226B, 0x319 },
    { 0x2283, 0x2287, 0x31B },
    { 0x2295, 0x2298, 0x320 },
    { 0x22A5, 0x22A5, 0x324 },
    { 0x22C5, 0x22C5, 0x325 },
    { 0x22EF, 0x22EF, 0x326 },
    { 0x25A0, 0x25A1, 0x327 },
    { 0x25AA, 0x25AF, 0x329 },
    { 0x25B2, 0x25C5, 0x32F },
    { 0x25CA, 0x25CC, 0x343 },
    { 0x25CF, 0x25CF, 0x346 },
    { 0x25D8, 0x25D9, 0x347 },
    { 0x25E6, 0x25E6, 0x349 },
    { 0x25EF, 0x25EF, 0x34A },
    { 0x2605, 0x2606, 0x34B },
    { 0x263A, 0x263C, 0x34D },
    { 0x2640, 0x2640, 0x350 },
    { 0x2642, 0x2642, 0x351 },
    { 0x2660, 0x2667, 0x352 },
    { 0x2669, 0x266F, 0x35A },
    { 0x2713, 0x2713, 0x361 },
    { 0x2720, 0x2720, 0x362 },
    { 0x272A, 0x272A, 0x363 },
    { 0x273D, 0x273D, 0x364 },
    { 0x274F, 0x274F, 0x365 },
    { 0x2759, 0x2759, 0x366 },
    { 0x278A, 0x2794, 0x367 },
    { 0x27A4, 0x27A4, 0x372 },
    { 0x27B2, 0x27B2, 0x373 },
    { 0xFFFD, 0xFFFD, 0x374 },
};

static const EpdFontData bookerly_14_bold = {
    bookerly_14_boldBitmaps,
    bookerly_14_boldGlyphs,
    bookerly_14_boldIntervals,
    100,
    38,
    31,
    -8,
    true,
};
