/**
 * generated by fontconvert.py
 * name: caecilia_14_regular
 * size: 14
 * mode: 2-bit
 * Command used: fontconvert.py caecilia_14_regular 14 ../../../caecilia-lt-pro/CaeciliaLTPro55Roman.TTF --2bit
 */
#pragma once
#include "EpdFontData.h"

static const uint8_t caecilia_14_regularBitmaps[29599] = {
    0x2F, 0x0B, 0xC2, 0xF0, 0xBC, 0x2F, 0x0B, 0xC2, 0xF0, 0xBC, 0x2F, 0x07, 0xC1, 0xF0, 0x7C, 0x1F,
    0x07, 0xC1, 0xE0, 0x78, 0x00, 0x00, 0x00, 0x00, 0xB8, 0x3F, 0x0F, 0xC2, 0xE0, 0x78, 0x0F, 0x2F,
    0x03, 0xDB, 0xC0, 0xF5, 0xF0, 0x3D, 0x7C, 0x0F, 0x5F, 0x03, 0xC3, 0x80, 0xF0, 0xE0, 0x3C, 0x34,
    0x0A, 0x00, 0x00, 0x07, 0x80, 0xE0, 0x00, 0x07, 0x41, 0xD0, 0x00, 0x0B, 0x02, 0xC0, 0x00, 0x0F,
    0x03, 0xC0, 0x00, 0x0E, 0x03, 0xC0, 0x00, 0x1E, 0x03, 0x80, 0x00, 0x2D, 0x07, 0x40, 0x0F, 0xFF,
    0xFF, 0xFE, 0x0F, 0xFF, 0xFF, 0xFE, 0x00, 0x3C, 0x0F, 0x00, 0x00, 0x78, 0x0E, 0x00, 0x00, 0xB4,
    0x1D, 0x00, 0x00, 0xB0, 0x2C, 0x00, 0x7F, 0xFF, 0xFF, 0xF4, 0x7F, 0xFF, 0xFF, 0xF4, 0x01, 0xE0,
    0x38, 0x00, 0x02, 0xD0, 0x74, 0x00, 0x03, 0xC0, 0xB0, 0x00, 0x03, 0xC0, 0xF0, 0x00, 0x07, 0x80,
    0xE0, 0x00, 0x0B, 0x41, 0xD0, 0x00, 0x00, 0x02, 0xC0, 0x00, 0x00, 0x02, 0xC0, 0x00, 0x00, 0x02,
    0xC0, 0x00, 0x00, 0x02, 0xC0, 0x00, 0x00, 0x7F, 0xFE, 0x90, 0x03, 0xFF, 0xFF, 0xF0, 0x0F, 0xD3,
    0xC6, 0xF0, 0x2F, 0x03, 0xC0, 0xF0, 0x3E, 0x03, 0xC0, 0xF0, 0x3D, 0x03, 0xC0, 0x00, 0x3D, 0x03,
    0xC0, 0x00, 0x3F, 0x03, 0xC0, 0x00, 0x1F, 0xD3, 0xC0, 0x00, 0x07, 0xFF, 0xC0, 0x00, 0x00, 0xBF,
    0xFD, 0x00, 0x00, 0x03, 0xFF, 0xE0, 0x00, 0x03, 0xC7, 0xF8, 0x00, 0x03, 0xC0, 0xFC, 0x00, 0x03,
    0xC0, 0x7C, 0x00, 0x03, 0xC0, 0x3D, 0x3C, 0x03, 0xC0, 0x7C, 0x3C, 0x03, 0xC0, 0xFC, 0x3C, 0x03,
    0xC3, 0xF4, 0x3F, 0xFF, 0xFF, 0xD0, 0x3F, 0xFF, 0xFE, 0x00, 0x00, 0x03, 0xC0, 0x00, 0x00, 0x03,
    0xC0, 0x00, 0x00, 0x03, 0xC0, 0x00, 0x00, 0x03, 0xC0, 0x00, 0x00, 0x00, 0x00, 0x00, 0xA0, 0x00,
    0x7F, 0x80, 0x00, 0x0F, 0x00, 0x2F, 0xFF, 0x40, 0x02, 0xD0, 0x03, 0xD0, 0xBC, 0x00, 0x7C, 0x00,
    0xB8, 0x03, 0xD0, 0x0F, 0x00, 0x0F, 0x40, 0x2D, 0x01, 0xE0, 0x00, 0xF4, 0x02, 0xD0, 0x3C, 0x00,
    0x0B, 0x80, 0x3D, 0x0B, 0x40, 0x00, 0x3D, 0x0B, 0xC1, 0xF0, 0x00, 0x02, 0xFF, 0xF4, 0x3C, 0x00,
    0x00, 0x07, 0xF8, 0x07, 0x80, 0x00, 0x00, 0x00, 0x00, 0xF0, 0x00, 0x00, 0x00, 0x00, 0x2D, 0x02,
    0xFD, 0x00, 0x00, 0x03, 0xC0, 0xFF, 0xF8, 0x00, 0x00, 0xF0, 0x3E, 0x07, 0xD0, 0x00, 0x1E, 0x03,
    0xC0, 0x2E, 0x00, 0x03, 0xC0, 0x7C, 0x01, 0xF0, 0x00, 0xB4, 0x07, 0xC0, 0x1F, 0x00, 0x0F, 0x00,
    0x3C, 0x02, 0xE0, 0x03, 0xD0, 0x03, 0xE0, 0x7D, 0x00, 0x78, 0x00, 0x0F, 0xFF, 0x80, 0x0F, 0x00,
    0x00, 0x2F, 0xD0, 0x00, 0x90, 0x00, 0x00, 0x00, 0x00, 0x00, 0xBF, 0xD0, 0x00, 0x00, 0x03, 0xFF,
    0xF8, 0x00, 0x00, 0x0F, 0xC0, 0xBC, 0x00, 0x00, 0x0F, 0x00, 0x3D, 0x00, 0x00, 0x1F, 0x00, 0x2D,
    0x00, 0x00, 0x0F, 0x00, 0x3D, 0x00, 0x00, 0x0F, 0x80, 0xB8, 0x00, 0x00, 0x07, 0xD2, 0xF0, 0x00,
    0x00, 0x01, 0xFF, 0x80, 0x7F, 0xFC, 0x00, 0xFE, 0x00, 0x7F, 0xFC, 0x03, 0xFF, 0x80, 0x03, 0x80,
    0x1F, 0x47, 0xE0, 0x07, 0x80, 0x3D, 0x01, 0xF4, 0x0B, 0x40, 0xBC, 0x00, 0xBD, 0x0F, 0x00, 0xF8,
    0x00, 0x2F, 0x4F, 0x00, 0xF8, 0x00, 0x0B, 0xFD, 0x00, 0xFC, 0x00, 0x02, 0xFC, 0x00, 0x7D, 0x00,
    0x01, 0xFE, 0x00, 0x3F, 0x90, 0x1F, 0xEF, 0x80, 0x0B, 0xFF, 0xFF, 0x47, 0xFC, 0x01, 0xBF, 0xE4,
    0x01, 0xFC, 0x3C, 0x7D, 0x7D, 0x3D, 0x3C, 0x3C, 0x3C, 0x3C, 0x28, 0x00, 0x10, 0x01, 0xE0, 0x0F,
    0x00, 0xB8, 0x03, 0xC0, 0x2E, 0x00, 0xF4, 0x0B, 0xC0, 0x3E, 0x00, 0xF4, 0x07, 0xC0, 0x2F, 0x00,
    0xBC, 0x02, 0xF0, 0x0F, 0x80, 0x3E, 0x00, 0xF8, 0x03, 0xF0, 0x0B, 0xC0, 0x2F, 0x00, 0x7C, 0x00,
    0xF4, 0x03, 0xE0, 0x0B, 0xC0, 0x1F, 0x40, 0x3E, 0x00, 0x7C, 0x00, 0xF8, 0x01, 0xF0, 0x02, 0xE0,
    0x03, 0x00, 0x10, 0x02, 0xE0, 0x03, 0xC0, 0x0B, 0xC0, 0x0F, 0x40, 0x2F, 0x00, 0x7C, 0x00, 0xF8,
    0x02, 0xF0, 0x07, 0xC0, 0x0F, 0x40, 0x3E, 0x00, 0xF8, 0x02, 0xF0, 0x0B, 0xC0, 0x2F, 0x00, 0xBC,
    0x02, 0xF0, 0x0F, 0xC0, 0x3E, 0x00, 0xF4, 0x03, 0xD0, 0x1F, 0x00, 0xF8, 0x03, 0xD0, 0x1F, 0x00,
    0xF4, 0x07, 0xC0, 0x3D, 0x02, 0xF0, 0x03, 0x00, 0x00, 0x00, 0xF0, 0x00, 0x0B, 0x00, 0x30, 0xB0,
    0xC1, 0xDA, 0x38, 0x03, 0xFD, 0x00, 0x1F, 0x40, 0x0B, 0xBA, 0x03, 0x4B, 0x1C, 0x00, 0xB0, 0x00,
    0x0F, 0x00, 0x00, 0x07, 0x80, 0x00, 0x00, 0x07, 0x80, 0x00, 0x00, 0x07, 0x80, 0x00, 0x00, 0x07,
    0x80, 0x00, 0x00, 0x07, 0x80, 0x00, 0x00, 0x07, 0x80, 0x00, 0xBF, 0xFF, 0xFF, 0xFC, 0xBF, 0xFF,
    0xFF, 0xFC, 0x00, 0x07, 0x80, 0x00, 0x00, 0x07, 0x80, 0x00, 0x00, 0x07, 0x80, 0x00, 0x00, 0x07,
    0x80, 0x00, 0x00, 0x07, 0x80, 0x00, 0x00, 0x07, 0x80, 0x00, 0x1F, 0x02, 0xFC, 0x2F, 0xC0, 0xFC,
    0x07, 0xC0, 0xB8, 0x0F, 0x02, 0xD0, 0x18, 0x00, 0xFF, 0xFE, 0xFF, 0xFE, 0x3C, 0xBE, 0xBE, 0x3C,
    0x00, 0x00, 0x28, 0x00, 0x00, 0x3C, 0x00, 0x00, 0x7C, 0x00, 0x00, 0xB4, 0x00, 0x00, 0xF0, 0x00,
    0x01, 0xE0, 0x00, 0x03, 0xC0, 0x00, 0x07, 0xC0, 0x00, 0x0B, 0x40, 0x00, 0x0F, 0x00, 0x00, 0x1E,
    0x00, 0x00, 0x3D, 0x00, 0x00, 0x3C, 0x00, 0x00, 0xB8, 0x00, 0x00, 0xF0, 0x00, 0x01, 0xE0, 0x00,
    0x03, 0xD0, 0x00, 0x03, 0xC0, 0x00, 0x0B, 0x80, 0x00, 0x0F, 0x00, 0x00, 0x1F, 0x00, 0x00, 0x2D,
    0x00, 0x00, 0x3C, 0x00, 0x00, 0xB8, 0x00, 0x00, 0x70, 0x00, 0x00, 0x00, 0x1F, 0xF4, 0x00, 0x00,
    0xFF, 0xFF, 0x00, 0x03, 0xF4, 0x1F, 0xC0, 0x07, 0xC0, 0x03, 0xE0, 0x0F, 0x80, 0x01, 0xF0, 0x1F,
    0x00, 0x00, 0xF8, 0x2F, 0x00, 0x00, 0xFC, 0x2E, 0x00, 0x00, 0xBC, 0x3E, 0x00, 0x00, 0x7C, 0x3E,
    0x00, 0x00, 0x7C, 0x3D, 0x00, 0x00, 0x7C, 0x3E, 0x00, 0x00, 0x7C, 0x3E, 0x00, 0x00, 0x7C, 0x3E,
    0x00, 0x00, 0xBC, 0x2F, 0x00, 0x00, 0xF8, 0x1F, 0x00, 0x00, 0xF4, 0x0F, 0x80, 0x01, 0xF0, 0x0B,
    0xC0, 0x03, 0xE0, 0x03, 0xF4, 0x1F, 0xC0, 0x00, 0xFF, 0xFF, 0x00, 0x00, 0x1F, 0xF4, 0x00, 0x00,
    0x07, 0xD0, 0x00, 0x03, 0xFD, 0x00, 0x01, 0xF7, 0xD0, 0x00, 0xFC, 0x3D, 0x00, 0x3E, 0x03, 0xD0,
    0x01, 0x40, 0x3D, 0x00, 0x00, 0x03, 0xD0, 0x00, 0x00, 0x3D, 0x00, 0x00, 0x03, 0xD0, 0x00, 0x00,
    0x3D, 0x00, 0x00, 0x03, 0xD0, 0x00, 0x00, 0x3D, 0x00, 0x00, 0x03, 0xC0, 0x00, 0x00, 0x3C, 0x00,
    0x00, 0x03, 0xC0, 0x00, 0x00, 0x3C, 0x00, 0x00, 0x03, 0xC0, 0x00, 0x00, 0x3C, 0x00, 0x00, 0x03,
    0xC0, 0x00, 0x3F, 0xFF, 0xFD, 0x03, 0xFF, 0xFF, 0xD0, 0x00, 0xBF, 0xE0, 0x00, 0x7F, 0xFF, 0xD0,
    0x1F, 0x90, 0x7F, 0x03, 0xE0, 0x00, 0xF8, 0x7C, 0x00, 0x0B, 0xCB, 0xC0, 0x00, 0x7C, 0x00, 0x00,
    0x07, 0xC0, 0x00, 0x00, 0xBC, 0x00, 0x00, 0x0F, 0x40, 0x00, 0x02, 0xF0, 0x00, 0x00, 0x7E, 0x00,
    0x00, 0x0F, 0xC0, 0x00, 0x03, 0xF0, 0x00, 0x00, 0xBD, 0x00, 0x00, 0x2F, 0x40, 0x00, 0x0B, 0xD0,
    0x00, 0x03, 0xF4, 0x00, 0x00, 0xFD, 0x00, 0x00, 0x3F, 0x40, 0x00, 0x0B, 0xFF, 0xFF, 0xFE, 0xBF,
    0xFF, 0xFF, 0xE0, 0x00, 0xBF, 0xE0, 0x00, 0xBF, 0xFF, 0xD0, 0x2F, 0x80, 0x7F, 0x03, 0xD0, 0x00,
    0xF8, 0x7C, 0x00, 0x0F, 0x80, 0x00, 0x00, 0xF8, 0x00, 0x00, 0x0F, 0x40, 0x00, 0x03, 0xF0, 0x00,
    0x01, 0xFC, 0x00, 0x0B, 0xFD, 0x00, 0x00, 0xBF, 0xFD, 0x00, 0x00, 0x07, 0xF4, 0x00, 0x00, 0x0B,
    0xC0, 0x00, 0x00, 0x3D, 0x00, 0x00, 0x03, 0xE0, 0x00, 0x00, 0x3D, 0x00, 0x00, 0x07, 0xD0, 0x00,
    0x00, 0xFC, 0x75, 0x00, 0x7F, 0x07, 0xFF, 0xFF, 0xC0, 0x0B, 0xFF, 0x90, 0x00, 0x00, 0x00, 0x3F,
    0x00, 0x00, 0x00, 0xFF, 0x00, 0x00, 0x01, 0xEF, 0x00, 0x00, 0x03, 0x9F, 0x00, 0x00, 0x0F, 0x1F,
    0x00, 0x00, 0x1D, 0x1F, 0x00, 0x00, 0x3C, 0x1F, 0x00, 0x00, 0xF0, 0x1F, 0x00, 0x01, 0xE0, 0x1F,
    0x00, 0x03, 0xC0, 0x1F, 0x00, 0x0F, 0x40, 0x1F, 0x00, 0x1F, 0x00, 0x1F, 0x00, 0x3C, 0x00, 0x1F,
    0x00, 0xBF, 0xFF, 0xFF, 0xFE, 0xBF, 0xFF, 0xFF, 0xFE, 0x00, 0x00, 0x1F, 0x00, 0x00, 0x00, 0x1F,
    0x00, 0x00, 0x00, 0x1F, 0x00, 0x00, 0x00, 0x1F, 0x00, 0x00, 0x03, 0xFF, 0xF0, 0x00, 0x03, 0xFF,
    0xF0, 0x1F, 0xFF, 0xFF, 0x41, 0xFF, 0xFF, 0xF4, 0x1F, 0x00, 0x00, 0x01, 0xF0, 0x00, 0x00, 0x1F,
    0x00, 0x00, 0x01, 0xF0, 0x00, 0x00, 0x1F, 0x00, 0x00, 0x01, 0xF0, 0x00, 0x00, 0x1F, 0xFA, 0x40,
    0x01, 0xFF, 0xFF, 0x40, 0x00, 0x06, 0xFE, 0x00, 0x00, 0x03, 0xF4, 0x00, 0x00, 0x0F, 0xC0, 0x00,
    0x00, 0x7C, 0x00, 0x00, 0x07, 0xC0, 0x00, 0x00, 0x7C, 0x00, 0x00, 0x0F, 0xC0, 0x00, 0x01, 0xF4,
    0x39, 0x01, 0xBE, 0x03, 0xFF, 0xFF, 0x80, 0x0B, 0xFF, 0x80, 0x00, 0x00, 0x06, 0xFF, 0xD0, 0x07,
    0xFF, 0xFD, 0x01, 0xFD, 0x00, 0x00, 0x7E, 0x00, 0x00, 0x0F, 0x80, 0x00, 0x02, 0xF0, 0x00, 0x00,
    0x3D, 0x00, 0x00, 0x03, 0xC0, 0x00, 0x00, 0x7C, 0x2F, 0xF4, 0x0B, 0xDF, 0xFF, 0xF0, 0xBF, 0xD0,
    0x2F, 0xCB, 0xE0, 0x00, 0x7D, 0xBC, 0x00, 0x03, 0xEB, 0xC0, 0x00, 0x2F, 0x7C, 0x00, 0x02, 0xF3,
    0xC0, 0x00, 0x2E, 0x3E, 0x00, 0x03, 0xD1, 0xF4, 0x00, 0xBC, 0x0F, 0xD0, 0x2F, 0x40, 0x3F, 0xFF,
    0xE0, 0x00, 0x7F, 0xE0, 0x00, 0x7F, 0xFF, 0xFF, 0xD7, 0xFF, 0xFF, 0xFD, 0x00, 0x00, 0x07, 0xC0,
    0x00, 0x00, 0xF8, 0x00, 0x00, 0x1F, 0x00, 0x00, 0x03, 0xE0, 0x00, 0x00, 0x7C, 0x00, 0x00, 0x0F,
    0x80, 0x00, 0x01, 0xF0, 0x00, 0x00, 0x3E, 0x00, 0x00, 0x07, 0xD0, 0x00, 0x00, 0xFC, 0x00, 0x00,
    0x1F, 0x40, 0x00, 0x02, 0xF0, 0x00, 0x00, 0x3D, 0x00, 0x00, 0x0B, 0xC0, 0x00, 0x00, 0xF4, 0x00,
    0x00, 0x2F, 0x00, 0x00, 0x07, 0xD0, 0x00, 0x00, 0xFC, 0x00, 0x00, 0x2F, 0x40, 0x00, 0x00, 0x00,
    0xBF, 0xE4, 0x00, 0x7F, 0xFF, 0xF0, 0x1F, 0xD0, 0x2F, 0x83, 0xF0, 0x00, 0x7C, 0x3D, 0x00, 0x03,
    0xD3, 0xD0, 0x00, 0x3C, 0x3E, 0x00, 0x07, 0xC1, 0xF4, 0x01, 0xF4, 0x0B, 0xF0, 0xBE, 0x00, 0x1F,
    0xFF, 0x40, 0x00, 0x7F, 0xE0, 0x00, 0x7F, 0xAF, 0xE0, 0x1F, 0x80, 0x2F, 0x83, 0xE0, 0x00, 0x7D,
    0xBC, 0x00, 0x02, 0xFF, 0xC0, 0x00, 0x2F, 0xBC, 0x00, 0x02, 0xFB, 0xD0, 0x00, 0x3E, 0x3F, 0x80,
    0x1F, 0xC0, 0xFF, 0xFF, 0xF4, 0x01, 0xBF, 0xE4, 0x00, 0x00, 0xBF, 0xD0, 0x00, 0x7F, 0xFF, 0xC0,
    0x1F, 0x80, 0x7F, 0x03, 0xE0, 0x00, 0xF8, 0x7C, 0x00, 0x0B, 0xCB, 0xC0, 0x00, 0x3D, 0xB8, 0x00,
    0x03, 0xEB, 0xC0, 0x00, 0x2E, 0x7C, 0x00, 0x03, 0xF3, 0xE0, 0x00, 0xBF, 0x2F, 0x80, 0x7F, 0xE0,
    0xFF, 0xFF, 0x6E, 0x01, 0xFF, 0x83, 0xE0, 0x00, 0x00, 0x3D, 0x00, 0x00, 0x07, 0xC0, 0x00, 0x00,
    0xF8, 0x00, 0x00, 0x2F, 0x00, 0x00, 0x0B, 0xE0, 0x00, 0x07, 0xF8, 0x03, 0xFF, 0xFD, 0x00, 0x3F,
    0xF9, 0x00, 0x00, 0x3C, 0xBE, 0xBE, 0x3C, 0x00, 0x00, 0x00, 0x00, 0x00, 0x00, 0x00, 0x3C, 0xBE,
    0xBE, 0x3C, 0x0F, 0x02, 0xF8, 0x2F, 0x80, 0xF0, 0x00, 0x00, 0x00, 0x00, 0x00, 0x00, 0x00, 0x00,
    0x00, 0x00, 0x00, 0x00, 0x1F, 0x02, 0xFC, 0x1F, 0xC0, 0xBC, 0x07, 0xC0, 0xF4, 0x2E, 0x01, 0x80,
    0x00, 0x00, 0x00, 0x00, 0x00, 0x00, 0x00, 0x1C, 0x00, 0x00, 0x02, 0xFC, 0x00, 0x00, 0x2F, 0xE0,
    0x00, 0x02, 0xFE, 0x00, 0x00, 0x2F, 0xE0, 0x00, 0x02, 0xFE, 0x00, 0x00, 0x2F, 0xE0, 0x00, 0x00,
    0xBE, 0x00, 0x00, 0x00, 0xBE, 0x00, 0x00, 0x00, 0x1F, 0xF4, 0x00, 0x00, 0x01, 0xFF, 0x80, 0x00,
    0x00, 0x0B, 0xF9, 0x00, 0x00, 0x00, 0x7F, 0xD0, 0x00, 0x00, 0x06, 0xFC, 0x00, 0x00, 0x00, 0x2C,
    0x00, 0x00, 0x00, 0x00, 0xBF, 0xFF, 0xFF, 0xFC, 0xBF, 0xFF, 0xFF, 0xFC, 0x00, 0x00, 0x00, 0x00,
    0x00, 0x00, 0x00, 0x00, 0x00, 0x00, 0x00, 0x00, 0x00, 0x00, 0x00, 0x00, 0xBF, 0xFF, 0xFF, 0xFC,
    0xBF, 0xFF, 0xFF, 0xFC, 0x00, 0x00, 0x00, 0x00, 0xA0, 0x00, 0x00, 0x00, 0xBE, 0x00, 0x00, 0x00,
    0x1F, 0xE0, 0x00, 0x00, 0x01, 0xFE, 0x00, 0x00, 0x00, 0x1F, 0xE0, 0x00, 0x00, 0x01, 0xFE, 0x00,
    0x00, 0x00, 0x1F, 0xF4, 0x00, 0x00, 0x01, 0xFC, 0x00, 0x00, 0x02, 0xFC, 0x00, 0x00, 0x2F, 0xE0,
    0x00, 0x07, 0xFE, 0x00, 0x00, 0xBF, 0xD0, 0x00, 0x0B, 0xF8, 0x00, 0x00, 0xBF, 0x40, 0x00, 0x00,
    0xB4, 0x00, 0x00, 0x00, 0x00, 0x00, 0x00, 0x00, 0x1B, 0xF9, 0x00, 0xFF, 0xFE, 0x02, 0x01, 0xFE,
    0x00, 0x00, 0xBC, 0x00, 0x01, 0xF4, 0x00, 0x03, 0xD0, 0x00, 0x1F, 0x00, 0x00, 0xF8, 0x00, 0x0F,
    0xC0, 0x01, 0xFC, 0x00, 0x2F, 0x80, 0x03, 0xF4, 0x00, 0x1F, 0x00, 0x00, 0xBC, 0x00, 0x01, 0xF4,
    0x00, 0x02, 0x80, 0x00, 0x00, 0x00, 0x00, 0x00, 0x00, 0x00, 0x00, 0x00, 0x02, 0xD0, 0x00, 0x1F,
    0xC0, 0x00, 0x7F, 0x00, 0x00, 0xB4, 0x00, 0x00, 0x00, 0x01, 0xBF, 0xE4, 0x00, 0x00, 0x02, 0xFF,
    0xFF, 0xF8, 0x00, 0x01, 0xFF, 0x40, 0x1B, 0xF4, 0x00, 0x7F, 0x40, 0x00, 0x1F, 0xD0, 0x0F, 0xC0,
    0x00, 0x00, 0x3F, 0x02, 0xF0, 0x07, 0xF8, 0x01, 0xF4, 0x3E, 0x03, 0xFF, 0xEB, 0x4F, 0xC7, 0xC0,
    0xBD, 0x0B, 0xF0, 0xBC, 0xBC, 0x1F, 0x00, 0x3F, 0x07, 0xCF, 0x83, 0xE0, 0x03, 0xE0, 0x7C, 0xF8,
    0x3C, 0x00, 0x3D, 0x0B, 0xCF, 0x87, 0xC0, 0x03, 0xC0, 0xF8, 0xBC, 0x7C, 0x00, 0xB8, 0x0F, 0x4B,
    0xC7, 0xC0, 0x1F, 0x42, 0xF0, 0x3D, 0x3E, 0x07, 0xF4, 0xBC, 0x03, 0xF2, 0xFF, 0xEF, 0xFF, 0x00,
    0x0F, 0xC7, 0xF4, 0xBE, 0x6F, 0x00, 0x7F, 0x00, 0x00, 0x0B, 0xC0, 0x01, 0xFE, 0x40, 0x1B, 0xF4,
    0x00, 0x02, 0xFF, 0xFF, 0xF8, 0x00, 0x00, 0x02, 0xFF, 0xE4, 0x00, 0x00, 0x00, 0x00, 0x1F, 0x80,
    0x00, 0x00, 0x00, 0x03, 0xFC, 0x00, 0x00, 0x00, 0x00, 0x7B, 0xD0, 0x00, 0x00, 0x00, 0x0B, 0x7E,
    0x00, 0x00, 0x00, 0x00, 0xF1, 0xF0, 0x00, 0x00, 0x00, 0x1E, 0x0F, 0x40, 0x00, 0x00, 0x03, 0xD0,
    0xF8, 0x00, 0x00, 0x00, 0x7C, 0x07, 0xC0, 0x00, 0x00, 0x0B, 0x80, 0x3D, 0x00, 0x00, 0x00, 0xF0,
    0x03, 0xF0, 0x00, 0x00, 0x1F, 0x00, 0x2F, 0x00, 0x00, 0x03, 0xFF, 0xFF, 0xF8, 0x00, 0x00, 0x3F,
    0xFF, 0xFF, 0xC0, 0x00, 0x0B, 0xC0, 0x00, 0xBD, 0x00, 0x00, 0xF4, 0x00, 0x03, 0xE0, 0x00, 0x1F,
    0x00, 0x00, 0x3F, 0x00, 0x03, 0xE0, 0x00, 0x01, 0xF4, 0x00, 0x3C, 0x00, 0x00, 0x0F, 0x80, 0x0B,
    0x80, 0x00, 0x00, 0xBC, 0x0B, 0xFF, 0xC0, 0x00, 0xBF, 0xFC, 0xBF, 0xFC, 0x00, 0x0B, 0xFF, 0xC0,
    0xBF, 0xFF, 0xF9, 0x00, 0xBF, 0xFF, 0xFF, 0x80, 0x07, 0xC0, 0x0B, 0xE0, 0x07, 0xC0, 0x03, 0xF0,
    0x07, 0xC0, 0x01, 0xF0, 0x07, 0xC0, 0x01, 0xF0, 0x07, 0xC0, 0x01, 0xF0, 0x07, 0xC0, 0x03, 0xE0,
    0x07, 0xC0, 0x1F, 0xC0, 0x07, 0xFF, 0xFD, 0x00, 0x07, 0xFF, 0xFF, 0x80, 0x07, 0xC0, 0x07, 0xF0,
    0x07, 0xC0, 0x00, 0xFC, 0x07, 0xC0, 0x00, 0x7D, 0x07, 0xC0, 0x00, 0x3D, 0x07, 0xC0, 0x00, 0x3D,
    0x07, 0xC0, 0x00, 0x7D, 0x07, 0xC0, 0x00, 0xFC, 0x07, 0xC0, 0x07, 0xF8, 0xBF, 0xFF, 0xFF, 0xE0,
    0xBF, 0xFF, 0xFE, 0x00, 0x00, 0x01, 0xBF, 0xFA, 0x40, 0x02, 0xFF, 0xFF, 0xFD, 0x00, 0xFF, 0x40,
    0x03, 0xD0, 0x3F, 0x40, 0x00, 0x3D, 0x0F, 0xC0, 0x00, 0x03, 0xD1, 0xF4, 0x00, 0x00, 0x00, 0x3F,
    0x00, 0x00, 0x00, 0x03, 0xE0, 0x00, 0x00, 0x00, 0x7D, 0x00, 0x00, 0x00, 0x07, 0xC0, 0x00, 0x00,
    0x00, 0xBC, 0x00, 0x00, 0x00, 0x07, 0xC0, 0x00, 0x00, 0x00, 0x7D, 0x00, 0x00, 0x00, 0x07, 0xE0,
    0x00, 0x00, 0x00, 0x3F, 0x00, 0x00, 0x00, 0x02, 0xF4, 0x00, 0x00, 0x3C, 0x0F, 0xC0, 0x00, 0x03,
    0xC0, 0x7F, 0x00, 0x00, 0x3C, 0x02, 0xFE, 0x40, 0x03, 0xC0, 0x07, 0xFF, 0xFF, 0xFC, 0x00, 0x06,
    0xFF, 0xFF, 0xC0, 0xFF, 0xFF, 0xFF, 0x90, 0x00, 0xFF, 0xFF, 0xFF, 0xFD, 0x00, 0x07, 0xC0, 0x01,
    0xBF, 0x80, 0x07, 0xC0, 0x00, 0x0F, 0xE0, 0x07, 0xC0, 0x00, 0x03, 0xF0, 0x07, 0xC0, 0x00, 0x00,
    0xF8, 0x07, 0xC0, 0x00, 0x00, 0xFC, 0x07, 0xC0, 0x00, 0x00, 0x7D, 0x07, 0xC0, 0x00, 0x00, 0x3D,
    0x07, 0xC0, 0x00, 0x00, 0x3E, 0x07, 0xC0, 0x00, 0x00, 0x3E, 0x0B, 0xC0, 0x00, 0x00, 0x3D, 0x0B,
    0xC0, 0x00, 0x00, 0x7D, 0x0B, 0xC0, 0x00, 0x00, 0xBC, 0x0B, 0xC0, 0x00, 0x00, 0xFC, 0x0B, 0xC0,
    0x00, 0x01, 0xF8, 0x0B, 0xC0, 0x00, 0x03, 0xF0, 0x0B, 0xC0, 0x00, 0x1F, 0xD0, 0x0B, 0xC0, 0x01,
    0xFF, 0x40, 0xFF, 0xFF, 0xFF, 0xF8, 0x00, 0xFF, 0xFF, 0xFE, 0x40, 0x00, 0xFF, 0xFF, 0xFF, 0xF3,
    0xFF, 0xFF, 0xFF, 0xC0, 0x7C, 0x00, 0x0F, 0x01, 0xF0, 0x00, 0x3C, 0x07, 0xC0, 0x00, 0xF0, 0x1F,
    0x00, 0x00, 0x00, 0x7C, 0x00, 0x00, 0x01, 0xF0, 0x00, 0x00, 0x07, 0xC0, 0x00, 0x00, 0x1F, 0xFF,
    0xF4, 0x00, 0x7F, 0xFF, 0xD0, 0x02, 0xF0, 0x00, 0x00, 0x0B, 0xC0, 0x00, 0x00, 0x2F, 0x00, 0x00,
    0x00, 0xBC, 0x00, 0x00, 0x02, 0xF0, 0x00, 0x00, 0x0B, 0xC0, 0x00, 0xF4, 0x2F, 0x00, 0x03, 0xD0,
    0xBC, 0x00, 0x0F, 0x3F, 0xFF, 0xFF, 0xFC, 0xFF, 0xFF, 0xFF, 0xF0, 0xFF, 0xFF, 0xFF, 0xFF, 0xFF,
    0xFF, 0xFF, 0x07, 0xC0, 0x01, 0xF0, 0x7C, 0x00, 0x1F, 0x07, 0xC0, 0x01, 0xF0, 0x7C, 0x00, 0x00,
    0x07, 0xC0, 0x00, 0x00, 0x7C, 0x00, 0x00, 0x07, 0xC0, 0x00, 0x00, 0x7C, 0x00, 0x00, 0x07, 0xFF,
    0xFF, 0x00, 0xBF, 0xFF, 0xF0, 0x0B, 0xC0, 0x00, 0x00, 0xBC, 0x00, 0x00, 0x0B, 0xC0, 0x00, 0x00,
    0xBC, 0x00, 0x00, 0x0B, 0xC0, 0x00, 0x00, 0xBC, 0x00, 0x00, 0x0B, 0xC0, 0x00, 0x0F, 0xFF, 0xE0,
    0x00, 0xFF, 0xFE, 0x00, 0x00, 0x00, 0x01, 0xBF, 0xFA, 0x40, 0x00, 0x2F, 0xFF, 0xFF, 0xD0, 0x00,
    0xFE, 0x40, 0x1B, 0xD0, 0x03, 0xF0, 0x00, 0x02, 0xD0, 0x0F, 0xC0, 0x00, 0x02, 0xD0, 0x1F, 0x40,
    0x00, 0x02, 0xD0, 0x3F, 0x00, 0x00, 0x00, 0x00, 0x3D, 0x00, 0x00, 0x00, 0x00, 0x7D, 0x00, 0x00,
    0x00, 0x00, 0x7C, 0x00, 0x00, 0x00, 0x00, 0xBC, 0x00, 0x00, 0x00, 0x00, 0x7C, 0x00, 0x00, 0x00,
    0x00, 0x7D, 0x00, 0x00, 0xBF, 0xFD, 0x7E, 0x00, 0x00, 0xBF, 0xFD, 0x3F, 0x00, 0x00, 0x03, 0xC0,
    0x2F, 0x40, 0x00, 0x03, 0xC0, 0x0F, 0xC0, 0x00, 0x03, 0xC0, 0x07, 0xF0, 0x00, 0x03, 0xC0, 0x02,
    0xFE, 0x40, 0x03, 0xC0, 0x00, 0x7F, 0xFF, 0xFF, 0xC0, 0x00, 0x06, 0xFF, 0xFF, 0xC0, 0xFF, 0xFD,
    0x00, 0x2F, 0xFF, 0x7F, 0xFF, 0x40, 0x0B, 0xFF, 0xD0, 0x7C, 0x00, 0x00, 0x1F, 0x00, 0x1F, 0x00,
    0x00, 0x07, 0xC0, 0x07, 0xC0, 0x00, 0x01, 0xF0, 0x01, 0xF0, 0x00, 0x00, 0x7C, 0x00, 0x7C, 0x00,
    0x00, 0x1F, 0x00, 0x1F, 0x00, 0x00, 0x07, 0xC0, 0x07, 0xC0, 0x00, 0x01, 0xF0, 0x01, 0xF0, 0x00,
    0x00, 0x7C, 0x00, 0x7F, 0xFF, 0xFF, 0xFF, 0x00, 0x2F, 0xFF, 0xFF, 0xFF, 0xC0, 0x0B, 0xC0, 0x00,
    0x01, 0xF0, 0x02, 0xF0, 0x00, 0x00, 0x7C, 0x00, 0xBC, 0x00, 0x00, 0x1F, 0x00, 0x2F, 0x00, 0x00,
    0x07, 0xC0, 0x0B, 0xC0, 0x00, 0x01, 0xF0, 0x02, 0xF0, 0x00, 0x00, 0x7C, 0x00, 0xBC, 0x00, 0x00,
    0x1F, 0x03, 0xFF, 0xF4, 0x00, 0xBF, 0xFD, 0xFF, 0xFD, 0x00, 0x2F, 0xFF, 0x40, 0xBF, 0xFD, 0xBF,
    0xFD, 0x07, 0xC0, 0x07, 0xC0, 0x07, 0xC0, 0x07, 0xC0, 0x07, 0xC0, 0x07, 0xC0, 0x07, 0xC0, 0x07,
    0xC0, 0x07, 0xC0, 0x07, 0xC0, 0x07, 0xC0, 0x07, 0xC0, 0x07, 0xC0, 0x07, 0xC0, 0x07, 0xC0, 0x07,
    0xC0, 0x07, 0xC0, 0xBF, 0xFD, 0xBF, 0xFD, 0x03, 0xFF, 0xF0, 0x0F, 0xFF, 0xC0, 0x01, 0xF0, 0x00,
    0x07, 0xC0, 0x00, 0x1F, 0x00, 0x00, 0x7C, 0x00, 0x01, 0xF0, 0x00, 0x07, 0xC0, 0x00, 0x1F, 0x00,
    0x00, 0x7C, 0x00, 0x01, 0xF0, 0x00, 0x07, 0xC0, 0x00, 0x1F, 0x00, 0x00, 0xBC, 0x00, 0x02, 0xF0,
    0x00, 0x0B, 0xC0, 0x00, 0x2F, 0x00, 0x00, 0xFC, 0x00, 0x03, 0xE0, 0x00, 0x1F, 0x40, 0x00, 0xFC,
    0x00, 0x07, 0xE0, 0x00, 0x7F, 0x00, 0x0B, 0xF0, 0x00, 0x7E, 0x00, 0x00, 0xC0, 0x00, 0x00, 0xFF,
    0xFD, 0x02, 0xFF, 0xF7, 0xFF, 0xF4, 0x0B, 0xFF, 0xD0, 0x7C, 0x00, 0x02, 0xF0, 0x01, 0xF0, 0x00,
    0x3F, 0x00, 0x07, 0xC0, 0x03, 0xE0, 0x00, 0x1F, 0x00, 0x3E, 0x00, 0x00, 0x7C, 0x07, 0xE0, 0x00,
    0x01, 0xF0, 0x7D, 0x00, 0x00, 0x07, 0xC7, 0xD0, 0x00, 0x00, 0x1F, 0xBC, 0x00, 0x00, 0x00, 0x7F,
    0xF0, 0x00, 0x00, 0x02, 0xF3, 0xF0, 0x00, 0x00, 0x0B, 0xC3, 0xF0, 0x00, 0x00, 0x2F, 0x03, 0xF0,
    0x00, 0x00, 0xBC, 0x03, 0xF0, 0x00, 0x02, 0xF0, 0x03, 0xF0, 0x00, 0x0B, 0xC0, 0x03, 0xF0, 0x00,
    0x2F, 0x00, 0x03, 0xF4, 0x00, 0xBC, 0x00, 0x03, 0xF4, 0x3F, 0xFF, 0x40, 0xFF, 0xFE, 0xFF, 0xFD,
    0x03, 0xFF, 0xF8, 0xFF, 0xFC, 0x00, 0x03, 0xFF, 0xF0, 0x00, 0x00, 0x7C, 0x00, 0x00, 0x01, 0xF0,
    0x00, 0x00, 0x07, 0xC0, 0x00, 0x00, 0x1F, 0x00, 0x00, 0x00, 0x7C, 0x00, 0x00, 0x01, 0xF0, 0x00,
    0x00, 0x07, 0xC0, 0x00, 0x00, 0x1F, 0x00, 0x00, 0x00, 0x7C, 0x00, 0x00, 0x02, 0xF0, 0x00, 0x00,
    0x0B, 0xC0, 0x00, 0x00, 0x2F, 0x00, 0x00, 0x00, 0xBC, 0x00, 0x00, 0x02, 0xF0, 0x00, 0x00, 0x0B,
    0xC0, 0x00, 0xF0, 0x2F, 0x00, 0x03, 0xC0, 0xBC, 0x00, 0x0F, 0x3F, 0xFF, 0xFF, 0xFC, 0xFF, 0xFF,
    0xFF, 0xF0, 0xFF, 0xE0, 0x00, 0x00, 0x03, 0xFF, 0xFF, 0xFC, 0x00, 0x00, 0x01, 0xFF, 0xF0, 0x7F,
    0x40, 0x00, 0x00, 0xBF, 0x00, 0x1F, 0xF0, 0x00, 0x00, 0x3F, 0xC0, 0x07, 0xBC, 0x00, 0x00, 0x2E,
    0xF0, 0x02, 0xDF, 0x80, 0x00, 0x0F, 0x7C, 0x00, 0xB5, 0xF0, 0x00, 0x07, 0xCF, 0x00, 0x2D, 0x3D,
    0x00, 0x02, 0xE3, 0xD0, 0x0B, 0x4B, 0xC0, 0x00, 0xF0, 0xF4, 0x02, 0xD1, 0xF0, 0x00, 0x7C, 0x3D,
    0x00, 0xB4, 0x3E, 0x00, 0x3D, 0x0F, 0x40, 0x2D, 0x0B, 0xC0, 0x0F, 0x03, 0xD0, 0x0B, 0x40, 0xF4,
    0x0B, 0x80, 0xF4, 0x02, 0xD0, 0x3E, 0x03, 0xD0, 0x3D, 0x00, 0xB4, 0x07, 0xC1, 0xF0, 0x0F, 0x40,
    0x2D, 0x00, 0xF8, 0xF4, 0x03, 0xD0, 0x0B, 0x40, 0x2F, 0x3C, 0x00, 0xF4, 0x02, 0xD0, 0x03, 0xEE,
    0x00, 0x3D, 0x00, 0xB4, 0x00, 0xFF, 0x40, 0x0F, 0x43, 0xFF, 0xF0, 0x1F, 0xC0, 0x3F, 0xFF, 0xFF,
    0xFC, 0x03, 0xE0, 0x0F, 0xFF, 0xC0, 0x3F, 0xF0, 0x00, 0x02, 0xFF, 0xF0, 0xFF, 0xF0, 0x00, 0x0B,
    0xFF, 0xC0, 0x1F, 0xE0, 0x00, 0x00, 0xF0, 0x00, 0x7F, 0xC0, 0x00, 0x03, 0xC0, 0x01, 0xEF, 0xC0,
    0x00, 0x0F, 0x00, 0x07, 0x9F, 0x80, 0x00, 0x3C, 0x00, 0x1E, 0x2F, 0x40, 0x00, 0xF0, 0x00, 0x78,
    0x3F, 0x00, 0x03, 0xC0, 0x01, 0xD0, 0x3F, 0x00, 0x0F, 0x00, 0x07, 0x40, 0x7E, 0x00, 0x3C, 0x00,
    0x1D, 0x00, 0xBD, 0x00, 0xF0, 0x00, 0xB4, 0x00, 0xFC, 0x03, 0xC0, 0x02, 0xD0, 0x01, 0xF8, 0x0F,
    0x00, 0x0B, 0x40, 0x02, 0xF4, 0x3C, 0x00, 0x2D, 0x00, 0x03, 0xF0, 0xF0, 0x00, 0xB4, 0x00, 0x03,
    0xF3, 0xC0, 0x02, 0xD0, 0x00, 0x07, 0xEF, 0x00, 0x0B, 0x40, 0x00, 0x0B, 0xFC, 0x00, 0x2D, 0x00,
    0x00, 0x0F, 0xF0, 0x0F, 0xFF, 0xC0, 0x00, 0x0F, 0xC0, 0x3F, 0xFF, 0x00, 0x00, 0x2F, 0x00, 0x00,
    0x06, 0xFF, 0x90, 0x00, 0x00, 0x7F, 0xFF, 0xFD, 0x00, 0x01, 0xFD, 0x00, 0x7F, 0x80, 0x07, 0xE0,
    0x00, 0x0B, 0xE0, 0x0F, 0xC0, 0x00, 0x03, 0xF0, 0x2F, 0x00, 0x00, 0x00, 0xF8, 0x3F, 0x00, 0x00,
    0x00, 0xFC, 0x3D, 0x00, 0x00, 0x00, 0x7D, 0x7D, 0x00, 0x00, 0x00, 0x3D, 0x7C, 0x00, 0x00, 0x00,
    0x3E, 0xBC, 0x00, 0x00, 0x00, 0x3E, 0xBC, 0x00, 0x00, 0x00, 0x3D, 0x7D, 0x00, 0x00, 0x00, 0x3D,
    0x7D, 0x00, 0x00, 0x00, 0x7C, 0x3F, 0x00, 0x00, 0x00, 0xBC, 0x2F, 0x00, 0x00, 0x00, 0xF8, 0x0F,
    0xC0, 0x00, 0x03, 0xF0, 0x07, 0xE0, 0x00, 0x0B, 0xD0, 0x02, 0xFD, 0x00, 0x7F, 0x80, 0x00, 0x7F,
    0xFF, 0xFD, 0x00, 0x00, 0x06, 0xFF, 0x90, 0x00, 0xFF, 0xFF, 0xF8, 0x03, 0xFF, 0xFF, 0xFE, 0x00,
    0x7C, 0x01, 0xFD, 0x01, 0xF0, 0x00, 0xFC, 0x07, 0xC0, 0x01, 0xF4, 0x1F, 0x00, 0x03, 0xD0, 0x7C,
    0x00, 0x0F, 0x81, 0xF0, 0x00, 0x3D, 0x07, 0xC0, 0x01, 0xF0, 0x1F, 0x00, 0x0F, 0xC0, 0x7C, 0x01,
    0xFD, 0x02, 0xFF, 0xFF, 0xD0, 0x0B, 0xFF, 0xF8, 0x00, 0x2F, 0x00, 0x00, 0x00, 0xBC, 0x00, 0x00,
    0x02, 0xF0, 0x00, 0x00, 0x0B, 0xC0, 0x00, 0x00, 0x2F, 0x00, 0x00, 0x00, 0xBC, 0x00, 0x00, 0x3F,
    0xFF, 0x80, 0x00, 0xFF, 0xFE, 0x00, 0x00, 0x00, 0x06, 0xFF, 0x90, 0x00, 0x00, 0x00, 0x7F, 0xFF,
    0xFD, 0x00, 0x00, 0x01, 0xFD, 0x00, 0x7F, 0x80, 0x00, 0x07, 0xE0, 0x00, 0x0B, 0xE0, 0x00, 0x0F,
    0xC0, 0x00, 0x03, 0xF0, 0x00, 0x1F, 0x00, 0x00, 0x00, 0xF8, 0x00, 0x3F, 0x00, 0x00, 0x00, 0xBC,
    0x00, 0x3D, 0x00, 0x00, 0x00, 0x7D, 0x00, 0x7D, 0x00, 0x00, 0x00, 0x3D, 0x00, 0x7C, 0x00, 0x00,
    0x00, 0x3E, 0x00, 0xBC, 0x00, 0x00, 0x00, 0x3E, 0x00, 0x7C, 0x00, 0x00, 0x00, 0x3E, 0x00, 0x7D,
    0x00, 0x00, 0x00, 0x3D, 0x00, 0x7D, 0x00, 0x00, 0x00, 0x7C, 0x00, 0x3F, 0x00, 0x00, 0x00, 0xBC,
    0x00, 0x2F, 0x00, 0x00, 0x00, 0xF8, 0x00, 0x0F, 0xC0, 0x00, 0x03, 0xF0, 0x00, 0x07, 0xE0, 0x00,
    0x0B, 0xD0, 0x00, 0x02, 0xFD, 0x00, 0x7F, 0x80, 0x00, 0x00, 0x7F, 0xFF, 0xFD, 0x00, 0x00, 0x00,
    0x07, 0xFF, 0xE0, 0x00, 0x00, 0x00, 0x00, 0x0B, 0xFD, 0x00, 0x00, 0x00, 0x00, 0x00, 0xBF, 0xD0,
    0x00, 0x00, 0x00, 0x00, 0x0B, 0xFD, 0x00, 0x00, 0x00, 0x00, 0x00, 0x7F, 0xFC, 0x00, 0x00, 0x00,
    0x00, 0x06, 0xFC, 0xBF, 0xFF, 0xF9, 0x00, 0x0B, 0xFF, 0xFF, 0xFC, 0x00, 0x07, 0xC0, 0x1B, 0xF0,
    0x00, 0x7C, 0x00, 0x2F, 0x40, 0x07, 0xC0, 0x00, 0xF8, 0x00, 0x7C, 0x00, 0x0F, 0x80, 0x07, 0xC0,
    0x00, 0xF4, 0x00, 0x7C, 0x00, 0x0F, 0x00, 0x07, 0xC0, 0x03, 0xE0, 0x00, 0x7C, 0x01, 0xFC, 0x00,
    0x07, 0xFF, 0xFD, 0x00, 0x00, 0x7F, 0xFF, 0xC0, 0x00, 0x07, 0xC0, 0xBF, 0x00, 0x00, 0x7C, 0x02,
    0xF4, 0x00, 0x07, 0xC0, 0x0F, 0xC0, 0x00, 0x7C, 0x00, 0x7E, 0x00, 0x07, 0xC0, 0x03, 0xF0, 0x00,
    0x7C, 0x00, 0x0F, 0x80, 0x07, 0xC0, 0x00, 0xBD, 0x0B, 0xFF, 0xD0, 0x03, 0xFE, 0xBF, 0xFD, 0x00,
    0x0B, 0xE0, 0x00, 0x6F, 0xFE, 0x40, 0x0F, 0xFF, 0xFF, 0xC0, 0xFE, 0x00, 0x7F, 0x0B, 0xD0, 0x00,
    0x7C, 0x3F, 0x00, 0x01, 0xF0, 0xF8, 0x00, 0x07, 0xC3, 0xF0, 0x00, 0x00, 0x0F, 0xD0, 0x00, 0x00,
    0x1F, 0xF4, 0x00, 0x00, 0x1F, 0xFF, 0x80, 0x00, 0x0B, 0xFF, 0xF4, 0x00, 0x00, 0x7F, 0xF4, 0x00,
    0x00, 0x0B, 0xF0, 0x00, 0x00, 0x0B, 0xE0, 0x00, 0x00, 0x0F, 0x8F, 0x40, 0x00, 0x3E, 0x3D, 0x00,
    0x00, 0xF8, 0xF4, 0x00, 0x0B, 0xC3, 0xF4, 0x01, 0xFE, 0x0F, 0xFF, 0xFF, 0xD0, 0x06, 0xFF, 0xE4,
    0x00, 0x7F, 0xFF, 0xFF, 0xFF, 0xF9, 0xFF, 0xFF, 0xFF, 0xFF, 0xE7, 0xC0, 0x0B, 0xC0, 0x0B, 0x9F,
    0x00, 0x2F, 0x00, 0x1E, 0x78, 0x00, 0xBC, 0x00, 0x7C, 0x00, 0x02, 0xF0, 0x00, 0x00, 0x00, 0x0B,
    0xC0, 0x00, 0x00, 0x00, 0x2F, 0x00, 0x00, 0x00, 0x00, 0xBC, 0x00, 0x00, 0x00, 0x02, 0xF0, 0x00,
    0x00, 0x00, 0x0B, 0xC0, 0x00, 0x00, 0x00, 0x2F, 0x00, 0x00, 0x00, 0x00, 0xBC, 0x00, 0x00, 0x00,
    0x02, 0xF0, 0x00, 0x00, 0x00, 0x0B, 0xC0, 0x00, 0x00, 0x00, 0x2F, 0x00, 0x00, 0x00, 0x00, 0xBC,
    0x00, 0x00, 0x00, 0x02, 0xF0, 0x00, 0x00, 0x00, 0x0B, 0xC0, 0x00, 0x00, 0x03, 0xFF, 0xF4, 0x00,
    0x00, 0x0F, 0xFF, 0xD0, 0x00, 0x3F, 0xFF, 0x00, 0x0F, 0xFF, 0xC3, 0xFF, 0xF0, 0x00, 0xFF, 0xFC,
    0x02, 0xF0, 0x00, 0x00, 0x7C, 0x00, 0x2E, 0x00, 0x00, 0x07, 0xC0, 0x02, 0xE0, 0x00, 0x00, 0x7C,
    0x00, 0x2E, 0x00, 0x00, 0x07, 0xC0, 0x02, 0xE0, 0x00, 0x00, 0x7C, 0x00, 0x3E, 0x00, 0x00, 0x07,
    0xC0, 0x03, 0xE0, 0x00, 0x00, 0x7C, 0x00, 0x3E, 0x00, 0x00, 0x07, 0xC0, 0x03, 0xE0, 0x00, 0x00,
    0x7C, 0x00, 0x3E, 0x00, 0x00, 0x07, 0xC0, 0x03, 0xE0, 0x00, 0x00, 0x7C, 0x00, 0x3E, 0x00, 0x00,
    0x07, 0xC0, 0x02, 0xF0, 0x00, 0x00, 0xB8, 0x00, 0x2F, 0x00, 0x00, 0x0B, 0x80, 0x01, 0xF0, 0x00,
    0x00, 0xF4, 0x00, 0x0F, 0x80, 0x00, 0x2F, 0x00, 0x00, 0xBF, 0x40, 0x1B, 0xD0, 0x00, 0x02, 0xFF,
    0xFF, 0xF4, 0x00, 0x00, 0x02, 0xFF, 0xE4, 0x00, 0x00, 0xFF, 0xFC, 0x00, 0x0F, 0xFF, 0xFF, 0xFF,
    0x00, 0x03, 0xFF, 0xF0, 0xFC, 0x00, 0x00, 0x0B, 0xC0, 0x1F, 0x40, 0x00, 0x03, 0xD0, 0x03, 0xE0,
    0x00, 0x01, 0xF0, 0x00, 0xBC, 0x00, 0x00, 0xB8, 0x00, 0x1F, 0x40, 0x00, 0x3D, 0x00, 0x03, 0xE0,
    0x00, 0x1F, 0x00, 0x00, 0xBC, 0x00, 0x0F, 0x80, 0x00, 0x0F, 0x40, 0x03, 0xC0, 0x00, 0x03, 0xF0,
    0x01, 0xF0, 0x00, 0x00, 0x7C, 0x00, 0xF4, 0x00, 0x00, 0x0F, 0x40, 0x3C, 0x00, 0x00, 0x02, 0xF0,
    0x1E, 0x00, 0x00, 0x00, 0x7C, 0x0F, 0x00, 0x00, 0x00, 0x0F, 0x83, 0xC0, 0x00, 0x00, 0x02, 0xF2,
    0xD0, 0x00, 0x00, 0x00, 0x3C, 0xF0, 0x00, 0x00, 0x00, 0x0F, 0xB8, 0x00, 0x00, 0x00, 0x01, 0xFD,
    0x00, 0x00, 0x00, 0x00, 0x3F, 0x00, 0x00, 0x00, 0xFF, 0xFC, 0x01, 0xFF, 0xF4, 0x00, 0xFF, 0xFC,
    0xFF, 0xFC, 0x01, 0xFF, 0xF4, 0x00, 0xFF, 0xFC, 0x0B, 0xC0, 0x00, 0x0F, 0x40, 0x00, 0x07, 0xC0,
    0x07, 0xD0, 0x00, 0x0F, 0x80, 0x00, 0x0B, 0x80, 0x03, 0xE0, 0x00, 0x07, 0xC0, 0x00, 0x0F, 0x40,
    0x02, 0xF0, 0x00, 0x03, 0xC0, 0x00, 0x1F, 0x00, 0x01, 0xF0, 0x00, 0x07, 0xE0, 0x00, 0x2E, 0x00,
    0x00, 0xF8, 0x00, 0x0B, 0xF0, 0x00, 0x3C, 0x00, 0x00, 0xBC, 0x00, 0x0F, 0xF0, 0x00, 0x7C, 0x00,
    0x00, 0x7C, 0x00, 0x1E, 0xF4, 0x00, 0xB8, 0x00, 0x00, 0x3D, 0x00, 0x3C, 0xB8, 0x00, 0xF0, 0x00,
    0x00, 0x2F, 0x00, 0x3C, 0x3C, 0x01, 0xF0, 0x00, 0x00, 0x1F, 0x00, 0xB4, 0x3D, 0x02, 0xD0, 0x00,
    0x00, 0x0F, 0x40, 0xF0, 0x2E, 0x03, 0xC0, 0x00, 0x00, 0x0B, 0x81, 0xE0, 0x1F, 0x07, 0x80, 0x00,
    0x00, 0x07, 0xC2, 0xD0, 0x0F, 0x0B, 0x40, 0x00, 0x00, 0x03, 0xD3, 0xC0, 0x0F, 0x4F, 0x00, 0x00,
    0x00, 0x02, 0xE7, 0x80, 0x07, 0x9E, 0x00, 0x00, 0x00, 0x01, 0xFF, 0x00, 0x03, 0xED, 0x00, 0x00,
    0x00, 0x00, 0xFF, 0x00, 0x03, 0xFC, 0x00, 0x00, 0x00, 0x00, 0xBD, 0x00, 0x02, 0xF8, 0x00, 0x00,
    0x3F, 0xFF, 0x40, 0x3F, 0xFD, 0x3F, 0xFF, 0x40, 0x3F, 0xFD, 0x02, 0xF4, 0x00, 0x03, 0xC0, 0x00,
    0xFC, 0x00, 0x0F, 0x40, 0x00, 0x3F, 0x00, 0x2F, 0x00, 0x00, 0x1F, 0x40, 0x7C, 0x00, 0x00, 0x0F,
    0xC0, 0xF4, 0x00, 0x00, 0x03, 0xF3, 0xE0, 0x00, 0x00, 0x01, 0xFF, 0xC0, 0x00, 0x00, 0x00, 0xBF,
    0x00, 0x00, 0x00, 0x00, 0x7F, 0x00, 0x00, 0x00, 0x00, 0xFF, 0x80, 0x00, 0x00, 0x02, 0xEB, 0xD0,
    0x00, 0x00, 0x07, 0xC3, 0xF0, 0x00, 0x00, 0x0F, 0x41, 0xF8, 0x00, 0x00, 0x3E, 0x00, 0xBD, 0x00,
    0x00, 0xBC, 0x00, 0x3F, 0x00, 0x01, 0xF0, 0x00, 0x1F, 0x80, 0x03, 0xD0, 0x00, 0x0B, 0xD0, 0x7F,
    0xFD, 0x00, 0xBF, 0xFE, 0x7F, 0xFD, 0x00, 0xBF, 0xFE, 0xFF, 0xFD, 0x00, 0x0F, 0xFF, 0xBF, 0xFF,
    0x40, 0x03, 0xFF, 0xE0, 0x7E, 0x00, 0x00, 0x0F, 0x80, 0x0B, 0xD0, 0x00, 0x0B, 0xC0, 0x00, 0xFC,
    0x00, 0x07, 0xC0, 0x00, 0x1F, 0x80, 0x03, 0xD0, 0x00, 0x02, 0xF4, 0x02, 0xF0, 0x00, 0x00, 0x3F,
    0x01, 0xF0, 0x00, 0x00, 0x03, 0xE0, 0xF4, 0x00, 0x00, 0x00, 0xBD, 0xBC, 0x00, 0x00, 0x00, 0x0F,
    0xFC, 0x00, 0x00, 0x00, 0x00, 0xFD, 0x00, 0x00, 0x00, 0x00, 0x2F, 0x00, 0x00, 0x00, 0x00, 0x0B,
    0xC0, 0x00, 0x00, 0x00, 0x02, 0xF0, 0x00, 0x00, 0x00, 0x00, 0xBC, 0x00, 0x00, 0x00, 0x00, 0x2F,
    0x00, 0x00, 0x00, 0x00, 0x0B, 0xC0, 0x00, 0x00, 0x00, 0x02, 0xF0, 0x00, 0x00, 0x00, 0x0F, 0xFF,
    0xC0, 0x00, 0x00, 0x03, 0xFF, 0xF0, 0x00, 0x00, 0x2F, 0xFF, 0xFF, 0xFF, 0x0F, 0xFF, 0xFF, 0xFF,
    0xC3, 0xD0, 0x00, 0x03, 0xF0, 0xF4, 0x00, 0x03, 0xF0, 0x3D, 0x00, 0x02, 0xF4, 0x00, 0x00, 0x01,
    0xF8, 0x00, 0x00, 0x00, 0xFC, 0x00, 0x00, 0x00, 0xFC, 0x00, 0x00, 0x00, 0xBD, 0x00, 0x00, 0x00,
    0x7E, 0x00, 0x00, 0x00, 0x3F, 0x00, 0x00, 0x00, 0x3F, 0x00, 0x00, 0x00, 0x2F, 0x40, 0x00, 0x00,
    0x1F, 0x80, 0x00, 0x00, 0x0F, 0xC0, 0x00, 0x00, 0x0F, 0xD0, 0x00, 0x00, 0x0B, 0xE0, 0x00, 0x0F,
    0x47, 0xF0, 0x00, 0x03, 0xC3, 0xF0, 0x00, 0x00, 0xF1, 0xFF, 0xFF, 0xFF, 0xFC, 0x7F, 0xFF, 0xFF,
    0xFF, 0x00, 0x3F, 0xF0, 0xFF, 0xC3, 0xD0, 0x0F, 0x40, 0x3D, 0x00, 0xF4, 0x03, 0xD0, 0x0F, 0x40,
    0x3D, 0x00, 0xF4, 0x03, 0xD0, 0x0F, 0x40, 0x3D, 0x00, 0xF4, 0x03, 0xD0, 0x0F, 0x40, 0x3D, 0x00,
    0xF4, 0x03, 0xD0, 0x0F, 0x40, 0x3D, 0x00, 0xF4, 0x03, 0xD0, 0x0F, 0x40, 0x3D, 0x00, 0xF4, 0x03,
    0xD0, 0x0F, 0x40, 0x3F, 0xF0, 0xFF, 0xC0, 0x74, 0x00, 0x00, 0x78, 0x00, 0x00, 0x3C, 0x00, 0x00,
    0x2D, 0x00, 0x00, 0x1F, 0x00, 0x00, 0x0F, 0x00, 0x00, 0x0B, 0x80, 0x00, 0x03, 0xC0, 0x00, 0x02,
    0xD0, 0x00, 0x01, 0xF0, 0x00, 0x00, 0xF0, 0x00, 0x00, 0xB8, 0x00, 0x00, 0x3C, 0x00, 0x00, 0x3D,
    0x00, 0x00, 0x1E, 0x00, 0x00, 0x0F, 0x00, 0x00, 0x0B, 0x80, 0x00, 0x03, 0xC0, 0x00, 0x03, 0xD0,
    0x00, 0x01, 0xE0, 0x00, 0x00, 0xF0, 0x00, 0x00, 0xB4, 0x00, 0x00, 0x7C, 0x00, 0x00, 0x3C, 0x00,
    0x00, 0x18, 0x3F, 0xF0, 0xFF, 0xC0, 0x0F, 0x00, 0x3C, 0x00, 0xF0, 0x07, 0xC0, 0x1F, 0x00, 0x7C,
    0x01, 0xF0, 0x07, 0xC0, 0x1F, 0x00, 0x7C, 0x01, 0xF0, 0x07, 0xC0, 0x1F, 0x00, 0x7C, 0x01, 0xF0,
    0x07, 0xC0, 0x1F, 0x00, 0x7C, 0x01, 0xF0, 0x07, 0xC0, 0x1F, 0x00, 0x7C, 0x01, 0xF0, 0x07, 0xC0,
    0x1F, 0x00, 0x7C, 0x3F, 0xF0, 0xFF, 0xC0, 0x00, 0x1F, 0x00, 0x00, 0x0F, 0xD0, 0x00, 0x07, 0xBC,
    0x00, 0x03, 0xCB, 0x00, 0x01, 0xE0, 0xE0, 0x00, 0xF0, 0x3C, 0x00, 0x78, 0x07, 0x80, 0x3C, 0x00,
    0xF0, 0x0E, 0x00, 0x1E, 0x0B, 0x40, 0x03, 0xC3, 0xC0, 0x00, 0x78, 0xFF, 0xFF, 0xFF, 0xF8, 0x30,
    0x02, 0xF4, 0x02, 0xF4, 0x01, 0xF8, 0x01, 0xF8, 0x00, 0xC0, 0x06, 0xFF, 0xE0, 0x00, 0xBF, 0xFF,
    0xF4, 0x02, 0xE0, 0x07, 0xF0, 0x0B, 0x80, 0x03, 0xD0, 0x00, 0x00, 0x0F, 0x80, 0x00, 0x00, 0x2E,
    0x00, 0x00, 0x00, 0xB8, 0x00, 0x2B, 0xFF, 0xE0, 0x0F, 0xFF, 0xFF, 0x40, 0xFE, 0x40, 0x2D, 0x03,
    0xD0, 0x00, 0xF4, 0x0F, 0x40, 0x07, 0xD0, 0x3F, 0x40, 0xBB, 0x40, 0x7F, 0xFF, 0x6F, 0xE0, 0x2F,
    0xE4, 0xBF, 0x80, 0xFF, 0xC0, 0x00, 0x00, 0xFF, 0xC0, 0x00, 0x00, 0x07, 0xC0, 0x00, 0x00, 0x07,
    0xC0, 0x00, 0x00, 0x0B, 0xC0, 0x00, 0x00, 0x0B, 0xC0, 0x00, 0x00, 0x0B, 0xC0, 0x00, 0x00, 0x0B,
    0xC0, 0x00, 0x00, 0x0B, 0xC2, 0xFF, 0x40, 0x0B, 0x9F, 0xFF, 0xF0, 0x0B, 0xFD, 0x02, 0xFC, 0x0B,
    0xF0, 0x00, 0xBD, 0x0B, 0xD0, 0x00, 0x3E, 0x0B, 0xC0, 0x00, 0x2F, 0x0B, 0xC0, 0x00, 0x2F, 0x0B,
    0xC0, 0x00, 0x2F, 0x0B, 0xC0, 0x00, 0x2F, 0x0B, 0xC0, 0x00, 0x3E, 0x0B, 0xC0, 0x00, 0x7D, 0x0B,
    0xC0, 0x00, 0xFC, 0x0B, 0xE0, 0x0B, 0xF0, 0x0B, 0xFF, 0xFF, 0xC0, 0x01, 0xBF, 0xF9, 0x00, 0x00,
    0x6F, 0xF9, 0x00, 0xBF, 0xFF, 0xE0, 0xFE, 0x01, 0xF8, 0xBC, 0x00, 0x1E, 0x3E, 0x00, 0x07, 0x9F,
    0x00, 0x00, 0x0B, 0xC0, 0x00, 0x02, 0xF0, 0x00, 0x00, 0xBC, 0x00, 0x00, 0x1F, 0x00, 0x00, 0x03,
    0xE0, 0x00, 0x00, 0xBD, 0x00, 0x00, 0x0F, 0xE4, 0x07, 0x80, 0xFF, 0xFF, 0xD0, 0x06, 0xFF, 0x80,
    0x00, 0x00, 0x7F, 0xF0, 0x00, 0x00, 0x1F, 0xFC, 0x00, 0x00, 0x00, 0x1F, 0x00, 0x00, 0x00, 0x07,
    0xC0, 0x00, 0x00, 0x01, 0xF0, 0x00, 0x00, 0x00, 0x7C, 0x00, 0x00, 0x00, 0x1F, 0x00, 0x00, 0x00,
    0x07, 0xC0, 0x00, 0x2F, 0xF9, 0xF0, 0x00, 0x7F, 0xFF, 0xFC, 0x00, 0xBF, 0x40, 0x7F, 0x00, 0x7E,
    0x00, 0x07, 0xC0, 0x3F, 0x00, 0x01, 0xF0, 0x0F, 0x40, 0x00, 0x7C, 0x07, 0xC0, 0x00, 0x1F, 0x01,
    0xF0, 0x00, 0x07, 0xC0, 0x7C, 0x00, 0x01, 0xF0, 0x1F, 0x00, 0x00, 0xBC, 0x03, 0xE0, 0x00, 0x3F,
    0x00, 0xBC, 0x00, 0x1F, 0xC0, 0x0F, 0xD0, 0x2E, 0xF0, 0x01, 0xFF, 0xFE, 0x7F, 0xC0, 0x0B, 0xF9,
    0x1F, 0xF0, 0x00, 0x7F, 0xE4, 0x00, 0x3F, 0xFF, 0xE0, 0x0F, 0xD0, 0x2F, 0x42, 0xF0, 0x00, 0xBC,
    0x3D, 0x00, 0x03, 0xD7, 0xC0, 0x00, 0x3E, 0xBF, 0xFF, 0xFF, 0xEB, 0xFF, 0xFF, 0xFE, 0xBC, 0x00,
    0x00, 0x07, 0xC0, 0x00, 0x00, 0x3D, 0x00, 0x00, 0x03, 0xF0, 0x00, 0x00, 0x0F, 0xE0, 0x06, 0xC0,
    0x3F, 0xFF, 0xFC, 0x00, 0x6F, 0xF9, 0x00, 0x00, 0x0B, 0xFE, 0x00, 0xBF, 0xFE, 0x01, 0xF8, 0x00,
    0x02, 0xF0, 0x00, 0x03, 0xD0, 0x00, 0x03, 0xD0, 0x00, 0x03, 0xC0, 0x00, 0x03, 0xC0, 0x00, 0xBF,
    0xFF, 0xC0, 0xBF, 0xFF, 0xC0, 0x03, 0xC0, 0x00, 0x03, 0xC0, 0x00, 0x03, 0xC0, 0x00, 0x03, 0xC0,
    0x00, 0x03, 0xC0, 0x00, 0x03, 0xC0, 0x00, 0x03, 0xC0, 0x00, 0x03, 0xC0, 0x00, 0x03, 0xC0, 0x00,
    0x03, 0xC0, 0x00, 0x03, 0xC0, 0x00, 0x7F, 0xFE, 0x00, 0x7F, 0xFE, 0x00, 0x00, 0x7F, 0xFF, 0xFD,
    0x03, 0xFF, 0xFF, 0xFD, 0x0F, 0xD0, 0x2F, 0x80, 0x2F, 0x00, 0x07, 0xC0, 0x3D, 0x00, 0x03, 0xD0,
    0x3D, 0x00, 0x02, 0xD0, 0x3D, 0x00, 0x03, 0xD0, 0x2F, 0x00, 0x07, 0xC0, 0x0F, 0xD0, 0x2F, 0x80,
    0x03, 0xFF, 0xFE, 0x00, 0x00, 0xFF, 0xE4, 0x00, 0x07, 0xD0, 0x00, 0x00, 0x0F, 0x80, 0x00, 0x00,
    0x0B, 0xF9, 0x40, 0x00, 0x01, 0xFF, 0xFF, 0x80, 0x0B, 0x80, 0x5B, 0xF4, 0x3D, 0x00, 0x00, 0xBC,
    0x7C, 0x00, 0x00, 0x7C, 0x7C, 0x00, 0x00, 0xFC, 0x3F, 0x80, 0x07, 0xF4, 0x1F, 0xFF, 0xFF, 0xD0,
    0x01, 0xBF, 0xF9, 0x00, 0x7F, 0xF0, 0x00, 0x00, 0x01, 0xFF, 0xC0, 0x00, 0x00, 0x00, 0x1F, 0x00,
    0x00, 0x00, 0x00, 0x7C, 0x00, 0x00, 0x00, 0x01, 0xF0, 0x00, 0x00, 0x00, 0x07, 0xC0, 0x00, 0x00,
    0x00, 0x1F, 0x00, 0x00, 0x00, 0x00, 0x7C, 0x00, 0x00, 0x00, 0x01, 0xF0, 0x7F, 0xE0, 0x00, 0x07,
    0xDF, 0xFF, 0xF0, 0x00, 0x1F, 0xF4, 0x0B, 0xE0, 0x00, 0x7F, 0x00, 0x0B, 0xC0, 0x01, 0xF4, 0x00,
    0x1F, 0x00, 0x07, 0xC0, 0x00, 0x7C, 0x00, 0x1F, 0x00, 0x00, 0xF0, 0x00, 0x7C, 0x00, 0x03, 0xC0,
    0x01, 0xF0, 0x00, 0x1F, 0x00, 0x07, 0xC0, 0x00, 0x7C, 0x00, 0x2F, 0x00, 0x01, 0xF0, 0x00, 0xBC,
    0x00, 0x07, 0xC0, 0x02, 0xF0, 0x00, 0x1F, 0x00, 0xBF, 0xFC, 0x07, 0xFF, 0xC2, 0xFF, 0xF0, 0x1F,
    0xFF, 0x00, 0x02, 0xE0, 0x00, 0xFC, 0x00, 0x3F, 0x00, 0x0B, 0x80, 0x00, 0x00, 0x00, 0x00, 0x00,
    0x00, 0x00, 0x00, 0x00, 0x3F, 0xF0, 0x0F, 0xFC, 0x00, 0x1F, 0x00, 0x07, 0xC0, 0x01, 0xF0, 0x00,
    0x7C, 0x00, 0x1F, 0x00, 0x07, 0xC0, 0x01, 0xF0, 0x00, 0x7C, 0x00, 0x1F, 0x00, 0x0B, 0xC0, 0x02,
    0xF0, 0x0F, 0xFF, 0xC3, 0xFF, 0xF0, 0x00, 0x1F, 0x00, 0x0F, 0xE0, 0x03, 0xF8, 0x00, 0x7C, 0x00,
    0x00, 0x00, 0x00, 0x00, 0x00, 0x00, 0x00, 0x00, 0x03, 0xFF, 0x40, 0xFF, 0xD0, 0x00, 0xF4, 0x00,
    0x3D, 0x00, 0x0F, 0x40, 0x03, 0xD0, 0x00, 0xF4, 0x00, 0x3D, 0x00, 0x0F, 0x40, 0x03, 0xC0, 0x00,
    0xF0, 0x00, 0x3C, 0x00, 0x0F, 0x00, 0x07, 0xC0, 0x01, 0xF0, 0x00, 0xBC, 0x00, 0x3E, 0x00, 0x2F,
    0x00, 0x1F, 0x80, 0x7F, 0x80, 0xBF, 0x80, 0x1E, 0x00, 0x00, 0x7F, 0xF0, 0x00, 0x00, 0x1F, 0xFC,
    0x00, 0x00, 0x00, 0x1F, 0x00, 0x00, 0x00, 0x07, 0xC0, 0x00, 0x00, 0x01, 0xF0, 0x00, 0x00, 0x00,
    0x7C, 0x00, 0x00, 0x00, 0x1F, 0x00, 0x00, 0x00, 0x07, 0xC0, 0x00, 0x00, 0x01, 0xF0, 0x1F, 0xFF,
    0x00, 0x7C, 0x07, 0xFF, 0xC0, 0x1F, 0x00, 0x3F, 0x00, 0x07, 0xC0, 0x7E, 0x00, 0x01, 0xF0, 0x7D,
    0x00, 0x00, 0x7C, 0xBC, 0x00, 0x00, 0x1F, 0xF8, 0x00, 0x00, 0x07, 0xFF, 0x00, 0x00, 0x01, 0xF3,
    0xF0, 0x00, 0x00, 0x7C, 0x2F, 0x00, 0x00, 0x2F, 0x02, 0xF4, 0x00, 0x0B, 0xC0, 0x2F, 0x40, 0x02,
    0xF0, 0x01, 0xF4, 0x0B, 0xFF, 0xC3, 0xFF, 0xE2, 0xFF, 0xF0, 0xFF, 0xF8, 0x7F, 0xF0, 0x1F, 0xFC,
    0x00, 0x1F, 0x00, 0x07, 0xC0, 0x01, 0xF0, 0x00, 0x7C, 0x00, 0x1F, 0x00, 0x07, 0xC0, 0x01, 0xF0,
    0x00, 0x7C, 0x00, 0x1F, 0x00, 0x07, 0xC0, 0x01, 0xF0, 0x00, 0x7C, 0x00, 0x1F, 0x00, 0x07, 0xC0,
    0x01, 0xF0, 0x00, 0x7C, 0x00, 0x2F, 0x00, 0x0B, 0xC0, 0x02, 0xF0, 0x0B, 0xFF, 0xC2, 0xFF, 0xF0,
    0xFF, 0xC1, 0xFF, 0x40, 0x2F, 0xF4, 0x03, 0xFF, 0x3F, 0xFF, 0x83, 0xFF, 0xF8, 0x00, 0x7F, 0xD0,
    0x3F, 0x3D, 0x03, 0xF0, 0x01, 0xFC, 0x00, 0x3F, 0xC0, 0x03, 0xE0, 0x07, 0xD0, 0x00, 0xBD, 0x00,
    0x0B, 0x80, 0x1F, 0x00, 0x02, 0xF0, 0x00, 0x2F, 0x00, 0x7C, 0x00, 0x0B, 0xC0, 0x00, 0xBC, 0x01,
    0xF0, 0x00, 0x2F, 0x00, 0x02, 0xF0, 0x07, 0xC0, 0x00, 0xBC, 0x00, 0x0B, 0xC0, 0x1F, 0x00, 0x02,
    0xF0, 0x00, 0x2E, 0x00, 0x7C, 0x00, 0x0B, 0xC0, 0x00, 0xB8, 0x02, 0xF0, 0x00, 0x2F, 0x00, 0x02,
    0xE0, 0x0B, 0xC0, 0x00, 0xBC, 0x00, 0x0B, 0x81, 0xFF, 0xF0, 0x2F, 0xFF, 0x02, 0xFF, 0xF7, 0xFF,
    0xC0, 0xBF, 0xFC, 0x0B, 0xFF, 0xC0, 0xFF, 0xC1, 0xFF, 0x80, 0x0F, 0xFC, 0xFF, 0xFF, 0x00, 0x07,
    0xFD, 0x02, 0xF8, 0x00, 0x7F, 0x00, 0x0F, 0xC0, 0x07, 0xD0, 0x00, 0x7C, 0x00, 0x7C, 0x00, 0x07,
    0xC0, 0x07, 0xC0, 0x00, 0x3C, 0x00, 0x7C, 0x00, 0x03, 0xC0, 0x07, 0xC0, 0x00, 0x3C, 0x00, 0x7C,
    0x00, 0x07, 0xC0, 0x07, 0xC0, 0x00, 0x7C, 0x00, 0xBC, 0x00, 0x07, 0xC0, 0x0B, 0xC0, 0x00, 0x7C,
    0x07, 0xFF, 0xC0, 0x7F, 0xFC, 0x7F, 0xFC, 0x07, 0xFF, 0xC0, 0x00, 0x6F, 0xF4, 0x00, 0x0F, 0xFF,
    0xFD, 0x00, 0xFD, 0x01, 0xFD, 0x0B, 0xC0, 0x00, 0xFC, 0x3D, 0x00, 0x01, 0xF5, 0xF0, 0x00, 0x03,
    0xEB, 0xC0, 0x00, 0x0B, 0xEF, 0x00, 0x00, 0x2F, 0xBC, 0x00, 0x00, 0xB9, 0xF0, 0x00, 0x03, 0xE3,
    0xE0, 0x00, 0x1F, 0x4F, 0xC0, 0x00, 0xFC, 0x0F, 0xD0, 0x1F, 0xC0, 0x0F, 0xFF, 0xFC, 0x00, 0x06,
    0xFF, 0x40, 0x00, 0x3F, 0xF0, 0x7F, 0xD0, 0x0F, 0xF8, 0xFF, 0xFF, 0x00, 0x2E, 0xF4, 0x0B, 0xE0,
    0x0B, 0xF0, 0x00, 0xBD, 0x02, 0xF4, 0x00, 0x0F, 0x80, 0xBC, 0x00, 0x02, 0xF0, 0x2F, 0x00, 0x00,
    0xBC, 0x0B, 0xC0, 0x00, 0x2F, 0x02, 0xF0, 0x00, 0x0B, 0xC0, 0xBC, 0x00, 0x03, 0xE0, 0x2F, 0x00,
    0x01, 0xF0, 0x0B, 0x80, 0x00, 0xF8, 0x02, 0xE0, 0x02, 0xFC, 0x00, 0xBF, 0xFF, 0xF8, 0x00, 0x2F,
    0xFF, 0xE4, 0x00, 0x0B, 0xC0, 0x00, 0x00, 0x02, 0xF0, 0x00, 0x00, 0x00, 0xB8, 0x00, 0x00, 0x00,
    0x2E, 0x00, 0x00, 0x00, 0x0B, 0x80, 0x00, 0x00, 0x3F, 0xFF, 0x00, 0x00, 0x0F, 0xFF, 0xC0, 0x00,
    0x00, 0x00, 0x2F, 0xFE, 0x00, 0x00, 0x7F, 0xFF, 0xFC, 0x00, 0xBF, 0x40, 0x7F, 0x00, 0x7E, 0x00,
    0x07, 0xC0, 0x3F, 0x00, 0x01, 0xF0, 0x0F, 0x40, 0x00, 0x7C, 0x07, 0xC0, 0x00, 0x1F, 0x01, 0xF0,
    0x00, 0x07, 0xC0, 0x7C, 0x00, 0x01, 0xF0, 0x1F, 0x00, 0x00, 0xBC, 0x03, 0xE0, 0x00, 0x3F, 0x00,
    0xFC, 0x00, 0x2F, 0xC0, 0x0F, 0xD0, 0x2F, 0xF0, 0x01, 0xFF, 0xFE, 0x7C, 0x00, 0x0B, 0xFD, 0x1F,
    0x00, 0x00, 0x00, 0x07, 0xC0, 0x00, 0x00, 0x01, 0xF0, 0x00, 0x00, 0x00, 0x7C, 0x00, 0x00, 0x00,
    0x1F, 0x00, 0x00, 0x00, 0x07, 0xC0, 0x00, 0x00, 0x2F, 0xFF, 0x00, 0x00, 0x0B, 0xFF, 0xC0, 0xFF,
    0xC2, 0xFD, 0xFF, 0xCB, 0xFC, 0x07, 0xDE, 0x00, 0x07, 0xF4, 0x00, 0x07, 0xF0, 0x00, 0x07, 0xD0,
    0x00, 0x07, 0xC0, 0x00, 0x07, 0xC0, 0x00, 0x07, 0xC0, 0x00, 0x07, 0xC0, 0x00, 0x07, 0xC0, 0x00,
    0x0B, 0xC0, 0x00, 0x0B, 0xC0, 0x00, 0xBF, 0xFD, 0x00, 0xBF, 0xFD, 0x00, 0x02, 0xFF, 0xA0, 0x1F,
    0xFF, 0xFC, 0x3F, 0x40, 0xBC, 0x7C, 0x00, 0x3C, 0x7C, 0x00, 0x3D, 0x7E, 0x00, 0x00, 0x3F, 0xE5,
    0x00, 0x0B, 0xFF, 0xE0, 0x00, 0x6F, 0xFD, 0x00, 0x00, 0x7F, 0x7C, 0x00, 0x1F, 0x7C, 0x00, 0x1F,
    0x7E, 0x40, 0x7D, 0x7F, 0xFF, 0xF8, 0x1B, 0xFF, 0x90, 0x00, 0x00, 0x00, 0x7C, 0x00, 0x07, 0xC0,
    0x00, 0x7C, 0x00, 0x07, 0xC0, 0x0F, 0xFF, 0xFE, 0xFF, 0xFF, 0xE0, 0xBC, 0x00, 0x0B, 0xC0, 0x00,
    0xBC, 0x00, 0x0B, 0xC0, 0x00, 0xB8, 0x00, 0x0B, 0x80, 0x00, 0xB8, 0x00, 0x0B, 0x80, 0x00, 0xBC,
    0x00, 0x0B, 0xC0, 0x00, 0x7E, 0x07, 0x03, 0xFF, 0xF0, 0x0B, 0xF8, 0x3F, 0xE0, 0x03, 0xFE, 0x03,
    0xFE, 0x00, 0x3F, 0xE0, 0x02, 0xE0, 0x00, 0x2E, 0x00, 0x2E, 0x00, 0x02, 0xE0, 0x02, 0xE0, 0x00,
    0x2E, 0x00, 0x3E, 0x00, 0x02, 0xE0, 0x03, 0xE0, 0x00, 0x2E, 0x00, 0x3E, 0x00, 0x03, 0xE0, 0x03,
    0xE0, 0x00, 0x3E, 0x00, 0x3E, 0x00, 0x03, 0xE0, 0x02, 0xF0, 0x00, 0x7E, 0x00, 0x2F, 0x00, 0x0F,
    0xE0, 0x00, 0xFC, 0x07, 0xEE, 0x00, 0x0B, 0xFF, 0xF2, 0xFE, 0x00, 0x1F, 0xF8, 0x2F, 0xE0, 0xBF,
    0xF4, 0x0B, 0xFF, 0x6F, 0xFD, 0x02, 0xFF, 0xD0, 0xFC, 0x00, 0x0F, 0x80, 0x1F, 0x00, 0x03, 0xC0,
    0x03, 0xE0, 0x02, 0xE0, 0x00, 0xBC, 0x00, 0xF4, 0x00, 0x0F, 0x00, 0x7C, 0x00, 0x03, 0xE0, 0x2E,
    0x00, 0x00, 0x7C, 0x0F, 0x00, 0x00, 0x0F, 0x47, 0x80, 0x00, 0x02, 0xE3, 0xD0, 0x00, 0x00, 0x3C,
    0xF0, 0x00, 0x00, 0x0F, 0xB8, 0x00, 0x00, 0x01, 0xFC, 0x00, 0x00, 0x00, 0x3E, 0x00, 0x00, 0xBF,
    0xF8, 0x3F, 0xFD, 0x03, 0xFF, 0xAF, 0xFE, 0x0F, 0xFF, 0x40, 0xFF, 0xE0, 0xBC, 0x00, 0x3E, 0x00,
    0x07, 0xC0, 0x1F, 0x40, 0x0B, 0xC0, 0x03, 0xD0, 0x03, 0xE0, 0x01, 0xF0, 0x00, 0xF0, 0x00, 0x7C,
    0x00, 0xFE, 0x00, 0x78, 0x00, 0x0F, 0x40, 0x3F, 0xC0, 0x3D, 0x00, 0x02, 0xE0, 0x2E, 0xF0, 0x0F,
    0x00, 0x00, 0x7C, 0x0F, 0x2E, 0x0B, 0x80, 0x00, 0x0F, 0x47, 0x87, 0xC3, 0xC0, 0x00, 0x02, 0xE2,
    0xD0, 0xF4, 0xF0, 0x00, 0x00, 0x3C, 0xF0, 0x2E, 0xB4, 0x00, 0x00, 0x0F, 0xB8, 0x07, 0xFC, 0x00,
    0x00, 0x01, 0xFC, 0x00, 0xFE, 0x00, 0x00, 0x00, 0x3E, 0x00, 0x2F, 0x00, 0x00, 0x3F, 0xFD, 0x0F,
    0xFF, 0x0F, 0xFF, 0x43, 0xFF, 0xC0, 0x3F, 0x00, 0x1F, 0x00, 0x03, 0xF0, 0x0F, 0x00, 0x00, 0x3E,
    0x0F, 0x40, 0x00, 0x07, 0xDB, 0x40, 0x00, 0x00, 0x7F, 0x80, 0x00, 0x00, 0x0F, 0xC0, 0x00, 0x00,
    0x0B, 0xFC, 0x00, 0x00, 0x0B, 0x8F, 0xC0, 0x00, 0x07, 0xC0, 0xF8, 0x00, 0x07, 0xC0, 0x1F, 0x40,
    0x03, 0xC0, 0x01, 0xF4, 0x1F, 0xFE, 0x03, 0xFF, 0xE7, 0xFF, 0x80, 0xFF, 0xF8, 0xBF, 0xF8, 0x0B,
    0xFF, 0x6F, 0xFE, 0x02, 0xFF, 0xD0, 0xBC, 0x00, 0x0B, 0x80, 0x1F, 0x40, 0x03, 0xC0, 0x03, 0xE0,
    0x01, 0xF0, 0x00, 0x7C, 0x00, 0xF4, 0x00, 0x0F, 0x80, 0x3C, 0x00, 0x02, 0xF0, 0x2E, 0x00, 0x00,
    0x3D, 0x0F, 0x40, 0x00, 0x0F, 0x87, 0xC0, 0x00, 0x01, 0xF2, 0xE0, 0x00, 0x00, 0x3D, 0xF0, 0x00,
    0x00, 0x0B, 0xFC, 0x00, 0x00, 0x00, 0xFD, 0x00, 0x00, 0x00, 0x3F, 0x00, 0x00, 0x00, 0x0B, 0x80,
    0x00, 0x00, 0x03, 0xC0, 0x00, 0x00, 0x02, 0xE0, 0x00, 0x00, 0x01, 0xF0, 0x00, 0x00, 0x02, 0xF4,
    0x00, 0x00, 0x7F, 0xF8, 0x00, 0x00, 0x1F, 0xE4, 0x00, 0x00, 0x00, 0x3F, 0xFF, 0xFF, 0xC3, 0xFF,
    0xFF, 0xFC, 0x3C, 0x00, 0x1F, 0x43, 0xC0, 0x07, 0xE0, 0x00, 0x00, 0xF8, 0x00, 0x00, 0x3F, 0x00,
    0x00, 0x0F, 0xC0, 0x00, 0x02, 0xF0, 0x00, 0x00, 0xBD, 0x00, 0x00, 0x1F, 0x40, 0x00, 0x07, 0xE0,
    0x00, 0x00, 0xF8, 0x00, 0x3C, 0x3F, 0x00, 0x03, 0xCB, 0xFF, 0xFF, 0xFC, 0xBF, 0xFF, 0xFF, 0xC0,
    0x01, 0xFC, 0x07, 0xFC, 0x0B, 0xD0, 0x0F, 0x80, 0x0F, 0x80, 0x0F, 0x40, 0x0F, 0x40, 0x0F, 0x40,
    0x0F, 0x40, 0x0F, 0x40, 0x0F, 0x40, 0x0F, 0x40, 0x0F, 0x40, 0x2F, 0x00, 0xFD, 0x00, 0xFD, 0x00,
    0x2F, 0x00, 0x0F, 0x40, 0x0F, 0x40, 0x0F, 0x40, 0x0F, 0x40, 0x0F, 0x40, 0x0F, 0x40, 0x0F, 0x40,
    0x0F, 0x40, 0x0F, 0x40, 0x0F, 0x80, 0x0F, 0xD0, 0x07, 0xFC, 0x02, 0xFC, 0xF3, 0xCF, 0x3C, 0xF3,
    0xCF, 0x3C, 0xF3, 0xCF, 0x3C, 0xF3, 0xCF, 0x3C, 0xF3, 0xCF, 0x3C, 0xF3, 0xCF, 0x3C, 0xF3, 0xCF,
    0x3C, 0xF0, 0xFE, 0x00, 0xFF, 0x80, 0x0F, 0xC0, 0x07, 0xC0, 0x07, 0xC0, 0x07, 0xC0, 0x07, 0xC0,
    0x07, 0xC0, 0x07, 0xC0, 0x07, 0xC0, 0x07, 0xC0, 0x07, 0xC0, 0x03, 0xC0, 0x03, 0xE0, 0x00, 0xFC,
    0x00, 0xFC, 0x03, 0xE0, 0x03, 0xC0, 0x07, 0xC0, 0x07, 0xC0, 0x07, 0xC0, 0x07, 0xC0, 0x07, 0xC0,
    0x07, 0xC0, 0x07, 0xC0, 0x07, 0xC0, 0x0B, 0xC0, 0x0F, 0xC0, 0xFF, 0x40, 0xFE, 0x00, 0x0B, 0xE0,
    0x00, 0xC3, 0xFF, 0xF4, 0x3C, 0xB4, 0x2F, 0xFF, 0x49, 0x00, 0x1F, 0xD0, 0x2E, 0x0F, 0xC3, 0xF0,
    0xB8, 0x00, 0x00, 0x00, 0x00, 0xB4, 0x2E, 0x0B, 0x82, 0xE0, 0xB8, 0x2E, 0x0B, 0x82, 0xE0, 0xF8,
    0x3E, 0x0F, 0x83, 0xE0, 0xF8, 0x3E, 0x0F, 0x83, 0xF0, 0x00, 0x03, 0xC0, 0x00, 0x00, 0x3C, 0x00,
    0x00, 0x03, 0xC0, 0x00, 0x07, 0xFF, 0xE4, 0x03, 0xFF, 0xFF, 0xD0, 0xFD, 0x3C, 0x7D, 0x1F, 0x43,
    0xC2, 0xD3, 0xE0, 0x3C, 0x2D, 0x3D, 0x03, 0xC0, 0x07, 0xC0, 0x3C, 0x00, 0x7C, 0x03, 0xC0, 0x07,
    0xC0, 0x3C, 0x00, 0x3D, 0x03, 0xC0, 0x03, 0xF0, 0x3C, 0x00, 0x2F, 0x43, 0xC0, 0x00, 0xFD, 0x3C,
    0x2C, 0x03, 0xFF, 0xFF, 0xC0, 0x0B, 0xFF, 0x90, 0x00, 0x03, 0xC0, 0x00, 0x00, 0x3C, 0x00, 0x00,
    0x03, 0xC0, 0x00, 0x00, 0x3C, 0x00, 0x00, 0x02, 0xFF, 0xE4, 0x00, 0x1F, 0xFF, 0xFD, 0x00, 0x7F,
    0x40, 0xBD, 0x00, 0xFC, 0x00, 0x3D, 0x00, 0xF4, 0x00, 0x3D, 0x01, 0xF0, 0x00, 0x3D, 0x01, 0xF0,
    0x00, 0x00, 0x01, 0xF0, 0x00, 0x00, 0x01, 0xF0, 0x00, 0x00, 0x3F, 0xFF, 0xF4, 0x00, 0x3F, 0xFF,
    0xF4, 0x00, 0x01, 0xF0, 0x00, 0x00, 0x00, 0xF0, 0x00, 0x00, 0x00, 0xF0, 0x00, 0x00, 0x00, 0xF0,
    0x00, 0x00, 0x00, 0xF0, 0x00, 0x00, 0x01, 0xF0, 0x00, 0x3D, 0x01, 0xF0, 0x00, 0x3D, 0x03, 0xE0,
    0x00, 0x3D, 0x7F, 0xFF, 0xFF, 0xFD, 0x7F, 0xFF, 0xFF, 0xFD, 0x18, 0x1F, 0xF8, 0x18, 0x3E, 0xFF,
    0xFF, 0xBC, 0x0F, 0xE4, 0x0B, 0xF0, 0x0F, 0x80, 0x01, 0xF0, 0x2E, 0x00, 0x00, 0xB8, 0x3C, 0x00,
    0x00, 0x3C, 0x3C, 0x00, 0x00, 0x3C, 0x3C, 0x00, 0x00, 0x2C, 0x3C, 0x00, 0x00, 0x3C, 0x3C, 0x00,
    0x00, 0x3C, 0x2E, 0x00, 0x00, 0xB8, 0x0F, 0x80, 0x01, 0xF0, 0x0F, 0xE4, 0x0B, 0xF0, 0x3E, 0xFF,
    0xFF, 0xBC, 0x18, 0x1F, 0xF8, 0x18, 0xFF, 0xE0, 0x03, 0xFF, 0xFF, 0xE0, 0x03, 0xFF, 0x0F, 0x40,
    0x00, 0xB4, 0x07, 0xC0, 0x00, 0xE0, 0x03, 0xD0, 0x03, 0xC0, 0x01, 0xF0, 0x07, 0x80, 0x00, 0xB8,
    0x0F, 0x00, 0x00, 0x3C, 0x1E, 0x00, 0x00, 0x2E, 0x3C, 0x00, 0x00, 0x0F, 0xB8, 0x00, 0x0B, 0xFF,
    0xFF, 0xF0, 0x0B, 0xFF, 0xFF, 0xF0, 0x00, 0x03, 0xD0, 0x00, 0x00, 0x03, 0xD0, 0x00, 0x0B, 0xFF,
    0xFF, 0xF0, 0x0B, 0xFF, 0xFF, 0xF0, 0x00, 0x03, 0xD0, 0x00, 0x00, 0x03, 0xC0, 0x00, 0x00, 0x03,
    0xC0, 0x00, 0x00, 0x1F, 0xFC, 0x00, 0x00, 0x1F, 0xFC, 0x00, 0xF3, 0xCF, 0x3C, 0xF3, 0xCF, 0x3C,
    0xF3, 0xC0, 0x00, 0x00, 0x00, 0x3C, 0xF3, 0xCF, 0x3C, 0xF3, 0xCF, 0x3C, 0xF0, 0x01, 0xFF, 0xE4,
    0x03, 0xFF, 0xFF, 0xC3, 0xF4, 0x07, 0xF1, 0xF0, 0x00, 0x7C, 0x7C, 0x00, 0x1F, 0x1F, 0x00, 0x00,
    0x03, 0xF0, 0x00, 0x00, 0x7F, 0x40, 0x00, 0x07, 0xFD, 0x00, 0x03, 0xFF, 0xF4, 0x03, 0xE0, 0xBF,
    0x81, 0xF0, 0x02, 0xF8, 0xB8, 0x00, 0x2F, 0x2F, 0x00, 0x07, 0xCB, 0xD0, 0x01, 0xF0, 0xFE, 0x00,
    0xB8, 0x0F, 0xF9, 0xBC, 0x00, 0x7F, 0xFC, 0x00, 0x01, 0xFF, 0x40, 0x00, 0x07, 0xF4, 0x00, 0x00,
    0x3F, 0x00, 0x00, 0x0B, 0xCF, 0x40, 0x01, 0xF3, 0xD0, 0x00, 0xF8, 0xFD, 0x01, 0xFC, 0x3F, 0xFF,
    0xFD, 0x01, 0xBF, 0xF8, 0x00, 0x2E, 0x01, 0xF1, 0xFC, 0x0F, 0xD2, 0xE0, 0x1F, 0x00, 0x00, 0x01,
    0xFF, 0xE0, 0x00, 0x00, 0x02, 0xFF, 0xFF, 0xE0, 0x00, 0x01, 0xFE, 0x40, 0x2F, 0xD0, 0x00, 0x7E,
    0x00, 0x00, 0x2F, 0x40, 0x0F, 0x80, 0xBF, 0xD0, 0x7C, 0x02, 0xE0, 0x3F, 0xFF, 0x82, 0xF0, 0x3C,
    0x0F, 0xD0, 0x7D, 0x0F, 0x47, 0x81, 0xF0, 0x02, 0xF0, 0x78, 0xB4, 0x3E, 0x00, 0x00, 0x03, 0xCF,
    0x03, 0xD0, 0x00, 0x00, 0x3C, 0xF0, 0x3C, 0x00, 0x00, 0x03, 0xCF, 0x03, 0xC0, 0x00, 0x00, 0x3C,
    0xB4, 0x3D, 0x00, 0x1F, 0x03, 0xC7, 0x81, 0xF0, 0x02, 0xE0, 0x78, 0x3C, 0x0F, 0xD0, 0xBC, 0x0F,
    0x42, 0xE0, 0x3F, 0xFF, 0x42, 0xF0, 0x0F, 0x80, 0xBF, 0x80, 0x7C, 0x00, 0x3E, 0x00, 0x00, 0x2F,
    0x40, 0x00, 0xFE, 0x40, 0x2F, 0xD0, 0x00, 0x02, 0xFF, 0xFF, 0xF0, 0x00, 0x00, 0x01, 0xFF, 0xE0,
    0x00, 0x00, 0x07, 0xFD, 0x02, 0xC0, 0xB4, 0x2C, 0x03, 0x80, 0x00, 0x3C, 0x07, 0xFF, 0x83, 0xD0,
    0x38, 0x3C, 0x03, 0x83, 0xC1, 0xB8, 0x0B, 0xE3, 0xF0, 0x00, 0xC0, 0x18, 0x03, 0xF0, 0x7E, 0x0F,
    0xC0, 0xF8, 0x3F, 0x03, 0xF0, 0x7D, 0x0B, 0xC0, 0x7D, 0x0B, 0xC0, 0x3F, 0x03, 0xF0, 0x0F, 0xC0,
    0xF8, 0x03, 0xF0, 0x7E, 0x00, 0xC0, 0x18, 0xBF, 0xFF, 0xFF, 0xFC, 0xBF, 0xFF, 0xFF, 0xFC, 0x00,
    0x00, 0x00, 0x3C, 0x00, 0x00, 0x00, 0x3C, 0x00, 0x00, 0x00, 0x3C, 0x00, 0x00, 0x00, 0x3C, 0x00,
    0x00, 0x00, 0x3C, 0x00, 0x00, 0x00, 0x3C, 0x00, 0x00, 0x00, 0x00, 0xFF, 0xFE, 0xFF, 0xFE, 0x00,
    0x01, 0xFF, 0xE0, 0x00, 0x00, 0x02, 0xFF, 0xFF, 0xE0, 0x00, 0x01, 0xFE, 0x40, 0x2F, 0xD0, 0x00,
    0x7E, 0x00, 0x00, 0x2F, 0x40, 0x0F, 0x8F, 0xFF, 0xD0, 0x7C, 0x02, 0xE0, 0xFF, 0xFF, 0x82, 0xF0,
    0x3C, 0x0F, 0x00, 0x7C, 0x0F, 0x47, 0x80, 0xF0, 0x03, 0xC0, 0x78, 0xB4, 0x0F, 0x00, 0x3C, 0x03,
    0xCF, 0x00, 0xF0, 0x07, 0xC0, 0x3C, 0xF0, 0x0F, 0xFF, 0xF4, 0x03, 0xCF, 0x00, 0xFF, 0xFD, 0x00,
    0x3C, 0xB4, 0x0F, 0x0B, 0x80, 0x03, 0xC7, 0x80, 0xF0, 0x3C, 0x00, 0x78, 0x3C, 0x0F, 0x01, 0xF0,
    0x0F, 0x42, 0xE0, 0xF0, 0x0F, 0x42, 0xF0, 0x0F, 0x8F, 0x00, 0x3C, 0x7C, 0x00, 0x3E, 0x00, 0x00,
    0x2F, 0x40, 0x00, 0xFE, 0x40, 0x2F, 0xD0, 0x00, 0x02, 0xFF, 0xFF, 0xF0, 0x00, 0x00, 0x01, 0xFF,
    0xE0, 0x00, 0x00, 0xBF, 0xFF, 0xAF, 0xFF, 0xE0, 0x03, 0xF8, 0x07, 0x43, 0xC3, 0x80, 0x39, 0xC0,
    0x0B, 0x70, 0x02, 0xCE, 0x00, 0xE1, 0xD0, 0xF0, 0x0F, 0xE0, 0x00, 0x07, 0x80, 0x00, 0x00, 0x07,
    0x80, 0x00, 0x00, 0x07, 0x80, 0x00, 0x00, 0x07, 0x80, 0x00, 0x00, 0x07, 0x80, 0x00, 0xBF, 0xFF,
    0xFF, 0xFC, 0xBF, 0xFF, 0xFF, 0xFC, 0x00, 0x07, 0x80, 0x00, 0x00, 0x07, 0x80, 0x00, 0x00, 0x07,
    0x80, 0x00, 0x00, 0x07, 0x80, 0x00, 0x00, 0x07, 0x80, 0x00, 0x00, 0x00, 0x00, 0x00, 0xBF, 0xFF,
    0xFF, 0xFC, 0xBF, 0xFF, 0xFF, 0xFC, 0x02, 0xFD, 0x00, 0xFF, 0xF8, 0x3E, 0x07, 0xC3, 0xC0, 0x2D,
    0x00, 0x02, 0xD0, 0x00, 0x3C, 0x00, 0x0B, 0x80, 0x01, 0xF0, 0x00, 0x7C, 0x00, 0x1F, 0x40, 0x07,
    0xD0, 0x02, 0xF4, 0x00, 0x3F, 0xFF, 0xE0, 0x07, 0xFE, 0x02, 0xE0, 0xB8, 0x3C, 0x03, 0xC0, 0x00,
    0x3C, 0x00, 0x0B, 0xC0, 0x0B, 0xE0, 0x01, 0xFE, 0x00, 0x01, 0xBC, 0x00, 0x02, 0xE0, 0x00, 0x1E,
    0x00, 0x02, 0xD2, 0x40, 0xBC, 0x2F, 0xFD, 0x00, 0x00, 0x30, 0x07, 0xE0, 0x7E, 0x07, 0xD0, 0xBD,
    0x00, 0xC0, 0x00, 0x3F, 0xE0, 0x03, 0xFE, 0x03, 0xFE, 0x00, 0x3F, 0xE0, 0x02, 0xE0, 0x00, 0x2E,
    0x00, 0x2E, 0x00, 0x02, 0xE0, 0x02, 0xE0, 0x00, 0x2E, 0x00, 0x2E, 0x00, 0x02, 0xE0, 0x02, 0xE0,
    0x00, 0x2E, 0x00, 0x3E, 0x00, 0x03, 0xE0, 0x03, 0xE0, 0x00, 0x3E, 0x00, 0x3E, 0x00, 0x03, 0xE0,
    0x03, 0xE0, 0x00, 0x7E, 0x00, 0x3F, 0x00, 0x0F, 0xE0, 0x03, 0xFC, 0x07, 0xEE, 0x00, 0x3F, 0xFF,
    0xF2, 0xFE, 0x03, 0xEB, 0xF8, 0x2F, 0xE0, 0x3E, 0x00, 0x00, 0x00, 0x03, 0xE0, 0x00, 0x00, 0x00,
    0x3E, 0x00, 0x00, 0x00, 0x03, 0xE0, 0x00, 0x00, 0x00, 0x3E, 0x00, 0x00, 0x00, 0x03, 0xE0, 0x00,
    0x00, 0x00, 0x3E, 0x00, 0x00, 0x00, 0x01, 0xBF, 0xFF, 0xF0, 0xBF, 0xFF, 0xFF, 0x2F, 0xFF, 0x41,
    0xF3, 0xFF, 0xF4, 0x1F, 0x7F, 0xFF, 0x41, 0xF7, 0xFF, 0xF4, 0x1F, 0x3F, 0xFF, 0x41, 0xF3, 0xFF,
    0xF4, 0x1F, 0x1F, 0xFF, 0x41, 0xF0, 0xBF, 0xF4, 0x1F, 0x01, 0xBF, 0x41, 0xF0, 0x00, 0xF4, 0x1F,
    0x00, 0x0F, 0x41, 0xF0, 0x00, 0xF4, 0x1F, 0x00, 0x0F, 0x41, 0xF0, 0x00, 0xF4, 0x1F, 0x00, 0x0F,
    0x41, 0xF0, 0x00, 0xF4, 0x1F, 0x00, 0x0F, 0x41, 0xF0, 0x00, 0xF4, 0x1F, 0x00, 0x0F, 0x41, 0xF0,
    0x00, 0xF4, 0x1F, 0x00, 0x0F, 0x41, 0xF0, 0x00, 0xF4, 0x1F, 0x00, 0x0F, 0x41, 0xF0, 0x00, 0xF4,
    0x1F, 0x00, 0x0F, 0x41, 0xF0, 0x3C, 0xBE, 0xBE, 0x3C, 0x07, 0x40, 0x07, 0x40, 0x07, 0xF0, 0x00,
    0x7C, 0x00, 0x3C, 0x20, 0x78, 0x3F, 0xE0, 0x01, 0xF0, 0x07, 0xFC, 0x0B, 0xCF, 0x01, 0x43, 0xC0,
    0x00, 0xF0, 0x00, 0x3C, 0x00, 0x0F, 0x00, 0x03, 0xC0, 0x00, 0xF0, 0x00, 0x3C, 0x00, 0x0F, 0x00,
    0x03, 0xC0, 0x2F, 0xFF, 0x40, 0x06, 0xFE, 0x00, 0x78, 0x1F, 0x03, 0xC0, 0x1E, 0x1D, 0x00, 0x3C,
    0xB4, 0x00, 0xF1, 0xD0, 0x03, 0xC3, 0xC0, 0x1E, 0x07, 0x81, 0xF0, 0x06, 0xFE, 0x00, 0x18, 0x02,
    0x80, 0x3E, 0x07, 0xD0, 0x1F, 0x82, 0xF4, 0x07, 0xE0, 0xBD, 0x01, 0xF0, 0x2F, 0x01, 0xF0, 0x2F,
    0x07, 0xE0, 0xBD, 0x1F, 0x82, 0xF4, 0x3E, 0x07, 0xD0, 0x18, 0x02, 0x80, 0x00, 0x00, 0x00, 0x00,
    0x0C, 0x00, 0x00, 0x00, 0x00, 0x00, 0x2D, 0x00, 0x00, 0x7C, 0x00, 0x00, 0x3C, 0x00, 0x02, 0xFC,
    0x00, 0x00, 0xB4, 0x00, 0x0F, 0x7C, 0x00, 0x00, 0xF0, 0x00, 0x24, 0x3C, 0x00, 0x03, 0xD0, 0x00,
    0x00, 0x3C, 0x00, 0x07, 0x80, 0x00, 0x00, 0x3C, 0x00, 0x0F, 0x00, 0x00, 0x00, 0x3C, 0x00, 0x1E,
    0x00, 0x00, 0x00, 0x3C, 0x00, 0x3C, 0x00, 0x00, 0x00, 0x3C, 0x00, 0x78, 0x00, 0x00, 0x00, 0x3C,
    0x00, 0xF0, 0x0F, 0xC0, 0x00, 0x3C, 0x02, 0xD0, 0x2F, 0xC0, 0x0B, 0xFF, 0xC3, 0xC0, 0xBF, 0xC0,
    0x00, 0x00, 0x0B, 0x41, 0xF3, 0xC0, 0x00, 0x00, 0x0F, 0x03, 0xC3, 0xC0, 0x00, 0x00, 0x2D, 0x0F,
    0x43, 0xC0, 0x00, 0x00, 0x78, 0x3E, 0x03, 0xC0, 0x00, 0x00, 0xF0, 0x3F, 0xFF, 0xFD, 0x00, 0x01,
    0xE0, 0x00, 0x03, 0xC0, 0x00, 0x03, 0xC0, 0x00, 0x03, 0xC0, 0x00, 0x07, 0x80, 0x00, 0x03, 0xC0,
    0x00, 0x0F, 0x00, 0x00, 0x0F, 0xF4, 0x00, 0x2D, 0x00, 0x00, 0x00, 0x00, 0x00, 0x0C, 0x00, 0x00,
    0x00, 0x00, 0x00, 0x00, 0x00, 0x00, 0x08, 0x00, 0x00, 0xBC, 0x00, 0x00, 0x2D, 0x00, 0x07, 0xFC,
    0x00, 0x00, 0x3C, 0x00, 0x3E, 0x3C, 0x00, 0x00, 0xB4, 0x00, 0x14, 0x3C, 0x00, 0x01, 0xE0, 0x00,
    0x00, 0x3C, 0x00, 0x03, 0xC0, 0x00, 0x00, 0x3C, 0x00, 0x07, 0x80, 0x00, 0x00, 0x3C, 0x00, 0x0F,
    0x00, 0x00, 0x00, 0x3C, 0x00, 0x2D, 0x00, 0x00, 0x00, 0x3C, 0x00, 0x3C, 0x7F, 0xD0, 0x00, 0x3C,
    0x00, 0xF6, 0xFF, 0xF4, 0x00, 0x3C, 0x01, 0xE3, 0xD0, 0xBC, 0x00, 0x3C, 0x03, 0xC7, 0x80, 0x3C,
    0x0B, 0xFF, 0xCB, 0x80, 0x00, 0x3C, 0x00, 0x00, 0x0F, 0x00, 0x00, 0x78, 0x00, 0x00, 0x2D, 0x00,
    0x00, 0xF0, 0x00, 0x00, 0x7C, 0x00, 0x02, 0xE0, 0x00, 0x00, 0xF0, 0x00, 0x0B, 0xC0, 0x00, 0x01,
    0xE0, 0x00, 0x2F, 0x00, 0x00, 0x03, 0xC0, 0x00, 0xBC, 0x00, 0x00, 0x0B, 0x40, 0x03, 0xF0, 0x00,
    0x00, 0x0F, 0x00, 0x07, 0xFF, 0xFD, 0x00, 0x2D, 0x00, 0x00, 0x00, 0x00, 0x00, 0x04, 0x00, 0x00,
    0x00, 0x00, 0x00, 0x00, 0x00, 0x00, 0x30, 0x00, 0x2F, 0xE0, 0x00, 0x02, 0xD0, 0x03, 0xD1, 0xF0,
    0x00, 0x0F, 0x00, 0x1D, 0x02, 0xD0, 0x00, 0xB4, 0x00, 0xB0, 0x0B, 0x40, 0x07, 0x80, 0x00, 0x00,
    0x3C, 0x00, 0x3C, 0x00, 0x00, 0x02, 0x80, 0x01, 0xE0, 0x00, 0x00, 0xFF, 0x40, 0x0F, 0x00, 0x00,
    0x00, 0x1F, 0x80, 0xB4, 0x00, 0x00, 0x00, 0x0F, 0x03, 0xC0, 0x00, 0x00, 0x00, 0x3C, 0x2D, 0x03,
    0xF0, 0x00, 0x01, 0xE1, 0xF0, 0x2F, 0xC0, 0xA0, 0x1F, 0x0F, 0x02, 0xFF, 0x01, 0xFF, 0xE0, 0x78,
    0x1F, 0x3C, 0x00, 0x00, 0x03, 0xC0, 0xF0, 0xF0, 0x00, 0x00, 0x2D, 0x0F, 0x43, 0xC0, 0x00, 0x00,
    0xF0, 0xF8, 0x0F, 0x00, 0x00, 0x0B, 0x43, 0xFF, 0xFF, 0xD0, 0x00, 0x7C, 0x00, 0x00, 0xF0, 0x00,
    0x03, 0xC0, 0x00, 0x03, 0xC0, 0x00, 0x1E, 0x00, 0x00, 0x0F, 0x00, 0x00, 0xF0, 0x00, 0x00, 0xFF,
    0x40, 0x0B, 0x80, 0x00, 0x00, 0x00, 0x00, 0x0C, 0x00, 0x00, 0x00, 0x00, 0x00, 0x0F, 0x40, 0x02,
    0xFC, 0x00, 0x2F, 0xC0, 0x00, 0xF4, 0x00, 0x00, 0x00, 0x00, 0x00, 0x00, 0x00, 0x00, 0x00, 0x70,
    0x00, 0x0F, 0xC0, 0x00, 0x7C, 0x00, 0x0B, 0xC0, 0x02, 0xF4, 0x01, 0xFD, 0x00, 0x7E, 0x00, 0x1F,
    0x40, 0x03, 0xD0, 0x00, 0xBC, 0x00, 0x0F, 0x80, 0x00, 0xFC, 0x00, 0x0B, 0xC0, 0x00, 0x3F, 0x40,
    0x61, 0xFF, 0xFE, 0x02, 0xFF, 0x80, 0x00, 0x03, 0x00, 0x00, 0x00, 0x00, 0x00, 0xFC, 0x00, 0x00,
    0x00, 0x00, 0x02, 0xF4, 0x00, 0x00, 0x00, 0x00, 0x0B, 0xD0, 0x00, 0x00, 0x00, 0x00, 0x1F, 0x40,
    0x00, 0x00, 0x00, 0x00, 0x70, 0x00, 0x00, 0x00, 0x00, 0x00, 0x00, 0x00, 0x00, 0x00, 0x01, 0xF8,
    0x00, 0x00, 0x00, 0x00, 0x3F, 0xC0, 0x00, 0x00, 0x00, 0x07, 0xBD, 0x00, 0x00, 0x00, 0x00, 0xB7,
    0xE0, 0x00, 0x00, 0x00, 0x0F, 0x1F, 0x00, 0x00, 0x00, 0x01, 0xE0, 0xF4, 0x00, 0x00, 0x00, 0x3D,
    0x0F, 0x80, 0x00, 0x00, 0x07, 0xC0, 0x7C, 0x00, 0x00, 0x00, 0xB8, 0x03, 0xD0, 0x00, 0x00, 0x0F,
    0x00, 0x3F, 0x00, 0x00, 0x01, 0xF0, 0x02, 0xF0, 0x00, 0x00, 0x3F, 0xFF, 0xFF, 0x80, 0x00, 0x03,
    0xFF, 0xFF, 0xFC, 0x00, 0x00, 0xBC, 0x00, 0x0B, 0xD0, 0x00, 0x0F, 0x40, 0x00, 0x3E, 0x00, 0x01,
    0xF0, 0x00, 0x03, 0xF0, 0x00, 0x3E, 0x00, 0x00, 0x1F, 0x40, 0x03, 0xC0, 0x00, 0x00, 0xF8, 0x00,
    0xB8, 0x00, 0x00, 0x0B, 0xC0, 0xBF, 0xFC, 0x00, 0x0B, 0xFF, 0xCB, 0xFF, 0xC0, 0x00, 0xBF, 0xFC,
    0x00, 0x00, 0x00, 0x28, 0x00, 0x00, 0x00, 0x00, 0x0B, 0xC0, 0x00, 0x00, 0x00, 0x03, 0xF0, 0x00,
    0x00, 0x00, 0x00, 0xFC, 0x00, 0x00, 0x00, 0x00, 0x3E, 0x00, 0x00, 0x00, 0x00, 0x02, 0x80, 0x00,
    0x00, 0x00, 0x00, 0x00, 0x00, 0x00, 0x00, 0x00, 0x01, 0xF8, 0x00, 0x00, 0x00, 0x00, 0x3F, 0xC0,
    0x00, 0x00, 0x00, 0x07, 0xBD, 0x00, 0x00, 0x00, 0x00, 0xB7, 0xE0, 0x00, 0x00, 0x00, 0x0F, 0x1F,
    0x00, 0x00, 0x00, 0x01, 0xE0, 0xF4, 0x00, 0x00, 0x00, 0x3D, 0x0F, 0x80, 0x00, 0x00, 0x07, 0xC0,
    0x7C, 0x00, 0x00, 0x00, 0xB8, 0x03, 0xD0, 0x00, 0x00, 0x0F, 0x00, 0x3F, 0x00, 0x00, 0x01, 0xF0,
    0x02, 0xF0, 0x00, 0x00, 0x3F, 0xFF, 0xFF, 0x80, 0x00, 0x03, 0xFF, 0xFF, 0xFC, 0x00, 0x00, 0xBC,
    0x00, 0x0B, 0xD0, 0x00, 0x0F, 0x40, 0x00, 0x3E, 0x00, 0x01, 0xF0, 0x00, 0x03, 0xF0, 0x00, 0x3E,
    0x00, 0x00, 0x1F, 0x40, 0x03, 0xC0, 0x00, 0x00, 0xF8, 0x00, 0xB8, 0x00, 0x00, 0x0B, 0xC0, 0xBF,
    0xFC, 0x00, 0x0B, 0xFF, 0xCB, 0xFF, 0xC0, 0x00, 0xBF, 0xFC, 0x00, 0x00, 0x2F, 0x00, 0x00, 0x00,
    0x00, 0x0B, 0xFC, 0x00, 0x00, 0x00, 0x02, 0xE1, 0xF4, 0x00, 0x00, 0x00, 0xF8, 0x07, 0xD0, 0x00,
    0x00, 0x06, 0x00, 0x1C, 0x00, 0x00, 0x00, 0x00, 0x00, 0x00, 0x00, 0x00, 0x00, 0x1F, 0x80, 0x00,
    0x00, 0x00, 0x03, 0xFC, 0x00, 0x00, 0x00, 0x00, 0x7B, 0xD0, 0x00, 0x00, 0x00, 0x0B, 0x7E, 0x00,
    0x00, 0x00, 0x00, 0xF1, 0xF0, 0x00, 0x00, 0x00, 0x1E, 0x0F, 0x40, 0x00, 0x00, 0x03, 0xD0, 0xF8,
    0x00, 0x00, 0x00, 0x7C, 0x07, 0xC0, 0x00, 0x00, 0x0B, 0x80, 0x3D, 0x00, 0x00, 0x00, 0xF0, 0x03,
    0xF0, 0x00, 0x00, 0x1F, 0x00, 0x2F, 0x00, 0x00, 0x03, 0xFF, 0xFF, 0xF8, 0x00, 0x00, 0x3F, 0xFF,
    0xFF, 0xC0, 0x00, 0x0B, 0xC0, 0x00, 0xBD, 0x00, 0x00, 0xF4, 0x00, 0x03, 0xE0, 0x00, 0x1F, 0x00,
    0x00, 0x3F, 0x00, 0x03, 0xE0, 0x00, 0x01, 0xF4, 0x00, 0x3C, 0x00, 0x00, 0x0F, 0x80, 0x0B, 0x80,
    0x00, 0x00, 0xBC, 0x0B, 0xFF, 0xC0, 0x00, 0xBF, 0xFC, 0xBF, 0xFC, 0x00, 0x0B, 0xFF, 0xC0, 0x00,
    0x03, 0xF8, 0x08, 0x00, 0x00, 0x00, 0xFF, 0xFF, 0xD0, 0x00, 0x00, 0x09, 0x07, 0xF4, 0x00, 0x00,
    0x00, 0x00, 0x00, 0x00, 0x00, 0x00, 0x00, 0x1F, 0x80, 0x00, 0x00, 0x00, 0x03, 0xFC, 0x00, 0x00,
    0x00, 0x00, 0x7B, 0xD0, 0x00, 0x00, 0x00, 0x0B, 0x7E, 0x00, 0x00, 0x00, 0x00, 0xF1, 0xF0, 0x00,
    0x00, 0x00, 0x1E, 0x0F, 0x40, 0x00, 0x00, 0x03, 0xD0, 0xF8, 0x00, 0x00, 0x00, 0x7C, 0x07, 0xC0,
    0x00, 0x00, 0x0B, 0x80, 0x3D, 0x00, 0x00, 0x00, 0xF0, 0x03, 0xF0, 0x00, 0x00, 0x1F, 0x00, 0x2F,
    0x00, 0x00, 0x03, 0xFF, 0xFF, 0xF8, 0x00, 0x00, 0x3F, 0xFF, 0xFF, 0xC0, 0x00, 0x0B, 0xC0, 0x00,
    0xBD, 0x00, 0x00, 0xF4, 0x00, 0x03, 0xE0, 0x00, 0x1F, 0x00, 0x00, 0x3F, 0x00, 0x03, 0xE0, 0x00,
    0x01, 0xF4, 0x00, 0x3C, 0x00, 0x00, 0x0F, 0x80, 0x0B, 0x80, 0x00, 0x00, 0xBC, 0x0B, 0xFF, 0xC0,
    0x00, 0xBF, 0xFC, 0xBF, 0xFC, 0x00, 0x0B, 0xFF, 0xC0, 0x00, 0x07, 0xC0, 0x3D, 0x00, 0x00, 0x00,
    0xFD, 0x0B, 0xE0, 0x00, 0x00, 0x07, 0xC0, 0x3D, 0x00, 0x00, 0x00, 0x00, 0x00, 0x00, 0x00, 0x00,
    0x00, 0x1F, 0x80, 0x00, 0x00, 0x00, 0x03, 0xFC, 0x00, 0x00, 0x00, 0x00, 0x7B, 0xD0, 0x00, 0x00,
    0x00, 0x0B, 0x7E, 0x00, 0x00, 0x00, 0x00, 0xF1, 0xF0, 0x00, 0x00, 0x00, 0x1E, 0x0F, 0x40, 0x00,
    0x00, 0x03, 0xD0, 0xF8, 0x00, 0x00, 0x00, 0x7C, 0x07, 0xC0, 0x00, 0x00, 0x0B, 0x80, 0x3D, 0x00,
    0x00, 0x00, 0xF0, 0x03, 0xF0, 0x00, 0x00, 0x1F, 0x00, 0x2F, 0x00, 0x00, 0x03, 0xFF, 0xFF, 0xF8,
    0x00, 0x00, 0x3F, 0xFF, 0xFF, 0xC0, 0x00, 0x0B, 0xC0, 0x00, 0xBD, 0x00, 0x00, 0xF4, 0x00, 0x03,
    0xE0, 0x00, 0x1F, 0x00, 0x00, 0x3F, 0x00, 0x03, 0xE0, 0x00, 0x01, 0xF4, 0x00, 0x3C, 0x00, 0x00,
    0x0F, 0x80, 0x0B, 0x80, 0x00, 0x00, 0xBC, 0x0B, 0xFF, 0xC0, 0x00, 0xBF, 0xFC, 0xBF, 0xFC, 0x00,
    0x0B, 0xFF, 0xC0, 0x00, 0x00, 0x1F, 0x80, 0x00, 0x00, 0x00, 0x07, 0x9D, 0x00, 0x00, 0x00, 0x00,
    0xF0, 0xF0, 0x00, 0x00, 0x00, 0x0F, 0x0F, 0x00, 0x00, 0x00, 0x00, 0x79, 0xE0, 0x00, 0x00, 0x00,
    0x02, 0xF8, 0x00, 0x00, 0x00, 0x00, 0x00, 0x00, 0x00, 0x00, 0x00, 0x01, 0xF8, 0x00, 0x00, 0x00,
    0x00, 0x3F, 0xC0, 0x00, 0x00, 0x00, 0x07, 0xBD, 0x00, 0x00, 0x00, 0x00, 0xB7, 0xE0, 0x00, 0x00,
    0x00, 0x0F, 0x1F, 0x00, 0x00, 0x00, 0x01, 0xE0, 0xF4, 0x00, 0x00, 0x00, 0x3D, 0x0F, 0x80, 0x00,
    0x00, 0x07, 0xC0, 0x7C, 0x00, 0x00, 0x00, 0xB8, 0x03, 0xD0, 0x00, 0x00, 0x0F, 0x00, 0x3F, 0x00,
    0x00, 0x01, 0xF0, 0x02, 0xF0, 0x00, 0x00, 0x3F, 0xFF, 0xFF, 0x80, 0x00, 0x03, 0xFF, 0xFF, 0xFC,
    0x00, 0x00, 0xBC, 0x00, 0x0B, 0xD0, 0x00, 0x0F, 0x40, 0x00, 0x3E, 0x00, 0x01, 0xF0, 0x00, 0x03,
    0xF0, 0x00, 0x3E, 0x00, 0x00, 0x1F, 0x40, 0x03, 0xC0, 0x00, 0x00, 0xF8, 0x00, 0xB8, 0x00, 0x00,
    0x0B, 0xC0, 0xBF, 0xFC, 0x00, 0x0B, 0xFF, 0xCB, 0xFF, 0xC0, 0x00, 0xBF, 0xFC, 0x00, 0x00, 0x00,
    0x3F, 0xFF, 0xFF, 0xFC, 0x00, 0x00, 0x00, 0xBF, 0xFF, 0xFF, 0xFC, 0x00, 0x00, 0x00, 0xF0, 0xF8,
    0x00, 0x3C, 0x00, 0x00, 0x02, 0xE0, 0xF8, 0x00, 0x3C, 0x00, 0x00, 0x07, 0xC0, 0xF8, 0x00, 0x3C,
    0x00, 0x00, 0x0F, 0x40, 0xF8, 0x00, 0x00, 0x00, 0x00, 0x1F, 0x00, 0xF8, 0x00, 0x00, 0x00, 0x00,
    0x3D, 0x00, 0xF8, 0x00, 0x00, 0x00, 0x00, 0x7C, 0x00, 0xF8, 0x00, 0x00, 0x00, 0x00, 0xF4, 0x00,
    0xF8, 0x00, 0x00, 0x00, 0x02, 0xFF, 0xFF, 0xFF, 0xFF, 0xC0, 0x00, 0x03, 0xFF, 0xFF, 0xFF, 0xFF,
    0xC0, 0x00, 0x0B, 0xC0, 0x00, 0xF8, 0x00, 0x00, 0x00, 0x0F, 0x40, 0x00, 0xF8, 0x00, 0x00, 0x00,
    0x3F, 0x00, 0x00, 0xF8, 0x00, 0x00, 0x00, 0x7C, 0x00, 0x00, 0xF8, 0x00, 0x00, 0x00, 0xF8, 0x00,
    0x00, 0xF8, 0x00, 0x1F, 0x01, 0xF0, 0x00, 0x00, 0xF8, 0x00, 0x1F, 0x03, 0xE0, 0x00, 0x00, 0xF8,
    0x00, 0x1F, 0x3F, 0xFE, 0x00, 0x0F, 0xFF, 0xFF, 0xFF, 0x3F, 0xFE, 0x00, 0x0F, 0xFF, 0xFF, 0xFF,
    0x00, 0x01, 0xBF, 0xFA, 0x40, 0x02, 0xFF, 0xFF, 0xFD, 0x00, 0xFF, 0x40, 0x03, 0xD0, 0x3F, 0x40,
    0x00, 0x3D, 0x0F, 0xC0, 0x00, 0x03, 0xD1, 0xF4, 0x00, 0x00, 0x00, 0x3F, 0x00, 0x00, 0x00, 0x03,
    0xE0, 0x00, 0x00, 0x00, 0x7D, 0x00, 0x00, 0x00, 0x07, 0xC0, 0x00, 0x00, 0x00, 0xBC, 0x00, 0x00,
    0x00, 0x07, 0xC0, 0x00, 0x00, 0x00, 0x7D, 0x00, 0x00, 0x00, 0x03, 0xE0, 0x00, 0x00, 0x00, 0x3F,
    0x00, 0x00, 0x00, 0x02, 0xF4, 0x00, 0x00, 0x3C, 0x0F, 0xC0, 0x00, 0x03, 0xC0, 0x7F, 0x00, 0x00,
    0x3C, 0x02, 0xFE, 0x40, 0x03, 0xC0, 0x07, 0xFF, 0xFF, 0xFC, 0x00, 0x02, 0xBF, 0xFF, 0xC0, 0x00,
    0x00, 0xF0, 0x00, 0x00, 0x00, 0x0F, 0x00, 0x00, 0x00, 0x00, 0xFE, 0x00, 0x00, 0x00, 0x00, 0xF4,
    0x00, 0x00, 0x00, 0x0F, 0x40, 0x00, 0x00, 0xBF, 0xD0, 0x00, 0x01, 0x80, 0x00, 0x00, 0x0F, 0xC0,
    0x00, 0x00, 0x0F, 0xC0, 0x00, 0x00, 0x0F, 0xC0, 0x00, 0x00, 0x0B, 0xC0, 0x00, 0x00, 0x0A, 0x00,
    0x00, 0x00, 0x00, 0x00, 0x3F, 0xFF, 0xFF, 0xFC, 0xFF, 0xFF, 0xFF, 0xF0, 0x1F, 0x00, 0x03, 0xC0,
    0x7C, 0x00, 0x0F, 0x01, 0xF0, 0x00, 0x3C, 0x07, 0xC0, 0x00, 0x00, 0x1F, 0x00, 0x00, 0x00, 0x7C,
    0x00, 0x00, 0x01, 0xF0, 0x00, 0x00, 0x07, 0xFF, 0xFD, 0x00, 0x1F, 0xFF, 0xF4, 0x00, 0xBC, 0x00,
    0x00, 0x02, 0xF0, 0x00, 0x00, 0x0B, 0xC0, 0x00, 0x00, 0x2F, 0x00, 0x00, 0x00, 0xBC, 0x00, 0x00,
    0x02, 0xF0, 0x00, 0x3D, 0x0B, 0xC0, 0x00, 0xF4, 0x2F, 0x00, 0x03, 0xCF, 0xFF, 0xFF, 0xFF, 0x3F,
    0xFF, 0xFF, 0xFC, 0x00, 0x00, 0x0C, 0x00, 0x00, 0x00, 0xF8, 0x00, 0x00, 0x1F, 0x80, 0x00, 0x01,
    0xF8, 0x00, 0x00, 0x1F, 0x40, 0x00, 0x00, 0x34, 0x00, 0x00, 0x00, 0x00, 0x00, 0x3F, 0xFF, 0xFF,
    0xFC, 0xFF, 0xFF, 0xFF, 0xF0, 0x1F, 0x00, 0x03, 0xC0, 0x7C, 0x00, 0x0F, 0x01, 0xF0, 0x00, 0x3C,
    0x07, 0xC0, 0x00, 0x00, 0x1F, 0x00, 0x00, 0x00, 0x7C, 0x00, 0x00, 0x01, 0xF0, 0x00, 0x00, 0x07,
    0xFF, 0xFD, 0x00, 0x1F, 0xFF, 0xF4, 0x00, 0xBC, 0x00, 0x00, 0x02, 0xF0, 0x00, 0x00, 0x0B, 0xC0,
    0x00, 0x00, 0x2F, 0x00, 0x00, 0x00, 0xBC, 0x00, 0x00, 0x02, 0xF0, 0x00, 0x3D, 0x0B, 0xC0, 0x00,
    0xF4, 0x2F, 0x00, 0x03, 0xCF, 0xFF, 0xFF, 0xFF, 0x3F, 0xFF, 0xFF, 0xFC, 0x00, 0x0F, 0x80, 0x00,
    0x00, 0xFF, 0x80, 0x00, 0x1F, 0x4B, 0xC0, 0x01, 0xF4, 0x0B, 0xC0, 0x03, 0x40, 0x09, 0x00, 0x00,
    0x00, 0x00, 0x0F, 0xFF, 0xFF, 0xFF, 0x3F, 0xFF, 0xFF, 0xFC, 0x07, 0xC0, 0x00, 0xF0, 0x1F, 0x00,
    0x03, 0xC0, 0x7C, 0x00, 0x0F, 0x01, 0xF0, 0x00, 0x00, 0x07, 0xC0, 0x00, 0x00, 0x1F, 0x00, 0x00,
    0x00, 0x7C, 0x00, 0x00, 0x01, 0xFF, 0xFF, 0x40, 0x07, 0xFF, 0xFD, 0x00, 0x2F, 0x00, 0x00, 0x00,
    0xBC, 0x00, 0x00, 0x02, 0xF0, 0x00, 0x00, 0x0B, 0xC0, 0x00, 0x00, 0x2F, 0x00, 0x00, 0x00, 0xBC,
    0x00, 0x0F, 0x42, 0xF0, 0x00, 0x3D, 0x0B, 0xC0, 0x00, 0xF3, 0xFF, 0xFF, 0xFF, 0xCF, 0xFF, 0xFF,
    0xFF, 0x00, 0x03, 0xD0, 0x2E, 0x00, 0x1F, 0xC0, 0xFC, 0x00, 0x3D, 0x02, 0xE0, 0x00, 0x00, 0x00,
    0x00, 0xFF, 0xFF, 0xFF, 0xF3, 0xFF, 0xFF, 0xFF, 0xC0, 0x7C, 0x00, 0x0F, 0x01, 0xF0, 0x00, 0x3C,
    0x07, 0xC0, 0x00, 0xF0, 0x1F, 0x00, 0x00, 0x00, 0x7C, 0x00, 0x00, 0x01, 0xF0, 0x00, 0x00, 0x07,
    0xC0, 0x00, 0x00, 0x1F, 0xFF, 0xF4, 0x00, 0x7F, 0xFF, 0xD0, 0x02, 0xF0, 0x00, 0x00, 0x0B, 0xC0,
    0x00, 0x00, 0x2F, 0x00, 0x00, 0x00, 0xBC, 0x00, 0x00, 0x02, 0xF0, 0x00, 0x00, 0x0B, 0xC0, 0x00,
    0xF4, 0x2F, 0x00, 0x03, 0xD0, 0xBC, 0x00, 0x0F, 0x3F, 0xFF, 0xFF, 0xFC, 0xFF, 0xFF, 0xFF, 0xF0,
    0x30, 0x00, 0x2F, 0x40, 0x02, 0xF4, 0x00, 0x1F, 0x80, 0x01, 0xF8, 0x00, 0x0C, 0x00, 0x00, 0x00,
    0xBF, 0xFD, 0x2F, 0xFF, 0x40, 0x7C, 0x00, 0x1F, 0x00, 0x07, 0xC0, 0x01, 0xF0, 0x00, 0x7C, 0x00,
    0x1F, 0x00, 0x07, 0xC0, 0x01, 0xF0, 0x00, 0x7C, 0x00, 0x1F, 0x00, 0x07, 0xC0, 0x01, 0xF0, 0x00,
    0x7C, 0x00, 0x1F, 0x00, 0x07, 0xC0, 0x01, 0xF0, 0x00, 0x7C, 0x02, 0xFF, 0xF4, 0xBF, 0xFD, 0x00,
    0x0C, 0x00, 0x7E, 0x01, 0xF8, 0x07, 0xD0, 0x2F, 0x40, 0x0C, 0x00, 0x00, 0x00, 0xBF, 0xFD, 0xBF,
    0xFD, 0x07, 0xC0, 0x07, 0xC0, 0x07, 0xC0, 0x07, 0xC0, 0x07, 0xC0, 0x07, 0xC0, 0x07, 0xC0, 0x07,
    0xC0, 0x07, 0xC0, 0x07, 0xC0, 0x07, 0xC0, 0x07, 0xC0, 0x07, 0xC0, 0x07, 0xC0, 0x07, 0xC0, 0x07,
    0xC0, 0x07, 0xC0, 0xBF, 0xFD, 0xBF, 0xFD, 0x00, 0xBC, 0x00, 0x0B, 0xFD, 0x00, 0xB8, 0x7D, 0x0F,
    0x80, 0x7D, 0x18, 0x00, 0x30, 0x00, 0x00, 0x00, 0xBF, 0xFD, 0x02, 0xFF, 0xF4, 0x00, 0x7C, 0x00,
    0x01, 0xF0, 0x00, 0x07, 0xC0, 0x00, 0x1F, 0x00, 0x00, 0x7C, 0x00, 0x01, 0xF0, 0x00, 0x07, 0xC0,
    0x00, 0x1F, 0x00, 0x00, 0x7C, 0x00, 0x01, 0xF0, 0x00, 0x07, 0xC0, 0x00, 0x1F, 0x00, 0x00, 0x7C,
    0x00, 0x01, 0xF0, 0x00, 0x07, 0xC0, 0x00, 0x1F, 0x00, 0x00, 0x7C, 0x00, 0x2F, 0xFF, 0x40, 0xBF,
    0xFD, 0x00, 0x2F, 0x00, 0xF4, 0xFD, 0x0B, 0xE1, 0xF0, 0x1F, 0x40, 0x00, 0x00, 0x0B, 0xFF, 0xD0,
    0x2F, 0xFF, 0x40, 0x07, 0xC0, 0x00, 0x1F, 0x00, 0x00, 0x7C, 0x00, 0x01, 0xF0, 0x00, 0x07, 0xC0,
    0x00, 0x1F, 0x00, 0x00, 0x7C, 0x00, 0x01, 0xF0, 0x00, 0x07, 0xC0, 0x00, 0x1F, 0x00, 0x00, 0x7C,
    0x00, 0x01, 0xF0, 0x00, 0x07, 0xC0, 0x00, 0x1F, 0x00, 0x00, 0x7C, 0x00, 0x01, 0xF0, 0x00, 0x07,
    0xC0, 0x02, 0xFF, 0xF4, 0x0B, 0xFF, 0xD0, 0xFF, 0xFF, 0xFF, 0x90, 0x00, 0xFF, 0xFF, 0xFF, 0xFD,
    0x00, 0x07, 0xC0, 0x01, 0xBF, 0x80, 0x07, 0xC0, 0x00, 0x0F, 0xE0, 0x07, 0xC0, 0x00, 0x03, 0xF0,
    0x07, 0xC0, 0x00, 0x00, 0xF8, 0x07, 0xC0, 0x00, 0x00, 0xFC, 0x07, 0xC0, 0x00, 0x00, 0x7D, 0x07,
    0xC0, 0x00, 0x00, 0x3D, 0xFF, 0xFF, 0xFD, 0x00, 0x3E, 0xFF, 0xFF, 0xFD, 0x00, 0x3E, 0x07, 0xC0,
    0x00, 0x00, 0x3D, 0x0B, 0xC0, 0x00, 0x00, 0x7D, 0x0B, 0xC0, 0x00, 0x00, 0xBC, 0x0B, 0xC0, 0x00,
    0x00, 0xFC, 0x0B, 0xC0, 0x00, 0x01, 0xF8, 0x0B, 0xC0, 0x00, 0x03, 0xF0, 0x0B, 0xC0, 0x00, 0x1F,
    0xD0, 0x0B, 0xC0, 0x01, 0xFF, 0x40, 0xFF, 0xFF, 0xFF, 0xF8, 0x00, 0xFF, 0xFF, 0xFE, 0x40, 0x00,
    0x00, 0x00, 0xBE, 0x42, 0x40, 0x00, 0x00, 0x0F, 0xFF, 0xFF, 0x00, 0x00, 0x00, 0x28, 0x0B, 0xE0,
    0x00, 0x00, 0x00, 0x00, 0x00, 0x00, 0x00, 0x3F, 0xF0, 0x00, 0x02, 0xFF, 0xF0, 0xFF, 0xF0, 0x00,
    0x0B, 0xFF, 0xC0, 0x1F, 0xE0, 0x00, 0x00, 0xF0, 0x00, 0x7F, 0xC0, 0x00, 0x03, 0xC0, 0x01, 0xEF,
    0xC0, 0x00, 0x0F, 0x00, 0x07, 0x9F, 0x80, 0x00, 0x3C, 0x00, 0x1E, 0x2F, 0x40, 0x00, 0xF0, 0x00,
    0x78, 0x3F, 0x00, 0x03, 0xC0, 0x01, 0xD0, 0x3F, 0x00, 0x0F, 0x00, 0x07, 0x40, 0x7E, 0x00, 0x3C,
    0x00, 0x1D, 0x00, 0xBD, 0x00, 0xF0, 0x00, 0xB4, 0x00, 0xFC, 0x03, 0xC0, 0x02, 0xD0, 0x01, 0xF8,
    0x0F, 0x00, 0x0B, 0x40, 0x02, 0xF4, 0x3C, 0x00, 0x2D, 0x00, 0x03, 0xF0, 0xF0, 0x00, 0xB4, 0x00,
    0x03, 0xF3, 0xC0, 0x02, 0xD0, 0x00, 0x07, 0xEF, 0x00, 0x0B, 0x40, 0x00, 0x0B, 0xFC, 0x00, 0x2D,
    0x00, 0x00, 0x0F, 0xF0, 0x0F, 0xFF, 0xC0, 0x00, 0x0F, 0xC0, 0x3F, 0xFF, 0x00, 0x00, 0x2F, 0x00,
    0x00, 0x09, 0x00, 0x00, 0x00, 0x00, 0x1F, 0x40, 0x00, 0x00, 0x00, 0x07, 0xE0, 0x00, 0x00, 0x00,
    0x01, 0xF8, 0x00, 0x00, 0x00, 0x00, 0x3E, 0x00, 0x00, 0x00, 0x00, 0x0D, 0x00, 0x00, 0x00, 0x00,
    0x00, 0x00, 0x00, 0x00, 0x06, 0xFF, 0x90, 0x00, 0x00, 0x7F, 0xFF, 0xFD, 0x00, 0x01, 0xFD, 0x00,
    0x7F, 0x80, 0x07, 0xE0, 0x00, 0x0B, 0xE0, 0x0F, 0xC0, 0x00, 0x03, 0xF0, 0x2F, 0x00, 0x00, 0x00,
    0xF8, 0x3F, 0x00, 0x00, 0x00, 0xFC, 0x3D, 0x00, 0x00, 0x00, 0x7D, 0x7D, 0x00, 0x00, 0x00, 0x3D,
    0x7C, 0x00, 0x00, 0x00, 0x3E, 0xBC, 0x00, 0x00, 0x00, 0x3E, 0xBC, 0x00, 0x00, 0x00, 0x3D, 0x7D,
    0x00, 0x00, 0x00, 0x3D, 0x7D, 0x00, 0x00, 0x00, 0x7C, 0x3F, 0x00, 0x00, 0x00, 0xBC, 0x2F, 0x00,
    0x00, 0x00, 0xF8, 0x0F, 0xC0, 0x00, 0x03, 0xF0, 0x07, 0xE0, 0x00, 0x0B, 0xD0, 0x02, 0xFD, 0x00,
    0x7F, 0x80, 0x00, 0x7F, 0xFF, 0xFD, 0x00, 0x00, 0x06, 0xFF, 0x90, 0x00, 0x00, 0x00, 0x00, 0x60,
    0x00, 0x00, 0x00, 0x02, 0xF4, 0x00, 0x00, 0x00, 0x0B, 0xD0, 0x00, 0x00, 0x00, 0x2F, 0x00, 0x00,
    0x00, 0x00, 0xFC, 0x00, 0x00, 0x00, 0x00, 0x60, 0x00, 0x00, 0x00, 0x00, 0x00, 0x00, 0x00, 0x00,
    0x06, 0xFF, 0x90, 0x00, 0x00, 0x7F, 0xFF, 0xFD, 0x00, 0x01, 0xFD, 0x00, 0x7F, 0x80, 0x07, 0xE0,
    0x00, 0x0B, 0xE0, 0x0F, 0xC0, 0x00, 0x03, 0xF0, 0x2F, 0x00, 0x00, 0x00, 0xF8, 0x3F, 0x00, 0x00,
    0x00, 0xFC, 0x3D, 0x00, 0x00, 0x00, 0x7D, 0x7D, 0x00, 0x00, 0x00, 0x3D, 0x7C, 0x00, 0x00, 0x00,
    0x3E, 0xBC, 0x00, 0x00, 0x00, 0x3E, 0xBC, 0x00, 0x00, 0x00, 0x3D, 0x7D, 0x00, 0x00, 0x00, 0x3D,
    0x7D, 0x00, 0x00, 0x00, 0x7C, 0x3F, 0x00, 0x00, 0x00, 0xBC, 0x2F, 0x00, 0x00, 0x00, 0xF8, 0x0F,
    0xC0, 0x00, 0x03, 0xF0, 0x07, 0xE0, 0x00, 0x0B, 0xD0, 0x02, 0xFD, 0x00, 0x7F, 0x80, 0x00, 0x7F,
    0xFF, 0xFD, 0x00, 0x00, 0x06, 0xFF, 0x90, 0x00, 0x00, 0x00, 0x7D, 0x00, 0x00, 0x00, 0x01, 0xFF,
    0x40, 0x00, 0x00, 0x07, 0xC3, 0xE0, 0x00, 0x00, 0x2F, 0x00, 0xF8, 0x00, 0x00, 0x1C, 0x00, 0x34,
    0x00, 0x00, 0x00, 0x00, 0x00, 0x00, 0x00, 0x06, 0xFF, 0x90, 0x00, 0x00, 0x7F, 0xFF, 0xFD, 0x00,
    0x01, 0xFD, 0x00, 0x7F, 0x80, 0x07, 0xE0, 0x00, 0x0B, 0xE0, 0x0F, 0xC0, 0x00, 0x03, 0xF0, 0x2F,
    0x00, 0x00, 0x00, 0xF8, 0x3F, 0x00, 0x00, 0x00, 0xFC, 0x3D, 0x00, 0x00, 0x00, 0x7D, 0x7D, 0x00,
    0x00, 0x00, 0x3D, 0x7C, 0x00, 0x00, 0x00, 0x3E, 0xBC, 0x00, 0x00, 0x00, 0x3E, 0xBC, 0x00, 0x00,
    0x00, 0x3D, 0x7D, 0x00, 0x00, 0x00, 0x3D, 0x7D, 0x00, 0x00, 0x00, 0x7C, 0x3F, 0x00, 0x00, 0x00,
    0xBC, 0x2F, 0x00, 0x00, 0x00, 0xF8, 0x0F, 0xC0, 0x00, 0x03, 0xF0, 0x07, 0xE0, 0x00, 0x0B, 0xD0,
    0x02, 0xFD, 0x00, 0x7F, 0x80, 0x00, 0x7F, 0xFF, 0xFD, 0x00, 0x00, 0x06, 0xFF, 0x90, 0x00, 0x00,
    0x0B, 0xE4, 0x14, 0x00, 0x00, 0x2F, 0xFF, 0xFC, 0x00, 0x00, 0x18, 0x0B, 0xE0, 0x00, 0x00, 0x00,
    0x00, 0x00, 0x00, 0x00, 0x06, 0xFF, 0x90, 0x00, 0x00, 0x7F, 0xFF, 0xFD, 0x00, 0x01, 0xFD, 0x00,
    0x7F, 0x80, 0x07, 0xE0, 0x00, 0x0B, 0xE0, 0x0F, 0xC0, 0x00, 0x03, 0xF0, 0x2F, 0x00, 0x00, 0x00,
    0xF8, 0x3F, 0x00, 0x00, 0x00, 0xFC, 0x3D, 0x00, 0x00, 0x00, 0x7D, 0x7D, 0x00, 0x00, 0x00, 0x3D,
    0x7C, 0x00, 0x00, 0x00, 0x3E, 0xBC, 0x00, 0x00, 0x00, 0x3E, 0xBC, 0x00, 0x00, 0x00, 0x3D, 0x7D,
    0x00, 0x00, 0x00, 0x3D, 0x7D, 0x00, 0x00, 0x00, 0x7C, 0x3F, 0x00, 0x00, 0x00, 0xBC, 0x2F, 0x00,
    0x00, 0x00, 0xF8, 0x0F, 0xC0, 0x00, 0x03, 0xF0, 0x07, 0xE0, 0x00, 0x0B, 0xD0, 0x02, 0xFD, 0x00,
    0x7F, 0x80, 0x00, 0x7F, 0xFF, 0xFD, 0x00, 0x00, 0x06, 0xFF, 0x90, 0x00, 0x00, 0x1F, 0x00, 0xF4,
    0x00, 0x00, 0x3F, 0x81, 0xFC, 0x00, 0x00, 0x1F, 0x00, 0xF4, 0x00, 0x00, 0x00, 0x00, 0x00, 0x00,
    0x00, 0x06, 0xFF, 0x90, 0x00, 0x00, 0x7F, 0xFF, 0xFD, 0x00, 0x01, 0xFD, 0x00, 0x7F, 0x80, 0x07,
    0xE0, 0x00, 0x0B, 0xE0, 0x0F, 0xC0, 0x00, 0x03, 0xF0, 0x2F, 0x00, 0x00, 0x00, 0xF8, 0x3F, 0x00,
    0x00, 0x00, 0xFC, 0x3D, 0x00, 0x00, 0x00, 0x7D, 0x7D, 0x00, 0x00, 0x00, 0x3D, 0x7C, 0x00, 0x00,
    0x00, 0x3E, 0xBC, 0x00, 0x00, 0x00, 0x3E, 0xBC, 0x00, 0x00, 0x00, 0x3D, 0x7D, 0x00, 0x00, 0x00,
    0x3D, 0x7D, 0x00, 0x00, 0x00, 0x7C, 0x3F, 0x00, 0x00, 0x00, 0xBC, 0x2F, 0x00, 0x00, 0x00, 0xF8,
    0x0F, 0xC0, 0x00, 0x03, 0xF0, 0x07, 0xE0, 0x00, 0x0B, 0xD0, 0x02, 0xFD, 0x00, 0x7F, 0x80, 0x00,
    0x7F, 0xFF, 0xFD, 0x00, 0x00, 0x06, 0xFF, 0x90, 0x00, 0x20, 0x00, 0x01, 0x4B, 0xC0, 0x00, 0x7C,
    0x3F, 0x00, 0x1F, 0x00, 0xFC, 0x07, 0xC0, 0x03, 0xF1, 0xF0, 0x00, 0x0F, 0xFC, 0x00, 0x00, 0x3F,
    0x40, 0x00, 0x07, 0xFC, 0x00, 0x01, 0xF7, 0xF0, 0x00, 0x7C, 0x0F, 0xC0, 0x1F, 0x00, 0x3F, 0x07,
    0xC0, 0x00, 0xFC, 0x70, 0x00, 0x03, 0x80, 0x00, 0x00, 0x00, 0x00, 0x00, 0x00, 0x00, 0x60, 0x00,
    0x00, 0x00, 0x00, 0xF0, 0x00, 0x06, 0xFF, 0x93, 0xD0, 0x00, 0x7F, 0xFF, 0xFF, 0xC0, 0x01, 0xFD,
    0x00, 0x7F, 0x80, 0x07, 0xE0, 0x00, 0x2F, 0xE0, 0x0F, 0xC0, 0x00, 0x7F, 0xF0, 0x2F, 0x00, 0x00,
    0xF4, 0xF8, 0x3F, 0x00, 0x01, 0xE0, 0xFC, 0x3D, 0x00, 0x03, 0xC0, 0x7D, 0x7D, 0x00, 0x0B, 0x40,
    0x3D, 0x7C, 0x00, 0x1F, 0x00, 0x3E, 0xBC, 0x00, 0x3C, 0x00, 0x3E, 0x7C, 0x00, 0xB8, 0x00, 0x3D,
    0x7D, 0x00, 0xF0, 0x00, 0x3D, 0x7E, 0x03, 0xD0, 0x00, 0x7C, 0x3F, 0x07, 0x80, 0x00, 0xBC, 0x2F,
    0x0F, 0x00, 0x00, 0xF8, 0x0F, 0xED, 0x00, 0x03, 0xF0, 0x0B, 0xFC, 0x00, 0x0B, 0xD0, 0x02, 0xFE,
    0x00, 0x7F, 0x80, 0x02, 0xFF, 0xFF, 0xFD, 0x00, 0x07, 0xC6, 0xFF, 0x90, 0x00, 0x0F, 0x00, 0x00,
    0x00, 0x00, 0x09, 0x00, 0x00, 0x00, 0x00, 0x00, 0x02, 0x40, 0x00, 0x00, 0x00, 0x00, 0x7D, 0x00,
    0x00, 0x00, 0x00, 0x01, 0xF8, 0x00, 0x00, 0x00, 0x00, 0x07, 0xE0, 0x00, 0x00, 0x00, 0x00, 0x0F,
    0x80, 0x00, 0x00, 0x00, 0x00, 0x30, 0x00, 0x00, 0x00, 0x00, 0x00, 0x00, 0x00, 0x03, 0xFF, 0xF0,
    0x00, 0xFF, 0xFC, 0x3F, 0xFF, 0x00, 0x0F, 0xFF, 0xC0, 0x2F, 0x00, 0x00, 0x07, 0xC0, 0x02, 0xE0,
    0x00, 0x00, 0x7C, 0x00, 0x2E, 0x00, 0x00, 0x07, 0xC0, 0x02, 0xE0, 0x00, 0x00, 0x7C, 0x00, 0x2E,
    0x00, 0x00, 0x07, 0xC0, 0x03, 0xE0, 0x00, 0x00, 0x7C, 0x00, 0x3E, 0x00, 0x00, 0x07, 0xC0, 0x03,
    0xE0, 0x00, 0x00, 0x7C, 0x00, 0x3E, 0x00, 0x00, 0x07, 0xC0, 0x03, 0xE0, 0x00, 0x00, 0x7C, 0x00,
    0x3E, 0x00, 0x00, 0x07, 0xC0, 0x03, 0xE0, 0x00, 0x00, 0x7C, 0x00, 0x2F, 0x00, 0x00, 0x0B, 0x80,
    0x02, 0xF0, 0x00, 0x00, 0xB8, 0x00, 0x1F, 0x00, 0x00, 0x0F, 0x40, 0x00, 0xF8, 0x00, 0x02, 0xF0,
    0x00, 0x0B, 0xF4, 0x01, 0xBD, 0x00, 0x00, 0x2F, 0xFF, 0xFF, 0x40, 0x00, 0x00, 0x2F, 0xFE, 0x40,
    0x00, 0x00, 0x00, 0x00, 0x18, 0x00, 0x00, 0x00, 0x00, 0x0B, 0xD0, 0x00, 0x00, 0x00, 0x02, 0xF4,
    0x00, 0x00, 0x00, 0x00, 0xBC, 0x00, 0x00, 0x00, 0x00, 0x3F, 0x00, 0x00, 0x00, 0x00, 0x01, 0x80,
    0x00, 0x00, 0x00, 0x00, 0x00, 0x00, 0x00, 0x03, 0xFF, 0xF0, 0x00, 0xFF, 0xFC, 0x3F, 0xFF, 0x00,
    0x0F, 0xFF, 0xC0, 0x2F, 0x00, 0x00, 0x07, 0xC0, 0x02, 0xE0, 0x00, 0x00, 0x7C, 0x00, 0x2E, 0x00,
    0x00, 0x07, 0xC0, 0x02, 0xE0, 0x00, 0x00, 0x7C, 0x00, 0x2E, 0x00, 0x00, 0x07, 0xC0, 0x03, 0xE0,
    0x00, 0x00, 0x7C, 0x00, 0x3E, 0x00, 0x00, 0x07, 0xC0, 0x03, 0xE0, 0x00, 0x00, 0x7C, 0x00, 0x3E,
    0x00, 0x00, 0x07, 0xC0, 0x03, 0xE0, 0x00, 0x00, 0x7C, 0x00, 0x3E, 0x00, 0x00, 0x07, 0xC0, 0x03,
    0xE0, 0x00, 0x00, 0x7C, 0x00, 0x2F, 0x00, 0x00, 0x0B, 0x80, 0x02, 0xF0, 0x00, 0x00, 0xB8, 0x00,
    0x1F, 0x00, 0x00, 0x0F, 0x40, 0x00, 0xF8, 0x00, 0x02, 0xF0, 0x00, 0x0B, 0xF4, 0x01, 0xBD, 0x00,
    0x00, 0x2F, 0xFF, 0xFF, 0x40, 0x00, 0x00, 0x2F, 0xFE, 0x40, 0x00, 0x00, 0x00, 0x1F, 0x40, 0x00,
    0x00, 0x00, 0x07, 0xFD, 0x00, 0x00, 0x00, 0x01, 0xF0, 0xF8, 0x00, 0x00, 0x00, 0xBC, 0x03, 0xE0,
    0x00, 0x00, 0x07, 0x00, 0x0D, 0x00, 0x00, 0x00, 0x00, 0x00, 0x00, 0x00, 0x3F, 0xFF, 0x00, 0x0F,
    0xFF, 0xC3, 0xFF, 0xF0, 0x00, 0xFF, 0xFC, 0x02, 0xF0, 0x00, 0x00, 0x7C, 0x00, 0x2E, 0x00, 0x00,
    0x07, 0xC0, 0x02, 0xE0, 0x00, 0x00, 0x7C, 0x00, 0x2E, 0x00, 0x00, 0x07, 0xC0, 0x02, 0xE0, 0x00,
    0x00, 0x7C, 0x00, 0x3E, 0x00, 0x00, 0x07, 0xC0, 0x03, 0xE0, 0x00, 0x00, 0x7C, 0x00, 0x3E, 0x00,
    0x00, 0x07, 0xC0, 0x03, 0xE0, 0x00, 0x00, 0x7C, 0x00, 0x3E, 0x00, 0x00, 0x07, 0xC0, 0x03, 0xE0,
    0x00, 0x00, 0x7C, 0x00, 0x3E, 0x00, 0x00, 0x07, 0xC0, 0x02, 0xF0, 0x00, 0x00, 0xB8, 0x00, 0x2F,
    0x00, 0x00, 0x0B, 0x80, 0x01, 0xF0, 0x00, 0x00, 0xF4, 0x00, 0x0F, 0x80, 0x00, 0x2F, 0x00, 0x00,
    0xBF, 0x40, 0x1B, 0xD0, 0x00, 0x02, 0xFF, 0xFF, 0xF4, 0x00, 0x00, 0x02, 0xFF, 0xE4, 0x00, 0x00,
    0x00, 0x07, 0xC0, 0x3D, 0x00, 0x00, 0x00, 0xFE, 0x07, 0xF0, 0x00, 0x00, 0x07, 0xC0, 0x3D, 0x00,
    0x00, 0x00, 0x00, 0x00, 0x00, 0x00, 0x3F, 0xFF, 0x00, 0x0F, 0xFF, 0xC3, 0xFF, 0xF0, 0x00, 0xFF,
    0xFC, 0x02, 0xF0, 0x00, 0x00, 0x7C, 0x00, 0x2E, 0x00, 0x00, 0x07, 0xC0, 0x02, 0xE0, 0x00, 0x00,
    0x7C, 0x00, 0x2E, 0x00, 0x00, 0x07, 0xC0, 0x02, 0xE0, 0x00, 0x00, 0x7C, 0x00, 0x3E, 0x00, 0x00,
    0x07, 0xC0, 0x03, 0xE0, 0x00, 0x00, 0x7C, 0x00, 0x3E, 0x00, 0x00, 0x07, 0xC0, 0x03, 0xE0, 0x00,
    0x00, 0x7C, 0x00, 0x3E, 0x00, 0x00, 0x07, 0xC0, 0x03, 0xE0, 0x00, 0x00, 0x7C, 0x00, 0x3E, 0x00,
    0x00, 0x07, 0xC0, 0x02, 0xF0, 0x00, 0x00, 0xB8, 0x00, 0x2F, 0x00, 0x00, 0x0B, 0x80, 0x01, 0xF0,
    0x00, 0x00, 0xF4, 0x00, 0x0F, 0x80, 0x00, 0x2F, 0x00, 0x00, 0xBF, 0x40, 0x1B, 0xD0, 0x00, 0x02,
    0xFF, 0xFF, 0xF4, 0x00, 0x00, 0x02, 0xFF, 0xE4, 0x00, 0x00, 0x00, 0x00, 0x00, 0x18, 0x00, 0x00,
    0x00, 0x00, 0x1F, 0x40, 0x00, 0x00, 0x00, 0x2F, 0x40, 0x00, 0x00, 0x00, 0x2F, 0x40, 0x00, 0x00,
    0x00, 0x3F, 0x00, 0x00, 0x00, 0x00, 0x07, 0x00, 0x00, 0x00, 0x00, 0x00, 0x00, 0x00, 0x03, 0xFF,
    0xF4, 0x00, 0x3F, 0xFE, 0xFF, 0xFD, 0x00, 0x0F, 0xFF, 0x81, 0xF8, 0x00, 0x00, 0x3E, 0x00, 0x2F,
    0x40, 0x00, 0x2F, 0x00, 0x03, 0xF0, 0x00, 0x1F, 0x00, 0x00, 0x7E, 0x00, 0x0F, 0x40, 0x00, 0x0B,
    0xD0, 0x0B, 0xC0, 0x00, 0x00, 0xFC, 0x07, 0xC0, 0x00, 0x00, 0x0F, 0x83, 0xD0, 0x00, 0x00, 0x02,
    0xF6, 0xF0, 0x00, 0x00, 0x00, 0x3F, 0xF0, 0x00, 0x00, 0x00, 0x03, 0xF4, 0x00, 0x00, 0x00, 0x00,
    0xBC, 0x00, 0x00, 0x00, 0x00, 0x2F, 0x00, 0x00, 0x00, 0x00, 0x0B, 0xC0, 0x00, 0x00, 0x00, 0x02,
    0xF0, 0x00, 0x00, 0x00, 0x00, 0xBC, 0x00, 0x00, 0x00, 0x00, 0x2F, 0x00, 0x00, 0x00, 0x00, 0x0B,
    0xC0, 0x00, 0x00, 0x00, 0x3F, 0xFF, 0x00, 0x00, 0x00, 0x0F, 0xFF, 0xC0, 0x00, 0xFF, 0xFE, 0x00,
    0x03, 0xFF, 0xF8, 0x00, 0x00, 0x7C, 0x00, 0x00, 0x01, 0xF0, 0x00, 0x00, 0x07, 0xFF, 0xF8, 0x00,
    0x1F, 0xFF, 0xFE, 0x00, 0x7C, 0x01, 0xBE, 0x01, 0xF0, 0x00, 0xBC, 0x07, 0xC0, 0x00, 0xF4, 0x1F,
    0x00, 0x03, 0xE0, 0x7C, 0x00, 0x0F, 0x42, 0xF0, 0x00, 0x3D, 0x0B, 0xC0, 0x02, 0xF0, 0x2F, 0x00,
    0x7F, 0x40, 0xBF, 0xFF, 0xF8, 0x02, 0xFF, 0xFE, 0x00, 0x0B, 0xC0, 0x00, 0x00, 0x2F, 0x00, 0x00,
    0x00, 0xBC, 0x00, 0x00, 0x3F, 0xFF, 0x80, 0x00, 0xFF, 0xFE, 0x00, 0x00, 0x00, 0x01, 0xBF, 0xF4,
    0x00, 0x00, 0x0B, 0xFF, 0xFF, 0x40, 0x00, 0x3F, 0x40, 0x1F, 0xC0, 0x00, 0xBC, 0x00, 0x03, 0xD0,
    0x00, 0xF4, 0x00, 0x03, 0xD0, 0x00, 0xF0, 0x00, 0x03, 0xD0, 0x01, 0xF0, 0x00, 0x0B, 0xC0, 0x01,
    0xF0, 0x00, 0x3F, 0x00, 0x3F, 0xF0, 0x02, 0xF8, 0x00, 0x3F, 0xF0, 0x0B, 0xC0, 0x00, 0x01, 0xF0,
    0x1F, 0x00, 0x00, 0x01, 0xF0, 0x3D, 0x00, 0x00, 0x01, 0xF0, 0x2F, 0x00, 0x00, 0x01, 0xF0, 0x1F,
    0xE0, 0x00, 0x01, 0xF0, 0x07, 0xFF, 0x40, 0x01, 0xF0, 0x00, 0xBF, 0xF0, 0x01, 0xF0, 0x00, 0x02,
    0xF8, 0x01, 0xF0, 0x00, 0x00, 0xBC, 0x01, 0xF0, 0x00, 0x00, 0x3C, 0x02, 0xF0, 0x3C, 0x00, 0x7C,
    0x02, 0xF0, 0x3C, 0x01, 0xF8, 0x2F, 0xFF, 0x3F, 0xFF, 0xF0, 0x2F, 0xFF, 0x3F, 0xFF, 0x40, 0x01,
    0xC0, 0x00, 0x00, 0x0F, 0xC0, 0x00, 0x00, 0x0B, 0xD0, 0x00, 0x00, 0x0B, 0xD0, 0x00, 0x00, 0x07,
    0xD0, 0x00, 0x00, 0x06, 0x00, 0x00, 0x00, 0x00, 0x00, 0x00, 0x00, 0x00, 0x00, 0x00, 0x00, 0x00,
    0x00, 0x1B, 0xFF, 0x80, 0x02, 0xFF, 0xFF, 0xD0, 0x0B, 0x80, 0x1F, 0xC0, 0x2E, 0x00, 0x0F, 0x40,
    0x00, 0x00, 0x3E, 0x00, 0x00, 0x00, 0xB8, 0x00, 0x00, 0x02, 0xE0, 0x00, 0xAF, 0xFF, 0x80, 0x3F,
    0xFF, 0xFD, 0x03, 0xF9, 0x00, 0xB4, 0x0F, 0x40, 0x03, 0xD0, 0x3D, 0x00, 0x1F, 0x40, 0xFD, 0x02,
    0xED, 0x01, 0xFF, 0xFD, 0xBF, 0x80, 0xBF, 0x92, 0xFE, 0x00, 0x00, 0x18, 0x00, 0x00, 0x01, 0xF4,
    0x00, 0x00, 0x2F, 0x40, 0x00, 0x02, 0xF4, 0x00, 0x00, 0x2F, 0x00, 0x00, 0x00, 0x30, 0x00, 0x00,
    0x00, 0x00, 0x00, 0x00, 0x00, 0x00, 0x00, 0x00, 0x00, 0x00, 0x00, 0x1B, 0xFF, 0x80, 0x02, 0xFF,
    0xFF, 0xD0, 0x0B, 0x80, 0x1F, 0xC0, 0x2E, 0x00, 0x0F, 0x40, 0x00, 0x00, 0x3E, 0x00, 0x00, 0x00,
    0xB8, 0x00, 0x00, 0x02, 0xE0, 0x00, 0xAF, 0xFF, 0x80, 0x3F, 0xFF, 0xFD, 0x03, 0xF9, 0x00, 0xB4,
    0x0F, 0x40, 0x03, 0xD0, 0x3D, 0x00, 0x1F, 0x40, 0xFD, 0x02, 0xED, 0x01, 0xFF, 0xFD, 0xBF, 0x80,
    0xBF, 0x92, 0xFE, 0x00, 0x1F, 0x40, 0x00, 0x01, 0xFF, 0x40, 0x00, 0x2F, 0x0F, 0x80, 0x02, 0xF0,
    0x0F, 0x80, 0x07, 0x00, 0x0C, 0x00, 0x00, 0x00, 0x00, 0x00, 0x00, 0x00, 0x00, 0x00, 0x00, 0x00,
    0x00, 0x06, 0xFF, 0xE0, 0x00, 0xBF, 0xFF, 0xF4, 0x02, 0xE0, 0x07, 0xF0, 0x0B, 0x80, 0x03, 0xD0,
    0x00, 0x00, 0x0F, 0x80, 0x00, 0x00, 0x2E, 0x00, 0x00, 0x00, 0xB8, 0x00, 0x2B, 0xFF, 0xE0, 0x0F,
    0xFF, 0xFF, 0x40, 0xFE, 0x40, 0x2D, 0x03, 0xD0, 0x00, 0xF4, 0x0F, 0x40, 0x07, 0xD0, 0x3F, 0x40,
    0xBB, 0x40, 0x7F, 0xFF, 0x6F, 0xE0, 0x2F, 0xE4, 0xBF, 0x80, 0x01, 0xFD, 0x06, 0x00, 0x1F, 0xBF,
    0xFC, 0x00, 0x70, 0x2F, 0xC0, 0x00, 0x00, 0x00, 0x00, 0x00, 0x00, 0x00, 0x00, 0x00, 0x00, 0x00,
    0x00, 0x6F, 0xFE, 0x00, 0x0B, 0xFF, 0xFF, 0x40, 0x2E, 0x00, 0x7F, 0x00, 0xB8, 0x00, 0x3D, 0x00,
    0x00, 0x00, 0xF8, 0x00, 0x00, 0x02, 0xE0, 0x00, 0x00, 0x0B, 0x80, 0x02, 0xBF, 0xFE, 0x00, 0xFF,
    0xFF, 0xF4, 0x0F, 0xE4, 0x02, 0xD0, 0x3D, 0x00, 0x0F, 0x40, 0xF4, 0x00, 0x7D, 0x03, 0xF4, 0x0B,
    0xB4, 0x07, 0xFF, 0xF6, 0xFE, 0x02, 0xFE, 0x4B, 0xF8, 0x07, 0xC0, 0x3D, 0x00, 0x3F, 0x81, 0xFC,
    0x00, 0x7C, 0x03, 0xD0, 0x00, 0x00, 0x00, 0x00, 0x00, 0x00, 0x00, 0x00, 0x00, 0x00, 0x00, 0x00,
    0x6F, 0xFE, 0x00, 0x0B, 0xFF, 0xFF, 0x40, 0x2E, 0x00, 0x7F, 0x00, 0xB8, 0x00, 0x3D, 0x00, 0x00,
    0x00, 0xF8, 0x00, 0x00, 0x02, 0xE0, 0x00, 0x00, 0x0B, 0x80, 0x02, 0xBF, 0xFE, 0x00, 0xFF, 0xFF,
    0xF4, 0x0F, 0xE4, 0x02, 0xD0, 0x3D, 0x00, 0x0F, 0x40, 0xF4, 0x00, 0x7D, 0x03, 0xF4, 0x0B, 0xB4,
    0x07, 0xFF, 0xF6, 0xFE, 0x02, 0xFE, 0x4B, 0xF8, 0x00, 0x2F, 0x80, 0x00, 0x01, 0xEB, 0x40, 0x00,
    0x0F, 0x0F, 0x00, 0x00, 0x3C, 0x3C, 0x00, 0x00, 0x7A, 0xD0, 0x00, 0x00, 0xBD, 0x00, 0x00, 0x00,
    0x00, 0x00, 0x00, 0x00, 0x00, 0x00, 0x00, 0x00, 0x00, 0x00, 0x1B, 0xFF, 0x80, 0x02, 0xFF, 0xFF,
    0xD0, 0x0B, 0x80, 0x1F, 0xC0, 0x2E, 0x00, 0x0F, 0x40, 0x00, 0x00, 0x3E, 0x00, 0x00, 0x00, 0xB8,
    0x00, 0x00, 0x02, 0xE0, 0x00, 0xAF, 0xFF, 0x80, 0x3F, 0xFF, 0xFD, 0x03, 0xF9, 0x00, 0xB4, 0x0F,
    0x40, 0x03, 0xD0, 0x3D, 0x00, 0x1F, 0x40, 0xFD, 0x02, 0xED, 0x01, 0xFF, 0xFD, 0xBF, 0x80, 0xBF,
    0x92, 0xFE, 0x06, 0xFF, 0x90, 0x1B, 0xF9, 0x00, 0xFF, 0xFF, 0xE2, 0xFF, 0xFE, 0x03, 0xC0, 0x07,
    0xEF, 0x40, 0x7E, 0x0F, 0x00, 0x03, 0xF0, 0x00, 0x7C, 0x00, 0x00, 0x0F, 0x80, 0x00, 0xF4, 0x00,
    0x00, 0x3E, 0x05, 0x57, 0xE0, 0x1B, 0xFF, 0xFF, 0xFF, 0xFF, 0x83, 0xFF, 0xFF, 0xFA, 0xAA, 0xA9,
    0x3F, 0x40, 0x0F, 0x40, 0x00, 0x01, 0xF0, 0x00, 0x3E, 0x00, 0x00, 0x07, 0xC0, 0x01, 0xFC, 0x00,
    0x00, 0x1F, 0x00, 0x0F, 0xF8, 0x00, 0x00, 0x3F, 0x41, 0xF5, 0xF9, 0x01, 0xB0, 0x7F, 0xFF, 0x81,
    0xFF, 0xFF, 0xC0, 0x2F, 0xE4, 0x00, 0xBF, 0xE4, 0x00, 0x00, 0x6F, 0xF9, 0x00, 0xBF, 0xFF, 0xE0,
    0xFE, 0x01, 0xF8, 0xBC, 0x00, 0x1E, 0x3D, 0x00, 0x07, 0x9F, 0x00, 0x00, 0x0B, 0xC0, 0x00, 0x02,
    0xF0, 0x00, 0x00, 0xBC, 0x00, 0x00, 0x1F, 0x00, 0x00, 0x03, 0xE0, 0x00, 0x00, 0xFD, 0x00, 0x00,
    0x0F, 0xE4, 0x07, 0x80, 0xFF, 0xFF, 0xD0, 0x07, 0xFF, 0x90, 0x00, 0x1C, 0x00, 0x00, 0x07, 0x00,
    0x00, 0x01, 0xF8, 0x00, 0x00, 0x0B, 0x80, 0x00, 0x01, 0xF0, 0x00, 0x50, 0xBC, 0x00, 0x1F, 0xFD,
    0x00, 0x02, 0xFD, 0x00, 0x01, 0x80, 0x00, 0x00, 0x3E, 0x00, 0x00, 0x00, 0xFC, 0x00, 0x00, 0x03,
    0xF0, 0x00, 0x00, 0x0B, 0xC0, 0x00, 0x00, 0x28, 0x00, 0x00, 0x00, 0x00, 0x00, 0x00, 0x00, 0x00,
    0x00, 0x00, 0x00, 0x00, 0x07, 0xFE, 0x40, 0x03, 0xFF, 0xFE, 0x00, 0xFD, 0x02, 0xF4, 0x2F, 0x00,
    0x0B, 0xC3, 0xD0, 0x00, 0x3D, 0x7C, 0x00, 0x03, 0xEB, 0xFF, 0xFF, 0xFE, 0xBF, 0xFF, 0xFF, 0xEB,
    0xC0, 0x00, 0x00, 0x7C, 0x00, 0x00, 0x03, 0xD0, 0x00, 0x00, 0x3F, 0x00, 0x00, 0x00, 0xFE, 0x00,
    0x6C, 0x03, 0xFF, 0xFF, 0xC0, 0x06, 0xFF, 0x90, 0x00, 0x00, 0x28, 0x00, 0x00, 0x0B, 0xC0, 0x00,
    0x02, 0xF0, 0x00, 0x00, 0xFC, 0x00, 0x00, 0x3F, 0x00, 0x00, 0x01, 0x80, 0x00, 0x00, 0x00, 0x00,
    0x00, 0x00, 0x00, 0x00, 0x00, 0x00, 0x00, 0x00, 0x07, 0xFE, 0x40, 0x03, 0xFF, 0xFE, 0x00, 0xFD,
    0x02, 0xF4, 0x2F, 0x00, 0x0B, 0xC3, 0xD0, 0x00, 0x3D, 0x7C, 0x00, 0x03, 0xEB, 0xFF, 0xFF, 0xFE,
    0xBF, 0xFF, 0xFF, 0xEB, 0xC0, 0x00, 0x00, 0x7C, 0x00, 0x00, 0x03, 0xD0, 0x00, 0x00, 0x3F, 0x00,
    0x00, 0x00, 0xFE, 0x00, 0x6C, 0x03, 0xFF, 0xFF, 0xC0, 0x06, 0xFF, 0x90, 0x00, 0x1F, 0x40, 0x00,
    0x07, 0xFD, 0x00, 0x01, 0xF0, 0xF8, 0x00, 0xBC, 0x03, 0xE0, 0x03, 0x00, 0x0D, 0x00, 0x00, 0x00,
    0x00, 0x00, 0x00, 0x00, 0x00, 0x00, 0x00, 0x00, 0x00, 0x7F, 0xE4, 0x00, 0x3F, 0xFF, 0xE0, 0x0F,
    0xD0, 0x2F, 0x42, 0xF0, 0x00, 0xBC, 0x3D, 0x00, 0x03, 0xD7, 0xC0, 0x00, 0x3E, 0xBF, 0xFF, 0xFF,
    0xEB, 0xFF, 0xFF, 0xFE, 0xBC, 0x00, 0x00, 0x07, 0xC0, 0x00, 0x00, 0x3D, 0x00, 0x00, 0x03, 0xF0,
    0x00, 0x00, 0x0F, 0xE0, 0x06, 0xC0, 0x3F, 0xFF, 0xFC, 0x00, 0x6F, 0xF9, 0x00, 0x07, 0xC0, 0x3D,
    0x00, 0xBE, 0x07, 0xF0, 0x07, 0xC0, 0x3D, 0x00, 0x00, 0x00, 0x00, 0x00, 0x00, 0x00, 0x00, 0x00,
    0x00, 0x00, 0x00, 0x7F, 0xE4, 0x00, 0x3F, 0xFF, 0xE0, 0x0F, 0xD0, 0x2F, 0x42, 0xF0, 0x00, 0xBC,
    0x3D, 0x00, 0x03, 0xD7, 0xC0, 0x00, 0x3E, 0xBF, 0xFF, 0xFF, 0xEB, 0xFF, 0xFF, 0xFE, 0xBC, 0x00,
    0x00, 0x07, 0xC0, 0x00, 0x00, 0x3D, 0x00, 0x00, 0x03, 0xF0, 0x00, 0x00, 0x0F, 0xE0, 0x06, 0xC0,
    0x3F, 0xFF, 0xFC, 0x00, 0x6F, 0xF9, 0x00, 0x30, 0x00, 0x2F, 0x40, 0x02, 0xF4, 0x00, 0x1F, 0x80,
    0x01, 0xF8, 0x00, 0x0C, 0x00, 0x00, 0x00, 0x00, 0x00, 0x00, 0x00, 0x0F, 0xFC, 0x03, 0xFF, 0x00,
    0x07, 0xC0, 0x01, 0xF0, 0x00, 0x7C, 0x00, 0x1F, 0x00, 0x07, 0xC0, 0x01, 0xF0, 0x00, 0x7C, 0x00,
    0x1F, 0x00, 0x07, 0xC0, 0x02, 0xF0, 0x00, 0xBC, 0x03, 0xFF, 0xF0, 0xFF, 0xFC, 0x00, 0x03, 0x00,
    0x07, 0xE0, 0x07, 0xE0, 0x07, 0xD0, 0x0B, 0xD0, 0x00, 0xC0, 0x00, 0x00, 0x00, 0x00, 0x00, 0x00,
    0x00, 0x0F, 0xFC, 0x03, 0xFF, 0x00, 0x07, 0xC0, 0x01, 0xF0, 0x00, 0x7C, 0x00, 0x1F, 0x00, 0x07,
    0xC0, 0x01, 0xF0, 0x00, 0x7C, 0x00, 0x1F, 0x00, 0x07, 0xC0, 0x02, 0xF0, 0x00, 0xBC, 0x03, 0xFF,
    0xF0, 0xFF, 0xFC, 0x00, 0xFC, 0x00, 0x0F, 0xFC, 0x00, 0xF8, 0xBC, 0x0F, 0x80, 0x7C, 0x28, 0x00,
    0x60, 0x00, 0x00, 0x00, 0x00, 0x00, 0x00, 0x00, 0x00, 0x0F, 0xFC, 0x00, 0x3F, 0xF0, 0x00, 0x07,
    0xC0, 0x00, 0x1F, 0x00, 0x00, 0x7C, 0x00, 0x01, 0xF0, 0x00, 0x07, 0xC0, 0x00, 0x1F, 0x00, 0x00,
    0x7C, 0x00, 0x01, 0xF0, 0x00, 0x07, 0xC0, 0x00, 0x2F, 0x00, 0x00, 0xBC, 0x00, 0x3F, 0xFF, 0x00,
    0xFF, 0xFC, 0x00, 0x2E, 0x01, 0xF1, 0xFC, 0x0F, 0xD2, 0xE0, 0x1F, 0x00, 0x00, 0x00, 0x00, 0x00,
    0x00, 0x00, 0x00, 0x00, 0xFF, 0xC0, 0x03, 0xFF, 0x00, 0x00, 0x7C, 0x00, 0x01, 0xF0, 0x00, 0x07,
    0xC0, 0x00, 0x1F, 0x00, 0x00, 0x7C, 0x00, 0x01, 0xF0, 0x00, 0x07, 0xC0, 0x00, 0x1F, 0x00, 0x00,
    0x7C, 0x00, 0x02, 0xF0, 0x00, 0x0B, 0xC0, 0x03, 0xFF, 0xF0, 0x0F, 0xFF, 0xC0, 0x00, 0x28, 0x06,
    0x00, 0x00, 0xF8, 0xB4, 0x00, 0x01, 0xFF, 0x00, 0x00, 0x03, 0xFE, 0x00, 0x00, 0x78, 0xBD, 0x00,
    0x03, 0x40, 0xFC, 0x00, 0x00, 0x00, 0xFC, 0x00, 0x00, 0x02, 0xF4, 0x00, 0x6F, 0xE3, 0xE0, 0x0F,
    0xFF, 0xFF, 0xC0, 0xFD, 0x01, 0xFF, 0x4B, 0xC0, 0x00, 0xFE, 0x3D, 0x00, 0x01, 0xF9, 0xF0, 0x00,
    0x03, 0xFB, 0xC0, 0x00, 0x0B, 0xEF, 0x00, 0x00, 0x2F, 0xBC, 0x00, 0x00, 0xB9, 0xF0, 0x00, 0x03,
    0xD3, 0xD0, 0x00, 0x1F, 0x0F, 0xC0, 0x00, 0xF8, 0x0F, 0xD0, 0x1F, 0xC0, 0x0F, 0xFF, 0xFC, 0x00,
    0x06, 0xFF, 0x40, 0x00, 0x00, 0x3F, 0x80, 0x80, 0x00, 0x0F, 0xFF, 0xFD, 0x00, 0x00, 0x90, 0x7F,
    0x40, 0x00, 0x00, 0x00, 0x00, 0x00, 0x00, 0x00, 0x00, 0x00, 0x00, 0x00, 0x00, 0x00, 0x00, 0xFF,
    0xC1, 0xFF, 0x80, 0x0F, 0xFC, 0xFF, 0xFF, 0x00, 0x07, 0xFD, 0x02, 0xF8, 0x00, 0x7F, 0x00, 0x0F,
    0xC0, 0x07, 0xD0, 0x00, 0x7C, 0x00, 0x7C, 0x00, 0x07, 0xC0, 0x07, 0xC0, 0x00, 0x3C, 0x00, 0x7C,
    0x00, 0x03, 0xC0, 0x07, 0xC0, 0x00, 0x3C, 0x00, 0x7C, 0x00, 0x07, 0xC0, 0x07, 0xC0, 0x00, 0x7C,
    0x00, 0xBC, 0x00, 0x07, 0xC0, 0x0B, 0xC0, 0x00, 0x7C, 0x07, 0xFF, 0xC0, 0x7F, 0xFC, 0x7F, 0xFC,
    0x07, 0xFF, 0xC0, 0x00, 0xD0, 0x00, 0x00, 0x0B, 0xD0, 0x00, 0x00, 0x07, 0xD0, 0x00, 0x00, 0x07,
    0xE0, 0x00, 0x00, 0x03, 0xE0, 0x00, 0x00, 0x03, 0x00, 0x00, 0x00, 0x00, 0x00, 0x00, 0x00, 0x00,
    0x00, 0x00, 0x00, 0x00, 0x00, 0x01, 0xBF, 0xD0, 0x00, 0x3F, 0xFF, 0xF4, 0x03, 0xF4, 0x07, 0xF4,
    0x2F, 0x00, 0x03, 0xF0, 0xF4, 0x00, 0x07, 0xD7, 0xC0, 0x00, 0x0F, 0xAF, 0x00, 0x00, 0x2F, 0xBC,
    0x00, 0x00, 0xBE, 0xF0, 0x00, 0x02, 0xE7, 0xC0, 0x00, 0x0F, 0x8F, 0x80, 0x00, 0x7D, 0x3F, 0x00,
    0x03, 0xF0, 0x3F, 0x40, 0x7F, 0x00, 0x3F, 0xFF, 0xF0, 0x00, 0x1B, 0xFD, 0x00, 0x00, 0x00, 0x0C,
    0x00, 0x00, 0x00, 0xF8, 0x00, 0x00, 0x1F, 0x80, 0x00, 0x01, 0xF8, 0x00, 0x00, 0x1F, 0x40, 0x00,
    0x00, 0x34, 0x00, 0x00, 0x00, 0x00, 0x00, 0x00, 0x00, 0x00, 0x00, 0x00, 0x00, 0x00, 0x00, 0x01,
    0xBF, 0xD0, 0x00, 0x3F, 0xFF, 0xF4, 0x03, 0xF4, 0x07, 0xF4, 0x2F, 0x00, 0x03, 0xF0, 0xF4, 0x00,
    0x07, 0xD7, 0xC0, 0x00, 0x0F, 0xAF, 0x00, 0x00, 0x2F, 0xBC, 0x00, 0x00, 0xBE, 0xF0, 0x00, 0x02,
    0xE7, 0xC0, 0x00, 0x0F, 0x8F, 0x80, 0x00, 0x7D, 0x3F, 0x00, 0x03, 0xF0, 0x3F, 0x40, 0x7F, 0x00,
    0x3F, 0xFF, 0xF0, 0x00, 0x1B, 0xFD, 0x00, 0x00, 0x0B, 0xC0, 0x00, 0x00, 0xFF, 0xC0, 0x00, 0x0F,
    0x87, 0xC0, 0x00, 0xF8, 0x07, 0xD0, 0x02, 0x80, 0x06, 0x00, 0x00, 0x00, 0x00, 0x00, 0x00, 0x00,
    0x00, 0x00, 0x00, 0x00, 0x00, 0x00, 0x6F, 0xF4, 0x00, 0x0F, 0xFF, 0xFD, 0x00, 0xFD, 0x01, 0xFD,
    0x0B, 0xC0, 0x00, 0xFC, 0x3D, 0x00, 0x01, 0xF5, 0xF0, 0x00, 0x03, 0xEB, 0xC0, 0x00, 0x0B, 0xEF,
    0x00, 0x00, 0x2F, 0xBC, 0x00, 0x00, 0xB9, 0xF0, 0x00, 0x03, 0xE3, 0xE0, 0x00, 0x1F, 0x4F, 0xC0,
    0x00, 0xFC, 0x0F, 0xD0, 0x1F, 0xC0, 0x0F, 0xFF, 0xFC, 0x00, 0x06, 0xFF, 0x40, 0x00, 0x01, 0xFE,
    0x02, 0x00, 0x0F, 0xFF, 0xFD, 0x00, 0x24, 0x1F, 0xD0, 0x00, 0x00, 0x00, 0x00, 0x00, 0x00, 0x00,
    0x00, 0x00, 0x00, 0x00, 0x00, 0x06, 0xFF, 0x40, 0x00, 0xFF, 0xFF, 0xD0, 0x0F, 0xD0, 0x1F, 0xD0,
    0xBC, 0x00, 0x0F, 0xC3, 0xD0, 0x00, 0x1F, 0x5F, 0x00, 0x00, 0x3E, 0xBC, 0x00, 0x00, 0xBE, 0xF0,
    0x00, 0x02, 0xFB, 0xC0, 0x00, 0x0B, 0x9F, 0x00, 0x00, 0x3E, 0x3E, 0x00, 0x01, 0xF4, 0xFC, 0x00,
    0x0F, 0xC0, 0xFD, 0x01, 0xFC, 0x00, 0xFF, 0xFF, 0xC0, 0x00, 0x6F, 0xF4, 0x00, 0x02, 0xE0, 0x1F,
    0x00, 0x0F, 0xC0, 0xFD, 0x00, 0x2E, 0x01, 0xF0, 0x00, 0x00, 0x00, 0x00, 0x00, 0x00, 0x00, 0x00,
    0x00, 0x00, 0x00, 0x00, 0x06, 0xFF, 0x40, 0x00, 0xFF, 0xFF, 0xD0, 0x0F, 0xD0, 0x1F, 0xD0, 0xBC,
    0x00, 0x0F, 0xC3, 0xD0, 0x00, 0x1F, 0x5F, 0x00, 0x00, 0x3E, 0xBC, 0x00, 0x00, 0xBE, 0xF0, 0x00,
    0x02, 0xFB, 0xC0, 0x00, 0x0B, 0x9F, 0x00, 0x00, 0x3E, 0x3E, 0x00, 0x01, 0xF4, 0xFC, 0x00, 0x0F,
    0xC0, 0xFD, 0x01, 0xFC, 0x00, 0xFF, 0xFF, 0xC0, 0x00, 0x6F, 0xF4, 0x00, 0x00, 0x07, 0x80, 0x00,
    0x00, 0x0F, 0xD0, 0x00, 0x00, 0x0F, 0xD0, 0x00, 0x00, 0x07, 0x80, 0x00, 0x00, 0x00, 0x00, 0x00,
    0x00, 0x00, 0x00, 0x00, 0x00, 0x00, 0x00, 0x00, 0xBF, 0xFF, 0xFF, 0xFC, 0xBF, 0xFF, 0xFF, 0xFC,
    0x00, 0x00, 0x00, 0x00, 0x00, 0x00, 0x00, 0x00, 0x00, 0x00, 0x00, 0x00, 0x00, 0x0B, 0xC0, 0x00,
    0x00, 0x0F, 0xD0, 0x00, 0x00, 0x0B, 0xC0, 0x00, 0x00, 0x00, 0x00, 0x90, 0x00, 0x00, 0x07, 0x80,
    0x06, 0xFF, 0xBC, 0x00, 0xFF, 0xFF, 0xE0, 0x0F, 0xD0, 0x2F, 0xD0, 0xBC, 0x00, 0xFF, 0xC3, 0xD0,
    0x0B, 0x9F, 0x5F, 0x00, 0x3C, 0x3E, 0xBC, 0x03, 0xD0, 0xBE, 0xF0, 0x1E, 0x02, 0xFB, 0xC0, 0xF0,
    0x0B, 0x9F, 0x0B, 0x40, 0x3E, 0x3E, 0x78, 0x01, 0xF4, 0xBF, 0xC0, 0x0F, 0xC0, 0xFE, 0x01, 0xFC,
    0x01, 0xFF, 0xFF, 0xC0, 0x0F, 0xAF, 0xF4, 0x00, 0xB8, 0x00, 0x00, 0x01, 0xC0, 0x00, 0x00, 0x00,
    0x00, 0x0C, 0x00, 0x00, 0x00, 0x02, 0xF0, 0x00, 0x00, 0x00, 0x0B, 0xD0, 0x00, 0x00, 0x00, 0x2F,
    0x40, 0x00, 0x00, 0x00, 0x7D, 0x00, 0x00, 0x00, 0x01, 0xC0, 0x00, 0x00, 0x00, 0x00, 0x00, 0x00,
    0x00, 0x00, 0x00, 0x00, 0x00, 0x00, 0x00, 0x00, 0x03, 0xFE, 0x00, 0x3F, 0xE0, 0x3F, 0xE0, 0x03,
    0xFE, 0x00, 0x2E, 0x00, 0x02, 0xE0, 0x02, 0xE0, 0x00, 0x2E, 0x00, 0x2E, 0x00, 0x02, 0xE0, 0x03,
    0xE0, 0x00, 0x2E, 0x00, 0x3E, 0x00, 0x02, 0xE0, 0x03, 0xE0, 0x00, 0x3E, 0x00, 0x3E, 0x00, 0x03,
    0xE0, 0x03, 0xE0, 0x00, 0x3E, 0x00, 0x2F, 0x00, 0x07, 0xE0, 0x02, 0xF0, 0x00, 0xFE, 0x00, 0x0F,
    0xC0, 0x7E, 0xE0, 0x00, 0xBF, 0xFF, 0x2F, 0xE0, 0x01, 0xFF, 0x82, 0xFE, 0x00, 0x00, 0x00, 0xC0,
    0x00, 0x00, 0x00, 0x7E, 0x00, 0x00, 0x00, 0x1F, 0x80, 0x00, 0x00, 0x0B, 0xD0, 0x00, 0x00, 0x02,
    0xF4, 0x00, 0x00, 0x00, 0x0C, 0x00, 0x00, 0x00, 0x00, 0x00, 0x00, 0x00, 0x00, 0x00, 0x00, 0x00,
    0x00, 0x00, 0x00, 0x00, 0x03, 0xFE, 0x00, 0x3F, 0xE0, 0x3F, 0xE0, 0x03, 0xFE, 0x00, 0x2E, 0x00,
    0x02, 0xE0, 0x02, 0xE0, 0x00, 0x2E, 0x00, 0x2E, 0x00, 0x02, 0xE0, 0x03, 0xE0, 0x00, 0x2E, 0x00,
    0x3E, 0x00, 0x02, 0xE0, 0x03, 0xE0, 0x00, 0x3E, 0x00, 0x3E, 0x00, 0x03, 0xE0, 0x03, 0xE0, 0x00,
    0x3E, 0x00, 0x2F, 0x00, 0x07, 0xE0, 0x02, 0xF0, 0x00, 0xFE, 0x00, 0x0F, 0xC0, 0x7E, 0xE0, 0x00,
    0xBF, 0xFF, 0x2F, 0xE0, 0x01, 0xFF, 0x82, 0xFE, 0x00, 0x00, 0xF8, 0x00, 0x00, 0x00, 0x3F, 0xF0,
    0x00, 0x00, 0x0F, 0x4B, 0xC0, 0x00, 0x03, 0xD0, 0x2F, 0x00, 0x00, 0x24, 0x00, 0xA0, 0x00, 0x00,
    0x00, 0x00, 0x00, 0x00, 0x00, 0x00, 0x00, 0x00, 0x00, 0x00, 0x00, 0x00, 0x3F, 0xE0, 0x03, 0xFE,
    0x03, 0xFE, 0x00, 0x3F, 0xE0, 0x02, 0xE0, 0x00, 0x2E, 0x00, 0x2E, 0x00, 0x02, 0xE0, 0x02, 0xE0,
    0x00, 0x2E, 0x00, 0x3E, 0x00, 0x02, 0xE0, 0x03, 0xE0, 0x00, 0x2E, 0x00, 0x3E, 0x00, 0x03, 0xE0,
    0x03, 0xE0, 0x00, 0x3E, 0x00, 0x3E, 0x00, 0x03, 0xE0, 0x02, 0xF0, 0x00, 0x7E, 0x00, 0x2F, 0x00,
    0x0F, 0xE0, 0x00, 0xFC, 0x07, 0xEE, 0x00, 0x0B, 0xFF, 0xF2, 0xFE, 0x00, 0x1F, 0xF8, 0x2F, 0xE0,
    0x00, 0x3D, 0x02, 0xE0, 0x00, 0x07, 0xF0, 0x3F, 0x00, 0x00, 0x3D, 0x02, 0xE0, 0x00, 0x00, 0x00,
    0x00, 0x00, 0x00, 0x00, 0x00, 0x00, 0x00, 0x00, 0x00, 0x00, 0x00, 0x3F, 0xE0, 0x03, 0xFE, 0x03,
    0xFE, 0x00, 0x3F, 0xE0, 0x02, 0xE0, 0x00, 0x2E, 0x00, 0x2E, 0x00, 0x02, 0xE0, 0x02, 0xE0, 0x00,
    0x2E, 0x00, 0x3E, 0x00, 0x02, 0xE0, 0x03, 0xE0, 0x00, 0x2E, 0x00, 0x3E, 0x00, 0x03, 0xE0, 0x03,
    0xE0, 0x00, 0x3E, 0x00, 0x3E, 0x00, 0x03, 0xE0, 0x02, 0xF0, 0x00, 0x7E, 0x00, 0x2F, 0x00, 0x0F,
    0xE0, 0x00, 0xFC, 0x07, 0xEE, 0x00, 0x0B, 0xFF, 0xF2, 0xFE, 0x00, 0x1F, 0xF8, 0x2F, 0xE0, 0x00,
    0x00, 0x02, 0x40, 0x00, 0x00, 0x03, 0xF0, 0x00, 0x00, 0x03, 0xF0, 0x00, 0x00, 0x03, 0xE0, 0x00,
    0x00, 0x03, 0xE0, 0x00, 0x00, 0x00, 0x90, 0x00, 0x00, 0x00, 0x00, 0x00, 0x00, 0x00, 0x00, 0x00,
    0x00, 0x00, 0x00, 0x00, 0x00, 0x2F, 0xFE, 0x02, 0xFF, 0xDB, 0xFF, 0x80, 0xBF, 0xF4, 0x2F, 0x00,
    0x02, 0xE0, 0x07, 0xD0, 0x00, 0xF0, 0x00, 0xF8, 0x00, 0x7C, 0x00, 0x1F, 0x00, 0x3D, 0x00, 0x03,
    0xE0, 0x0F, 0x00, 0x00, 0xBC, 0x0B, 0x80, 0x00, 0x0F, 0x43, 0xD0, 0x00, 0x03, 0xE1, 0xF0, 0x00,
    0x00, 0x7C, 0xB8, 0x00, 0x00, 0x0F, 0x7C, 0x00, 0x00, 0x02, 0xFF, 0x00, 0x00, 0x00, 0x3F, 0x40,
    0x00, 0x00, 0x0F, 0xC0, 0x00, 0x00, 0x02, 0xE0, 0x00, 0x00, 0x00, 0xF0, 0x00, 0x00, 0x00, 0xB8,
    0x00, 0x00, 0x00, 0x7C, 0x00, 0x00, 0x00, 0xBD, 0x00, 0x00, 0x1F, 0xFE, 0x00, 0x00, 0x07, 0xF9,
    0x00, 0x00, 0x00, 0x15, 0x50, 0x00, 0x00, 0x0F, 0xFC, 0x00, 0x00, 0x02, 0xBF, 0x00, 0x00, 0x00,
    0x0B, 0xC0, 0x00, 0x00, 0x02, 0xF0, 0x00, 0x00, 0x00, 0xBC, 0x00, 0x00, 0x00, 0x2F, 0x00, 0x00,
    0x00, 0x0B, 0xC0, 0x14, 0x00, 0x02, 0xE1, 0xFF, 0xE0, 0x00, 0xB9, 0xD0, 0x2F, 0x00, 0x2E, 0xC0,
    0x02, 0xF0, 0x0B, 0xD0, 0x00, 0x3D, 0x02, 0xF0, 0x00, 0x0F, 0x80, 0xBC, 0x00, 0x02, 0xF0, 0x2F,
    0x00, 0x00, 0xBC, 0x0B, 0xC0, 0x00, 0x2F, 0x02, 0xF0, 0x00, 0x0F, 0xC0, 0xBC, 0x00, 0x03, 0xE0,
    0x2F, 0x00, 0x02, 0xF0, 0x0B, 0x80, 0x01, 0xFC, 0x02, 0xF4, 0x02, 0xFC, 0x00, 0xBF, 0xFF, 0xFC,
    0x00, 0x2F, 0xFF, 0xF8, 0x00, 0x0B, 0xC1, 0x40, 0x00, 0x02, 0xF0, 0x00, 0x00, 0x00, 0xB8, 0x00,
    0x00, 0x00, 0x2E, 0x00, 0x00, 0x00, 0x0B, 0x80, 0x00, 0x00, 0x1B, 0xFA, 0x00, 0x00, 0x0F, 0xFF,
    0xC0, 0x00, 0x00, 0x55, 0x50, 0x00, 0x00, 0x00, 0xF4, 0x0B, 0x80, 0x00, 0x7F, 0x03, 0xF0, 0x00,
    0x0F, 0x40, 0xB8, 0x00, 0x00, 0x00, 0x00, 0x00, 0x00, 0x00, 0x00, 0x00, 0x00, 0x00, 0x00, 0x00,
    0x0B, 0xFF, 0x80, 0xBF, 0xF6, 0xFF, 0xE0, 0x2F, 0xFD, 0x0B, 0xC0, 0x00, 0xB8, 0x01, 0xF4, 0x00,
    0x3C, 0x00, 0x3E, 0x00, 0x1F, 0x00, 0x07, 0xC0, 0x0F, 0x40, 0x00, 0xF8, 0x03, 0xC0, 0x00, 0x2F,
    0x02, 0xE0, 0x00, 0x03, 0xD0, 0xF4, 0x00, 0x00, 0xF8, 0x7C, 0x00, 0x00, 0x1F, 0x2E, 0x00, 0x00,
    0x03, 0xDF, 0x00, 0x00, 0x00, 0xBF, 0xC0, 0x00, 0x00, 0x0F, 0xD0, 0x00, 0x00, 0x03, 0xF0, 0x00,
    0x00, 0x00, 0xB8, 0x00, 0x00, 0x00, 0x3C, 0x00, 0x00, 0x00, 0x2E, 0x00, 0x00, 0x00, 0x1F, 0x00,
    0x00, 0x00, 0x2F, 0x40, 0x00, 0x07, 0xFF, 0x80, 0x00, 0x01, 0xFE, 0x40, 0x00, 0x00, 0x00, 0x03,
    0xFF, 0xFC, 0x00, 0x00, 0x00, 0x3F, 0xFF, 0xC0, 0x00, 0x00, 0x00, 0x00, 0x00, 0x00, 0x00, 0x00,
    0x01, 0xF8, 0x00, 0x00, 0x00, 0x00, 0x3F, 0xC0, 0x00, 0x00, 0x00, 0x07, 0xBD, 0x00, 0x00, 0x00,
    0x00, 0xB7, 0xE0, 0x00, 0x00, 0x00, 0x0F, 0x1F, 0x00, 0x00, 0x00, 0x01, 0xE0, 0xF4, 0x00, 0x00,
    0x00, 0x3D, 0x0F, 0x80, 0x00, 0x00, 0x07, 0xC0, 0x7C, 0x00, 0x00, 0x00, 0xB8, 0x03, 0xD0, 0x00,
    0x00, 0x0F, 0x00, 0x3F, 0x00, 0x00, 0x01, 0xF0, 0x02, 0xF0, 0x00, 0x00, 0x3F, 0xFF, 0xFF, 0x80,
    0x00, 0x03, 0xFF, 0xFF, 0xFC, 0x00, 0x00, 0xBC, 0x00, 0x0B, 0xD0, 0x00, 0x0F, 0x40, 0x00, 0x3E,
    0x00, 0x01, 0xF0, 0x00, 0x03, 0xF0, 0x00, 0x3E, 0x00, 0x00, 0x1F, 0x40, 0x03, 0xC0, 0x00, 0x00,
    0xF8, 0x00, 0xB8, 0x00, 0x00, 0x0B, 0xC0, 0xBF, 0xFC, 0x00, 0x0B, 0xFF, 0xCB, 0xFF, 0xC0, 0x00,
    0xBF, 0xFC, 0x07, 0xFF, 0xFC, 0x00, 0x1F, 0xFF, 0xF0, 0x00, 0x00, 0x00, 0x00, 0x00, 0x00, 0x00,
    0x00, 0x00, 0x00, 0x00, 0x00, 0x1B, 0xFF, 0x80, 0x02, 0xFF, 0xFF, 0xD0, 0x0B, 0x80, 0x1F, 0xC0,
    0x2E, 0x00, 0x0F, 0x40, 0x00, 0x00, 0x3E, 0x00, 0x00, 0x00, 0xB8, 0x00, 0x00, 0x02, 0xE0, 0x00,
    0xAF, 0xFF, 0x80, 0x3F, 0xFF, 0xFD, 0x03, 0xF9, 0x00, 0xB4, 0x0F, 0x40, 0x03, 0xD0, 0x3D, 0x00,
    0x1F, 0x40, 0xFD, 0x02, 0xED, 0x01, 0xFF, 0xFD, 0xBF, 0x80, 0xBF, 0x92, 0xFE, 0x00, 0x07, 0x00,
    0x0D, 0x00, 0x00, 0x00, 0x78, 0x01, 0xE0, 0x00, 0x00, 0x03, 0xD0, 0x7C, 0x00, 0x00, 0x00, 0x1F,
    0xFF, 0x80, 0x00, 0x00, 0x00, 0x7F, 0xD0, 0x00, 0x00, 0x00, 0x00, 0x00, 0x00, 0x00, 0x00, 0x00,
    0x1F, 0x80, 0x00, 0x00, 0x00, 0x03, 0xFC, 0x00, 0x00, 0x00, 0x00, 0x7B, 0xD0, 0x00, 0x00, 0x00,
    0x0B, 0x7E, 0x00, 0x00, 0x00, 0x00, 0xF1, 0xF0, 0x00, 0x00, 0x00, 0x1E, 0x0F, 0x40, 0x00, 0x00,
    0x03, 0xD0, 0xF8, 0x00, 0x00, 0x00, 0x7C, 0x07, 0xC0, 0x00, 0x00, 0x0B, 0x80, 0x3D, 0x00, 0x00,
    0x00, 0xF0, 0x03, 0xF0, 0x00, 0x00, 0x1F, 0x00, 0x2F, 0x00, 0x00, 0x03, 0xFF, 0xFF, 0xF8, 0x00,
    0x00, 0x3F, 0xFF, 0xFF, 0xC0, 0x00, 0x0B, 0xC0, 0x00, 0xBD, 0x00, 0x00, 0xF4, 0x00, 0x03, 0xE0,
    0x00, 0x1F, 0x00, 0x00, 0x3F, 0x00, 0x03, 0xE0, 0x00, 0x01, 0xF4, 0x00, 0x3C, 0x00, 0x00, 0x0F,
    0x80, 0x0B, 0x80, 0x00, 0x00, 0xBC, 0x0B, 0xFF, 0xC0, 0x00, 0xBF, 0xFC, 0xBF, 0xFC, 0x00, 0x0B,
    0xFF, 0xC0, 0x0B, 0x00, 0x1D, 0x00, 0x2D, 0x00, 0xB4, 0x00, 0x3D, 0x07, 0xC0, 0x00, 0xBF, 0xFD,
    0x00, 0x00, 0x7F, 0x80, 0x00, 0x00, 0x00, 0x00, 0x00, 0x00, 0x00, 0x00, 0x00, 0x00, 0x00, 0x00,
    0x06, 0xFF, 0xE0, 0x00, 0xBF, 0xFF, 0xF4, 0x02, 0xE0, 0x07, 0xF0, 0x0B, 0x80, 0x03, 0xD0, 0x00,
    0x00, 0x0F, 0x80, 0x00, 0x00, 0x2E, 0x00, 0x00, 0x00, 0xB8, 0x00, 0x2B, 0xFF, 0xE0, 0x0F, 0xFF,
    0xFF, 0x40, 0xFE, 0x40, 0x2D, 0x03, 0xD0, 0x00, 0xF4, 0x0F, 0x40, 0x07, 0xD0, 0x3F, 0x40, 0xBB,
    0x40, 0x7F, 0xFF, 0x6F, 0xE0, 0x2F, 0xE4, 0xBF, 0x80, 0x00, 0x00, 0x1F, 0x80, 0x00, 0x00, 0x00,
    0x03, 0xFC, 0x00, 0x00, 0x00, 0x00, 0x7B, 0xD0, 0x00, 0x00, 0x00, 0x0B, 0x7E, 0x00, 0x00, 0x00,
    0x00, 0xF1, 0xF0, 0x00, 0x00, 0x00, 0x1E, 0x0F, 0x40, 0x00, 0x00, 0x03, 0xD0, 0xF8, 0x00, 0x00,
    0x00, 0x7C, 0x07, 0xC0, 0x00, 0x00, 0x0B, 0x80, 0x3D, 0x00, 0x00, 0x00, 0xF0, 0x03, 0xF0, 0x00,
    0x00, 0x1F, 0x00, 0x2F, 0x00, 0x00, 0x03, 0xFF, 0xFF, 0xF8, 0x00, 0x00, 0x3F, 0xFF, 0xFF, 0xC0,
    0x00, 0x0B, 0xC0, 0x00, 0xBD, 0x00, 0x00, 0xF4, 0x00, 0x03, 0xE0, 0x00, 0x1F, 0x00, 0x00, 0x3F,
    0x00, 0x03, 0xE0, 0x00, 0x01, 0xF4, 0x00, 0x3C, 0x00, 0x00, 0x0F, 0x80, 0x0B, 0x80, 0x00, 0x00,
    0xBC, 0x0B, 0xFF, 0xC0, 0x00, 0xBF, 0xFC, 0xBF, 0xFC, 0x00, 0x0B, 0xFF, 0xC0, 0x00, 0x00, 0x00,
    0x00, 0xF0, 0x00, 0x00, 0x00, 0x00, 0x7C, 0x00, 0x00, 0x00, 0x00, 0x0F, 0x00, 0x00, 0x00, 0x00,
    0x00, 0xF0, 0x00, 0x00, 0x00, 0x00, 0x0F, 0x40, 0x00, 0x00, 0x00, 0x00, 0x7F, 0xC0, 0x06, 0xFF,
    0xE0, 0x00, 0xBF, 0xFF, 0xF4, 0x02, 0xE0, 0x07, 0xF0, 0x0B, 0x80, 0x03, 0xD0, 0x00, 0x00, 0x0F,
    0x80, 0x00, 0x00, 0x2E, 0x00, 0x00, 0x00, 0xB8, 0x00, 0x2B, 0xFF, 0xE0, 0x0F, 0xFF, 0xFF, 0x40,
    0xFE, 0x40, 0x2D, 0x03, 0xD0, 0x00, 0xF4, 0x0F, 0x40, 0x07, 0xD0, 0x3F, 0x40, 0xBB, 0x40, 0x7F,
    0xFF, 0x6F, 0xE0, 0x2F, 0xE4, 0xBF, 0x80, 0x00, 0x00, 0xB0, 0x00, 0x00, 0x0F, 0x00, 0x00, 0x00,
    0xB4, 0x00, 0x00, 0x03, 0xC0, 0x00, 0x00, 0x0F, 0x40, 0x00, 0x00, 0x3F, 0xF0, 0x00, 0x00, 0x2F,
    0xC0, 0x00, 0x00, 0x00, 0x34, 0x00, 0x00, 0x00, 0x0F, 0xC0, 0x00, 0x00, 0x03, 0xE0, 0x00, 0x00,
    0x01, 0xF8, 0x00, 0x00, 0x00, 0x7D, 0x00, 0x00, 0x00, 0x02, 0x40, 0x00, 0x00, 0x00, 0x00, 0x00,
    0x00, 0x00, 0x1B, 0xFF, 0xA4, 0x00, 0x2F, 0xFF, 0xFF, 0xD0, 0x0F, 0xF4, 0x00, 0x3D, 0x03, 0xF4,
    0x00, 0x03, 0xD0, 0xFC, 0x00, 0x00, 0x3D, 0x1F, 0x40, 0x00, 0x00, 0x03, 0xF0, 0x00, 0x00, 0x00,
    0x3E, 0x00, 0x00, 0x00, 0x07, 0xD0, 0x00, 0x00, 0x00, 0x7C, 0x00, 0x00, 0x00, 0x0B, 0xC0, 0x00,
    0x00, 0x00, 0x7C, 0x00, 0x00, 0x00, 0x07, 0xD0, 0x00, 0x00, 0x00, 0x7E, 0x00, 0x00, 0x00, 0x03,
    0xF0, 0x00, 0x00, 0x00, 0x2F, 0x40, 0x00, 0x03, 0xC0, 0xFC, 0x00, 0x00, 0x3C, 0x07, 0xF0, 0x00,
    0x03, 0xC0, 0x2F, 0xE4, 0x00, 0x3C, 0x00, 0x7F, 0xFF, 0xFF, 0xC0, 0x00, 0x6F, 0xFF, 0xFC, 0x00,
    0x00, 0x09, 0x00, 0x00, 0x0B, 0xC0, 0x00, 0x0F, 0xC0, 0x00, 0x0F, 0xC0, 0x00, 0x0F, 0x80, 0x00,
    0x02, 0x80, 0x00, 0x00, 0x00, 0x00, 0x00, 0x00, 0x00, 0x00, 0x00, 0x00, 0x00, 0x1B, 0xFE, 0x40,
    0x2F, 0xFF, 0xF8, 0x3F, 0x80, 0x7E, 0x2F, 0x00, 0x07, 0x8F, 0x80, 0x01, 0xE7, 0xC0, 0x00, 0x02,
    0xF0, 0x00, 0x00, 0xBC, 0x00, 0x00, 0x2F, 0x00, 0x00, 0x07, 0xC0, 0x00, 0x00, 0xF8, 0x00, 0x00,
    0x2F, 0x40, 0x00, 0x03, 0xF9, 0x01, 0xE0, 0x3F, 0xFF, 0xF4, 0x01, 0xBF, 0xE0, 0x00, 0x00, 0x0F,
    0x80, 0x00, 0x00, 0x07, 0xFE, 0x00, 0x00, 0x01, 0xF4, 0xF8, 0x00, 0x00, 0x7C, 0x02, 0xF0, 0x00,
    0x03, 0x00, 0x09, 0x00, 0x00, 0x00, 0x00, 0x00, 0x00, 0x01, 0xBF, 0xFA, 0x40, 0x02, 0xFF, 0xFF,
    0xFD, 0x00, 0xFF, 0x40, 0x03, 0xD0, 0x3F, 0x40, 0x00, 0x3D, 0x0F, 0xC0, 0x00, 0x03, 0xD1, 0xF4,
    0x00, 0x00, 0x00, 0x3F, 0x00, 0x00, 0x00, 0x03, 0xE0, 0x00, 0x00, 0x00, 0x7D, 0x00, 0x00, 0x00,
    0x07, 0xC0, 0x00, 0x00, 0x00, 0xBC, 0x00, 0x00, 0x00, 0x07, 0xC0, 0x00, 0x00, 0x00, 0x7D, 0x00,
    0x00, 0x00, 0x07, 0xE0, 0x00, 0x00, 0x00, 0x3F, 0x00, 0x00, 0x00, 0x02, 0xF4, 0x00, 0x00, 0x3C,
    0x0F, 0xC0, 0x00, 0x03, 0xC0, 0x7F, 0x00, 0x00, 0x3C, 0x02, 0xFE, 0x40, 0x03, 0xC0, 0x07, 0xFF,
    0xFF, 0xFC, 0x00, 0x06, 0xFF, 0xFF, 0xC0, 0x00, 0x07, 0xD0, 0x00, 0x01, 0xFF, 0x40, 0x00, 0x7C,
    0x3E, 0x00, 0x2F, 0x00, 0xF8, 0x01, 0xC0, 0x03, 0x40, 0x00, 0x00, 0x00, 0x00, 0x00, 0x00, 0x00,
    0x00, 0x00, 0x00, 0x00, 0x6F, 0xF9, 0x00, 0x2F, 0xFF, 0xF8, 0x0F, 0xE0, 0x1F, 0x82, 0xF0, 0x00,
    0x78, 0x3E, 0x00, 0x07, 0x87, 0xC0, 0x00, 0x00, 0xBC, 0x00, 0x00, 0x0B, 0xC0, 0x00, 0x00, 0xBC,
    0x00, 0x00, 0x07, 0xC0, 0x00, 0x00, 0x3E, 0x00, 0x00, 0x02, 0xF4, 0x00, 0x00, 0x0F, 0xE4, 0x07,
    0x80, 0x3F, 0xFF, 0xF4, 0x00, 0x6F, 0xF8, 0x00, 0x00, 0x00, 0x0F, 0x40, 0x00, 0x00, 0x01, 0xFC,
    0x00, 0x00, 0x00, 0x0F, 0x40, 0x00, 0x00, 0x00, 0x00, 0x00, 0x00, 0x01, 0xBF, 0xFA, 0x40, 0x02,
    0xFF, 0xFF, 0xFD, 0x00, 0xFF, 0x40, 0x03, 0xD0, 0x3F, 0x40, 0x00, 0x3D, 0x0F, 0xC0, 0x00, 0x03,
    0xD1, 0xF4, 0x00, 0x00, 0x00, 0x3F, 0x00, 0x00, 0x00, 0x03, 0xE0, 0x00, 0x00, 0x00, 0x7D, 0x00,
    0x00, 0x00, 0x07, 0xC0, 0x00, 0x00, 0x00, 0xBC, 0x00, 0x00, 0x00, 0x07, 0xC0, 0x00, 0x00, 0x00,
    0x7D, 0x00, 0x00, 0x00, 0x07, 0xE0, 0x00, 0x00, 0x00, 0x3F, 0x00, 0x00, 0x00, 0x02, 0xF4, 0x00,
    0x00, 0x3C, 0x0F, 0xC0, 0x00, 0x03, 0xC0, 0x7F, 0x00, 0x00, 0x3C, 0x02, 0xFE, 0x40, 0x03, 0xC0,
    0x07, 0xFF, 0xFF, 0xFC, 0x00, 0x06, 0xFF, 0xFF, 0xC0, 0x00, 0x03, 0xD0, 0x00, 0x02, 0xF8, 0x00,
    0x00, 0x3D, 0x00, 0x00, 0x00, 0x00, 0x00, 0x00, 0x00, 0x00, 0x00, 0x00, 0x00, 0x06, 0xFF, 0x90,
    0x0B, 0xFF, 0xFE, 0x0F, 0xE0, 0x1F, 0x8B, 0xC0, 0x01, 0xE3, 0xE0, 0x00, 0x79, 0xF0, 0x00, 0x00,
    0xBC, 0x00, 0x00, 0x2F, 0x00, 0x00, 0x0B, 0xC0, 0x00, 0x01, 0xF0, 0x00, 0x00, 0x3E, 0x00, 0x00,
    0x0B, 0xD0, 0x00, 0x00, 0xFE, 0x40, 0x78, 0x0F, 0xFF, 0xFD, 0x00, 0x6F, 0xF8, 0x00, 0x00, 0x03,
    0x00, 0x09, 0x00, 0x00, 0x7C, 0x03, 0xE0, 0x00, 0x01, 0xF0, 0xF8, 0x00, 0x00, 0x07, 0xFE, 0x00,
    0x00, 0x00, 0x1F, 0x40, 0x00, 0x00, 0x00, 0x00, 0x00, 0x00, 0x01, 0xBF, 0xFA, 0x40, 0x02, 0xFF,
    0xFF, 0xFD, 0x00, 0xFF, 0x40, 0x03, 0xD0, 0x3F, 0x40, 0x00, 0x3D, 0x0F, 0xC0, 0x00, 0x03, 0xD1,
    0xF4, 0x00, 0x00, 0x00, 0x3F, 0x00, 0x00, 0x00, 0x03, 0xE0, 0x00, 0x00, 0x00, 0x7D, 0x00, 0x00,
    0x00, 0x07, 0xC0, 0x00, 0x00, 0x00, 0xBC, 0x00, 0x00, 0x00, 0x07, 0xC0, 0x00, 0x00, 0x00, 0x7D,
    0x00, 0x00, 0x00, 0x07, 0xE0, 0x00, 0x00, 0x00, 0x3F, 0x00, 0x00, 0x00, 0x02, 0xF4, 0x00, 0x00,
    0x3C, 0x0F, 0xC0, 0x00, 0x03, 0xC0, 0x7F, 0x00, 0x00, 0x3C, 0x02, 0xFE, 0x40, 0x03, 0xC0, 0x07,
    0xFF, 0xFF, 0xFC, 0x00, 0x06, 0xFF, 0xFF, 0xC0, 0x00, 0xC0, 0x02, 0x40, 0x2F, 0x00, 0xF8, 0x00,
    0x7C, 0x3E, 0x00, 0x01, 0xFF, 0x80, 0x00, 0x07, 0xD0, 0x00, 0x00, 0x00, 0x00, 0x00, 0x00, 0x00,
    0x00, 0x00, 0x00, 0x00, 0x00, 0x6F, 0xF9, 0x00, 0x2F, 0xFF, 0xF8, 0x0F, 0xE0, 0x1F, 0x82, 0xF0,
    0x00, 0x78, 0x3E, 0x00, 0x07, 0x87, 0xC0, 0x00, 0x00, 0xBC, 0x00, 0x00, 0x0B, 0xC0, 0x00, 0x00,
    0xBC, 0x00, 0x00, 0x07, 0xC0, 0x00, 0x00, 0x3E, 0x00, 0x00, 0x02, 0xF4, 0x00, 0x00, 0x0F, 0xE4,
    0x07, 0x80, 0x3F, 0xFF, 0xF4, 0x00, 0x6F, 0xF8, 0x00, 0x00, 0x30, 0x00, 0x90, 0x00, 0x00, 0xBC,
    0x03, 0xE0, 0x00, 0x00, 0x1F, 0x0F, 0x80, 0x00, 0x00, 0x07, 0xFE, 0x00, 0x00, 0x00, 0x01, 0xF4,
    0x00, 0x00, 0x00, 0x00, 0x00, 0x00, 0x00, 0xFF, 0xFF, 0xFF, 0x90, 0x00, 0xFF, 0xFF, 0xFF, 0xFD,
    0x00, 0x07, 0xC0, 0x01, 0xBF, 0x80, 0x07, 0xC0, 0x00, 0x0F, 0xE0, 0x07, 0xC0, 0x00, 0x03, 0xF0,
    0x07, 0xC0, 0x00, 0x00, 0xF8, 0x07, 0xC0, 0x00, 0x00, 0xFC, 0x07, 0xC0, 0x00, 0x00, 0x7D, 0x07,
    0xC0, 0x00, 0x00, 0x3D, 0x07, 0xC0, 0x00, 0x00, 0x3E, 0x07, 0xC0, 0x00, 0x00, 0x3E, 0x0B, 0xC0,
    0x00, 0x00, 0x3D, 0x0B, 0xC0, 0x00, 0x00, 0x7D, 0x0B, 0xC0, 0x00, 0x00, 0xBC, 0x0B, 0xC0, 0x00,
    0x00, 0xFC, 0x0B, 0xC0, 0x00, 0x01, 0xF8, 0x0B, 0xC0, 0x00, 0x03, 0xF0, 0x0B, 0xC0, 0x00, 0x1F,
    0xD0, 0x0B, 0xC0, 0x01, 0xFF, 0x40, 0xFF, 0xFF, 0xFF, 0xF8, 0x00, 0xFF, 0xFF, 0xFE, 0x40, 0x00,
    0x00, 0x00, 0x00, 0x00, 0xF0, 0x00, 0x00, 0x00, 0x07, 0xE0, 0x00, 0x07, 0xFF, 0x0F, 0xC0, 0x00,
    0x1F, 0xFC, 0x1E, 0x00, 0x00, 0x01, 0xF0, 0x74, 0x00, 0x00, 0x07, 0xC3, 0x80, 0x00, 0x00, 0x1F,
    0x08, 0x00, 0x00, 0x00, 0x7C, 0x00, 0x00, 0x00, 0x01, 0xF0, 0x00, 0x00, 0x00, 0x07, 0xC0, 0x00,
    0x02, 0xFF, 0x9F, 0x00, 0x00, 0x7F, 0xFF, 0xFC, 0x00, 0x0B, 0xF4, 0x07, 0xF0, 0x00, 0x7E, 0x00,
    0x07, 0xC0, 0x03, 0xF0, 0x00, 0x1F, 0x00, 0x0F, 0x40, 0x00, 0x7C, 0x00, 0x7C, 0x00, 0x01, 0xF0,
    0x01, 0xF0, 0x00, 0x07, 0xC0, 0x07, 0xC0, 0x00, 0x1F, 0x00, 0x1F, 0x00, 0x00, 0xBC, 0x00, 0x3E,
    0x00, 0x03, 0xF0, 0x00, 0xBC, 0x00, 0x1F, 0xC0, 0x00, 0xFD, 0x02, 0xEF, 0x00, 0x01, 0xFF, 0xFE,
    0x7F, 0xC0, 0x00, 0xBF, 0x91, 0xFF, 0x00, 0xFF, 0xFF, 0xFF, 0x90, 0x00, 0xFF, 0xFF, 0xFF, 0xFD,
    0x00, 0x07, 0xC0, 0x01, 0xBF, 0x80, 0x07, 0xC0, 0x00, 0x0F, 0xE0, 0x07, 0xC0, 0x00, 0x03, 0xF0,
    0x07, 0xC0, 0x00, 0x00, 0xF8, 0x07, 0xC0, 0x00, 0x00, 0xFC, 0x07, 0xC0, 0x00, 0x00, 0x7D, 0x07,
    0xC0, 0x00, 0x00, 0x3D, 0xFF, 0xFF, 0xFD, 0x00, 0x3E, 0xFF, 0xFF, 0xFD, 0x00, 0x3E, 0x07, 0xC0,
    0x00, 0x00, 0x3D, 0x0B, 0xC0, 0x00, 0x00, 0x7D, 0x0B, 0xC0, 0x00, 0x00, 0xBC, 0x0B, 0xC0, 0x00,
    0x00, 0xFC, 0x0B, 0xC0, 0x00, 0x01, 0xF8, 0x0B, 0xC0, 0x00, 0x03, 0xF0, 0x0B, 0xC0, 0x00, 0x1F,
    0xD0, 0x0B, 0xC0, 0x01, 0xFF, 0x40, 0xFF, 0xFF, 0xFF, 0xF8, 0x00, 0xFF, 0xFF, 0xFE, 0x40, 0x00,
    0x00, 0x00, 0x7F, 0xF0, 0x00, 0x00, 0x1F, 0xFC, 0x00, 0x00, 0x00, 0x1F, 0x00, 0x00, 0x00, 0x07,
    0xC0, 0x00, 0x0B, 0xFF, 0xFF, 0x00, 0x02, 0xFF, 0xFF, 0xC0, 0x00, 0x00, 0x1F, 0x00, 0x00, 0x00,
    0x07, 0xC0, 0x00, 0x2F, 0xF9, 0xF0, 0x00, 0x7F, 0xFF, 0xFC, 0x00, 0xBF, 0x40, 0x7F, 0x00, 0x7E,
    0x00, 0x07, 0xC0, 0x3F, 0x00, 0x01, 0xF0, 0x0F, 0x40, 0x00, 0x7C, 0x07, 0xC0, 0x00, 0x1F, 0x01,
    0xF0, 0x00, 0x07, 0xC0, 0x7C, 0x00, 0x01, 0xF0, 0x1F, 0x00, 0x00, 0xBC, 0x03, 0xE0, 0x00, 0x3F,
    0x00, 0xBC, 0x00, 0x1F, 0xC0, 0x0F, 0xD0, 0x2E, 0xF0, 0x01, 0xFF, 0xFE, 0x7F, 0xC0, 0x0B, 0xF9,
    0x1F, 0xF0, 0x01, 0xFF, 0xFF, 0x00, 0x07, 0xFF, 0xFC, 0x00, 0x00, 0x00, 0x00, 0x3F, 0xFF, 0xFF,
    0xFC, 0xFF, 0xFF, 0xFF, 0xF0, 0x1F, 0x00, 0x03, 0xC0, 0x7C, 0x00, 0x0F, 0x01, 0xF0, 0x00, 0x3C,
    0x07, 0xC0, 0x00, 0x00, 0x1F, 0x00, 0x00, 0x00, 0x7C, 0x00, 0x00, 0x01, 0xF0, 0x00, 0x00, 0x07,
    0xFF, 0xFD, 0x00, 0x1F, 0xFF, 0xF4, 0x00, 0xBC, 0x00, 0x00, 0x02, 0xF0, 0x00, 0x00, 0x0B, 0xC0,
    0x00, 0x00, 0x2F, 0x00, 0x00, 0x00, 0xBC, 0x00, 0x00, 0x02, 0xF0, 0x00, 0x3D, 0x0B, 0xC0, 0x00,
    0xF4, 0x2F, 0x00, 0x03, 0xCF, 0xFF, 0xFF, 0xFF, 0x3F, 0xFF, 0xFF, 0xFC, 0x03, 0xFF, 0xFD, 0x00,
    0x3F, 0xFF, 0xD0, 0x00, 0x00, 0x00, 0x00, 0x00, 0x00, 0x00, 0x00, 0x00, 0x00, 0x00, 0x07, 0xFE,
    0x40, 0x03, 0xFF, 0xFE, 0x00, 0xFD, 0x02, 0xF4, 0x2F, 0x00, 0x0B, 0xC3, 0xD0, 0x00, 0x3D, 0x7C,
    0x00, 0x03, 0xEB, 0xFF, 0xFF, 0xFE, 0xBF, 0xFF, 0xFF, 0xEB, 0xC0, 0x00, 0x00, 0x7C, 0x00, 0x00,
    0x03, 0xD0, 0x00, 0x00, 0x3F, 0x00, 0x00, 0x00, 0xFE, 0x00, 0x6C, 0x03, 0xFF, 0xFF, 0xC0, 0x06,
    0xFF, 0x90, 0x02, 0xC0, 0x07, 0x40, 0x0B, 0x40, 0x2D, 0x00, 0x1F, 0x42, 0xF0, 0x00, 0x2F, 0xFF,
    0x40, 0x00, 0x1F, 0xE0, 0x00, 0x00, 0x00, 0x00, 0x0F, 0xFF, 0xFF, 0xFF, 0x3F, 0xFF, 0xFF, 0xFC,
    0x07, 0xC0, 0x00, 0xF0, 0x1F, 0x00, 0x03, 0xC0, 0x7C, 0x00, 0x0F, 0x01, 0xF0, 0x00, 0x00, 0x07,
    0xC0, 0x00, 0x00, 0x1F, 0x00, 0x00, 0x00, 0x7C, 0x00, 0x00, 0x01, 0xFF, 0xFF, 0x40, 0x07, 0xFF,
    0xFD, 0x00, 0x2F, 0x00, 0x00, 0x00, 0xBC, 0x00, 0x00, 0x02, 0xF0, 0x00, 0x00, 0x0B, 0xC0, 0x00,
    0x00, 0x2F, 0x00, 0x00, 0x00, 0xBC, 0x00, 0x0F, 0x42, 0xF0, 0x00, 0x3D, 0x0B, 0xC0, 0x00, 0xF3,
    0xFF, 0xFF, 0xFF, 0xCF, 0xFF, 0xFF, 0xFF, 0x00, 0x02, 0x80, 0x0A, 0x00, 0x3C, 0x00, 0xF0, 0x02,
    0xF0, 0x2E, 0x00, 0x0F, 0xFF, 0xC0, 0x00, 0x2F, 0xE0, 0x00, 0x00, 0x00, 0x00, 0x00, 0x00, 0x00,
    0x00, 0x00, 0x00, 0x00, 0x00, 0x7F, 0xE4, 0x00, 0x3F, 0xFF, 0xE0, 0x0F, 0xD0, 0x2F, 0x42, 0xF0,
    0x00, 0xBC, 0x3D, 0x00, 0x03, 0xD7, 0xC0, 0x00, 0x3E, 0xBF, 0xFF, 0xFF, 0xEB, 0xFF, 0xFF, 0xFE,
    0xBC, 0x00, 0x00, 0x07, 0xC0, 0x00, 0x00, 0x3D, 0x00, 0x00, 0x03, 0xF0, 0x00, 0x00, 0x0F, 0xE0,
    0x06, 0xC0, 0x3F, 0xFF, 0xFC, 0x00, 0x6F, 0xF9, 0x00, 0x00, 0x07, 0xC0, 0x00, 0x00, 0x2F, 0x80,
    0x00, 0x00, 0x7C, 0x00, 0x00, 0x00, 0x00, 0x00, 0xFF, 0xFF, 0xFF, 0xF3, 0xFF, 0xFF, 0xFF, 0xC0,
    0x7C, 0x00, 0x0F, 0x01, 0xF0, 0x00, 0x3C, 0x07, 0xC0, 0x00, 0xF0, 0x1F, 0x00, 0x00, 0x00, 0x7C,
    0x00, 0x00, 0x01, 0xF0, 0x00, 0x00, 0x07, 0xC0, 0x00, 0x00, 0x1F, 0xFF, 0xF4, 0x00, 0x7F, 0xFF,
    0xD0, 0x02, 0xF0, 0x00, 0x00, 0x0B, 0xC0, 0x00, 0x00, 0x2F, 0x00, 0x00, 0x00, 0xBC, 0x00, 0x00,
    0x02, 0xF0, 0x00, 0x00, 0x0B, 0xC0, 0x00, 0xF4, 0x2F, 0x00, 0x03, 0xD0, 0xBC, 0x00, 0x0F, 0x3F,
    0xFF, 0xFF, 0xFC, 0xFF, 0xFF, 0xFF, 0xF0, 0x00, 0x0F, 0x80, 0x00, 0x01, 0xFC, 0x00, 0x00, 0x0F,
    0x80, 0x00, 0x00, 0x00, 0x00, 0x00, 0x00, 0x00, 0x00, 0x00, 0x00, 0x00, 0x00, 0x7F, 0xE4, 0x00,
    0x3F, 0xFF, 0xE0, 0x0F, 0xD0, 0x2F, 0x42, 0xF0, 0x00, 0xBC, 0x3D, 0x00, 0x03, 0xD7, 0xC0, 0x00,
    0x3E, 0xBF, 0xFF, 0xFF, 0xEB, 0xFF, 0xFF, 0xFE, 0xBC, 0x00, 0x00, 0x07, 0xC0, 0x00, 0x00, 0x3D,
    0x00, 0x00, 0x03, 0xF0, 0x00, 0x00, 0x0F, 0xE0, 0x06, 0xC0, 0x3F, 0xFF, 0xFC, 0x00, 0x6F, 0xF9,
    0x00, 0xFF, 0xFF, 0xFF, 0xF3, 0xFF, 0xFF, 0xFF, 0xC0, 0x7C, 0x00, 0x0F, 0x01, 0xF0, 0x00, 0x3C,
    0x07, 0xC0, 0x00, 0xF0, 0x1F, 0x00, 0x00, 0x00, 0x7C, 0x00, 0x00, 0x01, 0xF0, 0x00, 0x00, 0x07,
    0xC0, 0x00, 0x00, 0x1F, 0xFF, 0xF4, 0x00, 0x7F, 0xFF, 0xD0, 0x02, 0xF0, 0x00, 0x00, 0x0B, 0xC0,
    0x00, 0x00, 0x2F, 0x00, 0x00, 0x00, 0xBC, 0x00, 0x00, 0x02, 0xF0, 0x00, 0x00, 0x0B, 0xC0, 0x00,
    0xF4, 0x2F, 0x00, 0x03, 0xD0, 0xBC, 0x00, 0x0F, 0x3F, 0xFF, 0xFF, 0xFC, 0xFF, 0xFF, 0xFF, 0xF0,
    0x00, 0x00, 0x0B, 0x40, 0x00, 0x00, 0xF4, 0x00, 0x00, 0x0B, 0x80, 0x00, 0x00, 0x3D, 0x00, 0x00,
    0x00, 0xB8, 0x00, 0x00, 0x00, 0xBF, 0x40, 0x00, 0x7F, 0xE4, 0x00, 0x3F, 0xFF, 0xE0, 0x0F, 0xD0,
    0x2F, 0x42, 0xF0, 0x00, 0xBC, 0x3D, 0x00, 0x03, 0xD7, 0xC0, 0x00, 0x3E, 0xBF, 0xFF, 0xFF, 0xEB,
    0xFF, 0xFF, 0xFE, 0xBC, 0x00, 0x00, 0x07, 0xC0, 0x00, 0x00, 0x3D, 0x00, 0x00, 0x03, 0xF0, 0x00,
    0x00, 0x0F, 0xE0, 0x06, 0xC0, 0x7F, 0xFF, 0xFC, 0x00, 0x6F, 0xFD, 0x00, 0x00, 0x0E, 0x00, 0x00,
    0x03, 0xC0, 0x00, 0x00, 0x78, 0x00, 0x00, 0x0B, 0x40, 0x00, 0x00, 0xBC, 0x00, 0x00, 0x07, 0xFE,
    0x00, 0x00, 0x2F, 0xD0, 0x01, 0xC0, 0x03, 0x00, 0x0B, 0xC0, 0x3E, 0x00, 0x0B, 0xC3, 0xE0, 0x00,
    0x07, 0xFD, 0x00, 0x00, 0x07, 0xD0, 0x00, 0x00, 0x00, 0x00, 0x0F, 0xFF, 0xFF, 0xFF, 0x3F, 0xFF,
    0xFF, 0xFC, 0x07, 0xC0, 0x00, 0xF0, 0x1F, 0x00, 0x03, 0xC0, 0x7C, 0x00, 0x0F, 0x01, 0xF0, 0x00,
    0x00, 0x07, 0xC0, 0x00, 0x00, 0x1F, 0x00, 0x00, 0x00, 0x7C, 0x00, 0x00, 0x01, 0xFF, 0xFF, 0x40,
    0x07, 0xFF, 0xFD, 0x00, 0x2F, 0x00, 0x00, 0x00, 0xBC, 0x00, 0x00, 0x02, 0xF0, 0x00, 0x00, 0x0B,
    0xC0, 0x00, 0x00, 0x2F, 0x00, 0x00, 0x00, 0xBC, 0x00, 0x0F, 0x42, 0xF0, 0x00, 0x3D, 0x0B, 0xC0,
    0x00, 0xF3, 0xFF, 0xFF, 0xFF, 0xCF, 0xFF, 0xFF, 0xFF, 0x00, 0x02, 0x40, 0x09, 0x00, 0x7D, 0x02,
    0xF0, 0x01, 0xF4, 0xBC, 0x00, 0x03, 0xFE, 0x00, 0x00, 0x0F, 0x80, 0x00, 0x00, 0x00, 0x00, 0x00,
    0x00, 0x00, 0x00, 0x00, 0x00, 0x00, 0x00, 0x7F, 0xE4, 0x00, 0x3F, 0xFF, 0xE0, 0x0F, 0xD0, 0x2F,
    0x42, 0xF0, 0x00, 0xBC, 0x3D, 0x00, 0x03, 0xD7, 0xC0, 0x00, 0x3E, 0xBF, 0xFF, 0xFF, 0xEB, 0xFF,
    0xFF, 0xFE, 0xBC, 0x00, 0x00, 0x07, 0xC0, 0x00, 0x00, 0x3D, 0x00, 0x00, 0x03, 0xF0, 0x00, 0x00,
    0x0F, 0xE0, 0x06, 0xC0, 0x3F, 0xFF, 0xFC, 0x00, 0x6F, 0xF9, 0x00, 0x00, 0x00, 0x2F, 0x00, 0x00,
    0x00, 0x00, 0xBF, 0xD0, 0x00, 0x00, 0x02, 0xE1, 0xF4, 0x00, 0x00, 0x0F, 0x80, 0x7D, 0x00, 0x00,
    0x06, 0x00, 0x0C, 0x00, 0x00, 0x00, 0x00, 0x00, 0x00, 0x00, 0x01, 0xBF, 0xFA, 0x40, 0x00, 0x2F,
    0xFF, 0xFF, 0xD0, 0x00, 0xFE, 0x40, 0x1B, 0xD0, 0x03, 0xF0, 0x00, 0x02, 0xD0, 0x0F, 0xC0, 0x00,
    0x02, 0xD0, 0x1F, 0x40, 0x00, 0x02, 0xD0, 0x3F, 0x00, 0x00, 0x00, 0x00, 0x3D, 0x00, 0x00, 0x00,
    0x00, 0x7D, 0x00, 0x00, 0x00, 0x00, 0x7C, 0x00, 0x00, 0x00, 0x00, 0xBC, 0x00, 0x00, 0x00, 0x00,
    0x7C, 0x00, 0x00, 0x00, 0x00, 0x7D, 0x00, 0x00, 0xBF, 0xFD, 0x7E, 0x00, 0x00, 0xBF, 0xFD, 0x3F,
    0x00, 0x00, 0x03, 0xC0, 0x2F, 0x40, 0x00, 0x03, 0xC0, 0x0F, 0xC0, 0x00, 0x03, 0xC0, 0x07, 0xF0,
    0x00, 0x03, 0xC0, 0x02, 0xFE, 0x40, 0x03, 0xC0, 0x00, 0x7F, 0xFF, 0xFF, 0xC0, 0x00, 0x06, 0xFF,
    0xFF, 0xC0, 0x00, 0x0B, 0xC0, 0x00, 0x00, 0x2F, 0xF4, 0x00, 0x00, 0xBC, 0x7D, 0x00, 0x03, 0xE0,
    0x1F, 0x40, 0x01, 0x80, 0x03, 0x00, 0x00, 0x00, 0x00, 0x00, 0x00, 0x00, 0x00, 0x00, 0x00, 0x00,
    0x00, 0x00, 0x00, 0x7F, 0xFF, 0xFD, 0x03, 0xFF, 0xFF, 0xFD, 0x0F, 0xD0, 0x2F, 0x80, 0x2F, 0x00,
    0x07, 0xC0, 0x3D, 0x00, 0x03, 0xD0, 0x3D, 0x00, 0x02, 0xD0, 0x3D, 0x00, 0x03, 0xD0, 0x2F, 0x00,
    0x07, 0xC0, 0x0F, 0xD0, 0x2F, 0x80, 0x03, 0xFF, 0xFE, 0x00, 0x00, 0xFF, 0xE4, 0x00, 0x07, 0xD0,
    0x00, 0x00, 0x0F, 0x80, 0x00, 0x00, 0x0B, 0xF9, 0x40, 0x00, 0x01, 0xFF, 0xFF, 0x80, 0x0B, 0x80,
    0x5B, 0xF4, 0x3D, 0x00, 0x00, 0xBC, 0x7C, 0x00, 0x00, 0x7C, 0x7C, 0x00, 0x00, 0xFC, 0x3F, 0x80,
    0x07, 0xF4, 0x1F, 0xFF, 0xFF, 0xD0, 0x01, 0xBF, 0xF9, 0x00, 0x00, 0x0B, 0x00, 0x1D, 0x00, 0x00,
    0x0B, 0x40, 0x2D, 0x00, 0x00, 0x07, 0xD0, 0xBC, 0x00, 0x00, 0x02, 0xFF, 0xF4, 0x00, 0x00, 0x00,
    0x7F, 0x80, 0x00, 0x00, 0x00, 0x00, 0x00, 0x00, 0x00, 0x01, 0xBF, 0xFA, 0x40, 0x00, 0x2F, 0xFF,
    0xFF, 0xD0, 0x00, 0xFE, 0x40, 0x1B, 0xD0, 0x03, 0xF0, 0x00, 0x02, 0xD0, 0x0F, 0xC0, 0x00, 0x02,
    0xD0, 0x1F, 0x40, 0x00, 0x02, 0xD0, 0x3F, 0x00, 0x00, 0x00, 0x00, 0x3D, 0x00, 0x00, 0x00, 0x00,
    0x7D, 0x00, 0x00, 0x00, 0x00, 0x7C, 0x00, 0x00, 0x00, 0x00, 0xBC, 0x00, 0x00, 0x00, 0x00, 0x7C,
    0x00, 0x00, 0x00, 0x00, 0x7D, 0x00, 0x00, 0xBF, 0xFD, 0x7E, 0x00, 0x00, 0xBF, 0xFD, 0x3F, 0x00,
    0x00, 0x03, 0xC0, 0x2F, 0x40, 0x00, 0x03, 0xC0, 0x0F, 0xC0, 0x00, 0x03, 0xC0, 0x07, 0xF0, 0x00,
    0x03, 0xC0, 0x02, 0xFE, 0x40, 0x03, 0xC0, 0x00, 0x7F, 0xFF, 0xFF, 0xC0, 0x00, 0x06, 0xFF, 0xFF,
    0xC0, 0x02, 0xC0, 0x07, 0x40, 0x03, 0xD0, 0x0F, 0x40, 0x01, 0xF4, 0x2F, 0x00, 0x00, 0xBF, 0xFC,
    0x00, 0x00, 0x1F, 0xE0, 0x00, 0x00, 0x00, 0x00, 0x00, 0x00, 0x00, 0x00, 0x00, 0x00, 0x00, 0x00,
    0x00, 0x00, 0x7F, 0xFF, 0xFD, 0x03, 0xFF, 0xFF, 0xFD, 0x0F, 0xD0, 0x2F, 0x80, 0x2F, 0x00, 0x07,
    0xC0, 0x3D, 0x00, 0x03, 0xD0, 0x3D, 0x00, 0x02, 0xD0, 0x3D, 0x00, 0x03, 0xD0, 0x2F, 0x00, 0x07,
    0xC0, 0x0F, 0xD0, 0x2F, 0x80, 0x03, 0xFF, 0xFE, 0x00, 0x00, 0xFF, 0xE4, 0x00, 0x07, 0xD0, 0x00,
    0x00, 0x0F, 0x80, 0x00, 0x00, 0x0B, 0xF9, 0x40, 0x00, 0x01, 0xFF, 0xFF, 0x80, 0x0B, 0x80, 0x5B,
    0xF4, 0x3D, 0x00, 0x00, 0xBC, 0x7C, 0x00, 0x00, 0x7C, 0x7C, 0x00, 0x00, 0xFC, 0x3F, 0x80, 0x07,
    0xF4, 0x1F, 0xFF, 0xFF, 0xD0, 0x01, 0xBF, 0xF9, 0x00, 0x00, 0x00, 0x1F, 0x00, 0x00, 0x00, 0x00,
    0x3F, 0x40, 0x00, 0x00, 0x00, 0x1F, 0x00, 0x00, 0x00, 0x00, 0x00, 0x00, 0x00, 0x00, 0x01, 0xBF,
    0xFA, 0x40, 0x00, 0x2F, 0xFF, 0xFF, 0xD0, 0x00, 0xFE, 0x40, 0x1B, 0xD0, 0x03, 0xF0, 0x00, 0x02,
    0xD0, 0x0F, 0xC0, 0x00, 0x02, 0xD0, 0x1F, 0x40, 0x00, 0x02, 0xD0, 0x3F, 0x00, 0x00, 0x00, 0x00,
    0x3D, 0x00, 0x00, 0x00, 0x00, 0x7D, 0x00, 0x00, 0x00, 0x00, 0x7C, 0x00, 0x00, 0x00, 0x00, 0xBC,
    0x00, 0x00, 0x00, 0x00, 0x7C, 0x00, 0x00, 0x00, 0x00, 0x7D, 0x00, 0x00, 0xBF, 0xFD, 0x7E, 0x00,
    0x00, 0xBF, 0xFD, 0x3F, 0x00, 0x00, 0x03, 0xC0, 0x2F, 0x40, 0x00, 0x03, 0xC0, 0x0F, 0xC0, 0x00,
    0x03, 0xC0, 0x07, 0xF0, 0x00, 0x03, 0xC0, 0x02, 0xFE, 0x40, 0x03, 0xC0, 0x00, 0x7F, 0xFF, 0xFF,
    0xC0, 0x00, 0x06, 0xFF, 0xFF, 0xC0, 0x00, 0x07, 0xC0, 0x00, 0x00, 0x0F, 0xD0, 0x00, 0x00, 0x07,
    0xC0, 0x00, 0x00, 0x00, 0x00, 0x00, 0x00, 0x00, 0x00, 0x00, 0x00, 0x00, 0x00, 0x00, 0x00, 0x7F,
    0xFF, 0xFD, 0x03, 0xFF, 0xFF, 0xFD, 0x0F, 0xD0, 0x2F, 0x80, 0x2F, 0x00, 0x07, 0xC0, 0x3D, 0x00,
    0x03, 0xD0, 0x3D, 0x00, 0x02, 0xD0, 0x3D, 0x00, 0x03, 0xD0, 0x2F, 0x00, 0x07, 0xC0, 0x0F, 0xD0,
    0x2F, 0x80, 0x03, 0xFF, 0xFE, 0x00, 0x00, 0xFF, 0xE4, 0x00, 0x07, 0xD0, 0x00, 0x00, 0x0F, 0x80,
    0x00, 0x00, 0x0B, 0xF9, 0x40, 0x00, 0x01, 0xFF, 0xFF, 0x80, 0x0B, 0x80, 0x5B, 0xF4, 0x3D, 0x00,
    0x00, 0xBC, 0x7C, 0x00, 0x00, 0x7C, 0x7C, 0x00, 0x00, 0xFC, 0x3F, 0x80, 0x07, 0xF4, 0x1F, 0xFF,
    0xFF, 0xD0, 0x01, 0xBF, 0xF9, 0x00, 0x00, 0x01, 0xBF, 0xFA, 0x40, 0x00, 0x2F, 0xFF, 0xFF, 0xD0,
    0x00, 0xFE, 0x40, 0x1B, 0xD0, 0x03, 0xF0, 0x00, 0x02, 0xD0, 0x0F, 0xC0, 0x00, 0x02, 0xD0, 0x1F,
    0x40, 0x00, 0x02, 0xD0, 0x3F, 0x00, 0x00, 0x00, 0x00, 0x3D, 0x00, 0x00, 0x00, 0x00, 0x7D, 0x00,
    0x00, 0x00, 0x00, 0x7C, 0x00, 0x00, 0x00, 0x00, 0xBC, 0x00, 0x00, 0x00, 0x00, 0x7C, 0x00, 0x00,
    0x00, 0x00, 0x7D, 0x00, 0x00, 0xBF, 0xFD, 0x7E, 0x00, 0x00, 0xBF, 0xFD, 0x3F, 0x00, 0x00, 0x03,
    0xC0, 0x2F, 0x40, 0x00, 0x03, 0xC0, 0x0F, 0xC0, 0x00, 0x03, 0xC0, 0x07, 0xF0, 0x00, 0x03, 0xC0,
    0x02, 0xFE, 0x40, 0x03, 0xC0, 0x00, 0x7F, 0xFF, 0xFF, 0xC0, 0x00, 0x06, 0xFF, 0xFF, 0xC0, 0x00,
    0x00, 0x00, 0x00, 0x00, 0x00, 0x00, 0x2D, 0x00, 0x00, 0x00, 0x00, 0x3F, 0x00, 0x00, 0x00, 0x00,
    0x2F, 0x00, 0x00, 0x00, 0x00, 0x0F, 0x00, 0x00, 0x00, 0x00, 0x0E, 0x00, 0x00, 0x00, 0x00, 0x2C,
    0x00, 0x00, 0x00, 0x00, 0x20, 0x00, 0x00, 0x00, 0x00, 0x80, 0x00, 0x00, 0x02, 0xC0, 0x00, 0x00,
    0x07, 0x40, 0x00, 0x00, 0x0B, 0x40, 0x00, 0x00, 0x0F, 0xC0, 0x00, 0x00, 0x0B, 0xD0, 0x00, 0x00,
    0x03, 0xC0, 0x00, 0x00, 0x00, 0x00, 0x00, 0x00, 0x00, 0x00, 0x00, 0x00, 0x00, 0x00, 0x00, 0x00,
    0x7F, 0xFF, 0xFD, 0x03, 0xFF, 0xFF, 0xFD, 0x0F, 0xD0, 0x2F, 0x80, 0x2F, 0x00, 0x07, 0xC0, 0x3D,
    0x00, 0x03, 0xD0, 0x3D, 0x00, 0x02, 0xD0, 0x3D, 0x00, 0x03, 0xD0, 0x2F, 0x00, 0x07, 0xC0, 0x0F,
    0xD0, 0x2F, 0x80, 0x03, 0xFF, 0xFE, 0x00, 0x00, 0xFF, 0xE4, 0x00, 0x07, 0xD0, 0x00, 0x00, 0x0F,
    0x80, 0x00, 0x00, 0x0B, 0xF9, 0x40, 0x00, 0x01, 0xFF, 0xFF, 0x80, 0x0B, 0x80, 0x5B, 0xF4, 0x3D,
    0x00, 0x00, 0xBC, 0x7C, 0x00, 0x00, 0x7C, 0x7C, 0x00, 0x00, 0xFC, 0x3F, 0x80, 0x07, 0xF4, 0x1F,
    0xFF, 0xFF, 0xD0, 0x01, 0xBF, 0xF9, 0x00, 0x00, 0x00, 0x3E, 0x00, 0x00, 0x00, 0x00, 0x3F, 0xE0,
    0x00, 0x00, 0x00, 0x3D, 0x2F, 0x00, 0x00, 0x00, 0x7D, 0x02, 0xF0, 0x00, 0x00, 0x09, 0x00, 0x28,
    0x00, 0x00, 0x00, 0x00, 0x00, 0x00, 0x0F, 0xFF, 0xD0, 0x02, 0xFF, 0xF7, 0xFF, 0xF4, 0x00, 0xBF,
    0xFD, 0x07, 0xC0, 0x00, 0x01, 0xF0, 0x01, 0xF0, 0x00, 0x00, 0x7C, 0x00, 0x7C, 0x00, 0x00, 0x1F,
    0x00, 0x1F, 0x00, 0x00, 0x07, 0xC0, 0x07, 0xC0, 0x00, 0x01, 0xF0, 0x01, 0xF0, 0x00, 0x00, 0x7C,
    0x00, 0x7C, 0x00, 0x00, 0x1F, 0x00, 0x1F, 0x00, 0x00, 0x07, 0xC0, 0x07, 0xFF, 0xFF, 0xFF, 0xF0,
    0x02, 0xFF, 0xFF, 0xFF, 0xFC, 0x00, 0xBC, 0x00, 0x00, 0x1F, 0x00, 0x2F, 0x00, 0x00, 0x07, 0xC0,
    0x0B, 0xC0, 0x00, 0x01, 0xF0, 0x02, 0xF0, 0x00, 0x00, 0x7C, 0x00, 0xBC, 0x00, 0x00, 0x1F, 0x00,
    0x2F, 0x00, 0x00, 0x07, 0xC0, 0x0B, 0xC0, 0x00, 0x01, 0xF0, 0x3F, 0xFF, 0x40, 0x0B, 0xFF, 0xDF,
    0xFF, 0xD0, 0x02, 0xFF, 0xF4, 0x00, 0x03, 0xE0, 0x00, 0x00, 0x00, 0x3F, 0xE0, 0x00, 0x00, 0x07,
    0xD2, 0xF0, 0x00, 0x00, 0x7D, 0x02, 0xF0, 0x00, 0x7F, 0xF0, 0x02, 0x40, 0x01, 0xFF, 0xC0, 0x00,
    0x00, 0x00, 0x1F, 0x00, 0x00, 0x00, 0x00, 0x7C, 0x00, 0x00, 0x00, 0x01, 0xF0, 0x00, 0x00, 0x00,
    0x07, 0xC0, 0x00, 0x00, 0x00, 0x1F, 0x00, 0x00, 0x00, 0x00, 0x7C, 0x00, 0x00, 0x00, 0x01, 0xF0,
    0x7F, 0xE0, 0x00, 0x07, 0xDF, 0xFF, 0xF0, 0x00, 0x1F, 0xF4, 0x0B, 0xE0, 0x00, 0x7F, 0x00, 0x0B,
    0xC0, 0x01, 0xF4, 0x00, 0x1F, 0x00, 0x07, 0xC0, 0x00, 0x7C, 0x00, 0x1F, 0x00, 0x00, 0xF0, 0x00,
    0x7C, 0x00, 0x03, 0xC0, 0x01, 0xF0, 0x00, 0x1F, 0x00, 0x07, 0xC0, 0x00, 0x7C, 0x00, 0x2F, 0x00,
    0x01, 0xF0, 0x00, 0xBC, 0x00, 0x07, 0xC0, 0x02, 0xF0, 0x00, 0x1F, 0x00, 0xBF, 0xFC, 0x07, 0xFF,
    0xC2, 0xFF, 0xF0, 0x1F, 0xFF, 0x00, 0xFF, 0xFD, 0x00, 0x2F, 0xFF, 0x7F, 0xFF, 0x40, 0x0B, 0xFF,
    0xD0, 0x7C, 0x00, 0x00, 0x1F, 0x00, 0x1F, 0x00, 0x00, 0x07, 0xC0, 0x07, 0xFF, 0xFF, 0xFF, 0xF0,
    0x01, 0xFF, 0xFF, 0xFF, 0xFC, 0x00, 0x7C, 0x00, 0x00, 0x1F, 0x00, 0x1F, 0x00, 0x00, 0x07, 0xC0,
    0x07, 0xC0, 0x00, 0x01, 0xF0, 0x01, 0xF0, 0x00, 0x00, 0x7C, 0x00, 0x7F, 0xFF, 0xFF, 0xFF, 0x00,
    0x2F, 0xFF, 0xFF, 0xFF, 0xC0, 0x0B, 0xC0, 0x00, 0x01, 0xF0, 0x02, 0xF0, 0x00, 0x00, 0x7C, 0x00,
    0xBC, 0x00, 0x00, 0x1F, 0x00, 0x2F, 0x00, 0x00, 0x07, 0xC0, 0x0B, 0xC0, 0x00, 0x01, 0xF0, 0x02,
    0xF0, 0x00, 0x00, 0x7C, 0x00, 0xBC, 0x00, 0x00, 0x1F, 0x03, 0xFF, 0xF4, 0x00, 0xBF, 0xFD, 0xFF,
    0xFD, 0x00, 0x2F, 0xFF, 0x40, 0x7F, 0xF0, 0x00, 0x00, 0x01, 0xFF, 0xC0, 0x00, 0x00, 0x00, 0x1F,
    0x00, 0x00, 0x00, 0x00, 0x7C, 0x00, 0x00, 0x00, 0x3F, 0xFF, 0xFC, 0x00, 0x00, 0xFF, 0xFF, 0xF0,
    0x00, 0x00, 0x1F, 0x00, 0x00, 0x00, 0x00, 0x7C, 0x00, 0x00, 0x00, 0x01, 0xF0, 0x7F, 0xE0, 0x00,
    0x07, 0xDF, 0xFF, 0xF0, 0x00, 0x1F, 0xF4, 0x0B, 0xE0, 0x00, 0x7F, 0x00, 0x0B, 0xC0, 0x01, 0xF4,
    0x00, 0x1F, 0x00, 0x07, 0xC0, 0x00, 0x7C, 0x00, 0x1F, 0x00, 0x00, 0xF0, 0x00, 0x7C, 0x00, 0x03,
    0xC0, 0x01, 0xF0, 0x00, 0x1F, 0x00, 0x0B, 0xC0, 0x00, 0x7C, 0x00, 0x2F, 0x00, 0x01, 0xF0, 0x00,
    0xBC, 0x00, 0x07, 0xC0, 0x02, 0xF0, 0x00, 0x1F, 0x00, 0xBF, 0xFC, 0x07, 0xFF, 0xC2, 0xFF, 0xF0,
    0x1F, 0xFF, 0x00, 0x0B, 0xE0, 0x24, 0x3F, 0xFF, 0xF8, 0x28, 0x1B, 0xE0, 0x00, 0x00, 0x00, 0x0B,
    0xFF, 0xD0, 0x0B, 0xFF, 0xD0, 0x00, 0x7C, 0x00, 0x00, 0x7C, 0x00, 0x00, 0x7C, 0x00, 0x00, 0x7C,
    0x00, 0x00, 0x7C, 0x00, 0x00, 0x7C, 0x00, 0x00, 0x7C, 0x00, 0x00, 0x7C, 0x00, 0x00, 0x7C, 0x00,
    0x00, 0x7C, 0x00, 0x00, 0x7C, 0x00, 0x00, 0x7C, 0x00, 0x00, 0x7C, 0x00, 0x00, 0x7C, 0x00, 0x00,
    0x7C, 0x00, 0x00, 0x7C, 0x00, 0x00, 0x7C, 0x00, 0x0B, 0xFF, 0xD0, 0x0B, 0xFF, 0xD0, 0x1F, 0xE0,
    0x20, 0xFB, 0xFF, 0xD2, 0x41, 0xFD, 0x00, 0x00, 0x00, 0x00, 0x00, 0x00, 0x00, 0x00, 0x00, 0xFF,
    0xC0, 0x03, 0xFF, 0x00, 0x00, 0x7C, 0x00, 0x01, 0xF0, 0x00, 0x07, 0xC0, 0x00, 0x1F, 0x00, 0x00,
    0x7C, 0x00, 0x01, 0xF0, 0x00, 0x07, 0xC0, 0x00, 0x1F, 0x00, 0x00, 0x7C, 0x00, 0x02, 0xF0, 0x00,
    0x0B, 0xC0, 0x03, 0xFF, 0xF0, 0x0F, 0xFF, 0xC0, 0x3F, 0xFF, 0xCF, 0xFF, 0xF0, 0x00, 0x00, 0xBF,
    0xFD, 0x2F, 0xFF, 0x40, 0x7C, 0x00, 0x1F, 0x00, 0x07, 0xC0, 0x01, 0xF0, 0x00, 0x7C, 0x00, 0x1F,
    0x00, 0x07, 0xC0, 0x01, 0xF0, 0x00, 0x7C, 0x00, 0x1F, 0x00, 0x07, 0xC0, 0x01, 0xF0, 0x00, 0x7C,
    0x00, 0x1F, 0x00, 0x07, 0xC0, 0x01, 0xF0, 0x00, 0x7C, 0x02, 0xFF, 0xF4, 0xBF, 0xFD, 0xBF, 0xFF,
    0xAF, 0xFF, 0xE0, 0x00, 0x00, 0x00, 0x00, 0x00, 0x00, 0x0F, 0xFC, 0x03, 0xFF, 0x00, 0x07, 0xC0,
    0x01, 0xF0, 0x00, 0x7C, 0x00, 0x1F, 0x00, 0x07, 0xC0, 0x01, 0xF0, 0x00, 0x7C, 0x00, 0x1F, 0x00,
    0x07, 0xC0, 0x02, 0xF0, 0x00, 0xBC, 0x03, 0xFF, 0xF0, 0xFF, 0xFC, 0xBF, 0xFD, 0xBF, 0xFD, 0x07,
    0xC0, 0x07, 0xC0, 0x07, 0xC0, 0x07, 0xC0, 0x07, 0xC0, 0x07, 0xC0, 0x07, 0xC0, 0x07, 0xC0, 0x07,
    0xC0, 0x07, 0xC0, 0x07, 0xC0, 0x07, 0xC0, 0x07, 0xC0, 0x07, 0xC0, 0x07, 0xC0, 0x07, 0xC0, 0x07,
    0xC0, 0xBF, 0xFD, 0xBF, 0xFD, 0x02, 0xD0, 0x0F, 0x40, 0x2E, 0x00, 0x3D, 0x00, 0x2E, 0x00, 0x0B,
    0xF4, 0x02, 0xE0, 0x00, 0xFC, 0x00, 0x3F, 0x00, 0x0B, 0x80, 0x00, 0x00, 0x00, 0x00, 0x00, 0x00,
    0x00, 0x00, 0x00, 0x3F, 0xF0, 0x0F, 0xFC, 0x00, 0x1F, 0x00, 0x07, 0xC0, 0x01, 0xF0, 0x00, 0x7C,
    0x00, 0x1F, 0x00, 0x07, 0xC0, 0x01, 0xF0, 0x00, 0x7C, 0x00, 0x1F, 0x00, 0x0B, 0xC0, 0x02, 0xF0,
    0x0F, 0xFF, 0xC3, 0xFF, 0xF0, 0x02, 0xC0, 0x03, 0xC0, 0x02, 0xD0, 0x00, 0xF0, 0x00, 0x3D, 0x00,
    0x0F, 0xFC, 0x00, 0xBF, 0x00, 0x07, 0xC0, 0x0F, 0xE0, 0x07, 0xC0, 0x00, 0x00, 0xBF, 0xFD, 0xBF,
    0xFD, 0x07, 0xC0, 0x07, 0xC0, 0x07, 0xC0, 0x07, 0xC0, 0x07, 0xC0, 0x07, 0xC0, 0x07, 0xC0, 0x07,
    0xC0, 0x07, 0xC0, 0x07, 0xC0, 0x07, 0xC0, 0x07, 0xC0, 0x07, 0xC0, 0x07, 0xC0, 0x07, 0xC0, 0x07,
    0xC0, 0x07, 0xC0, 0xBF, 0xFD, 0xBF, 0xFD, 0x3F, 0xF0, 0x0F, 0xFC, 0x00, 0x1F, 0x00, 0x07, 0xC0,
    0x01, 0xF0, 0x00, 0x7C, 0x00, 0x1F, 0x00, 0x07, 0xC0, 0x01, 0xF0, 0x00, 0x7C, 0x00, 0x1F, 0x00,
    0x0B, 0xC0, 0x02, 0xF0, 0x0F, 0xFF, 0xC3, 0xFF, 0xF0, 0xBF, 0xFD, 0x0F, 0xFF, 0xCB, 0xFF, 0xD0,
    0xFF, 0xFC, 0x07, 0xC0, 0x00, 0x7C, 0x00, 0x7C, 0x00, 0x07, 0xC0, 0x07, 0xC0, 0x00, 0x7C, 0x00,
    0x7C, 0x00, 0x07, 0xC0, 0x07, 0xC0, 0x00, 0x7C, 0x00, 0x7C, 0x00, 0x07, 0xC0, 0x07, 0xC0, 0x00,
    0x7C, 0x00, 0x7C, 0x00, 0x0B, 0xC0, 0x07, 0xC0, 0x00, 0xBC, 0x00, 0x7C, 0x00, 0x0B, 0xC0, 0x07,
    0xC0, 0x00, 0xBC, 0x00, 0x7C, 0x00, 0x0B, 0xC0, 0x07, 0xC0, 0x00, 0xBC, 0x00, 0x7C, 0x00, 0x0B,
    0xC0, 0x07, 0xC0, 0x00, 0xBC, 0x00, 0x7C, 0x00, 0x0F, 0x80, 0x07, 0xC0, 0x00, 0xF8, 0x0B, 0xFF,
    0xD0, 0x1F, 0x40, 0xBF, 0xFD, 0x03, 0xF0, 0x00, 0x00, 0x00, 0xBE, 0x00, 0x00, 0x00, 0x1F, 0xC0,
    0x00, 0x00, 0x0B, 0xF0, 0x00, 0x00, 0x01, 0xF8, 0x00, 0x00, 0x00, 0x0C, 0x00, 0x00, 0x02, 0xE0,
    0x00, 0x3D, 0x03, 0xF0, 0x00, 0xBF, 0x03, 0xF0, 0x00, 0xBF, 0x02, 0xE0, 0x00, 0x3D, 0x00, 0x00,
    0x00, 0x00, 0x00, 0x00, 0x00, 0x00, 0x00, 0x00, 0x00, 0x00, 0x00, 0x00, 0x00, 0x00, 0x3F, 0xF0,
    0x0B, 0xFE, 0x3F, 0xF0, 0x0B, 0xFE, 0x01, 0xF0, 0x00, 0x3E, 0x01, 0xF0, 0x00, 0x3E, 0x01, 0xF0,
    0x00, 0x3E, 0x01, 0xF0, 0x00, 0x3E, 0x01, 0xF0, 0x00, 0x3E, 0x01, 0xF0, 0x00, 0x3E, 0x01, 0xF0,
    0x00, 0x3E, 0x01, 0xF0, 0x00, 0x3D, 0x01, 0xF0, 0x00, 0x3D, 0x02, 0xF0, 0x00, 0x3D, 0x02, 0xF0,
    0x00, 0x3D, 0x3F, 0xFF, 0x00, 0x3D, 0x3F, 0xFF, 0x00, 0x3C, 0x00, 0x00, 0x00, 0x7C, 0x00, 0x00,
    0x00, 0xBC, 0x00, 0x00, 0x01, 0xF4, 0x00, 0x00, 0x07, 0xF0, 0x00, 0x00, 0x6F, 0xC0, 0x00, 0x01,
    0xFE, 0x00, 0x00, 0x00, 0xE0, 0x00, 0x00, 0x2F, 0x00, 0x00, 0xBF, 0xC0, 0x03, 0xE1, 0xF0, 0x0F,
    0x80, 0x7D, 0x0A, 0x00, 0x18, 0x00, 0x00, 0x00, 0x03, 0xFF, 0xF0, 0x03, 0xFF, 0xF0, 0x00, 0x1F,
    0x00, 0x00, 0x1F, 0x00, 0x00, 0x1F, 0x00, 0x00, 0x1F, 0x00, 0x00, 0x1F, 0x00, 0x00, 0x1F, 0x00,
    0x00, 0x1F, 0x00, 0x00, 0x1F, 0x00, 0x00, 0x1F, 0x00, 0x00, 0x1F, 0x00, 0x00, 0x1F, 0x00, 0x00,
    0x2F, 0x00, 0x00, 0x2F, 0x00, 0x00, 0x2F, 0x00, 0x00, 0x2F, 0x00, 0x00, 0x3F, 0x00, 0x00, 0x3E,
    0x00, 0x00, 0x7D, 0x00, 0x00, 0xFC, 0x00, 0x01, 0xF8, 0x00, 0x07, 0xF0, 0x00, 0x2F, 0xC0, 0x00,
    0x7E, 0x00, 0x00, 0x30, 0x00, 0x00, 0x00, 0x7D, 0x00, 0x01, 0xFF, 0x80, 0x07, 0xD3, 0xE0, 0x1F,
    0x00, 0xF8, 0x0C, 0x00, 0x24, 0x00, 0x00, 0x00, 0x00, 0x00, 0x00, 0x00, 0x00, 0x00, 0x03, 0xFF,
    0x40, 0x03, 0xFF, 0x40, 0x00, 0x0F, 0x40, 0x00, 0x0F, 0x40, 0x00, 0x0F, 0x40, 0x00, 0x0F, 0x40,
    0x00, 0x0F, 0x40, 0x00, 0x0F, 0x40, 0x00, 0x0F, 0x40, 0x00, 0x0F, 0x00, 0x00, 0x0F, 0x00, 0x00,
    0x0F, 0x00, 0x00, 0x0F, 0x00, 0x00, 0x1F, 0x00, 0x00, 0x1F, 0x00, 0x00, 0x2F, 0x00, 0x00, 0x3E,
    0x00, 0x00, 0xBC, 0x00, 0x01, 0xF8, 0x00, 0x1F, 0xE0, 0x00, 0xBF, 0x80, 0x00, 0x78, 0x00, 0x00,
    0xFF, 0xFD, 0x02, 0xFF, 0xF7, 0xFF, 0xF4, 0x0B, 0xFF, 0xD0, 0x7C, 0x00, 0x02, 0xF0, 0x01, 0xF0,
    0x00, 0x3F, 0x00, 0x07, 0xC0, 0x03, 0xE0, 0x00, 0x1F, 0x00, 0x3E, 0x00, 0x00, 0x7C, 0x07, 0xE0,
    0x00, 0x01, 0xF0, 0x7D, 0x00, 0x00, 0x07, 0xC7, 0xD0, 0x00, 0x00, 0x1F, 0xBC, 0x00, 0x00, 0x00,
    0x7F, 0xF0, 0x00, 0x00, 0x02, 0xF3, 0xF0, 0x00, 0x00, 0x0B, 0xC3, 0xF0, 0x00, 0x00, 0x2F, 0x03,
    0xF0, 0x00, 0x00, 0xBC, 0x03, 0xF0, 0x00, 0x02, 0xF0, 0x03, 0xF0, 0x00, 0x0B, 0xC0, 0x03, 0xF0,
    0x00, 0x2F, 0x00, 0x03, 0xF4, 0x00, 0xBC, 0x00, 0x03, 0xF4, 0x3F, 0xFF, 0x40, 0xFF, 0xFE, 0xFF,
    0xFD, 0x03, 0xFF, 0xF8, 0x00, 0x00, 0x00, 0x00, 0x00, 0x00, 0x0F, 0x00, 0x00, 0x00, 0x00, 0x3F,
    0x00, 0x00, 0x00, 0x00, 0xBC, 0x00, 0x00, 0x00, 0x00, 0xF0, 0x00, 0x00, 0x00, 0x07, 0x40, 0x00,
    0x00, 0x00, 0x3C, 0x00, 0x00, 0x00, 0x00, 0x80, 0x00, 0x00, 0x7F, 0xF0, 0x00, 0x00, 0x1F, 0xFC,
    0x00, 0x00, 0x00, 0x1F, 0x00, 0x00, 0x00, 0x07, 0xC0, 0x00, 0x00, 0x01, 0xF0, 0x00, 0x00, 0x00,
    0x7C, 0x00, 0x00, 0x00, 0x1F, 0x00, 0x00, 0x00, 0x07, 0xC0, 0x00, 0x00, 0x01, 0xF0, 0x1F, 0xFF,
    0x00, 0x7C, 0x07, 0xFF, 0xC0, 0x1F, 0x00, 0x3F, 0x00, 0x07, 0xC0, 0x7E, 0x00, 0x01, 0xF0, 0x7D,
    0x00, 0x00, 0x7C, 0xBC, 0x00, 0x00, 0x1F, 0xF8, 0x00, 0x00, 0x07, 0xFF, 0x00, 0x00, 0x01, 0xF3,
    0xF0, 0x00, 0x00, 0x7C, 0x2F, 0x00, 0x00, 0x2F, 0x02, 0xF4, 0x00, 0x0B, 0xC0, 0x2F, 0x40, 0x02,
    0xF0, 0x01, 0xF4, 0x0B, 0xFF, 0xC3, 0xFF, 0xE2, 0xFF, 0xF0, 0xFF, 0xF8, 0x00, 0x00, 0x00, 0x00,
    0x00, 0x02, 0xE0, 0x00, 0x00, 0x00, 0xFC, 0x00, 0x00, 0x00, 0x1F, 0x00, 0x00, 0x00, 0x03, 0xC0,
    0x00, 0x00, 0x00, 0xF0, 0x00, 0x00, 0x00, 0xB0, 0x00, 0x00, 0x00, 0x24, 0x00, 0x00, 0x00, 0x0C,
    0x00, 0x00, 0x01, 0xF8, 0x00, 0x00, 0x1F, 0x80, 0x00, 0x01, 0xF4, 0x00, 0x00, 0x2F, 0x40, 0x00,
    0x00, 0x30, 0x00, 0x00, 0x00, 0x00, 0x00, 0x00, 0x3F, 0xFF, 0x00, 0x00, 0xFF, 0xFC, 0x00, 0x00,
    0x1F, 0x00, 0x00, 0x00, 0x7C, 0x00, 0x00, 0x01, 0xF0, 0x00, 0x00, 0x07, 0xC0, 0x00, 0x00, 0x1F,
    0x00, 0x00, 0x00, 0x7C, 0x00, 0x00, 0x01, 0xF0, 0x00, 0x00, 0x07, 0xC0, 0x00, 0x00, 0x1F, 0x00,
    0x00, 0x00, 0xBC, 0x00, 0x00, 0x02, 0xF0, 0x00, 0x00, 0x0B, 0xC0, 0x00, 0x00, 0x2F, 0x00, 0x00,
    0x00, 0xBC, 0x00, 0x00, 0x02, 0xF0, 0x00, 0x3C, 0x0B, 0xC0, 0x00, 0xF0, 0x2F, 0x00, 0x03, 0xCF,
    0xFF, 0xFF, 0xFF, 0x3F, 0xFF, 0xFF, 0xFC, 0x00, 0x06, 0x00, 0x07, 0xD0, 0x0B, 0xD0, 0x0B, 0xD0,
    0x0B, 0xC0, 0x1F, 0xFC, 0x07, 0xFF, 0x00, 0x07, 0xC0, 0x01, 0xF0, 0x00, 0x7C, 0x00, 0x1F, 0x00,
    0x07, 0xC0, 0x01, 0xF0, 0x00, 0x7C, 0x00, 0x1F, 0x00, 0x07, 0xC0, 0x01, 0xF0, 0x00, 0x7C, 0x00,
    0x1F, 0x00, 0x07, 0xC0, 0x01, 0xF0, 0x00, 0x7C, 0x00, 0x1F, 0x00, 0x0B, 0xC0, 0x02, 0xF0, 0x00,
    0xBC, 0x02, 0xFF, 0xF0, 0xBF, 0xFC, 0xFF, 0xFC, 0x00, 0x03, 0xFF, 0xF0, 0x00, 0x00, 0x7C, 0x00,
    0x00, 0x01, 0xF0, 0x00, 0x00, 0x07, 0xC0, 0x00, 0x00, 0x1F, 0x00, 0x00, 0x00, 0x7C, 0x00, 0x00,
    0x01, 0xF0, 0x00, 0x00, 0x07, 0xC0, 0x00, 0x00, 0x1F, 0x00, 0x00, 0x00, 0x7C, 0x00, 0x00, 0x02,
    0xF0, 0x00, 0x00, 0x0B, 0xC0, 0x00, 0x00, 0x2F, 0x00, 0x00, 0x00, 0xBC, 0x00, 0x00, 0x02, 0xF0,
    0x00, 0x00, 0x0B, 0xC0, 0x00, 0xF0, 0x2F, 0x00, 0x03, 0xC0, 0xBC, 0x00, 0x0F, 0x3F, 0xFF, 0xFF,
    0xFC, 0xFF, 0xFF, 0xFF, 0xF0, 0x00, 0x00, 0x00, 0x00, 0x00, 0xF0, 0x00, 0x00, 0x07, 0xE0, 0x00,
    0x00, 0x0F, 0x80, 0x00, 0x00, 0x1E, 0x00, 0x00, 0x00, 0xB0, 0x00, 0x00, 0x03, 0x80, 0x00, 0x00,
    0x18, 0x00, 0x00, 0x7F, 0xF0, 0x1F, 0xFC, 0x00, 0x1F, 0x00, 0x07, 0xC0, 0x01, 0xF0, 0x00, 0x7C,
    0x00, 0x1F, 0x00, 0x07, 0xC0, 0x01, 0xF0, 0x00, 0x7C, 0x00, 0x1F, 0x00, 0x07, 0xC0, 0x01, 0xF0,
    0x00, 0x7C, 0x00, 0x1F, 0x00, 0x07, 0xC0, 0x01, 0xF0, 0x00, 0x7C, 0x00, 0x2F, 0x00, 0x0B, 0xC0,
    0x02, 0xF0, 0x0B, 0xFF, 0xC2, 0xFF, 0xF0, 0x00, 0x00, 0x02, 0xD0, 0x00, 0xFC, 0x00, 0x1F, 0x00,
    0x03, 0xC0, 0x00, 0xE0, 0x00, 0xB0, 0x00, 0x20, 0x00, 0x00, 0x00, 0x3D, 0x00, 0x00, 0x00, 0xFC,
    0x0F, 0xFF, 0xC2, 0xF0, 0x3F, 0xFF, 0x03, 0xC0, 0x07, 0xC0, 0x0D, 0x00, 0x1F, 0x00, 0xF0, 0x00,
    0x7C, 0x02, 0x00, 0x01, 0xF0, 0x00, 0x00, 0x07, 0xC0, 0x00, 0x00, 0x1F, 0x00, 0x00, 0x00, 0x7C,
    0x00, 0x00, 0x01, 0xF0, 0x00, 0x00, 0x07, 0xC0, 0x00, 0x00, 0x2F, 0x00, 0x00, 0x00, 0xBC, 0x00,
    0x00, 0x02, 0xF0, 0x00, 0x00, 0x0B, 0xC0, 0x00, 0x00, 0x2F, 0x00, 0x00, 0x00, 0xBC, 0x00, 0x0F,
    0x02, 0xF0, 0x00, 0x3C, 0x0B, 0xC0, 0x00, 0xF3, 0xFF, 0xFF, 0xFF, 0xCF, 0xFF, 0xFF, 0xFF, 0x00,
    0x7F, 0xF0, 0x01, 0xFF, 0xC3, 0xC0, 0x1F, 0x1F, 0x80, 0x7C, 0x3F, 0x01, 0xF0, 0x78, 0x07, 0xC1,
    0xD0, 0x1F, 0x0E, 0x00, 0x7C, 0x20, 0x01, 0xF0, 0x00, 0x07, 0xC0, 0x00, 0x1F, 0x00, 0x00, 0x7C,
    0x00, 0x01, 0xF0, 0x00, 0x07, 0xC0, 0x00, 0x1F, 0x00, 0x00, 0x7C, 0x00, 0x01, 0xF0, 0x00, 0x07,
    0xC0, 0x00, 0x2F, 0x00, 0x00, 0xBC, 0x00, 0x02, 0xF0, 0x00, 0xBF, 0xFC, 0x02, 0xFF, 0xF0, 0x00,
    0xFF, 0xFC, 0x00, 0x03, 0xFF, 0xF0, 0x00, 0x00, 0x7C, 0x00, 0x00, 0x01, 0xF0, 0x00, 0x00, 0x07,
    0xC0, 0x00, 0x00, 0x1F, 0x00, 0x00, 0x00, 0x7C, 0x00, 0x00, 0x01, 0xF0, 0x00, 0x00, 0x07, 0xC0,
    0x00, 0x00, 0x1F, 0x00, 0x1F, 0x00, 0x7C, 0x00, 0xFD, 0x02, 0xF0, 0x01, 0xF0, 0x0B, 0xC0, 0x00,
    0x00, 0x2F, 0x00, 0x00, 0x00, 0xBC, 0x00, 0x00, 0x02, 0xF0, 0x00, 0x00, 0x0B, 0xC0, 0x00, 0xF0,
    0x2F, 0x00, 0x03, 0xC0, 0xBC, 0x00, 0x0F, 0x3F, 0xFF, 0xFF, 0xFC, 0xFF, 0xFF, 0xFF, 0xF0, 0x7F,
    0xF0, 0x01, 0xFF, 0xC0, 0x00, 0x1F, 0x00, 0x00, 0x7C, 0x00, 0x01, 0xF0, 0x00, 0x07, 0xC0, 0x00,
    0x1F, 0x00, 0x00, 0x7C, 0x00, 0x01, 0xF0, 0x00, 0x07, 0xC0, 0x00, 0x1F, 0x00, 0x00, 0x7C, 0x3D,
    0x01, 0xF2, 0xF8, 0x07, 0xC3, 0xD0, 0x1F, 0x00, 0x00, 0x7C, 0x00, 0x01, 0xF0, 0x00, 0x07, 0xC0,
    0x00, 0x2F, 0x00, 0x00, 0xBC, 0x00, 0x02, 0xF0, 0x00, 0xBF, 0xFC, 0x02, 0xFF, 0xF0, 0x00, 0x3F,
    0xFF, 0x00, 0x00, 0x3F, 0xFF, 0x00, 0x00, 0x01, 0xF0, 0x00, 0x00, 0x01, 0xF0, 0x00, 0x00, 0x01,
    0xF0, 0x08, 0x00, 0x01, 0xF0, 0x2C, 0x00, 0x01, 0xF0, 0xF4, 0x00, 0x01, 0xF3, 0xC0, 0x00, 0x01,
    0xFF, 0x00, 0x00, 0x01, 0xF8, 0x00, 0x00, 0x02, 0xF0, 0x00, 0x00, 0x0B, 0xF0, 0x00, 0x00, 0x2E,
    0xF0, 0x00, 0x00, 0x72, 0xF0, 0x00, 0x00, 0x42, 0xF0, 0x00, 0x00, 0x02, 0xF0, 0x00, 0x00, 0x02,
    0xF0, 0x00, 0x3C, 0x02, 0xF0, 0x00, 0x3C, 0x02, 0xF0, 0x00, 0x3C, 0x3F, 0xFF, 0xFF, 0xFC, 0x3F,
    0xFF, 0xFF, 0xFC, 0x7F, 0xF0, 0x1F, 0xFC, 0x00, 0x1F, 0x00, 0x07, 0xC0, 0x01, 0xF0, 0x00, 0x7C,
    0x00, 0x1F, 0x00, 0x07, 0xC0, 0x01, 0xF2, 0x80, 0x7F, 0xD0, 0x1F, 0xE0, 0x0B, 0xC0, 0x0F, 0xF0,
    0x0F, 0xFC, 0x03, 0x1F, 0x00, 0x07, 0xC0, 0x01, 0xF0, 0x00, 0x7C, 0x00, 0x2F, 0x00, 0x0B, 0xC0,
    0x02, 0xF0, 0x0B, 0xFF, 0xC2, 0xFF, 0xF0, 0x00, 0x00, 0x00, 0x0D, 0x00, 0x00, 0x00, 0x00, 0x00,
    0xFC, 0x00, 0x00, 0x00, 0x00, 0x0F, 0x80, 0x00, 0x00, 0x00, 0x01, 0xF8, 0x00, 0x00, 0x00, 0x00,
    0x1F, 0x40, 0x00, 0x00, 0x00, 0x00, 0x24, 0x00, 0x00, 0x00, 0x00, 0x00, 0x00, 0x00, 0x00, 0x0F,
    0xFC, 0x00, 0x00, 0xBF, 0xFC, 0x3F, 0xFC, 0x00, 0x02, 0xFF, 0xF0, 0x07, 0xF8, 0x00, 0x00, 0x3C,
    0x00, 0x1F, 0xF0, 0x00, 0x00, 0xF0, 0x00, 0x7B, 0xF0, 0x00, 0x03, 0xC0, 0x01, 0xE7, 0xE0, 0x00,
    0x0F, 0x00, 0x07, 0x8B, 0xD0, 0x00, 0x3C, 0x00, 0x1E, 0x0F, 0xC0, 0x00, 0xF0, 0x00, 0x74, 0x0F,
    0xC0, 0x03, 0xC0, 0x01, 0xD0, 0x1F, 0x80, 0x0F, 0x00, 0x07, 0x40, 0x2F, 0x40, 0x3C, 0x00, 0x2D,
    0x00, 0x3F, 0x00, 0xF0, 0x00, 0xB4, 0x00, 0x7E, 0x03, 0xC0, 0x02, 0xD0, 0x00, 0xBD, 0x0F, 0x00,
    0x0B, 0x40, 0x00, 0xFC, 0x3C, 0x00, 0x2D, 0x00, 0x00, 0xFC, 0xF0, 0x00, 0xB4, 0x00, 0x01, 0xFB,
    0xC0, 0x02, 0xD0, 0x00, 0x02, 0xFF, 0x00, 0x0B, 0x40, 0x00, 0x03, 0xFC, 0x03, 0xFF, 0xF0, 0x00,
    0x03, 0xF0, 0x0F, 0xFF, 0xC0, 0x00, 0x0B, 0xC0, 0x00, 0x00, 0x02, 0x40, 0x00, 0x00, 0x00, 0xFC,
    0x00, 0x00, 0x00, 0x3F, 0x00, 0x00, 0x00, 0x1F, 0x80, 0x00, 0x00, 0x07, 0xE0, 0x00, 0x00, 0x00,
    0x24, 0x00, 0x00, 0x00, 0x00, 0x00, 0x00, 0x00, 0x00, 0x00, 0x00, 0x00, 0x00, 0x00, 0x00, 0x00,
    0x0F, 0xFC, 0x1F, 0xF8, 0x00, 0xFF, 0xCF, 0xFF, 0xF0, 0x00, 0x7F, 0xD0, 0x2F, 0x80, 0x07, 0xF0,
    0x00, 0xFC, 0x00, 0x7D, 0x00, 0x07, 0xC0, 0x07, 0xC0, 0x00, 0x7C, 0x00, 0x7C, 0x00, 0x03, 0xC0,
    0x07, 0xC0, 0x00, 0x3C, 0x00, 0x7C, 0x00, 0x03, 0xC0, 0x07, 0xC0, 0x00, 0x7C, 0x00, 0x7C, 0x00,
    0x07, 0xC0, 0x0B, 0xC0, 0x00, 0x7C, 0x00, 0xBC, 0x00, 0x07, 0xC0, 0x7F, 0xFC, 0x07, 0xFF, 0xC7,
    0xFF, 0xC0, 0x7F, 0xFC, 0x3F, 0xF0, 0x00, 0x02, 0xFF, 0xF0, 0xFF, 0xF0, 0x00, 0x0B, 0xFF, 0xC0,
    0x1F, 0xE0, 0x00, 0x00, 0xF0, 0x00, 0x7F, 0xC0, 0x00, 0x03, 0xC0, 0x01, 0xEF, 0xC0, 0x00, 0x0F,
    0x00, 0x07, 0x9F, 0x80, 0x00, 0x3C, 0x00, 0x1E, 0x2F, 0x40, 0x00, 0xF0, 0x00, 0x78, 0x3F, 0x00,
    0x03, 0xC0, 0x01, 0xD0, 0x3F, 0x00, 0x0F, 0x00, 0x07, 0x40, 0x7E, 0x00, 0x3C, 0x00, 0x1D, 0x00,
    0xBD, 0x00, 0xF0, 0x00, 0xB4, 0x00, 0xFC, 0x03, 0xC0, 0x02, 0xD0, 0x01, 0xF8, 0x0F, 0x00, 0x0B,
    0x40, 0x02, 0xF4, 0x3C, 0x00, 0x2D, 0x00, 0x03, 0xF0, 0xF0, 0x00, 0xB4, 0x00, 0x03, 0xF3, 0xC0,
    0x02, 0xD0, 0x00, 0x07, 0xEF, 0x00, 0x0B, 0x40, 0x00, 0x0B, 0xFC, 0x00, 0x2D, 0x00, 0x00, 0x0F,
    0xF0, 0x0F, 0xFF, 0xC0, 0x00, 0x0F, 0xC0, 0x3F, 0xFF, 0x00, 0x00, 0x2F, 0x00, 0x00, 0x00, 0x00,
    0x00, 0x00, 0x00, 0x00, 0x00, 0xB4, 0x00, 0x00, 0x00, 0x00, 0x03, 0xF0, 0x00, 0x00, 0x00, 0x00,
    0x0B, 0xC0, 0x00, 0x00, 0x00, 0x00, 0x0F, 0x00, 0x00, 0x00, 0x00, 0x00, 0x38, 0x00, 0x00, 0x00,
    0x00, 0x02, 0xC0, 0x00, 0x00, 0x00, 0x00, 0x08, 0x00, 0x00, 0x00, 0xFF, 0xC1, 0xFF, 0x80, 0x0F,
    0xFC, 0xFF, 0xFF, 0x00, 0x07, 0xFD, 0x02, 0xF8, 0x00, 0x7F, 0x00, 0x0F, 0xC0, 0x07, 0xD0, 0x00,
    0x7C, 0x00, 0x7C, 0x00, 0x07, 0xC0, 0x07, 0xC0, 0x00, 0x3C, 0x00, 0x7C, 0x00, 0x03, 0xC0, 0x07,
    0xC0, 0x00, 0x3C, 0x00, 0x7C, 0x00, 0x07, 0xC0, 0x07, 0xC0, 0x00, 0x7C, 0x00, 0xBC, 0x00, 0x07,
    0xC0, 0x0B, 0xC0, 0x00, 0x7C, 0x07, 0xFF, 0xC0, 0x7F, 0xFC, 0x7F, 0xFC, 0x07, 0xFF, 0xC0, 0x00,
    0x00, 0x00, 0x00, 0x00, 0x01, 0xE0, 0x00, 0x00, 0x00, 0x2F, 0x40, 0x00, 0x00, 0x00, 0xF8, 0x00,
    0x00, 0x00, 0x0B, 0x40, 0x00, 0x00, 0x00, 0xB0, 0x00, 0x00, 0x00, 0x1D, 0x00, 0x00, 0x00, 0x01,
    0x80, 0x00, 0x00, 0x00, 0x01, 0x80, 0x03, 0x00, 0x00, 0x00, 0x0F, 0x80, 0x3D, 0x00, 0x00, 0x00,
    0x0B, 0xC7, 0xD0, 0x00, 0x00, 0x00, 0x0B, 0xFD, 0x00, 0x00, 0x00, 0x00, 0x0B, 0xC0, 0x00, 0x00,
    0x00, 0x00, 0x00, 0x00, 0x00, 0x03, 0xFF, 0x00, 0x00, 0x2F, 0xFF, 0x0F, 0xFF, 0x00, 0x00, 0xBF,
    0xFC, 0x01, 0xFE, 0x00, 0x00, 0x0F, 0x00, 0x07, 0xFC, 0x00, 0x00, 0x3C, 0x00, 0x1E, 0xFC, 0x00,
    0x00, 0xF0, 0x00, 0x79, 0xF8, 0x00, 0x03, 0xC0, 0x01, 0xE2, 0xF4, 0x00, 0x0F, 0x00, 0x07, 0x83,
    0xF0, 0x00, 0x3C, 0x00, 0x1D, 0x03, 0xF0, 0x00, 0xF0, 0x00, 0x74, 0x07, 0xE0, 0x03, 0xC0, 0x01,
    0xD0, 0x0B, 0xD0, 0x0F, 0x00, 0x0B, 0x40, 0x0F, 0xC0, 0x3C, 0x00, 0x2D, 0x00, 0x1F, 0x80, 0xF0,
    0x00, 0xB4, 0x00, 0x2F, 0x43, 0xC0, 0x02, 0xD0, 0x00, 0x3F, 0x0F, 0x00, 0x0B, 0x40, 0x00, 0x3F,
    0x3C, 0x00, 0x2D, 0x00, 0x00, 0x7E, 0xF0, 0x00, 0xB4, 0x00, 0x00, 0xBF, 0xC0, 0x02, 0xD0, 0x00,
    0x00, 0xFF, 0x00, 0xFF, 0xFC, 0x00, 0x00, 0xFC, 0x03, 0xFF, 0xF0, 0x00, 0x02, 0xF0, 0x00, 0x00,
    0x60, 0x01, 0x80, 0x00, 0x0F, 0x80, 0x7D, 0x00, 0x00, 0x3E, 0x1F, 0x40, 0x00, 0x00, 0xBF, 0xC0,
    0x00, 0x00, 0x02, 0xF0, 0x00, 0x00, 0x00, 0x00, 0x00, 0x00, 0x00, 0x00, 0x00, 0x00, 0x00, 0x00,
    0x00, 0x00, 0x00, 0xFF, 0xC1, 0xFF, 0x80, 0x0F, 0xFC, 0xFF, 0xFF, 0x00, 0x07, 0xFD, 0x02, 0xF8,
    0x00, 0x7F, 0x00, 0x0F, 0xC0, 0x07, 0xD0, 0x00, 0x7C, 0x00, 0x7C, 0x00, 0x07, 0xC0, 0x07, 0xC0,
    0x00, 0x3C, 0x00, 0x7C, 0x00, 0x03, 0xC0, 0x07, 0xC0, 0x00, 0x3C, 0x00, 0x7C, 0x00, 0x07, 0xC0,
    0x07, 0xC0, 0x00, 0x7C, 0x00, 0xBC, 0x00, 0x07, 0xC0, 0x0B, 0xC0, 0x00, 0x7C, 0x07, 0xFF, 0xC0,
    0x7F, 0xFC, 0x7F, 0xFC, 0x07, 0xFF, 0xC0, 0x3C, 0x00, 0x00, 0x00, 0x00, 0x1F, 0x80, 0x00, 0x00,
    0x00, 0x03, 0xE0, 0x00, 0x00, 0x00, 0x00, 0x78, 0x00, 0x00, 0x00, 0x00, 0x1C, 0x00, 0x00, 0x00,
    0x00, 0x0E, 0xFF, 0xC1, 0xFF, 0x80, 0x06, 0x3F, 0xF3, 0xFF, 0xFC, 0x00, 0x00, 0x7F, 0xD0, 0x2F,
    0x80, 0x00, 0x1F, 0xC0, 0x03, 0xF0, 0x00, 0x07, 0xD0, 0x00, 0x7C, 0x00, 0x01, 0xF0, 0x00, 0x1F,
    0x00, 0x00, 0x7C, 0x00, 0x03, 0xC0, 0x00, 0x1F, 0x00, 0x00, 0xF0, 0x00, 0x07, 0xC0, 0x00, 0x3C,
    0x00, 0x01, 0xF0, 0x00, 0x1F, 0x00, 0x00, 0x7C, 0x00, 0x07, 0xC0, 0x00, 0x2F, 0x00, 0x01, 0xF0,
    0x00, 0x0B, 0xC0, 0x00, 0x7C, 0x00, 0x1F, 0xFF, 0x01, 0xFF, 0xF0, 0x07, 0xFF, 0xC0, 0x7F, 0xFC,
    0x00, 0x0F, 0xFF, 0xF0, 0x00, 0x00, 0x0F, 0xFF, 0xF0, 0x00, 0x00, 0x00, 0x00, 0x00, 0x00, 0x00,
    0x06, 0xFF, 0x90, 0x00, 0x00, 0x7F, 0xFF, 0xFD, 0x00, 0x01, 0xFD, 0x00, 0x7F, 0x80, 0x07, 0xE0,
    0x00, 0x0B, 0xE0, 0x0F, 0xC0, 0x00, 0x03, 0xF0, 0x2F, 0x00, 0x00, 0x00, 0xF8, 0x3F, 0x00, 0x00,
    0x00, 0xFC, 0x3D, 0x00, 0x00, 0x00, 0x7D, 0x7D, 0x00, 0x00, 0x00, 0x3D, 0x7C, 0x00, 0x00, 0x00,
    0x3E, 0xBC, 0x00, 0x00, 0x00, 0x3E, 0xBC, 0x00, 0x00, 0x00, 0x3D, 0x7D, 0x00, 0x00, 0x00, 0x3D,
    0x7D, 0x00, 0x00, 0x00, 0x7C, 0x3F, 0x00, 0x00, 0x00, 0xBC, 0x2F, 0x00, 0x00, 0x00, 0xF8, 0x0F,
    0xC0, 0x00, 0x03, 0xF0, 0x07, 0xE0, 0x00, 0x0B, 0xD0, 0x02, 0xFD, 0x00, 0x7F, 0x80, 0x00, 0x7F,
    0xFF, 0xFD, 0x00, 0x00, 0x06, 0xFF, 0x90, 0x00, 0x01, 0xFF, 0xFE, 0x00, 0x07, 0xFF, 0xF8, 0x00,
    0x00, 0x00, 0x00, 0x00, 0x00, 0x00, 0x00, 0x00, 0x00, 0x00, 0x00, 0x01, 0xBF, 0xD0, 0x00, 0x3F,
    0xFF, 0xF4, 0x03, 0xF4, 0x07, 0xF4, 0x2F, 0x00, 0x03, 0xF0, 0xF4, 0x00, 0x07, 0xD7, 0xC0, 0x00,
    0x0F, 0xAF, 0x00, 0x00, 0x2F, 0xBC, 0x00, 0x00, 0xBE, 0xF0, 0x00, 0x02, 0xE7, 0xC0, 0x00, 0x0F,
    0x8F, 0x80, 0x00, 0x7D, 0x3F, 0x00, 0x03, 0xF0, 0x3F, 0x40, 0x7F, 0x00, 0x3F, 0xFF, 0xF0, 0x00,
    0x1B, 0xFD, 0x00, 0x00, 0x1C, 0x00, 0x34, 0x00, 0x00, 0x2E, 0x00, 0xB4, 0x00, 0x00, 0x0F, 0x41,
    0xF0, 0x00, 0x00, 0x07, 0xFF, 0xD0, 0x00, 0x00, 0x01, 0xFF, 0x40, 0x00, 0x00, 0x00, 0x00, 0x00,
    0x00, 0x00, 0x06, 0xFF, 0x90, 0x00, 0x00, 0x7F, 0xFF, 0xFD, 0x00, 0x01, 0xFD, 0x00, 0x7F, 0x80,
    0x07, 0xE0, 0x00, 0x0B, 0xE0, 0x0F, 0xC0, 0x00, 0x03, 0xF0, 0x2F, 0x00, 0x00, 0x00, 0xF8, 0x3F,
    0x00, 0x00, 0x00, 0xFC, 0x3D, 0x00, 0x00, 0x00, 0x7D, 0x7D, 0x00, 0x00, 0x00, 0x3D, 0x7C, 0x00,
    0x00, 0x00, 0x3E, 0xBC, 0x00, 0x00, 0x00, 0x3E, 0xBC, 0x00, 0x00, 0x00, 0x3D, 0x7D, 0x00, 0x00,
    0x00, 0x3D, 0x7D, 0x00, 0x00, 0x00, 0x7C, 0x3F, 0x00, 0x00, 0x00, 0xBC, 0x2F, 0x00, 0x00, 0x00,
    0xF8, 0x0F, 0xC0, 0x00, 0x03, 0xF0, 0x07, 0xE0, 0x00, 0x0B, 0xD0, 0x02, 0xFD, 0x00, 0x7F, 0x80,
    0x00, 0x7F, 0xFF, 0xFD, 0x00, 0x00, 0x06, 0xFF, 0x90, 0x00, 0x02, 0x80, 0x07, 0x00, 0x0F, 0x00,
    0x3C, 0x00, 0x1F, 0x02, 0xF0, 0x00, 0x3F, 0xFF, 0x00, 0x00, 0x2F, 0xE0, 0x00, 0x00, 0x00, 0x00,
    0x00, 0x00, 0x00, 0x00, 0x00, 0x00, 0x00, 0x00, 0x00, 0x6F, 0xF4, 0x00, 0x0F, 0xFF, 0xFD, 0x00,
    0xFD, 0x01, 0xFD, 0x0B, 0xC0, 0x00, 0xFC, 0x3D, 0x00, 0x01, 0xF5, 0xF0, 0x00, 0x03, 0xEB, 0xC0,
    0x00, 0x0B, 0xEF, 0x00, 0x00, 0x2F, 0xBC, 0x00, 0x00, 0xB9, 0xF0, 0x00, 0x03, 0xE3, 0xE0, 0x00,
    0x1F, 0x4F, 0xC0, 0x00, 0xFC, 0x0F, 0xD0, 0x1F, 0xC0, 0x0F, 0xFF, 0xFC, 0x00, 0x06, 0xFF, 0x40,
    0x00, 0x00, 0x00, 0x18, 0x01, 0xC0, 0x00, 0x00, 0xBD, 0x07, 0xE0, 0x00, 0x02, 0xF4, 0x1F, 0x80,
    0x00, 0x0B, 0xC0, 0xBD, 0x00, 0x00, 0x3F, 0x02, 0xF4, 0x00, 0x00, 0x18, 0x00, 0xC0, 0x00, 0x00,
    0x00, 0x00, 0x00, 0x00, 0x00, 0x06, 0xFF, 0x90, 0x00, 0x00, 0x7F, 0xFF, 0xFD, 0x00, 0x01, 0xFD,
    0x00, 0x7F, 0x80, 0x07, 0xE0, 0x00, 0x0B, 0xE0, 0x0F, 0xC0, 0x00, 0x03, 0xF0, 0x2F, 0x00, 0x00,
    0x00, 0xF8, 0x3F, 0x00, 0x00, 0x00, 0xFC, 0x3D, 0x00, 0x00, 0x00, 0x7D, 0x7D, 0x00, 0x00, 0x00,
    0x3D, 0x7C, 0x00, 0x00, 0x00, 0x3E, 0xBC, 0x00, 0x00, 0x00, 0x3E, 0xBC, 0x00, 0x00, 0x00, 0x3D,
    0x7D, 0x00, 0x00, 0x00, 0x3D, 0x7D, 0x00, 0x00, 0x00, 0x7C, 0x3F, 0x00, 0x00, 0x00, 0xBC, 0x2F,
    0x00, 0x00, 0x00, 0xF8, 0x0F, 0xC0, 0x00, 0x03, 0xF0, 0x07, 0xE0, 0x00, 0x0B, 0xD0, 0x02, 0xFD,
    0x00, 0x7F, 0x80, 0x00, 0x7F, 0xFF, 0xFD, 0x00, 0x00, 0x06, 0xFF, 0x90, 0x00, 0x00, 0x03, 0x00,
    0x24, 0x00, 0x1F, 0x80, 0xFC, 0x00, 0x7E, 0x03, 0xF0, 0x01, 0xF4, 0x1F, 0x80, 0x07, 0xD0, 0x7E,
    0x00, 0x03, 0x00, 0x24, 0x00, 0x00, 0x00, 0x00, 0x00, 0x00, 0x00, 0x00, 0x00, 0x00, 0x00, 0x00,
    0x00, 0x00, 0x6F, 0xF4, 0x00, 0x03, 0xFF, 0xFF, 0x40, 0x0F, 0xD0, 0x1F, 0xD0, 0x2F, 0x00, 0x03,
    0xF0, 0x3D, 0x00, 0x01, 0xF4, 0x7C, 0x00, 0x00, 0xF8, 0xBC, 0x00, 0x00, 0xBC, 0xBC, 0x00, 0x00,
    0xBC, 0xBC, 0x00, 0x00, 0xB8, 0x7C, 0x00, 0x00, 0xF8, 0x3E, 0x00, 0x01, 0xF4, 0x3F, 0x00, 0x03,
    0xF0, 0x0F, 0xD0, 0x1F, 0xC0, 0x03, 0xFF, 0xFF, 0x00, 0x00, 0x6F, 0xF4, 0x00, 0x00, 0x01, 0xBF,
    0xFF, 0xFF, 0xFF, 0xF8, 0x00, 0x1F, 0xFF, 0xFF, 0xFF, 0xFF, 0xF8, 0x00, 0xFF, 0x40, 0x03, 0xD0,
    0x00, 0x78, 0x03, 0xF4, 0x00, 0x03, 0xD0, 0x00, 0x78, 0x0F, 0xD0, 0x00, 0x03, 0xD0, 0x00, 0x78,
    0x1F, 0x80, 0x00, 0x03, 0xD0, 0x00, 0x00, 0x3F, 0x00, 0x00, 0x03, 0xD0, 0x00, 0x00, 0x3E, 0x00,
    0x00, 0x03, 0xD0, 0x00, 0x00, 0x7D, 0x00, 0x00, 0x03, 0xD0, 0x00, 0x00, 0x7D, 0x00, 0x00, 0x03,
    0xFF, 0xFF, 0x00, 0x7C, 0x00, 0x00, 0x03, 0xFF, 0xFF, 0x00, 0x7D, 0x00, 0x00, 0x03, 0xD0, 0x00,
    0x00, 0x7D, 0x00, 0x00, 0x03, 0xD0, 0x00, 0x00, 0x3E, 0x00, 0x00, 0x03, 0xD0, 0x00, 0x00, 0x3F,
    0x00, 0x00, 0x03, 0xD0, 0x00, 0x00, 0x2F, 0x40, 0x00, 0x03, 0xD0, 0x00, 0x00, 0x0F, 0xC0, 0x00,
    0x03, 0xD0, 0x00, 0x3C, 0x07, 0xF4, 0x00, 0x03, 0xD0, 0x00, 0x3C, 0x01, 0xFF, 0x40, 0x03, 0xD0,
    0x00, 0x7C, 0x00, 0x2F, 0xFF, 0xFF, 0xFF, 0xFF, 0xFC, 0x00, 0x01, 0xBF, 0xFF, 0xFF, 0xFF, 0xFC,
    0x00, 0x6F, 0xE4, 0x01, 0xFF, 0x40, 0x00, 0xFF, 0xFF, 0x83, 0xFF, 0xFC, 0x00, 0xFD, 0x01, 0xF7,
    0xE0, 0x1F, 0xC0, 0xFC, 0x00, 0x1F, 0xE0, 0x01, 0xF4, 0x7D, 0x00, 0x03, 0xF0, 0x00, 0x2E, 0x2F,
    0x00, 0x00, 0xBC, 0x00, 0x0B, 0xCB, 0xC0, 0x00, 0x2F, 0xFF, 0xFF, 0xF3, 0xE0, 0x00, 0x0B, 0xFF,
    0xFF, 0xFC, 0xBC, 0x00, 0x02, 0xF0, 0x00, 0x00, 0x2F, 0x00, 0x00, 0xBC, 0x00, 0x00, 0x07, 0xD0,
    0x00, 0x3F, 0x00, 0x00, 0x00, 0xFC, 0x00, 0x1F, 0xF0, 0x00, 0x00, 0x1F, 0xD0, 0x1F, 0x3F, 0x40,
    0x1D, 0x01, 0xFF, 0xFF, 0x47, 0xFF, 0xFF, 0x00, 0x0B, 0xFE, 0x00, 0x2F, 0xF9, 0x00, 0x00, 0x00,
    0x0C, 0x00, 0x00, 0x00, 0x03, 0xE0, 0x00, 0x00, 0x01, 0xF8, 0x00, 0x00, 0x00, 0x7E, 0x00, 0x00,
    0x00, 0x1F, 0x40, 0x00, 0x00, 0x00, 0xD0, 0x00, 0x00, 0x00, 0x00, 0x00, 0x00, 0x0B, 0xFF, 0xFF,
    0x90, 0x00, 0xBF, 0xFF, 0xFF, 0xC0, 0x00, 0x7C, 0x01, 0xBF, 0x00, 0x07, 0xC0, 0x02, 0xF4, 0x00,
    0x7C, 0x00, 0x0F, 0x80, 0x07, 0xC0, 0x00, 0xF8, 0x00, 0x7C, 0x00, 0x0F, 0x40, 0x07, 0xC0, 0x00,
    0xF0, 0x00, 0x7C, 0x00, 0x3E, 0x00, 0x07, 0xC0, 0x1F, 0xC0, 0x00, 0x7F, 0xFF, 0xD0, 0x00, 0x07,
    0xFF, 0xFC, 0x00, 0x00, 0x7C, 0x0B, 0xF0, 0x00, 0x07, 0xC0, 0x2F, 0x40, 0x00, 0x7C, 0x00, 0xFC,
    0x00, 0x07, 0xC0, 0x07, 0xE0, 0x00, 0x7C, 0x00, 0x3F, 0x00, 0x07, 0xC0, 0x00, 0xF8, 0x00, 0x7C,
    0x00, 0x0B, 0xD0, 0xBF, 0xFD, 0x00, 0x3F, 0xEB, 0xFF, 0xD0, 0x00, 0xBE, 0x00, 0x01, 0x80, 0x00,
    0x0B, 0xD0, 0x00, 0x2F, 0x40, 0x00, 0xFC, 0x00, 0x03, 0xF0, 0x00, 0x01, 0x80, 0x00, 0x00, 0x00,
    0x00, 0x00, 0x00, 0x00, 0x00, 0x00, 0x00, 0xFF, 0xC2, 0xFD, 0xFF, 0xCB, 0xFC, 0x07, 0xDE, 0x00,
    0x07, 0xF4, 0x00, 0x07, 0xF0, 0x00, 0x07, 0xD0, 0x00, 0x07, 0xC0, 0x00, 0x07, 0xC0, 0x00, 0x07,
    0xC0, 0x00, 0x07, 0xC0, 0x00, 0x07, 0xC0, 0x00, 0x0B, 0xC0, 0x00, 0x0B, 0xC0, 0x00, 0xBF, 0xFD,
    0x00, 0xBF, 0xFD, 0x00, 0xBF, 0xFF, 0xF9, 0x00, 0x0B, 0xFF, 0xFF, 0xFC, 0x00, 0x07, 0xC0, 0x1B,
    0xF0, 0x00, 0x7C, 0x00, 0x2F, 0x40, 0x07, 0xC0, 0x00, 0xF8, 0x00, 0x7C, 0x00, 0x0F, 0x80, 0x07,
    0xC0, 0x00, 0xF4, 0x00, 0x7C, 0x00, 0x0F, 0x00, 0x07, 0xC0, 0x03, 0xE0, 0x00, 0x7C, 0x01, 0xFC,
    0x00, 0x07, 0xFF, 0xFD, 0x00, 0x00, 0x7F, 0xFF, 0xC0, 0x00, 0x07, 0xC0, 0xBF, 0x00, 0x00, 0x7C,
    0x02, 0xF4, 0x00, 0x07, 0xC0, 0x0F, 0xC0, 0x00, 0x7C, 0x00, 0x7E, 0x00, 0x07, 0xC0, 0x03, 0xF0,
    0x00, 0x7C, 0x00, 0x0F, 0x80, 0x07, 0xC0, 0x00, 0xBD, 0x0B, 0xFF, 0xD0, 0x03, 0xFE, 0xBF, 0xFD,
    0x00, 0x0B, 0xE0, 0x00, 0x00, 0x00, 0x00, 0x00, 0x01, 0xE0, 0x00, 0x00, 0x00, 0x3F, 0x00, 0x00,
    0x00, 0x01, 0xF4, 0x00, 0x00, 0x00, 0x0F, 0x00, 0x00, 0x00, 0x00, 0xF0, 0x00, 0x00, 0x00, 0x1C,
    0x00, 0x00, 0x00, 0x02, 0x40, 0x00, 0x00, 0xFF, 0xC2, 0xFD, 0xFF, 0xCB, 0xFC, 0x07, 0xDE, 0x00,
    0x07, 0xF4, 0x00, 0x07, 0xF0, 0x00, 0x07, 0xD0, 0x00, 0x07, 0xC0, 0x00, 0x07, 0xC0, 0x00, 0x07,
    0xC0, 0x00, 0x07, 0xC0, 0x00, 0x07, 0xC0, 0x00, 0x0B, 0xC0, 0x00, 0x0B, 0xC0, 0x00, 0xBF, 0xFD,
    0x00, 0xBF, 0xFD, 0x00, 0x00, 0x00, 0x00, 0x0B, 0x40, 0x00, 0x0F, 0xC0, 0x00, 0x07, 0xC0, 0x00,
    0x03, 0xC0, 0x00, 0x03, 0x80, 0x00, 0x0B, 0x00, 0x00, 0x08, 0x00, 0x00, 0x01, 0x80, 0x06, 0x00,
    0x00, 0x3E, 0x01, 0xF4, 0x00, 0x00, 0xF8, 0x7D, 0x00, 0x00, 0x02, 0xFF, 0x00, 0x00, 0x00, 0x0B,
    0xC0, 0x00, 0x00, 0x00, 0x00, 0x00, 0x00, 0xBF, 0xFF, 0xF9, 0x00, 0x0B, 0xFF, 0xFF, 0xFC, 0x00,
    0x07, 0xC0, 0x1B, 0xF0, 0x00, 0x7C, 0x00, 0x2F, 0x40, 0x07, 0xC0, 0x00, 0xF8, 0x00, 0x7C, 0x00,
    0x0F, 0x80, 0x07, 0xC0, 0x00, 0xF4, 0x00, 0x7C, 0x00, 0x0F, 0x00, 0x07, 0xC0, 0x03, 0xE0, 0x00,
    0x7C, 0x01, 0xFC, 0x00, 0x07, 0xFF, 0xFD, 0x00, 0x00, 0x7F, 0xFF, 0xC0, 0x00, 0x07, 0xC0, 0xBF,
    0x00, 0x00, 0x7C, 0x02, 0xF4, 0x00, 0x07, 0xC0, 0x0F, 0xC0, 0x00, 0x7C, 0x00, 0x7E, 0x00, 0x07,
    0xC0, 0x03, 0xF0, 0x00, 0x7C, 0x00, 0x0F, 0x80, 0x07, 0xC0, 0x00, 0xBD, 0x0B, 0xFF, 0xD0, 0x03,
    0xFE, 0xBF, 0xFD, 0x00, 0x0B, 0xE0, 0x30, 0x00, 0x90, 0x7C, 0x03, 0xE0, 0x1F, 0x0F, 0x80, 0x07,
    0xFE, 0x00, 0x01, 0xF4, 0x00, 0x00, 0x00, 0x00, 0x00, 0x00, 0x00, 0x00, 0x00, 0x00, 0xFF, 0xC2,
    0xFD, 0xFF, 0xCB, 0xFC, 0x07, 0xDE, 0x00, 0x07, 0xF4, 0x00, 0x07, 0xF0, 0x00, 0x07, 0xD0, 0x00,
    0x07, 0xC0, 0x00, 0x07, 0xC0, 0x00, 0x07, 0xC0, 0x00, 0x07, 0xC0, 0x00, 0x07, 0xC0, 0x00, 0x0B,
    0xC0, 0x00, 0x0B, 0xC0, 0x00, 0xBF, 0xFD, 0x00, 0xBF, 0xFD, 0x00, 0x00, 0x00, 0x0A, 0x00, 0x00,
    0x00, 0xBC, 0x00, 0x00, 0x0B, 0xC0, 0x00, 0x00, 0xFC, 0x00, 0x00, 0x0F, 0xC0, 0x00, 0x00, 0x18,
    0x00, 0x00, 0x00, 0x00, 0x00, 0x00, 0x1B, 0xFF, 0x90, 0x03, 0xFF, 0xFF, 0xF0, 0x3F, 0x80, 0x1F,
    0xC2, 0xF4, 0x00, 0x1F, 0x0F, 0xC0, 0x00, 0x7C, 0x3E, 0x00, 0x01, 0xF0, 0xFC, 0x00, 0x00, 0x03,
    0xF4, 0x00, 0x00, 0x07, 0xFD, 0x00, 0x00, 0x07, 0xFF, 0xE0, 0x00, 0x02, 0xFF, 0xFD, 0x00, 0x00,
    0x1F, 0xFD, 0x00, 0x00, 0x02, 0xFC, 0x00, 0x00, 0x02, 0xF8, 0x00, 0x00, 0x03, 0xE3, 0xD0, 0x00,
    0x0F, 0x8F, 0x40, 0x00, 0x3E, 0x3D, 0x00, 0x02, 0xF0, 0xFD, 0x00, 0x7F, 0x83, 0xFF, 0xFF, 0xF4,
    0x01, 0xBF, 0xF9, 0x00, 0x00, 0x00, 0x90, 0x00, 0x02, 0xF0, 0x00, 0x0F, 0xC0, 0x00, 0x3F, 0x00,
    0x00, 0xF8, 0x00, 0x00, 0xA0, 0x00, 0x00, 0x00, 0x00, 0x00, 0x00, 0x00, 0x00, 0x00, 0x00, 0x02,
    0xFF, 0xA0, 0x1F, 0xFF, 0xFC, 0x3F, 0x40, 0xBC, 0x7C, 0x00, 0x3C, 0x7C, 0x00, 0x3D, 0x7E, 0x00,
    0x00, 0x3F, 0xE5, 0x00, 0x0B, 0xFF, 0xE0, 0x00, 0x6F, 0xFD, 0x00, 0x00, 0x7F, 0x7C, 0x00, 0x1F,
    0x7C, 0x00, 0x1F, 0x7E, 0x40, 0x7D, 0x7F, 0xFF, 0xF8, 0x1B, 0xFF, 0x90, 0x00, 0x03, 0xE0, 0x00,
    0x00, 0x7F, 0xE0, 0x00, 0x07, 0xD3, 0xE0, 0x00, 0x7D, 0x02, 0xF0, 0x00, 0xC0, 0x02, 0x40, 0x00,
    0x00, 0x00, 0x00, 0x06, 0xFF, 0xE4, 0x00, 0xFF, 0xFF, 0xFC, 0x0F, 0xE0, 0x07, 0xF0, 0xBD, 0x00,
    0x07, 0xC3, 0xF0, 0x00, 0x1F, 0x0F, 0x80, 0x00, 0x7C, 0x3F, 0x00, 0x00, 0x00, 0xFD, 0x00, 0x00,
    0x01, 0xFF, 0x40, 0x00, 0x01, 0xFF, 0xF8, 0x00, 0x00, 0xBF, 0xFF, 0x40, 0x00, 0x07, 0xFF, 0x40,
    0x00, 0x00, 0xBF, 0x00, 0x00, 0x00, 0xBE, 0x00, 0x00, 0x00, 0xF8, 0xF4, 0x00, 0x03, 0xE3, 0xD0,
    0x00, 0x0F, 0x8F, 0x40, 0x00, 0xBC, 0x3F, 0x40, 0x1F, 0xE0, 0xFF, 0xFF, 0xFD, 0x00, 0x6F, 0xFE,
    0x40, 0x00, 0x00, 0x3E, 0x00, 0x00, 0xFF, 0xC0, 0x03, 0xD2, 0xF0, 0x1F, 0x40, 0xBC, 0x09, 0x00,
    0x28, 0x00, 0x00, 0x00, 0x00, 0x00, 0x00, 0x00, 0x00, 0x00, 0x02, 0xFF, 0xA0, 0x1F, 0xFF, 0xFC,
    0x3F, 0x40, 0xBC, 0x7C, 0x00, 0x3C, 0x7C, 0x00, 0x3D, 0x7E, 0x00, 0x00, 0x3F, 0xE5, 0x00, 0x0B,
    0xFF, 0xE0, 0x00, 0x6F, 0xFD, 0x00, 0x00, 0x7F, 0x7C, 0x00, 0x1F, 0x7C, 0x00, 0x1F, 0x7E, 0x40,
    0x7D, 0x7F, 0xFF, 0xF8, 0x1B, 0xFF, 0x90, 0x00, 0x6F, 0xFE, 0x40, 0x0F, 0xFF, 0xFF, 0xC0, 0xFE,
    0x00, 0x7F, 0x0B, 0xD0, 0x00, 0x7C, 0x3F, 0x00, 0x01, 0xF0, 0xF8, 0x00, 0x07, 0xC3, 0xF0, 0x00,
    0x00, 0x0F, 0xD0, 0x00, 0x00, 0x1F, 0xF4, 0x00, 0x00, 0x1F, 0xFF, 0x80, 0x00, 0x0B, 0xFF, 0xF0,
    0x00, 0x00, 0x7F, 0xF4, 0x00, 0x00, 0x0B, 0xF0, 0x00, 0x00, 0x0B, 0xE0, 0x00, 0x00, 0x0F, 0x8F,
    0x40, 0x00, 0x3E, 0x3D, 0x00, 0x00, 0xF8, 0xF4, 0x00, 0x0B, 0xC3, 0xF4, 0x01, 0xFE, 0x0F, 0xFF,
    0xFF, 0xE0, 0x06, 0xFF, 0xF8, 0x00, 0x00, 0x2C, 0x00, 0x00, 0x00, 0xB0, 0x00, 0x00, 0x02, 0xF8,
    0x00, 0x00, 0x00, 0xB8, 0x00, 0x00, 0x02, 0xD0, 0x00, 0x0B, 0xFE, 0x00, 0x00, 0x02, 0xFF, 0xA0,
    0x1F, 0xFF, 0xFC, 0x3F, 0x40, 0xBC, 0x7C, 0x00, 0x3C, 0x7C, 0x00, 0x3D, 0x7E, 0x00, 0x00, 0x3F,
    0xE5, 0x00, 0x0B, 0xFF, 0xE0, 0x00, 0x6F, 0xFD, 0x00, 0x00, 0x7F, 0x7C, 0x00, 0x1F, 0x7C, 0x00,
    0x1F, 0x7E, 0x40, 0x7E, 0x7F, 0xFF, 0xF8, 0x1B, 0xFF, 0x90, 0x00, 0x38, 0x00, 0x00, 0x38, 0x00,
    0x00, 0x3F, 0x40, 0x00, 0x07, 0xC0, 0x00, 0x03, 0xC0, 0x02, 0x07, 0xC0, 0x03, 0xFF, 0xC0, 0x01,
    0xFE, 0x00, 0x02, 0x80, 0x06, 0x00, 0x0F, 0x80, 0x7D, 0x00, 0x0F, 0x87, 0xC0, 0x00, 0x0F, 0xFC,
    0x00, 0x00, 0x0B, 0xC0, 0x00, 0x00, 0x00, 0x00, 0x00, 0x06, 0xFF, 0xE4, 0x00, 0xFF, 0xFF, 0xFC,
    0x0F, 0xE0, 0x07, 0xF0, 0xBD, 0x00, 0x07, 0xC3, 0xF0, 0x00, 0x1F, 0x0F, 0x80, 0x00, 0x7C, 0x3F,
    0x00, 0x00, 0x00, 0xFD, 0x00, 0x00, 0x01, 0xFF, 0x40, 0x00, 0x01, 0xFF, 0xF8, 0x00, 0x00, 0xBF,
    0xFF, 0x40, 0x00, 0x07, 0xFF, 0x40, 0x00, 0x00, 0xBF, 0x00, 0x00, 0x00, 0xBE, 0x00, 0x00, 0x00,
    0xF8, 0xF4, 0x00, 0x03, 0xE3, 0xD0, 0x00, 0x0F, 0x8F, 0x40, 0x00, 0xBC, 0x3F, 0x40, 0x1F, 0xE0,
    0xFF, 0xFF, 0xFD, 0x00, 0x6F, 0xFE, 0x40, 0x00, 0x0D, 0x00, 0x24, 0x1F, 0x40, 0xBC, 0x07, 0xD2,
    0xE0, 0x00, 0xFF, 0x80, 0x00, 0x3E, 0x00, 0x00, 0x00, 0x00, 0x00, 0x00, 0x00, 0x00, 0x00, 0x00,
    0x02, 0xFF, 0xA0, 0x1F, 0xFF, 0xFC, 0x3F, 0x40, 0xBC, 0x7C, 0x00, 0x3C, 0x7C, 0x00, 0x3D, 0x7E,
    0x00, 0x00, 0x3F, 0xE5, 0x00, 0x0B, 0xFF, 0xE0, 0x00, 0x6F, 0xFD, 0x00, 0x00, 0x7F, 0x7C, 0x00,
    0x1F, 0x7C, 0x00, 0x1F, 0x7E, 0x40, 0x7D, 0x7F, 0xFF, 0xF8, 0x1B, 0xFF, 0x90, 0x7F, 0xFF, 0xFF,
    0xFF, 0xF9, 0xFF, 0xFF, 0xFF, 0xFF, 0xE7, 0xC0, 0x0B, 0xC0, 0x0B, 0x9F, 0x00, 0x2F, 0x00, 0x1E,
    0x78, 0x00, 0xBC, 0x00, 0x7C, 0x00, 0x02, 0xF0, 0x00, 0x00, 0x00, 0x0B, 0xC0, 0x00, 0x00, 0x00,
    0x2F, 0x00, 0x00, 0x00, 0x00, 0xBC, 0x00, 0x00, 0x00, 0x02, 0xF0, 0x00, 0x00, 0x00, 0x0B, 0xC0,
    0x00, 0x00, 0x00, 0x2F, 0x00, 0x00, 0x00, 0x00, 0xBC, 0x00, 0x00, 0x00, 0x02, 0xF0, 0x00, 0x00,
    0x00, 0x0B, 0xC0, 0x00, 0x00, 0x00, 0x2F, 0x00, 0x00, 0x00, 0x00, 0xBC, 0x00, 0x00, 0x00, 0x02,
    0xF0, 0x00, 0x00, 0x00, 0x0B, 0xC0, 0x00, 0x00, 0x03, 0xFF, 0xF4, 0x00, 0x00, 0x0F, 0xFF, 0xD0,
    0x00, 0x00, 0x00, 0x00, 0x00, 0x00, 0x00, 0x0B, 0x40, 0x00, 0x00, 0x00, 0x3F, 0x00, 0x00, 0x00,
    0x00, 0x7C, 0x00, 0x00, 0x00, 0x00, 0xF0, 0x00, 0x00, 0x00, 0x03, 0x80, 0x00, 0x00, 0x00, 0x2C,
    0x00, 0x00, 0x00, 0x00, 0x80, 0x00, 0x00, 0x00, 0x00, 0x00, 0x7C, 0x00, 0x07, 0xC0, 0x00, 0x7C,
    0x00, 0x07, 0xC0, 0x0F, 0xFF, 0xFE, 0xFF, 0xFF, 0xE0, 0xBC, 0x00, 0x0B, 0xC0, 0x00, 0xBC, 0x00,
    0x0B, 0xC0, 0x00, 0xB8, 0x00, 0x0B, 0x80, 0x00, 0xB8, 0x00, 0x0B, 0x80, 0x00, 0xBC, 0x00, 0x0B,
    0xC0, 0x00, 0x7E, 0x07, 0x03, 0xFF, 0xF0, 0x0B, 0xF8, 0x00, 0x00, 0x00, 0x0B, 0x40, 0x00, 0xFC,
    0x00, 0x0B, 0xC0, 0x00, 0x3C, 0x00, 0x03, 0x80, 0x00, 0xB0, 0x00, 0x08, 0x00, 0x00, 0x18, 0x00,
    0x70, 0x00, 0x00, 0xF8, 0x07, 0xD0, 0x00, 0x00, 0xB8, 0x7D, 0x00, 0x00, 0x00, 0xBF, 0xC0, 0x00,
    0x00, 0x00, 0xBC, 0x00, 0x00, 0x00, 0x00, 0x00, 0x00, 0x07, 0xFF, 0xFF, 0xFF, 0xFF, 0x9F, 0xFF,
    0xFF, 0xFF, 0xFE, 0x7C, 0x00, 0xBC, 0x00, 0xB9, 0xF0, 0x02, 0xF0, 0x01, 0xE7, 0x80, 0x0B, 0xC0,
    0x07, 0xC0, 0x00, 0x2F, 0x00, 0x00, 0x00, 0x00, 0xBC, 0x00, 0x00, 0x00, 0x02, 0xF0, 0x00, 0x00,
    0x00, 0x0B, 0xC0, 0x00, 0x00, 0x00, 0x2F, 0x00, 0x00, 0x00, 0x00, 0xBC, 0x00, 0x00, 0x00, 0x02,
    0xF0, 0x00, 0x00, 0x00, 0x0B, 0xC0, 0x00, 0x00, 0x00, 0x2F, 0x00, 0x00, 0x00, 0x00, 0xBC, 0x00,
    0x00, 0x00, 0x02, 0xF0, 0x00, 0x00, 0x00, 0x0B, 0xC0, 0x00, 0x00, 0x00, 0x2F, 0x00, 0x00, 0x00,
    0x00, 0xBC, 0x00, 0x00, 0x00, 0x3F, 0xFF, 0x40, 0x00, 0x00, 0xFF, 0xFD, 0x00, 0x00, 0x00, 0x03,
    0xD0, 0x00, 0x3F, 0x00, 0x02, 0xF0, 0x00, 0x0F, 0x00, 0x01, 0xD0, 0x00, 0x3C, 0x07, 0xC2, 0x00,
    0x7C, 0x00, 0x07, 0xC0, 0x00, 0x7C, 0x00, 0xFF, 0xFF, 0xEF, 0xFF, 0xFE, 0x0B, 0xC0, 0x00, 0xBC,
    0x00, 0x0B, 0xC0, 0x00, 0xBC, 0x00, 0x0B, 0x80, 0x00, 0xB8, 0x00, 0x0B, 0x80, 0x00, 0xB8, 0x00,
    0x0B, 0xC0, 0x00, 0xBC, 0x00, 0x07, 0xE0, 0x70, 0x3F, 0xFF, 0x00, 0xBF, 0x80, 0x7F, 0xFF, 0xFF,
    0xFF, 0xF9, 0xFF, 0xFF, 0xFF, 0xFF, 0xE7, 0xC0, 0x0B, 0xC0, 0x0B, 0x9F, 0x00, 0x2F, 0x00, 0x1E,
    0x78, 0x00, 0xBC, 0x00, 0x7C, 0x00, 0x02, 0xF0, 0x00, 0x00, 0x00, 0x0B, 0xC0, 0x00, 0x00, 0x3F,
    0xFF, 0xFF, 0x00, 0x00, 0xFF, 0xFF, 0xFC, 0x00, 0x00, 0x02, 0xF0, 0x00, 0x00, 0x00, 0x0B, 0xC0,
    0x00, 0x00, 0x00, 0x2F, 0x00, 0x00, 0x00, 0x00, 0xBC, 0x00, 0x00, 0x00, 0x02, 0xF0, 0x00, 0x00,
    0x00, 0x0B, 0xC0, 0x00, 0x00, 0x00, 0x2F, 0x00, 0x00, 0x00, 0x00, 0xBC, 0x00, 0x00, 0x00, 0x02,
    0xF0, 0x00, 0x00, 0x00, 0x0B, 0xC0, 0x00, 0x00, 0x03, 0xFF, 0xF4, 0x00, 0x00, 0x0F, 0xFF, 0xD0,
    0x00, 0x00, 0x00, 0x00, 0x7C, 0x00, 0x07, 0xC0, 0x00, 0x7C, 0x00, 0x07, 0xC0, 0x0F, 0xFF, 0xFE,
    0xFF, 0xFF, 0xE0, 0xBC, 0x00, 0x0B, 0xC0, 0x07, 0xFF, 0xFC, 0x7F, 0xFF, 0xC0, 0xB8, 0x00, 0x0B,
    0x80, 0x00, 0xB8, 0x00, 0x0B, 0x80, 0x00, 0xBC, 0x00, 0x0B, 0xC0, 0x00, 0x7E, 0x07, 0x03, 0xFF,
    0xF0, 0x0B, 0xF8, 0x00, 0x01, 0xFD, 0x06, 0x00, 0x00, 0x00, 0x7E, 0xFF, 0xF0, 0x00, 0x00, 0x07,
    0x02, 0xFC, 0x00, 0x00, 0x00, 0x00, 0x00, 0x00, 0x00, 0x3F, 0xFF, 0x00, 0x0F, 0xFF, 0xC3, 0xFF,
    0xF0, 0x00, 0xFF, 0xFC, 0x02, 0xF0, 0x00, 0x00, 0x7C, 0x00, 0x2E, 0x00, 0x00, 0x07, 0xC0, 0x02,
    0xE0, 0x00, 0x00, 0x7C, 0x00, 0x2E, 0x00, 0x00, 0x07, 0xC0, 0x02, 0xE0, 0x00, 0x00, 0x7C, 0x00,
    0x3E, 0x00, 0x00, 0x07, 0xC0, 0x03, 0xE0, 0x00, 0x00, 0x7C, 0x00, 0x3E, 0x00, 0x00, 0x07, 0xC0,
    0x03, 0xE0, 0x00, 0x00, 0x7C, 0x00, 0x3E, 0x00, 0x00, 0x07, 0xC0, 0x03, 0xE0, 0x00, 0x00, 0x7C,
    0x00, 0x3E, 0x00, 0x00, 0x07, 0xC0, 0x02, 0xF0, 0x00, 0x00, 0xB8, 0x00, 0x2F, 0x00, 0x00, 0x0B,
    0x80, 0x01, 0xF0, 0x00, 0x00, 0xF4, 0x00, 0x0F, 0x80, 0x00, 0x2F, 0x00, 0x00, 0xBF, 0x40, 0x1B,
    0xD0, 0x00, 0x02, 0xFF, 0xFF, 0xF4, 0x00, 0x00, 0x02, 0xFF, 0xE4, 0x00, 0x00, 0x00, 0x1F, 0xD0,
    0x20, 0x00, 0x07, 0xEF, 0xFF, 0x00, 0x00, 0x70, 0x2F, 0xC0, 0x00, 0x00, 0x00, 0x00, 0x00, 0x00,
    0x00, 0x00, 0x00, 0x00, 0x00, 0x00, 0x00, 0x00, 0x3F, 0xE0, 0x03, 0xFE, 0x03, 0xFE, 0x00, 0x3F,
    0xE0, 0x02, 0xE0, 0x00, 0x2E, 0x00, 0x2E, 0x00, 0x02, 0xE0, 0x02, 0xE0, 0x00, 0x2E, 0x00, 0x3E,
    0x00, 0x02, 0xE0, 0x03, 0xE0, 0x00, 0x2E, 0x00, 0x3E, 0x00, 0x03, 0xE0, 0x03, 0xE0, 0x00, 0x3E,
    0x00, 0x3E, 0x00, 0x03, 0xE0, 0x02, 0xF0, 0x00, 0x7E, 0x00, 0x2F, 0x00, 0x0F, 0xE0, 0x00, 0xFC,
    0x07, 0xEE, 0x00, 0x0B, 0xFF, 0xF2, 0xFE, 0x00, 0x1F, 0xF8, 0x2F, 0xE0, 0x00, 0x03, 0xFF, 0xFC,
    0x00, 0x00, 0x00, 0x3F, 0xFF, 0xC0, 0x00, 0x00, 0x00, 0x00, 0x00, 0x00, 0x03, 0xFF, 0xF0, 0x00,
    0xFF, 0xFC, 0x3F, 0xFF, 0x00, 0x0F, 0xFF, 0xC0, 0x2F, 0x00, 0x00, 0x07, 0xC0, 0x02, 0xE0, 0x00,
    0x00, 0x7C, 0x00, 0x2E, 0x00, 0x00, 0x07, 0xC0, 0x02, 0xE0, 0x00, 0x00, 0x7C, 0x00, 0x2E, 0x00,
    0x00, 0x07, 0xC0, 0x03, 0xE0, 0x00, 0x00, 0x7C, 0x00, 0x3E, 0x00, 0x00, 0x07, 0xC0, 0x03, 0xE0,
    0x00, 0x00, 0x7C, 0x00, 0x3E, 0x00, 0x00, 0x07, 0xC0, 0x03, 0xE0, 0x00, 0x00, 0x7C, 0x00, 0x3E,
    0x00, 0x00, 0x07, 0xC0, 0x03, 0xE0, 0x00, 0x00, 0x7C, 0x00, 0x2F, 0x00, 0x00, 0x0B, 0x80, 0x02,
    0xF0, 0x00, 0x00, 0xB8, 0x00, 0x1F, 0x00, 0x00, 0x0F, 0x40, 0x00, 0xF8, 0x00, 0x02, 0xF0, 0x00,
    0x0B, 0xF4, 0x01, 0xBD, 0x00, 0x00, 0x2F, 0xFF, 0xFF, 0x40, 0x00, 0x00, 0x2F, 0xFE, 0x40, 0x00,
    0x00, 0x2F, 0xFF, 0xD0, 0x00, 0x02, 0xFF, 0xFD, 0x00, 0x00, 0x00, 0x00, 0x00, 0x00, 0x00, 0x00,
    0x00, 0x00, 0x00, 0x00, 0x00, 0x00, 0x03, 0xFE, 0x00, 0x3F, 0xE0, 0x3F, 0xE0, 0x03, 0xFE, 0x00,
    0x2E, 0x00, 0x02, 0xE0, 0x02, 0xE0, 0x00, 0x2E, 0x00, 0x2E, 0x00, 0x02, 0xE0, 0x03, 0xE0, 0x00,
    0x2E, 0x00, 0x3E, 0x00, 0x02, 0xE0, 0x03, 0xE0, 0x00, 0x3E, 0x00, 0x3E, 0x00, 0x03, 0xE0, 0x03,
    0xE0, 0x00, 0x3E, 0x00, 0x2F, 0x00, 0x07, 0xE0, 0x02, 0xF0, 0x00, 0xFE, 0x00, 0x0F, 0xC0, 0x7E,
    0xE0, 0x00, 0xBF, 0xFF, 0x2F, 0xE0, 0x01, 0xFF, 0x82, 0xFE, 0x00, 0x07, 0x40, 0x0E, 0x00, 0x00,
    0x00, 0x3C, 0x00, 0xF0, 0x00, 0x00, 0x03, 0xE0, 0x3D, 0x00, 0x00, 0x00, 0x0F, 0xFF, 0x80, 0x00,
    0x00, 0x00, 0x2F, 0xD0, 0x00, 0x00, 0x00, 0x00, 0x00, 0x00, 0x00, 0x3F, 0xFF, 0x00, 0x0F, 0xFF,
    0xC3, 0xFF, 0xF0, 0x00, 0xFF, 0xFC, 0x02, 0xF0, 0x00, 0x00, 0x7C, 0x00, 0x2E, 0x00, 0x00, 0x07,
    0xC0, 0x02, 0xE0, 0x00, 0x00, 0x7C, 0x00, 0x2E, 0x00, 0x00, 0x07, 0xC0, 0x02, 0xE0, 0x00, 0x00,
    0x7C, 0x00, 0x3E, 0x00, 0x00, 0x07, 0xC0, 0x03, 0xE0, 0x00, 0x00, 0x7C, 0x00, 0x3E, 0x00, 0x00,
    0x07, 0xC0, 0x03, 0xE0, 0x00, 0x00, 0x7C, 0x00, 0x3E, 0x00, 0x00, 0x07, 0xC0, 0x03, 0xE0, 0x00,
    0x00, 0x7C, 0x00, 0x3E, 0x00, 0x00, 0x07, 0xC0, 0x02, 0xF0, 0x00, 0x00, 0xB8, 0x00, 0x2F, 0x00,
    0x00, 0x0B, 0x80, 0x01, 0xF0, 0x00, 0x00, 0xF4, 0x00, 0x0F, 0x80, 0x00, 0x2F, 0x00, 0x00, 0xBF,
    0x40, 0x1B, 0xD0, 0x00, 0x02, 0xFF, 0xFF, 0xF4, 0x00, 0x00, 0x02, 0xFF, 0xE4, 0x00, 0x00, 0x00,
    0x34, 0x00, 0xA0, 0x00, 0x03, 0xC0, 0x0F, 0x00, 0x00, 0x3E, 0x03, 0xD0, 0x00, 0x00, 0xFF, 0xFC,
    0x00, 0x00, 0x02, 0xFD, 0x00, 0x00, 0x00, 0x00, 0x00, 0x00, 0x00, 0x00, 0x00, 0x00, 0x00, 0x00,
    0x00, 0x00, 0x00, 0x3F, 0xE0, 0x03, 0xFE, 0x03, 0xFE, 0x00, 0x3F, 0xE0, 0x02, 0xE0, 0x00, 0x2E,
    0x00, 0x2E, 0x00, 0x02, 0xE0, 0x02, 0xE0, 0x00, 0x2E, 0x00, 0x3E, 0x00, 0x02, 0xE0, 0x03, 0xE0,
    0x00, 0x2E, 0x00, 0x3E, 0x00, 0x03, 0xE0, 0x03, 0xE0, 0x00, 0x3E, 0x00, 0x3E, 0x00, 0x03, 0xE0,
    0x02, 0xF0, 0x00, 0x7E, 0x00, 0x2F, 0x00, 0x0F, 0xE0, 0x00, 0xFC, 0x07, 0xEE, 0x00, 0x0B, 0xFF,
    0xF2, 0xFE, 0x00, 0x1F, 0xF8, 0x2F, 0xE0, 0x00, 0x00, 0x1F, 0x80, 0x00, 0x00, 0x00, 0x07, 0x9E,
    0x00, 0x00, 0x00, 0x00, 0xB0, 0xB0, 0x00, 0x00, 0x00, 0x0B, 0x0B, 0x00, 0x00, 0x00, 0x00, 0x79,
    0xE0, 0x00, 0x00, 0x00, 0x01, 0xF8, 0x00, 0x00, 0x00, 0x00, 0x00, 0x00, 0x00, 0x03, 0xFF, 0xF0,
    0x00, 0xFF, 0xFC, 0x3F, 0xFF, 0x00, 0x0F, 0xFF, 0xC0, 0x2F, 0x00, 0x00, 0x07, 0xC0, 0x02, 0xE0,
    0x00, 0x00, 0x7C, 0x00, 0x2E, 0x00, 0x00, 0x07, 0xC0, 0x02, 0xE0, 0x00, 0x00, 0x7C, 0x00, 0x2E,
    0x00, 0x00, 0x07, 0xC0, 0x03, 0xE0, 0x00, 0x00, 0x7C, 0x00, 0x3E, 0x00, 0x00, 0x07, 0xC0, 0x03,
    0xE0, 0x00, 0x00, 0x7C, 0x00, 0x3E, 0x00, 0x00, 0x07, 0xC0, 0x03, 0xE0, 0x00, 0x00, 0x7C, 0x00,
    0x3E, 0x00, 0x00, 0x07, 0xC0, 0x03, 0xE0, 0x00, 0x00, 0x7C, 0x00, 0x2F, 0x00, 0x00, 0x0B, 0x80,
    0x02, 0xF0, 0x00, 0x00, 0xB8, 0x00, 0x1F, 0x00, 0x00, 0x0F, 0x40, 0x00, 0xF8, 0x00, 0x02, 0xF0,
    0x00, 0x0B, 0xF4, 0x01, 0xBD, 0x00, 0x00, 0x2F, 0xFF, 0xFF, 0x40, 0x00, 0x00, 0x2F, 0xFE, 0x40,
    0x00, 0x00, 0x00, 0xF8, 0x00, 0x00, 0x00, 0x3D, 0xF0, 0x00, 0x00, 0x07, 0x47, 0x00, 0x00, 0x00,
    0x74, 0x70, 0x00, 0x00, 0x03, 0xDF, 0x00, 0x00, 0x00, 0x0F, 0x80, 0x00, 0x00, 0x00, 0x00, 0x00,
    0x00, 0x00, 0x00, 0x00, 0x00, 0x00, 0x00, 0x00, 0x00, 0x03, 0xFE, 0x00, 0x3F, 0xE0, 0x3F, 0xE0,
    0x03, 0xFE, 0x00, 0x2E, 0x00, 0x02, 0xE0, 0x02, 0xE0, 0x00, 0x2E, 0x00, 0x2E, 0x00, 0x02, 0xE0,
    0x03, 0xE0, 0x00, 0x2E, 0x00, 0x3E, 0x00, 0x02, 0xE0, 0x03, 0xE0, 0x00, 0x3E, 0x00, 0x3E, 0x00,
    0x03, 0xE0, 0x03, 0xE0, 0x00, 0x3E, 0x00, 0x2F, 0x00, 0x07, 0xE0, 0x02, 0xF0, 0x00, 0xFE, 0x00,
    0x0F, 0xC0, 0x7E, 0xE0, 0x00, 0xBF, 0xFF, 0x2F, 0xE0, 0x01, 0xFF, 0x82, 0xFE, 0x00, 0x00, 0x06,
    0x00, 0x70, 0x00, 0x00, 0x02, 0xF4, 0x1F, 0x80, 0x00, 0x00, 0xBD, 0x07, 0xD0, 0x00, 0x00, 0x3F,
    0x02, 0xF4, 0x00, 0x00, 0x0F, 0xC0, 0xBC, 0x00, 0x00, 0x00, 0x60, 0x03, 0x00, 0x00, 0x00, 0x00,
    0x00, 0x00, 0x00, 0x03, 0xFF, 0xF0, 0x00, 0xFF, 0xFC, 0x3F, 0xFF, 0x00, 0x0F, 0xFF, 0xC0, 0x2F,
    0x00, 0x00, 0x07, 0xC0, 0x02, 0xE0, 0x00, 0x00, 0x7C, 0x00, 0x2E, 0x00, 0x00, 0x07, 0xC0, 0x02,
    0xE0, 0x00, 0x00, 0x7C, 0x00, 0x2E, 0x00, 0x00, 0x07, 0xC0, 0x03, 0xE0, 0x00, 0x00, 0x7C, 0x00,
    0x3E, 0x00, 0x00, 0x07, 0xC0, 0x03, 0xE0, 0x00, 0x00, 0x7C, 0x00, 0x3E, 0x00, 0x00, 0x07, 0xC0,
    0x03, 0xE0, 0x00, 0x00, 0x7C, 0x00, 0x3E, 0x00, 0x00, 0x07, 0xC0, 0x03, 0xE0, 0x00, 0x00, 0x7C,
    0x00, 0x2F, 0x00, 0x00, 0x0B, 0x80, 0x02, 0xF0, 0x00, 0x00, 0xB8, 0x00, 0x1F, 0x00, 0x00, 0x0F,
    0x40, 0x00, 0xF8, 0x00, 0x02, 0xF0, 0x00, 0x0B, 0xF4, 0x01, 0xBD, 0x00, 0x00, 0x2F, 0xFF, 0xFF,
    0x40, 0x00, 0x00, 0x2F, 0xFE, 0x40, 0x00, 0x00, 0x00, 0x60, 0x03, 0x00, 0x00, 0x1F, 0x41, 0xF8,
    0x00, 0x0B, 0xD0, 0x7E, 0x00, 0x02, 0xF4, 0x1F, 0x40, 0x00, 0xBC, 0x0B, 0xD0, 0x00, 0x07, 0x00,
    0x30, 0x00, 0x00, 0x00, 0x00, 0x00, 0x00, 0x00, 0x00, 0x00, 0x00, 0x00, 0x00, 0x00, 0x00, 0x03,
    0xFE, 0x00, 0x3F, 0xE0, 0x3F, 0xE0, 0x03, 0xFE, 0x00, 0x2E, 0x00, 0x02, 0xE0, 0x02, 0xE0, 0x00,
    0x2E, 0x00, 0x2E, 0x00, 0x02, 0xE0, 0x03, 0xE0, 0x00, 0x2E, 0x00, 0x3E, 0x00, 0x02, 0xE0, 0x03,
    0xE0, 0x00, 0x3E, 0x00, 0x3E, 0x00, 0x03, 0xE0, 0x03, 0xE0, 0x00, 0x3E, 0x00, 0x2F, 0x00, 0x07,
    0xE0, 0x02, 0xF0, 0x00, 0xFE, 0x00, 0x0F, 0xC0, 0x7E, 0xE0, 0x00, 0xBF, 0xFF, 0x2F, 0xE0, 0x01,
    0xFF, 0x82, 0xFE, 0x3F, 0xFF, 0x00, 0x0F, 0xFF, 0xC3, 0xFF, 0xF0, 0x00, 0xFF, 0xFC, 0x02, 0xF0,
    0x00, 0x00, 0x7C, 0x00, 0x2E, 0x00, 0x00, 0x07, 0xC0, 0x02, 0xE0, 0x00, 0x00, 0x7C, 0x00, 0x2E,
    0x00, 0x00, 0x07, 0xC0, 0x02, 0xE0, 0x00, 0x00, 0x7C, 0x00, 0x3E, 0x00, 0x00, 0x07, 0xC0, 0x03,
    0xE0, 0x00, 0x00, 0x7C, 0x00, 0x3E, 0x00, 0x00, 0x07, 0xC0, 0x03, 0xE0, 0x00, 0x00, 0x7C, 0x00,
    0x3E, 0x00, 0x00, 0x07, 0xC0, 0x03, 0xE0, 0x00, 0x00, 0x7C, 0x00, 0x3E, 0x00, 0x00, 0x07, 0xC0,
    0x02, 0xF0, 0x00, 0x00, 0xBC, 0x00, 0x2F, 0x00, 0x00, 0x0B, 0x80, 0x01, 0xF0, 0x00, 0x00, 0xF4,
    0x00, 0x0F, 0x80, 0x00, 0x2F, 0x00, 0x00, 0x7F, 0x40, 0x1B, 0xF0, 0x00, 0x01, 0xFF, 0xFF, 0xFC,
    0x00, 0x00, 0x01, 0xBF, 0xFE, 0x00, 0x00, 0x00, 0x00, 0x1F, 0x40, 0x00, 0x00, 0x00, 0x03, 0xC0,
    0x00, 0x00, 0x00, 0x00, 0xB8, 0x00, 0x00, 0x00, 0x00, 0x0B, 0x40, 0x00, 0x00, 0x00, 0x00, 0x78,
    0x00, 0x00, 0x00, 0x00, 0x02, 0xFD, 0x00, 0x00, 0x3F, 0xE0, 0x03, 0xFE, 0x03, 0xFE, 0x00, 0x3F,
    0xE0, 0x02, 0xE0, 0x00, 0x2E, 0x00, 0x2E, 0x00, 0x02, 0xE0, 0x02, 0xE0, 0x00, 0x2E, 0x00, 0x3E,
    0x00, 0x02, 0xE0, 0x03, 0xE0, 0x00, 0x2E, 0x00, 0x3E, 0x00, 0x03, 0xE0, 0x03, 0xE0, 0x00, 0x3E,
    0x00, 0x3E, 0x00, 0x03, 0xE0, 0x02, 0xF0, 0x00, 0x7E, 0x00, 0x2F, 0x00, 0x0F, 0xE0, 0x00, 0xFC,
    0x07, 0xEE, 0x00, 0x0B, 0xFF, 0xF2, 0xFE, 0x00, 0x1F, 0xF8, 0x2F, 0xE0, 0x00, 0x00, 0x00, 0xB4,
    0x00, 0x00, 0x00, 0x2D, 0x00, 0x00, 0x00, 0x07, 0x80, 0x00, 0x00, 0x00, 0xF4, 0x00, 0x00, 0x00,
    0x0F, 0x80, 0x00, 0x00, 0x00, 0xBF, 0xD0, 0x00, 0x00, 0x02, 0xFD, 0x00, 0x00, 0x00, 0x07, 0xD0,
    0x00, 0x00, 0x00, 0x00, 0x00, 0x00, 0x2F, 0xF4, 0x00, 0x00, 0x00, 0x00, 0x00, 0x00, 0xBC, 0x3D,
    0x00, 0x00, 0x00, 0x00, 0x00, 0x02, 0xF0, 0x0F, 0x40, 0x00, 0x00, 0x00, 0x00, 0x01, 0x80, 0x03,
    0x00, 0x00, 0x00, 0x00, 0x00, 0x00, 0x00, 0x00, 0x00, 0x00, 0x00, 0xFF, 0xFC, 0x01, 0xFF, 0xF4,
    0x00, 0xFF, 0xFC, 0xFF, 0xFC, 0x01, 0xFF, 0xF4, 0x00, 0xFF, 0xFC, 0x0B, 0xC0, 0x00, 0x0F, 0x40,
    0x00, 0x07, 0xC0, 0x07, 0xD0, 0x00, 0x0F, 0x80, 0x00, 0x0B, 0x80, 0x03, 0xE0, 0x00, 0x07, 0xC0,
    0x00, 0x0F, 0x40, 0x02, 0xF0, 0x00, 0x03, 0xC0, 0x00, 0x1F, 0x00, 0x01, 0xF0, 0x00, 0x07, 0xE0,
    0x00, 0x2E, 0x00, 0x00, 0xF8, 0x00, 0x0B, 0xF0, 0x00, 0x3C, 0x00, 0x00, 0xBC, 0x00, 0x0F, 0xF0,
    0x00, 0x7C, 0x00, 0x00, 0x7C, 0x00, 0x1E, 0xF4, 0x00, 0xB8, 0x00, 0x00, 0x3D, 0x00, 0x3C, 0xB8,
    0x00, 0xF0, 0x00, 0x00, 0x2F, 0x00, 0x3C, 0x3C, 0x01, 0xF0, 0x00, 0x00, 0x1F, 0x00, 0xB4, 0x3D,
    0x02, 0xD0, 0x00, 0x00, 0x0F, 0x40, 0xF0, 0x2E, 0x03, 0xC0, 0x00, 0x00, 0x0B, 0x81, 0xE0, 0x1F,
    0x07, 0x80, 0x00, 0x00, 0x07, 0xC2, 0xD0, 0x0F, 0x0B, 0x40, 0x00, 0x00, 0x03, 0xD3, 0xC0, 0x0F,
    0x4F, 0x00, 0x00, 0x00, 0x02, 0xE7, 0x80, 0x07, 0x9E, 0x00, 0x00, 0x00, 0x01, 0xFF, 0x00, 0x03,
    0xED, 0x00, 0x00, 0x00, 0x00, 0xFF, 0x00, 0x03, 0xFC, 0x00, 0x00, 0x00, 0x00, 0xBD, 0x00, 0x02,
    0xF8, 0x00, 0x00, 0x00, 0x00, 0x02, 0xF0, 0x00, 0x00, 0x00, 0x00, 0x02, 0xFF, 0x40, 0x00, 0x00,
    0x00, 0x02, 0xF1, 0xF4, 0x00, 0x00, 0x00, 0x02, 0xF0, 0x0F, 0x40, 0x00, 0x00, 0x00, 0x60, 0x00,
    0xC0, 0x00, 0x00, 0x00, 0x00, 0x00, 0x00, 0x00, 0x00, 0x00, 0x00, 0x00, 0x00, 0x00, 0x00, 0x00,
    0x00, 0x00, 0x00, 0x00, 0x00, 0xBF, 0xF8, 0x3F, 0xFD, 0x03, 0xFF, 0xAF, 0xFE, 0x0F, 0xFF, 0x40,
    0xFF, 0xE0, 0xBC, 0x00, 0x3E, 0x00, 0x07, 0xC0, 0x1F, 0x40, 0x0B, 0xC0, 0x03, 0xD0, 0x03, 0xE0,
    0x01, 0xF0, 0x00, 0xF0, 0x00, 0x7C, 0x00, 0xFE, 0x00, 0x78, 0x00, 0x0F, 0x40, 0x3F, 0xC0, 0x3D,
    0x00, 0x02, 0xE0, 0x2E, 0xF0, 0x0F, 0x00, 0x00, 0x7C, 0x0F, 0x2E, 0x0B, 0x80, 0x00, 0x0F, 0x47,
    0x87, 0xC3, 0xC0, 0x00, 0x02, 0xE2, 0xD0, 0xF4, 0xF0, 0x00, 0x00, 0x3C, 0xF0, 0x2E, 0xB4, 0x00,
    0x00, 0x0F, 0xB8, 0x07, 0xFC, 0x00, 0x00, 0x01, 0xFC, 0x00, 0xFE, 0x00, 0x00, 0x00, 0x3E, 0x00,
    0x2F, 0x00, 0x00, 0x00, 0x00, 0x2F, 0x40, 0x00, 0x00, 0x00, 0x2F, 0xF4, 0x00, 0x00, 0x00, 0x2F,
    0x0F, 0x40, 0x00, 0x00, 0x2F, 0x00, 0xF4, 0x00, 0x00, 0x06, 0x00, 0x0C, 0x00, 0x00, 0x00, 0x00,
    0x00, 0x00, 0x0F, 0xFF, 0xD0, 0x00, 0xFF, 0xFB, 0xFF, 0xF4, 0x00, 0x3F, 0xFE, 0x07, 0xE0, 0x00,
    0x00, 0xF8, 0x00, 0xBD, 0x00, 0x00, 0xBC, 0x00, 0x0F, 0xC0, 0x00, 0x7C, 0x00, 0x01, 0xF8, 0x00,
    0x3D, 0x00, 0x00, 0x2F, 0x40, 0x2F, 0x00, 0x00, 0x03, 0xF0, 0x1F, 0x00, 0x00, 0x00, 0x3E, 0x0F,
    0x40, 0x00, 0x00, 0x0B, 0xDB, 0xC0, 0x00, 0x00, 0x00, 0xFF, 0xC0, 0x00, 0x00, 0x00, 0x0F, 0xD0,
    0x00, 0x00, 0x00, 0x02, 0xF0, 0x00, 0x00, 0x00, 0x00, 0xBC, 0x00, 0x00, 0x00, 0x00, 0x2F, 0x00,
    0x00, 0x00, 0x00, 0x0B, 0xC0, 0x00, 0x00, 0x00, 0x02, 0xF0, 0x00, 0x00, 0x00, 0x00, 0xBC, 0x00,
    0x00, 0x00, 0x00, 0x2F, 0x00, 0x00, 0x00, 0x00, 0xFF, 0xFC, 0x00, 0x00, 0x00, 0x3F, 0xFF, 0x00,
    0x00, 0x00, 0x02, 0xF0, 0x00, 0x00, 0x02, 0xFF, 0x40, 0x00, 0x02, 0xF1, 0xF4, 0x00, 0x03, 0xE0,
    0x1F, 0x40, 0x00, 0x60, 0x01, 0xC0, 0x00, 0x00, 0x00, 0x00, 0x00, 0x00, 0x00, 0x00, 0x00, 0x00,
    0x00, 0x00, 0x00, 0xBF, 0xF8, 0x0B, 0xFF, 0x6F, 0xFE, 0x02, 0xFF, 0xD0, 0xBC, 0x00, 0x0B, 0x80,
    0x1F, 0x40, 0x03, 0xC0, 0x03, 0xE0, 0x01, 0xF0, 0x00, 0x7C, 0x00, 0xF4, 0x00, 0x0F, 0x80, 0x3C,
    0x00, 0x02, 0xF0, 0x2E, 0x00, 0x00, 0x3D, 0x0F, 0x40, 0x00, 0x0F, 0x87, 0xC0, 0x00, 0x01, 0xF2,
    0xE0, 0x00, 0x00, 0x3D, 0xF0, 0x00, 0x00, 0x0B, 0xFC, 0x00, 0x00, 0x00, 0xFD, 0x00, 0x00, 0x00,
    0x3F, 0x00, 0x00, 0x00, 0x0B, 0x80, 0x00, 0x00, 0x03, 0xC0, 0x00, 0x00, 0x02, 0xE0, 0x00, 0x00,
    0x01, 0xF0, 0x00, 0x00, 0x02, 0xF4, 0x00, 0x00, 0x7F, 0xF8, 0x00, 0x00, 0x1F, 0xE4, 0x00, 0x00,
    0x00, 0x00, 0x0B, 0x80, 0x7C, 0x00, 0x00, 0x03, 0xF4, 0x2F, 0x80, 0x00, 0x00, 0xB8, 0x07, 0xC0,
    0x00, 0x00, 0x00, 0x00, 0x00, 0x00, 0xFF, 0xFD, 0x00, 0x0F, 0xFF, 0xBF, 0xFF, 0x40, 0x03, 0xFF,
    0xE0, 0x7E, 0x00, 0x00, 0x0F, 0x80, 0x0B, 0xD0, 0x00, 0x0B, 0xC0, 0x00, 0xFC, 0x00, 0x07, 0xC0,
    0x00, 0x1F, 0x80, 0x03, 0xD0, 0x00, 0x02, 0xF4, 0x02, 0xF0, 0x00, 0x00, 0x3F, 0x01, 0xF0, 0x00,
    0x00, 0x03, 0xE0, 0xF4, 0x00, 0x00, 0x00, 0xBD, 0xBC, 0x00, 0x00, 0x00, 0x0F, 0xFC, 0x00, 0x00,
    0x00, 0x00, 0xFD, 0x00, 0x00, 0x00, 0x00, 0x2F, 0x00, 0x00, 0x00, 0x00, 0x0B, 0xC0, 0x00, 0x00,
    0x00, 0x02, 0xF0, 0x00, 0x00, 0x00, 0x00, 0xBC, 0x00, 0x00, 0x00, 0x00, 0x2F, 0x00, 0x00, 0x00,
    0x00, 0x0B, 0xC0, 0x00, 0x00, 0x00, 0x02, 0xF0, 0x00, 0x00, 0x00, 0x0F, 0xFF, 0xC0, 0x00, 0x00,
    0x03, 0xFF, 0xF0, 0x00, 0x00, 0x00, 0x00, 0x02, 0x40, 0x00, 0x00, 0x03, 0xF0, 0x00, 0x00, 0x03,
    0xF0, 0x00, 0x00, 0x07, 0xE0, 0x00, 0x00, 0x07, 0xE0, 0x00, 0x00, 0x00, 0x90, 0x00, 0x00, 0x00,
    0x00, 0x00, 0x00, 0xBF, 0xFF, 0xFF, 0xFC, 0x3F, 0xFF, 0xFF, 0xFF, 0x0F, 0x40, 0x00, 0x0F, 0xC3,
    0xD0, 0x00, 0x0F, 0xC0, 0xF4, 0x00, 0x0B, 0xD0, 0x00, 0x00, 0x07, 0xE0, 0x00, 0x00, 0x03, 0xF0,
    0x00, 0x00, 0x03, 0xF0, 0x00, 0x00, 0x02, 0xF4, 0x00, 0x00, 0x01, 0xF8, 0x00, 0x00, 0x00, 0xFC,
    0x00, 0x00, 0x00, 0xFC, 0x00, 0x00, 0x00, 0xBD, 0x00, 0x00, 0x00, 0x7E, 0x00, 0x00, 0x00, 0x3F,
    0x00, 0x00, 0x00, 0x3F, 0x40, 0x00, 0x00, 0x2F, 0x80, 0x00, 0x3D, 0x1F, 0xC0, 0x00, 0x0F, 0x0F,
    0xC0, 0x00, 0x03, 0xC7, 0xFF, 0xFF, 0xFF, 0xF1, 0xFF, 0xFF, 0xFF, 0xFC, 0x00, 0x00, 0x24, 0x00,
    0x00, 0x0F, 0xC0, 0x00, 0x03, 0xF0, 0x00, 0x01, 0xF8, 0x00, 0x00, 0x7E, 0x00, 0x00, 0x02, 0x40,
    0x00, 0x00, 0x00, 0x00, 0x00, 0x00, 0x00, 0x00, 0x00, 0x00, 0x00, 0x03, 0xFF, 0xFF, 0xFC, 0x3F,
    0xFF, 0xFF, 0xC3, 0xC0, 0x01, 0xF4, 0x3C, 0x00, 0x7E, 0x00, 0x00, 0x0F, 0x80, 0x00, 0x03, 0xF0,
    0x00, 0x00, 0xFC, 0x00, 0x00, 0x2F, 0x00, 0x00, 0x0B, 0xD0, 0x00, 0x01, 0xF4, 0x00, 0x00, 0x7E,
    0x00, 0x00, 0x0F, 0x80, 0x03, 0xC3, 0xF0, 0x00, 0x3C, 0xBF, 0xFF, 0xFF, 0xCB, 0xFF, 0xFF, 0xFC,
    0x00, 0x01, 0xF0, 0x00, 0x00, 0x00, 0xBE, 0x00, 0x00, 0x00, 0x1F, 0x00, 0x00, 0x00, 0x00, 0x00,
    0x00, 0x2F, 0xFF, 0xFF, 0xFF, 0x0F, 0xFF, 0xFF, 0xFF, 0xC3, 0xD0, 0x00, 0x03, 0xF0, 0xF4, 0x00,
    0x03, 0xF0, 0x3D, 0x00, 0x02, 0xF4, 0x00, 0x00, 0x01, 0xF8, 0x00, 0x00, 0x00, 0xFC, 0x00, 0x00,
    0x00, 0xFC, 0x00, 0x00, 0x00, 0xBD, 0x00, 0x00, 0x00, 0x7E, 0x00, 0x00, 0x00, 0x3F, 0x00, 0x00,
    0x00, 0x3F, 0x00, 0x00, 0x00, 0x2F, 0x40, 0x00, 0x00, 0x1F, 0x80, 0x00, 0x00, 0x0F, 0xC0, 0x00,
    0x00, 0x0F, 0xD0, 0x00, 0x00, 0x0B, 0xE0, 0x00, 0x0F, 0x47, 0xF0, 0x00, 0x03, 0xC3, 0xF0, 0x00,
    0x00, 0xF1, 0xFF, 0xFF, 0xFF, 0xFC, 0x7F, 0xFF, 0xFF, 0xFF, 0x00, 0x00, 0x0B, 0x80, 0x00, 0x01,
    0xFC, 0x00, 0x00, 0x0B, 0x80, 0x00, 0x00, 0x00, 0x00, 0x00, 0x00, 0x00, 0x00, 0x00, 0x00, 0x00,
    0x3F, 0xFF, 0xFF, 0xC3, 0xFF, 0xFF, 0xFC, 0x3C, 0x00, 0x1F, 0x43, 0xC0, 0x07, 0xE0, 0x00, 0x00,
    0xF8, 0x00, 0x00, 0x3F, 0x00, 0x00, 0x0F, 0xC0, 0x00, 0x02, 0xF0, 0x00, 0x00, 0xBD, 0x00, 0x00,
    0x1F, 0x40, 0x00, 0x07, 0xE0, 0x00, 0x00, 0xF8, 0x00, 0x3C, 0x3F, 0x00, 0x03, 0xCB, 0xFF, 0xFF,
    0xFC, 0xBF, 0xFF, 0xFF, 0xC0, 0x00, 0x90, 0x02, 0x40, 0x00, 0x7D, 0x02, 0xF0, 0x00, 0x07, 0xD2,
    0xF0, 0x00, 0x00, 0x3F, 0xE0, 0x00, 0x00, 0x03, 0xE0, 0x00, 0x00, 0x00, 0x00, 0x00, 0x02, 0xFF,
    0xFF, 0xFF, 0xF0, 0xFF, 0xFF, 0xFF, 0xFC, 0x3D, 0x00, 0x00, 0x3F, 0x0F, 0x40, 0x00, 0x3F, 0x03,
    0xD0, 0x00, 0x2F, 0x40, 0x00, 0x00, 0x1F, 0x80, 0x00, 0x00, 0x0F, 0xC0, 0x00, 0x00, 0x0F, 0xC0,
    0x00, 0x00, 0x0B, 0xD0, 0x00, 0x00, 0x07, 0xE0, 0x00, 0x00, 0x03, 0xF0, 0x00, 0x00, 0x03, 0xF0,
    0x00, 0x00, 0x02, 0xF4, 0x00, 0x00, 0x01, 0xF8, 0x00, 0x00, 0x00, 0xFC, 0x00, 0x00, 0x00, 0xFD,
    0x00, 0x00, 0x00, 0xBE, 0x00, 0x00, 0xF4, 0x7F, 0x00, 0x00, 0x3C, 0x3F, 0x00, 0x00, 0x0F, 0x1F,
    0xFF, 0xFF, 0xFF, 0xC7, 0xFF, 0xFF, 0xFF, 0xF0, 0x06, 0x00, 0x0C, 0x00, 0xF8, 0x03, 0xD0, 0x02,
    0xF1, 0xF4, 0x00, 0x0B, 0xFD, 0x00, 0x00, 0x2F, 0x00, 0x00, 0x00, 0x00, 0x00, 0x00, 0x00, 0x00,
    0x00, 0x00, 0x00, 0x00, 0x3F, 0xFF, 0xFF, 0xC3, 0xFF, 0xFF, 0xFC, 0x3C, 0x00, 0x1F, 0x43, 0xC0,
    0x07, 0xE0, 0x00, 0x00, 0xF8, 0x00, 0x00, 0x3F, 0x00, 0x00, 0x0F, 0xC0, 0x00, 0x02, 0xF0, 0x00,
    0x00, 0xBD, 0x00, 0x00, 0x1F, 0x40, 0x00, 0x07, 0xE0, 0x00, 0x00, 0xF8, 0x00, 0x3C, 0x3F, 0x00,
    0x03, 0xCB, 0xFF, 0xFF, 0xFC, 0xBF, 0xFF, 0xFF, 0xC0, 0xFF, 0xFF, 0xFF, 0xFB, 0xFF, 0xFF, 0xFF,
    0xE0, 0xFF, 0xFF, 0xFF, 0xFF, 0xFF, 0xFF, 0xFF, 0xFF, 0xFF, 0xFF, 0xFF, 0xFF, 0xFF, 0xFF, 0xF0,
    0x01, 0x80, 0x78, 0x0F, 0x02, 0xE0, 0x3E, 0x03, 0xF0, 0x3F, 0x82, 0xF8, 0x05, 0x00, 0x7C, 0x2F,
    0xC7, 0xF0, 0xBC, 0x1F, 0x0B, 0x43, 0xC3, 0xC0, 0x00, 0x00, 0x1F, 0x02, 0xFC, 0x1F, 0xC0, 0xFC,
    0x07, 0xC0, 0xB8, 0x0F, 0x02, 0xD0, 0x18, 0x00, 0x02, 0x00, 0x60, 0x3D, 0x03, 0xC1, 0xE0, 0x3C,
    0x0F, 0x01, 0xE0, 0x7C, 0x0B, 0x81, 0xF8, 0x3F, 0x07, 0xF4, 0xFE, 0x0F, 0xD2, 0xFC, 0x05, 0x03,
    0xD0, 0x2E, 0x03, 0xD0, 0xFD, 0x1F, 0xC2, 0xF8, 0x3F, 0x03, 0xE0, 0xBC, 0x0F, 0x81, 0xF0, 0x3C,
    0x07, 0x82, 0xE0, 0x3C, 0x0E, 0x02, 0xD0, 0x00, 0x00, 0x00, 0x2E, 0x03, 0xD0, 0xFD, 0x2F, 0xC3,
    0xF8, 0x7F, 0x03, 0xE0, 0xBC, 0x0F, 0x81, 0xF0, 0x3C, 0x07, 0x81, 0xE0, 0x3D, 0x0F, 0x02, 0xE0,
    0x20, 0x06, 0x00, 0x00, 0x0F, 0x00, 0x00, 0x00, 0x3C, 0x00, 0x00, 0x00, 0xF0, 0x00, 0x00, 0x03,
    0xC0, 0x00, 0x00, 0x0F, 0x00, 0x00, 0x00, 0x3C, 0x00, 0x00, 0x00, 0xF0, 0x00, 0x3F, 0xFF, 0xFF,
    0xFC, 0xFF, 0xFF, 0xFF, 0xF0, 0x00, 0x3C, 0x00, 0x00, 0x00, 0xF0, 0x00, 0x00, 0x03, 0xC0, 0x00,
    0x00, 0x0F, 0x00, 0x00, 0x00, 0x3C, 0x00, 0x00, 0x00, 0xF0, 0x00, 0x00, 0x03, 0xC0, 0x00, 0x00,
    0x0F, 0x00, 0x00, 0x00, 0x3C, 0x00, 0x00, 0x00, 0xF0, 0x00, 0x00, 0x03, 0xC0, 0x00, 0x00, 0x0F,
    0x00, 0x00, 0x00, 0x3C, 0x00, 0x00, 0x00, 0xF0, 0x00, 0x00, 0x03, 0xC0, 0x00, 0x00, 0x0F, 0x00,
    0x00, 0x00, 0x3C, 0x00, 0x00, 0x00, 0xF0, 0x00, 0x00, 0x00, 0x0F, 0x00, 0x00, 0x00, 0x3C, 0x00,
    0x00, 0x00, 0xF0, 0x00, 0x00, 0x03, 0xC0, 0x00, 0x00, 0x0F, 0x00, 0x00, 0x00, 0x3C, 0x00, 0x00,
    0x00, 0xF0, 0x00, 0x3F, 0xFF, 0xFF, 0xFC, 0xFF, 0xFF, 0xFF, 0xF0, 0x00, 0x3C, 0x00, 0x00, 0x00,
    0xF0, 0x00, 0x00, 0x03, 0xC0, 0x00, 0x00, 0x0F, 0x00, 0x00, 0x00, 0x3C, 0x00, 0x00, 0x00, 0xF0,
    0x00, 0x00, 0x03, 0xC0, 0x00, 0x00, 0x0F, 0x00, 0x00, 0x00, 0x3C, 0x00, 0x0F, 0xFF, 0xFF, 0xFF,
    0x3F, 0xFF, 0xFF, 0xFC, 0x00, 0x0F, 0x00, 0x00, 0x00, 0x3C, 0x00, 0x00, 0x00, 0xF0, 0x00, 0x00,
    0x03, 0xC0, 0x00, 0x00, 0x0F, 0x00, 0x00, 0x00, 0x3C, 0x00, 0x00, 0x00, 0xF0, 0x00, 0x00, 0x02,
    0xFD, 0x00, 0x7F, 0xFF, 0x03, 0xFF, 0xFE, 0x2F, 0xFF, 0xFC, 0xFF, 0xFF, 0xF7, 0xFF, 0xFF, 0xDB,
    0xFF, 0xFF, 0x0F, 0xFF, 0xF8, 0x1F, 0xFF, 0xC0, 0x0B, 0xF4, 0x00, 0x7C, 0x00, 0x02, 0x00, 0x00,
    0x63, 0xF8, 0x00, 0x3F, 0x00, 0x07, 0xEF, 0xE0, 0x00, 0xFC, 0x00, 0x2F, 0xDF, 0x00, 0x02, 0xE0,
    0x00, 0x3D, 0x00, 0x00, 0x00, 0x00, 0x24, 0x00, 0x00, 0x00, 0x00, 0x7F, 0x80, 0x00, 0x1E, 0x00,
    0x00, 0x00, 0x00, 0xBF, 0xFC, 0x00, 0x0F, 0x00, 0x00, 0x00, 0x00, 0x7D, 0x0F, 0x80, 0x0B, 0x40,
    0x00, 0x00, 0x00, 0x3D, 0x00, 0xF0, 0x03, 0xC0, 0x00, 0x00, 0x00, 0x0F, 0x00, 0x3C, 0x03, 0xD0,
    0x00, 0x00, 0x00, 0x03, 0xC0, 0x0F, 0x01, 0xE0, 0x00, 0x00, 0x00, 0x00, 0xF4, 0x03, 0xC0, 0xF0,
    0x00, 0x00, 0x00, 0x00, 0x1F, 0x43, 0xE0, 0xB8, 0x00, 0x00, 0x00, 0x00, 0x03, 0xFF, 0xF0, 0x3C,
    0x00, 0x00, 0x00, 0x00, 0x00, 0x2F, 0xE0, 0x2D, 0x00, 0x00, 0x00, 0x00, 0x00, 0x00, 0x00, 0x1E,
    0x00, 0x00, 0x00, 0x00, 0x00, 0x00, 0x00, 0x0F, 0x01, 0xBE, 0x00, 0x0B, 0xF4, 0x00, 0x00, 0x0B,
    0x81, 0xFF, 0xF4, 0x0F, 0xFF, 0x80, 0x00, 0x03, 0xC0, 0xF8, 0x2F, 0x0F, 0xC1, 0xF4, 0x00, 0x02,
    0xD0, 0xB8, 0x03, 0xD3, 0xC0, 0x2E, 0x00, 0x01, 0xF0, 0x2D, 0x00, 0xB9, 0xF0, 0x07, 0xC0, 0x00,
    0xF0, 0x0B, 0x40, 0x2E, 0x7C, 0x01, 0xF0, 0x00, 0x78, 0x02, 0xE0, 0x0F, 0x4F, 0x00, 0xB8, 0x00,
    0x3C, 0x00, 0x3E, 0x0B, 0xC3, 0xF0, 0x7D, 0x00, 0x2D, 0x00, 0x07, 0xFF, 0xD0, 0x3F, 0xFE, 0x00,
    0x1F, 0x00, 0x00, 0x7F, 0x80, 0x02, 0xFD, 0x00, 0x02, 0x00, 0x00, 0x00, 0x00, 0x00, 0x00, 0x00,
    0x00, 0xC0, 0x0F, 0x80, 0xFC, 0x0F, 0xC0, 0x7C, 0x01, 0xF0, 0x03, 0xF0, 0x03, 0xF0, 0x03, 0xE0,
    0x03, 0x00, 0x18, 0x00, 0xF8, 0x01, 0xF8, 0x01, 0xF8, 0x02, 0xF0, 0x0B, 0xC0, 0x7E, 0x07, 0xE0,
    0x3E, 0x00, 0x60, 0x00, 0x00, 0x00, 0x00, 0x20, 0x00, 0x00, 0x02, 0xD0, 0x00, 0x00, 0x0F, 0x00,
    0x00, 0x00, 0xF4, 0x00, 0x00, 0x07, 0x80, 0x00, 0x00, 0x3C, 0x00, 0x00, 0x02, 0xE0, 0x00, 0x00,
    0x0F, 0x00, 0x00, 0x00, 0xB4, 0x00, 0x00, 0x03, 0xC0, 0x00, 0x00, 0x3C, 0x00, 0x00, 0x01, 0xE0,
    0x00, 0x00, 0x0F, 0x00, 0x00, 0x00, 0xB4, 0x00, 0x00, 0x03, 0xC0, 0x00, 0x00, 0x2D, 0x00, 0x00,
    0x01, 0xF0, 0x00, 0x00, 0x0F, 0x00, 0x00, 0x00, 0x78, 0x00, 0x00, 0x03, 0xC0, 0x00, 0x00, 0x2D,
    0x00, 0x00, 0x00, 0xF0, 0x00, 0x00, 0x0B, 0x40, 0x00, 0x00, 0x04, 0x00, 0x00, 0x00, 0x00, 0x00,
    0xBF, 0xF9, 0x00, 0x02, 0xFF, 0xFF, 0xF0, 0x02, 0xF9, 0x00, 0x38, 0x02, 0xF4, 0x00, 0x0E, 0x00,
    0xF4, 0x00, 0x00, 0x00, 0xBC, 0x00, 0x00, 0x00, 0x3E, 0x00, 0x00, 0x00, 0xFF, 0xFF, 0xFF, 0xF0,
    0x7F, 0xFF, 0xFF, 0xF4, 0x01, 0xF0, 0x00, 0x00, 0x00, 0x7C, 0x00, 0x00, 0x00, 0xFF, 0xFF, 0xFF,
    0x40, 0x7F, 0xFF, 0xFF, 0xC0, 0x00, 0xF4, 0x00, 0x00, 0x00, 0x3E, 0x00, 0x00, 0x00, 0x0B, 0xC0,
    0x00, 0x00, 0x01, 0xF8, 0x00, 0x00, 0x00, 0x2F, 0x40, 0x00, 0x00, 0x03, 0xFD, 0x00, 0x78, 0x00,
    0x2F, 0xFF, 0xFD, 0x00, 0x00, 0xBF, 0xF8, 0x00, 0x06, 0xFF, 0x40, 0x02, 0xFF, 0xFF, 0x00, 0x0D,
    0x01, 0xFC, 0x00, 0x00, 0x03, 0xE0, 0x00, 0x00, 0x1F, 0x00, 0x00, 0x00, 0xF8, 0x00, 0x00, 0x07,
    0xC0, 0x00, 0x00, 0x3C, 0x00, 0x00, 0x03, 0xC0, 0x0B, 0xF8, 0x3D, 0x07, 0xFF, 0xF3, 0xD1, 0xFD,
    0x07, 0xFD, 0x3F, 0x00, 0x0F, 0xD7, 0xC0, 0x00, 0x3C, 0xB8, 0x00, 0x03, 0xCB, 0x40, 0x00, 0x7C,
    0xF4, 0x00, 0x0B, 0x8B, 0x40, 0x00, 0xF4, 0xBC, 0x00, 0x1F, 0x03, 0xD0, 0x03, 0xD0, 0x2F, 0x41,
    0xF8, 0x00, 0xFF, 0xFE, 0x00, 0x01, 0xFE, 0x40, 0x00, 0x00, 0x00, 0xFC, 0x00, 0x00, 0x00, 0x1F,
    0xD0, 0x00, 0x00, 0x03, 0xFE, 0x00, 0x00, 0x00, 0x3E, 0xF0, 0x00, 0x00, 0x0B, 0xCF, 0x40, 0x00,
    0x00, 0xF4, 0xBC, 0x00, 0x00, 0x1F, 0x07, 0xC0, 0x00, 0x02, 0xE0, 0x3E, 0x00, 0x00, 0x3D, 0x02,
    0xF0, 0x00, 0x07, 0xC0, 0x0F, 0x40, 0x00, 0xF8, 0x00, 0xF8, 0x00, 0x0F, 0x00, 0x07, 0xC0, 0x02,
    0xE0, 0x00, 0x3D, 0x00, 0x3D, 0x00, 0x02, 0xF0, 0x07, 0xC0, 0x00, 0x1F, 0x00, 0xB8, 0x00, 0x00,
    0xF8, 0x0F, 0x00, 0x00, 0x0B, 0xC1, 0xF0, 0x00, 0x00, 0x3D, 0x3D, 0x00, 0x00, 0x03, 0xE3, 0xFF,
    0xFF, 0xFF, 0xFF, 0x3F, 0xFF, 0xFF, 0xFF, 0xF0, 0x7F, 0xFF, 0xFF, 0xFF, 0xFD, 0x7F, 0xFF, 0xFF,
    0xFF, 0xFD, 0x00, 0xF4, 0x00, 0x0F, 0x00, 0x00, 0xF4, 0x00, 0x0F, 0x00, 0x00, 0xF4, 0x00, 0x0F,
    0x00, 0x00, 0xF4, 0x00, 0x0F, 0x00, 0x00, 0xF4, 0x00, 0x0F, 0x00, 0x00, 0xF4, 0x00, 0x0F, 0x00,
    0x00, 0xF4, 0x00, 0x0F, 0x00, 0x00, 0xF4, 0x00, 0x0F, 0x00, 0x00, 0xF4, 0x00, 0x0F, 0x00, 0x00,
    0xF4, 0x00, 0x0F, 0x00, 0x00, 0xF4, 0x00, 0x0F, 0x00, 0x00, 0xF4, 0x00, 0x0F, 0x00, 0x00, 0xF4,
    0x00, 0x0F, 0x00, 0x00, 0xF4, 0x00, 0x0F, 0x00, 0x00, 0xF4, 0x00, 0x0F, 0x00, 0x00, 0xF4, 0x00,
    0x0F, 0x00, 0x00, 0xF4, 0x00, 0x0F, 0x00, 0x00, 0xF4, 0x00, 0x0F, 0x00, 0x00, 0xF4, 0x00, 0x0F,
    0x00, 0x00, 0xF4, 0x00, 0x0F, 0x00, 0x1F, 0xFF, 0xC1, 0xFF, 0xF8, 0x1F, 0xFF, 0xC1, 0xFF, 0xF8,
    0x3F, 0xFF, 0xFF, 0xFC, 0x3F, 0xFF, 0xFF, 0xFC, 0x1F, 0x40, 0x00, 0x3C, 0x0B, 0xC0, 0x00, 0x3C,
    0x03, 0xE0, 0x00, 0x3C, 0x00, 0xF4, 0x00, 0x00, 0x00, 0x7C, 0x00, 0x00, 0x00, 0x2F, 0x00, 0x00,
    0x00, 0x0F, 0x80, 0x00, 0x00, 0x07, 0xD0, 0x00, 0x00, 0x02, 0xF0, 0x00, 0x00, 0x00, 0xF8, 0x00,
    0x00, 0x00, 0xF4, 0x00, 0x00, 0x02, 0xE0, 0x00, 0x00, 0x07, 0xC0, 0x00, 0x00, 0x0F, 0x00, 0x00,
    0x00, 0x3D, 0x00, 0x00, 0x00, 0xB8, 0x00, 0x00, 0x01, 0xF0, 0x00, 0x00, 0x03, 0xC0, 0x00, 0x2E,
    0x0F, 0x40, 0x00, 0x2E, 0x2E, 0x00, 0x00, 0x2D, 0x3F, 0xFF, 0xFF, 0xFD, 0x7F, 0xFF, 0xFF, 0xFD,
    0xBF, 0xFF, 0xFF, 0xFC, 0xBF, 0xFF, 0xFF, 0xFC, 0x00, 0x00, 0x00, 0x20, 0x00, 0x00, 0x02, 0xD0,
    0x00, 0x00, 0x0F, 0x00, 0x00, 0x00, 0xF4, 0x00, 0x00, 0x07, 0x80, 0x00, 0x00, 0x3C, 0x00, 0x00,
    0x02, 0xE0, 0x00, 0x00, 0x0F, 0x00, 0x00, 0x00, 0xB4, 0x00, 0x00, 0x03, 0xC0, 0x00, 0x00, 0x3C,
    0x00, 0x00, 0x01, 0xE0, 0x00, 0x00, 0x0F, 0x00, 0x00, 0x00, 0xB4, 0x00, 0x00, 0x03, 0xC0, 0x00,
    0x00, 0x2D, 0x00, 0x00, 0x01, 0xF0, 0x00, 0x00, 0x0F, 0x00, 0x00, 0x00, 0x78, 0x00, 0x00, 0x03,
    0xC0, 0x00, 0x00, 0x2D, 0x00, 0x00, 0x00, 0xF0, 0x00, 0x00, 0x0B, 0x40, 0x00, 0x00, 0x04, 0x00,
    0x00, 0x00, 0x3C, 0xBE, 0xBE, 0x3C, 0x00, 0x00, 0x00, 0x01, 0xD0, 0x00, 0x00, 0x00, 0x2C, 0x00,
    0x00, 0x00, 0x03, 0xC0, 0x00, 0x00, 0x00, 0x3C, 0x00, 0x00, 0x00, 0x07, 0x80, 0x00, 0x00, 0x00,
    0xB4, 0x00, 0x00, 0x00, 0x0F, 0x00, 0x00, 0x00, 0x00, 0xF0, 0x00, 0x00, 0x00, 0x0E, 0x00, 0x00,
    0x00, 0x01, 0xD0, 0x00, 0x00, 0x00, 0x2C, 0x00, 0x00, 0x00, 0x03, 0xC0, 0x00, 0x00, 0x00, 0x3C,
    0x00, 0x0B, 0x00, 0x07, 0x80, 0x1B, 0xF0, 0x00, 0xB4, 0x03, 0xFF, 0x80, 0x0F, 0x00, 0x28, 0x7C,
    0x00, 0xF0, 0x00, 0x03, 0xC0, 0x1E, 0x00, 0x00, 0x2D, 0x01, 0xD0, 0x00, 0x01, 0xF0, 0x2C, 0x00,
    0x00, 0x0F, 0x03, 0xC0, 0x00, 0x00, 0xB4, 0x3C, 0x00, 0x00, 0x07, 0x87, 0x80, 0x00, 0x00, 0x3C,
    0xB4, 0x00, 0x00, 0x02, 0xDF, 0x00, 0x00, 0x00, 0x1E, 0xF0, 0x00, 0x00, 0x00, 0xFE, 0x00, 0x00,
    0x00, 0x0B, 0xD0, 0x00, 0x00, 0x00, 0x3C, 0x00, 0x00, 0x06, 0xFD, 0x02, 0xFE, 0x00, 0xBF, 0xFE,
    0x3F, 0xFF, 0x07, 0xD0, 0x7F, 0xE0, 0x3F, 0x2E, 0x00, 0x3F, 0x00, 0x3C, 0xF4, 0x00, 0xF4, 0x00,
    0xB7, 0xD0, 0x03, 0xD0, 0x02, 0xDB, 0x80, 0x0F, 0x80, 0x0F, 0x1F, 0x41, 0xFF, 0x80, 0xFC, 0x2F,
    0xFF, 0x8F, 0xFF, 0xC0, 0x1B, 0xF4, 0x0B, 0xF8, 0x00, 0x00, 0xBF, 0x00, 0xBF, 0xC0, 0x3F, 0x00,
    0x0F, 0x80, 0x03, 0xD0, 0x00, 0xF4, 0x00, 0x3D, 0x00, 0x0F, 0x40, 0x03, 0xD0, 0x00, 0xF4, 0x00,
    0x3D, 0x00, 0x0F, 0x40, 0x03, 0xD0, 0x00, 0xF4, 0x00, 0x3D, 0x00, 0x0F, 0x40, 0x03, 0xD0, 0x00,
    0xF4, 0x00, 0x3D, 0x00, 0x0F, 0x40, 0x03, 0xD0, 0x00, 0xF4, 0x00, 0x3D, 0x00, 0x0F, 0x40, 0x03,
    0xD0, 0x00, 0xF4, 0x00, 0x3D, 0x00, 0x2F, 0x00, 0xBF, 0xC0, 0x2F, 0x80, 0x00, 0x02, 0xF8, 0x00,
    0x20, 0x3F, 0xFE, 0x43, 0xD3, 0xD0, 0x7F, 0xFE, 0x09, 0x00, 0x1F, 0xD0, 0x00, 0x00, 0x00, 0x00,
    0x0B, 0xE0, 0x00, 0x80, 0xFF, 0xF9, 0x0F, 0x4F, 0x41, 0xFF, 0xF8, 0x24, 0x00, 0x7F, 0x40, 0x00,
    0x00, 0x18, 0x00, 0x00, 0x00, 0x3C, 0x00, 0x00, 0x00, 0x78, 0x00, 0xBF, 0xFF, 0xFF, 0xFC, 0xBF,
    0xFF, 0xFF, 0xFC, 0x00, 0x02, 0xD0, 0x00, 0x00, 0x03, 0xC0, 0x00, 0x00, 0x07, 0x40, 0x00, 0x00,
    0x0F, 0x00, 0x00, 0xBF, 0xFF, 0xFF, 0xFC, 0xBF, 0xFF, 0xFF, 0xFC, 0x00, 0x78, 0x00, 0x00, 0x00,
    0xF0, 0x00, 0x00, 0x00, 0xA0, 0x00, 0x00, 0x00, 0x00, 0x00, 0x00, 0x00, 0x00, 0x01, 0xD0, 0x00,
    0x00, 0x7F, 0x40, 0x00, 0x1F, 0xE0, 0x00, 0x0B, 0xF8, 0x00, 0x02, 0xFD, 0x00, 0x00, 0xBF, 0x40,
    0x00, 0x0F, 0xD0, 0x00, 0x00, 0x3F, 0x40, 0x00, 0x00, 0x2F, 0xD0, 0x00, 0x00, 0x0B, 0xF4, 0x00,
    0x00, 0x02, 0xFE, 0x00, 0x00, 0x00, 0x7F, 0x80, 0x00, 0x00, 0x1F, 0xD0, 0x00, 0x00, 0x07, 0x40,
    0x00, 0x00, 0x00, 0x3F, 0xFF, 0xFF, 0xF4, 0xFF, 0xFF, 0xFF, 0xD0, 0x00, 0x00, 0x00, 0x00, 0xE0,
    0x00, 0x00, 0x03, 0xF8, 0x00, 0x00, 0x01, 0xFE, 0x00, 0x00, 0x00, 0x7F, 0xD0, 0x00, 0x00, 0x0B,
    0xF4, 0x00, 0x00, 0x02, 0xFD, 0x00, 0x00, 0x00, 0xBD, 0x00, 0x00, 0x02, 0xF4, 0x00, 0x00, 0xBF,
    0x40, 0x00, 0x7F, 0xD0, 0x00, 0x1F, 0xF4, 0x00, 0x07, 0xF8, 0x00, 0x00, 0xFE, 0x00, 0x00, 0x03,
    0x80, 0x00, 0x00, 0x00, 0x00, 0x00, 0x00, 0x3F, 0xFF, 0xFF, 0xF4, 0xFF, 0xFF, 0xFF, 0xD0,
};

static const EpdGlyph caecilia_14_regularGlyphs[] = {
    { 0, 0, 0, 0, 0, 0, 0 }, //  
    { 0, 0, 8, 0, 0, 0, 0 }, // 
    { 0, 0, 8, 0, 0, 0, 0 }, //  
    { 5, 23, 9, 2, 23, 29, 0 }, // !
    { 9, 9, 13, 2, 23, 21, 29 }, // "
    { 16, 21, 16, 0, 21, 84, 50 }, // #
    { 16, 29, 16, 0, 25, 116, 134 }, // $
    { 22, 23, 24, 1, 22, 127, 250 }, // %
    { 20, 21, 23, 2, 21, 105, 377 }, // &
    { 4, 9, 8, 2, 23, 9, 482 }, // '
    { 7, 31, 9, 2, 24, 55, 491 }, // (
    { 7, 31, 9, 0, 24, 55, 546 }, // )
    { 10, 10, 10, 0, 23, 25, 601 }, // *
    { 16, 14, 17, 1, 14, 56, 626 }, // +
    { 6, 9, 8, 1, 3, 14, 682 }, // ,
    { 8, 2, 12, 2, 9, 4, 696 }, // -
    { 4, 4, 8, 2, 4, 4, 700 }, // .
    { 12, 25, 11, -1, 23, 75, 704 }, // /
    { 16, 21, 16, 0, 21, 84, 779 }, // 0
    { 14, 21, 16, 1, 21, 74, 863 }, // 1
    { 14, 21, 16, 1, 21, 74, 937 }, // 2
    { 14, 21, 16, 1, 21, 74, 1011 }, // 3
    { 16, 21, 16, 0, 21, 84, 1085 }, // 4
    { 14, 21, 16, 1, 21, 74, 1169 }, // 5
    { 14, 21, 16, 1, 21, 74, 1243 }, // 6
    { 14, 21, 16, 1, 21, 74, 1317 }, // 7
    { 14, 21, 16, 1, 21, 74, 1391 }, // 8
    { 14, 21, 16, 1, 21, 74, 1465 }, // 9
    { 4, 15, 8, 2, 15, 15, 1539 }, // :
    { 6, 20, 8, 1, 15, 30, 1554 }, // ;
    { 16, 17, 17, 1, 16, 68, 1584 }, // <
    { 16, 8, 17, 1, 11, 32, 1652 }, // =
    { 16, 17, 17, 1, 16, 68, 1684 }, // >
    { 11, 23, 15, 2, 23, 64, 1752 }, // ?
    { 22, 21, 23, 1, 21, 116, 1816 }, // @
    { 22, 21, 21, 0, 21, 116, 1932 }, // A
    { 16, 21, 18, 1, 21, 84, 2048 }, // B
    { 18, 21, 20, 1, 21, 95, 2132 }, // C
    { 20, 21, 22, 1, 21, 105, 2227 }, // D
    { 15, 21, 17, 1, 21, 79, 2332 }, // E
    { 14, 21, 16, 1, 21, 74, 2411 }, // F
    { 20, 21, 21, 1, 21, 105, 2485 }, // G
    { 21, 21, 23, 1, 21, 111, 2590 }, // H
    { 8, 21, 10, 1, 21, 42, 2701 }, // I
    { 11, 26, 9, -2, 21, 72, 2743 }, // J
    { 19, 21, 20, 1, 21, 100, 2815 }, // K
    { 15, 21, 16, 1, 21, 79, 2915 }, // L
    { 25, 21, 27, 1, 21, 132, 2994 }, // M
    { 23, 21, 23, 0, 21, 121, 3126 }, // N
    { 20, 21, 22, 1, 21, 105, 3247 }, // O
    { 15, 21, 17, 1, 21, 79, 3352 }, // P
    { 24, 26, 22, 1, 21, 156, 3431 }, // Q
    { 18, 21, 19, 1, 21, 95, 3587 }, // R
    { 15, 21, 17, 1, 21, 79, 3682 }, // S
    { 19, 21, 19, 0, 21, 100, 3761 }, // T
    { 22, 21, 22, 0, 21, 116, 3861 }, // U
    { 21, 21, 21, 0, 21, 111, 3977 }, // V
    { 32, 21, 31, 0, 21, 168, 4088 }, // W
    { 20, 21, 20, 0, 21, 105, 4256 }, // X
    { 21, 21, 21, 0, 21, 111, 4361 }, // Y
    { 17, 21, 19, 1, 21, 90, 4472 }, // Z
    { 7, 30, 9, 2, 23, 53, 4562 }, // [
    { 12, 25, 11, 0, 23, 75, 4615 }, // <backslash>
    { 7, 30, 9, 0, 23, 53, 4690 }, // ]
    { 13, 11, 17, 2, 21, 36, 4743 }, // ^
    { 15, 1, 15, 0, -2, 4, 4779 }, // _
    { 7, 6, 9, 0, 23, 11, 4783 }, // `
    { 15, 15, 17, 1, 15, 57, 4794 }, // a
    { 16, 23, 17, 0, 23, 92, 4851 }, // b
    { 13, 15, 15, 1, 15, 49, 4943 }, // c
    { 17, 23, 18, 1, 23, 98, 4992 }, // d
    { 14, 15, 16, 1, 15, 53, 5090 }, // e
    { 12, 23, 11, 1, 23, 69, 5143 }, // f
    { 16, 22, 16, 1, 15, 88, 5212 }, // g
    { 19, 23, 19, 0, 23, 110, 5300 }, // h
    { 9, 23, 9, 0, 23, 52, 5410 }, // i
    { 9, 30, 9, -2, 23, 68, 5462 }, // j
    { 17, 23, 17, 0, 23, 98, 5530 }, // k
    { 9, 23, 9, 0, 23, 52, 5628 }, // l
    { 27, 15, 29, 1, 15, 102, 5680 }, // m
    { 18, 15, 19, 1, 15, 68, 5782 }, // n
    { 15, 15, 17, 1, 15, 57, 5850 }, // o
    { 17, 22, 18, 0, 15, 94, 5907 }, // p
    { 17, 22, 18, 1, 15, 94, 6001 }, // q
    { 12, 15, 12, 1, 15, 45, 6095 }, // r
    { 12, 15, 15, 1, 15, 45, 6140 }, // s
    { 10, 20, 11, 1, 20, 50, 6185 }, // t
    { 18, 15, 19, 0, 15, 68, 6235 }, // u
    { 17, 15, 17, 0, 15, 64, 6303 }, // v
    { 25, 15, 25, 0, 15, 94, 6367 }, // w
    { 17, 15, 17, 0, 15, 64, 6461 }, // x
    { 17, 22, 17, 0, 15, 94, 6525 }, // y
    { 14, 15, 16, 1, 15, 53, 6619 }, // z
    { 8, 30, 9, 1, 23, 60, 6672 }, // {
    { 3, 29, 6, 2, 22, 22, 6732 }, // |
    { 8, 30, 9, 1, 23, 60, 6754 }, // }
    { 14, 4, 17, 2, 9, 14, 6814 }, // ~
    { 0, 0, 8, 0, 0, 0, 6828 }, //  
    { 5, 23, 9, 2, 16, 29, 6828 }, // ¡
    { 14, 22, 16, 1, 18, 77, 6857 }, // ¢
    { 16, 21, 16, 0, 21, 84, 6934 }, // £
    { 16, 15, 16, 0, 17, 60, 7018 }, // ¤
    { 16, 21, 16, 0, 21, 84, 7078 }, // ¥
    { 3, 25, 6, 2, 20, 19, 7162 }, // ¦
    { 13, 27, 16, 2, 21, 88, 7181 }, // §
    { 11, 3, 9, -1, 22, 9, 7269 }, // ¨
    { 22, 21, 23, 1, 21, 116, 7278 }, // ©
    { 10, 9, 11, 0, 21, 23, 7394 }, // ª
    { 12, 10, 15, 1, 13, 30, 7417 }, // «
    { 16, 9, 17, 1, 11, 36, 7447 }, // ¬
    { 8, 2, 12, 2, 9, 4, 7483 }, // ­
    { 22, 21, 23, 1, 21, 116, 7487 }, // ®
    { 9, 2, 9, 0, 21, 5, 7603 }, // ¯
    { 9, 8, 12, 1, 21, 18, 7608 }, // °
    { 16, 15, 17, 1, 15, 60, 7626 }, // ±
    { 10, 13, 10, 0, 21, 33, 7686 }, // ²
    { 10, 13, 10, 0, 21, 33, 7719 }, // ³
    { 7, 6, 9, 2, 23, 11, 7752 }, // ´
    { 18, 22, 19, 0, 15, 99, 7763 }, // µ
    { 14, 27, 17, 1, 21, 95, 7862 }, // ¶
    { 4, 4, 8, 2, 11, 4, 7957 }, // ·
    { 8, 7, 9, 1, 0, 14, 7961 }, // ¸
    { 9, 13, 10, 1, 21, 30, 7975 }, // ¹
    { 11, 9, 11, 0, 21, 25, 8005 }, // º
    { 12, 10, 15, 1, 13, 30, 8030 }, // »
    { 24, 25, 24, 0, 23, 150, 8060 }, // ¼
    { 24, 24, 24, 0, 22, 144, 8210 }, // ½
    { 23, 24, 24, 1, 22, 138, 8354 }, // ¾
    { 10, 23, 15, 2, 16, 58, 8492 }, // ¿
    { 22, 28, 21, 0, 28, 154, 8550 }, // À
    { 22, 28, 21, 0, 28, 154, 8704 }, // Á
    { 22, 27, 21, 0, 27, 149, 8858 }, // Â
    { 22, 25, 21, 0, 25, 138, 9007 }, // Ã
    { 22, 25, 21, 0, 25, 138, 9145 }, // Ä
    { 22, 28, 21, 0, 28, 154, 9283 }, // Å
    { 28, 21, 28, -1, 21, 147, 9437 }, // Æ
    { 18, 27, 20, 1, 21, 122, 9584 }, // Ç
    { 15, 28, 17, 1, 28, 105, 9706 }, // È
    { 15, 28, 17, 1, 28, 105, 9811 }, // É
    { 15, 27, 17, 1, 27, 102, 9916 }, // Ê
    { 15, 25, 17, 1, 25, 94, 10018 }, // Ë
    { 9, 28, 10, 0, 28, 63, 10112 }, // Ì
    { 8, 28, 10, 1, 28, 56, 10175 }, // Í
    { 11, 27, 10, -1, 27, 75, 10231 }, // Î
    { 11, 25, 10, -1, 25, 69, 10306 }, // Ï
    { 20, 21, 22, 1, 21, 105, 10375 }, // Ð
    { 23, 25, 23, 0, 25, 144, 10480 }, // Ñ
    { 20, 28, 22, 1, 28, 140, 10624 }, // Ò
    { 20, 28, 22, 1, 28, 140, 10764 }, // Ó
    { 20, 27, 22, 1, 27, 135, 10904 }, // Ô
    { 20, 25, 22, 1, 25, 125, 11039 }, // Õ
    { 20, 25, 22, 1, 25, 125, 11164 }, // Ö
    { 14, 14, 17, 2, 14, 49, 11289 }, // ×
    { 20, 25, 22, 1, 23, 125, 11338 }, // Ø
    { 22, 28, 22, 0, 28, 154, 11463 }, // Ù
    { 22, 28, 22, 0, 28, 154, 11617 }, // Ú
    { 22, 27, 22, 0, 27, 149, 11771 }, // Û
    { 22, 25, 22, 0, 25, 138, 11920 }, // Ü
    { 21, 28, 21, 0, 28, 147, 12058 }, // Ý
    { 15, 21, 17, 1, 21, 79, 12205 }, // Þ
    { 20, 23, 20, 0, 23, 115, 12284 }, // ß
    { 15, 24, 17, 1, 24, 90, 12399 }, // à
    { 15, 24, 17, 1, 24, 90, 12489 }, // á
    { 15, 23, 17, 1, 23, 87, 12579 }, // â
    { 15, 21, 17, 1, 21, 79, 12666 }, // ã
    { 15, 21, 17, 1, 21, 79, 12745 }, // ä
    { 15, 24, 17, 1, 24, 90, 12824 }, // å
    { 23, 15, 25, 1, 15, 87, 12914 }, // æ
    { 13, 23, 15, 1, 15, 75, 13001 }, // ç
    { 14, 24, 16, 1, 24, 84, 13076 }, // è
    { 14, 24, 16, 1, 24, 84, 13160 }, // é
    { 14, 23, 16, 1, 23, 81, 13244 }, // ê
    { 14, 21, 16, 1, 21, 74, 13325 }, // ë
    { 9, 24, 9, 0, 24, 54, 13399 }, // ì
    { 9, 24, 9, 0, 24, 54, 13453 }, // í
    { 11, 23, 9, -1, 23, 64, 13507 }, // î
    { 11, 21, 9, -1, 21, 58, 13571 }, // ï
    { 15, 23, 17, 1, 23, 87, 13629 }, // ð
    { 18, 21, 19, 1, 21, 95, 13716 }, // ñ
    { 15, 24, 17, 1, 24, 90, 13811 }, // ò
    { 15, 24, 17, 1, 24, 90, 13901 }, // ó
    { 15, 23, 17, 1, 23, 87, 13991 }, // ô
    { 15, 21, 17, 1, 21, 79, 14078 }, // õ
    { 15, 21, 17, 1, 21, 79, 14157 }, // ö
    { 16, 15, 17, 1, 15, 60, 14236 }, // ÷
    { 15, 19, 17, 1, 17, 72, 14296 }, // ø
    { 18, 24, 19, 0, 24, 108, 14368 }, // ù
    { 18, 24, 19, 0, 24, 108, 14476 }, // ú
    { 18, 23, 19, 0, 23, 104, 14584 }, // û
    { 18, 21, 19, 0, 21, 95, 14688 }, // ü
    { 17, 31, 17, 0, 24, 132, 14783 }, // ý
    { 17, 31, 18, 0, 23, 132, 14915 }, // þ
    { 17, 28, 17, 0, 21, 119, 15047 }, // ÿ
    { 22, 24, 21, 0, 24, 132, 15166 }, // Ā
    { 15, 20, 17, 1, 20, 75, 15298 }, // ā
    { 22, 27, 21, 0, 27, 149, 15373 }, // Ă
    { 15, 23, 17, 1, 23, 87, 15522 }, // ă
    { 22, 27, 21, 0, 21, 149, 15609 }, // Ą
    { 15, 22, 17, 1, 15, 83, 15758 }, // ą
    { 18, 28, 20, 1, 28, 126, 15841 }, // Ć
    { 13, 24, 15, 1, 24, 78, 15967 }, // ć
    { 18, 27, 20, 1, 27, 122, 16045 }, // Ĉ
    { 14, 23, 15, 1, 23, 81, 16167 }, // ĉ
    { 18, 25, 20, 1, 25, 113, 16248 }, // Ċ
    { 13, 21, 15, 1, 21, 69, 16361 }, // ċ
    { 18, 27, 20, 1, 27, 122, 16430 }, // Č
    { 14, 23, 15, 1, 23, 81, 16552 }, // č
    { 20, 27, 22, 1, 27, 135, 16633 }, // Ď
    { 19, 25, 18, 1, 25, 119, 16768 }, // ď
    { 20, 21, 22, 1, 21, 105, 16887 }, // Đ
    { 17, 23, 18, 1, 23, 98, 16992 }, // đ
    { 15, 24, 17, 1, 24, 90, 17090 }, // Ē
    { 14, 20, 16, 1, 20, 70, 17180 }, // ē
    { 15, 27, 17, 1, 27, 102, 17250 }, // Ĕ
    { 14, 23, 16, 1, 23, 81, 17352 }, // ĕ
    { 15, 25, 17, 1, 25, 94, 17433 }, // Ė
    { 14, 21, 16, 1, 21, 74, 17527 }, // ė
    { 15, 27, 17, 1, 21, 102, 17601 }, // Ę
    { 14, 22, 16, 1, 15, 77, 17703 }, // ę
    { 15, 27, 17, 1, 27, 102, 17780 }, // Ě
    { 14, 23, 16, 1, 23, 81, 17882 }, // ě
    { 20, 27, 21, 1, 27, 135, 17963 }, // Ĝ
    { 16, 30, 16, 1, 23, 120, 18098 }, // ĝ
    { 20, 27, 21, 1, 27, 135, 18218 }, // Ğ
    { 16, 30, 16, 1, 23, 120, 18353 }, // ğ
    { 20, 25, 21, 1, 25, 125, 18473 }, // Ġ
    { 16, 28, 16, 1, 21, 112, 18598 }, // ġ
    { 20, 29, 21, 1, 21, 145, 18710 }, // Ģ
    { 16, 32, 16, 1, 25, 128, 18855 }, // ģ
    { 21, 27, 23, 1, 27, 142, 18983 }, // Ĥ
    { 19, 27, 19, 0, 27, 129, 19125 }, // ĥ
    { 21, 21, 23, 1, 21, 111, 19254 }, // Ħ
    { 19, 23, 19, 0, 23, 110, 19365 }, // ħ
    { 12, 25, 10, -1, 25, 75, 19475 }, // Ĩ
    { 11, 21, 9, -1, 21, 58, 19550 }, // ĩ
    { 9, 24, 10, 0, 24, 54, 19608 }, // Ī
    { 9, 20, 9, 0, 20, 45, 19662 }, // ī
    { 8, 27, 10, 1, 21, 54, 19707 }, // Į
    { 9, 30, 9, 0, 23, 68, 19761 }, // į
    { 8, 25, 10, 1, 25, 50, 19829 }, // İ
    { 9, 15, 9, 0, 15, 34, 19879 }, // ı
    { 18, 26, 19, 1, 21, 117, 19913 }, // Ĳ
    { 16, 30, 18, 0, 23, 120, 20030 }, // ĳ
    { 12, 32, 9, -2, 27, 96, 20150 }, // Ĵ
    { 12, 30, 9, -2, 23, 90, 20246 }, // ĵ
    { 19, 29, 20, 1, 21, 138, 20336 }, // Ķ
    { 17, 31, 17, 0, 23, 132, 20474 }, // ķ
    { 15, 28, 16, 1, 28, 105, 20606 }, // Ĺ
    { 9, 28, 9, 0, 28, 63, 20711 }, // ĺ
    { 15, 29, 16, 1, 21, 109, 20774 }, // Ļ
    { 9, 31, 9, 0, 23, 70, 20883 }, // ļ
    { 15, 23, 16, 1, 23, 87, 20953 }, // Ľ
    { 11, 23, 9, 0, 23, 64, 21040 }, // ľ
    { 15, 21, 16, 1, 21, 79, 21104 }, // Ŀ
    { 11, 23, 9, 0, 23, 64, 21183 }, // ŀ
    { 16, 21, 16, 0, 21, 84, 21247 }, // Ł
    { 9, 23, 9, 0, 23, 52, 21331 }, // ł
    { 23, 28, 23, 0, 28, 161, 21383 }, // Ń
    { 18, 24, 19, 1, 24, 108, 21544 }, // ń
    { 23, 29, 23, 0, 21, 167, 21652 }, // Ņ
    { 18, 23, 19, 1, 15, 104, 21819 }, // ņ
    { 23, 27, 23, 0, 27, 156, 21923 }, // Ň
    { 18, 23, 19, 1, 23, 104, 22079 }, // ň
    { 21, 20, 19, -2, 20, 105, 22183 }, // ŉ
    { 20, 24, 22, 1, 24, 120, 22288 }, // Ō
    { 15, 20, 17, 1, 20, 75, 22408 }, // ō
    { 20, 27, 22, 1, 27, 135, 22483 }, // Ŏ
    { 15, 23, 17, 1, 23, 87, 22618 }, // ŏ
    { 20, 28, 22, 1, 28, 140, 22705 }, // Ő
    { 16, 24, 17, 1, 24, 96, 22845 }, // ő
    { 28, 21, 30, 1, 21, 147, 22941 }, // Œ
    { 25, 15, 26, 1, 15, 94, 23088 }, // œ
    { 18, 28, 19, 1, 28, 126, 23182 }, // Ŕ
    { 12, 24, 12, 1, 24, 72, 23308 }, // ŕ
    { 18, 29, 19, 1, 21, 131, 23380 }, // Ŗ
    { 12, 23, 12, 1, 15, 69, 23511 }, // ŗ
    { 18, 27, 19, 1, 27, 122, 23580 }, // Ř
    { 12, 23, 12, 1, 23, 69, 23702 }, // ř
    { 15, 28, 17, 1, 28, 105, 23771 }, // Ś
    { 12, 24, 15, 1, 24, 72, 23876 }, // ś
    { 15, 27, 17, 1, 27, 102, 23948 }, // Ŝ
    { 12, 23, 15, 1, 23, 69, 24050 }, // ŝ
    { 15, 27, 17, 1, 21, 102, 24119 }, // Ş
    { 12, 23, 15, 1, 15, 69, 24221 }, // ş
    { 15, 27, 17, 1, 27, 102, 24290 }, // Š
    { 12, 23, 15, 1, 23, 69, 24392 }, // š
    { 19, 29, 19, 0, 21, 138, 24461 }, // Ţ
    { 10, 28, 11, 1, 20, 70, 24599 }, // ţ
    { 19, 27, 19, 0, 27, 129, 24669 }, // Ť
    { 10, 25, 11, 1, 25, 63, 24798 }, // ť
    { 19, 21, 19, 0, 21, 100, 24861 }, // Ŧ
    { 10, 20, 11, 1, 20, 50, 24961 }, // ŧ
    { 22, 25, 22, 0, 25, 138, 25011 }, // Ũ
    { 18, 21, 19, 0, 21, 95, 25149 }, // ũ
    { 22, 24, 22, 0, 24, 132, 25244 }, // Ū
    { 18, 20, 19, 0, 20, 90, 25376 }, // ū
    { 22, 27, 22, 0, 27, 149, 25466 }, // Ŭ
    { 18, 23, 19, 0, 23, 104, 25615 }, // ŭ
    { 22, 28, 22, 0, 28, 154, 25719 }, // Ů
    { 18, 24, 19, 0, 24, 108, 25873 }, // ů
    { 22, 28, 22, 0, 28, 154, 25981 }, // Ű
    { 18, 24, 19, 0, 24, 108, 26135 }, // ű
    { 22, 27, 22, 0, 21, 149, 26243 }, // Ų
    { 18, 22, 19, 0, 15, 99, 26392 }, // ų
    { 32, 27, 31, 0, 27, 216, 26491 }, // Ŵ
    { 25, 23, 25, 0, 23, 144, 26707 }, // ŵ
    { 21, 27, 21, 0, 27, 142, 26851 }, // Ŷ
    { 17, 30, 17, 0, 23, 128, 26993 }, // ŷ
    { 21, 25, 21, 0, 25, 132, 27121 }, // Ÿ
    { 17, 28, 19, 1, 28, 119, 27253 }, // Ź
    { 14, 24, 16, 1, 24, 84, 27372 }, // ź
    { 17, 25, 19, 1, 25, 107, 27456 }, // Ż
    { 14, 21, 16, 1, 21, 74, 27563 }, // ż
    { 17, 27, 19, 1, 27, 115, 27637 }, // Ž
    { 14, 23, 16, 1, 23, 81, 27752 }, // ž
    { 15, 2, 15, 0, 9, 8, 27833 }, // –
    { 29, 2, 29, 0, 9, 15, 27841 }, // —
    { 6, 9, 8, 1, 23, 14, 27856 }, // ‘
    { 5, 9, 8, 2, 23, 12, 27870 }, // ’
    { 6, 9, 8, 1, 3, 14, 27882 }, // ‚
    { 11, 9, 13, 1, 23, 25, 27896 }, // “
    { 11, 9, 13, 1, 23, 25, 27921 }, // ”
    { 11, 9, 13, 1, 3, 25, 27946 }, // „
    { 15, 27, 16, 1, 21, 102, 27971 }, // †
    { 15, 27, 16, 1, 21, 102, 28073 }, // ‡
    { 11, 10, 15, 2, 15, 28, 28175 }, // •
    { 23, 4, 29, 3, 4, 23, 28203 }, // …
    { 33, 23, 34, 0, 22, 190, 28226 }, // ‰
    { 7, 10, 9, 1, 13, 18, 28416 }, // ‹
    { 7, 10, 9, 1, 13, 18, 28434 }, // ›
    { 15, 24, 5, -5, 22, 90, 28452 }, // ⁄
    { 17, 21, 16, 0, 21, 90, 28542 }, // €
    { 14, 23, 16, 1, 23, 81, 28632 }, // ∂
    { 18, 21, 19, 0, 21, 95, 28713 }, // ∆
    { 20, 24, 20, 0, 21, 120, 28808 }, // ∏
    { 16, 24, 16, 0, 21, 96, 28928 }, // ∑
    { 16, 2, 17, 1, 8, 8, 29024 }, // −
    { 15, 24, 5, -5, 22, 90, 29032 }, // ∕
    { 4, 4, 8, 2, 11, 4, 29122 }, // ∙
    { 18, 29, 17, -1, 24, 131, 29126 }, // √
    { 19, 10, 23, 2, 13, 48, 29257 }, // ∞
    { 9, 30, 9, 0, 25, 68, 29305 }, // ∫
    { 15, 9, 17, 1, 12, 34, 29373 }, // ≈
    { 16, 14, 17, 1, 14, 56, 29407 }, // ≠
    { 15, 18, 17, 1, 18, 68, 29463 }, // ≤
    { 15, 18, 17, 1, 18, 68, 29531 }, // ≥
};

static const EpdUnicodeInterval caecilia_14_regularIntervals[] = {
    { 0x0, 0x0, 0x0 },
    { 0xD, 0xD, 0x1 },
    { 0x20, 0x7E, 0x2 },
    { 0xA0, 0xFF, 0x61 },
    { 0x100, 0x12B, 0xC1 },
    { 0x12E, 0x137, 0xED },
    { 0x139, 0x149, 0xF7 },
    { 0x14C, 0x17E, 0x108 },
    { 0x2013, 0x2014, 0x13B },
    { 0x2018, 0x201A, 0x13D },
    { 0x201C, 0x201E, 0x140 },
    { 0x2020, 0x2022, 0x143 },
    { 0x2026, 0x2026, 0x146 },
    { 0x2030, 0x2030, 0x147 },
    { 0x2039, 0x203A, 0x148 },
    { 0x2044, 0x2044, 0x14A },
    { 0x20AC, 0x20AC, 0x14B },
    { 0x2202, 0x2202, 0x14C },
    { 0x2206, 0x2206, 0x14D },
    { 0x220F, 0x220F, 0x14E },
    { 0x2211, 0x2212, 0x14F },
    { 0x2215, 0x2215, 0x151 },
    { 0x2219, 0x221A, 0x152 },
    { 0x221E, 0x221E, 0x154 },
    { 0x222B, 0x222B, 0x155 },
    { 0x2248, 0x2248, 0x156 },
    { 0x2260, 0x2260, 0x157 },
    { 0x2264, 0x2265, 0x158 },
};

static const EpdFontData caecilia_14_regular = {
    caecilia_14_regularBitmaps,
    caecilia_14_regularGlyphs,
    caecilia_14_regularIntervals,
    28,
    35,
    23,
    -7,
    true,
};
