/**
 * generated by fontconvert.py
 * name: edslab_14_regular
 * size: 14
 * mode: 2-bit
 * Command used: fontconvert.py edslab_14_regular 14 ../../../custom_fonts/EdsLab.ttf --2bit
 */
#pragma once
#include "EpdFontData.h"

static const uint8_t edslab_14_regularBitmaps[14680] = {
    0x7D, 0xF7, 0xDF, 0x7D, 0xF7, 0xDF, 0x7D, 0xF7, 0xDF, 0x7D, 0xF7, 0xDF, 0x02, 0xEF, 0xEE, 0xF4,
    0xF7, 0xD3, 0xDF, 0x4F, 0x7D, 0x3D, 0xF4, 0xF7, 0xD3, 0xD0, 0x00, 0x07, 0xC0, 0x02, 0xF0, 0x00,
    0x0B, 0x80, 0x03, 0xE0, 0x00, 0x0F, 0x40, 0x03, 0xD0, 0x00, 0x0F, 0x00, 0x07, 0xC0, 0x00, 0x1F,
    0x00, 0x0B, 0xC0, 0x3F, 0xFF, 0xFF, 0xFF, 0xFF, 0x3F, 0xFF, 0xFF, 0xFF, 0xFF, 0x00, 0x3D, 0x00,
    0x1F, 0x00, 0x00, 0x7C, 0x00, 0x2F, 0x00, 0x00, 0xB8, 0x00, 0x3E, 0x00, 0x00, 0xF4, 0x00, 0x3D,
    0x00, 0x00, 0xF0, 0x00, 0x7C, 0x00, 0xFF, 0xFF, 0xFF, 0xFF, 0xFC, 0xFF, 0xFF, 0xFF, 0xFF, 0xFC,
    0x03, 0xE0, 0x00, 0xF4, 0x00, 0x03, 0xD0, 0x01, 0xF0, 0x00, 0x07, 0xC0, 0x02, 0xF0, 0x00, 0x0B,
    0xC0, 0x02, 0xE0, 0x00, 0x0F, 0x80, 0x03, 0xD0, 0x00, 0x0F, 0x40, 0x03, 0xD0, 0x00, 0x00, 0x03,
    0xD0, 0x00, 0x00, 0x03, 0xD0, 0x00, 0x00, 0x03, 0xD0, 0x00, 0x00, 0x03, 0xD0, 0x00, 0x01, 0xBF,
    0xFE, 0x40, 0x0F, 0xFF, 0xFF, 0xF0, 0x3F, 0xD0, 0x06, 0xF8, 0x7E, 0x00, 0x00, 0x7C, 0x7C, 0x00,
    0x00, 0x3C, 0x7C, 0x00, 0x00, 0x14, 0x3C, 0x00, 0x00, 0x00, 0x2F, 0x00, 0x00, 0x00, 0x0B, 0xE4,
    0x00, 0x00, 0x01, 0xFF, 0xE4, 0x00, 0x00, 0x06, 0xBF, 0xD0, 0x00, 0x00, 0x02, 0xF8, 0x00, 0x00,
    0x00, 0x3D, 0x00, 0x00, 0x00, 0x1F, 0x24, 0x00, 0x00, 0x1F, 0x78, 0x00, 0x00, 0x2F, 0x7C, 0x00,
    0x00, 0x3F, 0x3F, 0x90, 0x06, 0xFD, 0x1F, 0xFF, 0xFF, 0xF8, 0x02, 0xFF, 0xFF, 0x80, 0x00, 0x03,
    0xD0, 0x00, 0x00, 0x03, 0xD0, 0x00, 0x00, 0x03, 0xD0, 0x00, 0x00, 0x02, 0x80, 0x00, 0x07, 0xFE,
    0x00, 0x06, 0x80, 0x00, 0x0F, 0xFF, 0xF0, 0x03, 0xF0, 0x00, 0x0B, 0xE0, 0x7F, 0x00, 0xF8, 0x00,
    0x03, 0xE0, 0x07, 0xC0, 0xBC, 0x00, 0x00, 0xF4, 0x00, 0xF4, 0x3E, 0x00, 0x00, 0x3E, 0x00, 0x7C,
    0x1F, 0x40, 0x00, 0x0B, 0xD0, 0x7F, 0x0F, 0xC0, 0x00, 0x00, 0xFF, 0xFF, 0x03, 0xD0, 0x00, 0x00,
    0x0B, 0xFE, 0x02, 0xF0, 0x00, 0x00, 0x00, 0x00, 0x00, 0xF8, 0x00, 0x00, 0x00, 0x00, 0x00, 0x7C,
    0x0B, 0xFE, 0x00, 0x00, 0x00, 0x3F, 0x0F, 0xFF, 0xF0, 0x00, 0x00, 0x0F, 0x47, 0xE0, 0x7E, 0x00,
    0x00, 0x0B, 0xC3, 0xE0, 0x07, 0xC0, 0x00, 0x03, 0xE0, 0xF4, 0x00, 0xF4, 0x00, 0x01, 0xF0, 0x3D,
    0x00, 0x3C, 0x00, 0x00, 0xFC, 0x0F, 0x80, 0x1F, 0x00, 0x00, 0x7D, 0x01, 0xF8, 0x1F, 0x80, 0x00,
    0x2F, 0x00, 0x2F, 0xFF, 0xC0, 0x00, 0x0A, 0x40, 0x01, 0xFF, 0x80, 0x00, 0x00, 0x0B, 0xFF, 0xA4,
    0x00, 0x00, 0x00, 0x00, 0x2F, 0xFF, 0xFF, 0xC0, 0x00, 0x00, 0x00, 0x3F, 0xFF, 0xFF, 0xF0, 0x00,
    0x00, 0x00, 0x2F, 0xFF, 0xFF, 0xFC, 0x00, 0x00, 0x00, 0x1F, 0xFD, 0x00, 0x6F, 0x00, 0x00, 0x00,
    0x0B, 0xFC, 0x00, 0x00, 0x80, 0x00, 0x00, 0x03, 0xFD, 0x00, 0x00, 0x00, 0x00, 0x00, 0x00, 0xFF,
    0x00, 0x00, 0x00, 0x00, 0x00, 0x00, 0x3F, 0xC0, 0x00, 0x00, 0x00, 0x00, 0x00, 0x0F, 0xF4, 0x00,
    0x00, 0x00, 0x00, 0x00, 0x02, 0xFE, 0x00, 0x00, 0x00, 0x00, 0x00, 0x00, 0x7F, 0xC0, 0x00, 0x00,
    0x00, 0x00, 0x00, 0x0F, 0xF8, 0x00, 0x00, 0x00, 0x00, 0x00, 0x02, 0xFF, 0x40, 0x00, 0x00, 0x00,
    0x00, 0x00, 0x3F, 0xF0, 0x00, 0x00, 0x00, 0x00, 0x00, 0x1F, 0xFF, 0x00, 0x00, 0x00, 0x00, 0x00,
    0x2F, 0xFF, 0xE0, 0x00, 0x00, 0x00, 0x00, 0x3F, 0x8B, 0xFE, 0x00, 0x00, 0x00, 0x00, 0x3F, 0x40,
    0xFF, 0xD0, 0x00, 0x00, 0x00, 0x3F, 0x80, 0x0F, 0xFC, 0x00, 0x03, 0xFC, 0x2F, 0xC0, 0x01, 0xFF,
    0xC0, 0x00, 0xFF, 0x0F, 0xE0, 0x00, 0x1F, 0xF8, 0x00, 0x3F, 0xC7, 0xF0, 0x00, 0x02, 0xFF, 0x40,
    0x0F, 0xF3, 0xFC, 0x00, 0x00, 0x3F, 0xF0, 0x03, 0xF8, 0xFF, 0x00, 0x00, 0x03, 0xFF, 0x01, 0xFD,
    0x3F, 0xC0, 0x00, 0x00, 0x7F, 0xE0, 0xBF, 0x0F, 0xF4, 0x00, 0x00, 0x07, 0xFD, 0x3F, 0x83, 0xFE,
    0x00, 0x00, 0x00, 0xBF, 0xFF, 0xC0, 0xBF, 0xD0, 0x00, 0x00, 0x0F, 0xFF, 0xD0, 0x0F, 0xFC, 0x00,
    0x00, 0x00, 0xFF, 0xE0, 0x02, 0xFF, 0xD0, 0x00, 0x00, 0xBF, 0xFC, 0x00, 0x3F, 0xFF, 0x90, 0x06,
    0xFF, 0xFF, 0x40, 0x03, 0xFF, 0xFF, 0xFF, 0xFF, 0xFF, 0xF0, 0x00, 0x3F, 0xFF, 0xFF, 0xFF, 0xC3,
    0xFF, 0x00, 0x01, 0xFF, 0xFF, 0xFF, 0x40, 0xBF, 0xE0, 0x00, 0x06, 0xFF, 0xF9, 0x00, 0x0F, 0xFC,
    0xF7, 0xDF, 0x7D, 0xF7, 0xD0, 0x00, 0x01, 0x40, 0x00, 0x7C, 0x00, 0x1F, 0x40, 0x07, 0xD0, 0x00,
    0xF4, 0x00, 0x3E, 0x00, 0x07, 0xC0, 0x00, 0xF0, 0x00, 0x2E, 0x00, 0x03, 0xD0, 0x00, 0x7C, 0x00,
    0x0B, 0x80, 0x00, 0xF8, 0x00, 0x0F, 0x40, 0x00, 0xF4, 0x00, 0x0F, 0x40, 0x00, 0xF4, 0x00, 0x0F,
    0x40, 0x00, 0xB8, 0x00, 0x0B, 0x80, 0x00, 0x7C, 0x00, 0x03, 0xC0, 0x00, 0x3E, 0x00, 0x01, 0xF0,
    0x00, 0x0F, 0x80, 0x00, 0x7C, 0x00, 0x03, 0xE0, 0x00, 0x0F, 0x80, 0x00, 0x7E, 0x00, 0x01, 0xF8,
    0x00, 0x07, 0x80, 0x00, 0x00, 0x20, 0x00, 0x0B, 0x80, 0x00, 0x3E, 0x00, 0x00, 0xF8, 0x00, 0x03,
    0xD0, 0x00, 0x1F, 0x00, 0x00, 0xB8, 0x00, 0x03, 0xD0, 0x00, 0x1F, 0x00, 0x00, 0xF0, 0x00, 0x0B,
    0x80, 0x00, 0x7C, 0x00, 0x03, 0xC0, 0x00, 0x3C, 0x00, 0x03, 0xD0, 0x00, 0x3D, 0x00, 0x03, 0xC0,
    0x00, 0x3C, 0x00, 0x07, 0xC0, 0x00, 0x7C, 0x00, 0x0B, 0x80, 0x00, 0xF4, 0x00, 0x1F, 0x00, 0x02,
    0xF0, 0x00, 0x3D, 0x00, 0x0B, 0xC0, 0x01, 0xF0, 0x00, 0x7D, 0x00, 0x1F, 0x80, 0x07, 0xE0, 0x00,
    0x78, 0x00, 0x00, 0x00, 0x00, 0x00, 0xF4, 0x00, 0x03, 0xD0, 0x07, 0x8F, 0x5E, 0x1F, 0xFF, 0xF8,
    0x0B, 0xFF, 0x40, 0x2F, 0xFD, 0x07, 0xFF, 0xFE, 0x1E, 0x3D, 0x78, 0x00, 0xF4, 0x00, 0x03, 0xD0,
    0x00, 0x03, 0xD0, 0x03, 0xD0, 0x03, 0xD0, 0xFF, 0xFF, 0xFF, 0xFF, 0x03, 0xD0, 0x03, 0xD0, 0x03,
    0xD0, 0x7C, 0xFD, 0xFD, 0x3C, 0x38, 0x70, 0x00, 0x00, 0x00, 0xFF, 0xFF, 0xFF, 0xFF, 0xBB, 0xFB,
    0x80, 0x00, 0x00, 0x10, 0x00, 0x01, 0xD0, 0x00, 0x0B, 0x00, 0x00, 0x38, 0x00, 0x01, 0xD0, 0x00,
    0x0B, 0x00, 0x00, 0x3C, 0x00, 0x01, 0xD0, 0x00, 0x0B, 0x00, 0x00, 0x3C, 0x00, 0x00, 0xD0, 0x00,
    0x0B, 0x00, 0x00, 0x3C, 0x00, 0x00, 0xE0, 0x00, 0x0B, 0x00, 0x00, 0x3C, 0x00, 0x00, 0xE0, 0x00,
    0x07, 0x40, 0x00, 0x3C, 0x00, 0x00, 0xE0, 0x00, 0x07, 0x40, 0x00, 0x2C, 0x00, 0x00, 0xE0, 0x00,
    0x07, 0x40, 0x00, 0x2C, 0x00, 0x00, 0xE0, 0x00, 0x02, 0x00, 0x00, 0x00, 0x00, 0x2F, 0xF8, 0x00,
    0x02, 0xFF, 0xFF, 0x40, 0x0B, 0xF4, 0x1F, 0xE0, 0x1F, 0x80, 0x02, 0xF4, 0x3F, 0x00, 0x00, 0xFC,
    0x7C, 0x00, 0x00, 0x3D, 0xBC, 0x00, 0x00, 0x3E, 0xF8, 0x00, 0x00, 0x2F, 0xF4, 0x00, 0x00, 0x1F,
    0xF4, 0x00, 0x00, 0x1F, 0xF4, 0x00, 0x00, 0x1F, 0xF4, 0x00, 0x00, 0x1F, 0xF8, 0x00, 0x00, 0x2F,
    0xBC, 0x00, 0x00, 0x3E, 0x7C, 0x00, 0x00, 0x3D, 0x3F, 0x00, 0x00, 0xFC, 0x1F, 0x80, 0x02, 0xF4,
    0x0B, 0xF4, 0x1F, 0xE0, 0x01, 0xFF, 0xFF, 0x40, 0x00, 0x2F, 0xF8, 0x00, 0xFF, 0xD0, 0xFF, 0xD0,
    0x03, 0xD0, 0x03, 0xD0, 0x03, 0xD0, 0x03, 0xD0, 0x03, 0xD0, 0x03, 0xD0, 0x03, 0xD0, 0x03, 0xD0,
    0x03, 0xD0, 0x03, 0xD0, 0x03, 0xD0, 0x03, 0xD0, 0x03, 0xD0, 0x03, 0xD0, 0x03, 0xD0, 0x03, 0xD0,
    0xFF, 0xFF, 0xFF, 0xFF, 0x00, 0x6F, 0xF9, 0x00, 0x0F, 0xFF, 0xFF, 0x00, 0xFD, 0x01, 0xFF, 0x07,
    0xC0, 0x00, 0xFD, 0x1F, 0x00, 0x01, 0xFC, 0x7C, 0x00, 0x03, 0xF0, 0x00, 0x00, 0x0F, 0xC0, 0x00,
    0x00, 0x7E, 0x00, 0x00, 0x03, 0xF0, 0x00, 0x00, 0x7F, 0x40, 0x00, 0x0B, 0xF4, 0x00, 0x02, 0xFF,
    0x00, 0x00, 0xBF, 0xD0, 0x00, 0x0F, 0xF4, 0x00, 0x00, 0xFD, 0x00, 0x00, 0x0B, 0xC0, 0x00, 0x0A,
    0x3E, 0x00, 0x00, 0x7C, 0xF4, 0x00, 0x01, 0xF3, 0xFF, 0xFF, 0xFF, 0xCF, 0xFF, 0xFF, 0xFF, 0x0F,
    0xFF, 0xFF, 0xFC, 0x0F, 0xFF, 0xFF, 0xFC, 0x00, 0x00, 0x02, 0xF8, 0x00, 0x00, 0x0F, 0xD0, 0x00,
    0x00, 0x7F, 0x00, 0x00, 0x02, 0xF8, 0x00, 0x00, 0x0F, 0xD0, 0x00, 0x00, 0x2F, 0xFE, 0x40, 0x00,
    0x2F, 0xFF, 0xF0, 0x00, 0x00, 0x17, 0xFC, 0x00, 0x00, 0x00, 0x7D, 0x00, 0x00, 0x00, 0x2E, 0x00,
    0x00, 0x00, 0x1F, 0x00, 0x00, 0x00, 0x1F, 0x00, 0x00, 0x00, 0x1F, 0x19, 0x00, 0x00, 0x3E, 0x2F,
    0x00, 0x00, 0xBD, 0x0F, 0xE4, 0x07, 0xF8, 0x03, 0xFF, 0xFF, 0xE0, 0x00, 0x6F, 0xFE, 0x00, 0x00,
    0x00, 0x2F, 0x00, 0x00, 0x02, 0xFC, 0x00, 0x00, 0x1F, 0xF0, 0x00, 0x00, 0xFF, 0xC0, 0x00, 0x0F,
    0xDF, 0x00, 0x00, 0xFC, 0x7C, 0x00, 0x0B, 0xD1, 0xF0, 0x00, 0x7E, 0x07, 0xC0, 0x07, 0xE0, 0x1F,
    0x00, 0x3F, 0x00, 0x7C, 0x03, 0xF0, 0x01, 0xF0, 0x2F, 0x40, 0x07, 0xC0, 0xFF, 0xFF, 0xFF, 0xFF,
    0xFF, 0xFF, 0xFF, 0xF0, 0x00, 0x01, 0xF0, 0x00, 0x00, 0x07, 0xC0, 0x00, 0x00, 0x1F, 0x00, 0x00,
    0x00, 0x7C, 0x00, 0x00, 0x3F, 0xFF, 0xC0, 0x00, 0xFF, 0xFF, 0x0F, 0xFF, 0xFF, 0xF0, 0x3F, 0xFF,
    0xFF, 0xC0, 0xF4, 0x00, 0x00, 0x03, 0xD0, 0x00, 0x00, 0x0F, 0x40, 0x00, 0x00, 0x3D, 0x00, 0x00,
    0x00, 0xF4, 0x00, 0x00, 0x03, 0xFF, 0xF9, 0x00, 0x0F, 0xFF, 0xFF, 0x40, 0x04, 0x00, 0xBF, 0x40,
    0x00, 0x00, 0x2F, 0x00, 0x00, 0x00, 0x3E, 0x00, 0x00, 0x00, 0x7C, 0x00, 0x00, 0x01, 0xF0, 0x00,
    0x00, 0x07, 0xC8, 0x00, 0x00, 0x2F, 0xBC, 0x00, 0x02, 0xF4, 0xFE, 0x40, 0x7F, 0xC0, 0xFF, 0xFF,
    0xF8, 0x00, 0x6F, 0xFE, 0x00, 0x00, 0x00, 0x00, 0x00, 0x00, 0xBF, 0xFD, 0x00, 0x0F, 0xFF, 0xFD,
    0x01, 0xFD, 0x00, 0xFC, 0x0F, 0x80, 0x00, 0xF4, 0x7C, 0x00, 0x03, 0xD3, 0xD0, 0x00, 0x01, 0x1F,
    0x00, 0x00, 0x00, 0xBC, 0x2F, 0xF9, 0x02, 0xEB, 0xFF, 0xFE, 0x0F, 0xFD, 0x01, 0xBE, 0x3F, 0x80,
    0x00, 0x7D, 0xFC, 0x00, 0x00, 0xBB, 0xD0, 0x00, 0x01, 0xFF, 0x40, 0x00, 0x07, 0xED, 0x00, 0x00,
    0x1F, 0x7C, 0x00, 0x00, 0xF8, 0xF8, 0x00, 0x0B, 0xD0, 0xFD, 0x01, 0xFE, 0x00, 0xFF, 0xFF, 0xE0,
    0x00, 0x6F, 0xF8, 0x00, 0xFF, 0xFF, 0xFF, 0xFF, 0xFF, 0xFF, 0xF0, 0x00, 0x00, 0xBC, 0x00, 0x00,
    0x3D, 0x00, 0x00, 0x2F, 0x00, 0x00, 0x0F, 0x40, 0x00, 0x0B, 0xC0, 0x00, 0x03, 0xD0, 0x00, 0x02,
    0xF0, 0x00, 0x00, 0xF4, 0x00, 0x00, 0xBC, 0x00, 0x00, 0x3D, 0x00, 0x00, 0x2F, 0x00, 0x00, 0x0F,
    0x40, 0x00, 0x0B, 0xC0, 0x00, 0x03, 0xD0, 0x00, 0x02, 0xF0, 0x00, 0x00, 0xF4, 0x00, 0x00, 0xBC,
    0x00, 0x00, 0x3D, 0x00, 0x00, 0x00, 0xBF, 0xE4, 0x00, 0x1F, 0xFF, 0xF8, 0x01, 0xFD, 0x06, 0xF4,
    0x0F, 0xC0, 0x02, 0xF0, 0x3D, 0x00, 0x03, 0xC0, 0xF4, 0x00, 0x0F, 0x42, 0xF0, 0x00, 0x7C, 0x03,
    0xF4, 0x0B, 0xF0, 0x03, 0xFF, 0xFF, 0x00, 0x2F, 0xFF, 0xF4, 0x03, 0xF9, 0x06, 0xF4, 0x1F, 0x40,
    0x00, 0xF4, 0xF8, 0x00, 0x01, 0xF3, 0xD0, 0x00, 0x03, 0xCF, 0x40, 0x00, 0x0F, 0x7E, 0x00, 0x00,
    0x7C, 0x7D, 0x00, 0x03, 0xF0, 0xFE, 0x41, 0xBF, 0x00, 0xBF, 0xFF, 0xF4, 0x00, 0x6F, 0xF9, 0x00,
    0x01, 0xBF, 0xE0, 0x00, 0x2F, 0xFF, 0xF4, 0x02, 0xF9, 0x06, 0xF4, 0x1F, 0x40, 0x01, 0xF0, 0xBC,
    0x00, 0x02, 0xE3, 0xD0, 0x00, 0x03, 0xCF, 0x40, 0x00, 0x0F, 0x3D, 0x00, 0x00, 0x3C, 0xF8, 0x00,
    0x00, 0xF2, 0xF0, 0x00, 0x07, 0xD3, 0xE0, 0x00, 0x3F, 0x07, 0xE4, 0x1B, 0xFC, 0x0B, 0xFF, 0xFC,
    0xF0, 0x06, 0xFF, 0x43, 0xC0, 0x00, 0x00, 0x0F, 0x04, 0x00, 0x00, 0xB8, 0x78, 0x00, 0x03, 0xC1,
    0xF0, 0x00, 0x2E, 0x03, 0xF4, 0x02, 0xF0, 0x03, 0xFF, 0xFF, 0x40, 0x02, 0xFF, 0xE0, 0x00, 0x00,
    0x00, 0x00, 0x00, 0xBB, 0xFB, 0x80, 0x00, 0x00, 0x00, 0x00, 0x0B, 0xBF, 0xB8, 0xB8, 0xFC, 0xB8,
    0x00, 0x00, 0x00, 0x00, 0x00, 0x00, 0x10, 0xFC, 0xFC, 0x7C, 0x38, 0xB0, 0x10, 0x00, 0x00, 0x01,
    0xC0, 0x00, 0x01, 0xFC, 0x00, 0x01, 0xFD, 0x00, 0x00, 0xFE, 0x00, 0x00, 0xBE, 0x00, 0x00, 0xBE,
    0x00, 0x00, 0x7E, 0x00, 0x00, 0x07, 0xE0, 0x00, 0x00, 0x0B, 0xE0, 0x00, 0x00, 0x0B, 0xE0, 0x00,
    0x00, 0x1F, 0xE0, 0x00, 0x00, 0x1F, 0xD0, 0x00, 0x00, 0x1F, 0xC0, 0x00, 0x00, 0x1C, 0xFF, 0xFF,
    0xFF, 0xFF, 0x00, 0x00, 0x00, 0x00, 0xFF, 0xFF, 0xFF, 0xFF, 0xA0, 0x00, 0x00, 0x2F, 0x80, 0x00,
    0x00, 0xBE, 0x00, 0x00, 0x07, 0xF4, 0x00, 0x00, 0x1F, 0xD0, 0x00, 0x00, 0x7F, 0x40, 0x00, 0x01,
    0xF8, 0x00, 0x00, 0x7F, 0x00, 0x01, 0xFD, 0x00, 0x07, 0xF4, 0x00, 0x0F, 0xE0, 0x00, 0x2F, 0x80,
    0x00, 0x7E, 0x00, 0x00, 0x28, 0x00, 0x00, 0x00, 0x06, 0xFF, 0xE0, 0x02, 0xFF, 0xFF, 0xE0, 0xBE,
    0x40, 0x6F, 0x8F, 0x80, 0x00, 0xBC, 0xF4, 0x00, 0x03, 0xCF, 0x80, 0x00, 0x3C, 0x60, 0x00, 0x07,
    0xC0, 0x00, 0x00, 0xF8, 0x00, 0x00, 0x7F, 0x00, 0x00, 0x2F, 0xC0, 0x00, 0x0F, 0xE0, 0x00, 0x03,
    0xF4, 0x00, 0x00, 0x7C, 0x00, 0x00, 0x0B, 0x80, 0x00, 0x00, 0xB8, 0x00, 0x00, 0x0B, 0x80, 0x00,
    0x00, 0x00, 0x00, 0x00, 0x01, 0x00, 0x00, 0x00, 0xFC, 0x00, 0x00, 0x0F, 0xD0, 0x00, 0x00, 0xBC,
    0x00, 0x00, 0x00, 0x00, 0x00, 0x00, 0x00, 0x6F, 0xFE, 0x40, 0x00, 0x00, 0x02, 0xFF, 0xFF, 0xFE,
    0x00, 0x00, 0x03, 0xFE, 0x40, 0x5B, 0xF4, 0x00, 0x03, 0xF4, 0x00, 0x00, 0x2F, 0x40, 0x03, 0xE0,
    0x00, 0x00, 0x00, 0xF4, 0x02, 0xE0, 0x00, 0x00, 0x00, 0x0F, 0x01, 0xF0, 0x02, 0xFF, 0x80, 0x02,
    0xE0, 0xF4, 0x02, 0xFF, 0xFC, 0x00, 0x3C, 0x3C, 0x00, 0xF4, 0x0F, 0xC0, 0x0B, 0x5E, 0x00, 0x3C,
    0x00, 0xF0, 0x01, 0xEB, 0x40, 0x00, 0x00, 0x3D, 0x00, 0x3F, 0xD0, 0x00, 0xBF, 0xFF, 0x40, 0x0F,
    0xF4, 0x00, 0xFE, 0x5B, 0xD0, 0x03, 0xFD, 0x00, 0xF8, 0x00, 0xF4, 0x00, 0xEF, 0x80, 0x3C, 0x00,
    0x3D, 0x00, 0x3B, 0xF0, 0x0F, 0x00, 0x0F, 0x40, 0x1D, 0xBC, 0x03, 0xD0, 0x2F, 0xF0, 0x0F, 0x1F,
    0x80, 0xBF, 0xFE, 0x3E, 0x6F, 0x43, 0xF0, 0x06, 0xF8, 0x07, 0xFF, 0x80, 0x7E, 0x00, 0x00, 0x00,
    0x1A, 0x00, 0x0F, 0xE0, 0x00, 0x00, 0x00, 0x00, 0x00, 0xFE, 0x00, 0x00, 0x00, 0x00, 0x00, 0x0F,
    0xF4, 0x00, 0x01, 0xB0, 0x00, 0x00, 0x7F, 0xFA, 0xAF, 0xF8, 0x00, 0x00, 0x01, 0xBF, 0xFE, 0x90,
    0x00, 0x00, 0x00, 0x03, 0xFF, 0xC0, 0x00, 0x00, 0x00, 0x0F, 0xFF, 0x40, 0x00, 0x00, 0x00, 0x02,
    0xFE, 0x00, 0x00, 0x00, 0x00, 0x0F, 0xBC, 0x00, 0x00, 0x00, 0x00, 0x7C, 0xF8, 0x00, 0x00, 0x00,
    0x03, 0xE2, 0xF0, 0x00, 0x00, 0x00, 0x1F, 0x03, 0xD0, 0x00, 0x00, 0x00, 0xFC, 0x0F, 0xC0, 0x00,
    0x00, 0x07, 0xD0, 0x1F, 0x40, 0x00, 0x00, 0x2F, 0x00, 0x3F, 0x00, 0x00, 0x00, 0xF8, 0x00, 0xBC,
    0x00, 0x00, 0x0B, 0xD0, 0x01, 0xF8, 0x00, 0x00, 0x3F, 0xFF, 0xFF, 0xF0, 0x00, 0x01, 0xFF, 0xFF,
    0xFF, 0xE0, 0x00, 0x0F, 0xC0, 0x00, 0x0F, 0xC0, 0x00, 0x7D, 0x00, 0x00, 0x1F, 0x40, 0x03, 0xF0,
    0x00, 0x00, 0x3F, 0x00, 0x1F, 0x80, 0x00, 0x00, 0xBD, 0x0F, 0xFF, 0xF0, 0x00, 0x3F, 0xFF, 0xFF,
    0xFF, 0xC0, 0x00, 0xFF, 0xFF, 0xFF, 0xFF, 0xFF, 0xF8, 0x03, 0xFF, 0xFF, 0xFF, 0xFD, 0x00, 0x3D,
    0x00, 0x01, 0xFD, 0x00, 0xF4, 0x00, 0x00, 0xB8, 0x03, 0xD0, 0x00, 0x01, 0xF0, 0x0F, 0x40, 0x00,
    0x07, 0xC0, 0x3D, 0x00, 0x00, 0x3F, 0x00, 0xF4, 0x00, 0x07, 0xF4, 0x03, 0xFF, 0xFF, 0xFF, 0x80,
    0x0F, 0xFF, 0xFF, 0xFD, 0x00, 0x3D, 0x00, 0x01, 0xBE, 0x00, 0xF4, 0x00, 0x00, 0x3D, 0x03, 0xD0,
    0x00, 0x00, 0xB8, 0x0F, 0x40, 0x00, 0x01, 0xF0, 0x3D, 0x00, 0x00, 0x07, 0xC0, 0xF4, 0x00, 0x00,
    0x2F, 0x03, 0xD0, 0x00, 0x01, 0xF8, 0x0F, 0x40, 0x00, 0x7F, 0xCF, 0xFF, 0xFF, 0xFF, 0xFC, 0x3F,
    0xFF, 0xFF, 0xFE, 0x40, 0x00, 0x06, 0xFF, 0x90, 0x00, 0x02, 0xFF, 0xFF, 0xF4, 0x00, 0x3F, 0xD0,
    0x07, 0xF4, 0x03, 0xF4, 0x00, 0x02, 0xF0, 0x2F, 0x40, 0x00, 0x03, 0xC0, 0xF8, 0x00, 0x00, 0x0F,
    0x07, 0xC0, 0x00, 0x00, 0x28, 0x2E, 0x00, 0x00, 0x00, 0x00, 0xF4, 0x00, 0x00, 0x00, 0x03, 0xD0,
    0x00, 0x00, 0x00, 0x0F, 0x40, 0x00, 0x00, 0x00, 0x3D, 0x00, 0x00, 0x00, 0x00, 0xB8, 0x00, 0x00,
    0x00, 0x01, 0xF0, 0x00, 0x00, 0x00, 0x03, 0xE0, 0x00, 0x00, 0x00, 0x0B, 0xD0, 0x00, 0x00, 0x78,
    0x0F, 0xE0, 0x00, 0x07, 0xE0, 0x0F, 0xF9, 0x01, 0xBF, 0x00, 0x0B, 0xFF, 0xFF, 0xF0, 0x00, 0x01,
    0xBF, 0xF9, 0x00, 0xFF, 0xFF, 0xFF, 0xE4, 0x00, 0x0F, 0xFF, 0xFF, 0xFF, 0xF8, 0x00, 0x03, 0xD0,
    0x00, 0x6F, 0xF4, 0x00, 0x3D, 0x00, 0x00, 0x1F, 0xC0, 0x03, 0xD0, 0x00, 0x00, 0x3F, 0x00, 0x3D,
    0x00, 0x00, 0x01, 0xF4, 0x03, 0xD0, 0x00, 0x00, 0x0B, 0xC0, 0x3D, 0x00, 0x00, 0x00, 0x7C, 0x03,
    0xD0, 0x00, 0x00, 0x03, 0xC0, 0x3D, 0x00, 0x00, 0x00, 0x3D, 0x03, 0xD0, 0x00, 0x00, 0x03, 0xD0,
    0x3D, 0x00, 0x00, 0x00, 0x3C, 0x03, 0xD0, 0x00, 0x00, 0x07, 0xC0, 0x3D, 0x00, 0x00, 0x00, 0xB8,
    0x03, 0xD0, 0x00, 0x00, 0x0F, 0x40, 0x3D, 0x00, 0x00, 0x03, 0xF0, 0x03, 0xD0, 0x00, 0x01, 0xFC,
    0x00, 0x3D, 0x00, 0x06, 0xFF, 0x00, 0xFF, 0xFF, 0xFF, 0xFF, 0x80, 0x0F, 0xFF, 0xFF, 0xFE, 0x40,
    0x00, 0xFF, 0xFF, 0xFF, 0xFF, 0xDF, 0xFF, 0xFF, 0xFF, 0xFD, 0x03, 0xD0, 0x00, 0x03, 0xD0, 0x3D,
    0x00, 0x00, 0x3D, 0x03, 0xD0, 0x00, 0x02, 0x80, 0x3D, 0x00, 0x00, 0x00, 0x03, 0xD0, 0x00, 0x00,
    0x00, 0x3D, 0x00, 0x00, 0x00, 0x03, 0xFF, 0xFF, 0xFC, 0x00, 0x3F, 0xFF, 0xFF, 0xC0, 0x03, 0xD0,
    0x00, 0x00, 0x00, 0x3D, 0x00, 0x00, 0x00, 0x03, 0xD0, 0x00, 0x00, 0x00, 0x3D, 0x00, 0x00, 0x00,
    0x03, 0xD0, 0x00, 0x00, 0x00, 0x3D, 0x00, 0x00, 0x3D, 0x03, 0xD0, 0x00, 0x03, 0xD0, 0x3D, 0x00,
    0x00, 0x3D, 0xFF, 0xFF, 0xFF, 0xFF, 0xDF, 0xFF, 0xFF, 0xFF, 0xFD, 0xFF, 0xFF, 0xFF, 0xFF, 0xDF,
    0xFF, 0xFF, 0xFF, 0xFD, 0x03, 0xD0, 0x00, 0x03, 0xD0, 0x3D, 0x00, 0x00, 0x3D, 0x03, 0xD0, 0x00,
    0x02, 0x80, 0x3D, 0x00, 0x00, 0x00, 0x03, 0xD0, 0x00, 0x00, 0x00, 0x3D, 0x00, 0x00, 0x00, 0x03,
    0xFF, 0xFF, 0xFC, 0x00, 0x3F, 0xFF, 0xFF, 0xC0, 0x03, 0xD0, 0x00, 0x00, 0x00, 0x3D, 0x00, 0x00,
    0x00, 0x03, 0xD0, 0x00, 0x00, 0x00, 0x3D, 0x00, 0x00, 0x00, 0x03, 0xD0, 0x00, 0x00, 0x00, 0x3D,
    0x00, 0x00, 0x00, 0x03, 0xD0, 0x00, 0x00, 0x00, 0x3D, 0x00, 0x00, 0x00, 0xFF, 0xFF, 0x00, 0x00,
    0x0F, 0xFF, 0xF0, 0x00, 0x00, 0x00, 0x06, 0xFF, 0xE0, 0x00, 0x02, 0xFF, 0xFF, 0xF8, 0x00, 0x3F,
    0xD4, 0x06, 0xF8, 0x03, 0xF4, 0x00, 0x01, 0xF0, 0x2F, 0x40, 0x00, 0x03, 0xD0, 0xF8, 0x00, 0x00,
    0x0F, 0x07, 0xC0, 0x00, 0x00, 0x04, 0x2E, 0x00, 0x00, 0x00, 0x00, 0xF4, 0x00, 0x00, 0x00, 0x03,
    0xD0, 0x00, 0x2F, 0xFF, 0xDF, 0x40, 0x00, 0xBF, 0xFF, 0x7D, 0x00, 0x00, 0x00, 0x3D, 0xB8, 0x00,
    0x00, 0x00, 0xF5, 0xF0, 0x00, 0x00, 0x03, 0xD3, 0xE0, 0x00, 0x00, 0x0F, 0x4B, 0xD0, 0x00, 0x00,
    0x7C, 0x0F, 0xE0, 0x00, 0x07, 0xE0, 0x0F, 0xF9, 0x01, 0xBF, 0x00, 0x0B, 0xFF, 0xFF, 0xE0, 0x00,
    0x01, 0xBF, 0xF8, 0x00, 0xFF, 0xFF, 0x00, 0x0F, 0xFF, 0xFF, 0xFF, 0xF0, 0x00, 0xFF, 0xFF, 0x03,
    0xD0, 0x00, 0x00, 0x3D, 0x00, 0x3D, 0x00, 0x00, 0x03, 0xD0, 0x03, 0xD0, 0x00, 0x00, 0x3D, 0x00,
    0x3D, 0x00, 0x00, 0x03, 0xD0, 0x03, 0xD0, 0x00, 0x00, 0x3D, 0x00, 0x3D, 0x00, 0x00, 0x03, 0xD0,
    0x03, 0xFF, 0xFF, 0xFF, 0xFD, 0x00, 0x3F, 0xFF, 0xFF, 0xFF, 0xD0, 0x03, 0xD0, 0x00, 0x00, 0x3D,
    0x00, 0x3D, 0x00, 0x00, 0x03, 0xD0, 0x03, 0xD0, 0x00, 0x00, 0x3D, 0x00, 0x3D, 0x00, 0x00, 0x03,
    0xD0, 0x03, 0xD0, 0x00, 0x00, 0x3D, 0x00, 0x3D, 0x00, 0x00, 0x03, 0xD0, 0x03, 0xD0, 0x00, 0x00,
    0x3D, 0x00, 0x3D, 0x00, 0x00, 0x03, 0xD0, 0xFF, 0xFF, 0x00, 0x0F, 0xFF, 0xFF, 0xFF, 0xF0, 0x00,
    0xFF, 0xFF, 0xFF, 0xFF, 0xFF, 0xFF, 0x03, 0xD0, 0x03, 0xD0, 0x03, 0xD0, 0x03, 0xD0, 0x03, 0xD0,
    0x03, 0xD0, 0x03, 0xD0, 0x03, 0xD0, 0x03, 0xD0, 0x03, 0xD0, 0x03, 0xD0, 0x03, 0xD0, 0x03, 0xD0,
    0x03, 0xD0, 0x03, 0xD0, 0x03, 0xD0, 0xFF, 0xFF, 0xFF, 0xFF, 0x02, 0xFF, 0xFF, 0xF4, 0x0B, 0xFF,
    0xFF, 0xD0, 0x00, 0x00, 0x0F, 0x40, 0x00, 0x00, 0x3D, 0x00, 0x00, 0x00, 0xF4, 0x00, 0x00, 0x03,
    0xD0, 0x00, 0x00, 0x0F, 0x40, 0x00, 0x00, 0x3D, 0x00, 0x00, 0x00, 0xF4, 0x00, 0x00, 0x03, 0xD0,
    0x00, 0x00, 0x0F, 0x40, 0x00, 0x00, 0x3D, 0x64, 0x00, 0x00, 0xF5, 0xE0, 0x00, 0x03, 0xC7, 0x80,
    0x00, 0x0F, 0x1F, 0x00, 0x00, 0x7C, 0x3E, 0x00, 0x03, 0xE0, 0xBE, 0x40, 0xBF, 0x00, 0xBF, 0xFF,
    0xF0, 0x00, 0x6F, 0xFD, 0x00, 0xFF, 0xFF, 0x03, 0xFF, 0xFC, 0x3F, 0xFF, 0xC0, 0xFF, 0xFF, 0x00,
    0x3D, 0x00, 0x07, 0xF0, 0x00, 0x0F, 0x40, 0x03, 0xF0, 0x00, 0x03, 0xD0, 0x07, 0xF0, 0x00, 0x00,
    0xF4, 0x07, 0xF0, 0x00, 0x00, 0x3D, 0x07, 0xF0, 0x00, 0x00, 0x0F, 0x47, 0xF0, 0x00, 0x00, 0x03,
    0xDB, 0xF0, 0x00, 0x00, 0x00, 0xFF, 0xFF, 0xC0, 0x00, 0x00, 0x3F, 0xE6, 0xFC, 0x00, 0x00, 0x0F,
    0xE0, 0x1F, 0x80, 0x00, 0x03, 0xE0, 0x02, 0xF0, 0x00, 0x00, 0xF4, 0x00, 0x3D, 0x00, 0x00, 0x3D,
    0x00, 0x0F, 0x80, 0x00, 0x0F, 0x40, 0x01, 0xF0, 0x00, 0x03, 0xD0, 0x00, 0x3D, 0x09, 0x00, 0xF4,
    0x00, 0x0F, 0xCB, 0xCF, 0xFF, 0xF0, 0x01, 0xFF, 0xD3, 0xFF, 0xFC, 0x00, 0x1F, 0xD0, 0xFF, 0xFF,
    0x00, 0x00, 0x0F, 0xFF, 0xF0, 0x00, 0x00, 0x03, 0xD0, 0x00, 0x00, 0x00, 0x3D, 0x00, 0x00, 0x00,
    0x03, 0xD0, 0x00, 0x00, 0x00, 0x3D, 0x00, 0x00, 0x00, 0x03, 0xD0, 0x00, 0x00, 0x00, 0x3D, 0x00,
    0x00, 0x00, 0x03, 0xD0, 0x00, 0x00, 0x00, 0x3D, 0x00, 0x00, 0x00, 0x03, 0xD0, 0x00, 0x00, 0x00,
    0x3D, 0x00, 0x00, 0x00, 0x03, 0xD0, 0x00, 0x00, 0x00, 0x3D, 0x00, 0x00, 0x00, 0x03, 0xD0, 0x00,
    0x00, 0x00, 0x3D, 0x00, 0x00, 0x0A, 0x03, 0xD0, 0x00, 0x01, 0xF0, 0x3D, 0x00, 0x00, 0x1F, 0xFF,
    0xFF, 0xFF, 0xFF, 0xFF, 0xFF, 0xFF, 0xFF, 0xFF, 0xFF, 0xE0, 0x00, 0x00, 0x00, 0xBF, 0xFF, 0xFF,
    0x40, 0x00, 0x00, 0x1F, 0xFF, 0x03, 0xFC, 0x00, 0x00, 0x03, 0xFC, 0x00, 0x3F, 0xF0, 0x00, 0x00,
    0xFF, 0xC0, 0x03, 0xEF, 0x80, 0x00, 0x2F, 0xBC, 0x00, 0x3D, 0xBD, 0x00, 0x07, 0xE7, 0xC0, 0x03,
    0xD3, 0xF0, 0x00, 0xFC, 0x7C, 0x00, 0x3D, 0x0F, 0xC0, 0x3F, 0x07, 0xC0, 0x03, 0xD0, 0x7D, 0x07,
    0xD0, 0x7C, 0x00, 0x3D, 0x02, 0xF0, 0xF8, 0x07, 0xC0, 0x03, 0xD0, 0x0F, 0xFF, 0x00, 0x7C, 0x00,
    0x3D, 0x00, 0x3F, 0xC0, 0x07, 0xC0, 0x03, 0xD0, 0x01, 0xF4, 0x00, 0x7C, 0x00, 0x3D, 0x00, 0x00,
    0x00, 0x07, 0xC0, 0x03, 0xD0, 0x00, 0x00, 0x00, 0x7C, 0x00, 0x3D, 0x00, 0x00, 0x00, 0x07, 0xC0,
    0x03, 0xD0, 0x00, 0x00, 0x00, 0x7C, 0x00, 0x3D, 0x00, 0x00, 0x00, 0x07, 0xC0, 0xFF, 0xFF, 0x00,
    0x00, 0x0F, 0xFF, 0xFF, 0xFF, 0xF0, 0x00, 0x00, 0xFF, 0xFF, 0xFF, 0xE0, 0x00, 0x0F, 0xFF, 0xFF,
    0xFF, 0x40, 0x00, 0xFF, 0xFF, 0x03, 0xFC, 0x00, 0x00, 0x3D, 0x00, 0x3F, 0xF0, 0x00, 0x03, 0xD0,
    0x03, 0xEF, 0x80, 0x00, 0x3D, 0x00, 0x3D, 0x7D, 0x00, 0x03, 0xD0, 0x03, 0xD3, 0xF0, 0x00, 0x3D,
    0x00, 0x3D, 0x0F, 0x80, 0x03, 0xD0, 0x03, 0xD0, 0x7D, 0x00, 0x3D, 0x00, 0x3D, 0x02, 0xF0, 0x03,
    0xD0, 0x03, 0xD0, 0x0F, 0xC0, 0x3D, 0x00, 0x3D, 0x00, 0x3E, 0x03, 0xD0, 0x03, 0xD0, 0x01, 0xF4,
    0x3D, 0x00, 0x3D, 0x00, 0x0B, 0xC3, 0xD0, 0x03, 0xD0, 0x00, 0x3F, 0x3D, 0x00, 0x3D, 0x00, 0x01,
    0xFB, 0xD0, 0x03, 0xD0, 0x00, 0x0B, 0xFD, 0x00, 0x3D, 0x00, 0x00, 0x3F, 0xD0, 0xFF, 0xFF, 0x00,
    0x00, 0xFD, 0x0F, 0xFF, 0xF0, 0x00, 0x07, 0xD0, 0x00, 0x06, 0xFF, 0xE4, 0x00, 0x00, 0x1F, 0xFF,
    0xFF, 0xD0, 0x00, 0x3F, 0xE4, 0x06, 0xFE, 0x00, 0x3F, 0x80, 0x00, 0x0B, 0xE0, 0x2F, 0x40, 0x00,
    0x00, 0x7D, 0x0F, 0x80, 0x00, 0x00, 0x0B, 0xC7, 0xC0, 0x00, 0x00, 0x00, 0xF6, 0xE0, 0x00, 0x00,
    0x00, 0x2E, 0xF4, 0x00, 0x00, 0x00, 0x07, 0xFD, 0x00, 0x00, 0x00, 0x01, 0xFF, 0x40, 0x00, 0x00,
    0x00, 0x7F, 0xD0, 0x00, 0x00, 0x00, 0x1F, 0xB8, 0x00, 0x00, 0x00, 0x0B, 0x9F, 0x00, 0x00, 0x00,
    0x03, 0xD3, 0xE0, 0x00, 0x00, 0x02, 0xF0, 0x7D, 0x00, 0x00, 0x01, 0xF8, 0x0B, 0xE0, 0x00, 0x02,
    0xF8, 0x00, 0xBF, 0x90, 0x1B, 0xF8, 0x00, 0x07, 0xFF, 0xFF, 0xF4, 0x00, 0x00, 0x1B, 0xFF, 0x90,
    0x00, 0xFF, 0xFF, 0xFF, 0xF8, 0x03, 0xFF, 0xFF, 0xFF, 0xFD, 0x00, 0x3D, 0x00, 0x06, 0xFD, 0x00,
    0xF4, 0x00, 0x00, 0xFC, 0x03, 0xD0, 0x00, 0x00, 0xF0, 0x0F, 0x40, 0x00, 0x03, 0xD0, 0x3D, 0x00,
    0x00, 0x0F, 0x00, 0xF4, 0x00, 0x00, 0xBC, 0x03, 0xD0, 0x00, 0x1F, 0xD0, 0x0F, 0xFF, 0xFF, 0xFE,
    0x00, 0x3F, 0xFF, 0xFF, 0x80, 0x00, 0xF4, 0x00, 0x00, 0x00, 0x03, 0xD0, 0x00, 0x00, 0x00, 0x0F,
    0x40, 0x00, 0x00, 0x00, 0x3D, 0x00, 0x00, 0x00, 0x00, 0xF4, 0x00, 0x00, 0x00, 0x03, 0xD0, 0x00,
    0x00, 0x00, 0x0F, 0x40, 0x00, 0x00, 0x0F, 0xFF, 0xF0, 0x00, 0x00, 0x3F, 0xFF, 0xC0, 0x00, 0x00,
    0x00, 0x06, 0xFF, 0xE4, 0x00, 0x00, 0x00, 0xBF, 0xFF, 0xFF, 0x40, 0x00, 0x03, 0xFE, 0x40, 0x6F,
    0xE0, 0x00, 0x0F, 0xE0, 0x00, 0x02, 0xF8, 0x00, 0x2F, 0x40, 0x00, 0x00, 0x7E, 0x00, 0x3E, 0x00,
    0x00, 0x00, 0x2F, 0x00, 0x7C, 0x00, 0x00, 0x00, 0x0F, 0x40, 0xB8, 0x00, 0x00, 0x00, 0x0B, 0x80,
    0xF4, 0x00, 0x00, 0x00, 0x07, 0xC0, 0xF4, 0x00, 0x00, 0x00, 0x07, 0xC0, 0xF4, 0x00, 0x00, 0x00,
    0x07, 0xC0, 0xF4, 0x00, 0x00, 0x00, 0x07, 0xC0, 0xB8, 0x00, 0x00, 0x90, 0x0B, 0x80, 0x7C, 0x00,
    0x01, 0xF4, 0x0F, 0x40, 0x3E, 0x00, 0x00, 0xBC, 0x2F, 0x00, 0x1F, 0x40, 0x00, 0x2F, 0x7D, 0x00,
    0x0B, 0xE0, 0x00, 0x0F, 0xFC, 0x00, 0x02, 0xFE, 0x40, 0x6F, 0xE0, 0x00, 0x00, 0x7F, 0xFF, 0xFF,
    0xE0, 0x00, 0x00, 0x06, 0xFF, 0xE4, 0xF0, 0x00, 0x00, 0x00, 0x00, 0x00, 0xBC, 0x0E, 0x00, 0x00,
    0x00, 0x00, 0x3E, 0x0F, 0x00, 0x00, 0x00, 0x00, 0x1F, 0xFF, 0x00, 0x00, 0x00, 0x00, 0x07, 0xFD,
    0x00, 0x00, 0x00, 0x00, 0x00, 0x50, 0xFF, 0xFF, 0xFF, 0xF8, 0x00, 0x3F, 0xFF, 0xFF, 0xFF, 0xE0,
    0x00, 0x3D, 0x00, 0x05, 0xFD, 0x00, 0x0F, 0x40, 0x00, 0x0B, 0xC0, 0x03, 0xD0, 0x00, 0x00, 0xF0,
    0x00, 0xF4, 0x00, 0x00, 0x3D, 0x00, 0x3D, 0x00, 0x00, 0x0F, 0x00, 0x0F, 0x40, 0x00, 0x0B, 0xC0,
    0x03, 0xD0, 0x00, 0x1F, 0xD0, 0x00, 0xFF, 0xFF, 0xFF, 0xD0, 0x00, 0x3F, 0xFF, 0xFF, 0x80, 0x00,
    0x0F, 0x40, 0x3E, 0x00, 0x00, 0x03, 0xD0, 0x03, 0xD0, 0x00, 0x00, 0xF4, 0x00, 0xB8, 0x00, 0x00,
    0x3D, 0x00, 0x1F, 0x00, 0x00, 0x0F, 0x40, 0x03, 0xE0, 0x00, 0x03, 0xD0, 0x00, 0x7C, 0x09, 0x00,
    0xF4, 0x00, 0x0F, 0xCB, 0xCF, 0xFF, 0xF0, 0x00, 0xFF, 0xD3, 0xFF, 0xFC, 0x00, 0x1F, 0xD0, 0x00,
    0xBF, 0xFE, 0x40, 0x01, 0xFF, 0xFF, 0xFC, 0x00, 0xFE, 0x40, 0x6F, 0xC0, 0xBC, 0x00, 0x00, 0xF4,
    0x3D, 0x00, 0x00, 0x3D, 0x0F, 0x40, 0x00, 0x01, 0x03, 0xD0, 0x00, 0x00, 0x00, 0x7D, 0x00, 0x00,
    0x00, 0x0B, 0xE4, 0x00, 0x00, 0x00, 0x2F, 0xFA, 0x40, 0x00, 0x00, 0x6B, 0xFE, 0x00, 0x00, 0x00,
    0x0B, 0xF0, 0x00, 0x00, 0x00, 0x3F, 0x00, 0x00, 0x00, 0x03, 0xC2, 0x80, 0x00, 0x00, 0xF4, 0xF0,
    0x00, 0x00, 0x3C, 0x3D, 0x00, 0x00, 0x3F, 0x0B, 0xE4, 0x01, 0xBF, 0x80, 0xBF, 0xFF, 0xFF, 0x80,
    0x02, 0xFF, 0xF9, 0x00, 0xFF, 0xFF, 0xFF, 0xFF, 0xFD, 0xFF, 0xFF, 0xFF, 0xFF, 0xFD, 0xF4, 0x00,
    0x7C, 0x00, 0x3D, 0xF4, 0x00, 0x7C, 0x00, 0x3D, 0xF0, 0x00, 0x7C, 0x00, 0x3C, 0x00, 0x00, 0x7C,
    0x00, 0x00, 0x00, 0x00, 0x7C, 0x00, 0x00, 0x00, 0x00, 0x7C, 0x00, 0x00, 0x00, 0x00, 0x7C, 0x00,
    0x00, 0x00, 0x00, 0x7C, 0x00, 0x00, 0x00, 0x00, 0x7C, 0x00, 0x00, 0x00, 0x00, 0x7C, 0x00, 0x00,
    0x00, 0x00, 0x7C, 0x00, 0x00, 0x00, 0x00, 0x7C, 0x00, 0x00, 0x00, 0x00, 0x7C, 0x00, 0x00, 0x00,
    0x00, 0x7C, 0x00, 0x00, 0x00, 0x00, 0x7C, 0x00, 0x00, 0x00, 0x00, 0x7C, 0x00, 0x00, 0x00, 0x0F,
    0xFF, 0xF0, 0x00, 0x00, 0x0F, 0xFF, 0xF0, 0x00, 0xFF, 0xFF, 0x00, 0x03, 0xFF, 0xFF, 0xFF, 0xFC,
    0x00, 0x0F, 0xFF, 0xF0, 0x3D, 0x00, 0x00, 0x00, 0xF4, 0x00, 0xF4, 0x00, 0x00, 0x03, 0xD0, 0x03,
    0xD0, 0x00, 0x00, 0x0F, 0x40, 0x0F, 0x40, 0x00, 0x00, 0x3D, 0x00, 0x3D, 0x00, 0x00, 0x00, 0xF4,
    0x00, 0xF4, 0x00, 0x00, 0x03, 0xD0, 0x03, 0xD0, 0x00, 0x00, 0x0F, 0x40, 0x0F, 0x40, 0x00, 0x00,
    0x3D, 0x00, 0x3D, 0x00, 0x00, 0x00, 0xF4, 0x00, 0xF4, 0x00, 0x00, 0x03, 0xC0, 0x03, 0xE0, 0x00,
    0x00, 0x0F, 0x00, 0x0B, 0x80, 0x00, 0x00, 0x7C, 0x00, 0x1F, 0x00, 0x00, 0x02, 0xF0, 0x00, 0x3E,
    0x00, 0x00, 0x0F, 0x40, 0x00, 0xBE, 0x00, 0x00, 0xFC, 0x00, 0x00, 0xBF, 0x40, 0x6F, 0xC0, 0x00,
    0x00, 0xBF, 0xFF, 0xFC, 0x00, 0x00, 0x00, 0x2F, 0xFE, 0x40, 0x00, 0xFF, 0xFF, 0x00, 0x03, 0xFF,
    0xFF, 0xFF, 0xFC, 0x00, 0x0F, 0xFF, 0xF0, 0x7E, 0x00, 0x00, 0x02, 0xF4, 0x00, 0xFC, 0x00, 0x00,
    0x0F, 0xC0, 0x01, 0xF4, 0x00, 0x00, 0x7D, 0x00, 0x03, 0xE0, 0x00, 0x02, 0xF0, 0x00, 0x0B, 0xC0,
    0x00, 0x0F, 0x80, 0x00, 0x0F, 0x40, 0x00, 0xBC, 0x00, 0x00, 0x2F, 0x00, 0x03, 0xE0, 0x00, 0x00,
    0x7D, 0x00, 0x1F, 0x00, 0x00, 0x00, 0xF8, 0x00, 0xFC, 0x00, 0x00, 0x01, 0xF0, 0x03, 0xD0, 0x00,
    0x00, 0x03, 0xE0, 0x2F, 0x00, 0x00, 0x00, 0x0B, 0xC0, 0xF4, 0x00, 0x00, 0x00, 0x0F, 0x47, 0xC0,
    0x00, 0x00, 0x00, 0x2F, 0x3E, 0x00, 0x00, 0x00, 0x00, 0x3D, 0xF0, 0x00, 0x00, 0x00, 0x00, 0xFF,
    0x80, 0x00, 0x00, 0x00, 0x01, 0xFD, 0x00, 0x00, 0x00, 0x00, 0x03, 0xF0, 0x00, 0x00, 0xFF, 0xFC,
    0x00, 0x03, 0xF0, 0x00, 0x0F, 0xFF, 0xFF, 0xFF, 0xC0, 0x00, 0x3F, 0x00, 0x00, 0xFF, 0xFF, 0x0B,
    0x80, 0x00, 0x0B, 0xF8, 0x00, 0x00, 0x7D, 0x00, 0x7C, 0x00, 0x00, 0xFF, 0xC0, 0x00, 0x0B, 0xC0,
    0x03, 0xD0, 0x00, 0x0F, 0xBC, 0x00, 0x00, 0xF8, 0x00, 0x2E, 0x00, 0x01, 0xF3, 0xD0, 0x00, 0x1F,
    0x00, 0x00, 0xF0, 0x00, 0x3E, 0x2F, 0x00, 0x03, 0xF0, 0x00, 0x0F, 0x40, 0x03, 0xD1, 0xF0, 0x00,
    0x7D, 0x00, 0x00, 0x7C, 0x00, 0x7C, 0x0F, 0x40, 0x0B, 0xC0, 0x00, 0x03, 0xC0, 0x0B, 0x80, 0xBC,
    0x00, 0xF8, 0x00, 0x00, 0x2E, 0x00, 0xF4, 0x07, 0xC0, 0x1F, 0x00, 0x00, 0x01, 0xF0, 0x1F, 0x00,
    0x3D, 0x03, 0xE0, 0x00, 0x00, 0x0F, 0x42, 0xE0, 0x02, 0xE0, 0x7D, 0x00, 0x00, 0x00, 0xB8, 0x3D,
    0x00, 0x1F, 0x0B, 0xC0, 0x00, 0x00, 0x07, 0xC7, 0xC0, 0x00, 0xF4, 0xF8, 0x00, 0x00, 0x00, 0x3E,
    0xBC, 0x00, 0x0B, 0x9F, 0x00, 0x00, 0x00, 0x02, 0xFF, 0x40, 0x00, 0x7F, 0xE0, 0x00, 0x00, 0x00,
    0x0F, 0xF0, 0x00, 0x03, 0xFD, 0x00, 0x00, 0x00, 0x00, 0xFF, 0x00, 0x00, 0x3F, 0xC0, 0x00, 0x00,
    0x00, 0x07, 0xD0, 0x00, 0x01, 0xF4, 0x00, 0x00, 0x3F, 0xFF, 0xC0, 0xFF, 0xFF, 0x0F, 0xFF, 0xF0,
    0x3F, 0xFF, 0xC0, 0x0F, 0x80, 0x00, 0xBC, 0x00, 0x01, 0xF4, 0x00, 0x7D, 0x00, 0x00, 0x2F, 0x00,
    0x3E, 0x00, 0x00, 0x03, 0xF0, 0x3F, 0x00, 0x00, 0x00, 0x3E, 0x2F, 0x00, 0x00, 0x00, 0x07, 0xEF,
    0x40, 0x00, 0x00, 0x00, 0x7F, 0x40, 0x00, 0x00, 0x00, 0x0F, 0xC0, 0x00, 0x00, 0x00, 0x07, 0xF4,
    0x00, 0x00, 0x00, 0x03, 0xFF, 0x00, 0x00, 0x00, 0x03, 0xE2, 0xF0, 0x00, 0x00, 0x02, 0xF0, 0x3E,
    0x00, 0x00, 0x01, 0xF4, 0x07, 0xD0, 0x00, 0x00, 0xF8, 0x00, 0xBC, 0x00, 0x00, 0xFC, 0x00, 0x0B,
    0xC0, 0x00, 0xBC, 0x00, 0x00, 0xF8, 0x0F, 0xFF, 0xF0, 0x03, 0xFF, 0xFF, 0xFF, 0xFC, 0x00, 0xFF,
    0xFF, 0xFF, 0xFF, 0x00, 0xFF, 0xFF, 0xFF, 0xFF, 0x00, 0xFF, 0xFF, 0x07, 0xE0, 0x00, 0x0B, 0xC0,
    0x02, 0xF0, 0x00, 0x0F, 0x80, 0x00, 0xF8, 0x00, 0x3F, 0x00, 0x00, 0x7D, 0x00, 0x7C, 0x00, 0x00,
    0x2F, 0x00, 0xF8, 0x00, 0x00, 0x0F, 0x42, 0xF0, 0x00, 0x00, 0x07, 0xC7, 0xD0, 0x00, 0x00, 0x03,
    0xEF, 0x80, 0x00, 0x00, 0x00, 0xFF, 0x00, 0x00, 0x00, 0x00, 0xBD, 0x00, 0x00, 0x00, 0x00, 0x7C,
    0x00, 0x00, 0x00, 0x00, 0x7C, 0x00, 0x00, 0x00, 0x00, 0x7C, 0x00, 0x00, 0x00, 0x00, 0x7C, 0x00,
    0x00, 0x00, 0x00, 0x7C, 0x00, 0x00, 0x00, 0x00, 0x7C, 0x00, 0x00, 0x00, 0x0F, 0xFF, 0xF0, 0x00,
    0x00, 0x0F, 0xFF, 0xF0, 0x00, 0xFF, 0xFF, 0xFF, 0xFF, 0xBF, 0xFF, 0xFF, 0xFF, 0xEF, 0x40, 0x00,
    0x03, 0xF3, 0xD0, 0x00, 0x03, 0xF4, 0xF0, 0x00, 0x02, 0xF4, 0x00, 0x00, 0x01, 0xF8, 0x00, 0x00,
    0x01, 0xF8, 0x00, 0x00, 0x00, 0xFC, 0x00, 0x00, 0x00, 0xFC, 0x00, 0x00, 0x00, 0xFC, 0x00, 0x00,
    0x00, 0xBD, 0x00, 0x00, 0x00, 0xBE, 0x00, 0x00, 0x00, 0x7E, 0x00, 0x00, 0x00, 0x3F, 0x00, 0x00,
    0x00, 0x3F, 0x00, 0x00, 0x00, 0x3F, 0x00, 0x00, 0x0A, 0x2F, 0x40, 0x00, 0x07, 0xEF, 0x40, 0x00,
    0x01, 0xFF, 0xFF, 0xFF, 0xFF, 0xFF, 0xFF, 0xFF, 0xFF, 0xFF, 0xBF, 0xFB, 0xD0, 0x0F, 0x40, 0x3D,
    0x00, 0xF4, 0x03, 0xD0, 0x0F, 0x40, 0x3D, 0x00, 0xF4, 0x03, 0xD0, 0x0F, 0x40, 0x3D, 0x00, 0xF4,
    0x03, 0xD0, 0x0F, 0x40, 0x3D, 0x00, 0xF4, 0x03, 0xD0, 0x0F, 0x40, 0x3D, 0x00, 0xF4, 0x03, 0xD0,
    0x0F, 0x40, 0x3D, 0x00, 0xF4, 0x03, 0xD0, 0x0F, 0x40, 0x2F, 0xFE, 0x10, 0x00, 0x00, 0xE0, 0x00,
    0x02, 0xC0, 0x00, 0x07, 0x40, 0x00, 0x0E, 0x00, 0x00, 0x3C, 0x00, 0x00, 0x74, 0x00, 0x00, 0xE0,
    0x00, 0x03, 0xC0, 0x00, 0x07, 0x00, 0x00, 0x0E, 0x00, 0x00, 0x3C, 0x00, 0x00, 0xB0, 0x00, 0x00,
    0xE0, 0x00, 0x03, 0xC0, 0x00, 0x0B, 0x00, 0x00, 0x0D, 0x00, 0x00, 0x3C, 0x00, 0x00, 0xB0, 0x00,
    0x01, 0xD0, 0x00, 0x03, 0x80, 0x00, 0x0B, 0x00, 0x00, 0x1D, 0x00, 0x00, 0x38, 0x00, 0x00, 0xB0,
    0x00, 0x01, 0xD0, 0x00, 0x02, 0x00, 0x7F, 0xFC, 0x00, 0x3D, 0x00, 0x3D, 0x00, 0x3D, 0x00, 0x3D,
    0x00, 0x3D, 0x00, 0x3D, 0x00, 0x3D, 0x00, 0x3D, 0x00, 0x3D, 0x00, 0x3D, 0x00, 0x3D, 0x00, 0x3D,
    0x00, 0x3D, 0x00, 0x3D, 0x00, 0x3D, 0x00, 0x3D, 0x00, 0x3D, 0x00, 0x3D, 0x00, 0x3D, 0x00, 0x3D,
    0x00, 0x3D, 0x00, 0x3D, 0x00, 0x3D, 0x00, 0x3D, 0x00, 0x3D, 0x00, 0x3D, 0x7F, 0xFC, 0x00, 0x0B,
    0x00, 0x00, 0x01, 0xF4, 0x00, 0x00, 0x3F, 0xC0, 0x00, 0x0B, 0x0F, 0x00, 0x01, 0xE0, 0xB4, 0x00,
    0x3C, 0x03, 0xC0, 0x0B, 0x40, 0x1E, 0x00, 0xE0, 0x00, 0xB4, 0x3C, 0x00, 0x03, 0xC3, 0x40, 0x00,
    0x1C, 0x00, 0x00, 0x00, 0xFF, 0xFF, 0xFF, 0xFF, 0xFF, 0xFF, 0x7E, 0x0F, 0xC2, 0xF0, 0x3D, 0x0F,
    0x41, 0xE0, 0x02, 0xFF, 0x80, 0x00, 0xBF, 0xFF, 0x00, 0x0F, 0x41, 0xFC, 0x00, 0xF0, 0x07, 0xC0,
    0x00, 0x00, 0x3D, 0x00, 0x1B, 0xFB, 0xD0, 0x0F, 0xFA, 0xBD, 0x03, 0xF0, 0x03, 0xD0, 0x3C, 0x00,
    0x3D, 0x03, 0xC0, 0x03, 0xD0, 0x3D, 0x01, 0xFE, 0x02, 0xFF, 0xFB, 0xFD, 0x0B, 0xF9, 0x1F, 0xC0,
    0x00, 0x00, 0x00, 0xFD, 0x00, 0x00, 0x03, 0xFC, 0x00, 0x00, 0x01, 0xF4, 0x00, 0x00, 0x03, 0xD0,
    0x00, 0x00, 0x0F, 0x40, 0x00, 0x00, 0x3D, 0x00, 0x00, 0x00, 0xF4, 0x00, 0x00, 0x03, 0xD0, 0x00,
    0x00, 0x0F, 0x40, 0x00, 0x00, 0x3D, 0x00, 0x00, 0x00, 0xF6, 0xFF, 0x40, 0x03, 0xFF, 0xFF, 0xC0,
    0x0F, 0xE0, 0x1F, 0xC0, 0x3D, 0x00, 0x0F, 0x80, 0xF4, 0x00, 0x1F, 0x03, 0xD0, 0x00, 0x3C, 0x0F,
    0x40, 0x00, 0xF4, 0x3D, 0x00, 0x03, 0xC0, 0xF4, 0x00, 0x1F, 0x03, 0xF0, 0x00, 0xF8, 0x0F, 0xF4,
    0x1F, 0xC0, 0x3D, 0xFF, 0xFD, 0x00, 0xF0, 0xBF, 0x80, 0x00, 0x01, 0xFF, 0x90, 0x03, 0xFF, 0xFF,
    0x03, 0xF8, 0x07, 0xE1, 0xF4, 0x00, 0xB8, 0xB8, 0x00, 0x09, 0x3D, 0x00, 0x00, 0x0F, 0x40, 0x00,
    0x03, 0xD0, 0x00, 0x00, 0xB8, 0x00, 0x00, 0x1F, 0x40, 0x07, 0x42, 0xF9, 0x07, 0xE0, 0x3F, 0xFF,
    0xF0, 0x01, 0xBF, 0xD0, 0x00, 0x00, 0x00, 0xFD, 0x00, 0x00, 0x03, 0xFC, 0x00, 0x00, 0x01, 0xF4,
    0x00, 0x00, 0x03, 0xD0, 0x00, 0x00, 0x0F, 0x40, 0x00, 0x00, 0x3D, 0x00, 0x00, 0x00, 0xF4, 0x00,
    0x00, 0x03, 0xD0, 0x00, 0x00, 0x0F, 0x40, 0x00, 0x00, 0x3D, 0x00, 0x1B, 0xF8, 0xF4, 0x03, 0xFF,
    0xFF, 0xD0, 0x3F, 0x80, 0x7F, 0x41, 0xF4, 0x00, 0x3D, 0x0B, 0x80, 0x00, 0xF4, 0x3D, 0x00, 0x03,
    0xD0, 0xF4, 0x00, 0x0F, 0x43, 0xD0, 0x00, 0x3D, 0x0F, 0x80, 0x00, 0xF4, 0x1F, 0x40, 0x0B, 0xD0,
    0x3F, 0x81, 0xBF, 0x80, 0x3F, 0xFF, 0x7F, 0xD0, 0x2F, 0xF4, 0x7F, 0x00, 0x01, 0xBF, 0x80, 0x0B,
    0xFF, 0xF0, 0x1F, 0x91, 0xF8, 0x3D, 0x00, 0x7C, 0x7C, 0x00, 0x3C, 0x7F, 0xFF, 0xFD, 0x7F, 0xFF,
    0xFD, 0x7C, 0x00, 0x00, 0x7C, 0x00, 0x00, 0x3E, 0x00, 0x18, 0x1F, 0x80, 0xBC, 0x0B, 0xFF, 0xF4,
    0x01, 0xBF, 0x80, 0x00, 0x7F, 0xD0, 0x0B, 0xEB, 0xF0, 0x3D, 0x07, 0xC0, 0xF4, 0x1E, 0x03, 0xD0,
    0x00, 0x0F, 0x40, 0x00, 0x3D, 0x00, 0x0F, 0xFF, 0xF0, 0x3F, 0xFF, 0xC0, 0x0F, 0x40, 0x00, 0x3D,
    0x00, 0x00, 0xF4, 0x00, 0x03, 0xD0, 0x00, 0x0F, 0x40, 0x00, 0x3D, 0x00, 0x00, 0xF4, 0x00, 0x03,
    0xD0, 0x00, 0x0F, 0x40, 0x00, 0x3D, 0x00, 0x00, 0xF4, 0x00, 0x2B, 0xC0, 0x00, 0xFF, 0x00, 0x00,
    0xA0, 0x00, 0x00, 0x00, 0x6F, 0xE0, 0xF8, 0x00, 0x7F, 0xFF, 0xFF, 0x00, 0x7F, 0x47, 0xFD, 0x80,
    0x2F, 0x00, 0x3E, 0x00, 0x0F, 0x40, 0x07, 0xC0, 0x03, 0xD0, 0x01, 0xF0, 0x00, 0xF4, 0x00, 0x7C,
    0x00, 0x2F, 0x00, 0x3E, 0x00, 0x03, 0xF4, 0x7F, 0x00, 0x02, 0xFF, 0xFF, 0x40, 0x01, 0xF2, 0xFE,
    0x40, 0x00, 0x7C, 0x00, 0x00, 0x00, 0x1F, 0xD5, 0x00, 0x00, 0x01, 0xFF, 0xFF, 0xE4, 0x00, 0xBE,
    0xFF, 0xFF, 0x80, 0xBC, 0x00, 0x07, 0xF4, 0x3D, 0x00, 0x00, 0x3E, 0x0F, 0x00, 0x00, 0x0B, 0xC3,
    0xE0, 0x00, 0x03, 0xE0, 0xBF, 0x40, 0x1B, 0xF0, 0x0B, 0xFF, 0xFF, 0xF0, 0x00, 0x2F, 0xFF, 0x90,
    0x00, 0xFD, 0x00, 0x00, 0x00, 0xFF, 0x00, 0x00, 0x00, 0x1F, 0x40, 0x00, 0x00, 0x0F, 0x40, 0x00,
    0x00, 0x0F, 0x40, 0x00, 0x00, 0x0F, 0x40, 0x00, 0x00, 0x0F, 0x40, 0x00, 0x00, 0x0F, 0x40, 0x00,
    0x00, 0x0F, 0x40, 0x00, 0x00, 0x0F, 0x40, 0x00, 0x00, 0x0F, 0x5B, 0xF8, 0x00, 0x0F, 0xBF, 0xFF,
    0x40, 0x0F, 0xF4, 0x1F, 0xC0, 0x0F, 0xC0, 0x03, 0xC0, 0x0F, 0x40, 0x03, 0xD0, 0x0F, 0x40, 0x03,
    0xD0, 0x0F, 0x40, 0x03, 0xD0, 0x0F, 0x40, 0x03, 0xD0, 0x0F, 0x40, 0x03, 0xD0, 0x0F, 0x40, 0x03,
    0xD0, 0x0F, 0x40, 0x03, 0xD0, 0xFF, 0xFC, 0x03, 0xFD, 0xFF, 0xFC, 0x00, 0xFD, 0x0B, 0x80, 0x0F,
    0xC0, 0x0B, 0x80, 0x00, 0x00, 0x00, 0x00, 0x7F, 0x00, 0xBF, 0xC0, 0x0B, 0xC0, 0x07, 0xC0, 0x07,
    0xC0, 0x07, 0xC0, 0x07, 0xC0, 0x07, 0xC0, 0x07, 0xC0, 0x07, 0xC0, 0x07, 0xD0, 0x03, 0xFC, 0x01,
    0xF8, 0x00, 0xB8, 0x03, 0xF0, 0x0B, 0x80, 0x00, 0x00, 0x00, 0x2F, 0xF0, 0xBF, 0xC0, 0x1F, 0x00,
    0x7C, 0x01, 0xF0, 0x07, 0xC0, 0x1F, 0x00, 0x7C, 0x01, 0xF0, 0x07, 0xC0, 0x1F, 0x00, 0x7C, 0x01,
    0xF0, 0x07, 0xC0, 0x1F, 0x00, 0x7C, 0x01, 0xF1, 0x0F, 0x8F, 0xFD, 0x2F, 0xD0, 0xFD, 0x00, 0x00,
    0x00, 0x3F, 0xC0, 0x00, 0x00, 0x01, 0xF4, 0x00, 0x00, 0x00, 0x3D, 0x00, 0x00, 0x00, 0x0F, 0x40,
    0x00, 0x00, 0x03, 0xD0, 0x00, 0x00, 0x00, 0xF4, 0x00, 0x00, 0x00, 0x3D, 0x00, 0x00, 0x00, 0x0F,
    0x40, 0x00, 0x00, 0x03, 0xD0, 0x00, 0x00, 0x00, 0xF4, 0x3F, 0xFF, 0x00, 0x3D, 0x0F, 0xFF, 0xC0,
    0x0F, 0x40, 0xFD, 0x00, 0x03, 0xD0, 0xFC, 0x00, 0x00, 0xF5, 0xFC, 0x00, 0x00, 0x3E, 0xFF, 0x80,
    0x00, 0x0F, 0xFF, 0xF8, 0x00, 0x03, 0xFC, 0x2F, 0x00, 0x00, 0xF8, 0x03, 0xE0, 0x00, 0x3D, 0x00,
    0xBC, 0x00, 0x0F, 0x40, 0x0F, 0x1E, 0x3F, 0xFF, 0x02, 0xFF, 0x8F, 0xFF, 0xC0, 0x2F, 0x80, 0xFD,
    0x03, 0xFC, 0x05, 0xF4, 0x03, 0xD0, 0x0F, 0x40, 0x3D, 0x00, 0xF4, 0x03, 0xD0, 0x0F, 0x40, 0x3D,
    0x00, 0xF4, 0x03, 0xD0, 0x0F, 0x40, 0x3D, 0x00, 0xF4, 0x03, 0xD0, 0x0F, 0x40, 0x3D, 0x00, 0xF4,
    0x03, 0xD0, 0x0F, 0x90, 0x3F, 0xD0, 0x3F, 0x00, 0xFD, 0x1F, 0xE4, 0x1F, 0xF8, 0x00, 0xFF, 0xBF,
    0xFD, 0x7F, 0xFF, 0x00, 0x1F, 0xD0, 0x7F, 0xE0, 0x2F, 0x80, 0x0F, 0x80, 0x0F, 0x80, 0x0B, 0xC0,
    0x0F, 0x40, 0x0F, 0x40, 0x07, 0xC0, 0x0F, 0x40, 0x0F, 0x40, 0x07, 0xC0, 0x0F, 0x40, 0x0F, 0x40,
    0x07, 0xC0, 0x0F, 0x40, 0x0F, 0x40, 0x07, 0xC0, 0x0F, 0x40, 0x0F, 0x40, 0x07, 0xC0, 0x0F, 0x40,
    0x0F, 0x40, 0x07, 0xC0, 0x0F, 0x40, 0x0F, 0x40, 0x07, 0xC0, 0xFF, 0xFC, 0x0F, 0xF8, 0x03, 0xFC,
    0xFF, 0xFC, 0x0F, 0xF8, 0x01, 0xFC, 0xFD, 0x1B, 0xF8, 0x00, 0xFF, 0x7F, 0xFF, 0x40, 0x1F, 0xF4,
    0x1F, 0xC0, 0x0F, 0xC0, 0x03, 0xC0, 0x0F, 0x40, 0x03, 0xD0, 0x0F, 0x40, 0x03, 0xD0, 0x0F, 0x40,
    0x03, 0xD0, 0x0F, 0x40, 0x03, 0xD0, 0x0F, 0x40, 0x03, 0xD0, 0x0F, 0x40, 0x03, 0xD0, 0x0F, 0x40,
    0x03, 0xD0, 0xFF, 0xFC, 0x03, 0xFD, 0xFF, 0xFC, 0x00, 0xFD, 0x01, 0xBF, 0xD0, 0x00, 0xFF, 0xFF,
    0xC0, 0x3F, 0x90, 0x7F, 0x07, 0xD0, 0x00, 0xF8, 0xB8, 0x00, 0x07, 0xCF, 0x40, 0x00, 0x3C, 0xF4,
    0x00, 0x03, 0xDF, 0x40, 0x00, 0x3C, 0xB8, 0x00, 0x07, 0xC7, 0xD0, 0x00, 0xF8, 0x2F, 0x90, 0x7F,
    0x00, 0xBF, 0xFF, 0xC0, 0x01, 0xBF, 0xD0, 0x00, 0xFD, 0x0B, 0xF8, 0x03, 0xFD, 0xFF, 0xFD, 0x01,
    0xFF, 0x41, 0xFC, 0x03, 0xF0, 0x00, 0xF8, 0x0F, 0x40, 0x01, 0xF0, 0x3D, 0x00, 0x03, 0xC0, 0xF4,
    0x00, 0x0F, 0x43, 0xD0, 0x00, 0x3C, 0x0F, 0x40, 0x01, 0xF0, 0x3D, 0x00, 0x0F, 0x80, 0xFE, 0x01,
    0xFC, 0x03, 0xFF, 0xFF, 0xC0, 0x0F, 0x6F, 0xF4, 0x00, 0x3D, 0x00, 0x00, 0x00, 0xF4, 0x00, 0x00,
    0x03, 0xD0, 0x00, 0x00, 0x0F, 0x40, 0x00, 0x00, 0x3D, 0x00, 0x00, 0x0F, 0xFF, 0xC0, 0x00, 0x3F,
    0xFF, 0x00, 0x00, 0x01, 0xFF, 0x4B, 0x40, 0x3F, 0xFF, 0x7D, 0x03, 0xF8, 0x1B, 0xF4, 0x1F, 0x40,
    0x0B, 0xD0, 0xF8, 0x00, 0x0F, 0x43, 0xD0, 0x00, 0x3D, 0x0F, 0x40, 0x00, 0xF4, 0x3D, 0x00, 0x03,
    0xD0, 0xB8, 0x00, 0x0F, 0x41, 0xF4, 0x00, 0x3D, 0x03, 0xF8, 0x07, 0xF4, 0x03, 0xFF, 0xFF, 0xD0,
    0x01, 0xBF, 0x8F, 0x40, 0x00, 0x00, 0x3D, 0x00, 0x00, 0x00, 0xF4, 0x00, 0x00, 0x03, 0xD0, 0x00,
    0x00, 0x0F, 0x40, 0x00, 0x00, 0x3D, 0x00, 0x00, 0x0F, 0xFF, 0xC0, 0x00, 0x3F, 0xFF, 0xFD, 0x0B,
    0xF8, 0xFF, 0x7F, 0xFE, 0x1F, 0xF4, 0x2F, 0x0F, 0xC0, 0x1F, 0x0F, 0x40, 0x09, 0x0F, 0x40, 0x00,
    0x0F, 0x40, 0x00, 0x0F, 0x40, 0x00, 0x0F, 0x40, 0x00, 0x0F, 0x40, 0x00, 0x0F, 0x40, 0x00, 0xFF,
    0xFF, 0x00, 0xFF, 0xFF, 0x00, 0x0B, 0xFF, 0x80, 0x3F, 0xFF, 0xF0, 0x3D, 0x01, 0xF8, 0x7C, 0x00,
    0x64, 0x3E, 0x00, 0x00, 0x1F, 0xE4, 0x00, 0x07, 0xFF, 0x80, 0x00, 0x1B, 0xF4, 0x00, 0x00, 0xBC,
    0x38, 0x00, 0x3D, 0x3D, 0x00, 0x7C, 0x2F, 0xFF, 0xF8, 0x07, 0xFF, 0x90, 0x06, 0x40, 0x00, 0x0F,
    0x40, 0x00, 0x0F, 0x40, 0x00, 0x0F, 0x40, 0x00, 0x0F, 0x40, 0x00, 0xFF, 0xFF, 0x00, 0xFF, 0xFF,
    0x00, 0x0F, 0x40, 0x00, 0x0F, 0x40, 0x00, 0x0F, 0x40, 0x00, 0x0F, 0x40, 0x00, 0x0F, 0x40, 0x00,
    0x0F, 0x40, 0x14, 0x0F, 0x40, 0x3C, 0x0F, 0x40, 0x3C, 0x0B, 0xD1, 0xFC, 0x03, 0xFF, 0xF4, 0x00,
    0xBF, 0x90, 0xFF, 0x40, 0x3F, 0xD0, 0xFF, 0x40, 0x3F, 0xD0, 0x0F, 0x40, 0x03, 0xD0, 0x0F, 0x40,
    0x03, 0xD0, 0x0F, 0x40, 0x03, 0xD0, 0x0F, 0x40, 0x03, 0xD0, 0x0F, 0x40, 0x03, 0xD0, 0x0F, 0x40,
    0x03, 0xD0, 0x0F, 0x40, 0x03, 0xD0, 0x0F, 0x80, 0x0B, 0xD0, 0x0B, 0xD0, 0x6F, 0xE0, 0x03, 0xFF,
    0xFB, 0xFE, 0x00, 0xBF, 0xD0, 0xFD, 0xFF, 0xFC, 0x0F, 0xFF, 0xFF, 0xFF, 0x03, 0xFF, 0xF0, 0xBD,
    0x00, 0x1F, 0x80, 0x0F, 0x80, 0x0B, 0xC0, 0x02, 0xF0, 0x03, 0xE0, 0x00, 0x3D, 0x01, 0xF0, 0x00,
    0x0B, 0xC0, 0xF8, 0x00, 0x00, 0xF4, 0x7C, 0x00, 0x00, 0x2F, 0x3E, 0x00, 0x00, 0x07, 0xDF, 0x00,
    0x00, 0x00, 0xFF, 0xC0, 0x00, 0x00, 0x1F, 0xD0, 0x00, 0x00, 0x03, 0xF0, 0x00, 0x00, 0xFF, 0xFC,
    0x03, 0xF0, 0x0F, 0xFF, 0xFF, 0xFF, 0x00, 0xFC, 0x03, 0xFF, 0xF0, 0xBC, 0x00, 0xBF, 0x80, 0x0F,
    0x80, 0x0F, 0x80, 0x3F, 0xF0, 0x0B, 0xC0, 0x02, 0xF0, 0x0F, 0xBC, 0x03, 0xE0, 0x00, 0x7D, 0x07,
    0xCF, 0x41, 0xF4, 0x00, 0x0F, 0xC3, 0xE2, 0xF0, 0xFC, 0x00, 0x01, 0xF4, 0xF4, 0x7C, 0x7D, 0x00,
    0x00, 0x3E, 0x7C, 0x0F, 0x6F, 0x00, 0x00, 0x07, 0xFE, 0x02, 0xFF, 0x40, 0x00, 0x00, 0xFF, 0x40,
    0x7F, 0xC0, 0x00, 0x00, 0x2F, 0xC0, 0x0F, 0xE0, 0x00, 0x00, 0x03, 0xF0, 0x03, 0xF0, 0x00, 0x00,
    0xFF, 0xFC, 0xFF, 0xFF, 0xFF, 0xF3, 0xFF, 0xF0, 0x3F, 0x03, 0xF0, 0x00, 0x3E, 0x2F, 0x00, 0x00,
    0x3E, 0xF0, 0x00, 0x00, 0x7F, 0x40, 0x00, 0x00, 0xB8, 0x00, 0x00, 0x07, 0xF4, 0x00, 0x00, 0x3E,
    0xF0, 0x00, 0x03, 0xE2, 0xF0, 0x00, 0x3F, 0x03, 0xF0, 0x3F, 0xFF, 0x3F, 0xFF, 0xFF, 0xFC, 0xFF,
    0xFC, 0xFF, 0x80, 0x0F, 0xFF, 0xFF, 0xF0, 0x03, 0xFF, 0xF0, 0x3E, 0x00, 0x0F, 0xC0, 0x07, 0xC0,
    0x03, 0xE0, 0x00, 0xF4, 0x02, 0xF0, 0x00, 0x2F, 0x00, 0xF8, 0x00, 0x07, 0xC0, 0x7D, 0x00, 0x00,
    0xF8, 0x2F, 0x00, 0x00, 0x1F, 0x0F, 0x80, 0x00, 0x03, 0xDB, 0xC0, 0x00, 0x00, 0xBF, 0xE0, 0x00,
    0x00, 0x0F, 0xF4, 0x00, 0x00, 0x03, 0xFC, 0x00, 0x00, 0x00, 0x7E, 0x00, 0x00, 0x00, 0x1F, 0x00,
    0x00, 0x00, 0x0F, 0x80, 0x00, 0x18, 0x0B, 0xC0, 0x00, 0x0B, 0x8B, 0xE0, 0x00, 0x01, 0xFF, 0xE0,
    0x00, 0x00, 0x1F, 0xD0, 0x00, 0x00, 0xFF, 0xFF, 0xFE, 0xFF, 0xFF, 0xFE, 0xF4, 0x00, 0xFD, 0xF4,
    0x03, 0xF4, 0xA0, 0x0B, 0xD0, 0x00, 0x2F, 0x40, 0x00, 0xBD, 0x00, 0x02, 0xF4, 0x00, 0x0B, 0xE0,
    0x0A, 0x2F, 0x80, 0x1F, 0xBE, 0x00, 0x1F, 0xFF, 0xFF, 0xFF, 0xFF, 0xFF, 0xFF, 0x00, 0x15, 0x00,
    0xF8, 0x02, 0xE0, 0x03, 0xD0, 0x03, 0xD0, 0x03, 0xD0, 0x03, 0xD0, 0x03, 0xD0, 0x03, 0xD0, 0x03,
    0xD0, 0x03, 0xD0, 0x03, 0xC0, 0x07, 0xC0, 0x2F, 0x00, 0xBD, 0x00, 0x0B, 0x80, 0x03, 0xC0, 0x03,
    0xD0, 0x03, 0xD0, 0x03, 0xD0, 0x03, 0xD0, 0x03, 0xD0, 0x03, 0xD0, 0x03, 0xD0, 0x03, 0xD0, 0x03,
    0xD0, 0x01, 0xF0, 0x00, 0x7D, 0xA3, 0xDF, 0x7D, 0xF7, 0xDF, 0x7D, 0xF7, 0xDF, 0x7D, 0xF7, 0xDF,
    0x7D, 0xF7, 0xDF, 0x7D, 0xF7, 0xDF, 0x7D, 0xF7, 0xDF, 0x7D, 0xF7, 0xD0, 0x54, 0x00, 0x1B, 0xC0,
    0x00, 0x7C, 0x00, 0x0F, 0x00, 0x03, 0xD0, 0x00, 0xF4, 0x00, 0x3D, 0x00, 0x0F, 0x40, 0x07, 0xD0,
    0x01, 0xF4, 0x00, 0x7D, 0x00, 0x1F, 0x40, 0x03, 0xE0, 0x00, 0x3E, 0x40, 0x07, 0xF0, 0x0B, 0xC0,
    0x03, 0xD0, 0x01, 0xF4, 0x00, 0x7D, 0x00, 0x1F, 0x40, 0x07, 0xD0, 0x00, 0xF4, 0x00, 0x3D, 0x00,
    0x0F, 0x40, 0x03, 0xD0, 0x00, 0xF0, 0x00, 0xF8, 0x02, 0xE4, 0x00, 0xFF, 0xFF, 0x00, 0xFF, 0xFF,
    0xFF, 0xFF, 0x00, 0xFF, 0xFF, 0x0B, 0xE0, 0x00, 0x0F, 0xC0, 0x03, 0xF0, 0x00, 0x1F, 0x00, 0x01,
    0xF8, 0x00, 0x3E, 0x00, 0x00, 0xBD, 0x00, 0xBC, 0x00, 0x00, 0x3F, 0x00, 0xF4, 0x00, 0x00, 0x0F,
    0x83, 0xF0, 0x00, 0x00, 0x07, 0xC7, 0xD0, 0x00, 0x00, 0x03, 0xFF, 0xC0, 0x00, 0x0F, 0xFF, 0xFF,
    0xFF, 0xC0, 0x0F, 0xFF, 0xFF, 0xFF, 0xC0, 0x00, 0x00, 0x7C, 0x00, 0x00, 0x0F, 0xFF, 0xFF, 0xFF,
    0xC0, 0x0F, 0xFF, 0xFF, 0xFF, 0xC0, 0x00, 0x00, 0x7C, 0x00, 0x00, 0x00, 0x00, 0x7C, 0x00, 0x00,
    0x00, 0x00, 0x7C, 0x00, 0x00, 0x00, 0x0F, 0xFF, 0xF0, 0x00, 0x00, 0x0F, 0xFF, 0xF0, 0x00, 0xF7,
    0xDF, 0x7D, 0xF7, 0xDF, 0x7D, 0x00, 0x00, 0x00, 0xF7, 0xDF, 0x7D, 0xF7, 0xDF, 0x7D, 0x00, 0x00,
    0xBF, 0xF8, 0x00, 0x00, 0x00, 0xF4, 0x00, 0xB8, 0x00, 0x00, 0x74, 0x00, 0x00, 0xB0, 0x00, 0x1C,
    0x00, 0x00, 0x01, 0xC0, 0x03, 0x00, 0x2F, 0xE4, 0x07, 0x00, 0xD0, 0x0F, 0x43, 0xD0, 0x28, 0x1C,
    0x03, 0xC0, 0x1E, 0x00, 0xC2, 0x40, 0x78, 0x03, 0xE0, 0x0A, 0x30, 0x0F, 0x40, 0x28, 0x00, 0x73,
    0x00, 0xF4, 0x00, 0x00, 0x03, 0x30, 0x0F, 0x40, 0x00, 0x00, 0x33, 0x00, 0xF4, 0x00, 0x00, 0x03,
    0x30, 0x0B, 0xC0, 0x01, 0x00, 0x72, 0x40, 0x3D, 0x00, 0x30, 0x0A, 0x1C, 0x01, 0xF4, 0x1D, 0x00,
    0xC0, 0xD0, 0x02, 0xFE, 0x00, 0x28, 0x03, 0x00, 0x00, 0x00, 0x07, 0x00, 0x1C, 0x00, 0x00, 0x01,
    0xC0, 0x00, 0x74, 0x00, 0x00, 0xB0, 0x00, 0x00, 0xF4, 0x00, 0xB8, 0x00, 0x00, 0x00, 0xBF, 0xF8,
    0x00, 0x00, 0x00, 0x03, 0xFF, 0xC0, 0x00, 0x00, 0x00, 0x0F, 0xFF, 0x40, 0x00, 0x00, 0x00, 0x02,
    0xFE, 0x00, 0x00, 0x00, 0x00, 0x0F, 0xBC, 0x00, 0x00, 0x00, 0x00, 0x7C, 0xF8, 0x00, 0x00, 0x00,
    0x03, 0xE2, 0xF0, 0x00, 0x00, 0x00, 0x1F, 0x03, 0xD0, 0x00, 0x00, 0x00, 0xFC, 0x0F, 0xC0, 0x00,
    0x00, 0x07, 0xD0, 0x1F, 0x40, 0x00, 0x00, 0x2F, 0x00, 0x3F, 0x00, 0x00, 0x00, 0xF8, 0x00, 0xBC,
    0x00, 0x00, 0x0B, 0xD0, 0x01, 0xF8, 0x00, 0x00, 0x3F, 0xFF, 0xFF, 0xF0, 0x00, 0x01, 0xFF, 0xFF,
    0xFF, 0xE0, 0x00, 0x0F, 0xC0, 0x00, 0x0F, 0xC0, 0x00, 0x7D, 0x00, 0x00, 0x1F, 0x40, 0x03, 0xF0,
    0x00, 0x00, 0x3F, 0x00, 0x1F, 0x80, 0x00, 0x00, 0xBD, 0x0F, 0xFF, 0xF0, 0x00, 0x3F, 0xFF, 0xFF,
    0xFF, 0xC0, 0x00, 0xFF, 0xFF, 0x00, 0x03, 0xFF, 0xC0, 0x00, 0x00, 0x00, 0x0F, 0xFF, 0x40, 0x00,
    0x00, 0x00, 0x02, 0xFE, 0x00, 0x00, 0x00, 0x00, 0x0F, 0xBC, 0x00, 0x00, 0x00, 0x00, 0x7C, 0xF8,
    0x00, 0x00, 0x00, 0x03, 0xE2, 0xF0, 0x00, 0x00, 0x00, 0x1F, 0x03, 0xD0, 0x00, 0x00, 0x00, 0xFC,
    0x0F, 0xC0, 0x00, 0x00, 0x07, 0xD0, 0x1F, 0x40, 0x00, 0x00, 0x2F, 0x00, 0x3F, 0x00, 0x00, 0x00,
    0xF8, 0x00, 0xBC, 0x00, 0x00, 0x0B, 0xD0, 0x01, 0xF8, 0x00, 0x00, 0x3F, 0xFF, 0xFF, 0xF0, 0x00,
    0x01, 0xFF, 0xFF, 0xFF, 0xE0, 0x00, 0x0F, 0xC0, 0x00, 0x0F, 0xC0, 0x00, 0x7D, 0x00, 0x00, 0x1F,
    0x40, 0x03, 0xF0, 0x00, 0x00, 0x3F, 0x00, 0x1F, 0x80, 0x00, 0x00, 0xBD, 0x0F, 0xFF, 0xF0, 0x00,
    0x3F, 0xFF, 0xFF, 0xFF, 0xC0, 0x00, 0xFF, 0xFF, 0x00, 0x00, 0x05, 0x00, 0x00, 0x00, 0x00, 0x00,
    0x3D, 0x00, 0x00, 0x00, 0x00, 0x02, 0x4C, 0x00, 0x00, 0x00, 0x00, 0x04, 0x14, 0x00, 0x00, 0x00,
    0x00, 0x00, 0x00, 0x00, 0x00, 0x00, 0x0F, 0xFF, 0x00, 0x00, 0x00, 0x00, 0x3F, 0xFD, 0x00, 0x00,
    0x00, 0x00, 0x0B, 0xFC, 0x00, 0x00, 0x00, 0x00, 0x3E, 0xF0, 0x00, 0x00, 0x00, 0x02, 0xF3, 0xE0,
    0x00, 0x00, 0x00, 0x0F, 0x47, 0xC0, 0x00, 0x00, 0x00, 0x7C, 0x0F, 0x80, 0x00, 0x00, 0x03, 0xE0,
    0x2F, 0x00, 0x00, 0x00, 0x1F, 0x00, 0x3E, 0x00, 0x00, 0x00, 0xF8, 0x00, 0xBC, 0x00, 0x00, 0x07,
    0xD0, 0x01, 0xF4, 0x00, 0x00, 0x3F, 0xFF, 0xFF, 0xF0, 0x00, 0x01, 0xFF, 0xFF, 0xFF, 0xD0, 0x00,
    0x0F, 0xC0, 0x00, 0x0F, 0xC0, 0x00, 0x7D, 0x00, 0x00, 0x1F, 0x40, 0x03, 0xF0, 0x00, 0x00, 0x3F,
    0x00, 0x1F, 0x80, 0x00, 0x00, 0xBD, 0x0F, 0xFF, 0xF0, 0x00, 0x3F, 0xFF, 0xFF, 0xFF, 0xC0, 0x00,
    0xFF, 0xFF, 0x00, 0x00, 0x14, 0x14, 0x00, 0x00, 0x00, 0x02, 0xF4, 0xD0, 0x00, 0x00, 0x00, 0x0D,
    0x7B, 0x00, 0x00, 0x00, 0x00, 0x30, 0xB8, 0x00, 0x00, 0x00, 0x00, 0x00, 0x00, 0x00, 0x00, 0x00,
    0x0F, 0xFF, 0x00, 0x00, 0x00, 0x00, 0x3F, 0xFD, 0x00, 0x00, 0x00, 0x00, 0x0B, 0xFC, 0x00, 0x00,
    0x00, 0x00, 0x3D, 0xF4, 0x00, 0x00, 0x00, 0x02, 0xF3, 0xE0, 0x00, 0x00, 0x00, 0x0F, 0x47, 0xC0,
    0x00, 0x00, 0x00, 0xBC, 0x0F, 0x80, 0x00, 0x00, 0x03, 0xE0, 0x2F, 0x00, 0x00, 0x00, 0x1F, 0x00,
    0x3E, 0x00, 0x00, 0x00, 0xF8, 0x00, 0xBC, 0x00, 0x00, 0x07, 0xD0, 0x01, 0xF4, 0x00, 0x00, 0x3F,
    0xFF, 0xFF, 0xF0, 0x00, 0x01, 0xFF, 0xFF, 0xFF, 0xD0, 0x00, 0x0F, 0xC0, 0x00, 0x0F, 0xC0, 0x00,
    0x7D, 0x00, 0x00, 0x1F, 0x40, 0x03, 0xF0, 0x00, 0x00, 0x3F, 0x00, 0x1F, 0x80, 0x00, 0x00, 0xBD,
    0x0F, 0xFF, 0xF0, 0x00, 0x3F, 0xFF, 0xFF, 0xFF, 0xC0, 0x00, 0xFF, 0xFF, 0x00, 0x03, 0xFF, 0xC0,
    0x00, 0x00, 0x00, 0x0F, 0xFF, 0x40, 0x00, 0x00, 0x00, 0x02, 0xFE, 0x00, 0x00, 0x00, 0x00, 0x0F,
    0xBC, 0x00, 0x00, 0x00, 0x00, 0x7C, 0xF8, 0x00, 0x00, 0x00, 0x03, 0xE2, 0xF0, 0x00, 0x00, 0x00,
    0x1F, 0x03, 0xD0, 0x00, 0x00, 0x00, 0xFC, 0x0F, 0xC0, 0x00, 0x00, 0x07, 0xD0, 0x1F, 0x40, 0x00,
    0x00, 0x2F, 0x00, 0x3F, 0x00, 0x00, 0x00, 0xF8, 0x00, 0xBC, 0x00, 0x00, 0x0B, 0xD0, 0x01, 0xF8,
    0x00, 0x00, 0x3F, 0xFF, 0xFF, 0xF0, 0x00, 0x01, 0xFF, 0xFF, 0xFF, 0xE0, 0x00, 0x0F, 0xC0, 0x00,
    0x0F, 0xC0, 0x00, 0x7D, 0x00, 0x00, 0x1F, 0x40, 0x03, 0xF0, 0x00, 0x00, 0x3F, 0x00, 0x1F, 0x80,
    0x00, 0x00, 0xBD, 0x0F, 0xFF, 0xF0, 0x00, 0x3F, 0xFF, 0xFF, 0xFF, 0xC0, 0x00, 0xFF, 0xFF, 0x00,
    0x03, 0xFF, 0xC0, 0x00, 0x00, 0x00, 0x0F, 0xFF, 0x40, 0x00, 0x00, 0x00, 0x02, 0xFE, 0x00, 0x00,
    0x00, 0x00, 0x0F, 0xBC, 0x00, 0x00, 0x00, 0x00, 0x7C, 0xF8, 0x00, 0x00, 0x00, 0x03, 0xE2, 0xF0,
    0x00, 0x00, 0x00, 0x1F, 0x03, 0xD0, 0x00, 0x00, 0x00, 0xFC, 0x0F, 0xC0, 0x00, 0x00, 0x07, 0xD0,
    0x1F, 0x40, 0x00, 0x00, 0x2F, 0x00, 0x3F, 0x00, 0x00, 0x00, 0xF8, 0x00, 0xBC, 0x00, 0x00, 0x0B,
    0xD0, 0x01, 0xF8, 0x00, 0x00, 0x3F, 0xFF, 0xFF, 0xF0, 0x00, 0x01, 0xFF, 0xFF, 0xFF, 0xE0, 0x00,
    0x0F, 0xC0, 0x00, 0x0F, 0xC0, 0x00, 0x7D, 0x00, 0x00, 0x1F, 0x40, 0x03, 0xF0, 0x00, 0x00, 0x3F,
    0x00, 0x1F, 0x80, 0x00, 0x00, 0xBD, 0x0F, 0xFF, 0xF0, 0x00, 0x3F, 0xFF, 0xFF, 0xFF, 0xC0, 0x00,
    0xFF, 0xFF, 0x00, 0x40, 0x03, 0xC0, 0x0A, 0x70, 0x18, 0x28, 0x00, 0x00, 0xFF, 0xFF, 0xFF, 0xFF,
    0x03, 0xD0, 0x03, 0xD0, 0x03, 0xD0, 0x03, 0xD0, 0x03, 0xD0, 0x03, 0xD0, 0x03, 0xD0, 0x03, 0xD0,
    0x03, 0xD0, 0x03, 0xD0, 0x03, 0xD0, 0x03, 0xD0, 0x03, 0xD0, 0x03, 0xD0, 0x03, 0xD0, 0xFF, 0xFF,
    0xFF, 0xFF, 0x00, 0x05, 0x00, 0x00, 0x02, 0xF8, 0x00, 0x00, 0x75, 0xD0, 0x00, 0x0D, 0x07, 0x00,
    0x00, 0x00, 0x00, 0x00, 0x00, 0x00, 0x00, 0x02, 0xFF, 0x80, 0x00, 0xBF, 0xFF, 0x00, 0x0F, 0x41,
    0xFC, 0x00, 0xF0, 0x07, 0xC0, 0x00, 0x00, 0x3D, 0x00, 0x1B, 0xFB, 0xD0, 0x0F, 0xFA, 0xBD, 0x03,
    0xF0, 0x03, 0xD0, 0x3C, 0x00, 0x3D, 0x03, 0xC0, 0x03, 0xD0, 0x3D, 0x01, 0xFE, 0x02, 0xFF, 0xFB,
    0xFD, 0x0B, 0xF9, 0x1F, 0xC0, 0x00, 0x00, 0x00, 0x00, 0xBC, 0x2C, 0x00, 0x1D, 0xF7, 0x80, 0x02,
    0xC2, 0xF0, 0x00, 0x00, 0x00, 0x00, 0x00, 0x00, 0x00, 0x00, 0x3F, 0xFC, 0x00, 0x0F, 0xFF, 0xF4,
    0x00, 0xF9, 0x6F, 0xC0, 0x1F, 0x00, 0xBD, 0x00, 0x00, 0x03, 0xE0, 0x03, 0xFF, 0xFE, 0x00, 0xFF,
    0xFF, 0xE0, 0x3F, 0x00, 0x3E, 0x03, 0xC0, 0x03, 0xE0, 0x7C, 0x00, 0x7E, 0x03, 0xF0, 0x3F, 0xF4,
    0x3F, 0xFF, 0xFF, 0xE0, 0xFF, 0xE2, 0xFD, 0x00, 0x00, 0x00, 0x00, 0x07, 0x00, 0x0E, 0xC0, 0x24,
    0x90, 0x10, 0x10, 0x00, 0x00, 0x00, 0x00, 0x3F, 0x40, 0x3F, 0xC0, 0x07, 0xD0, 0x03, 0xD0, 0x03,
    0xD0, 0x03, 0xD0, 0x03, 0xD0, 0x03, 0xD0, 0x03, 0xD0, 0x03, 0xD0, 0x03, 0xE0, 0x03, 0xFD, 0x00,
    0xFC, 0xB4, 0xB3, 0xD3, 0xC0, 0x00, 0x00, 0x00, 0x00, 0x03, 0xFC, 0x0F, 0xFC, 0x02, 0xF0, 0x07,
    0xC0, 0x1F, 0x00, 0x7C, 0x01, 0xF0, 0x07, 0xC0, 0x1F, 0x00, 0x7C, 0x01, 0xF4, 0x03, 0xF4, 0x0B,
    0xC0, 0x00, 0x00, 0x90, 0x70, 0x00, 0x00, 0x00, 0x01, 0xEB, 0x80, 0x00, 0x00, 0x00, 0x02, 0xF8,
    0x00, 0x00, 0x00, 0x00, 0x00, 0x00, 0x00, 0x00, 0x00, 0x03, 0xFF, 0xC0, 0x00, 0x00, 0x00, 0x0F,
    0xFF, 0x40, 0x00, 0x00, 0x00, 0x02, 0xFF, 0x00, 0x00, 0x00, 0x00, 0x0F, 0xBC, 0x00, 0x00, 0x00,
    0x00, 0xBC, 0xF8, 0x00, 0x00, 0x00, 0x03, 0xD1, 0xF0, 0x00, 0x00, 0x00, 0x1F, 0x03, 0xE0, 0x00,
    0x00, 0x00, 0xF8, 0x0B, 0xC0, 0x00, 0x00, 0x07, 0xC0, 0x0F, 0x80, 0x00, 0x00, 0x3E, 0x00, 0x2F,
    0x00, 0x00, 0x01, 0xF4, 0x00, 0x7D, 0x00, 0x00, 0x0F, 0xFF, 0xFF, 0xFC, 0x00, 0x00, 0x7F, 0xFF,
    0xFF, 0xF4, 0x00, 0x03, 0xF0, 0x00, 0x03, 0xF0, 0x00, 0x1F, 0x40, 0x00, 0x07, 0xD0, 0x00, 0xFC,
    0x00, 0x00, 0x0F, 0xC0, 0x07, 0xE0, 0x00, 0x00, 0x2F, 0x43, 0xFF, 0xFC, 0x00, 0x0F, 0xFF, 0xFF,
    0xFF, 0xF0, 0x00, 0x3F, 0xFF, 0xC0, 0x00, 0xA0, 0x28, 0x00, 0x07, 0xAB, 0x40, 0x00, 0x1F, 0xD0,
    0x00, 0x00, 0x00, 0x00, 0x00, 0x00, 0x00, 0x00, 0x3F, 0xFC, 0x00, 0x0F, 0xFF, 0xF4, 0x00, 0xF9,
    0x6F, 0xC0, 0x1F, 0x00, 0xBD, 0x00, 0x00, 0x03, 0xE0, 0x03, 0xFF, 0xFE, 0x00, 0xFF, 0xFF, 0xE0,
    0x3F, 0x00, 0x3E, 0x03, 0xC0, 0x03, 0xE0, 0x7C, 0x00, 0x7E, 0x03, 0xF0, 0x3F, 0xF4, 0x3F, 0xFF,
    0xFF, 0xE0, 0xFF, 0xE2, 0xFD, 0x00, 0x00, 0x00, 0x00, 0x00, 0xBF, 0xFE, 0x40, 0x01, 0xFF, 0xFF,
    0xFC, 0x00, 0xFE, 0x40, 0x6F, 0xC0, 0xBC, 0x00, 0x00, 0xF4, 0x3D, 0x00, 0x00, 0x3D, 0x0F, 0x40,
    0x00, 0x01, 0x03, 0xD0, 0x00, 0x00, 0x00, 0x7D, 0x00, 0x00, 0x00, 0x0B, 0xE4, 0x00, 0x00, 0x00,
    0x2F, 0xFA, 0x40, 0x00, 0x00, 0x6B, 0xFE, 0x00, 0x00, 0x00, 0x0B, 0xF0, 0x00, 0x00, 0x00, 0x3F,
    0x00, 0x00, 0x00, 0x03, 0xC2, 0x80, 0x00, 0x00, 0xF4, 0xF0, 0x00, 0x00, 0x3C, 0x3D, 0x00, 0x00,
    0x3F, 0x0B, 0xE4, 0x01, 0xBF, 0x80, 0xBF, 0xFF, 0xFF, 0x80, 0x02, 0xFF, 0xF9, 0x00, 0x00, 0x00,
    0x00, 0x00, 0x00, 0x00, 0x3C, 0x00, 0x00, 0x00, 0x2D, 0x00, 0x00, 0x00, 0x0F, 0x00, 0x00, 0x0B,
    0xFF, 0x80, 0x3F, 0xFF, 0xF0, 0x3D, 0x01, 0xF8, 0x7C, 0x00, 0x64, 0x3E, 0x00, 0x00, 0x1F, 0xE4,
    0x00, 0x07, 0xFF, 0x80, 0x00, 0x1B, 0xF4, 0x00, 0x00, 0xBC, 0x38, 0x00, 0x3D, 0x3D, 0x00, 0x7C,
    0x2F, 0xFF, 0xF8, 0x07, 0xFF, 0x90, 0x00, 0x00, 0x00, 0x00, 0x00, 0x00, 0x00, 0xB4, 0x00, 0x00,
    0xD0, 0x00, 0xFF, 0xFF, 0xFF, 0xFF, 0xFD, 0xFF, 0xFF, 0xFF, 0xFF, 0xFD, 0xF4, 0x00, 0x7C, 0x00,
    0x3D, 0xF4, 0x00, 0x7C, 0x00, 0x3D, 0xF0, 0x00, 0x7C, 0x00, 0x3C, 0x00, 0x00, 0x7C, 0x00, 0x00,
    0x00, 0x00, 0x7C, 0x00, 0x00, 0x00, 0x00, 0x7C, 0x00, 0x00, 0x00, 0x00, 0x7C, 0x00, 0x00, 0x00,
    0x00, 0x7C, 0x00, 0x00, 0x00, 0x00, 0x7C, 0x00, 0x00, 0x00, 0x00, 0x7C, 0x00, 0x00, 0x00, 0x00,
    0x7C, 0x00, 0x00, 0x00, 0x00, 0x7C, 0x00, 0x00, 0x00, 0x00, 0x7C, 0x00, 0x00, 0x00, 0x00, 0x7C,
    0x00, 0x00, 0x00, 0x00, 0x7C, 0x00, 0x00, 0x00, 0x00, 0x7C, 0x00, 0x00, 0x00, 0x0F, 0xFF, 0xF0,
    0x00, 0x00, 0x0F, 0xFF, 0xF0, 0x00, 0x00, 0x00, 0x00, 0x00, 0x00, 0x00, 0x00, 0x00, 0x00, 0x00,
    0x00, 0x00, 0x78, 0x00, 0x00, 0x00, 0x00, 0xB0, 0x00, 0x00, 0x00, 0x00, 0xF0, 0x00, 0x00, 0x00,
    0x00, 0xD0, 0x00, 0x00, 0x06, 0x40, 0x00, 0x0F, 0x40, 0x00, 0x0F, 0x40, 0x00, 0x0F, 0x40, 0x00,
    0x0F, 0x40, 0x00, 0xFF, 0xFF, 0x00, 0xFF, 0xFF, 0x00, 0x0F, 0x40, 0x00, 0x0F, 0x40, 0x00, 0x0F,
    0x40, 0x00, 0x0F, 0x40, 0x00, 0x0F, 0x40, 0x00, 0x0F, 0x40, 0x14, 0x0F, 0x40, 0x3C, 0x0F, 0x40,
    0x3C, 0x0B, 0xD1, 0xFC, 0x03, 0xFF, 0xF4, 0x00, 0xBF, 0x90, 0x00, 0x00, 0x00, 0x00, 0x00, 0x00,
    0x00, 0xB8, 0x00, 0x00, 0xF0, 0x00, 0x00, 0xD0, 0x00, 0x00, 0x0B, 0x00, 0xE0, 0x00, 0x00, 0xF4,
    0x1F, 0x00, 0x00, 0x0A, 0x00, 0x90, 0x00, 0x00, 0x00, 0x00, 0x00, 0x00, 0x00, 0x00, 0x00, 0x0F,
    0xFF, 0xFF, 0xFF, 0xFD, 0xFF, 0xFF, 0xFF, 0xFF, 0xD0, 0x3D, 0x00, 0x00, 0x3D, 0x03, 0xD0, 0x00,
    0x03, 0xD0, 0x3D, 0x00, 0x00, 0x28, 0x03, 0xD0, 0x00, 0x00, 0x00, 0x3D, 0x00, 0x00, 0x00, 0x03,
    0xD0, 0x00, 0x00, 0x00, 0x3F, 0xFF, 0xFF, 0xC0, 0x03, 0xFF, 0xFF, 0xFC, 0x00, 0x3D, 0x00, 0x00,
    0x00, 0x03, 0xD0, 0x00, 0x00, 0x00, 0x3D, 0x00, 0x00, 0x00, 0x03, 0xD0, 0x00, 0x00, 0x00, 0x3D,
    0x00, 0x00, 0x00, 0x03, 0xD0, 0x00, 0x03, 0xD0, 0x3D, 0x00, 0x00, 0x3D, 0x03, 0xD0, 0x00, 0x03,
    0xDF, 0xFF, 0xFF, 0xFF, 0xFD, 0xFF, 0xFF, 0xFF, 0xFF, 0xD0, 0x00, 0x0B, 0xFF, 0x80, 0x00, 0x2F,
    0x40, 0xBE, 0x00, 0x3E, 0x00, 0x0B, 0xD0, 0x3F, 0x00, 0x00, 0xFC, 0x2F, 0x00, 0x00, 0x3F, 0x0F,
    0x80, 0x00, 0x1F, 0xC7, 0xD0, 0x00, 0x0F, 0xD2, 0xF0, 0x00, 0x02, 0xD0, 0xFC, 0x00, 0x00, 0x00,
    0x3F, 0x00, 0x00, 0x00, 0x0F, 0xFF, 0xFF, 0xC0, 0x03, 0xF0, 0x00, 0x00, 0x00, 0xFC, 0x00, 0x00,
    0x00, 0x2F, 0x40, 0x00, 0x00, 0x03, 0xE0, 0x00, 0x00, 0x00, 0xBC, 0x00, 0x00, 0x00, 0x0F, 0xC0,
    0x00, 0x07, 0x00, 0xFC, 0x00, 0x07, 0x80, 0x0F, 0xE4, 0x1B, 0x40, 0x00, 0x6F, 0xFE, 0x00, 0xFF,
    0xFF, 0xFF, 0xFF, 0x03, 0xD0, 0x03, 0xD0, 0x03, 0xD0, 0x03, 0xD0, 0x03, 0xD0, 0x03, 0xD0, 0x03,
    0xD0, 0x03, 0xD0, 0x03, 0xD0, 0x03, 0xD0, 0x03, 0xD0, 0x03, 0xD0, 0x03, 0xD0, 0x03, 0xD0, 0x03,
    0xD0, 0x03, 0xD0, 0xFF, 0xFF, 0xFF, 0xFF, 0x60, 0x09, 0xF4, 0x1F, 0xB0, 0x0E, 0x00, 0x00, 0x00,
    0x00, 0x00, 0x00, 0xFF, 0xFF, 0xFF, 0xFF, 0x03, 0xD0, 0x03, 0xD0, 0x03, 0xD0, 0x03, 0xD0, 0x03,
    0xD0, 0x03, 0xD0, 0x03, 0xD0, 0x03, 0xD0, 0x03, 0xD0, 0x03, 0xD0, 0x03, 0xD0, 0x03, 0xD0, 0x03,
    0xD0, 0x03, 0xD0, 0x03, 0xD0, 0xFF, 0xFF, 0xFF, 0xFF, 0x00, 0x03, 0xFF, 0xC0, 0x00, 0x00, 0x00,
    0x0F, 0xFF, 0x40, 0x00, 0x00, 0x00, 0x02, 0xFE, 0x00, 0x00, 0x00, 0x00, 0x0F, 0xBC, 0x00, 0x00,
    0x00, 0x00, 0x7C, 0xF8, 0x00, 0x00, 0x00, 0x03, 0xE2, 0xF0, 0x00, 0x00, 0x00, 0x1F, 0x03, 0xD0,
    0x00, 0x00, 0x00, 0xFC, 0x0F, 0xC0, 0x00, 0x00, 0x07, 0xD0, 0x1F, 0x40, 0x00, 0x00, 0x2F, 0x00,
    0x3F, 0x00, 0x00, 0x00, 0xF8, 0x00, 0xBC, 0x00, 0x00, 0x0B, 0xD0, 0x01, 0xF8, 0x00, 0x00, 0x3F,
    0xFF, 0xFF, 0xF0, 0x00, 0x01, 0xFF, 0xFF, 0xFF, 0xE0, 0x00, 0x0F, 0xC0, 0x00, 0x0F, 0xC0, 0x00,
    0x7D, 0x00, 0x00, 0x1F, 0x40, 0x03, 0xF0, 0x00, 0x00, 0x3F, 0x00, 0x1F, 0x80, 0x00, 0x00, 0xBD,
    0x0F, 0xFF, 0xF0, 0x00, 0x3F, 0xFF, 0xFF, 0xFF, 0xC0, 0x00, 0xFF, 0xFF, 0xFF, 0xFF, 0xFF, 0xFF,
    0xC3, 0xFF, 0xFF, 0xFF, 0xFF, 0x00, 0x3D, 0x00, 0x00, 0x7C, 0x00, 0xF4, 0x00, 0x01, 0xF0, 0x03,
    0xD0, 0x00, 0x02, 0x80, 0x0F, 0x40, 0x00, 0x00, 0x00, 0x3D, 0x00, 0x00, 0x00, 0x00, 0xF4, 0x00,
    0x00, 0x00, 0x03, 0xFF, 0xFF, 0xF9, 0x00, 0x0F, 0xFF, 0xFF, 0xFF, 0x00, 0x3D, 0x00, 0x01, 0xBF,
    0x00, 0xF4, 0x00, 0x00, 0x3E, 0x03, 0xD0, 0x00, 0x00, 0xBC, 0x0F, 0x40, 0x00, 0x01, 0xF0, 0x3D,
    0x00, 0x00, 0x07, 0xC0, 0xF4, 0x00, 0x00, 0x2F, 0x03, 0xD0, 0x00, 0x01, 0xF4, 0x0F, 0x40, 0x00,
    0x6F, 0xCF, 0xFF, 0xFF, 0xFF, 0xF8, 0x3F, 0xFF, 0xFF, 0xFE, 0x40, 0xFF, 0xFF, 0xFF, 0xF8, 0x03,
    0xFF, 0xFF, 0xFF, 0xFD, 0x00, 0x3D, 0x00, 0x01, 0xFD, 0x00, 0xF4, 0x00, 0x00, 0xB8, 0x03, 0xD0,
    0x00, 0x01, 0xF0, 0x0F, 0x40, 0x00, 0x07, 0xC0, 0x3D, 0x00, 0x00, 0x3F, 0x00, 0xF4, 0x00, 0x07,
    0xF4, 0x03, 0xFF, 0xFF, 0xFF, 0x80, 0x0F, 0xFF, 0xFF, 0xFD, 0x00, 0x3D, 0x00, 0x01, 0xBE, 0x00,
    0xF4, 0x00, 0x00, 0x3D, 0x03, 0xD0, 0x00, 0x00, 0xB8, 0x0F, 0x40, 0x00, 0x01, 0xF0, 0x3D, 0x00,
    0x00, 0x07, 0xC0, 0xF4, 0x00, 0x00, 0x2F, 0x03, 0xD0, 0x00, 0x01, 0xF8, 0x0F, 0x40, 0x00, 0x7F,
    0xCF, 0xFF, 0xFF, 0xFF, 0xFC, 0x3F, 0xFF, 0xFF, 0xFE, 0x40, 0xFF, 0xFF, 0xFF, 0xFD, 0xFF, 0xFF,
    0xFF, 0xFD, 0x03, 0xD0, 0x00, 0x3D, 0x03, 0xD0, 0x00, 0x3D, 0x03, 0xD0, 0x00, 0x3C, 0x03, 0xD0,
    0x00, 0x00, 0x03, 0xD0, 0x00, 0x00, 0x03, 0xD0, 0x00, 0x00, 0x03, 0xD0, 0x00, 0x00, 0x03, 0xD0,
    0x00, 0x00, 0x03, 0xD0, 0x00, 0x00, 0x03, 0xD0, 0x00, 0x00, 0x03, 0xD0, 0x00, 0x00, 0x03, 0xD0,
    0x00, 0x00, 0x03, 0xD0, 0x00, 0x00, 0x03, 0xD0, 0x00, 0x00, 0x03, 0xD0, 0x00, 0x00, 0x03, 0xD0,
    0x00, 0x00, 0xFF, 0xFF, 0x00, 0x00, 0xFF, 0xFF, 0x00, 0x00, 0x0B, 0xFF, 0xFF, 0xFF, 0xFF, 0x0B,
    0xFF, 0xFF, 0xFF, 0xFF, 0x00, 0x3D, 0x00, 0x03, 0xD0, 0x00, 0x3D, 0x00, 0x03, 0xD0, 0x00, 0x3C,
    0x00, 0x03, 0xD0, 0x00, 0x3C, 0x00, 0x03, 0xD0, 0x00, 0x3C, 0x00, 0x03, 0xD0, 0x00, 0x3C, 0x00,
    0x03, 0xD0, 0x00, 0x3C, 0x00, 0x03, 0xD0, 0x00, 0x7C, 0x00, 0x03, 0xD0, 0x00, 0x7C, 0x00, 0x03,
    0xD0, 0x00, 0xB8, 0x00, 0x03, 0xD0, 0x00, 0xB4, 0x00, 0x03, 0xD0, 0x00, 0xF0, 0x00, 0x03, 0xD0,
    0x00, 0xF0, 0x00, 0x03, 0xD0, 0x01, 0xF0, 0x00, 0x03, 0xD0, 0x03, 0xD0, 0x00, 0x03, 0xD0, 0x07,
    0xD0, 0x00, 0x03, 0xD0, 0xFF, 0xFF, 0xFF, 0xFF, 0xFF, 0xFF, 0xFF, 0xFF, 0xFF, 0xFF, 0xF4, 0x00,
    0x00, 0x00, 0x1F, 0xF4, 0x00, 0x00, 0x00, 0x1F, 0xF4, 0x00, 0x00, 0x00, 0x1F, 0xA0, 0x00, 0x00,
    0x00, 0x0A, 0xFF, 0xFF, 0xFF, 0xFF, 0xDF, 0xFF, 0xFF, 0xFF, 0xFD, 0x03, 0xD0, 0x00, 0x03, 0xD0,
    0x3D, 0x00, 0x00, 0x3D, 0x03, 0xD0, 0x00, 0x02, 0x80, 0x3D, 0x00, 0x00, 0x00, 0x03, 0xD0, 0x00,
    0x00, 0x00, 0x3D, 0x00, 0x00, 0x00, 0x03, 0xFF, 0xFF, 0xFC, 0x00, 0x3F, 0xFF, 0xFF, 0xC0, 0x03,
    0xD0, 0x00, 0x00, 0x00, 0x3D, 0x00, 0x00, 0x00, 0x03, 0xD0, 0x00, 0x00, 0x00, 0x3D, 0x00, 0x00,
    0x00, 0x03, 0xD0, 0x00, 0x00, 0x00, 0x3D, 0x00, 0x00, 0x3D, 0x03, 0xD0, 0x00, 0x03, 0xD0, 0x3D,
    0x00, 0x00, 0x3D, 0xFF, 0xFF, 0xFF, 0xFF, 0xDF, 0xFF, 0xFF, 0xFF, 0xFD, 0x0F, 0xFF, 0xF0, 0x3F,
    0xFF, 0xC3, 0xFF, 0xFC, 0x03, 0xFF, 0xFC, 0x0F, 0xFF, 0xF0, 0xFF, 0xFF, 0x00, 0x03, 0xF4, 0x00,
    0x1F, 0x00, 0x03, 0xF0, 0x00, 0x00, 0x3F, 0x00, 0x07, 0xC0, 0x03, 0xF0, 0x00, 0x00, 0x03, 0xF4,
    0x01, 0xF0, 0x03, 0xF0, 0x00, 0x00, 0x00, 0x3F, 0x40, 0x7C, 0x03, 0xF0, 0x00, 0x00, 0x00, 0x03,
    0xF4, 0x1F, 0x03, 0xF4, 0x00, 0x00, 0x00, 0x00, 0x3F, 0x47, 0xC3, 0xF4, 0x00, 0x00, 0x00, 0x00,
    0x03, 0xF9, 0xF3, 0xF8, 0x00, 0x00, 0x00, 0x00, 0x0F, 0xFF, 0xFF, 0xFF, 0xD0, 0x00, 0x00, 0x00,
    0x0F, 0xE6, 0xFF, 0xF9, 0xFD, 0x00, 0x00, 0x00, 0x0B, 0xD0, 0x2F, 0xF4, 0x0B, 0xC0, 0x00, 0x00,
    0x03, 0xE0, 0x02, 0xF4, 0x00, 0xF4, 0x00, 0x00, 0x01, 0xF0, 0x00, 0x7C, 0x00, 0x1E, 0x00, 0x00,
    0x00, 0xB8, 0x00, 0x1F, 0x00, 0x03, 0xC0, 0x00, 0x00, 0x3D, 0x00, 0x07, 0xC0, 0x00, 0xF0, 0x00,
    0x18, 0x1F, 0x00, 0x01, 0xF0, 0x00, 0x2D, 0x09, 0x0F, 0x4F, 0xC0, 0x00, 0x7C, 0x00, 0x07, 0xC7,
    0xC1, 0xFF, 0xD0, 0x03, 0xFF, 0xFC, 0x00, 0xFF, 0xD0, 0x1F, 0xD0, 0x00, 0xFF, 0xFF, 0x00, 0x0B,
    0xD0, 0x00, 0xAF, 0xFD, 0x00, 0x02, 0xFF, 0xFF, 0xF4, 0x01, 0xFD, 0x00, 0x7F, 0x40, 0xFC, 0x00,
    0x02, 0xF0, 0x3E, 0x00, 0x00, 0x3C, 0x0B, 0x40, 0x00, 0x0F, 0x40, 0x00, 0x00, 0x0B, 0xC0, 0x00,
    0x00, 0x0B, 0xE0, 0x00, 0x3F, 0xFF, 0xF0, 0x00, 0x0F, 0xFF, 0xF4, 0x00, 0x00, 0x00, 0x5F, 0x80,
    0x00, 0x00, 0x00, 0xF8, 0x00, 0x00, 0x00, 0x1F, 0x00, 0x00, 0x00, 0x03, 0xC0, 0x00, 0x00, 0x00,
    0xF4, 0xA0, 0x00, 0x00, 0x7C, 0x3E, 0x00, 0x00, 0x7F, 0x07, 0xF9, 0x01, 0xFF, 0x00, 0x7F, 0xFF,
    0xFF, 0x00, 0x01, 0xBF, 0xF9, 0x00, 0xFF, 0xFF, 0x00, 0x00, 0x7F, 0xFF, 0xFF, 0xF0, 0x00, 0x0F,
    0xFF, 0x03, 0xD0, 0x00, 0x03, 0xFD, 0x00, 0x3D, 0x00, 0x00, 0xBF, 0xD0, 0x03, 0xD0, 0x00, 0x1F,
    0xBD, 0x00, 0x3D, 0x00, 0x03, 0xF3, 0xD0, 0x03, 0xD0, 0x00, 0xBC, 0x3D, 0x00, 0x3D, 0x00, 0x1F,
    0x43, 0xD0, 0x03, 0xD0, 0x03, 0xE0, 0x3D, 0x00, 0x3D, 0x00, 0xFC, 0x03, 0xD0, 0x03, 0xD0, 0x2F,
    0x00, 0x3D, 0x00, 0x3D, 0x07, 0xD0, 0x03, 0xD0, 0x03, 0xD0, 0xF8, 0x00, 0x3D, 0x00, 0x3D, 0x3F,
    0x00, 0x03, 0xD0, 0x03, 0xDB, 0xD0, 0x00, 0x3D, 0x00, 0x3E, 0xF8, 0x00, 0x03, 0xD0, 0x03, 0xFF,
    0x00, 0x00, 0x3D, 0x00, 0x3F, 0xC0, 0x00, 0x03, 0xD0, 0x03, 0xF4, 0x00, 0x0F, 0xFF, 0xF0, 0x3E,
    0x00, 0x00, 0xFF, 0xFF, 0x00, 0x01, 0x40, 0x01, 0x40, 0x00, 0x00, 0x3C, 0x00, 0x3C, 0x00, 0x00,
    0x01, 0xF4, 0x1F, 0x40, 0x00, 0x00, 0x0B, 0xFF, 0xE0, 0x00, 0x00, 0x00, 0x1F, 0xF4, 0x00, 0x00,
    0x00, 0x00, 0x00, 0x00, 0x00, 0x00, 0x00, 0x00, 0x00, 0x00, 0x0F, 0xFF, 0xF0, 0x00, 0x07, 0xFF,
    0xFF, 0xFF, 0x00, 0x00, 0xFF, 0xF0, 0x3D, 0x00, 0x00, 0x3F, 0xD0, 0x03, 0xD0, 0x00, 0x0B, 0xFD,
    0x00, 0x3D, 0x00, 0x01, 0xFB, 0xD0, 0x03, 0xD0, 0x00, 0x3F, 0x3D, 0x00, 0x3D, 0x00, 0x0B, 0xC3,
    0xD0, 0x03, 0xD0, 0x01, 0xF4, 0x3D, 0x00, 0x3D, 0x00, 0x3E, 0x03, 0xD0, 0x03, 0xD0, 0x0F, 0xC0,
    0x3D, 0x00, 0x3D, 0x02, 0xF0, 0x03, 0xD0, 0x03, 0xD0, 0x7D, 0x00, 0x3D, 0x00, 0x3D, 0x0F, 0x80,
    0x03, 0xD0, 0x03, 0xD3, 0xF0, 0x00, 0x3D, 0x00, 0x3D, 0xBD, 0x00, 0x03, 0xD0, 0x03, 0xEF, 0x80,
    0x00, 0x3D, 0x00, 0x3F, 0xF0, 0x00, 0x03, 0xD0, 0x03, 0xFC, 0x00, 0x00, 0x3D, 0x00, 0x3F, 0x40,
    0x00, 0xFF, 0xFF, 0x03, 0xE0, 0x00, 0x0F, 0xFF, 0xF0, 0xFF, 0xFF, 0x03, 0xFF, 0xFC, 0x3F, 0xFF,
    0xC0, 0xFF, 0xFF, 0x00, 0x3D, 0x00, 0x07, 0xF0, 0x00, 0x0F, 0x40, 0x03, 0xF0, 0x00, 0x03, 0xD0,
    0x07, 0xF0, 0x00, 0x00, 0xF4, 0x07, 0xF0, 0x00, 0x00, 0x3D, 0x07, 0xF0, 0x00, 0x00, 0x0F, 0x47,
    0xF0, 0x00, 0x00, 0x03, 0xDB, 0xF0, 0x00, 0x00, 0x00, 0xFF, 0xFF, 0xC0, 0x00, 0x00, 0x3F, 0xE6,
    0xFC, 0x00, 0x00, 0x0F, 0xE0, 0x1F, 0x80, 0x00, 0x03, 0xE0, 0x02, 0xF0, 0x00, 0x00, 0xF4, 0x00,
    0x3D, 0x00, 0x00, 0x3D, 0x00, 0x0F, 0x80, 0x00, 0x0F, 0x40, 0x01, 0xF0, 0x00, 0x03, 0xD0, 0x00,
    0x3D, 0x09, 0x00, 0xF4, 0x00, 0x0F, 0xCB, 0xCF, 0xFF, 0xF0, 0x01, 0xFF, 0xD3, 0xFF, 0xFC, 0x00,
    0x1F, 0xD0, 0x00, 0xFF, 0xFF, 0xFF, 0xFF, 0xF0, 0x0F, 0xFF, 0xFF, 0xFF, 0xFF, 0x00, 0x03, 0xC0,
    0x00, 0x7C, 0x00, 0x00, 0x3C, 0x00, 0x07, 0xC0, 0x00, 0x03, 0xC0, 0x00, 0x7C, 0x00, 0x00, 0x3C,
    0x00, 0x07, 0xC0, 0x00, 0x03, 0xC0, 0x00, 0x7C, 0x00, 0x00, 0x7C, 0x00, 0x07, 0xC0, 0x00, 0x07,
    0xC0, 0x00, 0x7C, 0x00, 0x00, 0x7C, 0x00, 0x07, 0xC0, 0x00, 0x07, 0xC0, 0x00, 0x7C, 0x00, 0x00,
    0x7C, 0x00, 0x07, 0xC0, 0x00, 0x07, 0xC0, 0x00, 0x7C, 0x00, 0x00, 0x7C, 0x00, 0x07, 0xC0, 0x00,
    0x0B, 0xC0, 0x00, 0x7C, 0x00, 0x00, 0xB8, 0x00, 0x07, 0xC0, 0x14, 0x0F, 0x40, 0x00, 0x7C, 0x07,
    0xD2, 0xF0, 0x00, 0x07, 0xC0, 0x3F, 0xFD, 0x00, 0x0F, 0xFF, 0xF0, 0xBF, 0x40, 0x00, 0xFF, 0xFF,
    0xFF, 0xE0, 0x00, 0x00, 0x00, 0xBF, 0xFF, 0xFF, 0x40, 0x00, 0x00, 0x1F, 0xFF, 0x03, 0xFC, 0x00,
    0x00, 0x03, 0xFC, 0x00, 0x3F, 0xF0, 0x00, 0x00, 0xFF, 0xC0, 0x03, 0xEF, 0x80, 0x00, 0x2F, 0xBC,
    0x00, 0x3D, 0xBD, 0x00, 0x07, 0xE7, 0xC0, 0x03, 0xD3, 0xF0, 0x00, 0xFC, 0x7C, 0x00, 0x3D, 0x0F,
    0xC0, 0x3F, 0x07, 0xC0, 0x03, 0xD0, 0x7D, 0x07, 0xD0, 0x7C, 0x00, 0x3D, 0x02, 0xF0, 0xF8, 0x07,
    0xC0, 0x03, 0xD0, 0x0F, 0xFF, 0x00, 0x7C, 0x00, 0x3D, 0x00, 0x3F, 0xC0, 0x07, 0xC0, 0x03, 0xD0,
    0x01, 0xF4, 0x00, 0x7C, 0x00, 0x3D, 0x00, 0x00, 0x00, 0x07, 0xC0, 0x03, 0xD0, 0x00, 0x00, 0x00,
    0x7C, 0x00, 0x3D, 0x00, 0x00, 0x00, 0x07, 0xC0, 0x03, 0xD0, 0x00, 0x00, 0x00, 0x7C, 0x00, 0x3D,
    0x00, 0x00, 0x00, 0x07, 0xC0, 0xFF, 0xFF, 0x00, 0x00, 0x0F, 0xFF, 0xFF, 0xFF, 0xF0, 0x00, 0x00,
    0xFF, 0xFF, 0xFF, 0xFF, 0x00, 0x0F, 0xFF, 0xFF, 0xFF, 0xF0, 0x00, 0xFF, 0xFF, 0x03, 0xD0, 0x00,
    0x00, 0x3D, 0x00, 0x3D, 0x00, 0x00, 0x03, 0xD0, 0x03, 0xD0, 0x00, 0x00, 0x3D, 0x00, 0x3D, 0x00,
    0x00, 0x03, 0xD0, 0x03, 0xD0, 0x00, 0x00, 0x3D, 0x00, 0x3D, 0x00, 0x00, 0x03, 0xD0, 0x03, 0xFF,
    0xFF, 0xFF, 0xFD, 0x00, 0x3F, 0xFF, 0xFF, 0xFF, 0xD0, 0x03, 0xD0, 0x00, 0x00, 0x3D, 0x00, 0x3D,
    0x00, 0x00, 0x03, 0xD0, 0x03, 0xD0, 0x00, 0x00, 0x3D, 0x00, 0x3D, 0x00, 0x00, 0x03, 0xD0, 0x03,
    0xD0, 0x00, 0x00, 0x3D, 0x00, 0x3D, 0x00, 0x00, 0x03, 0xD0, 0x03, 0xD0, 0x00, 0x00, 0x3D, 0x00,
    0x3D, 0x00, 0x00, 0x03, 0xD0, 0xFF, 0xFF, 0x00, 0x0F, 0xFF, 0xFF, 0xFF, 0xF0, 0x00, 0xFF, 0xFF,
    0x00, 0x06, 0xFF, 0xE4, 0x00, 0x00, 0x2F, 0xFF, 0xFF, 0xD0, 0x00, 0x3F, 0xE4, 0x06, 0xFE, 0x00,
    0x3F, 0x80, 0x00, 0x0B, 0xE0, 0x2F, 0x40, 0x00, 0x00, 0x7D, 0x0F, 0x80, 0x00, 0x00, 0x0B, 0xC7,
    0xC0, 0x00, 0x00, 0x00, 0xF6, 0xE0, 0x00, 0x00, 0x00, 0x2E, 0xF4, 0x00, 0x00, 0x00, 0x07, 0xFD,
    0x00, 0x00, 0x00, 0x01, 0xFF, 0x40, 0x00, 0x00, 0x00, 0x7F, 0xD0, 0x00, 0x00, 0x00, 0x1F, 0xB8,
    0x00, 0x00, 0x00, 0x0B, 0x9F, 0x00, 0x00, 0x00, 0x03, 0xD3, 0xE0, 0x00, 0x00, 0x02, 0xF0, 0x7D,
    0x00, 0x00, 0x01, 0xF8, 0x0B, 0xE0, 0x00, 0x02, 0xF8, 0x00, 0xBF, 0x90, 0x1B, 0xF8, 0x00, 0x07,
    0xFF, 0xFF, 0xF4, 0x00, 0x00, 0x1B, 0xFF, 0x90, 0x00, 0xFF, 0xFF, 0xFF, 0xFF, 0xFF, 0xFF, 0xFF,
    0xFF, 0xFF, 0xFF, 0xFF, 0x03, 0xD0, 0x00, 0x00, 0x3D, 0x00, 0x3D, 0x00, 0x00, 0x03, 0xD0, 0x03,
    0xD0, 0x00, 0x00, 0x3D, 0x00, 0x3D, 0x00, 0x00, 0x03, 0xD0, 0x03, 0xD0, 0x00, 0x00, 0x3D, 0x00,
    0x3D, 0x00, 0x00, 0x03, 0xD0, 0x03, 0xD0, 0x00, 0x00, 0x3D, 0x00, 0x3D, 0x00, 0x00, 0x03, 0xD0,
    0x03, 0xD0, 0x00, 0x00, 0x3D, 0x00, 0x3D, 0x00, 0x00, 0x03, 0xD0, 0x03, 0xD0, 0x00, 0x00, 0x3D,
    0x00, 0x3D, 0x00, 0x00, 0x03, 0xD0, 0x03, 0xD0, 0x00, 0x00, 0x3D, 0x00, 0x3D, 0x00, 0x00, 0x03,
    0xD0, 0x03, 0xD0, 0x00, 0x00, 0x3D, 0x00, 0x3D, 0x00, 0x00, 0x03, 0xD0, 0xFF, 0xFF, 0x00, 0x0F,
    0xFF, 0xFF, 0xFF, 0xF0, 0x00, 0xFF, 0xFF, 0xFF, 0xFF, 0xFF, 0xF8, 0x03, 0xFF, 0xFF, 0xFF, 0xFD,
    0x00, 0x3D, 0x00, 0x06, 0xFD, 0x00, 0xF4, 0x00, 0x00, 0xFC, 0x03, 0xD0, 0x00, 0x00, 0xF0, 0x0F,
    0x40, 0x00, 0x03, 0xD0, 0x3D, 0x00, 0x00, 0x0F, 0x00, 0xF4, 0x00, 0x00, 0xBC, 0x03, 0xD0, 0x00,
    0x1F, 0xD0, 0x0F, 0xFF, 0xFF, 0xFE, 0x00, 0x3F, 0xFF, 0xFF, 0x80, 0x00, 0xF4, 0x00, 0x00, 0x00,
    0x03, 0xD0, 0x00, 0x00, 0x00, 0x0F, 0x40, 0x00, 0x00, 0x00, 0x3D, 0x00, 0x00, 0x00, 0x00, 0xF4,
    0x00, 0x00, 0x00, 0x03, 0xD0, 0x00, 0x00, 0x00, 0x0F, 0x40, 0x00, 0x00, 0x0F, 0xFF, 0xF0, 0x00,
    0x00, 0x3F, 0xFF, 0xC0, 0x00, 0x00, 0x00, 0x06, 0xFF, 0x90, 0x00, 0x02, 0xFF, 0xFF, 0xF4, 0x00,
    0x3F, 0xD0, 0x07, 0xF4, 0x03, 0xF4, 0x00, 0x02, 0xF0, 0x2F, 0x40, 0x00, 0x03, 0xC0, 0xF8, 0x00,
    0x00, 0x0F, 0x07, 0xC0, 0x00, 0x00, 0x28, 0x2E, 0x00, 0x00, 0x00, 0x00, 0xF4, 0x00, 0x00, 0x00,
    0x03, 0xD0, 0x00, 0x00, 0x00, 0x0F, 0x40, 0x00, 0x00, 0x00, 0x3D, 0x00, 0x00, 0x00, 0x00, 0xB8,
    0x00, 0x00, 0x00, 0x01, 0xF0, 0x00, 0x00, 0x00, 0x03, 0xE0, 0x00, 0x00, 0x00, 0x0B, 0xD0, 0x00,
    0x00, 0x78, 0x0F, 0xE0, 0x00, 0x07, 0xE0, 0x0F, 0xF9, 0x01, 0xBF, 0x00, 0x0B, 0xFF, 0xFF, 0xF0,
    0x00, 0x01, 0xBF, 0xF9, 0x00, 0xFF, 0xFF, 0xFF, 0xFF, 0xFD, 0xFF, 0xFF, 0xFF, 0xFF, 0xFD, 0xF4,
    0x00, 0x7C, 0x00, 0x3D, 0xF4, 0x00, 0x7C, 0x00, 0x3D, 0xF0, 0x00, 0x7C, 0x00, 0x3C, 0x00, 0x00,
    0x7C, 0x00, 0x00, 0x00, 0x00, 0x7C, 0x00, 0x00, 0x00, 0x00, 0x7C, 0x00, 0x00, 0x00, 0x00, 0x7C,
    0x00, 0x00, 0x00, 0x00, 0x7C, 0x00, 0x00, 0x00, 0x00, 0x7C, 0x00, 0x00, 0x00, 0x00, 0x7C, 0x00,
    0x00, 0x00, 0x00, 0x7C, 0x00, 0x00, 0x00, 0x00, 0x7C, 0x00, 0x00, 0x00, 0x00, 0x7C, 0x00, 0x00,
    0x00, 0x00, 0x7C, 0x00, 0x00, 0x00, 0x00, 0x7C, 0x00, 0x00, 0x00, 0x00, 0x7C, 0x00, 0x00, 0x00,
    0x0F, 0xFF, 0xF0, 0x00, 0x00, 0x0F, 0xFF, 0xF0, 0x00, 0xFF, 0xFF, 0x00, 0x3F, 0xFF, 0xFF, 0xFF,
    0xC0, 0x0F, 0xFF, 0xF0, 0x3E, 0x00, 0x00, 0x2F, 0x00, 0x07, 0xC0, 0x00, 0x0F, 0x80, 0x00, 0xF4,
    0x00, 0x07, 0xC0, 0x00, 0x1F, 0x00, 0x02, 0xE0, 0x00, 0x03, 0xE0, 0x00, 0xF4, 0x00, 0x00, 0x7C,
    0x00, 0xBC, 0x00, 0x00, 0x0B, 0x80, 0x3D, 0x00, 0x00, 0x00, 0xF0, 0x1F, 0x00, 0x00, 0x00, 0x2E,
    0x0F, 0x80, 0x00, 0x00, 0x03, 0xD7, 0xC0, 0x00, 0x00, 0x00, 0x7E, 0xE0, 0x00, 0x00, 0x00, 0x0F,
    0xF4, 0x00, 0x00, 0x00, 0x01, 0xFC, 0x00, 0x00, 0x00, 0x00, 0x3D, 0x00, 0x00, 0x01, 0x80, 0x3F,
    0x00, 0x00, 0x00, 0xF8, 0x7F, 0x00, 0x00, 0x00, 0x1F, 0xFF, 0x40, 0x00, 0x00, 0x01, 0xFE, 0x00,
    0x00, 0x00, 0x00, 0x03, 0xFF, 0xFC, 0x00, 0x00, 0x00, 0x0F, 0xFF, 0xF0, 0x00, 0x00, 0x00, 0x00,
    0xF4, 0x00, 0x00, 0x00, 0x00, 0x03, 0xD0, 0x00, 0x00, 0x00, 0x1B, 0xFF, 0xFF, 0x80, 0x00, 0x07,
    0xFF, 0xFF, 0xFF, 0xE0, 0x00, 0xBF, 0x90, 0xF4, 0x1F, 0xF0, 0x0B, 0xE0, 0x03, 0xD0, 0x07, 0xF0,
    0x3E, 0x00, 0x0F, 0x40, 0x07, 0xD2, 0xF0, 0x00, 0x3D, 0x00, 0x0B, 0xCF, 0x80, 0x00, 0xF4, 0x00,
    0x1F, 0x3D, 0x00, 0x03, 0xD0, 0x00, 0x3C, 0xF4, 0x00, 0x0F, 0x40, 0x00, 0xF7, 0xD0, 0x00, 0x3D,
    0x00, 0x03, 0xCF, 0x80, 0x00, 0xF4, 0x00, 0x1F, 0x2F, 0x00, 0x03, 0xD0, 0x00, 0xBC, 0x3E, 0x00,
    0x0F, 0x40, 0x07, 0xD0, 0x7E, 0x00, 0x3D, 0x00, 0x7F, 0x00, 0xBF, 0x90, 0xF4, 0x1F, 0xF0, 0x00,
    0x7F, 0xFF, 0xFF, 0xFE, 0x00, 0x00, 0x1B, 0xFF, 0xFF, 0x80, 0x00, 0x00, 0x00, 0x3D, 0x00, 0x00,
    0x00, 0x00, 0x3F, 0xFF, 0xC0, 0x00, 0x00, 0x00, 0xFF, 0xFF, 0x00, 0x00, 0x3F, 0xFF, 0xC0, 0xFF,
    0xFF, 0x0F, 0xFF, 0xF0, 0x3F, 0xFF, 0xC0, 0x0F, 0x80, 0x00, 0xBC, 0x00, 0x01, 0xF4, 0x00, 0x7D,
    0x00, 0x00, 0x2F, 0x00, 0x3E, 0x00, 0x00, 0x03, 0xF0, 0x3F, 0x00, 0x00, 0x00, 0x3E, 0x2F, 0x00,
    0x00, 0x00, 0x07, 0xEF, 0x40, 0x00, 0x00, 0x00, 0x7F, 0x40, 0x00, 0x00, 0x00, 0x0F, 0xC0, 0x00,
    0x00, 0x00, 0x07, 0xF4, 0x00, 0x00, 0x00, 0x03, 0xFF, 0x00, 0x00, 0x00, 0x03, 0xE2, 0xF0, 0x00,
    0x00, 0x02, 0xF0, 0x3E, 0x00, 0x00, 0x01, 0xF4, 0x07, 0xD0, 0x00, 0x00, 0xF8, 0x00, 0xBC, 0x00,
    0x00, 0xFC, 0x00, 0x0B, 0xC0, 0x00, 0xBC, 0x00, 0x00, 0xF8, 0x0F, 0xFF, 0xF0, 0x03, 0xFF, 0xFF,
    0xFF, 0xFC, 0x00, 0xFF, 0xFF, 0xFF, 0xFF, 0x00, 0x0F, 0xFF, 0xFF, 0xFF, 0xF0, 0x00, 0xFF, 0xFF,
    0x03, 0xD0, 0x00, 0x00, 0x3D, 0x00, 0x3D, 0x00, 0x00, 0x03, 0xD0, 0x03, 0xD0, 0x00, 0x00, 0x3D,
    0x00, 0x3D, 0x00, 0x00, 0x03, 0xD0, 0x03, 0xD0, 0x00, 0x00, 0x3D, 0x00, 0x3D, 0x00, 0x00, 0x03,
    0xD0, 0x03, 0xD0, 0x00, 0x00, 0x3D, 0x00, 0x3D, 0x00, 0x00, 0x03, 0xD0, 0x03, 0xD0, 0x00, 0x00,
    0x3D, 0x00, 0x3D, 0x00, 0x00, 0x03, 0xD0, 0x03, 0xD0, 0x00, 0x00, 0x3D, 0x00, 0x3D, 0x00, 0x00,
    0x03, 0xD0, 0x03, 0xD0, 0x00, 0x00, 0x3D, 0x00, 0x3D, 0x00, 0x00, 0x03, 0xD0, 0x03, 0xD0, 0x00,
    0x00, 0x3D, 0x00, 0x3D, 0x00, 0x00, 0x03, 0xD0, 0xFF, 0xFF, 0xFF, 0xFF, 0xFF, 0xFF, 0xFF, 0xFF,
    0xFF, 0xFF, 0xFF, 0x00, 0x00, 0x00, 0x00, 0x01, 0xF0, 0x00, 0x00, 0x00, 0x00, 0x1F, 0x00, 0x00,
    0x00, 0x00, 0x01, 0xF0, 0x00, 0x00, 0x00, 0x00, 0x0A, 0xFF, 0xFF, 0x00, 0xFF, 0xFF, 0xFF, 0xFF,
    0x00, 0xFF, 0xFF, 0x07, 0xC0, 0x00, 0x03, 0xD0, 0x07, 0xC0, 0x00, 0x03, 0xD0, 0x07, 0xC0, 0x00,
    0x03, 0xD0, 0x07, 0xC0, 0x00, 0x03, 0xD0, 0x03, 0xC0, 0x00, 0x03, 0xD0, 0x03, 0xC0, 0x00, 0x03,
    0xD0, 0x03, 0xD0, 0x00, 0x03, 0xD0, 0x02, 0xF0, 0x00, 0x0B, 0xD0, 0x00, 0xFD, 0x01, 0xBF, 0xD0,
    0x00, 0x7F, 0xFF, 0xFB, 0xD0, 0x00, 0x07, 0xFF, 0x83, 0xD0, 0x00, 0x00, 0x00, 0x03, 0xD0, 0x00,
    0x00, 0x00, 0x03, 0xD0, 0x00, 0x00, 0x00, 0x03, 0xD0, 0x00, 0x00, 0x00, 0x03, 0xD0, 0x00, 0x00,
    0x00, 0x03, 0xD0, 0x00, 0x00, 0x00, 0xFF, 0xFF, 0x00, 0x00, 0x00, 0xFF, 0xFF, 0xFF, 0xFF, 0x00,
    0xFF, 0xFF, 0x01, 0xFF, 0xFE, 0xFF, 0xFF, 0x00, 0xFF, 0xFF, 0x01, 0xFF, 0xFE, 0x03, 0xD0, 0x00,
    0x07, 0xC0, 0x00, 0x0B, 0x80, 0x03, 0xD0, 0x00, 0x07, 0xC0, 0x00, 0x0B, 0x80, 0x03, 0xD0, 0x00,
    0x07, 0xC0, 0x00, 0x0B, 0x80, 0x03, 0xD0, 0x00, 0x07, 0xC0, 0x00, 0x0B, 0x80, 0x03, 0xD0, 0x00,
    0x07, 0xC0, 0x00, 0x0B, 0x80, 0x03, 0xD0, 0x00, 0x07, 0xC0, 0x00, 0x0B, 0x80, 0x03, 0xD0, 0x00,
    0x07, 0xC0, 0x00, 0x0B, 0x80, 0x03, 0xD0, 0x00, 0x07, 0xC0, 0x00, 0x0B, 0x80, 0x03, 0xD0, 0x00,
    0x07, 0xC0, 0x00, 0x0B, 0x80, 0x03, 0xD0, 0x00, 0x07, 0xC0, 0x00, 0x0B, 0x80, 0x03, 0xD0, 0x00,
    0x07, 0xC0, 0x00, 0x0B, 0x80, 0x03, 0xD0, 0x00, 0x07, 0xC0, 0x00, 0x0B, 0x80, 0x03, 0xD0, 0x00,
    0x07, 0xC0, 0x00, 0x0B, 0x80, 0x03, 0xD0, 0x00, 0x07, 0xC0, 0x00, 0x0B, 0x80, 0x03, 0xD0, 0x00,
    0x07, 0xC0, 0x00, 0x0B, 0x80, 0x03, 0xD0, 0x00, 0x07, 0xC0, 0x00, 0x0B, 0x80, 0xFF, 0xFF, 0xFF,
    0xFF, 0xFF, 0xFF, 0xFF, 0xFE, 0xFF, 0xFF, 0xFF, 0xFF, 0xFF, 0xFF, 0xFF, 0xFE, 0xFF, 0xFF, 0x00,
    0xFF, 0xFF, 0x00, 0xFF, 0xFF, 0xFF, 0xFF, 0x00, 0xFF, 0xFF, 0x00, 0xFF, 0xFF, 0x03, 0xD0, 0x00,
    0x07, 0xC0, 0x00, 0x07, 0xC0, 0x03, 0xD0, 0x00, 0x07, 0xC0, 0x00, 0x07, 0xC0, 0x03, 0xD0, 0x00,
    0x07, 0xC0, 0x00, 0x07, 0xC0, 0x03, 0xD0, 0x00, 0x07, 0xC0, 0x00, 0x07, 0xC0, 0x03, 0xD0, 0x00,
    0x07, 0xC0, 0x00, 0x07, 0xC0, 0x03, 0xD0, 0x00, 0x07, 0xC0, 0x00, 0x07, 0xC0, 0x03, 0xD0, 0x00,
    0x07, 0xC0, 0x00, 0x07, 0xC0, 0x03, 0xD0, 0x00, 0x07, 0xC0, 0x00, 0x07, 0xC0, 0x03, 0xD0, 0x00,
    0x07, 0xC0, 0x00, 0x07, 0xC0, 0x03, 0xD0, 0x00, 0x07, 0xC0, 0x00, 0x07, 0xC0, 0x03, 0xD0, 0x00,
    0x07, 0xC0, 0x00, 0x07, 0xC0, 0x03, 0xD0, 0x00, 0x07, 0xC0, 0x00, 0x07, 0xC0, 0x03, 0xD0, 0x00,
    0x07, 0xC0, 0x00, 0x07, 0xC0, 0x03, 0xD0, 0x00, 0x07, 0xC0, 0x00, 0x07, 0xC0, 0x03, 0xD0, 0x00,
    0x07, 0xC0, 0x00, 0x07, 0xC0, 0x03, 0xD0, 0x00, 0x07, 0xC0, 0x00, 0x07, 0xC0, 0xFF, 0xFF, 0xFF,
    0xFF, 0xFF, 0xFF, 0xFF, 0xFF, 0xFF, 0xFF, 0xFF, 0xFF, 0xFF, 0xFF, 0xFF, 0xFF, 0x00, 0x00, 0x00,
    0x00, 0x00, 0x00, 0x00, 0x1F, 0x00, 0x00, 0x00, 0x00, 0x00, 0x00, 0x00, 0x1F, 0x00, 0x00, 0x00,
    0x00, 0x00, 0x00, 0x00, 0x1F, 0x00, 0x00, 0x00, 0x00, 0x00, 0x00, 0x00, 0x0A, 0xFF, 0xFF, 0xF0,
    0x00, 0x00, 0x3F, 0xFF, 0xFC, 0x00, 0x00, 0x0F, 0x43, 0xD0, 0x00, 0x00, 0x03, 0xD0, 0xF4, 0x00,
    0x00, 0x00, 0xF4, 0x3D, 0x00, 0x00, 0x00, 0x00, 0x0F, 0x40, 0x00, 0x00, 0x00, 0x03, 0xD0, 0x00,
    0x00, 0x00, 0x00, 0xF4, 0x00, 0x00, 0x00, 0x00, 0x3F, 0xFF, 0xFF, 0x90, 0x00, 0x0F, 0xFF, 0xFF,
    0xFF, 0x00, 0x03, 0xD0, 0x00, 0x1B, 0xF0, 0x00, 0xF4, 0x00, 0x00, 0x3E, 0x00, 0x3D, 0x00, 0x00,
    0x0B, 0xC0, 0x0F, 0x40, 0x00, 0x01, 0xF0, 0x03, 0xD0, 0x00, 0x00, 0x7C, 0x00, 0xF4, 0x00, 0x00,
    0x2F, 0x00, 0x3D, 0x00, 0x00, 0x1F, 0x40, 0x0F, 0x40, 0x00, 0x6F, 0xC0, 0x7F, 0xFF, 0xFF, 0xFF,
    0xC0, 0x1F, 0xFF, 0xFF, 0xFE, 0x40, 0xFF, 0xFF, 0x00, 0x00, 0x00, 0x3F, 0xFF, 0xFF, 0xFF, 0xC0,
    0x00, 0x00, 0x0F, 0xFF, 0xF0, 0x3D, 0x00, 0x00, 0x00, 0x00, 0x1F, 0x00, 0x0F, 0x40, 0x00, 0x00,
    0x00, 0x07, 0xC0, 0x03, 0xD0, 0x00, 0x00, 0x00, 0x01, 0xF0, 0x00, 0xF4, 0x00, 0x00, 0x00, 0x00,
    0x7C, 0x00, 0x3D, 0x00, 0x00, 0x00, 0x00, 0x1F, 0x00, 0x0F, 0x40, 0x00, 0x00, 0x00, 0x07, 0xC0,
    0x03, 0xFF, 0xFF, 0xF8, 0x00, 0x01, 0xF0, 0x00, 0xFF, 0xFF, 0xFF, 0xD0, 0x00, 0x7C, 0x00, 0x3D,
    0x00, 0x01, 0xFD, 0x00, 0x1F, 0x00, 0x0F, 0x40, 0x00, 0x0F, 0xC0, 0x07, 0xC0, 0x03, 0xD0, 0x00,
    0x00, 0xF0, 0x01, 0xF0, 0x00, 0xF4, 0x00, 0x00, 0x3D, 0x00, 0x7C, 0x00, 0x3D, 0x00, 0x00, 0x0F,
    0x00, 0x1F, 0x00, 0x0F, 0x40, 0x00, 0x07, 0xC0, 0x07, 0xC0, 0x03, 0xD0, 0x00, 0x03, 0xF0, 0x01,
    0xF0, 0x00, 0xF4, 0x00, 0x1B, 0xF0, 0x00, 0x7C, 0x0F, 0xFF, 0xFF, 0xFF, 0xF4, 0x03, 0xFF, 0xFF,
    0xFF, 0xFF, 0xFF, 0x90, 0x00, 0xFF, 0xFF, 0xFF, 0xFF, 0x00, 0x00, 0x03, 0xFF, 0xFC, 0x00, 0x00,
    0x00, 0x3D, 0x00, 0x00, 0x00, 0x00, 0xF4, 0x00, 0x00, 0x00, 0x03, 0xD0, 0x00, 0x00, 0x00, 0x0F,
    0x40, 0x00, 0x00, 0x00, 0x3D, 0x00, 0x00, 0x00, 0x00, 0xF4, 0x00, 0x00, 0x00, 0x03, 0xFF, 0xFF,
    0xF8, 0x00, 0x0F, 0xFF, 0xFF, 0xFD, 0x00, 0x3D, 0x00, 0x01, 0xFD, 0x00, 0xF4, 0x00, 0x00, 0xFC,
    0x03, 0xD0, 0x00, 0x00, 0xF0, 0x0F, 0x40, 0x00, 0x03, 0xD0, 0x3D, 0x00, 0x00, 0x0F, 0x00, 0xF4,
    0x00, 0x00, 0x7C, 0x03, 0xD0, 0x00, 0x03, 0xF0, 0x0F, 0x40, 0x01, 0xBF, 0x0F, 0xFF, 0xFF, 0xFF,
    0xF4, 0x3F, 0xFF, 0xFF, 0xF9, 0x00, 0x00, 0x6F, 0xFE, 0x40, 0x00, 0x1F, 0xFF, 0xFF, 0xC0, 0x00,
    0xFE, 0x40, 0x6F, 0xD0, 0x0B, 0xC0, 0x00, 0x0B, 0xC0, 0x2E, 0x00, 0x00, 0x0B, 0xC0, 0xB8, 0x00,
    0x00, 0x0F, 0x40, 0x40, 0x00, 0x00, 0x1F, 0x00, 0x00, 0x00, 0x00, 0x3C, 0x00, 0x0F, 0xFF, 0xFF,
    0xF0, 0x00, 0x3F, 0xFF, 0xFF, 0xD0, 0x00, 0x00, 0x00, 0x0F, 0x40, 0x00, 0x00, 0x00, 0x3C, 0x00,
    0x00, 0x00, 0x01, 0xF0, 0x00, 0x00, 0x00, 0x0B, 0x80, 0x00, 0x00, 0x00, 0x7D, 0x1F, 0x00, 0x00,
    0x03, 0xF0, 0x3E, 0x00, 0x00, 0x7F, 0x00, 0x7F, 0x90, 0x1F, 0xF0, 0x00, 0x7F, 0xFF, 0xFE, 0x00,
    0x00, 0x1B, 0xFF, 0x80, 0x00, 0xFF, 0xFF, 0x00, 0x01, 0xBF, 0xF9, 0x00, 0x03, 0xFF, 0xFC, 0x00,
    0x7F, 0xFF, 0xFF, 0x80, 0x00, 0x7C, 0x00, 0x0B, 0xFD, 0x00, 0x7F, 0xC0, 0x01, 0xF0, 0x00, 0xBF,
    0x40, 0x00, 0x1F, 0xC0, 0x07, 0xC0, 0x03, 0xF0, 0x00, 0x00, 0x0F, 0xC0, 0x1F, 0x00, 0x2F, 0x40,
    0x00, 0x00, 0x1F, 0x40, 0x7C, 0x00, 0xF8, 0x00, 0x00, 0x00, 0x2E, 0x01, 0xF0, 0x07, 0xD0, 0x00,
    0x00, 0x00, 0x7C, 0x07, 0xFF, 0xFF, 0x00, 0x00, 0x00, 0x00, 0xF0, 0x1F, 0xFF, 0xFC, 0x00, 0x00,
    0x00, 0x03, 0xD0, 0x7C, 0x01, 0xF0, 0x00, 0x00, 0x00, 0x0F, 0x41, 0xF0, 0x03, 0xC0, 0x00, 0x00,
    0x00, 0x3C, 0x07, 0xC0, 0x0F, 0x40, 0x00, 0x00, 0x01, 0xF0, 0x1F, 0x00, 0x2E, 0x00, 0x00, 0x00,
    0x0B, 0x80, 0x7C, 0x00, 0x7D, 0x00, 0x00, 0x00, 0x7D, 0x01, 0xF0, 0x00, 0xFC, 0x00, 0x00, 0x03,
    0xF0, 0x07, 0xC0, 0x00, 0xFD, 0x00, 0x00, 0x7F, 0x00, 0x1F, 0x00, 0x00, 0xFF, 0x40, 0x1F, 0xF0,
    0x0F, 0xFF, 0xF0, 0x00, 0xBF, 0xFF, 0xFE, 0x00, 0x3F, 0xFF, 0xC0, 0x00, 0x1F, 0xFE, 0x40, 0x00,
    0x00, 0x1B, 0xFF, 0xFF, 0xFF, 0xC0, 0x3F, 0xFF, 0xFF, 0xFF, 0xF0, 0x3F, 0x90, 0x00, 0x1F, 0x00,
    0x2F, 0x00, 0x00, 0x07, 0xC0, 0x0F, 0x40, 0x00, 0x01, 0xF0, 0x03, 0xD0, 0x00, 0x00, 0x7C, 0x00,
    0xF4, 0x00, 0x00, 0x1F, 0x00, 0x2F, 0x00, 0x00, 0x07, 0xC0, 0x03, 0xF9, 0x00, 0x01, 0xF0, 0x00,
    0x3F, 0xFF, 0xFF, 0xFC, 0x00, 0x01, 0xBF, 0xFF, 0xFF, 0x00, 0x00, 0x03, 0xF0, 0x07, 0xC0, 0x00,
    0x02, 0xF0, 0x01, 0xF0, 0x00, 0x00, 0xF4, 0x00, 0x7C, 0x00, 0x00, 0xBC, 0x00, 0x1F, 0x00, 0x00,
    0x3E, 0x00, 0x07, 0xC0, 0x24, 0x2F, 0x00, 0x01, 0xF0, 0x2F, 0x1F, 0x80, 0x00, 0x7C, 0x03, 0xFF,
    0xC0, 0x03, 0xFF, 0xFC, 0x2F, 0x80, 0x00, 0xFF, 0xFF, 0x02, 0xFF, 0x80, 0x00, 0xFF, 0xFF, 0x00,
    0x0F, 0x41, 0xFC, 0x00, 0xF0, 0x07, 0xC0, 0x00, 0x00, 0x3D, 0x00, 0x1B, 0xFB, 0xD0, 0x0F, 0xFA,
    0xBD, 0x03, 0xF0, 0x03, 0xD0, 0x3C, 0x00, 0x3D, 0x03, 0xC0, 0x03, 0xD0, 0x3D, 0x01, 0xFE, 0x02,
    0xFF, 0xFB, 0xFD, 0x0B, 0xF9, 0x1F, 0xC0, 0x00, 0x00, 0x00, 0x00, 0x00, 0x18, 0x00, 0x00, 0x0F,
    0x40, 0x00, 0x2F, 0xC0, 0x02, 0xFF, 0xE0, 0x03, 0xFF, 0x90, 0x03, 0xF4, 0x00, 0x02, 0xF0, 0x00,
    0x00, 0xF1, 0xFF, 0x40, 0xBF, 0xFF, 0xF8, 0x3F, 0xD0, 0x2F, 0x4F, 0xC0, 0x02, 0xF3, 0xE0, 0x00,
    0x3C, 0xF4, 0x00, 0x0F, 0x7D, 0x00, 0x03, 0xCB, 0x80, 0x01, 0xF1, 0xF0, 0x00, 0xFC, 0x3F, 0x41,
    0xFD, 0x03, 0xFF, 0xFD, 0x00, 0x1F, 0xF8, 0x00, 0xFF, 0xFF, 0xE4, 0x3F, 0xFF, 0xFF, 0x40, 0xF4,
    0x07, 0xF0, 0x3D, 0x00, 0x7C, 0x0F, 0x40, 0x3F, 0x03, 0xFF, 0xFF, 0x00, 0xFF, 0xFF, 0xD0, 0x3D,
    0x00, 0x7D, 0x0F, 0x40, 0x07, 0xC3, 0xD0, 0x01, 0xF0, 0xF4, 0x01, 0xFF, 0xFF, 0xFF, 0xFC, 0xFF,
    0xFF, 0xF8, 0x00, 0xFF, 0xFF, 0xFD, 0xFF, 0xFF, 0xFD, 0x0F, 0x40, 0x3D, 0x0F, 0x40, 0x3D, 0x0F,
    0x40, 0x28, 0x0F, 0x40, 0x00, 0x0F, 0x40, 0x00, 0x0F, 0x40, 0x00, 0x0F, 0x40, 0x00, 0x0F, 0x40,
    0x00, 0x0F, 0x40, 0x00, 0xFF, 0xFC, 0x00, 0xFF, 0xFC, 0x00, 0x0F, 0xFF, 0xFF, 0xC0, 0x0F, 0xFF,
    0xFF, 0xC0, 0x01, 0xF0, 0x07, 0xC0, 0x01, 0xF0, 0x07, 0xC0, 0x01, 0xF0, 0x07, 0xC0, 0x01, 0xF0,
    0x07, 0xC0, 0x02, 0xE0, 0x07, 0xC0, 0x02, 0xE0, 0x07, 0xC0, 0x03, 0xD0, 0x07, 0xC0, 0x03, 0xC0,
    0x07, 0xC0, 0x07, 0xC0, 0x07, 0xC0, 0xFF, 0xFF, 0xFF, 0xFD, 0xFF, 0xFF, 0xFF, 0xFD, 0xF4, 0x00,
    0x00, 0x3D, 0xF4, 0x00, 0x00, 0x3D, 0xF4, 0x00, 0x00, 0x3D, 0x01, 0xBF, 0x80, 0x0B, 0xFF, 0xF0,
    0x1F, 0x91, 0xF8, 0x3D, 0x00, 0x7C, 0x7C, 0x00, 0x3C, 0x7F, 0xFF, 0xFD, 0x7F, 0xFF, 0xFD, 0x7C,
    0x00, 0x00, 0x7C, 0x00, 0x00, 0x3E, 0x00, 0x18, 0x1F, 0x80, 0xBC, 0x0B, 0xFF, 0xF4, 0x01, 0xBF,
    0x80, 0x2F, 0xF0, 0x3F, 0xD0, 0xFF, 0xFC, 0x0B, 0xFE, 0x0F, 0xF4, 0x3F, 0xFF, 0x00, 0x03, 0xE0,
    0x3D, 0x03, 0xF4, 0x00, 0x00, 0x3E, 0x0F, 0x43, 0xF0, 0x00, 0x00, 0x03, 0xE3, 0xD3, 0xF0, 0x00,
    0x00, 0x01, 0xFE, 0xFB, 0xFE, 0x00, 0x00, 0x01, 0xFF, 0xFF, 0xFF, 0xE0, 0x00, 0x00, 0xF8, 0x3F,
    0xF0, 0xBC, 0x00, 0x00, 0x7C, 0x07, 0xE0, 0x0F, 0x40, 0x00, 0x2E, 0x00, 0xF4, 0x01, 0xF0, 0x07,
    0x8F, 0x00, 0x3D, 0x00, 0x3D, 0x78, 0xFF, 0x80, 0xFF, 0xFC, 0x0B, 0xFD, 0x1F, 0x80, 0x3F, 0xFF,
    0x00, 0xBE, 0x00, 0x06, 0xFF, 0x80, 0x1F, 0xFF, 0xF8, 0x2E, 0x01, 0xBC, 0x2C, 0x00, 0x3D, 0x00,
    0x00, 0xBC, 0x00, 0xFF, 0xF4, 0x00, 0xFF, 0xF8, 0x00, 0x00, 0x7E, 0x00, 0x00, 0x1F, 0x18, 0x00,
    0x1F, 0x3E, 0x01, 0xBE, 0x0F, 0xFF, 0xFC, 0x02, 0xFF, 0x90, 0xFF, 0x40, 0x0B, 0xC3, 0xFD, 0x00,
    0x7F, 0x00, 0xF4, 0x03, 0xFC, 0x03, 0xD0, 0x3F, 0xF0, 0x0F, 0x41, 0xFB, 0xC0, 0x3D, 0x0F, 0x9F,
    0x00, 0xF4, 0xFC, 0x7C, 0x03, 0xDB, 0xC1, 0xF0, 0x0F, 0xBD, 0x07, 0xC0, 0x3F, 0xF0, 0x1F, 0x00,
    0xFF, 0x00, 0x7C, 0x03, 0xF4, 0x01, 0xFF, 0x0F, 0x80, 0x07, 0xFC, 0x03, 0x80, 0x0B, 0x00, 0x0B,
    0x80, 0xB8, 0x00, 0x0F, 0xFF, 0xC0, 0x00, 0x0B, 0xF8, 0x00, 0x00, 0x00, 0x00, 0x00, 0x00, 0x00,
    0x00, 0x0F, 0xF4, 0x00, 0xBC, 0x3F, 0xD0, 0x07, 0xF0, 0x0F, 0x40, 0x3F, 0xC0, 0x3D, 0x03, 0xFF,
    0x00, 0xF4, 0x1F, 0xBC, 0x03, 0xD0, 0xF9, 0xF0, 0x0F, 0x4F, 0xC7, 0xC0, 0x3D, 0xBC, 0x1F, 0x00,
    0xFB, 0xD0, 0x7C, 0x03, 0xFF, 0x01, 0xF0, 0x0F, 0xF0, 0x07, 0xC0, 0x3F, 0x40, 0x1F, 0xF0, 0xF8,
    0x00, 0x7F, 0xC0, 0xFF, 0x43, 0xFF, 0xF0, 0xFF, 0x43, 0xFF, 0xF0, 0x0F, 0x40, 0xFD, 0x00, 0x0F,
    0x43, 0xF0, 0x00, 0x0F, 0x5F, 0xC0, 0x00, 0x0F, 0xBF, 0xE0, 0x00, 0x0F, 0xFF, 0xF8, 0x00, 0x0F,
    0xF0, 0xBC, 0x00, 0x0F, 0x80, 0x3E, 0x00, 0x0F, 0x40, 0x2F, 0x00, 0x0F, 0x40, 0x0F, 0x1E, 0xFF,
    0xFC, 0x0B, 0xFE, 0xFF, 0xFC, 0x02, 0xF8, 0x03, 0xFF, 0xFF, 0xD0, 0x03, 0xFF, 0xFF, 0xD0, 0x00,
    0x3D, 0x03, 0xD0, 0x00, 0x3D, 0x03, 0xD0, 0x00, 0x3D, 0x03, 0xD0, 0x00, 0x3D, 0x03, 0xD0, 0x00,
    0x3D, 0x03, 0xD0, 0x00, 0x3C, 0x03, 0xD0, 0x00, 0x3C, 0x03, 0xD0, 0x00, 0x7C, 0x03, 0xD0, 0x38,
    0xF8, 0x03, 0xD0, 0x3F, 0xF4, 0x03, 0xFF, 0x1F, 0xD0, 0x03, 0xFF, 0xFF, 0x80, 0x00, 0x0B, 0xFF,
    0xFF, 0x80, 0x00, 0xBF, 0xF0, 0xFF, 0x40, 0x07, 0xFC, 0x03, 0xFF, 0x00, 0x3F, 0xF0, 0x0F, 0x7F,
    0x03, 0xF7, 0xC0, 0x3D, 0x7F, 0x3F, 0x5F, 0x00, 0xF4, 0x7F, 0xF4, 0x7C, 0x03, 0xD0, 0xBF, 0x81,
    0xF0, 0x0F, 0x40, 0xB8, 0x07, 0xC0, 0x3D, 0x00, 0x00, 0x1F, 0x00, 0xF4, 0x00, 0x00, 0x7C, 0x3F,
    0xFF, 0x00, 0x3F, 0xFF, 0xFF, 0xFC, 0x00, 0xFF, 0xFC, 0xFF, 0x40, 0xFF, 0xFF, 0xFD, 0x03, 0xFF,
    0xF0, 0xF4, 0x00, 0x7C, 0x03, 0xD0, 0x01, 0xF0, 0x0F, 0x40, 0x07, 0xC0, 0x3F, 0xFF, 0xFF, 0x00,
    0xFF, 0xFF, 0xFC, 0x03, 0xD0, 0x01, 0xF0, 0x0F, 0x40, 0x07, 0xC0, 0x3D, 0x00, 0x1F, 0x00, 0xF4,
    0x00, 0x7C, 0x3F, 0xFF, 0x01, 0xFF, 0xFF, 0xFC, 0x07, 0xFC, 0x01, 0xBF, 0xD0, 0x00, 0xFF, 0xFF,
    0xC0, 0x3F, 0x90, 0x7F, 0x07, 0xD0, 0x00, 0xF8, 0xB8, 0x00, 0x07, 0xCF, 0x40, 0x00, 0x3C, 0xF4,
    0x00, 0x03, 0xDF, 0x40, 0x00, 0x3C, 0xB8, 0x00, 0x07, 0xC7, 0xD0, 0x00, 0xF8, 0x2F, 0x90, 0x7F,
    0x00, 0xBF, 0xFF, 0xC0, 0x01, 0xBF, 0xD0, 0x00, 0xFF, 0xFF, 0xFF, 0xFF, 0xFF, 0xFF, 0xFF, 0xF0,
    0xF4, 0x00, 0x7C, 0x03, 0xD0, 0x01, 0xF0, 0x0F, 0x40, 0x07, 0xC0, 0x3D, 0x00, 0x1F, 0x00, 0xF4,
    0x00, 0x7C, 0x03, 0xD0, 0x01, 0xF0, 0x0F, 0x40, 0x07, 0xC0, 0x3D, 0x00, 0x1F, 0x00, 0xF4, 0x00,
    0x7C, 0x3F, 0xFF, 0x01, 0xFF, 0xFF, 0xFC, 0x07, 0xFC, 0xFD, 0x0B, 0xF8, 0x03, 0xFD, 0xFF, 0xFD,
    0x01, 0xFF, 0x41, 0xFC, 0x03, 0xF0, 0x00, 0xF8, 0x0F, 0x40, 0x01, 0xF0, 0x3D, 0x00, 0x03, 0xC0,
    0xF4, 0x00, 0x0F, 0x43, 0xD0, 0x00, 0x3C, 0x0F, 0x40, 0x01, 0xF0, 0x3D, 0x00, 0x0F, 0x80, 0xFE,
    0x01, 0xFC, 0x03, 0xFF, 0xFF, 0xC0, 0x0F, 0x6F, 0xF4, 0x00, 0x3D, 0x00, 0x00, 0x00, 0xF4, 0x00,
    0x00, 0x03, 0xD0, 0x00, 0x00, 0x0F, 0x40, 0x00, 0x00, 0x3D, 0x00, 0x00, 0x0F, 0xFF, 0xC0, 0x00,
    0x3F, 0xFF, 0x00, 0x00, 0x01, 0xFF, 0x90, 0x03, 0xFF, 0xFF, 0x03, 0xF8, 0x07, 0xE1, 0xF4, 0x00,
    0xB8, 0xB8, 0x00, 0x09, 0x3D, 0x00, 0x00, 0x0F, 0x40, 0x00, 0x03, 0xD0, 0x00, 0x00, 0xB8, 0x00,
    0x00, 0x1F, 0x40, 0x07, 0x42, 0xF9, 0x07, 0xE0, 0x3F, 0xFF, 0xF0, 0x01, 0xBF, 0xD0, 0x00, 0xFF,
    0xFF, 0xFF, 0xFF, 0xFF, 0xFF, 0xFF, 0x43, 0xD0, 0x7F, 0xD0, 0xF4, 0x1F, 0xA0, 0x3D, 0x02, 0x80,
    0x0F, 0x40, 0x00, 0x03, 0xD0, 0x00, 0x00, 0xF4, 0x00, 0x00, 0x3D, 0x00, 0x00, 0x0F, 0x40, 0x00,
    0x03, 0xD0, 0x00, 0x0F, 0xFF, 0xC0, 0x03, 0xFF, 0xF0, 0x00, 0xFF, 0x80, 0x0F, 0xFF, 0xFF, 0xF0,
    0x03, 0xFF, 0xF0, 0x3E, 0x00, 0x0F, 0xC0, 0x0B, 0xC0, 0x03, 0xE0, 0x00, 0xF4, 0x02, 0xF0, 0x00,
    0x2F, 0x00, 0xF8, 0x00, 0x07, 0xC0, 0x7D, 0x00, 0x00, 0xF8, 0x3F, 0x00, 0x00, 0x1F, 0x0F, 0x80,
    0x00, 0x03, 0xDB, 0xC0, 0x00, 0x00, 0xBF, 0xE0, 0x00, 0x00, 0x0F, 0xF4, 0x00, 0x00, 0x03, 0xFC,
    0x00, 0x00, 0x00, 0x7E, 0x00, 0x00, 0x00, 0x1F, 0x00, 0x00, 0x00, 0x0F, 0x80, 0x00, 0x18, 0x0B,
    0xC0, 0x00, 0x0B, 0x8B, 0xE0, 0x00, 0x01, 0xFF, 0xE0, 0x00, 0x00, 0x1F, 0xD0, 0x00, 0x00, 0x00,
    0x00, 0x00, 0x00, 0x00, 0x3F, 0x80, 0x00, 0x00, 0x3F, 0xC0, 0x00, 0x00, 0x03, 0xD0, 0x00, 0x00,
    0x03, 0xD0, 0x00, 0x00, 0x03, 0xD0, 0x00, 0x00, 0x03, 0xD0, 0x00, 0x00, 0x1B, 0xE4, 0x00, 0x03,
    0xFF, 0xFF, 0xC0, 0x1F, 0xFB, 0xEB, 0xF4, 0x3F, 0x03, 0xD0, 0xFC, 0xBC, 0x03, 0xD0, 0x3E, 0xF4,
    0x03, 0xD0, 0x2F, 0xF4, 0x03, 0xD0, 0x1F, 0xF4, 0x03, 0xD0, 0x1F, 0xF8, 0x03, 0xD0, 0x2F, 0x7C,
    0x03, 0xD0, 0x3D, 0x3F, 0x43, 0xD1, 0xFC, 0x0F, 0xFF, 0xFF, 0xF0, 0x01, 0xFF, 0xFF, 0x80, 0x00,
    0x07, 0xE0, 0x00, 0x00, 0x03, 0xD0, 0x00, 0x00, 0x03, 0xD0, 0x00, 0x00, 0x03, 0xD0, 0x00, 0x00,
    0x03, 0xD0, 0x00, 0x00, 0x3F, 0xFF, 0x00, 0x00, 0x3F, 0xFF, 0x00, 0xFF, 0xFC, 0xFF, 0xFF, 0xFF,
    0xF3, 0xFF, 0xF0, 0x3F, 0x03, 0xF0, 0x00, 0x3E, 0x2F, 0x00, 0x00, 0x3E, 0xF4, 0x00, 0x00, 0x7F,
    0x40, 0x00, 0x00, 0xB8, 0x00, 0x00, 0x07, 0xF4, 0x00, 0x00, 0x3E, 0xF4, 0x00, 0x03, 0xE2, 0xF0,
    0x00, 0x3F, 0x03, 0xF0, 0x3F, 0xFF, 0x3F, 0xFF, 0xFF, 0xFC, 0xFF, 0xFC, 0xFF, 0x40, 0xFF, 0xFF,
    0xFD, 0x03, 0xFF, 0xF0, 0xF4, 0x00, 0x7C, 0x03, 0xD0, 0x01, 0xF0, 0x0F, 0x40, 0x07, 0xC0, 0x3D,
    0x00, 0x1F, 0x00, 0xF4, 0x00, 0x7C, 0x03, 0xD0, 0x01, 0xF0, 0x0F, 0x40, 0x07, 0xC0, 0x3D, 0x00,
    0x1F, 0x00, 0xF4, 0x00, 0x7C, 0x3F, 0xFF, 0xFF, 0xFF, 0xFF, 0xFF, 0xFF, 0xFC, 0x00, 0x00, 0x00,
    0xF0, 0x00, 0x00, 0x03, 0xC0, 0x00, 0x00, 0x0F, 0xFF, 0x43, 0xFF, 0xFF, 0xF4, 0x3F, 0xFF, 0x0F,
    0x40, 0x1F, 0x00, 0xF4, 0x01, 0xF0, 0x0F, 0x40, 0x1F, 0x00, 0xF8, 0x01, 0xF0, 0x0B, 0xD0, 0x2F,
    0x00, 0x3F, 0xFF, 0xF0, 0x00, 0xBF, 0xEF, 0x00, 0x00, 0x01, 0xF0, 0x00, 0x00, 0x1F, 0x00, 0x00,
    0x3F, 0xFF, 0x00, 0x03, 0xFF, 0xF0, 0xFF, 0x42, 0xFF, 0x0F, 0xFF, 0xFF, 0xD0, 0xBF, 0xC3, 0xFF,
    0xF0, 0xF4, 0x01, 0xF0, 0x07, 0xC0, 0x3D, 0x00, 0x7C, 0x01, 0xF0, 0x0F, 0x40, 0x1F, 0x00, 0x7C,
    0x03, 0xD0, 0x07, 0xC0, 0x1F, 0x00, 0xF4, 0x01, 0xF0, 0x07, 0xC0, 0x3D, 0x00, 0x7C, 0x01, 0xF0,
    0x0F, 0x40, 0x1F, 0x00, 0x7C, 0x03, 0xD0, 0x07, 0xC0, 0x1F, 0x00, 0xF4, 0x01, 0xF0, 0x07, 0xC3,
    0xFF, 0xFF, 0xFF, 0xFF, 0xFF, 0xFF, 0xFF, 0xFF, 0xFF, 0xFF, 0xC0, 0xFF, 0x43, 0xFD, 0x0F, 0xFF,
    0xFF, 0xD0, 0xFF, 0x43, 0xFF, 0xF0, 0xF4, 0x03, 0xD0, 0x07, 0xC0, 0x3D, 0x00, 0xF4, 0x01, 0xF0,
    0x0F, 0x40, 0x3D, 0x00, 0x7C, 0x03, 0xD0, 0x0F, 0x40, 0x1F, 0x00, 0xF4, 0x03, 0xD0, 0x07, 0xC0,
    0x3D, 0x00, 0xF4, 0x01, 0xF0, 0x0F, 0x40, 0x3D, 0x00, 0x7C, 0x03, 0xD0, 0x0F, 0x40, 0x1F, 0x00,
    0xF4, 0x03, 0xD0, 0x07, 0xC3, 0xFF, 0xFF, 0xFF, 0xFF, 0xFF, 0xFF, 0xFF, 0xFF, 0xFF, 0xFF, 0xC0,
    0x00, 0x00, 0x00, 0x00, 0xF0, 0x00, 0x00, 0x00, 0x00, 0x3C, 0x00, 0x00, 0x00, 0x00, 0x0F, 0xFF,
    0xFF, 0x40, 0x03, 0xFF, 0xFD, 0x00, 0x0F, 0x4F, 0x40, 0x00, 0x3D, 0x3D, 0x00, 0x00, 0xF4, 0xF4,
    0x00, 0x00, 0x03, 0xFF, 0xF9, 0x00, 0x0F, 0xFF, 0xFD, 0x00, 0x3D, 0x00, 0xBC, 0x00, 0xF4, 0x00,
    0xF4, 0x03, 0xD0, 0x03, 0xC0, 0x0F, 0x40, 0x7F, 0x02, 0xFF, 0xFF, 0xF4, 0x0B, 0xFF, 0xFE, 0x00,
    0xFF, 0xFC, 0x00, 0x3F, 0xFF, 0xFF, 0xFC, 0x00, 0x3F, 0xFF, 0x0F, 0x40, 0x00, 0x03, 0xD0, 0x0F,
    0x40, 0x00, 0x03, 0xD0, 0x0F, 0x40, 0x00, 0x03, 0xD0, 0x0F, 0xFF, 0xE4, 0x03, 0xD0, 0x0F, 0xFF,
    0xFD, 0x03, 0xD0, 0x0F, 0x40, 0x2F, 0x03, 0xD0, 0x0F, 0x40, 0x0F, 0x43, 0xD0, 0x0F, 0x40, 0x0F,
    0x03, 0xD0, 0x0F, 0x40, 0x7F, 0x03, 0xD0, 0xFF, 0xFF, 0xFD, 0x03, 0xFF, 0xFF, 0xFF, 0xE0, 0x03,
    0xFF, 0xFF, 0xFC, 0x00, 0x3F, 0xFF, 0x00, 0x00, 0xF4, 0x00, 0x00, 0x3D, 0x00, 0x00, 0x0F, 0x40,
    0x00, 0x03, 0xFF, 0xF9, 0x00, 0xFF, 0xFF, 0xD0, 0x3D, 0x00, 0xBC, 0x0F, 0x40, 0x0F, 0x43, 0xD0,
    0x03, 0xC0, 0xF4, 0x07, 0xF3, 0xFF, 0xFF, 0xF4, 0xFF, 0xFF, 0xE0, 0x00, 0x02, 0xFF, 0x90, 0x07,
    0xFF, 0xFF, 0x03, 0xE4, 0x1B, 0xF0, 0xF0, 0x00, 0x7D, 0x10, 0x00, 0x0F, 0x80, 0x3F, 0xFF, 0xF0,
    0x0F, 0xFF, 0xFC, 0x00, 0x00, 0x2F, 0x00, 0x00, 0x0F, 0x8B, 0x00, 0x0B, 0xD3, 0xF4, 0x1F, 0xE0,
    0x3F, 0xFF, 0xE0, 0x02, 0xFF, 0x90, 0x00, 0xFF, 0x40, 0x06, 0xFF, 0x80, 0x3F, 0xD0, 0x0B, 0xFF,
    0xFC, 0x00, 0xF4, 0x0B, 0xE4, 0x1F, 0xC0, 0x3D, 0x03, 0xE0, 0x00, 0xF8, 0x0F, 0x41, 0xF0, 0x00,
    0x1F, 0x03, 0xFF, 0xF8, 0x00, 0x03, 0xC0, 0xFF, 0xFE, 0x00, 0x00, 0xF4, 0x3D, 0x0B, 0x80, 0x00,
    0x3C, 0x0F, 0x41, 0xF0, 0x00, 0x1F, 0x03, 0xD0, 0x3E, 0x00, 0x0F, 0x80, 0xF4, 0x07, 0xE4, 0x1F,
    0xC3, 0xFF, 0xF0, 0x7F, 0xFF, 0xC0, 0xFF, 0xFC, 0x02, 0xFF, 0x80, 0x00, 0x00, 0x7F, 0xFF, 0xFC,
    0x0F, 0xFF, 0xFF, 0xF0, 0xBE, 0x00, 0xF4, 0x03, 0xE0, 0x03, 0xD0, 0x0F, 0x40, 0x0F, 0x40, 0x2F,
    0x40, 0x3D, 0x00, 0x3F, 0xFF, 0xF4, 0x00, 0x2F, 0xFF, 0xD0, 0x00, 0x7C, 0x0F, 0x40, 0x03, 0xE0,
    0x3D, 0x07, 0x4F, 0x00, 0xF4, 0x0F, 0xF8, 0x3F, 0xFF, 0x1F, 0x80, 0xFF, 0xFC, 0x02, 0xC0, 0xB0,
    0x00, 0xF0, 0x3C, 0x00, 0x00, 0x00, 0x00, 0x00, 0x00, 0x00, 0x00, 0x00, 0x00, 0x00, 0x2F, 0xF4,
    0x00, 0x7F, 0xFF, 0x80, 0x7F, 0x42, 0xF0, 0x3E, 0x00, 0x2E, 0x1F, 0x00, 0x07, 0xC7, 0xFF, 0xFF,
    0xF1, 0xFF, 0xFF, 0xFC, 0x7C, 0x00, 0x00, 0x0F, 0x40, 0x00, 0x03, 0xF0, 0x00, 0x80, 0x7F, 0x41,
    0xFC, 0x07, 0xFF, 0xFC, 0x00, 0x2F, 0xF4, 0x00, 0x00, 0xBF, 0xD0, 0x07, 0x80, 0xBC, 0x1F, 0x00,
    0x3C, 0x3D, 0x00, 0x3C, 0xBC, 0x00, 0xFC, 0xFC, 0x00, 0x10, 0xFF, 0xFF, 0x40, 0xFC, 0x00, 0x00,
    0xFC, 0x00, 0x00, 0xBD, 0x00, 0x00, 0x7E, 0x00, 0x05, 0x2F, 0x40, 0x0C, 0x0F, 0xE0, 0x74, 0x01,
    0xFF, 0x40, 0x0B, 0x80, 0x0F, 0xC0, 0x0B, 0x80, 0x00, 0x00, 0x00, 0x00, 0x7F, 0x00, 0xBF, 0xC0,
    0x0B, 0xC0, 0x07, 0xC0, 0x07, 0xC0, 0x07, 0xC0, 0x07, 0xC0, 0x07, 0xC0, 0x07, 0xC0, 0x07, 0xC0,
    0x07, 0xD0, 0x03, 0xFC, 0x01, 0xF8, 0xB4, 0xB3, 0xD3, 0xC0, 0x00, 0x00, 0x00, 0x00, 0x03, 0xFC,
    0x0F, 0xFC, 0x02, 0xF0, 0x07, 0xC0, 0x1F, 0x00, 0x7C, 0x01, 0xF0, 0x07, 0xC0, 0x1F, 0x00, 0x7C,
    0x01, 0xF4, 0x03, 0xF4, 0x0B, 0xC0, 0x00, 0x00, 0x00, 0x08, 0x00, 0x00, 0x00, 0xB0, 0x00, 0x00,
    0x03, 0xFF, 0xFF, 0xFF, 0xFF, 0xFF, 0xFF, 0xFF, 0xFC, 0x0F, 0x40, 0x00, 0x00, 0x3D, 0x00, 0x00,
    0x00, 0xF4, 0x00, 0x00, 0x03, 0xD0, 0x00, 0x00, 0x0F, 0x40, 0x00, 0x00, 0x3D, 0x00, 0x00, 0x00,
    0xF4, 0x00, 0x00, 0x03, 0xD0, 0x00, 0x00, 0x0F, 0x40, 0x00, 0x00, 0x3D, 0x00, 0x00, 0x00, 0xF4,
    0x00, 0x00, 0x03, 0xD0, 0x00, 0x00, 0x0F, 0x40, 0x00, 0x00, 0x3D, 0x00, 0x00, 0x00, 0xF4, 0x00,
    0x00, 0x03, 0xD0, 0x00, 0x03, 0xFF, 0xFC, 0x00, 0x0F, 0xFF, 0xF0, 0x00, 0x00, 0x00, 0x00, 0x08,
    0x00, 0x00, 0xFF, 0xFF, 0xFF, 0xFF, 0xFF, 0xFF, 0x0F, 0x40, 0x00, 0x3D, 0x00, 0x00, 0xF4, 0x00,
    0x03, 0xD0, 0x00, 0x0F, 0x40, 0x00, 0x3D, 0x00, 0x00, 0xF4, 0x00, 0x03, 0xD0, 0x00, 0x0F, 0x40,
    0x03, 0xFF, 0xF0, 0x0F, 0xFF, 0xC0, 0x00, 0x00, 0x0D, 0x2C, 0x3C, 0x7F, 0x7F, 0x3D, 0x7C, 0xFD,
    0xFD, 0x3C, 0x38, 0x70, 0x00, 0x00, 0x00, 0x0B, 0xFF, 0x90, 0x00, 0x00, 0x03, 0xFF, 0xFF, 0xF8,
    0x00, 0x00, 0x7F, 0xD0, 0x06, 0xF8, 0x00, 0x03, 0xF4, 0x00, 0x02, 0xF0, 0x00, 0x3F, 0x00, 0x00,
    0x03, 0xC0, 0x01, 0xF4, 0x00, 0x00, 0x0F, 0x00, 0x0B, 0xC0, 0x00, 0x00, 0x00, 0x0B, 0xFF, 0xFF,
    0xFF, 0xD0, 0x00, 0x3F, 0xFF, 0xFF, 0xFF, 0x00, 0x00, 0x03, 0xD0, 0x00, 0x00, 0x00, 0x00, 0x0F,
    0x40, 0x00, 0x00, 0x00, 0x0B, 0xFF, 0xFF, 0xFF, 0x00, 0x00, 0x3F, 0xFF, 0xFF, 0xFC, 0x00, 0x00,
    0x01, 0xF0, 0x00, 0x00, 0x00, 0x00, 0x03, 0xE0, 0x00, 0x00, 0x00, 0x00, 0x0B, 0xD0, 0x00, 0x00,
    0x78, 0x00, 0x0F, 0xE0, 0x00, 0x07, 0xE0, 0x00, 0x0F, 0xF9, 0x01, 0xBF, 0x00, 0x00, 0x0B, 0xFF,
    0xFF, 0xE0, 0x00, 0x00, 0x01, 0xBF, 0xF9, 0x00,
};

static const EpdGlyph edslab_14_regularGlyphs[] = {
    { 0, 0, 10, 0, 0, 0, 0 }, //  
    { 3, 20, 5, 1, 20, 15, 0 }, // !
    { 7, 6, 10, 2, 24, 11, 15 }, // "
    { 20, 20, 22, 1, 20, 100, 26 }, // #
    { 16, 28, 19, 1, 24, 112, 126 }, // $
    { 25, 20, 27, 1, 20, 125, 238 }, // %
    { 29, 36, 35, 3, 36, 261, 363 }, // &
    { 3, 6, 6, 2, 24, 5, 624 }, // '
    { 10, 32, 12, 1, 26, 80, 629 }, // (
    { 10, 32, 12, 1, 26, 80, 709 }, // )
    { 11, 10, 13, 1, 24, 28, 789 }, // *
    { 8, 8, 10, 1, 11, 16, 817 }, // +
    { 4, 7, 6, 1, 3, 7, 833 }, // ,
    { 8, 3, 10, 1, 9, 6, 840 }, // -
    { 3, 3, 5, 1, 3, 3, 846 }, // .
    { 11, 27, 12, 0, 21, 75, 849 }, // /
    { 16, 20, 18, 1, 20, 80, 924 }, // 0
    { 8, 20, 10, 1, 20, 40, 1004 }, // 1
    { 15, 20, 16, 0, 20, 75, 1044 }, // 2
    { 16, 20, 17, 0, 20, 80, 1119 }, // 3
    { 15, 20, 17, 1, 20, 75, 1199 }, // 4
    { 15, 20, 17, 1, 20, 75, 1274 }, // 5
    { 15, 21, 17, 1, 21, 79, 1349 }, // 6
    { 13, 20, 15, 1, 20, 65, 1428 }, // 7
    { 15, 20, 17, 1, 20, 75, 1493 }, // 8
    { 15, 22, 16, 1, 20, 83, 1568 }, // 9
    { 3, 13, 5, 1, 13, 10, 1651 }, // :
    { 4, 16, 5, 1, 13, 16, 1661 }, // ;
    { 14, 14, 16, 1, 15, 49, 1677 }, // <
    { 8, 6, 10, 1, 10, 12, 1726 }, // =
    { 13, 14, 16, 2, 15, 46, 1738 }, // >
    { 14, 22, 16, 1, 20, 77, 1784 }, // ?
    { 25, 25, 29, 2, 23, 157, 1861 }, // @
    { 23, 20, 25, 1, 20, 115, 2018 }, // A
    { 19, 20, 21, 1, 20, 95, 2133 }, // B
    { 19, 20, 20, 1, 20, 95, 2228 }, // C
    { 22, 20, 23, 1, 20, 110, 2323 }, // D
    { 18, 20, 20, 1, 20, 90, 2433 }, // E
    { 18, 20, 20, 1, 20, 90, 2523 }, // F
    { 19, 20, 21, 1, 20, 95, 2613 }, // G
    { 22, 20, 24, 1, 20, 110, 2708 }, // H
    { 8, 20, 10, 1, 20, 40, 2818 }, // I
    { 15, 20, 16, 0, 20, 75, 2858 }, // J
    { 21, 20, 22, 1, 20, 105, 2933 }, // K
    { 18, 20, 20, 1, 20, 90, 3038 }, // L
    { 26, 20, 28, 1, 20, 130, 3128 }, // M
    { 22, 20, 24, 1, 20, 110, 3258 }, // N
    { 21, 20, 23, 1, 20, 105, 3368 }, // O
    { 19, 20, 20, 1, 20, 95, 3473 }, // P
    { 24, 25, 26, 1, 20, 150, 3568 }, // Q
    { 21, 20, 22, 1, 20, 105, 3718 }, // R
    { 17, 20, 18, 0, 20, 85, 3823 }, // S
    { 20, 20, 22, 1, 20, 100, 3908 }, // T
    { 23, 20, 25, 1, 20, 115, 4008 }, // U
    { 23, 20, 25, 1, 20, 115, 4123 }, // V
    { 34, 20, 36, 1, 20, 170, 4238 }, // W
    { 21, 20, 23, 1, 20, 105, 4408 }, // X
    { 20, 20, 22, 1, 20, 100, 4513 }, // Y
    { 17, 20, 19, 1, 20, 85, 4613 }, // Z
    { 7, 28, 9, 1, 21, 49, 4698 }, // [
    { 11, 27, 12, 0, 21, 75, 4747 }, // <backslash>
    { 8, 28, 10, 0, 21, 56, 4822 }, // ]
    { 14, 10, 16, 1, 21, 35, 4878 }, // ^
    { 12, 3, 14, 1, 1, 9, 4913 }, // _
    { 5, 6, 7, 1, 24, 8, 4922 }, // `
    { 14, 14, 15, 0, 13, 49, 4930 }, // a
    { 15, 23, 16, 1, 23, 87, 4979 }, // b
    { 13, 13, 14, 1, 13, 43, 5066 }, // c
    { 15, 23, 17, 1, 23, 87, 5109 }, // d
    { 12, 13, 13, 0, 13, 39, 5196 }, // e
    { 11, 23, 11, 0, 20, 64, 5235 }, // f
    { 17, 22, 16, 0, 13, 94, 5299 }, // g
    { 16, 23, 17, 1, 23, 92, 5393 }, // h
    { 8, 18, 8, 0, 18, 36, 5485 }, // i
    { 7, 25, 7, -1, 18, 44, 5521 }, // j
    { 17, 23, 18, 1, 23, 98, 5565 }, // k
    { 7, 23, 8, 1, 23, 41, 5663 }, // l
    { 24, 13, 25, 1, 13, 78, 5704 }, // m
    { 16, 13, 17, 1, 13, 52, 5782 }, // n
    { 14, 13, 15, 1, 13, 46, 5834 }, // o
    { 15, 20, 16, 1, 13, 75, 5880 }, // p
    { 15, 20, 16, 1, 13, 75, 5955 }, // q
    { 12, 13, 14, 1, 13, 39, 6030 }, // r
    { 12, 13, 12, 0, 13, 39, 6069 }, // s
    { 12, 18, 13, 1, 18, 54, 6108 }, // t
    { 16, 13, 17, 1, 13, 52, 6162 }, // u
    { 17, 13, 19, 1, 13, 56, 6214 }, // v
    { 25, 13, 27, 1, 13, 82, 6270 }, // w
    { 15, 13, 17, 1, 13, 49, 6352 }, // x
    { 17, 20, 19, 1, 13, 85, 6401 }, // y
    { 12, 13, 14, 1, 13, 39, 6486 }, // z
    { 8, 28, 8, 0, 22, 56, 6525 }, // {
    { 3, 30, 5, 1, 26, 23, 6581 }, // |
    { 9, 28, 9, 0, 22, 63, 6604 }, // }
    { 20, 20, 22, 1, 20, 100, 6667 }, // ¥
    { 3, 20, 5, 1, 20, 15, 6767 }, // ¦
    { 22, 21, 24, 1, 20, 116, 6782 }, // ©
    { 23, 20, 25, 1, 20, 115, 6898 }, // À
    { 23, 20, 25, 1, 20, 115, 7013 }, // Á
    { 23, 24, 25, 1, 24, 138, 7128 }, // Â
    { 23, 24, 25, 1, 24, 138, 7266 }, // Ã
    { 23, 20, 25, 1, 20, 115, 7404 }, // Ä
    { 23, 20, 25, 1, 20, 115, 7519 }, // Å
    { 8, 24, 10, 1, 24, 48, 7634 }, // Î
    { 0, 0, 15, 0, 0, 0, 7682 }, // à
    { 0, 0, 15, 0, 0, 0, 7682 }, // á
    { 14, 20, 15, 0, 19, 70, 7682 }, // â
    { 14, 19, 15, 0, 18, 67, 7752 }, // ã
    { 0, 0, 15, 0, 0, 0, 7819 }, // ä
    { 0, 0, 15, 0, 0, 0, 7819 }, // å
    { 8, 19, 8, 0, 19, 38, 7819 }, // î
    { 7, 18, 8, 1, 18, 32, 7857 }, // ï
    { 23, 23, 25, 1, 23, 133, 7889 }, // Ă
    { 14, 19, 15, 0, 18, 67, 8022 }, // ă
    { 0, 0, 15, 0, 0, 0, 8089 }, // ą
    { 17, 24, 18, 0, 20, 102, 8089 }, // Ş
    { 12, 17, 12, 0, 13, 51, 8191 }, // ş
    { 20, 26, 22, 1, 20, 130, 8242 }, // Ţ
    { 12, 23, 13, 1, 18, 69, 8372 }, // ţ
    { 18, 25, 19, 1, 25, 113, 8441 }, // Ё
    { 17, 20, 18, 1, 20, 85, 8554 }, // Є
    { 8, 20, 10, 1, 20, 40, 8639 }, // І
    { 8, 25, 10, 1, 25, 50, 8679 }, // Ї
    { 23, 20, 25, 1, 20, 115, 8729 }, // А
    { 19, 20, 21, 1, 20, 95, 8844 }, // Б
    { 19, 20, 21, 1, 20, 95, 8939 }, // В
    { 16, 20, 18, 1, 20, 80, 9034 }, // Г
    { 20, 24, 22, 1, 20, 120, 9114 }, // Д
    { 18, 20, 20, 1, 20, 90, 9234 }, // Е
    { 33, 20, 33, 0, 20, 165, 9324 }, // Ж
    { 17, 20, 18, 1, 20, 85, 9489 }, // З
    { 22, 20, 24, 1, 20, 110, 9574 }, // И
    { 22, 27, 24, 1, 27, 149, 9684 }, // Й
    { 21, 20, 21, 1, 20, 105, 9833 }, // К
    { 22, 20, 23, 0, 20, 110, 9938 }, // Л
    { 26, 20, 28, 1, 20, 130, 10048 }, // М
    { 22, 20, 24, 1, 20, 110, 10178 }, // Н
    { 21, 20, 23, 1, 20, 105, 10288 }, // О
    { 22, 20, 24, 1, 20, 110, 10393 }, // П
    { 19, 20, 20, 1, 20, 95, 10503 }, // Р
    { 19, 20, 20, 1, 20, 95, 10598 }, // С
    { 20, 20, 22, 1, 20, 100, 10693 }, // Т
    { 21, 20, 23, 1, 20, 105, 10793 }, // У
    { 23, 24, 24, 1, 22, 138, 10898 }, // Ф
    { 21, 20, 23, 1, 20, 105, 11036 }, // Х
    { 22, 24, 24, 1, 20, 132, 11141 }, // Ц
    { 20, 20, 22, 1, 20, 100, 11273 }, // Ч
    { 32, 20, 34, 1, 20, 160, 11373 }, // Ш
    { 32, 24, 34, 1, 20, 192, 11533 }, // Щ
    { 21, 20, 23, 1, 20, 105, 11725 }, // Ъ
    { 29, 20, 31, 1, 20, 145, 11830 }, // Ы
    { 19, 20, 20, 1, 20, 95, 11975 }, // Ь
    { 19, 20, 20, 1, 20, 95, 12070 }, // Э
    { 31, 20, 32, 1, 20, 155, 12165 }, // Ю
    { 21, 20, 22, 0, 20, 105, 12320 }, // Я
    { 14, 14, 14, 0, 13, 49, 12425 }, // а
    { 13, 19, 14, 1, 19, 62, 12474 }, // б
    { 13, 13, 15, 1, 13, 43, 12536 }, // в
    { 12, 13, 13, 1, 13, 39, 12579 }, // г
    { 16, 16, 17, 1, 13, 64, 12618 }, // д
    { 12, 13, 12, 0, 13, 39, 12682 }, // е
    { 25, 13, 25, 0, 13, 82, 12721 }, // ж
    { 12, 13, 13, 0, 13, 39, 12803 }, // з
    { 15, 13, 17, 1, 13, 49, 12842 }, // и
    { 15, 19, 17, 1, 19, 72, 12891 }, // й
    { 16, 13, 18, 1, 13, 52, 12963 }, // к
    { 16, 13, 17, 0, 13, 52, 13015 }, // л
    { 19, 13, 21, 1, 13, 62, 13067 }, // м
    { 15, 13, 17, 1, 13, 49, 13129 }, // н
    { 14, 13, 15, 1, 13, 46, 13178 }, // о
    { 15, 13, 17, 1, 13, 49, 13224 }, // п
    { 15, 20, 16, 1, 13, 75, 13273 }, // р
    { 13, 13, 14, 1, 13, 43, 13348 }, // с
    { 13, 13, 15, 1, 13, 43, 13391 }, // т
    { 17, 20, 19, 1, 13, 85, 13434 }, // у
    { 16, 27, 18, 1, 20, 108, 13519 }, // ф
    { 15, 13, 17, 1, 13, 49, 13627 }, // х
    { 15, 16, 17, 1, 13, 60, 13676 }, // ц
    { 14, 13, 16, 1, 13, 46, 13736 }, // ч
    { 21, 13, 23, 1, 13, 69, 13782 }, // ш
    { 21, 16, 23, 1, 13, 84, 13851 }, // щ
    { 15, 13, 16, 1, 13, 49, 13935 }, // ъ
    { 20, 13, 22, 1, 13, 65, 13984 }, // ы
    { 13, 13, 14, 1, 13, 43, 14049 }, // ь
    { 13, 13, 14, 0, 13, 43, 14092 }, // э
    { 21, 13, 22, 1, 13, 69, 14135 }, // ю
    { 15, 13, 16, 0, 13, 49, 14204 }, // я
    { 13, 18, 13, 0, 18, 59, 14253 }, // ё
    { 12, 14, 14, 1, 14, 42, 14312 }, // є
    { 8, 18, 8, 0, 18, 36, 14354 }, // і
    { 7, 18, 8, 1, 18, 32, 14390 }, // ї
    { 15, 23, 17, 1, 23, 87, 14422 }, // Ґ
    { 11, 15, 13, 1, 15, 42, 14509 }, // ґ
    { 4, 7, 6, 1, 25, 7, 14551 }, // ‘
    { 4, 7, 6, 1, 24, 7, 14558 }, // ’
    { 23, 20, 23, 0, 20, 115, 14565 }, // €
};

static const EpdUnicodeInterval edslab_14_regularIntervals[] = {
    { 0x20, 0x7D, 0x0 },
    { 0xA5, 0xA6, 0x5E },
    { 0xA9, 0xA9, 0x60 },
    { 0xC0, 0xC5, 0x61 },
    { 0xCE, 0xCE, 0x67 },
    { 0xE0, 0xE5, 0x68 },
    { 0xEE, 0xEF, 0x6E },
    { 0x102, 0x103, 0x70 },
    { 0x105, 0x105, 0x72 },
    { 0x15E, 0x15F, 0x73 },
    { 0x162, 0x163, 0x75 },
    { 0x401, 0x401, 0x77 },
    { 0x404, 0x404, 0x78 },
    { 0x406, 0x407, 0x79 },
    { 0x410, 0x44F, 0x7B },
    { 0x451, 0x451, 0xBB },
    { 0x454, 0x454, 0xBC },
    { 0x456, 0x457, 0xBD },
    { 0x490, 0x491, 0xBF },
    { 0x2018, 0x2019, 0xC1 },
    { 0x20AC, 0x20AC, 0xC3 },
};

static const EpdFontData edslab_14_regular = {
    edslab_14_regularBitmaps,
    edslab_14_regularGlyphs,
    edslab_14_regularIntervals,
    21,
    36,
    27,
    -9,
    true,
};
