/**
 * generated by fontconvert.py
 * name: literata_12_regular
 * size: 12
 * mode: 2-bit
 * Command used: fontconvert.py literata_12_regular 12 ../../../custom_fonts/Literata-Regular.ttf --2bit
 */
#pragma once
#include "EpdFontData.h"

static const uint8_t literata_12_regularBitmaps[33990] = {
    0x2D, 0x7F, 0x7F, 0x7F, 0x3E, 0x3D, 0x3D, 0x2C, 0x2C, 0x2C, 0x2C, 0x1C, 0x1C, 0x00, 0x00, 0x3E,
    0x7F, 0x7E, 0x04, 0x10, 0x53, 0xD3, 0xCF, 0x4F, 0x2C, 0x3C, 0x70, 0xB1, 0xC2, 0x80, 0x00, 0x00,
    0x00, 0x30, 0x06, 0x00, 0x01, 0xC0, 0x1C, 0x00, 0x0B, 0x00, 0xA0, 0x05, 0x7D, 0x57, 0xD5, 0x3F,
    0xFF, 0xFF, 0xF4, 0x03, 0x40, 0x34, 0x00, 0x0C, 0x00, 0xC0, 0x00, 0x70, 0x07, 0x00, 0x01, 0xC0,
    0x1C, 0x02, 0xFF, 0xFF, 0xFF, 0x86, 0xBE, 0xAB, 0xE9, 0x00, 0xD0, 0x0D, 0x00, 0x03, 0x40, 0x30,
    0x00, 0x1C, 0x01, 0xC0, 0x00, 0x00, 0x10, 0x00, 0x00, 0xC0, 0x00, 0x03, 0x00, 0x01, 0xFF, 0xAC,
    0x2E, 0x77, 0xF0, 0xF0, 0xC3, 0xC7, 0xC3, 0x07, 0x4F, 0x8C, 0x00, 0x3F, 0xF0, 0x00, 0x3F, 0xFD,
    0x00, 0x1B, 0xFE, 0x00, 0x0D, 0xFD, 0x10, 0x30, 0xFA, 0xC0, 0xC2, 0xEB, 0xC3, 0x0F, 0x5F, 0xED,
    0xBC, 0x77, 0xFF, 0x80, 0x00, 0xD0, 0x00, 0x03, 0x00, 0x00, 0x04, 0x00, 0x0B, 0xE0, 0x00, 0x38,
    0x00, 0x3E, 0xBD, 0x00, 0xB0, 0x00, 0xB4, 0x1F, 0x01, 0xE0, 0x00, 0xF0, 0x0F, 0x03, 0xC0, 0x00,
    0xF0, 0x0F, 0x07, 0x40, 0x00, 0xB4, 0x0E, 0x0F, 0x00, 0x00, 0x3D, 0x7D, 0x2C, 0x00, 0x00, 0x1F,
    0xF4, 0x38, 0x1A, 0x80, 0x00, 0x00, 0xF0, 0xBE, 0xF0, 0x00, 0x01, 0xD1, 0xE0, 0x7C, 0x00, 0x03,
    0xC2, 0xD0, 0x3C, 0x00, 0x0B, 0x42, 0xD0, 0x3C, 0x00, 0x0E, 0x02, 0xD0, 0x3C, 0x00, 0x3C, 0x00,
    0xF4, 0xB4, 0x00, 0x74, 0x00, 0x7F, 0xE0, 0x00, 0x50, 0x00, 0x05, 0x00, 0x00, 0x6E, 0x40, 0x00,
    0x00, 0x0B, 0xEB, 0xC0, 0x00, 0x00, 0x7C, 0x07, 0x40, 0x00, 0x02, 0xD0, 0x0E, 0x00, 0x00, 0x0F,
    0x40, 0x34, 0x00, 0x00, 0x2F, 0x02, 0xC0, 0x00, 0x00, 0x3E, 0x1D, 0x00, 0xBE, 0x00, 0xBF, 0xD0,
    0x0F, 0xFC, 0x00, 0xFE, 0x00, 0x70, 0xE0, 0x2E, 0xBE, 0x03, 0x40, 0x02, 0xE0, 0xBE, 0x1C, 0x00,
    0x0F, 0x00, 0xBE, 0xA0, 0x00, 0xBC, 0x00, 0xBF, 0x80, 0x02, 0xF0, 0x00, 0xBE, 0x00, 0x0B, 0xC0,
    0x00, 0xFE, 0x00, 0x0F, 0x80, 0x03, 0xFF, 0x5C, 0x2F, 0xD0, 0x78, 0xBF, 0xE0, 0x1F, 0xFF, 0x40,
    0x6D, 0x00, 0x01, 0x40, 0x00, 0x00, 0x00, 0x13, 0xDF, 0x6C, 0x71, 0xC0, 0x00, 0x00, 0x00, 0x00,
    0xD0, 0x0F, 0x00, 0x74, 0x03, 0xC0, 0x1E, 0x00, 0xF4, 0x03, 0xC0, 0x1E, 0x00, 0xB8, 0x03, 0xD0,
    0x0F, 0x40, 0x3C, 0x00, 0xF0, 0x03, 0xD0, 0x0F, 0x40, 0x3D, 0x00, 0xB8, 0x01, 0xF0, 0x03, 0xC0,
    0x0F, 0x40, 0x1F, 0x00, 0x3C, 0x00, 0x78, 0x00, 0xB0, 0x00, 0xD0, 0x00, 0x00, 0x00, 0x00, 0xD0,
    0x02, 0xC0, 0x03, 0xC0, 0x0B, 0x40, 0x1F, 0x00, 0x3C, 0x00, 0xB8, 0x02, 0xF0, 0x07, 0xC0, 0x0F,
    0x00, 0x3D, 0x00, 0xF4, 0x03, 0xD0, 0x0F, 0x40, 0x3D, 0x00, 0xF0, 0x07, 0xC0, 0x2E, 0x00, 0xF4,
    0x03, 0xC0, 0x1E, 0x00, 0xF0, 0x03, 0x80, 0x2C, 0x00, 0xC0, 0x00, 0x00, 0x00, 0x00, 0x40, 0x00,
    0x38, 0x02, 0x0D, 0x15, 0xF3, 0x3E, 0x1B, 0xF9, 0x01, 0xFD, 0x07, 0xDD, 0xF5, 0xD3, 0x4E, 0x01,
    0xD0, 0x00, 0x30, 0x00, 0x00, 0x00, 0x00, 0x00, 0x2C, 0x00, 0x00, 0x2C, 0x00, 0x00, 0x2C, 0x00,
    0x00, 0x2C, 0x00, 0x15, 0x7D, 0x55, 0x3F, 0xFF, 0xFE, 0x00, 0x2C, 0x00, 0x00, 0x2C, 0x00, 0x00,
    0x2C, 0x00, 0x00, 0x2C, 0x00, 0x00, 0x2C, 0x00, 0x00, 0x1F, 0x8F, 0xF1, 0xFC, 0x0F, 0x03, 0x43,
    0xC2, 0x80, 0x00, 0x00, 0x00, 0x03, 0xFF, 0xFF, 0xFF, 0x80, 0x04, 0x1F, 0x8B, 0xF1, 0xFC, 0x14,
    0x00, 0x00, 0x00, 0x00, 0x00, 0x02, 0xC0, 0x00, 0x0E, 0x00, 0x00, 0x74, 0x00, 0x02, 0xC0, 0x00,
    0x0E, 0x00, 0x00, 0x70, 0x00, 0x02, 0xC0, 0x00, 0x0E, 0x00, 0x00, 0x70, 0x00, 0x03, 0xC0, 0x00,
    0x0D, 0x00, 0x00, 0x70, 0x00, 0x03, 0x80, 0x00, 0x0D, 0x00, 0x00, 0xB0, 0x00, 0x03, 0x80, 0x00,
    0x1D, 0x00, 0x00, 0xB0, 0x00, 0x03, 0x80, 0x00, 0x1C, 0x00, 0x00, 0xB0, 0x00, 0x03, 0x80, 0x00,
    0x1C, 0x00, 0x00, 0x00, 0x1B, 0x90, 0x00, 0x1F, 0xEF, 0xC0, 0x03, 0xD0, 0x2F, 0x00, 0xF4, 0x00,
    0xF8, 0x1F, 0x00, 0x0B, 0xC2, 0xE0, 0x00, 0x7D, 0x3E, 0x00, 0x03, 0xD3, 0xE0, 0x00, 0x3E, 0x3D,
    0x00, 0x03, 0xE3, 0xD0, 0x00, 0x3E, 0x3E, 0x00, 0x03, 0xE3, 0xE0, 0x00, 0x3D, 0x3F, 0x00, 0x03,
    0xD2, 0xF0, 0x00, 0x7C, 0x0F, 0x40, 0x0B, 0x80, 0xBC, 0x00, 0xF0, 0x03, 0xF5, 0x7D, 0x00, 0x0B,
    0xFF, 0x00, 0x00, 0x05, 0x00, 0x00, 0x05, 0xA0, 0x2F, 0xFC, 0x01, 0x7F, 0x00, 0x0B, 0xC0, 0x02,
    0xF0, 0x00, 0xBC, 0x00, 0x2F, 0x00, 0x0B, 0xC0, 0x02, 0xF0, 0x00, 0xBC, 0x00, 0x2F, 0x00, 0x0B,
    0xC0, 0x02, 0xF0, 0x00, 0xBC, 0x00, 0x2F, 0x00, 0x0B, 0xC0, 0x1B, 0xF9, 0x2F, 0xFF, 0xF0, 0x01,
    0xBE, 0x40, 0x02, 0xFF, 0xFC, 0x02, 0xE0, 0x0F, 0xC0, 0xF8, 0x01, 0xF4, 0x3F, 0x00, 0x3E, 0x02,
    0x00, 0x0F, 0x80, 0x00, 0x03, 0xD0, 0x00, 0x02, 0xF0, 0x00, 0x00, 0xF8, 0x00, 0x00, 0xFC, 0x00,
    0x00, 0xBC, 0x00, 0x00, 0x7C, 0x00, 0x00, 0x7C, 0x00, 0x00, 0x7C, 0x01, 0xC0, 0x3C, 0x00, 0xF0,
    0x3D, 0x01, 0xBC, 0x3F, 0xFF, 0xFF, 0x0F, 0xFF, 0xFF, 0x80, 0x00, 0xBE, 0x80, 0x02, 0xFF, 0xFD,
    0x01, 0xF0, 0x0F, 0xC0, 0xFC, 0x01, 0xF4, 0x2F, 0x00, 0x3D, 0x02, 0x40, 0x0F, 0x00, 0x00, 0x0B,
    0xC0, 0x00, 0x0B, 0xC0, 0x00, 0x2F, 0x80, 0x00, 0x0B, 0xF8, 0x00, 0x00, 0x0F, 0xC0, 0x00, 0x00,
    0xF8, 0x00, 0x00, 0x2F, 0x00, 0x00, 0x0B, 0xC2, 0x00, 0x03, 0xF0, 0xF4, 0x02, 0xF4, 0x1F, 0xEB,
    0xF8, 0x01, 0xFF, 0xF4, 0x00, 0x01, 0x40, 0x00, 0x00, 0x00, 0x68, 0x00, 0x00, 0x0F, 0xC0, 0x00,
    0x03, 0xFC, 0x00, 0x00, 0x7F, 0xC0, 0x00, 0x0E, 0xBC, 0x00, 0x03, 0xCB, 0xC0, 0x00, 0x74, 0xBC,
    0x00, 0x0E, 0x0B, 0xC0, 0x03, 0xC0, 0xBC, 0x00, 0x74, 0x0B, 0xC0, 0x0E, 0x00, 0xBC, 0x03, 0xC0,
    0x0B, 0xC0, 0x7F, 0xFF, 0xFF, 0xE2, 0xAA, 0xAF, 0xE9, 0x00, 0x00, 0xBC, 0x00, 0x00, 0x0B, 0xC0,
    0x00, 0x05, 0xFE, 0x40, 0x02, 0xFF, 0xFC, 0x01, 0xAA, 0xA9, 0x00, 0xFF, 0xFF, 0x80, 0x3F, 0xFF,
    0xD0, 0x1D, 0x00, 0x00, 0x07, 0x00, 0x00, 0x01, 0xC0, 0x00, 0x00, 0xB0, 0x00, 0x00, 0x2D, 0xFF,
    0x80, 0x0F, 0xFB, 0xFC, 0x00, 0x40, 0x1F, 0x80, 0x00, 0x02, 0xF0, 0x00, 0x00, 0x7D, 0x00, 0x00,
    0x1F, 0x40, 0x00, 0x07, 0xC1, 0x40, 0x03, 0xF0, 0xF4, 0x01, 0xF8, 0x0F, 0xEB, 0xFC, 0x00, 0xBF,
    0xF8, 0x00, 0x00, 0x40, 0x00, 0x00, 0x1B, 0xE4, 0x00, 0x3F, 0xFF, 0x80, 0x3E, 0x01, 0xF0, 0x3E,
    0x00, 0xBC, 0x1F, 0x00, 0x09, 0x0B, 0x80, 0x00, 0x03, 0xD0, 0x10, 0x00, 0xF6, 0xFF, 0xC0, 0x7F,
    0xE6, 0xFC, 0x1F, 0xC0, 0x0F, 0x8B, 0xD0, 0x02, 0xF1, 0xF0, 0x00, 0x7C, 0x7C, 0x00, 0x1F, 0x0F,
    0x00, 0x07, 0xC3, 0xD0, 0x02, 0xF0, 0xBC, 0x00, 0xF4, 0x0F, 0x80, 0xF8, 0x00, 0xBF, 0xF8, 0x00,
    0x01, 0x40, 0x00, 0x2A, 0xAA, 0xAA, 0x0F, 0xFF, 0xFF, 0xD7, 0xFA, 0xAA, 0xF1, 0xE0, 0x00, 0x74,
    0xB0, 0x00, 0x38, 0x00, 0x00, 0x3C, 0x00, 0x00, 0x2E, 0x00, 0x00, 0x0F, 0x00, 0x00, 0x0B, 0x80,
    0x00, 0x03, 0xC0, 0x00, 0x02, 0xF0, 0x00, 0x00, 0xF8, 0x00, 0x00, 0x3D, 0x00, 0x00, 0x1F, 0x00,
    0x00, 0x0B, 0xC0, 0x00, 0x03, 0xF0, 0x00, 0x00, 0xFC, 0x00, 0x00, 0x3F, 0x00, 0x00, 0x00, 0x00,
    0x00, 0x01, 0xBF, 0x80, 0x02, 0xFA, 0xFE, 0x02, 0xE0, 0x07, 0xD0, 0xF4, 0x00, 0xF8, 0x3C, 0x00,
    0x2E, 0x0F, 0x80, 0x0F, 0x42, 0xF8, 0x07, 0x80, 0x3F, 0xE7, 0x80, 0x01, 0xFF, 0xD0, 0x01, 0xFB,
    0xFE, 0x02, 0xF0, 0x1F, 0xE1, 0xF0, 0x00, 0xFC, 0xBC, 0x00, 0x1F, 0x7E, 0x00, 0x03, 0xDB, 0xC0,
    0x01, 0xF1, 0xF4, 0x00, 0xBC, 0x3F, 0x81, 0xBC, 0x02, 0xFF, 0xF8, 0x00, 0x01, 0x40, 0x00, 0x00,
    0xBE, 0x40, 0x02, 0xFA, 0xFC, 0x01, 0xF0, 0x0B, 0xC0, 0xF4, 0x00, 0xF4, 0x7C, 0x00, 0x2E, 0x1F,
    0x00, 0x0B, 0xCB, 0xC0, 0x02, 0xF2, 0xF0, 0x00, 0xBC, 0x7D, 0x00, 0x3F, 0x0F, 0xD0, 0x7F, 0xC0,
    0xFF, 0xFE, 0xF0, 0x06, 0xE4, 0xBC, 0x00, 0x00, 0x3E, 0x00, 0x00, 0x0F, 0x40, 0x00, 0x0B, 0xC0,
    0xC0, 0x07, 0xE0, 0x3F, 0xAF, 0xF0, 0x02, 0xFF, 0xE0, 0x00, 0x01, 0x00, 0x00, 0x00, 0x0F, 0x4B,
    0xF2, 0xFC, 0x28, 0x00, 0x00, 0x00, 0x00, 0x00, 0x00, 0x00, 0x41, 0xF8, 0xBF, 0x1F, 0xC1, 0x40,
    0x00, 0x1F, 0x4F, 0xF3, 0xF8, 0x28, 0x00, 0x00, 0x00, 0x00, 0x00, 0x00, 0x00, 0x01, 0xF8, 0xFF,
    0x1F, 0xC0, 0xF0, 0x34, 0x3C, 0x28, 0x00, 0x00, 0x00, 0x00, 0x00, 0x00, 0x01, 0xE0, 0x00, 0x2F,
    0x40, 0x07, 0xD0, 0x01, 0xF8, 0x00, 0x2F, 0x00, 0x03, 0xD0, 0x00, 0x0F, 0x80, 0x00, 0x07, 0xD0,
    0x00, 0x02, 0xF4, 0x00, 0x01, 0xF8, 0x00, 0x00, 0x7E, 0x00, 0x00, 0x28, 0x00, 0x00, 0x00, 0x2A,
    0xAA, 0xA9, 0x3F, 0xFF, 0xFE, 0x00, 0x00, 0x00, 0x00, 0x00, 0x00, 0x00, 0x00, 0x00, 0x3F, 0xFF,
    0xFE, 0x15, 0x55, 0x55, 0x00, 0x00, 0x00, 0xE0, 0x00, 0x02, 0xF4, 0x00, 0x00, 0xBC, 0x00, 0x00,
    0x7E, 0x00, 0x00, 0x1F, 0x40, 0x00, 0x0B, 0x80, 0x00, 0x7E, 0x00, 0x0B, 0xC0, 0x02, 0xF4, 0x00,
    0x7E, 0x00, 0x0F, 0xC0, 0x00, 0x34, 0x00, 0x00, 0x00, 0x00, 0x00, 0x01, 0xBE, 0x00, 0x7E, 0xBF,
    0x43, 0xC0, 0x2F, 0x1F, 0x40, 0x3C, 0x3D, 0x00, 0xF4, 0x00, 0x0B, 0xC0, 0x00, 0x7E, 0x00, 0x07,
    0xF0, 0x00, 0x3F, 0x00, 0x02, 0xF0, 0x00, 0x0B, 0x00, 0x00, 0x2C, 0x00, 0x00, 0xB0, 0x00, 0x00,
    0x00, 0x00, 0x00, 0x00, 0x00, 0x7D, 0x00, 0x02, 0xFC, 0x00, 0x07, 0xE0, 0x00, 0x01, 0x00, 0x00,
    0x00, 0x00, 0x00, 0x00, 0x00, 0x00, 0x6F, 0xFF, 0x90, 0x00, 0x0B, 0xE4, 0x16, 0xF0, 0x00, 0xF4,
    0x00, 0x00, 0xF0, 0x0F, 0x00, 0x00, 0x00, 0xF0, 0x74, 0x06, 0xF9, 0x81, 0xD3, 0x80, 0xBD, 0x6F,
    0x03, 0x9D, 0x07, 0xC0, 0x7C, 0x0F, 0x70, 0x3C, 0x02, 0xF0, 0x2E, 0xC0, 0xF0, 0x0F, 0x80, 0xBB,
    0x03, 0xC0, 0x3E, 0x03, 0xAC, 0x0F, 0x02, 0xB8, 0x0E, 0x70, 0x3C, 0x0C, 0xE0, 0x70, 0xD0, 0xF9,
    0xE3, 0x87, 0x43, 0xC0, 0xFF, 0x0F, 0xF4, 0x07, 0x40, 0x00, 0x00, 0x00, 0x0B, 0x40, 0x00, 0x04,
    0x00, 0x0B, 0xD0, 0x01, 0xF0, 0x00, 0x07, 0xFF, 0xFE, 0x00, 0x00, 0x00, 0x69, 0x40, 0x00, 0x00,
    0x00, 0xA4, 0x00, 0x00, 0x00, 0x1F, 0xC0, 0x00, 0x00, 0x02, 0xFD, 0x00, 0x00, 0x00, 0x3B, 0xE0,
    0x00, 0x00, 0x07, 0x1F, 0x00, 0x00, 0x00, 0xF0, 0xF4, 0x00, 0x00, 0x0D, 0x0F, 0xC0, 0x00, 0x02,
    0xC0, 0x7C, 0x00, 0x00, 0x3C, 0x03, 0xD0, 0x00, 0x03, 0x40, 0x2F, 0x00, 0x00, 0xB4, 0x02, 0xF0,
    0x00, 0x0F, 0xFF, 0xFF, 0x80, 0x01, 0xD0, 0x00, 0xFC, 0x00, 0x2C, 0x00, 0x07, 0xC0, 0x03, 0x80,
    0x00, 0x3E, 0x00, 0x74, 0x00, 0x02, 0xF0, 0x1F, 0x90, 0x00, 0x7F, 0x9B, 0xFF, 0x40, 0x2F, 0xFF,
    0x2A, 0xA5, 0x50, 0x01, 0xFF, 0xFF, 0xF8, 0x00, 0x7D, 0x01, 0xFC, 0x00, 0xF4, 0x02, 0xF0, 0x03,
    0xD0, 0x07, 0xD0, 0x0F, 0x40, 0x1F, 0x40, 0x3D, 0x00, 0xBC, 0x00, 0xF4, 0x0B, 0xC0, 0x03, 0xFB,
    0xF4, 0x00, 0x0F, 0xAA, 0xFD, 0x00, 0x3D, 0x00, 0x7E, 0x00, 0xF4, 0x00, 0xBC, 0x03, 0xD0, 0x01,
    0xF4, 0x0F, 0x40, 0x07, 0xD0, 0x3D, 0x00, 0x2F, 0x01, 0xF4, 0x01, 0xF8, 0x1B, 0xE5, 0xBF, 0x81,
    0xFF, 0xFF, 0xE0, 0x00, 0x00, 0x1B, 0xF8, 0x30, 0x00, 0xFF, 0xBF, 0xB4, 0x03, 0xE0, 0x02, 0xF4,
    0x0F, 0x80, 0x00, 0xB8, 0x2F, 0x00, 0x00, 0x3C, 0x3E, 0x00, 0x00, 0x2C, 0x3D, 0x00, 0x00, 0x00,
    0x7D, 0x00, 0x00, 0x00, 0xBC, 0x00, 0x00, 0x00, 0xBC, 0x00, 0x00, 0x00, 0x7D, 0x00, 0x00, 0x00,
    0x7D, 0x00, 0x00, 0x00, 0x3E, 0x00, 0x00, 0x00, 0x2F, 0x00, 0x00, 0x00, 0x0F, 0xC0, 0x00, 0x1C,
    0x0B, 0xE0, 0x00, 0x78, 0x02, 0xFE, 0x5B, 0xE0, 0x00, 0x2F, 0xFF, 0x40, 0x00, 0x00, 0x50, 0x00,
    0x2A, 0xA9, 0x50, 0x00, 0x1F, 0xFF, 0xFF, 0xE0, 0x00, 0x7D, 0x00, 0x7F, 0x40, 0x0F, 0x40, 0x02,
    0xF4, 0x03, 0xD0, 0x00, 0x3F, 0x00, 0xF4, 0x00, 0x07, 0xD0, 0x3D, 0x00, 0x00, 0xF8, 0x0F, 0x40,
    0x00, 0x3F, 0x03, 0xD0, 0x00, 0x0F, 0xC0, 0xF4, 0x00, 0x03, 0xF0, 0x3D, 0x00, 0x00, 0xF8, 0x0F,
    0x40, 0x00, 0x3E, 0x03, 0xD0, 0x00, 0x1F, 0x00, 0xF4, 0x00, 0x0B, 0xC0, 0x3D, 0x00, 0x07, 0xC0,
    0x1F, 0x40, 0x07, 0xD0, 0x1B, 0xE5, 0x6F, 0xC0, 0x1F, 0xFF, 0xFE, 0x00, 0x00, 0x2A, 0xAA, 0xAA,
    0x07, 0xFF, 0xFF, 0xF4, 0x07, 0xD0, 0x0B, 0x80, 0x3D, 0x00, 0x3C, 0x03, 0xD0, 0x01, 0x80, 0x3D,
    0x00, 0x00, 0x03, 0xD0, 0x08, 0x00, 0x3D, 0x02, 0xC0, 0x03, 0xFA, 0xFC, 0x00, 0x3F, 0xFF, 0xC0,
    0x03, 0xD0, 0x2C, 0x00, 0x3D, 0x01, 0xC0, 0x03, 0xD0, 0x00, 0x00, 0x3D, 0x00, 0x09, 0x03, 0xD0,
    0x00, 0xD0, 0x7D, 0x00, 0x2D, 0x1B, 0xE5, 0x5B, 0xC7, 0xFF, 0xFF, 0xFC, 0x2A, 0xAA, 0xAA, 0x07,
    0xFF, 0xFF, 0xF8, 0x07, 0xD0, 0x0B, 0xC0, 0x3D, 0x00, 0x3C, 0x03, 0xD0, 0x01, 0xC0, 0x3D, 0x00,
    0x00, 0x03, 0xD0, 0x04, 0x00, 0x3D, 0x01, 0xC0, 0x03, 0xD0, 0x3C, 0x00, 0x3F, 0xFF, 0xC0, 0x03,
    0xE5, 0x7C, 0x00, 0x3D, 0x02, 0xC0, 0x03, 0xD0, 0x1C, 0x00, 0x3D, 0x00, 0x00, 0x03, 0xD0, 0x00,
    0x00, 0x7D, 0x00, 0x00, 0x1B, 0xE4, 0x00, 0x07, 0xFF, 0xF0, 0x00, 0x00, 0x1B, 0xF8, 0x30, 0x00,
    0x0F, 0xFB, 0xFB, 0x40, 0x03, 0xE0, 0x02, 0xF8, 0x00, 0xF8, 0x00, 0x0B, 0xC0, 0x2F, 0x00, 0x00,
    0x3C, 0x03, 0xE0, 0x00, 0x01, 0xC0, 0x3D, 0x00, 0x00, 0x00, 0x07, 0xD0, 0x00, 0x00, 0x00, 0x7C,
    0x00, 0x00, 0x00, 0x0B, 0xC0, 0x00, 0x15, 0x54, 0x7D, 0x00, 0x0B, 0xFF, 0xC7, 0xD0, 0x00, 0x07,
    0xD0, 0x3E, 0x00, 0x00, 0x7C, 0x03, 0xF0, 0x00, 0x07, 0xC0, 0x1F, 0x80, 0x00, 0x7C, 0x00, 0xBD,
    0x00, 0x0B, 0xC0, 0x02, 0xFD, 0x5B, 0xFC, 0x00, 0x07, 0xFF, 0xF5, 0xC0, 0x00, 0x01, 0x50, 0x00,
    0x00, 0x2A, 0xA8, 0x00, 0xAA, 0xA1, 0xFF, 0xF4, 0x07, 0xFF, 0xD0, 0x7D, 0x00, 0x01, 0xF4, 0x00,
    0xF4, 0x00, 0x07, 0xC0, 0x03, 0xD0, 0x00, 0x1F, 0x00, 0x0F, 0x40, 0x00, 0x7C, 0x00, 0x3D, 0x00,
    0x01, 0xF0, 0x00, 0xF4, 0x00, 0x07, 0xC0, 0x03, 0xFF, 0xFF, 0xFF, 0x00, 0x0F, 0xFF, 0xFF, 0xFC,
    0x00, 0x3D, 0x00, 0x01, 0xF0, 0x00, 0xF4, 0x00, 0x07, 0xC0, 0x03, 0xD0, 0x00, 0x1F, 0x00, 0x0F,
    0x40, 0x00, 0x7C, 0x00, 0x3D, 0x00, 0x01, 0xF0, 0x01, 0xF4, 0x00, 0x07, 0xC0, 0x1B, 0xE4, 0x00,
    0x6F, 0x91, 0xFF, 0xF4, 0x07, 0xFF, 0xD0, 0x6A, 0xA9, 0x7F, 0xFD, 0x07, 0xD0, 0x03, 0xD0, 0x03,
    0xD0, 0x03, 0xD0, 0x03, 0xD0, 0x03, 0xD0, 0x03, 0xD0, 0x03, 0xD0, 0x03, 0xD0, 0x03, 0xD0, 0x03,
    0xD0, 0x03, 0xD0, 0x03, 0xD0, 0x07, 0xD0, 0x1B, 0xE4, 0xBF, 0xFE, 0x00, 0x1A, 0xAA, 0x40, 0x0B,
    0xFF, 0xD0, 0x00, 0x1F, 0x40, 0x00, 0x07, 0xC0, 0x00, 0x01, 0xF0, 0x00, 0x00, 0x7C, 0x00, 0x00,
    0x1F, 0x00, 0x00, 0x07, 0xC0, 0x00, 0x01, 0xF0, 0x00, 0x00, 0x7C, 0x00, 0x00, 0x1F, 0x00, 0x00,
    0x07, 0xC0, 0x00, 0x01, 0xF0, 0x06, 0x40, 0x7C, 0x07, 0xF0, 0x1F, 0x01, 0xF8, 0x0F, 0x80, 0x3E,
    0x5B, 0xC0, 0x07, 0xFF, 0xC0, 0x00, 0x05, 0x00, 0x00, 0x2A, 0xA9, 0x06, 0xAA, 0x07, 0xFF, 0xE0,
    0xFF, 0xF0, 0x03, 0xD0, 0x01, 0xF0, 0x00, 0x3D, 0x00, 0x3C, 0x00, 0x03, 0xD0, 0x0F, 0x00, 0x00,
    0x3D, 0x03, 0xC0, 0x00, 0x03, 0xD0, 0xF0, 0x00, 0x00, 0x3D, 0x3C, 0x00, 0x00, 0x03, 0xDF, 0xC0,
    0x00, 0x00, 0x3F, 0xFE, 0x00, 0x00, 0x03, 0xF2, 0xF4, 0x00, 0x00, 0x3D, 0x0F, 0xC0, 0x00, 0x03,
    0xD0, 0x7E, 0x00, 0x00, 0x3D, 0x02, 0xF0, 0x00, 0x03, 0xD0, 0x0F, 0xC0, 0x00, 0x3D, 0x00, 0x7E,
    0x00, 0x1B, 0xF4, 0x02, 0xF9, 0x47, 0xFF, 0xE0, 0x0B, 0xFC, 0x00, 0x00, 0x00, 0x05, 0x00, 0x2A,
    0xA9, 0x00, 0x07, 0xFF, 0xE0, 0x00, 0x07, 0xD0, 0x00, 0x00, 0x3D, 0x00, 0x00, 0x03, 0xD0, 0x00,
    0x00, 0x3D, 0x00, 0x00, 0x03, 0xD0, 0x00, 0x00, 0x3D, 0x00, 0x00, 0x03, 0xD0, 0x00, 0x00, 0x3D,
    0x00, 0x00, 0x03, 0xD0, 0x00, 0x00, 0x3D, 0x00, 0x00, 0x03, 0xD0, 0x00, 0x40, 0x3D, 0x00, 0x0D,
    0x03, 0xD0, 0x02, 0xC0, 0x7D, 0x00, 0x3C, 0x1B, 0xE5, 0x6F, 0xC7, 0xFF, 0xFF, 0xFC, 0x1A, 0xA8,
    0x00, 0x00, 0xAA, 0x90, 0xBF, 0xF4, 0x00, 0x07, 0xFF, 0x80, 0x2F, 0xF0, 0x00, 0x3F, 0xE0, 0x00,
    0x7B, 0xC0, 0x00, 0xEF, 0x40, 0x02, 0xCF, 0x40, 0x07, 0x3E, 0x00, 0x0B, 0x2F, 0x00, 0x3C, 0xF8,
    0x00, 0x2C, 0x7C, 0x00, 0xD3, 0xE0, 0x00, 0xB0, 0xF4, 0x0B, 0x0F, 0x80, 0x03, 0xC2, 0xF0, 0x38,
    0x2E, 0x00, 0x0F, 0x03, 0xC1, 0xD0, 0xBC, 0x00, 0x3C, 0x0F, 0x8B, 0x02, 0xF0, 0x00, 0xF0, 0x2F,
    0x38, 0x0B, 0xC0, 0x03, 0x80, 0x3E, 0xD0, 0x1F, 0x00, 0x0E, 0x00, 0xFF, 0x00, 0x7C, 0x00, 0x38,
    0x01, 0xF8, 0x01, 0xF0, 0x01, 0xE0, 0x00, 0x00, 0x07, 0xC0, 0x1B, 0xD0, 0x00, 0x00, 0x7F, 0x91,
    0xFF, 0xE0, 0x00, 0x0B, 0xFF, 0xE0, 0x2A, 0xA0, 0x00, 0x6A, 0xA1, 0xFF, 0xE0, 0x02, 0xFF, 0xD0,
    0x7F, 0xD0, 0x00, 0xB4, 0x00, 0xEF, 0xC0, 0x02, 0xC0, 0x03, 0x9F, 0x40, 0x0B, 0x00, 0x0E, 0x3F,
    0x00, 0x2C, 0x00, 0x38, 0x7E, 0x00, 0xB0, 0x00, 0xE0, 0xBC, 0x02, 0xC0, 0x03, 0x80, 0xFC, 0x0B,
    0x00, 0x0E, 0x01, 0xF4, 0x2C, 0x00, 0x38, 0x03, 0xF0, 0xB0, 0x00, 0xE0, 0x07, 0xE2, 0xC0, 0x03,
    0x80, 0x0B, 0xCB, 0x00, 0x0E, 0x00, 0x0F, 0xAC, 0x00, 0x38, 0x00, 0x2F, 0xF0, 0x01, 0xE0, 0x00,
    0x3F, 0xC0, 0x1B, 0xD0, 0x00, 0x7F, 0x01, 0xFF, 0xE0, 0x00, 0xBC, 0x00, 0x00, 0x06, 0xF9, 0x00,
    0x00, 0x2F, 0xFF, 0xF4, 0x00, 0x3E, 0x00, 0x2F, 0x80, 0x3E, 0x00, 0x01, 0xF4, 0x1F, 0x00, 0x00,
    0x3F, 0x0F, 0x80, 0x00, 0x07, 0xD3, 0xD0, 0x00, 0x00, 0xF9, 0xF0, 0x00, 0x00, 0x3F, 0x7C, 0x00,
    0x00, 0x0F, 0xEF, 0x00, 0x00, 0x03, 0xF7, 0xC0, 0x00, 0x00, 0xFD, 0xF4, 0x00, 0x00, 0x3E, 0x3E,
    0x00, 0x00, 0x0F, 0x4F, 0xC0, 0x00, 0x07, 0xC1, 0xF8, 0x00, 0x03, 0xE0, 0x2F, 0x80, 0x02, 0xF0,
    0x02, 0xFE, 0x5B, 0xF0, 0x00, 0x1F, 0xFF, 0xD0, 0x00, 0x00, 0x15, 0x00, 0x00, 0x2A, 0xA5, 0x40,
    0x07, 0xFF, 0xFF, 0xD0, 0x07, 0xD0, 0x2F, 0x40, 0x3D, 0x00, 0xBC, 0x03, 0xD0, 0x07, 0xD0, 0x3D,
    0x00, 0x7D, 0x03, 0xD0, 0x07, 0xD0, 0x3D, 0x00, 0xBC, 0x03, 0xD0, 0x0F, 0x80, 0x3E, 0x5B, 0xE0,
    0x03, 0xFF, 0xE4, 0x00, 0x3D, 0x00, 0x00, 0x03, 0xD0, 0x00, 0x00, 0x3D, 0x00, 0x00, 0x03, 0xD0,
    0x00, 0x00, 0x7D, 0x00, 0x00, 0x1B, 0xE4, 0x00, 0x07, 0xFF, 0xF0, 0x00, 0x00, 0x06, 0xF9, 0x00,
    0x00, 0x00, 0x0B, 0xFF, 0xFE, 0x00, 0x00, 0x03, 0xF4, 0x01, 0xFC, 0x00, 0x00, 0xBC, 0x00, 0x07,
    0xE0, 0x00, 0x0F, 0x40, 0x00, 0x2F, 0x40, 0x02, 0xF0, 0x00, 0x00, 0xF8, 0x00, 0x3E, 0x00, 0x00,
    0x0F, 0xC0, 0x03, 0xD0, 0x00, 0x00, 0xBC, 0x00, 0x3D, 0x00, 0x00, 0x0B, 0xC0, 0x07, 0xD0, 0x00,
    0x00, 0xBC, 0x00, 0x3D, 0x00, 0x00, 0x0B, 0xC0, 0x03, 0xE0, 0x00, 0x00, 0xBC, 0x00, 0x3F, 0x7F,
    0xD0, 0x0F, 0x80, 0x02, 0xFE, 0x1F, 0x80, 0xF4, 0x00, 0x0F, 0xC0, 0x3D, 0x2E, 0x00, 0x00, 0x7E,
    0x00, 0xFB, 0xC0, 0x00, 0x01, 0xFE, 0x5F, 0xF0, 0x00, 0x00, 0x02, 0xFF, 0xFE, 0x00, 0x00, 0x00,
    0x00, 0x52, 0xF4, 0x00, 0x00, 0x00, 0x00, 0x0F, 0xD0, 0x08, 0x00, 0x00, 0x00, 0x7F, 0xEF, 0xC0,
    0x00, 0x00, 0x01, 0xFF, 0xE0, 0x00, 0x00, 0x00, 0x02, 0xA4, 0x00, 0x2A, 0xA5, 0x40, 0x00, 0x1F,
    0xFF, 0xFF, 0x80, 0x00, 0x7D, 0x01, 0xF8, 0x00, 0x0F, 0x40, 0x1F, 0x40, 0x03, 0xD0, 0x03, 0xD0,
    0x00, 0xF4, 0x00, 0xF4, 0x00, 0x3D, 0x00, 0x7C, 0x00, 0x0F, 0x40, 0x3E, 0x00, 0x03, 0xD1, 0x7E,
    0x00, 0x00, 0xFF, 0xF8, 0x00, 0x00, 0x3D, 0x0F, 0x80, 0x00, 0x0F, 0x41, 0xF8, 0x00, 0x03, 0xD0,
    0x3F, 0x00, 0x00, 0xF4, 0x07, 0xD0, 0x00, 0x3D, 0x00, 0xFC, 0x00, 0x1F, 0x40, 0x2F, 0x40, 0x1B,
    0xE4, 0x03, 0xF5, 0x1F, 0xFF, 0xC0, 0x7F, 0xC0, 0x00, 0x00, 0x01, 0x00, 0x00, 0x6F, 0x86, 0x01,
    0xFE, 0xBF, 0xC0, 0xF4, 0x02, 0xF0, 0x7C, 0x00, 0x3C, 0x2E, 0x00, 0x07, 0x4B, 0xC0, 0x00, 0x42,
    0xFC, 0x00, 0x00, 0x3F, 0xE4, 0x00, 0x03, 0xFF, 0xD0, 0x00, 0x1F, 0xFF, 0x00, 0x00, 0x2F, 0xF0,
    0x00, 0x00, 0xBE, 0x10, 0x00, 0x0F, 0x9D, 0x00, 0x02, 0xE3, 0xC0, 0x00, 0xF8, 0xFC, 0x00, 0x3C,
    0x3F, 0xE5, 0xBD, 0x0D, 0x7F, 0xFD, 0x00, 0x00, 0x50, 0x00, 0x1A, 0xAA, 0xAA, 0xA9, 0x0F, 0xFF,
    0xFF, 0xFF, 0x87, 0xD0, 0x3D, 0x02, 0xF2, 0xD0, 0x0F, 0x40, 0x3C, 0xF0, 0x03, 0xD0, 0x07, 0x24,
    0x00, 0xF4, 0x00, 0x80, 0x00, 0x3D, 0x00, 0x00, 0x00, 0x0F, 0x40, 0x00, 0x00, 0x03, 0xD0, 0x00,
    0x00, 0x00, 0xF4, 0x00, 0x00, 0x00, 0x3D, 0x00, 0x00, 0x00, 0x0F, 0x40, 0x00, 0x00, 0x03, 0xD0,
    0x00, 0x00, 0x00, 0xF4, 0x00, 0x00, 0x00, 0x3D, 0x00, 0x00, 0x00, 0x0F, 0x40, 0x00, 0x00, 0x1B,
    0xF5, 0x00, 0x00, 0x3F, 0xFF, 0xD0, 0x00, 0x6A, 0xA8, 0x00, 0xAA, 0xA2, 0xFF, 0xF0, 0x03, 0xFF,
    0xC0, 0xBC, 0x00, 0x00, 0xF0, 0x02, 0xF0, 0x00, 0x03, 0xC0, 0x0B, 0xC0, 0x00, 0x0F, 0x00, 0x2F,
    0x00, 0x00, 0x3C, 0x00, 0xBC, 0x00, 0x00, 0xF0, 0x02, 0xF0, 0x00, 0x03, 0xC0, 0x0B, 0xC0, 0x00,
    0x0F, 0x00, 0x2F, 0x00, 0x00, 0x3C, 0x00, 0xBC, 0x00, 0x00, 0xF0, 0x02, 0xF0, 0x00, 0x03, 0xC0,
    0x07, 0xC0, 0x00, 0x0F, 0x00, 0x1F, 0x00, 0x00, 0x38, 0x00, 0x3E, 0x00, 0x02, 0xD0, 0x00, 0xBC,
    0x00, 0x1F, 0x00, 0x00, 0xFE, 0x5B, 0xF0, 0x00, 0x00, 0xBF, 0xFE, 0x00, 0x00, 0x00, 0x05, 0x00,
    0x00, 0x00, 0x2A, 0xA8, 0x00, 0xAA, 0x97, 0xFF, 0xC0, 0x0F, 0xFE, 0x0B, 0xC0, 0x00, 0x0F, 0x00,
    0x3D, 0x00, 0x01, 0xD0, 0x03, 0xE0, 0x00, 0x2C, 0x00, 0x2F, 0x00, 0x03, 0xC0, 0x00, 0xF4, 0x00,
    0x74, 0x00, 0x0F, 0x80, 0x0B, 0x00, 0x00, 0x7C, 0x00, 0xF0, 0x00, 0x03, 0xD0, 0x1D, 0x00, 0x00,
    0x3E, 0x02, 0xC0, 0x00, 0x01, 0xF0, 0x38, 0x00, 0x00, 0x0F, 0x47, 0x40, 0x00, 0x00, 0xB8, 0xB0,
    0x00, 0x00, 0x07, 0xCE, 0x00, 0x00, 0x00, 0x3E, 0xD0, 0x00, 0x00, 0x02, 0xFC, 0x00, 0x00, 0x00,
    0x1F, 0x80, 0x00, 0x6A, 0xA8, 0x00, 0x68, 0x00, 0x2A, 0xA5, 0xFF, 0xF0, 0x03, 0xF4, 0x00, 0xFF,
    0xD0, 0xBC, 0x00, 0x0F, 0xE0, 0x00, 0x78, 0x01, 0xF4, 0x00, 0xBB, 0xC0, 0x02, 0xC0, 0x03, 0xE0,
    0x03, 0xCF, 0x00, 0x0B, 0x00, 0x0F, 0x80, 0x0E, 0x3D, 0x00, 0x38, 0x00, 0x2F, 0x00, 0x74, 0xBC,
    0x00, 0xD0, 0x00, 0x7C, 0x02, 0xC1, 0xF0, 0x07, 0x00, 0x00, 0xF4, 0x0F, 0x03, 0xD0, 0x2C, 0x00,
    0x03, 0xE0, 0x38, 0x0F, 0x80, 0xE0, 0x00, 0x0B, 0xC1, 0xD0, 0x1F, 0x03, 0x40, 0x00, 0x1F, 0x0B,
    0x00, 0x3C, 0x1C, 0x00, 0x00, 0x3D, 0x3C, 0x00, 0xF8, 0xB0, 0x00, 0x00, 0xF8, 0xE0, 0x02, 0xF3,
    0x80, 0x00, 0x02, 0xF7, 0x40, 0x07, 0xCD, 0x00, 0x00, 0x07, 0xEC, 0x00, 0x0F, 0xF0, 0x00, 0x00,
    0x0F, 0xF0, 0x00, 0x2F, 0xC0, 0x00, 0x00, 0x3F, 0x80, 0x00, 0x7E, 0x00, 0x00, 0x2A, 0xA4, 0x01,
    0xAA, 0x47, 0xFF, 0x80, 0x3F, 0xF8, 0x0F, 0xD0, 0x00, 0xB8, 0x00, 0x3F, 0x00, 0x0F, 0x00, 0x00,
    0xF8, 0x03, 0xC0, 0x00, 0x07, 0xD0, 0xB4, 0x00, 0x00, 0x2F, 0x0E, 0x00, 0x00, 0x00, 0xFF, 0xC0,
    0x00, 0x00, 0x07, 0xF0, 0x00, 0x00, 0x00, 0x2F, 0x40, 0x00, 0x00, 0x07, 0xFC, 0x00, 0x00, 0x00,
    0xF3, 0xF0, 0x00, 0x00, 0x3C, 0x1F, 0x80, 0x00, 0x0B, 0x40, 0xBD, 0x00, 0x01, 0xE0, 0x03, 0xF0,
    0x00, 0x3C, 0x00, 0x0F, 0xC0, 0x2F, 0xD0, 0x01, 0xFF, 0x4B, 0xFF, 0x00, 0x7F, 0xFD, 0x6A, 0xA8,
    0x01, 0xAA, 0x87, 0xFF, 0xD0, 0x2F, 0xFC, 0x0B, 0xD0, 0x00, 0x3C, 0x00, 0x3F, 0x00, 0x07, 0x40,
    0x01, 0xF4, 0x00, 0xF0, 0x00, 0x0B, 0xC0, 0x2C, 0x00, 0x00, 0x3E, 0x03, 0x80, 0x00, 0x01, 0xF4,
    0xB0, 0x00, 0x00, 0x0F, 0xDD, 0x00, 0x00, 0x00, 0x3F, 0xC0, 0x00, 0x00, 0x02, 0xF0, 0x00, 0x00,
    0x00, 0x1F, 0x00, 0x00, 0x00, 0x01, 0xF0, 0x00, 0x00, 0x00, 0x1F, 0x00, 0x00, 0x00, 0x01, 0xF0,
    0x00, 0x00, 0x00, 0x1F, 0x00, 0x00, 0x00, 0x07, 0xF9, 0x00, 0x00, 0x03, 0xFF, 0xF4, 0x00, 0x2A,
    0xAA, 0xAA, 0x93, 0xFF, 0xFF, 0xFE, 0x3D, 0x00, 0x0B, 0xC3, 0xC0, 0x01, 0xF4, 0x74, 0x00, 0x3F,
    0x00, 0x00, 0x0F, 0xC0, 0x00, 0x01, 0xF4, 0x00, 0x00, 0x3E, 0x00, 0x00, 0x0F, 0xC0, 0x00, 0x02,
    0xF4, 0x00, 0x00, 0x3E, 0x00, 0x00, 0x0F, 0xC0, 0x00, 0x02, 0xF4, 0x00, 0x00, 0x7E, 0x00, 0x0B,
    0x0F, 0xC0, 0x00, 0xF2, 0xF0, 0x00, 0x2E, 0x7F, 0x55, 0x5F, 0xEB, 0xFF, 0xFF, 0xFE, 0x15, 0x47,
    0xFD, 0x7C, 0x07, 0x80, 0x78, 0x07, 0x80, 0x78, 0x07, 0x80, 0x78, 0x07, 0x80, 0x78, 0x07, 0x80,
    0x78, 0x07, 0x80, 0x78, 0x07, 0x80, 0x78, 0x07, 0x80, 0x78, 0x07, 0x80, 0x78, 0x07, 0x80, 0x78,
    0x07, 0x80, 0x7C, 0x07, 0xFD, 0x15, 0x40, 0x00, 0x00, 0x01, 0xD0, 0x00, 0x03, 0x80, 0x00, 0x0B,
    0x00, 0x00, 0x0D, 0x00, 0x00, 0x38, 0x00, 0x00, 0xB0, 0x00, 0x00, 0xD0, 0x00, 0x03, 0xC0, 0x00,
    0x07, 0x00, 0x00, 0x0D, 0x00, 0x00, 0x3C, 0x00, 0x00, 0x70, 0x00, 0x00, 0xE0, 0x00, 0x02, 0xC0,
    0x00, 0x07, 0x40, 0x00, 0x0E, 0x00, 0x00, 0x2C, 0x00, 0x00, 0x74, 0x00, 0x00, 0xE0, 0x00, 0x02,
    0xC0, 0x00, 0x03, 0x40, 0x00, 0x0F, 0x00, 0x00, 0x18, 0x55, 0x3F, 0xE0, 0xB8, 0x1E, 0x07, 0x81,
    0xE0, 0x78, 0x1E, 0x07, 0x81, 0xE0, 0x78, 0x1E, 0x07, 0x81, 0xE0, 0x78, 0x1E, 0x07, 0x81, 0xE0,
    0x78, 0x1E, 0x07, 0x81, 0xE0, 0x78, 0x1E, 0x0B, 0xBF, 0xE5, 0x50, 0x00, 0x1C, 0x00, 0x00, 0x0F,
    0x80, 0x00, 0x0F, 0xB4, 0x00, 0x07, 0x4F, 0x00, 0x03, 0x80, 0xE0, 0x02, 0xC0, 0x1D, 0x01, 0xD0,
    0x03, 0xC0, 0xE0, 0x00, 0x38, 0xB0, 0x00, 0x07, 0x00, 0x00, 0x00, 0x00, 0xBF, 0xFF, 0xFF, 0x1A,
    0xAA, 0xAA, 0x80, 0x10, 0x07, 0x80, 0x7D, 0x01, 0xF0, 0x02, 0xC0, 0x04, 0x00, 0x00, 0x00, 0x01,
    0xFF, 0x80, 0x03, 0xD5, 0xBC, 0x01, 0xE0, 0x0F, 0x40, 0xBC, 0x02, 0xE0, 0x05, 0x00, 0xBC, 0x00,
    0x00, 0x2F, 0x00, 0x1B, 0xFF, 0xC0, 0x2F, 0x96, 0xF0, 0x1F, 0x00, 0xBC, 0x0B, 0xC0, 0x2F, 0x02,
    0xF0, 0x0F, 0xC0, 0x7F, 0x6E, 0xF9, 0x0B, 0xFD, 0x3F, 0xC0, 0x14, 0x01, 0x00, 0x00, 0x00, 0x00,
    0x01, 0xFF, 0x00, 0x00, 0x01, 0xFC, 0x00, 0x00, 0x01, 0xF0, 0x00, 0x00, 0x07, 0xC0, 0x00, 0x00,
    0x1F, 0x00, 0x00, 0x00, 0x7C, 0x00, 0x00, 0x01, 0xF1, 0xFF, 0x40, 0x07, 0xDF, 0xFF, 0x80, 0x1F,
    0xD0, 0x2F, 0x40, 0x7D, 0x00, 0x3E, 0x01, 0xF0, 0x00, 0xBC, 0x07, 0xC0, 0x02, 0xF0, 0x1F, 0x00,
    0x0B, 0xC0, 0x7C, 0x00, 0x2F, 0x01, 0xF0, 0x00, 0xBC, 0x07, 0xC0, 0x03, 0xE0, 0x1F, 0x00, 0x2F,
    0x00, 0x7F, 0x56, 0xF4, 0x01, 0xDF, 0xFF, 0x40, 0x00, 0x01, 0x40, 0x00, 0x00, 0x00, 0x00, 0x07,
    0xFE, 0x00, 0xBD, 0x6F, 0x0B, 0xC0, 0x3E, 0x3D, 0x01, 0xFA, 0xF0, 0x03, 0xCB, 0xC0, 0x00, 0x3E,
    0x00, 0x00, 0xFC, 0x00, 0x02, 0xF0, 0x00, 0x07, 0xD0, 0x00, 0x0F, 0xD0, 0x09, 0x1F, 0xFA, 0xF4,
    0x0F, 0xFF, 0x00, 0x01, 0x40, 0x00, 0x00, 0x00, 0x00, 0x00, 0x00, 0x2F, 0xE0, 0x00, 0x00, 0x7E,
    0x00, 0x00, 0x02, 0xE0, 0x00, 0x00, 0x2E, 0x00, 0x00, 0x02, 0xE0, 0x00, 0x00, 0x2E, 0x00, 0x1F,
    0xFB, 0xE0, 0x0B, 0xEB, 0xFE, 0x02, 0xF0, 0x03, 0xE0, 0x3D, 0x00, 0x2E, 0x07, 0xC0, 0x02, 0xE0,
    0xBC, 0x00, 0x2E, 0x0F, 0x80, 0x02, 0xE0, 0xF8, 0x00, 0x2E, 0x0B, 0xC0, 0x02, 0xE0, 0xBC, 0x00,
    0x3E, 0x03, 0xE0, 0x0B, 0xE0, 0x2F, 0xEB, 0xEF, 0x40, 0xBF, 0xF1, 0xFE, 0x00, 0x50, 0x00, 0x00,
    0x00, 0x00, 0x00, 0x01, 0xFF, 0x80, 0x0B, 0x97, 0xF0, 0x2E, 0x00, 0xF4, 0x3C, 0x00, 0xBC, 0xBC,
    0x00, 0x7C, 0xBE, 0xAA, 0xFC, 0xFF, 0xFF, 0xF8, 0xFC, 0x00, 0x00, 0xBC, 0x00, 0x00, 0x7D, 0x00,
    0x00, 0x3F, 0x00, 0x18, 0x0F, 0xEA, 0xF4, 0x03, 0xFF, 0xD0, 0x00, 0x14, 0x00, 0x00, 0x19, 0x40,
    0x03, 0xFF, 0x80, 0x3C, 0x0F, 0x41, 0xE0, 0x7C, 0x0B, 0x80, 0x50, 0x2E, 0x00, 0x00, 0xF8, 0x00,
    0x1B, 0xFA, 0x80, 0xBF, 0xFF, 0x00, 0x3E, 0x00, 0x00, 0xF8, 0x00, 0x03, 0xE0, 0x00, 0x0F, 0x80,
    0x00, 0x3E, 0x00, 0x00, 0xF8, 0x00, 0x03, 0xE0, 0x00, 0x0F, 0x80, 0x00, 0x3E, 0x00, 0x05, 0xFD,
    0x40, 0x3F, 0xFF, 0x80, 0x00, 0x00, 0x01, 0x40, 0x00, 0x00, 0xBF, 0x01, 0xFF, 0x9E, 0xE0, 0xBD,
    0x6F, 0x80, 0x1F, 0x00, 0x7C, 0x02, 0xE0, 0x03, 0xD0, 0x3E, 0x00, 0x3D, 0x02, 0xF0, 0x03, 0xD0,
    0x1F, 0x40, 0xBC, 0x00, 0x7F, 0xBF, 0x00, 0x07, 0xAA, 0x40, 0x00, 0xE0, 0x00, 0x00, 0x2F, 0x00,
    0x00, 0x01, 0xFF, 0xFF, 0xE0, 0x0B, 0xFF, 0xFF, 0x81, 0xE0, 0x01, 0xFC, 0x3C, 0x00, 0x07, 0xC7,
    0xC0, 0x00, 0xB8, 0x3E, 0x00, 0x2F, 0x02, 0xFF, 0xFF, 0xD0, 0x01, 0xAA, 0x90, 0x00, 0x00, 0x00,
    0x00, 0x03, 0xFE, 0x00, 0x00, 0x06, 0xF8, 0x00, 0x00, 0x03, 0xE0, 0x00, 0x00, 0x0F, 0x80, 0x00,
    0x00, 0x3E, 0x00, 0x00, 0x00, 0xF8, 0x00, 0x00, 0x03, 0xE1, 0xFE, 0x00, 0x0F, 0xBF, 0xFF, 0x00,
    0x3F, 0x80, 0x3E, 0x00, 0xFC, 0x00, 0xBC, 0x03, 0xE0, 0x02, 0xF0, 0x0F, 0x80, 0x0B, 0xC0, 0x3E,
    0x00, 0x2F, 0x00, 0xF8, 0x00, 0xBC, 0x03, 0xE0, 0x02, 0xF0, 0x0F, 0x80, 0x0B, 0xC0, 0x3E, 0x00,
    0x2F, 0x01, 0xFD, 0x01, 0xFD, 0x2F, 0xFE, 0x1F, 0xFF, 0x0A, 0x00, 0xBE, 0x01, 0xF8, 0x01, 0x40,
    0x00, 0x00, 0x00, 0x06, 0xA4, 0x2F, 0xE0, 0x0F, 0x80, 0x3E, 0x00, 0xF8, 0x03, 0xE0, 0x0F, 0x80,
    0x3E, 0x00, 0xF8, 0x03, 0xE0, 0x0F, 0x81, 0x7F, 0x4F, 0xFF, 0x80, 0x03, 0x80, 0xFD, 0x0B, 0xD0,
    0x14, 0x00, 0x00, 0x00, 0x2A, 0x83, 0xFD, 0x03, 0xD0, 0x3D, 0x03, 0xD0, 0x3D, 0x03, 0xD0, 0x3D,
    0x03, 0xD0, 0x3D, 0x03, 0xD0, 0x3D, 0x03, 0xD0, 0x3C, 0x03, 0xC0, 0xB8, 0x0F, 0x03, 0xD0, 0x10,
    0x00, 0x00, 0x00, 0x00, 0x03, 0xFE, 0x00, 0x00, 0x05, 0xF8, 0x00, 0x00, 0x03, 0xE0, 0x00, 0x00,
    0x0B, 0x80, 0x00, 0x00, 0x2E, 0x00, 0x00, 0x00, 0xB8, 0x00, 0x00, 0x02, 0xE0, 0x2A, 0xA4, 0x0B,
    0x80, 0xBF, 0xC0, 0x2E, 0x00, 0xF0, 0x00, 0xB8, 0x1F, 0x00, 0x02, 0xE1, 0xE0, 0x00, 0x0B, 0x9E,
    0x00, 0x00, 0x2E, 0xFC, 0x00, 0x00, 0xB9, 0xFC, 0x00, 0x02, 0xE1, 0xF8, 0x00, 0x0B, 0x82, 0xF8,
    0x00, 0x3E, 0x02, 0xF4, 0x05, 0xFD, 0x03, 0xFA, 0x3F, 0xFC, 0x03, 0xFC, 0x00, 0x00, 0x00, 0x00,
    0x00, 0x03, 0xFE, 0x06, 0xF8, 0x03, 0xE0, 0x0F, 0x80, 0x3E, 0x00, 0xF8, 0x03, 0xE0, 0x0F, 0x80,
    0x3E, 0x00, 0xF8, 0x03, 0xE0, 0x0F, 0x80, 0x3E, 0x00, 0xF8, 0x03, 0xE0, 0x0F, 0x80, 0x3E, 0x05,
    0xFD, 0x3F, 0xFE, 0x00, 0x00, 0x00, 0x00, 0x00, 0x01, 0xAC, 0x1F, 0xE0, 0x1F, 0xE0, 0x0B, 0xF2,
    0xFF, 0xF3, 0xFF, 0xF0, 0x03, 0xF8, 0x07, 0xF8, 0x07, 0xD0, 0x0F, 0xC0, 0x0F, 0xC0, 0x0F, 0x40,
    0x3E, 0x00, 0x3E, 0x00, 0x3E, 0x00, 0xF8, 0x00, 0xF8, 0x00, 0xF8, 0x03, 0xE0, 0x03, 0xE0, 0x03,
    0xE0, 0x0F, 0x80, 0x0F, 0x80, 0x0F, 0x80, 0x3E, 0x00, 0x3E, 0x00, 0x3E, 0x00, 0xF8, 0x00, 0xF8,
    0x00, 0xF8, 0x03, 0xE0, 0x03, 0xE0, 0x03, 0xE0, 0x1F, 0xD0, 0x1F, 0xD0, 0x1F, 0xD2, 0xFF, 0xD1,
    0xFF, 0xD1, 0xFF, 0xD0, 0x00, 0x00, 0x00, 0x01, 0xAC, 0x1F, 0xE0, 0x0B, 0xF2, 0xFF, 0xF0, 0x03,
    0xF8, 0x03, 0xE0, 0x0F, 0xC0, 0x0B, 0xC0, 0x3E, 0x00, 0x2F, 0x00, 0xF8, 0x00, 0xBC, 0x03, 0xE0,
    0x02, 0xF0, 0x0F, 0x80, 0x0B, 0xC0, 0x3E, 0x00, 0x2F, 0x00, 0xF8, 0x00, 0xBC, 0x03, 0xE0, 0x02,
    0xF0, 0x1F, 0xD0, 0x1F, 0xD2, 0xFF, 0xE1, 0xFF, 0xF0, 0x00, 0x00, 0x00, 0x00, 0x6F, 0xE4, 0x00,
    0xBE, 0x6F, 0x80, 0xBC, 0x01, 0xF4, 0x3C, 0x00, 0x2F, 0x2F, 0x00, 0x07, 0xDB, 0x80, 0x00, 0xF7,
    0xE0, 0x00, 0x3E, 0xFC, 0x00, 0x0F, 0x6F, 0x00, 0x03, 0xD7, 0xD0, 0x01, 0xF0, 0xFC, 0x00, 0xF4,
    0x1F, 0xD1, 0xF8, 0x00, 0xFF, 0xF4, 0x00, 0x01, 0x40, 0x00, 0x00, 0x00, 0x00, 0x00, 0xAE, 0x0B,
    0xF8, 0x02, 0xFD, 0xFF, 0xFC, 0x01, 0xFD, 0x01, 0xF8, 0x03, 0xE0, 0x03, 0xF0, 0x0F, 0x00, 0x07,
    0xC0, 0x3C, 0x00, 0x1F, 0x00, 0xF0, 0x00, 0x7D, 0x03, 0xC0, 0x01, 0xF0, 0x0F, 0x00, 0x07, 0xC0,
    0x3C, 0x00, 0x3F, 0x00, 0xF0, 0x01, 0xF4, 0x03, 0xF9, 0x6F, 0x80, 0x0F, 0xFF, 0xF8, 0x00, 0x3C,
    0x14, 0x00, 0x00, 0xF0, 0x00, 0x00, 0x03, 0xC0, 0x00, 0x00, 0x1F, 0x00, 0x00, 0x03, 0xFF, 0xD0,
    0x00, 0x05, 0x55, 0x00, 0x00, 0x00, 0x00, 0x00, 0x00, 0x1B, 0xF8, 0xA0, 0x0B, 0xEB, 0xFE, 0x02,
    0xF0, 0x03, 0xE0, 0x3D, 0x00, 0x2E, 0x07, 0xC0, 0x02, 0xE0, 0xBC, 0x00, 0x2E, 0x0F, 0x80, 0x02,
    0xE0, 0xF8, 0x00, 0x2E, 0x0B, 0xC0, 0x02, 0xE0, 0x7C, 0x00, 0x3E, 0x03, 0xE0, 0x0B, 0xE0, 0x2F,
    0xEB, 0xFE, 0x00, 0x7F, 0xF2, 0xE0, 0x00, 0x50, 0x2E, 0x00, 0x00, 0x02, 0xE0, 0x00, 0x00, 0x2E,
    0x00, 0x00, 0x03, 0xF0, 0x00, 0x03, 0xFF, 0xD0, 0x00, 0x15, 0x55, 0x00, 0x00, 0x01, 0xAC, 0x2F,
    0x8B, 0xF3, 0xEF, 0x43, 0xF8, 0x7E, 0x0F, 0xC1, 0xF4, 0x3E, 0x01, 0x00, 0xF8, 0x00, 0x03, 0xE0,
    0x00, 0x0F, 0x80, 0x00, 0x3E, 0x00, 0x00, 0xF8, 0x00, 0x03, 0xE0, 0x00, 0x1F, 0xD4, 0x02, 0xFF,
    0xF4, 0x00, 0x00, 0x00, 0x00, 0xBF, 0xAC, 0x2E, 0x5F, 0xC7, 0xC0, 0x3C, 0x78, 0x01, 0xC7, 0xD0,
    0x00, 0x3F, 0xE4, 0x00, 0xFF, 0xF4, 0x00, 0xBF, 0xC0, 0x00, 0x3D, 0xB0, 0x02, 0xEB, 0x40, 0x2D,
    0xBE, 0x4B, 0xC7, 0xFF, 0xE0, 0x10, 0x50, 0x00, 0x01, 0xC0, 0x00, 0x1C, 0x00, 0x02, 0xC0, 0x00,
    0x3C, 0x00, 0x2F, 0xEA, 0x83, 0xFF, 0xFC, 0x03, 0xC0, 0x00, 0x3C, 0x00, 0x03, 0xC0, 0x00, 0x3C,
    0x00, 0x03, 0xC0, 0x00, 0x3C, 0x00, 0x03, 0xC0, 0x00, 0x3C, 0x00, 0x03, 0xD0, 0x00, 0x3F, 0xAF,
    0x00, 0xFF, 0x80, 0x01, 0x40, 0x2B, 0xC0, 0x2B, 0xC0, 0x3F, 0xC0, 0x2F, 0xC0, 0x07, 0xC0, 0x07,
    0xC0, 0x07, 0xC0, 0x07, 0xC0, 0x07, 0xC0, 0x07, 0xC0, 0x07, 0xC0, 0x07, 0xC0, 0x07, 0xC0, 0x07,
    0xC0, 0x07, 0xC0, 0x07, 0xC0, 0x07, 0xC0, 0x07, 0xC0, 0x07, 0xC0, 0x0B, 0xC0, 0x03, 0xD0, 0x0F,
    0xC0, 0x03, 0xF9, 0xB7, 0xE4, 0x00, 0xFF, 0xD3, 0xFC, 0x00, 0x04, 0x00, 0x00, 0x6A, 0xA4, 0x2A,
    0xA5, 0xFF, 0x90, 0xBF, 0x90, 0xF8, 0x00, 0x38, 0x02, 0xF0, 0x01, 0xC0, 0x03, 0xD0, 0x0F, 0x00,
    0x0F, 0xC0, 0x34, 0x00, 0x1F, 0x02, 0xC0, 0x00, 0x3D, 0x0E, 0x00, 0x00, 0xBC, 0x74, 0x00, 0x00,
    0xF2, 0xC0, 0x00, 0x03, 0xEE, 0x00, 0x00, 0x07, 0xF0, 0x00, 0x00, 0x0F, 0x80, 0x00, 0x6A, 0xA0,
    0x0A, 0x40, 0xAA, 0x8B, 0xFE, 0x01, 0xFC, 0x0B, 0xF8, 0x0F, 0x80, 0x3F, 0xC0, 0x1D, 0x00, 0xBC,
    0x03, 0xBD, 0x02, 0xC0, 0x07, 0xC0, 0x76, 0xE0, 0x3C, 0x00, 0x3D, 0x0B, 0x1F, 0x03, 0x80, 0x03,
    0xE0, 0xE0, 0xF0, 0x70, 0x00, 0x1F, 0x0D, 0x0F, 0x4B, 0x00, 0x00, 0xF1, 0xC0, 0xB8, 0xE0, 0x00,
    0x0F, 0x6C, 0x07, 0xCD, 0x00, 0x00, 0xBB, 0x80, 0x3E, 0xC0, 0x00, 0x03, 0xF4, 0x03, 0xF8, 0x00,
    0x00, 0x3F, 0x00, 0x2F, 0x40, 0x00, 0x6A, 0xA4, 0x6A, 0x92, 0xFF, 0x81, 0xFF, 0x40, 0xBC, 0x02,
    0xD0, 0x00, 0xFC, 0x0E, 0x00, 0x00, 0xF8, 0xE0, 0x00, 0x01, 0xFF, 0x00, 0x00, 0x02, 0xF4, 0x00,
    0x00, 0x0F, 0xF0, 0x00, 0x00, 0xB3, 0xF0, 0x00, 0x07, 0x43, 0xE0, 0x00, 0x78, 0x07, 0xE0, 0x0B,
    0xE0, 0x1F, 0xE4, 0xFF, 0xF2, 0xFF, 0xF0, 0x6A, 0xA4, 0x2A, 0xA1, 0xFF, 0x90, 0xBF, 0x80, 0xFC,
    0x00, 0x78, 0x01, 0xF0, 0x02, 0xC0, 0x03, 0xE0, 0x0E, 0x00, 0x0B, 0xC0, 0x70, 0x00, 0x0F, 0x43,
    0xC0, 0x00, 0x3E, 0x0D, 0x00, 0x00, 0x7C, 0xB0, 0x00, 0x00, 0xFB, 0x40, 0x00, 0x02, 0xFC, 0x00,
    0x00, 0x03, 0xE0, 0x00, 0x00, 0x0B, 0x00, 0x00, 0x00, 0x3C, 0x00, 0x00, 0x01, 0xD0, 0x00, 0x0F,
    0x0F, 0x00, 0x00, 0xBC, 0x74, 0x00, 0x02, 0xFF, 0x80, 0x00, 0x01, 0xA4, 0x00, 0x00, 0x00, 0x1A,
    0xAA, 0xA8, 0x3F, 0xEA, 0xFC, 0x3C, 0x00, 0xF4, 0x38, 0x03, 0xE0, 0x10, 0x0B, 0xC0, 0x00, 0x1F,
    0x00, 0x00, 0x3D, 0x00, 0x00, 0xF8, 0x00, 0x02, 0xF0, 0x08, 0x07, 0xC0, 0x1D, 0x0F, 0x40, 0x2D,
    0x3F, 0x55, 0xFC, 0x3F, 0xFF, 0xFC, 0x00, 0x64, 0x03, 0xFC, 0x0B, 0x80, 0x0B, 0x80, 0x0B, 0x80,
    0x0B, 0x80, 0x0B, 0x80, 0x07, 0xC0, 0x07, 0xC0, 0x07, 0xC0, 0x07, 0xC0, 0x07, 0x80, 0x6F, 0x00,
    0xBC, 0x00, 0x0F, 0x40, 0x07, 0xC0, 0x07, 0xC0, 0x07, 0xC0, 0x07, 0xC0, 0x07, 0xC0, 0x0B, 0x80,
    0x0B, 0x80, 0x0B, 0x80, 0x0B, 0x80, 0x0B, 0x80, 0x03, 0xF8, 0x00, 0xA8, 0x01, 0xC7, 0x1C, 0x71,
    0xC7, 0x1C, 0x71, 0xC7, 0x1C, 0x71, 0xC7, 0x1C, 0x71, 0xC7, 0x1C, 0x71, 0xC7, 0x1C, 0x19, 0x00,
    0x2F, 0xD0, 0x01, 0xF0, 0x01, 0xF0, 0x01, 0xF0, 0x01, 0xF0, 0x01, 0xF0, 0x02, 0xE0, 0x02, 0xE0,
    0x02, 0xE0, 0x02, 0xE0, 0x01, 0xF0, 0x00, 0xB9, 0x00, 0x2F, 0x00, 0xF4, 0x02, 0xE0, 0x02, 0xE0,
    0x02, 0xE0, 0x02, 0xE0, 0x02, 0xF0, 0x01, 0xF0, 0x01, 0xF0, 0x01, 0xF0, 0x01, 0xF0, 0x01, 0xF0,
    0x2B, 0xD0, 0x2A, 0x00, 0x0A, 0x90, 0x05, 0x3F, 0xFF, 0xFE, 0x34, 0x16, 0xF8, 0x00, 0x00, 0x00,
    0x10, 0xBD, 0xFE, 0x7C, 0x00, 0x00, 0x38, 0x38, 0x38, 0x38, 0x38, 0x3C, 0x3C, 0x7C, 0xBC, 0xBD,
    0xFD, 0xFD, 0x78, 0x00, 0x00, 0x00, 0x00, 0x28, 0x00, 0x05, 0xE0, 0x00, 0xFF, 0xF8, 0x0F, 0x4C,
    0xF4, 0xF8, 0x73, 0xD3, 0xC2, 0x8A, 0x1F, 0x0D, 0x00, 0x7C, 0x34, 0x00, 0xF0, 0xC0, 0x03, 0xE7,
    0x00, 0x0B, 0xF8, 0x08, 0x0F, 0xFF, 0xF0, 0x0B, 0xFE, 0x00, 0x0C, 0x00, 0x00, 0x60, 0x00, 0x00,
    0x2F, 0xA0, 0x00, 0xBE, 0xAF, 0x00, 0x7C, 0x02, 0xF0, 0x3E, 0x00, 0xFC, 0x0F, 0x40, 0x3E, 0x03,
    0xD0, 0x00, 0x00, 0xF8, 0x00, 0x00, 0x3F, 0x00, 0x00, 0x0B, 0xD0, 0x00, 0x0F, 0xFF, 0xFE, 0x00,
    0x2F, 0x40, 0x00, 0x03, 0xD0, 0x00, 0x00, 0xF4, 0x00, 0x00, 0x3C, 0x00, 0x50, 0x0F, 0x00, 0x38,
    0x0F, 0x00, 0x2D, 0x1F, 0xFF, 0xFF, 0x4F, 0xFF, 0xFF, 0xC0, 0x00, 0x00, 0x00, 0x70, 0x14, 0x2C,
    0x3F, 0xFF, 0xF4, 0x0F, 0x42, 0xE0, 0x1E, 0x00, 0xF0, 0x2D, 0x00, 0xF0, 0x2D, 0x00, 0xF0, 0x1D,
    0x00, 0xF0, 0x0F, 0x01, 0xE0, 0x2F, 0xFF, 0xF0, 0x78, 0x64, 0x3C, 0x10, 0x00, 0x04, 0x7F, 0xF4,
    0x1F, 0xF8, 0xBF, 0x40, 0x2F, 0x80, 0x7C, 0x00, 0x34, 0x00, 0xFC, 0x03, 0x80, 0x00, 0xF4, 0x2C,
    0x00, 0x06, 0xF1, 0xE4, 0x00, 0xBF, 0xFF, 0xF8, 0x00, 0x03, 0xF0, 0x00, 0x01, 0x5F, 0xD5, 0x00,
    0x2F, 0xFF, 0xFE, 0x00, 0x00, 0xBC, 0x00, 0x00, 0x02, 0xF0, 0x00, 0x00, 0x1F, 0xD4, 0x00, 0x03,
    0xFF, 0xF0, 0x00, 0x01, 0xC7, 0x1C, 0x71, 0xC7, 0x1C, 0x71, 0xC0, 0x00, 0x00, 0x07, 0x1C, 0x71,
    0xC7, 0x1C, 0x71, 0xC7, 0x1C, 0x00, 0x2F, 0x90, 0x00, 0x3E, 0xBD, 0x00, 0x3C, 0x0F, 0x80, 0x0F,
    0x03, 0xD0, 0x03, 0xC0, 0x00, 0x00, 0xF8, 0x00, 0x01, 0xFF, 0xC0, 0x00, 0xF2, 0xFE, 0x00, 0x78,
    0x1F, 0xF0, 0x1F, 0x00, 0xBF, 0x43, 0xE0, 0x07, 0xF0, 0xBE, 0x00, 0x3E, 0x0B, 0xF0, 0x07, 0xC0,
    0xBF, 0x81, 0xE0, 0x03, 0xFC, 0xB4, 0x00, 0x2F, 0xF8, 0x00, 0x01, 0xF8, 0x00, 0x00, 0x2E, 0x00,
    0x7C, 0x07, 0x80, 0x2F, 0x02, 0xD0, 0x07, 0xEB, 0xE0, 0x00, 0x6F, 0x90, 0x00, 0x24, 0x09, 0x2F,
    0x0F, 0xCB, 0xC3, 0xF0, 0x50, 0x14, 0x00, 0x00, 0x00, 0x00, 0x00, 0x02, 0xFF, 0xF8, 0x00, 0x01,
    0xF9, 0x06, 0xF4, 0x00, 0x78, 0x00, 0x02, 0xD0, 0x0E, 0x02, 0xFB, 0x4B, 0x02, 0xC1, 0xF5, 0xB4,
    0x38, 0x38, 0x3C, 0x02, 0x82, 0xC7, 0x07, 0x80, 0x04, 0x1D, 0x70, 0xB4, 0x00, 0x00, 0xD7, 0x0B,
    0x40, 0x00, 0x0D, 0x70, 0x78, 0x00, 0x01, 0xC3, 0x43, 0xC0, 0x00, 0x2C, 0x3C, 0x2E, 0x02, 0x83,
    0x81, 0xD0, 0xBF, 0xE0, 0xB0, 0x0B, 0x40, 0x50, 0x2D, 0x00, 0x2F, 0x40, 0x1F, 0x40, 0x00, 0x7F,
    0xFF, 0x80, 0x00, 0x00, 0x05, 0x00, 0x00, 0x01, 0x90, 0x00, 0x7A, 0xF8, 0x03, 0xC0, 0xF0, 0x0A,
    0x02, 0xD0, 0x00, 0x5F, 0x40, 0x2F, 0xBD, 0x03, 0xD0, 0xB4, 0x0F, 0x03, 0xD0, 0x3E, 0x7F, 0xD0,
    0x2F, 0x8F, 0x80, 0x00, 0x50, 0x20, 0x07, 0x03, 0x80, 0x78, 0x3C, 0x07, 0xC3, 0xC0, 0x7C, 0x3E,
    0x02, 0xF1, 0xF0, 0x03, 0xD2, 0xF0, 0x03, 0xC2, 0xD0, 0x03, 0x82, 0xC0, 0x03, 0x42, 0x80, 0x00,
    0x01, 0x00, 0x00, 0x00, 0x00, 0x3F, 0xFF, 0xFE, 0x15, 0x55, 0x5E, 0x00, 0x00, 0x0E, 0x00, 0x00,
    0x0E, 0x00, 0x00, 0x0E, 0x00, 0x00, 0x00, 0x00, 0x03, 0xFF, 0xFF, 0xFF, 0x80, 0x00, 0x00, 0x00,
    0x7F, 0xD0, 0x1D, 0x5F, 0x83, 0xDB, 0x3D, 0x7D, 0xB3, 0xE7, 0xD4, 0xFE, 0x7D, 0xA7, 0xE3, 0xDB,
    0x2C, 0x1E, 0xBE, 0x40, 0x6F, 0x90, 0x2A, 0xAA, 0x7F, 0xFF, 0x00, 0x00, 0x05, 0x40, 0xFF, 0x8B,
    0x0B, 0x38, 0x1C, 0xB0, 0xB0, 0xFF, 0x40, 0x10, 0x00, 0x00, 0x00, 0x00, 0x00, 0x2C, 0x00, 0x00,
    0x2C, 0x00, 0x00, 0x2C, 0x00, 0x00, 0x2C, 0x00, 0x3F, 0xFF, 0xFE, 0x15, 0x7D, 0x54, 0x00, 0x2C,
    0x00, 0x00, 0x2C, 0x00, 0x00, 0x2C, 0x00, 0x00, 0x14, 0x00, 0x00, 0x00, 0x00, 0x2A, 0xAA, 0xA9,
    0x3F, 0xFF, 0xFE, 0x0B, 0xF8, 0x03, 0xD6, 0xF4, 0x7C, 0x0B, 0x82, 0x80, 0x78, 0x00, 0x0B, 0x40,
    0x00, 0xF0, 0x00, 0x3C, 0x00, 0x0F, 0x00, 0x03, 0xC0, 0xC0, 0xE0, 0x3C, 0x3F, 0xFF, 0xC2, 0xAA,
    0xA4, 0x07, 0xF8, 0x02, 0xE5, 0xF4, 0x3D, 0x07, 0x81, 0x80, 0x78, 0x00, 0x0F, 0x00, 0x0F, 0xC0,
    0x00, 0x6F, 0x40, 0x00, 0x7C, 0x00, 0x03, 0xC2, 0x00, 0x7C, 0x3E, 0xAF, 0x40, 0x7F, 0x90, 0x00,
    0x00, 0x3C, 0x0F, 0xC2, 0xE0, 0x74, 0x00, 0x00, 0x3D, 0x00, 0x3D, 0x03, 0xD0, 0x03, 0xD0, 0x3D,
    0x00, 0x3C, 0x03, 0xD0, 0x03, 0xC0, 0x3D, 0x00, 0x3C, 0x03, 0xC0, 0x03, 0xC0, 0x3C, 0x00, 0x3C,
    0x03, 0xC0, 0x03, 0xC0, 0x3C, 0x00, 0x3C, 0x03, 0xC0, 0x07, 0xC0, 0x3C, 0x00, 0xFC, 0x03, 0xF9,
    0xBA, 0xF5, 0x3F, 0xFE, 0x0F, 0xE3, 0xC1, 0x00, 0x10, 0x3D, 0x00, 0x00, 0x03, 0xD0, 0x00, 0x00,
    0x3E, 0x00, 0x00, 0x02, 0xE0, 0x00, 0x00, 0x19, 0x00, 0x00, 0x00, 0x00, 0x54, 0x6A, 0x01, 0xFE,
    0x3F, 0xC0, 0xFF, 0x8F, 0x40, 0xFF, 0xE3, 0xD0, 0x3F, 0xF8, 0xF4, 0x0F, 0xFE, 0x3D, 0x03, 0xFF,
    0x8F, 0x40, 0xFF, 0xE3, 0xD0, 0x3F, 0xF8, 0xF4, 0x0B, 0xFE, 0x3D, 0x00, 0xFF, 0x8F, 0x40, 0x07,
    0xE3, 0xD0, 0x00, 0x00, 0xF4, 0x00, 0x00, 0x3D, 0x00, 0x00, 0x0F, 0x40, 0x00, 0x03, 0xD0, 0x00,
    0x00, 0xF4, 0x00, 0x00, 0x3D, 0x00, 0x00, 0x0F, 0x40, 0x00, 0x03, 0xD0, 0x00, 0x1B, 0xF4, 0x00,
    0x06, 0xA8, 0x00, 0x28, 0xBE, 0xFF, 0x7D, 0x00, 0x00, 0x00, 0x90, 0x0E, 0x40, 0x6E, 0x00, 0xE7,
    0xBD, 0x1A, 0x40, 0x1A, 0xC0, 0x2F, 0xD0, 0x03, 0xD0, 0x03, 0xD0, 0x03, 0xD0, 0x03, 0xD0, 0x03,
    0xD0, 0x03, 0xD0, 0x03, 0xD0, 0x03, 0xD0, 0x1B, 0xF8, 0x2A, 0xA9, 0x00, 0x64, 0x00, 0xBE, 0xF4,
    0x1D, 0x03, 0xD3, 0xC0, 0x2E, 0x3C, 0x01, 0xF3, 0xC0, 0x0F, 0x3C, 0x01, 0xE2, 0xD0, 0x2D, 0x0F,
    0x5B, 0x80, 0x2F, 0xD0, 0x80, 0x50, 0x0B, 0x03, 0x40, 0x3C, 0x1D, 0x00, 0xF0, 0xF4, 0x0B, 0xC3,
    0xD0, 0x3D, 0x2E, 0x0B, 0x87, 0xC1, 0xF0, 0xF0, 0x3C, 0x2D, 0x0B, 0x07, 0x40, 0x40, 0x10, 0x00,
    0x1A, 0xC0, 0x00, 0x02, 0xC0, 0x00, 0xBF, 0x40, 0x00, 0x0D, 0x00, 0x00, 0x3D, 0x00, 0x00, 0xB0,
    0x00, 0x00, 0xF4, 0x00, 0x07, 0x40, 0x00, 0x03, 0xD0, 0x00, 0x3C, 0x00, 0x00, 0x0F, 0x40, 0x01,
    0xC0, 0x00, 0x00, 0x3D, 0x00, 0x0E, 0x00, 0x68, 0x00, 0xF4, 0x00, 0xB0, 0x03, 0xF0, 0x03, 0xD0,
    0x03, 0x40, 0x2F, 0xC0, 0x0F, 0x40, 0x3C, 0x01, 0xCF, 0x01, 0xBF, 0x81, 0xD0, 0x0D, 0x3C, 0x0A,
    0xAA, 0x4F, 0x00, 0xE0, 0xF0, 0x00, 0x00, 0x70, 0x07, 0x03, 0xC0, 0x00, 0x03, 0x80, 0x34, 0x0F,
    0x00, 0x00, 0x2C, 0x02, 0xEA, 0xBE, 0x80, 0x00, 0xD0, 0x06, 0xAA, 0xFA, 0x00, 0x0F, 0x00, 0x00,
    0x03, 0xC0, 0x00, 0x74, 0x00, 0x00, 0x0F, 0x00, 0x01, 0x40, 0x00, 0x00, 0x00, 0x00, 0x1A, 0xC0,
    0x00, 0x02, 0xC0, 0x00, 0xBF, 0x40, 0x00, 0x0D, 0x00, 0x00, 0x3D, 0x00, 0x00, 0xF0, 0x00, 0x00,
    0xF4, 0x00, 0x07, 0x40, 0x00, 0x03, 0xD0, 0x00, 0x3C, 0x00, 0x00, 0x0F, 0x40, 0x01, 0xC0, 0x00,
    0x00, 0x3D, 0x00, 0x0E, 0x0B, 0xF8, 0x00, 0xF4, 0x00, 0xB0, 0xF5, 0xBC, 0x03, 0xD0, 0x03, 0x47,
    0xC0, 0xB8, 0x0F, 0x40, 0x3C, 0x0A, 0x02, 0xE1, 0xBF, 0x81, 0xD0, 0x00, 0x0F, 0x4A, 0xAA, 0x4F,
    0x00, 0x00, 0x7C, 0x00, 0x00, 0x70, 0x00, 0x03, 0xC0, 0x00, 0x03, 0x80, 0x00, 0x3C, 0x00, 0x00,
    0x2C, 0x00, 0x03, 0x81, 0x80, 0x00, 0xD0, 0x00, 0x38, 0x0F, 0x00, 0x0F, 0x00, 0x03, 0xFF, 0xF8,
    0x00, 0x74, 0x00, 0x0A, 0xAA, 0x90, 0x01, 0x40, 0x00, 0x00, 0x00, 0x00, 0x07, 0xF8, 0x00, 0x00,
    0x70, 0x00, 0x2E, 0x5F, 0x40, 0x00, 0xE0, 0x00, 0x3D, 0x07, 0x80, 0x02, 0xC0, 0x00, 0x18, 0x07,
    0x80, 0x07, 0x40, 0x00, 0x00, 0x0F, 0x00, 0x0F, 0x00, 0x00, 0x00, 0xFC, 0x00, 0x1D, 0x00, 0x00,
    0x00, 0x6F, 0x40, 0x38, 0x01, 0xA0, 0x00, 0x07, 0xC0, 0xB0, 0x03, 0xF0, 0x00, 0x03, 0xC0, 0xE0,
    0x0F, 0xF0, 0x20, 0x07, 0xC2, 0xC0, 0x1D, 0xF0, 0x3E, 0xAF, 0x47, 0x40, 0x34, 0xF0, 0x07, 0xF9,
    0x0F, 0x00, 0xE0, 0xF0, 0x00, 0x00, 0x1D, 0x02, 0xC0, 0xF0, 0x00, 0x00, 0x38, 0x03, 0x40, 0xF0,
    0x00, 0x00, 0xB0, 0x0B, 0xAA, 0xFA, 0x00, 0x00, 0xE0, 0x06, 0xAA, 0xFA, 0x00, 0x02, 0xC0, 0x00,
    0x00, 0xF0, 0x00, 0x07, 0x40, 0x00, 0x00, 0xF0, 0x00, 0x01, 0x00, 0x00, 0x00, 0x00, 0x00, 0x10,
    0x00, 0x02, 0xF4, 0x00, 0x0F, 0xE0, 0x00, 0x1F, 0x00, 0x00, 0x00, 0x00, 0x00, 0x00, 0x00, 0x03,
    0x80, 0x00, 0x0E, 0x00, 0x00, 0x38, 0x00, 0x03, 0xD0, 0x00, 0x3F, 0x00, 0x03, 0xF4, 0x00, 0x2F,
    0x40, 0x00, 0xF8, 0x00, 0x07, 0xC0, 0x1F, 0x1F, 0x00, 0x7D, 0x3E, 0x00, 0xF0, 0x7F, 0xAF, 0x00,
    0x2F, 0x90, 0x00, 0x00, 0x00, 0x00, 0x00, 0x00, 0x00, 0x74, 0x00, 0x00, 0x00, 0x0B, 0xD0, 0x00,
    0x00, 0x00, 0x2F, 0x80, 0x00, 0x00, 0x00, 0x1D, 0x00, 0x00, 0x00, 0x00, 0x00, 0x00, 0x00, 0x00,
    0xA4, 0x00, 0x00, 0x00, 0x1F, 0xC0, 0x00, 0x00, 0x02, 0xFD, 0x00, 0x00, 0x00, 0x3B, 0xE0, 0x00,
    0x00, 0x07, 0x1F, 0x00, 0x00, 0x00, 0xF0, 0xF4, 0x00, 0x00, 0x0D, 0x0F, 0xC0, 0x00, 0x02, 0xC0,
    0x7C, 0x00, 0x00, 0x3C, 0x03, 0xD0, 0x00, 0x03, 0x40, 0x2F, 0x00, 0x00, 0xB4, 0x02, 0xF0, 0x00,
    0x0F, 0xFF, 0xFF, 0x80, 0x01, 0xD0, 0x00, 0xFC, 0x00, 0x2C, 0x00, 0x07, 0xC0, 0x03, 0x80, 0x00,
    0x3E, 0x00, 0x74, 0x00, 0x02, 0xF0, 0x1F, 0x90, 0x00, 0x7F, 0x9B, 0xFF, 0x40, 0x2F, 0xFF, 0x00,
    0x00, 0x00, 0x00, 0x00, 0x00, 0x00, 0xB0, 0x00, 0x00, 0x00, 0x3F, 0x00, 0x00, 0x00, 0x0F, 0xD0,
    0x00, 0x00, 0x03, 0x90, 0x00, 0x00, 0x00, 0x00, 0x00, 0x00, 0x00, 0x00, 0xA4, 0x00, 0x00, 0x00,
    0x1F, 0xC0, 0x00, 0x00, 0x02, 0xFD, 0x00, 0x00, 0x00, 0x3B, 0xE0, 0x00, 0x00, 0x07, 0x1F, 0x00,
    0x00, 0x00, 0xF0, 0xF4, 0x00, 0x00, 0x0D, 0x0F, 0xC0, 0x00, 0x02, 0xC0, 0x7C, 0x00, 0x00, 0x3C,
    0x03, 0xD0, 0x00, 0x03, 0x40, 0x2F, 0x00, 0x00, 0xB4, 0x02, 0xF0, 0x00, 0x0F, 0xFF, 0xFF, 0x80,
    0x01, 0xD0, 0x00, 0xFC, 0x00, 0x2C, 0x00, 0x07, 0xC0, 0x03, 0x80, 0x00, 0x3E, 0x00, 0x74, 0x00,
    0x02, 0xF0, 0x1F, 0x90, 0x00, 0x7F, 0x9B, 0xFF, 0x40, 0x2F, 0xFF, 0x00, 0x00, 0x00, 0x00, 0x00,
    0x00, 0x0F, 0x80, 0x00, 0x00, 0x03, 0xFD, 0x00, 0x00, 0x00, 0xB9, 0xF4, 0x00, 0x00, 0x2D, 0x01,
    0xC0, 0x00, 0x00, 0x00, 0x00, 0x00, 0x00, 0x00, 0xA4, 0x00, 0x00, 0x00, 0x1F, 0xC0, 0x00, 0x00,
    0x02, 0xFD, 0x00, 0x00, 0x00, 0x3B, 0xE0, 0x00, 0x00, 0x07, 0x1F, 0x00, 0x00, 0x00, 0xF0, 0xF4,
    0x00, 0x00, 0x0D, 0x0F, 0xC0, 0x00, 0x02, 0xC0, 0x7C, 0x00, 0x00, 0x3C, 0x03, 0xD0, 0x00, 0x03,
    0x40, 0x2F, 0x00, 0x00, 0xB4, 0x02, 0xF0, 0x00, 0x0F, 0xFF, 0xFF, 0x80, 0x01, 0xD0, 0x00, 0xFC,
    0x00, 0x2C, 0x00, 0x07, 0xC0, 0x03, 0x80, 0x00, 0x3E, 0x00, 0x74, 0x00, 0x02, 0xF0, 0x1F, 0x90,
    0x00, 0x7F, 0x9B, 0xFF, 0x40, 0x2F, 0xFF, 0x00, 0x02, 0x40, 0x00, 0x00, 0x00, 0xFF, 0x9D, 0x00,
    0x00, 0x29, 0xFF, 0xC0, 0x00, 0x00, 0x00, 0x60, 0x00, 0x00, 0x00, 0x00, 0x00, 0x00, 0x00, 0x0A,
    0x40, 0x00, 0x00, 0x01, 0xFC, 0x00, 0x00, 0x00, 0x2F, 0xD0, 0x00, 0x00, 0x03, 0xBE, 0x00, 0x00,
    0x00, 0x71, 0xF0, 0x00, 0x00, 0x0F, 0x0F, 0x40, 0x00, 0x00, 0xD0, 0xFC, 0x00, 0x00, 0x2C, 0x07,
    0xC0, 0x00, 0x03, 0xC0, 0x3D, 0x00, 0x00, 0x34, 0x02, 0xF0, 0x00, 0x0B, 0x40, 0x2F, 0x00, 0x00,
    0xFF, 0xFF, 0xF8, 0x00, 0x1D, 0x00, 0x0F, 0xC0, 0x02, 0xC0, 0x00, 0x7C, 0x00, 0x38, 0x00, 0x03,
    0xE0, 0x07, 0x40, 0x00, 0x2F, 0x01, 0xF9, 0x00, 0x07, 0xF9, 0xBF, 0xF4, 0x02, 0xFF, 0xF0, 0x00,
    0x05, 0x01, 0x40, 0x00, 0x02, 0xF0, 0xBD, 0x00, 0x00, 0x3F, 0x4B, 0xD0, 0x00, 0x00, 0xA0, 0x28,
    0x00, 0x00, 0x00, 0x00, 0x00, 0x00, 0x00, 0x0A, 0x40, 0x00, 0x00, 0x01, 0xFC, 0x00, 0x00, 0x00,
    0x2F, 0xD0, 0x00, 0x00, 0x03, 0xBE, 0x00, 0x00, 0x00, 0x71, 0xF0, 0x00, 0x00, 0x0F, 0x0F, 0x40,
    0x00, 0x00, 0xD0, 0xFC, 0x00, 0x00, 0x2C, 0x07, 0xC0, 0x00, 0x03, 0xC0, 0x3D, 0x00, 0x00, 0x34,
    0x02, 0xF0, 0x00, 0x0B, 0x40, 0x2F, 0x00, 0x00, 0xFF, 0xFF, 0xF8, 0x00, 0x1D, 0x00, 0x0F, 0xC0,
    0x02, 0xC0, 0x00, 0x7C, 0x00, 0x38, 0x00, 0x03, 0xE0, 0x07, 0x40, 0x00, 0x2F, 0x01, 0xF9, 0x00,
    0x07, 0xF9, 0xBF, 0xF4, 0x02, 0xFF, 0xF0, 0x00, 0x00, 0xA8, 0x00, 0x00, 0x00, 0x39, 0xE0, 0x00,
    0x00, 0x07, 0x07, 0x00, 0x00, 0x00, 0x70, 0xB0, 0x00, 0x00, 0x03, 0xFD, 0x00, 0x00, 0x00, 0x05,
    0x00, 0x00, 0x00, 0x00, 0xA4, 0x00, 0x00, 0x00, 0x1F, 0xC0, 0x00, 0x00, 0x02, 0xFD, 0x00, 0x00,
    0x00, 0x3B, 0xE0, 0x00, 0x00, 0x07, 0x1F, 0x00, 0x00, 0x00, 0xF0, 0xF4, 0x00, 0x00, 0x0D, 0x0F,
    0xC0, 0x00, 0x02, 0xC0, 0x7C, 0x00, 0x00, 0x3C, 0x03, 0xD0, 0x00, 0x03, 0x40, 0x2F, 0x00, 0x00,
    0xB4, 0x02, 0xF0, 0x00, 0x0F, 0xFF, 0xFF, 0x80, 0x01, 0xD0, 0x00, 0xFC, 0x00, 0x2C, 0x00, 0x07,
    0xC0, 0x03, 0x80, 0x00, 0x3E, 0x00, 0x74, 0x00, 0x02, 0xF0, 0x1F, 0x90, 0x00, 0x7F, 0x9B, 0xFF,
    0x40, 0x2F, 0xFF, 0x00, 0x00, 0xAA, 0xAA, 0xAA, 0xA0, 0x00, 0x00, 0xFF, 0xFF, 0xFF, 0xF4, 0x00,
    0x00, 0x3C, 0x3D, 0x00, 0xB8, 0x00, 0x00, 0x74, 0x3D, 0x00, 0x3C, 0x00, 0x00, 0xF0, 0x3D, 0x00,
    0x18, 0x00, 0x01, 0xD0, 0x3D, 0x00, 0x00, 0x00, 0x03, 0xC0, 0x3D, 0x00, 0x40, 0x00, 0x07, 0x40,
    0x3D, 0x01, 0xC0, 0x00, 0x0F, 0x55, 0x7D, 0x57, 0xC0, 0x00, 0x1F, 0xFF, 0xFF, 0xFF, 0xC0, 0x00,
    0x3C, 0x00, 0x7D, 0x03, 0xC0, 0x00, 0x74, 0x00, 0x3D, 0x01, 0xC0, 0x00, 0xF0, 0x00, 0x3D, 0x00,
    0x00, 0x01, 0xE0, 0x00, 0x3D, 0x00, 0x09, 0x03, 0xC0, 0x00, 0x3D, 0x00, 0x0D, 0x07, 0x80, 0x00,
    0x7D, 0x00, 0x2D, 0x1F, 0xD0, 0x01, 0xBE, 0x55, 0xBC, 0xBF, 0xF8, 0x07, 0xFF, 0xFF, 0xFC, 0x00,
    0x1B, 0xF8, 0x30, 0x00, 0xFF, 0xBF, 0xB4, 0x03, 0xE0, 0x02, 0xF4, 0x0F, 0x80, 0x00, 0xB8, 0x2F,
    0x00, 0x00, 0x3C, 0x3E, 0x00, 0x00, 0x2C, 0x3D, 0x00, 0x00, 0x00, 0x7D, 0x00, 0x00, 0x00, 0xBC,
    0x00, 0x00, 0x00, 0xBC, 0x00, 0x00, 0x00, 0x7D, 0x00, 0x00, 0x00, 0x7D, 0x00, 0x00, 0x00, 0x3E,
    0x00, 0x00, 0x00, 0x2F, 0x00, 0x00, 0x00, 0x0F, 0xC0, 0x00, 0x1C, 0x0B, 0xE0, 0x00, 0x78, 0x02,
    0xFE, 0x5B, 0xE0, 0x00, 0x2F, 0xFF, 0x40, 0x00, 0x02, 0xD0, 0x00, 0x00, 0x03, 0x90, 0x00, 0x00,
    0x01, 0x7C, 0x00, 0x00, 0x00, 0x3C, 0x00, 0x00, 0x0E, 0xF8, 0x00, 0x00, 0x06, 0x90, 0x00, 0x00,
    0x00, 0x00, 0x00, 0x0B, 0x00, 0x00, 0x00, 0xBD, 0x00, 0x00, 0x02, 0xF4, 0x00, 0x00, 0x02, 0xD0,
    0x00, 0x00, 0x00, 0x00, 0x2A, 0xAA, 0xAA, 0x07, 0xFF, 0xFF, 0xF4, 0x07, 0xD0, 0x0B, 0x80, 0x3D,
    0x00, 0x3C, 0x03, 0xD0, 0x01, 0x80, 0x3D, 0x00, 0x00, 0x03, 0xD0, 0x08, 0x00, 0x3D, 0x02, 0xC0,
    0x03, 0xFA, 0xFC, 0x00, 0x3F, 0xFF, 0xC0, 0x03, 0xD0, 0x2C, 0x00, 0x3D, 0x01, 0xC0, 0x03, 0xD0,
    0x00, 0x00, 0x3D, 0x00, 0x09, 0x03, 0xD0, 0x00, 0xD0, 0x7D, 0x00, 0x2D, 0x1B, 0xE5, 0x5B, 0xC7,
    0xFF, 0xFF, 0xFC, 0x00, 0x00, 0x00, 0x00, 0x00, 0x0F, 0x00, 0x00, 0x03, 0xF0, 0x00, 0x00, 0xFC,
    0x00, 0x00, 0x38, 0x00, 0x00, 0x00, 0x00, 0x00, 0x2A, 0xAA, 0xAA, 0x07, 0xFF, 0xFF, 0xF4, 0x07,
    0xD0, 0x0B, 0x80, 0x3D, 0x00, 0x3C, 0x03, 0xD0, 0x01, 0x80, 0x3D, 0x00, 0x00, 0x03, 0xD0, 0x08,
    0x00, 0x3D, 0x02, 0xC0, 0x03, 0xFA, 0xFC, 0x00, 0x3F, 0xFF, 0xC0, 0x03, 0xD0, 0x2C, 0x00, 0x3D,
    0x01, 0xC0, 0x03, 0xD0, 0x00, 0x00, 0x3D, 0x00, 0x09, 0x03, 0xD0, 0x00, 0xD0, 0x7D, 0x00, 0x2D,
    0x1B, 0xE5, 0x5B, 0xC7, 0xFF, 0xFF, 0xFC, 0x00, 0x00, 0x00, 0x00, 0x00, 0xF4, 0x00, 0x00, 0x3F,
    0xD0, 0x00, 0x0F, 0x9F, 0x00, 0x02, 0x80, 0x2C, 0x00, 0x00, 0x00, 0x00, 0x2A, 0xAA, 0xAA, 0x07,
    0xFF, 0xFF, 0xF4, 0x07, 0xD0, 0x0B, 0x80, 0x3D, 0x00, 0x3C, 0x03, 0xD0, 0x01, 0x80, 0x3D, 0x00,
    0x00, 0x03, 0xD0, 0x08, 0x00, 0x3D, 0x02, 0xC0, 0x03, 0xFA, 0xFC, 0x00, 0x3F, 0xFF, 0xC0, 0x03,
    0xD0, 0x2C, 0x00, 0x3D, 0x01, 0xC0, 0x03, 0xD0, 0x00, 0x00, 0x3D, 0x00, 0x09, 0x03, 0xD0, 0x00,
    0xD0, 0x7D, 0x00, 0x2D, 0x1B, 0xE5, 0x5B, 0xC7, 0xFF, 0xFF, 0xFC, 0x00, 0x40, 0x10, 0x00, 0x3F,
    0x0F, 0xC0, 0x03, 0xF0, 0xFC, 0x00, 0x19, 0x06, 0x40, 0x00, 0x00, 0x00, 0x02, 0xAA, 0xAA, 0xA0,
    0x7F, 0xFF, 0xFF, 0x40, 0x7D, 0x00, 0xB8, 0x03, 0xD0, 0x03, 0xC0, 0x3D, 0x00, 0x18, 0x03, 0xD0,
    0x00, 0x00, 0x3D, 0x00, 0x80, 0x03, 0xD0, 0x2C, 0x00, 0x3F, 0xAF, 0xC0, 0x03, 0xFF, 0xFC, 0x00,
    0x3D, 0x02, 0xC0, 0x03, 0xD0, 0x1C, 0x00, 0x3D, 0x00, 0x00, 0x03, 0xD0, 0x00, 0x90, 0x3D, 0x00,
    0x0D, 0x07, 0xD0, 0x02, 0xD1, 0xBE, 0x55, 0xBC, 0x7F, 0xFF, 0xFF, 0xC0, 0x00, 0x00, 0x2C, 0x00,
    0x3F, 0x00, 0x0B, 0xD0, 0x00, 0xB0, 0x00, 0x00, 0x6A, 0xA9, 0x7F, 0xFD, 0x07, 0xD0, 0x03, 0xD0,
    0x03, 0xD0, 0x03, 0xD0, 0x03, 0xD0, 0x03, 0xD0, 0x03, 0xD0, 0x03, 0xD0, 0x03, 0xD0, 0x03, 0xD0,
    0x03, 0xD0, 0x03, 0xD0, 0x03, 0xD0, 0x07, 0xD0, 0x1B, 0xE4, 0xBF, 0xFE, 0x00, 0x00, 0x00, 0x38,
    0x00, 0xFC, 0x07, 0xE0, 0x0E, 0x00, 0x00, 0x00, 0x6A, 0xA9, 0x7F, 0xFD, 0x07, 0xD0, 0x03, 0xD0,
    0x03, 0xD0, 0x03, 0xD0, 0x03, 0xD0, 0x03, 0xD0, 0x03, 0xD0, 0x03, 0xD0, 0x03, 0xD0, 0x03, 0xD0,
    0x03, 0xD0, 0x03, 0xD0, 0x03, 0xD0, 0x07, 0xD0, 0x1B, 0xE4, 0xBF, 0xFE, 0x00, 0x00, 0x00, 0x1F,
    0x00, 0x03, 0xFC, 0x00, 0xF5, 0xF0, 0x38, 0x02, 0xC0, 0x00, 0x00, 0x1A, 0xAA, 0x41, 0xFF, 0xF4,
    0x01, 0xF4, 0x00, 0x0F, 0x40, 0x00, 0xF4, 0x00, 0x0F, 0x40, 0x00, 0xF4, 0x00, 0x0F, 0x40, 0x00,
    0xF4, 0x00, 0x0F, 0x40, 0x00, 0xF4, 0x00, 0x0F, 0x40, 0x00, 0xF4, 0x00, 0x0F, 0x40, 0x00, 0xF4,
    0x00, 0x1F, 0x40, 0x06, 0xF9, 0x02, 0xFF, 0xF8, 0x04, 0x01, 0x03, 0xF0, 0xFC, 0x3F, 0x0F, 0xC1,
    0x90, 0x64, 0x00, 0x00, 0x01, 0xAA, 0xA4, 0x1F, 0xFF, 0x40, 0x1F, 0x40, 0x00, 0xF4, 0x00, 0x0F,
    0x40, 0x00, 0xF4, 0x00, 0x0F, 0x40, 0x00, 0xF4, 0x00, 0x0F, 0x40, 0x00, 0xF4, 0x00, 0x0F, 0x40,
    0x00, 0xF4, 0x00, 0x0F, 0x40, 0x00, 0xF4, 0x00, 0x0F, 0x40, 0x01, 0xF4, 0x00, 0x6F, 0x90, 0x2F,
    0xFF, 0x80, 0x2A, 0xA9, 0x50, 0x00, 0x1F, 0xFF, 0xFF, 0xE0, 0x00, 0x7D, 0x00, 0x7F, 0x40, 0x0F,
    0x40, 0x02, 0xF4, 0x03, 0xD0, 0x00, 0x3F, 0x00, 0xF4, 0x00, 0x07, 0xD0, 0x3D, 0x00, 0x00, 0xF8,
    0x0F, 0x40, 0x00, 0x3F, 0xBF, 0xFF, 0xF0, 0x0F, 0xEF, 0xFF, 0xFC, 0x03, 0xF0, 0x3D, 0x00, 0x00,
    0xF8, 0x0F, 0x40, 0x00, 0x3E, 0x03, 0xD0, 0x00, 0x1F, 0x00, 0xF4, 0x00, 0x0B, 0xC0, 0x3D, 0x00,
    0x07, 0xC0, 0x1F, 0x40, 0x07, 0xD0, 0x1B, 0xE5, 0x6F, 0xC0, 0x1F, 0xFF, 0xFE, 0x00, 0x00, 0x00,
    0x02, 0x40, 0x00, 0x00, 0x00, 0x3F, 0xE7, 0x40, 0x00, 0x02, 0x9F, 0xFC, 0x00, 0x00, 0x00, 0x01,
    0x80, 0x00, 0x00, 0x00, 0x00, 0x00, 0x00, 0xAA, 0x80, 0x01, 0xAA, 0x87, 0xFF, 0x80, 0x0B, 0xFF,
    0x41, 0xFF, 0x40, 0x02, 0xD0, 0x03, 0xBF, 0x00, 0x0B, 0x00, 0x0E, 0x7D, 0x00, 0x2C, 0x00, 0x38,
    0xFC, 0x00, 0xB0, 0x00, 0xE1, 0xF8, 0x02, 0xC0, 0x03, 0x82, 0xF0, 0x0B, 0x00, 0x0E, 0x03, 0xF0,
    0x2C, 0x00, 0x38, 0x07, 0xD0, 0xB0, 0x00, 0xE0, 0x0F, 0xC2, 0xC0, 0x03, 0x80, 0x1F, 0x8B, 0x00,
    0x0E, 0x00, 0x2F, 0x2C, 0x00, 0x38, 0x00, 0x3E, 0xB0, 0x00, 0xE0, 0x00, 0xBF, 0xC0, 0x07, 0x80,
    0x00, 0xFF, 0x00, 0x6F, 0x40, 0x01, 0xFC, 0x07, 0xFF, 0x80, 0x02, 0xF0, 0x00, 0x00, 0x00, 0x00,
    0x00, 0x00, 0x03, 0x80, 0x00, 0x00, 0x00, 0xFC, 0x00, 0x00, 0x00, 0x1F, 0xC0, 0x00, 0x00, 0x00,
    0x6C, 0x00, 0x00, 0x00, 0x00, 0x00, 0x00, 0x00, 0x6F, 0x90, 0x00, 0x02, 0xFF, 0xFF, 0x40, 0x03,
    0xE0, 0x02, 0xF8, 0x03, 0xE0, 0x00, 0x1F, 0x41, 0xF0, 0x00, 0x03, 0xF0, 0xF8, 0x00, 0x00, 0x7D,
    0x3D, 0x00, 0x00, 0x0F, 0x9F, 0x00, 0x00, 0x03, 0xF7, 0xC0, 0x00, 0x00, 0xFE, 0xF0, 0x00, 0x00,
    0x3F, 0x7C, 0x00, 0x00, 0x0F, 0xDF, 0x40, 0x00, 0x03, 0xE3, 0xE0, 0x00, 0x00, 0xF4, 0xFC, 0x00,
    0x00, 0x7C, 0x1F, 0x80, 0x00, 0x3E, 0x02, 0xF8, 0x00, 0x2F, 0x00, 0x2F, 0xE5, 0xBF, 0x00, 0x01,
    0xFF, 0xFD, 0x00, 0x00, 0x01, 0x50, 0x00, 0x00, 0x00, 0x00, 0x00, 0x00, 0x00, 0x00, 0x07, 0x40,
    0x00, 0x00, 0x07, 0xE0, 0x00, 0x00, 0x07, 0xE0, 0x00, 0x00, 0x07, 0x80, 0x00, 0x00, 0x00, 0x00,
    0x00, 0x00, 0x00, 0x6F, 0x90, 0x00, 0x02, 0xFF, 0xFF, 0x40, 0x03, 0xE0, 0x02, 0xF8, 0x03, 0xE0,
    0x00, 0x1F, 0x41, 0xF0, 0x00, 0x03, 0xF0, 0xF8, 0x00, 0x00, 0x7D, 0x3D, 0x00, 0x00, 0x0F, 0x9F,
    0x00, 0x00, 0x03, 0xF7, 0xC0, 0x00, 0x00, 0xFE, 0xF0, 0x00, 0x00, 0x3F, 0x7C, 0x00, 0x00, 0x0F,
    0xDF, 0x40, 0x00, 0x03, 0xE3, 0xE0, 0x00, 0x00, 0xF4, 0xFC, 0x00, 0x00, 0x7C, 0x1F, 0x80, 0x00,
    0x3E, 0x02, 0xF8, 0x00, 0x2F, 0x00, 0x2F, 0xE5, 0xBF, 0x00, 0x01, 0xFF, 0xFD, 0x00, 0x00, 0x01,
    0x50, 0x00, 0x00, 0x00, 0x00, 0x00, 0x00, 0x00, 0x00, 0x7C, 0x00, 0x00, 0x00, 0x7F, 0xC0, 0x00,
    0x00, 0x7D, 0xBC, 0x00, 0x00, 0x38, 0x03, 0x80, 0x00, 0x00, 0x00, 0x00, 0x00, 0x00, 0x6F, 0x90,
    0x00, 0x02, 0xFF, 0xFF, 0x40, 0x03, 0xE0, 0x02, 0xF8, 0x03, 0xE0, 0x00, 0x1F, 0x41, 0xF0, 0x00,
    0x03, 0xF0, 0xF8, 0x00, 0x00, 0x7D, 0x3D, 0x00, 0x00, 0x0F, 0x9F, 0x00, 0x00, 0x03, 0xF7, 0xC0,
    0x00, 0x00, 0xFE, 0xF0, 0x00, 0x00, 0x3F, 0x7C, 0x00, 0x00, 0x0F, 0xDF, 0x40, 0x00, 0x03, 0xE3,
    0xE0, 0x00, 0x00, 0xF4, 0xFC, 0x00, 0x00, 0x7C, 0x1F, 0x80, 0x00, 0x3E, 0x02, 0xF8, 0x00, 0x2F,
    0x00, 0x2F, 0xE5, 0xBF, 0x00, 0x01, 0xFF, 0xFD, 0x00, 0x00, 0x01, 0x50, 0x00, 0x00, 0x00, 0x05,
    0x00, 0x00, 0x00, 0x0B, 0xFD, 0xB0, 0x00, 0x03, 0x6F, 0xF4, 0x00, 0x00, 0x00, 0x64, 0x00, 0x00,
    0x00, 0x00, 0x00, 0x00, 0x01, 0xBE, 0x40, 0x00, 0x0B, 0xFF, 0xFD, 0x00, 0x0F, 0x80, 0x0B, 0xE0,
    0x0F, 0x80, 0x00, 0x7D, 0x07, 0xC0, 0x00, 0x0F, 0xC3, 0xE0, 0x00, 0x01, 0xF4, 0xF4, 0x00, 0x00,
    0x3E, 0x7C, 0x00, 0x00, 0x0F, 0xDF, 0x00, 0x00, 0x03, 0xFB, 0xC0, 0x00, 0x00, 0xFD, 0xF0, 0x00,
    0x00, 0x3F, 0x7D, 0x00, 0x00, 0x0F, 0x8F, 0x80, 0x00, 0x03, 0xD3, 0xF0, 0x00, 0x01, 0xF0, 0x7E,
    0x00, 0x00, 0xF8, 0x0B, 0xE0, 0x00, 0xBC, 0x00, 0xBF, 0x96, 0xFC, 0x00, 0x07, 0xFF, 0xF4, 0x00,
    0x00, 0x05, 0x40, 0x00, 0x00, 0x14, 0x01, 0x00, 0x00, 0x0F, 0x83, 0xE0, 0x00, 0x07, 0xF1, 0xFC,
    0x00, 0x00, 0xA0, 0x18, 0x00, 0x00, 0x00, 0x00, 0x00, 0x00, 0x01, 0xBE, 0x40, 0x00, 0x0B, 0xFF,
    0xFD, 0x00, 0x0F, 0x80, 0x0B, 0xE0, 0x0F, 0x80, 0x00, 0x7D, 0x07, 0xC0, 0x00, 0x0F, 0xC3, 0xE0,
    0x00, 0x01, 0xF4, 0xF4, 0x00, 0x00, 0x3E, 0x7C, 0x00, 0x00, 0x0F, 0xDF, 0x00, 0x00, 0x03, 0xFB,
    0xC0, 0x00, 0x00, 0xFD, 0xF0, 0x00, 0x00, 0x3F, 0x7D, 0x00, 0x00, 0x0F, 0x8F, 0x80, 0x00, 0x03,
    0xD3, 0xF0, 0x00, 0x01, 0xF0, 0x7E, 0x00, 0x00, 0xF8, 0x0B, 0xE0, 0x00, 0xBC, 0x00, 0xBF, 0x96,
    0xFC, 0x00, 0x07, 0xFF, 0xF4, 0x00, 0x00, 0x05, 0x40, 0x00, 0x00, 0x00, 0x03, 0x40, 0x0D, 0x2D,
    0x03, 0xC0, 0xB4, 0xF0, 0x02, 0xFC, 0x00, 0x0F, 0x80, 0x03, 0xED, 0x00, 0xF0, 0xB4, 0x3C, 0x02,
    0xD2, 0x00, 0x08, 0x00, 0x01, 0xBE, 0x41, 0xE0, 0x00, 0xBF, 0xFF, 0xEF, 0x00, 0x0F, 0x80, 0x0B,
    0xF0, 0x00, 0xF8, 0x00, 0x0F, 0xD0, 0x07, 0xC0, 0x00, 0xBF, 0xC0, 0x3E, 0x00, 0x07, 0x9F, 0x40,
    0xF4, 0x00, 0x78, 0x3E, 0x07, 0xC0, 0x03, 0xC0, 0xFC, 0x1F, 0x00, 0x3C, 0x03, 0xF0, 0xBC, 0x02,
    0xD0, 0x0F, 0xC1, 0xF4, 0x2D, 0x00, 0x3F, 0x07, 0xD1, 0xE0, 0x00, 0xF8, 0x0F, 0x9E, 0x00, 0x03,
    0xD0, 0x3F, 0xF0, 0x00, 0x1F, 0x00, 0x7F, 0x00, 0x00, 0xF8, 0x00, 0xFE, 0x00, 0x0B, 0xC0, 0x0B,
    0xFF, 0x96, 0xFC, 0x00, 0x78, 0x7F, 0xFF, 0x40, 0x01, 0x40, 0x05, 0x40, 0x00, 0x00, 0x00, 0x00,
    0x00, 0x00, 0x00, 0x00, 0x1D, 0x00, 0x00, 0x00, 0x00, 0x7E, 0x00, 0x00, 0x00, 0x00, 0xBE, 0x00,
    0x00, 0x00, 0x00, 0x1E, 0x00, 0x00, 0x00, 0x00, 0x00, 0x00, 0x06, 0xAA, 0x80, 0x0A, 0xAA, 0x2F,
    0xFF, 0x00, 0x3F, 0xFC, 0x0B, 0xC0, 0x00, 0x0F, 0x00, 0x2F, 0x00, 0x00, 0x3C, 0x00, 0xBC, 0x00,
    0x00, 0xF0, 0x02, 0xF0, 0x00, 0x03, 0xC0, 0x0B, 0xC0, 0x00, 0x0F, 0x00, 0x2F, 0x00, 0x00, 0x3C,
    0x00, 0xBC, 0x00, 0x00, 0xF0, 0x02, 0xF0, 0x00, 0x03, 0xC0, 0x0B, 0xC0, 0x00, 0x0F, 0x00, 0x2F,
    0x00, 0x00, 0x3C, 0x00, 0x7C, 0x00, 0x00, 0xF0, 0x01, 0xF0, 0x00, 0x03, 0x80, 0x03, 0xE0, 0x00,
    0x2D, 0x00, 0x0B, 0xC0, 0x01, 0xF0, 0x00, 0x0F, 0xE5, 0xBF, 0x00, 0x00, 0x0B, 0xFF, 0xE0, 0x00,
    0x00, 0x00, 0x50, 0x00, 0x00, 0x00, 0x00, 0x00, 0x00, 0x00, 0x00, 0x00, 0x2C, 0x00, 0x00, 0x00,
    0x02, 0xF4, 0x00, 0x00, 0x00, 0x3F, 0x40, 0x00, 0x00, 0x02, 0xD0, 0x00, 0x00, 0x00, 0x00, 0x00,
    0x00, 0x06, 0xAA, 0x80, 0x0A, 0xAA, 0x2F, 0xFF, 0x00, 0x3F, 0xFC, 0x0B, 0xC0, 0x00, 0x0F, 0x00,
    0x2F, 0x00, 0x00, 0x3C, 0x00, 0xBC, 0x00, 0x00, 0xF0, 0x02, 0xF0, 0x00, 0x03, 0xC0, 0x0B, 0xC0,
    0x00, 0x0F, 0x00, 0x2F, 0x00, 0x00, 0x3C, 0x00, 0xBC, 0x00, 0x00, 0xF0, 0x02, 0xF0, 0x00, 0x03,
    0xC0, 0x0B, 0xC0, 0x00, 0x0F, 0x00, 0x2F, 0x00, 0x00, 0x3C, 0x00, 0x7C, 0x00, 0x00, 0xF0, 0x01,
    0xF0, 0x00, 0x03, 0x80, 0x03, 0xE0, 0x00, 0x2D, 0x00, 0x0B, 0xC0, 0x01, 0xF0, 0x00, 0x0F, 0xE5,
    0xBF, 0x00, 0x00, 0x0B, 0xFF, 0xE0, 0x00, 0x00, 0x00, 0x50, 0x00, 0x00, 0x00, 0x00, 0x10, 0x00,
    0x00, 0x00, 0x03, 0xE0, 0x00, 0x00, 0x00, 0x2F, 0xE0, 0x00, 0x00, 0x02, 0xE7, 0xD0, 0x00, 0x00,
    0x1D, 0x01, 0xC0, 0x00, 0x00, 0x00, 0x00, 0x00, 0x06, 0xAA, 0x80, 0x0A, 0xAA, 0x2F, 0xFF, 0x00,
    0x3F, 0xFC, 0x0B, 0xC0, 0x00, 0x0F, 0x00, 0x2F, 0x00, 0x00, 0x3C, 0x00, 0xBC, 0x00, 0x00, 0xF0,
    0x02, 0xF0, 0x00, 0x03, 0xC0, 0x0B, 0xC0, 0x00, 0x0F, 0x00, 0x2F, 0x00, 0x00, 0x3C, 0x00, 0xBC,
    0x00, 0x00, 0xF0, 0x02, 0xF0, 0x00, 0x03, 0xC0, 0x0B, 0xC0, 0x00, 0x0F, 0x00, 0x2F, 0x00, 0x00,
    0x3C, 0x00, 0x7C, 0x00, 0x00, 0xF0, 0x01, 0xF0, 0x00, 0x03, 0x80, 0x03, 0xE0, 0x00, 0x2D, 0x00,
    0x0B, 0xC0, 0x01, 0xF0, 0x00, 0x0F, 0xE5, 0xBF, 0x00, 0x00, 0x0B, 0xFF, 0xE0, 0x00, 0x00, 0x00,
    0x50, 0x00, 0x00, 0x00, 0x05, 0x01, 0x40, 0x00, 0x00, 0xBD, 0x2F, 0x40, 0x00, 0x02, 0xF4, 0xBD,
    0x00, 0x00, 0x02, 0x80, 0xA0, 0x00, 0x00, 0x00, 0x00, 0x00, 0x01, 0xAA, 0xA0, 0x02, 0xAA, 0x8B,
    0xFF, 0xC0, 0x0F, 0xFF, 0x02, 0xF0, 0x00, 0x03, 0xC0, 0x0B, 0xC0, 0x00, 0x0F, 0x00, 0x2F, 0x00,
    0x00, 0x3C, 0x00, 0xBC, 0x00, 0x00, 0xF0, 0x02, 0xF0, 0x00, 0x03, 0xC0, 0x0B, 0xC0, 0x00, 0x0F,
    0x00, 0x2F, 0x00, 0x00, 0x3C, 0x00, 0xBC, 0x00, 0x00, 0xF0, 0x02, 0xF0, 0x00, 0x03, 0xC0, 0x0B,
    0xC0, 0x00, 0x0F, 0x00, 0x1F, 0x00, 0x00, 0x3C, 0x00, 0x7C, 0x00, 0x00, 0xE0, 0x00, 0xF8, 0x00,
    0x0B, 0x40, 0x02, 0xF0, 0x00, 0x7C, 0x00, 0x03, 0xF9, 0x6F, 0xC0, 0x00, 0x02, 0xFF, 0xF8, 0x00,
    0x00, 0x00, 0x14, 0x00, 0x00, 0x00, 0x00, 0x00, 0x00, 0x00, 0x00, 0x00, 0xB0, 0x00, 0x00, 0x00,
    0x3F, 0x00, 0x00, 0x00, 0x0F, 0xD0, 0x00, 0x00, 0x03, 0x90, 0x00, 0x00, 0x00, 0x00, 0x00, 0x00,
    0x6A, 0xA8, 0x01, 0xAA, 0x87, 0xFF, 0xD0, 0x2F, 0xFC, 0x0B, 0xD0, 0x00, 0x3C, 0x00, 0x3F, 0x00,
    0x07, 0x40, 0x01, 0xF4, 0x00, 0xF0, 0x00, 0x0B, 0xC0, 0x2C, 0x00, 0x00, 0x3E, 0x03, 0x80, 0x00,
    0x01, 0xF4, 0xB0, 0x00, 0x00, 0x0F, 0xDD, 0x00, 0x00, 0x00, 0x3F, 0xC0, 0x00, 0x00, 0x02, 0xF0,
    0x00, 0x00, 0x00, 0x1F, 0x00, 0x00, 0x00, 0x01, 0xF0, 0x00, 0x00, 0x00, 0x1F, 0x00, 0x00, 0x00,
    0x01, 0xF0, 0x00, 0x00, 0x00, 0x1F, 0x00, 0x00, 0x00, 0x07, 0xF9, 0x00, 0x00, 0x03, 0xFF, 0xF4,
    0x00, 0x2A, 0xAA, 0x00, 0x03, 0xFF, 0xF0, 0x00, 0x03, 0xE0, 0x00, 0x00, 0x3E, 0x00, 0x00, 0x03,
    0xFF, 0xE8, 0x00, 0x3E, 0x5B, 0xF4, 0x03, 0xE0, 0x0B, 0xC0, 0x3E, 0x00, 0x3E, 0x03, 0xE0, 0x03,
    0xE0, 0x3E, 0x00, 0x3E, 0x03, 0xE0, 0x03, 0xE0, 0x3E, 0x00, 0xBC, 0x03, 0xE0, 0x6F, 0x40, 0x3F,
    0xFF, 0x80, 0x03, 0xE0, 0x00, 0x00, 0x3E, 0x00, 0x00, 0x1B, 0xF5, 0x00, 0x03, 0xFF, 0xF4, 0x00,
    0x00, 0x06, 0x90, 0x00, 0x00, 0xBF, 0xFE, 0x00, 0x02, 0xE0, 0x0F, 0x40, 0x03, 0xC0, 0x0B, 0x80,
    0x0B, 0x80, 0x0B, 0x40, 0x0B, 0x80, 0x0F, 0x00, 0x0F, 0x80, 0x1D, 0x00, 0x6F, 0x80, 0x38, 0x00,
    0xBF, 0x80, 0xF0, 0x00, 0x0F, 0x81, 0xF0, 0x00, 0x0F, 0x81, 0xF0, 0x00, 0x0F, 0x81, 0xFC, 0x00,
    0x0F, 0x80, 0xBF, 0x80, 0x0F, 0x80, 0x2F, 0xF0, 0x0F, 0x80, 0x02, 0xFC, 0x0F, 0x80, 0x00, 0x7C,
    0x0F, 0x8B, 0x00, 0x3D, 0x0F, 0x8B, 0x40, 0x3C, 0x5F, 0x8B, 0xE0, 0xB8, 0xFF, 0x87, 0xBF, 0xE0,
    0x00, 0x00, 0x05, 0x00, 0x01, 0x00, 0x00, 0x02, 0xE0, 0x00, 0x00, 0x7D, 0x00, 0x00, 0x07, 0xC0,
    0x00, 0x00, 0x3C, 0x00, 0x00, 0x01, 0x00, 0x00, 0x00, 0x00, 0x00, 0x1F, 0xF8, 0x00, 0x3D, 0x5B,
    0xC0, 0x1E, 0x00, 0xF4, 0x0B, 0xC0, 0x2E, 0x00, 0x50, 0x0B, 0xC0, 0x00, 0x02, 0xF0, 0x01, 0xBF,
    0xFC, 0x02, 0xF9, 0x6F, 0x01, 0xF0, 0x0B, 0xC0, 0xBC, 0x02, 0xF0, 0x2F, 0x00, 0xFC, 0x07, 0xF6,
    0xEF, 0x90, 0xBF, 0xD3, 0xFC, 0x01, 0x40, 0x10, 0x00, 0x00, 0x00, 0x00, 0x00, 0x03, 0xC0, 0x00,
    0x03, 0xF0, 0x00, 0x02, 0xE0, 0x00, 0x01, 0xD0, 0x00, 0x00, 0x00, 0x00, 0x00, 0x00, 0x00, 0x00,
    0x1F, 0xF8, 0x00, 0x3D, 0x5B, 0xC0, 0x1E, 0x00, 0xF4, 0x0B, 0xC0, 0x2E, 0x00, 0x50, 0x0B, 0xC0,
    0x00, 0x02, 0xF0, 0x01, 0xBF, 0xFC, 0x02, 0xF9, 0x6F, 0x01, 0xF0, 0x0B, 0xC0, 0xBC, 0x02, 0xF0,
    0x2F, 0x00, 0xFC, 0x07, 0xF6, 0xEF, 0x90, 0xBF, 0xD3, 0xFC, 0x01, 0x40, 0x10, 0x00, 0x00, 0x10,
    0x00, 0x00, 0x3D, 0x00, 0x00, 0x3F, 0xD0, 0x00, 0x2E, 0x7C, 0x00, 0x1D, 0x03, 0x80, 0x00, 0x00,
    0x00, 0x00, 0x00, 0x00, 0x00, 0x1F, 0xF8, 0x00, 0x3D, 0x5B, 0xC0, 0x1E, 0x00, 0xF4, 0x0B, 0xC0,
    0x2E, 0x00, 0x50, 0x0B, 0xC0, 0x00, 0x02, 0xF0, 0x01, 0xBF, 0xFC, 0x02, 0xF9, 0x6F, 0x01, 0xF0,
    0x0B, 0xC0, 0xBC, 0x02, 0xF0, 0x2F, 0x00, 0xFC, 0x07, 0xF6, 0xEF, 0x90, 0xBF, 0xD3, 0xFC, 0x01,
    0x40, 0x10, 0x00, 0x06, 0x40, 0x00, 0x03, 0xFE, 0x70, 0x02, 0x9F, 0xF8, 0x00, 0x00, 0x14, 0x00,
    0x00, 0x00, 0x00, 0x00, 0x00, 0x00, 0x00, 0x7F, 0xE0, 0x00, 0xF5, 0x6F, 0x00, 0x78, 0x03, 0xD0,
    0x2F, 0x00, 0xB8, 0x01, 0x40, 0x2F, 0x00, 0x00, 0x0B, 0xC0, 0x06, 0xFF, 0xF0, 0x0B, 0xE5, 0xBC,
    0x07, 0xC0, 0x2F, 0x02, 0xF0, 0x0B, 0xC0, 0xBC, 0x03, 0xF0, 0x1F, 0xDB, 0xBE, 0x42, 0xFF, 0x4F,
    0xF0, 0x05, 0x00, 0x40, 0x09, 0x02, 0x40, 0x0F, 0xC3, 0xF0, 0x02, 0xF0, 0xFC, 0x00, 0x10, 0x04,
    0x00, 0x00, 0x00, 0x00, 0x00, 0x00, 0x00, 0x00, 0x7F, 0xE0, 0x00, 0xF5, 0x6F, 0x00, 0x78, 0x03,
    0xD0, 0x2F, 0x00, 0xB8, 0x01, 0x40, 0x2F, 0x00, 0x00, 0x0B, 0xC0, 0x06, 0xFF, 0xF0, 0x0B, 0xE5,
    0xBC, 0x07, 0xC0, 0x2F, 0x02, 0xF0, 0x0B, 0xC0, 0xBC, 0x03, 0xF0, 0x1F, 0xDB, 0xBE, 0x42, 0xFF,
    0x4F, 0xF0, 0x05, 0x00, 0x40, 0x00, 0xA4, 0x00, 0x00, 0xEB, 0x80, 0x00, 0x70, 0xB0, 0x00, 0x1C,
    0x2C, 0x00, 0x03, 0xFD, 0x00, 0x00, 0x14, 0x00, 0x00, 0x00, 0x00, 0x00, 0x1F, 0xF8, 0x00, 0x3D,
    0x5B, 0xC0, 0x1E, 0x00, 0xF4, 0x0B, 0xC0, 0x2E, 0x00, 0x50, 0x0B, 0xC0, 0x00, 0x02, 0xF0, 0x01,
    0xBF, 0xFC, 0x02, 0xF9, 0x6F, 0x01, 0xF0, 0x0B, 0xC0, 0xBC, 0x02, 0xF0, 0x2F, 0x00, 0xFC, 0x07,
    0xF6, 0xEF, 0x90, 0xBF, 0xD3, 0xFC, 0x01, 0x40, 0x10, 0x00, 0x00, 0x00, 0x00, 0x00, 0x00, 0x1F,
    0xF8, 0x1B, 0xF8, 0x03, 0xD5, 0xBE, 0xF5, 0xBC, 0x1E, 0x00, 0xFE, 0x00, 0xF8, 0xBC, 0x02, 0xF0,
    0x01, 0xF0, 0x50, 0x0B, 0xC0, 0x07, 0xC0, 0x00, 0x2F, 0xAA, 0xAF, 0x01, 0xBF, 0xFF, 0xFF, 0xF8,
    0x2F, 0x96, 0xF0, 0x00, 0x01, 0xF0, 0x0B, 0xC0, 0x00, 0x0B, 0xC0, 0x2F, 0x80, 0x00, 0x2F, 0x00,
    0xFF, 0x00, 0x18, 0x7F, 0x6F, 0x3F, 0xAB, 0xE0, 0xBF, 0xE0, 0x2F, 0xFD, 0x00, 0x14, 0x00, 0x05,
    0x00, 0x00, 0x00, 0x00, 0x00, 0x07, 0xFE, 0x00, 0xBD, 0x6F, 0x0B, 0xC0, 0x3E, 0x3D, 0x01, 0xFA,
    0xF0, 0x03, 0xCB, 0xC0, 0x00, 0x3E, 0x00, 0x00, 0xFC, 0x00, 0x02, 0xF0, 0x00, 0x07, 0xD0, 0x00,
    0x0F, 0xD0, 0x09, 0x1F, 0xFA, 0xF4, 0x0F, 0xFF, 0x00, 0x07, 0x40, 0x00, 0x2E, 0x00, 0x00, 0x1F,
    0x00, 0x00, 0x2C, 0x00, 0x3E, 0xF0, 0x00, 0x2A, 0x00, 0x00, 0x40, 0x00, 0x03, 0xD0, 0x00, 0x02,
    0xF0, 0x00, 0x00, 0xBC, 0x00, 0x00, 0x1E, 0x00, 0x00, 0x00, 0x00, 0x00, 0x00, 0x00, 0x01, 0xFF,
    0x80, 0x0B, 0x97, 0xF0, 0x2E, 0x00, 0xF4, 0x3C, 0x00, 0xBC, 0xBC, 0x00, 0x7C, 0xBE, 0xAA, 0xFC,
    0xFF, 0xFF, 0xF8, 0xFC, 0x00, 0x00, 0xBC, 0x00, 0x00, 0x7D, 0x00, 0x00, 0x3F, 0x00, 0x18, 0x0F,
    0xEA, 0xF4, 0x03, 0xFF, 0xD0, 0x00, 0x14, 0x00, 0x00, 0x01, 0x00, 0x00, 0x07, 0xC0, 0x00, 0x0F,
    0x80, 0x00, 0x3E, 0x00, 0x00, 0xB0, 0x00, 0x00, 0x40, 0x00, 0x00, 0x00, 0x00, 0x01, 0xFF, 0x80,
    0x0B, 0x97, 0xF0, 0x2E, 0x00, 0xF4, 0x3C, 0x00, 0xBC, 0xBC, 0x00, 0x7C, 0xBE, 0xAA, 0xFC, 0xFF,
    0xFF, 0xF8, 0xFC, 0x00, 0x00, 0xBC, 0x00, 0x00, 0x7D, 0x00, 0x00, 0x3F, 0x00, 0x18, 0x0F, 0xEA,
    0xF4, 0x03, 0xFF, 0xD0, 0x00, 0x14, 0x00, 0x00, 0x14, 0x00, 0x00, 0x7D, 0x00, 0x00, 0xFF, 0x00,
    0x03, 0xD7, 0x80, 0x0B, 0x00, 0xD0, 0x00, 0x00, 0x00, 0x00, 0x00, 0x00, 0x01, 0xFF, 0x80, 0x0B,
    0x97, 0xF0, 0x2E, 0x00, 0xF4, 0x3C, 0x00, 0xBC, 0xBC, 0x00, 0x7C, 0xBE, 0xAA, 0xFC, 0xFF, 0xFF,
    0xF8, 0xFC, 0x00, 0x00, 0xBC, 0x00, 0x00, 0x7D, 0x00, 0x00, 0x3F, 0x00, 0x18, 0x0F, 0xEA, 0xF4,
    0x03, 0xFF, 0xD0, 0x00, 0x14, 0x00, 0x06, 0x01, 0x80, 0x0F, 0xC3, 0xF0, 0x0F, 0xC3, 0xF0, 0x01,
    0x00, 0x40, 0x00, 0x00, 0x00, 0x00, 0x00, 0x00, 0x01, 0xFF, 0x80, 0x0B, 0x97, 0xF0, 0x2E, 0x00,
    0xF4, 0x3C, 0x00, 0xBC, 0xBC, 0x00, 0x7C, 0xBE, 0xAA, 0xFC, 0xFF, 0xFF, 0xF8, 0xFC, 0x00, 0x00,
    0xBC, 0x00, 0x00, 0x7D, 0x00, 0x00, 0x3F, 0x00, 0x18, 0x0F, 0xEA, 0xF4, 0x03, 0xFF, 0xD0, 0x00,
    0x14, 0x00, 0x00, 0x00, 0x3D, 0x00, 0x3F, 0x00, 0x0B, 0x80, 0x01, 0xD0, 0x00, 0x00, 0x00, 0x00,
    0x1A, 0x90, 0x2F, 0xE0, 0x03, 0xE0, 0x03, 0xE0, 0x03, 0xE0, 0x03, 0xE0, 0x03, 0xE0, 0x03, 0xE0,
    0x03, 0xE0, 0x03, 0xE0, 0x03, 0xE0, 0x17, 0xF4, 0x3F, 0xFE, 0x00, 0x40, 0x0B, 0x80, 0x7D, 0x03,
    0xD0, 0x3C, 0x00, 0x40, 0x00, 0x00, 0x1A, 0x90, 0xBF, 0x80, 0x3E, 0x00, 0xF8, 0x03, 0xE0, 0x0F,
    0x80, 0x3E, 0x00, 0xF8, 0x03, 0xE0, 0x0F, 0x80, 0x3E, 0x05, 0xFD, 0x3F, 0xFE, 0x01, 0x00, 0x07,
    0xC0, 0x0F, 0xF0, 0x3D, 0xB8, 0xB0, 0x1D, 0x40, 0x00, 0x00, 0x00, 0x1A, 0x90, 0x2F, 0xE0, 0x03,
    0xE0, 0x03, 0xE0, 0x03, 0xE0, 0x03, 0xE0, 0x03, 0xE0, 0x03, 0xE0, 0x03, 0xE0, 0x03, 0xE0, 0x03,
    0xE0, 0x17, 0xF4, 0x3F, 0xFE, 0x18, 0x06, 0x0F, 0xC3, 0xE3, 0xE0, 0xF8, 0x50, 0x14, 0x00, 0x00,
    0x00, 0x00, 0x00, 0x6A, 0x40, 0x2F, 0xE0, 0x00, 0xF8, 0x00, 0x3E, 0x00, 0x0F, 0x80, 0x03, 0xE0,
    0x00, 0xF8, 0x00, 0x3E, 0x00, 0x0F, 0x80, 0x03, 0xE0, 0x00, 0xF8, 0x01, 0x7F, 0x40, 0xFF, 0xF8,
    0x00, 0x00, 0x04, 0x01, 0xFE, 0x0F, 0x00, 0x06, 0xFE, 0x00, 0x00, 0x2F, 0x80, 0x00, 0x3D, 0xF8,
    0x00, 0x08, 0x1F, 0x00, 0x00, 0x03, 0xE0, 0x00, 0x50, 0xBC, 0x07, 0xFF, 0x9F, 0x07, 0xE4, 0x7F,
    0xC3, 0xE0, 0x03, 0xF5, 0xF0, 0x00, 0xBD, 0xBC, 0x00, 0x1F, 0x3F, 0x00, 0x07, 0xCF, 0xC0, 0x01,
    0xF2, 0xF0, 0x00, 0x7C, 0x7C, 0x00, 0x3D, 0x0F, 0x80, 0x0F, 0x01, 0xF9, 0x1F, 0x00, 0x1F, 0xFF,
    0x00, 0x00, 0x14, 0x00, 0x00, 0x00, 0x14, 0x00, 0x00, 0x03, 0xFE, 0x74, 0x00, 0x19, 0xBF, 0xC0,
    0x00, 0x00, 0x14, 0x00, 0x00, 0x00, 0x00, 0x00, 0x00, 0x00, 0x00, 0x06, 0xB0, 0x7F, 0x80, 0x2F,
    0xCB, 0xFF, 0xC0, 0x0F, 0xE0, 0x0F, 0x80, 0x3F, 0x00, 0x2F, 0x00, 0xF8, 0x00, 0xBC, 0x03, 0xE0,
    0x02, 0xF0, 0x0F, 0x80, 0x0B, 0xC0, 0x3E, 0x00, 0x2F, 0x00, 0xF8, 0x00, 0xBC, 0x03, 0xE0, 0x02,
    0xF0, 0x0F, 0x80, 0x0B, 0xC0, 0x7F, 0x40, 0x7F, 0x4B, 0xFF, 0x87, 0xFF, 0xC0, 0x00, 0x40, 0x00,
    0x00, 0x7C, 0x00, 0x00, 0x0F, 0x80, 0x00, 0x01, 0xF4, 0x00, 0x00, 0x0B, 0x00, 0x00, 0x00, 0x40,
    0x00, 0x00, 0x00, 0x00, 0x06, 0xFE, 0x40, 0x0B, 0xE6, 0xF8, 0x0B, 0xC0, 0x1F, 0x43, 0xC0, 0x02,
    0xF2, 0xF0, 0x00, 0x7D, 0xB8, 0x00, 0x0F, 0x7E, 0x00, 0x03, 0xEF, 0xC0, 0x00, 0xF6, 0xF0, 0x00,
    0x3D, 0x7D, 0x00, 0x1F, 0x0F, 0xC0, 0x0F, 0x41, 0xFD, 0x1F, 0x80, 0x0F, 0xFF, 0x40, 0x00, 0x14,
    0x00, 0x00, 0x00, 0x00, 0x40, 0x00, 0x00, 0xF4, 0x00, 0x00, 0xBC, 0x00, 0x00, 0x7C, 0x00, 0x00,
    0x38, 0x00, 0x00, 0x00, 0x00, 0x00, 0x00, 0x00, 0x00, 0x06, 0xFE, 0x40, 0x0B, 0xE6, 0xF8, 0x0B,
    0xC0, 0x1F, 0x43, 0xC0, 0x02, 0xF2, 0xF0, 0x00, 0x7D, 0xB8, 0x00, 0x0F, 0x7E, 0x00, 0x03, 0xEF,
    0xC0, 0x00, 0xF6, 0xF0, 0x00, 0x3D, 0x7D, 0x00, 0x1F, 0x0F, 0xC0, 0x0F, 0x41, 0xFD, 0x1F, 0x80,
    0x0F, 0xFF, 0x40, 0x00, 0x14, 0x00, 0x00, 0x00, 0x04, 0x00, 0x00, 0x0F, 0x80, 0x00, 0x0B, 0xF4,
    0x00, 0x07, 0x8F, 0x00, 0x03, 0x80, 0xB0, 0x00, 0x40, 0x04, 0x00, 0x00, 0x00, 0x00, 0x06, 0xFE,
    0x40, 0x0B, 0xE6, 0xF8, 0x0B, 0xC0, 0x1F, 0x43, 0xC0, 0x02, 0xF2, 0xF0, 0x00, 0x7D, 0xB8, 0x00,
    0x0F, 0x7E, 0x00, 0x03, 0xEF, 0xC0, 0x00, 0xF6, 0xF0, 0x00, 0x3D, 0x7D, 0x00, 0x1F, 0x0F, 0xC0,
    0x0F, 0x41, 0xFD, 0x1F, 0x80, 0x0F, 0xFF, 0x40, 0x00, 0x14, 0x00, 0x00, 0x00, 0x50, 0x00, 0x00,
    0xFF, 0x9D, 0x00, 0xA6, 0xFE, 0x00, 0x00, 0x05, 0x00, 0x00, 0x00, 0x00, 0x00, 0x00, 0x00, 0x00,
    0x1B, 0xF9, 0x00, 0x2F, 0x9B, 0xE0, 0x2F, 0x00, 0x7D, 0x0F, 0x00, 0x0B, 0xCB, 0xC0, 0x01, 0xF6,
    0xE0, 0x00, 0x3D, 0xF8, 0x00, 0x0F, 0xBF, 0x00, 0x03, 0xDB, 0xC0, 0x00, 0xF5, 0xF4, 0x00, 0x7C,
    0x3F, 0x00, 0x3D, 0x07, 0xF4, 0x7E, 0x00, 0x3F, 0xFD, 0x00, 0x00, 0x50, 0x00, 0x02, 0x40, 0x90,
    0x02, 0xF4, 0xBD, 0x00, 0xBD, 0x2F, 0x00, 0x05, 0x01, 0x40, 0x00, 0x00, 0x00, 0x00, 0x00, 0x00,
    0x00, 0x1B, 0xF9, 0x00, 0x2F, 0x9B, 0xE0, 0x2F, 0x00, 0x7D, 0x0F, 0x00, 0x0B, 0xCB, 0xC0, 0x01,
    0xF6, 0xE0, 0x00, 0x3D, 0xF8, 0x00, 0x0F, 0xBF, 0x00, 0x03, 0xDB, 0xC0, 0x00, 0xF5, 0xF4, 0x00,
    0x7C, 0x3F, 0x00, 0x3D, 0x07, 0xF4, 0x7E, 0x00, 0x3F, 0xFD, 0x00, 0x00, 0x50, 0x00, 0x00, 0x00,
    0x00, 0x00, 0x3D, 0x00, 0x00, 0x7F, 0x00, 0x00, 0x3D, 0x00, 0x00, 0x00, 0x00, 0x15, 0x55, 0x55,
    0x3F, 0xFF, 0xFE, 0x00, 0x00, 0x00, 0x00, 0x00, 0x00, 0x00, 0x3E, 0x00, 0x00, 0x7F, 0x00, 0x00,
    0x28, 0x00, 0x00, 0x00, 0x00, 0x00, 0x01, 0xBF, 0xD3, 0xC0, 0x2F, 0x9B, 0xFC, 0x02, 0xF0, 0x07,
    0xE0, 0x0F, 0x00, 0x3F, 0xC0, 0xBC, 0x03, 0xEF, 0x42, 0xE0, 0x2D, 0x3D, 0x0F, 0x82, 0xD0, 0xF8,
    0x3F, 0x2D, 0x03, 0xD0, 0xBD, 0xE0, 0x0F, 0x41, 0xFE, 0x00, 0x7C, 0x03, 0xF0, 0x03, 0xD0, 0x0F,
    0xF4, 0x7E, 0x00, 0xF7, 0xFF, 0xD0, 0x01, 0x00, 0x50, 0x00, 0x00, 0x00, 0x10, 0x00, 0x00, 0x00,
    0x7C, 0x00, 0x00, 0x00, 0x3E, 0x00, 0x00, 0x00, 0x0F, 0x40, 0x00, 0x00, 0x02, 0xC0, 0x00, 0x00,
    0x00, 0x40, 0x00, 0x00, 0x00, 0x00, 0x00, 0x2B, 0xC0, 0x2B, 0xC0, 0x3F, 0xC0, 0x2F, 0xC0, 0x07,
    0xC0, 0x07, 0xC0, 0x07, 0xC0, 0x07, 0xC0, 0x07, 0xC0, 0x07, 0xC0, 0x07, 0xC0, 0x07, 0xC0, 0x07,
    0xC0, 0x07, 0xC0, 0x07, 0xC0, 0x07, 0xC0, 0x07, 0xC0, 0x07, 0xC0, 0x07, 0xC0, 0x0B, 0xC0, 0x03,
    0xD0, 0x0F, 0xC0, 0x03, 0xF9, 0xB7, 0xE4, 0x00, 0xFF, 0xD3, 0xFC, 0x00, 0x04, 0x00, 0x00, 0x00,
    0x00, 0x10, 0x00, 0x00, 0x00, 0xB8, 0x00, 0x00, 0x01, 0xF4, 0x00, 0x00, 0x03, 0xD0, 0x00, 0x00,
    0x0E, 0x00, 0x00, 0x00, 0x04, 0x00, 0x00, 0x00, 0x00, 0x00, 0x00, 0x2B, 0xC0, 0x2B, 0xC0, 0x3F,
    0xC0, 0x2F, 0xC0, 0x07, 0xC0, 0x07, 0xC0, 0x07, 0xC0, 0x07, 0xC0, 0x07, 0xC0, 0x07, 0xC0, 0x07,
    0xC0, 0x07, 0xC0, 0x07, 0xC0, 0x07, 0xC0, 0x07, 0xC0, 0x07, 0xC0, 0x07, 0xC0, 0x07, 0xC0, 0x07,
    0xC0, 0x0B, 0xC0, 0x03, 0xD0, 0x0F, 0xC0, 0x03, 0xF9, 0xB7, 0xE4, 0x00, 0xFF, 0xD3, 0xFC, 0x00,
    0x04, 0x00, 0x00, 0x00, 0x01, 0x00, 0x00, 0x00, 0x07, 0xC0, 0x00, 0x00, 0x1F, 0xF0, 0x00, 0x00,
    0x3D, 0xB8, 0x00, 0x00, 0xB0, 0x1D, 0x00, 0x00, 0x40, 0x00, 0x00, 0x00, 0x00, 0x00, 0x00, 0x2B,
    0xC0, 0x2B, 0xC0, 0x3F, 0xC0, 0x2F, 0xC0, 0x07, 0xC0, 0x07, 0xC0, 0x07, 0xC0, 0x07, 0xC0, 0x07,
    0xC0, 0x07, 0xC0, 0x07, 0xC0, 0x07, 0xC0, 0x07, 0xC0, 0x07, 0xC0, 0x07, 0xC0, 0x07, 0xC0, 0x07,
    0xC0, 0x07, 0xC0, 0x07, 0xC0, 0x0B, 0xC0, 0x03, 0xD0, 0x0F, 0xC0, 0x03, 0xF9, 0xB7, 0xE4, 0x00,
    0xFF, 0xD3, 0xFC, 0x00, 0x04, 0x00, 0x00, 0x00, 0x60, 0x18, 0x00, 0x01, 0xF8, 0x7E, 0x00, 0x00,
    0xF8, 0x7E, 0x00, 0x00, 0x50, 0x14, 0x00, 0x00, 0x00, 0x00, 0x00, 0x00, 0x00, 0x00, 0x00, 0x2B,
    0xC0, 0x2B, 0xC0, 0x3F, 0xC0, 0x2F, 0xC0, 0x07, 0xC0, 0x07, 0xC0, 0x07, 0xC0, 0x07, 0xC0, 0x07,
    0xC0, 0x07, 0xC0, 0x07, 0xC0, 0x07, 0xC0, 0x07, 0xC0, 0x07, 0xC0, 0x07, 0xC0, 0x07, 0xC0, 0x07,
    0xC0, 0x07, 0xC0, 0x07, 0xC0, 0x0B, 0xC0, 0x03, 0xD0, 0x0F, 0xC0, 0x03, 0xF9, 0xB7, 0xE4, 0x00,
    0xFF, 0xD3, 0xFC, 0x00, 0x04, 0x00, 0x00, 0x00, 0x00, 0x10, 0x00, 0x00, 0x02, 0xE0, 0x00, 0x00,
    0x1F, 0x40, 0x00, 0x00, 0xF4, 0x00, 0x00, 0x0E, 0x00, 0x00, 0x00, 0x10, 0x00, 0x00, 0x00, 0x00,
    0x00, 0x1A, 0xA9, 0x0A, 0xA8, 0x7F, 0xE4, 0x2F, 0xE0, 0x3F, 0x00, 0x1E, 0x00, 0x7C, 0x00, 0xB0,
    0x00, 0xF8, 0x03, 0x80, 0x02, 0xF0, 0x1C, 0x00, 0x03, 0xD0, 0xF0, 0x00, 0x0F, 0x83, 0x40, 0x00,
    0x1F, 0x2C, 0x00, 0x00, 0x3E, 0xD0, 0x00, 0x00, 0xBF, 0x00, 0x00, 0x00, 0xF8, 0x00, 0x00, 0x02,
    0xC0, 0x00, 0x00, 0x0F, 0x00, 0x00, 0x00, 0x74, 0x00, 0x03, 0xC3, 0xC0, 0x00, 0x2F, 0x1D, 0x00,
    0x00, 0xBF, 0xE0, 0x00, 0x00, 0x69, 0x00, 0x00, 0x00, 0x00, 0x00, 0x00, 0x01, 0xFF, 0x00, 0x00,
    0x01, 0xBC, 0x00, 0x00, 0x01, 0xF0, 0x00, 0x00, 0x03, 0xC0, 0x00, 0x00, 0x0F, 0x00, 0x00, 0x00,
    0x3C, 0x00, 0x00, 0x00, 0xF0, 0xBF, 0x80, 0x03, 0xDF, 0xFF, 0x80, 0x0F, 0xD0, 0x1F, 0x40, 0x3E,
    0x00, 0x3F, 0x00, 0xF0, 0x00, 0xBC, 0x03, 0xC0, 0x01, 0xF0, 0x0F, 0x00, 0x07, 0xC0, 0x3C, 0x00,
    0x1F, 0x00, 0xF0, 0x00, 0xBC, 0x03, 0xC0, 0x03, 0xE0, 0x0F, 0x00, 0x1F, 0x40, 0x3F, 0x96, 0xF8,
    0x00, 0xFB, 0xFF, 0x40, 0x03, 0xC0, 0x40, 0x00, 0x0F, 0x00, 0x00, 0x00, 0x3C, 0x00, 0x00, 0x01,
    0xF0, 0x00, 0x00, 0x3F, 0xFD, 0x00, 0x00, 0x55, 0x50, 0x00, 0x00, 0x00, 0x60, 0x18, 0x00, 0x07,
    0xE1, 0xF8, 0x00, 0x0F, 0x87, 0xE0, 0x00, 0x14, 0x05, 0x00, 0x00, 0x00, 0x00, 0x00, 0x00, 0x00,
    0x00, 0x06, 0xAA, 0x42, 0xAA, 0x1F, 0xF9, 0x0B, 0xF8, 0x0F, 0xC0, 0x07, 0x80, 0x1F, 0x00, 0x2C,
    0x00, 0x3E, 0x00, 0xE0, 0x00, 0xBC, 0x07, 0x00, 0x00, 0xF4, 0x3C, 0x00, 0x03, 0xE0, 0xD0, 0x00,
    0x07, 0xCB, 0x00, 0x00, 0x0F, 0xB4, 0x00, 0x00, 0x2F, 0xC0, 0x00, 0x00, 0x3E, 0x00, 0x00, 0x00,
    0xB0, 0x00, 0x00, 0x03, 0xC0, 0x00, 0x00, 0x1D, 0x00, 0x00, 0xF0, 0xF0, 0x00, 0x0B, 0xC7, 0x40,
    0x00, 0x2F, 0xF8, 0x00, 0x00, 0x1A, 0x40, 0x00, 0x00, 0x00, 0x0A, 0xAA, 0x80, 0x00, 0x00, 0xFF,
    0xFC, 0x00, 0x00, 0x00, 0x00, 0x00, 0x00, 0x00, 0x00, 0x00, 0x00, 0x00, 0x00, 0xA4, 0x00, 0x00,
    0x00, 0x1F, 0xC0, 0x00, 0x00, 0x02, 0xFD, 0x00, 0x00, 0x00, 0x3B, 0xE0, 0x00, 0x00, 0x07, 0x1F,
    0x00, 0x00, 0x00, 0xF0, 0xF4, 0x00, 0x00, 0x0D, 0x0F, 0xC0, 0x00, 0x02, 0xC0, 0x7C, 0x00, 0x00,
    0x3C, 0x03, 0xD0, 0x00, 0x03, 0x40, 0x2F, 0x00, 0x00, 0xB4, 0x02, 0xF0, 0x00, 0x0F, 0xFF, 0xFF,
    0x80, 0x01, 0xD0, 0x00, 0xFC, 0x00, 0x2C, 0x00, 0x07, 0xC0, 0x03, 0x80, 0x00, 0x3E, 0x00, 0x74,
    0x00, 0x02, 0xF0, 0x1F, 0x90, 0x00, 0x7F, 0x9B, 0xFF, 0x40, 0x2F, 0xFF, 0x0A, 0xAA, 0x40, 0x07,
    0xFF, 0xE0, 0x00, 0x00, 0x00, 0x00, 0x00, 0x00, 0x00, 0x00, 0x00, 0x00, 0x01, 0xFF, 0x80, 0x03,
    0xD5, 0xBC, 0x01, 0xE0, 0x0F, 0x40, 0xBC, 0x02, 0xE0, 0x05, 0x00, 0xBC, 0x00, 0x00, 0x2F, 0x00,
    0x1B, 0xFF, 0xC0, 0x2F, 0x96, 0xF0, 0x1F, 0x00, 0xBC, 0x0B, 0xC0, 0x2F, 0x02, 0xF0, 0x0F, 0xC0,
    0x7F, 0x6E, 0xF9, 0x0B, 0xFD, 0x3F, 0xC0, 0x14, 0x01, 0x00, 0x00, 0x00, 0x00, 0x00, 0x00, 0x02,
    0x80, 0x0C, 0x00, 0x00, 0x1D, 0x02, 0xC0, 0x00, 0x00, 0xFF, 0xF4, 0x00, 0x00, 0x03, 0xFD, 0x00,
    0x00, 0x00, 0x00, 0x00, 0x00, 0x00, 0x00, 0xA4, 0x00, 0x00, 0x00, 0x1F, 0xC0, 0x00, 0x00, 0x02,
    0xFD, 0x00, 0x00, 0x00, 0x3B, 0xE0, 0x00, 0x00, 0x07, 0x1F, 0x00, 0x00, 0x00, 0xF0, 0xF4, 0x00,
    0x00, 0x0D, 0x0F, 0xC0, 0x00, 0x02, 0xC0, 0x7C, 0x00, 0x00, 0x3C, 0x03, 0xD0, 0x00, 0x03, 0x40,
    0x2F, 0x00, 0x00, 0xB4, 0x02, 0xF0, 0x00, 0x0F, 0xFF, 0xFF, 0x80, 0x01, 0xD0, 0x00, 0xFC, 0x00,
    0x2C, 0x00, 0x07, 0xC0, 0x03, 0x80, 0x00, 0x3E, 0x00, 0x74, 0x00, 0x02, 0xF0, 0x1F, 0x90, 0x00,
    0x7F, 0x9B, 0xFF, 0x40, 0x2F, 0xFF, 0x00, 0x00, 0x00, 0x07, 0x00, 0x30, 0x00, 0xD0, 0x38, 0x00,
    0x3F, 0xBC, 0x00, 0x03, 0xFD, 0x00, 0x00, 0x04, 0x00, 0x00, 0x00, 0x00, 0x00, 0x1F, 0xF8, 0x00,
    0x3D, 0x5B, 0xC0, 0x1E, 0x00, 0xF4, 0x0B, 0xC0, 0x2E, 0x00, 0x50, 0x0B, 0xC0, 0x00, 0x02, 0xF0,
    0x01, 0xBF, 0xFC, 0x02, 0xF9, 0x6F, 0x01, 0xF0, 0x0B, 0xC0, 0xBC, 0x02, 0xF0, 0x2F, 0x00, 0xFC,
    0x07, 0xF6, 0xEF, 0x90, 0xBF, 0xD3, 0xFC, 0x01, 0x40, 0x10, 0x00, 0x00, 0x00, 0xA4, 0x00, 0x00,
    0x00, 0x1F, 0xC0, 0x00, 0x00, 0x02, 0xFD, 0x00, 0x00, 0x00, 0x3B, 0xE0, 0x00, 0x00, 0x07, 0x1F,
    0x00, 0x00, 0x00, 0xF0, 0xF4, 0x00, 0x00, 0x0D, 0x0F, 0xC0, 0x00, 0x02, 0xC0, 0x7C, 0x00, 0x00,
    0x3C, 0x03, 0xD0, 0x00, 0x03, 0x40, 0x2F, 0x00, 0x00, 0xB4, 0x02, 0xF0, 0x00, 0x0F, 0xFF, 0xFF,
    0x80, 0x01, 0xD0, 0x00, 0xFC, 0x00, 0x2C, 0x00, 0x07, 0xC0, 0x03, 0x80, 0x00, 0x3E, 0x00, 0x74,
    0x00, 0x02, 0xF0, 0x1F, 0x90, 0x00, 0x7F, 0x9B, 0xFF, 0x40, 0x2F, 0xFF, 0x00, 0x00, 0x00, 0x1D,
    0x00, 0x00, 0x00, 0x07, 0x40, 0x00, 0x00, 0x00, 0xF0, 0x00, 0x00, 0x00, 0x1F, 0x00, 0x00, 0x00,
    0x00, 0xFF, 0x00, 0x00, 0x00, 0x06, 0x80, 0x00, 0x00, 0x00, 0x01, 0xFF, 0x80, 0x03, 0xD5, 0xBC,
    0x01, 0xE0, 0x0F, 0x40, 0xBC, 0x02, 0xE0, 0x05, 0x00, 0xBC, 0x00, 0x00, 0x2F, 0x00, 0x1B, 0xFF,
    0xC0, 0x2F, 0x96, 0xF0, 0x1F, 0x00, 0xBC, 0x0B, 0xC0, 0x2F, 0x02, 0xF0, 0x0F, 0xC0, 0x7F, 0x6E,
    0xF9, 0x0B, 0xFD, 0x3F, 0xC0, 0x14, 0x02, 0xC0, 0x00, 0x02, 0xC0, 0x00, 0x01, 0xE0, 0x00, 0x00,
    0xB8, 0x00, 0x00, 0x1F, 0xF0, 0x00, 0x01, 0xA0, 0x00, 0x00, 0x00, 0x00, 0x00, 0x00, 0x2C, 0x00,
    0x00, 0x00, 0xBD, 0x00, 0x00, 0x03, 0xF4, 0x00, 0x00, 0x0B, 0x40, 0x00, 0x00, 0x00, 0x00, 0x00,
    0x00, 0x1B, 0xF8, 0x30, 0x00, 0xFF, 0xBF, 0xB4, 0x03, 0xE0, 0x02, 0xF4, 0x0F, 0x80, 0x00, 0xB8,
    0x2F, 0x00, 0x00, 0x3C, 0x3E, 0x00, 0x00, 0x2C, 0x3D, 0x00, 0x00, 0x00, 0x7D, 0x00, 0x00, 0x00,
    0xBC, 0x00, 0x00, 0x00, 0xBC, 0x00, 0x00, 0x00, 0x7D, 0x00, 0x00, 0x00, 0x7D, 0x00, 0x00, 0x00,
    0x3E, 0x00, 0x00, 0x00, 0x2F, 0x00, 0x00, 0x00, 0x0F, 0xC0, 0x00, 0x1C, 0x0B, 0xE0, 0x00, 0x78,
    0x02, 0xFE, 0x5B, 0xE0, 0x00, 0x2F, 0xFF, 0x40, 0x00, 0x00, 0x50, 0x00, 0x00, 0x01, 0x00, 0x00,
    0x1F, 0x00, 0x00, 0xFC, 0x00, 0x0F, 0x80, 0x00, 0xB4, 0x00, 0x00, 0x00, 0x00, 0x00, 0x00, 0x00,
    0x7F, 0xE0, 0x0B, 0xD6, 0xF0, 0xBC, 0x03, 0xE3, 0xD0, 0x1F, 0xAF, 0x00, 0x3C, 0xBC, 0x00, 0x03,
    0xE0, 0x00, 0x0F, 0xC0, 0x00, 0x2F, 0x00, 0x00, 0x7D, 0x00, 0x00, 0xFD, 0x00, 0x91, 0xFF, 0xAF,
    0x40, 0xFF, 0xF0, 0x00, 0x14, 0x00, 0x00, 0x00, 0x40, 0x00, 0x00, 0x03, 0xE0, 0x00, 0x00, 0x0B,
    0xF8, 0x00, 0x00, 0x2E, 0x7D, 0x00, 0x00, 0x74, 0x07, 0x00, 0x00, 0x00, 0x00, 0x00, 0x00, 0x1B,
    0xF8, 0x30, 0x00, 0xFF, 0xBF, 0xB4, 0x03, 0xE0, 0x02, 0xF4, 0x0F, 0x80, 0x00, 0xB8, 0x2F, 0x00,
    0x00, 0x3C, 0x3E, 0x00, 0x00, 0x2C, 0x3D, 0x00, 0x00, 0x00, 0x7D, 0x00, 0x00, 0x00, 0xBC, 0x00,
    0x00, 0x00, 0xBC, 0x00, 0x00, 0x00, 0x7D, 0x00, 0x00, 0x00, 0x7D, 0x00, 0x00, 0x00, 0x3E, 0x00,
    0x00, 0x00, 0x2F, 0x00, 0x00, 0x00, 0x0F, 0xC0, 0x00, 0x1C, 0x0B, 0xE0, 0x00, 0x78, 0x02, 0xFE,
    0x5B, 0xE0, 0x00, 0x2F, 0xFF, 0x40, 0x00, 0x00, 0x50, 0x00, 0x00, 0x04, 0x00, 0x00, 0xF4, 0x00,
    0x0F, 0xF0, 0x00, 0xB9, 0xF0, 0x07, 0x40, 0xE0, 0x00, 0x00, 0x00, 0x00, 0x00, 0x00, 0x7F, 0xE0,
    0x0B, 0xD6, 0xF0, 0xBC, 0x03, 0xE3, 0xD0, 0x1F, 0xAF, 0x00, 0x3C, 0xBC, 0x00, 0x03, 0xE0, 0x00,
    0x0F, 0xC0, 0x00, 0x2F, 0x00, 0x00, 0x7D, 0x00, 0x00, 0xFD, 0x00, 0x91, 0xFF, 0xAF, 0x40, 0xFF,
    0xF0, 0x00, 0x14, 0x00, 0x00, 0x00, 0x40, 0x00, 0x00, 0x03, 0xF0, 0x00, 0x00, 0x03, 0xF0, 0x00,
    0x00, 0x02, 0xD0, 0x00, 0x00, 0x00, 0x00, 0x00, 0x00, 0x1B, 0xF8, 0x30, 0x00, 0xFF, 0xBF, 0xB4,
    0x03, 0xE0, 0x02, 0xF4, 0x0F, 0x80, 0x00, 0xB8, 0x2F, 0x00, 0x00, 0x3C, 0x3E, 0x00, 0x00, 0x2C,
    0x3D, 0x00, 0x00, 0x00, 0x7D, 0x00, 0x00, 0x00, 0xBC, 0x00, 0x00, 0x00, 0xBC, 0x00, 0x00, 0x00,
    0x7D, 0x00, 0x00, 0x00, 0x7D, 0x00, 0x00, 0x00, 0x3E, 0x00, 0x00, 0x00, 0x2F, 0x00, 0x00, 0x00,
    0x0F, 0xC0, 0x00, 0x1C, 0x0B, 0xE0, 0x00, 0x78, 0x02, 0xFE, 0x5B, 0xE0, 0x00, 0x2F, 0xFF, 0x40,
    0x00, 0x00, 0x50, 0x00, 0x00, 0x28, 0x00, 0x02, 0xF8, 0x00, 0x07, 0xE0, 0x00, 0x05, 0x00, 0x00,
    0x00, 0x00, 0x00, 0x00, 0x00, 0x1F, 0xF8, 0x02, 0xF5, 0xBC, 0x2F, 0x00, 0xF8, 0xF4, 0x07, 0xEB,
    0xC0, 0x0F, 0x2F, 0x00, 0x00, 0xF8, 0x00, 0x03, 0xF0, 0x00, 0x0B, 0xC0, 0x00, 0x1F, 0x40, 0x00,
    0x3F, 0x40, 0x24, 0x7F, 0xEB, 0xD0, 0x3F, 0xFC, 0x00, 0x05, 0x00, 0x00, 0x00, 0x00, 0x00, 0x00,
    0x74, 0x0B, 0x00, 0x00, 0x2F, 0x7D, 0x00, 0x00, 0x0B, 0xF4, 0x00, 0x00, 0x02, 0xD0, 0x00, 0x00,
    0x00, 0x00, 0x00, 0x00, 0x1B, 0xF8, 0x30, 0x00, 0xFF, 0xBF, 0xB4, 0x03, 0xE0, 0x02, 0xF4, 0x0F,
    0x80, 0x00, 0xB8, 0x2F, 0x00, 0x00, 0x3C, 0x3E, 0x00, 0x00, 0x2C, 0x3D, 0x00, 0x00, 0x00, 0x7D,
    0x00, 0x00, 0x00, 0xBC, 0x00, 0x00, 0x00, 0xBC, 0x00, 0x00, 0x00, 0x7D, 0x00, 0x00, 0x00, 0x7D,
    0x00, 0x00, 0x00, 0x3E, 0x00, 0x00, 0x00, 0x2F, 0x00, 0x00, 0x00, 0x0F, 0xC0, 0x00, 0x1C, 0x0B,
    0xE0, 0x00, 0x78, 0x02, 0xFE, 0x5B, 0xE0, 0x00, 0x2F, 0xFF, 0x40, 0x00, 0x00, 0x50, 0x00, 0x00,
    0x00, 0x00, 0x1D, 0x03, 0x80, 0x2D, 0x7C, 0x00, 0x3F, 0xC0, 0x00, 0x3D, 0x00, 0x00, 0x10, 0x00,
    0x00, 0x00, 0x00, 0x7F, 0xE0, 0x0B, 0xD6, 0xF0, 0xBC, 0x03, 0xE3, 0xD0, 0x1F, 0xAF, 0x00, 0x3C,
    0xBC, 0x00, 0x03, 0xE0, 0x00, 0x0F, 0xC0, 0x00, 0x2F, 0x00, 0x00, 0x7D, 0x00, 0x00, 0xFD, 0x00,
    0x91, 0xFF, 0xAF, 0x40, 0xFF, 0xF0, 0x00, 0x14, 0x00, 0x00, 0x00, 0x00, 0x00, 0x00, 0x3C, 0x07,
    0x80, 0x00, 0x03, 0xEB, 0xC0, 0x00, 0x00, 0x3F, 0xC0, 0x00, 0x00, 0x03, 0xC0, 0x00, 0x00, 0x00,
    0x00, 0x00, 0x02, 0xAA, 0x95, 0x00, 0x01, 0xFF, 0xFF, 0xFE, 0x00, 0x07, 0xD0, 0x07, 0xF4, 0x00,
    0xF4, 0x00, 0x2F, 0x40, 0x3D, 0x00, 0x03, 0xF0, 0x0F, 0x40, 0x00, 0x7D, 0x03, 0xD0, 0x00, 0x0F,
    0x80, 0xF4, 0x00, 0x03, 0xF0, 0x3D, 0x00, 0x00, 0xFC, 0x0F, 0x40, 0x00, 0x3F, 0x03, 0xD0, 0x00,
    0x0F, 0x80, 0xF4, 0x00, 0x03, 0xE0, 0x3D, 0x00, 0x01, 0xF0, 0x0F, 0x40, 0x00, 0xBC, 0x03, 0xD0,
    0x00, 0x7C, 0x01, 0xF4, 0x00, 0x7D, 0x01, 0xBE, 0x56, 0xFC, 0x01, 0xFF, 0xFF, 0xE0, 0x00, 0x00,
    0x00, 0x00, 0x00, 0x00, 0x02, 0xFE, 0x3E, 0x00, 0x00, 0x7E, 0x2F, 0x00, 0x00, 0x2E, 0x0E, 0x00,
    0x00, 0x2E, 0x1C, 0x00, 0x00, 0x2E, 0x34, 0x00, 0x00, 0x2E, 0x00, 0x01, 0xFF, 0xBE, 0x00, 0x0B,
    0xEB, 0xFE, 0x00, 0x2F, 0x00, 0x3E, 0x00, 0x3D, 0x00, 0x2E, 0x00, 0x7C, 0x00, 0x2E, 0x00, 0xBC,
    0x00, 0x2E, 0x00, 0xF8, 0x00, 0x2E, 0x00, 0xF8, 0x00, 0x2E, 0x00, 0xBC, 0x00, 0x2E, 0x00, 0xBC,
    0x00, 0x3E, 0x00, 0x3E, 0x00, 0xBE, 0x00, 0x2F, 0xEB, 0xEF, 0x40, 0x0B, 0xFF, 0x1F, 0xE0, 0x00,
    0x50, 0x00, 0x00, 0x2A, 0xA9, 0x50, 0x00, 0x1F, 0xFF, 0xFF, 0xE0, 0x00, 0x7D, 0x00, 0x7F, 0x40,
    0x0F, 0x40, 0x02, 0xF4, 0x03, 0xD0, 0x00, 0x3F, 0x00, 0xF4, 0x00, 0x07, 0xD0, 0x3D, 0x00, 0x00,
    0xF8, 0x0F, 0x40, 0x00, 0x3F, 0xBF, 0xFF, 0xF0, 0x0F, 0xEF, 0xFF, 0xFC, 0x03, 0xF0, 0x3D, 0x00,
    0x00, 0xF8, 0x0F, 0x40, 0x00, 0x3E, 0x03, 0xD0, 0x00, 0x1F, 0x00, 0xF4, 0x00, 0x0B, 0xC0, 0x3D,
    0x00, 0x07, 0xC0, 0x1F, 0x40, 0x07, 0xD0, 0x1B, 0xE5, 0x6F, 0xC0, 0x1F, 0xFF, 0xFE, 0x00, 0x00,
    0x00, 0x00, 0x00, 0x00, 0x00, 0x0B, 0xF8, 0x00, 0x00, 0x07, 0xE0, 0x00, 0x00, 0x0B, 0x80, 0x00,
    0x0F, 0xFF, 0xF0, 0x00, 0x2A, 0xFE, 0x80, 0x00, 0x02, 0xE0, 0x00, 0x7F, 0xEF, 0x80, 0x0B, 0xEB,
    0xFE, 0x00, 0xBC, 0x00, 0xF8, 0x03, 0xD0, 0x02, 0xE0, 0x1F, 0x00, 0x0B, 0x80, 0xBC, 0x00, 0x2E,
    0x03, 0xE0, 0x00, 0xB8, 0x0F, 0x80, 0x02, 0xE0, 0x2F, 0x00, 0x0B, 0x80, 0xBC, 0x00, 0x3E, 0x00,
    0xF8, 0x02, 0xF8, 0x02, 0xFE, 0xBE, 0xF4, 0x02, 0xFF, 0xC7, 0xF8, 0x00, 0x50, 0x00, 0x00, 0x01,
    0xAA, 0xA4, 0x00, 0x1F, 0xFF, 0x80, 0x00, 0x00, 0x00, 0x00, 0x00, 0x00, 0x00, 0x2A, 0xAA, 0xAA,
    0x07, 0xFF, 0xFF, 0xF4, 0x07, 0xD0, 0x0B, 0x80, 0x3D, 0x00, 0x3C, 0x03, 0xD0, 0x01, 0x80, 0x3D,
    0x00, 0x00, 0x03, 0xD0, 0x08, 0x00, 0x3D, 0x02, 0xC0, 0x03, 0xFA, 0xFC, 0x00, 0x3F, 0xFF, 0xC0,
    0x03, 0xD0, 0x2C, 0x00, 0x3D, 0x01, 0xC0, 0x03, 0xD0, 0x00, 0x00, 0x3D, 0x00, 0x09, 0x03, 0xD0,
    0x00, 0xD0, 0x7D, 0x00, 0x2D, 0x1B, 0xE5, 0x5B, 0xC7, 0xFF, 0xFF, 0xFC, 0x06, 0xAA, 0x90, 0x0B,
    0xFF, 0xD0, 0x00, 0x00, 0x00, 0x00, 0x00, 0x00, 0x00, 0x00, 0x00, 0x01, 0xFF, 0x80, 0x0B, 0x97,
    0xF0, 0x2E, 0x00, 0xF4, 0x3C, 0x00, 0xBC, 0xBC, 0x00, 0x7C, 0xBE, 0xAA, 0xFC, 0xFF, 0xFF, 0xF8,
    0xFC, 0x00, 0x00, 0xBC, 0x00, 0x00, 0x7D, 0x00, 0x00, 0x3F, 0x00, 0x18, 0x0F, 0xEA, 0xF4, 0x03,
    0xFF, 0xD0, 0x00, 0x14, 0x00, 0x00, 0x00, 0x00, 0x00, 0x24, 0x00, 0xC0, 0x02, 0xC0, 0x3C, 0x00,
    0x0F, 0xFF, 0x00, 0x00, 0x3F, 0xD0, 0x00, 0x00, 0x00, 0x00, 0x2A, 0xAA, 0xAA, 0x07, 0xFF, 0xFF,
    0xF4, 0x07, 0xD0, 0x0B, 0x80, 0x3D, 0x00, 0x3C, 0x03, 0xD0, 0x01, 0x80, 0x3D, 0x00, 0x00, 0x03,
    0xD0, 0x08, 0x00, 0x3D, 0x02, 0xC0, 0x03, 0xFA, 0xFC, 0x00, 0x3F, 0xFF, 0xC0, 0x03, 0xD0, 0x2C,
    0x00, 0x3D, 0x01, 0xC0, 0x03, 0xD0, 0x00, 0x00, 0x3D, 0x00, 0x09, 0x03, 0xD0, 0x00, 0xD0, 0x7D,
    0x00, 0x2D, 0x1B, 0xE5, 0x5B, 0xC7, 0xFF, 0xFF, 0xFC, 0x00, 0x00, 0x00, 0x0A, 0x00, 0x60, 0x07,
    0x00, 0xD0, 0x03, 0xFF, 0xC0, 0x01, 0xFF, 0x00, 0x00, 0x10, 0x00, 0x00, 0x00, 0x00, 0x01, 0xFF,
    0x80, 0x0B, 0x97, 0xF0, 0x2E, 0x00, 0xF4, 0x3C, 0x00, 0xBC, 0xBC, 0x00, 0x7C, 0xBE, 0xAA, 0xFC,
    0xFF, 0xFF, 0xF8, 0xFC, 0x00, 0x00, 0xBC, 0x00, 0x00, 0x7D, 0x00, 0x00, 0x3F, 0x00, 0x18, 0x0F,
    0xEA, 0xF4, 0x03, 0xFF, 0xD0, 0x00, 0x14, 0x00, 0x00, 0x05, 0x00, 0x00, 0x01, 0xF8, 0x00, 0x00,
    0x2F, 0x80, 0x00, 0x00, 0xA0, 0x00, 0x00, 0x00, 0x00, 0x02, 0xAA, 0xAA, 0xA0, 0x7F, 0xFF, 0xFF,
    0x40, 0x7D, 0x00, 0xB8, 0x03, 0xD0, 0x03, 0xC0, 0x3D, 0x00, 0x18, 0x03, 0xD0, 0x00, 0x00, 0x3D,
    0x00, 0x80, 0x03, 0xD0, 0x2C, 0x00, 0x3F, 0xAF, 0xC0, 0x03, 0xFF, 0xFC, 0x00, 0x3D, 0x02, 0xC0,
    0x03, 0xD0, 0x1C, 0x00, 0x3D, 0x00, 0x00, 0x03, 0xD0, 0x00, 0x90, 0x3D, 0x00, 0x0D, 0x07, 0xD0,
    0x02, 0xD1, 0xBE, 0x55, 0xBC, 0x7F, 0xFF, 0xFF, 0xC0, 0x00, 0x28, 0x00, 0x00, 0xBE, 0x00, 0x00,
    0xBD, 0x00, 0x00, 0x14, 0x00, 0x00, 0x00, 0x00, 0x00, 0x00, 0x00, 0x01, 0xFF, 0x80, 0x0B, 0x97,
    0xF0, 0x2E, 0x00, 0xF4, 0x3C, 0x00, 0xBC, 0xBC, 0x00, 0x7C, 0xBE, 0xAA, 0xFC, 0xFF, 0xFF, 0xF8,
    0xFC, 0x00, 0x00, 0xBC, 0x00, 0x00, 0x7D, 0x00, 0x00, 0x3F, 0x00, 0x18, 0x0F, 0xEA, 0xF4, 0x03,
    0xFF, 0xD0, 0x00, 0x14, 0x00, 0x2A, 0xAA, 0xAA, 0x07, 0xFF, 0xFF, 0xF4, 0x07, 0xD0, 0x0B, 0x80,
    0x3D, 0x00, 0x3C, 0x03, 0xD0, 0x01, 0x80, 0x3D, 0x00, 0x00, 0x03, 0xD0, 0x08, 0x00, 0x3D, 0x02,
    0xC0, 0x03, 0xFA, 0xFC, 0x00, 0x3F, 0xFF, 0xC0, 0x03, 0xD0, 0x2C, 0x00, 0x3D, 0x01, 0xC0, 0x03,
    0xD0, 0x00, 0x00, 0x3D, 0x00, 0x09, 0x03, 0xD0, 0x00, 0xD0, 0x7D, 0x00, 0x2D, 0x1B, 0xE5, 0x5B,
    0xC7, 0xFF, 0xFF, 0xFC, 0x00, 0x00, 0x0B, 0x00, 0x00, 0x03, 0xC0, 0x00, 0x00, 0xB4, 0x00, 0x00,
    0x0F, 0x40, 0x00, 0x00, 0xBF, 0x80, 0x00, 0x02, 0xA0, 0x00, 0x00, 0x00, 0x01, 0xFF, 0x80, 0x0B,
    0x97, 0xF0, 0x2E, 0x00, 0xF4, 0x3C, 0x00, 0xBC, 0xBC, 0x00, 0x7C, 0xBE, 0xAA, 0xFC, 0xFF, 0xFF,
    0xF8, 0xFC, 0x00, 0x00, 0xBC, 0x00, 0x00, 0x7D, 0x00, 0x00, 0x3F, 0x00, 0x18, 0x0F, 0xEA, 0xF4,
    0x03, 0xFF, 0xD0, 0x00, 0x1F, 0x00, 0x00, 0x2C, 0x00, 0x00, 0x3C, 0x00, 0x00, 0x7C, 0x00, 0x00,
    0x3F, 0xC0, 0x00, 0x1A, 0x00, 0x00, 0x00, 0x00, 0x00, 0x2D, 0x02, 0xC0, 0x00, 0xFA, 0xF0, 0x00,
    0x03, 0xFC, 0x00, 0x00, 0x0F, 0x00, 0x00, 0x00, 0x00, 0x00, 0x2A, 0xAA, 0xAA, 0x07, 0xFF, 0xFF,
    0xF4, 0x07, 0xD0, 0x0B, 0x80, 0x3D, 0x00, 0x3C, 0x03, 0xD0, 0x01, 0x80, 0x3D, 0x00, 0x00, 0x03,
    0xD0, 0x08, 0x00, 0x3D, 0x02, 0xC0, 0x03, 0xFA, 0xFC, 0x00, 0x3F, 0xFF, 0xC0, 0x03, 0xD0, 0x2C,
    0x00, 0x3D, 0x01, 0xC0, 0x03, 0xD0, 0x00, 0x00, 0x3D, 0x00, 0x09, 0x03, 0xD0, 0x00, 0xD0, 0x7D,
    0x00, 0x2D, 0x1B, 0xE5, 0x5B, 0xC7, 0xFF, 0xFF, 0xFC, 0x00, 0x00, 0x00, 0x0B, 0x00, 0xD0, 0x03,
    0xD7, 0xC0, 0x00, 0xFF, 0x00, 0x00, 0x7D, 0x00, 0x00, 0x14, 0x00, 0x00, 0x00, 0x00, 0x01, 0xFF,
    0x80, 0x0B, 0x97, 0xF0, 0x2E, 0x00, 0xF4, 0x3C, 0x00, 0xBC, 0xBC, 0x00, 0x7C, 0xBE, 0xAA, 0xFC,
    0xFF, 0xFF, 0xF8, 0xFC, 0x00, 0x00, 0xBC, 0x00, 0x00, 0x7D, 0x00, 0x00, 0x3F, 0x00, 0x18, 0x0F,
    0xEA, 0xF4, 0x03, 0xFF, 0xD0, 0x00, 0x14, 0x00, 0x00, 0x00, 0x40, 0x00, 0x00, 0x00, 0x3E, 0x00,
    0x00, 0x00, 0x0B, 0xF8, 0x00, 0x00, 0x02, 0xE7, 0xD0, 0x00, 0x00, 0x74, 0x07, 0x00, 0x00, 0x00,
    0x00, 0x00, 0x00, 0x00, 0x1B, 0xF8, 0x30, 0x00, 0x0F, 0xFB, 0xFB, 0x40, 0x03, 0xE0, 0x02, 0xF8,
    0x00, 0xF8, 0x00, 0x0B, 0xC0, 0x2F, 0x00, 0x00, 0x3C, 0x03, 0xE0, 0x00, 0x01, 0xC0, 0x3D, 0x00,
    0x00, 0x00, 0x07, 0xD0, 0x00, 0x00, 0x00, 0x7C, 0x00, 0x00, 0x00, 0x0B, 0xC0, 0x00, 0x15, 0x54,
    0x7D, 0x00, 0x0B, 0xFF, 0xC7, 0xD0, 0x00, 0x07, 0xD0, 0x3E, 0x00, 0x00, 0x7C, 0x03, 0xF0, 0x00,
    0x07, 0xC0, 0x1F, 0x80, 0x00, 0x7C, 0x00, 0xBD, 0x00, 0x0B, 0xC0, 0x02, 0xFD, 0x5B, 0xFC, 0x00,
    0x07, 0xFF, 0xF5, 0xC0, 0x00, 0x01, 0x50, 0x00, 0x00, 0x00, 0x04, 0x00, 0x00, 0x02, 0xF0, 0x00,
    0x00, 0x7F, 0x80, 0x00, 0x0F, 0x2D, 0x00, 0x03, 0x80, 0x70, 0x00, 0x10, 0x00, 0x14, 0x00, 0x00,
    0x0B, 0xF0, 0x1F, 0xF9, 0xEE, 0x0B, 0xD6, 0xF8, 0x01, 0xF0, 0x07, 0xC0, 0x2E, 0x00, 0x3D, 0x03,
    0xE0, 0x03, 0xD0, 0x2F, 0x00, 0x3D, 0x01, 0xF4, 0x0B, 0xC0, 0x07, 0xFB, 0xF0, 0x00, 0x7A, 0xA4,
    0x00, 0x0E, 0x00, 0x00, 0x02, 0xF0, 0x00, 0x00, 0x1F, 0xFF, 0xFE, 0x00, 0xBF, 0xFF, 0xF8, 0x1E,
    0x00, 0x1F, 0xC3, 0xC0, 0x00, 0x7C, 0x7C, 0x00, 0x0B, 0x83, 0xE0, 0x02, 0xF0, 0x2F, 0xFF, 0xFD,
    0x00, 0x1A, 0xA9, 0x00, 0x00, 0x00, 0x00, 0x00, 0x00, 0x06, 0x00, 0x34, 0x00, 0x00, 0x34, 0x0B,
    0x00, 0x00, 0x03, 0xFF, 0xE0, 0x00, 0x00, 0x0B, 0xF8, 0x00, 0x00, 0x00, 0x00, 0x00, 0x00, 0x00,
    0x1B, 0xF8, 0x30, 0x00, 0x0F, 0xFB, 0xFB, 0x40, 0x03, 0xE0, 0x02, 0xF8, 0x00, 0xF8, 0x00, 0x0B,
    0xC0, 0x2F, 0x00, 0x00, 0x3C, 0x03, 0xE0, 0x00, 0x01, 0xC0, 0x3D, 0x00, 0x00, 0x00, 0x07, 0xD0,
    0x00, 0x00, 0x00, 0x7C, 0x00, 0x00, 0x00, 0x0B, 0xC0, 0x00, 0x15, 0x54, 0x7D, 0x00, 0x0B, 0xFF,
    0xC7, 0xD0, 0x00, 0x07, 0xD0, 0x3E, 0x00, 0x00, 0x7C, 0x03, 0xF0, 0x00, 0x07, 0xC0, 0x1F, 0x80,
    0x00, 0x7C, 0x00, 0xBD, 0x00, 0x0B, 0xC0, 0x02, 0xFD, 0x5B, 0xFC, 0x00, 0x07, 0xFF, 0xF5, 0xC0,
    0x00, 0x01, 0x50, 0x00, 0x00, 0x00, 0x00, 0x00, 0x00, 0x30, 0x03, 0x00, 0x03, 0x80, 0xB0, 0x00,
    0x2F, 0xBD, 0x00, 0x00, 0xBF, 0x80, 0x00, 0x00, 0x40, 0x14, 0x00, 0x00, 0x0B, 0xF0, 0x1F, 0xF9,
    0xEE, 0x0B, 0xD6, 0xF8, 0x01, 0xF0, 0x07, 0xC0, 0x2E, 0x00, 0x3D, 0x03, 0xE0, 0x03, 0xD0, 0x2F,
    0x00, 0x3D, 0x01, 0xF4, 0x0B, 0xC0, 0x07, 0xFB, 0xF0, 0x00, 0x7A, 0xA4, 0x00, 0x0E, 0x00, 0x00,
    0x02, 0xF0, 0x00, 0x00, 0x1F, 0xFF, 0xFE, 0x00, 0xBF, 0xFF, 0xF8, 0x1E, 0x00, 0x1F, 0xC3, 0xC0,
    0x00, 0x7C, 0x7C, 0x00, 0x0B, 0x83, 0xE0, 0x02, 0xF0, 0x2F, 0xFF, 0xFD, 0x00, 0x1A, 0xA9, 0x00,
    0x00, 0x00, 0x40, 0x00, 0x00, 0x00, 0x3F, 0x00, 0x00, 0x00, 0x03, 0xF0, 0x00, 0x00, 0x00, 0x2D,
    0x00, 0x00, 0x00, 0x00, 0x00, 0x00, 0x00, 0x01, 0xBF, 0x83, 0x00, 0x00, 0xFF, 0xBF, 0xB4, 0x00,
    0x3E, 0x00, 0x2F, 0x80, 0x0F, 0x80, 0x00, 0xBC, 0x02, 0xF0, 0x00, 0x03, 0xC0, 0x3E, 0x00, 0x00,
    0x1C, 0x03, 0xD0, 0x00, 0x00, 0x00, 0x7D, 0x00, 0x00, 0x00, 0x07, 0xC0, 0x00, 0x00, 0x00, 0xBC,
    0x00, 0x01, 0x55, 0x47, 0xD0, 0x00, 0xBF, 0xFC, 0x7D, 0x00, 0x00, 0x7D, 0x03, 0xE0, 0x00, 0x07,
    0xC0, 0x3F, 0x00, 0x00, 0x7C, 0x01, 0xF8, 0x00, 0x07, 0xC0, 0x0B, 0xD0, 0x00, 0xBC, 0x00, 0x2F,
    0xD5, 0xBF, 0xC0, 0x00, 0x7F, 0xFF, 0x5C, 0x00, 0x00, 0x15, 0x00, 0x00, 0x00, 0x1D, 0x00, 0x00,
    0x03, 0xF0, 0x00, 0x00, 0x3F, 0x00, 0x00, 0x00, 0x40, 0x00, 0x00, 0x00, 0x01, 0x40, 0x00, 0x00,
    0xBF, 0x01, 0xFF, 0x9E, 0xE0, 0xBD, 0x6F, 0x80, 0x1F, 0x00, 0x7C, 0x02, 0xE0, 0x03, 0xD0, 0x3E,
    0x00, 0x3D, 0x02, 0xF0, 0x03, 0xD0, 0x1F, 0x40, 0xBC, 0x00, 0x7F, 0xBF, 0x00, 0x07, 0xAA, 0x40,
    0x00, 0xE0, 0x00, 0x00, 0x2F, 0x00, 0x00, 0x01, 0xFF, 0xFF, 0xE0, 0x0B, 0xFF, 0xFF, 0x81, 0xE0,
    0x01, 0xFC, 0x3C, 0x00, 0x07, 0xC7, 0xC0, 0x00, 0xB8, 0x3E, 0x00, 0x2F, 0x02, 0xFF, 0xFF, 0xD0,
    0x01, 0xAA, 0x90, 0x00, 0x00, 0x1B, 0xF8, 0x30, 0x00, 0x0F, 0xFB, 0xFB, 0x40, 0x03, 0xE0, 0x02,
    0xF8, 0x00, 0xF8, 0x00, 0x0B, 0xC0, 0x2F, 0x00, 0x00, 0x3C, 0x03, 0xE0, 0x00, 0x01, 0xC0, 0x3D,
    0x00, 0x00, 0x00, 0x07, 0xD0, 0x00, 0x00, 0x00, 0x7C, 0x00, 0x00, 0x00, 0x0B, 0xC0, 0x00, 0x15,
    0x54, 0x7D, 0x00, 0x0B, 0xFF, 0xC7, 0xD0, 0x00, 0x07, 0xD0, 0x3E, 0x00, 0x00, 0x7C, 0x03, 0xF0,
    0x00, 0x07, 0xC0, 0x1F, 0x80, 0x00, 0x7C, 0x00, 0xBD, 0x00, 0x0B, 0xC0, 0x02, 0xFD, 0x5B, 0xFC,
    0x00, 0x07, 0xFF, 0xF5, 0xC0, 0x00, 0x01, 0x50, 0x00, 0x00, 0x00, 0x00, 0x00, 0x00, 0x00, 0x03,
    0xE0, 0x00, 0x00, 0x00, 0x7F, 0x00, 0x00, 0x00, 0x03, 0xE0, 0x00, 0x00, 0x00, 0x00, 0x00, 0x00,
    0x00, 0x05, 0x00, 0x00, 0x01, 0xC0, 0x00, 0x00, 0x38, 0x00, 0x00, 0x03, 0xE0, 0x00, 0x00, 0x3F,
    0x00, 0x00, 0x00, 0x80, 0x14, 0x00, 0x00, 0x0B, 0xF0, 0x1F, 0xF9, 0xEE, 0x0B, 0xD6, 0xF8, 0x01,
    0xF0, 0x07, 0xC0, 0x2E, 0x00, 0x3D, 0x03, 0xE0, 0x03, 0xD0, 0x2F, 0x00, 0x3D, 0x01, 0xF4, 0x0B,
    0xC0, 0x07, 0xFB, 0xF0, 0x00, 0x7A, 0xA4, 0x00, 0x0E, 0x00, 0x00, 0x02, 0xF0, 0x00, 0x00, 0x1F,
    0xFF, 0xFE, 0x00, 0xBF, 0xFF, 0xF8, 0x1E, 0x00, 0x1F, 0xC3, 0xC0, 0x00, 0x7C, 0x7C, 0x00, 0x0B,
    0x83, 0xE0, 0x02, 0xF0, 0x2F, 0xFF, 0xFD, 0x00, 0x1A, 0xA9, 0x00, 0x00, 0x00, 0x10, 0x00, 0x00,
    0x00, 0x02, 0xE0, 0x00, 0x00, 0x00, 0x2F, 0xE0, 0x00, 0x00, 0x02, 0xF6, 0xE0, 0x00, 0x00, 0x1D,
    0x01, 0xD0, 0x00, 0x00, 0x00, 0x00, 0x00, 0x02, 0xAA, 0x80, 0x0A, 0xAA, 0x1F, 0xFF, 0x40, 0x7F,
    0xFD, 0x07, 0xD0, 0x00, 0x1F, 0x40, 0x0F, 0x40, 0x00, 0x7C, 0x00, 0x3D, 0x00, 0x01, 0xF0, 0x00,
    0xF4, 0x00, 0x07, 0xC0, 0x03, 0xD0, 0x00, 0x1F, 0x00, 0x0F, 0x40, 0x00, 0x7C, 0x00, 0x3F, 0xFF,
    0xFF, 0xF0, 0x00, 0xFF, 0xFF, 0xFF, 0xC0, 0x03, 0xD0, 0x00, 0x1F, 0x00, 0x0F, 0x40, 0x00, 0x7C,
    0x00, 0x3D, 0x00, 0x01, 0xF0, 0x00, 0xF4, 0x00, 0x07, 0xC0, 0x03, 0xD0, 0x00, 0x1F, 0x00, 0x1F,
    0x40, 0x00, 0x7C, 0x01, 0xBE, 0x40, 0x06, 0xF9, 0x1F, 0xFF, 0x40, 0x7F, 0xFD, 0x00, 0x40, 0x00,
    0x00, 0x00, 0xBC, 0x00, 0x00, 0x00, 0xBF, 0x80, 0x00, 0x00, 0x7D, 0xB8, 0x00, 0x00, 0x34, 0x07,
    0x40, 0x00, 0x00, 0x00, 0x00, 0x00, 0x00, 0xFF, 0x80, 0x00, 0x00, 0x1B, 0xE0, 0x00, 0x00, 0x00,
    0xF8, 0x00, 0x00, 0x00, 0x3E, 0x00, 0x00, 0x00, 0x0F, 0x80, 0x00, 0x00, 0x03, 0xE0, 0x00, 0x00,
    0x00, 0xF8, 0x7F, 0x80, 0x00, 0x3E, 0xFF, 0xFC, 0x00, 0x0F, 0xE0, 0x0F, 0x80, 0x03, 0xF0, 0x02,
    0xF0, 0x00, 0xF8, 0x00, 0xBC, 0x00, 0x3E, 0x00, 0x2F, 0x00, 0x0F, 0x80, 0x0B, 0xC0, 0x03, 0xE0,
    0x02, 0xF0, 0x00, 0xF8, 0x00, 0xBC, 0x00, 0x3E, 0x00, 0x2F, 0x00, 0x0F, 0x80, 0x0B, 0xC0, 0x07,
    0xF4, 0x07, 0xF4, 0x0B, 0xFF, 0x87, 0xFF, 0xC0, 0x2A, 0xA8, 0x00, 0xAA, 0xA1, 0xFF, 0xF4, 0x07,
    0xFF, 0xD0, 0x7D, 0x00, 0x01, 0xF4, 0x00, 0xF4, 0x00, 0x07, 0xC0, 0x6F, 0xFA, 0xAA, 0xBF, 0xEA,
    0xBF, 0xEA, 0xAA, 0xFF, 0x90, 0x3D, 0x00, 0x01, 0xF0, 0x00, 0xF4, 0x00, 0x07, 0xC0, 0x03, 0xFF,
    0xFF, 0xFF, 0x00, 0x0F, 0xFF, 0xFF, 0xFC, 0x00, 0x3D, 0x00, 0x01, 0xF0, 0x00, 0xF4, 0x00, 0x07,
    0xC0, 0x03, 0xD0, 0x00, 0x1F, 0x00, 0x0F, 0x40, 0x00, 0x7C, 0x00, 0x3D, 0x00, 0x01, 0xF0, 0x01,
    0xF4, 0x00, 0x07, 0xC0, 0x1B, 0xE4, 0x00, 0x6F, 0x91, 0xFF, 0xF4, 0x07, 0xFF, 0xD0, 0x00, 0x00,
    0x00, 0x00, 0x3F, 0xE0, 0x00, 0x00, 0x1B, 0xE0, 0x00, 0x00, 0x03, 0xE0, 0x00, 0x00, 0x3F, 0xFF,
    0xC0, 0x00, 0x2B, 0xFA, 0x80, 0x00, 0x03, 0xE0, 0x00, 0x00, 0x03, 0xE1, 0xFE, 0x00, 0x03, 0xEF,
    0xFF, 0xC0, 0x03, 0xF8, 0x03, 0xE0, 0x03, 0xF0, 0x02, 0xF0, 0x03, 0xE0, 0x02, 0xF0, 0x03, 0xE0,
    0x02, 0xF0, 0x03, 0xE0, 0x02, 0xF0, 0x03, 0xE0, 0x02, 0xF0, 0x03, 0xE0, 0x02, 0xF0, 0x03, 0xE0,
    0x02, 0xF0, 0x03, 0xE0, 0x02, 0xF0, 0x07, 0xF4, 0x07, 0xF4, 0x2F, 0xFE, 0x1F, 0xFF, 0x05, 0x00,
    0x01, 0xFF, 0x5C, 0x36, 0xFF, 0x40, 0x01, 0x90, 0x00, 0x00, 0x01, 0xAA, 0xA4, 0x1F, 0xFF, 0x40,
    0x1F, 0x40, 0x00, 0xF4, 0x00, 0x0F, 0x40, 0x00, 0xF4, 0x00, 0x0F, 0x40, 0x00, 0xF4, 0x00, 0x0F,
    0x40, 0x00, 0xF4, 0x00, 0x0F, 0x40, 0x00, 0xF4, 0x00, 0x0F, 0x40, 0x00, 0xF4, 0x00, 0x0F, 0x40,
    0x01, 0xF4, 0x00, 0x6F, 0x90, 0x2F, 0xFF, 0x80, 0x05, 0x00, 0x0B, 0xFD, 0xA3, 0x6F, 0xF0, 0x00,
    0x50, 0x00, 0x00, 0x00, 0x00, 0x00, 0x6A, 0x40, 0x2F, 0xE0, 0x00, 0xF8, 0x00, 0x3E, 0x00, 0x0F,
    0x80, 0x03, 0xE0, 0x00, 0xF8, 0x00, 0x3E, 0x00, 0x0F, 0x80, 0x03, 0xE0, 0x00, 0xF8, 0x01, 0x7F,
    0x40, 0xFF, 0xF8, 0x6A, 0xA9, 0xBF, 0xFE, 0x00, 0x00, 0x00, 0x00, 0x6A, 0xA9, 0x7F, 0xFD, 0x07,
    0xD0, 0x03, 0xD0, 0x03, 0xD0, 0x03, 0xD0, 0x03, 0xD0, 0x03, 0xD0, 0x03, 0xD0, 0x03, 0xD0, 0x03,
    0xD0, 0x03, 0xD0, 0x03, 0xD0, 0x03, 0xD0, 0x03, 0xD0, 0x07, 0xD0, 0x1B, 0xE4, 0xBF, 0xFE, 0x6A,
    0xA8, 0xBF, 0xFD, 0x00, 0x00, 0x00, 0x00, 0x00, 0x00, 0x1A, 0x90, 0x2F, 0xE0, 0x03, 0xE0, 0x03,
    0xE0, 0x03, 0xE0, 0x03, 0xE0, 0x03, 0xE0, 0x03, 0xE0, 0x03, 0xE0, 0x03, 0xE0, 0x03, 0xE0, 0x17,
    0xF4, 0x3F, 0xFE, 0x00, 0x00, 0xD0, 0x03, 0xB0, 0x0E, 0x3F, 0xFC, 0x1F, 0xF0, 0x00, 0x00, 0x6A,
    0xA9, 0x7F, 0xFD, 0x07, 0xD0, 0x03, 0xD0, 0x03, 0xD0, 0x03, 0xD0, 0x03, 0xD0, 0x03, 0xD0, 0x03,
    0xD0, 0x03, 0xD0, 0x03, 0xD0, 0x03, 0xD0, 0x03, 0xD0, 0x03, 0xD0, 0x03, 0xD0, 0x07, 0xD0, 0x1B,
    0xE4, 0xBF, 0xFE, 0x00, 0x00, 0xD0, 0x09, 0xB0, 0x1C, 0x3E, 0xF8, 0x1F, 0xF0, 0x01, 0x00, 0x00,
    0x00, 0x1A, 0x90, 0x2F, 0xE0, 0x03, 0xE0, 0x03, 0xE0, 0x03, 0xE0, 0x03, 0xE0, 0x03, 0xE0, 0x03,
    0xE0, 0x03, 0xE0, 0x03, 0xE0, 0x03, 0xE0, 0x17, 0xF4, 0x3F, 0xFE, 0x6A, 0xA9, 0x7F, 0xFD, 0x07,
    0xD0, 0x03, 0xD0, 0x03, 0xD0, 0x03, 0xD0, 0x03, 0xD0, 0x03, 0xD0, 0x03, 0xD0, 0x03, 0xD0, 0x03,
    0xD0, 0x03, 0xD0, 0x03, 0xD0, 0x03, 0xD0, 0x03, 0xD0, 0x07, 0xD0, 0x1B, 0xE4, 0xBF, 0xFE, 0x02,
    0xC0, 0x0B, 0x00, 0x1E, 0x00, 0x2E, 0x00, 0x1F, 0xF0, 0x06, 0x80, 0x0A, 0x00, 0xBE, 0x01, 0xF8,
    0x01, 0x40, 0x00, 0x00, 0x00, 0x06, 0xA4, 0x2F, 0xE0, 0x0F, 0x80, 0x3E, 0x00, 0xF8, 0x03, 0xE0,
    0x0F, 0x80, 0x3E, 0x00, 0xF8, 0x03, 0xE0, 0x0F, 0x81, 0x7F, 0x4F, 0xFF, 0x80, 0xE0, 0x0E, 0x00,
    0xF0, 0x03, 0xC0, 0x0F, 0xF4, 0x0A, 0x40, 0x01, 0x40, 0x0B, 0xD0, 0x0B, 0xE0, 0x02, 0x80, 0x00,
    0x00, 0x6A, 0xA9, 0x7F, 0xFD, 0x07, 0xD0, 0x03, 0xD0, 0x03, 0xD0, 0x03, 0xD0, 0x03, 0xD0, 0x03,
    0xD0, 0x03, 0xD0, 0x03, 0xD0, 0x03, 0xD0, 0x03, 0xD0, 0x03, 0xD0, 0x03, 0xD0, 0x03, 0xD0, 0x07,
    0xD0, 0x1B, 0xE4, 0xBF, 0xFE, 0x6A, 0x42, 0xFE, 0x00, 0xF8, 0x03, 0xE0, 0x0F, 0x80, 0x3E, 0x00,
    0xF8, 0x03, 0xE0, 0x0F, 0x80, 0x3E, 0x00, 0xF8, 0x17, 0xF4, 0xFF, 0xF8, 0x00, 0x00, 0x00, 0x00,
    0x00, 0x1F, 0x00, 0x00, 0x03, 0xFC, 0x00, 0x00, 0xF5, 0xF0, 0x00, 0x38, 0x02, 0xC0, 0x00, 0x00,
    0x00, 0x00, 0x1A, 0xAA, 0x40, 0x02, 0xFF, 0xF4, 0x00, 0x01, 0xF4, 0x00, 0x00, 0x1F, 0x00, 0x00,
    0x01, 0xF0, 0x00, 0x00, 0x1F, 0x00, 0x00, 0x01, 0xF0, 0x00, 0x00, 0x1F, 0x00, 0x00, 0x01, 0xF0,
    0x00, 0x00, 0x1F, 0x00, 0x00, 0x01, 0xF0, 0x00, 0x00, 0x1F, 0x00, 0x00, 0x01, 0xF0, 0x01, 0x90,
    0x1F, 0x00, 0x7F, 0x01, 0xF0, 0x07, 0xE0, 0x3E, 0x00, 0x3E, 0x5B, 0xC0, 0x01, 0xFF, 0xF0, 0x00,
    0x00, 0x50, 0x00, 0x00, 0x00, 0x40, 0x00, 0xBC, 0x00, 0x7F, 0x80, 0x7C, 0xF4, 0x38, 0x0B, 0x04,
    0x00, 0x40, 0x00, 0x00, 0x2A, 0x80, 0x0F, 0xF4, 0x00, 0x3D, 0x00, 0x0F, 0x40, 0x03, 0xD0, 0x00,
    0xF4, 0x00, 0x3D, 0x00, 0x0F, 0x40, 0x03, 0xD0, 0x00, 0xF4, 0x00, 0x3D, 0x00, 0x0F, 0x40, 0x03,
    0xD0, 0x00, 0xF0, 0x00, 0x3C, 0x00, 0x2E, 0x00, 0x0F, 0x00, 0x0F, 0x40, 0x01, 0x00, 0x00, 0x2A,
    0xA9, 0x06, 0xAA, 0x07, 0xFF, 0xE0, 0xFF, 0xF0, 0x03, 0xD0, 0x01, 0xF0, 0x00, 0x3D, 0x00, 0x3C,
    0x00, 0x03, 0xD0, 0x0F, 0x00, 0x00, 0x3D, 0x03, 0xC0, 0x00, 0x03, 0xD0, 0xF0, 0x00, 0x00, 0x3D,
    0x3C, 0x00, 0x00, 0x03, 0xDF, 0xC0, 0x00, 0x00, 0x3F, 0xFE, 0x00, 0x00, 0x03, 0xF2, 0xF4, 0x00,
    0x00, 0x3D, 0x0F, 0xC0, 0x00, 0x03, 0xD0, 0x7E, 0x00, 0x00, 0x3D, 0x02, 0xF0, 0x00, 0x03, 0xD0,
    0x0F, 0xC0, 0x00, 0x3D, 0x00, 0x7E, 0x00, 0x1B, 0xF4, 0x02, 0xF9, 0x47, 0xFF, 0xE0, 0x0B, 0xFC,
    0x00, 0x00, 0x00, 0x05, 0x00, 0x00, 0x18, 0x00, 0x00, 0x00, 0x03, 0xF0, 0x00, 0x00, 0x00, 0x3F,
    0x00, 0x00, 0x00, 0x00, 0xF0, 0x00, 0x00, 0x00, 0x1C, 0x00, 0x00, 0x00, 0x01, 0x00, 0x00, 0x00,
    0x00, 0x00, 0x00, 0x03, 0xFE, 0x00, 0x00, 0x05, 0xF8, 0x00, 0x00, 0x03, 0xE0, 0x00, 0x00, 0x0B,
    0x80, 0x00, 0x00, 0x2E, 0x00, 0x00, 0x00, 0xB8, 0x00, 0x00, 0x02, 0xE0, 0x2A, 0xA4, 0x0B, 0x80,
    0xBF, 0xC0, 0x2E, 0x00, 0xF0, 0x00, 0xB8, 0x1F, 0x00, 0x02, 0xE1, 0xE0, 0x00, 0x0B, 0x9E, 0x00,
    0x00, 0x2E, 0xFC, 0x00, 0x00, 0xB9, 0xFC, 0x00, 0x02, 0xE1, 0xF8, 0x00, 0x0B, 0x82, 0xF8, 0x00,
    0x3E, 0x02, 0xF4, 0x05, 0xFD, 0x03, 0xFA, 0x3F, 0xFC, 0x03, 0xFC, 0x00, 0x00, 0x00, 0x00, 0x00,
    0x24, 0x00, 0x00, 0x02, 0xF4, 0x00, 0x00, 0x07, 0xE0, 0x00, 0x00, 0x07, 0x40, 0x00, 0x00, 0x38,
    0x00, 0x00, 0x00, 0x40, 0x00, 0x00, 0xAF, 0x40, 0xAA, 0x92, 0xFE, 0x02, 0xFF, 0x00, 0xF8, 0x03,
    0xC0, 0x02, 0xE0, 0x7C, 0x00, 0x0B, 0x87, 0x80, 0x00, 0x2E, 0x78, 0x00, 0x00, 0xBB, 0xF0, 0x00,
    0x02, 0xE7, 0xF0, 0x00, 0x0B, 0x87, 0xE0, 0x00, 0x2E, 0x0B, 0xE0, 0x00, 0xF8, 0x0B, 0xD0, 0x17,
    0xF4, 0x0F, 0xE8, 0xFF, 0xF0, 0x0F, 0xF0, 0x00, 0x00, 0x00, 0x00, 0x00, 0x00, 0x00, 0x00, 0x03,
    0x80, 0x00, 0x00, 0xFC, 0x00, 0x00, 0x7E, 0x00, 0x00, 0x0E, 0x00, 0x00, 0x00, 0x00, 0x00, 0x00,
    0x2A, 0xA9, 0x00, 0x07, 0xFF, 0xE0, 0x00, 0x07, 0xD0, 0x00, 0x00, 0x3D, 0x00, 0x00, 0x03, 0xD0,
    0x00, 0x00, 0x3D, 0x00, 0x00, 0x03, 0xD0, 0x00, 0x00, 0x3D, 0x00, 0x00, 0x03, 0xD0, 0x00, 0x00,
    0x3D, 0x00, 0x00, 0x03, 0xD0, 0x00, 0x00, 0x3D, 0x00, 0x00, 0x03, 0xD0, 0x00, 0x40, 0x3D, 0x00,
    0x0D, 0x03, 0xD0, 0x02, 0xC0, 0x7D, 0x00, 0x3C, 0x1B, 0xE5, 0x6F, 0xC7, 0xFF, 0xFF, 0xFC, 0x00,
    0x00, 0x07, 0x40, 0xBD, 0x0B, 0xE0, 0xB4, 0x00, 0x00, 0x0F, 0xF8, 0x1B, 0xE0, 0x0F, 0x80, 0x3E,
    0x00, 0xF8, 0x03, 0xE0, 0x0F, 0x80, 0x3E, 0x00, 0xF8, 0x03, 0xE0, 0x0F, 0x80, 0x3E, 0x00, 0xF8,
    0x03, 0xE0, 0x0F, 0x80, 0x3E, 0x00, 0xF8, 0x17, 0xF4, 0xFF, 0xF8, 0x2A, 0xA9, 0x00, 0x07, 0xFF,
    0xE0, 0x00, 0x07, 0xD0, 0x00, 0x00, 0x3D, 0x00, 0x00, 0x03, 0xD0, 0x00, 0x00, 0x3D, 0x00, 0x00,
    0x03, 0xD0, 0x00, 0x00, 0x3D, 0x00, 0x00, 0x03, 0xD0, 0x00, 0x00, 0x3D, 0x00, 0x00, 0x03, 0xD0,
    0x00, 0x00, 0x3D, 0x00, 0x00, 0x03, 0xD0, 0x00, 0x40, 0x3D, 0x00, 0x0D, 0x03, 0xD0, 0x02, 0xC0,
    0x7D, 0x00, 0x3C, 0x1B, 0xE5, 0x6F, 0xC7, 0xFF, 0xFF, 0xFC, 0x00, 0x00, 0x00, 0x00, 0x00, 0x60,
    0x00, 0x00, 0x1F, 0x80, 0x00, 0x00, 0xF8, 0x00, 0x00, 0x03, 0x40, 0x00, 0x00, 0xB0, 0x00, 0x00,
    0x04, 0x00, 0x00, 0x00, 0x03, 0xFE, 0x06, 0xF8, 0x03, 0xE0, 0x0F, 0x80, 0x3E, 0x00, 0xF8, 0x03,
    0xE0, 0x0F, 0x80, 0x3E, 0x00, 0xF8, 0x03, 0xE0, 0x0F, 0x80, 0x3E, 0x00, 0xF8, 0x03, 0xE0, 0x0F,
    0x80, 0x3E, 0x05, 0xFD, 0x3F, 0xFE, 0x00, 0x00, 0x18, 0x00, 0xFC, 0x03, 0xF0, 0x03, 0x80, 0x1C,
    0x00, 0x40, 0x00, 0x00, 0x00, 0x00, 0x00, 0x00, 0x02, 0xE0, 0x2A, 0xA9, 0x2F, 0x07, 0xFF, 0xE0,
    0xF0, 0x07, 0xD0, 0x0D, 0x00, 0x3D, 0x02, 0x80, 0x03, 0xD0, 0x00, 0x00, 0x3D, 0x00, 0x00, 0x03,
    0xD0, 0x00, 0x00, 0x3D, 0x00, 0x00, 0x03, 0xD0, 0x00, 0x00, 0x3D, 0x00, 0x00, 0x03, 0xD0, 0x00,
    0x00, 0x3D, 0x00, 0x00, 0x03, 0xD0, 0x00, 0x40, 0x3D, 0x00, 0x0D, 0x03, 0xD0, 0x02, 0xC0, 0x7D,
    0x00, 0x3C, 0x1B, 0xE5, 0x6F, 0xC7, 0xFF, 0xFF, 0xFC, 0x00, 0x00, 0x3F, 0xE3, 0xD6, 0xF8, 0xF8,
    0x3E, 0x1E, 0x0F, 0x87, 0x03, 0xE3, 0x40, 0xF8, 0x00, 0x3E, 0x00, 0x0F, 0x80, 0x03, 0xE0, 0x00,
    0xF8, 0x00, 0x3E, 0x00, 0x0F, 0x80, 0x03, 0xE0, 0x00, 0xF8, 0x00, 0x3E, 0x00, 0x0F, 0x80, 0x03,
    0xE0, 0x05, 0xFD, 0x03, 0xFF, 0xE0, 0x2A, 0xA9, 0x00, 0x07, 0xFF, 0xE0, 0x00, 0x07, 0xD0, 0x00,
    0x00, 0x3D, 0x00, 0x00, 0x03, 0xD0, 0x00, 0x00, 0x3D, 0x00, 0x00, 0x03, 0xD0, 0x00, 0x00, 0x3D,
    0x00, 0x78, 0x03, 0xD0, 0x0F, 0xD0, 0x3D, 0x00, 0xFC, 0x03, 0xD0, 0x01, 0x00, 0x3D, 0x00, 0x00,
    0x03, 0xD0, 0x00, 0x40, 0x3D, 0x00, 0x0D, 0x03, 0xD0, 0x02, 0xC0, 0x7D, 0x00, 0x3C, 0x1B, 0xE5,
    0x6F, 0xC7, 0xFF, 0xFF, 0xFC, 0x00, 0x00, 0x0F, 0xF8, 0x00, 0x6F, 0x80, 0x00, 0xF8, 0x00, 0x0F,
    0x80, 0x00, 0xF8, 0x00, 0x0F, 0x80, 0x00, 0xF8, 0x00, 0x0F, 0x82, 0xC0, 0xF8, 0x7F, 0x0F, 0x87,
    0xE0, 0xF8, 0x14, 0x0F, 0x80, 0x00, 0xF8, 0x00, 0x0F, 0x80, 0x00, 0xF8, 0x00, 0x0F, 0x80, 0x00,
    0xF8, 0x00, 0x5F, 0xD0, 0x0F, 0xFF, 0x80, 0x0A, 0xAA, 0x40, 0x00, 0x7F, 0xFE, 0x00, 0x00, 0x1F,
    0x40, 0x00, 0x00, 0x3D, 0x00, 0x00, 0x00, 0xF4, 0x00, 0x00, 0x03, 0xD0, 0x20, 0x00, 0x0F, 0x47,
    0xC0, 0x00, 0x3E, 0xF8, 0x00, 0x01, 0xFE, 0x00, 0x00, 0x2F, 0xD0, 0x00, 0x03, 0xEF, 0x40, 0x00,
    0x18, 0x3D, 0x00, 0x00, 0x00, 0xF4, 0x00, 0x10, 0x03, 0xD0, 0x00, 0xD0, 0x0F, 0x40, 0x0B, 0x00,
    0x7D, 0x00, 0x3C, 0x06, 0xF9, 0x5B, 0xF0, 0x7F, 0xFF, 0xFF, 0xC0, 0x00, 0x00, 0x0B, 0xF8, 0x01,
    0x7E, 0x00, 0x0B, 0x80, 0x02, 0xE0, 0x00, 0xB8, 0x00, 0x2E, 0x00, 0x0B, 0x85, 0x02, 0xFF, 0x40,
    0xFF, 0x41, 0xFF, 0x00, 0xFF, 0x80, 0x12, 0xE0, 0x00, 0xB8, 0x00, 0x2E, 0x00, 0x0B, 0x80, 0x02,
    0xE0, 0x00, 0xB8, 0x00, 0x7F, 0x40, 0xFF, 0xFC, 0x00, 0x00, 0x00, 0x00, 0x00, 0x00, 0x00, 0x2C,
    0x00, 0x00, 0x00, 0x03, 0xF0, 0x00, 0x00, 0x00, 0x3F, 0x40, 0x00, 0x00, 0x03, 0x90, 0x00, 0x00,
    0x00, 0x00, 0x00, 0x00, 0x02, 0xAA, 0x00, 0x06, 0xAA, 0x1F, 0xFE, 0x00, 0x2F, 0xFD, 0x07, 0xFD,
    0x00, 0x0B, 0x40, 0x0E, 0xFC, 0x00, 0x2C, 0x00, 0x39, 0xF4, 0x00, 0xB0, 0x00, 0xE3, 0xF0, 0x02,
    0xC0, 0x03, 0x87, 0xE0, 0x0B, 0x00, 0x0E, 0x0B, 0xC0, 0x2C, 0x00, 0x38, 0x0F, 0xC0, 0xB0, 0x00,
    0xE0, 0x1F, 0x42, 0xC0, 0x03, 0x80, 0x3F, 0x0B, 0x00, 0x0E, 0x00, 0x7E, 0x2C, 0x00, 0x38, 0x00,
    0xBC, 0xB0, 0x00, 0xE0, 0x00, 0xFA, 0xC0, 0x03, 0x80, 0x02, 0xFF, 0x00, 0x1E, 0x00, 0x03, 0xFC,
    0x01, 0xBD, 0x00, 0x07, 0xF0, 0x1F, 0xFE, 0x00, 0x0B, 0xC0, 0x00, 0x00, 0x10, 0x00, 0x00, 0x03,
    0xD0, 0x00, 0x00, 0x2F, 0x00, 0x00, 0x01, 0xF0, 0x00, 0x00, 0x0E, 0x00, 0x00, 0x00, 0x00, 0x00,
    0x00, 0x00, 0x00, 0x00, 0x1A, 0xC1, 0xFE, 0x00, 0xBF, 0x2F, 0xFF, 0x00, 0x3F, 0x80, 0x3E, 0x00,
    0xFC, 0x00, 0xBC, 0x03, 0xE0, 0x02, 0xF0, 0x0F, 0x80, 0x0B, 0xC0, 0x3E, 0x00, 0x2F, 0x00, 0xF8,
    0x00, 0xBC, 0x03, 0xE0, 0x02, 0xF0, 0x0F, 0x80, 0x0B, 0xC0, 0x3E, 0x00, 0x2F, 0x01, 0xFD, 0x01,
    0xFD, 0x2F, 0xFE, 0x1F, 0xFF, 0x2A, 0xA0, 0x00, 0x6A, 0xA1, 0xFF, 0xE0, 0x02, 0xFF, 0xD0, 0x7F,
    0xD0, 0x00, 0xB4, 0x00, 0xEF, 0xC0, 0x02, 0xC0, 0x03, 0x9F, 0x40, 0x0B, 0x00, 0x0E, 0x3F, 0x00,
    0x2C, 0x00, 0x38, 0x7E, 0x00, 0xB0, 0x00, 0xE0, 0xBC, 0x02, 0xC0, 0x03, 0x80, 0xFC, 0x0B, 0x00,
    0x0E, 0x01, 0xF4, 0x2C, 0x00, 0x38, 0x03, 0xF0, 0xB0, 0x00, 0xE0, 0x07, 0xE2, 0xC0, 0x03, 0x80,
    0x0B, 0xCB, 0x00, 0x0E, 0x00, 0x0F, 0xAC, 0x00, 0x38, 0x00, 0x2F, 0xF0, 0x01, 0xE0, 0x00, 0x3F,
    0xC0, 0x1B, 0xD0, 0x00, 0x7F, 0x01, 0xFF, 0xE0, 0x00, 0xBC, 0x00, 0x00, 0x00, 0x00, 0x00, 0x00,
    0x00, 0x18, 0x00, 0x00, 0x00, 0x00, 0xF8, 0x00, 0x00, 0x00, 0x03, 0xF0, 0x00, 0x00, 0x00, 0x03,
    0x80, 0x00, 0x00, 0x00, 0x2C, 0x00, 0x00, 0x00, 0x00, 0x40, 0x00, 0x00, 0x00, 0x00, 0x00, 0x01,
    0xAC, 0x1F, 0xE0, 0x0B, 0xF2, 0xFF, 0xF0, 0x03, 0xF8, 0x03, 0xE0, 0x0F, 0xC0, 0x0B, 0xC0, 0x3E,
    0x00, 0x2F, 0x00, 0xF8, 0x00, 0xBC, 0x03, 0xE0, 0x02, 0xF0, 0x0F, 0x80, 0x0B, 0xC0, 0x3E, 0x00,
    0x2F, 0x00, 0xF8, 0x00, 0xBC, 0x03, 0xE0, 0x02, 0xF0, 0x1F, 0xD0, 0x1F, 0xD2, 0xFF, 0xE1, 0xFF,
    0xF0, 0x00, 0x00, 0x00, 0x00, 0x01, 0x80, 0x00, 0x00, 0x0F, 0xC0, 0x00, 0x00, 0x3F, 0x00, 0x00,
    0x00, 0x2C, 0x00, 0x00, 0x01, 0xD0, 0x00, 0x00, 0x05, 0x00, 0x00, 0x00, 0x00, 0x00, 0x00, 0x00,
    0x00, 0x74, 0x0B, 0x00, 0x00, 0x00, 0xBD, 0xF4, 0x00, 0x00, 0x00, 0xBF, 0x40, 0x00, 0x00, 0x00,
    0xB4, 0x00, 0x00, 0x00, 0x00, 0x00, 0x00, 0x02, 0xAA, 0x00, 0x06, 0xAA, 0x1F, 0xFE, 0x00, 0x2F,
    0xFD, 0x07, 0xFD, 0x00, 0x0B, 0x40, 0x0E, 0xFC, 0x00, 0x2C, 0x00, 0x39, 0xF4, 0x00, 0xB0, 0x00,
    0xE3, 0xF0, 0x02, 0xC0, 0x03, 0x87, 0xE0, 0x0B, 0x00, 0x0E, 0x0B, 0xC0, 0x2C, 0x00, 0x38, 0x0F,
    0xC0, 0xB0, 0x00, 0xE0, 0x1F, 0x42, 0xC0, 0x03, 0x80, 0x3F, 0x0B, 0x00, 0x0E, 0x00, 0x7E, 0x2C,
    0x00, 0x38, 0x00, 0xBC, 0xB0, 0x00, 0xE0, 0x00, 0xFA, 0xC0, 0x03, 0x80, 0x02, 0xFF, 0x00, 0x1E,
    0x00, 0x03, 0xFC, 0x01, 0xBD, 0x00, 0x07, 0xF0, 0x1F, 0xFE, 0x00, 0x0B, 0xC0, 0x00, 0x00, 0x00,
    0x00, 0x03, 0x80, 0xB0, 0x00, 0x07, 0x8F, 0x40, 0x00, 0x0B, 0xF8, 0x00, 0x00, 0x0F, 0xC0, 0x00,
    0x00, 0x04, 0x00, 0x00, 0x00, 0x00, 0x00, 0x1A, 0xC1, 0xFE, 0x00, 0xBF, 0x2F, 0xFF, 0x00, 0x3F,
    0x80, 0x3E, 0x00, 0xFC, 0x00, 0xBC, 0x03, 0xE0, 0x02, 0xF0, 0x0F, 0x80, 0x0B, 0xC0, 0x3E, 0x00,
    0x2F, 0x00, 0xF8, 0x00, 0xBC, 0x03, 0xE0, 0x02, 0xF0, 0x0F, 0x80, 0x0B, 0xC0, 0x3E, 0x00, 0x2F,
    0x01, 0xFD, 0x01, 0xFD, 0x2F, 0xFE, 0x1F, 0xFF, 0x14, 0x00, 0x00, 0x00, 0x01, 0xF8, 0x00, 0x00,
    0x00, 0x03, 0xE0, 0x00, 0x00, 0x00, 0x03, 0x40, 0x00, 0x00, 0x00, 0x2C, 0x00, 0x00, 0x00, 0x00,
    0x42, 0xB4, 0x2F, 0xD0, 0x00, 0x1F, 0xE7, 0xFF, 0xD0, 0x00, 0x0B, 0xF4, 0x0B, 0xC0, 0x00, 0x1F,
    0x40, 0x1F, 0x00, 0x00, 0x7C, 0x00, 0x3C, 0x00, 0x01, 0xF0, 0x00, 0xF0, 0x00, 0x07, 0xC0, 0x03,
    0xC0, 0x00, 0x1F, 0x00, 0x0F, 0x00, 0x00, 0x7C, 0x00, 0x3C, 0x00, 0x01, 0xF0, 0x00, 0xF0, 0x00,
    0x07, 0xC0, 0x03, 0xC0, 0x00, 0x7F, 0x40, 0x2F, 0x90, 0x07, 0xFF, 0xC3, 0xFF, 0xC0, 0x2A, 0xA0,
    0x00, 0x6A, 0xA1, 0xFF, 0xE0, 0x02, 0xFF, 0xD0, 0x7F, 0xD0, 0x00, 0xB4, 0x00, 0xEF, 0xC0, 0x02,
    0xC0, 0x03, 0x9F, 0x80, 0x0B, 0x00, 0x0E, 0x3F, 0x00, 0x2C, 0x00, 0x38, 0x3E, 0x00, 0xB0, 0x00,
    0xE0, 0xBD, 0x02, 0xC0, 0x03, 0x80, 0xFC, 0x0B, 0x00, 0x0E, 0x01, 0xF4, 0x2C, 0x00, 0x38, 0x03,
    0xF0, 0xB0, 0x00, 0xE0, 0x03, 0xE2, 0xC0, 0x03, 0x80, 0x0B, 0xDB, 0x00, 0x0E, 0x00, 0x0F, 0xEC,
    0x00, 0x38, 0x00, 0x1F, 0xF0, 0x01, 0xE0, 0x00, 0x2F, 0xC0, 0x1B, 0xD0, 0x00, 0x3F, 0x01, 0xFF,
    0xE0, 0x00, 0xBC, 0x00, 0x00, 0x00, 0x01, 0xF0, 0x00, 0x00, 0x00, 0x0B, 0x80, 0x00, 0x00, 0x00,
    0x3D, 0x00, 0x00, 0x00, 0x01, 0xF0, 0x00, 0x00, 0x00, 0x0F, 0x00, 0x00, 0x00, 0x00, 0x10, 0x00,
    0x00, 0x00, 0x00, 0x1A, 0xC1, 0xFE, 0x0B, 0xF2, 0xFF, 0xF0, 0x3F, 0x80, 0x3E, 0x0F, 0xC0, 0x0B,
    0xC3, 0xE0, 0x02, 0xF0, 0xF8, 0x00, 0xBC, 0x3E, 0x00, 0x2F, 0x0F, 0x80, 0x0B, 0xC3, 0xE0, 0x02,
    0xF0, 0xF8, 0x00, 0xBC, 0x3E, 0x00, 0x2F, 0x1F, 0xD0, 0x0B, 0xEF, 0xFE, 0x02, 0xE0, 0x00, 0x00,
    0xB8, 0x00, 0x00, 0x2D, 0x00, 0x00, 0x0F, 0x00, 0x00, 0x0B, 0x80, 0x00, 0x07, 0x80, 0x00, 0x00,
    0x40, 0x00, 0x2A, 0xAA, 0x00, 0x00, 0x0F, 0xFF, 0xD0, 0x00, 0x00, 0x00, 0x00, 0x00, 0x00, 0x00,
    0x00, 0x00, 0x00, 0x06, 0xF9, 0x00, 0x00, 0x2F, 0xFF, 0xF4, 0x00, 0x3E, 0x00, 0x2F, 0x80, 0x3E,
    0x00, 0x01, 0xF4, 0x1F, 0x00, 0x00, 0x3F, 0x0F, 0x80, 0x00, 0x07, 0xD3, 0xD0, 0x00, 0x00, 0xF9,
    0xF0, 0x00, 0x00, 0x3F, 0x7C, 0x00, 0x00, 0x0F, 0xEF, 0x00, 0x00, 0x03, 0xF7, 0xC0, 0x00, 0x00,
    0xFD, 0xF4, 0x00, 0x00, 0x3E, 0x3E, 0x00, 0x00, 0x0F, 0x4F, 0xC0, 0x00, 0x07, 0xC1, 0xF8, 0x00,
    0x03, 0xE0, 0x2F, 0x80, 0x02, 0xF0, 0x02, 0xFE, 0x5B, 0xF0, 0x00, 0x1F, 0xFF, 0xD0, 0x00, 0x00,
    0x15, 0x00, 0x00, 0x02, 0xAA, 0xA0, 0x00, 0xFF, 0xFC, 0x00, 0x00, 0x00, 0x00, 0x00, 0x00, 0x00,
    0x00, 0x00, 0x00, 0x00, 0x6F, 0xE4, 0x00, 0xBE, 0x6F, 0x80, 0xBC, 0x01, 0xF4, 0x3C, 0x00, 0x2F,
    0x2F, 0x00, 0x07, 0xDB, 0x80, 0x00, 0xF7, 0xE0, 0x00, 0x3E, 0xFC, 0x00, 0x0F, 0x6F, 0x00, 0x03,
    0xD7, 0xD0, 0x01, 0xF0, 0xFC, 0x00, 0xF4, 0x1F, 0xD1, 0xF8, 0x00, 0xFF, 0xF4, 0x00, 0x01, 0x40,
    0x00, 0x00, 0x00, 0x00, 0x00, 0x00, 0x0C, 0x00, 0x60, 0x00, 0x03, 0xC0, 0x74, 0x00, 0x00, 0x7F,
    0xFC, 0x00, 0x00, 0x07, 0xFC, 0x00, 0x00, 0x00, 0x00, 0x00, 0x00, 0x00, 0x6F, 0x90, 0x00, 0x02,
    0xFF, 0xFF, 0x40, 0x03, 0xE0, 0x02, 0xF8, 0x03, 0xE0, 0x00, 0x1F, 0x41, 0xF0, 0x00, 0x03, 0xF0,
    0xF8, 0x00, 0x00, 0x7D, 0x3D, 0x00, 0x00, 0x0F, 0x9F, 0x00, 0x00, 0x03, 0xF7, 0xC0, 0x00, 0x00,
    0xFE, 0xF0, 0x00, 0x00, 0x3F, 0x7C, 0x00, 0x00, 0x0F, 0xDF, 0x40, 0x00, 0x03, 0xE3, 0xE0, 0x00,
    0x00, 0xF4, 0xFC, 0x00, 0x00, 0x7C, 0x1F, 0x80, 0x00, 0x3E, 0x02, 0xF8, 0x00, 0x2F, 0x00, 0x2F,
    0xE5, 0xBF, 0x00, 0x01, 0xFF, 0xFD, 0x00, 0x00, 0x01, 0x50, 0x00, 0x00, 0x00, 0x00, 0x00, 0x01,
    0xC0, 0x0C, 0x00, 0x38, 0x0B, 0x00, 0x0B, 0xEF, 0x40, 0x00, 0xFF, 0x40, 0x00, 0x01, 0x00, 0x00,
    0x00, 0x00, 0x00, 0x06, 0xFE, 0x40, 0x0B, 0xE6, 0xF8, 0x0B, 0xC0, 0x1F, 0x43, 0xC0, 0x02, 0xF2,
    0xF0, 0x00, 0x7D, 0xB8, 0x00, 0x0F, 0x7E, 0x00, 0x03, 0xEF, 0xC0, 0x00, 0xF6, 0xF0, 0x00, 0x3D,
    0x7D, 0x00, 0x1F, 0x0F, 0xC0, 0x0F, 0x41, 0xFD, 0x1F, 0x80, 0x0F, 0xFF, 0x40, 0x00, 0x14, 0x00,
    0x00, 0x00, 0x00, 0x00, 0x00, 0x00, 0x00, 0x2C, 0x0E, 0x00, 0x00, 0x2F, 0x4F, 0xC0, 0x00, 0x2F,
    0x4F, 0x80, 0x00, 0x1D, 0x0E, 0x00, 0x00, 0x00, 0x00, 0x00, 0x00, 0x00, 0x6F, 0x90, 0x00, 0x02,
    0xFF, 0xFF, 0x40, 0x03, 0xE0, 0x02, 0xF8, 0x03, 0xE0, 0x00, 0x1F, 0x41, 0xF0, 0x00, 0x03, 0xF0,
    0xF8, 0x00, 0x00, 0x7D, 0x3D, 0x00, 0x00, 0x0F, 0x9F, 0x00, 0x00, 0x03, 0xF7, 0xC0, 0x00, 0x00,
    0xFE, 0xF0, 0x00, 0x00, 0x3F, 0x7C, 0x00, 0x00, 0x0F, 0xDF, 0x40, 0x00, 0x03, 0xE3, 0xE0, 0x00,
    0x00, 0xF4, 0xFC, 0x00, 0x00, 0x7C, 0x1F, 0x80, 0x00, 0x3E, 0x02, 0xF8, 0x00, 0x2F, 0x00, 0x2F,
    0xE5, 0xBF, 0x00, 0x01, 0xFF, 0xFD, 0x00, 0x00, 0x01, 0x50, 0x00, 0x00, 0x00, 0x00, 0x00, 0x00,
    0x07, 0x87, 0x40, 0x03, 0xD3, 0xD0, 0x02, 0xE3, 0xD0, 0x00, 0xD2, 0xC0, 0x00, 0x00, 0x00, 0x00,
    0x00, 0x00, 0x00, 0x06, 0xFE, 0x40, 0x0B, 0xE6, 0xF8, 0x0B, 0xC0, 0x1F, 0x43, 0xC0, 0x02, 0xF2,
    0xF0, 0x00, 0x7D, 0xB8, 0x00, 0x0F, 0x7E, 0x00, 0x03, 0xEF, 0xC0, 0x00, 0xF6, 0xF0, 0x00, 0x3D,
    0x7D, 0x00, 0x1F, 0x0F, 0xC0, 0x0F, 0x41, 0xFD, 0x1F, 0x80, 0x0F, 0xFF, 0x40, 0x00, 0x14, 0x00,
    0x00, 0x00, 0x0A, 0xF9, 0x06, 0xAA, 0xA9, 0x00, 0x2F, 0xFF, 0xF3, 0xFF, 0xFF, 0x80, 0x3E, 0x00,
    0x2F, 0xF8, 0x01, 0xF0, 0x3E, 0x00, 0x01, 0xFE, 0x00, 0x2C, 0x1F, 0x00, 0x00, 0x3F, 0x80, 0x03,
    0x0F, 0x80, 0x00, 0x07, 0xE0, 0x00, 0x03, 0xD0, 0x00, 0x00, 0xF8, 0x03, 0x01, 0xF0, 0x00, 0x00,
    0x3E, 0x01, 0xC0, 0x7C, 0x00, 0x00, 0x0F, 0xEA, 0xF0, 0x2F, 0x00, 0x00, 0x03, 0xFF, 0xFC, 0x07,
    0xC0, 0x00, 0x00, 0xF8, 0x07, 0x01, 0xF4, 0x00, 0x00, 0x3E, 0x00, 0xC0, 0x3E, 0x00, 0x00, 0x0F,
    0x80, 0x00, 0x0F, 0xC0, 0x00, 0x07, 0xE0, 0x00, 0x61, 0xF8, 0x00, 0x03, 0xF8, 0x00, 0x3C, 0x2F,
    0x80, 0x02, 0xFE, 0x00, 0x1E, 0x02, 0xFE, 0x5B, 0xEF, 0x95, 0x6F, 0x80, 0x1F, 0xFF, 0xD3, 0xFF,
    0xFF, 0xD0, 0x00, 0x15, 0x00, 0x00, 0x00, 0x00, 0x00, 0x00, 0x00, 0x00, 0x00, 0x00, 0x6F, 0xE4,
    0x0B, 0xFD, 0x00, 0xBE, 0x6F, 0x8F, 0x97, 0xE0, 0xBC, 0x01, 0xFF, 0x40, 0x3C, 0x3C, 0x00, 0x2F,
    0xC0, 0x0F, 0x6F, 0x00, 0x07, 0xE0, 0x02, 0xEB, 0x80, 0x00, 0xFE, 0xAA, 0xF7, 0xE0, 0x00, 0x3F,
    0xFF, 0xFD, 0xFC, 0x00, 0x0F, 0x80, 0x00, 0x2F, 0x00, 0x03, 0xE0, 0x00, 0x07, 0xD0, 0x01, 0xFC,
    0x00, 0x00, 0xFC, 0x00, 0xFF, 0x80, 0x09, 0x1F, 0xD1, 0xF9, 0xFE, 0xAF, 0x00, 0xFF, 0xF4, 0x1F,
    0xFE, 0x00, 0x01, 0x40, 0x00, 0x14, 0x00, 0x00, 0x00, 0x00, 0x00, 0x00, 0x00, 0x2C, 0x00, 0x00,
    0x00, 0x2F, 0x00, 0x00, 0x00, 0x3F, 0x40, 0x00, 0x00, 0x3D, 0x00, 0x00, 0x00, 0x00, 0x00, 0x00,
    0x02, 0xAA, 0x54, 0x00, 0x01, 0xFF, 0xFF, 0xF8, 0x00, 0x07, 0xD0, 0x1F, 0x80, 0x00, 0xF4, 0x01,
    0xF4, 0x00, 0x3D, 0x00, 0x3D, 0x00, 0x0F, 0x40, 0x0F, 0x40, 0x03, 0xD0, 0x07, 0xC0, 0x00, 0xF4,
    0x03, 0xE0, 0x00, 0x3D, 0x17, 0xE0, 0x00, 0x0F, 0xFF, 0x80, 0x00, 0x03, 0xD0, 0xF8, 0x00, 0x00,
    0xF4, 0x1F, 0x80, 0x00, 0x3D, 0x03, 0xF0, 0x00, 0x0F, 0x40, 0x7D, 0x00, 0x03, 0xD0, 0x0F, 0xC0,
    0x01, 0xF4, 0x02, 0xF4, 0x01, 0xBE, 0x40, 0x3F, 0x51, 0xFF, 0xFC, 0x07, 0xFC, 0x00, 0x00, 0x00,
    0x10, 0x00, 0x00, 0x01, 0x00, 0x00, 0x1E, 0x00, 0x01, 0xF8, 0x00, 0x0F, 0x40, 0x00, 0xB0, 0x00,
    0x01, 0x00, 0x00, 0x00, 0x00, 0x1A, 0xC2, 0xF8, 0xBF, 0x3E, 0xF4, 0x3F, 0x87, 0xE0, 0xFC, 0x1F,
    0x43, 0xE0, 0x10, 0x0F, 0x80, 0x00, 0x3E, 0x00, 0x00, 0xF8, 0x00, 0x03, 0xE0, 0x00, 0x0F, 0x80,
    0x00, 0x3E, 0x00, 0x01, 0xFD, 0x40, 0x2F, 0xFF, 0x40, 0x2A, 0xA5, 0x40, 0x00, 0x1F, 0xFF, 0xFF,
    0x80, 0x00, 0x7D, 0x01, 0xF8, 0x00, 0x0F, 0x40, 0x1F, 0x40, 0x03, 0xD0, 0x03, 0xD0, 0x00, 0xF4,
    0x00, 0xF4, 0x00, 0x3D, 0x00, 0x7C, 0x00, 0x0F, 0x40, 0x3E, 0x00, 0x03, 0xD1, 0x7E, 0x00, 0x00,
    0xFF, 0xF8, 0x00, 0x00, 0x3D, 0x0F, 0x80, 0x00, 0x0F, 0x41, 0xF8, 0x00, 0x03, 0xD0, 0x3F, 0x00,
    0x00, 0xF4, 0x07, 0xD0, 0x00, 0x3D, 0x00, 0xFC, 0x00, 0x1F, 0x40, 0x2F, 0x40, 0x1B, 0xE4, 0x03,
    0xF5, 0x1F, 0xFF, 0xC0, 0x7F, 0xC0, 0x00, 0x00, 0x01, 0x00, 0x00, 0x09, 0x00, 0x00, 0x00, 0x0B,
    0xD0, 0x00, 0x00, 0x01, 0xF8, 0x00, 0x00, 0x00, 0x1D, 0x00, 0x00, 0x00, 0x0E, 0x00, 0x00, 0x00,
    0x01, 0x00, 0x00, 0x00, 0x00, 0x00, 0x01, 0xAC, 0x2F, 0x8B, 0xF3, 0xEF, 0x43, 0xF8, 0x7E, 0x0F,
    0xC1, 0xF4, 0x3E, 0x01, 0x00, 0xF8, 0x00, 0x03, 0xE0, 0x00, 0x0F, 0x80, 0x00, 0x3E, 0x00, 0x00,
    0xF8, 0x00, 0x03, 0xE0, 0x00, 0x1F, 0xD4, 0x02, 0xFF, 0xF4, 0x00, 0x00, 0x00, 0x01, 0x80, 0x00,
    0x0F, 0xC0, 0x00, 0x3F, 0x00, 0x00, 0x38, 0x00, 0x01, 0xC0, 0x00, 0x04, 0x00, 0x00, 0x00, 0x00,
    0x00, 0x00, 0x00, 0xF0, 0x0F, 0x00, 0x00, 0x0F, 0xAF, 0x00, 0x00, 0x00, 0xFF, 0x00, 0x00, 0x00,
    0x0F, 0x00, 0x00, 0x00, 0x00, 0x00, 0x00, 0x02, 0xAA, 0x54, 0x00, 0x01, 0xFF, 0xFF, 0xF8, 0x00,
    0x07, 0xD0, 0x1F, 0x80, 0x00, 0xF4, 0x01, 0xF4, 0x00, 0x3D, 0x00, 0x3D, 0x00, 0x0F, 0x40, 0x0F,
    0x40, 0x03, 0xD0, 0x07, 0xC0, 0x00, 0xF4, 0x03, 0xE0, 0x00, 0x3D, 0x17, 0xE0, 0x00, 0x0F, 0xFF,
    0x80, 0x00, 0x03, 0xD0, 0xF8, 0x00, 0x00, 0xF4, 0x1F, 0x80, 0x00, 0x3D, 0x03, 0xF0, 0x00, 0x0F,
    0x40, 0x7D, 0x00, 0x03, 0xD0, 0x0F, 0xC0, 0x01, 0xF4, 0x02, 0xF4, 0x01, 0xBE, 0x40, 0x3F, 0x51,
    0xFF, 0xFC, 0x07, 0xFC, 0x00, 0x00, 0x00, 0x10, 0x00, 0x00, 0x00, 0x00, 0x2C, 0x07, 0x40, 0x3D,
    0x78, 0x00, 0x3F, 0xC0, 0x00, 0x7C, 0x00, 0x00, 0x40, 0x00, 0x00, 0x00, 0x1A, 0xC2, 0xF8, 0xBF,
    0x3E, 0xF4, 0x3F, 0x87, 0xE0, 0xFC, 0x1F, 0x43, 0xE0, 0x10, 0x0F, 0x80, 0x00, 0x3E, 0x00, 0x00,
    0xF8, 0x00, 0x03, 0xE0, 0x00, 0x0F, 0x80, 0x00, 0x3E, 0x00, 0x01, 0xFD, 0x40, 0x2F, 0xFF, 0x40,
    0x00, 0x00, 0x00, 0x00, 0x00, 0x74, 0x00, 0x00, 0x7E, 0x00, 0x00, 0xBE, 0x00, 0x00, 0x74, 0x00,
    0x00, 0x00, 0x00, 0x00, 0x06, 0xF8, 0x60, 0x1F, 0xEB, 0xFC, 0x0F, 0x40, 0x2F, 0x07, 0xC0, 0x03,
    0xC2, 0xE0, 0x00, 0x74, 0xBC, 0x00, 0x04, 0x2F, 0xC0, 0x00, 0x03, 0xFE, 0x40, 0x00, 0x3F, 0xFD,
    0x00, 0x01, 0xFF, 0xF0, 0x00, 0x02, 0xFF, 0x00, 0x00, 0x0B, 0xE1, 0x00, 0x00, 0xF9, 0xD0, 0x00,
    0x2E, 0x3C, 0x00, 0x0F, 0x8F, 0xC0, 0x03, 0xC3, 0xFE, 0x5B, 0xD0, 0xD7, 0xFF, 0xD0, 0x00, 0x05,
    0x00, 0x00, 0x00, 0x04, 0x00, 0x01, 0xE0, 0x00, 0x7E, 0x00, 0x0F, 0x40, 0x02, 0xC0, 0x00, 0x10,
    0x00, 0x00, 0x00, 0x00, 0xBF, 0xAC, 0x2E, 0x5F, 0xC7, 0xC0, 0x3C, 0x78, 0x01, 0xC7, 0xD0, 0x00,
    0x3F, 0xE4, 0x00, 0xFF, 0xF4, 0x00, 0xBF, 0xC0, 0x00, 0x3D, 0xB0, 0x02, 0xEB, 0x40, 0x2D, 0xBE,
    0x4B, 0xC7, 0xFF, 0xE0, 0x10, 0x50, 0x00, 0x00, 0x00, 0x00, 0x00, 0x0B, 0xC0, 0x00, 0x07, 0xFC,
    0x00, 0x07, 0xDB, 0x80, 0x03, 0x40, 0x38, 0x00, 0x00, 0x00, 0x00, 0x06, 0xF8, 0x60, 0x1F, 0xEB,
    0xFC, 0x0F, 0x40, 0x2F, 0x07, 0xC0, 0x03, 0xC2, 0xE0, 0x00, 0x74, 0xBC, 0x00, 0x04, 0x2F, 0xC0,
    0x00, 0x03, 0xFE, 0x40, 0x00, 0x3F, 0xFD, 0x00, 0x01, 0xFF, 0xF0, 0x00, 0x02, 0xFF, 0x00, 0x00,
    0x0B, 0xE1, 0x00, 0x00, 0xF9, 0xD0, 0x00, 0x2E, 0x3C, 0x00, 0x0F, 0x8F, 0xC0, 0x03, 0xC3, 0xFE,
    0x5B, 0xD0, 0xD7, 0xFF, 0xD0, 0x00, 0x05, 0x00, 0x00, 0x00, 0x10, 0x00, 0x0F, 0x40, 0x03, 0xFC,
    0x00, 0xB5, 0xF0, 0x1D, 0x03, 0x80, 0x00, 0x00, 0x00, 0x00, 0x00, 0xBF, 0xAC, 0x2E, 0x5F, 0xC7,
    0xC0, 0x3C, 0x78, 0x01, 0xC7, 0xD0, 0x00, 0x3F, 0xE4, 0x00, 0xFF, 0xF4, 0x00, 0xBF, 0xC0, 0x00,
    0x3D, 0xB0, 0x02, 0xEB, 0x40, 0x2D, 0xBE, 0x4B, 0xC7, 0xFF, 0xE0, 0x10, 0x50, 0x00, 0x00, 0x6F,
    0x86, 0x01, 0xFE, 0xBF, 0xC0, 0xF4, 0x02, 0xF0, 0x7C, 0x00, 0x3C, 0x2E, 0x00, 0x07, 0x4B, 0xC0,
    0x00, 0x42, 0xFC, 0x00, 0x00, 0x3F, 0xE4, 0x00, 0x03, 0xFF, 0xD0, 0x00, 0x1F, 0xFF, 0x00, 0x00,
    0x2F, 0xF0, 0x00, 0x00, 0xBE, 0x10, 0x00, 0x0F, 0x9D, 0x00, 0x02, 0xE3, 0xC0, 0x00, 0xF8, 0xFC,
    0x00, 0x3C, 0x3F, 0xE5, 0xBD, 0x0D, 0x7F, 0xFD, 0x00, 0x00, 0xD0, 0x00, 0x00, 0x79, 0x00, 0x00,
    0x07, 0xC0, 0x00, 0x00, 0x74, 0x00, 0x0B, 0xBC, 0x00, 0x00, 0xA8, 0x00, 0x00, 0x00, 0x00, 0xBF,
    0xAC, 0x2E, 0x5F, 0xC7, 0xC0, 0x3C, 0x78, 0x01, 0xC7, 0xD0, 0x00, 0x3F, 0xE4, 0x00, 0xFF, 0xF4,
    0x00, 0xBF, 0xC0, 0x00, 0x3D, 0xB0, 0x02, 0xEB, 0x40, 0x2D, 0xBE, 0x4B, 0xC7, 0xFF, 0xE0, 0x10,
    0xE0, 0x00, 0x0E, 0x40, 0x00, 0x6D, 0x00, 0x00, 0xE0, 0x07, 0xBD, 0x00, 0x1A, 0x40, 0x00, 0x00,
    0x00, 0x00, 0xE0, 0x1D, 0x00, 0x0F, 0x7E, 0x00, 0x01, 0xFE, 0x00, 0x00, 0x1E, 0x00, 0x00, 0x00,
    0x00, 0x00, 0x06, 0xF8, 0x60, 0x1F, 0xEB, 0xFC, 0x0F, 0x40, 0x2F, 0x07, 0xC0, 0x03, 0xC2, 0xE0,
    0x00, 0x74, 0xBC, 0x00, 0x04, 0x2F, 0xC0, 0x00, 0x03, 0xFE, 0x40, 0x00, 0x3F, 0xFD, 0x00, 0x01,
    0xFF, 0xF0, 0x00, 0x02, 0xFF, 0x00, 0x00, 0x0B, 0xE1, 0x00, 0x00, 0xF9, 0xD0, 0x00, 0x2E, 0x3C,
    0x00, 0x0F, 0x8F, 0xC0, 0x03, 0xC3, 0xFE, 0x5B, 0xD0, 0xD7, 0xFF, 0xD0, 0x00, 0x05, 0x00, 0x00,
    0x00, 0x00, 0x02, 0xC0, 0x74, 0x0F, 0x5E, 0x00, 0x3F, 0xC0, 0x01, 0xF0, 0x00, 0x04, 0x00, 0x00,
    0x00, 0x00, 0xBF, 0xAC, 0x2E, 0x5F, 0xC7, 0xC0, 0x3C, 0x78, 0x01, 0xC7, 0xD0, 0x00, 0x3F, 0xE4,
    0x00, 0xFF, 0xF4, 0x00, 0xBF, 0xC0, 0x00, 0x3D, 0xB0, 0x02, 0xEB, 0x40, 0x2D, 0xBE, 0x4B, 0xC7,
    0xFF, 0xE0, 0x10, 0x50, 0x00, 0x1A, 0xAA, 0xAA, 0xA9, 0x0F, 0xFF, 0xFF, 0xFF, 0x87, 0xD0, 0x3D,
    0x02, 0xF2, 0xD0, 0x0F, 0x40, 0x3C, 0xF0, 0x03, 0xD0, 0x07, 0x24, 0x00, 0xF4, 0x00, 0x80, 0x00,
    0x3D, 0x00, 0x00, 0x00, 0x0F, 0x40, 0x00, 0x00, 0x03, 0xD0, 0x00, 0x00, 0x00, 0xF4, 0x00, 0x00,
    0x00, 0x3D, 0x00, 0x00, 0x00, 0x0F, 0x40, 0x00, 0x00, 0x03, 0xD0, 0x00, 0x00, 0x00, 0xF4, 0x00,
    0x00, 0x00, 0x3D, 0x00, 0x00, 0x00, 0x0F, 0x40, 0x00, 0x00, 0x1B, 0xF5, 0x00, 0x00, 0x3F, 0xFF,
    0xD0, 0x00, 0x00, 0x28, 0x00, 0x00, 0x00, 0x0E, 0x40, 0x00, 0x00, 0x01, 0xB8, 0x00, 0x00, 0x00,
    0x0F, 0x00, 0x00, 0x00, 0xEF, 0x40, 0x00, 0x00, 0x1A, 0x40, 0x00, 0x01, 0xC0, 0x00, 0x1C, 0x00,
    0x02, 0xC0, 0x00, 0x3C, 0x00, 0x2F, 0xEA, 0x83, 0xFF, 0xFC, 0x03, 0xC0, 0x00, 0x3C, 0x00, 0x03,
    0xC0, 0x00, 0x3C, 0x00, 0x03, 0xC0, 0x00, 0x3C, 0x00, 0x03, 0xC0, 0x00, 0x3C, 0x00, 0x03, 0xD0,
    0x00, 0x3F, 0xAF, 0x00, 0xFF, 0x80, 0x03, 0xC0, 0x00, 0x39, 0x00, 0x01, 0xB8, 0x00, 0x03, 0x80,
    0x0E, 0xF4, 0x00, 0x69, 0x00, 0x00, 0x00, 0x00, 0x00, 0x00, 0x2D, 0x02, 0xC0, 0x00, 0x02, 0xEB,
    0xC0, 0x00, 0x00, 0x2F, 0xD0, 0x00, 0x00, 0x03, 0xD0, 0x00, 0x00, 0x00, 0x00, 0x00, 0x01, 0xAA,
    0xAA, 0xAA, 0x90, 0xFF, 0xFF, 0xFF, 0xF8, 0x7D, 0x03, 0xD0, 0x2F, 0x2D, 0x00, 0xF4, 0x03, 0xCF,
    0x00, 0x3D, 0x00, 0x72, 0x40, 0x0F, 0x40, 0x08, 0x00, 0x03, 0xD0, 0x00, 0x00, 0x00, 0xF4, 0x00,
    0x00, 0x00, 0x3D, 0x00, 0x00, 0x00, 0x0F, 0x40, 0x00, 0x00, 0x03, 0xD0, 0x00, 0x00, 0x00, 0xF4,
    0x00, 0x00, 0x00, 0x3D, 0x00, 0x00, 0x00, 0x0F, 0x40, 0x00, 0x00, 0x03, 0xD0, 0x00, 0x00, 0x00,
    0xF4, 0x00, 0x00, 0x01, 0xBF, 0x50, 0x00, 0x03, 0xFF, 0xFD, 0x00, 0x00, 0x00, 0x00, 0x00, 0x2E,
    0x00, 0x02, 0xF0, 0x00, 0x0F, 0x01, 0xC0, 0xD0, 0x1C, 0x28, 0x02, 0xC0, 0x00, 0x3C, 0x00, 0x2F,
    0xEA, 0x83, 0xFF, 0xFC, 0x03, 0xC0, 0x00, 0x3C, 0x00, 0x03, 0xC0, 0x00, 0x3C, 0x00, 0x03, 0xC0,
    0x00, 0x3C, 0x00, 0x03, 0xC0, 0x00, 0x3C, 0x00, 0x03, 0xD0, 0x00, 0x3F, 0xAF, 0x00, 0xFF, 0x80,
    0x01, 0x40, 0x1A, 0xAA, 0xAA, 0xA9, 0x0F, 0xFF, 0xFF, 0xFF, 0x87, 0xD0, 0x3D, 0x02, 0xF2, 0xD0,
    0x0F, 0x40, 0x3C, 0xF0, 0x03, 0xD0, 0x07, 0x24, 0x00, 0xF4, 0x00, 0x80, 0x00, 0x3D, 0x00, 0x00,
    0x00, 0x0F, 0x40, 0x00, 0x01, 0x57, 0xE5, 0x40, 0x00, 0xFF, 0xFF, 0xF4, 0x00, 0x00, 0x3E, 0x00,
    0x00, 0x00, 0x0F, 0x40, 0x00, 0x00, 0x03, 0xD0, 0x00, 0x00, 0x00, 0xF4, 0x00, 0x00, 0x00, 0x3D,
    0x00, 0x00, 0x00, 0x0F, 0x40, 0x00, 0x00, 0x1B, 0xF5, 0x00, 0x00, 0x3F, 0xFF, 0xD0, 0x00, 0x01,
    0xC0, 0x00, 0x1C, 0x00, 0x02, 0xC0, 0x00, 0x3C, 0x00, 0x2F, 0xEA, 0x83, 0xFF, 0xFC, 0x03, 0xC0,
    0x00, 0x3C, 0x00, 0x03, 0xC0, 0x03, 0xFF, 0xFC, 0x1B, 0xE5, 0x40, 0x3C, 0x00, 0x03, 0xC0, 0x00,
    0x3C, 0x00, 0x03, 0xD0, 0x00, 0x3F, 0xAF, 0x00, 0xFF, 0x80, 0x01, 0x40, 0x00, 0x01, 0x40, 0x00,
    0x00, 0x00, 0x3F, 0xE7, 0x40, 0x00, 0x02, 0x9F, 0xFC, 0x00, 0x00, 0x00, 0x01, 0x80, 0x00, 0x00,
    0x00, 0x00, 0x00, 0x01, 0xAA, 0xA0, 0x02, 0xAA, 0x8B, 0xFF, 0xC0, 0x0F, 0xFF, 0x02, 0xF0, 0x00,
    0x03, 0xC0, 0x0B, 0xC0, 0x00, 0x0F, 0x00, 0x2F, 0x00, 0x00, 0x3C, 0x00, 0xBC, 0x00, 0x00, 0xF0,
    0x02, 0xF0, 0x00, 0x03, 0xC0, 0x0B, 0xC0, 0x00, 0x0F, 0x00, 0x2F, 0x00, 0x00, 0x3C, 0x00, 0xBC,
    0x00, 0x00, 0xF0, 0x02, 0xF0, 0x00, 0x03, 0xC0, 0x0B, 0xC0, 0x00, 0x0F, 0x00, 0x1F, 0x00, 0x00,
    0x3C, 0x00, 0x7C, 0x00, 0x00, 0xE0, 0x00, 0xF8, 0x00, 0x0B, 0x40, 0x02, 0xF0, 0x00, 0x7C, 0x00,
    0x03, 0xF9, 0x6F, 0xC0, 0x00, 0x02, 0xFF, 0xF8, 0x00, 0x00, 0x00, 0x14, 0x00, 0x00, 0x00, 0x14,
    0x00, 0x00, 0x00, 0xBF, 0xDA, 0x00, 0x00, 0xDB, 0xFC, 0x00, 0x00, 0x00, 0x50, 0x00, 0x00, 0x00,
    0x00, 0x00, 0x00, 0x00, 0x00, 0x00, 0x2B, 0xC0, 0x2B, 0xC0, 0x3F, 0xC0, 0x2F, 0xC0, 0x07, 0xC0,
    0x07, 0xC0, 0x07, 0xC0, 0x07, 0xC0, 0x07, 0xC0, 0x07, 0xC0, 0x07, 0xC0, 0x07, 0xC0, 0x07, 0xC0,
    0x07, 0xC0, 0x07, 0xC0, 0x07, 0xC0, 0x07, 0xC0, 0x07, 0xC0, 0x07, 0xC0, 0x0B, 0xC0, 0x03, 0xD0,
    0x0F, 0xC0, 0x03, 0xF9, 0xB7, 0xE4, 0x00, 0xFF, 0xD3, 0xFC, 0x00, 0x04, 0x00, 0x00, 0x00, 0x0A,
    0xAA, 0x80, 0x00, 0x00, 0x3F, 0xFF, 0x00, 0x00, 0x00, 0x00, 0x00, 0x00, 0x00, 0x00, 0x00, 0x00,
    0x00, 0x6A, 0xA8, 0x00, 0xAA, 0xA2, 0xFF, 0xF0, 0x03, 0xFF, 0xC0, 0xBC, 0x00, 0x00, 0xF0, 0x02,
    0xF0, 0x00, 0x03, 0xC0, 0x0B, 0xC0, 0x00, 0x0F, 0x00, 0x2F, 0x00, 0x00, 0x3C, 0x00, 0xBC, 0x00,
    0x00, 0xF0, 0x02, 0xF0, 0x00, 0x03, 0xC0, 0x0B, 0xC0, 0x00, 0x0F, 0x00, 0x2F, 0x00, 0x00, 0x3C,
    0x00, 0xBC, 0x00, 0x00, 0xF0, 0x02, 0xF0, 0x00, 0x03, 0xC0, 0x07, 0xC0, 0x00, 0x0F, 0x00, 0x1F,
    0x00, 0x00, 0x38, 0x00, 0x3E, 0x00, 0x02, 0xD0, 0x00, 0xBC, 0x00, 0x1F, 0x00, 0x00, 0xFE, 0x5B,
    0xF0, 0x00, 0x00, 0xBF, 0xFE, 0x00, 0x00, 0x00, 0x05, 0x00, 0x00, 0x00, 0x00, 0xAA, 0xA8, 0x00,
    0x00, 0xFF, 0xFD, 0x00, 0x00, 0x00, 0x00, 0x00, 0x00, 0x00, 0x00, 0x00, 0x00, 0x00, 0x00, 0x00,
    0x2B, 0xC0, 0x2B, 0xC0, 0x3F, 0xC0, 0x2F, 0xC0, 0x07, 0xC0, 0x07, 0xC0, 0x07, 0xC0, 0x07, 0xC0,
    0x07, 0xC0, 0x07, 0xC0, 0x07, 0xC0, 0x07, 0xC0, 0x07, 0xC0, 0x07, 0xC0, 0x07, 0xC0, 0x07, 0xC0,
    0x07, 0xC0, 0x07, 0xC0, 0x07, 0xC0, 0x0B, 0xC0, 0x03, 0xD0, 0x0F, 0xC0, 0x03, 0xF9, 0xB7, 0xE4,
    0x00, 0xFF, 0xD3, 0xFC, 0x00, 0x04, 0x00, 0x00, 0x00, 0x00, 0x00, 0x00, 0x00, 0x00, 0x60, 0x03,
    0x40, 0x00, 0x00, 0xD0, 0x2C, 0x00, 0x00, 0x03, 0xFF, 0xE0, 0x00, 0x00, 0x02, 0xFE, 0x00, 0x00,
    0x00, 0x00, 0x00, 0x00, 0x06, 0xAA, 0x80, 0x0A, 0xAA, 0x2F, 0xFF, 0x00, 0x3F, 0xFC, 0x0B, 0xC0,
    0x00, 0x0F, 0x00, 0x2F, 0x00, 0x00, 0x3C, 0x00, 0xBC, 0x00, 0x00, 0xF0, 0x02, 0xF0, 0x00, 0x03,
    0xC0, 0x0B, 0xC0, 0x00, 0x0F, 0x00, 0x2F, 0x00, 0x00, 0x3C, 0x00, 0xBC, 0x00, 0x00, 0xF0, 0x02,
    0xF0, 0x00, 0x03, 0xC0, 0x0B, 0xC0, 0x00, 0x0F, 0x00, 0x2F, 0x00, 0x00, 0x3C, 0x00, 0x7C, 0x00,
    0x00, 0xF0, 0x01, 0xF0, 0x00, 0x03, 0x80, 0x03, 0xE0, 0x00, 0x2D, 0x00, 0x0B, 0xC0, 0x01, 0xF0,
    0x00, 0x0F, 0xE5, 0xBF, 0x00, 0x00, 0x0B, 0xFF, 0xE0, 0x00, 0x00, 0x00, 0x50, 0x00, 0x00, 0x00,
    0x00, 0x00, 0x00, 0x00, 0xD0, 0x09, 0x00, 0x00, 0xB0, 0x1C, 0x00, 0x00, 0x7E, 0xF8, 0x00, 0x00,
    0x1F, 0xF0, 0x00, 0x00, 0x01, 0x00, 0x00, 0x00, 0x00, 0x00, 0x00, 0x2B, 0xC0, 0x2B, 0xC0, 0x3F,
    0xC0, 0x2F, 0xC0, 0x07, 0xC0, 0x07, 0xC0, 0x07, 0xC0, 0x07, 0xC0, 0x07, 0xC0, 0x07, 0xC0, 0x07,
    0xC0, 0x07, 0xC0, 0x07, 0xC0, 0x07, 0xC0, 0x07, 0xC0, 0x07, 0xC0, 0x07, 0xC0, 0x07, 0xC0, 0x07,
    0xC0, 0x0B, 0xC0, 0x03, 0xD0, 0x0F, 0xC0, 0x03, 0xF9, 0xB7, 0xE4, 0x00, 0xFF, 0xD3, 0xFC, 0x00,
    0x04, 0x00, 0x00, 0x00, 0x00, 0xA8, 0x00, 0x00, 0x00, 0x0E, 0x7C, 0x00, 0x00, 0x00, 0x70, 0x70,
    0x00, 0x00, 0x01, 0xC1, 0xC0, 0x00, 0x00, 0x03, 0xFD, 0x00, 0x00, 0x00, 0x01, 0x40, 0x00, 0x06,
    0xAA, 0x80, 0x0A, 0xAA, 0x2F, 0xFF, 0x00, 0x3F, 0xFC, 0x0B, 0xC0, 0x00, 0x0F, 0x00, 0x2F, 0x00,
    0x00, 0x3C, 0x00, 0xBC, 0x00, 0x00, 0xF0, 0x02, 0xF0, 0x00, 0x03, 0xC0, 0x0B, 0xC0, 0x00, 0x0F,
    0x00, 0x2F, 0x00, 0x00, 0x3C, 0x00, 0xBC, 0x00, 0x00, 0xF0, 0x02, 0xF0, 0x00, 0x03, 0xC0, 0x0B,
    0xC0, 0x00, 0x0F, 0x00, 0x2F, 0x00, 0x00, 0x3C, 0x00, 0x7C, 0x00, 0x00, 0xF0, 0x01, 0xF0, 0x00,
    0x03, 0x80, 0x03, 0xE0, 0x00, 0x2D, 0x00, 0x0B, 0xC0, 0x01, 0xF0, 0x00, 0x0F, 0xE5, 0xBF, 0x00,
    0x00, 0x0B, 0xFF, 0xE0, 0x00, 0x00, 0x00, 0x50, 0x00, 0x00, 0x00, 0x06, 0x80, 0x00, 0x00, 0x2E,
    0xF0, 0x00, 0x00, 0x38, 0x34, 0x00, 0x00, 0x38, 0x34, 0x00, 0x00, 0x1F, 0xF0, 0x00, 0x00, 0x01,
    0x40, 0x00, 0x00, 0x00, 0x00, 0x00, 0x2B, 0xC0, 0x2B, 0xC0, 0x3F, 0xC0, 0x2F, 0xC0, 0x07, 0xC0,
    0x07, 0xC0, 0x07, 0xC0, 0x07, 0xC0, 0x07, 0xC0, 0x07, 0xC0, 0x07, 0xC0, 0x07, 0xC0, 0x07, 0xC0,
    0x07, 0xC0, 0x07, 0xC0, 0x07, 0xC0, 0x07, 0xC0, 0x07, 0xC0, 0x07, 0xC0, 0x0B, 0xC0, 0x03, 0xD0,
    0x0F, 0xC0, 0x03, 0xF9, 0xB7, 0xE4, 0x00, 0xFF, 0xD3, 0xFC, 0x00, 0x04, 0x00, 0x00, 0x00, 0x00,
    0x00, 0x00, 0x00, 0x00, 0x00, 0xF0, 0x74, 0x00, 0x00, 0x0F, 0xC7, 0xD0, 0x00, 0x00, 0xF8, 0x7D,
    0x00, 0x00, 0x0A, 0x03, 0x40, 0x00, 0x00, 0x00, 0x00, 0x00, 0x06, 0xAA, 0x80, 0x0A, 0xAA, 0x2F,
    0xFF, 0x00, 0x3F, 0xFC, 0x0B, 0xC0, 0x00, 0x0F, 0x00, 0x2F, 0x00, 0x00, 0x3C, 0x00, 0xBC, 0x00,
    0x00, 0xF0, 0x02, 0xF0, 0x00, 0x03, 0xC0, 0x0B, 0xC0, 0x00, 0x0F, 0x00, 0x2F, 0x00, 0x00, 0x3C,
    0x00, 0xBC, 0x00, 0x00, 0xF0, 0x02, 0xF0, 0x00, 0x03, 0xC0, 0x0B, 0xC0, 0x00, 0x0F, 0x00, 0x2F,
    0x00, 0x00, 0x3C, 0x00, 0x7C, 0x00, 0x00, 0xF0, 0x01, 0xF0, 0x00, 0x03, 0x80, 0x03, 0xE0, 0x00,
    0x2D, 0x00, 0x0B, 0xC0, 0x01, 0xF0, 0x00, 0x0F, 0xE5, 0xBF, 0x00, 0x00, 0x0B, 0xFF, 0xE0, 0x00,
    0x00, 0x00, 0x50, 0x00, 0x00, 0x00, 0x00, 0x00, 0x00, 0x00, 0x03, 0xC3, 0xC0, 0x00, 0x0B, 0xCF,
    0x80, 0x00, 0x0F, 0x2E, 0x00, 0x00, 0x38, 0x34, 0x00, 0x00, 0x10, 0x00, 0x00, 0x00, 0x00, 0x00,
    0x00, 0x2B, 0xC0, 0x2B, 0xC0, 0x3F, 0xC0, 0x2F, 0xC0, 0x07, 0xC0, 0x07, 0xC0, 0x07, 0xC0, 0x07,
    0xC0, 0x07, 0xC0, 0x07, 0xC0, 0x07, 0xC0, 0x07, 0xC0, 0x07, 0xC0, 0x07, 0xC0, 0x07, 0xC0, 0x07,
    0xC0, 0x07, 0xC0, 0x07, 0xC0, 0x07, 0xC0, 0x0B, 0xC0, 0x03, 0xD0, 0x0F, 0xC0, 0x03, 0xF9, 0xB7,
    0xE4, 0x00, 0xFF, 0xD3, 0xFC, 0x00, 0x04, 0x00, 0x00, 0x6A, 0xA8, 0x00, 0xAA, 0xA2, 0xFF, 0xF0,
    0x03, 0xFF, 0xC0, 0xBC, 0x00, 0x00, 0xF0, 0x02, 0xF0, 0x00, 0x03, 0xC0, 0x0B, 0xC0, 0x00, 0x0F,
    0x00, 0x2F, 0x00, 0x00, 0x3C, 0x00, 0xBC, 0x00, 0x00, 0xF0, 0x02, 0xF0, 0x00, 0x03, 0xC0, 0x0B,
    0xC0, 0x00, 0x0F, 0x00, 0x2F, 0x00, 0x00, 0x3C, 0x00, 0xBC, 0x00, 0x00, 0xF0, 0x02, 0xF0, 0x00,
    0x03, 0xC0, 0x07, 0xC0, 0x00, 0x0F, 0x00, 0x1F, 0x00, 0x00, 0x38, 0x00, 0x3E, 0x00, 0x02, 0xD0,
    0x00, 0xBC, 0x00, 0x1F, 0x00, 0x00, 0xFE, 0x5B, 0xF0, 0x00, 0x00, 0xBF, 0xFE, 0x00, 0x00, 0x00,
    0x06, 0xD0, 0x00, 0x00, 0x00, 0x1D, 0x00, 0x00, 0x00, 0x00, 0xF0, 0x00, 0x00, 0x00, 0x07, 0xC0,
    0x00, 0x00, 0x00, 0x0F, 0xF0, 0x00, 0x00, 0x00, 0x1A, 0x00, 0x00, 0x2B, 0xC0, 0x2B, 0xC0, 0x3F,
    0xC0, 0x2F, 0xC0, 0x07, 0xC0, 0x07, 0xC0, 0x07, 0xC0, 0x07, 0xC0, 0x07, 0xC0, 0x07, 0xC0, 0x07,
    0xC0, 0x07, 0xC0, 0x07, 0xC0, 0x07, 0xC0, 0x07, 0xC0, 0x07, 0xC0, 0x07, 0xC0, 0x07, 0xC0, 0x07,
    0xC0, 0x0B, 0xC0, 0x03, 0xD0, 0x0F, 0xC0, 0x03, 0xF9, 0xB7, 0xE4, 0x00, 0xFF, 0xD3, 0xFC, 0x00,
    0x04, 0x00, 0xB0, 0x00, 0x00, 0x02, 0xC0, 0x00, 0x00, 0x07, 0x40, 0x00, 0x00, 0x0B, 0x80, 0x00,
    0x00, 0x0B, 0xFC, 0x00, 0x00, 0x01, 0xA0, 0x00, 0x00, 0x00, 0x10, 0x00, 0x00, 0x00, 0x00, 0x00,
    0x02, 0xE0, 0x00, 0x00, 0x00, 0x00, 0x00, 0x2F, 0xE0, 0x00, 0x00, 0x00, 0x00, 0x01, 0xF6, 0xE0,
    0x00, 0x00, 0x00, 0x00, 0x0D, 0x01, 0xD0, 0x00, 0x00, 0x00, 0x00, 0x00, 0x00, 0x00, 0x00, 0x06,
    0xAA, 0x80, 0x06, 0x80, 0x02, 0xAA, 0x5F, 0xFF, 0x00, 0x3F, 0x40, 0x0F, 0xFD, 0x0B, 0xC0, 0x00,
    0xFE, 0x00, 0x07, 0x80, 0x1F, 0x40, 0x0B, 0xBC, 0x00, 0x2C, 0x00, 0x3E, 0x00, 0x3C, 0xF0, 0x00,
    0xB0, 0x00, 0xF8, 0x00, 0xE3, 0xD0, 0x03, 0x80, 0x02, 0xF0, 0x07, 0x4B, 0xC0, 0x0D, 0x00, 0x07,
    0xC0, 0x2C, 0x1F, 0x00, 0x70, 0x00, 0x0F, 0x40, 0xF0, 0x3D, 0x02, 0xC0, 0x00, 0x3E, 0x03, 0x80,
    0xF8, 0x0E, 0x00, 0x00, 0xBC, 0x1D, 0x01, 0xF0, 0x34, 0x00, 0x01, 0xF0, 0xB0, 0x03, 0xC1, 0xC0,
    0x00, 0x03, 0xD3, 0xC0, 0x0F, 0x8B, 0x00, 0x00, 0x0F, 0x8E, 0x00, 0x2F, 0x38, 0x00, 0x00, 0x2F,
    0x74, 0x00, 0x7C, 0xD0, 0x00, 0x00, 0x7E, 0xC0, 0x00, 0xFF, 0x00, 0x00, 0x00, 0xFF, 0x00, 0x02,
    0xFC, 0x00, 0x00, 0x03, 0xF8, 0x00, 0x07, 0xE0, 0x00, 0x00, 0x00, 0x01, 0x00, 0x00, 0x00, 0x00,
    0x00, 0xF4, 0x00, 0x00, 0x00, 0x00, 0x3F, 0xC0, 0x00, 0x00, 0x00, 0x0B, 0x9F, 0x00, 0x00, 0x00,
    0x01, 0xD0, 0x38, 0x00, 0x00, 0x00, 0x00, 0x00, 0x00, 0x00, 0x00, 0x00, 0x00, 0x00, 0x00, 0x06,
    0xAA, 0x00, 0xA4, 0x0A, 0xA8, 0xBF, 0xE0, 0x1F, 0xC0, 0xBF, 0x80, 0xF8, 0x03, 0xFC, 0x01, 0xD0,
    0x0B, 0xC0, 0x3B, 0xD0, 0x2C, 0x00, 0x7C, 0x07, 0x6E, 0x03, 0xC0, 0x03, 0xD0, 0xB1, 0xF0, 0x38,
    0x00, 0x3E, 0x0E, 0x0F, 0x07, 0x00, 0x01, 0xF0, 0xD0, 0xF4, 0xB0, 0x00, 0x0F, 0x1C, 0x0B, 0x8E,
    0x00, 0x00, 0xF6, 0xC0, 0x7C, 0xD0, 0x00, 0x0B, 0xB8, 0x03, 0xEC, 0x00, 0x00, 0x3F, 0x40, 0x3F,
    0x80, 0x00, 0x03, 0xF0, 0x02, 0xF4, 0x00, 0x00, 0x00, 0x00, 0x00, 0x00, 0x00, 0x0F, 0x40, 0x00,
    0x00, 0x03, 0xFD, 0x00, 0x00, 0x00, 0xB9, 0xF4, 0x00, 0x00, 0x2C, 0x01, 0xC0, 0x00, 0x00, 0x00,
    0x00, 0x00, 0x6A, 0xA8, 0x01, 0xAA, 0x87, 0xFF, 0xD0, 0x2F, 0xFC, 0x0B, 0xD0, 0x00, 0x3C, 0x00,
    0x3F, 0x00, 0x07, 0x40, 0x01, 0xF4, 0x00, 0xF0, 0x00, 0x0B, 0xC0, 0x2C, 0x00, 0x00, 0x3E, 0x03,
    0x80, 0x00, 0x01, 0xF4, 0xB0, 0x00, 0x00, 0x0F, 0xDD, 0x00, 0x00, 0x00, 0x3F, 0xC0, 0x00, 0x00,
    0x02, 0xF0, 0x00, 0x00, 0x00, 0x1F, 0x00, 0x00, 0x00, 0x01, 0xF0, 0x00, 0x00, 0x00, 0x1F, 0x00,
    0x00, 0x00, 0x01, 0xF0, 0x00, 0x00, 0x00, 0x1F, 0x00, 0x00, 0x00, 0x07, 0xF9, 0x00, 0x00, 0x03,
    0xFF, 0xF4, 0x00, 0x00, 0x01, 0x00, 0x00, 0x00, 0x2F, 0x00, 0x00, 0x01, 0xFE, 0x00, 0x00, 0x0F,
    0x6E, 0x00, 0x00, 0xF0, 0x1C, 0x00, 0x01, 0x00, 0x00, 0x00, 0x00, 0x00, 0x00, 0x1A, 0xA9, 0x0A,
    0xA8, 0x7F, 0xE4, 0x2F, 0xE0, 0x3F, 0x00, 0x1E, 0x00, 0x7C, 0x00, 0xB0, 0x00, 0xF8, 0x03, 0x80,
    0x02, 0xF0, 0x1C, 0x00, 0x03, 0xD0, 0xF0, 0x00, 0x0F, 0x83, 0x40, 0x00, 0x1F, 0x2C, 0x00, 0x00,
    0x3E, 0xD0, 0x00, 0x00, 0xBF, 0x00, 0x00, 0x00, 0xF8, 0x00, 0x00, 0x02, 0xC0, 0x00, 0x00, 0x0F,
    0x00, 0x00, 0x00, 0x74, 0x00, 0x03, 0xC3, 0xC0, 0x00, 0x2F, 0x1D, 0x00, 0x00, 0xBF, 0xE0, 0x00,
    0x00, 0x69, 0x00, 0x00, 0x00, 0x00, 0x04, 0x01, 0x40, 0x00, 0x02, 0xF0, 0xBC, 0x00, 0x00, 0x3F,
    0x4F, 0xD0, 0x00, 0x00, 0x90, 0x28, 0x00, 0x00, 0x00, 0x00, 0x00, 0x06, 0xAA, 0x80, 0x1A, 0xA8,
    0x7F, 0xFD, 0x02, 0xFF, 0xC0, 0xBD, 0x00, 0x03, 0xC0, 0x03, 0xF0, 0x00, 0x74, 0x00, 0x1F, 0x40,
    0x0F, 0x00, 0x00, 0xBC, 0x02, 0xC0, 0x00, 0x03, 0xE0, 0x38, 0x00, 0x00, 0x1F, 0x4B, 0x00, 0x00,
    0x00, 0xFD, 0xD0, 0x00, 0x00, 0x03, 0xFC, 0x00, 0x00, 0x00, 0x2F, 0x00, 0x00, 0x00, 0x01, 0xF0,
    0x00, 0x00, 0x00, 0x1F, 0x00, 0x00, 0x00, 0x01, 0xF0, 0x00, 0x00, 0x00, 0x1F, 0x00, 0x00, 0x00,
    0x01, 0xF0, 0x00, 0x00, 0x00, 0x7F, 0x90, 0x00, 0x00, 0x3F, 0xFF, 0x40, 0x00, 0x00, 0x00, 0x00,
    0x00, 0x00, 0x0F, 0x00, 0x00, 0x03, 0xF0, 0x00, 0x00, 0xFC, 0x00, 0x00, 0x38, 0x00, 0x00, 0x00,
    0x00, 0x00, 0x2A, 0xAA, 0xAA, 0x93, 0xFF, 0xFF, 0xFE, 0x3D, 0x00, 0x0B, 0xC3, 0xC0, 0x01, 0xF4,
    0x74, 0x00, 0x3F, 0x00, 0x00, 0x0F, 0xC0, 0x00, 0x01, 0xF4, 0x00, 0x00, 0x3E, 0x00, 0x00, 0x0F,
    0xC0, 0x00, 0x02, 0xF4, 0x00, 0x00, 0x3E, 0x00, 0x00, 0x0F, 0xC0, 0x00, 0x02, 0xF4, 0x00, 0x00,
    0x7E, 0x00, 0x0B, 0x0F, 0xC0, 0x00, 0xF2, 0xF0, 0x00, 0x2E, 0x7F, 0x55, 0x5F, 0xEB, 0xFF, 0xFF,
    0xFE, 0x00, 0x00, 0x00, 0x00, 0x03, 0xC0, 0x00, 0x0F, 0xC0, 0x00, 0x2E, 0x00, 0x00, 0x74, 0x00,
    0x00, 0x00, 0x00, 0x00, 0x00, 0x00, 0x1A, 0xAA, 0xA8, 0x3F, 0xEA, 0xFC, 0x3C, 0x00, 0xF4, 0x38,
    0x03, 0xE0, 0x10, 0x0B, 0xC0, 0x00, 0x1F, 0x00, 0x00, 0x3D, 0x00, 0x00, 0xF8, 0x00, 0x02, 0xF0,
    0x08, 0x07, 0xC0, 0x1D, 0x0F, 0x40, 0x2D, 0x3F, 0x55, 0xFC, 0x3F, 0xFF, 0xFC, 0x00, 0x05, 0x00,
    0x00, 0x01, 0xF8, 0x00, 0x00, 0x2F, 0x80, 0x00, 0x00, 0xA0, 0x00, 0x00, 0x00, 0x00, 0x02, 0xAA,
    0xAA, 0xA9, 0x3F, 0xFF, 0xFF, 0xE3, 0xD0, 0x00, 0xBC, 0x3C, 0x00, 0x1F, 0x47, 0x40, 0x03, 0xF0,
    0x00, 0x00, 0xFC, 0x00, 0x00, 0x1F, 0x40, 0x00, 0x03, 0xE0, 0x00, 0x00, 0xFC, 0x00, 0x00, 0x2F,
    0x40, 0x00, 0x03, 0xE0, 0x00, 0x00, 0xFC, 0x00, 0x00, 0x2F, 0x40, 0x00, 0x07, 0xE0, 0x00, 0xB0,
    0xFC, 0x00, 0x0F, 0x2F, 0x00, 0x02, 0xE7, 0xF5, 0x55, 0xFE, 0xBF, 0xFF, 0xFF, 0xE0, 0x00, 0x28,
    0x00, 0x00, 0xBE, 0x00, 0x00, 0x7E, 0x00, 0x00, 0x14, 0x00, 0x00, 0x00, 0x00, 0x00, 0x00, 0x00,
    0x1A, 0xAA, 0xA8, 0x3F, 0xEA, 0xFC, 0x3C, 0x00, 0xF4, 0x38, 0x03, 0xE0, 0x10, 0x0B, 0xC0, 0x00,
    0x1F, 0x00, 0x00, 0x3D, 0x00, 0x00, 0xF8, 0x00, 0x02, 0xF0, 0x08, 0x07, 0xC0, 0x1D, 0x0F, 0x40,
    0x2D, 0x3F, 0x55, 0xFC, 0x3F, 0xFF, 0xFC, 0x00, 0x00, 0x00, 0x00, 0x2D, 0x02, 0xC0, 0x00, 0xFA,
    0xF0, 0x00, 0x03, 0xFC, 0x00, 0x00, 0x0F, 0x00, 0x00, 0x00, 0x00, 0x00, 0x2A, 0xAA, 0xAA, 0x93,
    0xFF, 0xFF, 0xFE, 0x3D, 0x00, 0x0B, 0xC3, 0xC0, 0x01, 0xF4, 0x74, 0x00, 0x3F, 0x00, 0x00, 0x0F,
    0xC0, 0x00, 0x01, 0xF4, 0x00, 0x00, 0x3E, 0x00, 0x00, 0x0F, 0xC0, 0x00, 0x02, 0xF4, 0x00, 0x00,
    0x3E, 0x00, 0x00, 0x0F, 0xC0, 0x00, 0x02, 0xF4, 0x00, 0x00, 0x7E, 0x00, 0x0B, 0x0F, 0xC0, 0x00,
    0xF2, 0xF0, 0x00, 0x2E, 0x7F, 0x55, 0x5F, 0xEB, 0xFF, 0xFF, 0xFE, 0x00, 0x00, 0x00, 0x07, 0x40,
    0xE0, 0x02, 0xD7, 0xC0, 0x00, 0xFF, 0x00, 0x00, 0x3D, 0x00, 0x00, 0x04, 0x00, 0x00, 0x00, 0x00,
    0x1A, 0xAA, 0xA8, 0x3F, 0xEA, 0xFC, 0x3C, 0x00, 0xF4, 0x38, 0x03, 0xE0, 0x10, 0x0B, 0xC0, 0x00,
    0x1F, 0x00, 0x00, 0x3D, 0x00, 0x00, 0xF8, 0x00, 0x02, 0xF0, 0x08, 0x07, 0xC0, 0x1D, 0x0F, 0x40,
    0x2D, 0x3F, 0x55, 0xFC, 0x3F, 0xFF, 0xFC, 0x00, 0x07, 0x80, 0x7D, 0x01, 0xF0, 0x03, 0xC0, 0x04,
    0x00, 0x00, 0x3C, 0x0F, 0xC2, 0xF0, 0x74, 0x00, 0x00, 0x00, 0x40, 0x00, 0xF8, 0x00, 0xBF, 0x40,
    0x78, 0xF0, 0x34, 0x0F, 0x00, 0x00, 0x40, 0x09, 0x00, 0x0F, 0xF9, 0xCA, 0x7F, 0xE0, 0x00, 0x50,
    0x2A, 0xAA, 0x7F, 0xFF, 0x00, 0x00, 0x00, 0x00, 0x70, 0x03, 0x34, 0x0E, 0x2F, 0xBC, 0x0F, 0xF4,
    0x00, 0x40, 0x2D, 0x7F, 0x7E, 0x14, 0x24, 0x09, 0x2F, 0x0F, 0xCB, 0xC3, 0xF0, 0x50, 0x14, 0x00,
    0x00, 0xFF, 0x4B, 0x0F, 0x18, 0x3C, 0x03, 0xD0, 0x2D, 0x00, 0x60, 0x00, 0x05, 0x43, 0xED, 0x70,
    0xB7, 0x0B, 0x3F, 0xD0, 0x50, 0x00, 0x00, 0x01, 0xD2, 0xD0, 0xF5, 0xF0, 0xB4, 0xF4, 0x74, 0xB0,
    0x00, 0x10, 0x00, 0x00, 0x00, 0x1D, 0x03, 0x82, 0xE3, 0xC0, 0x3F, 0xD0, 0x03, 0xE0, 0x00, 0x10,
    0x00, 0x00, 0x00, 0xF0, 0xF0, 0xFC, 0xF4, 0x3D, 0x3C, 0x0B, 0x0E, 0x00, 0x00, 0x07, 0xE0, 0x1F,
    0xFC, 0x38, 0x1E, 0x70, 0x07, 0x10, 0x01, 0x04, 0x2C, 0x34, 0x7D, 0x3E, 0x14, 0x09, 0x0F, 0xC3,
    0xF4, 0x2C, 0x0B, 0x07, 0x4B, 0x42, 0x00, 0x00, 0x3E, 0x7F, 0x3E, 0x00, 0x10, 0x04, 0x2F, 0x0B,
    0xCF, 0xD3, 0xF0, 0xA0, 0x24, 0x18, 0x3F, 0x3F, 0x0E, 0x1C, 0x10, 0x00, 0x00, 0x90, 0x0E, 0x40,
    0x6E, 0x00, 0xE7, 0xBD, 0x1A, 0x40, 0x00, 0x00, 0x74, 0x1D, 0x03, 0xC0, 0x7C, 0x03, 0xFC, 0x1A,
    0x00, 0x10, 0x01, 0x30, 0x0B, 0x3E, 0x6D, 0x1F, 0xF8, 0x01, 0x90, 0x2A, 0xA9, 0x7F, 0xFF, 0x15,
    0x54, 0x00, 0x00, 0x00, 0x00, 0x0B, 0x00, 0x00, 0x00, 0xBD, 0x00, 0x00, 0x02, 0xF4, 0x00, 0x00,
    0x02, 0xD0, 0x00, 0x00, 0x00, 0x00, 0x2A, 0xAA, 0xAA, 0x07, 0xFF, 0xFF, 0xF4, 0x07, 0xD0, 0x0B,
    0x80, 0x3D, 0x00, 0x3C, 0x03, 0xD0, 0x01, 0x80, 0x3D, 0x00, 0x00, 0x03, 0xD0, 0x08, 0x00, 0x3D,
    0x02, 0xC0, 0x03, 0xFA, 0xFC, 0x00, 0x3F, 0xFF, 0xC0, 0x03, 0xD0, 0x2C, 0x00, 0x3D, 0x01, 0xC0,
    0x03, 0xD0, 0x00, 0x00, 0x3D, 0x00, 0x09, 0x03, 0xD0, 0x00, 0xD0, 0x7D, 0x00, 0x2D, 0x1B, 0xE5,
    0x5B, 0xC7, 0xFF, 0xFF, 0xFC, 0x00, 0x40, 0x10, 0x00, 0x3F, 0x0F, 0xC0, 0x03, 0xF0, 0xFC, 0x00,
    0x19, 0x06, 0x40, 0x00, 0x00, 0x00, 0x02, 0xAA, 0xAA, 0xA0, 0x7F, 0xFF, 0xFF, 0x40, 0x7D, 0x00,
    0xB8, 0x03, 0xD0, 0x03, 0xC0, 0x3D, 0x00, 0x18, 0x03, 0xD0, 0x00, 0x00, 0x3D, 0x00, 0x80, 0x03,
    0xD0, 0x2C, 0x00, 0x3F, 0xAF, 0xC0, 0x03, 0xFF, 0xFC, 0x00, 0x3D, 0x02, 0xC0, 0x03, 0xD0, 0x1C,
    0x00, 0x3D, 0x00, 0x00, 0x03, 0xD0, 0x00, 0x90, 0x3D, 0x00, 0x0D, 0x07, 0xD0, 0x02, 0xD1, 0xBE,
    0x55, 0xBC, 0x7F, 0xFF, 0xFF, 0xC0, 0x1A, 0xAA, 0xAA, 0xAA, 0x00, 0x3F, 0xFF, 0xFF, 0xFF, 0x40,
    0x3D, 0x0B, 0xC0, 0x0F, 0x80, 0x78, 0x0B, 0xC0, 0x03, 0xC0, 0xB0, 0x0B, 0xC0, 0x02, 0xC0, 0x60,
    0x0B, 0xC0, 0x01, 0x80, 0x00, 0x0B, 0xC0, 0x00, 0x00, 0x00, 0x0B, 0xC0, 0x15, 0x00, 0x00, 0x0B,
    0xCB, 0xFF, 0xE0, 0x00, 0x0B, 0xFE, 0x57, 0xF8, 0x00, 0x0B, 0xE0, 0x00, 0xBC, 0x00, 0x0B, 0xC0,
    0x00, 0x3E, 0x00, 0x0B, 0xC0, 0x00, 0x3E, 0x00, 0x0B, 0xC0, 0x00, 0x3E, 0x00, 0x0B, 0xC0, 0x00,
    0x3E, 0x00, 0x0B, 0xC0, 0x00, 0x3D, 0x00, 0x1F, 0xE4, 0x00, 0xBC, 0x00, 0xFF, 0xFC, 0x00, 0xF4,
    0x00, 0x00, 0x00, 0x03, 0xE0, 0x00, 0x00, 0x00, 0x0F, 0x40, 0x00, 0x00, 0x00, 0x04, 0x00, 0x00,
    0x00, 0x00, 0x00, 0x00, 0x03, 0x80, 0x00, 0x00, 0xFC, 0x00, 0x00, 0x7E, 0x00, 0x00, 0x0E, 0x00,
    0x00, 0x00, 0x00, 0x00, 0x2A, 0xAA, 0xAA, 0x47, 0xFF, 0xFF, 0xF8, 0x07, 0xD0, 0x0B, 0xC0, 0x3D,
    0x00, 0x3C, 0x03, 0xD0, 0x01, 0xC0, 0x3D, 0x00, 0x04, 0x03, 0xD0, 0x00, 0x00, 0x3D, 0x00, 0x00,
    0x03, 0xD0, 0x00, 0x00, 0x3D, 0x00, 0x00, 0x03, 0xD0, 0x00, 0x00, 0x3D, 0x00, 0x00, 0x03, 0xD0,
    0x00, 0x00, 0x3D, 0x00, 0x00, 0x03, 0xD0, 0x00, 0x00, 0x7D, 0x00, 0x00, 0x1B, 0xE4, 0x00, 0x07,
    0xFF, 0xF0, 0x00, 0x00, 0x1A, 0xA4, 0x60, 0x03, 0xFF, 0xFF, 0xC0, 0x3E, 0x00, 0x7F, 0x03, 0xE0,
    0x00, 0x3C, 0x1F, 0x00, 0x00, 0x74, 0xF8, 0x00, 0x00, 0x93, 0xD0, 0x00, 0x00, 0x1F, 0x40, 0x00,
    0x00, 0x7F, 0xFF, 0xFD, 0x01, 0xFF, 0xFF, 0xF4, 0x07, 0xD0, 0x00, 0x00, 0x1F, 0x40, 0x00, 0x00,
    0x3E, 0x00, 0x00, 0x00, 0xBC, 0x00, 0x00, 0x01, 0xF8, 0x00, 0x03, 0x42, 0xF8, 0x00, 0x3C, 0x02,
    0xFE, 0x6F, 0xC0, 0x01, 0xFF, 0xF8, 0x00, 0x00, 0x04, 0x00, 0x00, 0x00, 0x6F, 0x86, 0x01, 0xFE,
    0xBF, 0xC0, 0xF4, 0x02, 0xF0, 0x7C, 0x00, 0x3C, 0x2E, 0x00, 0x07, 0x4B, 0xC0, 0x00, 0x42, 0xFC,
    0x00, 0x00, 0x3F, 0xE4, 0x00, 0x03, 0xFF, 0xD0, 0x00, 0x1F, 0xFF, 0x00, 0x00, 0x2F, 0xF0, 0x00,
    0x00, 0xBE, 0x10, 0x00, 0x0F, 0x9D, 0x00, 0x02, 0xE3, 0xC0, 0x00, 0xF8, 0xFC, 0x00, 0x3C, 0x3F,
    0xE5, 0xBD, 0x0D, 0x7F, 0xFD, 0x00, 0x00, 0x50, 0x00, 0x6A, 0xA9, 0x7F, 0xFD, 0x07, 0xD0, 0x03,
    0xD0, 0x03, 0xD0, 0x03, 0xD0, 0x03, 0xD0, 0x03, 0xD0, 0x03, 0xD0, 0x03, 0xD0, 0x03, 0xD0, 0x03,
    0xD0, 0x03, 0xD0, 0x03, 0xD0, 0x03, 0xD0, 0x07, 0xD0, 0x1B, 0xE4, 0xBF, 0xFE, 0x04, 0x01, 0x03,
    0xF0, 0xFC, 0x3F, 0x0F, 0xC1, 0x90, 0x64, 0x00, 0x00, 0x01, 0xAA, 0xA4, 0x1F, 0xFF, 0x40, 0x1F,
    0x40, 0x00, 0xF4, 0x00, 0x0F, 0x40, 0x00, 0xF4, 0x00, 0x0F, 0x40, 0x00, 0xF4, 0x00, 0x0F, 0x40,
    0x00, 0xF4, 0x00, 0x0F, 0x40, 0x00, 0xF4, 0x00, 0x0F, 0x40, 0x00, 0xF4, 0x00, 0x0F, 0x40, 0x01,
    0xF4, 0x00, 0x6F, 0x90, 0x2F, 0xFF, 0x80, 0x00, 0x1A, 0xAA, 0x40, 0x0B, 0xFF, 0xD0, 0x00, 0x1F,
    0x40, 0x00, 0x07, 0xC0, 0x00, 0x01, 0xF0, 0x00, 0x00, 0x7C, 0x00, 0x00, 0x1F, 0x00, 0x00, 0x07,
    0xC0, 0x00, 0x01, 0xF0, 0x00, 0x00, 0x7C, 0x00, 0x00, 0x1F, 0x00, 0x00, 0x07, 0xC0, 0x00, 0x01,
    0xF0, 0x06, 0x40, 0x7C, 0x07, 0xF0, 0x1F, 0x01, 0xF8, 0x0F, 0x80, 0x3E, 0x5B, 0xC0, 0x07, 0xFF,
    0xC0, 0x00, 0x05, 0x00, 0x00, 0x01, 0xAA, 0xAA, 0xAA, 0x80, 0x00, 0x00, 0xBF, 0xFF, 0xFF, 0xF0,
    0x00, 0x00, 0x02, 0xC0, 0x07, 0xC0, 0x00, 0x00, 0x00, 0xB0, 0x01, 0xF0, 0x00, 0x00, 0x00, 0x2C,
    0x00, 0x7C, 0x00, 0x00, 0x00, 0x0B, 0x00, 0x1F, 0x00, 0x00, 0x00, 0x02, 0xC0, 0x07, 0xC0, 0x00,
    0x00, 0x00, 0xB0, 0x01, 0xF0, 0x00, 0x00, 0x00, 0x2C, 0x00, 0x7F, 0xFF, 0x90, 0x00, 0x0B, 0x00,
    0x1F, 0x55, 0xFE, 0x00, 0x03, 0x80, 0x07, 0xC0, 0x07, 0xE0, 0x00, 0xE0, 0x01, 0xF0, 0x00, 0xFC,
    0x00, 0x34, 0x00, 0x7C, 0x00, 0x2F, 0x00, 0x1C, 0x00, 0x1F, 0x00, 0x0B, 0xC0, 0x0B, 0x00, 0x07,
    0xC0, 0x03, 0xF1, 0xF7, 0x80, 0x01, 0xF0, 0x01, 0xF4, 0xBF, 0xC0, 0x01, 0xFD, 0x5B, 0xF8, 0x1F,
    0xD0, 0x02, 0xFF, 0xFF, 0xE0, 0x00, 0x40, 0x00, 0x00, 0x00, 0x00, 0x00, 0x2A, 0xA8, 0x01, 0xAA,
    0xA0, 0x00, 0x1F, 0xFF, 0x40, 0xBF, 0xFC, 0x00, 0x00, 0x7D, 0x00, 0x02, 0xF0, 0x00, 0x00, 0x0F,
    0x40, 0x00, 0xBC, 0x00, 0x00, 0x03, 0xD0, 0x00, 0x2F, 0x00, 0x00, 0x00, 0xF4, 0x00, 0x0B, 0xC0,
    0x00, 0x00, 0x3D, 0x00, 0x02, 0xF0, 0x00, 0x00, 0x0F, 0x40, 0x00, 0xBC, 0x00, 0x00, 0x03, 0xFF,
    0xFF, 0xFF, 0xFF, 0xE0, 0x00, 0xFF, 0xFF, 0xFF, 0xD5, 0xBF, 0x40, 0x3D, 0x00, 0x02, 0xF0, 0x03,
    0xF0, 0x0F, 0x40, 0x00, 0xBC, 0x00, 0x7D, 0x03, 0xD0, 0x00, 0x2F, 0x00, 0x0F, 0x80, 0xF4, 0x00,
    0x0B, 0xC0, 0x03, 0xE0, 0x3D, 0x00, 0x02, 0xF0, 0x01, 0xF4, 0x1F, 0x40, 0x00, 0xBC, 0x00, 0xFC,
    0x1B, 0xE4, 0x00, 0x7F, 0x56, 0xFC, 0x1F, 0xFF, 0x40, 0xBF, 0xFF, 0xE4, 0x00, 0x0A, 0xAA, 0xAA,
    0xAA, 0x40, 0x00, 0x7F, 0xFF, 0xFF, 0xFF, 0x00, 0x02, 0xF0, 0x3D, 0x00, 0x7C, 0x00, 0x0F, 0x00,
    0xF4, 0x00, 0xB4, 0x00, 0x38, 0x03, 0xD0, 0x00, 0xD0, 0x00, 0x80, 0x0F, 0x40, 0x00, 0x00, 0x00,
    0x00, 0x3D, 0x00, 0x00, 0x00, 0x00, 0x00, 0xF4, 0x6F, 0xF8, 0x00, 0x00, 0x03, 0xFF, 0xEA, 0xFC,
    0x00, 0x00, 0x0F, 0xE0, 0x01, 0xF8, 0x00, 0x00, 0x3D, 0x00, 0x02, 0xF0, 0x00, 0x00, 0xF4, 0x00,
    0x07, 0xC0, 0x00, 0x03, 0xD0, 0x00, 0x1F, 0x00, 0x00, 0x0F, 0x40, 0x00, 0x7C, 0x00, 0x00, 0x3D,
    0x00, 0x01, 0xF0, 0x00, 0x00, 0xF4, 0x00, 0x07, 0xC0, 0x00, 0x1B, 0xF4, 0x00, 0x7F, 0x90, 0x01,
    0xFF, 0xF8, 0x0B, 0xFF, 0xD0, 0x00, 0x00, 0x00, 0x00, 0x00, 0x00, 0x02, 0xC0, 0x00, 0x00, 0x03,
    0xF0, 0x00, 0x00, 0x03, 0xF4, 0x00, 0x00, 0x03, 0x90, 0x00, 0x00, 0x00, 0x00, 0x00, 0x02, 0xAA,
    0x90, 0x02, 0x81, 0xFF, 0xF8, 0x07, 0xFC, 0x03, 0xD0, 0x03, 0xFF, 0x00, 0xF4, 0x00, 0xD7, 0x40,
    0x3D, 0x00, 0xB0, 0x00, 0x0F, 0x40, 0x38, 0x00, 0x03, 0xD0, 0x1C, 0x00, 0x00, 0xF4, 0x1E, 0x00,
    0x00, 0x3E, 0x6E, 0x00, 0x00, 0x0F, 0xFF, 0x90, 0x00, 0x03, 0xD0, 0xBD, 0x00, 0x00, 0xF4, 0x0B,
    0xC0, 0x00, 0x3D, 0x00, 0xF8, 0x00, 0x0F, 0x40, 0x2F, 0x00, 0x03, 0xD0, 0x07, 0xE0, 0x00, 0xF4,
    0x00, 0xFC, 0x01, 0xBF, 0x40, 0x1F, 0xD5, 0xFF, 0xF8, 0x02, 0xFE, 0x00, 0x00, 0x00, 0x04, 0x00,
    0x00, 0x00, 0x00, 0x00, 0x00, 0x00, 0x0E, 0x00, 0x00, 0x00, 0x00, 0x7E, 0x00, 0x00, 0x00, 0x00,
    0x7F, 0x00, 0x00, 0x00, 0x00, 0x1E, 0x00, 0x00, 0x00, 0x00, 0x00, 0x00, 0x02, 0xAA, 0x80, 0x0A,
    0xAA, 0x1F, 0xFF, 0x40, 0x7F, 0xFD, 0x07, 0xD0, 0x00, 0x1F, 0x40, 0x0F, 0x40, 0x00, 0x7C, 0x00,
    0x3D, 0x00, 0x02, 0xF0, 0x00, 0xF4, 0x00, 0x2F, 0xC0, 0x03, 0xD0, 0x02, 0xEF, 0x00, 0x0F, 0x40,
    0x2D, 0x7C, 0x00, 0x3D, 0x02, 0xD1, 0xF0, 0x00, 0xF4, 0x2D, 0x07, 0xC0, 0x03, 0xD3, 0xD0, 0x1F,
    0x00, 0x0F, 0x7D, 0x00, 0x7C, 0x00, 0x3F, 0xD0, 0x01, 0xF0, 0x00, 0xFD, 0x00, 0x07, 0xC0, 0x03,
    0xD0, 0x00, 0x1F, 0x00, 0x1F, 0x40, 0x00, 0x7C, 0x01, 0xBE, 0x40, 0x06, 0xF9, 0x1F, 0xFF, 0x40,
    0x7F, 0xFD, 0x00, 0x28, 0x02, 0x80, 0x00, 0x2F, 0x00, 0xF8, 0x00, 0x07, 0xC0, 0x3E, 0x00, 0x00,
    0xBE, 0xBE, 0x00, 0x00, 0x01, 0x54, 0x00, 0x00, 0x00, 0x00, 0x00, 0x06, 0xAA, 0x80, 0x2A, 0xA6,
    0xFF, 0xF0, 0x0F, 0xFE, 0x0B, 0xC0, 0x00, 0x78, 0x00, 0xF8, 0x00, 0x2C, 0x00, 0x2F, 0x00, 0x0E,
    0x00, 0x03, 0xE0, 0x03, 0x40, 0x00, 0xBC, 0x02, 0xC0, 0x00, 0x0F, 0x80, 0xE0, 0x00, 0x02, 0xF0,
    0x74, 0x00, 0x00, 0x3E, 0x2C, 0x00, 0x00, 0x0B, 0xCE, 0x00, 0x00, 0x00, 0xFF, 0x00, 0x00, 0x00,
    0x2F, 0x80, 0x00, 0x00, 0x03, 0xD0, 0x00, 0x00, 0x00, 0xF0, 0x00, 0x00, 0x3C, 0x74, 0x00, 0x00,
    0x1F, 0xF8, 0x00, 0x00, 0x03, 0xF8, 0x00, 0x00, 0x00, 0x10, 0x00, 0x00, 0x00, 0x2A, 0xA8, 0x00,
    0xAA, 0xA1, 0xFF, 0xF4, 0x07, 0xFF, 0xD0, 0x7D, 0x00, 0x01, 0xF4, 0x00, 0xF4, 0x00, 0x07, 0xC0,
    0x03, 0xD0, 0x00, 0x1F, 0x00, 0x0F, 0x40, 0x00, 0x7C, 0x00, 0x3D, 0x00, 0x01, 0xF0, 0x00, 0xF4,
    0x00, 0x07, 0xC0, 0x03, 0xD0, 0x00, 0x1F, 0x00, 0x0F, 0x40, 0x00, 0x7C, 0x00, 0x3D, 0x00, 0x01,
    0xF0, 0x00, 0xF4, 0x00, 0x07, 0xC0, 0x03, 0xD0, 0x00, 0x1F, 0x00, 0x0F, 0x40, 0x00, 0x7C, 0x00,
    0x3D, 0x00, 0x01, 0xF0, 0x00, 0xF4, 0x00, 0x07, 0xC0, 0x1B, 0xEA, 0xAA, 0xAF, 0x91, 0xFF, 0xFF,
    0xFF, 0xFF, 0xE0, 0x00, 0x0B, 0xC0, 0x00, 0x00, 0x00, 0x1E, 0x00, 0x00, 0x00, 0x00, 0x74, 0x00,
    0x00, 0x00, 0x00, 0xD0, 0x00, 0x00, 0x00, 0x00, 0xA4, 0x00, 0x00, 0x00, 0x1F, 0xC0, 0x00, 0x00,
    0x02, 0xFD, 0x00, 0x00, 0x00, 0x3B, 0xE0, 0x00, 0x00, 0x07, 0x1F, 0x00, 0x00, 0x00, 0xF0, 0xF4,
    0x00, 0x00, 0x0D, 0x0F, 0xC0, 0x00, 0x02, 0xC0, 0x7C, 0x00, 0x00, 0x3C, 0x03, 0xD0, 0x00, 0x03,
    0x40, 0x2F, 0x00, 0x00, 0xB4, 0x02, 0xF0, 0x00, 0x0F, 0xFF, 0xFF, 0x80, 0x01, 0xD0, 0x00, 0xFC,
    0x00, 0x2C, 0x00, 0x07, 0xC0, 0x03, 0x80, 0x00, 0x3E, 0x00, 0x74, 0x00, 0x02, 0xF0, 0x1F, 0x90,
    0x00, 0x7F, 0x9B, 0xFF, 0x40, 0x2F, 0xFF, 0x2A, 0xAA, 0xAA, 0x41, 0xFF, 0xFF, 0xFF, 0x00, 0x7D,
    0x00, 0x7C, 0x00, 0xF4, 0x00, 0xB4, 0x03, 0xD0, 0x00, 0xD0, 0x0F, 0x40, 0x01, 0x00, 0x3D, 0x00,
    0x00, 0x00, 0xF4, 0x00, 0x00, 0x03, 0xFF, 0xF9, 0x00, 0x0F, 0x95, 0xBF, 0x00, 0x3D, 0x00, 0x3F,
    0x00, 0xF4, 0x00, 0xBC, 0x03, 0xD0, 0x01, 0xF4, 0x0F, 0x40, 0x07, 0xD0, 0x3D, 0x00, 0x2F, 0x01,
    0xF4, 0x01, 0xF8, 0x1B, 0xE5, 0xBF, 0x81, 0xFF, 0xFF, 0xE0, 0x00, 0x2A, 0xA5, 0x50, 0x01, 0xFF,
    0xFF, 0xF8, 0x00, 0x7D, 0x01, 0xFC, 0x00, 0xF4, 0x02, 0xF0, 0x03, 0xD0, 0x07, 0xD0, 0x0F, 0x40,
    0x1F, 0x40, 0x3D, 0x00, 0xBC, 0x00, 0xF4, 0x0B, 0xC0, 0x03, 0xFB, 0xF4, 0x00, 0x0F, 0xAA, 0xFD,
    0x00, 0x3D, 0x00, 0x7E, 0x00, 0xF4, 0x00, 0xBC, 0x03, 0xD0, 0x01, 0xF4, 0x0F, 0x40, 0x07, 0xD0,
    0x3D, 0x00, 0x2F, 0x01, 0xF4, 0x01, 0xF8, 0x1B, 0xE5, 0xBF, 0x81, 0xFF, 0xFF, 0xE0, 0x00, 0x2A,
    0xAA, 0xAA, 0x47, 0xFF, 0xFF, 0xF8, 0x07, 0xD0, 0x0B, 0xC0, 0x3D, 0x00, 0x3C, 0x03, 0xD0, 0x01,
    0xC0, 0x3D, 0x00, 0x04, 0x03, 0xD0, 0x00, 0x00, 0x3D, 0x00, 0x00, 0x03, 0xD0, 0x00, 0x00, 0x3D,
    0x00, 0x00, 0x03, 0xD0, 0x00, 0x00, 0x3D, 0x00, 0x00, 0x03, 0xD0, 0x00, 0x00, 0x3D, 0x00, 0x00,
    0x03, 0xD0, 0x00, 0x00, 0x7D, 0x00, 0x00, 0x1B, 0xE4, 0x00, 0x07, 0xFF, 0xF0, 0x00, 0x06, 0xAA,
    0xAA, 0xAA, 0x02, 0xFF, 0xFF, 0xFF, 0xD0, 0x0B, 0x40, 0x1F, 0x40, 0x01, 0xD0, 0x03, 0xD0, 0x00,
    0x74, 0x00, 0xF4, 0x00, 0x1D, 0x00, 0x3D, 0x00, 0x07, 0x40, 0x0F, 0x40, 0x02, 0xD0, 0x03, 0xD0,
    0x00, 0xB0, 0x00, 0xF4, 0x00, 0x2C, 0x00, 0x3D, 0x00, 0x0F, 0x00, 0x0F, 0x40, 0x03, 0xC0, 0x03,
    0xD0, 0x00, 0xE0, 0x00, 0xF4, 0x00, 0x74, 0x00, 0x3D, 0x00, 0x2C, 0x00, 0x0F, 0x40, 0x0F, 0x00,
    0x03, 0xD0, 0xAB, 0xEA, 0xAA, 0xFA, 0xBF, 0xFF, 0xFF, 0xFF, 0xFF, 0x40, 0x00, 0x00, 0x7F, 0xC0,
    0x00, 0x00, 0x0F, 0xE0, 0x00, 0x00, 0x03, 0xF8, 0x00, 0x00, 0x00, 0xB0, 0x00, 0x00, 0x00, 0x00,
    0x2A, 0xAA, 0xAA, 0x07, 0xFF, 0xFF, 0xF4, 0x07, 0xD0, 0x0B, 0x80, 0x3D, 0x00, 0x3C, 0x03, 0xD0,
    0x01, 0x80, 0x3D, 0x00, 0x00, 0x03, 0xD0, 0x08, 0x00, 0x3D, 0x02, 0xC0, 0x03, 0xFA, 0xFC, 0x00,
    0x3F, 0xFF, 0xC0, 0x03, 0xD0, 0x2C, 0x00, 0x3D, 0x01, 0xC0, 0x03, 0xD0, 0x00, 0x00, 0x3D, 0x00,
    0x09, 0x03, 0xD0, 0x00, 0xD0, 0x7D, 0x00, 0x2D, 0x1B, 0xE5, 0x5B, 0xC7, 0xFF, 0xFF, 0xFC, 0x0A,
    0x40, 0x1A, 0xAA, 0x00, 0x29, 0x02, 0xFE, 0x02, 0xFF, 0xF4, 0x0F, 0xF4, 0x3F, 0xF0, 0x02, 0xF0,
    0x01, 0xEF, 0x40, 0x93, 0x40, 0x1F, 0x00, 0x38, 0xA0, 0x00, 0x3C, 0x01, 0xF0, 0x03, 0x40, 0x00,
    0x01, 0xC0, 0x1F, 0x00, 0xB0, 0x00, 0x00, 0x0E, 0x01, 0xF0, 0x0E, 0x00, 0x00, 0x00, 0xB0, 0x1F,
    0x02, 0xC0, 0x00, 0x00, 0x02, 0xE6, 0xF6, 0xF4, 0x00, 0x00, 0x00, 0x2F, 0xFF, 0xFF, 0x80, 0x00,
    0x00, 0x1F, 0x81, 0xF0, 0x3F, 0x00, 0x00, 0x03, 0xF0, 0x1F, 0x00, 0xF8, 0x00, 0x00, 0xBC, 0x01,
    0xF0, 0x0B, 0xC0, 0x00, 0x0F, 0xC0, 0x1F, 0x00, 0x3E, 0x00, 0x01, 0xF4, 0x01, 0xF0, 0x03, 0xF0,
    0x00, 0x3F, 0x00, 0x1F, 0x00, 0x1F, 0x80, 0x5B, 0xD0, 0x07, 0xF9, 0x00, 0xFD, 0x47, 0xF8, 0x03,
    0xFF, 0xF4, 0x03, 0xFC, 0x04, 0x00, 0x00, 0x00, 0x00, 0x04, 0x00, 0x0C, 0x2F, 0xE0, 0x00, 0xFF,
    0xAF, 0xE0, 0x0F, 0x80, 0x2F, 0x40, 0xF0, 0x00, 0xF8, 0x0E, 0x00, 0x0F, 0x80, 0x90, 0x00, 0xF8,
    0x00, 0x00, 0x1F, 0x00, 0x00, 0x0B, 0xC0, 0x00, 0xFF, 0xD0, 0x00, 0x0F, 0xFF, 0xD0, 0x00, 0x00,
    0x2F, 0x80, 0x00, 0x00, 0xBC, 0x00, 0x00, 0x07, 0xD2, 0x40, 0x00, 0x7C, 0x3C, 0x00, 0x0B, 0xC2,
    0xE0, 0x01, 0xF8, 0x0F, 0xE6, 0xFE, 0x00, 0x2F, 0xFF, 0x40, 0x00, 0x05, 0x00, 0x00, 0x2A, 0xA8,
    0x00, 0xAA, 0xA1, 0xFF, 0xF4, 0x07, 0xFF, 0xD0, 0x7D, 0x00, 0x01, 0xF4, 0x00, 0xF4, 0x00, 0x07,
    0xC0, 0x03, 0xD0, 0x00, 0x2F, 0x00, 0x0F, 0x40, 0x02, 0xFC, 0x00, 0x3D, 0x00, 0x2E, 0xF0, 0x00,
    0xF4, 0x02, 0xD7, 0xC0, 0x03, 0xD0, 0x2D, 0x1F, 0x00, 0x0F, 0x42, 0xD0, 0x7C, 0x00, 0x3D, 0x3D,
    0x01, 0xF0, 0x00, 0xF7, 0xD0, 0x07, 0xC0, 0x03, 0xFD, 0x00, 0x1F, 0x00, 0x0F, 0xD0, 0x00, 0x7C,
    0x00, 0x3D, 0x00, 0x01, 0xF0, 0x01, 0xF4, 0x00, 0x07, 0xC0, 0x1B, 0xE4, 0x00, 0x6F, 0x91, 0xFF,
    0xF4, 0x07, 0xFF, 0xD0, 0x00, 0x19, 0x00, 0x90, 0x00, 0x00, 0xFC, 0x07, 0xC0, 0x00, 0x03, 0xE0,
    0x0F, 0x00, 0x00, 0x02, 0xFB, 0xF4, 0x00, 0x00, 0x00, 0x54, 0x00, 0x00, 0x00, 0x00, 0x00, 0x00,
    0x02, 0xAA, 0x80, 0x0A, 0xAA, 0x1F, 0xFF, 0x40, 0x7F, 0xFD, 0x07, 0xD0, 0x00, 0x1F, 0x40, 0x0F,
    0x40, 0x00, 0x7C, 0x00, 0x3D, 0x00, 0x02, 0xF0, 0x00, 0xF4, 0x00, 0x2F, 0xC0, 0x03, 0xD0, 0x02,
    0xEF, 0x00, 0x0F, 0x40, 0x2D, 0x7C, 0x00, 0x3D, 0x02, 0xD1, 0xF0, 0x00, 0xF4, 0x2D, 0x07, 0xC0,
    0x03, 0xD3, 0xD0, 0x1F, 0x00, 0x0F, 0x7D, 0x00, 0x7C, 0x00, 0x3F, 0xD0, 0x01, 0xF0, 0x00, 0xFD,
    0x00, 0x07, 0xC0, 0x03, 0xD0, 0x00, 0x1F, 0x00, 0x1F, 0x40, 0x00, 0x7C, 0x01, 0xBE, 0x40, 0x06,
    0xF9, 0x1F, 0xFF, 0x40, 0x7F, 0xFD, 0x2A, 0xA9, 0x00, 0x28, 0x1F, 0xFF, 0x80, 0x7F, 0xC0, 0x3D,
    0x00, 0x3F, 0xF0, 0x0F, 0x40, 0x0D, 0x74, 0x03, 0xD0, 0x0B, 0x00, 0x00, 0xF4, 0x03, 0x80, 0x00,
    0x3D, 0x01, 0xC0, 0x00, 0x0F, 0x41, 0xE0, 0x00, 0x03, 0xE6, 0xE0, 0x00, 0x00, 0xFF, 0xF9, 0x00,
    0x00, 0x3D, 0x0B, 0xD0, 0x00, 0x0F, 0x40, 0xBC, 0x00, 0x03, 0xD0, 0x0F, 0x80, 0x00, 0xF4, 0x02,
    0xF0, 0x00, 0x3D, 0x00, 0x7E, 0x00, 0x0F, 0x40, 0x0F, 0xC0, 0x1B, 0xF4, 0x01, 0xFD, 0x5F, 0xFF,
    0x80, 0x2F, 0xE0, 0x00, 0x00, 0x00, 0x40, 0x01, 0xAA, 0xAA, 0xAA, 0x80, 0x2F, 0xFF, 0xFF, 0xFD,
    0x00, 0x2C, 0x00, 0x7D, 0x00, 0x02, 0xC0, 0x07, 0xC0, 0x00, 0x2C, 0x00, 0x7C, 0x00, 0x02, 0xC0,
    0x07, 0xC0, 0x00, 0x2C, 0x00, 0x7C, 0x00, 0x02, 0xC0, 0x07, 0xC0, 0x00, 0x2C, 0x00, 0x7C, 0x00,
    0x02, 0xC0, 0x07, 0xC0, 0x00, 0x38, 0x00, 0x7C, 0x00, 0x03, 0x80, 0x07, 0xC0, 0x00, 0x34, 0x00,
    0x7C, 0x00, 0x07, 0x00, 0x07, 0xC0, 0x00, 0xB0, 0x00, 0x7C, 0x07, 0xDE, 0x00, 0x07, 0xC0, 0xBF,
    0xC0, 0x01, 0xBE, 0x47, 0xF4, 0x00, 0x7F, 0xFD, 0x04, 0x00, 0x00, 0x00, 0x00, 0x1A, 0xA8, 0x00,
    0x00, 0xAA, 0x90, 0xBF, 0xF4, 0x00, 0x07, 0xFF, 0x80, 0x2F, 0xF0, 0x00, 0x3F, 0xE0, 0x00, 0x7B,
    0xC0, 0x00, 0xEF, 0x40, 0x02, 0xCF, 0x40, 0x07, 0x3E, 0x00, 0x0B, 0x2F, 0x00, 0x3C, 0xF8, 0x00,
    0x2C, 0x7C, 0x00, 0xD3, 0xE0, 0x00, 0xB0, 0xF4, 0x0B, 0x0F, 0x80, 0x03, 0xC2, 0xF0, 0x38, 0x2E,
    0x00, 0x0F, 0x03, 0xC1, 0xD0, 0xBC, 0x00, 0x3C, 0x0F, 0x8B, 0x02, 0xF0, 0x00, 0xF0, 0x2F, 0x38,
    0x0B, 0xC0, 0x03, 0x80, 0x3E, 0xD0, 0x1F, 0x00, 0x0E, 0x00, 0xFF, 0x00, 0x7C, 0x00, 0x38, 0x01,
    0xF8, 0x01, 0xF0, 0x01, 0xE0, 0x00, 0x00, 0x07, 0xC0, 0x1B, 0xD0, 0x00, 0x00, 0x7F, 0x91, 0xFF,
    0xE0, 0x00, 0x0B, 0xFF, 0xE0, 0x2A, 0xA8, 0x00, 0xAA, 0xA1, 0xFF, 0xF4, 0x07, 0xFF, 0xD0, 0x7D,
    0x00, 0x01, 0xF4, 0x00, 0xF4, 0x00, 0x07, 0xC0, 0x03, 0xD0, 0x00, 0x1F, 0x00, 0x0F, 0x40, 0x00,
    0x7C, 0x00, 0x3D, 0x00, 0x01, 0xF0, 0x00, 0xF4, 0x00, 0x07, 0xC0, 0x03, 0xFF, 0xFF, 0xFF, 0x00,
    0x0F, 0xFF, 0xFF, 0xFC, 0x00, 0x3D, 0x00, 0x01, 0xF0, 0x00, 0xF4, 0x00, 0x07, 0xC0, 0x03, 0xD0,
    0x00, 0x1F, 0x00, 0x0F, 0x40, 0x00, 0x7C, 0x00, 0x3D, 0x00, 0x01, 0xF0, 0x01, 0xF4, 0x00, 0x07,
    0xC0, 0x1B, 0xE4, 0x00, 0x6F, 0x91, 0xFF, 0xF4, 0x07, 0xFF, 0xD0, 0x00, 0x06, 0xF9, 0x00, 0x00,
    0x2F, 0xFF, 0xF4, 0x00, 0x3E, 0x00, 0x2F, 0x80, 0x3E, 0x00, 0x01, 0xF4, 0x1F, 0x00, 0x00, 0x3F,
    0x0F, 0x80, 0x00, 0x07, 0xD3, 0xD0, 0x00, 0x00, 0xF9, 0xF0, 0x00, 0x00, 0x3F, 0x7C, 0x00, 0x00,
    0x0F, 0xEF, 0x00, 0x00, 0x03, 0xF7, 0xC0, 0x00, 0x00, 0xFD, 0xF4, 0x00, 0x00, 0x3E, 0x3E, 0x00,
    0x00, 0x0F, 0x4F, 0xC0, 0x00, 0x07, 0xC1, 0xF8, 0x00, 0x03, 0xE0, 0x2F, 0x80, 0x02, 0xF0, 0x02,
    0xFE, 0x5B, 0xF0, 0x00, 0x1F, 0xFF, 0xD0, 0x00, 0x00, 0x15, 0x00, 0x00, 0x2A, 0xAA, 0xAA, 0xAA,
    0xA1, 0xFF, 0xFF, 0xFF, 0xFF, 0xD0, 0x7D, 0x00, 0x01, 0xF4, 0x00, 0xF4, 0x00, 0x07, 0xC0, 0x03,
    0xD0, 0x00, 0x1F, 0x00, 0x0F, 0x40, 0x00, 0x7C, 0x00, 0x3D, 0x00, 0x01, 0xF0, 0x00, 0xF4, 0x00,
    0x07, 0xC0, 0x03, 0xD0, 0x00, 0x1F, 0x00, 0x0F, 0x40, 0x00, 0x7C, 0x00, 0x3D, 0x00, 0x01, 0xF0,
    0x00, 0xF4, 0x00, 0x07, 0xC0, 0x03, 0xD0, 0x00, 0x1F, 0x00, 0x0F, 0x40, 0x00, 0x7C, 0x00, 0x3D,
    0x00, 0x01, 0xF0, 0x01, 0xF4, 0x00, 0x07, 0xC0, 0x1B, 0xE4, 0x00, 0x6F, 0x91, 0xFF, 0xF4, 0x07,
    0xFF, 0xD0, 0x2A, 0xA5, 0x40, 0x07, 0xFF, 0xFF, 0xD0, 0x07, 0xD0, 0x2F, 0x40, 0x3D, 0x00, 0xBC,
    0x03, 0xD0, 0x07, 0xD0, 0x3D, 0x00, 0x7D, 0x03, 0xD0, 0x07, 0xD0, 0x3D, 0x00, 0xBC, 0x03, 0xD0,
    0x0F, 0x80, 0x3E, 0x5B, 0xE0, 0x03, 0xFF, 0xE4, 0x00, 0x3D, 0x00, 0x00, 0x03, 0xD0, 0x00, 0x00,
    0x3D, 0x00, 0x00, 0x03, 0xD0, 0x00, 0x00, 0x7D, 0x00, 0x00, 0x1B, 0xE4, 0x00, 0x07, 0xFF, 0xF0,
    0x00, 0x00, 0x1B, 0xF8, 0x30, 0x00, 0xFF, 0xBF, 0xB4, 0x03, 0xE0, 0x02, 0xF4, 0x0F, 0x80, 0x00,
    0xB8, 0x2F, 0x00, 0x00, 0x3C, 0x3E, 0x00, 0x00, 0x2C, 0x3D, 0x00, 0x00, 0x00, 0x7D, 0x00, 0x00,
    0x00, 0xBC, 0x00, 0x00, 0x00, 0xBC, 0x00, 0x00, 0x00, 0x7D, 0x00, 0x00, 0x00, 0x7D, 0x00, 0x00,
    0x00, 0x3E, 0x00, 0x00, 0x00, 0x2F, 0x00, 0x00, 0x00, 0x0F, 0xC0, 0x00, 0x1C, 0x0B, 0xE0, 0x00,
    0x78, 0x02, 0xFE, 0x5B, 0xE0, 0x00, 0x2F, 0xFF, 0x40, 0x00, 0x00, 0x50, 0x00, 0x1A, 0xAA, 0xAA,
    0xA9, 0x0F, 0xFF, 0xFF, 0xFF, 0x87, 0xD0, 0x3D, 0x02, 0xF2, 0xD0, 0x0F, 0x40, 0x3C, 0xF0, 0x03,
    0xD0, 0x07, 0x24, 0x00, 0xF4, 0x00, 0x80, 0x00, 0x3D, 0x00, 0x00, 0x00, 0x0F, 0x40, 0x00, 0x00,
    0x03, 0xD0, 0x00, 0x00, 0x00, 0xF4, 0x00, 0x00, 0x00, 0x3D, 0x00, 0x00, 0x00, 0x0F, 0x40, 0x00,
    0x00, 0x03, 0xD0, 0x00, 0x00, 0x00, 0xF4, 0x00, 0x00, 0x00, 0x3D, 0x00, 0x00, 0x00, 0x0F, 0x40,
    0x00, 0x00, 0x1B, 0xF5, 0x00, 0x00, 0x3F, 0xFF, 0xD0, 0x00, 0x6A, 0xA8, 0x02, 0xAA, 0x6F, 0xFF,
    0x00, 0xFF, 0xE0, 0xBC, 0x00, 0x07, 0x80, 0x0F, 0x80, 0x02, 0xC0, 0x02, 0xF0, 0x00, 0xE0, 0x00,
    0x3E, 0x00, 0x34, 0x00, 0x0B, 0xC0, 0x2C, 0x00, 0x00, 0xF8, 0x0E, 0x00, 0x00, 0x2F, 0x07, 0x40,
    0x00, 0x03, 0xE2, 0xC0, 0x00, 0x00, 0xBC, 0xE0, 0x00, 0x00, 0x0F, 0xF0, 0x00, 0x00, 0x02, 0xF8,
    0x00, 0x00, 0x00, 0x3D, 0x00, 0x00, 0x00, 0x0F, 0x00, 0x00, 0x03, 0xC7, 0x40, 0x00, 0x01, 0xFF,
    0x80, 0x00, 0x00, 0x3F, 0x80, 0x00, 0x00, 0x01, 0x00, 0x00, 0x00, 0x00, 0x05, 0x55, 0x40, 0x00,
    0x00, 0x3F, 0xFF, 0x00, 0x00, 0x00, 0x0F, 0x80, 0x00, 0x00, 0x01, 0x7E, 0x50, 0x00, 0x02, 0xFF,
    0xFF, 0xFE, 0x00, 0x7E, 0x03, 0xE0, 0x3F, 0x03, 0xE0, 0x0F, 0x80, 0x3E, 0x2F, 0x00, 0x3E, 0x00,
    0x7C, 0xF8, 0x00, 0xF8, 0x00, 0xF7, 0xE0, 0x03, 0xE0, 0x03, 0xEF, 0x80, 0x0F, 0x80, 0x0F, 0x7F,
    0x00, 0x3E, 0x00, 0x3D, 0x7C, 0x00, 0xF8, 0x02, 0xF0, 0xFC, 0x03, 0xE0, 0x1F, 0x40, 0xFE, 0x5F,
    0x96, 0xF4, 0x00, 0x7F, 0xFF, 0xFE, 0x00, 0x00, 0x00, 0xF8, 0x00, 0x00, 0x00, 0x03, 0xE0, 0x00,
    0x00, 0x00, 0xFF, 0xF8, 0x00, 0x00, 0x01, 0x55, 0x50, 0x00, 0x2A, 0xA4, 0x01, 0xAA, 0x47, 0xFF,
    0x80, 0x3F, 0xF8, 0x0F, 0xD0, 0x00, 0xB8, 0x00, 0x3F, 0x00, 0x0F, 0x00, 0x00, 0xF8, 0x03, 0xC0,
    0x00, 0x07, 0xD0, 0xB4, 0x00, 0x00, 0x2F, 0x0E, 0x00, 0x00, 0x00, 0xFF, 0xC0, 0x00, 0x00, 0x07,
    0xF0, 0x00, 0x00, 0x00, 0x2F, 0x40, 0x00, 0x00, 0x07, 0xFC, 0x00, 0x00, 0x00, 0xF3, 0xF0, 0x00,
    0x00, 0x3C, 0x1F, 0x80, 0x00, 0x0B, 0x40, 0xBD, 0x00, 0x01, 0xE0, 0x03, 0xF0, 0x00, 0x3C, 0x00,
    0x0F, 0xC0, 0x2F, 0xD0, 0x01, 0xFF, 0x4B, 0xFF, 0x00, 0x7F, 0xFD, 0x2A, 0xA8, 0x00, 0xAA, 0xA0,
    0x7F, 0xFD, 0x01, 0xFF, 0xF4, 0x07, 0xD0, 0x00, 0x1F, 0x40, 0x03, 0xD0, 0x00, 0x1F, 0x00, 0x03,
    0xD0, 0x00, 0x1F, 0x00, 0x03, 0xD0, 0x00, 0x1F, 0x00, 0x03, 0xD0, 0x00, 0x1F, 0x00, 0x03, 0xD0,
    0x00, 0x1F, 0x00, 0x03, 0xD0, 0x00, 0x1F, 0x00, 0x03, 0xD0, 0x00, 0x1F, 0x00, 0x03, 0xD0, 0x00,
    0x1F, 0x00, 0x03, 0xD0, 0x00, 0x1F, 0x00, 0x03, 0xD0, 0x00, 0x1F, 0x00, 0x03, 0xD0, 0x00, 0x1F,
    0x00, 0x03, 0xD0, 0x00, 0x1F, 0x00, 0x03, 0xD0, 0x00, 0x1F, 0x00, 0x1B, 0xEA, 0xAA, 0xAF, 0xA8,
    0x7F, 0xFF, 0xFF, 0xFF, 0xFC, 0x00, 0x00, 0x00, 0x00, 0x7C, 0x00, 0x00, 0x00, 0x00, 0x2C, 0x00,
    0x00, 0x00, 0x00, 0x2C, 0x00, 0x00, 0x00, 0x00, 0x1C, 0x6A, 0xA8, 0x02, 0xAA, 0x97, 0xFF, 0xD0,
    0x3F, 0xFD, 0x07, 0xD0, 0x00, 0x3E, 0x00, 0x7C, 0x00, 0x03, 0xD0, 0x07, 0xC0, 0x00, 0x3D, 0x00,
    0x7C, 0x00, 0x03, 0xD0, 0x07, 0xC0, 0x00, 0x3D, 0x00, 0x3D, 0x00, 0x03, 0xD0, 0x03, 0xE0, 0x00,
    0x7D, 0x00, 0x2F, 0x80, 0x2F, 0xD0, 0x00, 0xFF, 0xFF, 0x7D, 0x00, 0x01, 0xAE, 0x43, 0xD0, 0x00,
    0x00, 0x00, 0x3D, 0x00, 0x00, 0x00, 0x03, 0xD0, 0x00, 0x00, 0x00, 0x3D, 0x00, 0x00, 0x00, 0x03,
    0xD0, 0x00, 0x00, 0x01, 0xBF, 0x40, 0x00, 0x00, 0xBF, 0xFE, 0x2A, 0xA8, 0x06, 0xAA, 0x40, 0xAA,
    0xA1, 0xFF, 0xF4, 0x3F, 0xFE, 0x07, 0xFF, 0xD0, 0x7D, 0x00, 0x0F, 0xC0, 0x01, 0xF4, 0x00, 0xF4,
    0x00, 0x3E, 0x00, 0x07, 0xC0, 0x03, 0xD0, 0x00, 0xF8, 0x00, 0x1F, 0x00, 0x0F, 0x40, 0x03, 0xE0,
    0x00, 0x7C, 0x00, 0x3D, 0x00, 0x0F, 0x80, 0x01, 0xF0, 0x00, 0xF4, 0x00, 0x3E, 0x00, 0x07, 0xC0,
    0x03, 0xD0, 0x00, 0xF8, 0x00, 0x1F, 0x00, 0x0F, 0x40, 0x03, 0xE0, 0x00, 0x7C, 0x00, 0x3D, 0x00,
    0x0F, 0x80, 0x01, 0xF0, 0x00, 0xF4, 0x00, 0x3E, 0x00, 0x07, 0xC0, 0x03, 0xD0, 0x00, 0xF8, 0x00,
    0x1F, 0x00, 0x0F, 0x40, 0x03, 0xE0, 0x00, 0x7C, 0x00, 0x3D, 0x00, 0x0F, 0x80, 0x01, 0xF0, 0x00,
    0xF4, 0x00, 0x3E, 0x00, 0x07, 0xC0, 0x1B, 0xEA, 0xAA, 0xFE, 0xAA, 0xAF, 0x91, 0xFF, 0xFF, 0xFF,
    0xFF, 0xFF, 0xFF, 0xD0, 0x2A, 0xA8, 0x06, 0xAA, 0x40, 0xAA, 0xA0, 0x7F, 0xFD, 0x0F, 0xFF, 0x81,
    0xFF, 0xF4, 0x07, 0xD0, 0x00, 0xFC, 0x00, 0x1F, 0x40, 0x03, 0xD0, 0x00, 0xF8, 0x00, 0x1F, 0x00,
    0x03, 0xD0, 0x00, 0xF8, 0x00, 0x1F, 0x00, 0x03, 0xD0, 0x00, 0xF8, 0x00, 0x1F, 0x00, 0x03, 0xD0,
    0x00, 0xF8, 0x00, 0x1F, 0x00, 0x03, 0xD0, 0x00, 0xF8, 0x00, 0x1F, 0x00, 0x03, 0xD0, 0x00, 0xF8,
    0x00, 0x1F, 0x00, 0x03, 0xD0, 0x00, 0xF8, 0x00, 0x1F, 0x00, 0x03, 0xD0, 0x00, 0xF8, 0x00, 0x1F,
    0x00, 0x03, 0xD0, 0x00, 0xF8, 0x00, 0x1F, 0x00, 0x03, 0xD0, 0x00, 0xF8, 0x00, 0x1F, 0x00, 0x03,
    0xD0, 0x00, 0xF8, 0x00, 0x1F, 0x00, 0x03, 0xD0, 0x00, 0xF8, 0x00, 0x1F, 0x00, 0x03, 0xD0, 0x00,
    0xF8, 0x00, 0x1F, 0x00, 0x1B, 0xEA, 0xAA, 0xFE, 0xAA, 0xAF, 0xA8, 0x7F, 0xFF, 0xFF, 0xFF, 0xFF,
    0xFF, 0xFC, 0x00, 0x00, 0x00, 0x00, 0x00, 0x00, 0x7C, 0x00, 0x00, 0x00, 0x00, 0x00, 0x00, 0x2C,
    0x00, 0x00, 0x00, 0x00, 0x00, 0x00, 0x2C, 0x00, 0x00, 0x00, 0x00, 0x00, 0x00, 0x1C, 0x1A, 0xAA,
    0xA8, 0x00, 0x03, 0xFF, 0xFF, 0xC0, 0x00, 0x3D, 0x0B, 0xC0, 0x00, 0x03, 0x80, 0xBC, 0x00, 0x00,
    0x70, 0x0B, 0xC0, 0x00, 0x06, 0x00, 0xBC, 0x00, 0x00, 0x00, 0x0B, 0xC0, 0x00, 0x00, 0x00, 0xBC,
    0x00, 0x00, 0x00, 0x0B, 0xFF, 0xF9, 0x00, 0x00, 0xBD, 0x57, 0xF8, 0x00, 0x0B, 0xC0, 0x0B, 0xD0,
    0x00, 0xBC, 0x00, 0x3F, 0x00, 0x0B, 0xC0, 0x02, 0xF0, 0x00, 0xBC, 0x00, 0x3F, 0x00, 0x0B, 0xC0,
    0x03, 0xE0, 0x00, 0xBC, 0x00, 0xBC, 0x00, 0x1F, 0xD5, 0xBF, 0x40, 0x0F, 0xFF, 0xFE, 0x40, 0x2A,
    0xA8, 0x00, 0x02, 0xAA, 0x97, 0xFF, 0xD0, 0x00, 0x3F, 0xFE, 0x07, 0xD0, 0x00, 0x00, 0x3F, 0x00,
    0x3D, 0x00, 0x00, 0x03, 0xE0, 0x03, 0xD0, 0x00, 0x00, 0x3E, 0x00, 0x3D, 0x00, 0x00, 0x03, 0xE0,
    0x03, 0xD0, 0x00, 0x00, 0x3E, 0x00, 0x3D, 0x00, 0x00, 0x03, 0xE0, 0x03, 0xFF, 0xFD, 0x00, 0x3E,
    0x00, 0x3D, 0x56, 0xF8, 0x03, 0xE0, 0x03, 0xD0, 0x07, 0xE0, 0x3E, 0x00, 0x3D, 0x00, 0x3F, 0x03,
    0xE0, 0x03, 0xD0, 0x02, 0xF0, 0x3E, 0x00, 0x3D, 0x00, 0x2F, 0x03, 0xE0, 0x03, 0xD0, 0x03, 0xF0,
    0x3E, 0x00, 0x3D, 0x00, 0x7D, 0x03, 0xE0, 0x1B, 0xE5, 0x7F, 0x41, 0x7F, 0x57, 0xFF, 0xFF, 0x80,
    0x3F, 0xFF, 0x2A, 0xA8, 0x00, 0x01, 0xFF, 0xF4, 0x00, 0x00, 0x7D, 0x00, 0x00, 0x00, 0xF4, 0x00,
    0x00, 0x03, 0xD0, 0x00, 0x00, 0x0F, 0x40, 0x00, 0x00, 0x3D, 0x00, 0x00, 0x00, 0xF4, 0x00, 0x00,
    0x03, 0xFF, 0xFD, 0x00, 0x0F, 0x55, 0xBF, 0x00, 0x3D, 0x00, 0x3F, 0x00, 0xF4, 0x00, 0xBC, 0x03,
    0xD0, 0x01, 0xF4, 0x0F, 0x40, 0x07, 0xC0, 0x3D, 0x00, 0x2F, 0x00, 0xF4, 0x01, 0xF8, 0x1B, 0xE5,
    0x7F, 0x81, 0xFF, 0xFF, 0xE0, 0x00, 0x08, 0x1B, 0xE4, 0x00, 0x0E, 0xFE, 0xFF, 0x40, 0x0F, 0x80,
    0x0B, 0xD0, 0x0F, 0x00, 0x02, 0xF0, 0x0E, 0x00, 0x00, 0xF4, 0x09, 0x00, 0x00, 0xFC, 0x00, 0x00,
    0x00, 0xBC, 0x00, 0x00, 0x00, 0xBC, 0x00, 0xAA, 0xAA, 0xFC, 0x00, 0xFF, 0xFF, 0xFC, 0x00, 0x00,
    0x00, 0xBC, 0x00, 0x00, 0x00, 0xBC, 0x00, 0x00, 0x00, 0xF8, 0x28, 0x00, 0x00, 0xF4, 0x3C, 0x00,
    0x02, 0xF0, 0x1F, 0x00, 0x0B, 0xD0, 0x07, 0xE5, 0xBF, 0x40, 0x01, 0xFF, 0xF8, 0x00, 0x00, 0x05,
    0x00, 0x00, 0x2A, 0xA8, 0x00, 0x02, 0xBE, 0x40, 0x07, 0xFF, 0xD0, 0x02, 0xFF, 0xFF, 0x00, 0x07,
    0xD0, 0x00, 0xF8, 0x01, 0xFC, 0x00, 0x3D, 0x00, 0x2E, 0x00, 0x03, 0xF0, 0x03, 0xD0, 0x07, 0xC0,
    0x00, 0x1F, 0x40, 0x3D, 0x00, 0xB8, 0x00, 0x00, 0xF8, 0x03, 0xD0, 0x0F, 0x40, 0x00, 0x0B, 0xC0,
    0x3D, 0x00, 0xF4, 0x00, 0x00, 0x7C, 0x03, 0xFF, 0xFF, 0x00, 0x00, 0x07, 0xC0, 0x3F, 0xFF, 0xF4,
    0x00, 0x00, 0x7C, 0x03, 0xD0, 0x0F, 0x40, 0x00, 0x07, 0xC0, 0x3D, 0x00, 0xF4, 0x00, 0x00, 0xBC,
    0x03, 0xD0, 0x0F, 0x80, 0x00, 0x0B, 0x80, 0x3D, 0x00, 0xBC, 0x00, 0x00, 0xF4, 0x03, 0xD0, 0x03,
    0xE0, 0x00, 0x1F, 0x00, 0x7D, 0x00, 0x1F, 0x80, 0x07, 0xD0, 0x1B, 0xE4, 0x00, 0x7F, 0x96, 0xF4,
    0x07, 0xFF, 0xD0, 0x01, 0xFF, 0xF8, 0x00, 0x00, 0x00, 0x00, 0x00, 0x54, 0x00, 0x00, 0x00, 0x01,
    0x5A, 0xAA, 0x00, 0x0B, 0xFF, 0xFF, 0xC0, 0x0F, 0x80, 0x2F, 0x00, 0x0B, 0xC0, 0x0B, 0xC0, 0x03,
    0xD0, 0x02, 0xF0, 0x00, 0xF4, 0x00, 0xBC, 0x00, 0x3E, 0x00, 0x2F, 0x00, 0x0B, 0xC0, 0x0B, 0xC0,
    0x00, 0xFD, 0x02, 0xF0, 0x00, 0x07, 0xFF, 0xFC, 0x00, 0x00, 0xBA, 0xBF, 0x00, 0x00, 0xF0, 0x0B,
    0xC0, 0x00, 0xF8, 0x02, 0xF0, 0x00, 0x7C, 0x00, 0xBC, 0x00, 0x2F, 0x00, 0x2F, 0x00, 0x0F, 0x80,
    0x0B, 0xC0, 0x6F, 0xC0, 0x17, 0xF5, 0x1F, 0xD0, 0x1F, 0xFF, 0xC0, 0x00, 0x00, 0x00, 0x00, 0x00,
    0x00, 0x00, 0x01, 0xFF, 0x80, 0x03, 0xD5, 0xBC, 0x01, 0xE0, 0x0F, 0x40, 0xBC, 0x02, 0xE0, 0x05,
    0x00, 0xBC, 0x00, 0x00, 0x2F, 0x00, 0x1B, 0xFF, 0xC0, 0x2F, 0x96, 0xF0, 0x1F, 0x00, 0xBC, 0x0B,
    0xC0, 0x2F, 0x02, 0xF0, 0x0F, 0xC0, 0x7F, 0x6E, 0xF9, 0x0B, 0xFD, 0x3F, 0xC0, 0x14, 0x01, 0x00,
    0x00, 0x00, 0x02, 0x00, 0x00, 0x01, 0xC0, 0x06, 0xFF, 0xE0, 0x0B, 0xFF, 0xF0, 0x07, 0xE5, 0x40,
    0x03, 0x80, 0x00, 0x02, 0xC0, 0x00, 0x00, 0xE0, 0x69, 0x00, 0x35, 0xFF, 0xF4, 0x1E, 0xE0, 0x2F,
    0x07, 0xE0, 0x03, 0xF2, 0xF4, 0x00, 0x7C, 0xBC, 0x00, 0x1F, 0x6F, 0x00, 0x03, 0xD7, 0xC0, 0x00,
    0xF1, 0xF0, 0x00, 0x7C, 0x3E, 0x00, 0x2E, 0x0B, 0xC0, 0x0F, 0x00, 0xFD, 0x1F, 0x40, 0x0B, 0xFF,
    0x40, 0x00, 0x04, 0x00, 0x00, 0x6A, 0xAA, 0x40, 0x7F, 0xEB, 0xF4, 0x0F, 0x40, 0xBC, 0x0F, 0x40,
    0x7C, 0x0F, 0x40, 0xBC, 0x0F, 0x96, 0xE0, 0x0F, 0xFF, 0x90, 0x0F, 0x81, 0xBC, 0x0F, 0x40, 0x3E,
    0x0F, 0x40, 0x2F, 0x0F, 0x40, 0x3E, 0x1F, 0x95, 0xFC, 0xBF, 0xFF, 0xE0, 0x6A, 0xAA, 0xA1, 0xFF,
    0xAF, 0xD0, 0xF8, 0x0B, 0x43, 0xE0, 0x0E, 0x0F, 0x80, 0x28, 0x3E, 0x00, 0x00, 0xF8, 0x00, 0x03,
    0xE0, 0x00, 0x0F, 0x80, 0x00, 0x3E, 0x00, 0x00, 0xF8, 0x00, 0x07, 0xF5, 0x00, 0xBF, 0xFD, 0x00,
    0x0A, 0xAA, 0xAA, 0x90, 0xBF, 0xAB, 0xFD, 0x01, 0xD0, 0x2F, 0x00, 0x1D, 0x02, 0xE0, 0x01, 0xD0,
    0x2E, 0x00, 0x1D, 0x02, 0xE0, 0x01, 0xC0, 0x2E, 0x00, 0x2C, 0x02, 0xE0, 0x03, 0xC0, 0x2E, 0x00,
    0x38, 0x02, 0xE0, 0x07, 0x40, 0x2E, 0x01, 0xF5, 0x56, 0xF5, 0xBF, 0xFF, 0xFF, 0xEB, 0x80, 0x00,
    0x2E, 0xB0, 0x00, 0x00, 0xEB, 0x00, 0x00, 0x0E, 0xA0, 0x00, 0x00, 0xA0, 0x00, 0x00, 0x00, 0x01,
    0xFF, 0x80, 0x0B, 0x97, 0xF0, 0x2E, 0x00, 0xF4, 0x3C, 0x00, 0xBC, 0xBC, 0x00, 0x7C, 0xBE, 0xAA,
    0xFC, 0xFF, 0xFF, 0xF8, 0xFC, 0x00, 0x00, 0xBC, 0x00, 0x00, 0x7D, 0x00, 0x00, 0x3F, 0x00, 0x18,
    0x0F, 0xEA, 0xF4, 0x03, 0xFF, 0xD0, 0x00, 0x14, 0x00, 0x00, 0x00, 0x00, 0x00, 0x00, 0x07, 0xE0,
    0x2A, 0xA4, 0x1F, 0x83, 0xFD, 0x0B, 0xF9, 0x0F, 0xF0, 0xB5, 0xC0, 0xBC, 0x0A, 0x7C, 0x00, 0x34,
    0x2F, 0x03, 0x40, 0x00, 0x0B, 0x0B, 0xC2, 0xC0, 0x00, 0x00, 0xE6, 0xF2, 0xD0, 0x00, 0x00, 0x7F,
    0xFF, 0xF8, 0x00, 0x00, 0xBC, 0x2F, 0x07, 0xC0, 0x00, 0x7C, 0x0B, 0xC0, 0xB8, 0x00, 0x2E, 0x02,
    0xF0, 0x1F, 0x00, 0x0F, 0x40, 0xBC, 0x03, 0xD0, 0x6F, 0xC0, 0x7F, 0x40, 0xBE, 0x4F, 0xD0, 0x7F,
    0xF8, 0x0F, 0xD0, 0x00, 0x00, 0x00, 0x00, 0x00, 0x00, 0x00, 0x01, 0xDB, 0xF9, 0x03, 0xF5, 0xBD,
    0x0F, 0x00, 0xF8, 0x34, 0x02, 0xE0, 0x80, 0x0F, 0x40, 0x01, 0xF4, 0x00, 0xFF, 0x40, 0x00, 0x0B,
    0xD0, 0x40, 0x0B, 0xCB, 0xC0, 0x1F, 0x2F, 0x00, 0x7C, 0x7C, 0x07, 0xD0, 0x7F, 0xFD, 0x00, 0x05,
    0x00, 0x00, 0x6A, 0xA0, 0x2A, 0xA9, 0xFF, 0x80, 0xBF, 0xD0, 0xF8, 0x00, 0x7C, 0x03, 0xD0, 0x03,
    0xF0, 0x0F, 0x40, 0x3F, 0xC0, 0x3D, 0x03, 0xEF, 0x00, 0xF4, 0x78, 0x7C, 0x03, 0xDB, 0x81, 0xF0,
    0x0F, 0xF4, 0x07, 0xC0, 0x3F, 0x40, 0x1F, 0x00, 0xF4, 0x00, 0x7C, 0x07, 0xF4, 0x07, 0xF4, 0xBF,
    0xF4, 0x7F, 0xFC, 0x00, 0x90, 0x18, 0x00, 0x0F, 0xC0, 0xFC, 0x00, 0x2E, 0x02, 0xE0, 0x00, 0x2F,
    0xFE, 0x00, 0x00, 0x00, 0x00, 0x00, 0x00, 0x00, 0x00, 0x06, 0xAA, 0x02, 0xAA, 0x9F, 0xF8, 0x0B,
    0xFD, 0x0F, 0x80, 0x07, 0xC0, 0x3D, 0x00, 0x3F, 0x00, 0xF4, 0x03, 0xFC, 0x03, 0xD0, 0x3E, 0xF0,
    0x0F, 0x47, 0x87, 0xC0, 0x3D, 0xB8, 0x1F, 0x00, 0xFF, 0x40, 0x7C, 0x03, 0xF4, 0x01, 0xF0, 0x0F,
    0x40, 0x07, 0xC0, 0x7F, 0x40, 0x7F, 0x4B, 0xFF, 0x47, 0xFF, 0xC0, 0x00, 0x00, 0x00, 0x06, 0xAA,
    0x02, 0xF0, 0x7F, 0xE0, 0xBF, 0x80, 0xF8, 0x0D, 0xB4, 0x0F, 0x42, 0xC0, 0x00, 0xF4, 0x34, 0x00,
    0x0F, 0x9E, 0x00, 0x00, 0xFF, 0xE4, 0x00, 0x0F, 0x47, 0xE0, 0x00, 0xF4, 0x1F, 0x00, 0x0F, 0x40,
    0xF8, 0x00, 0xF4, 0x07, 0xC0, 0x1F, 0xD0, 0x3F, 0x9B, 0xFF, 0x41, 0xFC, 0x00, 0x00, 0x00, 0x00,
    0x02, 0xAA, 0xAA, 0xA0, 0x0B, 0xFA, 0xBF, 0x80, 0x07, 0x00, 0xF4, 0x00, 0x1C, 0x03, 0xD0, 0x00,
    0x70, 0x0F, 0x40, 0x01, 0xC0, 0x3D, 0x00, 0x0B, 0x00, 0xF4, 0x00, 0x2C, 0x03, 0xD0, 0x00, 0xE0,
    0x0F, 0x40, 0x03, 0x40, 0x3D, 0x03, 0x5C, 0x00, 0xF4, 0x2F, 0xF0, 0x07, 0xF4, 0x7F, 0x00, 0xFF,
    0xF4, 0x10, 0x00, 0x00, 0x00, 0x6A, 0x80, 0x00, 0xAA, 0x9F, 0xF8, 0x00, 0x3F, 0xD0, 0xFF, 0x00,
    0x2F, 0xC0, 0x3B, 0xE0, 0x0E, 0xF0, 0x0E, 0x7C, 0x0B, 0x7C, 0x03, 0x8F, 0x43, 0x5F, 0x00, 0xE2,
    0xF1, 0xC7, 0xC0, 0x38, 0x3D, 0xD1, 0xF0, 0x0E, 0x0B, 0xF0, 0x7C, 0x03, 0x80, 0xF8, 0x1F, 0x00,
    0xE0, 0x14, 0x07, 0xC0, 0x7D, 0x00, 0x06, 0xF8, 0xBF, 0xE0, 0x03, 0xFF, 0xC0, 0x6A, 0xA0, 0x2A,
    0xA9, 0xFF, 0x80, 0xBF, 0xD0, 0xF8, 0x00, 0x7C, 0x03, 0xD0, 0x01, 0xF0, 0x0F, 0x40, 0x07, 0xC0,
    0x3E, 0x00, 0x2F, 0x00, 0xFF, 0xFF, 0xFC, 0x03, 0xE5, 0x56, 0xF0, 0x0F, 0x40, 0x07, 0xC0, 0x3D,
    0x00, 0x1F, 0x00, 0xF4, 0x00, 0x7C, 0x07, 0xF4, 0x07, 0xF4, 0xBF, 0xF4, 0x7F, 0xFC, 0x00, 0x00,
    0x00, 0x00, 0x6F, 0xE4, 0x00, 0xBE, 0x6F, 0x80, 0xBC, 0x01, 0xF4, 0x3C, 0x00, 0x2F, 0x2F, 0x00,
    0x07, 0xDB, 0x80, 0x00, 0xF7, 0xE0, 0x00, 0x3E, 0xFC, 0x00, 0x0F, 0x6F, 0x00, 0x03, 0xD7, 0xD0,
    0x01, 0xF0, 0xFC, 0x00, 0xF4, 0x1F, 0xD1, 0xF8, 0x00, 0xFF, 0xF4, 0x00, 0x01, 0x40, 0x00, 0x6A,
    0xAA, 0xAA, 0xA9, 0xFF, 0xAA, 0xBF, 0xD0, 0xF8, 0x00, 0xBC, 0x03, 0xE0, 0x02, 0xF0, 0x0F, 0x80,
    0x0B, 0xC0, 0x3E, 0x00, 0x2F, 0x00, 0xF8, 0x00, 0xBC, 0x03, 0xE0, 0x02, 0xF0, 0x0F, 0x80, 0x0B,
    0xC0, 0x3E, 0x00, 0x2F, 0x00, 0xF8, 0x00, 0xBC, 0x07, 0xF4, 0x07, 0xF4, 0xBF, 0xF4, 0x7F, 0xFC,
    0x00, 0x00, 0x00, 0x00, 0xAE, 0x0B, 0xF8, 0x02, 0xFD, 0xFF, 0xFC, 0x01, 0xFD, 0x01, 0xF8, 0x03,
    0xE0, 0x03, 0xF0, 0x0F, 0x00, 0x07, 0xC0, 0x3C, 0x00, 0x1F, 0x00, 0xF0, 0x00, 0x7D, 0x03, 0xC0,
    0x01, 0xF0, 0x0F, 0x00, 0x07, 0xC0, 0x3C, 0x00, 0x3F, 0x00, 0xF0, 0x01, 0xF4, 0x03, 0xF9, 0x6F,
    0x80, 0x0F, 0xFF, 0xF8, 0x00, 0x3C, 0x14, 0x00, 0x00, 0xF0, 0x00, 0x00, 0x03, 0xC0, 0x00, 0x00,
    0x1F, 0x00, 0x00, 0x03, 0xFF, 0xD0, 0x00, 0x05, 0x55, 0x00, 0x00, 0x00, 0x00, 0x00, 0x07, 0xFE,
    0x00, 0xBD, 0x6F, 0x0B, 0xC0, 0x3E, 0x3D, 0x01, 0xFA, 0xF0, 0x03, 0xCB, 0xC0, 0x00, 0x3E, 0x00,
    0x00, 0xFC, 0x00, 0x02, 0xF0, 0x00, 0x07, 0xD0, 0x00, 0x0F, 0xD0, 0x09, 0x1F, 0xFA, 0xF4, 0x0F,
    0xFF, 0x00, 0x01, 0x40, 0x00, 0x1A, 0xAA, 0xAA, 0x83, 0xFA, 0xFE, 0xBD, 0x3C, 0x0F, 0x41, 0xD3,
    0x80, 0xF4, 0x0E, 0x30, 0x0F, 0x40, 0xA0, 0x00, 0xF4, 0x00, 0x00, 0x0F, 0x40, 0x00, 0x00, 0xF4,
    0x00, 0x00, 0x0F, 0x40, 0x00, 0x00, 0xF4, 0x00, 0x00, 0x0F, 0x40, 0x00, 0x01, 0xFD, 0x00, 0x00,
    0xFF, 0xF4, 0x00, 0x6A, 0xA4, 0x2A, 0xA1, 0xFF, 0x90, 0xBF, 0x80, 0xFC, 0x00, 0x78, 0x01, 0xF0,
    0x02, 0xC0, 0x03, 0xE0, 0x0E, 0x00, 0x0B, 0xC0, 0x70, 0x00, 0x0F, 0x43, 0xC0, 0x00, 0x3E, 0x0D,
    0x00, 0x00, 0x7C, 0xB0, 0x00, 0x00, 0xFB, 0x40, 0x00, 0x02, 0xFC, 0x00, 0x00, 0x03, 0xE0, 0x00,
    0x00, 0x0B, 0x00, 0x00, 0x00, 0x3C, 0x00, 0x00, 0x01, 0xD0, 0x00, 0x0F, 0x0F, 0x00, 0x00, 0xBC,
    0x74, 0x00, 0x02, 0xFF, 0x80, 0x00, 0x01, 0xA4, 0x00, 0x00, 0x00, 0x00, 0x00, 0x00, 0x00, 0x00,
    0x00, 0x3F, 0xD0, 0x00, 0x00, 0x00, 0x6F, 0x40, 0x00, 0x00, 0x00, 0x3D, 0x00, 0x00, 0x00, 0x00,
    0xF4, 0x00, 0x00, 0x00, 0x03, 0xD0, 0x00, 0x00, 0x00, 0x0F, 0x40, 0x00, 0x00, 0xBF, 0x3D, 0x7F,
    0x80, 0x1F, 0xEF, 0xFF, 0xEF, 0xC0, 0xFC, 0x07, 0xF0, 0x0F, 0x87, 0xC0, 0x0F, 0x40, 0x2F, 0x2F,
    0x00, 0x3D, 0x00, 0x7C, 0xF8, 0x00, 0xF4, 0x00, 0xF7, 0xE0, 0x03, 0xD0, 0x03, 0xDF, 0x80, 0x0F,
    0x40, 0x0F, 0x2F, 0x00, 0x3D, 0x00, 0x7C, 0x7C, 0x00, 0xF4, 0x02, 0xF0, 0xF4, 0x03, 0xE0, 0x0F,
    0x42, 0xF5, 0x7F, 0xE5, 0xFC, 0x02, 0xFF, 0xBE, 0xFF, 0x80, 0x00, 0x50, 0xF4, 0x10, 0x00, 0x00,
    0x03, 0xD0, 0x00, 0x00, 0x00, 0x0F, 0x40, 0x00, 0x00, 0x00, 0x3E, 0x00, 0x00, 0x00, 0x0F, 0xFF,
    0x80, 0x00, 0x00, 0x15, 0x55, 0x00, 0x00, 0x6A, 0xA4, 0x6A, 0x92, 0xFF, 0x81, 0xFF, 0x40, 0xBC,
    0x02, 0xD0, 0x00, 0xFC, 0x0E, 0x00, 0x00, 0xF8, 0xE0, 0x00, 0x01, 0xFF, 0x00, 0x00, 0x02, 0xF4,
    0x00, 0x00, 0x0F, 0xF0, 0x00, 0x00, 0xB3, 0xF0, 0x00, 0x07, 0x43, 0xE0, 0x00, 0x78, 0x07, 0xE0,
    0x0B, 0xE0, 0x1F, 0xE4, 0xFF, 0xF2, 0xFF, 0xF0, 0x6A, 0xA4, 0x2A, 0xA4, 0x6F, 0xE0, 0x2F, 0xE4,
    0x0F, 0x80, 0x0B, 0xC0, 0x0F, 0x80, 0x0B, 0xC0, 0x0F, 0x80, 0x0B, 0xC0, 0x0F, 0x80, 0x0B, 0xC0,
    0x0F, 0x80, 0x0B, 0xC0, 0x0F, 0x80, 0x0B, 0xC0, 0x0F, 0x80, 0x0B, 0xC0, 0x0F, 0x80, 0x0B, 0xC0,
    0x0F, 0x80, 0x0B, 0xC0, 0x1F, 0x95, 0x5B, 0xD4, 0xFF, 0xFF, 0xFF, 0xFE, 0x00, 0x00, 0x00, 0x2E,
    0x00, 0x00, 0x00, 0x1E, 0x00, 0x00, 0x00, 0x0E, 0x00, 0x00, 0x00, 0x08, 0x6A, 0xA4, 0x6A, 0xA5,
    0xBF, 0x91, 0xBF, 0x80, 0xB8, 0x00, 0xF8, 0x02, 0xE0, 0x03, 0xE0, 0x0B, 0x80, 0x0F, 0x80, 0x2F,
    0x00, 0x3E, 0x00, 0x7C, 0x00, 0xF8, 0x00, 0xFE, 0xBF, 0xE0, 0x00, 0xBF, 0x8F, 0x80, 0x00, 0x00,
    0x3E, 0x00, 0x00, 0x00, 0xF8, 0x00, 0x00, 0x07, 0xF4, 0x00, 0x00, 0xBF, 0xF8, 0x6A, 0xA4, 0xAA,
    0xA0, 0xAA, 0xA6, 0xFE, 0x0B, 0xFE, 0x0B, 0xFE, 0x0F, 0x80, 0x0F, 0x40, 0x1F, 0x00, 0xF8, 0x00,
    0xF4, 0x01, 0xF0, 0x0F, 0x80, 0x0F, 0x40, 0x1F, 0x00, 0xF8, 0x00, 0xF4, 0x01, 0xF0, 0x0F, 0x80,
    0x0F, 0x40, 0x1F, 0x00, 0xF8, 0x00, 0xF4, 0x01, 0xF0, 0x0F, 0x80, 0x0F, 0x40, 0x1F, 0x00, 0xF8,
    0x00, 0xF4, 0x01, 0xF0, 0x0F, 0x80, 0x0F, 0x40, 0x1F, 0x01, 0xF9, 0x55, 0xF9, 0x56, 0xF9, 0xFF,
    0xFF, 0xFF, 0xFF, 0xFF, 0xF0, 0x6A, 0xA4, 0xAA, 0xA0, 0xAA, 0xA1, 0xBF, 0x82, 0xFF, 0x82, 0xFF,
    0x80, 0xF8, 0x00, 0xF4, 0x01, 0xF0, 0x03, 0xE0, 0x03, 0xD0, 0x07, 0xC0, 0x0F, 0x80, 0x0F, 0x40,
    0x1F, 0x00, 0x3E, 0x00, 0x3D, 0x00, 0x7C, 0x00, 0xF8, 0x00, 0xF4, 0x01, 0xF0, 0x03, 0xE0, 0x03,
    0xD0, 0x07, 0xC0, 0x0F, 0x80, 0x0F, 0x40, 0x1F, 0x00, 0x3E, 0x00, 0x3D, 0x00, 0x7C, 0x00, 0xF8,
    0x00, 0xF4, 0x01, 0xF0, 0x07, 0xE5, 0x57, 0xE5, 0x5B, 0xD5, 0xFF, 0xFF, 0xFF, 0xFF, 0xFF, 0xFC,
    0x00, 0x00, 0x00, 0x00, 0x01, 0xF0, 0x00, 0x00, 0x00, 0x00, 0x03, 0xC0, 0x00, 0x00, 0x00, 0x00,
    0x0B, 0x00, 0x00, 0x00, 0x00, 0x00, 0x14, 0x2A, 0xAA, 0x90, 0x00, 0x3F, 0xBF, 0x90, 0x00, 0x3C,
    0x2F, 0x00, 0x00, 0x34, 0x2F, 0x00, 0x00, 0x70, 0x2F, 0x00, 0x00, 0x00, 0x2F, 0xAA, 0x40, 0x00,
    0x2F, 0xAB, 0xF4, 0x00, 0x2F, 0x00, 0xFC, 0x00, 0x2F, 0x00, 0x7C, 0x00, 0x2F, 0x00, 0x7C, 0x00,
    0x2F, 0x00, 0xBC, 0x00, 0x7F, 0x46, 0xF0, 0x01, 0xFF, 0xFF, 0x80, 0x6A, 0xA0, 0x00, 0xAA, 0xA1,
    0xFF, 0x80, 0x02, 0xFF, 0x80, 0xF8, 0x00, 0x00, 0xF4, 0x03, 0xD0, 0x00, 0x03, 0xD0, 0x0F, 0x40,
    0x00, 0x0F, 0x40, 0x3E, 0xAA, 0x00, 0x3D, 0x00, 0xFE, 0xBF, 0x80, 0xF4, 0x03, 0xD0, 0x2F, 0x43,
    0xD0, 0x0F, 0x40, 0x3E, 0x0F, 0x40, 0x3D, 0x00, 0xF4, 0x3D, 0x00, 0xF4, 0x07, 0xC0, 0xF4, 0x07,
    0xE1, 0xBE, 0x0B, 0xE4, 0xBF, 0xFF, 0x80, 0xFF, 0xF4, 0x6A, 0xA0, 0x00, 0x7F, 0xE0, 0x00, 0x0F,
    0x80, 0x00, 0x0F, 0x40, 0x00, 0x0F, 0x40, 0x00, 0x0F, 0xAA, 0x90, 0x0F, 0xEB, 0xFC, 0x0F, 0x40,
    0x7E, 0x0F, 0x40, 0x3F, 0x0F, 0x40, 0x3E, 0x0F, 0x40, 0x3D, 0x1F, 0x91, 0xF8, 0xBF, 0xFF, 0x90,
    0x00, 0x00, 0x01, 0xDB, 0xF8, 0x07, 0xE5, 0xBC, 0x0F, 0x00, 0xBC, 0x34, 0x00, 0xF4, 0x80, 0x03,
    0xE0, 0x00, 0x0F, 0x80, 0xFF, 0xFF, 0x00, 0x00, 0xF8, 0x50, 0x03, 0xEB, 0xC0, 0x0F, 0x2F, 0x00,
    0xB8, 0x7C, 0x0B, 0xC0, 0x7F, 0xF8, 0x00, 0x04, 0x00, 0x00, 0x00, 0x00, 0x00, 0x00, 0x00, 0x6A,
    0xA0, 0x02, 0xFF, 0x40, 0x7F, 0xE0, 0x1F, 0x9B, 0xE0, 0x0F, 0x80, 0x3D, 0x00, 0xF8, 0x0F, 0x40,
    0xB8, 0x00, 0xBC, 0x0F, 0x40, 0xF4, 0x00, 0x3D, 0x0F, 0x81, 0xF4, 0x00, 0x3D, 0x0F, 0xFF, 0xF4,
    0x00, 0x3E, 0x0F, 0x95, 0xF4, 0x00, 0x3D, 0x0F, 0x40, 0xF4, 0x00, 0x3D, 0x0F, 0x40, 0xFC, 0x00,
    0x7C, 0x0F, 0x40, 0x7D, 0x00, 0xF8, 0x1F, 0xD0, 0x2F, 0x97, 0xF0, 0xBF, 0xF4, 0x0B, 0xFF, 0x80,
    0x00, 0x00, 0x00, 0x10, 0x00, 0x00, 0x1A, 0xAA, 0x90, 0x2F, 0xAB, 0xFD, 0x07, 0xD0, 0x1F, 0x00,
    0xBC, 0x01, 0xF0, 0x0B, 0xC0, 0x1F, 0x00, 0x3D, 0x01, 0xF0, 0x01, 0xFE, 0xBF, 0x00, 0x02, 0xEB,
    0xF0, 0x00, 0xF0, 0x1F, 0x00, 0x2E, 0x01, 0xF0, 0x03, 0xD0, 0x1F, 0x01, 0xBC, 0x07, 0xF4, 0x3F,
    0x41, 0xFF, 0xF0, 0x40, 0x00, 0x00, 0x00, 0x40, 0x00, 0x03, 0xD0, 0x00, 0x02, 0xF0, 0x00, 0x00,
    0xBC, 0x00, 0x00, 0x1E, 0x00, 0x00, 0x00, 0x00, 0x00, 0x00, 0x00, 0x01, 0xFF, 0x80, 0x0B, 0x97,
    0xF0, 0x2E, 0x00, 0xF4, 0x3C, 0x00, 0xBC, 0xBC, 0x00, 0x7C, 0xBE, 0xAA, 0xFC, 0xFF, 0xFF, 0xF8,
    0xFC, 0x00, 0x00, 0xBC, 0x00, 0x00, 0x7D, 0x00, 0x00, 0x3F, 0x00, 0x18, 0x0F, 0xEA, 0xF4, 0x03,
    0xFF, 0xD0, 0x00, 0x14, 0x00, 0x02, 0x40, 0x90, 0x0F, 0xC3, 0xF0, 0x0B, 0xC3, 0xF0, 0x01, 0x40,
    0x40, 0x00, 0x00, 0x00, 0x00, 0x00, 0x00, 0x01, 0xFF, 0x80, 0x0B, 0x97, 0xF0, 0x2E, 0x00, 0xF4,
    0x3C, 0x00, 0xBC, 0xBC, 0x00, 0x7C, 0xBE, 0xAA, 0xFC, 0xFF, 0xFF, 0xF8, 0xFC, 0x00, 0x00, 0xBC,
    0x00, 0x00, 0x7D, 0x00, 0x00, 0x3F, 0x00, 0x18, 0x0F, 0xEA, 0xF4, 0x03, 0xFF, 0xD0, 0x00, 0x14,
    0x00, 0x00, 0x00, 0x00, 0x03, 0xFE, 0x00, 0x00, 0x1B, 0xE0, 0x00, 0x00, 0x3E, 0x00, 0x00, 0x3F,
    0xFF, 0xD0, 0x02, 0xBF, 0xA8, 0x00, 0x03, 0xE0, 0x00, 0x00, 0x3E, 0x1F, 0xE0, 0x03, 0xEF, 0xFF,
    0xC0, 0x3F, 0x80, 0x3E, 0x03, 0xF0, 0x02, 0xF0, 0x3E, 0x00, 0x2F, 0x03, 0xE0, 0x02, 0xF0, 0x3E,
    0x00, 0x2F, 0x03, 0xE0, 0x02, 0xF0, 0x3E, 0x00, 0x2F, 0x03, 0xE0, 0x02, 0xF0, 0x3E, 0x00, 0x2F,
    0x07, 0xF4, 0x02, 0xF2, 0xFF, 0xE0, 0x2E, 0x00, 0x00, 0x02, 0xE0, 0x00, 0x00, 0x2D, 0x00, 0x00,
    0x03, 0xC0, 0x00, 0x00, 0xB8, 0x00, 0x00, 0x1E, 0x00, 0x00, 0x00, 0x40, 0x00, 0x00, 0x00, 0x00,
    0x0F, 0x00, 0x00, 0xFC, 0x00, 0x0B, 0x80, 0x00, 0x74, 0x00, 0x00, 0x00, 0x00, 0x00, 0x00, 0x1A,
    0xAA, 0xA8, 0x7F, 0xEB, 0xF4, 0x3E, 0x02, 0xD0, 0xF8, 0x03, 0x83, 0xE0, 0x0A, 0x0F, 0x80, 0x00,
    0x3E, 0x00, 0x00, 0xF8, 0x00, 0x03, 0xE0, 0x00, 0x0F, 0x80, 0x00, 0x3E, 0x00, 0x01, 0xFD, 0x40,
    0x2F, 0xFF, 0x40, 0x00, 0x00, 0x00, 0x07, 0xFE, 0x00, 0xBD, 0x6F, 0x0B, 0xC0, 0x3E, 0x3D, 0x01,
    0xFA, 0xF0, 0x01, 0x8B, 0xC0, 0x00, 0x3F, 0xFF, 0xC0, 0xFC, 0x00, 0x02, 0xF0, 0x00, 0x07, 0xD0,
    0x00, 0x0F, 0xC0, 0x08, 0x0F, 0xEA, 0xF0, 0x0F, 0xFE, 0x00, 0x01, 0x40, 0x00, 0x00, 0x00, 0x00,
    0xBF, 0xAC, 0x2E, 0x5F, 0xC7, 0xC0, 0x3C, 0x78, 0x01, 0xC7, 0xD0, 0x00, 0x3F, 0xE4, 0x00, 0xFF,
    0xF4, 0x00, 0xBF, 0xC0, 0x00, 0x3D, 0xB0, 0x02, 0xEB, 0x40, 0x2D, 0xBE, 0x4B, 0xC7, 0xFF, 0xE0,
    0x10, 0x50, 0x00, 0x0A, 0x00, 0xBE, 0x01, 0xF8, 0x01, 0x40, 0x00, 0x00, 0x00, 0x06, 0xA4, 0x2F,
    0xE0, 0x0F, 0x80, 0x3E, 0x00, 0xF8, 0x03, 0xE0, 0x0F, 0x80, 0x3E, 0x00, 0xF8, 0x03, 0xE0, 0x0F,
    0x81, 0x7F, 0x4F, 0xFF, 0x80, 0x18, 0x06, 0x0F, 0xC3, 0xF3, 0xF0, 0xFC, 0x10, 0x04, 0x00, 0x00,
    0x00, 0x00, 0x00, 0x6A, 0x40, 0x2F, 0xE0, 0x00, 0xF8, 0x00, 0x3E, 0x00, 0x0F, 0x80, 0x03, 0xE0,
    0x00, 0xF8, 0x00, 0x3E, 0x00, 0x0F, 0x80, 0x03, 0xE0, 0x00, 0xF8, 0x01, 0x7F, 0x40, 0xFF, 0xF8,
    0x03, 0x80, 0xFD, 0x0B, 0xD0, 0x14, 0x00, 0x00, 0x00, 0x2A, 0x83, 0xFD, 0x03, 0xD0, 0x3D, 0x03,
    0xD0, 0x3D, 0x03, 0xD0, 0x3D, 0x03, 0xD0, 0x3D, 0x03, 0xD0, 0x3D, 0x03, 0xD0, 0x3C, 0x03, 0xC0,
    0xB8, 0x0F, 0x03, 0xD0, 0x10, 0x00, 0x02, 0xAA, 0xAA, 0xA0, 0x00, 0x06, 0xFE, 0xAF, 0xE0, 0x00,
    0x00, 0xB0, 0x0F, 0x40, 0x00, 0x00, 0x70, 0x0F, 0x40, 0x00, 0x00, 0x70, 0x0F, 0x40, 0x00, 0x00,
    0xB0, 0x0F, 0xAA, 0x80, 0x00, 0xB0, 0x0F, 0xEB, 0xF8, 0x00, 0xB0, 0x0F, 0x40, 0xBD, 0x00, 0xE0,
    0x0F, 0x40, 0x3E, 0x00, 0xD0, 0x0F, 0x40, 0x3D, 0x35, 0xC0, 0x0F, 0x40, 0x7C, 0xBF, 0x80, 0x2F,
    0x45, 0xF4, 0x7F, 0x00, 0xFF, 0xFF, 0x80, 0x04, 0x00, 0x00, 0x00, 0x00, 0x6A, 0xA0, 0x2A, 0xA4,
    0x00, 0x7F, 0xE0, 0x2F, 0xE4, 0x00, 0x0F, 0x80, 0x0B, 0xC0, 0x00, 0x0F, 0x40, 0x0B, 0xC0, 0x00,
    0x0F, 0x40, 0x0B, 0xC0, 0x00, 0x0F, 0x80, 0x0B, 0xEA, 0x90, 0x0F, 0xFF, 0xFF, 0xEB, 0xFC, 0x0F,
    0x95, 0x5B, 0xC0, 0x3E, 0x0F, 0x40, 0x0B, 0xC0, 0x2F, 0x0F, 0x40, 0x0B, 0xC0, 0x2F, 0x0F, 0x40,
    0x0B, 0xC0, 0x3E, 0x1F, 0xD0, 0x1F, 0xD1, 0xFC, 0xBF, 0xF4, 0x7F, 0xFF, 0x90, 0x00, 0x00, 0x00,
    0x00, 0x3F, 0xE0, 0x00, 0x00, 0x1B, 0xE0, 0x00, 0x00, 0x03, 0xE0, 0x00, 0x00, 0x3F, 0xFF, 0xD0,
    0x00, 0x2B, 0xFA, 0x80, 0x00, 0x03, 0xE0, 0x00, 0x00, 0x03, 0xE1, 0xFE, 0x00, 0x03, 0xEF, 0xFF,
    0xC0, 0x03, 0xF8, 0x03, 0xE0, 0x03, 0xF0, 0x02, 0xF0, 0x03, 0xE0, 0x02, 0xF0, 0x03, 0xE0, 0x02,
    0xF0, 0x03, 0xE0, 0x02, 0xF0, 0x03, 0xE0, 0x02, 0xF0, 0x03, 0xE0, 0x02, 0xF0, 0x03, 0xE0, 0x02,
    0xF0, 0x03, 0xE0, 0x02, 0xF0, 0x07, 0xF4, 0x07, 0xF4, 0x2F, 0xFE, 0x1F, 0xFF, 0x00, 0x00, 0x00,
    0x00, 0x00, 0x0B, 0x40, 0x00, 0x01, 0xF4, 0x00, 0x00, 0x3D, 0x00, 0x00, 0x0E, 0x00, 0x00, 0x00,
    0x40, 0x00, 0x00, 0x00, 0x00, 0x06, 0xAA, 0x02, 0xF0, 0x7F, 0xE0, 0xBF, 0x80, 0xF8, 0x0D, 0xB4,
    0x0F, 0x42, 0xC0, 0x00, 0xF4, 0x34, 0x00, 0x0F, 0x9E, 0x00, 0x00, 0xFF, 0xE4, 0x00, 0x0F, 0x47,
    0xE0, 0x00, 0xF4, 0x1F, 0x00, 0x0F, 0x40, 0xF8, 0x00, 0xF4, 0x07, 0xC0, 0x1F, 0xD0, 0x3F, 0x9B,
    0xFF, 0x41, 0xFC, 0x00, 0x00, 0x00, 0x00, 0x00, 0x00, 0x00, 0x00, 0x00, 0xF0, 0x00, 0x00, 0x03,
    0xE0, 0x00, 0x00, 0x07, 0xD0, 0x00, 0x00, 0x02, 0xC0, 0x00, 0x00, 0x01, 0x00, 0x00, 0x00, 0x00,
    0x00, 0x1A, 0xA8, 0x0A, 0xAA, 0x7F, 0xE0, 0x2F, 0xF4, 0x3E, 0x00, 0x1F, 0x00, 0xF4, 0x00, 0xFC,
    0x03, 0xD0, 0x0F, 0xF0, 0x0F, 0x40, 0xFB, 0xC0, 0x3D, 0x1E, 0x1F, 0x00, 0xF6, 0xE0, 0x7C, 0x03,
    0xFD, 0x01, 0xF0, 0x0F, 0xD0, 0x07, 0xC0, 0x3D, 0x00, 0x1F, 0x01, 0xFD, 0x01, 0xFD, 0x2F, 0xFD,
    0x1F, 0xFF, 0x00, 0x90, 0x19, 0x00, 0x0B, 0xC0, 0xFC, 0x00, 0x2F, 0x02, 0xF0, 0x00, 0x2F, 0xFE,
    0x00, 0x00, 0x00, 0x00, 0x00, 0x00, 0x00, 0x00, 0x06, 0xAA, 0x42, 0xAA, 0x1F, 0xF9, 0x0B, 0xF8,
    0x0F, 0xC0, 0x07, 0x80, 0x1F, 0x00, 0x2C, 0x00, 0x3E, 0x00, 0xE0, 0x00, 0xBC, 0x07, 0x00, 0x00,
    0xF4, 0x3C, 0x00, 0x03, 0xE0, 0xD0, 0x00, 0x07, 0xCB, 0x00, 0x00, 0x0F, 0xB4, 0x00, 0x00, 0x2F,
    0xC0, 0x00, 0x00, 0x3E, 0x00, 0x00, 0x00, 0xB0, 0x00, 0x00, 0x03, 0xC0, 0x00, 0x00, 0x1D, 0x00,
    0x00, 0xF0, 0xF0, 0x00, 0x0B, 0xC7, 0x40, 0x00, 0x2F, 0xF8, 0x00, 0x00, 0x1A, 0x40, 0x00, 0x00,
    0x6A, 0xA4, 0x2A, 0xA9, 0xBF, 0x80, 0xBF, 0xD0, 0xF8, 0x00, 0x7C, 0x03, 0xE0, 0x01, 0xF0, 0x0F,
    0x80, 0x07, 0xC0, 0x3E, 0x00, 0x1F, 0x00, 0xF8, 0x00, 0x7C, 0x03, 0xE0, 0x01, 0xF0, 0x0F, 0x80,
    0x07, 0xC0, 0x3E, 0x00, 0x1F, 0x00, 0xF8, 0x00, 0x7C, 0x07, 0xE5, 0x56, 0xF9, 0xFF, 0xFF, 0xFF,
    0xFC, 0x00, 0x2E, 0x00, 0x00, 0x00, 0x78, 0x00, 0x00, 0x00, 0xD0, 0x00, 0x00, 0x02, 0x00, 0x00,
    0x00, 0x6A, 0xA8, 0x00, 0x00, 0x02, 0xFF, 0xF0, 0x00, 0x00, 0x00, 0xBC, 0x00, 0x00, 0x0B, 0xFF,
    0xFF, 0xFD, 0x00, 0x3F, 0xAF, 0xEA, 0xFC, 0x00, 0xF0, 0x1F, 0x00, 0xF0, 0x07, 0x40, 0x7C, 0x01,
    0xC0, 0x2C, 0x01, 0xF0, 0x00, 0x00, 0x10, 0x07, 0xC0, 0x00, 0x00, 0x00, 0x1F, 0xAA, 0x90, 0x00,
    0x00, 0x7F, 0xFF, 0xF4, 0x00, 0x01, 0xF0, 0x02, 0xF4, 0x00, 0x07, 0xC0, 0x03, 0xF0, 0x00, 0x1F,
    0x00, 0x0B, 0xC0, 0x00, 0x7C, 0x00, 0x2F, 0x00, 0x01, 0xF0, 0x00, 0xFC, 0x00, 0x07, 0xC0, 0x0B,
    0xD0, 0x00, 0x7F, 0x56, 0xFD, 0x00, 0x0B, 0xFF, 0xFF, 0x80, 0x00, 0x00, 0x00, 0x00, 0x00, 0x00,
    0xFF, 0x40, 0x00, 0x00, 0x6F, 0x40, 0x00, 0x00, 0x0F, 0x40, 0x00, 0x00, 0x0F, 0x40, 0x00, 0x00,
    0x0F, 0x40, 0x00, 0x00, 0x0F, 0x40, 0x00, 0x1A, 0xAF, 0xEA, 0x80, 0x3F, 0xAF, 0xAB, 0xD0, 0x3C,
    0x0F, 0x41, 0xE0, 0x38, 0x0F, 0x40, 0xA0, 0x30, 0x0F, 0x40, 0x00, 0x00, 0x0F, 0xAA, 0x80, 0x00,
    0x0F, 0xEB, 0xF8, 0x00, 0x0F, 0x40, 0x7D, 0x00, 0x0F, 0x40, 0x3E, 0x00, 0x0F, 0x40, 0x3E, 0x00,
    0x0F, 0x40, 0x3D, 0x00, 0x2F, 0x85, 0xF8, 0x00, 0xFF, 0xFF, 0x90, 0x00, 0xAA, 0xAA, 0xAA, 0xAA,
    0x00, 0x00, 0x3F, 0xFF, 0xFF, 0xFF, 0xD0, 0x00, 0x00, 0xBD, 0x00, 0x0B, 0x00, 0x00, 0x00, 0x0F,
    0xC0, 0x07, 0x40, 0x00, 0x00, 0x00, 0xF8, 0x03, 0xC0, 0x00, 0x00, 0x00, 0x1F, 0x02, 0xC0, 0x00,
    0x00, 0x00, 0x03, 0xF0, 0xD0, 0x00, 0x00, 0x00, 0x00, 0x3E, 0xF0, 0x00, 0x00, 0x00, 0x00, 0x0B,
    0xF4, 0x00, 0x00, 0x00, 0x01, 0xFF, 0xFF, 0xFC, 0x00, 0x00, 0x02, 0xF4, 0x3E, 0x07, 0xD0, 0x00,
    0x01, 0xF4, 0x0F, 0x80, 0xBC, 0x00, 0x00, 0xFC, 0x03, 0xE0, 0x0F, 0x40, 0x00, 0x7D, 0x00, 0xF8,
    0x03, 0xF0, 0x00, 0x2F, 0x00, 0x3E, 0x00, 0x7D, 0x00, 0x0F, 0x80, 0x0F, 0x80, 0x0F, 0x80, 0x5F,
    0xC0, 0x1B, 0xF4, 0x02, 0xF9, 0x1F, 0xD0, 0x1F, 0xFF, 0xC0, 0x3F, 0xC0, 0x40, 0x00, 0x00, 0x00,
    0x00, 0x00, 0x01, 0xAA, 0xAA, 0xAA, 0x80, 0x00, 0x6F, 0xEA, 0xAF, 0xD0, 0x00, 0x00, 0xF4, 0x03,
    0x80, 0x00, 0x00, 0x1F, 0x02, 0xC0, 0x00, 0x00, 0x02, 0xE1, 0xD0, 0x00, 0x00, 0x00, 0x3D, 0xE0,
    0x00, 0x00, 0x01, 0xBF, 0xFF, 0x90, 0x00, 0x03, 0xF4, 0xF8, 0x7E, 0x00, 0x02, 0xF0, 0x3D, 0x07,
    0xC0, 0x00, 0xF4, 0x0F, 0x40, 0xF8, 0x00, 0xBC, 0x03, 0xD0, 0x2F, 0x01, 0xBE, 0x01, 0xFD, 0x03,
    0xF8, 0x7F, 0x03, 0xFF, 0xD0, 0xBE, 0x00, 0x00, 0x00, 0x00, 0x00, 0x00, 0x00, 0x00, 0x00, 0x40,
    0x00, 0x00, 0x0D, 0x00, 0x00, 0x02, 0xC0, 0x00, 0x00, 0x3C, 0x2A, 0xAA, 0xAF, 0xC7, 0xFF, 0xFF,
    0xF8, 0x07, 0xD0, 0x00, 0x00, 0x3D, 0x00, 0x00, 0x03, 0xD0, 0x00, 0x00, 0x3D, 0x00, 0x00, 0x03,
    0xD0, 0x00, 0x00, 0x3D, 0x00, 0x00, 0x03, 0xD0, 0x00, 0x00, 0x3D, 0x00, 0x00, 0x03, 0xD0, 0x00,
    0x00, 0x3D, 0x00, 0x00, 0x03, 0xD0, 0x00, 0x00, 0x3D, 0x00, 0x00, 0x03, 0xD0, 0x00, 0x00, 0x7D,
    0x00, 0x00, 0x1B, 0xE4, 0x00, 0x07, 0xFF, 0xF0, 0x00, 0x00, 0x00, 0x00, 0x00, 0x00, 0xD0, 0x00,
    0x07, 0x40, 0x00, 0x2C, 0x6A, 0xAB, 0xF1, 0xFF, 0xAA, 0x80, 0xF8, 0x00, 0x03, 0xE0, 0x00, 0x0F,
    0x80, 0x00, 0x3E, 0x00, 0x00, 0xF8, 0x00, 0x03, 0xE0, 0x00, 0x0F, 0x80, 0x00, 0x3E, 0x00, 0x00,
    0xF8, 0x00, 0x07, 0xF5, 0x00, 0xBF, 0xFD, 0x00, 0x2A, 0xAA, 0xAA, 0x47, 0xFF, 0xFF, 0xFC, 0x07,
    0xD0, 0x07, 0xC0, 0x3D, 0x00, 0x2D, 0x03, 0xD0, 0x00, 0xD0, 0x3D, 0x00, 0x00, 0x03, 0xD0, 0x00,
    0x00, 0x3D, 0x00, 0x00, 0x2F, 0xFA, 0x40, 0x07, 0xFF, 0xF4, 0x00, 0x03, 0xD0, 0x00, 0x00, 0x3D,
    0x00, 0x00, 0x03, 0xD0, 0x00, 0x00, 0x3D, 0x00, 0x00, 0x03, 0xD0, 0x00, 0x00, 0x7D, 0x00, 0x00,
    0x1B, 0xE4, 0x00, 0x07, 0xFF, 0xF0, 0x00, 0x6A, 0xAA, 0xA1, 0xFF, 0xAF, 0xD0, 0xF8, 0x07, 0x83,
    0xE0, 0x0E, 0x0F, 0x80, 0x2C, 0x3E, 0x00, 0x0B, 0xFF, 0xC0, 0x07, 0xE4, 0x00, 0x0F, 0x80, 0x00,
    0x3E, 0x00, 0x00, 0xF8, 0x00, 0x07, 0xF5, 0x00, 0xBF, 0xFD, 0x00, 0x06, 0x80, 0x1A, 0xAA, 0x40,
    0x1A, 0x01, 0xFF, 0x01, 0xFF, 0xF4, 0x0B, 0xF8, 0x2F, 0xF4, 0x01, 0xF4, 0x00, 0xEF, 0x80, 0xA3,
    0x80, 0x0F, 0x40, 0x2C, 0xA0, 0x00, 0x2C, 0x00, 0xF4, 0x03, 0x80, 0x00, 0x00, 0xD0, 0x0F, 0x40,
    0x74, 0x00, 0x00, 0x0F, 0x00, 0xF4, 0x0B, 0x00, 0x00, 0x00, 0x74, 0x0F, 0x41, 0xD0, 0x00, 0x00,
    0x01, 0xE6, 0xF9, 0xB8, 0x00, 0x00, 0x00, 0x2F, 0xFF, 0xFF, 0x90, 0x00, 0x00, 0x0F, 0xC0, 0xF4,
    0x2F, 0x40, 0x00, 0x03, 0xF0, 0x0F, 0x40, 0xFC, 0x00, 0x00, 0x7D, 0x00, 0xF4, 0x07, 0xD0, 0x00,
    0x0B, 0xC0, 0x0F, 0x40, 0x3F, 0x00, 0x00, 0xF8, 0x00, 0xF4, 0x02, 0xF0, 0x00, 0x2F, 0x00, 0x0F,
    0x40, 0x1F, 0x80, 0x1B, 0xE0, 0x06, 0xF9, 0x00, 0xFD, 0x23, 0xFC, 0x02, 0xFF, 0xF8, 0x07, 0xFF,
    0x01, 0x00, 0x00, 0x00, 0x00, 0x04, 0xF0, 0x00, 0x00, 0x00, 0x00, 0x00, 0x0B, 0x00, 0x00, 0x00,
    0x00, 0x00, 0x00, 0xB0, 0x00, 0x00, 0x00, 0x00, 0x00, 0x05, 0x00, 0x00, 0x00, 0x00, 0x00, 0x01,
    0xF8, 0x0A, 0xA9, 0x07, 0xE0, 0x3F, 0xD0, 0xBF, 0x90, 0xFF, 0x02, 0xE7, 0x02, 0xF0, 0x29, 0xF0,
    0x00, 0x34, 0x2F, 0x03, 0x40, 0x00, 0x02, 0xC2, 0xF0, 0x70, 0x00, 0x00, 0x0D, 0x2F, 0x1D, 0x00,
    0x00, 0x01, 0xFF, 0xFF, 0xE0, 0x00, 0x00, 0xFC, 0x2F, 0x0B, 0xC0, 0x00, 0x1F, 0x02, 0xF0, 0x3E,
    0x00, 0x03, 0xE0, 0x2F, 0x02, 0xF0, 0x00, 0x3D, 0x02, 0xF0, 0x0F, 0x40, 0x6F, 0xC0, 0x7F, 0x40,
    0xFC, 0x83, 0xF4, 0x1F, 0xFE, 0x03, 0xFC, 0x00, 0x00, 0x00, 0x00, 0x03, 0xC0, 0x00, 0x00, 0x00,
    0x00, 0x2C, 0x00, 0x00, 0x00, 0x00, 0x01, 0xC0, 0x00, 0x00, 0x00, 0x00, 0x08, 0x2A, 0xA9, 0x00,
    0x28, 0x07, 0xFF, 0xE0, 0x1F, 0xF0, 0x03, 0xD0, 0x03, 0xFF, 0x00, 0x3D, 0x00, 0x35, 0xD0, 0x03,
    0xD0, 0x0B, 0x00, 0x00, 0x3D, 0x00, 0xE0, 0x00, 0x03, 0xD0, 0x1C, 0x00, 0x00, 0x3D, 0x07, 0x80,
    0x00, 0x03, 0xE6, 0xE0, 0x00, 0x00, 0x3F, 0xFE, 0x40, 0x00, 0x03, 0xD0, 0xBD, 0x00, 0x00, 0x3D,
    0x02, 0xF0, 0x00, 0x03, 0xD0, 0x0F, 0x80, 0x00, 0x3D, 0x00, 0xBC, 0x00, 0x03, 0xD0, 0x07, 0xE0,
    0x00, 0x3D, 0x00, 0x3F, 0x00, 0x1B, 0xF4, 0x01, 0xF8, 0x87, 0xFF, 0xE0, 0x0B, 0xFC, 0x00, 0x00,
    0x00, 0x13, 0xC0, 0x00, 0x00, 0x00, 0x2C, 0x00, 0x00, 0x00, 0x01, 0xC0, 0x00, 0x00, 0x00, 0x08,
    0x00, 0x00, 0x00, 0x06, 0xAA, 0x02, 0xF0, 0x7F, 0xE0, 0xBF, 0x80, 0xF8, 0x0D, 0xF4, 0x0F, 0x42,
    0xC0, 0x00, 0xF4, 0x34, 0x00, 0x0F, 0x8A, 0x00, 0x00, 0xFF, 0xE4, 0x00, 0x0F, 0x47, 0xE0, 0x00,
    0xF4, 0x0F, 0x40, 0x0F, 0x40, 0xBC, 0x00, 0xF4, 0x07, 0xC0, 0x1F, 0xD0, 0x3E, 0x1B, 0xFF, 0x41,
    0xFF, 0x00, 0x00, 0x00, 0xF0, 0x00, 0x00, 0x0B, 0x00, 0x00, 0x00, 0xB0, 0x00, 0x00, 0x05, 0x2A,
    0xA8, 0x00, 0xAA, 0xA0, 0x7F, 0xFD, 0x01, 0xFF, 0xF4, 0x07, 0xD0, 0x00, 0x1F, 0x40, 0x03, 0xD0,
    0x00, 0x1F, 0x00, 0x03, 0xD0, 0x00, 0x1F, 0x00, 0x03, 0xD0, 0x00, 0x1F, 0x00, 0x03, 0xD0, 0x00,
    0x1F, 0x00, 0x03, 0xD0, 0x00, 0x1F, 0x00, 0x03, 0xFF, 0xFF, 0xFF, 0x00, 0x03, 0xFF, 0xFF, 0xFF,
    0x00, 0x03, 0xD0, 0x00, 0x1F, 0x00, 0x03, 0xD0, 0x00, 0x1F, 0x00, 0x03, 0xD0, 0x00, 0x1F, 0x00,
    0x03, 0xD0, 0x00, 0x1F, 0x00, 0x03, 0xD0, 0x00, 0x1F, 0x00, 0x07, 0xD0, 0x00, 0x1F, 0x00, 0x1B,
    0xE4, 0x00, 0x6F, 0xA8, 0x7F, 0xFD, 0x01, 0xFF, 0xFC, 0x00, 0x00, 0x00, 0x00, 0x7C, 0x00, 0x00,
    0x00, 0x00, 0x3C, 0x00, 0x00, 0x00, 0x00, 0x2C, 0x00, 0x00, 0x00, 0x00, 0x08, 0x6A, 0xA0, 0x2A,
    0xA8, 0x1F, 0xF8, 0x0B, 0xFD, 0x00, 0xF8, 0x00, 0x7C, 0x00, 0x3D, 0x00, 0x1F, 0x00, 0x0F, 0x40,
    0x07, 0xC0, 0x03, 0xE0, 0x02, 0xF0, 0x00, 0xFF, 0xFF, 0xFC, 0x00, 0x3E, 0x55, 0x6F, 0x00, 0x0F,
    0x40, 0x07, 0xC0, 0x03, 0xD0, 0x01, 0xF0, 0x00, 0xF4, 0x00, 0x7C, 0x00, 0x7F, 0x40, 0x7F, 0x54,
    0xBF, 0xF4, 0x7F, 0xFF, 0x00, 0x00, 0x00, 0x03, 0xC0, 0x00, 0x00, 0x00, 0xB0, 0x00, 0x00, 0x00,
    0x1C, 0x00, 0x00, 0x00, 0x02, 0x00, 0x6A, 0xA8, 0x01, 0xAA, 0x87, 0xFF, 0xD0, 0x2F, 0xFC, 0x0B,
    0xD0, 0x00, 0x3C, 0x00, 0x3F, 0x00, 0x07, 0x40, 0x01, 0xF4, 0x00, 0xF0, 0x00, 0x0B, 0xC0, 0x2C,
    0x00, 0x00, 0x3E, 0x03, 0x80, 0x00, 0x01, 0xF4, 0xB0, 0x00, 0x00, 0x0F, 0xDD, 0x00, 0x00, 0x00,
    0x3F, 0xC0, 0x00, 0x00, 0x02, 0xF0, 0x00, 0x00, 0x00, 0x1F, 0x00, 0x00, 0x00, 0x01, 0xF0, 0x00,
    0x00, 0x00, 0x1F, 0x00, 0x00, 0x00, 0x01, 0xF0, 0x00, 0x00, 0x00, 0x1F, 0x00, 0x00, 0x00, 0x07,
    0xF9, 0x00, 0x00, 0x03, 0xFF, 0xF4, 0x00, 0x2A, 0xA8, 0x0A, 0xA8, 0x2F, 0xF8, 0x0B, 0xF8, 0x07,
    0xD0, 0x02, 0xC0, 0x03, 0xE0, 0x03, 0xC0, 0x02, 0xF0, 0x03, 0x40, 0x00, 0xF4, 0x0B, 0x00, 0x00,
    0xF8, 0x0E, 0x00, 0x00, 0x7C, 0x1D, 0x00, 0x00, 0x3D, 0x2C, 0x00, 0x00, 0x2F, 0x34, 0x00, 0x00,
    0x0F, 0xB0, 0x00, 0x00, 0x0F, 0xE0, 0x00, 0x00, 0x07, 0xD0, 0x00, 0x00, 0x03, 0xC0, 0x00, 0x00,
    0x03, 0xC0, 0x00, 0x00, 0x03, 0xC0, 0x00, 0x00, 0x07, 0xD0, 0x00, 0x00, 0x7F, 0xFC, 0x00, 0x00,
    0x15, 0x54, 0x00, 0x6A, 0xA8, 0x01, 0xAA, 0x87, 0xFF, 0xD0, 0x2F, 0xFC, 0x0B, 0xD0, 0x00, 0x3C,
    0x00, 0x3F, 0x00, 0x07, 0x40, 0x01, 0xF4, 0x00, 0xF0, 0x00, 0x0B, 0xC0, 0x2C, 0x00, 0x00, 0x3E,
    0x03, 0x80, 0x00, 0x01, 0xF4, 0xB0, 0x00, 0x00, 0x0F, 0xDD, 0x00, 0x00, 0x00, 0x3F, 0xC0, 0x00,
    0x00, 0x02, 0xF0, 0x00, 0x00, 0x00, 0x1F, 0x00, 0x00, 0x00, 0x06, 0xF5, 0x00, 0x00, 0x02, 0xFF,
    0xF4, 0x00, 0x00, 0x02, 0xF0, 0x00, 0x00, 0x00, 0x1F, 0x00, 0x00, 0x00, 0x07, 0xF9, 0x00, 0x00,
    0x03, 0xFF, 0xF4, 0x00, 0x2A, 0xA8, 0x0A, 0xA8, 0x2F, 0xF8, 0x0B, 0xF8, 0x07, 0xD0, 0x02, 0xC0,
    0x03, 0xE0, 0x03, 0xC0, 0x02, 0xF0, 0x03, 0x40, 0x00, 0xF4, 0x0B, 0x00, 0x00, 0xF8, 0x0E, 0x00,
    0x00, 0x7C, 0x1D, 0x00, 0x00, 0x3D, 0x2C, 0x00, 0x00, 0x2F, 0x34, 0x00, 0x00, 0x0F, 0xB0, 0x00,
    0x00, 0x0F, 0xE0, 0x00, 0x00, 0x07, 0xD0, 0x00, 0x00, 0x07, 0xD0, 0x00, 0x00, 0x7F, 0xFE, 0x00,
    0x00, 0x07, 0xD0, 0x00, 0x00, 0x07, 0xD0, 0x00, 0x00, 0x7F, 0xFC, 0x00, 0x00, 0x15, 0x54, 0x00,
    0x2A, 0xA9, 0x00, 0x00, 0x01, 0xFF, 0xF8, 0x00, 0x00, 0x00, 0x3D, 0x00, 0x00, 0x00, 0x00, 0xF4,
    0x00, 0x00, 0x00, 0x03, 0xD0, 0x00, 0x00, 0x00, 0x0F, 0x40, 0x00, 0x00, 0x00, 0x3D, 0x00, 0x40,
    0x00, 0x00, 0xF4, 0xBF, 0xF8, 0x00, 0x03, 0xEF, 0x96, 0xFC, 0x00, 0x0F, 0xD0, 0x01, 0xF8, 0x00,
    0x3D, 0x00, 0x03, 0xF0, 0x00, 0xF4, 0x00, 0x07, 0xC0, 0x03, 0xD0, 0x00, 0x1F, 0x00, 0x0F, 0x40,
    0x00, 0x7C, 0x00, 0x3D, 0x00, 0x01, 0xF0, 0x00, 0xF4, 0x00, 0x07, 0xC0, 0x1B, 0xF4, 0x00, 0x7F,
    0x91, 0xFF, 0xF8, 0x0B, 0xFF, 0xD0, 0x00, 0x00, 0x00, 0x03, 0xFE, 0x00, 0x00, 0x06, 0xF8, 0x00,
    0x00, 0x03, 0xE0, 0x00, 0x00, 0x0F, 0x80, 0x00, 0x00, 0x3E, 0x00, 0x00, 0x00, 0xF8, 0x00, 0x00,
    0x03, 0xE1, 0xFE, 0x00, 0x0F, 0xBF, 0xFF, 0x00, 0x3F, 0x80, 0x3E, 0x00, 0xFC, 0x00, 0xBC, 0x03,
    0xE0, 0x02, 0xF0, 0x0F, 0x80, 0x0B, 0xC0, 0x3E, 0x00, 0x2F, 0x00, 0xF8, 0x00, 0xBC, 0x03, 0xE0,
    0x02, 0xF0, 0x0F, 0x80, 0x0B, 0xC0, 0x3E, 0x00, 0x2F, 0x01, 0xFD, 0x01, 0xFD, 0x2F, 0xFE, 0x1F,
    0xFF, 0x18, 0x2B, 0xE4, 0x00, 0x7B, 0xEB, 0xFC, 0x01, 0xF8, 0x01, 0xFC, 0x03, 0xC0, 0x00, 0xF8,
    0x0D, 0x00, 0x02, 0xF0, 0x20, 0x00, 0x03, 0xE0, 0x00, 0x00, 0x0F, 0x80, 0x00, 0x00, 0x3F, 0x00,
    0x00, 0x00, 0xFD, 0xFF, 0xFF, 0xFF, 0xF7, 0xD5, 0x55, 0x5F, 0xDF, 0x00, 0x00, 0x3E, 0x7C, 0x00,
    0x00, 0xF5, 0xF0, 0x00, 0x07, 0xC3, 0xD0, 0x00, 0x3E, 0x07, 0xC0, 0x02, 0xF0, 0x0B, 0xE5, 0x7F,
    0x00, 0x07, 0xFF, 0xD0, 0x00, 0x00, 0x40, 0x00, 0x00, 0x00, 0x00, 0x00, 0x02, 0xFF, 0x40, 0x0F,
    0xFF, 0xF0, 0x3C, 0x01, 0xF8, 0x00, 0x00, 0xBC, 0x00, 0x00, 0x3E, 0x00, 0x00, 0x3E, 0x1A, 0xAA,
    0xBF, 0x2F, 0xFF, 0xFE, 0x3E, 0x00, 0x3E, 0x3E, 0x00, 0x3D, 0x2F, 0x00, 0x7C, 0x0F, 0x81, 0xF0,
    0x03, 0xFF, 0x80, 0x00, 0x00, 0x00, 0x00, 0x06, 0xF9, 0x00, 0x00, 0x2F, 0xFF, 0xF4, 0x00, 0x3E,
    0x00, 0x2F, 0x80, 0x3E, 0x00, 0x01, 0xF4, 0x1F, 0x00, 0x00, 0x3F, 0x0F, 0x80, 0x00, 0x07, 0xD3,
    0xD0, 0x00, 0x00, 0xF9, 0xF0, 0x00, 0x00, 0x3F, 0x7F, 0xAA, 0xAA, 0xAF, 0xEF, 0xFF, 0xFF, 0xFF,
    0xF7, 0xC0, 0x00, 0x00, 0xFD, 0xF4, 0x00, 0x00, 0x3E, 0x3E, 0x00, 0x00, 0x0F, 0x4F, 0xC0, 0x00,
    0x07, 0xC1, 0xF8, 0x00, 0x03, 0xE0, 0x2F, 0x80, 0x02, 0xF0, 0x02, 0xFE, 0x5B, 0xF0, 0x00, 0x1F,
    0xFF, 0xD0, 0x00, 0x00, 0x15, 0x00, 0x00, 0x00, 0x00, 0x00, 0x00, 0x6F, 0xE4, 0x00, 0xBE, 0x6F,
    0x80, 0xB8, 0x01, 0xF4, 0x3C, 0x00, 0x3F, 0x2F, 0x00, 0x07, 0xDB, 0xC0, 0x01, 0xF7, 0xFF, 0xFF,
    0xFE, 0xFD, 0x55, 0x5F, 0x6F, 0x00, 0x03, 0xD7, 0xD0, 0x01, 0xF0, 0xFC, 0x00, 0xF4, 0x1F, 0xD1,
    0xF8, 0x00, 0xFF, 0xF4, 0x00, 0x01, 0x40, 0x00, 0x00, 0x03, 0xFF, 0xFF, 0xFF, 0x80, 0x7F, 0xFF,
    0xFF, 0x2F, 0xFF, 0xFF, 0xC0, 0x7F, 0xFF, 0xFF, 0x2F, 0xFF, 0xFF, 0xC0, 0x7F, 0xFF, 0xFF, 0xFF,
    0xFF, 0xFF, 0x6F, 0xFF, 0xFF, 0xFF, 0xFF, 0xFF, 0xE0, 0x7F, 0xFF, 0xFF, 0xFF, 0xFF, 0xFF, 0x6F,
    0xFF, 0xFF, 0xFF, 0xFF, 0xFF, 0xE0, 0x00, 0x0A, 0x2C, 0x70, 0xB9, 0xBF, 0x7E, 0x04, 0x00, 0x7D,
    0xBF, 0x7F, 0x0E, 0x1C, 0x74, 0x00, 0x3D, 0xBF, 0x7F, 0x0E, 0x1C, 0x74, 0x10, 0x00, 0x00, 0x02,
    0x80, 0xA2, 0xC0, 0xB1, 0xC0, 0x70, 0xB9, 0x2E, 0x6F, 0xCB, 0xF7, 0xE1, 0xF8, 0x10, 0x04, 0x00,
    0x00, 0x1F, 0x47, 0xDB, 0xF2, 0xFD, 0xFC, 0x7F, 0x0E, 0x03, 0x87, 0x01, 0xC7, 0x41, 0xD0, 0x00,
    0x00, 0x3D, 0x1F, 0x2F, 0xCB, 0xF7, 0xF1, 0xFC, 0x38, 0x0E, 0x1C, 0x07, 0x1D, 0x07, 0x41, 0x00,
    0x00, 0x00, 0x00, 0x00, 0x02, 0xF0, 0x00, 0x0B, 0xC0, 0x00, 0x1E, 0x00, 0x00, 0x30, 0x01, 0xF9,
    0xDB, 0xD7, 0xFF, 0xFF, 0x44, 0x0C, 0x04, 0x00, 0xB8, 0x00, 0x03, 0xF0, 0x00, 0x0F, 0xC0, 0x00,
    0x2E, 0x00, 0x00, 0x74, 0x00, 0x00, 0xD0, 0x00, 0x03, 0x00, 0x00, 0x0C, 0x00, 0x00, 0x30, 0x00,
    0x00, 0xC0, 0x00, 0x03, 0x00, 0x00, 0x0C, 0x00, 0x00, 0x30, 0x00, 0x00, 0x00, 0x00, 0x02, 0xF0,
    0x00, 0x0B, 0xC0, 0x00, 0x1E, 0x00, 0x00, 0x30, 0x01, 0xF9, 0xDB, 0xD7, 0xFF, 0xFF, 0x44, 0x0C,
    0x04, 0x00, 0x74, 0x00, 0x02, 0xE0, 0x00, 0x0F, 0xC0, 0x00, 0x3F, 0x00, 0x00, 0xB8, 0x00, 0x01,
    0xD0, 0x02, 0x93, 0x1A, 0x1F, 0xFF, 0xFD, 0x39, 0x31, 0xB0, 0x01, 0xD0, 0x00, 0x0B, 0x80, 0x00,
    0x3F, 0x00, 0x00, 0xA4, 0x00, 0x01, 0x00, 0x7F, 0x43, 0xFF, 0x0F, 0xFC, 0x2F, 0xF0, 0x2F, 0x00,
    0x04, 0x00, 0x04, 0x00, 0x04, 0x1F, 0x80, 0x1F, 0x80, 0x1F, 0x8B, 0xF0, 0x0B, 0xF0, 0x0F, 0xF1,
    0xFC, 0x01, 0xF8, 0x02, 0xF8, 0x14, 0x00, 0x14, 0x00, 0x14, 0x00, 0x0B, 0xE0, 0x00, 0x38, 0x00,
    0x00, 0x00, 0x0F, 0xAF, 0x40, 0x2C, 0x00, 0x00, 0x00, 0x0B, 0x41, 0xF0, 0x1E, 0x00, 0x00, 0x00,
    0x03, 0xC0, 0x3C, 0x0F, 0x00, 0x00, 0x00, 0x00, 0xF0, 0x0F, 0x07, 0x40, 0x00, 0x00, 0x00, 0x2D,
    0x03, 0x83, 0xC0, 0x00, 0x00, 0x00, 0x03, 0xD7, 0xD2, 0xC0, 0x00, 0x00, 0x00, 0x00, 0x7F, 0xD0,
    0xE0, 0x6A, 0x00, 0x1A, 0x80, 0x00, 0x00, 0xF0, 0xBE, 0xF0, 0x2F, 0xBD, 0x00, 0x00, 0x74, 0x78,
    0x1F, 0x0F, 0x07, 0xC0, 0x00, 0x3C, 0x2D, 0x03, 0xC7, 0x40, 0xF0, 0x00, 0x2D, 0x0B, 0x40, 0xF2,
    0xD0, 0x3C, 0x00, 0x0E, 0x02, 0xD0, 0x3C, 0x78, 0x0F, 0x00, 0x0F, 0x00, 0x3D, 0x2D, 0x0F, 0x4B,
    0x80, 0x07, 0x40, 0x07, 0xFE, 0x01, 0xFF, 0x80, 0x01, 0x40, 0x00, 0x14, 0x00, 0x05, 0x00, 0x00,
    0x3C, 0x7C, 0x78, 0x70, 0xA0, 0x00, 0x00, 0x00, 0x3C, 0x3C, 0x7C, 0x7C, 0x78, 0x78, 0x70, 0x70,
    0xA0, 0x60, 0x00, 0x00, 0x00, 0x50, 0x1D, 0x07, 0x81, 0xF0, 0x7D, 0x0B, 0xC0, 0x3E, 0x00, 0xF4,
    0x03, 0xC0, 0x0E, 0x00, 0x00, 0x20, 0x00, 0xB0, 0x00, 0xF0, 0x01, 0xF0, 0x02, 0xF0, 0x03, 0xD0,
    0x3F, 0x01, 0xF0, 0x0F, 0x00, 0xF0, 0x01, 0x00, 0x00, 0x00, 0x00, 0x03, 0x80, 0x00, 0x02, 0xC0,
    0x00, 0x00, 0xE0, 0x00, 0x00, 0xB0, 0x00, 0x00, 0x34, 0x00, 0x00, 0x3C, 0x00, 0x00, 0x1D, 0x00,
    0x00, 0x0E, 0x00, 0x00, 0x0B, 0x00, 0x00, 0x03, 0x80, 0x00, 0x02, 0xC0, 0x00, 0x01, 0xD0, 0x00,
    0x00, 0xF0, 0x00, 0x00, 0x74, 0x00, 0x00, 0x38, 0x00, 0x00, 0x2C, 0x00, 0x00, 0x0E, 0x00, 0x00,
    0x0B, 0x00, 0x00, 0x01, 0x00, 0x00, 0x00, 0x01, 0xBE, 0x00, 0x2E, 0x5F, 0x01, 0xE0, 0x1F, 0x0F,
    0x40, 0x3D, 0x3C, 0x00, 0xB8, 0xF0, 0x02, 0xE3, 0xC0, 0x0B, 0x8F, 0x00, 0x2E, 0x3D, 0x00, 0xF4,
    0x7C, 0x03, 0xC0, 0xBD, 0x7C, 0x00, 0x7F, 0x80, 0x00, 0x0A, 0x00, 0x03, 0xF0, 0x00, 0xBF, 0x00,
    0x1C, 0xF0, 0x03, 0x4F, 0x00, 0xA0, 0xF0, 0x1C, 0x0F, 0x03, 0x40, 0xF0, 0xBA, 0xAF, 0xA6, 0xAA,
    0xFA, 0x00, 0x0F, 0x00, 0x00, 0xF0, 0x0A, 0xAA, 0x47, 0xFF, 0xD1, 0xC0, 0x00, 0x70, 0x00, 0x28,
    0x54, 0x0B, 0xFF, 0x80, 0x40, 0xF8, 0x00, 0x1F, 0x00, 0x07, 0xD8, 0x02, 0xE3, 0xEB, 0xF0, 0x2F,
    0xE0, 0x00, 0xBF, 0x40, 0x78, 0x2D, 0x0F, 0x02, 0xD2, 0xD0, 0x00, 0x3C, 0xA9, 0x03, 0xFA, 0xF8,
    0x3D, 0x03, 0xD3, 0xC0, 0x2E, 0x3C, 0x02, 0xD2, 0xD0, 0x2C, 0x0F, 0x5B, 0x80, 0x2F, 0xD0, 0x2A,
    0xAA, 0x87, 0xFF, 0xFC, 0xB0, 0x03, 0x45, 0x00, 0xE0, 0x00, 0x2C, 0x00, 0x07, 0x80, 0x00, 0xF0,
    0x00, 0x1F, 0x00, 0x02, 0xE0, 0x00, 0x3D, 0x00, 0x03, 0xD0, 0x00, 0x28, 0x00, 0x02, 0xFE, 0x01,
    0xF5, 0xBC, 0x2C, 0x03, 0xC2, 0xE0, 0x3C, 0x1F, 0xDB, 0x40, 0x7F, 0xE0, 0x0F, 0x6F, 0xC3, 0xC0,
    0x3E, 0x78, 0x01, 0xF3, 0xC0, 0x1E, 0x3F, 0x5B, 0xC0, 0x6F, 0xE0, 0x07, 0xF8, 0x02, 0xE0, 0xF4,
    0x3C, 0x03, 0xC7, 0x80, 0x3C, 0x78, 0x03, 0xC3, 0xC0, 0x7D, 0x2F, 0xAF, 0xC0, 0x6A, 0x3C, 0x00,
    0x03, 0xC1, 0x00, 0xB4, 0x3E, 0xBE, 0x00, 0xBF, 0x40, 0x01, 0xBE, 0x00, 0x2E, 0x5F, 0x01, 0xE0,
    0x1F, 0x0F, 0x40, 0x3D, 0x3C, 0x00, 0xB8, 0xF0, 0x02, 0xE3, 0xC0, 0x0B, 0x8F, 0x00, 0x2E, 0x3D,
    0x00, 0xF4, 0x7C, 0x03, 0xC0, 0xBD, 0x7C, 0x00, 0x7F, 0x80, 0x1A, 0xC0, 0x2F, 0xD0, 0x03, 0xD0,
    0x03, 0xD0, 0x03, 0xD0, 0x03, 0xD0, 0x03, 0xD0, 0x03, 0xD0, 0x03, 0xD0, 0x03, 0xD0, 0x1B, 0xF8,
    0x2A, 0xA9, 0x0B, 0xF8, 0x03, 0xD6, 0xF4, 0x7C, 0x0B, 0x82, 0x80, 0x78, 0x00, 0x0B, 0x40, 0x00,
    0xF0, 0x00, 0x3C, 0x00, 0x0F, 0x00, 0x03, 0xC0, 0xC0, 0xE0, 0x3C, 0x3F, 0xFF, 0xC2, 0xAA, 0xA4,
    0x07, 0xF8, 0x02, 0xE5, 0xF4, 0x3D, 0x07, 0x81, 0x80, 0x78, 0x00, 0x0F, 0x00, 0x0F, 0xC0, 0x00,
    0x6F, 0x40, 0x00, 0x7C, 0x00, 0x03, 0xC2, 0x00, 0x7C, 0x3E, 0xAF, 0x40, 0x7F, 0x90, 0x00, 0x0A,
    0x00, 0x03, 0xF0, 0x00, 0xBF, 0x00, 0x1C, 0xF0, 0x03, 0x4F, 0x00, 0xA0, 0xF0, 0x1C, 0x0F, 0x03,
    0x40, 0xF0, 0xBA, 0xAF, 0xA6, 0xAA, 0xFA, 0x00, 0x0F, 0x00, 0x00, 0xF0, 0x0A, 0xAA, 0x47, 0xFF,
    0xD1, 0xC0, 0x00, 0x70, 0x00, 0x28, 0x54, 0x0B, 0xFF, 0x80, 0x40, 0xF8, 0x00, 0x1F, 0x00, 0x07,
    0xD8, 0x02, 0xE3, 0xEB, 0xF0, 0x2F, 0xE0, 0x00, 0xBF, 0x40, 0x78, 0x2D, 0x0F, 0x02, 0xD2, 0xD0,
    0x00, 0x3C, 0xA9, 0x03, 0xFA, 0xF8, 0x3D, 0x03, 0xD3, 0xC0, 0x2E, 0x3C, 0x02, 0xD2, 0xD0, 0x2C,
    0x0F, 0x5B, 0x80, 0x2F, 0xD0, 0x2A, 0xAA, 0x87, 0xFF, 0xFC, 0xB0, 0x03, 0x45, 0x00, 0xE0, 0x00,
    0x2C, 0x00, 0x07, 0x80, 0x00, 0xF0, 0x00, 0x1F, 0x00, 0x02, 0xE0, 0x00, 0x3D, 0x00, 0x03, 0xD0,
    0x00, 0x28, 0x00, 0x02, 0xFE, 0x01, 0xF5, 0xBC, 0x2C, 0x03, 0xC2, 0xE0, 0x3C, 0x1F, 0xDB, 0x40,
    0x7F, 0xE0, 0x0F, 0x6F, 0xC3, 0xC0, 0x3E, 0x78, 0x01, 0xF3, 0xC0, 0x1E, 0x3F, 0x5B, 0xC0, 0x6F,
    0xE0, 0x07, 0xF8, 0x02, 0xE0, 0xF4, 0x3C, 0x03, 0xC7, 0x80, 0x3C, 0x78, 0x03, 0xC3, 0xC0, 0x7D,
    0x2F, 0xAF, 0xC0, 0x6A, 0x3C, 0x00, 0x03, 0xC1, 0x00, 0xB4, 0x3E, 0xBE, 0x00, 0xBF, 0x40, 0x00,
    0x03, 0x24, 0x00, 0x01, 0xCD, 0x00, 0x0B, 0xFF, 0x74, 0x1F, 0xBA, 0xFE, 0x1F, 0x0D, 0x7B, 0x8F,
    0x43, 0x28, 0xE7, 0xC1, 0xCD, 0x12, 0xF0, 0xA3, 0x00, 0xBC, 0x29, 0xC0, 0x2F, 0x0D, 0x70, 0x0B,
    0xC3, 0x28, 0x01, 0xF1, 0xCD, 0x00, 0x3E, 0x73, 0x02, 0xC7, 0xF8, 0xC0, 0xF0, 0xBF, 0xB5, 0xFC,
    0x07, 0xFF, 0xEE, 0x00, 0xCE, 0x40, 0x00, 0x63, 0x40, 0x00, 0x7F, 0xFF, 0xF8, 0x1F, 0xD5, 0xBC,
    0x0B, 0xC0, 0x2C, 0x0B, 0xC0, 0x0C, 0x0B, 0xC0, 0x40, 0x0B, 0xC0, 0xC0, 0x0B, 0xEB, 0xC0, 0x0B,
    0xEA, 0x80, 0x0B, 0xC0, 0x00, 0x7F, 0xFF, 0xC0, 0x1B, 0xD5, 0x40, 0x0B, 0xC0, 0x00, 0x0F, 0xD0,
    0x00, 0x7F, 0xFC, 0x00, 0x00, 0x2F, 0xA0, 0x00, 0xBE, 0xAF, 0x00, 0x7C, 0x02, 0xF0, 0x3E, 0x00,
    0xFC, 0x0F, 0x40, 0x3E, 0x03, 0xD0, 0x00, 0x00, 0xF8, 0x00, 0x01, 0xFF, 0xFF, 0xD0, 0x1B, 0xE5,
    0x50, 0x00, 0xFC, 0x00, 0x02, 0xBF, 0xAA, 0x01, 0xFF, 0xFF, 0xD0, 0x00, 0xF4, 0x00, 0x00, 0x3C,
    0x00, 0x50, 0x0E, 0x00, 0x38, 0x0F, 0x00, 0x2D, 0x1F, 0xFF, 0xFF, 0x4F, 0xFF, 0xFF, 0xC0, 0x7F,
    0xF8, 0x0B, 0xFF, 0x47, 0xFF, 0x01, 0xBF, 0x40, 0x3B, 0xE0, 0x0B, 0x00, 0x0E, 0xBC, 0x02, 0xC0,
    0x2F, 0xFF, 0xEA, 0xFA, 0x0A, 0xFA, 0xFA, 0xBE, 0x80, 0x38, 0x3F, 0x0B, 0x00, 0xAF, 0xAF, 0xEB,
    0xE8, 0x2B, 0xEA, 0xFE, 0xFA, 0x00, 0xE0, 0x0F, 0x6C, 0x00, 0x38, 0x02, 0xFB, 0x00, 0x0E, 0x00,
    0x3F, 0xC0, 0x1B, 0xD0, 0x0B, 0xF0, 0x1F, 0xFE, 0x00, 0xFC, 0x00, 0x2A, 0xA5, 0x40, 0x00, 0x00,
    0x00, 0x00, 0x00, 0x01, 0xFF, 0xFF, 0xF4, 0x00, 0x70, 0x00, 0x00, 0x00, 0x00, 0x7D, 0x02, 0xF4,
    0x01, 0xD0, 0x00, 0x00, 0x00, 0x00, 0xF4, 0x02, 0xF0, 0x0B, 0x40, 0x00, 0x00, 0x00, 0x03, 0xD0,
    0x07, 0xD0, 0x3D, 0x00, 0x00, 0x00, 0x00, 0x0F, 0x40, 0x1F, 0x4B, 0xFE, 0xA0, 0x07, 0xFD, 0xC0,
    0x3D, 0x00, 0x7D, 0x3F, 0xFF, 0xC0, 0xBD, 0x7F, 0x00, 0xF4, 0x02, 0xF0, 0x0F, 0x40, 0x03, 0xC0,
    0x2C, 0x03, 0xD0, 0x0F, 0x80, 0x3D, 0x00, 0x1F, 0x00, 0x34, 0x0F, 0x96, 0xF8, 0x00, 0xF4, 0x00,
    0x3E, 0x00, 0x00, 0x3F, 0xFE, 0x40, 0x03, 0xD0, 0x00, 0xFF, 0x90, 0x00, 0xF4, 0x00, 0x00, 0x0F,
    0x40, 0x00, 0xBF, 0xF4, 0x03, 0xD0, 0x00, 0x00, 0x3D, 0x00, 0x00, 0x1B, 0xF4, 0x0F, 0x40, 0x00,
    0x00, 0xF4, 0x00, 0x00, 0x03, 0xE0, 0x3D, 0x00, 0x00, 0x03, 0xD0, 0x02, 0xC0, 0x07, 0x81, 0xF4,
    0x00, 0x00, 0x0F, 0x40, 0x07, 0x80, 0x2D, 0x1B, 0xE4, 0x00, 0x00, 0x2F, 0xAF, 0x1F, 0x91, 0xF1,
    0xFF, 0xFC, 0x00, 0x00, 0x3F, 0xE0, 0x7B, 0xFF, 0x00, 0x00, 0x00, 0x00, 0x00, 0x14, 0x00, 0x41,
    0x40, 0x00, 0x3F, 0xF8, 0x03, 0xE0, 0x0B, 0xFD, 0x1F, 0xD0, 0x07, 0xF0, 0x01, 0xF4, 0x07, 0xC0,
    0x0B, 0xF4, 0x00, 0xD0, 0x03, 0xD0, 0x0E, 0xF8, 0x01, 0xC0, 0x2B, 0xFA, 0xBD, 0x7E, 0xAB, 0xE9,
    0x2B, 0xFA, 0xBC, 0x3F, 0xAB, 0xE9, 0x01, 0xF0, 0x3C, 0x3E, 0x03, 0x40, 0x3F, 0xFF, 0xFF, 0xFF,
    0xFF, 0xFE, 0x2A, 0xFE, 0xFA, 0xAF, 0xAF, 0xA9, 0x00, 0x7C, 0xB0, 0x0F, 0x8D, 0x00, 0x00, 0x3C,
    0xE0, 0x0B, 0xDC, 0x00, 0x00, 0x3E, 0xD0, 0x07, 0xEC, 0x00, 0x00, 0x2F, 0xC0, 0x03, 0xF8, 0x00,
    0x00, 0x1F, 0xC0, 0x02, 0xF4, 0x00, 0x00, 0x00, 0x00, 0x00, 0x00, 0x0B, 0xF8, 0x00, 0x00, 0x07,
    0xE0, 0x00, 0x00, 0x0B, 0x80, 0x00, 0x0F, 0xFF, 0xF0, 0x00, 0x2A, 0xFE, 0x80, 0x00, 0x02, 0xE0,
    0x00, 0x7F, 0xEF, 0x80, 0x0B, 0xEB, 0xFE, 0x00, 0xBC, 0x00, 0xF8, 0x03, 0xD0, 0x02, 0xE0, 0x1F,
    0x00, 0x0B, 0x80, 0xBC, 0x00, 0x2E, 0x03, 0xE0, 0x00, 0xB8, 0x0F, 0x80, 0x02, 0xE0, 0x2F, 0x00,
    0x0B, 0x80, 0xBC, 0x00, 0x3E, 0x00, 0xF8, 0x02, 0xF8, 0x02, 0xFE, 0xBE, 0xF4, 0x02, 0xFF, 0xC7,
    0xF8, 0x00, 0x50, 0x00, 0x00, 0x00, 0x00, 0x00, 0x00, 0x1A, 0xAA, 0x00, 0x00, 0xFF, 0xFC, 0x00,
    0x01, 0x55, 0x50, 0x00, 0x00, 0x00, 0x00, 0x00, 0x01, 0xFF, 0xEE, 0x00, 0xBD, 0x5B, 0xE0, 0x1F,
    0x00, 0x1E, 0x03, 0xE0, 0x00, 0xF0, 0x7D, 0x00, 0x00, 0x7F, 0xFF, 0xF8, 0x00, 0xBC, 0x00, 0x00,
    0x0B, 0xC0, 0x00, 0x0B, 0xFF, 0xFF, 0x40, 0x5B, 0xE5, 0x50, 0x00, 0x3E, 0x00, 0x07, 0x01, 0xF4,
    0x00, 0xF0, 0x0B, 0xE4, 0x7F, 0x00, 0x1F, 0xFF, 0xF0, 0x00, 0x05, 0x01, 0xBF, 0xF8, 0x3F, 0xF0,
    0x1F, 0xD0, 0x1F, 0xD0, 0x0B, 0xC0, 0x0E, 0x00, 0x0B, 0xC0, 0x38, 0x00, 0x0B, 0xC1, 0xE0, 0x00,
    0x0B, 0xC7, 0x80, 0x00, 0x7F, 0xFF, 0xFF, 0xF0, 0x0B, 0xCF, 0xC0, 0x00, 0x0B, 0xC3, 0xE0, 0x00,
    0x0B, 0xC1, 0xF4, 0x00, 0x0B, 0xC0, 0xBC, 0x00, 0x0B, 0xC0, 0x3F, 0x00, 0x0F, 0xD0, 0x1F, 0xD0,
    0xBF, 0xFC, 0x07, 0xFC, 0x00, 0x00, 0x00, 0x00, 0x3F, 0xFF, 0xFF, 0xD1, 0xF5, 0x7E, 0x5F, 0x8B,
    0x00, 0xF4, 0x0F, 0x38, 0x03, 0xD0, 0x1C, 0x00, 0x0F, 0x40, 0x00, 0x01, 0xBF, 0xFD, 0x00, 0xFF,
    0xF9, 0x00, 0x00, 0x03, 0xD1, 0x40, 0x05, 0xAF, 0xFF, 0x00, 0x3E, 0xBD, 0x00, 0x00, 0x00, 0xF4,
    0x00, 0x00, 0x03, 0xD0, 0x00, 0x00, 0x1F, 0x80, 0x00, 0x07, 0xFF, 0xE0, 0x00, 0x3F, 0xFF, 0xA4,
    0x00, 0x6F, 0xEA, 0xFC, 0x00, 0x3E, 0x01, 0xF8, 0x1F, 0xFF, 0xFF, 0xFE, 0x03, 0xE0, 0x07, 0xD0,
    0x5F, 0x95, 0x6F, 0x47, 0xFF, 0xFF, 0xFF, 0x80, 0xF8, 0x07, 0xD0, 0x03, 0xFA, 0xFD, 0x00, 0x0F,
    0xEA, 0x40, 0x00, 0x3E, 0x00, 0x00, 0x00, 0xF8, 0x00, 0x00, 0x1B, 0xF5, 0x00, 0x00, 0xFF, 0xFD,
    0x00, 0x00, 0x00, 0x0C, 0x00, 0x00, 0x00, 0xD0, 0x00, 0x01, 0xFF, 0xED, 0x00, 0xBD, 0xDB, 0xE0,
    0x1F, 0x0C, 0x1E, 0x03, 0xD0, 0xC0, 0xE0, 0x7C, 0x0C, 0x00, 0x0B, 0xC0, 0xC0, 0x00, 0xBC, 0x0C,
    0x00, 0x0B, 0xC0, 0xC5, 0x54, 0xBC, 0x0C, 0xFF, 0xD7, 0xC0, 0xC1, 0xF0, 0x3E, 0x0C, 0x1F, 0x02,
    0xF4, 0xC1, 0xF0, 0x0B, 0xED, 0x7F, 0x00, 0x1F, 0xFF, 0xF0, 0x00, 0x0D, 0x01, 0x00, 0x00, 0xC0,
    0x00, 0x00, 0x00, 0x00, 0x00, 0x3A, 0xFF, 0x80, 0x03, 0xE4, 0x2E, 0x00, 0x3C, 0x00, 0xF0, 0x03,
    0x00, 0x0F, 0x40, 0x00, 0x01, 0xF4, 0x3F, 0xFF, 0xFF, 0xF0, 0x06, 0xFF, 0xD0, 0x02, 0xFF, 0xE0,
    0x07, 0xFF, 0xFF, 0xFF, 0x0B, 0xC0, 0x00, 0x00, 0xBC, 0x00, 0x2C, 0x07, 0xC0, 0x07, 0xC0, 0x2F,
    0x46, 0xF8, 0x00, 0xBF, 0xF6, 0x80, 0x00, 0x10, 0x00, 0x00, 0x0D, 0x00, 0x00, 0x0D, 0x00, 0x01,
    0xFF, 0xED, 0x0B, 0xDE, 0xBE, 0x1F, 0x0D, 0x1E, 0x3D, 0x0D, 0x0E, 0x7C, 0x0D, 0x00, 0xBC, 0x0D,
    0x00, 0xBC, 0x0D, 0x00, 0xBC, 0x0D, 0x00, 0xBC, 0x0D, 0x00, 0x7C, 0x0D, 0x00, 0x3E, 0x0D, 0x06,
    0x2F, 0x4D, 0x0F, 0x0B, 0xED, 0x7F, 0x01, 0xFF, 0xFE, 0x00, 0x0E, 0x40, 0x00, 0x0C, 0x00, 0x05,
    0x55, 0x55, 0x50, 0x0F, 0xFF, 0xFF, 0xF4, 0x00, 0x00, 0x00, 0x00, 0x05, 0x55, 0x55, 0x50, 0x1F,
    0xFF, 0xFF, 0xF4, 0x2D, 0x03, 0xC0, 0x78, 0x38, 0x03, 0xC0, 0x3C, 0x24, 0x03, 0xC0, 0x18, 0x00,
    0x03, 0xC0, 0x00, 0x00, 0x03, 0xC0, 0x00, 0x00, 0x03, 0xC0, 0x00, 0x00, 0x03, 0xC0, 0x00, 0x00,
    0x03, 0xC0, 0x00, 0x00, 0x0B, 0xE0, 0x00, 0x00, 0xBF, 0xFD, 0x00, 0x3F, 0xFF, 0xFF, 0x0A, 0xAF,
    0xEA, 0x40, 0x00, 0xBC, 0x00, 0x55, 0x6F, 0x94, 0x3F, 0xFF, 0xFF, 0x00, 0x02, 0xF0, 0x00, 0x01,
    0xF4, 0x00, 0xFF, 0xE4, 0x00, 0x2A, 0xFD, 0x00, 0x00, 0x0B, 0xC0, 0x00, 0x01, 0xF4, 0x00, 0x00,
    0x3F, 0x00, 0x00, 0x0B, 0xD0, 0x00, 0x00, 0xFF, 0x80, 0x00, 0x01, 0x00, 0x03, 0xC0, 0x00, 0x00,
    0xF4, 0x00, 0x00, 0x3D, 0x58, 0x01, 0xBF, 0xFE, 0x00, 0xBB, 0xD0, 0x00, 0x00, 0xF5, 0x60, 0x06,
    0xFF, 0xF8, 0x02, 0xEF, 0x40, 0x3D, 0x03, 0xD0, 0x0F, 0x80, 0xF4, 0x00, 0xE0, 0x3D, 0x00, 0x74,
    0x1F, 0x40, 0x7C, 0x1F, 0xEA, 0xFC, 0x1F, 0xFF, 0xE4, 0x00, 0x00, 0x02, 0xC0, 0x00, 0x00, 0x03,
    0xC0, 0x00, 0x00, 0xBF, 0xFE, 0x00, 0x03, 0xFB, 0xEF, 0xD0, 0x0F, 0xC3, 0xC2, 0xF4, 0x2F, 0x03,
    0xC0, 0xFC, 0x3E, 0x03, 0xC0, 0x7D, 0x7C, 0x03, 0xC0, 0x3E, 0x7C, 0x03, 0xC0, 0x3E, 0xBC, 0x03,
    0xC0, 0x2F, 0xBC, 0x03, 0xC0, 0x2F, 0xBC, 0x03, 0xD0, 0x3F, 0x7C, 0x03, 0xD0, 0x3E, 0x3D, 0x03,
    0xD0, 0x3E, 0x3D, 0x00, 0x00, 0x3D, 0x19, 0x00, 0x00, 0x28, 0x3F, 0xFF, 0xA4, 0x06, 0xFE, 0xAF,
    0xC0, 0x3E, 0x00, 0xF8, 0x0F, 0x80, 0x2F, 0x03, 0xE0, 0x0B, 0xC0, 0xF8, 0x03, 0xE0, 0x3E, 0x02,
    0xF0, 0xFF, 0xFF, 0xF0, 0x17, 0xF5, 0x40, 0x00, 0xF8, 0x00, 0x07, 0xFF, 0xFE, 0x00, 0x0F, 0x80,
    0x00, 0x1B, 0xF5, 0x00, 0x0F, 0xFF, 0xD0, 0x00, 0x0B, 0x40, 0x00, 0x07, 0xC0, 0x00, 0x03, 0xD0,
    0x00, 0x02, 0xFF, 0xFF, 0xFD, 0xBF, 0xFF, 0xFF, 0x4F, 0x00, 0x00, 0x02, 0xE0, 0x00, 0x00, 0x3D,
    0x00, 0x00, 0x00, 0x00, 0x00, 0x00, 0x01, 0x80, 0x07, 0xFD, 0x0B, 0xFF, 0xF3, 0xCF, 0x2C, 0x43,
    0xC1, 0x00, 0xF0, 0x00, 0x3C, 0x00, 0x0F, 0x00, 0x03, 0xC0, 0x00, 0xF0, 0x00, 0x3C, 0x00, 0x0F,
    0x00, 0x01, 0x40, 0x00, 0x00, 0x00, 0x3C, 0x00, 0x00, 0x02, 0xE0, 0x00, 0x00, 0x0F, 0x03, 0xFF,
    0xFF, 0xFC, 0x3F, 0xFF, 0xFF, 0xC0, 0x00, 0x00, 0xF4, 0x00, 0x00, 0x1F, 0x00, 0x00, 0x03, 0xC0,
    0x00, 0x00, 0x00, 0x00, 0x03, 0xC0, 0x00, 0xF0, 0x00, 0x3C, 0x00, 0x0F, 0x00, 0x03, 0xC0, 0x00,
    0xF0, 0x00, 0x3C, 0x00, 0x0F, 0x00, 0x93, 0xC3, 0x3E, 0xFB, 0xC3, 0xFF, 0xD0, 0x1F, 0x80, 0x00,
    0x00, 0x00, 0x01, 0xBE, 0x40, 0x0B, 0x9B, 0xD0, 0x2E, 0x00, 0xF0, 0x3F, 0x00, 0x78, 0x1A, 0x00,
    0x3C, 0x00, 0x00, 0x3C, 0x00, 0x00, 0x3D, 0x00, 0x64, 0x3D, 0x0B, 0xFF, 0x3D, 0x2F, 0x02, 0xFD,
    0x3D, 0x00, 0xFC, 0xBC, 0x00, 0xBC, 0xF8, 0x00, 0xBC, 0xF8, 0x00, 0xF8, 0xF8, 0x00, 0xF0, 0xB8,
    0x02, 0xE0, 0x7C, 0x07, 0xC0, 0x1F, 0xFE, 0x00, 0x01, 0x40, 0x00, 0x00, 0x00, 0x00, 0x80, 0x01,
    0xB9, 0x2C, 0x01, 0xFE, 0xFF, 0x40, 0x3D, 0x02, 0xF0, 0x0F, 0x40, 0x1F, 0x81, 0xF0, 0x03, 0xFC,
    0x2E, 0x00, 0x77, 0xD3, 0xE0, 0x0E, 0x3D, 0x3E, 0x01, 0xC3, 0xE3, 0xD0, 0x34, 0x3E, 0x3D, 0x0B,
    0x03, 0xE3, 0xE0, 0xD0, 0x3E, 0x3E, 0x2C, 0x03, 0xD3, 0xF7, 0x00, 0x3D, 0x2F, 0xE0, 0x07, 0xC0,
    0xFC, 0x00, 0xB8, 0x0B, 0xC0, 0x0F, 0x00, 0xBF, 0x57, 0xD0, 0x0E, 0xBF, 0xF0, 0x02, 0xC0, 0x50,
    0x00, 0x00, 0x00, 0x00, 0x00, 0x00, 0x06, 0x80, 0x00, 0x00, 0x0F, 0xD0, 0x00, 0x00, 0x1F, 0xF0,
    0x00, 0x00, 0x2D, 0xF0, 0x00, 0x00, 0x38, 0xF8, 0x00, 0x00, 0x70, 0xBC, 0x00, 0x00, 0xF0, 0x3D,
    0x00, 0x00, 0xD0, 0x3E, 0x00, 0x02, 0xC0, 0x2F, 0x00, 0x03, 0x80, 0x0F, 0x40, 0x07, 0x40, 0x0F,
    0xC0, 0x0B, 0x00, 0x07, 0xC0, 0x0E, 0x00, 0x03, 0xE0, 0x1D, 0x00, 0x03, 0xF0, 0x3C, 0x00, 0x01,
    0xF4, 0x38, 0x00, 0x00, 0xF8, 0xBF, 0xFF, 0xFF, 0xFC, 0x7F, 0xFF, 0xFF, 0xFC, 0x6A, 0xAA, 0xAA,
    0xAA, 0xA6, 0xFF, 0xFF, 0xFF, 0xFF, 0xD0, 0x7C, 0x00, 0x01, 0xF4, 0x01, 0xF0, 0x00, 0x07, 0xC0,
    0x07, 0xC0, 0x00, 0x1F, 0x00, 0x1F, 0x00, 0x00, 0x7C, 0x00, 0x7C, 0x00, 0x01, 0xF0, 0x01, 0xF0,
    0x00, 0x07, 0xC0, 0x07, 0xC0, 0x00, 0x1F, 0x00, 0x1F, 0x00, 0x00, 0x7C, 0x00, 0x7C, 0x00, 0x01,
    0xF0, 0x01, 0xF0, 0x00, 0x07, 0xC0, 0x07, 0xC0, 0x00, 0x1F, 0x00, 0x1F, 0x00, 0x00, 0x7C, 0x00,
    0x7C, 0x00, 0x01, 0xF0, 0x01, 0xF0, 0x00, 0x07, 0xC0, 0x07, 0xC0, 0x00, 0x1F, 0x00, 0x1F, 0x00,
    0x00, 0x7C, 0x00, 0x7C, 0x00, 0x01, 0xF0, 0x01, 0xF0, 0x00, 0x07, 0xC0, 0x7F, 0xF9, 0x01, 0xFF,
    0xE5, 0xAA, 0xA4, 0x06, 0xAA, 0x90, 0x6A, 0xAA, 0xAA, 0x4F, 0xFF, 0xFF, 0xF8, 0xBE, 0x00, 0x0F,
    0x83, 0xF4, 0x00, 0x3C, 0x1F, 0xC0, 0x03, 0xC0, 0xBE, 0x00, 0x00, 0x03, 0xF0, 0x00, 0x00, 0x2F,
    0xC0, 0x00, 0x00, 0xFD, 0x00, 0x00, 0x07, 0xF0, 0x00, 0x00, 0x3F, 0x40, 0x00, 0x01, 0xF0, 0x00,
    0x00, 0x3D, 0x00, 0x00, 0x0B, 0x80, 0x00, 0x01, 0xF0, 0x00, 0x00, 0x3D, 0x00, 0x00, 0x07, 0x80,
    0x00, 0x40, 0xF0, 0x00, 0x1D, 0x2D, 0x00, 0x03, 0xC7, 0xC0, 0x00, 0xBC, 0xFF, 0xFF, 0xFF, 0xCA,
    0xAA, 0xAA, 0xA8, 0x15, 0x55, 0x54, 0x3F, 0xFF, 0xFE, 0x00, 0x00, 0x00, 0x00, 0x00, 0x0A, 0x00,
    0x00, 0x1C, 0x00, 0x00, 0x38, 0x00, 0x00, 0x70, 0x00, 0x00, 0xE0, 0x00, 0x02, 0xC0, 0x00, 0x03,
    0x80, 0x00, 0x0B, 0x00, 0x00, 0x0D, 0x00, 0x00, 0x2C, 0x00, 0x00, 0x34, 0x00, 0x00, 0xF0, 0x00,
    0x01, 0xD0, 0x00, 0x03, 0xC0, 0x00, 0x07, 0x40, 0x00, 0x0E, 0x00, 0x00, 0x1C, 0x00, 0x00, 0x38,
    0x00, 0x00, 0x10, 0x00, 0x00, 0x14, 0xBE, 0xFF, 0xBD, 0x10, 0x00, 0x00, 0x00, 0xA0, 0x00, 0x00,
    0x03, 0x80, 0x00, 0x00, 0x0D, 0x00, 0x00, 0x00, 0x74, 0x00, 0x00, 0x02, 0xC0, 0x00, 0x00, 0x0F,
    0x00, 0x00, 0x00, 0x38, 0x05, 0x50, 0x01, 0xD0, 0x3F, 0xD0, 0x0B, 0x00, 0x0F, 0xC0, 0x3C, 0x00,
    0x2F, 0x00, 0xE0, 0x00, 0x3E, 0x07, 0x40, 0x00, 0xBC, 0x2C, 0x00, 0x00, 0xF4, 0xF0, 0x00, 0x03,
    0xF3, 0x80, 0x00, 0x07, 0xED, 0x00, 0x00, 0x0F, 0xF0, 0x00, 0x00, 0x1F, 0xC0, 0x00, 0x00, 0x3E,
    0x00, 0x00, 0x00, 0x00, 0x00, 0x01, 0xFE, 0x02, 0xF8, 0x79, 0xFD, 0xE5, 0xEB, 0x02, 0xF4, 0x0B,
    0xB0, 0x1F, 0xC0, 0xF7, 0x9B, 0x6F, 0xBD, 0x2F, 0x80, 0x7F, 0x40, 0x00, 0x00, 0x00, 0x00, 0x06,
    0xE0, 0x00, 0x2E, 0xBC, 0x00, 0x74, 0x3D, 0x00, 0xB0, 0x7C, 0x00, 0xF0, 0x00, 0x00, 0xF4, 0x00,
    0x00, 0xF4, 0x00, 0x00, 0xF8, 0x00, 0x00, 0xF8, 0x00, 0x00, 0xFC, 0x00, 0x00, 0xBC, 0x00, 0x00,
    0x7C, 0x00, 0x00, 0x7D, 0x00, 0x00, 0x3E, 0x00, 0x00, 0x3E, 0x00, 0x00, 0x3F, 0x00, 0x00, 0x2F,
    0x00, 0x00, 0x2F, 0x00, 0x00, 0x1F, 0x00, 0x3D, 0x1E, 0x00, 0x7C, 0x2C, 0x00, 0x3D, 0xB8, 0x00,
    0x1B, 0x90, 0x00, 0x00, 0x00, 0x00, 0x0F, 0xE4, 0x0D, 0x2F, 0xFF, 0xFC, 0x24, 0x06, 0xB4, 0x00,
    0x00, 0x00, 0x01, 0x00, 0x00, 0x1F, 0xFE, 0x5D, 0x3D, 0xBF, 0xFC, 0x10, 0x00, 0x50, 0x00, 0x00,
    0x80, 0x00, 0x02, 0xC0, 0x00, 0x03, 0xC0, 0x2A, 0xAB, 0xE9, 0x3F, 0xFF, 0xFE, 0x00, 0x0E, 0x00,
    0x00, 0x2D, 0x00, 0x00, 0x3C, 0x00, 0x3F, 0xFF, 0xFE, 0x15, 0xF5, 0x55, 0x00, 0xE0, 0x00, 0x01,
    0xD0, 0x00, 0x00, 0x80, 0x00, 0x00, 0x00, 0x00, 0x00, 0x00, 0x2C, 0x00, 0x02, 0xF8, 0x00, 0x2F,
    0x80, 0x02, 0xF4, 0x00, 0x2F, 0x40, 0x00, 0x3E, 0x00, 0x00, 0x07, 0xE0, 0x00, 0x00, 0x7E, 0x00,
    0x00, 0x07, 0xE0, 0x00, 0x00, 0x7C, 0x00, 0x00, 0x04, 0x2A, 0xAA, 0xA8, 0x3F, 0xFF, 0xFC, 0x00,
    0x00, 0x02, 0xD0, 0x00, 0x07, 0xF4, 0x00, 0x01, 0xBD, 0x00, 0x00, 0x2F, 0x40, 0x00, 0x0B, 0xC0,
    0x00, 0x1F, 0x40, 0x07, 0xE0, 0x01, 0xF8, 0x00, 0x7E, 0x00, 0x0B, 0xD0, 0x00, 0x04, 0x00, 0x00,
    0x6A, 0xAA, 0xA6, 0xFF, 0xFF, 0xE0,
};

static const EpdGlyph literata_12_regularGlyphs[] = {
    { 0, 0, 0, 0, 0, 0, 0 }, //  
    { 0, 0, 0, 0, 0, 0, 0 }, // 
    { 0, 0, 5, 0, 0, 0, 0 }, //  
    { 4, 19, 8, 2, 18, 19, 0 }, // !
    { 7, 7, 10, 2, 20, 13, 19 }, // "
    { 15, 14, 17, 1, 14, 53, 32 }, // #
    { 11, 20, 13, 1, 17, 55, 85 }, // $
    { 20, 16, 21, 1, 15, 80, 140 }, // %
    { 19, 19, 20, 1, 18, 91, 220 }, // &
    { 3, 7, 6, 2, 20, 6, 311 }, // '
    { 7, 27, 8, 1, 21, 48, 317 }, // (
    { 7, 27, 8, 0, 21, 48, 365 }, // )
    { 9, 10, 11, 1, 20, 23, 413 }, // *
    { 12, 12, 15, 1, 14, 36, 436 }, // +
    { 5, 9, 8, 2, 4, 12, 472 }, // ,
    { 7, 3, 9, 1, 9, 6, 484 }, // -
    { 5, 5, 8, 2, 4, 7, 490 }, // .
    { 11, 24, 11, 0, 21, 66, 497 }, // /
    { 14, 19, 15, 0, 18, 67, 563 }, // 0
    { 9, 18, 15, 3, 18, 41, 630 }, // 1
    { 13, 18, 15, 1, 18, 59, 671 }, // 2
    { 13, 19, 15, 1, 18, 62, 730 }, // 3
    { 14, 18, 15, 0, 18, 63, 792 }, // 4
    { 13, 19, 15, 0, 18, 62, 855 }, // 5
    { 13, 19, 15, 1, 18, 62, 917 }, // 6
    { 13, 19, 15, 1, 18, 62, 979 }, // 7
    { 13, 19, 15, 1, 18, 62, 1041 }, // 8
    { 13, 19, 15, 1, 18, 62, 1103 }, // 9
    { 5, 15, 8, 2, 14, 19, 1165 }, // :
    { 5, 19, 8, 2, 14, 24, 1184 }, // ;
    { 11, 14, 15, 1, 14, 39, 1208 }, // <
    { 12, 7, 15, 1, 11, 21, 1247 }, // =
    { 11, 14, 15, 2, 14, 39, 1268 }, // >
    { 11, 19, 13, 1, 18, 53, 1307 }, // ?
    { 19, 20, 21, 1, 15, 95, 1360 }, // @
    { 18, 18, 18, 0, 18, 81, 1455 }, // A
    { 15, 18, 17, 1, 18, 68, 1536 }, // B
    { 16, 19, 18, 1, 18, 76, 1604 }, // C
    { 17, 18, 19, 1, 18, 77, 1680 }, // D
    { 14, 18, 16, 1, 18, 63, 1757 }, // E
    { 14, 18, 15, 1, 18, 63, 1820 }, // F
    { 18, 19, 19, 1, 18, 86, 1883 }, // G
    { 19, 18, 21, 1, 18, 86, 1969 }, // H
    { 8, 18, 10, 1, 18, 36, 2055 }, // I
    { 13, 19, 14, 1, 18, 62, 2091 }, // J
    { 18, 19, 19, 1, 18, 86, 2153 }, // K
    { 14, 18, 16, 1, 18, 63, 2239 }, // L
    { 23, 18, 25, 1, 18, 104, 2302 }, // M
    { 19, 18, 21, 1, 18, 86, 2406 }, // N
    { 17, 19, 19, 1, 18, 81, 2492 }, // O
    { 14, 18, 15, 1, 18, 63, 2573 }, // P
    { 22, 23, 19, 1, 18, 127, 2636 }, // Q
    { 17, 19, 18, 1, 18, 81, 2763 }, // R
    { 13, 19, 15, 1, 18, 62, 2844 }, // S
    { 17, 18, 18, 1, 18, 77, 2906 }, // T
    { 19, 19, 20, 1, 18, 91, 2983 }, // U
    { 18, 18, 18, 0, 18, 81, 3074 }, // V
    { 27, 18, 27, 0, 18, 122, 3155 }, // W
    { 18, 18, 18, 0, 18, 81, 3277 }, // X
    { 18, 18, 18, 0, 18, 81, 3358 }, // Y
    { 14, 18, 16, 1, 18, 63, 3439 }, // Z
    { 6, 27, 8, 2, 21, 41, 3502 }, // [
    { 11, 24, 11, 0, 21, 66, 3543 }, // <backslash>
    { 5, 27, 8, 1, 21, 34, 3609 }, // ]
    { 13, 10, 15, 1, 18, 33, 3643 }, // ^
    { 13, 2, 13, 0, -1, 7, 3676 }, // _
    { 6, 6, 13, 3, 20, 9, 3683 }, // `
    { 13, 15, 13, 1, 14, 49, 3692 }, // a
    { 15, 21, 15, 0, 20, 79, 3741 }, // b
    { 11, 15, 13, 1, 14, 42, 3820 }, // c
    { 14, 21, 15, 1, 20, 74, 3862 }, // d
    { 12, 15, 13, 1, 14, 45, 3936 }, // e
    { 11, 20, 10, 1, 20, 55, 3981 }, // f
    { 14, 21, 14, 0, 15, 74, 4036 }, // g
    { 15, 20, 17, 1, 20, 75, 4110 }, // h
    { 7, 19, 8, 1, 19, 34, 4185 }, // i
    { 6, 25, 8, 0, 19, 38, 4219 }, // j
    { 15, 21, 15, 1, 20, 79, 4257 }, // k
    { 7, 20, 8, 1, 20, 35, 4336 }, // l
    { 23, 14, 24, 1, 14, 81, 4371 }, // m
    { 15, 14, 17, 1, 14, 53, 4452 }, // n
    { 13, 15, 15, 1, 14, 49, 4505 }, // o
    { 15, 20, 15, 0, 14, 75, 4554 }, // p
    { 14, 20, 15, 1, 14, 70, 4629 }, // q
    { 11, 14, 12, 1, 14, 39, 4699 }, // r
    { 10, 15, 11, 1, 14, 38, 4738 }, // s
    { 10, 18, 10, 0, 17, 45, 4776 }, // t
    { 16, 14, 16, 0, 13, 56, 4821 }, // u
    { 15, 13, 15, 0, 13, 49, 4877 }, // v
    { 22, 13, 22, 0, 13, 72, 4926 }, // w
    { 15, 13, 14, 0, 13, 49, 4998 }, // x
    { 15, 19, 14, 0, 13, 72, 5047 }, // y
    { 12, 13, 12, 0, 13, 39, 5119 }, // z
    { 8, 27, 9, 1, 21, 54, 5158 }, // {
    { 3, 24, 11, 4, 21, 18, 5212 }, // |
    { 8, 27, 9, 0, 21, 54, 5230 }, // }
    { 12, 4, 15, 1, 9, 12, 5284 }, // ~
    { 0, 0, 5, 0, 0, 0, 5296 }, //  
    { 4, 19, 8, 2, 14, 19, 5296 }, // ¡
    { 11, 16, 13, 1, 15, 44, 5315 }, // ¢
    { 13, 18, 14, 0, 18, 59, 5359 }, // £
    { 12, 12, 13, 1, 14, 36, 5418 }, // ¤
    { 15, 14, 15, 0, 14, 53, 5454 }, // ¥
    { 3, 24, 11, 4, 21, 18, 5507 }, // ¦
    { 13, 22, 15, 1, 18, 72, 5525 }, // §
    { 9, 4, 13, 2, 19, 9, 5597 }, // ¨
    { 18, 18, 20, 1, 17, 81, 5606 }, // ©
    { 11, 10, 11, 0, 19, 28, 5687 }, // ª
    { 11, 11, 12, 1, 12, 31, 5715 }, // «
    { 12, 7, 15, 1, 10, 21, 5746 }, // ¬
    { 7, 3, 9, 1, 9, 6, 5767 }, // ­
    { 10, 10, 12, 1, 20, 25, 5773 }, // ®
    { 8, 3, 13, 2, 18, 6, 5798 }, // ¯
    { 7, 7, 8, 1, 20, 13, 5804 }, // °
    { 12, 14, 15, 1, 14, 42, 5817 }, // ±
    { 10, 12, 10, 0, 21, 30, 5859 }, // ²
    { 10, 12, 11, 0, 21, 30, 5889 }, // ³
    { 6, 6, 13, 4, 20, 9, 5919 }, // ´
    { 14, 19, 15, 1, 13, 67, 5928 }, // µ
    { 13, 22, 14, 1, 18, 72, 5995 }, // ¶
    { 4, 5, 8, 2, 10, 5, 6067 }, // ·
    { 6, 7, 13, 3, 1, 11, 6072 }, // ¸
    { 8, 12, 8, 0, 21, 24, 6083 }, // ¹
    { 10, 10, 11, 0, 19, 25, 6107 }, // º
    { 10, 11, 12, 1, 12, 28, 6132 }, // »
    { 23, 19, 24, 0, 18, 110, 6160 }, // ¼
    { 23, 19, 24, 0, 18, 110, 6270 }, // ½
    { 24, 19, 24, 0, 18, 114, 6380 }, // ¾
    { 11, 19, 13, 4, 14, 53, 6494 }, // ¿
    { 18, 24, 18, 0, 24, 108, 6547 }, // À
    { 18, 24, 18, 0, 24, 108, 6655 }, // Á
    { 18, 24, 18, 0, 24, 108, 6763 }, // Â
    { 18, 23, 18, 0, 23, 104, 6871 }, // Ã
    { 18, 23, 18, 0, 23, 104, 6975 }, // Ä
    { 18, 24, 18, 0, 24, 108, 7079 }, // Å
    { 24, 18, 25, 0, 18, 108, 7187 }, // Æ
    { 16, 24, 18, 1, 18, 96, 7295 }, // Ç
    { 14, 24, 16, 1, 24, 84, 7391 }, // È
    { 14, 24, 16, 1, 24, 84, 7475 }, // É
    { 14, 24, 16, 1, 24, 84, 7559 }, // Ê
    { 14, 23, 16, 1, 23, 81, 7643 }, // Ë
    { 8, 24, 10, 1, 24, 48, 7724 }, // Ì
    { 8, 24, 10, 1, 24, 48, 7772 }, // Í
    { 10, 24, 10, 0, 24, 60, 7820 }, // Î
    { 10, 23, 10, 0, 23, 58, 7880 }, // Ï
    { 17, 18, 19, 1, 18, 77, 7938 }, // Ð
    { 19, 23, 21, 1, 23, 110, 8015 }, // Ñ
    { 17, 25, 19, 1, 24, 107, 8125 }, // Ò
    { 17, 25, 19, 1, 24, 107, 8232 }, // Ó
    { 17, 25, 19, 1, 24, 107, 8339 }, // Ô
    { 17, 24, 19, 1, 23, 102, 8446 }, // Õ
    { 17, 24, 19, 1, 23, 102, 8548 }, // Ö
    { 10, 10, 15, 2, 13, 25, 8650 }, // ×
    { 19, 19, 19, 0, 18, 91, 8675 }, // Ø
    { 19, 25, 20, 1, 24, 119, 8766 }, // Ù
    { 19, 25, 20, 1, 24, 119, 8885 }, // Ú
    { 19, 25, 20, 1, 24, 119, 9004 }, // Û
    { 19, 24, 20, 1, 23, 114, 9123 }, // Ü
    { 18, 24, 18, 0, 24, 108, 9237 }, // Ý
    { 14, 18, 15, 1, 18, 63, 9345 }, // Þ
    { 16, 21, 17, 1, 20, 84, 9408 }, // ß
    { 13, 21, 13, 1, 20, 69, 9492 }, // à
    { 13, 21, 13, 1, 20, 69, 9561 }, // á
    { 13, 21, 13, 1, 20, 69, 9630 }, // â
    { 13, 20, 13, 1, 19, 65, 9699 }, // ã
    { 13, 20, 13, 1, 19, 65, 9764 }, // ä
    { 13, 21, 13, 1, 20, 69, 9829 }, // å
    { 19, 15, 20, 1, 14, 72, 9898 }, // æ
    { 11, 20, 13, 1, 14, 55, 9970 }, // ç
    { 12, 21, 13, 1, 20, 63, 10025 }, // è
    { 12, 21, 13, 1, 20, 63, 10088 }, // é
    { 12, 21, 13, 1, 20, 63, 10151 }, // ê
    { 12, 20, 13, 1, 19, 60, 10214 }, // ë
    { 8, 20, 8, 0, 20, 40, 10274 }, // ì
    { 7, 20, 8, 1, 20, 35, 10314 }, // í
    { 8, 20, 8, 0, 20, 40, 10349 }, // î
    { 9, 19, 8, -1, 19, 43, 10389 }, // ï
    { 13, 21, 14, 1, 20, 69, 10432 }, // ð
    { 15, 19, 17, 1, 19, 72, 10501 }, // ñ
    { 13, 21, 15, 1, 20, 69, 10573 }, // ò
    { 13, 21, 15, 1, 20, 69, 10642 }, // ó
    { 13, 21, 15, 1, 20, 69, 10711 }, // ô
    { 13, 20, 15, 1, 19, 65, 10780 }, // õ
    { 13, 20, 15, 1, 19, 65, 10845 }, // ö
    { 12, 12, 15, 1, 14, 36, 10910 }, // ÷
    { 15, 15, 15, 0, 14, 57, 10946 }, // ø
    { 16, 21, 16, 0, 20, 84, 11003 }, // ù
    { 16, 21, 16, 0, 20, 84, 11087 }, // ú
    { 16, 21, 16, 0, 20, 84, 11171 }, // û
    { 16, 20, 16, 0, 19, 80, 11255 }, // ü
    { 15, 26, 14, 0, 20, 98, 11335 }, // ý
    { 15, 26, 15, 0, 20, 98, 11433 }, // þ
    { 15, 25, 14, 0, 19, 94, 11531 }, // ÿ
    { 18, 22, 18, 0, 22, 99, 11625 }, // Ā
    { 13, 19, 13, 1, 18, 62, 11724 }, // ā
    { 18, 24, 18, 0, 24, 108, 11786 }, // Ă
    { 13, 21, 13, 1, 20, 69, 11894 }, // ă
    { 18, 24, 18, 0, 18, 108, 11963 }, // Ą
    { 13, 20, 13, 1, 14, 65, 12071 }, // ą
    { 16, 25, 18, 1, 24, 100, 12136 }, // Ć
    { 11, 21, 13, 1, 20, 58, 12236 }, // ć
    { 16, 25, 18, 1, 24, 100, 12294 }, // Ĉ
    { 11, 21, 13, 1, 20, 58, 12394 }, // ĉ
    { 16, 24, 18, 1, 23, 96, 12452 }, // Ċ
    { 11, 20, 13, 1, 19, 55, 12548 }, // ċ
    { 16, 25, 18, 1, 24, 100, 12603 }, // Č
    { 11, 21, 13, 1, 20, 58, 12703 }, // č
    { 17, 24, 19, 1, 24, 102, 12761 }, // Ď
    { 16, 21, 17, 1, 20, 84, 12863 }, // ď
    { 17, 18, 19, 1, 18, 77, 12947 }, // Đ
    { 15, 21, 15, 1, 20, 79, 13024 }, // đ
    { 14, 22, 16, 1, 22, 77, 13103 }, // Ē
    { 12, 19, 13, 1, 18, 57, 13180 }, // ē
    { 14, 24, 16, 1, 24, 84, 13237 }, // Ĕ
    { 12, 21, 13, 1, 20, 63, 13321 }, // ĕ
    { 14, 23, 16, 1, 23, 81, 13384 }, // Ė
    { 12, 20, 13, 1, 19, 60, 13465 }, // ė
    { 14, 24, 16, 1, 18, 84, 13525 }, // Ę
    { 12, 20, 13, 1, 14, 60, 13609 }, // ę
    { 14, 24, 16, 1, 24, 84, 13669 }, // Ě
    { 12, 21, 13, 1, 20, 63, 13753 }, // ě
    { 18, 25, 19, 1, 24, 113, 13816 }, // Ĝ
    { 14, 26, 14, 0, 20, 91, 13929 }, // ĝ
    { 18, 25, 19, 1, 24, 113, 14020 }, // Ğ
    { 14, 26, 14, 0, 20, 91, 14133 }, // ğ
    { 18, 24, 19, 1, 23, 108, 14224 }, // Ġ
    { 14, 25, 14, 0, 19, 88, 14332 }, // ġ
    { 18, 24, 19, 1, 18, 108, 14420 }, // Ģ
    { 14, 26, 14, 0, 20, 91, 14528 }, // ģ
    { 19, 24, 21, 1, 24, 114, 14619 }, // Ĥ
    { 17, 25, 17, -1, 25, 107, 14733 }, // ĥ
    { 19, 18, 21, 1, 18, 86, 14840 }, // Ħ
    { 16, 20, 17, 0, 20, 80, 14926 }, // ħ
    { 10, 23, 10, 0, 23, 58, 15006 }, // Ĩ
    { 9, 19, 8, -1, 19, 43, 15064 }, // ĩ
    { 8, 22, 10, 1, 22, 44, 15107 }, // Ī
    { 8, 18, 8, 0, 18, 36, 15151 }, // ī
    { 8, 24, 10, 1, 24, 48, 15187 }, // Ĭ
    { 8, 20, 8, 0, 20, 40, 15235 }, // ĭ
    { 8, 24, 10, 1, 18, 48, 15275 }, // Į
    { 7, 25, 8, 1, 19, 44, 15323 }, // į
    { 8, 23, 10, 1, 23, 46, 15367 }, // İ
    { 7, 13, 8, 1, 13, 23, 15413 }, // ı
    { 14, 25, 14, 1, 24, 88, 15436 }, // Ĵ
    { 9, 26, 8, -1, 20, 59, 15524 }, // ĵ
    { 18, 25, 19, 1, 18, 113, 15583 }, // Ķ
    { 15, 27, 15, 1, 20, 102, 15696 }, // ķ
    { 15, 14, 15, 1, 13, 53, 15798 }, // ĸ
    { 14, 24, 16, 1, 24, 84, 15851 }, // Ĺ
    { 7, 25, 8, 1, 25, 44, 15935 }, // ĺ
    { 14, 25, 16, 1, 18, 88, 15979 }, // Ļ
    { 7, 27, 8, 1, 20, 48, 16067 }, // ļ
    { 14, 20, 16, 1, 20, 70, 16115 }, // Ľ
    { 9, 20, 10, 1, 20, 45, 16185 }, // ľ
    { 14, 18, 16, 1, 18, 63, 16230 }, // Ŀ
    { 10, 20, 10, 1, 20, 50, 16293 }, // ŀ
    { 15, 18, 16, 0, 18, 68, 16343 }, // Ł
    { 9, 20, 9, 0, 20, 45, 16411 }, // ł
    { 19, 24, 21, 1, 24, 114, 16456 }, // Ń
    { 15, 20, 17, 1, 20, 75, 16570 }, // ń
    { 19, 25, 21, 1, 18, 119, 16645 }, // Ņ
    { 15, 21, 17, 1, 14, 79, 16764 }, // ņ
    { 19, 24, 21, 1, 24, 114, 16843 }, // Ň
    { 15, 20, 17, 1, 20, 75, 16957 }, // ň
    { 19, 18, 18, -1, 18, 86, 17032 }, // ŉ
    { 19, 24, 21, 1, 18, 114, 17118 }, // Ŋ
    { 13, 20, 16, 1, 14, 65, 17232 }, // ŋ
    { 17, 23, 19, 1, 22, 98, 17297 }, // Ō
    { 13, 19, 15, 1, 18, 62, 17395 }, // ō
    { 17, 25, 19, 1, 24, 107, 17457 }, // Ŏ
    { 13, 21, 15, 1, 20, 69, 17564 }, // ŏ
    { 17, 25, 19, 1, 24, 107, 17633 }, // Ő
    { 13, 21, 15, 1, 20, 69, 17740 }, // ő
    { 25, 19, 27, 1, 18, 119, 17809 }, // Œ
    { 21, 15, 23, 1, 14, 79, 17928 }, // œ
    { 17, 25, 18, 1, 24, 107, 18007 }, // Ŕ
    { 11, 20, 12, 1, 20, 55, 18114 }, // ŕ
    { 17, 25, 18, 1, 18, 107, 18169 }, // Ŗ
    { 11, 21, 12, 1, 14, 58, 18276 }, // ŗ
    { 17, 25, 18, 1, 24, 107, 18334 }, // Ř
    { 11, 20, 12, 1, 20, 55, 18441 }, // ř
    { 13, 25, 15, 1, 24, 82, 18496 }, // Ś
    { 10, 21, 11, 1, 20, 53, 18578 }, // ś
    { 13, 25, 15, 1, 24, 82, 18631 }, // Ŝ
    { 10, 21, 11, 1, 20, 53, 18713 }, // ŝ
    { 13, 24, 15, 1, 18, 78, 18766 }, // Ş
    { 10, 20, 11, 1, 14, 50, 18844 }, // ş
    { 13, 25, 15, 1, 24, 82, 18894 }, // Š
    { 10, 21, 11, 1, 20, 53, 18976 }, // š
    { 17, 24, 18, 1, 18, 102, 19029 }, // Ţ
    { 10, 23, 10, 0, 17, 58, 19131 }, // ţ
    { 17, 24, 18, 1, 24, 102, 19189 }, // Ť
    { 10, 22, 10, 0, 21, 55, 19291 }, // ť
    { 17, 18, 18, 1, 18, 77, 19346 }, // Ŧ
    { 10, 18, 10, 0, 17, 45, 19423 }, // ŧ
    { 19, 24, 20, 1, 23, 114, 19468 }, // Ũ
    { 16, 20, 16, 0, 19, 80, 19582 }, // ũ
    { 19, 23, 20, 1, 22, 110, 19662 }, // Ū
    { 16, 19, 16, 0, 18, 76, 19772 }, // ū
    { 19, 25, 20, 1, 24, 119, 19848 }, // Ŭ
    { 16, 21, 16, 0, 20, 84, 19967 }, // ŭ
    { 19, 25, 20, 1, 24, 119, 20051 }, // Ů
    { 16, 21, 16, 0, 20, 84, 20170 }, // ů
    { 19, 25, 20, 1, 24, 119, 20254 }, // Ű
    { 16, 21, 16, 0, 20, 84, 20373 }, // ű
    { 19, 24, 20, 1, 18, 114, 20457 }, // Ų
    { 16, 19, 16, 0, 13, 76, 20571 }, // ų
    { 27, 24, 27, 0, 24, 162, 20647 }, // Ŵ
    { 22, 20, 22, 0, 20, 110, 20809 }, // ŵ
    { 18, 24, 18, 0, 24, 108, 20919 }, // Ŷ
    { 15, 26, 14, 0, 20, 98, 21027 }, // ŷ
    { 18, 23, 18, 0, 23, 104, 21125 }, // Ÿ
    { 14, 24, 16, 1, 24, 84, 21229 }, // Ź
    { 12, 20, 12, 0, 20, 60, 21313 }, // ź
    { 14, 23, 16, 1, 23, 81, 21373 }, // Ż
    { 12, 19, 12, 0, 19, 57, 21454 }, // ż
    { 14, 24, 16, 1, 24, 84, 21511 }, // Ž
    { 12, 20, 12, 0, 20, 60, 21595 }, // ž
    { 6, 6, 0, 3, 20, 9, 21655 }, // ̀
    { 6, 6, 0, 4, 20, 9, 21664 }, // ́
    { 9, 6, 0, 2, 20, 14, 21673 }, // ̂
    { 9, 4, 0, 2, 19, 9, 21687 }, // ̃
    { 8, 3, 0, 2, 18, 6, 21696 }, // ̄
    { 8, 6, 0, 2, 20, 12, 21702 }, // ̆
    { 4, 4, 0, 4, 19, 4, 21714 }, // ̇
    { 9, 4, 0, 2, 19, 9, 21718 }, // ̈
    { 7, 7, 0, 3, 21, 13, 21727 }, // ̉
    { 6, 6, 0, 3, 20, 9, 21740 }, // ̊
    { 9, 6, 0, 3, 20, 14, 21749 }, // ̋
    { 9, 6, 0, 2, 20, 14, 21763 }, // ̌
    { 8, 6, 0, 1, 20, 12, 21777 }, // ̏
    { 8, 5, 0, 2, 19, 10, 21789 }, // ̑
    { 4, 6, 0, 4, 20, 6, 21799 }, // ̒
    { 5, 8, 0, 9, 17, 10, 21805 }, // ̛
    { 4, 5, 0, 4, -1, 5, 21815 }, // ̣
    { 9, 4, 0, 2, -1, 9, 21820 }, // ̤
    { 4, 6, 0, 4, -1, 6, 21829 }, // ̦
    { 6, 7, 0, 3, 1, 11, 21835 }, // ̧
    { 6, 7, 0, 3, 1, 11, 21846 }, // ̨
    { 8, 5, 0, 2, -1, 10, 21857 }, // ̮
    { 8, 3, 0, 2, -2, 6, 21867 }, // ̱
    { 14, 24, 16, 1, 24, 84, 21873 }, // Ѐ
    { 14, 23, 16, 1, 23, 81, 21957 }, // Ё
    { 20, 21, 21, 0, 18, 105, 22038 }, // Ђ
    { 14, 24, 15, 1, 24, 84, 22143 }, // Ѓ
    { 15, 19, 17, 1, 18, 72, 22227 }, // Є
    { 13, 19, 15, 1, 18, 62, 22299 }, // Ѕ
    { 8, 18, 10, 1, 18, 36, 22361 }, // І
    { 10, 23, 10, 0, 23, 58, 22397 }, // Ї
    { 13, 19, 14, 1, 18, 62, 22455 }, // Ј
    { 25, 19, 25, 0, 18, 119, 22517 }, // Љ
    { 25, 18, 27, 1, 18, 113, 22636 }, // Њ
    { 23, 18, 23, 0, 18, 104, 22749 }, // Ћ
    { 17, 25, 18, 1, 24, 107, 22853 }, // Ќ
    { 19, 24, 21, 1, 24, 114, 22960 }, // Ѝ
    { 17, 25, 17, 0, 24, 107, 23074 }, // Ў
    { 19, 22, 21, 1, 18, 105, 23181 }, // Џ
    { 18, 18, 18, 0, 18, 81, 23286 }, // А
    { 15, 18, 17, 1, 18, 68, 23367 }, // Б
    { 15, 18, 17, 1, 18, 68, 23435 }, // В
    { 14, 18, 15, 1, 18, 63, 23503 }, // Г
    { 17, 23, 18, 0, 18, 98, 23566 }, // Д
    { 14, 18, 16, 1, 18, 63, 23664 }, // Е
    { 26, 19, 26, 0, 18, 124, 23727 }, // Ж
    { 14, 19, 14, 0, 18, 67, 23851 }, // З
    { 19, 18, 21, 1, 18, 86, 23918 }, // И
    { 19, 24, 21, 1, 24, 114, 24004 }, // Й
    { 17, 19, 18, 1, 18, 81, 24118 }, // К
    { 18, 19, 19, 0, 18, 86, 24199 }, // Л
    { 23, 18, 25, 1, 18, 104, 24285 }, // М
    { 19, 18, 21, 1, 18, 86, 24389 }, // Н
    { 17, 19, 19, 1, 18, 81, 24475 }, // О
    { 19, 18, 21, 1, 18, 86, 24556 }, // П
    { 14, 18, 15, 1, 18, 63, 24642 }, // Р
    { 16, 19, 18, 1, 18, 76, 24705 }, // С
    { 17, 18, 18, 1, 18, 77, 24781 }, // Т
    { 17, 19, 17, 0, 18, 81, 24858 }, // У
    { 19, 20, 21, 1, 19, 95, 24939 }, // Ф
    { 18, 18, 18, 0, 18, 81, 25034 }, // Х
    { 20, 22, 21, 1, 18, 110, 25115 }, // Ц
    { 18, 18, 19, 0, 18, 81, 25225 }, // Ч
    { 27, 18, 29, 1, 18, 122, 25306 }, // Ш
    { 28, 22, 29, 1, 18, 154, 25428 }, // Щ
    { 18, 18, 19, 0, 18, 81, 25582 }, // Ъ
    { 22, 18, 25, 1, 18, 99, 25663 }, // Ы
    { 15, 18, 16, 1, 18, 68, 25762 }, // Ь
    { 16, 19, 17, 0, 18, 76, 25830 }, // Э
    { 26, 19, 28, 1, 18, 124, 25906 }, // Ю
    { 17, 19, 18, 0, 18, 81, 26030 }, // Я
    { 13, 15, 13, 1, 14, 49, 26111 }, // а
    { 13, 21, 14, 1, 20, 69, 26160 }, // б
    { 12, 13, 14, 1, 13, 39, 26229 }, // в
    { 11, 13, 13, 1, 13, 36, 26268 }, // г
    { 14, 17, 15, 0, 13, 60, 26304 }, // д
    { 12, 15, 13, 1, 14, 45, 26364 }, // е
    { 21, 15, 21, 0, 14, 79, 26409 }, // ж
    { 11, 15, 12, 1, 14, 42, 26488 }, // з
    { 15, 13, 17, 1, 13, 49, 26530 }, // и
    { 15, 19, 17, 1, 19, 72, 26579 }, // й
    { 14, 15, 15, 1, 14, 53, 26651 }, // к
    { 15, 14, 16, 0, 13, 53, 26704 }, // л
    { 17, 13, 19, 1, 13, 56, 26757 }, // м
    { 15, 13, 17, 1, 13, 49, 26813 }, // н
    { 13, 15, 15, 1, 14, 49, 26862 }, // о
    { 15, 13, 17, 1, 13, 49, 26911 }, // п
    { 15, 20, 15, 0, 14, 75, 26960 }, // р
    { 11, 15, 13, 1, 14, 42, 27035 }, // с
    { 14, 13, 15, 0, 13, 46, 27077 }, // т
    { 15, 19, 14, 0, 13, 72, 27123 }, // у
    { 19, 26, 21, 1, 20, 124, 27195 }, // ф
    { 15, 13, 14, 0, 13, 49, 27319 }, // х
    { 16, 17, 17, 1, 13, 68, 27368 }, // ц
    { 15, 13, 16, 0, 13, 49, 27436 }, // ч
    { 22, 13, 24, 1, 13, 72, 27485 }, // ш
    { 23, 17, 24, 1, 13, 98, 27557 }, // щ
    { 16, 13, 16, 0, 13, 52, 27655 }, // ъ
    { 19, 13, 20, 1, 13, 62, 27707 }, // ы
    { 12, 13, 14, 1, 13, 39, 27769 }, // ь
    { 11, 15, 13, 1, 14, 42, 27808 }, // э
    { 20, 15, 22, 1, 14, 75, 27850 }, // ю
    { 14, 14, 15, 0, 13, 49, 27925 }, // я
    { 12, 21, 13, 1, 20, 63, 27974 }, // ѐ
    { 12, 20, 13, 1, 19, 60, 28037 }, // ё
    { 14, 26, 16, 0, 20, 91, 28097 }, // ђ
    { 11, 20, 13, 1, 20, 55, 28188 }, // ѓ
    { 11, 15, 13, 1, 14, 42, 28243 }, // є
    { 10, 15, 11, 1, 14, 38, 28285 }, // ѕ
    { 7, 19, 8, 1, 19, 34, 28323 }, // і
    { 9, 19, 8, -1, 19, 43, 28357 }, // ї
    { 6, 25, 8, 0, 19, 38, 28400 }, // ј
    { 20, 14, 20, 0, 13, 70, 28438 }, // љ
    { 20, 13, 22, 1, 13, 65, 28508 }, // њ
    { 16, 20, 17, 0, 20, 80, 28573 }, // ћ
    { 14, 21, 15, 1, 20, 74, 28653 }, // ќ
    { 15, 20, 17, 1, 20, 75, 28727 }, // ѝ
    { 15, 25, 14, 0, 19, 94, 28802 }, // ў
    { 15, 17, 17, 1, 13, 64, 28896 }, // џ
    { 19, 19, 19, 0, 19, 91, 28960 }, // Ѣ
    { 16, 20, 16, 0, 20, 80, 29051 }, // ѣ
    { 25, 19, 25, 0, 18, 119, 29131 }, // Ѫ
    { 21, 14, 20, 0, 13, 74, 29250 }, // ѫ
    { 14, 22, 14, 1, 22, 77, 29324 }, // Ґ
    { 11, 17, 11, 1, 17, 47, 29401 }, // ґ
    { 14, 18, 15, 1, 18, 63, 29448 }, // Ғ
    { 11, 13, 13, 1, 13, 36, 29511 }, // ғ
    { 26, 22, 26, 0, 18, 143, 29547 }, // Җ
    { 22, 18, 21, 0, 14, 99, 29690 }, // җ
    { 18, 22, 19, 1, 18, 99, 29789 }, // Қ
    { 14, 18, 15, 1, 14, 63, 29888 }, // қ
    { 20, 22, 21, 1, 18, 110, 29951 }, // Ң
    { 17, 17, 18, 1, 13, 73, 30061 }, // ң
    { 18, 18, 18, 0, 18, 81, 30134 }, // Ү
    { 16, 19, 14, -1, 13, 76, 30215 }, // ү
    { 18, 18, 18, 0, 18, 81, 30291 }, // Ұ
    { 16, 19, 14, -1, 13, 76, 30372 }, // ұ
    { 19, 18, 20, 1, 18, 86, 30448 }, // Һ
    { 15, 20, 17, 1, 20, 75, 30534 }, // һ
    { 15, 19, 17, 1, 18, 72, 30609 }, // Ә
    { 12, 15, 13, 0, 14, 45, 30681 }, // ә
    { 17, 19, 19, 1, 18, 81, 30726 }, // Ө
    { 13, 15, 15, 1, 14, 49, 30807 }, // ө
    { 0, 0, 15, 0, 0, 0, 30856 }, //  
    { 0, 0, 8, 0, 0, 0, 30856 }, //  
    { 0, 0, 3, 0, 0, 0, 30856 }, //  
    { 0, 0, 2, 0, 0, 0, 30856 }, //  
    { 0, 0, 0, 0, 0, 0, 30856 }, // ​
    { 7, 3, 9, 1, 9, 6, 30856 }, // ‐
    { 13, 2, 13, 0, 8, 7, 30862 }, // ‒
    { 13, 2, 13, 0, 8, 7, 30869 }, // –
    { 25, 2, 25, 0, 8, 13, 30876 }, // —
    { 25, 2, 25, 0, 8, 13, 30889 }, // ―
    { 4, 8, 8, 2, 20, 8, 30902 }, // ‘
    { 4, 8, 8, 2, 20, 8, 30910 }, // ’
    { 4, 7, 8, 2, 3, 7, 30918 }, // ‚
    { 9, 8, 13, 2, 20, 18, 30925 }, // “
    { 9, 8, 13, 2, 20, 18, 30943 }, // ”
    { 9, 7, 13, 2, 3, 16, 30961 }, // „
    { 11, 21, 13, 1, 20, 58, 30977 }, // †
    { 11, 21, 13, 1, 20, 58, 31035 }, // ‡
    { 7, 6, 9, 1, 11, 11, 31093 }, // •
    { 21, 5, 24, 2, 4, 27, 31104 }, // …
    { 29, 16, 30, 1, 15, 116, 31131 }, // ‰
    { 4, 7, 5, 1, 21, 7, 31247 }, // ′
    { 8, 7, 9, 1, 21, 14, 31254 }, // ″
    { 6, 11, 8, 1, 12, 17, 31268 }, // ‹
    { 7, 11, 8, 0, 12, 20, 31285 }, // ›
    { 13, 19, 6, -4, 18, 62, 31305 }, // ⁄
    { 11, 12, 12, 0, 21, 33, 31367 }, // ⁰
    { 10, 12, 10, 0, 21, 30, 31400 }, // ⁴
    { 9, 12, 10, 0, 21, 27, 31430 }, // ⁵
    { 10, 12, 10, 0, 21, 30, 31457 }, // ⁶
    { 10, 12, 9, 0, 21, 30, 31487 }, // ⁷
    { 10, 12, 11, 0, 21, 30, 31517 }, // ⁸
    { 10, 12, 10, 0, 21, 30, 31547 }, // ⁹
    { 11, 12, 12, 0, 8, 33, 31577 }, // ₀
    { 8, 12, 8, 0, 8, 24, 31610 }, // ₁
    { 10, 12, 10, 0, 8, 30, 31634 }, // ₂
    { 10, 12, 11, 0, 8, 30, 31664 }, // ₃
    { 10, 12, 10, 0, 8, 30, 31694 }, // ₄
    { 9, 12, 10, 0, 8, 27, 31724 }, // ₅
    { 10, 12, 10, 0, 8, 30, 31751 }, // ₆
    { 10, 12, 9, 0, 8, 30, 31781 }, // ₇
    { 10, 12, 11, 0, 8, 30, 31811 }, // ₈
    { 10, 12, 10, 0, 8, 30, 31841 }, // ₉
    { 13, 18, 15, 1, 16, 59, 31871 }, // ₡
    { 12, 14, 13, 1, 14, 42, 31930 }, // ₣
    { 13, 18, 14, 0, 18, 59, 31972 }, // ₤
    { 17, 14, 19, 1, 14, 60, 32031 }, // ₦
    { 35, 19, 36, 1, 18, 167, 32091 }, // ₧
    { 24, 14, 24, 0, 14, 84, 32258 }, // ₩
    { 15, 25, 15, 1, 20, 94, 32342 }, // ₫
    { 14, 16, 15, 0, 15, 56, 32436 }, // €
    { 16, 15, 17, 1, 14, 60, 32492 }, // ₭
    { 15, 14, 16, 1, 14, 53, 32552 }, // ₮
    { 15, 14, 16, 1, 14, 53, 32605 }, // ₱
    { 14, 18, 15, 1, 16, 63, 32658 }, // ₲
    { 14, 16, 15, 0, 15, 56, 32721 }, // ₴
    { 12, 18, 14, 1, 16, 54, 32777 }, // ₵
    { 16, 15, 16, 0, 15, 60, 32831 }, // ₸
    { 13, 15, 13, 0, 14, 49, 32891 }, // ₹
    { 13, 14, 15, 1, 14, 46, 32940 }, // ₺
    { 16, 16, 18, 1, 14, 64, 32986 }, // ₼
    { 13, 14, 16, 1, 14, 46, 33050 }, // ₽
    { 13, 9, 14, 1, 11, 30, 33096 }, // ←
    { 9, 13, 14, 3, 13, 30, 33126 }, // ↑
    { 14, 9, 14, 0, 11, 32, 33156 }, // →
    { 9, 13, 14, 3, 13, 30, 33188 }, // ↓
    { 12, 19, 14, 1, 18, 57, 33218 }, // ∂
    { 14, 21, 15, 0, 19, 74, 33275 }, // ∅
    { 16, 18, 15, 0, 18, 72, 33349 }, // ∆
    { 19, 22, 21, 1, 18, 105, 33421 }, // ∏
    { 14, 22, 16, 1, 18, 77, 33526 }, // ∑
    { 12, 3, 15, 1, 9, 9, 33603 }, // −
    { 12, 19, 15, 1, 18, 57, 33612 }, // ∕
    { 4, 5, 8, 2, 11, 5, 33669 }, // ∙
    { 15, 19, 15, 0, 19, 72, 33674 }, // √
    { 14, 8, 16, 1, 10, 28, 33746 }, // ∞
    { 12, 23, 10, -1, 18, 69, 33774 }, // ∫
    { 12, 9, 15, 1, 12, 27, 33843 }, // ≈
    { 12, 13, 15, 1, 14, 39, 33870 }, // ≠
    { 12, 14, 15, 1, 14, 42, 33909 }, // ≤
    { 11, 14, 15, 2, 14, 39, 33951 }, // ≥
};

static const EpdUnicodeInterval literata_12_regularIntervals[] = {
    { 0x0, 0x0, 0x0 },
    { 0xD, 0xD, 0x1 },
    { 0x20, 0x7E, 0x2 },
    { 0xA0, 0xFF, 0x61 },
    { 0x100, 0x131, 0xC1 },
    { 0x134, 0x17E, 0xF3 },
    { 0x300, 0x304, 0x13E },
    { 0x306, 0x30C, 0x143 },
    { 0x30F, 0x30F, 0x14A },
    { 0x311, 0x312, 0x14B },
    { 0x31B, 0x31B, 0x14D },
    { 0x323, 0x324, 0x14E },
    { 0x326, 0x328, 0x150 },
    { 0x32E, 0x32E, 0x153 },
    { 0x331, 0x331, 0x154 },
    { 0x400, 0x45F, 0x155 },
    { 0x462, 0x463, 0x1B5 },
    { 0x46A, 0x46B, 0x1B7 },
    { 0x490, 0x493, 0x1B9 },
    { 0x496, 0x497, 0x1BD },
    { 0x49A, 0x49B, 0x1BF },
    { 0x4A2, 0x4A3, 0x1C1 },
    { 0x4AE, 0x4B1, 0x1C3 },
    { 0x4BA, 0x4BB, 0x1C7 },
    { 0x4D8, 0x4D9, 0x1C9 },
    { 0x4E8, 0x4E9, 0x1CB },
    { 0x2007, 0x200B, 0x1CD },
    { 0x2010, 0x2010, 0x1D2 },
    { 0x2012, 0x2015, 0x1D3 },
    { 0x2018, 0x201A, 0x1D7 },
    { 0x201C, 0x201E, 0x1DA },
    { 0x2020, 0x2022, 0x1DD },
    { 0x2026, 0x2026, 0x1E0 },
    { 0x2030, 0x2030, 0x1E1 },
    { 0x2032, 0x2033, 0x1E2 },
    { 0x2039, 0x203A, 0x1E4 },
    { 0x2044, 0x2044, 0x1E6 },
    { 0x2070, 0x2070, 0x1E7 },
    { 0x2074, 0x2079, 0x1E8 },
    { 0x2080, 0x2089, 0x1EE },
    { 0x20A1, 0x20A1, 0x1F8 },
    { 0x20A3, 0x20A4, 0x1F9 },
    { 0x20A6, 0x20A7, 0x1FB },
    { 0x20A9, 0x20A9, 0x1FD },
    { 0x20AB, 0x20AE, 0x1FE },
    { 0x20B1, 0x20B2, 0x202 },
    { 0x20B4, 0x20B5, 0x204 },
    { 0x20B8, 0x20BA, 0x206 },
    { 0x20BC, 0x20BD, 0x209 },
    { 0x2190, 0x2193, 0x20B },
    { 0x2202, 0x2202, 0x20F },
    { 0x2205, 0x2206, 0x210 },
    { 0x220F, 0x220F, 0x212 },
    { 0x2211, 0x2212, 0x213 },
    { 0x2215, 0x2215, 0x215 },
    { 0x2219, 0x221A, 0x216 },
    { 0x221E, 0x221E, 0x218 },
    { 0x222B, 0x222B, 0x219 },
    { 0x2248, 0x2248, 0x21A },
    { 0x2260, 0x2260, 0x21B },
    { 0x2264, 0x2265, 0x21C },
};

static const EpdFontData literata_12_regular = {
    literata_12_regularBitmaps,
    literata_12_regularGlyphs,
    literata_12_regularIntervals,
    61,
    30,
    24,
    -7,
    true,
};
