/**
 * generated by fontconvert.py
 * name: opendyslexic_14_regular
 * size: 14
 * mode: 2-bit
 * Command used: fontconvert.py opendyslexic_14_regular 14 ../builtinFonts/source/OpenDyslexic/OpenDyslexic-Regular.otf --2bit
 */
#pragma once
#include "EpdFontData.h"

static const uint8_t opendyslexic_14_regularBitmaps[87510] = {
    0x00, 0xA0, 0x0B, 0xC0, 0x2F, 0x00, 0xBC, 0x03, 0xF0, 0x0F, 0xC0, 0x3F, 0x00, 0xFC, 0x03, 0xF0,
    0x0F, 0xC0, 0x3F, 0x01, 0xFC, 0x07, 0xF0, 0x1F, 0xC0, 0xBF, 0x02, 0xFC, 0x0B, 0xF0, 0x2F, 0xC0,
    0xFF, 0x03, 0xFC, 0x0B, 0xF0, 0x00, 0x00, 0x00, 0x0B, 0xF4, 0x3F, 0xE0, 0xFF, 0x83, 0xFF, 0x1F,
    0xFC, 0xBF, 0xF0, 0x7F, 0xE0, 0xBF, 0xC7, 0xFD, 0x0B, 0xFC, 0x7F, 0xC0, 0xFF, 0xC7, 0xFC, 0x0F,
    0xF8, 0x7F, 0x80, 0xFF, 0x4B, 0xF8, 0x0F, 0xF4, 0xBF, 0x80, 0xFF, 0x4B, 0xFC, 0x0F, 0xF4, 0x00,
    0x00, 0x00, 0x00, 0x00, 0x00, 0x1F, 0x00, 0x0B, 0x80, 0x00, 0x00, 0x00, 0x0B, 0xC0, 0x03, 0xE0,
    0x00, 0x00, 0x00, 0x03, 0xF0, 0x00, 0xF8, 0x00, 0x00, 0x00, 0x00, 0xF8, 0x00, 0x3D, 0x00, 0x00,
    0x00, 0x00, 0x3E, 0x00, 0x1F, 0x40, 0x00, 0x00, 0x00, 0x1F, 0x80, 0x07, 0xD0, 0x00, 0x00, 0x00,
    0x07, 0xD0, 0x02, 0xF0, 0x00, 0x00, 0x7F, 0xFF, 0xFF, 0xFF, 0xFF, 0xFF, 0xFE, 0x2F, 0xFF, 0xFF,
    0xFF, 0xFF, 0xFF, 0xFF, 0x46, 0xAA, 0xBF, 0xAA, 0xAF, 0xEA, 0xAA, 0x80, 0x00, 0x0F, 0xC0, 0x03,
    0xF0, 0x00, 0x00, 0x00, 0x03, 0xF0, 0x01, 0xF8, 0x00, 0x00, 0x00, 0x01, 0xFC, 0x00, 0x7E, 0x00,
    0x00, 0x00, 0x00, 0xBF, 0x00, 0x2F, 0x80, 0x00, 0x00, 0x00, 0x2F, 0x80, 0x0B, 0xD0, 0x00, 0x00,
    0x00, 0x0F, 0xE0, 0x03, 0xF4, 0x00, 0x00, 0x3F, 0xFF, 0xFF, 0xFF, 0xFF, 0xFF, 0xFF, 0x0F, 0xFF,
    0xFF, 0xFF, 0xFF, 0xFF, 0xFF, 0x86, 0xAA, 0xBF, 0xAA, 0xAF, 0xEA, 0xAA, 0x80, 0x00, 0x1F, 0xD0,
    0x07, 0xF0, 0x00, 0x00, 0x00, 0x0B, 0xF0, 0x02, 0xFC, 0x00, 0x00, 0x00, 0x03, 0xFC, 0x00, 0xBF,
    0x00, 0x00, 0x00, 0x00, 0xFF, 0x00, 0x3F, 0xC0, 0x00, 0x00, 0x00, 0x3F, 0xC0, 0x0F, 0xE0, 0x00,
    0x00, 0x00, 0x05, 0x50, 0x01, 0x50, 0x00, 0x00, 0x00, 0x00, 0x00, 0x09, 0x05, 0x00, 0x00, 0x00,
    0x00, 0x07, 0xC2, 0xD0, 0x00, 0x00, 0x00, 0x01, 0xF0, 0xB4, 0x00, 0x00, 0x00, 0x01, 0xFF, 0xFF,
    0xE8, 0x00, 0x00, 0x0B, 0xFF, 0xFF, 0xFF, 0x00, 0x00, 0x0B, 0xFF, 0xFF, 0xFF, 0x80, 0x00, 0x07,
    0xFF, 0xF9, 0xF5, 0x90, 0x00, 0x03, 0xFF, 0xBC, 0x2D, 0x00, 0x00, 0x00, 0xFF, 0x1F, 0x0B, 0x40,
    0x00, 0x00, 0x7F, 0x47, 0xC2, 0xD0, 0x00, 0x00, 0x1F, 0xD1, 0xF0, 0xB4, 0x00, 0x00, 0x03, 0xFC,
    0x7C, 0x2D, 0x00, 0x00, 0x00, 0xFF, 0xFF, 0x0B, 0x40, 0x00, 0x00, 0x0F, 0xFF, 0xFF, 0xE0, 0x00,
    0x00, 0x00, 0xFF, 0xFF, 0xFF, 0x90, 0x00, 0x00, 0x06, 0xFF, 0xFF, 0xFE, 0x00, 0x00, 0x00, 0x0F,
    0x6F, 0xFF, 0xF4, 0x00, 0x00, 0x03, 0xC2, 0xFF, 0xFF, 0x00, 0x00, 0x00, 0xF0, 0xBB, 0xFF, 0xF0,
    0x00, 0x00, 0x3C, 0x2D, 0xFF, 0xFD, 0x00, 0x00, 0x0F, 0x0B, 0x7F, 0xFF, 0x40, 0x3E, 0x9B, 0xD7,
    0xFF, 0xFF, 0xC0, 0x2F, 0xFF, 0xFF, 0xFF, 0xFF, 0xF0, 0x1F, 0xFF, 0xFF, 0xFF, 0xFF, 0xF0, 0x1F,
    0xFF, 0xFF, 0xFF, 0xFF, 0xF4, 0x0B, 0xFF, 0xFF, 0xFF, 0xFF, 0xE0, 0x00, 0x1B, 0xFF, 0xFF, 0xFE,
    0x40, 0x00, 0x00, 0x00, 0x3C, 0x2D, 0x00, 0x00, 0x00, 0x00, 0x0F, 0x0B, 0x40, 0x00, 0x00, 0x00,
    0x03, 0x82, 0xD0, 0x00, 0x00, 0x00, 0x00, 0x00, 0x00, 0x00, 0x00, 0x00, 0x00, 0x00, 0x00, 0x00,
    0x00, 0x00, 0x00, 0x03, 0xC0, 0x00, 0x00, 0x00, 0x2C, 0x00, 0x15, 0x00, 0x01, 0xE0, 0x0B, 0xFF,
    0x00, 0x0F, 0x00, 0xB4, 0x1F, 0x00, 0xB8, 0x03, 0x80, 0x1D, 0x03, 0xC0, 0x0D, 0x00, 0x34, 0x3D,
    0x00, 0x74, 0x00, 0xE1, 0xF0, 0x01, 0xD0, 0x03, 0x4F, 0x40, 0x03, 0xC0, 0x3D, 0xB8, 0x00, 0x0B,
    0xFF, 0xF7, 0xC0, 0x00, 0x0B, 0xFF, 0x3E, 0x00, 0x00, 0x05, 0x91, 0xF2, 0xFD, 0x00, 0x00, 0x0F,
    0xBE, 0xBE, 0x00, 0x00, 0xBE, 0xC0, 0x2C, 0x00, 0x07, 0xDE, 0x00, 0x38, 0x00, 0x3E, 0x34, 0x00,
    0xE0, 0x02, 0xF0, 0xE0, 0x03, 0x80, 0x0F, 0x83, 0xC0, 0x1E, 0x00, 0xFC, 0x0B, 0xEA, 0xF0, 0x07,
    0xD0, 0x0F, 0xFF, 0x80, 0x3F, 0x00, 0x0B, 0xF4, 0x02, 0xF4, 0x00, 0x00, 0x00, 0x00, 0x00, 0x00,
    0x00, 0x00, 0x00, 0x00, 0x00, 0x00, 0x00, 0x00, 0x06, 0xFF, 0xD0, 0x00, 0x00, 0x03, 0xFF, 0xFF,
    0xC0, 0x00, 0x00, 0xFE, 0x40, 0xBF, 0x00, 0x00, 0x1F, 0x80, 0x02, 0xF4, 0x00, 0x02, 0xF4, 0x00,
    0x2F, 0x40, 0x00, 0x2F, 0x80, 0x03, 0xF4, 0x00, 0x01, 0xFD, 0x00, 0xBF, 0x00, 0x00, 0x0B, 0xF4,
    0x7F, 0xC0, 0x00, 0x00, 0x2F, 0xEF, 0xF0, 0x00, 0x00, 0x00, 0xBF, 0xF8, 0x00, 0x00, 0x00, 0x0B,
    0xFF, 0x00, 0x00, 0x00, 0x03, 0xFF, 0xF8, 0x00, 0x00, 0x00, 0xBF, 0xDF, 0xE0, 0x00, 0x00, 0x1F,
    0xF0, 0x3F, 0x80, 0x06, 0x93, 0xFD, 0x00, 0xBF, 0x00, 0xFE, 0x3F, 0xC0, 0x02, 0xFC, 0x1F, 0xD7,
    0xFC, 0x00, 0x07, 0xF7, 0xFC, 0x7F, 0xD0, 0x00, 0x1F, 0xFF, 0x47, 0xFF, 0x00, 0x00, 0xBF, 0xE0,
    0x3F, 0xFD, 0x00, 0x7F, 0xFD, 0x01, 0xFF, 0xFF, 0xFF, 0xFF, 0xF4, 0x0B, 0xFF, 0xFF, 0xFF, 0x8B,
    0xC0, 0x1F, 0xFF, 0xFF, 0xD0, 0x10, 0x00, 0x1B, 0xFF, 0x90, 0x00, 0x00, 0x00, 0x00, 0x00, 0x00,
    0x00, 0x7F, 0xD7, 0xFD, 0x7F, 0xCB, 0xFC, 0xBF, 0x8B, 0xF8, 0xBF, 0x8B, 0xF8, 0x00, 0x00, 0x00,
    0x07, 0xC0, 0x00, 0xF8, 0x00, 0x1F, 0x00, 0x03, 0xE0, 0x00, 0x7C, 0x00, 0x0F, 0x80, 0x01, 0xF0,
    0x00, 0x2F, 0x00, 0x03, 0xE0, 0x00, 0x7C, 0x00, 0x0F, 0xC0, 0x00, 0xF8, 0x00, 0x1F, 0x40, 0x02,
    0xF0, 0x00, 0x2F, 0x00, 0x03, 0xF0, 0x00, 0x3F, 0x00, 0x03, 0xF0, 0x00, 0x3F, 0x00, 0x03, 0xE0,
    0x00, 0x3F, 0x00, 0x03, 0xF0, 0x00, 0x3F, 0x00, 0x03, 0xF0, 0x00, 0x2F, 0x00, 0x01, 0xF4, 0x00,
    0x0F, 0x80, 0x00, 0xFC, 0x00, 0x0F, 0xC0, 0x00, 0xBD, 0x00, 0x07, 0xF0, 0x00, 0x3F, 0x00, 0x02,
    0xF4, 0x00, 0x1F, 0xC0, 0x00, 0xFC, 0x00, 0x0B, 0xE0, 0x00, 0x3F, 0x00, 0x03, 0xF8, 0x00, 0x1F,
    0xC0, 0x7C, 0x00, 0x0F, 0x80, 0x01, 0xF0, 0x00, 0x3E, 0x00, 0x07, 0xC0, 0x00, 0xF8, 0x00, 0x2F,
    0x00, 0x03, 0xD0, 0x00, 0xFC, 0x00, 0x1F, 0x00, 0x03, 0xE0, 0x00, 0xFC, 0x00, 0x2F, 0x00, 0x07,
    0xC0, 0x01, 0xF4, 0x00, 0x3E, 0x00, 0x0F, 0x80, 0x03, 0xE0, 0x00, 0xF8, 0x00, 0x3F, 0x00, 0x0F,
    0x80, 0x03, 0xE0, 0x00, 0xF8, 0x00, 0x7D, 0x00, 0x1F, 0x40, 0x0B, 0xC0, 0x03, 0xF0, 0x00, 0xFC,
    0x00, 0x7E, 0x00, 0x2F, 0x40, 0x0F, 0xC0, 0x07, 0xE0, 0x02, 0xF4, 0x00, 0xFC, 0x00, 0xBF, 0x00,
    0x3F, 0x40, 0x1F, 0xC0, 0x0F, 0xE0, 0x07, 0xF0, 0x00, 0x00, 0x00, 0x00, 0x00, 0x00, 0x3C, 0x00,
    0x00, 0x00, 0xF0, 0x00, 0x05, 0x03, 0xC0, 0x34, 0x7E, 0x0F, 0x0B, 0xD0, 0xBF, 0x6D, 0xF8, 0x00,
    0x1F, 0xFF, 0x40, 0x00, 0x0B, 0xF4, 0x00, 0x01, 0xFF, 0xFD, 0x00, 0x7F, 0x6C, 0xBF, 0x83, 0xF0,
    0xB0, 0x3E, 0x07, 0x02, 0xD0, 0x10, 0x00, 0x0B, 0x40, 0x00, 0x00, 0x2D, 0x00, 0x00, 0x00, 0x0B,
    0x80, 0x00, 0x00, 0xF8, 0x00, 0x00, 0x0F, 0x80, 0x00, 0x00, 0xF8, 0x00, 0x00, 0x0F, 0x80, 0x00,
    0x00, 0xF8, 0x00, 0xBF, 0xFF, 0xFF, 0xEB, 0xFF, 0xFF, 0xFE, 0x00, 0x0F, 0x80, 0x00, 0x00, 0xF8,
    0x00, 0x00, 0x0F, 0x80, 0x00, 0x00, 0xF8, 0x00, 0x00, 0x0F, 0x80, 0x00, 0x00, 0x64, 0x00, 0x00,
    0x00, 0x0F, 0xFC, 0x0F, 0xF8, 0x0F, 0xF4, 0x1F, 0xF0, 0x1F, 0xF0, 0x2F, 0xE0, 0x3F, 0xD0, 0x7F,
    0xC0, 0x00, 0x00, 0xBF, 0xFF, 0xFF, 0xCB, 0xFF, 0xFF, 0xFC, 0xBF, 0xFF, 0xFF, 0xC0, 0x1F, 0x43,
    0xF8, 0x3F, 0xC3, 0xFC, 0x7F, 0xC0, 0x00, 0x00, 0x00, 0x01, 0x00, 0x00, 0x00, 0x07, 0xC0, 0x00,
    0x00, 0x02, 0xE0, 0x00, 0x00, 0x00, 0xF4, 0x00, 0x00, 0x00, 0x3C, 0x00, 0x00, 0x00, 0x2F, 0x00,
    0x00, 0x00, 0x0F, 0x80, 0x00, 0x00, 0x03, 0xD0, 0x00, 0x00, 0x01, 0xF0, 0x00, 0x00, 0x00, 0xB8,
    0x00, 0x00, 0x00, 0x3D, 0x00, 0x00, 0x00, 0x1F, 0x00, 0x00, 0x00, 0x0B, 0xC0, 0x00, 0x00, 0x03,
    0xE0, 0x00, 0x00, 0x01, 0xF4, 0x00, 0x00, 0x00, 0xBC, 0x00, 0x00, 0x00, 0x3F, 0x00, 0x00, 0x00,
    0x0F, 0x80, 0x00, 0x00, 0x07, 0xC0, 0x00, 0x00, 0x03, 0xF0, 0x00, 0x00, 0x00, 0xF8, 0x00, 0x00,
    0x00, 0x7D, 0x00, 0x00, 0x00, 0x2F, 0x00, 0x00, 0x00, 0x0F, 0xC0, 0x00, 0x00, 0x07, 0xE0, 0x00,
    0x00, 0x02, 0xF4, 0x00, 0x00, 0x00, 0xFC, 0x00, 0x00, 0x00, 0x3E, 0x00, 0x00, 0x00, 0x1F, 0x40,
    0x00, 0x00, 0x0F, 0xC0, 0x00, 0x00, 0x03, 0xF0, 0x00, 0x00, 0x01, 0xF8, 0x00, 0x00, 0x00, 0xBD,
    0x00, 0x00, 0x00, 0x3F, 0x00, 0x00, 0x00, 0x1F, 0xC0, 0x00, 0x00, 0x0B, 0xE0, 0x00, 0x00, 0x03,
    0xF0, 0x00, 0x00, 0x00, 0xFC, 0x00, 0x00, 0x00, 0x7E, 0x00, 0x00, 0x00, 0x3F, 0x40, 0x00, 0x00,
    0x0F, 0xC0, 0x00, 0x00, 0x07, 0xF0, 0x00, 0x00, 0x02, 0xF0, 0x00, 0x00, 0x00, 0xE0, 0x00, 0x00,
    0x00, 0x10, 0x00, 0x00, 0x00, 0x00, 0x00, 0x2F, 0xF4, 0x00, 0x02, 0xF4, 0x6F, 0x00, 0x0B, 0xC0,
    0x07, 0xC0, 0x0F, 0x40, 0x02, 0xE0, 0x2F, 0x00, 0x01, 0xF0, 0x3E, 0x00, 0x00, 0xF4, 0x7E, 0x03,
    0x80, 0xF8, 0x7D, 0x0B, 0xC0, 0xFC, 0xBD, 0x0B, 0xC0, 0xBC, 0xBD, 0x0B, 0xC0, 0xFC, 0xBD, 0x0B,
    0xC0, 0xFC, 0xBE, 0x03, 0x80, 0xFC, 0xBE, 0x00, 0x01, 0xFC, 0xBF, 0x00, 0x02, 0xFC, 0x7F, 0x40,
    0x03, 0xF8, 0x3F, 0xC0, 0x0B, 0xF8, 0x3F, 0xF9, 0x6F, 0xF4, 0x2F, 0xFF, 0xFF, 0xF0, 0x0F, 0xFF,
    0xFF, 0xE0, 0x07, 0xFF, 0xFF, 0xC0, 0x02, 0xFF, 0xFF, 0x00, 0x00, 0x2F, 0xF4, 0x00, 0x00, 0x04,
    0x00, 0x00, 0x7F, 0xC0, 0x00, 0xFF, 0xF0, 0x00, 0x7E, 0xFC, 0x00, 0x18, 0x3F, 0x00, 0x00, 0x0F,
    0xC0, 0x00, 0x03, 0xF0, 0x00, 0x00, 0xFC, 0x00, 0x00, 0x3F, 0x00, 0x00, 0x1F, 0xC0, 0x00, 0x07,
    0xF0, 0x00, 0x01, 0xFC, 0x00, 0x00, 0x7F, 0x00, 0x00, 0x1F, 0xC0, 0x00, 0x0B, 0xF0, 0x00, 0x02,
    0xFC, 0x00, 0x00, 0xBF, 0x00, 0x00, 0x2F, 0xC0, 0x0B, 0xFF, 0xFF, 0xFA, 0xFF, 0xFF, 0xFE, 0xBF,
    0xFF, 0xFF, 0xAF, 0xFF, 0xFF, 0xE0, 0x00, 0x15, 0x00, 0x00, 0x2F, 0xFF, 0xE0, 0x03, 0xFF, 0xFF,
    0xF0, 0x1F, 0x90, 0x1F, 0xF0, 0x50, 0x00, 0x0F, 0xD0, 0x00, 0x00, 0x1F, 0xC0, 0x00, 0x00, 0x3F,
    0x00, 0x00, 0x00, 0xFC, 0x00, 0x00, 0x07, 0xF0, 0x00, 0x00, 0x3F, 0x80, 0x00, 0x02, 0xFD, 0x00,
    0x00, 0x1F, 0xF0, 0x00, 0x02, 0xFF, 0x00, 0x00, 0x3F, 0xF4, 0x00, 0x07, 0xFF, 0x40, 0x00, 0xBF,
    0xF8, 0x00, 0x0F, 0xFF, 0x40, 0x00, 0xBF, 0xF8, 0x00, 0x03, 0xFF, 0xFF, 0xFF, 0x0F, 0xFF, 0xFF,
    0xFC, 0x7F, 0xFF, 0xFF, 0xF2, 0xFF, 0xFF, 0xFF, 0xD0, 0x06, 0xFF, 0xE0, 0x00, 0xBF, 0xFF, 0xF8,
    0x02, 0x40, 0x01, 0xF8, 0x00, 0x00, 0x00, 0xF4, 0x00, 0x00, 0x01, 0xE0, 0x00, 0x00, 0x07, 0xC0,
    0x00, 0x00, 0x1E, 0x00, 0x00, 0x00, 0xF4, 0x00, 0x15, 0x6F, 0x80, 0x03, 0xFF, 0xF4, 0x00, 0x0F,
    0xFF, 0x90, 0x00, 0x00, 0x1F, 0xF0, 0x00, 0x00, 0x0B, 0xF0, 0x00, 0x00, 0x0F, 0xC0, 0x00, 0x00,
    0x3F, 0x40, 0x00, 0x00, 0xFD, 0x00, 0x00, 0x07, 0xF0, 0x69, 0x55, 0xFF, 0xC3, 0xFF, 0xFF, 0xFE,
    0x0F, 0xFF, 0xFF, 0xF0, 0xBF, 0xFF, 0xFE, 0x00, 0x6F, 0xFE, 0x80, 0x00, 0x00, 0x00, 0x04, 0x00,
    0x00, 0x00, 0x3C, 0x00, 0x00, 0x00, 0xBC, 0x00, 0x00, 0x01, 0xFD, 0x00, 0x00, 0x03, 0xFD, 0x00,
    0x00, 0x0F, 0xFD, 0x00, 0x00, 0x2F, 0x7E, 0x00, 0x00, 0x7F, 0x3E, 0x00, 0x00, 0xFC, 0x3E, 0x00,
    0x03, 0xF4, 0x3E, 0x00, 0x07, 0xF0, 0x3F, 0x00, 0x0F, 0xC0, 0x3F, 0x00, 0x3F, 0x40, 0x3F, 0x00,
    0xBF, 0xAA, 0xFF, 0xFC, 0xBF, 0xFF, 0xFF, 0xFC, 0x7F, 0xFF, 0xFF, 0xFC, 0x00, 0x00, 0x7F, 0x40,
    0x00, 0x00, 0x7F, 0x40, 0x00, 0x00, 0xBF, 0x40, 0x00, 0x00, 0xBF, 0x80, 0x00, 0x00, 0xBF, 0x80,
    0x00, 0x00, 0xBF, 0x80, 0x00, 0x00, 0x00, 0x00, 0xFF, 0xFF, 0xFE, 0x03, 0xFF, 0xFF, 0xF8, 0x0F,
    0x40, 0x00, 0x00, 0x3D, 0x00, 0x00, 0x00, 0xF4, 0x00, 0x00, 0x03, 0xD0, 0x00, 0x00, 0x0F, 0x40,
    0x00, 0x00, 0x3D, 0x00, 0x00, 0x00, 0xF9, 0x40, 0x00, 0x03, 0xFF, 0xFF, 0x40, 0x1F, 0xFF, 0xFF,
    0xC0, 0x14, 0x00, 0x2F, 0xC0, 0x00, 0x00, 0x2F, 0x80, 0x00, 0x00, 0x7F, 0x00, 0x00, 0x01, 0xFC,
    0x00, 0x00, 0x0B, 0xF0, 0x40, 0x00, 0x7F, 0xC3, 0xF9, 0x6F, 0xFE, 0x0F, 0xFF, 0xFF, 0xF0, 0x7F,
    0xFF, 0xFF, 0x82, 0xFF, 0xFF, 0xF4, 0x01, 0xBF, 0xF9, 0x00, 0x00, 0x00, 0x0B, 0xFF, 0xE0, 0x00,
    0xBF, 0xFF, 0xE0, 0x02, 0xFE, 0x55, 0x40, 0x0B, 0xE0, 0x00, 0x00, 0x0F, 0x80, 0x00, 0x00, 0x2F,
    0x00, 0x00, 0x00, 0x3E, 0x00, 0x00, 0x00, 0x7D, 0x00, 0x00, 0x00, 0x7D, 0x7F, 0xFD, 0x00, 0xBE,
    0xFF, 0xFF, 0xC0, 0xBF, 0xF4, 0x1F, 0xE0, 0xBF, 0x80, 0x03, 0xF4, 0xBF, 0x00, 0x01, 0xF8, 0xBF,
    0x00, 0x00, 0xFC, 0x7F, 0x00, 0x00, 0xFC, 0x3F, 0x00, 0x00, 0xFC, 0x3F, 0x40, 0x01, 0xFC, 0x2F,
    0xD0, 0x07, 0xF8, 0x0F, 0xFF, 0xFF, 0xF0, 0x07, 0xFF, 0xFF, 0xD0, 0x01, 0xFF, 0xFF, 0x40, 0x00,
    0x2F, 0xF8, 0x00, 0x00, 0x00, 0x00, 0x0B, 0xFF, 0xFF, 0xFF, 0xBF, 0xFF, 0xFF, 0xF0, 0x00, 0x01,
    0x7E, 0x00, 0x00, 0x07, 0xD0, 0x00, 0x00, 0xBD, 0x00, 0x00, 0x0F, 0xC0, 0x00, 0x00, 0xFC, 0x00,
    0x00, 0x1F, 0xC0, 0x00, 0x02, 0xF8, 0x00, 0x00, 0x3F, 0x80, 0x00, 0x07, 0xF4, 0x00, 0x00, 0xBF,
    0x40, 0x00, 0x0F, 0xF0, 0x00, 0x00, 0xFF, 0x00, 0x00, 0x1F, 0xF0, 0x00, 0x02, 0xFE, 0x00, 0x00,
    0x3F, 0xE0, 0x00, 0x03, 0xFD, 0x00, 0x00, 0xBF, 0xC0, 0x00, 0x0F, 0xFC, 0x00, 0x00, 0xFF, 0xC0,
    0x00, 0x1B, 0xFE, 0x00, 0x00, 0x2F, 0x96, 0xF8, 0x00, 0x2F, 0x00, 0x0F, 0x40, 0x0F, 0x40, 0x01,
    0xF0, 0x07, 0xC0, 0x00, 0x3D, 0x02, 0xF0, 0x00, 0x0F, 0x40, 0x7D, 0x00, 0x07, 0xD0, 0x0F, 0xC0,
    0x03, 0xF0, 0x02, 0xFD, 0x07, 0xF8, 0x00, 0x2F, 0xFF, 0xF8, 0x00, 0x02, 0xFF, 0xF4, 0x00, 0x07,
    0xFF, 0xFF, 0xC0, 0x07, 0xF4, 0x02, 0xFD, 0x03, 0xF4, 0x00, 0x2F, 0xC1, 0xFC, 0x00, 0x03, 0xF0,
    0xBE, 0x00, 0x00, 0xFD, 0x2F, 0xC0, 0x00, 0x3F, 0x8B, 0xF4, 0x00, 0x1F, 0xD0, 0xFF, 0x80, 0x2F,
    0xF0, 0x2F, 0xFF, 0xFF, 0xF4, 0x01, 0xFF, 0xFF, 0xF4, 0x00, 0x06, 0xFF, 0x90, 0x00, 0x00, 0x7F,
    0xF4, 0x00, 0x0F, 0xFF, 0xFC, 0x00, 0xFD, 0x02, 0xFC, 0x0B, 0xC0, 0x02, 0xF8, 0x7D, 0x00, 0x03,
    0xF2, 0xF0, 0x00, 0x0F, 0xDB, 0xC0, 0x00, 0x2F, 0xAF, 0x00, 0x00, 0xBF, 0x7C, 0x00, 0x01, 0xFD,
    0xF8, 0x00, 0x0B, 0xF3, 0xF8, 0x00, 0x7F, 0xC3, 0xFF, 0xFF, 0xFF, 0x07, 0xFF, 0xFF, 0xFC, 0x02,
    0xBF, 0xE7, 0xF0, 0x00, 0x00, 0x0F, 0xC0, 0x00, 0x00, 0x3E, 0x00, 0x00, 0x02, 0xF4, 0x10, 0x00,
    0x1F, 0xC0, 0xFF, 0xFF, 0xFF, 0x07, 0xFF, 0xFF, 0xF4, 0x1F, 0xFF, 0xFF, 0x80, 0x6F, 0xFF, 0xE0,
    0x00, 0x2F, 0xC3, 0xFC, 0x3F, 0xD7, 0xFD, 0x7F, 0xE1, 0x54, 0x00, 0x00, 0x00, 0x00, 0x00, 0x00,
    0x00, 0x00, 0x00, 0x00, 0x02, 0xFC, 0x3F, 0xC3, 0xFD, 0x7F, 0xDB, 0xFE, 0x00, 0x00, 0x0F, 0xF0,
    0x0F, 0xF0, 0x0F, 0xF0, 0x1F, 0xF4, 0x2F, 0xF4, 0x00, 0x00, 0x00, 0x00, 0x00, 0x00, 0x00, 0x00,
    0x00, 0x00, 0x00, 0x00, 0x00, 0x00, 0x0F, 0xFC, 0x0F, 0xF8, 0x0F, 0xF4, 0x1F, 0xF0, 0x1F, 0xF0,
    0x2F, 0xE0, 0x3F, 0xD0, 0x7F, 0xC0, 0x00, 0x00, 0x00, 0x00, 0x00, 0x00, 0x10, 0x00, 0x00, 0x00,
    0x01, 0xF0, 0x00, 0x00, 0x00, 0x2F, 0xF0, 0x00, 0x00, 0x02, 0xFF, 0xD0, 0x00, 0x00, 0x6F, 0xFD,
    0x00, 0x00, 0x07, 0xFF, 0xD0, 0x00, 0x00, 0xBF, 0xF9, 0x00, 0x00, 0x0B, 0xFF, 0x80, 0x00, 0x00,
    0xBF, 0xF8, 0x00, 0x00, 0x00, 0xBF, 0xD0, 0x00, 0x00, 0x00, 0xBF, 0xFE, 0x40, 0x00, 0x00, 0x2F,
    0xFF, 0xFE, 0x40, 0x00, 0x01, 0xBF, 0xFF, 0xF9, 0x00, 0x00, 0x02, 0xFF, 0xFF, 0xF8, 0x00, 0x00,
    0x06, 0xFF, 0xFC, 0x00, 0x00, 0x00, 0x1B, 0xFC, 0x00, 0x00, 0x00, 0x00, 0x2C, 0x00, 0x00, 0x15,
    0x42, 0xFF, 0xFF, 0xFC, 0x7F, 0xFF, 0xFF, 0xC0, 0x00, 0x00, 0x00, 0x00, 0x00, 0x00, 0x00, 0x00,
    0x00, 0x00, 0x00, 0x00, 0x01, 0x02, 0xBF, 0xFF, 0xFC, 0x7F, 0xFF, 0xFF, 0xC1, 0x50, 0x00, 0x00,
    0x10, 0x00, 0x00, 0x00, 0x00, 0x2E, 0x00, 0x00, 0x00, 0x00, 0x2F, 0xE4, 0x00, 0x00, 0x00, 0x0B,
    0xFF, 0x40, 0x00, 0x00, 0x00, 0xBF, 0xF8, 0x00, 0x00, 0x00, 0x0B, 0xFF, 0x80, 0x00, 0x00, 0x00,
    0xBF, 0xFD, 0x00, 0x00, 0x00, 0x07, 0xFF, 0xD0, 0x00, 0x00, 0x00, 0x7F, 0xFC, 0x00, 0x00, 0x00,
    0x0B, 0xFC, 0x00, 0x00, 0x02, 0xFF, 0xFC, 0x00, 0x01, 0xBF, 0xFF, 0xF8, 0x01, 0xBF, 0xFF, 0xFD,
    0x00, 0x7F, 0xFF, 0xFE, 0x40, 0x00, 0xBF, 0xFF, 0x90, 0x00, 0x00, 0xBF, 0xD0, 0x00, 0x00, 0x00,
    0xA4, 0x00, 0x00, 0x00, 0x00, 0x00, 0x00, 0x00, 0x00, 0x00, 0x15, 0x50, 0x00, 0x02, 0xFF, 0xFF,
    0x40, 0x0F, 0xFF, 0xFF, 0xE0, 0x2F, 0xD0, 0x6F, 0xF4, 0x1E, 0x00, 0x03, 0xFC, 0x00, 0x00, 0x00,
    0xFD, 0x00, 0x00, 0x00, 0xBE, 0x00, 0x00, 0x00, 0xBE, 0x00, 0x00, 0x00, 0xBE, 0x00, 0x00, 0x00,
    0xBE, 0x00, 0x00, 0x00, 0xFD, 0x00, 0x00, 0x00, 0xFC, 0x00, 0x00, 0x03, 0xF8, 0x00, 0x00, 0x0B,
    0xF0, 0x00, 0x00, 0x2F, 0xD0, 0x00, 0x00, 0xFF, 0x80, 0x00, 0x0B, 0xFF, 0x00, 0x00, 0x1F, 0xF8,
    0x00, 0x00, 0x1F, 0xE0, 0x00, 0x00, 0x1F, 0xE0, 0x00, 0x00, 0x1F, 0xE0, 0x00, 0x00, 0x1F, 0xE0,
    0x00, 0x00, 0x1F, 0xE0, 0x00, 0x00, 0x1F, 0xD0, 0x00, 0x00, 0x04, 0x00, 0x00, 0x00, 0x00, 0x00,
    0x00, 0x00, 0x00, 0x00, 0x00, 0x00, 0x0B, 0xD0, 0x00, 0x00, 0x0F, 0xD0, 0x00, 0x00, 0x1F, 0xE0,
    0x00, 0x00, 0x2F, 0xE0, 0x00, 0x00, 0x2F, 0xF0, 0x00, 0x00, 0x00, 0x00, 0x00, 0x00, 0x00, 0x00,
    0x00, 0x00, 0x06, 0xFF, 0x90, 0x00, 0x00, 0x00, 0x0B, 0xFF, 0xFF, 0xC0, 0x00, 0x00, 0x07, 0xF9,
    0x00, 0x7F, 0x40, 0x00, 0x02, 0xF8, 0x00, 0x00, 0x7C, 0x00, 0x00, 0xBC, 0x00, 0x00, 0x00, 0xF0,
    0x00, 0x2F, 0x40, 0x00, 0x00, 0x07, 0x80, 0x03, 0xE0, 0x0B, 0xEA, 0x00, 0x3C, 0x00, 0xFC, 0x03,
    0xE7, 0xF0, 0x02, 0xC0, 0x0F, 0x80, 0x70, 0x0F, 0x00, 0x1D, 0x01, 0xF8, 0x0A, 0x00, 0xF0, 0x01,
    0xD0, 0x2F, 0x40, 0xD0, 0x0B, 0x00, 0x2D, 0x02, 0xF8, 0x0D, 0x00, 0xF0, 0x03, 0xC0, 0x2F, 0xC0,
    0xFA, 0xBF, 0x40, 0xB8, 0x02, 0xFC, 0x07, 0xFF, 0xF4, 0x3F, 0x00, 0x2F, 0xE0, 0x1F, 0xE3, 0xFF,
    0xC0, 0x01, 0xFF, 0x40, 0x00, 0x0F, 0xE0, 0x00, 0x0F, 0xFD, 0x00, 0x00, 0x00, 0x00, 0x00, 0x7F,
    0xF8, 0x00, 0x00, 0x00, 0x00, 0x02, 0xFF, 0xF9, 0x55, 0xBD, 0x00, 0x00, 0x0B, 0xFF, 0xFF, 0xFF,
    0xE0, 0x00, 0x00, 0x2F, 0xFF, 0xFF, 0xFF, 0x00, 0x00, 0x00, 0x2F, 0xFF, 0xFF, 0xF0, 0x00, 0x00,
    0x00, 0x1B, 0xFF, 0xE9, 0x00, 0x00, 0x00, 0x00, 0x00, 0x00, 0x00, 0x00, 0x00, 0x00, 0x0F, 0xD0,
    0x00, 0x00, 0x00, 0x00, 0xBF, 0x80, 0x00, 0x00, 0x00, 0x03, 0xFF, 0x00, 0x00, 0x00, 0x00, 0x1F,
    0xFD, 0x00, 0x00, 0x00, 0x00, 0xBE, 0xFC, 0x00, 0x00, 0x00, 0x03, 0xF3, 0xF0, 0x00, 0x00, 0x00,
    0x1F, 0x8B, 0xE0, 0x00, 0x00, 0x00, 0xFD, 0x1F, 0xC0, 0x00, 0x00, 0x03, 0xF0, 0x3F, 0x40, 0x00,
    0x00, 0x2F, 0x80, 0xBE, 0x00, 0x00, 0x00, 0xFD, 0x01, 0xFC, 0x00, 0x00, 0x07, 0xF0, 0x03, 0xF4,
    0x00, 0x00, 0x2F, 0x80, 0x0B, 0xF0, 0x00, 0x00, 0xFD, 0x00, 0x1F, 0xC0, 0x00, 0x07, 0xF0, 0x00,
    0x3F, 0x80, 0x00, 0x3F, 0x80, 0x00, 0xBF, 0x00, 0x00, 0xFD, 0x00, 0x00, 0xFD, 0x00, 0x0B, 0xFF,
    0xFF, 0xFF, 0xFC, 0x00, 0x3F, 0xFF, 0xFF, 0xFF, 0xF0, 0x01, 0xFF, 0xFF, 0xFF, 0xFF, 0xE0, 0x0F,
    0xFF, 0xFF, 0xFF, 0xFF, 0xC0, 0x3F, 0xC0, 0x00, 0x00, 0xFF, 0x42, 0xFE, 0x00, 0x00, 0x02, 0xFE,
    0x0F, 0xF4, 0x00, 0x00, 0x07, 0xFC, 0x7F, 0xC0, 0x00, 0x00, 0x0F, 0xF4, 0x15, 0x55, 0x50, 0x00,
    0x01, 0xFF, 0xFF, 0xFE, 0x00, 0x07, 0xFF, 0xFF, 0xFF, 0x00, 0x1F, 0xC0, 0x00, 0xBF, 0x00, 0x7F,
    0x00, 0x00, 0xBD, 0x01, 0xFC, 0x00, 0x00, 0xF8, 0x07, 0xF0, 0x00, 0x03, 0xE0, 0x1F, 0xC0, 0x00,
    0x1F, 0x80, 0x7F, 0x00, 0x01, 0xFC, 0x01, 0xFF, 0xFF, 0xFF, 0xD0, 0x07, 0xFF, 0xFF, 0xF8, 0x00,
    0x1F, 0xFF, 0xFF, 0xFE, 0x00, 0x7F, 0x00, 0x01, 0xFF, 0x41, 0xFC, 0x00, 0x00, 0xBF, 0x07, 0xF0,
    0x00, 0x00, 0xFD, 0x1F, 0xC0, 0x00, 0x02, 0xF8, 0x7F, 0x00, 0x00, 0x0F, 0xF1, 0xFC, 0x00, 0x00,
    0x3F, 0xC7, 0xF0, 0x00, 0x01, 0xFF, 0x1F, 0xC0, 0x00, 0x2F, 0xFC, 0x7F, 0xFF, 0xFF, 0xFF, 0xE1,
    0xFF, 0xFF, 0xFF, 0xFF, 0x47, 0xFF, 0xFF, 0xFF, 0xF8, 0x1F, 0xFF, 0xFF, 0xFF, 0x80, 0x7F, 0xFF,
    0xFF, 0xE0, 0x00, 0x00, 0x00, 0x00, 0x00, 0x00, 0x00, 0x00, 0x01, 0xBF, 0xF9, 0x00, 0x00, 0x6F,
    0xFF, 0xFE, 0x00, 0x02, 0xFF, 0xFF, 0xFD, 0x00, 0x0F, 0xFF, 0x55, 0x68, 0x00, 0x3F, 0xF4, 0x00,
    0x00, 0x00, 0xFF, 0xC0, 0x00, 0x00, 0x01, 0xFF, 0x00, 0x00, 0x00, 0x03, 0xFC, 0x00, 0x00, 0x00,
    0x07, 0xF8, 0x00, 0x00, 0x00, 0x0B, 0xF0, 0x00, 0x00, 0x00, 0x0F, 0xF0, 0x00, 0x00, 0x00, 0x0F,
    0xE0, 0x00, 0x00, 0x00, 0x1F, 0xE0, 0x00, 0x00, 0x00, 0x1F, 0xE0, 0x00, 0x00, 0x00, 0x1F, 0xF0,
    0x00, 0x00, 0x00, 0x1F, 0xF4, 0x00, 0x00, 0x00, 0x1F, 0xFC, 0x00, 0x00, 0x00, 0x0F, 0xFF, 0x80,
    0x00, 0x05, 0x0F, 0xFF, 0xFA, 0x56, 0xBE, 0x0B, 0xFF, 0xFF, 0xFF, 0xFE, 0x03, 0xFF, 0xFF, 0xFF,
    0xFE, 0x01, 0xFF, 0xFF, 0xFF, 0xFE, 0x00, 0xBF, 0xFF, 0xFF, 0xFE, 0x00, 0x2F, 0xFF, 0xFF, 0xFE,
    0x00, 0x02, 0xFF, 0xFF, 0xA4, 0x00, 0x00, 0x00, 0x00, 0x00, 0x7F, 0xFF, 0xE9, 0x00, 0x00, 0x01,
    0xFF, 0xFF, 0xFF, 0x80, 0x00, 0x07, 0xFF, 0xFF, 0xFF, 0xE0, 0x00, 0x1F, 0xFF, 0xFF, 0xFF, 0xE0,
    0x00, 0x7F, 0x00, 0x06, 0xFF, 0xE0, 0x01, 0xFC, 0x00, 0x00, 0xBF, 0xD0, 0x07, 0xF0, 0x00, 0x00,
    0xBF, 0xC0, 0x1F, 0xC0, 0x00, 0x00, 0xBF, 0x80, 0x7F, 0x00, 0x00, 0x00, 0xFF, 0x01, 0xFC, 0x00,
    0x00, 0x03, 0xFD, 0x07, 0xF0, 0x00, 0x00, 0x0B, 0xF8, 0x1F, 0xC0, 0x00, 0x00, 0x1F, 0xF0, 0x7F,
    0x00, 0x00, 0x00, 0x3F, 0xC1, 0xFC, 0x00, 0x00, 0x00, 0xFF, 0x07, 0xF0, 0x00, 0x00, 0x03, 0xFC,
    0x1F, 0xC0, 0x00, 0x00, 0x1F, 0xF0, 0x7F, 0x00, 0x00, 0x00, 0xFF, 0xC1, 0xFC, 0x00, 0x00, 0x1F,
    0xFF, 0x07, 0xF5, 0x55, 0x5B, 0xFF, 0xF8, 0x1F, 0xFF, 0xFF, 0xFF, 0xFF, 0xC0, 0x7F, 0xFF, 0xFF,
    0xFF, 0xFE, 0x01, 0xFF, 0xFF, 0xFF, 0xFF, 0xE0, 0x07, 0xFF, 0xFF, 0xFF, 0xFE, 0x00, 0x1F, 0xFF,
    0xFF, 0xFF, 0x80, 0x00, 0x7F, 0xFF, 0xFE, 0x90, 0x00, 0x00, 0x00, 0x00, 0x01, 0x55, 0x0B, 0xFF,
    0xFF, 0xFF, 0x82, 0xFF, 0xFF, 0xFF, 0xE0, 0xFF, 0xFF, 0xFF, 0xE0, 0x3F, 0x90, 0x00, 0x00, 0x0F,
    0xD0, 0x00, 0x00, 0x03, 0xF4, 0x00, 0x00, 0x00, 0xFD, 0x00, 0x00, 0x00, 0x3F, 0x40, 0x00, 0x00,
    0x0F, 0xD0, 0x00, 0x00, 0x03, 0xF9, 0x56, 0xA4, 0x00, 0xFF, 0xFF, 0xFD, 0x00, 0x3F, 0xFF, 0xFF,
    0x40, 0x0F, 0xFF, 0xFF, 0xD0, 0x03, 0xF8, 0x00, 0x00, 0x00, 0xFD, 0x00, 0x00, 0x00, 0x3F, 0x40,
    0x00, 0x00, 0x0F, 0xD0, 0x00, 0x00, 0x07, 0xF4, 0x00, 0x00, 0x01, 0xFD, 0x00, 0x00, 0x00, 0x7F,
    0xFF, 0xFF, 0xFD, 0x1F, 0xFF, 0xFF, 0xFF, 0x87, 0xFF, 0xFF, 0xFF, 0xF1, 0xFF, 0xFF, 0xFF, 0xFC,
    0x7F, 0xFF, 0xFF, 0xFF, 0x40, 0x05, 0x56, 0xAA, 0xA4, 0x3F, 0xFF, 0xFF, 0xD1, 0xFF, 0xFF, 0xFF,
    0x47, 0xF4, 0x00, 0x00, 0x1F, 0xC0, 0x00, 0x00, 0x7F, 0x00, 0x00, 0x01, 0xFC, 0x00, 0x00, 0x0B,
    0xF0, 0x00, 0x00, 0x2F, 0x80, 0x00, 0x00, 0xBF, 0xFF, 0xFF, 0x02, 0xFF, 0xFF, 0xFC, 0x0F, 0xFF,
    0xFF, 0xF0, 0x3F, 0xEA, 0xA9, 0x40, 0xFF, 0x00, 0x00, 0x03, 0xFC, 0x00, 0x00, 0x0F, 0xF0, 0x00,
    0x00, 0x3F, 0xC0, 0x00, 0x00, 0xFF, 0x00, 0x00, 0x03, 0xFC, 0x00, 0x00, 0x0F, 0xF0, 0x00, 0x00,
    0x3F, 0xC0, 0x00, 0x01, 0xFF, 0x00, 0x00, 0x07, 0xFC, 0x00, 0x00, 0x1F, 0xF0, 0x00, 0x00, 0x7F,
    0xC0, 0x00, 0x00, 0x00, 0x00, 0x00, 0x00, 0x00, 0x00, 0x00, 0x06, 0xBF, 0xFF, 0xD0, 0x00, 0x02,
    0xFF, 0xFF, 0xFF, 0xC0, 0x00, 0x7F, 0xFF, 0xEA, 0xBF, 0x40, 0x07, 0xFF, 0x40, 0x00, 0x00, 0x00,
    0x3F, 0xF0, 0x00, 0x00, 0x00, 0x02, 0xFF, 0x00, 0x00, 0x00, 0x00, 0x0F, 0xF8, 0x00, 0x00, 0x00,
    0x00, 0x3F, 0xC0, 0x00, 0x00, 0x00, 0x01, 0xFF, 0x00, 0x00, 0x00, 0x00, 0x07, 0xFC, 0x00, 0x00,
    0x00, 0x00, 0x1F, 0xE0, 0x00, 0x00, 0x00, 0x00, 0x7F, 0x80, 0x00, 0x00, 0x00, 0x01, 0xFE, 0x00,
    0x00, 0x95, 0x00, 0x07, 0xF8, 0x00, 0x02, 0xFF, 0xFE, 0x5F, 0xF0, 0x00, 0x07, 0xFF, 0xFE, 0x3F,
    0xC0, 0x00, 0x00, 0x6F, 0xFC, 0xFF, 0x40, 0x00, 0x00, 0x3F, 0x53, 0xFF, 0x00, 0x00, 0x00, 0xFC,
    0x0B, 0xFE, 0x00, 0x00, 0x07, 0xF0, 0x1F, 0xFF, 0xA5, 0x56, 0xBF, 0xC0, 0x3F, 0xFF, 0xFF, 0xFF,
    0xFF, 0x00, 0x7F, 0xFF, 0xFF, 0xFF, 0xFC, 0x00, 0x7F, 0xFF, 0xFF, 0xFF, 0xF0, 0x00, 0x7F, 0xFF,
    0xFF, 0xFE, 0x00, 0x00, 0x06, 0xFF, 0xFE, 0x40, 0x00, 0x1A, 0x40, 0x00, 0x00, 0x69, 0x0F, 0xE0,
    0x00, 0x00, 0x3F, 0x83, 0xF8, 0x00, 0x00, 0x0F, 0xF0, 0xFE, 0x00, 0x00, 0x03, 0xFC, 0x3F, 0xC0,
    0x00, 0x00, 0xFF, 0x0F, 0xF0, 0x00, 0x00, 0x3F, 0xC3, 0xFC, 0x00, 0x00, 0x0F, 0xF0, 0xFF, 0x00,
    0x00, 0x03, 0xFC, 0x3F, 0xC0, 0x00, 0x00, 0xFF, 0x0F, 0xF0, 0x00, 0x00, 0x3F, 0xC3, 0xFC, 0x00,
    0x00, 0x0F, 0xF0, 0xFF, 0x00, 0x00, 0x03, 0xFC, 0x3F, 0xC0, 0x00, 0x00, 0xFF, 0x0F, 0xF9, 0x55,
    0x55, 0xBF, 0xC3, 0xFF, 0xFF, 0xFF, 0xFF, 0xF4, 0xFF, 0xFF, 0xFF, 0xFF, 0xFD, 0x3F, 0xFF, 0xFF,
    0xFF, 0xFF, 0x5F, 0xFF, 0xFF, 0xFF, 0xFF, 0xD7, 0xFF, 0xFF, 0xFF, 0xFF, 0xF5, 0xFF, 0x40, 0x00,
    0x07, 0xFD, 0x7F, 0xD0, 0x00, 0x01, 0xFF, 0x5F, 0xF4, 0x00, 0x00, 0x7F, 0xE7, 0xFD, 0x00, 0x00,
    0x1F, 0xF9, 0xFF, 0x40, 0x00, 0x0B, 0xFE, 0x7F, 0xE0, 0x00, 0x02, 0xFF, 0x80, 0xAA, 0x4B, 0xF4,
    0xBF, 0x4B, 0xF4, 0x7F, 0x47, 0xF4, 0x7F, 0x47, 0xF4, 0x7F, 0x47, 0xF4, 0x7F, 0x47, 0xF4, 0x7F,
    0x47, 0xF4, 0x7F, 0x87, 0xF8, 0x7F, 0x87, 0xF8, 0x7F, 0xCB, 0xFC, 0xBF, 0xCB, 0xFC, 0xFF, 0xCF,
    0xFC, 0xFF, 0xC0, 0x00, 0x01, 0xA9, 0x00, 0x02, 0xFD, 0x00, 0x02, 0xFD, 0x00, 0x03, 0xFD, 0x00,
    0x03, 0xFD, 0x00, 0x03, 0xFC, 0x00, 0x03, 0xFC, 0x00, 0x03, 0xFC, 0x00, 0x03, 0xFC, 0x00, 0x03,
    0xFC, 0x00, 0x03, 0xFC, 0x00, 0x03, 0xFC, 0x00, 0x03, 0xFC, 0x00, 0x03, 0xFC, 0x00, 0x03, 0xFC,
    0x00, 0x03, 0xF8, 0x00, 0x03, 0xF8, 0x00, 0x03, 0xF8, 0x00, 0x07, 0xF8, 0x00, 0x07, 0xF8, 0x00,
    0x07, 0xF4, 0x00, 0x07, 0xF4, 0x00, 0x07, 0xF4, 0x00, 0x07, 0xF4, 0x00, 0x0B, 0xF0, 0x00, 0x0F,
    0xF0, 0x10, 0x7F, 0xF0, 0x7F, 0xFF, 0xE0, 0x7F, 0xFF, 0xD0, 0x7F, 0xFF, 0x80, 0x7F, 0xFE, 0x00,
    0x7F, 0xE4, 0x00, 0x00, 0x00, 0x00, 0x07, 0xF0, 0x01, 0xFF, 0x00, 0x07, 0xF0, 0x03, 0xFD, 0x00,
    0x0B, 0xF0, 0x07, 0xF8, 0x00, 0x0B, 0xF0, 0x0F, 0xF0, 0x00, 0x0B, 0xF0, 0x2F, 0xE0, 0x00, 0x0F,
    0xF0, 0x7F, 0xC0, 0x00, 0x0F, 0xE0, 0xFF, 0x40, 0x00, 0x0F, 0xE1, 0xFE, 0x00, 0x00, 0x0F, 0xE3,
    0xFC, 0x00, 0x00, 0x0F, 0xEB, 0xF8, 0x00, 0x00, 0x0F, 0xFF, 0xF0, 0x00, 0x00, 0x1F, 0xFF, 0xD0,
    0x00, 0x00, 0x1F, 0xFF, 0x80, 0x00, 0x00, 0x1F, 0xFF, 0x40, 0x00, 0x00, 0x2F, 0xFF, 0xC0, 0x00,
    0x00, 0x2F, 0xFF, 0xF0, 0x00, 0x00, 0x2F, 0xFF, 0xFC, 0x00, 0x00, 0x3F, 0xCF, 0xFF, 0x00, 0x00,
    0x3F, 0xC3, 0xFF, 0xC0, 0x00, 0x3F, 0xC1, 0xFF, 0xF0, 0x00, 0x3F, 0xC0, 0xBF, 0xFC, 0x00, 0x3F,
    0xC0, 0x3F, 0xFF, 0x00, 0x7F, 0xC0, 0x0F, 0xFF, 0xC0, 0x7F, 0xC0, 0x07, 0xFF, 0xF0, 0x7F, 0xC0,
    0x02, 0xFF, 0xFC, 0x0A, 0x80, 0x00, 0x00, 0x1F, 0xC0, 0x00, 0x00, 0x1F, 0xC0, 0x00, 0x00, 0x1F,
    0xC0, 0x00, 0x00, 0x1F, 0xC0, 0x00, 0x00, 0x2F, 0xC0, 0x00, 0x00, 0x2F, 0xC0, 0x00, 0x00, 0x2F,
    0xC0, 0x00, 0x00, 0x2F, 0xC0, 0x00, 0x00, 0x2F, 0xC0, 0x00, 0x00, 0x3F, 0xC0, 0x00, 0x00, 0x3F,
    0xC0, 0x00, 0x00, 0x3F, 0xC0, 0x00, 0x00, 0x3F, 0xC0, 0x00, 0x00, 0x3F, 0x80, 0x00, 0x00, 0x3F,
    0x80, 0x00, 0x00, 0x3F, 0x80, 0x00, 0x00, 0x3F, 0x80, 0x00, 0x00, 0x3F, 0x80, 0x00, 0x00, 0x3F,
    0x80, 0x00, 0x00, 0x7F, 0xEA, 0xAF, 0xFF, 0x7F, 0xFF, 0xFF, 0xFF, 0x7F, 0xFF, 0xFF, 0xFF, 0x7F,
    0xFF, 0xFF, 0xFF, 0x7F, 0xFF, 0xFF, 0xFF, 0x0A, 0xA8, 0x00, 0x00, 0x02, 0xA9, 0x00, 0xFF, 0xD0,
    0x00, 0x00, 0x7F, 0xE0, 0x0F, 0xFE, 0x00, 0x00, 0x0F, 0xFF, 0x01, 0xFF, 0xF0, 0x00, 0x00, 0xFF,
    0xF0, 0x1F, 0xFF, 0x80, 0x00, 0x2F, 0xFF, 0x01, 0xFF, 0xFC, 0x00, 0x03, 0xFF, 0xF0, 0x1F, 0xFF,
    0xD0, 0x00, 0x7F, 0xFF, 0x02, 0xFF, 0xFF, 0x00, 0x0F, 0xFF, 0xF0, 0x2F, 0xEF, 0xF0, 0x00, 0xFF,
    0xBF, 0x42, 0xFD, 0xFF, 0x80, 0x2F, 0xEB, 0xF4, 0x2F, 0xCF, 0xFC, 0x03, 0xFD, 0xBF, 0x42, 0xFC,
    0x7F, 0xD0, 0x7F, 0xCB, 0xF8, 0x3F, 0xC3, 0xFF, 0x0F, 0xF8, 0xBF, 0x83, 0xFC, 0x2F, 0xF0, 0xFF,
    0x0F, 0xF8, 0x3F, 0xC0, 0xFF, 0xAF, 0xF0, 0xFF, 0xC3, 0xFC, 0x0F, 0xFF, 0xFD, 0x0F, 0xFC, 0x3F,
    0xD0, 0x7F, 0xFF, 0xC0, 0xFF, 0xC3, 0xFD, 0x03, 0xFF, 0xFC, 0x0F, 0xFC, 0x3F, 0xD0, 0x2F, 0xFF,
    0x40, 0xFF, 0xC3, 0xFD, 0x00, 0xFF, 0xF0, 0x0F, 0xFC, 0x3F, 0xE0, 0x0F, 0xFE, 0x01, 0xFF, 0xC7,
    0xFE, 0x00, 0x7F, 0xD0, 0x1F, 0xFD, 0x7F, 0xE0, 0x03, 0xFC, 0x01, 0xFF, 0xD7, 0xFE, 0x00, 0x00,
    0x00, 0x2F, 0xFD, 0x7F, 0xF0, 0x00, 0x00, 0x02, 0xFF, 0xE0, 0x00, 0x00, 0x00, 0x00, 0x2A, 0x81,
    0xFE, 0x00, 0x00, 0x0F, 0xF0, 0xBF, 0xC0, 0x00, 0x03, 0xFC, 0x2F, 0xF8, 0x00, 0x00, 0xFE, 0x0F,
    0xFF, 0x00, 0x00, 0x3F, 0x83, 0xFF, 0xE0, 0x00, 0x0F, 0xE0, 0xFF, 0xFC, 0x00, 0x07, 0xF8, 0x3F,
    0xFF, 0x40, 0x01, 0xFD, 0x0F, 0xEF, 0xF0, 0x00, 0x7F, 0x43, 0xFA, 0xFD, 0x00, 0x2F, 0xD1, 0xFE,
    0x3F, 0xC0, 0x0B, 0xF4, 0x7F, 0x8B, 0xF4, 0x02, 0xFD, 0x1F, 0xE0, 0xFF, 0x00, 0xFF, 0x0B, 0xF8,
    0x2F, 0xD0, 0x3F, 0xC2, 0xFE, 0x03, 0xFC, 0x0F, 0xF0, 0xBF, 0x80, 0xBF, 0x43, 0xFC, 0x3F, 0xF0,
    0x0F, 0xE0, 0xFF, 0x0F, 0xFC, 0x03, 0xFC, 0x3F, 0xC3, 0xFF, 0x00, 0x7F, 0x9F, 0xF0, 0xFF, 0xC0,
    0x0F, 0xF7, 0xFC, 0x3F, 0xF0, 0x01, 0xFF, 0xFF, 0x0F, 0xFC, 0x00, 0x3F, 0xFF, 0x87, 0xFF, 0x00,
    0x07, 0xFF, 0xE1, 0xFF, 0xC0, 0x00, 0xFF, 0xF8, 0x7F, 0xF0, 0x00, 0x1F, 0xFE, 0x00, 0x00, 0x01,
    0xBF, 0xF9, 0x00, 0x00, 0x00, 0x7F, 0xFF, 0xFF, 0x80, 0x00, 0x0B, 0xFF, 0xEF, 0xFF, 0xD0, 0x00,
    0xFF, 0xE0, 0x01, 0xFF, 0xD0, 0x0B, 0xFD, 0x00, 0x00, 0xFF, 0xC0, 0x3F, 0xD0, 0x00, 0x00, 0xFF,
    0x82, 0xFE, 0x00, 0x00, 0x01, 0xFF, 0x0F, 0xF0, 0x00, 0x00, 0x03, 0xFD, 0x3F, 0xC0, 0x00, 0x00,
    0x07, 0xF5, 0xFD, 0x00, 0x00, 0x00, 0x0F, 0xE7, 0xF0, 0x00, 0x00, 0x00, 0x3F, 0x9F, 0xC0, 0x00,
    0x00, 0x00, 0xBF, 0x7F, 0x00, 0x00, 0x00, 0x02, 0xFD, 0xFC, 0x00, 0x00, 0x00, 0x0B, 0xE7, 0xF0,
    0x00, 0x00, 0x00, 0x3F, 0x9F, 0xD0, 0x00, 0x00, 0x00, 0xFE, 0x3F, 0xC0, 0x00, 0x00, 0x0B, 0xF4,
    0xFF, 0xC0, 0x00, 0x00, 0xBF, 0xC2, 0xFF, 0xF5, 0x01, 0x6F, 0xFF, 0x03, 0xFF, 0xFF, 0xFF, 0xFF,
    0xF8, 0x0B, 0xFF, 0xFF, 0xFF, 0xFF, 0xC0, 0x0F, 0xFF, 0xFF, 0xFF, 0xFE, 0x00, 0x0F, 0xFF, 0xFF,
    0xFF, 0xE0, 0x00, 0x0B, 0xFF, 0xFF, 0xFD, 0x00, 0x00, 0x01, 0xBF, 0xFE, 0x40, 0x00, 0x00, 0x00,
    0x00, 0x00, 0x00, 0x00, 0x1F, 0xFF, 0xFE, 0x00, 0x07, 0xFF, 0xFF, 0xF8, 0x02, 0xFE, 0xAF, 0xFF,
    0xC0, 0xBE, 0x00, 0x07, 0xFC, 0x2F, 0x80, 0x00, 0x3F, 0x0B, 0xE0, 0x00, 0x0B, 0xD2, 0xF8, 0x00,
    0x02, 0xF8, 0xFE, 0x00, 0x00, 0xFD, 0x3F, 0x80, 0x00, 0x3F, 0x4F, 0xE0, 0x00, 0xBF, 0xC3, 0xFF,
    0xFF, 0xFF, 0xE0, 0xFF, 0xFF, 0xFF, 0xF0, 0x3F, 0xFF, 0xFF, 0xD0, 0x0F, 0xFE, 0xA9, 0x00, 0x03,
    0xFC, 0x00, 0x00, 0x00, 0xFF, 0x00, 0x00, 0x00, 0x7F, 0xC0, 0x00, 0x00, 0x1F, 0xF0, 0x00, 0x00,
    0x07, 0xFC, 0x00, 0x00, 0x01, 0xFF, 0x00, 0x00, 0x00, 0xBF, 0xC0, 0x00, 0x00, 0x2F, 0xF0, 0x00,
    0x00, 0x0B, 0xFD, 0x00, 0x00, 0x02, 0xFF, 0x40, 0x00, 0x00, 0xBF, 0xD0, 0x00, 0x00, 0x00, 0x00,
    0x00, 0x6F, 0xFE, 0x00, 0x00, 0x00, 0x01, 0xFF, 0xFF, 0xF8, 0x00, 0x00, 0x02, 0xFF, 0xEB, 0xFF,
    0xD0, 0x00, 0x02, 0xFF, 0x40, 0x07, 0xFD, 0x00, 0x02, 0xFE, 0x00, 0x00, 0x3F, 0xC0, 0x00, 0xFE,
    0x00, 0x00, 0x03, 0xF8, 0x00, 0xBF, 0x00, 0x00, 0x00, 0x7F, 0x00, 0x3F, 0x80, 0x00, 0x00, 0x0F,
    0xE0, 0x1F, 0xC0, 0x00, 0x00, 0x02, 0xFC, 0x0B, 0xF0, 0x00, 0x00, 0x00, 0x7F, 0x03, 0xF8, 0x00,
    0x00, 0x00, 0x1F, 0xC0, 0xFE, 0x00, 0x00, 0x00, 0x03, 0xF0, 0x3F, 0x80, 0x00, 0x00, 0x00, 0xFD,
    0x0F, 0xE0, 0x00, 0x00, 0x00, 0x3F, 0x03, 0xF8, 0x00, 0x00, 0x00, 0x1F, 0xC0, 0xFF, 0x00, 0x00,
    0x00, 0x0B, 0xF0, 0x3F, 0xC0, 0x00, 0x00, 0x03, 0xFC, 0x0B, 0xF8, 0x00, 0x1E, 0x01, 0xFE, 0x01,
    0xFF, 0x80, 0x0F, 0xFE, 0xFF, 0x40, 0x3F, 0xFE, 0xAB, 0xFF, 0xFF, 0xC0, 0x0B, 0xFF, 0xFF, 0xFF,
    0xFF, 0xD0, 0x00, 0xFF, 0xFF, 0xFF, 0xFF, 0xE0, 0x00, 0x0F, 0xFF, 0xFF, 0xFF, 0xF0, 0x00, 0x00,
    0xFF, 0xFF, 0xFF, 0xF8, 0x00, 0x00, 0x02, 0xBF, 0xFF, 0xFF, 0x80, 0x00, 0x00, 0x00, 0x03, 0xFF,
    0xF8, 0x00, 0x00, 0x00, 0x00, 0x7F, 0xFF, 0x40, 0x00, 0x00, 0x00, 0x07, 0xFF, 0xF4, 0x00, 0x00,
    0x00, 0x00, 0x7F, 0xFF, 0x00, 0x0A, 0xAA, 0x94, 0x00, 0x00, 0xFF, 0xFF, 0xF8, 0x00, 0x0F, 0xFF,
    0xFF, 0xF0, 0x00, 0xF0, 0x00, 0x7F, 0x80, 0x0F, 0x00, 0x00, 0xFC, 0x01, 0xF0, 0x00, 0x0B, 0xD0,
    0x1F, 0x00, 0x00, 0x7E, 0x01, 0xF0, 0x00, 0x0B, 0xE0, 0x1F, 0x00, 0x01, 0xFD, 0x02, 0xF0, 0x00,
    0xBF, 0xC0, 0x2F, 0xFF, 0xFF, 0xF8, 0x02, 0xFF, 0xFF, 0xFD, 0x00, 0x2F, 0xFF, 0xFF, 0x80, 0x03,
    0xFF, 0xFF, 0xFF, 0x00, 0x3F, 0xE5, 0x6F, 0xF8, 0x03, 0xFC, 0x00, 0x2F, 0xD0, 0x3F, 0xC0, 0x00,
    0xFE, 0x03, 0xFD, 0x00, 0x0F, 0xF0, 0x3F, 0xD0, 0x00, 0xFF, 0x03, 0xFD, 0x00, 0x0F, 0xF4, 0x3F,
    0xD0, 0x00, 0xFF, 0x87, 0xFE, 0x00, 0x0F, 0xFC, 0x7F, 0xE0, 0x00, 0xFF, 0xC7, 0xFE, 0x00, 0x0F,
    0xFD, 0x7F, 0xE0, 0x00, 0xFF, 0xE0, 0x00, 0x00, 0x16, 0x55, 0x00, 0x00, 0x00, 0x2F, 0xFF, 0xFF,
    0xC0, 0x00, 0x03, 0xFF, 0xFF, 0xFF, 0x00, 0x00, 0x3F, 0xFF, 0xFF, 0xFC, 0x00, 0x01, 0xFF, 0xE4,
    0x00, 0x50, 0x00, 0x0B, 0xF8, 0x00, 0x00, 0x00, 0x00, 0x3F, 0xC0, 0x00, 0x00, 0x00, 0x00, 0xFD,
    0x00, 0x00, 0x00, 0x00, 0x03, 0xF4, 0x00, 0x00, 0x00, 0x00, 0x0F, 0xF0, 0x00, 0x00, 0x00, 0x00,
    0x2F, 0xFE, 0x40, 0x00, 0x00, 0x00, 0x3F, 0xFF, 0xF9, 0x00, 0x00, 0x00, 0x3F, 0xFF, 0xFF, 0x80,
    0x00, 0x00, 0x1F, 0xFF, 0xFF, 0xE0, 0x00, 0x00, 0x01, 0xBF, 0xFF, 0xF0, 0x00, 0x00, 0x00, 0x07,
    0xFF, 0xF0, 0x00, 0x00, 0x00, 0x03, 0xFF, 0xE0, 0x00, 0x00, 0x00, 0x07, 0xFF, 0xC0, 0x00, 0x00,
    0x00, 0x1F, 0xFF, 0x00, 0x10, 0x00, 0x00, 0xFF, 0xFC, 0x02, 0xFF, 0xAA, 0xBF, 0xFF, 0xF0, 0x1F,
    0xFF, 0xFF, 0xFF, 0xFF, 0x80, 0xFF, 0xFF, 0xFF, 0xFF, 0xFC, 0x0F, 0xFF, 0xFF, 0xFF, 0xFF, 0x80,
    0x3F, 0xFF, 0xFF, 0xFF, 0xF4, 0x00, 0x1B, 0xFF, 0xFF, 0xE4, 0x00, 0x00, 0x00, 0x00, 0x00, 0x00,
    0x00, 0x00, 0x7F, 0xFF, 0xFF, 0xFF, 0xFF, 0xDF, 0xFF, 0xFF, 0xFF, 0xFF, 0xF7, 0xFF, 0xFF, 0xFF,
    0xFF, 0xFD, 0xA5, 0x50, 0xFD, 0x00, 0x55, 0x00, 0x00, 0x3F, 0x40, 0x00, 0x00, 0x00, 0x0F, 0xD0,
    0x00, 0x00, 0x00, 0x03, 0xF4, 0x00, 0x00, 0x00, 0x00, 0xFD, 0x00, 0x00, 0x00, 0x00, 0x3F, 0x40,
    0x00, 0x00, 0x00, 0x0F, 0xE0, 0x00, 0x00, 0x00, 0x03, 0xF8, 0x00, 0x00, 0x00, 0x01, 0xFE, 0x00,
    0x00, 0x00, 0x00, 0x7F, 0x80, 0x00, 0x00, 0x00, 0x1F, 0xE0, 0x00, 0x00, 0x00, 0x07, 0xF8, 0x00,
    0x00, 0x00, 0x01, 0xFE, 0x00, 0x00, 0x00, 0x00, 0xBF, 0x80, 0x00, 0x00, 0x00, 0x2F, 0xF0, 0x00,
    0x00, 0x00, 0x0B, 0xFC, 0x00, 0x00, 0x00, 0x02, 0xFF, 0x00, 0x00, 0x00, 0x00, 0xBF, 0xC0, 0x00,
    0x00, 0x00, 0x2F, 0xF0, 0x00, 0x00, 0x00, 0x0F, 0xFC, 0x00, 0x00, 0x00, 0x03, 0xFF, 0x00, 0x00,
    0x00, 0x00, 0xFF, 0xC0, 0x00, 0x00, 0x7F, 0xC0, 0x00, 0x02, 0xFF, 0x1F, 0xF0, 0x00, 0x00, 0xBF,
    0xC7, 0xFC, 0x00, 0x00, 0x2F, 0xF1, 0xFF, 0x00, 0x00, 0x0B, 0xFC, 0x7F, 0xC0, 0x00, 0x02, 0xFF,
    0x1F, 0xF0, 0x00, 0x00, 0xBF, 0xC7, 0xFC, 0x00, 0x00, 0x2F, 0xF0, 0xFF, 0x00, 0x00, 0x07, 0xFC,
    0x3F, 0xC0, 0x00, 0x01, 0xFF, 0x0F, 0xF0, 0x00, 0x00, 0x7F, 0xC3, 0xFC, 0x00, 0x00, 0x1F, 0xE0,
    0xFF, 0x00, 0x00, 0x07, 0xF8, 0x3F, 0xC0, 0x00, 0x01, 0xFE, 0x0F, 0xF0, 0x00, 0x00, 0x7F, 0x83,
    0xFC, 0x00, 0x00, 0x1F, 0xE0, 0xFF, 0x00, 0x00, 0x07, 0xF4, 0x3F, 0xC0, 0x00, 0x02, 0xFD, 0x0F,
    0xF4, 0x00, 0x00, 0xFF, 0x42, 0xFF, 0x00, 0x00, 0x7F, 0xC0, 0xBF, 0xFA, 0x56, 0xFF, 0xF0, 0x1F,
    0xFF, 0xFF, 0xFF, 0xFC, 0x03, 0xFF, 0xFF, 0xFF, 0xFE, 0x00, 0xBF, 0xFF, 0xFF, 0xFF, 0x00, 0x0F,
    0xFF, 0xFF, 0xFF, 0x40, 0x00, 0x7F, 0xFF, 0xFE, 0x00, 0x00, 0x00, 0x00, 0x00, 0x00, 0x00, 0x6A,
    0x40, 0x00, 0x00, 0x01, 0xA8, 0x3F, 0x80, 0x00, 0x00, 0x03, 0xFC, 0x3F, 0xC0, 0x00, 0x00, 0x07,
    0xF8, 0x1F, 0xD0, 0x00, 0x00, 0x0F, 0xF0, 0x0F, 0xF0, 0x00, 0x00, 0x0F, 0xF0, 0x0F, 0xF0, 0x00,
    0x00, 0x2F, 0xE0, 0x0B, 0xF8, 0x00, 0x00, 0x3F, 0xC0, 0x03, 0xFC, 0x00, 0x00, 0x7F, 0xC0, 0x03,
    0xFD, 0x00, 0x00, 0xFF, 0x80, 0x02, 0xFE, 0x00, 0x00, 0xFF, 0x00, 0x00, 0xFF, 0x00, 0x02, 0xFF,
    0x00, 0x00, 0xFF, 0x40, 0x03, 0xFE, 0x00, 0x00, 0xBF, 0xC0, 0x07, 0xFC, 0x00, 0x00, 0x7F, 0xC0,
    0x0F, 0xFC, 0x00, 0x00, 0x3F, 0xE0, 0x1F, 0xF8, 0x00, 0x00, 0x2F, 0xF0, 0x2F, 0xF0, 0x00, 0x00,
    0x1F, 0xF4, 0x3F, 0xF0, 0x00, 0x00, 0x0F, 0xF8, 0x7F, 0xE0, 0x00, 0x00, 0x0B, 0xFF, 0xFF, 0xC0,
    0x00, 0x00, 0x07, 0xFF, 0xFF, 0xC0, 0x00, 0x00, 0x03, 0xFF, 0xFF, 0x80, 0x00, 0x00, 0x03, 0xFF,
    0xFF, 0x00, 0x00, 0x00, 0x01, 0xFF, 0xFF, 0x00, 0x00, 0x00, 0x00, 0xFF, 0xFE, 0x00, 0x00, 0x00,
    0x00, 0xFF, 0xFD, 0x00, 0x00, 0x7F, 0x40, 0x00, 0x00, 0x00, 0x00, 0x03, 0xFC, 0xFE, 0x00, 0x00,
    0x00, 0x00, 0x00, 0x0F, 0xE3, 0xFC, 0x00, 0x00, 0x00, 0x00, 0x00, 0xBF, 0x4B, 0xF0, 0x00, 0x00,
    0x00, 0x00, 0x03, 0xFC, 0x2F, 0xD0, 0x00, 0x00, 0x00, 0x00, 0x0F, 0xF0, 0x7F, 0x80, 0x00, 0x00,
    0x00, 0x00, 0x7F, 0x80, 0xFF, 0x00, 0x00, 0x00, 0x00, 0x02, 0xFD, 0x03, 0xFC, 0x00, 0x03, 0xF4,
    0x00, 0x0F, 0xF0, 0x0B, 0xF4, 0x00, 0x2F, 0xF0, 0x00, 0x3F, 0xC0, 0x1F, 0xE0, 0x00, 0xFF, 0xD0,
    0x01, 0xFE, 0x00, 0x3F, 0xC0, 0x0B, 0xFF, 0x80, 0x0B, 0xF4, 0x00, 0xFF, 0x00, 0x3F, 0xFF, 0x00,
    0x3F, 0xC0, 0x03, 0xFD, 0x02, 0xFF, 0xFE, 0x00, 0xFF, 0x00, 0x0B, 0xF8, 0x0F, 0xFB, 0xFC, 0x07,
    0xF8, 0x00, 0x1F, 0xF0, 0xBF, 0xCB, 0xF8, 0x2F, 0xD0, 0x00, 0x3F, 0xC3, 0xFE, 0x1F, 0xF0, 0xFF,
    0x00, 0x00, 0xFF, 0x2F, 0xF4, 0x3F, 0xE7, 0xFC, 0x00, 0x02, 0xFE, 0xFF, 0xC0, 0xBF, 0xEF, 0xE0,
    0x00, 0x07, 0xFF, 0xFE, 0x00, 0xFF, 0xFF, 0x40, 0x00, 0x1F, 0xFF, 0xF0, 0x03, 0xFF, 0xFC, 0x00,
    0x00, 0x3F, 0xFF, 0xC0, 0x07, 0xFF, 0xF0, 0x00, 0x00, 0xFF, 0xFD, 0x00, 0x0F, 0xFF, 0xC0, 0x00,
    0x02, 0xFF, 0xF0, 0x00, 0x2F, 0xFE, 0x00, 0x00, 0x07, 0xFF, 0x80, 0x00, 0x7F, 0xF4, 0x00, 0x00,
    0x0F, 0xFC, 0x00, 0x00, 0xFF, 0xC0, 0x00, 0x0B, 0xC0, 0x00, 0x00, 0x0B, 0xD0, 0x1F, 0xC0, 0x00,
    0x00, 0x7F, 0x00, 0x3F, 0x80, 0x00, 0x03, 0xF4, 0x00, 0x3F, 0x40, 0x00, 0x3F, 0x80, 0x00, 0xBF,
    0x00, 0x02, 0xFC, 0x00, 0x00, 0xFE, 0x00, 0x1F, 0xD0, 0x00, 0x01, 0xFD, 0x00, 0xFF, 0x00, 0x00,
    0x03, 0xFC, 0x0B, 0xF0, 0x00, 0x00, 0x03, 0xFC, 0x7F, 0x80, 0x00, 0x00, 0x0B, 0xFB, 0xFC, 0x00,
    0x00, 0x00, 0x0F, 0xFF, 0xD0, 0x00, 0x00, 0x00, 0x1F, 0xFE, 0x00, 0x00, 0x00, 0x00, 0x2F, 0xF0,
    0x00, 0x00, 0x00, 0x00, 0xFF, 0xD0, 0x00, 0x00, 0x00, 0x0F, 0xFF, 0xC0, 0x00, 0x00, 0x00, 0xBF,
    0xFF, 0xC0, 0x00, 0x00, 0x07, 0xFE, 0xFF, 0x80, 0x00, 0x00, 0x3F, 0xF2, 0xFF, 0x40, 0x00, 0x02,
    0xFF, 0x43, 0xFF, 0x00, 0x00, 0x1F, 0xF8, 0x07, 0xFE, 0x00, 0x00, 0xFF, 0xC0, 0x0B, 0xFD, 0x00,
    0x0F, 0xFD, 0x00, 0x0F, 0xFC, 0x00, 0xBF, 0xE0, 0x00, 0x2F, 0xFC, 0x07, 0xFF, 0x00, 0x00, 0x3F,
    0xF4, 0x3F, 0xF4, 0x00, 0x00, 0x7F, 0xF0, 0x3F, 0x40, 0x00, 0x00, 0x7F, 0x0F, 0xF0, 0x00, 0x00,
    0x3F, 0x81, 0xFD, 0x00, 0x00, 0x1F, 0xC0, 0x3F, 0xC0, 0x00, 0x0F, 0xF0, 0x07, 0xF8, 0x00, 0x0B,
    0xF4, 0x00, 0xFF, 0x00, 0x03, 0xFC, 0x00, 0x1F, 0xE0, 0x02, 0xFD, 0x00, 0x03, 0xFD, 0x01, 0xFF,
    0x00, 0x00, 0x7F, 0xC0, 0xFF, 0x40, 0x00, 0x0F, 0xF4, 0x7F, 0xC0, 0x00, 0x01, 0xFF, 0x3F, 0xD0,
    0x00, 0x00, 0x3F, 0xFF, 0xF0, 0x00, 0x00, 0x0B, 0xFF, 0xF4, 0x00, 0x00, 0x00, 0xFF, 0xFC, 0x00,
    0x00, 0x00, 0x2F, 0xFD, 0x00, 0x00, 0x00, 0x03, 0xFF, 0x00, 0x00, 0x00, 0x00, 0xFF, 0x80, 0x00,
    0x00, 0x00, 0x3F, 0xE0, 0x00, 0x00, 0x00, 0x0F, 0xF8, 0x00, 0x00, 0x00, 0x07, 0xFE, 0x00, 0x00,
    0x00, 0x02, 0xFF, 0x80, 0x00, 0x00, 0x00, 0xBF, 0xE0, 0x00, 0x00, 0x00, 0x3F, 0xF8, 0x00, 0x00,
    0x00, 0x0F, 0xFE, 0x00, 0x00, 0x00, 0x07, 0xFF, 0x80, 0x00, 0x00, 0x02, 0xFF, 0xFF, 0xFF, 0xFF,
    0xF0, 0x03, 0xFF, 0xFF, 0xFF, 0xFF, 0x80, 0x0F, 0xFF, 0xFF, 0xFF, 0xFE, 0x00, 0x2F, 0xFF, 0xFF,
    0xFF, 0xF8, 0x00, 0x00, 0x00, 0x00, 0xFF, 0xD0, 0x00, 0x00, 0x00, 0x0F, 0xFF, 0x00, 0x00, 0x00,
    0x00, 0xFF, 0xF0, 0x00, 0x00, 0x00, 0x0F, 0xFF, 0x00, 0x00, 0x00, 0x00, 0xFF, 0xF4, 0x00, 0x00,
    0x00, 0x0F, 0xFF, 0x40, 0x00, 0x00, 0x00, 0xFF, 0xF8, 0x00, 0x00, 0x00, 0x0F, 0xFF, 0x80, 0x00,
    0x00, 0x00, 0xBF, 0xFC, 0x00, 0x00, 0x00, 0x0B, 0xFF, 0xC0, 0x00, 0x00, 0x00, 0xBF, 0xFC, 0x00,
    0x00, 0x00, 0x0B, 0xFF, 0xD0, 0x00, 0x00, 0x00, 0xBF, 0xFD, 0x00, 0x00, 0x00, 0x0B, 0xFF, 0xE0,
    0x00, 0x00, 0x00, 0xBF, 0xFE, 0x00, 0x00, 0x00, 0x0B, 0xFF, 0xF0, 0x00, 0x00, 0x00, 0x7F, 0xFF,
    0xFF, 0xFF, 0xFF, 0xC1, 0xFF, 0xFF, 0xFF, 0xFF, 0xFF, 0x47, 0xFF, 0xFF, 0xFF, 0xFF, 0xFE, 0x1F,
    0xFF, 0xFF, 0xFF, 0xFF, 0xFC, 0x7F, 0xFF, 0xFF, 0xFF, 0xFF, 0xF0, 0x0B, 0xFF, 0xD0, 0xFF, 0xFD,
    0x0F, 0xFF, 0xD0, 0xFD, 0x00, 0x0F, 0xC0, 0x00, 0xFC, 0x00, 0x0F, 0xC0, 0x00, 0xFC, 0x00, 0x0F,
    0xC0, 0x01, 0xFC, 0x00, 0x1F, 0xC0, 0x01, 0xFC, 0x00, 0x1F, 0xC0, 0x01, 0xFC, 0x00, 0x2F, 0x80,
    0x02, 0xF8, 0x00, 0x2F, 0x80, 0x02, 0xF8, 0x00, 0x2F, 0x80, 0x03, 0xF4, 0x00, 0x3F, 0x40, 0x03,
    0xF4, 0x00, 0x3F, 0x40, 0x03, 0xF4, 0x00, 0x3F, 0x00, 0x03, 0xF0, 0x00, 0x3F, 0x00, 0x03, 0xF0,
    0x00, 0x3F, 0x00, 0x07, 0xF0, 0x00, 0x7F, 0x00, 0x07, 0xF0, 0x00, 0x7F, 0x00, 0x07, 0xF0, 0x00,
    0xBE, 0x00, 0x0B, 0xE0, 0x00, 0xBE, 0x00, 0x0B, 0xFF, 0xF0, 0xBF, 0xFF, 0x0F, 0xFF, 0xF0, 0x55,
    0x55, 0x00, 0x00, 0x00, 0x01, 0x00, 0x00, 0x60, 0x00, 0x0B, 0x00, 0x00, 0xB4, 0x00, 0x07, 0xC0,
    0x00, 0x3C, 0x00, 0x02, 0xE0, 0x00, 0x1F, 0x00, 0x00, 0xF4, 0x00, 0x0F, 0x80, 0x00, 0xBC, 0x00,
    0x03, 0xD0, 0x00, 0x3F, 0x00, 0x02, 0xF0, 0x00, 0x1F, 0x80, 0x00, 0xFC, 0x00, 0x0B, 0xC0, 0x00,
    0x7E, 0x00, 0x03, 0xF0, 0x00, 0x3F, 0x40, 0x01, 0xF8, 0x00, 0x0F, 0xC0, 0x00, 0xFD, 0x00, 0x0B,
    0xC0, 0x00, 0x78, 0x00, 0x03, 0x00, 0x00, 0x10, 0xBF, 0xFD, 0x0B, 0xFF, 0xE0, 0xBF, 0xFE, 0x00,
    0x0B, 0xE0, 0x00, 0xBE, 0x00, 0x07, 0xF0, 0x00, 0x7F, 0x00, 0x07, 0xF0, 0x00, 0x7F, 0x00, 0x07,
    0xF0, 0x00, 0x3F, 0x00, 0x03, 0xF0, 0x00, 0x3F, 0x00, 0x03, 0xF0, 0x00, 0x3F, 0x00, 0x03, 0xF4,
    0x00, 0x3F, 0x40, 0x03, 0xF4, 0x00, 0x3F, 0x40, 0x03, 0xF4, 0x00, 0x2F, 0x80, 0x02, 0xF8, 0x00,
    0x2F, 0x80, 0x02, 0xF8, 0x00, 0x2F, 0x80, 0x01, 0xFC, 0x00, 0x1F, 0xC0, 0x01, 0xFC, 0x00, 0x1F,
    0xC0, 0x01, 0xFC, 0x00, 0x0F, 0xC0, 0x00, 0xFC, 0x00, 0x0F, 0xC0, 0x00, 0xFC, 0x00, 0x0F, 0xC0,
    0x00, 0xFD, 0x00, 0x0F, 0xD2, 0xFF, 0xFD, 0x1F, 0xFF, 0xD1, 0xFF, 0xFD, 0x05, 0x55, 0x40, 0x00,
    0x28, 0x00, 0x00, 0x7E, 0x00, 0x00, 0xFF, 0x40, 0x03, 0xE7, 0xD0, 0x0F, 0x00, 0xF4, 0x38, 0x00,
    0x1D, 0x00, 0x00, 0x00, 0x00, 0x01, 0xFF, 0xFF, 0xFF, 0xFF, 0xFB, 0xFF, 0xFF, 0xFF, 0xFF, 0x9A,
    0xAA, 0xAA, 0xAA, 0xA9, 0x3F, 0x00, 0x00, 0xFD, 0x00, 0x03, 0xF8, 0x00, 0x0F, 0xF0, 0x00, 0x01,
    0x40, 0x00, 0x00, 0x00, 0x00, 0x00, 0x02, 0xFE, 0x1F, 0x00, 0x07, 0xFF, 0xFB, 0xC0, 0x07, 0xFA,
    0xBF, 0xF0, 0x03, 0xF0, 0x02, 0xFC, 0x02, 0xF0, 0x00, 0x3F, 0x00, 0xF8, 0x00, 0x0B, 0xD0, 0x3C,
    0x00, 0x02, 0xF4, 0x1F, 0x00, 0x00, 0x7E, 0x07, 0xC0, 0x00, 0x2F, 0x82, 0xF0, 0x00, 0x0F, 0xF0,
    0x7D, 0x00, 0x0B, 0xFC, 0x0F, 0xF9, 0x6F, 0xFF, 0x03, 0xFF, 0xFF, 0xFF, 0xC0, 0x7F, 0xFF, 0xFF,
    0xF0, 0x07, 0xFF, 0xFD, 0x7D, 0x00, 0x2F, 0xF8, 0x1F, 0x40, 0x7F, 0x40, 0x00, 0x00, 0x1F, 0xD0,
    0x00, 0x00, 0x07, 0xF4, 0x00, 0x00, 0x01, 0xFD, 0x00, 0x00, 0x00, 0x3F, 0x40, 0x00, 0x00, 0x0F,
    0xD0, 0x00, 0x00, 0x03, 0xF4, 0x00, 0x00, 0x00, 0xFD, 0x00, 0x00, 0x00, 0x3F, 0x40, 0x00, 0x00,
    0x0F, 0xD2, 0xFF, 0xC0, 0x03, 0xFF, 0xFF, 0xFE, 0x00, 0xFF, 0xFE, 0x6F, 0xE0, 0x3F, 0xF8, 0x00,
    0xBD, 0x0B, 0xFC, 0x00, 0x0F, 0xC2, 0xFD, 0x00, 0x02, 0xF4, 0xBF, 0x00, 0x00, 0x7D, 0x2F, 0xC0,
    0x00, 0x1F, 0x87, 0xF0, 0x00, 0x07, 0xD1, 0xFC, 0x00, 0x03, 0xF4, 0x7F, 0x80, 0x02, 0xFC, 0x0F,
    0xFD, 0x57, 0xFE, 0x03, 0xFF, 0xFF, 0xFF, 0x00, 0xBF, 0xFF, 0xFF, 0x40, 0x0F, 0xFF, 0xFF, 0x40,
    0x00, 0xBF, 0xFF, 0x00, 0x00, 0x00, 0x54, 0x00, 0x00, 0x00, 0x00, 0x00, 0x00, 0x07, 0xFF, 0xC0,
    0x03, 0xFF, 0xFC, 0x00, 0xFF, 0xA6, 0x80, 0x2F, 0xC0, 0x00, 0x03, 0xF4, 0x00, 0x00, 0x7F, 0x00,
    0x00, 0x07, 0xE0, 0x00, 0x00, 0xBD, 0x00, 0x00, 0x0B, 0xD0, 0x00, 0x00, 0x7E, 0x00, 0x00, 0x07,
    0xF4, 0x00, 0x00, 0x3F, 0xD0, 0x00, 0x02, 0xFF, 0x95, 0x80, 0x0F, 0xFF, 0xFF, 0x00, 0x3F, 0xFF,
    0xF8, 0x00, 0x2F, 0xFE, 0x40, 0x00, 0x00, 0x00, 0x00, 0x00, 0x00, 0x2F, 0x00, 0x00, 0x00, 0x0B,
    0xC0, 0x00, 0x00, 0x02, 0xF0, 0x00, 0x00, 0x00, 0xBC, 0x00, 0x00, 0x00, 0x2F, 0x00, 0x00, 0x00,
    0x0F, 0xC0, 0x00, 0x00, 0x03, 0xF0, 0x00, 0x00, 0x00, 0xFC, 0x00, 0x1F, 0xF4, 0x3F, 0x00, 0x3F,
    0xFF, 0x8F, 0xC0, 0x3F, 0xFF, 0xFB, 0xE0, 0x2F, 0x90, 0x7F, 0xF8, 0x0F, 0x80, 0x03, 0xFE, 0x0F,
    0xC0, 0x00, 0xBF, 0x83, 0xE0, 0x00, 0x1F, 0xE1, 0xF4, 0x00, 0x07, 0xF8, 0x7D, 0x00, 0x00, 0xFD,
    0x1F, 0x40, 0x00, 0x7F, 0x47, 0xF0, 0x00, 0x2F, 0xD1, 0xFE, 0x00, 0x2F, 0xF4, 0x3F, 0xFF, 0xFF,
    0xFE, 0x07, 0xFF, 0xFF, 0xFF, 0x80, 0xBF, 0xFF, 0xFF, 0xE0, 0x0B, 0xFF, 0xFC, 0xF8, 0x00, 0x2F,
    0xF8, 0x3E, 0x00, 0x00, 0x00, 0x00, 0x00, 0x00, 0x1B, 0xF8, 0x00, 0x00, 0xFF, 0xFF, 0x40, 0x03,
    0xF8, 0x03, 0xD0, 0x0F, 0xC0, 0x00, 0xF0, 0x1F, 0x00, 0x00, 0x7C, 0x3E, 0x00, 0x56, 0xBC, 0x3F,
    0xFF, 0xFF, 0xFD, 0x7F, 0xFF, 0xFF, 0xE9, 0xBD, 0x40, 0x00, 0x00, 0x7D, 0x00, 0x00, 0x00, 0x7E,
    0x00, 0x00, 0x00, 0x3F, 0x80, 0x00, 0x00, 0x3F, 0xF4, 0x00, 0x18, 0x0F, 0xFF, 0xFF, 0xFC, 0x07,
    0xFF, 0xFF, 0xFC, 0x01, 0xFF, 0xFF, 0xFC, 0x00, 0x1B, 0xFE, 0x80, 0x00, 0x00, 0x00, 0x07, 0xFE,
    0x01, 0xFF, 0xE0, 0x2F, 0x00, 0x03, 0xE0, 0x00, 0x3C, 0x00, 0x03, 0xC0, 0x00, 0x3D, 0x00, 0xBF,
    0xFF, 0xFB, 0xFF, 0xFF, 0x6B, 0xFA, 0xA0, 0x3F, 0x00, 0x07, 0xF0, 0x00, 0x7F, 0x00, 0x07, 0xF0,
    0x00, 0x7F, 0x00, 0x07, 0xF0, 0x00, 0x7F, 0x00, 0x07, 0xF0, 0x00, 0x7F, 0x00, 0x0B, 0xF0, 0x00,
    0xBF, 0x00, 0x0B, 0xF0, 0x00, 0xBF, 0x00, 0x00, 0x7F, 0x90, 0x68, 0x03, 0xFF, 0xF8, 0xFC, 0x0F,
    0xFF, 0xFF, 0xFC, 0x1F, 0x80, 0x7F, 0xFC, 0x3E, 0x00, 0x1F, 0xFC, 0x3D, 0x00, 0x0B, 0xFC, 0x7C,
    0x00, 0x07, 0xF8, 0x7C, 0x00, 0x03, 0xF8, 0x7C, 0x00, 0x03, 0xF8, 0x7C, 0x00, 0x07, 0xF8, 0x3D,
    0x00, 0x0F, 0xF8, 0x3F, 0xEA, 0xFF, 0xF8, 0x1F, 0xFF, 0xFF, 0xF4, 0x0F, 0xFF, 0xFF, 0xF4, 0x03,
    0xFF, 0xFA, 0xF4, 0x00, 0x7F, 0xD3, 0xF0, 0x00, 0x00, 0x07, 0xF0, 0x00, 0x00, 0x1F, 0xF0, 0x0E,
    0x00, 0xBF, 0xE0, 0x1F, 0xFF, 0xFF, 0xC0, 0x2F, 0xFF, 0xFF, 0x40, 0x2F, 0xFF, 0xFE, 0x00, 0x02,
    0xBF, 0xE0, 0x00, 0x0F, 0xC0, 0x00, 0x00, 0x0F, 0xC0, 0x00, 0x00, 0x0F, 0x80, 0x00, 0x00, 0x0F,
    0x80, 0x00, 0x00, 0x0F, 0x80, 0x00, 0x00, 0x0F, 0x80, 0x00, 0x00, 0x0F, 0x40, 0x00, 0x00, 0x1F,
    0x40, 0x00, 0x00, 0x1F, 0x40, 0x00, 0x00, 0x1F, 0x4B, 0xFE, 0x00, 0x2F, 0xBF, 0xFF, 0xD0, 0x2F,
    0xFF, 0xFF, 0xF0, 0x2F, 0xF8, 0x07, 0xF4, 0x2F, 0xD0, 0x01, 0xF8, 0x3F, 0xC0, 0x00, 0xFC, 0x3F,
    0x80, 0x00, 0xBC, 0x3F, 0x40, 0x00, 0xBC, 0x3F, 0x40, 0x00, 0xBC, 0x3F, 0x40, 0x00, 0xBC, 0x3F,
    0x40, 0x00, 0xFC, 0x3F, 0x40, 0x00, 0xFC, 0x7F, 0x40, 0x00, 0xFD, 0x7F, 0x40, 0x00, 0xFD, 0x7F,
    0x80, 0x01, 0xFD, 0xBF, 0x80, 0x01, 0xFD, 0x2F, 0x43, 0xF8, 0x3F, 0x87, 0xFC, 0xBF, 0xC0, 0x00,
    0x00, 0x00, 0x00, 0x00, 0x00, 0x50, 0x2F, 0x02, 0xF0, 0x2F, 0x02, 0xE0, 0x2E, 0x02, 0xF0, 0x2F,
    0x02, 0xF0, 0x3F, 0x03, 0xF0, 0x3F, 0x03, 0xF0, 0x3F, 0x03, 0xF0, 0x3F, 0x47, 0xF4, 0x00, 0x02,
    0xF8, 0x00, 0x03, 0xF8, 0x00, 0x03, 0xFC, 0x00, 0x07, 0xFC, 0x00, 0x07, 0xFC, 0x00, 0x00, 0x00,
    0x00, 0x00, 0x00, 0x00, 0x00, 0x00, 0x00, 0x00, 0x50, 0x00, 0x01, 0xF4, 0x00, 0x01, 0xF4, 0x00,
    0x01, 0xF0, 0x00, 0x01, 0xF0, 0x00, 0x02, 0xF0, 0x00, 0x02, 0xF0, 0x00, 0x02, 0xF0, 0x00, 0x02,
    0xF0, 0x00, 0x02, 0xF0, 0x00, 0x02, 0xF0, 0x00, 0x02, 0xF0, 0x00, 0x02, 0xF0, 0x00, 0x03, 0xE0,
    0x00, 0x03, 0xE0, 0x00, 0x03, 0xE0, 0x00, 0x03, 0xE0, 0x00, 0x03, 0xE0, 0x00, 0x07, 0xD0, 0x00,
    0x0F, 0xD0, 0x00, 0x7F, 0xC0, 0x1F, 0xFF, 0xC0, 0x3F, 0xFF, 0x00, 0x7F, 0xA4, 0x00, 0x00, 0x00,
    0x00, 0x00, 0x00, 0x00, 0x00, 0x1F, 0x80, 0x00, 0x00, 0x1F, 0x80, 0x00, 0x00, 0x1F, 0x40, 0x00,
    0x00, 0x2F, 0x40, 0x00, 0x00, 0x2F, 0x40, 0x00, 0x00, 0x2F, 0x40, 0x00, 0x00, 0x2F, 0x00, 0x00,
    0x00, 0x2F, 0x00, 0x00, 0x00, 0x3F, 0x02, 0xFC, 0x00, 0x3F, 0x07, 0xF0, 0x00, 0x3F, 0x1F, 0xC0,
    0x00, 0x3F, 0x3F, 0x40, 0x00, 0x3F, 0xFE, 0x00, 0x00, 0x3F, 0xFC, 0x00, 0x00, 0x3F, 0xF8, 0x00,
    0x00, 0x3F, 0xFE, 0x00, 0x00, 0x3F, 0xBF, 0x80, 0x00, 0x7F, 0x3F, 0xE0, 0x00, 0x7F, 0x0F, 0xF8,
    0x00, 0x7F, 0x07, 0xFE, 0x00, 0x7F, 0x02, 0xFF, 0x80, 0x7F, 0x00, 0xFF, 0xE0, 0xBF, 0x00, 0x3F,
    0xFC, 0x05, 0x40, 0x02, 0xF0, 0x00, 0xFC, 0x00, 0x3F, 0x00, 0x0F, 0xC0, 0x03, 0xF0, 0x00, 0xFC,
    0x00, 0x7E, 0x00, 0x1F, 0x80, 0x07, 0xD0, 0x01, 0xF4, 0x00, 0xBD, 0x00, 0x2F, 0x40, 0x0B, 0xD0,
    0x02, 0xF4, 0x00, 0xBD, 0x00, 0x3F, 0x40, 0x0F, 0xD0, 0x03, 0xF4, 0x00, 0xFD, 0x00, 0x3F, 0x40,
    0x0F, 0xFF, 0xC3, 0xFF, 0xF0, 0xBF, 0xFC, 0x00, 0x01, 0xFE, 0x40, 0x1B, 0xF4, 0x00, 0xBC, 0xFF,
    0xFE, 0x0B, 0xFF, 0xD0, 0x0F, 0xFF, 0xFF, 0xF5, 0xFF, 0xFF, 0x00, 0xFF, 0xC0, 0x2F, 0xFF, 0x01,
    0xF8, 0x0F, 0xF0, 0x00, 0xFF, 0xC0, 0x0B, 0xC0, 0xFD, 0x00, 0x07, 0xF4, 0x00, 0x7C, 0x1F, 0xC0,
    0x00, 0x7F, 0x00, 0x07, 0xC1, 0xFC, 0x00, 0x07, 0xE0, 0x00, 0x7D, 0x2F, 0xC0, 0x00, 0x7E, 0x00,
    0x07, 0xD2, 0xFC, 0x00, 0x0B, 0xD0, 0x00, 0xBD, 0x3F, 0x80, 0x00, 0xFD, 0x00, 0x0B, 0xD3, 0xF8,
    0x00, 0x0F, 0xC0, 0x00, 0xFD, 0x3F, 0x40, 0x00, 0xFC, 0x00, 0x0F, 0xE3, 0xF4, 0x00, 0x1F, 0xC0,
    0x00, 0xFE, 0x7F, 0x40, 0x02, 0xFC, 0x00, 0x0F, 0xE7, 0xF0, 0x00, 0x3F, 0x80, 0x00, 0xFE, 0x00,
    0x01, 0x50, 0x00, 0x1F, 0x2F, 0xFE, 0x00, 0x1F, 0xFF, 0xFF, 0xC0, 0x2F, 0xF4, 0x0B, 0xE0, 0x2F,
    0xD0, 0x03, 0xF0, 0x2F, 0xC0, 0x02, 0xF4, 0x3F, 0x40, 0x01, 0xF4, 0x3F, 0x40, 0x01, 0xF8, 0x3F,
    0x40, 0x01, 0xF8, 0x3F, 0x40, 0x01, 0xFC, 0x3F, 0x40, 0x02, 0xFC, 0x3F, 0x80, 0x02, 0xFC, 0x3F,
    0x80, 0x02, 0xFC, 0x7F, 0x80, 0x02, 0xFC, 0x7F, 0x80, 0x02, 0xFC, 0x7F, 0x80, 0x02, 0xFC, 0xBF,
    0xC0, 0x02, 0xFD, 0x00, 0x2F, 0xF9, 0x00, 0x02, 0xFF, 0xFF, 0x80, 0x0B, 0xFE, 0xBF, 0xF0, 0x1F,
    0xC0, 0x02, 0xF4, 0x3F, 0x00, 0x00, 0xFC, 0x3E, 0x00, 0x00, 0x7D, 0x7D, 0x00, 0x00, 0x7E, 0xBD,
    0x00, 0x00, 0x3E, 0xBD, 0x00, 0x00, 0x7E, 0x7E, 0x00, 0x00, 0x7E, 0x3F, 0x00, 0x00, 0xFD, 0x3F,
    0xE5, 0x5B, 0xFC, 0x0F, 0xFF, 0xFF, 0xF4, 0x0B, 0xFF, 0xFF, 0xE0, 0x01, 0xFF, 0xFF, 0x80, 0x00,
    0x2F, 0xF8, 0x00, 0x00, 0x00, 0x2A, 0x90, 0x00, 0x3F, 0x2F, 0xFF, 0x80, 0x03, 0xFB, 0xFA, 0xBF,
    0x00, 0x2F, 0xF8, 0x00, 0xF8, 0x02, 0xFF, 0x00, 0x07, 0xC0, 0x2F, 0xD0, 0x00, 0x3D, 0x02, 0xFC,
    0x00, 0x03, 0xE0, 0x1F, 0xC0, 0x00, 0x3E, 0x01, 0xFC, 0x00, 0x03, 0xE0, 0x1F, 0xD0, 0x00, 0x3E,
    0x02, 0xFF, 0x00, 0x07, 0xD0, 0x2F, 0xFE, 0x01, 0xFC, 0x03, 0xFF, 0xFF, 0xFF, 0xC0, 0x3F, 0xFF,
    0xFF, 0xF4, 0x07, 0xF3, 0xFF, 0xFE, 0x00, 0xBF, 0x0F, 0xFF, 0x40, 0x0B, 0xE0, 0x05, 0x00, 0x00,
    0xFE, 0x00, 0x00, 0x00, 0x0F, 0xD0, 0x00, 0x00, 0x01, 0xFC, 0x00, 0x00, 0x00, 0x2F, 0xC0, 0x00,
    0x00, 0x02, 0xFC, 0x00, 0x00, 0x00, 0x3F, 0xC0, 0x00, 0x00, 0x00, 0x00, 0x00, 0x00, 0x00, 0x00,
    0x00, 0x00, 0x00, 0x00, 0x00, 0x06, 0x90, 0x15, 0x00, 0x00, 0xFF, 0xFD, 0x3F, 0x00, 0x07, 0xFE,
    0xBF, 0x7F, 0x00, 0x0F, 0xD0, 0x0F, 0xFE, 0x00, 0x2F, 0x40, 0x03, 0xFE, 0x00, 0x3F, 0x00, 0x03,
    0xFE, 0x00, 0x7D, 0x00, 0x02, 0xFD, 0x00, 0x7D, 0x00, 0x02, 0xFD, 0x00, 0xBC, 0x00, 0x02, 0xFC,
    0x00, 0x7C, 0x00, 0x03, 0xFC, 0x00, 0x7D, 0x00, 0x03, 0xFC, 0x00, 0x3E, 0x00, 0x0B, 0xFC, 0x00,
    0x2F, 0x90, 0x7F, 0xFC, 0x00, 0x0F, 0xFF, 0xFF, 0xFC, 0x00, 0x0B, 0xFF, 0xFF, 0xFC, 0x00, 0x01,
    0xFF, 0xFD, 0xBC, 0x00, 0x00, 0x2F, 0xE0, 0xF8, 0x00, 0x00, 0x00, 0x00, 0xF8, 0x00, 0x00, 0x00,
    0x00, 0xF8, 0x7C, 0x00, 0x00, 0x00, 0xFF, 0xFC, 0x00, 0x00, 0x00, 0xFF, 0xF8, 0x00, 0x00, 0x00,
    0xFF, 0x90, 0x00, 0x00, 0x01, 0xE4, 0x00, 0x00, 0x00, 0x00, 0x00, 0x00, 0x0F, 0x86, 0xF4, 0x3E,
    0xFF, 0xD0, 0xFF, 0xFF, 0x83, 0xFF, 0x99, 0x1F, 0xF0, 0x00, 0x7F, 0x40, 0x01, 0xFC, 0x00, 0x07,
    0xF0, 0x00, 0x1F, 0xC0, 0x00, 0xBF, 0x00, 0x02, 0xFC, 0x00, 0x0F, 0xF0, 0x00, 0x3F, 0xC0, 0x00,
    0xFF, 0x40, 0x07, 0xFE, 0x00, 0x1F, 0xF8, 0x00, 0x00, 0x6F, 0xFE, 0x40, 0x0F, 0xFF, 0xFD, 0x00,
    0xBE, 0x41, 0x50, 0x03, 0xC0, 0x00, 0x00, 0x0F, 0x00, 0x00, 0x00, 0x3F, 0x40, 0x00, 0x00, 0xBF,
    0xE4, 0x00, 0x00, 0xBF, 0xFE, 0x00, 0x00, 0x2F, 0xFF, 0x80, 0x00, 0x01, 0xBF, 0x80, 0x00, 0x00,
    0xBF, 0x00, 0xE4, 0x07, 0xFC, 0x0F, 0xFF, 0xFF, 0xF0, 0xFF, 0xFF, 0xFF, 0x83, 0xFF, 0xFF, 0xFC,
    0x01, 0xBF, 0xFE, 0x40, 0x00, 0x00, 0x00, 0x00, 0x07, 0x80, 0x00, 0x07, 0xE0, 0x00, 0x01, 0xF8,
    0x00, 0x00, 0xBD, 0x00, 0x00, 0x2F, 0x40, 0x03, 0xFF, 0xFF, 0xF1, 0xFF, 0xFF, 0xFC, 0x00, 0xFD,
    0x00, 0x00, 0x3F, 0x40, 0x00, 0x0F, 0xD0, 0x00, 0x03, 0xF0, 0x00, 0x00, 0xFC, 0x00, 0x00, 0x3F,
    0x00, 0x00, 0x0F, 0xC0, 0x00, 0x03, 0xF0, 0x00, 0x01, 0xFC, 0x00, 0x00, 0x7F, 0x40, 0x00, 0x1F,
    0xFF, 0xE0, 0x07, 0xFF, 0xFC, 0x01, 0xFF, 0xFF, 0x00, 0x3F, 0xFF, 0xC0, 0xBD, 0x00, 0x02, 0xF5,
    0xF4, 0x00, 0x0B, 0xD7, 0xD0, 0x00, 0x2F, 0x5F, 0x80, 0x00, 0xBD, 0x7E, 0x00, 0x02, 0xF4, 0xF8,
    0x00, 0x0F, 0xD3, 0xF0, 0x00, 0x3F, 0x8F, 0xC0, 0x00, 0xFE, 0x3F, 0x00, 0x03, 0xF8, 0xFC, 0x00,
    0x0F, 0xE3, 0xF8, 0x00, 0xFF, 0x8B, 0xFF, 0xFF, 0xFE, 0x1F, 0xFF, 0xFF, 0xF8, 0x3F, 0xFF, 0xFF,
    0xF0, 0xBF, 0xFF, 0xDF, 0xC0, 0x7F, 0xF8, 0x7F, 0x00, 0x00, 0x00, 0x00, 0x7D, 0x00, 0x00, 0x03,
    0xE3, 0xF0, 0x00, 0x00, 0xBC, 0x1F, 0x80, 0x00, 0x0F, 0x80, 0xFC, 0x00, 0x02, 0xF0, 0x0B, 0xE0,
    0x00, 0x3F, 0x00, 0x3F, 0x00, 0x0B, 0xD0, 0x02, 0xF8, 0x00, 0xFC, 0x00, 0x0F, 0xC0, 0x2F, 0x40,
    0x00, 0xBE, 0x03, 0xF0, 0x00, 0x07, 0xF0, 0xBE, 0x00, 0x00, 0x3F, 0x8F, 0xC0, 0x00, 0x01, 0xFE,
    0xF8, 0x00, 0x00, 0x0F, 0xFF, 0x40, 0x00, 0x00, 0xFF, 0xF4, 0x00, 0x00, 0x0B, 0xFF, 0x00, 0x00,
    0x00, 0xBF, 0xF0, 0x00, 0x7F, 0x00, 0x00, 0x00, 0x0B, 0xE3, 0xF4, 0x00, 0x00, 0x00, 0xFD, 0x3F,
    0x80, 0x00, 0x00, 0x0F, 0xC2, 0xFC, 0x00, 0x00, 0x01, 0xFC, 0x1F, 0xC0, 0x05, 0x00, 0x2F, 0x80,
    0xFD, 0x01, 0xF8, 0x03, 0xF4, 0x0F, 0xE0, 0x3F, 0xD0, 0x3F, 0x00, 0xBF, 0x0F, 0xFF, 0x07, 0xF0,
    0x07, 0xF2, 0xFF, 0xFC, 0xBE, 0x00, 0x3F, 0xBF, 0xFF, 0xEF, 0xD0, 0x03, 0xFF, 0xFF, 0xFF, 0xFC,
    0x00, 0x2F, 0xFF, 0xEF, 0xFF, 0xC0, 0x01, 0xFF, 0xF4, 0xFF, 0xF8, 0x00, 0x0F, 0xFE, 0x07, 0xFF,
    0x40, 0x00, 0xFF, 0xC0, 0x3F, 0xF0, 0x00, 0x0B, 0xF4, 0x01, 0xFF, 0x00, 0x03, 0xF4, 0x00, 0x2F,
    0x80, 0x1F, 0xC0, 0x0B, 0xF0, 0x00, 0xFE, 0x01, 0xFC, 0x00, 0x03, 0xF4, 0x3F, 0x40, 0x00, 0x1F,
    0xDF, 0xE0, 0x00, 0x00, 0xFF, 0xF8, 0x00, 0x00, 0x03, 0xFF, 0x00, 0x00, 0x00, 0x2F, 0xE0, 0x00,
    0x00, 0x07, 0xFF, 0x00, 0x00, 0x00, 0xFF, 0xFC, 0x00, 0x00, 0x3F, 0xEF, 0xE0, 0x00, 0x0F, 0xF0,
    0xFF, 0x40, 0x02, 0xFD, 0x03, 0xFC, 0x00, 0x7F, 0x80, 0x2F, 0xE0, 0x1F, 0xF0, 0x00, 0xFF, 0x43,
    0xFC, 0x00, 0x03, 0xFC, 0x7E, 0x00, 0x00, 0x3F, 0x3F, 0x00, 0x00, 0x7E, 0x1F, 0x80, 0x00, 0xBD,
    0x0F, 0xD0, 0x00, 0xFC, 0x07, 0xF0, 0x00, 0xFC, 0x03, 0xF4, 0x02, 0xF8, 0x01, 0xFC, 0x03, 0xF4,
    0x00, 0xFE, 0x03, 0xF0, 0x00, 0x7F, 0x47, 0xF0, 0x00, 0x3F, 0xCF, 0xE0, 0x00, 0x1F, 0xEF, 0xE0,
    0x00, 0x0F, 0xFF, 0xD0, 0x00, 0x07, 0xFF, 0xC0, 0x00, 0x03, 0xFF, 0xC0, 0x00, 0x01, 0xFF, 0x80,
    0x00, 0x00, 0xFF, 0x40, 0x00, 0x00, 0xFF, 0x00, 0x00, 0x01, 0xFF, 0x00, 0x00, 0x07, 0xFD, 0x00,
    0x00, 0x6F, 0xFC, 0x00, 0x2F, 0xFF, 0xF0, 0x00, 0x2F, 0xFF, 0xC0, 0x00, 0x2F, 0xFE, 0x00, 0x00,
    0x2F, 0x90, 0x00, 0x00, 0x03, 0xFF, 0xFF, 0xFC, 0x03, 0xFF, 0xFF, 0xFC, 0x03, 0xFF, 0xFF, 0xFD,
    0x00, 0x00, 0x07, 0xF8, 0x00, 0x00, 0x1F, 0xE0, 0x00, 0x00, 0xBF, 0x80, 0x00, 0x02, 0xFE, 0x00,
    0x00, 0x0B, 0xF8, 0x00, 0x00, 0x3F, 0xE0, 0x00, 0x00, 0xFF, 0x80, 0x00, 0x03, 0xFE, 0x00, 0x00,
    0x0F, 0xF8, 0x00, 0x00, 0x3F, 0xFA, 0xAA, 0x90, 0x3F, 0xFF, 0xFF, 0xF0, 0x7F, 0xFF, 0xFF, 0xF4,
    0x7F, 0xFF, 0xFF, 0xFC, 0x00, 0x06, 0xFF, 0x00, 0x0F, 0xFF, 0x80, 0x07, 0xF4, 0x00, 0x03, 0xF8,
    0x00, 0x00, 0xFD, 0x00, 0x00, 0x3F, 0x40, 0x00, 0x0F, 0xC0, 0x00, 0x03, 0xF0, 0x00, 0x00, 0xFC,
    0x00, 0x00, 0x3F, 0x00, 0x00, 0x1F, 0xC0, 0x00, 0x1F, 0xD0, 0x00, 0xBF, 0xE0, 0x00, 0x2F, 0xD0,
    0x00, 0x0B, 0xFE, 0x00, 0x00, 0x1F, 0xC0, 0x00, 0x03, 0xF4, 0x00, 0x00, 0xBE, 0x00, 0x00, 0x2F,
    0x80, 0x00, 0x0B, 0xE0, 0x00, 0x03, 0xF4, 0x00, 0x00, 0xFD, 0x00, 0x00, 0x3F, 0x80, 0x00, 0x0B,
    0xF4, 0x00, 0x01, 0xFF, 0xF4, 0x00, 0x3F, 0xFE, 0x00, 0x01, 0xBF, 0x80, 0x2C, 0x3C, 0x3C, 0x3C,
    0x3C, 0x3C, 0x3C, 0x3C, 0x3C, 0x3C, 0x3C, 0x7C, 0x78, 0x78, 0x78, 0x78, 0x78, 0x78, 0x78, 0xB8,
    0xB8, 0xB4, 0xB4, 0xB4, 0xB4, 0xBF, 0xE0, 0x00, 0x1F, 0xFF, 0x00, 0x00, 0x1F, 0xF0, 0x00, 0x00,
    0xFC, 0x00, 0x00, 0x3F, 0x00, 0x00, 0x0F, 0xD0, 0x00, 0x03, 0xF4, 0x00, 0x00, 0xFD, 0x00, 0x00,
    0x3F, 0x40, 0x00, 0x0B, 0xE0, 0x00, 0x02, 0xF8, 0x00, 0x00, 0x3F, 0x40, 0x00, 0x07, 0xFF, 0x00,
    0x00, 0x2F, 0xC0, 0x00, 0x3F, 0xF0, 0x00, 0x3F, 0x80, 0x00, 0x0F, 0xC0, 0x00, 0x03, 0xF0, 0x00,
    0x00, 0xFC, 0x00, 0x00, 0x3F, 0x00, 0x00, 0x0F, 0xC0, 0x00, 0x03, 0xF0, 0x00, 0x00, 0xFC, 0x00,
    0x00, 0xFF, 0x00, 0x0F, 0xFF, 0xC0, 0x03, 0xFF, 0xC0, 0x00, 0xFE, 0x80, 0x00, 0x0B, 0xC0, 0x2C,
    0xBB, 0xC0, 0xB3, 0xC3, 0xC3, 0x8E, 0x07, 0xFD, 0x38, 0x07, 0xE0, 0x00, 0x00, 0x00, 0xBF, 0xF1,
    0xFF, 0xC7, 0xFF, 0x0F, 0xF8, 0x3F, 0xE0, 0xBF, 0x40, 0x00, 0x00, 0x00, 0x06, 0xF0, 0x3F, 0xC0,
    0xFF, 0x02, 0xFC, 0x0B, 0xF0, 0x2F, 0xC0, 0xBF, 0x01, 0xFC, 0x07, 0xF0, 0x1F, 0xC0, 0x3F, 0x00,
    0xFC, 0x03, 0xF0, 0x0F, 0xC0, 0x3F, 0x00, 0xFC, 0x03, 0xF0, 0x0B, 0xC0, 0x2F, 0x00, 0xBC, 0x00,
    0xB0, 0x00, 0x01, 0x00, 0x00, 0x00, 0x7C, 0x00, 0x00, 0x07, 0x80, 0x00, 0x00, 0x78, 0x00, 0x00,
    0x07, 0x80, 0x00, 0x00, 0x78, 0x00, 0x00, 0x6F, 0xFC, 0x00, 0x7F, 0xFF, 0xC0, 0x0F, 0xFF, 0x98,
    0x02, 0xFC, 0xB8, 0x00, 0x3F, 0x0B, 0x40, 0x07, 0xF0, 0xB4, 0x00, 0x7E, 0x0B, 0x40, 0x07, 0xD0,
    0xB4, 0x00, 0xBD, 0x0B, 0x40, 0x07, 0xF0, 0xB4, 0x00, 0x7F, 0x4B, 0x40, 0x03, 0xFD, 0xF4, 0x00,
    0x2F, 0xFF, 0xA8, 0x00, 0xFF, 0xFF, 0xF0, 0x03, 0xFF, 0xFF, 0x80, 0x02, 0xFF, 0xE4, 0x00, 0x0F,
    0x00, 0x00, 0x00, 0xF0, 0x00, 0x00, 0x0F, 0x00, 0x00, 0x00, 0x00, 0x00, 0x00, 0x00, 0x00, 0x00,
    0x00, 0x00, 0x00, 0x00, 0x54, 0x00, 0x00, 0x02, 0xFF, 0xFD, 0x00, 0x01, 0xFF, 0xFF, 0xFC, 0x00,
    0x7F, 0xE0, 0x1B, 0xF0, 0x0F, 0xE0, 0x00, 0x08, 0x00, 0xFC, 0x00, 0x00, 0x00, 0x0B, 0xC0, 0x00,
    0x00, 0x00, 0x7C, 0x00, 0x00, 0x00, 0x03, 0xD0, 0x00, 0x00, 0x00, 0x3E, 0x00, 0x00, 0x00, 0x01,
    0xF0, 0x00, 0x00, 0x00, 0x0F, 0x40, 0x00, 0x00, 0x00, 0xFC, 0x00, 0x00, 0x00, 0x0B, 0xC0, 0x00,
    0x00, 0x1A, 0xFF, 0xAA, 0xA4, 0x01, 0xFF, 0xFF, 0xFF, 0x80, 0x1F, 0xFF, 0xFF, 0xF8, 0x00, 0x02,
    0xF8, 0x00, 0x00, 0x00, 0x2F, 0x80, 0x00, 0x00, 0x03, 0xF8, 0x00, 0x00, 0x00, 0xFF, 0x00, 0x00,
    0x00, 0xBF, 0xD0, 0x00, 0x00, 0xBF, 0xE4, 0x00, 0x00, 0x0B, 0xFF, 0xFF, 0xFE, 0x90, 0xBF, 0xFF,
    0xFF, 0xFF, 0xCB, 0xFF, 0xFF, 0xFF, 0xFD, 0x00, 0x00, 0x00, 0x00, 0x0B, 0x00, 0x02, 0xD0, 0x2F,
    0xEF, 0xEB, 0xF4, 0x1F, 0xFF, 0xFF, 0xF0, 0x07, 0xF4, 0x2F, 0xC0, 0x0B, 0xC0, 0x0B, 0xC0, 0x0F,
    0xC0, 0x07, 0xD0, 0x0F, 0xC0, 0x07, 0xE0, 0x0F, 0xC0, 0x0B, 0xD0, 0x0B, 0xF4, 0x2F, 0xD0, 0x0B,
    0xFF, 0xFF, 0xD0, 0x2F, 0xFF, 0xFF, 0xF4, 0x7F, 0xFF, 0xFF, 0xFC, 0x2F, 0x05, 0x41, 0xF4, 0x08,
    0x00, 0x00, 0x50, 0x14, 0x00, 0x00, 0x01, 0x53, 0xF0, 0x00, 0x00, 0xFD, 0x1F, 0xC0, 0x00, 0x3F,
    0x80, 0xBF, 0x00, 0x0B, 0xF0, 0x03, 0xFC, 0x02, 0xFC, 0x00, 0x1F, 0xF0, 0xBF, 0x40, 0x00, 0xBF,
    0xEF, 0xE0, 0x00, 0x03, 0xFF, 0xFC, 0x00, 0x00, 0x0F, 0xFF, 0x00, 0x00, 0x00, 0x7F, 0xD0, 0x00,
    0x00, 0x03, 0xFC, 0x00, 0x00, 0x00, 0x3F, 0xFF, 0x80, 0x03, 0xFF, 0xFF, 0xFC, 0x00, 0xBF, 0xFF,
    0xD4, 0x00, 0x00, 0x03, 0xFC, 0x00, 0x00, 0x00, 0x3F, 0xC0, 0x00, 0x00, 0x03, 0xFC, 0x00, 0x00,
    0x00, 0x3F, 0xC1, 0x00, 0x03, 0xFF, 0xFF, 0xF8, 0x00, 0xBF, 0xFF, 0xFF, 0xC0, 0x00, 0x03, 0xF8,
    0x00, 0x00, 0x00, 0x3F, 0x80, 0x00, 0x00, 0x03, 0xF8, 0x00, 0x00, 0x00, 0x3F, 0x80, 0x00, 0x2C,
    0x3C, 0x3C, 0x3C, 0x3C, 0x3C, 0x3C, 0x3C, 0x3C, 0x00, 0x00, 0x00, 0x00, 0x00, 0x38, 0x78, 0x78,
    0x78, 0x78, 0xB8, 0xB8, 0xB4, 0xB4, 0xB4, 0xB4, 0x00, 0x06, 0xFE, 0x40, 0x00, 0x2F, 0xFF, 0xF0,
    0x00, 0x7C, 0x00, 0x7C, 0x00, 0xF0, 0x00, 0x18, 0x00, 0xE0, 0x00, 0x00, 0x00, 0xF0, 0x00, 0x00,
    0x00, 0xBE, 0x00, 0x00, 0x00, 0x3F, 0xF9, 0x00, 0x00, 0xBF, 0xFF, 0xE0, 0x03, 0xFF, 0xFF, 0xFC,
    0x07, 0xF4, 0x00, 0xBE, 0x0B, 0xC0, 0x00, 0x3F, 0x0F, 0x80, 0x00, 0x3F, 0x0B, 0xD0, 0x00, 0x3F,
    0x07, 0xFF, 0xA6, 0xFE, 0x02, 0xFF, 0xFF, 0xFD, 0x00, 0x6F, 0xFF, 0xF4, 0x00, 0x00, 0x7F, 0xF0,
    0x00, 0x00, 0x0B, 0xFC, 0x00, 0x00, 0x03, 0xFC, 0x01, 0x00, 0x0B, 0xFC, 0x0F, 0xFF, 0xFF, 0xFC,
    0x2F, 0xFF, 0xFF, 0xF4, 0x3F, 0xFF, 0xFF, 0xD0, 0x1B, 0xFF, 0xF9, 0x00, 0x00, 0x00, 0x00, 0x00,
    0x1F, 0x40, 0x2F, 0x43, 0xF8, 0x03, 0xF8, 0x3F, 0xC0, 0x3F, 0xC3, 0xFC, 0x07, 0xFC, 0x7F, 0xC0,
    0xBF, 0xC0, 0x01, 0xBE, 0x00, 0x0E, 0x01, 0xE0, 0x24, 0xBC, 0x24, 0x62, 0x80, 0x0C, 0x93, 0x00,
    0x0C, 0x93, 0x00, 0x09, 0x63, 0xC0, 0x0C, 0x30, 0xFE, 0x1C, 0x28, 0x04, 0x30, 0x0B, 0x41, 0xD0,
    0x01, 0xBE, 0x00, 0x00, 0x00, 0x00, 0x2F, 0xA4, 0x0B, 0x5F, 0x80, 0xD0, 0x38, 0x1C, 0x03, 0x81,
    0x80, 0x3C, 0x2C, 0x03, 0xC1, 0xE5, 0xFC, 0x0F, 0xFF, 0xC0, 0x2F, 0x8C, 0x00, 0x02, 0x00, 0x00,
    0x00, 0x3C, 0x01, 0xD0, 0x03, 0xE0, 0x2F, 0x40, 0x7E, 0x02, 0xF4, 0x0B, 0xE0, 0x3F, 0x40, 0xBD,
    0x03, 0xF0, 0x07, 0xE0, 0x3F, 0x00, 0x1F, 0xD0, 0xFF, 0x00, 0x2F, 0xE0, 0xFF, 0x00, 0x2F, 0xE0,
    0xFF, 0x00, 0x1F, 0xD0, 0xFF, 0x00, 0x1F, 0x00, 0xFC, 0x00, 0x1C, 0x00, 0xE0, 0x00, 0x00, 0x00,
    0x00, 0xBE, 0xA5, 0x40, 0x0B, 0xFF, 0xFF, 0xFC, 0x6B, 0xFF, 0xFF, 0xC0, 0x00, 0x00, 0xBD, 0x00,
    0x00, 0x0B, 0xD0, 0x00, 0x00, 0xBD, 0x00, 0x00, 0x0B, 0xD0, 0x00, 0x00, 0xBD, 0x00, 0x00, 0x01,
    0x40, 0xBF, 0xFF, 0xFF, 0xCB, 0xFF, 0xFF, 0xFC, 0xBF, 0xFF, 0xFF, 0xC0, 0x01, 0xBE, 0x00, 0x0E,
    0x01, 0xE0, 0x24, 0xFD, 0x34, 0x30, 0x83, 0x0C, 0x50, 0x87, 0x0C, 0x90, 0xFD, 0x09, 0x51, 0xDA,
    0x0C, 0x71, 0xC3, 0x0C, 0x29, 0xC3, 0x74, 0x0F, 0x82, 0xE0, 0x01, 0xBE, 0x00, 0x00, 0x00, 0x00,
    0xFF, 0xFF, 0xD6, 0xAA, 0xA5, 0x00, 0x00, 0x00, 0x00, 0x00, 0x0B, 0xFD, 0x00, 0x07, 0xFF, 0xFC,
    0x00, 0xFD, 0x07, 0xF0, 0x3F, 0x00, 0x0F, 0x43, 0xE0, 0x00, 0xBC, 0x7E, 0x00, 0x0B, 0xC7, 0xE0,
    0x00, 0xBC, 0x3F, 0x00, 0x0F, 0xC3, 0xFD, 0x07, 0xF8, 0x0F, 0xFF, 0xFF, 0x00, 0x7F, 0xFF, 0xC0,
    0x00, 0xFF, 0xE0, 0x00, 0x00, 0x00, 0x00, 0x00, 0x01, 0x00, 0x00, 0x00, 0xF8, 0x00, 0x00, 0x0F,
    0x80, 0x00, 0x00, 0xF8, 0x00, 0x00, 0x0F, 0x80, 0x06, 0xAA, 0xFE, 0xAA, 0xBF, 0xFF, 0xFF, 0xE0,
    0x00, 0xF8, 0x00, 0x00, 0x0F, 0x80, 0x00, 0x00, 0xF8, 0x00, 0x00, 0x0F, 0x80, 0x00, 0x00, 0x64,
    0x00, 0x00, 0x00, 0x00, 0x00, 0x00, 0x00, 0x00, 0x15, 0xAA, 0xBF, 0x83, 0xFF, 0xFF, 0xFC, 0x15,
    0x50, 0x00, 0x00, 0x00, 0x01, 0xFF, 0x09, 0x0B, 0x00, 0x0C, 0x00, 0x30, 0x03, 0xC0, 0x2D, 0x03,
    0xE0, 0x3E, 0x02, 0xFF, 0xDF, 0xFF, 0x40, 0x2F, 0xD0, 0x00, 0x28, 0x00, 0x0C, 0x00, 0x28, 0x0F,
    0xE0, 0x00, 0x78, 0x00, 0x2C, 0x00, 0x1C, 0x10, 0x7C, 0xBF, 0xF4, 0x7F, 0xD0, 0x01, 0x90, 0x3C,
    0x07, 0xC0, 0xF4, 0x1F, 0x03, 0xF0, 0x3F, 0x40, 0x00, 0xBD, 0x3F, 0x40, 0x00, 0xBD, 0x3F, 0x40,
    0x00, 0xBD, 0x3F, 0x80, 0x00, 0xBD, 0x3F, 0x80, 0x00, 0xBD, 0x7F, 0x80, 0x00, 0xFD, 0x7F, 0xC0,
    0x00, 0xFE, 0x7F, 0xC0, 0x00, 0xFE, 0x7F, 0xC0, 0x00, 0xFE, 0x7F, 0xC0, 0x00, 0xFE, 0x7F, 0xE0,
    0x03, 0xFE, 0xBF, 0xFF, 0xFF, 0xFE, 0xBF, 0xFF, 0xFF, 0xFE, 0xBB, 0xFF, 0xFF, 0xFF, 0xB6, 0xFF,
    0xFF, 0x7F, 0xB4, 0x7F, 0xF8, 0x7F, 0xB4, 0x00, 0x00, 0x00, 0xF4, 0x00, 0x00, 0x00, 0xA0, 0x00,
    0x00, 0x00, 0x00, 0x54, 0x01, 0x40, 0x7F, 0xD0, 0x3C, 0x1F, 0xFD, 0x03, 0xC3, 0xFF, 0xC0, 0x3C,
    0x7F, 0xFC, 0x03, 0xCB, 0xFF, 0xC0, 0x3C, 0xBF, 0xFC, 0x03, 0xD7, 0xFF, 0xC0, 0x3D, 0x3F, 0xFC,
    0x03, 0xD0, 0xFF, 0xC0, 0x3D, 0x03, 0xF8, 0x03, 0xD0, 0x3F, 0x80, 0x3D, 0x03, 0xF8, 0x03, 0xD0,
    0x7F, 0x40, 0x3D, 0x0B, 0xF4, 0x03, 0xD0, 0xFF, 0x40, 0x3D, 0x0F, 0xF4, 0x03, 0xD0, 0xFF, 0x00,
    0x3D, 0x1F, 0xF0, 0x02, 0xD2, 0xFF, 0x00, 0x2E, 0x3F, 0xF0, 0x02, 0xE3, 0xFF, 0x00, 0x2E, 0x3F,
    0xF0, 0x02, 0xE7, 0xFF, 0x00, 0x2E, 0x2F, 0x83, 0xFC, 0x3F, 0xC7, 0xFC, 0x7F, 0xC0, 0x10, 0x03,
    0x00, 0x60, 0x0B, 0xF4, 0x00, 0xD0, 0x0D, 0x6B, 0xCF, 0xE0, 0x05, 0x00, 0xFC, 0x01, 0xB0, 0x02,
    0xC0, 0x0B, 0x00, 0x2C, 0x00, 0xF0, 0x03, 0xC0, 0x0F, 0x03, 0xFF, 0xCF, 0xFF, 0x00, 0x00, 0x40,
    0x03, 0xFE, 0x03, 0x80, 0xE1, 0xC0, 0x1C, 0xB0, 0x03, 0x5C, 0x01, 0xC3, 0x95, 0xF0, 0xBF, 0xF4,
    0x0B, 0xF4, 0x00, 0x40, 0x01, 0x00, 0x02, 0xC0, 0x0E, 0x00, 0x0B, 0xC0, 0x3F, 0x00, 0x0B, 0xD0,
    0x3F, 0x00, 0x0B, 0xE0, 0x3F, 0x40, 0x07, 0xE0, 0x2F, 0x40, 0x07, 0xD0, 0x3F, 0x00, 0x7F, 0x83,
    0xFC, 0x07, 0xFC, 0x3F, 0xD0, 0x7F, 0x83, 0xFC, 0x03, 0xF8, 0x2F, 0xC0, 0x0F, 0x80, 0xBC, 0x00,
    0x38, 0x01, 0xC0, 0x00, 0x40, 0x00, 0x00, 0x00, 0x00, 0x00, 0x00, 0x00, 0x00, 0x00, 0x0B, 0xC0,
    0x00, 0x00, 0x00, 0x00, 0x3F, 0xC0, 0x00, 0x00, 0x00, 0x00, 0x13, 0xC0, 0x00, 0x00, 0x00, 0x00,
    0x03, 0xC0, 0x00, 0x00, 0x3C, 0x00, 0x03, 0xC0, 0x00, 0x00, 0xB4, 0x00, 0x03, 0xC0, 0x00, 0x01,
    0xE0, 0x00, 0x03, 0xC0, 0x00, 0x03, 0xC0, 0x00, 0x03, 0xC0, 0x00, 0x0B, 0x80, 0x00, 0x03, 0xC0,
    0x00, 0x0F, 0x00, 0x00, 0x03, 0xC0, 0x00, 0x2D, 0x00, 0x00, 0x07, 0xC0, 0x00, 0x7C, 0x00, 0x00,
    0xAF, 0xEA, 0x00, 0xF4, 0x00, 0x00, 0xFF, 0xFF, 0x02, 0xF0, 0x00, 0x40, 0xFF, 0xFF, 0x03, 0xC0,
    0x02, 0xC0, 0x00, 0x00, 0x0F, 0x80, 0x07, 0xC0, 0x00, 0x00, 0x1F, 0x00, 0x0F, 0xC0, 0x00, 0x00,
    0x3E, 0x00, 0x2E, 0xD0, 0x00, 0x00, 0xBC, 0x00, 0x79, 0xD0, 0x00, 0x00, 0xF4, 0x00, 0xF1, 0xD0,
    0x00, 0x03, 0xF0, 0x03, 0xD1, 0xE0, 0x00, 0x07, 0xD0, 0x0B, 0x81, 0xE0, 0x00, 0x0F, 0x80, 0x0F,
    0xFF, 0xFE, 0x00, 0x2F, 0x00, 0x0F, 0xFF, 0xFE, 0x00, 0x3E, 0x00, 0x00, 0x02, 0xF0, 0x00, 0xFC,
    0x00, 0x00, 0x02, 0xF0, 0x01, 0xF4, 0x00, 0x00, 0x03, 0xF0, 0x01, 0x50, 0x00, 0x00, 0x03, 0xF0,
    0x0B, 0xC0, 0x00, 0x00, 0x00, 0x00, 0x0F, 0xF0, 0x00, 0x00, 0x00, 0x00, 0x02, 0x3C, 0x00, 0x00,
    0x00, 0x00, 0x00, 0x0F, 0x00, 0x00, 0x00, 0xF0, 0x00, 0x03, 0xC0, 0x00, 0x00, 0xB4, 0x00, 0x00,
    0xF0, 0x00, 0x00, 0x78, 0x00, 0x00, 0x3C, 0x00, 0x00, 0x3C, 0x00, 0x00, 0x0F, 0x00, 0x00, 0x2E,
    0x00, 0x00, 0x03, 0xC0, 0x00, 0x0F, 0x00, 0x00, 0x00, 0xF0, 0x00, 0x0B, 0x40, 0x00, 0x00, 0x7C,
    0x00, 0x07, 0xC0, 0x00, 0x02, 0xBF, 0xA8, 0x03, 0xD0, 0x69, 0x00, 0xFF, 0xFF, 0x02, 0xF2, 0xFF,
    0xF8, 0x3F, 0xFF, 0xC0, 0xF0, 0xA4, 0x1F, 0x80, 0x00, 0x00, 0xF8, 0x00, 0x00, 0xF0, 0x00, 0x00,
    0x7C, 0x00, 0x00, 0x3C, 0x00, 0x00, 0x3D, 0x00, 0x00, 0x0F, 0x00, 0x00, 0x2F, 0x00, 0x00, 0x0B,
    0xC0, 0x00, 0x0F, 0x40, 0x00, 0x07, 0xD0, 0x00, 0x0F, 0xC0, 0x00, 0x07, 0xE0, 0x00, 0x07, 0xC0,
    0x00, 0x0B, 0xF0, 0x00, 0x03, 0xE0, 0x00, 0x1F, 0xF0, 0x00, 0x02, 0xF0, 0x00, 0x0F, 0xF0, 0x00,
    0x01, 0xF8, 0x00, 0x0B, 0xFF, 0xFC, 0x00, 0xFC, 0x00, 0x03, 0xFF, 0xFF, 0x00, 0xBD, 0x00, 0x00,
    0xBF, 0xFF, 0xC0, 0x15, 0x00, 0x00, 0x00, 0x00, 0x00, 0x0B, 0xFD, 0x00, 0x00, 0x00, 0x00, 0x02,
    0x95, 0xBC, 0x00, 0x00, 0x00, 0x00, 0x00, 0x00, 0xD0, 0x00, 0x00, 0x00, 0x00, 0x00, 0x0A, 0x00,
    0x00, 0x3C, 0x00, 0x00, 0x00, 0xE0, 0x00, 0x0B, 0x40, 0x00, 0x00, 0x2C, 0x00, 0x00, 0xF0, 0x00,
    0x03, 0xFF, 0x40, 0x00, 0x3C, 0x00, 0x00, 0x2A, 0xF8, 0x00, 0x07, 0x80, 0x00, 0x00, 0x02, 0xE0,
    0x00, 0xF0, 0x00, 0x00, 0x00, 0x0F, 0x00, 0x2D, 0x00, 0x00, 0x00, 0x00, 0xF0, 0x07, 0xC0, 0x00,
    0x00, 0x00, 0x2F, 0x00, 0xF4, 0x00, 0x00, 0x2F, 0xFF, 0xD0, 0x2F, 0x00, 0x04, 0x03, 0xFF, 0xF8,
    0x03, 0xC0, 0x02, 0xC0, 0x1B, 0xE9, 0x00, 0xB8, 0x00, 0x7C, 0x00, 0x00, 0x00, 0x1F, 0x00, 0x0F,
    0xC0, 0x00, 0x00, 0x03, 0xE0, 0x02, 0xED, 0x00, 0x00, 0x00, 0xBC, 0x00, 0x79, 0xD0, 0x00, 0x00,
    0x0F, 0x40, 0x0F, 0x1D, 0x00, 0x00, 0x03, 0xF0, 0x03, 0xD1, 0xE0, 0x00, 0x00, 0x7D, 0x00, 0xB8,
    0x1E, 0x00, 0x00, 0x0F, 0x80, 0x0F, 0xFF, 0xFE, 0x00, 0x02, 0xF0, 0x00, 0xFF, 0xFF, 0xE0, 0x00,
    0x3E, 0x00, 0x00, 0x02, 0xF0, 0x00, 0x0F, 0xC0, 0x00, 0x00, 0x2F, 0x00, 0x01, 0xF4, 0x00, 0x00,
    0x03, 0xF0, 0x00, 0x15, 0x00, 0x00, 0x00, 0x3F, 0x00, 0x00, 0x03, 0xFD, 0x00, 0x00, 0x03, 0xFD,
    0x00, 0x00, 0x03, 0xFC, 0x00, 0x00, 0x02, 0xFC, 0x00, 0x00, 0x01, 0xF8, 0x00, 0x00, 0x00, 0x00,
    0x00, 0x00, 0x00, 0x00, 0x00, 0x00, 0x00, 0x14, 0x00, 0x00, 0x02, 0xFC, 0x00, 0x00, 0x03, 0xFC,
    0x00, 0x00, 0x03, 0xFC, 0x00, 0x00, 0x03, 0xFC, 0x00, 0x00, 0x03, 0xFC, 0x00, 0x00, 0x03, 0xFC,
    0x00, 0x00, 0x1F, 0xFC, 0x00, 0x00, 0x7F, 0xF4, 0x00, 0x00, 0xFF, 0x40, 0x00, 0x03, 0xFC, 0x00,
    0x00, 0x07, 0xF0, 0x00, 0x00, 0x0F, 0xD0, 0x00, 0x00, 0x1F, 0xC0, 0x00, 0x00, 0x3F, 0x80, 0x00,
    0x00, 0x3F, 0x40, 0x00, 0x00, 0x3F, 0x40, 0x00, 0x00, 0x3F, 0x40, 0x00, 0x00, 0x2F, 0x80, 0x00,
    0x00, 0x1F, 0xD0, 0x00, 0x18, 0x0F, 0xF8, 0x00, 0x7E, 0x03, 0xFF, 0xEB, 0xFC, 0x00, 0xFF, 0xFF,
    0xF0, 0x00, 0x1B, 0xFE, 0x40, 0x00, 0x00, 0x00, 0x00, 0x00, 0x0B, 0xD0, 0x00, 0x00, 0x00, 0x00,
    0x0B, 0xE0, 0x00, 0x00, 0x00, 0x00, 0x0B, 0xF0, 0x00, 0x00, 0x00, 0x00, 0x0B, 0xF4, 0x00, 0x00,
    0x00, 0x00, 0x00, 0x10, 0x00, 0x00, 0x00, 0x00, 0x00, 0x00, 0x00, 0x00, 0x00, 0x00, 0x00, 0x00,
    0x00, 0x00, 0x00, 0x00, 0x00, 0x00, 0x00, 0x00, 0x00, 0x0F, 0xD0, 0x00, 0x00, 0x00, 0x00, 0xBF,
    0x80, 0x00, 0x00, 0x00, 0x03, 0xFF, 0x00, 0x00, 0x00, 0x00, 0x1F, 0xFD, 0x00, 0x00, 0x00, 0x00,
    0xBE, 0xFC, 0x00, 0x00, 0x00, 0x03, 0xF3, 0xF0, 0x00, 0x00, 0x00, 0x1F, 0x8B, 0xE0, 0x00, 0x00,
    0x00, 0xFD, 0x1F, 0xC0, 0x00, 0x00, 0x03, 0xF0, 0x3F, 0x40, 0x00, 0x00, 0x2F, 0x80, 0xBE, 0x00,
    0x00, 0x00, 0xFD, 0x01, 0xFC, 0x00, 0x00, 0x07, 0xF0, 0x03, 0xF4, 0x00, 0x00, 0x2F, 0x80, 0x0B,
    0xF0, 0x00, 0x00, 0xFD, 0x00, 0x1F, 0xC0, 0x00, 0x07, 0xF0, 0x00, 0x3F, 0x80, 0x00, 0x3F, 0x80,
    0x00, 0xBF, 0x00, 0x00, 0xFD, 0x00, 0x00, 0xFD, 0x00, 0x0B, 0xFF, 0xFF, 0xFF, 0xFC, 0x00, 0x3F,
    0xFF, 0xFF, 0xFF, 0xF0, 0x01, 0xFF, 0xFF, 0xFF, 0xFF, 0xE0, 0x0F, 0xFF, 0xFF, 0xFF, 0xFF, 0xC0,
    0x3F, 0xC0, 0x00, 0x00, 0xFF, 0x42, 0xFE, 0x00, 0x00, 0x02, 0xFE, 0x0F, 0xF4, 0x00, 0x00, 0x07,
    0xFC, 0x7F, 0xC0, 0x00, 0x00, 0x0F, 0xF4, 0x00, 0x00, 0x00, 0xB4, 0x00, 0x00, 0x00, 0x00, 0x03,
    0xC0, 0x00, 0x00, 0x00, 0x00, 0x2F, 0x00, 0x00, 0x00, 0x00, 0x00, 0xF4, 0x00, 0x00, 0x00, 0x00,
    0x0B, 0xC0, 0x00, 0x00, 0x00, 0x00, 0x2A, 0x00, 0x00, 0x00, 0x00, 0x00, 0x00, 0x00, 0x00, 0x00,
    0x00, 0x00, 0x00, 0x00, 0x00, 0x00, 0x00, 0x00, 0x00, 0x00, 0x00, 0x00, 0x00, 0x00, 0x00, 0x00,
    0x00, 0x00, 0x00, 0x00, 0x00, 0x00, 0x00, 0x00, 0x00, 0x00, 0x00, 0x00, 0x00, 0x00, 0x00, 0x00,
    0x00, 0x00, 0x00, 0x00, 0x3F, 0x40, 0x00, 0x00, 0x00, 0x02, 0xFE, 0x00, 0x00, 0x00, 0x00, 0x0F,
    0xFC, 0x00, 0x00, 0x00, 0x00, 0x7F, 0xF4, 0x00, 0x00, 0x00, 0x02, 0xFB, 0xF0, 0x00, 0x00, 0x00,
    0x0F, 0xCF, 0xC0, 0x00, 0x00, 0x00, 0x7E, 0x2F, 0x80, 0x00, 0x00, 0x03, 0xF4, 0x7F, 0x00, 0x00,
    0x00, 0x0F, 0xC0, 0xFD, 0x00, 0x00, 0x00, 0xBE, 0x02, 0xF8, 0x00, 0x00, 0x03, 0xF4, 0x07, 0xF0,
    0x00, 0x00, 0x1F, 0xC0, 0x0F, 0xD0, 0x00, 0x00, 0xBE, 0x00, 0x2F, 0xC0, 0x00, 0x03, 0xF4, 0x00,
    0x7F, 0x00, 0x00, 0x1F, 0xC0, 0x00, 0xFE, 0x00, 0x00, 0xFE, 0x00, 0x02, 0xFC, 0x00, 0x03, 0xF4,
    0x00, 0x03, 0xF4, 0x00, 0x2F, 0xFF, 0xFF, 0xFF, 0xF0, 0x00, 0xFF, 0xFF, 0xFF, 0xFF, 0xC0, 0x07,
    0xFF, 0xFF, 0xFF, 0xFF, 0x80, 0x3F, 0xFF, 0xFF, 0xFF, 0xFF, 0x00, 0xFF, 0x00, 0x00, 0x03, 0xFD,
    0x0B, 0xF8, 0x00, 0x00, 0x0B, 0xF8, 0x3F, 0xD0, 0x00, 0x00, 0x1F, 0xF1, 0xFF, 0x00, 0x00, 0x00,
    0x3F, 0xD0, 0x00, 0x00, 0x0B, 0x40, 0x00, 0x00, 0x00, 0x00, 0x7F, 0x00, 0x00, 0x00, 0x00, 0x03,
    0xFE, 0x00, 0x00, 0x00, 0x00, 0x3D, 0x2E, 0x00, 0x00, 0x00, 0x03, 0xC0, 0x1E, 0x00, 0x00, 0x00,
    0x28, 0x00, 0x0A, 0x00, 0x00, 0x00, 0x00, 0x00, 0x00, 0x00, 0x00, 0x00, 0x00, 0x00, 0x00, 0x00,
    0x00, 0x00, 0x00, 0x00, 0x00, 0x00, 0x00, 0x00, 0x3F, 0x40, 0x00, 0x00, 0x00, 0x02, 0xFE, 0x00,
    0x00, 0x00, 0x00, 0x0F, 0xFC, 0x00, 0x00, 0x00, 0x00, 0x7F, 0xF4, 0x00, 0x00, 0x00, 0x02, 0xFB,
    0xF0, 0x00, 0x00, 0x00, 0x0F, 0xCF, 0xC0, 0x00, 0x00, 0x00, 0x7E, 0x2F, 0x80, 0x00, 0x00, 0x03,
    0xF4, 0x7F, 0x00, 0x00, 0x00, 0x0F, 0xC0, 0xFD, 0x00, 0x00, 0x00, 0xBE, 0x02, 0xF8, 0x00, 0x00,
    0x03, 0xF4, 0x07, 0xF0, 0x00, 0x00, 0x1F, 0xC0, 0x0F, 0xD0, 0x00, 0x00, 0xBE, 0x00, 0x2F, 0xC0,
    0x00, 0x03, 0xF4, 0x00, 0x7F, 0x00, 0x00, 0x1F, 0xC0, 0x00, 0xFE, 0x00, 0x00, 0xFE, 0x00, 0x02,
    0xFC, 0x00, 0x03, 0xF4, 0x00, 0x03, 0xF4, 0x00, 0x2F, 0xFF, 0xFF, 0xFF, 0xF0, 0x00, 0xFF, 0xFF,
    0xFF, 0xFF, 0xC0, 0x07, 0xFF, 0xFF, 0xFF, 0xFF, 0x80, 0x3F, 0xFF, 0xFF, 0xFF, 0xFF, 0x00, 0xFF,
    0x00, 0x00, 0x03, 0xFD, 0x0B, 0xF8, 0x00, 0x00, 0x0B, 0xF8, 0x3F, 0xD0, 0x00, 0x00, 0x1F, 0xF1,
    0xFF, 0x00, 0x00, 0x00, 0x3F, 0xD0, 0x00, 0x00, 0xF8, 0x03, 0x80, 0x00, 0x00, 0x0F, 0xB8, 0x0E,
    0x00, 0x00, 0x00, 0x38, 0x78, 0x34, 0x00, 0x00, 0x01, 0xD0, 0xBF, 0xC0, 0x00, 0x00, 0x07, 0x40,
    0xBE, 0x00, 0x00, 0x00, 0x00, 0x00, 0x00, 0x00, 0x00, 0x00, 0x00, 0x00, 0x00, 0x00, 0x00, 0x00,
    0x00, 0x00, 0x00, 0x00, 0x00, 0x00, 0x0F, 0xD0, 0x00, 0x00, 0x00, 0x00, 0xBF, 0x80, 0x00, 0x00,
    0x00, 0x03, 0xFF, 0x00, 0x00, 0x00, 0x00, 0x1F, 0xFD, 0x00, 0x00, 0x00, 0x00, 0xBE, 0xFC, 0x00,
    0x00, 0x00, 0x03, 0xF3, 0xF0, 0x00, 0x00, 0x00, 0x1F, 0x8B, 0xE0, 0x00, 0x00, 0x00, 0xFD, 0x1F,
    0xC0, 0x00, 0x00, 0x03, 0xF0, 0x3F, 0x40, 0x00, 0x00, 0x2F, 0x80, 0xBE, 0x00, 0x00, 0x00, 0xFD,
    0x01, 0xFC, 0x00, 0x00, 0x07, 0xF0, 0x03, 0xF4, 0x00, 0x00, 0x2F, 0x80, 0x0B, 0xF0, 0x00, 0x00,
    0xFD, 0x00, 0x1F, 0xC0, 0x00, 0x07, 0xF0, 0x00, 0x3F, 0x80, 0x00, 0x3F, 0x80, 0x00, 0xBF, 0x00,
    0x00, 0xFD, 0x00, 0x00, 0xFD, 0x00, 0x0B, 0xFF, 0xFF, 0xFF, 0xFC, 0x00, 0x3F, 0xFF, 0xFF, 0xFF,
    0xF0, 0x01, 0xFF, 0xFF, 0xFF, 0xFF, 0xE0, 0x0F, 0xFF, 0xFF, 0xFF, 0xFF, 0xC0, 0x3F, 0xC0, 0x00,
    0x00, 0xFF, 0x42, 0xFE, 0x00, 0x00, 0x02, 0xFE, 0x0F, 0xF4, 0x00, 0x00, 0x07, 0xFC, 0x7F, 0xC0,
    0x00, 0x00, 0x0F, 0xF4, 0x00, 0x0F, 0xD0, 0x0F, 0xD0, 0x00, 0x00, 0x3F, 0x80, 0x3F, 0x80, 0x00,
    0x00, 0xFF, 0x01, 0xFE, 0x00, 0x00, 0x07, 0xFC, 0x0B, 0xFC, 0x00, 0x00, 0x1F, 0xF0, 0x2F, 0xF0,
    0x00, 0x00, 0x00, 0x00, 0x00, 0x00, 0x00, 0x00, 0x00, 0x00, 0x00, 0x00, 0x00, 0x00, 0x00, 0x00,
    0x00, 0x00, 0x00, 0x00, 0x0F, 0xD0, 0x00, 0x00, 0x00, 0x00, 0xBF, 0x80, 0x00, 0x00, 0x00, 0x03,
    0xFF, 0x00, 0x00, 0x00, 0x00, 0x1F, 0xFD, 0x00, 0x00, 0x00, 0x00, 0xBE, 0xFC, 0x00, 0x00, 0x00,
    0x03, 0xF3, 0xF0, 0x00, 0x00, 0x00, 0x1F, 0x8B, 0xE0, 0x00, 0x00, 0x00, 0xFD, 0x1F, 0xC0, 0x00,
    0x00, 0x03, 0xF0, 0x3F, 0x40, 0x00, 0x00, 0x2F, 0x80, 0xBE, 0x00, 0x00, 0x00, 0xFD, 0x01, 0xFC,
    0x00, 0x00, 0x07, 0xF0, 0x03, 0xF4, 0x00, 0x00, 0x2F, 0x80, 0x0B, 0xF0, 0x00, 0x00, 0xFD, 0x00,
    0x1F, 0xC0, 0x00, 0x07, 0xF0, 0x00, 0x3F, 0x80, 0x00, 0x3F, 0x80, 0x00, 0xBF, 0x00, 0x00, 0xFD,
    0x00, 0x00, 0xFD, 0x00, 0x0B, 0xFF, 0xFF, 0xFF, 0xFC, 0x00, 0x3F, 0xFF, 0xFF, 0xFF, 0xF0, 0x01,
    0xFF, 0xFF, 0xFF, 0xFF, 0xE0, 0x0F, 0xFF, 0xFF, 0xFF, 0xFF, 0xC0, 0x3F, 0xC0, 0x00, 0x00, 0xFF,
    0x42, 0xFE, 0x00, 0x00, 0x02, 0xFE, 0x0F, 0xF4, 0x00, 0x00, 0x07, 0xFC, 0x7F, 0xC0, 0x00, 0x00,
    0x0F, 0xF4, 0x00, 0x00, 0x0B, 0xC0, 0x00, 0x00, 0x00, 0x00, 0xD1, 0xC0, 0x00, 0x00, 0x00, 0x07,
    0x03, 0x40, 0x00, 0x00, 0x00, 0x1D, 0x0D, 0x00, 0x00, 0x00, 0x00, 0x3F, 0xF0, 0x00, 0x00, 0x00,
    0x00, 0x2E, 0x00, 0x00, 0x00, 0x00, 0x00, 0x00, 0x00, 0x00, 0x00, 0x00, 0x00, 0x00, 0x00, 0x00,
    0x00, 0x00, 0x00, 0x00, 0x00, 0x00, 0x00, 0x00, 0x00, 0x00, 0x00, 0x00, 0x00, 0x00, 0xFD, 0x00,
    0x00, 0x00, 0x00, 0x0B, 0xF8, 0x00, 0x00, 0x00, 0x00, 0x3F, 0xF0, 0x00, 0x00, 0x00, 0x01, 0xFF,
    0xD0, 0x00, 0x00, 0x00, 0x0B, 0xEF, 0xC0, 0x00, 0x00, 0x00, 0x3F, 0x3F, 0x00, 0x00, 0x00, 0x01,
    0xF8, 0xBE, 0x00, 0x00, 0x00, 0x0F, 0xD1, 0xFC, 0x00, 0x00, 0x00, 0x3F, 0x03, 0xF4, 0x00, 0x00,
    0x02, 0xF8, 0x0B, 0xE0, 0x00, 0x00, 0x0F, 0xD0, 0x1F, 0xC0, 0x00, 0x00, 0x7F, 0x00, 0x3F, 0x40,
    0x00, 0x02, 0xF8, 0x00, 0xBF, 0x00, 0x00, 0x0F, 0xD0, 0x01, 0xFC, 0x00, 0x00, 0x7F, 0x00, 0x03,
    0xF8, 0x00, 0x03, 0xF8, 0x00, 0x0B, 0xF0, 0x00, 0x0F, 0xD0, 0x00, 0x0F, 0xD0, 0x00, 0xBF, 0xFF,
    0xFF, 0xFF, 0xC0, 0x03, 0xFF, 0xFF, 0xFF, 0xFF, 0x00, 0x1F, 0xFF, 0xFF, 0xFF, 0xFE, 0x00, 0xFF,
    0xFF, 0xFF, 0xFF, 0xFC, 0x03, 0xFC, 0x00, 0x00, 0x0F, 0xF4, 0x2F, 0xE0, 0x00, 0x00, 0x2F, 0xE0,
    0xFF, 0x40, 0x00, 0x00, 0x7F, 0xC7, 0xFC, 0x00, 0x00, 0x00, 0xFF, 0x40, 0x00, 0x00, 0x00, 0x00,
    0x00, 0x00, 0x01, 0x54, 0x00, 0x00, 0x00, 0x2F, 0xFF, 0xFF, 0xFF, 0xFC, 0x00, 0x00, 0x00, 0x3F,
    0xFF, 0xFF, 0xFF, 0xFC, 0x00, 0x00, 0x00, 0xBF, 0xFF, 0xFF, 0xFF, 0xF4, 0x00, 0x00, 0x01, 0xFF,
    0xFF, 0x40, 0x00, 0x00, 0x00, 0x00, 0x03, 0xFB, 0xFE, 0x00, 0x00, 0x00, 0x00, 0x00, 0x07, 0xF3,
    0xFE, 0x00, 0x00, 0x00, 0x00, 0x00, 0x0F, 0xC3, 0xFE, 0x00, 0x00, 0x00, 0x00, 0x00, 0x1F, 0x83,
    0xFE, 0x00, 0x00, 0x00, 0x00, 0x00, 0x3F, 0x02, 0xFE, 0x00, 0x00, 0x00, 0x00, 0x00, 0xBE, 0x01,
    0xFF, 0x55, 0x6A, 0x00, 0x00, 0x00, 0xFC, 0x00, 0xFF, 0xFF, 0xFF, 0x00, 0x00, 0x02, 0xF8, 0x00,
    0xFF, 0xFF, 0xFF, 0x00, 0x00, 0x03, 0xF0, 0x00, 0xFF, 0xFF, 0xFE, 0x00, 0x00, 0x0B, 0xE0, 0x00,
    0xFF, 0x40, 0x00, 0x00, 0x00, 0x1F, 0xC0, 0x00, 0xFF, 0x00, 0x00, 0x00, 0x00, 0x3F, 0x80, 0x00,
    0xFF, 0x40, 0x00, 0x00, 0x00, 0x7F, 0xEA, 0xAA, 0xFF, 0x80, 0x00, 0x00, 0x00, 0xFF, 0xFF, 0xFF,
    0xFF, 0xC0, 0x00, 0x00, 0x01, 0xFF, 0xFF, 0xFF, 0xFF, 0xC0, 0x00, 0x00, 0x03, 0xFF, 0xFF, 0xFF,
    0xFF, 0xFF, 0xFF, 0xFC, 0x0B, 0xF8, 0x00, 0x00, 0xFF, 0xFF, 0xFF, 0xFC, 0x0F, 0xF0, 0x00, 0x00,
    0xFF, 0xFF, 0xFF, 0xFC, 0x2F, 0xE0, 0x00, 0x00, 0xFF, 0xFF, 0xFF, 0xFD, 0x3F, 0xC0, 0x00, 0x00,
    0xFF, 0xFF, 0xFF, 0xFE, 0x00, 0x00, 0x00, 0x00, 0x00, 0x00, 0x00, 0x00, 0x00, 0x00, 0x00, 0x00,
    0x00, 0x00, 0x00, 0x01, 0xBF, 0xF9, 0x00, 0x00, 0x6F, 0xFF, 0xFE, 0x00, 0x02, 0xFF, 0xFF, 0xFD,
    0x00, 0x0F, 0xFF, 0x55, 0x68, 0x00, 0x3F, 0xF4, 0x00, 0x00, 0x00, 0xFF, 0xC0, 0x00, 0x00, 0x01,
    0xFF, 0x00, 0x00, 0x00, 0x03, 0xFC, 0x00, 0x00, 0x00, 0x07, 0xF8, 0x00, 0x00, 0x00, 0x0B, 0xF0,
    0x00, 0x00, 0x00, 0x0F, 0xF0, 0x00, 0x00, 0x00, 0x0F, 0xE0, 0x00, 0x00, 0x00, 0x1F, 0xE0, 0x00,
    0x00, 0x00, 0x1F, 0xE0, 0x00, 0x00, 0x00, 0x1F, 0xF0, 0x00, 0x00, 0x00, 0x1F, 0xF4, 0x00, 0x00,
    0x00, 0x1F, 0xFC, 0x00, 0x00, 0x00, 0x0F, 0xFF, 0x40, 0x00, 0x01, 0x0F, 0xFF, 0xFA, 0x55, 0xBE,
    0x0B, 0xFF, 0xFF, 0xFF, 0xFE, 0x03, 0xFF, 0xFF, 0xFF, 0xFE, 0x01, 0xFF, 0xFF, 0xFF, 0xFE, 0x00,
    0xBF, 0xFF, 0xFF, 0xFE, 0x00, 0x2F, 0xFF, 0xFF, 0xFE, 0x00, 0x02, 0xFF, 0xFF, 0xE4, 0x00, 0x00,
    0x00, 0x90, 0x00, 0x00, 0x00, 0x00, 0xC0, 0x00, 0x00, 0x00, 0x01, 0xFE, 0x00, 0x00, 0x00, 0x00,
    0x02, 0x80, 0x00, 0x00, 0x00, 0x02, 0xC0, 0x00, 0x00, 0x01, 0xAF, 0x40, 0x00, 0x00, 0x02, 0xFD,
    0x00, 0x01, 0xF4, 0x00, 0x00, 0x00, 0x1F, 0x80, 0x00, 0x00, 0x01, 0xFD, 0x00, 0x00, 0x00, 0x1F,
    0xE0, 0x00, 0x00, 0x00, 0x04, 0x00, 0x00, 0x00, 0x00, 0x00, 0x00, 0x00, 0x00, 0x00, 0x00, 0x00,
    0x00, 0x05, 0x54, 0x2F, 0xFF, 0xFF, 0xFE, 0x0B, 0xFF, 0xFF, 0xFF, 0x83, 0xFF, 0xFF, 0xFF, 0x80,
    0xFE, 0x40, 0x00, 0x00, 0x3F, 0x40, 0x00, 0x00, 0x0F, 0xD0, 0x00, 0x00, 0x03, 0xF4, 0x00, 0x00,
    0x00, 0xFD, 0x00, 0x00, 0x00, 0x3F, 0x40, 0x00, 0x00, 0x0F, 0xE5, 0x5A, 0x90, 0x03, 0xFF, 0xFF,
    0xF4, 0x00, 0xFF, 0xFF, 0xFD, 0x00, 0x3F, 0xFF, 0xFF, 0x40, 0x0F, 0xE0, 0x00, 0x00, 0x03, 0xF4,
    0x00, 0x00, 0x00, 0xFD, 0x00, 0x00, 0x00, 0x3F, 0x40, 0x00, 0x00, 0x1F, 0xD0, 0x00, 0x00, 0x07,
    0xF4, 0x00, 0x00, 0x01, 0xFF, 0xFF, 0xFF, 0xF4, 0x7F, 0xFF, 0xFF, 0xFE, 0x1F, 0xFF, 0xFF, 0xFF,
    0xC7, 0xFF, 0xFF, 0xFF, 0xF1, 0xFF, 0xFF, 0xFF, 0xFD, 0x00, 0x00, 0x0A, 0x00, 0x00, 0x00, 0x0B,
    0x40, 0x00, 0x00, 0x03, 0xC0, 0x00, 0x00, 0x02, 0xE0, 0x00, 0x00, 0x00, 0xF4, 0x00, 0x00, 0x00,
    0xBC, 0x00, 0x00, 0x00, 0x00, 0x00, 0x00, 0x00, 0x00, 0x00, 0x00, 0x00, 0x00, 0x00, 0x00, 0x00,
    0x00, 0x00, 0x00, 0x00, 0x00, 0x00, 0x00, 0x00, 0x00, 0x00, 0x00, 0x00, 0x00, 0x00, 0x00, 0x00,
    0x00, 0x00, 0x00, 0x55, 0x42, 0xFF, 0xFF, 0xFF, 0xE0, 0xBF, 0xFF, 0xFF, 0xF8, 0x3F, 0xFF, 0xFF,
    0xF8, 0x0F, 0xE4, 0x00, 0x00, 0x03, 0xF4, 0x00, 0x00, 0x00, 0xFD, 0x00, 0x00, 0x00, 0x3F, 0x40,
    0x00, 0x00, 0x0F, 0xD0, 0x00, 0x00, 0x03, 0xF4, 0x00, 0x00, 0x00, 0xFE, 0x55, 0xA9, 0x00, 0x3F,
    0xFF, 0xFF, 0x40, 0x0F, 0xFF, 0xFF, 0xD0, 0x03, 0xFF, 0xFF, 0xF4, 0x00, 0xFE, 0x00, 0x00, 0x00,
    0x3F, 0x40, 0x00, 0x00, 0x0F, 0xD0, 0x00, 0x00, 0x03, 0xF4, 0x00, 0x00, 0x01, 0xFD, 0x00, 0x00,
    0x00, 0x7F, 0x40, 0x00, 0x00, 0x1F, 0xFF, 0xFF, 0xFF, 0x47, 0xFF, 0xFF, 0xFF, 0xE1, 0xFF, 0xFF,
    0xFF, 0xFC, 0x7F, 0xFF, 0xFF, 0xFF, 0x1F, 0xFF, 0xFF, 0xFF, 0xD0, 0x00, 0x01, 0xD0, 0x00, 0x00,
    0x00, 0xFC, 0x00, 0x00, 0x00, 0xFF, 0xC0, 0x00, 0x00, 0xF8, 0xBC, 0x00, 0x00, 0xF4, 0x07, 0xC0,
    0x00, 0xA0, 0x00, 0x28, 0x00, 0x00, 0x00, 0x00, 0x00, 0x00, 0x00, 0x00, 0x00, 0x00, 0x00, 0x01,
    0x55, 0x0B, 0xFF, 0xFF, 0xFF, 0x82, 0xFF, 0xFF, 0xFF, 0xE0, 0xFF, 0xFF, 0xFF, 0xE0, 0x3F, 0x90,
    0x00, 0x00, 0x0F, 0xD0, 0x00, 0x00, 0x03, 0xF4, 0x00, 0x00, 0x00, 0xFD, 0x00, 0x00, 0x00, 0x3F,
    0x40, 0x00, 0x00, 0x0F, 0xD0, 0x00, 0x00, 0x03, 0xF9, 0x56, 0xA4, 0x00, 0xFF, 0xFF, 0xFD, 0x00,
    0x3F, 0xFF, 0xFF, 0x40, 0x0F, 0xFF, 0xFF, 0xD0, 0x03, 0xF8, 0x00, 0x00, 0x00, 0xFD, 0x00, 0x00,
    0x00, 0x3F, 0x40, 0x00, 0x00, 0x0F, 0xD0, 0x00, 0x00, 0x07, 0xF4, 0x00, 0x00, 0x01, 0xFD, 0x00,
    0x00, 0x00, 0x7F, 0xFF, 0xFF, 0xFD, 0x1F, 0xFF, 0xFF, 0xFF, 0x87, 0xFF, 0xFF, 0xFF, 0xF1, 0xFF,
    0xFF, 0xFF, 0xFC, 0x7F, 0xFF, 0xFF, 0xFF, 0x40, 0x01, 0xF8, 0x01, 0xF4, 0x00, 0xBF, 0x00, 0xFE,
    0x00, 0x3F, 0xC0, 0x3F, 0xC0, 0x0F, 0xF0, 0x0F, 0xF0, 0x07, 0xFD, 0x07, 0xFC, 0x00, 0x00, 0x00,
    0x00, 0x00, 0x00, 0x00, 0x00, 0x00, 0x00, 0x00, 0x00, 0x00, 0x00, 0x00, 0x01, 0x55, 0x0B, 0xFF,
    0xFF, 0xFF, 0x82, 0xFF, 0xFF, 0xFF, 0xE0, 0xFF, 0xFF, 0xFF, 0xE0, 0x3F, 0x90, 0x00, 0x00, 0x0F,
    0xD0, 0x00, 0x00, 0x03, 0xF4, 0x00, 0x00, 0x00, 0xFD, 0x00, 0x00, 0x00, 0x3F, 0x40, 0x00, 0x00,
    0x0F, 0xD0, 0x00, 0x00, 0x03, 0xF9, 0x56, 0xA4, 0x00, 0xFF, 0xFF, 0xFD, 0x00, 0x3F, 0xFF, 0xFF,
    0x40, 0x0F, 0xFF, 0xFF, 0xD0, 0x03, 0xF8, 0x00, 0x00, 0x00, 0xFD, 0x00, 0x00, 0x00, 0x3F, 0x40,
    0x00, 0x00, 0x0F, 0xD0, 0x00, 0x00, 0x07, 0xF4, 0x00, 0x00, 0x01, 0xFD, 0x00, 0x00, 0x00, 0x7F,
    0xFF, 0xFF, 0xFD, 0x1F, 0xFF, 0xFF, 0xFF, 0x87, 0xFF, 0xFF, 0xFF, 0xF1, 0xFF, 0xFF, 0xFF, 0xFC,
    0x7F, 0xFF, 0xFF, 0xFF, 0x40, 0x00, 0x00, 0x03, 0xF0, 0x00, 0x0F, 0xD0, 0x00, 0x2F, 0x80, 0x00,
    0xBF, 0x40, 0x00, 0x00, 0x00, 0x00, 0x00, 0x00, 0x00, 0x00, 0x00, 0x00, 0x00, 0x00, 0x00, 0xAA,
    0x40, 0x0B, 0xF4, 0x00, 0xBF, 0x40, 0x0B, 0xF4, 0x00, 0x7F, 0x40, 0x07, 0xF4, 0x00, 0x7F, 0x40,
    0x07, 0xF4, 0x00, 0x7F, 0x40, 0x07, 0xF4, 0x00, 0x7F, 0x40, 0x07, 0xF4, 0x00, 0x7F, 0x40, 0x07,
    0xF4, 0x00, 0x7F, 0x80, 0x07, 0xF8, 0x00, 0x7F, 0x80, 0x07, 0xF8, 0x00, 0x7F, 0xC0, 0x0B, 0xFC,
    0x00, 0xBF, 0xC0, 0x0B, 0xFC, 0x00, 0xFF, 0xC0, 0x0F, 0xFC, 0x00, 0xFF, 0xC0, 0x02, 0x80, 0x7C,
    0x0F, 0x41, 0xF0, 0x3F, 0x07, 0xD0, 0x00, 0x00, 0x00, 0x00, 0x00, 0x00, 0x00, 0x00, 0x00, 0x00,
    0x00, 0x00, 0x00, 0x0B, 0xF4, 0xBF, 0x4B, 0xF4, 0xBF, 0x47, 0xF4, 0x7F, 0x47, 0xF4, 0x7F, 0x47,
    0xF4, 0x7F, 0x47, 0xF4, 0x7F, 0x47, 0xF4, 0x7F, 0x47, 0xF8, 0x7F, 0x87, 0xF8, 0x7F, 0x87, 0xFC,
    0xBF, 0xCB, 0xFC, 0xBF, 0xCF, 0xFC, 0xFF, 0xCF, 0xFC, 0x00, 0x00, 0x00, 0x00, 0x3C, 0x00, 0x00,
    0xFE, 0x00, 0x02, 0xFF, 0x80, 0x0B, 0x83, 0xE0, 0x2D, 0x00, 0xB8, 0x60, 0x00, 0x08, 0x00, 0x00,
    0x00, 0x00, 0x00, 0x00, 0x00, 0x00, 0x00, 0x00, 0x00, 0x00, 0x00, 0xAA, 0x40, 0x00, 0xBF, 0x40,
    0x00, 0xBF, 0x40, 0x00, 0xBF, 0x40, 0x00, 0x7F, 0x40, 0x00, 0x7F, 0x40, 0x00, 0x7F, 0x40, 0x00,
    0x7F, 0x40, 0x00, 0x7F, 0x40, 0x00, 0x7F, 0x40, 0x00, 0x7F, 0x40, 0x00, 0x7F, 0x40, 0x00, 0x7F,
    0x40, 0x00, 0x7F, 0x40, 0x00, 0x7F, 0x80, 0x00, 0x7F, 0x80, 0x00, 0x7F, 0x80, 0x00, 0x7F, 0x80,
    0x00, 0x7F, 0xC0, 0x00, 0xBF, 0xC0, 0x00, 0xBF, 0xC0, 0x00, 0xBF, 0xC0, 0x00, 0xFF, 0xC0, 0x00,
    0xFF, 0xC0, 0x00, 0xFF, 0xC0, 0x0F, 0xC0, 0x0F, 0xC1, 0xFC, 0x01, 0xFC, 0x2F, 0xD0, 0x2F, 0xD3,
    0xFD, 0x03, 0xFD, 0x3F, 0xE0, 0x3F, 0xE0, 0x00, 0x00, 0x00, 0x00, 0x00, 0x00, 0x00, 0x00, 0x00,
    0x00, 0x00, 0x00, 0x00, 0x00, 0x00, 0x00, 0x00, 0x00, 0x2A, 0x90, 0x00, 0x02, 0xFD, 0x00, 0x00,
    0x2F, 0xD0, 0x00, 0x02, 0xFD, 0x00, 0x00, 0x1F, 0xD0, 0x00, 0x01, 0xFD, 0x00, 0x00, 0x1F, 0xD0,
    0x00, 0x01, 0xFD, 0x00, 0x00, 0x1F, 0xD0, 0x00, 0x01, 0xFD, 0x00, 0x00, 0x1F, 0xD0, 0x00, 0x01,
    0xFD, 0x00, 0x00, 0x1F, 0xD0, 0x00, 0x01, 0xFD, 0x00, 0x00, 0x1F, 0xE0, 0x00, 0x01, 0xFE, 0x00,
    0x00, 0x1F, 0xE0, 0x00, 0x01, 0xFE, 0x00, 0x00, 0x1F, 0xF0, 0x00, 0x02, 0xFF, 0x00, 0x00, 0x2F,
    0xF0, 0x00, 0x02, 0xFF, 0x00, 0x00, 0x3F, 0xF0, 0x00, 0x03, 0xFF, 0x00, 0x00, 0x3F, 0xF0, 0x00,
    0x00, 0x7F, 0xFF, 0xE9, 0x00, 0x00, 0x00, 0x01, 0xFF, 0xFF, 0xFF, 0x80, 0x00, 0x00, 0x07, 0xFF,
    0xFF, 0xFF, 0xE0, 0x00, 0x00, 0x1F, 0xFF, 0xFF, 0xFF, 0xE0, 0x00, 0x00, 0x7F, 0x00, 0x06, 0xFF,
    0xE0, 0x00, 0x01, 0xFC, 0x00, 0x00, 0xBF, 0xD0, 0x00, 0x07, 0xF0, 0x00, 0x00, 0x7F, 0xC0, 0x00,
    0x1F, 0xC0, 0x00, 0x00, 0xBF, 0x80, 0x00, 0x7F, 0x00, 0x00, 0x00, 0xFF, 0x00, 0x01, 0xFC, 0x00,
    0x00, 0x03, 0xFD, 0x00, 0x07, 0xF0, 0x00, 0x00, 0x0B, 0xF8, 0x2F, 0xFF, 0xFF, 0xF4, 0x00, 0x1F,
    0xF0, 0xBF, 0xFF, 0xFF, 0xD0, 0x00, 0x3F, 0xC2, 0xFF, 0xFF, 0xFF, 0x40, 0x00, 0xFF, 0x00, 0x07,
    0xF0, 0x00, 0x00, 0x03, 0xFC, 0x00, 0x1F, 0xC0, 0x00, 0x00, 0x1F, 0xF0, 0x00, 0x7F, 0x00, 0x00,
    0x00, 0xFF, 0xC0, 0x01, 0xFC, 0x00, 0x00, 0x1F, 0xFF, 0x00, 0x07, 0xF5, 0x55, 0x6B, 0xFF, 0xF8,
    0x00, 0x1F, 0xFF, 0xFF, 0xFF, 0xFF, 0xC0, 0x00, 0x7F, 0xFF, 0xFF, 0xFF, 0xFE, 0x00, 0x01, 0xFF,
    0xFF, 0xFF, 0xFF, 0xE0, 0x00, 0x07, 0xFF, 0xFF, 0xFF, 0xFE, 0x00, 0x00, 0x1F, 0xFF, 0xFF, 0xFF,
    0x80, 0x00, 0x00, 0x7F, 0xFF, 0xFE, 0x90, 0x00, 0x00, 0x00, 0x00, 0x50, 0x00, 0x00, 0x00, 0x00,
    0xBF, 0x40, 0xE0, 0x00, 0x00, 0x3C, 0xB0, 0x34, 0x00, 0x00, 0x1D, 0x0F, 0x1D, 0x00, 0x00, 0x07,
    0x41, 0xFF, 0x00, 0x00, 0x01, 0xD0, 0x0A, 0x00, 0x00, 0x00, 0x00, 0x00, 0x00, 0x00, 0x00, 0x00,
    0x00, 0x00, 0x69, 0x01, 0x50, 0x00, 0x00, 0x3F, 0xC2, 0xFF, 0x00, 0x00, 0x0F, 0xF0, 0xBF, 0xD0,
    0x00, 0x03, 0xF8, 0x3F, 0xFC, 0x00, 0x00, 0xFE, 0x0F, 0xFF, 0x40, 0x00, 0x3F, 0x83, 0xFF, 0xF0,
    0x00, 0x1F, 0xE0, 0xFF, 0xFD, 0x00, 0x07, 0xF4, 0x3F, 0xBF, 0xC0, 0x01, 0xFD, 0x0F, 0xEB, 0xF4,
    0x00, 0xBF, 0x47, 0xF8, 0xFF, 0x00, 0x2F, 0xD1, 0xFE, 0x2F, 0xD0, 0x0B, 0xF4, 0x7F, 0x83, 0xFC,
    0x03, 0xFC, 0x2F, 0xE0, 0xBF, 0x00, 0xFF, 0x0B, 0xF8, 0x0F, 0xE0, 0x3F, 0xC2, 0xFE, 0x02, 0xFC,
    0x0F, 0xF0, 0xFF, 0xC0, 0x7F, 0x83, 0xFC, 0x3F, 0xF0, 0x0F, 0xF0, 0xFF, 0x0F, 0xFC, 0x01, 0xFE,
    0x7F, 0xC3, 0xFF, 0x00, 0x3F, 0xDF, 0xF0, 0xFF, 0xC0, 0x07, 0xFF, 0xFC, 0x3F, 0xF0, 0x00, 0xFF,
    0xFE, 0x1F, 0xFC, 0x00, 0x1F, 0xFF, 0x87, 0xFF, 0x00, 0x03, 0xFF, 0xE1, 0xFF, 0xC0, 0x00, 0x7F,
    0xF8, 0x00, 0x06, 0x80, 0x00, 0x00, 0x00, 0x00, 0x0B, 0xD0, 0x00, 0x00, 0x00, 0x00, 0x0B, 0xE0,
    0x00, 0x00, 0x00, 0x00, 0x0B, 0xF0, 0x00, 0x00, 0x00, 0x00, 0x06, 0xA4, 0x00, 0x00, 0x00, 0x00,
    0x00, 0x00, 0x00, 0x00, 0x00, 0x00, 0x00, 0x00, 0x00, 0x00, 0x00, 0x6F, 0xFE, 0x40, 0x00, 0x00,
    0x1F, 0xFF, 0xFF, 0xE0, 0x00, 0x02, 0xFF, 0xFB, 0xFF, 0xF4, 0x00, 0x3F, 0xF8, 0x00, 0x7F, 0xF4,
    0x02, 0xFF, 0x40, 0x00, 0x3F, 0xF0, 0x0F, 0xF4, 0x00, 0x00, 0x3F, 0xE0, 0xBF, 0x80, 0x00, 0x00,
    0x7F, 0xC3, 0xFC, 0x00, 0x00, 0x00, 0xFF, 0x4F, 0xF0, 0x00, 0x00, 0x01, 0xFD, 0x7F, 0x40, 0x00,
    0x00, 0x03, 0xF9, 0xFC, 0x00, 0x00, 0x00, 0x0F, 0xE7, 0xF0, 0x00, 0x00, 0x00, 0x2F, 0xDF, 0xC0,
    0x00, 0x00, 0x00, 0xBF, 0x7F, 0x00, 0x00, 0x00, 0x02, 0xF9, 0xFC, 0x00, 0x00, 0x00, 0x0F, 0xE7,
    0xF4, 0x00, 0x00, 0x00, 0x3F, 0x8F, 0xF0, 0x00, 0x00, 0x02, 0xFD, 0x3F, 0xF0, 0x00, 0x00, 0x2F,
    0xF0, 0xBF, 0xFD, 0x40, 0x5B, 0xFF, 0xC0, 0xFF, 0xFF, 0xFF, 0xFF, 0xFE, 0x02, 0xFF, 0xFF, 0xFF,
    0xFF, 0xF0, 0x03, 0xFF, 0xFF, 0xFF, 0xFF, 0x80, 0x03, 0xFF, 0xFF, 0xFF, 0xF8, 0x00, 0x02, 0xFF,
    0xFF, 0xFF, 0x40, 0x00, 0x00, 0x6F, 0xFF, 0x90, 0x00, 0x00, 0x00, 0x00, 0x00, 0x00, 0x00, 0x00,
    0x00, 0x00, 0x3C, 0x00, 0x00, 0x00, 0x00, 0x02, 0xD0, 0x00, 0x00, 0x00, 0x00, 0x0F, 0x00, 0x00,
    0x00, 0x00, 0x00, 0xB8, 0x00, 0x00, 0x00, 0x00, 0x03, 0xD0, 0x00, 0x00, 0x00, 0x00, 0x1A, 0x00,
    0x00, 0x00, 0x00, 0x00, 0x00, 0x00, 0x00, 0x00, 0x00, 0x00, 0x00, 0x00, 0x00, 0x00, 0x00, 0x00,
    0x00, 0x00, 0x00, 0x00, 0x00, 0x00, 0x00, 0x00, 0x00, 0x00, 0x00, 0x00, 0x00, 0x00, 0x00, 0x00,
    0x00, 0x00, 0x00, 0x00, 0x00, 0x01, 0xBF, 0xF9, 0x00, 0x00, 0x00, 0x7F, 0xFF, 0xFF, 0x80, 0x00,
    0x0B, 0xFF, 0xEF, 0xFF, 0xD0, 0x00, 0xFF, 0xE0, 0x01, 0xFF, 0xD0, 0x0B, 0xFD, 0x00, 0x00, 0xFF,
    0xC0, 0x3F, 0xD0, 0x00, 0x00, 0xFF, 0x82, 0xFE, 0x00, 0x00, 0x01, 0xFF, 0x0F, 0xF0, 0x00, 0x00,
    0x03, 0xFD, 0x3F, 0xC0, 0x00, 0x00, 0x07, 0xF5, 0xFD, 0x00, 0x00, 0x00, 0x0F, 0xE7, 0xF0, 0x00,
    0x00, 0x00, 0x3F, 0x9F, 0xC0, 0x00, 0x00, 0x00, 0xBF, 0x7F, 0x00, 0x00, 0x00, 0x02, 0xFD, 0xFC,
    0x00, 0x00, 0x00, 0x0B, 0xE7, 0xF0, 0x00, 0x00, 0x00, 0x3F, 0x9F, 0xD0, 0x00, 0x00, 0x00, 0xFE,
    0x3F, 0xC0, 0x00, 0x00, 0x0B, 0xF4, 0xFF, 0xC0, 0x00, 0x00, 0xBF, 0xC2, 0xFF, 0xF5, 0x01, 0x6F,
    0xFF, 0x03, 0xFF, 0xFF, 0xFF, 0xFF, 0xF8, 0x0B, 0xFF, 0xFF, 0xFF, 0xFF, 0xC0, 0x0F, 0xFF, 0xFF,
    0xFF, 0xFE, 0x00, 0x0F, 0xFF, 0xFF, 0xFF, 0xE0, 0x00, 0x0B, 0xFF, 0xFF, 0xFD, 0x00, 0x00, 0x01,
    0xBF, 0xFE, 0x40, 0x00, 0x00, 0x00, 0x00, 0x00, 0x00, 0x00, 0x00, 0x00, 0x01, 0x40, 0x00, 0x00,
    0x00, 0x00, 0x2F, 0x00, 0x00, 0x00, 0x00, 0x01, 0xFE, 0x00, 0x00, 0x00, 0x00, 0x1F, 0xBE, 0x00,
    0x00, 0x00, 0x01, 0xF0, 0x2E, 0x00, 0x00, 0x00, 0x1D, 0x00, 0x1E, 0x00, 0x00, 0x00, 0x00, 0x00,
    0x00, 0x00, 0x00, 0x00, 0x00, 0x00, 0x00, 0x00, 0x00, 0x01, 0xBF, 0xF9, 0x00, 0x00, 0x00, 0x7F,
    0xFF, 0xFF, 0x80, 0x00, 0x0B, 0xFF, 0xEF, 0xFF, 0xD0, 0x00, 0xFF, 0xE0, 0x01, 0xFF, 0xD0, 0x0B,
    0xFD, 0x00, 0x00, 0xFF, 0xC0, 0x3F, 0xD0, 0x00, 0x00, 0xFF, 0x82, 0xFE, 0x00, 0x00, 0x01, 0xFF,
    0x0F, 0xF0, 0x00, 0x00, 0x03, 0xFD, 0x3F, 0xC0, 0x00, 0x00, 0x07, 0xF5, 0xFD, 0x00, 0x00, 0x00,
    0x0F, 0xE7, 0xF0, 0x00, 0x00, 0x00, 0x3F, 0x9F, 0xC0, 0x00, 0x00, 0x00, 0xBF, 0x7F, 0x00, 0x00,
    0x00, 0x02, 0xFD, 0xFC, 0x00, 0x00, 0x00, 0x0B, 0xE7, 0xF0, 0x00, 0x00, 0x00, 0x3F, 0x9F, 0xD0,
    0x00, 0x00, 0x00, 0xFE, 0x3F, 0xC0, 0x00, 0x00, 0x0B, 0xF4, 0xFF, 0xC0, 0x00, 0x00, 0xBF, 0xC2,
    0xFF, 0xF5, 0x01, 0x6F, 0xFF, 0x03, 0xFF, 0xFF, 0xFF, 0xFF, 0xF8, 0x0B, 0xFF, 0xFF, 0xFF, 0xFF,
    0xC0, 0x0F, 0xFF, 0xFF, 0xFF, 0xFE, 0x00, 0x0F, 0xFF, 0xFF, 0xFF, 0xE0, 0x00, 0x0B, 0xFF, 0xFF,
    0xFD, 0x00, 0x00, 0x01, 0xBF, 0xFE, 0x40, 0x00, 0x00, 0x00, 0x00, 0x00, 0x00, 0x00, 0x00, 0x00,
    0xBC, 0x02, 0xC0, 0x00, 0x00, 0x0B, 0xBC, 0x0B, 0x00, 0x00, 0x00, 0x3C, 0x3C, 0x3C, 0x00, 0x00,
    0x00, 0xE0, 0x7F, 0xE0, 0x00, 0x00, 0x03, 0x80, 0x7F, 0x00, 0x00, 0x00, 0x00, 0x00, 0x00, 0x00,
    0x00, 0x00, 0x00, 0x00, 0x00, 0x00, 0x00, 0x00, 0x6F, 0xFE, 0x40, 0x00, 0x00, 0x1F, 0xFF, 0xFF,
    0xE0, 0x00, 0x02, 0xFF, 0xFB, 0xFF, 0xF4, 0x00, 0x3F, 0xF8, 0x00, 0x7F, 0xF4, 0x02, 0xFF, 0x40,
    0x00, 0x3F, 0xF0, 0x0F, 0xF4, 0x00, 0x00, 0x3F, 0xE0, 0xBF, 0x80, 0x00, 0x00, 0x7F, 0xC3, 0xFC,
    0x00, 0x00, 0x00, 0xFF, 0x4F, 0xF0, 0x00, 0x00, 0x01, 0xFD, 0x7F, 0x40, 0x00, 0x00, 0x03, 0xF9,
    0xFC, 0x00, 0x00, 0x00, 0x0F, 0xE7, 0xF0, 0x00, 0x00, 0x00, 0x2F, 0xDF, 0xC0, 0x00, 0x00, 0x00,
    0xBF, 0x7F, 0x00, 0x00, 0x00, 0x02, 0xF9, 0xFC, 0x00, 0x00, 0x00, 0x0F, 0xE7, 0xF4, 0x00, 0x00,
    0x00, 0x3F, 0x8F, 0xF0, 0x00, 0x00, 0x02, 0xFD, 0x3F, 0xF0, 0x00, 0x00, 0x2F, 0xF0, 0xBF, 0xFD,
    0x40, 0x5B, 0xFF, 0xC0, 0xFF, 0xFF, 0xFF, 0xFF, 0xFE, 0x02, 0xFF, 0xFF, 0xFF, 0xFF, 0xF0, 0x03,
    0xFF, 0xFF, 0xFF, 0xFF, 0x80, 0x03, 0xFF, 0xFF, 0xFF, 0xF8, 0x00, 0x02, 0xFF, 0xFF, 0xFF, 0x40,
    0x00, 0x00, 0x6F, 0xFF, 0x90, 0x00, 0x00, 0x00, 0x00, 0x00, 0x00, 0x00, 0x00, 0x07, 0xF0, 0x0B,
    0xE0, 0x00, 0x00, 0x2F, 0xC0, 0x3F, 0xC0, 0x00, 0x00, 0xFF, 0x00, 0xFF, 0x00, 0x00, 0x03, 0xFC,
    0x03, 0xFC, 0x00, 0x00, 0x0F, 0xF4, 0x1F, 0xF0, 0x00, 0x00, 0x00, 0x00, 0x00, 0x00, 0x00, 0x00,
    0x00, 0x00, 0x00, 0x00, 0x00, 0x00, 0x6F, 0xFE, 0x40, 0x00, 0x00, 0x1F, 0xFF, 0xFF, 0xE0, 0x00,
    0x02, 0xFF, 0xFB, 0xFF, 0xF4, 0x00, 0x3F, 0xF8, 0x00, 0x7F, 0xF4, 0x02, 0xFF, 0x40, 0x00, 0x3F,
    0xF0, 0x0F, 0xF4, 0x00, 0x00, 0x3F, 0xE0, 0xBF, 0x80, 0x00, 0x00, 0x7F, 0xC3, 0xFC, 0x00, 0x00,
    0x00, 0xFF, 0x4F, 0xF0, 0x00, 0x00, 0x01, 0xFD, 0x7F, 0x40, 0x00, 0x00, 0x03, 0xF9, 0xFC, 0x00,
    0x00, 0x00, 0x0F, 0xE7, 0xF0, 0x00, 0x00, 0x00, 0x2F, 0xDF, 0xC0, 0x00, 0x00, 0x00, 0xBF, 0x7F,
    0x00, 0x00, 0x00, 0x02, 0xF9, 0xFC, 0x00, 0x00, 0x00, 0x0F, 0xE7, 0xF4, 0x00, 0x00, 0x00, 0x3F,
    0x8F, 0xF0, 0x00, 0x00, 0x02, 0xFD, 0x3F, 0xF0, 0x00, 0x00, 0x2F, 0xF0, 0xBF, 0xFD, 0x40, 0x5B,
    0xFF, 0xC0, 0xFF, 0xFF, 0xFF, 0xFF, 0xFE, 0x02, 0xFF, 0xFF, 0xFF, 0xFF, 0xF0, 0x03, 0xFF, 0xFF,
    0xFF, 0xFF, 0x80, 0x03, 0xFF, 0xFF, 0xFF, 0xF8, 0x00, 0x02, 0xFF, 0xFF, 0xFF, 0x40, 0x00, 0x00,
    0x6F, 0xFF, 0x90, 0x00, 0x00, 0x00, 0x00, 0x00, 0x00, 0x00, 0x1F, 0x40, 0xBC, 0x02, 0xF8, 0xBD,
    0x00, 0x2F, 0xFD, 0x00, 0x02, 0xFD, 0x00, 0x00, 0xFF, 0xC0, 0x00, 0xFF, 0xFC, 0x00, 0xFE, 0x2F,
    0xD0, 0xFF, 0x02, 0xFD, 0x00, 0x00, 0x00, 0x00, 0x00, 0x00, 0x00, 0x00, 0x1A, 0x00, 0x00, 0x00,
    0x00, 0x00, 0x00, 0x00, 0x00, 0xFC, 0x00, 0x00, 0x00, 0x00, 0x00, 0x00, 0x00, 0x03, 0xF4, 0x00,
    0x00, 0x00, 0x00, 0x00, 0x00, 0x00, 0x07, 0xF0, 0x00, 0x00, 0x00, 0x00, 0x00, 0x00, 0x00, 0x0F,
    0xD0, 0x00, 0x00, 0x00, 0x00, 0x00, 0x00, 0x00, 0x2F, 0x80, 0x00, 0x00, 0x00, 0x00, 0x00, 0x00,
    0x00, 0x7F, 0x00, 0x00, 0x00, 0x00, 0x00, 0x00, 0x00, 0x00, 0xFE, 0x00, 0x00, 0x00, 0x00, 0x00,
    0x00, 0x00, 0x02, 0xFC, 0x00, 0x00, 0x00, 0x00, 0x00, 0x00, 0x00, 0x03, 0xF4, 0x00, 0x00, 0x00,
    0x00, 0x00, 0x00, 0x00, 0x0F, 0xE0, 0x00, 0x00, 0x00, 0x00, 0x00, 0x00, 0x00, 0x1F, 0xC0, 0x00,
    0x00, 0x00, 0x00, 0x00, 0x00, 0x00, 0x3F, 0x80, 0x00, 0x00, 0x00, 0x00, 0x06, 0xFF, 0xF9, 0xBF,
    0x00, 0x00, 0x00, 0x00, 0x00, 0x7F, 0xFF, 0xFF, 0xFD, 0x00, 0x00, 0x00, 0x00, 0x02, 0xFF, 0xFA,
    0xFF, 0xFC, 0x00, 0x00, 0x00, 0x00, 0x0B, 0xFE, 0x00, 0x1F, 0xFE, 0x00, 0x00, 0x00, 0x00, 0x1F,
    0xF8, 0x00, 0x0F, 0xFF, 0x40, 0x00, 0x00, 0x00, 0x3F, 0xE0, 0x00, 0x3F, 0xFF, 0xC0, 0x00, 0x00,
    0x00, 0x3F, 0xC0, 0x00, 0x7F, 0x7F, 0xD0, 0x00, 0x00, 0x00, 0xBF, 0x80, 0x00, 0xFF, 0x2F, 0xE0,
    0x00, 0x00, 0x00, 0xFF, 0x00, 0x03, 0xFC, 0x0F, 0xF0, 0x00, 0x00, 0x00, 0xFE, 0x00, 0x07, 0xF8,
    0x0F, 0xF0, 0x00, 0x00, 0x00, 0xFD, 0x00, 0x0F, 0xF0, 0x0B, 0xF0, 0x00, 0x00, 0x00, 0xFD, 0x00,
    0x2F, 0xD0, 0x07, 0xF0, 0x00, 0x00, 0x00, 0xFD, 0x00, 0x7F, 0x80, 0x07, 0xF0, 0x00, 0x00, 0x00,
    0xFD, 0x00, 0xFF, 0x00, 0x07, 0xF0, 0x00, 0x00, 0x00, 0xFD, 0x02, 0xFE, 0x00, 0x0B, 0xF0, 0x00,
    0x00, 0x00, 0xFF, 0x03, 0xFC, 0x00, 0x0F, 0xF0, 0x00, 0x00, 0x00, 0xFF, 0x4F, 0xF4, 0x00, 0x1F,
    0xE0, 0x00, 0x00, 0x00, 0xBF, 0xEF, 0xE0, 0x00, 0x7F, 0xD0, 0x00, 0x00, 0x00, 0x7F, 0xFF, 0xD0,
    0x5B, 0xFF, 0xC0, 0x00, 0x00, 0x00, 0x3F, 0xFF, 0xFF, 0xFF, 0xFF, 0xC0, 0x00, 0x00, 0x00, 0x1F,
    0xFF, 0xFF, 0xFF, 0xFF, 0x40, 0x00, 0x00, 0x00, 0x0B, 0xFF, 0xFF, 0xFF, 0xFF, 0x00, 0x00, 0x00,
    0x00, 0x0B, 0xFF, 0xFF, 0xFF, 0xFC, 0x00, 0x00, 0x00, 0x00, 0x0F, 0xFF, 0xFF, 0xFF, 0xE0, 0x00,
    0x00, 0x00, 0x00, 0x3F, 0xE6, 0xFF, 0xF9, 0x00, 0x00, 0x00, 0x00, 0x00, 0x7F, 0xC0, 0x00, 0x00,
    0x00, 0x00, 0x00, 0x00, 0x00, 0xFF, 0x40, 0x00, 0x00, 0x00, 0x00, 0x00, 0x00, 0x02, 0xFE, 0x00,
    0x00, 0x00, 0x00, 0x00, 0x00, 0x00, 0x07, 0xFC, 0x00, 0x00, 0x00, 0x00, 0x00, 0x00, 0x00, 0x0F,
    0xF8, 0x00, 0x00, 0x00, 0x00, 0x00, 0x00, 0x00, 0x2F, 0xF0, 0x00, 0x00, 0x00, 0x00, 0x00, 0x00,
    0x00, 0x3F, 0xD0, 0x00, 0x00, 0x00, 0x00, 0x00, 0x00, 0x00, 0xFF, 0xC0, 0x00, 0x00, 0x00, 0x00,
    0x00, 0x00, 0x01, 0xFF, 0x00, 0x00, 0x00, 0x00, 0x00, 0x00, 0x00, 0x03, 0xFE, 0x00, 0x00, 0x00,
    0x00, 0x00, 0x00, 0x00, 0x0B, 0xFC, 0x00, 0x00, 0x00, 0x00, 0x00, 0x00, 0x00, 0x1F, 0x90, 0x00,
    0x00, 0x00, 0x00, 0x00, 0x00, 0x00, 0x38, 0x00, 0x00, 0x00, 0x00, 0x00, 0x00, 0x00, 0x00, 0x00,
    0x00, 0x00, 0x00, 0x00, 0x00, 0x00, 0x00, 0x00, 0x00, 0x00, 0x00, 0x00, 0x00, 0x00, 0x0B, 0xD0,
    0x00, 0x00, 0x00, 0x00, 0xBE, 0x00, 0x00, 0x00, 0x00, 0x0B, 0xF0, 0x00, 0x00, 0x00, 0x00, 0xBF,
    0x40, 0x00, 0x00, 0x00, 0x00, 0x10, 0x00, 0x00, 0x00, 0x00, 0x00, 0x00, 0x00, 0x00, 0x00, 0x00,
    0x00, 0x00, 0x00, 0x00, 0x00, 0x00, 0x00, 0x1F, 0xF0, 0x00, 0x00, 0xBF, 0xC7, 0xFC, 0x00, 0x00,
    0x2F, 0xF1, 0xFF, 0x00, 0x00, 0x0B, 0xFC, 0x7F, 0xC0, 0x00, 0x02, 0xFF, 0x1F, 0xF0, 0x00, 0x00,
    0xBF, 0xC7, 0xFC, 0x00, 0x00, 0x2F, 0xF1, 0xFF, 0x00, 0x00, 0x0B, 0xFC, 0x3F, 0xC0, 0x00, 0x01,
    0xFF, 0x0F, 0xF0, 0x00, 0x00, 0x7F, 0xC3, 0xFC, 0x00, 0x00, 0x1F, 0xF0, 0xFF, 0x00, 0x00, 0x07,
    0xF8, 0x3F, 0xC0, 0x00, 0x01, 0xFE, 0x0F, 0xF0, 0x00, 0x00, 0x7F, 0x83, 0xFC, 0x00, 0x00, 0x1F,
    0xE0, 0xFF, 0x00, 0x00, 0x07, 0xF8, 0x3F, 0xC0, 0x00, 0x01, 0xFD, 0x0F, 0xF0, 0x00, 0x00, 0xBF,
    0x43, 0xFD, 0x00, 0x00, 0x3F, 0xD0, 0xBF, 0xC0, 0x00, 0x1F, 0xF0, 0x2F, 0xFE, 0x95, 0xBF, 0xFC,
    0x07, 0xFF, 0xFF, 0xFF, 0xFF, 0x00, 0xFF, 0xFF, 0xFF, 0xFF, 0x80, 0x2F, 0xFF, 0xFF, 0xFF, 0xC0,
    0x03, 0xFF, 0xFF, 0xFF, 0xD0, 0x00, 0x1F, 0xFF, 0xFF, 0x80, 0x00, 0x00, 0x00, 0x00, 0x00, 0x00,
    0x00, 0x00, 0x02, 0xD0, 0x00, 0x00, 0x00, 0x00, 0xF0, 0x00, 0x00, 0x00, 0x00, 0xB8, 0x00, 0x00,
    0x00, 0x00, 0x3D, 0x00, 0x00, 0x00, 0x00, 0x2F, 0x00, 0x00, 0x00, 0x00, 0x0A, 0x40, 0x00, 0x00,
    0x00, 0x00, 0x00, 0x00, 0x00, 0x00, 0x00, 0x00, 0x00, 0x00, 0x00, 0x00, 0x00, 0x00, 0x00, 0x00,
    0x00, 0x00, 0x00, 0x00, 0x00, 0x00, 0x00, 0x00, 0x00, 0x00, 0x00, 0x00, 0x00, 0x00, 0x00, 0x00,
    0x00, 0x00, 0x00, 0x00, 0x1A, 0xA0, 0x00, 0x00, 0x6A, 0x87, 0xFD, 0x00, 0x00, 0x2F, 0xF1, 0xFF,
    0x00, 0x00, 0x0B, 0xFC, 0x7F, 0xC0, 0x00, 0x02, 0xFF, 0x1F, 0xF0, 0x00, 0x00, 0xBF, 0xC7, 0xFC,
    0x00, 0x00, 0x2F, 0xF1, 0xFF, 0x00, 0x00, 0x0B, 0xFC, 0x3F, 0xC0, 0x00, 0x01, 0xFF, 0x0F, 0xF0,
    0x00, 0x00, 0x7F, 0xC3, 0xFC, 0x00, 0x00, 0x1F, 0xF0, 0xFF, 0x00, 0x00, 0x07, 0xF8, 0x3F, 0xC0,
    0x00, 0x01, 0xFE, 0x0F, 0xF0, 0x00, 0x00, 0x7F, 0x83, 0xFC, 0x00, 0x00, 0x1F, 0xE0, 0xFF, 0x00,
    0x00, 0x07, 0xF8, 0x3F, 0xC0, 0x00, 0x01, 0xFD, 0x0F, 0xF0, 0x00, 0x00, 0xBF, 0x43, 0xFD, 0x00,
    0x00, 0x3F, 0xD0, 0xBF, 0xC0, 0x00, 0x1F, 0xF0, 0x2F, 0xFE, 0x55, 0xBF, 0xFC, 0x07, 0xFF, 0xFF,
    0xFF, 0xFF, 0x00, 0xFF, 0xFF, 0xFF, 0xFF, 0x80, 0x2F, 0xFF, 0xFF, 0xFF, 0xC0, 0x03, 0xFF, 0xFF,
    0xFF, 0xD0, 0x00, 0x1F, 0xFF, 0xFF, 0x80, 0x00, 0x00, 0x00, 0x00, 0x00, 0x00, 0x00, 0x00, 0x2C,
    0x00, 0x00, 0x00, 0x00, 0x1F, 0xC0, 0x00, 0x00, 0x00, 0x1F, 0xF8, 0x00, 0x00, 0x00, 0x1F, 0x4F,
    0x80, 0x00, 0x00, 0x1E, 0x00, 0xB8, 0x00, 0x00, 0x0D, 0x00, 0x02, 0x40, 0x00, 0x00, 0x00, 0x00,
    0x00, 0x00, 0x00, 0x00, 0x00, 0x00, 0x00, 0x00, 0x00, 0x00, 0x00, 0x00, 0x1F, 0xF0, 0x00, 0x00,
    0xBF, 0xC7, 0xFC, 0x00, 0x00, 0x2F, 0xF1, 0xFF, 0x00, 0x00, 0x0B, 0xFC, 0x7F, 0xC0, 0x00, 0x02,
    0xFF, 0x1F, 0xF0, 0x00, 0x00, 0xBF, 0xC7, 0xFC, 0x00, 0x00, 0x2F, 0xF1, 0xFF, 0x00, 0x00, 0x0B,
    0xFC, 0x3F, 0xC0, 0x00, 0x01, 0xFF, 0x0F, 0xF0, 0x00, 0x00, 0x7F, 0xC3, 0xFC, 0x00, 0x00, 0x1F,
    0xF0, 0xFF, 0x00, 0x00, 0x07, 0xF8, 0x3F, 0xC0, 0x00, 0x01, 0xFE, 0x0F, 0xF0, 0x00, 0x00, 0x7F,
    0x83, 0xFC, 0x00, 0x00, 0x1F, 0xE0, 0xFF, 0x00, 0x00, 0x07, 0xF8, 0x3F, 0xC0, 0x00, 0x01, 0xFD,
    0x0F, 0xF0, 0x00, 0x00, 0xBF, 0x43, 0xFD, 0x00, 0x00, 0x3F, 0xD0, 0xBF, 0xC0, 0x00, 0x1F, 0xF0,
    0x2F, 0xFE, 0x95, 0xBF, 0xFC, 0x07, 0xFF, 0xFF, 0xFF, 0xFF, 0x00, 0xFF, 0xFF, 0xFF, 0xFF, 0x80,
    0x2F, 0xFF, 0xFF, 0xFF, 0xC0, 0x03, 0xFF, 0xFF, 0xFF, 0xD0, 0x00, 0x1F, 0xFF, 0xFF, 0x80, 0x00,
    0x00, 0x00, 0x00, 0x00, 0x00, 0x00, 0x2F, 0x00, 0x3F, 0x00, 0x00, 0x0F, 0xD0, 0x0F, 0xD0, 0x00,
    0x07, 0xF8, 0x07, 0xF8, 0x00, 0x02, 0xFE, 0x02, 0xFE, 0x00, 0x00, 0xFF, 0xC0, 0xFF, 0xC0, 0x00,
    0x00, 0x00, 0x00, 0x00, 0x00, 0x00, 0x00, 0x00, 0x00, 0x00, 0x00, 0x00, 0x00, 0x00, 0x00, 0x00,
    0x00, 0x00, 0x00, 0x00, 0x1F, 0xF4, 0x00, 0x00, 0xBF, 0xC7, 0xFC, 0x00, 0x00, 0x2F, 0xF1, 0xFF,
    0x00, 0x00, 0x0B, 0xFC, 0x7F, 0xC0, 0x00, 0x02, 0xFF, 0x1F, 0xF0, 0x00, 0x00, 0xBF, 0xC7, 0xFC,
    0x00, 0x00, 0x2F, 0xF1, 0xFF, 0x00, 0x00, 0x0B, 0xFC, 0x3F, 0xC0, 0x00, 0x01, 0xFF, 0x0F, 0xF0,
    0x00, 0x00, 0x7F, 0xC3, 0xFC, 0x00, 0x00, 0x1F, 0xF0, 0xFF, 0x00, 0x00, 0x07, 0xF8, 0x3F, 0xC0,
    0x00, 0x01, 0xFE, 0x0F, 0xF0, 0x00, 0x00, 0x7F, 0x83, 0xFC, 0x00, 0x00, 0x1F, 0xE0, 0xFF, 0x00,
    0x00, 0x07, 0xF8, 0x3F, 0xC0, 0x00, 0x01, 0xFD, 0x0F, 0xF0, 0x00, 0x00, 0xBF, 0x43, 0xFD, 0x00,
    0x00, 0x3F, 0xD0, 0xBF, 0xC0, 0x00, 0x1F, 0xF0, 0x2F, 0xFE, 0x95, 0xBF, 0xFC, 0x07, 0xFF, 0xFF,
    0xFF, 0xFF, 0x00, 0xFF, 0xFF, 0xFF, 0xFF, 0x80, 0x2F, 0xFF, 0xFF, 0xFF, 0xC0, 0x03, 0xFF, 0xFF,
    0xFF, 0xD0, 0x00, 0x1F, 0xFF, 0xFF, 0x80, 0x00, 0x00, 0x00, 0x00, 0x00, 0x00, 0x00, 0x00, 0x01,
    0x90, 0x00, 0x00, 0x00, 0x00, 0xF0, 0x00, 0x00, 0x00, 0x00, 0xB8, 0x00, 0x00, 0x00, 0x00, 0x3D,
    0x00, 0x00, 0x00, 0x00, 0x2F, 0x00, 0x00, 0x00, 0x00, 0x0F, 0x80, 0x00, 0x00, 0x00, 0x00, 0x00,
    0x00, 0x00, 0x00, 0x00, 0x00, 0x00, 0x00, 0x00, 0x00, 0x00, 0x00, 0x00, 0x00, 0x00, 0x00, 0x00,
    0x00, 0x00, 0x00, 0x00, 0x00, 0x00, 0x00, 0x00, 0x00, 0x00, 0x00, 0x00, 0x00, 0x00, 0x00, 0x00,
    0x00, 0x00, 0x00, 0x00, 0x00, 0x00, 0x03, 0xF4, 0x00, 0x00, 0x07, 0xF0, 0xFF, 0x00, 0x00, 0x03,
    0xF8, 0x1F, 0xD0, 0x00, 0x01, 0xFC, 0x03, 0xFC, 0x00, 0x00, 0xFF, 0x00, 0x7F, 0x80, 0x00, 0xBF,
    0x40, 0x0F, 0xF0, 0x00, 0x3F, 0xC0, 0x01, 0xFE, 0x00, 0x2F, 0xD0, 0x00, 0x3F, 0xD0, 0x1F, 0xF0,
    0x00, 0x07, 0xFC, 0x0F, 0xF4, 0x00, 0x00, 0xFF, 0x47, 0xFC, 0x00, 0x00, 0x1F, 0xF3, 0xFD, 0x00,
    0x00, 0x03, 0xFF, 0xFF, 0x00, 0x00, 0x00, 0xBF, 0xFF, 0x40, 0x00, 0x00, 0x0F, 0xFF, 0xC0, 0x00,
    0x00, 0x02, 0xFF, 0xD0, 0x00, 0x00, 0x00, 0x3F, 0xF0, 0x00, 0x00, 0x00, 0x0F, 0xF8, 0x00, 0x00,
    0x00, 0x03, 0xFE, 0x00, 0x00, 0x00, 0x00, 0xFF, 0x80, 0x00, 0x00, 0x00, 0x7F, 0xE0, 0x00, 0x00,
    0x00, 0x2F, 0xF8, 0x00, 0x00, 0x00, 0x0B, 0xFE, 0x00, 0x00, 0x00, 0x03, 0xFF, 0x80, 0x00, 0x00,
    0x00, 0xFF, 0xE0, 0x00, 0x00, 0x00, 0x7F, 0xF8, 0x00, 0x00, 0x7D, 0x00, 0x00, 0x07, 0xD0, 0x00,
    0x00, 0x7D, 0x00, 0x00, 0x07, 0xE5, 0x00, 0x00, 0x7F, 0xFE, 0x00, 0x07, 0xFF, 0xFE, 0x00, 0x7E,
    0x0B, 0xFD, 0x07, 0xD0, 0x0B, 0xF4, 0x7D, 0x00, 0x1F, 0xC7, 0xD0, 0x00, 0x3E, 0x7D, 0x00, 0x02,
    0xE7, 0xD0, 0x00, 0x3E, 0x7D, 0x00, 0x0F, 0xD7, 0xD0, 0x07, 0xF8, 0x7E, 0x07, 0xFF, 0x07, 0xFF,
    0xFF, 0x80, 0x7F, 0xFF, 0x80, 0x07, 0xFE, 0x40, 0x00, 0x7D, 0x00, 0x00, 0x07, 0xD0, 0x00, 0x00,
    0x7D, 0x00, 0x00, 0x07, 0xD0, 0x00, 0x00, 0x7D, 0x00, 0x00, 0x00, 0x00, 0x16, 0x50, 0x00, 0x01,
    0xFF, 0xFD, 0x00, 0x07, 0xE0, 0x1F, 0x40, 0x0F, 0x80, 0x03, 0xC0, 0x2F, 0x00, 0x01, 0xD0, 0x2F,
    0x00, 0x00, 0xE0, 0x3E, 0x00, 0x1F, 0xE0, 0x3E, 0x00, 0xBD, 0x00, 0x3E, 0x00, 0xF0, 0x00, 0x3E,
    0x01, 0xD0, 0x00, 0x3E, 0x01, 0xD0, 0x00, 0x3F, 0x01, 0xF0, 0x00, 0x3F, 0x00, 0xFC, 0x00, 0x3F,
    0x00, 0x7F, 0x80, 0x3F, 0x00, 0x2F, 0xF0, 0x7F, 0x00, 0x03, 0xFC, 0x7F, 0x00, 0x00, 0xBD, 0x7F,
    0x00, 0x00, 0x3E, 0x7F, 0x00, 0x00, 0x7D, 0x7F, 0x2E, 0x56, 0xFD, 0xBF, 0x2F, 0xFF, 0xFC, 0xBF,
    0x2F, 0xFF, 0xF0, 0xBF, 0x0B, 0xFE, 0x40, 0x00, 0x00, 0x00, 0x00, 0x00, 0x7D, 0x00, 0x00, 0x00,
    0x07, 0xE0, 0x00, 0x00, 0x00, 0x7F, 0x40, 0x00, 0x00, 0x07, 0xF8, 0x00, 0x00, 0x00, 0x00, 0x00,
    0x00, 0x00, 0x00, 0x00, 0x00, 0x00, 0x2F, 0xE1, 0xF0, 0x00, 0x7F, 0xFF, 0xBC, 0x00, 0x7F, 0xAB,
    0xFF, 0x00, 0x3F, 0x00, 0x2F, 0xC0, 0x2F, 0x00, 0x03, 0xF0, 0x0F, 0x80, 0x00, 0xBD, 0x03, 0xC0,
    0x00, 0x2F, 0x41, 0xF0, 0x00, 0x07, 0xE0, 0x7C, 0x00, 0x02, 0xF8, 0x2F, 0x00, 0x00, 0xFF, 0x07,
    0xD0, 0x00, 0xBF, 0xC0, 0xFF, 0x96, 0xFF, 0xF0, 0x3F, 0xFF, 0xFF, 0xFC, 0x07, 0xFF, 0xFF, 0xFF,
    0x00, 0x7F, 0xFF, 0xD7, 0xD0, 0x02, 0xFF, 0x81, 0xF4, 0x00, 0x00, 0x19, 0x00, 0x00, 0x00, 0x0F,
    0x00, 0x00, 0x00, 0x07, 0xC0, 0x00, 0x00, 0x03, 0xD0, 0x00, 0x00, 0x01, 0xF0, 0x00, 0x00, 0x00,
    0xFC, 0x00, 0x00, 0x00, 0x00, 0x00, 0x00, 0x00, 0x00, 0x00, 0x00, 0x00, 0x00, 0x00, 0x00, 0x00,
    0x00, 0x00, 0x00, 0x00, 0x00, 0x00, 0x00, 0x00, 0x00, 0x00, 0x00, 0x00, 0x00, 0x0B, 0xF8, 0x7C,
    0x00, 0x1F, 0xFF, 0xEF, 0x00, 0x1F, 0xEA, 0xFF, 0xC0, 0x0F, 0xC0, 0x0B, 0xF0, 0x0B, 0xC0, 0x00,
    0xFC, 0x03, 0xE0, 0x00, 0x2F, 0x40, 0xF0, 0x00, 0x0B, 0xD0, 0x7C, 0x00, 0x01, 0xF8, 0x1F, 0x00,
    0x00, 0xBE, 0x0B, 0xC0, 0x00, 0x3F, 0xC1, 0xF4, 0x00, 0x2F, 0xF0, 0x3F, 0xE5, 0xBF, 0xFC, 0x0F,
    0xFF, 0xFF, 0xFF, 0x01, 0xFF, 0xFF, 0xFF, 0xC0, 0x1F, 0xFF, 0xF5, 0xF4, 0x00, 0xBF, 0xE0, 0x7D,
    0x00, 0x00, 0x00, 0x00, 0x00, 0x00, 0xB4, 0x00, 0x00, 0x00, 0x7F, 0x00, 0x00, 0x00, 0x3F, 0xF0,
    0x00, 0x00, 0x7D, 0x2F, 0x00, 0x00, 0x78, 0x01, 0xF0, 0x00, 0x24, 0x00, 0x0A, 0x00, 0x00, 0x00,
    0x00, 0x00, 0x00, 0x0B, 0xF8, 0x7C, 0x00, 0x1F, 0xFF, 0xEF, 0x00, 0x1F, 0xEA, 0xFF, 0xC0, 0x0F,
    0xC0, 0x0B, 0xF0, 0x0B, 0xC0, 0x00, 0xFC, 0x03, 0xE0, 0x00, 0x2F, 0x40, 0xF0, 0x00, 0x0B, 0xD0,
    0x7C, 0x00, 0x01, 0xF8, 0x1F, 0x00, 0x00, 0xBE, 0x0B, 0xC0, 0x00, 0x3F, 0xC1, 0xF4, 0x00, 0x2F,
    0xF0, 0x3F, 0xE5, 0xBF, 0xFC, 0x0F, 0xFF, 0xFF, 0xFF, 0x01, 0xFF, 0xFF, 0xFF, 0xC0, 0x1F, 0xFF,
    0xF5, 0xF4, 0x00, 0xBF, 0xE0, 0x7D, 0x00, 0x14, 0x00, 0x00, 0x00, 0x2F, 0xD0, 0x38, 0x00, 0x0F,
    0x2C, 0x0D, 0x00, 0x07, 0x43, 0xC7, 0x40, 0x01, 0xD0, 0x7F, 0xC0, 0x00, 0x74, 0x02, 0x80, 0x00,
    0x00, 0x00, 0x00, 0x00, 0x00, 0x2F, 0xE1, 0xF0, 0x00, 0x7F, 0xFF, 0xBC, 0x00, 0x7F, 0xAB, 0xFF,
    0x00, 0x3F, 0x00, 0x2F, 0xC0, 0x2F, 0x00, 0x03, 0xF0, 0x0F, 0x80, 0x00, 0xBD, 0x03, 0xC0, 0x00,
    0x2F, 0x41, 0xF0, 0x00, 0x07, 0xE0, 0x7C, 0x00, 0x02, 0xF8, 0x2F, 0x00, 0x00, 0xFF, 0x07, 0xD0,
    0x00, 0xBF, 0xC0, 0xFF, 0x96, 0xFF, 0xF0, 0x3F, 0xFF, 0xFF, 0xFC, 0x07, 0xFF, 0xFF, 0xFF, 0x00,
    0x7F, 0xFF, 0xD7, 0xD0, 0x02, 0xFF, 0x81, 0xF4, 0x02, 0xF4, 0x02, 0xF4, 0x00, 0xFE, 0x00, 0xFE,
    0x00, 0x3F, 0x80, 0x7F, 0x80, 0x1F, 0xF0, 0x1F, 0xF0, 0x0B, 0xFC, 0x0B, 0xFC, 0x00, 0x00, 0x00,
    0x00, 0x00, 0x00, 0x00, 0x00, 0x00, 0x00, 0x2F, 0xE1, 0xF0, 0x00, 0x7F, 0xFF, 0xBC, 0x00, 0x7F,
    0xAB, 0xFF, 0x00, 0x3F, 0x00, 0x2F, 0xC0, 0x2F, 0x00, 0x03, 0xF0, 0x0F, 0x80, 0x00, 0xBD, 0x03,
    0xC0, 0x00, 0x2F, 0x41, 0xF0, 0x00, 0x07, 0xE0, 0x7C, 0x00, 0x02, 0xF8, 0x2F, 0x00, 0x00, 0xFF,
    0x07, 0xD0, 0x00, 0xBF, 0xC0, 0xFF, 0x96, 0xFF, 0xF0, 0x3F, 0xFF, 0xFF, 0xFC, 0x07, 0xFF, 0xFF,
    0xFF, 0x00, 0x7F, 0xFF, 0xD7, 0xD0, 0x02, 0xFF, 0x81, 0xF4, 0x00, 0x02, 0xE0, 0x00, 0x00, 0x03,
    0x87, 0x00, 0x00, 0x00, 0xC0, 0xD0, 0x00, 0x00, 0x70, 0x38, 0x00, 0x00, 0x0D, 0x0D, 0x00, 0x00,
    0x02, 0xFF, 0x00, 0x00, 0x00, 0x2E, 0x00, 0x00, 0x00, 0x00, 0x00, 0x00, 0x00, 0x00, 0x00, 0x00,
    0x00, 0x02, 0xFE, 0x1F, 0x00, 0x07, 0xFF, 0xFB, 0xC0, 0x07, 0xFA, 0xBF, 0xF0, 0x03, 0xF0, 0x02,
    0xFC, 0x02, 0xF0, 0x00, 0x3F, 0x00, 0xF8, 0x00, 0x0B, 0xD0, 0x3C, 0x00, 0x02, 0xF4, 0x1F, 0x00,
    0x00, 0x7E, 0x07, 0xC0, 0x00, 0x2F, 0x82, 0xF0, 0x00, 0x0F, 0xF0, 0x7D, 0x00, 0x0B, 0xFC, 0x0F,
    0xF9, 0x6F, 0xFF, 0x03, 0xFF, 0xFF, 0xFF, 0xC0, 0x7F, 0xFF, 0xFF, 0xF0, 0x07, 0xFF, 0xFD, 0x7D,
    0x00, 0x2F, 0xF8, 0x1F, 0x40, 0x00, 0x00, 0x00, 0x00, 0x07, 0xF9, 0x00, 0x00, 0x02, 0xFE, 0x1F,
    0x1F, 0xFF, 0xE0, 0x00, 0x07, 0xFF, 0xFB, 0xEF, 0xD0, 0x2F, 0x00, 0x07, 0xFA, 0xBF, 0xFF, 0x40,
    0x01, 0xE0, 0x03, 0xF0, 0x02, 0xFF, 0x80, 0x00, 0x3D, 0x02, 0xF0, 0x00, 0x3F, 0xC0, 0x05, 0x6F,
    0x80, 0xF8, 0x00, 0x0B, 0xFF, 0xFF, 0xFF, 0xF0, 0x3C, 0x00, 0x02, 0xFF, 0xFF, 0xFF, 0xE8, 0x1F,
    0x00, 0x00, 0x7F, 0x50, 0x00, 0x00, 0x07, 0xC0, 0x00, 0x2F, 0xC0, 0x00, 0x00, 0x02, 0xF0, 0x00,
    0x0F, 0xF0, 0x00, 0x00, 0x00, 0x7D, 0x00, 0x0B, 0xFF, 0x00, 0x00, 0x00, 0x0F, 0xF9, 0x6F, 0xFF,
    0xF9, 0x00, 0x09, 0x03, 0xFF, 0xFF, 0xFF, 0xFF, 0xFF, 0xFF, 0x40, 0x7F, 0xFF, 0xFF, 0xFF, 0xFF,
    0xFF, 0xD0, 0x07, 0xFF, 0xFD, 0x7F, 0xFF, 0xFF, 0xF4, 0x00, 0x2F, 0xF8, 0x1F, 0x4A, 0xFF, 0x90,
    0x00, 0x00, 0x00, 0x00, 0x00, 0x07, 0xFF, 0xC0, 0x03, 0xFF, 0xFC, 0x00, 0xFF, 0xA6, 0x80, 0x2F,
    0xC0, 0x00, 0x03, 0xF4, 0x00, 0x00, 0x7F, 0x00, 0x00, 0x07, 0xE0, 0x00, 0x00, 0xBD, 0x00, 0x00,
    0x0B, 0xD0, 0x00, 0x00, 0x7E, 0x00, 0x00, 0x07, 0xF4, 0x00, 0x00, 0x3F, 0xD0, 0x00, 0x02, 0xFF,
    0x95, 0x80, 0x0F, 0xFF, 0xFF, 0x00, 0x3F, 0xFF, 0xF8, 0x00, 0x7F, 0xFE, 0x40, 0x00, 0x90, 0x00,
    0x00, 0x0F, 0xE0, 0x00, 0x00, 0x02, 0xC0, 0x00, 0x00, 0x0C, 0x00, 0x00, 0x02, 0xC0, 0x00, 0x0F,
    0xF4, 0x00, 0x00, 0xA4, 0x00, 0x00, 0x00, 0x00, 0x00, 0x02, 0xF4, 0x00, 0x00, 0x00, 0xBE, 0x00,
    0x00, 0x00, 0x2F, 0xC0, 0x00, 0x00, 0x0B, 0xF4, 0x00, 0x00, 0x00, 0x00, 0x00, 0x00, 0x00, 0x00,
    0x00, 0x00, 0x00, 0x00, 0x00, 0x00, 0x00, 0x00, 0x00, 0x00, 0x00, 0x00, 0x00, 0x00, 0x1B, 0xF8,
    0x00, 0x00, 0xFF, 0xFF, 0x40, 0x03, 0xF8, 0x03, 0xD0, 0x0F, 0xC0, 0x00, 0xF0, 0x1F, 0x00, 0x00,
    0x7C, 0x3E, 0x00, 0x56, 0xBC, 0x3F, 0xFF, 0xFF, 0xFD, 0x7F, 0xFF, 0xFF, 0xE9, 0xBD, 0x40, 0x00,
    0x00, 0x7D, 0x00, 0x00, 0x00, 0x7E, 0x00, 0x00, 0x00, 0x3F, 0x80, 0x00, 0x00, 0x3F, 0xF4, 0x00,
    0x18, 0x0F, 0xFF, 0xFF, 0xFC, 0x07, 0xFF, 0xFF, 0xFC, 0x01, 0xFF, 0xFF, 0xFC, 0x00, 0x1B, 0xFE,
    0x80, 0x00, 0x00, 0x3C, 0x00, 0x00, 0x00, 0x78, 0x00, 0x00, 0x00, 0xF4, 0x00, 0x00, 0x01, 0xF0,
    0x00, 0x00, 0x03, 0xE0, 0x00, 0x00, 0x06, 0x90, 0x00, 0x00, 0x00, 0x00, 0x00, 0x00, 0x00, 0x00,
    0x00, 0x00, 0x00, 0x00, 0x00, 0x00, 0x00, 0x00, 0x00, 0x00, 0x00, 0x00, 0x00, 0x00, 0x00, 0x00,
    0x00, 0x00, 0x00, 0x00, 0x00, 0x00, 0x00, 0x00, 0x00, 0x00, 0x00, 0x00, 0x00, 0x00, 0x1B, 0xF8,
    0x00, 0x00, 0xFF, 0xFF, 0x40, 0x03, 0xF8, 0x03, 0xD0, 0x0F, 0xC0, 0x00, 0xF0, 0x1F, 0x00, 0x00,
    0x7C, 0x3E, 0x00, 0x56, 0xBC, 0x3F, 0xFF, 0xFF, 0xFD, 0x7F, 0xFF, 0xFF, 0xE9, 0xBD, 0x40, 0x00,
    0x00, 0x7D, 0x00, 0x00, 0x00, 0x7E, 0x00, 0x00, 0x00, 0x3F, 0x80, 0x00, 0x00, 0x3F, 0xF4, 0x00,
    0x18, 0x0F, 0xFF, 0xFF, 0xFC, 0x07, 0xFF, 0xFF, 0xFC, 0x01, 0xFF, 0xFF, 0xFC, 0x00, 0x1B, 0xFE,
    0x80, 0x00, 0x00, 0x00, 0x00, 0x00, 0x03, 0xC0, 0x00, 0x00, 0x0F, 0xE0, 0x00, 0x00, 0x2F, 0xF8,
    0x00, 0x00, 0xB8, 0x3E, 0x00, 0x02, 0xD0, 0x07, 0x80, 0x06, 0x00, 0x00, 0x80, 0x00, 0x00, 0x00,
    0x00, 0x00, 0x00, 0x00, 0x00, 0x00, 0x00, 0x00, 0x00, 0x00, 0x00, 0x00, 0x00, 0x00, 0x1B, 0xF8,
    0x00, 0x00, 0xFF, 0xFF, 0x40, 0x03, 0xF8, 0x03, 0xD0, 0x0F, 0xC0, 0x00, 0xF0, 0x1F, 0x00, 0x00,
    0x7C, 0x3E, 0x00, 0x56, 0xBC, 0x3F, 0xFF, 0xFF, 0xFD, 0x7F, 0xFF, 0xFF, 0xE9, 0xBD, 0x40, 0x00,
    0x00, 0x7D, 0x00, 0x00, 0x00, 0x7E, 0x00, 0x00, 0x00, 0x3F, 0x80, 0x00, 0x00, 0x3F, 0xF4, 0x00,
    0x18, 0x0F, 0xFF, 0xFF, 0xFC, 0x07, 0xFF, 0xFF, 0xFC, 0x01, 0xFF, 0xFF, 0xFC, 0x00, 0x1B, 0xFE,
    0x80, 0x03, 0xF0, 0x03, 0xF0, 0x07, 0xF0, 0x07, 0xF0, 0x0B, 0xF4, 0x0B, 0xF4, 0x0F, 0xF8, 0x0F,
    0xF4, 0x0F, 0xF8, 0x0F, 0xF4, 0x00, 0x00, 0x00, 0x00, 0x00, 0x00, 0x00, 0x00, 0x00, 0x00, 0x00,
    0x00, 0x00, 0x00, 0x00, 0x00, 0x00, 0x00, 0x00, 0x00, 0x00, 0x1B, 0xF8, 0x00, 0x00, 0xFF, 0xFF,
    0x40, 0x03, 0xF8, 0x03, 0xD0, 0x0F, 0xC0, 0x00, 0xF0, 0x1F, 0x00, 0x00, 0x7C, 0x3E, 0x00, 0x56,
    0xBC, 0x3F, 0xFF, 0xFF, 0xFD, 0x7F, 0xFF, 0xFF, 0xE9, 0xBD, 0x40, 0x00, 0x00, 0x7D, 0x00, 0x00,
    0x00, 0x7E, 0x00, 0x00, 0x00, 0x3F, 0x80, 0x00, 0x00, 0x3F, 0xF4, 0x00, 0x18, 0x0F, 0xFF, 0xFF,
    0xFC, 0x07, 0xFF, 0xFF, 0xFC, 0x01, 0xFF, 0xFF, 0xFC, 0x00, 0x1B, 0xFE, 0x80, 0x1A, 0x00, 0x00,
    0xBD, 0x00, 0x02, 0xF8, 0x00, 0x0B, 0xF0, 0x00, 0x16, 0x80, 0x00, 0x00, 0x00, 0x00, 0x00, 0x00,
    0x00, 0x00, 0x2F, 0x00, 0x02, 0xF0, 0x00, 0x2F, 0x00, 0x02, 0xE0, 0x00, 0x2E, 0x00, 0x02, 0xF0,
    0x00, 0x2F, 0x00, 0x02, 0xF0, 0x00, 0x3F, 0x00, 0x03, 0xF0, 0x00, 0x3F, 0x00, 0x03, 0xF0, 0x00,
    0x3F, 0x00, 0x03, 0xF0, 0x00, 0x3F, 0x40, 0x07, 0xF4, 0x01, 0xE0, 0x3C, 0x07, 0xC0, 0xF8, 0x1F,
    0x02, 0xA0, 0x00, 0x00, 0x00, 0x00, 0x00, 0x00, 0x00, 0x00, 0x00, 0x00, 0x02, 0xF0, 0x2F, 0x02,
    0xF0, 0x2E, 0x02, 0xE0, 0x2F, 0x02, 0xF0, 0x2F, 0x03, 0xF0, 0x3F, 0x03, 0xF0, 0x3F, 0x03, 0xF0,
    0x3F, 0x03, 0xF4, 0x7F, 0x40, 0x00, 0x08, 0x00, 0x00, 0x0F, 0xC0, 0x00, 0x0B, 0xF8, 0x00, 0x0B,
    0xDF, 0x80, 0x0B, 0x80, 0xB8, 0x0B, 0x00, 0x07, 0x80, 0x00, 0x00, 0x00, 0x00, 0x00, 0x00, 0x00,
    0x00, 0x00, 0x00, 0x0B, 0xC0, 0x00, 0x02, 0xF0, 0x00, 0x00, 0xBC, 0x00, 0x00, 0x2E, 0x00, 0x00,
    0x0B, 0x80, 0x00, 0x02, 0xF0, 0x00, 0x00, 0xBC, 0x00, 0x00, 0x2F, 0x00, 0x00, 0x0F, 0xC0, 0x00,
    0x03, 0xF0, 0x00, 0x00, 0xFC, 0x00, 0x00, 0x3F, 0x00, 0x00, 0x0F, 0xC0, 0x00, 0x03, 0xF0, 0x00,
    0x00, 0xFD, 0x00, 0x00, 0x7F, 0x40, 0x00, 0x0F, 0xC0, 0x0F, 0xC1, 0xFC, 0x01, 0xFC, 0x2F, 0xD0,
    0x2F, 0xD3, 0xFD, 0x03, 0xFD, 0x3F, 0xE0, 0x3F, 0xE0, 0x00, 0x00, 0x00, 0x00, 0x00, 0x00, 0x00,
    0x00, 0x00, 0x00, 0x00, 0x00, 0x00, 0x00, 0x00, 0xBC, 0x00, 0x00, 0x0B, 0xC0, 0x00, 0x00, 0xBC,
    0x00, 0x00, 0x0B, 0x80, 0x00, 0x00, 0xB8, 0x00, 0x00, 0x0B, 0xC0, 0x00, 0x00, 0xBC, 0x00, 0x00,
    0x0B, 0xC0, 0x00, 0x00, 0xFC, 0x00, 0x00, 0x0F, 0xC0, 0x00, 0x00, 0xFC, 0x00, 0x00, 0x0F, 0xC0,
    0x00, 0x00, 0xFC, 0x00, 0x00, 0x0F, 0xC0, 0x00, 0x00, 0xFD, 0x00, 0x00, 0x1F, 0xD0, 0x00, 0x00,
    0x00, 0x0B, 0x90, 0x00, 0x00, 0x00, 0x00, 0xFF, 0xC0, 0x00, 0x00, 0x00, 0x00, 0xBE, 0x00, 0x00,
    0x00, 0x00, 0x02, 0xF0, 0x00, 0x00, 0x00, 0xFF, 0xFF, 0xFF, 0xC0, 0x00, 0x0F, 0xFF, 0xFF, 0xFC,
    0x00, 0x00, 0xFF, 0xFF, 0xFF, 0xC0, 0x00, 0x00, 0x02, 0xE0, 0x00, 0x00, 0x00, 0x00, 0x2E, 0x00,
    0x00, 0x0F, 0xFF, 0x03, 0xD0, 0x00, 0x0B, 0xFF, 0xFC, 0x3D, 0x00, 0x01, 0xFE, 0x02, 0xF3, 0xC0,
    0x00, 0x3F, 0x40, 0x0B, 0xBC, 0x00, 0x07, 0xE0, 0x00, 0x3F, 0xC0, 0x00, 0x7D, 0x00, 0x02, 0xF8,
    0x00, 0x0B, 0xD0, 0x00, 0x1F, 0x40, 0x00, 0xBD, 0x00, 0x01, 0xF0, 0x00, 0x0B, 0xF0, 0x00, 0x3F,
    0x00, 0x00, 0x3F, 0x80, 0x0B, 0xD0, 0x00, 0x02, 0xFF, 0xFF, 0xFC, 0x00, 0x00, 0x0F, 0xFF, 0xFF,
    0x40, 0x00, 0x00, 0x3F, 0xFF, 0xE0, 0x00, 0x00, 0x00, 0x7F, 0xE0, 0x00, 0x00, 0x00, 0x00, 0x05,
    0x00, 0xA0, 0x00, 0x7F, 0xC0, 0xB0, 0x00, 0xF1, 0xE0, 0xB0, 0x00, 0xE0, 0x7F, 0xE0, 0x00, 0xE0,
    0x1F, 0xC0, 0x00, 0x00, 0x00, 0x00, 0x00, 0x00, 0x00, 0x00, 0x00, 0x00, 0x00, 0x00, 0x00, 0x01,
    0x50, 0x00, 0x1F, 0x2F, 0xFE, 0x00, 0x1F, 0xFF, 0xFF, 0xC0, 0x2F, 0xF4, 0x0B, 0xE0, 0x2F, 0xD0,
    0x03, 0xF0, 0x2F, 0xC0, 0x02, 0xF4, 0x3F, 0x40, 0x01, 0xF4, 0x3F, 0x40, 0x01, 0xF8, 0x3F, 0x40,
    0x01, 0xF8, 0x3F, 0x40, 0x01, 0xFC, 0x3F, 0x40, 0x02, 0xFC, 0x3F, 0x80, 0x02, 0xFC, 0x3F, 0x80,
    0x02, 0xFC, 0x7F, 0x80, 0x02, 0xFC, 0x7F, 0x80, 0x02, 0xFC, 0x7F, 0x80, 0x02, 0xFC, 0xBF, 0xC0,
    0x02, 0xFD, 0x01, 0x40, 0x00, 0x00, 0x02, 0xF4, 0x00, 0x00, 0x00, 0xBE, 0x00, 0x00, 0x00, 0x2F,
    0xC0, 0x00, 0x00, 0x06, 0xB4, 0x00, 0x00, 0x00, 0x00, 0x00, 0x00, 0x00, 0x00, 0x00, 0x00, 0x00,
    0x00, 0x00, 0x00, 0x00, 0x00, 0x00, 0x00, 0x00, 0x00, 0x00, 0x00, 0x2F, 0xF9, 0x00, 0x02, 0xFF,
    0xFF, 0x80, 0x0B, 0xFE, 0xBF, 0xF0, 0x1F, 0xC0, 0x02, 0xF4, 0x3F, 0x00, 0x00, 0xFC, 0x3E, 0x00,
    0x00, 0x7D, 0x7D, 0x00, 0x00, 0x7E, 0xBD, 0x00, 0x00, 0x3E, 0xBD, 0x00, 0x00, 0x7E, 0x7E, 0x00,
    0x00, 0x7E, 0x3F, 0x00, 0x00, 0xFD, 0x3F, 0xE5, 0x5B, 0xFC, 0x0F, 0xFF, 0xFF, 0xF4, 0x0B, 0xFF,
    0xFF, 0xE0, 0x01, 0xFF, 0xFF, 0x80, 0x00, 0x2F, 0xF8, 0x00, 0x00, 0x00, 0x28, 0x00, 0x00, 0x00,
    0x78, 0x00, 0x00, 0x00, 0xF4, 0x00, 0x00, 0x01, 0xF0, 0x00, 0x00, 0x03, 0xE0, 0x00, 0x00, 0x07,
    0xD0, 0x00, 0x00, 0x00, 0x00, 0x00, 0x00, 0x00, 0x00, 0x00, 0x00, 0x00, 0x00, 0x00, 0x00, 0x00,
    0x00, 0x00, 0x00, 0x00, 0x00, 0x00, 0x00, 0x00, 0x00, 0x00, 0x00, 0x00, 0x00, 0x00, 0x00, 0x00,
    0x00, 0x00, 0x00, 0x00, 0x00, 0x00, 0x00, 0x2F, 0xF9, 0x00, 0x02, 0xFF, 0xFF, 0x80, 0x0B, 0xFE,
    0xBF, 0xF0, 0x1F, 0xC0, 0x02, 0xF4, 0x3F, 0x00, 0x00, 0xFC, 0x3E, 0x00, 0x00, 0x7D, 0x7D, 0x00,
    0x00, 0x7E, 0xBD, 0x00, 0x00, 0x3E, 0xBD, 0x00, 0x00, 0x7E, 0x7E, 0x00, 0x00, 0x7E, 0x3F, 0x00,
    0x00, 0xFD, 0x3F, 0xE5, 0x5B, 0xFC, 0x0F, 0xFF, 0xFF, 0xF4, 0x0B, 0xFF, 0xFF, 0xE0, 0x01, 0xFF,
    0xFF, 0x80, 0x00, 0x2F, 0xF8, 0x00, 0x00, 0x01, 0x40, 0x00, 0x00, 0x07, 0xC0, 0x00, 0x00, 0x0F,
    0xE0, 0x00, 0x00, 0x3E, 0xF8, 0x00, 0x00, 0xF4, 0x2E, 0x00, 0x03, 0x80, 0x07, 0x80, 0x05, 0x00,
    0x00, 0x40, 0x00, 0x00, 0x00, 0x00, 0x00, 0x00, 0x00, 0x00, 0x00, 0x00, 0x00, 0x00, 0x00, 0x00,
    0x00, 0x00, 0x00, 0x2F, 0xF9, 0x00, 0x02, 0xFF, 0xFF, 0x80, 0x0B, 0xFE, 0xBF, 0xF0, 0x1F, 0xC0,
    0x02, 0xF4, 0x3F, 0x00, 0x00, 0xFC, 0x3E, 0x00, 0x00, 0x7D, 0x7D, 0x00, 0x00, 0x7E, 0xBD, 0x00,
    0x00, 0x3E, 0xBD, 0x00, 0x00, 0x7E, 0x7E, 0x00, 0x00, 0x7E, 0x3F, 0x00, 0x00, 0xFD, 0x3F, 0xE5,
    0x5B, 0xFC, 0x0F, 0xFF, 0xFF, 0xF4, 0x0B, 0xFF, 0xFF, 0xE0, 0x01, 0xFF, 0xFF, 0x80, 0x00, 0x2F,
    0xF8, 0x00, 0x00, 0xBD, 0x01, 0xC0, 0x01, 0xFB, 0x41, 0xC0, 0x03, 0xC3, 0xC2, 0xC0, 0x03, 0xC0,
    0xFF, 0x80, 0x03, 0xC0, 0x3F, 0x00, 0x00, 0x00, 0x00, 0x00, 0x00, 0x00, 0x00, 0x00, 0x00, 0x00,
    0x00, 0x00, 0x00, 0x00, 0x00, 0x00, 0x00, 0x00, 0x00, 0x00, 0x00, 0x2F, 0xF9, 0x00, 0x02, 0xFF,
    0xFF, 0x80, 0x0B, 0xFE, 0xBF, 0xF0, 0x1F, 0xC0, 0x02, 0xF4, 0x3F, 0x00, 0x00, 0xFC, 0x3E, 0x00,
    0x00, 0x7D, 0x7D, 0x00, 0x00, 0x7E, 0xBD, 0x00, 0x00, 0x3E, 0xBD, 0x00, 0x00, 0x7E, 0x7E, 0x00,
    0x00, 0x7E, 0x3F, 0x00, 0x00, 0xFD, 0x3F, 0xE5, 0x5B, 0xFC, 0x0F, 0xFF, 0xFF, 0xF4, 0x0B, 0xFF,
    0xFF, 0xE0, 0x01, 0xFF, 0xFF, 0x80, 0x00, 0x2F, 0xF8, 0x00, 0x07, 0xF0, 0x07, 0xF0, 0x0B, 0xF0,
    0x0B, 0xF0, 0x0B, 0xF0, 0x0F, 0xF0, 0x0F, 0xF4, 0x0F, 0xF4, 0x0F, 0xF4, 0x0F, 0xF4, 0x00, 0x00,
    0x00, 0x00, 0x00, 0x00, 0x00, 0x00, 0x00, 0x00, 0x00, 0x00, 0x00, 0x00, 0x00, 0x00, 0x00, 0x00,
    0x00, 0x00, 0x00, 0x2F, 0xF9, 0x00, 0x02, 0xFF, 0xFF, 0x80, 0x0B, 0xFE, 0xBF, 0xF0, 0x1F, 0xC0,
    0x02, 0xF4, 0x3F, 0x00, 0x00, 0xFC, 0x3E, 0x00, 0x00, 0x7D, 0x7D, 0x00, 0x00, 0x7E, 0xBD, 0x00,
    0x00, 0x3E, 0xBD, 0x00, 0x00, 0x7E, 0x7E, 0x00, 0x00, 0x7E, 0x3F, 0x00, 0x00, 0xFD, 0x3F, 0xE5,
    0x5B, 0xFC, 0x0F, 0xFF, 0xFF, 0xF4, 0x0B, 0xFF, 0xFF, 0xE0, 0x01, 0xFF, 0xFF, 0x80, 0x00, 0x2F,
    0xF8, 0x00, 0x00, 0x02, 0xF0, 0x00, 0x00, 0x00, 0x3F, 0x40, 0x00, 0x00, 0x07, 0xF8, 0x00, 0x00,
    0x00, 0xBF, 0x80, 0x00, 0x00, 0x0F, 0xFC, 0x00, 0x00, 0x00, 0x00, 0x00, 0x00, 0x00, 0x00, 0x00,
    0x00, 0x00, 0x00, 0x00, 0x00, 0x00, 0x00, 0x00, 0x01, 0x55, 0x42, 0xFF, 0xFF, 0xFF, 0xFD, 0x3F,
    0xFF, 0xFF, 0xFF, 0xE0, 0x00, 0x00, 0x00, 0x00, 0x00, 0x00, 0x00, 0x00, 0x00, 0x00, 0x2F, 0x00,
    0x00, 0x00, 0x03, 0xF4, 0x00, 0x00, 0x00, 0x7F, 0x80, 0x00, 0x00, 0x0B, 0xF8, 0x00, 0x00, 0x00,
    0xFF, 0xC0, 0x00, 0x00, 0x00, 0x00, 0x01, 0x40, 0x00, 0x00, 0x03, 0xC0, 0x00, 0x00, 0x01, 0xF0,
    0x00, 0x00, 0x00, 0xB8, 0x00, 0x00, 0x00, 0x3D, 0x00, 0x00, 0x00, 0x1F, 0x00, 0x00, 0x00, 0x0B,
    0xC0, 0x00, 0x00, 0x03, 0xE0, 0x00, 0x00, 0x00, 0xF4, 0x00, 0x00, 0x00, 0xBC, 0x00, 0x00, 0x00,
    0x3E, 0x00, 0x00, 0x00, 0x0F, 0x40, 0x00, 0x00, 0x07, 0xC0, 0x00, 0x00, 0x02, 0xF0, 0x00, 0x00,
    0xBF, 0xF8, 0x00, 0x02, 0xFF, 0xFF, 0x80, 0x02, 0xFF, 0xBF, 0xFC, 0x01, 0xFC, 0x0F, 0xEF, 0x80,
    0xFC, 0x07, 0xD3, 0xF0, 0x3E, 0x02, 0xF0, 0x7D, 0x1F, 0x40, 0xFC, 0x1F, 0x8B, 0xD0, 0x3E, 0x03,
    0xE1, 0xF4, 0x2F, 0x01, 0xF8, 0x7E, 0x0F, 0xC0, 0x7E, 0x0F, 0xC3, 0xE0, 0x3F, 0x43, 0xFF, 0xF9,
    0xBF, 0xC0, 0x7F, 0xFF, 0xFF, 0xD0, 0x0B, 0xFF, 0xFF, 0xE0, 0x00, 0xBF, 0xFF, 0xE0, 0x00, 0x0F,
    0xFF, 0x80, 0x00, 0x03, 0xF0, 0x00, 0x00, 0x01, 0xF8, 0x00, 0x00, 0x00, 0xBD, 0x00, 0x00, 0x00,
    0x3F, 0x00, 0x00, 0x00, 0x0F, 0xC0, 0x00, 0x00, 0x0B, 0xE0, 0x00, 0x00, 0x03, 0xF4, 0x00, 0x00,
    0x00, 0xFC, 0x00, 0x00, 0x00, 0x7E, 0x00, 0x00, 0x00, 0x3F, 0x40, 0x00, 0x00, 0x0F, 0xC0, 0x00,
    0x00, 0x07, 0xE0, 0x00, 0x00, 0x02, 0xD0, 0x00, 0x00, 0x00, 0xC0, 0x00, 0x00, 0x00, 0x00, 0x00,
    0x00, 0x00, 0x00, 0x05, 0x00, 0x00, 0x00, 0x2F, 0x40, 0x00, 0x00, 0x2F, 0x80, 0x00, 0x00, 0x1F,
    0xD0, 0x00, 0x00, 0x1B, 0xE0, 0x00, 0x00, 0x00, 0x00, 0x00, 0x00, 0x00, 0x00, 0x00, 0x00, 0x00,
    0x00, 0xBD, 0x00, 0x02, 0xF5, 0xF4, 0x00, 0x0B, 0xD7, 0xD0, 0x00, 0x2F, 0x5F, 0x80, 0x00, 0xBD,
    0x7E, 0x00, 0x02, 0xF4, 0xF8, 0x00, 0x0F, 0xD3, 0xF0, 0x00, 0x3F, 0x8F, 0xC0, 0x00, 0xFE, 0x3F,
    0x00, 0x03, 0xF8, 0xFC, 0x00, 0x0F, 0xE3, 0xF8, 0x00, 0xFF, 0x8B, 0xFF, 0xFF, 0xFE, 0x1F, 0xFF,
    0xFF, 0xF8, 0x3F, 0xFF, 0xFF, 0xF0, 0xBF, 0xFF, 0xDF, 0xC0, 0x7F, 0xF8, 0x7F, 0x00, 0x00, 0x00,
    0x00, 0x00, 0x00, 0xA0, 0x00, 0x00, 0x03, 0xC0, 0x00, 0x00, 0x2E, 0x00, 0x00, 0x00, 0xF0, 0x00,
    0x00, 0x0B, 0xC0, 0x00, 0x00, 0x3E, 0x00, 0x00, 0x00, 0x00, 0x00, 0x00, 0x00, 0x00, 0x00, 0x00,
    0x00, 0x00, 0x00, 0x00, 0x00, 0x00, 0x00, 0x00, 0x00, 0x00, 0x00, 0x00, 0x00, 0x00, 0x00, 0x00,
    0x00, 0x02, 0xF4, 0x00, 0x0B, 0xD7, 0xD0, 0x00, 0x2F, 0x5F, 0x40, 0x00, 0xBD, 0x7E, 0x00, 0x02,
    0xF5, 0xF8, 0x00, 0x0B, 0xD3, 0xE0, 0x00, 0x3F, 0x4F, 0xC0, 0x00, 0xFE, 0x3F, 0x00, 0x03, 0xF8,
    0xFC, 0x00, 0x0F, 0xE3, 0xF0, 0x00, 0x3F, 0x8F, 0xE0, 0x03, 0xFE, 0x2F, 0xFF, 0xFF, 0xF8, 0x7F,
    0xFF, 0xFF, 0xE0, 0xFF, 0xFF, 0xFF, 0xC2, 0xFF, 0xFF, 0x7F, 0x01, 0xFF, 0xE1, 0xFC, 0x00, 0x00,
    0x00, 0x00, 0x00, 0x00, 0x00, 0x00, 0x00, 0x3C, 0x00, 0x00, 0x03, 0xFC, 0x00, 0x00, 0x3F, 0xFC,
    0x00, 0x03, 0xE0, 0xBC, 0x00, 0x3D, 0x00, 0x7C, 0x00, 0x40, 0x00, 0x10, 0x00, 0x00, 0x00, 0x00,
    0x00, 0x00, 0x00, 0x02, 0xF4, 0x00, 0x0B, 0xD7, 0xD0, 0x00, 0x2F, 0x5F, 0x40, 0x00, 0xBD, 0x7E,
    0x00, 0x02, 0xF5, 0xF8, 0x00, 0x0B, 0xD3, 0xE0, 0x00, 0x3F, 0x4F, 0xC0, 0x00, 0xFE, 0x3F, 0x00,
    0x03, 0xF8, 0xFC, 0x00, 0x0F, 0xE3, 0xF0, 0x00, 0x3F, 0x8F, 0xE0, 0x03, 0xFE, 0x2F, 0xFF, 0xFF,
    0xF8, 0x7F, 0xFF, 0xFF, 0xE0, 0xFF, 0xFF, 0xFF, 0xC2, 0xFF, 0xFF, 0x7F, 0x01, 0xFF, 0xE1, 0xFC,
    0x00, 0x00, 0x00, 0x00, 0x0F, 0xC0, 0x0F, 0xC0, 0x7F, 0x40, 0x7F, 0x02, 0xFD, 0x02, 0xFD, 0x0B,
    0xF8, 0x0F, 0xF8, 0x2F, 0xE0, 0x3F, 0xE0, 0x00, 0x00, 0x00, 0x00, 0x00, 0x00, 0x00, 0x00, 0x00,
    0x00, 0x00, 0xBD, 0x00, 0x02, 0xF5, 0xF4, 0x00, 0x0B, 0xD7, 0xD0, 0x00, 0x2F, 0x5F, 0x80, 0x00,
    0xBD, 0x7E, 0x00, 0x02, 0xF4, 0xF8, 0x00, 0x0F, 0xD3, 0xF0, 0x00, 0x3F, 0x8F, 0xC0, 0x00, 0xFE,
    0x3F, 0x00, 0x03, 0xF8, 0xFC, 0x00, 0x0F, 0xE3, 0xF8, 0x00, 0xFF, 0x8B, 0xFF, 0xFF, 0xFE, 0x1F,
    0xFF, 0xFF, 0xF8, 0x3F, 0xFF, 0xFF, 0xF0, 0xBF, 0xFF, 0xDF, 0xC0, 0x7F, 0xF8, 0x7F, 0x00, 0x00,
    0x00, 0x00, 0x00, 0x00, 0x2D, 0x00, 0x00, 0x00, 0x3C, 0x00, 0x00, 0x00, 0xB8, 0x00, 0x00, 0x00,
    0xF4, 0x00, 0x00, 0x02, 0xF0, 0x00, 0x00, 0x02, 0xA0, 0x00, 0x00, 0x00, 0x00, 0x00, 0x00, 0x00,
    0x00, 0x00, 0x00, 0x00, 0x00, 0x00, 0x00, 0x00, 0x00, 0x00, 0x00, 0x00, 0x00, 0x00, 0x00, 0x00,
    0x00, 0x00, 0x00, 0x00, 0x00, 0x00, 0x00, 0x00, 0x00, 0x00, 0x00, 0x00, 0x00, 0x00, 0x7E, 0x00,
    0x00, 0x3F, 0x3F, 0x00, 0x00, 0x7E, 0x1F, 0x80, 0x00, 0xBD, 0x0F, 0xD0, 0x00, 0xFC, 0x07, 0xF0,
    0x00, 0xFC, 0x03, 0xF4, 0x02, 0xF8, 0x01, 0xFC, 0x03, 0xF4, 0x00, 0xFE, 0x03, 0xF0, 0x00, 0x7F,
    0x47, 0xF0, 0x00, 0x3F, 0xCF, 0xE0, 0x00, 0x1F, 0xEF, 0xE0, 0x00, 0x0F, 0xFF, 0xD0, 0x00, 0x07,
    0xFF, 0xC0, 0x00, 0x03, 0xFF, 0xC0, 0x00, 0x01, 0xFF, 0x80, 0x00, 0x00, 0xFF, 0x40, 0x00, 0x00,
    0xFF, 0x00, 0x00, 0x01, 0xFF, 0x00, 0x00, 0x07, 0xFD, 0x00, 0x00, 0x6F, 0xFC, 0x00, 0x2F, 0xFF,
    0xF0, 0x00, 0x2F, 0xFF, 0xC0, 0x00, 0x2F, 0xFE, 0x00, 0x00, 0x2F, 0x90, 0x00, 0x00, 0x00, 0x00,
    0x00, 0x2F, 0x00, 0x00, 0x0B, 0xC0, 0x00, 0x02, 0xF0, 0x00, 0x00, 0xBC, 0x00, 0x00, 0x2F, 0x00,
    0x00, 0x0B, 0xFE, 0x40, 0x02, 0xFF, 0xFD, 0x00, 0xBC, 0x2F, 0xE0, 0x2F, 0x00, 0xBE, 0x0B, 0xC0,
    0x0B, 0xD1, 0xF0, 0x00, 0xB8, 0x7C, 0x00, 0x0F, 0x1F, 0x00, 0x03, 0xC7, 0xC0, 0x01, 0xF1, 0xF0,
    0x00, 0xB8, 0x7C, 0x00, 0x7D, 0x1F, 0x00, 0x3F, 0x07, 0xC0, 0x3F, 0x41, 0xF4, 0xBF, 0x80, 0x7F,
    0xFF, 0x40, 0x1F, 0xFE, 0x00, 0x07, 0xE0, 0x00, 0x01, 0xF4, 0x00, 0x00, 0x7D, 0x00, 0x00, 0x1F,
    0x40, 0x00, 0x03, 0xD0, 0x00, 0x00, 0xF4, 0x00, 0x00, 0x3D, 0x00, 0x00, 0x00, 0x00, 0x00, 0x00,
    0x02, 0xF4, 0x02, 0xF4, 0x03, 0xF8, 0x03, 0xF4, 0x03, 0xF8, 0x07, 0xF8, 0x07, 0xFC, 0x0B, 0xFC,
    0x0B, 0xFC, 0x0B, 0xFC, 0x00, 0x00, 0x00, 0x00, 0x00, 0x00, 0x00, 0x00, 0x00, 0x00, 0x00, 0x00,
    0x00, 0x00, 0x00, 0x00, 0x00, 0x00, 0x00, 0x00, 0x00, 0x00, 0x00, 0x00, 0x7E, 0x00, 0x00, 0x3F,
    0x3F, 0x00, 0x00, 0x7E, 0x1F, 0x80, 0x00, 0xBD, 0x0F, 0xD0, 0x00, 0xFC, 0x07, 0xF0, 0x00, 0xFC,
    0x03, 0xF4, 0x02, 0xF8, 0x01, 0xFC, 0x03, 0xF4, 0x00, 0xFE, 0x03, 0xF0, 0x00, 0x7F, 0x47, 0xF0,
    0x00, 0x3F, 0xCF, 0xE0, 0x00, 0x1F, 0xEF, 0xE0, 0x00, 0x0F, 0xFF, 0xD0, 0x00, 0x07, 0xFF, 0xC0,
    0x00, 0x03, 0xFF, 0xC0, 0x00, 0x01, 0xFF, 0x80, 0x00, 0x00, 0xFF, 0x40, 0x00, 0x00, 0xFF, 0x00,
    0x00, 0x01, 0xFF, 0x00, 0x00, 0x07, 0xFD, 0x00, 0x00, 0x6F, 0xFC, 0x00, 0x2F, 0xFF, 0xF0, 0x00,
    0x2F, 0xFF, 0xC0, 0x00, 0x2F, 0xFE, 0x00, 0x00, 0x2F, 0x90, 0x00, 0x00, 0x00, 0x00, 0x00, 0x05,
    0x40, 0x00, 0x00, 0x3F, 0xFF, 0xFF, 0x80, 0x00, 0x02, 0xFF, 0xFF, 0xFE, 0x00, 0x00, 0x00, 0x00,
    0x00, 0x00, 0x00, 0x00, 0x00, 0x00, 0x00, 0x00, 0x00, 0x00, 0x00, 0x00, 0x00, 0x00, 0x00, 0x00,
    0x00, 0x00, 0x00, 0x00, 0x00, 0x00, 0x03, 0xF4, 0x00, 0x00, 0x00, 0x00, 0x2F, 0xE0, 0x00, 0x00,
    0x00, 0x00, 0xFF, 0xC0, 0x00, 0x00, 0x00, 0x07, 0xFF, 0x40, 0x00, 0x00, 0x00, 0x2F, 0xBF, 0x00,
    0x00, 0x00, 0x00, 0xFC, 0xFC, 0x00, 0x00, 0x00, 0x07, 0xE2, 0xF8, 0x00, 0x00, 0x00, 0x3F, 0x47,
    0xF0, 0x00, 0x00, 0x00, 0xFC, 0x0F, 0xD0, 0x00, 0x00, 0x0B, 0xE0, 0x2F, 0x80, 0x00, 0x00, 0x3F,
    0x40, 0x7F, 0x00, 0x00, 0x01, 0xFC, 0x00, 0xFD, 0x00, 0x00, 0x0B, 0xE0, 0x02, 0xFC, 0x00, 0x00,
    0x3F, 0x40, 0x07, 0xF0, 0x00, 0x01, 0xFC, 0x00, 0x0F, 0xE0, 0x00, 0x0F, 0xE0, 0x00, 0x2F, 0xC0,
    0x00, 0x3F, 0x40, 0x00, 0x3F, 0x40, 0x02, 0xFF, 0xFF, 0xFF, 0xFF, 0x00, 0x0F, 0xFF, 0xFF, 0xFF,
    0xFC, 0x00, 0x7F, 0xFF, 0xFF, 0xFF, 0xF8, 0x03, 0xFF, 0xFF, 0xFF, 0xFF, 0xF0, 0x0F, 0xF0, 0x00,
    0x00, 0x3F, 0xD0, 0xBF, 0x80, 0x00, 0x00, 0xBF, 0x83, 0xFD, 0x00, 0x00, 0x01, 0xFF, 0x1F, 0xF0,
    0x00, 0x00, 0x03, 0xFD, 0x00, 0x00, 0x00, 0x10, 0x00, 0xAF, 0xFF, 0xFE, 0x00, 0xBF, 0xFF, 0xFF,
    0xC0, 0x15, 0x40, 0x00, 0x00, 0x00, 0x00, 0x00, 0x00, 0x00, 0x00, 0x00, 0x00, 0x00, 0x00, 0xBF,
    0x87, 0xC0, 0x01, 0xFF, 0xFE, 0xF0, 0x01, 0xFE, 0xAF, 0xFC, 0x00, 0xFC, 0x00, 0xBF, 0x00, 0xBC,
    0x00, 0x0F, 0xC0, 0x3E, 0x00, 0x02, 0xF4, 0x0F, 0x00, 0x00, 0xBD, 0x07, 0xC0, 0x00, 0x1F, 0x81,
    0xF0, 0x00, 0x0B, 0xE0, 0xBC, 0x00, 0x03, 0xFC, 0x1F, 0x40, 0x02, 0xFF, 0x03, 0xFE, 0x5B, 0xFF,
    0xC0, 0xFF, 0xFF, 0xFF, 0xF0, 0x1F, 0xFF, 0xFF, 0xFC, 0x01, 0xFF, 0xFF, 0x5F, 0x40, 0x0B, 0xFE,
    0x07, 0xD0, 0x00, 0x0A, 0x00, 0x01, 0x80, 0x00, 0x00, 0x3C, 0x00, 0x0F, 0x00, 0x00, 0x00, 0xB8,
    0x00, 0x7C, 0x00, 0x00, 0x00, 0xFF, 0xFF, 0xC0, 0x00, 0x00, 0x01, 0xFF, 0xFD, 0x00, 0x00, 0x00,
    0x00, 0xBF, 0x80, 0x00, 0x00, 0x00, 0x00, 0x00, 0x00, 0x00, 0x00, 0x00, 0x00, 0x00, 0x00, 0x00,
    0x00, 0x00, 0x00, 0x00, 0x00, 0x00, 0x00, 0x00, 0x00, 0x00, 0x00, 0x00, 0x00, 0x00, 0x00, 0x00,
    0x00, 0x00, 0x00, 0x03, 0xF4, 0x00, 0x00, 0x00, 0x00, 0x2F, 0xE0, 0x00, 0x00, 0x00, 0x00, 0xFF,
    0xC0, 0x00, 0x00, 0x00, 0x07, 0xFF, 0x40, 0x00, 0x00, 0x00, 0x2F, 0xBF, 0x00, 0x00, 0x00, 0x00,
    0xFC, 0xFC, 0x00, 0x00, 0x00, 0x07, 0xE2, 0xF8, 0x00, 0x00, 0x00, 0x3F, 0x47, 0xF0, 0x00, 0x00,
    0x00, 0xFC, 0x0F, 0xD0, 0x00, 0x00, 0x0B, 0xE0, 0x2F, 0x80, 0x00, 0x00, 0x3F, 0x40, 0x7F, 0x00,
    0x00, 0x01, 0xFC, 0x00, 0xFD, 0x00, 0x00, 0x0B, 0xE0, 0x02, 0xFC, 0x00, 0x00, 0x3F, 0x40, 0x07,
    0xF0, 0x00, 0x01, 0xFC, 0x00, 0x0F, 0xE0, 0x00, 0x0F, 0xE0, 0x00, 0x2F, 0xC0, 0x00, 0x3F, 0x40,
    0x00, 0x3F, 0x40, 0x02, 0xFF, 0xFF, 0xFF, 0xFF, 0x00, 0x0F, 0xFF, 0xFF, 0xFF, 0xFC, 0x00, 0x7F,
    0xFF, 0xFF, 0xFF, 0xF8, 0x03, 0xFF, 0xFF, 0xFF, 0xFF, 0xF0, 0x0F, 0xF0, 0x00, 0x00, 0x3F, 0xD0,
    0xBF, 0x80, 0x00, 0x00, 0xBF, 0x83, 0xFD, 0x00, 0x00, 0x01, 0xFF, 0x1F, 0xF0, 0x00, 0x00, 0x03,
    0xFD, 0x03, 0xC0, 0x00, 0xB0, 0x00, 0xF0, 0x00, 0x3C, 0x00, 0x2F, 0x00, 0x2E, 0x00, 0x03, 0xFF,
    0xFF, 0x00, 0x00, 0x7F, 0xFF, 0x00, 0x00, 0x01, 0xA9, 0x00, 0x00, 0x00, 0x00, 0x00, 0x00, 0x00,
    0x00, 0x00, 0x00, 0x00, 0x00, 0x00, 0x00, 0x00, 0x02, 0xFE, 0x1F, 0x00, 0x07, 0xFF, 0xFB, 0xC0,
    0x07, 0xFA, 0xBF, 0xF0, 0x03, 0xF0, 0x02, 0xFC, 0x02, 0xF0, 0x00, 0x3F, 0x00, 0xF8, 0x00, 0x0B,
    0xD0, 0x3C, 0x00, 0x02, 0xF4, 0x1F, 0x00, 0x00, 0x7E, 0x07, 0xC0, 0x00, 0x2F, 0x82, 0xF0, 0x00,
    0x0F, 0xF0, 0x7D, 0x00, 0x0B, 0xFC, 0x0F, 0xF9, 0x6F, 0xFF, 0x03, 0xFF, 0xFF, 0xFF, 0xC0, 0x7F,
    0xFF, 0xFF, 0xF0, 0x07, 0xFF, 0xFD, 0x7D, 0x00, 0x2F, 0xF8, 0x1F, 0x40, 0x00, 0x00, 0x0F, 0xD0,
    0x00, 0x00, 0x00, 0x00, 0xBF, 0x80, 0x00, 0x00, 0x00, 0x03, 0xFF, 0x00, 0x00, 0x00, 0x00, 0x1F,
    0xFD, 0x00, 0x00, 0x00, 0x00, 0xBE, 0xFC, 0x00, 0x00, 0x00, 0x03, 0xF3, 0xF0, 0x00, 0x00, 0x00,
    0x1F, 0x8B, 0xE0, 0x00, 0x00, 0x00, 0xFD, 0x1F, 0xC0, 0x00, 0x00, 0x03, 0xF0, 0x3F, 0x40, 0x00,
    0x00, 0x2F, 0x80, 0xBE, 0x00, 0x00, 0x00, 0xFD, 0x01, 0xFC, 0x00, 0x00, 0x07, 0xF0, 0x03, 0xF4,
    0x00, 0x00, 0x2F, 0x80, 0x0B, 0xF0, 0x00, 0x00, 0xFD, 0x00, 0x1F, 0xC0, 0x00, 0x07, 0xF0, 0x00,
    0x3F, 0x80, 0x00, 0x3F, 0x80, 0x00, 0xBF, 0x00, 0x00, 0xFD, 0x00, 0x00, 0xFD, 0x00, 0x0B, 0xFF,
    0xFF, 0xFF, 0xFC, 0x00, 0x3F, 0xFF, 0xFF, 0xFF, 0xF0, 0x01, 0xFF, 0xFF, 0xFF, 0xFF, 0xE0, 0x0F,
    0xFF, 0xFF, 0xFF, 0xFF, 0xC0, 0x3F, 0xC0, 0x00, 0x00, 0xFF, 0x42, 0xFE, 0x00, 0x00, 0x02, 0xFE,
    0x0F, 0xF4, 0x00, 0x00, 0x07, 0xFC, 0x7F, 0xC0, 0x00, 0x00, 0x0F, 0xF4, 0x00, 0x00, 0x00, 0x00,
    0x78, 0x00, 0x00, 0x00, 0x00, 0x07, 0x80, 0x00, 0x00, 0x00, 0x00, 0x38, 0x00, 0x00, 0x00, 0x00,
    0x00, 0xE0, 0x00, 0x00, 0x00, 0x00, 0x03, 0xFF, 0x00, 0x00, 0x00, 0x00, 0x01, 0xFC, 0x00, 0x00,
    0x00, 0x00, 0x00, 0x00, 0x00, 0x00, 0x00, 0x00, 0x00, 0x02, 0xFE, 0x1F, 0x00, 0x07, 0xFF, 0xFB,
    0xC0, 0x07, 0xFA, 0xBF, 0xF0, 0x03, 0xF0, 0x02, 0xFC, 0x02, 0xF0, 0x00, 0x3F, 0x00, 0xF8, 0x00,
    0x0B, 0xD0, 0x3C, 0x00, 0x02, 0xF4, 0x1F, 0x00, 0x00, 0x7E, 0x07, 0xC0, 0x00, 0x2F, 0x82, 0xF0,
    0x00, 0x0F, 0xF0, 0x7D, 0x00, 0x0B, 0xFC, 0x0F, 0xF9, 0x6F, 0xFF, 0x03, 0xFF, 0xFF, 0xFF, 0xC0,
    0x7F, 0xFF, 0xFF, 0xF0, 0x07, 0xFF, 0xFD, 0x7D, 0x00, 0x2F, 0xF8, 0x3F, 0x40, 0x00, 0x00, 0x3C,
    0x00, 0x00, 0x00, 0x1C, 0x00, 0x00, 0x00, 0x0B, 0x40, 0x00, 0x00, 0x01, 0xFF, 0x40, 0x00, 0x00,
    0x0B, 0xE0, 0x00, 0x00, 0x00, 0xF0, 0x00, 0x00, 0x00, 0x02, 0xE0, 0x00, 0x00, 0x00, 0x03, 0xD0,
    0x00, 0x00, 0x00, 0x0B, 0xC0, 0x00, 0x00, 0x00, 0x0F, 0x80, 0x00, 0x00, 0x00, 0x1A, 0x40, 0x00,
    0x00, 0x00, 0x00, 0x00, 0x00, 0x00, 0x00, 0x00, 0x00, 0x00, 0x00, 0x00, 0x00, 0x00, 0x00, 0x00,
    0x00, 0x00, 0x00, 0x00, 0x00, 0x00, 0x00, 0x00, 0x00, 0x00, 0x00, 0x00, 0x00, 0x00, 0x00, 0x00,
    0x00, 0x00, 0x00, 0x00, 0x00, 0x01, 0xBF, 0xF9, 0x00, 0x00, 0x6F, 0xFF, 0xFE, 0x00, 0x02, 0xFF,
    0xFF, 0xFD, 0x00, 0x0F, 0xFF, 0x55, 0x68, 0x00, 0x3F, 0xF4, 0x00, 0x00, 0x00, 0xFF, 0xC0, 0x00,
    0x00, 0x01, 0xFF, 0x00, 0x00, 0x00, 0x03, 0xFC, 0x00, 0x00, 0x00, 0x07, 0xF8, 0x00, 0x00, 0x00,
    0x0B, 0xF0, 0x00, 0x00, 0x00, 0x0F, 0xF0, 0x00, 0x00, 0x00, 0x0F, 0xE0, 0x00, 0x00, 0x00, 0x1F,
    0xE0, 0x00, 0x00, 0x00, 0x1F, 0xE0, 0x00, 0x00, 0x00, 0x1F, 0xF0, 0x00, 0x00, 0x00, 0x1F, 0xF4,
    0x00, 0x00, 0x00, 0x1F, 0xFC, 0x00, 0x00, 0x00, 0x0F, 0xFF, 0x80, 0x00, 0x05, 0x0F, 0xFF, 0xFA,
    0x56, 0xBE, 0x0B, 0xFF, 0xFF, 0xFF, 0xFE, 0x03, 0xFF, 0xFF, 0xFF, 0xFE, 0x01, 0xFF, 0xFF, 0xFF,
    0xFE, 0x00, 0xBF, 0xFF, 0xFF, 0xFE, 0x00, 0x2F, 0xFF, 0xFF, 0xFE, 0x00, 0x02, 0xFF, 0xFF, 0xA4,
    0x00, 0x00, 0x00, 0x00, 0x00, 0x00, 0x00, 0xA0, 0x00, 0x00, 0x1F, 0x00, 0x00, 0x03, 0xD0, 0x00,
    0x00, 0x7C, 0x00, 0x00, 0x0F, 0xC0, 0x00, 0x01, 0xF4, 0x00, 0x00, 0x00, 0x00, 0x00, 0x00, 0x00,
    0x00, 0x00, 0x00, 0x00, 0x00, 0x00, 0x00, 0x00, 0x00, 0x00, 0x00, 0x00, 0x07, 0xFF, 0xC0, 0x03,
    0xFF, 0xFC, 0x00, 0xFF, 0xA6, 0x80, 0x2F, 0xC0, 0x00, 0x03, 0xF4, 0x00, 0x00, 0x7F, 0x00, 0x00,
    0x07, 0xE0, 0x00, 0x00, 0xBD, 0x00, 0x00, 0x0B, 0xD0, 0x00, 0x00, 0x7E, 0x00, 0x00, 0x07, 0xF4,
    0x00, 0x00, 0x3F, 0xD0, 0x00, 0x02, 0xFF, 0x95, 0x80, 0x0F, 0xFF, 0xFF, 0x00, 0x3F, 0xFF, 0xF8,
    0x00, 0x2F, 0xFE, 0x40, 0x00, 0x00, 0x00, 0x00, 0x00, 0x05, 0x00, 0x00, 0x00, 0x00, 0x1F, 0x40,
    0x00, 0x00, 0x00, 0x3F, 0xC0, 0x00, 0x00, 0x00, 0xFB, 0xF0, 0x00, 0x00, 0x03, 0xD0, 0x7C, 0x00,
    0x00, 0x0E, 0x00, 0x0F, 0x00, 0x00, 0x00, 0x00, 0x00, 0x00, 0x00, 0x00, 0x00, 0x00, 0x00, 0x00,
    0x00, 0x00, 0x00, 0x00, 0x00, 0x00, 0x00, 0x00, 0x00, 0x00, 0x00, 0x00, 0x00, 0x00, 0x00, 0x00,
    0x01, 0xBF, 0xF9, 0x00, 0x00, 0x6F, 0xFF, 0xFE, 0x00, 0x02, 0xFF, 0xFF, 0xFD, 0x00, 0x0F, 0xFF,
    0x55, 0x68, 0x00, 0x3F, 0xF4, 0x00, 0x00, 0x00, 0xFF, 0xC0, 0x00, 0x00, 0x01, 0xFF, 0x00, 0x00,
    0x00, 0x03, 0xFC, 0x00, 0x00, 0x00, 0x07, 0xF8, 0x00, 0x00, 0x00, 0x0B, 0xF0, 0x00, 0x00, 0x00,
    0x0F, 0xF0, 0x00, 0x00, 0x00, 0x0F, 0xE0, 0x00, 0x00, 0x00, 0x1F, 0xE0, 0x00, 0x00, 0x00, 0x1F,
    0xE0, 0x00, 0x00, 0x00, 0x1F, 0xF0, 0x00, 0x00, 0x00, 0x1F, 0xF4, 0x00, 0x00, 0x00, 0x1F, 0xFC,
    0x00, 0x00, 0x00, 0x0F, 0xFF, 0x80, 0x00, 0x05, 0x0F, 0xFF, 0xFA, 0x56, 0xBE, 0x0B, 0xFF, 0xFF,
    0xFF, 0xFE, 0x03, 0xFF, 0xFF, 0xFF, 0xFE, 0x01, 0xFF, 0xFF, 0xFF, 0xFE, 0x00, 0xBF, 0xFF, 0xFF,
    0xFE, 0x00, 0x2F, 0xFF, 0xFF, 0xFE, 0x00, 0x02, 0xFF, 0xFF, 0xA4, 0x00, 0x00, 0x00, 0x00, 0x00,
    0x00, 0x0F, 0x00, 0x00, 0x02, 0xF8, 0x00, 0x00, 0x7F, 0xD0, 0x00, 0x1F, 0x5F, 0x40, 0x07, 0x80,
    0x2D, 0x01, 0xD0, 0x00, 0x74, 0x00, 0x00, 0x00, 0x00, 0x00, 0x00, 0x00, 0x00, 0x7F, 0xFC, 0x00,
    0x3F, 0xFF, 0xC0, 0x0F, 0xFA, 0x68, 0x02, 0xFC, 0x00, 0x00, 0x3F, 0x40, 0x00, 0x07, 0xF0, 0x00,
    0x00, 0x7E, 0x00, 0x00, 0x0B, 0xD0, 0x00, 0x00, 0xBD, 0x00, 0x00, 0x07, 0xE0, 0x00, 0x00, 0x7F,
    0x40, 0x00, 0x03, 0xFD, 0x00, 0x00, 0x2F, 0xF9, 0x58, 0x00, 0xFF, 0xFF, 0xF0, 0x03, 0xFF, 0xFF,
    0x80, 0x02, 0xFF, 0xE4, 0x00, 0x00, 0x00, 0x00, 0x00, 0x00, 0x1F, 0xC0, 0x00, 0x00, 0x00, 0x2F,
    0xC0, 0x00, 0x00, 0x00, 0x3F, 0xC0, 0x00, 0x00, 0x00, 0x3F, 0xD0, 0x00, 0x00, 0x00, 0x3F, 0xD0,
    0x00, 0x00, 0x00, 0x00, 0x00, 0x00, 0x00, 0x00, 0x00, 0x00, 0x00, 0x00, 0x00, 0x00, 0x00, 0x00,
    0x00, 0x00, 0x00, 0x00, 0x00, 0x00, 0x00, 0x00, 0x00, 0x00, 0x00, 0x00, 0x00, 0x00, 0x00, 0x00,
    0x00, 0x01, 0xBF, 0xF9, 0x00, 0x00, 0x6F, 0xFF, 0xFE, 0x00, 0x02, 0xFF, 0xFF, 0xFD, 0x00, 0x0F,
    0xFF, 0x55, 0x68, 0x00, 0x3F, 0xF4, 0x00, 0x00, 0x00, 0xFF, 0xC0, 0x00, 0x00, 0x01, 0xFF, 0x00,
    0x00, 0x00, 0x03, 0xFC, 0x00, 0x00, 0x00, 0x07, 0xF8, 0x00, 0x00, 0x00, 0x0B, 0xF0, 0x00, 0x00,
    0x00, 0x0F, 0xF0, 0x00, 0x00, 0x00, 0x0F, 0xE0, 0x00, 0x00, 0x00, 0x1F, 0xE0, 0x00, 0x00, 0x00,
    0x1F, 0xE0, 0x00, 0x00, 0x00, 0x1F, 0xF0, 0x00, 0x00, 0x00, 0x1F, 0xF4, 0x00, 0x00, 0x00, 0x1F,
    0xFC, 0x00, 0x00, 0x00, 0x0F, 0xFF, 0x80, 0x00, 0x05, 0x0F, 0xFF, 0xFA, 0x56, 0xBE, 0x0B, 0xFF,
    0xFF, 0xFF, 0xFE, 0x03, 0xFF, 0xFF, 0xFF, 0xFE, 0x01, 0xFF, 0xFF, 0xFF, 0xFE, 0x00, 0xBF, 0xFF,
    0xFF, 0xFE, 0x00, 0x2F, 0xFF, 0xFF, 0xFE, 0x00, 0x02, 0xFF, 0xFF, 0xA4, 0x00, 0x00, 0x00, 0x00,
    0x00, 0x00, 0x0F, 0x80, 0x00, 0x02, 0xFC, 0x00, 0x00, 0x2F, 0xC0, 0x00, 0x03, 0xFD, 0x00, 0x00,
    0x3F, 0xD0, 0x00, 0x00, 0x00, 0x00, 0x00, 0x00, 0x00, 0x00, 0x00, 0x00, 0x00, 0x00, 0x00, 0x00,
    0x00, 0x07, 0xFF, 0xC0, 0x03, 0xFF, 0xFC, 0x00, 0xFF, 0xA6, 0x80, 0x2F, 0xC0, 0x00, 0x03, 0xF4,
    0x00, 0x00, 0x7F, 0x00, 0x00, 0x07, 0xE0, 0x00, 0x00, 0xBD, 0x00, 0x00, 0x0B, 0xD0, 0x00, 0x00,
    0x7E, 0x00, 0x00, 0x07, 0xF4, 0x00, 0x00, 0x3F, 0xD0, 0x00, 0x02, 0xFF, 0x95, 0x80, 0x0F, 0xFF,
    0xFF, 0x00, 0x3F, 0xFF, 0xF8, 0x00, 0x2F, 0xFE, 0x40, 0x00, 0x00, 0x00, 0x00, 0x08, 0x00, 0x01,
    0x40, 0x00, 0x0B, 0x40, 0x1F, 0x00, 0x00, 0x02, 0xE0, 0xBC, 0x00, 0x00, 0x00, 0xBF, 0xF0, 0x00,
    0x00, 0x00, 0x2F, 0xC0, 0x00, 0x00, 0x00, 0x0F, 0x40, 0x00, 0x00, 0x00, 0x00, 0x00, 0x00, 0x00,
    0x00, 0x00, 0x00, 0x00, 0x00, 0x00, 0x00, 0x00, 0x00, 0x00, 0x00, 0x00, 0x00, 0x00, 0x00, 0x00,
    0x00, 0x00, 0x00, 0x00, 0x00, 0x00, 0x00, 0x00, 0x00, 0x00, 0x00, 0x00, 0x00, 0x00, 0x00, 0x01,
    0xBF, 0xF9, 0x00, 0x00, 0x6F, 0xFF, 0xFE, 0x00, 0x02, 0xFF, 0xFF, 0xFD, 0x00, 0x0F, 0xFF, 0x55,
    0x68, 0x00, 0x3F, 0xF4, 0x00, 0x00, 0x00, 0xFF, 0xC0, 0x00, 0x00, 0x01, 0xFF, 0x00, 0x00, 0x00,
    0x03, 0xFC, 0x00, 0x00, 0x00, 0x07, 0xF8, 0x00, 0x00, 0x00, 0x0B, 0xF0, 0x00, 0x00, 0x00, 0x0F,
    0xF0, 0x00, 0x00, 0x00, 0x0F, 0xE0, 0x00, 0x00, 0x00, 0x1F, 0xE0, 0x00, 0x00, 0x00, 0x1F, 0xE0,
    0x00, 0x00, 0x00, 0x1F, 0xF0, 0x00, 0x00, 0x00, 0x1F, 0xF4, 0x00, 0x00, 0x00, 0x1F, 0xFC, 0x00,
    0x00, 0x00, 0x0F, 0xFF, 0x80, 0x00, 0x05, 0x0F, 0xFF, 0xFA, 0x56, 0xBE, 0x0B, 0xFF, 0xFF, 0xFF,
    0xFE, 0x03, 0xFF, 0xFF, 0xFF, 0xFE, 0x01, 0xFF, 0xFF, 0xFF, 0xFE, 0x00, 0xBF, 0xFF, 0xFF, 0xFE,
    0x00, 0x2F, 0xFF, 0xFF, 0xFE, 0x00, 0x02, 0xFF, 0xFF, 0xA4, 0x00, 0x00, 0x00, 0x00, 0x00, 0x0E,
    0x00, 0x07, 0x40, 0x3C, 0x02, 0xD0, 0x00, 0xF5, 0xF4, 0x00, 0x03, 0xFD, 0x00, 0x00, 0x1F, 0x80,
    0x00, 0x00, 0xA0, 0x00, 0x00, 0x00, 0x00, 0x00, 0x00, 0x00, 0x00, 0x00, 0x00, 0x00, 0x00, 0x00,
    0x00, 0x00, 0x00, 0x7F, 0xFC, 0x00, 0x3F, 0xFF, 0xC0, 0x0F, 0xFA, 0x68, 0x02, 0xFC, 0x00, 0x00,
    0x3F, 0x40, 0x00, 0x07, 0xF0, 0x00, 0x00, 0x7E, 0x00, 0x00, 0x0B, 0xD0, 0x00, 0x00, 0xBD, 0x00,
    0x00, 0x07, 0xE0, 0x00, 0x00, 0x7F, 0x40, 0x00, 0x03, 0xFD, 0x00, 0x00, 0x2F, 0xF9, 0x58, 0x00,
    0xFF, 0xFF, 0xF0, 0x03, 0xFF, 0xFF, 0x80, 0x02, 0xFF, 0xE4, 0x00, 0x00, 0x00, 0x00, 0x00, 0x00,
    0x00, 0x00, 0x00, 0x00, 0x02, 0xD0, 0x01, 0xE0, 0x00, 0x00, 0x02, 0xE0, 0x2E, 0x00, 0x00, 0x00,
    0x02, 0xF7, 0xE0, 0x00, 0x00, 0x00, 0x02, 0xFE, 0x00, 0x00, 0x00, 0x00, 0x03, 0xF0, 0x00, 0x00,
    0x00, 0x00, 0x02, 0x00, 0x00, 0x00, 0x00, 0x00, 0x00, 0x00, 0x00, 0x00, 0x00, 0x00, 0x00, 0x00,
    0x00, 0x00, 0x00, 0x00, 0x00, 0x00, 0x00, 0x00, 0x00, 0x00, 0x00, 0x00, 0x00, 0x1F, 0xFF, 0xFA,
    0x40, 0x00, 0x00, 0x7F, 0xFF, 0xFF, 0xE0, 0x00, 0x01, 0xFF, 0xFF, 0xFF, 0xF8, 0x00, 0x07, 0xFF,
    0xFF, 0xFF, 0xF8, 0x00, 0x1F, 0xC0, 0x01, 0xBF, 0xF8, 0x00, 0x7F, 0x00, 0x00, 0x2F, 0xF4, 0x01,
    0xFC, 0x00, 0x00, 0x2F, 0xF0, 0x07, 0xF0, 0x00, 0x00, 0x2F, 0xE0, 0x1F, 0xC0, 0x00, 0x00, 0x3F,
    0xC0, 0x7F, 0x00, 0x00, 0x00, 0xFF, 0x41, 0xFC, 0x00, 0x00, 0x02, 0xFE, 0x07, 0xF0, 0x00, 0x00,
    0x07, 0xFC, 0x1F, 0xC0, 0x00, 0x00, 0x0F, 0xF0, 0x7F, 0x00, 0x00, 0x00, 0x3F, 0xC1, 0xFC, 0x00,
    0x00, 0x00, 0xFF, 0x07, 0xF0, 0x00, 0x00, 0x07, 0xFC, 0x1F, 0xC0, 0x00, 0x00, 0x3F, 0xF0, 0x7F,
    0x00, 0x00, 0x07, 0xFF, 0xC1, 0xFD, 0x55, 0x56, 0xFF, 0xFE, 0x07, 0xFF, 0xFF, 0xFF, 0xFF, 0xF0,
    0x1F, 0xFF, 0xFF, 0xFF, 0xFF, 0x80, 0x7F, 0xFF, 0xFF, 0xFF, 0xF8, 0x01, 0xFF, 0xFF, 0xFF, 0xFF,
    0x80, 0x07, 0xFF, 0xFF, 0xFF, 0xE0, 0x00, 0x1F, 0xFF, 0xFF, 0xA4, 0x00, 0x00, 0x00, 0x00, 0x00,
    0x2F, 0x00, 0x00, 0x00, 0x00, 0x02, 0xF0, 0x00, 0x00, 0x00, 0x00, 0x2F, 0x02, 0xF0, 0x00, 0x00,
    0x02, 0xF0, 0x2E, 0x00, 0x00, 0x00, 0x2F, 0x03, 0xE0, 0x00, 0x00, 0x03, 0xF0, 0x3E, 0x00, 0x00,
    0x00, 0x3F, 0x03, 0xE0, 0x00, 0x00, 0x03, 0xF0, 0x3E, 0x00, 0x1F, 0xF4, 0x3F, 0x00, 0x00, 0x0F,
    0xFF, 0xE3, 0xF0, 0x00, 0x03, 0xFF, 0xFF, 0xBE, 0x00, 0x00, 0xBE, 0x41, 0xFF, 0xE0, 0x00, 0x0F,
    0x80, 0x03, 0xFE, 0x00, 0x03, 0xF0, 0x00, 0x2F, 0xE0, 0x00, 0x3E, 0x00, 0x01, 0xFE, 0x00, 0x07,
    0xD0, 0x00, 0x1F, 0xE0, 0x00, 0x7D, 0x00, 0x00, 0xFD, 0x00, 0x07, 0xD0, 0x00, 0x1F, 0xD0, 0x00,
    0x7F, 0x00, 0x02, 0xFD, 0x00, 0x07, 0xF8, 0x00, 0xBF, 0xD0, 0x00, 0x3F, 0xFF, 0xFF, 0xFE, 0x00,
    0x01, 0xFF, 0xFF, 0xFF, 0xE0, 0x00, 0x0B, 0xFF, 0xFF, 0xFE, 0x00, 0x00, 0x2F, 0xFF, 0xF3, 0xE0,
    0x00, 0x00, 0x2F, 0xF8, 0x3E, 0x00, 0x00, 0x00, 0x00, 0x00, 0x00, 0x00, 0x00, 0x7F, 0xFF, 0xE9,
    0x00, 0x00, 0x00, 0x01, 0xFF, 0xFF, 0xFF, 0x80, 0x00, 0x00, 0x07, 0xFF, 0xFF, 0xFF, 0xE0, 0x00,
    0x00, 0x1F, 0xFF, 0xFF, 0xFF, 0xE0, 0x00, 0x00, 0x7F, 0x00, 0x06, 0xFF, 0xE0, 0x00, 0x01, 0xFC,
    0x00, 0x00, 0xBF, 0xD0, 0x00, 0x07, 0xF0, 0x00, 0x00, 0x7F, 0xC0, 0x00, 0x1F, 0xC0, 0x00, 0x00,
    0xBF, 0x80, 0x00, 0x7F, 0x00, 0x00, 0x00, 0xFF, 0x00, 0x01, 0xFC, 0x00, 0x00, 0x03, 0xFD, 0x00,
    0x07, 0xF0, 0x00, 0x00, 0x0B, 0xF8, 0x2F, 0xFF, 0xFF, 0xF4, 0x00, 0x1F, 0xF0, 0xBF, 0xFF, 0xFF,
    0xD0, 0x00, 0x3F, 0xC2, 0xFF, 0xFF, 0xFF, 0x40, 0x00, 0xFF, 0x00, 0x07, 0xF0, 0x00, 0x00, 0x03,
    0xFC, 0x00, 0x1F, 0xC0, 0x00, 0x00, 0x1F, 0xF0, 0x00, 0x7F, 0x00, 0x00, 0x00, 0xFF, 0xC0, 0x01,
    0xFC, 0x00, 0x00, 0x1F, 0xFF, 0x00, 0x07, 0xF5, 0x55, 0x6B, 0xFF, 0xF8, 0x00, 0x1F, 0xFF, 0xFF,
    0xFF, 0xFF, 0xC0, 0x00, 0x7F, 0xFF, 0xFF, 0xFF, 0xFE, 0x00, 0x01, 0xFF, 0xFF, 0xFF, 0xFF, 0xE0,
    0x00, 0x07, 0xFF, 0xFF, 0xFF, 0xFE, 0x00, 0x00, 0x1F, 0xFF, 0xFF, 0xFF, 0x80, 0x00, 0x00, 0x7F,
    0xFF, 0xFE, 0x90, 0x00, 0x00, 0x00, 0x00, 0x00, 0x2F, 0x00, 0x00, 0x00, 0x00, 0x0B, 0xC0, 0x00,
    0x00, 0x00, 0x02, 0xF0, 0x00, 0x00, 0x00, 0x00, 0xBC, 0x00, 0x00, 0x00, 0xFF, 0xFF, 0xFF, 0xC0,
    0x00, 0x3F, 0xFF, 0xFF, 0xF0, 0x00, 0x0F, 0xFF, 0xFF, 0xFC, 0x00, 0x00, 0x00, 0xFC, 0x00, 0x00,
    0x1F, 0xF4, 0x3F, 0x00, 0x00, 0x3F, 0xFF, 0x8F, 0xC0, 0x00, 0x3F, 0xFF, 0xFB, 0xE0, 0x00, 0x2F,
    0x90, 0x7F, 0xF8, 0x00, 0x0F, 0x80, 0x03, 0xFE, 0x00, 0x0F, 0xC0, 0x00, 0xBF, 0x80, 0x03, 0xE0,
    0x00, 0x1F, 0xE0, 0x01, 0xF4, 0x00, 0x07, 0xF8, 0x00, 0x7D, 0x00, 0x00, 0xFD, 0x00, 0x1F, 0x40,
    0x00, 0x7F, 0x40, 0x07, 0xF0, 0x00, 0x2F, 0xD0, 0x01, 0xFE, 0x00, 0x2F, 0xF4, 0x00, 0x3F, 0xFF,
    0xFF, 0xFE, 0x00, 0x07, 0xFF, 0xFF, 0xFF, 0x80, 0x00, 0xBF, 0xFF, 0xFF, 0xE0, 0x00, 0x0B, 0xFF,
    0xFC, 0xF8, 0x00, 0x00, 0x2F, 0xF8, 0x3E, 0x00, 0x00, 0x00, 0x00, 0x00, 0x00, 0x00, 0x00, 0x00,
    0x00, 0x10, 0x00, 0xAF, 0xFF, 0xFF, 0x00, 0x7F, 0xFF, 0xFF, 0xC0, 0x05, 0x50, 0x00, 0x00, 0x00,
    0x00, 0x00, 0x00, 0x00, 0x00, 0x00, 0x00, 0x00, 0x00, 0x00, 0x00, 0x00, 0x00, 0x00, 0x05, 0x54,
    0x2F, 0xFF, 0xFF, 0xFE, 0x0B, 0xFF, 0xFF, 0xFF, 0x83, 0xFF, 0xFF, 0xFF, 0x80, 0xFE, 0x40, 0x00,
    0x00, 0x3F, 0x40, 0x00, 0x00, 0x0F, 0xD0, 0x00, 0x00, 0x03, 0xF4, 0x00, 0x00, 0x00, 0xFD, 0x00,
    0x00, 0x00, 0x3F, 0x40, 0x00, 0x00, 0x0F, 0xE5, 0x5A, 0x90, 0x03, 0xFF, 0xFF, 0xF4, 0x00, 0xFF,
    0xFF, 0xFD, 0x00, 0x3F, 0xFF, 0xFF, 0x40, 0x0F, 0xE0, 0x00, 0x00, 0x03, 0xF4, 0x00, 0x00, 0x00,
    0xFD, 0x00, 0x00, 0x00, 0x3F, 0x40, 0x00, 0x00, 0x1F, 0xD0, 0x00, 0x00, 0x07, 0xF4, 0x00, 0x00,
    0x01, 0xFF, 0xFF, 0xFF, 0xF4, 0x7F, 0xFF, 0xFF, 0xFE, 0x1F, 0xFF, 0xFF, 0xFF, 0xC7, 0xFF, 0xFF,
    0xFF, 0xF1, 0xFF, 0xFF, 0xFF, 0xFD, 0x00, 0x00, 0x05, 0x50, 0x07, 0xFF, 0xFF, 0xF0, 0x0F, 0xFF,
    0xFF, 0xF4, 0x00, 0x00, 0x00, 0x00, 0x00, 0x00, 0x00, 0x00, 0x00, 0x00, 0x00, 0x00, 0x00, 0x00,
    0x00, 0x00, 0x00, 0x00, 0x00, 0x00, 0x00, 0x00, 0x00, 0x00, 0x00, 0x1B, 0xF8, 0x00, 0x00, 0xFF,
    0xFF, 0x40, 0x03, 0xF8, 0x03, 0xD0, 0x0F, 0xC0, 0x00, 0xF0, 0x1F, 0x00, 0x00, 0x7C, 0x3E, 0x00,
    0x56, 0xBC, 0x3F, 0xFF, 0xFF, 0xFD, 0x7F, 0xFF, 0xFF, 0xE9, 0xBD, 0x40, 0x00, 0x00, 0x7D, 0x00,
    0x00, 0x00, 0x7E, 0x00, 0x00, 0x00, 0x3F, 0x80, 0x00, 0x00, 0x3F, 0xF4, 0x00, 0x18, 0x0F, 0xFF,
    0xFF, 0xFC, 0x07, 0xFF, 0xFF, 0xFC, 0x01, 0xFF, 0xFF, 0xFC, 0x00, 0x1B, 0xFE, 0x80, 0x03, 0xC0,
    0x00, 0x74, 0x00, 0xB4, 0x00, 0x2C, 0x00, 0x1F, 0x40, 0x2F, 0x00, 0x03, 0xFF, 0xFF, 0x40, 0x00,
    0x3F, 0xFF, 0x40, 0x00, 0x01, 0xA9, 0x00, 0x00, 0x00, 0x00, 0x00, 0x00, 0x00, 0x00, 0x00, 0x00,
    0x00, 0x00, 0x00, 0x00, 0x00, 0x00, 0x00, 0x00, 0x00, 0x00, 0x00, 0x15, 0x50, 0xBF, 0xFF, 0xFF,
    0xF8, 0x2F, 0xFF, 0xFF, 0xFE, 0x0F, 0xFF, 0xFF, 0xFE, 0x03, 0xF9, 0x00, 0x00, 0x00, 0xFD, 0x00,
    0x00, 0x00, 0x3F, 0x40, 0x00, 0x00, 0x0F, 0xD0, 0x00, 0x00, 0x03, 0xF4, 0x00, 0x00, 0x00, 0xFD,
    0x00, 0x00, 0x00, 0x3F, 0x95, 0x6A, 0x40, 0x0F, 0xFF, 0xFF, 0xD0, 0x03, 0xFF, 0xFF, 0xF4, 0x00,
    0xFF, 0xFF, 0xFD, 0x00, 0x3F, 0x80, 0x00, 0x00, 0x0F, 0xD0, 0x00, 0x00, 0x03, 0xF4, 0x00, 0x00,
    0x00, 0xFD, 0x00, 0x00, 0x00, 0x7F, 0x40, 0x00, 0x00, 0x1F, 0xD0, 0x00, 0x00, 0x07, 0xFF, 0xFF,
    0xFF, 0xD1, 0xFF, 0xFF, 0xFF, 0xF8, 0x7F, 0xFF, 0xFF, 0xFF, 0x1F, 0xFF, 0xFF, 0xFF, 0xC7, 0xFF,
    0xFF, 0xFF, 0xF4, 0x06, 0x40, 0x00, 0xA0, 0x07, 0x80, 0x00, 0xE0, 0x03, 0xD0, 0x03, 0xD0, 0x02,
    0xFF, 0xFF, 0xC0, 0x00, 0xBF, 0xFF, 0x00, 0x00, 0x1B, 0xF4, 0x00, 0x00, 0x00, 0x00, 0x00, 0x00,
    0x00, 0x00, 0x00, 0x00, 0x00, 0x00, 0x00, 0x00, 0x00, 0x00, 0x00, 0x00, 0x00, 0x00, 0x00, 0x00,
    0x00, 0x00, 0x00, 0x00, 0x00, 0x00, 0x00, 0x00, 0x1B, 0xF8, 0x00, 0x00, 0xFF, 0xFF, 0x40, 0x03,
    0xF8, 0x03, 0xD0, 0x0F, 0xC0, 0x00, 0xF0, 0x1F, 0x00, 0x00, 0x7C, 0x3E, 0x00, 0x56, 0xBC, 0x3F,
    0xFF, 0xFF, 0xFD, 0x7F, 0xFF, 0xFF, 0xE9, 0xBD, 0x40, 0x00, 0x00, 0x7D, 0x00, 0x00, 0x00, 0x7E,
    0x00, 0x00, 0x00, 0x3F, 0x80, 0x00, 0x00, 0x3F, 0xF4, 0x00, 0x18, 0x0F, 0xFF, 0xFF, 0xFC, 0x07,
    0xFF, 0xFF, 0xFC, 0x01, 0xFF, 0xFF, 0xFC, 0x00, 0x1B, 0xFE, 0x80, 0x00, 0x02, 0xF8, 0x00, 0x00,
    0x00, 0xFE, 0x00, 0x00, 0x00, 0x3F, 0xC0, 0x00, 0x00, 0x1F, 0xF0, 0x00, 0x00, 0x07, 0xFC, 0x00,
    0x00, 0x00, 0x00, 0x00, 0x00, 0x00, 0x00, 0x00, 0x00, 0x00, 0x00, 0x00, 0x00, 0x00, 0x00, 0x00,
    0x00, 0x00, 0x00, 0x00, 0x55, 0x42, 0xFF, 0xFF, 0xFF, 0xE0, 0xBF, 0xFF, 0xFF, 0xF8, 0x3F, 0xFF,
    0xFF, 0xF8, 0x0F, 0xE4, 0x00, 0x00, 0x03, 0xF4, 0x00, 0x00, 0x00, 0xFD, 0x00, 0x00, 0x00, 0x3F,
    0x40, 0x00, 0x00, 0x0F, 0xD0, 0x00, 0x00, 0x03, 0xF4, 0x00, 0x00, 0x00, 0xFE, 0x55, 0xA9, 0x00,
    0x3F, 0xFF, 0xFF, 0x40, 0x0F, 0xFF, 0xFF, 0xD0, 0x03, 0xFF, 0xFF, 0xF4, 0x00, 0xFE, 0x00, 0x00,
    0x00, 0x3F, 0x40, 0x00, 0x00, 0x0F, 0xD0, 0x00, 0x00, 0x03, 0xF4, 0x00, 0x00, 0x01, 0xFD, 0x00,
    0x00, 0x00, 0x7F, 0x40, 0x00, 0x00, 0x1F, 0xFF, 0xFF, 0xFF, 0x47, 0xFF, 0xFF, 0xFF, 0xE1, 0xFF,
    0xFF, 0xFF, 0xFC, 0x7F, 0xFF, 0xFF, 0xFF, 0x1F, 0xFF, 0xFF, 0xFF, 0xD0, 0x00, 0x07, 0xF0, 0x00,
    0x00, 0x0B, 0xF0, 0x00, 0x00, 0x0F, 0xF0, 0x00, 0x00, 0x0F, 0xF4, 0x00, 0x00, 0x0F, 0xF4, 0x00,
    0x00, 0x00, 0x00, 0x00, 0x00, 0x00, 0x00, 0x00, 0x00, 0x00, 0x00, 0x00, 0x00, 0x00, 0x00, 0x00,
    0x00, 0x00, 0x00, 0x00, 0x00, 0x00, 0x00, 0x00, 0x00, 0x1B, 0xF8, 0x00, 0x00, 0xFF, 0xFF, 0x40,
    0x03, 0xF8, 0x03, 0xD0, 0x0F, 0xC0, 0x00, 0xF0, 0x1F, 0x00, 0x00, 0x7C, 0x3E, 0x00, 0x56, 0xBC,
    0x3F, 0xFF, 0xFF, 0xFD, 0x7F, 0xFF, 0xFF, 0xE9, 0xBD, 0x40, 0x00, 0x00, 0x7D, 0x00, 0x00, 0x00,
    0x7E, 0x00, 0x00, 0x00, 0x3F, 0x80, 0x00, 0x00, 0x3F, 0xF4, 0x00, 0x18, 0x0F, 0xFF, 0xFF, 0xFC,
    0x07, 0xFF, 0xFF, 0xFC, 0x01, 0xFF, 0xFF, 0xFC, 0x00, 0x1B, 0xFE, 0x80, 0x00, 0x00, 0x01, 0x55,
    0x0B, 0xFF, 0xFF, 0xFF, 0x82, 0xFF, 0xFF, 0xFF, 0xE0, 0xFF, 0xFF, 0xFF, 0xE0, 0x3F, 0x90, 0x00,
    0x00, 0x0F, 0xD0, 0x00, 0x00, 0x03, 0xF4, 0x00, 0x00, 0x00, 0xFD, 0x00, 0x00, 0x00, 0x3F, 0x40,
    0x00, 0x00, 0x0F, 0xD0, 0x00, 0x00, 0x03, 0xF9, 0x56, 0xA4, 0x00, 0xFF, 0xFF, 0xFD, 0x00, 0x3F,
    0xFF, 0xFF, 0x40, 0x0F, 0xFF, 0xFF, 0xD0, 0x03, 0xF8, 0x00, 0x00, 0x00, 0xFD, 0x00, 0x00, 0x00,
    0x3F, 0x40, 0x00, 0x00, 0x0F, 0xD0, 0x00, 0x00, 0x07, 0xF4, 0x00, 0x00, 0x01, 0xFD, 0x00, 0x00,
    0x00, 0x7F, 0xFF, 0xFF, 0xFD, 0x1F, 0xFF, 0xFF, 0xFF, 0x87, 0xFF, 0xFF, 0xFF, 0xF1, 0xFF, 0xFF,
    0xFF, 0xFC, 0x7F, 0xFF, 0xFF, 0xFF, 0x40, 0x00, 0xE0, 0x00, 0x00, 0x00, 0xE0, 0x00, 0x00, 0x00,
    0x38, 0x00, 0x00, 0x00, 0x0F, 0xFC, 0x00, 0x00, 0x00, 0x7F, 0x00, 0x00, 0x00, 0x00, 0x00, 0x00,
    0x00, 0x1B, 0xF8, 0x00, 0x00, 0xFF, 0xFF, 0x40, 0x03, 0xF8, 0x03, 0xD0, 0x0F, 0xC0, 0x00, 0xF0,
    0x1F, 0x00, 0x00, 0x7C, 0x3E, 0x00, 0x56, 0xBC, 0x3F, 0xFF, 0xFF, 0xFD, 0x7F, 0xFF, 0xFF, 0xE9,
    0x7D, 0x40, 0x00, 0x00, 0x7D, 0x00, 0x00, 0x00, 0x7E, 0x00, 0x00, 0x00, 0x3F, 0x80, 0x00, 0x00,
    0x2F, 0xF4, 0x00, 0x18, 0x0F, 0xFF, 0xFF, 0xFC, 0x07, 0xFF, 0xFF, 0xFC, 0x00, 0xFF, 0xFF, 0xFC,
    0x00, 0x1B, 0xFF, 0x90, 0x00, 0x00, 0xE0, 0x00, 0x00, 0x03, 0x80, 0x00, 0x00, 0x0F, 0x00, 0x00,
    0x00, 0x1D, 0x00, 0x00, 0x00, 0x1D, 0x00, 0x00, 0x00, 0x0F, 0xF8, 0x00, 0x00, 0x01, 0xB8, 0x00,
    0x02, 0xD0, 0x00, 0xB0, 0x00, 0x2E, 0x00, 0xF0, 0x00, 0x02, 0xF2, 0xF0, 0x00, 0x00, 0x2F, 0xF0,
    0x00, 0x00, 0x02, 0xF4, 0x00, 0x00, 0x00, 0x28, 0x00, 0x00, 0x00, 0x00, 0x00, 0x00, 0x00, 0x00,
    0x00, 0x00, 0x00, 0x00, 0x00, 0x00, 0x00, 0x00, 0x00, 0x00, 0x00, 0x00, 0x00, 0x15, 0x50, 0xBF,
    0xFF, 0xFF, 0xF8, 0x2F, 0xFF, 0xFF, 0xFE, 0x0F, 0xFF, 0xFF, 0xFE, 0x03, 0xF9, 0x00, 0x00, 0x00,
    0xFD, 0x00, 0x00, 0x00, 0x3F, 0x40, 0x00, 0x00, 0x0F, 0xD0, 0x00, 0x00, 0x03, 0xF4, 0x00, 0x00,
    0x00, 0xFD, 0x00, 0x00, 0x00, 0x3F, 0x95, 0x6A, 0x40, 0x0F, 0xFF, 0xFF, 0xD0, 0x03, 0xFF, 0xFF,
    0xF4, 0x00, 0xFF, 0xFF, 0xFD, 0x00, 0x3F, 0x80, 0x00, 0x00, 0x0F, 0xD0, 0x00, 0x00, 0x03, 0xF4,
    0x00, 0x00, 0x00, 0xFD, 0x00, 0x00, 0x00, 0x7F, 0x40, 0x00, 0x00, 0x1F, 0xD0, 0x00, 0x00, 0x07,
    0xFF, 0xFF, 0xFF, 0xD1, 0xFF, 0xFF, 0xFF, 0xF8, 0x7F, 0xFF, 0xFF, 0xFF, 0x1F, 0xFF, 0xFF, 0xFF,
    0xC7, 0xFF, 0xFF, 0xFF, 0xF4, 0x00, 0x00, 0x00, 0x00, 0x03, 0xC0, 0x02, 0xD0, 0x00, 0xF4, 0x0F,
    0x40, 0x00, 0x3E, 0xBD, 0x00, 0x00, 0x0F, 0xF4, 0x00, 0x00, 0x03, 0xE0, 0x00, 0x00, 0x01, 0x40,
    0x00, 0x00, 0x00, 0x00, 0x00, 0x00, 0x00, 0x00, 0x00, 0x00, 0x00, 0x00, 0x00, 0x00, 0x00, 0x00,
    0x00, 0x00, 0x00, 0x00, 0x00, 0x00, 0x00, 0x00, 0x00, 0x00, 0x1B, 0xF8, 0x00, 0x00, 0xFF, 0xFF,
    0x40, 0x03, 0xF8, 0x03, 0xD0, 0x0F, 0xC0, 0x00, 0xF0, 0x1F, 0x00, 0x00, 0x7C, 0x3E, 0x00, 0x56,
    0xBC, 0x3F, 0xFF, 0xFF, 0xFD, 0x7F, 0xFF, 0xFF, 0xE9, 0xBD, 0x40, 0x00, 0x00, 0x7D, 0x00, 0x00,
    0x00, 0x7E, 0x00, 0x00, 0x00, 0x3F, 0x80, 0x00, 0x00, 0x3F, 0xF4, 0x00, 0x18, 0x0F, 0xFF, 0xFF,
    0xFC, 0x07, 0xFF, 0xFF, 0xFC, 0x01, 0xFF, 0xFF, 0xFC, 0x00, 0x1B, 0xFE, 0x80, 0x00, 0x00, 0x00,
    0x00, 0x00, 0x00, 0x00, 0x00, 0x0F, 0x40, 0x00, 0x00, 0x00, 0x00, 0xBF, 0x00, 0x00, 0x00, 0x00,
    0x0B, 0xFF, 0x00, 0x00, 0x00, 0x00, 0xB8, 0x2F, 0x00, 0x00, 0x00, 0x0B, 0x40, 0x0F, 0x00, 0x00,
    0x00, 0x10, 0x00, 0x05, 0x00, 0x00, 0x00, 0x00, 0x00, 0x00, 0x00, 0x00, 0x00, 0x00, 0x00, 0x00,
    0x00, 0x00, 0x06, 0xBF, 0xFF, 0xD0, 0x00, 0x02, 0xFF, 0xFF, 0xFF, 0xC0, 0x00, 0x7F, 0xFF, 0xEA,
    0xBF, 0x40, 0x07, 0xFF, 0x40, 0x00, 0x00, 0x00, 0x3F, 0xF0, 0x00, 0x00, 0x00, 0x02, 0xFF, 0x00,
    0x00, 0x00, 0x00, 0x0F, 0xF8, 0x00, 0x00, 0x00, 0x00, 0x3F, 0xC0, 0x00, 0x00, 0x00, 0x01, 0xFF,
    0x00, 0x00, 0x00, 0x00, 0x07, 0xFC, 0x00, 0x00, 0x00, 0x00, 0x1F, 0xE0, 0x00, 0x00, 0x00, 0x00,
    0x7F, 0x80, 0x00, 0x00, 0x00, 0x01, 0xFE, 0x00, 0x00, 0x95, 0x00, 0x07, 0xF8, 0x00, 0x02, 0xFF,
    0xFE, 0x5F, 0xF0, 0x00, 0x07, 0xFF, 0xFE, 0x3F, 0xC0, 0x00, 0x00, 0x6F, 0xFC, 0xFF, 0x40, 0x00,
    0x00, 0x3F, 0x53, 0xFF, 0x00, 0x00, 0x00, 0xFC, 0x0B, 0xFE, 0x00, 0x00, 0x07, 0xF0, 0x1F, 0xFF,
    0xA5, 0x56, 0xBF, 0xC0, 0x3F, 0xFF, 0xFF, 0xFF, 0xFF, 0x00, 0x7F, 0xFF, 0xFF, 0xFF, 0xFC, 0x00,
    0x7F, 0xFF, 0xFF, 0xFF, 0xF0, 0x00, 0x7F, 0xFF, 0xFF, 0xFE, 0x00, 0x00, 0x06, 0xFF, 0xFE, 0x40,
    0x00, 0x00, 0x00, 0x00, 0x00, 0x00, 0x03, 0xC0, 0x00, 0x00, 0x0F, 0xE0, 0x00, 0x00, 0x3F, 0xF8,
    0x00, 0x00, 0xF8, 0x3E, 0x00, 0x03, 0xC0, 0x07, 0x80, 0x05, 0x00, 0x00, 0x80, 0x00, 0x00, 0x00,
    0x00, 0x00, 0x00, 0x00, 0x00, 0x00, 0x7F, 0x90, 0x68, 0x03, 0xFF, 0xF8, 0xFC, 0x0F, 0xFF, 0xFF,
    0xFC, 0x1F, 0x80, 0x7F, 0xFC, 0x3E, 0x00, 0x1F, 0xFC, 0x3D, 0x00, 0x0B, 0xFC, 0x7C, 0x00, 0x07,
    0xF8, 0x7C, 0x00, 0x03, 0xF8, 0x7C, 0x00, 0x03, 0xF8, 0x7C, 0x00, 0x07, 0xF8, 0x3D, 0x00, 0x0F,
    0xF8, 0x3F, 0xEA, 0xFF, 0xF8, 0x1F, 0xFF, 0xFF, 0xF4, 0x0F, 0xFF, 0xFF, 0xF4, 0x03, 0xFF, 0xFA,
    0xF4, 0x00, 0x7F, 0xD3, 0xF0, 0x00, 0x00, 0x07, 0xF0, 0x00, 0x00, 0x1F, 0xF0, 0x0E, 0x00, 0xBF,
    0xE0, 0x1F, 0xFF, 0xFF, 0xC0, 0x2F, 0xFF, 0xFF, 0x40, 0x2F, 0xFF, 0xFE, 0x00, 0x02, 0xBF, 0xE0,
    0x00, 0x00, 0x06, 0x40, 0x00, 0xA0, 0x00, 0x00, 0x0E, 0x00, 0x03, 0xC0, 0x00, 0x00, 0x3D, 0x00,
    0x2E, 0x00, 0x00, 0x00, 0x7F, 0xFF, 0xF0, 0x00, 0x00, 0x00, 0xBF, 0xFF, 0x00, 0x00, 0x00, 0x00,
    0x6F, 0xD0, 0x00, 0x00, 0x00, 0x00, 0x00, 0x00, 0x00, 0x00, 0x00, 0x00, 0x00, 0x00, 0x00, 0x00,
    0x00, 0x00, 0x00, 0x00, 0x00, 0x00, 0x00, 0x00, 0x00, 0x00, 0x00, 0x00, 0x00, 0x00, 0x00, 0x00,
    0x00, 0x00, 0x6B, 0xFF, 0xFD, 0x00, 0x00, 0x2F, 0xFF, 0xFF, 0xFC, 0x00, 0x07, 0xFF, 0xFE, 0xAB,
    0xF4, 0x00, 0x7F, 0xF4, 0x00, 0x00, 0x00, 0x03, 0xFF, 0x00, 0x00, 0x00, 0x00, 0x2F, 0xF0, 0x00,
    0x00, 0x00, 0x00, 0xFF, 0x80, 0x00, 0x00, 0x00, 0x03, 0xFC, 0x00, 0x00, 0x00, 0x00, 0x1F, 0xF0,
    0x00, 0x00, 0x00, 0x00, 0x7F, 0xC0, 0x00, 0x00, 0x00, 0x01, 0xFE, 0x00, 0x00, 0x00, 0x00, 0x07,
    0xF8, 0x00, 0x00, 0x00, 0x00, 0x1F, 0xE0, 0x00, 0x09, 0x50, 0x00, 0x7F, 0x80, 0x00, 0x2F, 0xFF,
    0xE5, 0xFF, 0x00, 0x00, 0x7F, 0xFF, 0xE3, 0xFC, 0x00, 0x00, 0x06, 0xFF, 0xCF, 0xF4, 0x00, 0x00,
    0x03, 0xF5, 0x3F, 0xF0, 0x00, 0x00, 0x0F, 0xC0, 0xBF, 0xE0, 0x00, 0x00, 0x7F, 0x01, 0xFF, 0xFA,
    0x55, 0x6B, 0xFC, 0x03, 0xFF, 0xFF, 0xFF, 0xFF, 0xF0, 0x07, 0xFF, 0xFF, 0xFF, 0xFF, 0xC0, 0x07,
    0xFF, 0xFF, 0xFF, 0xFF, 0x00, 0x07, 0xFF, 0xFF, 0xFF, 0xE0, 0x00, 0x00, 0x6F, 0xFF, 0xE4, 0x00,
    0x0B, 0x40, 0x00, 0xE0, 0x07, 0x40, 0x01, 0xD0, 0x03, 0xD0, 0x07, 0xC0, 0x02, 0xFF, 0xFF, 0x80,
    0x00, 0xBF, 0xFE, 0x00, 0x00, 0x0A, 0x90, 0x00, 0x00, 0x00, 0x00, 0x00, 0x00, 0x00, 0x00, 0x00,
    0x00, 0x00, 0x00, 0x00, 0x00, 0x00, 0x00, 0x00, 0x00, 0x7F, 0x90, 0x68, 0x03, 0xFF, 0xF8, 0xFC,
    0x0F, 0xFF, 0xFF, 0xFC, 0x1F, 0x80, 0x7F, 0xFC, 0x3E, 0x00, 0x1F, 0xFC, 0x3D, 0x00, 0x0B, 0xFC,
    0x7C, 0x00, 0x07, 0xF8, 0x7C, 0x00, 0x03, 0xF8, 0x7C, 0x00, 0x03, 0xF8, 0x7C, 0x00, 0x07, 0xF8,
    0x3D, 0x00, 0x0F, 0xF8, 0x3F, 0xEA, 0xFF, 0xF8, 0x1F, 0xFF, 0xFF, 0xF4, 0x0F, 0xFF, 0xFF, 0xF4,
    0x03, 0xFF, 0xFA, 0xF4, 0x00, 0x7F, 0xD3, 0xF0, 0x00, 0x00, 0x07, 0xF0, 0x00, 0x00, 0x1F, 0xF0,
    0x0E, 0x00, 0xBF, 0xE0, 0x1F, 0xFF, 0xFF, 0xC0, 0x2F, 0xFF, 0xFF, 0x40, 0x2F, 0xFF, 0xFE, 0x00,
    0x02, 0xBF, 0xE0, 0x00, 0x00, 0x00, 0x07, 0xF0, 0x00, 0x00, 0x00, 0x00, 0x1F, 0xC0, 0x00, 0x00,
    0x00, 0x00, 0xBF, 0x40, 0x00, 0x00, 0x00, 0x03, 0xFD, 0x00, 0x00, 0x00, 0x00, 0x0F, 0xF4, 0x00,
    0x00, 0x00, 0x00, 0x00, 0x00, 0x00, 0x00, 0x00, 0x00, 0x00, 0x00, 0x00, 0x00, 0x00, 0x00, 0x00,
    0x00, 0x00, 0x00, 0x00, 0x00, 0x00, 0x00, 0x00, 0x00, 0x06, 0xBF, 0xFF, 0xD0, 0x00, 0x02, 0xFF,
    0xFF, 0xFF, 0xC0, 0x00, 0x7F, 0xFF, 0xEA, 0xBF, 0x40, 0x07, 0xFF, 0x40, 0x00, 0x00, 0x00, 0x3F,
    0xF0, 0x00, 0x00, 0x00, 0x02, 0xFF, 0x00, 0x00, 0x00, 0x00, 0x0F, 0xF8, 0x00, 0x00, 0x00, 0x00,
    0x3F, 0xC0, 0x00, 0x00, 0x00, 0x01, 0xFF, 0x00, 0x00, 0x00, 0x00, 0x07, 0xFC, 0x00, 0x00, 0x00,
    0x00, 0x1F, 0xE0, 0x00, 0x00, 0x00, 0x00, 0x7F, 0x80, 0x00, 0x00, 0x00, 0x01, 0xFE, 0x00, 0x00,
    0x95, 0x00, 0x07, 0xF8, 0x00, 0x02, 0xFF, 0xFE, 0x5F, 0xF0, 0x00, 0x07, 0xFF, 0xFE, 0x3F, 0xC0,
    0x00, 0x00, 0x6F, 0xFC, 0xFF, 0x40, 0x00, 0x00, 0x3F, 0x53, 0xFF, 0x00, 0x00, 0x00, 0xFC, 0x0B,
    0xFE, 0x00, 0x00, 0x07, 0xF0, 0x1F, 0xFF, 0xA5, 0x56, 0xBF, 0xC0, 0x3F, 0xFF, 0xFF, 0xFF, 0xFF,
    0x00, 0x7F, 0xFF, 0xFF, 0xFF, 0xFC, 0x00, 0x7F, 0xFF, 0xFF, 0xFF, 0xF0, 0x00, 0x7F, 0xFF, 0xFF,
    0xFE, 0x00, 0x00, 0x06, 0xFF, 0xFE, 0x40, 0x00, 0x00, 0x0B, 0xE0, 0x00, 0x00, 0x0B, 0xF0, 0x00,
    0x00, 0x0F, 0xF0, 0x00, 0x00, 0x0F, 0xF0, 0x00, 0x00, 0x1F, 0xF4, 0x00, 0x00, 0x00, 0x00, 0x00,
    0x00, 0x00, 0x00, 0x00, 0x00, 0x00, 0x00, 0x00, 0x00, 0x00, 0x00, 0x00, 0x00, 0x7F, 0x90, 0x68,
    0x03, 0xFF, 0xF8, 0xFC, 0x0F, 0xFF, 0xFF, 0xFC, 0x1F, 0x80, 0x7F, 0xFC, 0x3E, 0x00, 0x1F, 0xFC,
    0x3D, 0x00, 0x0B, 0xFC, 0x7C, 0x00, 0x07, 0xF8, 0x7C, 0x00, 0x03, 0xF8, 0x7C, 0x00, 0x03, 0xF8,
    0x7C, 0x00, 0x07, 0xF8, 0x3D, 0x00, 0x0F, 0xF8, 0x3F, 0xEA, 0xFF, 0xF8, 0x1F, 0xFF, 0xFF, 0xF4,
    0x0F, 0xFF, 0xFF, 0xF4, 0x03, 0xFF, 0xFA, 0xF4, 0x00, 0x7F, 0xD3, 0xF0, 0x00, 0x00, 0x07, 0xF0,
    0x00, 0x00, 0x1F, 0xF0, 0x0E, 0x00, 0xBF, 0xE0, 0x1F, 0xFF, 0xFF, 0xC0, 0x2F, 0xFF, 0xFF, 0x40,
    0x2F, 0xFF, 0xFE, 0x00, 0x02, 0xBF, 0xE0, 0x00, 0x00, 0x00, 0x00, 0x00, 0x00, 0x00, 0x00, 0x06,
    0xBF, 0xFF, 0xD0, 0x00, 0x02, 0xFF, 0xFF, 0xFF, 0xC0, 0x00, 0x7F, 0xFF, 0xEA, 0xBF, 0x40, 0x07,
    0xFF, 0x40, 0x00, 0x00, 0x00, 0x3F, 0xF0, 0x00, 0x00, 0x00, 0x02, 0xFF, 0x00, 0x00, 0x00, 0x00,
    0x0F, 0xF8, 0x00, 0x00, 0x00, 0x00, 0x3F, 0xC0, 0x00, 0x00, 0x00, 0x01, 0xFF, 0x00, 0x00, 0x00,
    0x00, 0x07, 0xFC, 0x00, 0x00, 0x00, 0x00, 0x1F, 0xE0, 0x00, 0x00, 0x00, 0x00, 0x7F, 0x80, 0x00,
    0x00, 0x00, 0x01, 0xFE, 0x00, 0x00, 0x95, 0x00, 0x07, 0xF8, 0x00, 0x02, 0xFF, 0xFE, 0x5F, 0xF0,
    0x00, 0x07, 0xFF, 0xFE, 0x3F, 0xC0, 0x00, 0x00, 0x6F, 0xFC, 0xFF, 0x40, 0x00, 0x00, 0x3F, 0x53,
    0xFF, 0x00, 0x00, 0x00, 0xFC, 0x0B, 0xFE, 0x00, 0x00, 0x07, 0xF0, 0x1F, 0xFF, 0xA5, 0x56, 0xBF,
    0xC0, 0x3F, 0xFF, 0xFF, 0xFF, 0xFF, 0x00, 0x7F, 0xFF, 0xFF, 0xFF, 0xFC, 0x00, 0x7F, 0xFF, 0xFF,
    0xFF, 0xF0, 0x00, 0x7F, 0xFF, 0xFF, 0xFE, 0x00, 0x00, 0x06, 0xFF, 0xFE, 0x40, 0x00, 0x00, 0x00,
    0x00, 0x00, 0x00, 0x00, 0x00, 0x00, 0x00, 0x00, 0x00, 0x00, 0x00, 0x00, 0x00, 0x00, 0x00, 0x00,
    0x00, 0x00, 0x00, 0x00, 0x00, 0x00, 0x00, 0xFF, 0xC0, 0x00, 0x00, 0x00, 0x03, 0xFF, 0x00, 0x00,
    0x00, 0x00, 0x0F, 0xF8, 0x00, 0x00, 0x00, 0x00, 0x3F, 0xD0, 0x00, 0x00, 0x00, 0x00, 0xFF, 0x00,
    0x00, 0x00, 0x00, 0x07, 0xFC, 0x00, 0x00, 0x00, 0x00, 0x2F, 0xE0, 0x00, 0x00, 0x00, 0x00, 0xFF,
    0x40, 0x00, 0x00, 0x00, 0x07, 0xFC, 0x00, 0x00, 0x00, 0x00, 0x00, 0x00, 0x00, 0x00, 0x07, 0xFE,
    0x00, 0x00, 0x07, 0xFD, 0x00, 0x00, 0x0B, 0xFC, 0x00, 0x00, 0x0B, 0xF8, 0x00, 0x00, 0x0B, 0xF4,
    0x00, 0x00, 0x0F, 0xF0, 0x00, 0x00, 0x1F, 0xF0, 0x00, 0x00, 0x3F, 0xE0, 0x00, 0x00, 0x00, 0x00,
    0x00, 0x00, 0x00, 0x00, 0x00, 0x00, 0x7F, 0x90, 0x68, 0x03, 0xFF, 0xF8, 0xFC, 0x0F, 0xFF, 0xFF,
    0xFC, 0x1F, 0x80, 0x7F, 0xFC, 0x3E, 0x00, 0x1F, 0xFC, 0x3D, 0x00, 0x0B, 0xFC, 0x7C, 0x00, 0x07,
    0xF8, 0x7C, 0x00, 0x03, 0xF8, 0x7C, 0x00, 0x03, 0xF8, 0x7C, 0x00, 0x07, 0xF8, 0x3D, 0x00, 0x0F,
    0xF8, 0x3F, 0xEA, 0xFF, 0xF8, 0x1F, 0xFF, 0xFF, 0xF4, 0x0F, 0xFF, 0xFF, 0xF4, 0x03, 0xFF, 0xFA,
    0xF4, 0x00, 0x7F, 0xD3, 0xF0, 0x00, 0x00, 0x07, 0xF0, 0x00, 0x00, 0x1F, 0xF0, 0x0E, 0x00, 0xBF,
    0xE0, 0x1F, 0xFF, 0xFF, 0xC0, 0x2F, 0xFF, 0xFF, 0x40, 0x2F, 0xFF, 0xFE, 0x00, 0x02, 0xBF, 0xE0,
    0x00, 0x00, 0x00, 0x09, 0x00, 0x00, 0x00, 0x00, 0x0F, 0xC0, 0x00, 0x00, 0x00, 0x0B, 0xFC, 0x00,
    0x00, 0x00, 0x0B, 0xCB, 0xC0, 0x00, 0x00, 0x0B, 0x40, 0x7C, 0x00, 0x00, 0x0B, 0x00, 0x02, 0xC0,
    0x00, 0x00, 0x00, 0x00, 0x00, 0x00, 0x00, 0x00, 0x00, 0x00, 0x00, 0x1A, 0x40, 0x00, 0x00, 0x69,
    0x0F, 0xE0, 0x00, 0x00, 0x3F, 0x83, 0xF8, 0x00, 0x00, 0x0F, 0xF0, 0xFE, 0x00, 0x00, 0x03, 0xFC,
    0x3F, 0xC0, 0x00, 0x00, 0xFF, 0x0F, 0xF0, 0x00, 0x00, 0x3F, 0xC3, 0xFC, 0x00, 0x00, 0x0F, 0xF0,
    0xFF, 0x00, 0x00, 0x03, 0xFC, 0x3F, 0xC0, 0x00, 0x00, 0xFF, 0x0F, 0xF0, 0x00, 0x00, 0x3F, 0xC3,
    0xFC, 0x00, 0x00, 0x0F, 0xF0, 0xFF, 0x00, 0x00, 0x03, 0xFC, 0x3F, 0xC0, 0x00, 0x00, 0xFF, 0x0F,
    0xF9, 0x55, 0x55, 0xBF, 0xC3, 0xFF, 0xFF, 0xFF, 0xFF, 0xF4, 0xFF, 0xFF, 0xFF, 0xFF, 0xFD, 0x3F,
    0xFF, 0xFF, 0xFF, 0xFF, 0x5F, 0xFF, 0xFF, 0xFF, 0xFF, 0xD7, 0xFF, 0xFF, 0xFF, 0xFF, 0xF5, 0xFF,
    0x40, 0x00, 0x07, 0xFD, 0x7F, 0xD0, 0x00, 0x01, 0xFF, 0x5F, 0xF4, 0x00, 0x00, 0x7F, 0xE7, 0xFD,
    0x00, 0x00, 0x1F, 0xF9, 0xFF, 0x40, 0x00, 0x0B, 0xFE, 0x7F, 0xE0, 0x00, 0x02, 0xFF, 0x80, 0x00,
    0x2D, 0x00, 0x00, 0x00, 0x00, 0xFC, 0x00, 0x00, 0x00, 0x0F, 0xFC, 0x00, 0x00, 0x00, 0xF4, 0xBC,
    0x00, 0x00, 0x0F, 0x00, 0x7C, 0x00, 0x00, 0xA0, 0x00, 0x28, 0x00, 0x00, 0x03, 0xF0, 0x00, 0x00,
    0x00, 0x0F, 0xC0, 0x00, 0x00, 0x00, 0x3E, 0x00, 0x00, 0x00, 0x00, 0xF8, 0x00, 0x00, 0x00, 0x03,
    0xE0, 0x00, 0x00, 0x00, 0x0F, 0x80, 0x00, 0x00, 0x00, 0x3D, 0x00, 0x00, 0x00, 0x01, 0xF4, 0x00,
    0x00, 0x00, 0x07, 0xD0, 0x00, 0x00, 0x00, 0x1F, 0x4B, 0xFE, 0x00, 0x00, 0xBE, 0xFF, 0xFF, 0x40,
    0x02, 0xFF, 0xFF, 0xFF, 0x00, 0x0B, 0xFE, 0x01, 0xFD, 0x00, 0x2F, 0xD0, 0x01, 0xF8, 0x00, 0xFF,
    0x00, 0x03, 0xF0, 0x03, 0xF8, 0x00, 0x0B, 0xC0, 0x0F, 0xD0, 0x00, 0x2F, 0x00, 0x3F, 0x40, 0x00,
    0xBC, 0x00, 0xFD, 0x00, 0x02, 0xF0, 0x03, 0xF4, 0x00, 0x0F, 0xC0, 0x0F, 0xD0, 0x00, 0x3F, 0x00,
    0x7F, 0x40, 0x00, 0xFD, 0x01, 0xFD, 0x00, 0x03, 0xF4, 0x07, 0xF8, 0x00, 0x1F, 0xD0, 0x2F, 0xE0,
    0x00, 0x7F, 0x40, 0x02, 0xF8, 0x00, 0x00, 0x0B, 0xE0, 0x03, 0xF8, 0x00, 0x00, 0x0F, 0xE0, 0x03,
    0xF8, 0x00, 0x00, 0x0F, 0xF0, 0x03, 0xF8, 0x00, 0x00, 0x0F, 0xF0, 0x03, 0xFC, 0x00, 0x00, 0x0F,
    0xF0, 0x03, 0xFC, 0x00, 0x00, 0x0F, 0xF0, 0x03, 0xFC, 0x00, 0x00, 0x0F, 0xF0, 0x03, 0xFC, 0x00,
    0x00, 0x0F, 0xF0, 0x3F, 0xFF, 0xFF, 0xFF, 0xFF, 0xFD, 0x3F, 0xFF, 0xFF, 0xFF, 0xFF, 0xFC, 0x2B,
    0xFE, 0xAA, 0xAA, 0xAF, 0xF8, 0x03, 0xFC, 0x00, 0x00, 0x0F, 0xF0, 0x03, 0xFC, 0x00, 0x00, 0x0F,
    0xF0, 0x03, 0xFF, 0xFF, 0xFF, 0xFF, 0xF0, 0x03, 0xFF, 0xFF, 0xFF, 0xFF, 0xF4, 0x03, 0xFF, 0xFF,
    0xFF, 0xFF, 0xF4, 0x07, 0xFF, 0xFF, 0xFF, 0xFF, 0xF4, 0x07, 0xFF, 0xFF, 0xFF, 0xFF, 0xF4, 0x07,
    0xFE, 0x55, 0x55, 0x6F, 0xF4, 0x07, 0xFD, 0x00, 0x00, 0x1F, 0xF4, 0x07, 0xFD, 0x00, 0x00, 0x1F,
    0xF8, 0x07, 0xFD, 0x00, 0x00, 0x1F, 0xF8, 0x07, 0xFD, 0x00, 0x00, 0x2F, 0xF8, 0x07, 0xFE, 0x00,
    0x00, 0x2F, 0xF8, 0x00, 0x3F, 0x00, 0x00, 0x00, 0x00, 0xFC, 0x00, 0x00, 0x00, 0x03, 0xE0, 0x00,
    0x00, 0x00, 0x0F, 0xFF, 0xC0, 0x00, 0xBF, 0xFF, 0xFE, 0x00, 0x02, 0xFF, 0xF8, 0x00, 0x00, 0x00,
    0x03, 0xD0, 0x00, 0x00, 0x00, 0x1F, 0x40, 0x00, 0x00, 0x00, 0x7D, 0x00, 0x00, 0x00, 0x01, 0xF4,
    0xBF, 0xE0, 0x00, 0x0B, 0xEF, 0xFF, 0xF4, 0x00, 0x2F, 0xFF, 0xFF, 0xF0, 0x00, 0xBF, 0xE0, 0x1F,
    0xD0, 0x02, 0xFD, 0x00, 0x1F, 0x80, 0x0F, 0xF0, 0x00, 0x3F, 0x00, 0x3F, 0x80, 0x00, 0xBC, 0x00,
    0xFD, 0x00, 0x02, 0xF0, 0x03, 0xF4, 0x00, 0x0B, 0xC0, 0x0F, 0xD0, 0x00, 0x2F, 0x00, 0x3F, 0x40,
    0x00, 0xFC, 0x00, 0xFD, 0x00, 0x03, 0xF0, 0x07, 0xF4, 0x00, 0x0F, 0xD0, 0x1F, 0xD0, 0x00, 0x3F,
    0x40, 0x7F, 0x80, 0x01, 0xFD, 0x02, 0xFE, 0x00, 0x07, 0xF4, 0x05, 0x00, 0x60, 0xFF, 0x01, 0xCB,
    0x4E, 0x07, 0x3C, 0x1D, 0x3C, 0xF0, 0x2F, 0xE1, 0x00, 0x1A, 0x00, 0x00, 0x00, 0x00, 0x00, 0x00,
    0x00, 0x00, 0x00, 0x00, 0x00, 0x00, 0x00, 0x00, 0x00, 0x55, 0x00, 0x02, 0xFD, 0x00, 0x0B, 0xF4,
    0x00, 0x2F, 0xD0, 0x00, 0x7F, 0x40, 0x01, 0xFD, 0x00, 0x07, 0xF4, 0x00, 0x1F, 0xD0, 0x00, 0x7F,
    0x40, 0x01, 0xFD, 0x00, 0x07, 0xF4, 0x00, 0x1F, 0xD0, 0x00, 0x7F, 0x40, 0x01, 0xFD, 0x00, 0x07,
    0xF8, 0x00, 0x1F, 0xE0, 0x00, 0x7F, 0x80, 0x01, 0xFE, 0x00, 0x07, 0xFC, 0x00, 0x2F, 0xF0, 0x00,
    0xBF, 0xC0, 0x02, 0xFF, 0x00, 0x0F, 0xFC, 0x00, 0x3F, 0xF0, 0x00, 0xFF, 0xC0, 0x0F, 0x80, 0x38,
    0xFB, 0xC0, 0xE3, 0x83, 0xC3, 0x5D, 0x07, 0xFC, 0x74, 0x02, 0x90, 0x00, 0x00, 0x00, 0x00, 0x00,
    0x00, 0x00, 0x00, 0x00, 0x00, 0x00, 0x02, 0xF0, 0x00, 0x0B, 0xC0, 0x00, 0x2F, 0x00, 0x00, 0xB8,
    0x00, 0x02, 0xE0, 0x00, 0x0B, 0xC0, 0x00, 0x2F, 0x00, 0x00, 0xBC, 0x00, 0x03, 0xF0, 0x00, 0x0F,
    0xC0, 0x00, 0x3F, 0x00, 0x00, 0xFC, 0x00, 0x03, 0xF0, 0x00, 0x0F, 0xC0, 0x00, 0x3F, 0x40, 0x01,
    0xFD, 0x00, 0x00, 0x00, 0x01, 0x41, 0xBF, 0xFF, 0xFC, 0x3F, 0xFF, 0xFF, 0xD1, 0x54, 0x00, 0x00,
    0x00, 0x00, 0x00, 0x00, 0x00, 0x00, 0x00, 0x00, 0x00, 0x00, 0x00, 0x00, 0x00, 0x00, 0x00, 0x00,
    0x00, 0x00, 0x02, 0xFD, 0x00, 0x00, 0x2F, 0xD0, 0x00, 0x02, 0xFD, 0x00, 0x00, 0x2F, 0xD0, 0x00,
    0x01, 0xFD, 0x00, 0x00, 0x1F, 0xD0, 0x00, 0x01, 0xFD, 0x00, 0x00, 0x1F, 0xD0, 0x00, 0x01, 0xFD,
    0x00, 0x00, 0x1F, 0xD0, 0x00, 0x01, 0xFD, 0x00, 0x00, 0x1F, 0xD0, 0x00, 0x01, 0xFD, 0x00, 0x00,
    0x1F, 0xD0, 0x00, 0x01, 0xFE, 0x00, 0x00, 0x1F, 0xE0, 0x00, 0x01, 0xFE, 0x00, 0x00, 0x1F, 0xE0,
    0x00, 0x01, 0xFF, 0x00, 0x00, 0x2F, 0xF0, 0x00, 0x02, 0xFF, 0x00, 0x00, 0x2F, 0xF0, 0x00, 0x03,
    0xFF, 0x00, 0x00, 0x3F, 0xF0, 0x00, 0x03, 0xFF, 0x00, 0x00, 0x00, 0x15, 0x03, 0xFF, 0xFF, 0xF8,
    0x7F, 0xFF, 0xFF, 0xC0, 0x00, 0x00, 0x00, 0x00, 0x00, 0x00, 0x00, 0x00, 0x00, 0x00, 0x00, 0x00,
    0x00, 0x00, 0x01, 0xF0, 0x00, 0x00, 0x2F, 0x00, 0x00, 0x02, 0xF0, 0x00, 0x00, 0x2E, 0x00, 0x00,
    0x02, 0xE0, 0x00, 0x00, 0x2F, 0x00, 0x00, 0x02, 0xF0, 0x00, 0x00, 0x2F, 0x00, 0x00, 0x03, 0xF0,
    0x00, 0x00, 0x3F, 0x00, 0x00, 0x03, 0xF0, 0x00, 0x00, 0x3F, 0x00, 0x00, 0x03, 0xF0, 0x00, 0x00,
    0x3F, 0x00, 0x00, 0x03, 0xF4, 0x00, 0x00, 0x7F, 0x40, 0x00, 0x0A, 0xA0, 0x7F, 0xC0, 0xFE, 0x03,
    0xF8, 0x0F, 0xE0, 0x3F, 0x80, 0xFE, 0x03, 0xF8, 0x0F, 0xE0, 0x3F, 0x80, 0xFE, 0x03, 0xFC, 0x0F,
    0xF0, 0x3F, 0xC0, 0xFF, 0x03, 0xFC, 0x0F, 0xF0, 0x3F, 0xC0, 0xFF, 0x03, 0xFD, 0x0F, 0xF4, 0x7F,
    0xD1, 0xFF, 0x47, 0xFE, 0x2F, 0xF8, 0x2C, 0x01, 0xD0, 0x0E, 0x00, 0x38, 0x00, 0xBF, 0xC0, 0x6F,
    0x00, 0x0B, 0xD0, 0x3F, 0x80, 0xFE, 0x07, 0xFC, 0x2F, 0xF0, 0x00, 0x00, 0x00, 0x00, 0x00, 0x00,
    0x00, 0x05, 0x00, 0xBC, 0x02, 0xF0, 0x0B, 0xC0, 0x2E, 0x00, 0xB8, 0x02, 0xF0, 0x0B, 0xC0, 0x2F,
    0x00, 0xFC, 0x03, 0xF0, 0x0F, 0xC0, 0x3F, 0x00, 0xFC, 0x03, 0xF0, 0x0F, 0xD0, 0x7F, 0x41, 0xD0,
    0x0E, 0x00, 0xB0, 0x03, 0xC0, 0x07, 0xFC, 0x02, 0xF4, 0x1F, 0xC0, 0xBF, 0x03, 0xFC, 0x0F, 0xF4,
    0x3F, 0xD0, 0x00, 0x00, 0x00, 0x00, 0x00, 0x00, 0x00, 0x00, 0x00, 0x00, 0x0A, 0xA4, 0x2F, 0xD0,
    0xBF, 0x42, 0xFD, 0x07, 0xF4, 0x1F, 0xD0, 0x7F, 0x41, 0xFD, 0x07, 0xF4, 0x1F, 0xD0, 0x7F, 0x41,
    0xFD, 0x07, 0xF4, 0x1F, 0xD0, 0x7F, 0x81, 0xFE, 0x07, 0xF8, 0x1F, 0xE0, 0x7F, 0xC2, 0xFF, 0x0B,
    0xFC, 0x2F, 0xF0, 0xFF, 0xC3, 0xFF, 0x0F, 0xFC, 0x00, 0x0B, 0xC2, 0xF0, 0xBC, 0x2E, 0x0B, 0x82,
    0xF0, 0xBC, 0x2F, 0x0F, 0xC3, 0xF0, 0xFC, 0x3F, 0x0F, 0xC3, 0xF0, 0xFD, 0x7F, 0x40, 0xAA, 0x40,
    0x00, 0x2A, 0x8B, 0xF4, 0x00, 0x03, 0xFC, 0xBF, 0x40, 0x00, 0x3F, 0xCB, 0xF4, 0x00, 0x03, 0xFC,
    0x7F, 0x40, 0x00, 0x3F, 0xC7, 0xF4, 0x00, 0x03, 0xFC, 0x7F, 0x40, 0x00, 0x3F, 0xC7, 0xF4, 0x00,
    0x03, 0xFC, 0x7F, 0x40, 0x00, 0x3F, 0xC7, 0xF4, 0x00, 0x03, 0xFC, 0x7F, 0x40, 0x00, 0x3F, 0xC7,
    0xF4, 0x00, 0x03, 0xFC, 0x7F, 0x40, 0x00, 0x3F, 0x87, 0xF4, 0x00, 0x07, 0xF8, 0x7F, 0x80, 0x00,
    0x7F, 0x87, 0xF8, 0x00, 0x07, 0xF8, 0x7F, 0x80, 0x00, 0x7F, 0x87, 0xF8, 0x00, 0x07, 0xF4, 0x7F,
    0xC0, 0x00, 0x7F, 0x4B, 0xFC, 0x00, 0x07, 0xF4, 0xBF, 0xC0, 0x00, 0x7F, 0x4B, 0xFC, 0x00, 0x0B,
    0xF4, 0xFF, 0xC0, 0x00, 0xBF, 0x0F, 0xFC, 0x00, 0x0B, 0xF0, 0xFF, 0xC0, 0x00, 0xFF, 0x00, 0x00,
    0x00, 0x1F, 0xF0, 0x00, 0x01, 0x0B, 0xFF, 0x00, 0x00, 0x7F, 0xFF, 0xD0, 0x00, 0x07, 0xFF, 0xFC,
    0x00, 0x00, 0xBF, 0xFF, 0x40, 0x00, 0x0B, 0xFF, 0xE0, 0x00, 0x00, 0xBF, 0xE0, 0x00, 0x2F, 0x40,
    0x00, 0x00, 0x00, 0x03, 0xF8, 0x00, 0x00, 0x00, 0x00, 0x3F, 0x80, 0x00, 0x00, 0x3F, 0x47, 0xFC,
    0x00, 0x00, 0x03, 0xF8, 0xBF, 0xC0, 0x00, 0x00, 0x3F, 0x80, 0x00, 0x00, 0x00, 0x07, 0xFC, 0x00,
    0x00, 0x00, 0x00, 0xBF, 0xC0, 0x00, 0x00, 0x00, 0x00, 0x00, 0x00, 0x00, 0x00, 0x00, 0x00, 0x00,
    0x50, 0x00, 0x00, 0x00, 0x00, 0x2F, 0x00, 0x00, 0x00, 0x1F, 0x42, 0xF0, 0x00, 0x00, 0x02, 0xF0,
    0x2F, 0x00, 0x00, 0x00, 0x2F, 0x02, 0xE0, 0x00, 0x00, 0x02, 0xF0, 0x2E, 0x00, 0x00, 0x00, 0x2F,
    0x02, 0xF0, 0x00, 0x00, 0x02, 0xF0, 0x2F, 0x00, 0x00, 0x00, 0x2F, 0x02, 0xF0, 0x00, 0x00, 0x02,
    0xF0, 0x3F, 0x00, 0x00, 0x00, 0x2F, 0x03, 0xF0, 0x00, 0x00, 0x02, 0xF0, 0x3F, 0x00, 0x00, 0x00,
    0x3F, 0x03, 0xF0, 0x00, 0x00, 0x03, 0xE0, 0x3F, 0x00, 0x00, 0x00, 0x3E, 0x03, 0xF0, 0x00, 0x00,
    0x03, 0xE0, 0x3F, 0x40, 0x00, 0x00, 0x3E, 0x07, 0xF4, 0x00, 0x00, 0x03, 0xD0, 0x00, 0x00, 0x00,
    0x00, 0x3D, 0x00, 0x00, 0x00, 0x00, 0x07, 0xD0, 0x00, 0x00, 0x00, 0x00, 0xFD, 0x00, 0x00, 0x00,
    0x00, 0x2F, 0xC0, 0x00, 0x00, 0x01, 0xFF, 0xFC, 0x00, 0x00, 0x00, 0x3F, 0xFF, 0x00, 0x00, 0x00,
    0x07, 0xFE, 0x40, 0x00, 0x00, 0x00, 0x00, 0x00, 0x00, 0x00, 0x00, 0x00, 0x00, 0x03, 0xC0, 0x00,
    0x02, 0xFC, 0x00, 0x02, 0xFF, 0x80, 0x02, 0xE0, 0xB8, 0x02, 0xD0, 0x07, 0x81, 0x80, 0x1A, 0xB4,
    0x00, 0x0B, 0xF4, 0x00, 0x02, 0xFD, 0x00, 0x00, 0xFF, 0x40, 0x00, 0x3F, 0xD0, 0x00, 0x0F, 0xF0,
    0x00, 0x03, 0xFC, 0x00, 0x00, 0xFF, 0x00, 0x00, 0x3F, 0xC0, 0x00, 0x0F, 0xF0, 0x00, 0x03, 0xFC,
    0x00, 0x00, 0xFF, 0x00, 0x00, 0x3F, 0xC0, 0x00, 0x0F, 0xF0, 0x00, 0x03, 0xFC, 0x00, 0x00, 0xFE,
    0x00, 0x00, 0x3F, 0x80, 0x00, 0x0F, 0xE0, 0x00, 0x07, 0xF8, 0x00, 0x01, 0xFE, 0x00, 0x00, 0x7F,
    0x40, 0x00, 0x1F, 0xD0, 0x00, 0x07, 0xF4, 0x00, 0x01, 0xFD, 0x00, 0x00, 0xBF, 0x00, 0x00, 0x3F,
    0xC0, 0x10, 0x7F, 0xF0, 0x1F, 0xFF, 0xF8, 0x07, 0xFF, 0xFD, 0x01, 0xFF, 0xFE, 0x00, 0x7F, 0xFE,
    0x00, 0x1F, 0xF9, 0x00, 0x00, 0x00, 0x00, 0x00, 0x00, 0x00, 0x90, 0x00, 0x00, 0x0F, 0xC0, 0x00,
    0x00, 0xBF, 0xC0, 0x00, 0x0B, 0xCB, 0xC0, 0x00, 0xB8, 0x07, 0xC0, 0x0B, 0x00, 0x02, 0xC0, 0x00,
    0x00, 0x00, 0x00, 0x00, 0x00, 0x00, 0x00, 0x01, 0xF4, 0x00, 0x00, 0x07, 0xD0, 0x00, 0x00, 0x1F,
    0x00, 0x00, 0x00, 0x7C, 0x00, 0x00, 0x02, 0xF0, 0x00, 0x00, 0x0B, 0xC0, 0x00, 0x00, 0x2F, 0x00,
    0x00, 0x00, 0xBC, 0x00, 0x00, 0x02, 0xF0, 0x00, 0x00, 0x0B, 0xC0, 0x00, 0x00, 0x2F, 0x00, 0x00,
    0x00, 0xBC, 0x00, 0x00, 0x02, 0xE0, 0x00, 0x00, 0x0F, 0x80, 0x00, 0x00, 0x3E, 0x00, 0x00, 0x00,
    0xF8, 0x00, 0x00, 0x03, 0xE0, 0x00, 0x00, 0x1F, 0x40, 0x00, 0x00, 0xFD, 0x00, 0x00, 0x1F, 0xF0,
    0x00, 0x1F, 0xFF, 0xC0, 0x00, 0xFF, 0xFC, 0x00, 0x07, 0xFA, 0x40, 0x00, 0x00, 0x00, 0x00, 0x00,
    0x07, 0xF0, 0x01, 0xFF, 0x00, 0x07, 0xF0, 0x03, 0xFD, 0x00, 0x0B, 0xF0, 0x07, 0xF8, 0x00, 0x0B,
    0xF0, 0x0F, 0xF0, 0x00, 0x0B, 0xF0, 0x2F, 0xE0, 0x00, 0x0F, 0xF0, 0x7F, 0xC0, 0x00, 0x0F, 0xE0,
    0xFF, 0x40, 0x00, 0x0F, 0xE1, 0xFE, 0x00, 0x00, 0x0F, 0xE3, 0xFC, 0x00, 0x00, 0x0F, 0xEB, 0xF8,
    0x00, 0x00, 0x0F, 0xFF, 0xF0, 0x00, 0x00, 0x1F, 0xFF, 0xD0, 0x00, 0x00, 0x1F, 0xFF, 0x80, 0x00,
    0x00, 0x1F, 0xFF, 0x40, 0x00, 0x00, 0x2F, 0xFF, 0xC0, 0x00, 0x00, 0x2F, 0xFF, 0xF0, 0x00, 0x00,
    0x2F, 0xFF, 0xFC, 0x00, 0x00, 0x3F, 0xCF, 0xFF, 0x00, 0x00, 0x3F, 0xC3, 0xFF, 0xC0, 0x00, 0x3F,
    0xC1, 0xFF, 0xF0, 0x00, 0x3F, 0xC0, 0xBF, 0xFC, 0x00, 0x3F, 0xC0, 0x3F, 0xFF, 0x00, 0x7F, 0xC0,
    0x0F, 0xFF, 0xC0, 0x7F, 0xC0, 0x07, 0xFF, 0xF0, 0x7F, 0xC0, 0x02, 0xFF, 0xFC, 0x00, 0x00, 0x00,
    0x00, 0x00, 0x00, 0x00, 0x00, 0x00, 0x00, 0x00, 0x3F, 0xF0, 0x00, 0x00, 0x00, 0x3F, 0xF0, 0x00,
    0x00, 0x00, 0x3F, 0xE0, 0x00, 0x00, 0x00, 0x3F, 0xD0, 0x00, 0x00, 0x00, 0x3F, 0xC0, 0x00, 0x00,
    0x00, 0x7F, 0x80, 0x00, 0x00, 0x00, 0xFF, 0x40, 0x00, 0x00, 0x00, 0xFF, 0x00, 0x00, 0x00, 0x00,
    0x00, 0x00, 0x00, 0x1F, 0x80, 0x00, 0x00, 0x1F, 0x80, 0x00, 0x00, 0x1F, 0x40, 0x00, 0x00, 0x2F,
    0x40, 0x00, 0x00, 0x2F, 0x40, 0x00, 0x00, 0x2F, 0x40, 0x00, 0x00, 0x2F, 0x00, 0x00, 0x00, 0x2F,
    0x00, 0x00, 0x00, 0x3F, 0x02, 0xFC, 0x00, 0x3F, 0x07, 0xF0, 0x00, 0x3F, 0x1F, 0xC0, 0x00, 0x3F,
    0x3F, 0x40, 0x00, 0x3F, 0xFE, 0x00, 0x00, 0x3F, 0xFC, 0x00, 0x00, 0x3F, 0xF8, 0x00, 0x00, 0x3F,
    0xFE, 0x00, 0x00, 0x3F, 0xBF, 0x80, 0x00, 0x7F, 0x3F, 0xE0, 0x00, 0x7F, 0x0F, 0xF8, 0x00, 0x7F,
    0x07, 0xFE, 0x00, 0x7F, 0x02, 0xFF, 0x80, 0x7F, 0x00, 0xFF, 0xE0, 0xBF, 0x00, 0x3F, 0xFC, 0x00,
    0x00, 0x00, 0x00, 0x00, 0x00, 0x00, 0x00, 0x00, 0x00, 0x00, 0x00, 0x00, 0x00, 0x00, 0x00, 0x00,
    0x00, 0x00, 0x00, 0x00, 0xFF, 0xC0, 0x00, 0x00, 0xFF, 0x80, 0x00, 0x01, 0xFF, 0x00, 0x00, 0x01,
    0xFF, 0x00, 0x00, 0x01, 0xFE, 0x00, 0x00, 0x03, 0xFD, 0x00, 0x00, 0x03, 0xFC, 0x00, 0x00, 0x0B,
    0xFC, 0x00, 0x00, 0x05, 0x00, 0x50, 0x07, 0xC0, 0xF8, 0x01, 0xF0, 0xBC, 0x00, 0x7C, 0x3D, 0x00,
    0x2E, 0x3F, 0x00, 0x0B, 0x9F, 0x40, 0x02, 0xEF, 0x80, 0x00, 0xFF, 0xC0, 0x00, 0x3F, 0xD0, 0x00,
    0x0F, 0xFC, 0x00, 0x03, 0xFF, 0xC0, 0x00, 0xF7, 0xFC, 0x00, 0x3D, 0x3F, 0xC0, 0x1F, 0x47, 0xF8,
    0x07, 0xC0, 0xBF, 0x81, 0xF0, 0x0F, 0xF8, 0x00, 0xA0, 0x00, 0x00, 0x02, 0xD0, 0x00, 0x00, 0x03,
    0xC0, 0x00, 0x00, 0x0B, 0xC0, 0x00, 0x00, 0x0F, 0x40, 0x00, 0x00, 0x2F, 0x00, 0x00, 0x00, 0x00,
    0x00, 0x00, 0x00, 0x00, 0x00, 0x00, 0x00, 0x00, 0x00, 0x00, 0x00, 0x00, 0x00, 0x00, 0x00, 0x1F,
    0xC0, 0x00, 0x00, 0x1F, 0xC0, 0x00, 0x00, 0x1F, 0xC0, 0x00, 0x00, 0x1F, 0xC0, 0x00, 0x00, 0x2F,
    0xC0, 0x00, 0x00, 0x2F, 0xC0, 0x00, 0x00, 0x2F, 0xC0, 0x00, 0x00, 0x2F, 0xC0, 0x00, 0x00, 0x2F,
    0xC0, 0x00, 0x00, 0x2F, 0xC0, 0x00, 0x00, 0x3F, 0xC0, 0x00, 0x00, 0x3F, 0xC0, 0x00, 0x00, 0x3F,
    0xC0, 0x00, 0x00, 0x3F, 0xC0, 0x00, 0x00, 0x3F, 0x80, 0x00, 0x00, 0x3F, 0x80, 0x00, 0x00, 0x3F,
    0x80, 0x00, 0x00, 0x3F, 0x80, 0x00, 0x00, 0x3F, 0x80, 0x00, 0x00, 0x3F, 0x80, 0x00, 0x00, 0x7F,
    0xEA, 0xAF, 0xFF, 0x7F, 0xFF, 0xFF, 0xFF, 0x7F, 0xFF, 0xFF, 0xFF, 0x7F, 0xFF, 0xFF, 0xFF, 0x7F,
    0xFF, 0xFF, 0xFF, 0x00, 0x1E, 0x00, 0x0F, 0x00, 0x07, 0xC0, 0x03, 0xD0, 0x01, 0xF0, 0x00, 0xA8,
    0x00, 0x00, 0x00, 0x00, 0x00, 0x00, 0x00, 0x00, 0x00, 0x00, 0x54, 0x00, 0x2F, 0x00, 0x0F, 0xC0,
    0x03, 0xF0, 0x00, 0xFC, 0x00, 0x3F, 0x00, 0x0F, 0xC0, 0x07, 0xE0, 0x01, 0xF8, 0x00, 0x7D, 0x00,
    0x1F, 0x40, 0x0B, 0xD0, 0x02, 0xF4, 0x00, 0xBD, 0x00, 0x2F, 0x40, 0x0B, 0xD0, 0x03, 0xF4, 0x00,
    0xFD, 0x00, 0x3F, 0x40, 0x0F, 0xD0, 0x03, 0xF4, 0x00, 0xFF, 0xFC, 0x3F, 0xFF, 0x0B, 0xFF, 0xC0,
    0x0A, 0x80, 0x00, 0x00, 0x1F, 0xC0, 0x00, 0x00, 0x1F, 0xC0, 0x00, 0x00, 0x1F, 0xC0, 0x00, 0x00,
    0x1F, 0xC0, 0x00, 0x00, 0x2F, 0xC0, 0x00, 0x00, 0x2F, 0xC0, 0x00, 0x00, 0x2F, 0xC0, 0x00, 0x00,
    0x2F, 0xC0, 0x00, 0x00, 0x2F, 0xC0, 0x00, 0x00, 0x3F, 0xC0, 0x00, 0x00, 0x3F, 0xC0, 0x00, 0x00,
    0x3F, 0xC0, 0x00, 0x00, 0x3F, 0xC0, 0x00, 0x00, 0x3F, 0x80, 0x00, 0x00, 0x3F, 0x80, 0x00, 0x00,
    0x3F, 0x80, 0x00, 0x00, 0x3F, 0x80, 0x00, 0x00, 0x3F, 0x80, 0x00, 0x00, 0x3F, 0x80, 0x00, 0x00,
    0x7F, 0xEA, 0xAF, 0xFF, 0x7F, 0xFF, 0xFF, 0xFF, 0x7F, 0xFF, 0xFF, 0xFF, 0x7F, 0xFF, 0xFF, 0xFF,
    0x7F, 0xFF, 0xFF, 0xFF, 0x00, 0x00, 0x00, 0x00, 0x00, 0x00, 0x00, 0x00, 0x00, 0x00, 0x00, 0x00,
    0x00, 0x00, 0x00, 0x00, 0x00, 0x00, 0x00, 0x00, 0x00, 0x0F, 0xFC, 0x00, 0x00, 0x0F, 0xF8, 0x00,
    0x00, 0x0F, 0xF4, 0x00, 0x00, 0x1F, 0xF0, 0x00, 0x00, 0x1F, 0xE0, 0x00, 0x00, 0x2F, 0xD0, 0x00,
    0x00, 0x3F, 0xC0, 0x00, 0x00, 0x7F, 0xC0, 0x00, 0x05, 0x40, 0x02, 0xF0, 0x00, 0xFC, 0x00, 0x3F,
    0x00, 0x0F, 0xC0, 0x03, 0xF0, 0x00, 0xFC, 0x00, 0x7E, 0x00, 0x1F, 0x80, 0x07, 0xD0, 0x01, 0xF4,
    0x00, 0xBD, 0x00, 0x2F, 0x40, 0x0B, 0xD0, 0x02, 0xF4, 0x00, 0xBD, 0x00, 0x3F, 0x40, 0x0F, 0xD0,
    0x03, 0xF4, 0x00, 0xFD, 0x00, 0x3F, 0x40, 0x0F, 0xFF, 0xC3, 0xFF, 0xF0, 0xBF, 0xFC, 0x00, 0x00,
    0x00, 0x00, 0x00, 0x00, 0x00, 0x00, 0x00, 0x07, 0xFE, 0x01, 0xFF, 0x40, 0xBF, 0xC0, 0x2F, 0xE0,
    0x0B, 0xF4, 0x03, 0xFC, 0x01, 0xFF, 0x00, 0xFF, 0x80, 0x0A, 0x80, 0x00, 0x00, 0x1F, 0xC0, 0x00,
    0x00, 0x1F, 0xC0, 0x00, 0x00, 0x1F, 0xC0, 0x00, 0x00, 0x1F, 0xC0, 0x00, 0x00, 0x2F, 0xC0, 0x00,
    0x00, 0x2F, 0xC0, 0x01, 0xF0, 0x2F, 0xC0, 0x02, 0xF0, 0x2F, 0xC0, 0x02, 0xE0, 0x2F, 0xC0, 0x03,
    0xE0, 0x3F, 0xC0, 0x03, 0xE0, 0x3F, 0xC0, 0x03, 0xE0, 0x3F, 0xC0, 0x00, 0x00, 0x3F, 0xC0, 0x00,
    0x00, 0x3F, 0x80, 0x00, 0x00, 0x3F, 0x80, 0x00, 0x00, 0x3F, 0x80, 0x00, 0x00, 0x3F, 0x80, 0x00,
    0x00, 0x3F, 0x80, 0x00, 0x00, 0x3F, 0x80, 0x00, 0x00, 0x7F, 0xEA, 0xAF, 0xFF, 0x7F, 0xFF, 0xFF,
    0xFF, 0x7F, 0xFF, 0xFF, 0xFF, 0x7F, 0xFF, 0xFF, 0xFF, 0x7F, 0xFF, 0xFF, 0xFF, 0x00, 0x00, 0x3E,
    0x07, 0xC0, 0x3D, 0x0B, 0xC0, 0x3D, 0x0F, 0xC0, 0x3D, 0x0F, 0xC0, 0x7D, 0x0F, 0xC0, 0x7D, 0x0F,
    0xC0, 0x00, 0x0F, 0x80, 0x00, 0x1F, 0x80, 0x00, 0x1F, 0x80, 0x00, 0x1F, 0x40, 0x00, 0x1F, 0x40,
    0x00, 0x2F, 0x40, 0x00, 0x2F, 0x40, 0x00, 0x2F, 0x40, 0x00, 0x2F, 0x40, 0x00, 0x2F, 0x40, 0x00,
    0x3F, 0x40, 0x00, 0x3F, 0x40, 0x00, 0x3F, 0x40, 0x00, 0x3F, 0x40, 0x00, 0x3F, 0x40, 0x00, 0x3F,
    0xFF, 0x00, 0x3F, 0xFF, 0x00, 0x2F, 0xFF, 0x00, 0x1F, 0xC0, 0x00, 0x00, 0x1F, 0xC0, 0x00, 0x00,
    0x1F, 0xC0, 0x00, 0x00, 0x1F, 0xC0, 0x00, 0x00, 0x2F, 0xC0, 0x00, 0x00, 0x2F, 0xC0, 0x02, 0xF0,
    0x2F, 0xC0, 0x03, 0xF4, 0x2F, 0xC0, 0x07, 0xF8, 0x2F, 0xC0, 0x0B, 0xF8, 0x2F, 0xC0, 0x0F, 0xFC,
    0x3F, 0xC0, 0x00, 0x00, 0x3F, 0xC0, 0x00, 0x00, 0x3F, 0xC0, 0x00, 0x00, 0x3F, 0xC0, 0x00, 0x00,
    0x3F, 0x80, 0x00, 0x00, 0x3F, 0x80, 0x00, 0x00, 0x3F, 0x80, 0x00, 0x00, 0x3F, 0x80, 0x00, 0x00,
    0x3F, 0x80, 0x00, 0x00, 0x3F, 0x80, 0x00, 0x00, 0x7F, 0xEA, 0xAF, 0xFF, 0x7F, 0xFF, 0xFF, 0xFF,
    0x7F, 0xFF, 0xFF, 0xFF, 0x7F, 0xFF, 0xFF, 0xFF, 0x7F, 0xFF, 0xFF, 0xFF, 0x07, 0xC0, 0x00, 0x02,
    0xF0, 0x00, 0x00, 0xFC, 0x00, 0x00, 0x3F, 0x00, 0x00, 0x0F, 0xC0, 0x00, 0x03, 0xF0, 0x00, 0x00,
    0xF8, 0x03, 0xF0, 0x7E, 0x01, 0xFC, 0x1F, 0x80, 0xBF, 0x47, 0xD0, 0x3F, 0xD1, 0xF4, 0x0F, 0xF8,
    0xBD, 0x00, 0x00, 0x2F, 0x40, 0x00, 0x0B, 0xD0, 0x00, 0x02, 0xF4, 0x00, 0x00, 0xBD, 0x00, 0x00,
    0x3F, 0x40, 0x00, 0x0F, 0xD0, 0x00, 0x03, 0xF4, 0x00, 0x00, 0xFD, 0x00, 0x00, 0x3F, 0x40, 0x00,
    0x0F, 0xFF, 0xC0, 0x03, 0xFF, 0xF0, 0x00, 0xBF, 0xFC, 0x00, 0x00, 0x00, 0x00, 0x00, 0x00, 0x00,
    0x00, 0x00, 0x00, 0x00, 0x00, 0x00, 0x00, 0x2D, 0x00, 0x00, 0x00, 0x00, 0x00, 0x00, 0xF8, 0x00,
    0x00, 0x00, 0x00, 0x00, 0x02, 0xF0, 0x00, 0x00, 0x00, 0x00, 0x00, 0x03, 0xD0, 0x00, 0x00, 0x00,
    0x00, 0x00, 0x0F, 0xC0, 0x00, 0x00, 0x00, 0x00, 0x00, 0x1F, 0x40, 0x00, 0x00, 0x00, 0x0A, 0x80,
    0x3E, 0x00, 0x00, 0x00, 0x00, 0x1F, 0xC0, 0xBC, 0x00, 0x00, 0x00, 0x00, 0x1F, 0xC1, 0xF8, 0x00,
    0x00, 0x00, 0x00, 0x1F, 0xC3, 0xF0, 0x00, 0x00, 0x00, 0x00, 0x1F, 0xC7, 0xD0, 0x00, 0x00, 0x00,
    0x00, 0x2F, 0xCF, 0xC0, 0x00, 0x00, 0x00, 0x00, 0x2F, 0xEF, 0x00, 0x00, 0x00, 0x00, 0x00, 0x2F,
    0xFE, 0x00, 0x00, 0x00, 0x00, 0x00, 0x2F, 0xFC, 0x00, 0x00, 0x00, 0x00, 0x00, 0x2F, 0xF4, 0x00,
    0x00, 0x00, 0x00, 0x00, 0x3F, 0xF0, 0x00, 0x00, 0x00, 0x00, 0x00, 0x3F, 0xC0, 0x00, 0x00, 0x00,
    0x00, 0x00, 0x3F, 0xC0, 0x00, 0x00, 0x00, 0x00, 0x00, 0x3F, 0xC0, 0x00, 0x00, 0x00, 0x00, 0x00,
    0xBF, 0x80, 0x00, 0x00, 0x00, 0x00, 0x01, 0xFF, 0x80, 0x00, 0x00, 0x00, 0x00, 0x03, 0xFF, 0x80,
    0x00, 0x00, 0x00, 0x00, 0x0B, 0xFF, 0x80, 0x00, 0x00, 0x00, 0x00, 0x0F, 0xFF, 0x80, 0x00, 0x00,
    0x00, 0x00, 0x3F, 0xBF, 0x80, 0x00, 0x00, 0x00, 0x00, 0x7F, 0x7F, 0xEA, 0xAF, 0xFF, 0x00, 0x00,
    0xFD, 0x7F, 0xFF, 0xFF, 0xFF, 0x00, 0x02, 0xFC, 0x7F, 0xFF, 0xFF, 0xFF, 0x00, 0x03, 0xF0, 0x7F,
    0xFF, 0xFF, 0xFF, 0x00, 0x0F, 0xE0, 0x7F, 0xFF, 0xFF, 0xFF, 0x00, 0x1F, 0xC0, 0x00, 0x00, 0x00,
    0x00, 0x00, 0x3F, 0x40, 0x00, 0x00, 0x00, 0x00, 0x00, 0xBF, 0x00, 0x00, 0x00, 0x00, 0x00, 0x01,
    0xFC, 0x00, 0x00, 0x00, 0x00, 0x00, 0x03, 0xF8, 0x00, 0x00, 0x00, 0x00, 0x00, 0x0B, 0xF0, 0x00,
    0x00, 0x00, 0x00, 0x00, 0x0F, 0x90, 0x00, 0x00, 0x00, 0x00, 0x00, 0x28, 0x00, 0x00, 0x00, 0x00,
    0x00, 0x00, 0x00, 0x00, 0x00, 0x00, 0x00, 0x00, 0x00, 0x00, 0x00, 0x01, 0x50, 0x00, 0x00, 0x00,
    0x0B, 0xC0, 0x00, 0x00, 0x00, 0x3F, 0x00, 0x00, 0x00, 0x00, 0xFC, 0x00, 0x00, 0x00, 0x03, 0xF0,
    0x00, 0x00, 0x00, 0x0F, 0xC0, 0x00, 0x00, 0x00, 0x3E, 0x00, 0x00, 0x00, 0x01, 0xF8, 0x00, 0x00,
    0x00, 0x07, 0xE0, 0x00, 0x00, 0x00, 0x1F, 0x40, 0x00, 0x00, 0x00, 0x7D, 0x09, 0x00, 0x00, 0x02,
    0xFA, 0xF8, 0x00, 0x00, 0x0B, 0xFE, 0x00, 0x00, 0x00, 0x7F, 0x80, 0x00, 0x00, 0x1F, 0xFD, 0x00,
    0x00, 0x07, 0xFF, 0xF4, 0x00, 0x01, 0xFF, 0x4F, 0xD0, 0x00, 0x7F, 0xD0, 0x3F, 0x40, 0x00, 0x14,
    0x00, 0xFD, 0x00, 0x00, 0x00, 0x03, 0xF4, 0x00, 0x00, 0x00, 0x0F, 0xD0, 0x00, 0x00, 0x00, 0x3F,
    0xFF, 0x00, 0x00, 0x00, 0xFF, 0xFC, 0x00, 0x00, 0x02, 0xFF, 0xF0, 0x00, 0x00, 0x00, 0x64, 0x00,
    0x00, 0x00, 0x00, 0x3C, 0x00, 0x00, 0x00, 0x00, 0x1F, 0x00, 0x00, 0x00, 0x00, 0x0F, 0x40, 0x00,
    0x00, 0x00, 0x07, 0xC0, 0x00, 0x00, 0x00, 0x03, 0xF0, 0x00, 0x00, 0x00, 0x00, 0x00, 0x00, 0x00,
    0x00, 0x00, 0x00, 0x00, 0x00, 0x00, 0x00, 0x00, 0x00, 0x00, 0x00, 0x00, 0x00, 0x00, 0x00, 0x00,
    0x00, 0x00, 0x00, 0x02, 0xF8, 0x2F, 0xE0, 0x00, 0x00, 0xFF, 0x0B, 0xFC, 0x00, 0x00, 0x3F, 0x83,
    0xFF, 0x80, 0x00, 0x0F, 0xE0, 0xFF, 0xF0, 0x00, 0x03, 0xF8, 0x3F, 0xFE, 0x00, 0x00, 0xFE, 0x0F,
    0xFF, 0xC0, 0x00, 0x7F, 0x83, 0xFF, 0xF8, 0x00, 0x1F, 0xD0, 0xFE, 0xFF, 0x00, 0x07, 0xF4, 0x3F,
    0xAF, 0xD0, 0x02, 0xFD, 0x1F, 0xE3, 0xFC, 0x00, 0xBF, 0x47, 0xF8, 0xBF, 0x40, 0x2F, 0xD1, 0xFE,
    0x0F, 0xF0, 0x0F, 0xF0, 0xBF, 0x82, 0xFD, 0x03, 0xFC, 0x2F, 0xE0, 0x3F, 0xC0, 0xFF, 0x0B, 0xF8,
    0x0B, 0xF4, 0x3F, 0xC3, 0xFF, 0x00, 0xFE, 0x0F, 0xF0, 0xFF, 0xC0, 0x2F, 0xC3, 0xFC, 0x3F, 0xF0,
    0x07, 0xF9, 0xFF, 0x0F, 0xFC, 0x00, 0xFF, 0x7F, 0xC3, 0xFF, 0x00, 0x1F, 0xFF, 0xF0, 0xFF, 0xC0,
    0x03, 0xFF, 0xF8, 0x7F, 0xF0, 0x00, 0x7F, 0xFE, 0x1F, 0xFC, 0x00, 0x0F, 0xFF, 0x87, 0xFF, 0x00,
    0x01, 0xFF, 0xE0, 0x00, 0x00, 0x0A, 0x00, 0x00, 0x00, 0x2E, 0x00, 0x00, 0x00, 0x3C, 0x00, 0x00,
    0x00, 0xBC, 0x00, 0x00, 0x00, 0xF4, 0x00, 0x00, 0x02, 0xF0, 0x00, 0x00, 0x00, 0x00, 0x00, 0x00,
    0x00, 0x00, 0x00, 0x00, 0x00, 0x00, 0x00, 0x00, 0x00, 0x00, 0x00, 0x00, 0x00, 0x00, 0x00, 0x00,
    0x01, 0x50, 0x00, 0x1F, 0x2F, 0xFE, 0x00, 0x1F, 0xFF, 0xFF, 0xC0, 0x2F, 0xF4, 0x0B, 0xE0, 0x2F,
    0xD0, 0x03, 0xF0, 0x2F, 0xC0, 0x02, 0xF4, 0x3F, 0x40, 0x01, 0xF4, 0x3F, 0x40, 0x01, 0xF8, 0x3F,
    0x40, 0x01, 0xF8, 0x3F, 0x40, 0x01, 0xFC, 0x3F, 0x40, 0x02, 0xFC, 0x3F, 0x80, 0x02, 0xFC, 0x3F,
    0x80, 0x02, 0xFC, 0x7F, 0x80, 0x02, 0xFC, 0x7F, 0x80, 0x02, 0xFC, 0x7F, 0x80, 0x02, 0xFC, 0xBF,
    0xC0, 0x02, 0xFD, 0x00, 0x00, 0x00, 0x00, 0x2A, 0x81, 0xFE, 0x00, 0x00, 0x0F, 0xF0, 0xBF, 0xC0,
    0x00, 0x03, 0xFC, 0x2F, 0xF8, 0x00, 0x00, 0xFE, 0x0F, 0xFF, 0x00, 0x00, 0x3F, 0x83, 0xFF, 0xE0,
    0x00, 0x0F, 0xE0, 0xFF, 0xFC, 0x00, 0x07, 0xF8, 0x3F, 0xFF, 0x40, 0x01, 0xFD, 0x0F, 0xEF, 0xF0,
    0x00, 0x7F, 0x43, 0xFA, 0xFD, 0x00, 0x2F, 0xD1, 0xFE, 0x3F, 0xC0, 0x0B, 0xF4, 0x7F, 0x8B, 0xF4,
    0x02, 0xFD, 0x1F, 0xE0, 0xFF, 0x00, 0xFF, 0x0B, 0xF8, 0x2F, 0xD0, 0x3F, 0xC2, 0xFE, 0x03, 0xFC,
    0x0F, 0xF0, 0xBF, 0x80, 0xBF, 0x43, 0xFC, 0x3F, 0xF0, 0x0F, 0xE0, 0xFF, 0x0F, 0xFC, 0x03, 0xFC,
    0x3F, 0xC3, 0xFF, 0x00, 0x7F, 0x9F, 0xF0, 0xFF, 0xC0, 0x0F, 0xF7, 0xFC, 0x3F, 0xF0, 0x01, 0xFF,
    0xFF, 0x0F, 0xFC, 0x00, 0x3F, 0xFF, 0x87, 0xFF, 0x00, 0x07, 0xFF, 0xE1, 0xFF, 0xC0, 0x00, 0xFF,
    0xF8, 0x7F, 0xF0, 0x00, 0x1F, 0xFE, 0x00, 0x00, 0x00, 0x00, 0x00, 0x00, 0x00, 0x00, 0x00, 0x00,
    0x00, 0x00, 0x03, 0xFE, 0x00, 0x00, 0x00, 0x01, 0xFF, 0x40, 0x00, 0x00, 0x00, 0x7F, 0xC0, 0x00,
    0x00, 0x00, 0x2F, 0xF0, 0x00, 0x00, 0x00, 0x0B, 0xF8, 0x00, 0x00, 0x00, 0x03, 0xFD, 0x00, 0x00,
    0x00, 0x01, 0xFF, 0x00, 0x00, 0x00, 0x00, 0xBF, 0x80, 0x00, 0x00, 0x00, 0x01, 0x50, 0x00, 0x1F,
    0x2F, 0xFE, 0x00, 0x1F, 0xFF, 0xFF, 0xC0, 0x2F, 0xF4, 0x0B, 0xE0, 0x2F, 0xD0, 0x03, 0xF0, 0x2F,
    0xC0, 0x02, 0xF4, 0x3F, 0x40, 0x01, 0xF4, 0x3F, 0x40, 0x01, 0xF8, 0x3F, 0x40, 0x01, 0xF8, 0x3F,
    0x40, 0x01, 0xFC, 0x3F, 0x40, 0x02, 0xFC, 0x3F, 0x80, 0x02, 0xFC, 0x3F, 0x80, 0x02, 0xFC, 0x7F,
    0x80, 0x02, 0xFC, 0x7F, 0x80, 0x02, 0xFC, 0x7F, 0x80, 0x02, 0xFC, 0xBF, 0xC0, 0x02, 0xFD, 0x00,
    0x00, 0x00, 0x00, 0x00, 0x00, 0x00, 0x00, 0x00, 0x3F, 0xF0, 0x00, 0x00, 0x3F, 0xF0, 0x00, 0x00,
    0x3F, 0xE0, 0x00, 0x00, 0x3F, 0xD0, 0x00, 0x00, 0x3F, 0xC0, 0x00, 0x00, 0x7F, 0x80, 0x00, 0x00,
    0xFF, 0x40, 0x00, 0x00, 0xFF, 0x00, 0x00, 0x00, 0x00, 0x00, 0x00, 0x00, 0x00, 0x02, 0xD0, 0x01,
    0xE0, 0x00, 0x00, 0x2E, 0x02, 0xE0, 0x00, 0x00, 0x02, 0xF7, 0xE0, 0x00, 0x00, 0x00, 0x2F, 0xE0,
    0x00, 0x00, 0x00, 0x03, 0xF0, 0x00, 0x00, 0x00, 0x00, 0x24, 0x00, 0x00, 0x00, 0x00, 0x00, 0x00,
    0x00, 0x00, 0x00, 0x00, 0x00, 0x00, 0x00, 0x00, 0x00, 0x00, 0x00, 0x00, 0x00, 0x00, 0x00, 0x02,
    0xA8, 0x1F, 0xE0, 0x00, 0x00, 0xFF, 0x0B, 0xFC, 0x00, 0x00, 0x3F, 0xC2, 0xFF, 0x80, 0x00, 0x0F,
    0xE0, 0xFF, 0xF0, 0x00, 0x03, 0xF8, 0x3F, 0xFE, 0x00, 0x00, 0xFE, 0x0F, 0xFF, 0xC0, 0x00, 0x7F,
    0x83, 0xFF, 0xF4, 0x00, 0x1F, 0xD0, 0xFE, 0xFF, 0x00, 0x07, 0xF4, 0x3F, 0xAF, 0xD0, 0x02, 0xFD,
    0x1F, 0xE3, 0xFC, 0x00, 0xBF, 0x47, 0xF8, 0xBF, 0x40, 0x2F, 0xD1, 0xFE, 0x0F, 0xF0, 0x0F, 0xF0,
    0xBF, 0x82, 0xFD, 0x03, 0xFC, 0x2F, 0xE0, 0x3F, 0xC0, 0xFF, 0x0B, 0xF8, 0x0B, 0xF4, 0x3F, 0xC3,
    0xFF, 0x00, 0xFE, 0x0F, 0xF0, 0xFF, 0xC0, 0x3F, 0xC3, 0xFC, 0x3F, 0xF0, 0x07, 0xF9, 0xFF, 0x0F,
    0xFC, 0x00, 0xFF, 0x7F, 0xC3, 0xFF, 0x00, 0x1F, 0xFF, 0xF0, 0xFF, 0xC0, 0x03, 0xFF, 0xF8, 0x7F,
    0xF0, 0x00, 0x7F, 0xFE, 0x1F, 0xFC, 0x00, 0x0F, 0xFF, 0x87, 0xFF, 0x00, 0x01, 0xFF, 0xE0, 0x01,
    0x80, 0x00, 0x20, 0x00, 0xF4, 0x01, 0xE0, 0x00, 0x3E, 0x0F, 0x80, 0x00, 0x0F, 0xFE, 0x00, 0x00,
    0x03, 0xF8, 0x00, 0x00, 0x00, 0xF0, 0x00, 0x00, 0x00, 0x00, 0x00, 0x00, 0x00, 0x00, 0x00, 0x00,
    0x00, 0x00, 0x00, 0x00, 0x00, 0x00, 0x00, 0x00, 0x00, 0x00, 0x00, 0x00, 0x01, 0x50, 0x00, 0x1F,
    0x2F, 0xFE, 0x00, 0x1F, 0xFF, 0xFF, 0xC0, 0x2F, 0xF4, 0x0B, 0xE0, 0x2F, 0xD0, 0x03, 0xF0, 0x2F,
    0xC0, 0x02, 0xF4, 0x3F, 0x40, 0x01, 0xF4, 0x3F, 0x40, 0x01, 0xF8, 0x3F, 0x40, 0x01, 0xF8, 0x3F,
    0x40, 0x01, 0xFC, 0x3F, 0x40, 0x02, 0xFC, 0x3F, 0x80, 0x02, 0xFC, 0x3F, 0x80, 0x02, 0xFC, 0x7F,
    0x80, 0x02, 0xFC, 0x7F, 0x80, 0x02, 0xFC, 0x7F, 0x80, 0x02, 0xFC, 0xBF, 0xC0, 0x02, 0xFD, 0x00,
    0x00, 0x0B, 0xC0, 0x00, 0x00, 0x3F, 0x40, 0x00, 0x00, 0xFE, 0x00, 0x00, 0x03, 0xF8, 0x00, 0x00,
    0x0F, 0xF0, 0x00, 0x00, 0x3E, 0x80, 0x00, 0x00, 0x00, 0x00, 0x00, 0x00, 0x00, 0x00, 0x00, 0x00,
    0x00, 0x00, 0x00, 0x00, 0x00, 0x00, 0x00, 0x00, 0x00, 0x00, 0x00, 0x00, 0x00, 0x00, 0x00, 0x00,
    0x00, 0x00, 0x00, 0x00, 0x01, 0x50, 0x00, 0x2E, 0x2F, 0xFE, 0x00, 0x2F, 0xFF, 0xFF, 0xC0, 0x2F,
    0xF4, 0x0F, 0xD0, 0x3F, 0xC0, 0x03, 0xF0, 0x3F, 0x80, 0x02, 0xF0, 0x3F, 0x40, 0x02, 0xF4, 0x3F,
    0x40, 0x02, 0xF8, 0x3F, 0x40, 0x02, 0xF8, 0x3F, 0x40, 0x02, 0xF8, 0x3F, 0x40, 0x02, 0xF8, 0x7F,
    0x40, 0x02, 0xFC, 0x7F, 0x40, 0x02, 0xFC, 0x7F, 0x40, 0x03, 0xFC, 0x7F, 0x80, 0x03, 0xFC, 0xBF,
    0x80, 0x03, 0xFC, 0xBF, 0x80, 0x03, 0xFC, 0x00, 0x00, 0x00, 0x00, 0x2A, 0x81, 0xFE, 0x00, 0x00,
    0x0F, 0xF0, 0xBF, 0xC0, 0x00, 0x03, 0xFC, 0x2F, 0xF8, 0x00, 0x00, 0xFE, 0x0F, 0xFF, 0x00, 0x00,
    0x3F, 0x83, 0xFF, 0xE0, 0x00, 0x0F, 0xE0, 0xFF, 0xFC, 0x00, 0x07, 0xF8, 0x3F, 0xFF, 0x40, 0x01,
    0xFD, 0x0F, 0xEF, 0xF0, 0x00, 0x7F, 0x43, 0xFA, 0xFD, 0x00, 0x2F, 0xD1, 0xFE, 0x3F, 0xC0, 0x0B,
    0xF4, 0x7F, 0x8B, 0xF4, 0x02, 0xFD, 0x1F, 0xE0, 0xFF, 0x00, 0xFF, 0x0B, 0xF8, 0x2F, 0xD0, 0x3F,
    0xC2, 0xFE, 0x03, 0xFC, 0x0F, 0xF0, 0xBF, 0x80, 0xBF, 0x43, 0xFC, 0x3F, 0xF0, 0x0F, 0xE0, 0xFF,
    0x0F, 0xFC, 0x03, 0xFC, 0x3F, 0xC3, 0xFF, 0x00, 0x7F, 0x9F, 0xF0, 0xFF, 0xC0, 0x0F, 0xF7, 0xFC,
    0x3F, 0xF0, 0x01, 0xFF, 0xFF, 0x0F, 0xFC, 0x00, 0x3F, 0xFF, 0x87, 0xFF, 0x00, 0x07, 0xFF, 0xE1,
    0xFF, 0xC0, 0x00, 0xFF, 0xF8, 0x7F, 0xF0, 0x00, 0x1F, 0xFE, 0x00, 0x00, 0x00, 0x0B, 0xFF, 0x00,
    0x00, 0x00, 0x6F, 0xFF, 0x80, 0x00, 0x00, 0xFF, 0xFF, 0x40, 0x00, 0x00, 0x7F, 0xE4, 0x00, 0x00,
    0x00, 0x04, 0x00, 0x00, 0x00, 0x00, 0x01, 0x50, 0x00, 0x1F, 0x2F, 0xFE, 0x00, 0x1F, 0xFF, 0xFF,
    0xC0, 0x2F, 0xF4, 0x0B, 0xE0, 0x2F, 0xD0, 0x03, 0xF0, 0x2F, 0xC0, 0x02, 0xF4, 0x3F, 0x40, 0x01,
    0xF4, 0x3F, 0x40, 0x01, 0xF8, 0x3F, 0x40, 0x01, 0xF8, 0x3F, 0x40, 0x02, 0xFC, 0x3F, 0x40, 0x02,
    0xFC, 0x3F, 0x80, 0x02, 0xFC, 0x3F, 0x80, 0x02, 0xFC, 0x7F, 0x80, 0x02, 0xFC, 0x7F, 0x80, 0x02,
    0xFC, 0x7F, 0x80, 0x02, 0xFD, 0xBF, 0xC0, 0x03, 0xFD, 0x00, 0x00, 0x03, 0xFC, 0x00, 0x00, 0x03,
    0xFC, 0x00, 0x00, 0xFF, 0xFC, 0x00, 0x01, 0xFF, 0xF8, 0x00, 0x01, 0xFF, 0x90, 0x00, 0x00, 0x00,
    0x00, 0x00, 0x00, 0x00, 0x05, 0x50, 0x00, 0x00, 0x2F, 0xFF, 0xFF, 0xC0, 0x00, 0x01, 0xFF, 0xFF,
    0xFF, 0x00, 0x00, 0x00, 0x00, 0x00, 0x00, 0x00, 0x00, 0x00, 0x00, 0x00, 0x00, 0x00, 0x00, 0x00,
    0x00, 0x00, 0x00, 0x00, 0x00, 0x1B, 0xFF, 0x90, 0x00, 0x00, 0x07, 0xFF, 0xFF, 0xF8, 0x00, 0x00,
    0xBF, 0xFE, 0xFF, 0xFD, 0x00, 0x0F, 0xFE, 0x00, 0x1F, 0xFD, 0x00, 0xBF, 0xD0, 0x00, 0x0F, 0xFC,
    0x03, 0xFD, 0x00, 0x00, 0x0F, 0xF8, 0x2F, 0xE0, 0x00, 0x00, 0x1F, 0xF0, 0xFF, 0x00, 0x00, 0x00,
    0x3F, 0xD3, 0xFC, 0x00, 0x00, 0x00, 0x7F, 0x5F, 0xD0, 0x00, 0x00, 0x00, 0xFE, 0x7F, 0x00, 0x00,
    0x00, 0x03, 0xF9, 0xFC, 0x00, 0x00, 0x00, 0x0B, 0xF7, 0xF0, 0x00, 0x00, 0x00, 0x2F, 0xDF, 0xC0,
    0x00, 0x00, 0x00, 0xBE, 0x7F, 0x00, 0x00, 0x00, 0x03, 0xF9, 0xFD, 0x00, 0x00, 0x00, 0x0F, 0xE3,
    0xFC, 0x00, 0x00, 0x00, 0xBF, 0x4F, 0xFC, 0x00, 0x00, 0x0B, 0xFC, 0x2F, 0xFF, 0x50, 0x16, 0xFF,
    0xF0, 0x3F, 0xFF, 0xFF, 0xFF, 0xFF, 0x80, 0xBF, 0xFF, 0xFF, 0xFF, 0xFC, 0x00, 0xFF, 0xFF, 0xFF,
    0xFF, 0xE0, 0x00, 0xFF, 0xFF, 0xFF, 0xFE, 0x00, 0x00, 0xBF, 0xFF, 0xFF, 0xD0, 0x00, 0x00, 0x1B,
    0xFF, 0xE4, 0x00, 0x00, 0x00, 0x00, 0x00, 0x00, 0x00, 0x01, 0x5A, 0xAF, 0xF0, 0x0F, 0xFF, 0xFF,
    0xF4, 0x0A, 0xAA, 0x55, 0x50, 0x00, 0x00, 0x00, 0x00, 0x00, 0x00, 0x00, 0x00, 0x00, 0x00, 0x00,
    0x00, 0x00, 0x00, 0x00, 0x00, 0x00, 0x00, 0x00, 0x00, 0x00, 0x00, 0x00, 0x00, 0x00, 0x2F, 0xF9,
    0x00, 0x02, 0xFF, 0xFF, 0x80, 0x0B, 0xFE, 0xBF, 0xF0, 0x1F, 0xC0, 0x02, 0xF4, 0x3F, 0x00, 0x00,
    0xFC, 0x3E, 0x00, 0x00, 0x7D, 0x7D, 0x00, 0x00, 0x7E, 0xBD, 0x00, 0x00, 0x3E, 0xBD, 0x00, 0x00,
    0x7E, 0x7E, 0x00, 0x00, 0x7E, 0x3F, 0x00, 0x00, 0xFD, 0x3F, 0xE5, 0x5B, 0xFC, 0x0F, 0xFF, 0xFF,
    0xF4, 0x0B, 0xFF, 0xFF, 0xE0, 0x01, 0xFF, 0xFF, 0x80, 0x00, 0x2F, 0xF8, 0x00, 0x00, 0x0A, 0x00,
    0x00, 0x90, 0x00, 0x00, 0x2D, 0x00, 0x07, 0x40, 0x00, 0x00, 0x7C, 0x00, 0x3C, 0x00, 0x00, 0x00,
    0xFF, 0xFF, 0xE0, 0x00, 0x00, 0x00, 0xFF, 0xFE, 0x00, 0x00, 0x00, 0x00, 0xBF, 0x90, 0x00, 0x00,
    0x00, 0x00, 0x00, 0x00, 0x00, 0x00, 0x00, 0x00, 0x00, 0x00, 0x00, 0x00, 0x00, 0x00, 0x00, 0x00,
    0x00, 0x00, 0x00, 0x00, 0x00, 0x00, 0x00, 0x00, 0x1B, 0xFF, 0x90, 0x00, 0x00, 0x07, 0xFF, 0xFF,
    0xF8, 0x00, 0x00, 0xBF, 0xFE, 0xFF, 0xFD, 0x00, 0x0F, 0xFE, 0x00, 0x1F, 0xFD, 0x00, 0xBF, 0xD0,
    0x00, 0x0F, 0xFC, 0x03, 0xFD, 0x00, 0x00, 0x0F, 0xF8, 0x2F, 0xE0, 0x00, 0x00, 0x1F, 0xF0, 0xFF,
    0x00, 0x00, 0x00, 0x3F, 0xD3, 0xFC, 0x00, 0x00, 0x00, 0x7F, 0x5F, 0xD0, 0x00, 0x00, 0x00, 0xFE,
    0x7F, 0x00, 0x00, 0x00, 0x03, 0xF9, 0xFC, 0x00, 0x00, 0x00, 0x0B, 0xF7, 0xF0, 0x00, 0x00, 0x00,
    0x2F, 0xDF, 0xC0, 0x00, 0x00, 0x00, 0xBE, 0x7F, 0x00, 0x00, 0x00, 0x03, 0xF9, 0xFD, 0x00, 0x00,
    0x00, 0x0F, 0xE3, 0xFC, 0x00, 0x00, 0x00, 0xBF, 0x4F, 0xFC, 0x00, 0x00, 0x0B, 0xFC, 0x2F, 0xFF,
    0x50, 0x16, 0xFF, 0xF0, 0x3F, 0xFF, 0xFF, 0xFF, 0xFF, 0x80, 0xBF, 0xFF, 0xFF, 0xFF, 0xFC, 0x00,
    0xFF, 0xFF, 0xFF, 0xFF, 0xE0, 0x00, 0xFF, 0xFF, 0xFF, 0xFE, 0x00, 0x00, 0xBF, 0xFF, 0xFF, 0xD0,
    0x00, 0x00, 0x1B, 0xFF, 0xE4, 0x00, 0x00, 0x00, 0x00, 0x00, 0x00, 0x00, 0x06, 0x00, 0x00, 0xA0,
    0x07, 0x40, 0x01, 0xE0, 0x03, 0xC0, 0x03, 0xD0, 0x02, 0xFF, 0xFF, 0x80, 0x00, 0xFF, 0xFF, 0x00,
    0x00, 0x1B, 0xE4, 0x00, 0x00, 0x00, 0x00, 0x00, 0x00, 0x00, 0x00, 0x00, 0x00, 0x00, 0x00, 0x00,
    0x00, 0x00, 0x00, 0x00, 0x00, 0x00, 0x00, 0x00, 0x00, 0x00, 0x00, 0x00, 0x00, 0x00, 0x00, 0x00,
    0x00, 0x2F, 0xF9, 0x00, 0x02, 0xFF, 0xFF, 0x80, 0x0B, 0xFE, 0xBF, 0xF0, 0x1F, 0xC0, 0x02, 0xF4,
    0x3F, 0x00, 0x00, 0xFC, 0x3E, 0x00, 0x00, 0x7D, 0x7D, 0x00, 0x00, 0x7E, 0xBD, 0x00, 0x00, 0x3E,
    0xBD, 0x00, 0x00, 0x7E, 0x7E, 0x00, 0x00, 0x7E, 0x3F, 0x00, 0x00, 0xFD, 0x3F, 0xE5, 0x5B, 0xFC,
    0x0F, 0xFF, 0xFF, 0xF4, 0x0B, 0xFF, 0xFF, 0xE0, 0x01, 0xFF, 0xFF, 0x80, 0x00, 0x2F, 0xF8, 0x00,
    0x00, 0x00, 0xBC, 0x00, 0x00, 0xB8, 0x00, 0x07, 0xF0, 0x00, 0x07, 0xF0, 0x00, 0x2F, 0xC0, 0x00,
    0x2F, 0xC0, 0x00, 0xFF, 0x00, 0x00, 0xFF, 0x00, 0x01, 0x50, 0x00, 0x01, 0x50, 0x00, 0x00, 0x00,
    0x00, 0x00, 0x00, 0x00, 0x00, 0x00, 0x00, 0x00, 0x00, 0x00, 0x00, 0x00, 0x00, 0x00, 0x00, 0x00,
    0x00, 0x01, 0xBF, 0xF9, 0x00, 0x00, 0x00, 0x1F, 0xFF, 0xFF, 0xE0, 0x00, 0x00, 0xBF, 0xFE, 0xFF,
    0xFD, 0x00, 0x03, 0xFF, 0x80, 0x07, 0xFF, 0x40, 0x0B, 0xFD, 0x00, 0x00, 0xFF, 0xC0, 0x0F, 0xF4,
    0x00, 0x00, 0x3F, 0xE0, 0x2F, 0xE0, 0x00, 0x00, 0x1F, 0xF0, 0x3F, 0xC0, 0x00, 0x00, 0x0F, 0xF4,
    0x3F, 0xC0, 0x00, 0x00, 0x07, 0xF4, 0x7F, 0x40, 0x00, 0x00, 0x03, 0xF8, 0x7F, 0x00, 0x00, 0x00,
    0x03, 0xF8, 0x7F, 0x00, 0x00, 0x00, 0x02, 0xFC, 0x7F, 0x00, 0x00, 0x00, 0x02, 0xFC, 0x7F, 0x00,
    0x00, 0x00, 0x02, 0xF8, 0x7F, 0x00, 0x00, 0x00, 0x03, 0xF8, 0x7F, 0x40, 0x00, 0x00, 0x03, 0xF8,
    0x3F, 0xC0, 0x00, 0x00, 0x0B, 0xF4, 0x3F, 0xF0, 0x00, 0x00, 0x2F, 0xF0, 0x2F, 0xFF, 0x50, 0x16,
    0xFF, 0xF0, 0x0F, 0xFF, 0xFF, 0xFF, 0xFF, 0xE0, 0x0B, 0xFF, 0xFF, 0xFF, 0xFF, 0xC0, 0x03, 0xFF,
    0xFF, 0xFF, 0xFF, 0x80, 0x00, 0xFF, 0xFF, 0xFF, 0xFE, 0x00, 0x00, 0x2F, 0xFF, 0xFF, 0xF4, 0x00,
    0x00, 0x01, 0xBF, 0xFE, 0x40, 0x00, 0x00, 0x00, 0x00, 0x00, 0x00, 0x00, 0x00, 0x0B, 0xC0, 0x00,
    0x0B, 0x80, 0x03, 0xF4, 0x00, 0x03, 0xF4, 0x01, 0xFD, 0x00, 0x01, 0xFC, 0x00, 0xBF, 0x00, 0x00,
    0xBF, 0x00, 0x15, 0x40, 0x00, 0x15, 0x40, 0x00, 0x00, 0x00, 0x00, 0x00, 0x00, 0x00, 0x00, 0x00,
    0x00, 0x00, 0x00, 0x00, 0x00, 0x00, 0x00, 0x00, 0x00, 0x00, 0x00, 0x00, 0x00, 0x00, 0x00, 0x00,
    0x00, 0x00, 0x00, 0x00, 0x00, 0x00, 0x00, 0x00, 0x00, 0x00, 0x2F, 0xF9, 0x00, 0x00, 0x00, 0x2F,
    0xFF, 0xF8, 0x00, 0x00, 0x0B, 0xFE, 0xBF, 0xF0, 0x00, 0x01, 0xFC, 0x00, 0x2F, 0x40, 0x00, 0x3F,
    0x00, 0x00, 0xFC, 0x00, 0x03, 0xE0, 0x00, 0x07, 0xD0, 0x00, 0x7D, 0x00, 0x00, 0x7E, 0x00, 0x0B,
    0xD0, 0x00, 0x03, 0xE0, 0x00, 0xBD, 0x00, 0x00, 0x7E, 0x00, 0x07, 0xE0, 0x00, 0x07, 0xE0, 0x00,
    0x3F, 0x00, 0x00, 0xFD, 0x00, 0x03, 0xFE, 0x55, 0xBF, 0xC0, 0x00, 0x0F, 0xFF, 0xFF, 0xF4, 0x00,
    0x00, 0xBF, 0xFF, 0xFE, 0x00, 0x00, 0x01, 0xFF, 0xFF, 0x80, 0x00, 0x00, 0x02, 0xFF, 0x80, 0x00,
    0x00, 0x00, 0x01, 0xBF, 0xF9, 0x00, 0x00, 0x00, 0x55, 0x00, 0x07, 0xFF, 0xFF, 0xFF, 0xFF, 0xFF,
    0xFF, 0xC0, 0x0F, 0xFF, 0xEF, 0xFF, 0xFF, 0xFF, 0xFF, 0xF0, 0x0F, 0xFE, 0x00, 0x1F, 0xFF, 0xFF,
    0xFF, 0xF4, 0x0B, 0xFC, 0x00, 0x00, 0xFF, 0xD0, 0x00, 0x00, 0x03, 0xFD, 0x00, 0x00, 0x0F, 0xF4,
    0x00, 0x00, 0x02, 0xFE, 0x00, 0x00, 0x02, 0xFF, 0x00, 0x00, 0x00, 0xFF, 0x00, 0x00, 0x00, 0xBF,
    0xC0, 0x00, 0x00, 0x3F, 0x80, 0x00, 0x00, 0x2F, 0xF4, 0x00, 0x00, 0x1F, 0xD0, 0x00, 0x00, 0x0B,
    0xFE, 0x00, 0x00, 0x07, 0xF0, 0x00, 0x00, 0x02, 0xFF, 0xFF, 0xFC, 0x01, 0xFC, 0x00, 0x00, 0x00,
    0xBF, 0xFF, 0xFF, 0x00, 0x7F, 0x00, 0x00, 0x00, 0x2F, 0xFF, 0xFF, 0xC0, 0x1F, 0xC0, 0x00, 0x00,
    0x0F, 0xFF, 0xA5, 0x40, 0x07, 0xF0, 0x00, 0x00, 0x03, 0xFF, 0x80, 0x00, 0x00, 0xFE, 0x00, 0x00,
    0x00, 0xFF, 0xE0, 0x00, 0x00, 0x3F, 0xC0, 0x00, 0x00, 0x3F, 0xF4, 0x00, 0x00, 0x0F, 0xFD, 0x00,
    0x00, 0x0F, 0xFC, 0x00, 0x00, 0x02, 0xFF, 0xF5, 0x01, 0x6F, 0xFF, 0x00, 0x00, 0x00, 0x3F, 0xFF,
    0xFF, 0xFF, 0xFF, 0x80, 0x00, 0x00, 0x0B, 0xFF, 0xFF, 0xFF, 0xFF, 0xFF, 0xFF, 0xFF, 0x00, 0xFF,
    0xFF, 0xFF, 0xFF, 0xFF, 0xFF, 0xFF, 0xC0, 0x0F, 0xFF, 0xFF, 0xFF, 0xFF, 0xFF, 0xFF, 0xF0, 0x00,
    0xBF, 0xFF, 0xFF, 0xFF, 0xFF, 0xFF, 0xFD, 0x00, 0x01, 0xBF, 0xFE, 0x7F, 0xFF, 0xFF, 0xFF, 0x80,
    0x00, 0x00, 0x00, 0x00, 0x0B, 0xF8, 0x00, 0x00, 0x2F, 0xF9, 0x00, 0xBF, 0xFF, 0x40, 0x02, 0xFF,
    0xFF, 0xC3, 0xF9, 0x02, 0xE0, 0x0B, 0xFE, 0xAF, 0xFF, 0xC0, 0x00, 0xF4, 0x1F, 0xC0, 0x02, 0xFF,
    0x40, 0x00, 0x7C, 0x3F, 0x00, 0x00, 0xFF, 0x00, 0x16, 0xBD, 0x3E, 0x00, 0x00, 0xBF, 0xFF, 0xFF,
    0xFE, 0x7D, 0x00, 0x00, 0x7F, 0xFF, 0xFF, 0xEA, 0xBD, 0x00, 0x00, 0x7F, 0x40, 0x00, 0x00, 0xBD,
    0x00, 0x00, 0x7E, 0x00, 0x00, 0x00, 0x7E, 0x00, 0x00, 0x7F, 0x00, 0x00, 0x00, 0x3F, 0x00, 0x00,
    0xFF, 0x80, 0x00, 0x00, 0x3F, 0xE5, 0x5B, 0xFF, 0xF4, 0x00, 0x18, 0x0F, 0xFF, 0xFF, 0xFF, 0xFF,
    0xFF, 0xFC, 0x0B, 0xFF, 0xFF, 0xE7, 0xFF, 0xFF, 0xFC, 0x01, 0xFF, 0xFF, 0x80, 0xFF, 0xFF, 0xFC,
    0x00, 0x2F, 0xF8, 0x00, 0x1B, 0xFF, 0x90, 0x00, 0x00, 0x2D, 0x00, 0x00, 0x00, 0x03, 0xC0, 0x00,
    0x00, 0x00, 0xB8, 0x00, 0x00, 0x00, 0x0F, 0x40, 0x00, 0x00, 0x02, 0xF0, 0x00, 0x00, 0x00, 0x29,
    0x00, 0x00, 0x00, 0x00, 0x00, 0x00, 0x00, 0x00, 0x00, 0x00, 0x00, 0x00, 0x00, 0x00, 0x00, 0x00,
    0xAA, 0xA9, 0x40, 0x00, 0x0F, 0xFF, 0xFF, 0x80, 0x00, 0xFF, 0xFF, 0xFF, 0x00, 0x0F, 0x00, 0x07,
    0xF8, 0x00, 0xF0, 0x00, 0x0F, 0xC0, 0x1F, 0x00, 0x00, 0xBD, 0x01, 0xF0, 0x00, 0x07, 0xE0, 0x1F,
    0x00, 0x00, 0xBE, 0x01, 0xF0, 0x00, 0x1F, 0xD0, 0x2F, 0x00, 0x0B, 0xFC, 0x02, 0xFF, 0xFF, 0xFF,
    0x80, 0x2F, 0xFF, 0xFF, 0xD0, 0x02, 0xFF, 0xFF, 0xF8, 0x00, 0x3F, 0xFF, 0xFF, 0xF0, 0x03, 0xFE,
    0x56, 0xFF, 0x80, 0x3F, 0xC0, 0x02, 0xFD, 0x03, 0xFC, 0x00, 0x0F, 0xE0, 0x3F, 0xD0, 0x00, 0xFF,
    0x03, 0xFD, 0x00, 0x0F, 0xF0, 0x3F, 0xD0, 0x00, 0xFF, 0x43, 0xFD, 0x00, 0x0F, 0xF8, 0x7F, 0xE0,
    0x00, 0xFF, 0xC7, 0xFE, 0x00, 0x0F, 0xFC, 0x7F, 0xE0, 0x00, 0xFF, 0xD7, 0xFE, 0x00, 0x0F, 0xFE,
    0x00, 0x19, 0x00, 0x00, 0xF0, 0x00, 0x07, 0xC0, 0x00, 0x3D, 0x00, 0x01, 0xF0, 0x00, 0x0F, 0xC0,
    0x00, 0x00, 0x00, 0x00, 0x00, 0x00, 0x00, 0x00, 0x00, 0x3E, 0x1B, 0xD0, 0xFB, 0xFF, 0x43, 0xFF,
    0xFE, 0x0F, 0xFE, 0x64, 0x7F, 0xC0, 0x01, 0xFD, 0x00, 0x07, 0xF0, 0x00, 0x1F, 0xC0, 0x00, 0x7F,
    0x00, 0x02, 0xFC, 0x00, 0x0B, 0xF0, 0x00, 0x3F, 0xC0, 0x00, 0xFF, 0x00, 0x03, 0xFD, 0x00, 0x1F,
    0xF8, 0x00, 0x7F, 0xE0, 0x00, 0x0A, 0xAA, 0x94, 0x00, 0x00, 0xFF, 0xFF, 0xF8, 0x00, 0x0F, 0xFF,
    0xFF, 0xF0, 0x00, 0xF0, 0x00, 0x7F, 0x80, 0x0F, 0x00, 0x00, 0xFC, 0x01, 0xF0, 0x00, 0x0B, 0xD0,
    0x1F, 0x00, 0x00, 0x7E, 0x01, 0xF0, 0x00, 0x0B, 0xE0, 0x1F, 0x00, 0x01, 0xFD, 0x02, 0xF0, 0x00,
    0xBF, 0xC0, 0x2F, 0xFF, 0xFF, 0xF8, 0x02, 0xFF, 0xFF, 0xFD, 0x00, 0x2F, 0xFF, 0xFF, 0x80, 0x03,
    0xFF, 0xFF, 0xFF, 0x00, 0x3F, 0xE5, 0x6F, 0xF8, 0x03, 0xFC, 0x00, 0x2F, 0xD0, 0x3F, 0xC0, 0x00,
    0xFE, 0x03, 0xFD, 0x00, 0x0F, 0xF0, 0x3F, 0xD0, 0x00, 0xFF, 0x03, 0xFD, 0x00, 0x0F, 0xF4, 0x3F,
    0xD0, 0x00, 0xFF, 0x87, 0xFE, 0x00, 0x0F, 0xFC, 0x7F, 0xE0, 0x00, 0xFF, 0xC7, 0xFE, 0x00, 0x0F,
    0xFD, 0x7F, 0xE0, 0x00, 0xFF, 0xE0, 0x00, 0x00, 0x00, 0x00, 0x00, 0x00, 0x00, 0x00, 0x00, 0x00,
    0x00, 0x00, 0x00, 0x00, 0x00, 0x00, 0x00, 0x00, 0x00, 0x00, 0x00, 0x00, 0x00, 0x0F, 0xFC, 0x00,
    0x00, 0x00, 0xFF, 0x80, 0x00, 0x00, 0x0F, 0xF4, 0x00, 0x00, 0x00, 0xFF, 0x00, 0x00, 0x00, 0x0F,
    0xF0, 0x00, 0x00, 0x02, 0xFE, 0x00, 0x00, 0x00, 0x3F, 0xD0, 0x00, 0x00, 0x07, 0xFC, 0x00, 0x00,
    0x00, 0x00, 0x00, 0x00, 0x00, 0x03, 0xE1, 0xBD, 0x03, 0xEF, 0xFD, 0x03, 0xFF, 0xFE, 0x03, 0xFF,
    0x99, 0x07, 0xFC, 0x00, 0x07, 0xF4, 0x00, 0x07, 0xF0, 0x00, 0x07, 0xF0, 0x00, 0x07, 0xF0, 0x00,
    0x0B, 0xF0, 0x00, 0x0B, 0xF0, 0x00, 0x0F, 0xF0, 0x00, 0x0F, 0xF0, 0x00, 0x0F, 0xF4, 0x00, 0x1F,
    0xF8, 0x00, 0x1F, 0xF8, 0x00, 0x00, 0x00, 0x00, 0x00, 0x00, 0x00, 0x00, 0x00, 0x00, 0x00, 0x00,
    0x00, 0x00, 0x00, 0x00, 0x00, 0x00, 0x00, 0x00, 0x00, 0x00, 0x0F, 0xF8, 0x00, 0x1F, 0xF4, 0x00,
    0x1F, 0xF0, 0x00, 0x2F, 0xF0, 0x00, 0x2F, 0xE0, 0x00, 0x3F, 0xD0, 0x00, 0x7F, 0xC0, 0x00, 0xBF,
    0x80, 0x00, 0x02, 0x80, 0x00, 0xA0, 0x00, 0x0F, 0x00, 0x7C, 0x00, 0x00, 0x3E, 0x2F, 0x00, 0x00,
    0x00, 0xFF, 0xC0, 0x00, 0x00, 0x03, 0xF0, 0x00, 0x00, 0x00, 0x1D, 0x00, 0x00, 0x00, 0x00, 0x00,
    0x00, 0x00, 0x00, 0x00, 0x00, 0x00, 0x00, 0x00, 0x00, 0x00, 0x00, 0xAA, 0xA9, 0x40, 0x00, 0x0F,
    0xFF, 0xFF, 0x80, 0x00, 0xFF, 0xFF, 0xFF, 0x00, 0x0F, 0x00, 0x07, 0xF8, 0x00, 0xF0, 0x00, 0x0F,
    0xC0, 0x1F, 0x00, 0x00, 0xBD, 0x01, 0xF0, 0x00, 0x07, 0xE0, 0x1F, 0x00, 0x00, 0xBE, 0x01, 0xF0,
    0x00, 0x1F, 0xD0, 0x2F, 0x00, 0x0B, 0xFC, 0x02, 0xFF, 0xFF, 0xFF, 0x80, 0x2F, 0xFF, 0xFF, 0xD0,
    0x02, 0xFF, 0xFF, 0xF8, 0x00, 0x3F, 0xFF, 0xFF, 0xF0, 0x03, 0xFE, 0x56, 0xFF, 0x80, 0x3F, 0xC0,
    0x02, 0xFD, 0x03, 0xFC, 0x00, 0x0F, 0xE0, 0x3F, 0xD0, 0x00, 0xFF, 0x03, 0xFD, 0x00, 0x0F, 0xF0,
    0x3F, 0xD0, 0x00, 0xFF, 0x43, 0xFD, 0x00, 0x0F, 0xF8, 0x7F, 0xE0, 0x00, 0xFF, 0xC7, 0xFE, 0x00,
    0x0F, 0xFC, 0x7F, 0xE0, 0x00, 0xFF, 0xD7, 0xFE, 0x00, 0x0F, 0xFE, 0x00, 0x00, 0x00, 0x0B, 0x40,
    0x07, 0x80, 0xB8, 0x0B, 0x80, 0x0B, 0xDF, 0x80, 0x00, 0xBF, 0x80, 0x00, 0x0F, 0xC0, 0x00, 0x00,
    0x40, 0x00, 0x00, 0x00, 0x00, 0x00, 0x00, 0x00, 0x00, 0x3E, 0x1B, 0xD0, 0x0F, 0xBF, 0xF4, 0x03,
    0xFF, 0xFE, 0x00, 0xFF, 0xE6, 0x40, 0x7F, 0xC0, 0x00, 0x1F, 0xD0, 0x00, 0x07, 0xF0, 0x00, 0x01,
    0xFC, 0x00, 0x00, 0x7F, 0x00, 0x00, 0x2F, 0xC0, 0x00, 0x0B, 0xF0, 0x00, 0x03, 0xFC, 0x00, 0x00,
    0xFF, 0x00, 0x00, 0x3F, 0xD0, 0x00, 0x1F, 0xF8, 0x00, 0x07, 0xFE, 0x00, 0x00, 0x00, 0x00, 0x00,
    0xA0, 0x00, 0x00, 0x00, 0x00, 0x0B, 0x40, 0x00, 0x00, 0x00, 0x00, 0x3C, 0x00, 0x00, 0x00, 0x00,
    0x02, 0xF0, 0x00, 0x00, 0x00, 0x00, 0x0F, 0x40, 0x00, 0x00, 0x00, 0x00, 0xBC, 0x00, 0x00, 0x00,
    0x00, 0x00, 0x00, 0x00, 0x00, 0x00, 0x00, 0x00, 0x00, 0x00, 0x00, 0x00, 0x00, 0x00, 0x00, 0x00,
    0x00, 0x00, 0x00, 0x00, 0x00, 0x00, 0x00, 0x00, 0x00, 0x00, 0x00, 0x00, 0x00, 0x00, 0x05, 0x95,
    0x40, 0x00, 0x00, 0x0B, 0xFF, 0xFF, 0xF0, 0x00, 0x00, 0xFF, 0xFF, 0xFF, 0xC0, 0x00, 0x0F, 0xFF,
    0xFF, 0xFF, 0x00, 0x00, 0x7F, 0xF9, 0x00, 0x14, 0x00, 0x02, 0xFE, 0x00, 0x00, 0x00, 0x00, 0x0F,
    0xF0, 0x00, 0x00, 0x00, 0x00, 0x3F, 0x40, 0x00, 0x00, 0x00, 0x00, 0xFD, 0x00, 0x00, 0x00, 0x00,
    0x03, 0xFC, 0x00, 0x00, 0x00, 0x00, 0x0B, 0xFF, 0x90, 0x00, 0x00, 0x00, 0x0F, 0xFF, 0xFE, 0x40,
    0x00, 0x00, 0x0F, 0xFF, 0xFF, 0xE0, 0x00, 0x00, 0x07, 0xFF, 0xFF, 0xF8, 0x00, 0x00, 0x00, 0x6F,
    0xFF, 0xFC, 0x00, 0x00, 0x00, 0x01, 0xFF, 0xFC, 0x00, 0x00, 0x00, 0x00, 0xFF, 0xF8, 0x00, 0x00,
    0x00, 0x01, 0xFF, 0xF0, 0x00, 0x00, 0x00, 0x07, 0xFF, 0xC0, 0x04, 0x00, 0x00, 0x3F, 0xFF, 0x00,
    0xBF, 0xEA, 0xAF, 0xFF, 0xFC, 0x07, 0xFF, 0xFF, 0xFF, 0xFF, 0xE0, 0x3F, 0xFF, 0xFF, 0xFF, 0xFF,
    0x03, 0xFF, 0xFF, 0xFF, 0xFF, 0xE0, 0x0F, 0xFF, 0xFF, 0xFF, 0xFD, 0x00, 0x06, 0xFF, 0xFF, 0xF9,
    0x00, 0x00, 0x00, 0x00, 0x00, 0x00, 0x00, 0x00, 0x00, 0x00, 0x78, 0x00, 0x00, 0x03, 0xC0, 0x00,
    0x00, 0x1F, 0x00, 0x00, 0x00, 0xF8, 0x00, 0x00, 0x07, 0xC0, 0x00, 0x00, 0x2A, 0x00, 0x00, 0x00,
    0x00, 0x00, 0x00, 0x00, 0x00, 0x00, 0x00, 0x00, 0x00, 0x00, 0x00, 0x00, 0x00, 0x00, 0x06, 0xFF,
    0xE4, 0x00, 0xFF, 0xFF, 0xD0, 0x0B, 0xE4, 0x15, 0x00, 0x3C, 0x00, 0x00, 0x00, 0xF0, 0x00, 0x00,
    0x03, 0xF4, 0x00, 0x00, 0x0B, 0xFE, 0x40, 0x00, 0x0B, 0xFF, 0xE0, 0x00, 0x02, 0xFF, 0xF8, 0x00,
    0x00, 0x1B, 0xF8, 0x00, 0x00, 0x0B, 0xF0, 0x0E, 0x40, 0x7F, 0xC0, 0xFF, 0xFF, 0xFF, 0x0F, 0xFF,
    0xFF, 0xF8, 0x3F, 0xFF, 0xFF, 0xC0, 0x1B, 0xFF, 0xE4, 0x00, 0x00, 0x00, 0x00, 0x00, 0x00, 0x00,
    0x00, 0x00, 0x7C, 0x00, 0x00, 0x00, 0x00, 0x03, 0xF8, 0x00, 0x00, 0x00, 0x00, 0x3F, 0xF4, 0x00,
    0x00, 0x00, 0x03, 0xD0, 0xF8, 0x00, 0x00, 0x00, 0x38, 0x00, 0x78, 0x00, 0x00, 0x01, 0x40, 0x00,
    0x10, 0x00, 0x00, 0x00, 0x00, 0x00, 0x00, 0x00, 0x00, 0x00, 0x00, 0x00, 0x00, 0x00, 0x00, 0x00,
    0x59, 0x54, 0x00, 0x00, 0x00, 0xBF, 0xFF, 0xFF, 0x00, 0x00, 0x0F, 0xFF, 0xFF, 0xFC, 0x00, 0x00,
    0xFF, 0xFF, 0xFF, 0xF0, 0x00, 0x07, 0xFF, 0x90, 0x01, 0x40, 0x00, 0x2F, 0xE0, 0x00, 0x00, 0x00,
    0x00, 0xFF, 0x00, 0x00, 0x00, 0x00, 0x03, 0xF4, 0x00, 0x00, 0x00, 0x00, 0x0F, 0xD0, 0x00, 0x00,
    0x00, 0x00, 0x3F, 0xC0, 0x00, 0x00, 0x00, 0x00, 0xBF, 0xF9, 0x00, 0x00, 0x00, 0x00, 0xFF, 0xFF,
    0xE4, 0x00, 0x00, 0x00, 0xFF, 0xFF, 0xFE, 0x00, 0x00, 0x00, 0x7F, 0xFF, 0xFF, 0x80, 0x00, 0x00,
    0x06, 0xFF, 0xFF, 0xC0, 0x00, 0x00, 0x00, 0x1F, 0xFF, 0xC0, 0x00, 0x00, 0x00, 0x0F, 0xFF, 0x80,
    0x00, 0x00, 0x00, 0x1F, 0xFF, 0x00, 0x00, 0x00, 0x00, 0x7F, 0xFC, 0x00, 0x40, 0x00, 0x03, 0xFF,
    0xF0, 0x0B, 0xFE, 0xAA, 0xFF, 0xFF, 0xC0, 0x7F, 0xFF, 0xFF, 0xFF, 0xFE, 0x03, 0xFF, 0xFF, 0xFF,
    0xFF, 0xF0, 0x3F, 0xFF, 0xFF, 0xFF, 0xFE, 0x00, 0xFF, 0xFF, 0xFF, 0xFF, 0xD0, 0x00, 0x6F, 0xFF,
    0xFF, 0x90, 0x00, 0x00, 0x00, 0x00, 0x00, 0x00, 0x00, 0x00, 0x06, 0x40, 0x00, 0x00, 0x3F, 0x00,
    0x00, 0x03, 0xFF, 0x00, 0x00, 0x3E, 0x3F, 0x00, 0x03, 0xD0, 0x1F, 0x00, 0x2C, 0x00, 0x0E, 0x00,
    0x00, 0x00, 0x00, 0x00, 0x00, 0x00, 0x00, 0x00, 0x6F, 0xFE, 0x40, 0x0F, 0xFF, 0xFD, 0x00, 0xBE,
    0x41, 0x50, 0x03, 0xC0, 0x00, 0x00, 0x0F, 0x00, 0x00, 0x00, 0x3F, 0x40, 0x00, 0x00, 0xBF, 0xE4,
    0x00, 0x00, 0xBF, 0xFE, 0x00, 0x00, 0x2F, 0xFF, 0x80, 0x00, 0x01, 0xBF, 0x80, 0x00, 0x00, 0xBF,
    0x00, 0xE4, 0x07, 0xFC, 0x0F, 0xFF, 0xFF, 0xF0, 0xFF, 0xFF, 0xFF, 0x83, 0xFF, 0xFF, 0xFC, 0x01,
    0xBF, 0xFE, 0x40, 0x00, 0x00, 0x16, 0x55, 0x00, 0x00, 0x00, 0x2F, 0xFF, 0xFF, 0xC0, 0x00, 0x03,
    0xFF, 0xFF, 0xFF, 0x00, 0x00, 0x3F, 0xFF, 0xFF, 0xFC, 0x00, 0x01, 0xFF, 0xE4, 0x00, 0x50, 0x00,
    0x0B, 0xF8, 0x00, 0x00, 0x00, 0x00, 0x3F, 0xC0, 0x00, 0x00, 0x00, 0x00, 0xFD, 0x00, 0x00, 0x00,
    0x00, 0x03, 0xF4, 0x00, 0x00, 0x00, 0x00, 0x0F, 0xF0, 0x00, 0x00, 0x00, 0x00, 0x2F, 0xFE, 0x40,
    0x00, 0x00, 0x00, 0x3F, 0xFF, 0xF9, 0x00, 0x00, 0x00, 0x3F, 0xFF, 0xFF, 0x80, 0x00, 0x00, 0x1F,
    0xFF, 0xFF, 0xE0, 0x00, 0x00, 0x01, 0xBF, 0xFF, 0xF0, 0x00, 0x00, 0x00, 0x07, 0xFF, 0xF0, 0x00,
    0x00, 0x00, 0x03, 0xFF, 0xE0, 0x00, 0x00, 0x00, 0x07, 0xFF, 0xC0, 0x00, 0x00, 0x00, 0x1F, 0xFF,
    0x00, 0x10, 0x00, 0x00, 0xFF, 0xFC, 0x02, 0xFF, 0xAA, 0xBF, 0xFF, 0xF0, 0x1F, 0xFF, 0xFF, 0xFF,
    0xFF, 0x80, 0xFF, 0xFF, 0xFF, 0xFF, 0xFC, 0x0F, 0xFF, 0xFF, 0xFF, 0xFF, 0x80, 0x3F, 0xFF, 0xFF,
    0xFF, 0xF4, 0x00, 0x1B, 0xFF, 0xFF, 0xE4, 0x00, 0x00, 0x00, 0x00, 0x90, 0x00, 0x00, 0x00, 0x00,
    0x03, 0xF8, 0x00, 0x00, 0x00, 0x00, 0x00, 0x2C, 0x00, 0x00, 0x00, 0x00, 0x00, 0x30, 0x00, 0x00,
    0x00, 0x00, 0x02, 0xC0, 0x00, 0x00, 0x00, 0x03, 0xFD, 0x00, 0x00, 0x00, 0x00, 0x0A, 0x40, 0x00,
    0x00, 0x00, 0x6F, 0xFE, 0x40, 0x0F, 0xFF, 0xFD, 0x00, 0xBE, 0x41, 0x50, 0x03, 0xC0, 0x00, 0x00,
    0x0F, 0x00, 0x00, 0x00, 0x3F, 0x40, 0x00, 0x00, 0xBF, 0xE4, 0x00, 0x00, 0xBF, 0xFE, 0x00, 0x00,
    0x2F, 0xFF, 0x80, 0x00, 0x01, 0xBF, 0x80, 0x00, 0x00, 0xBF, 0x00, 0xE4, 0x07, 0xFC, 0x0F, 0xFF,
    0xFF, 0xF0, 0xFF, 0xFF, 0xFF, 0x83, 0xFF, 0xFF, 0xFC, 0x01, 0xBF, 0xFE, 0x40, 0x00, 0x03, 0x00,
    0x00, 0x00, 0x18, 0x00, 0x00, 0x00, 0xBE, 0x00, 0x00, 0x00, 0x07, 0x00, 0x00, 0x00, 0x0D, 0x00,
    0x00, 0x00, 0x70, 0x00, 0x00, 0xFF, 0x80, 0x00, 0x02, 0xA4, 0x00, 0x00, 0x04, 0x00, 0x01, 0x00,
    0x00, 0x00, 0x38, 0x00, 0x78, 0x00, 0x00, 0x00, 0x3D, 0x0B, 0x80, 0x00, 0x00, 0x00, 0x3E, 0xF8,
    0x00, 0x00, 0x00, 0x00, 0x3F, 0xC0, 0x00, 0x00, 0x00, 0x00, 0x7C, 0x00, 0x00, 0x00, 0x00, 0x00,
    0x50, 0x00, 0x00, 0x00, 0x00, 0x00, 0x00, 0x00, 0x00, 0x00, 0x00, 0x00, 0x00, 0x00, 0x00, 0x00,
    0x00, 0x00, 0x00, 0x00, 0x00, 0x00, 0x00, 0x00, 0x00, 0x00, 0x00, 0x00, 0x05, 0x95, 0x40, 0x00,
    0x00, 0x0B, 0xFF, 0xFF, 0xF0, 0x00, 0x00, 0xFF, 0xFF, 0xFF, 0xC0, 0x00, 0x0F, 0xFF, 0xFF, 0xFF,
    0x00, 0x00, 0x7F, 0xF9, 0x00, 0x14, 0x00, 0x02, 0xFE, 0x00, 0x00, 0x00, 0x00, 0x0F, 0xF0, 0x00,
    0x00, 0x00, 0x00, 0x3F, 0x40, 0x00, 0x00, 0x00, 0x00, 0xFD, 0x00, 0x00, 0x00, 0x00, 0x03, 0xFC,
    0x00, 0x00, 0x00, 0x00, 0x0B, 0xFF, 0x90, 0x00, 0x00, 0x00, 0x0F, 0xFF, 0xFE, 0x40, 0x00, 0x00,
    0x0F, 0xFF, 0xFF, 0xE0, 0x00, 0x00, 0x07, 0xFF, 0xFF, 0xF8, 0x00, 0x00, 0x00, 0x6F, 0xFF, 0xFC,
    0x00, 0x00, 0x00, 0x01, 0xFF, 0xFC, 0x00, 0x00, 0x00, 0x00, 0xFF, 0xF8, 0x00, 0x00, 0x00, 0x01,
    0xFF, 0xF0, 0x00, 0x00, 0x00, 0x07, 0xFF, 0xC0, 0x04, 0x00, 0x00, 0x3F, 0xFF, 0x00, 0xBF, 0xEA,
    0xAF, 0xFF, 0xFC, 0x07, 0xFF, 0xFF, 0xFF, 0xFF, 0xE0, 0x3F, 0xFF, 0xFF, 0xFF, 0xFF, 0x03, 0xFF,
    0xFF, 0xFF, 0xFF, 0xE0, 0x0F, 0xFF, 0xFF, 0xFF, 0xFD, 0x00, 0x06, 0xFF, 0xFF, 0xF9, 0x00, 0x00,
    0x00, 0x00, 0x00, 0x00, 0x00, 0x00, 0x0A, 0x00, 0x02, 0x80, 0x0F, 0x40, 0x3C, 0x00, 0x0B, 0x8B,
    0xC0, 0x00, 0x0B, 0xFC, 0x00, 0x00, 0x0F, 0xD0, 0x00, 0x00, 0x0E, 0x00, 0x00, 0x00, 0x00, 0x00,
    0x00, 0x00, 0x00, 0x00, 0x00, 0x00, 0x00, 0x00, 0x00, 0x00, 0x00, 0x00, 0x06, 0xFF, 0xE4, 0x00,
    0xFF, 0xFF, 0xD0, 0x0B, 0xE4, 0x15, 0x00, 0x3C, 0x00, 0x00, 0x00, 0xF0, 0x00, 0x00, 0x03, 0xF4,
    0x00, 0x00, 0x0B, 0xFE, 0x40, 0x00, 0x0B, 0xFF, 0xE0, 0x00, 0x02, 0xFF, 0xF8, 0x00, 0x00, 0x1B,
    0xF8, 0x00, 0x00, 0x0B, 0xF0, 0x0E, 0x40, 0x7F, 0xC0, 0xFF, 0xFF, 0xFF, 0x0F, 0xFF, 0xFF, 0xF8,
    0x3F, 0xFF, 0xFF, 0xC0, 0x1B, 0xFF, 0xE4, 0x00, 0x7F, 0xFF, 0xFF, 0xFF, 0xFF, 0xDF, 0xFF, 0xFF,
    0xFF, 0xFF, 0xF7, 0xFF, 0xFF, 0xFF, 0xFF, 0xFD, 0xA5, 0x50, 0xFD, 0x00, 0x55, 0x00, 0x00, 0x3F,
    0x40, 0x00, 0x00, 0x00, 0x0F, 0xD0, 0x00, 0x00, 0x00, 0x03, 0xF4, 0x00, 0x00, 0x00, 0x00, 0xFD,
    0x00, 0x00, 0x00, 0x00, 0x3F, 0x40, 0x00, 0x00, 0x00, 0x0F, 0xE0, 0x00, 0x00, 0x00, 0x03, 0xF8,
    0x00, 0x00, 0x00, 0x01, 0xFE, 0x00, 0x00, 0x00, 0x00, 0x7F, 0x80, 0x00, 0x00, 0x00, 0x1F, 0xE0,
    0x00, 0x00, 0x00, 0x07, 0xF8, 0x00, 0x00, 0x00, 0x01, 0xFE, 0x00, 0x00, 0x00, 0x00, 0xBF, 0x80,
    0x00, 0x00, 0x00, 0x2F, 0xF0, 0x00, 0x00, 0x00, 0x0B, 0xFC, 0x00, 0x00, 0x00, 0x02, 0xFF, 0x00,
    0x00, 0x00, 0x00, 0xBF, 0xC0, 0x00, 0x00, 0x00, 0x2F, 0xF0, 0x00, 0x00, 0x00, 0x0F, 0xFC, 0x00,
    0x00, 0x00, 0x03, 0xFF, 0x00, 0x00, 0x00, 0x00, 0xFF, 0xC0, 0x00, 0x00, 0x00, 0x00, 0xC0, 0x00,
    0x00, 0x00, 0x00, 0x3F, 0x80, 0x00, 0x00, 0x00, 0x00, 0x2C, 0x00, 0x00, 0x00, 0x00, 0x0B, 0x00,
    0x00, 0x00, 0x01, 0xFF, 0x40, 0x00, 0x00, 0x00, 0x69, 0x00, 0x00, 0x00, 0x00, 0x00, 0x00, 0x07,
    0x80, 0x00, 0x07, 0xE0, 0x00, 0x01, 0xF8, 0x00, 0x00, 0xBD, 0x00, 0x00, 0x2F, 0x40, 0x03, 0xFF,
    0xFF, 0xF1, 0xFF, 0xFF, 0xFC, 0x00, 0xFD, 0x00, 0x00, 0x3F, 0x40, 0x00, 0x0F, 0xD0, 0x00, 0x03,
    0xF0, 0x00, 0x00, 0xFC, 0x00, 0x00, 0x3F, 0x00, 0x00, 0x0F, 0xC0, 0x00, 0x03, 0xF0, 0x00, 0x01,
    0xFC, 0x00, 0x00, 0x7F, 0x40, 0x00, 0x1F, 0xFF, 0xE0, 0x07, 0xFF, 0xFC, 0x01, 0xFF, 0xFF, 0x00,
    0x3F, 0xFF, 0xC0, 0x00, 0x30, 0x00, 0x00, 0x0F, 0xF4, 0x00, 0x00, 0x07, 0x00, 0x00, 0x02, 0xC0,
    0x00, 0x3F, 0xD0, 0x00, 0x0A, 0x40, 0x00, 0x10, 0x00, 0x01, 0x00, 0x00, 0x07, 0x80, 0x07, 0x80,
    0x00, 0x00, 0x7C, 0x0B, 0x80, 0x00, 0x00, 0x07, 0xEF, 0x80, 0x00, 0x00, 0x00, 0x7F, 0x80, 0x00,
    0x00, 0x00, 0x0B, 0xC0, 0x00, 0x00, 0x00, 0x00, 0x40, 0x00, 0x00, 0x00, 0x00, 0x00, 0x00, 0x00,
    0x00, 0x00, 0x00, 0x00, 0x00, 0x00, 0x00, 0x00, 0x00, 0x00, 0x07, 0xFF, 0xFF, 0xFF, 0xFF, 0xFD,
    0xFF, 0xFF, 0xFF, 0xFF, 0xFF, 0x7F, 0xFF, 0xFF, 0xFF, 0xFF, 0xDA, 0x55, 0x0F, 0xD0, 0x05, 0x50,
    0x00, 0x03, 0xF4, 0x00, 0x00, 0x00, 0x00, 0xFD, 0x00, 0x00, 0x00, 0x00, 0x3F, 0x40, 0x00, 0x00,
    0x00, 0x0F, 0xD0, 0x00, 0x00, 0x00, 0x03, 0xF4, 0x00, 0x00, 0x00, 0x00, 0xFE, 0x00, 0x00, 0x00,
    0x00, 0x3F, 0x80, 0x00, 0x00, 0x00, 0x1F, 0xE0, 0x00, 0x00, 0x00, 0x07, 0xF8, 0x00, 0x00, 0x00,
    0x01, 0xFE, 0x00, 0x00, 0x00, 0x00, 0x7F, 0x80, 0x00, 0x00, 0x00, 0x1F, 0xE0, 0x00, 0x00, 0x00,
    0x0B, 0xF8, 0x00, 0x00, 0x00, 0x02, 0xFF, 0x00, 0x00, 0x00, 0x00, 0xBF, 0xC0, 0x00, 0x00, 0x00,
    0x2F, 0xF0, 0x00, 0x00, 0x00, 0x0B, 0xFC, 0x00, 0x00, 0x00, 0x02, 0xFF, 0x00, 0x00, 0x00, 0x00,
    0xFF, 0xC0, 0x00, 0x00, 0x00, 0x3F, 0xF0, 0x00, 0x00, 0x00, 0x0F, 0xFC, 0x00, 0x00, 0x00, 0x00,
    0x00, 0x00, 0x00, 0x00, 0x3D, 0x00, 0x00, 0x03, 0xD0, 0x00, 0x00, 0x3D, 0x00, 0x1E, 0x07, 0xD0,
    0x07, 0xE0, 0x7C, 0x00, 0x7E, 0x0B, 0xC0, 0x0B, 0xD0, 0x00, 0x00, 0xBD, 0x00, 0x03, 0xFF, 0xFF,
    0xF0, 0x7F, 0xFF, 0xFF, 0x00, 0x0F, 0xD0, 0x00, 0x00, 0xFD, 0x00, 0x00, 0x0F, 0xD0, 0x00, 0x00,
    0xFC, 0x00, 0x00, 0x0F, 0xC0, 0x00, 0x00, 0xFC, 0x00, 0x00, 0x0F, 0xC0, 0x00, 0x00, 0xFC, 0x00,
    0x00, 0x1F, 0xC0, 0x00, 0x01, 0xFD, 0x00, 0x00, 0x1F, 0xFF, 0xE0, 0x01, 0xFF, 0xFF, 0x00, 0x1F,
    0xFF, 0xF0, 0x00, 0xFF, 0xFF, 0x00, 0x7F, 0xFF, 0xFF, 0xFF, 0xFF, 0xDF, 0xFF, 0xFF, 0xFF, 0xFF,
    0xF7, 0xFF, 0xFF, 0xFF, 0xFF, 0xFD, 0xA9, 0x50, 0xFD, 0x00, 0x55, 0x00, 0x00, 0x3F, 0x40, 0x00,
    0x00, 0x00, 0x0F, 0xD0, 0x00, 0x00, 0x00, 0x03, 0xF4, 0x00, 0x00, 0x00, 0x00, 0xFD, 0x00, 0x00,
    0x00, 0x00, 0x3F, 0x40, 0x00, 0x00, 0x00, 0x0F, 0xE0, 0x00, 0x00, 0x00, 0x03, 0xF8, 0x00, 0x00,
    0x00, 0x01, 0xFE, 0x00, 0x00, 0x00, 0xFF, 0xFF, 0xFF, 0xC0, 0x00, 0x3F, 0xFF, 0xFF, 0xF0, 0x00,
    0x0F, 0xFF, 0xFF, 0xFC, 0x00, 0x00, 0x01, 0xFE, 0x00, 0x00, 0x00, 0x00, 0x7F, 0x80, 0x00, 0x00,
    0x00, 0x2F, 0xF0, 0x00, 0x00, 0x00, 0x0B, 0xFC, 0x00, 0x00, 0x00, 0x02, 0xFF, 0x00, 0x00, 0x00,
    0x00, 0xBF, 0xC0, 0x00, 0x00, 0x00, 0x2F, 0xF0, 0x00, 0x00, 0x00, 0x0F, 0xFC, 0x00, 0x00, 0x00,
    0x03, 0xFF, 0x00, 0x00, 0x00, 0x00, 0xFF, 0xC0, 0x00, 0x00, 0x00, 0x00, 0x00, 0x00, 0x00, 0x78,
    0x00, 0x00, 0x1F, 0x80, 0x00, 0x01, 0xF8, 0x00, 0x00, 0x2F, 0x40, 0x00, 0x02, 0xF4, 0x00, 0x0F,
    0xFF, 0xFF, 0xC1, 0xFF, 0xFF, 0xFC, 0x00, 0x3F, 0x40, 0x00, 0x03, 0xF4, 0x00, 0x00, 0x3F, 0x40,
    0x0B, 0xFF, 0xFF, 0xFC, 0xBF, 0xFF, 0xFF, 0xCB, 0xFF, 0xFF, 0xFC, 0x00, 0x3F, 0x00, 0x00, 0x03,
    0xF0, 0x00, 0x00, 0x7F, 0x00, 0x00, 0x07, 0xF4, 0x00, 0x00, 0x7F, 0xFF, 0x80, 0x07, 0xFF, 0xFC,
    0x00, 0x7F, 0xFF, 0xC0, 0x03, 0xFF, 0xFC, 0x00, 0x01, 0x40, 0x0C, 0x00, 0x00, 0x03, 0xFC, 0x03,
    0x40, 0x00, 0x01, 0xE3, 0xC0, 0xD0, 0x00, 0x00, 0xB0, 0x38, 0xB0, 0x00, 0x00, 0x2C, 0x07, 0xFC,
    0x00, 0x00, 0x04, 0x00, 0x68, 0x00, 0x00, 0x00, 0x00, 0x00, 0x00, 0x00, 0x00, 0x00, 0x00, 0x00,
    0x00, 0x00, 0x00, 0x00, 0x00, 0x00, 0x00, 0x00, 0x00, 0x00, 0x00, 0x06, 0xA8, 0x00, 0x00, 0x2A,
    0xA1, 0xFF, 0x00, 0x00, 0x0B, 0xFC, 0x7F, 0xC0, 0x00, 0x02, 0xFF, 0x1F, 0xF0, 0x00, 0x00, 0xBF,
    0xC7, 0xFC, 0x00, 0x00, 0x2F, 0xF1, 0xFF, 0x00, 0x00, 0x0B, 0xFC, 0x7F, 0xC0, 0x00, 0x02, 0xFF,
    0x0F, 0xF0, 0x00, 0x00, 0x7F, 0xC3, 0xFC, 0x00, 0x00, 0x1F, 0xF0, 0xFF, 0x00, 0x00, 0x07, 0xFC,
    0x3F, 0xC0, 0x00, 0x01, 0xFE, 0x0F, 0xF0, 0x00, 0x00, 0x7F, 0x83, 0xFC, 0x00, 0x00, 0x1F, 0xE0,
    0xFF, 0x00, 0x00, 0x07, 0xF8, 0x3F, 0xC0, 0x00, 0x01, 0xFE, 0x0F, 0xF0, 0x00, 0x00, 0x7F, 0x43,
    0xFC, 0x00, 0x00, 0x2F, 0xD0, 0xFF, 0x40, 0x00, 0x0F, 0xF4, 0x2F, 0xF0, 0x00, 0x07, 0xFC, 0x0B,
    0xFF, 0x95, 0x6F, 0xFF, 0x01, 0xFF, 0xFF, 0xFF, 0xFF, 0xC0, 0x3F, 0xFF, 0xFF, 0xFF, 0xE0, 0x0B,
    0xFF, 0xFF, 0xFF, 0xF0, 0x00, 0xFF, 0xFF, 0xFF, 0xF4, 0x00, 0x07, 0xFF, 0xFF, 0xE0, 0x00, 0x00,
    0x00, 0x00, 0x00, 0x00, 0x01, 0xF4, 0x07, 0x00, 0x1F, 0xB4, 0x1C, 0x00, 0xB0, 0xB0, 0x70, 0x02,
    0xC0, 0xFB, 0xC0, 0x0F, 0x00, 0xFD, 0x00, 0x00, 0x00, 0x00, 0x00, 0x00, 0x00, 0x00, 0x00, 0x00,
    0x00, 0x00, 0x00, 0x00, 0x00, 0x02, 0xF4, 0x00, 0x0B, 0xD7, 0xD0, 0x00, 0x2F, 0x5F, 0x40, 0x00,
    0xBD, 0x7E, 0x00, 0x02, 0xF5, 0xF8, 0x00, 0x0B, 0xD3, 0xE0, 0x00, 0x3F, 0x4F, 0xC0, 0x00, 0xFE,
    0x3F, 0x00, 0x03, 0xF8, 0xFC, 0x00, 0x0F, 0xE3, 0xF0, 0x00, 0x3F, 0x8F, 0xE0, 0x03, 0xFE, 0x2F,
    0xFF, 0xFF, 0xF8, 0x7F, 0xFF, 0xFF, 0xE0, 0xFF, 0xFF, 0xFF, 0xC2, 0xFF, 0xFF, 0x7F, 0x01, 0xFF,
    0xE1, 0xFC, 0x00, 0x00, 0x00, 0x00, 0x00, 0x00, 0x00, 0x01, 0x00, 0x00, 0x0A, 0xFF, 0xFF, 0xD0,
    0x00, 0x0B, 0xFF, 0xFF, 0xF8, 0x00, 0x01, 0x54, 0x00, 0x00, 0x00, 0x00, 0x00, 0x00, 0x00, 0x00,
    0x00, 0x00, 0x00, 0x00, 0x00, 0x00, 0x00, 0x00, 0x00, 0x00, 0x00, 0x00, 0x00, 0x00, 0x00, 0x00,
    0x7F, 0xD0, 0x00, 0x02, 0xFF, 0x1F, 0xF0, 0x00, 0x00, 0xBF, 0xC7, 0xFC, 0x00, 0x00, 0x2F, 0xF1,
    0xFF, 0x00, 0x00, 0x0B, 0xFC, 0x7F, 0xC0, 0x00, 0x02, 0xFF, 0x1F, 0xF0, 0x00, 0x00, 0xBF, 0xC3,
    0xFC, 0x00, 0x00, 0x2F, 0xF0, 0xFF, 0x00, 0x00, 0x07, 0xFC, 0x3F, 0xC0, 0x00, 0x01, 0xFF, 0x0F,
    0xF0, 0x00, 0x00, 0x7F, 0xC3, 0xFC, 0x00, 0x00, 0x1F, 0xE0, 0xFF, 0x00, 0x00, 0x07, 0xF8, 0x3F,
    0xC0, 0x00, 0x01, 0xFE, 0x0F, 0xF0, 0x00, 0x00, 0x7F, 0x83, 0xFC, 0x00, 0x00, 0x1F, 0xE0, 0xFF,
    0x00, 0x00, 0x07, 0xF4, 0x3F, 0xC0, 0x00, 0x02, 0xFD, 0x0F, 0xF4, 0x00, 0x00, 0xFF, 0x42, 0xFF,
    0x00, 0x00, 0x7F, 0xC0, 0xBF, 0xFA, 0x56, 0xFF, 0xF0, 0x1F, 0xFF, 0xFF, 0xFF, 0xFC, 0x03, 0xFF,
    0xFF, 0xFF, 0xFE, 0x00, 0xBF, 0xFF, 0xFF, 0xFF, 0x00, 0x0F, 0xFF, 0xFF, 0xFF, 0x40, 0x00, 0x6F,
    0xFF, 0xFE, 0x00, 0x00, 0x00, 0x00, 0x00, 0x00, 0x00, 0x00, 0x00, 0x00, 0x40, 0x6B, 0xFF, 0xFF,
    0x03, 0xFF, 0xFF, 0xFE, 0x05, 0x50, 0x00, 0x00, 0x00, 0x00, 0x00, 0x00, 0x00, 0x00, 0x00, 0x00,
    0x00, 0x00, 0x00, 0x2F, 0x40, 0x00, 0xBD, 0x7D, 0x00, 0x02, 0xF5, 0xF4, 0x00, 0x0B, 0xD7, 0xE0,
    0x00, 0x2F, 0x5F, 0x80, 0x00, 0xBD, 0x3E, 0x00, 0x03, 0xF4, 0xFC, 0x00, 0x0F, 0xE3, 0xF0, 0x00,
    0x3F, 0x8F, 0xC0, 0x00, 0xFE, 0x3F, 0x00, 0x03, 0xF8, 0xFE, 0x00, 0x3F, 0xE2, 0xFF, 0xFF, 0xFF,
    0x87, 0xFF, 0xFF, 0xFE, 0x0F, 0xFF, 0xFF, 0xFC, 0x2F, 0xFF, 0xF7, 0xF0, 0x1F, 0xFE, 0x1F, 0xC0,
    0x00, 0x00, 0x00, 0x00, 0x38, 0x00, 0x0F, 0x00, 0x00, 0x0F, 0x00, 0x03, 0xC0, 0x00, 0x03, 0xE0,
    0x07, 0xE0, 0x00, 0x00, 0x3F, 0xFF, 0xF0, 0x00, 0x00, 0x07, 0xFF, 0xF0, 0x00, 0x00, 0x00, 0x1A,
    0x90, 0x00, 0x00, 0x00, 0x00, 0x00, 0x00, 0x00, 0x00, 0x00, 0x00, 0x00, 0x00, 0x00, 0x00, 0x00,
    0x00, 0x00, 0x00, 0x00, 0x00, 0x00, 0x00, 0x00, 0x00, 0x00, 0x00, 0x00, 0x01, 0xFF, 0x00, 0x00,
    0x0B, 0xFC, 0x7F, 0xC0, 0x00, 0x02, 0xFF, 0x1F, 0xF0, 0x00, 0x00, 0xBF, 0xC7, 0xFC, 0x00, 0x00,
    0x2F, 0xF1, 0xFF, 0x00, 0x00, 0x0B, 0xFC, 0x7F, 0xC0, 0x00, 0x02, 0xFF, 0x1F, 0xF0, 0x00, 0x00,
    0xBF, 0xC3, 0xFC, 0x00, 0x00, 0x1F, 0xF0, 0xFF, 0x00, 0x00, 0x07, 0xFC, 0x3F, 0xC0, 0x00, 0x01,
    0xFF, 0x0F, 0xF0, 0x00, 0x00, 0x7F, 0x83, 0xFC, 0x00, 0x00, 0x1F, 0xE0, 0xFF, 0x00, 0x00, 0x07,
    0xF8, 0x3F, 0xC0, 0x00, 0x01, 0xFE, 0x0F, 0xF0, 0x00, 0x00, 0x7F, 0x83, 0xFC, 0x00, 0x00, 0x1F,
    0xD0, 0xFF, 0x00, 0x00, 0x0B, 0xF4, 0x3F, 0xD0, 0x00, 0x03, 0xFD, 0x0B, 0xFC, 0x00, 0x01, 0xFF,
    0x02, 0xFF, 0xE9, 0x5B, 0xFF, 0xC0, 0x7F, 0xFF, 0xFF, 0xFF, 0xF0, 0x0F, 0xFF, 0xFF, 0xFF, 0xF8,
    0x02, 0xFF, 0xFF, 0xFF, 0xFC, 0x00, 0x3F, 0xFF, 0xFF, 0xFD, 0x00, 0x01, 0xFF, 0xFF, 0xF8, 0x00,
    0x00, 0x00, 0x00, 0x00, 0x00, 0x00, 0x1E, 0x00, 0x03, 0xC0, 0x38, 0x00, 0x0E, 0x00, 0xF8, 0x01,
    0xF4, 0x01, 0xFF, 0xFF, 0x80, 0x01, 0xFF, 0xF8, 0x00, 0x00, 0x6A, 0x40, 0x00, 0x00, 0x00, 0x00,
    0x00, 0x00, 0x00, 0x00, 0x00, 0x00, 0x00, 0x00, 0x00, 0x00, 0x00, 0x0B, 0xD0, 0x00, 0x2F, 0x5F,
    0x40, 0x00, 0xBD, 0x7D, 0x00, 0x02, 0xF5, 0xF8, 0x00, 0x0B, 0xD7, 0xE0, 0x00, 0x2F, 0x4F, 0x80,
    0x00, 0xFD, 0x3F, 0x00, 0x03, 0xF8, 0xFC, 0x00, 0x0F, 0xE3, 0xF0, 0x00, 0x3F, 0x8F, 0xC0, 0x00,
    0xFE, 0x3F, 0x80, 0x0F, 0xF8, 0xBF, 0xFF, 0xFF, 0xE1, 0xFF, 0xFF, 0xFF, 0x83, 0xFF, 0xFF, 0xFF,
    0x0B, 0xFF, 0xFD, 0xFC, 0x07, 0xFF, 0x87, 0xF0, 0x00, 0x00, 0x00, 0x00, 0x00, 0x00, 0x2E, 0x00,
    0x00, 0x00, 0x00, 0x34, 0xB0, 0x00, 0x00, 0x00, 0x1C, 0x0C, 0x00, 0x00, 0x00, 0x0B, 0x03, 0x40,
    0x00, 0x00, 0x01, 0xC1, 0xC0, 0x00, 0x00, 0x00, 0x3F, 0xE0, 0x00, 0x00, 0x00, 0x02, 0xE0, 0x00,
    0x00, 0x00, 0x00, 0x00, 0x00, 0x00, 0x00, 0x00, 0x00, 0x00, 0x00, 0x00, 0x00, 0x00, 0x00, 0x00,
    0x00, 0x00, 0x00, 0x00, 0x00, 0x00, 0x00, 0x00, 0x00, 0x00, 0x00, 0x7F, 0xC0, 0x00, 0x02, 0xFF,
    0x1F, 0xF0, 0x00, 0x00, 0xBF, 0xC7, 0xFC, 0x00, 0x00, 0x2F, 0xF1, 0xFF, 0x00, 0x00, 0x0B, 0xFC,
    0x7F, 0xC0, 0x00, 0x02, 0xFF, 0x1F, 0xF0, 0x00, 0x00, 0xBF, 0xC7, 0xFC, 0x00, 0x00, 0x2F, 0xF0,
    0xFF, 0x00, 0x00, 0x07, 0xFC, 0x3F, 0xC0, 0x00, 0x01, 0xFF, 0x0F, 0xF0, 0x00, 0x00, 0x7F, 0xC3,
    0xFC, 0x00, 0x00, 0x1F, 0xE0, 0xFF, 0x00, 0x00, 0x07, 0xF8, 0x3F, 0xC0, 0x00, 0x01, 0xFE, 0x0F,
    0xF0, 0x00, 0x00, 0x7F, 0x83, 0xFC, 0x00, 0x00, 0x1F, 0xE0, 0xFF, 0x00, 0x00, 0x07, 0xF4, 0x3F,
    0xC0, 0x00, 0x02, 0xFD, 0x0F, 0xF4, 0x00, 0x00, 0xFF, 0x42, 0xFF, 0x00, 0x00, 0x7F, 0xC0, 0xBF,
    0xF9, 0x56, 0xFF, 0xF0, 0x1F, 0xFF, 0xFF, 0xFF, 0xFC, 0x03, 0xFF, 0xFF, 0xFF, 0xFE, 0x00, 0xBF,
    0xFF, 0xFF, 0xFF, 0x00, 0x0F, 0xFF, 0xFF, 0xFF, 0x40, 0x00, 0x7F, 0xFF, 0xFE, 0x00, 0x00, 0x00,
    0x00, 0x00, 0x00, 0x00, 0x00, 0x0F, 0x80, 0x00, 0x00, 0xD2, 0x80, 0x00, 0x0B, 0x03, 0x00, 0x00,
    0x28, 0x0C, 0x00, 0x00, 0xB0, 0x70, 0x00, 0x00, 0xFF, 0x80, 0x00, 0x00, 0xA4, 0x00, 0x00, 0x00,
    0x00, 0x00, 0x00, 0x00, 0x00, 0x00, 0x00, 0x00, 0x00, 0x00, 0x00, 0x00, 0x00, 0x2F, 0x40, 0x00,
    0xBD, 0x7D, 0x00, 0x02, 0xF5, 0xF4, 0x00, 0x0B, 0xD7, 0xE0, 0x00, 0x2F, 0x5F, 0x80, 0x00, 0xBD,
    0x3E, 0x00, 0x03, 0xF4, 0xFC, 0x00, 0x0F, 0xE3, 0xF0, 0x00, 0x3F, 0x8F, 0xC0, 0x00, 0xFE, 0x3F,
    0x00, 0x03, 0xF8, 0xFE, 0x00, 0x3F, 0xE2, 0xFF, 0xFF, 0xFF, 0x87, 0xFF, 0xFF, 0xFE, 0x0F, 0xFF,
    0xFF, 0xFC, 0x2F, 0xFF, 0xF7, 0xF0, 0x1F, 0xFE, 0x1F, 0xC0, 0x00, 0x00, 0x00, 0x00, 0x01, 0x50,
    0x00, 0x01, 0x40, 0x00, 0xFC, 0x00, 0x00, 0xFC, 0x00, 0x7F, 0x00, 0x00, 0x7F, 0x00, 0x2F, 0xC0,
    0x00, 0x2F, 0xC0, 0x0F, 0xE0, 0x00, 0x0F, 0xE0, 0x00, 0x00, 0x00, 0x00, 0x00, 0x00, 0x00, 0x00,
    0x00, 0x00, 0x00, 0x00, 0x00, 0x00, 0x00, 0x00, 0x00, 0x00, 0x00, 0x00, 0x00, 0x00, 0x00, 0x00,
    0x00, 0x00, 0x00, 0x00, 0x7F, 0xC0, 0x00, 0x02, 0xFF, 0x07, 0xFC, 0x00, 0x00, 0x2F, 0xF0, 0x7F,
    0xC0, 0x00, 0x02, 0xFF, 0x07, 0xFC, 0x00, 0x00, 0x2F, 0xF0, 0x7F, 0xC0, 0x00, 0x02, 0xFF, 0x07,
    0xFC, 0x00, 0x00, 0x2F, 0xF0, 0x7F, 0xC0, 0x00, 0x02, 0xFF, 0x03, 0xFC, 0x00, 0x00, 0x1F, 0xF0,
    0x3F, 0xC0, 0x00, 0x01, 0xFF, 0x03, 0xFC, 0x00, 0x00, 0x1F, 0xF0, 0x3F, 0xC0, 0x00, 0x01, 0xFE,
    0x03, 0xFC, 0x00, 0x00, 0x1F, 0xE0, 0x3F, 0xC0, 0x00, 0x01, 0xFE, 0x03, 0xFC, 0x00, 0x00, 0x1F,
    0xE0, 0x3F, 0xC0, 0x00, 0x01, 0xFE, 0x03, 0xFC, 0x00, 0x00, 0x1F, 0xD0, 0x3F, 0xC0, 0x00, 0x02,
    0xFD, 0x03, 0xFD, 0x00, 0x00, 0x3F, 0xD0, 0x2F, 0xF0, 0x00, 0x07, 0xFC, 0x02, 0xFF, 0xE9, 0x5B,
    0xFF, 0xC0, 0x1F, 0xFF, 0xFF, 0xFF, 0xFC, 0x00, 0xFF, 0xFF, 0xFF, 0xFF, 0x80, 0x0B, 0xFF, 0xFF,
    0xFF, 0xF0, 0x00, 0x3F, 0xFF, 0xFF, 0xFD, 0x00, 0x00, 0x7F, 0xFF, 0xFE, 0x00, 0x00, 0x00, 0x00,
    0x00, 0x00, 0x00, 0x00, 0x06, 0x90, 0x00, 0x06, 0x90, 0x02, 0xF8, 0x00, 0x02, 0xF8, 0x00, 0xFE,
    0x00, 0x00, 0xFE, 0x00, 0x7F, 0x80, 0x00, 0x7F, 0x40, 0x1A, 0x50, 0x00, 0x1A, 0x50, 0x00, 0x00,
    0x00, 0x00, 0x00, 0x00, 0x00, 0x00, 0x00, 0x00, 0x00, 0x00, 0x00, 0x00, 0x00, 0x00, 0x00, 0x00,
    0x00, 0x00, 0x00, 0x00, 0x00, 0x2F, 0x40, 0x00, 0xBD, 0x00, 0x01, 0xF4, 0x00, 0x0B, 0xD0, 0x00,
    0x1F, 0x40, 0x00, 0xBD, 0x00, 0x01, 0xF8, 0x00, 0x0B, 0xD0, 0x00, 0x1F, 0x80, 0x00, 0xBD, 0x00,
    0x00, 0xF8, 0x00, 0x0F, 0xD0, 0x00, 0x0F, 0xC0, 0x00, 0xFE, 0x00, 0x00, 0xFC, 0x00, 0x0F, 0xE0,
    0x00, 0x0F, 0xC0, 0x00, 0xFE, 0x00, 0x00, 0xFC, 0x00, 0x0F, 0xE0, 0x00, 0x0F, 0xE0, 0x03, 0xFE,
    0x00, 0x00, 0xBF, 0xFF, 0xFF, 0xE0, 0x00, 0x07, 0xFF, 0xFF, 0xFE, 0x00, 0x00, 0x3F, 0xFF, 0xFF,
    0xF0, 0x00, 0x02, 0xFF, 0xFF, 0x7F, 0x00, 0x00, 0x07, 0xFF, 0x87, 0xF0, 0x00, 0x00, 0x00, 0x00,
    0x00, 0x00, 0x7F, 0xC0, 0x00, 0x02, 0xFF, 0x1F, 0xF0, 0x00, 0x00, 0xBF, 0xC7, 0xFC, 0x00, 0x00,
    0x2F, 0xF1, 0xFF, 0x00, 0x00, 0x0B, 0xFC, 0x7F, 0xC0, 0x00, 0x02, 0xFF, 0x1F, 0xF0, 0x00, 0x00,
    0xBF, 0xC7, 0xFC, 0x00, 0x00, 0x2F, 0xF0, 0xFF, 0x00, 0x00, 0x07, 0xFC, 0x3F, 0xC0, 0x00, 0x01,
    0xFF, 0x0F, 0xF0, 0x00, 0x00, 0x7F, 0xC3, 0xFC, 0x00, 0x00, 0x1F, 0xE0, 0xFF, 0x00, 0x00, 0x07,
    0xF8, 0x3F, 0xC0, 0x00, 0x01, 0xFE, 0x0F, 0xF0, 0x00, 0x00, 0x7F, 0x83, 0xFC, 0x00, 0x00, 0x1F,
    0xE0, 0xFF, 0x00, 0x00, 0x07, 0xF4, 0x3F, 0xC0, 0x00, 0x02, 0xFD, 0x0F, 0xF4, 0x00, 0x00, 0xFF,
    0x42, 0xFF, 0x00, 0x00, 0x7F, 0xD0, 0xBF, 0xFA, 0x56, 0xFF, 0xF0, 0x1F, 0xFF, 0xFF, 0xFF, 0xFC,
    0x03, 0xFF, 0xFF, 0xFF, 0xFE, 0x00, 0xBF, 0xFF, 0xFF, 0xFF, 0x00, 0x0F, 0xFF, 0xFF, 0xFF, 0x40,
    0x00, 0x6F, 0xFF, 0xFE, 0x40, 0x00, 0x00, 0x00, 0x3C, 0x00, 0x00, 0x00, 0x00, 0x2C, 0x00, 0x00,
    0x00, 0x00, 0x0F, 0x00, 0x00, 0x00, 0x00, 0x02, 0xFF, 0x00, 0x00, 0x00, 0x00, 0x1B, 0xD0, 0x00,
    0x00, 0x00, 0x00, 0x00, 0x00, 0xBD, 0x00, 0x02, 0xF5, 0xF4, 0x00, 0x0B, 0xD7, 0xD0, 0x00, 0x2F,
    0x5F, 0x80, 0x00, 0xBD, 0x7E, 0x00, 0x02, 0xF4, 0xF8, 0x00, 0x0F, 0xD3, 0xF0, 0x00, 0x3F, 0x8F,
    0xC0, 0x00, 0xFE, 0x3F, 0x00, 0x03, 0xF8, 0xFC, 0x00, 0x0F, 0xE3, 0xF8, 0x00, 0xFF, 0x8B, 0xFF,
    0xFF, 0xFE, 0x1F, 0xFF, 0xFF, 0xF8, 0x3F, 0xFF, 0xFF, 0xF0, 0xBF, 0xFF, 0xDF, 0xC0, 0x7F, 0xF8,
    0x7F, 0x00, 0x00, 0x07, 0xC0, 0x00, 0x00, 0x3C, 0x00, 0x00, 0x02, 0xC0, 0x00, 0x00, 0x0E, 0x00,
    0x00, 0x00, 0x3C, 0x00, 0x00, 0x00, 0xBF, 0xC0, 0x00, 0x00, 0x6F, 0x00, 0x00, 0x00, 0x00, 0x00,
    0x00, 0x00, 0x00, 0x00, 0x00, 0x00, 0x00, 0x2E, 0x00, 0x00, 0x00, 0x00, 0x00, 0x00, 0x01, 0xFC,
    0x00, 0x00, 0x00, 0x00, 0x00, 0x00, 0x1F, 0xFC, 0x00, 0x00, 0x00, 0x00, 0x00, 0x01, 0xF0, 0x7C,
    0x00, 0x00, 0x00, 0x00, 0x00, 0x1E, 0x00, 0x3C, 0x00, 0x00, 0x00, 0x00, 0x00, 0x90, 0x00, 0x14,
    0x00, 0x00, 0x00, 0x00, 0x00, 0x00, 0x00, 0x00, 0x00, 0x00, 0x00, 0x00, 0x00, 0x00, 0x00, 0x00,
    0x00, 0x01, 0xFD, 0x00, 0x00, 0x00, 0x00, 0x00, 0x0F, 0xF3, 0xF8, 0x00, 0x00, 0x00, 0x00, 0x00,
    0x3F, 0x8F, 0xF0, 0x00, 0x00, 0x00, 0x00, 0x02, 0xFD, 0x2F, 0xC0, 0x00, 0x00, 0x00, 0x00, 0x0F,
    0xF0, 0xBF, 0x40, 0x00, 0x00, 0x00, 0x00, 0x3F, 0xC1, 0xFE, 0x00, 0x00, 0x00, 0x00, 0x01, 0xFE,
    0x03, 0xFC, 0x00, 0x00, 0x00, 0x00, 0x0B, 0xF4, 0x0F, 0xF0, 0x00, 0x0F, 0xD0, 0x00, 0x3F, 0xC0,
    0x2F, 0xD0, 0x00, 0xBF, 0xC0, 0x00, 0xFF, 0x00, 0x7F, 0x80, 0x03, 0xFF, 0x40, 0x07, 0xF8, 0x00,
    0xFF, 0x00, 0x2F, 0xFE, 0x00, 0x2F, 0xD0, 0x03, 0xFC, 0x00, 0xFF, 0xFC, 0x00, 0xFF, 0x00, 0x0F,
    0xF4, 0x0B, 0xFF, 0xF8, 0x03, 0xFC, 0x00, 0x2F, 0xE0, 0x3F, 0xEF, 0xF0, 0x1F, 0xE0, 0x00, 0x7F,
    0xC2, 0xFF, 0x2F, 0xE0, 0xBF, 0x40, 0x00, 0xFF, 0x0F, 0xF8, 0x7F, 0xC3, 0xFC, 0x00, 0x03, 0xFC,
    0xBF, 0xD0, 0xFF, 0x9F, 0xF0, 0x00, 0x0B, 0xFB, 0xFF, 0x02, 0xFF, 0xBF, 0x80, 0x00, 0x1F, 0xFF,
    0xF8, 0x03, 0xFF, 0xFD, 0x00, 0x00, 0x7F, 0xFF, 0xC0, 0x0F, 0xFF, 0xF0, 0x00, 0x00, 0xFF, 0xFF,
    0x00, 0x1F, 0xFF, 0xC0, 0x00, 0x03, 0xFF, 0xF4, 0x00, 0x3F, 0xFF, 0x00, 0x00, 0x0B, 0xFF, 0xC0,
    0x00, 0xBF, 0xF8, 0x00, 0x00, 0x1F, 0xFE, 0x00, 0x01, 0xFF, 0xD0, 0x00, 0x00, 0x3F, 0xF0, 0x00,
    0x03, 0xFF, 0x00, 0x00, 0x00, 0x00, 0x05, 0x00, 0x00, 0x00, 0x00, 0x01, 0xF4, 0x00, 0x00, 0x00,
    0x00, 0x7F, 0xC0, 0x00, 0x00, 0x00, 0x1F, 0xAF, 0x00, 0x00, 0x00, 0x07, 0xC0, 0x7C, 0x00, 0x00,
    0x01, 0xE0, 0x00, 0xB0, 0x00, 0x00, 0x00, 0x00, 0x00, 0x00, 0x00, 0x00, 0x00, 0x00, 0x00, 0x00,
    0x00, 0x00, 0x00, 0x00, 0x00, 0x00, 0x00, 0x00, 0x00, 0x00, 0x00, 0x7F, 0x00, 0x00, 0x00, 0x0B,
    0xE3, 0xF4, 0x00, 0x00, 0x00, 0xFD, 0x3F, 0x80, 0x00, 0x00, 0x0F, 0xC2, 0xFC, 0x00, 0x00, 0x01,
    0xFC, 0x1F, 0xC0, 0x05, 0x00, 0x2F, 0x80, 0xFD, 0x01, 0xF8, 0x03, 0xF4, 0x0F, 0xE0, 0x3F, 0xD0,
    0x3F, 0x00, 0xBF, 0x0F, 0xFF, 0x07, 0xF0, 0x07, 0xF2, 0xFF, 0xFC, 0xBE, 0x00, 0x3F, 0xBF, 0xFF,
    0xEF, 0xD0, 0x03, 0xFF, 0xFF, 0xFF, 0xFC, 0x00, 0x2F, 0xFF, 0xEF, 0xFF, 0xC0, 0x01, 0xFF, 0xF4,
    0xFF, 0xF8, 0x00, 0x0F, 0xFE, 0x07, 0xFF, 0x40, 0x00, 0xFF, 0xC0, 0x3F, 0xF0, 0x00, 0x0B, 0xF4,
    0x01, 0xFF, 0x00, 0x00, 0x00, 0x18, 0x00, 0x00, 0x00, 0x00, 0x0F, 0x80, 0x00, 0x00, 0x00, 0x0F,
    0xF4, 0x00, 0x00, 0x00, 0x0F, 0xAF, 0x40, 0x00, 0x00, 0x0F, 0x40, 0xF4, 0x00, 0x00, 0x0F, 0x00,
    0x0B, 0x40, 0x00, 0x00, 0x00, 0x00, 0x00, 0x00, 0x00, 0x00, 0x00, 0x00, 0x00, 0x00, 0x00, 0x00,
    0x00, 0x00, 0x00, 0x00, 0x00, 0x00, 0x00, 0x03, 0xF4, 0x00, 0x00, 0x07, 0xF0, 0xFF, 0x00, 0x00,
    0x03, 0xF8, 0x1F, 0xD0, 0x00, 0x01, 0xFC, 0x03, 0xFC, 0x00, 0x00, 0xFF, 0x00, 0x7F, 0x80, 0x00,
    0xBF, 0x40, 0x0F, 0xF0, 0x00, 0x3F, 0xC0, 0x01, 0xFE, 0x00, 0x2F, 0xD0, 0x00, 0x3F, 0xD0, 0x1F,
    0xF0, 0x00, 0x07, 0xFC, 0x0F, 0xF4, 0x00, 0x00, 0xFF, 0x47, 0xFC, 0x00, 0x00, 0x1F, 0xF3, 0xFD,
    0x00, 0x00, 0x03, 0xFF, 0xFF, 0x00, 0x00, 0x00, 0xBF, 0xFF, 0x40, 0x00, 0x00, 0x0F, 0xFF, 0xC0,
    0x00, 0x00, 0x02, 0xFF, 0xD0, 0x00, 0x00, 0x00, 0x3F, 0xF0, 0x00, 0x00, 0x00, 0x0F, 0xF8, 0x00,
    0x00, 0x00, 0x03, 0xFE, 0x00, 0x00, 0x00, 0x00, 0xFF, 0x80, 0x00, 0x00, 0x00, 0x7F, 0xE0, 0x00,
    0x00, 0x00, 0x2F, 0xF8, 0x00, 0x00, 0x00, 0x0B, 0xFE, 0x00, 0x00, 0x00, 0x03, 0xFF, 0x80, 0x00,
    0x00, 0x00, 0xFF, 0xE0, 0x00, 0x00, 0x00, 0x7F, 0xF8, 0x00, 0x00, 0x00, 0x01, 0x80, 0x00, 0x00,
    0x03, 0xF0, 0x00, 0x00, 0x0F, 0xF8, 0x00, 0x00, 0x3E, 0x7E, 0x00, 0x00, 0xF4, 0x0B, 0x80, 0x03,
    0x80, 0x01, 0xE0, 0x00, 0x00, 0x00, 0x00, 0x00, 0x00, 0x00, 0x00, 0x00, 0x00, 0x00, 0x00, 0x00,
    0x00, 0x00, 0x00, 0x00, 0x00, 0x00, 0x00, 0x7E, 0x00, 0x00, 0x3F, 0x3F, 0x00, 0x00, 0x7E, 0x1F,
    0x80, 0x00, 0xBD, 0x0F, 0xD0, 0x00, 0xFC, 0x07, 0xF0, 0x00, 0xFC, 0x03, 0xF4, 0x02, 0xF8, 0x01,
    0xFC, 0x03, 0xF4, 0x00, 0xFE, 0x03, 0xF0, 0x00, 0x7F, 0x47, 0xF0, 0x00, 0x3F, 0xCF, 0xE0, 0x00,
    0x1F, 0xEF, 0xE0, 0x00, 0x0F, 0xFF, 0xD0, 0x00, 0x07, 0xFF, 0xC0, 0x00, 0x03, 0xFF, 0xC0, 0x00,
    0x01, 0xFF, 0x80, 0x00, 0x00, 0xFF, 0x40, 0x00, 0x00, 0xFF, 0x00, 0x00, 0x01, 0xFF, 0x00, 0x00,
    0x07, 0xFD, 0x00, 0x00, 0x6F, 0xFC, 0x00, 0x2F, 0xFF, 0xF0, 0x00, 0x2F, 0xFF, 0xC0, 0x00, 0x2F,
    0xFE, 0x00, 0x00, 0x2F, 0x90, 0x00, 0x00, 0x00, 0x3F, 0x40, 0x3F, 0x40, 0x00, 0x0F, 0xE0, 0x0F,
    0xD0, 0x00, 0x07, 0xF8, 0x07, 0xF8, 0x00, 0x02, 0xFF, 0x02, 0xFE, 0x00, 0x00, 0xBF, 0x80, 0xBF,
    0x80, 0x00, 0x00, 0x00, 0x00, 0x00, 0x00, 0x00, 0x00, 0x00, 0x00, 0x00, 0x00, 0x00, 0x00, 0x00,
    0x00, 0x00, 0x00, 0x00, 0x00, 0x00, 0x0F, 0xD0, 0x00, 0x00, 0x1F, 0xC3, 0xFC, 0x00, 0x00, 0x0F,
    0xE0, 0x7F, 0x40, 0x00, 0x07, 0xF0, 0x0F, 0xF0, 0x00, 0x03, 0xFC, 0x01, 0xFE, 0x00, 0x02, 0xFD,
    0x00, 0x3F, 0xC0, 0x00, 0xFF, 0x00, 0x07, 0xF8, 0x00, 0xBF, 0x40, 0x00, 0xFF, 0x40, 0x7F, 0xC0,
    0x00, 0x1F, 0xF0, 0x3F, 0xD0, 0x00, 0x03, 0xFD, 0x1F, 0xF0, 0x00, 0x00, 0x7F, 0xCF, 0xF4, 0x00,
    0x00, 0x0F, 0xFF, 0xFC, 0x00, 0x00, 0x02, 0xFF, 0xFD, 0x00, 0x00, 0x00, 0x3F, 0xFF, 0x00, 0x00,
    0x00, 0x0B, 0xFF, 0x40, 0x00, 0x00, 0x00, 0xFF, 0xC0, 0x00, 0x00, 0x00, 0x3F, 0xE0, 0x00, 0x00,
    0x00, 0x0F, 0xF8, 0x00, 0x00, 0x00, 0x03, 0xFE, 0x00, 0x00, 0x00, 0x01, 0xFF, 0x80, 0x00, 0x00,
    0x00, 0xBF, 0xE0, 0x00, 0x00, 0x00, 0x2F, 0xF8, 0x00, 0x00, 0x00, 0x0F, 0xFE, 0x00, 0x00, 0x00,
    0x03, 0xFF, 0x80, 0x00, 0x00, 0x01, 0xFF, 0xE0, 0x00, 0x00, 0x00, 0x00, 0x00, 0xF0, 0x00, 0x00,
    0x00, 0x00, 0x0B, 0x80, 0x00, 0x00, 0x00, 0x00, 0x3D, 0x00, 0x00, 0x00, 0x00, 0x02, 0xF0, 0x00,
    0x00, 0x00, 0x00, 0x0F, 0x80, 0x00, 0x00, 0x00, 0x00, 0x68, 0x00, 0x00, 0x00, 0x00, 0x00, 0x00,
    0x00, 0x00, 0x00, 0x00, 0x00, 0x00, 0x00, 0x00, 0x00, 0x00, 0x00, 0x00, 0x00, 0x00, 0x00, 0x00,
    0x00, 0x00, 0x00, 0x00, 0x2F, 0xFF, 0xFF, 0xFF, 0xFF, 0x00, 0x3F, 0xFF, 0xFF, 0xFF, 0xF8, 0x00,
    0xFF, 0xFF, 0xFF, 0xFF, 0xE0, 0x02, 0xFF, 0xFF, 0xFF, 0xFF, 0x80, 0x00, 0x00, 0x00, 0x0F, 0xFD,
    0x00, 0x00, 0x00, 0x00, 0xFF, 0xF0, 0x00, 0x00, 0x00, 0x0F, 0xFF, 0x00, 0x00, 0x00, 0x00, 0xFF,
    0xF0, 0x00, 0x00, 0x00, 0x0F, 0xFF, 0x40, 0x00, 0x00, 0x00, 0xFF, 0xF4, 0x00, 0x00, 0x00, 0x0F,
    0xFF, 0x80, 0x00, 0x00, 0x00, 0xFF, 0xF8, 0x00, 0x00, 0x00, 0x0B, 0xFF, 0xC0, 0x00, 0x00, 0x00,
    0xBF, 0xFC, 0x00, 0x00, 0x00, 0x0B, 0xFF, 0xC0, 0x00, 0x00, 0x00, 0xBF, 0xFD, 0x00, 0x00, 0x00,
    0x0B, 0xFF, 0xD0, 0x00, 0x00, 0x00, 0xBF, 0xFE, 0x00, 0x00, 0x00, 0x0B, 0xFF, 0xE0, 0x00, 0x00,
    0x00, 0xBF, 0xFF, 0x00, 0x00, 0x00, 0x07, 0xFF, 0xFF, 0xFF, 0xFF, 0xFC, 0x1F, 0xFF, 0xFF, 0xFF,
    0xFF, 0xF4, 0x7F, 0xFF, 0xFF, 0xFF, 0xFF, 0xE1, 0xFF, 0xFF, 0xFF, 0xFF, 0xFF, 0xC7, 0xFF, 0xFF,
    0xFF, 0xFF, 0xFF, 0x00, 0x00, 0x00, 0x28, 0x00, 0x00, 0x00, 0x3C, 0x00, 0x00, 0x00, 0xB8, 0x00,
    0x00, 0x00, 0xF0, 0x00, 0x00, 0x02, 0xF0, 0x00, 0x00, 0x03, 0xE0, 0x00, 0x00, 0x00, 0x00, 0x00,
    0x00, 0x00, 0x00, 0x00, 0x00, 0x00, 0x00, 0x00, 0x00, 0x00, 0x00, 0x00, 0x00, 0x00, 0x00, 0x00,
    0x03, 0xFF, 0xFF, 0xFC, 0x03, 0xFF, 0xFF, 0xFC, 0x03, 0xFF, 0xFF, 0xFD, 0x00, 0x00, 0x07, 0xF8,
    0x00, 0x00, 0x1F, 0xE0, 0x00, 0x00, 0xBF, 0x80, 0x00, 0x02, 0xFE, 0x00, 0x00, 0x0B, 0xF8, 0x00,
    0x00, 0x3F, 0xE0, 0x00, 0x00, 0xFF, 0x80, 0x00, 0x03, 0xFE, 0x00, 0x00, 0x0F, 0xF8, 0x00, 0x00,
    0x3F, 0xFA, 0xAA, 0x90, 0x3F, 0xFF, 0xFF, 0xF0, 0x7F, 0xFF, 0xFF, 0xF4, 0x7F, 0xFF, 0xFF, 0xFC,
    0x00, 0x00, 0x1F, 0xC0, 0x00, 0x00, 0x00, 0x00, 0xBF, 0x00, 0x00, 0x00, 0x00, 0x03, 0xFC, 0x00,
    0x00, 0x00, 0x00, 0x0F, 0xF0, 0x00, 0x00, 0x00, 0x00, 0x3F, 0xD0, 0x00, 0x00, 0x00, 0x00, 0x00,
    0x00, 0x00, 0x00, 0x00, 0x00, 0x00, 0x00, 0x00, 0x00, 0x00, 0x00, 0x00, 0x00, 0x00, 0x02, 0xFF,
    0xFF, 0xFF, 0xFF, 0xF0, 0x03, 0xFF, 0xFF, 0xFF, 0xFF, 0x80, 0x0F, 0xFF, 0xFF, 0xFF, 0xFE, 0x00,
    0x2F, 0xFF, 0xFF, 0xFF, 0xF8, 0x00, 0x00, 0x00, 0x00, 0xFF, 0xD0, 0x00, 0x00, 0x00, 0x0F, 0xFF,
    0x00, 0x00, 0x00, 0x00, 0xFF, 0xF0, 0x00, 0x00, 0x00, 0x0F, 0xFF, 0x00, 0x00, 0x00, 0x00, 0xFF,
    0xF4, 0x00, 0x00, 0x00, 0x0F, 0xFF, 0x40, 0x00, 0x00, 0x00, 0xFF, 0xF8, 0x00, 0x00, 0x00, 0x0F,
    0xFF, 0x80, 0x00, 0x00, 0x00, 0xBF, 0xFC, 0x00, 0x00, 0x00, 0x0B, 0xFF, 0xC0, 0x00, 0x00, 0x00,
    0xBF, 0xFC, 0x00, 0x00, 0x00, 0x0B, 0xFF, 0xD0, 0x00, 0x00, 0x00, 0xBF, 0xFD, 0x00, 0x00, 0x00,
    0x0B, 0xFF, 0xE0, 0x00, 0x00, 0x00, 0xBF, 0xFE, 0x00, 0x00, 0x00, 0x0B, 0xFF, 0xF0, 0x00, 0x00,
    0x00, 0x7F, 0xFF, 0xFF, 0xFF, 0xFF, 0xC1, 0xFF, 0xFF, 0xFF, 0xFF, 0xFF, 0x47, 0xFF, 0xFF, 0xFF,
    0xFF, 0xFE, 0x1F, 0xFF, 0xFF, 0xFF, 0xFF, 0xFC, 0x7F, 0xFF, 0xFF, 0xFF, 0xFF, 0xF0, 0x00, 0x07,
    0xF0, 0x00, 0x00, 0x07, 0xF0, 0x00, 0x00, 0x0B, 0xF4, 0x00, 0x00, 0x0F, 0xF4, 0x00, 0x00, 0x0F,
    0xF4, 0x00, 0x00, 0x00, 0x00, 0x00, 0x00, 0x00, 0x00, 0x00, 0x00, 0x00, 0x00, 0x00, 0x00, 0x00,
    0x00, 0x00, 0x03, 0xFF, 0xFF, 0xFC, 0x03, 0xFF, 0xFF, 0xFC, 0x03, 0xFF, 0xFF, 0xFD, 0x00, 0x00,
    0x07, 0xF8, 0x00, 0x00, 0x1F, 0xE0, 0x00, 0x00, 0xBF, 0x80, 0x00, 0x02, 0xFE, 0x00, 0x00, 0x0B,
    0xF8, 0x00, 0x00, 0x3F, 0xE0, 0x00, 0x00, 0xFF, 0x80, 0x00, 0x03, 0xFE, 0x00, 0x00, 0x0F, 0xF8,
    0x00, 0x00, 0x3F, 0xFA, 0xAA, 0x90, 0x3F, 0xFF, 0xFF, 0xF0, 0x7F, 0xFF, 0xFF, 0xF4, 0x7F, 0xFF,
    0xFF, 0xFC, 0x00, 0x19, 0x00, 0x02, 0x40, 0x00, 0x00, 0x1E, 0x00, 0xB8, 0x00, 0x00, 0x00, 0x1F,
    0x0F, 0x80, 0x00, 0x00, 0x00, 0x1F, 0xF8, 0x00, 0x00, 0x00, 0x00, 0x2F, 0x80, 0x00, 0x00, 0x00,
    0x00, 0x3C, 0x00, 0x00, 0x00, 0x00, 0x00, 0x00, 0x00, 0x00, 0x00, 0x00, 0x00, 0x00, 0x00, 0x00,
    0x00, 0x00, 0x00, 0x00, 0x00, 0x00, 0x00, 0x00, 0x00, 0x00, 0x00, 0x00, 0x2F, 0xFF, 0xFF, 0xFF,
    0xFF, 0x00, 0x3F, 0xFF, 0xFF, 0xFF, 0xF8, 0x00, 0xFF, 0xFF, 0xFF, 0xFF, 0xE0, 0x02, 0xFF, 0xFF,
    0xFF, 0xFF, 0x80, 0x00, 0x00, 0x00, 0x0F, 0xFD, 0x00, 0x00, 0x00, 0x00, 0xFF, 0xF0, 0x00, 0x00,
    0x00, 0x0F, 0xFF, 0x00, 0x00, 0x00, 0x00, 0xFF, 0xF0, 0x00, 0x00, 0x00, 0x0F, 0xFF, 0x40, 0x00,
    0x00, 0x00, 0xFF, 0xF4, 0x00, 0x00, 0x00, 0x0F, 0xFF, 0x80, 0x00, 0x00, 0x00, 0xFF, 0xF8, 0x00,
    0x00, 0x00, 0x0B, 0xFF, 0xC0, 0x00, 0x00, 0x00, 0xBF, 0xFC, 0x00, 0x00, 0x00, 0x0B, 0xFF, 0xC0,
    0x00, 0x00, 0x00, 0xBF, 0xFD, 0x00, 0x00, 0x00, 0x0B, 0xFF, 0xD0, 0x00, 0x00, 0x00, 0xBF, 0xFE,
    0x00, 0x00, 0x00, 0x0B, 0xFF, 0xE0, 0x00, 0x00, 0x00, 0xBF, 0xFF, 0x00, 0x00, 0x00, 0x07, 0xFF,
    0xFF, 0xFF, 0xFF, 0xFC, 0x1F, 0xFF, 0xFF, 0xFF, 0xFF, 0xF4, 0x7F, 0xFF, 0xFF, 0xFF, 0xFF, 0xE1,
    0xFF, 0xFF, 0xFF, 0xFF, 0xFF, 0xC7, 0xFF, 0xFF, 0xFF, 0xFF, 0xFF, 0x00, 0x00, 0x00, 0x00, 0x00,
    0x02, 0xC0, 0x02, 0xD0, 0x00, 0xB8, 0x0F, 0x40, 0x00, 0x2F, 0xBD, 0x00, 0x00, 0x0B, 0xF4, 0x00,
    0x00, 0x03, 0xE0, 0x00, 0x00, 0x00, 0x40, 0x00, 0x00, 0x00, 0x00, 0x00, 0x00, 0x00, 0x00, 0x00,
    0x00, 0x00, 0x00, 0x00, 0x00, 0x00, 0x00, 0x00, 0x03, 0xFF, 0xFF, 0xFC, 0x03, 0xFF, 0xFF, 0xFC,
    0x03, 0xFF, 0xFF, 0xFD, 0x00, 0x00, 0x07, 0xF8, 0x00, 0x00, 0x1F, 0xE0, 0x00, 0x00, 0xBF, 0x80,
    0x00, 0x02, 0xFE, 0x00, 0x00, 0x0B, 0xF8, 0x00, 0x00, 0x3F, 0xE0, 0x00, 0x00, 0xFF, 0x80, 0x00,
    0x03, 0xFE, 0x00, 0x00, 0x0F, 0xF8, 0x00, 0x00, 0x3F, 0xFA, 0xAA, 0x90, 0x3F, 0xFF, 0xFF, 0xF0,
    0x7F, 0xFF, 0xFF, 0xF4, 0x7F, 0xFF, 0xFF, 0xFC, 0x00, 0x00, 0x00, 0x0F, 0xF8, 0x03, 0xFF, 0xC0,
    0xFD, 0x08, 0x1F, 0x80, 0x02, 0xF0, 0x00, 0x3F, 0x00, 0x03, 0xF0, 0x00, 0x3E, 0x00, 0x03, 0xF0,
    0x00, 0x3F, 0x00, 0x03, 0xF0, 0x00, 0x3F, 0x00, 0x03, 0xF0, 0x00, 0x3F, 0x00, 0x03, 0xF0, 0x00,
    0x3F, 0x00, 0x03, 0xF0, 0x00, 0x7F, 0x00, 0x07, 0xF0, 0x00, 0x7F, 0x00, 0x07, 0xF4, 0x00, 0x7F,
    0x40, 0x07, 0xF4, 0x00, 0x3F, 0x00, 0x00, 0xFD, 0x00, 0x03, 0xF8, 0x00, 0x0F, 0xF0, 0x00, 0x01,
    0x40, 0x01, 0x90, 0x3C, 0x07, 0xC0, 0xF4, 0x1F, 0x03, 0xF0, 0x00, 0x3C, 0x00, 0x00, 0xBF, 0x00,
    0x01, 0xFF, 0x80, 0x07, 0xC3, 0xE0, 0x1E, 0x00, 0x78, 0x24, 0x00, 0x09, 0x0B, 0xC0, 0x2C, 0xBB,
    0xC0, 0xB3, 0xC3, 0xC3, 0x8E, 0x07, 0xFD, 0x38, 0x07, 0xE0, 0x00, 0x00, 0x00, 0x00, 0x00, 0x15,
    0x42, 0xFF, 0xFF, 0xFC, 0x3F, 0xFF, 0xFF, 0xD0, 0x00, 0x00, 0x00, 0x00, 0x00, 0x00, 0x00, 0x00,
    0x6A, 0xAF, 0xFF, 0xFF, 0x43, 0xFF, 0xFF, 0xFF, 0xFE, 0x00, 0x00, 0x00, 0x00, 0x00, 0xB4, 0x00,
    0x0E, 0x78, 0x00, 0x1D, 0x3D, 0x00, 0x7C, 0x2F, 0xFF, 0xF8, 0x0B, 0xFF, 0xE0, 0x00, 0xA9, 0x00,
    0x2F, 0x83, 0xFC, 0x3F, 0xC7, 0xFC, 0x7F, 0xC0, 0x1F, 0x40, 0x2F, 0x43, 0xF8, 0x03, 0xF8, 0x3F,
    0xC0, 0x3F, 0xC3, 0xFC, 0x07, 0xFC, 0x7F, 0xC0, 0xBF, 0xC0, 0x2F, 0xE0, 0x81, 0xE0, 0x03, 0x80,
    0x78, 0x03, 0x80, 0x00, 0x00, 0x0B, 0xD0, 0xB0, 0xD3, 0x41, 0xCE, 0x0B, 0x1F, 0xF4, 0x1A, 0x40,
    0x00, 0x0F, 0xC0, 0x00, 0x0F, 0xC0, 0x07, 0xF0, 0x00, 0x07, 0xE0, 0x02, 0xF8, 0x00, 0x02, 0xF8,
    0x00, 0xFE, 0x00, 0x01, 0xFE, 0x00, 0x14, 0x00, 0x00, 0x14, 0x00, 0x00, 0x38, 0x00, 0x1D, 0x0F,
    0x00, 0xF4, 0x03, 0xE7, 0xD0, 0x00, 0xFF, 0x40, 0x00, 0x7E, 0x00, 0x00, 0x28, 0x00, 0x14, 0x00,
    0x00, 0x14, 0x00, 0x02, 0xF8, 0x00, 0x02, 0xF4, 0x00, 0x0B, 0xF0, 0x00, 0x0B, 0xE0, 0x00, 0x1F,
    0xD0, 0x00, 0x2F, 0xD0, 0x00, 0x6B, 0x40, 0x00, 0x6B, 0x40, 0xBF, 0xD1, 0xFF, 0x43, 0xFD, 0x0F,
    0xF8, 0x2F, 0xE0, 0x7F, 0xC0, 0xFF, 0x42, 0xFE, 0x00, 0x00, 0x00, 0x00, 0x0F, 0xFC, 0x0F, 0xF8,
    0x0F, 0xF4, 0x1F, 0xF0, 0x1F, 0xF0, 0x2F, 0xE0, 0x3F, 0xD0, 0x7F, 0xC0, 0x00, 0x02, 0xFF, 0x47,
    0xFD, 0x0F, 0xF4, 0x3F, 0xE0, 0x7F, 0x80, 0xFF, 0x03, 0xFD, 0x0B, 0xF8, 0x02, 0x40, 0xE5, 0x7A,
    0xFE, 0x03, 0x80, 0xE0, 0x00, 0x60, 0x2C, 0x0B, 0x56, 0xFE, 0xB0, 0x2C, 0x00, 0x00, 0xBE, 0xA5,
    0x50, 0xBF, 0xFF, 0xFD, 0x05, 0x55, 0xBD, 0x00, 0x00, 0x3D, 0x00, 0x00, 0x3D, 0x00, 0x00, 0x3E,
    0x00, 0x00, 0x3E, 0x0E, 0x0A, 0x0E, 0x1D, 0xB8, 0x60, 0x1D, 0xCA, 0x28, 0x3C, 0x10, 0x06, 0x00,
    0x1C, 0x00, 0x70, 0x2F, 0xFC, 0x6A, 0xA0, 0xBF, 0xF1, 0xBE, 0x80, 0x70, 0x01, 0xC0, 0x01, 0x00,
    0x00, 0x00, 0x60, 0x06, 0x0B, 0xFE, 0x06, 0x00, 0x60, 0x00, 0x00, 0x00, 0x00, 0x15, 0x42, 0xFF,
    0xFF, 0xFC, 0x7F, 0xFF, 0xFF, 0xC0, 0x00, 0x00, 0x00, 0x1F, 0x43, 0xF8, 0x3F, 0xC3, 0xFC, 0x7F,
    0xC0, 0x2F, 0x80, 0x2F, 0x83, 0xFC, 0x03, 0xF8, 0x3F, 0xC0, 0x3F, 0xC7, 0xFC, 0x07, 0xFC, 0x7F,
    0xC0, 0x7F, 0xC0, 0x0B, 0xD0, 0xB0, 0xD3, 0x41, 0xCE, 0x0B, 0x1F, 0xF4, 0x1A, 0x40, 0x00, 0x00,
    0x0F, 0xFC, 0x0F, 0xF8, 0x0F, 0xF4, 0x1F, 0xF0, 0x1F, 0xF0, 0x2F, 0xE0, 0x3F, 0xD0, 0x7F, 0xC0,
    0x00, 0x00, 0x10, 0x03, 0x00, 0x60, 0x0B, 0xF4, 0x00, 0xD0, 0x0D, 0x6B, 0xCF, 0xE0, 0x02, 0x40,
    0xE0, 0x3C, 0x07, 0x00, 0xB0, 0x07, 0xFD, 0x0B, 0xE0, 0x00, 0x3C, 0x7C, 0x7C, 0x7C, 0xBC, 0xBC,
    0xBC, 0xA8, 0xAA, 0xAA, 0x6F, 0xFF, 0xEB, 0x40, 0x7A, 0xD0, 0x1E, 0xA4, 0x06, 0x40, 0x24, 0x00,
    0x09, 0x1E, 0x00, 0x78, 0x07, 0xC3, 0xE0, 0x01, 0xFF, 0x80, 0x00, 0xBF, 0x00, 0x00, 0x3C, 0x00,
    0x00, 0x0A, 0x00, 0x00, 0x0B, 0xD0, 0x00, 0x07, 0xFC, 0x00, 0x07, 0xDB, 0xC0, 0x07, 0x80, 0x7C,
    0x0B, 0x40, 0x02, 0xC0, 0x0B, 0xC0, 0x2C, 0xBB, 0xC0, 0xB3, 0xC3, 0xC3, 0x8E, 0x07, 0xFD, 0x38,
    0x07, 0xE0, 0x00, 0x00, 0x00, 0x00, 0x00, 0x00, 0xFF, 0xFF, 0xD6, 0xAA, 0xA5, 0x00, 0x00, 0x00,
    0x00, 0x2F, 0xFF, 0xFC, 0x7F, 0xFF, 0xF8, 0x00, 0x00, 0x00, 0x0B, 0xC0, 0x2C, 0xBB, 0xC0, 0xB3,
    0xC3, 0xC3, 0x8E, 0x07, 0xFD, 0x38, 0x07, 0xE0, 0x00, 0x00, 0x00, 0xBF, 0xFF, 0xFF, 0xCB, 0xFF,
    0xFF, 0xFC, 0xBF, 0xFF, 0xFF, 0xC0, 0xA0, 0xA0, 0xCB, 0xB5, 0x40, 0x50, 0x01, 0x6D, 0x01, 0xEB,
    0x40, 0x7A, 0xFA, 0xBE, 0xBF, 0xFF, 0x80, 0x00, 0x00, 0x2F, 0xFF, 0xCA, 0x00, 0x32, 0x80, 0x0C,
    0xA0, 0x03, 0x28, 0x00, 0xCB, 0xFF, 0xF0, 0x55, 0x54, 0x2E, 0x09, 0x1C, 0x38, 0xC6, 0x0C, 0x25,
    0x83, 0x0A, 0xA0, 0xC2, 0x80, 0x10, 0x50, 0x24, 0x50, 0x77, 0x00, 0xB0, 0x03, 0xD0, 0x29, 0xC2,
    0xC2, 0xC0, 0x0B, 0xC0, 0x2C, 0xBB, 0xC0, 0xB3, 0xC3, 0xC3, 0x8E, 0x07, 0xFD, 0x38, 0x07, 0xE0,
    0x00, 0x00, 0x00, 0xA0, 0xBC, 0x0D, 0x1C, 0x50, 0x00, 0x00, 0xA0, 0x00, 0x00, 0x2E, 0x00, 0x00,
    0x03, 0xD0, 0x00, 0x00, 0xBC, 0x00, 0x00, 0x0F, 0x80, 0x00, 0x01, 0xF4, 0x00, 0x00, 0x00, 0x00,
    0x00, 0x00, 0x00, 0x00, 0x1F, 0x40, 0x2F, 0x43, 0xF8, 0x03, 0xF8, 0x3F, 0xC0, 0x3F, 0xC3, 0xFC,
    0x07, 0xFC, 0x7F, 0xC0, 0xBF, 0xC0, 0xAA, 0xAA, 0x6F, 0xFF, 0xEB, 0x40, 0x7A, 0xD0, 0x1E, 0xA4,
    0x06, 0x40, 0x00, 0x00, 0x01, 0x02, 0xBF, 0xFF, 0xFC, 0x7F, 0xFF, 0xFF, 0xC1, 0x54, 0x00, 0x00,
    0x00, 0x00, 0x00, 0x00, 0x00, 0x00, 0x00, 0x00, 0x00, 0x00, 0x00, 0x00, 0x05, 0x54, 0x2F, 0xFF,
    0xFF, 0xC7, 0xFF, 0xFF, 0xFC, 0x00, 0x00, 0x00, 0x00, 0x3C, 0x00, 0xF5, 0xF0, 0x03, 0xD7, 0xC0,
    0x1F, 0x5F, 0x00, 0x7D, 0xBC, 0x01, 0xF6, 0xF0, 0x0B, 0xDB, 0xC0, 0x2F, 0x6A, 0x00, 0x69, 0x65,
    0x54, 0x2F, 0xFF, 0xCB, 0xFF, 0xF0, 0x00, 0xFC, 0x00, 0x3F, 0x40, 0x0F, 0xD0, 0x02, 0xA0, 0x00,
    0x00, 0x50, 0x00, 0x03, 0x00, 0x00, 0x1C, 0x00, 0x00, 0xA0, 0x00, 0x03, 0x40, 0x2F, 0x1C, 0xB2,
    0xEF, 0xA2, 0xCF, 0x0F, 0x4E, 0x38, 0x1F, 0xF4, 0xE0, 0xBF, 0x80, 0x03, 0x80, 0x00, 0x0D, 0x00,
    0x00, 0x70, 0x00, 0x03, 0x80, 0x00, 0x0D, 0x00, 0x00, 0x00, 0x00, 0x00, 0x00, 0x00, 0x07, 0xD0,
    0x00, 0x00, 0x00, 0x00, 0x0B, 0xE0, 0x00, 0x00, 0x00, 0x00, 0x0F, 0xE0, 0x00, 0x00, 0x00, 0x00,
    0x0F, 0xF0, 0x00, 0x02, 0xFF, 0xF4, 0x00, 0x00, 0xFD, 0x0F, 0xFA, 0xBF, 0x40, 0x00, 0xFD, 0x3F,
    0xC0, 0x0F, 0xF4, 0x01, 0xFC, 0x3F, 0x80, 0x01, 0xFF, 0xAF, 0xF8, 0x7F, 0x80, 0x00, 0x1B, 0xFF,
    0x90, 0x00, 0x07, 0xD0, 0x00, 0x00, 0x00, 0x00, 0x0B, 0xE0, 0x00, 0x00, 0x00, 0x00, 0x0F, 0xE0,
    0x00, 0x00, 0x00, 0x00, 0x0F, 0xF0, 0x00, 0x00, 0x00, 0x00, 0x00, 0x00, 0x00, 0x02, 0xFE, 0x00,
    0x01, 0x42, 0xFA, 0xF4, 0x00, 0xF0, 0xF8, 0x0F, 0x40, 0x7C, 0x7D, 0x01, 0xF4, 0x3E, 0x2F, 0x00,
    0x0F, 0xFF, 0x40, 0x00, 0x00, 0x6A, 0x00, 0x00, 0x00, 0x00, 0x00, 0x01, 0x50, 0x00, 0x00, 0x03,
    0xFF, 0xC0, 0x03, 0xC3, 0xF0, 0xBC, 0x01, 0xF0, 0xF4, 0x0B, 0xC0, 0xBC, 0x7D, 0x00, 0xBE, 0xFD,
    0x16, 0x00, 0x07, 0xFE, 0x00, 0x00, 0x00, 0x00, 0x00, 0x00, 0x00, 0x00, 0x00, 0x00, 0x00, 0x01,
    0x40, 0x40, 0x00, 0xBF, 0x07, 0x00, 0x00, 0x14, 0x3F, 0xC0, 0x00, 0x00, 0x20, 0x00, 0x00, 0x00,
    0x00, 0x00, 0x00, 0x00, 0x14, 0x7C, 0x18, 0x14, 0x50, 0x00, 0x00, 0x00, 0x00, 0x08, 0x34, 0x00,
    0x00, 0x00, 0x00, 0x34, 0x0E, 0x00, 0x00, 0x00, 0x02, 0xD0, 0x01, 0xF9, 0x00, 0x01, 0x7E, 0x00,
    0x00, 0x1B, 0xFF, 0xFF, 0x90, 0x00, 0x00, 0x00, 0x00, 0x00, 0x00, 0x00, 0x00, 0x1A, 0xFF, 0xFE,
    0x90, 0x00, 0x01, 0xF9, 0x40, 0x01, 0xBE, 0x00, 0x0F, 0x40, 0x00, 0x00, 0x02, 0xD0, 0x38, 0x00,
    0x00, 0x00, 0x00, 0x34, 0x60, 0x00, 0x00, 0x00, 0x00, 0x0C, 0x00, 0x00, 0x00, 0x00, 0x00, 0x00,
    0x00, 0x00, 0x00, 0x00, 0x00, 0x04, 0x00, 0x00, 0x00, 0x00, 0x00, 0x00, 0x0F, 0x80, 0xBF, 0xFF,
    0xFF, 0xFF, 0xFF, 0xFF, 0xF8, 0xBF, 0xFF, 0xFF, 0xFF, 0xFF, 0xFF, 0xFC, 0x00, 0x00, 0x00, 0x00,
    0x00, 0x0F, 0xD0, 0x00, 0x00, 0x00, 0x00, 0x00, 0x0D, 0x00, 0x00, 0x00, 0x00, 0x00, 0x00, 0x00,
    0x00, 0x00, 0x00, 0x00, 0x00, 0x0F, 0xC0, 0x00, 0x00, 0x0F, 0xD0, 0x00, 0x00, 0x0F, 0xE0, 0x00,
    0x00, 0x0B, 0xF0, 0x00, 0x00, 0x00, 0x00, 0x00, 0x00, 0x00, 0x00, 0x00, 0x00, 0x00, 0x00, 0x55,
    0x55, 0x55, 0x52, 0xFF, 0xFF, 0xFF, 0xCB, 0xFF, 0xFF, 0xFF, 0x2F, 0x00, 0x00, 0x00, 0xBC, 0x00,
    0x00, 0x02, 0xF0, 0x00, 0x00, 0x0B, 0xC0, 0x00, 0x00, 0x2F, 0x00, 0x00, 0x00, 0xBC, 0x00, 0x00,
    0x02, 0xF9, 0x55, 0x55, 0x0B, 0xFF, 0xFF, 0xFD, 0x2F, 0xFF, 0xFF, 0xF4, 0xBC, 0x00, 0x00, 0x02,
    0xF0, 0x00, 0x00, 0x0B, 0xC0, 0x00, 0x00, 0x2F, 0x00, 0x00, 0x00, 0xBC, 0x00, 0x00, 0x02, 0xF9,
    0x55, 0x55, 0x4B, 0xFF, 0xFF, 0xFF, 0x2F, 0xFF, 0xFF, 0xFC, 0xBF, 0xFF, 0xFF, 0xF2, 0xFF, 0xFF,
    0xFF, 0xC0, 0x00, 0x00, 0x00, 0x00, 0x2E, 0x00, 0x3D, 0x00, 0xF8, 0x00, 0xF4, 0x03, 0xE0, 0x03,
    0xD0, 0x00, 0x00, 0x00, 0x00, 0x00, 0x00, 0x00, 0x05, 0x55, 0x55, 0x55, 0x2F, 0xFF, 0xFF, 0xFC,
    0xBF, 0xFF, 0xFF, 0xF2, 0xF0, 0x00, 0x00, 0x0B, 0xC0, 0x00, 0x00, 0x2F, 0x00, 0x00, 0x00, 0xBC,
    0x00, 0x00, 0x02, 0xF0, 0x00, 0x00, 0x0B, 0xC0, 0x00, 0x00, 0x2F, 0x95, 0x55, 0x50, 0xBF, 0xFF,
    0xFF, 0xD2, 0xFF, 0xFF, 0xFF, 0x4B, 0xC0, 0x00, 0x00, 0x2F, 0x00, 0x00, 0x00, 0xBC, 0x00, 0x00,
    0x02, 0xF0, 0x00, 0x00, 0x0B, 0xC0, 0x00, 0x00, 0x2F, 0x95, 0x55, 0x54, 0xBF, 0xFF, 0xFF, 0xF2,
    0xFF, 0xFF, 0xFF, 0xCB, 0xFF, 0xFF, 0xFF, 0x2F, 0xFF, 0xFF, 0xFC, 0x00, 0x00, 0x00, 0x00, 0x14,
    0x00, 0x0F, 0xFF, 0xFF, 0xFF, 0xFF, 0x00, 0x2F, 0xFF, 0xFF, 0xFF, 0xFF, 0x40, 0x00, 0x00, 0xBD,
    0x00, 0x00, 0x00, 0x00, 0x00, 0xBD, 0x00, 0x00, 0x00, 0x00, 0x00, 0xBD, 0x00, 0x00, 0x00, 0x00,
    0x00, 0xBD, 0x00, 0x00, 0x00, 0x00, 0x00, 0xBD, 0x00, 0x00, 0x00, 0x00, 0x00, 0xBE, 0x00, 0x00,
    0x00, 0x00, 0x00, 0xBE, 0x00, 0x00, 0x00, 0x00, 0x00, 0xBE, 0x00, 0x00, 0x00, 0x00, 0x00, 0xBF,
    0xAF, 0xFD, 0x00, 0x00, 0x00, 0xBF, 0xFF, 0xFF, 0xC0, 0x00, 0x00, 0xFF, 0xD0, 0x1F, 0xF0, 0x00,
    0x00, 0xFF, 0x00, 0x02, 0xF8, 0x00, 0x00, 0xFE, 0x00, 0x00, 0xFC, 0x00, 0x00, 0xFD, 0x00, 0x00,
    0xBC, 0x00, 0x00, 0xFD, 0x00, 0x00, 0x7C, 0x00, 0x00, 0xFC, 0x00, 0x00, 0x7C, 0x00, 0x00, 0xFD,
    0x00, 0x00, 0xBC, 0x00, 0x00, 0xFD, 0x00, 0x01, 0xFC, 0x00, 0x00, 0xFD, 0x00, 0x3F, 0xF8, 0x00,
    0x00, 0xFE, 0x00, 0x3F, 0xF0, 0x00, 0x00, 0xFE, 0x00, 0x3F, 0x80, 0x00, 0x00, 0x64, 0x00, 0x00,
    0x03, 0xC0, 0x00, 0x00, 0x1F, 0x00, 0x00, 0x00, 0xF4, 0x00, 0x00, 0x07, 0xC0, 0x00, 0x00, 0x3F,
    0x00, 0x00, 0x00, 0x00, 0x00, 0x00, 0x00, 0x00, 0x00, 0x00, 0x00, 0x00, 0x00, 0x00, 0x00, 0x00,
    0x00, 0x00, 0x00, 0x00, 0x00, 0x00, 0x00, 0x00, 0x15, 0x55, 0x55, 0x51, 0xFF, 0xFF, 0xFF, 0xE7,
    0xFF, 0xFF, 0xFF, 0x9F, 0xC0, 0x00, 0x00, 0x7F, 0x00, 0x00, 0x01, 0xFC, 0x00, 0x00, 0x07, 0xF0,
    0x00, 0x00, 0x1F, 0xC0, 0x00, 0x00, 0x7F, 0x00, 0x00, 0x01, 0xFC, 0x00, 0x00, 0x07, 0xF0, 0x00,
    0x00, 0x1F, 0xC0, 0x00, 0x00, 0x7F, 0x40, 0x00, 0x02, 0xFD, 0x00, 0x00, 0x0B, 0xF4, 0x00, 0x00,
    0x2F, 0xD0, 0x00, 0x00, 0xBF, 0x40, 0x00, 0x02, 0xFE, 0x00, 0x00, 0x0B, 0xF8, 0x00, 0x00, 0x2F,
    0xE0, 0x00, 0x00, 0xBF, 0x80, 0x00, 0x02, 0xFE, 0x00, 0x00, 0x00, 0x00, 0x00, 0x00, 0x00, 0x00,
    0x00, 0x06, 0xFF, 0x90, 0x00, 0x00, 0x7F, 0xFF, 0xFD, 0x00, 0x02, 0xFE, 0x41, 0xBF, 0x40, 0x0B,
    0xF0, 0x00, 0x0F, 0xD0, 0x1F, 0xC0, 0x00, 0x07, 0xF0, 0x3F, 0x40, 0x00, 0x02, 0xF8, 0x3F, 0x00,
    0x00, 0x00, 0xA4, 0xBE, 0x00, 0x00, 0x00, 0x00, 0xBD, 0x00, 0x00, 0x00, 0x00, 0xFF, 0xFF, 0xFF,
    0xC0, 0x00, 0xFF, 0xFF, 0xFF, 0xC0, 0x00, 0xFF, 0xFF, 0xFF, 0xC0, 0x00, 0xFC, 0x00, 0x00, 0x00,
    0x00, 0xFE, 0x00, 0x00, 0x00, 0x00, 0xFF, 0x00, 0x00, 0x00, 0x00, 0xBF, 0xD0, 0x00, 0x06, 0xA9,
    0x7F, 0xFE, 0x9A, 0xBF, 0xFC, 0x3F, 0xFF, 0xFF, 0xFF, 0xFC, 0x2F, 0xFF, 0xFF, 0xFF, 0xF8, 0x0F,
    0xFF, 0xFF, 0xFF, 0xF0, 0x02, 0xFF, 0xFF, 0xFF, 0xC0, 0x00, 0x2B, 0xFF, 0xF9, 0x00, 0x00, 0x00,
    0x00, 0x00, 0x00, 0x00, 0x00, 0x16, 0x55, 0x00, 0x00, 0x00, 0x2F, 0xFF, 0xFF, 0xC0, 0x00, 0x03,
    0xFF, 0xFF, 0xFF, 0x00, 0x00, 0x3F, 0xFF, 0xFF, 0xFC, 0x00, 0x01, 0xFF, 0xE4, 0x00, 0x50, 0x00,
    0x0B, 0xF8, 0x00, 0x00, 0x00, 0x00, 0x3F, 0xC0, 0x00, 0x00, 0x00, 0x00, 0xFD, 0x00, 0x00, 0x00,
    0x00, 0x03, 0xF4, 0x00, 0x00, 0x00, 0x00, 0x0F, 0xF0, 0x00, 0x00, 0x00, 0x00, 0x2F, 0xFE, 0x40,
    0x00, 0x00, 0x00, 0x3F, 0xFF, 0xF9, 0x00, 0x00, 0x00, 0x3F, 0xFF, 0xFF, 0x80, 0x00, 0x00, 0x1F,
    0xFF, 0xFF, 0xE0, 0x00, 0x00, 0x01, 0xBF, 0xFF, 0xF0, 0x00, 0x00, 0x00, 0x07, 0xFF, 0xF0, 0x00,
    0x00, 0x00, 0x03, 0xFF, 0xE0, 0x00, 0x00, 0x00, 0x07, 0xFF, 0xC0, 0x00, 0x00, 0x00, 0x1F, 0xFF,
    0x00, 0x10, 0x00, 0x00, 0xFF, 0xFC, 0x02, 0xFF, 0xAA, 0xBF, 0xFF, 0xF0, 0x1F, 0xFF, 0xFF, 0xFF,
    0xFF, 0x80, 0xFF, 0xFF, 0xFF, 0xFF, 0xFC, 0x0F, 0xFF, 0xFF, 0xFF, 0xFF, 0x80, 0x3F, 0xFF, 0xFF,
    0xFF, 0xF4, 0x00, 0x1B, 0xFF, 0xFF, 0xE4, 0x00, 0x00, 0x00, 0x00, 0x00, 0x00, 0x00, 0x00, 0xAA,
    0x4B, 0xF4, 0xBF, 0x4B, 0xF4, 0x7F, 0x47, 0xF4, 0x7F, 0x47, 0xF4, 0x7F, 0x47, 0xF4, 0x7F, 0x47,
    0xF4, 0x7F, 0x47, 0xF4, 0x7F, 0x87, 0xF8, 0x7F, 0x87, 0xF8, 0x7F, 0xCB, 0xFC, 0xBF, 0xCB, 0xFC,
    0xFF, 0xCF, 0xFC, 0xFF, 0xC0, 0x2F, 0x80, 0x3F, 0x43, 0xF8, 0x03, 0xF8, 0x3F, 0xC0, 0x3F, 0xC7,
    0xFC, 0x07, 0xFC, 0x7F, 0xC0, 0x7F, 0xC0, 0x00, 0x00, 0x00, 0x00, 0x00, 0x00, 0x00, 0x00, 0x00,
    0x00, 0x00, 0x00, 0x00, 0x00, 0x00, 0x00, 0x00, 0x00, 0x1A, 0x90, 0x00, 0x02, 0xFD, 0x00, 0x00,
    0x2F, 0xD0, 0x00, 0x02, 0xFD, 0x00, 0x00, 0x1F, 0xD0, 0x00, 0x01, 0xFD, 0x00, 0x00, 0x1F, 0xD0,
    0x00, 0x01, 0xFD, 0x00, 0x00, 0x1F, 0xD0, 0x00, 0x01, 0xFD, 0x00, 0x00, 0x1F, 0xD0, 0x00, 0x01,
    0xFD, 0x00, 0x00, 0x1F, 0xD0, 0x00, 0x01, 0xFD, 0x00, 0x00, 0x1F, 0xE0, 0x00, 0x01, 0xFE, 0x00,
    0x00, 0x1F, 0xE0, 0x00, 0x01, 0xFE, 0x00, 0x00, 0x1F, 0xF0, 0x00, 0x02, 0xFF, 0x00, 0x00, 0x2F,
    0xF0, 0x00, 0x02, 0xFF, 0x00, 0x00, 0x3F, 0xF0, 0x00, 0x03, 0xFF, 0x00, 0x00, 0x3F, 0xF0, 0x00,
    0x00, 0x01, 0xA9, 0x00, 0x02, 0xFD, 0x00, 0x02, 0xFD, 0x00, 0x03, 0xFD, 0x00, 0x03, 0xFD, 0x00,
    0x03, 0xFC, 0x00, 0x03, 0xFC, 0x00, 0x03, 0xFC, 0x00, 0x03, 0xFC, 0x00, 0x03, 0xFC, 0x00, 0x03,
    0xFC, 0x00, 0x03, 0xFC, 0x00, 0x03, 0xFC, 0x00, 0x03, 0xFC, 0x00, 0x03, 0xFC, 0x00, 0x03, 0xF8,
    0x00, 0x03, 0xF8, 0x00, 0x03, 0xF8, 0x00, 0x07, 0xF8, 0x00, 0x07, 0xF8, 0x00, 0x07, 0xF4, 0x00,
    0x07, 0xF4, 0x00, 0x07, 0xF4, 0x00, 0x07, 0xF4, 0x00, 0x0B, 0xF0, 0x00, 0x0F, 0xF0, 0x10, 0x7F,
    0xF0, 0x7F, 0xFF, 0xE0, 0x7F, 0xFF, 0xD0, 0x7F, 0xFF, 0x80, 0x7F, 0xFE, 0x00, 0x7F, 0xE4, 0x00,
    0x00, 0x00, 0x00, 0x00, 0x00, 0x00, 0x05, 0x40, 0x00, 0x00, 0x00, 0xFF, 0xFF, 0xFF, 0xC0, 0x00,
    0x00, 0x00, 0xFF, 0xFF, 0xFF, 0xC0, 0x00, 0x00, 0x00, 0xF4, 0x00, 0x07, 0xC0, 0x00, 0x00, 0x00,
    0xF4, 0x00, 0x07, 0xC0, 0x00, 0x00, 0x00, 0xF4, 0x00, 0x07, 0xC0, 0x00, 0x00, 0x00, 0xF0, 0x00,
    0x07, 0xC0, 0x00, 0x00, 0x00, 0xF0, 0x00, 0x07, 0xC0, 0x00, 0x00, 0x00, 0xF0, 0x00, 0x07, 0xC0,
    0x00, 0x00, 0x00, 0xF0, 0x00, 0x07, 0xFF, 0xFA, 0x00, 0x00, 0xF0, 0x00, 0x07, 0xFF, 0xFF, 0xE0,
    0x00, 0xF0, 0x00, 0x07, 0xC0, 0x02, 0xF8, 0x01, 0xF0, 0x00, 0x07, 0xD0, 0x00, 0x7D, 0x01, 0xF0,
    0x00, 0x07, 0xD0, 0x00, 0x3E, 0x01, 0xF0, 0x00, 0x07, 0xD0, 0x00, 0x2F, 0x02, 0xE0, 0x00, 0x0B,
    0xD0, 0x00, 0x2F, 0x02, 0xE0, 0x00, 0x0B, 0xD0, 0x00, 0x3F, 0x03, 0xE0, 0x00, 0x0B, 0xD0, 0x01,
    0xFE, 0x03, 0xE0, 0x00, 0x0B, 0xFF, 0xFF, 0xFD, 0x07, 0xD0, 0x00, 0x0B, 0xFF, 0xFF, 0xFC, 0x3F,
    0xD0, 0x00, 0x0B, 0xFF, 0xFF, 0xF0, 0x7F, 0xC0, 0x00, 0x0B, 0xFF, 0xFE, 0x40, 0x25, 0x00, 0x00,
    0x00, 0x00, 0x00, 0x00, 0x14, 0x00, 0x00, 0x00, 0x00, 0x00, 0x01, 0xF0, 0x00, 0x00, 0xB8, 0x00,
    0x00, 0x07, 0xC0, 0x00, 0x02, 0xE0, 0x00, 0x00, 0x1F, 0x00, 0x00, 0x0B, 0xC0, 0x00, 0x00, 0x7C,
    0x00, 0x00, 0x2F, 0x00, 0x00, 0x01, 0xF0, 0x00, 0x00, 0xBC, 0x00, 0x00, 0x07, 0xC0, 0x00, 0x02,
    0xF0, 0x00, 0x00, 0x1F, 0x00, 0x00, 0x0B, 0xC0, 0x00, 0x00, 0x7C, 0x00, 0x00, 0x2F, 0x00, 0x00,
    0x01, 0xFF, 0xFF, 0xFF, 0xFF, 0xFF, 0xA0, 0x07, 0xFF, 0xFF, 0xFF, 0xFF, 0xFF, 0xF4, 0x1F, 0x00,
    0x00, 0x0F, 0xC0, 0x07, 0xF4, 0x7C, 0x00, 0x00, 0x2F, 0x00, 0x02, 0xF1, 0xF0, 0x00, 0x00, 0xFC,
    0x00, 0x03, 0xD7, 0xC0, 0x00, 0x03, 0xF0, 0x00, 0x0F, 0x5F, 0x00, 0x00, 0x0F, 0xC0, 0x00, 0x3E,
    0x7C, 0x00, 0x00, 0x3F, 0x00, 0x01, 0xF9, 0xF0, 0x00, 0x00, 0xFC, 0x00, 0x1F, 0xD7, 0xC0, 0x00,
    0x03, 0xFF, 0xFF, 0xFF, 0x1F, 0x00, 0x00, 0x0F, 0xFF, 0xFF, 0xF4, 0x7C, 0x00, 0x00, 0x3F, 0xFF,
    0xFF, 0x81, 0xF0, 0x00, 0x00, 0xFF, 0xFF, 0xA0, 0x00, 0x7F, 0xFF, 0xFF, 0xFF, 0xFF, 0xC0, 0x7F,
    0xFF, 0xFF, 0xFF, 0xFF, 0xC0, 0x7F, 0xFF, 0xFF, 0xFF, 0xFF, 0xC0, 0x6A, 0x54, 0x3F, 0x80, 0x55,
    0x40, 0x00, 0x00, 0x3F, 0x80, 0x00, 0x00, 0x00, 0x00, 0x3F, 0x80, 0x00, 0x00, 0x00, 0x00, 0x3F,
    0x40, 0x00, 0x00, 0x00, 0x00, 0x3F, 0x40, 0x00, 0x00, 0x00, 0x00, 0x3F, 0x40, 0x00, 0x00, 0x00,
    0x00, 0x3F, 0x8B, 0xFE, 0x00, 0x00, 0x00, 0x3F, 0xFF, 0xFF, 0xC0, 0x00, 0x00, 0x7F, 0xFF, 0xFF,
    0xF0, 0x00, 0x00, 0x7F, 0xF8, 0x07, 0xF4, 0x00, 0x00, 0x7F, 0xD0, 0x01, 0xF8, 0x00, 0x00, 0x7F,
    0xC0, 0x00, 0xFC, 0x00, 0x00, 0x7F, 0x80, 0x00, 0xBC, 0x00, 0x00, 0xBF, 0x80, 0x00, 0xBC, 0x00,
    0x00, 0xBF, 0xC0, 0x00, 0xBC, 0x00, 0x00, 0xBF, 0xC0, 0x00, 0xBC, 0x00, 0x00, 0xBF, 0xC0, 0x00,
    0xFC, 0x00, 0x00, 0xBF, 0xC0, 0x00, 0xFC, 0x00, 0x00, 0xBF, 0xC0, 0x00, 0xFD, 0x00, 0x00, 0xFF,
    0xC0, 0x00, 0xFD, 0x00, 0x00, 0xFF, 0xC0, 0x01, 0xFD, 0x00, 0x00, 0xFF, 0xC0, 0x01, 0xFD, 0x00,
    0x00, 0x09, 0x00, 0x00, 0x00, 0x00, 0x2D, 0x00, 0x00, 0x00, 0x00, 0x3C, 0x00, 0x00, 0x00, 0x00,
    0xB8, 0x00, 0x00, 0x00, 0x00, 0xF4, 0x00, 0x00, 0x00, 0x02, 0xF0, 0x00, 0x00, 0x00, 0x00, 0x00,
    0x00, 0x00, 0x00, 0x00, 0x00, 0x00, 0x00, 0x00, 0x00, 0x00, 0x00, 0x00, 0x00, 0x00, 0x00, 0x00,
    0x00, 0x07, 0xF0, 0x01, 0xFF, 0x00, 0x07, 0xF0, 0x03, 0xFD, 0x00, 0x0B, 0xF0, 0x07, 0xF8, 0x00,
    0x0B, 0xF0, 0x0F, 0xF0, 0x00, 0x0B, 0xF0, 0x2F, 0xE0, 0x00, 0x0F, 0xF0, 0x7F, 0xC0, 0x00, 0x0F,
    0xE0, 0xFF, 0x40, 0x00, 0x0F, 0xE1, 0xFE, 0x00, 0x00, 0x0F, 0xE3, 0xFC, 0x00, 0x00, 0x0F, 0xEB,
    0xF8, 0x00, 0x00, 0x0F, 0xFF, 0xF0, 0x00, 0x00, 0x1F, 0xFF, 0xD0, 0x00, 0x00, 0x1F, 0xFF, 0x80,
    0x00, 0x00, 0x1F, 0xFF, 0x40, 0x00, 0x00, 0x2F, 0xFF, 0xC0, 0x00, 0x00, 0x2F, 0xFF, 0xF0, 0x00,
    0x00, 0x2F, 0xFF, 0xFC, 0x00, 0x00, 0x3F, 0xCF, 0xFF, 0x00, 0x00, 0x3F, 0xC3, 0xFF, 0xC0, 0x00,
    0x3F, 0xC1, 0xFF, 0xF0, 0x00, 0x3F, 0xC0, 0xBF, 0xFC, 0x00, 0x3F, 0xC0, 0x3F, 0xFF, 0x00, 0x7F,
    0xC0, 0x0F, 0xFF, 0xC0, 0x7F, 0xC0, 0x07, 0xFF, 0xF0, 0x7F, 0xC0, 0x02, 0xFF, 0xFC, 0x00, 0x68,
    0x00, 0x00, 0x00, 0x00, 0x0F, 0xD0, 0x00, 0x00, 0x00, 0x00, 0xFE, 0x00, 0x00, 0x00, 0x00, 0x0F,
    0xF0, 0x00, 0x00, 0x00, 0x00, 0x6A, 0x00, 0x00, 0x00, 0x00, 0x00, 0x00, 0x00, 0x00, 0x00, 0x00,
    0x00, 0x00, 0x00, 0x00, 0x00, 0x00, 0x00, 0x00, 0x6A, 0x00, 0x00, 0x00, 0x00, 0x1F, 0xD0, 0x00,
    0x00, 0xFF, 0x07, 0xF4, 0x00, 0x00, 0xBF, 0xC1, 0xFD, 0x00, 0x00, 0x3F, 0xF0, 0x3F, 0x80, 0x00,
    0x2F, 0xFC, 0x0F, 0xE0, 0x00, 0x0F, 0xFF, 0x43, 0xF8, 0x00, 0x0B, 0xFF, 0xD0, 0xFF, 0x00, 0x03,
    0xFF, 0xF4, 0x3F, 0xC0, 0x02, 0xFE, 0xFE, 0x0F, 0xF0, 0x00, 0xFF, 0x7F, 0x83, 0xFC, 0x00, 0x7F,
    0x9F, 0xE0, 0xFF, 0x00, 0x3F, 0xC7, 0xFC, 0x3F, 0xC0, 0x1F, 0xE1, 0xFF, 0x0F, 0xF4, 0x0F, 0xF0,
    0x7F, 0xC2, 0xFD, 0x07, 0xF8, 0x1F, 0xF0, 0xBF, 0x43, 0xFC, 0x07, 0xFC, 0x2F, 0xD1, 0xFE, 0x01,
    0xFF, 0x0B, 0xF8, 0xFF, 0x00, 0x7F, 0xD2, 0xFE, 0x7F, 0x80, 0x1F, 0xF4, 0x7F, 0xBF, 0xC0, 0x07,
    0xFD, 0x1F, 0xFF, 0xE0, 0x01, 0xFF, 0x87, 0xFF, 0xF4, 0x00, 0x7F, 0xE1, 0xFF, 0xFC, 0x00, 0x1F,
    0xF8, 0x3F, 0xFD, 0x00, 0x07, 0xFF, 0x0F, 0xFF, 0x00, 0x01, 0xFF, 0xC0, 0x02, 0x40, 0x00, 0xA0,
    0x03, 0xC0, 0x00, 0xF0, 0x03, 0xD0, 0x02, 0xE0, 0x01, 0xFF, 0xFF, 0xC0, 0x00, 0xBF, 0xFF, 0x40,
    0x00, 0x0B, 0xF8, 0x00, 0x00, 0x00, 0x00, 0x00, 0x00, 0x00, 0x00, 0x00, 0x00, 0x00, 0x00, 0x00,
    0x00, 0x00, 0x00, 0x00, 0xBC, 0x00, 0x00, 0x7D, 0x7E, 0x00, 0x00, 0xBC, 0x3F, 0x00, 0x00, 0xFC,
    0x1F, 0x80, 0x01, 0xF8, 0x0F, 0xD0, 0x02, 0xF8, 0x07, 0xF0, 0x03, 0xF4, 0x03, 0xF8, 0x03, 0xF0,
    0x01, 0xFC, 0x0B, 0xF0, 0x00, 0xFE, 0x0F, 0xE0, 0x00, 0x7F, 0x4F, 0xD0, 0x00, 0x3F, 0xDF, 0xC0,
    0x00, 0x1F, 0xFF, 0xC0, 0x00, 0x0F, 0xFF, 0x80, 0x00, 0x07, 0xFF, 0x40, 0x00, 0x03, 0xFF, 0x00,
    0x00, 0x02, 0xFF, 0x00, 0x00, 0x01, 0xFE, 0x00, 0x00, 0x03, 0xFD, 0x00, 0x00, 0x07, 0xFC, 0x00,
    0x00, 0x2F, 0xF8, 0x00, 0x2F, 0xFF, 0xF0, 0x00, 0x3F, 0xFF, 0xC0, 0x00, 0x3F, 0xFE, 0x00, 0x00,
    0x3F, 0xE0, 0x00, 0x00, 0x54, 0x00, 0x00, 0x15, 0x2F, 0x40, 0x00, 0x0B, 0xDB, 0xD0, 0x00, 0x02,
    0xF6, 0xF4, 0x00, 0x00, 0xBD, 0xBD, 0x00, 0x00, 0x2F, 0x6F, 0x40, 0x00, 0x0B, 0xDB, 0xD0, 0x00,
    0x02, 0xF6, 0xF4, 0x00, 0x00, 0xBD, 0xBD, 0x00, 0x00, 0x2F, 0x6F, 0x40, 0x00, 0x0B, 0xDB, 0xD0,
    0x00, 0x02, 0xF6, 0xF4, 0x00, 0x00, 0xBD, 0xBD, 0x00, 0x00, 0x2F, 0x6F, 0x40, 0x00, 0x0B, 0xDB,
    0xD0, 0x00, 0x02, 0xF6, 0xF4, 0x00, 0x00, 0xBD, 0xBD, 0x00, 0x00, 0x2F, 0x6F, 0x40, 0x00, 0x0B,
    0xDB, 0xFF, 0xFF, 0xFF, 0xF6, 0xFF, 0xFF, 0xFF, 0xFD, 0xBF, 0xFF, 0xFF, 0xFF, 0x40, 0x00, 0xF8,
    0x00, 0x00, 0x00, 0x3E, 0x00, 0x00, 0x00, 0x0F, 0x80, 0x00, 0x00, 0x03, 0xE0, 0x00, 0x00, 0x00,
    0xF8, 0x00, 0x00, 0x00, 0x15, 0x00, 0x00, 0x00, 0x00, 0x0F, 0xD0, 0x00, 0x00, 0x00, 0x00, 0xBF,
    0x80, 0x00, 0x00, 0x00, 0x03, 0xFF, 0x00, 0x00, 0x00, 0x00, 0x1F, 0xFD, 0x00, 0x00, 0x00, 0x00,
    0xBE, 0xFC, 0x00, 0x00, 0x00, 0x03, 0xF3, 0xF0, 0x00, 0x00, 0x00, 0x1F, 0x8B, 0xE0, 0x00, 0x00,
    0x00, 0xFD, 0x1F, 0xC0, 0x00, 0x00, 0x03, 0xF0, 0x3F, 0x40, 0x00, 0x00, 0x2F, 0x80, 0xBE, 0x00,
    0x00, 0x00, 0xFD, 0x01, 0xFC, 0x00, 0x00, 0x07, 0xF0, 0x03, 0xF4, 0x00, 0x00, 0x2F, 0x80, 0x0B,
    0xF0, 0x00, 0x00, 0xFD, 0x00, 0x1F, 0xC0, 0x00, 0x07, 0xF0, 0x00, 0x3F, 0x80, 0x00, 0x3F, 0x80,
    0x00, 0xBF, 0x00, 0x00, 0xFD, 0x00, 0x00, 0xFD, 0x00, 0x0B, 0xFF, 0xFF, 0xFF, 0xFC, 0x00, 0x3F,
    0xFF, 0xFF, 0xFF, 0xF0, 0x01, 0xFF, 0xFF, 0xFF, 0xFF, 0xE0, 0x0F, 0xFF, 0xFF, 0xFF, 0xFF, 0xC0,
    0x3F, 0xC0, 0x00, 0x00, 0xFF, 0x42, 0xFE, 0x00, 0x00, 0x02, 0xFE, 0x0F, 0xF4, 0x00, 0x00, 0x07,
    0xFC, 0x7F, 0xC0, 0x00, 0x00, 0x0F, 0xF4, 0xBF, 0xFF, 0xFF, 0xF6, 0xFF, 0xFF, 0xFF, 0xCB, 0xE0,
    0x00, 0x00, 0x2F, 0xC0, 0x00, 0x00, 0x7F, 0x00, 0x00, 0x01, 0xFC, 0x00, 0x00, 0x07, 0xF0, 0x00,
    0x00, 0x1F, 0xC0, 0x00, 0x00, 0x7F, 0xFF, 0xE8, 0x01, 0xFF, 0xFF, 0xFD, 0x03, 0xF0, 0x00, 0xBD,
    0x0F, 0xC0, 0x00, 0x7C, 0x3F, 0x00, 0x00, 0xF4, 0xFC, 0x00, 0x03, 0xE3, 0xF0, 0x00, 0x0F, 0x8F,
    0xC0, 0x00, 0x7E, 0x3F, 0x40, 0x1B, 0xF4, 0xFF, 0xFF, 0xFF, 0xC3, 0xFF, 0xFF, 0xFE, 0x0F, 0xFF,
    0xFF, 0xE0, 0x3F, 0xFF, 0xF8, 0x00, 0xBF, 0xFF, 0xE4, 0x00, 0xBF, 0xFF, 0xFF, 0x00, 0xBC, 0x00,
    0x1F, 0xC0, 0xBC, 0x00, 0x03, 0xD0, 0xBC, 0x00, 0x02, 0xE0, 0xBC, 0x00, 0x01, 0xF0, 0xBC, 0x00,
    0x02, 0xE0, 0xBC, 0x00, 0x03, 0xD0, 0xBD, 0x55, 0x6F, 0x80, 0xBF, 0xFF, 0xFD, 0x00, 0xBF, 0xFF,
    0xFF, 0x80, 0xBC, 0x00, 0x0B, 0xF4, 0xBC, 0x00, 0x00, 0xFC, 0xBC, 0x00, 0x00, 0xBD, 0xBC, 0x00,
    0x00, 0xFE, 0xBC, 0x00, 0x00, 0xFE, 0xBD, 0x00, 0x5B, 0xFE, 0xBF, 0xFF, 0xFF, 0xFC, 0xBF, 0xFF,
    0xFF, 0xF8, 0xBF, 0xFF, 0xFF, 0xD0, 0xBF, 0xFF, 0xF9, 0x00, 0x15, 0x55, 0x55, 0x51, 0xFF, 0xFF,
    0xFF, 0xE7, 0xFF, 0xFF, 0xFF, 0x9F, 0xC0, 0x00, 0x00, 0x7F, 0x00, 0x00, 0x01, 0xFC, 0x00, 0x00,
    0x07, 0xF0, 0x00, 0x00, 0x1F, 0xC0, 0x00, 0x00, 0x7F, 0x00, 0x00, 0x01, 0xFC, 0x00, 0x00, 0x07,
    0xF0, 0x00, 0x00, 0x1F, 0xC0, 0x00, 0x00, 0x7F, 0x40, 0x00, 0x02, 0xFD, 0x00, 0x00, 0x0B, 0xF4,
    0x00, 0x00, 0x2F, 0xD0, 0x00, 0x00, 0xBF, 0x40, 0x00, 0x02, 0xFE, 0x00, 0x00, 0x0B, 0xF8, 0x00,
    0x00, 0x2F, 0xE0, 0x00, 0x00, 0xBF, 0x80, 0x00, 0x02, 0xFE, 0x00, 0x00, 0x00, 0x00, 0x2F, 0xFF,
    0xFF, 0xC0, 0x00, 0x0B, 0xFF, 0xFF, 0xF0, 0x00, 0x02, 0xFA, 0xAA, 0xFD, 0x00, 0x00, 0xFC, 0x00,
    0x2F, 0x40, 0x00, 0x3F, 0x00, 0x0B, 0xD0, 0x00, 0x0F, 0xC0, 0x02, 0xF4, 0x00, 0x03, 0xF0, 0x00,
    0xBD, 0x00, 0x00, 0xF8, 0x00, 0x2F, 0x40, 0x00, 0x3E, 0x00, 0x0B, 0xD0, 0x00, 0x0F, 0x80, 0x02,
    0xF8, 0x00, 0x03, 0xE0, 0x00, 0xBE, 0x00, 0x00, 0xF8, 0x00, 0x2F, 0x80, 0x00, 0x3E, 0x00, 0x0B,
    0xE0, 0x00, 0x1F, 0x40, 0x02, 0xF8, 0x00, 0x0B, 0xD0, 0x00, 0xBE, 0x00, 0x07, 0xF0, 0x00, 0x2F,
    0xC0, 0x03, 0xF8, 0x00, 0x0B, 0xF0, 0x02, 0xFD, 0x00, 0x03, 0xFC, 0x0B, 0xFF, 0xFF, 0xFF, 0xFF,
    0xF1, 0xFF, 0xFF, 0xFF, 0xFF, 0xF8, 0x3F, 0xFF, 0xFF, 0xFF, 0xFD, 0x0F, 0xD0, 0x00, 0x00, 0x3F,
    0x42, 0xF8, 0x00, 0x00, 0x0F, 0xC0, 0x7E, 0x00, 0x00, 0x07, 0xF0, 0x55, 0x55, 0x55, 0x52, 0xFF,
    0xFF, 0xFF, 0xCB, 0xFF, 0xFF, 0xFF, 0x2F, 0x00, 0x00, 0x00, 0xBC, 0x00, 0x00, 0x02, 0xF0, 0x00,
    0x00, 0x0B, 0xC0, 0x00, 0x00, 0x2F, 0x00, 0x00, 0x00, 0xBC, 0x00, 0x00, 0x02, 0xF9, 0x55, 0x55,
    0x0B, 0xFF, 0xFF, 0xFD, 0x2F, 0xFF, 0xFF, 0xF4, 0xBC, 0x00, 0x00, 0x02, 0xF0, 0x00, 0x00, 0x0B,
    0xC0, 0x00, 0x00, 0x2F, 0x00, 0x00, 0x00, 0xBC, 0x00, 0x00, 0x02, 0xF9, 0x55, 0x55, 0x4B, 0xFF,
    0xFF, 0xFF, 0x2F, 0xFF, 0xFF, 0xFC, 0xBF, 0xFF, 0xFF, 0xF2, 0xFF, 0xFF, 0xFF, 0xC0, 0x00, 0xFF,
    0x00, 0x1F, 0xF0, 0x02, 0xFE, 0x00, 0x01, 0xFF, 0x00, 0x3F, 0x80, 0x0F, 0xF0, 0x00, 0x03, 0xFD,
    0x00, 0xFE, 0x00, 0xFF, 0x40, 0x00, 0x03, 0xFC, 0x03, 0xF8, 0x07, 0xFC, 0x00, 0x00, 0x0B, 0xF8,
    0x0F, 0xE0, 0x3F, 0xC0, 0x00, 0x00, 0x0F, 0xF0, 0x3F, 0x82, 0xFE, 0x00, 0x00, 0x00, 0x1F, 0xE0,
    0xFF, 0x0F, 0xF0, 0x00, 0x00, 0x00, 0x3F, 0xD7, 0xFC, 0xFF, 0x40, 0x00, 0x00, 0x00, 0x7F, 0xDF,
    0xF7, 0xFC, 0x00, 0x00, 0x00, 0x00, 0xBF, 0xFF, 0xFF, 0xC0, 0x00, 0x00, 0x00, 0x00, 0xFF, 0xFF,
    0xFE, 0x00, 0x00, 0x00, 0x00, 0x01, 0xFF, 0xFF, 0xF0, 0x00, 0x00, 0x00, 0x00, 0x03, 0xFF, 0xFF,
    0x40, 0x00, 0x00, 0x00, 0x00, 0x0B, 0xFF, 0xFC, 0x00, 0x00, 0x00, 0x00, 0x00, 0x7F, 0xFF, 0xFC,
    0x00, 0x00, 0x00, 0x00, 0x07, 0xFF, 0xFF, 0xFC, 0x00, 0x00, 0x00, 0x00, 0x7F, 0xFF, 0xFF, 0xFC,
    0x00, 0x00, 0x00, 0x07, 0xFF, 0xFF, 0xFF, 0xF8, 0x00, 0x00, 0x00, 0x3F, 0xFF, 0xFF, 0xFF, 0xF8,
    0x00, 0x00, 0x03, 0xFF, 0xEF, 0xFF, 0xBF, 0xF8, 0x00, 0x00, 0x3F, 0xFE, 0x7F, 0xFC, 0xFF, 0xF8,
    0x00, 0x03, 0xFF, 0xF1, 0xFF, 0xF1, 0xFF, 0xF8, 0x00, 0x3F, 0xFF, 0x0B, 0xFF, 0xC2, 0xFF, 0xF8,
    0x03, 0xFF, 0xF4, 0x2F, 0xFF, 0x03, 0xFF, 0xF8, 0x3F, 0xFF, 0x80, 0xFF, 0xFD, 0x03, 0xFF, 0xF8,
    0x06, 0xFF, 0xE0, 0x00, 0xFF, 0xFF, 0xF8, 0x03, 0xFA, 0xAF, 0xF8, 0x00, 0x00, 0x03, 0xF4, 0x00,
    0x00, 0x07, 0xE0, 0x00, 0x00, 0x0F, 0xC0, 0x00, 0x00, 0x3E, 0x00, 0x00, 0x02, 0xF4, 0x01, 0x55,
    0xBF, 0x80, 0x0F, 0xFF, 0xF4, 0x00, 0x3F, 0xFF, 0xE0, 0x00, 0x00, 0x1F, 0xF0, 0x00, 0x00, 0x0B,
    0xE0, 0x00, 0x00, 0x0F, 0xC0, 0x00, 0x00, 0x2F, 0x00, 0x00, 0x00, 0xBD, 0x40, 0x00, 0x07, 0xF2,
    0xE0, 0x00, 0xBF, 0xCB, 0xFF, 0xFF, 0xFE, 0x2F, 0xFF, 0xFF, 0xF0, 0xBF, 0xFF, 0xFF, 0x00, 0x6F,
    0xFF, 0x90, 0x00, 0x6A, 0x00, 0x00, 0x00, 0x00, 0x1F, 0xD0, 0x00, 0x00, 0xFF, 0x07, 0xF4, 0x00,
    0x00, 0xBF, 0xC1, 0xFD, 0x00, 0x00, 0x3F, 0xF0, 0x3F, 0x80, 0x00, 0x2F, 0xFC, 0x0F, 0xE0, 0x00,
    0x0F, 0xFF, 0x43, 0xF8, 0x00, 0x0B, 0xFF, 0xD0, 0xFF, 0x00, 0x03, 0xFF, 0xF4, 0x3F, 0xC0, 0x02,
    0xFE, 0xFE, 0x0F, 0xF0, 0x00, 0xFF, 0x7F, 0x83, 0xFC, 0x00, 0x7F, 0x9F, 0xE0, 0xFF, 0x00, 0x3F,
    0xC7, 0xFC, 0x3F, 0xC0, 0x1F, 0xE1, 0xFF, 0x0F, 0xF4, 0x0F, 0xF0, 0x7F, 0xC2, 0xFD, 0x07, 0xF8,
    0x1F, 0xF0, 0xBF, 0x43, 0xFC, 0x07, 0xFC, 0x2F, 0xD1, 0xFE, 0x01, 0xFF, 0x0B, 0xF8, 0xFF, 0x00,
    0x7F, 0xD2, 0xFE, 0x7F, 0x80, 0x1F, 0xF4, 0x7F, 0xBF, 0xC0, 0x07, 0xFD, 0x1F, 0xFF, 0xE0, 0x01,
    0xFF, 0x87, 0xFF, 0xF4, 0x00, 0x7F, 0xE1, 0xFF, 0xFC, 0x00, 0x1F, 0xF8, 0x3F, 0xFD, 0x00, 0x07,
    0xFF, 0x0F, 0xFF, 0x00, 0x01, 0xFF, 0xC0, 0x01, 0x80, 0x00, 0x24, 0x00, 0x00, 0x74, 0x00, 0x1D,
    0x00, 0x00, 0x1F, 0x00, 0x0F, 0x40, 0x00, 0x02, 0xFF, 0xFF, 0x80, 0x00, 0x00, 0x3F, 0xFF, 0xC0,
    0x00, 0x00, 0x01, 0xFE, 0x40, 0x00, 0x00, 0x00, 0x00, 0x00, 0x00, 0x00, 0x00, 0x00, 0x00, 0x00,
    0x00, 0x00, 0x00, 0x00, 0x00, 0x00, 0x00, 0x00, 0x00, 0x00, 0x00, 0x06, 0xA0, 0x00, 0x00, 0x00,
    0x01, 0xFD, 0x00, 0x00, 0x0F, 0xF0, 0x7F, 0x40, 0x00, 0x0B, 0xFC, 0x1F, 0xD0, 0x00, 0x03, 0xFF,
    0x03, 0xF8, 0x00, 0x02, 0xFF, 0xC0, 0xFE, 0x00, 0x00, 0xFF, 0xF4, 0x3F, 0x80, 0x00, 0xBF, 0xFD,
    0x0F, 0xF0, 0x00, 0x3F, 0xFF, 0x43, 0xFC, 0x00, 0x2F, 0xEF, 0xE0, 0xFF, 0x00, 0x0F, 0xF7, 0xF8,
    0x3F, 0xC0, 0x0B, 0xF5, 0xFE, 0x0F, 0xF0, 0x03, 0xFC, 0x7F, 0xC3, 0xFC, 0x01, 0xFE, 0x1F, 0xF0,
    0xFF, 0x40, 0xFF, 0x07, 0xFC, 0x2F, 0xD0, 0x7F, 0x81, 0xFF, 0x0B, 0xF4, 0x3F, 0xC0, 0x7F, 0xC2,
    0xFD, 0x1F, 0xE0, 0x1F, 0xF0, 0xBF, 0x8F, 0xF0, 0x07, 0xFD, 0x2F, 0xE7, 0xF8, 0x01, 0xFF, 0x47,
    0xFB, 0xFC, 0x00, 0x7F, 0xD1, 0xFF, 0xFE, 0x00, 0x1F, 0xF8, 0x7F, 0xFF, 0x40, 0x07, 0xFE, 0x1F,
    0xFF, 0xC0, 0x01, 0xFF, 0x83, 0xFF, 0xD0, 0x00, 0x7F, 0xF0, 0xFF, 0xF0, 0x00, 0x1F, 0xFC, 0x07,
    0xF0, 0x01, 0xFF, 0x00, 0x07, 0xF0, 0x03, 0xFD, 0x00, 0x0B, 0xF0, 0x07, 0xF8, 0x00, 0x0B, 0xF0,
    0x0F, 0xF0, 0x00, 0x0B, 0xF0, 0x2F, 0xE0, 0x00, 0x0F, 0xF0, 0x7F, 0xC0, 0x00, 0x0F, 0xE0, 0xFF,
    0x40, 0x00, 0x0F, 0xE1, 0xFE, 0x00, 0x00, 0x0F, 0xE3, 0xFC, 0x00, 0x00, 0x0F, 0xEB, 0xF8, 0x00,
    0x00, 0x0F, 0xFF, 0xF0, 0x00, 0x00, 0x1F, 0xFF, 0xD0, 0x00, 0x00, 0x1F, 0xFF, 0x80, 0x00, 0x00,
    0x1F, 0xFF, 0x40, 0x00, 0x00, 0x2F, 0xFF, 0xC0, 0x00, 0x00, 0x2F, 0xFF, 0xF0, 0x00, 0x00, 0x2F,
    0xFF, 0xFC, 0x00, 0x00, 0x3F, 0xCF, 0xFF, 0x00, 0x00, 0x3F, 0xC3, 0xFF, 0xC0, 0x00, 0x3F, 0xC1,
    0xFF, 0xF0, 0x00, 0x3F, 0xC0, 0xBF, 0xFC, 0x00, 0x3F, 0xC0, 0x3F, 0xFF, 0x00, 0x7F, 0xC0, 0x0F,
    0xFF, 0xC0, 0x7F, 0xC0, 0x07, 0xFF, 0xF0, 0x7F, 0xC0, 0x02, 0xFF, 0xFC, 0x00, 0xBF, 0xFF, 0xFF,
    0xC0, 0x2F, 0xFF, 0xFF, 0xF0, 0x0B, 0xFF, 0xFF, 0xFC, 0x02, 0xFC, 0x00, 0x7F, 0x00, 0xBF, 0x00,
    0x1F, 0xC0, 0x2F, 0xC0, 0x0B, 0xF0, 0x0B, 0xF0, 0x02, 0xFC, 0x02, 0xFC, 0x00, 0xBF, 0x00, 0xBE,
    0x00, 0x2F, 0xC0, 0x2F, 0x80, 0x0B, 0xF0, 0x0F, 0xE0, 0x02, 0xFC, 0x03, 0xF4, 0x00, 0xBF, 0x00,
    0xFD, 0x00, 0x3F, 0xC0, 0x3F, 0x00, 0x0F, 0xF0, 0x0F, 0xC0, 0x03, 0xFC, 0x03, 0xF0, 0x00, 0xFF,
    0x01, 0xFC, 0x00, 0x3F, 0xC0, 0xBF, 0x00, 0x0F, 0xF0, 0x3F, 0xC0, 0x03, 0xFC, 0xBF, 0xE0, 0x00,
    0xFF, 0x3F, 0xF0, 0x00, 0x3F, 0xCA, 0x50, 0x00, 0x00, 0x00, 0x3F, 0xD0, 0x00, 0x01, 0xFF, 0x1F,
    0xF8, 0x00, 0x00, 0xBF, 0xC7, 0xFF, 0x00, 0x00, 0x3F, 0xF1, 0xFB, 0xE0, 0x00, 0x2F, 0xFC, 0x7D,
    0xFC, 0x00, 0x0F, 0xBF, 0x1F, 0xAF, 0x40, 0x0B, 0xDF, 0xC7, 0xE3, 0xF0, 0x03, 0xF3, 0xF1, 0xF8,
    0xFC, 0x01, 0xF8, 0xFC, 0x7E, 0x2F, 0x80, 0xFC, 0x3F, 0x1F, 0x83, 0xF0, 0x7F, 0x0F, 0xC7, 0xE0,
    0xFD, 0x3F, 0x83, 0xF1, 0xF8, 0x2F, 0xCF, 0xC0, 0xFC, 0x7E, 0x03, 0xFF, 0xF0, 0x3F, 0x2F, 0x80,
    0xFF, 0xF8, 0x0F, 0xCB, 0xF0, 0x1F, 0xFC, 0x03, 0xF2, 0xFC, 0x03, 0xFF, 0x00, 0xFD, 0xBF, 0x00,
    0xFF, 0x40, 0x3F, 0x6F, 0xC0, 0x1A, 0x80, 0x0F, 0xDB, 0xF0, 0x00, 0x00, 0x03, 0xF6, 0xFC, 0x00,
    0x00, 0x01, 0xFD, 0xBF, 0x00, 0x00, 0x00, 0x7F, 0x40, 0x1A, 0x40, 0x00, 0x00, 0x69, 0x0F, 0xE0,
    0x00, 0x00, 0x3F, 0x83, 0xF8, 0x00, 0x00, 0x0F, 0xF0, 0xFE, 0x00, 0x00, 0x03, 0xFC, 0x3F, 0xC0,
    0x00, 0x00, 0xFF, 0x0F, 0xF0, 0x00, 0x00, 0x3F, 0xC3, 0xFC, 0x00, 0x00, 0x0F, 0xF0, 0xFF, 0x00,
    0x00, 0x03, 0xFC, 0x3F, 0xC0, 0x00, 0x00, 0xFF, 0x0F, 0xF0, 0x00, 0x00, 0x3F, 0xC3, 0xFC, 0x00,
    0x00, 0x0F, 0xF0, 0xFF, 0x00, 0x00, 0x03, 0xFC, 0x3F, 0xC0, 0x00, 0x00, 0xFF, 0x0F, 0xF9, 0x55,
    0x55, 0xBF, 0xC3, 0xFF, 0xFF, 0xFF, 0xFF, 0xF4, 0xFF, 0xFF, 0xFF, 0xFF, 0xFD, 0x3F, 0xFF, 0xFF,
    0xFF, 0xFF, 0x5F, 0xFF, 0xFF, 0xFF, 0xFF, 0xD7, 0xFF, 0xFF, 0xFF, 0xFF, 0xF5, 0xFF, 0x40, 0x00,
    0x07, 0xFD, 0x7F, 0xD0, 0x00, 0x01, 0xFF, 0x5F, 0xF4, 0x00, 0x00, 0x7F, 0xE7, 0xFD, 0x00, 0x00,
    0x1F, 0xF9, 0xFF, 0x40, 0x00, 0x0B, 0xFE, 0x7F, 0xE0, 0x00, 0x02, 0xFF, 0x80, 0x00, 0x01, 0xBF,
    0xF9, 0x00, 0x00, 0x00, 0x7F, 0xFF, 0xFF, 0x80, 0x00, 0x0B, 0xFF, 0xEF, 0xFF, 0xD0, 0x00, 0xFF,
    0xE0, 0x01, 0xFF, 0xD0, 0x0B, 0xFD, 0x00, 0x00, 0xFF, 0xC0, 0x3F, 0xD0, 0x00, 0x00, 0xFF, 0x82,
    0xFE, 0x00, 0x00, 0x01, 0xFF, 0x0F, 0xF0, 0x00, 0x00, 0x03, 0xFD, 0x3F, 0xC0, 0x00, 0x00, 0x07,
    0xF5, 0xFD, 0x00, 0x00, 0x00, 0x0F, 0xE7, 0xF0, 0x00, 0x00, 0x00, 0x3F, 0x9F, 0xC0, 0x00, 0x00,
    0x00, 0xBF, 0x7F, 0x00, 0x00, 0x00, 0x02, 0xFD, 0xFC, 0x00, 0x00, 0x00, 0x0B, 0xE7, 0xF0, 0x00,
    0x00, 0x00, 0x3F, 0x9F, 0xD0, 0x00, 0x00, 0x00, 0xFE, 0x3F, 0xC0, 0x00, 0x00, 0x0B, 0xF4, 0xFF,
    0xC0, 0x00, 0x00, 0xBF, 0xC2, 0xFF, 0xF5, 0x01, 0x6F, 0xFF, 0x03, 0xFF, 0xFF, 0xFF, 0xFF, 0xF8,
    0x0B, 0xFF, 0xFF, 0xFF, 0xFF, 0xC0, 0x0F, 0xFF, 0xFF, 0xFF, 0xFE, 0x00, 0x0F, 0xFF, 0xFF, 0xFF,
    0xE0, 0x00, 0x0B, 0xFF, 0xFF, 0xFD, 0x00, 0x00, 0x01, 0xBF, 0xFE, 0x40, 0x00, 0x00, 0x00, 0x00,
    0x00, 0x00, 0x00, 0x00, 0x00, 0x00, 0x00, 0xBF, 0xFF, 0xFF, 0xFC, 0xBF, 0xFF, 0xFF, 0xFC, 0xBE,
    0x55, 0x55, 0xFC, 0xBE, 0x00, 0x00, 0xBC, 0xBE, 0x00, 0x00, 0xBC, 0xBE, 0x00, 0x00, 0xBC, 0xBE,
    0x00, 0x00, 0xFC, 0xBE, 0x00, 0x00, 0xFC, 0xBE, 0x00, 0x00, 0xFC, 0xBE, 0x00, 0x00, 0xFD, 0xBE,
    0x00, 0x00, 0xFD, 0xBE, 0x00, 0x00, 0xFD, 0xBE, 0x00, 0x00, 0xFD, 0xBE, 0x00, 0x00, 0xFD, 0xBE,
    0x00, 0x00, 0xFD, 0xBE, 0x00, 0x00, 0xFD, 0xBE, 0x00, 0x00, 0xFD, 0xBF, 0x00, 0x00, 0xFD, 0xBF,
    0x00, 0x00, 0xFD, 0xBF, 0x00, 0x00, 0xFD, 0xBF, 0x00, 0x00, 0xFD, 0x1F, 0xFF, 0xFE, 0x00, 0x07,
    0xFF, 0xFF, 0xF8, 0x02, 0xFE, 0xAF, 0xFF, 0xC0, 0xBE, 0x00, 0x07, 0xFC, 0x2F, 0x80, 0x00, 0x3F,
    0x0B, 0xE0, 0x00, 0x0B, 0xD2, 0xF8, 0x00, 0x02, 0xF8, 0xFE, 0x00, 0x00, 0xFD, 0x3F, 0x80, 0x00,
    0x3F, 0x4F, 0xE0, 0x00, 0xBF, 0xC3, 0xFF, 0xFF, 0xFF, 0xE0, 0xFF, 0xFF, 0xFF, 0xF0, 0x3F, 0xFF,
    0xFF, 0xD0, 0x0F, 0xFE, 0xA9, 0x00, 0x03, 0xFC, 0x00, 0x00, 0x00, 0xFF, 0x00, 0x00, 0x00, 0x7F,
    0xC0, 0x00, 0x00, 0x1F, 0xF0, 0x00, 0x00, 0x07, 0xFC, 0x00, 0x00, 0x01, 0xFF, 0x00, 0x00, 0x00,
    0xBF, 0xC0, 0x00, 0x00, 0x2F, 0xF0, 0x00, 0x00, 0x0B, 0xFD, 0x00, 0x00, 0x02, 0xFF, 0x40, 0x00,
    0x00, 0xBF, 0xD0, 0x00, 0x00, 0x00, 0x00, 0x00, 0x00, 0x00, 0x00, 0x00, 0x00, 0x01, 0xBF, 0xF9,
    0x00, 0x00, 0x6F, 0xFF, 0xFE, 0x00, 0x02, 0xFF, 0xFF, 0xFD, 0x00, 0x0F, 0xFF, 0x55, 0x68, 0x00,
    0x3F, 0xF4, 0x00, 0x00, 0x00, 0xFF, 0xC0, 0x00, 0x00, 0x01, 0xFF, 0x00, 0x00, 0x00, 0x03, 0xFC,
    0x00, 0x00, 0x00, 0x07, 0xF8, 0x00, 0x00, 0x00, 0x0B, 0xF0, 0x00, 0x00, 0x00, 0x0F, 0xF0, 0x00,
    0x00, 0x00, 0x0F, 0xE0, 0x00, 0x00, 0x00, 0x1F, 0xE0, 0x00, 0x00, 0x00, 0x1F, 0xE0, 0x00, 0x00,
    0x00, 0x1F, 0xF0, 0x00, 0x00, 0x00, 0x1F, 0xF4, 0x00, 0x00, 0x00, 0x1F, 0xFC, 0x00, 0x00, 0x00,
    0x0F, 0xFF, 0x80, 0x00, 0x05, 0x0F, 0xFF, 0xFA, 0x56, 0xBE, 0x0B, 0xFF, 0xFF, 0xFF, 0xFE, 0x03,
    0xFF, 0xFF, 0xFF, 0xFE, 0x01, 0xFF, 0xFF, 0xFF, 0xFE, 0x00, 0xBF, 0xFF, 0xFF, 0xFE, 0x00, 0x2F,
    0xFF, 0xFF, 0xFE, 0x00, 0x02, 0xFF, 0xFF, 0xA4, 0x00, 0x00, 0x00, 0x00, 0x00, 0x7F, 0xFF, 0xFF,
    0xFF, 0xFF, 0xDF, 0xFF, 0xFF, 0xFF, 0xFF, 0xF7, 0xFF, 0xFF, 0xFF, 0xFF, 0xFD, 0xA5, 0x50, 0xFD,
    0x00, 0x55, 0x00, 0x00, 0x3F, 0x40, 0x00, 0x00, 0x00, 0x0F, 0xD0, 0x00, 0x00, 0x00, 0x03, 0xF4,
    0x00, 0x00, 0x00, 0x00, 0xFD, 0x00, 0x00, 0x00, 0x00, 0x3F, 0x40, 0x00, 0x00, 0x00, 0x0F, 0xE0,
    0x00, 0x00, 0x00, 0x03, 0xF8, 0x00, 0x00, 0x00, 0x01, 0xFE, 0x00, 0x00, 0x00, 0x00, 0x7F, 0x80,
    0x00, 0x00, 0x00, 0x1F, 0xE0, 0x00, 0x00, 0x00, 0x07, 0xF8, 0x00, 0x00, 0x00, 0x01, 0xFE, 0x00,
    0x00, 0x00, 0x00, 0xBF, 0x80, 0x00, 0x00, 0x00, 0x2F, 0xF0, 0x00, 0x00, 0x00, 0x0B, 0xFC, 0x00,
    0x00, 0x00, 0x02, 0xFF, 0x00, 0x00, 0x00, 0x00, 0xBF, 0xC0, 0x00, 0x00, 0x00, 0x2F, 0xF0, 0x00,
    0x00, 0x00, 0x0F, 0xFC, 0x00, 0x00, 0x00, 0x03, 0xFF, 0x00, 0x00, 0x00, 0x00, 0xFF, 0xC0, 0x00,
    0x00, 0xBC, 0x00, 0x00, 0x7D, 0x7E, 0x00, 0x00, 0xBC, 0x3F, 0x00, 0x00, 0xFC, 0x1F, 0x80, 0x01,
    0xF8, 0x0F, 0xD0, 0x02, 0xF8, 0x07, 0xF0, 0x03, 0xF4, 0x03, 0xF8, 0x03, 0xF0, 0x01, 0xFC, 0x0B,
    0xF0, 0x00, 0xFE, 0x0F, 0xE0, 0x00, 0x7F, 0x4F, 0xD0, 0x00, 0x3F, 0xDF, 0xC0, 0x00, 0x1F, 0xFF,
    0xC0, 0x00, 0x0F, 0xFF, 0x80, 0x00, 0x07, 0xFF, 0x40, 0x00, 0x03, 0xFF, 0x00, 0x00, 0x02, 0xFF,
    0x00, 0x00, 0x01, 0xFE, 0x00, 0x00, 0x03, 0xFD, 0x00, 0x00, 0x07, 0xFC, 0x00, 0x00, 0x2F, 0xF8,
    0x00, 0x2F, 0xFF, 0xF0, 0x00, 0x3F, 0xFF, 0xC0, 0x00, 0x3F, 0xFE, 0x00, 0x00, 0x3F, 0xE0, 0x00,
    0x00, 0x00, 0x00, 0x00, 0x00, 0x00, 0x00, 0x0A, 0xFF, 0xFF, 0xF9, 0x00, 0x0B, 0xFA, 0xBF, 0xAB,
    0xFC, 0x02, 0xF4, 0x03, 0xF0, 0x02, 0xF0, 0x3C, 0x00, 0x3F, 0x00, 0x0F, 0x87, 0x80, 0x03, 0xF0,
    0x00, 0x7C, 0xB4, 0x00, 0x3F, 0x00, 0x07, 0xCB, 0x80, 0x03, 0xF0, 0x00, 0xBC, 0x7C, 0x00, 0x3F,
    0x00, 0x0F, 0xC7, 0xF8, 0x03, 0xF4, 0x07, 0xF8, 0x3F, 0xFF, 0xFF, 0xFF, 0xFF, 0x40, 0xFF, 0xFF,
    0xFF, 0xFF, 0xE0, 0x03, 0xFF, 0xFF, 0xFF, 0xF8, 0x00, 0x06, 0xBF, 0xFF, 0xA4, 0x00, 0x00, 0x00,
    0x3F, 0x40, 0x00, 0x00, 0x00, 0x03, 0xF4, 0x00, 0x00, 0x00, 0x00, 0x7F, 0x40, 0x00, 0x00, 0x00,
    0x07, 0xF4, 0x00, 0x00, 0x00, 0x00, 0x7F, 0x40, 0x00, 0x00, 0x00, 0x07, 0xF4, 0x00, 0x00, 0x00,
    0x00, 0x7F, 0x40, 0x00, 0x00, 0x00, 0x07, 0xF4, 0x00, 0x00, 0x0B, 0xC0, 0x00, 0x00, 0x0B, 0xD0,
    0x1F, 0xC0, 0x00, 0x00, 0x7F, 0x00, 0x3F, 0x80, 0x00, 0x03, 0xF4, 0x00, 0x3F, 0x40, 0x00, 0x3F,
    0x80, 0x00, 0xBF, 0x00, 0x02, 0xFC, 0x00, 0x00, 0xFE, 0x00, 0x1F, 0xD0, 0x00, 0x01, 0xFD, 0x00,
    0xFF, 0x00, 0x00, 0x03, 0xFC, 0x0B, 0xF0, 0x00, 0x00, 0x03, 0xFC, 0x7F, 0x80, 0x00, 0x00, 0x0B,
    0xFB, 0xFC, 0x00, 0x00, 0x00, 0x0F, 0xFF, 0xD0, 0x00, 0x00, 0x00, 0x1F, 0xFE, 0x00, 0x00, 0x00,
    0x00, 0x2F, 0xF0, 0x00, 0x00, 0x00, 0x00, 0xFF, 0xD0, 0x00, 0x00, 0x00, 0x0F, 0xFF, 0xC0, 0x00,
    0x00, 0x00, 0xBF, 0xFF, 0xC0, 0x00, 0x00, 0x07, 0xFE, 0xFF, 0x80, 0x00, 0x00, 0x3F, 0xF2, 0xFF,
    0x40, 0x00, 0x02, 0xFF, 0x43, 0xFF, 0x00, 0x00, 0x1F, 0xF8, 0x07, 0xFE, 0x00, 0x00, 0xFF, 0xC0,
    0x0B, 0xFD, 0x00, 0x0F, 0xFD, 0x00, 0x0F, 0xFC, 0x00, 0xBF, 0xE0, 0x00, 0x2F, 0xFC, 0x07, 0xFF,
    0x00, 0x00, 0x3F, 0xF4, 0x3F, 0xF4, 0x00, 0x00, 0x7F, 0xF0, 0x00, 0x00, 0x00, 0x50, 0x1F, 0x00,
    0x00, 0x3C, 0x07, 0xC0, 0x00, 0x0F, 0x01, 0xF0, 0x00, 0x03, 0xC0, 0x7D, 0x00, 0x00, 0xF0, 0x1F,
    0x40, 0x00, 0x7C, 0x07, 0xD0, 0x00, 0x1F, 0x41, 0xF4, 0x00, 0x07, 0xD0, 0x7D, 0x00, 0x01, 0xF4,
    0x1F, 0x40, 0x00, 0x7D, 0x0B, 0xD0, 0x00, 0x1F, 0x42, 0xF4, 0x00, 0x07, 0xD0, 0xBD, 0x00, 0x02,
    0xF4, 0x2F, 0x40, 0x00, 0xBD, 0x0B, 0xD0, 0x00, 0x2F, 0x42, 0xF4, 0x00, 0x0B, 0xD0, 0xBE, 0x00,
    0x02, 0xF8, 0x2F, 0x80, 0x00, 0xBE, 0x0B, 0xE0, 0x15, 0x7F, 0x96, 0xFF, 0xFF, 0xFF, 0xFE, 0xBF,
    0xFF, 0xFF, 0xFF, 0x6F, 0xFF, 0xFF, 0xFF, 0xC0, 0x00, 0x00, 0x02, 0xF0, 0x00, 0x00, 0x00, 0xFC,
    0x00, 0x00, 0x00, 0x3F, 0x00, 0x00, 0x00, 0x1F, 0x80, 0x00, 0x00, 0x00, 0x00, 0x00, 0x00, 0x00,
    0x02, 0xF0, 0x00, 0x03, 0xDB, 0xC0, 0x00, 0x0F, 0x6F, 0x00, 0x00, 0x3D, 0xBC, 0x00, 0x00, 0xFA,
    0xF0, 0x00, 0x03, 0xEB, 0xC0, 0x00, 0x1F, 0xAF, 0x00, 0x00, 0x7E, 0xBC, 0x00, 0x01, 0xFA, 0xF0,
    0x00, 0x0B, 0xEB, 0xC0, 0x00, 0x3F, 0x9F, 0x80, 0x02, 0xFE, 0x3F, 0x80, 0x2F, 0xF8, 0xFF, 0xFF,
    0xFF, 0xF0, 0xFF, 0xFF, 0xEF, 0xC0, 0xFF, 0xF8, 0x7F, 0x00, 0x15, 0x02, 0xFC, 0x00, 0x00, 0x0B,
    0xF0, 0x00, 0x00, 0x2F, 0xC0, 0x00, 0x00, 0xBF, 0x00, 0x00, 0x02, 0xFC, 0x00, 0x00, 0x0B, 0xF0,
    0x00, 0x00, 0x00, 0x00, 0x00, 0xBE, 0x00, 0x15, 0x00, 0xBC, 0xBE, 0x00, 0x7F, 0x00, 0xBC, 0xBE,
    0x00, 0x3F, 0x00, 0xBC, 0xBE, 0x00, 0x3F, 0x00, 0xBC, 0xBE, 0x00, 0x3F, 0x00, 0xBC, 0xBE, 0x00,
    0x3F, 0x00, 0x7C, 0xBD, 0x00, 0x3F, 0x00, 0x7C, 0xBD, 0x00, 0x3F, 0x00, 0x7C, 0xBD, 0x00, 0x3E,
    0x00, 0x7C, 0xBD, 0x00, 0x3E, 0x00, 0x7C, 0xBD, 0x00, 0x3E, 0x00, 0x7C, 0xBD, 0x00, 0x3E, 0x00,
    0x7C, 0xBD, 0x00, 0x3E, 0x00, 0x7C, 0xBD, 0x00, 0x3E, 0x00, 0x7C, 0xBD, 0x00, 0x3E, 0x00, 0x3C,
    0xBD, 0x00, 0x3E, 0x00, 0x3D, 0xBD, 0x00, 0x3E, 0x00, 0x3D, 0xBD, 0x00, 0x3E, 0x00, 0x7D, 0xBF,
    0xFF, 0xFF, 0xFF, 0xFD, 0xBF, 0xFF, 0xFF, 0xFF, 0xFD, 0xBF, 0xFF, 0xFF, 0xFF, 0xFD, 0x00, 0x00,
    0x00, 0x00, 0x00, 0x02, 0xF8, 0x00, 0x54, 0x02, 0xF0, 0x0B, 0xE0, 0x07, 0xF0, 0x0B, 0xC0, 0x2F,
    0x80, 0x0F, 0xC0, 0x2F, 0x00, 0xBD, 0x00, 0x3F, 0x00, 0xBC, 0x02, 0xF4, 0x00, 0xFC, 0x02, 0xF0,
    0x0B, 0xD0, 0x03, 0xF0, 0x0B, 0xC0, 0x2F, 0x40, 0x0F, 0xC0, 0x1F, 0x00, 0xBD, 0x00, 0x3F, 0x00,
    0x7C, 0x02, 0xF4, 0x00, 0xF8, 0x01, 0xF0, 0x0B, 0xD0, 0x03, 0xE0, 0x07, 0xC0, 0x2F, 0x00, 0x0F,
    0x80, 0x1F, 0x00, 0xBC, 0x00, 0x3E, 0x00, 0x7C, 0x02, 0xF0, 0x00, 0xF8, 0x01, 0xF0, 0x0B, 0xC0,
    0x03, 0xE0, 0x07, 0xC0, 0x2F, 0x00, 0x0F, 0x80, 0x1F, 0x00, 0xBC, 0x00, 0x3E, 0x00, 0x3C, 0x02,
    0xF0, 0x00, 0xF8, 0x00, 0xF4, 0x0B, 0xEA, 0xA7, 0xFA, 0xAB, 0xE4, 0x2F, 0xFF, 0xFF, 0xFF, 0xFF,
    0xFC, 0xBF, 0xFF, 0xFF, 0xFF, 0xFF, 0xF2, 0xFF, 0xFF, 0xFF, 0xFF, 0xFF, 0x80, 0x00, 0x00, 0x00,
    0x00, 0xBD, 0x00, 0x00, 0x00, 0x00, 0x03, 0xF0, 0x00, 0x00, 0x00, 0x00, 0x0F, 0xC0, 0x00, 0x00,
    0x00, 0x00, 0x7F, 0x00, 0x00, 0x00, 0x00, 0x00, 0x54, 0x00, 0x3F, 0xFF, 0x80, 0x00, 0x00, 0x3F,
    0xFF, 0xC0, 0x00, 0x00, 0x3F, 0xFF, 0xC0, 0x00, 0x00, 0x00, 0x0F, 0x80, 0x00, 0x00, 0x00, 0x0F,
    0x80, 0x00, 0x00, 0x00, 0x0F, 0x80, 0x00, 0x00, 0x00, 0x0F, 0x80, 0x00, 0x00, 0x00, 0x0F, 0x80,
    0x00, 0x00, 0x00, 0x0F, 0x80, 0x00, 0x00, 0x00, 0x0F, 0xFF, 0xF9, 0x00, 0x00, 0x0F, 0xFF, 0xFF,
    0xD0, 0x00, 0x0F, 0x80, 0x07, 0xF0, 0x00, 0x0F, 0xC0, 0x00, 0xFC, 0x00, 0x0F, 0xC0, 0x00, 0x7C,
    0x00, 0x0F, 0xC0, 0x00, 0x3D, 0x00, 0x0F, 0xC0, 0x00, 0x3D, 0x00, 0x0F, 0xC0, 0x00, 0x7D, 0x00,
    0x0F, 0xC0, 0x02, 0xFC, 0x00, 0x0F, 0xFF, 0xFF, 0xFC, 0x00, 0x0F, 0xFF, 0xFF, 0xF4, 0x00, 0x0F,
    0xFF, 0xFF, 0xD0, 0x00, 0x0F, 0xFF, 0xFA, 0x00, 0x00, 0x00, 0x00, 0x00, 0x00, 0x00, 0x00, 0x00,
    0x00, 0x00, 0x00, 0x00, 0x7F, 0xC3, 0xE0, 0x00, 0x00, 0x00, 0x00, 0xFF, 0x0F, 0x80, 0x00, 0x00,
    0x00, 0x03, 0xFC, 0x3E, 0x00, 0x00, 0x00, 0x00, 0x0F, 0xE0, 0xF8, 0x00, 0x00, 0x00, 0x00, 0x3F,
    0x83, 0xE0, 0x00, 0x00, 0x00, 0x00, 0xFE, 0x0F, 0x80, 0x00, 0x00, 0x00, 0x03, 0xF8, 0x3E, 0x00,
    0x00, 0x00, 0x00, 0x0F, 0xE0, 0xF8, 0x00, 0x00, 0x00, 0x00, 0x3F, 0x83, 0xFF, 0xFE, 0x40, 0x00,
    0x00, 0xFF, 0x0F, 0xFF, 0xFF, 0xD0, 0x00, 0x03, 0xFC, 0x3E, 0x00, 0x1F, 0xC0, 0x00, 0x0F, 0xF0,
    0xFC, 0x00, 0x0F, 0xC0, 0x00, 0x3F, 0xC3, 0xF0, 0x00, 0x1F, 0x00, 0x00, 0xFF, 0x0F, 0xC0, 0x00,
    0x3D, 0x00, 0x03, 0xFC, 0x3F, 0x00, 0x00, 0xF4, 0x00, 0x0F, 0xF0, 0xFC, 0x00, 0x07, 0xD0, 0x00,
    0x3F, 0xC3, 0xF0, 0x00, 0xBF, 0x00, 0x00, 0xFF, 0x4F, 0xFF, 0xFF, 0xFC, 0x00, 0x07, 0xFD, 0x3F,
    0xFF, 0xFF, 0xD0, 0x00, 0x1F, 0xF4, 0xFF, 0xFF, 0xFD, 0x00, 0x00, 0x7F, 0xE3, 0xFF, 0xFE, 0x80,
    0x00, 0x01, 0xFF, 0x80, 0x00, 0x00, 0x00, 0x00, 0xF8, 0x00, 0x00, 0x03, 0xE0, 0x00, 0x00, 0x0F,
    0x80, 0x00, 0x00, 0x3E, 0x00, 0x00, 0x00, 0xF8, 0x00, 0x00, 0x03, 0xE0, 0x00, 0x00, 0x0F, 0x80,
    0x00, 0x00, 0x3E, 0x00, 0x00, 0x00, 0xFF, 0xFF, 0x90, 0x03, 0xFF, 0xFF, 0xF4, 0x0F, 0x80, 0x07,
    0xF0, 0x3F, 0x00, 0x03, 0xF0, 0xFC, 0x00, 0x07, 0xC3, 0xF0, 0x00, 0x0F, 0x4F, 0xC0, 0x00, 0x3D,
    0x3F, 0x00, 0x01, 0xF4, 0xFC, 0x00, 0x2F, 0xC3, 0xFF, 0xFF, 0xFF, 0x0F, 0xFF, 0xFF, 0xF4, 0x3F,
    0xFF, 0xFF, 0x40, 0xFF, 0xFF, 0xA0, 0x00, 0x00, 0x00, 0x00, 0x00, 0x00, 0x00, 0x06, 0xFF, 0x90,
    0x00, 0x00, 0x7F, 0xFF, 0xFD, 0x00, 0x01, 0xFE, 0x01, 0xBF, 0x80, 0x07, 0xF0, 0x00, 0x0F, 0xE0,
    0x0F, 0xC0, 0x00, 0x03, 0xF4, 0x2F, 0x80, 0x00, 0x01, 0xFC, 0x1A, 0x00, 0x00, 0x00, 0xFC, 0x00,
    0x00, 0x00, 0x00, 0xBD, 0x00, 0x00, 0x00, 0x00, 0x7E, 0x00, 0x03, 0xFF, 0xFF, 0xFF, 0x00, 0x03,
    0xFF, 0xFF, 0xFF, 0x00, 0x03, 0xFF, 0xFF, 0xFF, 0x00, 0x00, 0x00, 0x00, 0x7F, 0x00, 0x00, 0x00,
    0x00, 0xBF, 0x00, 0x00, 0x00, 0x00, 0xFE, 0x6A, 0x90, 0x00, 0x07, 0xFE, 0x7F, 0xFE, 0xA6, 0xBF,
    0xFD, 0x3F, 0xFF, 0xFF, 0xFF, 0xFC, 0x2F, 0xFF, 0xFF, 0xFF, 0xF8, 0x0F, 0xFF, 0xFF, 0xFF, 0xF0,
    0x03, 0xFF, 0xFF, 0xFF, 0x80, 0x00, 0x6F, 0xFF, 0xE8, 0x00, 0x00, 0x00, 0x00, 0x00, 0x00, 0x00,
    0x00, 0x00, 0x00, 0x00, 0x01, 0xF8, 0x00, 0x0B, 0xFF, 0x80, 0x07, 0xE0, 0x01, 0xFF, 0xFF, 0xE0,
    0x1F, 0x80, 0x1F, 0xD0, 0x1F, 0xE0, 0x7E, 0x00, 0xFC, 0x00, 0x0F, 0xC1, 0xF8, 0x0B, 0xC0, 0x00,
    0x1F, 0x87, 0xE0, 0x3F, 0x00, 0x00, 0x3F, 0x1F, 0x81, 0xF4, 0x00, 0x00, 0xBD, 0x7E, 0x0B, 0xC0,
    0x00, 0x01, 0xF5, 0xF8, 0x3F, 0x00, 0x00, 0x03, 0xE7, 0xE0, 0xFC, 0x00, 0x00, 0x0F, 0x9F, 0x83,
    0xF0, 0x00, 0x00, 0x3E, 0x7F, 0xFF, 0xC0, 0x00, 0x00, 0xF9, 0xFF, 0xFF, 0x00, 0x00, 0x07, 0xE7,
    0xE0, 0xFD, 0x00, 0x00, 0x2F, 0x5F, 0x43, 0xFC, 0x00, 0x00, 0xFD, 0x7D, 0x0B, 0xFC, 0x00, 0x0F,
    0xF1, 0xF4, 0x1F, 0xFE, 0x56, 0xFF, 0x87, 0xD0, 0x3F, 0xFF, 0xFF, 0xFC, 0x1F, 0x40, 0x3F, 0xFF,
    0xFF, 0xD0, 0x7C, 0x00, 0x3F, 0xFF, 0xFD, 0x01, 0xF0, 0x00, 0x1B, 0xFF, 0x80, 0x00, 0x00, 0x01,
    0x6A, 0xAA, 0x00, 0x01, 0xFF, 0xFF, 0xF4, 0x00, 0xBF, 0xFF, 0xFF, 0x40, 0x0F, 0xE0, 0x00, 0xB8,
    0x03, 0xF4, 0x00, 0x0B, 0x80, 0x3F, 0x00, 0x00, 0xB8, 0x03, 0xF0, 0x00, 0x0B, 0x80, 0x3F, 0x00,
    0x00, 0xBC, 0x03, 0xF8, 0x00, 0x0B, 0xC0, 0x2F, 0xF4, 0x00, 0xBC, 0x00, 0xFF, 0xFF, 0xFF, 0xC0,
    0x03, 0xFF, 0xFF, 0xFC, 0x00, 0x1F, 0xFF, 0xFF, 0xC0, 0x07, 0xFF, 0xFF, 0xFC, 0x01, 0xFF, 0x95,
    0xBF, 0xC0, 0x3F, 0xC0, 0x03, 0xFD, 0x07, 0xF4, 0x00, 0x3F, 0xD0, 0xBF, 0x00, 0x03, 0xFD, 0x0F,
    0xF0, 0x00, 0x3F, 0xD0, 0xFF, 0x00, 0x03, 0xFE, 0x1F, 0xF4, 0x00, 0x3F, 0xE2, 0xFF, 0x40, 0x03,
    0xFE, 0x3F, 0xF4, 0x00, 0x3F, 0xE3, 0xFF, 0x40, 0x03, 0xFE, 0x7F, 0xF4, 0x00, 0x7F, 0xF0, 0x00,
    0x00, 0x00, 0x00, 0x00, 0x02, 0xFE, 0x1F, 0x00, 0x07, 0xFF, 0xFB, 0xC0, 0x07, 0xFA, 0xBF, 0xF0,
    0x03, 0xF0, 0x02, 0xFC, 0x02, 0xF0, 0x00, 0x3F, 0x00, 0xF8, 0x00, 0x0B, 0xD0, 0x3C, 0x00, 0x02,
    0xF4, 0x1F, 0x00, 0x00, 0x7E, 0x07, 0xC0, 0x00, 0x2F, 0x82, 0xF0, 0x00, 0x0F, 0xF0, 0x7D, 0x00,
    0x0B, 0xFC, 0x0F, 0xF9, 0x6F, 0xFF, 0x03, 0xFF, 0xFF, 0xFF, 0xC0, 0x7F, 0xFF, 0xFF, 0xF0, 0x07,
    0xFF, 0xFD, 0x7D, 0x00, 0x2F, 0xF8, 0x1F, 0x40, 0x00, 0x00, 0x00, 0x00, 0x00, 0x00, 0x56, 0xAC,
    0x00, 0x07, 0xFF, 0xFE, 0x00, 0x0B, 0xFE, 0xAE, 0x00, 0x0B, 0xF0, 0x00, 0x00, 0x07, 0xE0, 0x00,
    0x00, 0x03, 0xF0, 0x00, 0x00, 0x01, 0xF8, 0x00, 0x00, 0x00, 0xBD, 0x06, 0xA9, 0x00, 0x2F, 0x2F,
    0xFF, 0xF4, 0x0B, 0xFF, 0xFF, 0xFF, 0x42, 0xFF, 0xD0, 0x7F, 0xF0, 0xBF, 0xC0, 0x02, 0xFE, 0x2F,
    0xD0, 0x00, 0x3F, 0xC7, 0xF0, 0x00, 0x0F, 0xF1, 0xFC, 0x00, 0x02, 0xFC, 0x3F, 0x00, 0x00, 0xBF,
    0x0F, 0xE0, 0x00, 0x3F, 0x82, 0xFE, 0x00, 0x7F, 0xD0, 0x3F, 0xFF, 0xFF, 0xF0, 0x07, 0xFF, 0xFF,
    0xF0, 0x00, 0x3F, 0xFF, 0xE0, 0x00, 0x01, 0xFF, 0x90, 0x00, 0xBF, 0xFA, 0x40, 0x0F, 0xFF, 0xFF,
    0x00, 0xF8, 0x00, 0xBC, 0x0F, 0x80, 0x02, 0xD0, 0xF8, 0x00, 0x2E, 0x0F, 0x80, 0x02, 0xE0, 0xF8,
    0x00, 0xBC, 0x0F, 0xFF, 0xFE, 0x00, 0xFF, 0xFF, 0xF8, 0x0F, 0x80, 0x07, 0xF0, 0xF8, 0x00, 0x0F,
    0x8F, 0x80, 0x00, 0xBC, 0xF8, 0x00, 0x0B, 0xCF, 0x80, 0x00, 0xFC, 0xFD, 0x56, 0xBF, 0xCF, 0xFF,
    0xFF, 0xF8, 0xFF, 0xFF, 0xFF, 0x0F, 0xFF, 0xFF, 0x40, 0x00, 0x00, 0x00, 0x07, 0xFF, 0xFF, 0xFC,
    0x7F, 0xFF, 0xFF, 0xC7, 0xE0, 0x00, 0x00, 0x7E, 0x00, 0x00, 0x0B, 0xF0, 0x00, 0x00, 0xBF, 0x00,
    0x00, 0x0B, 0xF0, 0x00, 0x00, 0xBF, 0x00, 0x00, 0x0B, 0xF0, 0x00, 0x00, 0xBF, 0x00, 0x00, 0x0B,
    0xF0, 0x00, 0x00, 0xBF, 0x00, 0x00, 0x0B, 0xF4, 0x00, 0x00, 0xBF, 0x40, 0x00, 0x0B, 0xF4, 0x00,
    0x00, 0xBF, 0x80, 0x00, 0x00, 0x00, 0x00, 0x00, 0x00, 0x00, 0x00, 0xFF, 0xFF, 0xC0, 0x00, 0x1F,
    0xFF, 0xFC, 0x00, 0x01, 0xF0, 0x0F, 0xC0, 0x00, 0x2F, 0x00, 0xFC, 0x00, 0x02, 0xF0, 0x0F, 0xD0,
    0x00, 0x3F, 0x00, 0xFD, 0x00, 0x03, 0xE0, 0x0F, 0xD0, 0x00, 0x3E, 0x00, 0xFD, 0x00, 0x03, 0xE0,
    0x0F, 0xD0, 0x00, 0xBD, 0x00, 0xBD, 0x00, 0x1F, 0xC0, 0x0B, 0xD0, 0x03, 0xF4, 0x00, 0xBD, 0x00,
    0xBF, 0x00, 0x0B, 0xD0, 0xBF, 0xFF, 0xFF, 0xFF, 0xF7, 0xFF, 0xFF, 0xFF, 0xFE, 0x3F, 0xFF, 0xFF,
    0xFF, 0xD3, 0xF0, 0x00, 0x00, 0x7C, 0x2F, 0x40, 0x00, 0x0B, 0xC0, 0xA4, 0x00, 0x00, 0xA8, 0x00,
    0x1B, 0xF8, 0x00, 0x00, 0xFF, 0xFF, 0x40, 0x03, 0xF8, 0x03, 0xD0, 0x0F, 0xC0, 0x00, 0xF0, 0x1F,
    0x00, 0x00, 0x7C, 0x3E, 0x00, 0x56, 0xBC, 0x3F, 0xFF, 0xFF, 0xFD, 0x7F, 0xFF, 0xFF, 0xE9, 0xBD,
    0x40, 0x00, 0x00, 0x7D, 0x00, 0x00, 0x00, 0x7E, 0x00, 0x00, 0x00, 0x3F, 0x80, 0x00, 0x00, 0x3F,
    0xF4, 0x00, 0x18, 0x0F, 0xFF, 0xFF, 0xFC, 0x07, 0xFF, 0xFF, 0xFC, 0x01, 0xFF, 0xFF, 0xFC, 0x00,
    0x1B, 0xFE, 0x80, 0x01, 0xFC, 0x00, 0xFC, 0x00, 0xFD, 0x00, 0x03, 0xF8, 0x03, 0xF0, 0x0F, 0xE0,
    0x00, 0x03, 0xF4, 0x0F, 0xC0, 0x7F, 0x00, 0x00, 0x0B, 0xF0, 0x3F, 0x03, 0xF4, 0x00, 0x00, 0x0F,
    0xE0, 0xFC, 0x2F, 0xC0, 0x00, 0x00, 0x1F, 0xC7, 0xF1, 0xFC, 0x00, 0x00, 0x00, 0x2F, 0xDF, 0xCF,
    0xE0, 0x00, 0x00, 0x00, 0x3F, 0xFF, 0xFF, 0x00, 0x00, 0x00, 0x00, 0x7F, 0xFF, 0xF4, 0x00, 0x00,
    0x00, 0x00, 0xFF, 0xFF, 0x80, 0x00, 0x00, 0x00, 0x00, 0xFF, 0xFC, 0x00, 0x00, 0x00, 0x00, 0x0B,
    0xFF, 0xF8, 0x00, 0x00, 0x00, 0x00, 0xBF, 0xFF, 0xF8, 0x00, 0x00, 0x00, 0x0B, 0xFF, 0xFF, 0xF8,
    0x00, 0x00, 0x00, 0xBF, 0xFF, 0xFF, 0xF8, 0x00, 0x00, 0x0F, 0xFE, 0xFF, 0xEF, 0xF8, 0x00, 0x00,
    0xFF, 0xF7, 0xFF, 0x3F, 0xF8, 0x00, 0x0F, 0xFF, 0x1F, 0xFC, 0x3F, 0xF8, 0x00, 0xFF, 0xF4, 0x7F,
    0xF4, 0x7F, 0xF8, 0x0F, 0xFF, 0x42, 0xFF, 0xD0, 0xBF, 0xF8, 0x00, 0x50, 0x00, 0x7F, 0xFD, 0x01,
    0x40, 0x2D, 0x00, 0x00, 0x3C, 0x00, 0x00, 0x70, 0x00, 0x02, 0xC0, 0x00, 0x2D, 0x00, 0xFF, 0xD0,
    0x02, 0xAF, 0x80, 0x00, 0x0B, 0xC0, 0x00, 0x0F, 0x00, 0x00, 0x3D, 0x00, 0x02, 0xF0, 0xFF, 0xFF,
    0xC3, 0xFF, 0xFC, 0x0B, 0xFF, 0x40, 0x10, 0x00, 0x00, 0x00, 0xBC, 0x00, 0x03, 0xF8, 0xBC, 0x00,
    0x0B, 0xF8, 0xBC, 0x00, 0x0F, 0xFC, 0xBC, 0x00, 0x3F, 0x7C, 0xBC, 0x00, 0x7D, 0x7C, 0xBC, 0x00,
    0xF8, 0x7C, 0xBC, 0x02, 0xF0, 0xBC, 0xBC, 0x07, 0xD0, 0xBC, 0xBC, 0x0F, 0xC0, 0xBC, 0xBC, 0x2F,
    0x00, 0xBC, 0xBC, 0x7E, 0x00, 0xFC, 0xBC, 0xFC, 0x00, 0xFC, 0xBE, 0xF4, 0x00, 0xFC, 0xBF, 0xE0,
    0x00, 0xFC, 0xBF, 0xC0, 0x00, 0xFC, 0xBF, 0x40, 0x00, 0xFC, 0x02, 0x40, 0x04, 0x00, 0x03, 0xFA,
    0xFC, 0x00, 0x00, 0xBF, 0xE0, 0x00, 0x00, 0x0F, 0x40, 0x00, 0x00, 0x00, 0x00, 0x00, 0x10, 0x00,
    0x00, 0x00, 0xBC, 0x00, 0x03, 0xF8, 0xBC, 0x00, 0x0B, 0xF8, 0xBC, 0x00, 0x0F, 0xFC, 0xBC, 0x00,
    0x3F, 0x7C, 0xBC, 0x00, 0x7D, 0x7C, 0xBC, 0x00, 0xF8, 0x7C, 0xBC, 0x02, 0xF0, 0xBC, 0xBC, 0x07,
    0xD0, 0xBC, 0xBC, 0x0F, 0xC0, 0xBC, 0xBC, 0x2F, 0x00, 0xBC, 0xBC, 0x7E, 0x00, 0xFC, 0xBC, 0xFC,
    0x00, 0xFC, 0xBE, 0xF4, 0x00, 0xFC, 0xBF, 0xE0, 0x00, 0xFC, 0xBF, 0xC0, 0x00, 0xFC, 0xBF, 0x40,
    0x00, 0xFC, 0x0F, 0x80, 0x3F, 0x00, 0x3D, 0x03, 0xF4, 0x01, 0xF4, 0x2F, 0x80, 0x07, 0xD0, 0xFC,
    0x00, 0x2F, 0x4F, 0xD0, 0x00, 0xBC, 0xBE, 0x00, 0x02, 0xF7, 0xF0, 0x00, 0x0F, 0xFF, 0x40, 0x00,
    0x3F, 0xF8, 0x00, 0x00, 0xFF, 0xE0, 0x00, 0x03, 0xFF, 0xE0, 0x00, 0x0F, 0xEF, 0xE0, 0x00, 0x7F,
    0x3F, 0xF0, 0x01, 0xFC, 0x3F, 0xF0, 0x07, 0xE0, 0x3F, 0xF0, 0x2F, 0x80, 0x7F, 0xF0, 0xBE, 0x00,
    0xBF, 0xF4, 0x02, 0xFF, 0xFF, 0x02, 0xFF, 0xFF, 0x02, 0xF0, 0x1F, 0x02, 0xF0, 0x1F, 0x02, 0xE0,
    0x1F, 0x02, 0xE0, 0x1F, 0x02, 0xE0, 0x2F, 0x03, 0xD0, 0x2F, 0x03, 0xD0, 0x2F, 0x03, 0xD0, 0x2F,
    0x03, 0xC0, 0x2F, 0x03, 0xC0, 0x2F, 0x07, 0xC0, 0x2F, 0x2F, 0xC0, 0x2F, 0x3F, 0x40, 0x2F, 0x00,
    0x00, 0x00, 0x1A, 0x40, 0x00, 0x0A, 0x90, 0xFF, 0x40, 0x00, 0x7F, 0x83, 0xFE, 0x00, 0x02, 0xFE,
    0x0F, 0xFC, 0x00, 0x0F, 0xF8, 0x3F, 0xF8, 0x00, 0xBF, 0xF0, 0xFF, 0xF0, 0x03, 0xFF, 0xC3, 0xEF,
    0xD0, 0x1F, 0xFF, 0x0F, 0x7F, 0x80, 0xBD, 0xFC, 0x7D, 0x7F, 0x03, 0xF3, 0xF1, 0xF4, 0xFE, 0x2F,
    0x8F, 0xC7, 0xE2, 0xFC, 0xFD, 0x3F, 0x5F, 0x87, 0xFB, 0xF0, 0xFD, 0xBE, 0x0F, 0xFF, 0x87, 0xF6,
    0xFC, 0x1F, 0xFD, 0x1F, 0xEB, 0xF0, 0x3F, 0xF0, 0x7F, 0xAF, 0xC0, 0xBF, 0x81, 0xFE, 0xBF, 0x01,
    0xFC, 0x0B, 0xFB, 0xFC, 0x01, 0x50, 0x2F, 0xFF, 0xF0, 0x00, 0x00, 0xBF, 0xC0, 0x2A, 0x00, 0x00,
    0x0A, 0x83, 0xF0, 0x00, 0x00, 0xFC, 0x3F, 0x40, 0x00, 0x0F, 0xC3, 0xF4, 0x00, 0x00, 0xFC, 0x3F,
    0x40, 0x00, 0x0F, 0xC3, 0xF4, 0x00, 0x00, 0xFC, 0x3F, 0x40, 0x00, 0x0F, 0xD3, 0xF4, 0x00, 0x00,
    0xFD, 0x3F, 0x80, 0x00, 0x0F, 0xD3, 0xF8, 0x00, 0x01, 0xFD, 0x3F, 0xFF, 0xFF, 0xFF, 0xD3, 0xFF,
    0xFF, 0xFF, 0xFE, 0x3F, 0xFF, 0xFF, 0xFF, 0xE3, 0xFF, 0xFF, 0xFF, 0xFE, 0x3F, 0xC0, 0x00, 0x2F,
    0xE3, 0xFC, 0x00, 0x01, 0xFE, 0x3F, 0xC0, 0x00, 0x2F, 0xE3, 0xFC, 0x00, 0x02, 0xFF, 0x7F, 0xC0,
    0x00, 0x2F, 0xF0, 0x00, 0x6F, 0xF4, 0x00, 0x0F, 0xFF, 0xFD, 0x00, 0xFE, 0x01, 0xFC, 0x07, 0xD0,
    0x00, 0xFC, 0x3F, 0x00, 0x01, 0xF5, 0xF4, 0x00, 0x03, 0xE7, 0xC0, 0x00, 0x0F, 0xEF, 0x00, 0x00,
    0x3F, 0xBC, 0x00, 0x00, 0xFD, 0xF4, 0x00, 0x03, 0xE7, 0xF0, 0x00, 0x3F, 0x8F, 0xFE, 0xAB, 0xFD,
    0x1F, 0xFF, 0xFF, 0xE0, 0x3F, 0xFF, 0xFF, 0x00, 0x3F, 0xFF, 0xF4, 0x00, 0x1B, 0xFD, 0x00, 0x00,
    0x00, 0x00, 0x02, 0xFF, 0xFF, 0xFF, 0xEB, 0xFF, 0xFF, 0xFF, 0xAF, 0x40, 0x00, 0x3E, 0xBD, 0x00,
    0x00, 0xFA, 0xF4, 0x00, 0x03, 0xEB, 0xD0, 0x00, 0x0F, 0xEF, 0x40, 0x00, 0x7F, 0xBD, 0x00, 0x01,
    0xFE, 0xF4, 0x00, 0x07, 0xFB, 0xE0, 0x00, 0x1F, 0xEF, 0x80, 0x00, 0x7F, 0xBE, 0x00, 0x01, 0xFE,
    0xF8, 0x00, 0x07, 0xFB, 0xE0, 0x00, 0x1F, 0xEF, 0x80, 0x00, 0x7F, 0xBE, 0x00, 0x01, 0xFC, 0x00,
    0x00, 0x2A, 0x90, 0x00, 0x3F, 0x2F, 0xFF, 0x80, 0x03, 0xFB, 0xFA, 0xBF, 0x00, 0x2F, 0xF8, 0x00,
    0xF8, 0x02, 0xFF, 0x00, 0x07, 0xC0, 0x2F, 0xD0, 0x00, 0x3D, 0x02, 0xFC, 0x00, 0x03, 0xE0, 0x1F,
    0xC0, 0x00, 0x3E, 0x01, 0xFC, 0x00, 0x03, 0xE0, 0x1F, 0xD0, 0x00, 0x3E, 0x02, 0xFF, 0x00, 0x07,
    0xD0, 0x2F, 0xFE, 0x01, 0xFC, 0x03, 0xFF, 0xFF, 0xFF, 0xC0, 0x3F, 0xFF, 0xFF, 0xF4, 0x07, 0xF3,
    0xFF, 0xFE, 0x00, 0xBF, 0x0F, 0xFF, 0x40, 0x0B, 0xE0, 0x05, 0x00, 0x00, 0xFE, 0x00, 0x00, 0x00,
    0x0F, 0xD0, 0x00, 0x00, 0x01, 0xFC, 0x00, 0x00, 0x00, 0x2F, 0xC0, 0x00, 0x00, 0x02, 0xFC, 0x00,
    0x00, 0x00, 0x3F, 0xC0, 0x00, 0x00, 0x00, 0x00, 0x00, 0x00, 0x00, 0x00, 0x00, 0x00, 0x00, 0x07,
    0xFF, 0xC0, 0x03, 0xFF, 0xFC, 0x00, 0xFF, 0xA6, 0x80, 0x2F, 0xC0, 0x00, 0x03, 0xF4, 0x00, 0x00,
    0x7F, 0x00, 0x00, 0x07, 0xE0, 0x00, 0x00, 0xBD, 0x00, 0x00, 0x0B, 0xD0, 0x00, 0x00, 0x7E, 0x00,
    0x00, 0x07, 0xF4, 0x00, 0x00, 0x3F, 0xD0, 0x00, 0x02, 0xFF, 0x95, 0x80, 0x0F, 0xFF, 0xFF, 0x00,
    0x3F, 0xFF, 0xF8, 0x00, 0x2F, 0xFE, 0x40, 0x00, 0x00, 0x00, 0xBF, 0xFF, 0xFF, 0xFE, 0xBF, 0xFF,
    0xFF, 0xFE, 0x50, 0x07, 0xC0, 0x04, 0x00, 0x07, 0xD0, 0x00, 0x00, 0x07, 0xD0, 0x00, 0x00, 0x07,
    0xD0, 0x00, 0x00, 0x07, 0xD0, 0x00, 0x00, 0x0B, 0xD0, 0x00, 0x00, 0x0B, 0xE0, 0x00, 0x00, 0x0B,
    0xE0, 0x00, 0x00, 0x0B, 0xE0, 0x00, 0x00, 0x0B, 0xE0, 0x00, 0x00, 0x0B, 0xE0, 0x00, 0x00, 0x0F,
    0xE0, 0x00, 0x00, 0x0F, 0xF0, 0x00, 0x00, 0x0F, 0xF0, 0x00, 0x7E, 0x00, 0x00, 0x3F, 0x3F, 0x00,
    0x00, 0x7E, 0x1F, 0x80, 0x00, 0xBD, 0x0F, 0xD0, 0x00, 0xFC, 0x07, 0xF0, 0x00, 0xFC, 0x03, 0xF4,
    0x02, 0xF8, 0x01, 0xFC, 0x03, 0xF4, 0x00, 0xFE, 0x03, 0xF0, 0x00, 0x7F, 0x47, 0xF0, 0x00, 0x3F,
    0xCF, 0xE0, 0x00, 0x1F, 0xEF, 0xE0, 0x00, 0x0F, 0xFF, 0xD0, 0x00, 0x07, 0xFF, 0xC0, 0x00, 0x03,
    0xFF, 0xC0, 0x00, 0x01, 0xFF, 0x80, 0x00, 0x00, 0xFF, 0x40, 0x00, 0x00, 0xFF, 0x00, 0x00, 0x01,
    0xFF, 0x00, 0x00, 0x07, 0xFD, 0x00, 0x00, 0x6F, 0xFC, 0x00, 0x2F, 0xFF, 0xF0, 0x00, 0x2F, 0xFF,
    0xC0, 0x00, 0x2F, 0xFE, 0x00, 0x00, 0x2F, 0x90, 0x00, 0x00, 0x00, 0x00, 0x2E, 0x00, 0x00, 0x00,
    0x00, 0x03, 0xF0, 0x00, 0x00, 0x00, 0xBF, 0xFF, 0xFF, 0xE0, 0x00, 0xBF, 0xFF, 0xFF, 0xFF, 0xC0,
    0x1F, 0x40, 0x3F, 0x00, 0x7F, 0x03, 0xC0, 0x03, 0xF0, 0x00, 0xF4, 0x78, 0x00, 0x3F, 0x00, 0x0B,
    0xC7, 0x40, 0x03, 0xF0, 0x00, 0x7C, 0xB4, 0x00, 0x3F, 0x00, 0x0B, 0xCB, 0xC0, 0x03, 0xF0, 0x00,
    0xFC, 0x7E, 0x00, 0x3F, 0x00, 0x2F, 0xC3, 0xFE, 0x57, 0xF9, 0x6F, 0xF8, 0x2F, 0xFF, 0xFF, 0xFF,
    0xFF, 0x00, 0xFF, 0xFF, 0xFF, 0xFF, 0xE0, 0x07, 0xFF, 0xFF, 0xFF, 0xF8, 0x00, 0x06, 0xFF, 0xFF,
    0xE9, 0x00, 0x00, 0x00, 0x3F, 0x40, 0x00, 0x00, 0x00, 0x07, 0xF4, 0x00, 0x00, 0x00, 0x00, 0x7F,
    0x40, 0x00, 0x00, 0x00, 0x07, 0xF4, 0x00, 0x00, 0x00, 0x00, 0x7F, 0x40, 0x00, 0x00, 0x00, 0x07,
    0xF4, 0x00, 0x00, 0x00, 0x00, 0x00, 0x00, 0x00, 0x00, 0x2F, 0x00, 0x00, 0x3D, 0x03, 0xF0, 0x00,
    0x3F, 0x00, 0x3E, 0x00, 0x2F, 0x00, 0x0B, 0xD0, 0x1F, 0x40, 0x00, 0xFC, 0x0F, 0xC0, 0x00, 0x0F,
    0x8F, 0xC0, 0x00, 0x02, 0xFF, 0xD0, 0x00, 0x00, 0x3F, 0xF0, 0x00, 0x00, 0x0B, 0xF4, 0x00, 0x00,
    0x07, 0xFF, 0x00, 0x00, 0x03, 0xFF, 0xF0, 0x00, 0x03, 0xFC, 0xFE, 0x00, 0x02, 0xFC, 0x0F, 0xD0,
    0x02, 0xFD, 0x02, 0xFD, 0x01, 0xFE, 0x00, 0x3F, 0xC1, 0xFF, 0x00, 0x03, 0xFC, 0x00, 0x00, 0x00,
    0x00, 0x2F, 0x40, 0x00, 0xFC, 0x0B, 0xD0, 0x00, 0x3F, 0x02, 0xF4, 0x00, 0x0F, 0xC0, 0xBD, 0x00,
    0x02, 0xF0, 0x1F, 0x40, 0x00, 0xBC, 0x07, 0xD0, 0x00, 0x2F, 0x01, 0xF4, 0x00, 0x0B, 0xC0, 0x7D,
    0x00, 0x02, 0xF0, 0x1F, 0x40, 0x00, 0xBC, 0x07, 0xD0, 0x00, 0x1F, 0x01, 0xF4, 0x00, 0x07, 0xC0,
    0x3D, 0x00, 0x01, 0xF0, 0x0F, 0x40, 0x00, 0x7C, 0x03, 0xFF, 0xFF, 0xFF, 0xF4, 0xFF, 0xFF, 0xFF,
    0xFC, 0x3F, 0xFF, 0xFF, 0xFF, 0x00, 0x00, 0x00, 0x0F, 0xC0, 0x00, 0x00, 0x03, 0xF0, 0x00, 0x00,
    0x01, 0xF8, 0x00, 0x00, 0x00, 0x69, 0x00, 0x20, 0x00, 0x61, 0xD0, 0x02, 0xC7, 0x40, 0x0B, 0x1D,
    0x00, 0x2D, 0x74, 0x00, 0xB5, 0xD0, 0x02, 0xD7, 0x40, 0x0F, 0x5F, 0x00, 0x7D, 0x3E, 0x5B, 0xF4,
    0xBF, 0xFF, 0xD0, 0x7F, 0x8F, 0x40, 0x00, 0x3D, 0x00, 0x00, 0xF8, 0x00, 0x03, 0xE0, 0x00, 0x0F,
    0x80, 0x00, 0x00, 0x00, 0x00, 0x00, 0xBE, 0x00, 0x15, 0x00, 0xBC, 0xBE, 0x00, 0x7F, 0x00, 0xBC,
    0xBE, 0x00, 0x3F, 0x00, 0xBC, 0xBE, 0x00, 0x3F, 0x00, 0xBC, 0xBD, 0x00, 0x3F, 0x00, 0x7C, 0xBD,
    0x00, 0x3F, 0x00, 0x7C, 0xBD, 0x00, 0x3E, 0x00, 0x7C, 0xBD, 0x00, 0x3E, 0x00, 0x7C, 0xBD, 0x00,
    0x3E, 0x00, 0x7C, 0xBD, 0x00, 0x3E, 0x00, 0x7C, 0xBD, 0x00, 0x3E, 0x00, 0x3C, 0xBD, 0x00, 0x3E,
    0x00, 0x3D, 0xBD, 0x00, 0x3E, 0x00, 0x3D, 0xBF, 0xFF, 0xFF, 0xFF, 0xFD, 0xBF, 0xFF, 0xFF, 0xFF,
    0xFD, 0xBF, 0xFF, 0xFF, 0xFF, 0xFD, 0x00, 0x00, 0x00, 0x00, 0x00, 0x0B, 0xE0, 0x01, 0x50, 0x0B,
    0xC0, 0xBE, 0x00, 0x7F, 0x00, 0xBC, 0x0B, 0xE0, 0x03, 0xF0, 0x0B, 0xC0, 0xBE, 0x00, 0x3F, 0x00,
    0xBC, 0x0B, 0xD0, 0x03, 0xF0, 0x07, 0xC0, 0xBD, 0x00, 0x3F, 0x00, 0x7C, 0x0B, 0xD0, 0x03, 0xE0,
    0x07, 0xC0, 0xBD, 0x00, 0x3E, 0x00, 0x7C, 0x0B, 0xD0, 0x03, 0xE0, 0x07, 0xC0, 0xBD, 0x00, 0x3E,
    0x00, 0x7C, 0x0B, 0xD0, 0x03, 0xE0, 0x03, 0xC0, 0xBD, 0x00, 0x3E, 0x00, 0x3C, 0x0B, 0xD0, 0x03,
    0xE0, 0x03, 0xD0, 0xBF, 0xFF, 0xFF, 0xFF, 0xFF, 0xEB, 0xFF, 0xFF, 0xFF, 0xFF, 0xFD, 0xBF, 0xFF,
    0xFF, 0xFF, 0xFF, 0xD0, 0x00, 0x00, 0x00, 0x00, 0xFC, 0x00, 0x00, 0x00, 0x00, 0x0F, 0xC0, 0x00,
    0x00, 0x00, 0x01, 0xFC, 0x00, 0x00, 0x00, 0x00, 0x2F, 0xC0, 0x00, 0x00, 0x00, 0x02, 0xF8, 0x3F,
    0xFD, 0x00, 0x00, 0x07, 0xFF, 0xD0, 0x00, 0x00, 0x6A, 0xFD, 0x00, 0x00, 0x00, 0x07, 0xD0, 0x00,
    0x00, 0x00, 0x7D, 0x00, 0x00, 0x00, 0x07, 0xE0, 0x00, 0x00, 0x00, 0x7F, 0xFF, 0xE4, 0x00, 0x07,
    0xFA, 0xAB, 0xF0, 0x00, 0x3E, 0x00, 0x0B, 0xC0, 0x03, 0xE0, 0x00, 0x3D, 0x00, 0x3E, 0x00, 0x03,
    0xD0, 0x03, 0xE0, 0x00, 0x3D, 0x00, 0x3E, 0x00, 0x1F, 0xD0, 0x03, 0xFF, 0xFF, 0xFC, 0x00, 0x3F,
    0xFF, 0xFF, 0x00, 0x03, 0xFF, 0xFE, 0x40, 0x00, 0x00, 0x00, 0x00, 0x00, 0xBE, 0x00, 0x00, 0x00,
    0x3C, 0xBE, 0x00, 0x00, 0x00, 0x3C, 0xBE, 0x00, 0x00, 0x00, 0x7C, 0x7E, 0x00, 0x00, 0x00, 0x7C,
    0x7E, 0x00, 0x00, 0x00, 0x7C, 0x7E, 0x00, 0x00, 0x00, 0x7C, 0x7F, 0xFF, 0xE4, 0x00, 0x7C, 0x7F,
    0xAA, 0xBF, 0x00, 0x7C, 0x3E, 0x00, 0x0B, 0xC0, 0x7C, 0x3E, 0x00, 0x03, 0xD0, 0x7D, 0x3F, 0x00,
    0x02, 0xE0, 0x7D, 0x3F, 0x00, 0x03, 0xE0, 0xBD, 0x3F, 0x00, 0x1F, 0xD0, 0xBD, 0x3F, 0xFF, 0xFF,
    0xC0, 0xBD, 0x3F, 0xFF, 0xFF, 0x40, 0xBD, 0x3F, 0xFF, 0xE4, 0x00, 0xBD, 0x10, 0x00, 0x00, 0x07,
    0xC0, 0x00, 0x00, 0x7C, 0x00, 0x00, 0x07, 0xC0, 0x00, 0x00, 0x7C, 0x00, 0x00, 0x07, 0xC0, 0x00,
    0x00, 0x7C, 0x00, 0x00, 0x07, 0xFF, 0xFE, 0x00, 0xBE, 0xAA, 0xFE, 0x0B, 0xC0, 0x00, 0xF8, 0xBC,
    0x00, 0x03, 0xCB, 0xC0, 0x00, 0x3C, 0xBC, 0x00, 0x07, 0xDB, 0xC0, 0x01, 0xFC, 0xBF, 0xFF, 0xFF,
    0x8B, 0xFF, 0xFF, 0xF0, 0xBF, 0xFF, 0xE4, 0x00, 0x06, 0xFF, 0x90, 0x01, 0xFF, 0xBF, 0xF4, 0x0B,
    0x40, 0x07, 0xF4, 0x10, 0x00, 0x03, 0xF0, 0x00, 0x00, 0x07, 0xE0, 0x00, 0x00, 0x0F, 0xC0, 0x00,
    0x00, 0x3F, 0x40, 0x0F, 0xFF, 0xFD, 0x00, 0x3F, 0xFF, 0xF4, 0x00, 0x00, 0x0F, 0xD0, 0x00, 0x00,
    0x7F, 0x14, 0x00, 0x03, 0xF8, 0xB9, 0x41, 0xBF, 0xC2, 0xFF, 0xFF, 0xFD, 0x07, 0xFF, 0xFF, 0xD0,
    0x01, 0xBF, 0xE4, 0x00, 0x3D, 0x00, 0x2F, 0xF8, 0x00, 0xF4, 0x03, 0xFF, 0xFD, 0x03, 0xD0, 0x3E,
    0x00, 0xBC, 0x0F, 0x42, 0xE0, 0x00, 0xB8, 0x3D, 0x0F, 0x00, 0x01, 0xF0, 0xF4, 0x7C, 0x00, 0x03,
    0xD3, 0xD2, 0xE0, 0x00, 0x0F, 0x4F, 0x4B, 0x80, 0x00, 0x3E, 0x3D, 0x3D, 0x00, 0x00, 0xB8, 0xFF,
    0xF8, 0x00, 0x03, 0xE3, 0xEB, 0xF0, 0x00, 0x0F, 0x4F, 0x0B, 0xD0, 0x00, 0x7D, 0x3C, 0x1F, 0xC0,
    0x07, 0xF0, 0xF0, 0x3F, 0xEA, 0xBF, 0x83, 0xC0, 0xBF, 0xFF, 0xFC, 0x0F, 0x00, 0xBF, 0xFF, 0xD0,
    0x3C, 0x00, 0x6F, 0xF8, 0x00, 0x00, 0x1F, 0xFF, 0xF0, 0x0F, 0x50, 0x3F, 0x02, 0xD0, 0x03, 0xF0,
    0x3C, 0x00, 0x3F, 0x03, 0x80, 0x03, 0xF0, 0x3C, 0x00, 0x3F, 0x02, 0xF4, 0x03, 0xF0, 0x0F, 0xFF,
    0xFF, 0x00, 0x3F, 0xFF, 0xF0, 0x0F, 0xE4, 0x3F, 0x02, 0xF4, 0x03, 0xF0, 0x3E, 0x00, 0x3F, 0x0F,
    0xC0, 0x03, 0xF1, 0xF8, 0x00, 0x3F, 0x3F, 0x40, 0x03, 0xF7, 0xF0, 0x00, 0x3F, 0x00, 0x00, 0x00,
    0x00, 0x01, 0xF8, 0x00, 0x00, 0x00, 0x7F, 0x00, 0x00, 0x00, 0x0F, 0xD0, 0x00, 0x00, 0x03, 0xF8,
    0x00, 0x00, 0x00, 0x00, 0x00, 0x00, 0x00, 0x00, 0x00, 0x00, 0x00, 0x00, 0x00, 0x00, 0x00, 0x00,
    0x00, 0x00, 0x00, 0x00, 0x00, 0x00, 0x00, 0x00, 0x00, 0x00, 0x1B, 0xF8, 0x00, 0x00, 0xFF, 0xFF,
    0x40, 0x03, 0xF8, 0x03, 0xD0, 0x0F, 0xC0, 0x00, 0xF0, 0x1F, 0x00, 0x00, 0x7C, 0x3E, 0x00, 0x56,
    0xBC, 0x3F, 0xFF, 0xFF, 0xFD, 0x7F, 0xFF, 0xFF, 0xE9, 0xBD, 0x40, 0x00, 0x00, 0x7D, 0x00, 0x00,
    0x00, 0x7E, 0x00, 0x00, 0x00, 0x3F, 0x80, 0x00, 0x00, 0x3F, 0xF4, 0x00, 0x18, 0x0F, 0xFF, 0xFF,
    0xFC, 0x07, 0xFF, 0xFF, 0xFC, 0x01, 0xFF, 0xFF, 0xFC, 0x00, 0x1B, 0xFE, 0x80, 0x00, 0x00, 0x00,
    0x00, 0x2F, 0x00, 0x07, 0xC0, 0xBC, 0x00, 0x2F, 0x01, 0xA0, 0x00, 0x68, 0x00, 0x00, 0x00, 0x00,
    0x00, 0x00, 0x00, 0x00, 0x06, 0xBF, 0x90, 0x00, 0xFD, 0x47, 0xF0, 0x0F, 0x80, 0x02, 0xF0, 0x7C,
    0x00, 0x03, 0xD3, 0xD0, 0x00, 0x07, 0x8F, 0xFF, 0xFF, 0xFF, 0x7F, 0xFF, 0xFF, 0xFE, 0xF4, 0x00,
    0x00, 0x0B, 0xD0, 0x00, 0x00, 0x2F, 0x40, 0x00, 0x00, 0x7F, 0x00, 0x00, 0x00, 0xFF, 0x80, 0x01,
    0x91, 0xFF, 0xFF, 0xFF, 0x42, 0xFF, 0xFF, 0xFE, 0x01, 0xFF, 0xFF, 0xF4, 0x00, 0x6B, 0xE9, 0x00,
    0x00, 0x3F, 0x00, 0x00, 0x00, 0x00, 0x3F, 0x00, 0x00, 0x00, 0x00, 0x3E, 0x00, 0x00, 0x00, 0x00,
    0x3F, 0xFF, 0x00, 0x00, 0xBF, 0xFF, 0xFE, 0x00, 0x00, 0xBF, 0xFE, 0x00, 0x00, 0x00, 0x00, 0x3D,
    0x00, 0x00, 0x00, 0x00, 0x7D, 0x00, 0x00, 0x00, 0x00, 0x7D, 0x00, 0x00, 0x00, 0x00, 0x7D, 0x2F,
    0xF8, 0x00, 0x00, 0xBE, 0xFF, 0xFF, 0x40, 0x00, 0xBF, 0xFF, 0xFF, 0xC0, 0x00, 0xBF, 0xE0, 0x1F,
    0xD0, 0x00, 0xBF, 0x40, 0x07, 0xE0, 0x00, 0xFF, 0x00, 0x03, 0xF0, 0x00, 0xFE, 0x00, 0x02, 0xF0,
    0x00, 0xFD, 0x00, 0x02, 0xF0, 0x00, 0xFD, 0x00, 0x02, 0xF0, 0x00, 0xFD, 0x00, 0x02, 0xF0, 0x00,
    0xFD, 0x00, 0x03, 0xF0, 0x00, 0xFD, 0x00, 0x03, 0xF0, 0x01, 0xFD, 0x00, 0x03, 0xF4, 0x01, 0xFD,
    0x00, 0x03, 0xFC, 0x01, 0xFE, 0x00, 0x07, 0xFD, 0x02, 0xFE, 0x00, 0x0F, 0xFE, 0x00, 0x00, 0x00,
    0xBF, 0xFC, 0x00, 0x00, 0x00, 0xFF, 0xF4, 0x00, 0x00, 0x00, 0xFF, 0xC0, 0x00, 0x00, 0x00, 0xF9,
    0x00, 0x00, 0x06, 0x40, 0x00, 0x00, 0xF4, 0x00, 0x00, 0x1F, 0x00, 0x00, 0x03, 0xE0, 0x00, 0x00,
    0x7D, 0x00, 0x00, 0x0F, 0xC0, 0x00, 0x00, 0x00, 0x00, 0x00, 0x00, 0x00, 0x00, 0x00, 0x00, 0x00,
    0x07, 0xFF, 0xFF, 0xFC, 0x7F, 0xFF, 0xFF, 0xC7, 0xE0, 0x00, 0x00, 0x7E, 0x00, 0x00, 0x0B, 0xF0,
    0x00, 0x00, 0xBF, 0x00, 0x00, 0x0B, 0xF0, 0x00, 0x00, 0xBF, 0x00, 0x00, 0x0B, 0xF0, 0x00, 0x00,
    0xBF, 0x00, 0x00, 0x0B, 0xF0, 0x00, 0x00, 0xBF, 0x00, 0x00, 0x0B, 0xF4, 0x00, 0x00, 0xBF, 0x40,
    0x00, 0x0B, 0xF4, 0x00, 0x00, 0xBF, 0x80, 0x00, 0x00, 0x00, 0x05, 0x40, 0x00, 0x02, 0xFF, 0xE0,
    0x00, 0x3E, 0x01, 0xF4, 0x03, 0xD0, 0x01, 0xF0, 0x1F, 0x00, 0x02, 0xE0, 0xF4, 0x00, 0x00, 0x03,
    0xC0, 0x00, 0x00, 0x0F, 0xFF, 0xFC, 0x00, 0x3F, 0xFF, 0xF0, 0x00, 0xF0, 0x00, 0x00, 0x03, 0xD0,
    0x00, 0x00, 0x0F, 0xD0, 0x01, 0xA8, 0x2F, 0xFF, 0xFF, 0xF0, 0x7F, 0xFF, 0xFF, 0x80, 0xBF, 0xFF,
    0xFC, 0x00, 0x2F, 0xFE, 0x40, 0x00, 0x00, 0x00, 0x00, 0x00, 0x6F, 0xFE, 0x40, 0x0F, 0xFF, 0xFD,
    0x00, 0xBE, 0x41, 0x50, 0x03, 0xC0, 0x00, 0x00, 0x0F, 0x00, 0x00, 0x00, 0x3F, 0x40, 0x00, 0x00,
    0xBF, 0xE4, 0x00, 0x00, 0xBF, 0xFE, 0x00, 0x00, 0x2F, 0xFF, 0x80, 0x00, 0x01, 0xBF, 0x80, 0x00,
    0x00, 0xBF, 0x00, 0xE4, 0x07, 0xFC, 0x0F, 0xFF, 0xFF, 0xF0, 0xFF, 0xFF, 0xFF, 0x83, 0xFF, 0xFF,
    0xFC, 0x01, 0xBF, 0xFE, 0x40, 0x2F, 0x43, 0xF8, 0x3F, 0x87, 0xFC, 0xBF, 0xC0, 0x00, 0x00, 0x00,
    0x00, 0x00, 0x00, 0x50, 0x2F, 0x02, 0xF0, 0x2F, 0x02, 0xE0, 0x2E, 0x02, 0xF0, 0x2F, 0x02, 0xF0,
    0x3F, 0x03, 0xF0, 0x3F, 0x03, 0xF0, 0x3F, 0x03, 0xF0, 0x3F, 0x47, 0xF4, 0x0F, 0xC0, 0x0F, 0xC1,
    0xFC, 0x01, 0xFC, 0x2F, 0xD0, 0x2F, 0xD3, 0xFD, 0x03, 0xFD, 0x3F, 0xE0, 0x3F, 0xE0, 0x00, 0x00,
    0x00, 0x00, 0x00, 0x00, 0x00, 0x00, 0x00, 0x00, 0x00, 0x00, 0x00, 0x00, 0x00, 0xBC, 0x00, 0x00,
    0x0B, 0xC0, 0x00, 0x00, 0xBC, 0x00, 0x00, 0x0B, 0x80, 0x00, 0x00, 0xB8, 0x00, 0x00, 0x0B, 0xC0,
    0x00, 0x00, 0xBC, 0x00, 0x00, 0x0B, 0xC0, 0x00, 0x00, 0xFC, 0x00, 0x00, 0x0F, 0xC0, 0x00, 0x00,
    0xFC, 0x00, 0x00, 0x0F, 0xC0, 0x00, 0x00, 0xFC, 0x00, 0x00, 0x0F, 0xC0, 0x00, 0x00, 0xFD, 0x00,
    0x00, 0x1F, 0xD0, 0x00, 0x00, 0x02, 0xF8, 0x00, 0x03, 0xF8, 0x00, 0x03, 0xFC, 0x00, 0x07, 0xFC,
    0x00, 0x07, 0xFC, 0x00, 0x00, 0x00, 0x00, 0x00, 0x00, 0x00, 0x00, 0x00, 0x00, 0x00, 0x50, 0x00,
    0x01, 0xF4, 0x00, 0x01, 0xF4, 0x00, 0x01, 0xF0, 0x00, 0x01, 0xF0, 0x00, 0x02, 0xF0, 0x00, 0x02,
    0xF0, 0x00, 0x02, 0xF0, 0x00, 0x02, 0xF0, 0x00, 0x02, 0xF0, 0x00, 0x02, 0xF0, 0x00, 0x02, 0xF0,
    0x00, 0x02, 0xF0, 0x00, 0x03, 0xE0, 0x00, 0x03, 0xE0, 0x00, 0x03, 0xE0, 0x00, 0x03, 0xE0, 0x00,
    0x03, 0xE0, 0x00, 0x07, 0xD0, 0x00, 0x0F, 0xD0, 0x00, 0x7F, 0xC0, 0x1F, 0xFF, 0xC0, 0x3F, 0xFF,
    0x00, 0x7F, 0xA4, 0x00, 0x00, 0x00, 0x00, 0x03, 0xFF, 0xFF, 0x00, 0x00, 0x03, 0xEA, 0xAF, 0x00,
    0x00, 0x03, 0x40, 0x0F, 0x00, 0x00, 0x03, 0x40, 0x0F, 0x00, 0x00, 0x03, 0x40, 0x0F, 0x00, 0x00,
    0x03, 0x00, 0x0F, 0x54, 0x00, 0x07, 0x00, 0x0F, 0xFF, 0xD0, 0x07, 0x00, 0x0F, 0x00, 0xB4, 0x07,
    0x00, 0x0F, 0x00, 0x3C, 0x0B, 0x00, 0x0F, 0x00, 0x2C, 0x0B, 0x00, 0x0F, 0x00, 0x2C, 0x0B, 0x00,
    0x0F, 0x00, 0x3C, 0x0F, 0x00, 0x0F, 0xAA, 0xFC, 0x3E, 0x00, 0x0F, 0xFF, 0xF4, 0x7C, 0x00, 0x0F,
    0xFF, 0x80, 0x00, 0x00, 0x00, 0x00, 0x00, 0xB0, 0x00, 0x18, 0x00, 0x02, 0xC0, 0x00, 0xB0, 0x00,
    0x0B, 0x00, 0x02, 0xC0, 0x00, 0x2C, 0x00, 0x0B, 0x00, 0x00, 0xB0, 0x00, 0x2C, 0x00, 0x02, 0xC0,
    0x00, 0xB0, 0x00, 0x0B, 0xFF, 0xFF, 0xFF, 0xE0, 0x2E, 0xAA, 0xAF, 0x55, 0xF4, 0xB0, 0x00, 0x3C,
    0x00, 0xF2, 0xC0, 0x00, 0xF0, 0x01, 0xDB, 0x00, 0x03, 0xC0, 0x07, 0x6C, 0x00, 0x0F, 0x00, 0x3D,
    0xB0, 0x00, 0x3E, 0xAB, 0xF2, 0xC0, 0x00, 0xFF, 0xFF, 0x8B, 0x00, 0x03, 0xFF, 0xE4, 0x00, 0x00,
    0x3F, 0x00, 0x00, 0x00, 0x00, 0xFC, 0x00, 0x00, 0x00, 0x03, 0xE0, 0x00, 0x00, 0x00, 0x0F, 0xFF,
    0xC0, 0x00, 0xBF, 0xFF, 0xFE, 0x00, 0x02, 0xFF, 0xF8, 0x00, 0x00, 0x00, 0x03, 0xD0, 0x00, 0x00,
    0x00, 0x1F, 0x40, 0x00, 0x00, 0x00, 0x7D, 0x00, 0x00, 0x00, 0x01, 0xF4, 0xBF, 0xE0, 0x00, 0x0B,
    0xEF, 0xFF, 0xF4, 0x00, 0x2F, 0xFF, 0xFF, 0xF0, 0x00, 0xBF, 0xE0, 0x1F, 0xD0, 0x02, 0xFD, 0x00,
    0x1F, 0x80, 0x0F, 0xF0, 0x00, 0x3F, 0x00, 0x3F, 0x80, 0x00, 0xBC, 0x00, 0xFD, 0x00, 0x02, 0xF0,
    0x03, 0xF4, 0x00, 0x0B, 0xC0, 0x0F, 0xD0, 0x00, 0x2F, 0x00, 0x3F, 0x40, 0x00, 0xFC, 0x00, 0xFD,
    0x00, 0x03, 0xF0, 0x07, 0xF4, 0x00, 0x0F, 0xD0, 0x1F, 0xD0, 0x00, 0x3F, 0x40, 0x7F, 0x80, 0x01,
    0xFD, 0x02, 0xFE, 0x00, 0x07, 0xF4, 0x00, 0x01, 0xE0, 0x00, 0x00, 0x0F, 0x00, 0x00, 0x00, 0x7C,
    0x00, 0x00, 0x03, 0xE0, 0x00, 0x00, 0x1F, 0x00, 0x00, 0x00, 0xA8, 0x00, 0x00, 0x00, 0x00, 0x00,
    0x00, 0x00, 0x00, 0x00, 0x00, 0x00, 0x00, 0x00, 0x3E, 0x00, 0xFC, 0x00, 0xF4, 0x0F, 0xD0, 0x07,
    0xD0, 0xBE, 0x00, 0x1F, 0x47, 0xF0, 0x00, 0xBD, 0x3F, 0x40, 0x02, 0xF2, 0xF8, 0x00, 0x0B, 0xDF,
    0xC0, 0x00, 0x3F, 0xFD, 0x00, 0x00, 0xFF, 0xE0, 0x00, 0x03, 0xFF, 0x80, 0x00, 0x0F, 0xFF, 0x80,
    0x00, 0x3F, 0xBF, 0xC0, 0x01, 0xFC, 0xFF, 0xC0, 0x07, 0xF0, 0xFF, 0xC0, 0x1F, 0x80, 0xFF, 0xC0,
    0xBE, 0x01, 0xFF, 0xC2, 0xF8, 0x02, 0xFF, 0xD0, 0x00, 0x00, 0x00, 0x00, 0x02, 0xF4, 0x00, 0x00,
    0x00, 0xBE, 0x00, 0x00, 0x00, 0x1F, 0xC0, 0x00, 0x00, 0x07, 0xF4, 0x00, 0x00, 0x00, 0x00, 0x00,
    0x00, 0x00, 0x00, 0x00, 0x00, 0x00, 0x00, 0x00, 0x10, 0x00, 0x00, 0x00, 0xBC, 0x00, 0x03, 0xF8,
    0xBC, 0x00, 0x0B, 0xF8, 0xBC, 0x00, 0x0F, 0xFC, 0xBC, 0x00, 0x3F, 0x7C, 0xBC, 0x00, 0x7D, 0x7C,
    0xBC, 0x00, 0xF8, 0x7C, 0xBC, 0x02, 0xF0, 0xBC, 0xBC, 0x07, 0xD0, 0xBC, 0xBC, 0x0F, 0xC0, 0xBC,
    0xBC, 0x2F, 0x00, 0xBC, 0xBC, 0x7E, 0x00, 0xFC, 0xBC, 0xFC, 0x00, 0xFC, 0xBE, 0xF4, 0x00, 0xFC,
    0xBF, 0xE0, 0x00, 0xFC, 0xBF, 0xC0, 0x00, 0xFC, 0xBF, 0x40, 0x00, 0xFC, 0x03, 0xC0, 0x00, 0xB4,
    0x03, 0xC0, 0x00, 0xF0, 0x02, 0xF4, 0x02, 0xF0, 0x00, 0xFF, 0xFF, 0xC0, 0x00, 0x3F, 0xFF, 0x40,
    0x00, 0x06, 0xA4, 0x00, 0x00, 0x00, 0x00, 0x00, 0x00, 0x00, 0x00, 0x00, 0x00, 0x00, 0x00, 0x00,
    0x00, 0x00, 0x00, 0x00, 0x00, 0x00, 0x00, 0x00, 0x00, 0x00, 0x00, 0x00, 0x7E, 0x00, 0x00, 0x3F,
    0x3F, 0x00, 0x00, 0x7E, 0x1F, 0x80, 0x00, 0xBD, 0x0F, 0xD0, 0x00, 0xFC, 0x07, 0xF0, 0x00, 0xFC,
    0x03, 0xF4, 0x02, 0xF8, 0x01, 0xFC, 0x03, 0xF4, 0x00, 0xFE, 0x03, 0xF0, 0x00, 0x7F, 0x47, 0xF0,
    0x00, 0x3F, 0xCF, 0xE0, 0x00, 0x1F, 0xEF, 0xE0, 0x00, 0x0F, 0xFF, 0xD0, 0x00, 0x07, 0xFF, 0xC0,
    0x00, 0x03, 0xFF, 0xC0, 0x00, 0x01, 0xFF, 0x80, 0x00, 0x00, 0xFF, 0x40, 0x00, 0x00, 0xFF, 0x00,
    0x00, 0x01, 0xFF, 0x00, 0x00, 0x07, 0xFD, 0x00, 0x00, 0x6F, 0xFC, 0x00, 0x2F, 0xFF, 0xF0, 0x00,
    0x2F, 0xFF, 0xC0, 0x00, 0x2F, 0xFE, 0x00, 0x00, 0x2F, 0x90, 0x00, 0x00, 0x7C, 0x00, 0x0F, 0x5F,
    0x00, 0x03, 0xD7, 0xC0, 0x00, 0xF5, 0xF0, 0x00, 0x3D, 0x7C, 0x00, 0x0F, 0x5F, 0x00, 0x03, 0xD7,
    0xC0, 0x00, 0xF5, 0xF0, 0x00, 0x3D, 0x7C, 0x00, 0x0F, 0x5F, 0x00, 0x03, 0xD7, 0xC0, 0x00, 0xF5,
    0xF0, 0x00, 0x3D, 0x7C, 0x00, 0x0F, 0x5F, 0xFF, 0xFF, 0xD7, 0xFF, 0xFF, 0xF4, 0x00, 0x74, 0x00,
    0x00, 0x1D, 0x00, 0x00, 0x07, 0x40, 0x00, 0x01, 0xD0, 0x00, 0x00, 0x00, 0x00, 0x00, 0x50, 0x00,
    0x00, 0x00, 0x7D, 0x00, 0x00, 0x0F, 0xFF, 0xFF, 0xFC, 0x03, 0xFF, 0xFF, 0xFF, 0x00, 0xFF, 0xFF,
    0xFF, 0xC0, 0x00, 0x7C, 0x00, 0x00, 0x00, 0x1F, 0x00, 0x00, 0x00, 0x07, 0xC0, 0x00, 0x00, 0x01,
    0xF4, 0x00, 0x00, 0x00, 0x7F, 0x40, 0x00, 0x00, 0x1F, 0xFF, 0xFE, 0x00, 0x07, 0xFF, 0xAB, 0xF4,
    0x01, 0xFD, 0x00, 0x1F, 0x00, 0x7F, 0x00, 0x02, 0xD0, 0x1F, 0xC0, 0x00, 0x78, 0x07, 0xF0, 0x00,
    0x1F, 0x01, 0xFD, 0x00, 0x0F, 0x80, 0x3F, 0xFA, 0xBF, 0xE0, 0x0F, 0xFF, 0xFF, 0xF8, 0x02, 0xFF,
    0xFF, 0xFD, 0x00, 0x3F, 0xFF, 0xFF, 0x00, 0x02, 0xFF, 0xFE, 0x00, 0x00, 0x00, 0x00, 0x00, 0x00,
    0xA0, 0x00, 0x00, 0x00, 0x7D, 0x00, 0x00, 0x00, 0x1F, 0x40, 0x00, 0x00, 0x07, 0xD0, 0x00, 0x00,
    0x01, 0xF0, 0x00, 0x00, 0x2F, 0xFF, 0xFF, 0xD0, 0x0B, 0xFF, 0xFF, 0xF8, 0x00, 0x5B, 0xD5, 0x54,
    0x00, 0x01, 0xF8, 0x00, 0x00, 0x00, 0x7F, 0x40, 0x00, 0x00, 0x1F, 0xFF, 0xFE, 0x00, 0x07, 0xFF,
    0xAB, 0xF4, 0x01, 0xFD, 0x00, 0x1F, 0x00, 0x7F, 0x00, 0x02, 0xE0, 0x1F, 0xC0, 0x00, 0x38, 0x07,
    0xF0, 0x00, 0x1F, 0x01, 0xFD, 0x00, 0x1F, 0xC0, 0x3F, 0xFE, 0xFF, 0xE0, 0x0F, 0xFF, 0xFF, 0xF8,
    0x03, 0xFF, 0xFF, 0xFD, 0x00, 0x3F, 0xFF, 0xFF, 0x00, 0x01, 0x55, 0x54, 0x00, 0x0F, 0xFF, 0xFF,
    0xFF, 0xFF, 0xF0, 0x3F, 0xFF, 0xFF, 0xFF, 0xFF, 0xC0, 0xFF, 0xFF, 0xFF, 0xFF, 0xFF, 0x02, 0xFF,
    0x40, 0x00, 0x2F, 0xF8, 0x02, 0xFF, 0x00, 0x01, 0xFF, 0x80, 0x02, 0xFF, 0x00, 0x0F, 0xF8, 0x00,
    0x02, 0xFE, 0x00, 0xFF, 0x80, 0x00, 0x02, 0xFD, 0x0F, 0xF4, 0x00, 0x00, 0x02, 0xFC, 0xBF, 0x40,
    0x00, 0x00, 0x02, 0xFF, 0xF4, 0x00, 0x00, 0x00, 0xBF, 0xFF, 0xF9, 0x00, 0x00, 0x0F, 0xE7, 0xF9,
    0xFE, 0x00, 0x00, 0xFC, 0x0F, 0xD0, 0xBD, 0x00, 0x0B, 0xD0, 0x3F, 0x40, 0xFC, 0x00, 0x3F, 0x00,
    0xFD, 0x01, 0xF8, 0x01, 0xF4, 0x02, 0xF4, 0x03, 0xF0, 0x0B, 0xC0, 0x0B, 0xD0, 0x0B, 0xC0, 0x3F,
    0x00, 0x2F, 0x40, 0x1F, 0x41, 0xF8, 0x00, 0xBD, 0x00, 0x3F, 0x0B, 0xE0, 0x02, 0xF4, 0x00, 0xFC,
    0x3F, 0x40, 0x0F, 0xE0, 0x03, 0xF8, 0x2F, 0xFF, 0xFF, 0xFE, 0x0B, 0xFF, 0xFF, 0xFF, 0x80, 0xFD,
    0x00, 0x2F, 0xC0, 0x0F, 0xC0, 0x1F, 0xC0, 0x00, 0xFC, 0x0F, 0xC0, 0x00, 0x1F, 0x8F, 0xC0, 0x00,
    0x01, 0xFF, 0xC0, 0x00, 0x02, 0xFF, 0xF9, 0x00, 0x03, 0xD3, 0xD2, 0xD0, 0x01, 0xE0, 0xF4, 0x3C,
    0x00, 0xF0, 0x2D, 0x07, 0x80, 0x3C, 0x0B, 0x40, 0xF0, 0x2E, 0x02, 0xD0, 0x3C, 0x0F, 0x40, 0xB4,
    0x0B, 0x47, 0xC0, 0x3E, 0x02, 0xF0, 0x02, 0xFE, 0x40, 0x00, 0xFC, 0x03, 0xFF, 0xF8, 0x00, 0x3F,
    0x03, 0xF8, 0x3F, 0x80, 0x0F, 0xC0, 0xFC, 0x03, 0xF8, 0x07, 0xE0, 0x7F, 0x00, 0x3F, 0xEB, 0xF4,
    0x1F, 0x81, 0xBF, 0xFF, 0xF8, 0x06, 0x93, 0xFF, 0xFF, 0xF8, 0x00, 0x07, 0xFF, 0xFF, 0xFF, 0x40,
    0x03, 0xFE, 0x40, 0x6F, 0xF4, 0x03, 0xFD, 0x00, 0x00, 0xFF, 0x00, 0xFD, 0x00, 0x00, 0x1F, 0xD0,
    0xBF, 0x00, 0x00, 0x03, 0xF8, 0x3F, 0x80, 0x00, 0x00, 0xBF, 0x0F, 0xE0, 0x00, 0x00, 0x2F, 0xC3,
    0xF4, 0x00, 0x00, 0x07, 0xF0, 0xFD, 0x00, 0x00, 0x01, 0xFD, 0x3F, 0x80, 0x00, 0x00, 0x7F, 0x4F,
    0xE0, 0x00, 0x00, 0x2F, 0xC3, 0xFC, 0x00, 0x00, 0x0F, 0xF0, 0xFF, 0x40, 0x00, 0x07, 0xFC, 0x1F,
    0xF9, 0x00, 0x1B, 0xFD, 0x03, 0xFF, 0xFF, 0xFF, 0xFF, 0x00, 0x7F, 0xFF, 0xFF, 0xFF, 0x40, 0x0B,
    0xFF, 0xFF, 0xFF, 0x80, 0x00, 0xBF, 0xFF, 0xFF, 0x80, 0x00, 0x07, 0xFF, 0xFF, 0x40, 0x00, 0x00,
    0x06, 0xA4, 0x00, 0x00, 0x01, 0x90, 0x00, 0x64, 0x2F, 0xFC, 0x00, 0xB8, 0x3E, 0x1F, 0x40, 0xB4,
    0xBC, 0x0B, 0xD1, 0xF4, 0xBC, 0x07, 0xFF, 0xF0, 0xB8, 0xFF, 0xFF, 0xC0, 0x07, 0xFF, 0xFF, 0xE0,
    0x0F, 0xD0, 0x07, 0xF4, 0x2F, 0x00, 0x00, 0xFC, 0x3E, 0x00, 0x00, 0xBD, 0x7D, 0x00, 0x00, 0x7E,
    0x7D, 0x00, 0x00, 0x3E, 0xBD, 0x00, 0x00, 0x7E, 0x7E, 0x00, 0x00, 0x7E, 0x3F, 0x00, 0x00, 0xFD,
    0x3F, 0xE5, 0x5B, 0xFC, 0x1F, 0xFF, 0xFF, 0xF4, 0x0B, 0xFF, 0xFF, 0xF0, 0x01, 0xFF, 0xFF, 0x80,
    0x00, 0x2F, 0xF8, 0x00, 0x00, 0x00, 0x00, 0x00, 0x00, 0x00, 0x00, 0x00, 0x00, 0x00, 0x00, 0x00,
    0x00, 0x00, 0x00, 0x00, 0x00, 0x00, 0x00, 0x00, 0x00, 0x6F, 0xD0, 0x00, 0x00, 0x00, 0x00, 0x00,
    0x3F, 0xFD, 0x00, 0x00, 0x00, 0x00, 0x00, 0x0F, 0xFF, 0xC0, 0x00, 0x00, 0x00, 0x00, 0x03, 0xFF,
    0xF8, 0x00, 0x00, 0x00, 0x00, 0x00, 0xBF, 0xFF, 0x00, 0x00, 0x00, 0x00, 0x00, 0x0F, 0xFF, 0xE0,
    0x7F, 0x40, 0x00, 0x00, 0x02, 0xFF, 0x40, 0x03, 0xFC, 0x00, 0x00, 0x00, 0x3F, 0xC0, 0x00, 0x2F,
    0xC0, 0x00, 0x00, 0x07, 0xF8, 0x00, 0x01, 0xFE, 0x00, 0x00, 0x00, 0xFF, 0x00, 0x00, 0x0F, 0xF0,
    0x00, 0x00, 0x0F, 0xF0, 0x00, 0x00, 0xFF, 0x00, 0x00, 0x02, 0xFE, 0x00, 0x00, 0x07, 0xF8, 0x00,
    0x00, 0x3F, 0xC0, 0x00, 0x00, 0x3F, 0xC0, 0x00, 0x07, 0xFC, 0x00, 0x00, 0x03, 0xFD, 0x00, 0x00,
    0xFF, 0x80, 0x00, 0x00, 0x2F, 0xE0, 0x00, 0x0F, 0xF0, 0x00, 0x00, 0x00, 0xFF, 0x00, 0x02, 0xFF,
    0x00, 0x00, 0x00, 0x0F, 0xF4, 0x00, 0x3F, 0xE0, 0x00, 0x00, 0x00, 0xBF, 0xC0, 0x07, 0xFC, 0x00,
    0x00, 0x00, 0x07, 0xFC, 0x00, 0xFF, 0xC0, 0x00, 0x00, 0x00, 0x3F, 0xE0, 0x1F, 0xF8, 0x00, 0x00,
    0x00, 0x02, 0xFF, 0x02, 0xFF, 0x00, 0x00, 0x00, 0x00, 0x1F, 0xF4, 0x3F, 0xF0, 0x00, 0x00, 0x00,
    0x00, 0xFF, 0x87, 0xFE, 0x00, 0x00, 0x00, 0x00, 0x0B, 0xFF, 0xFF, 0xC0, 0x00, 0x00, 0x00, 0x00,
    0x7F, 0xFF, 0xFC, 0x00, 0x00, 0x00, 0x00, 0x03, 0xFF, 0xFF, 0x80, 0x00, 0x00, 0x00, 0x00, 0x2F,
    0xFF, 0xF4, 0x00, 0x00, 0x00, 0x00, 0x01, 0xFF, 0xFF, 0x00, 0x00, 0x00, 0x00, 0x00, 0x0F, 0xFF,
    0xE0, 0x00, 0x00, 0x00, 0x00, 0x00, 0xFF, 0xFD, 0x00, 0x00, 0x00, 0x00, 0x00, 0x00, 0x00, 0x00,
    0x00, 0x00, 0x00, 0x00, 0x0B, 0xC0, 0x00, 0x00, 0x00, 0xFE, 0x0F, 0x80, 0x00, 0x07, 0xF4, 0x2F,
    0x00, 0x00, 0x3F, 0x00, 0x7D, 0x00, 0x00, 0xFC, 0x00, 0xFC, 0x00, 0x07, 0xE0, 0x02, 0xF0, 0x00,
    0x2F, 0x00, 0x07, 0xE0, 0x00, 0xFC, 0x00, 0x0F, 0xC0, 0x0B, 0xE0, 0x00, 0x2F, 0x40, 0x3F, 0x00,
    0x00, 0x7E, 0x01, 0xFC, 0x00, 0x00, 0xFC, 0x0F, 0xE0, 0x00, 0x03, 0xF4, 0x3F, 0x00, 0x00, 0x07,
    0xF2, 0xFC, 0x00, 0x00, 0x0F, 0xFF, 0xE0, 0x00, 0x00, 0x3F, 0xFF, 0x00, 0x00, 0x00, 0x7F, 0xFC,
    0x00, 0x00, 0x00, 0xFF, 0xE0, 0x00, 0x00, 0x03, 0xFF, 0x00, 0x00, 0x00, 0x02, 0xE0, 0x00, 0x3E,
    0x00, 0x03, 0xE5, 0x55, 0x7E, 0xBF, 0xFF, 0xE0, 0x00, 0x3E, 0x00, 0x03, 0xE0, 0x00, 0x3E, 0x00,
    0x03, 0xE0, 0x00, 0x00, 0x00, 0x00, 0x00, 0x00, 0x02, 0xF0, 0x00, 0x00, 0x0B, 0xC5, 0x55, 0x55,
    0x7F, 0x7F, 0xFF, 0xFF, 0xFD, 0xFF, 0xFF, 0xFF, 0xF7, 0xF0, 0x00, 0x00, 0x1F, 0xC0, 0x00, 0x00,
    0x7F, 0x00, 0x00, 0x01, 0xFC, 0x00, 0x00, 0x07, 0xF0, 0x00, 0x00, 0x1F, 0xC0, 0x00, 0x00, 0x7F,
    0x00, 0x00, 0x01, 0xFC, 0x00, 0x00, 0x07, 0xF0, 0x00, 0x00, 0x1F, 0xD0, 0x00, 0x00, 0xBF, 0x40,
    0x00, 0x02, 0xFD, 0x00, 0x00, 0x0B, 0xF4, 0x00, 0x00, 0x2F, 0xD0, 0x00, 0x00, 0xBF, 0x80, 0x00,
    0x02, 0xFE, 0x00, 0x00, 0x0B, 0xF8, 0x00, 0x00, 0x2F, 0xE0, 0x00, 0x00, 0xBF, 0x80, 0x00, 0x00,
    0x00, 0x00, 0x06, 0x80, 0x00, 0x00, 0xBC, 0x00, 0x00, 0x0B, 0xC0, 0x00, 0x00, 0xBC, 0x7F, 0xFF,
    0xFF, 0xC7, 0xFF, 0xFF, 0xFC, 0x7E, 0x00, 0x00, 0x07, 0xE0, 0x00, 0x00, 0xBF, 0x00, 0x00, 0x0B,
    0xF0, 0x00, 0x00, 0xBF, 0x00, 0x00, 0x0B, 0xF0, 0x00, 0x00, 0xBF, 0x00, 0x00, 0x0B, 0xF0, 0x00,
    0x00, 0xBF, 0x00, 0x00, 0x0B, 0xF0, 0x00, 0x00, 0xBF, 0x40, 0x00, 0x0B, 0xF4, 0x00, 0x00, 0xBF,
    0x40, 0x00, 0x0B, 0xF8, 0x00, 0x00, 0x05, 0x55, 0x55, 0x54, 0x1F, 0xFF, 0xFF, 0xFE, 0x1F, 0xFF,
    0xFF, 0xFE, 0x1F, 0xC0, 0x00, 0x00, 0x1F, 0xC0, 0x00, 0x00, 0x1F, 0xC0, 0x00, 0x00, 0x1F, 0xC0,
    0x00, 0x00, 0x1F, 0xC0, 0x00, 0x00, 0xFF, 0xFF, 0xFF, 0xFD, 0xFF, 0xFF, 0xFF, 0xFD, 0xFF, 0xFF,
    0xFF, 0xFD, 0x1F, 0xC0, 0x00, 0x00, 0x1F, 0xC0, 0x00, 0x00, 0x2F, 0xD0, 0x00, 0x00, 0x2F, 0xD0,
    0x00, 0x00, 0x2F, 0xD0, 0x00, 0x00, 0x2F, 0xD0, 0x00, 0x00, 0x2F, 0xE0, 0x00, 0x00, 0x2F, 0xE0,
    0x00, 0x00, 0x2F, 0xE0, 0x00, 0x00, 0x2F, 0xE0, 0x00, 0x00, 0x2F, 0xE0, 0x00, 0x00, 0x0A, 0xAA,
    0xA8, 0x0F, 0xFF, 0xFD, 0x0F, 0x00, 0x00, 0x0F, 0x00, 0x00, 0x0F, 0x00, 0x00, 0x7F, 0xFF, 0xFC,
    0x7F, 0xFF, 0xFC, 0x1F, 0x40, 0x00, 0x1F, 0x40, 0x00, 0x1F, 0x40, 0x00, 0x1F, 0x40, 0x00, 0x1F,
    0x40, 0x00, 0x1F, 0x80, 0x00, 0x1F, 0x80, 0x00, 0x1F, 0x80, 0x00, 0x1F, 0xFF, 0xFF, 0xFF, 0x5F,
    0xFF, 0xFF, 0xFF, 0xD7, 0xFF, 0xFF, 0xFF, 0xF5, 0xF8, 0x00, 0x00, 0x00, 0x7E, 0x00, 0x00, 0x00,
    0x1F, 0x80, 0x00, 0x00, 0x07, 0xE0, 0x00, 0x00, 0x01, 0xF8, 0x00, 0x00, 0x00, 0x7F, 0x00, 0x00,
    0x00, 0x1F, 0xC0, 0x00, 0x00, 0x07, 0xF0, 0x00, 0x00, 0x01, 0xFD, 0xBF, 0xF8, 0x00, 0x7F, 0xFF,
    0xFF, 0xD0, 0x2F, 0xF8, 0x02, 0xFC, 0x0B, 0xF4, 0x00, 0x1F, 0xC2, 0xFC, 0x00, 0x03, 0xF0, 0xBE,
    0x00, 0x00, 0x7D, 0x2F, 0x80, 0x00, 0x0F, 0x4B, 0xD0, 0x00, 0x03, 0xD2, 0xF8, 0x00, 0x01, 0xF4,
    0xBE, 0x00, 0x00, 0xFC, 0x2F, 0x80, 0x0B, 0xFF, 0x0B, 0xF0, 0x03, 0xFF, 0x42, 0xFC, 0x00, 0xFE,
    0x00, 0x3F, 0xFF, 0x07, 0xFF, 0xF0, 0x78, 0x00, 0x07, 0x80, 0x00, 0x78, 0x00, 0x07, 0x80, 0x00,
    0x78, 0x10, 0x07, 0xFF, 0xF4, 0x7E, 0x03, 0xC7, 0x80, 0x0E, 0x78, 0x00, 0xB7, 0x40, 0x0B, 0xB4,
    0x00, 0xFB, 0x80, 0xFE, 0xB8, 0x0F, 0x80, 0x00, 0xFF, 0x00, 0x1F, 0xE0, 0x02, 0xFE, 0x00, 0x01,
    0xFE, 0x00, 0x3F, 0x80, 0x1F, 0xF0, 0x00, 0x03, 0xFD, 0x00, 0xFE, 0x00, 0xFF, 0x40, 0x00, 0x07,
    0xFC, 0x03, 0xF8, 0x07, 0xF8, 0x00, 0x00, 0x0B, 0xF4, 0x0F, 0xE0, 0x3F, 0xC0, 0x00, 0x00, 0x0F,
    0xF0, 0x3F, 0x82, 0xFE, 0x00, 0x00, 0x00, 0x1F, 0xE1, 0xFE, 0x1F, 0xF0, 0x00, 0x00, 0x00, 0x3F,
    0xD7, 0xFC, 0xFF, 0x40, 0x00, 0x00, 0x00, 0x7F, 0xDF, 0xF7, 0xFC, 0x00, 0x00, 0x00, 0x00, 0xBF,
    0xFF, 0xFF, 0xC0, 0x00, 0x00, 0x00, 0x00, 0xFF, 0xFF, 0xFE, 0x00, 0x00, 0x00, 0x00, 0x02, 0xFF,
    0xFF, 0xF0, 0x00, 0x00, 0x00, 0x00, 0x03, 0xFF, 0xFF, 0x40, 0x00, 0x00, 0x00, 0x00, 0x0B, 0xFF,
    0xFC, 0x00, 0x00, 0x00, 0x00, 0x00, 0x7F, 0xFF, 0xFC, 0x00, 0x00, 0x00, 0x00, 0x07, 0xFF, 0xFF,
    0xFC, 0x00, 0x00, 0x00, 0x00, 0x7F, 0xFF, 0xFF, 0xF8, 0x00, 0x00, 0x00, 0x07, 0xFF, 0xFF, 0xFF,
    0xF8, 0x00, 0x00, 0x00, 0x7F, 0xFF, 0xFF, 0xFF, 0xF8, 0x00, 0x00, 0x07, 0xFF, 0xEF, 0xFF, 0xBF,
    0xF8, 0x00, 0x00, 0x3F, 0xFD, 0x7F, 0xFC, 0xFF, 0xF8, 0x00, 0x03, 0xFF, 0xE2, 0xFF, 0xF1, 0xFF,
    0xF8, 0x00, 0x3F, 0xFF, 0x0B, 0xFF, 0xC2, 0xFF, 0xF8, 0x03, 0xFF, 0xF4, 0x2F, 0xFF, 0x03, 0xFF,
    0xF8, 0x3F, 0xFF, 0x80, 0xFF, 0xFC, 0x03, 0xFF, 0xF4, 0x00, 0x00, 0x00, 0x00, 0x00, 0x00, 0x0F,
    0x00, 0x00, 0x00, 0x00, 0x00, 0x00, 0x00, 0x3C, 0x00, 0x00, 0x00, 0x00, 0x00, 0x00, 0x00, 0xF0,
    0x00, 0x00, 0x00, 0x00, 0x00, 0x00, 0x03, 0xC0, 0x00, 0x00, 0x00, 0x00, 0x00, 0x00, 0x3E, 0x02,
    0xF0, 0x0F, 0xC0, 0x02, 0xF4, 0x1F, 0x02, 0xF4, 0x00, 0x0F, 0xC1, 0xF0, 0x3E, 0x00, 0x00, 0x7E,
    0x1F, 0x0F, 0xC0, 0x00, 0x02, 0xF2, 0xF1, 0xF4, 0x00, 0x00, 0x0F, 0xAF, 0x7F, 0x00, 0x00, 0x00,
    0xBF, 0xFF, 0xC0, 0x00, 0x00, 0x03, 0xFF, 0xF8, 0x00, 0x00, 0x00, 0x1F, 0xFF, 0x00, 0x00, 0x00,
    0x01, 0xFF, 0xF0, 0x00, 0x00, 0x00, 0x7F, 0xFF, 0xC0, 0x00, 0x00, 0x1F, 0xFF, 0xFF, 0x00, 0x00,
    0x07, 0xFF, 0xFF, 0xFC, 0x00, 0x00, 0xFF, 0xBF, 0xEF, 0xF0, 0x00, 0x3F, 0xE7, 0xFC, 0xFF, 0xC0,
    0x0F, 0xFC, 0x7F, 0xC3, 0xFF, 0x03, 0xFF, 0x0B, 0xFC, 0x1F, 0xFC, 0x00, 0x00, 0x00, 0x00, 0x07,
    0x00, 0x00, 0x00, 0x00, 0x00, 0x70, 0x00, 0x00, 0x00, 0x00, 0x06, 0x00, 0x06, 0xFF, 0xE4, 0x00,
    0xFF, 0xFF, 0xFC, 0x03, 0xFA, 0xAF, 0xFC, 0x00, 0x00, 0x03, 0xF8, 0x00, 0x00, 0x03, 0xF0, 0x00,
    0x00, 0x0F, 0xC0, 0x00, 0x00, 0x3F, 0x00, 0x00, 0x02, 0xF8, 0x00, 0x55, 0xBF, 0xC0, 0x0F, 0xFF,
    0xF8, 0x00, 0x2F, 0xFF, 0xE0, 0x00, 0x00, 0x1B, 0xF0, 0x00, 0x00, 0x07, 0xF0, 0x00, 0x00, 0x0B,
    0xD0, 0x00, 0x00, 0x1F, 0x40, 0x00, 0x00, 0xBD, 0x00, 0x00, 0x03, 0xF5, 0xE4, 0x00, 0xBF, 0xC7,
    0xFF, 0xFF, 0xFF, 0x1F, 0xFF, 0xFF, 0xF0, 0x7F, 0xFF, 0xFF, 0x00, 0x1B, 0xFF, 0x90, 0x00, 0x02,
    0xE0, 0x00, 0x00, 0x0B, 0x80, 0x00, 0x00, 0x2E, 0x00, 0x00, 0x00, 0x50, 0x00, 0x7F, 0xFD, 0x01,
    0x40, 0x2D, 0x00, 0x00, 0x3C, 0x00, 0x00, 0x70, 0x00, 0x02, 0xC0, 0x00, 0x2D, 0x00, 0xFF, 0xD0,
    0x02, 0xAF, 0x80, 0x00, 0x0B, 0xC0, 0x00, 0x0F, 0x00, 0x00, 0x3D, 0x00, 0x02, 0xF0, 0xFF, 0xFF,
    0xC3, 0xFF, 0xFC, 0x0F, 0xFF, 0x40, 0x0C, 0x00, 0x00, 0xBE, 0x40, 0x00, 0x07, 0x00, 0x00, 0x0D,
    0x00, 0x00, 0x74, 0x00, 0xFF, 0x80, 0x02, 0xA4, 0x00, 0x00, 0x07, 0xF0, 0x01, 0xFF, 0x00, 0x07,
    0xF0, 0x03, 0xFD, 0x00, 0x0B, 0xF0, 0x0B, 0xF8, 0x00, 0x0B, 0xF0, 0x0F, 0xF0, 0x00, 0x0F, 0xF0,
    0x2F, 0xD0, 0x00, 0x0F, 0xE0, 0x7F, 0xC0, 0x00, 0x0F, 0xE0, 0xFF, 0x40, 0x00, 0x0F, 0xE2, 0xFE,
    0x00, 0x00, 0x0F, 0xE3, 0xFC, 0x00, 0x00, 0x0F, 0xDB, 0xF4, 0x00, 0x00, 0x1F, 0xEF, 0xF0, 0x00,
    0x00, 0x1F, 0xFF, 0xD0, 0x00, 0x00, 0x1F, 0xFF, 0x80, 0x00, 0x00, 0x2F, 0xFF, 0x40, 0x00, 0x00,
    0x2F, 0xFF, 0xC0, 0x00, 0x00, 0x2F, 0xFF, 0xF0, 0x00, 0x00, 0x3F, 0xFF, 0xFC, 0x00, 0x00, 0x3F,
    0xCF, 0xFF, 0x00, 0x00, 0x3F, 0xC3, 0xFF, 0xC0, 0x00, 0x3F, 0xC1, 0xFF, 0xF0, 0x00, 0x3F, 0xC0,
    0xBF, 0xFC, 0x00, 0x3F, 0xC0, 0x3F, 0xFF, 0x00, 0x7F, 0xC0, 0x0F, 0xFF, 0xC0, 0x7F, 0xC0, 0x07,
    0xFF, 0xF4, 0x7F, 0x80, 0x02, 0xFF, 0xFD, 0x00, 0x00, 0x00, 0x00, 0x2D, 0x00, 0x00, 0x00, 0x00,
    0x2D, 0x00, 0x00, 0x00, 0x00, 0x2D, 0x00, 0x00, 0x00, 0x00, 0x14, 0x00, 0x00, 0x00, 0x00, 0xF0,
    0x0F, 0xC0, 0x1F, 0x02, 0xF0, 0x01, 0xF0, 0x7E, 0x00, 0x1F, 0x0F, 0xC0, 0x02, 0xF1, 0xF4, 0x00,
    0x2F, 0x3F, 0x00, 0x02, 0xFB, 0xC0, 0x00, 0x3F, 0xF8, 0x00, 0x03, 0xFF, 0x00, 0x00, 0x3F, 0xF0,
    0x00, 0x03, 0xFF, 0xC0, 0x00, 0x3E, 0xFF, 0x00, 0x03, 0xE7, 0xFC, 0x00, 0x7E, 0x2F, 0xF0, 0x07,
    0xD0, 0xFF, 0xC0, 0x7D, 0x03, 0xFF, 0x0B, 0xD0, 0x1F, 0xFD, 0x00, 0x00, 0x00, 0xD0, 0x00, 0x00,
    0x0D, 0x00, 0x00, 0x00, 0x40, 0x0B, 0xC0, 0x00, 0x03, 0xF8, 0x00, 0xBC, 0x00, 0x00, 0x7F, 0x00,
    0x0F, 0xC0, 0x00, 0x0F, 0xE0, 0x00, 0xFC, 0x00, 0x02, 0xFC, 0x00, 0x0F, 0xCA, 0x80, 0x3F, 0x40,
    0x00, 0xFC, 0xFD, 0x0B, 0xF0, 0x00, 0x0F, 0x8F, 0xD1, 0xFC, 0x00, 0x01, 0xF8, 0xFD, 0x3F, 0x80,
    0x00, 0x1F, 0x8F, 0xD7, 0xF0, 0x00, 0x01, 0xF8, 0xFD, 0xFD, 0x00, 0x00, 0x2F, 0x9F, 0xFF, 0x80,
    0x00, 0x02, 0xFF, 0xFF, 0xF0, 0x00, 0x00, 0x2F, 0xFF, 0xFF, 0x80, 0x00, 0x03, 0xF9, 0xFE, 0xFE,
    0x00, 0x00, 0x3F, 0x9F, 0xDB, 0xF8, 0x00, 0x03, 0xF5, 0xFD, 0x3F, 0xF0, 0x00, 0x3F, 0x5F, 0xD0,
    0xFF, 0xC0, 0x03, 0xF5, 0xFD, 0x07, 0xFF, 0x00, 0x7F, 0x6F, 0xD0, 0x3F, 0xFC, 0x07, 0xF4, 0x00,
    0x00, 0xFF, 0xF0, 0x7F, 0x40, 0x00, 0x07, 0xFF, 0xD0, 0x0E, 0x00, 0x02, 0xF0, 0x03, 0xC0, 0x01,
    0xF4, 0x00, 0xF0, 0x00, 0xFC, 0x00, 0x7C, 0xF0, 0x7C, 0x00, 0x1E, 0x7C, 0x3D, 0x00, 0x0B, 0x9F,
    0x2F, 0x00, 0x02, 0xE7, 0xDF, 0x00, 0x00, 0xBE, 0xFF, 0x80, 0x00, 0x3F, 0xFF, 0xD0, 0x00, 0x0F,
    0xAF, 0xBD, 0x00, 0x03, 0xEB, 0xCF, 0xE0, 0x00, 0xF6, 0xF0, 0xFE, 0x00, 0x3D, 0xBC, 0x1F, 0xE0,
    0x1F, 0x6A, 0x02, 0xFE, 0x07, 0xD0, 0x00, 0x3F, 0xF0, 0x01, 0xFC, 0x00, 0x7F, 0xC0, 0x00, 0x7F,
    0x00, 0x3F, 0xD0, 0x07, 0xFF, 0xFE, 0x1F, 0xE0, 0x00, 0xAF, 0xFA, 0x4F, 0xF0, 0x00, 0x02, 0xFC,
    0x0B, 0xF8, 0x00, 0x00, 0xFF, 0x07, 0xFC, 0x00, 0x00, 0x3F, 0x83, 0xFD, 0x00, 0x00, 0x0F, 0xE1,
    0xFE, 0x00, 0x00, 0x03, 0xF8, 0xFF, 0x00, 0x00, 0x00, 0xFE, 0xBF, 0x80, 0x00, 0x00, 0x3F, 0xFF,
    0xC0, 0x00, 0x00, 0x1F, 0xFF, 0xD0, 0x00, 0x00, 0x07, 0xFF, 0xE0, 0x00, 0x00, 0x01, 0xFF, 0xF4,
    0x00, 0x00, 0x00, 0xBF, 0xFF, 0x40, 0x00, 0x00, 0x2F, 0xFF, 0xF0, 0x00, 0x00, 0x0B, 0xFF, 0xFF,
    0x00, 0x00, 0x03, 0xFC, 0xFF, 0xF0, 0x00, 0x00, 0xFF, 0x0F, 0xFF, 0x00, 0x00, 0x3F, 0xC1, 0xFF,
    0xF0, 0x00, 0x0F, 0xF0, 0x2F, 0xFF, 0x00, 0x03, 0xFC, 0x03, 0xFF, 0xF0, 0x01, 0xFF, 0x00, 0x3F,
    0xFF, 0x00, 0x7F, 0xC0, 0x07, 0xFF, 0xF0, 0x1F, 0xF0, 0x00, 0xBF, 0xFF, 0x00, 0x00, 0x7E, 0x00,
    0x00, 0x00, 0x01, 0xF8, 0x00, 0x00, 0x05, 0x5B, 0xE5, 0x40, 0x00, 0x3F, 0xFF, 0xFF, 0x00, 0x00,
    0xFF, 0xFF, 0xFC, 0x00, 0x00, 0x02, 0xF4, 0x00, 0x00, 0x00, 0x0B, 0xD0, 0x00, 0x00, 0x00, 0x2F,
    0x00, 0x00, 0x00, 0x00, 0xFC, 0x0B, 0xF0, 0x00, 0x03, 0xF0, 0x7F, 0x00, 0x00, 0x0F, 0xC3, 0xF4,
    0x00, 0x00, 0x3F, 0x3F, 0x80, 0x00, 0x00, 0xFE, 0xF8, 0x00, 0x00, 0x03, 0xFF, 0xC0, 0x00, 0x00,
    0x0F, 0xFE, 0x00, 0x00, 0x00, 0x3F, 0xFD, 0x00, 0x00, 0x00, 0xFF, 0xFD, 0x00, 0x00, 0x07, 0xF3,
    0xFE, 0x00, 0x00, 0x1F, 0xC3, 0xFE, 0x00, 0x00, 0x7F, 0x07, 0xFE, 0x00, 0x01, 0xFC, 0x0B, 0xFE,
    0x00, 0x07, 0xF0, 0x0F, 0xFE, 0x00, 0x2F, 0xC0, 0x0F, 0xFE, 0x00, 0xFF, 0xFF, 0xFF, 0xC0, 0x07,
    0xFC, 0x03, 0xFF, 0xFF, 0xFF, 0x00, 0x3F, 0xD0, 0x0F, 0xFF, 0xFF, 0xFC, 0x01, 0xFE, 0x00, 0x00,
    0x00, 0x0B, 0xF0, 0x0F, 0xF0, 0x00, 0x00, 0x00, 0x2F, 0xC0, 0xBF, 0x80, 0x00, 0x00, 0x00, 0xFF,
    0x07, 0xFC, 0x00, 0x00, 0x00, 0x03, 0xF8, 0x3F, 0xD0, 0x00, 0x00, 0x00, 0x0F, 0xE1, 0xFE, 0x00,
    0x00, 0x00, 0x00, 0x3F, 0x8F, 0xF0, 0x00, 0x00, 0x00, 0x00, 0xFE, 0xBF, 0x80, 0x00, 0x00, 0x00,
    0x03, 0xFF, 0xFC, 0x00, 0x00, 0x00, 0x00, 0x1F, 0xFF, 0xD0, 0x00, 0x00, 0x00, 0x00, 0x7F, 0xFE,
    0x00, 0x00, 0x00, 0x00, 0x01, 0xFF, 0xF4, 0x00, 0x00, 0x00, 0x00, 0x0B, 0xFF, 0xF4, 0x00, 0x00,
    0x00, 0x00, 0x2F, 0xFF, 0xF0, 0x00, 0x00, 0x00, 0x00, 0xBF, 0xFF, 0xF0, 0x00, 0x00, 0x00, 0x03,
    0xFC, 0xFF, 0xF0, 0x00, 0x00, 0x00, 0x0F, 0xF0, 0xFF, 0xF0, 0x00, 0x00, 0x00, 0x3F, 0xC1, 0xFF,
    0xF0, 0x00, 0x00, 0x00, 0xFF, 0x02, 0xFF, 0xF0, 0x00, 0x00, 0x03, 0xFC, 0x03, 0xFF, 0xF0, 0x00,
    0x00, 0x1F, 0xF0, 0x03, 0xFF, 0xF0, 0x00, 0x00, 0x7F, 0xC0, 0x07, 0xFF, 0xF0, 0x00, 0x01, 0xFF,
    0x00, 0x0B, 0xFF, 0xF0, 0x00, 0x00, 0x00, 0x00, 0x01, 0xFF, 0xFF, 0x80, 0xBC, 0x07, 0xFF, 0xFE,
    0x07, 0xE0, 0x00, 0x00, 0xF4, 0x3F, 0x00, 0x00, 0x03, 0xD2, 0xF4, 0x00, 0x00, 0x0F, 0x4F, 0xC0,
    0x00, 0x00, 0x3C, 0xBC, 0x00, 0x00, 0x01, 0xFB, 0xE0, 0x00, 0x00, 0x07, 0xFF, 0x00, 0x00, 0x00,
    0x1F, 0xF4, 0x00, 0x00, 0x00, 0xBF, 0xD0, 0x00, 0x00, 0x02, 0xFF, 0xD0, 0x00, 0x00, 0x0F, 0xEF,
    0xD0, 0x00, 0x00, 0x3F, 0x3F, 0xD0, 0x00, 0x00, 0xFC, 0x3F, 0xD0, 0x00, 0x03, 0xF0, 0x7F, 0xC0,
    0x00, 0x0F, 0xC0, 0xBF, 0xC0, 0x00, 0x3E, 0x00, 0xFF, 0xC0, 0x1A, 0x40, 0x00, 0x00, 0x69, 0x03,
    0xF8, 0x00, 0x00, 0x0F, 0xE0, 0x3F, 0x80, 0x00, 0x00, 0xFE, 0x03, 0xF8, 0x00, 0x00, 0x0F, 0xF0,
    0x3F, 0x80, 0x00, 0x00, 0xFF, 0x03, 0xFC, 0x00, 0x00, 0x0F, 0xF0, 0x3F, 0xC0, 0x00, 0x00, 0xFF,
    0x03, 0xFC, 0x00, 0x00, 0x0F, 0xF0, 0x3F, 0xC0, 0x00, 0x00, 0xFF, 0x03, 0xFC, 0x00, 0x00, 0x0F,
    0xF0, 0x3F, 0xC0, 0x00, 0x00, 0xFF, 0x03, 0xFC, 0x00, 0x00, 0x0F, 0xF0, 0x3F, 0xC0, 0x00, 0x00,
    0xFF, 0x03, 0xFE, 0x55, 0x55, 0x6F, 0xF0, 0x3F, 0xFF, 0xFF, 0xFF, 0xFF, 0x03, 0xFF, 0xFF, 0xFF,
    0xFF, 0xF4, 0x7F, 0xFF, 0xFF, 0xFF, 0xFF, 0x47, 0xFF, 0xFF, 0xFF, 0xFF, 0xF4, 0x7F, 0xFF, 0xFF,
    0xFF, 0xFF, 0x47, 0xFD, 0x00, 0x00, 0x1F, 0xF4, 0x7F, 0xD0, 0x00, 0x01, 0xFF, 0x47, 0xFD, 0x00,
    0x00, 0x1F, 0xF8, 0x7F, 0xD0, 0x00, 0x02, 0xFF, 0x87, 0xFD, 0x00, 0x00, 0x2F, 0xFD, 0x7F, 0xD0,
    0x00, 0x02, 0xFF, 0xD0, 0x00, 0x00, 0x00, 0x00, 0x3D, 0x00, 0x00, 0x00, 0x00, 0x03, 0xD0, 0x00,
    0x00, 0x00, 0x00, 0x3D, 0x3D, 0x00, 0x03, 0xE0, 0xF4, 0x00, 0x0F, 0x83, 0xD0, 0x00, 0x3E, 0x0F,
    0x40, 0x00, 0xFC, 0x7D, 0x00, 0x03, 0xF1, 0xF4, 0x00, 0x0F, 0xC7, 0xD0, 0x00, 0x3F, 0x1F, 0x80,
    0x00, 0xFC, 0x7E, 0x00, 0x03, 0xF1, 0xFF, 0xFF, 0xFF, 0xC7, 0xFF, 0xFF, 0xFF, 0x1F, 0xFF, 0xFF,
    0xFC, 0x7F, 0xFF, 0xFF, 0xF1, 0xFC, 0x00, 0x0F, 0xCB, 0xF0, 0x00, 0x3F, 0x2F, 0xC0, 0x00, 0xFD,
    0xBF, 0x00, 0x07, 0xFC, 0x00, 0x00, 0x00, 0xB0, 0x00, 0x00, 0x02, 0xC0, 0x00, 0x00, 0x00, 0x00,
    0x00, 0x00, 0x00, 0x00, 0x00, 0x00, 0x03, 0xF8, 0x00, 0x00, 0x0F, 0xFF, 0xFF, 0xFE, 0x3F, 0x80,
    0x00, 0x00, 0xFF, 0xFF, 0xFF, 0xE3, 0xF8, 0x00, 0x00, 0x0F, 0xFF, 0xFF, 0xFE, 0x3F, 0x80, 0x00,
    0x00, 0xFF, 0x00, 0x00, 0x03, 0xFC, 0x00, 0x00, 0x0F, 0xF0, 0x00, 0x00, 0x3F, 0xC0, 0x00, 0x00,
    0xFF, 0x00, 0x00, 0x03, 0xFC, 0x00, 0x00, 0x0F, 0xF0, 0x00, 0x00, 0x3F, 0xC0, 0x00, 0x00, 0xFF,
    0x00, 0x00, 0x03, 0xFC, 0x00, 0x00, 0x0F, 0xF0, 0x00, 0x00, 0x3F, 0xC0, 0x00, 0x00, 0xFF, 0x00,
    0x00, 0x03, 0xFC, 0x00, 0x00, 0x0F, 0xF0, 0x00, 0x00, 0x3F, 0xC0, 0x00, 0x00, 0xFF, 0x00, 0x00,
    0x03, 0xFC, 0x00, 0x00, 0x0F, 0xF0, 0x00, 0x00, 0x3F, 0xE5, 0x55, 0x56, 0xFF, 0x00, 0x00, 0x03,
    0xFF, 0xFF, 0xFF, 0xFF, 0xF4, 0x00, 0x00, 0x3F, 0xFF, 0xFF, 0xFF, 0xFF, 0x40, 0x00, 0x03, 0xFF,
    0xFF, 0xFF, 0xFF, 0xF4, 0x00, 0x00, 0x7F, 0xFF, 0xFF, 0xFF, 0xFF, 0x40, 0x00, 0x07, 0xFF, 0xFF,
    0xFF, 0xFF, 0xF4, 0x00, 0x00, 0x7F, 0xD0, 0x00, 0x01, 0xFF, 0x40, 0x00, 0x07, 0xFD, 0x00, 0x00,
    0x1F, 0xF8, 0x00, 0x00, 0x7F, 0xD0, 0x00, 0x01, 0xFF, 0x80, 0x00, 0x07, 0xFD, 0x00, 0x00, 0x1F,
    0xF8, 0x00, 0x00, 0x7F, 0xD0, 0x00, 0x02, 0xFF, 0x80, 0x00, 0x07, 0xFE, 0x00, 0x00, 0x2F, 0xF8,
    0x00, 0x00, 0x2E, 0x00, 0x01, 0xFF, 0xFF, 0xCF, 0x80, 0x00, 0x7F, 0xFF, 0xF3, 0xE0, 0x00, 0x1F,
    0x00, 0x00, 0xF8, 0x00, 0x0B, 0xC0, 0x00, 0x3F, 0x00, 0x02, 0xF0, 0x00, 0x0F, 0xC0, 0x00, 0xBC,
    0x00, 0x03, 0xF0, 0x00, 0x2F, 0x40, 0x00, 0xFC, 0x00, 0x0B, 0xD0, 0x00, 0x3F, 0x00, 0x02, 0xF4,
    0x00, 0x0F, 0xFF, 0xFF, 0xFD, 0x00, 0x03, 0xFF, 0xFF, 0xFF, 0x40, 0x00, 0xFF, 0xFF, 0xFF, 0xD0,
    0x00, 0x3F, 0xFF, 0xFF, 0xF8, 0x00, 0x0F, 0xC0, 0x00, 0xFE, 0x00, 0x03, 0xF0, 0x00, 0x3F, 0x80,
    0x00, 0xFC, 0x00, 0x0F, 0xE0, 0x00, 0x3F, 0x00, 0x03, 0xF8, 0x00, 0x00, 0x00, 0x00, 0x00, 0x00,
    0x00, 0x00, 0x00, 0x7F, 0xFF, 0xFF, 0xFE, 0x00, 0x00, 0x00, 0x7F, 0xFF, 0xFF, 0xFE, 0x00, 0x00,
    0x00, 0x7F, 0xFF, 0xFF, 0xFF, 0x00, 0x00, 0x00, 0x7E, 0x00, 0x00, 0xBF, 0x00, 0x00, 0x00, 0x7E,
    0x00, 0x00, 0xBF, 0x00, 0x00, 0x00, 0x7E, 0x00, 0x00, 0xBF, 0x00, 0x00, 0x00, 0x7E, 0x00, 0x00,
    0xBF, 0x00, 0x00, 0x00, 0x7E, 0x00, 0x00, 0xBF, 0x00, 0x00, 0x00, 0x7E, 0x00, 0x00, 0xBF, 0x00,
    0x00, 0x00, 0x7F, 0x00, 0x00, 0xBF, 0x00, 0x00, 0x00, 0x7F, 0x00, 0x00, 0xBF, 0xAF, 0xFE, 0x00,
    0x7F, 0x00, 0x00, 0xBF, 0xFF, 0xFF, 0xD0, 0x7F, 0x00, 0x00, 0xBF, 0xE4, 0x07, 0xF4, 0x7F, 0x00,
    0x00, 0xBF, 0x80, 0x00, 0xFC, 0x7F, 0x00, 0x00, 0xBF, 0x00, 0x00, 0x7D, 0x7F, 0x00, 0x00, 0xBF,
    0x00, 0x00, 0x3E, 0x7F, 0x00, 0x00, 0xBF, 0x00, 0x00, 0x3F, 0x7F, 0x00, 0x00, 0xFF, 0x00, 0x00,
    0x3F, 0x7F, 0x00, 0x00, 0xFF, 0x00, 0x00, 0x3E, 0x7F, 0x00, 0x00, 0xFF, 0x00, 0x00, 0xBE, 0x7F,
    0x00, 0x00, 0xFF, 0x00, 0x1F, 0xFC, 0x7F, 0x00, 0x00, 0xFF, 0x00, 0x2F, 0xF8, 0x7F, 0x00, 0x00,
    0xFF, 0x00, 0x2F, 0x90, 0x00, 0x00, 0x00, 0x00, 0x00, 0x00, 0x02, 0xFF, 0xFF, 0xFF, 0xF0, 0x00,
    0x00, 0x0B, 0xFF, 0xFF, 0xFF, 0xC0, 0x00, 0x00, 0x2F, 0x40, 0x00, 0x3F, 0x00, 0x00, 0x00, 0xBE,
    0x00, 0x00, 0xFC, 0x00, 0x00, 0x02, 0xF8, 0x00, 0x03, 0xF0, 0x00, 0x00, 0x0B, 0xE0, 0x00, 0x0F,
    0xC0, 0x00, 0x00, 0x2F, 0x80, 0x00, 0x3F, 0x00, 0x00, 0x00, 0xBE, 0x00, 0x01, 0xFC, 0x00, 0x00,
    0x02, 0xF8, 0x00, 0x07, 0xF0, 0x00, 0x00, 0x0B, 0xE0, 0x00, 0x1F, 0xC0, 0x00, 0x00, 0x2F, 0x80,
    0x00, 0x7F, 0x00, 0x00, 0x00, 0xBE, 0x00, 0x01, 0xFC, 0x00, 0x00, 0x02, 0xF8, 0x00, 0x07, 0xF6,
    0xFF, 0xE0, 0x0B, 0xE0, 0x00, 0x1F, 0xFF, 0xFF, 0xF4, 0x2F, 0x80, 0x00, 0x7F, 0xE0, 0x0B, 0xF0,
    0x69, 0x00, 0x01, 0xFE, 0x00, 0x07, 0xF0, 0x00, 0x00, 0x07, 0xF0, 0x00, 0x0B, 0xC0, 0x00, 0x00,
    0x1F, 0xC0, 0x00, 0x1F, 0x40, 0x00, 0x00, 0x7E, 0x00, 0x00, 0x3E, 0x00, 0x00, 0x01, 0xF8, 0x00,
    0x00, 0xF8, 0x00, 0x00, 0x07, 0xE0, 0x00, 0x03, 0xE0, 0x00, 0x00, 0x1F, 0x80, 0x00, 0x2F, 0x40,
    0x00, 0x00, 0xBE, 0x00, 0x1B, 0xFC, 0x00, 0x00, 0x02, 0xFC, 0x00, 0xFF, 0xE0, 0x00, 0x00, 0x0B,
    0xF0, 0x03, 0xFE, 0x00, 0x00, 0x00, 0x05, 0x40, 0x05, 0x00, 0x00, 0x00, 0x00, 0x00, 0x00, 0x00,
    0x00, 0x00, 0x00, 0x00, 0x7F, 0x40, 0x00, 0x00, 0x00, 0x00, 0x01, 0xFF, 0xD0, 0x00, 0x00, 0x00,
    0x00, 0x02, 0xFF, 0xF4, 0x00, 0x00, 0x00, 0x00, 0x02, 0xFF, 0xD4, 0x00, 0x00, 0x00, 0x00, 0x00,
    0xFF, 0x00, 0x00, 0x00, 0x00, 0x00, 0x00, 0xFF, 0x00, 0x00, 0x1F, 0xFE, 0x40, 0x00, 0x3F, 0x00,
    0x00, 0x3F, 0xFF, 0xF4, 0x00, 0x2F, 0x80, 0x00, 0x3F, 0x40, 0x7F, 0x00, 0x0F, 0xD0, 0x00, 0x3F,
    0x00, 0x03, 0xE0, 0x03, 0xF0, 0x00, 0x1F, 0x00, 0x00, 0xB8, 0x00, 0xFC, 0x00, 0x0F, 0x80, 0x00,
    0x2E, 0x00, 0x7E, 0x00, 0x03, 0xD0, 0x00, 0x0F, 0x80, 0x1F, 0x80, 0x01, 0xF4, 0x00, 0x07, 0xD0,
    0x07, 0xE0, 0x00, 0x7D, 0x00, 0x03, 0xF0, 0x01, 0xF8, 0x00, 0x1F, 0x40, 0x03, 0xF8, 0x00, 0x7F,
    0x00, 0x07, 0xE0, 0x02, 0xFC, 0x00, 0x1F, 0xC0, 0x01, 0xFC, 0x03, 0xFE, 0x00, 0x03, 0xFC, 0x00,
    0x3F, 0x87, 0xFF, 0x00, 0x40, 0xBF, 0x80, 0x0B, 0xFF, 0xFF, 0x02, 0xF0, 0x1F, 0xFD, 0x41, 0xFF,
    0xFF, 0xEF, 0xFE, 0x02, 0xFF, 0xFF, 0xFF, 0xFF, 0xFF, 0xFF, 0xC0, 0x3F, 0xFF, 0xFF, 0xFF, 0xFF,
    0xFF, 0x40, 0x02, 0xFF, 0xFF, 0xFF, 0xFF, 0xF8, 0x00, 0x00, 0x06, 0xFF, 0xE4, 0x00, 0x00, 0x00,
    0x00, 0x00, 0x01, 0x80, 0x00, 0x00, 0x00, 0x00, 0xFF, 0x00, 0x00, 0x00, 0x00, 0x1F, 0xFC, 0x00,
    0x00, 0x00, 0x00, 0xFE, 0x40, 0x00, 0x00, 0x00, 0x0B, 0xD0, 0x00, 0x1A, 0x90, 0x00, 0x3E, 0x00,
    0x07, 0xFF, 0xE0, 0x01, 0xF0, 0x00, 0xBD, 0x07, 0xD0, 0x0F, 0x80, 0x03, 0xC0, 0x03, 0x80, 0x3E,
    0x00, 0x2D, 0x00, 0x0F, 0x00, 0xF4, 0x00, 0xF0, 0x00, 0x38, 0x03, 0xD0, 0x03, 0xC0, 0x02, 0xE0,
    0x0F, 0x40, 0x1F, 0x00, 0x1F, 0x00, 0x3D, 0x00, 0x7C, 0x00, 0xFC, 0x00, 0xFC, 0x00, 0xF4, 0x0F,
    0xD0, 0x03, 0xF4, 0x03, 0xF1, 0xFE, 0x00, 0x07, 0xF9, 0x07, 0xFF, 0xF0, 0xBC, 0x0F, 0xFF, 0xFF,
    0xFF, 0xFF, 0xF4, 0x0F, 0xFF, 0xFF, 0xFF, 0xFF, 0x40, 0x06, 0xFF, 0xE7, 0xFF, 0x90, 0x00, 0x00,
    0x00, 0x00, 0x00, 0x00, 0x00, 0x00, 0x00, 0x00, 0x00, 0x00, 0x00, 0x01, 0xBF, 0xF9, 0x00, 0x00,
    0x6F, 0xFF, 0xFE, 0x00, 0x02, 0xFF, 0xFF, 0xFD, 0x00, 0x0F, 0xFF, 0x95, 0x68, 0x00, 0x3F, 0xF4,
    0x00, 0x00, 0x00, 0xFF, 0xC0, 0x00, 0x00, 0x01, 0xFF, 0x00, 0x00, 0x00, 0x03, 0xFD, 0x00, 0x00,
    0x00, 0x07, 0xF8, 0x00, 0x00, 0x00, 0x0B, 0xF0, 0x00, 0x00, 0x00, 0x0F, 0xF0, 0x00, 0x00, 0x00,
    0x0F, 0xE0, 0x00, 0x00, 0x00, 0x1F, 0xE0, 0x00, 0x00, 0x00, 0x1F, 0xE0, 0x00, 0x00, 0x00, 0x1F,
    0xF0, 0x00, 0x00, 0x00, 0x1F, 0xF0, 0x00, 0x00, 0x00, 0x1F, 0xFC, 0x00, 0x00, 0x00, 0x0F, 0xFF,
    0x00, 0x00, 0x00, 0x0F, 0xFF, 0xE4, 0x00, 0x6E, 0x0B, 0xFF, 0xFF, 0xFF, 0xFE, 0x03, 0xFF, 0xFF,
    0xFF, 0xFE, 0x01, 0xFF, 0xFF, 0xFF, 0xFE, 0x00, 0xBF, 0xFF, 0xFF, 0xFE, 0x00, 0x1F, 0xFF, 0xFF,
    0xFE, 0x00, 0x01, 0xBF, 0xFF, 0xF9, 0x00, 0x00, 0x00, 0xFF, 0x40, 0x00, 0x00, 0x00, 0x01, 0xC0,
    0x00, 0x00, 0x00, 0x00, 0xC0, 0x00, 0x00, 0x00, 0xAB, 0x80, 0x00, 0x00, 0x00, 0xFE, 0x00, 0x00,
    0x00, 0x00, 0x00, 0x07, 0xFF, 0xC0, 0x03, 0xFF, 0xFC, 0x00, 0xFF, 0xA6, 0x80, 0x2F, 0xC0, 0x00,
    0x03, 0xF4, 0x00, 0x00, 0x7F, 0x00, 0x00, 0x07, 0xE0, 0x00, 0x00, 0xBD, 0x00, 0x00, 0x0B, 0xE0,
    0x00, 0x00, 0x7F, 0x00, 0x00, 0x07, 0xF4, 0x00, 0x00, 0x3F, 0xD0, 0x00, 0x02, 0xFF, 0xE6, 0x80,
    0x0F, 0xFF, 0xFF, 0x00, 0x2F, 0xFF, 0xF8, 0x00, 0x1F, 0xFF, 0x40, 0x00, 0x01, 0xC0, 0x00, 0x00,
    0x0D, 0x00, 0x00, 0xAB, 0xC0, 0x00, 0x0F, 0xE0, 0x00, 0x7F, 0xFF, 0xFF, 0xFF, 0xFF, 0xDF, 0xFF,
    0xFF, 0xFF, 0xFF, 0xF7, 0xFF, 0xFF, 0xFF, 0xFF, 0xFD, 0xA5, 0x50, 0xFD, 0x00, 0x55, 0x00, 0x00,
    0x3F, 0x40, 0x00, 0x00, 0x00, 0x0F, 0xD0, 0x00, 0x00, 0x00, 0x03, 0xF4, 0x00, 0x00, 0x00, 0x00,
    0xFD, 0x00, 0x00, 0x00, 0x00, 0x3F, 0x40, 0x00, 0x00, 0x00, 0x0F, 0xD0, 0x00, 0x00, 0x00, 0x07,
    0xF8, 0x00, 0x00, 0x00, 0x01, 0xFE, 0x00, 0x00, 0x00, 0x00, 0x7F, 0x80, 0x00, 0x00, 0x00, 0x1F,
    0xE0, 0x00, 0x00, 0x00, 0x07, 0xF8, 0x00, 0x00, 0x00, 0x01, 0xFE, 0x00, 0x00, 0x00, 0x00, 0xBF,
    0x80, 0x00, 0x00, 0x00, 0x2F, 0xE0, 0x00, 0x00, 0x00, 0x0B, 0xFC, 0x00, 0x00, 0x00, 0x02, 0xFF,
    0x00, 0x00, 0x00, 0x00, 0xBF, 0xC0, 0x00, 0x00, 0x00, 0x3F, 0xF0, 0x00, 0x00, 0x00, 0x0F, 0xFC,
    0x00, 0x00, 0x00, 0x03, 0xFF, 0x00, 0x00, 0x00, 0x00, 0xFF, 0xC0, 0x00, 0x00, 0x00, 0x3C, 0x00,
    0x00, 0x00, 0x00, 0x0F, 0x00, 0x00, 0x00, 0x00, 0x03, 0xC0, 0x00, 0x00, 0xBF, 0xFF, 0xFF, 0xF6,
    0xFF, 0xFF, 0xFF, 0xD5, 0x50, 0xF8, 0x01, 0x00, 0x03, 0xE0, 0x00, 0x00, 0x0F, 0x80, 0x00, 0x00,
    0x3E, 0x00, 0x00, 0x00, 0xF8, 0x00, 0x00, 0x03, 0xE0, 0x00, 0x00, 0x0F, 0x80, 0x00, 0x00, 0x3E,
    0x00, 0x00, 0x00, 0xFC, 0x00, 0x00, 0x03, 0xF0, 0x00, 0x00, 0x0F, 0xC0, 0x00, 0x00, 0x3F, 0x00,
    0x00, 0x01, 0xFC, 0x00, 0x00, 0x07, 0xF0, 0x00, 0x00, 0x2F, 0xC0, 0x00, 0x00, 0xB0, 0x00, 0x00,
    0x02, 0xC0, 0x00, 0x00, 0x3F, 0x40, 0x00, 0x00, 0x7F, 0x0F, 0xF0, 0x00, 0x00, 0x3F, 0x81, 0xFD,
    0x00, 0x00, 0x1F, 0xC0, 0x3F, 0xC0, 0x00, 0x0F, 0xF0, 0x07, 0xF8, 0x00, 0x0B, 0xF4, 0x00, 0xFF,
    0x00, 0x03, 0xFC, 0x00, 0x1F, 0xE0, 0x02, 0xFD, 0x00, 0x03, 0xFD, 0x01, 0xFF, 0x00, 0x00, 0x7F,
    0xC0, 0xFF, 0x40, 0x00, 0x0F, 0xF4, 0x7F, 0xC0, 0x00, 0x01, 0xFF, 0x3F, 0xD0, 0x00, 0x00, 0x3F,
    0xFF, 0xF0, 0x00, 0x00, 0x0B, 0xFF, 0xF4, 0x00, 0x00, 0x00, 0xFF, 0xFC, 0x00, 0x00, 0x00, 0x2F,
    0xFD, 0x00, 0x00, 0x00, 0x03, 0xFF, 0x00, 0x00, 0x00, 0x00, 0xFF, 0x80, 0x00, 0x00, 0x00, 0x3F,
    0xE0, 0x00, 0x00, 0x00, 0x0F, 0xF8, 0x00, 0x00, 0x00, 0x07, 0xFE, 0x00, 0x00, 0x00, 0x02, 0xFF,
    0x80, 0x00, 0x00, 0x00, 0xBF, 0xE0, 0x00, 0x00, 0x00, 0x3F, 0xF8, 0x00, 0x00, 0x00, 0x0F, 0xFE,
    0x00, 0x00, 0x00, 0x07, 0xFF, 0x80, 0x00, 0x00, 0x7E, 0x00, 0x00, 0xFC, 0x3F, 0x00, 0x02, 0xF4,
    0x3F, 0x40, 0x03, 0xF0, 0x1F, 0x80, 0x07, 0xF0, 0x0F, 0xC0, 0x0B, 0xD0, 0x0B, 0xD0, 0x0F, 0xC0,
    0x07, 0xE0, 0x1F, 0x80, 0x03, 0xF0, 0x2F, 0x40, 0x02, 0xF4, 0x3F, 0x00, 0x01, 0xFC, 0x7E, 0x00,
    0x00, 0xFC, 0xBD, 0x00, 0x00, 0xBE, 0xFC, 0x00, 0x00, 0x7F, 0xF8, 0x00, 0x00, 0x3F, 0xF0, 0x00,
    0x00, 0x2F, 0xF0, 0x00, 0x00, 0x1F, 0xE0, 0x00, 0x00, 0x1F, 0xE0, 0x00, 0x00, 0x1F, 0xE0, 0x00,
    0x00, 0x1F, 0xE0, 0x00, 0x00, 0x1F, 0xE0, 0x00, 0x00, 0x1F, 0xE0, 0x00, 0x3F, 0x40, 0x00, 0x00,
    0x7F, 0x0B, 0xF0, 0x00, 0x00, 0x3F, 0x81, 0xFD, 0x00, 0x00, 0x2F, 0xC0, 0x3F, 0xC0, 0x00, 0x0F,
    0xE0, 0x07, 0xF8, 0x00, 0x0B, 0xF0, 0x00, 0xFF, 0x00, 0x03, 0xF8, 0x00, 0x1F, 0xF0, 0x03, 0xFC,
    0x00, 0x03, 0xFD, 0x01, 0xFE, 0x00, 0x00, 0x7F, 0xC0, 0xFF, 0x00, 0x00, 0x0F, 0xF8, 0xBF, 0xC0,
    0x00, 0x01, 0xFF, 0x7F, 0xD0, 0x00, 0x00, 0x3F, 0xFF, 0xF0, 0x00, 0x00, 0x07, 0xFF, 0xF4, 0x00,
    0x00, 0x00, 0xFF, 0xFC, 0x00, 0x00, 0x0F, 0xFF, 0xFF, 0xF8, 0x00, 0x03, 0xFF, 0xFF, 0xFE, 0x00,
    0x00, 0xFF, 0xFF, 0xFF, 0x80, 0x00, 0x00, 0x3F, 0xE0, 0x00, 0x00, 0x00, 0x0F, 0xF8, 0x00, 0x00,
    0x00, 0x07, 0xFE, 0x00, 0x00, 0x00, 0x02, 0xFF, 0x80, 0x00, 0x00, 0x00, 0xFF, 0xE0, 0x00, 0x00,
    0x00, 0x3F, 0xF8, 0x00, 0x00, 0x00, 0x0F, 0xFE, 0x00, 0x00, 0x00, 0x07, 0xFF, 0x80, 0x00, 0x00,
    0x1A, 0x40, 0x00, 0x2A, 0x07, 0xF0, 0x00, 0x1F, 0x80, 0xFC, 0x00, 0x0F, 0xD0, 0x2F, 0x80, 0x03,
    0xF0, 0x03, 0xF0, 0x02, 0xF8, 0x00, 0xFC, 0x00, 0xFC, 0x00, 0x2F, 0x80, 0x3F, 0x00, 0x03, 0xF0,
    0x2F, 0x40, 0x00, 0xFD, 0x0F, 0xC0, 0x00, 0x1F, 0x87, 0xE0, 0x00, 0x03, 0xF2, 0xF4, 0x00, 0x00,
    0xBD, 0xFC, 0x00, 0x00, 0x1F, 0xFE, 0x00, 0x00, 0x03, 0xFF, 0x40, 0x07, 0xFF, 0xFF, 0xFF, 0xF5,
    0xFF, 0xFF, 0xFF, 0xFD, 0x7F, 0xFF, 0xFF, 0xFF, 0x40, 0x01, 0xFE, 0x00, 0x00, 0x00, 0x7F, 0x80,
    0x00, 0x00, 0x1F, 0xE0, 0x00, 0x00, 0x07, 0xF8, 0x00, 0x00, 0x00, 0x00, 0x00, 0x00, 0x0B, 0xC0,
    0x00, 0x00, 0x0B, 0xD0, 0x0B, 0xF0, 0x00, 0x00, 0x1F, 0xC0, 0x03, 0xF8, 0x00, 0x00, 0x3F, 0x40,
    0x01, 0xFD, 0x00, 0x00, 0xFE, 0x00, 0x00, 0xBF, 0x00, 0x02, 0xFC, 0x00, 0x00, 0x3F, 0x80, 0x07,
    0xF4, 0x00, 0x00, 0x1F, 0xD0, 0x0F, 0xF0, 0x00, 0x00, 0x0F, 0xF0, 0x3F, 0xC0, 0x00, 0x00, 0x03,
    0xFC, 0x7F, 0x80, 0x00, 0x00, 0x02, 0xFE, 0xFF, 0x00, 0x00, 0x00, 0x00, 0xFF, 0xFD, 0x00, 0x00,
    0x00, 0x00, 0x7F, 0xF8, 0x00, 0x00, 0x00, 0x00, 0x3F, 0xF0, 0x00, 0x00, 0x00, 0x00, 0x3F, 0xF4,
    0x00, 0x00, 0x00, 0x00, 0xFF, 0xFC, 0x00, 0x00, 0x00, 0x02, 0xFF, 0xFF, 0x00, 0x00, 0x00, 0x07,
    0xFE, 0xFF, 0x80, 0x00, 0x00, 0x0F, 0xFC, 0xBF, 0xC0, 0x00, 0x00, 0x3F, 0xF0, 0x3F, 0xF0, 0x00,
    0x00, 0x7F, 0xE0, 0x1F, 0xF8, 0x00, 0x00, 0xFF, 0xC0, 0x0F, 0xFD, 0x00, 0x03, 0xFF, 0x40, 0x03,
    0xFF, 0x00, 0x0B, 0xFE, 0x00, 0x02, 0xFF, 0x80, 0x1F, 0xFC, 0x00, 0x00, 0xFF, 0xE4, 0x3F, 0xF4,
    0x00, 0x00, 0x7F, 0xFD, 0x00, 0x00, 0x00, 0x00, 0x00, 0x2D, 0x00, 0x00, 0x00, 0x00, 0x00, 0x2D,
    0x00, 0x00, 0x00, 0x00, 0x00, 0x2D, 0x00, 0x00, 0x00, 0x00, 0x00, 0x18, 0x1F, 0x00, 0x00, 0xB8,
    0x03, 0xE0, 0x00, 0x7C, 0x00, 0x3D, 0x00, 0x3D, 0x00, 0x0B, 0xC0, 0x3F, 0x00, 0x00, 0xF8, 0x2F,
    0x00, 0x00, 0x1F, 0x4F, 0x80, 0x00, 0x03, 0xFF, 0xC0, 0x00, 0x00, 0x3F, 0xC0, 0x00, 0x00, 0x0B,
    0xE0, 0x00, 0x00, 0x03, 0xFC, 0x00, 0x00, 0x03, 0xFF, 0xC0, 0x00, 0x02, 0xFA, 0xF8, 0x00, 0x01,
    0xFC, 0x3F, 0x40, 0x00, 0xFD, 0x07, 0xF0, 0x00, 0xFF, 0x00, 0xFE, 0x00, 0xBF, 0x00, 0x0F, 0xD0,
    0x7F, 0x80, 0x02, 0xFF, 0x00, 0x00, 0x00, 0x01, 0xC0, 0x00, 0x00, 0x00, 0x70, 0x00, 0x00, 0x00,
    0x04, 0x00, 0x00, 0x00, 0x00, 0x00, 0x00, 0x1F, 0xFF, 0xFF, 0xFD, 0x01, 0xF0, 0x07, 0xFF, 0xFF,
    0xFF, 0x40, 0x7C, 0x00, 0x00, 0x2F, 0x80, 0x00, 0x1F, 0x00, 0x00, 0x0B, 0xE0, 0x00, 0x07, 0xC0,
    0x00, 0x02, 0xF8, 0x00, 0x01, 0xF0, 0x00, 0x00, 0xBE, 0x00, 0x00, 0x7C, 0x00, 0x00, 0x2F, 0x80,
    0x00, 0x1F, 0x00, 0x00, 0x0B, 0xE0, 0x00, 0x07, 0xC0, 0x00, 0x02, 0xF8, 0x00, 0x01, 0xF0, 0x00,
    0x00, 0xBE, 0x00, 0x00, 0x7C, 0x00, 0x00, 0x2F, 0x80, 0x00, 0x1F, 0x00, 0x00, 0x0B, 0xE0, 0x00,
    0x07, 0xC0, 0x00, 0x02, 0xF8, 0x00, 0x01, 0xF0, 0x00, 0x00, 0xBE, 0x00, 0x00, 0x7C, 0x00, 0x00,
    0x2F, 0x80, 0x00, 0x1F, 0x00, 0x00, 0x0B, 0xE0, 0x00, 0x07, 0xC0, 0x00, 0x02, 0xFF, 0xFF, 0xFF,
    0xFF, 0xD0, 0x00, 0xBF, 0xFF, 0xFF, 0xFF, 0xF8, 0x00, 0x2F, 0xFF, 0xFF, 0xFF, 0xFE, 0x00, 0x0B,
    0xFF, 0xFF, 0xFF, 0xFF, 0x80, 0x00, 0x00, 0x00, 0x00, 0x07, 0xE0, 0x00, 0x00, 0x00, 0x00, 0x01,
    0xF8, 0x00, 0x00, 0x00, 0x00, 0x00, 0x7E, 0x00, 0x00, 0x00, 0x00, 0x00, 0x1F, 0x80, 0x00, 0x00,
    0x00, 0x00, 0x07, 0xE0, 0x00, 0x00, 0x00, 0x00, 0x00, 0x00, 0x6A, 0xAA, 0xA4, 0x04, 0x07, 0xFF,
    0xFF, 0x82, 0xD0, 0x00, 0x3C, 0x00, 0x2D, 0x00, 0x03, 0xC0, 0x02, 0xD0, 0x00, 0x3C, 0x00, 0x2D,
    0x00, 0x03, 0xC0, 0x02, 0xD0, 0x00, 0x3C, 0x00, 0x2D, 0x00, 0x03, 0xC0, 0x02, 0xD0, 0x00, 0x3C,
    0x00, 0x2D, 0x00, 0x03, 0xC0, 0x02, 0xD0, 0x00, 0x3C, 0x00, 0x2D, 0x00, 0x03, 0xC0, 0x02, 0xD0,
    0x00, 0x3F, 0xFF, 0xFF, 0xE0, 0x03, 0xFF, 0xFF, 0xFF, 0x00, 0x3F, 0xFF, 0xFF, 0xF0, 0x00, 0x00,
    0x00, 0x1F, 0x00, 0x00, 0x00, 0x01, 0xF0, 0x00, 0x00, 0x00, 0x1F, 0x00, 0x00, 0x00, 0x00, 0x90,
    0x55, 0x00, 0x00, 0x54, 0x02, 0xFC, 0x00, 0x03, 0xF4, 0x0B, 0xF0, 0x00, 0x0F, 0xD0, 0x1F, 0x80,
    0x00, 0x3F, 0x40, 0x7E, 0x00, 0x00, 0xFD, 0x00, 0xF8, 0x00, 0x03, 0xF4, 0x03, 0xD0, 0x00, 0x0F,
    0xD0, 0x0F, 0x40, 0x00, 0x3F, 0x40, 0x3D, 0x00, 0x00, 0xFC, 0x00, 0xF8, 0x00, 0x03, 0xF0, 0x02,
    0xF0, 0x00, 0x3F, 0xC0, 0x03, 0xF4, 0x07, 0xFF, 0x00, 0x0B, 0xFF, 0xFF, 0xFC, 0x00, 0x07, 0xFF,
    0xE7, 0xF0, 0x00, 0x00, 0x00, 0x0F, 0xC0, 0x00, 0x00, 0x00, 0x3F, 0x00, 0x00, 0x00, 0x00, 0xFC,
    0x00, 0x00, 0x00, 0x03, 0xF0, 0x00, 0x00, 0x00, 0x0F, 0xC0, 0x00, 0x00, 0x00, 0x3F, 0x00, 0x00,
    0x00, 0x00, 0xFC, 0x00, 0x00, 0x00, 0x03, 0xF2, 0x90, 0x00, 0x00, 0x0B, 0xCF, 0xC0, 0x00, 0x00,
    0x2F, 0x3F, 0x00, 0x00, 0x00, 0x00, 0xFC, 0x00, 0x00, 0x00, 0x03, 0xF0, 0x00, 0x00, 0x00, 0x0F,
    0xC0, 0x00, 0x00, 0x00, 0x00, 0x28, 0x00, 0x29, 0x03, 0xC0, 0x03, 0xD0, 0x3C, 0x00, 0x3D, 0x03,
    0xC0, 0x03, 0xD0, 0x3C, 0x00, 0x3D, 0x03, 0xC0, 0x03, 0xD0, 0x3C, 0x00, 0x3D, 0x02, 0xD0, 0x0B,
    0xD0, 0x0F, 0xAB, 0xFD, 0x00, 0x7F, 0xFB, 0xD0, 0x00, 0x00, 0x3D, 0x00, 0x00, 0x03, 0xD0, 0x00,
    0x00, 0x3C, 0x00, 0x00, 0x03, 0xC0, 0x00, 0x00, 0x3C, 0x00, 0x00, 0x03, 0xDF, 0x00, 0x00, 0x2C,
    0xF0, 0x00, 0x00, 0x0F, 0x00, 0x00, 0x00, 0xF0, 0x00, 0x00, 0x05, 0x00, 0x00, 0x00, 0x00, 0x1F,
    0x40, 0x00, 0x0B, 0xC7, 0xD0, 0x00, 0x02, 0xF1, 0xF4, 0x00, 0x00, 0xFC, 0x7D, 0x00, 0x00, 0x3F,
    0x1F, 0x40, 0x00, 0x0F, 0xC7, 0xD0, 0x00, 0x03, 0xF1, 0xF4, 0x00, 0x00, 0xFC, 0x7D, 0x00, 0x00,
    0x3F, 0x1F, 0x82, 0xE0, 0x1F, 0xD7, 0xE0, 0xB8, 0x0B, 0xF4, 0xFD, 0x2E, 0x07, 0xFD, 0x3F, 0xDF,
    0xCB, 0xFF, 0x47, 0xFF, 0xFF, 0xFF, 0xD0, 0xFF, 0xFF, 0xFB, 0xF4, 0x07, 0xFF, 0xE0, 0xFD, 0x00,
    0x0F, 0xC0, 0x3F, 0x40, 0x02, 0xE0, 0x0F, 0xE0, 0x00, 0xB8, 0x07, 0xF8, 0x00, 0x2E, 0x01, 0xFE,
    0x00, 0x0B, 0x80, 0x7F, 0x80, 0x00, 0x00, 0x1F, 0xE0, 0x24, 0x00, 0x18, 0x38, 0x00, 0x2D, 0x38,
    0x00, 0x2D, 0x38, 0x00, 0x2D, 0x38, 0x00, 0x2D, 0x38, 0x00, 0x3D, 0x3C, 0x74, 0x3D, 0x3C, 0x74,
    0xBE, 0x3F, 0xFA, 0xFE, 0x1F, 0xFF, 0xFE, 0x02, 0xFE, 0x3E, 0x00, 0x74, 0x3E, 0x00, 0x74, 0x3E,
    0x00, 0x74, 0x3E, 0x00, 0x10, 0x3E, 0x00, 0x00, 0x00, 0x00, 0x3E, 0x00, 0x00, 0x00, 0x3E, 0x00,
    0x00, 0x00, 0x3E, 0x00, 0x00, 0x00, 0x3E, 0x00, 0x00, 0x00, 0x3F, 0x00, 0x00, 0x00, 0x3F, 0x00,
    0x00, 0x00, 0x3F, 0x00, 0x00, 0x00, 0x3F, 0x00, 0x00, 0x00, 0x7F, 0x00, 0x00, 0x00, 0x7F, 0x00,
    0x00, 0x00, 0x7F, 0x6F, 0xFF, 0x40, 0x7F, 0xFF, 0xFF, 0xE0, 0x7F, 0xE4, 0x07, 0xF0, 0x7F, 0x80,
    0x00, 0xF4, 0x7F, 0x00, 0x00, 0xB8, 0x7F, 0x00, 0x00, 0xBC, 0x7E, 0x00, 0x00, 0xBC, 0x7E, 0x00,
    0x00, 0xBC, 0x7E, 0x00, 0x00, 0xBC, 0x7E, 0x00, 0x00, 0xFC, 0x7F, 0x00, 0x00, 0xFD, 0x7F, 0x00,
    0x00, 0xFD, 0x7F, 0x00, 0x00, 0xFE, 0x0F, 0xC0, 0x00, 0x00, 0x0F, 0xC0, 0x00, 0x00, 0x0F, 0x80,
    0x00, 0x00, 0x0F, 0x80, 0x00, 0x00, 0x0F, 0x80, 0x00, 0x00, 0x0F, 0x80, 0x00, 0x00, 0x0F, 0x40,
    0x00, 0x00, 0x1F, 0x40, 0x00, 0x00, 0x1F, 0x40, 0x00, 0x00, 0x1F, 0x4B, 0xFE, 0x00, 0x2F, 0xBF,
    0xFF, 0xD0, 0x2F, 0xFF, 0xFF, 0xF0, 0x2F, 0xF8, 0x07, 0xF4, 0x2F, 0xD0, 0x01, 0xF8, 0x3F, 0xC0,
    0x00, 0xFC, 0x3F, 0x80, 0x00, 0xBC, 0x3F, 0x40, 0x00, 0xBC, 0x3F, 0x40, 0x00, 0xBC, 0x3F, 0x40,
    0x00, 0xBC, 0x3F, 0x40, 0x00, 0xFC, 0x3F, 0x40, 0x00, 0xFC, 0x7F, 0x40, 0x00, 0xFD, 0x7F, 0x40,
    0x00, 0xFD, 0x7F, 0x80, 0x01, 0xFD, 0xBF, 0x80, 0x01, 0xFD, 0x00, 0x00, 0x00, 0x6F, 0xE4, 0x00,
    0x00, 0x00, 0x01, 0xFF, 0xFF, 0xD0, 0x00, 0x00, 0x02, 0xFF, 0xEA, 0xFE, 0x00, 0x00, 0x02, 0xFE,
    0x00, 0x07, 0xD0, 0x00, 0x01, 0xFD, 0x00, 0x00, 0xBC, 0x3F, 0x40, 0xFD, 0x00, 0x00, 0x0F, 0x8F,
    0xE0, 0x7F, 0x00, 0x00, 0x07, 0xF2, 0xFF, 0xFF, 0xFF, 0xFF, 0xFF, 0xFD, 0x3F, 0xFF, 0xFF, 0xFF,
    0xFF, 0xFF, 0x81, 0xAB, 0xFF, 0xFF, 0xFF, 0xFE, 0xA0, 0x01, 0xFE, 0x95, 0x00, 0x00, 0x00, 0x00,
    0x7F, 0x00, 0x00, 0x00, 0x00, 0x00, 0x0F, 0xD0, 0x00, 0x00, 0x00, 0x00, 0x03, 0xFC, 0x00, 0x00,
    0x00, 0x00, 0x00, 0xFF, 0x80, 0x00, 0x00, 0x00, 0x00, 0x2F, 0xF8, 0x00, 0x00, 0x00, 0x00, 0x03,
    0xFF, 0xE4, 0x00, 0x1B, 0x00, 0x00, 0xBF, 0xFF, 0xFF, 0xFF, 0xC0, 0x00, 0x0B, 0xFF, 0xFF, 0xFF,
    0xF0, 0x00, 0x00, 0xBF, 0xFF, 0xFF, 0xFC, 0x00, 0x00, 0x07, 0xFF, 0xFF, 0xF9, 0x00, 0x00, 0x00,
    0x06, 0xBA, 0x90, 0x00, 0x00, 0x00, 0x1A, 0x80, 0x00, 0x00, 0x2F, 0xFF, 0x80, 0x00, 0x0B, 0xD0,
    0x1F, 0x05, 0x02, 0xF0, 0x00, 0x78, 0xF4, 0x3C, 0x00, 0x03, 0xCF, 0xFF, 0xFF, 0xFF, 0xFD, 0x3F,
    0xFF, 0xFF, 0xFF, 0xF0, 0x0F, 0xEA, 0x95, 0x00, 0x00, 0xF8, 0x00, 0x00, 0x00, 0x0F, 0xC0, 0x00,
    0x00, 0x00, 0xBD, 0x00, 0x00, 0x00, 0x07, 0xF8, 0x00, 0x00, 0x00, 0x3F, 0xFE, 0xAB, 0xC0, 0x00,
    0xFF, 0xFF, 0xFC, 0x00, 0x03, 0xFF, 0xFF, 0xC0, 0x00, 0x06, 0xFF, 0x90, 0x00, 0x00, 0x00, 0x2F,
    0xE4, 0x00, 0x00, 0x00, 0x00, 0x2F, 0xFF, 0xF8, 0x00, 0x00, 0x00, 0x1F, 0xFE, 0xAB, 0xF0, 0x00,
    0x00, 0x03, 0xFC, 0x00, 0x0F, 0x80, 0x00, 0x00, 0xFE, 0x00, 0x00, 0x3D, 0x0B, 0xE0, 0x2F, 0x80,
    0x00, 0x02, 0xF0, 0x7F, 0x03, 0xF0, 0x00, 0x00, 0x6F, 0x47, 0xFF, 0xFF, 0xFF, 0xFF, 0xFF, 0xFC,
    0x3F, 0xFF, 0xFF, 0xFF, 0xFF, 0xFF, 0xC0, 0x5A, 0xFF, 0xFF, 0xFF, 0xFF, 0xA8, 0x00, 0x0F, 0xE5,
    0x50, 0x00, 0x00, 0x00, 0x00, 0xFE, 0x00, 0x00, 0x00, 0x00, 0x00, 0x0F, 0xE0, 0x00, 0x00, 0x00,
    0x00, 0x00, 0xFF, 0x40, 0x00, 0x00, 0x00, 0x00, 0x0B, 0xFD, 0x00, 0x00, 0x00, 0x00, 0x00, 0x3F,
    0xF9, 0x00, 0x00, 0x60, 0x00, 0x02, 0xFF, 0xFF, 0xFF, 0xFF, 0x00, 0x00, 0x0F, 0xFF, 0xFF, 0xFF,
    0xF0, 0x00, 0x00, 0x2F, 0xFF, 0xFF, 0xFF, 0x00, 0x00, 0x00, 0xBF, 0xFF, 0xFF, 0xE0, 0x00, 0x00,
    0x00, 0xBF, 0xFE, 0x90, 0x00, 0x00, 0x00, 0x00, 0xB8, 0x00, 0x00, 0x00, 0x00, 0x00, 0x0B, 0x80,
    0x00, 0x00, 0x00, 0x00, 0x00, 0xB8, 0x00, 0x00, 0x00, 0x00, 0x00, 0x06, 0x40, 0x00, 0x00, 0x00,
    0x00, 0x1A, 0x90, 0x00, 0x00, 0x07, 0xFF, 0xF4, 0x00, 0x00, 0x7E, 0x40, 0xB4, 0x04, 0x03, 0xD0,
    0x00, 0xF0, 0x7C, 0x2E, 0x00, 0x01, 0xE1, 0xFF, 0xFF, 0xFF, 0xFF, 0xC2, 0xFF, 0xFF, 0xFF, 0xFF,
    0x40, 0x1F, 0xEA, 0x55, 0x00, 0x00, 0x7C, 0x00, 0x00, 0x00, 0x01, 0xF4, 0x00, 0x00, 0x00, 0x03,
    0xF0, 0x00, 0x00, 0x00, 0x0F, 0xF4, 0x00, 0x00, 0x00, 0x1F, 0xFE, 0xAA, 0xE0, 0x00, 0x3F, 0xFF,
    0xFF, 0x80, 0x00, 0x2F, 0xFF, 0xFE, 0x00, 0x00, 0x1B, 0xFF, 0x90, 0x00, 0x00, 0x07, 0x00, 0x00,
    0x00, 0x00, 0x1C, 0x00, 0x00, 0x00, 0x00, 0x10, 0x00, 0x00, 0xAA, 0x4B, 0xF4, 0xBF, 0x4B, 0xF4,
    0x7F, 0x47, 0xF4, 0x7F, 0x47, 0xF4, 0x7F, 0x47, 0xF4, 0x7F, 0x47, 0xF4, 0x7F, 0x47, 0xF4, 0x7F,
    0x87, 0xF8, 0x7F, 0x87, 0xF8, 0x7F, 0xCB, 0xFC, 0xBF, 0xCB, 0xFC, 0xFF, 0xCF, 0xFC, 0xFF, 0xC0,
    0x00, 0x00, 0x06, 0x40, 0x00, 0xA0, 0x00, 0x00, 0x00, 0x00, 0x1E, 0x00, 0x03, 0x80, 0x00, 0x00,
    0x00, 0x00, 0x3D, 0x00, 0x2D, 0x00, 0x00, 0x00, 0x00, 0x00, 0xBF, 0xFF, 0xF0, 0x00, 0x00, 0x00,
    0x00, 0x00, 0xBF, 0xFF, 0x00, 0x00, 0x00, 0x00, 0x00, 0x00, 0x6F, 0xD0, 0x00, 0x00, 0x00, 0x00,
    0x00, 0x00, 0x00, 0x00, 0x00, 0x00, 0x00, 0x00, 0x00, 0x00, 0x00, 0x00, 0x00, 0x00, 0x00, 0x00,
    0x00, 0x00, 0x00, 0x00, 0x00, 0x00, 0x00, 0x00, 0x00, 0x00, 0x00, 0x00, 0x00, 0x00, 0x0F, 0xF0,
    0x01, 0xFF, 0x00, 0x2F, 0xE0, 0x00, 0x1F, 0xF0, 0x03, 0xF8, 0x00, 0xFF, 0x00, 0x00, 0x3F, 0xD0,
    0x0F, 0xE0, 0x0F, 0xF4, 0x00, 0x00, 0x3F, 0xC0, 0x3F, 0x80, 0x7F, 0xC0, 0x00, 0x00, 0xBF, 0x80,
    0xFE, 0x03, 0xFC, 0x00, 0x00, 0x00, 0xFF, 0x03, 0xF8, 0x2F, 0xE0, 0x00, 0x00, 0x01, 0xFE, 0x0F,
    0xF0, 0xFF, 0x00, 0x00, 0x00, 0x03, 0xFD, 0x7F, 0xCF, 0xF4, 0x00, 0x00, 0x00, 0x07, 0xFD, 0xFF,
    0x7F, 0xC0, 0x00, 0x00, 0x00, 0x0B, 0xFF, 0xFF, 0xFC, 0x00, 0x00, 0x00, 0x00, 0x0F, 0xFF, 0xFF,
    0xE0, 0x00, 0x00, 0x00, 0x00, 0x1F, 0xFF, 0xFF, 0x00, 0x00, 0x00, 0x00, 0x00, 0x3F, 0xFF, 0xF4,
    0x00, 0x00, 0x00, 0x00, 0x00, 0xBF, 0xFF, 0xC0, 0x00, 0x00, 0x00, 0x00, 0x07, 0xFF, 0xFF, 0xC0,
    0x00, 0x00, 0x00, 0x00, 0x7F, 0xFF, 0xFF, 0xC0, 0x00, 0x00, 0x00, 0x07, 0xFF, 0xFF, 0xFF, 0xC0,
    0x00, 0x00, 0x00, 0x7F, 0xFF, 0xFF, 0xFF, 0x80, 0x00, 0x00, 0x03, 0xFF, 0xFF, 0xFF, 0xFF, 0x80,
    0x00, 0x00, 0x3F, 0xFE, 0xFF, 0xFB, 0xFF, 0x80, 0x00, 0x03, 0xFF, 0xE7, 0xFF, 0xCF, 0xFF, 0x80,
    0x00, 0x3F, 0xFF, 0x1F, 0xFF, 0x1F, 0xFF, 0x80, 0x03, 0xFF, 0xF0, 0xBF, 0xFC, 0x2F, 0xFF, 0x80,
    0x3F, 0xFF, 0x42, 0xFF, 0xF0, 0x3F, 0xFF, 0x83, 0xFF, 0xF8, 0x0F, 0xFF, 0xD0, 0x3F, 0xFF, 0x80,
    0x00, 0x00, 0xA0, 0x00, 0x19, 0x00, 0x00, 0x00, 0x02, 0xC0, 0x00, 0xB4, 0x00, 0x00, 0x00, 0x07,
    0xC0, 0x07, 0xC0, 0x00, 0x00, 0x00, 0x0F, 0xFF, 0xFD, 0x00, 0x00, 0x00, 0x00, 0x0F, 0xFF, 0xE0,
    0x00, 0x00, 0x00, 0x00, 0x0B, 0xF8, 0x00, 0x00, 0x00, 0x00, 0x00, 0x00, 0x00, 0x00, 0x00, 0x00,
    0x00, 0x00, 0x00, 0x00, 0x00, 0x00, 0x00, 0x00, 0x00, 0x00, 0x00, 0x00, 0x00, 0x00, 0x00, 0x00,
    0x00, 0x00, 0x00, 0x00, 0x00, 0x00, 0x00, 0x00, 0x00, 0x00, 0x00, 0x7F, 0x00, 0x3F, 0x00, 0x3F,
    0x40, 0x00, 0xFE, 0x00, 0xFC, 0x03, 0xF8, 0x00, 0x00, 0xFD, 0x03, 0xF0, 0x1F, 0xC0, 0x00, 0x02,
    0xFC, 0x0F, 0xC0, 0xFD, 0x00, 0x00, 0x03, 0xF8, 0x3F, 0x0B, 0xF0, 0x00, 0x00, 0x07, 0xF1, 0xFC,
    0x7F, 0x00, 0x00, 0x00, 0x0B, 0xF7, 0xF7, 0xF8, 0x00, 0x00, 0x00, 0x0F, 0xFF, 0xFF, 0xC0, 0x00,
    0x00, 0x00, 0x1F, 0xFF, 0xFD, 0x00, 0x00, 0x00, 0x00, 0x3F, 0xFF, 0xE0, 0x00, 0x00, 0x00, 0x00,
    0x3F, 0xFF, 0x00, 0x00, 0x00, 0x00, 0x02, 0xFF, 0xFE, 0x00, 0x00, 0x00, 0x00, 0x2F, 0xFF, 0xFE,
    0x00, 0x00, 0x00, 0x02, 0xFF, 0xFF, 0xFE, 0x00, 0x00, 0x00, 0x2F, 0xFF, 0xFF, 0xFE, 0x00, 0x00,
    0x03, 0xFF, 0xBF, 0xFB, 0xFE, 0x00, 0x00, 0x3F, 0xFD, 0xFF, 0xCF, 0xFE, 0x00, 0x03, 0xFF, 0xC7,
    0xFF, 0x0F, 0xFE, 0x00, 0x3F, 0xFD, 0x1F, 0xFD, 0x1F, 0xFE, 0x03, 0xFF, 0xD0, 0xBF, 0xF4, 0x2F,
    0xFE, 0x00, 0x00, 0x00, 0x00, 0x00, 0x02, 0xF0, 0x02, 0xFC, 0x00, 0xBC, 0x00, 0xFD, 0x00, 0x3F,
    0x00, 0xFF, 0x00, 0x0F, 0xC0, 0x7F, 0x00, 0x03, 0xF0, 0x3F, 0x80, 0x00, 0xFC, 0x1F, 0xC0, 0x00,
    0x3E, 0x0F, 0xD0, 0x00, 0x1F, 0x8B, 0xF0, 0x00, 0x07, 0xE3, 0xF0, 0x00, 0x01, 0xFA, 0xF8, 0x00,
    0x00, 0xBF, 0xFC, 0x00, 0x00, 0x2F, 0xFE, 0x40, 0x00, 0x0B, 0xFF, 0xFF, 0x80, 0x03, 0xF8, 0x5F,
    0xFE, 0x00, 0xFE, 0x00, 0x2F, 0xE0, 0x3F, 0x40, 0x01, 0xFD, 0x0F, 0xD0, 0x00, 0x2F, 0xC3, 0xF4,
    0x00, 0x03, 0xF1, 0xFD, 0x00, 0x00, 0xFD, 0x7F, 0x40, 0x00, 0x3F, 0x5F, 0xD0, 0x00, 0x0F, 0xD0,
    0x00, 0x00, 0x07, 0xF0, 0x00, 0x00, 0x03, 0xFC, 0x00, 0x00, 0x07, 0xFD, 0x00, 0x00, 0x3F, 0xFF,
    0x00, 0x00, 0x0F, 0xFF, 0x00, 0x00, 0x03, 0xFE, 0x00, 0x00, 0x00, 0x54, 0x00, 0x00, 0x1D, 0x03,
    0xE0, 0x1D, 0x07, 0xC0, 0x2D, 0x0F, 0x40, 0x2D, 0x2F, 0x00, 0x2D, 0x3C, 0x00, 0x3C, 0xB8, 0x00,
    0x3D, 0xF0, 0x00, 0x3F, 0xD0, 0x00, 0x3F, 0xFA, 0x00, 0x3C, 0x1F, 0xD0, 0x3C, 0x02, 0xF0, 0x7C,
    0x00, 0xB8, 0x7C, 0x00, 0x7C, 0x7C, 0x00, 0x3C, 0xBC, 0x00, 0x3C, 0x00, 0x00, 0x7C, 0x00, 0x01,
    0xF8, 0x00, 0x1F, 0xF0, 0x00, 0x1F, 0xC0, 0x00, 0x04, 0x00, 0x00, 0x7F, 0xFF, 0xFF, 0x80, 0x00,
    0x2F, 0xFF, 0xFF, 0xF0, 0x00, 0x0B, 0xFF, 0xFF, 0xFC, 0x00, 0x02, 0xFC, 0x00, 0x7F, 0x00, 0x00,
    0xBF, 0x00, 0x1F, 0xC0, 0x00, 0x2F, 0xC0, 0x0B, 0xF0, 0x00, 0x0B, 0xF0, 0x02, 0xFC, 0x00, 0x02,
    0xFC, 0x00, 0xBF, 0x00, 0x00, 0xBE, 0x00, 0x2F, 0xC0, 0x00, 0x2F, 0x80, 0x0B, 0xF0, 0x00, 0x0F,
    0xE0, 0x02, 0xFC, 0x00, 0x03, 0xF4, 0x00, 0xBF, 0x00, 0x00, 0xFD, 0x00, 0x2F, 0xC0, 0x00, 0x3F,
    0x40, 0x0F, 0xF0, 0x00, 0x0F, 0xC0, 0x03, 0xFC, 0x00, 0x03, 0xF0, 0x00, 0xFF, 0x00, 0x01, 0xFC,
    0x00, 0x3F, 0xC0, 0x00, 0x7F, 0x00, 0x0F, 0xF0, 0x00, 0x2F, 0xC0, 0x03, 0xFD, 0x50, 0x6F, 0xF0,
    0x00, 0xFF, 0xFC, 0x3F, 0xF4, 0x00, 0x3F, 0xFE, 0x0F, 0xF4, 0x00, 0x0F, 0xFF, 0x40, 0x00, 0x00,
    0x00, 0x3F, 0xC0, 0x00, 0x00, 0x00, 0x1F, 0xF0, 0x00, 0x00, 0x00, 0x0B, 0xF8, 0x00, 0x00, 0x00,
    0x03, 0xFD, 0x00, 0x00, 0x00, 0x01, 0xFF, 0x00, 0x0B, 0xFF, 0xFC, 0x00, 0xBF, 0xFF, 0xC0, 0x0B,
    0xC0, 0x7C, 0x00, 0xBC, 0x07, 0xC0, 0x0B, 0xC0, 0x7C, 0x00, 0xB8, 0x07, 0xC0, 0x0B, 0x80, 0x7C,
    0x00, 0xF8, 0x07, 0xC0, 0x0F, 0x40, 0xBC, 0x00, 0xF4, 0x0B, 0xC0, 0x0F, 0x40, 0xBC, 0x00, 0xF0,
    0x0B, 0xC0, 0x1F, 0x00, 0xBD, 0x4B, 0xF0, 0x0B, 0xFC, 0xFD, 0x00, 0xBF, 0x80, 0x00, 0x01, 0xF4,
    0x00, 0x00, 0x3F, 0x00, 0x00, 0x03, 0xF0, 0x1A, 0x40, 0x00, 0x00, 0x69, 0x00, 0xFE, 0x00, 0x00,
    0x03, 0xF8, 0x03, 0xF8, 0x00, 0x00, 0x0F, 0xF0, 0x0F, 0xE0, 0x00, 0x00, 0x3F, 0xC0, 0x3F, 0xC0,
    0x00, 0x00, 0xFF, 0x00, 0xFF, 0x00, 0x00, 0x03, 0xFC, 0x03, 0xFC, 0x00, 0x00, 0x0F, 0xF0, 0x0F,
    0xF0, 0x00, 0x00, 0x3F, 0xC0, 0x3F, 0xC0, 0x00, 0x00, 0xFF, 0x00, 0xFF, 0x00, 0x00, 0x03, 0xFC,
    0x03, 0xFC, 0x00, 0x00, 0x0F, 0xF0, 0x0F, 0xF0, 0x00, 0x00, 0x3F, 0xC0, 0x3F, 0xC0, 0x00, 0x00,
    0xFF, 0x00, 0xFF, 0x95, 0x55, 0x5B, 0xFC, 0x03, 0xFF, 0xFF, 0xFF, 0xFF, 0xF4, 0x0F, 0xFF, 0xFF,
    0xFF, 0xFF, 0xD0, 0x3F, 0xFF, 0xFF, 0xFF, 0xFF, 0x41, 0xFF, 0xFF, 0xFF, 0xFF, 0xFD, 0x07, 0xFF,
    0xFF, 0xFF, 0xFF, 0xF4, 0x1F, 0xF4, 0x00, 0x00, 0x7F, 0xD0, 0x7F, 0xD0, 0x00, 0x01, 0xFF, 0x81,
    0xFF, 0x40, 0x00, 0x07, 0xFE, 0x07, 0xFD, 0x00, 0x00, 0x1F, 0xFF, 0x1F, 0xF4, 0x00, 0x00, 0xBF,
    0xFC, 0x7F, 0xE0, 0x00, 0x02, 0xFF, 0xF0, 0x00, 0x00, 0x00, 0x01, 0xFF, 0xC0, 0x00, 0x00, 0x00,
    0x07, 0xFF, 0x00, 0x00, 0x00, 0x00, 0x3F, 0xFC, 0x00, 0x00, 0x00, 0x7F, 0xFF, 0xE0, 0x00, 0x00,
    0x02, 0xFF, 0xFF, 0x00, 0x00, 0x00, 0x0F, 0xFF, 0xE0, 0x00, 0x00, 0x00, 0x05, 0x00, 0x00, 0x2E,
    0x00, 0x01, 0xF0, 0x3E, 0x00, 0x01, 0xF0, 0x3E, 0x00, 0x01, 0xF0, 0x3E, 0x00, 0x01, 0xF0, 0x3F,
    0x00, 0x02, 0xF0, 0x3F, 0x00, 0x02, 0xF0, 0x3F, 0x00, 0x02, 0xF4, 0x3F, 0x00, 0x02, 0xF4, 0x3F,
    0x00, 0x02, 0xF4, 0x3F, 0xFF, 0xFF, 0xF4, 0x3F, 0xFF, 0xFF, 0xF4, 0x3F, 0xFF, 0xFF, 0xF4, 0x3F,
    0xFF, 0xFF, 0xF8, 0x3F, 0x00, 0x03, 0xF8, 0x3F, 0x00, 0x03, 0xF8, 0x3F, 0x00, 0x03, 0xFE, 0x3F,
    0x00, 0x03, 0xFE, 0x00, 0x00, 0x00, 0xFE, 0x00, 0x00, 0x01, 0xFD, 0x00, 0x00, 0x3F, 0xFD, 0x00,
    0x00, 0x3F, 0xFC, 0x00, 0x00, 0x15, 0x40, 0x1A, 0x40, 0x00, 0x00, 0x69, 0x00, 0xFE, 0x00, 0x00,
    0x03, 0xF8, 0x03, 0xF8, 0x00, 0x00, 0x0F, 0xF0, 0x0F, 0xE0, 0x00, 0x00, 0x3F, 0xC0, 0x3F, 0xC0,
    0x00, 0x00, 0xFF, 0x00, 0xFF, 0x00, 0x00, 0x03, 0xFC, 0x03, 0xFC, 0x00, 0x00, 0x0F, 0xF0, 0x0F,
    0xF0, 0x00, 0x00, 0x3F, 0xC0, 0x3F, 0xC0, 0x00, 0x00, 0xFF, 0x00, 0xFF, 0x00, 0x00, 0x03, 0xFC,
    0x03, 0xFC, 0x00, 0x00, 0x0F, 0xF0, 0x0F, 0xF0, 0x00, 0x00, 0x3F, 0xC0, 0x3F, 0xC0, 0x00, 0x00,
    0xFF, 0x00, 0xFF, 0x95, 0x55, 0x5B, 0xFC, 0x03, 0xFF, 0xFF, 0xFF, 0xFF, 0xF4, 0x0F, 0xFF, 0xFF,
    0xFF, 0xFF, 0xD0, 0x3F, 0xFF, 0xFF, 0xFF, 0xFF, 0x41, 0xFF, 0xFF, 0xFF, 0xFF, 0xFD, 0x07, 0xFF,
    0xFF, 0xFF, 0xFF, 0xF4, 0x1F, 0xF4, 0x00, 0x00, 0x7F, 0xD0, 0x7F, 0xD0, 0x00, 0x01, 0xFF, 0x41,
    0xFF, 0x40, 0x00, 0x07, 0xFE, 0x07, 0xFD, 0x00, 0x00, 0x1F, 0xF8, 0x1F, 0xF4, 0x00, 0x00, 0xBF,
    0xE0, 0x7F, 0xE0, 0x00, 0x02, 0xFF, 0x80, 0x00, 0x00, 0x00, 0x00, 0xFF, 0xC0, 0x00, 0x00, 0x00,
    0x03, 0xFE, 0x00, 0x00, 0x00, 0x00, 0x1F, 0xF4, 0x00, 0x00, 0x00, 0x00, 0x7F, 0xC0, 0x00, 0x00,
    0x00, 0x01, 0xFF, 0x00, 0x00, 0x00, 0x00, 0x0B, 0xF4, 0x00, 0x00, 0x00, 0x00, 0x3F, 0xC0, 0x00,
    0x00, 0x00, 0x01, 0xFF, 0x00, 0x00, 0x00, 0x00, 0x00, 0x00, 0x00, 0x2E, 0x00, 0x01, 0xF0, 0x3E,
    0x00, 0x01, 0xF0, 0x3E, 0x00, 0x01, 0xF0, 0x3F, 0x00, 0x01, 0xF0, 0x3F, 0x00, 0x01, 0xF0, 0x3F,
    0x00, 0x02, 0xF4, 0x3F, 0x00, 0x02, 0xF4, 0x3F, 0x00, 0x02, 0xF4, 0x3F, 0x00, 0x02, 0xF4, 0x3F,
    0xFF, 0xFF, 0xF4, 0x3F, 0xFF, 0xFF, 0xF4, 0x3F, 0xFF, 0xFF, 0xF8, 0x3F, 0xFF, 0xFF, 0xF8, 0x3F,
    0x00, 0x03, 0xF8, 0x3F, 0x00, 0x03, 0xF8, 0x3F, 0x00, 0x03, 0xF8, 0x3F, 0x40, 0x03, 0xF8, 0x00,
    0x00, 0x00, 0xFE, 0x00, 0x00, 0x00, 0xFD, 0x00, 0x00, 0x00, 0xFC, 0x00, 0x00, 0x00, 0xF8, 0x00,
    0x00, 0x02, 0xF4, 0x00, 0x00, 0x02, 0xA0, 0x55, 0x00, 0x00, 0x54, 0xFE, 0x00, 0x01, 0xFC, 0xBE,
    0x00, 0x00, 0xFC, 0xBE, 0x00, 0x00, 0xFC, 0xBD, 0x00, 0x00, 0xFC, 0x7D, 0x00, 0x00, 0xFC, 0x7D,
    0x00, 0x00, 0xFC, 0x3D, 0x00, 0x00, 0xFC, 0x3D, 0x00, 0x00, 0xFC, 0x3D, 0x00, 0x01, 0xFC, 0x3F,
    0x00, 0x03, 0xFC, 0x1F, 0x90, 0x1F, 0xFC, 0x0F, 0xFF, 0xFF, 0xFC, 0x01, 0xFF, 0xE6, 0xFC, 0x00,
    0x00, 0x01, 0xFC, 0x00, 0x00, 0x01, 0xFC, 0x00, 0x00, 0x00, 0xFC, 0x00, 0x00, 0x00, 0xFC, 0x00,
    0x00, 0x00, 0xFC, 0x00, 0x00, 0x00, 0xFC, 0x00, 0x00, 0x00, 0xFC, 0x00, 0x00, 0x00, 0xFC, 0x00,
    0x00, 0x01, 0xFC, 0x00, 0x00, 0x01, 0xFC, 0x00, 0x00, 0x01, 0xF0, 0x00, 0x00, 0x01, 0xF0, 0x00,
    0x00, 0x00, 0x50, 0x60, 0x00, 0x62, 0xC0, 0x03, 0xCB, 0x00, 0x0F, 0x2C, 0x00, 0x3C, 0xB0, 0x00,
    0xF2, 0xC0, 0x03, 0xCB, 0x00, 0x0F, 0x2E, 0x00, 0xBC, 0x7E, 0x5B, 0xF0, 0xFF, 0xFF, 0xC0, 0xBF,
    0x8F, 0x00, 0x00, 0x3C, 0x00, 0x06, 0xF4, 0x00, 0x2F, 0xD0, 0x00, 0xBF, 0x40, 0x02, 0xC0, 0x00,
    0x0B, 0x00, 0x00, 0x2C, 0x00, 0x0A, 0xA8, 0x00, 0x00, 0x02, 0xA9, 0x00, 0x0F, 0xFD, 0x00, 0x00,
    0x07, 0xFE, 0x00, 0x0F, 0xFE, 0x00, 0x00, 0x0B, 0xFF, 0x00, 0x1F, 0xFF, 0x00, 0x00, 0x0F, 0xFF,
    0x00, 0x1F, 0xFF, 0x80, 0x00, 0x2F, 0xFF, 0x00, 0x1F, 0xFF, 0xC0, 0x00, 0x3F, 0xFF, 0x00, 0x1F,
    0xFF, 0xD0, 0x00, 0x7F, 0xFF, 0x00, 0x2F, 0xFF, 0xE0, 0x00, 0xBF, 0xFF, 0x00, 0x2F, 0xEF, 0xF0,
    0x00, 0xFF, 0xBF, 0x40, 0x2F, 0xDF, 0xF8, 0x02, 0xFE, 0xBF, 0x40, 0x2F, 0xCF, 0xFC, 0x03, 0xFD,
    0xBF, 0x40, 0x2F, 0xC7, 0xFD, 0x07, 0xFC, 0xBF, 0x80, 0x3F, 0xC3, 0xFF, 0x0B, 0xF8, 0xBF, 0x80,
    0x3F, 0xC2, 0xFF, 0x0F, 0xF0, 0xFF, 0x80, 0x3F, 0xC0, 0xFF, 0xAF, 0xF0, 0xFF, 0xC0, 0x3F, 0xC0,
    0xFF, 0xFF, 0xD0, 0xFF, 0xC0, 0x3F, 0xD0, 0x7F, 0xFF, 0xC0, 0xFF, 0xC0, 0x3F, 0xD0, 0x3F, 0xFF,
    0xC0, 0xFF, 0xC0, 0x3F, 0xD0, 0x2F, 0xFF, 0x40, 0xFF, 0xC0, 0x3F, 0xD0, 0x0F, 0xFF, 0x00, 0xFF,
    0xC0, 0x3F, 0xE0, 0x0F, 0xFE, 0x01, 0xFF, 0xC0, 0x7F, 0xE0, 0x07, 0xFD, 0x01, 0xFF, 0xD0, 0x7F,
    0xE0, 0x03, 0xFC, 0x01, 0xFF, 0xD0, 0x7F, 0xE0, 0x00, 0x00, 0x02, 0xFF, 0xD0, 0x7F, 0xF0, 0x00,
    0x00, 0x02, 0xFF, 0xE0, 0x00, 0x00, 0x00, 0x00, 0x00, 0x07, 0xFE, 0x00, 0x00, 0x00, 0x00, 0x00,
    0x07, 0xFD, 0x00, 0x00, 0x00, 0x00, 0x00, 0x0B, 0xFC, 0x00, 0x00, 0x00, 0x00, 0x00, 0x0B, 0xF8,
    0x00, 0x00, 0x00, 0x00, 0x00, 0x0B, 0xF4, 0x00, 0x00, 0x00, 0x00, 0x00, 0x0F, 0xF0, 0x00, 0x00,
    0x00, 0x00, 0x00, 0x1F, 0xF0, 0x00, 0x00, 0x00, 0x00, 0x00, 0x3F, 0xE0, 0x00, 0x00, 0x00, 0x00,
    0x00, 0x00, 0x00, 0x1F, 0xC0, 0x00, 0x2F, 0x40, 0x1F, 0xE0, 0x00, 0x3F, 0x80, 0x1F, 0xF0, 0x00,
    0x7F, 0x80, 0x1F, 0xF4, 0x00, 0xFF, 0xC0, 0x2F, 0xFC, 0x01, 0xFF, 0xC0, 0x2E, 0xFC, 0x02, 0xFB,
    0xC0, 0x2E, 0xBE, 0x03, 0xFB, 0xC0, 0x2F, 0x3F, 0x07, 0xDB, 0xC0, 0x3F, 0x3F, 0x4F, 0xCF, 0xC0,
    0x3F, 0x1F, 0xDF, 0x8F, 0xD0, 0x3F, 0x0F, 0xFF, 0x4F, 0xD0, 0x3F, 0x0B, 0xFF, 0x0F, 0xD0, 0x3F,
    0x03, 0xFE, 0x0F, 0xE0, 0x3F, 0x03, 0xFD, 0x0F, 0xE0, 0x3F, 0x01, 0xFC, 0x0F, 0xE0, 0x3F, 0x40,
    0xA4, 0x1F, 0xF0, 0x3F, 0x40, 0x00, 0x1F, 0xF0, 0x00, 0x00, 0x00, 0x00, 0xFC, 0x00, 0x00, 0x00,
    0x01, 0xFC, 0x00, 0x00, 0x00, 0x01, 0xF8, 0x00, 0x00, 0x00, 0x02, 0xF4, 0x00, 0x00, 0x00, 0x03,
    0xF0, 0x00, 0x00, 0x00, 0x02, 0x90, 0x54, 0xBD, 0xBD, 0xBD, 0xBD, 0xBD, 0xBE, 0x7E, 0x7E, 0x7E,
    0x7E, 0x7E, 0x7E, 0x7E, 0x7F, 0x7F, 0x3F, 0x3F, 0x3F, 0x3F, 0x3F, 0x00, 0x0F, 0x00, 0x02, 0xD0,
    0x00, 0x00, 0x2C, 0x00, 0x0B, 0x00, 0x00, 0x00, 0x7D, 0x00, 0xBC, 0x00, 0x00, 0x00, 0xFF, 0xFF,
    0xC0, 0x00, 0x00, 0x00, 0xFF, 0xFD, 0x00, 0x00, 0x00, 0x00, 0x6A, 0x40, 0x00, 0x00, 0x00, 0x00,
    0x00, 0x00, 0x00, 0x00, 0x00, 0x00, 0x00, 0x00, 0x00, 0x00, 0x00, 0x00, 0x00, 0x00, 0x00, 0x00,
    0x00, 0x00, 0x00, 0x00, 0x00, 0x00, 0x00, 0xFD, 0x00, 0x00, 0x00, 0x00, 0x0B, 0xF8, 0x00, 0x00,
    0x00, 0x00, 0x3F, 0xF0, 0x00, 0x00, 0x00, 0x01, 0xFF, 0xD0, 0x00, 0x00, 0x00, 0x0B, 0xEF, 0xC0,
    0x00, 0x00, 0x00, 0x3F, 0x3F, 0x00, 0x00, 0x00, 0x01, 0xF8, 0xBE, 0x00, 0x00, 0x00, 0x0F, 0xD1,
    0xFC, 0x00, 0x00, 0x00, 0x3F, 0x03, 0xF4, 0x00, 0x00, 0x02, 0xF8, 0x0B, 0xE0, 0x00, 0x00, 0x0F,
    0xD0, 0x1F, 0xC0, 0x00, 0x00, 0x7F, 0x00, 0x3F, 0x40, 0x00, 0x02, 0xF8, 0x00, 0xBF, 0x00, 0x00,
    0x0F, 0xD0, 0x01, 0xFC, 0x00, 0x00, 0x7F, 0x00, 0x03, 0xF8, 0x00, 0x03, 0xF8, 0x00, 0x0B, 0xF0,
    0x00, 0x0F, 0xD0, 0x00, 0x0F, 0xD0, 0x00, 0xBF, 0xFF, 0xFF, 0xFF, 0xC0, 0x03, 0xFF, 0xFF, 0xFF,
    0xFF, 0x00, 0x1F, 0xFF, 0xFF, 0xFF, 0xFE, 0x00, 0xFF, 0xFF, 0xFF, 0xFF, 0xFC, 0x03, 0xFC, 0x00,
    0x00, 0x0F, 0xF4, 0x2F, 0xE0, 0x00, 0x00, 0x2F, 0xE0, 0xFF, 0x40, 0x00, 0x00, 0x7F, 0xC7, 0xFC,
    0x00, 0x00, 0x00, 0xFF, 0x40, 0x01, 0xE0, 0x00, 0x3C, 0x00, 0x3C, 0x00, 0x0F, 0x00, 0x0F, 0x80,
    0x1F, 0x80, 0x00, 0xFF, 0xFF, 0xC0, 0x00, 0x1F, 0xFF, 0x80, 0x00, 0x00, 0x6A, 0x40, 0x00, 0x00,
    0x00, 0x00, 0x00, 0x00, 0x00, 0x00, 0x00, 0x00, 0x00, 0x00, 0x00, 0x00, 0x00, 0x00, 0x00, 0x00,
    0x00, 0xBF, 0x87, 0xC0, 0x01, 0xFF, 0xFE, 0xF0, 0x01, 0xFE, 0xAF, 0xFC, 0x00, 0xFC, 0x00, 0xBF,
    0x00, 0xBC, 0x00, 0x0F, 0xC0, 0x3E, 0x00, 0x02, 0xF4, 0x0F, 0x00, 0x00, 0xBD, 0x07, 0xC0, 0x00,
    0x1F, 0x81, 0xF0, 0x00, 0x0B, 0xE0, 0xBC, 0x00, 0x03, 0xFC, 0x1F, 0x40, 0x02, 0xFF, 0x03, 0xFE,
    0x5B, 0xFF, 0xC0, 0xFF, 0xFF, 0xFF, 0xF0, 0x1F, 0xFF, 0xFF, 0xFC, 0x01, 0xFF, 0xFF, 0x5F, 0x40,
    0x0B, 0xFE, 0x07, 0xD0, 0x00, 0x0F, 0xC0, 0x1F, 0x80, 0x00, 0x00, 0x7F, 0x00, 0xBF, 0x00, 0x00,
    0x02, 0xFC, 0x02, 0xFC, 0x00, 0x00, 0x0F, 0xF4, 0x0F, 0xF4, 0x00, 0x00, 0x3F, 0xE0, 0x3F, 0xD0,
    0x00, 0x00, 0x00, 0x00, 0x00, 0x00, 0x00, 0x00, 0x00, 0x00, 0x00, 0x00, 0x00, 0x00, 0x00, 0x00,
    0x00, 0x00, 0x00, 0x00, 0x00, 0x00, 0x00, 0x00, 0x00, 0x00, 0x3F, 0x40, 0x00, 0x00, 0x00, 0x02,
    0xFE, 0x00, 0x00, 0x00, 0x00, 0x0F, 0xFC, 0x00, 0x00, 0x00, 0x00, 0x7F, 0xF4, 0x00, 0x00, 0x00,
    0x02, 0xFB, 0xF0, 0x00, 0x00, 0x00, 0x0F, 0xCF, 0xC0, 0x00, 0x00, 0x00, 0x7E, 0x2F, 0x80, 0x00,
    0x00, 0x03, 0xF4, 0x7F, 0x00, 0x00, 0x00, 0x0F, 0xC0, 0xFD, 0x00, 0x00, 0x00, 0xBE, 0x02, 0xF8,
    0x00, 0x00, 0x03, 0xF4, 0x07, 0xF0, 0x00, 0x00, 0x1F, 0xC0, 0x0F, 0xD0, 0x00, 0x00, 0xBE, 0x00,
    0x2F, 0xC0, 0x00, 0x03, 0xF4, 0x00, 0x7F, 0x00, 0x00, 0x1F, 0xC0, 0x00, 0xFE, 0x00, 0x00, 0xFE,
    0x00, 0x02, 0xFC, 0x00, 0x03, 0xF4, 0x00, 0x03, 0xF4, 0x00, 0x2F, 0xFF, 0xFF, 0xFF, 0xF0, 0x00,
    0xFF, 0xFF, 0xFF, 0xFF, 0xC0, 0x07, 0xFF, 0xFF, 0xFF, 0xFF, 0x80, 0x3F, 0xFF, 0xFF, 0xFF, 0xFF,
    0x00, 0xFF, 0x00, 0x00, 0x03, 0xFD, 0x0B, 0xF8, 0x00, 0x00, 0x0B, 0xF8, 0x3F, 0xD0, 0x00, 0x00,
    0x1F, 0xF1, 0xFF, 0x00, 0x00, 0x00, 0x3F, 0xD0, 0x00, 0xFC, 0x00, 0xFC, 0x00, 0x7F, 0x40, 0x7F,
    0x00, 0x2F, 0xD0, 0x2F, 0xD0, 0x0F, 0xF8, 0x0F, 0xF4, 0x03, 0xFE, 0x03, 0xFE, 0x00, 0x00, 0x00,
    0x00, 0x00, 0x00, 0x00, 0x00, 0x00, 0x00, 0x00, 0x00, 0x00, 0x00, 0x00, 0x00, 0x00, 0x00, 0x02,
    0xFE, 0x1F, 0x00, 0x07, 0xFF, 0xFB, 0xC0, 0x07, 0xFA, 0xBF, 0xF0, 0x03, 0xF0, 0x02, 0xFC, 0x02,
    0xF0, 0x00, 0x3F, 0x00, 0xF8, 0x00, 0x0B, 0xD0, 0x3C, 0x00, 0x02, 0xF4, 0x1F, 0x00, 0x00, 0x7E,
    0x07, 0xC0, 0x00, 0x2F, 0x82, 0xF0, 0x00, 0x0F, 0xF0, 0x7D, 0x00, 0x0B, 0xFC, 0x0F, 0xF9, 0x6F,
    0xFF, 0x03, 0xFF, 0xFF, 0xFF, 0xC0, 0x7F, 0xFF, 0xFF, 0xF0, 0x07, 0xFF, 0xFD, 0x7D, 0x00, 0x2F,
    0xF8, 0x1F, 0x40, 0x00, 0x00, 0x00, 0x00, 0x00, 0x00, 0x01, 0x54, 0x00, 0x00, 0x00, 0x2F, 0xFF,
    0xFF, 0xFF, 0xFC, 0x00, 0x00, 0x00, 0x3F, 0xFF, 0xFF, 0xFF, 0xFC, 0x00, 0x00, 0x00, 0xBF, 0xFF,
    0xFF, 0xFF, 0xF4, 0x00, 0x00, 0x01, 0xFF, 0xFF, 0x40, 0x00, 0x00, 0x00, 0x00, 0x03, 0xFB, 0xFE,
    0x00, 0x00, 0x00, 0x00, 0x00, 0x07, 0xF3, 0xFE, 0x00, 0x00, 0x00, 0x00, 0x00, 0x0F, 0xC3, 0xFE,
    0x00, 0x00, 0x00, 0x00, 0x00, 0x1F, 0x83, 0xFE, 0x00, 0x00, 0x00, 0x00, 0x00, 0x3F, 0x02, 0xFE,
    0x00, 0x00, 0x00, 0x00, 0x00, 0xBE, 0x01, 0xFF, 0x55, 0x6A, 0x00, 0x00, 0x00, 0xFC, 0x00, 0xFF,
    0xFF, 0xFF, 0x00, 0x00, 0x02, 0xF8, 0x00, 0xFF, 0xFF, 0xFF, 0x00, 0x00, 0x03, 0xF0, 0x00, 0xFF,
    0xFF, 0xFE, 0x00, 0x00, 0x0B, 0xE0, 0x00, 0xFF, 0x40, 0x00, 0x00, 0x00, 0x1F, 0xC0, 0x00, 0xFF,
    0x00, 0x00, 0x00, 0x00, 0x3F, 0x80, 0x00, 0xFF, 0x40, 0x00, 0x00, 0x00, 0x7F, 0xEA, 0xAA, 0xFF,
    0x80, 0x00, 0x00, 0x00, 0xFF, 0xFF, 0xFF, 0xFF, 0xC0, 0x00, 0x00, 0x01, 0xFF, 0xFF, 0xFF, 0xFF,
    0xC0, 0x00, 0x00, 0x03, 0xFF, 0xFF, 0xFF, 0xFF, 0xFF, 0xFF, 0xFC, 0x0B, 0xF8, 0x00, 0x00, 0xFF,
    0xFF, 0xFF, 0xFC, 0x0F, 0xF0, 0x00, 0x00, 0xFF, 0xFF, 0xFF, 0xFC, 0x2F, 0xE0, 0x00, 0x00, 0xFF,
    0xFF, 0xFF, 0xFD, 0x3F, 0xC0, 0x00, 0x00, 0xFF, 0xFF, 0xFF, 0xFE, 0x00, 0x00, 0x00, 0x00, 0x00,
    0x00, 0x00, 0x00, 0x00, 0x00, 0x00, 0x00, 0x07, 0xF9, 0x00, 0x00, 0x02, 0xFE, 0x1F, 0x1F, 0xFF,
    0xE0, 0x00, 0x07, 0xFF, 0xFB, 0xEF, 0xD0, 0x2F, 0x00, 0x07, 0xFA, 0xBF, 0xFF, 0x40, 0x01, 0xE0,
    0x03, 0xF0, 0x02, 0xFF, 0x80, 0x00, 0x3D, 0x02, 0xF0, 0x00, 0x3F, 0xC0, 0x05, 0x6F, 0x80, 0xF8,
    0x00, 0x0B, 0xFF, 0xFF, 0xFF, 0xF0, 0x3C, 0x00, 0x02, 0xFF, 0xFF, 0xFF, 0xE8, 0x1F, 0x00, 0x00,
    0x7F, 0x50, 0x00, 0x00, 0x07, 0xC0, 0x00, 0x2F, 0xC0, 0x00, 0x00, 0x02, 0xF0, 0x00, 0x0F, 0xF0,
    0x00, 0x00, 0x00, 0x7D, 0x00, 0x0B, 0xFF, 0x00, 0x00, 0x00, 0x0F, 0xF9, 0x6F, 0xFF, 0xF9, 0x00,
    0x09, 0x03, 0xFF, 0xFF, 0xFF, 0xFF, 0xFF, 0xFF, 0x40, 0x7F, 0xFF, 0xFF, 0xFF, 0xFF, 0xFF, 0xD0,
    0x07, 0xFF, 0xFD, 0x7F, 0xFF, 0xFF, 0xF4, 0x00, 0x2F, 0xF8, 0x1F, 0x4A, 0xFF, 0x90, 0x00, 0x09,
    0x00, 0x02, 0x80, 0x3C, 0x00, 0x0F, 0x00, 0xF4, 0x00, 0xB8, 0x01, 0xFF, 0xFF, 0xC0, 0x02, 0xFF,
    0xFD, 0x00, 0x00, 0xBF, 0x80, 0x00, 0x00, 0x00, 0x00, 0x00, 0x00, 0x00, 0x00, 0x00, 0x00, 0x00,
    0x01, 0x55, 0x55, 0x55, 0x4B, 0xFF, 0xFF, 0xFF, 0x2F, 0xFF, 0xFF, 0xFC, 0xBC, 0x00, 0x00, 0x02,
    0xF0, 0x00, 0x00, 0x0B, 0xC0, 0x00, 0x00, 0x2F, 0x00, 0x00, 0x00, 0xBC, 0x00, 0x00, 0x02, 0xF0,
    0x00, 0x00, 0x0B, 0xE5, 0x55, 0x54, 0x2F, 0xFF, 0xFF, 0xF4, 0xBF, 0xFF, 0xFF, 0xD2, 0xF0, 0x00,
    0x00, 0x0B, 0xC0, 0x00, 0x00, 0x2F, 0x00, 0x00, 0x00, 0xBC, 0x00, 0x00, 0x02, 0xF0, 0x00, 0x00,
    0x0B, 0xE5, 0x55, 0x55, 0x2F, 0xFF, 0xFF, 0xFC, 0xBF, 0xFF, 0xFF, 0xF2, 0xFF, 0xFF, 0xFF, 0xCB,
    0xFF, 0xFF, 0xFF, 0x00, 0x02, 0x40, 0x00, 0xA0, 0x03, 0x80, 0x00, 0xF0, 0x03, 0xD0, 0x02, 0xE0,
    0x01, 0xFF, 0xFF, 0xC0, 0x00, 0xBF, 0xFF, 0x40, 0x00, 0x1B, 0xF8, 0x00, 0x00, 0x00, 0x00, 0x00,
    0x00, 0x00, 0x00, 0x00, 0x00, 0x00, 0x00, 0x00, 0x00, 0x00, 0x00, 0x00, 0x00, 0x00, 0x00, 0x00,
    0x00, 0x00, 0x00, 0x00, 0x00, 0x1B, 0xF8, 0x00, 0x00, 0xFF, 0xFF, 0x40, 0x03, 0xF8, 0x03, 0xD0,
    0x0F, 0xC0, 0x00, 0xF0, 0x1F, 0x00, 0x00, 0x7C, 0x3E, 0x00, 0x56, 0xBC, 0x3F, 0xFF, 0xFF, 0xFD,
    0x7F, 0xFF, 0xFF, 0xE9, 0xBD, 0x40, 0x00, 0x00, 0x7D, 0x00, 0x00, 0x00, 0x7E, 0x00, 0x00, 0x00,
    0x3F, 0x80, 0x00, 0x00, 0x3F, 0xF4, 0x00, 0x18, 0x0F, 0xFF, 0xFF, 0xFC, 0x07, 0xFF, 0xFF, 0xFC,
    0x01, 0xFF, 0xFF, 0xFC, 0x00, 0x1B, 0xFE, 0x80, 0x01, 0xBF, 0xE4, 0x00, 0x2F, 0xFF, 0xFF, 0x40,
    0x2F, 0xFF, 0xFF, 0xE0, 0x2F, 0xFF, 0xFF, 0xF4, 0x14, 0x00, 0x1F, 0xFC, 0x00, 0x00, 0x01, 0xFD,
    0x00, 0x00, 0x00, 0xBE, 0x00, 0x00, 0x00, 0x3E, 0x00, 0x00, 0x01, 0x7E, 0x6B, 0xFF, 0xFF, 0xFE,
    0x7F, 0xFF, 0xFF, 0xFD, 0x3F, 0x95, 0x00, 0x7C, 0x2E, 0x00, 0x00, 0xF8, 0x0F, 0x00, 0x02, 0xF0,
    0x03, 0xD0, 0x1F, 0xD0, 0x00, 0xFF, 0xFF, 0x40, 0x00, 0x1B, 0xE4, 0x00, 0x01, 0xBF, 0xE4, 0x00,
    0x1F, 0xFF, 0xFF, 0x40, 0x2F, 0xFF, 0xFF, 0xE0, 0x2F, 0xFF, 0xFF, 0xF8, 0x14, 0x00, 0x1F, 0xFC,
    0x00, 0x00, 0x01, 0xFD, 0x00, 0x00, 0x00, 0x7E, 0x00, 0x00, 0x00, 0x3F, 0x00, 0x00, 0x00, 0x7F,
    0x2B, 0xFF, 0xFF, 0xFE, 0x3F, 0xFF, 0xFF, 0xFD, 0x3F, 0xA5, 0x00, 0x7C, 0x1E, 0x00, 0x00, 0xF8,
    0x0F, 0x00, 0x02, 0xF0, 0x03, 0xD0, 0x1F, 0xD0, 0x00, 0xFF, 0xFF, 0x40, 0x00, 0x1B, 0xF4, 0x00,
    0x00, 0x00, 0x00, 0x00, 0x1F, 0xC0, 0x2F, 0xC0, 0x2F, 0xC0, 0x2F, 0xC0, 0x3F, 0xC0, 0x3F, 0xC0,
    0x3F, 0xC0, 0x3F, 0xC0, 0x3F, 0xD0, 0x7F, 0xD0, 0x00, 0x00, 0x00, 0x00, 0x00, 0x00, 0x00, 0x00,
    0x00, 0x00, 0x00, 0x00, 0x00, 0x00, 0x00, 0x00, 0x00, 0x00, 0x00, 0x00, 0x00, 0x00, 0x00, 0x00,
    0x00, 0x00, 0x00, 0x00, 0x01, 0xBF, 0xE4, 0x00, 0x2F, 0xFF, 0xFF, 0x40, 0x2F, 0xFF, 0xFF, 0xE0,
    0x2F, 0xFF, 0xFF, 0xF4, 0x14, 0x00, 0x1F, 0xFC, 0x00, 0x00, 0x01, 0xFD, 0x00, 0x00, 0x00, 0xBE,
    0x00, 0x00, 0x00, 0x3E, 0x00, 0x00, 0x01, 0x7E, 0x6B, 0xFF, 0xFF, 0xFE, 0x7F, 0xFF, 0xFF, 0xFD,
    0x3F, 0x95, 0x00, 0x7C, 0x2E, 0x00, 0x00, 0xF8, 0x0F, 0x00, 0x02, 0xF0, 0x03, 0xD0, 0x1F, 0xD0,
    0x00, 0xFF, 0xFF, 0x40, 0x00, 0x1B, 0xE4, 0x00, 0x01, 0xBF, 0xE4, 0x00, 0x1F, 0xFF, 0xFF, 0x80,
    0x2F, 0xFF, 0xFF, 0xE0, 0x2F, 0xFF, 0xFF, 0xF8, 0x14, 0x00, 0x1F, 0xFC, 0x00, 0x00, 0x01, 0xFD,
    0x00, 0x00, 0x00, 0x7E, 0x00, 0x00, 0x00, 0x3F, 0x00, 0x00, 0x00, 0x7F, 0x2B, 0xFF, 0xFF, 0xFE,
    0x3F, 0xFF, 0xFF, 0xFD, 0x3F, 0xA5, 0x00, 0x7C, 0x2E, 0x00, 0x00, 0xF8, 0x0F, 0x00, 0x02, 0xF0,
    0x07, 0xD0, 0x1F, 0xD0, 0x0F, 0xFF, 0xFF, 0xD0, 0x0F, 0xFB, 0xFF, 0xE0, 0x1F, 0xF0, 0x1F, 0xE0,
    0x2F, 0xF0, 0x2F, 0xF0, 0x15, 0x50, 0x15, 0x50, 0x00, 0x00, 0x0B, 0xD0, 0x0B, 0xD0, 0x00, 0x00,
    0x00, 0x00, 0x3F, 0x80, 0x3F, 0x80, 0x00, 0x00, 0x00, 0x00, 0xFE, 0x00, 0xFE, 0x00, 0x00, 0x00,
    0x00, 0x07, 0xFC, 0x07, 0xFC, 0x00, 0x00, 0x00, 0x00, 0x2F, 0xF0, 0x2F, 0xF0, 0x00, 0x00, 0x00,
    0x00, 0x00, 0x00, 0x00, 0x00, 0x00, 0x00, 0x00, 0x00, 0x00, 0x00, 0x00, 0x00, 0x00, 0x00, 0x00,
    0x00, 0x00, 0x00, 0x00, 0x00, 0x00, 0x00, 0x00, 0x00, 0x00, 0x00, 0x00, 0x00, 0x00, 0x03, 0xFC,
    0x00, 0x7F, 0xC0, 0x0B, 0xF8, 0x00, 0x07, 0xFC, 0x00, 0xFE, 0x00, 0x3F, 0xC0, 0x00, 0x0F, 0xF4,
    0x03, 0xF8, 0x03, 0xFD, 0x00, 0x00, 0x0F, 0xF0, 0x0F, 0xE0, 0x1F, 0xF0, 0x00, 0x00, 0x2F, 0xE0,
    0x3F, 0x80, 0xFF, 0x00, 0x00, 0x00, 0x3F, 0xC0, 0xFE, 0x0B, 0xF8, 0x00, 0x00, 0x00, 0x7F, 0x83,
    0xFC, 0x3F, 0xC0, 0x00, 0x00, 0x00, 0xFF, 0x5F, 0xF3, 0xFD, 0x00, 0x00, 0x00, 0x01, 0xFF, 0x7F,
    0xDF, 0xF0, 0x00, 0x00, 0x00, 0x02, 0xFF, 0xFF, 0xFF, 0x00, 0x00, 0x00, 0x00, 0x03, 0xFF, 0xFF,
    0xF8, 0x00, 0x00, 0x00, 0x00, 0x07, 0xFF, 0xFF, 0xC0, 0x00, 0x00, 0x00, 0x00, 0x0F, 0xFF, 0xFD,
    0x00, 0x00, 0x00, 0x00, 0x00, 0x2F, 0xFF, 0xF0, 0x00, 0x00, 0x00, 0x00, 0x01, 0xFF, 0xFF, 0xF0,
    0x00, 0x00, 0x00, 0x00, 0x1F, 0xFF, 0xFF, 0xF0, 0x00, 0x00, 0x00, 0x01, 0xFF, 0xFF, 0xFF, 0xF0,
    0x00, 0x00, 0x00, 0x1F, 0xFF, 0xFF, 0xFF, 0xE0, 0x00, 0x00, 0x00, 0xFF, 0xFF, 0xFF, 0xFF, 0xE0,
    0x00, 0x00, 0x0F, 0xFF, 0xBF, 0xFE, 0xFF, 0xE0, 0x00, 0x00, 0xFF, 0xF9, 0xFF, 0xF3, 0xFF, 0xE0,
    0x00, 0x0F, 0xFF, 0xC7, 0xFF, 0xC7, 0xFF, 0xE0, 0x00, 0xFF, 0xFC, 0x2F, 0xFF, 0x0B, 0xFF, 0xE0,
    0x0F, 0xFF, 0xD0, 0xBF, 0xFC, 0x0F, 0xFF, 0xE0, 0xFF, 0xFE, 0x03, 0xFF, 0xF4, 0x0F, 0xFF, 0xE0,
    0x00, 0x00, 0xFC, 0x01, 0xFC, 0x00, 0x00, 0x00, 0x07, 0xF0, 0x07, 0xF0, 0x00, 0x00, 0x00, 0x2F,
    0xD0, 0x2F, 0xD0, 0x00, 0x00, 0x00, 0xFF, 0x40, 0xFF, 0x40, 0x00, 0x00, 0x03, 0xFE, 0x03, 0xFD,
    0x00, 0x00, 0x00, 0x00, 0x00, 0x00, 0x00, 0x00, 0x00, 0x00, 0x00, 0x00, 0x00, 0x00, 0x00, 0x00,
    0x00, 0x00, 0x00, 0x00, 0x00, 0x00, 0x00, 0x00, 0x00, 0x00, 0x00, 0x00, 0x00, 0x06, 0xA0, 0x02,
    0xA0, 0x02, 0xA0, 0x00, 0x0F, 0xD0, 0x0F, 0xC0, 0x2F, 0xC0, 0x00, 0x1F, 0xC0, 0x3F, 0x01, 0xFC,
    0x00, 0x00, 0x3F, 0xC0, 0xFC, 0x0F, 0xE0, 0x00, 0x00, 0x3F, 0x43, 0xF0, 0xBF, 0x00, 0x00, 0x00,
    0x7F, 0x1F, 0xC3, 0xF4, 0x00, 0x00, 0x00, 0xFE, 0x7F, 0x3F, 0x80, 0x00, 0x00, 0x00, 0xFE, 0xFE,
    0xFC, 0x00, 0x00, 0x00, 0x02, 0xFF, 0xFF, 0xD0, 0x00, 0x00, 0x00, 0x03, 0xFF, 0xFF, 0x00, 0x00,
    0x00, 0x00, 0x07, 0xFF, 0xF0, 0x00, 0x00, 0x00, 0x00, 0x2F, 0xFF, 0xD0, 0x00, 0x00, 0x00, 0x02,
    0xFF, 0xFF, 0xD0, 0x00, 0x00, 0x00, 0x2F, 0xFF, 0xFF, 0xE0, 0x00, 0x00, 0x02, 0xFF, 0xFF, 0xFF,
    0xE0, 0x00, 0x00, 0x2F, 0xFF, 0xFF, 0xFF, 0xE0, 0x00, 0x02, 0xFF, 0xDF, 0xFC, 0xFF, 0xE0, 0x00,
    0x2F, 0xFC, 0x7F, 0xF0, 0xFF, 0xE0, 0x03, 0xFF, 0xD1, 0xFF, 0xD1, 0xFF, 0xE0, 0x3F, 0xFD, 0x0B,
    0xFF, 0x42, 0xFF, 0xE0, 0x3F, 0x00, 0x3F, 0x00, 0xFD, 0x01, 0xFD, 0x07, 0xF8, 0x0B, 0xF4, 0x2F,
    0xE0, 0x2F, 0xE0, 0xBF, 0x80, 0xBF, 0x80, 0x00, 0x00, 0x00, 0x00, 0x00, 0x00, 0x00, 0x00, 0x00,
    0x00, 0x00, 0x06, 0xFF, 0xE0, 0x00, 0xFF, 0xFF, 0xF8, 0x03, 0xFA, 0xAF, 0xF8, 0x00, 0x00, 0x03,
    0xF4, 0x00, 0x00, 0x07, 0xE0, 0x00, 0x00, 0x0F, 0xC0, 0x00, 0x00, 0x3E, 0x00, 0x00, 0x02, 0xF4,
    0x01, 0x55, 0xBF, 0x80, 0x0F, 0xFF, 0xF4, 0x00, 0x3F, 0xFF, 0xE0, 0x00, 0x00, 0x1F, 0xF0, 0x00,
    0x00, 0x0B, 0xE0, 0x00, 0x00, 0x0F, 0xC0, 0x00, 0x00, 0x2F, 0x00, 0x00, 0x00, 0xBD, 0x40, 0x00,
    0x07, 0xF2, 0xE0, 0x00, 0xBF, 0xCB, 0xFF, 0xFF, 0xFE, 0x2F, 0xFF, 0xFF, 0xF0, 0xBF, 0xFF, 0xFF,
    0x00, 0x6F, 0xFF, 0x90, 0x00, 0x0F, 0xC0, 0x0F, 0xC1, 0xFC, 0x01, 0xFC, 0x2F, 0xD0, 0x2F, 0xC3,
    0xFD, 0x03, 0xFD, 0x3F, 0xE0, 0x3F, 0xE0, 0x00, 0x00, 0x00, 0x00, 0x00, 0x00, 0x00, 0x00, 0x00,
    0x00, 0x00, 0x50, 0x00, 0x01, 0xFF, 0xF4, 0x00, 0x14, 0x02, 0xD0, 0x00, 0x00, 0x0F, 0x00, 0x00,
    0x00, 0x70, 0x00, 0x00, 0x0B, 0x00, 0x00, 0x02, 0xD0, 0x00, 0x3F, 0xF4, 0x00, 0x02, 0xAF, 0x80,
    0x00, 0x00, 0x2F, 0x00, 0x00, 0x00, 0xF0, 0x00, 0x00, 0x0F, 0x40, 0x00, 0x02, 0xF0, 0x03, 0xFF,
    0xFF, 0x00, 0x3F, 0xFF, 0xC0, 0x02, 0xFF, 0xD0, 0x00, 0x00, 0x00, 0x00, 0x03, 0xFF, 0xFF, 0xF0,
    0x3F, 0xFF, 0xFF, 0x40, 0x00, 0x01, 0xF4, 0x00, 0x00, 0x7F, 0x00, 0x00, 0x1F, 0xC0, 0x00, 0x07,
    0xF0, 0x00, 0x02, 0xFC, 0x00, 0x00, 0xBF, 0x00, 0x00, 0x0F, 0xF9, 0x00, 0x00, 0xFF, 0xFC, 0x00,
    0x00, 0x07, 0xF0, 0x00, 0x00, 0x0F, 0x80, 0x00, 0x00, 0xFC, 0x00, 0x00, 0x0F, 0xC0, 0x00, 0x01,
    0xFC, 0x07, 0xC0, 0x3F, 0xC1, 0xFF, 0xFF, 0xFC, 0x2F, 0xFF, 0xFF, 0x40, 0x7F, 0xFF, 0xF0, 0x00,
    0x7F, 0xF4, 0x00, 0x00, 0x00, 0x00, 0x00, 0x00, 0x00, 0x03, 0xFF, 0xFF, 0xF0, 0x3F, 0xFF, 0xFF,
    0x40, 0x00, 0x01, 0xF4, 0x00, 0x00, 0x3F, 0x40, 0x00, 0x0F, 0xD0, 0x00, 0x03, 0xF8, 0x00, 0x00,
    0xFE, 0x00, 0x00, 0x7F, 0x80, 0x00, 0x0F, 0xF4, 0x00, 0x00, 0xFF, 0xF4, 0x00, 0x05, 0x6F, 0xE0,
    0x00, 0x00, 0x2F, 0x40, 0x00, 0x00, 0xFC, 0x00, 0x00, 0x0F, 0xC0, 0x00, 0x00, 0xFC, 0x01, 0x00,
    0x1F, 0xC0, 0xBD, 0x07, 0xFC, 0x2F, 0xFF, 0xFF, 0x81, 0xFF, 0xFF, 0xF4, 0x03, 0xFF, 0xFD, 0x00,
    0x01, 0xA9, 0x00, 0x00, 0x00, 0x01, 0x54, 0x00, 0x00, 0xBF, 0xFF, 0xFF, 0x00, 0x00, 0x3F, 0xFF,
    0xFF, 0xD0, 0x00, 0x00, 0x00, 0x00, 0x00, 0x00, 0x00, 0x00, 0x00, 0x00, 0x00, 0x00, 0x00, 0x00,
    0x00, 0x00, 0x01, 0x50, 0x00, 0x00, 0x00, 0x01, 0xFD, 0x00, 0x00, 0x0A, 0xA0, 0x7F, 0x40, 0x00,
    0x0B, 0xFC, 0x1F, 0xD0, 0x00, 0x03, 0xFF, 0x07, 0xF8, 0x00, 0x02, 0xFF, 0xC0, 0xFE, 0x00, 0x00,
    0xFF, 0xF4, 0x3F, 0x80, 0x00, 0xBF, 0xFD, 0x0F, 0xF0, 0x00, 0x3F, 0xFF, 0x43, 0xFC, 0x00, 0x1F,
    0xEF, 0xE0, 0xFF, 0x00, 0x0F, 0xF7, 0xF8, 0x3F, 0xC0, 0x07, 0xF8, 0xFE, 0x0F, 0xF0, 0x03, 0xFC,
    0x7F, 0xC3, 0xFC, 0x01, 0xFE, 0x1F, 0xF0, 0xFF, 0x00, 0xFF, 0x07, 0xFC, 0x2F, 0xD0, 0x7F, 0x81,
    0xFF, 0x0B, 0xF4, 0x3F, 0xC0, 0x7F, 0xC2, 0xFD, 0x1F, 0xE0, 0x1F, 0xF0, 0xBF, 0x8F, 0xF0, 0x07,
    0xFD, 0x2F, 0xE7, 0xF8, 0x01, 0xFF, 0x47, 0xFA, 0xFC, 0x00, 0x7F, 0xD1, 0xFF, 0xFF, 0x00, 0x1F,
    0xF8, 0x7F, 0xFF, 0x40, 0x07, 0xFE, 0x1F, 0xFF, 0xC0, 0x01, 0xFF, 0x83, 0xFF, 0xD0, 0x00, 0x7F,
    0xF0, 0xFF, 0xF0, 0x00, 0x1F, 0xFC, 0x00, 0x00, 0x00, 0x40, 0x0A, 0xFF, 0xFF, 0xF0, 0x0F, 0xFF,
    0xFF, 0xF0, 0x05, 0x40, 0x00, 0x00, 0x00, 0x00, 0x00, 0x00, 0x00, 0x00, 0x00, 0x00, 0x10, 0x00,
    0x00, 0x00, 0xBC, 0x00, 0x03, 0xF8, 0xBC, 0x00, 0x0B, 0xF8, 0xBC, 0x00, 0x0F, 0xFC, 0xBC, 0x00,
    0x3F, 0x7C, 0xBC, 0x00, 0x7D, 0x7C, 0xBC, 0x00, 0xF8, 0x7C, 0xBC, 0x02, 0xF0, 0xBC, 0xBC, 0x07,
    0xD0, 0xBC, 0xBC, 0x0F, 0xC0, 0xBC, 0xBC, 0x2F, 0x00, 0xBC, 0xBC, 0x7E, 0x00, 0xFC, 0xBC, 0xFC,
    0x00, 0xFC, 0xBE, 0xF4, 0x00, 0xFC, 0xBF, 0xE0, 0x00, 0xFC, 0xBF, 0xC0, 0x00, 0xFC, 0xBF, 0x40,
    0x00, 0xFC, 0x02, 0xF4, 0x02, 0xF4, 0x00, 0x00, 0xFE, 0x00, 0xFD, 0x00, 0x00, 0x3F, 0x80, 0x7F,
    0x80, 0x00, 0x1F, 0xF0, 0x2F, 0xF0, 0x00, 0x0B, 0xFC, 0x0B, 0xFC, 0x00, 0x00, 0x00, 0x00, 0x00,
    0x00, 0x00, 0x00, 0x00, 0x00, 0x00, 0x00, 0x00, 0x00, 0x00, 0x00, 0x00, 0x7F, 0x00, 0x00, 0x00,
    0x00, 0x1F, 0xD0, 0x00, 0x01, 0xFF, 0x07, 0xF4, 0x00, 0x00, 0xBF, 0xC1, 0xFD, 0x00, 0x00, 0x3F,
    0xF0, 0x3F, 0x80, 0x00, 0x2F, 0xFC, 0x0F, 0xE0, 0x00, 0x0F, 0xFF, 0x43, 0xF8, 0x00, 0x0B, 0xFF,
    0xD0, 0xFF, 0x00, 0x03, 0xFF, 0xF4, 0x3F, 0xC0, 0x02, 0xFE, 0xFE, 0x0F, 0xF0, 0x00, 0xFF, 0x7F,
    0x83, 0xFC, 0x00, 0xBF, 0x5F, 0xE0, 0xFF, 0x00, 0x3F, 0xC7, 0xFC, 0x3F, 0xC0, 0x1F, 0xE1, 0xFF,
    0x0F, 0xF4, 0x0F, 0xF0, 0x7F, 0xC2, 0xFD, 0x07, 0xF8, 0x1F, 0xF0, 0xBF, 0x43, 0xFC, 0x07, 0xFC,
    0x2F, 0xD1, 0xFE, 0x01, 0xFF, 0x0B, 0xF8, 0xFF, 0x00, 0x7F, 0xD2, 0xFE, 0x7F, 0x80, 0x1F, 0xF4,
    0x7F, 0xBF, 0xC0, 0x07, 0xFD, 0x1F, 0xFF, 0xE0, 0x01, 0xFF, 0x87, 0xFF, 0xF4, 0x00, 0x7F, 0xE1,
    0xFF, 0xFC, 0x00, 0x1F, 0xF8, 0x3F, 0xFD, 0x00, 0x07, 0xFF, 0x0F, 0xFF, 0x00, 0x01, 0xFF, 0xC0,
    0x0F, 0xD0, 0x0F, 0xC0, 0x0F, 0xD0, 0x1F, 0xD0, 0x1F, 0xE0, 0x1F, 0xD0, 0x2F, 0xE0, 0x2F, 0xE0,
    0x2F, 0xE0, 0x2F, 0xE0, 0x00, 0x00, 0x00, 0x00, 0x00, 0x00, 0x00, 0x00, 0x10, 0x00, 0x00, 0x00,
    0xBC, 0x00, 0x03, 0xF8, 0xBC, 0x00, 0x0B, 0xF8, 0xBC, 0x00, 0x0F, 0xFC, 0xBC, 0x00, 0x3F, 0x7C,
    0xBC, 0x00, 0x7D, 0x7C, 0xBC, 0x00, 0xF8, 0x7C, 0xBC, 0x02, 0xF0, 0xBC, 0xBC, 0x07, 0xD0, 0xBC,
    0xBC, 0x0F, 0xC0, 0xBC, 0xBC, 0x2F, 0x00, 0xBC, 0xBC, 0x7E, 0x00, 0xFC, 0xBC, 0xFC, 0x00, 0xFC,
    0xBE, 0xF4, 0x00, 0xFC, 0xBF, 0xE0, 0x00, 0xFC, 0xBF, 0xC0, 0x00, 0xFC, 0xBF, 0x40, 0x00, 0xFC,
    0x00, 0x0B, 0xC0, 0x0F, 0xC0, 0x00, 0x00, 0x3F, 0x40, 0x3F, 0x40, 0x00, 0x01, 0xFE, 0x01, 0xFD,
    0x00, 0x00, 0x0B, 0xF8, 0x0B, 0xF8, 0x00, 0x00, 0x3F, 0xF0, 0x3F, 0xF0, 0x00, 0x00, 0x00, 0x00,
    0x00, 0x00, 0x00, 0x00, 0x00, 0x00, 0x00, 0x00, 0x00, 0x00, 0x00, 0x00, 0x00, 0x00, 0x00, 0x01,
    0xBF, 0xF9, 0x00, 0x00, 0x00, 0x7F, 0xFF, 0xFF, 0x80, 0x00, 0x0B, 0xFF, 0xEF, 0xFF, 0xD0, 0x00,
    0xFF, 0xE0, 0x01, 0xFF, 0xD0, 0x0B, 0xFD, 0x00, 0x00, 0xFF, 0xC0, 0x3F, 0xD0, 0x00, 0x00, 0xFF,
    0x82, 0xFE, 0x00, 0x00, 0x01, 0xFF, 0x0F, 0xF0, 0x00, 0x00, 0x03, 0xFD, 0x3F, 0xC0, 0x00, 0x00,
    0x07, 0xF5, 0xFD, 0x00, 0x00, 0x00, 0x0F, 0xE7, 0xF0, 0x00, 0x00, 0x00, 0x3F, 0x9F, 0xC0, 0x00,
    0x00, 0x00, 0xBF, 0x7F, 0x00, 0x00, 0x00, 0x02, 0xFD, 0xFC, 0x00, 0x00, 0x00, 0x0B, 0xE7, 0xF0,
    0x00, 0x00, 0x00, 0x3F, 0x9F, 0xD0, 0x00, 0x00, 0x00, 0xFE, 0x3F, 0xC0, 0x00, 0x00, 0x0B, 0xF4,
    0xFF, 0xC0, 0x00, 0x00, 0xBF, 0xC2, 0xFF, 0xF5, 0x01, 0x6F, 0xFF, 0x03, 0xFF, 0xFF, 0xFF, 0xFF,
    0xF8, 0x0B, 0xFF, 0xFF, 0xFF, 0xFF, 0xC0, 0x0F, 0xFF, 0xFF, 0xFF, 0xFE, 0x00, 0x0F, 0xFF, 0xFF,
    0xFF, 0xE0, 0x00, 0x0B, 0xFF, 0xFF, 0xFD, 0x00, 0x00, 0x01, 0xBF, 0xFE, 0x40, 0x00, 0x00, 0x00,
    0x00, 0x00, 0x00, 0x00, 0x0B, 0xD0, 0x0B, 0xD0, 0x3F, 0x80, 0x3F, 0x80, 0xFE, 0x00, 0xFE, 0x07,
    0xFC, 0x07, 0xFC, 0x2F, 0xF0, 0x2F, 0xF0, 0x00, 0x00, 0x00, 0x00, 0x00, 0x00, 0x00, 0x00, 0x00,
    0x00, 0x00, 0x00, 0x00, 0x00, 0x00, 0x01, 0xBF, 0xD0, 0x00, 0x3F, 0xFF, 0xF4, 0x03, 0xF8, 0x07,
    0xF0, 0x1F, 0x40, 0x03, 0xF0, 0xFC, 0x00, 0x07, 0xD7, 0xD0, 0x00, 0x0F, 0x9F, 0x00, 0x00, 0x3F,
    0xBC, 0x00, 0x00, 0xFE, 0xF0, 0x00, 0x03, 0xF7, 0xD0, 0x00, 0x0F, 0x9F, 0xC0, 0x00, 0xFE, 0x3F,
    0xFA, 0xAF, 0xF4, 0x7F, 0xFF, 0xFF, 0x80, 0xFF, 0xFF, 0xFC, 0x00, 0xFF, 0xFF, 0xD0, 0x00, 0x6F,
    0xF4, 0x00, 0x00, 0x02, 0xFF, 0xE4, 0x00, 0x00, 0x0B, 0xFF, 0xFF, 0xD0, 0x00, 0x1F, 0xFF, 0xFF,
    0xFD, 0x00, 0x0F, 0xFE, 0x56, 0xFF, 0xD0, 0x0F, 0xF8, 0x00, 0x07, 0xFC, 0x07, 0xF8, 0x00, 0x00,
    0x7F, 0x42, 0xFC, 0x00, 0x00, 0x0F, 0xF0, 0xFE, 0x00, 0x00, 0x01, 0xFC, 0x3F, 0x80, 0x00, 0x00,
    0x7F, 0x4F, 0xFB, 0xFF, 0xFF, 0xFF, 0xD3, 0xFF, 0xFF, 0xFF, 0xFF, 0xF4, 0xFE, 0x00, 0x00, 0x01,
    0xFD, 0x3F, 0x80, 0x00, 0x00, 0x7F, 0x4F, 0xF0, 0x00, 0x00, 0x3F, 0xC2, 0xFE, 0x00, 0x00, 0x1F,
    0xF0, 0x7F, 0xF4, 0x00, 0x6F, 0xF8, 0x0F, 0xFF, 0xFF, 0xFF, 0xFC, 0x01, 0xFF, 0xFF, 0xFF, 0xFE,
    0x00, 0x2F, 0xFF, 0xFF, 0xFF, 0x00, 0x02, 0xFF, 0xFF, 0xFF, 0x00, 0x00, 0x1F, 0xFF, 0xFD, 0x00,
    0x00, 0x00, 0x1A, 0x90, 0x00, 0x00, 0x00, 0x2F, 0xF9, 0x00, 0x02, 0xFF, 0xFF, 0x80, 0x0B, 0xFE,
    0xAF, 0xF0, 0x1F, 0xC0, 0x02, 0xF4, 0x3F, 0x00, 0x00, 0xFC, 0x3E, 0x00, 0x00, 0xBD, 0x7D, 0x00,
    0x00, 0x7E, 0xBF, 0xFF, 0xFF, 0xFE, 0xBF, 0xAA, 0xA9, 0xBE, 0x7E, 0x00, 0x00, 0x7E, 0x3F, 0x00,
    0x00, 0xFD, 0x3F, 0xE5, 0x5B, 0xFC, 0x1F, 0xFF, 0xFF, 0xF4, 0x0B, 0xFF, 0xFF, 0xF0, 0x01, 0xFF,
    0xFF, 0x80, 0x00, 0x2F, 0xF8, 0x00, 0x00, 0x3F, 0x00, 0x3E, 0x00, 0x00, 0x1F, 0xC0, 0x1F, 0xC0,
    0x00, 0x0B, 0xF4, 0x0B, 0xF0, 0x00, 0x03, 0xFD, 0x03, 0xFD, 0x00, 0x00, 0xFF, 0x80, 0xFF, 0x80,
    0x00, 0x00, 0x00, 0x00, 0x00, 0x00, 0x00, 0x00, 0x00, 0x00, 0x00, 0x00, 0x00, 0x00, 0x00, 0x00,
    0x00, 0x00, 0x00, 0x00, 0x00, 0x00, 0x00, 0x00, 0x00, 0x00, 0x00, 0x00, 0x00, 0x00, 0x00, 0x00,
    0x00, 0x00, 0x00, 0x00, 0x00, 0x00, 0x02, 0xFF, 0xE4, 0x00, 0x00, 0x0B, 0xFF, 0xFF, 0xD0, 0x00,
    0x1F, 0xFF, 0xFF, 0xFD, 0x00, 0x0F, 0xFE, 0x56, 0xFF, 0xD0, 0x0F, 0xF8, 0x00, 0x07, 0xFC, 0x07,
    0xF8, 0x00, 0x00, 0x7F, 0x42, 0xFC, 0x00, 0x00, 0x0F, 0xF0, 0xFE, 0x00, 0x00, 0x01, 0xFC, 0x3F,
    0x80, 0x00, 0x00, 0x7F, 0x4F, 0xFB, 0xFF, 0xFF, 0xFF, 0xD3, 0xFF, 0xFF, 0xFF, 0xFF, 0xF4, 0xFE,
    0x00, 0x00, 0x01, 0xFD, 0x3F, 0x80, 0x00, 0x00, 0x7F, 0x4F, 0xF0, 0x00, 0x00, 0x3F, 0xC2, 0xFE,
    0x00, 0x00, 0x1F, 0xF0, 0x7F, 0xF4, 0x00, 0x6F, 0xF8, 0x0F, 0xFF, 0xFF, 0xFF, 0xFC, 0x01, 0xFF,
    0xFF, 0xFF, 0xFE, 0x00, 0x2F, 0xFF, 0xFF, 0xFF, 0x00, 0x02, 0xFF, 0xFF, 0xFF, 0x00, 0x00, 0x1F,
    0xFF, 0xFD, 0x00, 0x00, 0x00, 0x1A, 0x90, 0x00, 0x00, 0x0B, 0xD0, 0x0B, 0xD0, 0x0F, 0xE0, 0x0F,
    0xE0, 0x0F, 0xE0, 0x1F, 0xE0, 0x1F, 0xF0, 0x1F, 0xF0, 0x2F, 0xF0, 0x2F, 0xF0, 0x00, 0x00, 0x00,
    0x00, 0x00, 0x00, 0x00, 0x00, 0x00, 0x00, 0x00, 0x00, 0x00, 0x00, 0x00, 0x00, 0x00, 0x00, 0x00,
    0x00, 0x00, 0x00, 0x00, 0x00, 0x00, 0x2F, 0xF9, 0x00, 0x02, 0xFF, 0xFF, 0x80, 0x0B, 0xFE, 0xAF,
    0xF0, 0x1F, 0xC0, 0x02, 0xF4, 0x3F, 0x00, 0x00, 0xFC, 0x3E, 0x00, 0x00, 0xBD, 0x7D, 0x00, 0x00,
    0x7E, 0xBF, 0xFF, 0xFF, 0xFE, 0xBF, 0xAA, 0xA9, 0xBE, 0x7E, 0x00, 0x00, 0x7E, 0x3F, 0x00, 0x00,
    0xFD, 0x3F, 0xE5, 0x5B, 0xFC, 0x1F, 0xFF, 0xFF, 0xF4, 0x0B, 0xFF, 0xFF, 0xF0, 0x01, 0xFF, 0xFF,
    0x80, 0x00, 0x2F, 0xF8, 0x00, 0x1F, 0x80, 0x1F, 0x80, 0x00, 0x2F, 0xC0, 0x2F, 0xC0, 0x00, 0x3F,
    0xC0, 0x3F, 0xC0, 0x00, 0x3F, 0xD0, 0x3F, 0xC0, 0x00, 0x3F, 0xD0, 0x7F, 0xD0, 0x00, 0x00, 0x00,
    0x00, 0x00, 0x00, 0x00, 0x00, 0x00, 0x00, 0x00, 0x00, 0x00, 0x00, 0x00, 0x00, 0x00, 0x00, 0x00,
    0x00, 0x00, 0x00, 0x06, 0xFF, 0x90, 0x00, 0x00, 0x7F, 0xFF, 0xFD, 0x00, 0x01, 0xFE, 0x01, 0xBF,
    0x80, 0x07, 0xF0, 0x00, 0x0F, 0xE0, 0x0F, 0xC0, 0x00, 0x03, 0xF4, 0x2F, 0x80, 0x00, 0x01, 0xFC,
    0x1A, 0x00, 0x00, 0x00, 0xFC, 0x00, 0x00, 0x00, 0x00, 0xBD, 0x00, 0x00, 0x00, 0x00, 0x7E, 0x00,
    0x03, 0xFF, 0xFF, 0xFF, 0x00, 0x03, 0xFF, 0xFF, 0xFF, 0x00, 0x03, 0xFF, 0xFF, 0xFF, 0x00, 0x00,
    0x00, 0x00, 0x7F, 0x00, 0x00, 0x00, 0x00, 0xBF, 0x00, 0x00, 0x00, 0x00, 0xFE, 0x6A, 0x90, 0x00,
    0x07, 0xFE, 0x7F, 0xFE, 0xA6, 0xBF, 0xFD, 0x3F, 0xFF, 0xFF, 0xFF, 0xFC, 0x2F, 0xFF, 0xFF, 0xFF,
    0xF8, 0x0F, 0xFF, 0xFF, 0xFF, 0xF0, 0x03, 0xFF, 0xFF, 0xFF, 0x80, 0x00, 0x6F, 0xFF, 0xE8, 0x00,
    0x00, 0x00, 0x00, 0x00, 0x00, 0x1F, 0x40, 0x2F, 0x40, 0x3F, 0x80, 0x3F, 0x80, 0x3F, 0xC0, 0x3F,
    0xC0, 0x3F, 0xC0, 0x7F, 0xC0, 0x7F, 0xC0, 0xBF, 0xC0, 0x00, 0x00, 0x00, 0x00, 0x00, 0x00, 0x00,
    0x00, 0x00, 0x00, 0x00, 0x00, 0x01, 0xBF, 0xE4, 0x00, 0x1F, 0xFB, 0xFF, 0x40, 0x2D, 0x00, 0x1F,
    0xD0, 0x10, 0x00, 0x03, 0xF0, 0x00, 0x00, 0x01, 0xF8, 0x00, 0x00, 0x00, 0xFC, 0x00, 0x00, 0x00,
    0xFD, 0x00, 0x0F, 0xFF, 0xFD, 0x00, 0x0F, 0xFF, 0xFD, 0x00, 0x00, 0x00, 0xFD, 0x00, 0x00, 0x01,
    0xFC, 0x14, 0x00, 0x03, 0xF8, 0x2E, 0x50, 0x6F, 0xF0, 0x2F, 0xFF, 0xFF, 0xD0, 0x1F, 0xFF, 0xFF,
    0x40, 0x01, 0xBF, 0xE4, 0x00, 0x00, 0x00, 0x00, 0x10, 0x06, 0xBF, 0xFF, 0xF4, 0x0F, 0xFF, 0xFF,
    0xF8, 0x05, 0x50, 0x00, 0x00, 0x00, 0x00, 0x00, 0x00, 0x00, 0x00, 0x00, 0x00, 0x00, 0x00, 0x00,
    0x00, 0xA8, 0x00, 0x00, 0x69, 0x7E, 0x00, 0x00, 0xBC, 0x3F, 0x00, 0x00, 0xFC, 0x1F, 0x80, 0x01,
    0xFC, 0x0F, 0xD0, 0x02, 0xF8, 0x07, 0xF0, 0x03, 0xF4, 0x03, 0xF4, 0x03, 0xF0, 0x01, 0xFC, 0x0B,
    0xF0, 0x00, 0xFE, 0x0F, 0xE0, 0x00, 0x7F, 0x0F, 0xD0, 0x00, 0x3F, 0xDF, 0xC0, 0x00, 0x1F, 0xFF,
    0xC0, 0x00, 0x0F, 0xFF, 0x80, 0x00, 0x07, 0xFF, 0x40, 0x00, 0x03, 0xFF, 0x00, 0x00, 0x02, 0xFF,
    0x00, 0x00, 0x01, 0xFE, 0x00, 0x00, 0x02, 0xFD, 0x00, 0x00, 0x07, 0xFC, 0x00, 0x00, 0x2F, 0xF8,
    0x00, 0x2F, 0xFF, 0xF0, 0x00, 0x3F, 0xFF, 0xC0, 0x00, 0x3F, 0xFE, 0x00, 0x00, 0x3F, 0xE0, 0x00,
    0x00, 0x00, 0x00, 0x01, 0x50, 0x03, 0xFF, 0xFF, 0xF8, 0x0B, 0xFF, 0xFF, 0xF8, 0x00, 0x00, 0x00,
    0x00, 0x00, 0x00, 0x00, 0x00, 0x00, 0x00, 0x00, 0x00, 0x00, 0x00, 0x00, 0x00, 0x00, 0x00, 0x00,
    0x00, 0x00, 0x00, 0x00, 0x00, 0x7E, 0x00, 0x00, 0x3F, 0x3F, 0x00, 0x00, 0x7E, 0x1F, 0x80, 0x00,
    0xBD, 0x0F, 0xD0, 0x00, 0xFC, 0x07, 0xF0, 0x00, 0xFC, 0x03, 0xF4, 0x02, 0xF8, 0x01, 0xFC, 0x03,
    0xF4, 0x00, 0xFE, 0x03, 0xF0, 0x00, 0x7F, 0x47, 0xF0, 0x00, 0x3F, 0xCF, 0xE0, 0x00, 0x1F, 0xEF,
    0xE0, 0x00, 0x0F, 0xFF, 0xD0, 0x00, 0x07, 0xFF, 0xC0, 0x00, 0x03, 0xFF, 0xC0, 0x00, 0x01, 0xFF,
    0x80, 0x00, 0x00, 0xFF, 0x40, 0x00, 0x00, 0xFF, 0x00, 0x00, 0x01, 0xFF, 0x00, 0x00, 0x07, 0xFD,
    0x00, 0x00, 0x6F, 0xFC, 0x00, 0x2F, 0xFF, 0xF0, 0x00, 0x2F, 0xFF, 0xC0, 0x00, 0x2F, 0xFE, 0x00,
    0x00, 0x2F, 0x90, 0x00, 0x00, 0x0B, 0xE0, 0x0B, 0xE0, 0x0F, 0xF0, 0x0F, 0xF0, 0x0F, 0xF0, 0x0F,
    0xF0, 0x0F, 0xF0, 0x1F, 0xF0, 0x1F, 0xF0, 0x1F, 0xF0, 0x00, 0x00, 0x00, 0x00, 0x00, 0x00, 0x00,
    0x00, 0x00, 0x00, 0x00, 0x00, 0x54, 0x00, 0x00, 0x14, 0xBD, 0x00, 0x00, 0xBD, 0x3F, 0x00, 0x00,
    0xFC, 0x2F, 0x80, 0x00, 0xFC, 0x0F, 0xC0, 0x02, 0xF8, 0x0B, 0xF0, 0x03, 0xF4, 0x03, 0xF4, 0x03,
    0xF0, 0x02, 0xFC, 0x07, 0xF0, 0x00, 0xFE, 0x0F, 0xE0, 0x00, 0xBF, 0x0F, 0xD0, 0x00, 0x3F, 0xDF,
    0xC0, 0x00, 0x2F, 0xFF, 0xC0, 0x00, 0x0F, 0xFF, 0x80, 0x00, 0x0B, 0xFF, 0x40, 0x00, 0x03, 0xFF,
    0x00, 0x00, 0x02, 0xFF, 0x00, 0x00, 0x01, 0xFE, 0x00, 0x00, 0x02, 0xFD, 0x00, 0x00, 0x07, 0xFC,
    0x00, 0x00, 0x2F, 0xF8, 0x00, 0x2F, 0xFF, 0xF0, 0x00, 0x3F, 0xFF, 0xC0, 0x00, 0x3F, 0xFE, 0x00,
    0x00, 0x3F, 0xE0, 0x00, 0x00, 0x07, 0xE0, 0x07, 0xE0, 0x0B, 0xF0, 0x0B, 0xF0, 0x0B, 0xF0, 0x0F,
    0xF0, 0x0F, 0xF4, 0x0F, 0xF4, 0x0F, 0xF4, 0x0F, 0xF4, 0x00, 0x00, 0x00, 0x00, 0x00, 0x00, 0x00,
    0x00, 0x00, 0x00, 0x00, 0x00, 0x00, 0x00, 0x00, 0x00, 0x00, 0x00, 0x00, 0x00, 0x00, 0x00, 0x00,
    0x00, 0x7E, 0x00, 0x00, 0x3F, 0x3F, 0x00, 0x00, 0x7E, 0x1F, 0x80, 0x00, 0xBD, 0x0F, 0xD0, 0x00,
    0xFC, 0x07, 0xF0, 0x00, 0xFC, 0x03, 0xF4, 0x02, 0xF8, 0x01, 0xFC, 0x03, 0xF4, 0x00, 0xFE, 0x03,
    0xF0, 0x00, 0x7F, 0x47, 0xF0, 0x00, 0x3F, 0xCF, 0xE0, 0x00, 0x1F, 0xEF, 0xE0, 0x00, 0x0F, 0xFF,
    0xD0, 0x00, 0x07, 0xFF, 0xC0, 0x00, 0x03, 0xFF, 0xC0, 0x00, 0x01, 0xFF, 0x80, 0x00, 0x00, 0xFF,
    0x40, 0x00, 0x00, 0xFF, 0x00, 0x00, 0x01, 0xFF, 0x00, 0x00, 0x07, 0xFD, 0x00, 0x00, 0x6F, 0xFC,
    0x00, 0x2F, 0xFF, 0xF0, 0x00, 0x2F, 0xFF, 0xC0, 0x00, 0x2F, 0xFE, 0x00, 0x00, 0x2F, 0x90, 0x00,
    0x00, 0x00, 0x07, 0xD0, 0x00, 0x07, 0xD0, 0x02, 0xF4, 0x00, 0x02, 0xF4, 0x00, 0xFD, 0x00, 0x00,
    0xFD, 0x00, 0x7F, 0x40, 0x00, 0x7F, 0x40, 0x15, 0x40, 0x00, 0x15, 0x40, 0x00, 0x00, 0x00, 0x00,
    0x00, 0x00, 0x00, 0x00, 0x00, 0x00, 0x00, 0x00, 0x00, 0x00, 0x00, 0x00, 0x00, 0x00, 0x00, 0x00,
    0x00, 0x00, 0x00, 0xBC, 0x00, 0x00, 0x7D, 0x00, 0x07, 0xE0, 0x00, 0x0B, 0xC0, 0x00, 0x3F, 0x00,
    0x00, 0xFC, 0x00, 0x01, 0xF8, 0x00, 0x1F, 0x80, 0x00, 0x0F, 0xD0, 0x02, 0xF8, 0x00, 0x00, 0x7F,
    0x00, 0x3F, 0x40, 0x00, 0x03, 0xF8, 0x03, 0xF0, 0x00, 0x00, 0x1F, 0xC0, 0xBF, 0x00, 0x00, 0x00,
    0xFE, 0x0F, 0xE0, 0x00, 0x00, 0x07, 0xF4, 0xFD, 0x00, 0x00, 0x00, 0x3F, 0xDF, 0xC0, 0x00, 0x00,
    0x01, 0xFF, 0xFC, 0x00, 0x00, 0x00, 0x0F, 0xFF, 0x80, 0x00, 0x00, 0x00, 0x7F, 0xF4, 0x00, 0x00,
    0x00, 0x03, 0xFF, 0x00, 0x00, 0x00, 0x00, 0x2F, 0xF0, 0x00, 0x00, 0x00, 0x01, 0xFE, 0x00, 0x00,
    0x00, 0x00, 0x3F, 0xD0, 0x00, 0x00, 0x00, 0x07, 0xFC, 0x00, 0x00, 0x00, 0x02, 0xFF, 0x80, 0x00,
    0x00, 0x2F, 0xFF, 0xF0, 0x00, 0x00, 0x03, 0xFF, 0xFC, 0x00, 0x00, 0x00, 0x3F, 0xFE, 0x00, 0x00,
    0x00, 0x03, 0xFE, 0x00, 0x00, 0x00, 0x00, 0x00, 0x00, 0x00, 0x00, 0x00, 0x00, 0x0B, 0xD0, 0x00,
    0x0B, 0xD0, 0x0F, 0xD0, 0x00, 0x0F, 0xD0, 0x1F, 0xD0, 0x00, 0x1F, 0xD0, 0x2F, 0xD0, 0x00, 0x2F,
    0xD0, 0x00, 0x00, 0x00, 0x00, 0x00, 0x00, 0x00, 0x00, 0x00, 0x00, 0x00, 0x00, 0x00, 0x00, 0x00,
    0x00, 0x00, 0x00, 0x00, 0x00, 0x00, 0x00, 0x00, 0x00, 0x00, 0x00, 0x00, 0x00, 0x00, 0x00, 0x00,
    0x00, 0x00, 0x00, 0x00, 0x00, 0x00, 0x1F, 0x80, 0x00, 0x0F, 0xC0, 0x03, 0xF0, 0x00, 0x07, 0xE0,
    0x00, 0x7E, 0x00, 0x02, 0xF4, 0x00, 0x0F, 0xD0, 0x00, 0xFC, 0x00, 0x01, 0xFC, 0x00, 0x3F, 0x00,
    0x00, 0x3F, 0x40, 0x2F, 0x80, 0x00, 0x07, 0xF0, 0x0F, 0xD0, 0x00, 0x00, 0xFE, 0x03, 0xF0, 0x00,
    0x00, 0x1F, 0xD1, 0xFC, 0x00, 0x00, 0x03, 0xFC, 0xFE, 0x00, 0x00, 0x00, 0x7F, 0xBF, 0x80, 0x00,
    0x00, 0x0F, 0xFF, 0xD0, 0x00, 0x00, 0x01, 0xFF, 0xF0, 0x00, 0x00, 0x00, 0x3F, 0xFC, 0x00, 0x00,
    0x00, 0x07, 0xFE, 0x00, 0x00, 0x00, 0x00, 0xFF, 0x40, 0x00, 0x00, 0x00, 0x3F, 0xC0, 0x00, 0x00,
    0x00, 0x1F, 0xF0, 0x00, 0x00, 0x00, 0x1F, 0xF4, 0x00, 0x00, 0x00, 0x6F, 0xFC, 0x00, 0x00, 0x0B,
    0xFF, 0xFC, 0x00, 0x00, 0x02, 0xFF, 0xFC, 0x00, 0x00, 0x00, 0xBF, 0xF8, 0x00, 0x00, 0x00, 0x2F,
    0x90, 0x00, 0x00, 0x00, 0x0F, 0xC0, 0x0F, 0xC0, 0x7F, 0x40, 0x7F, 0x02, 0xFD, 0x02, 0xFD, 0x0F,
    0xF8, 0x0F, 0xF4, 0x3F, 0xE0, 0x3F, 0xE0, 0x00, 0x00, 0x00, 0x00, 0x00, 0x00, 0x00, 0x00, 0x00,
    0x00, 0x00, 0x14, 0x00, 0x00, 0x52, 0xF0, 0x00, 0x03, 0xDB, 0xC0, 0x00, 0x0F, 0x6F, 0x00, 0x00,
    0x3D, 0xBC, 0x00, 0x00, 0xFA, 0xF0, 0x00, 0x03, 0xEB, 0xC0, 0x00, 0x1F, 0xAF, 0x00, 0x00, 0x7E,
    0xBC, 0x00, 0x01, 0xFA, 0xF0, 0x00, 0x0B, 0xEB, 0xC0, 0x00, 0x3F, 0x9F, 0x80, 0x02, 0xFE, 0x3F,
    0x80, 0x2F, 0xF8, 0xFF, 0xFF, 0xFF, 0xF0, 0xFF, 0xFF, 0xEF, 0xC0, 0xFF, 0xF8, 0x7F, 0x00, 0x15,
    0x02, 0xFC, 0x00, 0x00, 0x0B, 0xF0, 0x00, 0x00, 0x2F, 0xC0, 0x00, 0x00, 0xBF, 0x00, 0x00, 0x02,
    0xFC, 0x00, 0x00, 0x0B, 0xF0, 0x1F, 0x80, 0x1F, 0x43, 0xFC, 0x03, 0xF8, 0x3F, 0xC0, 0x3F, 0xC3,
    0xFC, 0x03, 0xFC, 0x7F, 0xC0, 0x7F, 0xC0, 0x00, 0x00, 0x00, 0x00, 0x00, 0x00, 0x00, 0x00, 0x00,
    0x00, 0x00, 0x00, 0x00, 0x00, 0x20, 0x00, 0x60, 0x07, 0x40, 0x0B, 0x00, 0x74, 0x00, 0xB0, 0x07,
    0x40, 0x0B, 0x40, 0x74, 0x00, 0xB4, 0x07, 0x40, 0x0B, 0x40, 0x74, 0x00, 0xF4, 0x07, 0xC0, 0x1F,
    0x40, 0x3E, 0x5B, 0xF4, 0x02, 0xFF, 0xFF, 0x40, 0x07, 0xF8, 0xF4, 0x00, 0x00, 0x0F, 0x40, 0x00,
    0x00, 0xF8, 0x00, 0x00, 0x0F, 0x80, 0x00, 0x00, 0xF8, 0x15, 0x55, 0x55, 0x51, 0xFF, 0xFF, 0xFF,
    0xE7, 0xFF, 0xFF, 0xFF, 0x9F, 0xC0, 0x00, 0x00, 0x7F, 0x00, 0x00, 0x01, 0xFC, 0x00, 0x00, 0x07,
    0xF0, 0x00, 0x00, 0x1F, 0xC0, 0x00, 0x00, 0x7F, 0x00, 0x00, 0x01, 0xFC, 0x00, 0x00, 0x07, 0xF0,
    0x00, 0x00, 0x1F, 0xC0, 0x00, 0x00, 0x7F, 0x40, 0x00, 0x02, 0xFD, 0x00, 0x00, 0x0B, 0xF4, 0x00,
    0x00, 0x2F, 0xD0, 0x00, 0x00, 0xBF, 0x40, 0x00, 0x02, 0xFE, 0x00, 0x00, 0x0B, 0xF8, 0x00, 0x00,
    0x2F, 0xE0, 0x00, 0x00, 0xBF, 0xD0, 0x00, 0x02, 0xFF, 0xC0, 0x00, 0x00, 0x0F, 0x00, 0x00, 0x00,
    0x3C, 0x00, 0x00, 0x00, 0xF0, 0x00, 0x00, 0x02, 0x80, 0x00, 0x00, 0x2A, 0xAA, 0xA4, 0xFF, 0xFF,
    0xE3, 0xC0, 0x00, 0x0F, 0x00, 0x00, 0x3C, 0x00, 0x00, 0xF0, 0x00, 0x03, 0xC0, 0x00, 0x0F, 0x40,
    0x00, 0x7D, 0x00, 0x01, 0xF4, 0x00, 0x07, 0xD0, 0x00, 0x1F, 0x40, 0x00, 0x7E, 0x00, 0x01, 0xF8,
    0x00, 0x07, 0xF8, 0x00, 0x00, 0xA0, 0x00, 0x02, 0x80, 0x00, 0x05, 0x00, 0x00, 0x00, 0x3F, 0x40,
    0x3F, 0x40, 0x00, 0x00, 0x00, 0xFE, 0x00, 0xFD, 0x00, 0x00, 0x00, 0x07, 0xF8, 0x07, 0xF8, 0x00,
    0x00, 0x00, 0x2F, 0xF0, 0x2F, 0xE0, 0x00, 0x00, 0x00, 0xBF, 0x80, 0xBF, 0x80, 0x00, 0x00, 0x00,
    0x00, 0x00, 0x00, 0x00, 0x00, 0x00, 0x00, 0x00, 0x00, 0x00, 0x00, 0x00, 0x00, 0x00, 0x00, 0x00,
    0x00, 0x00, 0x00, 0x00, 0x00, 0x00, 0x00, 0x00, 0x00, 0x00, 0x00, 0x00, 0x00, 0x00, 0x00, 0x00,
    0x00, 0x00, 0x00, 0x00, 0x00, 0x01, 0xFF, 0x0F, 0x80, 0x00, 0x00, 0x00, 0x03, 0xFC, 0x3E, 0x00,
    0x00, 0x00, 0x00, 0x0F, 0xF0, 0xF8, 0x00, 0x00, 0x00, 0x00, 0x3F, 0x83, 0xE0, 0x00, 0x00, 0x00,
    0x00, 0xFE, 0x0F, 0x80, 0x00, 0x00, 0x00, 0x03, 0xF8, 0x3E, 0x00, 0x00, 0x00, 0x00, 0x0F, 0xE0,
    0xF8, 0x00, 0x00, 0x00, 0x00, 0x3F, 0x83, 0xE0, 0x00, 0x00, 0x00, 0x00, 0xFE, 0x0F, 0xFF, 0xF9,
    0x00, 0x00, 0x03, 0xFC, 0x3F, 0xFF, 0xFF, 0x40, 0x00, 0x0F, 0xF0, 0xF8, 0x00, 0x7F, 0x00, 0x00,
    0x3F, 0xC3, 0xF0, 0x00, 0x3F, 0x00, 0x00, 0xFF, 0x0F, 0xC0, 0x00, 0x7C, 0x00, 0x03, 0xFC, 0x3F,
    0x00, 0x00, 0xF4, 0x00, 0x0F, 0xF0, 0xFC, 0x00, 0x03, 0xD0, 0x00, 0x3F, 0xC3, 0xF0, 0x00, 0x1F,
    0x40, 0x00, 0xFF, 0x0F, 0xC0, 0x02, 0xFC, 0x00, 0x03, 0xFD, 0x3F, 0xFF, 0xFF, 0xF0, 0x00, 0x1F,
    0xF4, 0xFF, 0xFF, 0xFF, 0x40, 0x00, 0x7F, 0xD3, 0xFF, 0xFF, 0xF4, 0x00, 0x01, 0xFF, 0x8F, 0xFF,
    0xFA, 0x00, 0x00, 0x07, 0xFE, 0x00, 0xBD, 0x00, 0xBD, 0x00, 0x00, 0xFE, 0x00, 0xFE, 0x00, 0x00,
    0xFE, 0x01, 0xFE, 0x00, 0x01, 0xFF, 0x01, 0xFF, 0x00, 0x02, 0xFF, 0x02, 0xFF, 0x00, 0x00, 0x00,
    0x00, 0x00, 0x00, 0x00, 0x00, 0x00, 0x00, 0x00, 0x00, 0x00, 0x00, 0x00, 0x00, 0x00, 0x00, 0x00,
    0x00, 0x00, 0x00, 0x00, 0x00, 0x00, 0x00, 0xBE, 0x00, 0x00, 0x00, 0x3C, 0xBE, 0x00, 0x00, 0x00,
    0x3C, 0xBE, 0x00, 0x00, 0x00, 0x7C, 0x7E, 0x00, 0x00, 0x00, 0x7C, 0x7E, 0x00, 0x00, 0x00, 0x7C,
    0x7E, 0x00, 0x00, 0x00, 0x7C, 0x7F, 0xFF, 0xE4, 0x00, 0x7C, 0x7F, 0xAA, 0xBF, 0x00, 0x7C, 0x3E,
    0x00, 0x0B, 0xC0, 0x7C, 0x3E, 0x00, 0x03, 0xD0, 0x7D, 0x3F, 0x00, 0x02, 0xE0, 0x7D, 0x3F, 0x00,
    0x03, 0xE0, 0xBD, 0x3F, 0x00, 0x1F, 0xD0, 0xBD, 0x3F, 0xFF, 0xFF, 0xC0, 0xBD, 0x3F, 0xFF, 0xFF,
    0x40, 0xBD, 0x3F, 0xFF, 0xE4, 0x00, 0xBD, 0x0A, 0x80, 0x00, 0x00, 0x06, 0x90, 0x00, 0x07, 0xF0,
    0x00, 0x00, 0x1F, 0xC0, 0x00, 0x03, 0xF8, 0x00, 0x00, 0x3F, 0x40, 0x00, 0x00, 0xFD, 0x00, 0x00,
    0xBF, 0x00, 0x00, 0x00, 0xBF, 0x00, 0x01, 0xFC, 0x00, 0x00, 0x00, 0x3F, 0x80, 0x03, 0xF8, 0x00,
    0x00, 0x00, 0x1F, 0xD0, 0x0F, 0xF0, 0x00, 0x00, 0x00, 0x0F, 0xF0, 0x2F, 0xD0, 0x00, 0x00, 0x00,
    0x03, 0xFC, 0x7F, 0x80, 0x00, 0x00, 0x00, 0x02, 0xFE, 0xFF, 0x00, 0x00, 0x00, 0x00, 0x00, 0xFF,
    0xFD, 0x00, 0x00, 0x00, 0x00, 0x00, 0x7F, 0xF8, 0x00, 0x00, 0x00, 0x00, 0x00, 0x2F, 0xF0, 0x00,
    0x00, 0x00, 0x00, 0x00, 0x3F, 0xF4, 0x00, 0x00, 0x00, 0x00, 0x00, 0xFF, 0xFC, 0x00, 0x00, 0x00,
    0x00, 0x02, 0xFF, 0xFF, 0x00, 0x00, 0x00, 0x00, 0x07, 0xFE, 0xFF, 0x40, 0x00, 0x00, 0x00, 0x0F,
    0xFC, 0xBF, 0xC0, 0x00, 0x00, 0x00, 0x2F, 0xF4, 0x3F, 0xF0, 0x00, 0x00, 0x00, 0x7F, 0xE0, 0x1F,
    0xF8, 0x00, 0x00, 0x00, 0xFF, 0xC0, 0x0F, 0xFD, 0x00, 0x00, 0x03, 0xFF, 0x40, 0x03, 0xFF, 0x40,
    0x00, 0x0B, 0xFE, 0x00, 0x02, 0xFF, 0xFB, 0xD0, 0x1F, 0xFC, 0x00, 0x00, 0xFF, 0xFF, 0xF4, 0x3F,
    0xF4, 0x00, 0x00, 0x7F, 0xFF, 0xFC, 0x00, 0x00, 0x00, 0x00, 0x3F, 0xFF, 0xF4, 0x00, 0x00, 0x00,
    0x00, 0x0B, 0xFE, 0x40, 0x00, 0x00, 0x00, 0x00, 0x00, 0x00, 0x00, 0x00, 0x00, 0x00, 0x00, 0x00,
    0x0F, 0x40, 0x00, 0x7C, 0x00, 0x07, 0xC0, 0x00, 0xF4, 0x00, 0x02, 0xF0, 0x02, 0xF0, 0x00, 0x00,
    0xF8, 0x07, 0xC0, 0x00, 0x00, 0xBC, 0x0F, 0x40, 0x00, 0x00, 0x3F, 0x3F, 0x00, 0x00, 0x00, 0x1F,
    0xFC, 0x00, 0x00, 0x00, 0x0B, 0xF8, 0x00, 0x00, 0x00, 0x03, 0xF0, 0x00, 0x00, 0x00, 0x0B, 0xF8,
    0x00, 0x00, 0x00, 0x1F, 0xFD, 0x00, 0x00, 0x00, 0x3F, 0x7F, 0x00, 0x00, 0x00, 0xFE, 0x2F, 0xC0,
    0x00, 0x02, 0xFC, 0x0F, 0xE0, 0x00, 0x07, 0xF4, 0x07, 0xF8, 0x10, 0x0F, 0xE0, 0x02, 0xFF, 0xF4,
    0x3F, 0xC0, 0x00, 0xFF, 0xFC, 0x00, 0x00, 0x00, 0x7F, 0xE0, 0x00, 0x00, 0x00, 0x00, 0x00, 0xBF,
    0xFF, 0xFF, 0xCB, 0xFF, 0xFF, 0xFC, 0xBF, 0xFF, 0xFF, 0xC0, 0xBF, 0xFF, 0xFF, 0xCB, 0xFF, 0xFF,
    0xFC, 0xBF, 0xFF, 0xFF, 0xC0, 0xBF, 0xFF, 0xFF, 0xFF, 0xFE, 0xBF, 0xFF, 0xFF, 0xFF, 0xFE, 0xBF,
    0xFF, 0xFF, 0xFF, 0xFE, 0x6A, 0xAA, 0xAA, 0xAA, 0xAA, 0xFF, 0xFF, 0xFF, 0xFF, 0xFB, 0xFF, 0xFF,
    0xFF, 0xFF, 0x80, 0x00, 0x00, 0x00, 0x00, 0x6A, 0xAA, 0xAA, 0xAA, 0xAA, 0xAA, 0xAA, 0x6F, 0xFF,
    0xFF, 0xFF, 0xFF, 0xFF, 0xFF, 0xDB, 0xFF, 0xFF, 0xFF, 0xFF, 0xFF, 0xFF, 0xF4, 0x00, 0x00, 0x00,
    0x00, 0x00, 0x00, 0x00, 0x6A, 0xAA, 0xAA, 0xAA, 0xAA, 0xAA, 0xAA, 0x6F, 0xFF, 0xFF, 0xFF, 0xFF,
    0xFF, 0xFF, 0xDB, 0xFF, 0xFF, 0xFF, 0xFF, 0xFF, 0xFF, 0xF4, 0x00, 0x00, 0x00, 0x00, 0x00, 0x00,
    0x00, 0x2C, 0x00, 0x1D, 0x3C, 0x00, 0x2E, 0x3C, 0x00, 0x2D, 0x3C, 0x00, 0x2D, 0x3C, 0x00, 0x2D,
    0x3C, 0x00, 0x2D, 0x3C, 0x00, 0x2D, 0x3C, 0x00, 0x2D, 0x3C, 0x00, 0x2D, 0x3C, 0x00, 0x3D, 0x3C,
    0x00, 0x3C, 0x7C, 0x00, 0x3C, 0x78, 0x00, 0x3C, 0x78, 0x00, 0x3C, 0x78, 0x00, 0x3C, 0x78, 0x00,
    0x3C, 0x78, 0x00, 0x3C, 0x78, 0x00, 0x3C, 0x78, 0x00, 0x3C, 0xB8, 0x00, 0x3C, 0xB8, 0x00, 0x3C,
    0xB4, 0x00, 0x3C, 0xB4, 0x00, 0x3C, 0xB4, 0x00, 0x3C, 0xB4, 0x00, 0x3C, 0xBF, 0xFF, 0xFF, 0xFF,
    0xFF, 0xEF, 0xFF, 0xFF, 0xFF, 0xFF, 0xFB, 0xFF, 0xFF, 0xFF, 0xFF, 0xFC, 0x00, 0x00, 0x00, 0x00,
    0x00, 0x00, 0x00, 0x00, 0x00, 0x00, 0x00, 0x00, 0x00, 0x00, 0x00, 0x0B, 0xFF, 0xFF, 0xFF, 0xFF,
    0xFE, 0xFF, 0xFF, 0xFF, 0xFF, 0xFF, 0xBF, 0xFF, 0xFF, 0xFF, 0xFF, 0xC0, 0x7F, 0xD0, 0x3F, 0xE0,
    0x3F, 0xE0, 0x2F, 0xF0, 0x1F, 0xF0, 0x0F, 0xF0, 0x0B, 0xF8, 0x07, 0xFC, 0x00, 0x00, 0x0F, 0xFC,
    0x0F, 0xF8, 0x0F, 0xF4, 0x0F, 0xF0, 0x0F, 0xF0, 0x2F, 0xE0, 0x3F, 0xD0, 0x7F, 0xC0, 0x00, 0x00,
    0x00, 0x00, 0x0F, 0xFC, 0x0F, 0xF8, 0x0F, 0xF4, 0x1F, 0xF0, 0x1F, 0xF0, 0x2F, 0xE0, 0x3F, 0xD0,
    0x7F, 0xC0, 0x00, 0x00, 0x7F, 0xD0, 0x3F, 0xE0, 0x3F, 0xE0, 0x2F, 0xF0, 0x1F, 0xF0, 0x0F, 0xF0,
    0x0B, 0xF8, 0x07, 0xFC, 0x00, 0x00, 0x7F, 0xD2, 0xFF, 0x40, 0xFF, 0x87, 0xFD, 0x03, 0xFE, 0x0F,
    0xF8, 0x0B, 0xFC, 0x2F, 0xE0, 0x1F, 0xF0, 0x7F, 0x80, 0x3F, 0xC0, 0xFF, 0x00, 0xBF, 0x83, 0xFD,
    0x01, 0xFF, 0x0B, 0xFC, 0x00, 0x00, 0x00, 0x00, 0x0F, 0xFC, 0x3F, 0xF0, 0x3F, 0xE0, 0xFF, 0x80,
    0xFF, 0x43, 0xFD, 0x03, 0xFC, 0x1F, 0xF0, 0x0F, 0xF0, 0x7F, 0xC0, 0xBF, 0x82, 0xFE, 0x03, 0xFD,
    0x0F, 0xF4, 0x1F, 0xF0, 0x7F, 0xC0, 0x00, 0x00, 0x00, 0x00, 0x00, 0x00, 0x0F, 0xFC, 0x0F, 0xF8,
    0x0F, 0xF4, 0x1F, 0xF0, 0x1F, 0xF0, 0x2F, 0xE0, 0x3F, 0xD0, 0x7F, 0xC0, 0x00, 0x00, 0x3F, 0xE1,
    0xFF, 0x80, 0xFF, 0xC3, 0xFF, 0x02, 0xFF, 0x0B, 0xFC, 0x07, 0xFC, 0x1F, 0xF0, 0x0F, 0xF0, 0x3F,
    0xC0, 0x3F, 0xD0, 0xFF, 0x40, 0xBF, 0xC2, 0xFE, 0x00, 0xFF, 0x07, 0xFC, 0x00, 0x00, 0x00, 0x00,
    0x00, 0x06, 0x00, 0x00, 0x00, 0x7C, 0x00, 0x00, 0x01, 0xF0, 0x00, 0x00, 0x07, 0xC0, 0x00, 0x00,
    0x1F, 0x00, 0x00, 0x00, 0x7C, 0x00, 0x00, 0x01, 0xF0, 0x00, 0x00, 0x07, 0xC0, 0x00, 0x00, 0x1F,
    0x00, 0x00, 0x00, 0x7C, 0x00, 0x00, 0x01, 0xF0, 0x00, 0x00, 0x07, 0xC0, 0x00, 0x00, 0x6F, 0xFF,
    0xF0, 0xFF, 0xFF, 0xFF, 0xDB, 0xFF, 0xF9, 0x55, 0x00, 0x03, 0xC0, 0x00, 0x00, 0x0F, 0x00, 0x00,
    0x00, 0x3C, 0x00, 0x00, 0x00, 0xF0, 0x00, 0x00, 0x03, 0xD0, 0x00, 0x00, 0x0F, 0x40, 0x00, 0x00,
    0x3D, 0x00, 0x00, 0x00, 0xF4, 0x00, 0x00, 0x03, 0xD0, 0x00, 0x00, 0x0F, 0x40, 0x00, 0x00, 0x3D,
    0x00, 0x00, 0x00, 0xF4, 0x00, 0x00, 0x03, 0xD0, 0x00, 0x00, 0x0F, 0x40, 0x00, 0x00, 0x3D, 0x00,
    0x00, 0x00, 0xF4, 0x00, 0x00, 0x03, 0xD0, 0x00, 0x00, 0x0F, 0x40, 0x00, 0x00, 0x3D, 0x00, 0x00,
    0x00, 0xB4, 0x00, 0x00, 0x00, 0xD0, 0x00, 0x00, 0x01, 0x40, 0x00, 0x00, 0x01, 0x00, 0x00, 0x00,
    0x05, 0x00, 0x00, 0x00, 0x0F, 0x40, 0x00, 0x00, 0x0F, 0x40, 0x00, 0x00, 0x0F, 0x40, 0x00, 0x00,
    0x0F, 0x40, 0x00, 0x00, 0x0F, 0x40, 0x00, 0x00, 0x0F, 0x40, 0x00, 0x00, 0x0F, 0x40, 0x00, 0x00,
    0x0F, 0x40, 0x00, 0x00, 0x0F, 0x40, 0x00, 0x00, 0x0F, 0x40, 0x00, 0x00, 0x0F, 0x40, 0x00, 0x00,
    0x5F, 0xFF, 0xF4, 0x3F, 0xFF, 0xFF, 0xF8, 0x7F, 0xFF, 0x95, 0x54, 0x00, 0x0F, 0x40, 0x00, 0x00,
    0x0F, 0x40, 0x00, 0x00, 0x0F, 0x80, 0x00, 0x00, 0x0F, 0x80, 0x00, 0x00, 0x0F, 0x80, 0x00, 0x00,
    0x0F, 0x80, 0x00, 0x00, 0x0F, 0x80, 0x00, 0x00, 0x0F, 0x80, 0x00, 0x00, 0x0F, 0x96, 0x40, 0x1F,
    0xFF, 0xFF, 0xC0, 0x3F, 0xFF, 0xFF, 0xC0, 0x15, 0x5F, 0x80, 0x00, 0x00, 0x0F, 0x80, 0x00, 0x00,
    0x0F, 0x80, 0x00, 0x00, 0x0F, 0x80, 0x00, 0x00, 0x0F, 0x80, 0x00, 0x00, 0x0F, 0x80, 0x00, 0x00,
    0x0F, 0x80, 0x00, 0x00, 0x0B, 0x80, 0x00, 0x00, 0x03, 0x80, 0x00, 0x00, 0x02, 0xC0, 0x00, 0x00,
    0x00, 0x80, 0x00, 0x00, 0x00, 0x00, 0x00, 0x01, 0xFF, 0xFF, 0xF8, 0x00, 0x7F, 0xFF, 0xFE, 0x00,
    0x2F, 0xFF, 0xFF, 0xC0, 0x0F, 0xFF, 0xFF, 0xF0, 0x03, 0xFF, 0xFF, 0xFC, 0x01, 0xFF, 0xFF, 0xFF,
    0x40, 0xBF, 0xFF, 0xFF, 0xD0, 0x3F, 0xFF, 0xFF, 0xF8, 0x0F, 0xFF, 0xFF, 0xFE, 0x03, 0xFF, 0xFF,
    0xFF, 0xC1, 0xFF, 0xFF, 0xFF, 0xF0, 0xBF, 0xFF, 0xFF, 0xFC, 0x3F, 0xFF, 0xFF, 0xFF, 0x4F, 0xFF,
    0xFF, 0xFF, 0xD3, 0xFF, 0xFF, 0xFF, 0xF9, 0xFF, 0xFF, 0xFF, 0xFF, 0x6A, 0xAA, 0xAA, 0xAA, 0x40,
    0x00, 0x00, 0x64, 0x00, 0xBE, 0x00, 0xBF, 0xE0, 0xBF, 0xFC, 0xBF, 0xF4, 0xBF, 0x40, 0xB4, 0x00,
    0x00, 0x00, 0x1F, 0x43, 0xF8, 0x3F, 0xC3, 0xFC, 0x7F, 0xC0, 0x1F, 0x43, 0xF8, 0x3F, 0xC3, 0xFC,
    0x7F, 0xC0, 0x1F, 0x40, 0x01, 0xF8, 0x00, 0x2F, 0x43, 0xF8, 0x00, 0x2F, 0xC0, 0x03, 0xF8, 0x3F,
    0xC0, 0x03, 0xFC, 0x00, 0x3F, 0xC3, 0xFC, 0x00, 0x3F, 0xD0, 0x07, 0xFC, 0x7F, 0xC0, 0x03, 0xFD,
    0x00, 0xBF, 0xC0, 0xBD, 0xBD, 0xBD, 0x00, 0x00, 0x00, 0x00, 0x00, 0x00, 0x00, 0x00, 0x3C, 0x09,
    0x80, 0x00, 0x0F, 0x02, 0x45, 0x00, 0x01, 0xE0, 0x30, 0x30, 0x00, 0x3C, 0x03, 0x33, 0x00, 0x0B,
    0x80, 0x33, 0x30, 0x00, 0xF0, 0x03, 0x47, 0x00, 0x3D, 0x00, 0x3F, 0xE0, 0x07, 0xC0, 0x00, 0xF8,
    0x00, 0xF4, 0x00, 0x00, 0x00, 0x2E, 0x00, 0x00, 0x00, 0x03, 0xC0, 0x00, 0x00, 0x00, 0xF8, 0x00,
    0x00, 0x00, 0x1F, 0x00, 0x00, 0x00, 0x03, 0xD0, 0x00, 0x00, 0x00, 0xBC, 0x00, 0x00, 0x00, 0x0F,
    0x40, 0x00, 0x00, 0x03, 0xF0, 0x40, 0x00, 0x00, 0x7D, 0x21, 0x08, 0x40, 0x0F, 0x86, 0x48, 0x92,
    0x02, 0xF0, 0x58, 0x9A, 0x20, 0x3E, 0x06, 0x19, 0x82, 0x0F, 0xC0, 0x3B, 0x4E, 0xE1, 0xF4, 0x01,
    0xE0, 0x7C, 0x15, 0x00, 0x00, 0x00, 0x00, 0x0F, 0xFC, 0x0F, 0xF8, 0x0F, 0xF4, 0x0F, 0xF0, 0x0F,
    0xF0, 0x2F, 0xE0, 0x3F, 0xD0, 0x7F, 0xC0, 0x00, 0x00, 0x0F, 0xFC, 0x3F, 0xF0, 0x3F, 0xE0, 0xFF,
    0x80, 0xFF, 0x43, 0xFD, 0x03, 0xFC, 0x1F, 0xF0, 0x0F, 0xF0, 0x7F, 0xC0, 0xBF, 0x82, 0xFE, 0x03,
    0xFD, 0x0F, 0xF4, 0x1F, 0xF0, 0x7F, 0xC0, 0x00, 0x00, 0x00, 0x00, 0x00, 0x00, 0x00, 0x00, 0x00,
    0x00, 0x02, 0x40, 0x03, 0x40, 0x09, 0x00, 0x1F, 0xC0, 0x2F, 0x80, 0x7F, 0x00, 0xFD, 0x01, 0xFC,
    0x03, 0xF4, 0x07, 0xE0, 0x0F, 0xC0, 0x2F, 0x40, 0x3F, 0x00, 0x7D, 0x00, 0xF8, 0x02, 0xF0, 0x03,
    0xE0, 0x0B, 0xC0, 0x0F, 0x40, 0x1E, 0x00, 0x3C, 0x00, 0x00, 0x00, 0x00, 0x00, 0x00, 0x00, 0x00,
    0x00, 0x0A, 0x00, 0x3F, 0x00, 0x1F, 0xC0, 0x0B, 0xD0, 0x03, 0xF0, 0x00, 0xF4, 0x00, 0x6C, 0x00,
    0x00, 0x00, 0x00, 0x00, 0x00, 0xA0, 0x0A, 0x00, 0x3F, 0x03, 0xF4, 0x01, 0xF8, 0x1F, 0xC0, 0x0B,
    0xD0, 0xBD, 0x00, 0x3F, 0x03, 0xF0, 0x00, 0xF4, 0x0F, 0x40, 0x06, 0xC0, 0x6C, 0x00, 0x00, 0x00,
    0x00, 0x00, 0x00, 0x00, 0x00, 0x00, 0x00, 0x28, 0x00, 0xB0, 0x00, 0x90, 0x03, 0xF0, 0x0F, 0xD0,
    0x0F, 0xC0, 0x0B, 0xE0, 0x1F, 0xC0, 0x2F, 0x80, 0x0B, 0xD0, 0x1F, 0x80, 0x3F, 0x00, 0x0F, 0xC0,
    0x2F, 0x00, 0x3E, 0x00, 0x0F, 0x40, 0x3E, 0x00, 0x7D, 0x00, 0x1F, 0x00, 0x2C, 0x00, 0x7C, 0x00,
    0x00, 0x00, 0x00, 0x00, 0x00, 0x00, 0x3C, 0x00, 0x00, 0xBF, 0x00, 0x02, 0xEB, 0x80, 0x0B, 0xC3,
    0xF0, 0x3F, 0x00, 0xFD, 0x00, 0x00, 0x00, 0x0B, 0x00, 0x2F, 0x00, 0xFD, 0x03, 0xF0, 0x1F, 0xC0,
    0x3E, 0x00, 0xBF, 0x00, 0x3F, 0xC0, 0x0F, 0xF0, 0x03, 0xFC, 0x00, 0xFD, 0x00, 0x2C, 0x00, 0x08,
    0x00, 0x00, 0xA0, 0x00, 0xBC, 0x00, 0x3F, 0x00, 0x0F, 0xD0, 0x02, 0xF4, 0x00, 0xBD, 0x00, 0xFE,
    0x03, 0xFC, 0x0F, 0xF0, 0x3F, 0xC0, 0x3F, 0x00, 0x3C, 0x00, 0x20, 0x00, 0x00, 0x00, 0x00, 0x0F,
    0xC0, 0x00, 0x00, 0x00, 0x2A, 0x80, 0x00, 0xFD, 0x00, 0x0A, 0xA0, 0x02, 0xFE, 0x00, 0x1F, 0xE0,
    0x03, 0xFC, 0x00, 0x0B, 0xF8, 0x02, 0xFE, 0x00, 0xFF, 0x40, 0x00, 0x3F, 0xD0, 0x3F, 0xF0, 0x3F,
    0xE0, 0x00, 0x00, 0xFF, 0x40, 0x00, 0x0F, 0xFC, 0x00, 0x00, 0x07, 0xFD, 0x00, 0x02, 0xFF, 0x00,
    0x00, 0x00, 0x2F, 0xF0, 0x00, 0xBF, 0xC0, 0x00, 0x00, 0x00, 0xFF, 0xC0, 0x1F, 0xF4, 0x00, 0x00,
    0x00, 0x03, 0xFF, 0x07, 0xFE, 0x00, 0x00, 0x00, 0x00, 0x1F, 0xF9, 0xFF, 0xC0, 0x00, 0x01, 0xFC,
    0x00, 0xBF, 0xFF, 0xF0, 0x03, 0xF0, 0x2F, 0xC0, 0x03, 0xFF, 0xFD, 0x00, 0x7F, 0x43, 0xFC, 0x00,
    0x0F, 0xFF, 0x40, 0x07, 0xF4, 0x3F, 0xD0, 0x00, 0xFF, 0xF4, 0x00, 0xBF, 0x83, 0xFD, 0x00, 0x3F,
    0xFF, 0xD0, 0x0F, 0xF8, 0x00, 0x00, 0x0F, 0xFF, 0xFF, 0x00, 0x00, 0x00, 0x00, 0x03, 0xFF, 0xFF,
    0xFC, 0x00, 0x00, 0x00, 0x00, 0xBF, 0xF4, 0xFF, 0xF0, 0x00, 0x00, 0x00, 0x2F, 0xFE, 0x07, 0xFF,
    0xC0, 0x00, 0x00, 0x0B, 0xFF, 0x80, 0x1F, 0xFF, 0x00, 0x00, 0x02, 0xFF, 0xF0, 0x00, 0xBF, 0xFC,
    0x00, 0x00, 0xBF, 0xFC, 0x00, 0x03, 0xFF, 0xF0, 0x00, 0x2F, 0xFF, 0x40, 0x00, 0x0F, 0xFF, 0x80,
    0x0B, 0xFF, 0xD0, 0x3F, 0x40, 0x3F, 0xFE, 0x01, 0xFF, 0xF8, 0x03, 0xF4, 0x01, 0xFF, 0xF8, 0x00,
    0x00, 0x00, 0x7F, 0x80, 0x00, 0x00, 0x00, 0x00, 0x00, 0x0B, 0xF8, 0x00, 0x00, 0x00, 0x00, 0x00,
    0x00, 0xBF, 0x80, 0x00, 0x00, 0x00, 0x00, 0xA0, 0x0B, 0xC0, 0x2F, 0x00, 0xBC, 0x03, 0xF0, 0x0F,
    0xC0, 0x3F, 0x00, 0xFC, 0x03, 0xF0, 0x0F, 0xC0, 0x3F, 0x01, 0xFC, 0x07, 0xF0, 0x1F, 0xC0, 0xBF,
    0x02, 0xFC, 0x0B, 0xF0, 0x2F, 0xC0, 0xFF, 0x03, 0xFC, 0x0B, 0xF0, 0x00, 0x00, 0x00, 0x0B, 0xF4,
    0x3F, 0xE0, 0xFF, 0x83, 0xFF, 0x1F, 0xFC, 0xBF, 0xF0, 0x00, 0x00, 0x10, 0x00, 0x00, 0x01, 0xF0,
    0x00, 0x00, 0x02, 0xF0, 0x00, 0x00, 0x17, 0xF0, 0x00, 0x02, 0xFF, 0xFF, 0x40, 0x0F, 0xFF, 0xFF,
    0xE0, 0x3F, 0x93, 0xFF, 0xF4, 0x1D, 0x03, 0xF3, 0xFC, 0x00, 0x03, 0xF0, 0xFD, 0x00, 0x03, 0xF0,
    0xBE, 0x00, 0x03, 0xF0, 0xBE, 0x00, 0x03, 0xF0, 0xBE, 0x00, 0x03, 0xF0, 0xBE, 0x00, 0x03, 0xF0,
    0xFD, 0x00, 0x07, 0xF1, 0xFC, 0x00, 0x07, 0xF3, 0xF4, 0x00, 0x07, 0xFB, 0xF0, 0x00, 0x07, 0xFF,
    0xD0, 0x00, 0x0B, 0xFF, 0x80, 0x00, 0x1F, 0xFE, 0x00, 0x00, 0x1F, 0xF4, 0x00, 0x00, 0x1F, 0xF0,
    0x00, 0x00, 0x1F, 0xF0, 0x00, 0x00, 0x1F, 0xF0, 0x00, 0x00, 0x1F, 0xF0, 0x00, 0x00, 0x1F, 0xF0,
    0x00, 0x00, 0x1F, 0xE0, 0x00, 0x00, 0x00, 0x00, 0x00, 0x00, 0x00, 0x00, 0x00, 0x00, 0x2F, 0xD0,
    0x00, 0x00, 0x2F, 0xE0, 0x00, 0x00, 0x3F, 0xE0, 0x00, 0x00, 0x3F, 0xF0, 0x00, 0x00, 0x7F, 0xF0,
    0x00, 0x00, 0x7F, 0xF0, 0x00, 0x00, 0xBF, 0xF0, 0x00, 0x00, 0x55, 0x50, 0x00, 0xBF, 0xFF, 0xFF,
    0xCB, 0xFF, 0xFF, 0xFC, 0xBF, 0xFF, 0xFF, 0xC0, 0x00, 0x00, 0x00, 0xB4, 0x00, 0x0E, 0x74, 0x00,
    0x1D, 0x3D, 0x00, 0x7C, 0x1F, 0xFF, 0xF4, 0x07, 0xFF, 0xC0, 0x00, 0x14, 0x00, 0x00, 0x00, 0x80,
    0x00, 0x00, 0x00, 0x03, 0x00, 0x00, 0x00, 0x0B, 0x0C, 0x2C, 0x00, 0x00, 0x1B, 0xBB, 0x80, 0x00,
    0x00, 0x02, 0xF0, 0x00, 0x00, 0x00, 0x2F, 0xF8, 0x00, 0x00, 0x07, 0xCD, 0x7C, 0x00, 0x00, 0x08,
    0x34, 0x00, 0x00, 0x00, 0x00, 0xD0, 0x04, 0x00, 0x02, 0x40, 0x00, 0xB0, 0x00, 0x0D, 0x04, 0x91,
    0xC3, 0x5E, 0x34, 0xB2, 0xEB, 0x78, 0x1F, 0xFE, 0x00, 0x7E, 0x00, 0x07, 0xD0, 0x02, 0xFE, 0x00,
    0xBE, 0xF4, 0xB9, 0xCB, 0x8F, 0x28, 0xB1, 0x47, 0x04, 0x10, 0xA0, 0x00, 0x1C, 0x00, 0x02, 0x80,
    0x00, 0x00, 0x00, 0x00, 0x00, 0x00, 0x0F, 0x00, 0x00, 0x00, 0x0B, 0x40, 0x00, 0x00, 0x07, 0x80,
    0x00, 0x00, 0x03, 0xC0, 0x00, 0x00, 0x01, 0xE0, 0x00, 0x00, 0x00, 0xF0, 0x00, 0x00, 0x00, 0xB4,
    0x00, 0x00, 0x00, 0x7C, 0x00, 0x00, 0x00, 0x3D, 0x00, 0x00, 0x00, 0x2F, 0x00, 0x00, 0x00, 0x0F,
    0x00, 0x00, 0x00, 0x0F, 0x80, 0x00, 0x00, 0x07, 0xC0, 0x00, 0x00, 0x03, 0xE0, 0x00, 0x00, 0x02,
    0xF0, 0x00, 0x00, 0x00, 0xF4, 0x00, 0x00, 0x00, 0xFC, 0x00, 0x00, 0x00, 0x7C, 0x00, 0x00, 0x00,
    0x3E, 0x00, 0x00, 0x00, 0x2F, 0x00, 0x00, 0x00, 0x1F, 0x80, 0x00, 0x00, 0x0F, 0xC0, 0x00, 0x00,
    0x0B, 0xD0, 0x00, 0x00, 0x00, 0x50, 0x00, 0x00, 0x00, 0x00, 0x00, 0x00, 0x00, 0x00, 0x00, 0x00,
    0x00, 0x00, 0x1B, 0xFD, 0x00, 0x00, 0x1B, 0xFE, 0x40, 0x00, 0x7F, 0xFF, 0xF8, 0x00, 0x3F, 0xFF,
    0xFC, 0x00, 0x7F, 0xEB, 0xFF, 0xC0, 0x3F, 0xEB, 0xFF, 0xC0, 0x3F, 0x40, 0x0B, 0xF8, 0x2F, 0x40,
    0x0B, 0xFC, 0x03, 0x00, 0x00, 0xBF, 0x03, 0x40, 0x00, 0x7F, 0x40, 0x00, 0x00, 0x0F, 0xD0, 0x00,
    0x00, 0x0B, 0xE0, 0x00, 0x00, 0x02, 0xF8, 0x00, 0x00, 0x01, 0xFC, 0x00, 0x00, 0x00, 0xBE, 0x00,
    0x00, 0x00, 0x7F, 0x00, 0x00, 0x00, 0x2F, 0x80, 0x00, 0x00, 0x1F, 0xC0, 0x00, 0x00, 0x0F, 0xE0,
    0x00, 0x00, 0x0B, 0xE0, 0x00, 0x00, 0x03, 0xF0, 0x00, 0x00, 0x03, 0xF4, 0x00, 0x00, 0x02, 0xFC,
    0x00, 0x00, 0x00, 0xFC, 0x00, 0x00, 0x01, 0xFD, 0x00, 0x00, 0x00, 0xFD, 0x00, 0x00, 0x01, 0xFF,
    0x00, 0x00, 0x00, 0xBF, 0x00, 0x00, 0x02, 0xFF, 0x00, 0x00, 0x00, 0xBF, 0x00, 0x00, 0x07, 0xFF,
    0x40, 0x00, 0x01, 0xFF, 0x40, 0x00, 0x07, 0xFF, 0x40, 0x00, 0x03, 0xFF, 0x40, 0x00, 0x01, 0xFF,
    0x40, 0x00, 0x01, 0xFF, 0x00, 0x00, 0x00, 0x7F, 0x80, 0x00, 0x00, 0x7F, 0xC0, 0x00, 0x00, 0x1F,
    0xE0, 0x00, 0x00, 0x1F, 0xF0, 0x00, 0x00, 0x07, 0xF8, 0x00, 0x00, 0x07, 0xFC, 0x00, 0x00, 0x01,
    0xFE, 0x00, 0x00, 0x01, 0xFF, 0x00, 0x00, 0x00, 0x7F, 0x80, 0x00, 0x00, 0x7F, 0x80, 0x00, 0x00,
    0x1F, 0x80, 0x00, 0x00, 0x09, 0x00, 0x00, 0x00, 0x00, 0x00, 0x00, 0x00, 0x00, 0x00, 0x00, 0x00,
    0x00, 0x00, 0x00, 0x00, 0x00, 0x00, 0x00, 0x00, 0x00, 0x2F, 0x00, 0x00, 0x00, 0x00, 0x00, 0x00,
    0x00, 0x0F, 0xD0, 0x00, 0x00, 0x0F, 0xE0, 0x00, 0x00, 0x07, 0xF8, 0x00, 0x00, 0x03, 0xF8, 0x00,
    0x00, 0x02, 0xFE, 0x00, 0x00, 0x00, 0xFF, 0x00, 0x00, 0x00, 0xFF, 0xC0, 0x00, 0x00, 0x7F, 0xC0,
    0x00, 0x00, 0x00, 0x00, 0x00, 0x00, 0x1F, 0xF0, 0x00, 0x00, 0x00, 0x00, 0x00, 0x00, 0x00, 0x00,
    0x01, 0x55, 0x00, 0x00, 0x00, 0x02, 0xFF, 0xFF, 0x00, 0x00, 0x00, 0xFF, 0xFF, 0xFD, 0x00, 0x00,
    0x3F, 0x90, 0x6F, 0xF4, 0x02, 0xE1, 0xD0, 0x00, 0x3F, 0xC0, 0x3E, 0x04, 0x00, 0x00, 0xFD, 0x03,
    0xE0, 0x00, 0x00, 0x0F, 0xE0, 0x3E, 0x00, 0x00, 0x00, 0xBE, 0x03, 0xE0, 0x00, 0x00, 0x0B, 0xE0,
    0x3E, 0x00, 0x00, 0x00, 0xBE, 0x03, 0xE0, 0x00, 0x00, 0x0F, 0xD0, 0x3E, 0x00, 0x00, 0x01, 0xFC,
    0x07, 0xE0, 0x00, 0x00, 0x3F, 0x80, 0x7E, 0x00, 0x00, 0x0B, 0xF0, 0x07, 0xE0, 0x00, 0x02, 0xFD,
    0x00, 0xBE, 0x00, 0x00, 0xFF, 0x80, 0x0B, 0xE0, 0x00, 0xBF, 0xF0, 0x00, 0xBE, 0x00, 0x2F, 0xF8,
    0x00, 0x0F, 0xE0, 0x02, 0xFE, 0x00, 0x00, 0xFE, 0x00, 0x2F, 0xE0, 0x00, 0x0F, 0xE0, 0x02, 0xFE,
    0x00, 0x00, 0xFE, 0x00, 0x2F, 0xE0, 0x00, 0x0F, 0xE0, 0x02, 0xFE, 0x00, 0x00, 0xFE, 0x00, 0x2F,
    0xD0, 0x00, 0x0A, 0xE0, 0x01, 0x40, 0x00, 0x00, 0x00, 0x00, 0x00, 0x00, 0x00, 0x00, 0x00, 0x00,
    0x00, 0x00, 0x03, 0xFC, 0x00, 0x0F, 0xC0, 0x00, 0x3F, 0xD0, 0x00, 0xFD, 0x00, 0x07, 0xFD, 0x00,
    0x1F, 0xE0, 0x00, 0x7F, 0xE0, 0x02, 0xFE, 0x00, 0x0B, 0xFF, 0x00, 0x3F, 0xF0, 0x00, 0xFF, 0xF0,
    0x00, 0x00, 0x00, 0x00, 0x00, 0x00, 0x00, 0x00, 0x15, 0x50, 0x00, 0x00, 0x00, 0x7F, 0xFF, 0xE0,
    0x00, 0x00, 0x1F, 0xFF, 0xFF, 0xC0, 0x00, 0x03, 0xF8, 0x07, 0xFF, 0x00, 0x01, 0x3C, 0x00, 0x0B,
    0xF4, 0x02, 0xF0, 0x00, 0x00, 0x2F, 0xC0, 0x2F, 0x00, 0x00, 0x00, 0xFC, 0x02, 0xF0, 0x00, 0x00,
    0x0F, 0xC0, 0x3F, 0x00, 0x00, 0x00, 0xFC, 0x03, 0xF0, 0x00, 0x00, 0x0F, 0xC0, 0x3F, 0x00, 0x00,
    0x01, 0xFC, 0x03, 0xF0, 0x00, 0x00, 0x2F, 0x80, 0x3F, 0x00, 0x00, 0x03, 0xF0, 0x03, 0xF0, 0x00,
    0x00, 0xFE, 0x00, 0x3F, 0x00, 0x00, 0x3F, 0xC0, 0x07, 0xF0, 0x00, 0x1F, 0xF4, 0x00, 0x7F, 0x00,
    0x1F, 0xFD, 0x00, 0x07, 0xF0, 0x03, 0xFF, 0x40, 0x00, 0x7F, 0x00, 0x3F, 0xC0, 0x00, 0x0B, 0xF0,
    0x03, 0xFC, 0x00, 0x00, 0xBF, 0x00, 0x3F, 0xC0, 0x00, 0x0B, 0xF0, 0x03, 0xFC, 0x00, 0x00, 0xFF,
    0x00, 0x3F, 0xC0, 0x00, 0x0F, 0xF0, 0x03, 0xFC, 0x00, 0x00, 0xFF, 0x00, 0x29, 0x00, 0x00, 0x01,
    0xB0, 0x00, 0x00, 0x00, 0x00, 0x00, 0x00, 0x00, 0x00, 0x00, 0x00, 0x00, 0x01, 0xF8, 0x00, 0x02,
    0xFD, 0x00, 0x2F, 0xC0, 0x00, 0x3F, 0xE0, 0x03, 0xFC, 0x00, 0x03, 0xFE, 0x00, 0x3F, 0xD0, 0x00,
    0x7F, 0xF0, 0x03, 0xFD, 0x00, 0x07, 0xFF, 0x00, 0x00, 0x00, 0x00, 0xBF, 0xF0, 0x00, 0x00, 0x00,
    0x00, 0x00, 0x00, 0x00, 0x00, 0x00, 0x00, 0x00, 0x00, 0xD0, 0x00, 0x00, 0x00, 0xF0, 0x00, 0x00,
    0x00, 0x7C, 0x00, 0x00, 0x00, 0x2E, 0x00, 0x00, 0x00, 0x0F, 0x40, 0x00, 0x00, 0x07, 0xC0, 0x00,
    0x00, 0x02, 0xF0, 0x00, 0x00, 0x00, 0xF8, 0x00, 0x00, 0x00, 0x3C, 0x00, 0x00, 0x00, 0x2F, 0x00,
    0x03, 0xF4, 0x0F, 0x80, 0x00, 0xFD, 0x03, 0xD0, 0x00, 0x7F, 0x81, 0xF0, 0x00, 0x2F, 0xE0, 0xBC,
    0x00, 0x0B, 0xF8, 0x3E, 0x00, 0x00, 0x00, 0x1F, 0x40, 0x00, 0x00, 0x0B, 0xC0, 0x00, 0x00, 0x03,
    0xE0, 0x00, 0x00, 0x00, 0xF4, 0x00, 0x00, 0x00, 0xBC, 0x00, 0x00, 0x00, 0x3F, 0x00, 0x00, 0x00,
    0x0F, 0x80, 0x00, 0x00, 0x07, 0xD0, 0x00, 0x00, 0x02, 0xF0, 0x00, 0x00, 0x00, 0xFC, 0x00, 0x00,
    0x00, 0x7E, 0x00, 0x00, 0x00, 0x2F, 0x47, 0xF0, 0x00, 0x0F, 0xC2, 0xFC, 0x00, 0x03, 0xE0, 0xFF,
    0x00, 0x02, 0xF4, 0x3F, 0xC0, 0x00, 0xFC, 0x0F, 0xF4, 0x00, 0x3F, 0x00, 0x00, 0x00, 0x1F, 0x80,
    0x00, 0x00, 0x0B, 0xD0, 0x00, 0x00, 0x03, 0xF0, 0x00, 0x00, 0x01, 0xFC, 0x00, 0x00, 0x00, 0xBD,
    0x00, 0x00, 0x00, 0x3F, 0x00, 0x00, 0x00, 0x0F, 0xC0, 0x00, 0x00, 0x0B, 0xE0, 0x00, 0x00, 0x03,
    0xF4, 0x00, 0x00, 0x00, 0xFC, 0x00, 0x00, 0x00, 0x7C, 0x00, 0x00, 0x00, 0x28, 0x00, 0x00, 0x00,
    0x04, 0x00, 0x00, 0x00, 0x00, 0x05, 0x40, 0x24, 0x70, 0x70, 0x28, 0xA2, 0x1C, 0xE3, 0x4C, 0xE3,
    0x1C, 0xF0, 0x2C, 0xB0, 0x3C, 0x7E, 0xF8, 0x3F, 0xF0, 0x0B, 0xD0, 0x00, 0x00, 0x00, 0xD0, 0x02,
    0xD0, 0x07, 0xA0, 0x0D, 0xA0, 0x38, 0xA0, 0xB4, 0xF4, 0xFF, 0xFD, 0x00, 0xF0, 0x00, 0xF0, 0x00,
    0xF0, 0x00, 0x00, 0x7F, 0xF4, 0x60, 0x00, 0xA0, 0x00, 0xB0, 0x00, 0xBF, 0xD0, 0x10, 0x78, 0x00,
    0x2C, 0x00, 0x2C, 0x65, 0xBC, 0xBF, 0xF4, 0x7F, 0xD0, 0x07, 0xF8, 0x2D, 0x00, 0x30, 0x00, 0xA0,
    0x00, 0xAF, 0xE0, 0xF8, 0x3C, 0xF0, 0x1C, 0xB0, 0x0D, 0x74, 0x2C, 0x3F, 0xF8, 0x0B, 0xD0, 0x00,
    0x00, 0xFF, 0xFD, 0x00, 0x1C, 0x00, 0x1C, 0x00, 0x3C, 0x00, 0x3C, 0x00, 0x78, 0x00, 0xB4, 0x00,
    0xF4, 0x00, 0xF0, 0x01, 0xF0, 0x02, 0xF0, 0x00, 0x00, 0x01, 0xA4, 0x03, 0x42, 0x80, 0xC0, 0x70,
    0x30, 0x1C, 0x0B, 0x5D, 0x00, 0xFE, 0x00, 0xE0, 0xF0, 0xB0, 0x0D, 0x3C, 0x03, 0x47, 0xDB, 0xC0,
    0x7F, 0x80, 0x0B, 0xD0, 0x34, 0x78, 0xA0, 0x2C, 0xE0, 0x1D, 0xA0, 0x1D, 0x74, 0x2E, 0x2F, 0xFE,
    0x01, 0x4D, 0x00, 0x1D, 0x3F, 0xFC, 0x3F, 0xE0, 0x00, 0x01, 0x50, 0x00, 0x1F, 0x2F, 0xFE, 0x00,
    0x1F, 0xFF, 0xFF, 0xC0, 0x2F, 0xF4, 0x0B, 0xE0, 0x2F, 0xD0, 0x03, 0xF0, 0x2F, 0xC0, 0x02, 0xF4,
    0x3F, 0x40, 0x01, 0xF4, 0x3F, 0x40, 0x01, 0xF8, 0x3F, 0x40, 0x01, 0xF8, 0x3F, 0x40, 0x01, 0xFC,
    0x3F, 0x40, 0x02, 0xFC, 0x3F, 0x80, 0x02, 0xFC, 0x3F, 0x80, 0x02, 0xFC, 0x7F, 0x80, 0x02, 0xFC,
    0x7F, 0x80, 0x02, 0xFC, 0x7F, 0x80, 0x02, 0xFC, 0xBF, 0xC0, 0x02, 0xFD, 0x01, 0xBE, 0x00, 0x2C,
    0x0B, 0x01, 0xC0, 0x0E, 0x0F, 0x00, 0x2C, 0x38, 0x34, 0x75, 0xE1, 0xE1, 0xD7, 0x87, 0x87, 0x9F,
    0x0D, 0x2E, 0x7C, 0x00, 0xB4, 0xF0, 0x03, 0xD3, 0xF0, 0x2F, 0x0F, 0xFB, 0xFC, 0x1F, 0xFF, 0xE0,
    0x2F, 0xFF, 0x00, 0x1B, 0xE0, 0x00, 0x00, 0x00, 0x7C, 0x03, 0xB0, 0x01, 0xC0, 0x07, 0x00, 0x1C,
    0x00, 0xB0, 0x02, 0xC0, 0x0B, 0x00, 0x2C, 0x0F, 0xFF, 0xBF, 0xFE, 0x00, 0x00, 0x7F, 0xE0, 0x90,
    0x78, 0x00, 0x2C, 0x00, 0x2C, 0x00, 0x3C, 0x00, 0xB8, 0x02, 0xF0, 0x1F, 0xC0, 0x3F, 0x00, 0xBF,
    0xFC, 0xBF, 0xFD, 0x2F, 0xD0, 0x00, 0x28, 0x00, 0x0C, 0x00, 0x28, 0x0F, 0xE0, 0x00, 0xB4, 0x00,
    0x2C, 0x00, 0x1C, 0x10, 0x7C, 0xBF, 0xF8, 0x7F, 0xD0, 0x00, 0x50, 0x00, 0xE0, 0x02, 0xA0, 0x06,
    0x60, 0x0C, 0xB0, 0x34, 0xB0, 0xBF, 0xF4, 0xBF, 0xFD, 0x00, 0xF0, 0x00, 0xF0, 0x00, 0xF4, 0x00,
    0x01, 0xFF, 0xCA, 0x00, 0x28, 0x00, 0xA0, 0x02, 0xFF, 0x40, 0x07, 0x40, 0x0E, 0x00, 0x7A, 0xFF,
    0xCB, 0xFD, 0x00, 0x00, 0x00, 0x00, 0x0B, 0xF8, 0x2C, 0x00, 0x30, 0x00, 0xB0, 0x00, 0xBF, 0xF0,
    0xF8, 0x2C, 0xB0, 0x0D, 0xB0, 0x0D, 0x78, 0x2C, 0x3F, 0xFC, 0x0B, 0xE0, 0x00, 0x00, 0xBF, 0xFC,
    0x00, 0x1C, 0x00, 0x2C, 0x00, 0x3C, 0x00, 0x38, 0x00, 0x74, 0x00, 0xB4, 0x00, 0xF0, 0x01, 0xF0,
    0x02, 0xF0, 0x02, 0xE0, 0x02, 0xF8, 0x03, 0x01, 0xC0, 0xC0, 0x30, 0x38, 0x2C, 0x03, 0xFC, 0x02,
    0xD7, 0x81, 0xC0, 0x34, 0xF0, 0x0E, 0x2E, 0x0B, 0x83, 0xFF, 0x80, 0x05, 0x00, 0x1F, 0xE0, 0x34,
    0x38, 0xA0, 0x1C, 0xE0, 0x1D, 0xA0, 0x1D, 0x79, 0x7D, 0x1F, 0xFD, 0x00, 0x0D, 0x00, 0x2C, 0x3F,
    0xFC, 0x3F, 0xE0, 0x00, 0x07, 0xC0, 0x00, 0xF8, 0x00, 0x1F, 0x00, 0x03, 0xE0, 0x00, 0x7C, 0x00,
    0x0F, 0x80, 0x01, 0xF0, 0x00, 0x2F, 0x00, 0x03, 0xE0, 0x00, 0x7C, 0x00, 0x0F, 0xC0, 0x00, 0xF8,
    0x00, 0x1F, 0x40, 0x02, 0xF0, 0x00, 0x2F, 0x00, 0x03, 0xF0, 0x00, 0x3F, 0x00, 0x03, 0xF0, 0x00,
    0x3F, 0x00, 0x03, 0xE0, 0x00, 0x3F, 0x00, 0x03, 0xF0, 0x00, 0x3F, 0x00, 0x03, 0xF0, 0x00, 0x2F,
    0x00, 0x01, 0xF4, 0x00, 0x0F, 0x80, 0x00, 0xFC, 0x00, 0x0F, 0xC0, 0x00, 0xBD, 0x00, 0x07, 0xF0,
    0x00, 0x3F, 0x00, 0x02, 0xF4, 0x00, 0x1F, 0xC0, 0x00, 0xFC, 0x00, 0x0B, 0xE0, 0x00, 0x3F, 0x00,
    0x03, 0xF8, 0x00, 0x1F, 0xC0, 0x7C, 0x00, 0x0F, 0x80, 0x01, 0xF0, 0x00, 0x3E, 0x00, 0x07, 0xC0,
    0x00, 0xF8, 0x00, 0x2F, 0x00, 0x03, 0xD0, 0x00, 0xFC, 0x00, 0x1F, 0x00, 0x03, 0xE0, 0x00, 0xFC,
    0x00, 0x2F, 0x00, 0x07, 0xC0, 0x01, 0xF4, 0x00, 0x3E, 0x00, 0x0F, 0x80, 0x03, 0xE0, 0x00, 0xF8,
    0x00, 0x3F, 0x00, 0x0F, 0x80, 0x03, 0xE0, 0x00, 0xF8, 0x00, 0x7D, 0x00, 0x1F, 0x40, 0x0B, 0xC0,
    0x03, 0xF0, 0x00, 0xFC, 0x00, 0x7E, 0x00, 0x2F, 0x40, 0x0F, 0xC0, 0x07, 0xE0, 0x02, 0xF4, 0x00,
    0xFC, 0x00, 0xBF, 0x00, 0x3F, 0x40, 0x1F, 0xC0, 0x0F, 0xE0, 0x07, 0xF0, 0x00, 0x00, 0x00, 0x01,
    0xA0, 0x1A, 0x00, 0x00, 0x03, 0xF0, 0x3E, 0x00, 0x00, 0x03, 0xE0, 0x3D, 0x00, 0x00, 0x07, 0xD0,
    0x7C, 0x00, 0x00, 0x0B, 0xC0, 0xBC, 0x00, 0x00, 0x0F, 0x80, 0xF8, 0x00, 0x00, 0x0F, 0xFF, 0xF9,
    0x00, 0x00, 0x7F, 0xFF, 0xFE, 0x00, 0x02, 0xFF, 0xFF, 0xFD, 0x00, 0x0F, 0xFF, 0x97, 0xF8, 0x00,
    0x3F, 0xFD, 0x07, 0xC0, 0x00, 0xFF, 0xFC, 0x0B, 0xC0, 0x01, 0xFF, 0xFC, 0x0F, 0x80, 0x03, 0xFC,
    0xF8, 0x0F, 0x40, 0x07, 0xF8, 0xF4, 0x1F, 0x00, 0x0B, 0xF1, 0xF0, 0x2F, 0x00, 0x0F, 0xF3, 0xF0,
    0x3E, 0x00, 0x0F, 0xE3, 0xE0, 0x3D, 0x00, 0x1F, 0xE7, 0xD0, 0x7C, 0x00, 0x1F, 0xEB, 0xC0, 0xBC,
    0x00, 0x1F, 0xFF, 0xC0, 0xF8, 0x00, 0x1F, 0xFF, 0x41, 0xF4, 0x00, 0x1F, 0xFF, 0x02, 0xF0, 0x00,
    0x0F, 0xFF, 0x43, 0xF0, 0x00, 0x0F, 0xFF, 0xFB, 0xE5, 0xBE, 0x0B, 0xFF, 0xFF, 0xFF, 0xFE, 0x03,
    0xFF, 0xFF, 0xFF, 0xFE, 0x01, 0xFF, 0xFF, 0xFF, 0xFE, 0x00, 0xFF, 0xFF, 0xFF, 0xFE, 0x00, 0xFF,
    0xFF, 0xFF, 0xFE, 0x01, 0xF6, 0xFF, 0xFF, 0xA4, 0x02, 0xF0, 0x3E, 0x00, 0x00, 0x03, 0xE0, 0x3D,
    0x00, 0x00, 0x03, 0xD0, 0x7C, 0x00, 0x00, 0x0B, 0xC0, 0xBC, 0x00, 0x00, 0x0F, 0xC0, 0xF8, 0x00,
    0x00, 0x0F, 0x40, 0xF4, 0x00, 0x00, 0x00, 0x00, 0x00, 0x00, 0x00, 0x00, 0x00, 0x01, 0xBF, 0xF9,
    0x00, 0x00, 0x6F, 0xFF, 0xFE, 0x00, 0x02, 0xFF, 0xFF, 0xFD, 0x00, 0x0F, 0xFF, 0x95, 0x68, 0x00,
    0x3F, 0xF4, 0x00, 0x00, 0x00, 0xFF, 0xC0, 0x00, 0x00, 0x01, 0xFF, 0x00, 0x00, 0x00, 0x03, 0xFD,
    0x00, 0x00, 0x00, 0x07, 0xF8, 0x00, 0x00, 0x00, 0x0B, 0xF0, 0x00, 0x00, 0x00, 0x0F, 0xF0, 0x00,
    0x00, 0x00, 0x0F, 0xE0, 0x00, 0x14, 0x14, 0x1F, 0xE0, 0x00, 0x7E, 0xFC, 0x1F, 0xE0, 0x00, 0x7F,
    0xFD, 0x1F, 0xF0, 0x00, 0x7F, 0x40, 0x1F, 0xF4, 0x00, 0x7D, 0x00, 0x1F, 0xFC, 0x00, 0x7C, 0x00,
    0x0F, 0xFF, 0x80, 0x7C, 0x00, 0x0F, 0xFF, 0xFE, 0xBE, 0xBE, 0x0B, 0xFF, 0xFF, 0xFF, 0xFE, 0x03,
    0xFF, 0xFF, 0xFF, 0xFE, 0x02, 0xFF, 0xFF, 0xFF, 0xFE, 0x00, 0xBF, 0xFF, 0xFF, 0xFE, 0x00, 0x2F,
    0xFF, 0xFF, 0xFE, 0x00, 0x02, 0xFF, 0xFF, 0xA4, 0x00, 0x00, 0x00, 0x00, 0x00, 0x00, 0x00, 0x00,
    0x00, 0x00, 0x00, 0x00, 0x00, 0x00, 0x00, 0x00, 0x54, 0x00, 0x00, 0x02, 0xFF, 0xFD, 0x00, 0x01,
    0xFF, 0xFF, 0xFC, 0x00, 0x7F, 0xE0, 0x1B, 0xF0, 0x0F, 0xE0, 0x00, 0x09, 0x00, 0xFC, 0x00, 0x00,
    0x00, 0x0B, 0xC0, 0x00, 0x00, 0x00, 0x7C, 0x00, 0x00, 0x00, 0x03, 0xD0, 0x00, 0x00, 0x02, 0xFF,
    0xFF, 0xFF, 0x00, 0x2F, 0xFF, 0xFF, 0xF0, 0x02, 0xFF, 0xFF, 0xFF, 0x00, 0x00, 0xFC, 0x00, 0x00,
    0x00, 0x0B, 0xC0, 0x00, 0x00, 0x1A, 0xFF, 0xAA, 0xA4, 0x01, 0xFF, 0xFF, 0xFF, 0x80, 0x1F, 0xFF,
    0xFF, 0xF8, 0x00, 0x02, 0xF8, 0x00, 0x00, 0x00, 0x2F, 0x80, 0x00, 0x00, 0x03, 0xF8, 0x00, 0x00,
    0x00, 0xFF, 0x00, 0x00, 0x00, 0xBF, 0xD0, 0x00, 0x00, 0xBF, 0xE4, 0x00, 0x00, 0x0B, 0xFF, 0xFF,
    0xFE, 0x90, 0xBF, 0xFF, 0xFF, 0xFF, 0xCB, 0xFF, 0xFF, 0xFF, 0xFD, 0x00, 0x00, 0x00, 0x00, 0x00,
    0xBE, 0x00, 0x00, 0x2F, 0xE0, 0x00, 0x00, 0xFF, 0x00, 0x00, 0x2F, 0xF0, 0x00, 0x00, 0xFF, 0x00,
    0x00, 0x3F, 0xF8, 0x00, 0x00, 0xFE, 0x00, 0x00, 0x3F, 0xFC, 0x00, 0x00, 0xFE, 0x00, 0x00, 0x3F,
    0xFE, 0x00, 0x00, 0xFE, 0x00, 0x00, 0x3F, 0xFF, 0x00, 0x01, 0xFE, 0x00, 0x00, 0x3F, 0xFF, 0x80,
    0x01, 0xFD, 0x00, 0x00, 0x3F, 0xBF, 0xC0, 0x01, 0xFD, 0x00, 0x00, 0x3F, 0xAF, 0xD0, 0x02, 0xFD,
    0x00, 0x00, 0x7F, 0x8F, 0xF0, 0x02, 0xFD, 0x00, 0x00, 0x7F, 0x8B, 0xF4, 0x02, 0xFD, 0x00, 0x00,
    0x7F, 0x83, 0xFC, 0x03, 0xFC, 0x00, 0x3F, 0xFF, 0xFF, 0xFF, 0xFF, 0xFF, 0xFE, 0x3F, 0xFF, 0xFF,
    0xFF, 0xFF, 0xFF, 0xFE, 0x2A, 0xFF, 0xEA, 0xFF, 0xAB, 0xFE, 0xA9, 0x00, 0xFF, 0xC0, 0x3F, 0xC3,
    0xFC, 0x00, 0x00, 0xFF, 0xC0, 0x2F, 0xC3, 0xFC, 0x00, 0x00, 0xFF, 0xC0, 0x0F, 0xE7, 0xFC, 0x00,
    0x00, 0xFF, 0xC0, 0x0F, 0xFB, 0xFC, 0x00, 0x00, 0xFF, 0xC0, 0x07, 0xFF, 0xFC, 0x00, 0x00, 0xFF,
    0xC0, 0x03, 0xFF, 0xF8, 0x00, 0x01, 0xFF, 0xC0, 0x01, 0xFF, 0xF8, 0x00, 0x01, 0xFF, 0xC0, 0x00,
    0xFF, 0xF8, 0x00, 0x01, 0xFF, 0xC0, 0x00, 0x7F, 0xF8, 0x00, 0x00, 0x1F, 0xFF, 0xFE, 0x00, 0x00,
    0x00, 0x7F, 0xFF, 0xFF, 0x80, 0x00, 0x02, 0xFE, 0xAF, 0xFF, 0xC0, 0x00, 0x0B, 0xE0, 0x00, 0xBF,
    0x80, 0x00, 0x2F, 0x80, 0x00, 0x7F, 0x00, 0x00, 0xBE, 0x00, 0x00, 0xFD, 0x03, 0xFF, 0xFF, 0xFF,
    0xFF, 0xFF, 0x4F, 0xFF, 0xFF, 0xFF, 0xFF, 0xFD, 0x00, 0x3F, 0x80, 0x00, 0x3F, 0x40, 0x00, 0xFE,
    0x00, 0x07, 0xFC, 0x00, 0x03, 0xFF, 0xFF, 0xFF, 0xE0, 0x00, 0x0F, 0xFF, 0xFF, 0xFE, 0x00, 0x00,
    0x3F, 0xFF, 0xFF, 0xD0, 0x00, 0x00, 0xFF, 0xEA, 0x50, 0x00, 0x00, 0x03, 0xFC, 0x00, 0x00, 0x00,
    0x00, 0x0F, 0xF0, 0x00, 0x00, 0x00, 0x00, 0x7F, 0xC0, 0x00, 0x00, 0x00, 0x01, 0xFF, 0x00, 0x00,
    0x00, 0x00, 0x07, 0xFC, 0x00, 0x00, 0x00, 0x00, 0x1F, 0xF0, 0x00, 0x00, 0x00, 0x00, 0x7F, 0xC0,
    0x00, 0x00, 0x00, 0x02, 0xFF, 0x00, 0x00, 0x00, 0x00, 0x0B, 0xFD, 0x00, 0x00, 0x00, 0x00, 0x2F,
    0xF4, 0x00, 0x00, 0x00, 0x00, 0xBF, 0xD0, 0x00, 0x00, 0x00, 0x1F, 0xFF, 0x80, 0x00, 0x00, 0x00,
    0x00, 0x0B, 0xFF, 0xFD, 0x00, 0x00, 0x00, 0x00, 0x02, 0xFA, 0xBF, 0xC0, 0x00, 0x00, 0x00, 0x00,
    0xB0, 0x00, 0xF8, 0x00, 0x00, 0x00, 0x00, 0x2C, 0x00, 0x1F, 0x00, 0x00, 0x00, 0x00, 0x0B, 0x00,
    0x03, 0xC0, 0x00, 0x00, 0x00, 0x03, 0xC0, 0x00, 0xF0, 0x00, 0x00, 0x00, 0x00, 0xF0, 0x00, 0x7C,
    0x00, 0x00, 0x00, 0x00, 0x3C, 0x00, 0x3F, 0x00, 0x00, 0x2F, 0xF8, 0x0F, 0x55, 0xBF, 0xC0, 0x00,
    0x3F, 0xFF, 0x03, 0xFF, 0xFF, 0xD0, 0x00, 0x1F, 0x51, 0x40, 0xFF, 0xFF, 0xE0, 0x00, 0x0B, 0x00,
    0x00, 0x3F, 0xFF, 0xF0, 0x00, 0x03, 0xC0, 0x00, 0x0F, 0xFF, 0xFF, 0x00, 0x00, 0xB8, 0x00, 0x03,
    0xF4, 0x0B, 0xE0, 0x00, 0x1F, 0xE0, 0x00, 0xFC, 0x00, 0xFC, 0x00, 0x02, 0xFF, 0xC0, 0x7F, 0x00,
    0x1F, 0x40, 0x00, 0x1F, 0xFD, 0x1F, 0xC0, 0x07, 0xE0, 0x00, 0x00, 0x1F, 0xC7, 0xF0, 0x01, 0xFC,
    0x00, 0x00, 0x01, 0xF5, 0xFD, 0x00, 0x7F, 0x00, 0x03, 0x90, 0xBD, 0x7F, 0x40, 0x1F, 0xD0, 0x02,
    0xFF, 0xFF, 0x6F, 0xD0, 0x0B, 0xF8, 0x01, 0xFF, 0xFF, 0xCB, 0xF4, 0x02, 0xFF, 0x00, 0x7F, 0xFF,
    0xE2, 0xFD, 0x00, 0xBF, 0xC0, 0x06, 0xFF, 0xD0, 0x0B, 0x80, 0x00, 0x00, 0x0B, 0x80, 0x7C, 0x00,
    0x00, 0x00, 0xF4, 0x07, 0xC0, 0x00, 0x00, 0x0F, 0x40, 0x3C, 0x00, 0x00, 0x00, 0xF0, 0x03, 0xD0,
    0x00, 0x00, 0x1F, 0x00, 0x3D, 0x00, 0x00, 0x02, 0xF0, 0x03, 0xE0, 0x01, 0x00, 0x2E, 0x00, 0x2E,
    0x00, 0xB8, 0x03, 0xE0, 0x7F, 0xFF, 0xFF, 0xFF, 0xFF, 0xF7, 0xFF, 0xFF, 0xFF, 0xFF, 0xFF, 0x7F,
    0xFF, 0xFF, 0xFF, 0xFF, 0xE0, 0x0F, 0x43, 0xFE, 0x0B, 0xC0, 0x00, 0xF4, 0x7F, 0xF0, 0xBC, 0x00,
    0x0F, 0x8B, 0xDF, 0x4F, 0x80, 0x00, 0xBC, 0xFC, 0xF8, 0xF4, 0x00, 0x0B, 0xDF, 0xCF, 0xCF, 0x40,
    0x00, 0x7E, 0xF8, 0xBE, 0xF0, 0x00, 0x07, 0xFF, 0x47, 0xFF, 0x00, 0x00, 0x3F, 0xF0, 0x3F, 0xF0,
    0x00, 0x03, 0xFF, 0x03, 0xFE, 0x00, 0x00, 0x3F, 0xE0, 0x2F, 0xE0, 0x00, 0x03, 0xFD, 0x01, 0xFD,
    0x00, 0x00, 0x2F, 0xC0, 0x0F, 0xD0, 0x00, 0x01, 0xFC, 0x00, 0xFC, 0x00, 0x00, 0x00, 0x00, 0x00,
    0x00, 0x01, 0xFA, 0x94, 0x00, 0x00, 0x00, 0x07, 0xFF, 0xFF, 0xD0, 0x00, 0x00, 0x1F, 0xFF, 0xFF,
    0xF0, 0x00, 0x3E, 0x7F, 0xD0, 0x6F, 0xF0, 0x00, 0xF9, 0xFC, 0x00, 0x0B, 0xF0, 0x03, 0xE7, 0xE0,
    0x00, 0x0B, 0xC0, 0x0F, 0x9F, 0x40, 0x00, 0x0F, 0x40, 0x3E, 0x7D, 0x00, 0x00, 0x3E, 0x00, 0xF9,
    0xF4, 0x05, 0x00, 0xB8, 0x03, 0xE7, 0xD0, 0x2F, 0x02, 0xE0, 0x0F, 0x9F, 0x40, 0xBC, 0x0B, 0xC0,
    0x3E, 0x7D, 0x02, 0xF0, 0x2F, 0x00, 0xF9, 0xF4, 0x0B, 0xC0, 0xBC, 0x03, 0xE7, 0xD0, 0x2F, 0x00,
    0x50, 0x1F, 0x9F, 0x40, 0x7C, 0x00, 0x00, 0x7E, 0x7D, 0x01, 0xF0, 0x00, 0x01, 0xF9, 0xF4, 0x03,
    0xE0, 0x00, 0x07, 0xE7, 0xD0, 0x0B, 0xE0, 0x00, 0x3F, 0x9F, 0x40, 0x0F, 0xF9, 0x07, 0xFE, 0x7C,
    0x00, 0x0F, 0xFF, 0xFF, 0xF8, 0x00, 0x00, 0x06, 0xFF, 0xFF, 0xE0, 0x00, 0x00, 0x00, 0x16, 0xAF,
    0x80, 0x00, 0x00, 0x00, 0x00, 0x00, 0x00, 0x00, 0x01, 0xE0, 0x00, 0x00, 0x00, 0x07, 0x80, 0x00,
    0x00, 0x15, 0x6E, 0x54, 0x00, 0x00, 0xFF, 0xFF, 0xF4, 0x00, 0x03, 0xFF, 0xFF, 0xD0, 0x00, 0x00,
    0x0B, 0x40, 0x00, 0x02, 0xFD, 0x2D, 0x00, 0x00, 0x3F, 0xFD, 0xB4, 0x00, 0x03, 0xFA, 0xFF, 0xD0,
    0x00, 0x2E, 0x00, 0xBF, 0x40, 0x00, 0xF0, 0x00, 0xFD, 0x00, 0x07, 0x80, 0x03, 0xF0, 0x00, 0x2E,
    0x00, 0x0F, 0xC0, 0x00, 0xB8, 0x00, 0x3F, 0x00, 0x01, 0xF4, 0x02, 0xFC, 0x00, 0x03, 0xFF, 0xFF,
    0xF4, 0x00, 0x0B, 0xFF, 0xFF, 0xD0, 0x00, 0x0B, 0xFF, 0xFF, 0x40, 0x00, 0x06, 0xFE, 0x29, 0x00,
    0x55, 0x55, 0x55, 0x54, 0x02, 0xFF, 0xFF, 0xFF, 0xF0, 0x0B, 0xFF, 0xFF, 0xFF, 0xC0, 0x00, 0x00,
    0x00, 0x00, 0x00, 0x00, 0x00, 0x01, 0xBF, 0xFD, 0x00, 0x01, 0xFF, 0xFF, 0xD0, 0x00, 0x7F, 0xFF,
    0xFD, 0x00, 0x0F, 0xF9, 0x01, 0x40, 0x01, 0xFE, 0x00, 0x00, 0x00, 0x2F, 0xC0, 0x00, 0x00, 0x02,
    0xF4, 0x00, 0x00, 0x00, 0x3F, 0x01, 0x40, 0x01, 0xFF, 0xFF, 0xFD, 0x00, 0x3F, 0xFF, 0xFF, 0xE0,
    0x00, 0x03, 0xF0, 0x00, 0x00, 0x00, 0x3F, 0x00, 0x00, 0x00, 0x03, 0xFF, 0xFC, 0x00, 0x3F, 0xFF,
    0xFF, 0xC0, 0x07, 0xFF, 0xF5, 0x00, 0x00, 0x00, 0x3F, 0x40, 0x00, 0x00, 0x03, 0xF4, 0x00, 0x00,
    0x00, 0x2F, 0xC0, 0x00, 0x00, 0x01, 0xFD, 0x00, 0x00, 0x00, 0x1F, 0xF9, 0x00, 0x00, 0x00, 0xFF,
    0xFF, 0xFD, 0x00, 0x07, 0xFF, 0xFF, 0xD0, 0x00, 0x1F, 0xFF, 0xFD, 0x00, 0x00, 0x1B, 0xFF, 0xD0,
    0x00, 0x00, 0x00, 0x00, 0x7F, 0xFF, 0xFF, 0xFF, 0xFF, 0xDF, 0xFF, 0xFF, 0xFF, 0xFF, 0xF7, 0xFF,
    0xFF, 0xFF, 0xFF, 0xFD, 0xA5, 0x50, 0xFD, 0x00, 0x55, 0x00, 0x00, 0x3F, 0x40, 0x00, 0x00, 0x00,
    0x0F, 0xD0, 0x00, 0x00, 0x00, 0x03, 0xF4, 0x10, 0x00, 0x00, 0x00, 0xFE, 0xBD, 0x00, 0x00, 0x00,
    0x3F, 0xFF, 0x40, 0x00, 0x00, 0x2F, 0xFF, 0x40, 0x00, 0x01, 0xFF, 0xFC, 0x00, 0x00, 0x00, 0xFF,
    0xFE, 0x00, 0x00, 0x00, 0x3E, 0x7F, 0x87, 0x40, 0x00, 0x04, 0x1F, 0xFF, 0xD0, 0x00, 0x00, 0x07,
    0xFF, 0xF4, 0x00, 0x00, 0x1B, 0xFF, 0x90, 0x00, 0x00, 0x3F, 0xFF, 0x80, 0x00, 0x00, 0x0F, 0xFF,
    0xF0, 0x00, 0x00, 0x03, 0x4B, 0xFC, 0x00, 0x00, 0x00, 0x02, 0xFF, 0x00, 0x00, 0x00, 0x00, 0xBF,
    0xC0, 0x00, 0x00, 0x00, 0x2F, 0xF0, 0x00, 0x00, 0x00, 0x0F, 0xFC, 0x00, 0x00, 0x00, 0x03, 0xFF,
    0x00, 0x00, 0x00, 0x00, 0xFF, 0xC0, 0x00, 0x00, 0x00, 0x07, 0xFF, 0xFF, 0x80, 0x00, 0x00, 0x00,
    0x7F, 0xFF, 0xFF, 0x80, 0x00, 0x00, 0x0B, 0xFA, 0xBF, 0xFF, 0x00, 0x00, 0x00, 0xBE, 0x00, 0x07,
    0xFC, 0x00, 0x00, 0x0B, 0xE0, 0x00, 0x0F, 0xC0, 0x07, 0xFF, 0xFF, 0xFF, 0xFF, 0xFF, 0xFC, 0x00,
    0x0F, 0xE0, 0x00, 0x0B, 0xE0, 0x00, 0x00, 0xFE, 0x00, 0x00, 0xBE, 0x00, 0x7F, 0xFF, 0xFF, 0xFF,
    0xFF, 0xFF, 0xC0, 0x00, 0xFE, 0x00, 0x07, 0xFC, 0x00, 0x00, 0x0F, 0xFF, 0xFF, 0xFF, 0x80, 0x00,
    0x00, 0xFF, 0xFF, 0xFF, 0xE0, 0x00, 0x00, 0x0F, 0xFF, 0xFF, 0xF4, 0x00, 0x00, 0x00, 0xFF, 0xEA,
    0x50, 0x00, 0x00, 0x00, 0x0F, 0xF0, 0x00, 0x00, 0x00, 0x00, 0x00, 0xFF, 0x00, 0x00, 0x00, 0x00,
    0x00, 0x1F, 0xF0, 0x00, 0x00, 0x00, 0x00, 0x01, 0xFF, 0x00, 0x00, 0x00, 0x00, 0x00, 0x1F, 0xF0,
    0x00, 0x00, 0x00, 0x00, 0x01, 0xFF, 0x00, 0x00, 0x00, 0x00, 0x00, 0x2F, 0xF0, 0x00, 0x00, 0x00,
    0x00, 0x02, 0xFF, 0x00, 0x00, 0x00, 0x00, 0x00, 0x2F, 0xF4, 0x00, 0x00, 0x00, 0x00, 0x02, 0xFF,
    0x40, 0x00, 0x00, 0x00, 0x00, 0x2F, 0xF4, 0x00, 0x00, 0x00, 0x00, 0x00, 0x00, 0x01, 0xA0, 0x00,
    0x00, 0x00, 0x00, 0x07, 0x80, 0x00, 0x00, 0x00, 0x00, 0x1E, 0x00, 0x00, 0x00, 0x00, 0x00, 0x78,
    0x00, 0x00, 0x00, 0x00, 0x01, 0xE0, 0x00, 0x00, 0x00, 0x05, 0xBF, 0xFF, 0xD0, 0x00, 0x02, 0xFF,
    0xFF, 0xFF, 0xC0, 0x00, 0x7F, 0xFF, 0xFE, 0xFF, 0x40, 0x07, 0xFF, 0x42, 0xD0, 0x05, 0x00, 0x3F,
    0xF0, 0x0B, 0x40, 0x00, 0x01, 0xFF, 0x00, 0x2D, 0x00, 0x00, 0x0F, 0xF8, 0x00, 0xB4, 0x00, 0x00,
    0x3F, 0xC0, 0x02, 0xD0, 0x00, 0x00, 0xFF, 0x00, 0x0B, 0x40, 0x00, 0x07, 0xFC, 0x00, 0x2D, 0x00,
    0x00, 0x1F, 0xE0, 0x00, 0xB4, 0x00, 0x00, 0x7F, 0x80, 0x02, 0xD0, 0x00, 0x01, 0xFE, 0x00, 0x0B,
    0x94, 0x00, 0x07, 0xF8, 0x00, 0x3F, 0xFF, 0xFE, 0x5F, 0xF0, 0x00, 0xFF, 0xFF, 0xFE, 0x3F, 0xC0,
    0x03, 0xC0, 0x6F, 0xFC, 0xFF, 0x40, 0x0F, 0x00, 0x3F, 0x53, 0xFF, 0x00, 0x3C, 0x00, 0xFC, 0x0B,
    0xFF, 0x00, 0xF0, 0x07, 0xF0, 0x1F, 0xFF, 0xE7, 0xD6, 0xBF, 0xC0, 0x3F, 0xFF, 0xFF, 0xFF, 0xFF,
    0x00, 0x7F, 0xFF, 0xFF, 0xFF, 0xFC, 0x00, 0x7F, 0xFF, 0xFF, 0xFF, 0xF0, 0x00, 0x7F, 0xFF, 0xFF,
    0xFE, 0x00, 0x00, 0x0A, 0xFF, 0xFA, 0x40, 0x00, 0x00, 0x00, 0x3C, 0x00, 0x00, 0x00, 0x00, 0x00,
    0xF0, 0x00, 0x00, 0x00, 0x00, 0x03, 0xC0, 0x00, 0x00, 0x00, 0x00, 0x0A, 0x00, 0x00, 0x00, 0x00,
    0x01, 0x56, 0x50, 0x00, 0x00, 0x00, 0x07, 0xFF, 0xFF, 0xF4, 0x00, 0x00, 0x00, 0x3F, 0xFF, 0xFF,
    0xE0, 0x00, 0x00, 0x03, 0xFF, 0xFF, 0xFF, 0x80, 0x00, 0x00, 0x14, 0x00, 0x6F, 0xFC, 0x00, 0x00,
    0x00, 0x00, 0x00, 0x3F, 0xD0, 0x00, 0x00, 0x00, 0x00, 0x00, 0xFE, 0x00, 0x00, 0x00, 0x00, 0x00,
    0x0B, 0xE0, 0x00, 0x00, 0x00, 0x00, 0x00, 0xBF, 0x00, 0x00, 0x00, 0x00, 0x00, 0x0F, 0xE0, 0x00,
    0xBF, 0xFF, 0xFF, 0xFF, 0xFF, 0xFF, 0xDB, 0xFF, 0xFF, 0xFF, 0xFF, 0xFF, 0xFD, 0xBF, 0xFF, 0xFF,
    0xFF, 0xFF, 0xFF, 0xD0, 0x00, 0x00, 0x00, 0x00, 0x00, 0x00, 0x00, 0x00, 0x00, 0x00, 0x00, 0x00,
    0x0B, 0xFF, 0xFF, 0xFF, 0xFF, 0xFF, 0xFD, 0xBF, 0xFF, 0xFF, 0xFF, 0xFF, 0xFF, 0xDB, 0xFF, 0xFF,
    0xFF, 0xFF, 0xFF, 0xFD, 0x7F, 0xFC, 0x00, 0x00, 0x00, 0x00, 0x07, 0xFF, 0xE0, 0x00, 0x00, 0x40,
    0x00, 0x3F, 0xFF, 0xEA, 0xAB, 0xFD, 0x00, 0x03, 0xFF, 0xFF, 0xFF, 0xFF, 0xF0, 0x00, 0x0F, 0xFF,
    0xFF, 0xFF, 0xFF, 0xC0, 0x00, 0x3F, 0xFF, 0xFF, 0xFF, 0xFE, 0x00, 0x00, 0x7F, 0xFF, 0xFF, 0xFF,
    0xE0, 0x00, 0x00, 0x2B, 0xFF, 0xFF, 0xA0, 0x00, 0x00, 0x00, 0x00, 0x00, 0x00, 0x00, 0x00, 0x00,
    0x01, 0x00, 0x00, 0x00, 0xF0, 0x00, 0x00, 0x0F, 0x00, 0x00, 0x00, 0xF0, 0x00, 0x00, 0x7F, 0xFC,
    0x00, 0x7F, 0xFF, 0xC0, 0x0F, 0xFF, 0xAC, 0x02, 0xFC, 0xB4, 0x00, 0x3F, 0x0B, 0x40, 0x07, 0xF0,
    0xB4, 0x00, 0x7E, 0x0B, 0x40, 0x07, 0xD0, 0xB4, 0x00, 0xBD, 0x0B, 0x40, 0x07, 0xE0, 0x78, 0x00,
    0x7F, 0x07, 0x80, 0x03, 0xFC, 0x78, 0x00, 0x2F, 0xFF, 0xE8, 0x00, 0xFF, 0xFF, 0xF0, 0x03, 0xFF,
    0xFF, 0x80, 0x06, 0xFF, 0xE4, 0x00, 0x03, 0xC0, 0x00, 0x00, 0x00, 0x00, 0x6A, 0xAA, 0xAA, 0xAA,
    0xAA, 0x6F, 0xFF, 0xFF, 0xFF, 0xFF, 0xE0, 0x00, 0x00, 0x00, 0x00, 0x00, 0x00, 0x00, 0x00, 0x00,
    0x00, 0x00, 0x00, 0x00, 0x00, 0x00, 0x1A, 0xAA, 0xAA, 0xAA, 0xAA, 0xA7, 0xFF, 0xFF, 0xFF, 0xFF,
    0xFD, 0xFF, 0xFF, 0xFF, 0xFF, 0xFF, 0x00, 0x00, 0x3F, 0x40, 0x00, 0x00, 0x00, 0x0F, 0xD0, 0x00,
    0x00, 0x00, 0x03, 0xF4, 0x00, 0x00, 0x00, 0x00, 0xFD, 0x00, 0x00, 0x00, 0x00, 0x3F, 0x40, 0x00,
    0x00, 0x00, 0x0F, 0xE0, 0x00, 0x00, 0x00, 0x07, 0xF8, 0x00, 0x00, 0x00, 0x01, 0xFE, 0x00, 0x00,
    0x00, 0x00, 0x7F, 0x80, 0x00, 0x00, 0x00, 0x1F, 0xE0, 0x00, 0x00, 0x00, 0x07, 0xF8, 0x00, 0x00,
    0x00, 0x02, 0xFF, 0x00, 0x00, 0x00, 0x00, 0xBF, 0xC0, 0x00, 0x00, 0x00, 0x2F, 0xF0, 0x00, 0x00,
    0x00, 0x0B, 0xFC, 0x00, 0x00, 0x00, 0x02, 0xFF, 0x00, 0x00, 0x00, 0x00, 0xFF, 0xC0, 0x00, 0x00,
    0x00, 0x3F, 0xF0, 0x00, 0x00, 0xBF, 0xFF, 0xFF, 0xCB, 0xFF, 0xFF, 0xFC, 0x00, 0x3F, 0x00, 0x00,
    0x00, 0xF4, 0x00, 0x00, 0x07, 0x80, 0x00, 0x00, 0x3C, 0x00, 0xBF, 0xFF, 0xFF, 0xD7, 0xFF, 0xFF,
    0xFD, 0x00, 0x0B, 0xC0, 0x00, 0x07, 0xF4, 0x00, 0xBF, 0xFE, 0x00, 0x0B, 0xFF, 0x40, 0x00, 0xBF,
    0xFD, 0x00, 0x05, 0x5B, 0xF0, 0x00, 0x00, 0x1F, 0xC0, 0x00, 0x00, 0xFC, 0x00, 0x00, 0x0F, 0xE0,
    0x00, 0x00, 0xFF, 0x00, 0x00, 0x0F, 0xF0, 0x00, 0x00, 0xFF, 0x40, 0x00, 0x0F, 0xF8, 0x00, 0x00,
    0xFF, 0xC0, 0x00, 0x10, 0x00, 0x00, 0x01, 0xF0, 0x00, 0x00, 0x01, 0xF4, 0x00, 0x00, 0x01, 0xF4,
    0x0A, 0x00, 0x01, 0xF5, 0xBE, 0x00, 0x01, 0xFF, 0xFE, 0x00, 0x07, 0xFF, 0xE0, 0x00, 0x7F, 0xFD,
    0x00, 0x00, 0xBF, 0xF4, 0x01, 0x00, 0xA5, 0xF4, 0x6E, 0x00, 0x01, 0xFB, 0xFE, 0x00, 0x02, 0xFF,
    0xF8, 0x00, 0x2F, 0xFF, 0x40, 0x00, 0xBF, 0xF4, 0x00, 0x3E, 0xBA, 0xF4, 0x00, 0x7C, 0x41, 0xF4,
    0x02, 0xF8, 0x01, 0xF4, 0x1F, 0xE0, 0x01, 0xFA, 0xFF, 0x80, 0x01, 0xFF, 0xF8, 0x00, 0x01, 0xFE,
    0x40, 0x00, 0x00, 0x00, 0x00, 0x00, 0x00, 0x00, 0x00, 0x00, 0x00, 0x00, 0x1E, 0x00, 0x00, 0x00,
    0x01, 0xE0, 0x00, 0x00, 0x00, 0x1E, 0x00, 0x00, 0x00, 0x01, 0xF0, 0x00, 0x00, 0x01, 0xFF, 0xF8,
    0x00, 0x00, 0xBF, 0xFF, 0xE0, 0x00, 0x1F, 0xFF, 0xFF, 0x40, 0x03, 0xFE, 0xF2, 0xFC, 0x00, 0x3F,
    0x0F, 0x0F, 0xD0, 0x07, 0xE0, 0xF0, 0x7E, 0x00, 0xBC, 0x0F, 0x03, 0xE0, 0x0B, 0xC0, 0xF0, 0x2E,
    0x00, 0xBC, 0x0F, 0x02, 0xF0, 0x0B, 0x80, 0xF0, 0x2F, 0x00, 0xB8, 0x0F, 0x02, 0xE0, 0x0B, 0x80,
    0xF0, 0x2E, 0x00, 0xB8, 0x0F, 0x02, 0xE0, 0x0B, 0x80, 0xF0, 0x2E, 0x00, 0xBC, 0x0F, 0x02, 0xE0,
    0x07, 0xC0, 0xF0, 0x2E, 0x00, 0x7C, 0x0F, 0x03, 0xE0, 0x07, 0xD0, 0xF0, 0x3E, 0x00, 0x00, 0x01,
    0xFF, 0xFF, 0xE0, 0x00, 0x00, 0x07, 0xFF, 0xFF, 0xF8, 0x00, 0x00, 0x2F, 0xEA, 0xFF, 0xFC, 0x00,
    0x00, 0xBE, 0x00, 0x07, 0xFC, 0x00, 0x02, 0xF8, 0x00, 0x03, 0xF0, 0x00, 0x0B, 0xE0, 0x00, 0x0B,
    0xD0, 0x00, 0x2F, 0x80, 0x00, 0x2F, 0x80, 0x00, 0xFE, 0x00, 0x00, 0xFD, 0x00, 0x03, 0xF8, 0x00,
    0x03, 0xF4, 0x00, 0x0F, 0xE0, 0x00, 0xBF, 0xC0, 0xFF, 0xFF, 0xFF, 0xFF, 0xFE, 0x03, 0xFF, 0xFF,
    0xFF, 0xFF, 0xF0, 0x0F, 0xFF, 0xFF, 0xFF, 0xFD, 0x00, 0x3F, 0xFF, 0xFE, 0xA9, 0x00, 0x00, 0x00,
    0x7F, 0xC0, 0x00, 0x00, 0x00, 0x00, 0xFF, 0x00, 0x00, 0x00, 0x7F, 0xFF, 0xFF, 0xFF, 0xC0, 0x01,
    0xFF, 0xFF, 0xFF, 0xFF, 0x00, 0x07, 0xFF, 0xFF, 0xFF, 0xFC, 0x00, 0x00, 0x01, 0xFF, 0x00, 0x00,
    0x00, 0x00, 0x0B, 0xFC, 0x00, 0x00, 0x00, 0x00, 0x2F, 0xF0, 0x00, 0x00, 0x00, 0x00, 0xBF, 0xD0,
    0x00, 0x00, 0x00, 0x02, 0xFF, 0x40, 0x00, 0x00, 0x00, 0x0B, 0xFD, 0x00, 0x00, 0x00, 0x00, 0x00,
    0x00, 0x00, 0x40, 0x00, 0x00, 0x00, 0x1F, 0x00, 0x00, 0x00, 0x00, 0xF4, 0x00, 0x00, 0x00, 0x03,
    0xC0, 0x00, 0x00, 0x00, 0x1F, 0x00, 0x00, 0x00, 0x00, 0xF8, 0x00, 0x00, 0x00, 0x03, 0xD0, 0x00,
    0x00, 0x00, 0x1F, 0x00, 0x00, 0x00, 0x00, 0xBC, 0x00, 0x00, 0x00, 0x03, 0xE0, 0x00, 0x00, 0x00,
    0x1F, 0x00, 0x00, 0x00, 0x00, 0xBC, 0x00, 0x07, 0xE8, 0x03, 0xE0, 0x00, 0x30, 0xB0, 0x0F, 0x40,
    0x02, 0x41, 0xC0, 0x7C, 0x00, 0x08, 0x07, 0x03, 0xF0, 0x00, 0x24, 0x3C, 0x0F, 0x80, 0x00, 0x7F,
    0xF0, 0x7D, 0x00, 0x00, 0x79, 0x82, 0xF0, 0x00, 0x00, 0x00, 0x0F, 0x80, 0x00, 0x00, 0x00, 0x7D,
    0x00, 0x00, 0x00, 0x02, 0xF0, 0x00, 0x00, 0x00, 0x0F, 0xC0, 0x00, 0x00, 0x00, 0x3E, 0x00, 0x00,
    0x00, 0x01, 0xF4, 0x1F, 0xC0, 0x00, 0x0F, 0xC1, 0xE1, 0x00, 0x00, 0x3F, 0x0B, 0x00, 0x00, 0x01,
    0xF8, 0x38, 0x00, 0x00, 0x0B, 0xC0, 0xE0, 0x00, 0x00, 0x3F, 0x02, 0xC0, 0x00, 0x01, 0xF8, 0x07,
    0xE8, 0x00, 0x0B, 0xD0, 0x07, 0xF8, 0x00, 0x3F, 0x00, 0x00, 0x00, 0x00, 0xFC, 0x00, 0x00, 0x00,
    0x0B, 0xE0, 0x00, 0x00, 0x00, 0x3F, 0x40, 0x00, 0x00, 0x00, 0xFC, 0x00, 0x00, 0x00, 0x07, 0xE0,
    0x00, 0x00, 0x00, 0x2F, 0x40, 0x00, 0x00, 0x00, 0xFC, 0x00, 0x00, 0x00, 0x07, 0xF0, 0x00, 0x00,
    0x00, 0x2F, 0x80, 0x00, 0x00, 0x00, 0xFC, 0x00, 0x00, 0x00, 0x03, 0x40, 0x00, 0x00, 0x00, 0x10,
    0x00, 0x00, 0x00, 0x00, 0x00, 0x00, 0x00, 0x00, 0x00, 0x00, 0x00, 0x00, 0x00, 0x00, 0x00, 0x00,
    0x00, 0x2C, 0x00, 0x00, 0x00, 0x0B, 0x80, 0x00, 0x00, 0x00, 0xF4, 0x00, 0x00, 0x00, 0x1F, 0x00,
    0x00, 0x00, 0x02, 0xE0, 0x00, 0x00, 0x00, 0x3D, 0x00, 0x00, 0x00, 0x03, 0xC0, 0x00, 0x00, 0x00,
    0xBC, 0x00, 0x00, 0x00, 0x0F, 0x80, 0x00, 0x00, 0x00, 0xF4, 0x00, 0x00, 0x00, 0x1F, 0x00, 0x07,
    0xEC, 0x03, 0xF0, 0x00, 0xD2, 0xC0, 0x3D, 0x00, 0x28, 0x0D, 0x07, 0xC0, 0x02, 0x40, 0xD0, 0xBC,
    0x00, 0x28, 0x2D, 0x0F, 0x80, 0x01, 0xFF, 0xE1, 0xF4, 0x00, 0x07, 0xE6, 0x2F, 0x00, 0x00, 0x00,
    0x03, 0xF0, 0x00, 0x00, 0x00, 0x3E, 0x00, 0x00, 0x00, 0x07, 0xD0, 0x00, 0x00, 0x00, 0xFC, 0x00,
    0x00, 0x00, 0x0F, 0x80, 0x00, 0x00, 0x01, 0xF4, 0x3F, 0xC0, 0x00, 0x2F, 0x0D, 0x00, 0x00, 0x03,
    0xF0, 0xD0, 0x00, 0x00, 0x7E, 0x07, 0xE0, 0x00, 0x0B, 0xD0, 0x07, 0xD0, 0x00, 0xFC, 0x00, 0x0F,
    0x00, 0x0F, 0x80, 0xFF, 0xF0, 0x02, 0xF4, 0x0B, 0xFC, 0x00, 0x3F, 0x00, 0x00, 0x00, 0x03, 0xF0,
    0x00, 0x00, 0x00, 0x7E, 0x00, 0x00, 0x00, 0x0B, 0xD0, 0x00, 0x00, 0x00, 0xFC, 0x00, 0x00, 0x00,
    0x1F, 0xC0, 0x00, 0x00, 0x02, 0xF4, 0x00, 0x00, 0x00, 0x3F, 0x00, 0x00, 0x00, 0x07, 0xF0, 0x00,
    0x00, 0x00, 0xBE, 0x00, 0x00, 0x00, 0x0F, 0x80, 0x00, 0x00, 0x00, 0xD0, 0x00, 0x00, 0x00, 0x10,
    0x00, 0x00, 0x00, 0x00, 0x00, 0x00, 0x00, 0x00, 0x00, 0x00, 0xBD, 0x00, 0x00, 0x00, 0x00, 0x0A,
    0x0C, 0x00, 0x00, 0x00, 0x00, 0x28, 0x70, 0x00, 0x00, 0x00, 0x00, 0x3F, 0x80, 0x00, 0x00, 0x00,
    0x00, 0x10, 0x00, 0x00, 0x1B, 0xFF, 0x90, 0x00, 0x00, 0x1B, 0xFF, 0xFF, 0x80, 0x00, 0x02, 0xFF,
    0xFF, 0xFD, 0x00, 0x00, 0x3F, 0xFD, 0x55, 0xA0, 0x00, 0x03, 0xFF, 0x40, 0x00, 0x00, 0x00, 0x3F,
    0xF0, 0x00, 0x00, 0x00, 0x01, 0xFF, 0x00, 0x00, 0x00, 0x00, 0x0F, 0xF0, 0x00, 0x00, 0x00, 0x00,
    0x7F, 0x80, 0x00, 0x00, 0x00, 0x02, 0xFC, 0x00, 0x00, 0x00, 0x00, 0x0F, 0xF0, 0x00, 0x00, 0x00,
    0x00, 0x3F, 0x80, 0x00, 0x00, 0x00, 0x01, 0xFE, 0x00, 0x00, 0x00, 0x00, 0x07, 0xF8, 0x00, 0x00,
    0x00, 0x00, 0x1F, 0xF0, 0x00, 0x00, 0x00, 0x00, 0x7F, 0xD0, 0x00, 0x00, 0x00, 0x01, 0xFF, 0xC0,
    0x00, 0x00, 0x00, 0x03, 0xFF, 0xE0, 0x00, 0x01, 0x40, 0x0F, 0xFF, 0xFA, 0x56, 0xBE, 0x00, 0x2F,
    0xFF, 0xFF, 0xFF, 0xF8, 0x00, 0x3F, 0xFF, 0xFF, 0xFF, 0xE0, 0x00, 0x7F, 0xFF, 0xFF, 0xFF, 0x80,
    0x00, 0xBF, 0xFF, 0xFF, 0xFE, 0x00, 0x00, 0xBF, 0xFF, 0xFF, 0xF8, 0x00, 0x00, 0x2F, 0xFF, 0xFA,
    0x40, 0x00, 0x00, 0x00, 0x00, 0x00, 0x00, 0x00, 0x00, 0x00, 0x00, 0x00, 0x00, 0x00, 0x00, 0x78,
    0x00, 0x00, 0x00, 0x0F, 0x40, 0x00, 0x00, 0x01, 0xF0, 0x00, 0x00, 0x00, 0x2E, 0x00, 0x00, 0x00,
    0x03, 0xD0, 0x00, 0x00, 0x00, 0x7C, 0x00, 0x00, 0x00, 0x0B, 0xC0, 0x00, 0x00, 0x00, 0xF8, 0x00,
    0x00, 0x00, 0x0F, 0x40, 0x00, 0x00, 0x01, 0xF0, 0x00, 0x00, 0x00, 0x3F, 0x00, 0x00, 0x00, 0x03,
    0xD0, 0x00, 0x00, 0x00, 0x7C, 0x00, 0x00, 0x00, 0x0B, 0xC0, 0x01, 0xFD, 0x00, 0xF8, 0x00, 0x3D,
    0x40, 0x1F, 0x40, 0x0B, 0x00, 0x02, 0xF0, 0x00, 0xE0, 0x00, 0x3F, 0x00, 0x0E, 0x00, 0x03, 0xE0,
    0x00, 0xF0, 0x00, 0x7D, 0x00, 0x0B, 0x80, 0x0F, 0xC0, 0x00, 0x3F, 0xF0, 0xF8, 0x00, 0x00, 0x6A,
    0x1F, 0x40, 0x00, 0x00, 0x02, 0xF0, 0x00, 0x00, 0x00, 0x3F, 0x00, 0x00, 0x00, 0x07, 0xE2, 0xF8,
    0x00, 0x00, 0xBD, 0xF5, 0xB4, 0x00, 0x0F, 0xEC, 0x02, 0xC0, 0x00, 0xFF, 0x80, 0x1C, 0x00, 0x1F,
    0x78, 0x01, 0xC0, 0x03, 0xF3, 0xC0, 0x1C, 0x00, 0x3F, 0x2E, 0x5B, 0xC0, 0x07, 0xE0, 0xFF, 0xF4,
    0x00, 0xBD, 0x02, 0xF8, 0x00, 0x0F, 0xC0, 0x00, 0x00, 0x01, 0xFC, 0x00, 0x00, 0x00, 0x2F, 0x80,
    0x00, 0x00, 0x03, 0xF0, 0x00, 0x00, 0x00, 0x3F, 0x00, 0x00, 0x00, 0x07, 0xE0, 0x00, 0x00, 0x00,
    0xFD, 0x00, 0x00, 0x00, 0x0F, 0xC0, 0x00, 0x00, 0x01, 0xE0, 0x00, 0x00, 0x00, 0x24, 0x00, 0x00,
    0x00, 0x00, 0x00, 0x00, 0x00, 0x00, 0x00, 0x00, 0x00, 0x00, 0x00, 0x00, 0x00, 0x00, 0x05, 0x00,
    0x00, 0x00, 0x00, 0xF4, 0x00, 0x00, 0x00, 0x07, 0xC0, 0x00, 0x00, 0x00, 0x2E, 0x00, 0x00, 0x00,
    0x00, 0xF4, 0x00, 0x00, 0x00, 0x03, 0xC0, 0x00, 0x00, 0x00, 0x2F, 0x00, 0x00, 0x00, 0x00, 0xF8,
    0x00, 0x00, 0x00, 0x03, 0xD0, 0x00, 0x00, 0x00, 0x1F, 0x00, 0x00, 0x00, 0x00, 0xBC, 0x00, 0x00,
    0x00, 0x03, 0xE0, 0x00, 0x00, 0x00, 0x1F, 0x00, 0x00, 0xBE, 0x00, 0xBC, 0x00, 0x0B, 0x40, 0x03,
    0xE0, 0x00, 0x34, 0x00, 0x0F, 0x40, 0x00, 0xD0, 0x00, 0xBC, 0x00, 0x03, 0x40, 0x03, 0xF0, 0x00,
    0x0F, 0x40, 0x0F, 0x80, 0x00, 0x1F, 0xF0, 0x7D, 0x00, 0x00, 0x05, 0x42, 0xF0, 0x00, 0x00, 0x00,
    0x0F, 0x80, 0x00, 0x00, 0x00, 0x7D, 0x00, 0x00, 0x00, 0x02, 0xF0, 0x00, 0x00, 0x00, 0x0F, 0xC0,
    0x00, 0x00, 0x00, 0x3E, 0x00, 0x00, 0x00, 0x02, 0xF4, 0x50, 0x08, 0x00, 0x0F, 0xC2, 0x80, 0x70,
    0x00, 0x3F, 0x0B, 0x01, 0xC0, 0x01, 0xF8, 0x2C, 0x07, 0x40, 0x0B, 0xC0, 0x74, 0x2D, 0x00, 0x3F,
    0x00, 0xFF, 0xF4, 0x01, 0xF8, 0x01, 0xFD, 0xD0, 0x0B, 0xD0, 0x00, 0x00, 0x00, 0x3F, 0x00, 0x00,
    0x00, 0x00, 0xFC, 0x00, 0x00, 0x00, 0x0B, 0xE0, 0x00, 0x00, 0x00, 0x3F, 0x40, 0x00, 0x00, 0x00,
    0xFC, 0x00, 0x00, 0x00, 0x07, 0xE0, 0x00, 0x00, 0x00, 0x2F, 0x40, 0x00, 0x00, 0x00, 0xFC, 0x00,
    0x00, 0x00, 0x07, 0xD0, 0x00, 0x00, 0x00, 0x2C, 0x00, 0x00, 0x00, 0x00, 0x40, 0x00, 0x00, 0x00,
    0x00, 0x00, 0x00, 0x00, 0x00, 0x00, 0x2F, 0x40, 0x00, 0x00, 0x00, 0xA0, 0xC0, 0x00, 0x00, 0x00,
    0xD0, 0xD1, 0x55, 0xAA, 0xA9, 0xB6, 0xC3, 0xFF, 0xFF, 0xFD, 0x2F, 0x47, 0xFF, 0xFF, 0xFD, 0x00,
    0x07, 0xF4, 0x00, 0x00, 0x00, 0x07, 0xF0, 0x00, 0x00, 0x00, 0x07, 0xF0, 0x00, 0x00, 0x00, 0x07,
    0xF0, 0x00, 0x00, 0x00, 0x0B, 0xF0, 0x00, 0x00, 0x00, 0x0B, 0xE0, 0x00, 0x00, 0x00, 0x0B, 0xFF,
    0xFF, 0xF0, 0x00, 0x0B, 0xFF, 0xFF, 0xF0, 0x00, 0x0F, 0xFF, 0xFF, 0xF0, 0x00, 0x0F, 0xFA, 0xAA,
    0x50, 0x00, 0x0F, 0xF0, 0x00, 0x00, 0x00, 0x0F, 0xF0, 0x00, 0x00, 0x00, 0x0F, 0xF0, 0x00, 0x00,
    0x00, 0x0F, 0xF0, 0x00, 0x00, 0x00, 0x0F, 0xF0, 0x00, 0x00, 0x00, 0x0F, 0xF0, 0x00, 0x00, 0x00,
    0x0F, 0xF0, 0x00, 0x00, 0x00, 0x0F, 0xF0, 0x00, 0x00, 0x00, 0x1F, 0xF0, 0x00, 0x00, 0x00, 0x1F,
    0xF0, 0x00, 0x00, 0x00, 0x1F, 0xF0, 0x00, 0x00, 0x00, 0x1F, 0xF0, 0x00, 0x00, 0x00, 0x00, 0x00,
    0x00, 0x00, 0x00, 0x00, 0x00, 0x00, 0x01, 0xA0, 0x00, 0x00, 0x0F, 0xFD, 0x00, 0x00, 0x3F, 0xFF,
    0x00, 0x00, 0xFD, 0x3F, 0x80, 0x02, 0xF4, 0x1F, 0xC0, 0x03, 0xE0, 0x0F, 0xC0, 0x0B, 0xD0, 0x0F,
    0xC0, 0x0B, 0xC0, 0x0F, 0xC0, 0x0F, 0xC0, 0x0F, 0xC0, 0x0F, 0x80, 0x2F, 0x80, 0x0F, 0x80, 0x3F,
    0x40, 0x0F, 0x40, 0xBF, 0x00, 0x0F, 0x40, 0xFD, 0x00, 0x0F, 0x82, 0xFC, 0x00, 0x0F, 0x87, 0xF4,
    0x00, 0x0B, 0xCF, 0xE0, 0x00, 0x07, 0xEF, 0xC0, 0x00, 0x03, 0xFF, 0x01, 0x00, 0x07, 0xFC, 0x1F,
    0xC0, 0xBF, 0xFF, 0xFF, 0xE0, 0xBF, 0xBF, 0xFF, 0x80, 0xA4, 0x0B, 0xF8, 0x00, 0x00, 0x00, 0x00,
    0x00, 0x00, 0x00, 0x00, 0x00, 0x15, 0x40, 0x00, 0x00, 0x00, 0x00, 0x00, 0x05, 0x54, 0x00, 0x00,
    0x3F, 0xC0, 0x00, 0x00, 0x00, 0x00, 0x00, 0x0B, 0xFC, 0x00, 0x00, 0x3F, 0xC0, 0x00, 0x0B, 0xFF,
    0x40, 0x00, 0x0B, 0xFD, 0x00, 0x00, 0x3F, 0x80, 0x00, 0x3F, 0xFF, 0xE0, 0x00, 0x0F, 0xFF, 0x00,
    0x00, 0x3F, 0x80, 0x00, 0xFD, 0x01, 0xF8, 0x00, 0x0F, 0xFF, 0x40, 0x00, 0x3F, 0x80, 0x01, 0xF0,
    0x00, 0x7C, 0x00, 0x0F, 0xFF, 0xC0, 0x00, 0x7F, 0x80, 0x02, 0xE0, 0x00, 0x3D, 0x00, 0x0F, 0xFF,
    0xD0, 0x00, 0x7F, 0x80, 0x03, 0xD0, 0x00, 0x2E, 0x00, 0x0F, 0xFF, 0xF0, 0x00, 0x7F, 0x40, 0x03,
    0xD0, 0x00, 0x2F, 0x00, 0x0F, 0xEB, 0xF4, 0x00, 0xBF, 0x40, 0x03, 0xD0, 0x00, 0x2E, 0x00, 0x1F,
    0xE3, 0xFC, 0x00, 0xBF, 0x40, 0x03, 0xE0, 0x00, 0x3E, 0x00, 0x1F, 0xE2, 0xFD, 0x00, 0xBF, 0x40,
    0x02, 0xF8, 0x00, 0xBD, 0x00, 0x1F, 0xE0, 0xFF, 0x00, 0xFF, 0x00, 0x00, 0xFF, 0xFF, 0xFC, 0x00,
    0x2F, 0xE0, 0xBF, 0x40, 0xFF, 0x00, 0x00, 0x7F, 0xFF, 0xF4, 0x00, 0x2F, 0xE0, 0x3F, 0x80, 0xFF,
    0x00, 0x00, 0x1F, 0xFF, 0xC0, 0x00, 0x2F, 0xE0, 0x3F, 0xC0, 0xFF, 0x00, 0x00, 0x01, 0xA9, 0x00,
    0x00, 0x3F, 0xF0, 0x1F, 0xE0, 0xFF, 0x00, 0x00, 0x00, 0x00, 0x00, 0x00, 0x3F, 0xF0, 0x0F, 0xF0,
    0xFF, 0x00, 0x2A, 0xAA, 0xAA, 0xAA, 0xA8, 0x3F, 0xF0, 0x07, 0xF9, 0xFF, 0x00, 0x7F, 0xFF, 0xFF,
    0xFF, 0xFC, 0x3F, 0xF0, 0x03, 0xFD, 0xFF, 0x00, 0x00, 0x00, 0x00, 0x00, 0x00, 0x3F, 0xF0, 0x01,
    0xFF, 0xFF, 0x00, 0x00, 0x00, 0x00, 0x00, 0x00, 0x3F, 0xF0, 0x00, 0xFF, 0xFE, 0x00, 0x00, 0x00,
    0x00, 0x00, 0x00, 0x7F, 0xF0, 0x00, 0x7F, 0xFE, 0x00, 0x00, 0x00, 0x00, 0x00, 0x00, 0x7F, 0xF0,
    0x00, 0x3F, 0xFE, 0x00, 0x00, 0x00, 0x00, 0x00, 0x00, 0x7F, 0xF0, 0x00, 0x1F, 0xFE, 0x00, 0x00,
    0x00, 0x00, 0x00, 0x00, 0x0A, 0xAA, 0x94, 0x00, 0x00, 0x03, 0xFF, 0xFF, 0xE0, 0x00, 0x00, 0xFF,
    0xFF, 0xFF, 0x00, 0x00, 0x3C, 0x00, 0x1F, 0xE0, 0x00, 0x0F, 0x00, 0x00, 0xFC, 0x00, 0x07, 0xC0,
    0x00, 0x2F, 0x40, 0x01, 0xF0, 0x00, 0x07, 0xE0, 0x00, 0x7C, 0x00, 0x02, 0xF8, 0x00, 0x1F, 0x00,
    0x01, 0xFD, 0x00, 0x0B, 0xC0, 0x02, 0xFF, 0x00, 0x02, 0xFF, 0xFF, 0xFF, 0x80, 0x00, 0xBF, 0xFF,
    0xFF, 0x40, 0x00, 0x2F, 0xFF, 0xFF, 0x80, 0x0A, 0x0F, 0xFF, 0xFF, 0xFC, 0x0F, 0x43, 0xFE, 0x56,
    0xFF, 0x8F, 0x80, 0xFF, 0x00, 0x0B, 0xFF, 0xC0, 0x3F, 0xC0, 0x00, 0xFF, 0xC0, 0x0F, 0xF4, 0x00,
    0x3F, 0xD0, 0x03, 0xFD, 0x00, 0x0F, 0xF0, 0x00, 0xFF, 0x40, 0x03, 0xFD, 0x00, 0x3F, 0xD0, 0x03,
    0xFF, 0x80, 0x1F, 0xF8, 0x03, 0xFF, 0xF0, 0x07, 0xFE, 0x02, 0xFF, 0xFC, 0x01, 0xFF, 0x81, 0xFB,
    0xFF, 0x40, 0x7F, 0xE1, 0xF8, 0xFF, 0xE0, 0x00, 0x00, 0xFC, 0x00, 0x00, 0x00, 0x00, 0x54, 0x00,
    0x00, 0x00, 0x7F, 0xFF, 0xFF, 0xFF, 0xFF, 0xC0, 0x00, 0x00, 0x00, 0x00, 0x01, 0x54, 0x00, 0x00,
    0x00, 0xFE, 0x00, 0x00, 0x01, 0xFF, 0xFF, 0xFF, 0xFF, 0xFF, 0x00, 0x00, 0x01, 0xFF, 0xFF, 0xFF,
    0xF0, 0x00, 0x00, 0x03, 0xF8, 0x00, 0x00, 0x07, 0xFF, 0xFF, 0xFF, 0xFF, 0xFC, 0x00, 0x00, 0x07,
    0xFF, 0xFF, 0xFF, 0xC0, 0x00, 0x00, 0x0F, 0xE0, 0x00, 0x00, 0x1A, 0x95, 0x0F, 0xD0, 0x05, 0x50,
    0x00, 0x00, 0x1F, 0xFF, 0xFF, 0xFE, 0x00, 0x00, 0x00, 0x3F, 0x40, 0x00, 0x00, 0x00, 0x00, 0x3F,
    0x40, 0x00, 0x00, 0x00, 0x00, 0x7F, 0x40, 0x00, 0x00, 0x00, 0x00, 0x00, 0xFD, 0x00, 0x00, 0x00,
    0x00, 0x00, 0xFD, 0x00, 0x00, 0x00, 0x00, 0x01, 0xFC, 0x00, 0x00, 0x00, 0x00, 0x00, 0x03, 0xF4,
    0x00, 0x00, 0x00, 0x00, 0x03, 0xF4, 0x00, 0x00, 0x00, 0x00, 0x07, 0xF0, 0x00, 0x00, 0x00, 0x00,
    0x00, 0x0F, 0xD0, 0x00, 0x00, 0x00, 0x00, 0x0F, 0xD0, 0x00, 0x00, 0x00, 0x00, 0x1F, 0xC0, 0x00,
    0x00, 0x00, 0x00, 0x00, 0x3F, 0x40, 0x00, 0x00, 0x00, 0x00, 0x3F, 0x40, 0x00, 0x00, 0x00, 0x00,
    0x7F, 0x00, 0x00, 0x00, 0x00, 0x00, 0x01, 0xFD, 0x00, 0x00, 0x00, 0x00, 0x00, 0xFE, 0x00, 0x00,
    0x00, 0x00, 0x02, 0xFC, 0x00, 0x00, 0x00, 0x00, 0x00, 0x07, 0xF4, 0x00, 0x00, 0x00, 0x00, 0x03,
    0xF8, 0x00, 0x00, 0x00, 0x00, 0x0B, 0xF5, 0x56, 0xA0, 0x00, 0x00, 0x00, 0x1F, 0xD0, 0x00, 0x00,
    0x00, 0x00, 0x1F, 0xE0, 0x00, 0x00, 0x00, 0x00, 0x2F, 0xFF, 0xFF, 0xC0, 0x00, 0x00, 0x00, 0x7F,
    0x00, 0x00, 0x00, 0x00, 0x00, 0x7F, 0x80, 0x00, 0x00, 0x00, 0x00, 0xBF, 0xFF, 0xFF, 0x00, 0x00,
    0x00, 0x01, 0xFC, 0x00, 0x00, 0x00, 0x00, 0x01, 0xFE, 0x00, 0x00, 0x00, 0x00, 0x02, 0xFF, 0xFF,
    0xF8, 0x00, 0x00, 0x00, 0x0B, 0xF0, 0x00, 0x00, 0x00, 0x00, 0x07, 0xF8, 0x00, 0x00, 0x00, 0x00,
    0x0B, 0xF0, 0x00, 0x00, 0x00, 0x00, 0x00, 0x2F, 0xC0, 0x00, 0x00, 0x00, 0x00, 0x1F, 0xE0, 0x00,
    0x00, 0x00, 0x00, 0x2F, 0xC0, 0x00, 0x00, 0x00, 0x00, 0x00, 0xBF, 0x00, 0x00, 0x00, 0x00, 0x00,
    0xBF, 0x80, 0x00, 0x00, 0x00, 0x00, 0xFF, 0x00, 0x00, 0x00, 0x00, 0x00, 0x02, 0xFC, 0x00, 0x00,
    0x00, 0x00, 0x02, 0xFF, 0x00, 0x00, 0x00, 0x00, 0x03, 0xFC, 0x00, 0x00, 0x00, 0x00, 0x00, 0x0B,
    0xF0, 0x00, 0x00, 0x00, 0x00, 0x0B, 0xFC, 0x00, 0x00, 0x00, 0x00, 0x0F, 0xF0, 0x00, 0x00, 0x00,
    0x00, 0x00, 0x3F, 0xC0, 0x00, 0x00, 0x00, 0x00, 0x2F, 0xF0, 0x00, 0x00, 0x00, 0x00, 0x3F, 0xC0,
    0x00, 0x00, 0x00, 0x00, 0x00, 0xFF, 0x00, 0x00, 0x00, 0x00, 0x00, 0xBF, 0xC0, 0x00, 0x00, 0x00,
    0x00, 0xFF, 0xFF, 0xFF, 0xFC, 0x00, 0x00, 0x03, 0xFE, 0xAA, 0xBF, 0xF4, 0x00, 0x02, 0xFF, 0x00,
    0x00, 0x00, 0x00, 0x03, 0xFF, 0xFF, 0xFF, 0xF0, 0x00, 0x00, 0x0F, 0xFF, 0xFF, 0xFF, 0xD0, 0x00,
    0x0F, 0xFC, 0x00, 0x00, 0x00, 0x00, 0x0F, 0xFF, 0xFF, 0xFF, 0xD0, 0x00, 0x00, 0x3F, 0xFF, 0xFF,
    0xFF, 0x40, 0x00, 0x3F, 0xF0, 0x00, 0x00, 0x00, 0x00, 0x3F, 0xFF, 0xFF, 0xFF, 0x80, 0x00, 0x00,
    0xFF, 0xFF, 0xFF, 0xFD, 0x00, 0x00, 0xFF, 0xC0, 0x00, 0x00, 0x00, 0x00, 0xFF, 0xFF, 0xFF, 0xFE,
    0x00, 0x00, 0x03, 0xFF, 0xFF, 0xFF, 0xF4, 0xBF, 0xFC, 0x24, 0x0A, 0x00, 0xC0, 0x1F, 0x03, 0xC0,
    0x30, 0x07, 0xD2, 0xF0, 0x0C, 0x01, 0xEC, 0xEC, 0x03, 0x40, 0x77, 0xB7, 0x00, 0xD0, 0x2C, 0xF9,
    0xD0, 0x34, 0x0B, 0x1C, 0x74, 0x0D, 0x01, 0x80, 0x2D, 0x00, 0x00, 0x1A, 0xA9, 0x40, 0x00, 0x00,
    0x00, 0x7F, 0xFF, 0xFF, 0x90, 0x00, 0x00, 0x2F, 0xF9, 0x00, 0x6F, 0xC0, 0x00, 0x0F, 0xF8, 0x00,
    0x00, 0x2F, 0x00, 0x03, 0xFC, 0x00, 0x00, 0x00, 0xFC, 0x00, 0x7F, 0x40, 0x00, 0x00, 0x0F, 0xD0,
    0x0F, 0xF4, 0x00, 0x00, 0x01, 0xFF, 0x01, 0xFF, 0x95, 0xAB, 0xFF, 0xFF, 0xF0, 0x2F, 0xFF, 0xFF,
    0xFF, 0xFF, 0xFF, 0x83, 0xFF, 0xFF, 0xFF, 0xFF, 0xEA, 0x94, 0x3F, 0xF9, 0x40, 0x00, 0x00, 0x00,
    0x03, 0xFF, 0x40, 0x00, 0x00, 0x00, 0x00, 0x3F, 0xF4, 0x00, 0x00, 0x00, 0x00, 0x03, 0xFF, 0x40,
    0x00, 0x00, 0x00, 0x00, 0x2F, 0xF8, 0x00, 0x00, 0x00, 0x00, 0x00, 0xFF, 0xD0, 0x00, 0x00, 0x01,
    0xA8, 0x0B, 0xFF, 0x80, 0x00, 0x00, 0x7F, 0x40, 0x3F, 0xFF, 0x90, 0x00, 0x5F, 0xE0, 0x00, 0xFF,
    0xFF, 0xFF, 0xFF, 0xF8, 0x00, 0x02, 0xFF, 0xFF, 0xFF, 0xFD, 0x00, 0x00, 0x06, 0xFF, 0xFF, 0xFE,
    0x00, 0x00, 0x00, 0x01, 0x6A, 0xA4, 0x00, 0x00, 0x05, 0x56, 0xAA, 0xA4, 0x00, 0x0F, 0xE0, 0x00,
    0x00, 0x03, 0xF0, 0x00, 0x00, 0x03, 0xF4, 0x0F, 0xFF, 0xFF, 0xF4, 0x00, 0x0F, 0xF0, 0x00, 0x00,
    0x02, 0xFC, 0x00, 0x00, 0x0B, 0xE0, 0x1F, 0xFF, 0xFF, 0xF4, 0x00, 0x2F, 0xF4, 0x00, 0x00, 0x00,
    0xFD, 0x00, 0x00, 0x1F, 0xC0, 0x1F, 0xD0, 0x00, 0x00, 0x00, 0x3F, 0xFC, 0x00, 0x00, 0x00, 0x7F,
    0x00, 0x00, 0x3F, 0x40, 0x1F, 0xC0, 0x00, 0x00, 0x00, 0x7F, 0xFC, 0x00, 0x00, 0x00, 0x3F, 0xC0,
    0x00, 0xFF, 0x00, 0x1F, 0xC0, 0x00, 0x00, 0x00, 0xBD, 0xBE, 0x00, 0x00, 0x00, 0x0F, 0xE0, 0x01,
    0xFC, 0x00, 0x1F, 0xC0, 0x00, 0x00, 0x00, 0xFC, 0x7F, 0x00, 0x00, 0x00, 0x0B, 0xF4, 0x03, 0xF8,
    0x00, 0x2F, 0xC0, 0x00, 0x00, 0x01, 0xFC, 0x3F, 0x40, 0x00, 0x00, 0x03, 0xFC, 0x0F, 0xF0, 0x00,
    0x2F, 0x80, 0x00, 0x00, 0x03, 0xF4, 0x2F, 0x80, 0x00, 0x00, 0x01, 0xFE, 0x2F, 0xD0, 0x00, 0x2F,
    0xFF, 0xFF, 0xC0, 0x03, 0xF0, 0x0F, 0xC0, 0x00, 0x00, 0x00, 0xFF, 0xBF, 0x80, 0x00, 0x2F, 0xFF,
    0xFF, 0xC0, 0x0B, 0xF0, 0x0F, 0xD0, 0x00, 0x00, 0x00, 0x3F, 0xFF, 0x00, 0x00, 0x3F, 0xFF, 0xFF,
    0xC0, 0x0F, 0xD0, 0x0B, 0xF0, 0x00, 0x00, 0x00, 0x2F, 0xFE, 0x00, 0x00, 0x3F, 0xEA, 0xA9, 0x40,
    0x1F, 0xC0, 0x03, 0xF4, 0x00, 0x00, 0x00, 0x0F, 0xFC, 0x00, 0x00, 0x3F, 0xC0, 0x00, 0x00, 0x2F,
    0xC0, 0x03, 0xF8, 0x00, 0x00, 0x00, 0x0F, 0xFC, 0x00, 0x00, 0x3F, 0xC0, 0x00, 0x00, 0x3F, 0x40,
    0x02, 0xFC, 0x00, 0x00, 0x00, 0x3F, 0xFF, 0x00, 0x00, 0x3F, 0xC0, 0x00, 0x00, 0x7F, 0x00, 0x00,
    0xFD, 0x00, 0x00, 0x00, 0xBF, 0xFF, 0x80, 0x00, 0x3F, 0xC0, 0x00, 0x00, 0xFF, 0x00, 0x00, 0xFF,
    0x00, 0x00, 0x01, 0xFF, 0xBF, 0xD0, 0x00, 0x3F, 0xC0, 0x00, 0x00, 0xFF, 0xFF, 0xFF, 0xFF, 0x00,
    0x00, 0x03, 0xFE, 0x3F, 0xF0, 0x00, 0x3F, 0xC0, 0x00, 0x02, 0xFF, 0xFF, 0xFF, 0xFF, 0x80, 0x00,
    0x0F, 0xFC, 0x0F, 0xF8, 0x00, 0x3F, 0xC0, 0x00, 0x03, 0xFF, 0xFF, 0xFF, 0xFF, 0xC0, 0x00, 0x2F,
    0xF4, 0x0B, 0xFD, 0x00, 0x3F, 0xC0, 0x00, 0x07, 0xFF, 0xFF, 0xFF, 0xFF, 0xD0, 0x00, 0x7F, 0xF0,
    0x03, 0xFF, 0x00, 0x7F, 0xC0, 0x00, 0x0B, 0xF4, 0x00, 0x00, 0x1F, 0xE0, 0x00, 0xFF, 0xC0, 0x01,
    0xFF, 0xC0, 0x7F, 0xC0, 0x00, 0x0F, 0xF0, 0x00, 0x00, 0x0F, 0xF0, 0x03, 0xFF, 0x80, 0x00, 0xBF,
    0xE0, 0x7F, 0xC0, 0x00, 0x1F, 0xF0, 0x00, 0x00, 0x0F, 0xF4, 0x0B, 0xFF, 0x00, 0x00, 0x3F, 0xF4,
    0x7F, 0xC0, 0x00, 0x3F, 0xD0, 0x00, 0x00, 0x0F, 0xFC, 0x1F, 0xFD, 0x00, 0x00, 0x1F, 0xFC, 0x0B,
    0xC0, 0x00, 0x00, 0x00, 0x00, 0x3F, 0xC0, 0x00, 0x00, 0x00, 0x00, 0x23, 0xC0, 0x00, 0x00, 0x00,
    0x00, 0x03, 0xC0, 0x00, 0x00, 0x3C, 0x00, 0x03, 0xC0, 0x00, 0x00, 0xB4, 0x00, 0x03, 0xC0, 0x00,
    0x01, 0xE0, 0x00, 0x03, 0xC0, 0x00, 0x03, 0xC0, 0x00, 0x03, 0xC0, 0x00, 0x0B, 0x80, 0x00, 0x03,
    0xC0, 0x00, 0x0F, 0x00, 0x00, 0x03, 0xC0, 0x00, 0x3D, 0x00, 0x00, 0x07, 0xC0, 0x00, 0x7C, 0x00,
    0x00, 0xAF, 0xEA, 0x00, 0xF4, 0x00, 0x00, 0xFF, 0xFF, 0x02, 0xE0, 0x00, 0x00, 0xFF, 0xFF, 0x07,
    0xC7, 0xFF, 0xD0, 0x00, 0x00, 0x0F, 0x85, 0x00, 0xB0, 0x00, 0x00, 0x1F, 0x00, 0x00, 0x28, 0x00,
    0x00, 0x3D, 0x00, 0x00, 0x2C, 0x00, 0x00, 0xBC, 0x00, 0x00, 0x38, 0x00, 0x01, 0xF4, 0x00, 0x6A,
    0xF0, 0x00, 0x03, 0xE0, 0x00, 0xFF, 0xC0, 0x00, 0x0B, 0xC0, 0x00, 0x01, 0xF4, 0x00, 0x0F, 0x80,
    0x00, 0x00, 0x3C, 0x00, 0x3F, 0x00, 0x00, 0x00, 0x3C, 0x00, 0x7D, 0x00, 0x00, 0x00, 0x7C, 0x00,
    0xFC, 0x00, 0x0B, 0xFF, 0xF8, 0x02, 0xF4, 0x00, 0x0F, 0xFF, 0xF0, 0x00, 0x00, 0x00, 0x06, 0xFF,
    0x40, 0x1B, 0xF8, 0x00, 0x00, 0x00, 0x00, 0x1F, 0xEF, 0xD0, 0x00, 0x00, 0x00, 0x05, 0x00, 0x7C,
    0x00, 0x00, 0x00, 0x00, 0x00, 0x0F, 0x00, 0x00, 0x38, 0x00, 0x00, 0x03, 0xC0, 0x00, 0x2D, 0x00,
    0x00, 0x00, 0xF0, 0x00, 0x0F, 0x00, 0x00, 0x00, 0xBC, 0x00, 0x0F, 0x00, 0x00, 0x00, 0xBD, 0x00,
    0x07, 0x80, 0x00, 0x00, 0xFE, 0x00, 0x03, 0xC0, 0x00, 0x02, 0xFE, 0x00, 0x02, 0xD0, 0x00, 0x03,
    0xFE, 0x00, 0x01, 0xF0, 0x00, 0x01, 0xFF, 0xFF, 0x40, 0xF4, 0x00, 0x00, 0xBF, 0xFF, 0xD0, 0xBC,
    0x00, 0x00, 0x2F, 0xFF, 0xF8, 0x3C, 0x7F, 0xFD, 0x00, 0x00, 0x00, 0x3E, 0x14, 0x02, 0xC0, 0x00,
    0x00, 0x1F, 0x00, 0x00, 0x28, 0x00, 0x00, 0x0F, 0x40, 0x00, 0x0B, 0x00, 0x00, 0x0B, 0xC0, 0x00,
    0x03, 0x80, 0x00, 0x07, 0xD0, 0x01, 0xAB, 0xC0, 0x00, 0x03, 0xE0, 0x00, 0xFF, 0xC0, 0x00, 0x02,
    0xF0, 0x00, 0x00, 0x7D, 0x00, 0x00, 0xF8, 0x00, 0x00, 0x03, 0xC0, 0x00, 0xFC, 0x00, 0x00, 0x00,
    0xF0, 0x00, 0x7D, 0x00, 0x00, 0x00, 0x7C, 0x00, 0x3F, 0x00, 0x02, 0xFF, 0xFE, 0x00, 0x2F, 0x40,
    0x00, 0xFF, 0xFF, 0x00, 0x00, 0x00, 0x00, 0x1B, 0xFD, 0x00, 0x0B, 0xC0, 0x00, 0x00, 0x00, 0x00,
    0x3F, 0xC0, 0x00, 0x00, 0x00, 0x00, 0x23, 0xC0, 0x00, 0x00, 0x00, 0x00, 0x03, 0xC0, 0x00, 0x00,
    0x3C, 0x00, 0x03, 0xC0, 0x00, 0x00, 0xB4, 0x00, 0x03, 0xC0, 0x00, 0x01, 0xE0, 0x00, 0x03, 0xC0,
    0x00, 0x03, 0xC0, 0x00, 0x03, 0xC0, 0x00, 0x0B, 0x80, 0x00, 0x03, 0xC0, 0x00, 0x0F, 0x00, 0x00,
    0x03, 0xC0, 0x00, 0x2D, 0x00, 0x00, 0x07, 0xC0, 0x00, 0x7C, 0x00, 0x00, 0xAF, 0xEA, 0x00, 0xF4,
    0x00, 0x00, 0xFF, 0xFF, 0x02, 0xE0, 0x00, 0x00, 0xFF, 0xFF, 0x03, 0xCB, 0xFF, 0xF0, 0x00, 0x00,
    0x0F, 0x8B, 0x55, 0x50, 0x00, 0x00, 0x1F, 0x0B, 0x00, 0x00, 0x00, 0x00, 0x3D, 0x0F, 0x00, 0x00,
    0x00, 0x00, 0xBC, 0x0F, 0x00, 0x00, 0x00, 0x01, 0xF4, 0x0F, 0xA5, 0x00, 0x00, 0x03, 0xE0, 0x0F,
    0xFF, 0xD0, 0x00, 0x0B, 0xC0, 0x00, 0x00, 0xF4, 0x00, 0x0F, 0x80, 0x00, 0x00, 0x7C, 0x00, 0x3F,
    0x00, 0x00, 0x00, 0x7C, 0x00, 0x7D, 0x00, 0x05, 0x01, 0xFC, 0x00, 0xFC, 0x00, 0x0F, 0xFF, 0xF4,
    0x02, 0xF4, 0x00, 0x0F, 0xFF, 0xE0, 0x00, 0x00, 0x00, 0x0B, 0xFE, 0x40, 0x1B, 0xF8, 0x00, 0x00,
    0x00, 0x00, 0x1F, 0xEF, 0xD0, 0x00, 0x00, 0x00, 0x05, 0x00, 0x7C, 0x00, 0x00, 0x00, 0x00, 0x00,
    0x0F, 0x00, 0x00, 0x28, 0x00, 0x00, 0x03, 0xC0, 0x00, 0x2D, 0x00, 0x00, 0x00, 0xF0, 0x00, 0x0F,
    0x00, 0x00, 0x00, 0xBC, 0x00, 0x0F, 0x40, 0x00, 0x00, 0xBD, 0x00, 0x07, 0x80, 0x00, 0x00, 0xFE,
    0x00, 0x03, 0xC0, 0x00, 0x02, 0xFE, 0x00, 0x02, 0xE0, 0x00, 0x03, 0xFE, 0x00, 0x01, 0xF0, 0x00,
    0x01, 0xFF, 0xFF, 0x40, 0xF4, 0x00, 0x00, 0xBF, 0xFF, 0xD0, 0xBC, 0x00, 0x00, 0x2F, 0xFF, 0xF8,
    0x3C, 0xBF, 0xFF, 0x00, 0x00, 0x00, 0x3E, 0x2D, 0x55, 0x40, 0x00, 0x00, 0x1F, 0x0B, 0x00, 0x00,
    0x00, 0x00, 0x0F, 0x43, 0xC0, 0x00, 0x00, 0x00, 0x0B, 0xC0, 0xF0, 0x00, 0x00, 0x00, 0x07, 0xD0,
    0x3E, 0x94, 0x00, 0x00, 0x03, 0xE0, 0x0F, 0xFF, 0xD0, 0x00, 0x02, 0xF0, 0x00, 0x00, 0x3D, 0x00,
    0x00, 0xF8, 0x00, 0x00, 0x07, 0xC0, 0x00, 0xFC, 0x00, 0x00, 0x01, 0xF0, 0x00, 0x7D, 0x00, 0x05,
    0x01, 0xFC, 0x00, 0x3F, 0x00, 0x03, 0xFF, 0xFD, 0x00, 0x2F, 0x40, 0x00, 0xFF, 0xFE, 0x00, 0x00,
    0x00, 0x00, 0x2F, 0xF9, 0x00, 0x0B, 0xFD, 0x00, 0x00, 0x00, 0x00, 0x02, 0x95, 0xBC, 0x00, 0x00,
    0x00, 0x00, 0x00, 0x00, 0xD0, 0x00, 0x00, 0x00, 0x00, 0x00, 0x0A, 0x00, 0x00, 0x3C, 0x00, 0x00,
    0x00, 0xE0, 0x00, 0x0B, 0x40, 0x00, 0x00, 0x2C, 0x00, 0x01, 0xE0, 0x00, 0x03, 0xFE, 0x00, 0x00,
    0x3C, 0x00, 0x00, 0x2A, 0xF8, 0x00, 0x0B, 0x80, 0x00, 0x00, 0x02, 0xE0, 0x00, 0xF0, 0x00, 0x00,
    0x00, 0x0F, 0x00, 0x2D, 0x00, 0x00, 0x00, 0x00, 0xF0, 0x07, 0xC0, 0x00, 0x00, 0x00, 0x2F, 0x00,
    0xF4, 0x00, 0x00, 0x2F, 0xFF, 0xD0, 0x2E, 0x00, 0x00, 0x03, 0xFF, 0xF8, 0x03, 0xCB, 0xFF, 0xF0,
    0x1B, 0xE9, 0x00, 0xF8, 0xB5, 0x55, 0x00, 0x00, 0x00, 0x1F, 0x0B, 0x00, 0x00, 0x00, 0x00, 0x03,
    0xD0, 0xF0, 0x00, 0x00, 0x00, 0x00, 0xBC, 0x0F, 0x00, 0x00, 0x00, 0x00, 0x1F, 0x40, 0xFA, 0x50,
    0x00, 0x00, 0x03, 0xE0, 0x0F, 0xFF, 0xD0, 0x00, 0x00, 0xBC, 0x00, 0x00, 0x0F, 0x40, 0x00, 0x0F,
    0x80, 0x00, 0x00, 0x7C, 0x00, 0x03, 0xF0, 0x00, 0x00, 0x07, 0xC0, 0x00, 0x7D, 0x00, 0x05, 0x01,
    0xFC, 0x00, 0x0F, 0xC0, 0x00, 0xFF, 0xFF, 0x40, 0x02, 0xF4, 0x00, 0x0F, 0xFF, 0xE0, 0x00, 0x00,
    0x00, 0x00, 0xBF, 0xE4, 0x00, 0x00, 0x00, 0x00, 0x00, 0x00, 0x00, 0x00, 0x00, 0xB0, 0x00, 0x00,
    0x00, 0x00, 0x00, 0x1F, 0x00, 0x00, 0x00, 0x00, 0x00, 0x03, 0xF0, 0x00, 0x00, 0x00, 0x00, 0x00,
    0xFB, 0x00, 0x00, 0x03, 0xC0, 0x00, 0x2E, 0x70, 0x00, 0x00, 0xF0, 0x00, 0x03, 0xC7, 0x40, 0x00,
    0x1E, 0x00, 0x00, 0xF4, 0xB4, 0x00, 0x03, 0xC0, 0x00, 0x2E, 0x0B, 0x40, 0x00, 0xB4, 0x00, 0x03,
    0xFF, 0xFF, 0x80, 0x0F, 0x00, 0x00, 0x3F, 0xFF, 0xF8, 0x03, 0xD0, 0x00, 0x00, 0x00, 0xF8, 0x00,
    0x7C, 0x00, 0x00, 0x00, 0x0F, 0xC0, 0x0F, 0x00, 0x00, 0x00, 0x00, 0xFC, 0x02, 0xE0, 0x00, 0x00,
    0x00, 0x0F, 0xC0, 0x7C, 0xBF, 0xFF, 0x00, 0x00, 0x54, 0x0F, 0x8B, 0x55, 0x50, 0x00, 0x00, 0x02,
    0xF0, 0xB0, 0x00, 0x00, 0x00, 0x00, 0x3D, 0x0F, 0x00, 0x00, 0x00, 0x00, 0x0B, 0xC0, 0xF0, 0x00,
    0x00, 0x00, 0x01, 0xF4, 0x0F, 0xA5, 0x00, 0x00, 0x00, 0x3E, 0x00, 0xFF, 0xFD, 0x00, 0x00, 0x0B,
    0xC0, 0x00, 0x00, 0xF4, 0x00, 0x00, 0xF8, 0x00, 0x00, 0x07, 0xC0, 0x00, 0x3F, 0x00, 0x00, 0x00,
    0x7C, 0x00, 0x07, 0xD0, 0x00, 0x50, 0x1F, 0xC0, 0x00, 0xFC, 0x00, 0x0F, 0xFF, 0xF8, 0x00, 0x2F,
    0x40, 0x00, 0xFF, 0xFF, 0x00, 0x00, 0x00, 0x00, 0x0B, 0xFE, 0x40, 0x0B, 0xC0, 0x00, 0x00, 0x00,
    0x00, 0x3F, 0xC0, 0x00, 0x00, 0x00, 0x00, 0x23, 0xC0, 0x00, 0x00, 0x00, 0x00, 0x03, 0xC0, 0x00,
    0x00, 0x3C, 0x00, 0x03, 0xC0, 0x00, 0x00, 0xB4, 0x00, 0x03, 0xC0, 0x00, 0x01, 0xE0, 0x00, 0x03,
    0xC0, 0x00, 0x03, 0xC0, 0x00, 0x03, 0xC0, 0x00, 0x07, 0x80, 0x00, 0x03, 0xC0, 0x00, 0x0F, 0x00,
    0x00, 0x03, 0xC0, 0x00, 0x2D, 0x00, 0x00, 0x07, 0xC0, 0x00, 0x7C, 0x00, 0x00, 0xAF, 0xEA, 0x00,
    0xF4, 0x00, 0x00, 0xFF, 0xFF, 0x01, 0xF0, 0x05, 0xA4, 0xFF, 0xFF, 0x03, 0xD0, 0x7F, 0xF8, 0x00,
    0x00, 0x0B, 0x81, 0xE0, 0x00, 0x00, 0x00, 0x1F, 0x03, 0x80, 0x00, 0x00, 0x00, 0x3E, 0x0B, 0x00,
    0x00, 0x00, 0x00, 0xBC, 0x0F, 0x15, 0x40, 0x00, 0x00, 0xF4, 0x0F, 0xFF, 0xF0, 0x00, 0x02, 0xF0,
    0x0F, 0xD0, 0xBC, 0x00, 0x07, 0xD0, 0x0F, 0x80, 0x3D, 0x00, 0x0F, 0xC0, 0x0F, 0x00, 0x1D, 0x00,
    0x2F, 0x00, 0x0F, 0x00, 0x1E, 0x00, 0x3E, 0x00, 0x0B, 0x40, 0x2D, 0x00, 0xFC, 0x00, 0x07, 0xD0,
    0x7D, 0x01, 0xF8, 0x00, 0x03, 0xFF, 0xFC, 0x01, 0xA0, 0x00, 0x00, 0xFF, 0xE0, 0x00, 0x00, 0x00,
    0x00, 0x05, 0x00, 0x05, 0x55, 0x40, 0x00, 0x00, 0x00, 0x03, 0xFF, 0xFC, 0x00, 0x00, 0x00, 0x00,
    0x38, 0x00, 0x00, 0x00, 0x00, 0x00, 0x03, 0x80, 0x00, 0x00, 0x00, 0x28, 0x00, 0x3C, 0x00, 0x00,
    0x00, 0x07, 0x40, 0x03, 0xC0, 0x00, 0x00, 0x00, 0xF0, 0x00, 0x3F, 0xFD, 0x00, 0x00, 0x2D, 0x00,
    0x03, 0xAA, 0xFC, 0x00, 0x07, 0xC0, 0x00, 0x00, 0x02, 0xD0, 0x00, 0xF0, 0x00, 0x00, 0x00, 0x1E,
    0x00, 0x2E, 0x00, 0x00, 0x00, 0x02, 0xF0, 0x03, 0xC0, 0x00, 0x02, 0x40, 0x7E, 0x00, 0xB8, 0x00,
    0x00, 0x3F, 0xFF, 0xD0, 0x1F, 0x00, 0x5A, 0x43, 0xFF, 0xF8, 0x03, 0xD0, 0x7F, 0xF8, 0x2B, 0xF8,
    0x00, 0xBC, 0x1E, 0x00, 0x00, 0x00, 0x00, 0x0F, 0x03, 0x80, 0x00, 0x00, 0x00, 0x03, 0xE0, 0xB0,
    0x00, 0x00, 0x00, 0x00, 0x7C, 0x0F, 0x15, 0x40, 0x00, 0x00, 0x0F, 0x80, 0xFF, 0xFF, 0x00, 0x00,
    0x02, 0xF0, 0x0F, 0xD0, 0xBC, 0x00, 0x00, 0x7D, 0x00, 0xF8, 0x03, 0xD0, 0x00, 0x0F, 0xC0, 0x0F,
    0x00, 0x1D, 0x00, 0x02, 0xF4, 0x00, 0xF0, 0x01, 0xE0, 0x00, 0x3E, 0x00, 0x0B, 0x40, 0x2D, 0x00,
    0x0B, 0xC0, 0x00, 0x7D, 0x07, 0xD0, 0x01, 0xF8, 0x00, 0x03, 0xFF, 0xFC, 0x00, 0x1A, 0x00, 0x00,
    0x0F, 0xFE, 0x00, 0x00, 0x00, 0x00, 0x00, 0x05, 0x00, 0x0B, 0xC0, 0x00, 0x00, 0x00, 0x00, 0x0F,
    0xF0, 0x00, 0x00, 0x00, 0x00, 0x02, 0x3C, 0x00, 0x00, 0x00, 0x00, 0x00, 0x0F, 0x00, 0x00, 0x00,
    0xF0, 0x00, 0x03, 0xC0, 0x00, 0x00, 0xB4, 0x00, 0x00, 0xF0, 0x00, 0x00, 0x38, 0x00, 0x00, 0x3C,
    0x00, 0x00, 0x3C, 0x00, 0x00, 0x0F, 0x00, 0x00, 0x1E, 0x00, 0x00, 0x03, 0xC0, 0x00, 0x0F, 0x00,
    0x00, 0x00, 0xF0, 0x00, 0x0B, 0x40, 0x00, 0x00, 0x7C, 0x00, 0x07, 0xC0, 0x00, 0x02, 0xBF, 0xA8,
    0x03, 0xD0, 0x00, 0x00, 0xFF, 0xFF, 0x02, 0xE0, 0x00, 0x00, 0x3F, 0xFF, 0xC0, 0xF0, 0x1F, 0xF4,
    0x00, 0x00, 0x00, 0xF8, 0x2C, 0x07, 0x80, 0x00, 0x00, 0x7C, 0x0D, 0x00, 0xB0, 0x00, 0x00, 0x3D,
    0x07, 0x40, 0x2C, 0x00, 0x00, 0x2F, 0x00, 0xF0, 0x0F, 0x00, 0x00, 0x1F, 0x40, 0x1F, 0xFF, 0x00,
    0x00, 0x0F, 0x80, 0x02, 0xFF, 0x80, 0x00, 0x0B, 0xC0, 0x03, 0xD0, 0xBC, 0x00, 0x03, 0xE0, 0x03,
    0xD0, 0x0B, 0x80, 0x03, 0xF0, 0x00, 0xF0, 0x01, 0xF0, 0x01, 0xF4, 0x00, 0x3D, 0x00, 0x7C, 0x00,
    0xFC, 0x00, 0x0F, 0xD0, 0x7E, 0x00, 0xBD, 0x00, 0x00, 0xFF, 0xFF, 0x00, 0x00, 0x00, 0x00, 0x0B,
    0xFE, 0x00, 0x0B, 0xFD, 0x00, 0x00, 0x00, 0x00, 0x00, 0xA5, 0x6F, 0x00, 0x00, 0x00, 0x00, 0x00,
    0x00, 0x0D, 0x00, 0x00, 0x00, 0x00, 0x00, 0x00, 0x28, 0x00, 0x00, 0xF0, 0x00, 0x00, 0x00, 0xE0,
    0x00, 0x0B, 0x40, 0x00, 0x00, 0x0B, 0x00, 0x00, 0x78, 0x00, 0x00, 0x3F, 0xE0, 0x00, 0x03, 0xC0,
    0x00, 0x00, 0xAB, 0xE0, 0x00, 0x2E, 0x00, 0x00, 0x00, 0x02, 0xE0, 0x00, 0xF0, 0x00, 0x00, 0x00,
    0x03, 0xC0, 0x0B, 0x40, 0x00, 0x00, 0x00, 0x0F, 0x00, 0x7C, 0x00, 0x00, 0x00, 0x00, 0xBC, 0x03,
    0xD0, 0x00, 0x00, 0x2F, 0xFF, 0xD0, 0x2E, 0x00, 0x00, 0x00, 0xFF, 0xFE, 0x00, 0xF0, 0x1F, 0xF4,
    0x01, 0xBE, 0x90, 0x0F, 0x82, 0xC0, 0x78, 0x00, 0x00, 0x00, 0x7C, 0x0D, 0x00, 0xB0, 0x00, 0x00,
    0x03, 0xD0, 0x74, 0x02, 0xC0, 0x00, 0x00, 0x2F, 0x00, 0xF0, 0x0F, 0x00, 0x00, 0x01, 0xF4, 0x01,
    0xFF, 0xF0, 0x00, 0x00, 0x0F, 0x80, 0x02, 0xFF, 0x80, 0x00, 0x00, 0xBC, 0x00, 0x3D, 0x0B, 0xC0,
    0x00, 0x03, 0xE0, 0x03, 0xD0, 0x0B, 0x80, 0x00, 0x3F, 0x00, 0x0F, 0x00, 0x1F, 0x00, 0x01, 0xF4,
    0x00, 0x3D, 0x00, 0x7C, 0x00, 0x0F, 0xC0, 0x00, 0xFD, 0x07, 0xE0, 0x00, 0xBD, 0x00, 0x00, 0xFF,
    0xFF, 0x00, 0x00, 0x00, 0x00, 0x00, 0xBF, 0xE0, 0x00, 0x05, 0x55, 0x40, 0x00, 0x00, 0x00, 0x00,
    0xFF, 0xFF, 0x00, 0x00, 0x00, 0x00, 0x03, 0x80, 0x00, 0x00, 0x00, 0x00, 0x00, 0x0E, 0x00, 0x00,
    0x00, 0x00, 0xA0, 0x00, 0x3C, 0x00, 0x00, 0x00, 0x07, 0x40, 0x00, 0xF0, 0x00, 0x00, 0x00, 0x3C,
    0x00, 0x03, 0xFF, 0xD0, 0x00, 0x02, 0xD0, 0x00, 0x0E, 0xAB, 0xF0, 0x00, 0x1E, 0x00, 0x00, 0x00,
    0x02, 0xD0, 0x00, 0xF0, 0x00, 0x00, 0x00, 0x07, 0x80, 0x0B, 0x80, 0x00, 0x00, 0x00, 0x2F, 0x00,
    0x3C, 0x00, 0x00, 0x09, 0x01, 0xF8, 0x03, 0xD0, 0x00, 0x00, 0x3F, 0xFF, 0xD0, 0x1F, 0x00, 0x00,
    0x00, 0xFF, 0xFE, 0x00, 0xF0, 0x1F, 0xF4, 0x02, 0xBF, 0x80, 0x0B, 0x82, 0xC0, 0x78, 0x00, 0x00,
    0x00, 0x7C, 0x0D, 0x00, 0xB0, 0x00, 0x00, 0x03, 0xD0, 0x74, 0x02, 0xC0, 0x00, 0x00, 0x2F, 0x00,
    0xF0, 0x0F, 0x00, 0x00, 0x01, 0xF4, 0x01, 0xFF, 0xF0, 0x00, 0x00, 0x0F, 0xC0, 0x02, 0xFF, 0x80,
    0x00, 0x00, 0xBC, 0x00, 0x3D, 0x0B, 0xC0, 0x00, 0x03, 0xE0, 0x03, 0xD0, 0x0B, 0x80, 0x00, 0x3F,
    0x00, 0x0F, 0x00, 0x1F, 0x00, 0x01, 0xF4, 0x00, 0x3D, 0x00, 0x7C, 0x00, 0x0F, 0xC0, 0x00, 0xFD,
    0x07, 0xE0, 0x00, 0xBD, 0x00, 0x00, 0xFF, 0xFF, 0x00, 0x00, 0x00, 0x00, 0x00, 0xBF, 0xE0, 0x00,
    0x7F, 0xFF, 0xE0, 0x00, 0x00, 0x00, 0x00, 0x5A, 0xAB, 0x80, 0x00, 0x00, 0x00, 0x00, 0x00, 0x1D,
    0x00, 0x00, 0x00, 0x00, 0x00, 0x00, 0xB4, 0x00, 0x00, 0xF0, 0x00, 0x00, 0x03, 0xC0, 0x00, 0x0B,
    0x40, 0x00, 0x00, 0x0F, 0x00, 0x00, 0x78, 0x00, 0x00, 0x00, 0x7C, 0x00, 0x03, 0xC0, 0x00, 0x00,
    0x03, 0xE0, 0x00, 0x2E, 0x00, 0x00, 0x00, 0x0F, 0x80, 0x00, 0xF0, 0x00, 0x00, 0x00, 0x7D, 0x00,
    0x0F, 0x40, 0x00, 0x00, 0x02, 0xF4, 0x00, 0x7C, 0x00, 0x00, 0x00, 0x0F, 0xC0, 0x03, 0xD0, 0x00,
    0x00, 0x00, 0x3F, 0x00, 0x2E, 0x00, 0x00, 0x00, 0x01, 0xFC, 0x01, 0xF0, 0x1F, 0xF4, 0x00, 0x05,
    0x50, 0x0F, 0x82, 0xC0, 0x78, 0x00, 0x00, 0x00, 0x7C, 0x0D, 0x00, 0xB0, 0x00, 0x00, 0x03, 0xD0,
    0x74, 0x02, 0xC0, 0x00, 0x00, 0x2F, 0x00, 0xF0, 0x0F, 0x00, 0x00, 0x01, 0xF4, 0x01, 0xFF, 0xF0,
    0x00, 0x00, 0x0F, 0x80, 0x02, 0xFF, 0x80, 0x00, 0x00, 0xBC, 0x00, 0x3D, 0x0B, 0xC0, 0x00, 0x03,
    0xE0, 0x03, 0xD0, 0x0B, 0x80, 0x00, 0x3F, 0x00, 0x0F, 0x00, 0x1F, 0x00, 0x01, 0xF4, 0x00, 0x3D,
    0x00, 0x7C, 0x00, 0x0F, 0xC0, 0x00, 0xFD, 0x07, 0xE0, 0x00, 0xBD, 0x00, 0x00, 0xFF, 0xFF, 0x00,
    0x00, 0x00, 0x00, 0x00, 0xBF, 0xE0, 0x00, 0xAA, 0x4B, 0xF4, 0xBF, 0x4B, 0xF4, 0x7F, 0x47, 0xF4,
    0x7F, 0x47, 0xF4, 0x7F, 0x47, 0xF4, 0x7F, 0x47, 0xF4, 0x7F, 0x47, 0xF4, 0x7F, 0x87, 0xF8, 0x7F,
    0x87, 0xF8, 0x7F, 0xCB, 0xFC, 0xBF, 0xCB, 0xFC, 0xFF, 0xCF, 0xFC, 0xFF, 0xC0, 0xAA, 0x40, 0x00,
    0x1A, 0xA2, 0xFD, 0x00, 0x00, 0x7F, 0xCB, 0xF4, 0x00, 0x00, 0xFE, 0x2F, 0xD0, 0x00, 0x03, 0xF8,
    0x7F, 0x40, 0x00, 0x0F, 0xE1, 0xFD, 0x00, 0x00, 0x3F, 0x87, 0xF4, 0x00, 0x00, 0xFE, 0x1F, 0xD0,
    0x00, 0x03, 0xF8, 0x7F, 0x40, 0x00, 0x0F, 0xE1, 0xFD, 0x00, 0x00, 0x3F, 0x87, 0xF4, 0x00, 0x00,
    0xFE, 0x1F, 0xD0, 0x00, 0x03, 0xF8, 0x7F, 0x40, 0x00, 0x0F, 0xF1, 0xFD, 0x00, 0x00, 0x3F, 0xC7,
    0xF8, 0x00, 0x00, 0xFF, 0x1F, 0xE0, 0x00, 0x03, 0xFC, 0x7F, 0x80, 0x00, 0x0F, 0xF1, 0xFE, 0x00,
    0x00, 0x3F, 0xC7, 0xFC, 0x00, 0x00, 0xFF, 0x2F, 0xF0, 0x00, 0x03, 0xFC, 0xBF, 0xC0, 0x00, 0x1F,
    0xF6, 0xFF, 0x00, 0x00, 0x7F, 0xDF, 0xFC, 0x00, 0x01, 0xFF, 0x7F, 0xF0, 0x00, 0x07, 0xFE, 0xFF,
    0xC0, 0x00, 0x2F, 0xF8, 0xAA, 0x40, 0x00, 0x1A, 0xA0, 0x00, 0x02, 0xA8, 0xBF, 0x40, 0x00, 0x1F,
    0xF0, 0x00, 0x03, 0xFC, 0xBF, 0x40, 0x00, 0x0F, 0xE0, 0x00, 0x03, 0xFC, 0xBF, 0x40, 0x00, 0x0F,
    0xE0, 0x00, 0x03, 0xFC, 0x7F, 0x40, 0x00, 0x0F, 0xE0, 0x00, 0x03, 0xFC, 0x7F, 0x40, 0x00, 0x0F,
    0xE0, 0x00, 0x02, 0xFC, 0x7F, 0x40, 0x00, 0x0F, 0xE0, 0x00, 0x02, 0xFC, 0x7F, 0x40, 0x00, 0x0F,
    0xE0, 0x00, 0x02, 0xFC, 0x7F, 0x40, 0x00, 0x0F, 0xE0, 0x00, 0x02, 0xFC, 0x7F, 0x40, 0x00, 0x0F,
    0xE0, 0x00, 0x02, 0xFC, 0x7F, 0x40, 0x00, 0x0F, 0xE0, 0x00, 0x02, 0xFC, 0x7F, 0x40, 0x00, 0x0F,
    0xE0, 0x00, 0x02, 0xFC, 0x7F, 0x40, 0x00, 0x0F, 0xF0, 0x00, 0x02, 0xFC, 0x7F, 0x40, 0x00, 0x0F,
    0xF0, 0x00, 0x02, 0xFC, 0x7F, 0x80, 0x00, 0x0F, 0xF0, 0x00, 0x02, 0xFD, 0x7F, 0x80, 0x00, 0x0F,
    0xF0, 0x00, 0x02, 0xFD, 0x7F, 0x80, 0x00, 0x0F, 0xF0, 0x00, 0x02, 0xFD, 0x7F, 0x80, 0x00, 0x0F,
    0xF0, 0x00, 0x02, 0xFD, 0x7F, 0xC0, 0x00, 0x0F, 0xF0, 0x00, 0x03, 0xFE, 0xBF, 0xC0, 0x00, 0x0F,
    0xF0, 0x00, 0x03, 0xFE, 0xBF, 0xC0, 0x00, 0x1F, 0xF4, 0x00, 0x03, 0xFE, 0xBF, 0xC0, 0x00, 0x1F,
    0xF4, 0x00, 0x03, 0xFE, 0xFF, 0xC0, 0x00, 0x1F, 0xF4, 0x00, 0x03, 0xFF, 0xFF, 0xC0, 0x00, 0x1F,
    0xF8, 0x00, 0x03, 0xFF, 0xFF, 0xC0, 0x00, 0x2F, 0xF8, 0x00, 0x03, 0xFF, 0xAA, 0x40, 0x00, 0x02,
    0xA8, 0x00, 0x00, 0x00, 0x0A, 0x9B, 0xF4, 0x00, 0x00, 0x2F, 0xC0, 0x00, 0x00, 0x02, 0xFC, 0xBF,
    0x40, 0x00, 0x01, 0xFD, 0x00, 0x00, 0x00, 0x3F, 0xCB, 0xF4, 0x00, 0x00, 0x0F, 0xF0, 0x00, 0x00,
    0x07, 0xF8, 0x7F, 0x40, 0x00, 0x00, 0xFF, 0x00, 0x00, 0x00, 0xFF, 0x07, 0xF4, 0x00, 0x00, 0x07,
    0xF8, 0x00, 0x00, 0x0F, 0xF0, 0x7F, 0x40, 0x00, 0x00, 0x3F, 0xC0, 0x00, 0x02, 0xFE, 0x07, 0xF4,
    0x00, 0x00, 0x03, 0xFD, 0x00, 0x00, 0x3F, 0xC0, 0x7F, 0x40, 0x00, 0x00, 0x2F, 0xE0, 0x00, 0x07,
    0xFC, 0x07, 0xF4, 0x00, 0x00, 0x00, 0xFF, 0x00, 0x00, 0xFF, 0x80, 0x7F, 0x40, 0x00, 0x00, 0x0F,
    0xF4, 0x00, 0x1F, 0xF0, 0x07, 0xF4, 0x00, 0x00, 0x00, 0xBF, 0xC0, 0x02, 0xFF, 0x00, 0x7F, 0x40,
    0x00, 0x00, 0x03, 0xFC, 0x00, 0x3F, 0xE0, 0x07, 0xF4, 0x00, 0x00, 0x00, 0x3F, 0xE0, 0x07, 0xFC,
    0x00, 0x7F, 0x80, 0x00, 0x00, 0x02, 0xFF, 0x00, 0xFF, 0xC0, 0x07, 0xF8, 0x00, 0x00, 0x00, 0x1F,
    0xF4, 0x1F, 0xF8, 0x00, 0x7F, 0x80, 0x00, 0x00, 0x00, 0xFF, 0x82, 0xFF, 0x40, 0x07, 0xF8, 0x00,
    0x00, 0x00, 0x0B, 0xFC, 0x3F, 0xF0, 0x00, 0x7F, 0xC0, 0x00, 0x00, 0x00, 0x7F, 0xFF, 0xFE, 0x00,
    0x0B, 0xFC, 0x00, 0x00, 0x00, 0x03, 0xFF, 0xFF, 0xD0, 0x00, 0xBF, 0xC0, 0x00, 0x00, 0x00, 0x2F,
    0xFF, 0xFC, 0x00, 0x0B, 0xFC, 0x00, 0x00, 0x00, 0x01, 0xFF, 0xFF, 0x80, 0x00, 0xFF, 0xC0, 0x00,
    0x00, 0x00, 0x0F, 0xFF, 0xF4, 0x00, 0x0F, 0xFC, 0x00, 0x00, 0x00, 0x00, 0xFF, 0xFF, 0x00, 0x00,
    0xFF, 0xC0, 0x00, 0x00, 0x00, 0x07, 0xFF, 0xE0, 0x00, 0x00, 0x6A, 0x40, 0x00, 0x00, 0x01, 0xA8,
    0x3F, 0x80, 0x00, 0x00, 0x03, 0xFC, 0x3F, 0xC0, 0x00, 0x00, 0x07, 0xF8, 0x1F, 0xD0, 0x00, 0x00,
    0x0F, 0xF0, 0x0F, 0xF0, 0x00, 0x00, 0x0F, 0xF0, 0x0F, 0xF0, 0x00, 0x00, 0x2F, 0xE0, 0x0B, 0xF8,
    0x00, 0x00, 0x3F, 0xC0, 0x03, 0xFC, 0x00, 0x00, 0x7F, 0xC0, 0x03, 0xFD, 0x00, 0x00, 0xFF, 0x80,
    0x02, 0xFE, 0x00, 0x00, 0xFF, 0x00, 0x00, 0xFF, 0x00, 0x02, 0xFF, 0x00, 0x00, 0xFF, 0x40, 0x03,
    0xFE, 0x00, 0x00, 0xBF, 0xC0, 0x07, 0xFC, 0x00, 0x00, 0x7F, 0xC0, 0x0F, 0xFC, 0x00, 0x00, 0x3F,
    0xE0, 0x1F, 0xF8, 0x00, 0x00, 0x2F, 0xF0, 0x2F, 0xF0, 0x00, 0x00, 0x1F, 0xF4, 0x3F, 0xF0, 0x00,
    0x00, 0x0F, 0xF8, 0x7F, 0xE0, 0x00, 0x00, 0x0B, 0xFF, 0xFF, 0xC0, 0x00, 0x00, 0x07, 0xFF, 0xFF,
    0xC0, 0x00, 0x00, 0x03, 0xFF, 0xFF, 0x80, 0x00, 0x00, 0x03, 0xFF, 0xFF, 0x00, 0x00, 0x00, 0x01,
    0xFF, 0xFF, 0x00, 0x00, 0x00, 0x00, 0xFF, 0xFE, 0x00, 0x00, 0x00, 0x00, 0xFF, 0xFD, 0x00, 0x00,
    0x6A, 0x40, 0x00, 0x00, 0x01, 0xA8, 0x00, 0x00, 0x2A, 0x80, 0xFE, 0x00, 0x00, 0x00, 0x0F, 0xF0,
    0x00, 0x00, 0xFF, 0x03, 0xFC, 0x00, 0x00, 0x00, 0x7F, 0x80, 0x00, 0x03, 0xFC, 0x07, 0xF4, 0x00,
    0x00, 0x03, 0xFC, 0x00, 0x00, 0x0F, 0xF0, 0x0F, 0xF0, 0x00, 0x00, 0x0F, 0xF0, 0x00, 0x00, 0x2F,
    0xC0, 0x3F, 0xC0, 0x00, 0x00, 0xBF, 0x80, 0x00, 0x00, 0xBF, 0x00, 0xBF, 0x80, 0x00, 0x03, 0xFC,
    0x00, 0x00, 0x02, 0xFC, 0x00, 0xFF, 0x00, 0x00, 0x1F, 0xF0, 0x00, 0x00, 0x0B, 0xF0, 0x03, 0xFD,
    0x00, 0x00, 0xFF, 0x80, 0x00, 0x00, 0x2F, 0xC0, 0x0B, 0xF8, 0x00, 0x03, 0xFC, 0x00, 0x00, 0x00,
    0xBF, 0x00, 0x0F, 0xF0, 0x00, 0x2F, 0xF0, 0x00, 0x00, 0x02, 0xFC, 0x00, 0x3F, 0xD0, 0x00, 0xFF,
    0x80, 0x00, 0x00, 0x0B, 0xF0, 0x00, 0xBF, 0xC0, 0x07, 0xFC, 0x00, 0x00, 0x00, 0x2F, 0xC0, 0x01,
    0xFF, 0x00, 0x3F, 0xF0, 0x00, 0x00, 0x00, 0xBF, 0x00, 0x03, 0xFE, 0x01, 0xFF, 0x80, 0x00, 0x00,
    0x02, 0xFD, 0x00, 0x0B, 0xFC, 0x0B, 0xFC, 0x00, 0x00, 0x00, 0x0B, 0xF4, 0x00, 0x1F, 0xF4, 0x3F,
    0xF0, 0x00, 0x00, 0x00, 0x2F, 0xD0, 0x00, 0x3F, 0xE1, 0xFF, 0x80, 0x00, 0x00, 0x00, 0xBF, 0x80,
    0x00, 0xBF, 0xFF, 0xFC, 0x00, 0x00, 0x00, 0x02, 0xFE, 0x00, 0x01, 0xFF, 0xFF, 0xF0, 0x00, 0x00,
    0x00, 0x0F, 0xF8, 0x00, 0x03, 0xFF, 0xFF, 0x80, 0x00, 0x00, 0x00, 0x3F, 0xE0, 0x00, 0x0F, 0xFF,
    0xFC, 0x00, 0x00, 0x00, 0x00, 0xFF, 0xC0, 0x00, 0x1F, 0xFF, 0xF0, 0x00, 0x00, 0x00, 0x03, 0xFF,
    0x00, 0x00, 0x3F, 0xFF, 0x80, 0x00, 0x00, 0x00, 0x0F, 0xFC, 0x00, 0x00, 0xFF, 0xFD, 0x00, 0x00,
    0x00, 0x00, 0x3F, 0xF0, 0x6A, 0x40, 0x00, 0x00, 0x01, 0xA8, 0x00, 0x00, 0x2A, 0x80, 0x00, 0x06,
    0xA4, 0x3F, 0x80, 0x00, 0x00, 0x03, 0xFC, 0x00, 0x00, 0x3F, 0xC0, 0x00, 0x0B, 0xF8, 0x3F, 0xC0,
    0x00, 0x00, 0x07, 0xF8, 0x00, 0x00, 0x3F, 0xC0, 0x00, 0x07, 0xF8, 0x1F, 0xD0, 0x00, 0x00, 0x0F,
    0xF0, 0x00, 0x00, 0x3F, 0xC0, 0x00, 0x07, 0xF4, 0x0F, 0xF0, 0x00, 0x00, 0x0F, 0xF0, 0x00, 0x00,
    0x2F, 0xC0, 0x00, 0x07, 0xF4, 0x0F, 0xF0, 0x00, 0x00, 0x2F, 0xE0, 0x00, 0x00, 0x2F, 0xC0, 0x00,
    0x07, 0xF4, 0x0B, 0xF8, 0x00, 0x00, 0x3F, 0xC0, 0x00, 0x00, 0x2F, 0xC0, 0x00, 0x07, 0xF4, 0x03,
    0xFC, 0x00, 0x00, 0x7F, 0xC0, 0x00, 0x00, 0x2F, 0xC0, 0x00, 0x03, 0xF4, 0x03, 0xFD, 0x00, 0x00,
    0xFF, 0x80, 0x00, 0x00, 0x2F, 0xC0, 0x00, 0x03, 0xF4, 0x02, 0xFE, 0x00, 0x00, 0xFF, 0x00, 0x00,
    0x00, 0x2F, 0xC0, 0x00, 0x03, 0xF4, 0x00, 0xFF, 0x00, 0x02, 0xFF, 0x00, 0x00, 0x00, 0x2F, 0xC0,
    0x00, 0x03, 0xF4, 0x00, 0xFF, 0x40, 0x03, 0xFE, 0x00, 0x00, 0x00, 0x2F, 0xC0, 0x00, 0x03, 0xF8,
    0x00, 0xBF, 0xC0, 0x07, 0xFC, 0x00, 0x00, 0x00, 0x2F, 0xC0, 0x00, 0x03, 0xF8, 0x00, 0x7F, 0xC0,
    0x0F, 0xFC, 0x00, 0x00, 0x00, 0x2F, 0xC0, 0x00, 0x03, 0xF8, 0x00, 0x3F, 0xE0, 0x1F, 0xF8, 0x00,
    0x00, 0x00, 0x2F, 0xD0, 0x00, 0x03, 0xF8, 0x00, 0x2F, 0xF0, 0x2F, 0xF0, 0x00, 0x00, 0x00, 0x2F,
    0xD0, 0x00, 0x07, 0xF8, 0x00, 0x1F, 0xF4, 0x3F, 0xF0, 0x00, 0x00, 0x00, 0x2F, 0xD0, 0x00, 0x07,
    0xFC, 0x00, 0x0F, 0xF8, 0x7F, 0xE0, 0x00, 0x00, 0x00, 0x2F, 0xE0, 0x00, 0x07, 0xFC, 0x00, 0x0B,
    0xFF, 0xFF, 0xC0, 0x00, 0x00, 0x00, 0x2F, 0xE0, 0x00, 0x07, 0xFC, 0x00, 0x07, 0xFF, 0xFF, 0xC0,
    0x00, 0x00, 0x00, 0x3F, 0xE0, 0x00, 0x07, 0xFC, 0x00, 0x03, 0xFF, 0xFF, 0x80, 0x00, 0x00, 0x00,
    0x3F, 0xE0, 0x00, 0x07, 0xFC, 0x00, 0x03, 0xFF, 0xFF, 0x00, 0x00, 0x00, 0x00, 0x3F, 0xF0, 0x00,
    0x0B, 0xFC, 0x00, 0x01, 0xFF, 0xFF, 0x00, 0x00, 0x00, 0x00, 0x3F, 0xF0, 0x00, 0x0B, 0xFC, 0x00,
    0x00, 0xFF, 0xFE, 0x00, 0x00, 0x00, 0x00, 0x3F, 0xF0, 0x00, 0x0B, 0xFD, 0x00, 0x00, 0xFF, 0xFD,
    0x00, 0x00, 0x00, 0x00, 0x3F, 0xF0, 0x00, 0x0B, 0xFD, 0x6A, 0x40, 0x00, 0x00, 0x01, 0xA8, 0x00,
    0x00, 0x2A, 0x80, 0x00, 0x06, 0xA4, 0x00, 0x00, 0xAA, 0x0F, 0xE0, 0x00, 0x00, 0x00, 0xFF, 0x00,
    0x00, 0x0F, 0xF0, 0x00, 0x02, 0xFE, 0x00, 0x00, 0x3F, 0xC3, 0xFC, 0x00, 0x00, 0x00, 0x7F, 0x80,
    0x00, 0x03, 0xFC, 0x00, 0x00, 0x7F, 0x80, 0x00, 0x0F, 0xF0, 0x7F, 0x40, 0x00, 0x00, 0x3F, 0xC0,
    0x00, 0x00, 0xFF, 0x00, 0x00, 0x1F, 0xD0, 0x00, 0x03, 0xFC, 0x0F, 0xF0, 0x00, 0x00, 0x0F, 0xF0,
    0x00, 0x00, 0x2F, 0xC0, 0x00, 0x07, 0xF4, 0x00, 0x00, 0xFF, 0x03, 0xFC, 0x00, 0x00, 0x0B, 0xF8,
    0x00, 0x00, 0x0B, 0xF0, 0x00, 0x01, 0xFD, 0x00, 0x00, 0x3F, 0xC0, 0xBF, 0x80, 0x00, 0x03, 0xFC,
    0x00, 0x00, 0x02, 0xFC, 0x00, 0x00, 0x7F, 0x40, 0x00, 0x0F, 0xF0, 0x0F, 0xF0, 0x00, 0x01, 0xFF,
    0x00, 0x00, 0x00, 0xBF, 0x00, 0x00, 0x0F, 0xD0, 0x00, 0x03, 0xFC, 0x03, 0xFD, 0x00, 0x00, 0xFF,
    0x80, 0x00, 0x00, 0x2F, 0xC0, 0x00, 0x03, 0xF4, 0x00, 0x00, 0xFF, 0x00, 0xBF, 0x80, 0x00, 0x3F,
    0xC0, 0x00, 0x00, 0x0B, 0xF0, 0x00, 0x00, 0xFD, 0x00, 0x00, 0x3F, 0xC0, 0x0F, 0xF0, 0x00, 0x2F,
    0xF0, 0x00, 0x00, 0x02, 0xFC, 0x00, 0x00, 0x3F, 0x40, 0x00, 0x0F, 0xF0, 0x03, 0xFD, 0x00, 0x0F,
    0xF8, 0x00, 0x00, 0x00, 0xBF, 0x00, 0x00, 0x0F, 0xE0, 0x00, 0x03, 0xFC, 0x00, 0xBF, 0xC0, 0x07,
    0xFC, 0x00, 0x00, 0x00, 0x2F, 0xC0, 0x00, 0x03, 0xF8, 0x00, 0x00, 0xFF, 0x00, 0x1F, 0xF0, 0x03,
    0xFF, 0x00, 0x00, 0x00, 0x0B, 0xF0, 0x00, 0x00, 0xFE, 0x00, 0x00, 0x3F, 0xC0, 0x03, 0xFE, 0x01,
    0xFF, 0x80, 0x00, 0x00, 0x02, 0xFD, 0x00, 0x00, 0x3F, 0x80, 0x00, 0x0F, 0xF0, 0x00, 0xBF, 0xC0,
    0xBF, 0xC0, 0x00, 0x00, 0x00, 0xBF, 0x40, 0x00, 0x1F, 0xE0, 0x00, 0x03, 0xFC, 0x00, 0x1F, 0xF4,
    0x3F, 0xF0, 0x00, 0x00, 0x00, 0x2F, 0xD0, 0x00, 0x07, 0xFC, 0x00, 0x00, 0xFF, 0x00, 0x03, 0xFE,
    0x1F, 0xF8, 0x00, 0x00, 0x00, 0x0B, 0xF8, 0x00, 0x01, 0xFF, 0x00, 0x00, 0x3F, 0xC0, 0x00, 0xBF,
    0xFF, 0xFC, 0x00, 0x00, 0x00, 0x02, 0xFE, 0x00, 0x00, 0x7F, 0xC0, 0x00, 0x0F, 0xF4, 0x00, 0x1F,
    0xFF, 0xFF, 0x00, 0x00, 0x00, 0x00, 0xFF, 0x80, 0x00, 0x1F, 0xF0, 0x00, 0x03, 0xFD, 0x00, 0x03,
    0xFF, 0xFF, 0x80, 0x00, 0x00, 0x00, 0x3F, 0xE0, 0x00, 0x07, 0xFC, 0x00, 0x00, 0xFF, 0x40, 0x00,
    0xFF, 0xFF, 0xC0, 0x00, 0x00, 0x00, 0x0F, 0xFC, 0x00, 0x02, 0xFF, 0x00, 0x00, 0x3F, 0xE0, 0x00,
    0x1F, 0xFF, 0xF0, 0x00, 0x00, 0x00, 0x03, 0xFF, 0x00, 0x00, 0xBF, 0xC0, 0x00, 0x1F, 0xF8, 0x00,
    0x03, 0xFF, 0xF8, 0x00, 0x00, 0x00, 0x00, 0xFF, 0xC0, 0x00, 0x2F, 0xF4, 0x00, 0x07, 0xFE, 0x00,
    0x00, 0xFF, 0xFD, 0x00, 0x00, 0x00, 0x00, 0x3F, 0xF0, 0x00, 0x0B, 0xFD, 0x00, 0x01, 0xFF, 0x80,
    0xAA, 0x40, 0x00, 0x00, 0x6E, 0x00, 0x00, 0x00, 0x7E, 0x2F, 0xD0, 0x00, 0x00, 0x0F, 0xD0, 0x00,
    0x00, 0x3F, 0x4B, 0xF4, 0x00, 0x00, 0x02, 0xFC, 0x00, 0x00, 0x2F, 0x82, 0xFD, 0x00, 0x00, 0x00,
    0x3F, 0x80, 0x00, 0x1F, 0xC0, 0x7F, 0x40, 0x00, 0x00, 0x07, 0xF4, 0x00, 0x0F, 0xD0, 0x1F, 0xD0,
    0x00, 0x00, 0x00, 0xBF, 0x00, 0x0F, 0xF0, 0x07, 0xF4, 0x00, 0x00, 0x00, 0x0F, 0xF0, 0x0B, 0xF0,
    0x01, 0xFD, 0x00, 0x00, 0x00, 0x01, 0xFE, 0x07, 0xF8, 0x00, 0x7F, 0x40, 0x00, 0x00, 0x00, 0x3F,
    0xD3, 0xFC, 0x00, 0x1F, 0xD0, 0x00, 0x00, 0x00, 0x03, 0xFF, 0xFD, 0x00, 0x07, 0xF4, 0x00, 0x00,
    0x00, 0x00, 0xBF, 0xFE, 0x00, 0x01, 0xFD, 0x00, 0x00, 0x00, 0x00, 0x0F, 0xFF, 0x00, 0x00, 0x7F,
    0x40, 0x00, 0x00, 0x00, 0x01, 0xFF, 0x40, 0x00, 0x1F, 0xD0, 0x00, 0x00, 0x00, 0x00, 0xBF, 0xF0,
    0x00, 0x07, 0xF8, 0x00, 0x00, 0x00, 0x00, 0x7F, 0xFE, 0x00, 0x01, 0xFE, 0x00, 0x00, 0x00, 0x00,
    0x3F, 0xFF, 0xC0, 0x00, 0x7F, 0x80, 0x00, 0x00, 0x00, 0x3F, 0xFF, 0xFC, 0x00, 0x1F, 0xE0, 0x00,
    0x00, 0x00, 0x2F, 0xF4, 0xFF, 0x80, 0x07, 0xFC, 0x00, 0x00, 0x00, 0x1F, 0xF8, 0x2F, 0xF4, 0x02,
    0xFF, 0x00, 0x00, 0x00, 0x0F, 0xFC, 0x03, 0xFF, 0x00, 0xBF, 0xC0, 0x00, 0x00, 0x0F, 0xFD, 0x00,
    0x7F, 0xE0, 0x2F, 0xF0, 0x00, 0x00, 0x0B, 0xFE, 0x00, 0x0F, 0xFD, 0x0F, 0xFC, 0x00, 0x00, 0x07,
    0xFF, 0x00, 0x00, 0xFF, 0xC3, 0xFF, 0x00, 0x00, 0x03, 0xFF, 0x40, 0x00, 0x2F, 0xFC, 0xFF, 0xC0,
    0x00, 0x02, 0xFF, 0xC0, 0x00, 0x03, 0xFF, 0x80, 0x0B, 0xC0, 0x00, 0x00, 0x0B, 0xD0, 0x1F, 0xC0,
    0x00, 0x00, 0x7F, 0x00, 0x3F, 0x80, 0x00, 0x03, 0xF4, 0x00, 0x3F, 0x40, 0x00, 0x3F, 0x80, 0x00,
    0xBF, 0x00, 0x02, 0xFC, 0x00, 0x00, 0xFE, 0x00, 0x1F, 0xD0, 0x00, 0x01, 0xFD, 0x00, 0xFF, 0x00,
    0x00, 0x03, 0xFC, 0x0B, 0xF0, 0x00, 0x00, 0x03, 0xFC, 0x7F, 0x80, 0x00, 0x00, 0x0B, 0xFB, 0xFC,
    0x00, 0x00, 0x00, 0x0F, 0xFF, 0xD0, 0x00, 0x00, 0x00, 0x1F, 0xFE, 0x00, 0x00, 0x00, 0x00, 0x2F,
    0xF0, 0x00, 0x00, 0x00, 0x00, 0xFF, 0xD0, 0x00, 0x00, 0x00, 0x0F, 0xFF, 0xC0, 0x00, 0x00, 0x00,
    0xBF, 0xFF, 0xC0, 0x00, 0x00, 0x07, 0xFE, 0xFF, 0x80, 0x00, 0x00, 0x3F, 0xF2, 0xFF, 0x40, 0x00,
    0x02, 0xFF, 0x43, 0xFF, 0x00, 0x00, 0x1F, 0xF8, 0x07, 0xFE, 0x00, 0x00, 0xFF, 0xC0, 0x0B, 0xFD,
    0x00, 0x0F, 0xFD, 0x00, 0x0F, 0xFC, 0x00, 0xBF, 0xE0, 0x00, 0x2F, 0xFC, 0x07, 0xFF, 0x00, 0x00,
    0x3F, 0xF4, 0x3F, 0xF4, 0x00, 0x00, 0x7F, 0xF0, 0x0A, 0xC0, 0x00, 0x00, 0x0B, 0xD0, 0x00, 0x00,
    0x6A, 0x40, 0x7F, 0x00, 0x00, 0x01, 0xFC, 0x00, 0x00, 0x0B, 0xF8, 0x03, 0xF8, 0x00, 0x00, 0x3F,
    0x40, 0x00, 0x00, 0x7F, 0x40, 0x0F, 0xD0, 0x00, 0x0F, 0xE0, 0x00, 0x00, 0x07, 0xF4, 0x00, 0xBF,
    0x00, 0x02, 0xFC, 0x00, 0x00, 0x00, 0x7F, 0x40, 0x03, 0xF8, 0x00, 0x7F, 0x40, 0x00, 0x00, 0x07,
    0xF4, 0x00, 0x1F, 0xD0, 0x0F, 0xF0, 0x00, 0x00, 0x00, 0x7F, 0x40, 0x00, 0xFF, 0x02, 0xFC, 0x00,
    0x00, 0x00, 0x07, 0xF4, 0x00, 0x03, 0xFC, 0x7F, 0x80, 0x00, 0x00, 0x00, 0x7F, 0x40, 0x00, 0x2F,
    0xEF, 0xF0, 0x00, 0x00, 0x00, 0x03, 0xF4, 0x00, 0x00, 0xFF, 0xFD, 0x00, 0x00, 0x00, 0x00, 0x3F,
    0x40, 0x00, 0x07, 0xFF, 0x80, 0x00, 0x00, 0x00, 0x03, 0xF4, 0x00, 0x00, 0x2F, 0xF0, 0x00, 0x00,
    0x00, 0x00, 0x3F, 0x80, 0x00, 0x03, 0xFF, 0x40, 0x00, 0x00, 0x00, 0x07, 0xF8, 0x00, 0x00, 0xFF,
    0xFC, 0x00, 0x00, 0x00, 0x00, 0x7F, 0x80, 0x00, 0x2F, 0xFF, 0xF0, 0x00, 0x00, 0x00, 0x07, 0xF8,
    0x00, 0x07, 0xFE, 0xFF, 0x80, 0x00, 0x00, 0x00, 0x7F, 0xC0, 0x00, 0xFF, 0xCB, 0xFD, 0x00, 0x00,
    0x00, 0x07, 0xFC, 0x00, 0x2F, 0xF4, 0x3F, 0xF0, 0x00, 0x00, 0x00, 0x7F, 0xC0, 0x07, 0xFE, 0x01,
    0xFF, 0x80, 0x00, 0x00, 0x07, 0xFC, 0x00, 0xFF, 0xC0, 0x0B, 0xFD, 0x00, 0x00, 0x00, 0xBF, 0xC0,
    0x3F, 0xF4, 0x00, 0x3F, 0xF0, 0x00, 0x00, 0x0B, 0xFC, 0x0B, 0xFE, 0x00, 0x02, 0xFF, 0xC0, 0x00,
    0x00, 0xBF, 0xC1, 0xFF, 0xC0, 0x00, 0x0F, 0xFD, 0x00, 0x00, 0x0B, 0xFD, 0x3F, 0xF4, 0x00, 0x00,
    0x7F, 0xF0, 0x00, 0x00, 0xFF, 0xD0, 0x0A, 0xC0, 0x00, 0x00, 0x0B, 0xD0, 0x00, 0x00, 0x6A, 0x40,
    0x00, 0x0A, 0xA0, 0x1F, 0xC0, 0x00, 0x00, 0x7F, 0x00, 0x00, 0x02, 0xFE, 0x00, 0x00, 0x3F, 0xC0,
    0x3F, 0x80, 0x00, 0x03, 0xF4, 0x00, 0x00, 0x07, 0xF4, 0x00, 0x00, 0xFF, 0x00, 0x3F, 0x40, 0x00,
    0x3F, 0x80, 0x00, 0x00, 0x1F, 0xD0, 0x00, 0x03, 0xFC, 0x00, 0xBF, 0x00, 0x02, 0xFC, 0x00, 0x00,
    0x00, 0x7F, 0x40, 0x00, 0x0F, 0xF0, 0x00, 0xFE, 0x00, 0x1F, 0xD0, 0x00, 0x00, 0x01, 0xFD, 0x00,
    0x00, 0x3F, 0xC0, 0x01, 0xFD, 0x00, 0xFF, 0x00, 0x00, 0x00, 0x07, 0xF4, 0x00, 0x00, 0xFF, 0x00,
    0x03, 0xFC, 0x0B, 0xF0, 0x00, 0x00, 0x00, 0x1F, 0xD0, 0x00, 0x03, 0xFC, 0x00, 0x03, 0xFC, 0x7F,
    0x80, 0x00, 0x00, 0x00, 0x7F, 0x40, 0x00, 0x0F, 0xF0, 0x00, 0x0B, 0xFB, 0xFC, 0x00, 0x00, 0x00,
    0x00, 0xFD, 0x00, 0x00, 0x3F, 0xC0, 0x00, 0x0F, 0xFF, 0xD0, 0x00, 0x00, 0x00, 0x03, 0xF4, 0x00,
    0x00, 0xFF, 0x00, 0x00, 0x1F, 0xFE, 0x00, 0x00, 0x00, 0x00, 0x0F, 0xD0, 0x00, 0x03, 0xFC, 0x00,
    0x00, 0x2F, 0xF0, 0x00, 0x00, 0x00, 0x00, 0x3F, 0x80, 0x00, 0x0F, 0xF0, 0x00, 0x00, 0xFF, 0xD0,
    0x00, 0x00, 0x00, 0x01, 0xFE, 0x00, 0x00, 0x3F, 0xC0, 0x00, 0x0F, 0xFF, 0xC0, 0x00, 0x00, 0x00,
    0x07, 0xF8, 0x00, 0x00, 0xFF, 0x00, 0x00, 0xBF, 0xFF, 0xC0, 0x00, 0x00, 0x00, 0x1F, 0xE0, 0x00,
    0x03, 0xFC, 0x00, 0x07, 0xFE, 0xFF, 0x80, 0x00, 0x00, 0x00, 0x7F, 0xC0, 0x00, 0x0F, 0xF0, 0x00,
    0x3F, 0xF2, 0xFF, 0x40, 0x00, 0x00, 0x01, 0xFF, 0x00, 0x00, 0x3F, 0xC0, 0x02, 0xFF, 0x43, 0xFF,
    0x00, 0x00, 0x00, 0x07, 0xFC, 0x00, 0x00, 0xFF, 0x40, 0x1F, 0xF8, 0x07, 0xFE, 0x00, 0x00, 0x00,
    0x1F, 0xF0, 0x00, 0x03, 0xFD, 0x00, 0xFF, 0xC0, 0x0B, 0xFD, 0x00, 0x00, 0x00, 0xBF, 0xC0, 0x00,
    0x0F, 0xF4, 0x0F, 0xFD, 0x00, 0x0F, 0xFC, 0x00, 0x00, 0x02, 0xFF, 0x00, 0x00, 0x3F, 0xD0, 0xBF,
    0xE0, 0x00, 0x2F, 0xFC, 0x00, 0x00, 0x0B, 0xFC, 0x00, 0x01, 0xFF, 0x87, 0xFF, 0x00, 0x00, 0x3F,
    0xF4, 0x00, 0x00, 0x2F, 0xF4, 0x00, 0x07, 0xFE, 0x3F, 0xF4, 0x00, 0x00, 0x7F, 0xF0, 0x00, 0x00,
    0xFF, 0xD0, 0x00, 0x1F, 0xF8, 0x0A, 0x80, 0x00, 0x00, 0x1F, 0xC0, 0x00, 0x00, 0x1F, 0xC0, 0x00,
    0x00, 0x1F, 0xC0, 0x00, 0x00, 0x1F, 0xC0, 0x00, 0x00, 0x2F, 0xC0, 0x00, 0x00, 0x2F, 0xC0, 0x00,
    0x00, 0x2F, 0xC0, 0x00, 0x00, 0x2F, 0xC0, 0x00, 0x00, 0x2F, 0xC0, 0x00, 0x00, 0x3F, 0xC0, 0x00,
    0x00, 0x3F, 0xC0, 0x00, 0x00, 0x3F, 0xC0, 0x00, 0x00, 0x3F, 0xC0, 0x00, 0x00, 0x3F, 0x80, 0x00,
    0x00, 0x3F, 0x80, 0x00, 0x00, 0x3F, 0x80, 0x00, 0x00, 0x3F, 0x80, 0x00, 0x00, 0x3F, 0x80, 0x00,
    0x00, 0x3F, 0x80, 0x00, 0x00, 0x7F, 0xEA, 0xAF, 0xFF, 0x7F, 0xFF, 0xFF, 0xFF, 0x7F, 0xFF, 0xFF,
    0xFF, 0x7F, 0xFF, 0xFF, 0xFF, 0x7F, 0xFF, 0xFF, 0xFF, 0x00, 0x00, 0x00, 0x00, 0x00, 0x00, 0x00,
    0x01, 0xBF, 0xF9, 0x00, 0x00, 0x6F, 0xFF, 0xFE, 0x00, 0x02, 0xFF, 0xFF, 0xFD, 0x00, 0x0F, 0xFF,
    0x55, 0x68, 0x00, 0x3F, 0xF4, 0x00, 0x00, 0x00, 0xFF, 0xC0, 0x00, 0x00, 0x01, 0xFF, 0x00, 0x00,
    0x00, 0x03, 0xFC, 0x00, 0x00, 0x00, 0x07, 0xF8, 0x00, 0x00, 0x00, 0x0B, 0xF0, 0x00, 0x00, 0x00,
    0x0F, 0xF0, 0x00, 0x00, 0x00, 0x0F, 0xE0, 0x00, 0x00, 0x00, 0x1F, 0xE0, 0x00, 0x00, 0x00, 0x1F,
    0xE0, 0x00, 0x00, 0x00, 0x1F, 0xF0, 0x00, 0x00, 0x00, 0x1F, 0xF4, 0x00, 0x00, 0x00, 0x1F, 0xFC,
    0x00, 0x00, 0x00, 0x0F, 0xFF, 0x80, 0x00, 0x05, 0x0F, 0xFF, 0xFA, 0x56, 0xBE, 0x0B, 0xFF, 0xFF,
    0xFF, 0xFE, 0x03, 0xFF, 0xFF, 0xFF, 0xFE, 0x01, 0xFF, 0xFF, 0xFF, 0xFE, 0x00, 0xBF, 0xFF, 0xFF,
    0xFE, 0x00, 0x2F, 0xFF, 0xFF, 0xFE, 0x00, 0x02, 0xFF, 0xFF, 0xA4, 0x00, 0x00, 0x00, 0x00, 0x00,
    0x7F, 0xFF, 0xE9, 0x00, 0x00, 0x01, 0xFF, 0xFF, 0xFF, 0x80, 0x00, 0x07, 0xFF, 0xFF, 0xFF, 0xE0,
    0x00, 0x1F, 0xFF, 0xFF, 0xFF, 0xE0, 0x00, 0x7F, 0x00, 0x06, 0xFF, 0xE0, 0x01, 0xFC, 0x00, 0x00,
    0xBF, 0xD0, 0x07, 0xF0, 0x00, 0x00, 0xBF, 0xC0, 0x1F, 0xC0, 0x00, 0x00, 0xBF, 0x80, 0x7F, 0x00,
    0x00, 0x00, 0xFF, 0x01, 0xFC, 0x00, 0x00, 0x03, 0xFD, 0x07, 0xF0, 0x00, 0x00, 0x0B, 0xF8, 0x1F,
    0xC0, 0x00, 0x00, 0x1F, 0xF0, 0x7F, 0x00, 0x00, 0x00, 0x3F, 0xC1, 0xFC, 0x00, 0x00, 0x00, 0xFF,
    0x07, 0xF0, 0x00, 0x00, 0x03, 0xFC, 0x1F, 0xC0, 0x00, 0x00, 0x1F, 0xF0, 0x7F, 0x00, 0x00, 0x00,
    0xFF, 0xC1, 0xFC, 0x00, 0x00, 0x1F, 0xFF, 0x07, 0xF5, 0x55, 0x5B, 0xFF, 0xF8, 0x1F, 0xFF, 0xFF,
    0xFF, 0xFF, 0xC0, 0x7F, 0xFF, 0xFF, 0xFF, 0xFE, 0x01, 0xFF, 0xFF, 0xFF, 0xFF, 0xE0, 0x07, 0xFF,
    0xFF, 0xFF, 0xFE, 0x00, 0x1F, 0xFF, 0xFF, 0xFF, 0x80, 0x00, 0x7F, 0xFF, 0xFE, 0x90, 0x00, 0x00,
    0x0A, 0xA8, 0x00, 0x00, 0x02, 0xA9, 0x00, 0xFF, 0xD0, 0x00, 0x00, 0x7F, 0xE0, 0x0F, 0xFE, 0x00,
    0x00, 0x0F, 0xFF, 0x01, 0xFF, 0xF0, 0x00, 0x00, 0xFF, 0xF0, 0x1F, 0xFF, 0x80, 0x00, 0x2F, 0xFF,
    0x01, 0xFF, 0xFC, 0x00, 0x03, 0xFF, 0xF0, 0x1F, 0xFF, 0xD0, 0x00, 0x7F, 0xFF, 0x02, 0xFF, 0xFF,
    0x00, 0x0F, 0xFF, 0xF0, 0x2F, 0xEF, 0xF0, 0x00, 0xFF, 0xBF, 0x42, 0xFD, 0xFF, 0x80, 0x2F, 0xEB,
    0xF4, 0x2F, 0xCF, 0xFC, 0x03, 0xFD, 0xBF, 0x42, 0xFC, 0x7F, 0xD0, 0x7F, 0xCB, 0xF8, 0x3F, 0xC3,
    0xFF, 0x0F, 0xF8, 0xBF, 0x83, 0xFC, 0x2F, 0xF0, 0xFF, 0x0F, 0xF8, 0x3F, 0xC0, 0xFF, 0xAF, 0xF0,
    0xFF, 0xC3, 0xFC, 0x0F, 0xFF, 0xFD, 0x0F, 0xFC, 0x3F, 0xD0, 0x7F, 0xFF, 0xC0, 0xFF, 0xC3, 0xFD,
    0x03, 0xFF, 0xFC, 0x0F, 0xFC, 0x3F, 0xD0, 0x2F, 0xFF, 0x40, 0xFF, 0xC3, 0xFD, 0x00, 0xFF, 0xF0,
    0x0F, 0xFC, 0x3F, 0xE0, 0x0F, 0xFE, 0x01, 0xFF, 0xC7, 0xFE, 0x00, 0x7F, 0xD0, 0x1F, 0xFD, 0x7F,
    0xE0, 0x03, 0xFC, 0x01, 0xFF, 0xD7, 0xFE, 0x00, 0x00, 0x00, 0x2F, 0xFD, 0x7F, 0xF0, 0x00, 0x00,
    0x02, 0xFF, 0xE0, 0x2F, 0x43, 0xF8, 0x3F, 0x87, 0xFC, 0xBF, 0xC0, 0x00, 0x00, 0x00, 0x00, 0x00,
    0x00, 0x50, 0x2F, 0x02, 0xF0, 0x2F, 0x02, 0xE0, 0x2E, 0x02, 0xF0, 0x2F, 0x02, 0xF0, 0x3F, 0x03,
    0xF0, 0x3F, 0x03, 0xF0, 0x3F, 0x03, 0xF0, 0x3F, 0x47, 0xF4, 0x2F, 0x40, 0x00, 0x0B, 0xD0, 0xFE,
    0x00, 0x00, 0x3F, 0x83, 0xF8, 0x00, 0x00, 0xFF, 0x1F, 0xF0, 0x00, 0x07, 0xFC, 0xBF, 0xC0, 0x00,
    0x1F, 0xF0, 0x00, 0x00, 0x00, 0x00, 0x00, 0x00, 0x00, 0x00, 0x00, 0x00, 0x00, 0x00, 0x00, 0x00,
    0x00, 0x00, 0x00, 0x00, 0x00, 0x14, 0x00, 0x00, 0x05, 0x02, 0xF0, 0x00, 0x00, 0x7C, 0x0B, 0xC0,
    0x00, 0x01, 0xF0, 0x2F, 0x00, 0x00, 0x07, 0xC0, 0xB8, 0x00, 0x00, 0x1F, 0x02, 0xE0, 0x00, 0x00,
    0x7C, 0x0B, 0xC0, 0x00, 0x01, 0xF0, 0x2F, 0x00, 0x00, 0x0B, 0xC0, 0xBC, 0x00, 0x00, 0x2F, 0x03,
    0xF0, 0x00, 0x00, 0xBC, 0x0F, 0xC0, 0x00, 0x02, 0xF0, 0x3F, 0x00, 0x00, 0x0F, 0xC0, 0xFC, 0x00,
    0x00, 0x3F, 0x03, 0xF0, 0x00, 0x00, 0xFD, 0x0F, 0xC0, 0x00, 0x03, 0xF4, 0x3F, 0x40, 0x00, 0x0F,
    0xE1, 0xFD, 0x00, 0x00, 0x3F, 0x80, 0x2F, 0x40, 0x00, 0x0B, 0xD0, 0x00, 0x01, 0xF8, 0x3F, 0x80,
    0x00, 0x0F, 0xE0, 0x00, 0x02, 0xFC, 0x3F, 0x80, 0x00, 0x0F, 0xF0, 0x00, 0x03, 0xFC, 0x7F, 0xC0,
    0x00, 0x1F, 0xF0, 0x00, 0x03, 0xFC, 0xBF, 0xC0, 0x00, 0x1F, 0xF0, 0x00, 0x07, 0xFD, 0x00, 0x00,
    0x00, 0x00, 0x00, 0x00, 0x00, 0x00, 0x00, 0x00, 0x00, 0x00, 0x00, 0x00, 0x00, 0x00, 0x00, 0x00,
    0x00, 0x00, 0x00, 0x00, 0x00, 0x00, 0x00, 0x00, 0x00, 0x00, 0x00, 0x00, 0x00, 0x00, 0x05, 0x00,
    0x00, 0x01, 0x40, 0x00, 0x00, 0x50, 0x2F, 0x00, 0x00, 0x07, 0xC0, 0x00, 0x00, 0xF0, 0x2F, 0x00,
    0x00, 0x07, 0xC0, 0x00, 0x00, 0xF0, 0x2F, 0x00, 0x00, 0x07, 0xC0, 0x00, 0x00, 0xF0, 0x2E, 0x00,
    0x00, 0x07, 0xC0, 0x00, 0x00, 0xF0, 0x2E, 0x00, 0x00, 0x07, 0xC0, 0x00, 0x00, 0xF0, 0x2F, 0x00,
    0x00, 0x07, 0xC0, 0x00, 0x01, 0xF0, 0x2F, 0x00, 0x00, 0x0B, 0xC0, 0x00, 0x01, 0xF0, 0x2F, 0x00,
    0x00, 0x0B, 0xC0, 0x00, 0x01, 0xF0, 0x3F, 0x00, 0x00, 0x0B, 0xC0, 0x00, 0x01, 0xF0, 0x3F, 0x00,
    0x00, 0x0B, 0xC0, 0x00, 0x02, 0xF4, 0x3F, 0x00, 0x00, 0x0F, 0xC0, 0x00, 0x02, 0xF4, 0x3F, 0x00,
    0x00, 0x0F, 0xC0, 0x00, 0x02, 0xF4, 0x3F, 0x00, 0x00, 0x0F, 0xD0, 0x00, 0x02, 0xF4, 0x3F, 0x00,
    0x00, 0x0F, 0xD0, 0x00, 0x03, 0xF8, 0x3F, 0x40, 0x00, 0x0F, 0xE0, 0x00, 0x03, 0xF8, 0x7F, 0x40,
    0x00, 0x0F, 0xE0, 0x00, 0x03, 0xFC, 0x2F, 0x40, 0x00, 0x00, 0x00, 0x00, 0x00, 0x00, 0xFE, 0x00,
    0x00, 0x00, 0x00, 0x00, 0x00, 0x03, 0xF8, 0x00, 0x00, 0x00, 0x00, 0x00, 0x00, 0x1F, 0xF0, 0x00,
    0x00, 0x00, 0x00, 0x00, 0x00, 0xBF, 0xC0, 0x00, 0x00, 0x00, 0x00, 0x00, 0x00, 0x00, 0x00, 0x00,
    0x00, 0x00, 0x00, 0x00, 0x00, 0x00, 0x00, 0x00, 0x00, 0x00, 0x00, 0x00, 0x00, 0x00, 0x00, 0x00,
    0x00, 0x00, 0x00, 0x00, 0x00, 0x00, 0x00, 0x00, 0x00, 0x00, 0x00, 0x00, 0x14, 0x00, 0x00, 0x00,
    0x00, 0x00, 0x00, 0x02, 0xF0, 0x00, 0x00, 0xFC, 0x00, 0x00, 0x0F, 0x8B, 0xC0, 0x00, 0x02, 0xF4,
    0x00, 0x00, 0xBC, 0x2F, 0x00, 0x00, 0x03, 0xF0, 0x00, 0x03, 0xF0, 0xB8, 0x00, 0x00, 0x0B, 0xD0,
    0x00, 0x2F, 0x42, 0xE0, 0x00, 0x00, 0x1F, 0xC0, 0x00, 0xFC, 0x0B, 0xC0, 0x00, 0x00, 0x3F, 0x40,
    0x07, 0xD0, 0x2F, 0x00, 0x00, 0x00, 0x7F, 0x00, 0x3F, 0x00, 0xBC, 0x00, 0x00, 0x00, 0xFD, 0x01,
    0xF8, 0x03, 0xF0, 0x00, 0x00, 0x02, 0xFC, 0x0F, 0xC0, 0x0F, 0xC0, 0x00, 0x00, 0x03, 0xF4, 0x7E,
    0x00, 0x3F, 0x00, 0x00, 0x00, 0x0B, 0xF3, 0xF4, 0x00, 0xFC, 0x00, 0x00, 0x00, 0x0F, 0xEF, 0xC0,
    0x03, 0xF0, 0x00, 0x00, 0x00, 0x3F, 0xFE, 0x00, 0x0F, 0xC0, 0x00, 0x00, 0x00, 0xBF, 0xF4, 0x00,
    0x3F, 0x40, 0x00, 0x00, 0x02, 0xFF, 0xD0, 0x01, 0xFD, 0x00, 0x00, 0x00, 0x07, 0xFF, 0x00, 0x00,
    0x7D, 0x00, 0x00, 0x03, 0xE3, 0xF0, 0x00, 0x00, 0xBC, 0x1F, 0x80, 0x00, 0x0F, 0x80, 0xFC, 0x00,
    0x02, 0xF0, 0x0B, 0xE0, 0x00, 0x3F, 0x00, 0x3F, 0x00, 0x0B, 0xD0, 0x02, 0xF8, 0x00, 0xFC, 0x00,
    0x0F, 0xC0, 0x2F, 0x40, 0x00, 0xBE, 0x03, 0xF0, 0x00, 0x07, 0xF0, 0xBE, 0x00, 0x00, 0x3F, 0x8F,
    0xC0, 0x00, 0x01, 0xFE, 0xF8, 0x00, 0x00, 0x0F, 0xFF, 0x40, 0x00, 0x00, 0xFF, 0xF4, 0x00, 0x00,
    0x0B, 0xFF, 0x00, 0x00, 0x00, 0xBF, 0xF0, 0x00, 0x00, 0x00, 0x00, 0x00, 0x00, 0x00, 0x01, 0xF8,
    0x00, 0x00, 0x00, 0x00, 0x00, 0x00, 0x03, 0xFC, 0x00, 0x00, 0x00, 0x00, 0x00, 0x00, 0x03, 0xFC,
    0x00, 0x00, 0x00, 0x00, 0x00, 0x00, 0x03, 0xFC, 0x00, 0x00, 0x00, 0x00, 0x00, 0x00, 0x07, 0xFC,
    0x00, 0x00, 0x00, 0x00, 0x00, 0x00, 0x00, 0x00, 0x00, 0x00, 0x00, 0x00, 0x00, 0x00, 0x00, 0x00,
    0x00, 0x00, 0x00, 0x00, 0x00, 0x00, 0x00, 0x00, 0x00, 0x00, 0x00, 0x00, 0x00, 0x00, 0x00, 0x00,
    0x00, 0x00, 0x00, 0x00, 0x00, 0x00, 0x00, 0x50, 0x7E, 0x00, 0x00, 0x07, 0xD0, 0x00, 0x00, 0xF0,
    0x3F, 0x00, 0x00, 0x0F, 0xC0, 0x00, 0x01, 0xF0, 0x1F, 0x80, 0x00, 0x0F, 0x80, 0x00, 0x01, 0xF0,
    0x0F, 0xC0, 0x00, 0x2F, 0x00, 0x00, 0x01, 0xF0, 0x07, 0xE0, 0x00, 0x3E, 0x00, 0x00, 0x01, 0xF0,
    0x03, 0xF0, 0x00, 0xBD, 0x00, 0x00, 0x01, 0xF0, 0x02, 0xF8, 0x00, 0xFC, 0x00, 0x00, 0x01, 0xF0,
    0x00, 0xFC, 0x02, 0xF4, 0x00, 0x00, 0x01, 0xF0, 0x00, 0xBE, 0x03, 0xF0, 0x00, 0x00, 0x02, 0xF0,
    0x00, 0x7F, 0x0B, 0xE0, 0x00, 0x00, 0x02, 0xF0, 0x00, 0x3F, 0xCF, 0xC0, 0x00, 0x00, 0x02, 0xF0,
    0x00, 0x1F, 0xEF, 0x80, 0x00, 0x00, 0x03, 0xF0, 0x00, 0x0F, 0xFF, 0x40, 0x00, 0x00, 0x03, 0xF4,
    0x00, 0x0F, 0xFF, 0x40, 0x00, 0x00, 0x03, 0xF4, 0x00, 0x0B, 0xFF, 0x00, 0x00, 0x00, 0x03, 0xF8,
    0x00, 0x0B, 0xFF, 0x00, 0x00, 0x00, 0x03, 0xF8, 0x00, 0x00, 0x00, 0x00, 0x00, 0x00, 0x01, 0xF8,
    0x00, 0x00, 0x7E, 0x00, 0x00, 0x00, 0x00, 0x00, 0x00, 0x00, 0xFF, 0x00, 0x00, 0x2F, 0xC0, 0x00,
    0x00, 0x00, 0x00, 0x00, 0x00, 0x3F, 0xC0, 0x00, 0x0F, 0xF0, 0x00, 0x00, 0x00, 0x00, 0x00, 0x00,
    0x0F, 0xF0, 0x00, 0x03, 0xFD, 0x00, 0x00, 0x00, 0x00, 0x00, 0x00, 0x07, 0xFC, 0x00, 0x00, 0xFF,
    0x40, 0x00, 0x00, 0x00, 0x00, 0x00, 0x00, 0x00, 0x00, 0x00, 0x00, 0x00, 0x00, 0x00, 0x00, 0x00,
    0x00, 0x00, 0x00, 0x00, 0x00, 0x00, 0x00, 0x00, 0x00, 0x00, 0x00, 0x00, 0x00, 0x00, 0x00, 0x00,
    0x00, 0x00, 0x00, 0x00, 0x00, 0x00, 0x00, 0x00, 0x00, 0x00, 0x00, 0x00, 0x00, 0x00, 0x00, 0x00,
    0x00, 0x00, 0x00, 0x00, 0x14, 0x00, 0x00, 0x05, 0x07, 0xE0, 0x00, 0x00, 0x7D, 0x00, 0x00, 0x0F,
    0x00, 0x00, 0x03, 0xD0, 0xFC, 0x00, 0x00, 0x3F, 0x00, 0x00, 0x07, 0xC0, 0x00, 0x00, 0xF0, 0x1F,
    0x80, 0x00, 0x0F, 0x80, 0x00, 0x01, 0xF0, 0x00, 0x00, 0x3C, 0x03, 0xF0, 0x00, 0x0B, 0xC0, 0x00,
    0x00, 0x7C, 0x00, 0x00, 0x0F, 0x00, 0x7E, 0x00, 0x03, 0xE0, 0x00, 0x00, 0x1F, 0x00, 0x00, 0x03,
    0xC0, 0x0F, 0xC0, 0x02, 0xF4, 0x00, 0x00, 0x07, 0xC0, 0x00, 0x00, 0xF0, 0x02, 0xF8, 0x00, 0xFC,
    0x00, 0x00, 0x01, 0xF0, 0x00, 0x00, 0x3C, 0x00, 0x3F, 0x00, 0xBD, 0x00, 0x00, 0x00, 0x7C, 0x00,
    0x00, 0x1F, 0x00, 0x0B, 0xE0, 0x3F, 0x00, 0x00, 0x00, 0x2F, 0x00, 0x00, 0x07, 0xD0, 0x01, 0xFC,
    0x2F, 0x80, 0x00, 0x00, 0x0B, 0xC0, 0x00, 0x01, 0xF4, 0x00, 0x3F, 0xCF, 0xC0, 0x00, 0x00, 0x02,
    0xF0, 0x00, 0x00, 0x7D, 0x00, 0x07, 0xFB, 0xE0, 0x00, 0x00, 0x00, 0xFC, 0x00, 0x00, 0x2F, 0x40,
    0x00, 0xFF, 0xF4, 0x00, 0x00, 0x00, 0x3F, 0x40, 0x00, 0x0B, 0xE0, 0x00, 0x3F, 0xFD, 0x00, 0x00,
    0x00, 0x0F, 0xD0, 0x00, 0x02, 0xF8, 0x00, 0x0B, 0xFF, 0x00, 0x00, 0x00, 0x03, 0xF8, 0x00, 0x00,
    0xFF, 0x00, 0x02, 0xFF, 0xC0, 0x00, 0x00, 0x00, 0xFE, 0x00, 0x00, 0x3F, 0xC0, 0x00, 0x00, 0x00,
    0x00, 0x00, 0x00, 0x01, 0xF8, 0x00, 0x00, 0x7E, 0x00, 0x00, 0x0F, 0xC0, 0x00, 0x00, 0x00, 0x00,
    0x00, 0x00, 0x3F, 0xC0, 0x00, 0x0B, 0xF0, 0x00, 0x01, 0xFC, 0x00, 0x00, 0x00, 0x00, 0x00, 0x00,
    0x03, 0xFC, 0x00, 0x00, 0xFF, 0x00, 0x00, 0x2F, 0xD0, 0x00, 0x00, 0x00, 0x00, 0x00, 0x00, 0x3F,
    0xC0, 0x00, 0x0F, 0xF4, 0x00, 0x03, 0xFD, 0x00, 0x00, 0x00, 0x00, 0x00, 0x00, 0x07, 0xFC, 0x00,
    0x00, 0xFF, 0x40, 0x00, 0x3F, 0xE0, 0x00, 0x00, 0x00, 0x00, 0x00, 0x00, 0x00, 0x00, 0x00, 0x00,
    0x00, 0x00, 0x00, 0x00, 0x00, 0x00, 0x00, 0x00, 0x00, 0x00, 0x00, 0x00, 0x00, 0x00, 0x00, 0x00,
    0x00, 0x00, 0x00, 0x00, 0x00, 0x00, 0x00, 0x00, 0x00, 0x00, 0x00, 0x00, 0x00, 0x00, 0x00, 0x00,
    0x00, 0x00, 0x00, 0x00, 0x00, 0x00, 0x00, 0x00, 0x00, 0x00, 0x00, 0x00, 0x00, 0x00, 0x00, 0x00,
    0x00, 0x00, 0x00, 0x00, 0x00, 0x00, 0x05, 0x00, 0x00, 0x01, 0x40, 0x00, 0x00, 0x50, 0x7E, 0x00,
    0x00, 0x07, 0xD0, 0x00, 0x00, 0xF0, 0x00, 0x00, 0x3D, 0x00, 0x00, 0x0F, 0x43, 0xF0, 0x00, 0x00,
    0xFC, 0x00, 0x00, 0x1F, 0x00, 0x00, 0x03, 0xC0, 0x00, 0x00, 0xF4, 0x1F, 0x80, 0x00, 0x0F, 0x80,
    0x00, 0x01, 0xF0, 0x00, 0x00, 0x3C, 0x00, 0x00, 0x0F, 0x40, 0xFC, 0x00, 0x02, 0xF0, 0x00, 0x00,
    0x1F, 0x00, 0x00, 0x03, 0xC0, 0x00, 0x00, 0xF4, 0x07, 0xE0, 0x00, 0x3E, 0x00, 0x00, 0x01, 0xF0,
    0x00, 0x00, 0x3C, 0x00, 0x00, 0x0F, 0x40, 0x3F, 0x00, 0x0B, 0xD0, 0x00, 0x00, 0x1F, 0x00, 0x00,
    0x03, 0xC0, 0x00, 0x00, 0xF4, 0x02, 0xF8, 0x00, 0xFC, 0x00, 0x00, 0x01, 0xF0, 0x00, 0x00, 0x3C,
    0x00, 0x00, 0x0F, 0x40, 0x0F, 0xC0, 0x2F, 0x40, 0x00, 0x00, 0x1F, 0x00, 0x00, 0x07, 0xC0, 0x00,
    0x00, 0xF4, 0x00, 0xBE, 0x03, 0xF0, 0x00, 0x00, 0x02, 0xF0, 0x00, 0x00, 0x7D, 0x00, 0x00, 0x0F,
    0x40, 0x07, 0xF0, 0xBE, 0x00, 0x00, 0x00, 0x2F, 0x00, 0x00, 0x07, 0xD0, 0x00, 0x00, 0xF8, 0x00,
    0x3F, 0xCF, 0xC0, 0x00, 0x00, 0x02, 0xF0, 0x00, 0x00, 0x7D, 0x00, 0x00, 0x1F, 0x80, 0x01, 0xFE,
    0xF8, 0x00, 0x00, 0x00, 0x3F, 0x00, 0x00, 0x0B, 0xD0, 0x00, 0x01, 0xF8, 0x00, 0x0F, 0xFF, 0x40,
    0x00, 0x00, 0x03, 0xF4, 0x00, 0x00, 0xBE, 0x00, 0x00, 0x1F, 0x80, 0x00, 0xFF, 0xF4, 0x00, 0x00,
    0x00, 0x3F, 0x40, 0x00, 0x0B, 0xE0, 0x00, 0x02, 0xFC, 0x00, 0x0B, 0xFF, 0x00, 0x00, 0x00, 0x03,
    0xF8, 0x00, 0x00, 0xFF, 0x00, 0x00, 0x2F, 0xC0, 0x00, 0xBF, 0xF0, 0x00, 0x00, 0x00, 0x3F, 0x80,
    0x00, 0x0F, 0xF0, 0x00, 0x02, 0xFC, 0x3F, 0x40, 0x00, 0x00, 0x00, 0x00, 0x00, 0x00, 0xFE, 0x00,
    0x00, 0x00, 0x00, 0x00, 0x00, 0x07, 0xF8, 0x00, 0x00, 0x00, 0x00, 0x00, 0x00, 0x2F, 0xF0, 0x00,
    0x00, 0x00, 0x00, 0x00, 0x00, 0xBF, 0xC0, 0x00, 0x00, 0x00, 0x00, 0x00, 0x00, 0x00, 0x00, 0x00,
    0x00, 0x00, 0x00, 0x00, 0x00, 0x00, 0x00, 0x00, 0x00, 0x00, 0x00, 0x00, 0x00, 0x00, 0x00, 0x00,
    0x00, 0x00, 0x00, 0x00, 0x00, 0x00, 0x00, 0x00, 0x00, 0x00, 0x00, 0x00, 0x68, 0x00, 0x00, 0x03,
    0xF4, 0x00, 0x2F, 0x82, 0xF0, 0x00, 0x00, 0x07, 0xF0, 0x01, 0xFC, 0x0B, 0xC0, 0x00, 0x00, 0x0B,
    0xF0, 0x0F, 0xC0, 0x2E, 0x00, 0x00, 0x00, 0x0F, 0xE0, 0xFD, 0x00, 0xB8, 0x00, 0x00, 0x00, 0x1F,
    0xDF, 0xE0, 0x02, 0xE0, 0x00, 0x00, 0x00, 0x2F, 0xFF, 0x00, 0x0B, 0xC0, 0x00, 0x00, 0x00, 0x3F,
    0xF0, 0x00, 0x2F, 0x00, 0x00, 0x00, 0x00, 0xBF, 0x80, 0x00, 0xFC, 0x00, 0x00, 0x00, 0x03, 0xFF,
    0x40, 0x03, 0xF0, 0x00, 0x00, 0x00, 0x3F, 0xFF, 0x00, 0x0F, 0xC0, 0x00, 0x00, 0x03, 0xFD, 0xFE,
    0x00, 0x3F, 0x00, 0x00, 0x00, 0x2F, 0xD2, 0xFD, 0x00, 0xFC, 0x00, 0x00, 0x01, 0xFE, 0x03, 0xFC,
    0x03, 0xF0, 0x00, 0x00, 0x1F, 0xF0, 0x07, 0xFC, 0x0F, 0xD0, 0x00, 0x00, 0xFF, 0x00, 0x0B, 0xF8,
    0x7F, 0x40, 0x00, 0x0F, 0xF4, 0x00, 0x0F, 0xF4, 0x03, 0xF4, 0x00, 0x2F, 0x80, 0x1F, 0xC0, 0x0B,
    0xF0, 0x00, 0xFE, 0x01, 0xFC, 0x00, 0x03, 0xF4, 0x3F, 0x40, 0x00, 0x1F, 0xDF, 0xE0, 0x00, 0x00,
    0xFF, 0xF8, 0x00, 0x00, 0x03, 0xFF, 0x00, 0x00, 0x00, 0x2F, 0xE0, 0x00, 0x00, 0x07, 0xFF, 0x00,
    0x00, 0x00, 0xFF, 0xFC, 0x00, 0x00, 0x3F, 0xEF, 0xE0, 0x00, 0x0F, 0xF0, 0xFF, 0x40, 0x02, 0xFD,
    0x03, 0xFC, 0x00, 0x7F, 0x80, 0x2F, 0xE0, 0x1F, 0xF0, 0x00, 0xFF, 0x43, 0xFC, 0x00, 0x03, 0xFC,
    0x00, 0x00, 0x00, 0x00, 0x00, 0x00, 0x03, 0xF4, 0x00, 0x00, 0x00, 0x00, 0x00, 0x00, 0x03, 0xF8,
    0x00, 0x00, 0x00, 0x00, 0x00, 0x00, 0x07, 0xF8, 0x00, 0x00, 0x00, 0x00, 0x00, 0x00, 0x0B, 0xFC,
    0x00, 0x00, 0x00, 0x00, 0x00, 0x00, 0x0B, 0xFC, 0x00, 0x00, 0x00, 0x00, 0x00, 0x00, 0x00, 0x00,
    0x00, 0x00, 0x00, 0x00, 0x00, 0x00, 0x00, 0x00, 0x00, 0x00, 0x00, 0x00, 0x00, 0x00, 0x00, 0x00,
    0x00, 0x00, 0x00, 0x00, 0x00, 0x00, 0x00, 0x00, 0x03, 0xF4, 0x00, 0x2F, 0x80, 0x00, 0x01, 0xA0,
    0x01, 0xFC, 0x00, 0xBF, 0x00, 0x00, 0x02, 0xF0, 0x00, 0xFE, 0x01, 0xFC, 0x00, 0x00, 0x02, 0xF0,
    0x00, 0x3F, 0x43, 0xF4, 0x00, 0x00, 0x02, 0xE0, 0x00, 0x1F, 0xDF, 0xE0, 0x00, 0x00, 0x02, 0xE0,
    0x00, 0x0F, 0xFF, 0x80, 0x00, 0x00, 0x02, 0xE0, 0x00, 0x03, 0xFF, 0x00, 0x00, 0x00, 0x02, 0xE0,
    0x00, 0x02, 0xFE, 0x00, 0x00, 0x00, 0x02, 0xF0, 0x00, 0x07, 0xFF, 0x00, 0x00, 0x00, 0x03, 0xF0,
    0x00, 0x0F, 0xFF, 0xC0, 0x00, 0x00, 0x03, 0xF0, 0x00, 0x3F, 0xEF, 0xE0, 0x00, 0x00, 0x03, 0xF0,
    0x00, 0xFF, 0x0F, 0xF4, 0x00, 0x00, 0x03, 0xF0, 0x02, 0xFD, 0x03, 0xFC, 0x00, 0x00, 0x03, 0xF0,
    0x07, 0xF8, 0x02, 0xFE, 0x00, 0x00, 0x03, 0xF0, 0x1F, 0xF0, 0x00, 0xFF, 0x40, 0x00, 0x03, 0xF4,
    0x3F, 0xC0, 0x00, 0x3F, 0xC0, 0x00, 0x07, 0xF4, 0x00, 0x00, 0x00, 0x00, 0x00, 0x00, 0x03, 0xF4,
    0x00, 0x00, 0xBE, 0x00, 0x00, 0x00, 0x00, 0x00, 0x00, 0x00, 0xFE, 0x00, 0x00, 0x3F, 0x80, 0x00,
    0x00, 0x00, 0x00, 0x00, 0x00, 0x7F, 0x80, 0x00, 0x0F, 0xF0, 0x00, 0x00, 0x00, 0x00, 0x00, 0x00,
    0x2F, 0xF0, 0x00, 0x07, 0xFC, 0x00, 0x00, 0x00, 0x00, 0x00, 0x00, 0x0B, 0xFC, 0x00, 0x01, 0xFF,
    0x00, 0x00, 0x00, 0x00, 0x00, 0x00, 0x00, 0x00, 0x00, 0x00, 0x00, 0x00, 0x00, 0x00, 0x00, 0x00,
    0x00, 0x00, 0x00, 0x00, 0x00, 0x00, 0x00, 0x00, 0x00, 0x00, 0x00, 0x00, 0x00, 0x00, 0x00, 0x00,
    0x00, 0x00, 0x00, 0x00, 0x00, 0x00, 0x00, 0x00, 0x00, 0x00, 0x00, 0x00, 0x00, 0x00, 0xFD, 0x00,
    0x0B, 0xE0, 0x00, 0x00, 0x68, 0x00, 0x00, 0x0A, 0x00, 0x1F, 0xC0, 0x0B, 0xF0, 0x00, 0x00, 0x2F,
    0x00, 0x00, 0x07, 0xC0, 0x03, 0xF8, 0x07, 0xF0, 0x00, 0x00, 0x0B, 0xC0, 0x00, 0x01, 0xF0, 0x00,
    0x3F, 0x43, 0xF4, 0x00, 0x00, 0x02, 0xE0, 0x00, 0x00, 0x7C, 0x00, 0x07, 0xF7, 0xF8, 0x00, 0x00,
    0x00, 0xB8, 0x00, 0x00, 0x1F, 0x00, 0x00, 0xFF, 0xF8, 0x00, 0x00, 0x00, 0x2E, 0x00, 0x00, 0x07,
    0xC0, 0x00, 0x0F, 0xFC, 0x00, 0x00, 0x00, 0x0B, 0x80, 0x00, 0x01, 0xF0, 0x00, 0x02, 0xFE, 0x00,
    0x00, 0x00, 0x02, 0xF0, 0x00, 0x00, 0xBC, 0x00, 0x01, 0xFF, 0xC0, 0x00, 0x00, 0x00, 0xFC, 0x00,
    0x00, 0x2F, 0x00, 0x00, 0xFF, 0xFC, 0x00, 0x00, 0x00, 0x3F, 0x00, 0x00, 0x0B, 0xC0, 0x00, 0xFF,
    0xBF, 0x80, 0x00, 0x00, 0x0F, 0xC0, 0x00, 0x02, 0xF0, 0x00, 0xFF, 0x0F, 0xF4, 0x00, 0x00, 0x03,
    0xF0, 0x00, 0x00, 0xFC, 0x00, 0xBF, 0x40, 0xFF, 0x00, 0x00, 0x00, 0xFC, 0x00, 0x00, 0x3F, 0x40,
    0x7F, 0x80, 0x2F, 0xE0, 0x00, 0x00, 0x3F, 0x00, 0x00, 0x0F, 0xD0, 0x7F, 0xC0, 0x03, 0xFD, 0x00,
    0x00, 0x0F, 0xD0, 0x00, 0x03, 0xF8, 0x3F, 0xC0, 0x00, 0x3F, 0xC0, 0x00, 0x07, 0xF4, 0x00, 0x00,
    0xFE, 0x00, 0x05, 0x40, 0x02, 0xF0, 0x00, 0xFC, 0x00, 0x3F, 0x00, 0x0F, 0xC0, 0x03, 0xF0, 0x00,
    0xFC, 0x00, 0x7E, 0x00, 0x1F, 0x80, 0x07, 0xD0, 0x01, 0xF4, 0x00, 0xBD, 0x00, 0x2F, 0x40, 0x0B,
    0xD0, 0x02, 0xF4, 0x00, 0xBD, 0x00, 0x3F, 0x40, 0x0F, 0xD0, 0x03, 0xF4, 0x00, 0xFD, 0x00, 0x3F,
    0x40, 0x0F, 0xFF, 0xC3, 0xFF, 0xF0, 0xBF, 0xFC, 0x00, 0x00, 0x00, 0x00, 0x07, 0xFF, 0xC0, 0x03,
    0xFF, 0xFC, 0x00, 0xFF, 0xA6, 0x80, 0x2F, 0xC0, 0x00, 0x03, 0xF4, 0x00, 0x00, 0x7F, 0x00, 0x00,
    0x07, 0xE0, 0x00, 0x00, 0xBD, 0x00, 0x00, 0x0B, 0xD0, 0x00, 0x00, 0x7E, 0x00, 0x00, 0x07, 0xF4,
    0x00, 0x00, 0x3F, 0xD0, 0x00, 0x02, 0xFF, 0x95, 0x80, 0x0F, 0xFF, 0xFF, 0x00, 0x3F, 0xFF, 0xF8,
    0x00, 0x2F, 0xFE, 0x40, 0x00, 0x00, 0x00, 0x00, 0x00, 0x00, 0x2F, 0x00, 0x00, 0x00, 0x0B, 0xC0,
    0x00, 0x00, 0x02, 0xF0, 0x00, 0x00, 0x00, 0xBC, 0x00, 0x00, 0x00, 0x2F, 0x00, 0x00, 0x00, 0x0F,
    0xC0, 0x00, 0x00, 0x03, 0xF0, 0x00, 0x00, 0x00, 0xFC, 0x00, 0x1F, 0xF4, 0x3F, 0x00, 0x3F, 0xFF,
    0x8F, 0xC0, 0x3F, 0xFF, 0xFB, 0xE0, 0x2F, 0x90, 0x7F, 0xF8, 0x0F, 0x80, 0x03, 0xFE, 0x0F, 0xC0,
    0x00, 0xBF, 0x83, 0xE0, 0x00, 0x1F, 0xE1, 0xF4, 0x00, 0x07, 0xF8, 0x7D, 0x00, 0x00, 0xFD, 0x1F,
    0x40, 0x00, 0x7F, 0x47, 0xF0, 0x00, 0x2F, 0xD1, 0xFE, 0x00, 0x2F, 0xF4, 0x3F, 0xFF, 0xFF, 0xFE,
    0x07, 0xFF, 0xFF, 0xFF, 0x80, 0xBF, 0xFF, 0xFF, 0xE0, 0x0B, 0xFF, 0xFC, 0xF8, 0x00, 0x2F, 0xF8,
    0x3E, 0x00, 0x00, 0x00, 0x00, 0x00, 0x00, 0x01, 0xFE, 0x40, 0x1B, 0xF4, 0x00, 0xBC, 0xFF, 0xFE,
    0x0B, 0xFF, 0xD0, 0x0F, 0xFF, 0xFF, 0xF5, 0xFF, 0xFF, 0x00, 0xFF, 0xC0, 0x2F, 0xFF, 0x01, 0xF8,
    0x0F, 0xF0, 0x00, 0xFF, 0xC0, 0x0B, 0xC0, 0xFD, 0x00, 0x07, 0xF4, 0x00, 0x7C, 0x1F, 0xC0, 0x00,
    0x7F, 0x00, 0x07, 0xC1, 0xFC, 0x00, 0x07, 0xE0, 0x00, 0x7D, 0x2F, 0xC0, 0x00, 0x7E, 0x00, 0x07,
    0xD2, 0xFC, 0x00, 0x0B, 0xD0, 0x00, 0xBD, 0x3F, 0x80, 0x00, 0xFD, 0x00, 0x0B, 0xD3, 0xF8, 0x00,
    0x0F, 0xC0, 0x00, 0xFD, 0x3F, 0x40, 0x00, 0xFC, 0x00, 0x0F, 0xE3, 0xF4, 0x00, 0x1F, 0xC0, 0x00,
    0xFE, 0x7F, 0x40, 0x02, 0xFC, 0x00, 0x0F, 0xE7, 0xF0, 0x00, 0x3F, 0x80, 0x00, 0xFE, 0x00, 0x01,
    0x80, 0x00, 0x00, 0x00, 0x3D, 0x00, 0x00, 0x00, 0x0F, 0x80, 0x00, 0x00, 0x03, 0xF0, 0x00, 0x00,
    0x00, 0xFC, 0x00, 0x00, 0x00, 0x2F, 0x00, 0x00, 0x00, 0x0B, 0xD0, 0x00, 0x00, 0x01, 0xF8, 0x00,
    0x00, 0x00, 0x7F, 0xFF, 0xFF, 0xFF, 0xE3, 0xFF, 0xFF, 0xFF, 0xFE, 0x1F, 0x40, 0x00, 0x00, 0x00,
    0x7D, 0x00, 0x00, 0x00, 0x02, 0xF4, 0x00, 0x00, 0x00, 0x0B, 0xC0, 0x00, 0x00, 0x00, 0x3F, 0x00,
    0x00, 0x00, 0x00, 0xFC, 0x00, 0x00, 0x00, 0x03, 0x80, 0x00, 0x00, 0x00, 0x00, 0x00, 0x00, 0x00,
    0x00, 0x00, 0x00, 0x00, 0x00, 0x0B, 0x40, 0x00, 0x00, 0x03, 0xFD, 0x00, 0x00, 0x00, 0xFF, 0xF8,
    0x00, 0x00, 0x3F, 0xFF, 0xE0, 0x00, 0x1F, 0xCF, 0x5F, 0xC0, 0x07, 0xE0, 0xF4, 0x3F, 0x02, 0xF8,
    0x0F, 0x40, 0xFD, 0x7D, 0x00, 0xF4, 0x03, 0xD2, 0x40, 0x0F, 0x40, 0x04, 0x00, 0x00, 0xF4, 0x00,
    0x00, 0x00, 0x0F, 0x40, 0x00, 0x00, 0x00, 0xF4, 0x00, 0x00, 0x00, 0x0F, 0x40, 0x00, 0x00, 0x00,
    0xF4, 0x00, 0x00, 0x00, 0x0F, 0x40, 0x00, 0x00, 0x00, 0xF4, 0x00, 0x00, 0x00, 0x0F, 0x40, 0x00,
    0x00, 0x00, 0x24, 0x00, 0x00, 0x00, 0x07, 0xD0, 0x00, 0x00, 0x00, 0x2F, 0x00, 0x00, 0x00, 0x00,
    0xFC, 0x00, 0x00, 0x00, 0x03, 0xF0, 0x00, 0x00, 0x00, 0x0F, 0x80, 0x00, 0x00, 0x00, 0x7E, 0x00,
    0x00, 0x00, 0x02, 0xF4, 0xBF, 0xFF, 0xFF, 0xFF, 0xDB, 0xFF, 0xFF, 0xFF, 0xFD, 0x00, 0x00, 0x00,
    0x1F, 0x40, 0x00, 0x00, 0x07, 0xE0, 0x00, 0x00, 0x00, 0xF8, 0x00, 0x00, 0x00, 0x3E, 0x00, 0x00,
    0x00, 0x0F, 0xC0, 0x00, 0x00, 0x03, 0xF0, 0x00, 0x00, 0x00, 0x2C, 0x00, 0x00, 0x00, 0x00, 0x00,
    0x00, 0x00, 0x00, 0xF4, 0x00, 0x00, 0x00, 0x0F, 0x40, 0x00, 0x00, 0x00, 0xF4, 0x00, 0x00, 0x00,
    0x0F, 0x40, 0x00, 0x00, 0x00, 0xF4, 0x00, 0x00, 0x00, 0x0F, 0x40, 0x00, 0x00, 0x00, 0xF4, 0x00,
    0x00, 0x00, 0x0F, 0x40, 0x00, 0x14, 0x00, 0xF4, 0x00, 0x47, 0xD0, 0x0F, 0x40, 0x3D, 0x2F, 0x80,
    0xF4, 0x0F, 0xD0, 0xBE, 0x0F, 0x43, 0xF0, 0x01, 0xFC, 0xF5, 0xFC, 0x00, 0x07, 0xFF, 0xFE, 0x00,
    0x00, 0x0F, 0xFF, 0x80, 0x00, 0x00, 0x3F, 0xD0, 0x00, 0x00, 0x00, 0xB4, 0x00, 0x00, 0x00, 0x00,
    0x00, 0x00, 0x00, 0x00, 0x00, 0x00, 0x00, 0x00, 0x00, 0xE0, 0x00, 0xB0, 0x00, 0x00, 0x3E, 0x00,
    0x0B, 0x80, 0x00, 0x0B, 0x80, 0x00, 0x2E, 0x00, 0x02, 0xF0, 0x00, 0x00, 0xF4, 0x00, 0x7C, 0x00,
    0x00, 0x03, 0xD0, 0x0F, 0x00, 0x00, 0x00, 0x0F, 0x03, 0xFF, 0xFF, 0xFF, 0xFF, 0xFC, 0x7F, 0xFF,
    0xFF, 0xFF, 0xFF, 0xD2, 0xF0, 0x00, 0x00, 0x00, 0xF4, 0x0B, 0x80, 0x00, 0x00, 0x2E, 0x00, 0x2E,
    0x00, 0x00, 0x0B, 0x80, 0x00, 0xF4, 0x00, 0x02, 0xF0, 0x00, 0x03, 0xD0, 0x00, 0x7C, 0x00, 0x00,
    0x0C, 0x00, 0x07, 0x00, 0x00, 0x00, 0x00, 0x00, 0x00, 0x00, 0x00, 0x00, 0x00, 0x00, 0x00, 0x0D,
    0x00, 0x00, 0x01, 0xFE, 0x00, 0x00, 0x1F, 0xFE, 0x00, 0x02, 0xF7, 0xAF, 0x00, 0x3E, 0x0E, 0x2F,
    0x03, 0xE0, 0x38, 0x1F, 0x4D, 0x00, 0xE0, 0x1D, 0x00, 0x03, 0x80, 0x00, 0x00, 0x0E, 0x00, 0x00,
    0x00, 0x38, 0x00, 0x00, 0x00, 0xE0, 0x00, 0x00, 0x03, 0x80, 0x00, 0x00, 0x0E, 0x00, 0x02, 0x00,
    0x38, 0x00, 0x1F, 0x00, 0xE0, 0x1D, 0x2F, 0x43, 0x81, 0xF4, 0x2F, 0x4E, 0x2F, 0x00, 0x1F, 0xBA,
    0xF0, 0x00, 0x1F, 0xFE, 0x00, 0x00, 0x0F, 0xE0, 0x00, 0x00, 0x0D, 0x00, 0x00, 0x00, 0x00, 0x00,
    0x00, 0x00, 0x55, 0xAB, 0xC0, 0xFF, 0xFF, 0xFF, 0x03, 0xFF, 0xA9, 0x50, 0x0F, 0xF4, 0x00, 0x00,
    0x3F, 0xF4, 0x00, 0x00, 0xF3, 0xF4, 0x00, 0x07, 0xC3, 0xF4, 0x00, 0x1F, 0x03, 0xF4, 0x00, 0x78,
    0x03, 0xF4, 0x01, 0xE0, 0x03, 0xF4, 0x0B, 0x80, 0x03, 0xF4, 0x2E, 0x00, 0x03, 0xF4, 0x00, 0x00,
    0x03, 0xF0, 0x00, 0x00, 0x02, 0x00, 0x1F, 0xA9, 0x50, 0x00, 0x7F, 0xFF, 0xFF, 0x80, 0x56, 0xAF,
    0xFE, 0x00, 0x00, 0x0B, 0xF8, 0x00, 0x00, 0xBF, 0xE0, 0x00, 0x0B, 0xD7, 0xC0, 0x00, 0xBD, 0x1F,
    0x00, 0x0B, 0xD0, 0x3C, 0x00, 0xBD, 0x00, 0xF0, 0x0B, 0xD0, 0x03, 0xC0, 0xBD, 0x00, 0x0F, 0x0B,
    0xD0, 0x00, 0x3C, 0x7D, 0x00, 0x00, 0x00, 0x90, 0x00, 0x00, 0x00, 0x14, 0x00, 0x00, 0x01, 0xF0,
    0x00, 0x00, 0x03, 0xF0, 0x00, 0x0A, 0x03, 0xF0, 0x00, 0x3C, 0x07, 0xE0, 0x00, 0xF0, 0x07, 0xE0,
    0x07, 0xC0, 0x0B, 0xD0, 0x2E, 0x00, 0x0B, 0xD0, 0xB4, 0x00, 0x0F, 0xC3, 0xD0, 0x00, 0x0F, 0xCF,
    0x00, 0x00, 0x0F, 0xFC, 0x00, 0x00, 0x0F, 0xF0, 0x2F, 0xFF, 0xFF, 0x80, 0xFF, 0xFF, 0xFE, 0x00,
    0x00, 0x00, 0x00, 0x00, 0x00, 0x00, 0x00, 0x80, 0x00, 0x00, 0x0B, 0xC6, 0x40, 0x00, 0x7E, 0x2E,
    0x00, 0x07, 0xE0, 0x7C, 0x00, 0x3F, 0x00, 0xF0, 0x03, 0xF0, 0x03, 0xC0, 0x3F, 0x00, 0x0F, 0x02,
    0xF0, 0x00, 0x3D, 0x2F, 0x40, 0x00, 0xB9, 0xF4, 0x00, 0x01, 0xFF, 0x80, 0x00, 0x07, 0xF8, 0x00,
    0x00, 0x0F, 0xFF, 0xFF, 0xD0, 0x3F, 0xFF, 0xFF, 0x40, 0x00, 0x00, 0x00, 0x00, 0x00, 0x00, 0x00,
    0x00, 0x00, 0x00, 0x00, 0xC0, 0x00, 0x00, 0x00, 0x00, 0xBC, 0x00, 0x00, 0x00, 0x00, 0x3E, 0x00,
    0x00, 0x00, 0x00, 0x3F, 0x00, 0x00, 0x00, 0x00, 0x2F, 0x00, 0x00, 0x00, 0x00, 0x1F, 0x40, 0x00,
    0x00, 0x00, 0x0F, 0xD5, 0x55, 0x55, 0x54, 0x0F, 0xFF, 0xFF, 0xFF, 0xFF, 0x8F, 0xC0, 0x00, 0x00,
    0x00, 0x07, 0xE0, 0x00, 0x00, 0x00, 0x00, 0x3F, 0x00, 0x00, 0x00, 0x00, 0x03, 0xFF, 0xFF, 0xFF,
    0xFF, 0x80, 0x7F, 0x55, 0x55, 0x55, 0x40, 0x07, 0xE0, 0x00, 0x00, 0x00, 0x00, 0xBE, 0x00, 0x00,
    0x00, 0x00, 0x0F, 0xC0, 0x00, 0x00, 0x00, 0x01, 0xC0, 0x00, 0x00, 0x00, 0x00, 0x00, 0x00, 0x00,
    0x00, 0x00, 0x00, 0x10, 0x00, 0x00, 0x00, 0x00, 0x03, 0x80, 0xC0, 0x00, 0x00, 0x00, 0x3E, 0x03,
    0xC0, 0x00, 0x00, 0x03, 0xF8, 0x0F, 0xC0, 0x00, 0x00, 0x3F, 0xE0, 0x3F, 0xD0, 0x00, 0x03, 0xFB,
    0x80, 0xEB, 0xD0, 0x00, 0x2F, 0x8E, 0x03, 0x8B, 0xD0, 0x02, 0xF8, 0x38, 0x0E, 0x0B, 0xD0, 0x2F,
    0x80, 0xE0, 0x38, 0x0B, 0xD1, 0xF8, 0x03, 0x80, 0xE0, 0x0B, 0xC3, 0x80, 0x0E, 0x03, 0x80, 0x08,
    0x00, 0x00, 0x38, 0x0E, 0x00, 0x00, 0x00, 0x00, 0xE0, 0x38, 0x00, 0x00, 0x00, 0x03, 0x80, 0xE0,
    0x00, 0x00, 0x00, 0x0E, 0x03, 0x80, 0x00, 0x00, 0x00, 0x38, 0x0E, 0x00, 0x00, 0x00, 0x00, 0xE0,
    0x38, 0x00, 0x00, 0x00, 0x03, 0x80, 0xE0, 0x00, 0x00, 0x00, 0x0E, 0x03, 0x80, 0x00, 0x00, 0x00,
    0x38, 0x0E, 0x00, 0x00, 0x00, 0x00, 0xE0, 0x38, 0x00, 0x00, 0x00, 0x00, 0x00, 0x00, 0x00, 0x00,
    0x00, 0x00, 0x0C, 0x00, 0x00, 0x00, 0x00, 0x0F, 0x40, 0x00, 0x00, 0x00, 0x03, 0xF0, 0x00, 0x00,
    0x00, 0x00, 0x3E, 0x00, 0x00, 0x00, 0x00, 0x03, 0xD0, 0x00, 0x00, 0x00, 0x00, 0x7C, 0x01, 0x55,
    0x55, 0x55, 0x5F, 0xC0, 0xBF, 0xFF, 0xFF, 0xFF, 0xFC, 0x00, 0x00, 0x00, 0x00, 0x0F, 0xC0, 0x00,
    0x00, 0x00, 0x03, 0xF0, 0x00, 0x00, 0x00, 0x03, 0xF0, 0xBF, 0xFF, 0xFF, 0xFF, 0xF0, 0x15, 0x55,
    0x55, 0x5B, 0xF0, 0x00, 0x00, 0x00, 0x03, 0xF4, 0x00, 0x00, 0x00, 0x02, 0xF8, 0x00, 0x00, 0x00,
    0x00, 0xFC, 0x00, 0x00, 0x00, 0x00, 0x1C, 0x00, 0x00, 0x00, 0x00, 0x00, 0x00, 0x00, 0x00, 0x00,
    0x90, 0x24, 0x00, 0x00, 0x00, 0x03, 0x80, 0xE0, 0x00, 0x00, 0x00, 0x0E, 0x03, 0x80, 0x00, 0x00,
    0x00, 0x38, 0x0E, 0x00, 0x00, 0x00, 0x00, 0xE0, 0x38, 0x00, 0x00, 0x00, 0x03, 0x80, 0xE0, 0x00,
    0x00, 0x00, 0x0E, 0x03, 0x80, 0x00, 0x00, 0x00, 0x38, 0x0E, 0x00, 0x00, 0x00, 0x00, 0xE0, 0x38,
    0x00, 0x00, 0x00, 0x03, 0x80, 0xE0, 0x00, 0x02, 0x40, 0x0E, 0x03, 0x80, 0x04, 0x1F, 0x40, 0x38,
    0x0E, 0x00, 0x78, 0x3F, 0x40, 0xE0, 0x38, 0x07, 0xF0, 0x3F, 0x43, 0x80, 0xE0, 0x7F, 0x00, 0x3F,
    0x4E, 0x03, 0x87, 0xE0, 0x00, 0x3F, 0x38, 0x0E, 0x3E, 0x00, 0x00, 0x7F, 0xE0, 0x3F, 0xE0, 0x00,
    0x00, 0x7F, 0x80, 0xFE, 0x00, 0x00, 0x00, 0x7E, 0x03, 0xE0, 0x00, 0x00, 0x00, 0x78, 0x0D, 0x00,
    0x00, 0x00, 0x00, 0x60, 0x10, 0x00, 0x00, 0x00, 0x00, 0x00, 0x00, 0x00, 0x00, 0x00, 0x00, 0x00,
    0x00, 0x00, 0x00, 0x00, 0x03, 0x00, 0x00, 0x90, 0x00, 0x00, 0x0B, 0xC0, 0x02, 0xF0, 0x00, 0x00,
    0x0F, 0x80, 0x01, 0xF4, 0x00, 0x00, 0x3F, 0x00, 0x00, 0xBC, 0x00, 0x00, 0xBC, 0x00, 0x00, 0x3F,
    0x00, 0x01, 0xF4, 0x00, 0x00, 0x0F, 0x80, 0x03, 0xF5, 0x55, 0x55, 0x5B, 0xD0, 0x0F, 0xFF, 0xFF,
    0xFF, 0xFF, 0xF4, 0x3F, 0x00, 0x00, 0x00, 0x00, 0xBD, 0x7E, 0x00, 0x00, 0x00, 0x00, 0x7E, 0x0F,
    0xC0, 0x00, 0x00, 0x02, 0xF4, 0x03, 0xFF, 0xFF, 0xFF, 0xFF, 0xD0, 0x01, 0xFD, 0x55, 0x55, 0x7F,
    0x80, 0x00, 0x7E, 0x00, 0x00, 0x7E, 0x00, 0x00, 0x2F, 0x80, 0x01, 0xFC, 0x00, 0x00, 0x0F, 0xC0,
    0x02, 0xF4, 0x00, 0x00, 0x07, 0x00, 0x00, 0xE0, 0x00, 0x00, 0x00, 0x00, 0x00, 0x00, 0x00, 0x00,
    0x00, 0x40, 0x00, 0x00, 0x00, 0x03, 0xC0, 0x00, 0x00, 0x00, 0x3F, 0xC0, 0x00, 0x00, 0x07, 0xEF,
    0xD0, 0x00, 0x00, 0x7F, 0x0F, 0xD0, 0x00, 0x0B, 0xF0, 0x3F, 0xE0, 0x01, 0xFF, 0xC0, 0xD7, 0xF8,
    0x1F, 0xEB, 0x03, 0x43, 0xFC, 0x0E, 0x1C, 0x0D, 0x03, 0xC0, 0x00, 0x70, 0x34, 0x00, 0x00, 0x01,
    0xC0, 0xD0, 0x00, 0x00, 0x07, 0x03, 0x40, 0x00, 0x00, 0x1C, 0x0D, 0x00, 0x00, 0x00, 0x70, 0x34,
    0x00, 0x00, 0x01, 0xC0, 0xD0, 0x00, 0x01, 0x07, 0x03, 0x40, 0x50, 0x3F, 0x5C, 0x0D, 0x0B, 0xE0,
    0xBF, 0xF0, 0x34, 0xFF, 0x40, 0x7F, 0xC0, 0xEF, 0xD0, 0x00, 0x3F, 0x83, 0xFC, 0x00, 0x00, 0x2F,
    0x6F, 0x80, 0x00, 0x00, 0x2F, 0xF4, 0x00, 0x00, 0x00, 0x2F, 0x40, 0x00, 0x00, 0x00, 0x24, 0x00,
    0x00, 0x00, 0x00, 0x0B, 0x90, 0x00, 0x00, 0x0F, 0xF8, 0x00, 0x00, 0x00, 0xBD, 0x00, 0x00, 0x00,
    0x3E, 0x00, 0x00, 0x00, 0x2F, 0x00, 0x00, 0x00, 0x1F, 0x00, 0x00, 0x00, 0x1E, 0x00, 0x00, 0x00,
    0x1E, 0x00, 0x00, 0x00, 0x2E, 0x00, 0xFF, 0xF0, 0x2D, 0x0B, 0xFF, 0xFC, 0x3D, 0x1F, 0xE0, 0x2F,
    0x3C, 0x3F, 0x40, 0x0B, 0xBC, 0x7E, 0x00, 0x03, 0xFC, 0x7D, 0x00, 0x02, 0xF8, 0xBD, 0x00, 0x01,
    0xF4, 0xBD, 0x00, 0x01, 0xF0, 0xBF, 0x00, 0x03, 0xF0, 0x3F, 0x80, 0x0B, 0xD0, 0x2F, 0xFF, 0xFF,
    0xC0, 0x0F, 0xFF, 0xFF, 0x40, 0x03, 0xFF, 0xFE, 0x00, 0x00, 0x7F, 0xE0, 0x00, 0x00, 0x00, 0x00,
    0x00, 0x00, 0x00, 0x01, 0x00, 0x00, 0x01, 0xBF, 0xF9, 0x00, 0x02, 0xE0, 0x00, 0x07, 0xFF, 0xFF,
    0xF8, 0x02, 0xF4, 0x00, 0x0B, 0xFF, 0xEF, 0xFF, 0xD3, 0xF0, 0x00, 0x0F, 0xFE, 0x00, 0x1F, 0xFF,
    0xF0, 0x00, 0x0B, 0xFD, 0x00, 0x00, 0xFF, 0xF0, 0x00, 0x03, 0xFD, 0x00, 0x00, 0x0F, 0xF8, 0x00,
    0x02, 0xFE, 0x00, 0x00, 0x03, 0xFF, 0x00, 0x00, 0xFF, 0x00, 0x00, 0x03, 0xFF, 0xC0, 0x00, 0x3F,
    0xC0, 0x00, 0x03, 0xF7, 0xF4, 0x00, 0x1F, 0xD0, 0x00, 0x03, 0xE0, 0xFE, 0x00, 0x07, 0xF0, 0x00,
    0x07, 0xE0, 0x3F, 0x80, 0x01, 0xFC, 0x00, 0x07, 0xE0, 0x0F, 0xE0, 0x00, 0x7F, 0x00, 0x07, 0xE0,
    0x02, 0xFC, 0x00, 0x1F, 0xC0, 0x07, 0xE0, 0x00, 0xBE, 0x00, 0x07, 0xF4, 0x07, 0xD0, 0x00, 0x3F,
    0x80, 0x01, 0xFD, 0x0B, 0xD0, 0x00, 0x0F, 0xE0, 0x00, 0x3F, 0xCB, 0xD0, 0x00, 0x0B, 0xF4, 0x00,
    0x0F, 0xFF, 0xD0, 0x00, 0x0B, 0xFC, 0x00, 0x01, 0xFF, 0xF5, 0x01, 0x6F, 0xFF, 0x00, 0x00, 0x3F,
    0xFF, 0xFF, 0xFF, 0xFF, 0x80, 0x00, 0x0F, 0xFF, 0xFF, 0xFF, 0xFF, 0xC0, 0x00, 0x0B, 0xFF, 0xFF,
    0xFF, 0xFF, 0xE0, 0x00, 0x0B, 0xDF, 0xFF, 0xFF, 0xFF, 0xE0, 0x00, 0x0B, 0xC0, 0xBF, 0xFF, 0xFF,
    0xD0, 0x00, 0x0B, 0xC0, 0x01, 0xBF, 0xFE, 0x40, 0x00, 0x01, 0xC0, 0x00, 0x00, 0x00, 0x00, 0x00,
    0x00, 0x00, 0x00, 0x00, 0x00, 0x00, 0x00, 0x00, 0x00, 0x00, 0x00, 0x00, 0x00, 0x00, 0x00, 0x1F,
    0xD0, 0x00, 0x00, 0x00, 0x0F, 0xFC, 0x00, 0x00, 0x00, 0x07, 0xFF, 0x00, 0x00, 0x00, 0x03, 0xFF,
    0xE0, 0x00, 0x00, 0x01, 0xFD, 0xFC, 0x00, 0x00, 0x00, 0xBF, 0x3F, 0x80, 0x00, 0x00, 0x3F, 0x47,
    0xF0, 0x00, 0x00, 0x2F, 0xC0, 0xFE, 0x00, 0x00, 0x0F, 0xE0, 0x2F, 0xC0, 0x00, 0x0B, 0xF0, 0x03,
    0xF8, 0x00, 0x03, 0xF8, 0x00, 0xBF, 0x00, 0x02, 0xFD, 0x00, 0x1F, 0xE0, 0x00, 0xFF, 0x00, 0x03,
    0xFC, 0x00, 0x7F, 0x40, 0x00, 0x7F, 0x80, 0x3F, 0xC0, 0x00, 0x0F, 0xF0, 0x1F, 0xE0, 0x00, 0x02,
    0xFD, 0x0F, 0xF0, 0x00, 0x00, 0x7F, 0xC7, 0xFC, 0x00, 0x00, 0x0F, 0xF6, 0xFF, 0xFF, 0xFF, 0xFF,
    0xFE, 0xBF, 0xFF, 0xFF, 0xFF, 0xFF, 0xAF, 0xFF, 0xFF, 0xFF, 0xFF, 0xE0, 0x00, 0x00, 0x00, 0x00,
    0x0B, 0xFF, 0xFF, 0xFF, 0xFC, 0xBF, 0xFF, 0xFF, 0xFF, 0xC0, 0x3E, 0x00, 0x0F, 0x80, 0x03, 0xE0,
    0x00, 0xF8, 0x00, 0x3E, 0x00, 0x0F, 0x80, 0x03, 0xE0, 0x00, 0xF8, 0x00, 0x3E, 0x00, 0x0F, 0x80,
    0x03, 0xE0, 0x00, 0xF8, 0x00, 0x3E, 0x00, 0x0F, 0x80, 0x03, 0xE0, 0x00, 0xF8, 0x00, 0x3E, 0x00,
    0x0F, 0x80, 0x03, 0xE0, 0x00, 0xF8, 0x00, 0x3E, 0x00, 0x0F, 0x80, 0x03, 0xE0, 0x00, 0xF8, 0x00,
    0x3E, 0x00, 0x0F, 0x80, 0x03, 0xE0, 0x00, 0xF8, 0x00, 0x3E, 0x00, 0x0F, 0x80, 0x03, 0xE0, 0x00,
    0xF8, 0x00, 0x3E, 0x00, 0x0F, 0x80, 0x03, 0xE0, 0x00, 0xF8, 0x00, 0x01, 0x50, 0x00, 0x54, 0x00,
    0x3E, 0x00, 0x0F, 0x80, 0x03, 0xE0, 0x00, 0xF8, 0x00, 0x3E, 0x00, 0x0F, 0x80, 0x03, 0xE0, 0x00,
    0xF8, 0x00, 0x3E, 0x00, 0x0F, 0x80, 0x03, 0xE0, 0x00, 0xF8, 0x00, 0x3E, 0x00, 0x0F, 0x80, 0x03,
    0xE0, 0x00, 0xF8, 0x00, 0x3E, 0x00, 0x0F, 0x80, 0x03, 0xE0, 0x00, 0xF8, 0x00, 0x3E, 0x00, 0x0F,
    0x80, 0x03, 0xE0, 0x00, 0xF8, 0x00, 0x3E, 0x00, 0x0F, 0x80, 0x03, 0xE0, 0x00, 0xF8, 0x00, 0x3E,
    0x00, 0x0F, 0x80, 0x03, 0xE0, 0x00, 0xF8, 0x00, 0x3E, 0x00, 0x0F, 0x80, 0x03, 0xF0, 0x01, 0xF8,
    0x0B, 0xFF, 0xFF, 0xFF, 0xFC, 0xBF, 0xFF, 0xFF, 0xFF, 0xC0, 0xBF, 0xFF, 0xFF, 0xCB, 0xFF, 0xFF,
    0xFC, 0x78, 0x00, 0x00, 0x01, 0xE0, 0x00, 0x00, 0x07, 0x80, 0x00, 0x00, 0x2E, 0x00, 0x00, 0x00,
    0xB4, 0x00, 0x00, 0x02, 0xD0, 0x00, 0x00, 0x0B, 0x40, 0x00, 0x00, 0x2C, 0x00, 0x00, 0x00, 0xC0,
    0x00, 0x00, 0x3C, 0x00, 0x00, 0x0F, 0x40, 0x00, 0x03, 0xD0, 0x00, 0x00, 0xF8, 0x00, 0x00, 0x7E,
    0x00, 0x00, 0x1F, 0x80, 0x00, 0x07, 0xF0, 0x00, 0x00, 0xBF, 0xFF, 0xFF, 0xCB, 0xFF, 0xFF, 0xFC,
    0xBF, 0xFF, 0xFF, 0xC0, 0x00, 0x00, 0x00, 0x00, 0x00, 0x15, 0x42, 0xFF, 0xFF, 0xFC, 0x7F, 0xFF,
    0xFF, 0xC0, 0x00, 0x00, 0x00, 0x00, 0x00, 0x00, 0x3F, 0xFF, 0xFC, 0x00, 0x00, 0x01, 0xFF, 0xFE,
    0x90, 0x00, 0x00, 0x0B, 0xD0, 0x00, 0x00, 0x00, 0x00, 0x3F, 0x00, 0x00, 0x00, 0x00, 0x01, 0xF8,
    0x00, 0x00, 0x00, 0x00, 0x0F, 0xC0, 0x00, 0x00, 0x00, 0x00, 0x3F, 0x00, 0x00, 0x00, 0x00, 0x01,
    0xF8, 0x00, 0x00, 0x00, 0x00, 0x0F, 0xD0, 0x00, 0x00, 0x00, 0x00, 0x3F, 0x00, 0x00, 0x00, 0x00,
    0x02, 0xFC, 0x00, 0x00, 0x00, 0x00, 0x0F, 0xE0, 0x00, 0x00, 0x00, 0x00, 0x7F, 0x40, 0x00, 0x00,
    0x00, 0x02, 0xFC, 0x00, 0x00, 0x00, 0x00, 0x0F, 0xF0, 0x00, 0x00, 0x00, 0x00, 0x7F, 0x80, 0x00,
    0x00, 0x20, 0x03, 0xFC, 0x00, 0x00, 0x01, 0xF4, 0x0F, 0xF0, 0x00, 0x00, 0x03, 0xF4, 0xBF, 0x80,
    0x00, 0x00, 0x0B, 0xFB, 0xFD, 0x00, 0x00, 0x00, 0x0F, 0xFF, 0xF0, 0x00, 0x00, 0x00, 0x2F, 0xFF,
    0xC0, 0x00, 0x00, 0x00, 0x3F, 0xFE, 0x00, 0x00, 0x00, 0x00, 0xBF, 0xF4, 0x00, 0x00, 0x00, 0x00,
    0x55, 0x40, 0x00, 0x00, 0x00, 0x00, 0x19, 0x40, 0x01, 0xA4, 0x00, 0x0F, 0xFF, 0xD0, 0x7F, 0xFC,
    0x00, 0xFF, 0xFF, 0xC3, 0xFF, 0xFC, 0x0B, 0xE4, 0x1F, 0xAF, 0x80, 0xF4, 0x3E, 0x00, 0x0F, 0xF4,
    0x00, 0xF1, 0xF0, 0x00, 0x1F, 0xC0, 0x02, 0xCB, 0x80, 0x00, 0x3E, 0x00, 0x07, 0x2E, 0x00, 0x00,
    0xF8, 0x00, 0x1D, 0xB8, 0x00, 0x03, 0xF0, 0x00, 0xB1, 0xF0, 0x00, 0x1F, 0xE0, 0x0B, 0xC7, 0xE0,
    0x01, 0xFF, 0xFF, 0xFF, 0x0F, 0xFF, 0xFF, 0xAF, 0xFF, 0xF4, 0x1F, 0xFF, 0xFD, 0x3F, 0xFF, 0x80,
    0x1F, 0xFF, 0xD0, 0x3F, 0xF8, 0x00, 0x06, 0xE8, 0x00, 0x05, 0x00, 0x00, 0x00, 0x00, 0x00, 0x00,
    0x1B, 0xF8, 0x00, 0x00, 0x00, 0x00, 0xFF, 0xFC, 0x00, 0x00, 0x00, 0x03, 0xF8, 0x08, 0x00, 0x00,
    0x00, 0x07, 0xE0, 0x00, 0x00, 0x00, 0x00, 0x0F, 0xC0, 0x00, 0x00, 0x00, 0x00, 0x0F, 0xC0, 0x00,
    0x00, 0x00, 0x00, 0x1F, 0x80, 0x00, 0x00, 0x00, 0x00, 0x2F, 0x40, 0x00, 0x00, 0x00, 0x00, 0x3F,
    0x40, 0x00, 0x00, 0x00, 0x00, 0x3F, 0x00, 0x00, 0x00, 0x00, 0x00, 0x3F, 0x00, 0x00, 0x00, 0x00,
    0x00, 0x7F, 0x00, 0x00, 0x00, 0x00, 0x00, 0x7E, 0x00, 0x00, 0x00, 0x00, 0x00, 0xBD, 0x00, 0x00,
    0x00, 0x00, 0x00, 0xBD, 0x00, 0x00, 0x00, 0x00, 0x00, 0xFC, 0x00, 0x00, 0x00, 0x00, 0x00, 0xFC,
    0x00, 0x00, 0x00, 0x00, 0x00, 0xFC, 0x00, 0x00, 0x00, 0x00, 0x01, 0xFC, 0x00, 0x00, 0x00, 0x00,
    0x01, 0xF8, 0x00, 0x00, 0x00, 0x00, 0x02, 0xF8, 0x00, 0x00, 0x00, 0x00, 0x03, 0xF4, 0x00, 0x00,
    0x00, 0x00, 0x03, 0xF0, 0x00, 0x00, 0x00, 0x00, 0x03, 0xF0, 0x00, 0x00, 0x00, 0x00, 0x07, 0xF0,
    0x00, 0x00, 0x00, 0x00, 0x0F, 0xE0, 0x00, 0x00, 0x01, 0x80, 0x2F, 0xD0, 0x00, 0x00, 0x1F, 0xFF,
    0xFF, 0xC0, 0x00, 0x00, 0xBF, 0xFF, 0xFF, 0x80, 0x00, 0x00, 0x3F, 0xFF, 0xFF, 0x00, 0x00, 0x00,
    0x0B, 0xFF, 0xFD, 0x00, 0x00, 0x00, 0x00, 0xBF, 0xE4, 0x00, 0x00, 0x00, 0x00, 0x00, 0x00, 0x00,
    0x00, 0x00, 0x2F, 0xC3, 0xFC, 0x3F, 0xD7, 0xFD, 0x7F, 0xE1, 0x54, 0x00, 0x00, 0x00, 0x00, 0x00,
    0x00, 0x00, 0x00, 0x00, 0x00, 0x02, 0xFC, 0x3F, 0xC3, 0xFD, 0x7F, 0xDB, 0xFE, 0x00, 0x00, 0x00,
    0x00, 0x02, 0xFE, 0x00, 0x01, 0x42, 0xFA, 0xF4, 0x00, 0xF0, 0xF8, 0x0F, 0x40, 0x7C, 0x7D, 0x01,
    0xF4, 0x3E, 0x2F, 0x00, 0x0F, 0xFF, 0x40, 0x00, 0x00, 0x6A, 0x00, 0x00, 0x00, 0x00, 0x00, 0x01,
    0x50, 0x00, 0x00, 0x03, 0xFF, 0xC0, 0x03, 0xC3, 0xF0, 0xBC, 0x01, 0xF0, 0xF4, 0x0B, 0xC0, 0xBC,
    0x7D, 0x00, 0xBE, 0xFD, 0x16, 0x00, 0x07, 0xFE, 0x00, 0x00, 0x00, 0x00, 0x00, 0x00, 0x00, 0x00,
    0x02, 0x80, 0x00, 0x00, 0x00, 0x1E, 0x00, 0x00, 0x00, 0x00, 0xF0, 0x00, 0x00, 0x00, 0x0B, 0x40,
    0x00, 0x00, 0x00, 0x7C, 0x00, 0x00, 0x00, 0x03, 0xD0, 0x00, 0x00, 0x00, 0x2E, 0x00, 0x00, 0x00,
    0x05, 0xF4, 0x50, 0x2F, 0xFF, 0xFF, 0xFF, 0xE1, 0xFF, 0xFF, 0xFF, 0xFF, 0xC0, 0x00, 0x03, 0xD0,
    0x00, 0x00, 0x00, 0x2F, 0x00, 0x00, 0x00, 0x00, 0xF0, 0x00, 0x00, 0x00, 0x0F, 0x80, 0x00, 0x00,
    0x00, 0x7F, 0xFF, 0xFD, 0x0F, 0xFF, 0xFF, 0xFF, 0xFC, 0x7F, 0xFF, 0x55, 0x00, 0x00, 0x00, 0xF0,
    0x00, 0x00, 0x00, 0x0F, 0x80, 0x00, 0x00, 0x00, 0xBC, 0x00, 0x00, 0x00, 0x03, 0xE0, 0x00, 0x00,
    0x00, 0x3F, 0x00, 0x00, 0x00, 0x01, 0xF4, 0x00, 0x00, 0x00, 0x00, 0x00, 0x00, 0x00, 0x00, 0x00,
    0x00, 0x00, 0x00, 0x60, 0x00, 0x00, 0x00, 0x01, 0xFC, 0x00, 0x00, 0x00, 0x0B, 0xFF, 0x00, 0x00,
    0x00, 0x2F, 0xFD, 0x00, 0x00, 0x01, 0xFF, 0xF4, 0x00, 0x00, 0x07, 0xFF, 0xD0, 0x00, 0x00, 0x2F,
    0xFF, 0x40, 0x00, 0x00, 0xBF, 0xF8, 0x00, 0x00, 0x00, 0xBF, 0xE0, 0x00, 0x00, 0x00, 0x2F, 0xF9,
    0x00, 0x00, 0x00, 0x07, 0xFF, 0xFE, 0x40, 0x00, 0x00, 0x6F, 0xFF, 0xFE, 0x40, 0x00, 0x00, 0x1F,
    0xFF, 0xFF, 0x90, 0x00, 0x00, 0x1B, 0xFF, 0xFF, 0x00, 0x00, 0x00, 0x1B, 0xFF, 0xC0, 0x00, 0x00,
    0x00, 0x07, 0xF0, 0x00, 0x00, 0x00, 0x00, 0x04, 0x01, 0x00, 0x00, 0x00, 0x00, 0x01, 0xFF, 0xE9,
    0x50, 0x00, 0x00, 0xBF, 0xFF, 0xFF, 0xFE, 0x94, 0x00, 0x15, 0xAF, 0xFF, 0xFF, 0x00, 0x00, 0x00,
    0x00, 0x56, 0x90, 0x03, 0x40, 0x00, 0x00, 0x00, 0x00, 0xFD, 0x00, 0x00, 0x00, 0x00, 0x3F, 0xF8,
    0x00, 0x00, 0x00, 0x01, 0xFF, 0xE4, 0x00, 0x00, 0x00, 0x07, 0xFF, 0xD0, 0x00, 0x00, 0x00, 0x1F,
    0xFF, 0x40, 0x00, 0x00, 0x00, 0x2F, 0xFE, 0x00, 0x00, 0x00, 0x00, 0xBF, 0xF9, 0x00, 0x00, 0x00,
    0x02, 0xFF, 0x80, 0x00, 0x00, 0x01, 0xBF, 0xE0, 0x00, 0x00, 0x6F, 0xFF, 0xF8, 0x00, 0x06, 0xFF,
    0xFF, 0xE4, 0x01, 0xBF, 0xFF, 0xFD, 0x00, 0x03, 0xFF, 0xFF, 0x90, 0x00, 0x00, 0xFF, 0xF9, 0x00,
    0x00, 0x00, 0x3F, 0x40, 0x00, 0x00, 0x00, 0x04, 0x00, 0x00, 0x00, 0x00, 0x00, 0x00, 0x00, 0x00,
    0x01, 0x00, 0x00, 0x00, 0x5A, 0xFF, 0xE0, 0x1A, 0xFF, 0xFF, 0xFF, 0xFC, 0x3F, 0xFF, 0xFE, 0x95,
    0x00, 0x1A, 0x54, 0x00, 0x00, 0x00, 0x00, 0x05, 0x55, 0x55, 0x55, 0x55, 0x07, 0xFF, 0xFF, 0xFF,
    0xFF, 0xFC, 0xBF, 0xFF, 0xFF, 0xFF, 0xFF, 0xCB, 0xFF, 0xFF, 0xFF, 0xFF, 0xFD, 0xBF, 0xFF, 0xFF,
    0xFF, 0xFF, 0xDB, 0xFF, 0xFF, 0xFF, 0xFF, 0xFD, 0xBF, 0xFF, 0xFF, 0xFF, 0xFF, 0xDB, 0xFF, 0xFF,
    0xFF, 0xFF, 0xFD, 0xBF, 0xFF, 0xFF, 0xFF, 0xFF, 0xDB, 0xFF, 0xFF, 0xFF, 0xFF, 0xFD, 0xBF, 0xFF,
    0xFF, 0xFF, 0xFF, 0xDB, 0xFF, 0xFF, 0xFF, 0xFF, 0xFD, 0xBF, 0xFF, 0xFF, 0xFF, 0xFF, 0xDB, 0xFF,
    0xFF, 0xFF, 0xFF, 0xFD, 0xBF, 0xFF, 0xFF, 0xFF, 0xFF, 0xDB, 0xFF, 0xFF, 0xFF, 0xFF, 0xFD, 0xBF,
    0xFF, 0xFF, 0xFF, 0xFF, 0xDB, 0xFF, 0xFF, 0xFF, 0xFF, 0xFD, 0xBF, 0xFF, 0xFF, 0xFF, 0xFF, 0xDB,
    0xFF, 0xFF, 0xFF, 0xFF, 0xFD, 0xBF, 0xFF, 0xFF, 0xFF, 0xFF, 0xC3, 0xFF, 0xFF, 0xFF, 0xFF, 0xF8,
    0x3F, 0xFF, 0xFF, 0xFF, 0xFF, 0x8B, 0xFF, 0xFF, 0xFF, 0xFF, 0xFC, 0xB8, 0x00, 0x00, 0x00, 0x03,
    0xDB, 0x00, 0x00, 0x00, 0x00, 0x2D, 0xB0, 0x00, 0x00, 0x00, 0x02, 0xDB, 0x00, 0x00, 0x00, 0x00,
    0x2D, 0xB0, 0x00, 0x00, 0x00, 0x02, 0xDB, 0x00, 0x00, 0x00, 0x00, 0x2D, 0xB0, 0x00, 0x00, 0x00,
    0x02, 0xDB, 0x00, 0x00, 0x00, 0x00, 0x2D, 0xB0, 0x00, 0x00, 0x00, 0x02, 0xDB, 0x00, 0x00, 0x00,
    0x00, 0x2D, 0xB0, 0x00, 0x00, 0x00, 0x02, 0xDB, 0x00, 0x00, 0x00, 0x00, 0x2D, 0xB0, 0x00, 0x00,
    0x00, 0x02, 0xDB, 0x00, 0x00, 0x00, 0x00, 0x2D, 0xB0, 0x00, 0x00, 0x00, 0x02, 0xDB, 0x00, 0x00,
    0x00, 0x00, 0x2D, 0xB8, 0x00, 0x00, 0x00, 0x03, 0xDB, 0xFF, 0xFF, 0xFF, 0xFF, 0xFC, 0x3F, 0xFF,
    0xFF, 0xFF, 0xFF, 0x80, 0x6A, 0xAA, 0x6F, 0xFF, 0xFB, 0xFF, 0xFE, 0xFF, 0xFF, 0xBF, 0xFF, 0xEF,
    0xFF, 0xFB, 0xFF, 0xFE, 0xFF, 0xFF, 0xBF, 0xFF, 0xC0, 0xBF, 0xFF, 0xE4, 0x00, 0x39, 0x00, 0x0E,
    0x40, 0x03, 0x90, 0x00, 0xE4, 0x00, 0x39, 0x00, 0x0E, 0x40, 0x03, 0xBF, 0xFF, 0xC0, 0xBF, 0xFF,
    0xFF, 0xFF, 0xFB, 0xFF, 0xFF, 0xFF, 0xFF, 0xBF, 0xFF, 0xFF, 0xFF, 0xF0, 0x00, 0x00, 0x00, 0x00,
    0x6A, 0xAA, 0xAA, 0xAA, 0xAA, 0xAA, 0x8B, 0xFF, 0xFF, 0xFF, 0xFF, 0xFF, 0xFC, 0xB8, 0x00, 0x00,
    0x00, 0x00, 0x03, 0xCB, 0x80, 0x00, 0x00, 0x00, 0x00, 0x3C, 0xB8, 0x00, 0x00, 0x00, 0x00, 0x03,
    0xCB, 0x80, 0x00, 0x00, 0x00, 0x00, 0x3C, 0xB8, 0x00, 0x00, 0x00, 0x00, 0x03, 0xCB, 0x80, 0x00,
    0x00, 0x00, 0x00, 0x3C, 0xB8, 0x00, 0x00, 0x00, 0x00, 0x03, 0xCB, 0x80, 0x00, 0x00, 0x00, 0x00,
    0x3C, 0xB8, 0x00, 0x00, 0x00, 0x00, 0x03, 0xCB, 0xFF, 0xFF, 0xFF, 0xFF, 0xFF, 0xFC, 0x6A, 0xAA,
    0xAA, 0xAA, 0xAA, 0xAA, 0x80, 0xBF, 0xFA, 0xFF, 0xEB, 0xFF, 0xAF, 0xFE, 0xBF, 0xFA, 0xFF, 0xEB,
    0xFF, 0xAF, 0xFE, 0xBF, 0xFA, 0xFF, 0xEB, 0xFF, 0xAF, 0xFE, 0x6A, 0xA4, 0x00, 0x02, 0xFF, 0xE8,
    0x00, 0xA0, 0x02, 0x80, 0x0A, 0x00, 0x28, 0x00, 0xA0, 0x02, 0x80, 0x0A, 0x00, 0x28, 0x00, 0xA0,
    0x02, 0xBF, 0xF8, 0x55, 0x40, 0x00, 0x00, 0x00, 0x00, 0x00, 0x00, 0x00, 0x20, 0x00, 0x00, 0x00,
    0x00, 0xFC, 0x00, 0x00, 0x00, 0x02, 0xFE, 0x00, 0x00, 0x00, 0x03, 0xFF, 0x00, 0x00, 0x00, 0x0B,
    0xFF, 0x80, 0x00, 0x00, 0x0F, 0xFF, 0xD0, 0x00, 0x00, 0x2F, 0xFF, 0xF0, 0x00, 0x00, 0x3F, 0xFF,
    0xF4, 0x00, 0x00, 0xBF, 0xFF, 0xFC, 0x00, 0x00, 0xFF, 0xFF, 0xFD, 0x00, 0x03, 0xFF, 0xFF, 0xFF,
    0x00, 0x07, 0xFF, 0xFF, 0xFF, 0x40, 0x0F, 0xFF, 0xFF, 0xFF, 0xC0, 0x1F, 0xFF, 0xFF, 0xFF, 0xD0,
    0x3F, 0xFF, 0xFF, 0xFF, 0xF0, 0x3F, 0xFF, 0xFF, 0xFF, 0xF4, 0x7F, 0xFF, 0xFF, 0xFF, 0xF8, 0x2F,
    0xFF, 0xFF, 0xFF, 0xE0, 0x00, 0x00, 0x00, 0x00, 0x00, 0x00, 0x00, 0x2D, 0x00, 0x00, 0x00, 0x00,
    0xBF, 0x00, 0x00, 0x00, 0x00, 0xFF, 0x80, 0x00, 0x00, 0x02, 0xD3, 0xC0, 0x00, 0x00, 0x03, 0x80,
    0xE0, 0x00, 0x00, 0x0F, 0x00, 0xB0, 0x00, 0x00, 0x1E, 0x00, 0x3C, 0x00, 0x00, 0x3C, 0x00, 0x2D,
    0x00, 0x00, 0x78, 0x00, 0x0F, 0x00, 0x00, 0xF0, 0x00, 0x0B, 0x40, 0x01, 0xE0, 0x00, 0x03, 0xC0,
    0x03, 0xC0, 0x00, 0x02, 0xE0, 0x07, 0x80, 0x00, 0x00, 0xF0, 0x0F, 0x40, 0x00, 0x00, 0xB8, 0x1F,
    0x80, 0x00, 0x00, 0xFC, 0x2F, 0xFF, 0xFF, 0xFF, 0xFC, 0x0F, 0xFF, 0xFF, 0xFF, 0xF8, 0x00, 0x00,
    0x00, 0x00, 0x00, 0x00, 0x00, 0x00, 0x74, 0x00, 0x3F, 0x00, 0x1F, 0xD0, 0x0F, 0xFC, 0x07, 0xFF,
    0x43, 0xFF, 0xF1, 0xFF, 0xFD, 0x7F, 0xFF, 0x40, 0x00, 0x00, 0x00, 0x01, 0xC0, 0x00, 0x08, 0x80,
    0x00, 0x81, 0x40, 0x02, 0x02, 0x00, 0x20, 0x05, 0x00, 0x40, 0x08, 0x08, 0x00, 0x04, 0x10, 0x00,
    0x22, 0x40, 0x00, 0x92, 0xAA, 0xAA, 0x00, 0x00, 0x00, 0x00, 0x00, 0x00, 0xF8, 0x00, 0x00, 0x00,
    0x0B, 0xFE, 0x00, 0x00, 0x00, 0x2F, 0xFF, 0x40, 0x00, 0x00, 0xBF, 0xFF, 0xD0, 0x00, 0x02, 0xFF,
    0xFF, 0xF4, 0x00, 0x0B, 0xFF, 0xFF, 0xFD, 0x00, 0x2F, 0xFF, 0xFF, 0xFF, 0x40, 0xBF, 0xFF, 0xFF,
    0xFF, 0x82, 0xFF, 0xFF, 0xFF, 0xFF, 0x8B, 0xFF, 0xFF, 0xFF, 0xFF, 0x2F, 0xFF, 0xFF, 0xFF, 0xF0,
    0xBF, 0xFF, 0xFF, 0xFD, 0x02, 0xFF, 0xFF, 0xFF, 0x40, 0x0B, 0xFF, 0xFF, 0xE0, 0x00, 0x2F, 0xFF,
    0xF8, 0x00, 0x00, 0xBF, 0xFE, 0x00, 0x00, 0x02, 0xFF, 0x80, 0x00, 0x00, 0x03, 0xE0, 0x00, 0x00,
    0x00, 0x00, 0x00, 0x00, 0x00, 0x00, 0x00, 0x00, 0x00, 0x00, 0x00, 0xB4, 0x00, 0x00, 0x00, 0x0B,
    0xFD, 0x00, 0x00, 0x00, 0x2F, 0xFF, 0x40, 0x00, 0x00, 0xB8, 0x2F, 0xD0, 0x00, 0x02, 0xD0, 0x0B,
    0xF4, 0x00, 0x0B, 0x40, 0x02, 0xFD, 0x00, 0x2D, 0x00, 0x00, 0xBF, 0x40, 0xB4, 0x00, 0x00, 0x2F,
    0xC2, 0xD0, 0x00, 0x00, 0x0F, 0xCB, 0x40, 0x00, 0x00, 0x7E, 0x2D, 0x00, 0x00, 0x0B, 0xE0, 0xB4,
    0x00, 0x02, 0xFD, 0x02, 0xD0, 0x00, 0xBF, 0x40, 0x0B, 0x40, 0x2F, 0xD0, 0x00, 0x2E, 0x0B, 0xF4,
    0x00, 0x00, 0xBF, 0xFD, 0x00, 0x00, 0x02, 0xFF, 0x80, 0x00, 0x00, 0x03, 0xE0, 0x00, 0x00, 0x00,
    0x00, 0x00, 0x00, 0x00, 0x00, 0x00, 0x00, 0x1D, 0x00, 0x0B, 0xF4, 0x02, 0xFF, 0xD0, 0xBF, 0xFF,
    0x2F, 0xFF, 0xDB, 0xFF, 0x82, 0xFE, 0x00, 0xBD, 0x00, 0x04, 0x00, 0x00, 0x00, 0x00, 0x01, 0xD0,
    0x00, 0x09, 0x24, 0x00, 0x20, 0x09, 0x00, 0x80, 0x02, 0x42, 0x00, 0x00, 0xC8, 0x00, 0x03, 0x20,
    0x00, 0x90, 0x80, 0x28, 0x02, 0x0A, 0x00, 0x07, 0x80, 0x00, 0x00, 0x00, 0x00, 0x00, 0x00, 0x00,
    0x00, 0x00, 0x03, 0xF4, 0x00, 0x00, 0x00, 0x00, 0xBF, 0xF8, 0x00, 0x00, 0x00, 0x0B, 0xFF, 0xFD,
    0x00, 0x00, 0x00, 0xBF, 0xFF, 0xFE, 0x00, 0x00, 0x0B, 0xFF, 0xFF, 0xFF, 0x40, 0x00, 0xBF, 0xFF,
    0xFF, 0xFF, 0x80, 0x0B, 0xFF, 0xFF, 0xFF, 0xFF, 0x90, 0xBF, 0xFF, 0xFF, 0xFF, 0xFF, 0x8B, 0xFF,
    0xFF, 0xFF, 0xFF, 0xFC, 0xBF, 0xFF, 0xFF, 0xFF, 0xFD, 0x0B, 0xFF, 0xFF, 0xFF, 0xF9, 0x00, 0xBF,
    0xFF, 0xFF, 0xF4, 0x00, 0x0B, 0xFF, 0xFF, 0xE4, 0x00, 0x00, 0xBF, 0xFF, 0xD0, 0x00, 0x00, 0x0B,
    0xFF, 0x80, 0x00, 0x00, 0x00, 0x3E, 0x40, 0x00, 0x00, 0x00, 0x00, 0x00, 0x00, 0x00, 0x00, 0x00,
    0x00, 0x00, 0x00, 0x00, 0x00, 0x03, 0xE4, 0x00, 0x00, 0x00, 0x00, 0xBF, 0xF8, 0x00, 0x00, 0x00,
    0x0B, 0x81, 0xFD, 0x00, 0x00, 0x00, 0xB4, 0x00, 0xBE, 0x00, 0x00, 0x0B, 0x40, 0x00, 0x7E, 0x40,
    0x00, 0xB4, 0x00, 0x00, 0x2F, 0x80, 0x0B, 0x40, 0x00, 0x00, 0x1B, 0x80, 0xB4, 0x00, 0x00, 0x00,
    0x0F, 0x8B, 0x40, 0x00, 0x00, 0x00, 0xBC, 0xB4, 0x00, 0x00, 0x00, 0xBD, 0x0B, 0x40, 0x00, 0x01,
    0xF9, 0x00, 0xB4, 0x00, 0x06, 0xF8, 0x00, 0x0B, 0x40, 0x0B, 0xE4, 0x00, 0x00, 0xB8, 0x1F, 0xD0,
    0x00, 0x00, 0x0B, 0xFF, 0x80, 0x00, 0x00, 0x00, 0x3E, 0x40, 0x00, 0x00, 0x00, 0x00, 0x00, 0x00,
    0x00, 0x00, 0x00, 0x0F, 0xFF, 0xFF, 0xFF, 0xF8, 0x2F, 0xFF, 0xFF, 0xFF, 0xFC, 0x1F, 0xFF, 0xFF,
    0xFF, 0xFC, 0x0F, 0xFF, 0xFF, 0xFF, 0xFC, 0x0B, 0xFF, 0xFF, 0xFF, 0xF0, 0x03, 0xFF, 0xFF, 0xFF,
    0xE0, 0x02, 0xFF, 0xFF, 0xFF, 0xC0, 0x00, 0xFF, 0xFF, 0xFF, 0x80, 0x00, 0xBF, 0xFF, 0xFF, 0x00,
    0x00, 0x3F, 0xFF, 0xFE, 0x00, 0x00, 0x2F, 0xFF, 0xFC, 0x00, 0x00, 0x0F, 0xFF, 0xF8, 0x00, 0x00,
    0x0B, 0xFF, 0xF0, 0x00, 0x00, 0x03, 0xFF, 0xD0, 0x00, 0x00, 0x01, 0xFF, 0xC0, 0x00, 0x00, 0x00,
    0xFF, 0x40, 0x00, 0x00, 0x00, 0x7F, 0x00, 0x00, 0x00, 0x00, 0x18, 0x00, 0x00, 0x00, 0x00, 0x00,
    0x00, 0x00, 0x00, 0x00, 0x00, 0x00, 0x00, 0x0F, 0xFF, 0xFF, 0xFF, 0xF8, 0x2F, 0xFF, 0xFF, 0xFF,
    0xFC, 0x1F, 0x80, 0x00, 0x00, 0xFC, 0x0F, 0x40, 0x00, 0x00, 0xB8, 0x07, 0x80, 0x00, 0x00, 0xF0,
    0x03, 0xC0, 0x00, 0x02, 0xE0, 0x01, 0xE0, 0x00, 0x03, 0xC0, 0x00, 0xF0, 0x00, 0x0B, 0x40, 0x00,
    0x78, 0x00, 0x0F, 0x00, 0x00, 0x3C, 0x00, 0x2D, 0x00, 0x00, 0x1E, 0x00, 0x3C, 0x00, 0x00, 0x0F,
    0x00, 0xB0, 0x00, 0x00, 0x03, 0x80, 0xE0, 0x00, 0x00, 0x02, 0xD3, 0xC0, 0x00, 0x00, 0x00, 0xFF,
    0x80, 0x00, 0x00, 0x00, 0xBF, 0x00, 0x00, 0x00, 0x00, 0x2D, 0x00, 0x00, 0x00, 0x00, 0x00, 0x00,
    0x00, 0x7F, 0xFF, 0x5F, 0xFF, 0xD3, 0xFF, 0xF0, 0x7F, 0xF4, 0x0F, 0xFC, 0x01, 0xFD, 0x00, 0x3F,
    0x00, 0x07, 0x40, 0x00, 0x00, 0x00, 0x7A, 0xAA, 0xB2, 0x40, 0x00, 0x52, 0x00, 0x02, 0x08, 0x00,
    0x14, 0x08, 0x00, 0x80, 0x20, 0x05, 0x00, 0x20, 0x20, 0x00, 0x81, 0x40, 0x00, 0x88, 0x00, 0x01,
    0xC0, 0x00, 0x00, 0x00, 0x00, 0x00, 0x00, 0x00, 0x00, 0x00, 0x00, 0x00, 0x00, 0x07, 0xD0, 0x00,
    0x00, 0x01, 0xFF, 0xC0, 0x00, 0x00, 0x7F, 0xFF, 0x00, 0x00, 0x1F, 0xFF, 0xFC, 0x00, 0x07, 0xFF,
    0xFF, 0xF0, 0x01, 0xFF, 0xFF, 0xFF, 0xC0, 0x7F, 0xFF, 0xFF, 0xFF, 0x0B, 0xFF, 0xFF, 0xFF, 0xFC,
    0xBF, 0xFF, 0xFF, 0xFF, 0xF1, 0xFF, 0xFF, 0xFF, 0xFF, 0xC2, 0xFF, 0xFF, 0xFF, 0xFF, 0x00, 0xBF,
    0xFF, 0xFF, 0xFC, 0x00, 0x2F, 0xFF, 0xFF, 0xF0, 0x00, 0x0F, 0xFF, 0xFF, 0xC0, 0x00, 0x07, 0xFF,
    0xFF, 0x00, 0x00, 0x01, 0xFF, 0xFC, 0x00, 0x00, 0x00, 0x7F, 0xF0, 0x00, 0x00, 0x00, 0x1F, 0x40,
    0x00, 0x00, 0x00, 0x00, 0x00, 0x00, 0x00, 0x00, 0x00, 0x00, 0x00, 0x00, 0x07, 0xD0, 0x00, 0x00,
    0x01, 0xFF, 0xC0, 0x00, 0x00, 0x7F, 0xFF, 0x00, 0x00, 0x1F, 0xE0, 0x7C, 0x00, 0x02, 0xF8, 0x00,
    0xF0, 0x00, 0xBE, 0x00, 0x03, 0xC0, 0x2F, 0x80, 0x00, 0x0F, 0x07, 0xE0, 0x00, 0x00, 0x3C, 0x7E,
    0x00, 0x00, 0x00, 0xF2, 0xF4, 0x00, 0x00, 0x03, 0xC2, 0xF8, 0x00, 0x00, 0x0F, 0x01, 0xFE, 0x00,
    0x00, 0x3C, 0x00, 0x7F, 0x80, 0x00, 0xF0, 0x00, 0x1F, 0xE0, 0x03, 0xC0, 0x00, 0x07, 0xF8, 0x1F,
    0x00, 0x00, 0x01, 0xFF, 0xFC, 0x00, 0x00, 0x00, 0x7F, 0xF0, 0x00, 0x00, 0x00, 0x1F, 0x40, 0x00,
    0x00, 0x00, 0x00, 0x00, 0x01, 0x00, 0x07, 0xD0, 0x1F, 0xF8, 0x3F, 0xFE, 0x7F, 0xFF, 0x9F, 0xFF,
    0xE0, 0xBF, 0xF8, 0x02, 0xFE, 0x00, 0x0B, 0x40, 0x00, 0x00, 0x00, 0x00, 0x00, 0x00, 0x06, 0xC0,
    0x00, 0x92, 0x40, 0x24, 0x05, 0x09, 0x00, 0x15, 0x80, 0x00, 0x56, 0x00, 0x01, 0x46, 0x40, 0x05,
    0x01, 0x90, 0x14, 0x00, 0x64, 0x90, 0x00, 0x1B, 0x00, 0x00, 0x00, 0x00, 0x00, 0x00, 0x00, 0x00,
    0x00, 0x00, 0x00, 0x00, 0x01, 0xBD, 0x00, 0x00, 0x00, 0x02, 0xFF, 0xF0, 0x00, 0x00, 0x06, 0xFF,
    0xFF, 0x00, 0x00, 0x07, 0xFF, 0xFF, 0xF0, 0x00, 0x0B, 0xFF, 0xFF, 0xFF, 0x00, 0x1F, 0xFF, 0xFF,
    0xFF, 0xF0, 0x2F, 0xFF, 0xFF, 0xFF, 0xFF, 0x1F, 0xFF, 0xFF, 0xFF, 0xFF, 0xF1, 0xFF, 0xFF, 0xFF,
    0xFF, 0xFF, 0x07, 0xFF, 0xFF, 0xFF, 0xFF, 0xF0, 0x02, 0xFF, 0xFF, 0xFF, 0xFF, 0x00, 0x01, 0xFF,
    0xFF, 0xFF, 0xF0, 0x00, 0x00, 0xBF, 0xFF, 0xFF, 0x00, 0x00, 0x00, 0x6F, 0xFF, 0xF0, 0x00, 0x00,
    0x00, 0x1F, 0xFF, 0x00, 0x00, 0x00, 0x00, 0x0B, 0xD0, 0x00, 0x00, 0x00, 0x00, 0x00, 0x00, 0x00,
    0x00, 0x00, 0x00, 0x00, 0x00, 0x00, 0x00, 0x01, 0xBD, 0x00, 0x00, 0x00, 0x01, 0xFF, 0xF0, 0x00,
    0x00, 0x02, 0xF8, 0x1F, 0x00, 0x00, 0x07, 0xE4, 0x00, 0xF0, 0x00, 0x0B, 0xE0, 0x00, 0x0F, 0x00,
    0x1F, 0x90, 0x00, 0x00, 0xF0, 0x2F, 0x40, 0x00, 0x00, 0x0F, 0x1F, 0x40, 0x00, 0x00, 0x00, 0xF1,
    0xF0, 0x00, 0x00, 0x00, 0x0F, 0x07, 0xE4, 0x00, 0x00, 0x00, 0xF0, 0x02, 0xF8, 0x00, 0x00, 0x0F,
    0x00, 0x01, 0xFD, 0x00, 0x00, 0xF0, 0x00, 0x00, 0xBE, 0x40, 0x0F, 0x00, 0x00, 0x00, 0x6F, 0x91,
    0xF0, 0x00, 0x00, 0x00, 0x1F, 0xFF, 0x00, 0x00, 0x00, 0x00, 0x0B, 0xD0, 0x00, 0x00, 0x00, 0x00,
    0x00, 0x00, 0x00, 0x00, 0x00, 0x00, 0x08, 0x00, 0x00, 0x00, 0x74, 0x00, 0x00, 0x03, 0xF0, 0x00,
    0x00, 0x2D, 0xD0, 0x00, 0x00, 0xE3, 0xC0, 0x00, 0x0F, 0x07, 0x40, 0x00, 0x74, 0x0F, 0x00, 0x03,
    0xC0, 0x0D, 0x00, 0x1C, 0x00, 0x2C, 0x00, 0xE0, 0x00, 0x38, 0x0B, 0x00, 0x00, 0xB0, 0x38, 0x00,
    0x00, 0xE2, 0xE0, 0x00, 0x03, 0xCB, 0xC0, 0x00, 0x2F, 0x1F, 0x80, 0x00, 0xFC, 0x3F, 0x40, 0x0F,
    0xC0, 0x3F, 0x00, 0x7E, 0x00, 0x7E, 0x03, 0xF0, 0x00, 0xFD, 0x2F, 0x40, 0x00, 0xFD, 0xFC, 0x00,
    0x01, 0xFF, 0xC0, 0x00, 0x03, 0xFE, 0x00, 0x00, 0x03, 0xF0, 0x00, 0x00, 0x0B, 0x40, 0x00, 0x00,
    0x08, 0x00, 0x00, 0x00, 0x01, 0xBF, 0xF4, 0x00, 0x00, 0x00, 0x7F, 0xFF, 0xFE, 0x00, 0x00, 0x0B,
    0xF4, 0x00, 0xBF, 0x40, 0x00, 0xBD, 0x00, 0x00, 0x2F, 0x40, 0x0B, 0xC0, 0x00, 0x00, 0x1F, 0x00,
    0x3C, 0x00, 0x00, 0x00, 0x1F, 0x02, 0xE0, 0x00, 0x00, 0x00, 0x3D, 0x0F, 0x00, 0x00, 0x00, 0x00,
    0x7C, 0x78, 0x00, 0x00, 0x00, 0x00, 0xF2, 0xD0, 0x00, 0x00, 0x00, 0x02, 0xCB, 0x40, 0x00, 0x00,
    0x00, 0x0B, 0x6D, 0x00, 0x00, 0x00, 0x00, 0x2D, 0xB4, 0x00, 0x00, 0x00, 0x00, 0xB1, 0xE0, 0x00,
    0x00, 0x00, 0x03, 0xC3, 0xC0, 0x00, 0x00, 0x00, 0x1E, 0x0B, 0x80, 0x00, 0x00, 0x00, 0xF4, 0x0F,
    0x00, 0x00, 0x00, 0x07, 0xC0, 0x1F, 0x00, 0x00, 0x00, 0x7C, 0x00, 0x2F, 0x40, 0x00, 0x0B, 0xD0,
    0x00, 0x1F, 0xE0, 0x06, 0xFD, 0x00, 0x00, 0x0B, 0xFF, 0xFF, 0x80, 0x00, 0x00, 0x01, 0xBF, 0x90,
    0x00, 0x00, 0x00, 0x00, 0x05, 0x40, 0x00, 0x00, 0x00, 0x0B, 0xFF, 0xF8, 0x00, 0x00, 0x02, 0xFF,
    0xFF, 0xFE, 0x00, 0x00, 0x3F, 0xFF, 0xFF, 0xFF, 0x00, 0x03, 0xFF, 0xFF, 0xFF, 0xFF, 0x00, 0x2F,
    0xFF, 0xFF, 0xFF, 0xFF, 0x01, 0xFF, 0xFF, 0xFF, 0xFF, 0xFD, 0x0F, 0xFF, 0xFF, 0xFF, 0xFF, 0xFC,
    0x3F, 0xFF, 0xFF, 0xFF, 0xFF, 0xF1, 0xFF, 0xFF, 0xFF, 0xFF, 0xFF, 0xEB, 0xFF, 0xFF, 0xFF, 0xFF,
    0xFF, 0xAF, 0xFF, 0xFF, 0xFF, 0xFF, 0xFF, 0xBF, 0xFF, 0xFF, 0xFF, 0xFF, 0xFA, 0xFF, 0xFF, 0xFF,
    0xFF, 0xFF, 0xE7, 0xFF, 0xFF, 0xFF, 0xFF, 0xFF, 0x4F, 0xFF, 0xFF, 0xFF, 0xFF, 0xFC, 0x2F, 0xFF,
    0xFF, 0xFF, 0xFF, 0xE0, 0x3F, 0xFF, 0xFF, 0xFF, 0xFF, 0x00, 0x7F, 0xFF, 0xFF, 0xFF, 0xF8, 0x00,
    0xBF, 0xFF, 0xFF, 0xFF, 0x80, 0x00, 0x7F, 0xFF, 0xFF, 0xF8, 0x00, 0x00, 0x2F, 0xFF, 0xFF, 0x40,
    0x00, 0x00, 0x0B, 0xFF, 0x90, 0x00, 0x00, 0xBF, 0xFF, 0xFF, 0xFF, 0xEF, 0xFF, 0xFF, 0xFF, 0xFB,
    0xFF, 0xFF, 0xFF, 0xFE, 0xFF, 0xFF, 0xFF, 0xFF, 0xBF, 0xFF, 0xBF, 0xFF, 0xEF, 0xFD, 0x00, 0xFF,
    0xFB, 0xFD, 0x00, 0x0F, 0xFE, 0xFF, 0x00, 0x03, 0xFF, 0xBF, 0xC0, 0x00, 0xFF, 0xEF, 0xF0, 0x00,
    0x3F, 0xFB, 0xFF, 0x00, 0x3F, 0xFE, 0xFF, 0xFA, 0xBF, 0xFF, 0xBF, 0xFF, 0xFF, 0xFF, 0xEF, 0xFF,
    0xFF, 0xFF, 0xFB, 0xFF, 0xFF, 0xFF, 0xFE, 0xFF, 0xFF, 0xFF, 0xFF, 0xBF, 0xFF, 0xFF, 0xFF, 0xEF,
    0xFD, 0x01, 0xBF, 0xFB, 0xF4, 0xBF, 0x87, 0xFE, 0xF1, 0xFF, 0xFE, 0x3F, 0xB5, 0xFF, 0xFF, 0xE7,
    0xEC, 0xFF, 0xFF, 0xFD, 0xBA, 0x7F, 0xFF, 0xFF, 0x9E, 0x6F, 0xFF, 0xFF, 0xF3, 0x9B, 0xFF, 0xFF,
    0xFC, 0xE5, 0xFF, 0xFF, 0xFE, 0x7B, 0x3F, 0xFF, 0xFF, 0x6E, 0xD7, 0xFF, 0xFF, 0x8F, 0xBC, 0xBF,
    0xFF, 0xCF, 0xEF, 0xD7, 0xFF, 0x4F, 0xFB, 0xFE, 0x40, 0x2F, 0xFE, 0xFF, 0xFF, 0xFF, 0xFF, 0x07,
    0xF8, 0x02, 0x80, 0x70, 0x70, 0x01, 0x89, 0x00, 0x0C, 0x90, 0x00, 0xC7, 0x00, 0x18, 0x28, 0x07,
    0x00, 0x7F, 0x80, 0x00, 0x00, 0x2F, 0xFE, 0x40, 0x00, 0x00, 0x01, 0xF9, 0x45, 0xBD, 0x00, 0x00,
    0x02, 0xE0, 0x00, 0x01, 0xF0, 0x00, 0x03, 0xC0, 0x00, 0x00, 0x0B, 0x00, 0x02, 0xC0, 0x00, 0x00,
    0x00, 0x70, 0x02, 0xC0, 0x00, 0x00, 0x00, 0x0B, 0x00, 0xD0, 0x00, 0x00, 0x00, 0x00, 0xD0, 0xA0,
    0x00, 0x00, 0x00, 0x00, 0x1C, 0x34, 0x00, 0x00, 0x00, 0x00, 0x03, 0x5C, 0x00, 0x00, 0x00, 0x00,
    0x00, 0xA6, 0x00, 0x00, 0x00, 0x00, 0x00, 0x1E, 0x80, 0x00, 0x00, 0x00, 0x00, 0x03, 0xA0, 0x00,
    0x00, 0x00, 0x00, 0x00, 0xE8, 0x00, 0x00, 0x00, 0x00, 0x00, 0x36, 0x00, 0x00, 0x00, 0x00, 0x00,
    0x1D, 0xC0, 0x00, 0x00, 0x00, 0x00, 0x0A, 0x30, 0x00, 0x00, 0x00, 0x00, 0x03, 0x4A, 0x00, 0x00,
    0x00, 0x00, 0x01, 0xC0, 0xC0, 0x00, 0x00, 0x00, 0x00, 0xD0, 0x2C, 0x00, 0x00, 0x00, 0x00, 0xB0,
    0x02, 0x80, 0x00, 0x00, 0x00, 0x70, 0x00, 0x3C, 0x00, 0x00, 0x00, 0x70, 0x00, 0x02, 0xD0, 0x00,
    0x00, 0xF0, 0x00, 0x00, 0x1F, 0x90, 0x17, 0xD0, 0x00, 0x00, 0x00, 0x2F, 0xFE, 0x40, 0x00, 0x00,
    0x00, 0x00, 0x00, 0x00, 0x00, 0x00, 0x00, 0x00, 0x0C, 0x00, 0x00, 0x00, 0x00, 0x00, 0xFC, 0x00,
    0x00, 0x00, 0x00, 0x07, 0xF4, 0x00, 0x00, 0x00, 0x00, 0x3F, 0xF0, 0x00, 0x00, 0x00, 0x01, 0xFF,
    0xD0, 0x00, 0x00, 0x00, 0x0F, 0xFF, 0xC0, 0x00, 0x1F, 0xFF, 0xFF, 0xFF, 0xFF, 0xF8, 0x7F, 0xFF,
    0xFF, 0xFF, 0xFF, 0xF0, 0xFF, 0xFF, 0xFF, 0xFF, 0xFF, 0x40, 0xFF, 0xFF, 0xFF, 0xFF, 0xF8, 0x01,
    0xFF, 0xFF, 0xFF, 0xFF, 0xC0, 0x02, 0xFF, 0xFF, 0xFF, 0xFD, 0x00, 0x03, 0xFF, 0xFF, 0xFF, 0xE0,
    0x00, 0x0B, 0xFF, 0xFF, 0xFF, 0x00, 0x00, 0x2F, 0xFF, 0xFF, 0xFD, 0x00, 0x00, 0xFF, 0xFF, 0xFF,
    0xF4, 0x00, 0x03, 0xFF, 0xFF, 0xFF, 0xE0, 0x00, 0x0F, 0xFF, 0xFF, 0xFF, 0xC0, 0x00, 0x7F, 0xFD,
    0x2F, 0xFF, 0x00, 0x02, 0xFF, 0x40, 0x07, 0xFC, 0x00, 0x0B, 0x90, 0x00, 0x01, 0xF4, 0x00, 0x00,
    0x00, 0x00, 0x00, 0x00, 0x00, 0x00, 0x00, 0x00, 0x00, 0x00, 0x00, 0x00, 0x00, 0x00, 0x00, 0x00,
    0x0B, 0x00, 0x00, 0x00, 0x00, 0x00, 0x00, 0x00, 0x3E, 0x00, 0x00, 0x00, 0x00, 0x00, 0x00, 0x03,
    0xFC, 0x00, 0x00, 0x00, 0x00, 0x00, 0x00, 0x1F, 0xFC, 0x00, 0x00, 0x00, 0x00, 0x00, 0x00, 0xF4,
    0xF4, 0x00, 0x00, 0x00, 0x00, 0x00, 0x07, 0x81, 0xF0, 0x00, 0x00, 0x00, 0x00, 0x00, 0x3C, 0x03,
    0xD0, 0x00, 0x00, 0x00, 0x00, 0x01, 0xE0, 0x07, 0xC0, 0x00, 0x00, 0x7F, 0xFF, 0xFF, 0x00, 0x0F,
    0xFF, 0xFF, 0xD2, 0xFF, 0xFF, 0xF8, 0x00, 0x0F, 0xFF, 0xFF, 0x43, 0xF0, 0x00, 0x00, 0x00, 0x00,
    0x00, 0xFC, 0x07, 0xD0, 0x00, 0x00, 0x00, 0x00, 0x0B, 0xC0, 0x0B, 0xC0, 0x00, 0x00, 0x00, 0x00,
    0x3D, 0x00, 0x0F, 0xC0, 0x00, 0x00, 0x00, 0x03, 0xE0, 0x00, 0x0F, 0x80, 0x00, 0x00, 0x00, 0x2F,
    0x00, 0x00, 0x1F, 0x40, 0x00, 0x00, 0x01, 0xF4, 0x00, 0x00, 0x2F, 0x00, 0x00, 0x00, 0x0F, 0x80,
    0x00, 0x00, 0x3C, 0x00, 0x00, 0x00, 0x3C, 0x00, 0x00, 0x01, 0xF0, 0x00, 0x00, 0x00, 0xF0, 0x00,
    0x00, 0x07, 0x80, 0x00, 0x00, 0x03, 0xD0, 0x00, 0x00, 0x2E, 0x00, 0x00, 0x00, 0x0B, 0x80, 0x00,
    0x00, 0xF4, 0x00, 0x10, 0x00, 0x1E, 0x00, 0x00, 0x03, 0xC0, 0x07, 0xF9, 0x00, 0x3C, 0x00, 0x00,
    0x0F, 0x01, 0xFF, 0xFF, 0x40, 0xF0, 0x00, 0x00, 0x7D, 0x7F, 0xD0, 0x7F, 0xD7, 0xD0, 0x00, 0x01,
    0xFF, 0xF4, 0x00, 0x1F, 0xFF, 0x40, 0x00, 0x0B, 0xFD, 0x00, 0x00, 0x07, 0xFE, 0x00, 0x00, 0x1E,
    0x00, 0x00, 0x00, 0x00, 0xB4, 0x00, 0x00, 0x00, 0x00, 0x00, 0x00, 0x00, 0x00, 0x00, 0x00, 0x00,
    0x2B, 0xF9, 0x00, 0x00, 0x00, 0x01, 0xF4, 0x00, 0xBC, 0x00, 0x00, 0x02, 0xD0, 0x00, 0x01, 0xE0,
    0x00, 0x03, 0x80, 0x00, 0x00, 0x0A, 0x00, 0x02, 0x80, 0x00, 0x00, 0x00, 0xA0, 0x02, 0x80, 0x00,
    0x00, 0x00, 0x0D, 0x00, 0xC0, 0x00, 0x00, 0x00, 0x00, 0xC0, 0x90, 0x1F, 0x00, 0x07, 0xC0, 0x24,
    0x30, 0x0B, 0xD0, 0x02, 0xF4, 0x03, 0x18, 0x00, 0xE0, 0x00, 0x38, 0x00, 0xC6, 0x00, 0x00, 0x00,
    0x00, 0x00, 0x26, 0x40, 0x00, 0x00, 0x00, 0x00, 0x09, 0x90, 0x00, 0x00, 0x00, 0x00, 0x01, 0xA4,
    0x00, 0x00, 0x00, 0x00, 0x00, 0x96, 0x06, 0x00, 0x00, 0x00, 0x20, 0x25, 0xC0, 0x60, 0x00, 0x00,
    0x24, 0x0C, 0x30, 0x06, 0x00, 0x00, 0x34, 0x03, 0x0A, 0x00, 0x38, 0x01, 0xA0, 0x02, 0x40, 0xC0,
    0x01, 0xBF, 0x90, 0x00, 0xC0, 0x1C, 0x00, 0x00, 0x00, 0x00, 0xD0, 0x02, 0x80, 0x00, 0x00, 0x00,
    0xA0, 0x00, 0x38, 0x00, 0x00, 0x00, 0xA0, 0x00, 0x02, 0xD0, 0x00, 0x01, 0xE0, 0x00, 0x00, 0x1F,
    0x40, 0x0B, 0xC0, 0x00, 0x00, 0x00, 0x2F, 0xFE, 0x00, 0x00, 0x00, 0x00, 0x00, 0x05, 0x40, 0x00,
    0x00, 0x00, 0x0B, 0xFF, 0xF8, 0x00, 0x00, 0x02, 0xFF, 0xFF, 0xFE, 0x00, 0x00, 0x3F, 0xFF, 0xFF,
    0xFF, 0x00, 0x03, 0xFF, 0xFF, 0xFF, 0xFF, 0x00, 0x3F, 0xFF, 0xFF, 0xFF, 0xFE, 0x01, 0xFF, 0x1F,
    0xFF, 0xC7, 0xFD, 0x0F, 0xF4, 0x2F, 0xFD, 0x0B, 0xFC, 0x3F, 0xE0, 0xFF, 0xF8, 0x3F, 0xF1, 0xFF,
    0xFF, 0xFF, 0xFF, 0xFF, 0xDB, 0xFF, 0xFF, 0xFF, 0xFF, 0xFF, 0x6F, 0xFF, 0xFF, 0xFF, 0xFF, 0xFE,
    0xBF, 0xBF, 0xFF, 0xFF, 0xFB, 0xF9, 0xFD, 0xFF, 0xFF, 0xFF, 0xDF, 0xD3, 0xF7, 0xFF, 0xFF, 0xFE,
    0x7F, 0x0F, 0xE3, 0xFF, 0xFF, 0xF2, 0xFC, 0x1F, 0xD2, 0xFF, 0xFD, 0x1F, 0xD0, 0x3F, 0xC0, 0x6E,
    0x41, 0xFF, 0x00, 0x3F, 0xE0, 0x00, 0x2F, 0xF0, 0x00, 0x7F, 0xF9, 0x1B, 0xFF, 0x40, 0x00, 0x7F,
    0xFF, 0xFF, 0xF4, 0x00, 0x00, 0x2F, 0xFF, 0xFE, 0x00, 0x00, 0x00, 0x0B, 0xFF, 0x80, 0x00, 0x00,
    0x00, 0x00, 0xC0, 0x00, 0x00, 0x00, 0x30, 0x00, 0x00, 0x60, 0x1C, 0x02, 0x00, 0x1E, 0x7F, 0xF6,
    0xC0, 0x01, 0xF8, 0x0B, 0xC0, 0x00, 0x74, 0x00, 0xB0, 0x00, 0x3C, 0x00, 0x0E, 0x00, 0x0D, 0x00,
    0x02, 0xC0, 0xBF, 0x40, 0x00, 0xBF, 0x80, 0xE0, 0x00, 0x2C, 0x00, 0x2C, 0x00, 0x0E, 0x00, 0x03,
    0x80, 0x0F, 0x00, 0x01, 0xFD, 0x6F, 0xD0, 0x01, 0xD2, 0xFE, 0x2C, 0x00, 0x10, 0x0C, 0x01, 0x00,
    0x00, 0x03, 0x00, 0x00, 0x00, 0x00, 0x80, 0x00, 0x00, 0x00, 0xBF, 0x80, 0x01, 0xFF, 0xFD, 0x01,
    0xF8, 0x0B, 0xD0, 0xF4, 0x00, 0x7C, 0x78, 0x00, 0x0B, 0x6D, 0x00, 0x01, 0xEB, 0x40, 0x00, 0x79,
    0xE0, 0x00, 0x1E, 0x3C, 0x00, 0x0F, 0x4B, 0xC0, 0x0F, 0x80, 0xBF, 0xBF, 0xC0, 0x07, 0xFF, 0x80,
    0x00, 0x2F, 0x00, 0x00, 0x0B, 0xC0, 0x00, 0x02, 0xF0, 0x00, 0x00, 0xBC, 0x00, 0xBF, 0xFF, 0xFF,
    0xEF, 0xFF, 0xFF, 0xF0, 0x02, 0xF0, 0x00, 0x00, 0xBC, 0x00, 0x00, 0x2F, 0x00, 0x00, 0x0B, 0xC0,
    0x00, 0x02, 0xF0, 0x00, 0x00, 0xBC, 0x00, 0x00, 0x00, 0x00, 0x00, 0x00, 0x00, 0x00, 0x00, 0x00,
    0x00, 0x00, 0x00, 0x1F, 0xFF, 0xC0, 0x00, 0x00, 0x07, 0xFF, 0xF0, 0x00, 0x00, 0x00, 0x03, 0xFC,
    0x00, 0x00, 0x00, 0x07, 0xFF, 0x00, 0x00, 0x00, 0x07, 0xF3, 0xC0, 0x00, 0x00, 0x07, 0xF0, 0xF0,
    0x00, 0x7F, 0x87, 0xF0, 0x3C, 0x01, 0xFF, 0xFF, 0xF0, 0x00, 0x01, 0xF9, 0x0B, 0xF0, 0x00, 0x00,
    0xF8, 0x00, 0x7C, 0x00, 0x00, 0x7C, 0x00, 0x0B, 0x40, 0x00, 0x1E, 0x00, 0x01, 0xE0, 0x00, 0x0B,
    0x40, 0x00, 0x38, 0x00, 0x01, 0xE0, 0x00, 0x1E, 0x00, 0x00, 0x7C, 0x00, 0x0B, 0x40, 0x00, 0x0F,
    0x80, 0x07, 0xC0, 0x00, 0x00, 0xF8, 0x0B, 0xD0, 0x00, 0x00, 0x1F, 0xFF, 0xD0, 0x00, 0x00, 0x00,
    0xBF, 0x80, 0x00, 0x00, 0x00, 0x00, 0x00, 0x00, 0x00, 0x00, 0x00, 0x07, 0xD0, 0x00, 0x00, 0x2F,
    0xF4, 0x00, 0x00, 0xBF, 0xFD, 0x00, 0x02, 0xFF, 0xFF, 0x40, 0x03, 0xFF, 0xFF, 0xC0, 0x0B, 0xFF,
    0xFF, 0xD0, 0x1F, 0xFF, 0xFF, 0xF0, 0x3F, 0xFF, 0xFF, 0xF8, 0x3F, 0xFF, 0xFF, 0xFC, 0x7F, 0xFF,
    0xFF, 0xFC, 0xBF, 0xFF, 0xFF, 0xFC, 0xBF, 0xFF, 0xFF, 0xFC, 0x7F, 0xFF, 0xFF, 0xFC, 0x3F, 0xFF,
    0xFF, 0xF4, 0x0B, 0xF7, 0xAF, 0xD0, 0x00, 0x03, 0xC0, 0x00, 0x00, 0x0B, 0xD0, 0x00, 0x00, 0x0F,
    0xF0, 0x00, 0x00, 0x3F, 0xF8, 0x00, 0x00, 0xFF, 0xFE, 0x00, 0x02, 0xFF, 0xFF, 0x40, 0x00, 0x6A,
    0x00, 0x6A, 0x40, 0x01, 0xFF, 0xF4, 0xBF, 0xFC, 0x01, 0xF4, 0x1F, 0xF8, 0x0B, 0xC0, 0xF0, 0x00,
    0xF8, 0x00, 0x78, 0x74, 0x00, 0x00, 0x00, 0x0F, 0x2C, 0x00, 0x00, 0x00, 0x02, 0xCB, 0x00, 0x00,
    0x00, 0x00, 0xB1, 0xD0, 0x00, 0x00, 0x00, 0x3C, 0x78, 0x00, 0x00, 0x00, 0x0F, 0x0F, 0x00, 0x00,
    0x00, 0x07, 0x42, 0xD0, 0x00, 0x00, 0x03, 0xC0, 0x38, 0x00, 0x00, 0x00, 0xE0, 0x0B, 0x40, 0x00,
    0x00, 0xB0, 0x00, 0xF0, 0x00, 0x00, 0x78, 0x00, 0x1E, 0x00, 0x00, 0x3C, 0x00, 0x03, 0xD0, 0x00,
    0x2D, 0x00, 0x00, 0x3D, 0x00, 0x2E, 0x00, 0x00, 0x03, 0xD0, 0x3E, 0x00, 0x00, 0x00, 0x3F, 0xFE,
    0x00, 0x00, 0x00, 0x01, 0xF8, 0x00, 0x00, 0x00, 0x02, 0x00, 0x00, 0x00, 0x03, 0x80, 0x00, 0x00,
    0x0F, 0xC0, 0x00, 0x00, 0x1E, 0xE0, 0x00, 0x00, 0x3C, 0xB4, 0x00, 0x00, 0x74, 0x3C, 0x00, 0x00,
    0xF0, 0x1D, 0x00, 0x02, 0xD0, 0x0F, 0x00, 0x03, 0xC0, 0x03, 0x80, 0x0B, 0x40, 0x02, 0xC0, 0x1E,
    0x00, 0x00, 0xF0, 0x3C, 0x00, 0x00, 0x74, 0x78, 0x00, 0x00, 0x3C, 0x7C, 0x00, 0x00, 0x3C, 0x2E,
    0x00, 0x00, 0xF0, 0x0F, 0x40, 0x02, 0xD0, 0x03, 0xC0, 0x07, 0x80, 0x01, 0xE0, 0x0F, 0x00, 0x00,
    0xF4, 0x3C, 0x00, 0x00, 0x3C, 0xB4, 0x00, 0x00, 0x1F, 0xE0, 0x00, 0x00, 0x0B, 0xC0, 0x00, 0x00,
    0x03, 0x00, 0x00, 0x00, 0x00, 0x00, 0x00, 0x00, 0x0B, 0xD0, 0x00, 0x00, 0x7F, 0xF8, 0x00, 0x00,
    0xFF, 0xFD, 0x00, 0x00, 0xFF, 0xFE, 0x00, 0x00, 0xFF, 0xFD, 0x00, 0x00, 0xFF, 0xFC, 0x00, 0x06,
    0xFF, 0xFF, 0x80, 0x2F, 0xFF, 0xFF, 0xF0, 0x7F, 0xFF, 0xFF, 0xF8, 0xBF, 0xFF, 0xFF, 0xFC, 0xBF,
    0xFF, 0xFF, 0xFC, 0x7F, 0xFF, 0xFF, 0xF8, 0x2F, 0xFF, 0xFF, 0xF0, 0x06, 0xE3, 0x9F, 0x80, 0x00,
    0x07, 0xC0, 0x00, 0x00, 0x0F, 0xE0, 0x00, 0x00, 0x2F, 0xF4, 0x00, 0x00, 0x7F, 0xFC, 0x00, 0x01,
    0xFF, 0xFF, 0x00, 0x01, 0x55, 0x55, 0x00, 0x00, 0x02, 0xD0, 0x00, 0x00, 0x07, 0x0A, 0x00, 0x00,
    0x06, 0x00, 0x70, 0x00, 0x06, 0x00, 0x06, 0x00, 0x03, 0x00, 0x00, 0x50, 0x02, 0x40, 0x00, 0x0C,
    0x00, 0xC0, 0x00, 0x01, 0x80, 0x90, 0x00, 0x00, 0x20, 0x30, 0x00, 0x00, 0x06, 0x18, 0x00, 0x00,
    0x00, 0xC9, 0x00, 0x00, 0x00, 0x32, 0x00, 0x00, 0x00, 0x0C, 0x90, 0x00, 0x00, 0x03, 0x0C, 0x00,
    0x00, 0x01, 0x82, 0x80, 0x01, 0x01, 0xC0, 0x1F, 0xE8, 0xEF, 0x80, 0x00, 0x09, 0x30, 0x00, 0x00,
    0x03, 0x0A, 0x00, 0x00, 0x02, 0x40, 0xD0, 0x00, 0x02, 0x80, 0x0C, 0x00, 0x01, 0x80, 0x01, 0xC0,
    0x00, 0xBF, 0xFF, 0xF0, 0x00, 0x00, 0x00, 0x00, 0x00, 0x0B, 0xF4, 0x2F, 0xD0, 0x3F, 0xFD, 0xBF,
    0xF4, 0x7F, 0xFF, 0xFF, 0xFC, 0xBF, 0xFF, 0xFF, 0xFC, 0xBF, 0xFF, 0xFF, 0xFC, 0x7F, 0xFF, 0xFF,
    0xFC, 0x3F, 0xFF, 0xFF, 0xFC, 0x3F, 0xFF, 0xFF, 0xF4, 0x1F, 0xFF, 0xFF, 0xF0, 0x0F, 0xFF, 0xFF,
    0xD0, 0x03, 0xFF, 0xFF, 0xC0, 0x02, 0xFF, 0xFF, 0x40, 0x00, 0xFF, 0xFD, 0x00, 0x00, 0x3F, 0xF4,
    0x00, 0x00, 0x0B, 0xD0, 0x00, 0x00, 0x02, 0x00, 0x00, 0x00, 0x03, 0x80, 0x00, 0x00, 0x0F, 0xC0,
    0x00, 0x00, 0x1F, 0xE0, 0x00, 0x00, 0x3F, 0xF4, 0x00, 0x00, 0x7F, 0xFC, 0x00, 0x00, 0xFF, 0xFD,
    0x00, 0x02, 0xFF, 0xFF, 0x00, 0x03, 0xFF, 0xFF, 0x80, 0x0B, 0xFF, 0xFF, 0xC0, 0x1F, 0xFF, 0xFF,
    0xF0, 0x3F, 0xFF, 0xFF, 0xF4, 0x7F, 0xFF, 0xFF, 0xFC, 0x7F, 0xFF, 0xFF, 0xFC, 0x2F, 0xFF, 0xFF,
    0xF0, 0x0F, 0xFF, 0xFF, 0xD0, 0x03, 0xFF, 0xFF, 0x80, 0x01, 0xFF, 0xFF, 0x00, 0x00, 0xFF, 0xFC,
    0x00, 0x00, 0x3F, 0xF4, 0x00, 0x00, 0x1F, 0xE0, 0x00, 0x00, 0x0B, 0xC0, 0x00, 0x00, 0x03, 0x00,
    0x00, 0x00, 0x00, 0x00, 0x00, 0x00, 0x01, 0x40, 0x00, 0x00, 0x1F, 0xF8, 0x00, 0x00, 0x78, 0x1E,
    0x00, 0x00, 0xE0, 0x07, 0x00, 0x00, 0xC0, 0x03, 0x40, 0x00, 0xC0, 0x02, 0x40, 0x00, 0xC0, 0x03,
    0x00, 0x07, 0xD0, 0x03, 0xE0, 0x2D, 0x00, 0x00, 0x7C, 0x34, 0x00, 0x00, 0x0E, 0xB0, 0x00, 0x00,
    0x0B, 0xA0, 0x00, 0x00, 0x0B, 0x70, 0x00, 0x00, 0x0A, 0x34, 0x00, 0x00, 0x0D, 0x1D, 0x0A, 0x30,
    0x78, 0x02, 0xED, 0x3B, 0x90, 0x00, 0x0C, 0x24, 0x00, 0x00, 0x28, 0x0C, 0x00, 0x00, 0x70, 0x07,
    0x00, 0x01, 0xC0, 0x02, 0xC0, 0x02, 0xFF, 0xFF, 0xC0, 0x00, 0x00, 0x50, 0x00, 0x02, 0xE0, 0x00,
    0x0B, 0x80, 0x00, 0x2E, 0x00, 0x00, 0xB8, 0x00, 0x02, 0xE0, 0x00, 0x0B, 0x80, 0x00, 0x2E, 0x00,
    0x00, 0xB8, 0x00, 0x02, 0xE0, 0x00, 0x0B, 0x80, 0x00, 0x2E, 0x00, 0x00, 0xB8, 0x00, 0x02, 0xE0,
    0x00, 0x0B, 0x80, 0x00, 0x2E, 0x00, 0x00, 0xB8, 0x07, 0xFF, 0xE0, 0xFF, 0xFF, 0x8F, 0xFF, 0xFE,
    0xBF, 0xFF, 0xFA, 0xFF, 0xFF, 0xC3, 0xFF, 0xFC, 0x02, 0xFF, 0x40, 0x00, 0x00, 0x00, 0x00, 0x00,
    0x00, 0x00, 0x00, 0x00, 0x00, 0x00, 0x00, 0x00, 0x00, 0x00, 0x00, 0x00, 0x00, 0x00, 0x00, 0x00,
    0x08, 0x00, 0x00, 0x00, 0x00, 0x01, 0xF4, 0x00, 0x00, 0x50, 0x00, 0x0F, 0xE0, 0x00, 0x2C, 0x00,
    0x00, 0xFF, 0xE5, 0x6F, 0x00, 0x00, 0x0B, 0xFF, 0xFF, 0xC0, 0x00, 0x00, 0xBE, 0xFF, 0xE0, 0x00,
    0x00, 0x0B, 0x80, 0x00, 0x00, 0x00, 0x00, 0xB8, 0x00, 0x00, 0x00, 0x00, 0x0B, 0x80, 0x00, 0x00,
    0x00, 0x00, 0xB8, 0x00, 0x00, 0x00, 0x00, 0x0B, 0x80, 0x00, 0x00, 0x00, 0x00, 0xB8, 0x00, 0x00,
    0x00, 0x00, 0x0B, 0x80, 0x00, 0x00, 0x00, 0x00, 0xB8, 0x00, 0x00, 0x00, 0x00, 0x0B, 0x80, 0x00,
    0x00, 0x00, 0x00, 0xB8, 0x00, 0x00, 0x00, 0x00, 0x0B, 0x80, 0x00, 0x00, 0x00, 0x00, 0xB8, 0x00,
    0x00, 0x00, 0x1F, 0xFF, 0x80, 0x00, 0x00, 0x0F, 0xFF, 0xF8, 0x00, 0x00, 0x03, 0xFF, 0xFF, 0x80,
    0x00, 0x00, 0xBF, 0xFF, 0xF8, 0x00, 0x00, 0x0B, 0xFF, 0xFF, 0x00, 0x00, 0x00, 0x3F, 0xFF, 0xC0,
    0x00, 0x00, 0x00, 0xBF, 0xD0, 0x00, 0x00, 0x00, 0x00, 0x00, 0x00, 0x00, 0x00, 0x00, 0x00, 0x00,
    0x00, 0x00, 0x00, 0x00, 0x00, 0x00, 0x00, 0x00, 0x00, 0x00, 0x00, 0x01, 0xBE, 0x00, 0x00, 0x00,
    0x00, 0x01, 0x6F, 0xFF, 0xE0, 0x00, 0x00, 0x00, 0x6F, 0xFF, 0xFF, 0xFE, 0x00, 0x00, 0x2B, 0xFF,
    0xFF, 0xFF, 0xFF, 0xE0, 0x00, 0x0B, 0xFF, 0xFF, 0xFF, 0xFF, 0xFE, 0x00, 0x00, 0xBF, 0xFF, 0xFF,
    0xFF, 0x97, 0xE0, 0x00, 0x0B, 0xFF, 0xFF, 0x94, 0x00, 0x3E, 0x00, 0x00, 0xBF, 0xA4, 0x00, 0x00,
    0x03, 0xE0, 0x00, 0x0B, 0x80, 0x00, 0x00, 0x00, 0x3E, 0x00, 0x00, 0xB8, 0x00, 0x00, 0x00, 0x03,
    0xE0, 0x00, 0x0B, 0x80, 0x00, 0x00, 0x00, 0x3E, 0x00, 0x00, 0xB8, 0x00, 0x00, 0x00, 0x03, 0xE0,
    0x00, 0x0B, 0x80, 0x00, 0x00, 0x00, 0x3E, 0x00, 0x00, 0xB8, 0x00, 0x00, 0x00, 0x03, 0xE0, 0x00,
    0x0B, 0x80, 0x00, 0x00, 0x00, 0x3E, 0x00, 0x00, 0xB8, 0x00, 0x00, 0x00, 0x03, 0xE0, 0x00, 0x0B,
    0x80, 0x00, 0x00, 0x00, 0x3E, 0x00, 0x00, 0xB8, 0x00, 0x00, 0x0B, 0xFF, 0xE0, 0x00, 0x0B, 0x80,
    0x00, 0x07, 0xFF, 0xFE, 0x00, 0x00, 0xB8, 0x00, 0x01, 0xFF, 0xFF, 0xE0, 0x00, 0x0B, 0x80, 0x00,
    0x2F, 0xFF, 0xFD, 0x00, 0x00, 0xB8, 0x00, 0x03, 0xFF, 0xFF, 0xC0, 0x00, 0x0B, 0x80, 0x00, 0x1F,
    0xFF, 0xF0, 0x01, 0xFF, 0xF8, 0x00, 0x00, 0x2F, 0xE4, 0x00, 0xFF, 0xFF, 0x80, 0x00, 0x00, 0x00,
    0x00, 0x3F, 0xFF, 0xF8, 0x00, 0x00, 0x00, 0x00, 0x0B, 0xFF, 0xFF, 0x80, 0x00, 0x00, 0x00, 0x00,
    0xBF, 0xFF, 0xF0, 0x00, 0x00, 0x00, 0x00, 0x03, 0xFF, 0xFC, 0x00, 0x00, 0x00, 0x00, 0x00, 0x0B,
    0xFD, 0x00, 0x00, 0x00, 0x00, 0x00, 0x00, 0x00, 0x00, 0x00, 0x00, 0x00, 0x00, 0x00, 0x00, 0x00,
    0x00, 0x00, 0x00, 0x00, 0x00, 0x00, 0x00, 0x00, 0x00, 0x00, 0x00, 0x01, 0xBD, 0x00, 0x00, 0x00,
    0x00, 0x01, 0xAF, 0xFF, 0xE0, 0x00, 0x00, 0x00, 0x6F, 0xFF, 0xFF, 0xFE, 0x00, 0x00, 0x2B, 0xFF,
    0xFF, 0xFF, 0xFF, 0xE0, 0x00, 0x07, 0xFF, 0xFF, 0xFF, 0xFA, 0x7E, 0x00, 0x00, 0x7F, 0xFF, 0xFE,
    0x50, 0x03, 0xE0, 0x00, 0x0B, 0xFE, 0x90, 0x00, 0x00, 0x3E, 0x00, 0x00, 0xBC, 0x00, 0x00, 0x00,
    0x03, 0xE0, 0x00, 0x0B, 0x80, 0x00, 0x00, 0x5B, 0xFE, 0x00, 0x00, 0xB8, 0x00, 0x1A, 0xFF, 0xFF,
    0xE0, 0x00, 0x0B, 0xD6, 0xFF, 0xFF, 0xFF, 0xFE, 0x00, 0x00, 0xBF, 0xFF, 0xFF, 0xFE, 0x93, 0xE0,
    0x00, 0x0B, 0xFF, 0xFF, 0x90, 0x00, 0x3E, 0x00, 0x00, 0xBF, 0x94, 0x00, 0x00, 0x03, 0xE0, 0x00,
    0x0B, 0x80, 0x00, 0x00, 0x00, 0x3E, 0x00, 0x00, 0xB8, 0x00, 0x00, 0x00, 0x03, 0xE0, 0x00, 0x0B,
    0x80, 0x00, 0x00, 0x00, 0x3E, 0x00, 0x00, 0xB8, 0x00, 0x00, 0x0B, 0xFF, 0xE0, 0x00, 0x0B, 0x80,
    0x00, 0x07, 0xFF, 0xFE, 0x00, 0x00, 0xB8, 0x00, 0x01, 0xFF, 0xFF, 0xE0, 0x00, 0x0B, 0x80, 0x00,
    0x2F, 0xFF, 0xFD, 0x00, 0x00, 0xB8, 0x00, 0x03, 0xFF, 0xFF, 0xC0, 0x00, 0x0B, 0x80, 0x00, 0x1F,
    0xFF, 0xF0, 0x01, 0xFF, 0xF8, 0x00, 0x00, 0x2F, 0xE4, 0x00, 0xFF, 0xFF, 0x80, 0x00, 0x00, 0x00,
    0x00, 0x3F, 0xFF, 0xF8, 0x00, 0x00, 0x00, 0x00, 0x0B, 0xFF, 0xFF, 0x80, 0x00, 0x00, 0x00, 0x00,
    0xBF, 0xFF, 0xF0, 0x00, 0x00, 0x00, 0x00, 0x03, 0xFF, 0xFC, 0x00, 0x00, 0x00, 0x00, 0x00, 0x0B,
    0xFD, 0x00, 0x00, 0x00, 0x00, 0x00, 0x00, 0x00, 0x00, 0x00, 0x00, 0x00, 0x00, 0x00, 0x00, 0x00,
    0x05, 0x00, 0x07, 0x40, 0x02, 0xD0, 0x00, 0xB4, 0x00, 0x2D, 0x00, 0x0B, 0x40, 0x02, 0xD0, 0x00,
    0xB6, 0xF4, 0x2F, 0x47, 0x0B, 0x80, 0x62, 0xD0, 0x18, 0xB4, 0x0A, 0x2D, 0x03, 0x4B, 0x43, 0xC2,
    0xD3, 0xE0, 0xBB, 0xF0, 0x2F, 0xF4, 0x0B, 0xF8, 0x02, 0xF4, 0x00, 0x00, 0x00, 0x00, 0x00, 0x02,
    0x00, 0x00, 0x00, 0x03, 0x80, 0x00, 0x00, 0x0F, 0xC0, 0x00, 0x00, 0x1E, 0xE0, 0x00, 0x00, 0x3C,
    0xB4, 0x00, 0x00, 0x74, 0x3C, 0x00, 0x00, 0xF0, 0x1D, 0x00, 0x02, 0xD0, 0x0F, 0x00, 0x03, 0xC0,
    0x03, 0x80, 0x0B, 0x40, 0x02, 0xC0, 0x1E, 0x00, 0x00, 0xF0, 0x3C, 0x00, 0x00, 0x74, 0x78, 0x00,
    0x00, 0x3C, 0x7C, 0x00, 0x00, 0x3C, 0x2E, 0x00, 0x00, 0xF0, 0x0F, 0x40, 0x02, 0xD0, 0x03, 0xC0,
    0x07, 0x80, 0x01, 0xE0, 0x0F, 0x00, 0x00, 0xF4, 0x3C, 0x00, 0x00, 0x3C, 0xB4, 0x00, 0x00, 0x1F,
    0xE0, 0x00, 0x00, 0x0B, 0xC0, 0x00, 0x00, 0x03, 0x00, 0x00, 0x00, 0x00, 0x00, 0x00, 0x00, 0x00,
    0x00, 0x00, 0x00, 0x00, 0x00, 0x00, 0x00, 0x00, 0x00, 0x00, 0x00, 0x00, 0x00, 0x00, 0x00, 0x00,
    0x00, 0x00, 0x00, 0x00, 0x00, 0x00, 0x00, 0x00, 0x00, 0x00, 0x00, 0x00, 0x00, 0x00, 0x00, 0x00,
    0xF4, 0x00, 0x00, 0x00, 0x00, 0x3F, 0xC0, 0x00, 0x00, 0x00, 0x0F, 0xFC, 0x00, 0x00, 0x00, 0x07,
    0xFF, 0x02, 0xD0, 0x00, 0x01, 0xFF, 0xC0, 0xBF, 0x00, 0x00, 0x7F, 0xF0, 0x07, 0xFC, 0x00, 0x1F,
    0xFC, 0x00, 0x3F, 0xE0, 0x0B, 0xFF, 0x00, 0x00, 0xFF, 0x42, 0xFF, 0x80, 0x00, 0x07, 0xFC, 0xBF,
    0xE0, 0x00, 0x00, 0x3F, 0xFF, 0xF8, 0x00, 0x00, 0x00, 0xFF, 0xFD, 0x00, 0x00, 0x00, 0x07, 0xFF,
    0x40, 0x00, 0x00, 0x00, 0x2F, 0xD0, 0x00, 0x00, 0x00, 0x00, 0xA4, 0x00, 0x00, 0x00, 0x00, 0x00,
    0x00, 0x00, 0x00, 0x00, 0x03, 0xFF, 0xFF, 0xC0, 0x01, 0xFF, 0xFF, 0x00, 0x40, 0x7F, 0xFC, 0x00,
    0xA0, 0x1F, 0xF0, 0x0D, 0xB8, 0x0B, 0xD0, 0x3D, 0xBE, 0x03, 0xC0, 0xFD, 0xBF, 0xC2, 0x47, 0xFD,
    0xBF, 0xFF, 0xFF, 0xFD, 0xBF, 0xE6, 0x5F, 0xFD, 0xBF, 0x43, 0x82, 0xFD, 0xBC, 0x07, 0xC0, 0x7D,
    0xB0, 0x0F, 0xF0, 0x1D, 0x80, 0x3F, 0xF8, 0x05, 0x00, 0xFF, 0xFE, 0x00, 0x03, 0xFF, 0xFF, 0x80,
    0x01, 0x55, 0x55, 0x40, 0x00, 0x00, 0x06, 0xA9, 0x00, 0x00, 0x00, 0x00, 0x1F, 0xFF, 0xFE, 0x00,
    0x00, 0x00, 0x1F, 0xFF, 0x2F, 0xFE, 0x00, 0x00, 0x07, 0xFF, 0xE0, 0xFF, 0xFC, 0x00, 0x02, 0xFF,
    0xFC, 0x07, 0xFF, 0xF0, 0x00, 0x7F, 0xFF, 0x80, 0x3F, 0xFF, 0xC0, 0x0F, 0xFF, 0xF0, 0x01, 0xFF,
    0xFE, 0x02, 0xEA, 0xA9, 0x00, 0x0A, 0xAA, 0xF0, 0x3C, 0x00, 0x00, 0x00, 0x00, 0x07, 0x43, 0xD0,
    0x00, 0x00, 0x00, 0x00, 0xFC, 0x7F, 0x00, 0x00, 0x00, 0x00, 0x2F, 0xCB, 0xFC, 0x00, 0x00, 0x00,
    0x07, 0xFC, 0xBF, 0xD0, 0x00, 0x00, 0x00, 0xFF, 0xCB, 0xFF, 0x00, 0x00, 0x00, 0x3F, 0xFC, 0x7F,
    0xF4, 0x00, 0x00, 0x03, 0xFF, 0xC7, 0xFF, 0x00, 0x00, 0x00, 0x3F, 0xFC, 0x3F, 0xF0, 0x00, 0x00,
    0x02, 0xFF, 0x82, 0xFF, 0x00, 0x00, 0x00, 0x2F, 0xF0, 0x0F, 0xE0, 0x01, 0xD0, 0x01, 0xFE, 0x00,
    0xBE, 0x01, 0xFF, 0xE0, 0x0F, 0xC0, 0x03, 0xE1, 0xFF, 0xFF, 0xE0, 0xF4, 0x00, 0x0F, 0xFF, 0xFF,
    0xFF, 0xFD, 0x00, 0x00, 0x2F, 0xFF, 0xFF, 0xFF, 0x40, 0x00, 0x00, 0x7F, 0xFF, 0xFF, 0x80, 0x00,
    0x00, 0x00, 0x2F, 0xFE, 0x40, 0x00, 0x00, 0x00, 0x00, 0x00, 0x00, 0x00, 0x00, 0x00, 0x00, 0x60,
    0x00, 0x00, 0x00, 0x07, 0xF0, 0x00, 0x00, 0x00, 0x2F, 0xC0, 0x00, 0x00, 0x00, 0xBF, 0x00, 0x00,
    0x3E, 0x02, 0xFC, 0x0B, 0xE2, 0xFE, 0x07, 0xE0, 0xBF, 0xC7, 0xFF, 0x0F, 0x4B, 0xFD, 0x07, 0xFF,
    0x3C, 0xBF, 0xD0, 0x01, 0xBE, 0x67, 0xE4, 0x00, 0x00, 0x1A, 0xA4, 0x00, 0x00, 0x00, 0x1A, 0x90,
    0x00, 0x00, 0x1F, 0xDA, 0xF9, 0x00, 0x07, 0xFD, 0xB2, 0xFF, 0x40, 0xBF, 0xD3, 0xD2, 0xFF, 0x47,
    0xFE, 0x0F, 0x82, 0xFF, 0x1F, 0xE0, 0x7F, 0x02, 0xFC, 0x2D, 0x02, 0xFC, 0x00, 0x40, 0x00, 0x0B,
    0xF0, 0x00, 0x00, 0x00, 0x2F, 0xC0, 0x00, 0x00, 0x00, 0x7F, 0x00, 0x00, 0x00, 0x00, 0x64, 0x00,
    0x00, 0xBF, 0xFF, 0xFF, 0xFF, 0xFE, 0x00, 0x02, 0xFF, 0xFF, 0xFF, 0xFF, 0xFC, 0x00, 0x0B, 0x40,
    0x00, 0x00, 0x00, 0xF0, 0x00, 0x2D, 0x00, 0x00, 0x00, 0x03, 0xC0, 0x00, 0xB4, 0x00, 0x00, 0x00,
    0x0F, 0x00, 0x02, 0xD0, 0x00, 0x00, 0x00, 0x3C, 0x00, 0x0B, 0x40, 0x00, 0x00, 0x00, 0xF0, 0x00,
    0x2D, 0x00, 0x00, 0x00, 0x03, 0xFF, 0xFE, 0xB4, 0x00, 0x00, 0x00, 0x0F, 0xFF, 0xFA, 0xD0, 0x00,
    0x00, 0x00, 0x3F, 0xFF, 0xEB, 0x40, 0x00, 0x00, 0x00, 0xFF, 0xFF, 0xAD, 0x00, 0x00, 0x00, 0x03,
    0xFF, 0xFE, 0xB4, 0x00, 0x00, 0x00, 0x0F, 0xFF, 0xFA, 0xD0, 0x00, 0x00, 0x00, 0x3F, 0xFF, 0xEB,
    0x40, 0x00, 0x00, 0x00, 0xFF, 0xFF, 0xAD, 0x00, 0x00, 0x00, 0x03, 0xFF, 0xFE, 0xB4, 0x00, 0x00,
    0x00, 0x0F, 0xFF, 0xFA, 0xFF, 0xFF, 0xFF, 0xFF, 0xFF, 0xFF, 0xEB, 0xFF, 0xFF, 0xFF, 0xFF, 0xFF,
    0xFF, 0x80, 0x00, 0xFF, 0xFF, 0xFF, 0xFF, 0xFE, 0x00, 0x03, 0xFF, 0xFF, 0xFF, 0xFF, 0xF8, 0x00,
    0x0F, 0xFF, 0xFF, 0xFF, 0xFF, 0xE0, 0x00, 0x3F, 0xFF, 0xFF, 0xFF, 0xFF, 0x80, 0x00, 0xFF, 0xFF,
    0xFF, 0xFF, 0xFE, 0x00, 0x03, 0xFF, 0xFF, 0xFF, 0xFF, 0xF8, 0x00, 0x0A, 0xAA, 0xAA, 0xAA, 0xAA,
    0x90, 0x00, 0x02, 0xFF, 0xEB, 0xFF, 0xAF, 0xFE, 0xBF, 0xFA, 0xFF, 0xEB, 0xFF, 0xAF, 0xFE, 0xBF,
    0xFA, 0xFF, 0xEB, 0xFF, 0xAF, 0xFE, 0xBF, 0xFA, 0xFF, 0xEB, 0xFF, 0xAF, 0xFE, 0xBF, 0xFA, 0xFF,
    0xEB, 0xFF, 0xAF, 0xFE, 0xBF, 0xF8, 0x00, 0x00, 0x24, 0x00, 0x00, 0x00, 0x0B, 0xD0, 0x00, 0x00,
    0x00, 0xBF, 0x00, 0x00, 0x00, 0x03, 0xFC, 0x00, 0x00, 0x00, 0x0F, 0xF0, 0x00, 0x00, 0x00, 0x3F,
    0x80, 0x55, 0x55, 0x56, 0xFE, 0x0B, 0xFF, 0xFF, 0xFF, 0xF4, 0xBF, 0xFF, 0xFF, 0xFF, 0xDB, 0xFF,
    0xFF, 0xFF, 0xFC, 0xBF, 0xFF, 0xFF, 0xFF, 0x00, 0x00, 0x00, 0x3F, 0xD0, 0x00, 0x00, 0x0F, 0xF4,
    0x00, 0x00, 0x03, 0xFD, 0x00, 0x00, 0x00, 0xFF, 0x40, 0x00, 0x00, 0x07, 0xD0, 0x00, 0x00, 0x00,
    0x14, 0x00, 0x00, 0x50, 0x00, 0x00, 0x00, 0x00, 0x3D, 0x00, 0x00, 0x00, 0x00, 0x0F, 0xE0, 0x00,
    0x00, 0x00, 0x0B, 0xFE, 0x00, 0x00, 0x00, 0x03, 0xFF, 0xE0, 0x00, 0x00, 0x02, 0xFF, 0xFE, 0x00,
    0x00, 0x00, 0xFF, 0xFF, 0xE4, 0x00, 0x00, 0x7F, 0xFF, 0xFF, 0x40, 0x00, 0x3F, 0xFF, 0xFF, 0xF4,
    0x00, 0x3F, 0xFF, 0xFF, 0xF4, 0x00, 0x7F, 0xFF, 0xFE, 0x40, 0x00, 0xFF, 0xFF, 0xE0, 0x00, 0x02,
    0xFF, 0xFE, 0x00, 0x00, 0x03, 0xFF, 0xE0, 0x00, 0x00, 0x0F, 0xFD, 0x00, 0x00, 0x00, 0x1F, 0xD0,
    0x00, 0x00, 0x00, 0x3D, 0x00, 0x00, 0x00, 0x00, 0x50, 0x00, 0x00, 0x00, 0x00, 0x00, 0x00, 0x00,
    0x00, 0x00, 0x00, 0x00, 0x00, 0x1B, 0xFF, 0xF9, 0x00, 0x00, 0x00, 0x1F, 0xFF, 0xFF, 0xBE, 0x00,
    0x00, 0x0F, 0xFF, 0xFF, 0xF1, 0xFD, 0x00, 0x07, 0xFF, 0xFF, 0xFF, 0x07, 0xF4, 0x01, 0xFF, 0xFF,
    0xFF, 0xF0, 0x1F, 0xD0, 0x3F, 0xFF, 0xFF, 0xFF, 0x00, 0x7F, 0x0B, 0xFF, 0xFF, 0xFF, 0xF0, 0x00,
    0xF8, 0x6A, 0x55, 0x55, 0x00, 0x00, 0x03, 0xC0, 0x00, 0x00, 0x00, 0x00, 0x00, 0x0C, 0x00, 0x00,
    0x00, 0x00, 0x00, 0x00, 0x00, 0x00, 0x00, 0x00, 0x00, 0x00, 0x05, 0x00, 0x00, 0x00, 0x00, 0x00,
    0x01, 0xC6, 0xAA, 0xAA, 0x55, 0x40, 0x00, 0x7C, 0xBF, 0xFF, 0xFF, 0xFF, 0x00, 0x2F, 0x43, 0xFF,
    0xFF, 0xFF, 0xF0, 0x0B, 0xF0, 0x0F, 0xFF, 0xFF, 0xFF, 0x02, 0xFC, 0x00, 0x3F, 0xFF, 0xFF, 0xF0,
    0xBF, 0x00, 0x00, 0xBF, 0xFF, 0xFF, 0x3F, 0x80, 0x00, 0x01, 0xBF, 0xFF, 0xFF, 0xD0, 0x00, 0x00,
    0x00, 0x6F, 0xFE, 0x40, 0x00, 0x00, 0x00, 0x00, 0x2F, 0xE0, 0xFF, 0x47, 0xFC, 0x2F, 0xE0, 0xFF,
    0x83, 0xFD, 0x1F, 0xF4, 0xBF, 0xD0,
};

static const EpdGlyph opendyslexic_14_regularGlyphs[] = {
    { 0, 0, 25, 0, 0, 0, 0 }, //  
    { 7, 29, 10, 1, 29, 51, 0 }, // !
    { 14, 9, 16, 1, 25, 32, 51 }, // "
    { 29, 25, 33, 2, 23, 182, 83 }, // #
    { 25, 31, 35, 5, 27, 194, 265 }, // $
    { 19, 25, 29, 6, 23, 119, 459 }, // %
    { 22, 26, 28, 3, 25, 143, 578 }, // &
    { 6, 9, 8, 1, 22, 14, 721 }, // '
    { 10, 39, 13, 2, 29, 98, 735 }, // (
    { 9, 39, 13, 1, 29, 88, 833 }, // )
    { 15, 14, 19, 2, 22, 53, 921 }, // *
    { 14, 14, 18, 2, 15, 49, 974 }, // +
    { 8, 10, 9, 1, 5, 20, 1023 }, // ,
    { 14, 3, 18, 2, 10, 11, 1043 }, // -
    { 6, 5, 8, 1, 5, 8, 1054 }, // .
    { 17, 45, 17, 0, 32, 192, 1062 }, // /
    { 16, 22, 19, 2, 22, 88, 1254 }, // 0
    { 13, 22, 17, 2, 22, 72, 1342 }, // 1
    { 15, 22, 19, 2, 22, 83, 1414 }, // 2
    { 15, 22, 19, 2, 22, 83, 1497 }, // 3
    { 16, 22, 19, 2, 22, 88, 1580 }, // 4
    { 15, 23, 18, 2, 23, 87, 1668 }, // 5
    { 16, 22, 19, 2, 22, 88, 1755 }, // 6
    { 14, 22, 18, 2, 22, 77, 1843 }, // 7
    { 17, 22, 20, 1, 22, 94, 1920 }, // 8
    { 15, 22, 19, 2, 22, 83, 2014 }, // 9
    { 6, 18, 8, 1, 18, 27, 2097 }, // :
    { 8, 22, 9, 1, 17, 44, 2124 }, // ;
    { 20, 17, 23, 2, 18, 85, 2168 }, // <
    { 14, 10, 18, 2, 13, 35, 2253 }, // =
    { 20, 17, 23, 2, 18, 85, 2288 }, // >
    { 16, 33, 17, 0, 33, 132, 2373 }, // ?
    { 26, 25, 35, 3, 23, 163, 2505 }, // @
    { 23, 25, 33, 5, 25, 144, 2668 }, // A
    { 19, 25, 28, 5, 25, 119, 2812 }, // B
    { 20, 27, 29, 4, 26, 135, 2931 }, // C
    { 23, 25, 32, 5, 25, 144, 3066 }, // D
    { 17, 25, 27, 5, 25, 107, 3210 }, // E
    { 15, 25, 25, 5, 25, 94, 3317 }, // F
    { 23, 26, 33, 5, 26, 150, 3411 }, // G
    { 21, 25, 31, 5, 25, 132, 3561 }, // H
    { 6, 25, 13, 4, 25, 38, 3693 }, // I
    { 12, 33, 22, 5, 26, 99, 3731 }, // J
    { 20, 25, 30, 5, 25, 125, 3830 }, // K
    { 16, 25, 27, 5, 25, 100, 3955 }, // L
    { 26, 25, 36, 5, 25, 163, 4055 }, // M
    { 21, 25, 31, 5, 25, 132, 4218 }, // N
    { 23, 26, 33, 5, 25, 150, 4350 }, // O
    { 17, 25, 27, 5, 25, 107, 4500 }, // P
    { 25, 29, 30, 2, 25, 182, 4607 }, // Q
    { 18, 25, 28, 5, 25, 113, 4789 }, // R
    { 23, 27, 33, 5, 26, 156, 4902 }, // S
    { 21, 25, 31, 5, 25, 132, 5058 }, // T
    { 21, 26, 31, 5, 25, 137, 5190 }, // U
    { 24, 25, 34, 5, 25, 150, 5327 }, // V
    { 31, 25, 42, 5, 25, 194, 5477 }, // W
    { 23, 25, 33, 5, 25, 144, 5671 }, // X
    { 21, 25, 31, 5, 25, 132, 5815 }, // Y
    { 23, 25, 33, 5, 25, 144, 5947 }, // Z
    { 10, 41, 14, 2, 31, 103, 6091 }, // [
    { 10, 28, 14, 2, 23, 70, 6194 }, // <backslash>
    { 10, 41, 14, 2, 31, 103, 6264 }, // ]
    { 12, 6, 16, 2, 27, 18, 6367 }, // ^
    { 19, 4, 23, 2, -2, 19, 6385 }, // _
    { 10, 5, 12, 1, 22, 13, 6404 }, // `
    { 17, 17, 24, 3, 17, 73, 6417 }, // a
    { 17, 26, 25, 4, 25, 111, 6490 }, // b
    { 14, 18, 22, 4, 17, 63, 6601 }, // c
    { 17, 26, 25, 4, 25, 111, 6664 }, // d
    { 16, 17, 24, 4, 17, 68, 6775 }, // e
    { 10, 24, 18, 4, 24, 60, 6843 }, // f
    { 16, 23, 23, 4, 16, 92, 6903 }, // g
    { 16, 25, 24, 4, 25, 100, 6995 }, // h
    { 6, 26, 13, 4, 26, 39, 7095 }, // i
    { 12, 33, 19, 4, 25, 99, 7134 }, // j
    { 16, 24, 24, 4, 24, 96, 7233 }, // k
    { 9, 24, 16, 3, 24, 54, 7329 }, // l
    { 26, 16, 34, 4, 16, 104, 7383 }, // m
    { 16, 17, 24, 4, 17, 68, 7487 }, // n
    { 16, 16, 24, 4, 16, 64, 7555 }, // o
    { 18, 24, 24, 2, 16, 108, 7619 }, // p
    { 20, 25, 28, 4, 18, 125, 7727 }, // q
    { 11, 16, 19, 4, 16, 44, 7852 }, // r
    { 15, 16, 23, 4, 16, 60, 7896 }, // s
    { 13, 22, 21, 4, 22, 72, 7956 }, // t
    { 15, 17, 23, 4, 16, 64, 8028 }, // u
    { 18, 16, 26, 4, 16, 72, 8092 }, // v
    { 22, 16, 30, 4, 16, 88, 8164 }, // w
    { 18, 16, 26, 4, 16, 72, 8252 }, // x
    { 16, 24, 24, 4, 16, 96, 8324 }, // y
    { 16, 16, 24, 4, 16, 64, 8420 }, // z
    { 13, 27, 16, 2, 22, 88, 8484 }, // {
    { 4, 25, 7, 2, 21, 25, 8572 }, // |
    { 13, 27, 16, 2, 22, 88, 8597 }, // }
    { 11, 6, 14, 1, 22, 17, 8685 }, // ~
    { 0, 0, 25, 0, 0, 0, 8702 }, //  
    { 7, 29, 10, 1, 22, 51, 8702 }, // ¡
    { 14, 25, 22, 4, 22, 88, 8753 }, // ¢
    { 18, 28, 20, 1, 28, 126, 8841 }, // £
    { 16, 15, 20, 2, 18, 60, 8967 }, // ¤
    { 18, 24, 22, 2, 22, 108, 9027 }, // ¥
    { 4, 25, 7, 2, 21, 25, 9135 }, // ¦
    { 16, 26, 24, 4, 23, 104, 9160 }, // §
    { 14, 5, 16, 1, 23, 18, 9264 }, // ¨
    { 12, 11, 16, 2, 26, 33, 9282 }, // ©
    { 10, 10, 12, 2, 22, 25, 9315 }, // ª
    { 15, 14, 19, 2, 14, 53, 9340 }, // «
    { 14, 9, 18, 2, 10, 32, 9393 }, // ¬
    { 14, 3, 16, 2, 10, 11, 9425 }, // ­
    { 12, 11, 16, 2, 31, 33, 9436 }, // ®
    { 11, 3, 15, 2, 21, 9, 9469 }, // ¯
    { 14, 14, 16, 1, 23, 49, 9478 }, // °
    { 14, 17, 18, 2, 16, 60, 9527 }, // ±
    { 7, 11, 9, 1, 24, 20, 9587 }, // ²
    { 8, 11, 9, 1, 23, 22, 9607 }, // ³
    { 6, 6, 8, 1, 23, 9, 9629 }, // ´
    { 16, 19, 23, 3, 16, 76, 9638 }, // µ
    { 14, 24, 18, 2, 21, 84, 9714 }, // ¶
    { 6, 5, 8, 1, 12, 8, 9798 }, // ·
    { 6, 8, 10, 2, 1, 12, 9806 }, // ¸
    { 7, 11, 8, 1, 24, 20, 9818 }, // ¹
    { 9, 9, 12, 3, 21, 21, 9838 }, // º
    { 15, 14, 19, 2, 14, 53, 9859 }, // »
    { 24, 28, 32, 5, 26, 168, 9912 }, // ¼
    { 25, 27, 32, 5, 25, 169, 10080 }, // ½
    { 26, 27, 32, 3, 25, 176, 10249 }, // ¾
    { 16, 32, 17, 0, 17, 128, 10425 }, // ¿
    { 23, 33, 33, 5, 33, 190, 10553 }, // À
    { 23, 38, 33, 5, 38, 219, 10743 }, // Á
    { 23, 34, 33, 5, 34, 196, 10962 }, // Â
    { 23, 33, 33, 5, 33, 190, 11158 }, // Ã
    { 23, 33, 33, 5, 33, 190, 11348 }, // Ä
    { 23, 35, 33, 5, 35, 202, 11538 }, // Å
    { 32, 26, 42, 5, 25, 208, 11740 }, // Æ
    { 20, 33, 29, 4, 26, 165, 11948 }, // Ç
    { 17, 32, 27, 5, 32, 136, 12113 }, // È
    { 17, 38, 27, 5, 38, 162, 12249 }, // É
    { 17, 33, 27, 5, 33, 141, 12411 }, // Ê
    { 17, 33, 27, 5, 33, 141, 12552 }, // Ë
    { 10, 35, 13, 0, 35, 88, 12693 }, // Ì
    { 6, 40, 13, 4, 40, 60, 12781 }, // Í
    { 12, 36, 13, 0, 36, 108, 12841 }, // Î
    { 14, 35, 13, -1, 35, 123, 12949 }, // Ï
    { 27, 25, 32, 1, 25, 169, 13072 }, // Ð
    { 21, 32, 31, 5, 32, 168, 13241 }, // Ñ
    { 23, 33, 33, 5, 32, 190, 13409 }, // Ò
    { 23, 38, 33, 5, 37, 219, 13599 }, // Ó
    { 23, 34, 33, 5, 33, 196, 13818 }, // Ô
    { 23, 33, 33, 5, 32, 190, 14014 }, // Õ
    { 23, 33, 33, 5, 32, 190, 14204 }, // Ö
    { 13, 8, 17, 2, 11, 26, 14394 }, // ×
    { 36, 52, 35, -1, 38, 468, 14420 }, // Ø
    { 21, 35, 31, 5, 34, 184, 14888 }, // Ù
    { 21, 39, 31, 5, 38, 205, 15072 }, // Ú
    { 21, 35, 31, 5, 34, 184, 15277 }, // Û
    { 21, 35, 31, 5, 34, 184, 15461 }, // Ü
    { 21, 39, 31, 5, 39, 205, 15645 }, // Ý
    { 14, 23, 16, 1, 23, 81, 15850 }, // Þ
    { 16, 23, 20, 2, 23, 92, 15931 }, // ß
    { 17, 23, 24, 3, 23, 98, 16023 }, // à
    { 17, 28, 24, 3, 28, 119, 16121 }, // á
    { 17, 24, 24, 3, 24, 102, 16240 }, // â
    { 17, 23, 24, 3, 23, 98, 16342 }, // ã
    { 17, 23, 24, 3, 23, 98, 16440 }, // ä
    { 17, 25, 24, 3, 25, 107, 16538 }, // å
    { 29, 17, 36, 3, 17, 124, 16645 }, // æ
    { 14, 24, 22, 4, 17, 84, 16769 }, // ç
    { 16, 27, 24, 4, 27, 108, 16853 }, // è
    { 16, 32, 24, 4, 32, 128, 16961 }, // é
    { 16, 28, 24, 4, 28, 112, 17089 }, // ê
    { 16, 27, 24, 4, 27, 108, 17201 }, // ë
    { 10, 24, 13, 0, 24, 60, 17309 }, // ì
    { 6, 29, 13, 4, 29, 44, 17369 }, // í
    { 13, 25, 13, 0, 25, 82, 17413 }, // î
    { 14, 25, 13, -1, 25, 88, 17495 }, // ï
    { 22, 23, 24, 2, 23, 127, 17583 }, // ð
    { 16, 25, 24, 4, 25, 100, 17710 }, // ñ
    { 16, 26, 24, 4, 26, 104, 17810 }, // ò
    { 16, 31, 24, 4, 31, 124, 17914 }, // ó
    { 16, 27, 24, 4, 27, 108, 18038 }, // ô
    { 16, 26, 24, 4, 26, 104, 18146 }, // õ
    { 16, 26, 24, 4, 26, 104, 18250 }, // ö
    { 18, 18, 22, 2, 18, 81, 18354 }, // ÷
    { 17, 45, 24, 3, 30, 192, 18435 }, // ø
    { 15, 25, 23, 4, 24, 94, 18627 }, // ù
    { 15, 30, 23, 4, 29, 113, 18721 }, // ú
    { 15, 26, 23, 4, 25, 98, 18834 }, // û
    { 15, 25, 23, 4, 24, 94, 18932 }, // ü
    { 16, 39, 24, 4, 31, 156, 19026 }, // ý
    { 13, 30, 16, 2, 24, 98, 19182 }, // þ
    { 16, 35, 24, 4, 27, 140, 19280 }, // ÿ
    { 23, 32, 33, 5, 32, 184, 19420 }, // Ā
    { 17, 22, 24, 3, 22, 94, 19604 }, // ā
    { 23, 36, 33, 5, 36, 207, 19698 }, // Ă
    { 17, 25, 24, 3, 25, 107, 19905 }, // ă
    { 23, 32, 33, 5, 25, 184, 20012 }, // Ą
    { 17, 22, 24, 3, 17, 94, 20196 }, // ą
    { 20, 39, 29, 4, 38, 195, 20290 }, // Ć
    { 14, 28, 22, 4, 27, 98, 20485 }, // ć
    { 20, 37, 29, 4, 36, 185, 20583 }, // Ĉ
    { 14, 25, 22, 4, 24, 88, 20768 }, // ĉ
    { 20, 37, 29, 4, 36, 185, 20856 }, // Ċ
    { 14, 26, 22, 4, 25, 91, 21041 }, // ċ
    { 20, 39, 29, 4, 38, 195, 21132 }, // Č
    { 14, 27, 22, 4, 26, 95, 21327 }, // č
    { 23, 36, 32, 5, 36, 207, 21422 }, // Ď
    { 22, 26, 25, 4, 25, 143, 21629 }, // ď
    { 27, 25, 32, 1, 25, 169, 21772 }, // Đ
    { 21, 26, 25, 4, 25, 137, 21941 }, // đ
    { 17, 32, 27, 5, 32, 136, 22078 }, // Ē
    { 16, 26, 24, 4, 26, 104, 22214 }, // ē
    { 17, 35, 27, 5, 35, 149, 22318 }, // Ĕ
    { 16, 30, 24, 4, 30, 120, 22467 }, // ĕ
    { 17, 34, 27, 5, 34, 145, 22587 }, // Ė
    { 16, 28, 24, 4, 28, 112, 22732 }, // ė
    { 17, 31, 27, 5, 25, 132, 22844 }, // Ę
    { 16, 24, 24, 4, 17, 96, 22976 }, // ę
    { 17, 35, 27, 5, 35, 149, 23072 }, // Ě
    { 16, 30, 24, 4, 30, 120, 23221 }, // ě
    { 23, 34, 33, 5, 34, 196, 23341 }, // Ĝ
    { 16, 32, 23, 4, 25, 128, 23537 }, // ĝ
    { 23, 36, 33, 5, 36, 207, 23665 }, // Ğ
    { 16, 33, 23, 4, 26, 132, 23872 }, // ğ
    { 23, 34, 33, 5, 34, 196, 24004 }, // Ġ
    { 16, 32, 23, 4, 25, 128, 24200 }, // ġ
    { 23, 39, 33, 5, 26, 225, 24328 }, // Ģ
    { 16, 34, 23, 4, 27, 136, 24553 }, // ģ
    { 21, 33, 31, 5, 33, 174, 24689 }, // Ĥ
    { 19, 31, 24, 1, 31, 148, 24863 }, // ĥ
    { 24, 24, 31, 3, 24, 144, 25011 }, // Ħ
    { 19, 25, 24, 1, 25, 119, 25155 }, // ħ
    { 11, 36, 13, 1, 36, 99, 25274 }, // Ĩ
    { 11, 25, 13, 1, 25, 69, 25373 }, // ĩ
    { 14, 34, 13, -1, 34, 119, 25442 }, // Ī
    { 14, 23, 13, 0, 23, 81, 25561 }, // ī
    { 7, 31, 18, 7, 25, 55, 25642 }, // Į
    { 7, 32, 13, 3, 26, 56, 25697 }, // į
    { 7, 36, 13, 3, 36, 63, 25753 }, // İ
    { 5, 17, 13, 4, 17, 22, 25816 }, // ı
    { 18, 32, 27, 4, 25, 144, 25838 }, // Ĳ
    { 22, 34, 13, 4, 26, 187, 25982 }, // ĳ
    { 13, 39, 22, 5, 32, 127, 26169 }, // Ĵ
    { 15, 32, 19, 4, 24, 120, 26296 }, // ĵ
    { 20, 35, 30, 5, 25, 175, 26416 }, // Ķ
    { 16, 37, 24, 4, 24, 148, 26591 }, // ķ
    { 13, 16, 19, 3, 16, 52, 26739 }, // ĸ
    { 16, 35, 27, 5, 35, 140, 26791 }, // Ĺ
    { 9, 34, 16, 3, 34, 77, 26931 }, // ĺ
    { 16, 38, 27, 5, 25, 152, 27008 }, // Ļ
    { 9, 36, 16, 3, 24, 81, 27160 }, // ļ
    { 16, 25, 27, 5, 25, 100, 27241 }, // Ľ
    { 12, 25, 16, 3, 25, 75, 27341 }, // ľ
    { 16, 25, 27, 5, 25, 100, 27416 }, // Ŀ
    { 13, 24, 16, 3, 24, 78, 27516 }, // ŀ
    { 28, 41, 27, -7, 32, 287, 27594 }, // Ł
    { 19, 24, 16, -6, 24, 114, 27881 }, // ł
    { 21, 35, 31, 5, 35, 184, 27995 }, // Ń
    { 16, 28, 24, 4, 28, 112, 28179 }, // ń
    { 21, 35, 31, 5, 25, 184, 28291 }, // Ņ
    { 16, 27, 24, 4, 17, 108, 28475 }, // ņ
    { 21, 35, 31, 5, 35, 184, 28583 }, // Ň
    { 16, 28, 24, 4, 28, 112, 28767 }, // ň
    { 16, 30, 20, 2, 30, 120, 28879 }, // ŉ
    { 21, 30, 31, 5, 25, 158, 28999 }, // Ŋ
    { 16, 23, 24, 4, 17, 92, 29157 }, // ŋ
    { 23, 32, 33, 5, 31, 184, 29249 }, // Ō
    { 16, 25, 24, 4, 25, 100, 29433 }, // ō
    { 23, 36, 33, 5, 35, 207, 29533 }, // Ŏ
    { 16, 29, 24, 4, 29, 116, 29740 }, // ŏ
    { 24, 34, 33, 5, 33, 204, 29856 }, // Ő
    { 22, 27, 24, 2, 27, 149, 30060 }, // ő
    { 33, 25, 35, 5, 25, 207, 30209 }, // Œ
    { 28, 17, 31, 4, 17, 119, 30416 }, // œ
    { 18, 34, 28, 5, 34, 153, 30535 }, // Ŕ
    { 11, 25, 19, 4, 25, 69, 30688 }, // ŕ
    { 18, 39, 28, 5, 25, 176, 30757 }, // Ŗ
    { 12, 31, 19, 3, 16, 93, 30933 }, // ŗ
    { 18, 34, 28, 5, 34, 153, 31026 }, // Ř
    { 13, 25, 19, 2, 25, 82, 31179 }, // ř
    { 23, 38, 33, 5, 37, 219, 31261 }, // Ś
    { 15, 26, 23, 4, 26, 98, 31480 }, // ś
    { 23, 36, 33, 5, 35, 207, 31578 }, // Ŝ
    { 15, 24, 23, 4, 24, 90, 31785 }, // ŝ
    { 23, 33, 33, 5, 26, 190, 31875 }, // Ş
    { 15, 24, 23, 4, 16, 90, 32065 }, // ş
    { 23, 38, 33, 5, 37, 219, 32155 }, // Š
    { 15, 26, 23, 4, 26, 98, 32374 }, // š
    { 21, 31, 31, 5, 25, 163, 32472 }, // Ţ
    { 13, 28, 21, 4, 22, 91, 32635 }, // ţ
    { 21, 35, 31, 5, 35, 184, 32726 }, // Ť
    { 14, 25, 21, 4, 25, 88, 32910 }, // ť
    { 21, 25, 31, 5, 25, 132, 32998 }, // Ŧ
    { 14, 22, 21, 3, 22, 77, 33130 }, // ŧ
    { 21, 36, 31, 5, 35, 189, 33207 }, // Ũ
    { 15, 26, 23, 4, 25, 98, 33396 }, // ũ
    { 21, 34, 31, 5, 33, 179, 33494 }, // Ū
    { 15, 24, 23, 4, 23, 90, 33673 }, // ū
    { 21, 37, 31, 5, 36, 195, 33763 }, // Ŭ
    { 15, 27, 23, 4, 26, 102, 33958 }, // ŭ
    { 21, 38, 31, 5, 37, 200, 34060 }, // Ů
    { 15, 28, 23, 4, 27, 105, 34260 }, // ů
    { 22, 36, 31, 5, 35, 198, 34365 }, // Ű
    { 22, 26, 23, 1, 25, 143, 34563 }, // ű
    { 21, 31, 31, 5, 25, 163, 34706 }, // Ų
    { 15, 23, 23, 4, 16, 87, 34869 }, // ų
    { 31, 34, 42, 5, 34, 264, 34956 }, // Ŵ
    { 22, 26, 30, 4, 26, 143, 35220 }, // ŵ
    { 21, 35, 31, 5, 35, 184, 35363 }, // Ŷ
    { 16, 35, 24, 4, 27, 140, 35547 }, // ŷ
    { 21, 34, 31, 5, 34, 179, 35687 }, // Ÿ
    { 23, 35, 33, 5, 35, 202, 35866 }, // Ź
    { 16, 27, 24, 4, 27, 108, 36068 }, // ź
    { 23, 33, 33, 5, 33, 190, 36176 }, // Ż
    { 16, 25, 24, 4, 25, 100, 36366 }, // ż
    { 23, 35, 33, 5, 35, 202, 36466 }, // Ž
    { 16, 27, 24, 4, 27, 108, 36668 }, // ž
    { 10, 24, 15, 4, 24, 60, 36776 }, // ſ
    { 10, 5, 0, 1, 22, 13, 36836 }, // ̀
    { 6, 6, 0, 1, 23, 9, 36849 }, // ́
    { 12, 6, 0, 2, 0, 18, 36858 }, // ̂
    { 11, 6, 0, 1, 22, 17, 36876 }, // ̃
    { 14, 4, 0, 2, 20, 14, 36893 }, // ̄
    { 19, 4, 0, 2, 26, 19, 36907 }, // ̅
    { 12, 6, 0, 2, 21, 18, 36926 }, // ̆
    { 6, 5, 0, 1, 22, 8, 36944 }, // ̇
    { 14, 5, 0, 1, 23, 18, 36952 }, // ̈
    { 7, 6, 0, 0, 19, 11, 36970 }, // ̉
    { 7, 6, 0, 1, 22, 11, 36981 }, // ̊
    { 22, 5, 0, 1, 22, 28, 36992 }, // ̋
    { 12, 6, 0, 2, 22, 18, 37020 }, // ̌
    { 22, 5, 0, -6, 24, 28, 37038 }, // ̏
    { 7, 9, 0, 1, 22, 16, 37066 }, // ̒
    { 8, 9, 0, 1, 22, 18, 37082 }, // ̓
    { 7, 9, 0, 1, 22, 16, 37100 }, // ̔
    { 5, 7, 0, 2, -1, 9, 37116 }, // ̘
    { 5, 7, 0, 2, -1, 9, 37125 }, // ̙
    { 12, 7, 0, 2, 23, 21, 37134 }, // ̚
    { 4, 6, 0, 2, 18, 6, 37155 }, // ̛
    { 3, 6, 0, 2, -2, 5, 37161 }, // ̜
    { 7, 5, 0, 2, 3, 9, 37166 }, // ̝
    { 7, 5, 0, 2, -1, 9, 37175 }, // ̞
    { 6, 7, 0, 2, -2, 11, 37184 }, // ̟
    { 14, 4, 0, 2, -4, 14, 37195 }, // ̠
    { 6, 5, 0, 1, 1, 8, 37209 }, // ̣
    { 14, 5, 0, 1, -1, 18, 37217 }, // ̤
    { 7, 6, 0, 1, 22, 11, 37235 }, // ̥
    { 8, 10, 0, 1, 5, 20, 37246 }, // ̦
    { 6, 8, 0, 2, 1, 12, 37266 }, // ̧
    { 6, 8, 0, 2, 1, 12, 37278 }, // ̨
    { 4, 8, 0, 2, -2, 8, 37290 }, // ̩
    { 9, 5, 0, 2, -1, 12, 37298 }, // ̪
    { 12, 6, 0, 2, 0, 18, 37310 }, // ̬
    { 13, 6, 0, 1, -1, 20, 37328 }, // ̭
    { 11, 6, 0, 1, 22, 17, 37348 }, // ̰
    { 11, 3, 0, 2, 21, 9, 37365 }, // ̱
    { 12, 4, 0, 2, -2, 12, 37374 }, // ̲
    { 11, 6, 0, 1, 22, 17, 37386 }, // ̴
    { 14, 3, 0, 2, 10, 11, 37403 }, // ̵
    { 3, 6, 0, 2, -2, 5, 37414 }, // ̹
    { 9, 5, 0, 2, -1, 12, 37419 }, // ̺
    { 9, 8, 0, 2, 0, 18, 37431 }, // ̻
    { 9, 6, 0, 2, 0, 14, 37449 }, // ̼
    { 7, 6, 0, 3, 22, 11, 37463 }, // ̽
    { 11, 6, 0, 1, 22, 17, 37474 }, // ͂
    { 4, 5, 0, 2, 24, 5, 37491 }, // ̓
    { 14, 13, 0, 1, 31, 46, 37496 }, // ̈́
    { 9, 5, 0, 2, 23, 12, 37542 }, // ͆
    { 14, 11, 0, 2, 0, 39, 37554 }, // ͇
    { 11, 8, 0, 2, 0, 22, 37593 }, // ͈
    { 9, 7, 0, 2, -2, 16, 37615 }, // ͉
    { 11, 16, 0, 1, 27, 44, 37631 }, // ͊
    { 24, 13, 0, 1, 26, 78, 37675 }, // ͋
    { 17, 15, 0, 3, 16, 64, 37753 }, // ͌
    { 15, 7, 0, 2, -3, 27, 37817 }, // ͍
    { 4, 4, 0, 2, 3, 4, 37844 }, // ͎
    { 24, 6, 0, 2, 0, 36, 37848 }, // ͜
    { 24, 6, 0, 2, 23, 36, 37884 }, // ͡
    { 28, 7, 0, 2, -2, 49, 37920 }, // ͢
    { 15, 30, 18, 2, 30, 113, 37969 }, // Ѐ
    { 15, 28, 18, 2, 28, 105, 38082 }, // Ё
    { 24, 24, 30, 3, 24, 144, 38187 }, // Ђ
    { 15, 34, 19, 2, 34, 128, 38331 }, // Ѓ
    { 20, 24, 27, 4, 23, 120, 38459 }, // Є
    { 23, 27, 33, 5, 26, 156, 38579 }, // Ѕ
    { 6, 25, 13, 4, 25, 38, 38735 }, // І
    { 14, 35, 13, -1, 35, 123, 38773 }, // Ї
    { 12, 33, 22, 5, 26, 99, 38896 }, // Ј
    { 28, 23, 34, 3, 22, 161, 38995 }, // Љ
    { 27, 22, 33, 3, 22, 149, 39156 }, // Њ
    { 24, 25, 31, 5, 25, 150, 39305 }, // Ћ
    { 20, 35, 30, 5, 35, 175, 39455 }, // Ќ
    { 21, 33, 31, 5, 33, 174, 39630 }, // Ѝ
    { 16, 34, 20, 2, 33, 136, 39804 }, // Ў
    { 17, 27, 21, 2, 21, 115, 39940 }, // Џ
    { 23, 25, 33, 5, 25, 144, 40055 }, // А
    { 15, 21, 19, 2, 21, 79, 40199 }, // Б
    { 16, 21, 20, 2, 21, 84, 40278 }, // В
    { 15, 22, 19, 2, 22, 83, 40362 }, // Г
    { 21, 24, 24, 2, 21, 126, 40445 }, // Д
    { 15, 22, 18, 2, 22, 83, 40571 }, // Е
    { 31, 25, 42, 5, 25, 194, 40654 }, // Ж
    { 15, 22, 19, 2, 22, 83, 40848 }, // З
    { 21, 25, 31, 5, 25, 132, 40931 }, // И
    { 21, 35, 31, 5, 35, 184, 41063 }, // Й
    { 20, 25, 30, 5, 25, 125, 41247 }, // К
    { 17, 22, 22, 2, 21, 94, 41372 }, // Л
    { 21, 21, 25, 2, 21, 111, 41466 }, // М
    { 21, 25, 31, 5, 25, 132, 41577 }, // Н
    { 23, 26, 33, 5, 25, 150, 41709 }, // О
    { 16, 22, 20, 2, 22, 88, 41859 }, // П
    { 17, 25, 27, 5, 25, 107, 41947 }, // Р
    { 20, 27, 29, 4, 26, 135, 42054 }, // С
    { 21, 25, 31, 5, 25, 132, 42189 }, // Т
    { 16, 24, 20, 2, 23, 96, 42321 }, // У
    { 22, 22, 25, 2, 22, 121, 42417 }, // Ф
    { 23, 25, 33, 5, 25, 144, 42538 }, // Х
    { 17, 27, 21, 2, 22, 115, 42682 }, // Ц
    { 15, 22, 19, 2, 22, 83, 42797 }, // Ч
    { 20, 22, 24, 2, 22, 110, 42880 }, // Ш
    { 23, 27, 26, 2, 22, 156, 42990 }, // Щ
    { 20, 22, 19, -3, 22, 110, 43146 }, // Ъ
    { 27, 23, 33, 2, 23, 156, 43256 }, // Ы
    { 15, 22, 19, 2, 22, 83, 43412 }, // Ь
    { 20, 24, 27, 3, 23, 120, 43495 }, // Э
    { 23, 22, 29, 3, 22, 127, 43615 }, // Ю
    { 18, 25, 28, 5, 25, 113, 43742 }, // Я
    { 17, 17, 24, 3, 17, 73, 43855 }, // а
    { 17, 23, 20, 2, 23, 98, 43928 }, // б
    { 14, 18, 21, 4, 18, 63, 44026 }, // в
    { 14, 17, 17, 2, 17, 60, 44089 }, // г
    { 18, 20, 22, 2, 17, 90, 44149 }, // д
    { 16, 17, 24, 4, 17, 68, 44239 }, // е
    { 27, 20, 35, 4, 20, 135, 44307 }, // ж
    { 11, 16, 13, 1, 16, 44, 44442 }, // з
    { 16, 17, 20, 2, 17, 68, 44486 }, // и
    { 16, 22, 20, 2, 22, 88, 44554 }, // й
    { 15, 17, 23, 4, 17, 64, 44642 }, // к
    { 12, 16, 15, 1, 15, 48, 44706 }, // л
    { 19, 19, 27, 4, 19, 91, 44754 }, // м
    { 18, 19, 27, 4, 19, 86, 44845 }, // н
    { 15, 16, 19, 2, 16, 60, 44931 }, // о
    { 15, 17, 19, 2, 17, 64, 44991 }, // п
    { 18, 24, 24, 2, 16, 108, 45055 }, // р
    { 14, 18, 22, 4, 17, 63, 45163 }, // с
    { 16, 16, 20, 2, 16, 64, 45226 }, // т
    { 16, 24, 24, 4, 16, 96, 45290 }, // у
    { 22, 23, 25, 2, 16, 127, 45386 }, // ф
    { 17, 16, 21, 2, 16, 68, 45513 }, // х
    { 17, 21, 21, 2, 17, 90, 45581 }, // ц
    { 11, 15, 13, 1, 15, 42, 45671 }, // ч
    { 20, 17, 24, 2, 17, 85, 45713 }, // ш
    { 22, 22, 26, 2, 17, 121, 45798 }, // щ
    { 18, 16, 22, 2, 16, 72, 45919 }, // ъ
    { 20, 17, 24, 2, 17, 85, 45991 }, // ы
    { 14, 17, 18, 2, 17, 60, 46076 }, // ь
    { 15, 16, 19, 2, 16, 60, 46136 }, // э
    { 19, 17, 23, 2, 17, 81, 46196 }, // ю
    { 14, 16, 18, 2, 16, 56, 46277 }, // я
    { 16, 28, 24, 4, 28, 112, 46333 }, // ѐ
    { 15, 22, 19, 2, 22, 83, 46445 }, // ё
    { 20, 29, 24, 1, 25, 145, 46528 }, // ђ
    { 14, 25, 17, 2, 25, 88, 46673 }, // ѓ
    { 15, 17, 19, 2, 16, 64, 46761 }, // є
    { 15, 16, 23, 4, 16, 60, 46825 }, // ѕ
    { 6, 26, 13, 4, 26, 39, 46885 }, // і
    { 14, 25, 13, -1, 25, 88, 46924 }, // ї
    { 12, 33, 19, 4, 25, 99, 47012 }, // ј
    { 20, 16, 23, 2, 15, 80, 47111 }, // љ
    { 19, 15, 23, 2, 15, 72, 47191 }, // њ
    { 19, 25, 24, 1, 25, 119, 47263 }, // ћ
    { 15, 26, 23, 4, 26, 98, 47382 }, // ќ
    { 16, 25, 20, 2, 25, 100, 47480 }, // ѝ
    { 16, 36, 24, 4, 28, 144, 47580 }, // ў
    { 13, 20, 15, 1, 15, 65, 47724 }, // џ
    { 17, 23, 24, 4, 22, 98, 47789 }, // Ѣ
    { 17, 22, 21, 2, 21, 94, 47887 }, // ѣ
    { 23, 21, 30, 3, 21, 121, 47981 }, // Ѫ
    { 17, 15, 21, 2, 15, 64, 48102 }, // ѫ
    { 21, 27, 31, 5, 26, 142, 48166 }, // Ѳ
    { 16, 20, 24, 4, 20, 80, 48308 }, // ѳ
    { 30, 33, 34, 5, 33, 248, 48388 }, // Ѵ
    { 19, 20, 24, 3, 20, 95, 48636 }, // ѵ
    { 10, 9, 0, 2, 27, 23, 48731 }, // ҆
    { 15, 25, 19, 2, 25, 94, 48754 }, // Ґ
    { 14, 20, 17, 2, 20, 70, 48848 }, // ґ
    { 16, 22, 19, 1, 22, 88, 48918 }, // Ғ
    { 12, 15, 13, 0, 15, 45, 49006 }, // ғ
    { 17, 24, 20, 2, 24, 102, 49051 }, // Ҕ
    { 10, 15, 12, 1, 15, 38, 49153 }, // ҕ
    { 31, 29, 37, 3, 25, 225, 49191 }, // Җ
    { 22, 21, 26, 2, 18, 116, 49416 }, // җ
    { 15, 25, 21, 3, 22, 94, 49532 }, // Ҙ
    { 11, 23, 13, 1, 16, 64, 49626 }, // ҙ
    { 20, 29, 26, 3, 25, 145, 49690 }, // Қ
    { 14, 21, 18, 2, 18, 74, 49835 }, // қ
    { 22, 21, 28, 3, 21, 116, 49909 }, // Ҝ
    { 17, 15, 21, 2, 15, 64, 50025 }, // ҝ
    { 21, 25, 30, 4, 25, 132, 50089 }, // Ҟ
    { 19, 23, 24, 1, 23, 110, 50221 }, // ҟ
    { 27, 25, 30, -2, 25, 169, 50331 }, // Ҡ
    { 19, 18, 20, -2, 18, 86, 50500 }, // ҡ
    { 22, 28, 27, 3, 25, 154, 50586 }, // Ң
    { 15, 20, 19, 2, 17, 75, 50740 }, // ң
    { 30, 26, 31, 5, 26, 195, 50815 }, // Ҥ
    { 21, 17, 22, 3, 17, 90, 51010 }, // ҥ
    { 28, 24, 34, 3, 24, 168, 51100 }, // Ҧ
    { 27, 27, 31, 2, 19, 183, 51268 }, // ҧ
    { 29, 25, 35, 3, 24, 182, 51451 }, // Ҩ
    { 23, 20, 27, 2, 19, 115, 51633 }, // ҩ
    { 20, 31, 29, 4, 26, 155, 51748 }, // Ҫ
    { 14, 21, 22, 4, 17, 74, 51903 }, // ҫ
    { 21, 28, 27, 3, 25, 147, 51977 }, // Ҭ
    { 15, 19, 19, 2, 17, 72, 52124 }, // ҭ
    { 21, 25, 31, 5, 25, 132, 52196 }, // Ү
    { 16, 21, 19, 2, 15, 84, 52328 }, // ү
    { 21, 25, 31, 5, 25, 132, 52412 }, // Ұ
    { 17, 22, 19, 1, 15, 94, 52544 }, // ұ
    { 24, 29, 29, 3, 25, 174, 52638 }, // Ҳ
    { 17, 20, 20, 2, 17, 85, 52812 }, // ҳ
    { 25, 27, 31, 3, 21, 169, 52897 }, // Ҵ
    { 18, 19, 22, 2, 15, 86, 53066 }, // ҵ
    { 19, 28, 24, 2, 21, 133, 53152 }, // Ҷ
    { 14, 20, 17, 1, 15, 70, 53285 }, // ҷ
    { 17, 22, 21, 2, 22, 94, 53355 }, // Ҹ
    { 12, 15, 15, 1, 15, 45, 53449 }, // ҹ
    { 16, 24, 22, 3, 24, 96, 53494 }, // Һ
    { 16, 25, 24, 4, 25, 100, 53590 }, // һ
    { 25, 22, 28, 0, 21, 138, 53690 }, // Ҽ
    { 18, 16, 20, 0, 16, 72, 53828 }, // ҽ
    { 26, 25, 32, 3, 21, 163, 53900 }, // Ҿ
    { 19, 19, 23, 2, 16, 91, 54063 }, // ҿ
    { 6, 25, 13, 4, 25, 38, 54154 }, // Ӏ
    { 31, 35, 42, 5, 35, 272, 54192 }, // Ӂ
    { 27, 31, 35, 4, 31, 210, 54464 }, // ӂ
    { 17, 29, 23, 3, 22, 124, 54674 }, // Ӄ
    { 12, 20, 16, 2, 15, 60, 54798 }, // ӄ
    { 21, 27, 22, 2, 22, 142, 54858 }, // Ӆ
    { 14, 18, 15, 2, 15, 63, 55000 }, // ӆ
    { 23, 32, 31, 5, 25, 184, 55063 }, // Ӈ
    { 16, 22, 22, 3, 17, 88, 55247 }, // ӈ
    { 23, 34, 31, 5, 25, 196, 55335 }, // Ӊ
    { 16, 23, 22, 3, 17, 92, 55531 }, // ӊ
    { 16, 27, 20, 1, 21, 108, 55623 }, // Ӌ
    { 11, 18, 15, 2, 15, 50, 55731 }, // ӌ
    { 28, 34, 36, 5, 25, 238, 55781 }, // Ӎ
    { 20, 23, 25, 3, 17, 115, 56019 }, // ӎ
    { 4, 21, 8, 2, 21, 21, 56134 }, // ӏ
    { 23, 35, 33, 5, 35, 202, 56155 }, // Ӑ
    { 17, 26, 24, 3, 26, 111, 56357 }, // ӑ
    { 23, 34, 33, 5, 34, 196, 56468 }, // Ӓ
    { 17, 25, 24, 3, 25, 107, 56664 }, // ӓ
    { 32, 26, 42, 5, 25, 208, 56771 }, // Ӕ
    { 29, 17, 36, 3, 17, 124, 56979 }, // ӕ
    { 15, 31, 18, 2, 31, 117, 57103 }, // Ӗ
    { 16, 29, 24, 4, 29, 116, 57220 }, // ӗ
    { 16, 17, 24, 4, 16, 68, 57336 }, // Ә
    { 16, 18, 24, 5, 17, 72, 57404 }, // ә
    { 16, 29, 24, 4, 28, 116, 57476 }, // Ӛ
    { 16, 20, 24, 5, 17, 80, 57592 }, // ӛ
    { 31, 34, 38, 5, 34, 264, 57672 }, // Ӝ
    { 27, 29, 35, 4, 29, 196, 57936 }, // ӝ
    { 15, 30, 19, 2, 30, 113, 58132 }, // Ӟ
    { 14, 24, 13, 1, 24, 84, 58245 }, // ӟ
    { 14, 22, 17, 2, 21, 77, 58329 }, // Ӡ
    { 14, 22, 17, 2, 16, 77, 58406 }, // ӡ
    { 21, 31, 31, 5, 31, 163, 58483 }, // Ӣ
    { 16, 23, 20, 2, 23, 92, 58646 }, // ӣ
    { 21, 33, 31, 5, 33, 174, 58738 }, // Ӥ
    { 16, 24, 20, 2, 24, 96, 58912 }, // ӥ
    { 23, 34, 33, 5, 33, 196, 59008 }, // Ӧ
    { 15, 25, 19, 2, 25, 94, 59204 }, // ӧ
    { 21, 22, 31, 5, 21, 116, 59298 }, // Ө
    { 16, 16, 24, 4, 16, 64, 59414 }, // ө
    { 21, 34, 31, 5, 33, 179, 59478 }, // Ӫ
    { 16, 27, 24, 4, 27, 108, 59657 }, // ӫ
    { 20, 32, 27, 3, 31, 160, 59765 }, // Ӭ
    { 16, 24, 19, 1, 24, 96, 59925 }, // ӭ
    { 16, 31, 20, 2, 30, 124, 60021 }, // Ӯ
    { 16, 33, 24, 4, 25, 132, 60145 }, // ӯ
    { 16, 32, 20, 2, 31, 128, 60277 }, // Ӱ
    { 16, 35, 24, 4, 27, 140, 60405 }, // ӱ
    { 22, 33, 20, 0, 32, 182, 60545 }, // Ӳ
    { 21, 36, 24, 3, 28, 189, 60727 }, // ӳ
    { 15, 30, 19, 2, 30, 113, 60916 }, // Ӵ
    { 14, 24, 13, -1, 24, 84, 61029 }, // ӵ
    { 15, 26, 19, 2, 22, 98, 61113 }, // Ӷ
    { 11, 18, 13, 1, 15, 50, 61211 }, // ӷ
    { 27, 32, 33, 2, 32, 216, 61261 }, // Ӹ
    { 20, 26, 24, 2, 26, 130, 61477 }, // ӹ
    { 28, 28, 33, 5, 25, 196, 61607 }, // Ӽ
    { 20, 20, 23, 3, 18, 100, 61803 }, // ӽ
    { 0, 0, 24, 0, 0, 0, 61903 }, //  
    { 0, 0, 39, 0, 0, 0, 61903 }, //  
    { 0, 0, 24, 0, 0, 0, 61903 }, //  
    { 0, 0, 39, 0, 0, 0, 61903 }, //  
    { 0, 0, 19, 0, 0, 0, 61903 }, //  
    { 0, 0, 17, 0, 0, 0, 61903 }, //  
    { 0, 0, 14, 0, 0, 0, 61903 }, //  
    { 0, 0, 19, 0, 0, 0, 61903 }, //  
    { 0, 0, 8, 0, 0, 0, 61903 }, //  
    { 0, 0, 15, 0, 0, 0, 61903 }, //  
    { 0, 0, 14, 0, 0, 0, 61903 }, //  
    { 0, 0, 9, 0, 0, 0, 61903 }, // ​
    { 0, 0, 0, 0, 0, 0, 61903 }, // ‌
    { 0, 0, 0, 0, 0, 0, 61903 }, // ‍
    { 0, 0, 0, 0, 0, 0, 61903 }, // ‎
    { 0, 0, 0, 0, 0, 0, 61903 }, // ‏
    { 14, 3, 16, 2, 10, 11, 61903 }, // ‐
    { 14, 3, 16, 2, 10, 11, 61914 }, // ‑
    { 20, 3, 22, 2, 10, 15, 61925 }, // ‒
    { 19, 4, 23, 2, 10, 19, 61940 }, // –
    { 29, 4, 33, 2, 10, 29, 61959 }, // —
    { 29, 4, 33, 2, 10, 29, 61988 }, // ―
    { 12, 25, 16, 2, 21, 75, 62017 }, // ‖
    { 21, 9, 23, 2, -3, 48, 62092 }, // ‗
    { 8, 9, 10, 1, 25, 18, 62140 }, // ‘
    { 8, 9, 10, 1, 25, 18, 62158 }, // ’
    { 8, 10, 9, 1, 5, 20, 62176 }, // ‚
    { 8, 9, 10, 1, 25, 18, 62196 }, // ‛
    { 15, 9, 16, 1, 25, 34, 62214 }, // “
    { 15, 9, 17, 1, 25, 34, 62248 }, // ”
    { 8, 10, 9, 1, 5, 20, 62282 }, // „
    { 15, 9, 17, 1, 25, 34, 62302 }, // ‟
    { 15, 38, 17, 1, 30, 143, 62336 }, // †
    { 16, 38, 18, 1, 30, 152, 62479 }, // ‡
    { 17, 17, 15, -1, 20, 73, 62631 }, // •
    { 8, 9, 11, 2, 13, 18, 62704 }, // ‣
    { 6, 5, 8, 1, 5, 8, 62722 }, // ․
    { 6, 5, 8, 1, 5, 8, 62730 }, // ‥
    { 26, 5, 28, 1, 5, 33, 62738 }, // …
    { 4, 3, 7, 2, 10, 3, 62771 }, // ‧
    { 0, 0, 37, 0, 0, 0, 62774 }, //  
    { 18, 25, 32, 7, 23, 113, 62774 }, // ‰
    { 8, 9, 9, 1, 25, 18, 62887 }, // ′
    { 15, 9, 16, 1, 25, 34, 62905 }, // ″
    { 23, 9, 25, 1, 25, 52, 62939 }, // ‴
    { 8, 9, 10, 1, 24, 18, 62991 }, // ‵
    { 14, 9, 15, 0, 24, 32, 63009 }, // ‶
    { 23, 9, 25, 1, 25, 52, 63041 }, // ‷
    { 12, 5, 16, 2, 23, 15, 63093 }, // ‸
    { 8, 14, 12, 2, 15, 28, 63108 }, // ‹
    { 8, 14, 12, 2, 15, 28, 63136 }, // ›
    { 30, 29, 39, 6, 26, 218, 63164 }, // ※
    { 7, 29, 10, 1, 29, 51, 63382 }, // ‼
    { 16, 37, 22, 2, 35, 148, 63433 }, // ‽
    { 14, 4, 16, 2, 24, 14, 63581 }, // ‾
    { 12, 6, 16, 2, 20, 18, 63595 }, // ‿
    { 19, 18, 23, 2, 25, 86, 63613 }, // ⁂
    { 17, 24, 32, 8, 22, 102, 63699 }, // ⁄
    { 33, 33, 37, 2, 33, 273, 63801 }, // ⁇
    { 22, 33, 29, 2, 33, 182, 64074 }, // ⁈
    { 22, 35, 24, 1, 33, 193, 64256 }, // ⁉
    { 17, 46, 22, 2, 32, 196, 64449 }, // ⁒
    { 0, 0, 141, 0, 0, 0, 64645 }, //  
    { 8, 11, 9, 1, 24, 22, 64645 }, // ⁰
    { 8, 11, 9, 1, 24, 22, 64667 }, // ⁴
    { 8, 12, 9, 1, 25, 24, 64689 }, // ⁵
    { 8, 11, 9, 1, 24, 22, 64713 }, // ⁶
    { 8, 13, 10, 1, 25, 26, 64735 }, // ⁷
    { 9, 11, 10, 0, 24, 25, 64761 }, // ⁸
    { 8, 11, 10, 1, 24, 22, 64786 }, // ⁹
    { 16, 17, 24, 4, 17, 68, 64808 }, // ⁿ
    { 11, 15, 13, 1, 15, 42, 64876 }, // ₀
    { 7, 12, 9, 1, 7, 21, 64918 }, // ₁
    { 8, 12, 10, 1, 7, 24, 64939 }, // ₂
    { 8, 11, 9, 1, 6, 22, 64963 }, // ₃
    { 8, 11, 10, 1, 6, 22, 64985 }, // ₄
    { 7, 12, 9, 1, 7, 21, 65007 }, // ₅
    { 8, 12, 10, 1, 7, 24, 65028 }, // ₆
    { 8, 12, 10, 1, 7, 24, 65052 }, // ₇
    { 9, 11, 10, 0, 6, 25, 65076 }, // ₈
    { 8, 11, 10, 1, 6, 22, 65101 }, // ₉
    { 10, 39, 13, 2, 29, 98, 65123 }, // ₍
    { 9, 39, 13, 1, 29, 88, 65221 }, // ₎
    { 20, 37, 29, 4, 31, 185, 65309 }, // ₡
    { 20, 27, 29, 4, 26, 135, 65494 }, // ₢
    { 18, 28, 20, 1, 28, 126, 65629 }, // ₤
    { 28, 25, 31, 2, 25, 175, 65755 }, // ₦
    { 23, 25, 27, 1, 25, 144, 65930 }, // ₧
    { 29, 24, 33, 4, 24, 174, 66074 }, // ₨
    { 22, 24, 25, 1, 24, 132, 66248 }, // ₩
    { 23, 23, 31, 4, 23, 133, 66380 }, // ₪
    { 19, 23, 20, 2, 23, 110, 66513 }, // ₫
    { 18, 26, 22, 2, 23, 117, 66623 }, // €
    { 21, 25, 31, 5, 25, 132, 66740 }, // ₮
    { 26, 25, 19, 0, 25, 163, 66872 }, // ₱
    { 23, 34, 33, 5, 30, 196, 67035 }, // ₲
    { 26, 27, 27, 2, 26, 176, 67231 }, // ₴
    { 14, 22, 22, 4, 20, 77, 67407 }, // ₵
    { 21, 26, 31, 5, 26, 137, 67484 }, // ₸
    { 14, 22, 18, 2, 22, 77, 67621 }, // ₹
    { 16, 21, 20, 2, 20, 84, 67698 }, // ₺
    { 18, 23, 18, 0, 23, 104, 67782 }, // ₼
    { 23, 25, 27, -1, 25, 144, 67886 }, // ₽
    { 19, 46, 21, 2, 32, 219, 68030 }, // ℀
    { 18, 45, 21, 2, 32, 203, 68249 }, // ℁
    { 23, 31, 29, 1, 30, 179, 68452 }, // ℃
    { 18, 46, 21, 2, 35, 207, 68631 }, // ℅
    { 19, 46, 23, 2, 34, 219, 68838 }, // ℆
    { 20, 28, 25, 0, 28, 140, 69057 }, // ℉
    { 16, 25, 18, 2, 24, 100, 69197 }, // ℓ
    { 44, 25, 52, 5, 25, 275, 69297 }, // №
    { 21, 27, 22, 5, 25, 142, 69572 }, // ℞
    { 75, 25, 85, 5, 25, 469, 69714 }, // ℡
    { 17, 8, 19, 1, 27, 34, 70183 }, // ™
    { 26, 22, 26, 0, 21, 143, 70217 }, // ℮
    { 60, 25, 70, 5, 25, 375, 70360 }, // ℻
    { 24, 27, 32, 5, 25, 162, 70735 }, // ⅓
    { 25, 27, 32, 4, 25, 169, 70897 }, // ⅔
    { 24, 27, 32, 5, 25, 162, 71066 }, // ⅕
    { 25, 27, 32, 4, 25, 169, 71228 }, // ⅖
    { 26, 27, 32, 3, 25, 176, 71397 }, // ⅗
    { 26, 28, 32, 3, 26, 182, 71573 }, // ⅘
    { 24, 28, 32, 5, 25, 168, 71755 }, // ⅙
    { 26, 28, 32, 3, 25, 182, 71923 }, // ⅚
    { 25, 27, 32, 5, 25, 169, 72105 }, // ⅛
    { 27, 27, 32, 3, 25, 183, 72274 }, // ⅜
    { 27, 27, 32, 3, 25, 183, 72457 }, // ⅝
    { 27, 27, 32, 3, 25, 183, 72640 }, // ⅞
    { 6, 25, 13, 4, 25, 38, 72823 }, // Ⅰ
    { 19, 25, 27, 4, 25, 119, 72861 }, // Ⅱ
    { 32, 25, 40, 4, 25, 200, 72980 }, // Ⅲ
    { 38, 25, 47, 4, 25, 238, 73180 }, // Ⅳ
    { 24, 25, 34, 5, 25, 150, 73418 }, // Ⅴ
    { 39, 25, 47, 5, 25, 244, 73568 }, // Ⅵ
    { 52, 25, 61, 5, 25, 325, 73812 }, // Ⅶ
    { 65, 25, 74, 5, 25, 407, 74137 }, // Ⅷ
    { 37, 25, 46, 4, 25, 232, 74544 }, // Ⅸ
    { 23, 25, 33, 5, 25, 144, 74776 }, // Ⅹ
    { 38, 25, 46, 5, 25, 238, 74920 }, // Ⅺ
    { 51, 25, 60, 5, 25, 319, 75158 }, // Ⅻ
    { 16, 25, 27, 5, 25, 100, 75477 }, // Ⅼ
    { 20, 27, 29, 4, 26, 135, 75577 }, // Ⅽ
    { 23, 25, 32, 5, 25, 144, 75712 }, // Ⅾ
    { 26, 25, 36, 5, 25, 163, 75856 }, // Ⅿ
    { 6, 26, 13, 4, 26, 39, 76019 }, // ⅰ
    { 19, 26, 26, 4, 26, 124, 76058 }, // ⅱ
    { 32, 26, 40, 4, 26, 208, 76182 }, // ⅲ
    { 31, 26, 39, 4, 26, 202, 76390 }, // ⅳ
    { 18, 16, 26, 4, 16, 72, 76592 }, // ⅴ
    { 32, 26, 39, 4, 26, 208, 76664 }, // ⅵ
    { 45, 26, 53, 4, 26, 293, 76872 }, // ⅶ
    { 58, 26, 66, 4, 26, 377, 77165 }, // ⅷ
    { 31, 25, 39, 4, 25, 194, 77542 }, // ⅸ
    { 18, 16, 26, 4, 16, 72, 77736 }, // ⅹ
    { 32, 25, 39, 4, 25, 200, 77808 }, // ⅺ
    { 45, 25, 52, 4, 25, 282, 78008 }, // ⅻ
    { 9, 24, 16, 3, 24, 54, 78290 }, // ⅼ
    { 14, 18, 22, 4, 17, 63, 78344 }, // ⅽ
    { 17, 26, 25, 4, 25, 111, 78407 }, // ⅾ
    { 26, 16, 34, 4, 16, 104, 78518 }, // ⅿ
    { 18, 18, 22, 2, 16, 81, 78622 }, // ←
    { 18, 18, 22, 2, 18, 81, 78703 }, // ↑
    { 18, 18, 22, 2, 16, 81, 78784 }, // →
    { 18, 18, 22, 2, 18, 81, 78865 }, // ↓
    { 22, 16, 26, 2, 16, 88, 78946 }, // ↔
    { 15, 23, 19, 2, 23, 87, 79034 }, // ↕
    { 15, 14, 19, 2, 15, 53, 79121 }, // ↖
    { 15, 14, 19, 2, 15, 53, 79174 }, // ↗
    { 15, 15, 19, 2, 16, 57, 79227 }, // ↘
    { 15, 15, 19, 2, 16, 57, 79284 }, // ↙
    { 21, 19, 25, 2, 18, 100, 79341 }, // ⇐
    { 23, 21, 27, 2, 21, 121, 79441 }, // ⇑
    { 21, 19, 25, 2, 18, 100, 79562 }, // ⇒
    { 23, 22, 27, 2, 21, 127, 79662 }, // ⇓
    { 24, 19, 28, 2, 18, 114, 79789 }, // ⇔
    { 19, 24, 23, 2, 16, 114, 79903 }, // ⇕
    { 16, 23, 20, 2, 23, 92, 80017 }, // ∂
    { 29, 28, 33, 2, 26, 203, 80109 }, // ∅
    { 21, 22, 25, 2, 22, 116, 80312 }, // ∆
    { 18, 21, 22, 2, 21, 95, 80428 }, // ∏
    { 18, 21, 22, 2, 21, 95, 80523 }, // ∐
    { 14, 22, 17, 2, 21, 77, 80618 }, // ∑
    { 14, 4, 18, 2, 10, 14, 80695 }, // −
    { 23, 25, 27, 2, 23, 144, 80709 }, // √
    { 23, 15, 27, 2, 18, 87, 80853 }, // ∞
    { 24, 33, 25, 1, 26, 198, 80940 }, // ∫
    { 6, 18, 8, 1, 18, 27, 81138 }, // ∶
    { 17, 15, 23, 3, 16, 64, 81165 }, // ≈
    { 19, 24, 32, 7, 22, 114, 81229 }, // ≠
    { 21, 22, 25, 2, 20, 116, 81343 }, // ≤
    { 21, 22, 25, 2, 20, 116, 81459 }, // ≥
    { 22, 22, 26, 2, 22, 121, 81575 }, // ■
    { 22, 21, 26, 2, 21, 116, 81696 }, // □
    { 9, 9, 13, 2, 13, 21, 81812 }, // ▪
    { 9, 9, 14, 2, 13, 21, 81833 }, // ▫
    { 18, 4, 22, 2, 9, 18, 81854 }, // ▬
    { 26, 13, 30, 2, 18, 85, 81872 }, // ▭
    { 7, 13, 11, 2, 17, 23, 81957 }, // ▮
    { 7, 14, 11, 2, 18, 25, 81980 }, // ▯
    { 20, 19, 25, 3, 17, 95, 82005 }, // ▲
    { 20, 19, 23, 1, 20, 95, 82100 }, // △
    { 9, 9, 13, 2, 10, 21, 82195 }, // ▴
    { 11, 11, 15, 2, 14, 31, 82216 }, // ▵
    { 19, 20, 22, 2, 23, 95, 82247 }, // ▶
    { 19, 20, 22, 2, 18, 95, 82342 }, // ▷
    { 9, 10, 13, 2, 16, 23, 82437 }, // ▸
    { 11, 12, 15, 2, 16, 33, 82460 }, // ▹
    { 22, 18, 25, 2, 19, 99, 82493 }, // ►
    { 22, 18, 25, 2, 19, 99, 82592 }, // ▻
    { 20, 19, 23, 1, 26, 95, 82691 }, // ▼
    { 20, 19, 23, 1, 20, 95, 82786 }, // ▽
    { 9, 9, 13, 2, 16, 21, 82881 }, // ▾
    { 11, 11, 15, 2, 13, 31, 82902 }, // ▿
    { 19, 20, 22, 1, 18, 95, 82933 }, // ◀
    { 19, 20, 22, 1, 23, 95, 83028 }, // ◁
    { 9, 10, 13, 2, 11, 23, 83123 }, // ◂
    { 11, 12, 15, 2, 13, 33, 83146 }, // ◃
    { 22, 18, 25, 1, 19, 99, 83179 }, // ◄
    { 22, 18, 25, 1, 19, 99, 83278 }, // ◅
    { 15, 26, 18, 2, 23, 98, 83377 }, // ◊
    { 23, 22, 27, 2, 21, 127, 83475 }, // ○
    { 0, 0, 18, 0, 0, 0, 83602 }, // ◌
    { 23, 23, 27, 2, 22, 133, 83602 }, // ●
    { 17, 16, 21, 2, 16, 68, 83735 }, // ◘
    { 17, 16, 21, 2, 16, 68, 83803 }, // ◙
    { 10, 8, 13, 2, 12, 20, 83871 }, // ◦
    { 25, 25, 29, 2, 24, 157, 83891 }, // ◯
    { 0, 0, 22, 0, 0, 0, 84048 }, // ◾
    { 23, 23, 27, 2, 23, 133, 84048 }, // ★
    { 31, 30, 34, 1, 26, 233, 84181 }, // ☆
    { 25, 25, 29, 2, 23, 157, 84414 }, // ☺
    { 23, 23, 27, 2, 22, 133, 84571 }, // ☻
    { 17, 17, 21, 2, 15, 73, 84704 }, // ☼
    { 13, 25, 17, 2, 22, 82, 84777 }, // ♀
    { 21, 21, 23, 1, 21, 111, 84859 }, // ♂
    { 16, 21, 21, 3, 18, 84, 84970 }, // ♠
    { 21, 20, 25, 2, 21, 105, 85054 }, // ♡
    { 16, 24, 20, 2, 22, 96, 85159 }, // ♢
    { 16, 20, 19, 2, 17, 80, 85255 }, // ♣
    { 17, 22, 20, 2, 19, 94, 85335 }, // ♤
    { 16, 16, 20, 2, 19, 64, 85429 }, // ♥
    { 16, 24, 20, 2, 22, 96, 85493 }, // ♦
    { 16, 21, 20, 2, 18, 84, 85589 }, // ♧
    { 11, 25, 15, 2, 22, 69, 85673 }, // ♩
    { 22, 29, 26, 2, 26, 160, 85742 }, // ♪
    { 30, 32, 34, 2, 25, 240, 85902 }, // ♫
    { 30, 32, 34, 2, 25, 240, 86142 }, // ♬
    { 9, 21, 12, 2, 23, 48, 86382 }, // ♭
    { 16, 24, 20, 2, 22, 96, 86430 }, // ♮
    { 3, 31, 28, -3, 22, 24, 86526 }, // ♯
    { 22, 17, 25, 2, 19, 94, 86550 }, // ✓
    { 16, 16, 20, 2, 18, 64, 86644 }, // ✠
    { 26, 26, 30, 2, 23, 169, 86708 }, // ✪
    { 19, 21, 22, 2, 20, 100, 86877 }, // ✽
    { 27, 26, 31, 2, 23, 176, 86977 }, // ❏
    { 7, 21, 11, 2, 21, 37, 87153 }, // ❙
    { 18, 17, 22, 2, 16, 77, 87190 }, // ➔
    { 20, 18, 24, 2, 19, 90, 87267 }, // ➤
    { 26, 21, 30, 2, 21, 137, 87357 }, // ➲
    { 7, 9, 9, 1, 4, 16, 87494 }, // ⸲
};

static const EpdUnicodeInterval opendyslexic_14_regularIntervals[] = {
    { 0x20, 0x7E, 0x0 },
    { 0xA0, 0xFF, 0x5F },
    { 0x100, 0x12B, 0xBF },
    { 0x12E, 0x17F, 0xEB },
    { 0x300, 0x30C, 0x13D },
    { 0x30F, 0x30F, 0x14A },
    { 0x312, 0x314, 0x14B },
    { 0x318, 0x320, 0x14E },
    { 0x323, 0x32A, 0x157 },
    { 0x32C, 0x32D, 0x15F },
    { 0x330, 0x332, 0x161 },
    { 0x334, 0x335, 0x164 },
    { 0x339, 0x33D, 0x166 },
    { 0x342, 0x344, 0x16B },
    { 0x346, 0x34E, 0x16E },
    { 0x35C, 0x35C, 0x177 },
    { 0x361, 0x362, 0x178 },
    { 0x400, 0x45F, 0x17A },
    { 0x462, 0x463, 0x1DA },
    { 0x46A, 0x46B, 0x1DC },
    { 0x472, 0x475, 0x1DE },
    { 0x486, 0x486, 0x1E2 },
    { 0x490, 0x4F9, 0x1E3 },
    { 0x4FC, 0x4FD, 0x24D },
    { 0x2000, 0x2027, 0x24F },
    { 0x202F, 0x2030, 0x277 },
    { 0x2032, 0x203F, 0x279 },
    { 0x2042, 0x2042, 0x287 },
    { 0x2044, 0x2044, 0x288 },
    { 0x2047, 0x2049, 0x289 },
    { 0x2052, 0x2052, 0x28C },
    { 0x205F, 0x205F, 0x28D },
    { 0x2070, 0x2070, 0x28E },
    { 0x2074, 0x2079, 0x28F },
    { 0x207F, 0x2089, 0x295 },
    { 0x208D, 0x208E, 0x2A0 },
    { 0x20A1, 0x20A2, 0x2A2 },
    { 0x20A4, 0x20A4, 0x2A4 },
    { 0x20A6, 0x20AC, 0x2A5 },
    { 0x20AE, 0x20AE, 0x2AC },
    { 0x20B1, 0x20B2, 0x2AD },
    { 0x20B4, 0x20B5, 0x2AF },
    { 0x20B8, 0x20BA, 0x2B1 },
    { 0x20BC, 0x20BD, 0x2B4 },
    { 0x2100, 0x2101, 0x2B6 },
    { 0x2103, 0x2103, 0x2B8 },
    { 0x2105, 0x2106, 0x2B9 },
    { 0x2109, 0x2109, 0x2BB },
    { 0x2113, 0x2113, 0x2BC },
    { 0x2116, 0x2116, 0x2BD },
    { 0x211E, 0x211E, 0x2BE },
    { 0x2121, 0x2122, 0x2BF },
    { 0x212E, 0x212E, 0x2C1 },
    { 0x213B, 0x213B, 0x2C2 },
    { 0x2153, 0x215E, 0x2C3 },
    { 0x2160, 0x217F, 0x2CF },
    { 0x2190, 0x2199, 0x2EF },
    { 0x21D0, 0x21D5, 0x2F9 },
    { 0x2202, 0x2202, 0x2FF },
    { 0x2205, 0x2206, 0x300 },
    { 0x220F, 0x2212, 0x302 },
    { 0x221A, 0x221A, 0x306 },
    { 0x221E, 0x221E, 0x307 },
    { 0x222B, 0x222B, 0x308 },
    { 0x2236, 0x2236, 0x309 },
    { 0x2248, 0x2248, 0x30A },
    { 0x2260, 0x2260, 0x30B },
    { 0x2264, 0x2265, 0x30C },
    { 0x25A0, 0x25A1, 0x30E },
    { 0x25AA, 0x25AF, 0x310 },
    { 0x25B2, 0x25C5, 0x316 },
    { 0x25CA, 0x25CC, 0x32A },
    { 0x25CF, 0x25CF, 0x32D },
    { 0x25D8, 0x25D9, 0x32E },
    { 0x25E6, 0x25E6, 0x330 },
    { 0x25EF, 0x25EF, 0x331 },
    { 0x25FE, 0x25FE, 0x332 },
    { 0x2605, 0x2606, 0x333 },
    { 0x263A, 0x263C, 0x335 },
    { 0x2640, 0x2640, 0x338 },
    { 0x2642, 0x2642, 0x339 },
    { 0x2660, 0x2667, 0x33A },
    { 0x2669, 0x266F, 0x342 },
    { 0x2713, 0x2713, 0x349 },
    { 0x2720, 0x2720, 0x34A },
    { 0x272A, 0x272A, 0x34B },
    { 0x273D, 0x273D, 0x34C },
    { 0x274F, 0x274F, 0x34D },
    { 0x2759, 0x2759, 0x34E },
    { 0x2794, 0x2794, 0x34F },
    { 0x27A4, 0x27A4, 0x350 },
    { 0x27B2, 0x27B2, 0x351 },
    { 0x2E32, 0x2E32, 0x352 },
};

static const EpdFontData opendyslexic_14_regular = {
    opendyslexic_14_regularBitmaps,
    opendyslexic_14_regularGlyphs,
    opendyslexic_14_regularIntervals,
    93,
    53,
    38,
    -16,
    true,
};
