/**
 * generated by fontconvert.py
 * name: opendyslexic_14_italic
 * size: 14
 * mode: 2-bit
 * Command used: fontconvert.py opendyslexic_14_italic 14 ../builtinFonts/source/OpenDyslexic/OpenDyslexic-Italic.otf --2bit
 */
#pragma once
#include "EpdFontData.h"

static const uint8_t opendyslexic_14_italicBitmaps[103112] = {
    0x00, 0x00, 0x01, 0x90, 0x00, 0x00, 0x3D, 0x00, 0x00, 0x0B, 0xC0, 0x00, 0x00, 0xFC, 0x00, 0x00,
    0x0F, 0x40, 0x00, 0x02, 0xF0, 0x00, 0x00, 0x3F, 0x00, 0x00, 0x03, 0xE0, 0x00, 0x00, 0xBD, 0x00,
    0x00, 0x0F, 0xC0, 0x00, 0x01, 0xFC, 0x00, 0x00, 0x2F, 0x80, 0x00, 0x03, 0xF4, 0x00, 0x00, 0x7F,
    0x00, 0x00, 0x0B, 0xF0, 0x00, 0x00, 0xFE, 0x00, 0x00, 0x1F, 0xD0, 0x00, 0x02, 0xFC, 0x00, 0x00,
    0x3F, 0x80, 0x00, 0x07, 0xF4, 0x00, 0x00, 0x6F, 0x00, 0x00, 0x00, 0x00, 0x00, 0x00, 0x00, 0x00,
    0x00, 0x3F, 0xC0, 0x00, 0x0B, 0xF8, 0x00, 0x00, 0xFF, 0x80, 0x00, 0x2F, 0xF4, 0x00, 0x03, 0xFF,
    0x40, 0x00, 0xBF, 0xF0, 0x00, 0x00, 0xBF, 0xD0, 0xFF, 0xC1, 0xFF, 0x42, 0xFF, 0x03, 0xFD, 0x0B,
    0xFC, 0x0F, 0xF8, 0x1F, 0xF0, 0x2F, 0xD0, 0x3F, 0xC0, 0x7F, 0xC0, 0xFF, 0x40, 0xFF, 0x02, 0xFE,
    0x03, 0xFD, 0x07, 0xFC, 0x00, 0x00, 0x00, 0x00, 0x00, 0x00, 0x00, 0x07, 0xC0, 0x02, 0xF0, 0x00,
    0x00, 0x00, 0x00, 0x03, 0xF0, 0x00, 0xF8, 0x00, 0x00, 0x00, 0x00, 0x00, 0xF4, 0x00, 0x7C, 0x00,
    0x00, 0x00, 0x00, 0x00, 0xBC, 0x00, 0x3F, 0x00, 0x00, 0x00, 0x00, 0x00, 0x3F, 0x00, 0x0F, 0x80,
    0x00, 0x00, 0x00, 0x00, 0x1F, 0x40, 0x0B, 0xC0, 0x00, 0x00, 0x00, 0x00, 0x0F, 0xC0, 0x03, 0xF0,
    0x00, 0x00, 0x00, 0xFF, 0xFF, 0xFF, 0xFF, 0xFF, 0xFF, 0xFC, 0x00, 0xBF, 0xFF, 0xFF, 0xFF, 0xFF,
    0xFF, 0xFD, 0x00, 0x1A, 0xAA, 0xFE, 0xAA, 0xBF, 0xAA, 0xA9, 0x00, 0x00, 0x00, 0xBE, 0x00, 0x2F,
    0x40, 0x00, 0x00, 0x00, 0x00, 0x3F, 0x00, 0x0F, 0xC0, 0x00, 0x00, 0x00, 0x00, 0x1F, 0xC0, 0x0B,
    0xE0, 0x00, 0x00, 0x00, 0x00, 0x0F, 0xD0, 0x03, 0xF0, 0x00, 0x00, 0x00, 0x00, 0x07, 0xF0, 0x01,
    0xFC, 0x00, 0x00, 0x00, 0x00, 0x03, 0xF8, 0x00, 0xFD, 0x00, 0x00, 0x00, 0x0F, 0xFF, 0xFF, 0xFF,
    0xFF, 0xFF, 0xFF, 0x80, 0x0B, 0xFF, 0xFF, 0xFF, 0xFF, 0xFF, 0xFF, 0xC0, 0x02, 0xAA, 0xBF, 0xEA,
    0xAF, 0xEA, 0xAA, 0x90, 0x00, 0x00, 0x1F, 0xC0, 0x07, 0xF0, 0x00, 0x00, 0x00, 0x00, 0x0F, 0xF0,
    0x03, 0xF8, 0x00, 0x00, 0x00, 0x00, 0x07, 0xF8, 0x00, 0xFD, 0x00, 0x00, 0x00, 0x00, 0x02, 0xFC,
    0x00, 0xBF, 0x00, 0x00, 0x00, 0x00, 0x00, 0xFF, 0x00, 0x3F, 0x80, 0x00, 0x00, 0x00, 0x00, 0x15,
    0x40, 0x05, 0x40, 0x00, 0x00, 0x00, 0x00, 0x00, 0x00, 0x00, 0x03, 0x82, 0xD0, 0x00, 0x00, 0x00,
    0x00, 0xB8, 0x3C, 0x00, 0x00, 0x00, 0x00, 0x0B, 0x43, 0xC0, 0x00, 0x00, 0x00, 0x01, 0xFF, 0xFF,
    0xF8, 0x00, 0x00, 0x01, 0xFF, 0xFF, 0xFF, 0xC0, 0x00, 0x00, 0xFF, 0xFF, 0xFF, 0xF8, 0x00, 0x00,
    0x3F, 0xFF, 0xAF, 0x06, 0x40, 0x00, 0x0B, 0xFF, 0xC1, 0xF0, 0x00, 0x00, 0x00, 0xFF, 0x3C, 0x1E,
    0x00, 0x00, 0x00, 0x2F, 0xC7, 0x82, 0xD0, 0x00, 0x00, 0x03, 0xF8, 0xB4, 0x3C, 0x00, 0x00, 0x00,
    0x3F, 0xCF, 0x43, 0xC0, 0x00, 0x00, 0x03, 0xFF, 0xF4, 0x78, 0x00, 0x00, 0x00, 0x1F, 0xFF, 0xFF,
    0x80, 0x00, 0x00, 0x00, 0xBF, 0xFF, 0xFF, 0xD0, 0x00, 0x00, 0x00, 0xBF, 0xFF, 0xFF, 0x80, 0x00,
    0x00, 0x03, 0xD7, 0xFF, 0xFF, 0x00, 0x00, 0x00, 0x3C, 0x2F, 0xFF, 0xF8, 0x00, 0x00, 0x07, 0x83,
    0xDF, 0xFF, 0xC0, 0x00, 0x00, 0xB4, 0x3C, 0xFF, 0xFC, 0x00, 0x00, 0x0F, 0x43, 0xEF, 0xFF, 0xC0,
    0x0B, 0x95, 0xF5, 0xBF, 0xFF, 0xF4, 0x03, 0xFF, 0xFF, 0xFF, 0xFF, 0xFE, 0x00, 0xFF, 0xFF, 0xFF,
    0xFF, 0xFF, 0x80, 0x3F, 0xFF, 0xFF, 0xFF, 0xFF, 0xD0, 0x0B, 0xFF, 0xFF, 0xFF, 0xFF, 0xE0, 0x00,
    0x06, 0xFF, 0xFF, 0xFF, 0x40, 0x00, 0x00, 0x00, 0x07, 0x82, 0xD0, 0x00, 0x00, 0x00, 0x00, 0xB4,
    0x3C, 0x00, 0x00, 0x00, 0x00, 0x0F, 0x03, 0xC0, 0x00, 0x00, 0x00, 0x00, 0x00, 0x00, 0x00, 0x00,
    0x00, 0x00, 0x00, 0x00, 0x00, 0x00, 0x00, 0x00, 0x00, 0x00, 0x00, 0x00, 0x74, 0x00, 0x00, 0x00,
    0x00, 0x01, 0xE0, 0x00, 0x05, 0x40, 0x00, 0x03, 0xC0, 0x00, 0xBF, 0xF0, 0x00, 0x0F, 0x00, 0x03,
    0xD0, 0x74, 0x00, 0x3C, 0x00, 0x0B, 0x00, 0x38, 0x00, 0xF4, 0x00, 0x0E, 0x00, 0x38, 0x02, 0xD0,
    0x00, 0x1D, 0x00, 0x38, 0x0B, 0x80, 0x00, 0x2C, 0x00, 0xB0, 0x1E, 0x00, 0x00, 0x2D, 0x01, 0xF0,
    0x7C, 0x00, 0x00, 0x1F, 0xFF, 0xC1, 0xF0, 0x00, 0x00, 0x0B, 0xFF, 0x03, 0xC0, 0x00, 0x00, 0x01,
    0x94, 0x0F, 0xFE, 0x00, 0x00, 0x00, 0x00, 0x3F, 0xAB, 0xC0, 0x00, 0x00, 0x00, 0xBC, 0x01, 0xC0,
    0x00, 0x00, 0x02, 0xF4, 0x01, 0xD0, 0x00, 0x00, 0x0B, 0xF0, 0x01, 0xC0, 0x00, 0x00, 0x1F, 0xF0,
    0x03, 0xC0, 0x00, 0x00, 0x7D, 0xF0, 0x07, 0x80, 0x00, 0x00, 0xF8, 0xFE, 0xBF, 0x00, 0x00, 0x03,
    0xE0, 0xBF, 0xFC, 0x00, 0x00, 0x0F, 0xC0, 0x1F, 0xE0, 0x00, 0x00, 0x3F, 0x00, 0x00, 0x00, 0x00,
    0x00, 0x00, 0x00, 0x00, 0x00, 0x00, 0x00, 0x00, 0x00, 0x00, 0x00, 0x00, 0x00, 0x00, 0x00, 0x1B,
    0xFF, 0x40, 0x00, 0x00, 0x01, 0xFF, 0xFF, 0xE0, 0x00, 0x00, 0x07, 0xF9, 0x02, 0xF4, 0x00, 0x00,
    0x0F, 0xC0, 0x00, 0xF8, 0x00, 0x00, 0x1F, 0x80, 0x01, 0xF8, 0x00, 0x00, 0x2F, 0x40, 0x03, 0xF4,
    0x00, 0x00, 0x2F, 0x80, 0x1F, 0xE0, 0x00, 0x00, 0x0F, 0xD0, 0xBF, 0x80, 0x00, 0x00, 0x07, 0xFB,
    0xFD, 0x00, 0x00, 0x00, 0x02, 0xFF, 0xE0, 0x00, 0x00, 0x00, 0x07, 0xFF, 0x40, 0x00, 0x00, 0x00,
    0x2F, 0xFF, 0x80, 0x00, 0x00, 0x00, 0xFF, 0xDF, 0xE0, 0x00, 0x00, 0x03, 0xFF, 0x03, 0xF4, 0x00,
    0xA8, 0x07, 0xFC, 0x00, 0xFC, 0x01, 0xFC, 0x0F, 0xF4, 0x00, 0x7F, 0x07, 0xF8, 0x2F, 0xF0, 0x00,
    0x1F, 0xDF, 0xF0, 0x2F, 0xF0, 0x00, 0x0B, 0xFF, 0xC0, 0x3F, 0xF0, 0x00, 0x03, 0xFF, 0x40, 0x2F,
    0xFD, 0x00, 0x6F, 0xFE, 0x00, 0x1F, 0xFF, 0xFF, 0xFF, 0xFF, 0x00, 0x0F, 0xFF, 0xFF, 0xFF, 0x8F,
    0x40, 0x02, 0xFF, 0xFF, 0xF8, 0x05, 0x00, 0x00, 0x2F, 0xFE, 0x40, 0x00, 0x00, 0x00, 0x00, 0x00,
    0x00, 0x00, 0x00, 0x7F, 0xD1, 0xFF, 0x43, 0xFE, 0x0F, 0xF8, 0x2F, 0xE0, 0x7F, 0xC0, 0xFF, 0x03,
    0xFD, 0x00, 0x00, 0x00, 0x00, 0x00, 0x00, 0x00, 0x00, 0x00, 0x0F, 0x80, 0x00, 0x00, 0x0B, 0xC0,
    0x00, 0x00, 0x07, 0xD0, 0x00, 0x00, 0x07, 0xE0, 0x00, 0x00, 0x03, 0xF0, 0x00, 0x00, 0x02, 0xF0,
    0x00, 0x00, 0x01, 0xF4, 0x00, 0x00, 0x00, 0xF8, 0x00, 0x00, 0x00, 0xBC, 0x00, 0x00, 0x00, 0x7D,
    0x00, 0x00, 0x00, 0x3F, 0x00, 0x00, 0x00, 0x1F, 0x40, 0x00, 0x00, 0x0F, 0xC0, 0x00, 0x00, 0x07,
    0xD0, 0x00, 0x00, 0x03, 0xF0, 0x00, 0x00, 0x00, 0xF8, 0x00, 0x00, 0x00, 0xBC, 0x00, 0x00, 0x00,
    0x3F, 0x00, 0x00, 0x00, 0x0F, 0x80, 0x00, 0x00, 0x07, 0xD0, 0x00, 0x00, 0x02, 0xF0, 0x00, 0x00,
    0x00, 0xFC, 0x00, 0x00, 0x00, 0x3E, 0x00, 0x00, 0x00, 0x0F, 0x80, 0x00, 0x00, 0x07, 0xD0, 0x00,
    0x00, 0x01, 0xF4, 0x00, 0x00, 0x00, 0x7D, 0x00, 0x00, 0x00, 0x2F, 0x00, 0x00, 0x00, 0x0B, 0xC0,
    0x00, 0x00, 0x02, 0xF4, 0x00, 0x00, 0x00, 0xBD, 0x00, 0x00, 0x00, 0x1F, 0x40, 0x00, 0x00, 0x07,
    0xD0, 0x00, 0x00, 0x01, 0xF8, 0x00, 0x00, 0x00, 0x7F, 0x00, 0x00, 0x00, 0x0F, 0xC0, 0x00, 0x00,
    0x03, 0xF0, 0x00, 0x00, 0x00, 0xFD, 0x00, 0x00, 0x00, 0x2F, 0x80, 0x00, 0x00, 0x00, 0x00, 0x00,
    0x00, 0x3E, 0x00, 0x00, 0x00, 0x1F, 0x40, 0x00, 0x00, 0x0B, 0xC0, 0x00, 0x00, 0x03, 0xF0, 0x00,
    0x00, 0x00, 0xF8, 0x00, 0x00, 0x00, 0x7D, 0x00, 0x00, 0x00, 0x2F, 0x00, 0x00, 0x00, 0x0F, 0xC0,
    0x00, 0x00, 0x07, 0xD0, 0x00, 0x00, 0x03, 0xF0, 0x00, 0x00, 0x00, 0xF8, 0x00, 0x00, 0x00, 0xBC,
    0x00, 0x00, 0x00, 0x3E, 0x00, 0x00, 0x00, 0x2F, 0x00, 0x00, 0x00, 0x0F, 0x80, 0x00, 0x00, 0x0F,
    0xC0, 0x00, 0x00, 0x0B, 0xD0, 0x00, 0x00, 0x03, 0xE0, 0x00, 0x00, 0x03, 0xF0, 0x00, 0x00, 0x02,
    0xF0, 0x00, 0x00, 0x01, 0xF4, 0x00, 0x00, 0x00, 0xF8, 0x00, 0x00, 0x00, 0xFC, 0x00, 0x00, 0x00,
    0xFC, 0x00, 0x00, 0x00, 0xBC, 0x00, 0x00, 0x00, 0xBC, 0x00, 0x00, 0x00, 0xBC, 0x00, 0x00, 0x00,
    0xBD, 0x00, 0x00, 0x00, 0xBD, 0x00, 0x00, 0x00, 0xBD, 0x00, 0x00, 0x00, 0xBD, 0x00, 0x00, 0x00,
    0xBC, 0x00, 0x00, 0x00, 0xFC, 0x00, 0x00, 0x00, 0xFC, 0x00, 0x00, 0x00, 0xFC, 0x00, 0x00, 0x01,
    0xFC, 0x00, 0x00, 0x01, 0xFC, 0x00, 0x00, 0x02, 0xF8, 0x00, 0x00, 0x03, 0xF4, 0x00, 0x00, 0x00,
    0x00, 0x00, 0x07, 0x80, 0x00, 0x00, 0x2D, 0x00, 0x01, 0x40, 0xF0, 0x0E, 0x1F, 0x83, 0xC2, 0xF4,
    0x7F, 0xDE, 0xBD, 0x00, 0x1B, 0xFF, 0x40, 0x00, 0x0B, 0xF0, 0x00, 0x02, 0xFF, 0xFD, 0x00, 0xBE,
    0x79, 0xFF, 0x0F, 0xD1, 0xD0, 0xB8, 0x18, 0x0B, 0x00, 0x40, 0x00, 0x3C, 0x00, 0x00, 0x00, 0xE0,
    0x00, 0x00, 0x00, 0x00, 0xF8, 0x00, 0x00, 0x03, 0xD0, 0x00, 0x00, 0x1F, 0x00, 0x00, 0x00, 0xB8,
    0x00, 0x00, 0x03, 0xD0, 0x00, 0x00, 0x1F, 0x40, 0x07, 0xFF, 0xFF, 0xFF, 0x2F, 0xFF, 0xFF, 0xF8,
    0x00, 0x0F, 0x40, 0x00, 0x00, 0x7C, 0x00, 0x00, 0x02, 0xF0, 0x00, 0x00, 0x0F, 0x80, 0x00, 0x00,
    0x3D, 0x00, 0x00, 0x00, 0xA0, 0x00, 0x00, 0x00, 0x00, 0x00, 0x0F, 0xFC, 0x01, 0xFF, 0x40, 0x3F,
    0xF0, 0x03, 0xFC, 0x00, 0x7F, 0x80, 0x0F, 0xF0, 0x02, 0xFE, 0x00, 0x7F, 0xC0, 0x00, 0x00, 0x00,
    0x3F, 0xFF, 0xFF, 0xF7, 0xFF, 0xFF, 0xFD, 0xBF, 0xFF, 0xFF, 0xC0, 0x07, 0xE0, 0xFE, 0x1F, 0xE3,
    0xFD, 0x7F, 0xD0, 0x00, 0x00, 0x00, 0x00, 0x00, 0x00, 0x01, 0x40, 0x00, 0x00, 0x00, 0x00, 0x00,
    0x03, 0xC0, 0x00, 0x00, 0x00, 0x00, 0x00, 0x03, 0xD0, 0x00, 0x00, 0x00, 0x00, 0x00, 0x01, 0xF0,
    0x00, 0x00, 0x00, 0x00, 0x00, 0x00, 0xF4, 0x00, 0x00, 0x00, 0x00, 0x00, 0x00, 0xBC, 0x00, 0x00,
    0x00, 0x00, 0x00, 0x00, 0x3D, 0x00, 0x00, 0x00, 0x00, 0x00, 0x00, 0x2E, 0x00, 0x00, 0x00, 0x00,
    0x00, 0x00, 0x1F, 0x00, 0x00, 0x00, 0x00, 0x00, 0x00, 0x0F, 0x80, 0x00, 0x00, 0x00, 0x00, 0x00,
    0x07, 0xC0, 0x00, 0x00, 0x00, 0x00, 0x00, 0x03, 0xE0, 0x00, 0x00, 0x00, 0x00, 0x00, 0x02, 0xF0,
    0x00, 0x00, 0x00, 0x00, 0x00, 0x00, 0xF4, 0x00, 0x00, 0x00, 0x00, 0x00, 0x00, 0xBC, 0x00, 0x00,
    0x00, 0x00, 0x00, 0x00, 0x3D, 0x00, 0x00, 0x00, 0x00, 0x00, 0x00, 0x3F, 0x00, 0x00, 0x00, 0x00,
    0x00, 0x00, 0x1F, 0x40, 0x00, 0x00, 0x00, 0x00, 0x00, 0x0F, 0xC0, 0x00, 0x00, 0x00, 0x00, 0x00,
    0x0B, 0xC0, 0x00, 0x00, 0x00, 0x00, 0x00, 0x03, 0xE0, 0x00, 0x00, 0x00, 0x00, 0x00, 0x02, 0xF0,
    0x00, 0x00, 0x00, 0x00, 0x00, 0x00, 0xF8, 0x00, 0x00, 0x00, 0x00, 0x00, 0x00, 0xFC, 0x00, 0x00,
    0x00, 0x00, 0x00, 0x00, 0x7D, 0x00, 0x00, 0x00, 0x00, 0x00, 0x00, 0x3F, 0x00, 0x00, 0x00, 0x00,
    0x00, 0x00, 0x1F, 0x40, 0x00, 0x00, 0x00, 0x00, 0x00, 0x0F, 0xC0, 0x00, 0x00, 0x00, 0x00, 0x00,
    0x0B, 0xD0, 0x00, 0x00, 0x00, 0x00, 0x00, 0x03, 0xF0, 0x00, 0x00, 0x00, 0x00, 0x00, 0x03, 0xF0,
    0x00, 0x00, 0x00, 0x00, 0x00, 0x01, 0xF8, 0x00, 0x00, 0x00, 0x00, 0x00, 0x00, 0xFC, 0x00, 0x00,
    0x00, 0x00, 0x00, 0x00, 0x7E, 0x00, 0x00, 0x00, 0x00, 0x00, 0x00, 0x3F, 0x00, 0x00, 0x00, 0x00,
    0x00, 0x00, 0x2F, 0x40, 0x00, 0x00, 0x00, 0x00, 0x00, 0x0F, 0xC0, 0x00, 0x00, 0x00, 0x00, 0x00,
    0x0B, 0xD0, 0x00, 0x00, 0x00, 0x00, 0x00, 0x07, 0xF0, 0x00, 0x00, 0x00, 0x00, 0x00, 0x03, 0xF4,
    0x00, 0x00, 0x00, 0x00, 0x00, 0x01, 0xFC, 0x00, 0x00, 0x00, 0x00, 0x00, 0x00, 0xFC, 0x00, 0x00,
    0x00, 0x00, 0x00, 0x00, 0xBC, 0x00, 0x00, 0x00, 0x00, 0x00, 0x00, 0x34, 0x00, 0x00, 0x00, 0x00,
    0x00, 0x00, 0x10, 0x00, 0x00, 0x00, 0x00, 0x00, 0x00, 0x00, 0x00, 0x00, 0x1F, 0xF8, 0x00, 0x00,
    0x07, 0xE4, 0x7D, 0x00, 0x00, 0x7D, 0x00, 0x3C, 0x00, 0x07, 0xD0, 0x00, 0xB4, 0x00, 0x3E, 0x00,
    0x02, 0xE0, 0x02, 0xF0, 0x00, 0x0B, 0x80, 0x0F, 0x80, 0x80, 0x3E, 0x00, 0xBD, 0x0F, 0x80, 0xF8,
    0x03, 0xF0, 0x3E, 0x03, 0xD0, 0x1F, 0x82, 0xF4, 0x2F, 0x00, 0xBD, 0x0B, 0xC0, 0xFC, 0x03, 0xF0,
    0x1E, 0x07, 0xE0, 0x0F, 0xC0, 0x00, 0x3F, 0x40, 0x7F, 0x00, 0x01, 0xFC, 0x01, 0xFC, 0x00, 0x0F,
    0xE0, 0x0B, 0xF8, 0x00, 0xFF, 0x40, 0x2F, 0xF9, 0x6F, 0xFC, 0x00, 0x7F, 0xFF, 0xFF, 0xC0, 0x00,
    0xFF, 0xFF, 0xFD, 0x00, 0x03, 0xFF, 0xFF, 0xE0, 0x00, 0x03, 0xFF, 0xFD, 0x00, 0x00, 0x02, 0xFF,
    0x80, 0x00, 0x00, 0x00, 0x00, 0x00, 0x40, 0x00, 0x02, 0xFC, 0x00, 0x03, 0xFF, 0xC0, 0x00, 0x7E,
    0xF8, 0x00, 0x0A, 0x1F, 0x40, 0x00, 0x02, 0xF0, 0x00, 0x00, 0x3F, 0x00, 0x00, 0x07, 0xE0, 0x00,
    0x00, 0xBD, 0x00, 0x00, 0x0F, 0xC0, 0x00, 0x00, 0xFC, 0x00, 0x00, 0x2F, 0x80, 0x00, 0x03, 0xF4,
    0x00, 0x00, 0x3F, 0x00, 0x00, 0x07, 0xF0, 0x00, 0x00, 0xFE, 0x00, 0x00, 0x0F, 0xC0, 0x00, 0x01,
    0xFC, 0x00, 0x2F, 0xFF, 0xFF, 0xE3, 0xFF, 0xFF, 0xFD, 0x7F, 0xFF, 0xFF, 0xCB, 0xFF, 0xFF, 0xF8,
    0x00, 0x00, 0x01, 0x40, 0x00, 0x00, 0x01, 0xFF, 0xFF, 0x00, 0x00, 0x0F, 0xFF, 0xFF, 0xD0, 0x00,
    0x1F, 0x90, 0x1F, 0xF0, 0x00, 0x18, 0x00, 0x03, 0xF0, 0x00, 0x00, 0x00, 0x02, 0xF0, 0x00, 0x00,
    0x00, 0x03, 0xF0, 0x00, 0x00, 0x00, 0x03, 0xF0, 0x00, 0x00, 0x00, 0x0F, 0xE0, 0x00, 0x00, 0x00,
    0x2F, 0xC0, 0x00, 0x00, 0x00, 0xBF, 0x80, 0x00, 0x00, 0x02, 0xFF, 0x00, 0x00, 0x00, 0x1F, 0xFC,
    0x00, 0x00, 0x00, 0xBF, 0xF0, 0x00, 0x00, 0x0B, 0xFF, 0x80, 0x00, 0x00, 0x7F, 0xFD, 0x00, 0x00,
    0x02, 0xFF, 0xF4, 0x00, 0x00, 0x0B, 0xFF, 0xC0, 0x00, 0x00, 0x0F, 0xFF, 0xFF, 0xFC, 0x00, 0x2F,
    0xFF, 0xFF, 0xFC, 0x00, 0x3F, 0xFF, 0xFF, 0xF8, 0x00, 0x7F, 0xFF, 0xFF, 0xF4, 0x00, 0x00, 0x01,
    0xAF, 0xF9, 0x00, 0x00, 0x03, 0xFF, 0xFF, 0xC0, 0x00, 0x0A, 0x40, 0x07, 0xF0, 0x00, 0x00, 0x00,
    0x00, 0xF0, 0x00, 0x00, 0x00, 0x00, 0xF4, 0x00, 0x00, 0x00, 0x00, 0xF0, 0x00, 0x00, 0x00, 0x02,
    0xF0, 0x00, 0x00, 0x00, 0x07, 0xC0, 0x00, 0x00, 0x55, 0xBF, 0x40, 0x00, 0x03, 0xFF, 0xF8, 0x00,
    0x00, 0x07, 0xFF, 0xE4, 0x00, 0x00, 0x00, 0x01, 0xFE, 0x00, 0x00, 0x00, 0x00, 0x3F, 0x00, 0x00,
    0x00, 0x00, 0x3F, 0x00, 0x00, 0x00, 0x00, 0x3F, 0x00, 0x00, 0x00, 0x00, 0x7F, 0x00, 0x00, 0x00,
    0x01, 0xFD, 0x00, 0x06, 0x95, 0x6F, 0xFC, 0x00, 0x0F, 0xFF, 0xFF, 0xF4, 0x00, 0x2F, 0xFF, 0xFF,
    0xD0, 0x00, 0x3F, 0xFF, 0xFF, 0x40, 0x00, 0x06, 0xFF, 0xA0, 0x00, 0x00, 0x00, 0x00, 0x00, 0x00,
    0x00, 0x00, 0x00, 0x78, 0x00, 0x00, 0x01, 0xF4, 0x00, 0x00, 0x07, 0xF0, 0x00, 0x00, 0x1F, 0xF0,
    0x00, 0x00, 0x7F, 0xF0, 0x00, 0x01, 0xFA, 0xE0, 0x00, 0x07, 0xE3, 0xD0, 0x00, 0x1F, 0x87, 0xD0,
    0x00, 0x7F, 0x0B, 0xC0, 0x01, 0xFC, 0x0F, 0xC0, 0x07, 0xF0, 0x1F, 0x80, 0x1F, 0xC0, 0x2F, 0x80,
    0x7F, 0xEA, 0xBF, 0xFD, 0xBF, 0xFF, 0xFF, 0xFC, 0xBF, 0xFF, 0xFF, 0xFC, 0x00, 0x00, 0xFF, 0x00,
    0x00, 0x01, 0xFE, 0x00, 0x00, 0x02, 0xFD, 0x00, 0x00, 0x03, 0xFC, 0x00, 0x00, 0x03, 0xFC, 0x00,
    0x00, 0x0B, 0xFC, 0x00, 0x00, 0x00, 0x00, 0x00, 0x00, 0x00, 0x1F, 0xFF, 0xFF, 0xC0, 0x00, 0xBF,
    0xFF, 0xFF, 0x00, 0x03, 0xD0, 0x00, 0x00, 0x00, 0x0F, 0x00, 0x00, 0x00, 0x00, 0x7C, 0x00, 0x00,
    0x00, 0x02, 0xE0, 0x00, 0x00, 0x00, 0x0F, 0x40, 0x00, 0x00, 0x00, 0x7C, 0x00, 0x00, 0x00, 0x02,
    0xF5, 0x40, 0x00, 0x00, 0x0F, 0xFF, 0xFD, 0x00, 0x00, 0x3F, 0xFF, 0xFF, 0x00, 0x00, 0x50, 0x00,
    0xBE, 0x00, 0x00, 0x00, 0x00, 0xFC, 0x00, 0x00, 0x00, 0x03, 0xF0, 0x00, 0x00, 0x00, 0x1F, 0xC0,
    0x00, 0x00, 0x00, 0xFE, 0x00, 0x10, 0x00, 0x1F, 0xF0, 0x00, 0xFD, 0x5B, 0xFF, 0xC0, 0x07, 0xFF,
    0xFF, 0xFC, 0x00, 0x2F, 0xFF, 0xFF, 0xC0, 0x00, 0xFF, 0xFF, 0xF8, 0x00, 0x01, 0xBF, 0xFA, 0x00,
    0x00, 0x00, 0x00, 0x00, 0x06, 0xFF, 0xF0, 0x00, 0x01, 0xFF, 0xFF, 0xC0, 0x00, 0x2F, 0xE5, 0x55,
    0x00, 0x03, 0xF8, 0x00, 0x00, 0x00, 0x2F, 0x40, 0x00, 0x00, 0x01, 0xF4, 0x00, 0x00, 0x00, 0x0F,
    0xC0, 0x00, 0x00, 0x00, 0x7C, 0x00, 0x00, 0x00, 0x03, 0xF2, 0xFF, 0xE0, 0x00, 0x1F, 0xFF, 0xFF,
    0xF0, 0x00, 0xBF, 0xF4, 0x1F, 0xE0, 0x03, 0xFE, 0x00, 0x0F, 0xC0, 0x0F, 0xE0, 0x00, 0x3F, 0x00,
    0x7F, 0x00, 0x00, 0xFC, 0x01, 0xF8, 0x00, 0x03, 0xF0, 0x0B, 0xD0, 0x00, 0x1F, 0x80, 0x1F, 0x80,
    0x00, 0xFC, 0x00, 0x7F, 0x40, 0x2F, 0xE0, 0x00, 0xFF, 0xFF, 0xFF, 0x00, 0x02, 0xFF, 0xFF, 0xF0,
    0x00, 0x03, 0xFF, 0xFE, 0x00, 0x00, 0x02, 0xFF, 0x80, 0x00, 0x00, 0x00, 0x00, 0x00, 0x00, 0xFF,
    0xFF, 0xFF, 0xD7, 0xFF, 0xFF, 0xFF, 0x00, 0x00, 0x05, 0xF8, 0x00, 0x00, 0x0B, 0xC0, 0x00, 0x00,
    0x3F, 0x00, 0x00, 0x02, 0xF4, 0x00, 0x00, 0x1F, 0xC0, 0x00, 0x00, 0xFE, 0x00, 0x00, 0x07, 0xF0,
    0x00, 0x00, 0x3F, 0x80, 0x00, 0x01, 0xFC, 0x00, 0x00, 0x0F, 0xF0, 0x00, 0x00, 0xBF, 0x40, 0x00,
    0x03, 0xFC, 0x00, 0x00, 0x2F, 0xE0, 0x00, 0x00, 0xFF, 0x00, 0x00, 0x0F, 0xF8, 0x00, 0x00, 0x7F,
    0xD0, 0x00, 0x03, 0xFF, 0x00, 0x00, 0x1F, 0xF4, 0x00, 0x00, 0xFF, 0xC0, 0x00, 0x00, 0x00, 0x00,
    0x0A, 0xFE, 0x40, 0x00, 0x00, 0xBF, 0x9B, 0xE0, 0x00, 0x02, 0xF0, 0x00, 0xF4, 0x00, 0x07, 0xC0,
    0x00, 0xBC, 0x00, 0x0F, 0x80, 0x00, 0xBC, 0x00, 0x0F, 0x40, 0x00, 0xF8, 0x00, 0x1F, 0x40, 0x02,
    0xF4, 0x00, 0x0F, 0x80, 0x07, 0xF0, 0x00, 0x0F, 0xD0, 0x6F, 0xC0, 0x00, 0x07, 0xFF, 0xFF, 0x00,
    0x00, 0x01, 0xFF, 0xF4, 0x00, 0x00, 0x2F, 0xFB, 0xFE, 0x00, 0x00, 0xFF, 0x40, 0x3F, 0x80, 0x03,
    0xF8, 0x00, 0x1F, 0xC0, 0x07, 0xF0, 0x00, 0x0F, 0xC0, 0x0F, 0xD0, 0x00, 0x0F, 0xC0, 0x1F, 0xC0,
    0x00, 0x2F, 0xC0, 0x1F, 0xD0, 0x00, 0x7F, 0x80, 0x1F, 0xF4, 0x06, 0xFF, 0x00, 0x0F, 0xFF, 0xFF,
    0xFC, 0x00, 0x03, 0xFF, 0xFF, 0xE0, 0x00, 0x00, 0x6F, 0xFA, 0x00, 0x00, 0x00, 0x00, 0x2B, 0xF8,
    0x00, 0x00, 0x0B, 0xFF, 0xFD, 0x00, 0x00, 0xFD, 0x01, 0xFC, 0x00, 0x0F, 0xC0, 0x02, 0xF4, 0x00,
    0xBC, 0x00, 0x07, 0xE0, 0x03, 0xD0, 0x00, 0x2F, 0x80, 0x2F, 0x00, 0x00, 0xBE, 0x00, 0xF8, 0x00,
    0x02, 0xF4, 0x03, 0xE0, 0x00, 0x0F, 0xD0, 0x0F, 0xC0, 0x00, 0xBF, 0x00, 0x3F, 0x80, 0x0B, 0xFC,
    0x00, 0xBF, 0xFF, 0xFF, 0xE0, 0x00, 0xBF, 0xFF, 0xFF, 0x40, 0x00, 0x7F, 0xF9, 0xFC, 0x00, 0x00,
    0x00, 0x03, 0xE0, 0x00, 0x00, 0x00, 0x2F, 0x40, 0x00, 0x00, 0x01, 0xFC, 0x00, 0x10, 0x00, 0x1F,
    0xD0, 0x01, 0xFF, 0xFF, 0xFF, 0x00, 0x0B, 0xFF, 0xFF, 0xF0, 0x00, 0x3F, 0xFF, 0xFF, 0x00, 0x00,
    0xBF, 0xFF, 0x90, 0x00, 0x00, 0x00, 0x0F, 0xE0, 0x01, 0xFD, 0x00, 0x3F, 0xD0, 0x07, 0xFC, 0x00,
    0xFF, 0xC0, 0x05, 0x54, 0x00, 0x00, 0x00, 0x00, 0x00, 0x00, 0x00, 0x00, 0x00, 0x00, 0x00, 0x00,
    0x00, 0x00, 0x00, 0x00, 0x00, 0x00, 0xBF, 0x00, 0x0F, 0xF0, 0x01, 0xFF, 0x00, 0x3F, 0xF0, 0x07,
    0xFE, 0x00, 0x00, 0x00, 0x00, 0x00, 0x02, 0xFC, 0x00, 0x03, 0xFC, 0x00, 0x0B, 0xF8, 0x00, 0x0F,
    0xF8, 0x00, 0x2F, 0xF4, 0x00, 0x00, 0x00, 0x00, 0x00, 0x00, 0x00, 0x00, 0x00, 0x00, 0x00, 0x00,
    0x00, 0x00, 0x00, 0x00, 0x00, 0x00, 0x00, 0x00, 0x00, 0x00, 0xFF, 0xC0, 0x01, 0xFF, 0x40, 0x03,
    0xFF, 0x00, 0x03, 0xFC, 0x00, 0x07, 0xF8, 0x00, 0x0F, 0xF0, 0x00, 0x2F, 0xE0, 0x00, 0x7F, 0xC0,
    0x00, 0x00, 0x00, 0x00, 0x00, 0x00, 0x00, 0x00, 0x00, 0x00, 0x00, 0x00, 0x00, 0xB8, 0x00, 0x00,
    0x00, 0x00, 0xBF, 0xC0, 0x00, 0x00, 0x00, 0xBF, 0xF4, 0x00, 0x00, 0x00, 0xBF, 0xF8, 0x00, 0x00,
    0x00, 0xBF, 0xF8, 0x00, 0x00, 0x00, 0xBF, 0xF8, 0x00, 0x00, 0x00, 0xBF, 0xFD, 0x00, 0x00, 0x00,
    0x3F, 0xFD, 0x00, 0x00, 0x00, 0x03, 0xFF, 0x00, 0x00, 0x00, 0x00, 0x2F, 0xFF, 0x90, 0x00, 0x00,
    0x00, 0xBF, 0xFF, 0xF9, 0x00, 0x00, 0x00, 0x1B, 0xFF, 0xFF, 0x90, 0x00, 0x00, 0x06, 0xFF, 0xFF,
    0xF8, 0x00, 0x00, 0x00, 0x6F, 0xFF, 0xC0, 0x00, 0x00, 0x00, 0x0B, 0xFD, 0x00, 0x00, 0x00, 0x00,
    0x01, 0xA0, 0x00, 0x00, 0x01, 0x54, 0x02, 0xFF, 0xFF, 0xFC, 0x0B, 0xFF, 0xFF, 0xFC, 0x00, 0x00,
    0x00, 0x00, 0x00, 0x00, 0x00, 0x00, 0x00, 0x00, 0x00, 0x00, 0x00, 0x00, 0x00, 0x40, 0x1A, 0xFF,
    0xFF, 0xC0, 0x3F, 0xFF, 0xFF, 0xD0, 0x55, 0x00, 0x00, 0x00, 0x00, 0x04, 0x00, 0x00, 0x00, 0x00,
    0x00, 0xF4, 0x00, 0x00, 0x00, 0x00, 0x2F, 0xF4, 0x00, 0x00, 0x00, 0x00, 0xBF, 0xF4, 0x00, 0x00,
    0x00, 0x01, 0xFF, 0xF4, 0x00, 0x00, 0x00, 0x01, 0xFF, 0xF4, 0x00, 0x00, 0x00, 0x01, 0xFF, 0xF4,
    0x00, 0x00, 0x00, 0x02, 0xFF, 0xF4, 0x00, 0x00, 0x00, 0x02, 0xFF, 0xE0, 0x00, 0x00, 0x00, 0x07,
    0xFD, 0x00, 0x00, 0x00, 0x6F, 0xFF, 0xC0, 0x00, 0x01, 0xBF, 0xFF, 0xF4, 0x00, 0x1B, 0xFF, 0xFF,
    0x90, 0x01, 0xBF, 0xFF, 0xF9, 0x00, 0x00, 0x2F, 0xFF, 0xE4, 0x00, 0x00, 0x03, 0xFE, 0x40, 0x00,
    0x00, 0x00, 0x34, 0x00, 0x00, 0x00, 0x00, 0x00, 0x00, 0x00, 0x00, 0x00, 0x00, 0x00, 0x05, 0x54,
    0x00, 0x00, 0x0B, 0xFF, 0xFC, 0x00, 0x07, 0xFF, 0xFF, 0xF0, 0x01, 0xFE, 0x41, 0xBF, 0xC0, 0x0F,
    0x00, 0x02, 0xFC, 0x00, 0x00, 0x00, 0x0F, 0xD0, 0x00, 0x00, 0x00, 0xFD, 0x00, 0x00, 0x00, 0x0F,
    0xC0, 0x00, 0x00, 0x01, 0xFC, 0x00, 0x00, 0x00, 0x2F, 0x80, 0x00, 0x00, 0x07, 0xF0, 0x00, 0x00,
    0x00, 0xFE, 0x00, 0x00, 0x00, 0x2F, 0xC0, 0x00, 0x00, 0x0B, 0xF0, 0x00, 0x00, 0x03, 0xFD, 0x00,
    0x00, 0x02, 0xFF, 0x40, 0x00, 0x02, 0xFF, 0xC0, 0x00, 0x00, 0xBF, 0xE0, 0x00, 0x00, 0x0F, 0xF4,
    0x00, 0x00, 0x00, 0xFF, 0x00, 0x00, 0x00, 0x1F, 0xE0, 0x00, 0x00, 0x02, 0xFD, 0x00, 0x00, 0x00,
    0x3F, 0xC0, 0x00, 0x00, 0x03, 0xFC, 0x00, 0x00, 0x00, 0x10, 0x00, 0x00, 0x00, 0x00, 0x00, 0x00,
    0x00, 0x00, 0x00, 0x00, 0x00, 0x00, 0x0B, 0xD0, 0x00, 0x00, 0x00, 0xFD, 0x00, 0x00, 0x00, 0x2F,
    0xD0, 0x00, 0x00, 0x03, 0xFC, 0x00, 0x00, 0x00, 0xBF, 0xC0, 0x00, 0x00, 0x00, 0x00, 0x00, 0x00,
    0x00, 0x00, 0x00, 0x00, 0x00, 0x00, 0x00, 0x00, 0x1B, 0xFF, 0x80, 0x00, 0x00, 0x00, 0x00, 0x7F,
    0xFF, 0xFE, 0x00, 0x00, 0x00, 0x01, 0xFE, 0x40, 0x07, 0xE0, 0x00, 0x00, 0x02, 0xF8, 0x00, 0x00,
    0x3D, 0x00, 0x00, 0x03, 0xF0, 0x00, 0x00, 0x03, 0xC0, 0x00, 0x03, 0xF0, 0x00, 0x00, 0x00, 0xB0,
    0x00, 0x03, 0xF0, 0x7F, 0x30, 0x00, 0x2C, 0x00, 0x03, 0xF0, 0xB9, 0xBC, 0x00, 0x0B, 0x00, 0x01,
    0xF4, 0x70, 0x0F, 0x00, 0x02, 0xC0, 0x00, 0xFC, 0x30, 0x03, 0x80, 0x00, 0xF0, 0x00, 0xBE, 0x28,
    0x01, 0xD0, 0x00, 0xB4, 0x00, 0x3F, 0x4E, 0x00, 0xF4, 0x00, 0x7C, 0x00, 0x0F, 0xD3, 0xEB, 0xFC,
    0x00, 0x7D, 0x00, 0x07, 0xF4, 0xBF, 0xFF, 0x00, 0xBD, 0x00, 0x01, 0xFE, 0x0B, 0xE3, 0xDB, 0xFD,
    0x00, 0x00, 0x7F, 0xC0, 0x00, 0x03, 0xF8, 0x00, 0x00, 0x1F, 0xF8, 0x00, 0x00, 0x00, 0x00, 0x00,
    0x03, 0xFF, 0x80, 0x00, 0x00, 0x00, 0x00, 0x00, 0xBF, 0xFE, 0x51, 0x6B, 0x40, 0x00, 0x00, 0x0F,
    0xFF, 0xFF, 0xFF, 0xD0, 0x00, 0x00, 0x00, 0xFF, 0xFF, 0xFF, 0xF4, 0x00, 0x00, 0x00, 0x07, 0xFF,
    0xFF, 0xFD, 0x00, 0x00, 0x00, 0x00, 0x1B, 0xFF, 0xE9, 0x00, 0x00, 0x00, 0x00, 0x00, 0x00, 0x00,
    0x00, 0x00, 0x00, 0x00, 0x00, 0x00, 0x00, 0xFE, 0x00, 0x00, 0x00, 0x00, 0x0B, 0xF8, 0x00, 0x00,
    0x00, 0x00, 0x3F, 0xF0, 0x00, 0x00, 0x00, 0x03, 0xFF, 0xC0, 0x00, 0x00, 0x00, 0x1F, 0xBF, 0x00,
    0x00, 0x00, 0x00, 0xFC, 0xFC, 0x00, 0x00, 0x00, 0x0F, 0xD3, 0xF4, 0x00, 0x00, 0x00, 0x7F, 0x0F,
    0xD0, 0x00, 0x00, 0x03, 0xF0, 0x3F, 0x40, 0x00, 0x00, 0x2F, 0x80, 0xBE, 0x00, 0x00, 0x01, 0xFC,
    0x02, 0xF8, 0x00, 0x00, 0x0F, 0xD0, 0x0B, 0xF0, 0x00, 0x00, 0xBF, 0x00, 0x2F, 0xC0, 0x00, 0x07,
    0xF0, 0x00, 0x7F, 0x00, 0x00, 0x3F, 0x80, 0x01, 0xFC, 0x00, 0x02, 0xFC, 0x00, 0x07, 0xF4, 0x00,
    0x0F, 0xD0, 0x00, 0x0F, 0xD0, 0x00, 0xFF, 0xFF, 0xFF, 0xFF, 0x80, 0x0B, 0xFF, 0xFF, 0xFF, 0xFE,
    0x00, 0x3F, 0xFF, 0xFF, 0xFF, 0xF8, 0x03, 0xFF, 0xFF, 0xFF, 0xFF, 0xF0, 0x1F, 0xE0, 0x00, 0x00,
    0x3F, 0xC0, 0xFF, 0x00, 0x00, 0x00, 0xFF, 0x0B, 0xF8, 0x00, 0x00, 0x03, 0xFC, 0x7F, 0xC0, 0x00,
    0x00, 0x1F, 0xF4, 0x00, 0x01, 0x55, 0x55, 0x40, 0x00, 0x00, 0x7F, 0xFF, 0xFF, 0x80, 0x00, 0x0B,
    0xFF, 0xFF, 0xFF, 0x00, 0x00, 0xFD, 0x00, 0x07, 0xF4, 0x00, 0x0F, 0xC0, 0x00, 0x0F, 0x80, 0x01,
    0xFC, 0x00, 0x00, 0xF8, 0x00, 0x2F, 0x80, 0x00, 0x1F, 0x40, 0x03, 0xF0, 0x00, 0x03, 0xF0, 0x00,
    0x3F, 0x00, 0x01, 0xFD, 0x00, 0x0B, 0xFF, 0xFF, 0xFF, 0x40, 0x00, 0xFF, 0xFF, 0xFF, 0x80, 0x00,
    0x0F, 0xFF, 0xFF, 0xFF, 0x40, 0x01, 0xFC, 0x00, 0x02, 0xFD, 0x00, 0x2F, 0x80, 0x00, 0x0F, 0xF0,
    0x03, 0xF4, 0x00, 0x00, 0x7F, 0x00, 0x3F, 0x00, 0x00, 0x07, 0xF0, 0x07, 0xF0, 0x00, 0x00, 0xFF,
    0x00, 0xBE, 0x00, 0x00, 0x1F, 0xE0, 0x0F, 0xD0, 0x00, 0x03, 0xFD, 0x00, 0xFC, 0x00, 0x02, 0xFF,
    0xC0, 0x1F, 0xFF, 0xFF, 0xFF, 0xF8, 0x02, 0xFF, 0xFF, 0xFF, 0xFF, 0x00, 0x3F, 0xFF, 0xFF, 0xFF,
    0xD0, 0x07, 0xFF, 0xFF, 0xFF, 0xF4, 0x00, 0xBF, 0xFF, 0xFF, 0xE0, 0x00, 0x00, 0x00, 0x00, 0x00,
    0x00, 0x00, 0x00, 0x00, 0x00, 0x00, 0x00, 0x1B, 0xFF, 0x90, 0x00, 0x00, 0x01, 0xFF, 0xFF, 0xF8,
    0x00, 0x00, 0x07, 0xFF, 0xFF, 0xFC, 0x00, 0x00, 0x0B, 0xFF, 0x95, 0x5A, 0x00, 0x00, 0x0F, 0xFE,
    0x00, 0x00, 0x00, 0x00, 0x0F, 0xFC, 0x00, 0x00, 0x00, 0x00, 0x0F, 0xFC, 0x00, 0x00, 0x00, 0x00,
    0x0B, 0xF8, 0x00, 0x00, 0x00, 0x00, 0x07, 0xFC, 0x00, 0x00, 0x00, 0x00, 0x03, 0xFC, 0x00, 0x00,
    0x00, 0x00, 0x01, 0xFE, 0x00, 0x00, 0x00, 0x00, 0x00, 0xFF, 0x00, 0x00, 0x00, 0x00, 0x00, 0x7F,
    0x80, 0x00, 0x00, 0x00, 0x00, 0x2F, 0xD0, 0x00, 0x00, 0x00, 0x00, 0x0F, 0xF4, 0x00, 0x00, 0x00,
    0x00, 0x03, 0xFE, 0x00, 0x00, 0x00, 0x00, 0x01, 0xFF, 0xC0, 0x00, 0x00, 0x00, 0x00, 0x7F, 0xFC,
    0x00, 0x00, 0x10, 0x00, 0x1F, 0xFF, 0xF9, 0x56, 0xFC, 0x00, 0x07, 0xFF, 0xFF, 0xFF, 0xFE, 0x00,
    0x00, 0xFF, 0xFF, 0xFF, 0xFF, 0x40, 0x00, 0x2F, 0xFF, 0xFF, 0xFF, 0xC0, 0x00, 0x03, 0xFF, 0xFF,
    0xFF, 0xF0, 0x00, 0x00, 0x7F, 0xFF, 0xFF, 0xF8, 0x00, 0x00, 0x02, 0xFF, 0xFF, 0xE8, 0x00, 0x00,
    0x00, 0x00, 0x00, 0x00, 0x00, 0x00, 0x00, 0x03, 0xFF, 0xFE, 0x90, 0x00, 0x00, 0x01, 0xFF, 0xFF,
    0xFF, 0x80, 0x00, 0x00, 0xBF, 0xFF, 0xFF, 0xFC, 0x00, 0x00, 0x3F, 0xFF, 0xFF, 0xFF, 0xC0, 0x00,
    0x1F, 0xC0, 0x00, 0x7F, 0xF8, 0x00, 0x0B, 0xF0, 0x00, 0x02, 0xFF, 0x00, 0x03, 0xF8, 0x00, 0x00,
    0x2F, 0xE0, 0x00, 0xFD, 0x00, 0x00, 0x03, 0xFC, 0x00, 0x7F, 0x00, 0x00, 0x00, 0xFF, 0x00, 0x2F,
    0xC0, 0x00, 0x00, 0x3F, 0xC0, 0x0F, 0xE0, 0x00, 0x00, 0x0F, 0xF0, 0x03, 0xF4, 0x00, 0x00, 0x03,
    0xFC, 0x01, 0xFC, 0x00, 0x00, 0x00, 0xFF, 0x00, 0xBF, 0x00, 0x00, 0x00, 0x7F, 0xC0, 0x3F, 0x80,
    0x00, 0x00, 0x2F, 0xE0, 0x0F, 0xD0, 0x00, 0x00, 0x0F, 0xF4, 0x07, 0xF0, 0x00, 0x00, 0x0F, 0xFC,
    0x02, 0xFC, 0x00, 0x00, 0x1F, 0xFE, 0x00, 0xFE, 0x55, 0x56, 0xFF, 0xFF, 0x00, 0x3F, 0xFF, 0xFF,
    0xFF, 0xFF, 0x40, 0x1F, 0xFF, 0xFF, 0xFF, 0xFF, 0x80, 0x0F, 0xFF, 0xFF, 0xFF, 0xFF, 0x80, 0x03,
    0xFF, 0xFF, 0xFF, 0xFF, 0x40, 0x01, 0xFF, 0xFF, 0xFF, 0xFD, 0x00, 0x00, 0xBF, 0xFF, 0xFE, 0x90,
    0x00, 0x00, 0x00, 0x00, 0x00, 0x00, 0x00, 0x05, 0x50, 0x00, 0x0B, 0xFF, 0xFF, 0xFF, 0xC0, 0x00,
    0x3F, 0xFF, 0xFF, 0xFD, 0x00, 0x00, 0xFF, 0xFF, 0xFF, 0xE0, 0x00, 0x07, 0xF4, 0x00, 0x00, 0x00,
    0x00, 0x3F, 0x40, 0x00, 0x00, 0x00, 0x00, 0xFC, 0x00, 0x00, 0x00, 0x00, 0x07, 0xF0, 0x00, 0x00,
    0x00, 0x00, 0x2F, 0x80, 0x00, 0x00, 0x00, 0x00, 0xFD, 0x00, 0x00, 0x00, 0x00, 0x07, 0xF5, 0x56,
    0xA0, 0x00, 0x00, 0x2F, 0xFF, 0xFF, 0xC0, 0x00, 0x00, 0xFF, 0xFF, 0xFE, 0x00, 0x00, 0x03, 0xFF,
    0xFF, 0xF4, 0x00, 0x00, 0x1F, 0xD0, 0x00, 0x00, 0x00, 0x00, 0xFE, 0x00, 0x00, 0x00, 0x00, 0x03,
    0xF4, 0x00, 0x00, 0x00, 0x00, 0x1F, 0xC0, 0x00, 0x00, 0x00, 0x00, 0xBF, 0x00, 0x00, 0x00, 0x00,
    0x03, 0xF8, 0x00, 0x00, 0x00, 0x00, 0x1F, 0xFF, 0xFF, 0xFF, 0x40, 0x00, 0xBF, 0xFF, 0xFF, 0xFD,
    0x00, 0x03, 0xFF, 0xFF, 0xFF, 0xF4, 0x00, 0x0F, 0xFF, 0xFF, 0xFF, 0xD0, 0x00, 0xBF, 0xFF, 0xFF,
    0xFF, 0x00, 0x00, 0x00, 0x00, 0x55, 0x5A, 0xAA, 0x80, 0x00, 0x3F, 0xFF, 0xFF, 0xE0, 0x00, 0x1F,
    0xFF, 0xFF, 0xF0, 0x00, 0x0F, 0xF0, 0x00, 0x00, 0x00, 0x03, 0xF4, 0x00, 0x00, 0x00, 0x01, 0xFC,
    0x00, 0x00, 0x00, 0x00, 0xFE, 0x00, 0x00, 0x00, 0x00, 0x3F, 0x40, 0x00, 0x00, 0x00, 0x1F, 0xC0,
    0x00, 0x00, 0x00, 0x0B, 0xFF, 0xFF, 0xF0, 0x00, 0x03, 0xFF, 0xFF, 0xF8, 0x00, 0x01, 0xFF, 0xFF,
    0xFD, 0x00, 0x00, 0xBF, 0xAA, 0xA5, 0x00, 0x00, 0x3F, 0x80, 0x00, 0x00, 0x00, 0x1F, 0xD0, 0x00,
    0x00, 0x00, 0x0B, 0xF0, 0x00, 0x00, 0x00, 0x03, 0xFC, 0x00, 0x00, 0x00, 0x01, 0xFE, 0x00, 0x00,
    0x00, 0x00, 0xBF, 0x40, 0x00, 0x00, 0x00, 0x3F, 0xC0, 0x00, 0x00, 0x00, 0x0F, 0xF0, 0x00, 0x00,
    0x00, 0x0B, 0xF8, 0x00, 0x00, 0x00, 0x03, 0xFD, 0x00, 0x00, 0x00, 0x00, 0xFF, 0x00, 0x00, 0x00,
    0x00, 0xBF, 0xC0, 0x00, 0x00, 0x00, 0x00, 0x00, 0x00, 0x00, 0x00, 0x00, 0x00, 0x00, 0x00, 0x00,
    0x1A, 0xFF, 0xFE, 0x40, 0x00, 0x01, 0xFF, 0xFF, 0xFF, 0xF0, 0x00, 0x03, 0xFF, 0xFF, 0xAA, 0xFC,
    0x00, 0x03, 0xFF, 0xD0, 0x00, 0x01, 0x00, 0x03, 0xFF, 0x40, 0x00, 0x00, 0x00, 0x02, 0xFF, 0x00,
    0x00, 0x00, 0x00, 0x00, 0xFF, 0x40, 0x00, 0x00, 0x00, 0x00, 0xBF, 0x80, 0x00, 0x00, 0x00, 0x00,
    0x3F, 0xC0, 0x00, 0x00, 0x00, 0x00, 0x2F, 0xE0, 0x00, 0x00, 0x00, 0x00, 0x0F, 0xF4, 0x00, 0x00,
    0x00, 0x00, 0x03, 0xFC, 0x00, 0x00, 0x00, 0x00, 0x01, 0xFE, 0x00, 0x00, 0x95, 0x00, 0x00, 0xBF,
    0x40, 0x00, 0x3F, 0xFF, 0xE0, 0x3F, 0xD0, 0x00, 0x0F, 0xFF, 0xFC, 0x0F, 0xF0, 0x00, 0x00, 0x1B,
    0xFF, 0x03, 0xFC, 0x00, 0x00, 0x00, 0xF9, 0x40, 0xFF, 0x40, 0x00, 0x00, 0xBD, 0x00, 0x3F, 0xF0,
    0x00, 0x00, 0x3F, 0x40, 0x0F, 0xFF, 0xA5, 0x56, 0xFF, 0xC0, 0x03, 0xFF, 0xFF, 0xFF, 0xFF, 0xF0,
    0x00, 0xBF, 0xFF, 0xFF, 0xFF, 0xF8, 0x00, 0x0F, 0xFF, 0xFF, 0xFF, 0xFE, 0x00, 0x00, 0xBF, 0xFF,
    0xFF, 0xFD, 0x00, 0x00, 0x01, 0xBF, 0xFF, 0x90, 0x00, 0x00, 0x00, 0x01, 0xA8, 0x00, 0x00, 0x02,
    0xA0, 0x00, 0x0B, 0xF0, 0x00, 0x00, 0x2F, 0xC0, 0x00, 0x3F, 0x80, 0x00, 0x00, 0xFE, 0x00, 0x01,
    0xFD, 0x00, 0x00, 0x07, 0xF4, 0x00, 0x0B, 0xF0, 0x00, 0x00, 0x2F, 0xC0, 0x00, 0x3F, 0xC0, 0x00,
    0x00, 0xFF, 0x00, 0x00, 0xFE, 0x00, 0x00, 0x03, 0xF8, 0x00, 0x07, 0xF4, 0x00, 0x00, 0x1F, 0xD0,
    0x00, 0x3F, 0xC0, 0x00, 0x00, 0xFF, 0x00, 0x00, 0xFF, 0x00, 0x00, 0x03, 0xFC, 0x00, 0x07, 0xF8,
    0x00, 0x00, 0x1F, 0xF0, 0x00, 0x2F, 0xD0, 0x00, 0x00, 0xBF, 0x80, 0x00, 0xFF, 0x00, 0x00, 0x03,
    0xFD, 0x00, 0x07, 0xFE, 0x55, 0x55, 0x6F, 0xF0, 0x00, 0x2F, 0xFF, 0xFF, 0xFF, 0xFF, 0xC0, 0x00,
    0xFF, 0xFF, 0xFF, 0xFF, 0xFE, 0x00, 0x03, 0xFF, 0xFF, 0xFF, 0xFF, 0xF4, 0x00, 0x1F, 0xFF, 0xFF,
    0xFF, 0xFF, 0xC0, 0x00, 0xFF, 0xFF, 0xFF, 0xFF, 0xFF, 0x00, 0x03, 0xFE, 0x00, 0x00, 0x0F, 0xF8,
    0x00, 0x1F, 0xF4, 0x00, 0x00, 0x7F, 0xD0, 0x00, 0xBF, 0xC0, 0x00, 0x02, 0xFF, 0x40, 0x03, 0xFF,
    0x00, 0x00, 0x0F, 0xFC, 0x00, 0x0F, 0xF8, 0x00, 0x00, 0x7F, 0xF0, 0x00, 0xBF, 0xD0, 0x00, 0x02,
    0xFF, 0x80, 0x00, 0x00, 0x03, 0xF8, 0x00, 0x03, 0xFC, 0x00, 0x07, 0xF8, 0x00, 0x0B, 0xF4, 0x00,
    0x0B, 0xF0, 0x00, 0x0F, 0xF0, 0x00, 0x0F, 0xD0, 0x00, 0x1F, 0xC0, 0x00, 0x2F, 0xC0, 0x00, 0x3F,
    0x80, 0x00, 0x3F, 0x40, 0x00, 0xBF, 0x00, 0x00, 0xFF, 0x00, 0x00, 0xFE, 0x00, 0x01, 0xFE, 0x00,
    0x02, 0xFD, 0x00, 0x03, 0xFC, 0x00, 0x03, 0xFC, 0x00, 0x0B, 0xF8, 0x00, 0x0F, 0xF4, 0x00, 0x0F,
    0xF4, 0x00, 0x2F, 0xF0, 0x00, 0x3F, 0xF0, 0x00, 0x7F, 0xE0, 0x00, 0x6F, 0xE0, 0x00, 0x00, 0x00,
    0x00, 0x00, 0xAA, 0x00, 0x00, 0x00, 0x00, 0x7F, 0x80, 0x00, 0x00, 0x00, 0x2F, 0xD0, 0x00, 0x00,
    0x00, 0x0F, 0xF0, 0x00, 0x00, 0x00, 0x07, 0xFC, 0x00, 0x00, 0x00, 0x02, 0xFD, 0x00, 0x00, 0x00,
    0x00, 0xFF, 0x00, 0x00, 0x00, 0x00, 0x3F, 0xC0, 0x00, 0x00, 0x00, 0x2F, 0xD0, 0x00, 0x00, 0x00,
    0x0F, 0xF0, 0x00, 0x00, 0x00, 0x03, 0xFC, 0x00, 0x00, 0x00, 0x01, 0xFE, 0x00, 0x00, 0x00, 0x00,
    0xBF, 0x00, 0x00, 0x00, 0x00, 0x3F, 0xC0, 0x00, 0x00, 0x00, 0x1F, 0xE0, 0x00, 0x00, 0x00, 0x0B,
    0xF4, 0x00, 0x00, 0x00, 0x03, 0xFC, 0x00, 0x00, 0x00, 0x00, 0xFE, 0x00, 0x00, 0x00, 0x00, 0xBF,
    0x40, 0x00, 0x00, 0x00, 0x3F, 0xC0, 0x00, 0x00, 0x00, 0x0F, 0xE0, 0x00, 0x00, 0x00, 0x07, 0xF4,
    0x00, 0x00, 0x00, 0x02, 0xFC, 0x00, 0x00, 0x00, 0x00, 0xFE, 0x00, 0x00, 0x00, 0x00, 0xBF, 0x40,
    0x00, 0x00, 0x00, 0x7F, 0xC0, 0x00, 0x00, 0x40, 0xBF, 0xE0, 0x00, 0x00, 0x3F, 0xFF, 0xF0, 0x00,
    0x00, 0x1F, 0xFF, 0xF4, 0x00, 0x00, 0x0B, 0xFF, 0xF8, 0x00, 0x00, 0x03, 0xFF, 0xF4, 0x00, 0x00,
    0x00, 0xFF, 0x90, 0x00, 0x00, 0x00, 0x00, 0x00, 0x00, 0x00, 0x00, 0x00, 0x00, 0x00, 0x3F, 0x40,
    0x0F, 0xF0, 0x00, 0x01, 0xFC, 0x00, 0xFF, 0x40, 0x00, 0x0F, 0xE0, 0x0B, 0xF4, 0x00, 0x00, 0x3F,
    0x40, 0xBF, 0x80, 0x00, 0x02, 0xFC, 0x07, 0xF8, 0x00, 0x00, 0x0F, 0xE0, 0x7F, 0xC0, 0x00, 0x00,
    0x3F, 0x43, 0xFC, 0x00, 0x00, 0x02, 0xFC, 0x3F, 0xC0, 0x00, 0x00, 0x0F, 0xE3, 0xFD, 0x00, 0x00,
    0x00, 0x7F, 0x7F, 0xD0, 0x00, 0x00, 0x02, 0xFF, 0xFE, 0x00, 0x00, 0x00, 0x0F, 0xFF, 0xE0, 0x00,
    0x00, 0x00, 0x7F, 0xFF, 0x00, 0x00, 0x00, 0x02, 0xFF, 0xF0, 0x00, 0x00, 0x00, 0x0F, 0xFF, 0xF0,
    0x00, 0x00, 0x00, 0x7F, 0xFF, 0xD0, 0x00, 0x00, 0x02, 0xFF, 0xFF, 0xC0, 0x00, 0x00, 0x0F, 0xF3,
    0xFF, 0xC0, 0x00, 0x00, 0x7F, 0x8B, 0xFF, 0x80, 0x00, 0x03, 0xFD, 0x0F, 0xFF, 0x40, 0x00, 0x0F,
    0xF0, 0x2F, 0xFF, 0x00, 0x00, 0x7F, 0x80, 0x3F, 0xFE, 0x00, 0x03, 0xFD, 0x00, 0xBF, 0xFD, 0x00,
    0x0F, 0xF0, 0x01, 0xFF, 0xFC, 0x00, 0xBF, 0x80, 0x03, 0xFF, 0xF8, 0x00, 0x00, 0x00, 0xA9, 0x00,
    0x00, 0x00, 0x1F, 0xC0, 0x00, 0x00, 0x02, 0xFC, 0x00, 0x00, 0x00, 0x3F, 0x80, 0x00, 0x00, 0x03,
    0xF4, 0x00, 0x00, 0x00, 0xBF, 0x00, 0x00, 0x00, 0x0F, 0xE0, 0x00, 0x00, 0x00, 0xFD, 0x00, 0x00,
    0x00, 0x1F, 0xC0, 0x00, 0x00, 0x03, 0xFC, 0x00, 0x00, 0x00, 0x3F, 0x80, 0x00, 0x00, 0x07, 0xF0,
    0x00, 0x00, 0x00, 0xFF, 0x00, 0x00, 0x00, 0x0F, 0xE0, 0x00, 0x00, 0x01, 0xFD, 0x00, 0x00, 0x00,
    0x2F, 0xC0, 0x00, 0x00, 0x03, 0xF8, 0x00, 0x00, 0x00, 0x7F, 0x40, 0x00, 0x00, 0x0B, 0xF0, 0x00,
    0x00, 0x00, 0xFF, 0x00, 0x00, 0x00, 0x1F, 0xFA, 0xAB, 0xFF, 0xC2, 0xFF, 0xFF, 0xFF, 0xF8, 0x3F,
    0xFF, 0xFF, 0xFF, 0x43, 0xFF, 0xFF, 0xFF, 0xF0, 0xBF, 0xFF, 0xFF, 0xFF, 0x00, 0x00, 0x00, 0xAA,
    0x80, 0x00, 0x00, 0x2A, 0xA0, 0x00, 0x03, 0xFF, 0x40, 0x00, 0x01, 0xFF, 0xC0, 0x00, 0x1F, 0xFE,
    0x00, 0x00, 0x0F, 0xFE, 0x00, 0x00, 0xFF, 0xF8, 0x00, 0x00, 0xBF, 0xF4, 0x00, 0x03, 0xFF, 0xF0,
    0x00, 0x07, 0xFF, 0xC0, 0x00, 0x1F, 0xFF, 0xC0, 0x00, 0x3F, 0xFF, 0x00, 0x00, 0xBF, 0xFF, 0x00,
    0x02, 0xFF, 0xFC, 0x00, 0x03, 0xFF, 0xFC, 0x00, 0x1F, 0xFF, 0xE0, 0x00, 0x1F, 0xDF, 0xF4, 0x00,
    0xFF, 0xBF, 0x40, 0x00, 0xBE, 0x7F, 0xE0, 0x0B, 0xFA, 0xFD, 0x00, 0x03, 0xF8, 0xFF, 0x80, 0x7F,
    0xCF, 0xF0, 0x00, 0x1F, 0xD3, 0xFF, 0x03, 0xFD, 0x7F, 0xC0, 0x00, 0xBF, 0x0F, 0xFC, 0x2F, 0xE2,
    0xFE, 0x00, 0x03, 0xFC, 0x3F, 0xF1, 0xFF, 0x0F, 0xF8, 0x00, 0x1F, 0xE0, 0xBF, 0xDF, 0xF4, 0x7F,
    0xD0, 0x00, 0xBF, 0x82, 0xFF, 0xFF, 0xC2, 0xFF, 0x00, 0x03, 0xFD, 0x07, 0xFF, 0xFC, 0x0F, 0xFC,
    0x00, 0x1F, 0xF0, 0x0F, 0xFF, 0xE0, 0x7F, 0xF0, 0x00, 0xBF, 0xC0, 0x3F, 0xFF, 0x02, 0xFF, 0x80,
    0x03, 0xFE, 0x00, 0xFF, 0xF4, 0x0F, 0xFD, 0x00, 0x0F, 0xF4, 0x03, 0xFF, 0x80, 0x7F, 0xF0, 0x00,
    0xBF, 0xD0, 0x0B, 0xFC, 0x02, 0xFF, 0xC0, 0x03, 0xFF, 0x00, 0x2F, 0xD0, 0x0F, 0xFF, 0x00, 0x0F,
    0xFC, 0x00, 0x00, 0x00, 0x7F, 0xF8, 0x00, 0xBF, 0xE0, 0x00, 0x00, 0x02, 0xFF, 0xD0, 0x00, 0x00,
    0x00, 0x00, 0x00, 0x00, 0x01, 0xA8, 0x00, 0x00, 0x7F, 0x80, 0x00, 0x03, 0xFC, 0x00, 0x00, 0xFF,
    0xC0, 0x00, 0x03, 0xF8, 0x00, 0x00, 0xFF, 0xC0, 0x00, 0x0B, 0xF0, 0x00, 0x02, 0xFF, 0xD0, 0x00,
    0x0F, 0xF0, 0x00, 0x03, 0xFF, 0xE0, 0x00, 0x0F, 0xE0, 0x00, 0x07, 0xFF, 0xE0, 0x00, 0x2F, 0xD0,
    0x00, 0x0B, 0xFF, 0xF0, 0x00, 0x3F, 0xC0, 0x00, 0x0F, 0xFF, 0xF0, 0x00, 0x7F, 0x80, 0x00, 0x1F,
    0xEB, 0xF4, 0x00, 0xBF, 0x40, 0x00, 0x2F, 0xD7, 0xF8, 0x00, 0xFF, 0x00, 0x00, 0x3F, 0xC3, 0xF8,
    0x01, 0xFE, 0x00, 0x00, 0x7F, 0xC3, 0xFC, 0x02, 0xFD, 0x00, 0x00, 0xBF, 0x83, 0xFC, 0x03, 0xFC,
    0x00, 0x00, 0xFF, 0x42, 0xFD, 0x07, 0xF8, 0x00, 0x01, 0xFF, 0x01, 0xFE, 0x0B, 0xF4, 0x00, 0x02,
    0xFF, 0x00, 0xFF, 0x0F, 0xF0, 0x00, 0x03, 0xFE, 0x00, 0xFF, 0x1F, 0xE0, 0x00, 0x07, 0xFD, 0x00,
    0xFF, 0x3F, 0xD0, 0x00, 0x0F, 0xFC, 0x00, 0xBF, 0x7F, 0xC0, 0x00, 0x0F, 0xFC, 0x00, 0x7F, 0xFF,
    0xC0, 0x00, 0x1F, 0xF8, 0x00, 0x3F, 0xFF, 0x40, 0x00, 0x3F, 0xF4, 0x00, 0x3F, 0xFF, 0x00, 0x00,
    0x3F, 0xF0, 0x00, 0x2F, 0xFF, 0x00, 0x00, 0xBF, 0xF0, 0x00, 0x2F, 0xFD, 0x00, 0x00, 0x00, 0x00,
    0x00, 0x6F, 0xFF, 0x80, 0x00, 0x00, 0x00, 0x0B, 0xFF, 0xFF, 0xF8, 0x00, 0x00, 0x00, 0x7F, 0xFF,
    0xBF, 0xFF, 0x00, 0x00, 0x01, 0xFF, 0xD0, 0x02, 0xFF, 0x80, 0x00, 0x07, 0xFE, 0x00, 0x00, 0xBF,
    0xC0, 0x00, 0x0F, 0xF4, 0x00, 0x00, 0x3F, 0xD0, 0x00, 0x3F, 0xE0, 0x00, 0x00, 0x2F, 0xE0, 0x00,
    0x7F, 0x80, 0x00, 0x00, 0x1F, 0xE0, 0x00, 0xFF, 0x00, 0x00, 0x00, 0x0F, 0xE0, 0x01, 0xFD, 0x00,
    0x00, 0x00, 0x0F, 0xD0, 0x03, 0xFC, 0x00, 0x00, 0x00, 0x0F, 0xD0, 0x03, 0xF4, 0x00, 0x00, 0x00,
    0x1F, 0xC0, 0x07, 0xF0, 0x00, 0x00, 0x00, 0x2F, 0xC0, 0x0B, 0xF0, 0x00, 0x00, 0x00, 0x3F, 0x40,
    0x0F, 0xE0, 0x00, 0x00, 0x00, 0x7F, 0x00, 0x0F, 0xE0, 0x00, 0x00, 0x00, 0xFF, 0x00, 0x0F, 0xF0,
    0x00, 0x00, 0x03, 0xFD, 0x00, 0x0F, 0xF8, 0x00, 0x00, 0x1F, 0xFC, 0x00, 0x0F, 0xFF, 0x50, 0x16,
    0xFF, 0xF4, 0x00, 0x0F, 0xFF, 0xFF, 0xFF, 0xFF, 0xF0, 0x00, 0x0B, 0xFF, 0xFF, 0xFF, 0xFF, 0xC0,
    0x00, 0x03, 0xFF, 0xFF, 0xFF, 0xFF, 0x40, 0x00, 0x02, 0xFF, 0xFF, 0xFF, 0xFC, 0x00, 0x00, 0x00,
    0x7F, 0xFF, 0xFF, 0xE0, 0x00, 0x00, 0x00, 0x06, 0xFF, 0xF9, 0x00, 0x00, 0x00, 0x00, 0x00, 0x00,
    0x00, 0x00, 0x00, 0x00, 0x00, 0x00, 0xFF, 0xFF, 0xE4, 0x00, 0x00, 0x03, 0xFF, 0xFF, 0xFC, 0x00,
    0x00, 0x1F, 0xEA, 0xFF, 0xFC, 0x00, 0x00, 0xFD, 0x00, 0x07, 0xF4, 0x00, 0x03, 0xF0, 0x00, 0x0B,
    0xE0, 0x00, 0x1F, 0xC0, 0x00, 0x1F, 0x80, 0x00, 0xFE, 0x00, 0x00, 0xBE, 0x00, 0x03, 0xF4, 0x00,
    0x03, 0xF0, 0x00, 0x1F, 0xC0, 0x00, 0x3F, 0xC0, 0x00, 0xBF, 0x00, 0x1B, 0xFD, 0x00, 0x03, 0xFF,
    0xFF, 0xFF, 0xE0, 0x00, 0x1F, 0xFF, 0xFF, 0xFE, 0x00, 0x00, 0xBF, 0xFF, 0xFF, 0x80, 0x00, 0x03,
    0xFF, 0xAA, 0x40, 0x00, 0x00, 0x1F, 0xE0, 0x00, 0x00, 0x00, 0x00, 0xBF, 0x40, 0x00, 0x00, 0x00,
    0x03, 0xFD, 0x00, 0x00, 0x00, 0x00, 0x1F, 0xF0, 0x00, 0x00, 0x00, 0x00, 0xBF, 0xC0, 0x00, 0x00,
    0x00, 0x03, 0xFE, 0x00, 0x00, 0x00, 0x00, 0x0F, 0xF4, 0x00, 0x00, 0x00, 0x00, 0xBF, 0xC0, 0x00,
    0x00, 0x00, 0x03, 0xFF, 0x00, 0x00, 0x00, 0x00, 0x0F, 0xFC, 0x00, 0x00, 0x00, 0x00, 0xBF, 0xE0,
    0x00, 0x00, 0x00, 0x00, 0x00, 0x00, 0x00, 0x06, 0xFF, 0xD0, 0x00, 0x00, 0x00, 0x00, 0x2F, 0xFF,
    0xFF, 0x40, 0x00, 0x00, 0x00, 0x7F, 0xFE, 0xBF, 0xF8, 0x00, 0x00, 0x00, 0xBF, 0xD0, 0x00, 0xFF,
    0x40, 0x00, 0x00, 0xBF, 0x80, 0x00, 0x0F, 0xF0, 0x00, 0x00, 0xBF, 0x80, 0x00, 0x01, 0xFD, 0x00,
    0x00, 0x7F, 0x80, 0x00, 0x00, 0x3F, 0x40, 0x00, 0x3F, 0xC0, 0x00, 0x00, 0x0F, 0xE0, 0x00, 0x2F,
    0xC0, 0x00, 0x00, 0x03, 0xF8, 0x00, 0x0F, 0xE0, 0x00, 0x00, 0x00, 0xFE, 0x00, 0x0B, 0xF0, 0x00,
    0x00, 0x00, 0x3F, 0x40, 0x03, 0xF8, 0x00, 0x00, 0x00, 0x0F, 0xD0, 0x01, 0xFD, 0x00, 0x00, 0x00,
    0x07, 0xF0, 0x00, 0xBF, 0x00, 0x00, 0x00, 0x03, 0xFC, 0x00, 0x2F, 0xC0, 0x00, 0x00, 0x00, 0xFD,
    0x00, 0x0F, 0xF0, 0x00, 0x00, 0x00, 0xBF, 0x00, 0x03, 0xFC, 0x00, 0x00, 0x00, 0x3F, 0x80, 0x00,
    0xFF, 0x00, 0x03, 0x80, 0x3F, 0xC0, 0x00, 0x3F, 0xE0, 0x02, 0xFF, 0xBF, 0xE0, 0x00, 0x0F, 0xFF,
    0xAA, 0xFF, 0xFF, 0xF0, 0x00, 0x03, 0xFF, 0xFF, 0xFF, 0xFF, 0xF0, 0x00, 0x00, 0xBF, 0xFF, 0xFF,
    0xFF, 0xF0, 0x00, 0x00, 0x0F, 0xFF, 0xFF, 0xFF, 0xF0, 0x00, 0x00, 0x00, 0xFF, 0xFF, 0xFF, 0xF8,
    0x00, 0x00, 0x00, 0x06, 0xFF, 0xFF, 0xFF, 0x00, 0x00, 0x00, 0x00, 0x00, 0x0B, 0xFF, 0xF0, 0x00,
    0x00, 0x00, 0x00, 0x00, 0xFF, 0xFD, 0x00, 0x00, 0x00, 0x00, 0x00, 0x2F, 0xFF, 0xC0, 0x00, 0x00,
    0x00, 0x00, 0x03, 0xFF, 0xF8, 0x00, 0x00, 0x00, 0x00, 0x6A, 0xA9, 0x40, 0x00, 0x00, 0x0F, 0xFF,
    0xFF, 0x80, 0x00, 0x01, 0xFF, 0xFF, 0xFE, 0x00, 0x00, 0x2E, 0x00, 0x0B, 0xF0, 0x00, 0x03, 0xD0,
    0x00, 0x2F, 0x40, 0x00, 0x7C, 0x00, 0x02, 0xF4, 0x00, 0x0B, 0xC0, 0x00, 0x2F, 0x00, 0x00, 0xF8,
    0x00, 0x07, 0xF0, 0x00, 0x1F, 0x00, 0x01, 0xFE, 0x00, 0x02, 0xF0, 0x01, 0xFF, 0xC0, 0x00, 0x3F,
    0xFF, 0xFF, 0xF4, 0x00, 0x07, 0xFF, 0xFF, 0xF8, 0x00, 0x00, 0xBF, 0xFF, 0xFD, 0x00, 0x00, 0x0F,
    0xFF, 0xFF, 0xF4, 0x00, 0x00, 0xFF, 0x95, 0xBF, 0xC0, 0x00, 0x2F, 0xD0, 0x01, 0xFD, 0x00, 0x03,
    0xFC, 0x00, 0x0F, 0xE0, 0x00, 0x3F, 0xC0, 0x00, 0xFE, 0x00, 0x0B, 0xFC, 0x00, 0x1F, 0xE0, 0x00,
    0xFF, 0x80, 0x02, 0xFE, 0x00, 0x0F, 0xF4, 0x00, 0x3F, 0xE0, 0x02, 0xFF, 0x00, 0x07, 0xFE, 0x00,
    0x3F, 0xF0, 0x00, 0xBF, 0xE0, 0x03, 0xFF, 0x00, 0x0F, 0xFE, 0x00, 0xBF, 0xE0, 0x00, 0xFF, 0xE0,
    0x00, 0x00, 0x00, 0x00, 0x01, 0x55, 0x50, 0x00, 0x00, 0x00, 0x1F, 0xFF, 0xFF, 0xC0, 0x00, 0x00,
    0x7F, 0xFF, 0xFF, 0xF0, 0x00, 0x00, 0x3F, 0xFF, 0xFF, 0xF8, 0x00, 0x00, 0x3F, 0xFD, 0x40, 0x04,
    0x00, 0x00, 0x2F, 0xF0, 0x00, 0x00, 0x00, 0x00, 0x0F, 0xE0, 0x00, 0x00, 0x00, 0x00, 0x07, 0xF0,
    0x00, 0x00, 0x00, 0x00, 0x02, 0xF8, 0x00, 0x00, 0x00, 0x00, 0x00, 0xFF, 0x00, 0x00, 0x00, 0x00,
    0x00, 0x3F, 0xF9, 0x00, 0x00, 0x00, 0x00, 0x07, 0xFF, 0xFE, 0x40, 0x00, 0x00, 0x00, 0xBF, 0xFF,
    0xFE, 0x00, 0x00, 0x00, 0x07, 0xFF, 0xFF, 0xF4, 0x00, 0x00, 0x00, 0x06, 0xFF, 0xFF, 0x80, 0x00,
    0x00, 0x00, 0x02, 0xFF, 0xF4, 0x00, 0x00, 0x00, 0x00, 0x2F, 0xFE, 0x00, 0x00, 0x00, 0x00, 0x0B,
    0xFF, 0xC0, 0x00, 0x00, 0x00, 0x03, 0xFF, 0xF0, 0x00, 0x40, 0x00, 0x02, 0xFF, 0xF8, 0x00, 0xBF,
    0xEA, 0xAF, 0xFF, 0xFC, 0x00, 0xBF, 0xFF, 0xFF, 0xFF, 0xFD, 0x00, 0xBF, 0xFF, 0xFF, 0xFF, 0xFD,
    0x00, 0xBF, 0xFF, 0xFF, 0xFF, 0xFD, 0x00, 0x2F, 0xFF, 0xFF, 0xFF, 0xF4, 0x00, 0x01, 0xBF, 0xFF,
    0xFE, 0x40, 0x00, 0x00, 0x00, 0x00, 0x00, 0x00, 0x00, 0x00, 0x0F, 0xFF, 0xFF, 0xFF, 0xFF, 0xF0,
    0x7F, 0xFF, 0xFF, 0xFF, 0xFF, 0xC2, 0xFF, 0xFF, 0xFF, 0xFF, 0xFE, 0x0A, 0x95, 0x0B, 0xF0, 0x01,
    0x50, 0x00, 0x00, 0x3F, 0x80, 0x00, 0x00, 0x00, 0x00, 0xFD, 0x00, 0x00, 0x00, 0x00, 0x07, 0xF0,
    0x00, 0x00, 0x00, 0x00, 0x2F, 0xC0, 0x00, 0x00, 0x00, 0x00, 0xFE, 0x00, 0x00, 0x00, 0x00, 0x07,
    0xF4, 0x00, 0x00, 0x00, 0x00, 0x2F, 0xC0, 0x00, 0x00, 0x00, 0x00, 0xFF, 0x00, 0x00, 0x00, 0x00,
    0x07, 0xF8, 0x00, 0x00, 0x00, 0x00, 0x2F, 0xD0, 0x00, 0x00, 0x00, 0x00, 0xFF, 0x00, 0x00, 0x00,
    0x00, 0x03, 0xFC, 0x00, 0x00, 0x00, 0x00, 0x1F, 0xE0, 0x00, 0x00, 0x00, 0x00, 0xFF, 0x80, 0x00,
    0x00, 0x00, 0x03, 0xFD, 0x00, 0x00, 0x00, 0x00, 0x1F, 0xF0, 0x00, 0x00, 0x00, 0x00, 0xBF, 0xC0,
    0x00, 0x00, 0x00, 0x03, 0xFE, 0x00, 0x00, 0x00, 0x00, 0x1F, 0xF4, 0x00, 0x00, 0x00, 0x00, 0xBF,
    0xC0, 0x00, 0x00, 0x00, 0x03, 0xFF, 0x00, 0x00, 0x00, 0x00, 0x00, 0x0F, 0xF4, 0x00, 0x00, 0x7F,
    0xD0, 0x01, 0xFF, 0x40, 0x00, 0x0B, 0xFC, 0x00, 0x2F, 0xF0, 0x00, 0x00, 0xFF, 0xC0, 0x03, 0xFE,
    0x00, 0x00, 0x0F, 0xF8, 0x00, 0x3F, 0xD0, 0x00, 0x01, 0xFF, 0x00, 0x07, 0xFC, 0x00, 0x00, 0x2F,
    0xF0, 0x00, 0xBF, 0xC0, 0x00, 0x03, 0xFE, 0x00, 0x0F, 0xF4, 0x00, 0x00, 0x3F, 0xD0, 0x00, 0xFF,
    0x00, 0x00, 0x07, 0xFC, 0x00, 0x0F, 0xF0, 0x00, 0x00, 0xBF, 0x80, 0x01, 0xFE, 0x00, 0x00, 0x0B,
    0xF4, 0x00, 0x2F, 0xC0, 0x00, 0x00, 0xFF, 0x00, 0x03, 0xFC, 0x00, 0x00, 0x0F, 0xE0, 0x00, 0x3F,
    0x80, 0x00, 0x01, 0xFD, 0x00, 0x07, 0xF4, 0x00, 0x00, 0x3F, 0xC0, 0x00, 0xBF, 0x00, 0x00, 0x03,
    0xFC, 0x00, 0x0F, 0xF0, 0x00, 0x00, 0xBF, 0x40, 0x00, 0xFF, 0x00, 0x00, 0x0F, 0xF0, 0x00, 0x0F,
    0xF4, 0x00, 0x03, 0xFF, 0x00, 0x01, 0xFF, 0xE5, 0x5B, 0xFF, 0xD0, 0x00, 0x1F, 0xFF, 0xFF, 0xFF,
    0xFC, 0x00, 0x01, 0xFF, 0xFF, 0xFF, 0xFF, 0x40, 0x00, 0x0F, 0xFF, 0xFF, 0xFF, 0xE0, 0x00, 0x00,
    0xBF, 0xFF, 0xFF, 0xF8, 0x00, 0x00, 0x01, 0xBF, 0xFF, 0xF9, 0x00, 0x00, 0x00, 0x00, 0x00, 0x00,
    0x00, 0x00, 0x00, 0x2A, 0x40, 0x00, 0x00, 0x00, 0xA9, 0x3F, 0xC0, 0x00, 0x00, 0x03, 0xFC, 0x3F,
    0xC0, 0x00, 0x00, 0x0B, 0xF4, 0x3F, 0xC0, 0x00, 0x00, 0x0F, 0xE0, 0x3F, 0xC0, 0x00, 0x00, 0x3F,
    0xC0, 0x3F, 0xC0, 0x00, 0x00, 0xBF, 0x80, 0x3F, 0xD0, 0x00, 0x01, 0xFF, 0x00, 0x2F, 0xD0, 0x00,
    0x03, 0xFD, 0x00, 0x2F, 0xD0, 0x00, 0x0B, 0xF8, 0x00, 0x2F, 0xE0, 0x00, 0x1F, 0xF0, 0x00, 0x2F,
    0xE0, 0x00, 0x3F, 0xE0, 0x00, 0x2F, 0xF0, 0x00, 0xBF, 0xC0, 0x00, 0x1F, 0xF0, 0x01, 0xFF, 0x40,
    0x00, 0x1F, 0xF0, 0x03, 0xFE, 0x00, 0x00, 0x1F, 0xF0, 0x0B, 0xFC, 0x00, 0x00, 0x1F, 0xF0, 0x1F,
    0xF8, 0x00, 0x00, 0x1F, 0xF4, 0x3F, 0xF0, 0x00, 0x00, 0x0F, 0xF4, 0xBF, 0xD0, 0x00, 0x00, 0x0F,
    0xFF, 0xFF, 0x80, 0x00, 0x00, 0x0F, 0xFF, 0xFF, 0x00, 0x00, 0x00, 0x0F, 0xFF, 0xFE, 0x00, 0x00,
    0x00, 0x0F, 0xFF, 0xFC, 0x00, 0x00, 0x00, 0x0F, 0xFF, 0xF4, 0x00, 0x00, 0x00, 0x0F, 0xFF, 0xF0,
    0x00, 0x00, 0x00, 0x0F, 0xFF, 0xC0, 0x00, 0x00, 0x00, 0x0F, 0xE0, 0x00, 0x00, 0x00, 0x00, 0x00,
    0xBF, 0x03, 0xF8, 0x00, 0x00, 0x00, 0x00, 0x00, 0x3F, 0x80, 0xFE, 0x00, 0x00, 0x00, 0x00, 0x00,
    0x3F, 0xC0, 0x7F, 0x80, 0x00, 0x00, 0x00, 0x00, 0x1F, 0xE0, 0x1F, 0xE0, 0x00, 0x00, 0x00, 0x00,
    0x0F, 0xF0, 0x07, 0xF8, 0x00, 0x00, 0x00, 0x00, 0x07, 0xF8, 0x01, 0xFE, 0x00, 0x00, 0x00, 0x00,
    0x03, 0xFC, 0x00, 0x7F, 0x80, 0x00, 0xBF, 0x00, 0x01, 0xFE, 0x00, 0x2F, 0xD0, 0x00, 0x7F, 0xC0,
    0x00, 0xFF, 0x00, 0x0B, 0xF4, 0x00, 0x3F, 0xF0, 0x00, 0xBF, 0x80, 0x02, 0xFD, 0x00, 0x3F, 0xFD,
    0x00, 0x3F, 0xC0, 0x00, 0xBF, 0x40, 0x3F, 0xFF, 0x80, 0x2F, 0xE0, 0x00, 0x2F, 0xD0, 0x2F, 0xFF,
    0xF0, 0x0F, 0xF0, 0x00, 0x0F, 0xF4, 0x1F, 0xFB, 0xFC, 0x0B, 0xF8, 0x00, 0x03, 0xFD, 0x0F, 0xF8,
    0xFF, 0x03, 0xFC, 0x00, 0x00, 0xFF, 0x4F, 0xFC, 0x3F, 0xD2, 0xFD, 0x00, 0x00, 0x3F, 0xDB, 0xFD,
    0x0F, 0xF9, 0xFF, 0x00, 0x00, 0x0F, 0xFB, 0xFE, 0x03, 0xFE, 0xFF, 0x40, 0x00, 0x03, 0xFF, 0xFF,
    0x00, 0xBF, 0xFF, 0xC0, 0x00, 0x00, 0xFF, 0xFF, 0x40, 0x2F, 0xFF, 0xD0, 0x00, 0x00, 0x3F, 0xFF,
    0x80, 0x0B, 0xFF, 0xF0, 0x00, 0x00, 0x0F, 0xFF, 0xC0, 0x01, 0xFF, 0xF4, 0x00, 0x00, 0x03, 0xFF,
    0xD0, 0x00, 0x7F, 0xFC, 0x00, 0x00, 0x01, 0xFF, 0xE0, 0x00, 0x0F, 0xFD, 0x00, 0x00, 0x00, 0x7F,
    0xF0, 0x00, 0x03, 0xFF, 0x00, 0x00, 0x00, 0x00, 0x00, 0x00, 0xBD, 0x00, 0x00, 0x00, 0x7E, 0x00,
    0x00, 0x1F, 0xC0, 0x00, 0x00, 0x7F, 0x00, 0x00, 0x03, 0xF4, 0x00, 0x00, 0x7F, 0x00, 0x00, 0x00,
    0xBF, 0x00, 0x00, 0x7F, 0x40, 0x00, 0x00, 0x1F, 0xD0, 0x00, 0x7F, 0x40, 0x00, 0x00, 0x03, 0xF8,
    0x00, 0x7F, 0x40, 0x00, 0x00, 0x00, 0xBF, 0x00, 0x7F, 0x80, 0x00, 0x00, 0x00, 0x1F, 0xE0, 0x7F,
    0x80, 0x00, 0x00, 0x00, 0x03, 0xFC, 0x7F, 0x80, 0x00, 0x00, 0x00, 0x00, 0xBF, 0xBF, 0xC0, 0x00,
    0x00, 0x00, 0x00, 0x1F, 0xFF, 0xC0, 0x00, 0x00, 0x00, 0x00, 0x03, 0xFF, 0xC0, 0x00, 0x00, 0x00,
    0x00, 0x00, 0xBF, 0xC0, 0x00, 0x00, 0x00, 0x00, 0x00, 0x7F, 0xF4, 0x00, 0x00, 0x00, 0x00, 0x00,
    0x7F, 0xFE, 0x00, 0x00, 0x00, 0x00, 0x00, 0x7F, 0xFF, 0xC0, 0x00, 0x00, 0x00, 0x00, 0x7F, 0xEF,
    0xF8, 0x00, 0x00, 0x00, 0x00, 0x7F, 0xE3, 0xFF, 0x00, 0x00, 0x00, 0x00, 0x7F, 0xE0, 0x7F, 0xD0,
    0x00, 0x00, 0x00, 0x7F, 0xF0, 0x0F, 0xFC, 0x00, 0x00, 0x00, 0x7F, 0xF0, 0x03, 0xFF, 0x40, 0x00,
    0x00, 0x3F, 0xF0, 0x00, 0x7F, 0xF0, 0x00, 0x00, 0x3F, 0xF0, 0x00, 0x0F, 0xFC, 0x00, 0x00, 0x3F,
    0xF4, 0x00, 0x02, 0xFF, 0x80, 0x00, 0x3F, 0xF4, 0x00, 0x00, 0x7F, 0xF0, 0x00, 0x00, 0x3F, 0x80,
    0x00, 0x00, 0x3F, 0x4F, 0xF0, 0x00, 0x00, 0x3F, 0x82, 0xFC, 0x00, 0x00, 0x2F, 0xC0, 0x7F, 0x40,
    0x00, 0x2F, 0xC0, 0x0F, 0xF0, 0x00, 0x1F, 0xD0, 0x03, 0xFC, 0x00, 0x0F, 0xE0, 0x00, 0xBF, 0x40,
    0x0F, 0xF0, 0x00, 0x2F, 0xE0, 0x0F, 0xF0, 0x00, 0x07, 0xFC, 0x0B, 0xF4, 0x00, 0x00, 0xFF, 0x4B,
    0xF8, 0x00, 0x00, 0x3F, 0xE7, 0xFC, 0x00, 0x00, 0x0B, 0xFF, 0xFD, 0x00, 0x00, 0x01, 0xFF, 0xFD,
    0x00, 0x00, 0x00, 0x7F, 0xFE, 0x00, 0x00, 0x00, 0x0F, 0xFF, 0x00, 0x00, 0x00, 0x03, 0xFF, 0x40,
    0x00, 0x00, 0x00, 0xFF, 0x80, 0x00, 0x00, 0x00, 0x3F, 0xD0, 0x00, 0x00, 0x00, 0x2F, 0xF0, 0x00,
    0x00, 0x00, 0x0F, 0xFC, 0x00, 0x00, 0x00, 0x0B, 0xFE, 0x00, 0x00, 0x00, 0x03, 0xFF, 0x40, 0x00,
    0x00, 0x01, 0xFF, 0xC0, 0x00, 0x00, 0x00, 0xFF, 0xF0, 0x00, 0x00, 0x00, 0x7F, 0xF8, 0x00, 0x00,
    0x00, 0x00, 0x00, 0x00, 0x1F, 0xFF, 0xFF, 0xFF, 0xFF, 0x00, 0x00, 0x03, 0xFF, 0xFF, 0xFF, 0xFF,
    0x80, 0x00, 0x00, 0xFF, 0xFF, 0xFF, 0xFF, 0xD0, 0x00, 0x00, 0x3F, 0xFF, 0xFF, 0xFF, 0xF0, 0x00,
    0x00, 0x00, 0x00, 0x00, 0x3F, 0xF8, 0x00, 0x00, 0x00, 0x00, 0x00, 0x3F, 0xF8, 0x00, 0x00, 0x00,
    0x00, 0x00, 0x7F, 0xF8, 0x00, 0x00, 0x00, 0x00, 0x00, 0x7F, 0xF8, 0x00, 0x00, 0x00, 0x00, 0x00,
    0xBF, 0xF4, 0x00, 0x00, 0x00, 0x00, 0x00, 0xFF, 0xF4, 0x00, 0x00, 0x00, 0x00, 0x01, 0xFF, 0xF0,
    0x00, 0x00, 0x00, 0x00, 0x01, 0xFF, 0xF0, 0x00, 0x00, 0x00, 0x00, 0x02, 0xFF, 0xF0, 0x00, 0x00,
    0x00, 0x00, 0x03, 0xFF, 0xE0, 0x00, 0x00, 0x00, 0x00, 0x03, 0xFF, 0xE0, 0x00, 0x00, 0x00, 0x00,
    0x07, 0xFF, 0xE0, 0x00, 0x00, 0x00, 0x00, 0x0B, 0xFF, 0xD0, 0x00, 0x00, 0x00, 0x00, 0x0F, 0xFF,
    0xD0, 0x00, 0x00, 0x00, 0x00, 0x0F, 0xFF, 0xC0, 0x00, 0x00, 0x00, 0x00, 0x1F, 0xFF, 0xC0, 0x00,
    0x00, 0x00, 0x00, 0x1F, 0xFF, 0xFF, 0xFF, 0xFF, 0xE0, 0x00, 0x0F, 0xFF, 0xFF, 0xFF, 0xFF, 0xFC,
    0x00, 0x03, 0xFF, 0xFF, 0xFF, 0xFF, 0xFF, 0x00, 0x01, 0xFF, 0xFF, 0xFF, 0xFF, 0xFF, 0xC0, 0x00,
    0xBF, 0xFF, 0xFF, 0xFF, 0xFF, 0xF0, 0x00, 0x00, 0x00, 0x00, 0x00, 0x2F, 0xFF, 0x40, 0x00, 0x00,
    0x0F, 0xFF, 0xD0, 0x00, 0x00, 0x07, 0xFF, 0xF0, 0x00, 0x00, 0x02, 0xF8, 0x00, 0x00, 0x00, 0x00,
    0xFD, 0x00, 0x00, 0x00, 0x00, 0x7F, 0x00, 0x00, 0x00, 0x00, 0x2F, 0x80, 0x00, 0x00, 0x00, 0x0F,
    0xD0, 0x00, 0x00, 0x00, 0x03, 0xF0, 0x00, 0x00, 0x00, 0x02, 0xF8, 0x00, 0x00, 0x00, 0x00, 0xFD,
    0x00, 0x00, 0x00, 0x00, 0x3F, 0x00, 0x00, 0x00, 0x00, 0x1F, 0xC0, 0x00, 0x00, 0x00, 0x0F, 0xD0,
    0x00, 0x00, 0x00, 0x03, 0xF0, 0x00, 0x00, 0x00, 0x01, 0xFC, 0x00, 0x00, 0x00, 0x00, 0xBD, 0x00,
    0x00, 0x00, 0x00, 0x3F, 0x00, 0x00, 0x00, 0x00, 0x1F, 0xC0, 0x00, 0x00, 0x00, 0x0B, 0xE0, 0x00,
    0x00, 0x00, 0x03, 0xF0, 0x00, 0x00, 0x00, 0x01, 0xFC, 0x00, 0x00, 0x00, 0x00, 0xBE, 0x00, 0x00,
    0x00, 0x00, 0x3F, 0x40, 0x00, 0x00, 0x00, 0x1F, 0xC0, 0x00, 0x00, 0x00, 0x0B, 0xE0, 0x00, 0x00,
    0x00, 0x03, 0xF4, 0x00, 0x00, 0x00, 0x00, 0xFC, 0x00, 0x00, 0x00, 0x00, 0xBE, 0x00, 0x00, 0x00,
    0x00, 0x3F, 0x40, 0x00, 0x00, 0x00, 0x0F, 0xC0, 0x00, 0x00, 0x00, 0x07, 0xF0, 0x00, 0x00, 0x00,
    0x03, 0xF4, 0x00, 0x00, 0x00, 0x00, 0xFC, 0x00, 0x00, 0x00, 0x00, 0x7F, 0x00, 0x00, 0x00, 0x00,
    0x2F, 0x80, 0x00, 0x00, 0x00, 0x0F, 0xC0, 0x00, 0x00, 0x00, 0x07, 0xFF, 0xF8, 0x00, 0x00, 0x02,
    0xFF, 0xFC, 0x00, 0x00, 0x00, 0xFF, 0xFF, 0x00, 0x00, 0x00, 0x15, 0x55, 0x40, 0x00, 0x00, 0x00,
    0x00, 0x04, 0x03, 0x01, 0xD0, 0xB4, 0x2D, 0x0B, 0x82, 0xE0, 0xBC, 0x2F, 0x0B, 0xC1, 0xF0, 0x7C,
    0x1F, 0x47, 0xD1, 0xF4, 0x7E, 0x1F, 0x83, 0xF0, 0xFC, 0x3F, 0x0F, 0xC3, 0xF0, 0xFC, 0x3E, 0x0F,
    0x03, 0x00, 0x40, 0xBF, 0xFD, 0x00, 0x00, 0x00, 0xBF, 0xFE, 0x00, 0x00, 0x00, 0x7F, 0xFF, 0x00,
    0x00, 0x00, 0x00, 0x3F, 0x40, 0x00, 0x00, 0x00, 0x2F, 0x80, 0x00, 0x00, 0x00, 0x0F, 0xC0, 0x00,
    0x00, 0x00, 0x0F, 0xD0, 0x00, 0x00, 0x00, 0x0B, 0xE0, 0x00, 0x00, 0x00, 0x07, 0xF0, 0x00, 0x00,
    0x00, 0x03, 0xF4, 0x00, 0x00, 0x00, 0x02, 0xF8, 0x00, 0x00, 0x00, 0x01, 0xFC, 0x00, 0x00, 0x00,
    0x00, 0xFC, 0x00, 0x00, 0x00, 0x00, 0xBE, 0x00, 0x00, 0x00, 0x00, 0x7F, 0x00, 0x00, 0x00, 0x00,
    0x3F, 0x00, 0x00, 0x00, 0x00, 0x3F, 0x40, 0x00, 0x00, 0x00, 0x1F, 0xC0, 0x00, 0x00, 0x00, 0x0F,
    0xC0, 0x00, 0x00, 0x00, 0x0F, 0xD0, 0x00, 0x00, 0x00, 0x0B, 0xE0, 0x00, 0x00, 0x00, 0x03, 0xF0,
    0x00, 0x00, 0x00, 0x03, 0xF4, 0x00, 0x00, 0x00, 0x02, 0xF8, 0x00, 0x00, 0x00, 0x01, 0xFC, 0x00,
    0x00, 0x00, 0x00, 0xFD, 0x00, 0x00, 0x00, 0x00, 0xBE, 0x00, 0x00, 0x00, 0x00, 0x7F, 0x00, 0x00,
    0x00, 0x00, 0x3F, 0x00, 0x00, 0x00, 0x00, 0x2F, 0x80, 0x00, 0x00, 0x00, 0x1F, 0xC0, 0x00, 0x00,
    0x00, 0x0F, 0xC0, 0x00, 0x00, 0x00, 0x0B, 0xE0, 0x00, 0x00, 0x00, 0x07, 0xF0, 0x00, 0x00, 0x00,
    0x03, 0xF0, 0x00, 0x00, 0x00, 0x03, 0xF4, 0x00, 0x00, 0x00, 0x01, 0xFC, 0x00, 0x00, 0x03, 0xFF,
    0xFC, 0x00, 0x00, 0x01, 0xFF, 0xFD, 0x00, 0x00, 0x00, 0xFF, 0xFE, 0x00, 0x00, 0x00, 0x55, 0x55,
    0x00, 0xB4, 0x00, 0x00, 0x3F, 0x40, 0x00, 0x2F, 0xF4, 0x00, 0x1F, 0x0B, 0x80, 0x0F, 0x00, 0x7C,
    0x0A, 0x00, 0x01, 0x80, 0x00, 0x00, 0x00, 0x00, 0x00, 0x07, 0xFF, 0xFF, 0xFF, 0xFF, 0xC3, 0xFF,
    0xFF, 0xFF, 0xFF, 0xE0, 0xAA, 0xAA, 0xAA, 0xAA, 0xA0, 0x3E, 0x00, 0x07, 0xF0, 0x00, 0xBF, 0x00,
    0x0F, 0xF0, 0x00, 0x05, 0x00, 0x00, 0x00, 0x00, 0x00, 0x00, 0x00, 0x02, 0xFE, 0x00, 0x00, 0x02,
    0xFF, 0xFD, 0xF0, 0x00, 0xFF, 0xFF, 0xFE, 0x00, 0x3F, 0xD0, 0x2F, 0xE0, 0x07, 0xF0, 0x00, 0xFD,
    0x00, 0xF8, 0x00, 0x0F, 0xC0, 0x2F, 0x00, 0x00, 0xFC, 0x03, 0xD0, 0x00, 0x0F, 0xC0, 0x7C, 0x00,
    0x01, 0xF8, 0x0F, 0x80, 0x00, 0x3F, 0x80, 0xF4, 0x00, 0x0B, 0xF4, 0x0F, 0x80, 0x03, 0xFF, 0x00,
    0xFF, 0x5A, 0xFF, 0xF0, 0x0F, 0xFF, 0xFF, 0xFF, 0x00, 0xBF, 0xFF, 0xFF, 0xE0, 0x03, 0xFF, 0xFE,
    0x7E, 0x00, 0x0B, 0xFE, 0x47, 0xD0, 0x00, 0x3F, 0x80, 0x00, 0x00, 0x07, 0xF4, 0x00, 0x00, 0x00,
    0xBF, 0x00, 0x00, 0x00, 0x0B, 0xF0, 0x00, 0x00, 0x00, 0xFE, 0x00, 0x00, 0x00, 0x0F, 0xD0, 0x00,
    0x00, 0x01, 0xFC, 0x00, 0x00, 0x00, 0x1F, 0xC0, 0x00, 0x00, 0x02, 0xF8, 0x00, 0x00, 0x00, 0x3F,
    0x4B, 0xFE, 0x00, 0x03, 0xFB, 0xFF, 0xFD, 0x00, 0x7F, 0xFE, 0x5B, 0xF0, 0x0B, 0xFF, 0x00, 0x1F,
    0x80, 0xFF, 0xC0, 0x00, 0xFC, 0x0F, 0xF0, 0x00, 0x0F, 0xC0, 0xFE, 0x00, 0x00, 0xFC, 0x1F, 0xC0,
    0x00, 0x0F, 0x82, 0xFC, 0x00, 0x02, 0xF4, 0x3F, 0xC0, 0x00, 0x7F, 0x03, 0xFC, 0x00, 0x2F, 0xD0,
    0x3F, 0xE5, 0x6F, 0xF8, 0x03, 0xFF, 0xFF, 0xFF, 0x00, 0x3F, 0xFF, 0xFF, 0xC0, 0x02, 0xFF, 0xFF,
    0xE0, 0x00, 0x0B, 0xFF, 0xF4, 0x00, 0x00, 0x01, 0x50, 0x00, 0x00, 0x00, 0x00, 0x00, 0x00, 0x00,
    0x06, 0xFF, 0x80, 0x01, 0xFF, 0xFF, 0x00, 0x2F, 0xF9, 0x68, 0x01, 0xFE, 0x00, 0x00, 0x0F, 0xD0,
    0x00, 0x00, 0xBE, 0x00, 0x00, 0x03, 0xF0, 0x00, 0x00, 0x1F, 0x80, 0x00, 0x00, 0xBD, 0x00, 0x00,
    0x03, 0xF4, 0x00, 0x00, 0x0F, 0xD0, 0x00, 0x00, 0x3F, 0xC0, 0x00, 0x00, 0xFF, 0xE5, 0xA0, 0x01,
    0xFF, 0xFF, 0xD0, 0x02, 0xFF, 0xFF, 0xC0, 0x00, 0xBF, 0xFD, 0x00, 0x00, 0x00, 0x00, 0x00, 0x00,
    0x00, 0x00, 0x00, 0x00, 0xF4, 0x00, 0x00, 0x00, 0x00, 0x07, 0xC0, 0x00, 0x00, 0x00, 0x00, 0x3F,
    0x00, 0x00, 0x00, 0x00, 0x00, 0xF8, 0x00, 0x00, 0x00, 0x00, 0x07, 0xC0, 0x00, 0x00, 0x00, 0x00,
    0x3F, 0x00, 0x00, 0x00, 0x00, 0x00, 0xF8, 0x00, 0x00, 0x00, 0x00, 0x07, 0xD0, 0x00, 0x00, 0x1F,
    0xF4, 0x2F, 0x00, 0x00, 0x03, 0xFF, 0xF8, 0xF8, 0x00, 0x00, 0x7F, 0xFF, 0xFB, 0xD0, 0x00, 0x07,
    0xF4, 0x0B, 0xFF, 0x00, 0x00, 0x3E, 0x00, 0x0F, 0xFC, 0x00, 0x03, 0xF0, 0x00, 0x3F, 0xD0, 0x00,
    0x2F, 0x00, 0x00, 0xFF, 0x00, 0x00, 0xF8, 0x00, 0x03, 0xFC, 0x00, 0x07, 0xD0, 0x00, 0x0F, 0xE0,
    0x00, 0x2F, 0x00, 0x00, 0xBF, 0x40, 0x00, 0xFC, 0x00, 0x07, 0xFC, 0x00, 0x03, 0xF8, 0x00, 0x7F,
    0xF0, 0x00, 0x0F, 0xFF, 0xFF, 0xFF, 0x80, 0x00, 0x2F, 0xFF, 0xFF, 0xFD, 0x00, 0x00, 0x3F, 0xFF,
    0xFF, 0xF0, 0x00, 0x00, 0x7F, 0xFF, 0xEF, 0xC0, 0x00, 0x00, 0x2F, 0xF8, 0x3E, 0x00, 0x00, 0x00,
    0x00, 0x00, 0x00, 0x00, 0x00, 0x00, 0x00, 0x6F, 0xE0, 0x00, 0x00, 0x7F, 0xFF, 0xC0, 0x00, 0x2F,
    0xD0, 0x0F, 0x00, 0x07, 0xE0, 0x00, 0x74, 0x01, 0xF4, 0x00, 0x03, 0xC0, 0x3E, 0x00, 0x5A, 0xFC,
    0x0B, 0xFF, 0xFF, 0xFF, 0xC0, 0xFF, 0xFF, 0xFF, 0xF8, 0x1F, 0x95, 0x40, 0x00, 0x02, 0xF0, 0x00,
    0x00, 0x00, 0x3F, 0x00, 0x00, 0x00, 0x03, 0xF8, 0x00, 0x00, 0x00, 0x2F, 0xF4, 0x00, 0x18, 0x01,
    0xFF, 0xFF, 0xFF, 0x80, 0x0F, 0xFF, 0xFF, 0xF4, 0x00, 0x3F, 0xFF, 0xFF, 0x00, 0x00, 0x6F, 0xFE,
    0x40, 0x00, 0x00, 0x00, 0x00, 0x00, 0x00, 0x0B, 0xFE, 0x00, 0x03, 0xFF, 0xD0, 0x00, 0x7E, 0x00,
    0x00, 0x0F, 0x80, 0x00, 0x01, 0xF0, 0x00, 0x00, 0x2E, 0x00, 0x00, 0x03, 0xE0, 0x00, 0x07, 0xFF,
    0xFF, 0x00, 0xFF, 0xFF, 0xE0, 0x05, 0xFE, 0x54, 0x00, 0x0F, 0xC0, 0x00, 0x01, 0xF8, 0x00, 0x00,
    0x2F, 0x40, 0x00, 0x03, 0xF0, 0x00, 0x00, 0x3F, 0x00, 0x00, 0x0B, 0xF0, 0x00, 0x00, 0xFE, 0x00,
    0x00, 0x0F, 0xD0, 0x00, 0x01, 0xFC, 0x00, 0x00, 0x2F, 0xC0, 0x00, 0x03, 0xF8, 0x00, 0x00, 0x7F,
    0x40, 0x00, 0x0B, 0xF0, 0x00, 0x00, 0x00, 0x00, 0x2F, 0xE0, 0x1A, 0x00, 0x00, 0x7F, 0xFF, 0x4F,
    0xC0, 0x00, 0x7F, 0xFF, 0xFF, 0xD0, 0x00, 0x7F, 0x40, 0xFF, 0xF0, 0x00, 0x3F, 0x00, 0x0F, 0xFC,
    0x00, 0x2F, 0x00, 0x03, 0xFD, 0x00, 0x0F, 0x40, 0x00, 0xFF, 0x00, 0x07, 0xC0, 0x00, 0x3F, 0xC0,
    0x02, 0xE0, 0x00, 0x1F, 0xE0, 0x00, 0xF4, 0x00, 0x0F, 0xF0, 0x00, 0x3E, 0x00, 0x0F, 0xFC, 0x00,
    0x0F, 0xEA, 0xBF, 0xFE, 0x00, 0x02, 0xFF, 0xFF, 0xFF, 0x00, 0x00, 0x3F, 0xFF, 0xFF, 0xC0, 0x00,
    0x0B, 0xFF, 0xFB, 0xE0, 0x00, 0x00, 0x7F, 0x93, 0xF0, 0x00, 0x00, 0x00, 0x03, 0xF8, 0x00, 0x00,
    0x00, 0x03, 0xFC, 0x00, 0x00, 0xD0, 0x1B, 0xFE, 0x00, 0x00, 0xBF, 0xFF, 0xFF, 0x00, 0x00, 0x3F,
    0xFF, 0xFF, 0x00, 0x00, 0x1F, 0xFF, 0xFF, 0x00, 0x00, 0x00, 0x6F, 0xF9, 0x00, 0x00, 0x00, 0x00,
    0x00, 0x00, 0x00, 0x00, 0x00, 0x00, 0x7C, 0x00, 0x00, 0x00, 0x03, 0xF0, 0x00, 0x00, 0x00, 0x0F,
    0x80, 0x00, 0x00, 0x00, 0x7C, 0x00, 0x00, 0x00, 0x03, 0xF0, 0x00, 0x00, 0x00, 0x0F, 0x80, 0x00,
    0x00, 0x00, 0x7C, 0x00, 0x00, 0x00, 0x03, 0xF0, 0x00, 0x00, 0x00, 0x0F, 0x80, 0x00, 0x00, 0x00,
    0x7C, 0x6F, 0xF4, 0x00, 0x03, 0xFB, 0xFF, 0xFC, 0x00, 0x0F, 0xFF, 0xFF, 0xF4, 0x00, 0x7F, 0xE4,
    0x0F, 0xD0, 0x03, 0xFD, 0x00, 0x1F, 0x80, 0x0F, 0xE0, 0x00, 0x3D, 0x00, 0x7F, 0x00, 0x01, 0xF4,
    0x03, 0xF8, 0x00, 0x07, 0xC0, 0x0F, 0xC0, 0x00, 0x3F, 0x00, 0x7F, 0x00, 0x00, 0xF8, 0x03, 0xF8,
    0x00, 0x07, 0xD0, 0x0F, 0xD0, 0x00, 0x3F, 0x40, 0xBF, 0x00, 0x00, 0xFC, 0x03, 0xFC, 0x00, 0x0B,
    0xF0, 0x0F, 0xF0, 0x00, 0x3F, 0x80, 0xBF, 0x80, 0x01, 0xFD, 0x00, 0x00, 0x01, 0xF4, 0x00, 0x0F,
    0xE0, 0x00, 0xBF, 0x40, 0x03, 0xFD, 0x00, 0x1F, 0xF0, 0x00, 0x00, 0x00, 0x00, 0x00, 0x00, 0x00,
    0x00, 0x00, 0x00, 0x00, 0x00, 0x50, 0x00, 0x03, 0xE0, 0x00, 0x0F, 0x40, 0x00, 0x7C, 0x00, 0x02,
    0xE0, 0x00, 0x0F, 0x40, 0x00, 0x3C, 0x00, 0x02, 0xF0, 0x00, 0x0F, 0x80, 0x00, 0x3D, 0x00, 0x02,
    0xF0, 0x00, 0x0F, 0xC0, 0x00, 0x3F, 0x00, 0x02, 0xF8, 0x00, 0x0F, 0xD0, 0x00, 0x3F, 0x40, 0x01,
    0xFC, 0x00, 0x00, 0x00, 0x00, 0x00, 0x01, 0xFC, 0x00, 0x00, 0x00, 0x0F, 0xF0, 0x00, 0x00, 0x00,
    0x7F, 0x80, 0x00, 0x00, 0x03, 0xFE, 0x00, 0x00, 0x00, 0x0F, 0xF4, 0x00, 0x00, 0x00, 0x00, 0x00,
    0x00, 0x00, 0x00, 0x00, 0x00, 0x00, 0x00, 0x00, 0x00, 0x00, 0x00, 0x00, 0x00, 0x00, 0x00, 0x00,
    0x00, 0x3D, 0x00, 0x00, 0x00, 0x01, 0xF4, 0x00, 0x00, 0x00, 0x0F, 0xC0, 0x00, 0x00, 0x00, 0x3E,
    0x00, 0x00, 0x00, 0x01, 0xF4, 0x00, 0x00, 0x00, 0x0B, 0xC0, 0x00, 0x00, 0x00, 0x3E, 0x00, 0x00,
    0x00, 0x01, 0xF4, 0x00, 0x00, 0x00, 0x0B, 0xC0, 0x00, 0x00, 0x00, 0x3E, 0x00, 0x00, 0x00, 0x00,
    0xF4, 0x00, 0x00, 0x00, 0x0B, 0xC0, 0x00, 0x00, 0x00, 0x3E, 0x00, 0x00, 0x00, 0x00, 0xF4, 0x00,
    0x00, 0x00, 0x0B, 0xC0, 0x00, 0x00, 0x00, 0x3E, 0x00, 0x00, 0x00, 0x01, 0xF4, 0x00, 0x00, 0x00,
    0x0F, 0xC0, 0x00, 0x00, 0x01, 0xFE, 0x00, 0x00, 0x06, 0xBF, 0xF0, 0x00, 0x00, 0x3F, 0xFF, 0x40,
    0x00, 0x03, 0xFF, 0xE0, 0x00, 0x00, 0x00, 0x00, 0x00, 0x00, 0x00, 0x00, 0x00, 0x00, 0x00, 0x00,
    0x01, 0xF4, 0x00, 0x00, 0x03, 0xF0, 0x00, 0x00, 0x03, 0xF0, 0x00, 0x00, 0x07, 0xD0, 0x00, 0x00,
    0x0F, 0xC0, 0x00, 0x00, 0x0F, 0xC0, 0x00, 0x00, 0x1F, 0x80, 0x00, 0x00, 0x2F, 0x00, 0x00, 0x00,
    0x3F, 0x03, 0xF8, 0x00, 0x7E, 0x0F, 0xD0, 0x00, 0xBC, 0x3F, 0x40, 0x00, 0xFC, 0xFD, 0x00, 0x01,
    0xFF, 0xF4, 0x00, 0x02, 0xFF, 0xD0, 0x00, 0x03, 0xFF, 0x80, 0x00, 0x07, 0xFF, 0xD0, 0x00, 0x0B,
    0xEF, 0xF0, 0x00, 0x0F, 0xDB, 0xFC, 0x00, 0x0F, 0xC3, 0xFE, 0x00, 0x2F, 0xC2, 0xFF, 0x40, 0x3F,
    0x80, 0xFF, 0xD0, 0x3F, 0x40, 0xBF, 0xF0, 0xBF, 0x00, 0x3F, 0xFC, 0x00, 0x00, 0x90, 0x00, 0x07,
    0xD0, 0x00, 0x3F, 0x00, 0x01, 0xF8, 0x00, 0x0B, 0xD0, 0x00, 0x3F, 0x00, 0x01, 0xF8, 0x00, 0x0B,
    0xD0, 0x00, 0x3F, 0x00, 0x01, 0xF8, 0x00, 0x0B, 0xC0, 0x00, 0x3F, 0x00, 0x01, 0xF8, 0x00, 0x0B,
    0xD0, 0x00, 0x3F, 0x00, 0x01, 0xFC, 0x00, 0x0B, 0xE0, 0x00, 0x3F, 0x00, 0x00, 0xFC, 0x00, 0x07,
    0xE0, 0x00, 0x3F, 0x40, 0x00, 0xFF, 0xF8, 0x03, 0xFF, 0xE0, 0x1F, 0xFF, 0x40, 0x00, 0x00, 0x02,
    0xFE, 0x00, 0x1B, 0xF4, 0x00, 0x03, 0xF7, 0xFF, 0xF4, 0x3F, 0xFF, 0x00, 0x00, 0xFF, 0xFF, 0xFF,
    0x3F, 0xFF, 0xE0, 0x00, 0xBF, 0xE0, 0x1F, 0xFF, 0x40, 0xFC, 0x00, 0x3F, 0xD0, 0x02, 0xFF, 0x00,
    0x1F, 0x00, 0x1F, 0xD0, 0x00, 0xBF, 0x00, 0x0B, 0xC0, 0x0F, 0xF0, 0x00, 0x3F, 0x40, 0x03, 0xE0,
    0x03, 0xF4, 0x00, 0x0F, 0xC0, 0x00, 0xF8, 0x02, 0xFC, 0x00, 0x0B, 0xE0, 0x00, 0xBD, 0x00, 0xFD,
    0x00, 0x03, 0xF0, 0x00, 0x3F, 0x00, 0x7F, 0x00, 0x02, 0xF8, 0x00, 0x1F, 0xC0, 0x3F, 0x80, 0x00,
    0xFD, 0x00, 0x0B, 0xE0, 0x1F, 0xD0, 0x00, 0x7F, 0x00, 0x03, 0xF4, 0x0B, 0xF0, 0x00, 0x3F, 0x80,
    0x01, 0xFC, 0x03, 0xF8, 0x00, 0x1F, 0xC0, 0x00, 0xFF, 0x01, 0xFC, 0x00, 0x0F, 0xE0, 0x00, 0x3F,
    0x80, 0x00, 0x00, 0x01, 0x50, 0x00, 0x01, 0xE6, 0xFF, 0xE0, 0x00, 0x3F, 0xFF, 0xFF, 0x80, 0x03,
    0xFF, 0x41, 0xFC, 0x00, 0x7F, 0x80, 0x0B, 0xC0, 0x0F, 0xE0, 0x00, 0xBC, 0x00, 0xFC, 0x00, 0x0F,
    0xC0, 0x1F, 0xC0, 0x00, 0xFC, 0x03, 0xF4, 0x00, 0x1F, 0xC0, 0x3F, 0x40, 0x02, 0xF8, 0x07, 0xF0,
    0x00, 0x3F, 0x40, 0xFF, 0x00, 0x07, 0xF0, 0x0F, 0xE0, 0x00, 0xBF, 0x02, 0xFD, 0x00, 0x0F, 0xF0,
    0x3F, 0xC0, 0x00, 0xFE, 0x03, 0xFC, 0x00, 0x1F, 0xD0, 0xBF, 0x80, 0x03, 0xFD, 0x00, 0x00, 0x01,
    0xBF, 0xE0, 0x00, 0x00, 0xBF, 0xFF, 0xD0, 0x00, 0x7F, 0xEA, 0xFF, 0x40, 0x0F, 0xD0, 0x01, 0xF8,
    0x03, 0xF0, 0x00, 0x0F, 0xC0, 0x7D, 0x00, 0x00, 0xFC, 0x0F, 0xC0, 0x00, 0x0F, 0xC1, 0xF4, 0x00,
    0x00, 0xFC, 0x2F, 0x00, 0x00, 0x2F, 0x43, 0xF0, 0x00, 0x03, 0xF0, 0x3F, 0x40, 0x00, 0xFE, 0x03,
    0xFE, 0x55, 0xBF, 0xC0, 0x2F, 0xFF, 0xFF, 0xF0, 0x00, 0xFF, 0xFF, 0xFD, 0x00, 0x07, 0xFF, 0xFE,
    0x00, 0x00, 0x0B, 0xFE, 0x40, 0x00, 0x00, 0x00, 0x10, 0x06, 0xE4, 0x00, 0x00, 0x02, 0xF1, 0xFF,
    0xFC, 0x00, 0x00, 0x0B, 0xEF, 0xFA, 0xFC, 0x00, 0x00, 0x3F, 0xF8, 0x00, 0xF4, 0x00, 0x00, 0xFF,
    0x80, 0x03, 0xE0, 0x00, 0x07, 0xF8, 0x00, 0x0B, 0x80, 0x00, 0x2F, 0xC0, 0x00, 0x3E, 0x00, 0x00,
    0xFE, 0x00, 0x00, 0xF4, 0x00, 0x03, 0xF8, 0x00, 0x07, 0xC0, 0x00, 0x1F, 0xD0, 0x00, 0x3F, 0x00,
    0x00, 0xBF, 0xC0, 0x02, 0xF4, 0x00, 0x03, 0xFF, 0xD0, 0x2F, 0xC0, 0x00, 0x2F, 0xFF, 0xFF, 0xFC,
    0x00, 0x00, 0xFF, 0xFF, 0xFF, 0xE0, 0x00, 0x0B, 0xF7, 0xFF, 0xFE, 0x00, 0x00, 0x3F, 0x47, 0xFF,
    0xD0, 0x00, 0x01, 0xFC, 0x00, 0x50, 0x00, 0x00, 0x0F, 0xE0, 0x00, 0x00, 0x00, 0x00, 0x7F, 0x00,
    0x00, 0x00, 0x00, 0x03, 0xF8, 0x00, 0x00, 0x00, 0x00, 0x1F, 0xC0, 0x00, 0x00, 0x00, 0x00, 0xFF,
    0x00, 0x00, 0x00, 0x00, 0x07, 0xF4, 0x00, 0x00, 0x00, 0x00, 0x00, 0x00, 0x00, 0x00, 0x00, 0x00,
    0x00, 0x00, 0x00, 0x00, 0x00, 0x00, 0x00, 0x1A, 0x40, 0x54, 0x00, 0x07, 0xFF, 0xF1, 0xFC, 0x00,
    0x2F, 0xFB, 0xFA, 0xF4, 0x00, 0xFE, 0x00, 0x7F, 0xF0, 0x02, 0xF8, 0x00, 0x3F, 0xE0, 0x07, 0xF0,
    0x00, 0x3F, 0xD0, 0x0B, 0xC0, 0x00, 0x3F, 0xC0, 0x0F, 0x80, 0x00, 0x7F, 0x80, 0x1F, 0x00, 0x00,
    0xBF, 0x00, 0x2F, 0x00, 0x00, 0xFF, 0x00, 0x3E, 0x00, 0x02, 0xFE, 0x00, 0x3F, 0x00, 0x0B, 0xFC,
    0x00, 0x3F, 0x90, 0x7F, 0xFC, 0x00, 0x2F, 0xFF, 0xFF, 0xF8, 0x00, 0x0F, 0xFF, 0xFF, 0xF0, 0x00,
    0x03, 0xFF, 0xFA, 0xF0, 0x00, 0x00, 0xBF, 0x93, 0xE0, 0x00, 0x00, 0x00, 0x03, 0xD0, 0x00, 0x00,
    0x00, 0x0B, 0xC6, 0xD0, 0x00, 0x00, 0x0F, 0xFF, 0xC0, 0x00, 0x00, 0x1F, 0xFF, 0x40, 0x00, 0x00,
    0x2F, 0xF9, 0x00, 0x00, 0x00, 0x39, 0x00, 0x00, 0x00, 0x00, 0x00, 0x00, 0x00, 0x00, 0x00, 0x00,
    0x00, 0x00, 0x3D, 0x1B, 0xD0, 0x01, 0xFB, 0xFF, 0x00, 0x0F, 0xFF, 0xFC, 0x00, 0x3F, 0xF9, 0x60,
    0x01, 0xFF, 0x00, 0x00, 0x0B, 0xF0, 0x00, 0x00, 0x3F, 0x80, 0x00, 0x01, 0xFC, 0x00, 0x00, 0x0B,
    0xF0, 0x00, 0x00, 0x3F, 0x80, 0x00, 0x01, 0xFD, 0x00, 0x00, 0x0F, 0xF0, 0x00, 0x00, 0x3F, 0xC0,
    0x00, 0x02, 0xFF, 0x00, 0x00, 0x0F, 0xF8, 0x00, 0x00, 0x7F, 0xE0, 0x00, 0x00, 0x00, 0x00, 0x7F,
    0xFA, 0x40, 0x01, 0xFF, 0xFF, 0xC0, 0x01, 0xFD, 0x51, 0x40, 0x00, 0xF4, 0x00, 0x00, 0x00, 0x7C,
    0x00, 0x00, 0x00, 0x1F, 0x80, 0x00, 0x00, 0x03, 0xFE, 0x40, 0x00, 0x00, 0x7F, 0xFE, 0x00, 0x00,
    0x02, 0xFF, 0xF4, 0x00, 0x00, 0x01, 0xFF, 0x00, 0x00, 0x00, 0x2F, 0xC0, 0x07, 0x90, 0x1F, 0xF0,
    0x07, 0xFF, 0xFF, 0xF8, 0x0B, 0xFF, 0xFF, 0xFC, 0x03, 0xFF, 0xFF, 0xFC, 0x00, 0x1B, 0xFF, 0xE4,
    0x00, 0x00, 0x00, 0x00, 0x00, 0x00, 0x2C, 0x00, 0x00, 0x7E, 0x00, 0x00, 0x2F, 0x40, 0x00, 0x0F,
    0xC0, 0x00, 0x07, 0xE0, 0x00, 0xFF, 0xFF, 0xFC, 0xBF, 0xFF, 0xFF, 0x00, 0x7F, 0x00, 0x00, 0x2F,
    0x40, 0x00, 0x0F, 0xC0, 0x00, 0x07, 0xF0, 0x00, 0x02, 0xF8, 0x00, 0x00, 0xFD, 0x00, 0x00, 0x7F,
    0x00, 0x00, 0x2F, 0x80, 0x00, 0x0F, 0xD0, 0x00, 0x07, 0xF4, 0x00, 0x02, 0xFF, 0xFD, 0x00, 0xFF,
    0xFF, 0x40, 0x3F, 0xFF, 0xD0, 0x0F, 0xFF, 0xF4, 0x00, 0x01, 0xF4, 0x00, 0x0B, 0xD0, 0x2F, 0x00,
    0x00, 0xFC, 0x03, 0xF0, 0x00, 0x0F, 0xC0, 0x3F, 0x00, 0x01, 0xF8, 0x07, 0xE0, 0x00, 0x2F, 0x40,
    0xBD, 0x00, 0x03, 0xF0, 0x0B, 0xC0, 0x00, 0x7F, 0x00, 0xFC, 0x00, 0x0B, 0xE0, 0x0F, 0x80, 0x00,
    0xFD, 0x01, 0xF8, 0x00, 0x2F, 0xD0, 0x2F, 0xC0, 0x0B, 0xFC, 0x02, 0xFF, 0xFF, 0xFF, 0xC0, 0x2F,
    0xFF, 0xFF, 0xF8, 0x02, 0xFF, 0xFF, 0xFF, 0x40, 0x1F, 0xFF, 0xF7, 0xF0, 0x00, 0x7F, 0xF8, 0x7F,
    0x00, 0x00, 0x00, 0x00, 0x00, 0x00, 0x7D, 0x00, 0x00, 0x03, 0xE3, 0xE0, 0x00, 0x00, 0xFC, 0x3F,
    0x00, 0x00, 0x2F, 0x03, 0xF4, 0x00, 0x07, 0xD0, 0x2F, 0x80, 0x00, 0xF8, 0x01, 0xFC, 0x00, 0x3F,
    0x00, 0x0F, 0xC0, 0x0B, 0xD0, 0x00, 0xFD, 0x01, 0xF8, 0x00, 0x0F, 0xE0, 0x3F, 0x00, 0x00, 0xBF,
    0x0F, 0xC0, 0x00, 0x07, 0xF2, 0xF4, 0x00, 0x00, 0x7F, 0xBE, 0x00, 0x00, 0x07, 0xFF, 0xC0, 0x00,
    0x00, 0x7F, 0xFC, 0x00, 0x00, 0x07, 0xFF, 0x40, 0x00, 0x00, 0xBF, 0xF0, 0x00, 0x00, 0x7F, 0x00,
    0x00, 0x00, 0x0B, 0xE1, 0xFC, 0x00, 0x00, 0x00, 0x3F, 0x07, 0xF0, 0x00, 0x00, 0x03, 0xF8, 0x1F,
    0xC0, 0x00, 0x00, 0x1F, 0xC0, 0x7F, 0x00, 0x14, 0x00, 0xFE, 0x01, 0xFC, 0x02, 0xF4, 0x07, 0xF0,
    0x07, 0xF0, 0x2F, 0xF0, 0x3F, 0x80, 0x1F, 0xC2, 0xFF, 0xD1, 0xFC, 0x00, 0x7F, 0x2F, 0xFF, 0xCF,
    0xE0, 0x01, 0xFE, 0xFF, 0xFF, 0xBF, 0x00, 0x07, 0xFF, 0xFF, 0xFF, 0xF4, 0x00, 0x1F, 0xFF, 0xEF,
    0xFF, 0xC0, 0x00, 0x7F, 0xFC, 0x3F, 0xFD, 0x00, 0x01, 0xFF, 0xC0, 0xFF, 0xF0, 0x00, 0x0B, 0xFD,
    0x02, 0xFF, 0x40, 0x00, 0x2F, 0xD0, 0x07, 0xFC, 0x00, 0x00, 0x00, 0x03, 0xF4, 0x00, 0x2F, 0x80,
    0x00, 0x2F, 0xC0, 0x0B, 0xE0, 0x00, 0x01, 0xFD, 0x03, 0xF8, 0x00, 0x00, 0x0F, 0xE0, 0xFE, 0x00,
    0x00, 0x00, 0x7F, 0x7F, 0x40, 0x00, 0x00, 0x03, 0xFF, 0xD0, 0x00, 0x00, 0x00, 0x2F, 0xF4, 0x00,
    0x00, 0x00, 0x02, 0xFE, 0x00, 0x00, 0x00, 0x00, 0x7F, 0xF0, 0x00, 0x00, 0x00, 0x2F, 0xFF, 0x40,
    0x00, 0x00, 0x0B, 0xF7, 0xFC, 0x00, 0x00, 0x02, 0xFD, 0x2F, 0xD0, 0x00, 0x00, 0xFF, 0x41, 0xFF,
    0x00, 0x00, 0x3F, 0xD0, 0x0F, 0xF0, 0x00, 0x0F, 0xF4, 0x00, 0xBF, 0x80, 0x03, 0xFC, 0x00, 0x03,
    0xFC, 0x00, 0x00, 0x0F, 0x80, 0x00, 0x0F, 0xC0, 0x00, 0xFC, 0x00, 0x01, 0xF4, 0x00, 0x0B, 0xD0,
    0x00, 0x3F, 0x00, 0x00, 0xBE, 0x00, 0x0B, 0xD0, 0x00, 0x07, 0xF0, 0x00, 0xFC, 0x00, 0x00, 0x3F,
    0x00, 0x3F, 0x40, 0x00, 0x03, 0xF8, 0x07, 0xF0, 0x00, 0x00, 0x2F, 0xC0, 0xFD, 0x00, 0x00, 0x01,
    0xFC, 0x2F, 0xC0, 0x00, 0x00, 0x0F, 0xE3, 0xF4, 0x00, 0x00, 0x00, 0xFF, 0xBF, 0x00, 0x00, 0x00,
    0x0B, 0xFF, 0xD0, 0x00, 0x00, 0x00, 0x7F, 0xFC, 0x00, 0x00, 0x00, 0x03, 0xFF, 0x40, 0x00, 0x00,
    0x00, 0x3F, 0xF0, 0x00, 0x00, 0x00, 0x03, 0xFD, 0x00, 0x00, 0x00, 0x00, 0x7F, 0xC0, 0x00, 0x00,
    0x00, 0x0F, 0xF4, 0x00, 0x00, 0x00, 0x07, 0xFF, 0x00, 0x00, 0x00, 0x07, 0xFF, 0xC0, 0x00, 0x00,
    0x3F, 0xFF, 0xF0, 0x00, 0x00, 0x03, 0xFF, 0xF8, 0x00, 0x00, 0x00, 0x7F, 0xFD, 0x00, 0x00, 0x00,
    0x0B, 0xE4, 0x00, 0x00, 0x00, 0x00, 0x00, 0x03, 0xFF, 0xFF, 0xFC, 0x00, 0x07, 0xFF, 0xFF, 0xFC,
    0x00, 0x07, 0xFF, 0xFF, 0xFC, 0x00, 0x00, 0x00, 0x0F, 0xE0, 0x00, 0x00, 0x00, 0x7F, 0x80, 0x00,
    0x00, 0x02, 0xFD, 0x00, 0x00, 0x00, 0x1F, 0xF0, 0x00, 0x00, 0x00, 0xBF, 0x80, 0x00, 0x00, 0x03,
    0xFD, 0x00, 0x00, 0x00, 0x1F, 0xF4, 0x00, 0x00, 0x00, 0xBF, 0xC0, 0x00, 0x00, 0x03, 0xFE, 0x00,
    0x00, 0x00, 0x0F, 0xFE, 0xAA, 0xA0, 0x00, 0x2F, 0xFF, 0xFF, 0xF4, 0x00, 0x3F, 0xFF, 0xFF, 0xF8,
    0x00, 0x7F, 0xFF, 0xFF, 0xFC, 0x00, 0x00, 0x00, 0x0B, 0xFE, 0x00, 0x00, 0x7F, 0xFC, 0x00, 0x01,
    0xFE, 0x00, 0x00, 0x03, 0xF8, 0x00, 0x00, 0x03, 0xF0, 0x00, 0x00, 0x0B, 0xE0, 0x00, 0x00, 0x0F,
    0xD0, 0x00, 0x00, 0x0F, 0xC0, 0x00, 0x00, 0x2F, 0xC0, 0x00, 0x00, 0x3F, 0x40, 0x00, 0x00, 0x7F,
    0x00, 0x00, 0x01, 0xFD, 0x00, 0x00, 0x3F, 0xF4, 0x00, 0x00, 0x7F, 0x40, 0x00, 0x00, 0xBF, 0xD0,
    0x00, 0x00, 0x07, 0xF0, 0x00, 0x00, 0x03, 0xF0, 0x00, 0x00, 0x07, 0xF0, 0x00, 0x00, 0x0B, 0xE0,
    0x00, 0x00, 0x0F, 0xC0, 0x00, 0x00, 0x1F, 0xC0, 0x00, 0x00, 0x2F, 0x80, 0x00, 0x00, 0x3F, 0x40,
    0x00, 0x00, 0x3F, 0x80, 0x00, 0x00, 0x3F, 0xFF, 0x00, 0x00, 0x2F, 0xFE, 0x00, 0x00, 0x06, 0xFD,
    0x00, 0x00, 0x00, 0x01, 0xD0, 0x00, 0x3C, 0x00, 0x03, 0xC0, 0x00, 0x78, 0x00, 0x0B, 0x40, 0x00,
    0xF0, 0x00, 0x1E, 0x00, 0x02, 0xD0, 0x00, 0x3C, 0x00, 0x03, 0xC0, 0x00, 0xB8, 0x00, 0x0F, 0x00,
    0x00, 0xF0, 0x00, 0x1E, 0x00, 0x02, 0xD0, 0x00, 0x3C, 0x00, 0x07, 0x80, 0x00, 0xB4, 0x00, 0x0F,
    0x00, 0x00, 0xF0, 0x00, 0x2E, 0x00, 0x03, 0xC0, 0x00, 0x3C, 0x00, 0x07, 0x80, 0x00, 0xB4, 0x00,
    0x00, 0x00, 0x00, 0xFF, 0xD0, 0x00, 0x01, 0xFF, 0xF4, 0x00, 0x00, 0x0B, 0xF8, 0x00, 0x00, 0x03,
    0xF4, 0x00, 0x00, 0x03, 0xF4, 0x00, 0x00, 0x07, 0xF0, 0x00, 0x00, 0x0B, 0xE0, 0x00, 0x00, 0x0F,
    0xD0, 0x00, 0x00, 0x0F, 0xC0, 0x00, 0x00, 0x1F, 0xC0, 0x00, 0x00, 0x2F, 0xC0, 0x00, 0x00, 0x2F,
    0xD0, 0x00, 0x00, 0x1F, 0xFC, 0x00, 0x00, 0x02, 0xFC, 0x00, 0x00, 0x1F, 0xF8, 0x00, 0x00, 0xBE,
    0x00, 0x00, 0x00, 0xFC, 0x00, 0x00, 0x02, 0xF8, 0x00, 0x00, 0x03, 0xF0, 0x00, 0x00, 0x07, 0xF0,
    0x00, 0x00, 0x0B, 0xE0, 0x00, 0x00, 0x0F, 0xD0, 0x00, 0x00, 0x1F, 0xC0, 0x00, 0x00, 0x7F, 0x40,
    0x00, 0x3F, 0xFE, 0x00, 0x00, 0x7F, 0xF8, 0x00, 0x00, 0xBF, 0x80, 0x00, 0x00, 0x02, 0xF4, 0x07,
    0x02, 0xEF, 0x02, 0xC0, 0xE0, 0xD0, 0xE0, 0xB4, 0x2E, 0xF0, 0x3C, 0x03, 0xF4, 0x00, 0x00, 0x00,
    0x00, 0x00, 0xFF, 0xF0, 0x03, 0xFF, 0x80, 0x0F, 0xFC, 0x00, 0x3F, 0xF0, 0x00, 0xFF, 0x40, 0x03,
    0xFC, 0x00, 0x00, 0x00, 0x00, 0x00, 0x00, 0x00, 0xAE, 0x00, 0x07, 0xF4, 0x00, 0x2F, 0xC0, 0x00,
    0xBF, 0x00, 0x03, 0xF8, 0x00, 0x0F, 0xD0, 0x00, 0x7F, 0x00, 0x01, 0xFC, 0x00, 0x0B, 0xE0, 0x00,
    0x3F, 0x40, 0x00, 0xFC, 0x00, 0x03, 0xF0, 0x00, 0x1F, 0x80, 0x00, 0xBD, 0x00, 0x03, 0xF0, 0x00,
    0x0F, 0xC0, 0x00, 0x3E, 0x00, 0x01, 0xF4, 0x00, 0x07, 0xC0, 0x00, 0x2F, 0x00, 0x00, 0x68, 0x00,
    0x00, 0x00, 0x00, 0x00, 0x40, 0x00, 0x00, 0x0F, 0x40, 0x00, 0x00, 0x3C, 0x00, 0x00, 0x01, 0xE0,
    0x00, 0x00, 0x0B, 0x40, 0x00, 0x00, 0x3C, 0x00, 0x00, 0x1B, 0xFF, 0x00, 0x07, 0xFF, 0xFC, 0x00,
    0xBF, 0xFD, 0x50, 0x07, 0xF4, 0xF0, 0x00, 0x3F, 0x0B, 0x40, 0x02, 0xF8, 0x3C, 0x00, 0x0F, 0xC0,
    0xF0, 0x00, 0x7E, 0x07, 0x80, 0x02, 0xF4, 0x3C, 0x00, 0x0F, 0xD0, 0xF0, 0x00, 0x3F, 0x47, 0x80,
    0x00, 0xFF, 0x3D, 0x00, 0x03, 0xFF, 0xFA, 0x80, 0x07, 0xFF, 0xFF, 0x40, 0x0B, 0xFF, 0xFF, 0x00,
    0x02, 0xFF, 0xF4, 0x00, 0x03, 0xC0, 0x00, 0x00, 0x2D, 0x00, 0x00, 0x00, 0xB0, 0x00, 0x00, 0x00,
    0x00, 0x00, 0x00, 0x00, 0x00, 0x00, 0x00, 0x00, 0x15, 0x40, 0x00, 0x00, 0x00, 0x1F, 0xFF, 0xE0,
    0x00, 0x00, 0x07, 0xFF, 0xFF, 0xF0, 0x00, 0x00, 0xBF, 0xE4, 0x07, 0xF0, 0x00, 0x03, 0xF8, 0x00,
    0x02, 0x00, 0x00, 0x0F, 0x80, 0x00, 0x00, 0x00, 0x00, 0x7C, 0x00, 0x00, 0x00, 0x00, 0x01, 0xF0,
    0x00, 0x00, 0x00, 0x00, 0x07, 0xC0, 0x00, 0x00, 0x00, 0x00, 0x1F, 0x00, 0x00, 0x00, 0x00, 0x00,
    0x7C, 0x00, 0x00, 0x00, 0x00, 0x00, 0xF0, 0x00, 0x00, 0x00, 0x00, 0x03, 0xD0, 0x00, 0x00, 0x00,
    0x00, 0x0F, 0x40, 0x00, 0x00, 0x00, 0x0A, 0xBF, 0xAA, 0xA8, 0x00, 0x00, 0x7F, 0xFF, 0xFF, 0xE0,
    0x00, 0x02, 0xFF, 0xFF, 0xFF, 0x00, 0x00, 0x00, 0x1F, 0xC0, 0x00, 0x00, 0x00, 0x00, 0xBE, 0x00,
    0x00, 0x00, 0x00, 0x07, 0xF4, 0x00, 0x00, 0x00, 0x00, 0xBF, 0x80, 0x00, 0x00, 0x00, 0x2F, 0xF8,
    0x00, 0x00, 0x00, 0x0F, 0xFE, 0x40, 0x00, 0x00, 0x00, 0x3F, 0xFF, 0xFF, 0xE9, 0x00, 0x01, 0xFF,
    0xFF, 0xFF, 0xFF, 0x00, 0x0B, 0xFF, 0xFF, 0xFF, 0xFE, 0x00, 0x00, 0x00, 0x00, 0x00, 0x00, 0x00,
    0x01, 0xE0, 0x00, 0x7C, 0x00, 0xBF, 0xBF, 0xAF, 0xD0, 0x07, 0xFF, 0xFF, 0xF8, 0x00, 0x2F, 0xD0,
    0xFE, 0x00, 0x03, 0xE0, 0x03, 0xD0, 0x00, 0xFC, 0x00, 0x3D, 0x00, 0x0F, 0x80, 0x0B, 0xD0, 0x01,
    0xF8, 0x01, 0xFC, 0x00, 0x1F, 0xD0, 0xBF, 0x80, 0x02, 0xFF, 0xFF, 0xF4, 0x00, 0xFF, 0xFF, 0xFF,
    0xC0, 0x3F, 0xEF, 0xFF, 0xFD, 0x01, 0xF0, 0x15, 0x0F, 0x40, 0x08, 0x00, 0x00, 0x50, 0x00, 0x00,
    0x54, 0x00, 0x00, 0x01, 0x40, 0x0B, 0xE0, 0x00, 0x01, 0xFC, 0x00, 0x3F, 0x40, 0x00, 0xBE, 0x00,
    0x02, 0xFC, 0x00, 0x2F, 0x80, 0x00, 0x1F, 0xE0, 0x0F, 0xE0, 0x00, 0x00, 0xFF, 0x47, 0xF8, 0x00,
    0x00, 0x07, 0xFD, 0xFE, 0x00, 0x00, 0x00, 0x3F, 0xFF, 0x80, 0x00, 0x00, 0x01, 0xFF, 0xE0, 0x00,
    0x00, 0x00, 0x0F, 0xF8, 0x00, 0x00, 0x00, 0x00, 0xBF, 0x00, 0x00, 0x00, 0x00, 0x0F, 0xFF, 0xD0,
    0x00, 0x01, 0xFF, 0xFF, 0xFD, 0x00, 0x00, 0x3F, 0xFF, 0xD4, 0x00, 0x00, 0x00, 0x03, 0xFC, 0x00,
    0x00, 0x00, 0x00, 0x3F, 0x80, 0x00, 0x00, 0x00, 0x0B, 0xF4, 0x00, 0x00, 0x00, 0x00, 0xFF, 0x04,
    0x00, 0x00, 0x0F, 0xFF, 0xFF, 0xE0, 0x00, 0x03, 0xFF, 0xFF, 0xFE, 0x00, 0x00, 0x00, 0x3F, 0xC0,
    0x00, 0x00, 0x00, 0x03, 0xFC, 0x00, 0x00, 0x00, 0x00, 0x7F, 0x80, 0x00, 0x00, 0x00, 0x0B, 0xF0,
    0x00, 0x00, 0x00, 0x00, 0x01, 0xD0, 0x00, 0x3C, 0x00, 0x03, 0xC0, 0x00, 0x78, 0x00, 0x0B, 0x40,
    0x00, 0xF0, 0x00, 0x1E, 0x00, 0x02, 0xD0, 0x00, 0x3C, 0x00, 0x00, 0x00, 0x00, 0x00, 0x00, 0x00,
    0x00, 0x00, 0x00, 0x00, 0x00, 0x00, 0x02, 0xD0, 0x00, 0x3C, 0x00, 0x07, 0x80, 0x00, 0xB4, 0x00,
    0x0F, 0x00, 0x00, 0xF0, 0x00, 0x2E, 0x00, 0x03, 0xC0, 0x00, 0x3C, 0x00, 0x07, 0x80, 0x00, 0xB4,
    0x00, 0x00, 0x00, 0x00, 0x00, 0x0B, 0xFE, 0x00, 0x00, 0x00, 0x01, 0xFF, 0xFF, 0x00, 0x00, 0x00,
    0x1F, 0x40, 0x0F, 0x00, 0x00, 0x00, 0xF0, 0x00, 0x14, 0x00, 0x00, 0x07, 0x40, 0x00, 0x00, 0x00,
    0x00, 0x2D, 0x00, 0x00, 0x00, 0x00, 0x00, 0xBE, 0x40, 0x00, 0x00, 0x00, 0x2F, 0xFF, 0xF9, 0x00,
    0x00, 0x07, 0xFF, 0xFF, 0xFE, 0x00, 0x00, 0x3F, 0x90, 0x06, 0xFC, 0x00, 0x02, 0xF0, 0x00, 0x01,
    0xF8, 0x00, 0x0F, 0x40, 0x00, 0x03, 0xE0, 0x00, 0x3D, 0x00, 0x00, 0x1F, 0x40, 0x00, 0xFE, 0x50,
    0x00, 0xFC, 0x00, 0x02, 0xFF, 0xFA, 0xAF, 0xE0, 0x00, 0x01, 0xFF, 0xFF, 0xFF, 0x00, 0x00, 0x00,
    0x1B, 0xFF, 0xE0, 0x00, 0x00, 0x00, 0x03, 0xFC, 0x00, 0x00, 0x00, 0x00, 0x0F, 0xF4, 0x00, 0x00,
    0x00, 0x00, 0xFF, 0xC0, 0x00, 0x07, 0xFF, 0xFF, 0xFD, 0x00, 0x00, 0x7F, 0xFF, 0xFF, 0xE0, 0x00,
    0x03, 0xFF, 0xFF, 0xFD, 0x00, 0x00, 0x06, 0xFF, 0xFA, 0x40, 0x00, 0x00, 0x00, 0x00, 0x00, 0x00,
    0x00, 0x00, 0x0B, 0xD0, 0x0B, 0xD0, 0xFD, 0x00, 0xFD, 0x2F, 0xD0, 0x2F, 0xC3, 0xFC, 0x03, 0xFC,
    0xBF, 0xC0, 0xBF, 0xC0, 0x00, 0x2F, 0xE0, 0x00, 0x78, 0x07, 0x00, 0x7B, 0xC0, 0x20, 0x3E, 0x00,
    0x0C, 0x2B, 0x00, 0x03, 0x0E, 0x80, 0x00, 0xC3, 0xB0, 0x00, 0x90, 0xDF, 0xD0, 0x70, 0x24, 0x50,
    0x70, 0x03, 0x41, 0xB4, 0x00, 0x2F, 0x90, 0x00, 0x00, 0x00, 0x00, 0x0B, 0xDC, 0x03, 0xD7, 0xC0,
    0xE0, 0x2C, 0x1C, 0x03, 0xC2, 0x80, 0x38, 0x34, 0x0B, 0x43, 0x96, 0xF4, 0x3F, 0xFF, 0x00, 0xFE,
    0x70, 0x00, 0x00, 0x50, 0x00, 0x04, 0x00, 0x0B, 0x00, 0x00, 0xE0, 0x00, 0xFC, 0x00, 0x2F, 0x00,
    0x2F, 0x80, 0x03, 0xF4, 0x03, 0xF4, 0x00, 0x7E, 0x00, 0x7E, 0x00, 0x0F, 0xD0, 0x07, 0xE0, 0x00,
    0xFC, 0x00, 0x2F, 0xC0, 0x07, 0xF4, 0x00, 0x3F, 0xC0, 0x0F, 0xF4, 0x00, 0x7F, 0xC0, 0x0F, 0xF0,
    0x00, 0xBF, 0x40, 0x1F, 0xE0, 0x00, 0xBC, 0x00, 0x2F, 0x40, 0x00, 0xD0, 0x00, 0x2C, 0x00, 0x00,
    0x00, 0x00, 0x10, 0x00, 0x3F, 0xA9, 0x50, 0x07, 0xFF, 0xFF, 0xFD, 0x6B, 0xFF, 0xFF, 0xD0, 0x00,
    0x00, 0xFC, 0x00, 0x00, 0x0F, 0xC0, 0x00, 0x01, 0xF8, 0x00, 0x00, 0x2F, 0x40, 0x00, 0x03, 0xF0,
    0x00, 0x00, 0x15, 0x00, 0x3F, 0xFF, 0xFF, 0xF7, 0xFF, 0xFF, 0xFD, 0xBF, 0xFF, 0xFF, 0xC0, 0x00,
    0x1B, 0xE0, 0x00, 0x38, 0x03, 0x40, 0x3F, 0xE0, 0x30, 0x36, 0x0C, 0x08, 0x19, 0x46, 0x02, 0x0C,
    0xBF, 0x00, 0xC3, 0x35, 0xC0, 0x70, 0xDC, 0x30, 0x34, 0x2F, 0x1C, 0x38, 0x03, 0x81, 0xB4, 0x00,
    0x2F, 0xE0, 0x00, 0x00, 0x00, 0x00, 0xBF, 0xFF, 0xE2, 0xAA, 0xA5, 0x40, 0x00, 0x00, 0x00, 0x00,
    0x00, 0x6F, 0xF0, 0x00, 0x0F, 0xFF, 0xF4, 0x00, 0xFE, 0x03, 0xF0, 0x0F, 0xD0, 0x03, 0xD0, 0x7D,
    0x00, 0x0F, 0x83, 0xF0, 0x00, 0x3D, 0x0F, 0xC0, 0x02, 0xF0, 0x7F, 0x00, 0x1F, 0x80, 0xFE, 0x02,
    0xFC, 0x02, 0xFF, 0xFF, 0xD0, 0x03, 0xFF, 0xFD, 0x00, 0x03, 0xFF, 0x80, 0x00, 0x00, 0x00, 0x00,
    0x00, 0x00, 0x00, 0x01, 0x40, 0x00, 0x00, 0x01, 0xF0, 0x00, 0x00, 0x00, 0xF8, 0x00, 0x00, 0x00,
    0x3D, 0x00, 0x00, 0x00, 0x1F, 0x00, 0x00, 0xAA, 0xAF, 0xEA, 0x90, 0x3F, 0xFF, 0xFF, 0xF4, 0x00,
    0x02, 0xF0, 0x00, 0x00, 0x00, 0xF8, 0x00, 0x00, 0x00, 0x3D, 0x00, 0x00, 0x00, 0x2F, 0x00, 0x00,
    0x00, 0x05, 0x40, 0x00, 0x00, 0x00, 0x00, 0x00, 0x00, 0x00, 0x00, 0x00, 0x00, 0x56, 0xAA, 0xFC,
    0x00, 0xFF, 0xFF, 0xFF, 0x00, 0x55, 0x50, 0x00, 0x00, 0x00, 0x00, 0x00, 0x00, 0x2F, 0xE0, 0x02,
    0x43, 0x80, 0x00, 0x28, 0x00, 0x03, 0x40, 0x00, 0xF0, 0x00, 0x7C, 0x00, 0x2F, 0x00, 0x1F, 0x80,
    0x03, 0xFF, 0xC0, 0x7F, 0xFC, 0x00, 0x00, 0xBF, 0x40, 0x00, 0x0C, 0x00, 0x00, 0xC0, 0x00, 0x28,
    0x00, 0xFD, 0x00, 0x00, 0xB0, 0x00, 0x03, 0x40, 0x00, 0x70, 0x04, 0x1F, 0x03, 0xFF, 0xC0, 0x2F,
    0xE0, 0x00, 0x00, 0x64, 0x07, 0xC0, 0x3D, 0x03, 0xE0, 0x2F, 0x01, 0xF4, 0x00, 0x00, 0x07, 0xD0,
    0x00, 0x2F, 0x40, 0x02, 0xF0, 0x00, 0x0F, 0xC0, 0x00, 0xFC, 0x00, 0x03, 0xF0, 0x00, 0x3F, 0x00,
    0x01, 0xF8, 0x00, 0x1F, 0x80, 0x00, 0xBD, 0x00, 0x0F, 0xD0, 0x00, 0x3F, 0x00, 0x03, 0xF0, 0x00,
    0x1F, 0xC0, 0x02, 0xFC, 0x00, 0x0B, 0xE0, 0x00, 0xFE, 0x00, 0x03, 0xF4, 0x00, 0x7F, 0x80, 0x02,
    0xFD, 0x00, 0x3F, 0xF0, 0x02, 0xFF, 0x00, 0x0F, 0xFF, 0xFF, 0xFF, 0xC0, 0x0B, 0xFF, 0xFF, 0xFF,
    0xE0, 0x03, 0xEF, 0xFF, 0xFF, 0xF4, 0x01, 0xE7, 0xFF, 0xFD, 0xFC, 0x00, 0xF0, 0x7F, 0xF8, 0x7F,
    0x00, 0x3C, 0x00, 0x00, 0x00, 0x00, 0x2D, 0x00, 0x00, 0x00, 0x00, 0x0A, 0x00, 0x00, 0x00, 0x00,
    0x00, 0x00, 0x00, 0x01, 0x50, 0x14, 0x00, 0x00, 0x7F, 0xD0, 0x3D, 0x00, 0x02, 0xFF, 0xC0, 0x3C,
    0x00, 0x0B, 0xFF, 0xC0, 0x7C, 0x00, 0x0F, 0xFF, 0x40, 0xB8, 0x00, 0x2F, 0xFF, 0x00, 0xF4, 0x00,
    0x2F, 0xFF, 0x00, 0xF0, 0x00, 0x2F, 0xFD, 0x01, 0xF0, 0x00, 0x2F, 0xFC, 0x02, 0xE0, 0x00, 0x0F,
    0xFC, 0x03, 0xD0, 0x00, 0x03, 0xF4, 0x03, 0xC0, 0x00, 0x0B, 0xF0, 0x07, 0xC0, 0x00, 0x0F, 0xF0,
    0x0B, 0x80, 0x00, 0x1F, 0xD0, 0x0F, 0x40, 0x00, 0x3F, 0xC0, 0x0F, 0x00, 0x00, 0x7F, 0xC0, 0x1F,
    0x00, 0x00, 0xFF, 0x40, 0x2E, 0x00, 0x01, 0xFF, 0x00, 0x3D, 0x00, 0x03, 0xFE, 0x00, 0x3C, 0x00,
    0x03, 0xFD, 0x00, 0x7C, 0x00, 0x0B, 0xFC, 0x00, 0xB8, 0x00, 0x0F, 0xF8, 0x00, 0xF4, 0x00, 0x2F,
    0xF4, 0x00, 0xF0, 0x00, 0x3F, 0xF0, 0x01, 0xF0, 0x00, 0x0B, 0xE0, 0xFE, 0x1F, 0xD3, 0xFD, 0x7F,
    0xC0, 0x01, 0x40, 0x03, 0x00, 0x08, 0x00, 0x0F, 0xE0, 0x00, 0x34, 0x00, 0x34, 0x2B, 0xE0, 0xBF,
    0x80, 0x00, 0x14, 0x00, 0xFC, 0x01, 0x78, 0x00, 0x34, 0x00, 0x70, 0x00, 0xE0, 0x00, 0xD0, 0x01,
    0xC0, 0x03, 0xC0, 0x3F, 0xFC, 0x7F, 0xF8, 0x00, 0x00, 0x00, 0x1F, 0xF4, 0x0B, 0x42, 0xC1, 0xC0,
    0x0C, 0x2C, 0x01, 0xC3, 0x80, 0x38, 0x3D, 0x5B, 0x42, 0xFF, 0xD0, 0x0B, 0xE0, 0x00, 0x10, 0x00,
    0x04, 0x00, 0x00, 0x38, 0x00, 0x07, 0x40, 0x00, 0x2F, 0x40, 0x03, 0xE0, 0x00, 0x07, 0xE0, 0x00,
    0xFD, 0x00, 0x00, 0xFD, 0x00, 0x2F, 0x80, 0x00, 0x2F, 0x80, 0x03, 0xF0, 0x00, 0x07, 0xE0, 0x00,
    0xFC, 0x00, 0x0F, 0xF0, 0x02, 0xFD, 0x00, 0x2F, 0xE0, 0x07, 0xF8, 0x00, 0x7F, 0x80, 0x0F, 0xF0,
    0x00, 0xFF, 0x00, 0x2F, 0xC0, 0x00, 0xBC, 0x00, 0x1F, 0x40, 0x00, 0x34, 0x00, 0x0E, 0x00, 0x00,
    0x10, 0x00, 0x00, 0x00, 0x00, 0x00, 0x00, 0x00, 0x00, 0x00, 0x00, 0x1F, 0x80, 0x00, 0x00, 0x00,
    0x00, 0xBF, 0x40, 0x00, 0x00, 0x00, 0x00, 0x8B, 0x00, 0x00, 0x00, 0x00, 0x00, 0x0F, 0x00, 0x00,
    0x00, 0x78, 0x00, 0x1E, 0x00, 0x00, 0x00, 0xF0, 0x00, 0x2D, 0x00, 0x00, 0x03, 0xC0, 0x00, 0x3C,
    0x00, 0x00, 0x0F, 0x00, 0x00, 0x3C, 0x00, 0x00, 0x2D, 0x00, 0x00, 0xB8, 0x00, 0x00, 0xB4, 0x00,
    0x00, 0xF4, 0x00, 0x02, 0xE0, 0x00, 0x00, 0xF0, 0x00, 0x07, 0xC0, 0x00, 0x2B, 0xFA, 0x80, 0x1F,
    0x00, 0x00, 0x7F, 0xFF, 0x80, 0x3C, 0x00, 0x00, 0xBF, 0xFF, 0x40, 0xF4, 0x00, 0xD0, 0x00, 0x00,
    0x03, 0xE0, 0x03, 0xC0, 0x00, 0x00, 0x0B, 0x80, 0x0F, 0xC0, 0x00, 0x00, 0x2F, 0x00, 0x3E, 0xC0,
    0x00, 0x00, 0xBC, 0x00, 0xF3, 0x80, 0x00, 0x01, 0xF0, 0x03, 0xC7, 0x40, 0x00, 0x07, 0xD0, 0x0F,
    0x0B, 0x40, 0x00, 0x0F, 0x80, 0x3C, 0x0F, 0x00, 0x00, 0x3E, 0x00, 0xFF, 0xFF, 0xF0, 0x00, 0xFC,
    0x00, 0xFF, 0xFF, 0xE0, 0x03, 0xF0, 0x00, 0x00, 0x3E, 0x00, 0x0B, 0xC0, 0x00, 0x00, 0x7D, 0x00,
    0x2F, 0x40, 0x00, 0x00, 0xBC, 0x00, 0x15, 0x00, 0x00, 0x00, 0xFC, 0x00, 0x00, 0x1B, 0xC0, 0x00,
    0x00, 0x00, 0x00, 0x2F, 0xE0, 0x00, 0x00, 0x00, 0x00, 0x09, 0xB0, 0x00, 0x00, 0x00, 0x00, 0x00,
    0x3C, 0x00, 0x00, 0x01, 0xE0, 0x00, 0x0E, 0x00, 0x00, 0x01, 0xE0, 0x00, 0x0B, 0x40, 0x00, 0x00,
    0xF0, 0x00, 0x03, 0xC0, 0x00, 0x00, 0xF0, 0x00, 0x00, 0xF0, 0x00, 0x00, 0xF0, 0x00, 0x00, 0xB8,
    0x00, 0x00, 0xB4, 0x00, 0x00, 0x3D, 0x00, 0x00, 0xB8, 0x00, 0x00, 0x0F, 0x00, 0x00, 0xB8, 0x00,
    0x00, 0xAF, 0xEA, 0x00, 0x7C, 0x1A, 0x40, 0x7F, 0xFF, 0x80, 0x7D, 0xFF, 0xFC, 0x2F, 0xFF, 0xD0,
    0x3C, 0x74, 0x0B, 0xC0, 0x00, 0x00, 0x3D, 0x00, 0x00, 0xF0, 0x00, 0x00, 0x3E, 0x00, 0x00, 0x3C,
    0x00, 0x00, 0x2E, 0x00, 0x00, 0x2E, 0x00, 0x00, 0x2F, 0x00, 0x00, 0x1F, 0x00, 0x00, 0x2F, 0x00,
    0x00, 0x1F, 0x40, 0x00, 0x1F, 0x00, 0x00, 0x2F, 0x80, 0x00, 0x1F, 0x40, 0x00, 0xBF, 0x40, 0x00,
    0x0F, 0x80, 0x01, 0xFF, 0x40, 0x00, 0x0F, 0x80, 0x01, 0xFF, 0x00, 0x00, 0x0F, 0xC0, 0x00, 0xFF,
    0xFF, 0xC0, 0x0F, 0xC0, 0x00, 0x7F, 0xFF, 0xE0, 0x0B, 0xC0, 0x00, 0x2A, 0xAA, 0xA4, 0x00, 0x00,
    0x00, 0x00, 0x00, 0x00, 0x00, 0x00, 0x6F, 0xE4, 0x00, 0x00, 0x00, 0x00, 0x39, 0x5B, 0x40, 0x00,
    0x00, 0x00, 0x00, 0x00, 0xA0, 0x00, 0x00, 0x00, 0x00, 0x00, 0x28, 0x00, 0x00, 0x38, 0x00, 0x00,
    0x0D, 0x00, 0x00, 0x3C, 0x00, 0x00, 0x1F, 0x00, 0x00, 0x3C, 0x00, 0x0B, 0xFD, 0x00, 0x00, 0x3C,
    0x00, 0x02, 0xAF, 0x40, 0x00, 0x2D, 0x00, 0x00, 0x00, 0xF4, 0x00, 0x2E, 0x00, 0x00, 0x00, 0x2D,
    0x00, 0x1E, 0x00, 0x00, 0x00, 0x0F, 0x00, 0x1F, 0x00, 0x00, 0x00, 0x1F, 0xC0, 0x1F, 0x00, 0x00,
    0x3F, 0xFF, 0xC0, 0x0F, 0x00, 0x00, 0x2F, 0xFF, 0xD0, 0x0F, 0x40, 0x0D, 0x06, 0xBE, 0x40, 0x0F,
    0x80, 0x0F, 0x00, 0x00, 0x00, 0x0B, 0x80, 0x0F, 0xC0, 0x00, 0x00, 0x0B, 0xC0, 0x0F, 0xB0, 0x00,
    0x00, 0x0B, 0xC0, 0x0F, 0x38, 0x00, 0x00, 0x07, 0xC0, 0x0F, 0x1D, 0x00, 0x00, 0x07, 0xD0, 0x0F,
    0x0B, 0x40, 0x00, 0x03, 0xE0, 0x0F, 0x03, 0xC0, 0x00, 0x03, 0xE0, 0x0F, 0xFF, 0xFF, 0x00, 0x03,
    0xF0, 0x03, 0xFF, 0xFF, 0x80, 0x02, 0xF0, 0x00, 0x00, 0x3E, 0x00, 0x02, 0xF0, 0x00, 0x00, 0x1F,
    0x40, 0x02, 0xF4, 0x00, 0x00, 0x0B, 0xC0, 0x00, 0x54, 0x00, 0x00, 0x03, 0xF0, 0x00, 0x00, 0x00,
    0x00, 0x2F, 0xF0, 0x00, 0x00, 0x00, 0xFF, 0x40, 0x00, 0x00, 0x03, 0xFC, 0x00, 0x00, 0x00, 0x0F,
    0xE0, 0x00, 0x00, 0x00, 0x3F, 0x00, 0x00, 0x00, 0x00, 0x00, 0x00, 0x00, 0x00, 0x00, 0x00, 0x00,
    0x00, 0x00, 0x01, 0x40, 0x00, 0x00, 0x01, 0xFE, 0x00, 0x00, 0x00, 0x0F, 0xF0, 0x00, 0x00, 0x00,
    0x3F, 0xC0, 0x00, 0x00, 0x01, 0xFE, 0x00, 0x00, 0x00, 0x0B, 0xF4, 0x00, 0x00, 0x00, 0x7F, 0xC0,
    0x00, 0x00, 0x0B, 0xFF, 0x00, 0x00, 0x00, 0xFF, 0xE0, 0x00, 0x00, 0x0F, 0xF8, 0x00, 0x00, 0x00,
    0xFF, 0x00, 0x00, 0x00, 0x0F, 0xE0, 0x00, 0x00, 0x00, 0xFE, 0x00, 0x00, 0x00, 0x07, 0xF0, 0x00,
    0x00, 0x00, 0x3F, 0x40, 0x00, 0x00, 0x01, 0xFC, 0x00, 0x00, 0x00, 0x0B, 0xE0, 0x00, 0x00, 0x00,
    0x3F, 0x40, 0x00, 0x00, 0x00, 0xFD, 0x00, 0x00, 0x00, 0x03, 0xF8, 0x00, 0x02, 0x00, 0x0B, 0xF8,
    0x00, 0x7E, 0x00, 0x0F, 0xFE, 0xAF, 0xF0, 0x00, 0x1F, 0xFF, 0xFE, 0x00, 0x00, 0x06, 0xFF, 0x80,
    0x00, 0x00, 0x00, 0x00, 0x00, 0x00, 0x00, 0x00, 0x00, 0x03, 0xE0, 0x00, 0x00, 0x00, 0x00, 0x07,
    0xE0, 0x00, 0x00, 0x00, 0x00, 0x0B, 0xF0, 0x00, 0x00, 0x00, 0x00, 0x0F, 0xF0, 0x00, 0x00, 0x00,
    0x00, 0x00, 0x50, 0x00, 0x00, 0x00, 0x00, 0x00, 0x00, 0x00, 0x00, 0x00, 0x00, 0x00, 0x00, 0x00,
    0x00, 0x00, 0x00, 0x00, 0x00, 0x00, 0x00, 0x00, 0xFE, 0x00, 0x00, 0x00, 0x00, 0x0B, 0xF8, 0x00,
    0x00, 0x00, 0x00, 0x3F, 0xF0, 0x00, 0x00, 0x00, 0x03, 0xFF, 0xC0, 0x00, 0x00, 0x00, 0x1F, 0xBF,
    0x00, 0x00, 0x00, 0x00, 0xFC, 0xFC, 0x00, 0x00, 0x00, 0x0F, 0xD3, 0xF4, 0x00, 0x00, 0x00, 0x7F,
    0x0F, 0xD0, 0x00, 0x00, 0x03, 0xF0, 0x3F, 0x40, 0x00, 0x00, 0x2F, 0x80, 0xBE, 0x00, 0x00, 0x01,
    0xFC, 0x02, 0xF8, 0x00, 0x00, 0x0F, 0xD0, 0x0B, 0xF0, 0x00, 0x00, 0xBF, 0x00, 0x2F, 0xC0, 0x00,
    0x07, 0xF0, 0x00, 0x7F, 0x00, 0x00, 0x3F, 0x80, 0x01, 0xFC, 0x00, 0x02, 0xFC, 0x00, 0x07, 0xF4,
    0x00, 0x0F, 0xD0, 0x00, 0x0F, 0xD0, 0x00, 0xFF, 0xFF, 0xFF, 0xFF, 0x80, 0x0B, 0xFF, 0xFF, 0xFF,
    0xFE, 0x00, 0x3F, 0xFF, 0xFF, 0xFF, 0xF8, 0x03, 0xFF, 0xFF, 0xFF, 0xFF, 0xF0, 0x1F, 0xE0, 0x00,
    0x00, 0x3F, 0xC0, 0xFF, 0x00, 0x00, 0x00, 0xFF, 0x0B, 0xF8, 0x00, 0x00, 0x03, 0xFC, 0x7F, 0xC0,
    0x00, 0x00, 0x1F, 0xF4, 0x00, 0x00, 0x00, 0x00, 0x00, 0x0B, 0x40, 0x00, 0x00, 0x00, 0x00, 0x07,
    0x80, 0x00, 0x00, 0x00, 0x00, 0x07, 0xC0, 0x00, 0x00, 0x00, 0x00, 0x03, 0xD0, 0x00, 0x00, 0x00,
    0x00, 0x03, 0xF0, 0x00, 0x00, 0x00, 0x00, 0x01, 0xA4, 0x00, 0x00, 0x00, 0x00, 0x00, 0x00, 0x00,
    0x00, 0x00, 0x00, 0x00, 0x00, 0x00, 0x00, 0x00, 0x00, 0x00, 0x00, 0x00, 0x00, 0x00, 0x00, 0x00,
    0x00, 0x00, 0x00, 0x00, 0x00, 0x00, 0x00, 0x00, 0x00, 0x00, 0x00, 0x00, 0x00, 0x00, 0x00, 0x00,
    0x00, 0x00, 0x00, 0x00, 0x00, 0x00, 0x00, 0x00, 0x00, 0x3F, 0x80, 0x00, 0x00, 0x00, 0x00, 0x2F,
    0xE0, 0x00, 0x00, 0x00, 0x00, 0x0F, 0xFC, 0x00, 0x00, 0x00, 0x00, 0x0F, 0xFF, 0x00, 0x00, 0x00,
    0x00, 0x07, 0xEF, 0xC0, 0x00, 0x00, 0x00, 0x03, 0xF3, 0xF0, 0x00, 0x00, 0x00, 0x03, 0xF4, 0xFD,
    0x00, 0x00, 0x00, 0x01, 0xFC, 0x3F, 0x40, 0x00, 0x00, 0x00, 0xFC, 0x0F, 0xD0, 0x00, 0x00, 0x00,
    0xBE, 0x02, 0xF8, 0x00, 0x00, 0x00, 0x7F, 0x00, 0xBE, 0x00, 0x00, 0x00, 0x3F, 0x40, 0x2F, 0xC0,
    0x00, 0x00, 0x2F, 0xC0, 0x0B, 0xF0, 0x00, 0x00, 0x1F, 0xC0, 0x01, 0xFC, 0x00, 0x00, 0x0F, 0xE0,
    0x00, 0x7F, 0x00, 0x00, 0x0B, 0xF0, 0x00, 0x1F, 0xD0, 0x00, 0x03, 0xF4, 0x00, 0x03, 0xF4, 0x00,
    0x03, 0xFF, 0xFF, 0xFF, 0xFE, 0x00, 0x02, 0xFF, 0xFF, 0xFF, 0xFF, 0x80, 0x00, 0xFF, 0xFF, 0xFF,
    0xFF, 0xE0, 0x00, 0xFF, 0xFF, 0xFF, 0xFF, 0xFC, 0x00, 0x7F, 0x80, 0x00, 0x00, 0xFF, 0x00, 0x3F,
    0xC0, 0x00, 0x00, 0x3F, 0xC0, 0x2F, 0xE0, 0x00, 0x00, 0x0F, 0xF0, 0x1F, 0xF0, 0x00, 0x00, 0x07,
    0xFD, 0x00, 0x00, 0x00, 0x00, 0x00, 0xB4, 0x00, 0x00, 0x00, 0x00, 0x00, 0x3F, 0x40, 0x00, 0x00,
    0x00, 0x00, 0x2F, 0xF4, 0x00, 0x00, 0x00, 0x00, 0x1F, 0x0B, 0x80, 0x00, 0x00, 0x00, 0x0F, 0x00,
    0x7C, 0x00, 0x00, 0x00, 0x0A, 0x00, 0x01, 0x80, 0x00, 0x00, 0x00, 0x00, 0x00, 0x00, 0x00, 0x00,
    0x00, 0x03, 0xF8, 0x00, 0x00, 0x00, 0x00, 0x02, 0xFE, 0x00, 0x00, 0x00, 0x00, 0x00, 0xFF, 0xC0,
    0x00, 0x00, 0x00, 0x00, 0xFF, 0xF0, 0x00, 0x00, 0x00, 0x00, 0x7E, 0xFC, 0x00, 0x00, 0x00, 0x00,
    0x3F, 0x3F, 0x00, 0x00, 0x00, 0x00, 0x3F, 0x4F, 0xD0, 0x00, 0x00, 0x00, 0x1F, 0xC3, 0xF4, 0x00,
    0x00, 0x00, 0x0F, 0xC0, 0xFD, 0x00, 0x00, 0x00, 0x0B, 0xE0, 0x2F, 0x80, 0x00, 0x00, 0x07, 0xF0,
    0x0B, 0xE0, 0x00, 0x00, 0x03, 0xF4, 0x02, 0xFC, 0x00, 0x00, 0x02, 0xFC, 0x00, 0xBF, 0x00, 0x00,
    0x01, 0xFC, 0x00, 0x1F, 0xC0, 0x00, 0x00, 0xFE, 0x00, 0x07, 0xF0, 0x00, 0x00, 0xBF, 0x00, 0x01,
    0xFD, 0x00, 0x00, 0x3F, 0x40, 0x00, 0x3F, 0x40, 0x00, 0x3F, 0xFF, 0xFF, 0xFF, 0xE0, 0x00, 0x2F,
    0xFF, 0xFF, 0xFF, 0xF8, 0x00, 0x0F, 0xFF, 0xFF, 0xFF, 0xFE, 0x00, 0x0F, 0xFF, 0xFF, 0xFF, 0xFF,
    0xC0, 0x07, 0xF8, 0x00, 0x00, 0x0F, 0xF0, 0x03, 0xFC, 0x00, 0x00, 0x03, 0xFC, 0x02, 0xFE, 0x00,
    0x00, 0x00, 0xFF, 0x01, 0xFF, 0x00, 0x00, 0x00, 0x7F, 0xD0, 0x00, 0x00, 0x00, 0x00, 0xBC, 0x02,
    0xC0, 0x00, 0x00, 0x00, 0x3E, 0xF0, 0x3C, 0x00, 0x00, 0x00, 0x07, 0x83, 0x47, 0x40, 0x00, 0x00,
    0x00, 0xB0, 0x2E, 0xF0, 0x00, 0x00, 0x00, 0x0F, 0x00, 0xFD, 0x00, 0x00, 0x00, 0x00, 0x00, 0x00,
    0x00, 0x00, 0x00, 0x00, 0x00, 0x00, 0x00, 0x00, 0x00, 0x00, 0x00, 0x00, 0x00, 0x00, 0x00, 0x00,
    0x00, 0x00, 0xFE, 0x00, 0x00, 0x00, 0x00, 0x00, 0x2F, 0xE0, 0x00, 0x00, 0x00, 0x00, 0x03, 0xFF,
    0x00, 0x00, 0x00, 0x00, 0x00, 0xFF, 0xF0, 0x00, 0x00, 0x00, 0x00, 0x1F, 0xBF, 0x00, 0x00, 0x00,
    0x00, 0x03, 0xF3, 0xF0, 0x00, 0x00, 0x00, 0x00, 0xFD, 0x3F, 0x40, 0x00, 0x00, 0x00, 0x1F, 0xC3,
    0xF4, 0x00, 0x00, 0x00, 0x03, 0xF0, 0x3F, 0x40, 0x00, 0x00, 0x00, 0xBE, 0x02, 0xF8, 0x00, 0x00,
    0x00, 0x1F, 0xC0, 0x2F, 0x80, 0x00, 0x00, 0x03, 0xF4, 0x02, 0xFC, 0x00, 0x00, 0x00, 0xBF, 0x00,
    0x2F, 0xC0, 0x00, 0x00, 0x1F, 0xC0, 0x01, 0xFC, 0x00, 0x00, 0x03, 0xF8, 0x00, 0x1F, 0xC0, 0x00,
    0x00, 0xBF, 0x00, 0x01, 0xFD, 0x00, 0x00, 0x0F, 0xD0, 0x00, 0x0F, 0xD0, 0x00, 0x03, 0xFF, 0xFF,
    0xFF, 0xFE, 0x00, 0x00, 0xBF, 0xFF, 0xFF, 0xFF, 0xE0, 0x00, 0x0F, 0xFF, 0xFF, 0xFF, 0xFE, 0x00,
    0x03, 0xFF, 0xFF, 0xFF, 0xFF, 0xF0, 0x00, 0x7F, 0x80, 0x00, 0x00, 0xFF, 0x00, 0x0F, 0xF0, 0x00,
    0x00, 0x0F, 0xF0, 0x02, 0xFE, 0x00, 0x00, 0x00, 0xFF, 0x00, 0x7F, 0xC0, 0x00, 0x00, 0x1F, 0xF4,
    0x00, 0x00, 0x00, 0x00, 0x03, 0xF0, 0x07, 0xF0, 0x00, 0x00, 0x00, 0x2F, 0xC0, 0x3F, 0xC0, 0x00,
    0x00, 0x00, 0xFF, 0x01, 0xFE, 0x00, 0x00, 0x00, 0x0B, 0xF8, 0x0B, 0xF8, 0x00, 0x00, 0x00, 0x3F,
    0xD0, 0x3F, 0xD0, 0x00, 0x00, 0x00, 0x00, 0x00, 0x00, 0x00, 0x00, 0x00, 0x00, 0x00, 0x00, 0x00,
    0x00, 0x00, 0x00, 0x00, 0x00, 0x00, 0x00, 0x00, 0x00, 0x00, 0x00, 0xFE, 0x00, 0x00, 0x00, 0x00,
    0x00, 0x0B, 0xF8, 0x00, 0x00, 0x00, 0x00, 0x00, 0x3F, 0xF0, 0x00, 0x00, 0x00, 0x00, 0x03, 0xFF,
    0xC0, 0x00, 0x00, 0x00, 0x00, 0x1F, 0xBF, 0x00, 0x00, 0x00, 0x00, 0x00, 0xFC, 0xFC, 0x00, 0x00,
    0x00, 0x00, 0x0F, 0xD3, 0xF4, 0x00, 0x00, 0x00, 0x00, 0x7F, 0x0F, 0xD0, 0x00, 0x00, 0x00, 0x03,
    0xF0, 0x3F, 0x40, 0x00, 0x00, 0x00, 0x2F, 0x80, 0xBE, 0x00, 0x00, 0x00, 0x01, 0xFC, 0x02, 0xF8,
    0x00, 0x00, 0x00, 0x0F, 0xD0, 0x0B, 0xF0, 0x00, 0x00, 0x00, 0xBF, 0x00, 0x2F, 0xC0, 0x00, 0x00,
    0x07, 0xF0, 0x00, 0x7F, 0x00, 0x00, 0x00, 0x3F, 0x80, 0x01, 0xFC, 0x00, 0x00, 0x02, 0xFC, 0x00,
    0x07, 0xF4, 0x00, 0x00, 0x0F, 0xD0, 0x00, 0x0F, 0xD0, 0x00, 0x00, 0xFF, 0xFF, 0xFF, 0xFF, 0x80,
    0x00, 0x0B, 0xFF, 0xFF, 0xFF, 0xFE, 0x00, 0x00, 0x3F, 0xFF, 0xFF, 0xFF, 0xF8, 0x00, 0x03, 0xFF,
    0xFF, 0xFF, 0xFF, 0xF0, 0x00, 0x1F, 0xE0, 0x00, 0x00, 0x3F, 0xC0, 0x00, 0xFF, 0x00, 0x00, 0x00,
    0xFF, 0x00, 0x0B, 0xF8, 0x00, 0x00, 0x03, 0xFC, 0x00, 0x7F, 0xC0, 0x00, 0x00, 0x1F, 0xF4, 0x00,
    0x00, 0x00, 0x00, 0x00, 0x02, 0xF0, 0x00, 0x00, 0x00, 0x00, 0x0D, 0x1C, 0x00, 0x00, 0x00, 0x00,
    0x34, 0x0C, 0x00, 0x00, 0x00, 0x00, 0x34, 0x38, 0x00, 0x00, 0x00, 0x00, 0x2F, 0xF0, 0x00, 0x00,
    0x00, 0x00, 0x0B, 0x80, 0x00, 0x00, 0x00, 0x00, 0x00, 0x00, 0x00, 0x00, 0x00, 0x00, 0x00, 0x00,
    0x00, 0x00, 0x00, 0x00, 0x00, 0x00, 0x00, 0x00, 0x00, 0x00, 0x00, 0x00, 0x00, 0x00, 0x00, 0x00,
    0xFE, 0x00, 0x00, 0x00, 0x00, 0x02, 0xFE, 0x00, 0x00, 0x00, 0x00, 0x03, 0xFF, 0x00, 0x00, 0x00,
    0x00, 0x0F, 0xFF, 0x00, 0x00, 0x00, 0x00, 0x1F, 0xBF, 0x00, 0x00, 0x00, 0x00, 0x3F, 0x3F, 0x00,
    0x00, 0x00, 0x00, 0xFD, 0x3F, 0x40, 0x00, 0x00, 0x01, 0xFC, 0x3F, 0x40, 0x00, 0x00, 0x03, 0xF0,
    0x3F, 0x40, 0x00, 0x00, 0x0B, 0xE0, 0x2F, 0x80, 0x00, 0x00, 0x1F, 0xC0, 0x2F, 0x80, 0x00, 0x00,
    0x3F, 0x40, 0x2F, 0xC0, 0x00, 0x00, 0xBF, 0x00, 0x2F, 0xC0, 0x00, 0x01, 0xFC, 0x00, 0x1F, 0xC0,
    0x00, 0x03, 0xF8, 0x00, 0x1F, 0xC0, 0x00, 0x0B, 0xF0, 0x00, 0x1F, 0xD0, 0x00, 0x0F, 0xD0, 0x00,
    0x0F, 0xD0, 0x00, 0x3F, 0xFF, 0xFF, 0xFF, 0xE0, 0x00, 0xBF, 0xFF, 0xFF, 0xFF, 0xE0, 0x00, 0xFF,
    0xFF, 0xFF, 0xFF, 0xE0, 0x03, 0xFF, 0xFF, 0xFF, 0xFF, 0xF0, 0x07, 0xF8, 0x00, 0x00, 0x0F, 0xF0,
    0x0F, 0xF0, 0x00, 0x00, 0x0F, 0xF0, 0x2F, 0xE0, 0x00, 0x00, 0x0F, 0xF0, 0x7F, 0xC0, 0x00, 0x00,
    0x1F, 0xF4, 0x00, 0x00, 0x00, 0x00, 0x00, 0x00, 0x00, 0x00, 0x15, 0x40, 0x00, 0x00, 0x00, 0x00,
    0x1F, 0xFF, 0xFF, 0xFF, 0xFC, 0x00, 0x00, 0x00, 0x00, 0x03, 0xFF, 0xFF, 0xFF, 0xFF, 0xC0, 0x00,
    0x00, 0x00, 0x00, 0xFF, 0xFF, 0xFF, 0xFF, 0xE4, 0x00, 0x00, 0x00, 0x00, 0x3F, 0xFF, 0xD0, 0x00,
    0x00, 0x00, 0x00, 0x00, 0x00, 0x0B, 0xEF, 0xFC, 0x00, 0x00, 0x00, 0x00, 0x00, 0x00, 0x01, 0xF9,
    0xFF, 0x80, 0x00, 0x00, 0x00, 0x00, 0x00, 0x00, 0x7F, 0x1F, 0xF4, 0x00, 0x00, 0x00, 0x00, 0x00,
    0x00, 0x0F, 0xC1, 0xFF, 0x00, 0x00, 0x00, 0x00, 0x00, 0x00, 0x03, 0xF4, 0x1F, 0xE0, 0x00, 0x00,
    0x00, 0x00, 0x00, 0x00, 0xFD, 0x02, 0xFE, 0x55, 0x69, 0x00, 0x00, 0x00, 0x00, 0x2F, 0x80, 0x2F,
    0xFF, 0xFF, 0xC0, 0x00, 0x00, 0x00, 0x07, 0xF0, 0x02, 0xFF, 0xFF, 0xFC, 0x00, 0x00, 0x00, 0x01,
    0xFC, 0x00, 0x3F, 0xFF, 0xFF, 0x80, 0x00, 0x00, 0x00, 0x3F, 0x40, 0x03, 0xFC, 0x00, 0x00, 0x00,
    0x00, 0x00, 0x0F, 0xE0, 0x00, 0x7F, 0x80, 0x00, 0x00, 0x00, 0x00, 0x02, 0xF8, 0x00, 0x0F, 0xF8,
    0x00, 0x00, 0x00, 0x00, 0x00, 0xBF, 0xEA, 0xAA, 0xFF, 0x80, 0x00, 0x00, 0x00, 0x00, 0x1F, 0xFF,
    0xFF, 0xFF, 0xF8, 0x00, 0x00, 0x00, 0x00, 0x03, 0xFF, 0xFF, 0xFF, 0xFF, 0x80, 0x00, 0x00, 0x00,
    0x00, 0xFF, 0xFF, 0xFF, 0xFF, 0xFF, 0xFF, 0xFF, 0x00, 0x00, 0x3F, 0xC0, 0x00, 0x07, 0xFF, 0xFF,
    0xFF, 0xE0, 0x00, 0x0B, 0xF4, 0x00, 0x00, 0xBF, 0xFF, 0xFF, 0xFE, 0x00, 0x01, 0xFF, 0x00, 0x00,
    0x0F, 0xFF, 0xFF, 0xFF, 0xE0, 0x00, 0x7F, 0xC0, 0x00, 0x00, 0xFF, 0xFF, 0xFF, 0xFE, 0x00, 0x00,
    0x00, 0x00, 0x00, 0x00, 0x00, 0x00, 0x00, 0x00, 0x00, 0x00, 0x00, 0x00, 0x00, 0x00, 0x00, 0x00,
    0x00, 0x00, 0x00, 0x1B, 0xFF, 0x90, 0x00, 0x00, 0x01, 0xFF, 0xFF, 0xF8, 0x00, 0x00, 0x07, 0xFF,
    0xFF, 0xFC, 0x00, 0x00, 0x0B, 0xFF, 0x95, 0x5A, 0x00, 0x00, 0x0F, 0xFE, 0x00, 0x00, 0x00, 0x00,
    0x0F, 0xFC, 0x00, 0x00, 0x00, 0x00, 0x0F, 0xFC, 0x00, 0x00, 0x00, 0x00, 0x0B, 0xF8, 0x00, 0x00,
    0x00, 0x00, 0x07, 0xFC, 0x00, 0x00, 0x00, 0x00, 0x03, 0xFC, 0x00, 0x00, 0x00, 0x00, 0x01, 0xFE,
    0x00, 0x00, 0x00, 0x00, 0x00, 0xFF, 0x00, 0x00, 0x00, 0x00, 0x00, 0x7F, 0x80, 0x00, 0x00, 0x00,
    0x00, 0x2F, 0xD0, 0x00, 0x00, 0x00, 0x00, 0x0F, 0xF4, 0x00, 0x00, 0x00, 0x00, 0x03, 0xFE, 0x00,
    0x00, 0x00, 0x00, 0x01, 0xFF, 0xC0, 0x00, 0x00, 0x00, 0x00, 0x7F, 0xFC, 0x00, 0x00, 0x10, 0x00,
    0x1F, 0xFF, 0xF9, 0x56, 0xFC, 0x00, 0x07, 0xFF, 0xFF, 0xFF, 0xFE, 0x00, 0x00, 0xFF, 0xFF, 0xFF,
    0xFF, 0x40, 0x00, 0x2F, 0xFF, 0xFF, 0xFF, 0xC0, 0x00, 0x03, 0xFF, 0xFF, 0xFF, 0xF0, 0x00, 0x00,
    0x7F, 0xFF, 0xFF, 0xF8, 0x00, 0x00, 0x01, 0xBF, 0xFF, 0xE8, 0x00, 0x00, 0x00, 0x00, 0x30, 0x00,
    0x00, 0x00, 0x00, 0x00, 0x20, 0x00, 0x00, 0x00, 0x00, 0x00, 0x0F, 0xE0, 0x00, 0x00, 0x00, 0x00,
    0x00, 0x0D, 0x00, 0x00, 0x00, 0x00, 0x00, 0x03, 0x40, 0x00, 0x00, 0x00, 0x00, 0xAF, 0x80, 0x00,
    0x00, 0x00, 0x00, 0xBF, 0x80, 0x00, 0x00, 0x00, 0x00, 0x00, 0x00, 0xF8, 0x00, 0x00, 0x00, 0x00,
    0x01, 0xFC, 0x00, 0x00, 0x00, 0x00, 0x02, 0xFC, 0x00, 0x00, 0x00, 0x00, 0x03, 0xFC, 0x00, 0x00,
    0x00, 0x00, 0x00, 0x14, 0x00, 0x00, 0x00, 0x00, 0x00, 0x00, 0x00, 0x00, 0x00, 0x00, 0x00, 0x00,
    0x00, 0x00, 0x00, 0x00, 0x01, 0x54, 0x00, 0x02, 0xFF, 0xFF, 0xFF, 0xF0, 0x00, 0x0F, 0xFF, 0xFF,
    0xFF, 0x40, 0x00, 0x3F, 0xFF, 0xFF, 0xF8, 0x00, 0x01, 0xFD, 0x00, 0x00, 0x00, 0x00, 0x0F, 0xD0,
    0x00, 0x00, 0x00, 0x00, 0x3F, 0x00, 0x00, 0x00, 0x00, 0x01, 0xFC, 0x00, 0x00, 0x00, 0x00, 0x0B,
    0xE0, 0x00, 0x00, 0x00, 0x00, 0x3F, 0x40, 0x00, 0x00, 0x00, 0x01, 0xFD, 0x55, 0xA8, 0x00, 0x00,
    0x0B, 0xFF, 0xFF, 0xF0, 0x00, 0x00, 0x3F, 0xFF, 0xFF, 0x80, 0x00, 0x00, 0xFF, 0xFF, 0xFD, 0x00,
    0x00, 0x07, 0xF4, 0x00, 0x00, 0x00, 0x00, 0x3F, 0x80, 0x00, 0x00, 0x00, 0x00, 0xFD, 0x00, 0x00,
    0x00, 0x00, 0x07, 0xF0, 0x00, 0x00, 0x00, 0x00, 0x2F, 0xC0, 0x00, 0x00, 0x00, 0x00, 0xFE, 0x00,
    0x00, 0x00, 0x00, 0x07, 0xFF, 0xFF, 0xFF, 0xD0, 0x00, 0x2F, 0xFF, 0xFF, 0xFF, 0x40, 0x00, 0xFF,
    0xFF, 0xFF, 0xFD, 0x00, 0x03, 0xFF, 0xFF, 0xFF, 0xF4, 0x00, 0x2F, 0xFF, 0xFF, 0xFF, 0xC0, 0x00,
    0x00, 0x00, 0x00, 0x00, 0x01, 0x90, 0x00, 0x00, 0x00, 0x00, 0x0F, 0x00, 0x00, 0x00, 0x00, 0x00,
    0xF4, 0x00, 0x00, 0x00, 0x00, 0x0B, 0x80, 0x00, 0x00, 0x00, 0x00, 0x7C, 0x00, 0x00, 0x00, 0x00,
    0x03, 0xE0, 0x00, 0x00, 0x00, 0x00, 0x00, 0x00, 0x00, 0x00, 0x00, 0x00, 0x00, 0x00, 0x00, 0x00,
    0x00, 0x00, 0x00, 0x00, 0x00, 0x00, 0x00, 0x00, 0x00, 0x00, 0x00, 0x00, 0x00, 0x00, 0x00, 0x00,
    0x00, 0x00, 0x00, 0x00, 0x00, 0x00, 0x00, 0x00, 0x00, 0x00, 0x00, 0x00, 0x00, 0x00, 0x00, 0x55,
    0x40, 0x00, 0x2F, 0xFF, 0xFF, 0xFF, 0x00, 0x00, 0xFF, 0xFF, 0xFF, 0xF4, 0x00, 0x03, 0xFF, 0xFF,
    0xFF, 0x80, 0x00, 0x1F, 0xD0, 0x00, 0x00, 0x00, 0x00, 0xFD, 0x00, 0x00, 0x00, 0x00, 0x03, 0xF0,
    0x00, 0x00, 0x00, 0x00, 0x1F, 0xC0, 0x00, 0x00, 0x00, 0x00, 0xBE, 0x00, 0x00, 0x00, 0x00, 0x03,
    0xF4, 0x00, 0x00, 0x00, 0x00, 0x1F, 0xD5, 0x5A, 0x80, 0x00, 0x00, 0xBF, 0xFF, 0xFF, 0x00, 0x00,
    0x03, 0xFF, 0xFF, 0xF8, 0x00, 0x00, 0x0F, 0xFF, 0xFF, 0xD0, 0x00, 0x00, 0x7F, 0x40, 0x00, 0x00,
    0x00, 0x03, 0xF8, 0x00, 0x00, 0x00, 0x00, 0x0F, 0xD0, 0x00, 0x00, 0x00, 0x00, 0x7F, 0x00, 0x00,
    0x00, 0x00, 0x02, 0xFC, 0x00, 0x00, 0x00, 0x00, 0x0F, 0xE0, 0x00, 0x00, 0x00, 0x00, 0x7F, 0xFF,
    0xFF, 0xFD, 0x00, 0x02, 0xFF, 0xFF, 0xFF, 0xF4, 0x00, 0x0F, 0xFF, 0xFF, 0xFF, 0xD0, 0x00, 0x3F,
    0xFF, 0xFF, 0xFF, 0x40, 0x02, 0xFF, 0xFF, 0xFF, 0xFC, 0x00, 0x00, 0x00, 0x00, 0x00, 0x19, 0x00,
    0x00, 0x00, 0x00, 0x00, 0xFC, 0x00, 0x00, 0x00, 0x00, 0x07, 0xFD, 0x00, 0x00, 0x00, 0x00, 0x3E,
    0x7D, 0x00, 0x00, 0x00, 0x03, 0xD0, 0x2E, 0x00, 0x00, 0x00, 0x2D, 0x00, 0x0B, 0x00, 0x00, 0x00,
    0x00, 0x00, 0x00, 0x00, 0x00, 0x00, 0x00, 0x15, 0x54, 0x00, 0x02, 0xFF, 0xFF, 0xFF, 0xF0, 0x00,
    0x0F, 0xFF, 0xFF, 0xFF, 0x40, 0x00, 0x3F, 0xFF, 0xFF, 0xF8, 0x00, 0x01, 0xFD, 0x00, 0x00, 0x00,
    0x00, 0x0F, 0xD0, 0x00, 0x00, 0x00, 0x00, 0x3F, 0x00, 0x00, 0x00, 0x00, 0x01, 0xFC, 0x00, 0x00,
    0x00, 0x00, 0x0B, 0xE0, 0x00, 0x00, 0x00, 0x00, 0x3F, 0x40, 0x00, 0x00, 0x00, 0x01, 0xFD, 0x55,
    0xA8, 0x00, 0x00, 0x0B, 0xFF, 0xFF, 0xF0, 0x00, 0x00, 0x3F, 0xFF, 0xFF, 0x80, 0x00, 0x00, 0xFF,
    0xFF, 0xFD, 0x00, 0x00, 0x07, 0xF4, 0x00, 0x00, 0x00, 0x00, 0x3F, 0x80, 0x00, 0x00, 0x00, 0x00,
    0xFD, 0x00, 0x00, 0x00, 0x00, 0x07, 0xF0, 0x00, 0x00, 0x00, 0x00, 0x2F, 0xC0, 0x00, 0x00, 0x00,
    0x00, 0xFE, 0x00, 0x00, 0x00, 0x00, 0x07, 0xFF, 0xFF, 0xFF, 0xD0, 0x00, 0x2F, 0xFF, 0xFF, 0xFF,
    0x40, 0x00, 0xFF, 0xFF, 0xFF, 0xFD, 0x00, 0x03, 0xFF, 0xFF, 0xFF, 0xF4, 0x00, 0x2F, 0xFF, 0xFF,
    0xFF, 0xC0, 0x00, 0x00, 0x00, 0x00, 0xFC, 0x00, 0xFC, 0x00, 0x00, 0x01, 0xFC, 0x02, 0xFC, 0x00,
    0x00, 0x03, 0xFC, 0x03, 0xFC, 0x00, 0x00, 0x07, 0xFC, 0x0B, 0xF8, 0x00, 0x00, 0x0F, 0xF8, 0x0F,
    0xF8, 0x00, 0x00, 0x00, 0x00, 0x00, 0x00, 0x00, 0x00, 0x00, 0x00, 0x00, 0x00, 0x00, 0x00, 0x00,
    0x00, 0x00, 0x00, 0x00, 0x00, 0x00, 0x00, 0x15, 0x50, 0x00, 0x02, 0xFF, 0xFF, 0xFF, 0xF0, 0x00,
    0x03, 0xFF, 0xFF, 0xFF, 0xD0, 0x00, 0x03, 0xFF, 0xFF, 0xFF, 0x80, 0x00, 0x07, 0xF4, 0x00, 0x00,
    0x00, 0x00, 0x0F, 0xD0, 0x00, 0x00, 0x00, 0x00, 0x0F, 0xC0, 0x00, 0x00, 0x00, 0x00, 0x1F, 0xC0,
    0x00, 0x00, 0x00, 0x00, 0x2F, 0x80, 0x00, 0x00, 0x00, 0x00, 0x3F, 0x40, 0x00, 0x00, 0x00, 0x00,
    0x7F, 0x55, 0x6A, 0x00, 0x00, 0x00, 0xBF, 0xFF, 0xFF, 0x00, 0x00, 0x00, 0xFF, 0xFF, 0xFE, 0x00,
    0x00, 0x00, 0xFF, 0xFF, 0xFD, 0x00, 0x00, 0x01, 0xFD, 0x00, 0x00, 0x00, 0x00, 0x03, 0xF8, 0x00,
    0x00, 0x00, 0x00, 0x03, 0xF4, 0x00, 0x00, 0x00, 0x00, 0x07, 0xF0, 0x00, 0x00, 0x00, 0x00, 0x0B,
    0xF0, 0x00, 0x00, 0x00, 0x00, 0x0F, 0xE0, 0x00, 0x00, 0x00, 0x00, 0x1F, 0xFF, 0xFF, 0xFF, 0x40,
    0x00, 0x2F, 0xFF, 0xFF, 0xFF, 0x40, 0x00, 0x3F, 0xFF, 0xFF, 0xFF, 0x40, 0x00, 0x3F, 0xFF, 0xFF,
    0xFF, 0x40, 0x00, 0xBF, 0xFF, 0xFF, 0xFF, 0x00, 0x00, 0x00, 0x05, 0x00, 0x00, 0x00, 0xBD, 0x00,
    0x00, 0x03, 0xF8, 0x00, 0x00, 0x0F, 0xE0, 0x00, 0x00, 0x6F, 0x80, 0x00, 0x00, 0x00, 0x00, 0x00,
    0x00, 0x00, 0x00, 0x00, 0x00, 0x00, 0x00, 0x00, 0x00, 0x00, 0x00, 0x00, 0x00, 0x03, 0xF8, 0x00,
    0x00, 0x3F, 0xC0, 0x00, 0x07, 0xF8, 0x00, 0x00, 0xBF, 0x40, 0x00, 0x0B, 0xF0, 0x00, 0x00, 0xFF,
    0x00, 0x00, 0x0F, 0xD0, 0x00, 0x01, 0xFC, 0x00, 0x00, 0x2F, 0xC0, 0x00, 0x03, 0xF8, 0x00, 0x00,
    0x3F, 0x40, 0x00, 0x0B, 0xF0, 0x00, 0x00, 0xFF, 0x00, 0x00, 0x0F, 0xE0, 0x00, 0x01, 0xFE, 0x00,
    0x00, 0x2F, 0xD0, 0x00, 0x03, 0xFC, 0x00, 0x00, 0x3F, 0xC0, 0x00, 0x0B, 0xF8, 0x00, 0x00, 0xFF,
    0x40, 0x00, 0x0F, 0xF4, 0x00, 0x02, 0xFF, 0x00, 0x00, 0x3F, 0xF0, 0x00, 0x07, 0xFE, 0x00, 0x00,
    0x6F, 0xE0, 0x00, 0x00, 0x00, 0x00, 0x00, 0x0A, 0x00, 0x00, 0x00, 0x0F, 0x40, 0x00, 0x00, 0x0B,
    0x80, 0x00, 0x00, 0x07, 0xC0, 0x00, 0x00, 0x03, 0xD0, 0x00, 0x00, 0x03, 0xF0, 0x00, 0x00, 0x00,
    0x00, 0x00, 0x00, 0x00, 0x00, 0x00, 0x00, 0x00, 0x00, 0x00, 0x00, 0x00, 0x00, 0x00, 0x00, 0x00,
    0x00, 0x00, 0x00, 0x00, 0x00, 0x00, 0x00, 0x00, 0x00, 0x00, 0x00, 0x00, 0x00, 0x00, 0x00, 0x00,
    0x00, 0x00, 0x00, 0x00, 0x00, 0x0F, 0xE0, 0x00, 0x00, 0x03, 0xFC, 0x00, 0x00, 0x01, 0xFE, 0x00,
    0x00, 0x00, 0xBF, 0x40, 0x00, 0x00, 0x2F, 0xC0, 0x00, 0x00, 0x0F, 0xF0, 0x00, 0x00, 0x03, 0xF4,
    0x00, 0x00, 0x01, 0xFC, 0x00, 0x00, 0x00, 0xBF, 0x00, 0x00, 0x00, 0x3F, 0x80, 0x00, 0x00, 0x0F,
    0xD0, 0x00, 0x00, 0x0B, 0xF0, 0x00, 0x00, 0x03, 0xFC, 0x00, 0x00, 0x00, 0xFE, 0x00, 0x00, 0x00,
    0x7F, 0x80, 0x00, 0x00, 0x2F, 0xD0, 0x00, 0x00, 0x0F, 0xF0, 0x00, 0x00, 0x03, 0xFC, 0x00, 0x00,
    0x02, 0xFE, 0x00, 0x00, 0x00, 0xFF, 0x40, 0x00, 0x00, 0x3F, 0xD0, 0x00, 0x00, 0x2F, 0xF0, 0x00,
    0x00, 0x0F, 0xFC, 0x00, 0x00, 0x07, 0xFE, 0x00, 0x00, 0x01, 0xBF, 0x80, 0x00, 0x00, 0x00, 0x00,
    0xA0, 0x00, 0x00, 0x01, 0xF4, 0x00, 0x00, 0x03, 0xFD, 0x00, 0x00, 0x0B, 0xDF, 0x80, 0x00, 0x1E,
    0x01, 0xF0, 0x00, 0x38, 0x00, 0x1D, 0x00, 0x00, 0x00, 0x00, 0x00, 0x00, 0x00, 0x00, 0x00, 0x00,
    0x00, 0x00, 0x00, 0x03, 0xF8, 0x00, 0x00, 0x03, 0xFC, 0x00, 0x00, 0x07, 0xF8, 0x00, 0x00, 0x0B,
    0xF4, 0x00, 0x00, 0x0B, 0xF0, 0x00, 0x00, 0x0F, 0xF0, 0x00, 0x00, 0x0F, 0xD0, 0x00, 0x00, 0x1F,
    0xC0, 0x00, 0x00, 0x2F, 0xC0, 0x00, 0x00, 0x3F, 0x80, 0x00, 0x00, 0x3F, 0x40, 0x00, 0x00, 0xBF,
    0x00, 0x00, 0x00, 0xFF, 0x00, 0x00, 0x00, 0xFE, 0x00, 0x00, 0x01, 0xFE, 0x00, 0x00, 0x02, 0xFD,
    0x00, 0x00, 0x03, 0xFC, 0x00, 0x00, 0x03, 0xFC, 0x00, 0x00, 0x0B, 0xF8, 0x00, 0x00, 0x0F, 0xF4,
    0x00, 0x00, 0x0F, 0xF4, 0x00, 0x00, 0x2F, 0xF0, 0x00, 0x00, 0x3F, 0xF0, 0x00, 0x00, 0x7F, 0xE0,
    0x00, 0x00, 0x6F, 0xE0, 0x00, 0x00, 0x00, 0x0B, 0xD0, 0x0B, 0xD0, 0x00, 0xFD, 0x00, 0xFD, 0x00,
    0x2F, 0xD0, 0x2F, 0xC0, 0x03, 0xFC, 0x03, 0xFC, 0x00, 0xBF, 0xC0, 0xBF, 0xC0, 0x00, 0x00, 0x00,
    0x00, 0x00, 0x00, 0x00, 0x00, 0x00, 0x00, 0x00, 0x00, 0x00, 0x00, 0x00, 0x00, 0x00, 0x00, 0x00,
    0x00, 0x00, 0x00, 0x00, 0x03, 0xF8, 0x00, 0x00, 0x00, 0x3F, 0xC0, 0x00, 0x00, 0x07, 0xF8, 0x00,
    0x00, 0x00, 0xBF, 0x40, 0x00, 0x00, 0x0B, 0xF0, 0x00, 0x00, 0x00, 0xFF, 0x00, 0x00, 0x00, 0x0F,
    0xD0, 0x00, 0x00, 0x01, 0xFC, 0x00, 0x00, 0x00, 0x2F, 0xC0, 0x00, 0x00, 0x03, 0xF8, 0x00, 0x00,
    0x00, 0x3F, 0x40, 0x00, 0x00, 0x0B, 0xF0, 0x00, 0x00, 0x00, 0xFF, 0x00, 0x00, 0x00, 0x0F, 0xE0,
    0x00, 0x00, 0x01, 0xFE, 0x00, 0x00, 0x00, 0x2F, 0xD0, 0x00, 0x00, 0x03, 0xFC, 0x00, 0x00, 0x00,
    0x3F, 0xC0, 0x00, 0x00, 0x0B, 0xF8, 0x00, 0x00, 0x00, 0xFF, 0x40, 0x00, 0x00, 0x0F, 0xF4, 0x00,
    0x00, 0x02, 0xFF, 0x00, 0x00, 0x00, 0x3F, 0xF0, 0x00, 0x00, 0x07, 0xFE, 0x00, 0x00, 0x00, 0x6F,
    0xE0, 0x00, 0x00, 0x00, 0x00, 0x00, 0xFF, 0xFF, 0xA4, 0x00, 0x00, 0x00, 0x1F, 0xFF, 0xFF, 0xF8,
    0x00, 0x00, 0x02, 0xFF, 0xFF, 0xFF, 0xF0, 0x00, 0x00, 0x3F, 0xFF, 0xFF, 0xFF, 0xC0, 0x00, 0x07,
    0xF0, 0x00, 0x1F, 0xFF, 0x00, 0x00, 0xBF, 0x00, 0x00, 0x2F, 0xF4, 0x00, 0x0F, 0xE0, 0x00, 0x00,
    0xBF, 0x80, 0x00, 0xFD, 0x00, 0x00, 0x03, 0xFC, 0x00, 0x1F, 0xC0, 0x00, 0x00, 0x3F, 0xC0, 0x02,
    0xFC, 0x00, 0x00, 0x03, 0xFC, 0x00, 0x3F, 0x80, 0x00, 0x00, 0x3F, 0xC3, 0xFF, 0xFF, 0xFE, 0x00,
    0x03, 0xFC, 0xBF, 0xFF, 0xFF, 0xD0, 0x00, 0x3F, 0xCF, 0xFF, 0xFF, 0xFC, 0x00, 0x07, 0xFC, 0x00,
    0xFE, 0x00, 0x00, 0x00, 0xBF, 0x80, 0x0F, 0xD0, 0x00, 0x00, 0x0F, 0xF4, 0x01, 0xFC, 0x00, 0x00,
    0x03, 0xFF, 0x00, 0x2F, 0x80, 0x00, 0x02, 0xFF, 0xE0, 0x03, 0xF9, 0x55, 0x5B, 0xFF, 0xFC, 0x00,
    0x7F, 0xFF, 0xFF, 0xFF, 0xFF, 0x40, 0x0B, 0xFF, 0xFF, 0xFF, 0xFF, 0xE0, 0x00, 0xFF, 0xFF, 0xFF,
    0xFF, 0xF8, 0x00, 0x0F, 0xFF, 0xFF, 0xFF, 0xFC, 0x00, 0x01, 0xFF, 0xFF, 0xFF, 0xFD, 0x00, 0x00,
    0x2F, 0xFF, 0xFF, 0xA4, 0x00, 0x00, 0x00, 0x00, 0x00, 0x00, 0x00, 0x50, 0x01, 0x40, 0x00, 0x00,
    0x00, 0x03, 0xFC, 0x03, 0x40, 0x00, 0x00, 0x00, 0x0B, 0x8E, 0x07, 0x00, 0x00, 0x00, 0x00, 0x0F,
    0x07, 0x0F, 0x00, 0x00, 0x00, 0x00, 0x1E, 0x03, 0xFD, 0x00, 0x00, 0x00, 0x00, 0x1D, 0x00, 0xA4,
    0x00, 0x00, 0x00, 0x00, 0x00, 0x00, 0x00, 0x00, 0x00, 0x00, 0x00, 0x00, 0x00, 0x01, 0xA8, 0x00,
    0x00, 0x15, 0x40, 0x00, 0x03, 0xFC, 0x00, 0x00, 0xBF, 0xC0, 0x00, 0x03, 0xF8, 0x00, 0x00, 0xFF,
    0xC0, 0x00, 0x07, 0xF4, 0x00, 0x01, 0xFF, 0xC0, 0x00, 0x0F, 0xF0, 0x00, 0x03, 0xFF, 0xD0, 0x00,
    0x0F, 0xE0, 0x00, 0x03, 0xFF, 0xE0, 0x00, 0x2F, 0xD0, 0x00, 0x0B, 0xFF, 0xF0, 0x00, 0x3F, 0xC0,
    0x00, 0x0F, 0xFF, 0xF0, 0x00, 0x3F, 0x80, 0x00, 0x0F, 0xEB, 0xF4, 0x00, 0xBF, 0x40, 0x00, 0x2F,
    0xD7, 0xF8, 0x00, 0xFF, 0x00, 0x00, 0x3F, 0xC7, 0xF8, 0x01, 0xFE, 0x00, 0x00, 0x7F, 0xC3, 0xFC,
    0x02, 0xFD, 0x00, 0x00, 0xBF, 0x83, 0xFC, 0x03, 0xFC, 0x00, 0x00, 0xFF, 0x42, 0xFD, 0x07, 0xF8,
    0x00, 0x01, 0xFF, 0x01, 0xFE, 0x0B, 0xF4, 0x00, 0x02, 0xFF, 0x00, 0xFF, 0x0F, 0xF0, 0x00, 0x03,
    0xFE, 0x00, 0xFF, 0x1F, 0xE0, 0x00, 0x07, 0xFD, 0x00, 0xFF, 0x2F, 0xD0, 0x00, 0x0B, 0xFC, 0x00,
    0xBF, 0x7F, 0xC0, 0x00, 0x0F, 0xFC, 0x00, 0x7F, 0xFF, 0xC0, 0x00, 0x1F, 0xF8, 0x00, 0x3F, 0xFF,
    0x40, 0x00, 0x3F, 0xF4, 0x00, 0x3F, 0xFF, 0x00, 0x00, 0x3F, 0xF0, 0x00, 0x2F, 0xFF, 0x00, 0x00,
    0xBF, 0xF0, 0x00, 0x2F, 0xFD, 0x00, 0x00, 0x00, 0x00, 0x00, 0x05, 0x00, 0x00, 0x00, 0x00, 0x00,
    0x00, 0x0F, 0xC0, 0x00, 0x00, 0x00, 0x00, 0x00, 0x03, 0xF0, 0x00, 0x00, 0x00, 0x00, 0x00, 0x01,
    0xFD, 0x00, 0x00, 0x00, 0x00, 0x00, 0x00, 0xAF, 0x40, 0x00, 0x00, 0x00, 0x00, 0x00, 0x00, 0x00,
    0x00, 0x00, 0x00, 0x00, 0x00, 0x00, 0x00, 0x00, 0x00, 0x00, 0x00, 0x00, 0x00, 0x00, 0x00, 0x00,
    0x00, 0x00, 0x6F, 0xFF, 0x80, 0x00, 0x00, 0x00, 0x0B, 0xFF, 0xFF, 0xF8, 0x00, 0x00, 0x00, 0x7F,
    0xFF, 0xBF, 0xFF, 0x00, 0x00, 0x01, 0xFF, 0xD0, 0x02, 0xFF, 0x80, 0x00, 0x07, 0xFE, 0x00, 0x00,
    0xBF, 0xC0, 0x00, 0x0F, 0xF4, 0x00, 0x00, 0x3F, 0xD0, 0x00, 0x3F, 0xE0, 0x00, 0x00, 0x2F, 0xE0,
    0x00, 0x7F, 0x80, 0x00, 0x00, 0x1F, 0xE0, 0x00, 0xFF, 0x00, 0x00, 0x00, 0x0F, 0xE0, 0x01, 0xFD,
    0x00, 0x00, 0x00, 0x0F, 0xD0, 0x03, 0xFC, 0x00, 0x00, 0x00, 0x0F, 0xD0, 0x03, 0xF4, 0x00, 0x00,
    0x00, 0x1F, 0xC0, 0x07, 0xF0, 0x00, 0x00, 0x00, 0x2F, 0xC0, 0x0B, 0xF0, 0x00, 0x00, 0x00, 0x3F,
    0x40, 0x0F, 0xE0, 0x00, 0x00, 0x00, 0x7F, 0x00, 0x0F, 0xE0, 0x00, 0x00, 0x00, 0xFF, 0x00, 0x0F,
    0xF0, 0x00, 0x00, 0x03, 0xFD, 0x00, 0x0F, 0xF8, 0x00, 0x00, 0x1F, 0xFC, 0x00, 0x0F, 0xFF, 0x50,
    0x16, 0xFF, 0xF4, 0x00, 0x0F, 0xFF, 0xFF, 0xFF, 0xFF, 0xF0, 0x00, 0x0B, 0xFF, 0xFF, 0xFF, 0xFF,
    0xC0, 0x00, 0x03, 0xFF, 0xFF, 0xFF, 0xFF, 0x40, 0x00, 0x02, 0xFF, 0xFF, 0xFF, 0xFC, 0x00, 0x00,
    0x00, 0x7F, 0xFF, 0xFF, 0xE0, 0x00, 0x00, 0x00, 0x06, 0xFF, 0xF9, 0x00, 0x00, 0x00, 0x00, 0x00,
    0x00, 0x00, 0x00, 0x00, 0x00, 0x00, 0x00, 0x00, 0x00, 0x00, 0x18, 0x00, 0x00, 0x00, 0x00, 0x00,
    0x00, 0x7C, 0x00, 0x00, 0x00, 0x00, 0x00, 0x00, 0xF0, 0x00, 0x00, 0x00, 0x00, 0x00, 0x03, 0xE0,
    0x00, 0x00, 0x00, 0x00, 0x00, 0x0B, 0xC0, 0x00, 0x00, 0x00, 0x00, 0x00, 0x1F, 0x40, 0x00, 0x00,
    0x00, 0x00, 0x00, 0x00, 0x00, 0x00, 0x00, 0x00, 0x00, 0x00, 0x00, 0x00, 0x00, 0x00, 0x00, 0x00,
    0x00, 0x00, 0x00, 0x00, 0x00, 0x00, 0x00, 0x00, 0x00, 0x00, 0x00, 0x00, 0x00, 0x00, 0x00, 0x00,
    0x00, 0x00, 0x00, 0x00, 0x00, 0x00, 0x00, 0x00, 0x00, 0x00, 0x00, 0x00, 0x00, 0x00, 0x00, 0x00,
    0x00, 0x00, 0x00, 0x6F, 0xFF, 0x80, 0x00, 0x00, 0x00, 0x0B, 0xFF, 0xFF, 0xF8, 0x00, 0x00, 0x00,
    0x7F, 0xFF, 0xBF, 0xFF, 0x00, 0x00, 0x01, 0xFF, 0xD0, 0x02, 0xFF, 0x80, 0x00, 0x07, 0xFE, 0x00,
    0x00, 0xBF, 0xC0, 0x00, 0x0F, 0xF4, 0x00, 0x00, 0x3F, 0xD0, 0x00, 0x3F, 0xE0, 0x00, 0x00, 0x2F,
    0xE0, 0x00, 0x7F, 0x80, 0x00, 0x00, 0x1F, 0xE0, 0x00, 0xFF, 0x00, 0x00, 0x00, 0x0F, 0xE0, 0x01,
    0xFD, 0x00, 0x00, 0x00, 0x0F, 0xD0, 0x03, 0xFC, 0x00, 0x00, 0x00, 0x0F, 0xD0, 0x03, 0xF4, 0x00,
    0x00, 0x00, 0x1F, 0xC0, 0x07, 0xF0, 0x00, 0x00, 0x00, 0x2F, 0xC0, 0x0B, 0xF0, 0x00, 0x00, 0x00,
    0x3F, 0x40, 0x0F, 0xE0, 0x00, 0x00, 0x00, 0x7F, 0x00, 0x0F, 0xE0, 0x00, 0x00, 0x00, 0xFF, 0x00,
    0x0F, 0xF0, 0x00, 0x00, 0x03, 0xFD, 0x00, 0x0F, 0xF8, 0x00, 0x00, 0x1F, 0xFC, 0x00, 0x0F, 0xFF,
    0x50, 0x16, 0xFF, 0xF4, 0x00, 0x0F, 0xFF, 0xFF, 0xFF, 0xFF, 0xF0, 0x00, 0x0B, 0xFF, 0xFF, 0xFF,
    0xFF, 0xC0, 0x00, 0x03, 0xFF, 0xFF, 0xFF, 0xFF, 0x40, 0x00, 0x02, 0xFF, 0xFF, 0xFF, 0xFC, 0x00,
    0x00, 0x00, 0x7F, 0xFF, 0xFF, 0xE0, 0x00, 0x00, 0x00, 0x06, 0xFF, 0xF9, 0x00, 0x00, 0x00, 0x00,
    0x00, 0x00, 0x00, 0x00, 0x00, 0x00, 0x00, 0x00, 0x00, 0x01, 0x80, 0x00, 0x00, 0x00, 0x00, 0x00,
    0x03, 0xF0, 0x00, 0x00, 0x00, 0x00, 0x00, 0x07, 0xFC, 0x00, 0x00, 0x00, 0x00, 0x00, 0x0F, 0x5F,
    0x40, 0x00, 0x00, 0x00, 0x00, 0x3D, 0x02, 0xE0, 0x00, 0x00, 0x00, 0x00, 0xB0, 0x00, 0x3C, 0x00,
    0x00, 0x00, 0x00, 0x00, 0x00, 0x00, 0x00, 0x00, 0x00, 0x00, 0x6F, 0xFF, 0x80, 0x00, 0x00, 0x00,
    0x0B, 0xFF, 0xFF, 0xF8, 0x00, 0x00, 0x00, 0x7F, 0xFF, 0xBF, 0xFF, 0x00, 0x00, 0x01, 0xFF, 0xD0,
    0x02, 0xFF, 0x80, 0x00, 0x07, 0xFE, 0x00, 0x00, 0xBF, 0xC0, 0x00, 0x0F, 0xF4, 0x00, 0x00, 0x3F,
    0xD0, 0x00, 0x3F, 0xE0, 0x00, 0x00, 0x2F, 0xE0, 0x00, 0x7F, 0x80, 0x00, 0x00, 0x1F, 0xE0, 0x00,
    0xFF, 0x00, 0x00, 0x00, 0x0F, 0xE0, 0x01, 0xFD, 0x00, 0x00, 0x00, 0x0F, 0xD0, 0x03, 0xFC, 0x00,
    0x00, 0x00, 0x0F, 0xD0, 0x03, 0xF4, 0x00, 0x00, 0x00, 0x1F, 0xC0, 0x07, 0xF0, 0x00, 0x00, 0x00,
    0x2F, 0xC0, 0x0B, 0xF0, 0x00, 0x00, 0x00, 0x3F, 0x40, 0x0F, 0xE0, 0x00, 0x00, 0x00, 0x7F, 0x00,
    0x0F, 0xE0, 0x00, 0x00, 0x00, 0xFF, 0x00, 0x0F, 0xF0, 0x00, 0x00, 0x03, 0xFD, 0x00, 0x0F, 0xF8,
    0x00, 0x00, 0x1F, 0xFC, 0x00, 0x0F, 0xFF, 0x50, 0x16, 0xFF, 0xF4, 0x00, 0x0F, 0xFF, 0xFF, 0xFF,
    0xFF, 0xF0, 0x00, 0x0B, 0xFF, 0xFF, 0xFF, 0xFF, 0xC0, 0x00, 0x03, 0xFF, 0xFF, 0xFF, 0xFF, 0x40,
    0x00, 0x02, 0xFF, 0xFF, 0xFF, 0xFC, 0x00, 0x00, 0x00, 0x7F, 0xFF, 0xFF, 0xE0, 0x00, 0x00, 0x00,
    0x06, 0xFF, 0xF9, 0x00, 0x00, 0x00, 0x00, 0x00, 0x00, 0x00, 0x00, 0x00, 0x00, 0x00, 0x00, 0x00,
    0x00, 0x50, 0x01, 0x00, 0x00, 0x00, 0x00, 0x07, 0xF8, 0x0F, 0x00, 0x00, 0x00, 0x00, 0x0F, 0x2D,
    0x0E, 0x00, 0x00, 0x00, 0x00, 0x2C, 0x0F, 0xBC, 0x00, 0x00, 0x00, 0x00, 0x3C, 0x03, 0xF4, 0x00,
    0x00, 0x00, 0x00, 0x00, 0x00, 0x00, 0x00, 0x00, 0x00, 0x00, 0x00, 0x00, 0x00, 0x00, 0x00, 0x00,
    0x00, 0x00, 0x00, 0x00, 0x00, 0x00, 0x00, 0x00, 0x6F, 0xFF, 0x80, 0x00, 0x00, 0x00, 0x0B, 0xFF,
    0xFF, 0xF8, 0x00, 0x00, 0x00, 0x7F, 0xFF, 0xBF, 0xFF, 0x00, 0x00, 0x01, 0xFF, 0xD0, 0x02, 0xFF,
    0x80, 0x00, 0x07, 0xFE, 0x00, 0x00, 0xBF, 0xC0, 0x00, 0x0F, 0xF4, 0x00, 0x00, 0x3F, 0xD0, 0x00,
    0x3F, 0xE0, 0x00, 0x00, 0x2F, 0xE0, 0x00, 0x7F, 0x80, 0x00, 0x00, 0x1F, 0xE0, 0x00, 0xFF, 0x00,
    0x00, 0x00, 0x0F, 0xE0, 0x01, 0xFD, 0x00, 0x00, 0x00, 0x0F, 0xD0, 0x03, 0xFC, 0x00, 0x00, 0x00,
    0x0F, 0xD0, 0x03, 0xF4, 0x00, 0x00, 0x00, 0x1F, 0xC0, 0x07, 0xF0, 0x00, 0x00, 0x00, 0x2F, 0xC0,
    0x0B, 0xF0, 0x00, 0x00, 0x00, 0x3F, 0x40, 0x0F, 0xE0, 0x00, 0x00, 0x00, 0x7F, 0x00, 0x0F, 0xE0,
    0x00, 0x00, 0x00, 0xFF, 0x00, 0x0F, 0xF0, 0x00, 0x00, 0x03, 0xFD, 0x00, 0x0F, 0xF8, 0x00, 0x00,
    0x1F, 0xFC, 0x00, 0x0F, 0xFF, 0x50, 0x16, 0xFF, 0xF4, 0x00, 0x0F, 0xFF, 0xFF, 0xFF, 0xFF, 0xF0,
    0x00, 0x0B, 0xFF, 0xFF, 0xFF, 0xFF, 0xC0, 0x00, 0x03, 0xFF, 0xFF, 0xFF, 0xFF, 0x40, 0x00, 0x02,
    0xFF, 0xFF, 0xFF, 0xFC, 0x00, 0x00, 0x00, 0x7F, 0xFF, 0xFF, 0xE0, 0x00, 0x00, 0x00, 0x06, 0xFF,
    0xF9, 0x00, 0x00, 0x00, 0x00, 0x00, 0x00, 0x00, 0x00, 0x00, 0x00, 0x00, 0x00, 0x00, 0x1F, 0xC0,
    0x1F, 0xC0, 0x00, 0x00, 0x00, 0x2F, 0xC0, 0x3F, 0xC0, 0x00, 0x00, 0x00, 0x3F, 0xC0, 0x7F, 0x80,
    0x00, 0x00, 0x00, 0xBF, 0x80, 0xFF, 0x80, 0x00, 0x00, 0x00, 0xFF, 0x40, 0xFF, 0x40, 0x00, 0x00,
    0x00, 0x00, 0x00, 0x00, 0x00, 0x00, 0x00, 0x00, 0x00, 0x00, 0x00, 0x00, 0x00, 0x00, 0x00, 0x00,
    0x00, 0x00, 0x00, 0x00, 0x00, 0x00, 0x6F, 0xFF, 0x80, 0x00, 0x00, 0x00, 0x0B, 0xFF, 0xFF, 0xF8,
    0x00, 0x00, 0x00, 0x7F, 0xFF, 0xBF, 0xFF, 0x00, 0x00, 0x01, 0xFF, 0xD0, 0x02, 0xFF, 0x80, 0x00,
    0x07, 0xFE, 0x00, 0x00, 0xBF, 0xC0, 0x00, 0x0F, 0xF4, 0x00, 0x00, 0x3F, 0xD0, 0x00, 0x3F, 0xE0,
    0x00, 0x00, 0x2F, 0xE0, 0x00, 0x7F, 0x80, 0x00, 0x00, 0x1F, 0xE0, 0x00, 0xFF, 0x00, 0x00, 0x00,
    0x0F, 0xE0, 0x01, 0xFD, 0x00, 0x00, 0x00, 0x0F, 0xD0, 0x03, 0xFC, 0x00, 0x00, 0x00, 0x0F, 0xD0,
    0x03, 0xF4, 0x00, 0x00, 0x00, 0x1F, 0xC0, 0x07, 0xF0, 0x00, 0x00, 0x00, 0x2F, 0xC0, 0x0B, 0xF0,
    0x00, 0x00, 0x00, 0x3F, 0x40, 0x0F, 0xE0, 0x00, 0x00, 0x00, 0x7F, 0x00, 0x0F, 0xE0, 0x00, 0x00,
    0x00, 0xFF, 0x00, 0x0F, 0xF0, 0x00, 0x00, 0x03, 0xFD, 0x00, 0x0F, 0xF8, 0x00, 0x00, 0x1F, 0xFC,
    0x00, 0x0F, 0xFF, 0x50, 0x16, 0xFF, 0xF4, 0x00, 0x0F, 0xFF, 0xFF, 0xFF, 0xFF, 0xF0, 0x00, 0x0B,
    0xFF, 0xFF, 0xFF, 0xFF, 0xC0, 0x00, 0x03, 0xFF, 0xFF, 0xFF, 0xFF, 0x40, 0x00, 0x02, 0xFF, 0xFF,
    0xFF, 0xFC, 0x00, 0x00, 0x00, 0x7F, 0xFF, 0xFF, 0xE0, 0x00, 0x00, 0x00, 0x06, 0xFF, 0xF9, 0x00,
    0x00, 0x00, 0x00, 0x00, 0x00, 0x00, 0x00, 0x00, 0x00, 0x02, 0xF0, 0x0B, 0xC0, 0x0F, 0xC3, 0xE0,
    0x00, 0x7F, 0xF8, 0x00, 0x02, 0xFE, 0x00, 0x00, 0x3F, 0xE0, 0x00, 0x1F, 0xFF, 0x80, 0x0B, 0xF1,
    0xFD, 0x07, 0xF8, 0x0B, 0xF4, 0x00, 0x00, 0x00, 0x00, 0x00, 0x00, 0x00, 0x00, 0x00, 0x00, 0x00,
    0x00, 0x00, 0x00, 0x00, 0x00, 0x00, 0x00, 0x00, 0x00, 0x00, 0x00, 0x00, 0x00, 0x6D, 0x00, 0x00,
    0x00, 0x00, 0x00, 0x00, 0x00, 0x00, 0x00, 0x00, 0x00, 0x3F, 0x80, 0x00, 0x00, 0x00, 0x00, 0x00,
    0x00, 0x00, 0x00, 0x00, 0x00, 0x0F, 0xE0, 0x00, 0x00, 0x00, 0x00, 0x00, 0x00, 0x00, 0x00, 0x00,
    0x00, 0x03, 0xF8, 0x00, 0x00, 0x00, 0x00, 0x00, 0x00, 0x00, 0x00, 0x00, 0x00, 0x00, 0xFE, 0x00,
    0x00, 0x00, 0x00, 0x00, 0x00, 0x00, 0x00, 0x00, 0x00, 0x00, 0x3F, 0x80, 0x00, 0x00, 0x00, 0x00,
    0x00, 0x00, 0x00, 0x00, 0x00, 0x00, 0x0F, 0xF0, 0x00, 0x00, 0x00, 0x00, 0x00, 0x00, 0x00, 0x00,
    0x00, 0x00, 0x03, 0xFC, 0x00, 0x00, 0x00, 0x00, 0x00, 0x00, 0x00, 0x00, 0x00, 0x00, 0x00, 0xFF,
    0x00, 0x00, 0x00, 0x00, 0x00, 0x00, 0x00, 0x00, 0x00, 0x00, 0x00, 0x3F, 0xC0, 0x00, 0x00, 0x00,
    0x00, 0x00, 0x00, 0x00, 0x00, 0x00, 0x00, 0x0F, 0xF0, 0x00, 0x00, 0x00, 0x00, 0x00, 0x00, 0x00,
    0x00, 0x6F, 0xFE, 0x83, 0xFC, 0x00, 0x00, 0x00, 0x00, 0x00, 0x00, 0x00, 0x00, 0xBF, 0xFF, 0xFF,
    0xFF, 0x00, 0x00, 0x00, 0x00, 0x00, 0x00, 0x00, 0x00, 0x7F, 0xFF, 0xBF, 0xFF, 0xC0, 0x00, 0x00,
    0x00, 0x00, 0x00, 0x00, 0x00, 0x1F, 0xFD, 0x00, 0x2F, 0xF8, 0x00, 0x00, 0x00, 0x00, 0x00, 0x00,
    0x00, 0x07, 0xFE, 0x00, 0x02, 0xFF, 0xC0, 0x00, 0x00, 0x00, 0x00, 0x00, 0x00, 0x00, 0xFF, 0x40,
    0x00, 0xBF, 0xFD, 0x00, 0x00, 0x00, 0x00, 0x00, 0x00, 0x00, 0x3F, 0xE0, 0x00, 0x2F, 0xFF, 0xE0,
    0x00, 0x00, 0x00, 0x00, 0x00, 0x00, 0x07, 0xF8, 0x00, 0x0B, 0xF5, 0xFE, 0x00, 0x00, 0x00, 0x00,
    0x00, 0x00, 0x00, 0xFF, 0x00, 0x02, 0xFD, 0x0F, 0xE0, 0x00, 0x00, 0x00, 0x00, 0x00, 0x00, 0x1F,
    0xD0, 0x00, 0xBF, 0x40, 0xFD, 0x00, 0x00, 0x00, 0x00, 0x00, 0x00, 0x03, 0xFC, 0x00, 0x2F, 0xD0,
    0x1F, 0xD0, 0x00, 0x00, 0x00, 0x00, 0x00, 0x00, 0x3F, 0x40, 0x0B, 0xF8, 0x01, 0xFC, 0x00, 0x00,
    0x00, 0x00, 0x00, 0x00, 0x07, 0xF0, 0x02, 0xFE, 0x00, 0x2F, 0xC0, 0x00, 0x00, 0x00, 0x00, 0x00,
    0x00, 0xBF, 0x00, 0xBF, 0x80, 0x03, 0xF4, 0x00, 0x00, 0x00, 0x00, 0x00, 0x00, 0x0F, 0xE0, 0x2F,
    0xE0, 0x00, 0x7F, 0x00, 0x00, 0x00, 0x00, 0x00, 0x00, 0x00, 0xFE, 0x0B, 0xF8, 0x00, 0x0F, 0xF0,
    0x00, 0x00, 0x00, 0x00, 0x00, 0x00, 0x0F, 0xF2, 0xFE, 0x00, 0x03, 0xFD, 0x00, 0x00, 0x00, 0x00,
    0x00, 0x00, 0x00, 0xFF, 0xFF, 0x80, 0x01, 0xFF, 0xC0, 0x00, 0x00, 0x00, 0x00, 0x00, 0x00, 0x0F,
    0xFF, 0xF4, 0x16, 0xFF, 0xF4, 0x00, 0x00, 0x00, 0x00, 0x00, 0x00, 0x00, 0xFF, 0xFF, 0xFF, 0xFF,
    0xFF, 0x00, 0x00, 0x00, 0x00, 0x00, 0x00, 0x00, 0x0B, 0xFF, 0xFF, 0xFF, 0xFF, 0xC0, 0x00, 0x00,
    0x00, 0x00, 0x00, 0x00, 0x00, 0xBF, 0xFF, 0xFF, 0xFF, 0xF4, 0x00, 0x00, 0x00, 0x00, 0x00, 0x00,
    0x00, 0x2F, 0xFF, 0xFF, 0xFF, 0xFC, 0x00, 0x00, 0x00, 0x00, 0x00, 0x00, 0x00, 0x0B, 0xFF, 0xFF,
    0xFF, 0xFE, 0x00, 0x00, 0x00, 0x00, 0x00, 0x00, 0x00, 0x02, 0xFF, 0x06, 0xFF, 0xF9, 0x00, 0x00,
    0x00, 0x00, 0x00, 0x00, 0x00, 0x00, 0xBF, 0xC0, 0x00, 0x00, 0x00, 0x00, 0x00, 0x00, 0x00, 0x00,
    0x00, 0x00, 0x2F, 0xF0, 0x00, 0x00, 0x00, 0x00, 0x00, 0x00, 0x00, 0x00, 0x00, 0x00, 0x0B, 0xFD,
    0x00, 0x00, 0x00, 0x00, 0x00, 0x00, 0x00, 0x00, 0x00, 0x00, 0x02, 0xFF, 0x40, 0x00, 0x00, 0x00,
    0x00, 0x00, 0x00, 0x00, 0x00, 0x00, 0x00, 0xBF, 0xD0, 0x00, 0x00, 0x00, 0x00, 0x00, 0x00, 0x00,
    0x00, 0x00, 0x00, 0x2F, 0xF4, 0x00, 0x00, 0x00, 0x00, 0x00, 0x00, 0x00, 0x00, 0x00, 0x00, 0x0B,
    0xFD, 0x00, 0x00, 0x00, 0x00, 0x00, 0x00, 0x00, 0x00, 0x00, 0x00, 0x01, 0xFF, 0x80, 0x00, 0x00,
    0x00, 0x00, 0x00, 0x00, 0x00, 0x00, 0x00, 0x00, 0x7F, 0xE0, 0x00, 0x00, 0x00, 0x00, 0x00, 0x00,
    0x00, 0x00, 0x00, 0x00, 0x1F, 0x90, 0x00, 0x00, 0x00, 0x00, 0x00, 0x00, 0x00, 0x00, 0x00, 0x00,
    0x06, 0x40, 0x00, 0x00, 0x00, 0x00, 0x00, 0x00, 0x00, 0x00, 0x00, 0x00, 0x00, 0x00, 0x00, 0x00,
    0x00, 0x00, 0x00, 0x00, 0x00, 0x00, 0x00, 0x00, 0x00, 0x00, 0x00, 0x00, 0x00, 0x00, 0x00, 0x00,
    0x00, 0x00, 0x00, 0x07, 0xE0, 0x00, 0x00, 0x00, 0x00, 0x00, 0x2F, 0x80, 0x00, 0x00, 0x00, 0x00,
    0x00, 0xFE, 0x00, 0x00, 0x00, 0x00, 0x00, 0x03, 0xFC, 0x00, 0x00, 0x00, 0x00, 0x00, 0x00, 0x50,
    0x00, 0x00, 0x00, 0x00, 0x00, 0x00, 0x00, 0x00, 0x00, 0x00, 0x00, 0x00, 0x00, 0x00, 0x00, 0x00,
    0x00, 0x00, 0x00, 0x00, 0x00, 0x00, 0xFF, 0x40, 0x00, 0x07, 0xFD, 0x00, 0x1F, 0xF4, 0x00, 0x00,
    0xBF, 0xC0, 0x02, 0xFF, 0x00, 0x00, 0x0F, 0xFC, 0x00, 0x3F, 0xE0, 0x00, 0x00, 0xFF, 0x80, 0x03,
    0xFD, 0x00, 0x00, 0x1F, 0xF0, 0x00, 0x7F, 0xC0, 0x00, 0x02, 0xFF, 0x00, 0x0B, 0xFC, 0x00, 0x00,
    0x3F, 0xE0, 0x00, 0xFF, 0x40, 0x00, 0x03, 0xFD, 0x00, 0x0F, 0xF0, 0x00, 0x00, 0x7F, 0xC0, 0x00,
    0xFF, 0x00, 0x00, 0x0B, 0xF8, 0x00, 0x1F, 0xE0, 0x00, 0x00, 0xBF, 0x40, 0x02, 0xFC, 0x00, 0x00,
    0x0F, 0xF0, 0x00, 0x3F, 0xC0, 0x00, 0x00, 0xFE, 0x00, 0x03, 0xF8, 0x00, 0x00, 0x1F, 0xD0, 0x00,
    0x7F, 0x40, 0x00, 0x03, 0xFC, 0x00, 0x0B, 0xF0, 0x00, 0x00, 0x3F, 0xC0, 0x00, 0xFF, 0x00, 0x00,
    0x0B, 0xF4, 0x00, 0x0F, 0xF0, 0x00, 0x00, 0xFF, 0x00, 0x00, 0xFF, 0x40, 0x00, 0x3F, 0xF0, 0x00,
    0x1F, 0xFE, 0x55, 0xBF, 0xFD, 0x00, 0x01, 0xFF, 0xFF, 0xFF, 0xFF, 0xC0, 0x00, 0x1F, 0xFF, 0xFF,
    0xFF, 0xF4, 0x00, 0x00, 0xFF, 0xFF, 0xFF, 0xFE, 0x00, 0x00, 0x0B, 0xFF, 0xFF, 0xFF, 0x80, 0x00,
    0x00, 0x1B, 0xFF, 0xFF, 0x90, 0x00, 0x00, 0x00, 0x00, 0x00, 0x00, 0x00, 0x00, 0x00, 0x00, 0x00,
    0x00, 0x00, 0x00, 0xF0, 0x00, 0x00, 0x00, 0x00, 0x00, 0x2E, 0x00, 0x00, 0x00, 0x00, 0x00, 0x07,
    0xC0, 0x00, 0x00, 0x00, 0x00, 0x00, 0xF4, 0x00, 0x00, 0x00, 0x00, 0x00, 0x3F, 0x00, 0x00, 0x00,
    0x00, 0x00, 0x06, 0x80, 0x00, 0x00, 0x00, 0x00, 0x00, 0x00, 0x00, 0x00, 0x00, 0x00, 0x00, 0x00,
    0x00, 0x00, 0x00, 0x00, 0x00, 0x00, 0x00, 0x00, 0x00, 0x00, 0x00, 0x00, 0x00, 0x00, 0x00, 0x00,
    0x00, 0x00, 0x00, 0x00, 0x00, 0x00, 0x00, 0x00, 0x00, 0x00, 0x00, 0x00, 0x00, 0x00, 0x00, 0x00,
    0x00, 0x00, 0x00, 0x00, 0xAA, 0x40, 0x00, 0x06, 0xA9, 0x00, 0x1F, 0xF4, 0x00, 0x00, 0xBF, 0xC0,
    0x02, 0xFF, 0x00, 0x00, 0x0F, 0xFC, 0x00, 0x3F, 0xE0, 0x00, 0x00, 0xFF, 0x80, 0x03, 0xFD, 0x00,
    0x00, 0x1F, 0xF4, 0x00, 0x7F, 0xC0, 0x00, 0x02, 0xFF, 0x00, 0x0B, 0xFC, 0x00, 0x00, 0x3F, 0xE0,
    0x00, 0xBF, 0x40, 0x00, 0x03, 0xFD, 0x00, 0x0F, 0xF0, 0x00, 0x00, 0x7F, 0xC0, 0x00, 0xFF, 0x00,
    0x00, 0x07, 0xF8, 0x00, 0x1F, 0xE0, 0x00, 0x00, 0xBF, 0x40, 0x02, 0xFD, 0x00, 0x00, 0x0F, 0xF0,
    0x00, 0x3F, 0xC0, 0x00, 0x00, 0xFF, 0x00, 0x03, 0xF8, 0x00, 0x00, 0x1F, 0xD0, 0x00, 0x7F, 0x40,
    0x00, 0x02, 0xFC, 0x00, 0x0B, 0xF0, 0x00, 0x00, 0x3F, 0xC0, 0x00, 0xFF, 0x00, 0x00, 0x0B, 0xF4,
    0x00, 0x0F, 0xF0, 0x00, 0x00, 0xFF, 0x00, 0x00, 0xFF, 0x40, 0x00, 0x3F, 0xF0, 0x00, 0x1F, 0xFE,
    0x55, 0xBF, 0xFD, 0x00, 0x01, 0xFF, 0xFF, 0xFF, 0xFF, 0xC0, 0x00, 0x1F, 0xFF, 0xFF, 0xFF, 0xF4,
    0x00, 0x00, 0xFF, 0xFF, 0xFF, 0xFE, 0x00, 0x00, 0x0B, 0xFF, 0xFF, 0xFF, 0x80, 0x00, 0x00, 0x1B,
    0xFF, 0xFF, 0x90, 0x00, 0x00, 0x00, 0x00, 0x00, 0x00, 0x00, 0x00, 0x00, 0x00, 0x00, 0x00, 0x0B,
    0x40, 0x00, 0x00, 0x00, 0x00, 0x00, 0xFC, 0x00, 0x00, 0x00, 0x00, 0x00, 0x2F, 0xF4, 0x00, 0x00,
    0x00, 0x00, 0x07, 0xC3, 0xE0, 0x00, 0x00, 0x00, 0x01, 0xF0, 0x07, 0xC0, 0x00, 0x00, 0x00, 0x28,
    0x00, 0x06, 0x00, 0x00, 0x00, 0x00, 0x00, 0x00, 0x00, 0x00, 0x00, 0xAA, 0x40, 0x00, 0x06, 0xA9,
    0x00, 0x1F, 0xF4, 0x00, 0x00, 0xBF, 0xC0, 0x02, 0xFF, 0x00, 0x00, 0x0F, 0xFC, 0x00, 0x3F, 0xE0,
    0x00, 0x00, 0xFF, 0x80, 0x03, 0xFD, 0x00, 0x00, 0x1F, 0xF4, 0x00, 0x7F, 0xC0, 0x00, 0x02, 0xFF,
    0x00, 0x0B, 0xFC, 0x00, 0x00, 0x3F, 0xE0, 0x00, 0xBF, 0x80, 0x00, 0x03, 0xFD, 0x00, 0x0F, 0xF0,
    0x00, 0x00, 0x3F, 0xC0, 0x00, 0xFF, 0x00, 0x00, 0x07, 0xF8, 0x00, 0x1F, 0xE0, 0x00, 0x00, 0xBF,
    0x40, 0x02, 0xFD, 0x00, 0x00, 0x0F, 0xF0, 0x00, 0x3F, 0xC0, 0x00, 0x00, 0xFF, 0x00, 0x03, 0xF8,
    0x00, 0x00, 0x1F, 0xD0, 0x00, 0x7F, 0x40, 0x00, 0x02, 0xFC, 0x00, 0x0B, 0xF0, 0x00, 0x00, 0x3F,
    0xC0, 0x00, 0xFF, 0x00, 0x00, 0x0B, 0xF4, 0x00, 0x0F, 0xF0, 0x00, 0x00, 0xFF, 0x00, 0x00, 0xFF,
    0x40, 0x00, 0x3F, 0xF0, 0x00, 0x1F, 0xFE, 0x55, 0xBF, 0xFD, 0x00, 0x01, 0xFF, 0xFF, 0xFF, 0xFF,
    0xC0, 0x00, 0x1F, 0xFF, 0xFF, 0xFF, 0xF4, 0x00, 0x00, 0xFF, 0xFF, 0xFF, 0xFE, 0x00, 0x00, 0x0B,
    0xFF, 0xFF, 0xFF, 0x80, 0x00, 0x00, 0x1B, 0xFF, 0xFF, 0x90, 0x00, 0x00, 0x00, 0x00, 0x00, 0x00,
    0x00, 0x00, 0x00, 0x00, 0x00, 0x00, 0x3E, 0x00, 0x7E, 0x00, 0x00, 0x00, 0x0B, 0xF0, 0x0F, 0xF0,
    0x00, 0x00, 0x00, 0xFE, 0x01, 0xFE, 0x00, 0x00, 0x00, 0x2F, 0xE0, 0x2F, 0xE0, 0x00, 0x00, 0x03,
    0xFD, 0x03, 0xFD, 0x00, 0x00, 0x00, 0x00, 0x00, 0x00, 0x00, 0x00, 0x00, 0x00, 0x00, 0x00, 0x00,
    0x00, 0x00, 0x00, 0x00, 0x00, 0x00, 0x00, 0x00, 0x00, 0x00, 0x00, 0x00, 0x00, 0x00, 0x00, 0xFF,
    0x80, 0x00, 0x07, 0xFD, 0x00, 0x1F, 0xF0, 0x00, 0x00, 0xBF, 0xC0, 0x02, 0xFF, 0x00, 0x00, 0x0F,
    0xFC, 0x00, 0x3F, 0xE0, 0x00, 0x00, 0xFF, 0x80, 0x03, 0xFD, 0x00, 0x00, 0x1F, 0xF0, 0x00, 0x7F,
    0xC0, 0x00, 0x02, 0xFF, 0x00, 0x0B, 0xF8, 0x00, 0x00, 0x3F, 0xE0, 0x00, 0xFF, 0x40, 0x00, 0x03,
    0xFD, 0x00, 0x0F, 0xF0, 0x00, 0x00, 0x7F, 0xC0, 0x01, 0xFF, 0x00, 0x00, 0x0B, 0xF8, 0x00, 0x1F,
    0xE0, 0x00, 0x00, 0xBF, 0x40, 0x02, 0xFC, 0x00, 0x00, 0x0F, 0xF0, 0x00, 0x3F, 0xC0, 0x00, 0x00,
    0xFE, 0x00, 0x03, 0xF8, 0x00, 0x00, 0x1F, 0xD0, 0x00, 0x7F, 0x40, 0x00, 0x03, 0xFC, 0x00, 0x0B,
    0xF0, 0x00, 0x00, 0x3F, 0xC0, 0x00, 0xFF, 0x00, 0x00, 0x0B, 0xF4, 0x00, 0x0F, 0xF0, 0x00, 0x00,
    0xFF, 0x00, 0x00, 0xFF, 0x40, 0x00, 0x3F, 0xF0, 0x00, 0x1F, 0xFE, 0x55, 0xBF, 0xFD, 0x00, 0x01,
    0xFF, 0xFF, 0xFF, 0xFF, 0xC0, 0x00, 0x1F, 0xFF, 0xFF, 0xFF, 0xF4, 0x00, 0x00, 0xFF, 0xFF, 0xFF,
    0xFE, 0x00, 0x00, 0x0B, 0xFF, 0xFF, 0xFF, 0x80, 0x00, 0x00, 0x1B, 0xFF, 0xFF, 0x90, 0x00, 0x00,
    0x00, 0x00, 0x00, 0x00, 0x00, 0x00, 0x00, 0x00, 0x00, 0x00, 0x01, 0x90, 0x00, 0x00, 0x00, 0x00,
    0xF0, 0x00, 0x00, 0x00, 0x00, 0xF4, 0x00, 0x00, 0x00, 0x00, 0xB8, 0x00, 0x00, 0x00, 0x00, 0xBC,
    0x00, 0x00, 0x00, 0x00, 0x7D, 0x00, 0x00, 0x00, 0x00, 0x00, 0x00, 0x00, 0x00, 0x00, 0x00, 0x00,
    0x00, 0x00, 0x00, 0x00, 0x00, 0x00, 0x00, 0x00, 0x00, 0x00, 0x00, 0x00, 0x00, 0x00, 0x00, 0x00,
    0x00, 0x00, 0x00, 0x00, 0x00, 0x00, 0x00, 0x00, 0x00, 0x00, 0x00, 0x00, 0x00, 0x00, 0x00, 0x00,
    0x03, 0xF8, 0x00, 0x00, 0x03, 0xF4, 0xFF, 0x00, 0x00, 0x03, 0xF8, 0x2F, 0xC0, 0x00, 0x02, 0xFC,
    0x07, 0xF4, 0x00, 0x02, 0xFC, 0x00, 0xFF, 0x00, 0x01, 0xFD, 0x00, 0x3F, 0xC0, 0x00, 0xFE, 0x00,
    0x0B, 0xF4, 0x00, 0xFF, 0x00, 0x02, 0xFE, 0x00, 0xFF, 0x00, 0x00, 0x7F, 0xC0, 0xBF, 0x40, 0x00,
    0x0F, 0xF4, 0xBF, 0x80, 0x00, 0x03, 0xFE, 0x7F, 0xC0, 0x00, 0x00, 0xBF, 0xFF, 0xD0, 0x00, 0x00,
    0x1F, 0xFF, 0xD0, 0x00, 0x00, 0x07, 0xFF, 0xE0, 0x00, 0x00, 0x00, 0xFF, 0xF0, 0x00, 0x00, 0x00,
    0x3F, 0xF4, 0x00, 0x00, 0x00, 0x0F, 0xF8, 0x00, 0x00, 0x00, 0x03, 0xFD, 0x00, 0x00, 0x00, 0x02,
    0xFF, 0x00, 0x00, 0x00, 0x00, 0xFF, 0xC0, 0x00, 0x00, 0x00, 0xBF, 0xE0, 0x00, 0x00, 0x00, 0x3F,
    0xF4, 0x00, 0x00, 0x00, 0x1F, 0xFC, 0x00, 0x00, 0x00, 0x0F, 0xFF, 0x00, 0x00, 0x00, 0x07, 0xFF,
    0x80, 0x00, 0x00, 0x00, 0x00, 0x07, 0xE0, 0x00, 0x00, 0x00, 0x2F, 0x00, 0x00, 0x00, 0x00, 0xFC,
    0x00, 0x00, 0x00, 0x03, 0xF5, 0x00, 0x00, 0x00, 0x1F, 0xFF, 0x80, 0x00, 0x00, 0xBF, 0xFF, 0xD0,
    0x00, 0x03, 0xF4, 0x7F, 0xE0, 0x00, 0x1F, 0x80, 0x1F, 0xD0, 0x00, 0xBD, 0x00, 0x1F, 0xC0, 0x03,
    0xF0, 0x00, 0x1F, 0x00, 0x0F, 0xC0, 0x00, 0x7C, 0x00, 0x7E, 0x00, 0x03, 0xE0, 0x02, 0xF4, 0x00,
    0x7F, 0x00, 0x0F, 0xC0, 0x0B, 0xF4, 0x00, 0x3E, 0x02, 0xFF, 0x40, 0x01, 0xFF, 0xFF, 0xF0, 0x00,
    0x0B, 0xFF, 0xF9, 0x00, 0x00, 0x3F, 0xF9, 0x00, 0x00, 0x00, 0xF8, 0x00, 0x00, 0x00, 0x07, 0xD0,
    0x00, 0x00, 0x00, 0x3F, 0x00, 0x00, 0x00, 0x00, 0xFC, 0x00, 0x00, 0x00, 0x07, 0xE0, 0x00, 0x00,
    0x00, 0x00, 0x00, 0x00, 0x01, 0x64, 0x00, 0x00, 0x00, 0x2F, 0xFF, 0xC0, 0x00, 0x01, 0xFD, 0x01,
    0xF0, 0x00, 0x03, 0xF0, 0x00, 0xB0, 0x00, 0x0B, 0xC0, 0x00, 0x74, 0x00, 0x0F, 0x40, 0x00, 0x70,
    0x00, 0x2F, 0x00, 0x1F, 0xF0, 0x00, 0x3E, 0x00, 0xBD, 0x00, 0x00, 0x3D, 0x01, 0xE0, 0x00, 0x00,
    0x7C, 0x03, 0xC0, 0x00, 0x00, 0xFC, 0x03, 0x80, 0x00, 0x00, 0xFC, 0x03, 0x80, 0x00, 0x01, 0xF8,
    0x03, 0xE0, 0x00, 0x02, 0xF4, 0x02, 0xF8, 0x00, 0x03, 0xF0, 0x00, 0xFF, 0x00, 0x07, 0xF0, 0x00,
    0x2F, 0x80, 0x0B, 0xE0, 0x00, 0x0F, 0xC0, 0x0F, 0xD0, 0x00, 0x0F, 0xC0, 0x1F, 0xD0, 0x00, 0x1F,
    0x80, 0x2F, 0xCE, 0x55, 0xBF, 0x00, 0x3F, 0xCF, 0xFF, 0xFE, 0x00, 0x3F, 0x8F, 0xFF, 0xF8, 0x00,
    0xBF, 0x47, 0xFF, 0x80, 0x00, 0x00, 0x00, 0x00, 0x00, 0x00, 0x00, 0x0B, 0xD0, 0x00, 0x00, 0x00,
    0x3F, 0x40, 0x00, 0x00, 0x00, 0xFD, 0x00, 0x00, 0x00, 0x07, 0xF8, 0x00, 0x00, 0x00, 0x00, 0x00,
    0x00, 0x00, 0x00, 0x00, 0x00, 0x00, 0x02, 0xFE, 0x00, 0x00, 0x02, 0xFF, 0xFD, 0xF0, 0x00, 0xFF,
    0xFF, 0xFE, 0x00, 0x3F, 0xD0, 0x2F, 0xE0, 0x07, 0xF0, 0x00, 0xFD, 0x00, 0xF8, 0x00, 0x0F, 0xC0,
    0x2F, 0x00, 0x00, 0xFC, 0x03, 0xD0, 0x00, 0x0F, 0xC0, 0x7C, 0x00, 0x01, 0xF8, 0x0F, 0x80, 0x00,
    0x3F, 0x80, 0xF4, 0x00, 0x0B, 0xF4, 0x0F, 0x80, 0x03, 0xFF, 0x00, 0xFF, 0x5A, 0xFF, 0xF0, 0x0F,
    0xFF, 0xFF, 0xFF, 0x00, 0xBF, 0xFF, 0xFF, 0xE0, 0x03, 0xFF, 0xFE, 0x7E, 0x00, 0x0B, 0xFE, 0x47,
    0xD0, 0x00, 0x00, 0x00, 0x01, 0xE0, 0x00, 0x00, 0x00, 0x3C, 0x00, 0x00, 0x00, 0x0F, 0x40, 0x00,
    0x00, 0x02, 0xF0, 0x00, 0x00, 0x00, 0x7C, 0x00, 0x00, 0x00, 0x0A, 0x80, 0x00, 0x00, 0x00, 0x00,
    0x00, 0x00, 0x00, 0x00, 0x00, 0x00, 0x00, 0x00, 0x00, 0x00, 0x00, 0x00, 0x00, 0x00, 0x00, 0x00,
    0x00, 0x00, 0x00, 0x00, 0x02, 0xFE, 0x00, 0x00, 0x02, 0xFF, 0xFD, 0xF0, 0x00, 0xFF, 0xFF, 0xFE,
    0x00, 0x3F, 0xD0, 0x2F, 0xE0, 0x07, 0xF0, 0x00, 0xFD, 0x00, 0xF8, 0x00, 0x0F, 0xC0, 0x2F, 0x00,
    0x00, 0xFC, 0x03, 0xD0, 0x00, 0x0F, 0xC0, 0x7C, 0x00, 0x01, 0xF8, 0x0F, 0x80, 0x00, 0x3F, 0x80,
    0xF4, 0x00, 0x0B, 0xF4, 0x0F, 0x80, 0x03, 0xFF, 0x00, 0xFF, 0x5A, 0xFF, 0xF0, 0x0F, 0xFF, 0xFF,
    0xFF, 0x00, 0xBF, 0xFF, 0xFF, 0xE0, 0x03, 0xFF, 0xFE, 0x7E, 0x00, 0x0B, 0xFE, 0x47, 0xD0, 0x00,
    0x00, 0x00, 0x90, 0x00, 0x00, 0x00, 0x02, 0xF4, 0x00, 0x00, 0x00, 0x03, 0xFD, 0x00, 0x00, 0x00,
    0x0F, 0x9F, 0x80, 0x00, 0x00, 0x2E, 0x01, 0xE0, 0x00, 0x00, 0x74, 0x00, 0x2C, 0x00, 0x00, 0x00,
    0x00, 0x00, 0x00, 0x00, 0x2F, 0xE0, 0x00, 0x00, 0x02, 0xFF, 0xFD, 0xF0, 0x00, 0x0F, 0xFF, 0xFF,
    0xE0, 0x00, 0x3F, 0xD0, 0x2F, 0xE0, 0x00, 0x7F, 0x00, 0x0F, 0xD0, 0x00, 0xF8, 0x00, 0x0F, 0xC0,
    0x02, 0xF0, 0x00, 0x0F, 0xC0, 0x03, 0xD0, 0x00, 0x0F, 0xC0, 0x07, 0xC0, 0x00, 0x1F, 0x80, 0x0F,
    0x80, 0x00, 0x3F, 0x80, 0x0F, 0x40, 0x00, 0xBF, 0x40, 0x0F, 0x80, 0x03, 0xFF, 0x00, 0x0F, 0xF5,
    0xAF, 0xFF, 0x00, 0x0F, 0xFF, 0xFF, 0xFF, 0x00, 0x0B, 0xFF, 0xFF, 0xFE, 0x00, 0x03, 0xFF, 0xFE,
    0x7E, 0x00, 0x00, 0xBF, 0xE4, 0x7D, 0x00, 0x00, 0x00, 0x2F, 0x80, 0x34, 0x00, 0x01, 0xFB, 0x42,
    0xC0, 0x00, 0x0F, 0x0F, 0x0E, 0x00, 0x00, 0x78, 0x0F, 0xF0, 0x00, 0x01, 0xC0, 0x1A, 0x00, 0x00,
    0x00, 0x00, 0x00, 0x00, 0x00, 0x02, 0xFE, 0x00, 0x00, 0x00, 0xBF, 0xFF, 0x7C, 0x00, 0x0F, 0xFF,
    0xFF, 0xE0, 0x00, 0xFF, 0x40, 0xBF, 0x80, 0x07, 0xF0, 0x00, 0xFD, 0x00, 0x3E, 0x00, 0x03, 0xF0,
    0x02, 0xF0, 0x00, 0x0F, 0xC0, 0x0F, 0x40, 0x00, 0x3F, 0x00, 0x7C, 0x00, 0x01, 0xF8, 0x03, 0xE0,
    0x00, 0x0F, 0xE0, 0x0F, 0x40, 0x00, 0xBF, 0x40, 0x3E, 0x00, 0x0F, 0xFC, 0x00, 0xFF, 0x5A, 0xFF,
    0xF0, 0x03, 0xFF, 0xFF, 0xFF, 0xC0, 0x0B, 0xFF, 0xFF, 0xFE, 0x00, 0x0F, 0xFF, 0xF9, 0xF8, 0x00,
    0x0B, 0xFE, 0x47, 0xD0, 0x00, 0x00, 0x00, 0xBD, 0x00, 0xBD, 0x00, 0x01, 0xFD, 0x01, 0xFC, 0x00,
    0x02, 0xFC, 0x03, 0xFC, 0x00, 0x03, 0xFC, 0x07, 0xFC, 0x00, 0x0B, 0xFC, 0x0F, 0xFC, 0x00, 0x00,
    0x00, 0x00, 0x00, 0x00, 0x00, 0x00, 0x00, 0x00, 0x00, 0x00, 0x2F, 0xE0, 0x00, 0x00, 0x02, 0xFF,
    0xFD, 0xF0, 0x00, 0x0F, 0xFF, 0xFF, 0xE0, 0x00, 0x3F, 0xD0, 0x2F, 0xE0, 0x00, 0x7F, 0x00, 0x0F,
    0xD0, 0x00, 0xF8, 0x00, 0x0F, 0xC0, 0x02, 0xF0, 0x00, 0x0F, 0xC0, 0x03, 0xD0, 0x00, 0x0F, 0xC0,
    0x07, 0xC0, 0x00, 0x1F, 0x80, 0x0F, 0x80, 0x00, 0x3F, 0x80, 0x0F, 0x40, 0x00, 0xBF, 0x40, 0x0F,
    0x80, 0x03, 0xFF, 0x00, 0x0F, 0xF5, 0xAF, 0xFF, 0x00, 0x0F, 0xFF, 0xFF, 0xFF, 0x00, 0x0B, 0xFF,
    0xFF, 0xFE, 0x00, 0x03, 0xFF, 0xFE, 0x7E, 0x00, 0x00, 0xBF, 0xE4, 0x7D, 0x00, 0x00, 0x00, 0x00,
    0x7D, 0x00, 0x00, 0x00, 0x2C, 0x30, 0x00, 0x00, 0x07, 0x03, 0x40, 0x00, 0x00, 0xA0, 0x34, 0x00,
    0x00, 0x0A, 0x0B, 0x00, 0x00, 0x00, 0x7F, 0xD0, 0x00, 0x00, 0x01, 0xA0, 0x00, 0x00, 0x00, 0x00,
    0x00, 0x00, 0x00, 0x00, 0x00, 0x00, 0x00, 0x02, 0xFE, 0x00, 0x00, 0x02, 0xFF, 0xFD, 0xF0, 0x00,
    0xFF, 0xFF, 0xFE, 0x00, 0x3F, 0xD0, 0x2F, 0xE0, 0x07, 0xF0, 0x00, 0xFD, 0x00, 0xF8, 0x00, 0x0F,
    0xC0, 0x2F, 0x00, 0x00, 0xFC, 0x03, 0xD0, 0x00, 0x0F, 0xC0, 0x7C, 0x00, 0x01, 0xF8, 0x0F, 0x80,
    0x00, 0x3F, 0x80, 0xF4, 0x00, 0x0B, 0xF4, 0x0F, 0x80, 0x03, 0xFF, 0x00, 0xFF, 0x5A, 0xFF, 0xF0,
    0x0F, 0xFF, 0xFF, 0xFF, 0x00, 0xBF, 0xFF, 0xFF, 0xE0, 0x03, 0xFF, 0xFE, 0x7E, 0x00, 0x0B, 0xFE,
    0x47, 0xD0, 0x00, 0x00, 0x00, 0x00, 0x00, 0x00, 0x00, 0x00, 0x00, 0x02, 0xFE, 0x00, 0x02, 0xFE,
    0x40, 0x00, 0x02, 0xFF, 0xFD, 0xF2, 0xFF, 0xFE, 0x00, 0x00, 0xFF, 0xFF, 0xFF, 0xFE, 0x40, 0xB4,
    0x00, 0x3F, 0xD0, 0x2F, 0xFF, 0x00, 0x03, 0xC0, 0x07, 0xF0, 0x00, 0xFF, 0xC0, 0x00, 0x2D, 0x00,
    0xF8, 0x00, 0x0F, 0xF0, 0x01, 0x6B, 0xD0, 0x2F, 0x00, 0x00, 0xFF, 0xFF, 0xFF, 0xFE, 0x03, 0xD0,
    0x00, 0x0F, 0xFF, 0xFF, 0xFF, 0xD0, 0x7C, 0x00, 0x01, 0xFD, 0x54, 0x00, 0x00, 0x0F, 0x80, 0x00,
    0x3F, 0x80, 0x00, 0x00, 0x00, 0xF4, 0x00, 0x0B, 0xF8, 0x00, 0x00, 0x00, 0x0F, 0x80, 0x03, 0xFF,
    0xC0, 0x00, 0x00, 0x00, 0xFF, 0x5A, 0xFF, 0xFF, 0x80, 0x00, 0x80, 0x0F, 0xFF, 0xFF, 0xFF, 0xFF,
    0xFF, 0xFC, 0x00, 0xBF, 0xFF, 0xFF, 0xFF, 0xFF, 0xFF, 0xC0, 0x03, 0xFF, 0xFE, 0x7F, 0xFF, 0xFF,
    0xF8, 0x00, 0x0B, 0xFE, 0x47, 0xD2, 0xBF, 0xE4, 0x00, 0x00, 0x00, 0x00, 0x00, 0x00, 0x06, 0xFF,
    0x80, 0x01, 0xFF, 0xFF, 0x00, 0x2F, 0xF9, 0x68, 0x01, 0xFE, 0x00, 0x00, 0x0F, 0xD0, 0x00, 0x00,
    0xBE, 0x00, 0x00, 0x03, 0xF0, 0x00, 0x00, 0x1F, 0x80, 0x00, 0x00, 0xBD, 0x00, 0x00, 0x03, 0xF4,
    0x00, 0x00, 0x0F, 0xD0, 0x00, 0x00, 0x3F, 0xC0, 0x00, 0x00, 0xFF, 0xE5, 0xA0, 0x02, 0xFF, 0xFF,
    0xD0, 0x03, 0xFF, 0xFF, 0xC0, 0x01, 0xBF, 0xFD, 0x00, 0x00, 0x80, 0x00, 0x00, 0x07, 0xE0, 0x00,
    0x00, 0x00, 0x70, 0x00, 0x00, 0x01, 0xC0, 0x00, 0x00, 0x1E, 0x00, 0x00, 0x3F, 0xE0, 0x00, 0x00,
    0xA9, 0x00, 0x00, 0x00, 0x00, 0x00, 0x00, 0x00, 0x00, 0x03, 0xF0, 0x00, 0x00, 0x00, 0x1F, 0xC0,
    0x00, 0x00, 0x00, 0xBF, 0x00, 0x00, 0x00, 0x02, 0xFC, 0x00, 0x00, 0x00, 0x00, 0x00, 0x00, 0x00,
    0x00, 0x00, 0x00, 0x00, 0x00, 0x00, 0x00, 0x00, 0x00, 0x00, 0x00, 0x00, 0x00, 0x00, 0x00, 0x00,
    0x00, 0x00, 0x6F, 0xE0, 0x00, 0x00, 0x7F, 0xFF, 0xC0, 0x00, 0x2F, 0xD0, 0x0F, 0x00, 0x07, 0xE0,
    0x00, 0x74, 0x01, 0xF4, 0x00, 0x03, 0xC0, 0x3E, 0x00, 0x5A, 0xFC, 0x0B, 0xFF, 0xFF, 0xFF, 0xC0,
    0xFF, 0xFF, 0xFF, 0xF8, 0x1F, 0x95, 0x40, 0x00, 0x02, 0xF0, 0x00, 0x00, 0x00, 0x3F, 0x00, 0x00,
    0x00, 0x03, 0xF8, 0x00, 0x00, 0x00, 0x2F, 0xF4, 0x00, 0x18, 0x01, 0xFF, 0xFF, 0xFF, 0x80, 0x0F,
    0xFF, 0xFF, 0xF4, 0x00, 0x3F, 0xFF, 0xFF, 0x00, 0x00, 0x6F, 0xFE, 0x40, 0x00, 0x00, 0x00, 0x00,
    0x00, 0xF0, 0x00, 0x00, 0x00, 0x0B, 0x80, 0x00, 0x00, 0x00, 0x7C, 0x00, 0x00, 0x00, 0x03, 0xD0,
    0x00, 0x00, 0x00, 0x3F, 0x00, 0x00, 0x00, 0x01, 0xA0, 0x00, 0x00, 0x00, 0x00, 0x00, 0x00, 0x00,
    0x00, 0x00, 0x00, 0x00, 0x00, 0x00, 0x00, 0x00, 0x00, 0x00, 0x00, 0x00, 0x00, 0x00, 0x00, 0x00,
    0x00, 0x00, 0x00, 0x00, 0x00, 0x00, 0x00, 0x00, 0x00, 0x00, 0x00, 0x00, 0x00, 0x00, 0x00, 0x00,
    0x00, 0x00, 0x00, 0x00, 0x00, 0x00, 0x1B, 0xF8, 0x00, 0x00, 0x07, 0xFF, 0xFC, 0x00, 0x00, 0xBF,
    0x40, 0x3C, 0x00, 0x07, 0xE0, 0x00, 0x74, 0x00, 0x7D, 0x00, 0x00, 0xF0, 0x03, 0xE0, 0x05, 0xAF,
    0xC0, 0x2F, 0xFF, 0xFF, 0xFF, 0x00, 0xFF, 0xFF, 0xFF, 0xF8, 0x07, 0xE5, 0x50, 0x00, 0x00, 0x2F,
    0x00, 0x00, 0x00, 0x00, 0xFC, 0x00, 0x00, 0x00, 0x03, 0xF8, 0x00, 0x00, 0x00, 0x0B, 0xFD, 0x00,
    0x06, 0x00, 0x1F, 0xFF, 0xFF, 0xF8, 0x00, 0x3F, 0xFF, 0xFF, 0xD0, 0x00, 0x3F, 0xFF, 0xFF, 0x00,
    0x00, 0x1B, 0xFF, 0x90, 0x00, 0x00, 0x00, 0x06, 0x00, 0x00, 0x00, 0x00, 0x3F, 0x00, 0x00, 0x00,
    0x01, 0xFF, 0x00, 0x00, 0x00, 0x0F, 0x5F, 0x40, 0x00, 0x00, 0xF4, 0x0B, 0x80, 0x00, 0x0B, 0x00,
    0x03, 0x80, 0x00, 0x00, 0x00, 0x00, 0x00, 0x00, 0x00, 0x00, 0x00, 0x00, 0x00, 0x00, 0x00, 0x00,
    0x00, 0x01, 0xBF, 0x80, 0x00, 0x00, 0x7F, 0xFF, 0xC0, 0x00, 0x0B, 0xF4, 0x03, 0xC0, 0x00, 0x7E,
    0x00, 0x07, 0x40, 0x07, 0xD0, 0x00, 0x0F, 0x00, 0x3E, 0x00, 0x5A, 0xFC, 0x02, 0xFF, 0xFF, 0xFF,
    0xF0, 0x0F, 0xFF, 0xFF, 0xFF, 0x80, 0x7E, 0x55, 0x00, 0x00, 0x02, 0xF0, 0x00, 0x00, 0x00, 0x0F,
    0xC0, 0x00, 0x00, 0x00, 0x3F, 0x80, 0x00, 0x00, 0x00, 0xBF, 0xD0, 0x00, 0x60, 0x01, 0xFF, 0xFF,
    0xFF, 0x80, 0x03, 0xFF, 0xFF, 0xFD, 0x00, 0x03, 0xFF, 0xFF, 0xF0, 0x00, 0x01, 0xBF, 0xF9, 0x00,
    0x00, 0x00, 0x00, 0x7F, 0x00, 0x7F, 0x00, 0x00, 0xFF, 0x00, 0xFF, 0x00, 0x01, 0xFE, 0x01, 0xFE,
    0x00, 0x03, 0xFE, 0x03, 0xFE, 0x00, 0x03, 0xFD, 0x03, 0xFD, 0x00, 0x00, 0x00, 0x00, 0x00, 0x00,
    0x00, 0x00, 0x00, 0x00, 0x00, 0x00, 0x00, 0x00, 0x00, 0x00, 0x00, 0x00, 0x00, 0x00, 0x00, 0x00,
    0x00, 0x00, 0x00, 0x00, 0x00, 0x6F, 0xE0, 0x00, 0x00, 0x07, 0xFF, 0xFC, 0x00, 0x00, 0x2F, 0xD0,
    0x0F, 0x00, 0x00, 0x7E, 0x00, 0x07, 0x40, 0x01, 0xF4, 0x00, 0x03, 0xC0, 0x03, 0xE0, 0x05, 0xAF,
    0xC0, 0x0B, 0xFF, 0xFF, 0xFF, 0xC0, 0x0F, 0xFF, 0xFF, 0xFF, 0x80, 0x1F, 0x95, 0x40, 0x00, 0x00,
    0x2F, 0x00, 0x00, 0x00, 0x00, 0x3F, 0x00, 0x00, 0x00, 0x00, 0x3F, 0x80, 0x00, 0x00, 0x00, 0x2F,
    0xF4, 0x00, 0x18, 0x00, 0x1F, 0xFF, 0xFF, 0xF8, 0x00, 0x0F, 0xFF, 0xFF, 0xF4, 0x00, 0x03, 0xFF,
    0xFF, 0xF0, 0x00, 0x00, 0x6F, 0xFE, 0x40, 0x00, 0x02, 0xF0, 0x00, 0x03, 0xF4, 0x00, 0x03, 0xF4,
    0x00, 0x07, 0xF4, 0x00, 0x01, 0x60, 0x00, 0x00, 0x00, 0x00, 0x00, 0x00, 0x00, 0x00, 0x00, 0x2E,
    0x00, 0x00, 0xF4, 0x00, 0x07, 0xC0, 0x00, 0x2E, 0x00, 0x00, 0xF4, 0x00, 0x03, 0xC0, 0x00, 0x2F,
    0x00, 0x00, 0xF8, 0x00, 0x03, 0xD0, 0x00, 0x2F, 0x00, 0x00, 0xFC, 0x00, 0x03, 0xF0, 0x00, 0x2F,
    0x80, 0x00, 0xFD, 0x00, 0x03, 0xF4, 0x00, 0x1F, 0xC0, 0x00, 0x00, 0x00, 0x03, 0xC0, 0x00, 0x00,
    0xF4, 0x00, 0x00, 0x2E, 0x00, 0x00, 0x07, 0xC0, 0x00, 0x00, 0xF4, 0x00, 0x00, 0x2A, 0x00, 0x00,
    0x00, 0x00, 0x00, 0x00, 0x00, 0x00, 0x00, 0x00, 0x00, 0x00, 0x00, 0x00, 0x00, 0x00, 0x00, 0x00,
    0x00, 0x00, 0x00, 0x00, 0x00, 0x00, 0x00, 0x00, 0x02, 0xE0, 0x00, 0x00, 0x3D, 0x00, 0x00, 0x07,
    0xC0, 0x00, 0x00, 0xBC, 0x00, 0x00, 0x0F, 0x40, 0x00, 0x00, 0xF0, 0x00, 0x00, 0x1F, 0x00, 0x00,
    0x03, 0xE0, 0x00, 0x00, 0x3D, 0x00, 0x00, 0x07, 0xC0, 0x00, 0x00, 0xFC, 0x00, 0x00, 0x0F, 0xC0,
    0x00, 0x02, 0xF8, 0x00, 0x00, 0x3F, 0x40, 0x00, 0x03, 0xF4, 0x00, 0x00, 0x7F, 0x00, 0x00, 0x00,
    0x00, 0x3C, 0x00, 0x00, 0x07, 0xF0, 0x00, 0x00, 0xFF, 0xC0, 0x00, 0x3E, 0x1F, 0x40, 0x0B, 0x80,
    0x2E, 0x00, 0x90, 0x00, 0x24, 0x00, 0x00, 0x00, 0x00, 0x02, 0xE0, 0x00, 0x00, 0x3D, 0x00, 0x00,
    0x07, 0xC0, 0x00, 0x00, 0xBC, 0x00, 0x00, 0x0F, 0x80, 0x00, 0x00, 0xF0, 0x00, 0x00, 0x1F, 0x00,
    0x00, 0x03, 0xE0, 0x00, 0x00, 0x3D, 0x00, 0x00, 0x07, 0xC0, 0x00, 0x00, 0xFC, 0x00, 0x00, 0x0F,
    0xC0, 0x00, 0x02, 0xF8, 0x00, 0x00, 0x3F, 0x40, 0x00, 0x03, 0xF4, 0x00, 0x00, 0x7F, 0x00, 0x00,
    0x00, 0x02, 0xF0, 0x03, 0xF0, 0x1F, 0xC0, 0x1F, 0xC0, 0xFF, 0x00, 0xFF, 0x07, 0xFC, 0x07, 0xFC,
    0x3F, 0xF0, 0x3F, 0xE0, 0x00, 0x00, 0x00, 0x00, 0x00, 0x00, 0x00, 0x00, 0x00, 0x00, 0x00, 0x00,
    0x00, 0x00, 0x00, 0x00, 0xB8, 0x00, 0x00, 0x03, 0xD0, 0x00, 0x00, 0x1F, 0x00, 0x00, 0x00, 0xB8,
    0x00, 0x00, 0x03, 0xD0, 0x00, 0x00, 0x0F, 0x00, 0x00, 0x00, 0xBC, 0x00, 0x00, 0x03, 0xE0, 0x00,
    0x00, 0x0F, 0x40, 0x00, 0x00, 0xBC, 0x00, 0x00, 0x03, 0xF0, 0x00, 0x00, 0x0F, 0xC0, 0x00, 0x00,
    0xBE, 0x00, 0x00, 0x03, 0xF4, 0x00, 0x00, 0x0F, 0xD0, 0x00, 0x00, 0x7F, 0x00, 0x00, 0x00, 0x00,
    0x00, 0x00, 0x02, 0xE4, 0x00, 0x00, 0x00, 0x00, 0x00, 0xFF, 0x80, 0x00, 0x00, 0x00, 0x00, 0x03,
    0xF0, 0x00, 0x00, 0x00, 0x00, 0x00, 0xBC, 0x00, 0x00, 0x00, 0x00, 0xFF, 0xFF, 0xFF, 0xC0, 0x00,
    0x00, 0x7F, 0xFF, 0xFF, 0xE0, 0x00, 0x00, 0x2F, 0xFF, 0xFF, 0xF4, 0x00, 0x00, 0x00, 0x02, 0xE0,
    0x00, 0x00, 0x00, 0x00, 0x00, 0xF4, 0x00, 0x00, 0x02, 0xFF, 0xD0, 0x7C, 0x00, 0x00, 0x07, 0xFF,
    0xFD, 0x2E, 0x00, 0x00, 0x07, 0xF8, 0x0B, 0xCF, 0x00, 0x00, 0x07, 0xF0, 0x00, 0xFF, 0xC0, 0x00,
    0x03, 0xF4, 0x00, 0x1F, 0xD0, 0x00, 0x01, 0xF8, 0x00, 0x07, 0xF0, 0x00, 0x00, 0xBC, 0x00, 0x01,
    0xF4, 0x00, 0x00, 0x3F, 0x00, 0x00, 0xFC, 0x00, 0x00, 0x0F, 0xC0, 0x00, 0xBD, 0x00, 0x00, 0x03,
    0xF8, 0x01, 0xBE, 0x00, 0x00, 0x00, 0xFF, 0xFF, 0xFF, 0x00, 0x00, 0x00, 0x1F, 0xFF, 0xFF, 0x00,
    0x00, 0x00, 0x02, 0xFF, 0xFF, 0x00, 0x00, 0x00, 0x00, 0x1B, 0xF9, 0x00, 0x00, 0x00, 0x00, 0x00,
    0x00, 0x00, 0x50, 0x01, 0x00, 0x00, 0x01, 0xFF, 0x02, 0xC0, 0x00, 0x00, 0xF1, 0xD0, 0xE0, 0x00,
    0x00, 0x74, 0x2F, 0xF0, 0x00, 0x00, 0x3C, 0x02, 0xF4, 0x00, 0x00, 0x00, 0x00, 0x00, 0x00, 0x00,
    0x00, 0x00, 0x00, 0x00, 0x00, 0x00, 0x00, 0x00, 0x00, 0x00, 0x00, 0x01, 0x50, 0x00, 0x00, 0x07,
    0x9B, 0xFF, 0x80, 0x00, 0x03, 0xFF, 0xFF, 0xF8, 0x00, 0x00, 0xFF, 0xD0, 0x7F, 0x00, 0x00, 0x7F,
    0x80, 0x0B, 0xC0, 0x00, 0x3F, 0x80, 0x02, 0xF0, 0x00, 0x0F, 0xC0, 0x00, 0xFC, 0x00, 0x07, 0xF0,
    0x00, 0x3F, 0x00, 0x03, 0xF4, 0x00, 0x1F, 0xC0, 0x00, 0xFD, 0x00, 0x0B, 0xE0, 0x00, 0x7F, 0x00,
    0x03, 0xF4, 0x00, 0x3F, 0xC0, 0x01, 0xFC, 0x00, 0x0F, 0xE0, 0x00, 0xBF, 0x00, 0x0B, 0xF4, 0x00,
    0x3F, 0xC0, 0x03, 0xFC, 0x00, 0x0F, 0xE0, 0x00, 0xFF, 0x00, 0x07, 0xF4, 0x00, 0xBF, 0x80, 0x03,
    0xFD, 0x00, 0x00, 0x00, 0x00, 0x54, 0x00, 0x00, 0x00, 0x03, 0xF0, 0x00, 0x00, 0x00, 0x1F, 0xC0,
    0x00, 0x00, 0x00, 0xBF, 0x00, 0x00, 0x00, 0x02, 0xAC, 0x00, 0x00, 0x00, 0x00, 0x00, 0x00, 0x00,
    0x00, 0x00, 0x00, 0x00, 0x00, 0x00, 0x00, 0x00, 0x00, 0x00, 0x00, 0x00, 0x00, 0x00, 0x00, 0x00,
    0x00, 0x01, 0xBF, 0xE0, 0x00, 0x00, 0xBF, 0xFF, 0xD0, 0x00, 0x7F, 0xEA, 0xFF, 0x40, 0x0F, 0xD0,
    0x01, 0xF8, 0x03, 0xF0, 0x00, 0x0F, 0xC0, 0x7D, 0x00, 0x00, 0xFC, 0x0F, 0xC0, 0x00, 0x0F, 0xC1,
    0xF4, 0x00, 0x00, 0xFC, 0x2F, 0x00, 0x00, 0x2F, 0x43, 0xF0, 0x00, 0x03, 0xF0, 0x3F, 0x40, 0x00,
    0xFE, 0x03, 0xFE, 0x55, 0xBF, 0xC0, 0x2F, 0xFF, 0xFF, 0xF0, 0x00, 0xFF, 0xFF, 0xFD, 0x00, 0x07,
    0xFF, 0xFE, 0x00, 0x00, 0x0B, 0xFE, 0x40, 0x00, 0x00, 0x00, 0x00, 0x00, 0xA0, 0x00, 0x00, 0x00,
    0x0B, 0x80, 0x00, 0x00, 0x00, 0x7C, 0x00, 0x00, 0x00, 0x03, 0xD0, 0x00, 0x00, 0x00, 0x3E, 0x00,
    0x00, 0x00, 0x02, 0xF0, 0x00, 0x00, 0x00, 0x00, 0x00, 0x00, 0x00, 0x00, 0x00, 0x00, 0x00, 0x00,
    0x00, 0x00, 0x00, 0x00, 0x00, 0x00, 0x00, 0x00, 0x00, 0x00, 0x00, 0x00, 0x00, 0x00, 0x00, 0x00,
    0x00, 0x00, 0x00, 0x00, 0x00, 0x00, 0x00, 0x00, 0x00, 0x00, 0x00, 0x00, 0x00, 0x00, 0x00, 0x00,
    0x00, 0x6F, 0xF8, 0x00, 0x00, 0x0B, 0xFF, 0xFD, 0x00, 0x01, 0xFF, 0xAB, 0xFD, 0x00, 0x0F, 0xD0,
    0x01, 0xF8, 0x00, 0xFC, 0x00, 0x03, 0xF0, 0x07, 0xD0, 0x00, 0x0F, 0xC0, 0x3F, 0x00, 0x00, 0x3F,
    0x01, 0xF4, 0x00, 0x00, 0xFC, 0x0B, 0xC0, 0x00, 0x0B, 0xD0, 0x3F, 0x00, 0x00, 0x3F, 0x00, 0xFD,
    0x00, 0x03, 0xF8, 0x03, 0xFE, 0x55, 0xBF, 0xC0, 0x0B, 0xFF, 0xFF, 0xFC, 0x00, 0x0F, 0xFF, 0xFF,
    0xD0, 0x00, 0x1F, 0xFF, 0xF8, 0x00, 0x00, 0x0B, 0xFE, 0x40, 0x00, 0x00, 0x00, 0x00, 0x0A, 0x00,
    0x00, 0x00, 0x00, 0x3E, 0x00, 0x00, 0x00, 0x02, 0xFE, 0x00, 0x00, 0x00, 0x1F, 0x6F, 0x00, 0x00,
    0x00, 0xF0, 0x0F, 0x40, 0x00, 0x0F, 0x00, 0x07, 0x80, 0x00, 0x00, 0x00, 0x00, 0x00, 0x00, 0x00,
    0x00, 0x00, 0x00, 0x00, 0x00, 0x00, 0x00, 0x00, 0x06, 0xFF, 0x80, 0x00, 0x00, 0xBF, 0xFF, 0xD0,
    0x00, 0x1F, 0xFA, 0xBF, 0xD0, 0x00, 0xFD, 0x00, 0x1F, 0x80, 0x0F, 0xC0, 0x00, 0x3F, 0x00, 0x7D,
    0x00, 0x00, 0xFC, 0x03, 0xF0, 0x00, 0x03, 0xF0, 0x1F, 0x40, 0x00, 0x0F, 0xC0, 0xBC, 0x00, 0x00,
    0xBD, 0x03, 0xF0, 0x00, 0x03, 0xF0, 0x0F, 0xD0, 0x00, 0x3F, 0x80, 0x3F, 0xE5, 0x5B, 0xFC, 0x00,
    0xBF, 0xFF, 0xFF, 0xC0, 0x00, 0xFF, 0xFF, 0xFD, 0x00, 0x01, 0xFF, 0xFF, 0x80, 0x00, 0x00, 0xBF,
    0xE4, 0x00, 0x00, 0x00, 0x00, 0x1F, 0xC0, 0x38, 0x00, 0x00, 0xFB, 0x80, 0xD0, 0x00, 0x0B, 0x4B,
    0x0B, 0x00, 0x00, 0x3C, 0x0F, 0xF8, 0x00, 0x01, 0xE0, 0x1F, 0x80, 0x00, 0x00, 0x00, 0x00, 0x00,
    0x00, 0x00, 0x00, 0x00, 0x00, 0x00, 0x00, 0x00, 0x00, 0x00, 0x00, 0x00, 0x00, 0x00, 0x00, 0x00,
    0x00, 0x00, 0x00, 0x00, 0x1B, 0xFE, 0x00, 0x00, 0x02, 0xFF, 0xFF, 0x40, 0x00, 0x7F, 0xEA, 0xFF,
    0x40, 0x03, 0xF4, 0x00, 0x7E, 0x00, 0x3F, 0x00, 0x00, 0xFC, 0x01, 0xF4, 0x00, 0x03, 0xF0, 0x0F,
    0xC0, 0x00, 0x0F, 0xC0, 0x7D, 0x00, 0x00, 0x3F, 0x02, 0xF0, 0x00, 0x02, 0xF4, 0x0F, 0xC0, 0x00,
    0x0F, 0xC0, 0x3F, 0x40, 0x00, 0xFE, 0x00, 0xFF, 0x95, 0x6F, 0xF0, 0x02, 0xFF, 0xFF, 0xFF, 0x00,
    0x03, 0xFF, 0xFF, 0xF4, 0x00, 0x07, 0xFF, 0xFE, 0x00, 0x00, 0x02, 0xFF, 0x90, 0x00, 0x00, 0x00,
    0x00, 0xBE, 0x00, 0xBE, 0x00, 0x00, 0xFE, 0x00, 0xFE, 0x00, 0x02, 0xFD, 0x02, 0xFD, 0x00, 0x03,
    0xFD, 0x03, 0xFD, 0x00, 0x07, 0xFC, 0x07, 0xFC, 0x00, 0x00, 0x00, 0x00, 0x00, 0x00, 0x00, 0x00,
    0x00, 0x00, 0x00, 0x00, 0x00, 0x00, 0x00, 0x00, 0x00, 0x00, 0x00, 0x00, 0x00, 0x00, 0x00, 0x00,
    0x00, 0x00, 0x01, 0xBF, 0xE0, 0x00, 0x00, 0x0B, 0xFF, 0xFD, 0x00, 0x00, 0x7F, 0xEA, 0xFF, 0x40,
    0x00, 0xFD, 0x00, 0x1F, 0x80, 0x03, 0xF0, 0x00, 0x0F, 0xC0, 0x07, 0xD0, 0x00, 0x0F, 0xC0, 0x0F,
    0xC0, 0x00, 0x0F, 0xC0, 0x1F, 0x40, 0x00, 0x0F, 0xC0, 0x2F, 0x00, 0x00, 0x2F, 0x40, 0x3F, 0x00,
    0x00, 0x3F, 0x00, 0x3F, 0x40, 0x00, 0xFE, 0x00, 0x3F, 0xE5, 0x5B, 0xFC, 0x00, 0x2F, 0xFF, 0xFF,
    0xF0, 0x00, 0x0F, 0xFF, 0xFF, 0xD0, 0x00, 0x07, 0xFF, 0xFE, 0x00, 0x00, 0x00, 0xBF, 0xE4, 0x00,
    0x00, 0x00, 0x00, 0x1F, 0x80, 0x00, 0x00, 0x00, 0xFE, 0x00, 0x00, 0x00, 0x07, 0xF8, 0x00, 0x00,
    0x00, 0x3F, 0xD0, 0x00, 0x00, 0x01, 0xFF, 0x40, 0x00, 0x00, 0x00, 0x00, 0x00, 0x00, 0x00, 0x00,
    0x00, 0x00, 0x00, 0x00, 0x00, 0x00, 0x00, 0x00, 0x00, 0x00, 0x15, 0x50, 0x2F, 0xFF, 0xFF, 0xFF,
    0xD2, 0xFF, 0xFF, 0xFF, 0xFF, 0x40, 0x00, 0x00, 0x00, 0x00, 0x00, 0x00, 0x00, 0x00, 0x00, 0x00,
    0x2F, 0x40, 0x00, 0x00, 0x01, 0xFC, 0x00, 0x00, 0x00, 0x0F, 0xF0, 0x00, 0x00, 0x00, 0x7F, 0xC0,
    0x00, 0x00, 0x02, 0xFF, 0x00, 0x00, 0x00, 0x00, 0x00, 0x00, 0x00, 0x00, 0x00, 0x01, 0x00, 0x00,
    0x00, 0x00, 0x00, 0x00, 0x07, 0xC0, 0x00, 0x00, 0x00, 0x00, 0x00, 0x03, 0xC0, 0x00, 0x00, 0x00,
    0x00, 0x00, 0x02, 0xE0, 0x00, 0x00, 0x00, 0x00, 0x00, 0x00, 0xF0, 0x00, 0x00, 0x00, 0x00, 0x00,
    0x00, 0xF8, 0x00, 0x00, 0x00, 0x00, 0x00, 0x00, 0x7C, 0x00, 0x00, 0x00, 0x00, 0x00, 0x00, 0x3E,
    0x00, 0x00, 0x00, 0x00, 0x00, 0x00, 0x1F, 0x00, 0x00, 0x00, 0x00, 0x00, 0x00, 0x0F, 0x40, 0x00,
    0x00, 0x00, 0x00, 0x00, 0x0B, 0xC0, 0x00, 0x00, 0x00, 0x00, 0x00, 0x03, 0xD0, 0x00, 0x00, 0x00,
    0x00, 0x00, 0x02, 0xF0, 0x00, 0x00, 0x00, 0x00, 0x00, 0x01, 0xF0, 0x00, 0x00, 0x00, 0x00, 0x01,
    0xBF, 0xF8, 0x00, 0x00, 0x00, 0x00, 0x02, 0xFF, 0xFF, 0x40, 0x00, 0x00, 0x00, 0x07, 0xFE, 0xBF,
    0xF0, 0x00, 0x00, 0x00, 0x03, 0xF4, 0x2F, 0x7E, 0x00, 0x00, 0x00, 0x03, 0xF0, 0x1F, 0x4F, 0xC0,
    0x00, 0x00, 0x01, 0xF4, 0x0F, 0xC2, 0xF0, 0x00, 0x00, 0x00, 0xFC, 0x07, 0xD0, 0xFC, 0x00, 0x00,
    0x00, 0x7D, 0x03, 0xE0, 0x3E, 0x00, 0x00, 0x00, 0x2F, 0x02, 0xF0, 0x2F, 0x40, 0x00, 0x00, 0x0F,
    0xC1, 0xF4, 0x0F, 0xC0, 0x00, 0x00, 0x03, 0xF0, 0xFC, 0x0F, 0xE0, 0x00, 0x00, 0x00, 0xFF, 0xBE,
    0x6F, 0xF0, 0x00, 0x00, 0x00, 0x2F, 0xFF, 0xFF, 0xF0, 0x00, 0x00, 0x00, 0x03, 0xFF, 0xFF, 0xF4,
    0x00, 0x00, 0x00, 0x00, 0x7F, 0xFF, 0xE0, 0x00, 0x00, 0x00, 0x00, 0x0F, 0xFF, 0x90, 0x00, 0x00,
    0x00, 0x00, 0x07, 0xE0, 0x00, 0x00, 0x00, 0x00, 0x00, 0x03, 0xF0, 0x00, 0x00, 0x00, 0x00, 0x00,
    0x02, 0xF4, 0x00, 0x00, 0x00, 0x00, 0x00, 0x00, 0xFC, 0x00, 0x00, 0x00, 0x00, 0x00, 0x00, 0xBD,
    0x00, 0x00, 0x00, 0x00, 0x00, 0x00, 0x7F, 0x00, 0x00, 0x00, 0x00, 0x00, 0x00, 0x3F, 0x40, 0x00,
    0x00, 0x00, 0x00, 0x00, 0x1F, 0xC0, 0x00, 0x00, 0x00, 0x00, 0x00, 0x0F, 0xC0, 0x00, 0x00, 0x00,
    0x00, 0x00, 0x0B, 0xE0, 0x00, 0x00, 0x00, 0x00, 0x00, 0x03, 0xF0, 0x00, 0x00, 0x00, 0x00, 0x00,
    0x02, 0xF4, 0x00, 0x00, 0x00, 0x00, 0x00, 0x00, 0xE0, 0x00, 0x00, 0x00, 0x00, 0x00, 0x00, 0x90,
    0x00, 0x00, 0x00, 0x00, 0x00, 0x00, 0x00, 0x00, 0x00, 0x00, 0x00, 0x00, 0x00, 0x00, 0x00, 0x01,
    0x40, 0x00, 0x00, 0x00, 0x2F, 0x40, 0x00, 0x00, 0x00, 0xFE, 0x00, 0x00, 0x00, 0x03, 0xF8, 0x00,
    0x00, 0x00, 0x1B, 0xE0, 0x00, 0x00, 0x00, 0x00, 0x00, 0x00, 0x00, 0x00, 0x00, 0x00, 0x00, 0x00,
    0x00, 0x00, 0x01, 0xF4, 0x00, 0x0B, 0xD0, 0x2F, 0x00, 0x00, 0xFC, 0x03, 0xF0, 0x00, 0x0F, 0xC0,
    0x3F, 0x00, 0x01, 0xF8, 0x07, 0xE0, 0x00, 0x2F, 0x40, 0xBD, 0x00, 0x03, 0xF0, 0x0B, 0xC0, 0x00,
    0x7F, 0x00, 0xFC, 0x00, 0x0B, 0xE0, 0x0F, 0x80, 0x00, 0xFD, 0x01, 0xF8, 0x00, 0x2F, 0xD0, 0x2F,
    0xC0, 0x0B, 0xFC, 0x02, 0xFF, 0xFF, 0xFF, 0xC0, 0x2F, 0xFF, 0xFF, 0xF8, 0x02, 0xFF, 0xFF, 0xFF,
    0x40, 0x1F, 0xFF, 0xF7, 0xF0, 0x00, 0x7F, 0xF8, 0x7F, 0x00, 0x00, 0x00, 0x00, 0x00, 0x00, 0x00,
    0x00, 0x00, 0x02, 0x80, 0x00, 0x00, 0x00, 0xF0, 0x00, 0x00, 0x00, 0x2E, 0x00, 0x00, 0x00, 0x07,
    0xC0, 0x00, 0x00, 0x00, 0xF4, 0x00, 0x00, 0x00, 0x3F, 0x00, 0x00, 0x00, 0x00, 0x00, 0x00, 0x00,
    0x00, 0x00, 0x00, 0x00, 0x00, 0x00, 0x00, 0x00, 0x00, 0x00, 0x00, 0x00, 0x00, 0x00, 0x00, 0x00,
    0x00, 0x00, 0x00, 0x00, 0x00, 0x00, 0x00, 0x00, 0x00, 0x00, 0x1F, 0x40, 0x00, 0xBD, 0x02, 0xF0,
    0x00, 0x0F, 0xC0, 0x3F, 0x00, 0x00, 0xFC, 0x03, 0xF0, 0x00, 0x1F, 0x80, 0x7E, 0x00, 0x02, 0xF4,
    0x0B, 0xD0, 0x00, 0x3F, 0x00, 0xBC, 0x00, 0x07, 0xF0, 0x0F, 0xC0, 0x00, 0xBE, 0x00, 0xF8, 0x00,
    0x0F, 0xD0, 0x1F, 0x80, 0x02, 0xFD, 0x02, 0xFC, 0x00, 0xBF, 0xC0, 0x2F, 0xFF, 0xFF, 0xFC, 0x02,
    0xFF, 0xFF, 0xFF, 0x80, 0x2F, 0xFF, 0xFF, 0xF4, 0x01, 0xFF, 0xFF, 0x7F, 0x00, 0x07, 0xFF, 0x87,
    0xF0, 0x00, 0x00, 0x00, 0x00, 0x00, 0x00, 0x00, 0x24, 0x00, 0x00, 0x00, 0x0B, 0xD0, 0x00, 0x00,
    0x00, 0xFF, 0x40, 0x00, 0x00, 0x3F, 0x7E, 0x00, 0x00, 0x0B, 0x80, 0x7C, 0x00, 0x01, 0xD0, 0x00,
    0xB4, 0x00, 0x00, 0x00, 0x00, 0x00, 0x1F, 0x40, 0x00, 0xBD, 0x02, 0xF0, 0x00, 0x0F, 0xC0, 0x3F,
    0x00, 0x00, 0xFC, 0x03, 0xF0, 0x00, 0x1F, 0x80, 0x7E, 0x00, 0x02, 0xF4, 0x0B, 0xD0, 0x00, 0x3F,
    0x00, 0xBC, 0x00, 0x07, 0xF0, 0x0F, 0xC0, 0x00, 0xBE, 0x00, 0xF8, 0x00, 0x0F, 0xD0, 0x1F, 0x80,
    0x02, 0xFD, 0x02, 0xFC, 0x00, 0xBF, 0xC0, 0x2F, 0xFF, 0xFF, 0xFC, 0x02, 0xFF, 0xFF, 0xFF, 0x80,
    0x2F, 0xFF, 0xFF, 0xF4, 0x01, 0xFF, 0xFF, 0x7F, 0x00, 0x07, 0xFF, 0x87, 0xF0, 0x00, 0x00, 0x00,
    0x00, 0x00, 0x00, 0x03, 0xF4, 0x03, 0xF4, 0x00, 0x1F, 0xD0, 0x1F, 0xC0, 0x00, 0xFF, 0x00, 0xFF,
    0x00, 0x07, 0xFC, 0x07, 0xFC, 0x00, 0x2F, 0xE0, 0x2F, 0xE0, 0x00, 0x00, 0x00, 0x00, 0x00, 0x00,
    0x00, 0x00, 0x00, 0x00, 0x00, 0x00, 0x00, 0x00, 0x01, 0xF4, 0x00, 0x0B, 0xD0, 0x0B, 0xC0, 0x00,
    0x3F, 0x00, 0x3F, 0x00, 0x00, 0xFC, 0x00, 0xFC, 0x00, 0x07, 0xE0, 0x07, 0xE0, 0x00, 0x2F, 0x40,
    0x2F, 0x40, 0x00, 0xFC, 0x00, 0xBC, 0x00, 0x07, 0xF0, 0x03, 0xF0, 0x00, 0x2F, 0x80, 0x0F, 0x80,
    0x00, 0xFD, 0x00, 0x7E, 0x00, 0x0B, 0xF4, 0x02, 0xFC, 0x00, 0xBF, 0xC0, 0x0B, 0xFF, 0xFF, 0xFF,
    0x00, 0x2F, 0xFF, 0xFF, 0xF8, 0x00, 0xBF, 0xFF, 0xFF, 0xD0, 0x01, 0xFF, 0xFF, 0x7F, 0x00, 0x01,
    0xFF, 0xE1, 0xFC, 0x00, 0x00, 0x00, 0x00, 0x00, 0x00, 0x00, 0x00, 0x00, 0x00, 0x07, 0x80, 0x00,
    0x00, 0x00, 0x01, 0xF0, 0x00, 0x00, 0x00, 0x00, 0x3D, 0x00, 0x00, 0x00, 0x00, 0x0F, 0x80, 0x00,
    0x00, 0x00, 0x02, 0xF0, 0x00, 0x00, 0x00, 0x00, 0x29, 0x00, 0x00, 0x00, 0x00, 0x00, 0x00, 0x00,
    0x00, 0x00, 0x00, 0x00, 0x00, 0x00, 0x00, 0x00, 0x00, 0x00, 0x00, 0x00, 0x00, 0x00, 0x00, 0x00,
    0x00, 0x00, 0x00, 0x00, 0x00, 0x00, 0x00, 0x00, 0x00, 0x00, 0x00, 0x00, 0x00, 0x00, 0x00, 0x00,
    0x00, 0x00, 0x00, 0x00, 0x00, 0x00, 0x00, 0x00, 0x00, 0x00, 0x00, 0x00, 0x00, 0xF8, 0x00, 0x00,
    0xFC, 0x00, 0x0F, 0xC0, 0x00, 0x1F, 0x40, 0x00, 0xBD, 0x00, 0x03, 0xF0, 0x00, 0x0B, 0xE0, 0x00,
    0xBD, 0x00, 0x00, 0x7F, 0x00, 0x0F, 0xC0, 0x00, 0x03, 0xF0, 0x03, 0xF4, 0x00, 0x00, 0x3F, 0x80,
    0x7F, 0x00, 0x00, 0x02, 0xFC, 0x0F, 0xD0, 0x00, 0x00, 0x1F, 0xC2, 0xFC, 0x00, 0x00, 0x00, 0xFE,
    0x3F, 0x40, 0x00, 0x00, 0x0F, 0xFB, 0xF0, 0x00, 0x00, 0x00, 0xBF, 0xFD, 0x00, 0x00, 0x00, 0x07,
    0xFF, 0xC0, 0x00, 0x00, 0x00, 0x3F, 0xF4, 0x00, 0x00, 0x00, 0x03, 0xFF, 0x00, 0x00, 0x00, 0x00,
    0x3F, 0xD0, 0x00, 0x00, 0x00, 0x07, 0xFC, 0x00, 0x00, 0x00, 0x00, 0xFF, 0x40, 0x00, 0x00, 0x00,
    0x7F, 0xF0, 0x00, 0x00, 0x00, 0x7F, 0xFC, 0x00, 0x00, 0x03, 0xFF, 0xFF, 0x00, 0x00, 0x00, 0x3F,
    0xFF, 0x80, 0x00, 0x00, 0x07, 0xFF, 0xD0, 0x00, 0x00, 0x00, 0xBE, 0x40, 0x00, 0x00, 0x00, 0x00,
    0x00, 0x00, 0x00, 0x00, 0x00, 0x00, 0x2F, 0x00, 0x00, 0x00, 0x03, 0xF0, 0x00, 0x00, 0x00, 0x3E,
    0x00, 0x00, 0x00, 0x07, 0xD0, 0x00, 0x00, 0x00, 0xBC, 0x00, 0x00, 0x00, 0x0F, 0xFE, 0x00, 0x00,
    0x00, 0xFF, 0xFD, 0x00, 0x00, 0x1F, 0x47, 0xF8, 0x00, 0x02, 0xF0, 0x0B, 0xD0, 0x00, 0x3E, 0x00,
    0x3F, 0x00, 0x03, 0xD0, 0x01, 0xF0, 0x00, 0x7C, 0x00, 0x0F, 0x00, 0x0B, 0xC0, 0x00, 0xF0, 0x00,
    0xF8, 0x00, 0x2E, 0x00, 0x0F, 0x40, 0x07, 0xC0, 0x01, 0xF0, 0x00, 0xF8, 0x00, 0x2F, 0x00, 0x3F,
    0x00, 0x03, 0xE0, 0x1F, 0xC0, 0x00, 0x3D, 0x0F, 0xF4, 0x00, 0x07, 0xFF, 0xFC, 0x00, 0x00, 0xBF,
    0xFD, 0x00, 0x00, 0x0F, 0xE4, 0x00, 0x00, 0x00, 0xF4, 0x00, 0x00, 0x00, 0x1F, 0x00, 0x00, 0x00,
    0x02, 0xF0, 0x00, 0x00, 0x00, 0x3E, 0x00, 0x00, 0x00, 0x03, 0xD0, 0x00, 0x00, 0x00, 0x7C, 0x00,
    0x00, 0x00, 0x06, 0x80, 0x00, 0x00, 0x00, 0x00, 0x00, 0x02, 0xF0, 0x02, 0xF0, 0x00, 0x00, 0x1F,
    0xC0, 0x1F, 0xC0, 0x00, 0x00, 0xFF, 0x00, 0xFF, 0x00, 0x00, 0x07, 0xFC, 0x07, 0xFC, 0x00, 0x00,
    0x3F, 0xF0, 0x3F, 0xF0, 0x00, 0x00, 0x00, 0x00, 0x00, 0x00, 0x00, 0x00, 0x00, 0x00, 0x00, 0x00,
    0x00, 0x00, 0x00, 0x00, 0x00, 0x00, 0x00, 0x00, 0x00, 0x00, 0x00, 0x00, 0x00, 0x00, 0x00, 0x00,
    0x00, 0x00, 0x00, 0x00, 0x00, 0x00, 0x00, 0x03, 0xE0, 0x00, 0x03, 0xF0, 0x00, 0x0F, 0xC0, 0x00,
    0x1F, 0x40, 0x00, 0x2F, 0x40, 0x00, 0xFC, 0x00, 0x00, 0xBE, 0x00, 0x0B, 0xD0, 0x00, 0x01, 0xFC,
    0x00, 0x3F, 0x00, 0x00, 0x03, 0xF0, 0x03, 0xF4, 0x00, 0x00, 0x0F, 0xE0, 0x1F, 0xC0, 0x00, 0x00,
    0x2F, 0xC0, 0xFD, 0x00, 0x00, 0x00, 0x7F, 0x0B, 0xF0, 0x00, 0x00, 0x00, 0xFE, 0x3F, 0x40, 0x00,
    0x00, 0x03, 0xFE, 0xFC, 0x00, 0x00, 0x00, 0x0B, 0xFF, 0xD0, 0x00, 0x00, 0x00, 0x1F, 0xFF, 0x00,
    0x00, 0x00, 0x00, 0x3F, 0xF4, 0x00, 0x00, 0x00, 0x00, 0xFF, 0xC0, 0x00, 0x00, 0x00, 0x03, 0xFD,
    0x00, 0x00, 0x00, 0x00, 0x1F, 0xF0, 0x00, 0x00, 0x00, 0x00, 0xFF, 0x40, 0x00, 0x00, 0x00, 0x1F,
    0xFC, 0x00, 0x00, 0x00, 0x07, 0xFF, 0xC0, 0x00, 0x00, 0x0F, 0xFF, 0xFC, 0x00, 0x00, 0x00, 0x3F,
    0xFF, 0x80, 0x00, 0x00, 0x01, 0xFF, 0xF4, 0x00, 0x00, 0x00, 0x0B, 0xE4, 0x00, 0x00, 0x00, 0x00,
    0x00, 0x00, 0x00, 0x00, 0x00, 0x00, 0x05, 0x50, 0x00, 0x00, 0x00, 0xFF, 0xFF, 0xFE, 0x00, 0x00,
    0x00, 0x3F, 0xFF, 0xFF, 0xE0, 0x00, 0x00, 0x00, 0x00, 0x00, 0x00, 0x00, 0x00, 0x00, 0x00, 0x00,
    0x00, 0x00, 0x00, 0x00, 0x00, 0x00, 0x00, 0x00, 0x00, 0x00, 0x00, 0x00, 0x00, 0x00, 0x00, 0x00,
    0x00, 0x00, 0x0F, 0xE0, 0x00, 0x00, 0x00, 0x00, 0x02, 0xFE, 0x00, 0x00, 0x00, 0x00, 0x00, 0x3F,
    0xF0, 0x00, 0x00, 0x00, 0x00, 0x0F, 0xFF, 0x00, 0x00, 0x00, 0x00, 0x01, 0xFB, 0xF0, 0x00, 0x00,
    0x00, 0x00, 0x3F, 0x3F, 0x00, 0x00, 0x00, 0x00, 0x0F, 0xD3, 0xF4, 0x00, 0x00, 0x00, 0x01, 0xFC,
    0x3F, 0x40, 0x00, 0x00, 0x00, 0x3F, 0x03, 0xF4, 0x00, 0x00, 0x00, 0x0B, 0xE0, 0x2F, 0x80, 0x00,
    0x00, 0x01, 0xFC, 0x02, 0xF8, 0x00, 0x00, 0x00, 0x3F, 0x40, 0x2F, 0xC0, 0x00, 0x00, 0x0B, 0xF0,
    0x02, 0xFC, 0x00, 0x00, 0x01, 0xFC, 0x00, 0x1F, 0xC0, 0x00, 0x00, 0x3F, 0x80, 0x01, 0xFC, 0x00,
    0x00, 0x0B, 0xF0, 0x00, 0x1F, 0xD0, 0x00, 0x00, 0xFD, 0x00, 0x00, 0xFD, 0x00, 0x00, 0x3F, 0xFF,
    0xFF, 0xFF, 0xE0, 0x00, 0x0B, 0xFF, 0xFF, 0xFF, 0xFE, 0x00, 0x00, 0xFF, 0xFF, 0xFF, 0xFF, 0xE0,
    0x00, 0x3F, 0xFF, 0xFF, 0xFF, 0xFF, 0x00, 0x07, 0xF8, 0x00, 0x00, 0x0F, 0xF0, 0x00, 0xFF, 0x00,
    0x00, 0x00, 0xFF, 0x00, 0x2F, 0xE0, 0x00, 0x00, 0x0F, 0xF0, 0x07, 0xFC, 0x00, 0x00, 0x01, 0xFF,
    0x40, 0x00, 0x00, 0x00, 0x01, 0x54, 0x00, 0x02, 0xFF, 0xFF, 0xFC, 0x00, 0x0B, 0xFF, 0xFF, 0xFC,
    0x00, 0x00, 0x00, 0x00, 0x00, 0x00, 0x00, 0x00, 0x00, 0x00, 0x00, 0x00, 0x2F, 0xE0, 0x00, 0x00,
    0x02, 0xFF, 0xFD, 0xF0, 0x00, 0x0F, 0xFF, 0xFF, 0xE0, 0x00, 0x3F, 0xD0, 0x2F, 0xE0, 0x00, 0x7F,
    0x00, 0x0F, 0xD0, 0x00, 0xF8, 0x00, 0x0F, 0xC0, 0x02, 0xF0, 0x00, 0x0F, 0xC0, 0x03, 0xD0, 0x00,
    0x0F, 0xC0, 0x07, 0xC0, 0x00, 0x1F, 0x80, 0x0F, 0x80, 0x00, 0x3F, 0x80, 0x0F, 0x40, 0x00, 0xBF,
    0x40, 0x0F, 0x80, 0x03, 0xFF, 0x00, 0x0F, 0xF5, 0xAF, 0xFF, 0x00, 0x0F, 0xFF, 0xFF, 0xFF, 0x00,
    0x0B, 0xFF, 0xFF, 0xFE, 0x00, 0x03, 0xFF, 0xFE, 0x7E, 0x00, 0x00, 0xBF, 0xE4, 0x7D, 0x00, 0x00,
    0x00, 0x00, 0x0A, 0x00, 0x00, 0x90, 0x00, 0x00, 0x00, 0xF0, 0x00, 0x2C, 0x00, 0x00, 0x00, 0x0F,
    0x80, 0x0B, 0xC0, 0x00, 0x00, 0x00, 0xBF, 0xFF, 0xF0, 0x00, 0x00, 0x00, 0x03, 0xFF, 0xFC, 0x00,
    0x00, 0x00, 0x00, 0x0B, 0xF9, 0x00, 0x00, 0x00, 0x00, 0x00, 0x00, 0x00, 0x00, 0x00, 0x00, 0x00,
    0x00, 0x00, 0x00, 0x00, 0x00, 0x00, 0x00, 0x00, 0x00, 0x00, 0x00, 0x00, 0x00, 0x00, 0x00, 0x00,
    0x00, 0x00, 0x00, 0x00, 0x00, 0x00, 0x00, 0x00, 0x00, 0x00, 0x0F, 0xE0, 0x00, 0x00, 0x00, 0x00,
    0x02, 0xFE, 0x00, 0x00, 0x00, 0x00, 0x00, 0x3F, 0xF0, 0x00, 0x00, 0x00, 0x00, 0x0F, 0xFF, 0x00,
    0x00, 0x00, 0x00, 0x01, 0xFB, 0xF0, 0x00, 0x00, 0x00, 0x00, 0x3F, 0x3F, 0x00, 0x00, 0x00, 0x00,
    0x0F, 0xD3, 0xF4, 0x00, 0x00, 0x00, 0x01, 0xFC, 0x3F, 0x40, 0x00, 0x00, 0x00, 0x3F, 0x03, 0xF4,
    0x00, 0x00, 0x00, 0x0B, 0xE0, 0x2F, 0x80, 0x00, 0x00, 0x01, 0xFC, 0x02, 0xF8, 0x00, 0x00, 0x00,
    0x3F, 0x40, 0x2F, 0xC0, 0x00, 0x00, 0x0B, 0xF0, 0x02, 0xFC, 0x00, 0x00, 0x01, 0xFC, 0x00, 0x1F,
    0xC0, 0x00, 0x00, 0x3F, 0x80, 0x01, 0xFC, 0x00, 0x00, 0x0B, 0xF0, 0x00, 0x1F, 0xD0, 0x00, 0x00,
    0xFD, 0x00, 0x00, 0xFD, 0x00, 0x00, 0x3F, 0xFF, 0xFF, 0xFF, 0xE0, 0x00, 0x0B, 0xFF, 0xFF, 0xFF,
    0xFE, 0x00, 0x00, 0xFF, 0xFF, 0xFF, 0xFF, 0xE0, 0x00, 0x3F, 0xFF, 0xFF, 0xFF, 0xFF, 0x00, 0x07,
    0xF8, 0x00, 0x00, 0x0F, 0xF0, 0x00, 0xFF, 0x00, 0x00, 0x00, 0xFF, 0x00, 0x2F, 0xE0, 0x00, 0x00,
    0x0F, 0xF0, 0x07, 0xFC, 0x00, 0x00, 0x01, 0xFF, 0x40, 0x00, 0x01, 0x90, 0x00, 0x28, 0x00, 0x02,
    0xD0, 0x00, 0x78, 0x00, 0x02, 0xF0, 0x01, 0xF0, 0x00, 0x00, 0xFF, 0xFF, 0xD0, 0x00, 0x00, 0xBF,
    0xFF, 0x40, 0x00, 0x00, 0x1B, 0xE4, 0x00, 0x00, 0x00, 0x00, 0x00, 0x00, 0x00, 0x00, 0x00, 0x00,
    0x00, 0x00, 0x00, 0x00, 0x00, 0x00, 0x00, 0x00, 0x2F, 0xE0, 0x00, 0x00, 0x02, 0xFF, 0xFD, 0xF0,
    0x00, 0x0F, 0xFF, 0xFF, 0xE0, 0x00, 0x3F, 0xD0, 0x2F, 0xE0, 0x00, 0x7F, 0x00, 0x0F, 0xD0, 0x00,
    0xF8, 0x00, 0x0F, 0xC0, 0x02, 0xF0, 0x00, 0x0F, 0xC0, 0x03, 0xD0, 0x00, 0x0F, 0xC0, 0x07, 0xC0,
    0x00, 0x1F, 0x80, 0x0F, 0x80, 0x00, 0x3F, 0x80, 0x0F, 0x40, 0x00, 0xBF, 0x40, 0x0F, 0x80, 0x03,
    0xFF, 0x00, 0x0F, 0xF5, 0xAF, 0xFF, 0x00, 0x0F, 0xFF, 0xFF, 0xFF, 0x00, 0x0B, 0xFF, 0xFF, 0xFE,
    0x00, 0x03, 0xFF, 0xFE, 0x7E, 0x00, 0x00, 0xBF, 0xE4, 0x7D, 0x00, 0x00, 0x00, 0x00, 0x00, 0xFE,
    0x00, 0x00, 0x00, 0x00, 0x0B, 0xF8, 0x00, 0x00, 0x00, 0x00, 0x3F, 0xF0, 0x00, 0x00, 0x00, 0x03,
    0xFF, 0xC0, 0x00, 0x00, 0x00, 0x1F, 0xBF, 0x00, 0x00, 0x00, 0x00, 0xFC, 0xFC, 0x00, 0x00, 0x00,
    0x0F, 0xD3, 0xF4, 0x00, 0x00, 0x00, 0x7F, 0x0F, 0xD0, 0x00, 0x00, 0x03, 0xF0, 0x3F, 0x40, 0x00,
    0x00, 0x2F, 0x80, 0xBE, 0x00, 0x00, 0x01, 0xFC, 0x02, 0xF8, 0x00, 0x00, 0x0F, 0xD0, 0x0B, 0xF0,
    0x00, 0x00, 0xBF, 0x00, 0x2F, 0xC0, 0x00, 0x07, 0xF0, 0x00, 0x7F, 0x00, 0x00, 0x3F, 0x80, 0x01,
    0xFC, 0x00, 0x02, 0xFC, 0x00, 0x07, 0xF4, 0x00, 0x0F, 0xD0, 0x00, 0x0F, 0xD0, 0x00, 0xFF, 0xFF,
    0xFF, 0xFF, 0x80, 0x0B, 0xFF, 0xFF, 0xFF, 0xFE, 0x00, 0x3F, 0xFF, 0xFF, 0xFF, 0xF8, 0x03, 0xFF,
    0xFF, 0xFF, 0xFF, 0xF0, 0x1F, 0xE0, 0x00, 0x00, 0x3F, 0xC0, 0xFF, 0x00, 0x00, 0x00, 0xFF, 0x0B,
    0xF8, 0x00, 0x00, 0x03, 0xFC, 0x7F, 0xC0, 0x00, 0x00, 0x1F, 0xF4, 0x00, 0x00, 0x00, 0x00, 0xB4,
    0x00, 0x00, 0x00, 0x00, 0x0F, 0x00, 0x00, 0x00, 0x00, 0x00, 0xF0, 0x00, 0x00, 0x00, 0x00, 0x07,
    0x00, 0x00, 0x00, 0x00, 0x00, 0x1F, 0xF0, 0x00, 0x00, 0x00, 0x00, 0x1B, 0xC0, 0x00, 0x00, 0x00,
    0x00, 0x00, 0x00, 0x00, 0x00, 0x00, 0x00, 0x00, 0x00, 0x02, 0xFE, 0x00, 0x00, 0x02, 0xFF, 0xFD,
    0xF0, 0x00, 0xFF, 0xFF, 0xFE, 0x00, 0x3F, 0xD0, 0x2F, 0xE0, 0x07, 0xF0, 0x00, 0xFD, 0x00, 0xF8,
    0x00, 0x0F, 0xC0, 0x2F, 0x00, 0x00, 0xFC, 0x03, 0xD0, 0x00, 0x0F, 0xC0, 0x7C, 0x00, 0x01, 0xF8,
    0x0F, 0x80, 0x00, 0x3F, 0x80, 0xF4, 0x00, 0x0B, 0xF4, 0x0F, 0x80, 0x03, 0xFF, 0x00, 0xFF, 0x5A,
    0xFF, 0xF0, 0x0F, 0xFF, 0xFF, 0xFF, 0x00, 0xBF, 0xFF, 0xFF, 0xE0, 0x03, 0xFF, 0xFE, 0x7E, 0x00,
    0x0B, 0xFE, 0x6F, 0xD0, 0x00, 0x00, 0x0B, 0xC0, 0x00, 0x00, 0x00, 0xE0, 0x00, 0x00, 0x00, 0x1D,
    0x00, 0x00, 0x00, 0x00, 0xFF, 0x40, 0x00, 0x00, 0x02, 0xF0, 0x00, 0x00, 0x00, 0x00, 0x00, 0x00,
    0x78, 0x00, 0x00, 0x00, 0x00, 0x00, 0x3C, 0x00, 0x00, 0x00, 0x00, 0x00, 0x3E, 0x00, 0x00, 0x00,
    0x00, 0x00, 0x2F, 0x00, 0x00, 0x00, 0x00, 0x00, 0x1F, 0x40, 0x00, 0x00, 0x00, 0x00, 0x0A, 0x80,
    0x00, 0x00, 0x00, 0x00, 0x00, 0x00, 0x00, 0x00, 0x00, 0x00, 0x00, 0x00, 0x00, 0x00, 0x00, 0x00,
    0x00, 0x00, 0x00, 0x00, 0x00, 0x00, 0x00, 0x00, 0x00, 0x00, 0x00, 0x00, 0x00, 0x00, 0x00, 0x00,
    0x00, 0x00, 0x00, 0x00, 0x00, 0x00, 0x00, 0x00, 0x00, 0x00, 0x00, 0x00, 0x00, 0x00, 0x00, 0x00,
    0x1B, 0xFF, 0x90, 0x00, 0x00, 0x01, 0xFF, 0xFF, 0xF8, 0x00, 0x00, 0x07, 0xFF, 0xFF, 0xFC, 0x00,
    0x00, 0x0B, 0xFF, 0x95, 0x5A, 0x00, 0x00, 0x0F, 0xFE, 0x00, 0x00, 0x00, 0x00, 0x0F, 0xFC, 0x00,
    0x00, 0x00, 0x00, 0x0F, 0xFC, 0x00, 0x00, 0x00, 0x00, 0x0B, 0xF8, 0x00, 0x00, 0x00, 0x00, 0x07,
    0xFC, 0x00, 0x00, 0x00, 0x00, 0x03, 0xFC, 0x00, 0x00, 0x00, 0x00, 0x01, 0xFE, 0x00, 0x00, 0x00,
    0x00, 0x00, 0xFF, 0x00, 0x00, 0x00, 0x00, 0x00, 0x7F, 0x80, 0x00, 0x00, 0x00, 0x00, 0x2F, 0xD0,
    0x00, 0x00, 0x00, 0x00, 0x0F, 0xF4, 0x00, 0x00, 0x00, 0x00, 0x03, 0xFE, 0x00, 0x00, 0x00, 0x00,
    0x01, 0xFF, 0xC0, 0x00, 0x00, 0x00, 0x00, 0x7F, 0xFC, 0x00, 0x00, 0x10, 0x00, 0x1F, 0xFF, 0xF9,
    0x56, 0xFC, 0x00, 0x07, 0xFF, 0xFF, 0xFF, 0xFE, 0x00, 0x00, 0xFF, 0xFF, 0xFF, 0xFF, 0x40, 0x00,
    0x2F, 0xFF, 0xFF, 0xFF, 0xC0, 0x00, 0x03, 0xFF, 0xFF, 0xFF, 0xF0, 0x00, 0x00, 0x7F, 0xFF, 0xFF,
    0xF8, 0x00, 0x00, 0x02, 0xFF, 0xFF, 0xE8, 0x00, 0x00, 0x00, 0x00, 0x00, 0x00, 0x00, 0x00, 0x00,
    0x00, 0x00, 0x0A, 0x00, 0x00, 0x00, 0x0B, 0x80, 0x00, 0x00, 0x07, 0xC0, 0x00, 0x00, 0x03, 0xD0,
    0x00, 0x00, 0x03, 0xE0, 0x00, 0x00, 0x02, 0xF0, 0x00, 0x00, 0x00, 0x00, 0x00, 0x00, 0x00, 0x00,
    0x00, 0x00, 0x00, 0x00, 0x00, 0x00, 0x00, 0x00, 0x00, 0x00, 0x00, 0x00, 0x00, 0x00, 0x00, 0x06,
    0xFF, 0x80, 0x00, 0x1F, 0xFF, 0xF0, 0x00, 0x2F, 0xF9, 0x68, 0x00, 0x1F, 0xE0, 0x00, 0x00, 0x0F,
    0xD0, 0x00, 0x00, 0x0B, 0xE0, 0x00, 0x00, 0x03, 0xF0, 0x00, 0x00, 0x01, 0xF8, 0x00, 0x00, 0x00,
    0xBD, 0x00, 0x00, 0x00, 0x3F, 0x40, 0x00, 0x00, 0x0F, 0xD0, 0x00, 0x00, 0x03, 0xFC, 0x00, 0x00,
    0x00, 0xFF, 0xE5, 0xA0, 0x00, 0x1F, 0xFF, 0xFD, 0x00, 0x02, 0xFF, 0xFF, 0xC0, 0x00, 0x0B, 0xFF,
    0xD0, 0x00, 0x00, 0x00, 0x00, 0x00, 0x00, 0x00, 0x00, 0x00, 0x18, 0x00, 0x00, 0x00, 0x00, 0x00,
    0x03, 0xF0, 0x00, 0x00, 0x00, 0x00, 0x00, 0xBF, 0xC0, 0x00, 0x00, 0x00, 0x00, 0x1F, 0x6F, 0x40,
    0x00, 0x00, 0x00, 0x03, 0xC0, 0x2D, 0x00, 0x00, 0x00, 0x00, 0xF0, 0x00, 0x78, 0x00, 0x00, 0x00,
    0x00, 0x00, 0x00, 0x00, 0x00, 0x00, 0x00, 0x00, 0x00, 0x00, 0x00, 0x00, 0x00, 0x00, 0x00, 0x00,
    0x00, 0x00, 0x00, 0x00, 0x00, 0x00, 0x00, 0x00, 0x00, 0x00, 0x00, 0x00, 0x00, 0x00, 0x00, 0x00,
    0x00, 0x06, 0xFF, 0xE4, 0x00, 0x00, 0x00, 0x1F, 0xFF, 0xFF, 0x80, 0x00, 0x00, 0x1F, 0xFF, 0xFF,
    0xF0, 0x00, 0x00, 0x0B, 0xFF, 0x95, 0x5A, 0x00, 0x00, 0x03, 0xFF, 0x80, 0x00, 0x00, 0x00, 0x00,
    0xFF, 0xC0, 0x00, 0x00, 0x00, 0x00, 0x3F, 0xF0, 0x00, 0x00, 0x00, 0x00, 0x0B, 0xF8, 0x00, 0x00,
    0x00, 0x00, 0x01, 0xFF, 0x00, 0x00, 0x00, 0x00, 0x00, 0x3F, 0xC0, 0x00, 0x00, 0x00, 0x00, 0x07,
    0xF8, 0x00, 0x00, 0x00, 0x00, 0x00, 0xFF, 0x00, 0x00, 0x00, 0x00, 0x00, 0x1F, 0xE0, 0x00, 0x00,
    0x00, 0x00, 0x02, 0xFD, 0x00, 0x00, 0x00, 0x00, 0x00, 0x3F, 0xD0, 0x00, 0x00, 0x00, 0x00, 0x03,
    0xFE, 0x00, 0x00, 0x00, 0x00, 0x00, 0x7F, 0xF0, 0x00, 0x00, 0x00, 0x00, 0x07, 0xFF, 0xC0, 0x00,
    0x01, 0x00, 0x00, 0x7F, 0xFF, 0xE5, 0x5B, 0xF0, 0x00, 0x07, 0xFF, 0xFF, 0xFF, 0xFE, 0x00, 0x00,
    0x3F, 0xFF, 0xFF, 0xFF, 0xD0, 0x00, 0x02, 0xFF, 0xFF, 0xFF, 0xFC, 0x00, 0x00, 0x0F, 0xFF, 0xFF,
    0xFF, 0xC0, 0x00, 0x00, 0x7F, 0xFF, 0xFF, 0xF8, 0x00, 0x00, 0x00, 0xBF, 0xFF, 0xFA, 0x00, 0x00,
    0x00, 0x00, 0x00, 0x00, 0x00, 0x00, 0x00, 0x00, 0x00, 0x07, 0x80, 0x00, 0x00, 0x00, 0x3F, 0x40,
    0x00, 0x00, 0x02, 0xFF, 0x80, 0x00, 0x00, 0x1F, 0x4B, 0x80, 0x00, 0x00, 0xF0, 0x03, 0xC0, 0x00,
    0x06, 0x00, 0x01, 0x80, 0x00, 0x00, 0x00, 0x00, 0x00, 0x00, 0x00, 0x00, 0x00, 0x00, 0x01, 0xBF,
    0xE0, 0x00, 0x00, 0x7F, 0xFF, 0xC0, 0x00, 0x0B, 0xFE, 0x5A, 0x00, 0x00, 0x7F, 0x80, 0x00, 0x00,
    0x03, 0xF4, 0x00, 0x00, 0x00, 0x2F, 0x80, 0x00, 0x00, 0x00, 0xFC, 0x00, 0x00, 0x00, 0x07, 0xE0,
    0x00, 0x00, 0x00, 0x2F, 0x40, 0x00, 0x00, 0x00, 0xFD, 0x00, 0x00, 0x00, 0x03, 0xF4, 0x00, 0x00,
    0x00, 0x0F, 0xF0, 0x00, 0x00, 0x00, 0x3F, 0xF9, 0x68, 0x00, 0x00, 0x7F, 0xFF, 0xF4, 0x00, 0x00,
    0xBF, 0xFF, 0xF0, 0x00, 0x00, 0x2F, 0xFF, 0x40, 0x00, 0x00, 0x00, 0x00, 0x00, 0x00, 0x00, 0x00,
    0x00, 0x00, 0x1F, 0xC0, 0x00, 0x00, 0x00, 0x00, 0x0B, 0xF0, 0x00, 0x00, 0x00, 0x00, 0x03, 0xFC,
    0x00, 0x00, 0x00, 0x00, 0x02, 0xFE, 0x00, 0x00, 0x00, 0x00, 0x00, 0xFF, 0x40, 0x00, 0x00, 0x00,
    0x00, 0x00, 0x00, 0x00, 0x00, 0x00, 0x00, 0x00, 0x00, 0x00, 0x00, 0x00, 0x00, 0x00, 0x00, 0x00,
    0x00, 0x00, 0x00, 0x00, 0x00, 0x00, 0x00, 0x00, 0x00, 0x00, 0x00, 0x00, 0x00, 0x00, 0x00, 0x00,
    0x00, 0x00, 0x00, 0x00, 0x00, 0x00, 0x01, 0xBF, 0xF9, 0x00, 0x00, 0x00, 0x1F, 0xFF, 0xFF, 0x80,
    0x00, 0x00, 0x7F, 0xFF, 0xFF, 0xC0, 0x00, 0x00, 0xBF, 0xF9, 0x55, 0xA0, 0x00, 0x00, 0xFF, 0xE0,
    0x00, 0x00, 0x00, 0x00, 0xFF, 0xC0, 0x00, 0x00, 0x00, 0x00, 0xFF, 0xC0, 0x00, 0x00, 0x00, 0x00,
    0xBF, 0x80, 0x00, 0x00, 0x00, 0x00, 0x7F, 0xC0, 0x00, 0x00, 0x00, 0x00, 0x3F, 0xC0, 0x00, 0x00,
    0x00, 0x00, 0x1F, 0xE0, 0x00, 0x00, 0x00, 0x00, 0x0F, 0xF0, 0x00, 0x00, 0x00, 0x00, 0x07, 0xF8,
    0x00, 0x00, 0x00, 0x00, 0x02, 0xFD, 0x00, 0x00, 0x00, 0x00, 0x00, 0xFF, 0x40, 0x00, 0x00, 0x00,
    0x00, 0x3F, 0xE0, 0x00, 0x00, 0x00, 0x00, 0x1F, 0xFC, 0x00, 0x00, 0x00, 0x00, 0x07, 0xFF, 0xC0,
    0x00, 0x01, 0x00, 0x01, 0xFF, 0xFF, 0x95, 0x6F, 0xC0, 0x00, 0x7F, 0xFF, 0xFF, 0xFF, 0xE0, 0x00,
    0x0F, 0xFF, 0xFF, 0xFF, 0xF4, 0x00, 0x02, 0xFF, 0xFF, 0xFF, 0xFC, 0x00, 0x00, 0x3F, 0xFF, 0xFF,
    0xFF, 0x00, 0x00, 0x07, 0xFF, 0xFF, 0xFF, 0x80, 0x00, 0x00, 0x2F, 0xFF, 0xFE, 0x80, 0x00, 0x00,
    0x00, 0x00, 0x00, 0x00, 0x00, 0x00, 0x00, 0x00, 0x02, 0xF0, 0x00, 0x00, 0x1F, 0xC0, 0x00, 0x00,
    0xFF, 0x00, 0x00, 0x07, 0xFC, 0x00, 0x00, 0x3F, 0xF0, 0x00, 0x00, 0x00, 0x00, 0x00, 0x00, 0x00,
    0x00, 0x00, 0x00, 0x00, 0x00, 0x00, 0x00, 0x00, 0x00, 0x06, 0xFF, 0x80, 0x01, 0xFF, 0xFF, 0x00,
    0x2F, 0xF9, 0x68, 0x01, 0xFE, 0x00, 0x00, 0x0F, 0xD0, 0x00, 0x00, 0xBE, 0x00, 0x00, 0x03, 0xF0,
    0x00, 0x00, 0x1F, 0x80, 0x00, 0x00, 0xBD, 0x00, 0x00, 0x03, 0xF4, 0x00, 0x00, 0x0F, 0xD0, 0x00,
    0x00, 0x3F, 0xC0, 0x00, 0x00, 0xFF, 0xE5, 0xA0, 0x01, 0xFF, 0xFF, 0xD0, 0x02, 0xFF, 0xFF, 0xC0,
    0x00, 0xBF, 0xFD, 0x00, 0x00, 0x00, 0x00, 0x00, 0x00, 0x00, 0x00, 0x50, 0x00, 0x08, 0x00, 0x00,
    0x00, 0x0F, 0x00, 0x2D, 0x00, 0x00, 0x00, 0x01, 0xF0, 0x7C, 0x00, 0x00, 0x00, 0x00, 0x2F, 0xFC,
    0x00, 0x00, 0x00, 0x00, 0x03, 0xF8, 0x00, 0x00, 0x00, 0x00, 0x00, 0x7C, 0x00, 0x00, 0x00, 0x00,
    0x00, 0x00, 0x00, 0x00, 0x00, 0x00, 0x00, 0x00, 0x00, 0x00, 0x00, 0x00, 0x00, 0x00, 0x00, 0x00,
    0x00, 0x00, 0x00, 0x00, 0x00, 0x00, 0x00, 0x00, 0x00, 0x00, 0x00, 0x00, 0x00, 0x00, 0x00, 0x00,
    0x00, 0x00, 0x00, 0x00, 0x00, 0x00, 0x00, 0x00, 0x00, 0x00, 0x00, 0x00, 0x00, 0x1B, 0xFF, 0x90,
    0x00, 0x00, 0x01, 0xFF, 0xFF, 0xF8, 0x00, 0x00, 0x07, 0xFF, 0xFF, 0xFC, 0x00, 0x00, 0x0B, 0xFF,
    0x95, 0x5A, 0x00, 0x00, 0x0F, 0xFE, 0x00, 0x00, 0x00, 0x00, 0x0F, 0xFC, 0x00, 0x00, 0x00, 0x00,
    0x0F, 0xFC, 0x00, 0x00, 0x00, 0x00, 0x0B, 0xF8, 0x00, 0x00, 0x00, 0x00, 0x07, 0xFC, 0x00, 0x00,
    0x00, 0x00, 0x03, 0xFC, 0x00, 0x00, 0x00, 0x00, 0x01, 0xFE, 0x00, 0x00, 0x00, 0x00, 0x00, 0xFF,
    0x00, 0x00, 0x00, 0x00, 0x00, 0x7F, 0x80, 0x00, 0x00, 0x00, 0x00, 0x2F, 0xD0, 0x00, 0x00, 0x00,
    0x00, 0x0F, 0xF4, 0x00, 0x00, 0x00, 0x00, 0x03, 0xFE, 0x00, 0x00, 0x00, 0x00, 0x01, 0xFF, 0xC0,
    0x00, 0x00, 0x00, 0x00, 0x7F, 0xFC, 0x00, 0x00, 0x10, 0x00, 0x1F, 0xFF, 0xF9, 0x56, 0xFC, 0x00,
    0x07, 0xFF, 0xFF, 0xFF, 0xFE, 0x00, 0x00, 0xFF, 0xFF, 0xFF, 0xFF, 0x40, 0x00, 0x2F, 0xFF, 0xFF,
    0xFF, 0xC0, 0x00, 0x03, 0xFF, 0xFF, 0xFF, 0xF0, 0x00, 0x00, 0x7F, 0xFF, 0xFF, 0xF8, 0x00, 0x00,
    0x02, 0xFF, 0xFF, 0xE8, 0x00, 0x00, 0x00, 0x00, 0x00, 0x00, 0x00, 0x00, 0x00, 0x0D, 0x00, 0x07,
    0x40, 0x02, 0xE0, 0x1F, 0x00, 0x00, 0x3F, 0x2E, 0x00, 0x00, 0x03, 0xFE, 0x00, 0x00, 0x00, 0x7E,
    0x00, 0x00, 0x00, 0x0A, 0x00, 0x00, 0x00, 0x00, 0x00, 0x00, 0x00, 0x00, 0x00, 0x00, 0x00, 0x00,
    0x00, 0x00, 0x00, 0x00, 0x00, 0x00, 0x00, 0x00, 0x1B, 0xFE, 0x00, 0x00, 0x7F, 0xFF, 0xC0, 0x00,
    0xBF, 0xE5, 0xA0, 0x00, 0x7F, 0x80, 0x00, 0x00, 0x3F, 0x40, 0x00, 0x00, 0x2F, 0x80, 0x00, 0x00,
    0x0F, 0xC0, 0x00, 0x00, 0x07, 0xE0, 0x00, 0x00, 0x02, 0xF4, 0x00, 0x00, 0x00, 0xFD, 0x00, 0x00,
    0x00, 0x3F, 0x40, 0x00, 0x00, 0x0F, 0xF0, 0x00, 0x00, 0x03, 0xFF, 0x96, 0x80, 0x00, 0x7F, 0xFF,
    0xF4, 0x00, 0x0B, 0xFF, 0xFF, 0x00, 0x00, 0x2F, 0xFF, 0x40, 0x00, 0x00, 0x00, 0x00, 0x00, 0x00,
    0x00, 0x00, 0x00, 0x00, 0x00, 0x00, 0x00, 0x00, 0xB4, 0x00, 0x78, 0x00, 0x00, 0x00, 0x0F, 0x40,
    0xF4, 0x00, 0x00, 0x00, 0x00, 0xFA, 0xF0, 0x00, 0x00, 0x00, 0x00, 0x1F, 0xE0, 0x00, 0x00, 0x00,
    0x00, 0x03, 0xF0, 0x00, 0x00, 0x00, 0x00, 0x00, 0x60, 0x00, 0x00, 0x00, 0x00, 0x00, 0x00, 0x00,
    0x00, 0x00, 0x00, 0x00, 0x00, 0x00, 0x00, 0x00, 0x00, 0x00, 0x00, 0x00, 0x00, 0x00, 0x00, 0x00,
    0x00, 0x00, 0x00, 0x00, 0x00, 0x0F, 0xFF, 0xFA, 0x40, 0x00, 0x00, 0x07, 0xFF, 0xFF, 0xFE, 0x00,
    0x00, 0x02, 0xFF, 0xFF, 0xFF, 0xF0, 0x00, 0x00, 0xFF, 0xFF, 0xFF, 0xFF, 0x00, 0x00, 0x7F, 0x00,
    0x01, 0xFF, 0xE0, 0x00, 0x2F, 0xC0, 0x00, 0x0B, 0xFC, 0x00, 0x0F, 0xE0, 0x00, 0x00, 0xBF, 0x80,
    0x03, 0xF4, 0x00, 0x00, 0x0F, 0xF0, 0x01, 0xFC, 0x00, 0x00, 0x03, 0xFC, 0x00, 0xBF, 0x00, 0x00,
    0x00, 0xFF, 0x00, 0x3F, 0x80, 0x00, 0x00, 0x3F, 0xC0, 0x0F, 0xD0, 0x00, 0x00, 0x0F, 0xF0, 0x07,
    0xF0, 0x00, 0x00, 0x03, 0xFC, 0x02, 0xFC, 0x00, 0x00, 0x01, 0xFF, 0x00, 0xFE, 0x00, 0x00, 0x00,
    0xBF, 0x80, 0x3F, 0x40, 0x00, 0x00, 0x3F, 0xD0, 0x1F, 0xC0, 0x00, 0x00, 0x3F, 0xF0, 0x0B, 0xF0,
    0x00, 0x00, 0x7F, 0xF8, 0x03, 0xF9, 0x55, 0x5B, 0xFF, 0xFC, 0x00, 0xFF, 0xFF, 0xFF, 0xFF, 0xFD,
    0x00, 0x7F, 0xFF, 0xFF, 0xFF, 0xFE, 0x00, 0x3F, 0xFF, 0xFF, 0xFF, 0xFE, 0x00, 0x0F, 0xFF, 0xFF,
    0xFF, 0xFD, 0x00, 0x07, 0xFF, 0xFF, 0xFF, 0xF4, 0x00, 0x02, 0xFF, 0xFF, 0xFA, 0x40, 0x00, 0x00,
    0x00, 0x00, 0x00, 0x00, 0x00, 0xF4, 0x00, 0x00, 0x00, 0x00, 0x00, 0x01, 0xF0, 0x00, 0x00, 0x00,
    0x00, 0x00, 0x03, 0xF0, 0x3E, 0x00, 0x00, 0x00, 0x00, 0x03, 0xE0, 0x3C, 0x00, 0x00, 0x00, 0x00,
    0x07, 0xC0, 0xBC, 0x00, 0x00, 0x00, 0x00, 0x0F, 0xC0, 0xF8, 0x00, 0x00, 0x00, 0x00, 0x0F, 0x81,
    0xF4, 0x00, 0x00, 0x00, 0x00, 0x1F, 0x42, 0xF0, 0x00, 0x00, 0x1F, 0xF4, 0x2F, 0x02, 0x90, 0x00,
    0x00, 0xFF, 0xFE, 0x3E, 0x00, 0x00, 0x00, 0x07, 0xFF, 0xFF, 0xBD, 0x00, 0x00, 0x00, 0x1F, 0xD0,
    0x2F, 0xFC, 0x00, 0x00, 0x00, 0x3E, 0x00, 0x0F, 0xFC, 0x00, 0x00, 0x00, 0xFC, 0x00, 0x0F, 0xF4,
    0x00, 0x00, 0x02, 0xF0, 0x00, 0x0F, 0xF0, 0x00, 0x00, 0x03, 0xE0, 0x00, 0x0F, 0xF0, 0x00, 0x00,
    0x07, 0xD0, 0x00, 0x0F, 0xE0, 0x00, 0x00, 0x0B, 0xC0, 0x00, 0x2F, 0xD0, 0x00, 0x00, 0x0F, 0xC0,
    0x00, 0x7F, 0xC0, 0x00, 0x00, 0x0F, 0xE0, 0x01, 0xFF, 0xC0, 0x00, 0x00, 0x0F, 0xFF, 0xFF, 0xFF,
    0x80, 0x00, 0x00, 0x0B, 0xFF, 0xFF, 0xFF, 0x40, 0x00, 0x00, 0x03, 0xFF, 0xFF, 0xFF, 0x00, 0x00,
    0x00, 0x01, 0xFF, 0xFF, 0xBF, 0x00, 0x00, 0x00, 0x00, 0x2F, 0xF8, 0x3E, 0x00, 0x00, 0x00, 0x00,
    0x00, 0x00, 0x00, 0x00, 0x00, 0x00, 0x00, 0x00, 0xFF, 0xFF, 0xA4, 0x00, 0x00, 0x00, 0x1F, 0xFF,
    0xFF, 0xF8, 0x00, 0x00, 0x02, 0xFF, 0xFF, 0xFF, 0xF0, 0x00, 0x00, 0x3F, 0xFF, 0xFF, 0xFF, 0xC0,
    0x00, 0x07, 0xF0, 0x00, 0x1F, 0xFF, 0x00, 0x00, 0xBF, 0x00, 0x00, 0x2F, 0xF4, 0x00, 0x0F, 0xE0,
    0x00, 0x00, 0xBF, 0x80, 0x00, 0xFD, 0x00, 0x00, 0x03, 0xFC, 0x00, 0x1F, 0xC0, 0x00, 0x00, 0x3F,
    0xC0, 0x02, 0xFC, 0x00, 0x00, 0x03, 0xFC, 0x00, 0x3F, 0x80, 0x00, 0x00, 0x3F, 0xC3, 0xFF, 0xFF,
    0xFE, 0x00, 0x03, 0xFC, 0xBF, 0xFF, 0xFF, 0xD0, 0x00, 0x3F, 0xCF, 0xFF, 0xFF, 0xFC, 0x00, 0x07,
    0xFC, 0x00, 0xFE, 0x00, 0x00, 0x00, 0xBF, 0x80, 0x0F, 0xD0, 0x00, 0x00, 0x0F, 0xF4, 0x01, 0xFC,
    0x00, 0x00, 0x03, 0xFF, 0x00, 0x2F, 0x80, 0x00, 0x02, 0xFF, 0xE0, 0x03, 0xF9, 0x55, 0x5B, 0xFF,
    0xFC, 0x00, 0x7F, 0xFF, 0xFF, 0xFF, 0xFF, 0x40, 0x0B, 0xFF, 0xFF, 0xFF, 0xFF, 0xE0, 0x00, 0xFF,
    0xFF, 0xFF, 0xFF, 0xF8, 0x00, 0x0F, 0xFF, 0xFF, 0xFF, 0xFC, 0x00, 0x01, 0xFF, 0xFF, 0xFF, 0xFD,
    0x00, 0x00, 0x2F, 0xFF, 0xFF, 0xA4, 0x00, 0x00, 0x00, 0x00, 0x00, 0x00, 0x00, 0x00, 0xF4, 0x00,
    0x00, 0x00, 0x00, 0x00, 0x07, 0xC0, 0x00, 0x00, 0x00, 0x00, 0x00, 0x2F, 0x00, 0x00, 0x00, 0x00,
    0x00, 0x00, 0xF8, 0x00, 0x00, 0x00, 0x00, 0x2F, 0xFF, 0xFF, 0xF0, 0x00, 0x00, 0x00, 0xFF, 0xFF,
    0xFF, 0xC0, 0x00, 0x00, 0x07, 0xFF, 0xFF, 0xFE, 0x00, 0x00, 0x00, 0x00, 0x07, 0xD0, 0x00, 0x00,
    0x00, 0x1F, 0xF4, 0x2F, 0x00, 0x00, 0x00, 0x03, 0xFF, 0xF8, 0xFC, 0x00, 0x00, 0x00, 0x7F, 0xFF,
    0xF7, 0xD0, 0x00, 0x00, 0x07, 0xF4, 0x0B, 0xFF, 0x00, 0x00, 0x00, 0x3E, 0x00, 0x0F, 0xFC, 0x00,
    0x00, 0x03, 0xF0, 0x00, 0x3F, 0xE0, 0x00, 0x00, 0x2F, 0x00, 0x00, 0xFF, 0x00, 0x00, 0x00, 0xF8,
    0x00, 0x03, 0xFC, 0x00, 0x00, 0x07, 0xD0, 0x00, 0x0F, 0xE0, 0x00, 0x00, 0x2F, 0x00, 0x00, 0xBF,
    0x40, 0x00, 0x00, 0xFC, 0x00, 0x07, 0xFC, 0x00, 0x00, 0x03, 0xF8, 0x00, 0x7F, 0xF0, 0x00, 0x00,
    0x0F, 0xFF, 0xFF, 0xFF, 0x80, 0x00, 0x00, 0x2F, 0xFF, 0xFF, 0xFD, 0x00, 0x00, 0x00, 0x3F, 0xFF,
    0xFF, 0xF0, 0x00, 0x00, 0x00, 0x7F, 0xFF, 0xEF, 0xC0, 0x00, 0x00, 0x00, 0x2F, 0xF8, 0x3E, 0x00,
    0x00, 0x00, 0x00, 0x00, 0x00, 0x00, 0x00, 0x00, 0x00, 0x00, 0x00, 0x00, 0x00, 0x00, 0x10, 0x00,
    0x00, 0x0A, 0xFF, 0xFF, 0xE0, 0x00, 0x00, 0xBF, 0xFF, 0xFF, 0xC0, 0x00, 0x01, 0x54, 0x00, 0x00,
    0x00, 0x00, 0x00, 0x00, 0x00, 0x00, 0x00, 0x00, 0x00, 0x00, 0x00, 0x00, 0x00, 0x00, 0x00, 0x00,
    0x00, 0x00, 0x00, 0x00, 0x00, 0x05, 0x54, 0x00, 0x02, 0xFF, 0xFF, 0xFF, 0xF0, 0x00, 0x0F, 0xFF,
    0xFF, 0xFF, 0x40, 0x00, 0x3F, 0xFF, 0xFF, 0xF8, 0x00, 0x01, 0xFD, 0x00, 0x00, 0x00, 0x00, 0x0F,
    0xD0, 0x00, 0x00, 0x00, 0x00, 0x3F, 0x00, 0x00, 0x00, 0x00, 0x01, 0xFC, 0x00, 0x00, 0x00, 0x00,
    0x0B, 0xE0, 0x00, 0x00, 0x00, 0x00, 0x3F, 0x40, 0x00, 0x00, 0x00, 0x01, 0xFD, 0x55, 0xA8, 0x00,
    0x00, 0x0B, 0xFF, 0xFF, 0xF0, 0x00, 0x00, 0x3F, 0xFF, 0xFF, 0x80, 0x00, 0x00, 0xFF, 0xFF, 0xFD,
    0x00, 0x00, 0x07, 0xF4, 0x00, 0x00, 0x00, 0x00, 0x3F, 0x80, 0x00, 0x00, 0x00, 0x00, 0xFD, 0x00,
    0x00, 0x00, 0x00, 0x07, 0xF0, 0x00, 0x00, 0x00, 0x00, 0x2F, 0xC0, 0x00, 0x00, 0x00, 0x00, 0xFE,
    0x00, 0x00, 0x00, 0x00, 0x07, 0xFF, 0xFF, 0xFF, 0xD0, 0x00, 0x2F, 0xFF, 0xFF, 0xFF, 0x40, 0x00,
    0xFF, 0xFF, 0xFF, 0xFD, 0x00, 0x03, 0xFF, 0xFF, 0xFF, 0xF4, 0x00, 0x2F, 0xFF, 0xFF, 0xFF, 0xC0,
    0x00, 0x00, 0x00, 0x00, 0x00, 0x54, 0x00, 0x00, 0xFF, 0xFF, 0xFE, 0x00, 0x03, 0xFF, 0xFF, 0xFE,
    0x00, 0x00, 0x00, 0x00, 0x00, 0x00, 0x00, 0x00, 0x00, 0x00, 0x00, 0x00, 0x00, 0x00, 0x00, 0x00,
    0x00, 0x00, 0x00, 0x00, 0x00, 0x00, 0x00, 0x00, 0x00, 0x00, 0x00, 0x00, 0x00, 0x00, 0x00, 0x00,
    0x6F, 0xE0, 0x00, 0x00, 0x07, 0xFF, 0xFC, 0x00, 0x00, 0x2F, 0xD0, 0x0F, 0x00, 0x00, 0x7E, 0x00,
    0x07, 0x40, 0x01, 0xF4, 0x00, 0x03, 0xC0, 0x03, 0xE0, 0x05, 0xAF, 0xC0, 0x0B, 0xFF, 0xFF, 0xFF,
    0xC0, 0x0F, 0xFF, 0xFF, 0xFF, 0x80, 0x1F, 0x95, 0x40, 0x00, 0x00, 0x2F, 0x00, 0x00, 0x00, 0x00,
    0x3F, 0x00, 0x00, 0x00, 0x00, 0x3F, 0x80, 0x00, 0x00, 0x00, 0x2F, 0xF4, 0x00, 0x18, 0x00, 0x1F,
    0xFF, 0xFF, 0xF8, 0x00, 0x0F, 0xFF, 0xFF, 0xF4, 0x00, 0x03, 0xFF, 0xFF, 0xF0, 0x00, 0x00, 0x6F,
    0xFE, 0x40, 0x00, 0x00, 0x00, 0x02, 0xC0, 0x00, 0x38, 0x00, 0x00, 0x0F, 0x40, 0x02, 0xC0, 0x00,
    0x00, 0x2F, 0x40, 0x7E, 0x00, 0x00, 0x00, 0x7F, 0xFF, 0xF0, 0x00, 0x00, 0x00, 0xBF, 0xFE, 0x00,
    0x00, 0x00, 0x00, 0x6A, 0x40, 0x00, 0x00, 0x00, 0x00, 0x00, 0x00, 0x00, 0x00, 0x00, 0x00, 0x00,
    0x00, 0x00, 0x00, 0x00, 0x00, 0x00, 0x00, 0x00, 0x00, 0x00, 0x00, 0x00, 0x00, 0x00, 0x00, 0x00,
    0x00, 0x55, 0x00, 0x00, 0xBF, 0xFF, 0xFF, 0xFC, 0x00, 0x03, 0xFF, 0xFF, 0xFF, 0xD0, 0x00, 0x0F,
    0xFF, 0xFF, 0xFE, 0x00, 0x00, 0x7F, 0x40, 0x00, 0x00, 0x00, 0x03, 0xF4, 0x00, 0x00, 0x00, 0x00,
    0x0F, 0xC0, 0x00, 0x00, 0x00, 0x00, 0x7F, 0x00, 0x00, 0x00, 0x00, 0x02, 0xF8, 0x00, 0x00, 0x00,
    0x00, 0x0F, 0xD0, 0x00, 0x00, 0x00, 0x00, 0x7F, 0x55, 0x6A, 0x00, 0x00, 0x02, 0xFF, 0xFF, 0xFC,
    0x00, 0x00, 0x0F, 0xFF, 0xFF, 0xE0, 0x00, 0x00, 0x3F, 0xFF, 0xFF, 0x40, 0x00, 0x01, 0xFD, 0x00,
    0x00, 0x00, 0x00, 0x0F, 0xE0, 0x00, 0x00, 0x00, 0x00, 0x3F, 0x40, 0x00, 0x00, 0x00, 0x01, 0xFC,
    0x00, 0x00, 0x00, 0x00, 0x0B, 0xF0, 0x00, 0x00, 0x00, 0x00, 0x3F, 0x80, 0x00, 0x00, 0x00, 0x01,
    0xFF, 0xFF, 0xFF, 0xF4, 0x00, 0x0B, 0xFF, 0xFF, 0xFF, 0xD0, 0x00, 0x3F, 0xFF, 0xFF, 0xFF, 0x40,
    0x00, 0xFF, 0xFF, 0xFF, 0xFD, 0x00, 0x0B, 0xFF, 0xFF, 0xFF, 0xF0, 0x00, 0x00, 0x00, 0x00, 0xA0,
    0x00, 0x09, 0x00, 0x00, 0xF0, 0x00, 0x2C, 0x00, 0x00, 0xF8, 0x00, 0xB8, 0x00, 0x00, 0xBF, 0xFF,
    0xF0, 0x00, 0x00, 0x3F, 0xFF, 0x80, 0x00, 0x00, 0x0B, 0xF8, 0x00, 0x00, 0x00, 0x00, 0x00, 0x00,
    0x00, 0x00, 0x00, 0x00, 0x00, 0x00, 0x00, 0x00, 0x00, 0x00, 0x00, 0x00, 0x00, 0x00, 0x00, 0x00,
    0x00, 0x00, 0x00, 0x00, 0x00, 0x00, 0x00, 0x00, 0x00, 0x00, 0x00, 0x00, 0x00, 0x00, 0x00, 0x00,
    0x6F, 0xE0, 0x00, 0x00, 0x07, 0xFF, 0xFC, 0x00, 0x00, 0x2F, 0xD0, 0x0F, 0x00, 0x00, 0x7E, 0x00,
    0x07, 0x40, 0x01, 0xF4, 0x00, 0x03, 0xC0, 0x03, 0xE0, 0x05, 0xAF, 0xC0, 0x0B, 0xFF, 0xFF, 0xFF,
    0xC0, 0x0F, 0xFF, 0xFF, 0xFF, 0x80, 0x1F, 0x95, 0x40, 0x00, 0x00, 0x2F, 0x00, 0x00, 0x00, 0x00,
    0x3F, 0x00, 0x00, 0x00, 0x00, 0x3F, 0x80, 0x00, 0x00, 0x00, 0x2F, 0xF4, 0x00, 0x18, 0x00, 0x1F,
    0xFF, 0xFF, 0xF8, 0x00, 0x0F, 0xFF, 0xFF, 0xF4, 0x00, 0x03, 0xFF, 0xFF, 0xF0, 0x00, 0x00, 0x6F,
    0xFE, 0x40, 0x00, 0x00, 0x00, 0x00, 0x00, 0xFC, 0x00, 0x00, 0x00, 0x00, 0x0B, 0xF0, 0x00, 0x00,
    0x00, 0x00, 0x3F, 0xC0, 0x00, 0x00, 0x00, 0x02, 0xFF, 0x00, 0x00, 0x00, 0x00, 0x0F, 0xF8, 0x00,
    0x00, 0x00, 0x00, 0x00, 0x00, 0x00, 0x00, 0x00, 0x00, 0x00, 0x00, 0x00, 0x00, 0x00, 0x00, 0x00,
    0x00, 0x00, 0x00, 0x00, 0x00, 0x00, 0x00, 0x00, 0x00, 0x00, 0x00, 0x55, 0x40, 0x00, 0x2F, 0xFF,
    0xFF, 0xFF, 0x00, 0x00, 0xFF, 0xFF, 0xFF, 0xF4, 0x00, 0x03, 0xFF, 0xFF, 0xFF, 0x80, 0x00, 0x1F,
    0xD0, 0x00, 0x00, 0x00, 0x00, 0xFD, 0x00, 0x00, 0x00, 0x00, 0x03, 0xF0, 0x00, 0x00, 0x00, 0x00,
    0x1F, 0xC0, 0x00, 0x00, 0x00, 0x00, 0xBE, 0x00, 0x00, 0x00, 0x00, 0x03, 0xF4, 0x00, 0x00, 0x00,
    0x00, 0x1F, 0xD5, 0x5A, 0x80, 0x00, 0x00, 0xBF, 0xFF, 0xFF, 0x00, 0x00, 0x03, 0xFF, 0xFF, 0xF8,
    0x00, 0x00, 0x0F, 0xFF, 0xFF, 0xD0, 0x00, 0x00, 0x7F, 0x40, 0x00, 0x00, 0x00, 0x03, 0xF8, 0x00,
    0x00, 0x00, 0x00, 0x0F, 0xD0, 0x00, 0x00, 0x00, 0x00, 0x7F, 0x00, 0x00, 0x00, 0x00, 0x02, 0xFC,
    0x00, 0x00, 0x00, 0x00, 0x0F, 0xE0, 0x00, 0x00, 0x00, 0x00, 0x7F, 0xFF, 0xFF, 0xFD, 0x00, 0x02,
    0xFF, 0xFF, 0xFF, 0xF4, 0x00, 0x0F, 0xFF, 0xFF, 0xFF, 0xD0, 0x00, 0x3F, 0xFF, 0xFF, 0xFF, 0x40,
    0x02, 0xFF, 0xFF, 0xFF, 0xFC, 0x00, 0x00, 0x00, 0x00, 0x00, 0x7F, 0x00, 0x00, 0x00, 0x0F, 0xF0,
    0x00, 0x00, 0x01, 0xFE, 0x00, 0x00, 0x00, 0x3F, 0xE0, 0x00, 0x00, 0x03, 0xFD, 0x00, 0x00, 0x00,
    0x00, 0x00, 0x00, 0x00, 0x00, 0x00, 0x00, 0x00, 0x00, 0x00, 0x00, 0x00, 0x00, 0x00, 0x00, 0x00,
    0x00, 0x00, 0x00, 0x00, 0x00, 0x00, 0x00, 0x00, 0x00, 0x00, 0x06, 0xFE, 0x00, 0x00, 0x07, 0xFF,
    0xFC, 0x00, 0x02, 0xFD, 0x00, 0xF0, 0x00, 0x7E, 0x00, 0x07, 0x40, 0x1F, 0x40, 0x00, 0x3C, 0x03,
    0xE0, 0x05, 0xAF, 0xC0, 0xBF, 0xFF, 0xFF, 0xFC, 0x0F, 0xFF, 0xFF, 0xFF, 0x81, 0xF9, 0x54, 0x00,
    0x00, 0x2F, 0x00, 0x00, 0x00, 0x03, 0xF0, 0x00, 0x00, 0x00, 0x3F, 0x80, 0x00, 0x00, 0x02, 0xFF,
    0x40, 0x01, 0x80, 0x1F, 0xFF, 0xFF, 0xF8, 0x00, 0xFF, 0xFF, 0xFF, 0x40, 0x03, 0xFF, 0xFF, 0xF0,
    0x00, 0x06, 0xFF, 0xE4, 0x00, 0x00, 0x00, 0x00, 0x00, 0x05, 0x50, 0x00, 0x0B, 0xFF, 0xFF, 0xFF,
    0xC0, 0x00, 0x3F, 0xFF, 0xFF, 0xFD, 0x00, 0x00, 0xFF, 0xFF, 0xFF, 0xE0, 0x00, 0x07, 0xF4, 0x00,
    0x00, 0x00, 0x00, 0x3F, 0x40, 0x00, 0x00, 0x00, 0x00, 0xFC, 0x00, 0x00, 0x00, 0x00, 0x07, 0xF0,
    0x00, 0x00, 0x00, 0x00, 0x2F, 0x80, 0x00, 0x00, 0x00, 0x00, 0xFD, 0x00, 0x00, 0x00, 0x00, 0x07,
    0xF5, 0x56, 0xA0, 0x00, 0x00, 0x2F, 0xFF, 0xFF, 0xC0, 0x00, 0x00, 0xFF, 0xFF, 0xFE, 0x00, 0x00,
    0x03, 0xFF, 0xFF, 0xF4, 0x00, 0x00, 0x1F, 0xD0, 0x00, 0x00, 0x00, 0x00, 0xFE, 0x00, 0x00, 0x00,
    0x00, 0x03, 0xF4, 0x00, 0x00, 0x00, 0x00, 0x1F, 0xC0, 0x00, 0x00, 0x00, 0x00, 0xBF, 0x00, 0x00,
    0x00, 0x00, 0x03, 0xF8, 0x00, 0x00, 0x00, 0x00, 0x1F, 0xFF, 0xFF, 0xFF, 0x40, 0x00, 0xBF, 0xFF,
    0xFF, 0xFD, 0x00, 0x03, 0xFF, 0xFF, 0xFF, 0xF4, 0x00, 0x0F, 0xFF, 0xFF, 0xFF, 0xD0, 0x00, 0xBF,
    0xFF, 0xFF, 0xFF, 0x00, 0x00, 0x00, 0x2D, 0x00, 0x00, 0x00, 0x00, 0x02, 0xC0, 0x00, 0x00, 0x00,
    0x00, 0x0D, 0x00, 0x00, 0x00, 0x00, 0x00, 0x3F, 0xD0, 0x00, 0x00, 0x00, 0x00, 0x2F, 0x40, 0x00,
    0x00, 0x00, 0x00, 0x00, 0x00, 0x00, 0x00, 0x00, 0x00, 0x00, 0x6F, 0xE0, 0x00, 0x00, 0x7F, 0xFF,
    0xC0, 0x00, 0x2F, 0xD0, 0x0F, 0x00, 0x07, 0xE0, 0x00, 0x74, 0x01, 0xF4, 0x00, 0x03, 0xC0, 0x3E,
    0x00, 0x5A, 0xFC, 0x0B, 0xFF, 0xFF, 0xFF, 0xC0, 0xFF, 0xFF, 0xFF, 0xF8, 0x1F, 0x95, 0x40, 0x00,
    0x02, 0xF0, 0x00, 0x00, 0x00, 0x3F, 0x00, 0x00, 0x00, 0x03, 0xF8, 0x00, 0x00, 0x00, 0x2F, 0xF4,
    0x00, 0x18, 0x01, 0xFF, 0xFF, 0xFF, 0x80, 0x0F, 0xFF, 0xFF, 0xF4, 0x00, 0x3F, 0xFF, 0xFF, 0x00,
    0x00, 0x6F, 0xFE, 0x40, 0x00, 0x00, 0xB4, 0x00, 0x00, 0x00, 0x3C, 0x00, 0x00, 0x00, 0x0F, 0x00,
    0x00, 0x00, 0x02, 0xC0, 0x00, 0x00, 0x00, 0x3C, 0x00, 0x00, 0x00, 0x02, 0xFF, 0x00, 0x00, 0x00,
    0x06, 0xF0, 0x00, 0x00, 0x00, 0x00, 0x07, 0x40, 0x01, 0xD0, 0x00, 0x00, 0x0B, 0x80, 0x7C, 0x00,
    0x00, 0x00, 0x0F, 0x8B, 0x80, 0x00, 0x00, 0x00, 0x0F, 0xF4, 0x00, 0x00, 0x00, 0x00, 0x2F, 0x40,
    0x00, 0x00, 0x00, 0x00, 0x38, 0x00, 0x00, 0x00, 0x00, 0x00, 0x00, 0x00, 0x00, 0x00, 0x00, 0x00,
    0x00, 0x00, 0x00, 0x00, 0x00, 0x00, 0x00, 0x00, 0x00, 0x00, 0x00, 0x00, 0x00, 0x00, 0x00, 0x00,
    0x00, 0x00, 0x55, 0x00, 0x00, 0xBF, 0xFF, 0xFF, 0xFC, 0x00, 0x03, 0xFF, 0xFF, 0xFF, 0xD0, 0x00,
    0x0F, 0xFF, 0xFF, 0xFE, 0x00, 0x00, 0x7F, 0x40, 0x00, 0x00, 0x00, 0x03, 0xF4, 0x00, 0x00, 0x00,
    0x00, 0x0F, 0xC0, 0x00, 0x00, 0x00, 0x00, 0x7F, 0x00, 0x00, 0x00, 0x00, 0x02, 0xF8, 0x00, 0x00,
    0x00, 0x00, 0x0F, 0xD0, 0x00, 0x00, 0x00, 0x00, 0x7F, 0x55, 0x6A, 0x00, 0x00, 0x02, 0xFF, 0xFF,
    0xFC, 0x00, 0x00, 0x0F, 0xFF, 0xFF, 0xE0, 0x00, 0x00, 0x3F, 0xFF, 0xFF, 0x40, 0x00, 0x01, 0xFD,
    0x00, 0x00, 0x00, 0x00, 0x0F, 0xE0, 0x00, 0x00, 0x00, 0x00, 0x3F, 0x40, 0x00, 0x00, 0x00, 0x01,
    0xFC, 0x00, 0x00, 0x00, 0x00, 0x0B, 0xF0, 0x00, 0x00, 0x00, 0x00, 0x3F, 0x80, 0x00, 0x00, 0x00,
    0x01, 0xFF, 0xFF, 0xFF, 0xF4, 0x00, 0x0B, 0xFF, 0xFF, 0xFF, 0xD0, 0x00, 0x3F, 0xFF, 0xFF, 0xFF,
    0x40, 0x00, 0xFF, 0xFF, 0xFF, 0xFD, 0x00, 0x0B, 0xFF, 0xFF, 0xFF, 0xF0, 0x00, 0x00, 0x00, 0x00,
    0x00, 0x00, 0x00, 0x00, 0x07, 0x40, 0x07, 0x80, 0x00, 0x0B, 0x80, 0xB4, 0x00, 0x00, 0x0F, 0xEF,
    0x40, 0x00, 0x00, 0x0F, 0xF0, 0x00, 0x00, 0x00, 0x2F, 0x00, 0x00, 0x00, 0x00, 0x10, 0x00, 0x00,
    0x00, 0x00, 0x00, 0x00, 0x00, 0x00, 0x00, 0x00, 0x00, 0x00, 0x00, 0x00, 0x00, 0x00, 0x00, 0x00,
    0x00, 0x00, 0x00, 0x00, 0x00, 0x00, 0x00, 0x00, 0x00, 0x00, 0x00, 0x00, 0x00, 0x01, 0xBF, 0x80,
    0x00, 0x00, 0x7F, 0xFF, 0xC0, 0x00, 0x0B, 0xF4, 0x03, 0xC0, 0x00, 0x7E, 0x00, 0x07, 0x40, 0x07,
    0xD0, 0x00, 0x0F, 0x00, 0x3E, 0x00, 0x5A, 0xFC, 0x02, 0xFF, 0xFF, 0xFF, 0xF0, 0x0F, 0xFF, 0xFF,
    0xFF, 0x80, 0x7E, 0x55, 0x00, 0x00, 0x02, 0xF0, 0x00, 0x00, 0x00, 0x0F, 0xC0, 0x00, 0x00, 0x00,
    0x3F, 0x80, 0x00, 0x00, 0x00, 0xBF, 0xD0, 0x00, 0x60, 0x01, 0xFF, 0xFF, 0xFF, 0x80, 0x03, 0xFF,
    0xFF, 0xFD, 0x00, 0x03, 0xFF, 0xFF, 0xF0, 0x00, 0x01, 0xBF, 0xF9, 0x00, 0x00, 0x00, 0x00, 0x00,
    0x00, 0x09, 0x00, 0x00, 0x00, 0x00, 0x00, 0x01, 0xF4, 0x00, 0x00, 0x00, 0x00, 0x00, 0x3F, 0xD0,
    0x00, 0x00, 0x00, 0x00, 0x0F, 0xDF, 0x80, 0x00, 0x00, 0x00, 0x02, 0xE0, 0x1F, 0x00, 0x00, 0x00,
    0x00, 0x78, 0x00, 0x2D, 0x00, 0x00, 0x00, 0x00, 0x00, 0x00, 0x00, 0x00, 0x00, 0x00, 0x00, 0x00,
    0x00, 0x00, 0x00, 0x00, 0x00, 0x00, 0x00, 0x00, 0x00, 0x00, 0x06, 0xBF, 0xFF, 0x90, 0x00, 0x00,
    0x1F, 0xFF, 0xFF, 0xFF, 0x00, 0x00, 0x0F, 0xFF, 0xFE, 0xAB, 0xF0, 0x00, 0x03, 0xFF, 0xD0, 0x00,
    0x01, 0x00, 0x00, 0xFF, 0xD0, 0x00, 0x00, 0x00, 0x00, 0x2F, 0xF0, 0x00, 0x00, 0x00, 0x00, 0x03,
    0xFD, 0x00, 0x00, 0x00, 0x00, 0x00, 0xBF, 0x80, 0x00, 0x00, 0x00, 0x00, 0x0F, 0xF0, 0x00, 0x00,
    0x00, 0x00, 0x02, 0xFE, 0x00, 0x00, 0x00, 0x00, 0x00, 0x3F, 0xD0, 0x00, 0x00, 0x00, 0x00, 0x03,
    0xFC, 0x00, 0x00, 0x00, 0x00, 0x00, 0x7F, 0x80, 0x00, 0x25, 0x40, 0x00, 0x0B, 0xF4, 0x00, 0x03,
    0xFF, 0xFE, 0x00, 0xFF, 0x40, 0x00, 0x3F, 0xFF, 0xF0, 0x0F, 0xF0, 0x00, 0x00, 0x1B, 0xFF, 0x00,
    0xFF, 0x00, 0x00, 0x00, 0x3E, 0x50, 0x0F, 0xF4, 0x00, 0x00, 0x0B, 0xD0, 0x00, 0xFF, 0xC0, 0x00,
    0x00, 0xFD, 0x00, 0x0F, 0xFF, 0xA5, 0x56, 0xFF, 0xC0, 0x00, 0xFF, 0xFF, 0xFF, 0xFF, 0xFC, 0x00,
    0x0B, 0xFF, 0xFF, 0xFF, 0xFF, 0x80, 0x00, 0x3F, 0xFF, 0xFF, 0xFF, 0xF8, 0x00, 0x00, 0xBF, 0xFF,
    0xFF, 0xFD, 0x00, 0x00, 0x00, 0x6F, 0xFF, 0xE4, 0x00, 0x00, 0x00, 0x00, 0x00, 0x2D, 0x00, 0x00,
    0x00, 0x00, 0x03, 0xF4, 0x00, 0x00, 0x00, 0x00, 0xBF, 0xD0, 0x00, 0x00, 0x00, 0x1F, 0x0B, 0x80,
    0x00, 0x00, 0x03, 0xC0, 0x1F, 0x00, 0x00, 0x00, 0xA0, 0x00, 0x18, 0x00, 0x00, 0x00, 0x00, 0x00,
    0x00, 0x00, 0x00, 0x00, 0x00, 0x00, 0x00, 0x00, 0x2F, 0xE0, 0x1A, 0x00, 0x00, 0x1F, 0xFF, 0xD3,
    0xF0, 0x00, 0x07, 0xFF, 0xFF, 0xFD, 0x00, 0x01, 0xFD, 0x03, 0xFF, 0xC0, 0x00, 0x3F, 0x00, 0x0F,
    0xFC, 0x00, 0x0B, 0xC0, 0x00, 0xFF, 0x40, 0x00, 0xF4, 0x00, 0x0F, 0xF0, 0x00, 0x1F, 0x00, 0x00,
    0xFF, 0x00, 0x02, 0xE0, 0x00, 0x1F, 0xE0, 0x00, 0x3D, 0x00, 0x03, 0xFC, 0x00, 0x03, 0xE0, 0x00,
    0xFF, 0xC0, 0x00, 0x3F, 0xAA, 0xFF, 0xF8, 0x00, 0x02, 0xFF, 0xFF, 0xFF, 0x00, 0x00, 0x0F, 0xFF,
    0xFF, 0xF0, 0x00, 0x00, 0xBF, 0xFF, 0xBE, 0x00, 0x00, 0x01, 0xFE, 0x4F, 0xC0, 0x00, 0x00, 0x00,
    0x03, 0xF8, 0x00, 0x00, 0x00, 0x00, 0xFF, 0x00, 0x00, 0x0D, 0x01, 0xBF, 0xE0, 0x00, 0x02, 0xFF,
    0xFF, 0xFC, 0x00, 0x00, 0x3F, 0xFF, 0xFF, 0x00, 0x00, 0x07, 0xFF, 0xFF, 0xC0, 0x00, 0x00, 0x06,
    0xFF, 0x90, 0x00, 0x00, 0x00, 0x00, 0x00, 0x00, 0x00, 0x00, 0x00, 0x00, 0x00, 0x09, 0x00, 0x01,
    0x80, 0x00, 0x00, 0x01, 0xE0, 0x00, 0x38, 0x00, 0x00, 0x00, 0x1F, 0x40, 0x1F, 0x40, 0x00, 0x00,
    0x00, 0xFF, 0xFF, 0xD0, 0x00, 0x00, 0x00, 0x07, 0xFF, 0xF4, 0x00, 0x00, 0x00, 0x00, 0x1B, 0xF8,
    0x00, 0x00, 0x00, 0x00, 0x00, 0x00, 0x00, 0x00, 0x00, 0x00, 0x00, 0x00, 0x00, 0x00, 0x00, 0x00,
    0x00, 0x00, 0x00, 0x00, 0x00, 0x00, 0x00, 0x00, 0x00, 0x00, 0x00, 0x00, 0x00, 0x00, 0x00, 0x00,
    0x00, 0x00, 0x00, 0x00, 0x06, 0xBF, 0xFF, 0x90, 0x00, 0x00, 0x1F, 0xFF, 0xFF, 0xFF, 0x00, 0x00,
    0x0F, 0xFF, 0xFE, 0xAB, 0xF0, 0x00, 0x03, 0xFF, 0xD0, 0x00, 0x01, 0x00, 0x00, 0xFF, 0xD0, 0x00,
    0x00, 0x00, 0x00, 0x2F, 0xF0, 0x00, 0x00, 0x00, 0x00, 0x03, 0xFD, 0x00, 0x00, 0x00, 0x00, 0x00,
    0xBF, 0x80, 0x00, 0x00, 0x00, 0x00, 0x0F, 0xF0, 0x00, 0x00, 0x00, 0x00, 0x02, 0xFE, 0x00, 0x00,
    0x00, 0x00, 0x00, 0x3F, 0xD0, 0x00, 0x00, 0x00, 0x00, 0x03, 0xFC, 0x00, 0x00, 0x00, 0x00, 0x00,
    0x7F, 0x80, 0x00, 0x25, 0x40, 0x00, 0x0B, 0xF4, 0x00, 0x03, 0xFF, 0xFE, 0x00, 0xFF, 0x40, 0x00,
    0x3F, 0xFF, 0xF0, 0x0F, 0xF0, 0x00, 0x00, 0x1B, 0xFF, 0x00, 0xFF, 0x00, 0x00, 0x00, 0x3E, 0x50,
    0x0F, 0xF4, 0x00, 0x00, 0x0B, 0xD0, 0x00, 0xFF, 0xC0, 0x00, 0x00, 0xFD, 0x00, 0x0F, 0xFF, 0xA5,
    0x56, 0xFF, 0xC0, 0x00, 0xFF, 0xFF, 0xFF, 0xFF, 0xFC, 0x00, 0x0B, 0xFF, 0xFF, 0xFF, 0xFF, 0x80,
    0x00, 0x3F, 0xFF, 0xFF, 0xFF, 0xF8, 0x00, 0x00, 0xBF, 0xFF, 0xFF, 0xFD, 0x00, 0x00, 0x00, 0x6F,
    0xFF, 0xE4, 0x00, 0x00, 0x00, 0x00, 0x3C, 0x00, 0x03, 0x80, 0x00, 0x0F, 0x40, 0x02, 0xC0, 0x00,
    0x03, 0xF0, 0x07, 0xE0, 0x00, 0x00, 0x7F, 0xFF, 0xF0, 0x00, 0x00, 0x0B, 0xFF, 0xE0, 0x00, 0x00,
    0x00, 0x6A, 0x40, 0x00, 0x00, 0x00, 0x00, 0x00, 0x00, 0x00, 0x00, 0x00, 0x00, 0x00, 0x00, 0x00,
    0x00, 0x00, 0x00, 0x00, 0x00, 0x00, 0x00, 0x00, 0x00, 0x00, 0x02, 0xFE, 0x01, 0xA0, 0x00, 0x07,
    0xFF, 0xF4, 0xFC, 0x00, 0x07, 0xFF, 0xFF, 0xFD, 0x00, 0x07, 0xF4, 0x0F, 0xFF, 0x00, 0x03, 0xF0,
    0x00, 0xFF, 0xC0, 0x02, 0xF0, 0x00, 0x3F, 0xD0, 0x00, 0xF4, 0x00, 0x0F, 0xF0, 0x00, 0x7C, 0x00,
    0x03, 0xFC, 0x00, 0x2E, 0x00, 0x01, 0xFE, 0x00, 0x0F, 0x40, 0x00, 0xFF, 0x00, 0x03, 0xE0, 0x00,
    0xFF, 0xC0, 0x00, 0xFE, 0xAB, 0xFF, 0xE0, 0x00, 0x2F, 0xFF, 0xFF, 0xF0, 0x00, 0x03, 0xFF, 0xFF,
    0xFC, 0x00, 0x00, 0xBF, 0xFF, 0xBE, 0x00, 0x00, 0x07, 0xF9, 0x3F, 0x00, 0x00, 0x00, 0x00, 0x3F,
    0x80, 0x00, 0x00, 0x00, 0x3F, 0xC0, 0x00, 0x0D, 0x01, 0xBF, 0xE0, 0x00, 0x0B, 0xFF, 0xFF, 0xF0,
    0x00, 0x03, 0xFF, 0xFF, 0xF0, 0x00, 0x01, 0xFF, 0xFF, 0xF0, 0x00, 0x00, 0x06, 0xFF, 0x90, 0x00,
    0x00, 0x00, 0x00, 0x00, 0x00, 0x00, 0x00, 0x00, 0x00, 0x00, 0x00, 0x0B, 0xE0, 0x00, 0x00, 0x00,
    0x00, 0x03, 0xF4, 0x00, 0x00, 0x00, 0x00, 0x02, 0xFD, 0x00, 0x00, 0x00, 0x00, 0x00, 0xFF, 0x00,
    0x00, 0x00, 0x00, 0x00, 0x7F, 0xC0, 0x00, 0x00, 0x00, 0x00, 0x00, 0x00, 0x00, 0x00, 0x00, 0x00,
    0x00, 0x00, 0x00, 0x00, 0x00, 0x00, 0x00, 0x00, 0x00, 0x00, 0x00, 0x00, 0x00, 0x00, 0x00, 0x00,
    0x00, 0x00, 0x1A, 0xFF, 0xFE, 0x40, 0x00, 0x01, 0xFF, 0xFF, 0xFF, 0xF0, 0x00, 0x03, 0xFF, 0xFF,
    0xAA, 0xFC, 0x00, 0x03, 0xFF, 0xD0, 0x00, 0x01, 0x00, 0x03, 0xFF, 0x40, 0x00, 0x00, 0x00, 0x02,
    0xFF, 0x00, 0x00, 0x00, 0x00, 0x00, 0xFF, 0x40, 0x00, 0x00, 0x00, 0x00, 0xBF, 0x80, 0x00, 0x00,
    0x00, 0x00, 0x3F, 0xC0, 0x00, 0x00, 0x00, 0x00, 0x2F, 0xE0, 0x00, 0x00, 0x00, 0x00, 0x0F, 0xF4,
    0x00, 0x00, 0x00, 0x00, 0x03, 0xFC, 0x00, 0x00, 0x00, 0x00, 0x01, 0xFE, 0x00, 0x00, 0x95, 0x00,
    0x00, 0xBF, 0x40, 0x00, 0x3F, 0xFF, 0xE0, 0x3F, 0xD0, 0x00, 0x0F, 0xFF, 0xFC, 0x0F, 0xF0, 0x00,
    0x00, 0x1B, 0xFF, 0x03, 0xFC, 0x00, 0x00, 0x00, 0xF9, 0x40, 0xFF, 0x40, 0x00, 0x00, 0xBD, 0x00,
    0x3F, 0xF0, 0x00, 0x00, 0x3F, 0x40, 0x0F, 0xFF, 0xA5, 0x56, 0xFF, 0xC0, 0x03, 0xFF, 0xFF, 0xFF,
    0xFF, 0xF0, 0x00, 0xBF, 0xFF, 0xFF, 0xFF, 0xF8, 0x00, 0x0F, 0xFF, 0xFF, 0xFF, 0xFE, 0x00, 0x00,
    0xBF, 0xFF, 0xFF, 0xFD, 0x00, 0x00, 0x01, 0xBF, 0xFF, 0x90, 0x00, 0x00, 0x00, 0x00, 0x00, 0x0F,
    0xC0, 0x00, 0x00, 0x00, 0x0B, 0xF0, 0x00, 0x00, 0x00, 0x03, 0xFC, 0x00, 0x00, 0x00, 0x02, 0xFE,
    0x00, 0x00, 0x00, 0x00, 0xFF, 0x80, 0x00, 0x00, 0x00, 0x00, 0x00, 0x00, 0x00, 0x00, 0x00, 0x00,
    0x00, 0x00, 0x00, 0x00, 0x00, 0x00, 0x00, 0x00, 0x00, 0x00, 0x00, 0x00, 0x00, 0x0B, 0xF8, 0x06,
    0x80, 0x00, 0x1F, 0xFF, 0xD3, 0xF0, 0x00, 0x1F, 0xFF, 0xFF, 0xF4, 0x00, 0x1F, 0xD0, 0x3F, 0xFC,
    0x00, 0x0F, 0xC0, 0x03, 0xFF, 0x00, 0x0B, 0xC0, 0x00, 0xFF, 0x40, 0x03, 0xD0, 0x00, 0x3F, 0xC0,
    0x01, 0xF0, 0x00, 0x0F, 0xF0, 0x00, 0xB8, 0x00, 0x07, 0xF8, 0x00, 0x3D, 0x00, 0x03, 0xFC, 0x00,
    0x0F, 0x80, 0x03, 0xFF, 0x00, 0x03, 0xFA, 0xAF, 0xFF, 0x80, 0x00, 0xBF, 0xFF, 0xFF, 0xC0, 0x00,
    0x0F, 0xFF, 0xFF, 0xF0, 0x00, 0x02, 0xFF, 0xFE, 0xF8, 0x00, 0x00, 0x1F, 0xE4, 0xFC, 0x00, 0x00,
    0x00, 0x00, 0xFE, 0x00, 0x00, 0x00, 0x00, 0xFF, 0x00, 0x00, 0x34, 0x06, 0xFF, 0x80, 0x00, 0x2F,
    0xFF, 0xFF, 0xC0, 0x00, 0x0F, 0xFF, 0xFF, 0xC0, 0x00, 0x07, 0xFF, 0xFF, 0xC0, 0x00, 0x00, 0x1B,
    0xFE, 0x40, 0x00, 0x00, 0x00, 0x00, 0x00, 0x00, 0x00, 0x00, 0x00, 0x00, 0x00, 0x00, 0x00, 0x00,
    0x00, 0x00, 0x00, 0x1A, 0xFF, 0xFE, 0x40, 0x00, 0x01, 0xFF, 0xFF, 0xFF, 0xF0, 0x00, 0x03, 0xFF,
    0xFF, 0xAA, 0xFC, 0x00, 0x03, 0xFF, 0xD0, 0x00, 0x01, 0x00, 0x03, 0xFF, 0x40, 0x00, 0x00, 0x00,
    0x02, 0xFF, 0x00, 0x00, 0x00, 0x00, 0x00, 0xFF, 0x40, 0x00, 0x00, 0x00, 0x00, 0xBF, 0x80, 0x00,
    0x00, 0x00, 0x00, 0x3F, 0xC0, 0x00, 0x00, 0x00, 0x00, 0x2F, 0xE0, 0x00, 0x00, 0x00, 0x00, 0x0F,
    0xF4, 0x00, 0x00, 0x00, 0x00, 0x03, 0xFC, 0x00, 0x00, 0x00, 0x00, 0x01, 0xFE, 0x00, 0x00, 0x95,
    0x00, 0x00, 0xBF, 0x40, 0x00, 0x3F, 0xFF, 0xE0, 0x3F, 0xD0, 0x00, 0x0F, 0xFF, 0xFC, 0x0F, 0xF0,
    0x00, 0x00, 0x1B, 0xFF, 0x03, 0xFC, 0x00, 0x00, 0x00, 0xF9, 0x40, 0xFF, 0x40, 0x00, 0x00, 0xBD,
    0x00, 0x3F, 0xF0, 0x00, 0x00, 0x3F, 0x40, 0x0F, 0xFF, 0xA5, 0x56, 0xFF, 0xC0, 0x03, 0xFF, 0xFF,
    0xFF, 0xFF, 0xF0, 0x00, 0xBF, 0xFF, 0xFF, 0xFF, 0xF8, 0x00, 0x0F, 0xFF, 0xFF, 0xFF, 0xFE, 0x00,
    0x00, 0xBF, 0xFF, 0xFF, 0xFD, 0x00, 0x00, 0x01, 0xBF, 0xFF, 0x90, 0x00, 0x00, 0x00, 0x00, 0x00,
    0x00, 0x00, 0x00, 0x00, 0x00, 0x00, 0x00, 0x00, 0x00, 0x00, 0x00, 0x00, 0x00, 0x00, 0x00, 0x00,
    0x00, 0x00, 0x00, 0x00, 0x00, 0x00, 0x00, 0x00, 0x0F, 0xF8, 0x00, 0x00, 0x00, 0x00, 0x0B, 0xFC,
    0x00, 0x00, 0x00, 0x00, 0x03, 0xFE, 0x00, 0x00, 0x00, 0x00, 0x01, 0xFF, 0x00, 0x00, 0x00, 0x00,
    0x00, 0xBF, 0x40, 0x00, 0x00, 0x00, 0x00, 0x3F, 0xC0, 0x00, 0x00, 0x00, 0x00, 0x3F, 0xD0, 0x00,
    0x00, 0x00, 0x00, 0x1F, 0xF0, 0x00, 0x00, 0x00, 0x00, 0x00, 0x00, 0x00, 0x00, 0x00, 0x00, 0x00,
    0x00, 0x00, 0x00, 0x00, 0x00, 0x00, 0x01, 0xFF, 0x40, 0x00, 0x00, 0x00, 0xFF, 0xC0, 0x00, 0x00,
    0x00, 0x3F, 0xD0, 0x00, 0x00, 0x00, 0x2F, 0xE0, 0x00, 0x00, 0x00, 0x0F, 0xF0, 0x00, 0x00, 0x00,
    0x0B, 0xF8, 0x00, 0x00, 0x00, 0x07, 0xFC, 0x00, 0x00, 0x00, 0x02, 0xFD, 0x00, 0x00, 0x00, 0x00,
    0x00, 0x00, 0x00, 0x00, 0x00, 0x00, 0x00, 0x00, 0x00, 0x00, 0xBF, 0x80, 0x68, 0x00, 0x01, 0xFF,
    0xFD, 0x3F, 0x00, 0x01, 0xFF, 0xFF, 0xFF, 0x40, 0x01, 0xFD, 0x03, 0xFF, 0xC0, 0x00, 0xFC, 0x00,
    0x3F, 0xF0, 0x00, 0xBC, 0x00, 0x0F, 0xF4, 0x00, 0x3D, 0x00, 0x03, 0xFC, 0x00, 0x1F, 0x00, 0x00,
    0xFF, 0x00, 0x0B, 0x80, 0x00, 0x7F, 0x80, 0x03, 0xD0, 0x00, 0x3F, 0xC0, 0x00, 0xF8, 0x00, 0x3F,
    0xF0, 0x00, 0x3F, 0xAA, 0xFF, 0xF8, 0x00, 0x0B, 0xFF, 0xFF, 0xFC, 0x00, 0x00, 0xFF, 0xFF, 0xFF,
    0x00, 0x00, 0x2F, 0xFF, 0xEF, 0x80, 0x00, 0x01, 0xFE, 0x4F, 0xC0, 0x00, 0x00, 0x00, 0x0F, 0xE0,
    0x00, 0x00, 0x00, 0x0F, 0xF0, 0x00, 0x03, 0x40, 0x6F, 0xF8, 0x00, 0x02, 0xFF, 0xFF, 0xFC, 0x00,
    0x00, 0xFF, 0xFF, 0xFC, 0x00, 0x00, 0x7F, 0xFF, 0xFC, 0x00, 0x00, 0x01, 0xBF, 0xE4, 0x00, 0x00,
    0x00, 0x00, 0x00, 0x00, 0x00, 0x00, 0x00, 0x00, 0x00, 0x0F, 0x00, 0x00, 0x00, 0x00, 0x00, 0x00,
    0xBE, 0x00, 0x00, 0x00, 0x00, 0x00, 0x03, 0xFF, 0x00, 0x00, 0x00, 0x00, 0x00, 0x3E, 0x1F, 0x00,
    0x00, 0x00, 0x00, 0x02, 0xD0, 0x0B, 0x40, 0x00, 0x00, 0x00, 0x09, 0x00, 0x02, 0x40, 0x00, 0x00,
    0x00, 0x00, 0x00, 0x00, 0x00, 0x00, 0x00, 0x00, 0x00, 0x00, 0x00, 0x00, 0x00, 0x01, 0xA8, 0x00,
    0x00, 0x06, 0xA0, 0x00, 0x0F, 0xE0, 0x00, 0x00, 0x2F, 0xC0, 0x00, 0x3F, 0x80, 0x00, 0x00, 0xFE,
    0x00, 0x01, 0xFD, 0x00, 0x00, 0x07, 0xF4, 0x00, 0x0B, 0xF0, 0x00, 0x00, 0x2F, 0xC0, 0x00, 0x3F,
    0xC0, 0x00, 0x00, 0xFF, 0x00, 0x00, 0xFE, 0x00, 0x00, 0x03, 0xF8, 0x00, 0x0B, 0xF4, 0x00, 0x00,
    0x2F, 0xD0, 0x00, 0x3F, 0xC0, 0x00, 0x00, 0xFF, 0x00, 0x00, 0xFF, 0x00, 0x00, 0x03, 0xFC, 0x00,
    0x07, 0xF8, 0x00, 0x00, 0x1F, 0xE0, 0x00, 0x2F, 0xD0, 0x00, 0x00, 0xBF, 0x80, 0x00, 0xFF, 0x00,
    0x00, 0x03, 0xFD, 0x00, 0x07, 0xFE, 0x55, 0x55, 0x6F, 0xF0, 0x00, 0x2F, 0xFF, 0xFF, 0xFF, 0xFF,
    0xC0, 0x00, 0xFF, 0xFF, 0xFF, 0xFF, 0xFE, 0x00, 0x03, 0xFF, 0xFF, 0xFF, 0xFF, 0xF4, 0x00, 0x1F,
    0xFF, 0xFF, 0xFF, 0xFF, 0xC0, 0x00, 0xFF, 0xFF, 0xFF, 0xFF, 0xFF, 0x00, 0x03, 0xFE, 0x00, 0x00,
    0x0F, 0xF8, 0x00, 0x1F, 0xF4, 0x00, 0x00, 0x7F, 0xD0, 0x00, 0xBF, 0xC0, 0x00, 0x02, 0xFF, 0x40,
    0x03, 0xFF, 0x00, 0x00, 0x0F, 0xFC, 0x00, 0x0F, 0xF8, 0x00, 0x00, 0x7F, 0xF0, 0x00, 0xBF, 0xD0,
    0x00, 0x02, 0xFF, 0x80, 0x00, 0x00, 0x00, 0x1E, 0x00, 0x00, 0x00, 0x00, 0xFD, 0x00, 0x00, 0x00,
    0x07, 0xFE, 0x00, 0x00, 0x00, 0x7D, 0x2F, 0x00, 0x00, 0x03, 0xC0, 0x0F, 0x00, 0x00, 0x18, 0x00,
    0x06, 0x00, 0x00, 0x07, 0xC0, 0x00, 0x00, 0x00, 0x3F, 0x00, 0x00, 0x00, 0x00, 0xF8, 0x00, 0x00,
    0x00, 0x07, 0xC0, 0x00, 0x00, 0x00, 0x3F, 0x00, 0x00, 0x00, 0x00, 0xF8, 0x00, 0x00, 0x00, 0x07,
    0xC0, 0x00, 0x00, 0x00, 0x3F, 0x00, 0x00, 0x00, 0x00, 0xF8, 0x00, 0x00, 0x00, 0x07, 0xC6, 0xFF,
    0x40, 0x00, 0x3F, 0xBF, 0xFF, 0xC0, 0x00, 0xFF, 0xFF, 0xFF, 0x40, 0x07, 0xFE, 0x40, 0xFD, 0x00,
    0x3F, 0xD0, 0x01, 0xF8, 0x00, 0xFE, 0x00, 0x03, 0xD0, 0x07, 0xF0, 0x00, 0x1F, 0x40, 0x3F, 0x80,
    0x00, 0x7C, 0x00, 0xFC, 0x00, 0x03, 0xF0, 0x07, 0xF0, 0x00, 0x0F, 0x80, 0x3F, 0x80, 0x00, 0x7D,
    0x00, 0xFD, 0x00, 0x03, 0xF4, 0x0B, 0xF0, 0x00, 0x0F, 0xC0, 0x3F, 0xC0, 0x00, 0xBF, 0x00, 0xFF,
    0x00, 0x03, 0xF8, 0x0B, 0xF8, 0x00, 0x1F, 0xD0, 0x00, 0x00, 0x01, 0xFC, 0x00, 0x00, 0x07, 0xF0,
    0x00, 0x0F, 0xE0, 0x00, 0x00, 0x3F, 0x80, 0x00, 0x3F, 0x40, 0x00, 0x00, 0xFE, 0x00, 0x01, 0xFC,
    0x00, 0x00, 0x07, 0xF4, 0x00, 0x0B, 0xF0, 0x00, 0x00, 0x2F, 0xC0, 0x00, 0x3F, 0xC0, 0x00, 0x00,
    0xFF, 0x00, 0x01, 0xFE, 0x00, 0x00, 0x07, 0xF8, 0x00, 0x0B, 0xF4, 0x00, 0x00, 0x2F, 0xD0, 0x03,
    0xFF, 0xFF, 0xFF, 0xFF, 0xFF, 0xD0, 0x0F, 0xFF, 0xFF, 0xFF, 0xFF, 0xFF, 0x00, 0x2F, 0xFE, 0xAA,
    0xAA, 0xBF, 0xF8, 0x00, 0x3F, 0xD0, 0x00, 0x00, 0xFF, 0x40, 0x00, 0xFF, 0x00, 0x00, 0x03, 0xFC,
    0x00, 0x07, 0xFF, 0xFF, 0xFF, 0xFF, 0xF0, 0x00, 0x2F, 0xFF, 0xFF, 0xFF, 0xFF, 0x80, 0x00, 0xFF,
    0xFF, 0xFF, 0xFF, 0xFE, 0x00, 0x07, 0xFF, 0xFF, 0xFF, 0xFF, 0xF4, 0x00, 0x2F, 0xFF, 0xFF, 0xFF,
    0xFF, 0xC0, 0x00, 0xFF, 0xD5, 0x55, 0x5B, 0xFF, 0x00, 0x07, 0xFD, 0x00, 0x00, 0x1F, 0xF8, 0x00,
    0x2F, 0xF0, 0x00, 0x00, 0xBF, 0xD0, 0x00, 0xFF, 0xC0, 0x00, 0x03, 0xFF, 0x00, 0x03, 0xFE, 0x00,
    0x00, 0x1F, 0xFC, 0x00, 0x2F, 0xF4, 0x00, 0x00, 0xBF, 0xE0, 0x00, 0x00, 0x00, 0x7C, 0x00, 0x00,
    0x00, 0x03, 0xF0, 0x00, 0x00, 0x00, 0x0F, 0x80, 0x00, 0x00, 0x00, 0x7E, 0x6B, 0xF0, 0x00, 0x1F,
    0xFF, 0xFF, 0xC0, 0x00, 0xBF, 0xE5, 0x40, 0x00, 0x00, 0x7C, 0x00, 0x00, 0x00, 0x03, 0xF0, 0x00,
    0x00, 0x00, 0x0F, 0x80, 0x00, 0x00, 0x00, 0x7C, 0x6F, 0xF4, 0x00, 0x03, 0xFB, 0xFF, 0xFC, 0x00,
    0x0F, 0xFF, 0xFF, 0xF4, 0x00, 0x7F, 0xE4, 0x0F, 0xD0, 0x03, 0xFD, 0x00, 0x1F, 0x80, 0x0F, 0xE0,
    0x00, 0x3D, 0x00, 0x7F, 0x00, 0x01, 0xF4, 0x03, 0xF8, 0x00, 0x07, 0xC0, 0x0F, 0xC0, 0x00, 0x3F,
    0x00, 0x7F, 0x00, 0x00, 0xF8, 0x03, 0xF8, 0x00, 0x07, 0xD0, 0x0F, 0xD0, 0x00, 0x3F, 0x40, 0xBF,
    0x00, 0x00, 0xFC, 0x03, 0xFC, 0x00, 0x0B, 0xF0, 0x0F, 0xF0, 0x00, 0x3F, 0x80, 0xBF, 0x80, 0x01,
    0xFD, 0x00, 0x00, 0x00, 0x50, 0x01, 0x00, 0x00, 0xFF, 0x01, 0xC0, 0x00, 0xF4, 0xE0, 0xF0, 0x00,
    0x78, 0x2F, 0xF4, 0x00, 0x2C, 0x02, 0xF8, 0x00, 0x00, 0x00, 0x00, 0x00, 0x00, 0x00, 0x00, 0x00,
    0x00, 0x00, 0x00, 0x00, 0x00, 0x00, 0x00, 0x00, 0x00, 0x00, 0x00, 0x00, 0x00, 0x00, 0x00, 0x00,
    0x00, 0x00, 0x0F, 0xE0, 0x00, 0x00, 0x03, 0xFC, 0x00, 0x00, 0x01, 0xFE, 0x00, 0x00, 0x00, 0xBF,
    0x40, 0x00, 0x00, 0x2F, 0xC0, 0x00, 0x00, 0x0F, 0xF0, 0x00, 0x00, 0x03, 0xF4, 0x00, 0x00, 0x01,
    0xFC, 0x00, 0x00, 0x00, 0xBF, 0x00, 0x00, 0x00, 0x3F, 0x80, 0x00, 0x00, 0x0F, 0xD0, 0x00, 0x00,
    0x0B, 0xF0, 0x00, 0x00, 0x03, 0xFC, 0x00, 0x00, 0x00, 0xFE, 0x00, 0x00, 0x00, 0x7F, 0x80, 0x00,
    0x00, 0x2F, 0xD0, 0x00, 0x00, 0x0F, 0xF0, 0x00, 0x00, 0x03, 0xFC, 0x00, 0x00, 0x02, 0xFE, 0x00,
    0x00, 0x00, 0xFF, 0x40, 0x00, 0x00, 0x3F, 0xD0, 0x00, 0x00, 0x2F, 0xF0, 0x00, 0x00, 0x0F, 0xFC,
    0x00, 0x00, 0x07, 0xFE, 0x00, 0x00, 0x01, 0xBF, 0x80, 0x00, 0x00, 0x00, 0x7E, 0x00, 0xD0, 0x1F,
    0xB4, 0x1C, 0x03, 0xC2, 0xC3, 0xC0, 0x78, 0x0F, 0xF4, 0x07, 0x40, 0x29, 0x00, 0x00, 0x00, 0x00,
    0x00, 0x00, 0x00, 0x00, 0x00, 0x00, 0x00, 0x00, 0x00, 0x00, 0x00, 0x02, 0xE0, 0x00, 0x00, 0x3D,
    0x00, 0x00, 0x07, 0xC0, 0x00, 0x00, 0xB8, 0x00, 0x00, 0x0F, 0x40, 0x00, 0x00, 0xF0, 0x00, 0x00,
    0x2F, 0x00, 0x00, 0x03, 0xE0, 0x00, 0x00, 0x3D, 0x00, 0x00, 0x0B, 0xC0, 0x00, 0x00, 0xFC, 0x00,
    0x00, 0x0F, 0xC0, 0x00, 0x02, 0xF8, 0x00, 0x00, 0x3F, 0x40, 0x00, 0x03, 0xF4, 0x00, 0x00, 0x7F,
    0x00, 0x00, 0x00, 0x00, 0x00, 0x00, 0x01, 0x40, 0x01, 0xBF, 0xFF, 0xFC, 0x00, 0x7F, 0xFF, 0xFF,
    0xC0, 0x05, 0x50, 0x00, 0x00, 0x00, 0x00, 0x00, 0x00, 0x00, 0x00, 0x00, 0x00, 0x00, 0x00, 0x00,
    0x00, 0x00, 0x00, 0x00, 0x00, 0x00, 0x00, 0x00, 0x00, 0x00, 0x00, 0x00, 0x00, 0x3F, 0x80, 0x00,
    0x00, 0x03, 0xFC, 0x00, 0x00, 0x00, 0x7F, 0x80, 0x00, 0x00, 0x0B, 0xF4, 0x00, 0x00, 0x00, 0xBF,
    0x00, 0x00, 0x00, 0x0F, 0xF0, 0x00, 0x00, 0x00, 0xFD, 0x00, 0x00, 0x00, 0x1F, 0xC0, 0x00, 0x00,
    0x02, 0xFC, 0x00, 0x00, 0x00, 0x3F, 0x80, 0x00, 0x00, 0x03, 0xF4, 0x00, 0x00, 0x00, 0xBF, 0x00,
    0x00, 0x00, 0x0F, 0xF0, 0x00, 0x00, 0x00, 0xFE, 0x00, 0x00, 0x00, 0x1F, 0xE0, 0x00, 0x00, 0x02,
    0xFD, 0x00, 0x00, 0x00, 0x3F, 0xC0, 0x00, 0x00, 0x03, 0xFC, 0x00, 0x00, 0x00, 0xBF, 0x80, 0x00,
    0x00, 0x0F, 0xF4, 0x00, 0x00, 0x00, 0xFF, 0x40, 0x00, 0x00, 0x2F, 0xF0, 0x00, 0x00, 0x03, 0xFF,
    0x00, 0x00, 0x00, 0x7F, 0xE0, 0x00, 0x00, 0x06, 0xFE, 0x00, 0x00, 0x00, 0x00, 0x00, 0x05, 0x50,
    0x1F, 0xFF, 0xFF, 0xC1, 0xFF, 0xFF, 0xFF, 0x40, 0x00, 0x00, 0x00, 0x00, 0x00, 0x00, 0x00, 0x00,
    0x00, 0x00, 0x00, 0x00, 0x00, 0x00, 0x00, 0x0B, 0x80, 0x00, 0x00, 0x3D, 0x00, 0x00, 0x00, 0xF0,
    0x00, 0x00, 0x0B, 0xC0, 0x00, 0x00, 0x3D, 0x00, 0x00, 0x00, 0xF0, 0x00, 0x00, 0x07, 0xC0, 0x00,
    0x00, 0x3E, 0x00, 0x00, 0x00, 0xF4, 0x00, 0x00, 0x07, 0xD0, 0x00, 0x00, 0x3F, 0x00, 0x00, 0x00,
    0xFC, 0x00, 0x00, 0x0B, 0xE0, 0x00, 0x00, 0x3F, 0x40, 0x00, 0x00, 0xFD, 0x00, 0x00, 0x07, 0xF0,
    0x00, 0x00, 0x00, 0x00, 0x00, 0x2F, 0x90, 0x00, 0x02, 0xFD, 0x00, 0x00, 0x3F, 0xC0, 0x00, 0x03,
    0xF8, 0x00, 0x00, 0x7F, 0x40, 0x00, 0x0B, 0xF0, 0x00, 0x00, 0xFF, 0x00, 0x00, 0x0F, 0xE0, 0x00,
    0x01, 0xFD, 0x00, 0x00, 0x2F, 0xC0, 0x00, 0x03, 0xFC, 0x00, 0x00, 0x3F, 0x80, 0x00, 0x07, 0xF4,
    0x00, 0x00, 0xBF, 0x00, 0x00, 0x0F, 0xF0, 0x00, 0x01, 0xFE, 0x00, 0x00, 0x2F, 0xD0, 0x00, 0x03,
    0xFD, 0x00, 0x00, 0x3F, 0xC0, 0x00, 0x07, 0xFC, 0x00, 0x00, 0xFF, 0x80, 0x00, 0x0F, 0xF4, 0x00,
    0x02, 0xFF, 0x40, 0x00, 0x3F, 0xF0, 0x00, 0x03, 0xFF, 0x00, 0x00, 0x2D, 0x00, 0x00, 0x0B, 0x40,
    0x00, 0x02, 0xD0, 0x00, 0x00, 0x3C, 0x00, 0x00, 0x02, 0xFF, 0x00, 0x00, 0x06, 0xF0, 0x00, 0x00,
    0x00, 0x00, 0x1F, 0x40, 0x00, 0x0F, 0xE0, 0x00, 0x0B, 0xF4, 0x00, 0x03, 0xFD, 0x00, 0x01, 0xFF,
    0x00, 0x00, 0x00, 0x00, 0x00, 0x00, 0x00, 0x00, 0x00, 0x00, 0x00, 0x00, 0x00, 0x00, 0x00, 0x50,
    0x00, 0x00, 0x3E, 0x00, 0x00, 0x0F, 0x40, 0x00, 0x07, 0xC0, 0x00, 0x02, 0xE0, 0x00, 0x00, 0xF4,
    0x00, 0x00, 0x3C, 0x00, 0x00, 0x2F, 0x00, 0x00, 0x0F, 0x80, 0x00, 0x03, 0xD0, 0x00, 0x02, 0xF4,
    0x00, 0x00, 0xFC, 0x00, 0x00, 0x3F, 0x00, 0x00, 0x2F, 0x80, 0x00, 0x0F, 0xE0, 0x00, 0x03, 0xF4,
    0x00, 0x01, 0xFC, 0x00, 0x00, 0xB4, 0x00, 0x00, 0xB0, 0x00, 0x00, 0x38, 0x00, 0x00, 0x0F, 0xF4,
    0x00, 0x00, 0xBD, 0x00, 0x00, 0x00, 0x00, 0x00, 0x00, 0x00, 0x0F, 0xD0, 0x00, 0x01, 0xFD, 0x00,
    0x00, 0x2F, 0xC0, 0x00, 0x03, 0xFC, 0x00, 0x00, 0xBF, 0xC0, 0x00, 0x00, 0x00, 0x00, 0x00, 0x00,
    0x00, 0x00, 0x00, 0x00, 0x00, 0x00, 0x00, 0x00, 0x00, 0x00, 0x00, 0x00, 0x00, 0x00, 0x00, 0x00,
    0x3F, 0x80, 0x00, 0x03, 0xFC, 0x00, 0x00, 0x7F, 0x80, 0x00, 0x0B, 0xF4, 0x00, 0x00, 0xBF, 0x00,
    0x00, 0x0F, 0xF0, 0x00, 0x00, 0xFD, 0x00, 0x00, 0x1F, 0xC0, 0x00, 0x02, 0xFC, 0x00, 0x00, 0x3F,
    0x80, 0x00, 0x03, 0xF4, 0x00, 0x00, 0xBF, 0x00, 0x00, 0x0F, 0xF0, 0x00, 0x00, 0xFE, 0x00, 0x00,
    0x1F, 0xE0, 0x00, 0x02, 0xFD, 0x00, 0x00, 0x3F, 0xC0, 0x00, 0x03, 0xFC, 0x00, 0x00, 0xBF, 0x80,
    0x00, 0x0F, 0xF4, 0x00, 0x00, 0xFF, 0x40, 0x00, 0x2F, 0xF0, 0x00, 0x03, 0xFF, 0x00, 0x00, 0x7F,
    0xE0, 0x00, 0x06, 0xFE, 0x00, 0x00, 0x00, 0x00, 0x00, 0x2E, 0x00, 0x3D, 0x00, 0x7C, 0x00, 0xB8,
    0x00, 0xF4, 0x00, 0xF0, 0x02, 0xF0, 0x03, 0xE0, 0x03, 0xD0, 0x0B, 0xC0, 0x0F, 0xC0, 0x0F, 0xC0,
    0x2F, 0x80, 0x3F, 0x40, 0x3F, 0x40, 0x7F, 0x00, 0x00, 0x03, 0xF8, 0x00, 0x07, 0xF4, 0x00, 0x0F,
    0xF0, 0x00, 0x3F, 0xD0, 0x00, 0x7F, 0x80, 0x00, 0xFF, 0x00, 0x02, 0xFD, 0x00, 0x07, 0xF8, 0x00,
    0x0B, 0xF0, 0x00, 0x2F, 0xD0, 0x00, 0x3F, 0xC0, 0x00, 0xFF, 0x00, 0x00, 0xFD, 0x00, 0x07, 0xF8,
    0x00, 0x07, 0xF0, 0x00, 0x2F, 0xD0, 0x00, 0x2F, 0xC0, 0x00, 0xFF, 0x00, 0x00, 0xFE, 0x00, 0x07,
    0xF8, 0x00, 0x03, 0xF4, 0x00, 0x2F, 0xD0, 0x00, 0x2F, 0xC0, 0x00, 0xFF, 0x00, 0x00, 0xFF, 0x00,
    0x03, 0xFC, 0x00, 0x03, 0xF8, 0x00, 0x1F, 0xD0, 0x00, 0x1F, 0xE0, 0x00, 0xFF, 0x00, 0x00, 0xBF,
    0x40, 0x03, 0xFC, 0x00, 0x03, 0xFC, 0x00, 0x1F, 0xE0, 0x00, 0x0F, 0xF0, 0x00, 0xBF, 0x00, 0x00,
    0xBF, 0x80, 0x03, 0xFC, 0x00, 0x03, 0xFD, 0x00, 0x1F, 0xE0, 0x00, 0x0F, 0xF4, 0x00, 0xBF, 0x40,
    0x00, 0xBF, 0xC0, 0x03, 0xFC, 0x00, 0x03, 0xFF, 0x00, 0x0F, 0xE0, 0x00, 0x1F, 0xF8, 0x00, 0xBF,
    0x40, 0x00, 0x6F, 0xE0, 0x03, 0xFC, 0x00, 0x00, 0x00, 0x00, 0x3F, 0xE0, 0x00, 0x00, 0x01, 0x07,
    0xFF, 0x00, 0x00, 0x00, 0x1F, 0xFF, 0xF8, 0x00, 0x00, 0x00, 0xBF, 0xFF, 0xC0, 0x00, 0x00, 0x03,
    0xFF, 0xFC, 0x00, 0x00, 0x00, 0x1F, 0xFF, 0xC0, 0x00, 0x00, 0x00, 0x7F, 0xE4, 0x00, 0x00, 0x00,
    0x00, 0x01, 0xF4, 0x00, 0x00, 0x00, 0x00, 0x00, 0x0F, 0xE0, 0x00, 0x00, 0x00, 0x00, 0x00, 0xBF,
    0x40, 0x00, 0x00, 0x3F, 0x40, 0x03, 0xFD, 0x00, 0x00, 0x01, 0xFC, 0x00, 0x1F, 0xF0, 0x00, 0x00,
    0x0F, 0xF0, 0x00, 0x00, 0x00, 0x00, 0x00, 0x7F, 0xC0, 0x00, 0x00, 0x00, 0x00, 0x02, 0xFE, 0x00,
    0x00, 0x00, 0x00, 0x00, 0x00, 0x00, 0x00, 0x00, 0x00, 0x00, 0x00, 0x00, 0x00, 0x00, 0x50, 0x00,
    0x00, 0x00, 0x00, 0x00, 0x03, 0xE0, 0x00, 0x00, 0x02, 0xF0, 0x00, 0x0F, 0x40, 0x00, 0x00, 0x0F,
    0x80, 0x00, 0x7C, 0x00, 0x00, 0x00, 0x7D, 0x00, 0x02, 0xE0, 0x00, 0x00, 0x02, 0xF0, 0x00, 0x0F,
    0x40, 0x00, 0x00, 0x0F, 0x80, 0x00, 0x3C, 0x00, 0x00, 0x00, 0x3D, 0x00, 0x02, 0xF0, 0x00, 0x00,
    0x02, 0xF0, 0x00, 0x0F, 0x80, 0x00, 0x00, 0x0F, 0xC0, 0x00, 0x3D, 0x00, 0x00, 0x00, 0x3D, 0x00,
    0x02, 0xF0, 0x00, 0x00, 0x01, 0xF0, 0x00, 0x0F, 0xC0, 0x00, 0x00, 0x0B, 0xC0, 0x00, 0x3F, 0x00,
    0x00, 0x00, 0x3E, 0x00, 0x02, 0xF8, 0x00, 0x00, 0x01, 0xF0, 0x00, 0x0F, 0xD0, 0x00, 0x00, 0x0B,
    0xC0, 0x00, 0x3F, 0x40, 0x00, 0x00, 0x3E, 0x00, 0x01, 0xFC, 0x00, 0x00, 0x01, 0xF4, 0x00, 0x00,
    0x00, 0x00, 0x00, 0x0B, 0xC0, 0x00, 0x00, 0x00, 0x00, 0x00, 0x3E, 0x00, 0x00, 0x00, 0x00, 0x00,
    0x03, 0xF4, 0x00, 0x00, 0x00, 0x00, 0x00, 0x7F, 0xC0, 0x00, 0x00, 0x00, 0x00, 0xFF, 0xFD, 0x00,
    0x00, 0x00, 0x00, 0x0F, 0xFF, 0xE0, 0x00, 0x00, 0x00, 0x00, 0x7F, 0xE8, 0x00, 0x00, 0x00, 0x00,
    0x00, 0x00, 0x00, 0x00, 0x00, 0x00, 0x00, 0x00, 0x00, 0x01, 0xE0, 0x00, 0x00, 0x00, 0x00, 0x03,
    0xF4, 0x00, 0x00, 0x00, 0x00, 0x07, 0xFE, 0x00, 0x00, 0x00, 0x00, 0x1F, 0x4B, 0xC0, 0x00, 0x00,
    0x00, 0x3C, 0x00, 0xF0, 0x00, 0x00, 0x00, 0x60, 0x00, 0x18, 0x00, 0x00, 0x00, 0x00, 0x00, 0x00,
    0x00, 0x00, 0x00, 0x00, 0x55, 0x00, 0x00, 0x00, 0x00, 0x01, 0xFF, 0x00, 0x00, 0x00, 0x00, 0x02,
    0xFD, 0x00, 0x00, 0x00, 0x00, 0x03, 0xFC, 0x00, 0x00, 0x00, 0x00, 0x07, 0xFC, 0x00, 0x00, 0x00,
    0x00, 0x0B, 0xF8, 0x00, 0x00, 0x00, 0x00, 0x0F, 0xF0, 0x00, 0x00, 0x00, 0x00, 0x0F, 0xF0, 0x00,
    0x00, 0x00, 0x00, 0x1F, 0xE0, 0x00, 0x00, 0x00, 0x00, 0x3F, 0xC0, 0x00, 0x00, 0x00, 0x00, 0x3F,
    0xC0, 0x00, 0x00, 0x00, 0x00, 0x7F, 0x80, 0x00, 0x00, 0x00, 0x00, 0xBF, 0x40, 0x00, 0x00, 0x00,
    0x00, 0xFF, 0x00, 0x00, 0x00, 0x00, 0x01, 0xFE, 0x00, 0x00, 0x00, 0x00, 0x02, 0xFD, 0x00, 0x00,
    0x00, 0x00, 0x03, 0xFC, 0x00, 0x00, 0x00, 0x00, 0x03, 0xF8, 0x00, 0x00, 0x00, 0x00, 0x0B, 0xF4,
    0x00, 0x00, 0x00, 0x00, 0x0F, 0xF0, 0x00, 0x00, 0x00, 0x00, 0x0F, 0xE0, 0x00, 0x00, 0x00, 0x00,
    0x1F, 0xD0, 0x00, 0x00, 0x00, 0x00, 0x2F, 0xC0, 0x00, 0x00, 0x00, 0x00, 0x3F, 0x80, 0x00, 0x00,
    0x00, 0x00, 0xBF, 0x40, 0x00, 0x00, 0x00, 0x01, 0xFF, 0x00, 0x00, 0x00, 0x04, 0x0B, 0xFE, 0x00,
    0x00, 0x00, 0x0F, 0xFF, 0xFC, 0x00, 0x00, 0x00, 0x1F, 0xFF, 0xF4, 0x00, 0x00, 0x00, 0x2F, 0xFF,
    0xE0, 0x00, 0x00, 0x00, 0x3F, 0xFF, 0x40, 0x00, 0x00, 0x00, 0x3F, 0xE4, 0x00, 0x00, 0x00, 0x00,
    0x00, 0x00, 0x00, 0x00, 0x00, 0x00, 0x00, 0x00, 0x00, 0x02, 0x80, 0x00, 0x00, 0x00, 0x00, 0x03,
    0xF0, 0x00, 0x00, 0x00, 0x00, 0x0B, 0xF8, 0x00, 0x00, 0x00, 0x00, 0x1F, 0x6F, 0x00, 0x00, 0x00,
    0x00, 0x3C, 0x02, 0xD0, 0x00, 0x00, 0x00, 0xF0, 0x00, 0x78, 0x00, 0x00, 0x00, 0x00, 0x00, 0x00,
    0x00, 0x00, 0x00, 0x00, 0x00, 0x00, 0x00, 0x00, 0x00, 0x0F, 0x40, 0x00, 0x00, 0x00, 0x00, 0x1F,
    0x40, 0x00, 0x00, 0x00, 0x00, 0x3F, 0x00, 0x00, 0x00, 0x00, 0x00, 0x3E, 0x00, 0x00, 0x00, 0x00,
    0x00, 0x7D, 0x00, 0x00, 0x00, 0x00, 0x00, 0xBC, 0x00, 0x00, 0x00, 0x00, 0x00, 0xF8, 0x00, 0x00,
    0x00, 0x00, 0x01, 0xF4, 0x00, 0x00, 0x00, 0x00, 0x02, 0xF0, 0x00, 0x00, 0x00, 0x00, 0x03, 0xE0,
    0x00, 0x00, 0x00, 0x00, 0x03, 0xD0, 0x00, 0x00, 0x00, 0x00, 0x0B, 0xC0, 0x00, 0x00, 0x00, 0x00,
    0x0F, 0x80, 0x00, 0x00, 0x00, 0x00, 0x0F, 0x40, 0x00, 0x00, 0x00, 0x00, 0x2F, 0x00, 0x00, 0x00,
    0x00, 0x00, 0x3E, 0x00, 0x00, 0x00, 0x00, 0x00, 0x7D, 0x00, 0x00, 0x00, 0x00, 0x00, 0xFC, 0x00,
    0x00, 0x00, 0x00, 0x07, 0xF8, 0x00, 0x00, 0x00, 0x06, 0xBF, 0xF0, 0x00, 0x00, 0x00, 0x0F, 0xFF,
    0xD0, 0x00, 0x00, 0x00, 0x3F, 0xFE, 0x00, 0x00, 0x00, 0x00, 0x00, 0x00, 0x00, 0x00, 0x00, 0x00,
    0x00, 0x00, 0x3F, 0x40, 0x0F, 0xF0, 0x00, 0x01, 0xFC, 0x00, 0xFF, 0x40, 0x00, 0x0F, 0xE0, 0x0B,
    0xF4, 0x00, 0x00, 0x3F, 0x40, 0xBF, 0x80, 0x00, 0x02, 0xFC, 0x07, 0xF8, 0x00, 0x00, 0x0F, 0xE0,
    0x7F, 0xC0, 0x00, 0x00, 0x3F, 0x43, 0xFC, 0x00, 0x00, 0x02, 0xFC, 0x3F, 0xC0, 0x00, 0x00, 0x0F,
    0xE3, 0xFD, 0x00, 0x00, 0x00, 0x7F, 0x7F, 0xD0, 0x00, 0x00, 0x02, 0xFF, 0xFE, 0x00, 0x00, 0x00,
    0x0F, 0xFF, 0xE0, 0x00, 0x00, 0x00, 0x7F, 0xFF, 0x00, 0x00, 0x00, 0x02, 0xFF, 0xF0, 0x00, 0x00,
    0x00, 0x0F, 0xFF, 0xF0, 0x00, 0x00, 0x00, 0x7F, 0xFF, 0xD0, 0x00, 0x00, 0x02, 0xFF, 0xFF, 0xC0,
    0x00, 0x00, 0x0F, 0xF3, 0xFF, 0xC0, 0x00, 0x00, 0x7F, 0x8B, 0xFF, 0x80, 0x00, 0x03, 0xFD, 0x0F,
    0xFF, 0x40, 0x00, 0x0F, 0xF0, 0x2F, 0xFF, 0x00, 0x00, 0x7F, 0x80, 0x3F, 0xFE, 0x00, 0x03, 0xFD,
    0x00, 0xBF, 0xFD, 0x00, 0x0F, 0xF0, 0x01, 0xFF, 0xFC, 0x00, 0xBF, 0x80, 0x03, 0xFF, 0xF8, 0x00,
    0x00, 0x00, 0x00, 0x00, 0x00, 0x00, 0x00, 0x00, 0x00, 0x00, 0x00, 0x00, 0x00, 0x1F, 0xF8, 0x00,
    0x00, 0x00, 0x00, 0xFF, 0xC0, 0x00, 0x00, 0x00, 0x03, 0xFD, 0x00, 0x00, 0x00, 0x00, 0x2F, 0xF0,
    0x00, 0x00, 0x00, 0x00, 0xFF, 0x40, 0x00, 0x00, 0x00, 0x07, 0xFC, 0x00, 0x00, 0x00, 0x00, 0x3F,
    0xC0, 0x00, 0x00, 0x00, 0x02, 0xFE, 0x00, 0x00, 0x00, 0x00, 0x00, 0x00, 0x00, 0x00, 0x00, 0x00,
    0x00, 0x00, 0x00, 0x00, 0x01, 0xF4, 0x00, 0x00, 0x03, 0xF0, 0x00, 0x00, 0x03, 0xF0, 0x00, 0x00,
    0x07, 0xD0, 0x00, 0x00, 0x0F, 0xC0, 0x00, 0x00, 0x0F, 0xC0, 0x00, 0x00, 0x1F, 0x80, 0x00, 0x00,
    0x2F, 0x00, 0x00, 0x00, 0x3F, 0x03, 0xF8, 0x00, 0x7E, 0x0F, 0xD0, 0x00, 0xBC, 0x3F, 0x40, 0x00,
    0xFC, 0xFD, 0x00, 0x01, 0xFF, 0xF4, 0x00, 0x02, 0xFF, 0xD0, 0x00, 0x03, 0xFF, 0x80, 0x00, 0x07,
    0xFF, 0xD0, 0x00, 0x0B, 0xEF, 0xF0, 0x00, 0x0F, 0xDB, 0xFC, 0x00, 0x0F, 0xC3, 0xFE, 0x00, 0x2F,
    0xC2, 0xFF, 0x40, 0x3F, 0x80, 0xFF, 0xD0, 0x3F, 0x40, 0xBF, 0xF0, 0xBF, 0x00, 0x3F, 0xFC, 0x00,
    0x00, 0x00, 0x00, 0x00, 0x00, 0x00, 0x00, 0x00, 0x00, 0x00, 0x00, 0x00, 0x00, 0x00, 0x00, 0x00,
    0x00, 0x00, 0x00, 0x00, 0x1F, 0xF4, 0x00, 0x00, 0x3F, 0xF0, 0x00, 0x00, 0x3F, 0xD0, 0x00, 0x00,
    0xBF, 0xC0, 0x00, 0x00, 0xFF, 0x00, 0x00, 0x02, 0xFE, 0x00, 0x00, 0x03, 0xFC, 0x00, 0x00, 0x0F,
    0xF8, 0x00, 0x00, 0x00, 0x00, 0x00, 0x00, 0x00, 0x15, 0x01, 0x50, 0x03, 0xD0, 0xBC, 0x00, 0x3C,
    0x1F, 0x00, 0x0B, 0x87, 0xD0, 0x00, 0xF4, 0xF4, 0x00, 0x1F, 0x3E, 0x00, 0x02, 0xEF, 0x80, 0x00,
    0x3F, 0xF0, 0x00, 0x07, 0xFC, 0x00, 0x00, 0xBF, 0xC0, 0x00, 0x0F, 0xFF, 0x00, 0x01, 0xF7, 0xF8,
    0x00, 0x3F, 0x2F, 0xD0, 0x03, 0xD0, 0xFF, 0x00, 0x7C, 0x0F, 0xF8, 0x0F, 0xC0, 0x7F, 0xD0, 0x00,
    0x00, 0x00, 0x24, 0x00, 0x00, 0x00, 0x0F, 0x00, 0x00, 0x00, 0x02, 0xE0, 0x00, 0x00, 0x00, 0xBC,
    0x00, 0x00, 0x00, 0x1F, 0x40, 0x00, 0x00, 0x03, 0xE0, 0x00, 0x00, 0x00, 0x00, 0x00, 0x00, 0x00,
    0x00, 0x00, 0x00, 0x00, 0x00, 0x00, 0x00, 0x00, 0x00, 0x00, 0x00, 0x00, 0x00, 0x00, 0xFD, 0x00,
    0x00, 0x00, 0x1F, 0xC0, 0x00, 0x00, 0x02, 0xFC, 0x00, 0x00, 0x00, 0x3F, 0x80, 0x00, 0x00, 0x07,
    0xF4, 0x00, 0x00, 0x00, 0xBF, 0x00, 0x00, 0x00, 0x0F, 0xE0, 0x00, 0x00, 0x00, 0xFD, 0x00, 0x00,
    0x00, 0x2F, 0xC0, 0x00, 0x00, 0x03, 0xFC, 0x00, 0x00, 0x00, 0x3F, 0x40, 0x00, 0x00, 0x07, 0xF0,
    0x00, 0x00, 0x00, 0xFF, 0x00, 0x00, 0x00, 0x0F, 0xE0, 0x00, 0x00, 0x01, 0xFD, 0x00, 0x00, 0x00,
    0x2F, 0xC0, 0x00, 0x00, 0x03, 0xF8, 0x00, 0x00, 0x00, 0x7F, 0x40, 0x00, 0x00, 0x0B, 0xF0, 0x00,
    0x00, 0x00, 0xFF, 0x00, 0x00, 0x00, 0x1F, 0xFA, 0xAB, 0xFF, 0xC2, 0xFF, 0xFF, 0xFF, 0xF8, 0x3F,
    0xFF, 0xFF, 0xFF, 0x43, 0xFF, 0xFF, 0xFF, 0xF0, 0xBF, 0xFF, 0xFF, 0xFF, 0x00, 0x00, 0x00, 0x00,
    0x1E, 0x00, 0x00, 0x00, 0x3C, 0x00, 0x00, 0x00, 0xF4, 0x00, 0x00, 0x02, 0xF0, 0x00, 0x00, 0x07,
    0xC0, 0x00, 0x00, 0x0A, 0x80, 0x00, 0x00, 0x00, 0x00, 0x00, 0x00, 0x00, 0x00, 0x00, 0x00, 0x00,
    0x00, 0x00, 0x00, 0x00, 0x00, 0x00, 0x00, 0x50, 0x00, 0x00, 0x01, 0xF4, 0x00, 0x00, 0x03, 0xF0,
    0x00, 0x00, 0x03, 0xE0, 0x00, 0x00, 0x0B, 0xD0, 0x00, 0x00, 0x0F, 0xC0, 0x00, 0x00, 0x1F, 0x80,
    0x00, 0x00, 0x2F, 0x40, 0x00, 0x00, 0x3F, 0x00, 0x00, 0x00, 0x7E, 0x00, 0x00, 0x00, 0xBC, 0x00,
    0x00, 0x00, 0xFC, 0x00, 0x00, 0x01, 0xF8, 0x00, 0x00, 0x02, 0xF4, 0x00, 0x00, 0x03, 0xF0, 0x00,
    0x00, 0x07, 0xF0, 0x00, 0x00, 0x0B, 0xE0, 0x00, 0x00, 0x0F, 0xC0, 0x00, 0x00, 0x0F, 0xC0, 0x00,
    0x00, 0x1F, 0x80, 0x00, 0x00, 0x2F, 0x40, 0x00, 0x00, 0x3F, 0xFE, 0x00, 0x00, 0x3F, 0xFE, 0x00,
    0x00, 0x7F, 0xFD, 0x00, 0x00, 0x00, 0x00, 0xA9, 0x00, 0x00, 0x00, 0x1F, 0xC0, 0x00, 0x00, 0x02,
    0xFC, 0x00, 0x00, 0x00, 0x3F, 0x80, 0x00, 0x00, 0x03, 0xF4, 0x00, 0x00, 0x00, 0xBF, 0x00, 0x00,
    0x00, 0x0F, 0xE0, 0x00, 0x00, 0x00, 0xFD, 0x00, 0x00, 0x00, 0x1F, 0xC0, 0x00, 0x00, 0x03, 0xFC,
    0x00, 0x00, 0x00, 0x3F, 0x80, 0x00, 0x00, 0x07, 0xF0, 0x00, 0x00, 0x00, 0xFF, 0x00, 0x00, 0x00,
    0x0F, 0xE0, 0x00, 0x00, 0x01, 0xFD, 0x00, 0x00, 0x00, 0x2F, 0xC0, 0x00, 0x00, 0x03, 0xF8, 0x00,
    0x00, 0x00, 0x7F, 0x40, 0x00, 0x00, 0x0B, 0xF0, 0x00, 0x00, 0x00, 0xFF, 0x00, 0x00, 0x00, 0x1F,
    0xFA, 0xAB, 0xFF, 0xC2, 0xFF, 0xFF, 0xFF, 0xF8, 0x3F, 0xFF, 0xFF, 0xFF, 0x43, 0xFF, 0xFF, 0xFF,
    0xF0, 0xBF, 0xFF, 0xFF, 0xFF, 0x00, 0x00, 0x00, 0x00, 0x00, 0x00, 0x00, 0x00, 0x00, 0x00, 0x00,
    0x00, 0x00, 0x00, 0x00, 0x00, 0x00, 0x00, 0x00, 0x00, 0xFF, 0xC0, 0x00, 0x00, 0x1F, 0xF4, 0x00,
    0x00, 0x02, 0xFF, 0x00, 0x00, 0x00, 0x3F, 0xD0, 0x00, 0x00, 0x07, 0xF8, 0x00, 0x00, 0x00, 0xFF,
    0x00, 0x00, 0x00, 0x2F, 0xE0, 0x00, 0x00, 0x07, 0xFC, 0x00, 0x00, 0x00, 0x00, 0x00, 0x00, 0x00,
    0x00, 0x00, 0x24, 0x00, 0x00, 0x7D, 0x00, 0x00, 0xFC, 0x00, 0x01, 0xF8, 0x00, 0x02, 0xF4, 0x00,
    0x03, 0xF0, 0x00, 0x07, 0xE0, 0x00, 0x0B, 0xD0, 0x00, 0x0F, 0xC0, 0x00, 0x1F, 0x80, 0x00, 0x2F,
    0x00, 0x00, 0x3F, 0x00, 0x00, 0x7E, 0x00, 0x00, 0xBD, 0x00, 0x00, 0xFC, 0x00, 0x01, 0xFC, 0x00,
    0x02, 0xF8, 0x00, 0x03, 0xF0, 0x00, 0x03, 0xF0, 0x00, 0x07, 0xE0, 0x00, 0x0F, 0xD0, 0x00, 0x0F,
    0xFF, 0x80, 0x0F, 0xFF, 0x80, 0x1F, 0xFF, 0x40, 0x00, 0x00, 0x00, 0x00, 0x00, 0x00, 0x00, 0x00,
    0x00, 0x00, 0x00, 0x00, 0x00, 0x7F, 0xD0, 0x00, 0xFF, 0xC0, 0x00, 0xFF, 0x40, 0x02, 0xFF, 0x00,
    0x03, 0xFD, 0x00, 0x07, 0xF8, 0x00, 0x0F, 0xF0, 0x00, 0x2F, 0xE0, 0x00, 0x00, 0x00, 0x00, 0x00,
    0x00, 0xA9, 0x00, 0x00, 0x00, 0x07, 0xF0, 0x00, 0x00, 0x00, 0x2F, 0xC0, 0x00, 0x00, 0x00, 0xFE,
    0x00, 0x00, 0x00, 0x03, 0xF4, 0x00, 0x00, 0x00, 0x2F, 0xC0, 0x00, 0x00, 0x00, 0xFE, 0x00, 0x0B,
    0x80, 0x03, 0xF4, 0x00, 0x3D, 0x00, 0x1F, 0xC0, 0x02, 0xF0, 0x00, 0xFF, 0x00, 0x0F, 0x80, 0x03,
    0xF8, 0x00, 0x7D, 0x00, 0x1F, 0xC0, 0x02, 0xF0, 0x00, 0xBF, 0x00, 0x00, 0x00, 0x03, 0xF8, 0x00,
    0x00, 0x00, 0x1F, 0xD0, 0x00, 0x00, 0x00, 0xBF, 0x00, 0x00, 0x00, 0x03, 0xF8, 0x00, 0x00, 0x00,
    0x1F, 0xD0, 0x00, 0x00, 0x00, 0xBF, 0x00, 0x00, 0x00, 0x03, 0xFC, 0x00, 0x00, 0x00, 0x1F, 0xFA,
    0xAB, 0xFF, 0xC0, 0xBF, 0xFF, 0xFF, 0xFE, 0x03, 0xFF, 0xFF, 0xFF, 0xF4, 0x0F, 0xFF, 0xFF, 0xFF,
    0xC0, 0xBF, 0xFF, 0xFF, 0xFF, 0x00, 0x00, 0x00, 0x00, 0x03, 0xC0, 0x00, 0x0A, 0x40, 0xBC, 0x00,
    0x01, 0xF4, 0x0F, 0x80, 0x00, 0x3F, 0x01, 0xF4, 0x00, 0x07, 0xE0, 0x2F, 0x00, 0x00, 0xBD, 0x03,
    0xE0, 0x00, 0x0F, 0xC0, 0x00, 0x00, 0x01, 0xF8, 0x00, 0x00, 0x00, 0x2F, 0x00, 0x00, 0x00, 0x03,
    0xF0, 0x00, 0x00, 0x00, 0x7E, 0x00, 0x00, 0x00, 0x0B, 0xC0, 0x00, 0x00, 0x00, 0xFC, 0x00, 0x00,
    0x00, 0x1F, 0x80, 0x00, 0x00, 0x02, 0xF4, 0x00, 0x00, 0x00, 0x3F, 0x00, 0x00, 0x00, 0x07, 0xF0,
    0x00, 0x00, 0x00, 0xBE, 0x00, 0x00, 0x00, 0x0F, 0xC0, 0x00, 0x00, 0x00, 0xFC, 0x00, 0x00, 0x00,
    0x1F, 0x80, 0x00, 0x00, 0x03, 0xF4, 0x00, 0x00, 0x00, 0x3F, 0xFE, 0x00, 0x00, 0x03, 0xFF, 0xE0,
    0x00, 0x00, 0x7F, 0xFD, 0x00, 0x00, 0x00, 0x00, 0x00, 0xFD, 0x00, 0x00, 0x00, 0x01, 0xFC, 0x00,
    0x00, 0x00, 0x02, 0xFC, 0x00, 0x00, 0x00, 0x03, 0xF8, 0x00, 0x00, 0x00, 0x07, 0xF4, 0x00, 0x00,
    0x00, 0x0B, 0xF0, 0x00, 0xFC, 0x00, 0x0F, 0xE0, 0x01, 0xFC, 0x00, 0x0F, 0xD0, 0x03, 0xFC, 0x00,
    0x2F, 0xC0, 0x07, 0xFC, 0x00, 0x3F, 0xC0, 0x0F, 0xF8, 0x00, 0x3F, 0x40, 0x00, 0x00, 0x00, 0x7F,
    0x00, 0x00, 0x00, 0x00, 0xFF, 0x00, 0x00, 0x00, 0x00, 0xFE, 0x00, 0x00, 0x00, 0x01, 0xFD, 0x00,
    0x00, 0x00, 0x02, 0xFC, 0x00, 0x00, 0x00, 0x03, 0xF8, 0x00, 0x00, 0x00, 0x07, 0xF4, 0x00, 0x00,
    0x00, 0x0B, 0xF0, 0x00, 0x00, 0x00, 0x0F, 0xF0, 0x00, 0x00, 0x00, 0x1F, 0xFA, 0xAB, 0xFF, 0xC0,
    0x2F, 0xFF, 0xFF, 0xFF, 0x80, 0x3F, 0xFF, 0xFF, 0xFF, 0x40, 0x3F, 0xFF, 0xFF, 0xFF, 0x00, 0xBF,
    0xFF, 0xFF, 0xFF, 0x00, 0x00, 0x00, 0x00, 0x00, 0x00, 0x00, 0xF4, 0x00, 0x00, 0x02, 0xF4, 0x00,
    0x00, 0x03, 0xF0, 0x00, 0x00, 0x07, 0xE0, 0x00, 0x00, 0x0F, 0xC0, 0x00, 0x00, 0x0F, 0xC0, 0x00,
    0x00, 0x1F, 0x40, 0x7E, 0x00, 0x3F, 0x00, 0xFE, 0x00, 0x3F, 0x01, 0xFD, 0x00, 0x7D, 0x03, 0xFD,
    0x00, 0xFC, 0x07, 0xFC, 0x00, 0xFC, 0x00, 0x00, 0x01, 0xF8, 0x00, 0x00, 0x03, 0xF0, 0x00, 0x00,
    0x03, 0xF0, 0x00, 0x00, 0x07, 0xE0, 0x00, 0x00, 0x0B, 0xD0, 0x00, 0x00, 0x0F, 0xC0, 0x00, 0x00,
    0x0F, 0xC0, 0x00, 0x00, 0x2F, 0x80, 0x00, 0x00, 0x3F, 0x40, 0x00, 0x00, 0x3F, 0xFE, 0x00, 0x00,
    0x3F, 0xFE, 0x00, 0x00, 0x7F, 0xFD, 0x00, 0x00, 0x00, 0x00, 0x00, 0x00, 0x00, 0x00, 0x00, 0x00,
    0x00, 0x14, 0x00, 0x00, 0x00, 0x00, 0x00, 0x00, 0x00, 0x00, 0x02, 0xF0, 0x00, 0x00, 0x00, 0x00,
    0x00, 0x00, 0x00, 0x00, 0x0B, 0xD0, 0x00, 0x00, 0x00, 0x00, 0x00, 0x00, 0x00, 0x00, 0x2F, 0x40,
    0x00, 0x00, 0x00, 0x00, 0x00, 0x00, 0x00, 0x00, 0xBD, 0x00, 0x00, 0x00, 0x00, 0x00, 0x00, 0x02,
    0xA4, 0x02, 0xF4, 0x00, 0x00, 0x00, 0x00, 0x00, 0x00, 0x07, 0xF0, 0x0B, 0xD0, 0x00, 0x00, 0x00,
    0x00, 0x00, 0x00, 0x0B, 0xF0, 0x2F, 0x40, 0x00, 0x00, 0x00, 0x00, 0x00, 0x00, 0x0F, 0xE0, 0xBE,
    0x00, 0x00, 0x00, 0x00, 0x00, 0x00, 0x00, 0x0F, 0xD2, 0xF8, 0x00, 0x00, 0x00, 0x00, 0x00, 0x00,
    0x00, 0x2F, 0xC7, 0xE0, 0x00, 0x00, 0x00, 0x00, 0x00, 0x00, 0x00, 0x3F, 0x9F, 0x80, 0x00, 0x00,
    0x00, 0x00, 0x00, 0x00, 0x00, 0x3F, 0xFE, 0x00, 0x00, 0x00, 0x00, 0x00, 0x00, 0x00, 0x00, 0x7F,
    0xF8, 0x00, 0x00, 0x00, 0x00, 0x00, 0x00, 0x00, 0x00, 0xFF, 0xF0, 0x00, 0x00, 0x00, 0x00, 0x00,
    0x00, 0x00, 0x00, 0xFF, 0xC0, 0x00, 0x00, 0x00, 0x00, 0x00, 0x00, 0x00, 0x01, 0xFF, 0x00, 0x00,
    0x00, 0x00, 0x00, 0x00, 0x00, 0x00, 0x02, 0xFC, 0x00, 0x00, 0x00, 0x00, 0x00, 0x00, 0x00, 0x00,
    0x07, 0xF8, 0x00, 0x00, 0x00, 0x00, 0x00, 0x00, 0x00, 0x00, 0x1F, 0xF4, 0x00, 0x00, 0x00, 0x00,
    0x00, 0x00, 0x00, 0x00, 0x7F, 0xF0, 0x00, 0x00, 0x00, 0x00, 0x00, 0x00, 0x00, 0x01, 0xFF, 0xE0,
    0x00, 0x00, 0x00, 0x00, 0x00, 0x00, 0x00, 0x07, 0xFF, 0xD0, 0x00, 0x00, 0x00, 0x00, 0x00, 0x00,
    0x00, 0x1F, 0xFF, 0xC0, 0x00, 0x00, 0x00, 0x00, 0x00, 0x00, 0x00, 0x7F, 0x7F, 0xC0, 0x00, 0x00,
    0x00, 0x00, 0x00, 0x00, 0x01, 0xFD, 0x7F, 0xEA, 0xAF, 0xFF, 0x00, 0x00, 0x00, 0x00, 0x07, 0xF4,
    0xBF, 0xFF, 0xFF, 0xFE, 0x00, 0x00, 0x00, 0x00, 0x1F, 0xD0, 0xFF, 0xFF, 0xFF, 0xFD, 0x00, 0x00,
    0x00, 0x00, 0x7F, 0x40, 0xFF, 0xFF, 0xFF, 0xFC, 0x00, 0x00, 0x00, 0x01, 0xFE, 0x02, 0xFF, 0xFF,
    0xFF, 0xFC, 0x00, 0x00, 0x00, 0x07, 0xF8, 0x00, 0x00, 0x00, 0x00, 0x00, 0x00, 0x00, 0x00, 0x0F,
    0xE0, 0x00, 0x00, 0x00, 0x00, 0x00, 0x00, 0x00, 0x00, 0x3F, 0x80, 0x00, 0x00, 0x00, 0x00, 0x00,
    0x00, 0x00, 0x00, 0xFE, 0x00, 0x00, 0x00, 0x00, 0x00, 0x00, 0x00, 0x00, 0x03, 0xF8, 0x00, 0x00,
    0x00, 0x00, 0x00, 0x00, 0x00, 0x00, 0x0F, 0x40, 0x00, 0x00, 0x00, 0x00, 0x00, 0x00, 0x00, 0x00,
    0x10, 0x00, 0x00, 0x00, 0x00, 0x00, 0x00, 0x00, 0x00, 0x00, 0x00, 0x00, 0x00, 0x00, 0x02, 0x40,
    0x00, 0x00, 0x00, 0x00, 0x00, 0x07, 0xD0, 0x00, 0x00, 0x00, 0x00, 0x00, 0x0F, 0xC0, 0x00, 0x00,
    0x00, 0x00, 0x00, 0x1F, 0x80, 0x00, 0x00, 0x00, 0x00, 0x00, 0x2F, 0x40, 0x00, 0x00, 0x00, 0x00,
    0x00, 0x3F, 0x00, 0x00, 0x00, 0x00, 0x00, 0x00, 0x7E, 0x00, 0x00, 0x00, 0x00, 0x00, 0x00, 0xBC,
    0x00, 0x00, 0x00, 0x00, 0x00, 0x00, 0xFC, 0x00, 0x00, 0x00, 0x00, 0x00, 0x01, 0xF8, 0x00, 0x00,
    0x00, 0x00, 0x00, 0x02, 0xF0, 0x00, 0x00, 0x00, 0x00, 0x00, 0x03, 0xF0, 0x00, 0x00, 0x00, 0x00,
    0x00, 0x07, 0xE0, 0x00, 0x00, 0x00, 0x00, 0x00, 0x0B, 0xD1, 0xAF, 0xF4, 0x00, 0x00, 0x01, 0x6F,
    0xFF, 0xA4, 0x00, 0x00, 0x6B, 0xFF, 0xFF, 0x80, 0x00, 0x00, 0x1B, 0xFE, 0x90, 0x2F, 0x40, 0x00,
    0x00, 0x00, 0x00, 0x00, 0x3F, 0x00, 0x00, 0x00, 0x00, 0x00, 0x00, 0x3F, 0x00, 0x00, 0x00, 0x00,
    0x00, 0x00, 0x7E, 0x00, 0x00, 0x00, 0x00, 0x00, 0x00, 0xBD, 0x00, 0x00, 0x00, 0x00, 0x00, 0x00,
    0xFF, 0xF8, 0x00, 0x00, 0x00, 0x00, 0x00, 0xFF, 0xF8, 0x00, 0x00, 0x00, 0x00, 0x01, 0xFF, 0xF4,
    0x00, 0x00, 0x00, 0x00, 0x00, 0x00, 0x00, 0x19, 0x00, 0x00, 0x00, 0x00, 0x00, 0x00, 0x7C, 0x00,
    0x00, 0x00, 0x00, 0x00, 0x00, 0xF0, 0x00, 0x00, 0x00, 0x00, 0x00, 0x03, 0xE0, 0x00, 0x00, 0x00,
    0x00, 0x00, 0x0B, 0xC0, 0x00, 0x00, 0x00, 0x00, 0x00, 0x1F, 0x40, 0x00, 0x00, 0x00, 0x00, 0x00,
    0x00, 0x00, 0x00, 0x00, 0x00, 0x00, 0x00, 0x00, 0x00, 0x00, 0x00, 0x00, 0x00, 0x00, 0x00, 0x00,
    0x00, 0x00, 0x00, 0x00, 0x00, 0x00, 0x00, 0x00, 0x00, 0x00, 0x00, 0x00, 0x00, 0x01, 0xFC, 0x00,
    0x00, 0xBF, 0x80, 0x00, 0x03, 0xFC, 0x00, 0x00, 0xFF, 0xC0, 0x00, 0x03, 0xF8, 0x00, 0x01, 0xFF,
    0xC0, 0x00, 0x0B, 0xF0, 0x00, 0x02, 0xFF, 0xD0, 0x00, 0x0F, 0xF0, 0x00, 0x03, 0xFF, 0xE0, 0x00,
    0x0F, 0xE0, 0x00, 0x07, 0xFF, 0xE0, 0x00, 0x2F, 0xC0, 0x00, 0x0B, 0xFF, 0xF0, 0x00, 0x3F, 0xC0,
    0x00, 0x0F, 0xFF, 0xF0, 0x00, 0x7F, 0x80, 0x00, 0x1F, 0xEB, 0xF4, 0x00, 0xBF, 0x40, 0x00, 0x2F,
    0xD7, 0xF8, 0x00, 0xFF, 0x00, 0x00, 0x3F, 0xC3, 0xFC, 0x01, 0xFE, 0x00, 0x00, 0x7F, 0xC3, 0xFC,
    0x02, 0xFD, 0x00, 0x00, 0xBF, 0x83, 0xFC, 0x03, 0xFC, 0x00, 0x00, 0xFF, 0x42, 0xFD, 0x07, 0xF8,
    0x00, 0x01, 0xFF, 0x01, 0xFE, 0x0B, 0xF4, 0x00, 0x02, 0xFF, 0x00, 0xFF, 0x0F, 0xF0, 0x00, 0x03,
    0xFE, 0x00, 0xFF, 0x1F, 0xE0, 0x00, 0x07, 0xFD, 0x00, 0xFF, 0x3F, 0xD0, 0x00, 0x0F, 0xFC, 0x00,
    0xBF, 0x7F, 0xC0, 0x00, 0x0F, 0xFC, 0x00, 0x7F, 0xFF, 0xC0, 0x00, 0x1F, 0xF8, 0x00, 0x3F, 0xFF,
    0x40, 0x00, 0x3F, 0xF4, 0x00, 0x3F, 0xFF, 0x00, 0x00, 0x3F, 0xF0, 0x00, 0x2F, 0xFF, 0x00, 0x00,
    0xBF, 0xF0, 0x00, 0x2F, 0xFD, 0x00, 0x00, 0x00, 0x00, 0x00, 0x00, 0x28, 0x00, 0x00, 0x00, 0x00,
    0xB4, 0x00, 0x00, 0x00, 0x01, 0xF0, 0x00, 0x00, 0x00, 0x03, 0xC0, 0x00, 0x00, 0x00, 0x0F, 0x80,
    0x00, 0x00, 0x00, 0x2F, 0x00, 0x00, 0x00, 0x00, 0x00, 0x00, 0x00, 0x00, 0x00, 0x00, 0x00, 0x00,
    0x00, 0x00, 0x00, 0x00, 0x00, 0x00, 0x00, 0x00, 0x00, 0x00, 0x00, 0x00, 0x00, 0x00, 0x00, 0x00,
    0x01, 0x50, 0x00, 0x00, 0x1E, 0x6F, 0xFE, 0x00, 0x00, 0x3F, 0xFF, 0xFF, 0x80, 0x00, 0x3F, 0xF4,
    0x1F, 0xC0, 0x00, 0x7F, 0x80, 0x0B, 0xC0, 0x00, 0xFE, 0x00, 0x0B, 0xC0, 0x00, 0xFC, 0x00, 0x0F,
    0xC0, 0x01, 0xFC, 0x00, 0x0F, 0xC0, 0x03, 0xF4, 0x00, 0x1F, 0xC0, 0x03, 0xF4, 0x00, 0x2F, 0x80,
    0x07, 0xF0, 0x00, 0x3F, 0x40, 0x0F, 0xF0, 0x00, 0x7F, 0x00, 0x0F, 0xE0, 0x00, 0xBF, 0x00, 0x2F,
    0xD0, 0x00, 0xFF, 0x00, 0x3F, 0xC0, 0x00, 0xFE, 0x00, 0x3F, 0xC0, 0x01, 0xFD, 0x00, 0xBF, 0x80,
    0x03, 0xFD, 0x00, 0x00, 0x00, 0x00, 0x00, 0x00, 0x01, 0xA8, 0x00, 0x00, 0x7F, 0x80, 0x00, 0x03,
    0xFC, 0x00, 0x00, 0xFF, 0xC0, 0x00, 0x03, 0xF8, 0x00, 0x00, 0xFF, 0xC0, 0x00, 0x0B, 0xF0, 0x00,
    0x02, 0xFF, 0xD0, 0x00, 0x0F, 0xF0, 0x00, 0x03, 0xFF, 0xE0, 0x00, 0x0F, 0xE0, 0x00, 0x07, 0xFF,
    0xE0, 0x00, 0x2F, 0xD0, 0x00, 0x0B, 0xFF, 0xF0, 0x00, 0x3F, 0xC0, 0x00, 0x0F, 0xFF, 0xF0, 0x00,
    0x7F, 0x80, 0x00, 0x1F, 0xEB, 0xF4, 0x00, 0xBF, 0x40, 0x00, 0x2F, 0xD7, 0xF8, 0x00, 0xFF, 0x00,
    0x00, 0x3F, 0xC3, 0xF8, 0x01, 0xFE, 0x00, 0x00, 0x7F, 0xC3, 0xFC, 0x02, 0xFD, 0x00, 0x00, 0xBF,
    0x83, 0xFC, 0x03, 0xFC, 0x00, 0x00, 0xFF, 0x42, 0xFD, 0x07, 0xF8, 0x00, 0x01, 0xFF, 0x01, 0xFE,
    0x0B, 0xF4, 0x00, 0x02, 0xFF, 0x00, 0xFF, 0x0F, 0xF0, 0x00, 0x03, 0xFE, 0x00, 0xFF, 0x1F, 0xE0,
    0x00, 0x07, 0xFD, 0x00, 0xFF, 0x3F, 0xD0, 0x00, 0x0F, 0xFC, 0x00, 0xBF, 0x7F, 0xC0, 0x00, 0x0F,
    0xFC, 0x00, 0x7F, 0xFF, 0xC0, 0x00, 0x1F, 0xF8, 0x00, 0x3F, 0xFF, 0x40, 0x00, 0x3F, 0xF4, 0x00,
    0x3F, 0xFF, 0x00, 0x00, 0x3F, 0xF0, 0x00, 0x2F, 0xFF, 0x00, 0x00, 0xBF, 0xF0, 0x00, 0x2F, 0xFD,
    0x00, 0x00, 0x00, 0x00, 0x00, 0x00, 0x00, 0x00, 0x00, 0x00, 0x00, 0x00, 0x00, 0x00, 0x00, 0x00,
    0x00, 0x00, 0xFF, 0xC0, 0x00, 0x00, 0x00, 0x00, 0x01, 0xFF, 0x40, 0x00, 0x00, 0x00, 0x00, 0x03,
    0xFF, 0x00, 0x00, 0x00, 0x00, 0x00, 0x03, 0xFD, 0x00, 0x00, 0x00, 0x00, 0x00, 0x07, 0xF8, 0x00,
    0x00, 0x00, 0x00, 0x00, 0x0F, 0xF0, 0x00, 0x00, 0x00, 0x00, 0x00, 0x2F, 0xE0, 0x00, 0x00, 0x00,
    0x00, 0x00, 0x7F, 0xC0, 0x00, 0x00, 0x00, 0x00, 0x00, 0x00, 0x00, 0x00, 0x00, 0x00, 0x00, 0x00,
    0x00, 0x01, 0x50, 0x00, 0x01, 0xE6, 0xFF, 0xE0, 0x00, 0x3F, 0xFF, 0xFF, 0x80, 0x03, 0xFF, 0x41,
    0xFC, 0x00, 0x7F, 0x80, 0x0B, 0xC0, 0x0F, 0xE0, 0x00, 0xBC, 0x00, 0xFC, 0x00, 0x0F, 0xC0, 0x1F,
    0xC0, 0x00, 0xFC, 0x03, 0xF4, 0x00, 0x1F, 0xC0, 0x3F, 0x40, 0x02, 0xF8, 0x07, 0xF0, 0x00, 0x3F,
    0x40, 0xFF, 0x00, 0x07, 0xF0, 0x0F, 0xE0, 0x00, 0xBF, 0x02, 0xFD, 0x00, 0x0F, 0xF0, 0x3F, 0xC0,
    0x00, 0xFE, 0x03, 0xFC, 0x00, 0x1F, 0xD0, 0xBF, 0x80, 0x03, 0xFD, 0x00, 0x00, 0x00, 0x00, 0x00,
    0x00, 0x00, 0x00, 0x00, 0x00, 0x07, 0xFD, 0x00, 0x00, 0x00, 0xFF, 0xC0, 0x00, 0x00, 0x0F, 0xF4,
    0x00, 0x00, 0x02, 0xFF, 0x00, 0x00, 0x00, 0x3F, 0xD0, 0x00, 0x00, 0x0B, 0xF8, 0x00, 0x00, 0x00,
    0xFF, 0x00, 0x00, 0x00, 0x3F, 0xE0, 0x00, 0x00, 0x00, 0x00, 0x00, 0x00, 0x00, 0x00, 0x00, 0x00,
    0x00, 0x00, 0x00, 0x00, 0x00, 0x00, 0x00, 0x3C, 0x00, 0x1D, 0x00, 0x00, 0x00, 0x00, 0x0F, 0x01,
    0xF4, 0x00, 0x00, 0x00, 0x00, 0x07, 0xDB, 0xC0, 0x00, 0x00, 0x00, 0x00, 0x02, 0xFE, 0x00, 0x00,
    0x00, 0x00, 0x00, 0x00, 0xF8, 0x00, 0x00, 0x00, 0x00, 0x00, 0x00, 0x60, 0x00, 0x00, 0x00, 0x00,
    0x00, 0x00, 0x00, 0x00, 0x00, 0x00, 0x00, 0x00, 0x00, 0x00, 0x00, 0x00, 0x00, 0x00, 0x00, 0x00,
    0x00, 0x00, 0x00, 0x00, 0x00, 0x00, 0x00, 0x00, 0x01, 0xA8, 0x00, 0x00, 0x7F, 0x80, 0x00, 0x03,
    0xFC, 0x00, 0x00, 0xFF, 0xC0, 0x00, 0x03, 0xF8, 0x00, 0x00, 0xFF, 0xC0, 0x00, 0x0B, 0xF0, 0x00,
    0x02, 0xFF, 0xD0, 0x00, 0x0F, 0xF0, 0x00, 0x03, 0xFF, 0xE0, 0x00, 0x0F, 0xE0, 0x00, 0x07, 0xFF,
    0xE0, 0x00, 0x2F, 0xD0, 0x00, 0x0B, 0xFF, 0xF0, 0x00, 0x3F, 0xC0, 0x00, 0x0F, 0xFF, 0xF0, 0x00,
    0x7F, 0x80, 0x00, 0x1F, 0xEB, 0xF4, 0x00, 0xBF, 0x40, 0x00, 0x2F, 0xD7, 0xF8, 0x00, 0xFF, 0x00,
    0x00, 0x3F, 0xC3, 0xF8, 0x01, 0xFE, 0x00, 0x00, 0x7F, 0xC3, 0xFC, 0x02, 0xFD, 0x00, 0x00, 0xBF,
    0x83, 0xFC, 0x03, 0xFC, 0x00, 0x00, 0xFF, 0x42, 0xFD, 0x07, 0xF8, 0x00, 0x01, 0xFF, 0x01, 0xFE,
    0x0B, 0xF4, 0x00, 0x02, 0xFF, 0x00, 0xFF, 0x0F, 0xF0, 0x00, 0x03, 0xFE, 0x00, 0xFF, 0x1F, 0xE0,
    0x00, 0x07, 0xFD, 0x00, 0xFF, 0x3F, 0xD0, 0x00, 0x0F, 0xFC, 0x00, 0xBF, 0x7F, 0xC0, 0x00, 0x0F,
    0xFC, 0x00, 0x7F, 0xFF, 0xC0, 0x00, 0x1F, 0xF8, 0x00, 0x3F, 0xFF, 0x40, 0x00, 0x3F, 0xF4, 0x00,
    0x3F, 0xFF, 0x00, 0x00, 0x3F, 0xF0, 0x00, 0x2F, 0xFF, 0x00, 0x00, 0xBF, 0xF0, 0x00, 0x2F, 0xFD,
    0x00, 0x00, 0x00, 0x00, 0x60, 0x00, 0x09, 0x00, 0x00, 0x3C, 0x00, 0xB8, 0x00, 0x00, 0x0F, 0x47,
    0xD0, 0x00, 0x00, 0x07, 0xFF, 0x00, 0x00, 0x00, 0x02, 0xFC, 0x00, 0x00, 0x00, 0x01, 0xF0, 0x00,
    0x00, 0x00, 0x00, 0x00, 0x00, 0x00, 0x00, 0x00, 0x00, 0x00, 0x00, 0x00, 0x00, 0x00, 0x00, 0x00,
    0x00, 0x00, 0x00, 0x00, 0x00, 0x00, 0x00, 0x00, 0x00, 0x00, 0x00, 0x01, 0x50, 0x00, 0x00, 0x1E,
    0x6F, 0xFE, 0x00, 0x00, 0x3F, 0xFF, 0xFF, 0x80, 0x00, 0x3F, 0xF4, 0x1F, 0xC0, 0x00, 0x7F, 0x80,
    0x0B, 0xC0, 0x00, 0xFE, 0x00, 0x0B, 0xC0, 0x00, 0xFC, 0x00, 0x0F, 0xC0, 0x01, 0xFC, 0x00, 0x0F,
    0xC0, 0x03, 0xF4, 0x00, 0x1F, 0xC0, 0x03, 0xF4, 0x00, 0x2F, 0x80, 0x07, 0xF0, 0x00, 0x3F, 0x40,
    0x0F, 0xF0, 0x00, 0x7F, 0x00, 0x0F, 0xE0, 0x00, 0xBF, 0x00, 0x2F, 0xD0, 0x00, 0xFF, 0x00, 0x3F,
    0xC0, 0x00, 0xFE, 0x00, 0x3F, 0xC0, 0x01, 0xFD, 0x00, 0xBF, 0x80, 0x03, 0xFD, 0x00, 0x00, 0x3E,
    0x00, 0x00, 0x00, 0x00, 0xFC, 0x00, 0x00, 0x00, 0x02, 0xF8, 0x00, 0x00, 0x00, 0x07, 0xF0, 0x00,
    0x00, 0x00, 0x1F, 0xE0, 0x00, 0x00, 0x00, 0x3E, 0x80, 0x00, 0x00, 0x00, 0x00, 0x00, 0x00, 0x00,
    0x00, 0x00, 0x00, 0x00, 0x00, 0x00, 0x00, 0x00, 0x00, 0x00, 0x00, 0x00, 0x00, 0x00, 0x00, 0x00,
    0x00, 0x00, 0x00, 0x00, 0x00, 0x00, 0x00, 0x00, 0x00, 0x00, 0x00, 0x00, 0x00, 0x00, 0x00, 0x00,
    0x00, 0x00, 0x15, 0x00, 0x00, 0x02, 0xE7, 0xFF, 0xD0, 0x00, 0x03, 0xFF, 0xFF, 0xF4, 0x00, 0x03,
    0xFE, 0x41, 0xF8, 0x00, 0x0B, 0xF4, 0x00, 0xFC, 0x00, 0x0F, 0xE0, 0x00, 0xFC, 0x00, 0x1F, 0xC0,
    0x00, 0xFC, 0x00, 0x2F, 0x80, 0x00, 0xFC, 0x00, 0x3F, 0x40, 0x02, 0xF8, 0x00, 0x7F, 0x00, 0x03,
    0xF4, 0x00, 0xBF, 0x00, 0x03, 0xF4, 0x00, 0xFE, 0x00, 0x07, 0xF0, 0x01, 0xFD, 0x00, 0x0B, 0xF0,
    0x02, 0xFD, 0x00, 0x0F, 0xE0, 0x03, 0xFC, 0x00, 0x1F, 0xE0, 0x07, 0xFC, 0x00, 0x2F, 0xD0, 0x0B,
    0xF8, 0x00, 0x3F, 0xC0, 0x00, 0x00, 0x00, 0x00, 0x00, 0x01, 0xA8, 0x00, 0x00, 0x7F, 0x80, 0x00,
    0x03, 0xFC, 0x00, 0x00, 0xFF, 0xC0, 0x00, 0x03, 0xF8, 0x00, 0x00, 0xFF, 0xC0, 0x00, 0x0B, 0xF0,
    0x00, 0x02, 0xFF, 0xD0, 0x00, 0x0F, 0xF0, 0x00, 0x03, 0xFF, 0xE0, 0x00, 0x0F, 0xE0, 0x00, 0x07,
    0xFF, 0xE0, 0x00, 0x2F, 0xD0, 0x00, 0x0B, 0xFF, 0xF0, 0x00, 0x3F, 0xC0, 0x00, 0x0F, 0xFF, 0xF0,
    0x00, 0x7F, 0x80, 0x00, 0x1F, 0xEB, 0xF4, 0x00, 0xBF, 0x40, 0x00, 0x2F, 0xD7, 0xF8, 0x00, 0xFF,
    0x00, 0x00, 0x3F, 0xC3, 0xF8, 0x01, 0xFE, 0x00, 0x00, 0x7F, 0xC3, 0xFC, 0x02, 0xFD, 0x00, 0x00,
    0xBF, 0x83, 0xFC, 0x03, 0xFC, 0x00, 0x00, 0xFF, 0x42, 0xFD, 0x07, 0xF8, 0x00, 0x01, 0xFF, 0x01,
    0xFE, 0x0B, 0xF4, 0x00, 0x02, 0xFF, 0x00, 0xFF, 0x0F, 0xF0, 0x00, 0x03, 0xFE, 0x00, 0xFF, 0x1F,
    0xE0, 0x00, 0x07, 0xFD, 0x00, 0xFF, 0x3F, 0xD0, 0x00, 0x0F, 0xFC, 0x00, 0xBF, 0x7F, 0xC0, 0x00,
    0x0F, 0xFC, 0x00, 0x7F, 0xFF, 0xC0, 0x00, 0x1F, 0xF8, 0x00, 0x3F, 0xFF, 0x40, 0x00, 0x3F, 0xF4,
    0x00, 0x3F, 0xFF, 0x00, 0x00, 0x3F, 0xF0, 0x00, 0x3F, 0xFF, 0x00, 0x00, 0xBF, 0xF0, 0x00, 0x2F,
    0xFD, 0x00, 0x00, 0x00, 0x00, 0x00, 0x3F, 0xFC, 0x00, 0x00, 0x00, 0x00, 0x00, 0x7F, 0xF8, 0x00,
    0x00, 0x00, 0x00, 0x00, 0xFF, 0xF0, 0x00, 0x00, 0x00, 0x00, 0x6F, 0xFF, 0xD0, 0x00, 0x00, 0x00,
    0x03, 0xFF, 0xFE, 0x00, 0x00, 0x00, 0x00, 0x0B, 0xFE, 0x40, 0x00, 0x00, 0x00, 0x00, 0x05, 0x00,
    0x00, 0x00, 0x00, 0x00, 0x00, 0x00, 0x01, 0x50, 0x00, 0x01, 0xE6, 0xFF, 0xE0, 0x00, 0x3F, 0xFF,
    0xFF, 0x80, 0x03, 0xFF, 0x41, 0xFC, 0x00, 0x7F, 0x80, 0x0B, 0xC0, 0x0F, 0xE0, 0x00, 0xBC, 0x00,
    0xFC, 0x00, 0x0F, 0xC0, 0x1F, 0xC0, 0x00, 0xFC, 0x03, 0xF4, 0x00, 0x1F, 0xC0, 0x3F, 0x40, 0x02,
    0xF8, 0x07, 0xF0, 0x00, 0x3F, 0x40, 0xFF, 0x00, 0x07, 0xF0, 0x0F, 0xE0, 0x00, 0xBF, 0x02, 0xFD,
    0x00, 0x0F, 0xF0, 0x3F, 0xC0, 0x00, 0xFE, 0x03, 0xFC, 0x00, 0x1F, 0xD0, 0xBF, 0x80, 0x03, 0xFD,
    0x00, 0x00, 0x00, 0x3F, 0xC0, 0x00, 0x00, 0x0F, 0xF8, 0x00, 0x00, 0x3F, 0xFF, 0x00, 0x00, 0x07,
    0xFF, 0xD0, 0x00, 0x00, 0x05, 0x00, 0x00, 0x00, 0x00, 0x00, 0x00, 0x00, 0x01, 0x00, 0x00, 0x00,
    0x00, 0x2B, 0xFF, 0xFF, 0x80, 0x00, 0x00, 0x00, 0xFF, 0xFF, 0xFF, 0x80, 0x00, 0x00, 0x00, 0x55,
    0x00, 0x00, 0x00, 0x00, 0x00, 0x00, 0x00, 0x00, 0x00, 0x00, 0x00, 0x00, 0x00, 0x00, 0x00, 0x00,
    0x00, 0x00, 0x00, 0x00, 0x00, 0x00, 0x00, 0x00, 0x00, 0x00, 0x00, 0x6F, 0xFF, 0x80, 0x00, 0x00,
    0x00, 0x0B, 0xFF, 0xFF, 0xF8, 0x00, 0x00, 0x00, 0x7F, 0xFF, 0xBF, 0xFF, 0x00, 0x00, 0x01, 0xFF,
    0xD0, 0x02, 0xFF, 0x80, 0x00, 0x07, 0xFE, 0x00, 0x00, 0xBF, 0xC0, 0x00, 0x0F, 0xF4, 0x00, 0x00,
    0x3F, 0xD0, 0x00, 0x3F, 0xE0, 0x00, 0x00, 0x2F, 0xE0, 0x00, 0x7F, 0x80, 0x00, 0x00, 0x1F, 0xE0,
    0x00, 0xFF, 0x00, 0x00, 0x00, 0x0F, 0xE0, 0x01, 0xFD, 0x00, 0x00, 0x00, 0x0F, 0xD0, 0x03, 0xFC,
    0x00, 0x00, 0x00, 0x0F, 0xD0, 0x03, 0xF4, 0x00, 0x00, 0x00, 0x1F, 0xC0, 0x07, 0xF0, 0x00, 0x00,
    0x00, 0x2F, 0xC0, 0x0B, 0xF0, 0x00, 0x00, 0x00, 0x3F, 0x40, 0x0F, 0xE0, 0x00, 0x00, 0x00, 0x7F,
    0x00, 0x0F, 0xE0, 0x00, 0x00, 0x00, 0xFF, 0x00, 0x0F, 0xF0, 0x00, 0x00, 0x03, 0xFD, 0x00, 0x0F,
    0xF8, 0x00, 0x00, 0x1F, 0xFC, 0x00, 0x0F, 0xFF, 0x50, 0x16, 0xFF, 0xF4, 0x00, 0x0F, 0xFF, 0xFF,
    0xFF, 0xFF, 0xF0, 0x00, 0x0B, 0xFF, 0xFF, 0xFF, 0xFF, 0xC0, 0x00, 0x03, 0xFF, 0xFF, 0xFF, 0xFF,
    0x40, 0x00, 0x02, 0xFF, 0xFF, 0xFF, 0xFC, 0x00, 0x00, 0x00, 0x7F, 0xFF, 0xFF, 0xE0, 0x00, 0x00,
    0x00, 0x06, 0xFF, 0xF9, 0x00, 0x00, 0x00, 0x00, 0x00, 0x00, 0x00, 0x00, 0x00, 0x00, 0x00, 0x00,
    0x56, 0xAB, 0xFD, 0x00, 0x03, 0xFF, 0xFF, 0xFD, 0x00, 0x06, 0xAA, 0x95, 0x54, 0x00, 0x00, 0x00,
    0x00, 0x00, 0x00, 0x00, 0x00, 0x00, 0x00, 0x00, 0x00, 0x00, 0x00, 0x00, 0x00, 0x00, 0x00, 0x00,
    0x00, 0x00, 0x00, 0x00, 0x00, 0x00, 0x00, 0x00, 0x00, 0x00, 0x00, 0x00, 0x01, 0xBF, 0xE0, 0x00,
    0x00, 0x0B, 0xFF, 0xFD, 0x00, 0x00, 0x7F, 0xEA, 0xFF, 0x40, 0x00, 0xFD, 0x00, 0x1F, 0x80, 0x03,
    0xF0, 0x00, 0x0F, 0xC0, 0x07, 0xD0, 0x00, 0x0F, 0xC0, 0x0F, 0xC0, 0x00, 0x0F, 0xC0, 0x1F, 0x40,
    0x00, 0x0F, 0xC0, 0x2F, 0x00, 0x00, 0x2F, 0x40, 0x3F, 0x00, 0x00, 0x3F, 0x00, 0x3F, 0x40, 0x00,
    0xFE, 0x00, 0x3F, 0xE5, 0x5B, 0xFC, 0x00, 0x2F, 0xFF, 0xFF, 0xF0, 0x00, 0x0F, 0xFF, 0xFF, 0xD0,
    0x00, 0x07, 0xFF, 0xFE, 0x00, 0x00, 0x00, 0xBF, 0xE4, 0x00, 0x00, 0x00, 0x00, 0x00, 0x3C, 0x00,
    0x07, 0x40, 0x00, 0x00, 0x00, 0x3C, 0x00, 0x0F, 0x00, 0x00, 0x00, 0x00, 0x3F, 0x00, 0x7E, 0x00,
    0x00, 0x00, 0x00, 0x1F, 0xFF, 0xF8, 0x00, 0x00, 0x00, 0x00, 0x0B, 0xFF, 0xE0, 0x00, 0x00, 0x00,
    0x00, 0x01, 0xA9, 0x00, 0x00, 0x00, 0x00, 0x00, 0x00, 0x00, 0x00, 0x00, 0x00, 0x00, 0x00, 0x00,
    0x00, 0x00, 0x00, 0x00, 0x00, 0x00, 0x00, 0x00, 0x00, 0x00, 0x00, 0x00, 0x00, 0x00, 0x00, 0x00,
    0x00, 0x00, 0x00, 0x00, 0x6F, 0xFF, 0x80, 0x00, 0x00, 0x00, 0x0B, 0xFF, 0xFF, 0xF8, 0x00, 0x00,
    0x00, 0x7F, 0xFF, 0xBF, 0xFF, 0x00, 0x00, 0x01, 0xFF, 0xD0, 0x02, 0xFF, 0x80, 0x00, 0x07, 0xFE,
    0x00, 0x00, 0xBF, 0xC0, 0x00, 0x0F, 0xF4, 0x00, 0x00, 0x3F, 0xD0, 0x00, 0x3F, 0xE0, 0x00, 0x00,
    0x2F, 0xE0, 0x00, 0x7F, 0x80, 0x00, 0x00, 0x1F, 0xE0, 0x00, 0xFF, 0x00, 0x00, 0x00, 0x0F, 0xE0,
    0x01, 0xFD, 0x00, 0x00, 0x00, 0x0F, 0xD0, 0x03, 0xFC, 0x00, 0x00, 0x00, 0x0F, 0xD0, 0x03, 0xF4,
    0x00, 0x00, 0x00, 0x1F, 0xC0, 0x07, 0xF0, 0x00, 0x00, 0x00, 0x2F, 0xC0, 0x0B, 0xF0, 0x00, 0x00,
    0x00, 0x3F, 0x40, 0x0F, 0xE0, 0x00, 0x00, 0x00, 0x7F, 0x00, 0x0F, 0xE0, 0x00, 0x00, 0x00, 0xFF,
    0x00, 0x0F, 0xF0, 0x00, 0x00, 0x03, 0xFD, 0x00, 0x0F, 0xF8, 0x00, 0x00, 0x1F, 0xFC, 0x00, 0x0F,
    0xFF, 0x50, 0x16, 0xFF, 0xF4, 0x00, 0x0F, 0xFF, 0xFF, 0xFF, 0xFF, 0xF0, 0x00, 0x0B, 0xFF, 0xFF,
    0xFF, 0xFF, 0xC0, 0x00, 0x03, 0xFF, 0xFF, 0xFF, 0xFF, 0x40, 0x00, 0x02, 0xFF, 0xFF, 0xFF, 0xFC,
    0x00, 0x00, 0x00, 0x7F, 0xFF, 0xFF, 0xE0, 0x00, 0x00, 0x00, 0x06, 0xFF, 0xF9, 0x00, 0x00, 0x00,
    0x00, 0x00, 0x00, 0x00, 0x00, 0x00, 0x00, 0x00, 0x00, 0xA0, 0x00, 0x18, 0x00, 0x00, 0xF0, 0x00,
    0x3C, 0x00, 0x00, 0xF4, 0x00, 0xF4, 0x00, 0x00, 0xFF, 0xFF, 0xE0, 0x00, 0x00, 0x7F, 0xFF, 0x80,
    0x00, 0x00, 0x0B, 0xF8, 0x00, 0x00, 0x00, 0x00, 0x00, 0x00, 0x00, 0x00, 0x00, 0x00, 0x00, 0x00,
    0x00, 0x00, 0x00, 0x00, 0x00, 0x00, 0x00, 0x00, 0x00, 0x00, 0x00, 0x00, 0x00, 0x00, 0x00, 0x00,
    0x00, 0x00, 0x00, 0x00, 0x00, 0x00, 0x00, 0x00, 0x00, 0x01, 0xBF, 0xE0, 0x00, 0x00, 0x0B, 0xFF,
    0xFD, 0x00, 0x00, 0x7F, 0xEA, 0xFF, 0x40, 0x00, 0xFD, 0x00, 0x1F, 0x80, 0x03, 0xF0, 0x00, 0x0F,
    0xC0, 0x07, 0xD0, 0x00, 0x0F, 0xC0, 0x0F, 0xC0, 0x00, 0x0F, 0xC0, 0x1F, 0x40, 0x00, 0x0F, 0xC0,
    0x2F, 0x00, 0x00, 0x2F, 0x40, 0x3F, 0x00, 0x00, 0x3F, 0x00, 0x3F, 0x40, 0x00, 0xFE, 0x00, 0x3F,
    0xE5, 0x5B, 0xFC, 0x00, 0x2F, 0xFF, 0xFF, 0xF0, 0x00, 0x0F, 0xFF, 0xFF, 0xD0, 0x00, 0x07, 0xFF,
    0xFE, 0x00, 0x00, 0x00, 0xBF, 0xE4, 0x00, 0x00, 0x00, 0x00, 0x00, 0x2A, 0x00, 0x00, 0x2A, 0x00,
    0x00, 0x00, 0x2F, 0x40, 0x00, 0x2F, 0x40, 0x00, 0x00, 0x3F, 0x80, 0x00, 0x3F, 0x80, 0x00, 0x00,
    0x3F, 0xC0, 0x00, 0x3F, 0xC0, 0x00, 0x00, 0x29, 0x40, 0x00, 0x29, 0x40, 0x00, 0x00, 0x00, 0x00,
    0x00, 0x00, 0x00, 0x00, 0x00, 0x00, 0x00, 0x00, 0x00, 0x00, 0x00, 0x00, 0x00, 0x00, 0x00, 0x00,
    0x00, 0x00, 0x00, 0x00, 0x00, 0x00, 0x00, 0x00, 0x00, 0x00, 0x00, 0x00, 0x1B, 0xFF, 0xE0, 0x00,
    0x00, 0x00, 0x00, 0xBF, 0xFF, 0xFF, 0x80, 0x00, 0x00, 0x01, 0xFF, 0xFE, 0xFF, 0xFC, 0x00, 0x00,
    0x01, 0xFF, 0xD0, 0x02, 0xFF, 0x80, 0x00, 0x01, 0xFF, 0x80, 0x00, 0x2F, 0xF0, 0x00, 0x00, 0xFF,
    0x40, 0x00, 0x03, 0xFD, 0x00, 0x00, 0xFF, 0x80, 0x00, 0x00, 0xBF, 0x80, 0x00, 0x7F, 0x80, 0x00,
    0x00, 0x1F, 0xE0, 0x00, 0x3F, 0xC0, 0x00, 0x00, 0x03, 0xF8, 0x00, 0x1F, 0xD0, 0x00, 0x00, 0x00,
    0xFD, 0x00, 0x0F, 0xF0, 0x00, 0x00, 0x00, 0x3F, 0x40, 0x03, 0xF4, 0x00, 0x00, 0x00, 0x1F, 0xC0,
    0x01, 0xFC, 0x00, 0x00, 0x00, 0x0B, 0xF0, 0x00, 0xBF, 0x00, 0x00, 0x00, 0x03, 0xF4, 0x00, 0x3F,
    0x80, 0x00, 0x00, 0x01, 0xFC, 0x00, 0x0F, 0xE0, 0x00, 0x00, 0x00, 0xFF, 0x00, 0x03, 0xFC, 0x00,
    0x00, 0x00, 0xFF, 0x40, 0x00, 0xFF, 0x80, 0x00, 0x01, 0xFF, 0xC0, 0x00, 0x3F, 0xFD, 0x40, 0x5B,
    0xFF, 0xD0, 0x00, 0x0F, 0xFF, 0xFF, 0xFF, 0xFF, 0xF0, 0x00, 0x02, 0xFF, 0xFF, 0xFF, 0xFF, 0xF0,
    0x00, 0x00, 0x3F, 0xFF, 0xFF, 0xFF, 0xF4, 0x00, 0x00, 0x0B, 0xFF, 0xFF, 0xFF, 0xF0, 0x00, 0x00,
    0x00, 0x7F, 0xFF, 0xFF, 0xE0, 0x00, 0x00, 0x00, 0x01, 0xBF, 0xFE, 0x40, 0x00, 0x00, 0x00, 0x00,
    0x00, 0x00, 0x00, 0x00, 0x00, 0x00, 0x00, 0x00, 0xF8, 0x00, 0x00, 0xF8, 0x00, 0x0F, 0xC0, 0x00,
    0x1F, 0xC0, 0x01, 0xFD, 0x00, 0x01, 0xFC, 0x00, 0x1F, 0xD0, 0x00, 0x1F, 0xD0, 0x00, 0x94, 0x00,
    0x00, 0x94, 0x00, 0x00, 0x00, 0x00, 0x00, 0x00, 0x00, 0x00, 0x00, 0x00, 0x00, 0x00, 0x00, 0x00,
    0x00, 0x00, 0x00, 0x00, 0x00, 0x00, 0x00, 0x00, 0x00, 0x00, 0x00, 0x00, 0x00, 0x00, 0x00, 0x00,
    0x00, 0x00, 0x00, 0x00, 0x00, 0x00, 0x00, 0x6F, 0xF8, 0x00, 0x00, 0x00, 0x0B, 0xFF, 0xFD, 0x00,
    0x00, 0x01, 0xFF, 0xAB, 0xFD, 0x00, 0x00, 0x0F, 0xD0, 0x01, 0xF8, 0x00, 0x00, 0xFC, 0x00, 0x03,
    0xF0, 0x00, 0x07, 0xD0, 0x00, 0x0F, 0xC0, 0x00, 0x3F, 0x00, 0x00, 0x3F, 0x00, 0x01, 0xF4, 0x00,
    0x00, 0xFC, 0x00, 0x0B, 0xC0, 0x00, 0x0B, 0xD0, 0x00, 0x3F, 0x00, 0x00, 0x3F, 0x00, 0x00, 0xFD,
    0x00, 0x03, 0xF8, 0x00, 0x03, 0xFE, 0x55, 0xBF, 0xC0, 0x00, 0x0B, 0xFF, 0xFF, 0xFC, 0x00, 0x00,
    0x0F, 0xFF, 0xFF, 0xD0, 0x00, 0x00, 0x1F, 0xFF, 0xF8, 0x00, 0x00, 0x00, 0x0B, 0xFE, 0x40, 0x00,
    0x00, 0x00, 0x00, 0x00, 0x00, 0x6F, 0xFE, 0x80, 0x00, 0x00, 0x15, 0x40, 0x00, 0x00, 0xBF, 0xFF,
    0xFF, 0xFF, 0xFF, 0xFF, 0xFC, 0x00, 0x00, 0x7F, 0xFF, 0xBF, 0xFF, 0xFF, 0xFF, 0xFF, 0x80, 0x00,
    0x1F, 0xFD, 0x00, 0x2F, 0xFF, 0xFF, 0xFF, 0xE0, 0x00, 0x07, 0xFE, 0x00, 0x00, 0xBF, 0xD0, 0x00,
    0x00, 0x00, 0x00, 0xFF, 0x80, 0x00, 0x03, 0xFD, 0x00, 0x00, 0x00, 0x00, 0x3F, 0xE0, 0x00, 0x00,
    0x3F, 0xD0, 0x00, 0x00, 0x00, 0x07, 0xFC, 0x00, 0x00, 0x03, 0xFE, 0x00, 0x00, 0x00, 0x00, 0xFF,
    0x00, 0x00, 0x00, 0x7F, 0xE0, 0x00, 0x00, 0x00, 0x1F, 0xD0, 0x00, 0x00, 0x0B, 0xFD, 0x00, 0x00,
    0x00, 0x02, 0xFC, 0x00, 0x00, 0x00, 0xFF, 0xE5, 0x58, 0x00, 0x00, 0x3F, 0x80, 0x00, 0x00, 0x1F,
    0xFF, 0xFF, 0xC0, 0x00, 0x07, 0xF0, 0x00, 0x00, 0x02, 0xFF, 0xFF, 0xFC, 0x00, 0x00, 0xBF, 0x00,
    0x00, 0x00, 0x3F, 0xFF, 0xFF, 0x80, 0x00, 0x0F, 0xE0, 0x00, 0x00, 0x03, 0xFF, 0x40, 0x00, 0x00,
    0x00, 0xFE, 0x00, 0x00, 0x00, 0xBF, 0xF0, 0x00, 0x00, 0x00, 0x0F, 0xE0, 0x00, 0x00, 0x0F, 0xFE,
    0x00, 0x00, 0x00, 0x00, 0xFF, 0x40, 0x00, 0x00, 0xFF, 0xC0, 0x00, 0x00, 0x00, 0x0F, 0xFE, 0x00,
    0x01, 0xBF, 0xF8, 0x00, 0x00, 0x00, 0x00, 0xFF, 0xFF, 0xFF, 0xFF, 0xFF, 0x00, 0x00, 0x00, 0x00,
    0x0B, 0xFF, 0xFF, 0xFF, 0xFF, 0xFF, 0xFF, 0xFE, 0x00, 0x00, 0x7F, 0xFF, 0xFF, 0xFF, 0xFF, 0xFF,
    0xFF, 0xE0, 0x00, 0x02, 0xFF, 0xFF, 0xFF, 0xFF, 0xFF, 0xFF, 0xFE, 0x00, 0x00, 0x07, 0xFF, 0xFF,
    0xFF, 0xFF, 0xFF, 0xFF, 0xE0, 0x00, 0x00, 0x06, 0xFF, 0xFA, 0xFF, 0xFF, 0xFF, 0xFE, 0x00, 0x00,
    0x00, 0x00, 0x00, 0x00, 0x00, 0x2F, 0xE0, 0x00, 0x00, 0x1B, 0xFE, 0x00, 0x3F, 0xFF, 0xD0, 0x00,
    0x0B, 0xFF, 0xFE, 0x1F, 0xE4, 0x0F, 0x00, 0x07, 0xFE, 0xAF, 0xFB, 0xE0, 0x00, 0x38, 0x00, 0xFD,
    0x00, 0x1F, 0xF8, 0x00, 0x03, 0xC0, 0x3F, 0x00, 0x00, 0xFF, 0x00, 0x16, 0xBC, 0x07, 0xD0, 0x00,
    0x0F, 0xFF, 0xFF, 0xFF, 0xC0, 0xFC, 0x00, 0x00, 0xFF, 0xFF, 0xFF, 0xFC, 0x1F, 0x40, 0x00, 0x1F,
    0xD5, 0x40, 0x00, 0x02, 0xF0, 0x00, 0x02, 0xF4, 0x00, 0x00, 0x00, 0x3F, 0x00, 0x00, 0x3F, 0x00,
    0x00, 0x00, 0x03, 0xF4, 0x00, 0x0F, 0xF8, 0x00, 0x00, 0x00, 0x3F, 0xE5, 0x5B, 0xFF, 0xF4, 0x00,
    0x18, 0x02, 0xFF, 0xFF, 0xFF, 0xFF, 0xFF, 0xFF, 0x80, 0x0F, 0xFF, 0xFF, 0xDB, 0xFF, 0xFF, 0xF4,
    0x00, 0x7F, 0xFF, 0xF0, 0x2F, 0xFF, 0xFF, 0x00, 0x00, 0xBF, 0xE4, 0x00, 0x6F, 0xFE, 0x40, 0x00,
    0x00, 0x00, 0x00, 0x00, 0x0F, 0x00, 0x00, 0x00, 0x00, 0x02, 0xD0, 0x00, 0x00, 0x00, 0x00, 0x7C,
    0x00, 0x00, 0x00, 0x00, 0x0F, 0x40, 0x00, 0x00, 0x00, 0x03, 0xE0, 0x00, 0x00, 0x00, 0x00, 0x68,
    0x00, 0x00, 0x00, 0x00, 0x00, 0x00, 0x00, 0x00, 0x00, 0x00, 0x00, 0x00, 0x00, 0x00, 0x00, 0x00,
    0x00, 0x00, 0x00, 0x06, 0xAA, 0x94, 0x00, 0x00, 0x00, 0xFF, 0xFF, 0xF8, 0x00, 0x00, 0x1F, 0xFF,
    0xFF, 0xE0, 0x00, 0x02, 0xE0, 0x00, 0xBF, 0x00, 0x00, 0x3D, 0x00, 0x02, 0xF4, 0x00, 0x07, 0xC0,
    0x00, 0x2F, 0x40, 0x00, 0xBC, 0x00, 0x02, 0xF0, 0x00, 0x0F, 0x80, 0x00, 0x7F, 0x00, 0x01, 0xF0,
    0x00, 0x1F, 0xE0, 0x00, 0x2F, 0x00, 0x1F, 0xFC, 0x00, 0x03, 0xFF, 0xFF, 0xFF, 0x40, 0x00, 0x7F,
    0xFF, 0xFF, 0x80, 0x00, 0x0B, 0xFF, 0xFF, 0xD0, 0x00, 0x00, 0xFF, 0xFF, 0xFF, 0x40, 0x00, 0x0F,
    0xF9, 0x5B, 0xFC, 0x00, 0x02, 0xFD, 0x00, 0x1F, 0xD0, 0x00, 0x3F, 0xC0, 0x00, 0xFE, 0x00, 0x03,
    0xFC, 0x00, 0x0F, 0xE0, 0x00, 0xBF, 0xC0, 0x01, 0xFE, 0x00, 0x0F, 0xF8, 0x00, 0x2F, 0xE0, 0x00,
    0xFF, 0x40, 0x03, 0xFE, 0x00, 0x2F, 0xF0, 0x00, 0x7F, 0xE0, 0x03, 0xFF, 0x00, 0x0B, 0xFE, 0x00,
    0x3F, 0xF0, 0x00, 0xFF, 0xE0, 0x0B, 0xFE, 0x00, 0x0F, 0xFE, 0x00, 0x00, 0x00, 0x00, 0xA0, 0x00,
    0x00, 0x0F, 0x40, 0x00, 0x00, 0xB8, 0x00, 0x00, 0x07, 0xC0, 0x00, 0x00, 0x3D, 0x00, 0x00, 0x03,
    0xF0, 0x00, 0x00, 0x00, 0x00, 0x00, 0x00, 0x00, 0x00, 0x00, 0x00, 0x00, 0x00, 0x00, 0x3D, 0x1B,
    0xD0, 0x01, 0xFB, 0xFF, 0x00, 0x0F, 0xFF, 0xFC, 0x00, 0x3F, 0xF9, 0x60, 0x01, 0xFF, 0x00, 0x00,
    0x0B, 0xF0, 0x00, 0x00, 0x3F, 0x80, 0x00, 0x01, 0xFC, 0x00, 0x00, 0x0B, 0xF0, 0x00, 0x00, 0x3F,
    0x80, 0x00, 0x01, 0xFD, 0x00, 0x00, 0x0F, 0xF0, 0x00, 0x00, 0x3F, 0xC0, 0x00, 0x02, 0xFF, 0x00,
    0x00, 0x0F, 0xF8, 0x00, 0x00, 0x7F, 0xE0, 0x00, 0x00, 0x00, 0x00, 0x6A, 0xA9, 0x40, 0x00, 0x00,
    0x0F, 0xFF, 0xFF, 0x80, 0x00, 0x01, 0xFF, 0xFF, 0xFE, 0x00, 0x00, 0x2E, 0x00, 0x0B, 0xF0, 0x00,
    0x03, 0xD0, 0x00, 0x2F, 0x40, 0x00, 0x7C, 0x00, 0x02, 0xF4, 0x00, 0x0B, 0xC0, 0x00, 0x2F, 0x00,
    0x00, 0xF8, 0x00, 0x07, 0xF0, 0x00, 0x1F, 0x00, 0x01, 0xFE, 0x00, 0x02, 0xF0, 0x01, 0xFF, 0xC0,
    0x00, 0x3F, 0xFF, 0xFF, 0xF4, 0x00, 0x07, 0xFF, 0xFF, 0xF8, 0x00, 0x00, 0xBF, 0xFF, 0xFD, 0x00,
    0x00, 0x0F, 0xFF, 0xFF, 0xF4, 0x00, 0x00, 0xFF, 0x95, 0xBF, 0xC0, 0x00, 0x2F, 0xD0, 0x01, 0xFD,
    0x00, 0x03, 0xFC, 0x00, 0x0F, 0xE0, 0x00, 0x3F, 0xC0, 0x00, 0xFE, 0x00, 0x0B, 0xFC, 0x00, 0x1F,
    0xE0, 0x00, 0xFF, 0x80, 0x02, 0xFE, 0x00, 0x0F, 0xF4, 0x00, 0x3F, 0xE0, 0x02, 0xFF, 0x00, 0x07,
    0xFE, 0x00, 0x3F, 0xF0, 0x00, 0xBF, 0xE0, 0x03, 0xFF, 0x00, 0x0F, 0xFE, 0x00, 0xBF, 0xE0, 0x00,
    0xFF, 0xE0, 0x00, 0x00, 0x00, 0x00, 0x00, 0x00, 0x00, 0x00, 0x00, 0x00, 0x00, 0x00, 0x00, 0x00,
    0x00, 0x00, 0x00, 0x00, 0x00, 0x00, 0x00, 0x00, 0x00, 0x00, 0x00, 0x00, 0x00, 0x00, 0x00, 0x00,
    0x7F, 0xD0, 0x00, 0x00, 0x00, 0x0F, 0xFC, 0x00, 0x00, 0x00, 0x00, 0xFF, 0x40, 0x00, 0x00, 0x00,
    0x2F, 0xF0, 0x00, 0x00, 0x00, 0x03, 0xFD, 0x00, 0x00, 0x00, 0x00, 0x7F, 0x80, 0x00, 0x00, 0x00,
    0x0F, 0xF0, 0x00, 0x00, 0x00, 0x02, 0xFE, 0x00, 0x00, 0x00, 0x00, 0x00, 0x00, 0x00, 0x00, 0x00,
    0x00, 0x00, 0x00, 0x00, 0x00, 0x00, 0x03, 0xD1, 0xBD, 0x00, 0x00, 0x7E, 0xFF, 0xC0, 0x00, 0x0F,
    0xFF, 0xFC, 0x00, 0x00, 0xFF, 0xE5, 0x80, 0x00, 0x1F, 0xF0, 0x00, 0x00, 0x02, 0xFC, 0x00, 0x00,
    0x00, 0x3F, 0x80, 0x00, 0x00, 0x07, 0xF0, 0x00, 0x00, 0x00, 0xBF, 0x00, 0x00, 0x00, 0x0F, 0xE0,
    0x00, 0x00, 0x01, 0xFD, 0x00, 0x00, 0x00, 0x3F, 0xC0, 0x00, 0x00, 0x03, 0xFC, 0x00, 0x00, 0x00,
    0xBF, 0xC0, 0x00, 0x00, 0x0F, 0xF8, 0x00, 0x00, 0x01, 0xFF, 0x80, 0x00, 0x00, 0x00, 0x00, 0x00,
    0x00, 0x00, 0x00, 0x00, 0x00, 0x00, 0x00, 0x00, 0x00, 0x00, 0x00, 0x00, 0x00, 0x00, 0x00, 0x00,
    0x00, 0x00, 0x00, 0x00, 0x00, 0x00, 0x00, 0x00, 0x00, 0x00, 0x00, 0x00, 0x00, 0x7F, 0xD0, 0x00,
    0x00, 0x0B, 0xFC, 0x00, 0x00, 0x00, 0xFF, 0x40, 0x00, 0x00, 0x1F, 0xF0, 0x00, 0x00, 0x03, 0xFD,
    0x00, 0x00, 0x00, 0x7F, 0xC0, 0x00, 0x00, 0x0F, 0xF0, 0x00, 0x00, 0x02, 0xFE, 0x00, 0x00, 0x00,
    0x00, 0x00, 0x0D, 0x00, 0x02, 0x40, 0x00, 0x00, 0x78, 0x02, 0xD0, 0x00, 0x00, 0x02, 0xF1, 0xF0,
    0x00, 0x00, 0x00, 0x0F, 0xFC, 0x00, 0x00, 0x00, 0x00, 0x7F, 0x00, 0x00, 0x00, 0x00, 0x03, 0xC0,
    0x00, 0x00, 0x00, 0x00, 0x00, 0x00, 0x00, 0x00, 0x00, 0x00, 0x00, 0x00, 0x00, 0x00, 0x00, 0x00,
    0x00, 0x00, 0x00, 0x06, 0xAA, 0x94, 0x00, 0x00, 0x00, 0xFF, 0xFF, 0xF8, 0x00, 0x00, 0x1F, 0xFF,
    0xFF, 0xE0, 0x00, 0x02, 0xE0, 0x00, 0xBF, 0x00, 0x00, 0x3D, 0x00, 0x02, 0xF4, 0x00, 0x07, 0xC0,
    0x00, 0x2F, 0x40, 0x00, 0xBC, 0x00, 0x02, 0xF0, 0x00, 0x0F, 0x80, 0x00, 0x7F, 0x00, 0x01, 0xF0,
    0x00, 0x1F, 0xE0, 0x00, 0x2F, 0x00, 0x1F, 0xFC, 0x00, 0x03, 0xFF, 0xFF, 0xFF, 0x40, 0x00, 0x7F,
    0xFF, 0xFF, 0x80, 0x00, 0x0B, 0xFF, 0xFF, 0xD0, 0x00, 0x00, 0xFF, 0xFF, 0xFF, 0x40, 0x00, 0x0F,
    0xF9, 0x5B, 0xFC, 0x00, 0x02, 0xFD, 0x00, 0x1F, 0xD0, 0x00, 0x3F, 0xC0, 0x00, 0xFE, 0x00, 0x03,
    0xFC, 0x00, 0x0F, 0xE0, 0x00, 0xBF, 0xC0, 0x01, 0xFE, 0x00, 0x0F, 0xF8, 0x00, 0x2F, 0xE0, 0x00,
    0xFF, 0x40, 0x03, 0xFE, 0x00, 0x2F, 0xF0, 0x00, 0x7F, 0xE0, 0x03, 0xFF, 0x00, 0x0B, 0xFE, 0x00,
    0x3F, 0xF0, 0x00, 0xFF, 0xE0, 0x0B, 0xFE, 0x00, 0x0F, 0xFE, 0x00, 0x00, 0x00, 0x00, 0x00, 0x07,
    0x80, 0x07, 0x80, 0x0B, 0x80, 0xB8, 0x00, 0x0F, 0xEF, 0x40, 0x00, 0x0F, 0xF0, 0x00, 0x00, 0x2F,
    0x00, 0x00, 0x00, 0x10, 0x00, 0x00, 0x00, 0x00, 0x00, 0x00, 0x00, 0x00, 0x00, 0x00, 0x3D, 0x1B,
    0xD0, 0x01, 0xFB, 0xFF, 0x00, 0x0F, 0xFF, 0xFC, 0x00, 0x3F, 0xF9, 0x60, 0x01, 0xFF, 0x00, 0x00,
    0x0B, 0xF0, 0x00, 0x00, 0x3F, 0x80, 0x00, 0x01, 0xFC, 0x00, 0x00, 0x0B, 0xF0, 0x00, 0x00, 0x3F,
    0x80, 0x00, 0x01, 0xFD, 0x00, 0x00, 0x0F, 0xF0, 0x00, 0x00, 0x3F, 0xC0, 0x00, 0x02, 0xFF, 0x00,
    0x00, 0x0F, 0xF8, 0x00, 0x00, 0x7F, 0xE0, 0x00, 0x00, 0x00, 0x00, 0x00, 0x00, 0x00, 0x28, 0x00,
    0x00, 0x00, 0x00, 0x00, 0x2E, 0x00, 0x00, 0x00, 0x00, 0x00, 0x1F, 0x00, 0x00, 0x00, 0x00, 0x00,
    0x0F, 0x40, 0x00, 0x00, 0x00, 0x00, 0x0F, 0x80, 0x00, 0x00, 0x00, 0x00, 0x0B, 0xC0, 0x00, 0x00,
    0x00, 0x00, 0x00, 0x00, 0x00, 0x00, 0x00, 0x00, 0x00, 0x00, 0x00, 0x00, 0x00, 0x00, 0x00, 0x00,
    0x00, 0x00, 0x00, 0x00, 0x00, 0x00, 0x00, 0x00, 0x00, 0x00, 0x00, 0x00, 0x00, 0x00, 0x00, 0x00,
    0x00, 0x05, 0x55, 0x40, 0x00, 0x00, 0x00, 0x7F, 0xFF, 0xFF, 0x00, 0x00, 0x01, 0xFF, 0xFF, 0xFF,
    0xC0, 0x00, 0x00, 0xFF, 0xFF, 0xFF, 0xE0, 0x00, 0x00, 0xFF, 0xF5, 0x00, 0x10, 0x00, 0x00, 0xBF,
    0xC0, 0x00, 0x00, 0x00, 0x00, 0x3F, 0x80, 0x00, 0x00, 0x00, 0x00, 0x1F, 0xC0, 0x00, 0x00, 0x00,
    0x00, 0x0B, 0xE0, 0x00, 0x00, 0x00, 0x00, 0x03, 0xFC, 0x00, 0x00, 0x00, 0x00, 0x00, 0xFF, 0xE4,
    0x00, 0x00, 0x00, 0x00, 0x1F, 0xFF, 0xF9, 0x00, 0x00, 0x00, 0x02, 0xFF, 0xFF, 0xF8, 0x00, 0x00,
    0x00, 0x1F, 0xFF, 0xFF, 0xD0, 0x00, 0x00, 0x00, 0x1B, 0xFF, 0xFE, 0x00, 0x00, 0x00, 0x00, 0x0B,
    0xFF, 0xD0, 0x00, 0x00, 0x00, 0x00, 0xBF, 0xF8, 0x00, 0x00, 0x00, 0x00, 0x2F, 0xFF, 0x00, 0x00,
    0x00, 0x00, 0x0F, 0xFF, 0xC0, 0x01, 0x00, 0x00, 0x0B, 0xFF, 0xE0, 0x02, 0xFF, 0xAA, 0xBF, 0xFF,
    0xF0, 0x02, 0xFF, 0xFF, 0xFF, 0xFF, 0xF4, 0x02, 0xFF, 0xFF, 0xFF, 0xFF, 0xF4, 0x02, 0xFF, 0xFF,
    0xFF, 0xFF, 0xF4, 0x00, 0xBF, 0xFF, 0xFF, 0xFF, 0xD0, 0x00, 0x06, 0xFF, 0xFF, 0xF9, 0x00, 0x00,
    0x00, 0x00, 0x00, 0x00, 0x00, 0x00, 0x00, 0x00, 0x00, 0x00, 0x0A, 0x00, 0x00, 0x00, 0x0F, 0x00,
    0x00, 0x00, 0x0B, 0x80, 0x00, 0x00, 0x07, 0xC0, 0x00, 0x00, 0x07, 0xD0, 0x00, 0x00, 0x03, 0xE0,
    0x00, 0x00, 0x00, 0x00, 0x00, 0x00, 0x00, 0x00, 0x00, 0x00, 0x00, 0x00, 0x00, 0x00, 0x00, 0x00,
    0x00, 0x00, 0x00, 0x00, 0x00, 0x00, 0x00, 0x01, 0xFF, 0xE9, 0x00, 0x07, 0xFF, 0xFF, 0x00, 0x07,
    0xF5, 0x45, 0x00, 0x03, 0xD0, 0x00, 0x00, 0x01, 0xF0, 0x00, 0x00, 0x00, 0x7E, 0x00, 0x00, 0x00,
    0x0F, 0xF9, 0x00, 0x00, 0x01, 0xFF, 0xF8, 0x00, 0x00, 0x0B, 0xFF, 0xD0, 0x00, 0x00, 0x07, 0xFC,
    0x00, 0x00, 0x00, 0xBF, 0x00, 0x1E, 0x40, 0x7F, 0xC0, 0x1F, 0xFF, 0xFF, 0xE0, 0x2F, 0xFF, 0xFF,
    0xF0, 0x0F, 0xFF, 0xFF, 0xF0, 0x00, 0x6F, 0xFF, 0x90, 0x00, 0x00, 0x00, 0x00, 0x00, 0x1E, 0x00,
    0x00, 0x00, 0x00, 0x00, 0x03, 0xF4, 0x00, 0x00, 0x00, 0x00, 0x00, 0xBF, 0xE0, 0x00, 0x00, 0x00,
    0x00, 0x1F, 0x4B, 0x80, 0x00, 0x00, 0x00, 0x03, 0xC0, 0x0F, 0x00, 0x00, 0x00, 0x00, 0x60, 0x00,
    0x18, 0x00, 0x00, 0x00, 0x00, 0x00, 0x00, 0x00, 0x00, 0x00, 0x00, 0x00, 0x00, 0x00, 0x00, 0x00,
    0x00, 0x01, 0x55, 0x50, 0x00, 0x00, 0x00, 0x07, 0xFF, 0xFF, 0xF0, 0x00, 0x00, 0x07, 0xFF, 0xFF,
    0xFF, 0x00, 0x00, 0x00, 0xFF, 0xFF, 0xFF, 0xE0, 0x00, 0x00, 0x3F, 0xFD, 0x40, 0x04, 0x00, 0x00,
    0x0B, 0xFC, 0x00, 0x00, 0x00, 0x00, 0x00, 0xFE, 0x00, 0x00, 0x00, 0x00, 0x00, 0x1F, 0xC0, 0x00,
    0x00, 0x00, 0x00, 0x02, 0xF8, 0x00, 0x00, 0x00, 0x00, 0x00, 0x3F, 0xC0, 0x00, 0x00, 0x00, 0x00,
    0x03, 0xFF, 0x90, 0x00, 0x00, 0x00, 0x00, 0x1F, 0xFF, 0xF9, 0x00, 0x00, 0x00, 0x00, 0xBF, 0xFF,
    0xFE, 0x00, 0x00, 0x00, 0x01, 0xFF, 0xFF, 0xFD, 0x00, 0x00, 0x00, 0x00, 0x6F, 0xFF, 0xF8, 0x00,
    0x00, 0x00, 0x00, 0x0B, 0xFF, 0xD0, 0x00, 0x00, 0x00, 0x00, 0x2F, 0xFE, 0x00, 0x00, 0x00, 0x00,
    0x02, 0xFF, 0xF0, 0x00, 0x00, 0x00, 0x00, 0x3F, 0xFF, 0x00, 0x01, 0x00, 0x00, 0x0B, 0xFF, 0xE0,
    0x00, 0xBF, 0xEA, 0xAF, 0xFF, 0xFC, 0x00, 0x2F, 0xFF, 0xFF, 0xFF, 0xFF, 0x40, 0x0B, 0xFF, 0xFF,
    0xFF, 0xFF, 0xD0, 0x02, 0xFF, 0xFF, 0xFF, 0xFF, 0xF4, 0x00, 0x2F, 0xFF, 0xFF, 0xFF, 0xF4, 0x00,
    0x00, 0x6F, 0xFF, 0xFF, 0x90, 0x00, 0x00, 0x00, 0x00, 0x00, 0x00, 0x00, 0x00, 0x00, 0x00, 0x00,
    0x0F, 0x00, 0x00, 0x00, 0x00, 0x7F, 0x00, 0x00, 0x00, 0x03, 0xFF, 0x40, 0x00, 0x00, 0x2E, 0x0F,
    0x80, 0x00, 0x01, 0xE0, 0x07, 0xC0, 0x00, 0x09, 0x00, 0x01, 0x40, 0x00, 0x00, 0x00, 0x00, 0x00,
    0x00, 0x00, 0x00, 0x00, 0x00, 0x00, 0x7F, 0xFA, 0x40, 0x00, 0x1F, 0xFF, 0xFC, 0x00, 0x01, 0xFD,
    0x51, 0x40, 0x00, 0x0F, 0x40, 0x00, 0x00, 0x00, 0x7C, 0x00, 0x00, 0x00, 0x01, 0xF8, 0x00, 0x00,
    0x00, 0x03, 0xFE, 0x40, 0x00, 0x00, 0x07, 0xFF, 0xE0, 0x00, 0x00, 0x02, 0xFF, 0xF4, 0x00, 0x00,
    0x00, 0x1F, 0xF0, 0x00, 0x00, 0x00, 0x2F, 0xC0, 0x00, 0x79, 0x01, 0xFF, 0x00, 0x07, 0xFF, 0xFF,
    0xF8, 0x00, 0xBF, 0xFF, 0xFF, 0xC0, 0x03, 0xFF, 0xFF, 0xFC, 0x00, 0x01, 0xBF, 0xFE, 0x40, 0x00,
    0x00, 0x00, 0x00, 0x01, 0x55, 0x50, 0x00, 0x00, 0x00, 0x1F, 0xFF, 0xFF, 0xC0, 0x00, 0x00, 0x7F,
    0xFF, 0xFF, 0xF0, 0x00, 0x00, 0x3F, 0xFF, 0xFF, 0xF8, 0x00, 0x00, 0x3F, 0xFD, 0x40, 0x04, 0x00,
    0x00, 0x2F, 0xF0, 0x00, 0x00, 0x00, 0x00, 0x0F, 0xE0, 0x00, 0x00, 0x00, 0x00, 0x07, 0xF0, 0x00,
    0x00, 0x00, 0x00, 0x02, 0xF8, 0x00, 0x00, 0x00, 0x00, 0x00, 0xFF, 0x00, 0x00, 0x00, 0x00, 0x00,
    0x3F, 0xF9, 0x00, 0x00, 0x00, 0x00, 0x07, 0xFF, 0xFE, 0x40, 0x00, 0x00, 0x00, 0xBF, 0xFF, 0xFE,
    0x00, 0x00, 0x00, 0x07, 0xFF, 0xFF, 0xF4, 0x00, 0x00, 0x00, 0x06, 0xFF, 0xFF, 0x80, 0x00, 0x00,
    0x00, 0x02, 0xFF, 0xF4, 0x00, 0x00, 0x00, 0x00, 0x2F, 0xFE, 0x00, 0x00, 0x00, 0x00, 0x0B, 0xFF,
    0xC0, 0x00, 0x00, 0x00, 0x03, 0xFF, 0xF0, 0x00, 0x40, 0x00, 0x02, 0xFF, 0xF8, 0x00, 0xBF, 0xEA,
    0xAF, 0xFF, 0xFC, 0x00, 0xBF, 0xFF, 0xFF, 0xFF, 0xFD, 0x00, 0xBF, 0xFF, 0xFF, 0xFF, 0xFD, 0x00,
    0xBF, 0xFF, 0xFF, 0xFF, 0xFD, 0x00, 0x2F, 0xFF, 0xFF, 0xFF, 0xF4, 0x00, 0x01, 0xBF, 0xFF, 0xFE,
    0x40, 0x00, 0x00, 0x00, 0x00, 0x80, 0x00, 0x00, 0x00, 0x00, 0x00, 0xFD, 0x00, 0x00, 0x00, 0x00,
    0x00, 0x00, 0x90, 0x00, 0x00, 0x00, 0x00, 0x00, 0x28, 0x00, 0x00, 0x00, 0x00, 0x00, 0x2C, 0x00,
    0x00, 0x00, 0x00, 0x03, 0xFD, 0x00, 0x00, 0x00, 0x00, 0x00, 0xA4, 0x00, 0x00, 0x00, 0x00, 0x00,
    0x00, 0x7F, 0xFA, 0x40, 0x01, 0xFF, 0xFF, 0xC0, 0x01, 0xFD, 0x51, 0x40, 0x00, 0xF4, 0x00, 0x00,
    0x00, 0x7C, 0x00, 0x00, 0x00, 0x1F, 0x80, 0x00, 0x00, 0x03, 0xFE, 0x40, 0x00, 0x00, 0x7F, 0xFE,
    0x00, 0x00, 0x02, 0xFF, 0xF4, 0x00, 0x00, 0x01, 0xFF, 0x00, 0x00, 0x00, 0x2F, 0xC0, 0x07, 0x90,
    0x1F, 0xF0, 0x07, 0xFF, 0xFF, 0xF8, 0x0B, 0xFF, 0xFF, 0xFC, 0x03, 0xFF, 0xFF, 0xFC, 0x00, 0x1B,
    0xFF, 0xE4, 0x00, 0x00, 0x05, 0x00, 0x00, 0x00, 0x02, 0x00, 0x00, 0x00, 0x02, 0xF8, 0x00, 0x00,
    0x00, 0x02, 0x80, 0x00, 0x00, 0x00, 0x70, 0x00, 0x00, 0x00, 0x74, 0x00, 0x00, 0x0F, 0xF8, 0x00,
    0x00, 0x02, 0x94, 0x00, 0x00, 0x00, 0x00, 0x00, 0x10, 0x00, 0x04, 0x00, 0x00, 0x00, 0x0F, 0x00,
    0x0F, 0x00, 0x00, 0x00, 0x01, 0xF0, 0x2E, 0x00, 0x00, 0x00, 0x00, 0x1F, 0xBD, 0x00, 0x00, 0x00,
    0x00, 0x03, 0xFC, 0x00, 0x00, 0x00, 0x00, 0x00, 0x7C, 0x00, 0x00, 0x00, 0x00, 0x00, 0x04, 0x00,
    0x00, 0x00, 0x00, 0x00, 0x00, 0x00, 0x00, 0x00, 0x00, 0x00, 0x00, 0x00, 0x00, 0x00, 0x00, 0x00,
    0x00, 0x00, 0x00, 0x00, 0x00, 0x00, 0x00, 0x00, 0x00, 0x00, 0x00, 0x00, 0x00, 0x05, 0x55, 0x40,
    0x00, 0x00, 0x00, 0x7F, 0xFF, 0xFF, 0x00, 0x00, 0x01, 0xFF, 0xFF, 0xFF, 0xC0, 0x00, 0x00, 0xFF,
    0xFF, 0xFF, 0xE0, 0x00, 0x00, 0xFF, 0xF5, 0x00, 0x10, 0x00, 0x00, 0xBF, 0xC0, 0x00, 0x00, 0x00,
    0x00, 0x3F, 0x80, 0x00, 0x00, 0x00, 0x00, 0x1F, 0xC0, 0x00, 0x00, 0x00, 0x00, 0x0B, 0xE0, 0x00,
    0x00, 0x00, 0x00, 0x03, 0xFC, 0x00, 0x00, 0x00, 0x00, 0x00, 0xFF, 0xE4, 0x00, 0x00, 0x00, 0x00,
    0x1F, 0xFF, 0xF9, 0x00, 0x00, 0x00, 0x02, 0xFF, 0xFF, 0xF8, 0x00, 0x00, 0x00, 0x1F, 0xFF, 0xFF,
    0xD0, 0x00, 0x00, 0x00, 0x1B, 0xFF, 0xFE, 0x00, 0x00, 0x00, 0x00, 0x0B, 0xFF, 0xD0, 0x00, 0x00,
    0x00, 0x00, 0xBF, 0xF8, 0x00, 0x00, 0x00, 0x00, 0x2F, 0xFF, 0x00, 0x00, 0x00, 0x00, 0x0F, 0xFF,
    0xC0, 0x01, 0x00, 0x00, 0x0B, 0xFF, 0xE0, 0x02, 0xFF, 0xAA, 0xBF, 0xFF, 0xF0, 0x02, 0xFF, 0xFF,
    0xFF, 0xFF, 0xF4, 0x02, 0xFF, 0xFF, 0xFF, 0xFF, 0xF4, 0x02, 0xFF, 0xFF, 0xFF, 0xFF, 0xF4, 0x00,
    0xBF, 0xFF, 0xFF, 0xFF, 0xD0, 0x00, 0x06, 0xFF, 0xFF, 0xF9, 0x00, 0x00, 0x00, 0x00, 0x00, 0x00,
    0x00, 0x00, 0x00, 0x00, 0x00, 0x00, 0x01, 0x00, 0x07, 0x80, 0x07, 0x80, 0x00, 0xB8, 0x0F, 0x40,
    0x00, 0x0F, 0xEF, 0x00, 0x00, 0x00, 0xFF, 0x00, 0x00, 0x00, 0x2F, 0x00, 0x00, 0x00, 0x01, 0x00,
    0x00, 0x00, 0x00, 0x00, 0x00, 0x00, 0x00, 0x00, 0x00, 0x00, 0x00, 0x00, 0x00, 0x00, 0x00, 0x00,
    0x00, 0x00, 0x00, 0x01, 0xFF, 0xE9, 0x00, 0x07, 0xFF, 0xFF, 0x00, 0x07, 0xF5, 0x45, 0x00, 0x03,
    0xD0, 0x00, 0x00, 0x01, 0xF0, 0x00, 0x00, 0x00, 0x7E, 0x00, 0x00, 0x00, 0x0F, 0xF9, 0x00, 0x00,
    0x01, 0xFF, 0xF8, 0x00, 0x00, 0x0B, 0xFF, 0xD0, 0x00, 0x00, 0x07, 0xFC, 0x00, 0x00, 0x00, 0xBF,
    0x00, 0x1E, 0x40, 0x7F, 0xC0, 0x1F, 0xFF, 0xFF, 0xE0, 0x2F, 0xFF, 0xFF, 0xF0, 0x0F, 0xFF, 0xFF,
    0xF0, 0x00, 0x6F, 0xFF, 0x90, 0x00, 0x0F, 0xFF, 0xFF, 0xFF, 0xFF, 0xF0, 0x7F, 0xFF, 0xFF, 0xFF,
    0xFF, 0xC2, 0xFF, 0xFF, 0xFF, 0xFF, 0xFE, 0x0A, 0x95, 0x0B, 0xF0, 0x01, 0x50, 0x00, 0x00, 0x3F,
    0x80, 0x00, 0x00, 0x00, 0x00, 0xFD, 0x00, 0x00, 0x00, 0x00, 0x07, 0xF0, 0x00, 0x00, 0x00, 0x00,
    0x2F, 0xC0, 0x00, 0x00, 0x00, 0x00, 0xFE, 0x00, 0x00, 0x00, 0x00, 0x07, 0xF4, 0x00, 0x00, 0x00,
    0x00, 0x2F, 0xC0, 0x00, 0x00, 0x00, 0x00, 0xFF, 0x00, 0x00, 0x00, 0x00, 0x07, 0xF8, 0x00, 0x00,
    0x00, 0x00, 0x2F, 0xD0, 0x00, 0x00, 0x00, 0x00, 0xFF, 0x00, 0x00, 0x00, 0x00, 0x03, 0xFC, 0x00,
    0x00, 0x00, 0x00, 0x1F, 0xE0, 0x00, 0x00, 0x00, 0x00, 0xFF, 0x80, 0x00, 0x00, 0x00, 0x03, 0xFD,
    0x00, 0x00, 0x00, 0x00, 0x1F, 0xF0, 0x00, 0x00, 0x00, 0x00, 0xBF, 0xC0, 0x00, 0x00, 0x00, 0x03,
    0xFE, 0x00, 0x00, 0x00, 0x00, 0x1F, 0xF4, 0x00, 0x00, 0x00, 0x00, 0xBF, 0xC0, 0x00, 0x00, 0x00,
    0x03, 0xFF, 0x00, 0x00, 0x00, 0x00, 0x00, 0x20, 0x00, 0x00, 0x00, 0x00, 0x02, 0xFD, 0x00, 0x00,
    0x00, 0x00, 0x00, 0x1C, 0x00, 0x00, 0x00, 0x00, 0x01, 0xE0, 0x00, 0x00, 0x00, 0x03, 0xFF, 0x00,
    0x00, 0x00, 0x00, 0x0A, 0x90, 0x00, 0x00, 0x00, 0x00, 0x00, 0x00, 0x00, 0x00, 0x00, 0x2C, 0x00,
    0x00, 0x7E, 0x00, 0x00, 0x2F, 0x40, 0x00, 0x0F, 0xC0, 0x00, 0x07, 0xE0, 0x00, 0xFF, 0xFF, 0xFC,
    0xBF, 0xFF, 0xFF, 0x00, 0x7F, 0x00, 0x00, 0x2F, 0x40, 0x00, 0x0F, 0xC0, 0x00, 0x07, 0xF0, 0x00,
    0x02, 0xF8, 0x00, 0x00, 0xFD, 0x00, 0x00, 0x7F, 0x00, 0x00, 0x2F, 0x80, 0x00, 0x0F, 0xD0, 0x00,
    0x07, 0xF4, 0x00, 0x02, 0xFF, 0xFD, 0x00, 0xFF, 0xFF, 0x40, 0x3F, 0xFF, 0xD0, 0x0F, 0xFF, 0xF4,
    0x00, 0x0C, 0x00, 0x00, 0x07, 0xF8, 0x00, 0x00, 0x03, 0x00, 0x00, 0x02, 0xC0, 0x00, 0x7F, 0xD0,
    0x00, 0x1A, 0x40, 0x00, 0x00, 0x01, 0x00, 0x00, 0x10, 0x00, 0x00, 0x0B, 0x40, 0x0B, 0x40, 0x00,
    0x00, 0x0F, 0x41, 0xF0, 0x00, 0x00, 0x00, 0x0F, 0xBE, 0x00, 0x00, 0x00, 0x00, 0x1F, 0xE0, 0x00,
    0x00, 0x00, 0x00, 0x3E, 0x00, 0x00, 0x00, 0x00, 0x00, 0x10, 0x00, 0x00, 0x00, 0x00, 0x00, 0x00,
    0x00, 0x00, 0x00, 0x00, 0x00, 0x00, 0x00, 0x00, 0x00, 0x00, 0x00, 0x00, 0x00, 0x00, 0xFF, 0xFF,
    0xFF, 0xFF, 0xFF, 0x07, 0xFF, 0xFF, 0xFF, 0xFF, 0xFC, 0x2F, 0xFF, 0xFF, 0xFF, 0xFF, 0xE0, 0xA9,
    0x50, 0xBF, 0x00, 0x15, 0x00, 0x00, 0x03, 0xF8, 0x00, 0x00, 0x00, 0x00, 0x0F, 0xD0, 0x00, 0x00,
    0x00, 0x00, 0x7F, 0x00, 0x00, 0x00, 0x00, 0x02, 0xFC, 0x00, 0x00, 0x00, 0x00, 0x0F, 0xE0, 0x00,
    0x00, 0x00, 0x00, 0x7F, 0x40, 0x00, 0x00, 0x00, 0x02, 0xFC, 0x00, 0x00, 0x00, 0x00, 0x0F, 0xF0,
    0x00, 0x00, 0x00, 0x00, 0x7F, 0x80, 0x00, 0x00, 0x00, 0x02, 0xFD, 0x00, 0x00, 0x00, 0x00, 0x0F,
    0xF0, 0x00, 0x00, 0x00, 0x00, 0x3F, 0xC0, 0x00, 0x00, 0x00, 0x01, 0xFE, 0x00, 0x00, 0x00, 0x00,
    0x0F, 0xF8, 0x00, 0x00, 0x00, 0x00, 0x3F, 0xD0, 0x00, 0x00, 0x00, 0x01, 0xFF, 0x00, 0x00, 0x00,
    0x00, 0x0B, 0xFC, 0x00, 0x00, 0x00, 0x00, 0x3F, 0xE0, 0x00, 0x00, 0x00, 0x01, 0xFF, 0x40, 0x00,
    0x00, 0x00, 0x0B, 0xFC, 0x00, 0x00, 0x00, 0x00, 0x3F, 0xF0, 0x00, 0x00, 0x00, 0x00, 0x00, 0x00,
    0x00, 0x00, 0x00, 0x00, 0x00, 0x02, 0xE0, 0x00, 0x00, 0x00, 0xF4, 0x00, 0x00, 0x00, 0x7C, 0x00,
    0x00, 0x70, 0x3E, 0x00, 0x00, 0xF8, 0x1F, 0x40, 0x00, 0xBD, 0x0B, 0xC0, 0x00, 0x3F, 0x00, 0x00,
    0x00, 0x1F, 0x80, 0x00, 0x03, 0xFF, 0xFF, 0xF0, 0x02, 0xFF, 0xFF, 0xFC, 0x00, 0x01, 0xFC, 0x00,
    0x00, 0x00, 0xBD, 0x00, 0x00, 0x00, 0x3F, 0x00, 0x00, 0x00, 0x1F, 0xC0, 0x00, 0x00, 0x0B, 0xE0,
    0x00, 0x00, 0x03, 0xF4, 0x00, 0x00, 0x01, 0xFC, 0x00, 0x00, 0x00, 0xBE, 0x00, 0x00, 0x00, 0x3F,
    0x40, 0x00, 0x00, 0x1F, 0xD0, 0x00, 0x00, 0x0B, 0xFF, 0xF4, 0x00, 0x03, 0xFF, 0xFD, 0x00, 0x00,
    0xFF, 0xFF, 0x40, 0x00, 0x3F, 0xFF, 0xD0, 0x00, 0x00, 0x0F, 0xFF, 0xFF, 0xFF, 0xFF, 0xF0, 0x7F,
    0xFF, 0xFF, 0xFF, 0xFF, 0xC2, 0xFF, 0xFF, 0xFF, 0xFF, 0xFE, 0x0A, 0x95, 0x0B, 0xF0, 0x05, 0x50,
    0x00, 0x00, 0x3F, 0x80, 0x00, 0x00, 0x00, 0x00, 0xFD, 0x00, 0x00, 0x00, 0x00, 0x07, 0xF0, 0x00,
    0x00, 0x00, 0x00, 0x2F, 0xC0, 0x00, 0x00, 0x00, 0x00, 0xFE, 0x00, 0x00, 0x00, 0x00, 0x03, 0xF4,
    0x00, 0x00, 0x00, 0x00, 0x1F, 0xD0, 0x00, 0x00, 0x00, 0x00, 0xFF, 0x00, 0x00, 0x00, 0x0B, 0xFF,
    0xFF, 0xFC, 0x00, 0x00, 0x3F, 0xFF, 0xFF, 0xF0, 0x00, 0x01, 0xFF, 0xFF, 0xFF, 0x80, 0x00, 0x00,
    0x03, 0xFC, 0x00, 0x00, 0x00, 0x00, 0x1F, 0xF0, 0x00, 0x00, 0x00, 0x00, 0xBF, 0x80, 0x00, 0x00,
    0x00, 0x03, 0xFD, 0x00, 0x00, 0x00, 0x00, 0x1F, 0xF0, 0x00, 0x00, 0x00, 0x00, 0xBF, 0xC0, 0x00,
    0x00, 0x00, 0x03, 0xFE, 0x00, 0x00, 0x00, 0x00, 0x1F, 0xF4, 0x00, 0x00, 0x00, 0x00, 0xBF, 0xC0,
    0x00, 0x00, 0x00, 0x03, 0xFF, 0x00, 0x00, 0x00, 0x00, 0x00, 0x00, 0x00, 0x00, 0x00, 0x00, 0x2C,
    0x00, 0x00, 0x07, 0xE0, 0x00, 0x00, 0x2F, 0x40, 0x00, 0x00, 0xFC, 0x00, 0x00, 0x07, 0xE0, 0x00,
    0x0F, 0xFF, 0xFF, 0xC0, 0xBF, 0xFF, 0xFF, 0x00, 0x07, 0xF0, 0x00, 0x00, 0x2F, 0x80, 0x00, 0x00,
    0xFD, 0x00, 0x0F, 0xFF, 0xFF, 0xFC, 0x3F, 0xFF, 0xFF, 0xE2, 0xFF, 0xFF, 0xFF, 0x40, 0x03, 0xF0,
    0x00, 0x00, 0x2F, 0xC0, 0x00, 0x00, 0xFD, 0x00, 0x00, 0x03, 0xF4, 0x00, 0x00, 0x2F, 0xFF, 0xD0,
    0x00, 0xFF, 0xFF, 0x40, 0x03, 0xFF, 0xFD, 0x00, 0x0F, 0xFF, 0xF4, 0x00, 0x00, 0x00, 0x00, 0x05,
    0x40, 0x14, 0x00, 0x00, 0x00, 0x02, 0xFD, 0x03, 0x80, 0x00, 0x00, 0x00, 0x78, 0xB0, 0x34, 0x00,
    0x00, 0x00, 0x0F, 0x07, 0x4F, 0x00, 0x00, 0x00, 0x00, 0xE0, 0x2F, 0xE0, 0x00, 0x00, 0x00, 0x00,
    0x00, 0xA4, 0x00, 0x00, 0x00, 0x00, 0x00, 0x00, 0x00, 0x00, 0x00, 0x00, 0x00, 0x00, 0x00, 0x00,
    0x00, 0x00, 0x00, 0x00, 0x00, 0x00, 0x00, 0x00, 0x00, 0x00, 0x00, 0x00, 0x00, 0x00, 0x0A, 0xA4,
    0x00, 0x00, 0x6A, 0x90, 0x01, 0xFF, 0x40, 0x00, 0x0B, 0xFC, 0x00, 0x2F, 0xF0, 0x00, 0x00, 0xFF,
    0xC0, 0x03, 0xFE, 0x00, 0x00, 0x0F, 0xF8, 0x00, 0x3F, 0xD0, 0x00, 0x01, 0xFF, 0x40, 0x07, 0xFC,
    0x00, 0x00, 0x2F, 0xF0, 0x00, 0xBF, 0xC0, 0x00, 0x03, 0xFE, 0x00, 0x0F, 0xF4, 0x00, 0x00, 0x3F,
    0xD0, 0x00, 0xFF, 0x00, 0x00, 0x07, 0xFC, 0x00, 0x0F, 0xF0, 0x00, 0x00, 0x7F, 0x80, 0x01, 0xFE,
    0x00, 0x00, 0x0B, 0xF4, 0x00, 0x2F, 0xD0, 0x00, 0x00, 0xFF, 0x00, 0x03, 0xFC, 0x00, 0x00, 0x0F,
    0xF0, 0x00, 0x3F, 0x80, 0x00, 0x01, 0xFD, 0x00, 0x07, 0xF4, 0x00, 0x00, 0x2F, 0xC0, 0x00, 0xBF,
    0x00, 0x00, 0x03, 0xFC, 0x00, 0x0F, 0xF0, 0x00, 0x00, 0xBF, 0x40, 0x00, 0xFF, 0x00, 0x00, 0x0F,
    0xF0, 0x00, 0x0F, 0xF4, 0x00, 0x03, 0xFF, 0x00, 0x01, 0xFF, 0xE5, 0x5B, 0xFF, 0xD0, 0x00, 0x1F,
    0xFF, 0xFF, 0xFF, 0xFC, 0x00, 0x01, 0xFF, 0xFF, 0xFF, 0xFF, 0x40, 0x00, 0x0F, 0xFF, 0xFF, 0xFF,
    0xE0, 0x00, 0x00, 0xBF, 0xFF, 0xFF, 0xF8, 0x00, 0x00, 0x01, 0xBF, 0xFF, 0xF9, 0x00, 0x00, 0x00,
    0x00, 0x00, 0x00, 0x00, 0x00, 0x00, 0x00, 0x00, 0xBD, 0x01, 0xC0, 0x00, 0x2F, 0xB0, 0x2C, 0x00,
    0x03, 0xC3, 0x83, 0x80, 0x00, 0xB4, 0x2E, 0xF0, 0x00, 0x0F, 0x00, 0xBD, 0x00, 0x00, 0x00, 0x00,
    0x00, 0x00, 0x00, 0x00, 0x00, 0x00, 0x00, 0x00, 0x00, 0x00, 0x00, 0x00, 0x00, 0x00, 0x00, 0x1F,
    0x40, 0x00, 0xBD, 0x02, 0xF0, 0x00, 0x0F, 0xC0, 0x3F, 0x00, 0x00, 0xFC, 0x03, 0xF0, 0x00, 0x1F,
    0x80, 0x7E, 0x00, 0x02, 0xF4, 0x0B, 0xD0, 0x00, 0x3F, 0x00, 0xBC, 0x00, 0x07, 0xF0, 0x0F, 0xC0,
    0x00, 0xBE, 0x00, 0xF8, 0x00, 0x0F, 0xD0, 0x1F, 0x80, 0x02, 0xFD, 0x02, 0xFC, 0x00, 0xBF, 0xC0,
    0x2F, 0xFF, 0xFF, 0xFC, 0x02, 0xFF, 0xFF, 0xFF, 0x80, 0x2F, 0xFF, 0xFF, 0xF4, 0x01, 0xFF, 0xFF,
    0x7F, 0x00, 0x07, 0xFF, 0x87, 0xF0, 0x00, 0x00, 0x00, 0x00, 0x00, 0x00, 0x00, 0x00, 0x00, 0x00,
    0x04, 0x00, 0x00, 0x00, 0x0A, 0xFF, 0xFF, 0xE0, 0x00, 0x00, 0x03, 0xFF, 0xFF, 0xFE, 0x00, 0x00,
    0x00, 0x15, 0x40, 0x00, 0x00, 0x00, 0x00, 0x00, 0x00, 0x00, 0x00, 0x00, 0x00, 0x00, 0x00, 0x00,
    0x00, 0x00, 0x00, 0x00, 0x00, 0x00, 0x00, 0x00, 0x00, 0x00, 0x00, 0x00, 0x00, 0x00, 0x00, 0x00,
    0x0F, 0xF8, 0x00, 0x00, 0xBF, 0xD0, 0x01, 0xFF, 0x00, 0x00, 0x0B, 0xFC, 0x00, 0x2F, 0xF0, 0x00,
    0x00, 0xFF, 0xC0, 0x03, 0xFE, 0x00, 0x00, 0x0F, 0xF4, 0x00, 0x3F, 0xD0, 0x00, 0x01, 0xFF, 0x00,
    0x07, 0xFC, 0x00, 0x00, 0x2F, 0xF0, 0x00, 0xBF, 0x80, 0x00, 0x03, 0xFE, 0x00, 0x0F, 0xF4, 0x00,
    0x00, 0x3F, 0xC0, 0x00, 0xFF, 0x00, 0x00, 0x07, 0xFC, 0x00, 0x1F, 0xF0, 0x00, 0x00, 0xBF, 0x80,
    0x02, 0xFE, 0x00, 0x00, 0x0F, 0xF4, 0x00, 0x2F, 0xC0, 0x00, 0x00, 0xFF, 0x00, 0x03, 0xFC, 0x00,
    0x00, 0x0F, 0xE0, 0x00, 0x3F, 0x80, 0x00, 0x01, 0xFD, 0x00, 0x07, 0xF4, 0x00, 0x00, 0x3F, 0xC0,
    0x00, 0xBF, 0x00, 0x00, 0x03, 0xFC, 0x00, 0x0F, 0xF0, 0x00, 0x00, 0xBF, 0x40, 0x00, 0xFF, 0x00,
    0x00, 0x0F, 0xF0, 0x00, 0x0F, 0xF4, 0x00, 0x03, 0xFE, 0x00, 0x01, 0xFF, 0xE5, 0x5B, 0xFF, 0xD0,
    0x00, 0x1F, 0xFF, 0xFF, 0xFF, 0xFC, 0x00, 0x01, 0xFF, 0xFF, 0xFF, 0xFF, 0x40, 0x00, 0x0F, 0xFF,
    0xFF, 0xFF, 0xE0, 0x00, 0x00, 0xBF, 0xFF, 0xFF, 0xF8, 0x00, 0x00, 0x01, 0xBF, 0xFF, 0xF9, 0x00,
    0x00, 0x00, 0x00, 0x00, 0x00, 0x00, 0x00, 0x00, 0x00, 0x00, 0x00, 0x00, 0x50, 0x00, 0x2B, 0xFF,
    0xFF, 0xC0, 0x01, 0xFF, 0xFF, 0xFF, 0x00, 0x05, 0x50, 0x00, 0x00, 0x00, 0x00, 0x00, 0x00, 0x00,
    0x00, 0x00, 0x00, 0x00, 0x00, 0x00, 0x00, 0x00, 0x00, 0x00, 0x7D, 0x00, 0x02, 0xF4, 0x02, 0xF0,
    0x00, 0x0F, 0xC0, 0x0F, 0xC0, 0x00, 0x3F, 0x00, 0x3F, 0x00, 0x01, 0xF8, 0x01, 0xF8, 0x00, 0x0B,
    0xD0, 0x0B, 0xD0, 0x00, 0x3F, 0x00, 0x2F, 0x00, 0x01, 0xFC, 0x00, 0xFC, 0x00, 0x0B, 0xE0, 0x03,
    0xE0, 0x00, 0x3F, 0x40, 0x1F, 0x80, 0x02, 0xFD, 0x00, 0xBF, 0x00, 0x2F, 0xF0, 0x02, 0xFF, 0xFF,
    0xFF, 0xC0, 0x0B, 0xFF, 0xFF, 0xFE, 0x00, 0x2F, 0xFF, 0xFF, 0xF4, 0x00, 0x7F, 0xFF, 0xDF, 0xC0,
    0x00, 0x7F, 0xF8, 0x7F, 0x00, 0x00, 0x00, 0x00, 0x00, 0x00, 0x00, 0x00, 0x00, 0xF0, 0x00, 0x1D,
    0x00, 0x00, 0x00, 0x0F, 0x00, 0x03, 0xC0, 0x00, 0x00, 0x00, 0xFC, 0x01, 0xF8, 0x00, 0x00, 0x00,
    0x0B, 0xFF, 0xFE, 0x00, 0x00, 0x00, 0x00, 0x3F, 0xFF, 0x40, 0x00, 0x00, 0x00, 0x00, 0x6A, 0x40,
    0x00, 0x00, 0x00, 0x00, 0x00, 0x00, 0x00, 0x00, 0x00, 0x00, 0x00, 0x00, 0x00, 0x00, 0x00, 0x00,
    0x00, 0x00, 0x00, 0x00, 0x00, 0x00, 0x00, 0x00, 0x00, 0x00, 0x00, 0x00, 0x00, 0x00, 0x00, 0x00,
    0x00, 0x00, 0x00, 0xFF, 0x40, 0x00, 0x07, 0xFD, 0x00, 0x1F, 0xF4, 0x00, 0x00, 0xBF, 0xC0, 0x02,
    0xFF, 0x00, 0x00, 0x0F, 0xFC, 0x00, 0x3F, 0xE0, 0x00, 0x00, 0xFF, 0x80, 0x03, 0xFD, 0x00, 0x00,
    0x1F, 0xF0, 0x00, 0x7F, 0xC0, 0x00, 0x02, 0xFF, 0x00, 0x0B, 0xFC, 0x00, 0x00, 0x3F, 0xE0, 0x00,
    0xFF, 0x40, 0x00, 0x03, 0xFD, 0x00, 0x0F, 0xF0, 0x00, 0x00, 0x7F, 0xC0, 0x00, 0xFF, 0x00, 0x00,
    0x0B, 0xF8, 0x00, 0x1F, 0xE0, 0x00, 0x00, 0xBF, 0x40, 0x02, 0xFC, 0x00, 0x00, 0x0F, 0xF0, 0x00,
    0x3F, 0xC0, 0x00, 0x00, 0xFE, 0x00, 0x03, 0xF8, 0x00, 0x00, 0x1F, 0xD0, 0x00, 0x7F, 0x40, 0x00,
    0x03, 0xFC, 0x00, 0x0B, 0xF0, 0x00, 0x00, 0x3F, 0xC0, 0x00, 0xFF, 0x00, 0x00, 0x0B, 0xF4, 0x00,
    0x0F, 0xF0, 0x00, 0x00, 0xFF, 0x00, 0x00, 0xFF, 0x40, 0x00, 0x3F, 0xF0, 0x00, 0x1F, 0xFE, 0x55,
    0xBF, 0xFD, 0x00, 0x01, 0xFF, 0xFF, 0xFF, 0xFF, 0xC0, 0x00, 0x1F, 0xFF, 0xFF, 0xFF, 0xF4, 0x00,
    0x00, 0xFF, 0xFF, 0xFF, 0xFE, 0x00, 0x00, 0x0B, 0xFF, 0xFF, 0xFF, 0x80, 0x00, 0x00, 0x1B, 0xFF,
    0xFF, 0x90, 0x00, 0x00, 0x00, 0x00, 0x00, 0x00, 0x00, 0x00, 0x00, 0x00, 0x07, 0x40, 0x00, 0xF0,
    0x00, 0x2E, 0x00, 0x07, 0x40, 0x00, 0xBD, 0x00, 0xBC, 0x00, 0x00, 0xFF, 0xFF, 0xC0, 0x00, 0x01,
    0xFF, 0xF8, 0x00, 0x00, 0x00, 0xAA, 0x00, 0x00, 0x00, 0x00, 0x00, 0x00, 0x00, 0x00, 0x00, 0x00,
    0x00, 0x00, 0x00, 0x00, 0x00, 0x00, 0x00, 0x00, 0x00, 0x00, 0x00, 0x1F, 0x40, 0x00, 0xBD, 0x00,
    0xBC, 0x00, 0x03, 0xF0, 0x03, 0xF0, 0x00, 0x0F, 0xC0, 0x0F, 0xC0, 0x00, 0x7E, 0x00, 0x7E, 0x00,
    0x02, 0xF4, 0x02, 0xF4, 0x00, 0x0F, 0xC0, 0x0B, 0xC0, 0x00, 0x7F, 0x00, 0x3F, 0x00, 0x02, 0xF8,
    0x00, 0xF8, 0x00, 0x0F, 0xD0, 0x07, 0xE0, 0x00, 0xBF, 0x40, 0x2F, 0xC0, 0x0B, 0xFC, 0x00, 0xBF,
    0xFF, 0xFF, 0xF0, 0x02, 0xFF, 0xFF, 0xFF, 0x80, 0x0B, 0xFF, 0xFF, 0xFD, 0x00, 0x1F, 0xFF, 0xF7,
    0xF0, 0x00, 0x1F, 0xFE, 0x1F, 0xC0, 0x00, 0x00, 0x00, 0x00, 0x00, 0x00, 0x00, 0x00, 0x00, 0x00,
    0x2F, 0x00, 0x00, 0x00, 0x00, 0x00, 0x0E, 0x1C, 0x00, 0x00, 0x00, 0x00, 0x01, 0xC0, 0xC0, 0x00,
    0x00, 0x00, 0x00, 0x34, 0x1C, 0x00, 0x00, 0x00, 0x00, 0x03, 0x83, 0x80, 0x00, 0x00, 0x00, 0x00,
    0x2F, 0xF0, 0x00, 0x00, 0x00, 0x00, 0x00, 0xB8, 0x00, 0x00, 0x00, 0x00, 0x00, 0x00, 0x00, 0x00,
    0x00, 0x00, 0x00, 0x00, 0x00, 0x00, 0x00, 0x00, 0x00, 0x00, 0x00, 0x00, 0x00, 0x00, 0x00, 0x00,
    0x00, 0x00, 0x00, 0x00, 0x00, 0x00, 0x00, 0x00, 0x00, 0x00, 0x00, 0x0F, 0xF4, 0x00, 0x00, 0x7F,
    0xD0, 0x01, 0xFF, 0x40, 0x00, 0x0B, 0xFC, 0x00, 0x2F, 0xF0, 0x00, 0x00, 0xFF, 0xC0, 0x03, 0xFE,
    0x00, 0x00, 0x0F, 0xF8, 0x00, 0x3F, 0xD0, 0x00, 0x01, 0xFF, 0x40, 0x07, 0xFC, 0x00, 0x00, 0x2F,
    0xF0, 0x00, 0xBF, 0xC0, 0x00, 0x03, 0xFE, 0x00, 0x0F, 0xF4, 0x00, 0x00, 0x3F, 0xD0, 0x00, 0xFF,
    0x00, 0x00, 0x07, 0xFC, 0x00, 0x0F, 0xF0, 0x00, 0x00, 0xBF, 0x80, 0x01, 0xFE, 0x00, 0x00, 0x0B,
    0xF4, 0x00, 0x2F, 0xC0, 0x00, 0x00, 0xFF, 0x00, 0x03, 0xFC, 0x00, 0x00, 0x0F, 0xE0, 0x00, 0x3F,
    0x80, 0x00, 0x01, 0xFD, 0x00, 0x07, 0xF4, 0x00, 0x00, 0x3F, 0xC0, 0x00, 0xBF, 0x00, 0x00, 0x03,
    0xFC, 0x00, 0x0F, 0xF0, 0x00, 0x00, 0xBF, 0x40, 0x00, 0xFF, 0x00, 0x00, 0x0F, 0xF0, 0x00, 0x0F,
    0xF4, 0x00, 0x03, 0xFF, 0x00, 0x01, 0xFF, 0xE5, 0x5B, 0xFF, 0xD0, 0x00, 0x1F, 0xFF, 0xFF, 0xFF,
    0xFC, 0x00, 0x01, 0xFF, 0xFF, 0xFF, 0xFF, 0x40, 0x00, 0x0F, 0xFF, 0xFF, 0xFF, 0xE0, 0x00, 0x00,
    0xBF, 0xFF, 0xFF, 0xF8, 0x00, 0x00, 0x01, 0xBF, 0xFF, 0xF9, 0x00, 0x00, 0x00, 0x00, 0x00, 0x00,
    0x00, 0x00, 0x00, 0x00, 0x00, 0x01, 0xF8, 0x00, 0x00, 0x00, 0x74, 0xD0, 0x00, 0x00, 0x0D, 0x0A,
    0x00, 0x00, 0x01, 0xC0, 0xE0, 0x00, 0x00, 0x1C, 0x1C, 0x00, 0x00, 0x00, 0xFF, 0x80, 0x00, 0x00,
    0x06, 0x90, 0x00, 0x00, 0x00, 0x00, 0x00, 0x00, 0x00, 0x00, 0x00, 0x00, 0x00, 0x00, 0x00, 0x00,
    0x00, 0x00, 0x00, 0x00, 0x00, 0x1F, 0x40, 0x00, 0xBD, 0x02, 0xF0, 0x00, 0x0F, 0xC0, 0x3F, 0x00,
    0x00, 0xFC, 0x03, 0xF0, 0x00, 0x1F, 0x80, 0x7E, 0x00, 0x02, 0xF4, 0x0B, 0xD0, 0x00, 0x3F, 0x00,
    0xBC, 0x00, 0x07, 0xF0, 0x0F, 0xC0, 0x00, 0xBE, 0x00, 0xF8, 0x00, 0x0F, 0xD0, 0x1F, 0x80, 0x02,
    0xFD, 0x02, 0xFC, 0x00, 0xBF, 0xC0, 0x2F, 0xFF, 0xFF, 0xFC, 0x02, 0xFF, 0xFF, 0xFF, 0x80, 0x2F,
    0xFF, 0xFF, 0xF4, 0x01, 0xFF, 0xFF, 0x7F, 0x00, 0x07, 0xFF, 0x87, 0xF0, 0x00, 0x00, 0x00, 0x00,
    0x00, 0x00, 0x00, 0x00, 0x14, 0x00, 0x00, 0x54, 0x00, 0x00, 0x01, 0xF8, 0x00, 0x02, 0xF8, 0x00,
    0x00, 0x0B, 0xF0, 0x00, 0x0B, 0xF0, 0x00, 0x00, 0x2F, 0xC0, 0x00, 0x2F, 0xC0, 0x00, 0x00, 0xBE,
    0x00, 0x00, 0xBE, 0x00, 0x00, 0x00, 0x00, 0x00, 0x00, 0x00, 0x00, 0x00, 0x00, 0x00, 0x00, 0x00,
    0x00, 0x00, 0x00, 0x00, 0x00, 0x00, 0x00, 0x00, 0x00, 0x00, 0x00, 0x00, 0x00, 0x00, 0x00, 0x00,
    0x00, 0x00, 0x00, 0x00, 0x00, 0x00, 0x00, 0x00, 0x0F, 0xF4, 0x00, 0x00, 0x7F, 0xD0, 0x00, 0x1F,
    0xF4, 0x00, 0x00, 0xBF, 0xC0, 0x00, 0x2F, 0xF0, 0x00, 0x00, 0xFF, 0xC0, 0x00, 0x3F, 0xE0, 0x00,
    0x00, 0xFF, 0x80, 0x00, 0x3F, 0xD0, 0x00, 0x01, 0xFF, 0x00, 0x00, 0x7F, 0xC0, 0x00, 0x02, 0xFF,
    0x00, 0x00, 0xBF, 0xC0, 0x00, 0x03, 0xFE, 0x00, 0x00, 0xFF, 0x40, 0x00, 0x03, 0xFD, 0x00, 0x00,
    0xFF, 0x00, 0x00, 0x07, 0xFC, 0x00, 0x00, 0xFF, 0x00, 0x00, 0x0B, 0xF8, 0x00, 0x01, 0xFE, 0x00,
    0x00, 0x0B, 0xF4, 0x00, 0x02, 0xFC, 0x00, 0x00, 0x0F, 0xF0, 0x00, 0x03, 0xFC, 0x00, 0x00, 0x0F,
    0xE0, 0x00, 0x03, 0xF8, 0x00, 0x00, 0x1F, 0xD0, 0x00, 0x07, 0xF4, 0x00, 0x00, 0x3F, 0xC0, 0x00,
    0x0B, 0xF0, 0x00, 0x00, 0x3F, 0xC0, 0x00, 0x0F, 0xF0, 0x00, 0x00, 0xBF, 0x40, 0x00, 0x0F, 0xF0,
    0x00, 0x00, 0xFF, 0x00, 0x00, 0x0F, 0xF4, 0x00, 0x03, 0xFF, 0x00, 0x00, 0x1F, 0xFE, 0x55, 0xBF,
    0xFD, 0x00, 0x00, 0x1F, 0xFF, 0xFF, 0xFF, 0xFC, 0x00, 0x00, 0x1F, 0xFF, 0xFF, 0xFF, 0xF4, 0x00,
    0x00, 0x0F, 0xFF, 0xFF, 0xFF, 0xE0, 0x00, 0x00, 0x0B, 0xFF, 0xFF, 0xFF, 0x80, 0x00, 0x00, 0x01,
    0xBF, 0xFF, 0xF9, 0x00, 0x00, 0x00, 0x00, 0x00, 0x00, 0x00, 0x00, 0x00, 0x00, 0x00, 0x06, 0x90,
    0x00, 0x06, 0x80, 0x01, 0xFC, 0x00, 0x01, 0xF8, 0x00, 0x7F, 0x00, 0x00, 0x7F, 0x00, 0x2F, 0xC0,
    0x00, 0x2F, 0xC0, 0x06, 0x90, 0x00, 0x06, 0x90, 0x00, 0x00, 0x00, 0x00, 0x00, 0x00, 0x00, 0x00,
    0x00, 0x00, 0x00, 0x00, 0x00, 0x00, 0x00, 0x00, 0x00, 0x00, 0x00, 0x00, 0x00, 0x00, 0x00, 0x1F,
    0x40, 0x00, 0xBD, 0x00, 0x02, 0xF0, 0x00, 0x0F, 0xC0, 0x00, 0x3F, 0x00, 0x00, 0xFC, 0x00, 0x03,
    0xF0, 0x00, 0x1F, 0x80, 0x00, 0x7E, 0x00, 0x02, 0xF4, 0x00, 0x0B, 0xD0, 0x00, 0x3F, 0x00, 0x00,
    0xBC, 0x00, 0x07, 0xF0, 0x00, 0x0F, 0xC0, 0x00, 0xBE, 0x00, 0x00, 0xF8, 0x00, 0x0F, 0xD0, 0x00,
    0x1F, 0x80, 0x02, 0xFD, 0x00, 0x02, 0xFC, 0x00, 0xBF, 0xC0, 0x00, 0x2F, 0xFF, 0xFF, 0xFC, 0x00,
    0x02, 0xFF, 0xFF, 0xFF, 0x80, 0x00, 0x2F, 0xFF, 0xFF, 0xF4, 0x00, 0x01, 0xFF, 0xFF, 0x7F, 0x00,
    0x00, 0x07, 0xFF, 0x87, 0xF0, 0x00, 0x00, 0x00, 0x00, 0x00, 0x00, 0x00, 0x00, 0x0F, 0xF4, 0x00,
    0x00, 0x7F, 0xD0, 0x01, 0xFF, 0x40, 0x00, 0x0B, 0xFC, 0x00, 0x2F, 0xF0, 0x00, 0x00, 0xFF, 0xC0,
    0x03, 0xFE, 0x00, 0x00, 0x0F, 0xF8, 0x00, 0x3F, 0xD0, 0x00, 0x01, 0xFF, 0x00, 0x07, 0xFC, 0x00,
    0x00, 0x2F, 0xF0, 0x00, 0xBF, 0xC0, 0x00, 0x03, 0xFE, 0x00, 0x0F, 0xF4, 0x00, 0x00, 0x3F, 0xD0,
    0x00, 0xFF, 0x00, 0x00, 0x07, 0xFC, 0x00, 0x0F, 0xF0, 0x00, 0x00, 0xBF, 0x80, 0x01, 0xFE, 0x00,
    0x00, 0x0B, 0xF4, 0x00, 0x2F, 0xC0, 0x00, 0x00, 0xFF, 0x00, 0x03, 0xFC, 0x00, 0x00, 0x0F, 0xE0,
    0x00, 0x3F, 0x80, 0x00, 0x01, 0xFD, 0x00, 0x07, 0xF4, 0x00, 0x00, 0x3F, 0xC0, 0x00, 0xBF, 0x00,
    0x00, 0x03, 0xFC, 0x00, 0x0F, 0xF0, 0x00, 0x00, 0xBF, 0x40, 0x00, 0xFF, 0x00, 0x00, 0x0F, 0xF0,
    0x00, 0x0F, 0xF4, 0x00, 0x03, 0xFF, 0x00, 0x01, 0xFF, 0xE5, 0x5B, 0xFF, 0xD0, 0x00, 0x1F, 0xFF,
    0xFF, 0xFF, 0xFC, 0x00, 0x01, 0xFF, 0xFF, 0xFF, 0xFF, 0x40, 0x00, 0x0F, 0xFF, 0xFF, 0xFF, 0xE0,
    0x00, 0x00, 0xBF, 0xFF, 0xFF, 0xFC, 0x00, 0x00, 0x01, 0xBF, 0xFF, 0xF9, 0x00, 0x00, 0x00, 0x00,
    0x00, 0x78, 0x00, 0x00, 0x00, 0x00, 0x00, 0x1D, 0x00, 0x00, 0x00, 0x00, 0x00, 0x03, 0xC0, 0x00,
    0x00, 0x00, 0x00, 0x00, 0x2F, 0xE0, 0x00, 0x00, 0x00, 0x00, 0x00, 0x7F, 0x00, 0x00, 0x00, 0x00,
    0x00, 0x00, 0x00, 0x00, 0x00, 0x00, 0x01, 0xF4, 0x00, 0x0B, 0xD0, 0x2F, 0x00, 0x00, 0xFC, 0x03,
    0xF0, 0x00, 0x0F, 0xC0, 0x3F, 0x00, 0x01, 0xF8, 0x07, 0xE0, 0x00, 0x2F, 0x40, 0xBD, 0x00, 0x03,
    0xF0, 0x0B, 0xC0, 0x00, 0x7F, 0x00, 0xFC, 0x00, 0x0B, 0xE0, 0x0F, 0x80, 0x00, 0xFD, 0x01, 0xF8,
    0x00, 0x2F, 0xD0, 0x2F, 0xC0, 0x0B, 0xFC, 0x02, 0xFF, 0xFF, 0xFF, 0xC0, 0x2F, 0xFF, 0xFF, 0xF8,
    0x02, 0xFF, 0xFF, 0xFF, 0x40, 0x1F, 0xFF, 0xF7, 0xF0, 0x00, 0x7F, 0xF8, 0x7F, 0x00, 0x00, 0x00,
    0x2E, 0x00, 0x00, 0x00, 0x0B, 0x80, 0x00, 0x00, 0x02, 0xE0, 0x00, 0x00, 0x00, 0x38, 0x00, 0x00,
    0x00, 0x07, 0x40, 0x00, 0x00, 0x00, 0x3F, 0xD0, 0x00, 0x00, 0x00, 0x7D, 0x00, 0x00, 0x00, 0x00,
    0x00, 0x01, 0x80, 0x00, 0x00, 0x00, 0x00, 0x00, 0x00, 0x00, 0xFC, 0x00, 0x00, 0x00, 0x00, 0x00,
    0x00, 0x00, 0xBF, 0xC0, 0x00, 0x00, 0x00, 0x00, 0x00, 0x00, 0x7D, 0xBD, 0x00, 0x00, 0x00, 0x00,
    0x00, 0x00, 0x3D, 0x02, 0xD0, 0x00, 0x00, 0x00, 0x00, 0x00, 0x3C, 0x00, 0x0E, 0x00, 0x00, 0x00,
    0x00, 0x00, 0x00, 0x00, 0x00, 0x00, 0x00, 0x00, 0x3F, 0x80, 0x00, 0x00, 0x00, 0x00, 0x02, 0xFC,
    0x0F, 0xE0, 0x00, 0x00, 0x00, 0x00, 0x00, 0xFE, 0x03, 0xF8, 0x00, 0x00, 0x00, 0x00, 0x00, 0xFF,
    0x01, 0xFE, 0x00, 0x00, 0x00, 0x00, 0x00, 0x7F, 0x80, 0x7F, 0x80, 0x00, 0x00, 0x00, 0x00, 0x3F,
    0xC0, 0x1F, 0xE0, 0x00, 0x00, 0x00, 0x00, 0x1F, 0xE0, 0x07, 0xF8, 0x00, 0x00, 0x00, 0x00, 0x0F,
    0xF0, 0x01, 0xFE, 0x00, 0x02, 0xFC, 0x00, 0x07, 0xF8, 0x00, 0xBF, 0x40, 0x01, 0xFF, 0x00, 0x03,
    0xFC, 0x00, 0x2F, 0xD0, 0x00, 0xFF, 0xC0, 0x02, 0xFE, 0x00, 0x0B, 0xF4, 0x00, 0xFF, 0xF4, 0x00,
    0xFF, 0x00, 0x02, 0xFD, 0x00, 0xFF, 0xFE, 0x00, 0xBF, 0x80, 0x00, 0xBF, 0x40, 0xBF, 0xFF, 0xC0,
    0x3F, 0xC0, 0x00, 0x3F, 0xD0, 0x7F, 0xEF, 0xF0, 0x2F, 0xE0, 0x00, 0x0F, 0xF4, 0x3F, 0xE3, 0xFC,
    0x0F, 0xF0, 0x00, 0x03, 0xFD, 0x3F, 0xF0, 0xFF, 0x4B, 0xF4, 0x00, 0x00, 0xFF, 0x6F, 0xF4, 0x3F,
    0xE7, 0xFC, 0x00, 0x00, 0x3F, 0xEF, 0xF8, 0x0F, 0xFB, 0xFD, 0x00, 0x00, 0x0F, 0xFF, 0xFC, 0x02,
    0xFF, 0xFF, 0x00, 0x00, 0x03, 0xFF, 0xFD, 0x00, 0xBF, 0xFF, 0x40, 0x00, 0x00, 0xFF, 0xFE, 0x00,
    0x2F, 0xFF, 0xC0, 0x00, 0x00, 0x3F, 0xFF, 0x00, 0x07, 0xFF, 0xD0, 0x00, 0x00, 0x0F, 0xFF, 0x40,
    0x01, 0xFF, 0xF0, 0x00, 0x00, 0x07, 0xFF, 0x80, 0x00, 0x3F, 0xF4, 0x00, 0x00, 0x01, 0xFF, 0xC0,
    0x00, 0x0F, 0xFC, 0x00, 0x00, 0x00, 0x00, 0x00, 0x0F, 0x00, 0x00, 0x00, 0x00, 0x00, 0xBF, 0x00,
    0x00, 0x00, 0x00, 0x03, 0xFF, 0x00, 0x00, 0x00, 0x00, 0x3E, 0x1F, 0x40, 0x00, 0x00, 0x02, 0xD0,
    0x0B, 0x40, 0x00, 0x00, 0x09, 0x00, 0x02, 0x40, 0x00, 0x00, 0x00, 0x00, 0x00, 0x00, 0x00, 0x00,
    0x00, 0x00, 0x00, 0x00, 0x7F, 0x00, 0x00, 0x00, 0x0F, 0xE1, 0xFC, 0x00, 0x00, 0x00, 0x7F, 0x07,
    0xF0, 0x00, 0x00, 0x03, 0xF8, 0x1F, 0xC0, 0x00, 0x00, 0x1F, 0xC0, 0x7F, 0x00, 0x28, 0x00, 0xFE,
    0x01, 0xFC, 0x03, 0xF4, 0x07, 0xF0, 0x07, 0xF0, 0x3F, 0xF0, 0x3F, 0x80, 0x1F, 0xC3, 0xFF, 0xD1,
    0xFC, 0x00, 0x7F, 0x3F, 0xFF, 0xCF, 0xE0, 0x01, 0xFE, 0xFF, 0xFF, 0xBF, 0x00, 0x07, 0xFF, 0xFF,
    0xFF, 0xF4, 0x00, 0x1F, 0xFF, 0xEF, 0xFF, 0xC0, 0x00, 0x7F, 0xFC, 0x3F, 0xFD, 0x00, 0x01, 0xFF,
    0xC0, 0xFF, 0xF0, 0x00, 0x0B, 0xFD, 0x02, 0xFF, 0x40, 0x00, 0x2F, 0xD0, 0x07, 0xFC, 0x00, 0x00,
    0x00, 0x00, 0x19, 0x00, 0x00, 0x00, 0x00, 0x0F, 0xC0, 0x00, 0x00, 0x00, 0x07, 0xFC, 0x00, 0x00,
    0x00, 0x03, 0xE7, 0xD0, 0x00, 0x00, 0x03, 0xD0, 0x2E, 0x00, 0x00, 0x02, 0xD0, 0x00, 0xB0, 0x00,
    0x00, 0x00, 0x00, 0x00, 0x00, 0x00, 0x00, 0x00, 0x00, 0x00, 0x3F, 0x80, 0x00, 0x00, 0x3F, 0x4F,
    0xF0, 0x00, 0x00, 0x3F, 0x82, 0xFC, 0x00, 0x00, 0x2F, 0xC0, 0x7F, 0x40, 0x00, 0x2F, 0xC0, 0x0F,
    0xF0, 0x00, 0x1F, 0xD0, 0x03, 0xFC, 0x00, 0x0F, 0xE0, 0x00, 0xBF, 0x40, 0x0F, 0xF0, 0x00, 0x2F,
    0xE0, 0x0F, 0xF0, 0x00, 0x07, 0xFC, 0x0B, 0xF4, 0x00, 0x00, 0xFF, 0x4B, 0xF8, 0x00, 0x00, 0x3F,
    0xE7, 0xFC, 0x00, 0x00, 0x0B, 0xFF, 0xFD, 0x00, 0x00, 0x01, 0xFF, 0xFD, 0x00, 0x00, 0x00, 0x7F,
    0xFE, 0x00, 0x00, 0x00, 0x0F, 0xFF, 0x00, 0x00, 0x00, 0x03, 0xFF, 0x40, 0x00, 0x00, 0x00, 0xFF,
    0x80, 0x00, 0x00, 0x00, 0x3F, 0xD0, 0x00, 0x00, 0x00, 0x2F, 0xF0, 0x00, 0x00, 0x00, 0x0F, 0xFC,
    0x00, 0x00, 0x00, 0x0B, 0xFE, 0x00, 0x00, 0x00, 0x03, 0xFF, 0x40, 0x00, 0x00, 0x01, 0xFF, 0xC0,
    0x00, 0x00, 0x00, 0xFF, 0xF0, 0x00, 0x00, 0x00, 0x7F, 0xF8, 0x00, 0x00, 0x00, 0x00, 0x00, 0x00,
    0x00, 0x78, 0x00, 0x00, 0x00, 0x00, 0x0F, 0xE0, 0x00, 0x00, 0x00, 0x01, 0xFF, 0x80, 0x00, 0x00,
    0x00, 0x3D, 0x2F, 0x00, 0x00, 0x00, 0x0F, 0x40, 0x2D, 0x00, 0x00, 0x01, 0x80, 0x00, 0x60, 0x00,
    0x00, 0x00, 0x00, 0x00, 0x00, 0x00, 0x00, 0x00, 0x00, 0x00, 0x00, 0x00, 0x00, 0x00, 0x00, 0x00,
    0x00, 0xF8, 0x00, 0x00, 0xFC, 0x00, 0x0F, 0xC0, 0x00, 0x1F, 0x40, 0x00, 0xBD, 0x00, 0x03, 0xF0,
    0x00, 0x0B, 0xE0, 0x00, 0xBD, 0x00, 0x00, 0x7F, 0x00, 0x0F, 0xC0, 0x00, 0x03, 0xF0, 0x03, 0xF4,
    0x00, 0x00, 0x3F, 0x80, 0x7F, 0x00, 0x00, 0x02, 0xFC, 0x0F, 0xD0, 0x00, 0x00, 0x1F, 0xC2, 0xFC,
    0x00, 0x00, 0x00, 0xFE, 0x3F, 0x40, 0x00, 0x00, 0x0F, 0xFB, 0xF0, 0x00, 0x00, 0x00, 0xBF, 0xFD,
    0x00, 0x00, 0x00, 0x07, 0xFF, 0xC0, 0x00, 0x00, 0x00, 0x3F, 0xF4, 0x00, 0x00, 0x00, 0x03, 0xFF,
    0x00, 0x00, 0x00, 0x00, 0x3F, 0xD0, 0x00, 0x00, 0x00, 0x07, 0xFC, 0x00, 0x00, 0x00, 0x00, 0xFF,
    0x40, 0x00, 0x00, 0x00, 0x7F, 0xF0, 0x00, 0x00, 0x00, 0x7F, 0xFC, 0x00, 0x00, 0x03, 0xFF, 0xFF,
    0x00, 0x00, 0x00, 0x3F, 0xFF, 0x80, 0x00, 0x00, 0x07, 0xFF, 0xD0, 0x00, 0x00, 0x00, 0xBE, 0x40,
    0x00, 0x00, 0x00, 0x00, 0x00, 0x00, 0xFC, 0x00, 0xFC, 0x00, 0x00, 0xBF, 0x00, 0xBF, 0x00, 0x00,
    0x3F, 0xC0, 0x3F, 0xC0, 0x00, 0x2F, 0xE0, 0x2F, 0xE0, 0x00, 0x0F, 0xF4, 0x0F, 0xF4, 0x00, 0x00,
    0x00, 0x00, 0x00, 0x00, 0x00, 0x00, 0x00, 0x00, 0x00, 0x00, 0x00, 0x00, 0x00, 0x00, 0x00, 0x00,
    0x00, 0x00, 0x00, 0x0F, 0xE0, 0x00, 0x00, 0x0F, 0xD3, 0xFC, 0x00, 0x00, 0x0F, 0xE0, 0xBF, 0x00,
    0x00, 0x0B, 0xF0, 0x1F, 0xD0, 0x00, 0x0B, 0xF0, 0x03, 0xFC, 0x00, 0x07, 0xF4, 0x00, 0xFF, 0x00,
    0x03, 0xF8, 0x00, 0x2F, 0xD0, 0x03, 0xFC, 0x00, 0x0B, 0xF8, 0x03, 0xFC, 0x00, 0x01, 0xFF, 0x02,
    0xFD, 0x00, 0x00, 0x3F, 0xD2, 0xFE, 0x00, 0x00, 0x0F, 0xF9, 0xFF, 0x00, 0x00, 0x02, 0xFF, 0xFF,
    0x40, 0x00, 0x00, 0x7F, 0xFF, 0x40, 0x00, 0x00, 0x1F, 0xFF, 0x80, 0x00, 0x00, 0x03, 0xFF, 0xC0,
    0x00, 0x00, 0x00, 0xFF, 0xD0, 0x00, 0x00, 0x00, 0x3F, 0xE0, 0x00, 0x00, 0x00, 0x0F, 0xF4, 0x00,
    0x00, 0x00, 0x0B, 0xFC, 0x00, 0x00, 0x00, 0x03, 0xFF, 0x00, 0x00, 0x00, 0x02, 0xFF, 0x80, 0x00,
    0x00, 0x00, 0xFF, 0xD0, 0x00, 0x00, 0x00, 0x7F, 0xF0, 0x00, 0x00, 0x00, 0x3F, 0xFC, 0x00, 0x00,
    0x00, 0x1F, 0xFE, 0x00, 0x00, 0x00, 0x00, 0x00, 0x00, 0x00, 0x00, 0x00, 0x3C, 0x00, 0x00, 0x00,
    0x00, 0x00, 0x00, 0x3D, 0x00, 0x00, 0x00, 0x00, 0x00, 0x00, 0x2E, 0x00, 0x00, 0x00, 0x00, 0x00,
    0x00, 0x1F, 0x00, 0x00, 0x00, 0x00, 0x00, 0x00, 0x0F, 0x80, 0x00, 0x00, 0x00, 0x00, 0x00, 0x0A,
    0x80, 0x00, 0x00, 0x00, 0x00, 0x00, 0x00, 0x00, 0x00, 0x00, 0x00, 0x00, 0x00, 0x00, 0x00, 0x00,
    0x00, 0x00, 0x00, 0x00, 0x00, 0x00, 0x00, 0x00, 0x00, 0x00, 0x00, 0x00, 0x00, 0x00, 0x00, 0x00,
    0x00, 0x01, 0xFF, 0xFF, 0xFF, 0xFF, 0xF0, 0x00, 0x00, 0x3F, 0xFF, 0xFF, 0xFF, 0xF8, 0x00, 0x00,
    0x0F, 0xFF, 0xFF, 0xFF, 0xFD, 0x00, 0x00, 0x03, 0xFF, 0xFF, 0xFF, 0xFF, 0x00, 0x00, 0x00, 0x00,
    0x00, 0x03, 0xFF, 0x80, 0x00, 0x00, 0x00, 0x00, 0x03, 0xFF, 0x80, 0x00, 0x00, 0x00, 0x00, 0x07,
    0xFF, 0x80, 0x00, 0x00, 0x00, 0x00, 0x07, 0xFF, 0x80, 0x00, 0x00, 0x00, 0x00, 0x0B, 0xFF, 0x40,
    0x00, 0x00, 0x00, 0x00, 0x0F, 0xFF, 0x40, 0x00, 0x00, 0x00, 0x00, 0x1F, 0xFF, 0x00, 0x00, 0x00,
    0x00, 0x00, 0x1F, 0xFF, 0x00, 0x00, 0x00, 0x00, 0x00, 0x2F, 0xFF, 0x00, 0x00, 0x00, 0x00, 0x00,
    0x3F, 0xFE, 0x00, 0x00, 0x00, 0x00, 0x00, 0x3F, 0xFE, 0x00, 0x00, 0x00, 0x00, 0x00, 0x7F, 0xFE,
    0x00, 0x00, 0x00, 0x00, 0x00, 0xBF, 0xFD, 0x00, 0x00, 0x00, 0x00, 0x00, 0xFF, 0xFD, 0x00, 0x00,
    0x00, 0x00, 0x00, 0xFF, 0xFC, 0x00, 0x00, 0x00, 0x00, 0x01, 0xFF, 0xFC, 0x00, 0x00, 0x00, 0x00,
    0x01, 0xFF, 0xFF, 0xFF, 0xFF, 0xFE, 0x00, 0x00, 0xFF, 0xFF, 0xFF, 0xFF, 0xFF, 0xC0, 0x00, 0x3F,
    0xFF, 0xFF, 0xFF, 0xFF, 0xF0, 0x00, 0x1F, 0xFF, 0xFF, 0xFF, 0xFF, 0xFC, 0x00, 0x0B, 0xFF, 0xFF,
    0xFF, 0xFF, 0xFF, 0x00, 0x00, 0x00, 0x00, 0x00, 0x00, 0xA0, 0x00, 0x00, 0x00, 0x01, 0xE0, 0x00,
    0x00, 0x00, 0x07, 0xC0, 0x00, 0x00, 0x00, 0x0F, 0x40, 0x00, 0x00, 0x00, 0x2F, 0x00, 0x00, 0x00,
    0x00, 0xBC, 0x00, 0x00, 0x00, 0x00, 0x00, 0x00, 0x00, 0x00, 0x00, 0x00, 0x00, 0x00, 0x00, 0x00,
    0x00, 0x00, 0x00, 0x00, 0x00, 0x00, 0x00, 0x00, 0x00, 0x00, 0x00, 0x00, 0x00, 0x03, 0xFF, 0xFF,
    0xFC, 0x00, 0x07, 0xFF, 0xFF, 0xFC, 0x00, 0x07, 0xFF, 0xFF, 0xFC, 0x00, 0x00, 0x00, 0x0F, 0xE0,
    0x00, 0x00, 0x00, 0x7F, 0x80, 0x00, 0x00, 0x02, 0xFD, 0x00, 0x00, 0x00, 0x1F, 0xF0, 0x00, 0x00,
    0x00, 0xBF, 0x80, 0x00, 0x00, 0x03, 0xFD, 0x00, 0x00, 0x00, 0x1F, 0xF4, 0x00, 0x00, 0x00, 0xBF,
    0xC0, 0x00, 0x00, 0x03, 0xFE, 0x00, 0x00, 0x00, 0x0F, 0xFE, 0xAA, 0xA0, 0x00, 0x2F, 0xFF, 0xFF,
    0xF4, 0x00, 0x3F, 0xFF, 0xFF, 0xF8, 0x00, 0x7F, 0xFF, 0xFF, 0xFC, 0x00, 0x00, 0x00, 0x00, 0x00,
    0x0F, 0xC0, 0x00, 0x00, 0x00, 0x00, 0x00, 0x0B, 0xF0, 0x00, 0x00, 0x00, 0x00, 0x00, 0x03, 0xFC,
    0x00, 0x00, 0x00, 0x00, 0x00, 0x01, 0xFF, 0x00, 0x00, 0x00, 0x00, 0x00, 0x00, 0xBF, 0x80, 0x00,
    0x00, 0x00, 0x00, 0x00, 0x00, 0x00, 0x00, 0x00, 0x00, 0x00, 0x00, 0x00, 0x00, 0x00, 0x00, 0x00,
    0x00, 0x00, 0x00, 0x00, 0x00, 0x00, 0x00, 0x00, 0x1F, 0xFF, 0xFF, 0xFF, 0xFF, 0x00, 0x00, 0x03,
    0xFF, 0xFF, 0xFF, 0xFF, 0x80, 0x00, 0x00, 0xFF, 0xFF, 0xFF, 0xFF, 0xD0, 0x00, 0x00, 0x3F, 0xFF,
    0xFF, 0xFF, 0xF0, 0x00, 0x00, 0x00, 0x00, 0x00, 0x3F, 0xF8, 0x00, 0x00, 0x00, 0x00, 0x00, 0x3F,
    0xF8, 0x00, 0x00, 0x00, 0x00, 0x00, 0x7F, 0xF8, 0x00, 0x00, 0x00, 0x00, 0x00, 0x7F, 0xF8, 0x00,
    0x00, 0x00, 0x00, 0x00, 0xBF, 0xF4, 0x00, 0x00, 0x00, 0x00, 0x00, 0xFF, 0xF4, 0x00, 0x00, 0x00,
    0x00, 0x01, 0xFF, 0xF0, 0x00, 0x00, 0x00, 0x00, 0x01, 0xFF, 0xF0, 0x00, 0x00, 0x00, 0x00, 0x02,
    0xFF, 0xF0, 0x00, 0x00, 0x00, 0x00, 0x03, 0xFF, 0xE0, 0x00, 0x00, 0x00, 0x00, 0x03, 0xFF, 0xE0,
    0x00, 0x00, 0x00, 0x00, 0x07, 0xFF, 0xE0, 0x00, 0x00, 0x00, 0x00, 0x0B, 0xFF, 0xD0, 0x00, 0x00,
    0x00, 0x00, 0x0F, 0xFF, 0xD0, 0x00, 0x00, 0x00, 0x00, 0x0F, 0xFF, 0xC0, 0x00, 0x00, 0x00, 0x00,
    0x1F, 0xFF, 0xC0, 0x00, 0x00, 0x00, 0x00, 0x1F, 0xFF, 0xFF, 0xFF, 0xFF, 0xE0, 0x00, 0x0F, 0xFF,
    0xFF, 0xFF, 0xFF, 0xFC, 0x00, 0x03, 0xFF, 0xFF, 0xFF, 0xFF, 0xFF, 0x00, 0x01, 0xFF, 0xFF, 0xFF,
    0xFF, 0xFF, 0xC0, 0x00, 0xBF, 0xFF, 0xFF, 0xFF, 0xFF, 0xF0, 0x00, 0x00, 0x00, 0x00, 0x00, 0x3F,
    0x40, 0x00, 0x00, 0x00, 0x7F, 0x40, 0x00, 0x00, 0x00, 0xFF, 0x00, 0x00, 0x00, 0x01, 0xFF, 0x00,
    0x00, 0x00, 0x02, 0xFE, 0x00, 0x00, 0x00, 0x00, 0x00, 0x00, 0x00, 0x00, 0x00, 0x00, 0x00, 0x00,
    0x00, 0x00, 0x00, 0x00, 0x00, 0x00, 0x00, 0x00, 0x00, 0x00, 0x03, 0xFF, 0xFF, 0xFC, 0x00, 0x07,
    0xFF, 0xFF, 0xFC, 0x00, 0x07, 0xFF, 0xFF, 0xFC, 0x00, 0x00, 0x00, 0x0F, 0xE0, 0x00, 0x00, 0x00,
    0x7F, 0x80, 0x00, 0x00, 0x02, 0xFD, 0x00, 0x00, 0x00, 0x1F, 0xF0, 0x00, 0x00, 0x00, 0xBF, 0x80,
    0x00, 0x00, 0x03, 0xFD, 0x00, 0x00, 0x00, 0x1F, 0xF4, 0x00, 0x00, 0x00, 0xBF, 0xC0, 0x00, 0x00,
    0x03, 0xFE, 0x00, 0x00, 0x00, 0x0F, 0xFE, 0xAA, 0xA0, 0x00, 0x2F, 0xFF, 0xFF, 0xF4, 0x00, 0x3F,
    0xFF, 0xFF, 0xF8, 0x00, 0x7F, 0xFF, 0xFF, 0xFC, 0x00, 0x00, 0x00, 0x00, 0x64, 0x00, 0x19, 0x00,
    0x00, 0x00, 0x00, 0x0B, 0x40, 0x2D, 0x00, 0x00, 0x00, 0x00, 0x00, 0xF8, 0xBC, 0x00, 0x00, 0x00,
    0x00, 0x00, 0x0F, 0xF8, 0x00, 0x00, 0x00, 0x00, 0x00, 0x02, 0xF8, 0x00, 0x00, 0x00, 0x00, 0x00,
    0x00, 0x3C, 0x00, 0x00, 0x00, 0x00, 0x00, 0x00, 0x00, 0x00, 0x00, 0x00, 0x00, 0x00, 0x00, 0x00,
    0x00, 0x00, 0x00, 0x00, 0x00, 0x00, 0x00, 0x00, 0x00, 0x00, 0x00, 0x00, 0x00, 0x00, 0x00, 0x00,
    0x00, 0x00, 0x00, 0x01, 0xFF, 0xFF, 0xFF, 0xFF, 0xF0, 0x00, 0x00, 0x3F, 0xFF, 0xFF, 0xFF, 0xF8,
    0x00, 0x00, 0x0F, 0xFF, 0xFF, 0xFF, 0xFD, 0x00, 0x00, 0x03, 0xFF, 0xFF, 0xFF, 0xFF, 0x00, 0x00,
    0x00, 0x00, 0x00, 0x03, 0xFF, 0x80, 0x00, 0x00, 0x00, 0x00, 0x03, 0xFF, 0x80, 0x00, 0x00, 0x00,
    0x00, 0x07, 0xFF, 0x80, 0x00, 0x00, 0x00, 0x00, 0x07, 0xFF, 0x80, 0x00, 0x00, 0x00, 0x00, 0x0B,
    0xFF, 0x40, 0x00, 0x00, 0x00, 0x00, 0x0F, 0xFF, 0x40, 0x00, 0x00, 0x00, 0x00, 0x1F, 0xFF, 0x00,
    0x00, 0x00, 0x00, 0x00, 0x1F, 0xFF, 0x00, 0x00, 0x00, 0x00, 0x00, 0x2F, 0xFF, 0x00, 0x00, 0x00,
    0x00, 0x00, 0x3F, 0xFE, 0x00, 0x00, 0x00, 0x00, 0x00, 0x3F, 0xFE, 0x00, 0x00, 0x00, 0x00, 0x00,
    0x7F, 0xFE, 0x00, 0x00, 0x00, 0x00, 0x00, 0xBF, 0xFD, 0x00, 0x00, 0x00, 0x00, 0x00, 0xFF, 0xFD,
    0x00, 0x00, 0x00, 0x00, 0x00, 0xFF, 0xFC, 0x00, 0x00, 0x00, 0x00, 0x01, 0xFF, 0xFC, 0x00, 0x00,
    0x00, 0x00, 0x01, 0xFF, 0xFF, 0xFF, 0xFF, 0xFE, 0x00, 0x00, 0xFF, 0xFF, 0xFF, 0xFF, 0xFF, 0xC0,
    0x00, 0x3F, 0xFF, 0xFF, 0xFF, 0xFF, 0xF0, 0x00, 0x1F, 0xFF, 0xFF, 0xFF, 0xFF, 0xFC, 0x00, 0x0B,
    0xFF, 0xFF, 0xFF, 0xFF, 0xFF, 0x00, 0x00, 0x00, 0x00, 0x00, 0x00, 0x00, 0x00, 0x00, 0xF0, 0x00,
    0xB0, 0x00, 0x00, 0x3C, 0x0B, 0xC0, 0x00, 0x00, 0x1F, 0xBE, 0x00, 0x00, 0x00, 0x0B, 0xF4, 0x00,
    0x00, 0x00, 0x03, 0xD0, 0x00, 0x00, 0x00, 0x01, 0x40, 0x00, 0x00, 0x00, 0x00, 0x00, 0x00, 0x00,
    0x00, 0x00, 0x00, 0x00, 0x00, 0x00, 0x00, 0x00, 0x00, 0x00, 0x00, 0x00, 0x00, 0x00, 0x00, 0x03,
    0xFF, 0xFF, 0xFC, 0x00, 0x07, 0xFF, 0xFF, 0xFC, 0x00, 0x07, 0xFF, 0xFF, 0xFC, 0x00, 0x00, 0x00,
    0x0F, 0xE0, 0x00, 0x00, 0x00, 0x7F, 0x80, 0x00, 0x00, 0x02, 0xFD, 0x00, 0x00, 0x00, 0x1F, 0xF0,
    0x00, 0x00, 0x00, 0xBF, 0x80, 0x00, 0x00, 0x03, 0xFD, 0x00, 0x00, 0x00, 0x1F, 0xF4, 0x00, 0x00,
    0x00, 0xBF, 0xC0, 0x00, 0x00, 0x03, 0xFE, 0x00, 0x00, 0x00, 0x0F, 0xFE, 0xAA, 0xA0, 0x00, 0x2F,
    0xFF, 0xFF, 0xF4, 0x00, 0x3F, 0xFF, 0xFF, 0xF8, 0x00, 0x7F, 0xFF, 0xFF, 0xFC, 0x00, 0x00, 0x00,
    0x00, 0x00, 0x00, 0x00, 0x0F, 0xF8, 0x00, 0x00, 0x7F, 0xFC, 0x00, 0x01, 0xFD, 0x04, 0x00, 0x03,
    0xF0, 0x00, 0x00, 0x0B, 0xD0, 0x00, 0x00, 0x0F, 0x80, 0x00, 0x00, 0x1F, 0x40, 0x00, 0x00, 0x3F,
    0x00, 0x00, 0x00, 0x3E, 0x00, 0x00, 0x00, 0x7E, 0x00, 0x00, 0x00, 0xBD, 0x00, 0x00, 0x00, 0xFC,
    0x00, 0x00, 0x00, 0xFC, 0x00, 0x00, 0x02, 0xF8, 0x00, 0x00, 0x03, 0xF4, 0x00, 0x00, 0x03, 0xF0,
    0x00, 0x00, 0x07, 0xF0, 0x00, 0x00, 0x0F, 0xE0, 0x00, 0x00, 0x0F, 0xD0, 0x00, 0x00, 0x1F, 0xC0,
    0x00, 0x00, 0x2F, 0xC0, 0x00, 0x00, 0x3F, 0x80, 0x00, 0x00, 0x7F, 0x40, 0x00, 0x00, 0x3E, 0x00,
    0x07, 0xF0, 0x00, 0xBF, 0x00, 0x0F, 0xF0, 0x00, 0x05, 0x00, 0x00, 0x64, 0x07, 0xC0, 0x3D, 0x03,
    0xE0, 0x2F, 0x01, 0xF4, 0x00, 0x00, 0xB4, 0x00, 0x00, 0x3F, 0x00, 0x00, 0x3F, 0xF4, 0x00, 0x2F,
    0x0F, 0x80, 0x1E, 0x00, 0x7C, 0x0A, 0x00, 0x02, 0x80, 0x02, 0xF4, 0x07, 0x02, 0xEF, 0x02, 0xC0,
    0xE0, 0xD0, 0xE0, 0xB4, 0x2E, 0xF0, 0x3C, 0x03, 0xF4, 0x00, 0x00, 0x00, 0x00, 0x00, 0x00, 0x05,
    0x50, 0xFF, 0xFF, 0xFF, 0x2F, 0xFF, 0xFF, 0xE0, 0x00, 0x00, 0x00, 0x00, 0x00, 0x00, 0x00, 0x00,
    0x2A, 0xAF, 0xFF, 0xFF, 0xC3, 0xFF, 0xFF, 0xFF, 0xFF, 0x00, 0x00, 0x00, 0x00, 0x00, 0x3C, 0x00,
    0x07, 0x4F, 0x00, 0x03, 0xC3, 0xE0, 0x07, 0xD0, 0xBF, 0xFF, 0xE0, 0x0F, 0xFF, 0xD0, 0x00, 0x6A,
    0x40, 0x00, 0x0F, 0xD1, 0xFC, 0x3F, 0xC7, 0xFC, 0xBF, 0x80, 0x0B, 0xD0, 0x0B, 0xD0, 0xFD, 0x00,
    0xFD, 0x2F, 0xD0, 0x2F, 0xC3, 0xFC, 0x03, 0xFC, 0xBF, 0xC0, 0xBF, 0xC0, 0x2F, 0xD1, 0x41, 0xC0,
    0x0F, 0x01, 0xF0, 0x0E, 0x00, 0x00, 0x00, 0x02, 0xF4, 0x0D, 0x0C, 0x28, 0x0C, 0x34, 0x2C, 0x2F,
    0xF0, 0x0B, 0x80, 0x00, 0xBD, 0x00, 0x00, 0xBC, 0x02, 0xF4, 0x00, 0x02, 0xF4, 0x0F, 0xE0, 0x00,
    0x0F, 0xE0, 0x3F, 0xC0, 0x00, 0x3F, 0xC0, 0x50, 0x00, 0x00, 0x50, 0x00, 0x74, 0x00, 0x2D, 0x2E,
    0x01, 0xF0, 0x0F, 0x9F, 0x80, 0x03, 0xFD, 0x00, 0x02, 0xF4, 0x00, 0x00, 0x90, 0x00, 0x14, 0x00,
    0x00, 0x14, 0x00, 0x0F, 0xD0, 0x00, 0x0F, 0xD0, 0x00, 0xFD, 0x00, 0x00, 0xFD, 0x00, 0x0F, 0xD0,
    0x00, 0x1F, 0xD0, 0x01, 0xAD, 0x00, 0x01, 0xAD, 0x00, 0x2F, 0xF0, 0x00, 0xFF, 0x80, 0x0B, 0xFC,
    0x00, 0x3F, 0xD0, 0x02, 0xFE, 0x00, 0x0F, 0xF0, 0x00, 0x7F, 0xC0, 0x03, 0xFD, 0x00, 0x00, 0x00,
    0x00, 0x00, 0x00, 0x07, 0xFE, 0x00, 0xFF, 0xC0, 0x0F, 0xF4, 0x02, 0xFF, 0x00, 0x3F, 0xD0, 0x07,
    0xF8, 0x00, 0xFF, 0x00, 0x2F, 0xE0, 0x00, 0x00, 0x00, 0x03, 0xFE, 0x00, 0x2F, 0xF0, 0x00, 0xFF,
    0x40, 0x07, 0xFC, 0x00, 0x3F, 0xC0, 0x01, 0xFF, 0x00, 0x0F, 0xF4, 0x00, 0x7F, 0xC0, 0x00, 0x60,
    0x02, 0xC1, 0x5F, 0x0F, 0xF4, 0x01, 0xC0, 0x0B, 0x00, 0x00, 0x00, 0x24, 0x00, 0xE0, 0x02, 0xD5,
    0x07, 0xFC, 0x0D, 0x00, 0x38, 0x00, 0x00, 0x00, 0xBF, 0xA9, 0x50, 0xFF, 0xFF, 0xFD, 0x05, 0x55,
    0xFC, 0x00, 0x00, 0xFC, 0x00, 0x00, 0xF8, 0x00, 0x01, 0xF4, 0x00, 0x02, 0xF0, 0x00, 0x00, 0x0D,
    0x00, 0xC0, 0x2C, 0x0B, 0x43, 0xE0, 0x24, 0x00, 0x07, 0x47, 0x03, 0x40, 0xC0, 0x2C, 0x01, 0x00,
    0x00, 0x00, 0x0D, 0x00, 0x34, 0x1F, 0xE0, 0x2F, 0xF4, 0x01, 0xA0, 0xA4, 0x02, 0xFF, 0x80, 0xBF,
    0x02, 0xC0, 0x0B, 0x00, 0x00, 0x00, 0x00, 0x00, 0x06, 0x00, 0x24, 0x0F, 0xFC, 0x03, 0x00, 0x18,
    0x00, 0x00, 0x00, 0x00, 0x00, 0x05, 0x41, 0xFF, 0xFF, 0xFD, 0x3F, 0xFF, 0xFF, 0xD0, 0x00, 0x00,
    0x00, 0x07, 0xD0, 0xFD, 0x2F, 0xD3, 0xFC, 0xBF, 0xC0, 0x03, 0xF0, 0x03, 0xF0, 0x2F, 0xC0, 0x2F,
    0xC0, 0xFF, 0x00, 0xFF, 0x07, 0xFC, 0x0B, 0xFC, 0x2F, 0xE0, 0x2F, 0xE0, 0x02, 0xF4, 0x0D, 0x0C,
    0x28, 0x0C, 0x34, 0x2C, 0x2F, 0xF0, 0x0B, 0x80, 0x00, 0x00, 0x00, 0x0F, 0xFC, 0x01, 0xFF, 0x40,
    0x3F, 0xF0, 0x03, 0xFC, 0x00, 0x7F, 0x80, 0x0F, 0xF0, 0x02, 0xFE, 0x00, 0x7F, 0xC0, 0x00, 0x00,
    0x00, 0x01, 0x40, 0x03, 0x00, 0x08, 0x00, 0x0F, 0xE0, 0x00, 0x34, 0x00, 0x34, 0x2B, 0xE0, 0xBF,
    0x80, 0x00, 0x24, 0x01, 0xE0, 0x07, 0x80, 0x0E, 0x00, 0x2C, 0x00, 0x1F, 0xF0, 0x06, 0xF0, 0x00,
    0x00, 0x03, 0xE0, 0x3D, 0x0B, 0xC0, 0xFC, 0x1F, 0x82, 0xF4, 0x3F, 0x02, 0xA0, 0x0A, 0xAA, 0xA0,
    0x7F, 0xFF, 0xC2, 0xD0, 0x1E, 0x0F, 0x00, 0xB4, 0x28, 0x02, 0x80, 0x60, 0x00, 0x19, 0x3D, 0x00,
    0xB4, 0x0F, 0x4B, 0xC0, 0x07, 0xFE, 0x00, 0x02, 0xF8, 0x00, 0x01, 0xE0, 0x00, 0x01, 0x90, 0x00,
    0x03, 0xF0, 0x00, 0x07, 0xFC, 0x00, 0x0F, 0x9F, 0x40, 0x3D, 0x02, 0xE0, 0xB4, 0x00, 0x2C, 0x02,
    0xF4, 0x07, 0x02, 0xEF, 0x02, 0xC0, 0xE0, 0xD0, 0xE0, 0xB4, 0x2E, 0xF0, 0x3C, 0x03, 0xF4, 0x00,
    0x00, 0x00, 0x00, 0x00, 0x00, 0x00, 0xBF, 0xFF, 0xE2, 0xAA, 0xA5, 0x40, 0x00, 0x00, 0x00, 0x02,
    0xFF, 0xFF, 0xC2, 0xFF, 0xFF, 0xA0, 0x00, 0x00, 0x00, 0x02, 0xF4, 0x07, 0x02, 0xEF, 0x02, 0xC0,
    0xE0, 0xD0, 0xE0, 0xB4, 0x2E, 0xF0, 0x3C, 0x03, 0xF4, 0x00, 0x00, 0x00, 0x00, 0x3F, 0xFF, 0xFF,
    0xF7, 0xFF, 0xFF, 0xFD, 0xBF, 0xFF, 0xFF, 0xC0, 0x38, 0x03, 0x80, 0x30, 0x0C, 0x0F, 0x01, 0x00,
    0x14, 0x01, 0x40, 0xF0, 0x0B, 0x42, 0xD0, 0x1E, 0x07, 0xEA, 0xFC, 0x0F, 0xFF, 0xF0, 0x00, 0x00,
    0x00, 0x3F, 0xFF, 0xC1, 0xC0, 0x0E, 0x0B, 0x00, 0x34, 0x38, 0x01, 0xC0, 0xD0, 0x0B, 0x07, 0xFF,
    0xF8, 0x05, 0x55, 0x40, 0x03, 0xE1, 0x80, 0x28, 0x74, 0x80, 0xC1, 0x83, 0x06, 0x08, 0x28, 0x34,
    0x30, 0xD0, 0x40, 0x42, 0x00, 0x06, 0x08, 0x03, 0x74, 0x02, 0xD0, 0x03, 0xC0, 0x0D, 0xE0, 0x74,
    0x70, 0x02, 0xF4, 0x07, 0x02, 0xEF, 0x02, 0xC0, 0xE0, 0xD0, 0xE0, 0xB4, 0x2E, 0xF0, 0x3C, 0x03,
    0xF4, 0x00, 0x00, 0x00, 0x00, 0x1C, 0x07, 0xC0, 0x30, 0x7C, 0x24, 0x00, 0x00, 0x00, 0x02, 0x80,
    0x00, 0x00, 0xB4, 0x00, 0x00, 0x1F, 0x00, 0x00, 0x03, 0xC0, 0x00, 0x00, 0xF8, 0x00, 0x00, 0x2F,
    0x00, 0x00, 0x00, 0x00, 0x00, 0x00, 0x00, 0x00, 0x0B, 0xD0, 0x0B, 0xD0, 0xFD, 0x00, 0xFD, 0x2F,
    0xD0, 0x2F, 0xC3, 0xFC, 0x03, 0xFC, 0xBF, 0xC0, 0xBF, 0xC0, 0x2A, 0xAA, 0x93, 0xFF, 0xFD, 0x3C,
    0x03, 0xC7, 0x80, 0x3C, 0xA0, 0x06, 0x40, 0x00, 0x00, 0x00, 0x04, 0x00, 0xAF, 0xFF, 0xFD, 0x03,
    0xFF, 0xFF, 0xFD, 0x01, 0x54, 0x00, 0x00, 0x00, 0x00, 0x00, 0x00, 0x00, 0x00, 0x00, 0x00, 0x00,
    0x00, 0x00, 0x00, 0x00, 0x00, 0x15, 0x50, 0x0F, 0xFF, 0xFF, 0xE0, 0x3F, 0xFF, 0xFF, 0xE0, 0x00,
    0x00, 0x00, 0x00, 0x07, 0xC0, 0x0F, 0x42, 0xF0, 0x0B, 0xC0, 0xF8, 0x03, 0xF0, 0x7D, 0x00, 0xF8,
    0x3F, 0x00, 0xBC, 0x0F, 0xC0, 0x3F, 0x07, 0xE0, 0x1F, 0x81, 0xA0, 0x06, 0x90, 0x19, 0x55, 0x02,
    0xFF, 0xFC, 0x3F, 0xFF, 0xC0, 0x01, 0xF8, 0x00, 0x2F, 0x40, 0x03, 0xF4, 0x00, 0x2A, 0x00, 0x00,
    0x00, 0x00, 0x00, 0x00, 0x00, 0x0D, 0x00, 0x00, 0x01, 0x80, 0x00, 0x00, 0x30, 0x00, 0x00, 0x0D,
    0x00, 0x00, 0x01, 0x80, 0x02, 0xF4, 0x3B, 0x00, 0xBB, 0xCD, 0xB0, 0x0E, 0x0F, 0xCE, 0x02, 0xD0,
    0xBF, 0xC0, 0x3C, 0x0F, 0xF4, 0x00, 0x01, 0xC0, 0x00, 0x00, 0x30, 0x00, 0x00, 0x0E, 0x00, 0x00,
    0x01, 0xC0, 0x00, 0x00, 0x34, 0x00, 0x00, 0x04, 0x00, 0x00, 0x00, 0x00, 0x00, 0x00, 0xBC, 0x00,
    0x00, 0x00, 0x00, 0x00, 0x03, 0xF0, 0x00, 0x00, 0x00, 0x00, 0x00, 0x2F, 0xC0, 0x00, 0x00, 0x00,
    0x00, 0x00, 0xFE, 0x00, 0x00, 0x00, 0x00, 0x1B, 0xFF, 0x90, 0x00, 0x03, 0xF4, 0x03, 0xFF, 0xAF,
    0xE0, 0x00, 0x3F, 0xC0, 0x3F, 0xD0, 0x0F, 0xE0, 0x02, 0xFC, 0x03, 0xFC, 0x00, 0x0B, 0xFA, 0xFF,
    0xC0, 0x2F, 0xD0, 0x00, 0x06, 0xFF, 0xE4, 0x00, 0x3E, 0x00, 0x00, 0x00, 0x00, 0x00, 0x02, 0xF8,
    0x00, 0x00, 0x00, 0x00, 0x00, 0x0F, 0xE0, 0x00, 0x00, 0x00, 0x00, 0x00, 0x15, 0x00, 0x00, 0x00,
    0x00, 0x00, 0x00, 0x00, 0x05, 0x50, 0x00, 0x00, 0x00, 0x7F, 0xFC, 0x00, 0x3D, 0x01, 0xFC, 0x2F,
    0x00, 0x7C, 0x03, 0xF0, 0x0F, 0x81, 0xF4, 0x0B, 0xC0, 0x03, 0xFF, 0xE0, 0x00, 0x00, 0x00, 0x6A,
    0x40, 0x00, 0x00, 0x00, 0x00, 0x00, 0x00, 0x00, 0x00, 0x00, 0x00, 0x02, 0xFF, 0x40, 0x01, 0x40,
    0x0F, 0xEB, 0xD0, 0x07, 0xD0, 0x3F, 0x00, 0xF4, 0x0F, 0x80, 0xBD, 0x00, 0x7F, 0xFF, 0x00, 0x58,
    0x00, 0x1F, 0xF8, 0x00, 0x00, 0x00, 0x00, 0x00, 0x00, 0x04, 0x00, 0x00, 0x00, 0xFD, 0x00, 0x00,
    0x02, 0x80, 0x00, 0x00, 0x00, 0x00, 0x00, 0x00, 0x00, 0x00, 0x00, 0x00, 0x00, 0x00, 0x01, 0x00,
    0x00, 0x00, 0x2F, 0x00, 0x00, 0x02, 0xB0, 0x00, 0x00, 0x00, 0x00, 0x14, 0x3D, 0x0C, 0x08, 0x20,
    0x00, 0x00, 0x00, 0x00, 0x06, 0x18, 0x00, 0x00, 0x00, 0x00, 0x2D, 0x0B, 0x00, 0x00, 0x00, 0x02,
    0xF0, 0x01, 0xF5, 0x00, 0x01, 0xBF, 0x40, 0x00, 0x1B, 0xFF, 0xFF, 0x90, 0x00, 0x00, 0x00, 0x00,
    0x00, 0x00, 0x00, 0x00, 0x1B, 0xFF, 0xFE, 0x40, 0x00, 0x02, 0xE5, 0x00, 0x05, 0xBE, 0x00, 0x0E,
    0x00, 0x00, 0x00, 0x06, 0xD0, 0x34, 0x00, 0x00, 0x00, 0x00, 0x38, 0x20, 0x00, 0x00, 0x00, 0x00,
    0x09, 0x00, 0x00, 0x00, 0x00, 0x00, 0x01, 0x00, 0x00, 0x00, 0x00, 0x00, 0x00, 0x00, 0xF8, 0x02,
    0xFF, 0xFF, 0xFF, 0xFF, 0xFF, 0xFF, 0xD0, 0xFF, 0xFF, 0xFF, 0xFF, 0xFF, 0xFF, 0xF4, 0x00, 0x00,
    0x00, 0x00, 0x00, 0x0F, 0xD0, 0x00, 0x00, 0x00, 0x00, 0x00, 0x02, 0x40, 0x00, 0x00, 0x00, 0x00,
    0x00, 0x00, 0x00, 0x00, 0x00, 0x00, 0x00, 0x00, 0x00, 0x00, 0x00, 0x07, 0xE0, 0x00, 0x00, 0x00,
    0x02, 0xF8, 0x00, 0x00, 0x00, 0x00, 0xFE, 0x00, 0x00, 0x00, 0x00, 0x3F, 0x80, 0x00, 0x00, 0x00,
    0x00, 0x00, 0x00, 0x00, 0x00, 0x00, 0x00, 0x00, 0x00, 0x00, 0x00, 0x00, 0x00, 0x05, 0x55, 0x55,
    0x54, 0x00, 0x0F, 0xFF, 0xFF, 0xFC, 0x00, 0x1F, 0xFF, 0xFF, 0xFC, 0x00, 0x3F, 0x00, 0x00, 0x00,
    0x00, 0x3F, 0x00, 0x00, 0x00, 0x00, 0x7E, 0x00, 0x00, 0x00, 0x00, 0xBD, 0x00, 0x00, 0x00, 0x00,
    0xFC, 0x00, 0x00, 0x00, 0x00, 0xFC, 0x00, 0x00, 0x00, 0x01, 0xFD, 0x55, 0x55, 0x40, 0x02, 0xFF,
    0xFF, 0xFF, 0x40, 0x03, 0xFF, 0xFF, 0xFF, 0x00, 0x03, 0xF0, 0x00, 0x00, 0x00, 0x07, 0xE0, 0x00,
    0x00, 0x00, 0x0B, 0xC0, 0x00, 0x00, 0x00, 0x0F, 0xC0, 0x00, 0x00, 0x00, 0x0F, 0x80, 0x00, 0x00,
    0x00, 0x1F, 0x95, 0x55, 0x54, 0x00, 0x2F, 0xFF, 0xFF, 0xFC, 0x00, 0x3F, 0xFF, 0xFF, 0xF8, 0x00,
    0x7F, 0xFF, 0xFF, 0xF4, 0x00, 0xBF, 0xFF, 0xFF, 0xF0, 0x00, 0x00, 0x00, 0x00, 0x00, 0x00, 0x00,
    0x00, 0x2F, 0x00, 0x3D, 0x00, 0x00, 0x3E, 0x00, 0x3D, 0x00, 0x00, 0x3D, 0x00, 0xBC, 0x00, 0x00,
    0x00, 0x00, 0x00, 0x00, 0x00, 0x00, 0x00, 0x00, 0x00, 0x05, 0x55, 0x55, 0x54, 0x00, 0x0F, 0xFF,
    0xFF, 0xFC, 0x00, 0x1F, 0xFF, 0xFF, 0xFC, 0x00, 0x3F, 0x00, 0x00, 0x00, 0x00, 0x3F, 0x00, 0x00,
    0x00, 0x00, 0x7E, 0x00, 0x00, 0x00, 0x00, 0xBD, 0x00, 0x00, 0x00, 0x00, 0xFC, 0x00, 0x00, 0x00,
    0x00, 0xFC, 0x00, 0x00, 0x00, 0x01, 0xFD, 0x55, 0x55, 0x40, 0x02, 0xFF, 0xFF, 0xFF, 0x40, 0x03,
    0xFF, 0xFF, 0xFF, 0x00, 0x03, 0xF0, 0x00, 0x00, 0x00, 0x07, 0xE0, 0x00, 0x00, 0x00, 0x0B, 0xC0,
    0x00, 0x00, 0x00, 0x0F, 0xC0, 0x00, 0x00, 0x00, 0x0F, 0x80, 0x00, 0x00, 0x00, 0x1F, 0x95, 0x55,
    0x54, 0x00, 0x2F, 0xFF, 0xFF, 0xFC, 0x00, 0x3F, 0xFF, 0xFF, 0xF8, 0x00, 0x7F, 0xFF, 0xFF, 0xF4,
    0x00, 0xBF, 0xFF, 0xFF, 0xF0, 0x00, 0x00, 0x00, 0x00, 0x00, 0x05, 0x01, 0xFF, 0xFF, 0xFF, 0xFF,
    0xD2, 0xFF, 0xFF, 0xFF, 0xFF, 0xF8, 0x00, 0x03, 0xF0, 0x00, 0x00, 0x00, 0x01, 0xF8, 0x00, 0x00,
    0x00, 0x00, 0xBD, 0x00, 0x00, 0x00, 0x00, 0x3F, 0x00, 0x00, 0x00, 0x00, 0x0F, 0xC0, 0x00, 0x00,
    0x00, 0x0B, 0xE0, 0x00, 0x00, 0x00, 0x03, 0xF4, 0x00, 0x00, 0x00, 0x00, 0xFC, 0x00, 0x00, 0x00,
    0x00, 0x7F, 0xAF, 0xFE, 0x00, 0x00, 0x2F, 0xFF, 0xFF, 0xF0, 0x00, 0x0F, 0xFD, 0x01, 0xFE, 0x00,
    0x03, 0xFC, 0x00, 0x0F, 0xC0, 0x02, 0xFC, 0x00, 0x02, 0xF0, 0x00, 0xFD, 0x00, 0x00, 0x7C, 0x00,
    0x3F, 0x00, 0x00, 0x2F, 0x00, 0x1F, 0x80, 0x00, 0x0F, 0x80, 0x0B, 0xD0, 0x00, 0x07, 0xD0, 0x03,
    0xF0, 0x00, 0x07, 0xF0, 0x00, 0xFC, 0x00, 0x7F, 0xF4, 0x00, 0x7F, 0x00, 0x3F, 0xF8, 0x00, 0x3F,
    0x80, 0x0F, 0xE4, 0x00, 0x00, 0x00, 0x00, 0x00, 0x18, 0x00, 0x00, 0x00, 0x00, 0x1F, 0x00, 0x00,
    0x00, 0x00, 0x0F, 0x00, 0x00, 0x00, 0x00, 0x0F, 0x80, 0x00, 0x00, 0x00, 0x0B, 0xC0, 0x00, 0x00,
    0x00, 0x07, 0xD0, 0x00, 0x00, 0x00, 0x00, 0x00, 0x00, 0x00, 0x00, 0x00, 0x00, 0x00, 0x00, 0x00,
    0x00, 0x00, 0x00, 0x00, 0x00, 0x00, 0x00, 0x00, 0x00, 0x00, 0x00, 0x00, 0x00, 0x00, 0x00, 0x00,
    0x00, 0x00, 0x00, 0x00, 0x01, 0x55, 0x55, 0x55, 0x00, 0x03, 0xFF, 0xFF, 0xFF, 0xC0, 0x00, 0xFF,
    0xFF, 0xFF, 0xF0, 0x00, 0x7E, 0x00, 0x00, 0x00, 0x00, 0x2F, 0x80, 0x00, 0x00, 0x00, 0x0F, 0xD0,
    0x00, 0x00, 0x00, 0x07, 0xF0, 0x00, 0x00, 0x00, 0x02, 0xFC, 0x00, 0x00, 0x00, 0x00, 0xFE, 0x00,
    0x00, 0x00, 0x00, 0x3F, 0x40, 0x00, 0x00, 0x00, 0x1F, 0xC0, 0x00, 0x00, 0x00, 0x0B, 0xF0, 0x00,
    0x00, 0x00, 0x03, 0xFC, 0x00, 0x00, 0x00, 0x00, 0xFE, 0x00, 0x00, 0x00, 0x00, 0xBF, 0x40, 0x00,
    0x00, 0x00, 0x3F, 0xC0, 0x00, 0x00, 0x00, 0x0F, 0xF0, 0x00, 0x00, 0x00, 0x07, 0xF8, 0x00, 0x00,
    0x00, 0x02, 0xFE, 0x00, 0x00, 0x00, 0x00, 0xFF, 0x40, 0x00, 0x00, 0x00, 0x3F, 0xC0, 0x00, 0x00,
    0x00, 0x2F, 0xF0, 0x00, 0x00, 0x00, 0x00, 0x00, 0x00, 0x00, 0x00, 0x00, 0x00, 0x00, 0x00, 0x00,
    0xBF, 0xF8, 0x00, 0x00, 0x00, 0x0B, 0xFF, 0xFF, 0x80, 0x00, 0x00, 0x7F, 0xD0, 0x1F, 0xE0, 0x00,
    0x02, 0xFD, 0x00, 0x03, 0xF4, 0x00, 0x0B, 0xF0, 0x00, 0x00, 0xFC, 0x00, 0x1F, 0xC0, 0x00, 0x00,
    0xFC, 0x00, 0x3F, 0x40, 0x00, 0x00, 0x58, 0x00, 0x7F, 0x00, 0x00, 0x00, 0x00, 0x00, 0xFC, 0x00,
    0x00, 0x00, 0x00, 0x01, 0xFF, 0xFF, 0xFF, 0x80, 0x00, 0x02, 0xFF, 0xFF, 0xFF, 0x40, 0x00, 0x03,
    0xFF, 0xFF, 0xFF, 0x00, 0x00, 0x03, 0xF0, 0x00, 0x00, 0x00, 0x00, 0x07, 0xF0, 0x00, 0x00, 0x00,
    0x00, 0x0B, 0xF0, 0x00, 0x00, 0x00, 0x00, 0x0B, 0xFC, 0x00, 0x00, 0xBE, 0x80, 0x0B, 0xFF, 0xE9,
    0xAF, 0xFF, 0xC0, 0x0B, 0xFF, 0xFF, 0xFF, 0xFF, 0x40, 0x07, 0xFF, 0xFF, 0xFF, 0xFE, 0x00, 0x03,
    0xFF, 0xFF, 0xFF, 0xFC, 0x00, 0x00, 0xFF, 0xFF, 0xFF, 0xE0, 0x00, 0x00, 0x1B, 0xFF, 0xF9, 0x00,
    0x00, 0x00, 0x00, 0x00, 0x00, 0x00, 0x00, 0x00, 0x00, 0x00, 0x01, 0x55, 0x50, 0x00, 0x00, 0x00,
    0x1F, 0xFF, 0xFF, 0xC0, 0x00, 0x00, 0x7F, 0xFF, 0xFF, 0xF0, 0x00, 0x00, 0x3F, 0xFF, 0xFF, 0xF8,
    0x00, 0x00, 0x3F, 0xFD, 0x40, 0x04, 0x00, 0x00, 0x2F, 0xF0, 0x00, 0x00, 0x00, 0x00, 0x0F, 0xE0,
    0x00, 0x00, 0x00, 0x00, 0x07, 0xF0, 0x00, 0x00, 0x00, 0x00, 0x02, 0xF8, 0x00, 0x00, 0x00, 0x00,
    0x00, 0xFF, 0x00, 0x00, 0x00, 0x00, 0x00, 0x3F, 0xF9, 0x00, 0x00, 0x00, 0x00, 0x07, 0xFF, 0xFE,
    0x40, 0x00, 0x00, 0x00, 0xBF, 0xFF, 0xFE, 0x00, 0x00, 0x00, 0x07, 0xFF, 0xFF, 0xF4, 0x00, 0x00,
    0x00, 0x06, 0xFF, 0xFF, 0x80, 0x00, 0x00, 0x00, 0x02, 0xFF, 0xF4, 0x00, 0x00, 0x00, 0x00, 0x2F,
    0xFE, 0x00, 0x00, 0x00, 0x00, 0x0B, 0xFF, 0xC0, 0x00, 0x00, 0x00, 0x03, 0xFF, 0xF0, 0x00, 0x40,
    0x00, 0x02, 0xFF, 0xF8, 0x00, 0xBF, 0xEA, 0xAF, 0xFF, 0xFC, 0x00, 0xBF, 0xFF, 0xFF, 0xFF, 0xFD,
    0x00, 0xBF, 0xFF, 0xFF, 0xFF, 0xFD, 0x00, 0xBF, 0xFF, 0xFF, 0xFF, 0xFD, 0x00, 0x2F, 0xFF, 0xFF,
    0xFF, 0xF4, 0x00, 0x01, 0xBF, 0xFF, 0xFE, 0x40, 0x00, 0x00, 0x00, 0x00, 0x00, 0x00, 0x00, 0x00,
    0x00, 0x03, 0xF8, 0x00, 0x03, 0xFC, 0x00, 0x07, 0xF8, 0x00, 0x0B, 0xF4, 0x00, 0x0B, 0xF0, 0x00,
    0x0F, 0xF0, 0x00, 0x0F, 0xD0, 0x00, 0x1F, 0xC0, 0x00, 0x2F, 0xC0, 0x00, 0x3F, 0x80, 0x00, 0x3F,
    0x40, 0x00, 0xBF, 0x00, 0x00, 0xFF, 0x00, 0x00, 0xFE, 0x00, 0x01, 0xFE, 0x00, 0x02, 0xFD, 0x00,
    0x03, 0xFC, 0x00, 0x03, 0xFC, 0x00, 0x0B, 0xF8, 0x00, 0x0F, 0xF4, 0x00, 0x0F, 0xF4, 0x00, 0x2F,
    0xF0, 0x00, 0x3F, 0xF0, 0x00, 0x7F, 0xE0, 0x00, 0x6F, 0xE0, 0x00, 0x00, 0x0F, 0xC0, 0x1F, 0xC0,
    0x02, 0xFC, 0x02, 0xFC, 0x00, 0x3F, 0xC0, 0x3F, 0xC0, 0x0B, 0xF8, 0x0B, 0xF8, 0x00, 0xFF, 0x40,
    0xFF, 0x40, 0x00, 0x00, 0x00, 0x00, 0x00, 0x00, 0x00, 0x00, 0x00, 0x00, 0x00, 0x00, 0x00, 0x00,
    0x00, 0x00, 0x00, 0x00, 0x00, 0x00, 0x00, 0x00, 0x00, 0x03, 0xF8, 0x00, 0x00, 0x00, 0x3F, 0xC0,
    0x00, 0x00, 0x07, 0xF8, 0x00, 0x00, 0x00, 0xBF, 0x40, 0x00, 0x00, 0x0B, 0xF0, 0x00, 0x00, 0x00,
    0xFF, 0x00, 0x00, 0x00, 0x0F, 0xD0, 0x00, 0x00, 0x01, 0xFC, 0x00, 0x00, 0x00, 0x2F, 0xC0, 0x00,
    0x00, 0x03, 0xF8, 0x00, 0x00, 0x00, 0x3F, 0x40, 0x00, 0x00, 0x0B, 0xF0, 0x00, 0x00, 0x00, 0xFF,
    0x00, 0x00, 0x00, 0x0F, 0xE0, 0x00, 0x00, 0x01, 0xFE, 0x00, 0x00, 0x00, 0x2F, 0xD0, 0x00, 0x00,
    0x03, 0xFC, 0x00, 0x00, 0x00, 0x3F, 0xC0, 0x00, 0x00, 0x0B, 0xF8, 0x00, 0x00, 0x00, 0xFF, 0x40,
    0x00, 0x00, 0x0F, 0xF4, 0x00, 0x00, 0x02, 0xFF, 0x00, 0x00, 0x00, 0x3F, 0xF0, 0x00, 0x00, 0x07,
    0xFE, 0x00, 0x00, 0x00, 0x6F, 0xE0, 0x00, 0x00, 0x00, 0x00, 0x00, 0x00, 0x00, 0xAA, 0x00, 0x00,
    0x00, 0x00, 0x7F, 0x80, 0x00, 0x00, 0x00, 0x2F, 0xD0, 0x00, 0x00, 0x00, 0x0F, 0xF0, 0x00, 0x00,
    0x00, 0x07, 0xFC, 0x00, 0x00, 0x00, 0x02, 0xFD, 0x00, 0x00, 0x00, 0x00, 0xFF, 0x00, 0x00, 0x00,
    0x00, 0x3F, 0xC0, 0x00, 0x00, 0x00, 0x2F, 0xD0, 0x00, 0x00, 0x00, 0x0F, 0xF0, 0x00, 0x00, 0x00,
    0x03, 0xFC, 0x00, 0x00, 0x00, 0x01, 0xFE, 0x00, 0x00, 0x00, 0x00, 0xBF, 0x00, 0x00, 0x00, 0x00,
    0x3F, 0xC0, 0x00, 0x00, 0x00, 0x1F, 0xE0, 0x00, 0x00, 0x00, 0x0B, 0xF4, 0x00, 0x00, 0x00, 0x03,
    0xFC, 0x00, 0x00, 0x00, 0x00, 0xFE, 0x00, 0x00, 0x00, 0x00, 0xBF, 0x40, 0x00, 0x00, 0x00, 0x3F,
    0xC0, 0x00, 0x00, 0x00, 0x0F, 0xE0, 0x00, 0x00, 0x00, 0x07, 0xF4, 0x00, 0x00, 0x00, 0x02, 0xFC,
    0x00, 0x00, 0x00, 0x00, 0xFE, 0x00, 0x00, 0x00, 0x00, 0xBF, 0x40, 0x00, 0x00, 0x00, 0x7F, 0xC0,
    0x00, 0x00, 0x40, 0xBF, 0xE0, 0x00, 0x00, 0x3F, 0xFF, 0xF0, 0x00, 0x00, 0x1F, 0xFF, 0xF4, 0x00,
    0x00, 0x0B, 0xFF, 0xF8, 0x00, 0x00, 0x03, 0xFF, 0xF4, 0x00, 0x00, 0x00, 0xFF, 0x90, 0x00, 0x00,
    0x00, 0x00, 0x00, 0x00, 0x00, 0x00, 0x00, 0x00, 0x00, 0x00, 0x00, 0x00, 0x50, 0x00, 0x00, 0x00,
    0x00, 0x7F, 0xFF, 0xFF, 0xE0, 0x00, 0x00, 0x00, 0x03, 0xFF, 0xFF, 0xFF, 0x40, 0x00, 0x00, 0x00,
    0x0F, 0x40, 0x00, 0x7C, 0x00, 0x00, 0x00, 0x00, 0x7C, 0x00, 0x02, 0xF0, 0x00, 0x00, 0x00, 0x02,
    0xE0, 0x00, 0x0F, 0x80, 0x00, 0x00, 0x00, 0x0F, 0x40, 0x00, 0x3D, 0x00, 0x00, 0x00, 0x00, 0x3C,
    0x00, 0x02, 0xF0, 0x00, 0x00, 0x00, 0x01, 0xF0, 0x00, 0x0F, 0xC0, 0x00, 0x00, 0x00, 0x0F, 0x40,
    0x00, 0x3F, 0xFF, 0xA0, 0x00, 0x00, 0x3C, 0x00, 0x01, 0xFF, 0xFF, 0xF4, 0x00, 0x01, 0xF0, 0x00,
    0x0B, 0xC0, 0x02, 0xF4, 0x00, 0x0F, 0x40, 0x00, 0x3F, 0x00, 0x02, 0xE0, 0x00, 0x3C, 0x00, 0x00,
    0xF8, 0x00, 0x07, 0xC0, 0x01, 0xF0, 0x00, 0x07, 0xD0, 0x00, 0x2F, 0x00, 0x0F, 0x40, 0x00, 0x3F,
    0x00, 0x00, 0xF8, 0x00, 0x3C, 0x00, 0x00, 0xFC, 0x00, 0x0B, 0xD0, 0x02, 0xF0, 0x00, 0x07, 0xE0,
    0x01, 0xFF, 0x00, 0x0F, 0x80, 0x00, 0x2F, 0xFF, 0xFF, 0xF4, 0x00, 0xBC, 0x00, 0x00, 0xFF, 0xFF,
    0xFF, 0x80, 0x3F, 0xF0, 0x00, 0x03, 0xFF, 0xFF, 0xF8, 0x00, 0xFF, 0x00, 0x00, 0x1F, 0xFF, 0xFA,
    0x00, 0x02, 0x90, 0x00, 0x00, 0x00, 0x00, 0x00, 0x00, 0x00, 0x00, 0x05, 0x40, 0x00, 0x00, 0x00,
    0x00, 0x00, 0x03, 0xD0, 0x00, 0x00, 0xF0, 0x00, 0x00, 0x01, 0xF0, 0x00, 0x00, 0x7C, 0x00, 0x00,
    0x00, 0xBC, 0x00, 0x00, 0x2E, 0x00, 0x00, 0x00, 0x3E, 0x00, 0x00, 0x0F, 0x80, 0x00, 0x00, 0x0F,
    0x40, 0x00, 0x03, 0xD0, 0x00, 0x00, 0x07, 0xC0, 0x00, 0x02, 0xF0, 0x00, 0x00, 0x02, 0xF0, 0x00,
    0x00, 0xFC, 0x00, 0x00, 0x00, 0xF8, 0x00, 0x00, 0x3E, 0x00, 0x00, 0x00, 0x3F, 0xFF, 0xFF, 0xFF,
    0xFF, 0xE4, 0x00, 0x1F, 0xFF, 0xFF, 0xFF, 0xFF, 0xFF, 0xD0, 0x0B, 0xC0, 0x00, 0x03, 0xF0, 0x00,
    0xFC, 0x03, 0xE0, 0x00, 0x00, 0xF8, 0x00, 0x0F, 0x40, 0xF4, 0x00, 0x00, 0x7D, 0x00, 0x03, 0xE0,
    0x7C, 0x00, 0x00, 0x3F, 0x00, 0x00, 0xF8, 0x3E, 0x00, 0x00, 0x0F, 0xC0, 0x00, 0x3D, 0x0F, 0x40,
    0x00, 0x07, 0xE0, 0x00, 0x3F, 0x07, 0xC0, 0x00, 0x02, 0xF4, 0x00, 0xBF, 0x82, 0xF0, 0x00, 0x00,
    0xFF, 0xFF, 0xFF, 0xC0, 0xF8, 0x00, 0x00, 0x3F, 0xFF, 0xFF, 0xD0, 0x3D, 0x00, 0x00, 0x1F, 0xFF,
    0xFF, 0xD0, 0x1F, 0x00, 0x00, 0x0B, 0xFF, 0xFE, 0x40, 0x00, 0x00, 0x00, 0x00, 0x00, 0x00, 0x00,
    0x00, 0x0F, 0xFF, 0xFF, 0xFF, 0xFF, 0xF0, 0x7F, 0xFF, 0xFF, 0xFF, 0xFF, 0xC2, 0xFF, 0xFF, 0xFF,
    0xFF, 0xFE, 0x0A, 0xA5, 0x4B, 0xF0, 0x15, 0x50, 0x00, 0x00, 0x3F, 0xC0, 0x00, 0x00, 0x00, 0x00,
    0xFD, 0x00, 0x00, 0x00, 0x00, 0x07, 0xF0, 0x00, 0x00, 0x00, 0x00, 0x2F, 0xC0, 0x00, 0x00, 0x00,
    0x00, 0xFE, 0x00, 0x00, 0x00, 0x00, 0x07, 0xF5, 0xFF, 0x90, 0x00, 0x00, 0x2F, 0xFF, 0xFF, 0xE0,
    0x00, 0x00, 0xFF, 0xFF, 0xFF, 0xC0, 0x00, 0x03, 0xFF, 0x80, 0x7F, 0x40, 0x00, 0x2F, 0xF4, 0x00,
    0x7D, 0x00, 0x00, 0xFF, 0x40, 0x01, 0xF4, 0x00, 0x03, 0xFC, 0x00, 0x07, 0xC0, 0x00, 0x1F, 0xE0,
    0x00, 0x2F, 0x00, 0x00, 0xFF, 0x40, 0x00, 0xF8, 0x00, 0x03, 0xFD, 0x00, 0x03, 0xE0, 0x00, 0x1F,
    0xF0, 0x00, 0x2F, 0x40, 0x00, 0xBF, 0xC0, 0x00, 0xFC, 0x00, 0x03, 0xFE, 0x00, 0x07, 0xF0, 0x00,
    0x1F, 0xF4, 0x00, 0x3F, 0x80, 0x00, 0xBF, 0xC0, 0x00, 0xFE, 0x00, 0x03, 0xFF, 0x00, 0x0B, 0xF4,
    0x00, 0x00, 0x00, 0x00, 0x00, 0x00, 0x02, 0x80, 0x00, 0x00, 0x00, 0x00, 0x03, 0xC0, 0x00, 0x00,
    0x00, 0x00, 0x02, 0xE0, 0x00, 0x00, 0x00, 0x00, 0x01, 0xF0, 0x00, 0x00, 0x00, 0x00, 0x00, 0xF4,
    0x00, 0x00, 0x00, 0x00, 0x00, 0xFC, 0x00, 0x00, 0x00, 0x00, 0x00, 0x00, 0x00, 0x00, 0x00, 0x00,
    0x00, 0x00, 0x00, 0x00, 0x00, 0x00, 0x00, 0x00, 0x00, 0x00, 0x00, 0x00, 0x00, 0x00, 0x00, 0x00,
    0x00, 0x03, 0xF4, 0x00, 0xFF, 0x00, 0x00, 0x01, 0xFC, 0x00, 0xFF, 0x40, 0x00, 0x00, 0xFE, 0x00,
    0xBF, 0x40, 0x00, 0x00, 0x3F, 0x40, 0xBF, 0x80, 0x00, 0x00, 0x2F, 0xC0, 0x7F, 0x80, 0x00, 0x00,
    0x0F, 0xE0, 0x7F, 0xC0, 0x00, 0x00, 0x03, 0xF4, 0x3F, 0xC0, 0x00, 0x00, 0x02, 0xFC, 0x3F, 0xC0,
    0x00, 0x00, 0x00, 0xFE, 0x3F, 0xD0, 0x00, 0x00, 0x00, 0x7F, 0x7F, 0xD0, 0x00, 0x00, 0x00, 0x2F,
    0xFF, 0xE0, 0x00, 0x00, 0x00, 0x0F, 0xFF, 0xE0, 0x00, 0x00, 0x00, 0x07, 0xFF, 0xF0, 0x00, 0x00,
    0x00, 0x02, 0xFF, 0xF0, 0x00, 0x00, 0x00, 0x00, 0xFF, 0xFF, 0x00, 0x00, 0x00, 0x00, 0x7F, 0xFF,
    0xD0, 0x00, 0x00, 0x00, 0x2F, 0xFF, 0xFC, 0x00, 0x00, 0x00, 0x0F, 0xF3, 0xFF, 0xC0, 0x00, 0x00,
    0x07, 0xF8, 0xBF, 0xF8, 0x00, 0x00, 0x03, 0xFD, 0x0F, 0xFF, 0x40, 0x00, 0x00, 0xFF, 0x02, 0xFF,
    0xF0, 0x00, 0x00, 0x7F, 0x80, 0x3F, 0xFE, 0x00, 0x00, 0x3F, 0xD0, 0x0B, 0xFF, 0xD0, 0x00, 0x0F,
    0xF0, 0x01, 0xFF, 0xFC, 0x00, 0x0B, 0xF8, 0x00, 0x3F, 0xFF, 0x80, 0x00, 0x00, 0x00, 0x00, 0x1F,
    0x80, 0x00, 0x00, 0x00, 0x00, 0x00, 0xBE, 0x00, 0x00, 0x00, 0x00, 0x00, 0x03, 0xF8, 0x00, 0x00,
    0x00, 0x00, 0x00, 0x0F, 0xF0, 0x00, 0x00, 0x00, 0x00, 0x00, 0x01, 0x40, 0x00, 0x00, 0x00, 0x00,
    0x00, 0x00, 0x00, 0x00, 0x00, 0xA8, 0x00, 0x00, 0x00, 0x00, 0x00, 0x2F, 0xC0, 0x00, 0x01, 0xFE,
    0x00, 0x03, 0xFC, 0x00, 0x00, 0x3F, 0xE0, 0x00, 0x3F, 0x80, 0x00, 0x0F, 0xFD, 0x00, 0x07, 0xF4,
    0x00, 0x03, 0xFF, 0xC0, 0x00, 0xBF, 0x00, 0x00, 0xBF, 0xFC, 0x00, 0x0F, 0xF0, 0x00, 0x1F, 0xFF,
    0x80, 0x01, 0xFE, 0x00, 0x07, 0xFF, 0xF4, 0x00, 0x2F, 0xD0, 0x00, 0xFF, 0xFF, 0x00, 0x03, 0xFC,
    0x00, 0x3F, 0xDF, 0xE0, 0x00, 0x3F, 0xC0, 0x0B, 0xF5, 0xFD, 0x00, 0x07, 0xF4, 0x02, 0xFD, 0x3F,
    0xC0, 0x00, 0xBF, 0x00, 0x7F, 0x83, 0xFC, 0x00, 0x0F, 0xF0, 0x0F, 0xF0, 0xBF, 0x80, 0x01, 0xFE,
    0x03, 0xFC, 0x0F, 0xF4, 0x00, 0x2F, 0xD0, 0xFF, 0x01, 0xFF, 0x00, 0x03, 0xFC, 0x2F, 0xD0, 0x2F,
    0xF0, 0x00, 0x3F, 0xC7, 0xF8, 0x03, 0xFE, 0x00, 0x07, 0xF9, 0xFE, 0x00, 0x7F, 0xD0, 0x00, 0xFF,
    0xBF, 0xC0, 0x0B, 0xFC, 0x00, 0x0F, 0xFF, 0xF0, 0x00, 0xFF, 0xC0, 0x01, 0xFF, 0xFD, 0x00, 0x1F,
    0xF8, 0x00, 0x2F, 0xFF, 0x40, 0x03, 0xFF, 0x40, 0x03, 0xFF, 0xE0, 0x00, 0x3F, 0xF0, 0x00, 0x3F,
    0xFC, 0x00, 0x0B, 0xFF, 0x00, 0x00, 0x00, 0x00, 0x3C, 0x00, 0x07, 0x40, 0x00, 0x03, 0xC0, 0x00,
    0xF0, 0x00, 0x00, 0x3E, 0x00, 0x7D, 0x00, 0x00, 0x02, 0xFF, 0xFF, 0x80, 0x00, 0x00, 0x0F, 0xFF,
    0xD0, 0x00, 0x00, 0x00, 0x1A, 0x90, 0x00, 0x00, 0x00, 0x00, 0x00, 0x00, 0x00, 0x00, 0x00, 0x00,
    0x00, 0x00, 0x00, 0x00, 0x00, 0x00, 0x00, 0x00, 0x00, 0x50, 0x00, 0x00, 0x14, 0x00, 0x0F, 0xC0,
    0x00, 0x0F, 0xC0, 0x00, 0xBC, 0x00, 0x01, 0xF8, 0x00, 0x07, 0xE0, 0x00, 0x3F, 0x00, 0x00, 0x3F,
    0x00, 0x0B, 0xD0, 0x00, 0x03, 0xF0, 0x00, 0xFC, 0x00, 0x00, 0x2F, 0x80, 0x3F, 0x40, 0x00, 0x01,
    0xFC, 0x07, 0xF0, 0x00, 0x00, 0x1F, 0xC0, 0xFD, 0x00, 0x00, 0x00, 0xFE, 0x2F, 0xC0, 0x00, 0x00,
    0x0F, 0xF3, 0xF4, 0x00, 0x00, 0x00, 0xBF, 0xFF, 0x00, 0x00, 0x00, 0x07, 0xFF, 0xD0, 0x00, 0x00,
    0x00, 0x3F, 0xFC, 0x00, 0x00, 0x00, 0x03, 0xFF, 0x40, 0x00, 0x00, 0x00, 0x2F, 0xF0, 0x00, 0x00,
    0x00, 0x03, 0xFD, 0x00, 0x00, 0x00, 0x00, 0x7F, 0xC0, 0x00, 0x00, 0x00, 0x2F, 0xF0, 0x00, 0x00,
    0x00, 0x1F, 0xFD, 0x00, 0x00, 0x02, 0xBF, 0xFF, 0x80, 0x00, 0x00, 0x3F, 0xFF, 0xD0, 0x00, 0x00,
    0x03, 0xFF, 0xE0, 0x00, 0x00, 0x00, 0x7F, 0x90, 0x00, 0x00, 0x00, 0x00, 0x00, 0x05, 0x40, 0x00,
    0x01, 0x50, 0x01, 0xF8, 0x00, 0x00, 0x7E, 0x00, 0x2F, 0x40, 0x00, 0x0F, 0xC0, 0x03, 0xF0, 0x00,
    0x00, 0xFC, 0x00, 0x3F, 0x00, 0x00, 0x1F, 0x80, 0x0B, 0xE0, 0x00, 0x02, 0xF4, 0x00, 0xFD, 0x00,
    0x00, 0x3F, 0x00, 0x0F, 0xC0, 0x00, 0x03, 0xF0, 0x01, 0xFC, 0x00, 0x00, 0x7E, 0x00, 0x2F, 0x80,
    0x00, 0x0B, 0xD0, 0x03, 0xF0, 0x00, 0x00, 0xFC, 0x00, 0x3F, 0x00, 0x00, 0x0F, 0xC0, 0x07, 0xE0,
    0x00, 0x01, 0xF8, 0x00, 0xBD, 0x00, 0x00, 0x2F, 0x40, 0x0F, 0xC0, 0x00, 0x03, 0xF0, 0x00, 0xFC,
    0x00, 0x00, 0x7F, 0x00, 0x1F, 0x80, 0x00, 0x0B, 0xD0, 0x02, 0xF4, 0x00, 0x00, 0xFC, 0x00, 0x3F,
    0xFF, 0xFF, 0xFF, 0xC0, 0x07, 0xFF, 0xFF, 0xFF, 0xF8, 0x00, 0xBF, 0xFF, 0xFF, 0xFF, 0x40, 0x00,
    0x00, 0x3D, 0x00, 0x00, 0x00, 0x00, 0x07, 0xC0, 0x00, 0x00, 0x00, 0x00, 0xBC, 0x00, 0x00, 0x00,
    0x00, 0x0F, 0x80, 0x00, 0x00, 0x00, 0x00, 0xF4, 0x00, 0x00, 0x00, 0x00, 0x05, 0x00, 0x00, 0x00,
    0x00, 0x00, 0x00, 0x00, 0x00, 0xFE, 0x00, 0x00, 0x00, 0x00, 0x0B, 0xF8, 0x00, 0x00, 0x00, 0x00,
    0x3F, 0xF0, 0x00, 0x00, 0x00, 0x03, 0xFF, 0xC0, 0x00, 0x00, 0x00, 0x1F, 0xBF, 0x00, 0x00, 0x00,
    0x00, 0xFC, 0xFC, 0x00, 0x00, 0x00, 0x0F, 0xD3, 0xF4, 0x00, 0x00, 0x00, 0x7F, 0x0F, 0xD0, 0x00,
    0x00, 0x03, 0xF0, 0x3F, 0x40, 0x00, 0x00, 0x2F, 0x80, 0xBE, 0x00, 0x00, 0x01, 0xFC, 0x02, 0xF8,
    0x00, 0x00, 0x0F, 0xD0, 0x0B, 0xF0, 0x00, 0x00, 0xBF, 0x00, 0x2F, 0xC0, 0x00, 0x07, 0xF0, 0x00,
    0x7F, 0x00, 0x00, 0x3F, 0x80, 0x01, 0xFC, 0x00, 0x02, 0xFC, 0x00, 0x07, 0xF4, 0x00, 0x0F, 0xD0,
    0x00, 0x0F, 0xD0, 0x00, 0xFF, 0xFF, 0xFF, 0xFF, 0x80, 0x0B, 0xFF, 0xFF, 0xFF, 0xFE, 0x00, 0x3F,
    0xFF, 0xFF, 0xFF, 0xF8, 0x03, 0xFF, 0xFF, 0xFF, 0xFF, 0xF0, 0x1F, 0xE0, 0x00, 0x00, 0x3F, 0xC0,
    0xFF, 0x00, 0x00, 0x00, 0xFF, 0x0B, 0xF8, 0x00, 0x00, 0x03, 0xFC, 0x7F, 0xC0, 0x00, 0x00, 0x1F,
    0xF4, 0x00, 0x3F, 0xFF, 0xFF, 0xFC, 0x00, 0x7F, 0xFF, 0xFF, 0xF4, 0x00, 0xBF, 0x00, 0x00, 0x00,
    0x00, 0xFE, 0x00, 0x00, 0x00, 0x00, 0xFD, 0x00, 0x00, 0x00, 0x00, 0xFC, 0x00, 0x00, 0x00, 0x01,
    0xFC, 0x00, 0x00, 0x00, 0x02, 0xF8, 0x00, 0x00, 0x00, 0x03, 0xFF, 0xFE, 0x80, 0x00, 0x03, 0xFF,
    0xFF, 0xF4, 0x00, 0x07, 0xF0, 0x00, 0xBC, 0x00, 0x0B, 0xE0, 0x00, 0x3E, 0x00, 0x0F, 0xD0, 0x00,
    0x2E, 0x00, 0x0F, 0xC0, 0x00, 0x2E, 0x00, 0x1F, 0xC0, 0x00, 0x3D, 0x00, 0x2F, 0x80, 0x00, 0xFC,
    0x00, 0x3F, 0x40, 0x1B, 0xF8, 0x00, 0x3F, 0xFF, 0xFF, 0xF4, 0x00, 0x3F, 0xFF, 0xFF, 0xD0, 0x00,
    0x7F, 0xFF, 0xFF, 0x40, 0x00, 0xBF, 0xFF, 0xE4, 0x00, 0x00, 0x00, 0x00, 0x00, 0x00, 0x00, 0x00,
    0x0F, 0xFF, 0xF9, 0x00, 0x00, 0x7F, 0xFF, 0xFF, 0x00, 0x02, 0xF0, 0x00, 0x2E, 0x00, 0x0F, 0xC0,
    0x00, 0x3C, 0x00, 0x3E, 0x00, 0x00, 0xF0, 0x01, 0xF4, 0x00, 0x03, 0xC0, 0x0B, 0xC0, 0x00, 0x2E,
    0x00, 0x3F, 0x00, 0x02, 0xF4, 0x01, 0xFD, 0x55, 0xBF, 0x40, 0x0B, 0xFF, 0xFF, 0xE0, 0x00, 0x3F,
    0xFF, 0xFF, 0x80, 0x00, 0xFC, 0x00, 0x0B, 0xD0, 0x07, 0xE0, 0x00, 0x0B, 0xC0, 0x2F, 0x00, 0x00,
    0x2F, 0x40, 0xFC, 0x00, 0x00, 0xFD, 0x03, 0xE0, 0x00, 0x0F, 0xF0, 0x1F, 0x80, 0x16, 0xFF, 0x80,
    0xBF, 0xFF, 0xFF, 0xFC, 0x03, 0xFF, 0xFF, 0xFF, 0xD0, 0x1F, 0xFF, 0xFF, 0xFC, 0x00, 0xBF, 0xFF,
    0xFE, 0x00, 0x00, 0x00, 0x00, 0x00, 0x00, 0x00, 0x00, 0x01, 0x55, 0x55, 0x55, 0x00, 0x03, 0xFF,
    0xFF, 0xFF, 0xC0, 0x00, 0xFF, 0xFF, 0xFF, 0xF0, 0x00, 0x7E, 0x00, 0x00, 0x00, 0x00, 0x2F, 0x80,
    0x00, 0x00, 0x00, 0x0F, 0xD0, 0x00, 0x00, 0x00, 0x07, 0xF0, 0x00, 0x00, 0x00, 0x02, 0xFC, 0x00,
    0x00, 0x00, 0x00, 0xFE, 0x00, 0x00, 0x00, 0x00, 0x3F, 0x40, 0x00, 0x00, 0x00, 0x1F, 0xC0, 0x00,
    0x00, 0x00, 0x0B, 0xF0, 0x00, 0x00, 0x00, 0x03, 0xFC, 0x00, 0x00, 0x00, 0x00, 0xFE, 0x00, 0x00,
    0x00, 0x00, 0xBF, 0x40, 0x00, 0x00, 0x00, 0x3F, 0xC0, 0x00, 0x00, 0x00, 0x0F, 0xF0, 0x00, 0x00,
    0x00, 0x07, 0xF8, 0x00, 0x00, 0x00, 0x02, 0xFE, 0x00, 0x00, 0x00, 0x00, 0xFF, 0x40, 0x00, 0x00,
    0x00, 0x3F, 0xC0, 0x00, 0x00, 0x00, 0x2F, 0xF0, 0x00, 0x00, 0x00, 0x00, 0x00, 0x00, 0x0F, 0xFF,
    0xFF, 0xF0, 0x00, 0x01, 0xFF, 0xFF, 0xFE, 0x00, 0x00, 0x2F, 0xAA, 0xAF, 0xD0, 0x00, 0x03, 0xE0,
    0x00, 0xFC, 0x00, 0x00, 0x7D, 0x00, 0x0F, 0xC0, 0x00, 0x0B, 0xC0, 0x01, 0xF8, 0x00, 0x00, 0xF8,
    0x00, 0x2F, 0x40, 0x00, 0x1F, 0x40, 0x03, 0xF0, 0x00, 0x02, 0xF0, 0x00, 0x3F, 0x00, 0x00, 0x3F,
    0x00, 0x07, 0xE0, 0x00, 0x07, 0xD0, 0x00, 0xFD, 0x00, 0x00, 0xBC, 0x00, 0x0F, 0xC0, 0x00, 0x0F,
    0xC0, 0x01, 0xFC, 0x00, 0x00, 0xF8, 0x00, 0x2F, 0x80, 0x00, 0x2F, 0x00, 0x03, 0xF8, 0x00, 0x0B,
    0xE0, 0x00, 0x3F, 0x40, 0x02, 0xFC, 0x00, 0x07, 0xF0, 0x00, 0xBF, 0x40, 0x00, 0xFF, 0x00, 0xFF,
    0xFF, 0xFF, 0xFF, 0xFE, 0x0F, 0xFF, 0xFF, 0xFF, 0xFF, 0xC0, 0xFF, 0xFF, 0xFF, 0xFF, 0xF8, 0x0F,
    0xD0, 0x00, 0x00, 0x3F, 0x00, 0xFC, 0x00, 0x00, 0x07, 0xE0, 0x0F, 0xC0, 0x00, 0x00, 0xFC, 0x00,
    0x00, 0x05, 0x55, 0x55, 0x54, 0x00, 0x0F, 0xFF, 0xFF, 0xFC, 0x00, 0x1F, 0xFF, 0xFF, 0xFC, 0x00,
    0x3F, 0x00, 0x00, 0x00, 0x00, 0x3F, 0x00, 0x00, 0x00, 0x00, 0x7E, 0x00, 0x00, 0x00, 0x00, 0xBD,
    0x00, 0x00, 0x00, 0x00, 0xFC, 0x00, 0x00, 0x00, 0x00, 0xFC, 0x00, 0x00, 0x00, 0x01, 0xFD, 0x55,
    0x55, 0x40, 0x02, 0xFF, 0xFF, 0xFF, 0x40, 0x03, 0xFF, 0xFF, 0xFF, 0x00, 0x03, 0xF0, 0x00, 0x00,
    0x00, 0x07, 0xE0, 0x00, 0x00, 0x00, 0x0B, 0xC0, 0x00, 0x00, 0x00, 0x0F, 0xC0, 0x00, 0x00, 0x00,
    0x0F, 0x80, 0x00, 0x00, 0x00, 0x1F, 0x95, 0x55, 0x54, 0x00, 0x2F, 0xFF, 0xFF, 0xFC, 0x00, 0x3F,
    0xFF, 0xFF, 0xF8, 0x00, 0x7F, 0xFF, 0xFF, 0xF4, 0x00, 0xBF, 0xFF, 0xFF, 0xF0, 0x00, 0x00, 0x00,
    0xFF, 0x00, 0x1F, 0xFF, 0x00, 0x1F, 0xF0, 0x00, 0x02, 0xFD, 0x00, 0x7F, 0xF8, 0x01, 0xFF, 0x00,
    0x00, 0x07, 0xFC, 0x02, 0xFF, 0xD0, 0x0F, 0xF0, 0x00, 0x00, 0x0F, 0xF4, 0x0B, 0xFF, 0x00, 0xFF,
    0x40, 0x00, 0x00, 0x1F, 0xF0, 0x3F, 0xF8, 0x0F, 0xF4, 0x00, 0x00, 0x00, 0x3F, 0xC0, 0xFF, 0xD0,
    0xBF, 0x80, 0x00, 0x00, 0x00, 0xBF, 0x83, 0xFF, 0x0B, 0xF8, 0x00, 0x00, 0x00, 0x00, 0xFF, 0x0F,
    0xF8, 0x7F, 0xC0, 0x00, 0x00, 0x00, 0x02, 0xFD, 0x3F, 0xD7, 0xFC, 0x00, 0x00, 0x00, 0x00, 0x07,
    0xFD, 0xFF, 0x7F, 0xC0, 0x00, 0x00, 0x00, 0x00, 0x0F, 0xFB, 0xFF, 0xFD, 0x00, 0x00, 0x00, 0x00,
    0x00, 0x1F, 0xFF, 0xFF, 0xD0, 0x00, 0x00, 0x00, 0x00, 0x00, 0x3F, 0xFF, 0xFE, 0x00, 0x00, 0x00,
    0x00, 0x00, 0x00, 0xFF, 0xFF, 0xF0, 0x00, 0x00, 0x00, 0x00, 0x00, 0x0F, 0xFF, 0xFF, 0xD0, 0x00,
    0x00, 0x00, 0x00, 0x00, 0xFF, 0xFF, 0xFF, 0xC0, 0x00, 0x00, 0x00, 0x00, 0x0F, 0xFF, 0xFF, 0xFF,
    0xC0, 0x00, 0x00, 0x00, 0x01, 0xFF, 0xFF, 0xFF, 0xFF, 0x80, 0x00, 0x00, 0x00, 0x1F, 0xFF, 0xFF,
    0xEF, 0xFF, 0x40, 0x00, 0x00, 0x01, 0xFF, 0xF3, 0xFF, 0x9F, 0xFF, 0x00, 0x00, 0x00, 0x2F, 0xFF,
    0x1F, 0xFD, 0x3F, 0xFE, 0x00, 0x00, 0x02, 0xFF, 0xF0, 0xFF, 0xF4, 0xBF, 0xFD, 0x00, 0x00, 0x3F,
    0xFF, 0x43, 0xFF, 0xD0, 0xFF, 0xFC, 0x00, 0x03, 0xFF, 0xF4, 0x2F, 0xFF, 0x02, 0xFF, 0xF8, 0x00,
    0x3F, 0xFF, 0x40, 0xFF, 0xFC, 0x03, 0xFF, 0xF4, 0x00, 0x00, 0x00, 0x00, 0x00, 0x00, 0x00, 0x06,
    0xFF, 0xE4, 0x00, 0x00, 0xBF, 0xFF, 0xFC, 0x00, 0x03, 0xFA, 0xAB, 0xFC, 0x00, 0x00, 0x00, 0x03,
    0xF0, 0x00, 0x00, 0x00, 0x0B, 0xD0, 0x00, 0x00, 0x00, 0x2F, 0x00, 0x00, 0x00, 0x00, 0xFC, 0x00,
    0x00, 0x00, 0x0F, 0xD0, 0x00, 0x05, 0x5B, 0xFD, 0x00, 0x00, 0xBF, 0xFF, 0x80, 0x00, 0x03, 0xFF,
    0xFD, 0x00, 0x00, 0x00, 0x01, 0xFE, 0x00, 0x00, 0x00, 0x00, 0xFC, 0x00, 0x00, 0x00, 0x01, 0xF0,
    0x00, 0x00, 0x00, 0x0B, 0xC0, 0x00, 0x00, 0x00, 0x3F, 0x00, 0x00, 0x00, 0x03, 0xF8, 0x02, 0xE0,
    0x00, 0xBF, 0xC0, 0x0F, 0xFF, 0xFF, 0xFE, 0x00, 0x3F, 0xFF, 0xFF, 0xE0, 0x00, 0xFF, 0xFF, 0xFE,
    0x00, 0x00, 0x6F, 0xFE, 0x40, 0x00, 0x00, 0x00, 0x00, 0x00, 0x00, 0x00, 0x00, 0xA8, 0x00, 0x00,
    0x00, 0x00, 0x00, 0x2F, 0xC0, 0x00, 0x01, 0xFE, 0x00, 0x03, 0xFC, 0x00, 0x00, 0x3F, 0xE0, 0x00,
    0x3F, 0x80, 0x00, 0x0F, 0xFD, 0x00, 0x07, 0xF4, 0x00, 0x03, 0xFF, 0xC0, 0x00, 0xBF, 0x00, 0x00,
    0xBF, 0xFC, 0x00, 0x0F, 0xF0, 0x00, 0x1F, 0xFF, 0x80, 0x01, 0xFE, 0x00, 0x07, 0xFF, 0xF4, 0x00,
    0x2F, 0xD0, 0x00, 0xFF, 0xFF, 0x00, 0x03, 0xFC, 0x00, 0x3F, 0xDF, 0xE0, 0x00, 0x3F, 0xC0, 0x0B,
    0xF5, 0xFD, 0x00, 0x07, 0xF4, 0x02, 0xFD, 0x3F, 0xC0, 0x00, 0xBF, 0x00, 0x7F, 0x83, 0xFC, 0x00,
    0x0F, 0xF0, 0x0F, 0xF0, 0xBF, 0x80, 0x01, 0xFE, 0x03, 0xFC, 0x0F, 0xF4, 0x00, 0x2F, 0xD0, 0xFF,
    0x01, 0xFF, 0x00, 0x03, 0xFC, 0x2F, 0xD0, 0x2F, 0xF0, 0x00, 0x3F, 0xC7, 0xF8, 0x03, 0xFE, 0x00,
    0x07, 0xF9, 0xFE, 0x00, 0x7F, 0xD0, 0x00, 0xFF, 0xBF, 0xC0, 0x0B, 0xFC, 0x00, 0x0F, 0xFF, 0xF0,
    0x00, 0xFF, 0xC0, 0x01, 0xFF, 0xFD, 0x00, 0x1F, 0xF8, 0x00, 0x2F, 0xFF, 0x40, 0x03, 0xFF, 0x40,
    0x03, 0xFF, 0xE0, 0x00, 0x3F, 0xF0, 0x00, 0x3F, 0xFC, 0x00, 0x0B, 0xFF, 0x00, 0x00, 0x00, 0x00,
    0x00, 0xF0, 0x00, 0x0D, 0x00, 0x00, 0x00, 0x0F, 0x00, 0x03, 0xC0, 0x00, 0x00, 0x00, 0xFC, 0x01,
    0xF8, 0x00, 0x00, 0x00, 0x07, 0xFF, 0xFE, 0x00, 0x00, 0x00, 0x00, 0x2F, 0xFF, 0x80, 0x00, 0x00,
    0x00, 0x00, 0x6A, 0x40, 0x00, 0x00, 0x00, 0x00, 0x00, 0x00, 0x00, 0x00, 0x00, 0x00, 0x00, 0x00,
    0x00, 0x00, 0x00, 0x00, 0xA8, 0x00, 0x00, 0x00, 0x00, 0x00, 0x2F, 0xC0, 0x00, 0x01, 0xAA, 0x00,
    0x03, 0xFC, 0x00, 0x00, 0x3F, 0xE0, 0x00, 0x3F, 0x80, 0x00, 0x0F, 0xFD, 0x00, 0x07, 0xF4, 0x00,
    0x02, 0xFF, 0xC0, 0x00, 0xBF, 0x00, 0x00, 0xBF, 0xFC, 0x00, 0x0F, 0xF0, 0x00, 0x1F, 0xFF, 0x80,
    0x01, 0xFE, 0x00, 0x03, 0xFF, 0xF4, 0x00, 0x2F, 0xD0, 0x00, 0xFF, 0xFF, 0x00, 0x03, 0xFC, 0x00,
    0x3F, 0xDF, 0xF0, 0x00, 0x3F, 0xC0, 0x0B, 0xF5, 0xFD, 0x00, 0x07, 0xF8, 0x02, 0xFD, 0x3F, 0xC0,
    0x00, 0xBF, 0x00, 0x7F, 0x83, 0xFC, 0x00, 0x0F, 0xF0, 0x0F, 0xF0, 0xBF, 0x80, 0x01, 0xFE, 0x03,
    0xFC, 0x0F, 0xF4, 0x00, 0x2F, 0xD0, 0xFF, 0x01, 0xFF, 0x00, 0x03, 0xFC, 0x2F, 0xD0, 0x2F, 0xF0,
    0x00, 0x3F, 0xC7, 0xF8, 0x03, 0xFE, 0x00, 0x07, 0xF9, 0xFE, 0x00, 0x7F, 0xD0, 0x00, 0xFF, 0xBF,
    0xC0, 0x0B, 0xFC, 0x00, 0x0F, 0xFF, 0xF0, 0x00, 0xFF, 0xC0, 0x01, 0xFF, 0xFD, 0x00, 0x1F, 0xF8,
    0x00, 0x2F, 0xFF, 0x40, 0x03, 0xFF, 0x40, 0x03, 0xFF, 0xE0, 0x00, 0x3F, 0xF0, 0x00, 0x3F, 0xFC,
    0x00, 0x0B, 0xFF, 0x00, 0x00, 0x00, 0x00, 0x3F, 0x40, 0x0F, 0xF0, 0x00, 0x01, 0xFC, 0x00, 0xFF,
    0x40, 0x00, 0x0F, 0xE0, 0x0B, 0xF4, 0x00, 0x00, 0x3F, 0x40, 0xBF, 0x80, 0x00, 0x02, 0xFC, 0x07,
    0xF8, 0x00, 0x00, 0x0F, 0xE0, 0x7F, 0xC0, 0x00, 0x00, 0x3F, 0x43, 0xFC, 0x00, 0x00, 0x02, 0xFC,
    0x3F, 0xC0, 0x00, 0x00, 0x0F, 0xE3, 0xFD, 0x00, 0x00, 0x00, 0x7F, 0x7F, 0xD0, 0x00, 0x00, 0x02,
    0xFF, 0xFE, 0x00, 0x00, 0x00, 0x0F, 0xFF, 0xE0, 0x00, 0x00, 0x00, 0x7F, 0xFF, 0x00, 0x00, 0x00,
    0x02, 0xFF, 0xF0, 0x00, 0x00, 0x00, 0x0F, 0xFF, 0xF0, 0x00, 0x00, 0x00, 0x7F, 0xFF, 0xD0, 0x00,
    0x00, 0x02, 0xFF, 0xFF, 0xC0, 0x00, 0x00, 0x0F, 0xF3, 0xFF, 0xC0, 0x00, 0x00, 0x7F, 0x8B, 0xFF,
    0x80, 0x00, 0x03, 0xFD, 0x0F, 0xFF, 0x40, 0x00, 0x0F, 0xF0, 0x2F, 0xFF, 0x00, 0x00, 0x7F, 0x80,
    0x3F, 0xFE, 0x00, 0x03, 0xFD, 0x00, 0xBF, 0xFD, 0x00, 0x0F, 0xF0, 0x01, 0xFF, 0xFC, 0x00, 0xBF,
    0x80, 0x03, 0xFF, 0xF8, 0x00, 0x00, 0x00, 0x0F, 0xFF, 0xFF, 0xF4, 0x00, 0x00, 0x3F, 0xFF, 0xFF,
    0xC0, 0x00, 0x02, 0xFF, 0xFF, 0xFF, 0x00, 0x00, 0x0F, 0xF0, 0x02, 0xF8, 0x00, 0x00, 0x3F, 0x40,
    0x0F, 0xD0, 0x00, 0x01, 0xFC, 0x00, 0x7F, 0x00, 0x00, 0x0B, 0xF0, 0x02, 0xF8, 0x00, 0x00, 0x3F,
    0x40, 0x0F, 0xD0, 0x00, 0x01, 0xFC, 0x00, 0x7F, 0x00, 0x00, 0x0B, 0xE0, 0x02, 0xFC, 0x00, 0x00,
    0x3F, 0x40, 0x0F, 0xE0, 0x00, 0x01, 0xFC, 0x00, 0x3F, 0x40, 0x00, 0x0B, 0xE0, 0x02, 0xFC, 0x00,
    0x00, 0x3F, 0x40, 0x0F, 0xF0, 0x00, 0x01, 0xFC, 0x00, 0x3F, 0x40, 0x00, 0x0F, 0xE0, 0x01, 0xFC,
    0x00, 0x00, 0x3F, 0x40, 0x0F, 0xF0, 0x00, 0x02, 0xFC, 0x00, 0x3F, 0x80, 0x00, 0x1F, 0xE0, 0x01,
    0xFD, 0x00, 0x07, 0xFF, 0x00, 0x0B, 0xF0, 0x00, 0x2F, 0xF4, 0x00, 0x3F, 0xC0, 0x00, 0xA9, 0x00,
    0x00, 0x00, 0x00, 0x00, 0x00, 0x0B, 0xFC, 0x00, 0x00, 0x2F, 0xD0, 0x00, 0xFF, 0xC0, 0x00, 0x07,
    0xFC, 0x00, 0x1F, 0xFC, 0x00, 0x00, 0xFF, 0xC0, 0x02, 0xFB, 0xD0, 0x00, 0x3F, 0xF8, 0x00, 0x3F,
    0x7D, 0x00, 0x0B, 0xDF, 0x40, 0x03, 0xE7, 0xE0, 0x01, 0xF6, 0xF0, 0x00, 0x7D, 0x7E, 0x00, 0x3F,
    0x3F, 0x00, 0x0B, 0xC3, 0xF0, 0x0F, 0xD3, 0xE0, 0x00, 0xFC, 0x3F, 0x01, 0xF8, 0xBD, 0x00, 0x1F,
    0x83, 0xF0, 0x3F, 0x0F, 0xC0, 0x02, 0xF4, 0x3F, 0x4F, 0xD0, 0xFC, 0x00, 0x3F, 0x43, 0xF6, 0xFC,
    0x1F, 0x80, 0x03, 0xF0, 0x3F, 0xFF, 0x02, 0xF4, 0x00, 0x7F, 0x03, 0xFF, 0xE0, 0x3F, 0x00, 0x0F,
    0xE0, 0x2F, 0xFC, 0x07, 0xF0, 0x00, 0xFD, 0x02, 0xFF, 0x40, 0xBE, 0x00, 0x1F, 0xC0, 0x2F, 0xE0,
    0x0F, 0xD0, 0x02, 0xFC, 0x01, 0xA8, 0x01, 0xFC, 0x00, 0x3F, 0x80, 0x00, 0x00, 0x2F, 0xC0, 0x03,
    0xF4, 0x00, 0x00, 0x03, 0xF8, 0x00, 0xBF, 0x00, 0x00, 0x00, 0x3F, 0x40, 0x00, 0x00, 0x01, 0xA8,
    0x00, 0x00, 0x02, 0xA0, 0x00, 0x0B, 0xF0, 0x00, 0x00, 0x2F, 0xC0, 0x00, 0x3F, 0x80, 0x00, 0x00,
    0xFE, 0x00, 0x01, 0xFD, 0x00, 0x00, 0x07, 0xF4, 0x00, 0x0B, 0xF0, 0x00, 0x00, 0x2F, 0xC0, 0x00,
    0x3F, 0xC0, 0x00, 0x00, 0xFF, 0x00, 0x00, 0xFE, 0x00, 0x00, 0x03, 0xF8, 0x00, 0x07, 0xF4, 0x00,
    0x00, 0x1F, 0xD0, 0x00, 0x3F, 0xC0, 0x00, 0x00, 0xFF, 0x00, 0x00, 0xFF, 0x00, 0x00, 0x03, 0xFC,
    0x00, 0x07, 0xF8, 0x00, 0x00, 0x1F, 0xF0, 0x00, 0x2F, 0xD0, 0x00, 0x00, 0xBF, 0x80, 0x00, 0xFF,
    0x00, 0x00, 0x03, 0xFD, 0x00, 0x07, 0xFE, 0x55, 0x55, 0x6F, 0xF0, 0x00, 0x2F, 0xFF, 0xFF, 0xFF,
    0xFF, 0xC0, 0x00, 0xFF, 0xFF, 0xFF, 0xFF, 0xFE, 0x00, 0x03, 0xFF, 0xFF, 0xFF, 0xFF, 0xF4, 0x00,
    0x1F, 0xFF, 0xFF, 0xFF, 0xFF, 0xC0, 0x00, 0xFF, 0xFF, 0xFF, 0xFF, 0xFF, 0x00, 0x03, 0xFE, 0x00,
    0x00, 0x0F, 0xF8, 0x00, 0x1F, 0xF4, 0x00, 0x00, 0x7F, 0xD0, 0x00, 0xBF, 0xC0, 0x00, 0x02, 0xFF,
    0x40, 0x03, 0xFF, 0x00, 0x00, 0x0F, 0xFC, 0x00, 0x0F, 0xF8, 0x00, 0x00, 0x7F, 0xF0, 0x00, 0xBF,
    0xD0, 0x00, 0x02, 0xFF, 0x80, 0x00, 0x00, 0x00, 0x00, 0x6F, 0xFF, 0x80, 0x00, 0x00, 0x00, 0x0B,
    0xFF, 0xFF, 0xF8, 0x00, 0x00, 0x00, 0x7F, 0xFF, 0xBF, 0xFF, 0x00, 0x00, 0x01, 0xFF, 0xD0, 0x02,
    0xFF, 0x80, 0x00, 0x07, 0xFE, 0x00, 0x00, 0xBF, 0xC0, 0x00, 0x0F, 0xF4, 0x00, 0x00, 0x3F, 0xD0,
    0x00, 0x3F, 0xE0, 0x00, 0x00, 0x2F, 0xE0, 0x00, 0x7F, 0x80, 0x00, 0x00, 0x1F, 0xE0, 0x00, 0xFF,
    0x00, 0x00, 0x00, 0x0F, 0xE0, 0x01, 0xFD, 0x00, 0x00, 0x00, 0x0F, 0xD0, 0x03, 0xFC, 0x00, 0x00,
    0x00, 0x0F, 0xD0, 0x03, 0xF4, 0x00, 0x00, 0x00, 0x1F, 0xC0, 0x07, 0xF0, 0x00, 0x00, 0x00, 0x2F,
    0xC0, 0x0B, 0xF0, 0x00, 0x00, 0x00, 0x3F, 0x40, 0x0F, 0xE0, 0x00, 0x00, 0x00, 0x7F, 0x00, 0x0F,
    0xE0, 0x00, 0x00, 0x00, 0xFF, 0x00, 0x0F, 0xF0, 0x00, 0x00, 0x03, 0xFD, 0x00, 0x0F, 0xF8, 0x00,
    0x00, 0x1F, 0xFC, 0x00, 0x0F, 0xFF, 0x50, 0x16, 0xFF, 0xF4, 0x00, 0x0F, 0xFF, 0xFF, 0xFF, 0xFF,
    0xF0, 0x00, 0x0B, 0xFF, 0xFF, 0xFF, 0xFF, 0xC0, 0x00, 0x03, 0xFF, 0xFF, 0xFF, 0xFF, 0x40, 0x00,
    0x02, 0xFF, 0xFF, 0xFF, 0xFC, 0x00, 0x00, 0x00, 0x7F, 0xFF, 0xFF, 0xE0, 0x00, 0x00, 0x00, 0x06,
    0xFF, 0xF9, 0x00, 0x00, 0x00, 0x00, 0x00, 0x00, 0x00, 0x00, 0x00, 0x00, 0x00, 0x00, 0x00, 0x00,
    0x00, 0x00, 0x03, 0xFF, 0xFF, 0xFF, 0xE0, 0x01, 0xFF, 0xFF, 0xFF, 0xF4, 0x00, 0xBE, 0x55, 0x55,
    0xFC, 0x00, 0x3F, 0x00, 0x00, 0x3F, 0x00, 0x0F, 0xC0, 0x00, 0x0F, 0x80, 0x07, 0xE0, 0x00, 0x0B,
    0xD0, 0x02, 0xF4, 0x00, 0x03, 0xF0, 0x00, 0xFC, 0x00, 0x00, 0xFC, 0x00, 0x3F, 0x00, 0x00, 0x7E,
    0x00, 0x2F, 0x80, 0x00, 0x2F, 0x40, 0x0F, 0xD0, 0x00, 0x0F, 0xC0, 0x03, 0xF0, 0x00, 0x07, 0xF0,
    0x01, 0xFC, 0x00, 0x02, 0xF8, 0x00, 0xBE, 0x00, 0x00, 0xFD, 0x00, 0x3F, 0x40, 0x00, 0x3F, 0x00,
    0x0F, 0xC0, 0x00, 0x1F, 0xC0, 0x07, 0xF0, 0x00, 0x0B, 0xE0, 0x02, 0xF8, 0x00, 0x03, 0xF4, 0x00,
    0xFD, 0x00, 0x01, 0xFC, 0x00, 0x7F, 0x00, 0x00, 0xBF, 0x00, 0x2F, 0xC0, 0x00, 0x3F, 0x80, 0x00,
    0x00, 0x00, 0xFF, 0xFF, 0xE4, 0x00, 0x00, 0x03, 0xFF, 0xFF, 0xFC, 0x00, 0x00, 0x1F, 0xEA, 0xFF,
    0xFC, 0x00, 0x00, 0xFD, 0x00, 0x07, 0xF4, 0x00, 0x03, 0xF0, 0x00, 0x0B, 0xE0, 0x00, 0x1F, 0xC0,
    0x00, 0x1F, 0x80, 0x00, 0xFE, 0x00, 0x00, 0xBE, 0x00, 0x03, 0xF4, 0x00, 0x03, 0xF0, 0x00, 0x1F,
    0xC0, 0x00, 0x3F, 0xC0, 0x00, 0xBF, 0x00, 0x1B, 0xFD, 0x00, 0x03, 0xFF, 0xFF, 0xFF, 0xE0, 0x00,
    0x1F, 0xFF, 0xFF, 0xFE, 0x00, 0x00, 0xBF, 0xFF, 0xFF, 0x80, 0x00, 0x03, 0xFF, 0xAA, 0x40, 0x00,
    0x00, 0x1F, 0xE0, 0x00, 0x00, 0x00, 0x00, 0xBF, 0x40, 0x00, 0x00, 0x00, 0x03, 0xFD, 0x00, 0x00,
    0x00, 0x00, 0x1F, 0xF0, 0x00, 0x00, 0x00, 0x00, 0xBF, 0xC0, 0x00, 0x00, 0x00, 0x03, 0xFE, 0x00,
    0x00, 0x00, 0x00, 0x0F, 0xF4, 0x00, 0x00, 0x00, 0x00, 0xBF, 0xC0, 0x00, 0x00, 0x00, 0x03, 0xFF,
    0x00, 0x00, 0x00, 0x00, 0x0F, 0xFC, 0x00, 0x00, 0x00, 0x00, 0xBF, 0xE0, 0x00, 0x00, 0x00, 0x00,
    0x00, 0x00, 0x00, 0x00, 0x00, 0x00, 0x00, 0x00, 0x00, 0x00, 0x1B, 0xFF, 0x90, 0x00, 0x00, 0x01,
    0xFF, 0xFF, 0xF8, 0x00, 0x00, 0x07, 0xFF, 0xFF, 0xFC, 0x00, 0x00, 0x0B, 0xFF, 0x95, 0x5A, 0x00,
    0x00, 0x0F, 0xFE, 0x00, 0x00, 0x00, 0x00, 0x0F, 0xFC, 0x00, 0x00, 0x00, 0x00, 0x0F, 0xFC, 0x00,
    0x00, 0x00, 0x00, 0x0B, 0xF8, 0x00, 0x00, 0x00, 0x00, 0x07, 0xFC, 0x00, 0x00, 0x00, 0x00, 0x03,
    0xFC, 0x00, 0x00, 0x00, 0x00, 0x01, 0xFE, 0x00, 0x00, 0x00, 0x00, 0x00, 0xFF, 0x00, 0x00, 0x00,
    0x00, 0x00, 0x7F, 0x80, 0x00, 0x00, 0x00, 0x00, 0x2F, 0xD0, 0x00, 0x00, 0x00, 0x00, 0x0F, 0xF4,
    0x00, 0x00, 0x00, 0x00, 0x03, 0xFE, 0x00, 0x00, 0x00, 0x00, 0x01, 0xFF, 0xC0, 0x00, 0x00, 0x00,
    0x00, 0x7F, 0xFC, 0x00, 0x00, 0x10, 0x00, 0x1F, 0xFF, 0xF9, 0x56, 0xFC, 0x00, 0x07, 0xFF, 0xFF,
    0xFF, 0xFE, 0x00, 0x00, 0xFF, 0xFF, 0xFF, 0xFF, 0x40, 0x00, 0x2F, 0xFF, 0xFF, 0xFF, 0xC0, 0x00,
    0x03, 0xFF, 0xFF, 0xFF, 0xF0, 0x00, 0x00, 0x7F, 0xFF, 0xFF, 0xF8, 0x00, 0x00, 0x02, 0xFF, 0xFF,
    0xE8, 0x00, 0x00, 0x00, 0x00, 0x00, 0x00, 0x00, 0x00, 0x0F, 0xFF, 0xFF, 0xFF, 0xFF, 0xF0, 0x7F,
    0xFF, 0xFF, 0xFF, 0xFF, 0xC2, 0xFF, 0xFF, 0xFF, 0xFF, 0xFE, 0x0A, 0x95, 0x0B, 0xF0, 0x01, 0x50,
    0x00, 0x00, 0x3F, 0x80, 0x00, 0x00, 0x00, 0x00, 0xFD, 0x00, 0x00, 0x00, 0x00, 0x07, 0xF0, 0x00,
    0x00, 0x00, 0x00, 0x2F, 0xC0, 0x00, 0x00, 0x00, 0x00, 0xFE, 0x00, 0x00, 0x00, 0x00, 0x07, 0xF4,
    0x00, 0x00, 0x00, 0x00, 0x2F, 0xC0, 0x00, 0x00, 0x00, 0x00, 0xFF, 0x00, 0x00, 0x00, 0x00, 0x07,
    0xF8, 0x00, 0x00, 0x00, 0x00, 0x2F, 0xD0, 0x00, 0x00, 0x00, 0x00, 0xFF, 0x00, 0x00, 0x00, 0x00,
    0x03, 0xFC, 0x00, 0x00, 0x00, 0x00, 0x1F, 0xE0, 0x00, 0x00, 0x00, 0x00, 0xFF, 0x80, 0x00, 0x00,
    0x00, 0x03, 0xFD, 0x00, 0x00, 0x00, 0x00, 0x1F, 0xF0, 0x00, 0x00, 0x00, 0x00, 0xBF, 0xC0, 0x00,
    0x00, 0x00, 0x03, 0xFE, 0x00, 0x00, 0x00, 0x00, 0x1F, 0xF4, 0x00, 0x00, 0x00, 0x00, 0xBF, 0xC0,
    0x00, 0x00, 0x00, 0x03, 0xFF, 0x00, 0x00, 0x00, 0x00, 0x00, 0x0F, 0x80, 0x00, 0x0B, 0xC0, 0x00,
    0xFC, 0x00, 0x00, 0xF8, 0x00, 0x0B, 0xD0, 0x00, 0x2F, 0x00, 0x00, 0x7E, 0x00, 0x07, 0xE0, 0x00,
    0x03, 0xF0, 0x00, 0xFC, 0x00, 0x00, 0x3F, 0x40, 0x1F, 0x80, 0x00, 0x02, 0xF8, 0x03, 0xF0, 0x00,
    0x00, 0x1F, 0xC0, 0xBE, 0x00, 0x00, 0x00, 0xFD, 0x0F, 0xC0, 0x00, 0x00, 0x0F, 0xE3, 0xF8, 0x00,
    0x00, 0x00, 0xBF, 0x7F, 0x00, 0x00, 0x00, 0x07, 0xFF, 0xE0, 0x00, 0x00, 0x00, 0x3F, 0xFC, 0x00,
    0x00, 0x00, 0x03, 0xFF, 0x80, 0x00, 0x00, 0x00, 0x3F, 0xF0, 0x00, 0x00, 0x00, 0x02, 0xFE, 0x00,
    0x00, 0x00, 0x00, 0x3F, 0xC0, 0x00, 0x00, 0x00, 0x0B, 0xF8, 0x00, 0x00, 0x00, 0x02, 0xFF, 0x00,
    0x00, 0x00, 0x01, 0xFF, 0xD0, 0x00, 0x00, 0x2B, 0xFF, 0xF8, 0x00, 0x00, 0x03, 0xFF, 0xFD, 0x00,
    0x00, 0x00, 0x3F, 0xFE, 0x00, 0x00, 0x00, 0x07, 0xF9, 0x00, 0x00, 0x00, 0x00, 0x00, 0x00, 0x00,
    0x00, 0x00, 0x00, 0x00, 0x06, 0xFF, 0xFF, 0xFE, 0x00, 0x00, 0xBF, 0xEB, 0xFA, 0xAF, 0xD0, 0x02,
    0xF8, 0x03, 0xF0, 0x02, 0xF0, 0x0B, 0xC0, 0x07, 0xF0, 0x00, 0xF0, 0x0F, 0x00, 0x0B, 0xE0, 0x00,
    0xF4, 0x1E, 0x00, 0x0F, 0xD0, 0x01, 0xF0, 0x2D, 0x00, 0x1F, 0xC0, 0x03, 0xF0, 0x3E, 0x00, 0x2F,
    0xC0, 0x0B, 0xE0, 0x3F, 0x80, 0x3F, 0x80, 0x7F, 0xC0, 0x2F, 0xFF, 0xFF, 0xFF, 0xFF, 0x80, 0x1F,
    0xFF, 0xFF, 0xFF, 0xFE, 0x00, 0x07, 0xFF, 0xFF, 0xFF, 0xF4, 0x00, 0x00, 0x6B, 0xFF, 0xFA, 0x40,
    0x00, 0x00, 0x00, 0xFD, 0x00, 0x00, 0x00, 0x00, 0x02, 0xFC, 0x00, 0x00, 0x00, 0x00, 0x03, 0xFC,
    0x00, 0x00, 0x00, 0x00, 0x03, 0xF8, 0x00, 0x00, 0x00, 0x00, 0x07, 0xF4, 0x00, 0x00, 0x00, 0x00,
    0x0B, 0xF0, 0x00, 0x00, 0x00, 0x00, 0x0F, 0xF0, 0x00, 0x00, 0x00, 0x00, 0x1F, 0xE0, 0x00, 0x00,
    0x00, 0x00, 0x00, 0xBD, 0x00, 0x00, 0x00, 0x7E, 0x00, 0x00, 0x1F, 0xC0, 0x00, 0x00, 0x7F, 0x00,
    0x00, 0x03, 0xF4, 0x00, 0x00, 0x7F, 0x00, 0x00, 0x00, 0xBF, 0x00, 0x00, 0x7F, 0x40, 0x00, 0x00,
    0x1F, 0xD0, 0x00, 0x7F, 0x40, 0x00, 0x00, 0x03, 0xF8, 0x00, 0x7F, 0x40, 0x00, 0x00, 0x00, 0xBF,
    0x00, 0x7F, 0x80, 0x00, 0x00, 0x00, 0x1F, 0xE0, 0x7F, 0x80, 0x00, 0x00, 0x00, 0x03, 0xFC, 0x7F,
    0x80, 0x00, 0x00, 0x00, 0x00, 0xBF, 0xBF, 0xC0, 0x00, 0x00, 0x00, 0x00, 0x1F, 0xFF, 0xC0, 0x00,
    0x00, 0x00, 0x00, 0x03, 0xFF, 0xC0, 0x00, 0x00, 0x00, 0x00, 0x00, 0xBF, 0xC0, 0x00, 0x00, 0x00,
    0x00, 0x00, 0x7F, 0xF4, 0x00, 0x00, 0x00, 0x00, 0x00, 0x7F, 0xFE, 0x00, 0x00, 0x00, 0x00, 0x00,
    0x7F, 0xFF, 0xC0, 0x00, 0x00, 0x00, 0x00, 0x7F, 0xEF, 0xF8, 0x00, 0x00, 0x00, 0x00, 0x7F, 0xE3,
    0xFF, 0x00, 0x00, 0x00, 0x00, 0x7F, 0xE0, 0x7F, 0xD0, 0x00, 0x00, 0x00, 0x7F, 0xF0, 0x0F, 0xFC,
    0x00, 0x00, 0x00, 0x7F, 0xF0, 0x03, 0xFF, 0x40, 0x00, 0x00, 0x3F, 0xF0, 0x00, 0x7F, 0xF0, 0x00,
    0x00, 0x3F, 0xF0, 0x00, 0x0F, 0xFC, 0x00, 0x00, 0x3F, 0xF4, 0x00, 0x02, 0xFF, 0x80, 0x00, 0x3F,
    0xF4, 0x00, 0x00, 0x7F, 0xF0, 0x00, 0x00, 0x00, 0x00, 0x00, 0x00, 0x04, 0x00, 0x0F, 0x80, 0x00,
    0x2E, 0x00, 0x0F, 0x40, 0x00, 0x3D, 0x00, 0x1F, 0x00, 0x00, 0x3C, 0x00, 0x2F, 0x00, 0x00, 0xBC,
    0x00, 0x3E, 0x00, 0x00, 0xF8, 0x00, 0x7D, 0x00, 0x00, 0xF4, 0x00, 0xBC, 0x00, 0x01, 0xF0, 0x00,
    0xFC, 0x00, 0x03, 0xF0, 0x00, 0xF8, 0x00, 0x03, 0xE0, 0x01, 0xF4, 0x00, 0x07, 0xD0, 0x02, 0xF0,
    0x00, 0x0B, 0xC0, 0x03, 0xF0, 0x00, 0x0F, 0xC0, 0x07, 0xE0, 0x00, 0x1F, 0x80, 0x0B, 0xD0, 0x00,
    0x2F, 0x40, 0x0F, 0xC0, 0x00, 0x3F, 0x00, 0x0F, 0xC0, 0x00, 0x3F, 0x00, 0x1F, 0x80, 0x00, 0x7E,
    0x00, 0x2F, 0x80, 0x55, 0xFE, 0x40, 0x3F, 0xFF, 0xFF, 0xFF, 0xC0, 0x3F, 0xFF, 0xFF, 0xFF, 0xC0,
    0xBF, 0xFF, 0xFF, 0xFF, 0x40, 0x00, 0x00, 0x00, 0x3F, 0x00, 0x00, 0x00, 0x00, 0x7E, 0x00, 0x00,
    0x00, 0x00, 0xFC, 0x00, 0x00, 0x00, 0x01, 0xF8, 0x00, 0x00, 0x00, 0x00, 0x00, 0x00, 0x00, 0x00,
    0x00, 0x00, 0x00, 0x3D, 0x00, 0x00, 0xBC, 0x07, 0xC0, 0x00, 0x0F, 0x80, 0xBC, 0x00, 0x00, 0xF4,
    0x0F, 0x80, 0x00, 0x1F, 0x00, 0xF4, 0x00, 0x03, 0xF0, 0x1F, 0x00, 0x00, 0x3F, 0x02, 0xF0, 0x00,
    0x07, 0xE0, 0x3E, 0x00, 0x00, 0xFD, 0x07, 0xD0, 0x00, 0x1F, 0xC0, 0x7C, 0x00, 0x03, 0xFC, 0x07,
    0xD0, 0x00, 0xFF, 0x80, 0xBF, 0x00, 0xBF, 0xF4, 0x07, 0xFF, 0xFF, 0xFF, 0x00, 0x3F, 0xFF, 0xFB,
    0xF0, 0x00, 0xFF, 0xFC, 0xBE, 0x00, 0x00, 0x54, 0x0F, 0xD0, 0x00, 0x00, 0x01, 0xFC, 0x00, 0x00,
    0x00, 0x2F, 0xC0, 0x00, 0x00, 0x03, 0xF8, 0x00, 0x00, 0x00, 0x3F, 0x40, 0x00, 0x00, 0x07, 0xF0,
    0x00, 0x00, 0x00, 0x00, 0x00, 0x00, 0x00, 0x00, 0x03, 0xF0, 0x01, 0x50, 0x03, 0xE0, 0x01, 0xFC,
    0x00, 0xFC, 0x01, 0xF4, 0x00, 0xBE, 0x00, 0x7F, 0x00, 0xBC, 0x00, 0x3F, 0x00, 0x2F, 0x40, 0x3F,
    0x00, 0x0F, 0xC0, 0x0F, 0xC0, 0x0F, 0x80, 0x07, 0xE0, 0x03, 0xF0, 0x07, 0xD0, 0x02, 0xF4, 0x00,
    0xF8, 0x02, 0xF0, 0x00, 0xFC, 0x00, 0x7D, 0x00, 0xFC, 0x00, 0x7F, 0x00, 0x2F, 0x00, 0x3E, 0x00,
    0x2F, 0x80, 0x0F, 0xC0, 0x1F, 0x40, 0x0F, 0xC0, 0x03, 0xE0, 0x0B, 0xC0, 0x03, 0xF0, 0x01, 0xF0,
    0x03, 0xF0, 0x01, 0xF8, 0x00, 0xBC, 0x00, 0xF8, 0x00, 0xBD, 0x00, 0x3E, 0x00, 0x3D, 0x00, 0x3F,
    0x00, 0x0F, 0x40, 0x1F, 0x00, 0x0F, 0xC0, 0x07, 0xC0, 0x0B, 0x80, 0x07, 0xE0, 0x02, 0xF0, 0x03,
    0xD0, 0x02, 0xF4, 0x00, 0xF8, 0x01, 0xF0, 0x00, 0xFF, 0xFF, 0xFF, 0xFF, 0xFC, 0x00, 0x3F, 0xFF,
    0xFF, 0xFF, 0xFE, 0x00, 0x1F, 0xFF, 0xFF, 0xFF, 0xFF, 0x40, 0x00, 0x00, 0x00, 0x00, 0x00, 0x00,
    0x00, 0x00, 0x03, 0xF0, 0x01, 0x50, 0x03, 0xE0, 0x01, 0xFC, 0x00, 0xFC, 0x01, 0xF4, 0x00, 0xBD,
    0x00, 0x7F, 0x00, 0xBC, 0x00, 0x3F, 0x00, 0x2F, 0x40, 0x3F, 0x00, 0x0F, 0xC0, 0x0F, 0xC0, 0x0F,
    0x80, 0x07, 0xE0, 0x03, 0xF0, 0x07, 0xD0, 0x02, 0xF4, 0x00, 0xF8, 0x02, 0xF0, 0x00, 0xFC, 0x00,
    0x7D, 0x00, 0xFC, 0x00, 0x7E, 0x00, 0x2F, 0x00, 0x3E, 0x00, 0x2F, 0x40, 0x0F, 0xC0, 0x1F, 0x40,
    0x0F, 0xC0, 0x03, 0xE0, 0x0B, 0xC0, 0x03, 0xE0, 0x01, 0xF4, 0x03, 0xF0, 0x01, 0xF4, 0x00, 0xBC,
    0x00, 0xF8, 0x00, 0xBC, 0x00, 0x3E, 0x00, 0x7D, 0x00, 0x3F, 0x00, 0x0F, 0x40, 0x2F, 0x00, 0x0F,
    0x80, 0x07, 0xC0, 0x0F, 0x80, 0x07, 0xC0, 0x02, 0xF0, 0x03, 0xD0, 0x02, 0xFA, 0xA9, 0xFE, 0xAA,
    0xF9, 0x00, 0xFF, 0xFF, 0xFF, 0xFF, 0xFF, 0xE0, 0x3F, 0xFF, 0xFF, 0xFF, 0xFF, 0xF0, 0x1F, 0xFF,
    0xFF, 0xFF, 0xFF, 0xF8, 0x00, 0x00, 0x00, 0x00, 0x00, 0xBD, 0x00, 0x00, 0x00, 0x00, 0x00, 0x3F,
    0x00, 0x00, 0x00, 0x00, 0x00, 0x3F, 0x40, 0x00, 0x00, 0x00, 0x00, 0x1F, 0xC0, 0x00, 0x00, 0x00,
    0x00, 0x05, 0x40, 0x00, 0x2F, 0xFF, 0xC0, 0x00, 0x0F, 0xFF, 0xF0, 0x00, 0x03, 0xFF, 0xFC, 0x00,
    0x00, 0x00, 0x3E, 0x00, 0x00, 0x00, 0x0F, 0x40, 0x00, 0x00, 0x07, 0xC0, 0x00, 0x00, 0x02, 0xF0,
    0x00, 0x00, 0x00, 0xF8, 0x00, 0x00, 0x00, 0x3D, 0x00, 0x00, 0x00, 0x2F, 0xFF, 0xE4, 0x00, 0x0F,
    0xFF, 0xFF, 0xC0, 0x03, 0xE0, 0x01, 0xFC, 0x01, 0xF4, 0x00, 0x0F, 0x00, 0xBC, 0x00, 0x03, 0xD0,
    0x3F, 0x00, 0x00, 0xF4, 0x0F, 0x80, 0x00, 0x7C, 0x0B, 0xD0, 0x00, 0x7F, 0x03, 0xF0, 0x00, 0xBF,
    0x40, 0xFF, 0xFF, 0xFF, 0xC0, 0x7F, 0xFF, 0xFF, 0xC0, 0x2F, 0xFF, 0xFF, 0xC0, 0x0F, 0xFF, 0xFE,
    0x40, 0x00, 0x00, 0x00, 0x00, 0x00, 0x00, 0x00, 0x00, 0x00, 0x00, 0x00, 0x04, 0x00, 0x00, 0x00,
    0x00, 0x00, 0x00, 0x02, 0xFE, 0x00, 0x07, 0xC0, 0x00, 0x00, 0x00, 0x3F, 0xC0, 0x00, 0xBC, 0x00,
    0x00, 0x00, 0x03, 0xFC, 0x00, 0x0F, 0x80, 0x00, 0x00, 0x00, 0x7F, 0x80, 0x00, 0xF4, 0x00, 0x00,
    0x00, 0x0B, 0xF4, 0x00, 0x1F, 0x00, 0x00, 0x00, 0x00, 0xFF, 0x00, 0x02, 0xF0, 0x00, 0x00, 0x00,
    0x0F, 0xE0, 0x00, 0x3E, 0x00, 0x00, 0x00, 0x01, 0xFD, 0x00, 0x07, 0xD0, 0x00, 0x00, 0x00, 0x2F,
    0xC0, 0x00, 0xBF, 0xFF, 0x90, 0x00, 0x03, 0xFC, 0x00, 0x0F, 0xFF, 0xFF, 0xC0, 0x00, 0x7F, 0x40,
    0x00, 0xF8, 0x00, 0x7F, 0x00, 0x0B, 0xF0, 0x00, 0x1F, 0x40, 0x00, 0xF0, 0x00, 0xFF, 0x00, 0x02,
    0xF0, 0x00, 0x0F, 0x40, 0x0F, 0xF0, 0x00, 0x3F, 0x00, 0x00, 0xF4, 0x02, 0xFE, 0x00, 0x07, 0xE0,
    0x00, 0x1F, 0x00, 0x3F, 0xD0, 0x00, 0xBD, 0x00, 0x07, 0xF0, 0x07, 0xFC, 0x00, 0x0F, 0xC0, 0x02,
    0xFD, 0x00, 0xBF, 0xC0, 0x00, 0xFF, 0xFF, 0xFF, 0xC0, 0x0F, 0xF8, 0x00, 0x1F, 0xFF, 0xFF, 0xF0,
    0x01, 0xFF, 0x40, 0x02, 0xFF, 0xFF, 0xFC, 0x00, 0x3F, 0xF0, 0x00, 0x3F, 0xFF, 0xF9, 0x00, 0x03,
    0xFF, 0x00, 0x00, 0x00, 0x00, 0x00, 0x00, 0x00, 0x00, 0x00, 0x00, 0x00, 0x00, 0x00, 0x00, 0x01,
    0xF0, 0x00, 0x00, 0x00, 0xBC, 0x00, 0x00, 0x00, 0x3E, 0x00, 0x00, 0x00, 0x0F, 0x40, 0x00, 0x00,
    0x07, 0xC0, 0x00, 0x00, 0x02, 0xF0, 0x00, 0x00, 0x00, 0xF8, 0x00, 0x00, 0x00, 0x7D, 0x00, 0x00,
    0x00, 0x2F, 0xFF, 0xE4, 0x00, 0x0F, 0xFF, 0xFF, 0xC0, 0x03, 0xE0, 0x01, 0xFC, 0x01, 0xF4, 0x00,
    0x0F, 0x00, 0xBC, 0x00, 0x03, 0xD0, 0x3F, 0x00, 0x00, 0xF4, 0x1F, 0x80, 0x00, 0x7C, 0x0B, 0xD0,
    0x00, 0x7F, 0x03, 0xF0, 0x00, 0xBF, 0x40, 0xFF, 0xFF, 0xFF, 0xC0, 0x7F, 0xFF, 0xFF, 0xC0, 0x2F,
    0xFF, 0xFF, 0xC0, 0x0F, 0xFF, 0xFE, 0x40, 0x00, 0x00, 0x00, 0x00, 0x00, 0x00, 0x00, 0x00, 0x00,
    0x00, 0x00, 0x00, 0x00, 0x02, 0xBF, 0xE0, 0x00, 0x00, 0x00, 0x6F, 0xFF, 0xFE, 0x00, 0x00, 0x02,
    0xFD, 0x01, 0xFF, 0x80, 0x00, 0x0B, 0xD0, 0x00, 0x2F, 0xC0, 0x00, 0x2F, 0x40, 0x00, 0x0F, 0xE0,
    0x00, 0x7D, 0x00, 0x00, 0x0B, 0xF0, 0x00, 0x94, 0x00, 0x00, 0x07, 0xF0, 0x00, 0x00, 0x00, 0x00,
    0x03, 0xF0, 0x00, 0x00, 0x00, 0x00, 0x03, 0xF0, 0x00, 0x00, 0x3F, 0xFF, 0xFF, 0xF0, 0x00, 0x00,
    0x7F, 0xFF, 0xFF, 0xE0, 0x00, 0x00, 0xBF, 0xFF, 0xFF, 0xD0, 0x00, 0x00, 0x00, 0x00, 0x0F, 0xC0,
    0x00, 0x00, 0x00, 0x00, 0x2F, 0x80, 0x00, 0x00, 0x00, 0x00, 0x7F, 0x40, 0x2A, 0xE0, 0x00, 0x02,
    0xFF, 0x00, 0x3F, 0xFF, 0xA6, 0xBF, 0xFD, 0x00, 0x3F, 0xFF, 0xFF, 0xFF, 0xFC, 0x00, 0x3F, 0xFF,
    0xFF, 0xFF, 0xF0, 0x00, 0x2F, 0xFF, 0xFF, 0xFF, 0xC0, 0x00, 0x0F, 0xFF, 0xFF, 0xFE, 0x00, 0x00,
    0x01, 0xBF, 0xFF, 0x90, 0x00, 0x00, 0x00, 0x00, 0x00, 0x00, 0x00, 0x00, 0x00, 0x00, 0x00, 0x00,
    0x00, 0x00, 0x00, 0x00, 0x0F, 0xD0, 0x00, 0x6F, 0xF9, 0x00, 0x00, 0x0F, 0xC0, 0x07, 0xFF, 0xFF,
    0x80, 0x00, 0x1F, 0x80, 0x2F, 0xE0, 0x1F, 0xD0, 0x00, 0x2F, 0x40, 0x7F, 0x00, 0x03, 0xF0, 0x00,
    0x3F, 0x01, 0xFC, 0x00, 0x02, 0xF0, 0x00, 0x3F, 0x03, 0xF0, 0x00, 0x01, 0xF0, 0x00, 0x7E, 0x07,
    0xD0, 0x00, 0x01, 0xF0, 0x00, 0xFD, 0x0F, 0xC0, 0x00, 0x02, 0xF0, 0x00, 0xFC, 0x1F, 0x40, 0x00,
    0x02, 0xF0, 0x01, 0xF8, 0x3F, 0x00, 0x00, 0x03, 0xE0, 0x02, 0xF8, 0x7E, 0x00, 0x00, 0x07, 0xE0,
    0x03, 0xFF, 0xFD, 0x00, 0x00, 0x0B, 0xC0, 0x03, 0xFF, 0xFD, 0x00, 0x00, 0x0F, 0xC0, 0x07, 0xE0,
    0xFD, 0x00, 0x00, 0x3F, 0x80, 0x0B, 0xC0, 0xFE, 0x00, 0x00, 0xBF, 0x00, 0x0F, 0xC0, 0xFF, 0x40,
    0x02, 0xFE, 0x00, 0x0F, 0x80, 0xFF, 0xE5, 0xAF, 0xFC, 0x00, 0x1F, 0x00, 0xFF, 0xFF, 0xFF, 0xF4,
    0x00, 0x2F, 0x00, 0x7F, 0xFF, 0xFF, 0xD0, 0x00, 0x3E, 0x00, 0x1F, 0xFF, 0xFF, 0x00, 0x00, 0x3D,
    0x00, 0x02, 0xFF, 0xE4, 0x00, 0x00, 0x00, 0x00, 0x00, 0x00, 0x00, 0x00, 0x00, 0x00, 0x00, 0x00,
    0x06, 0xAA, 0xA4, 0x00, 0x00, 0x07, 0xFF, 0xFF, 0xD0, 0x00, 0x00, 0xFF, 0xFF, 0xFF, 0x00, 0x00,
    0x0F, 0xE0, 0x00, 0x7C, 0x00, 0x00, 0xBD, 0x00, 0x02, 0xE0, 0x00, 0x03, 0xE0, 0x00, 0x0F, 0x40,
    0x00, 0x2F, 0x40, 0x00, 0x7D, 0x00, 0x00, 0xFD, 0x00, 0x02, 0xF0, 0x00, 0x03, 0xFC, 0x00, 0x0F,
    0xC0, 0x00, 0x0F, 0xFD, 0x00, 0x3E, 0x00, 0x00, 0x3F, 0xFF, 0xFF, 0xF4, 0x00, 0x00, 0x3F, 0xFF,
    0xFF, 0xD0, 0x00, 0x00, 0x7F, 0xFF, 0xFF, 0x00, 0x00, 0x0B, 0xFF, 0xFF, 0xFC, 0x00, 0x00, 0xBF,
    0x95, 0xBF, 0xE0, 0x00, 0x0B, 0xF0, 0x00, 0xBF, 0x40, 0x00, 0x7F, 0x00, 0x03, 0xFD, 0x00, 0x03,
    0xFC, 0x00, 0x1F, 0xF0, 0x00, 0x1F, 0xE0, 0x00, 0xBF, 0xC0, 0x00, 0xFF, 0x40, 0x03, 0xFE, 0x00,
    0x07, 0xFC, 0x00, 0x0F, 0xF4, 0x00, 0x3F, 0xF0, 0x00, 0x7F, 0xD0, 0x01, 0xFF, 0xC0, 0x03, 0xFF,
    0x00, 0x0F, 0xFE, 0x00, 0x0F, 0xFC, 0x00, 0x7F, 0xF4, 0x00, 0x7F, 0xE0, 0x00, 0x00, 0x00, 0x00,
    0x00, 0x00, 0x00, 0x02, 0xFE, 0x00, 0x00, 0x02, 0xFF, 0xFD, 0xF0, 0x00, 0xFF, 0xFF, 0xFE, 0x00,
    0x3F, 0xD0, 0x2F, 0xE0, 0x07, 0xF0, 0x00, 0xFD, 0x00, 0xF8, 0x00, 0x0F, 0xC0, 0x2F, 0x00, 0x00,
    0xFC, 0x03, 0xD0, 0x00, 0x0F, 0xC0, 0x7C, 0x00, 0x01, 0xF8, 0x0F, 0x80, 0x00, 0x3F, 0x80, 0xF4,
    0x00, 0x0B, 0xF4, 0x0F, 0x80, 0x03, 0xFF, 0x00, 0xFF, 0x5A, 0xFF, 0xF0, 0x0F, 0xFF, 0xFF, 0xFF,
    0x00, 0xBF, 0xFF, 0xFF, 0xE0, 0x03, 0xFF, 0xFE, 0x7E, 0x00, 0x0B, 0xFE, 0x47, 0xD0, 0x00, 0x00,
    0x00, 0x00, 0x00, 0x00, 0x00, 0x01, 0xAA, 0xB8, 0x00, 0x00, 0x7F, 0xFF, 0xF0, 0x00, 0x03, 0xFF,
    0xFF, 0xD0, 0x00, 0x0F, 0xF4, 0x00, 0x00, 0x00, 0x3F, 0x40, 0x00, 0x00, 0x00, 0xBD, 0x00, 0x00,
    0x00, 0x01, 0xF8, 0x00, 0x00, 0x00, 0x03, 0xF0, 0x6A, 0x90, 0x00, 0x03, 0xEB, 0xFF, 0xFE, 0x00,
    0x07, 0xFF, 0xFF, 0xFF, 0x40, 0x0B, 0xFF, 0x40, 0xBF, 0xC0, 0x0F, 0xFC, 0x00, 0x3F, 0xC0, 0x0F,
    0xF0, 0x00, 0x2F, 0xD0, 0x1F, 0xD0, 0x00, 0x2F, 0xC0, 0x1F, 0xC0, 0x00, 0x2F, 0xC0, 0x2F, 0x80,
    0x00, 0x3F, 0x80, 0x2F, 0xC0, 0x00, 0xFF, 0x00, 0x1F, 0xE0, 0x07, 0xFE, 0x00, 0x0F, 0xFF, 0xFF,
    0xF8, 0x00, 0x0B, 0xFF, 0xFF, 0xF0, 0x00, 0x02, 0xFF, 0xFF, 0x40, 0x00, 0x00, 0x7F, 0xE4, 0x00,
    0x00, 0x00, 0x2F, 0xFE, 0x90, 0x00, 0x0F, 0xFF, 0xFF, 0x00, 0x03, 0xC0, 0x03, 0xE0, 0x02, 0xF0,
    0x00, 0x78, 0x00, 0xF8, 0x00, 0x1E, 0x00, 0x3D, 0x00, 0x0F, 0x40, 0x1F, 0x40, 0x1F, 0x80, 0x0B,
    0xFF, 0xFF, 0x40, 0x03, 0xFF, 0xFF, 0xE0, 0x00, 0xF4, 0x00, 0x7E, 0x00, 0x7C, 0x00, 0x07, 0xC0,
    0x3E, 0x00, 0x01, 0xF0, 0x0F, 0x40, 0x00, 0xFC, 0x07, 0xC0, 0x00, 0xBE, 0x02, 0xF5, 0x5A, 0xFF,
    0x40, 0xFF, 0xFF, 0xFF, 0xC0, 0x3F, 0xFF, 0xFF, 0x80, 0x1F, 0xFF, 0xFE, 0x40, 0x00, 0x00, 0x00,
    0x00, 0x00, 0x00, 0x07, 0xFF, 0xFF, 0xFC, 0x00, 0xBF, 0xFF, 0xFF, 0xC0, 0x0F, 0xC0, 0x00, 0x00,
    0x00, 0xFC, 0x00, 0x00, 0x00, 0x1F, 0xC0, 0x00, 0x00, 0x02, 0xF8, 0x00, 0x00, 0x00, 0x3F, 0x40,
    0x00, 0x00, 0x07, 0xF0, 0x00, 0x00, 0x00, 0xBF, 0x00, 0x00, 0x00, 0x0F, 0xF0, 0x00, 0x00, 0x00,
    0xFE, 0x00, 0x00, 0x00, 0x1F, 0xD0, 0x00, 0x00, 0x02, 0xFD, 0x00, 0x00, 0x00, 0x3F, 0xC0, 0x00,
    0x00, 0x03, 0xFC, 0x00, 0x00, 0x00, 0xBF, 0x80, 0x00, 0x00, 0x00, 0x00, 0x00, 0x00, 0x00, 0x00,
    0x00, 0x00, 0xFF, 0xFF, 0xD0, 0x00, 0x07, 0xFF, 0xFF, 0x00, 0x00, 0x3E, 0x01, 0xFC, 0x00, 0x00,
    0xF4, 0x0B, 0xE0, 0x00, 0x0B, 0xC0, 0x3F, 0x40, 0x00, 0x3E, 0x00, 0xFC, 0x00, 0x01, 0xF0, 0x07,
    0xF0, 0x00, 0x0F, 0xC0, 0x2F, 0x80, 0x00, 0x3E, 0x00, 0xFD, 0x00, 0x03, 0xF0, 0x03, 0xF0, 0x00,
    0x3F, 0x40, 0x0F, 0xC0, 0x02, 0xF8, 0x00, 0x7E, 0x00, 0x2F, 0xC0, 0x02, 0xF4, 0x0F, 0xFF, 0xFF,
    0xFF, 0xFE, 0x3F, 0xFF, 0xFF, 0xFF, 0xF0, 0xFF, 0xFF, 0xFF, 0xFF, 0x83, 0xF0, 0x00, 0x00, 0xBC,
    0x0F, 0xC0, 0x00, 0x03, 0xE0, 0x2A, 0x00, 0x00, 0x1A, 0x00, 0x00, 0x00, 0x6F, 0xE0, 0x00, 0x00,
    0x7F, 0xFF, 0xC0, 0x00, 0x2F, 0xD0, 0x0F, 0x00, 0x07, 0xE0, 0x00, 0x74, 0x01, 0xF4, 0x00, 0x03,
    0xC0, 0x3E, 0x00, 0x5A, 0xFC, 0x0B, 0xFF, 0xFF, 0xFF, 0xC0, 0xFF, 0xFF, 0xFF, 0xF8, 0x1F, 0x95,
    0x40, 0x00, 0x02, 0xF0, 0x00, 0x00, 0x00, 0x3F, 0x00, 0x00, 0x00, 0x03, 0xF8, 0x00, 0x00, 0x00,
    0x2F, 0xF4, 0x00, 0x18, 0x01, 0xFF, 0xFF, 0xFF, 0x80, 0x0F, 0xFF, 0xFF, 0xF4, 0x00, 0x3F, 0xFF,
    0xFF, 0x00, 0x00, 0x6F, 0xFE, 0x40, 0x00, 0x00, 0x00, 0x7F, 0x00, 0x7F, 0xF0, 0x07, 0xF0, 0x00,
    0x00, 0xFD, 0x02, 0xFF, 0x80, 0x7F, 0x40, 0x00, 0x03, 0xF8, 0x0B, 0xFC, 0x07, 0xF4, 0x00, 0x00,
    0x07, 0xF0, 0x3F, 0xF0, 0x7F, 0x40, 0x00, 0x00, 0x0F, 0xD0, 0xFF, 0x43, 0xF4, 0x00, 0x00, 0x00,
    0x2F, 0xC3, 0xFC, 0x3F, 0x40, 0x00, 0x00, 0x00, 0x7F, 0x5F, 0xE3, 0xF4, 0x00, 0x00, 0x00, 0x00,
    0xFE, 0xBF, 0x7F, 0x40, 0x00, 0x00, 0x00, 0x02, 0xFF, 0xFF, 0xF4, 0x00, 0x00, 0x00, 0x00, 0x03,
    0xFF, 0xFF, 0x40, 0x00, 0x00, 0x00, 0x00, 0x0F, 0xFF, 0xF8, 0x00, 0x00, 0x00, 0x00, 0x00, 0xBF,
    0xFF, 0xE0, 0x00, 0x00, 0x00, 0x00, 0x0B, 0xFF, 0xFF, 0xD0, 0x00, 0x00, 0x00, 0x00, 0xFF, 0xFF,
    0xFF, 0xC0, 0x00, 0x00, 0x00, 0x1F, 0xFF, 0xFF, 0xFF, 0x80, 0x00, 0x00, 0x02, 0xFF, 0xAF, 0xF7,
    0xFF, 0x40, 0x00, 0x00, 0x3F, 0xF8, 0xFF, 0xCB, 0xFF, 0x00, 0x00, 0x03, 0xFF, 0x87, 0xFF, 0x0F,
    0xFE, 0x00, 0x00, 0x7F, 0xF8, 0x3F, 0xF8, 0x3F, 0xFD, 0x00, 0x0B, 0xFF, 0x80, 0xFF, 0xE0, 0x7F,
    0xFC, 0x00, 0x00, 0x00, 0x40, 0x00, 0x1F, 0xFF, 0x40, 0x09, 0x00, 0xB0, 0x00, 0x00, 0x0D, 0x00,
    0x00, 0x03, 0x40, 0x00, 0x02, 0xC0, 0x00, 0x02, 0xD0, 0x00, 0xFF, 0x80, 0x00, 0x6B, 0xF0, 0x00,
    0x00, 0x1F, 0x00, 0x00, 0x03, 0xC0, 0x00, 0x01, 0xF0, 0x00, 0x02, 0xF4, 0x0F, 0xFF, 0xFC, 0x07,
    0xFF, 0xFC, 0x01, 0xBF, 0xE4, 0x00, 0x00, 0x14, 0x00, 0x00, 0x00, 0x02, 0xF0, 0x00, 0x0F, 0xF0,
    0x0F, 0x80, 0x00, 0xBF, 0x80, 0x3D, 0x00, 0x0B, 0xFD, 0x01, 0xF0, 0x00, 0xBD, 0xF0, 0x0B, 0xC0,
    0x07, 0xD7, 0xC0, 0x3E, 0x00, 0x7D, 0x2E, 0x00, 0xF4, 0x07, 0xE0, 0xF4, 0x07, 0xC0, 0x3E, 0x07,
    0xC0, 0x2F, 0x03, 0xF0, 0x2F, 0x00, 0xF8, 0x3F, 0x00, 0xF8, 0x03, 0xE3, 0xF0, 0x07, 0xE0, 0x1F,
    0x6F, 0x00, 0x2F, 0x40, 0xBE, 0xF4, 0x00, 0xFC, 0x03, 0xFF, 0x40, 0x07, 0xF0, 0x1F, 0xF4, 0x00,
    0x2F, 0x80, 0xBF, 0x80, 0x00, 0xFD, 0x00, 0x00, 0x00, 0x10, 0x01, 0x80, 0x00, 0x01, 0xFE, 0xFE,
    0x00, 0x00, 0x01, 0xFF, 0xC0, 0x00, 0x00, 0x00, 0xF4, 0x00, 0x00, 0x00, 0x00, 0x00, 0x00, 0x00,
    0x50, 0x00, 0x00, 0x00, 0x0B, 0xC0, 0x00, 0x3F, 0xC0, 0x3E, 0x00, 0x02, 0xFE, 0x00, 0xF4, 0x00,
    0x2F, 0xF4, 0x07, 0xC0, 0x02, 0xF7, 0xC0, 0x2F, 0x00, 0x1F, 0x5F, 0x00, 0xF8, 0x01, 0xF4, 0xB8,
    0x03, 0xD0, 0x1F, 0x83, 0xD0, 0x1F, 0x00, 0xF8, 0x1F, 0x00, 0xBC, 0x0F, 0xC0, 0xBC, 0x03, 0xE0,
    0xFC, 0x03, 0xE0, 0x0F, 0x8F, 0xC0, 0x1F, 0x80, 0x7D, 0xBC, 0x00, 0xBD, 0x02, 0xFB, 0xD0, 0x03,
    0xF0, 0x0F, 0xFD, 0x00, 0x1F, 0xC0, 0x7F, 0xD0, 0x00, 0xBE, 0x02, 0xFE, 0x00, 0x03, 0xF4, 0x00,
    0x00, 0x03, 0xF0, 0x0F, 0xD0, 0x00, 0x7D, 0x03, 0xF4, 0x00, 0x0B, 0xC0, 0xFD, 0x00, 0x00, 0xF8,
    0x3F, 0x40, 0x00, 0x2F, 0x4F, 0xD0, 0x00, 0x03, 0xF3, 0xF4, 0x00, 0x00, 0x7E, 0xFD, 0x00, 0x00,
    0x0B, 0xFF, 0x40, 0x00, 0x00, 0xFF, 0xD0, 0x00, 0x00, 0x1F, 0xFC, 0x00, 0x00, 0x03, 0xFF, 0xF0,
    0x00, 0x00, 0x7F, 0xFF, 0x80, 0x00, 0x0B, 0xD7, 0xFD, 0x00, 0x00, 0xFC, 0x3F, 0xF4, 0x00, 0x1F,
    0x80, 0xFF, 0xC0, 0x03, 0xF4, 0x0B, 0xFF, 0x00, 0x7F, 0x00, 0x3F, 0xF8, 0x00, 0x00, 0x07, 0xFF,
    0xFC, 0x00, 0x0F, 0xFF, 0xF8, 0x00, 0x0F, 0x40, 0xF4, 0x00, 0x1F, 0x00, 0xF0, 0x00, 0x2E, 0x01,
    0xF0, 0x00, 0x3D, 0x02, 0xE0, 0x00, 0x7C, 0x03, 0xD0, 0x00, 0xB8, 0x07, 0xC0, 0x00, 0xF4, 0x0B,
    0xC0, 0x01, 0xF0, 0x0F, 0x80, 0x02, 0xE0, 0x0F, 0x40, 0x03, 0xD0, 0x2F, 0x00, 0x07, 0xC0, 0x3E,
    0x00, 0x3F, 0x80, 0x3D, 0x00, 0xBE, 0x00, 0x7C, 0x00, 0x00, 0x00, 0x00, 0x00, 0x00, 0x06, 0xA0,
    0x00, 0x01, 0xA4, 0x00, 0x3F, 0xC0, 0x00, 0x1F, 0xE0, 0x01, 0xFF, 0x40, 0x00, 0xFF, 0x40, 0x0B,
    0xFE, 0x00, 0x0B, 0xFC, 0x00, 0x3F, 0xF8, 0x00, 0x7F, 0xF0, 0x00, 0xFF, 0xF0, 0x03, 0xFF, 0xC0,
    0x0B, 0xEF, 0xC0, 0x2F, 0xBE, 0x00, 0x3E, 0xBF, 0x01, 0xFE, 0xF4, 0x00, 0xF9, 0xFC, 0x0F, 0xCF,
    0xC0, 0x0B, 0xD7, 0xF4, 0xBE, 0x7F, 0x00, 0x3F, 0x0F, 0xE7, 0xF2, 0xFC, 0x00, 0xFC, 0x3F, 0xFF,
    0x4F, 0xE0, 0x07, 0xE0, 0xFF, 0xF8, 0x7F, 0x40, 0x3F, 0x42, 0xFF, 0xC2, 0xFD, 0x00, 0xFD, 0x0B,
    0xFD, 0x0F, 0xF0, 0x07, 0xF0, 0x1F, 0xF0, 0x7F, 0xC0, 0x3F, 0xC0, 0x7F, 0x02, 0xFE, 0x00, 0xFE,
    0x00, 0x54, 0x0F, 0xF4, 0x07, 0xF4, 0x00, 0x00, 0x7F, 0xD0, 0x00, 0x00, 0x02, 0xA0, 0x00, 0x01,
    0xA4, 0x00, 0x1F, 0x80, 0x00, 0x0B, 0xD0, 0x00, 0xBD, 0x00, 0x00, 0x3F, 0x00, 0x03, 0xF0, 0x00,
    0x01, 0xFC, 0x00, 0x1F, 0xC0, 0x00, 0x0B, 0xE0, 0x00, 0xBE, 0x00, 0x00, 0x3F, 0x40, 0x03, 0xF4,
    0x00, 0x01, 0xFC, 0x00, 0x1F, 0xC0, 0x00, 0x0B, 0xF0, 0x00, 0xBE, 0x00, 0x00, 0x3F, 0x80, 0x03,
    0xF4, 0x00, 0x01, 0xFD, 0x00, 0x1F, 0xFF, 0xFF, 0xFF, 0xF0, 0x00, 0xBF, 0xFF, 0xFF, 0xFF, 0xC0,
    0x03, 0xFF, 0xFF, 0xFF, 0xFE, 0x00, 0x1F, 0xFF, 0xFF, 0xFF, 0xF4, 0x00, 0xBF, 0x40, 0x00, 0x3F,
    0xC0, 0x03, 0xFC, 0x00, 0x01, 0xFF, 0x00, 0x1F, 0xE0, 0x00, 0x0B, 0xF8, 0x00, 0xBF, 0x40, 0x00,
    0x3F, 0xD0, 0x03, 0xFC, 0x00, 0x01, 0xFF, 0x00, 0x00, 0x00, 0x00, 0x00, 0x00, 0x00, 0x00, 0x6F,
    0xE4, 0x00, 0x01, 0xFF, 0xFF, 0xC0, 0x01, 0xFE, 0x01, 0xF8, 0x01, 0xFC, 0x00, 0x1F, 0x00, 0xFC,
    0x00, 0x03, 0xD0, 0xBD, 0x00, 0x00, 0xF4, 0x3F, 0x00, 0x00, 0x7D, 0x1F, 0x40, 0x00, 0x2F, 0x0B,
    0xC0, 0x00, 0x0F, 0xC3, 0xF0, 0x00, 0x0B, 0xD0, 0xFD, 0x00, 0x0B, 0xF0, 0x3F, 0xEA, 0xBF, 0xF8,
    0x0B, 0xFF, 0xFF, 0xF8, 0x00, 0xFF, 0xFF, 0xFC, 0x00, 0x1F, 0xFF, 0xF8, 0x00, 0x00, 0xBF, 0xE4,
    0x00, 0x00, 0x00, 0x00, 0x00, 0x00, 0x00, 0x00, 0x00, 0x00, 0x00, 0x02, 0xFF, 0xFF, 0xFF, 0xF0,
    0x0F, 0xFF, 0xFF, 0xFF, 0x80, 0x3F, 0x00, 0x00, 0xBD, 0x01, 0xF8, 0x00, 0x03, 0xF0, 0x0B, 0xD0,
    0x00, 0x0F, 0xC0, 0x3F, 0x00, 0x00, 0x7E, 0x00, 0xFC, 0x00, 0x02, 0xF4, 0x07, 0xF0, 0x00, 0x0F,
    0xC0, 0x2F, 0x80, 0x00, 0x7F, 0x00, 0xFD, 0x00, 0x02, 0xF8, 0x03, 0xF0, 0x00, 0x0F, 0xD0, 0x1F,
    0xC0, 0x00, 0x3F, 0x00, 0xBE, 0x00, 0x01, 0xFC, 0x03, 0xF4, 0x00, 0x0F, 0xE0, 0x0F, 0xC0, 0x00,
    0x3F, 0x40, 0xBF, 0x00, 0x01, 0xFC, 0x00, 0x00, 0x00, 0x10, 0x06, 0xE4, 0x00, 0x00, 0x02, 0xF1,
    0xFF, 0xFC, 0x00, 0x00, 0x0B, 0xEF, 0xFA, 0xFC, 0x00, 0x00, 0x3F, 0xF8, 0x00, 0xF4, 0x00, 0x00,
    0xFF, 0x80, 0x03, 0xE0, 0x00, 0x07, 0xF8, 0x00, 0x0B, 0x80, 0x00, 0x2F, 0xC0, 0x00, 0x3E, 0x00,
    0x00, 0xFE, 0x00, 0x00, 0xF4, 0x00, 0x03, 0xF8, 0x00, 0x07, 0xC0, 0x00, 0x1F, 0xD0, 0x00, 0x3F,
    0x00, 0x00, 0xBF, 0xC0, 0x02, 0xF4, 0x00, 0x03, 0xFF, 0xD0, 0x2F, 0xC0, 0x00, 0x2F, 0xFF, 0xFF,
    0xFC, 0x00, 0x00, 0xFF, 0xFF, 0xFF, 0xE0, 0x00, 0x0B, 0xF7, 0xFF, 0xFE, 0x00, 0x00, 0x3F, 0x47,
    0xFF, 0xD0, 0x00, 0x01, 0xFC, 0x00, 0x50, 0x00, 0x00, 0x0F, 0xE0, 0x00, 0x00, 0x00, 0x00, 0x7F,
    0x00, 0x00, 0x00, 0x00, 0x03, 0xF8, 0x00, 0x00, 0x00, 0x00, 0x1F, 0xC0, 0x00, 0x00, 0x00, 0x00,
    0xFF, 0x00, 0x00, 0x00, 0x00, 0x07, 0xF4, 0x00, 0x00, 0x00, 0x00, 0x00, 0x00, 0x00, 0x00, 0x00,
    0x00, 0x00, 0x00, 0x00, 0x00, 0x00, 0x06, 0xFF, 0x80, 0x01, 0xFF, 0xFF, 0x00, 0x2F, 0xF9, 0x68,
    0x01, 0xFE, 0x00, 0x00, 0x0F, 0xD0, 0x00, 0x00, 0xBE, 0x00, 0x00, 0x03, 0xF0, 0x00, 0x00, 0x1F,
    0x80, 0x00, 0x00, 0xBD, 0x00, 0x00, 0x03, 0xF4, 0x00, 0x00, 0x0F, 0xD0, 0x00, 0x00, 0x3F, 0xC0,
    0x00, 0x00, 0xFF, 0xE5, 0xA0, 0x01, 0xFF, 0xFF, 0xD0, 0x02, 0xFF, 0xFF, 0xC0, 0x00, 0xBF, 0xFD,
    0x00, 0x00, 0x00, 0x00, 0x00, 0x7F, 0xFF, 0xFF, 0xFF, 0xFF, 0xFF, 0xEF, 0xFE, 0x50, 0x0B, 0xC0,
    0x04, 0x00, 0x0F, 0x80, 0x00, 0x00, 0x1F, 0x40, 0x00, 0x00, 0x2F, 0x00, 0x00, 0x00, 0x3F, 0x00,
    0x00, 0x00, 0x3F, 0x00, 0x00, 0x00, 0xBE, 0x00, 0x00, 0x00, 0xFD, 0x00, 0x00, 0x00, 0xFC, 0x00,
    0x00, 0x01, 0xFC, 0x00, 0x00, 0x03, 0xF8, 0x00, 0x00, 0x03, 0xF4, 0x00, 0x00, 0x07, 0xF0, 0x00,
    0x00, 0x0B, 0xF0, 0x00, 0x00, 0x00, 0x0F, 0x80, 0x00, 0x0F, 0xC0, 0x00, 0xFC, 0x00, 0x01, 0xF4,
    0x00, 0x0B, 0xD0, 0x00, 0x3F, 0x00, 0x00, 0xBE, 0x00, 0x0B, 0xD0, 0x00, 0x07, 0xF0, 0x00, 0xFC,
    0x00, 0x00, 0x3F, 0x00, 0x3F, 0x40, 0x00, 0x03, 0xF8, 0x07, 0xF0, 0x00, 0x00, 0x2F, 0xC0, 0xFD,
    0x00, 0x00, 0x01, 0xFC, 0x2F, 0xC0, 0x00, 0x00, 0x0F, 0xE3, 0xF4, 0x00, 0x00, 0x00, 0xFF, 0xBF,
    0x00, 0x00, 0x00, 0x0B, 0xFF, 0xD0, 0x00, 0x00, 0x00, 0x7F, 0xFC, 0x00, 0x00, 0x00, 0x03, 0xFF,
    0x40, 0x00, 0x00, 0x00, 0x3F, 0xF0, 0x00, 0x00, 0x00, 0x03, 0xFD, 0x00, 0x00, 0x00, 0x00, 0x7F,
    0xC0, 0x00, 0x00, 0x00, 0x0F, 0xF4, 0x00, 0x00, 0x00, 0x07, 0xFF, 0x00, 0x00, 0x00, 0x07, 0xFF,
    0xC0, 0x00, 0x00, 0x3F, 0xFF, 0xF0, 0x00, 0x00, 0x03, 0xFF, 0xF8, 0x00, 0x00, 0x00, 0x7F, 0xFD,
    0x00, 0x00, 0x00, 0x0B, 0xE4, 0x00, 0x00, 0x00, 0x00, 0x00, 0x00, 0x00, 0x7C, 0x00, 0x00, 0x00,
    0x00, 0x00, 0xFC, 0x00, 0x00, 0x00, 0x07, 0xFF, 0xFF, 0xFF, 0x40, 0x00, 0x7F, 0xFF, 0xFF, 0xFF,
    0xE0, 0x01, 0xF8, 0x03, 0xF4, 0x01, 0xF0, 0x03, 0xD0, 0x03, 0xF0, 0x00, 0xF4, 0x0B, 0x40, 0x07,
    0xF0, 0x00, 0xF4, 0x0F, 0x00, 0x0F, 0xE0, 0x00, 0xF4, 0x2E, 0x00, 0x0F, 0xD0, 0x01, 0xF0, 0x2D,
    0x00, 0x1F, 0xC0, 0x03, 0xF0, 0x3F, 0x00, 0x2F, 0xC0, 0x1F, 0xD0, 0x3F, 0xE5, 0x7F, 0x96, 0xFF,
    0xC0, 0x2F, 0xFF, 0xFF, 0xFF, 0xFF, 0x40, 0x1F, 0xFF, 0xFF, 0xFF, 0xFD, 0x00, 0x07, 0xFF, 0xFF,
    0xFF, 0xF4, 0x00, 0x00, 0xBF, 0xFF, 0xFF, 0x80, 0x00, 0x00, 0x01, 0xFC, 0x00, 0x00, 0x00, 0x00,
    0x02, 0xFC, 0x00, 0x00, 0x00, 0x00, 0x03, 0xF8, 0x00, 0x00, 0x00, 0x00, 0x03, 0xF8, 0x00, 0x00,
    0x00, 0x00, 0x0B, 0xF4, 0x00, 0x00, 0x00, 0x00, 0x0F, 0xF0, 0x00, 0x00, 0x00, 0x00, 0x00, 0x00,
    0x00, 0x00, 0x00, 0x00, 0x1F, 0x40, 0x00, 0x3E, 0x00, 0x03, 0xF0, 0x00, 0x3E, 0x00, 0x00, 0xBC,
    0x00, 0x3F, 0x00, 0x00, 0x0F, 0x80, 0x3F, 0x00, 0x00, 0x03, 0xF0, 0x3F, 0x00, 0x00, 0x00, 0x7D,
    0x3F, 0x00, 0x00, 0x00, 0x0F, 0xFF, 0x00, 0x00, 0x00, 0x02, 0xFF, 0x00, 0x00, 0x00, 0x00, 0xBF,
    0x40, 0x00, 0x00, 0x00, 0xBF, 0xE0, 0x00, 0x00, 0x00, 0xBF, 0xFD, 0x00, 0x00, 0x00, 0xBF, 0x2F,
    0xC0, 0x00, 0x00, 0xFF, 0x03, 0xF4, 0x00, 0x00, 0xFF, 0x00, 0xFF, 0x00, 0x00, 0xFF, 0x00, 0x1F,
    0xE0, 0x00, 0xFF, 0x00, 0x03, 0xFC, 0x00, 0x00, 0x00, 0x00, 0x00, 0x00, 0x01, 0xF8, 0x00, 0x0B,
    0xC0, 0x0B, 0xD0, 0x00, 0x3F, 0x00, 0x3F, 0x00, 0x00, 0xF8, 0x00, 0xFC, 0x00, 0x07, 0xD0, 0x07,
    0xD0, 0x00, 0x2F, 0x00, 0x2F, 0x00, 0x00, 0xFC, 0x00, 0xFC, 0x00, 0x03, 0xE0, 0x03, 0xE0, 0x00,
    0x1F, 0x40, 0x1F, 0x40, 0x00, 0xBC, 0x00, 0xBC, 0x00, 0x03, 0xF0, 0x03, 0xF0, 0x00, 0x0F, 0x80,
    0x0F, 0x80, 0x00, 0x3D, 0x00, 0x3C, 0x00, 0x01, 0xF0, 0x01, 0xFF, 0xFF, 0xFF, 0xFC, 0x0B, 0xFF,
    0xFF, 0xFF, 0xE0, 0x3F, 0xFF, 0xFF, 0xFF, 0x00, 0x00, 0x00, 0x00, 0xFC, 0x00, 0x00, 0x00, 0x0B,
    0xD0, 0x00, 0x00, 0x00, 0x3F, 0x00, 0x00, 0x00, 0x01, 0xA4, 0x00, 0x02, 0x00, 0x02, 0x01, 0xC0,
    0x02, 0xC0, 0xB0, 0x00, 0xF0, 0x38, 0x00, 0x78, 0x1D, 0x00, 0x2D, 0x0B, 0x00, 0x0F, 0x03, 0xC0,
    0x07, 0xC0, 0xF0, 0x07, 0xE0, 0x3E, 0x5B, 0xF4, 0x0B, 0xFF, 0xFC, 0x00, 0xBF, 0x9F, 0x00, 0x00,
    0x0B, 0x80, 0x00, 0x03, 0xD0, 0x00, 0x00, 0xF0, 0x00, 0x00, 0x7C, 0x00, 0x00, 0x00, 0x00, 0x00,
    0x00, 0x00, 0x00, 0xBE, 0x00, 0x15, 0x00, 0x7D, 0x00, 0xFD, 0x00, 0x7E, 0x00, 0xBC, 0x00, 0xFC,
    0x00, 0xBD, 0x00, 0xFC, 0x01, 0xFC, 0x00, 0xFC, 0x00, 0xF8, 0x02, 0xF8, 0x00, 0xFC, 0x01, 0xF4,
    0x03, 0xF4, 0x01, 0xF8, 0x02, 0xF0, 0x03, 0xF0, 0x02, 0xF4, 0x03, 0xF0, 0x07, 0xE0, 0x02, 0xF0,
    0x03, 0xD0, 0x0B, 0xD0, 0x03, 0xE0, 0x07, 0xC0, 0x0F, 0xC0, 0x03, 0xD0, 0x0B, 0xC0, 0x0F, 0xC0,
    0x07, 0xC0, 0x0B, 0x80, 0x1F, 0x80, 0x0B, 0xC0, 0x0F, 0x40, 0x2F, 0x40, 0x0F, 0x80, 0x0F, 0x00,
    0x3F, 0xFF, 0xFF, 0xFF, 0xFF, 0x00, 0x3F, 0xFF, 0xFF, 0xFF, 0xFE, 0x00, 0x7F, 0xFF, 0xFF, 0xFF,
    0xFD, 0x00, 0x00, 0x00, 0x00, 0x00, 0x00, 0x00, 0x00, 0xBE, 0x00, 0x15, 0x00, 0x7D, 0x00, 0xFD,
    0x00, 0x7E, 0x00, 0xBC, 0x00, 0xFC, 0x00, 0xBD, 0x00, 0xFC, 0x01, 0xFC, 0x00, 0xFC, 0x00, 0xF8,
    0x02, 0xF8, 0x00, 0xFC, 0x01, 0xF4, 0x03, 0xF4, 0x01, 0xF8, 0x02, 0xF0, 0x03, 0xF0, 0x02, 0xF4,
    0x03, 0xE0, 0x07, 0xE0, 0x02, 0xF0, 0x03, 0xD0, 0x0B, 0xD0, 0x03, 0xE0, 0x07, 0xC0, 0x0F, 0xC0,
    0x03, 0xD0, 0x0B, 0xC0, 0x0F, 0xC0, 0x07, 0xC0, 0x0B, 0x80, 0x1F, 0x80, 0x0B, 0xC0, 0x0F, 0x40,
    0x2F, 0x40, 0x0F, 0x80, 0x0F, 0x00, 0x3F, 0xFF, 0xFF, 0xFF, 0xFF, 0xF4, 0x3F, 0xFF, 0xFF, 0xFF,
    0xFF, 0xF0, 0x7F, 0xFF, 0xFF, 0xFF, 0xFF, 0xD0, 0x00, 0x00, 0x00, 0x00, 0x0F, 0xC0, 0x00, 0x00,
    0x00, 0x00, 0x2F, 0x80, 0x00, 0x00, 0x00, 0x00, 0x3F, 0x40, 0x00, 0x00, 0x00, 0x00, 0xBF, 0x00,
    0x00, 0x00, 0x00, 0x00, 0xFD, 0x00, 0x0F, 0xFF, 0x40, 0x00, 0x07, 0xFF, 0xC0, 0x00, 0x02, 0xAB,
    0xF0, 0x00, 0x00, 0x00, 0xFC, 0x00, 0x00, 0x00, 0x7E, 0x00, 0x00, 0x00, 0x2F, 0x40, 0x00, 0x00,
    0x0F, 0xFF, 0xF9, 0x00, 0x03, 0xFA, 0xAB, 0xF0, 0x00, 0xF8, 0x00, 0x2E, 0x00, 0x7D, 0x00, 0x03,
    0xC0, 0x2F, 0x00, 0x01, 0xF0, 0x0F, 0xC0, 0x00, 0xF8, 0x03, 0xE0, 0x01, 0xFD, 0x01, 0xFF, 0xFF,
    0xFF, 0x00, 0xBF, 0xFF, 0xFE, 0x00, 0x3F, 0xFF, 0xF8, 0x00, 0x00, 0x00, 0x00, 0x00, 0x00, 0x00,
    0x00, 0x00, 0x00, 0x00, 0x40, 0x0B, 0xE0, 0x00, 0x00, 0x03, 0xC0, 0x3F, 0x40, 0x00, 0x00, 0x1F,
    0x00, 0xFC, 0x00, 0x00, 0x00, 0xB8, 0x03, 0xF0, 0x00, 0x00, 0x03, 0xD0, 0x1F, 0x80, 0x00, 0x00,
    0x1F, 0x00, 0xBE, 0x00, 0x00, 0x00, 0xBC, 0x03, 0xFF, 0xFE, 0x40, 0x03, 0xE0, 0x0F, 0xEA, 0xAF,
    0xC0, 0x0F, 0x40, 0x7E, 0x00, 0x07, 0x80, 0xBC, 0x01, 0xF4, 0x00, 0x0F, 0x03, 0xF0, 0x0B, 0xC0,
    0x00, 0x7C, 0x0F, 0x80, 0x3F, 0x00, 0x03, 0xF0, 0x7D, 0x00, 0xFC, 0x00, 0x7F, 0x42, 0xF0, 0x07,
    0xFF, 0xFF, 0xFC, 0x0F, 0xC0, 0x2F, 0xFF, 0xFF, 0xC0, 0x7E, 0x00, 0xFF, 0xFF, 0xE4, 0x01, 0xF8,
    0x00, 0x00, 0x00, 0x00, 0x00, 0x00, 0x00, 0x00, 0x14, 0x00, 0x00, 0x00, 0x7C, 0x00, 0x00, 0x00,
    0xB8, 0x00, 0x00, 0x00, 0xF8, 0x00, 0x00, 0x00, 0xF4, 0x00, 0x00, 0x01, 0xF0, 0x00, 0x00, 0x02,
    0xF0, 0x00, 0x00, 0x03, 0xFF, 0xFE, 0x40, 0x07, 0xEA, 0xAB, 0xF0, 0x0B, 0xC0, 0x00, 0xB8, 0x0F,
    0xC0, 0x00, 0x7C, 0x0F, 0x80, 0x00, 0xB8, 0x1F, 0x40, 0x01, 0xF8, 0x2F, 0x00, 0x1B, 0xF0, 0x3F,
    0xFF, 0xFF, 0xE0, 0x3F, 0xFF, 0xFF, 0x40, 0xBF, 0xFF, 0xF4, 0x00, 0x00, 0x00, 0x00, 0x00, 0x00,
    0x00, 0x00, 0x00, 0x00, 0x00, 0xAF, 0xF9, 0x00, 0x00, 0xBF, 0xFF, 0xF8, 0x00, 0x0F, 0x40, 0x0B,
    0xF0, 0x00, 0x40, 0x00, 0x2F, 0x40, 0x00, 0x00, 0x00, 0xF8, 0x00, 0x00, 0x00, 0x0F, 0xC0, 0x00,
    0x00, 0x00, 0xFC, 0x00, 0x02, 0xFF, 0xFF, 0x80, 0x00, 0x3F, 0xFF, 0xF4, 0x00, 0x00, 0x00, 0x3F,
    0x00, 0x00, 0x00, 0x0F, 0xE0, 0x10, 0x00, 0x03, 0xFC, 0x02, 0xE4, 0x07, 0xFF, 0x00, 0x3F, 0xFF,
    0xFF, 0xC0, 0x03, 0xFF, 0xFF, 0xE0, 0x00, 0x02, 0xFF, 0xE0, 0x00, 0x00, 0x00, 0x00, 0x00, 0x00,
    0x00, 0x00, 0x00, 0x00, 0x00, 0x00, 0x03, 0xD0, 0x02, 0xFF, 0x40, 0x00, 0x7C, 0x02, 0xFE, 0xFF,
    0x00, 0x0B, 0xC0, 0xBD, 0x00, 0xF4, 0x00, 0xF8, 0x2F, 0x00, 0x07, 0xC0, 0x0F, 0x03, 0xD0, 0x00,
    0x7C, 0x01, 0xF0, 0xB8, 0x00, 0x07, 0xC0, 0x3E, 0x0F, 0x00, 0x00, 0x7C, 0x03, 0xD2, 0xE0, 0x00,
    0x0B, 0x80, 0x7D, 0x3D, 0x00, 0x00, 0xF4, 0x0B, 0xFF, 0xC0, 0x00, 0x1F, 0x00, 0xFE, 0xFC, 0x00,
    0x02, 0xF0, 0x0F, 0x0B, 0xC0, 0x00, 0x7D, 0x01, 0xF0, 0xBE, 0x00, 0x2F, 0xC0, 0x2E, 0x0B, 0xFE,
    0xAF, 0xF4, 0x03, 0xC0, 0x7F, 0xFF, 0xFD, 0x00, 0x3C, 0x02, 0xFF, 0xFF, 0x40, 0x07, 0x80, 0x06,
    0xFF, 0x80, 0x00, 0x00, 0x00, 0x00, 0x00, 0x00, 0x00, 0x00, 0x00, 0x00, 0x00, 0x00, 0x00, 0x00,
    0x7F, 0xFF, 0xC0, 0x00, 0x0F, 0x90, 0x3E, 0x00, 0x00, 0xF0, 0x00, 0xF4, 0x00, 0x0B, 0x00, 0x07,
    0xC0, 0x00, 0x3C, 0x00, 0x2F, 0x00, 0x00, 0xE0, 0x00, 0xF8, 0x00, 0x03, 0xE0, 0x03, 0xD0, 0x00,
    0x07, 0xFF, 0xFF, 0x00, 0x00, 0x0B, 0xFF, 0xFC, 0x00, 0x01, 0xFE, 0x47, 0xE0, 0x00, 0x1F, 0xC0,
    0x1F, 0x40, 0x00, 0xFC, 0x00, 0xFC, 0x00, 0x0F, 0xC0, 0x03, 0xF0, 0x00, 0xBD, 0x00, 0x1F, 0x40,
    0x07, 0xE0, 0x00, 0xBC, 0x00, 0x7F, 0x00, 0x03, 0xF0, 0x00, 0x00, 0x00, 0x00, 0x00, 0x00, 0x00,
    0x01, 0xF8, 0x00, 0x00, 0x00, 0x0B, 0xE0, 0x00, 0x00, 0x00, 0x3F, 0x80, 0x00, 0x00, 0x00, 0xFF,
    0x00, 0x00, 0x00, 0x00, 0x00, 0x00, 0x00, 0x00, 0x00, 0x00, 0x00, 0x00, 0x00, 0x00, 0x00, 0x00,
    0x00, 0x00, 0x00, 0x00, 0x00, 0x00, 0x00, 0x00, 0x00, 0x00, 0x00, 0x00, 0x00, 0x06, 0xFE, 0x00,
    0x00, 0x07, 0xFF, 0xFC, 0x00, 0x02, 0xFD, 0x00, 0xF0, 0x00, 0x7E, 0x00, 0x07, 0x40, 0x1F, 0x40,
    0x00, 0x3C, 0x03, 0xE0, 0x05, 0xAF, 0xC0, 0xBF, 0xFF, 0xFF, 0xFC, 0x0F, 0xFF, 0xFF, 0xFF, 0x81,
    0xF9, 0x54, 0x00, 0x00, 0x2F, 0x00, 0x00, 0x00, 0x03, 0xF0, 0x00, 0x00, 0x00, 0x3F, 0x80, 0x00,
    0x00, 0x02, 0xFF, 0x40, 0x01, 0x80, 0x1F, 0xFF, 0xFF, 0xF8, 0x00, 0xFF, 0xFF, 0xFF, 0x40, 0x03,
    0xFF, 0xFF, 0xF0, 0x00, 0x06, 0xFF, 0xE4, 0x00, 0x00, 0x00, 0x00, 0x00, 0x00, 0x00, 0x0F, 0x40,
    0x03, 0xD0, 0x00, 0x7C, 0x00, 0x0F, 0x40, 0x01, 0xA0, 0x00, 0x68, 0x00, 0x00, 0x00, 0x00, 0x00,
    0x00, 0x00, 0x00, 0x00, 0x00, 0x00, 0x06, 0xFF, 0x80, 0x00, 0x02, 0xE4, 0x6F, 0xC0, 0x00, 0x3C,
    0x00, 0x1F, 0x80, 0x03, 0xC0, 0x00, 0x3F, 0x00, 0x2E, 0x00, 0x00, 0xBC, 0x01, 0xFF, 0xFF, 0xFF,
    0xE0, 0x0F, 0xFF, 0xFF, 0xFF, 0x40, 0x7D, 0x00, 0x00, 0x00, 0x02, 0xF4, 0x00, 0x00, 0x00, 0x0F,
    0xD0, 0x00, 0x00, 0x00, 0x3F, 0xC0, 0x00, 0x00, 0x00, 0xFF, 0xD0, 0x00, 0x50, 0x03, 0xFF, 0xFF,
    0xFF, 0x40, 0x07, 0xFF, 0xFF, 0xFC, 0x00, 0x07, 0xFF, 0xFF, 0xE0, 0x00, 0x01, 0xBF, 0xA4, 0x00,
    0x00, 0x00, 0x00, 0x7C, 0x00, 0x00, 0x00, 0x03, 0xF0, 0x00, 0x00, 0x00, 0x0F, 0x80, 0x00, 0x00,
    0x00, 0x7E, 0x6B, 0xF0, 0x00, 0x1F, 0xFF, 0xFF, 0xC0, 0x00, 0xBF, 0xE5, 0x40, 0x00, 0x00, 0x7C,
    0x00, 0x00, 0x00, 0x03, 0xF0, 0x00, 0x00, 0x00, 0x0F, 0x80, 0x00, 0x00, 0x00, 0x7C, 0x6F, 0xF4,
    0x00, 0x03, 0xFB, 0xFF, 0xFC, 0x00, 0x0F, 0xFF, 0xFF, 0xF4, 0x00, 0x7F, 0xE4, 0x0F, 0xD0, 0x03,
    0xFD, 0x00, 0x1F, 0x80, 0x0F, 0xE0, 0x00, 0x3D, 0x00, 0x7F, 0x00, 0x01, 0xF4, 0x03, 0xF8, 0x00,
    0x0B, 0xC0, 0x0F, 0xC0, 0x00, 0x3F, 0x00, 0x7F, 0x00, 0x00, 0xF8, 0x03, 0xF8, 0x00, 0x07, 0xD0,
    0x0F, 0xD0, 0x00, 0x3F, 0x40, 0xBF, 0x00, 0x01, 0xFC, 0x03, 0xFC, 0x00, 0x0B, 0xF0, 0x0F, 0xF0,
    0x00, 0x3F, 0x80, 0xBF, 0x80, 0x16, 0xFF, 0x00, 0x00, 0x00, 0xFF, 0xFC, 0x00, 0x00, 0x07, 0xFF,
    0xF0, 0x00, 0x00, 0x2F, 0xFF, 0x80, 0x00, 0x00, 0x2F, 0xF4, 0x00, 0x00, 0x00, 0x00, 0x00, 0x00,
    0x00, 0x00, 0x00, 0x28, 0x00, 0x00, 0x00, 0x0B, 0x80, 0x00, 0x00, 0x01, 0xF0, 0x00, 0x00, 0x00,
    0x3D, 0x00, 0x00, 0x00, 0x0F, 0x80, 0x00, 0x00, 0x02, 0xF0, 0x00, 0x00, 0x00, 0x00, 0x00, 0x00,
    0x00, 0x00, 0x00, 0x00, 0x00, 0x00, 0x00, 0x00, 0x00, 0x07, 0xFF, 0xFF, 0xFC, 0x00, 0xBF, 0xFF,
    0xFF, 0xC0, 0x0F, 0xC0, 0x00, 0x00, 0x00, 0xFC, 0x00, 0x00, 0x00, 0x1F, 0xC0, 0x00, 0x00, 0x02,
    0xF8, 0x00, 0x00, 0x00, 0x3F, 0x40, 0x00, 0x00, 0x07, 0xF0, 0x00, 0x00, 0x00, 0xBF, 0x00, 0x00,
    0x00, 0x0F, 0xF0, 0x00, 0x00, 0x00, 0xFE, 0x00, 0x00, 0x00, 0x1F, 0xD0, 0x00, 0x00, 0x02, 0xFD,
    0x00, 0x00, 0x00, 0x3F, 0xC0, 0x00, 0x00, 0x03, 0xFC, 0x00, 0x00, 0x00, 0xBF, 0x80, 0x00, 0x00,
    0x00, 0x00, 0x00, 0x05, 0x00, 0x00, 0x00, 0xBF, 0xFC, 0x00, 0x01, 0xF9, 0x07, 0xC0, 0x00, 0xF4,
    0x00, 0x78, 0x00, 0xF4, 0x00, 0x0F, 0x00, 0xB8, 0x00, 0x00, 0x00, 0x3C, 0x00, 0x00, 0x00, 0x1F,
    0xFF, 0xF4, 0x00, 0x0F, 0xFF, 0xFC, 0x00, 0x03, 0xC0, 0x00, 0x00, 0x00, 0xF0, 0x00, 0x00, 0x00,
    0x7F, 0x00, 0x0A, 0x90, 0x1F, 0xFF, 0xFF, 0xF4, 0x03, 0xFF, 0xFF, 0xF8, 0x00, 0xBF, 0xFF, 0xF8,
    0x00, 0x06, 0xFF, 0xE4, 0x00, 0x00, 0x00, 0x00, 0x00, 0x00, 0x00, 0x00, 0x7F, 0xFA, 0x40, 0x01,
    0xFF, 0xFF, 0xC0, 0x01, 0xFD, 0x51, 0x40, 0x00, 0xF4, 0x00, 0x00, 0x00, 0x7C, 0x00, 0x00, 0x00,
    0x1F, 0x80, 0x00, 0x00, 0x03, 0xFE, 0x40, 0x00, 0x00, 0x7F, 0xFE, 0x00, 0x00, 0x02, 0xFF, 0xF4,
    0x00, 0x00, 0x01, 0xFF, 0x00, 0x00, 0x00, 0x2F, 0xC0, 0x07, 0x90, 0x1F, 0xF0, 0x07, 0xFF, 0xFF,
    0xF8, 0x0B, 0xFF, 0xFF, 0xFC, 0x03, 0xFF, 0xFF, 0xFC, 0x00, 0x1B, 0xFF, 0xE4, 0x00, 0x00, 0x01,
    0xF4, 0x00, 0x0F, 0xE0, 0x00, 0xBF, 0x40, 0x03, 0xFD, 0x00, 0x1F, 0xF0, 0x00, 0x00, 0x00, 0x00,
    0x00, 0x00, 0x00, 0x00, 0x00, 0x00, 0x00, 0x00, 0x50, 0x00, 0x03, 0xE0, 0x00, 0x0F, 0x40, 0x00,
    0x7C, 0x00, 0x02, 0xE0, 0x00, 0x0F, 0x40, 0x00, 0x3C, 0x00, 0x02, 0xF0, 0x00, 0x0F, 0x80, 0x00,
    0x3D, 0x00, 0x02, 0xF0, 0x00, 0x0F, 0xC0, 0x00, 0x3F, 0x00, 0x02, 0xF8, 0x00, 0x0F, 0xD0, 0x00,
    0x3F, 0x40, 0x01, 0xFC, 0x00, 0x00, 0x02, 0xF0, 0x03, 0xF0, 0x1F, 0xC0, 0x1F, 0xC0, 0xFF, 0x00,
    0xFF, 0x07, 0xFC, 0x07, 0xFC, 0x3F, 0xF0, 0x3F, 0xE0, 0x00, 0x00, 0x00, 0x00, 0x00, 0x00, 0x00,
    0x00, 0x00, 0x00, 0x00, 0x00, 0x00, 0x00, 0x00, 0x00, 0xB8, 0x00, 0x00, 0x03, 0xD0, 0x00, 0x00,
    0x1F, 0x00, 0x00, 0x00, 0xB8, 0x00, 0x00, 0x03, 0xD0, 0x00, 0x00, 0x0F, 0x00, 0x00, 0x00, 0xBC,
    0x00, 0x00, 0x03, 0xE0, 0x00, 0x00, 0x0F, 0x40, 0x00, 0x00, 0xBC, 0x00, 0x00, 0x03, 0xF0, 0x00,
    0x00, 0x0F, 0xC0, 0x00, 0x00, 0xBE, 0x00, 0x00, 0x03, 0xF4, 0x00, 0x00, 0x0F, 0xD0, 0x00, 0x00,
    0x7F, 0x00, 0x00, 0x00, 0x00, 0x00, 0x00, 0x01, 0xFC, 0x00, 0x00, 0x00, 0x0F, 0xF0, 0x00, 0x00,
    0x00, 0x7F, 0x80, 0x00, 0x00, 0x03, 0xFE, 0x00, 0x00, 0x00, 0x0F, 0xF4, 0x00, 0x00, 0x00, 0x00,
    0x00, 0x00, 0x00, 0x00, 0x00, 0x00, 0x00, 0x00, 0x00, 0x00, 0x00, 0x00, 0x00, 0x00, 0x00, 0x00,
    0x00, 0x00, 0x3D, 0x00, 0x00, 0x00, 0x01, 0xF4, 0x00, 0x00, 0x00, 0x0F, 0xC0, 0x00, 0x00, 0x00,
    0x3E, 0x00, 0x00, 0x00, 0x01, 0xF4, 0x00, 0x00, 0x00, 0x0B, 0xC0, 0x00, 0x00, 0x00, 0x3E, 0x00,
    0x00, 0x00, 0x01, 0xF4, 0x00, 0x00, 0x00, 0x0B, 0xC0, 0x00, 0x00, 0x00, 0x3E, 0x00, 0x00, 0x00,
    0x00, 0xF4, 0x00, 0x00, 0x00, 0x0B, 0xC0, 0x00, 0x00, 0x00, 0x3E, 0x00, 0x00, 0x00, 0x00, 0xF4,
    0x00, 0x00, 0x00, 0x0B, 0xC0, 0x00, 0x00, 0x00, 0x3E, 0x00, 0x00, 0x00, 0x01, 0xF4, 0x00, 0x00,
    0x00, 0x0F, 0xC0, 0x00, 0x00, 0x01, 0xFE, 0x00, 0x00, 0x06, 0xBF, 0xF0, 0x00, 0x00, 0x3F, 0xFF,
    0x40, 0x00, 0x03, 0xFF, 0xE0, 0x00, 0x00, 0x00, 0x00, 0x00, 0x00, 0x00, 0x00, 0x03, 0xFF, 0xFF,
    0x00, 0x00, 0x00, 0xBA, 0xAA, 0xE0, 0x00, 0x00, 0x0B, 0x00, 0x1D, 0x00, 0x00, 0x00, 0xE0, 0x02,
    0xC0, 0x00, 0x00, 0x0D, 0x00, 0x3C, 0x00, 0x00, 0x02, 0xC0, 0x03, 0xD4, 0x00, 0x00, 0x38, 0x00,
    0x7F, 0xFE, 0x00, 0x03, 0x40, 0x0B, 0x00, 0x74, 0x00, 0xB0, 0x00, 0xF0, 0x03, 0xC0, 0x0E, 0x00,
    0x0E, 0x00, 0x3C, 0x00, 0xD0, 0x02, 0xD0, 0x03, 0x80, 0x2C, 0x00, 0x3C, 0x00, 0xF4, 0x03, 0x80,
    0x03, 0xEA, 0xFF, 0x02, 0xF4, 0x00, 0x7F, 0xFF, 0xC0, 0x3E, 0x00, 0x0B, 0xFF, 0xE0, 0x00, 0x00,
    0x00, 0x00, 0x00, 0x00, 0x00, 0x74, 0x00, 0x18, 0x00, 0x00, 0x2C, 0x00, 0x0B, 0x00, 0x00, 0x0F,
    0x00, 0x03, 0x80, 0x00, 0x03, 0x80, 0x01, 0xD0, 0x00, 0x01, 0xD0, 0x00, 0xB0, 0x00, 0x00, 0xB0,
    0x00, 0x3C, 0x00, 0x00, 0x3F, 0xFF, 0xFF, 0xFE, 0x40, 0x1F, 0xAA, 0xAF, 0x95, 0xB8, 0x0B, 0x00,
    0x02, 0xC0, 0x0B, 0x03, 0xC0, 0x00, 0xF0, 0x02, 0xC0, 0xE0, 0x00, 0x78, 0x00, 0xF0, 0x74, 0x00,
    0x2D, 0x00, 0xB8, 0x2C, 0x00, 0x0F, 0xAB, 0xFC, 0x0F, 0x00, 0x03, 0xFF, 0xFD, 0x03, 0x80, 0x01,
    0xFF, 0xF8, 0x00, 0x00, 0x00, 0x00, 0x00, 0x00, 0x00, 0x00, 0x7C, 0x00, 0x00, 0x00, 0x03, 0xF0,
    0x00, 0x00, 0x00, 0x0F, 0x80, 0x00, 0x00, 0x00, 0x7E, 0x6B, 0xF0, 0x00, 0x1F, 0xFF, 0xFF, 0xC0,
    0x00, 0xBF, 0xE5, 0x40, 0x00, 0x00, 0x7C, 0x00, 0x00, 0x00, 0x03, 0xF0, 0x00, 0x00, 0x00, 0x0F,
    0x80, 0x00, 0x00, 0x00, 0x7C, 0x6F, 0xF4, 0x00, 0x03, 0xFB, 0xFF, 0xFC, 0x00, 0x0F, 0xFF, 0xFF,
    0xF4, 0x00, 0x7F, 0xE4, 0x0F, 0xD0, 0x03, 0xFD, 0x00, 0x1F, 0x80, 0x0F, 0xE0, 0x00, 0x3D, 0x00,
    0x7F, 0x00, 0x01, 0xF4, 0x03, 0xF8, 0x00, 0x07, 0xC0, 0x0F, 0xC0, 0x00, 0x3F, 0x00, 0x7F, 0x00,
    0x00, 0xF8, 0x03, 0xF8, 0x00, 0x07, 0xD0, 0x0F, 0xD0, 0x00, 0x3F, 0x40, 0xBF, 0x00, 0x00, 0xFC,
    0x03, 0xFC, 0x00, 0x0B, 0xF0, 0x0F, 0xF0, 0x00, 0x3F, 0x80, 0xBF, 0x80, 0x01, 0xFD, 0x00, 0x00,
    0x00, 0x00, 0x03, 0xC0, 0x00, 0x00, 0x00, 0xB8, 0x00, 0x00, 0x00, 0x1F, 0x00, 0x00, 0x00, 0x03,
    0xD0, 0x00, 0x00, 0x00, 0xF8, 0x00, 0x00, 0x00, 0x1A, 0x00, 0x00, 0x00, 0x00, 0x00, 0x00, 0x00,
    0x00, 0x00, 0x00, 0x00, 0x00, 0x00, 0x00, 0x00, 0x00, 0x3F, 0x00, 0xFD, 0x00, 0x07, 0xD0, 0x3F,
    0x40, 0x00, 0xBC, 0x0F, 0xD0, 0x00, 0x0F, 0x83, 0xF4, 0x00, 0x02, 0xF4, 0xFD, 0x00, 0x00, 0x3F,
    0x3F, 0x40, 0x00, 0x07, 0xEF, 0xD0, 0x00, 0x00, 0xBF, 0xF4, 0x00, 0x00, 0x0F, 0xFD, 0x00, 0x00,
    0x02, 0xFF, 0xC0, 0x00, 0x00, 0x3F, 0xFF, 0x00, 0x00, 0x07, 0xFF, 0xF8, 0x00, 0x00, 0xBD, 0x7F,
    0xD0, 0x00, 0x0F, 0xC3, 0xFF, 0x40, 0x01, 0xF8, 0x0F, 0xFC, 0x00, 0x3F, 0x40, 0xBF, 0xF0, 0x07,
    0xF0, 0x03, 0xFF, 0x80, 0x00, 0x00, 0x00, 0x00, 0x00, 0x00, 0x00, 0x7E, 0x00, 0x00, 0x00, 0x00,
    0xBE, 0x00, 0x00, 0x00, 0x00, 0xFE, 0x00, 0x00, 0x00, 0x00, 0xFF, 0x00, 0x00, 0x00, 0x00, 0x00,
    0x00, 0x00, 0x00, 0x00, 0x00, 0x00, 0x00, 0x00, 0x00, 0x00, 0x00, 0x14, 0x00, 0x00, 0x00, 0x02,
    0xF0, 0x00, 0x0F, 0xF0, 0x0F, 0x80, 0x00, 0xBF, 0x80, 0x3D, 0x00, 0x0B, 0xFD, 0x01, 0xF0, 0x00,
    0xBD, 0xF0, 0x0B, 0xC0, 0x07, 0xD7, 0xC0, 0x3E, 0x00, 0x7D, 0x2E, 0x00, 0xF4, 0x07, 0xE0, 0xF4,
    0x07, 0xC0, 0x3E, 0x07, 0xC0, 0x2F, 0x03, 0xF0, 0x2F, 0x00, 0xF8, 0x3F, 0x00, 0xF8, 0x03, 0xE3,
    0xF0, 0x07, 0xE0, 0x1F, 0x6F, 0x00, 0x2F, 0x40, 0xBE, 0xF4, 0x00, 0xFC, 0x03, 0xFF, 0x40, 0x07,
    0xF0, 0x1F, 0xF4, 0x00, 0x2F, 0x80, 0xBF, 0x80, 0x00, 0xFD, 0x00, 0x00, 0x00, 0x0B, 0x40, 0x00,
    0xE0, 0x00, 0x00, 0xB4, 0x00, 0x2D, 0x00, 0x00, 0x0B, 0xD0, 0x1B, 0xC0, 0x00, 0x00, 0x3F, 0xFF,
    0xF0, 0x00, 0x00, 0x02, 0xFF, 0xF8, 0x00, 0x00, 0x00, 0x06, 0xA4, 0x00, 0x00, 0x00, 0x00, 0x00,
    0x00, 0x00, 0x00, 0x00, 0x00, 0x00, 0x00, 0x00, 0x00, 0x00, 0x00, 0x00, 0x00, 0x00, 0x00, 0x00,
    0x00, 0x00, 0x00, 0x00, 0x00, 0x00, 0x00, 0x00, 0x00, 0x00, 0x00, 0x00, 0x00, 0x00, 0x0F, 0x80,
    0x00, 0x0F, 0xC0, 0x00, 0xFC, 0x00, 0x01, 0xF4, 0x00, 0x0B, 0xD0, 0x00, 0x3F, 0x00, 0x00, 0xBE,
    0x00, 0x0B, 0xD0, 0x00, 0x07, 0xF0, 0x00, 0xFC, 0x00, 0x00, 0x3F, 0x00, 0x3F, 0x40, 0x00, 0x03,
    0xF8, 0x07, 0xF0, 0x00, 0x00, 0x2F, 0xC0, 0xFD, 0x00, 0x00, 0x01, 0xFC, 0x2F, 0xC0, 0x00, 0x00,
    0x0F, 0xE3, 0xF4, 0x00, 0x00, 0x00, 0xFF, 0xBF, 0x00, 0x00, 0x00, 0x0B, 0xFF, 0xD0, 0x00, 0x00,
    0x00, 0x7F, 0xFC, 0x00, 0x00, 0x00, 0x03, 0xFF, 0x40, 0x00, 0x00, 0x00, 0x3F, 0xF0, 0x00, 0x00,
    0x00, 0x03, 0xFD, 0x00, 0x00, 0x00, 0x00, 0x7F, 0xC0, 0x00, 0x00, 0x00, 0x0F, 0xF4, 0x00, 0x00,
    0x00, 0x07, 0xFF, 0x00, 0x00, 0x00, 0x07, 0xFF, 0xC0, 0x00, 0x00, 0x3F, 0xFF, 0xF0, 0x00, 0x00,
    0x03, 0xFF, 0xF8, 0x00, 0x00, 0x00, 0x7F, 0xFD, 0x00, 0x00, 0x00, 0x0B, 0xE4, 0x00, 0x00, 0x00,
    0x00, 0x00, 0xF4, 0x00, 0x1E, 0x00, 0xF0, 0x00, 0x2D, 0x02, 0xF0, 0x00, 0x3C, 0x03, 0xD0, 0x00,
    0x7C, 0x03, 0xC0, 0x00, 0xB8, 0x07, 0xC0, 0x00, 0xF4, 0x0B, 0x80, 0x00, 0xF0, 0x0F, 0x40, 0x01,
    0xF0, 0x0F, 0x00, 0x02, 0xE0, 0x1F, 0x00, 0x03, 0xD0, 0x2E, 0x00, 0x03, 0xC0, 0x3D, 0x00, 0x07,
    0xC0, 0x3C, 0x00, 0x0B, 0x40, 0x7F, 0xFF, 0xFF, 0x00, 0xBF, 0xFF, 0xFF, 0x00, 0x00, 0x38, 0x00,
    0x00, 0x00, 0x74, 0x00, 0x00, 0x00, 0xB0, 0x00, 0x00, 0x00, 0xF0, 0x00, 0x00, 0x00, 0x00, 0x00,
    0x00, 0x00, 0x29, 0x00, 0x00, 0x00, 0x3E, 0x00, 0x00, 0x3F, 0xFF, 0xFF, 0xF0, 0x3F, 0xFF, 0xFF,
    0xF0, 0x7F, 0xFF, 0xFF, 0xE0, 0x00, 0xF4, 0x00, 0x00, 0x01, 0xF0, 0x00, 0x00, 0x02, 0xF0, 0x00,
    0x00, 0x03, 0xF0, 0x00, 0x00, 0x03, 0xF4, 0x00, 0x00, 0x07, 0xFF, 0xFF, 0x40, 0x0B, 0xFF, 0xAB,
    0xF0, 0x0F, 0xF0, 0x00, 0xF4, 0x0F, 0xC0, 0x00, 0x78, 0x1F, 0xC0, 0x00, 0x78, 0x2F, 0x80, 0x00,
    0xB4, 0x3F, 0x80, 0x02, 0xF0, 0x3F, 0xFA, 0xBF, 0xF0, 0x3F, 0xFF, 0xFF, 0xD0, 0x3F, 0xFF, 0xFF,
    0xC0, 0x1F, 0xFF, 0xFF, 0x40, 0x0B, 0xFF, 0xF9, 0x00, 0x00, 0x00, 0x00, 0x00, 0x00, 0x2A, 0x00,
    0x00, 0x00, 0xF8, 0x00, 0x00, 0x07, 0xD0, 0x00, 0x00, 0x2F, 0x00, 0x00, 0x00, 0xF8, 0x00, 0x00,
    0xFF, 0xFF, 0xFF, 0x07, 0xFF, 0xFF, 0xFC, 0x05, 0xFD, 0x55, 0x40, 0x03, 0xF0, 0x00, 0x00, 0x1F,
    0xD0, 0x00, 0x00, 0xBF, 0xFF, 0xF4, 0x03, 0xFF, 0xEA, 0xF8, 0x0F, 0xF0, 0x00, 0xF0, 0x7F, 0x00,
    0x01, 0xD2, 0xFC, 0x00, 0x0B, 0x4F, 0xE0, 0x00, 0x3D, 0x3F, 0x40, 0x07, 0xF0, 0xFF, 0xEB, 0xFF,
    0x83, 0xFF, 0xFF, 0xFD, 0x0F, 0xFF, 0xFF, 0xF0, 0x2F, 0xFF, 0xFF, 0x00, 0x05, 0x55, 0x50, 0x00,
    0x00, 0x02, 0xFF, 0xFF, 0xFF, 0xFF, 0xFE, 0x00, 0x03, 0xFF, 0xFF, 0xFF, 0xFF, 0xFD, 0x00, 0x03,
    0xFF, 0xFF, 0xFF, 0xFF, 0xFC, 0x00, 0x03, 0xFF, 0x00, 0x00, 0x3F, 0xF4, 0x00, 0x01, 0xFF, 0x80,
    0x00, 0xFF, 0xC0, 0x00, 0x00, 0xBF, 0xC0, 0x03, 0xFE, 0x00, 0x00, 0x00, 0x3F, 0xE0, 0x0F, 0xF4,
    0x00, 0x00, 0x00, 0x0F, 0xF0, 0x3F, 0xC0, 0x00, 0x00, 0x00, 0x07, 0xF5, 0xFE, 0x00, 0x00, 0x00,
    0x00, 0x02, 0xFF, 0xF4, 0x00, 0x00, 0x00, 0x00, 0x2F, 0xFF, 0xFE, 0x00, 0x00, 0x00, 0x02, 0xFE,
    0xBF, 0x1F, 0xC0, 0x00, 0x00, 0x0B, 0xE0, 0x7E, 0x03, 0xE0, 0x00, 0x00, 0x2F, 0x80, 0xBD, 0x02,
    0xF0, 0x00, 0x00, 0x7E, 0x00, 0xFC, 0x02, 0xF0, 0x00, 0x00, 0xFC, 0x00, 0xFC, 0x01, 0xF0, 0x00,
    0x02, 0xF4, 0x02, 0xF4, 0x01, 0xF0, 0x00, 0x03, 0xF0, 0x03, 0xF0, 0x01, 0xF4, 0x00, 0x0F, 0xD0,
    0x03, 0xF0, 0x01, 0xF4, 0x00, 0x2F, 0xC0, 0x07, 0xE0, 0x02, 0xF4, 0x00, 0x3F, 0x40, 0x0F, 0xF0,
    0x02, 0xF8, 0x00, 0x00, 0x1F, 0xFF, 0xFF, 0xFF, 0x00, 0x3F, 0xFF, 0xFF, 0xFE, 0x00, 0x2F, 0xC0,
    0x03, 0xF8, 0x00, 0x0F, 0xD0, 0x0F, 0xE0, 0x00, 0x03, 0xF0, 0x3F, 0x40, 0x00, 0x01, 0xF4, 0xFC,
    0x00, 0x00, 0x00, 0xBF, 0xE0, 0x00, 0x00, 0x07, 0xFF, 0xE4, 0x00, 0x00, 0x2E, 0x3D, 0x3D, 0x00,
    0x00, 0xB4, 0x3C, 0x0F, 0x00, 0x01, 0xE0, 0x3C, 0x0F, 0x00, 0x03, 0xC0, 0x78, 0x0F, 0x00, 0x0B,
    0x80, 0xB4, 0x0F, 0x00, 0x0F, 0x00, 0xF0, 0x0F, 0x00, 0x3E, 0x01, 0xF0, 0x0F, 0x40, 0x00, 0x00,
    0x00, 0x00, 0x00, 0x00, 0x00, 0x7F, 0xE0, 0x00, 0x0F, 0x80, 0x00, 0xFF, 0xFF, 0x00, 0x07, 0xE0,
    0x00, 0xBF, 0x47, 0xE0, 0x03, 0xF0, 0x00, 0x7F, 0x00, 0xBD, 0x02, 0xF8, 0x00, 0x3F, 0x40, 0x0F,
    0xEB, 0xFC, 0x00, 0x1F, 0xC1, 0xBF, 0xFF, 0xFD, 0x00, 0x06, 0xA7, 0xFF, 0xFF, 0xF9, 0x00, 0x00,
    0x0F, 0xFF, 0xFF, 0xFD, 0x00, 0x00, 0x0F, 0xFE, 0x95, 0xBF, 0xC0, 0x00, 0x0F, 0xF8, 0x00, 0x07,
    0xF8, 0x00, 0x0B, 0xF4, 0x00, 0x00, 0xBF, 0x00, 0x07, 0xF8, 0x00, 0x00, 0x1F, 0xC0, 0x03, 0xFC,
    0x00, 0x00, 0x07, 0xF0, 0x00, 0xFE, 0x00, 0x00, 0x02, 0xFC, 0x00, 0xBF, 0x00, 0x00, 0x00, 0xFF,
    0x00, 0x3F, 0xC0, 0x00, 0x00, 0x3F, 0x80, 0x0F, 0xE0, 0x00, 0x00, 0x1F, 0xD0, 0x07, 0xF4, 0x00,
    0x00, 0x0F, 0xF0, 0x01, 0xFD, 0x00, 0x00, 0x07, 0xF8, 0x00, 0x7F, 0x80, 0x00, 0x07, 0xFC, 0x00,
    0x1F, 0xF8, 0x00, 0x1F, 0xFE, 0x00, 0x03, 0xFF, 0xFF, 0xFF, 0xFF, 0x00, 0x00, 0xFF, 0xFF, 0xFF,
    0xFF, 0x00, 0x00, 0x1F, 0xFF, 0xFF, 0xFF, 0x00, 0x00, 0x02, 0xFF, 0xFF, 0xFF, 0x00, 0x00, 0x00,
    0x1F, 0xFF, 0xFD, 0x00, 0x00, 0x00, 0x00, 0x1A, 0x50, 0x00, 0x00, 0x00, 0x00, 0x01, 0x50, 0x00,
    0x24, 0x00, 0x1F, 0xFD, 0x00, 0x7C, 0x00, 0x7E, 0x0F, 0x00, 0xF4, 0x00, 0xFC, 0x07, 0xC2, 0xF0,
    0x01, 0xF1, 0xBF, 0xFF, 0xC0, 0x02, 0xBB, 0xFF, 0xFF, 0x00, 0x00, 0x7F, 0xEA, 0xFF, 0x00, 0x00,
    0xFD, 0x00, 0x1F, 0x80, 0x03, 0xF0, 0x00, 0x0F, 0xC0, 0x07, 0xD0, 0x00, 0x0F, 0xC0, 0x0F, 0xC0,
    0x00, 0x0F, 0xC0, 0x1F, 0x40, 0x00, 0x0F, 0xC0, 0x2F, 0x00, 0x00, 0x2F, 0x40, 0x3F, 0x00, 0x00,
    0x3F, 0x00, 0x3F, 0x40, 0x00, 0xFE, 0x00, 0x3F, 0xE5, 0x5B, 0xFC, 0x00, 0x2F, 0xFF, 0xFF, 0xF0,
    0x00, 0x0F, 0xFF, 0xFF, 0xD0, 0x00, 0x07, 0xFF, 0xFE, 0x00, 0x00, 0x00, 0xBF, 0xE4, 0x00, 0x00,
    0x00, 0x00, 0x00, 0x00, 0x00, 0x00, 0x00, 0x00, 0x00, 0x00, 0x00, 0x00, 0x00, 0x00, 0x00, 0x00,
    0x00, 0x00, 0x00, 0x00, 0x00, 0x00, 0x00, 0xBF, 0xE0, 0x00, 0x00, 0x00, 0x00, 0x00, 0x02, 0xFF,
    0xFD, 0x00, 0x00, 0x00, 0x00, 0x00, 0x07, 0xFF, 0xFE, 0x00, 0x00, 0x00, 0x00, 0x00, 0x07, 0xFF,
    0xFF, 0x02, 0xA4, 0x00, 0x00, 0x00, 0x0B, 0xFF, 0xFF, 0x00, 0xFF, 0x00, 0x00, 0x00, 0x0F, 0xFE,
    0x41, 0x00, 0x3F, 0xC0, 0x00, 0x00, 0x0B, 0xFC, 0x00, 0x00, 0x0F, 0xF0, 0x00, 0x00, 0x03, 0xF8,
    0x00, 0x00, 0x03, 0xFC, 0x00, 0x00, 0x03, 0xFC, 0x00, 0x00, 0x00, 0xFF, 0x00, 0x00, 0x02, 0xFE,
    0x00, 0x00, 0x00, 0x3F, 0xD0, 0x00, 0x01, 0xFF, 0x00, 0x00, 0x00, 0x0B, 0xF4, 0x00, 0x00, 0xFF,
    0x40, 0x00, 0x00, 0x02, 0xFD, 0x00, 0x00, 0xBF, 0x80, 0x00, 0x00, 0x00, 0xBF, 0x80, 0x00, 0x7F,
    0xC0, 0x00, 0x00, 0x00, 0x2F, 0xE0, 0x00, 0x3F, 0xE0, 0x00, 0x00, 0x00, 0x0B, 0xFC, 0x00, 0x2F,
    0xF0, 0x00, 0x00, 0x00, 0x01, 0xFF, 0x00, 0x1F, 0xF4, 0x00, 0x00, 0x00, 0x00, 0x7F, 0xC0, 0x0F,
    0xF8, 0x00, 0x00, 0x00, 0x00, 0x1F, 0xF0, 0x0B, 0xFC, 0x00, 0x00, 0x00, 0x00, 0x07, 0xFC, 0x07,
    0xFE, 0x00, 0x00, 0x00, 0x00, 0x01, 0xFF, 0x43, 0xFF, 0x00, 0x00, 0x00, 0x00, 0x00, 0x3F, 0xD2,
    0xFF, 0x40, 0x00, 0x00, 0x00, 0x00, 0x0F, 0xFF, 0xFF, 0x80, 0x00, 0x00, 0x00, 0x00, 0x03, 0xFF,
    0xFF, 0xC0, 0x00, 0x00, 0x00, 0x00, 0x00, 0xFF, 0xFF, 0xE0, 0x00, 0x00, 0x00, 0x00, 0x00, 0x3F,
    0xFF, 0xF0, 0x00, 0x00, 0x00, 0x00, 0x00, 0x0F, 0xFF, 0xF4, 0x00, 0x00, 0x00, 0x00, 0x00, 0x03,
    0xFF, 0xFC, 0x00, 0x00, 0x00, 0x00, 0x00, 0x00, 0xFF, 0xFC, 0x00, 0x00, 0x00, 0x00, 0x00, 0x00,
    0x00, 0x00, 0x00, 0x00, 0x00, 0x00, 0x00, 0x00, 0x0B, 0xD1, 0x40, 0x00, 0x00, 0xFF, 0x1F, 0x00,
    0x00, 0x0F, 0xD4, 0x7D, 0x00, 0x00, 0x7D, 0x01, 0xF4, 0x00, 0x03, 0xE0, 0x07, 0xE0, 0x00, 0x3F,
    0x00, 0x0F, 0x80, 0x01, 0xF4, 0x00, 0x3E, 0x00, 0x0F, 0xC0, 0x00, 0xFC, 0x00, 0xFD, 0x00, 0x03,
    0xF0, 0x07, 0xE0, 0x00, 0x0F, 0xC0, 0x3F, 0x00, 0x00, 0x3F, 0x03, 0xF8, 0x00, 0x00, 0xFD, 0x1F,
    0xC0, 0x00, 0x03, 0xF4, 0xFD, 0x00, 0x00, 0x0F, 0xFF, 0xE0, 0x00, 0x00, 0x3F, 0xFF, 0x00, 0x00,
    0x00, 0xBF, 0xF8, 0x00, 0x00, 0x02, 0xFF, 0xC0, 0x00, 0x00, 0x0B, 0xFD, 0x00, 0x00, 0x00, 0x00,
    0x00, 0x54, 0x00, 0x03, 0xE0, 0x00, 0x1F, 0x05, 0x55, 0xBC, 0xBF, 0xFF, 0xF0, 0x00, 0x0F, 0x40,
    0x00, 0x7C, 0x00, 0x02, 0xF0, 0x00, 0x0F, 0x80, 0x00, 0x00, 0x00, 0x00, 0x00, 0x00, 0x00, 0x00,
    0x00, 0x00, 0x7C, 0x00, 0x00, 0x00, 0x00, 0x0B, 0xC0, 0x00, 0x15, 0x55, 0x55, 0xF8, 0x00, 0x0F,
    0xFF, 0xFF, 0xFF, 0x00, 0x00, 0xFF, 0xFF, 0xFF, 0xF0, 0x00, 0x1F, 0x80, 0x00, 0x00, 0x00, 0x02,
    0xF8, 0x00, 0x00, 0x00, 0x00, 0x3F, 0x40, 0x00, 0x00, 0x00, 0x07, 0xF0, 0x00, 0x00, 0x00, 0x00,
    0xBF, 0x00, 0x00, 0x00, 0x00, 0x0F, 0xE0, 0x00, 0x00, 0x00, 0x00, 0xFD, 0x00, 0x00, 0x00, 0x00,
    0x1F, 0xC0, 0x00, 0x00, 0x00, 0x02, 0xFC, 0x00, 0x00, 0x00, 0x00, 0x3F, 0xC0, 0x00, 0x00, 0x00,
    0x03, 0xF8, 0x00, 0x00, 0x00, 0x00, 0xBF, 0x40, 0x00, 0x00, 0x00, 0x0F, 0xF0, 0x00, 0x00, 0x00,
    0x00, 0xFF, 0x00, 0x00, 0x00, 0x00, 0x1F, 0xE0, 0x00, 0x00, 0x00, 0x02, 0xFE, 0x00, 0x00, 0x00,
    0x00, 0x3F, 0xD0, 0x00, 0x00, 0x00, 0x03, 0xFC, 0x00, 0x00, 0x00, 0x00, 0xBF, 0xC0, 0x00, 0x00,
    0x00, 0x00, 0x00, 0x00, 0x00, 0x00, 0xA0, 0x00, 0x00, 0x00, 0x0B, 0xC0, 0x00, 0x00, 0x00, 0x3F,
    0x00, 0x00, 0x00, 0x00, 0xF4, 0x00, 0x7F, 0xFF, 0xFF, 0xC0, 0x02, 0xFF, 0xFF, 0xFF, 0x00, 0x0F,
    0xC0, 0x00, 0x00, 0x00, 0x3F, 0x00, 0x00, 0x00, 0x01, 0xFC, 0x00, 0x00, 0x00, 0x0B, 0xE0, 0x00,
    0x00, 0x00, 0x3F, 0x40, 0x00, 0x00, 0x01, 0xFC, 0x00, 0x00, 0x00, 0x0B, 0xF0, 0x00, 0x00, 0x00,
    0x3F, 0xC0, 0x00, 0x00, 0x00, 0xFE, 0x00, 0x00, 0x00, 0x07, 0xF4, 0x00, 0x00, 0x00, 0x2F, 0xD0,
    0x00, 0x00, 0x00, 0xFF, 0x00, 0x00, 0x00, 0x03, 0xFC, 0x00, 0x00, 0x00, 0x2F, 0xE0, 0x00, 0x00,
    0x00, 0x00, 0x01, 0x55, 0x55, 0x55, 0x00, 0x03, 0xFF, 0xFF, 0xFF, 0xC0, 0x00, 0xFF, 0xFF, 0xFF,
    0xF0, 0x00, 0x7E, 0x00, 0x00, 0x00, 0x00, 0x2F, 0x80, 0x00, 0x00, 0x00, 0x0F, 0xD0, 0x00, 0x00,
    0x00, 0x03, 0xF0, 0x00, 0x00, 0x00, 0x02, 0xFC, 0x00, 0x00, 0x00, 0x07, 0xFF, 0xFF, 0xFF, 0xF0,
    0x02, 0xFF, 0xFF, 0xFF, 0xF8, 0x00, 0xFF, 0xFF, 0xFF, 0xFD, 0x00, 0x0B, 0xF0, 0x00, 0x00, 0x00,
    0x03, 0xFC, 0x00, 0x00, 0x00, 0x00, 0xFE, 0x00, 0x00, 0x00, 0x00, 0xBF, 0x40, 0x00, 0x00, 0x00,
    0x3F, 0xC0, 0x00, 0x00, 0x00, 0x0F, 0xF0, 0x00, 0x00, 0x00, 0x07, 0xF8, 0x00, 0x00, 0x00, 0x02,
    0xFE, 0x00, 0x00, 0x00, 0x00, 0xFF, 0x40, 0x00, 0x00, 0x00, 0x3F, 0xC0, 0x00, 0x00, 0x00, 0x2F,
    0xF0, 0x00, 0x00, 0x00, 0x00, 0x00, 0x2A, 0xAA, 0xA4, 0x01, 0xFF, 0xFF, 0xD0, 0x0B, 0x80, 0x00,
    0x00, 0x3D, 0x00, 0x00, 0x00, 0xF0, 0x00, 0x00, 0x2F, 0xFF, 0xFF, 0x00, 0xFF, 0xFF, 0xF8, 0x00,
    0xF8, 0x00, 0x00, 0x07, 0xD0, 0x00, 0x00, 0x2F, 0x00, 0x00, 0x00, 0xFC, 0x00, 0x00, 0x03, 0xE0,
    0x00, 0x00, 0x1F, 0x40, 0x00, 0x00, 0xBC, 0x00, 0x00, 0x03, 0xF0, 0x00, 0x00, 0x00, 0x00, 0x00,
    0xBF, 0xFF, 0xFF, 0xF8, 0x00, 0x0F, 0xFF, 0xFF, 0xFF, 0xD0, 0x00, 0x7F, 0xFF, 0xFF, 0xFF, 0x00,
    0x03, 0xF0, 0x00, 0x00, 0x00, 0x00, 0x0F, 0x80, 0x00, 0x00, 0x00, 0x00, 0x7D, 0x00, 0x00, 0x00,
    0x00, 0x02, 0xF4, 0x00, 0x00, 0x00, 0x00, 0x0F, 0xC0, 0x00, 0x00, 0x00, 0x00, 0x3F, 0x00, 0x00,
    0x00, 0x00, 0x01, 0xF8, 0x00, 0x00, 0x00, 0x00, 0x0F, 0xD0, 0x00, 0x00, 0x00, 0x00, 0x3F, 0xAF,
    0xFE, 0x00, 0x00, 0x01, 0xFF, 0xFF, 0xFF, 0x00, 0x00, 0x0B, 0xFE, 0x00, 0xBF, 0x00, 0x00, 0x3F,
    0xC0, 0x00, 0xFD, 0x00, 0x00, 0xFD, 0x00, 0x01, 0xF4, 0x00, 0x0B, 0xE0, 0x00, 0x03, 0xD0, 0x00,
    0x3F, 0x40, 0x00, 0x1F, 0x40, 0x00, 0xFC, 0x00, 0x00, 0xBC, 0x00, 0x07, 0xE0, 0x00, 0x03, 0xE0,
    0x00, 0x2F, 0x40, 0x00, 0x7F, 0x00, 0x00, 0xFD, 0x00, 0x7F, 0xF8, 0x00, 0x03, 0xF0, 0x02, 0xFF,
    0xC0, 0x00, 0x2F, 0xC0, 0x0B, 0xE4, 0x00, 0x00, 0x00, 0x2F, 0xFF, 0x00, 0x2F, 0xFF, 0xC0, 0x0F,
    0x00, 0x00, 0x03, 0xC0, 0x00, 0x01, 0xE0, 0x00, 0x00, 0xB4, 0x00, 0x00, 0x3C, 0x14, 0x00, 0x0F,
    0xFF, 0xD0, 0x0B, 0xE0, 0x3C, 0x03, 0xD0, 0x07, 0x40, 0xF0, 0x01, 0xD0, 0x78, 0x00, 0xB0, 0x2D,
    0x00, 0x3C, 0x0F, 0x01, 0xFC, 0x03, 0xC0, 0xB8, 0x00, 0x00, 0x00, 0xFF, 0x00, 0x1F, 0xFF, 0x00,
    0x1F, 0xF0, 0x00, 0x03, 0xFD, 0x00, 0xBF, 0xF8, 0x01, 0xFF, 0x00, 0x00, 0x07, 0xFC, 0x02, 0xFF,
    0xD0, 0x0F, 0xF0, 0x00, 0x00, 0x0F, 0xF4, 0x0B, 0xFF, 0x00, 0xFF, 0x00, 0x00, 0x00, 0x1F, 0xE0,
    0x3F, 0xF8, 0x0F, 0xF4, 0x00, 0x00, 0x00, 0x3F, 0xC0, 0xFF, 0xD0, 0xBF, 0x40, 0x00, 0x00, 0x00,
    0xBF, 0x83, 0xFF, 0x0B, 0xF8, 0x00, 0x00, 0x00, 0x00, 0xFF, 0x0F, 0xF8, 0x7F, 0x80, 0x00, 0x00,
    0x00, 0x03, 0xFD, 0x3F, 0xD7, 0xFC, 0x00, 0x00, 0x00, 0x00, 0x07, 0xFD, 0xFF, 0x7F, 0xC0, 0x00,
    0x00, 0x00, 0x00, 0x0F, 0xFB, 0xFF, 0xFC, 0x00, 0x00, 0x00, 0x00, 0x00, 0x1F, 0xFF, 0xFF, 0xD0,
    0x00, 0x00, 0x00, 0x00, 0x00, 0x3F, 0xFF, 0xFD, 0x00, 0x00, 0x00, 0x00, 0x00, 0x00, 0xFF, 0xFF,
    0xF0, 0x00, 0x00, 0x00, 0x00, 0x00, 0x0F, 0xFF, 0xFF, 0xD0, 0x00, 0x00, 0x00, 0x00, 0x00, 0xFF,
    0xFF, 0xFF, 0xC0, 0x00, 0x00, 0x00, 0x00, 0x0F, 0xFF, 0xFF, 0xFF, 0xC0, 0x00, 0x00, 0x00, 0x01,
    0xFF, 0xFF, 0xFF, 0xFF, 0x80, 0x00, 0x00, 0x00, 0x1F, 0xFF, 0xFF, 0xEF, 0xFF, 0x00, 0x00, 0x00,
    0x02, 0xFF, 0xF3, 0xFF, 0xAF, 0xFF, 0x00, 0x00, 0x00, 0x2F, 0xFF, 0x1F, 0xFD, 0x3F, 0xFE, 0x00,
    0x00, 0x02, 0xFF, 0xF0, 0xFF, 0xF4, 0xBF, 0xFD, 0x00, 0x00, 0x3F, 0xFF, 0x03, 0xFF, 0xD0, 0xFF,
    0xFC, 0x00, 0x03, 0xFF, 0xF4, 0x2F, 0xFF, 0x02, 0xFF, 0xF8, 0xB4, 0x3F, 0xFF, 0x40, 0xFF, 0xFC,
    0x03, 0xFF, 0xF7, 0xC0, 0x00, 0x00, 0x00, 0x00, 0x00, 0x00, 0x00, 0x0F, 0x00, 0x00, 0x00, 0x00,
    0x00, 0x00, 0x00, 0x00, 0x78, 0x00, 0x00, 0x00, 0x00, 0x00, 0x00, 0x00, 0x02, 0xD0, 0x00, 0x00,
    0x00, 0x00, 0x00, 0x00, 0x00, 0x0F, 0x00, 0x00, 0x00, 0x00, 0x00, 0x00, 0x00, 0x00, 0x03, 0xF0,
    0x1F, 0xF0, 0x0F, 0x80, 0x00, 0xBD, 0x07, 0xF8, 0x0F, 0xC0, 0x00, 0x0F, 0xC2, 0xFD, 0x0F, 0xC0,
    0x00, 0x02, 0xF0, 0xBF, 0x0F, 0xC0, 0x00, 0x00, 0x3E, 0x2F, 0x8B, 0xC0, 0x00, 0x00, 0x0F, 0xCF,
    0xDB, 0xD0, 0x00, 0x00, 0x01, 0xFB, 0xF7, 0xD0, 0x00, 0x00, 0x00, 0x3F, 0xFF, 0xE0, 0x00, 0x00,
    0x00, 0x07, 0xFF, 0xE0, 0x00, 0x00, 0x00, 0x02, 0xFF, 0xF4, 0x00, 0x00, 0x00, 0x02, 0xFF, 0xFF,
    0x00, 0x00, 0x00, 0x03, 0xFF, 0xFF, 0xF0, 0x00, 0x00, 0x03, 0xFF, 0xFE, 0xFE, 0x00, 0x00, 0x07,
    0xFD, 0xFF, 0x3F, 0xD0, 0x00, 0x07, 0xFD, 0x7F, 0xCB, 0xFC, 0x00, 0x07, 0xFD, 0x2F, 0xF1, 0xFF,
    0x84, 0x0B, 0xFD, 0x0F, 0xF8, 0x3F, 0xF7, 0x40, 0x00, 0x00, 0x00, 0x00, 0x00, 0xC0, 0x00, 0x00,
    0x00, 0x00, 0x00, 0xB0, 0x00, 0x00, 0x00, 0x00, 0x00, 0x14, 0x00, 0x00, 0x00, 0x00, 0x00, 0x00,
    0x00, 0x06, 0xBF, 0xE4, 0x00, 0x00, 0x7F, 0xFF, 0xFD, 0x00, 0x02, 0xFE, 0xAB, 0xFC, 0x00, 0x00,
    0x00, 0x03, 0xF4, 0x00, 0x00, 0x00, 0x07, 0xE0, 0x00, 0x00, 0x00, 0x2F, 0x40, 0x00, 0x00, 0x00,
    0xFC, 0x00, 0x00, 0x00, 0x0F, 0xE0, 0x00, 0x05, 0x56, 0xFE, 0x00, 0x00, 0x7F, 0xFF, 0x90, 0x00,
    0x02, 0xFF, 0xFD, 0x00, 0x00, 0x00, 0x00, 0xBE, 0x00, 0x00, 0x00, 0x00, 0xBC, 0x00, 0x00, 0x00,
    0x01, 0xF4, 0x00, 0x00, 0x00, 0x07, 0xD0, 0x00, 0x00, 0x00, 0x3F, 0x00, 0x00, 0x00, 0x03, 0xFC,
    0x01, 0xE0, 0x00, 0xBF, 0xD0, 0x0B, 0xFF, 0xFF, 0xFF, 0x00, 0x3F, 0xFF, 0xFF, 0xF0, 0x00, 0xFF,
    0xFF, 0xFE, 0x00, 0x00, 0x6F, 0xFE, 0x40, 0x00, 0x00, 0x03, 0xD0, 0x00, 0x00, 0x00, 0x0F, 0x00,
    0x00, 0x00, 0x00, 0x7C, 0x00, 0x00, 0x00, 0x00, 0x00, 0x00, 0x00, 0x00, 0x00, 0x00, 0x10, 0x00,
    0x01, 0xFF, 0xF4, 0x00, 0x24, 0x02, 0xC0, 0x00, 0x00, 0x0D, 0x00, 0x00, 0x00, 0xD0, 0x00, 0x00,
    0x2C, 0x00, 0x00, 0x0B, 0x40, 0x00, 0xFF, 0x80, 0x00, 0x1A, 0xFC, 0x00, 0x00, 0x01, 0xF0, 0x00,
    0x00, 0x0F, 0x00, 0x00, 0x01, 0xF0, 0x00, 0x00, 0xBD, 0x00, 0xFF, 0xFF, 0xC0, 0x1F, 0xFF, 0xF0,
    0x01, 0xFF, 0xE4, 0x00, 0x05, 0x00, 0x00, 0x00, 0xF9, 0x00, 0x00, 0x00, 0x34, 0x00, 0x00, 0x03,
    0x40, 0x00, 0x00, 0xB0, 0x00, 0x07, 0xFD, 0x00, 0x00, 0x69, 0x00, 0x00, 0x00, 0x00, 0x00, 0x3F,
    0x40, 0x0F, 0xF0, 0x00, 0x00, 0x7F, 0x00, 0x3F, 0xD0, 0x00, 0x00, 0xFE, 0x00, 0xFF, 0x40, 0x00,
    0x00, 0xFD, 0x02, 0xFE, 0x00, 0x00, 0x02, 0xFC, 0x0B, 0xF8, 0x00, 0x00, 0x03, 0xF8, 0x1F, 0xF0,
    0x00, 0x00, 0x03, 0xF4, 0x7F, 0xC0, 0x00, 0x00, 0x0B, 0xF0, 0xFF, 0x00, 0x00, 0x00, 0x0F, 0xE3,
    0xFD, 0x00, 0x00, 0x00, 0x1F, 0xDF, 0xF4, 0x00, 0x00, 0x00, 0x2F, 0xFF, 0xE0, 0x00, 0x00, 0x00,
    0x3F, 0xFF, 0x80, 0x00, 0x00, 0x00, 0x7F, 0xFF, 0x00, 0x00, 0x00, 0x00, 0xBF, 0xFC, 0x00, 0x00,
    0x00, 0x00, 0xFF, 0xFF, 0x00, 0x00, 0x00, 0x01, 0xFF, 0xFF, 0x40, 0x00, 0x00, 0x03, 0xFF, 0xFF,
    0xC0, 0x00, 0x00, 0x03, 0xFC, 0xFF, 0xF0, 0x00, 0x00, 0x07, 0xF8, 0xBF, 0xF8, 0x00, 0x00, 0x0F,
    0xF4, 0x3F, 0xFC, 0x00, 0x00, 0x0F, 0xF0, 0x2F, 0xFF, 0x00, 0x00, 0x2F, 0xE0, 0x1F, 0xFF, 0x80,
    0x00, 0x3F, 0xD0, 0x0F, 0xFF, 0xD0, 0x00, 0x3F, 0xC0, 0x07, 0xFF, 0xF0, 0x00, 0xBF, 0x80, 0x03,
    0xFF, 0xF8, 0x1E, 0x00, 0x00, 0x00, 0x00, 0x00, 0x2D, 0x00, 0x00, 0x00, 0x00, 0x00, 0x3C, 0x00,
    0x00, 0x00, 0x00, 0x00, 0x78, 0x00, 0x00, 0x00, 0x00, 0x00, 0x64, 0x00, 0x00, 0x00, 0x00, 0x00,
    0x01, 0xF0, 0x0F, 0x80, 0x00, 0xB8, 0x0F, 0xC0, 0x00, 0x3D, 0x0F, 0xC0, 0x00, 0x1F, 0x0F, 0xC0,
    0x00, 0x0F, 0x8B, 0xC0, 0x00, 0x03, 0xDB, 0xD0, 0x00, 0x01, 0xFB, 0xD0, 0x00, 0x00, 0xFF, 0xE0,
    0x00, 0x00, 0x3F, 0xE0, 0x00, 0x00, 0x2F, 0xF4, 0x00, 0x00, 0x0F, 0xFF, 0x00, 0x00, 0x03, 0xEF,
    0xF0, 0x00, 0x02, 0xF2, 0xFE, 0x00, 0x00, 0xFC, 0x3F, 0xD0, 0x00, 0x7E, 0x0B, 0xFC, 0x00, 0x2F,
    0x00, 0xFF, 0x80, 0x0F, 0xC0, 0x3F, 0xF4, 0x60, 0x00, 0x00, 0x00, 0x38, 0x00, 0x00, 0x00, 0x0D,
    0x00, 0x00, 0x00, 0x00, 0x00, 0x00, 0x00, 0xF4, 0x00, 0x00, 0x7F, 0x40, 0x00, 0x7C, 0x00, 0x00,
    0x3F, 0x40, 0x00, 0x3F, 0x00, 0x00, 0x3F, 0x80, 0x00, 0x0F, 0x80, 0x00, 0x3F, 0x80, 0x00, 0x0B,
    0xDB, 0xD0, 0x2F, 0xC0, 0x00, 0x03, 0xF3, 0xF4, 0x1F, 0xC0, 0x00, 0x00, 0xF8, 0xFC, 0x1F, 0xC0,
    0x00, 0x00, 0xBD, 0x7F, 0x0F, 0xD0, 0x00, 0x00, 0x3F, 0x2F, 0xCF, 0xD0, 0x00, 0x00, 0x1F, 0xCF,
    0xEF, 0xE0, 0x00, 0x00, 0x0B, 0xE3, 0xFF, 0xE0, 0x00, 0x00, 0x03, 0xFF, 0xFF, 0xF0, 0x00, 0x00,
    0x01, 0xFF, 0xFF, 0xFC, 0x00, 0x00, 0x00, 0xFE, 0x2F, 0xFF, 0xC0, 0x00, 0x00, 0x3F, 0x4F, 0xFF,
    0xF8, 0x00, 0x00, 0x2F, 0xC3, 0xF9, 0xFF, 0x40, 0x00, 0x0F, 0xE1, 0xFD, 0x3F, 0xF0, 0x00, 0x03,
    0xF4, 0xBF, 0x0B, 0xFF, 0x00, 0x02, 0xFC, 0x3F, 0xC0, 0xFF, 0xF0, 0x00, 0xFE, 0x00, 0x00, 0x2F,
    0xFE, 0x00, 0x7F, 0x40, 0x00, 0x03, 0xFF, 0xD0, 0x00, 0x00, 0x1D, 0x00, 0x01, 0x50, 0x03, 0xC0,
    0x00, 0xBC, 0x00, 0x78, 0x00, 0x1F, 0x00, 0x0B, 0x69, 0x07, 0xD0, 0x00, 0xF3, 0xD1, 0xF4, 0x00,
    0x1E, 0x3D, 0x3D, 0x00, 0x03, 0xD7, 0xDF, 0x40, 0x00, 0x3E, 0xFF, 0xD0, 0x00, 0x0B, 0xFF, 0xF8,
    0x00, 0x00, 0xF4, 0xFF, 0xC0, 0x00, 0x1F, 0x1F, 0xBF, 0x00, 0x02, 0xF2, 0xF3, 0xF8, 0x00, 0x3E,
    0x3F, 0x1F, 0xE0, 0x07, 0xC3, 0xF0, 0xFF, 0x40, 0xFC, 0x00, 0x07, 0xFD, 0x00, 0x00, 0x00, 0x3F,
    0x40, 0x0F, 0xF0, 0x00, 0x01, 0xFC, 0x00, 0xFF, 0x40, 0x01, 0xFF, 0xFF, 0x4B, 0xF4, 0x00, 0x0A,
    0xFF, 0xE8, 0xBF, 0x80, 0x00, 0x02, 0xFC, 0x07, 0xF8, 0x00, 0x00, 0x0F, 0xE0, 0x7F, 0xC0, 0x00,
    0x00, 0x3F, 0x43, 0xFC, 0x00, 0x00, 0x02, 0xFC, 0x3F, 0xC0, 0x00, 0x00, 0x0F, 0xE3, 0xFD, 0x00,
    0x00, 0x00, 0x7F, 0x7F, 0xD0, 0x00, 0x00, 0x02, 0xFF, 0xFE, 0x00, 0x00, 0x00, 0x0F, 0xFF, 0xE0,
    0x00, 0x00, 0x00, 0x7F, 0xFF, 0x00, 0x00, 0x00, 0x02, 0xFF, 0xF0, 0x00, 0x00, 0x00, 0x0F, 0xFF,
    0xF0, 0x00, 0x00, 0x00, 0x7F, 0xFF, 0xD0, 0x00, 0x00, 0x02, 0xFF, 0xFF, 0xC0, 0x00, 0x00, 0x0F,
    0xF3, 0xFF, 0xC0, 0x00, 0x00, 0x7F, 0x8B, 0xFF, 0x80, 0x00, 0x03, 0xFD, 0x0F, 0xFF, 0x40, 0x00,
    0x0F, 0xF0, 0x2F, 0xFF, 0x00, 0x00, 0x7F, 0x80, 0x3F, 0xFE, 0x00, 0x03, 0xFD, 0x00, 0xBF, 0xFD,
    0x00, 0x0F, 0xF0, 0x01, 0xFF, 0xFC, 0x00, 0xBF, 0x80, 0x03, 0xFF, 0xF8, 0x00, 0x00, 0x01, 0xF4,
    0x00, 0x00, 0x02, 0xF0, 0x00, 0x05, 0x5B, 0xF9, 0x40, 0x0B, 0xFF, 0xFF, 0xC0, 0x0F, 0xFF, 0xFF,
    0x80, 0x00, 0x0F, 0xC0, 0x00, 0x00, 0x1F, 0x80, 0x00, 0x00, 0x2F, 0x40, 0x00, 0x00, 0x3F, 0x02,
    0xF8, 0x00, 0x7E, 0x0F, 0xE0, 0x00, 0xBD, 0x3F, 0x80, 0x00, 0xFC, 0xFE, 0x00, 0x01, 0xFF, 0xF4,
    0x00, 0x02, 0xFF, 0xD0, 0x00, 0x03, 0xFF, 0x80, 0x00, 0x07, 0xFF, 0xD0, 0x00, 0x0B, 0xEF, 0xF0,
    0x00, 0x0F, 0xDB, 0xFC, 0x00, 0x0F, 0xC3, 0xFE, 0x00, 0x2F, 0xC2, 0xFF, 0x40, 0x3F, 0x80, 0xFF,
    0xC0, 0x3F, 0x40, 0xBF, 0xF0, 0xBF, 0x00, 0x3F, 0xFC, 0x2F, 0xFF, 0xFF, 0xF4, 0x00, 0xFF, 0x0F,
    0xFF, 0xFF, 0xFC, 0x00, 0xFF, 0x47, 0xFF, 0xFF, 0xFE, 0x00, 0xBF, 0x40, 0x00, 0x00, 0x3F, 0x40,
    0xBF, 0x80, 0x00, 0x00, 0x2F, 0xC0, 0x7F, 0x80, 0x00, 0x00, 0x0F, 0xE0, 0x7F, 0xC0, 0x00, 0x00,
    0x03, 0xF4, 0x3F, 0xC0, 0x00, 0x00, 0x02, 0xFC, 0x3F, 0xC0, 0x00, 0x00, 0x00, 0xFE, 0x3F, 0xD0,
    0x00, 0x00, 0x00, 0x7F, 0x7F, 0xD0, 0x00, 0x00, 0x00, 0x2F, 0xFF, 0xE0, 0x00, 0x00, 0x00, 0x0F,
    0xFF, 0xE0, 0x00, 0x00, 0x00, 0x07, 0xFF, 0xF0, 0x00, 0x00, 0x00, 0x02, 0xFF, 0xF0, 0x00, 0x00,
    0x00, 0x00, 0xFF, 0xFF, 0x00, 0x00, 0x00, 0x00, 0x7F, 0xFF, 0xD0, 0x00, 0x00, 0x00, 0x2F, 0xFF,
    0xFC, 0x00, 0x00, 0x00, 0x0F, 0xF3, 0xFF, 0xC0, 0x00, 0x00, 0x07, 0xF8, 0xBF, 0xF8, 0x00, 0x00,
    0x03, 0xFD, 0x0F, 0xFF, 0x40, 0x00, 0x00, 0xFF, 0x02, 0xFF, 0xF0, 0x00, 0x00, 0x7F, 0x80, 0x3F,
    0xFE, 0x00, 0x00, 0x3F, 0xD0, 0x0B, 0xFF, 0xD0, 0x00, 0x0F, 0xF0, 0x01, 0xFF, 0xFC, 0x00, 0x0B,
    0xF8, 0x00, 0x3F, 0xFF, 0x80, 0x00, 0x00, 0x00, 0x00, 0x00, 0x2F, 0xFF, 0xF4, 0x0F, 0xCF, 0xFF,
    0xFC, 0x0B, 0xC0, 0x00, 0x3E, 0x0B, 0xD0, 0x00, 0x0F, 0x4B, 0xD0, 0x00, 0x07, 0xC7, 0xD0, 0x00,
    0x03, 0xE7, 0xE0, 0x00, 0x00, 0xFB, 0xE0, 0x00, 0x00, 0x7F, 0xF0, 0x00, 0x00, 0x3F, 0xF0, 0x00,
    0x00, 0x0F, 0xFC, 0x00, 0x00, 0x0B, 0xFF, 0x40, 0x00, 0x03, 0xFF, 0xF0, 0x00, 0x00, 0xF9, 0xFF,
    0x00, 0x00, 0xBC, 0x3F, 0xE0, 0x00, 0x3F, 0x07, 0xFD, 0x00, 0x1F, 0x80, 0xFF, 0xC0, 0x0B, 0xC0,
    0x1F, 0xF8, 0x00, 0x00, 0x01, 0xA4, 0x00, 0x00, 0x06, 0xA0, 0x00, 0x0B, 0xE0, 0x00, 0x00, 0x2F,
    0xC0, 0x00, 0x3F, 0x40, 0x00, 0x00, 0xFE, 0x00, 0x01, 0xFD, 0x00, 0x00, 0x07, 0xF4, 0x00, 0x0B,
    0xF0, 0x00, 0x00, 0x2F, 0xC0, 0x00, 0x3F, 0xC0, 0x00, 0x00, 0xFF, 0x00, 0x00, 0xFE, 0x00, 0x00,
    0x03, 0xF8, 0x00, 0x0B, 0xF4, 0x00, 0x00, 0x2F, 0xD0, 0x00, 0x3F, 0xC0, 0x00, 0x00, 0xFF, 0x00,
    0x00, 0xFF, 0x00, 0x00, 0x03, 0xFC, 0x00, 0x07, 0xF8, 0x00, 0x00, 0x1F, 0xE0, 0x00, 0x2F, 0xD0,
    0x00, 0x00, 0xBF, 0x80, 0x00, 0xFF, 0x00, 0x00, 0x03, 0xFD, 0x00, 0x07, 0xFE, 0x55, 0x55, 0x6F,
    0xF0, 0x00, 0x2F, 0xFF, 0xFF, 0xFF, 0xFF, 0xC0, 0x00, 0xFF, 0xFF, 0xFF, 0xFF, 0xFE, 0x00, 0x03,
    0xFF, 0xFF, 0xFF, 0xFF, 0xF4, 0x00, 0x2F, 0xFF, 0xFF, 0xFF, 0xFF, 0xC0, 0x00, 0xFF, 0xFF, 0xFF,
    0xFF, 0xFF, 0x00, 0x03, 0xFE, 0x00, 0x00, 0x0F, 0xF8, 0x00, 0x1F, 0xF4, 0x00, 0x00, 0x7F, 0xD0,
    0x00, 0xBF, 0xC0, 0x00, 0x03, 0xFF, 0x00, 0x03, 0xFF, 0x00, 0x00, 0x0F, 0xFC, 0x00, 0x1F, 0xF8,
    0x00, 0x00, 0x7F, 0xF0, 0x68, 0xBF, 0xD0, 0x00, 0x02, 0xFF, 0x83, 0xE0, 0x00, 0x00, 0x00, 0x00,
    0x00, 0x0F, 0x00, 0x00, 0x00, 0x00, 0x00, 0x00, 0x7C, 0x00, 0x00, 0x00, 0x00, 0x00, 0x02, 0xE0,
    0x00, 0x1F, 0x00, 0x00, 0xF4, 0x00, 0xBC, 0x00, 0x03, 0xC0, 0x03, 0xE0, 0x00, 0x2F, 0x00, 0x0F,
    0x40, 0x00, 0xFC, 0x00, 0x7C, 0x00, 0x03, 0xE0, 0x03, 0xF0, 0x00, 0x1F, 0x40, 0x0F, 0x80, 0x00,
    0xBC, 0x00, 0x7D, 0x00, 0x03, 0xF0, 0x02, 0xF4, 0x00, 0x1F, 0x80, 0x0F, 0xFF, 0xFF, 0xFD, 0x00,
    0x7F, 0xFF, 0xFF, 0xF0, 0x02, 0xFF, 0xFF, 0xFF, 0xC0, 0x0F, 0xFF, 0xFF, 0xFF, 0x00, 0x3F, 0x00,
    0x03, 0xF8, 0x01, 0xFC, 0x00, 0x0F, 0xD0, 0x0B, 0xE0, 0x00, 0x7F, 0x00, 0x3F, 0x40, 0x02, 0xFC,
    0x74, 0x00, 0x00, 0x00, 0x02, 0xC0, 0x00, 0x00, 0x00, 0x0F, 0x00, 0x00, 0x00, 0x00, 0x10, 0x00,
    0x00, 0x00, 0x00, 0x00, 0x00, 0x00, 0x00, 0x00, 0x00, 0x02, 0xFC, 0x00, 0x00, 0x0B, 0xFF, 0xFF,
    0xFF, 0x00, 0x03, 0xF8, 0x00, 0x00, 0x0F, 0xFF, 0xFF, 0xFE, 0x00, 0x03, 0xF4, 0x00, 0x00, 0x0F,
    0xFF, 0xFF, 0xFD, 0x00, 0x07, 0xF0, 0x00, 0x00, 0x1F, 0xD0, 0x00, 0x00, 0x00, 0x0B, 0xF0, 0x00,
    0x00, 0x2F, 0xC0, 0x00, 0x00, 0x00, 0x0F, 0xF0, 0x00, 0x00, 0x3F, 0xC0, 0x00, 0x00, 0x00, 0x1F,
    0xE0, 0x00, 0x00, 0x7F, 0x80, 0x00, 0x00, 0x00, 0x2F, 0xD0, 0x00, 0x00, 0xBF, 0x40, 0x00, 0x00,
    0x00, 0x3F, 0xC0, 0x00, 0x00, 0xFF, 0x00, 0x00, 0x00, 0x00, 0x3F, 0xC0, 0x00, 0x00, 0xFF, 0x00,
    0x00, 0x00, 0x00, 0x7F, 0x80, 0x00, 0x01, 0xFE, 0x00, 0x00, 0x00, 0x00, 0xFF, 0x40, 0x00, 0x02,
    0xFD, 0x00, 0x00, 0x00, 0x00, 0xFF, 0x00, 0x00, 0x03, 0xFC, 0x00, 0x00, 0x00, 0x01, 0xFF, 0x95,
    0x55, 0x5B, 0xFC, 0x00, 0x00, 0x00, 0x02, 0xFF, 0xFF, 0xFF, 0xFF, 0xFC, 0x00, 0x00, 0x00, 0x03,
    0xFF, 0xFF, 0xFF, 0xFF, 0xF8, 0x00, 0x00, 0x00, 0x03, 0xFF, 0xFF, 0xFF, 0xFF, 0xF4, 0x00, 0x00,
    0x00, 0x0B, 0xFF, 0xFF, 0xFF, 0xFF, 0xF0, 0x00, 0x00, 0x00, 0x0F, 0xFF, 0xFF, 0xFF, 0xFF, 0xF0,
    0x00, 0x00, 0x00, 0x0F, 0xF8, 0x00, 0x00, 0x3F, 0xE0, 0x00, 0x00, 0x00, 0x1F, 0xF4, 0x00, 0x00,
    0x7F, 0xD0, 0x00, 0x00, 0x00, 0x2F, 0xF0, 0x00, 0x00, 0xBF, 0xC0, 0x00, 0x00, 0x00, 0x3F, 0xF0,
    0x00, 0x00, 0xFF, 0xC0, 0x00, 0x00, 0x00, 0x7F, 0xE0, 0x00, 0x01, 0xFF, 0xC0, 0x00, 0x00, 0x00,
    0xBF, 0xD0, 0x00, 0x02, 0xFF, 0x80, 0x00, 0x00, 0x00, 0x00, 0x3D, 0x00, 0x02, 0xFF, 0xFF, 0x80,
    0x0F, 0x40, 0x00, 0xFF, 0xFF, 0xD0, 0x07, 0xC0, 0x00, 0x3D, 0x00, 0x00, 0x03, 0xF0, 0x00, 0x1F,
    0x00, 0x00, 0x00, 0xF8, 0x00, 0x0B, 0xC0, 0x00, 0x00, 0x7D, 0x00, 0x03, 0xE0, 0x00, 0x00, 0x2F,
    0x00, 0x01, 0xF4, 0x00, 0x00, 0x0F, 0xC0, 0x00, 0xBD, 0x00, 0x00, 0x07, 0xE0, 0x00, 0x3F, 0x00,
    0x00, 0x02, 0xFF, 0xFF, 0xFF, 0xC0, 0x00, 0x00, 0xFF, 0xFF, 0xFF, 0xE0, 0x00, 0x00, 0x3F, 0xFF,
    0xFF, 0xF4, 0x00, 0x00, 0x1F, 0xFF, 0xFF, 0xFC, 0x00, 0x00, 0x0B, 0xD0, 0x00, 0x7F, 0x00, 0x00,
    0x03, 0xF4, 0x00, 0x2F, 0x80, 0x00, 0x01, 0xFC, 0x00, 0x0F, 0xD0, 0x00, 0x00, 0xBF, 0x00, 0x07,
    0xF0, 0x00, 0x00, 0x00, 0x00, 0x00, 0x00, 0x00, 0x00, 0x00, 0x00, 0x00, 0x00, 0x3F, 0xFF, 0xFF,
    0xFF, 0xC0, 0x00, 0x00, 0x00, 0xFF, 0xFF, 0xFF, 0xFE, 0x00, 0x00, 0x00, 0x07, 0xFF, 0xFF, 0xFF,
    0xF4, 0x00, 0x00, 0x00, 0x2F, 0x40, 0x00, 0x2F, 0xC0, 0x00, 0x00, 0x00, 0xFD, 0x00, 0x00, 0xFF,
    0x00, 0x00, 0x00, 0x03, 0xF0, 0x00, 0x03, 0xF8, 0x00, 0x00, 0x00, 0x1F, 0xC0, 0x00, 0x1F, 0xD0,
    0x00, 0x00, 0x00, 0xBE, 0x00, 0x00, 0xFF, 0x00, 0x00, 0x00, 0x03, 0xF4, 0x00, 0x03, 0xFC, 0x00,
    0x00, 0x00, 0x0F, 0xC0, 0x00, 0x1F, 0xF0, 0x00, 0x00, 0x00, 0x7F, 0x00, 0x00, 0xBF, 0xEF, 0xFF,
    0x40, 0x02, 0xF8, 0x00, 0x03, 0xFF, 0xFF, 0xFF, 0x40, 0x0F, 0xD0, 0x00, 0x0F, 0xFE, 0x40, 0x7F,
    0x00, 0x3F, 0x00, 0x00, 0x7F, 0xD0, 0x00, 0x7E, 0x01, 0xFC, 0x00, 0x02, 0xFE, 0x00, 0x00, 0xFC,
    0x0B, 0xE0, 0x00, 0x0F, 0xF0, 0x00, 0x03, 0xE0, 0x3F, 0x40, 0x00, 0x3F, 0x80, 0x00, 0x0F, 0x80,
    0xFD, 0x00, 0x01, 0xFD, 0x00, 0x00, 0x7D, 0x07, 0xF0, 0x00, 0x0B, 0xF0, 0x00, 0x03, 0xF0, 0x2F,
    0xC0, 0x00, 0x3F, 0xC0, 0x00, 0x2F, 0x80, 0xFE, 0x00, 0x00, 0xFE, 0x00, 0x2F, 0xFC, 0x03, 0xF4,
    0x00, 0x07, 0xF4, 0x01, 0xFF, 0xC0, 0x1F, 0xC0, 0x00, 0x2F, 0xC0, 0x07, 0xE4, 0x00, 0x00, 0x00,
    0x00, 0x00, 0x00, 0x00, 0x00, 0x03, 0xFF, 0xFF, 0xFF, 0xE0, 0x00, 0x00, 0x0F, 0xFF, 0xFF, 0xFF,
    0x40, 0x00, 0x00, 0x7E, 0x00, 0x00, 0xFC, 0x00, 0x00, 0x02, 0xF4, 0x00, 0x03, 0xF0, 0x00, 0x00,
    0x0F, 0xC0, 0x00, 0x2F, 0x80, 0x00, 0x00, 0x3F, 0x00, 0x00, 0xFD, 0x00, 0x00, 0x01, 0xF8, 0x00,
    0x03, 0xF0, 0x00, 0x00, 0x0B, 0xD0, 0x00, 0x1F, 0xC0, 0x00, 0x00, 0x3F, 0x00, 0x00, 0xBE, 0x00,
    0x00, 0x00, 0xFC, 0x00, 0x03, 0xF4, 0x00, 0x00, 0x07, 0xE0, 0x00, 0x0F, 0xC0, 0x00, 0x00, 0x3F,
    0x40, 0x00, 0xBF, 0x00, 0x00, 0x00, 0xFC, 0x00, 0x03, 0xFE, 0xFF, 0xF4, 0x07, 0xF0, 0x00, 0x0F,
    0xFF, 0xFF, 0xF4, 0x2F, 0x80, 0x00, 0x7F, 0xE4, 0x0B, 0xF0, 0xA9, 0x00, 0x02, 0xFD, 0x00, 0x0B,
    0xD0, 0x00, 0x00, 0x0F, 0xE0, 0x00, 0x0F, 0x80, 0x00, 0x00, 0x7F, 0x00, 0x00, 0x3E, 0x00, 0x00,
    0x02, 0xF8, 0x00, 0x00, 0xF4, 0x00, 0x00, 0x0F, 0xC0, 0x00, 0x07, 0xC0, 0x00, 0x00, 0x3F, 0x00,
    0x00, 0x3F, 0x00, 0x00, 0x01, 0xF8, 0x00, 0x02, 0xF8, 0x00, 0x00, 0x0B, 0xE0, 0x01, 0xBF, 0xC0,
    0x00, 0x00, 0x3F, 0x40, 0x1F, 0xFD, 0x00, 0x00, 0x01, 0xFC, 0x00, 0xBF, 0x80, 0x00, 0x00, 0x01,
    0x50, 0x00, 0x40, 0x00, 0x00, 0x00, 0x00, 0x00, 0x00, 0x00, 0x00, 0x00, 0x00, 0x00, 0x00, 0xBF,
    0x00, 0x00, 0x00, 0x00, 0x00, 0x0B, 0xFF, 0x00, 0x00, 0x00, 0x00, 0x00, 0x7F, 0xFF, 0x00, 0x00,
    0x00, 0x00, 0x01, 0xFF, 0xE5, 0x00, 0x00, 0x00, 0x00, 0x07, 0xFD, 0x00, 0x00, 0x00, 0x00, 0x00,
    0x0F, 0xE0, 0x00, 0x02, 0xFF, 0xE0, 0x00, 0x3F, 0xC0, 0x00, 0x2F, 0xFF, 0xFC, 0x00, 0x7F, 0x00,
    0x00, 0xFE, 0x01, 0xFC, 0x00, 0xFD, 0x00, 0x03, 0xF0, 0x00, 0x3D, 0x01, 0xFC, 0x00, 0x0F, 0xC0,
    0x00, 0x3D, 0x03, 0xF4, 0x00, 0x2F, 0x00, 0x00, 0x7C, 0x07, 0xF0, 0x00, 0x3E, 0x00, 0x00, 0xF8,
    0x0B, 0xE0, 0x00, 0xBC, 0x00, 0x02, 0xF4, 0x0F, 0xC0, 0x00, 0xFC, 0x00, 0x0B, 0xE0, 0x0F, 0xC0,
    0x00, 0xF8, 0x00, 0x2F, 0xC0, 0x1F, 0xC0, 0x01, 0xF8, 0x00, 0xFF, 0x40, 0x1F, 0xC0, 0x01, 0xF8,
    0x07, 0xFD, 0x00, 0x2F, 0xC0, 0x01, 0xFC, 0x3F, 0xF8, 0x08, 0x1F, 0xE0, 0x01, 0xFF, 0xFF, 0xD1,
    0xBD, 0x1F, 0xFD, 0x01, 0xFF, 0xFF, 0xFF, 0xFE, 0x0F, 0xFF, 0xFF, 0xFF, 0xFF, 0xFF, 0xFE, 0x07,
    0xFF, 0xFF, 0xFF, 0xFF, 0xFF, 0xE0, 0x01, 0xFF, 0xFF, 0xFF, 0xFF, 0xF9, 0x00, 0x00, 0x1B, 0xFF,
    0x90, 0x00, 0x00, 0x00, 0x00, 0x00, 0x00, 0x00, 0x00, 0x00, 0x00, 0x01, 0xB4, 0x00, 0x00, 0x00,
    0x02, 0xFF, 0x40, 0x00, 0x00, 0x00, 0xFF, 0xF0, 0x00, 0x00, 0x00, 0x3F, 0x80, 0x00, 0x00, 0x00,
    0x0B, 0xD0, 0x00, 0x6F, 0xE0, 0x01, 0xF8, 0x00, 0x3F, 0xFF, 0xC0, 0x3F, 0x00, 0x1F, 0x40, 0x3C,
    0x07, 0xC0, 0x03, 0xC0, 0x02, 0xC0, 0xF8, 0x00, 0xF4, 0x00, 0x3C, 0x0F, 0x40, 0x1F, 0x00, 0x0B,
    0x82, 0xF0, 0x02, 0xD0, 0x02, 0xF0, 0x3E, 0x00, 0x3D, 0x00, 0xBD, 0x03, 0xE0, 0x03, 0xC0, 0x3F,
    0x80, 0x3E, 0x00, 0x3D, 0x1F, 0xE0, 0x43, 0xF0, 0x03, 0xFF, 0xF8, 0x7C, 0x3F, 0xD4, 0x3F, 0xFF,
    0xFF, 0xD2, 0xFF, 0xFF, 0xFF, 0xFF, 0xF8, 0x0B, 0xFF, 0xFF, 0xFF, 0xE4, 0x00, 0x1B, 0xFE, 0x40,
    0x00, 0x00, 0x00, 0x00, 0x00, 0x00, 0x00, 0x00, 0x00, 0x00, 0x00, 0x00, 0x1B, 0xFF, 0x90, 0x00,
    0x00, 0x01, 0xFF, 0xFF, 0xF8, 0x00, 0x00, 0x07, 0xFF, 0xFF, 0xFC, 0x00, 0x00, 0x0B, 0xFF, 0x95,
    0x5A, 0x00, 0x00, 0x0F, 0xFE, 0x00, 0x00, 0x00, 0x00, 0x0F, 0xFC, 0x00, 0x00, 0x00, 0x00, 0x0F,
    0xFC, 0x00, 0x00, 0x00, 0x00, 0x0B, 0xF8, 0x00, 0x00, 0x00, 0x00, 0x07, 0xFC, 0x00, 0x00, 0x00,
    0x00, 0x03, 0xFC, 0x00, 0x00, 0x00, 0x00, 0x01, 0xFE, 0x00, 0x00, 0x00, 0x00, 0x00, 0xFF, 0x00,
    0x00, 0x00, 0x00, 0x00, 0x7F, 0x80, 0x00, 0x00, 0x00, 0x00, 0x2F, 0xD0, 0x00, 0x00, 0x00, 0x00,
    0x0F, 0xF4, 0x00, 0x00, 0x00, 0x00, 0x03, 0xFD, 0x00, 0x00, 0x00, 0x00, 0x01, 0xFF, 0xC0, 0x00,
    0x00, 0x00, 0x00, 0x7F, 0xF8, 0x00, 0x00, 0x10, 0x00, 0x1F, 0xFF, 0xE4, 0x05, 0xBC, 0x00, 0x07,
    0xFF, 0xFF, 0xFF, 0xFE, 0x00, 0x00, 0xFF, 0xFF, 0xFF, 0xFF, 0x40, 0x00, 0x2F, 0xFF, 0xFF, 0xFF,
    0xC0, 0x00, 0x03, 0xFF, 0xFF, 0xFF, 0xF0, 0x00, 0x00, 0x7F, 0xFF, 0xFF, 0xFC, 0x00, 0x00, 0x01,
    0xBF, 0xFF, 0xF9, 0x00, 0x00, 0x00, 0x00, 0x26, 0x80, 0x00, 0x00, 0x00, 0x00, 0x00, 0x34, 0x00,
    0x00, 0x00, 0x00, 0x00, 0x6C, 0x00, 0x00, 0x00, 0x00, 0x07, 0xFD, 0x00, 0x00, 0x00, 0x00, 0x01,
    0xA4, 0x00, 0x00, 0x00, 0x00, 0x00, 0x00, 0x00, 0x00, 0x06, 0xFF, 0x80, 0x01, 0xFF, 0xFF, 0x00,
    0x2F, 0xF9, 0x68, 0x02, 0xFE, 0x00, 0x00, 0x0F, 0xD0, 0x00, 0x00, 0xBE, 0x00, 0x00, 0x03, 0xF0,
    0x00, 0x00, 0x1F, 0x80, 0x00, 0x00, 0xBD, 0x00, 0x00, 0x03, 0xF4, 0x00, 0x00, 0x0F, 0xE0, 0x00,
    0x00, 0x3F, 0xC0, 0x00, 0x00, 0xFF, 0xE6, 0xA0, 0x01, 0xFF, 0xFF, 0xD0, 0x02, 0xFF, 0xFF, 0xC0,
    0x00, 0xBF, 0xFE, 0x00, 0x00, 0x02, 0x80, 0x00, 0x00, 0x0A, 0x00, 0x00, 0x2A, 0xF0, 0x00, 0x00,
    0xFE, 0x00, 0x00, 0x0F, 0xFF, 0xFF, 0xFF, 0xFF, 0xF0, 0xBF, 0xFF, 0xFF, 0xFF, 0xFF, 0xC3, 0xFF,
    0xFF, 0xFF, 0xFF, 0xFE, 0x0A, 0x95, 0x0B, 0xF0, 0x05, 0x50, 0x00, 0x00, 0x3F, 0x80, 0x00, 0x00,
    0x00, 0x00, 0xFD, 0x00, 0x00, 0x00, 0x00, 0x07, 0xF0, 0x00, 0x00, 0x00, 0x00, 0x3F, 0xC0, 0x00,
    0x00, 0x00, 0x00, 0xFE, 0x00, 0x00, 0x00, 0x00, 0x07, 0xF4, 0x00, 0x00, 0x00, 0x00, 0x2F, 0xC0,
    0x00, 0x00, 0x00, 0x00, 0xFF, 0x00, 0x00, 0x00, 0x00, 0x07, 0xF8, 0x00, 0x00, 0x00, 0x00, 0x2F,
    0xD0, 0x00, 0x00, 0x00, 0x00, 0xFF, 0x00, 0x00, 0x00, 0x00, 0x03, 0xFC, 0x00, 0x00, 0x00, 0x00,
    0x2F, 0xE0, 0x00, 0x00, 0x00, 0x00, 0xFF, 0x40, 0x00, 0x00, 0x00, 0x03, 0xFC, 0x00, 0x00, 0x00,
    0x00, 0x1F, 0xF0, 0x00, 0x00, 0x00, 0x00, 0xFF, 0xC0, 0x00, 0x00, 0x00, 0x03, 0xFE, 0x00, 0x00,
    0x00, 0x00, 0x1F, 0xF4, 0x00, 0x00, 0x00, 0x00, 0xBF, 0xF4, 0x00, 0x00, 0x00, 0x03, 0xFF, 0xC0,
    0x00, 0x00, 0x00, 0x00, 0x1F, 0x00, 0x00, 0x00, 0x00, 0x00, 0xB8, 0x00, 0x00, 0x00, 0x00, 0x03,
    0xD0, 0x00, 0x00, 0x00, 0x3F, 0xFF, 0xFF, 0xFC, 0x3F, 0xFF, 0xFF, 0xFC, 0x15, 0x4B, 0xC0, 0x10,
    0x00, 0x0F, 0x80, 0x00, 0x00, 0x0F, 0x40, 0x00, 0x00, 0x1F, 0x00, 0x00, 0x00, 0x2F, 0x00, 0x00,
    0x00, 0x3E, 0x00, 0x00, 0x00, 0x7D, 0x00, 0x00, 0x00, 0xBC, 0x00, 0x00, 0x00, 0xFC, 0x00, 0x00,
    0x01, 0xF8, 0x00, 0x00, 0x02, 0xF4, 0x00, 0x00, 0x03, 0xF0, 0x00, 0x00, 0x03, 0xF0, 0x00, 0x00,
    0x0B, 0xF0, 0x00, 0x00, 0x0F, 0xF4, 0x00, 0x00, 0x00, 0x70, 0x00, 0x00, 0x00, 0xB0, 0x00, 0x00,
    0x00, 0x00, 0x00, 0x00, 0x3F, 0x80, 0x00, 0x00, 0x3F, 0x4F, 0xF0, 0x00, 0x00, 0x3F, 0x82, 0xFC,
    0x00, 0x00, 0x2F, 0xC0, 0x7F, 0x40, 0x00, 0x2F, 0xC0, 0x0F, 0xF0, 0x00, 0x1F, 0xD0, 0x03, 0xFC,
    0x00, 0x0F, 0xE0, 0x00, 0xBF, 0x40, 0x0F, 0xF0, 0x00, 0x2F, 0xE0, 0x0F, 0xF0, 0x00, 0x07, 0xFC,
    0x0B, 0xF4, 0x00, 0x00, 0xFF, 0x4B, 0xF8, 0x00, 0x00, 0x3F, 0xE7, 0xFC, 0x00, 0x00, 0x0B, 0xFF,
    0xFD, 0x00, 0x00, 0x01, 0xFF, 0xFD, 0x00, 0x00, 0x00, 0x7F, 0xFE, 0x00, 0x00, 0x00, 0x0F, 0xFF,
    0x00, 0x00, 0x00, 0x03, 0xFF, 0x40, 0x00, 0x00, 0x00, 0xFF, 0x80, 0x00, 0x00, 0x00, 0x3F, 0xD0,
    0x00, 0x00, 0x00, 0x2F, 0xF0, 0x00, 0x00, 0x00, 0x0F, 0xFC, 0x00, 0x00, 0x00, 0x0B, 0xFE, 0x00,
    0x00, 0x00, 0x03, 0xFF, 0x40, 0x00, 0x00, 0x01, 0xFF, 0xC0, 0x00, 0x00, 0x00, 0xFF, 0xF0, 0x00,
    0x00, 0x00, 0x7F, 0xF8, 0x00, 0x00, 0x00, 0x00, 0xBD, 0x00, 0x01, 0xF8, 0xBE, 0x00, 0x03, 0xF0,
    0x7E, 0x00, 0x0B, 0xD0, 0x7E, 0x00, 0x0F, 0xC0, 0x7F, 0x00, 0x3F, 0x00, 0x3F, 0x00, 0x7E, 0x00,
    0x3F, 0x00, 0xFC, 0x00, 0x3F, 0x02, 0xF4, 0x00, 0x3F, 0x07, 0xE0, 0x00, 0x3F, 0x4F, 0xC0, 0x00,
    0x2F, 0x6F, 0x40, 0x00, 0x2F, 0xBF, 0x00, 0x00, 0x2F, 0xFC, 0x00, 0x00, 0x1F, 0xF8, 0x00, 0x00,
    0x1F, 0xF0, 0x00, 0x00, 0x1F, 0xD0, 0x00, 0x00, 0x2F, 0xC0, 0x00, 0x00, 0x3F, 0xC0, 0x00, 0x00,
    0x3F, 0x80, 0x00, 0x00, 0x7F, 0x40, 0x00, 0x00, 0xBF, 0x00, 0x00, 0x00, 0x0F, 0xE0, 0x00, 0x00,
    0x0F, 0xD0, 0xFF, 0x00, 0x00, 0x03, 0xF8, 0x0B, 0xF0, 0x00, 0x00, 0xFF, 0x00, 0x7F, 0x80, 0x00,
    0x2F, 0xC0, 0x03, 0xFC, 0x00, 0x07, 0xF4, 0x00, 0x3F, 0xC0, 0x01, 0xFE, 0x00, 0x02, 0xFD, 0x00,
    0x3F, 0xC0, 0x00, 0x1F, 0xF0, 0x0F, 0xF0, 0x00, 0x01, 0xFF, 0x03, 0xFD, 0x00, 0x00, 0x0F, 0xF4,
    0xBF, 0x80, 0x00, 0x00, 0xFF, 0xAF, 0xF0, 0x00, 0x00, 0x0B, 0xFF, 0xFC, 0x00, 0x00, 0x00, 0x7F,
    0xFF, 0x40, 0x00, 0x00, 0x03, 0xFF, 0xE0, 0x00, 0x00, 0x2F, 0xFF, 0xFF, 0xF0, 0x00, 0x03, 0xFF,
    0xFF, 0xFF, 0x00, 0x00, 0x3F, 0xFF, 0xFF, 0xE0, 0x00, 0x00, 0x07, 0xFD, 0x00, 0x00, 0x00, 0x00,
    0xFF, 0xC0, 0x00, 0x00, 0x00, 0x1F, 0xFC, 0x00, 0x00, 0x00, 0x02, 0xFF, 0x80, 0x00, 0x00, 0x00,
    0x3F, 0xF4, 0x00, 0x00, 0x00, 0x0B, 0xFF, 0x00, 0x00, 0x00, 0x00, 0xFF, 0xF0, 0x00, 0x00, 0x00,
    0x1F, 0xFE, 0x00, 0x00, 0x00, 0x00, 0x00, 0x1A, 0x40, 0x00, 0x2A, 0x00, 0x0B, 0xE0, 0x00, 0x2F,
    0x40, 0x01, 0xF8, 0x00, 0x1F, 0x80, 0x00, 0x7E, 0x00, 0x0F, 0xC0, 0x00, 0x1F, 0xC0, 0x0B, 0xD0,
    0x00, 0x03, 0xF0, 0x03, 0xF0, 0x00, 0x00, 0xFC, 0x03, 0xF0, 0x00, 0x00, 0x3F, 0x01, 0xF8, 0x00,
    0x00, 0x0F, 0xC0, 0xFC, 0x00, 0x00, 0x03, 0xF0, 0xBD, 0x00, 0x00, 0x00, 0xFD, 0x7E, 0x00, 0x00,
    0x00, 0x2F, 0x7F, 0x00, 0x00, 0x00, 0x0B, 0xFF, 0x40, 0x00, 0x00, 0x02, 0xFF, 0xC0, 0x00, 0x03,
    0xFF, 0xFF, 0xFF, 0xFC, 0x01, 0xFF, 0xFF, 0xFF, 0xFD, 0x00, 0xBF, 0xFF, 0xFF, 0xFF, 0x00, 0x00,
    0x03, 0xFC, 0x00, 0x00, 0x00, 0x00, 0xFE, 0x00, 0x00, 0x00, 0x00, 0x7F, 0x40, 0x00, 0x00, 0x00,
    0x2F, 0xC0, 0x00, 0x00, 0x00, 0x00, 0x00, 0x00, 0x00, 0x00, 0x00, 0x00, 0xBD, 0x00, 0x00, 0x00,
    0x7E, 0x00, 0x00, 0x1F, 0xC0, 0x00, 0x00, 0x7F, 0x00, 0x00, 0x03, 0xF4, 0x00, 0x00, 0x7F, 0x00,
    0x00, 0x00, 0xFF, 0x00, 0x00, 0x7F, 0x00, 0x00, 0x00, 0x1F, 0xC0, 0x00, 0x7F, 0x40, 0x00, 0x00,
    0x03, 0xF8, 0x00, 0x7F, 0x40, 0x00, 0x00, 0x00, 0xBF, 0x00, 0x7F, 0x40, 0x00, 0x00, 0x00, 0x1F,
    0xE0, 0x7F, 0x80, 0x00, 0x00, 0x00, 0x03, 0xFC, 0x7F, 0x80, 0x00, 0x00, 0x00, 0x00, 0xBF, 0xBF,
    0xC0, 0x00, 0x00, 0x00, 0x00, 0x1F, 0xFF, 0xC0, 0x00, 0x00, 0x00, 0x00, 0x03, 0xFF, 0xC0, 0x00,
    0x00, 0x00, 0x00, 0x00, 0xBF, 0xC0, 0x00, 0x00, 0x00, 0x00, 0x00, 0x7F, 0xF0, 0x00, 0x00, 0x00,
    0x00, 0x00, 0x7F, 0xFE, 0x00, 0x00, 0x00, 0x00, 0x00, 0x7F, 0xFF, 0xC0, 0x00, 0x00, 0x00, 0x00,
    0x7F, 0xEF, 0xF8, 0x00, 0x00, 0x00, 0x00, 0x7F, 0xE3, 0xFF, 0x00, 0x00, 0x00, 0x00, 0x7F, 0xE0,
    0xBF, 0xD0, 0x00, 0x00, 0x00, 0x7F, 0xF0, 0x0F, 0xFC, 0x00, 0x00, 0x00, 0x7F, 0xF0, 0x03, 0xFF,
    0x40, 0x00, 0x00, 0x7F, 0xF0, 0x00, 0x7F, 0xF0, 0x00, 0x00, 0x7F, 0xF0, 0x00, 0x0F, 0xFC, 0x00,
    0x00, 0x7F, 0xF4, 0x00, 0x03, 0xFF, 0x80, 0x14, 0x7F, 0xF4, 0x00, 0x00, 0x7F, 0xF0, 0x2D, 0x00,
    0x00, 0x00, 0x00, 0x00, 0x00, 0x0F, 0x00, 0x00, 0x00, 0x00, 0x00, 0x00, 0x03, 0xC0, 0x00, 0x00,
    0x00, 0x00, 0x00, 0x01, 0xE0, 0x00, 0x00, 0x00, 0x00, 0x00, 0x00, 0xB4, 0x00, 0x00, 0x0B, 0x80,
    0x00, 0x3D, 0x00, 0x07, 0xC0, 0x00, 0xF8, 0x00, 0x03, 0xE0, 0x03, 0xE0, 0x00, 0x02, 0xF0, 0x0B,
    0x80, 0x00, 0x01, 0xF4, 0x2F, 0x00, 0x00, 0x00, 0xFC, 0xBC, 0x00, 0x00, 0x00, 0xBF, 0xF0, 0x00,
    0x00, 0x00, 0x3F, 0xC0, 0x00, 0x00, 0x00, 0x3F, 0x40, 0x00, 0x00, 0x00, 0xBF, 0x80, 0x00, 0x00,
    0x02, 0xFF, 0xC0, 0x00, 0x00, 0x0B, 0xEF, 0xD0, 0x00, 0x00, 0x2F, 0x87, 0xF0, 0x00, 0x00, 0xBF,
    0x03, 0xF4, 0x00, 0x02, 0xFC, 0x03, 0xFC, 0x00, 0x0B, 0xF0, 0x01, 0xFC, 0x00, 0x2F, 0xC0, 0x00,
    0xFE, 0x0D, 0x00, 0x00, 0x00, 0x00, 0x0C, 0x00, 0x00, 0x00, 0x00, 0x1C, 0x00, 0x00, 0x00, 0x00,
    0x14, 0x00, 0x00, 0x00, 0x00, 0x00, 0x03, 0xFF, 0xFF, 0xFF, 0x80, 0x3C, 0xBF, 0xFF, 0xFF, 0xF4,
    0x07, 0xC0, 0x00, 0xFD, 0x00, 0x00, 0xF8, 0x00, 0x0F, 0xC0, 0x00, 0x0F, 0x40, 0x01, 0xFC, 0x00,
    0x01, 0xF0, 0x00, 0x2F, 0x40, 0x00, 0x2F, 0x00, 0x03, 0xF0, 0x00, 0x03, 0xE0, 0x00, 0x3F, 0x00,
    0x00, 0x3D, 0x00, 0x07, 0xE0, 0x00, 0x07, 0xC0, 0x00, 0xBD, 0x00, 0x00, 0xBC, 0x00, 0x0F, 0xC0,
    0x00, 0x0F, 0x80, 0x00, 0xFC, 0x00, 0x00, 0xF4, 0x00, 0x2F, 0x80, 0x00, 0x1F, 0x00, 0x03, 0xF4,
    0x00, 0x02, 0xF0, 0x00, 0x3F, 0x00, 0x00, 0x3D, 0x00, 0x07, 0xF0, 0x00, 0x07, 0xC0, 0x00, 0xBF,
    0xFF, 0xFF, 0xFF, 0xF4, 0x0F, 0xFF, 0xFF, 0xFF, 0xFF, 0x00, 0xFF, 0xFF, 0xFF, 0xFF, 0xF0, 0x1F,
    0xFF, 0xFF, 0xFF, 0xFE, 0x00, 0x00, 0x00, 0x00, 0x0B, 0xD0, 0x00, 0x00, 0x00, 0x00, 0xFC, 0x00,
    0x00, 0x00, 0x00, 0x0F, 0xC0, 0x00, 0x00, 0x00, 0x01, 0xF8, 0x00, 0x00, 0x00, 0x00, 0x2F, 0x40,
    0x00, 0x00, 0x00, 0x00, 0x00, 0x00, 0x2A, 0xAA, 0xA4, 0x04, 0x7F, 0xFF, 0xF8, 0x2D, 0x00, 0x7C,
    0x00, 0x3C, 0x00, 0xB8, 0x00, 0x38, 0x00, 0xF0, 0x00, 0x74, 0x00, 0xF0, 0x00, 0xB0, 0x02, 0xE0,
    0x00, 0xF0, 0x03, 0xD0, 0x00, 0xE0, 0x03, 0xC0, 0x01, 0xD0, 0x07, 0xC0, 0x02, 0xC0, 0x0B, 0x80,
    0x03, 0xC0, 0x0F, 0x40, 0x03, 0x80, 0x0F, 0xFF, 0xFF, 0xF8, 0x1F, 0xFF, 0xFF, 0xF8, 0x2F, 0xFF,
    0xFF, 0xF4, 0x00, 0x00, 0x00, 0xF0, 0x00, 0x00, 0x01, 0xF0, 0x00, 0x00, 0x02, 0xE0, 0x00, 0x00,
    0x02, 0x80, 0x01, 0x50, 0x00, 0x06, 0x50, 0x7F, 0x00, 0x00, 0xFE, 0x0B, 0xF0, 0x00, 0x0F, 0xD0,
    0xBD, 0x00, 0x00, 0xFC, 0x0F, 0xC0, 0x00, 0x1F, 0xC0, 0xF8, 0x00, 0x02, 0xF4, 0x0F, 0x40, 0x00,
    0x3F, 0x01, 0xF0, 0x00, 0x07, 0xF0, 0x2F, 0x00, 0x00, 0xBE, 0x02, 0xE0, 0x00, 0x0F, 0xD0, 0x2E,
    0x00, 0x03, 0xFC, 0x02, 0xF4, 0x06, 0xFF, 0xC0, 0x0F, 0xFF, 0xFF, 0xF4, 0x00, 0x3F, 0xFE, 0x7F,
    0x00, 0x00, 0x00, 0x07, 0xF0, 0x00, 0x00, 0x00, 0xBE, 0x00, 0x00, 0x00, 0x0B, 0xD0, 0x00, 0x00,
    0x00, 0xFC, 0x00, 0x00, 0x00, 0x0F, 0xC0, 0x00, 0x00, 0x01, 0xF8, 0x00, 0x00, 0x00, 0x2F, 0x00,
    0x00, 0x00, 0x03, 0xF2, 0x90, 0x00, 0x00, 0x3E, 0x7D, 0x00, 0x00, 0x07, 0xDB, 0xC0, 0x00, 0x00,
    0x00, 0xFC, 0x00, 0x00, 0x00, 0x0F, 0x80, 0x00, 0x00, 0x01, 0xF4, 0x00, 0x00, 0x00, 0x00, 0x00,
    0x0A, 0x00, 0x0A, 0x43, 0xC0, 0x03, 0xD1, 0xF0, 0x00, 0xF0, 0xB4, 0x00, 0x7C, 0x2C, 0x00, 0x2E,
    0x0F, 0x00, 0x0F, 0x43, 0x80, 0x07, 0xC0, 0xE0, 0x07, 0xE0, 0x3E, 0xAF, 0xF4, 0x07, 0xFF, 0xBC,
    0x00, 0x00, 0x1F, 0x00, 0x00, 0x0B, 0x80, 0x00, 0x03, 0xD0, 0x00, 0x00, 0xF0, 0x00, 0x00, 0x78,
    0x00, 0x00, 0x2D, 0xF0, 0x00, 0x0F, 0x7C, 0x00, 0x00, 0x1E, 0x00, 0x00, 0x0B, 0x40, 0x00, 0x01,
    0x40, 0x00, 0x00, 0x00, 0x00, 0x00, 0x00, 0xF8, 0x00, 0x00, 0x7D, 0x01, 0xF4, 0x00, 0x00, 0xBC,
    0x02, 0xF0, 0x00, 0x00, 0xFC, 0x03, 0xF0, 0x00, 0x01, 0xF8, 0x07, 0xD0, 0x00, 0x03, 0xF4, 0x0B,
    0xC0, 0x00, 0x03, 0xF0, 0x0F, 0xC0, 0x00, 0x07, 0xE0, 0x0F, 0x80, 0x00, 0x0F, 0xD0, 0x1F, 0x41,
    0xF0, 0x1F, 0xC0, 0x2F, 0x42, 0xE0, 0x3F, 0xC0, 0x3F, 0x43, 0xD1, 0xFF, 0x80, 0x3F, 0xD3, 0xEB,
    0xFF, 0x40, 0x2F, 0xFF, 0xFF, 0xFF, 0x00, 0x0F, 0xFF, 0xFF, 0xFF, 0x00, 0x03, 0xFF, 0xF4, 0xFE,
    0x00, 0x00, 0x1F, 0x01, 0xFD, 0x00, 0x00, 0x1F, 0x02, 0xFC, 0x00, 0x00, 0x2E, 0x03, 0xFC, 0x00,
    0x00, 0x3D, 0x07, 0xF8, 0x00, 0x00, 0x3C, 0x0B, 0xF0, 0x00, 0x00, 0x00, 0x0F, 0xF0, 0x00, 0x06,
    0x00, 0x01, 0x80, 0xF0, 0x00, 0x3C, 0x0F, 0x00, 0x0B, 0x41, 0xD0, 0x00, 0xF0, 0x2C, 0x00, 0x0F,
    0x03, 0xC0, 0x02, 0xE0, 0x78, 0x34, 0x3D, 0x07, 0x87, 0x0F, 0xC0, 0x7D, 0xFB, 0xFC, 0x03, 0xFF,
    0xFF, 0x80, 0x0B, 0xF8, 0xF4, 0x00, 0x1C, 0x1F, 0x00, 0x02, 0xC2, 0xF0, 0x00, 0x38, 0x3E, 0x00,
    0x01, 0x07, 0xD0, 0x00, 0x00, 0x00, 0x00, 0x00, 0x00, 0x00, 0x3E, 0x00, 0x00, 0x00, 0x07, 0xD0,
    0x00, 0x00, 0x00, 0xBC, 0x00, 0x00, 0x00, 0x0F, 0xC0, 0x00, 0x00, 0x00, 0xF8, 0x00, 0x00, 0x00,
    0x1F, 0x80, 0x00, 0x00, 0x03, 0xF4, 0x00, 0x00, 0x00, 0x3F, 0x00, 0x00, 0x00, 0x07, 0xF0, 0x00,
    0x00, 0x00, 0xBE, 0x00, 0x00, 0x00, 0x0F, 0xEB, 0xFF, 0xE0, 0x00, 0xFF, 0xFF, 0xFF, 0x80, 0x1F,
    0xF9, 0x00, 0xFC, 0x03, 0xFD, 0x00, 0x07, 0xC0, 0x3F, 0x40, 0x00, 0x7C, 0x07, 0xF0, 0x00, 0x07,
    0xC0, 0xBD, 0x00, 0x00, 0xF8, 0x0F, 0xC0, 0x00, 0x0F, 0x80, 0xFC, 0x00, 0x01, 0xF4, 0x1F, 0x80,
    0x00, 0x3F, 0x03, 0xF4, 0x00, 0x03, 0xF0, 0x3F, 0x40, 0x00, 0xBF, 0x07, 0xF0, 0x00, 0x0F, 0xE0,
    0x00, 0x00, 0x7C, 0x00, 0x00, 0x00, 0x03, 0xF0, 0x00, 0x00, 0x00, 0x0F, 0x80, 0x00, 0x00, 0x00,
    0x7C, 0x00, 0x00, 0x00, 0x03, 0xF0, 0x00, 0x00, 0x00, 0x0F, 0x80, 0x00, 0x00, 0x00, 0x7C, 0x00,
    0x00, 0x00, 0x03, 0xF0, 0x00, 0x00, 0x00, 0x0F, 0x80, 0x00, 0x00, 0x00, 0x7C, 0x6F, 0xF4, 0x00,
    0x03, 0xFB, 0xFF, 0xFC, 0x00, 0x0F, 0xFF, 0xFF, 0xF4, 0x00, 0x7F, 0xE4, 0x0F, 0xD0, 0x03, 0xFD,
    0x00, 0x1F, 0x80, 0x0F, 0xE0, 0x00, 0x3D, 0x00, 0x7F, 0x00, 0x01, 0xF4, 0x03, 0xF8, 0x00, 0x07,
    0xC0, 0x0F, 0xC0, 0x00, 0x3F, 0x00, 0x7F, 0x00, 0x00, 0xF8, 0x03, 0xF8, 0x00, 0x07, 0xD0, 0x0F,
    0xD0, 0x00, 0x3F, 0x40, 0xBF, 0x00, 0x00, 0xFC, 0x03, 0xFC, 0x00, 0x0B, 0xF0, 0x0F, 0xF0, 0x00,
    0x3F, 0x80, 0xBF, 0x80, 0x01, 0xFD, 0x00, 0x00, 0x00, 0x00, 0x05, 0x40, 0x00, 0x79, 0x00, 0x02,
    0xFF, 0xFD, 0x00, 0x7F, 0x00, 0x1F, 0xFF, 0xFF, 0x80, 0x7F, 0x40, 0xBF, 0xE4, 0x07, 0xD0, 0x3F,
    0xFB, 0xFD, 0x00, 0x01, 0xF0, 0x0B, 0xFF, 0xFE, 0x90, 0x00, 0xF4, 0x00, 0x3F, 0xFF, 0xFF, 0x90,
    0xF4, 0x00, 0x7F, 0x1B, 0xFF, 0xFF, 0xF8, 0x00, 0xFF, 0xBF, 0xFF, 0xFF, 0xF8, 0x01, 0xFF, 0xFF,
    0xFF, 0xFF, 0xF8, 0x02, 0xFF, 0xFF, 0xAA, 0x55, 0x00, 0x03, 0xF4, 0x00, 0x00, 0x00, 0x00, 0x07,
    0xF0, 0x00, 0x00, 0x00, 0x00, 0x07, 0xF0, 0x00, 0x00, 0x00, 0x00, 0x07, 0xF8, 0x00, 0x00, 0x00,
    0x00, 0x07, 0xFE, 0x00, 0x00, 0x00, 0x00, 0x03, 0xFF, 0xE4, 0x00, 0x6E, 0x00, 0x03, 0xFF, 0xFF,
    0xFF, 0xFD, 0x00, 0x01, 0xFF, 0xFF, 0xFF, 0xFD, 0x00, 0x00, 0x7F, 0xFF, 0xFF, 0xFC, 0x00, 0x00,
    0x1F, 0xFF, 0xFF, 0xE4, 0x00, 0x00, 0x00, 0xAB, 0xA5, 0x00, 0x00, 0x00, 0x00, 0x2A, 0x40, 0x2E,
    0x00, 0xFF, 0xFD, 0x0B, 0xD1, 0xFD, 0x02, 0xC0, 0xFF, 0xF8, 0x00, 0x38, 0x07, 0xFF, 0xF9, 0x0F,
    0x00, 0xB9, 0xBF, 0xFF, 0xC0, 0x3F, 0xFF, 0xFF, 0xF0, 0x2F, 0xFF, 0xFA, 0x94, 0x0F, 0x40, 0x00,
    0x00, 0x07, 0xD0, 0x00, 0x00, 0x01, 0xF8, 0x00, 0x00, 0x00, 0x7F, 0x40, 0x00, 0x00, 0x0F, 0xFE,
    0xAA, 0xF0, 0x02, 0xFF, 0xFF, 0xF8, 0x00, 0x2F, 0xFF, 0xFD, 0x00, 0x01, 0xBF, 0xE4, 0x00, 0x00,
    0x00, 0x00, 0x05, 0x40, 0x00, 0x3A, 0x00, 0x01, 0xBF, 0xFE, 0x00, 0x3F, 0x00, 0x1F, 0xFF, 0xFF,
    0xC0, 0x3F, 0x80, 0x7F, 0xE4, 0x07, 0xE0, 0x2F, 0xFF, 0xFE, 0x00, 0x00, 0xF4, 0x07, 0xFF, 0xFF,
    0x90, 0x00, 0xF8, 0x00, 0x2F, 0xFF, 0xFF, 0xE4, 0xFC, 0x00, 0x3F, 0x47, 0xFF, 0xFF, 0xFC, 0x00,
    0xBF, 0xFF, 0xFF, 0xFF, 0xFC, 0x00, 0xFF, 0xFF, 0xFF, 0xFF, 0xFC, 0x01, 0xFF, 0xFA, 0xA5, 0x50,
    0x00, 0x03, 0xF8, 0x00, 0x00, 0x00, 0x00, 0x03, 0xF4, 0x00, 0x00, 0x00, 0x00, 0x03, 0xF8, 0x00,
    0x00, 0x00, 0x00, 0x03, 0xFC, 0x00, 0x00, 0x00, 0x00, 0x03, 0xFF, 0x80, 0x00, 0x1B, 0x00, 0x02,
    0xFF, 0xFF, 0xFF, 0xFF, 0x00, 0x00, 0xFF, 0xFF, 0xFF, 0xFE, 0x00, 0x00, 0x7F, 0xFF, 0xFF, 0xFD,
    0x00, 0x00, 0x1F, 0xFF, 0xFF, 0xFD, 0x00, 0x00, 0x01, 0xBF, 0xFF, 0x90, 0x00, 0x00, 0x00, 0x00,
    0xF4, 0x00, 0x00, 0x00, 0x00, 0x00, 0xF0, 0x00, 0x00, 0x00, 0x00, 0x01, 0xE0, 0x00, 0x00, 0x00,
    0x00, 0x00, 0x40, 0x00, 0x00, 0x10, 0x00, 0x1A, 0x90, 0x1F, 0x00, 0x7F, 0xFE, 0x03, 0xD0, 0xFE,
    0x41, 0xE0, 0xBF, 0xFD, 0x00, 0x2C, 0x02, 0xFF, 0xFA, 0x47, 0x40, 0x7D, 0xBF, 0xFF, 0xD0, 0x3F,
    0xFF, 0xFF, 0xF8, 0x1F, 0xFF, 0xFA, 0xA4, 0x0B, 0xC0, 0x00, 0x00, 0x03, 0xE0, 0x00, 0x00, 0x00,
    0xFC, 0x00, 0x00, 0x00, 0x3F, 0xC0, 0x00, 0x00, 0x0B, 0xFF, 0xAA, 0xF4, 0x00, 0xFF, 0xFF, 0xFC,
    0x00, 0x1F, 0xFF, 0xFF, 0x00, 0x00, 0xBF, 0xF9, 0x00, 0x00, 0x00, 0x34, 0x00, 0x00, 0x00, 0x1C,
    0x00, 0x00, 0x00, 0x06, 0x00, 0x00, 0x00, 0x03, 0xF8, 0x00, 0x03, 0xFC, 0x00, 0x07, 0xF8, 0x00,
    0x0B, 0xF4, 0x00, 0x0B, 0xF0, 0x00, 0x0F, 0xF0, 0x00, 0x0F, 0xD0, 0x00, 0x1F, 0xC0, 0x00, 0x2F,
    0xC0, 0x00, 0x3F, 0x80, 0x00, 0x3F, 0x40, 0x00, 0xBF, 0x00, 0x00, 0xFF, 0x00, 0x00, 0xFE, 0x00,
    0x01, 0xFE, 0x00, 0x02, 0xFD, 0x00, 0x03, 0xFC, 0x00, 0x03, 0xFC, 0x00, 0x0B, 0xF8, 0x00, 0x0F,
    0xF4, 0x00, 0x0F, 0xF4, 0x00, 0x2F, 0xF0, 0x00, 0x3F, 0xF0, 0x00, 0x7F, 0xE0, 0x00, 0x6F, 0xE0,
    0x00, 0x00, 0x00, 0x00, 0x00, 0xA0, 0x00, 0x18, 0x00, 0x00, 0x00, 0x00, 0x00, 0x03, 0xC0, 0x00,
    0xF0, 0x00, 0x00, 0x00, 0x00, 0x00, 0x0F, 0x80, 0x0B, 0x80, 0x00, 0x00, 0x00, 0x00, 0x00, 0x2F,
    0xFF, 0xF8, 0x00, 0x00, 0x00, 0x00, 0x00, 0x00, 0x3F, 0xFF, 0x80, 0x00, 0x00, 0x00, 0x00, 0x00,
    0x00, 0x2F, 0xE0, 0x00, 0x00, 0x00, 0x00, 0x00, 0x00, 0x00, 0x00, 0x00, 0x00, 0x00, 0x00, 0x00,
    0x00, 0x00, 0x00, 0x00, 0x00, 0x00, 0x00, 0x00, 0x00, 0x00, 0x00, 0x00, 0x00, 0x00, 0x00, 0x00,
    0x00, 0x00, 0x00, 0x00, 0x00, 0x00, 0x00, 0x00, 0x00, 0x00, 0x0F, 0xF0, 0x01, 0xFF, 0xF0, 0x01,
    0xFF, 0x00, 0x00, 0x2F, 0xD0, 0x07, 0xFF, 0x80, 0x1F, 0xF0, 0x00, 0x00, 0x7F, 0xC0, 0x2F, 0xFD,
    0x00, 0xFF, 0x00, 0x00, 0x00, 0xFF, 0x40, 0xBF, 0xF0, 0x0F, 0xF4, 0x00, 0x00, 0x01, 0xFF, 0x03,
    0xFF, 0x80, 0xFF, 0x40, 0x00, 0x00, 0x03, 0xFC, 0x0F, 0xFD, 0x0B, 0xF8, 0x00, 0x00, 0x00, 0x0B,
    0xF8, 0x3F, 0xF0, 0xBF, 0x80, 0x00, 0x00, 0x00, 0x0F, 0xF0, 0xFF, 0x87, 0xFC, 0x00, 0x00, 0x00,
    0x00, 0x2F, 0xD3, 0xFD, 0x7F, 0xC0, 0x00, 0x00, 0x00, 0x00, 0x7F, 0xDF, 0xF7, 0xFC, 0x00, 0x00,
    0x00, 0x00, 0x00, 0xFF, 0xBF, 0xFF, 0xD0, 0x00, 0x00, 0x00, 0x00, 0x01, 0xFF, 0xFF, 0xFD, 0x00,
    0x00, 0x00, 0x00, 0x00, 0x03, 0xFF, 0xFF, 0xE0, 0x00, 0x00, 0x00, 0x00, 0x00, 0x0F, 0xFF, 0xFF,
    0x00, 0x00, 0x00, 0x00, 0x00, 0x00, 0xFF, 0xFF, 0xFD, 0x00, 0x00, 0x00, 0x00, 0x00, 0x0F, 0xFF,
    0xFF, 0xFC, 0x00, 0x00, 0x00, 0x00, 0x00, 0xFF, 0xFF, 0xFF, 0xFC, 0x00, 0x00, 0x00, 0x00, 0x1F,
    0xFF, 0xFF, 0xFF, 0xF8, 0x00, 0x00, 0x00, 0x01, 0xFF, 0xFF, 0xFE, 0xFF, 0xF4, 0x00, 0x00, 0x00,
    0x1F, 0xFF, 0x3F, 0xF9, 0xFF, 0xF0, 0x00, 0x00, 0x02, 0xFF, 0xF1, 0xFF, 0xD3, 0xFF, 0xE0, 0x00,
    0x00, 0x2F, 0xFF, 0x0F, 0xFF, 0x4B, 0xFF, 0xD0, 0x00, 0x03, 0xFF, 0xF4, 0x3F, 0xFD, 0x0F, 0xFF,
    0xC0, 0x00, 0x3F, 0xFF, 0x42, 0xFF, 0xF0, 0x2F, 0xFF, 0x80, 0x03, 0xFF, 0xF4, 0x0F, 0xFF, 0xC0,
    0x3F, 0xFF, 0x40, 0x00, 0x00, 0x00, 0x00, 0x02, 0x40, 0x00, 0x60, 0x00, 0x00, 0x00, 0x00, 0x1E,
    0x00, 0x03, 0xC0, 0x00, 0x00, 0x00, 0x00, 0x7D, 0x00, 0x7D, 0x00, 0x00, 0x00, 0x00, 0x00, 0xFF,
    0xFF, 0xD0, 0x00, 0x00, 0x00, 0x00, 0x01, 0xFF, 0xFD, 0x00, 0x00, 0x00, 0x00, 0x00, 0x01, 0xBF,
    0x80, 0x00, 0x00, 0x00, 0x00, 0x00, 0x00, 0x00, 0x00, 0x00, 0x00, 0x00, 0x00, 0x00, 0x00, 0x00,
    0x00, 0x00, 0x00, 0x00, 0x00, 0x00, 0x00, 0x00, 0x00, 0x00, 0x00, 0x00, 0x00, 0x00, 0x00, 0x00,
    0x00, 0x00, 0x00, 0x00, 0x00, 0x00, 0x00, 0x00, 0x00, 0x00, 0x00, 0x1F, 0xC0, 0x1F, 0xFC, 0x01,
    0xFC, 0x00, 0x00, 0x3F, 0x40, 0xBF, 0xE0, 0x1F, 0xD0, 0x00, 0x00, 0xFE, 0x02, 0xFF, 0x01, 0xFD,
    0x00, 0x00, 0x01, 0xFC, 0x0F, 0xFC, 0x1F, 0xD0, 0x00, 0x00, 0x03, 0xF8, 0x3F, 0xD1, 0xFD, 0x00,
    0x00, 0x00, 0x0B, 0xF0, 0xFF, 0x1F, 0xD0, 0x00, 0x00, 0x00, 0x1F, 0xD7, 0xF8, 0xFD, 0x00, 0x00,
    0x00, 0x00, 0x3F, 0xAF, 0xDF, 0xD0, 0x00, 0x00, 0x00, 0x00, 0x7F, 0xFF, 0xFD, 0x00, 0x00, 0x00,
    0x00, 0x00, 0xFF, 0xFF, 0xD0, 0x00, 0x00, 0x00, 0x00, 0x03, 0xFF, 0xFD, 0x00, 0x00, 0x00, 0x00,
    0x00, 0x2F, 0xFF, 0xF8, 0x00, 0x00, 0x00, 0x00, 0x02, 0xFF, 0xFF, 0xF4, 0x00, 0x00, 0x00, 0x00,
    0x3F, 0xFF, 0xFF, 0xF0, 0x00, 0x00, 0x00, 0x07, 0xFF, 0xFF, 0xFF, 0xE0, 0x00, 0x00, 0x00, 0xBF,
    0xEB, 0xFD, 0xFF, 0xD0, 0x00, 0x00, 0x0F, 0xFE, 0x3F, 0xF2, 0xFF, 0xC0, 0x00, 0x00, 0xFF, 0xE1,
    0xFF, 0xC3, 0xFF, 0x80, 0x00, 0x1F, 0xFE, 0x0F, 0xFE, 0x0F, 0xFF, 0x40, 0x02, 0xFF, 0xE0, 0x3F,
    0xF8, 0x1F, 0xFF, 0x00, 0x00, 0x00, 0x00, 0x00, 0x00, 0x00, 0x00, 0x00, 0x3D, 0x00, 0x3F, 0x80,
    0x00, 0x1F, 0x00, 0x3F, 0x80, 0x00, 0x0F, 0xC0, 0x3F, 0xC0, 0x00, 0x03, 0xE0, 0x2F, 0xC0, 0x00,
    0x02, 0xF4, 0x1F, 0xC0, 0x00, 0x00, 0xFC, 0x1F, 0xC0, 0x00, 0x00, 0x7E, 0x0F, 0xD0, 0x00, 0x00,
    0x2F, 0x4F, 0xD0, 0x00, 0x00, 0x0F, 0xCB, 0xE0, 0x00, 0x00, 0x07, 0xFB, 0xE0, 0x00, 0x00, 0x02,
    0xFF, 0xE0, 0x00, 0x00, 0x00, 0xFF, 0xF4, 0x00, 0x00, 0x00, 0x7F, 0xFF, 0xF8, 0x00, 0x00, 0x3F,
    0x81, 0xBF, 0xD0, 0x00, 0x0F, 0xD0, 0x02, 0xFC, 0x00, 0x0B, 0xF0, 0x00, 0x2F, 0x80, 0x03, 0xF8,
    0x00, 0x07, 0xF0, 0x00, 0xFD, 0x00, 0x00, 0xFC, 0x00, 0xBF, 0x00, 0x00, 0x7F, 0x00, 0x3F, 0x80,
    0x00, 0x2F, 0xC0, 0x1F, 0xD0, 0x00, 0x0F, 0xD0, 0x00, 0x00, 0x00, 0x0B, 0xF0, 0x00, 0x00, 0x00,
    0x07, 0xF8, 0x00, 0x00, 0x00, 0x1F, 0xFC, 0x00, 0x00, 0x00, 0xFF, 0xFC, 0x00, 0x00, 0x00, 0x3F,
    0xFC, 0x00, 0x00, 0x00, 0x1F, 0xF4, 0x00, 0x00, 0x00, 0x01, 0x40, 0x00, 0x00, 0x00, 0x00, 0x1D,
    0x02, 0xE0, 0x00, 0xB0, 0x2F, 0x00, 0x03, 0xC2, 0xF0, 0x00, 0x1E, 0x1F, 0x00, 0x00, 0xB4, 0xF0,
    0x00, 0x03, 0xCF, 0x40, 0x00, 0x1E, 0xF4, 0x00, 0x00, 0xBF, 0x40, 0x00, 0x03, 0xFF, 0xD0, 0x00,
    0x1F, 0x0B, 0xE0, 0x00, 0xF8, 0x03, 0xE0, 0x03, 0xC0, 0x07, 0xC0, 0x1F, 0x00, 0x1F, 0x00, 0xF8,
    0x00, 0x7C, 0x03, 0xD0, 0x03, 0xE0, 0x00, 0x00, 0x1F, 0x00, 0x00, 0x01, 0xF8, 0x00, 0x00, 0xFF,
    0x80, 0x00, 0x03, 0xF4, 0x00, 0x00, 0x05, 0x00, 0x00, 0x00, 0x00, 0x0B, 0xFF, 0xFF, 0xF4, 0x00,
    0x00, 0x3F, 0xFF, 0xFF, 0xC0, 0x00, 0x01, 0xFF, 0xFF, 0xFF, 0x00, 0x00, 0x0F, 0xF0, 0x02, 0xF8,
    0x00, 0x00, 0x3F, 0x80, 0x0F, 0xD0, 0x00, 0x01, 0xFC, 0x00, 0x3F, 0x00, 0x00, 0x0B, 0xF0, 0x02,
    0xFC, 0x00, 0x00, 0x3F, 0x80, 0x0F, 0xE0, 0x00, 0x00, 0xFC, 0x00, 0x3F, 0x40, 0x00, 0x0B, 0xF0,
    0x01, 0xFC, 0x00, 0x00, 0x3F, 0x80, 0x0B, 0xF0, 0x00, 0x00, 0xFC, 0x00, 0x3F, 0x40, 0x00, 0x0B,
    0xF0, 0x01, 0xFC, 0x00, 0x00, 0x3F, 0x40, 0x0B, 0xF0, 0x00, 0x00, 0xFC, 0x00, 0x3F, 0x80, 0x00,
    0x0B, 0xF0, 0x00, 0xFD, 0x00, 0x00, 0x3F, 0x40, 0x0B, 0xF0, 0x00, 0x01, 0xFC, 0x00, 0x3F, 0xC0,
    0x00, 0x0F, 0xF0, 0x00, 0xFF, 0x54, 0x02, 0xFF, 0x40, 0x07, 0xFF, 0xD0, 0x2F, 0xFC, 0x00, 0x2F,
    0xFF, 0x00, 0xFF, 0x80, 0x00, 0xFF, 0xF4, 0x00, 0x00, 0x00, 0x00, 0x7F, 0xC0, 0x00, 0x00, 0x00,
    0x03, 0xFD, 0x00, 0x00, 0x00, 0x00, 0x2F, 0xE0, 0x00, 0x00, 0x00, 0x00, 0xFF, 0x00, 0x00, 0x00,
    0x00, 0x06, 0xA8, 0x00, 0x00, 0x00, 0x07, 0xFF, 0xFC, 0x00, 0x0B, 0xFF, 0xF8, 0x00, 0x0F, 0x40,
    0xB4, 0x00, 0x1F, 0x00, 0xF0, 0x00, 0x2F, 0x01, 0xF0, 0x00, 0x3D, 0x02, 0xE0, 0x00, 0x3C, 0x03,
    0xD0, 0x00, 0xBC, 0x07, 0xC0, 0x00, 0xF4, 0x0B, 0xC0, 0x00, 0xF0, 0x0F, 0x80, 0x02, 0xE0, 0x0F,
    0x40, 0x03, 0xD0, 0x1F, 0x00, 0x07, 0xC0, 0x3F, 0x50, 0x3F, 0x80, 0x3F, 0xE0, 0xBE, 0x00, 0x7F,
    0xC0, 0x00, 0x00, 0x1F, 0x40, 0x00, 0x00, 0x3F, 0x00, 0x00, 0x00, 0xBD, 0x00, 0x00, 0x01, 0xA8,
    0x00, 0x00, 0x02, 0xA0, 0x00, 0x0B, 0xF0, 0x00, 0x00, 0x2F, 0xC0, 0x00, 0x3F, 0x80, 0x00, 0x00,
    0xFE, 0x00, 0x01, 0xFD, 0x00, 0x00, 0x07, 0xF4, 0x00, 0x0B, 0xF0, 0x00, 0x00, 0x2F, 0xC0, 0x00,
    0x3F, 0xC0, 0x00, 0x00, 0xFF, 0x00, 0x00, 0xFE, 0x00, 0x00, 0x03, 0xF8, 0x00, 0x07, 0xF4, 0x00,
    0x00, 0x1F, 0xD0, 0x00, 0x3F, 0xC0, 0x00, 0x00, 0xFF, 0x00, 0x00, 0xFF, 0x00, 0x00, 0x03, 0xFC,
    0x00, 0x07, 0xF8, 0x00, 0x00, 0x1F, 0xF0, 0x00, 0x2F, 0xD0, 0x00, 0x00, 0xBF, 0x80, 0x00, 0xFF,
    0x00, 0x00, 0x03, 0xFD, 0x00, 0x07, 0xFE, 0x55, 0x55, 0x6F, 0xF0, 0x00, 0x2F, 0xFF, 0xFF, 0xFF,
    0xFF, 0xC0, 0x00, 0xFF, 0xFF, 0xFF, 0xFF, 0xFE, 0x00, 0x03, 0xFF, 0xFF, 0xFF, 0xFF, 0xF4, 0x00,
    0x1F, 0xFF, 0xFF, 0xFF, 0xFF, 0xC0, 0x00, 0xFF, 0xFF, 0xFF, 0xFF, 0xFF, 0x00, 0x03, 0xFE, 0x00,
    0x00, 0x0F, 0xF8, 0x00, 0x1F, 0xF4, 0x00, 0x00, 0x7F, 0xE0, 0x00, 0xBF, 0xC0, 0x00, 0x02, 0xFF,
    0x40, 0x03, 0xFF, 0x00, 0x00, 0x0F, 0xFF, 0x00, 0x0F, 0xF8, 0x00, 0x00, 0x7F, 0xFC, 0x00, 0xBF,
    0xD0, 0x00, 0x02, 0xFF, 0xF0, 0x00, 0x00, 0x00, 0x00, 0x02, 0xFF, 0x80, 0x00, 0x00, 0x00, 0x00,
    0x0F, 0xFD, 0x00, 0x00, 0x00, 0x00, 0x00, 0xBF, 0xF0, 0x00, 0x00, 0x00, 0x01, 0xFF, 0xFF, 0x80,
    0x00, 0x00, 0x00, 0x0F, 0xFF, 0xFC, 0x00, 0x00, 0x00, 0x00, 0x7F, 0xFF, 0xD0, 0x00, 0x00, 0x00,
    0x00, 0x55, 0x40, 0x00, 0x00, 0x00, 0x3D, 0x00, 0x02, 0xF0, 0x03, 0xD0, 0x00, 0x3E, 0x00, 0x7C,
    0x00, 0x03, 0xD0, 0x0F, 0xC0, 0x00, 0x7C, 0x00, 0xF8, 0x00, 0x0F, 0xC0, 0x1F, 0x40, 0x00, 0xF8,
    0x02, 0xF0, 0x00, 0x1F, 0x80, 0x3F, 0x00, 0x02, 0xF4, 0x07, 0xE0, 0x00, 0x3F, 0x00, 0xBF, 0xFF,
    0xFF, 0xF0, 0x0F, 0xFF, 0xFF, 0xFE, 0x00, 0xFF, 0xFF, 0xFF, 0xD0, 0x1F, 0xFF, 0xFF, 0xFC, 0x02,
    0xF4, 0x00, 0x1F, 0xC0, 0x3F, 0x40, 0x03, 0xF8, 0x07, 0xF0, 0x00, 0x3F, 0xD0, 0xBF, 0x00, 0x07,
    0xFC, 0x00, 0x00, 0x00, 0x3F, 0xC0, 0x00, 0x00, 0x0B, 0xF8, 0x00, 0x00, 0x0F, 0xFF, 0x00, 0x00,
    0x02, 0xFF, 0xD0, 0x00, 0x00, 0x01, 0x00, 0x00, 0x00, 0x01, 0xA8, 0x00, 0x00, 0x02, 0xA0, 0x00,
    0x0B, 0xF0, 0x00, 0x00, 0x2F, 0xC0, 0x00, 0x3F, 0x80, 0x00, 0x00, 0xFE, 0x00, 0x01, 0xFD, 0x00,
    0x00, 0x07, 0xF4, 0x00, 0x0B, 0xF0, 0x00, 0x00, 0x2F, 0xC0, 0x00, 0x3F, 0xC0, 0x00, 0x00, 0xFF,
    0x00, 0x00, 0xFE, 0x00, 0x00, 0x03, 0xF8, 0x00, 0x07, 0xF4, 0x00, 0x00, 0x1F, 0xD0, 0x00, 0x3F,
    0xC0, 0x00, 0x00, 0xFF, 0x00, 0x00, 0xFF, 0x00, 0x00, 0x03, 0xFC, 0x00, 0x07, 0xF8, 0x00, 0x00,
    0x1F, 0xF0, 0x00, 0x2F, 0xD0, 0x00, 0x00, 0xBF, 0x80, 0x00, 0xFF, 0x00, 0x00, 0x03, 0xFD, 0x00,
    0x07, 0xFE, 0x55, 0x55, 0x6F, 0xF0, 0x00, 0x2F, 0xFF, 0xFF, 0xFF, 0xFF, 0xC0, 0x00, 0xFF, 0xFF,
    0xFF, 0xFF, 0xFE, 0x00, 0x03, 0xFF, 0xFF, 0xFF, 0xFF, 0xF4, 0x00, 0x1F, 0xFF, 0xFF, 0xFF, 0xFF,
    0xC0, 0x00, 0xFF, 0xFF, 0xFF, 0xFF, 0xFF, 0x00, 0x03, 0xFE, 0x00, 0x00, 0x0F, 0xF8, 0x00, 0x1F,
    0xF4, 0x00, 0x00, 0x7F, 0xD0, 0x00, 0xBF, 0xC0, 0x00, 0x02, 0xFF, 0x40, 0x03, 0xFF, 0x00, 0x00,
    0x0F, 0xFC, 0x00, 0x0F, 0xF8, 0x00, 0x00, 0x7F, 0xF0, 0x00, 0xBF, 0xD0, 0x00, 0x02, 0xFF, 0x80,
    0x00, 0x00, 0x00, 0x00, 0x01, 0xFF, 0x40, 0x00, 0x00, 0x00, 0x00, 0x0F, 0xFC, 0x00, 0x00, 0x00,
    0x00, 0x00, 0x3F, 0xD0, 0x00, 0x00, 0x00, 0x00, 0x02, 0xFF, 0x00, 0x00, 0x00, 0x00, 0x00, 0x0F,
    0xF4, 0x00, 0x00, 0x00, 0x00, 0x00, 0x7F, 0xC0, 0x00, 0x00, 0x00, 0x00, 0x03, 0xFC, 0x00, 0x00,
    0x00, 0x00, 0x00, 0x2F, 0xE0, 0x00, 0x00, 0x00, 0x00, 0x00, 0x00, 0x00, 0x00, 0x00, 0x00, 0x3E,
    0x00, 0x02, 0xF0, 0x00, 0xF4, 0x00, 0x0F, 0x80, 0x07, 0xC0, 0x00, 0x3D, 0x00, 0x3F, 0x00, 0x01,
    0xF0, 0x00, 0xF8, 0x00, 0x0B, 0xC0, 0x07, 0xD0, 0x00, 0x3F, 0x00, 0x2F, 0x00, 0x01, 0xF8, 0x00,
    0xFC, 0x00, 0x0B, 0xD0, 0x07, 0xE0, 0x00, 0x3F, 0x00, 0x2F, 0xFF, 0xFF, 0xFC, 0x00, 0xFF, 0xFF,
    0xFF, 0xE0, 0x03, 0xFF, 0xFF, 0xFF, 0x40, 0x1F, 0xFF, 0xFF, 0xFC, 0x00, 0xBE, 0x00, 0x07, 0xF0,
    0x03, 0xF4, 0x00, 0x2F, 0x80, 0x1F, 0xC0, 0x00, 0xFD, 0x00, 0xBF, 0x00, 0x07, 0xF4, 0x00, 0x00,
    0x00, 0x0B, 0xF0, 0x00, 0x00, 0x00, 0x3F, 0x00, 0x00, 0x00, 0x01, 0xF8, 0x00, 0x00, 0x00, 0x0B,
    0xC0, 0x00, 0x00, 0x00, 0x7E, 0x00, 0x00, 0x00, 0x02, 0xA0, 0x00, 0x00, 0x01, 0x50, 0x00, 0x0A,
    0x50, 0xBF, 0x00, 0x00, 0xFD, 0x0B, 0xE0, 0x00, 0x0F, 0xC0, 0xFC, 0x00, 0x01, 0xFC, 0x0F, 0xC0,
    0x00, 0x2F, 0x80, 0xF8, 0x00, 0x03, 0xF4, 0x1F, 0x00, 0x00, 0x3F, 0x02, 0xF0, 0x00, 0x07, 0xE0,
    0x2E, 0x00, 0x00, 0xFD, 0x03, 0xD0, 0x00, 0x1F, 0xC0, 0x3D, 0x00, 0x07, 0xFC, 0x03, 0xF4, 0x06,
    0xFF, 0x80, 0x1F, 0xFF, 0xFF, 0xF4, 0x00, 0x7F, 0xFE, 0xBF, 0x00, 0x00, 0x00, 0x07, 0xF0, 0x00,
    0x00, 0x00, 0xBD, 0x00, 0x00, 0x00, 0x0F, 0xC0, 0x00, 0x00, 0x00, 0xFC, 0x00, 0x00, 0x00, 0x1F,
    0x80, 0x00, 0x00, 0x02, 0xF4, 0x00, 0x00, 0x00, 0x3F, 0x00, 0x00, 0x00, 0x03, 0xF0, 0x00, 0x00,
    0x00, 0xBD, 0x00, 0x00, 0x00, 0x0F, 0xC0, 0x00, 0x00, 0x00, 0xF0, 0x00, 0x00, 0x00, 0x2E, 0x00,
    0x00, 0x00, 0x01, 0x40, 0x00, 0x00, 0x06, 0x00, 0x06, 0x02, 0xC0, 0x03, 0xC0, 0xE0, 0x00, 0xE0,
    0x74, 0x00, 0xB4, 0x2C, 0x00, 0x3C, 0x0F, 0x00, 0x0F, 0x03, 0xC0, 0x0B, 0x80, 0xE0, 0x07, 0xD0,
    0x3D, 0x5F, 0xF0, 0x0F, 0xFF, 0xFC, 0x00, 0xBF, 0x6E, 0x00, 0x00, 0x0F, 0x40, 0x00, 0x0B, 0xC0,
    0x00, 0x07, 0xF0, 0x00, 0x02, 0xFC, 0x00, 0x00, 0xF0, 0x00, 0x00, 0x3C, 0x00, 0x00, 0x1E, 0x00,
    0x00, 0x00, 0x00, 0x00, 0x00, 0x00, 0xAA, 0x80, 0x00, 0x00, 0x2A, 0xA0, 0x00, 0x03, 0xFF, 0x40,
    0x00, 0x01, 0xFF, 0xC0, 0x00, 0x1F, 0xFE, 0x00, 0x00, 0x0F, 0xFE, 0x00, 0x00, 0xFF, 0xF8, 0x00,
    0x00, 0xBF, 0xF4, 0x00, 0x03, 0xFF, 0xF0, 0x00, 0x07, 0xFF, 0xC0, 0x00, 0x1F, 0xFF, 0xC0, 0x00,
    0x3F, 0xFF, 0x00, 0x00, 0xBF, 0xFF, 0x00, 0x02, 0xFF, 0xFC, 0x00, 0x03, 0xFF, 0xFC, 0x00, 0x1F,
    0xFF, 0xE0, 0x00, 0x1F, 0xDF, 0xF4, 0x00, 0xFF, 0xBF, 0x40, 0x00, 0xBE, 0x7F, 0xE0, 0x0B, 0xFA,
    0xFD, 0x00, 0x03, 0xF8, 0xFF, 0x80, 0x7F, 0xCF, 0xF0, 0x00, 0x1F, 0xD3, 0xFF, 0x03, 0xFD, 0x7F,
    0xC0, 0x00, 0xBF, 0x0F, 0xFC, 0x2F, 0xE2, 0xFE, 0x00, 0x03, 0xFC, 0x3F, 0xF1, 0xFF, 0x0F, 0xF8,
    0x00, 0x1F, 0xE0, 0xBF, 0xDF, 0xF4, 0x7F, 0xD0, 0x00, 0xBF, 0x82, 0xFF, 0xFF, 0xC2, 0xFF, 0x00,
    0x03, 0xFD, 0x07, 0xFF, 0xFC, 0x0F, 0xFC, 0x00, 0x1F, 0xF0, 0x0F, 0xFF, 0xE0, 0x7F, 0xF0, 0x00,
    0xBF, 0xC0, 0x3F, 0xFF, 0x02, 0xFF, 0x80, 0x03, 0xFE, 0x00, 0xFF, 0xF4, 0x0F, 0xFD, 0x00, 0x0F,
    0xF4, 0x03, 0xFF, 0x80, 0x7F, 0xF0, 0x00, 0xBF, 0xD0, 0x0B, 0xFC, 0x02, 0xFF, 0xC0, 0x03, 0xFF,
    0x00, 0x2F, 0xD0, 0x0F, 0xFF, 0x00, 0x0F, 0xFC, 0x00, 0x00, 0x00, 0x7F, 0xF8, 0x00, 0xBF, 0xE0,
    0x00, 0x00, 0x02, 0xFF, 0xD0, 0x00, 0x00, 0x00, 0x00, 0x00, 0x00, 0x2F, 0xF0, 0x00, 0x00, 0x00,
    0x00, 0x00, 0x00, 0xFF, 0x80, 0x00, 0x00, 0x00, 0x00, 0x00, 0x07, 0xFC, 0x00, 0x00, 0x00, 0x00,
    0x00, 0x00, 0x3F, 0xE0, 0x00, 0x00, 0x00, 0x00, 0x00, 0x00, 0xFF, 0x00, 0x00, 0x00, 0x00, 0x00,
    0x00, 0x0F, 0xF4, 0x00, 0x00, 0x00, 0x00, 0x00, 0x00, 0x7F, 0xC0, 0x00, 0x00, 0x00, 0x00, 0x00,
    0x03, 0xFD, 0x00, 0x00, 0x00, 0x00, 0x00, 0x00, 0x00, 0x00, 0x00, 0x00, 0x00, 0x1F, 0xC0, 0x00,
    0x2F, 0x40, 0x0F, 0xF0, 0x00, 0x2F, 0xC0, 0x03, 0xFD, 0x00, 0x0F, 0xF0, 0x01, 0xFF, 0x40, 0x0F,
    0xFC, 0x00, 0xFF, 0xE0, 0x07, 0xFE, 0x00, 0x3E, 0xFC, 0x03, 0xFF, 0x40, 0x1F, 0x7F, 0x03, 0xF7,
    0xD0, 0x0B, 0x9F, 0xC1, 0xF6, 0xF0, 0x03, 0xE3, 0xF0, 0xFC, 0xFC, 0x01, 0xF4, 0xFD, 0xFC, 0x7E,
    0x00, 0xBC, 0x3F, 0xFE, 0x3F, 0x80, 0x3F, 0x0B, 0xFF, 0x0F, 0xD0, 0x1F, 0x82, 0xFF, 0x47, 0xF0,
    0x0B, 0xD0, 0x7F, 0x83, 0xFC, 0x03, 0xF4, 0x1F, 0xC0, 0xFF, 0x01, 0xFC, 0x02, 0x90, 0x7F, 0x80,
    0xBF, 0x00, 0x00, 0x3F, 0xD0, 0x00, 0x00, 0x00, 0x00, 0xFD, 0x00, 0x00, 0x00, 0x00, 0x7F, 0x00,
    0x00, 0x00, 0x00, 0x2F, 0x40, 0x00, 0x00, 0x00, 0x0F, 0xC0, 0x00, 0x00, 0x00, 0x0B, 0xD0, 0x00,
    0x00, 0x00, 0x02, 0x90, 0x00, 0x00, 0x05, 0x40, 0x07, 0xE0, 0x02, 0xF4, 0x00, 0xFC, 0x00, 0x3F,
    0x00, 0x1F, 0x80, 0x0B, 0xD0, 0x03, 0xF0, 0x00, 0xFC, 0x00, 0x7E, 0x00, 0x2F, 0x40, 0x0F, 0xC0,
    0x03, 0xF0, 0x01, 0xF8, 0x00, 0xBD, 0x00, 0x3F, 0x40, 0x0F, 0xC0, 0x07, 0xF0, 0x01, 0xF8, 0x00,
    0xBD, 0x00, 0x3F, 0x00, 0x00, 0x00, 0x00, 0x00, 0x0F, 0x00, 0x01, 0xD0, 0x00, 0x00, 0x00, 0xF0,
    0x00, 0x3C, 0x00, 0x00, 0x00, 0x0F, 0xC0, 0x1F, 0x80, 0x00, 0x00, 0x00, 0x7F, 0xFF, 0xE0, 0x00,
    0x00, 0x00, 0x02, 0xFF, 0xF8, 0x00, 0x00, 0x00, 0x00, 0x06, 0xA4, 0x00, 0x00, 0x00, 0x00, 0x00,
    0x00, 0x00, 0x00, 0x00, 0x00, 0x00, 0x00, 0x00, 0x00, 0x00, 0x00, 0x00, 0x00, 0x00, 0x00, 0x00,
    0x00, 0x00, 0x00, 0x00, 0x00, 0x00, 0x00, 0x00, 0x00, 0x00, 0xFE, 0x00, 0x00, 0x00, 0x00, 0x00,
    0x2F, 0xE0, 0x00, 0x00, 0x00, 0x00, 0x03, 0xFF, 0x00, 0x00, 0x00, 0x00, 0x00, 0xFF, 0xF0, 0x00,
    0x00, 0x00, 0x00, 0x1F, 0xBF, 0x00, 0x00, 0x00, 0x00, 0x03, 0xF3, 0xF0, 0x00, 0x00, 0x00, 0x00,
    0xFD, 0x3F, 0x40, 0x00, 0x00, 0x00, 0x1F, 0xC3, 0xF4, 0x00, 0x00, 0x00, 0x03, 0xF0, 0x3F, 0x40,
    0x00, 0x00, 0x00, 0xBE, 0x02, 0xF8, 0x00, 0x00, 0x00, 0x1F, 0xC0, 0x2F, 0x80, 0x00, 0x00, 0x03,
    0xF4, 0x02, 0xFC, 0x00, 0x00, 0x00, 0xBF, 0x00, 0x2F, 0xC0, 0x00, 0x00, 0x1F, 0xC0, 0x01, 0xFC,
    0x00, 0x00, 0x03, 0xF8, 0x00, 0x1F, 0xC0, 0x00, 0x00, 0xBF, 0x00, 0x01, 0xFD, 0x00, 0x00, 0x0F,
    0xD0, 0x00, 0x0F, 0xD0, 0x00, 0x03, 0xFF, 0xFF, 0xFF, 0xFE, 0x00, 0x00, 0xBF, 0xFF, 0xFF, 0xFF,
    0xE0, 0x00, 0x0F, 0xFF, 0xFF, 0xFF, 0xFE, 0x00, 0x03, 0xFF, 0xFF, 0xFF, 0xFF, 0xF0, 0x00, 0x7F,
    0x80, 0x00, 0x00, 0xFF, 0x00, 0x0F, 0xF0, 0x00, 0x00, 0x0F, 0xF0, 0x02, 0xFE, 0x00, 0x00, 0x00,
    0xFF, 0x00, 0x7F, 0xC0, 0x00, 0x00, 0x1F, 0xF4, 0x00, 0x00, 0x00, 0x01, 0xE0, 0x00, 0x2C, 0x00,
    0x00, 0x01, 0xF0, 0x00, 0x38, 0x00, 0x00, 0x01, 0xF8, 0x02, 0xF0, 0x00, 0x00, 0x00, 0xFF, 0xFF,
    0xD0, 0x00, 0x00, 0x00, 0x3F, 0xFF, 0x40, 0x00, 0x00, 0x00, 0x06, 0xA4, 0x00, 0x00, 0x00, 0x00,
    0x00, 0x00, 0x00, 0x00, 0x00, 0x00, 0x00, 0x00, 0x00, 0x00, 0x00, 0x00, 0x00, 0x00, 0x00, 0x00,
    0x00, 0x00, 0x00, 0x00, 0x00, 0x00, 0x00, 0x2F, 0xE0, 0x00, 0x00, 0x00, 0x02, 0xFF, 0xFD, 0xF0,
    0x00, 0x00, 0x0F, 0xFF, 0xFF, 0xE0, 0x00, 0x00, 0x3F, 0xD0, 0x2F, 0xE0, 0x00, 0x00, 0x7F, 0x00,
    0x0F, 0xD0, 0x00, 0x00, 0xF8, 0x00, 0x0F, 0xC0, 0x00, 0x02, 0xF0, 0x00, 0x0F, 0xC0, 0x00, 0x03,
    0xD0, 0x00, 0x0F, 0xC0, 0x00, 0x07, 0xC0, 0x00, 0x1F, 0x80, 0x00, 0x0F, 0x80, 0x00, 0x3F, 0x80,
    0x00, 0x0F, 0x40, 0x00, 0xBF, 0x40, 0x00, 0x0F, 0x80, 0x03, 0xFF, 0x00, 0x00, 0x0F, 0xF5, 0xAF,
    0xFF, 0x00, 0x00, 0x0F, 0xFF, 0xFF, 0xFF, 0x00, 0x00, 0x0B, 0xFF, 0xFF, 0xFE, 0x00, 0x00, 0x03,
    0xFF, 0xFE, 0x7E, 0x00, 0x00, 0x00, 0xBF, 0xE4, 0x7D, 0x00, 0x00, 0x00, 0x00, 0x00, 0x07, 0xD0,
    0x0B, 0xD0, 0x00, 0x00, 0x00, 0xFE, 0x00, 0xFD, 0x00, 0x00, 0x00, 0x2F, 0xD0, 0x2F, 0xD0, 0x00,
    0x00, 0x03, 0xFD, 0x03, 0xFC, 0x00, 0x00, 0x00, 0x7F, 0xC0, 0xBF, 0xC0, 0x00, 0x00, 0x00, 0x00,
    0x00, 0x00, 0x00, 0x00, 0x00, 0x00, 0x00, 0x00, 0x00, 0x00, 0x00, 0x00, 0x00, 0x00, 0x00, 0x00,
    0x00, 0x00, 0x00, 0x00, 0x00, 0x00, 0x00, 0x00, 0x00, 0x0F, 0xE0, 0x00, 0x00, 0x00, 0x00, 0x02,
    0xFE, 0x00, 0x00, 0x00, 0x00, 0x00, 0x3F, 0xF0, 0x00, 0x00, 0x00, 0x00, 0x0F, 0xFF, 0x00, 0x00,
    0x00, 0x00, 0x01, 0xFB, 0xF0, 0x00, 0x00, 0x00, 0x00, 0x3F, 0x3F, 0x00, 0x00, 0x00, 0x00, 0x0F,
    0xD3, 0xF4, 0x00, 0x00, 0x00, 0x01, 0xFC, 0x3F, 0x40, 0x00, 0x00, 0x00, 0x3F, 0x03, 0xF4, 0x00,
    0x00, 0x00, 0x0B, 0xE0, 0x2F, 0x80, 0x00, 0x00, 0x01, 0xFC, 0x02, 0xF8, 0x00, 0x00, 0x00, 0x3F,
    0x40, 0x2F, 0xC0, 0x00, 0x00, 0x0B, 0xF0, 0x02, 0xFC, 0x00, 0x00, 0x01, 0xFC, 0x00, 0x1F, 0xC0,
    0x00, 0x00, 0x3F, 0x80, 0x01, 0xFC, 0x00, 0x00, 0x0B, 0xF0, 0x00, 0x1F, 0xD0, 0x00, 0x00, 0xFD,
    0x00, 0x00, 0xFD, 0x00, 0x00, 0x3F, 0xFF, 0xFF, 0xFF, 0xE0, 0x00, 0x0B, 0xFF, 0xFF, 0xFF, 0xFE,
    0x00, 0x00, 0xFF, 0xFF, 0xFF, 0xFF, 0xE0, 0x00, 0x3F, 0xFF, 0xFF, 0xFF, 0xFF, 0x00, 0x07, 0xF8,
    0x00, 0x00, 0x0F, 0xF0, 0x00, 0xFF, 0x00, 0x00, 0x00, 0xFF, 0x00, 0x2F, 0xE0, 0x00, 0x00, 0x0F,
    0xF0, 0x07, 0xFC, 0x00, 0x00, 0x01, 0xFF, 0x40, 0x00, 0x00, 0x00, 0xBE, 0x00, 0xBE, 0x00, 0x00,
    0x00, 0xFE, 0x00, 0xFD, 0x00, 0x00, 0x02, 0xFD, 0x02, 0xFD, 0x00, 0x00, 0x03, 0xFD, 0x03, 0xFC,
    0x00, 0x00, 0x07, 0xFC, 0x07, 0xFC, 0x00, 0x00, 0x00, 0x00, 0x00, 0x00, 0x00, 0x00, 0x00, 0x00,
    0x00, 0x00, 0x00, 0x00, 0x00, 0x00, 0x00, 0x00, 0x00, 0x00, 0x2F, 0xE0, 0x00, 0x00, 0x00, 0x02,
    0xFF, 0xFD, 0xF0, 0x00, 0x00, 0x0F, 0xFF, 0xFF, 0xE0, 0x00, 0x00, 0x3F, 0xD0, 0x2F, 0xE0, 0x00,
    0x00, 0x7F, 0x00, 0x0F, 0xD0, 0x00, 0x00, 0xF8, 0x00, 0x0F, 0xC0, 0x00, 0x02, 0xF0, 0x00, 0x0F,
    0xC0, 0x00, 0x03, 0xD0, 0x00, 0x0F, 0xC0, 0x00, 0x07, 0xC0, 0x00, 0x1F, 0x80, 0x00, 0x0F, 0x80,
    0x00, 0x3F, 0x80, 0x00, 0x0F, 0x40, 0x00, 0xBF, 0x40, 0x00, 0x0F, 0x80, 0x03, 0xFF, 0x00, 0x00,
    0x0F, 0xF5, 0xAF, 0xFF, 0x00, 0x00, 0x0F, 0xFF, 0xFF, 0xFF, 0x00, 0x00, 0x0B, 0xFF, 0xFF, 0xFE,
    0x00, 0x00, 0x03, 0xFF, 0xFE, 0x7E, 0x00, 0x00, 0x00, 0xBF, 0xE4, 0x7D, 0x00, 0x00, 0x00, 0x00,
    0x00, 0x00, 0x00, 0x00, 0x00, 0x00, 0x15, 0x40, 0x00, 0x00, 0x00, 0x00, 0x1F, 0xFF, 0xFF, 0xFF,
    0xFC, 0x00, 0x00, 0x00, 0x00, 0x03, 0xFF, 0xFF, 0xFF, 0xFF, 0xC0, 0x00, 0x00, 0x00, 0x00, 0xFF,
    0xFF, 0xFF, 0xFF, 0xE4, 0x00, 0x00, 0x00, 0x00, 0x3F, 0xFF, 0xD0, 0x00, 0x00, 0x00, 0x00, 0x00,
    0x00, 0x0B, 0xEF, 0xFC, 0x00, 0x00, 0x00, 0x00, 0x00, 0x00, 0x01, 0xF9, 0xFF, 0x80, 0x00, 0x00,
    0x00, 0x00, 0x00, 0x00, 0x7F, 0x1F, 0xF4, 0x00, 0x00, 0x00, 0x00, 0x00, 0x00, 0x0F, 0xC1, 0xFF,
    0x00, 0x00, 0x00, 0x00, 0x00, 0x00, 0x03, 0xF4, 0x1F, 0xE0, 0x00, 0x00, 0x00, 0x00, 0x00, 0x00,
    0xFD, 0x02, 0xFE, 0x55, 0x69, 0x00, 0x00, 0x00, 0x00, 0x2F, 0x80, 0x2F, 0xFF, 0xFF, 0xC0, 0x00,
    0x00, 0x00, 0x07, 0xF0, 0x02, 0xFF, 0xFF, 0xFC, 0x00, 0x00, 0x00, 0x01, 0xFC, 0x00, 0x3F, 0xFF,
    0xFF, 0x80, 0x00, 0x00, 0x00, 0x3F, 0x40, 0x03, 0xFC, 0x00, 0x00, 0x00, 0x00, 0x00, 0x0F, 0xE0,
    0x00, 0x7F, 0x80, 0x00, 0x00, 0x00, 0x00, 0x02, 0xF8, 0x00, 0x0F, 0xF8, 0x00, 0x00, 0x00, 0x00,
    0x00, 0xBF, 0xEA, 0xAA, 0xFF, 0x80, 0x00, 0x00, 0x00, 0x00, 0x1F, 0xFF, 0xFF, 0xFF, 0xF8, 0x00,
    0x00, 0x00, 0x00, 0x03, 0xFF, 0xFF, 0xFF, 0xFF, 0x80, 0x00, 0x00, 0x00, 0x00, 0xFF, 0xFF, 0xFF,
    0xFF, 0xFF, 0xFF, 0xFF, 0x00, 0x00, 0x3F, 0xC0, 0x00, 0x07, 0xFF, 0xFF, 0xFF, 0xE0, 0x00, 0x0B,
    0xF4, 0x00, 0x00, 0xBF, 0xFF, 0xFF, 0xFE, 0x00, 0x01, 0xFF, 0x00, 0x00, 0x0F, 0xFF, 0xFF, 0xFF,
    0xE0, 0x00, 0x7F, 0xC0, 0x00, 0x00, 0xFF, 0xFF, 0xFF, 0xFE, 0x00, 0x00, 0x00, 0x00, 0x00, 0x00,
    0x00, 0x00, 0x00, 0x00, 0x00, 0x00, 0x00, 0x00, 0x00, 0x00, 0x00, 0x00, 0x00, 0x00, 0x02, 0xFE,
    0x00, 0x02, 0xFE, 0x40, 0x00, 0x02, 0xFF, 0xFD, 0xF2, 0xFF, 0xFE, 0x00, 0x00, 0xFF, 0xFF, 0xFF,
    0xFE, 0x40, 0xB4, 0x00, 0x3F, 0xD0, 0x2F, 0xFF, 0x00, 0x03, 0xC0, 0x07, 0xF0, 0x00, 0xFF, 0xC0,
    0x00, 0x2D, 0x00, 0xF8, 0x00, 0x0F, 0xF0, 0x01, 0x6B, 0xD0, 0x2F, 0x00, 0x00, 0xFF, 0xFF, 0xFF,
    0xFE, 0x03, 0xD0, 0x00, 0x0F, 0xFF, 0xFF, 0xFF, 0xD0, 0x7C, 0x00, 0x01, 0xFD, 0x54, 0x00, 0x00,
    0x0F, 0x80, 0x00, 0x3F, 0x80, 0x00, 0x00, 0x00, 0xF4, 0x00, 0x0B, 0xF8, 0x00, 0x00, 0x00, 0x0F,
    0x80, 0x03, 0xFF, 0xC0, 0x00, 0x00, 0x00, 0xFF, 0x5A, 0xFF, 0xFF, 0x80, 0x00, 0x80, 0x0F, 0xFF,
    0xFF, 0xFF, 0xFF, 0xFF, 0xFC, 0x00, 0xBF, 0xFF, 0xFF, 0xFF, 0xFF, 0xFF, 0xC0, 0x03, 0xFF, 0xFE,
    0x7F, 0xFF, 0xFF, 0xF8, 0x00, 0x0B, 0xFE, 0x47, 0xD2, 0xBF, 0xE4, 0x00, 0x00, 0x00, 0x28, 0x00,
    0x06, 0x00, 0x00, 0x0F, 0x00, 0x03, 0xC0, 0x00, 0x03, 0xD0, 0x03, 0xD0, 0x00, 0x00, 0xFF, 0xFF,
    0xE0, 0x00, 0x00, 0x1F, 0xFF, 0xE0, 0x00, 0x00, 0x00, 0xBF, 0x80, 0x00, 0x00, 0x00, 0x00, 0x00,
    0x00, 0x00, 0x00, 0x00, 0x00, 0x00, 0x00, 0x00, 0x00, 0x00, 0x00, 0x00, 0x01, 0x55, 0x55, 0x55,
    0x00, 0x00, 0xFF, 0xFF, 0xFF, 0xC0, 0x00, 0x7F, 0xFF, 0xFF, 0xF0, 0x00, 0x3F, 0x00, 0x00, 0x00,
    0x00, 0x0F, 0xC0, 0x00, 0x00, 0x00, 0x07, 0xE0, 0x00, 0x00, 0x00, 0x02, 0xF4, 0x00, 0x00, 0x00,
    0x00, 0xFC, 0x00, 0x00, 0x00, 0x00, 0x3F, 0x00, 0x00, 0x00, 0x00, 0x1F, 0xD5, 0x55, 0x54, 0x00,
    0x0B, 0xFF, 0xFF, 0xFD, 0x00, 0x03, 0xFF, 0xFF, 0xFF, 0x00, 0x00, 0xFC, 0x00, 0x00, 0x00, 0x00,
    0x7E, 0x00, 0x00, 0x00, 0x00, 0x2F, 0x00, 0x00, 0x00, 0x00, 0x0F, 0xC0, 0x00, 0x00, 0x00, 0x03,
    0xE0, 0x00, 0x00, 0x00, 0x01, 0xF9, 0x55, 0x55, 0x40, 0x00, 0xBF, 0xFF, 0xFF, 0xF0, 0x00, 0x3F,
    0xFF, 0xFF, 0xF8, 0x00, 0x1F, 0xFF, 0xFF, 0xFD, 0x00, 0x0B, 0xFF, 0xFF, 0xFF, 0x00, 0x00, 0x00,
    0x00, 0xA0, 0x00, 0x09, 0x00, 0x00, 0xF0, 0x00, 0x2C, 0x00, 0x00, 0xF8, 0x00, 0xB8, 0x00, 0x00,
    0xBF, 0xFF, 0xF0, 0x00, 0x00, 0x3F, 0xFF, 0x80, 0x00, 0x00, 0x0B, 0xF8, 0x00, 0x00, 0x00, 0x00,
    0x00, 0x00, 0x00, 0x00, 0x00, 0x00, 0x00, 0x00, 0x00, 0x00, 0x00, 0x00, 0x00, 0x00, 0x00, 0x00,
    0x00, 0x00, 0x00, 0x00, 0x00, 0x00, 0x00, 0x00, 0x00, 0x00, 0x00, 0x00, 0x00, 0x6F, 0xE0, 0x00,
    0x00, 0x07, 0xFF, 0xFC, 0x00, 0x00, 0x2F, 0xD0, 0x0F, 0x00, 0x00, 0x7E, 0x00, 0x07, 0x40, 0x01,
    0xF4, 0x00, 0x03, 0xC0, 0x03, 0xE0, 0x05, 0xAF, 0xC0, 0x0B, 0xFF, 0xFF, 0xFF, 0xC0, 0x0F, 0xFF,
    0xFF, 0xFF, 0x80, 0x1F, 0x95, 0x40, 0x00, 0x00, 0x2F, 0x00, 0x00, 0x00, 0x00, 0x3F, 0x00, 0x00,
    0x00, 0x00, 0x3F, 0x80, 0x00, 0x00, 0x00, 0x2F, 0xF4, 0x00, 0x18, 0x00, 0x1F, 0xFF, 0xFF, 0xF8,
    0x00, 0x0F, 0xFF, 0xFF, 0xF4, 0x00, 0x03, 0xFF, 0xFF, 0xF0, 0x00, 0x00, 0x6F, 0xFE, 0x40, 0x00,
    0x00, 0x06, 0xFF, 0x90, 0x00, 0x03, 0xFF, 0xFF, 0xF0, 0x00, 0x0F, 0xFF, 0xFF, 0xF0, 0x00, 0x7F,
    0xFF, 0xFF, 0xE0, 0x01, 0x80, 0x01, 0xBF, 0xC0, 0x00, 0x00, 0x00, 0x7F, 0x00, 0x00, 0x00, 0x00,
    0xFC, 0x00, 0x00, 0x00, 0x03, 0xF0, 0x00, 0x00, 0x05, 0x6F, 0x80, 0xBF, 0xFF, 0xFF, 0xFC, 0x03,
    0xFF, 0xFF, 0xFB, 0xF0, 0x0B, 0xE9, 0x40, 0x1F, 0x40, 0x2D, 0x00, 0x00, 0xF8, 0x00, 0x38, 0x00,
    0x1F, 0x80, 0x00, 0xB4, 0x07, 0xF8, 0x00, 0x00, 0xFF, 0xFF, 0x40, 0x00, 0x00, 0x6F, 0x90, 0x00,
    0x00, 0x00, 0x00, 0x00, 0x00, 0x00, 0x01, 0xBF, 0xF8, 0x00, 0x01, 0xFF, 0xFF, 0xF8, 0x00, 0x2F,
    0xFF, 0xFF, 0xE0, 0x02, 0xFF, 0xFF, 0xFF, 0x00, 0x24, 0x00, 0x1F, 0xF8, 0x00, 0x00, 0x00, 0x3F,
    0x80, 0x00, 0x00, 0x01, 0xF8, 0x00, 0x00, 0x00, 0x1F, 0x80, 0x00, 0x01, 0x56, 0xF4, 0x3F, 0xFF,
    0xFF, 0xFF, 0x03, 0xFF, 0xFF, 0xFF, 0xD0, 0x3F, 0xA5, 0x00, 0xFC, 0x03, 0xC0, 0x00, 0x2F, 0x00,
    0x2C, 0x00, 0x0B, 0xD0, 0x00, 0xE0, 0x0B, 0xF4, 0x00, 0x07, 0xFF, 0xFC, 0x00, 0x00, 0x0B, 0xF9,
    0x00, 0x00, 0x00, 0x00, 0x00, 0x00, 0x00, 0x00, 0x00, 0x03, 0xF4, 0x03, 0xF4, 0x00, 0x00, 0x1F,
    0xD0, 0x1F, 0xC0, 0x00, 0x00, 0xFF, 0x00, 0xFF, 0x00, 0x00, 0x07, 0xFC, 0x07, 0xFC, 0x00, 0x00,
    0x2F, 0xE0, 0x2F, 0xE0, 0x00, 0x00, 0x00, 0x00, 0x00, 0x00, 0x00, 0x00, 0x00, 0x00, 0x00, 0x00,
    0x00, 0x00, 0x00, 0x00, 0x00, 0x00, 0x00, 0x00, 0x00, 0x00, 0x00, 0x00, 0x00, 0x00, 0x00, 0x00,
    0x00, 0x00, 0x00, 0x00, 0x00, 0x00, 0x00, 0x00, 0x00, 0x00, 0x00, 0x00, 0x00, 0x06, 0xFF, 0x90,
    0x00, 0x00, 0x03, 0xFF, 0xFF, 0xF0, 0x00, 0x00, 0x0F, 0xFF, 0xFF, 0xF0, 0x00, 0x00, 0x7F, 0xFF,
    0xFF, 0xE0, 0x00, 0x01, 0x80, 0x01, 0xBF, 0xC0, 0x00, 0x00, 0x00, 0x00, 0x7F, 0x00, 0x00, 0x00,
    0x00, 0x00, 0xFC, 0x00, 0x00, 0x00, 0x00, 0x03, 0xF0, 0x00, 0x00, 0x00, 0x05, 0x6F, 0x80, 0x00,
    0xBF, 0xFF, 0xFF, 0xFC, 0x00, 0x03, 0xFF, 0xFF, 0xFB, 0xF0, 0x00, 0x0B, 0xE9, 0x40, 0x1F, 0x40,
    0x00, 0x2D, 0x00, 0x00, 0xF8, 0x00, 0x00, 0x38, 0x00, 0x1F, 0x80, 0x00, 0x00, 0xB4, 0x07, 0xF8,
    0x00, 0x00, 0x00, 0xFF, 0xFF, 0x40, 0x00, 0x00, 0x00, 0x6F, 0x90, 0x00, 0x00, 0x00, 0x00, 0x00,
    0x00, 0x00, 0x00, 0x00, 0x01, 0xBF, 0xF8, 0x00, 0x00, 0x1F, 0xFF, 0xFF, 0x80, 0x00, 0x2F, 0xFF,
    0xFF, 0xE0, 0x00, 0x2F, 0xFF, 0xFF, 0xF0, 0x00, 0x24, 0x00, 0x1F, 0xF8, 0x00, 0x00, 0x00, 0x03,
    0xF8, 0x00, 0x00, 0x00, 0x01, 0xF8, 0x00, 0x00, 0x00, 0x01, 0xF8, 0x00, 0x00, 0x01, 0x56, 0xF0,
    0x03, 0xFF, 0xFF, 0xFF, 0xF0, 0x03, 0xFF, 0xFF, 0xFF, 0xD0, 0x03, 0xFA, 0x50, 0x0F, 0xC0, 0x03,
    0xC0, 0x00, 0x2F, 0x00, 0x03, 0xC0, 0x00, 0xBD, 0x00, 0x01, 0xE0, 0x0B, 0xF4, 0x00, 0x07, 0xFF,
    0xFF, 0xF0, 0x00, 0x0F, 0xFB, 0xFF, 0xF0, 0x00, 0x1F, 0xE0, 0x1F, 0xE0, 0x00, 0x3F, 0xE0, 0x3F,
    0xE0, 0x00, 0x15, 0x40, 0x15, 0x40, 0x00, 0x00, 0x00, 0x00, 0x00, 0xBD, 0x00, 0xBD, 0x00, 0x00,
    0x00, 0x00, 0x00, 0x03, 0xF4, 0x03, 0xF4, 0x00, 0x00, 0x00, 0x00, 0x00, 0x2F, 0xD0, 0x2F, 0xC0,
    0x00, 0x00, 0x00, 0x00, 0x00, 0xFF, 0x00, 0xFF, 0x00, 0x00, 0x00, 0x00, 0x00, 0x0B, 0xFC, 0x0B,
    0xFC, 0x00, 0x00, 0x00, 0x00, 0x00, 0x00, 0x00, 0x00, 0x00, 0x00, 0x00, 0x00, 0x00, 0x00, 0x00,
    0x00, 0x00, 0x00, 0x00, 0x00, 0x00, 0x00, 0x00, 0x00, 0x00, 0x00, 0x00, 0x00, 0x00, 0x00, 0x00,
    0x00, 0x00, 0x00, 0x00, 0x00, 0x00, 0x00, 0x03, 0xFC, 0x00, 0x7F, 0xFC, 0x00, 0x7F, 0xC0, 0x00,
    0x0B, 0xF4, 0x01, 0xFF, 0xE0, 0x07, 0xFC, 0x00, 0x00, 0x1F, 0xF0, 0x0B, 0xFF, 0x40, 0x3F, 0xC0,
    0x00, 0x00, 0x3F, 0xD0, 0x2F, 0xFC, 0x03, 0xFD, 0x00, 0x00, 0x00, 0x7F, 0xC0, 0xFF, 0xE0, 0x3F,
    0xD0, 0x00, 0x00, 0x00, 0xFF, 0x03, 0xFF, 0x42, 0xFE, 0x00, 0x00, 0x00, 0x02, 0xFE, 0x0F, 0xFC,
    0x2F, 0xE0, 0x00, 0x00, 0x00, 0x03, 0xFC, 0x3F, 0xE1, 0xFF, 0x00, 0x00, 0x00, 0x00, 0x0B, 0xF4,
    0xFF, 0x5F, 0xF0, 0x00, 0x00, 0x00, 0x00, 0x1F, 0xF7, 0xFD, 0xFF, 0x00, 0x00, 0x00, 0x00, 0x00,
    0x3F, 0xEF, 0xFF, 0xF4, 0x00, 0x00, 0x00, 0x00, 0x00, 0x7F, 0xFF, 0xFF, 0x40, 0x00, 0x00, 0x00,
    0x00, 0x00, 0xFF, 0xFF, 0xF8, 0x00, 0x00, 0x00, 0x00, 0x00, 0x03, 0xFF, 0xFF, 0xC0, 0x00, 0x00,
    0x00, 0x00, 0x00, 0x3F, 0xFF, 0xFF, 0x40, 0x00, 0x00, 0x00, 0x00, 0x03, 0xFF, 0xFF, 0xFF, 0x00,
    0x00, 0x00, 0x00, 0x00, 0x3F, 0xFF, 0xFF, 0xFF, 0x00, 0x00, 0x00, 0x00, 0x07, 0xFF, 0xFF, 0xFF,
    0xFE, 0x00, 0x00, 0x00, 0x00, 0x7F, 0xFF, 0xFF, 0xBF, 0xFD, 0x00, 0x00, 0x00, 0x07, 0xFF, 0xCF,
    0xFE, 0x7F, 0xFC, 0x00, 0x00, 0x00, 0xBF, 0xFC, 0x7F, 0xF4, 0xFF, 0xF8, 0x00, 0x00, 0x0B, 0xFF,
    0xC3, 0xFF, 0xD2, 0xFF, 0xF4, 0x00, 0x00, 0xFF, 0xFD, 0x0F, 0xFF, 0x43, 0xFF, 0xF0, 0x00, 0x0F,
    0xFF, 0xD0, 0xBF, 0xFC, 0x0B, 0xFF, 0xE0, 0x00, 0xFF, 0xFD, 0x03, 0xFF, 0xF0, 0x0F, 0xFF, 0xD0,
    0x00, 0x00, 0x00, 0x00, 0x03, 0xF0, 0x03, 0xF0, 0x00, 0x00, 0x00, 0x00, 0x2F, 0xC0, 0x2F, 0xC0,
    0x00, 0x00, 0x00, 0x00, 0xFF, 0x00, 0xFF, 0x00, 0x00, 0x00, 0x00, 0x0B, 0xFC, 0x0B, 0xFC, 0x00,
    0x00, 0x00, 0x00, 0x2F, 0xE0, 0x3F, 0xE0, 0x00, 0x00, 0x00, 0x00, 0x00, 0x00, 0x00, 0x00, 0x00,
    0x00, 0x00, 0x00, 0x00, 0x00, 0x00, 0x00, 0x00, 0x00, 0x00, 0x00, 0x00, 0x00, 0x00, 0x00, 0x00,
    0x00, 0x00, 0x00, 0x00, 0x00, 0x00, 0x00, 0x00, 0x01, 0xA8, 0x00, 0xAA, 0x80, 0x0A, 0x80, 0x00,
    0x07, 0xF0, 0x07, 0xFE, 0x00, 0xFE, 0x00, 0x00, 0x0F, 0xE0, 0x2F, 0xF4, 0x0F, 0xE0, 0x00, 0x00,
    0x1F, 0xC0, 0xFF, 0xC0, 0xFE, 0x00, 0x00, 0x00, 0x3F, 0x43, 0xFD, 0x0F, 0xE0, 0x00, 0x00, 0x00,
    0xBF, 0x0F, 0xF0, 0xFE, 0x00, 0x00, 0x00, 0x01, 0xFC, 0x7F, 0x8F, 0xE0, 0x00, 0x00, 0x00, 0x03,
    0xFA, 0xFD, 0xFE, 0x00, 0x00, 0x00, 0x00, 0x0B, 0xFF, 0xFF, 0xE0, 0x00, 0x00, 0x00, 0x00, 0x0F,
    0xFF, 0xFE, 0x00, 0x00, 0x00, 0x00, 0x00, 0x3F, 0xFF, 0xE0, 0x00, 0x00, 0x00, 0x00, 0x01, 0xFF,
    0xFF, 0x80, 0x00, 0x00, 0x00, 0x00, 0x2F, 0xFF, 0xFF, 0x40, 0x00, 0x00, 0x00, 0x03, 0xFF, 0xFF,
    0xFF, 0x00, 0x00, 0x00, 0x00, 0x7F, 0xFF, 0xFF, 0xFE, 0x00, 0x00, 0x00, 0x07, 0xFF, 0xBF, 0xDF,
    0xFD, 0x00, 0x00, 0x00, 0xBF, 0xE3, 0xFF, 0x2F, 0xFC, 0x00, 0x00, 0x0F, 0xFE, 0x1F, 0xFC, 0x3F,
    0xF8, 0x00, 0x01, 0xFF, 0xE0, 0xFF, 0xE0, 0xFF, 0xF4, 0x00, 0x2F, 0xFE, 0x03, 0xFF, 0x81, 0xFF,
    0xF0, 0x00, 0x00, 0x00, 0x3F, 0x00, 0x3F, 0x00, 0x00, 0x2F, 0xC0, 0x2F, 0xC0, 0x00, 0x0F, 0xF0,
    0x0F, 0xF0, 0x00, 0x0B, 0xF8, 0x0B, 0xF8, 0x00, 0x03, 0xFE, 0x03, 0xFD, 0x00, 0x00, 0x00, 0x00,
    0x00, 0x00, 0x00, 0x00, 0x00, 0x00, 0x00, 0x00, 0x00, 0x00, 0x00, 0x00, 0x00, 0x01, 0xBF, 0xF9,
    0x00, 0x00, 0x02, 0xFF, 0xFF, 0xF0, 0x00, 0x00, 0xFE, 0xAA, 0xFF, 0x00, 0x00, 0x00, 0x00, 0x0F,
    0xC0, 0x00, 0x00, 0x00, 0x02, 0xF4, 0x00, 0x00, 0x00, 0x00, 0xBC, 0x00, 0x00, 0x00, 0x00, 0x3F,
    0x00, 0x00, 0x00, 0x00, 0x3F, 0x40, 0x00, 0x01, 0x56, 0xFF, 0x40, 0x00, 0x02, 0xFF, 0xFE, 0x00,
    0x00, 0x00, 0xFF, 0xFF, 0x40, 0x00, 0x00, 0x00, 0x07, 0xF8, 0x00, 0x00, 0x00, 0x00, 0x3F, 0x00,
    0x00, 0x00, 0x00, 0x07, 0xC0, 0x00, 0x00, 0x00, 0x02, 0xF0, 0x00, 0x00, 0x00, 0x00, 0xFC, 0x00,
    0x00, 0x00, 0x00, 0xFE, 0x00, 0x0B, 0x80, 0x02, 0xFF, 0x00, 0x03, 0xFF, 0xFF, 0xFF, 0x80, 0x00,
    0xFF, 0xFF, 0xFF, 0x80, 0x00, 0x3F, 0xFF, 0xFF, 0x80, 0x00, 0x01, 0xBF, 0xF9, 0x00, 0x00, 0x00,
    0x00, 0x00, 0x00, 0x00, 0x00, 0x00, 0x00, 0xFC, 0x00, 0xFC, 0x00, 0x01, 0xFC, 0x02, 0xFC, 0x00,
    0x03, 0xFC, 0x03, 0xFC, 0x00, 0x07, 0xFC, 0x07, 0xFC, 0x00, 0x0F, 0xF8, 0x0F, 0xF8, 0x00, 0x00,
    0x00, 0x00, 0x00, 0x00, 0x00, 0x00, 0x00, 0x00, 0x00, 0x00, 0x00, 0x00, 0x00, 0x00, 0x00, 0x40,
    0x00, 0x00, 0x00, 0x7F, 0xFD, 0x00, 0x00, 0x00, 0x90, 0x0B, 0x00, 0x00, 0x00, 0x00, 0x03, 0x40,
    0x00, 0x00, 0x00, 0x03, 0x40, 0x00, 0x00, 0x00, 0x0B, 0x00, 0x00, 0x00, 0x00, 0x2D, 0x00, 0x00,
    0x00, 0x3F, 0xE0, 0x00, 0x00, 0x00, 0x6B, 0xF0, 0x00, 0x00, 0x00, 0x00, 0x7C, 0x00, 0x00, 0x00,
    0x00, 0x3C, 0x00, 0x00, 0x00, 0x00, 0x7C, 0x00, 0x00, 0x00, 0x02, 0xF4, 0x00, 0x00, 0x3F, 0xFF,
    0xF0, 0x00, 0x00, 0x7F, 0xFF, 0xC0, 0x00, 0x00, 0x6F, 0xF9, 0x00, 0x00, 0x00, 0x00, 0x00, 0x00,
    0x00, 0x00, 0x0F, 0xFF, 0xFF, 0xD0, 0x03, 0xFF, 0xFF, 0xF4, 0x00, 0x00, 0x00, 0xBC, 0x00, 0x00,
    0x00, 0xFE, 0x00, 0x00, 0x01, 0xFD, 0x00, 0x00, 0x02, 0xFD, 0x00, 0x00, 0x03, 0xFC, 0x00, 0x00,
    0x07, 0xF4, 0x00, 0x00, 0x03, 0xFE, 0x40, 0x00, 0x00, 0xFF, 0xF8, 0x00, 0x00, 0x00, 0x2F, 0x40,
    0x00, 0x00, 0x03, 0xF0, 0x00, 0x00, 0x00, 0xFC, 0x00, 0x00, 0x00, 0x7F, 0x00, 0x00, 0x00, 0x3F,
    0x80, 0x03, 0xC0, 0x3F, 0xD0, 0x0B, 0xFF, 0xFF, 0xF0, 0x03, 0xFF, 0xFF, 0xF0, 0x00, 0x2F, 0xFF,
    0xF0, 0x00, 0x01, 0xBF, 0xE0, 0x00, 0x00, 0x00, 0x00, 0x00, 0x00, 0x00, 0x7F, 0xFF, 0xFF, 0x00,
    0xBF, 0xFF, 0xFF, 0x00, 0x00, 0x00, 0x7E, 0x00, 0x00, 0x00, 0xFD, 0x00, 0x00, 0x07, 0xF4, 0x00,
    0x00, 0x2F, 0xD0, 0x00, 0x00, 0xFF, 0x00, 0x00, 0x07, 0xF8, 0x00, 0x00, 0x1F, 0xE0, 0x00, 0x00,
    0x1F, 0xFE, 0x00, 0x00, 0x1A, 0xFF, 0x80, 0x00, 0x00, 0x0F, 0xC0, 0x00, 0x00, 0x07, 0xD0, 0x00,
    0x00, 0x07, 0xD0, 0x00, 0x00, 0x0F, 0xD0, 0x00, 0x00, 0x2F, 0xC0, 0x0B, 0x40, 0xBF, 0x80, 0x7F,
    0xFF, 0xFF, 0x00, 0x7F, 0xFF, 0xFE, 0x00, 0x1F, 0xFF, 0xF8, 0x00, 0x02, 0xFF, 0x90, 0x00, 0x00,
    0x00, 0x00, 0x00, 0x00, 0x04, 0x00, 0x00, 0x00, 0x0A, 0xFF, 0xFF, 0xE0, 0x00, 0x00, 0x02, 0xFF,
    0xFF, 0xFE, 0x00, 0x00, 0x00, 0x15, 0x40, 0x00, 0x00, 0x00, 0x00, 0x00, 0x00, 0x00, 0x00, 0x00,
    0x00, 0x1F, 0xD0, 0x00, 0x00, 0x00, 0x00, 0x02, 0xFC, 0x00, 0x00, 0x2F, 0xF0, 0x00, 0x3F, 0xC0,
    0x00, 0x07, 0xFE, 0x00, 0x03, 0xF8, 0x00, 0x00, 0xFF, 0xD0, 0x00, 0x7F, 0x40, 0x00, 0x3F, 0xFC,
    0x00, 0x0F, 0xF0, 0x00, 0x0F, 0xFF, 0x80, 0x00, 0xFF, 0x00, 0x02, 0xFF, 0xF4, 0x00, 0x1F, 0xE0,
    0x00, 0x7F, 0xFF, 0x00, 0x02, 0xFC, 0x00, 0x0F, 0xFF, 0xF0, 0x00, 0x3F, 0xC0, 0x03, 0xFD, 0xFE,
    0x00, 0x03, 0xF8, 0x00, 0xFF, 0x2F, 0xD0, 0x00, 0x7F, 0x40, 0x2F, 0xD3, 0xFC, 0x00, 0x0F, 0xF0,
    0x07, 0xF8, 0x7F, 0xC0, 0x00, 0xFF, 0x01, 0xFE, 0x0B, 0xF8, 0x00, 0x1F, 0xE0, 0x3F, 0xC0, 0xFF,
    0x40, 0x02, 0xFD, 0x0F, 0xF0, 0x1F, 0xF0, 0x00, 0x3F, 0xC2, 0xFD, 0x02, 0xFF, 0x00, 0x03, 0xFC,
    0x7F, 0x40, 0x3F, 0xE0, 0x00, 0xBF, 0x9F, 0xE0, 0x07, 0xFD, 0x00, 0x0F, 0xFB, 0xFC, 0x00, 0xFF,
    0xC0, 0x00, 0xFF, 0xFF, 0x00, 0x0F, 0xFC, 0x00, 0x1F, 0xFF, 0xC0, 0x01, 0xFF, 0x80, 0x02, 0xFF,
    0xF4, 0x00, 0x3F, 0xF4, 0x00, 0x3F, 0xFE, 0x00, 0x03, 0xFF, 0x00, 0x03, 0xFF, 0x80, 0x00, 0xBF,
    0xF0, 0x00, 0x00, 0x00, 0x00, 0x00, 0x04, 0x00, 0x00, 0xAF, 0xFF, 0xFE, 0x00, 0x03, 0xFF, 0xFF,
    0xFE, 0x00, 0x01, 0x54, 0x00, 0x00, 0x00, 0x00, 0x00, 0x00, 0x00, 0x00, 0x00, 0x00, 0x00, 0x00,
    0x00, 0x14, 0x00, 0x00, 0x00, 0x00, 0xBC, 0x00, 0x03, 0xFC, 0x00, 0xF8, 0x00, 0x0B, 0xF8, 0x00,
    0xF4, 0x00, 0x2F, 0xF4, 0x01, 0xF0, 0x00, 0xBD, 0xF0, 0x02, 0xF0, 0x01, 0xF5, 0xF0, 0x03, 0xE0,
    0x07, 0xD2, 0xE0, 0x03, 0xD0, 0x1F, 0x83, 0xD0, 0x07, 0xC0, 0x3E, 0x07, 0xC0, 0x0B, 0xC0, 0xFC,
    0x0B, 0xC0, 0x0F, 0x83, 0xF0, 0x0F, 0x80, 0x0F, 0x8F, 0xC0, 0x1F, 0x80, 0x1F, 0x6F, 0x00, 0x2F,
    0x40, 0x2F, 0xBD, 0x00, 0x3F, 0x00, 0x3F, 0xF4, 0x00, 0x7F, 0x00, 0x7F, 0xD0, 0x00, 0xBE, 0x00,
    0xBF, 0x80, 0x00, 0xFD, 0x00, 0x00, 0x00, 0x00, 0xBE, 0x00, 0xBE, 0x00, 0x00, 0x00, 0x0F, 0xE0,
    0x0F, 0xD0, 0x00, 0x00, 0x02, 0xFD, 0x02, 0xFD, 0x00, 0x00, 0x00, 0x3F, 0xD0, 0x3F, 0xC0, 0x00,
    0x00, 0x07, 0xFC, 0x07, 0xFC, 0x00, 0x00, 0x00, 0x00, 0x00, 0x00, 0x00, 0x00, 0x00, 0xA8, 0x00,
    0x00, 0x00, 0x00, 0x00, 0x2F, 0xC0, 0x00, 0x01, 0xFE, 0x00, 0x03, 0xFC, 0x00, 0x00, 0x3F, 0xE0,
    0x00, 0x3F, 0x80, 0x00, 0x0F, 0xFD, 0x00, 0x07, 0xF4, 0x00, 0x03, 0xFF, 0xC0, 0x00, 0xBF, 0x00,
    0x00, 0xBF, 0xFC, 0x00, 0x0F, 0xF0, 0x00, 0x1F, 0xFF, 0x80, 0x01, 0xFE, 0x00, 0x07, 0xFF, 0xF4,
    0x00, 0x2F, 0xD0, 0x00, 0xFF, 0xFF, 0x00, 0x03, 0xFC, 0x00, 0x3F, 0xDF, 0xE0, 0x00, 0x3F, 0xC0,
    0x0B, 0xF5, 0xFD, 0x00, 0x07, 0xF8, 0x02, 0xFD, 0x3F, 0xC0, 0x00, 0xBF, 0x00, 0x7F, 0x83, 0xFC,
    0x00, 0x0F, 0xF0, 0x0F, 0xF0, 0xBF, 0x80, 0x01, 0xFE, 0x03, 0xFC, 0x0F, 0xF4, 0x00, 0x2F, 0xD0,
    0xFF, 0x01, 0xFF, 0x00, 0x03, 0xFC, 0x2F, 0xD0, 0x2F, 0xF0, 0x00, 0x3F, 0xC7, 0xF8, 0x03, 0xFE,
    0x00, 0x07, 0xF9, 0xFE, 0x00, 0x7F, 0xD0, 0x00, 0xFF, 0xBF, 0xC0, 0x0B, 0xFC, 0x00, 0x0F, 0xFF,
    0xF0, 0x00, 0xFF, 0xC0, 0x01, 0xFF, 0xFD, 0x00, 0x1F, 0xF8, 0x00, 0x2F, 0xFF, 0x40, 0x03, 0xFF,
    0x40, 0x03, 0xFF, 0xE0, 0x00, 0x3F, 0xF0, 0x00, 0x3F, 0xFC, 0x00, 0x0B, 0xFF, 0x00, 0x00, 0x00,
    0x00, 0xBE, 0x00, 0xFD, 0x00, 0x00, 0xFD, 0x01, 0xFD, 0x00, 0x02, 0xFD, 0x02, 0xFC, 0x00, 0x03,
    0xFC, 0x03, 0xFC, 0x00, 0x07, 0xFC, 0x0B, 0xFC, 0x00, 0x00, 0x00, 0x00, 0x00, 0x00, 0x00, 0x00,
    0x00, 0x00, 0x00, 0x14, 0x00, 0x00, 0x00, 0x00, 0xBC, 0x00, 0x03, 0xFC, 0x00, 0xF8, 0x00, 0x0B,
    0xF8, 0x00, 0xF4, 0x00, 0x2F, 0xF4, 0x01, 0xF0, 0x00, 0xBD, 0xF0, 0x02, 0xF0, 0x01, 0xF5, 0xF0,
    0x03, 0xE0, 0x07, 0xD2, 0xE0, 0x03, 0xD0, 0x1F, 0x83, 0xD0, 0x07, 0xC0, 0x3E, 0x07, 0xC0, 0x0B,
    0xC0, 0xFC, 0x0B, 0xC0, 0x0F, 0x83, 0xF0, 0x0F, 0x80, 0x0F, 0x8F, 0xC0, 0x1F, 0x80, 0x1F, 0x6F,
    0x00, 0x2F, 0x40, 0x2F, 0xBD, 0x00, 0x3F, 0x00, 0x3F, 0xF4, 0x00, 0x7F, 0x00, 0x7F, 0xD0, 0x00,
    0xBE, 0x00, 0xBF, 0x80, 0x00, 0xFD, 0x00, 0x00, 0x00, 0x00, 0x2F, 0x80, 0x2F, 0x80, 0x00, 0x00,
    0x00, 0x3F, 0x40, 0x3F, 0x40, 0x00, 0x00, 0x00, 0xBF, 0x40, 0xBF, 0x40, 0x00, 0x00, 0x00, 0xFF,
    0x00, 0xFF, 0x00, 0x00, 0x00, 0x01, 0xFF, 0x01, 0xFF, 0x00, 0x00, 0x00, 0x00, 0x00, 0x00, 0x00,
    0x00, 0x00, 0x00, 0x00, 0x00, 0x00, 0x00, 0x00, 0x00, 0x00, 0x00, 0x00, 0x00, 0x00, 0x00, 0x00,
    0x00, 0x00, 0x6F, 0xFF, 0x80, 0x00, 0x00, 0x00, 0x0B, 0xFF, 0xFF, 0xF8, 0x00, 0x00, 0x00, 0x7F,
    0xFF, 0xBF, 0xFF, 0x00, 0x00, 0x01, 0xFF, 0xD0, 0x02, 0xFF, 0x80, 0x00, 0x07, 0xFE, 0x00, 0x00,
    0xBF, 0xC0, 0x00, 0x0F, 0xF4, 0x00, 0x00, 0x3F, 0xD0, 0x00, 0x3F, 0xE0, 0x00, 0x00, 0x2F, 0xE0,
    0x00, 0x7F, 0x80, 0x00, 0x00, 0x1F, 0xE0, 0x00, 0xFF, 0x00, 0x00, 0x00, 0x0F, 0xE0, 0x01, 0xFD,
    0x00, 0x00, 0x00, 0x0F, 0xD0, 0x03, 0xFC, 0x00, 0x00, 0x00, 0x0F, 0xD0, 0x03, 0xF4, 0x00, 0x00,
    0x00, 0x1F, 0xC0, 0x07, 0xF0, 0x00, 0x00, 0x00, 0x2F, 0xC0, 0x0B, 0xF0, 0x00, 0x00, 0x00, 0x3F,
    0x40, 0x0F, 0xE0, 0x00, 0x00, 0x00, 0x7F, 0x00, 0x0F, 0xE0, 0x00, 0x00, 0x00, 0xFF, 0x00, 0x0F,
    0xF0, 0x00, 0x00, 0x03, 0xFD, 0x00, 0x0F, 0xF8, 0x00, 0x00, 0x1F, 0xFC, 0x00, 0x0F, 0xFF, 0x50,
    0x16, 0xFF, 0xF4, 0x00, 0x0F, 0xFF, 0xFF, 0xFF, 0xFF, 0xF0, 0x00, 0x0B, 0xFF, 0xFF, 0xFF, 0xFF,
    0xC0, 0x00, 0x03, 0xFF, 0xFF, 0xFF, 0xFF, 0x40, 0x00, 0x02, 0xFF, 0xFF, 0xFF, 0xFC, 0x00, 0x00,
    0x00, 0x7F, 0xFF, 0xFF, 0xE0, 0x00, 0x00, 0x00, 0x06, 0xFF, 0xF9, 0x00, 0x00, 0x00, 0x00, 0x00,
    0x00, 0x00, 0x00, 0x00, 0x00, 0x00, 0x00, 0xFC, 0x00, 0xFC, 0x00, 0x02, 0xFC, 0x02, 0xFC, 0x00,
    0x03, 0xFC, 0x03, 0xF8, 0x00, 0x0B, 0xF8, 0x0B, 0xF8, 0x00, 0x0F, 0xF8, 0x0F, 0xF4, 0x00, 0x00,
    0x00, 0x00, 0x00, 0x00, 0x00, 0x00, 0x00, 0x00, 0x00, 0x00, 0x00, 0x00, 0x00, 0x00, 0x00, 0x00,
    0x00, 0x00, 0x00, 0x01, 0xBF, 0x90, 0x00, 0x00, 0x1F, 0xFF, 0xFC, 0x00, 0x00, 0x7F, 0x80, 0x7E,
    0x00, 0x01, 0xFC, 0x00, 0x1F, 0x00, 0x03, 0xF0, 0x00, 0x0F, 0x40, 0x0B, 0xD0, 0x00, 0x0F, 0x40,
    0x0F, 0xC0, 0x00, 0x1F, 0x40, 0x1F, 0x40, 0x00, 0x2F, 0x00, 0x2F, 0x00, 0x00, 0x3F, 0x00, 0x3F,
    0x00, 0x00, 0xBD, 0x00, 0x3F, 0x40, 0x02, 0xFC, 0x00, 0x3F, 0xEA, 0xBF, 0xF8, 0x00, 0x2F, 0xFF,
    0xFF, 0xE0, 0x00, 0x0F, 0xFF, 0xFF, 0xC0, 0x00, 0x07, 0xFF, 0xFE, 0x00, 0x00, 0x00, 0xBF, 0xE4,
    0x00, 0x00, 0x00, 0x00, 0x00, 0x00, 0x00, 0x00, 0x00, 0x06, 0xFF, 0xE0, 0x00, 0x00, 0x00, 0x7F,
    0xFF, 0xFE, 0x00, 0x00, 0x02, 0xFF, 0xFF, 0xFF, 0xC0, 0x00, 0x0F, 0xFE, 0x95, 0xBF, 0xD0, 0x00,
    0x3F, 0xE0, 0x00, 0x0F, 0xF0, 0x00, 0xBF, 0x80, 0x00, 0x0B, 0xF0, 0x01, 0xFE, 0x00, 0x00, 0x07,
    0xF4, 0x03, 0xFC, 0x00, 0x00, 0x07, 0xF4, 0x03, 0xF4, 0x00, 0x00, 0x0B, 0xF0, 0x0B, 0xFE, 0xFF,
    0xFF, 0xFF, 0xF0, 0x0F, 0xFF, 0xFF, 0xFF, 0xFF, 0xF0, 0x0F, 0xE0, 0x00, 0x00, 0x1F, 0xE0, 0x0F,
    0xD0, 0x00, 0x00, 0x2F, 0xC0, 0x1F, 0xD0, 0x00, 0x00, 0x7F, 0xC0, 0x1F, 0xF0, 0x00, 0x01, 0xFF,
    0x40, 0x0F, 0xF9, 0x00, 0x1B, 0xFF, 0x00, 0x0F, 0xFF, 0xFF, 0xFF, 0xFC, 0x00, 0x0B, 0xFF, 0xFF,
    0xFF, 0xF4, 0x00, 0x03, 0xFF, 0xFF, 0xFF, 0xD0, 0x00, 0x01, 0xFF, 0xFF, 0xFF, 0x00, 0x00, 0x00,
    0x7F, 0xFF, 0xF4, 0x00, 0x00, 0x00, 0x01, 0xA9, 0x00, 0x00, 0x00, 0x00, 0x01, 0xBF, 0xE0, 0x00,
    0x00, 0xBF, 0xFF, 0xD0, 0x00, 0x7F, 0xEA, 0xFF, 0x00, 0x0F, 0xD0, 0x01, 0xF8, 0x03, 0xF0, 0x00,
    0x0F, 0xC0, 0x7D, 0x00, 0x00, 0xFC, 0x0F, 0xC0, 0x00, 0x0F, 0xC1, 0xFF, 0xFF, 0xFF, 0xFC, 0x2F,
    0xEA, 0xAA, 0x6F, 0x83, 0xF0, 0x00, 0x03, 0xF0, 0x3F, 0x00, 0x00, 0xBE, 0x03, 0xFE, 0x55, 0xBF,
    0xC0, 0x2F, 0xFF, 0xFF, 0xF4, 0x00, 0xFF, 0xFF, 0xFD, 0x00, 0x07, 0xFF, 0xFE, 0x00, 0x00, 0x0B,
    0xFE, 0x40, 0x00, 0x00, 0x00, 0x00, 0xBC, 0x00, 0xFC, 0x00, 0x00, 0x01, 0xFC, 0x01, 0xFC, 0x00,
    0x00, 0x03, 0xFC, 0x03, 0xFC, 0x00, 0x00, 0x07, 0xFC, 0x07, 0xFC, 0x00, 0x00, 0x0F, 0xFC, 0x0F,
    0xF8, 0x00, 0x00, 0x00, 0x00, 0x00, 0x00, 0x00, 0x00, 0x00, 0x00, 0x00, 0x00, 0x00, 0x00, 0x00,
    0x00, 0x00, 0x00, 0x00, 0x00, 0x00, 0x00, 0x00, 0x00, 0x00, 0x00, 0x00, 0x00, 0x00, 0x00, 0x00,
    0x00, 0x00, 0x00, 0x00, 0x00, 0x00, 0x00, 0x00, 0x00, 0x00, 0x00, 0x00, 0x00, 0x06, 0xFF, 0xE0,
    0x00, 0x00, 0x00, 0x7F, 0xFF, 0xFE, 0x00, 0x00, 0x02, 0xFF, 0xFF, 0xFF, 0xC0, 0x00, 0x0F, 0xFE,
    0x95, 0xBF, 0xD0, 0x00, 0x3F, 0xE0, 0x00, 0x0F, 0xF0, 0x00, 0xBF, 0x80, 0x00, 0x0B, 0xF0, 0x01,
    0xFE, 0x00, 0x00, 0x07, 0xF4, 0x03, 0xFC, 0x00, 0x00, 0x07, 0xF4, 0x03, 0xF4, 0x00, 0x00, 0x0B,
    0xF0, 0x0B, 0xFE, 0xFF, 0xFF, 0xFF, 0xF0, 0x0F, 0xFF, 0xFF, 0xFF, 0xFF, 0xF0, 0x0F, 0xE0, 0x00,
    0x00, 0x1F, 0xE0, 0x0F, 0xD0, 0x00, 0x00, 0x2F, 0xC0, 0x1F, 0xD0, 0x00, 0x00, 0x7F, 0xC0, 0x1F,
    0xF0, 0x00, 0x01, 0xFF, 0x40, 0x0F, 0xF9, 0x00, 0x1B, 0xFF, 0x00, 0x0F, 0xFF, 0xFF, 0xFF, 0xFC,
    0x00, 0x0B, 0xFF, 0xFF, 0xFF, 0xF4, 0x00, 0x03, 0xFF, 0xFF, 0xFF, 0xD0, 0x00, 0x01, 0xFF, 0xFF,
    0xFF, 0x00, 0x00, 0x00, 0x7F, 0xFF, 0xF4, 0x00, 0x00, 0x00, 0x01, 0xA9, 0x00, 0x00, 0x00, 0x00,
    0x00, 0xBD, 0x00, 0xBC, 0x00, 0x01, 0xFC, 0x01, 0xFC, 0x00, 0x03, 0xFC, 0x03, 0xFC, 0x00, 0x07,
    0xFC, 0x07, 0xFC, 0x00, 0x0F, 0xFC, 0x0F, 0xFC, 0x00, 0x00, 0x00, 0x00, 0x00, 0x00, 0x00, 0x00,
    0x00, 0x00, 0x00, 0x00, 0x00, 0x00, 0x00, 0x00, 0x00, 0x00, 0x00, 0x00, 0x00, 0x00, 0x00, 0x00,
    0x00, 0x00, 0x00, 0x00, 0x00, 0x00, 0x00, 0x01, 0xBF, 0xE0, 0x00, 0x00, 0x0B, 0xFF, 0xFD, 0x00,
    0x00, 0x7F, 0xEA, 0xFF, 0x00, 0x00, 0xFD, 0x00, 0x1F, 0x80, 0x03, 0xF0, 0x00, 0x0F, 0xC0, 0x07,
    0xD0, 0x00, 0x0F, 0xC0, 0x0F, 0xC0, 0x00, 0x0F, 0xC0, 0x1F, 0xFF, 0xFF, 0xFF, 0xC0, 0x2F, 0xEA,
    0xAA, 0x6F, 0x80, 0x3F, 0x00, 0x00, 0x3F, 0x00, 0x3F, 0x00, 0x00, 0xBE, 0x00, 0x3F, 0xE5, 0x5B,
    0xFC, 0x00, 0x2F, 0xFF, 0xFF, 0xF4, 0x00, 0x0F, 0xFF, 0xFF, 0xD0, 0x00, 0x07, 0xFF, 0xFE, 0x00,
    0x00, 0x00, 0xBF, 0xE4, 0x00, 0x00, 0x00, 0x00, 0x07, 0xE0, 0x07, 0xE0, 0x00, 0x00, 0x0F, 0xF0,
    0x0F, 0xE0, 0x00, 0x00, 0x1F, 0xE0, 0x1F, 0xE0, 0x00, 0x00, 0x3F, 0xE0, 0x3F, 0xD0, 0x00, 0x00,
    0x3F, 0xD0, 0x7F, 0xD0, 0x00, 0x00, 0x00, 0x00, 0x00, 0x00, 0x00, 0x00, 0x00, 0x00, 0x00, 0x00,
    0x00, 0x00, 0x00, 0x00, 0x00, 0x00, 0x00, 0x00, 0x00, 0x00, 0x00, 0x00, 0x00, 0x00, 0x02, 0xBF,
    0xE0, 0x00, 0x00, 0x00, 0x6F, 0xFF, 0xFE, 0x00, 0x00, 0x02, 0xFD, 0x01, 0xFF, 0x80, 0x00, 0x0B,
    0xD0, 0x00, 0x2F, 0xC0, 0x00, 0x2F, 0x40, 0x00, 0x0F, 0xE0, 0x00, 0x7D, 0x00, 0x00, 0x0B, 0xF0,
    0x00, 0x94, 0x00, 0x00, 0x07, 0xF0, 0x00, 0x00, 0x00, 0x00, 0x03, 0xF0, 0x00, 0x00, 0x00, 0x00,
    0x03, 0xF0, 0x00, 0x00, 0x3F, 0xFF, 0xFF, 0xF0, 0x00, 0x00, 0x7F, 0xFF, 0xFF, 0xE0, 0x00, 0x00,
    0xBF, 0xFF, 0xFF, 0xD0, 0x00, 0x00, 0x00, 0x00, 0x0F, 0xC0, 0x00, 0x00, 0x00, 0x00, 0x2F, 0x80,
    0x00, 0x00, 0x00, 0x00, 0x7F, 0x40, 0x2A, 0xE0, 0x00, 0x02, 0xFF, 0x00, 0x3F, 0xFF, 0xA6, 0xBF,
    0xFD, 0x00, 0x3F, 0xFF, 0xFF, 0xFF, 0xFC, 0x00, 0x3F, 0xFF, 0xFF, 0xFF, 0xF0, 0x00, 0x2F, 0xFF,
    0xFF, 0xFF, 0xC0, 0x00, 0x0F, 0xFF, 0xFF, 0xFE, 0x00, 0x00, 0x01, 0xBF, 0xFF, 0x90, 0x00, 0x00,
    0x00, 0x00, 0x00, 0x00, 0x00, 0x00, 0x00, 0x07, 0xE0, 0x07, 0xE0, 0x00, 0xFE, 0x00, 0xFE, 0x00,
    0x1F, 0xE0, 0x1F, 0xE0, 0x03, 0xFD, 0x03, 0xFD, 0x00, 0x7F, 0xD0, 0x7F, 0xD0, 0x00, 0x00, 0x00,
    0x00, 0x00, 0x00, 0x00, 0x00, 0x00, 0x00, 0x00, 0x00, 0x00, 0x00, 0x0A, 0xFF, 0x90, 0x00, 0x0B,
    0xFF, 0xFF, 0x80, 0x00, 0xF4, 0x00, 0xBF, 0x00, 0x04, 0x00, 0x02, 0xF4, 0x00, 0x00, 0x00, 0x0F,
    0x80, 0x00, 0x00, 0x00, 0xFC, 0x00, 0x00, 0x00, 0x0F, 0xC0, 0x00, 0x2F, 0xFF, 0xF8, 0x00, 0x03,
    0xFF, 0xFF, 0x40, 0x00, 0x00, 0x03, 0xF0, 0x00, 0x00, 0x00, 0xFE, 0x01, 0x00, 0x00, 0x3F, 0xC0,
    0x2E, 0x40, 0x7F, 0xF0, 0x03, 0xFF, 0xFF, 0xFC, 0x00, 0x3F, 0xFF, 0xFE, 0x00, 0x00, 0x2F, 0xFE,
    0x00, 0x00, 0x00, 0x00, 0x00, 0x00, 0x00, 0x00, 0x00, 0x00, 0x00, 0x01, 0x00, 0x00, 0x02, 0xBF,
    0xFF, 0xF4, 0x00, 0x00, 0xFF, 0xFF, 0xFF, 0x40, 0x00, 0x05, 0x40, 0x00, 0x00, 0x00, 0x00, 0x00,
    0x00, 0x00, 0x00, 0x00, 0x00, 0x00, 0x00, 0x00, 0x00, 0x00, 0x00, 0x00, 0x00, 0x00, 0x00, 0xF8,
    0x00, 0x00, 0x7C, 0x00, 0x0F, 0xC0, 0x00, 0x0F, 0xC0, 0x00, 0xBD, 0x00, 0x02, 0xF4, 0x00, 0x07,
    0xE0, 0x00, 0x7F, 0x00, 0x00, 0x3F, 0x00, 0x0F, 0xD0, 0x00, 0x03, 0xF4, 0x01, 0xFC, 0x00, 0x00,
    0x2F, 0x80, 0x3F, 0x40, 0x00, 0x01, 0xFC, 0x0B, 0xF0, 0x00, 0x00, 0x0F, 0xD0, 0xFD, 0x00, 0x00,
    0x00, 0xFE, 0x3F, 0xC0, 0x00, 0x00, 0x0B, 0xF7, 0xF4, 0x00, 0x00, 0x00, 0x7F, 0xFF, 0x00, 0x00,
    0x00, 0x07, 0xFF, 0xD0, 0x00, 0x00, 0x00, 0x3F, 0xFC, 0x00, 0x00, 0x00, 0x03, 0xFF, 0x40, 0x00,
    0x00, 0x00, 0x2F, 0xF0, 0x00, 0x00, 0x00, 0x03, 0xFC, 0x00, 0x00, 0x00, 0x00, 0xBF, 0x80, 0x00,
    0x00, 0x00, 0x2F, 0xF0, 0x00, 0x00, 0x00, 0x1F, 0xFD, 0x00, 0x00, 0x02, 0xBF, 0xFF, 0x80, 0x00,
    0x00, 0x3F, 0xFF, 0xD0, 0x00, 0x00, 0x03, 0xFF, 0xE0, 0x00, 0x00, 0x00, 0x7F, 0x90, 0x00, 0x00,
    0x00, 0x00, 0x00, 0x00, 0x00, 0x00, 0x05, 0x50, 0x00, 0x00, 0x2F, 0xFF, 0xFF, 0xC0, 0x00, 0x02,
    0xFF, 0xFF, 0xFF, 0x00, 0x00, 0x00, 0x00, 0x00, 0x00, 0x00, 0x00, 0x00, 0x00, 0x00, 0x00, 0x00,
    0x00, 0x00, 0x00, 0x00, 0x00, 0x00, 0x00, 0x00, 0x00, 0x00, 0x00, 0x00, 0x00, 0x00, 0x00, 0x00,
    0x00, 0x00, 0x00, 0x00, 0x00, 0x00, 0x00, 0x3E, 0x00, 0x00, 0x3F, 0x00, 0x00, 0xFC, 0x00, 0x01,
    0xF4, 0x00, 0x02, 0xF4, 0x00, 0x0F, 0xC0, 0x00, 0x0B, 0xE0, 0x00, 0xBD, 0x00, 0x00, 0x1F, 0xC0,
    0x03, 0xF0, 0x00, 0x00, 0x3F, 0x00, 0x3F, 0x40, 0x00, 0x00, 0xFE, 0x01, 0xFC, 0x00, 0x00, 0x02,
    0xFC, 0x0F, 0xD0, 0x00, 0x00, 0x07, 0xF0, 0xBF, 0x00, 0x00, 0x00, 0x0F, 0xE3, 0xF4, 0x00, 0x00,
    0x00, 0x3F, 0xEF, 0xC0, 0x00, 0x00, 0x00, 0xBF, 0xFD, 0x00, 0x00, 0x00, 0x01, 0xFF, 0xF0, 0x00,
    0x00, 0x00, 0x03, 0xFF, 0x40, 0x00, 0x00, 0x00, 0x0F, 0xFC, 0x00, 0x00, 0x00, 0x00, 0x3F, 0xD0,
    0x00, 0x00, 0x00, 0x01, 0xFF, 0x00, 0x00, 0x00, 0x00, 0x0F, 0xF4, 0x00, 0x00, 0x00, 0x01, 0xFF,
    0xC0, 0x00, 0x00, 0x00, 0x7F, 0xFC, 0x00, 0x00, 0x00, 0xFF, 0xFF, 0xC0, 0x00, 0x00, 0x03, 0xFF,
    0xF8, 0x00, 0x00, 0x00, 0x1F, 0xFF, 0x40, 0x00, 0x00, 0x00, 0xBE, 0x40, 0x00, 0x00, 0x00, 0x00,
    0x00, 0x00, 0x3F, 0x40, 0x3F, 0x40, 0x00, 0x07, 0xF4, 0x07, 0xF4, 0x00, 0x00, 0xFF, 0x00, 0xFF,
    0x00, 0x00, 0x1F, 0xF0, 0x1F, 0xF0, 0x00, 0x02, 0xFF, 0x02, 0xFE, 0x00, 0x00, 0x00, 0x00, 0x00,
    0x00, 0x00, 0x00, 0x00, 0x00, 0x00, 0x00, 0x00, 0x00, 0x00, 0x00, 0x00, 0x00, 0x0A, 0x40, 0x00,
    0x06, 0x80, 0x00, 0xFC, 0x00, 0x00, 0xFC, 0x00, 0x0B, 0xD0, 0x00, 0x2F, 0x40, 0x00, 0x7E, 0x00,
    0x03, 0xF0, 0x00, 0x03, 0xF0, 0x00, 0xBD, 0x00, 0x00, 0x3F, 0x40, 0x1F, 0xC0, 0x00, 0x02, 0xF8,
    0x03, 0xF4, 0x00, 0x00, 0x1F, 0xC0, 0x7F, 0x00, 0x00, 0x00, 0xFD, 0x0F, 0xD0, 0x00, 0x00, 0x0F,
    0xE2, 0xFC, 0x00, 0x00, 0x00, 0xBF, 0x7F, 0x40, 0x00, 0x00, 0x0B, 0xFF, 0xF0, 0x00, 0x00, 0x00,
    0x7F, 0xFD, 0x00, 0x00, 0x00, 0x03, 0xFF, 0xC0, 0x00, 0x00, 0x00, 0x3F, 0xF4, 0x00, 0x00, 0x00,
    0x02, 0xFF, 0x00, 0x00, 0x00, 0x00, 0x3F, 0xD0, 0x00, 0x00, 0x00, 0x0B, 0xFC, 0x00, 0x00, 0x00,
    0x02, 0xFF, 0x00, 0x00, 0x00, 0x01, 0xFF, 0xD0, 0x00, 0x00, 0x2B, 0xFF, 0xF8, 0x00, 0x00, 0x03,
    0xFF, 0xFD, 0x00, 0x00, 0x00, 0x3F, 0xFE, 0x00, 0x00, 0x00, 0x07, 0xF9, 0x00, 0x00, 0x00, 0x00,
    0x00, 0x00, 0x07, 0xE0, 0x07, 0xE0, 0x00, 0x00, 0xFF, 0x00, 0xFE, 0x00, 0x00, 0x1F, 0xE0, 0x1F,
    0xE0, 0x00, 0x02, 0xFE, 0x03, 0xFD, 0x00, 0x00, 0x3F, 0xD0, 0x7F, 0xD0, 0x00, 0x00, 0x00, 0x00,
    0x00, 0x00, 0x00, 0x00, 0x00, 0x00, 0x00, 0x00, 0x00, 0x00, 0x00, 0x00, 0x00, 0x00, 0x00, 0x00,
    0x00, 0x00, 0x00, 0x00, 0x00, 0x00, 0x00, 0x00, 0x00, 0x00, 0x00, 0x00, 0x00, 0x00, 0xF8, 0x00,
    0x00, 0xFC, 0x00, 0x0F, 0xC0, 0x00, 0x1F, 0x40, 0x00, 0xBD, 0x00, 0x03, 0xF0, 0x00, 0x0B, 0xE0,
    0x00, 0xBD, 0x00, 0x00, 0x7F, 0x00, 0x0F, 0xC0, 0x00, 0x03, 0xF0, 0x03, 0xF4, 0x00, 0x00, 0x3F,
    0x80, 0x7F, 0x00, 0x00, 0x02, 0xFC, 0x0F, 0xD0, 0x00, 0x00, 0x1F, 0xC2, 0xFC, 0x00, 0x00, 0x00,
    0xFE, 0x3F, 0x40, 0x00, 0x00, 0x0F, 0xFB, 0xF0, 0x00, 0x00, 0x00, 0xBF, 0xFD, 0x00, 0x00, 0x00,
    0x07, 0xFF, 0xC0, 0x00, 0x00, 0x00, 0x3F, 0xF4, 0x00, 0x00, 0x00, 0x03, 0xFF, 0x00, 0x00, 0x00,
    0x00, 0x3F, 0xD0, 0x00, 0x00, 0x00, 0x07, 0xFC, 0x00, 0x00, 0x00, 0x00, 0xFF, 0x40, 0x00, 0x00,
    0x00, 0x7F, 0xF0, 0x00, 0x00, 0x00, 0x7F, 0xFC, 0x00, 0x00, 0x03, 0xFF, 0xFF, 0x00, 0x00, 0x00,
    0x3F, 0xFF, 0x80, 0x00, 0x00, 0x07, 0xFF, 0xD0, 0x00, 0x00, 0x00, 0xBE, 0x40, 0x00, 0x00, 0x00,
    0x00, 0x00, 0x00, 0x2A, 0x00, 0x00, 0x2A, 0x00, 0x00, 0x3F, 0x00, 0x00, 0x3F, 0x00, 0x00, 0x3F,
    0x40, 0x00, 0x3F, 0x40, 0x00, 0x3F, 0x80, 0x00, 0x7F, 0x80, 0x00, 0x25, 0x40, 0x00, 0x25, 0x40,
    0x00, 0x00, 0x00, 0x00, 0x00, 0x00, 0x00, 0x00, 0x00, 0x00, 0x00, 0x00, 0x00, 0x00, 0x00, 0x00,
    0x00, 0x00, 0x00, 0x00, 0x00, 0x00, 0x00, 0x00, 0x00, 0x00, 0x03, 0xE0, 0x00, 0x02, 0xF0, 0x00,
    0x00, 0xFC, 0x00, 0x00, 0xF8, 0x00, 0x00, 0x2F, 0x40, 0x00, 0xBC, 0x00, 0x00, 0x07, 0xE0, 0x00,
    0x7E, 0x00, 0x00, 0x00, 0xFC, 0x00, 0x3F, 0x00, 0x00, 0x00, 0x3F, 0x40, 0x1F, 0x80, 0x00, 0x00,
    0x0B, 0xE0, 0x0F, 0xC0, 0x00, 0x00, 0x01, 0xFC, 0x0B, 0xE0, 0x00, 0x00, 0x00, 0x3F, 0x43, 0xF0,
    0x00, 0x00, 0x00, 0x0F, 0xE3, 0xF8, 0x00, 0x00, 0x00, 0x02, 0xFD, 0xFC, 0x00, 0x00, 0x00, 0x00,
    0x7F, 0xFE, 0x00, 0x00, 0x00, 0x00, 0x0F, 0xFF, 0x00, 0x00, 0x00, 0x00, 0x03, 0xFF, 0x80, 0x00,
    0x00, 0x00, 0x00, 0xFF, 0xC0, 0x00, 0x00, 0x00, 0x00, 0x2F, 0xE0, 0x00, 0x00, 0x00, 0x00, 0x0F,
    0xF0, 0x00, 0x00, 0x00, 0x00, 0x0B, 0xF8, 0x00, 0x00, 0x00, 0x00, 0x0B, 0xFC, 0x00, 0x00, 0x00,
    0x00, 0x1F, 0xFD, 0x00, 0x00, 0x00, 0x0A, 0xFF, 0xFE, 0x00, 0x00, 0x00, 0x03, 0xFF, 0xFD, 0x00,
    0x00, 0x00, 0x00, 0xFF, 0xF8, 0x00, 0x00, 0x00, 0x00, 0x7F, 0x90, 0x00, 0x00, 0x00, 0x00, 0x00,
    0x00, 0x00, 0x00, 0x00, 0x00, 0x00, 0x00, 0x00, 0x00, 0xFC, 0x00, 0x00, 0xFC, 0x00, 0x00, 0x3F,
    0x40, 0x00, 0x3F, 0x40, 0x00, 0x0F, 0xE0, 0x00, 0x0F, 0xE0, 0x00, 0x03, 0xF8, 0x00, 0x03, 0xF8,
    0x00, 0x00, 0x00, 0x00, 0x00, 0x40, 0x00, 0x00, 0x00, 0x00, 0x00, 0x00, 0x00, 0x00, 0x00, 0x00,
    0x00, 0x00, 0x00, 0x00, 0x00, 0x00, 0x00, 0x00, 0x00, 0x00, 0x00, 0x00, 0x00, 0x00, 0x00, 0x00,
    0x00, 0x00, 0x00, 0x00, 0x00, 0x00, 0x00, 0x00, 0x00, 0x00, 0x00, 0x00, 0x00, 0x00, 0x00, 0x0F,
    0x80, 0x00, 0x0F, 0xC0, 0x00, 0x00, 0xFC, 0x00, 0x01, 0xF4, 0x00, 0x00, 0x0B, 0xD0, 0x00, 0x3F,
    0x00, 0x00, 0x00, 0xBE, 0x00, 0x0B, 0xD0, 0x00, 0x00, 0x07, 0xF0, 0x00, 0xFC, 0x00, 0x00, 0x00,
    0x3F, 0x00, 0x3F, 0x40, 0x00, 0x00, 0x03, 0xF8, 0x07, 0xF0, 0x00, 0x00, 0x00, 0x2F, 0xC0, 0xFD,
    0x00, 0x00, 0x00, 0x01, 0xFC, 0x2F, 0xC0, 0x00, 0x00, 0x00, 0x0F, 0xE3, 0xF4, 0x00, 0x00, 0x00,
    0x00, 0xFF, 0xBF, 0x00, 0x00, 0x00, 0x00, 0x0B, 0xFF, 0xD0, 0x00, 0x00, 0x00, 0x00, 0x7F, 0xFC,
    0x00, 0x00, 0x00, 0x00, 0x03, 0xFF, 0x40, 0x00, 0x00, 0x00, 0x00, 0x3F, 0xF0, 0x00, 0x00, 0x00,
    0x00, 0x03, 0xFD, 0x00, 0x00, 0x00, 0x00, 0x00, 0x7F, 0xC0, 0x00, 0x00, 0x00, 0x00, 0x0F, 0xF4,
    0x00, 0x00, 0x00, 0x00, 0x07, 0xFF, 0x00, 0x00, 0x00, 0x00, 0x07, 0xFF, 0xC0, 0x00, 0x00, 0x00,
    0x3F, 0xFF, 0xF0, 0x00, 0x00, 0x00, 0x03, 0xFF, 0xF8, 0x00, 0x00, 0x00, 0x00, 0x7F, 0xFD, 0x00,
    0x00, 0x00, 0x00, 0x0B, 0xE4, 0x00, 0x00, 0x00, 0x00, 0x00, 0x00, 0x07, 0xF0, 0x07, 0xF0, 0x00,
    0x2F, 0xC0, 0x3F, 0xC0, 0x00, 0xFF, 0x01, 0xFE, 0x00, 0x0B, 0xF8, 0x0F, 0xF8, 0x00, 0x3F, 0xD0,
    0x3F, 0xD0, 0x00, 0x00, 0x00, 0x00, 0x00, 0x00, 0x00, 0x00, 0x00, 0x00, 0x00, 0x00, 0x00, 0x00,
    0x01, 0x40, 0x00, 0x01, 0x40, 0x0F, 0x40, 0x00, 0x2F, 0x00, 0x7C, 0x00, 0x00, 0xF8, 0x02, 0xF0,
    0x00, 0x03, 0xD0, 0x0F, 0x80, 0x00, 0x1F, 0x00, 0x3D, 0x00, 0x00, 0xFC, 0x01, 0xF0, 0x00, 0x03,
    0xE0, 0x0B, 0xC0, 0x00, 0x1F, 0x40, 0x3E, 0x00, 0x00, 0xFD, 0x01, 0xF4, 0x00, 0x07, 0xF0, 0x07,
    0xC0, 0x00, 0x3F, 0xC0, 0x1F, 0x40, 0x03, 0xFE, 0x00, 0xBF, 0x00, 0xBF, 0xF4, 0x01, 0xFF, 0xFF,
    0xFF, 0xC0, 0x03, 0xFF, 0xFF, 0xBF, 0x00, 0x03, 0xFF, 0xF2, 0xF8, 0x00, 0x00, 0x54, 0x0F, 0xD0,
    0x00, 0x00, 0x00, 0x7F, 0x00, 0x00, 0x00, 0x02, 0xFC, 0x00, 0x00, 0x00, 0x0F, 0xE0, 0x00, 0x00,
    0x00, 0x3F, 0x40, 0x00, 0x00, 0x01, 0xFC, 0x00, 0x00, 0x00, 0x7E, 0x00, 0x7E, 0x00, 0xFE, 0x00,
    0xFE, 0x01, 0xFE, 0x01, 0xFE, 0x03, 0xFE, 0x03, 0xFD, 0x03, 0xFD, 0x07, 0xFD, 0x00, 0x00, 0x00,
    0x00, 0x00, 0x00, 0x00, 0x00, 0x00, 0x00, 0x00, 0x00, 0x00, 0x00, 0x00, 0x00, 0x02, 0x40, 0x06,
    0x00, 0x07, 0x00, 0x0B, 0x00, 0x0F, 0x00, 0x0F, 0x00, 0x0E, 0x00, 0x1E, 0x00, 0x1D, 0x00, 0x2D,
    0x00, 0x2C, 0x00, 0x3C, 0x00, 0x3C, 0x00, 0x7C, 0x00, 0x3C, 0x01, 0xF8, 0x00, 0x3E, 0x5B, 0xF4,
    0x00, 0x2F, 0xFF, 0xF0, 0x00, 0x0B, 0xF9, 0xF0, 0x00, 0x00, 0x02, 0xE0, 0x00, 0x00, 0x03, 0xD0,
    0x00, 0x00, 0x03, 0xC0, 0x00, 0x00, 0x07, 0xC0, 0x00, 0x00, 0x01, 0x55, 0x55, 0x55, 0x00, 0x03,
    0xFF, 0xFF, 0xFF, 0xC0, 0x00, 0xFF, 0xFF, 0xFF, 0xF0, 0x00, 0x7E, 0x00, 0x00, 0x00, 0x00, 0x2F,
    0x80, 0x00, 0x00, 0x00, 0x0F, 0xD0, 0x00, 0x00, 0x00, 0x07, 0xF0, 0x00, 0x00, 0x00, 0x02, 0xFC,
    0x00, 0x00, 0x00, 0x00, 0xFE, 0x00, 0x00, 0x00, 0x00, 0x3F, 0x40, 0x00, 0x00, 0x00, 0x1F, 0xC0,
    0x00, 0x00, 0x00, 0x0B, 0xF0, 0x00, 0x00, 0x00, 0x03, 0xFC, 0x00, 0x00, 0x00, 0x00, 0xFE, 0x00,
    0x00, 0x00, 0x00, 0xBF, 0x40, 0x00, 0x00, 0x00, 0x3F, 0xC0, 0x00, 0x00, 0x00, 0x0F, 0xF0, 0x00,
    0x00, 0x00, 0x07, 0xF8, 0x00, 0x00, 0x00, 0x02, 0xFD, 0x00, 0x00, 0x00, 0x00, 0xFF, 0x40, 0x00,
    0x00, 0x00, 0x3F, 0xD0, 0x00, 0x00, 0x00, 0x2F, 0xFC, 0x00, 0x00, 0x00, 0x00, 0x0F, 0x00, 0x00,
    0x00, 0x00, 0x03, 0x80, 0x00, 0x00, 0x00, 0x01, 0xD0, 0x00, 0x00, 0x00, 0x00, 0x60, 0x00, 0x00,
    0x00, 0x00, 0x00, 0x2A, 0xAA, 0xA4, 0x00, 0xFF, 0xFF, 0xE0, 0x07, 0x80, 0x00, 0x00, 0x2E, 0x00,
    0x00, 0x00, 0xF4, 0x00, 0x00, 0x07, 0xC0, 0x00, 0x00, 0x2F, 0x00, 0x00, 0x00, 0xF8, 0x00, 0x00,
    0x03, 0xD0, 0x00, 0x00, 0x1F, 0x00, 0x00, 0x00, 0xBC, 0x00, 0x00, 0x03, 0xF0, 0x00, 0x00, 0x1F,
    0x80, 0x00, 0x00, 0xBD, 0x00, 0x00, 0x03, 0xFC, 0x00, 0x00, 0x00, 0xB0, 0x00, 0x00, 0x03, 0x80,
    0x00, 0x00, 0x08, 0x00, 0x00, 0x00, 0x00, 0x00, 0x00, 0x1F, 0xC0, 0x2F, 0x80, 0x00, 0x00, 0x00,
    0x03, 0xF8, 0x03, 0xF8, 0x00, 0x00, 0x00, 0x00, 0x7F, 0x80, 0x7F, 0x40, 0x00, 0x00, 0x00, 0x0F,
    0xF4, 0x0F, 0xF4, 0x00, 0x00, 0x00, 0x01, 0xFF, 0x41, 0xFF, 0x00, 0x00, 0x00, 0x00, 0x00, 0x00,
    0x00, 0x00, 0x00, 0x00, 0x00, 0x00, 0x00, 0x00, 0x00, 0x00, 0x00, 0x00, 0x00, 0x00, 0x00, 0x00,
    0x00, 0x00, 0x00, 0x00, 0x00, 0x00, 0x00, 0x00, 0x00, 0x00, 0x00, 0x00, 0x00, 0x00, 0x00, 0x00,
    0x00, 0x00, 0x00, 0x00, 0x00, 0x00, 0x00, 0x2F, 0xE0, 0x00, 0x7C, 0x00, 0x00, 0x00, 0x03, 0xFC,
    0x00, 0x0B, 0xC0, 0x00, 0x00, 0x00, 0x3F, 0xC0, 0x00, 0xF8, 0x00, 0x00, 0x00, 0x07, 0xF8, 0x00,
    0x0F, 0x40, 0x00, 0x00, 0x00, 0xBF, 0x40, 0x01, 0xF0, 0x00, 0x00, 0x00, 0x0F, 0xF0, 0x00, 0x2F,
    0x00, 0x00, 0x00, 0x00, 0xFE, 0x00, 0x03, 0xE0, 0x00, 0x00, 0x00, 0x1F, 0xD0, 0x00, 0x7D, 0x00,
    0x00, 0x00, 0x02, 0xFC, 0x00, 0x0B, 0xFF, 0xF9, 0x00, 0x00, 0x3F, 0xC0, 0x00, 0xFF, 0xFF, 0xFC,
    0x00, 0x07, 0xF4, 0x00, 0x0F, 0x80, 0x07, 0xF0, 0x00, 0xBF, 0x00, 0x01, 0xF4, 0x00, 0x0F, 0x00,
    0x0F, 0xF0, 0x00, 0x2F, 0x00, 0x00, 0xF4, 0x00, 0xFF, 0x00, 0x03, 0xF0, 0x00, 0x0F, 0x40, 0x2F,
    0xE0, 0x00, 0x7E, 0x00, 0x01, 0xF0, 0x03, 0xFD, 0x00, 0x0B, 0xD0, 0x00, 0x7F, 0x00, 0x7F, 0xC0,
    0x00, 0xFC, 0x00, 0x2F, 0xD0, 0x0B, 0xFC, 0x00, 0x0F, 0xFF, 0xFF, 0xFC, 0x00, 0xFF, 0x80, 0x01,
    0xFF, 0xFF, 0xFF, 0x00, 0x1F, 0xF4, 0x00, 0x2F, 0xFF, 0xFF, 0xC0, 0x03, 0xFF, 0x00, 0x03, 0xFF,
    0xFF, 0x90, 0x00, 0x3F, 0xF0, 0x00, 0x00, 0x00, 0x00, 0x00, 0x00, 0x00, 0x00, 0x00, 0x00, 0x00,
    0x0B, 0xC0, 0x0F, 0xC0, 0x00, 0x00, 0x7F, 0x00, 0x7F, 0x00, 0x00, 0x03, 0xFC, 0x03, 0xFC, 0x00,
    0x00, 0x1F, 0xF0, 0x1F, 0xF0, 0x00, 0x00, 0xFF, 0xC0, 0xFF, 0x80, 0x00, 0x00, 0x00, 0x00, 0x00,
    0x00, 0x00, 0x00, 0x00, 0x00, 0x00, 0x00, 0x00, 0x00, 0x00, 0x00, 0x00, 0x00, 0x00, 0x00, 0x00,
    0x00, 0x00, 0x00, 0x00, 0x00, 0x00, 0x00, 0x00, 0x2F, 0x80, 0x00, 0x00, 0x0F, 0x00, 0xBD, 0x00,
    0x00, 0x00, 0x7C, 0x03, 0xF0, 0x00, 0x00, 0x02, 0xE0, 0x0F, 0xC0, 0x00, 0x00, 0x0F, 0x40, 0x7E,
    0x00, 0x00, 0x00, 0x7C, 0x02, 0xF8, 0x00, 0x00, 0x02, 0xF0, 0x0F, 0xFF, 0xF9, 0x00, 0x0F, 0x80,
    0x3F, 0xAA, 0xBF, 0x00, 0x3D, 0x00, 0xF8, 0x00, 0x1E, 0x01, 0xF0, 0x07, 0xD0, 0x00, 0x3C, 0x0F,
    0xC0, 0x2F, 0x00, 0x01, 0xF0, 0x3E, 0x00, 0xFC, 0x00, 0x0F, 0xC1, 0xF4, 0x03, 0xF0, 0x01, 0xFD,
    0x0B, 0xC0, 0x1F, 0xFF, 0xFF, 0xF0, 0x3F, 0x00, 0xBF, 0xFF, 0xFF, 0x01, 0xF8, 0x03, 0xFF, 0xFF,
    0x90, 0x07, 0xE0, 0x00, 0x00, 0x00, 0x00, 0x00, 0x00, 0x00, 0x00, 0x00, 0xBE, 0x00, 0x00, 0x00,
    0x7E, 0x00, 0x00, 0x1F, 0xC0, 0x00, 0x00, 0x7F, 0x00, 0x00, 0x03, 0xF4, 0x00, 0x00, 0x7F, 0x00,
    0x00, 0x00, 0xBF, 0x00, 0x00, 0x7F, 0x00, 0x00, 0x00, 0x1F, 0xD0, 0x00, 0x7F, 0x00, 0x00, 0x00,
    0x03, 0xFC, 0x00, 0x7F, 0x40, 0x00, 0x00, 0x00, 0xBF, 0x40, 0x7F, 0x40, 0x00, 0x00, 0x00, 0x1F,
    0xE0, 0x7F, 0x40, 0x00, 0x00, 0x00, 0x03, 0xFC, 0x7F, 0x80, 0x00, 0x00, 0x00, 0x00, 0xBF, 0xFF,
    0x80, 0x00, 0x00, 0x00, 0x00, 0x1F, 0xFF, 0xC0, 0x00, 0x00, 0x00, 0x00, 0x03, 0xFF, 0xC0, 0x00,
    0x00, 0x00, 0x00, 0x00, 0xBF, 0xC0, 0x00, 0x00, 0x00, 0x00, 0x00, 0x7F, 0xF4, 0x00, 0x00, 0x00,
    0x00, 0x00, 0x7F, 0xFF, 0x00, 0x00, 0x00, 0x00, 0x00, 0x7F, 0xFF, 0xC0, 0x00, 0x00, 0x00, 0x00,
    0x7F, 0xEF, 0xF8, 0x00, 0x00, 0x00, 0x00, 0x7F, 0xE3, 0xFF, 0x00, 0x00, 0x00, 0x00, 0x7F, 0xE0,
    0x7F, 0xE0, 0x00, 0x00, 0x00, 0x7F, 0xF0, 0x0F, 0xFC, 0x00, 0x00, 0x00, 0x7F, 0xF0, 0x02, 0xFF,
    0x40, 0x00, 0x00, 0x3F, 0xF0, 0x00, 0x7F, 0xF0, 0x00, 0x00, 0x3F, 0xF0, 0x00, 0x0F, 0xFD, 0x20,
    0x00, 0x3F, 0xF4, 0x00, 0x02, 0xFF, 0xFE, 0x00, 0x3F, 0xF4, 0x00, 0x00, 0x7F, 0xFF, 0xC0, 0x00,
    0x00, 0x00, 0x00, 0x1F, 0xFF, 0xF8, 0x00, 0x00, 0x00, 0x00, 0x03, 0xFF, 0xF8, 0x00, 0x00, 0x00,
    0x00, 0x00, 0x2F, 0xE4, 0x00, 0x00, 0x00, 0x00, 0x00, 0x00, 0x00, 0x00, 0x00, 0x00, 0x01, 0x00,
    0x00, 0x14, 0x00, 0x0F, 0x40, 0x00, 0xB8, 0x00, 0x0F, 0x80, 0x02, 0xF0, 0x00, 0x07, 0xC0, 0x0B,
    0xC0, 0x00, 0x03, 0xE0, 0x2F, 0x00, 0x00, 0x03, 0xF0, 0xBC, 0x00, 0x00, 0x01, 0xF6, 0xF0, 0x00,
    0x00, 0x00, 0xFF, 0xD0, 0x00, 0x00, 0x00, 0xBF, 0x40, 0x00, 0x00, 0x00, 0x7F, 0x00, 0x00, 0x00,
    0x01, 0xFF, 0x00, 0x00, 0x00, 0x07, 0xFF, 0x80, 0x00, 0x00, 0x1F, 0xDF, 0xC0, 0x00, 0x00, 0x7F,
    0x0F, 0xE0, 0x00, 0x01, 0xFD, 0x0B, 0xF0, 0x00, 0x07, 0xF4, 0x03, 0xF4, 0x00, 0x1F, 0xD0, 0x03,
    0xFE, 0x80, 0x7F, 0x80, 0x02, 0xFF, 0xD0, 0x00, 0x00, 0x01, 0xFF, 0xE0, 0x00, 0x00, 0x00, 0xBE,
    0x40, 0x00, 0x00, 0x00, 0x00, 0x00, 0x3F, 0xFF, 0xFF, 0xF7, 0xFF, 0xFF, 0xFD, 0xBF, 0xFF, 0xFF,
    0xC0, 0x3F, 0xFF, 0xFF, 0xF7, 0xFF, 0xFF, 0xFD, 0xBF, 0xFF, 0xFF, 0xC0, 0x3F, 0xFF, 0xFF, 0xFF,
    0xFF, 0x8F, 0xFF, 0xFF, 0xFF, 0xFF, 0xCB, 0xFF, 0xFF, 0xFF, 0xFF, 0xF0, 0x2A, 0xAA, 0xAA, 0xAA,
    0xA8, 0x3F, 0xFF, 0xFF, 0xFF, 0xFC, 0xBF, 0xFF, 0xFF, 0xFF, 0xF8, 0x00, 0x00, 0x00, 0x00, 0x00,
    0x2A, 0xAA, 0xAA, 0xAA, 0xAA, 0xAA, 0xAA, 0x83, 0xFF, 0xFF, 0xFF, 0xFF, 0xFF, 0xFF, 0xF8, 0xBF,
    0xFF, 0xFF, 0xFF, 0xFF, 0xFF, 0xFF, 0x40, 0x00, 0x00, 0x00, 0x00, 0x00, 0x00, 0x00, 0x2A, 0xAA,
    0xAA, 0xAA, 0xAA, 0xAA, 0xAA, 0x83, 0xFF, 0xFF, 0xFF, 0xFF, 0xFF, 0xFF, 0xF8, 0xBF, 0xFF, 0xFF,
    0xFF, 0xFF, 0xFF, 0xFF, 0x40, 0x00, 0x00, 0x00, 0x00, 0x00, 0x00, 0x00, 0x00, 0x01, 0xD0, 0x00,
    0xE0, 0x00, 0x0F, 0x00, 0x07, 0x80, 0x00, 0x3C, 0x00, 0x2D, 0x00, 0x01, 0xE0, 0x00, 0xF0, 0x00,
    0x0B, 0x40, 0x07, 0xC0, 0x00, 0x3C, 0x00, 0x2D, 0x00, 0x01, 0xE0, 0x00, 0xF0, 0x00, 0x0B, 0x40,
    0x03, 0xC0, 0x00, 0x3C, 0x00, 0x1E, 0x00, 0x00, 0xF0, 0x00, 0xF4, 0x00, 0x0B, 0x80, 0x03, 0xC0,
    0x00, 0x3C, 0x00, 0x1E, 0x00, 0x00, 0xF0, 0x00, 0xB4, 0x00, 0x07, 0x80, 0x03, 0xC0, 0x00, 0x2D,
    0x00, 0x1F, 0x00, 0x00, 0xF0, 0x00, 0xB4, 0x00, 0x07, 0x80, 0x03, 0xC0, 0x00, 0x2D, 0x00, 0x0F,
    0x00, 0x00, 0xF0, 0x00, 0x78, 0x00, 0x03, 0xC0, 0x03, 0xD0, 0x00, 0x2E, 0x00, 0x0F, 0x00, 0x00,
    0xF0, 0x00, 0x78, 0x00, 0x03, 0xC0, 0x02, 0xD0, 0x00, 0x1E, 0x00, 0x0F, 0x00, 0x00, 0xB4, 0x00,
    0x7C, 0x00, 0x00, 0x03, 0xFF, 0xFF, 0xFF, 0xFF, 0xFE, 0x07, 0xFF, 0xFF, 0xFF, 0xFF, 0xFC, 0x0F,
    0xFF, 0xFF, 0xFF, 0xFF, 0xF8, 0x00, 0x00, 0x00, 0x00, 0x00, 0x00, 0x00, 0x00, 0x00, 0x00, 0x00,
    0x00, 0x00, 0x00, 0x00, 0x00, 0x00, 0x00, 0x2F, 0xFF, 0xFF, 0xFF, 0xFF, 0xF0, 0x3F, 0xFF, 0xFF,
    0xFF, 0xFF, 0xD0, 0xBF, 0xFF, 0xFF, 0xFF, 0xFF, 0xC0, 0xBF, 0xC0, 0x0F, 0xF8, 0x02, 0xFF, 0x00,
    0x3F, 0xD0, 0x0B, 0xF8, 0x00, 0xFF, 0x00, 0x1F, 0xF0, 0x03, 0xFD, 0x00, 0x00, 0x00, 0x00, 0x7F,
    0xE0, 0x0F, 0xFC, 0x00, 0xFF, 0x40, 0x2F, 0xF0, 0x03, 0xFD, 0x00, 0x7F, 0xC0, 0x0F, 0xF0, 0x02,
    0xFE, 0x00, 0x00, 0x00, 0x00, 0x00, 0x00, 0x00, 0x0F, 0xFC, 0x01, 0xFF, 0x40, 0x3F, 0xF0, 0x03,
    0xFC, 0x00, 0x7F, 0x80, 0x0F, 0xF0, 0x02, 0xFE, 0x00, 0x7F, 0xC0, 0x00, 0x00, 0x00, 0xBF, 0xC0,
    0x0F, 0xF8, 0x02, 0xFF, 0x00, 0x3F, 0xD0, 0x0B, 0xF8, 0x00, 0xFF, 0x00, 0x1F, 0xF0, 0x03, 0xFD,
    0x00, 0x00, 0x00, 0xBF, 0xC3, 0xFF, 0x00, 0x3F, 0xE1, 0xFF, 0x40, 0x2F, 0xF0, 0xFF, 0xC0, 0x0F,
    0xF4, 0x3F, 0xC0, 0x0B, 0xF8, 0x2F, 0xD0, 0x03, 0xFC, 0x0F, 0xF0, 0x01, 0xFF, 0x0B, 0xF8, 0x00,
    0xFF, 0x43, 0xFD, 0x00, 0x00, 0x00, 0x00, 0x00, 0x7F, 0xE1, 0xFF, 0x40, 0x3F, 0xF0, 0xFF, 0xC0,
    0x0F, 0xF4, 0x3F, 0xD0, 0x0B, 0xFC, 0x2F, 0xF0, 0x03, 0xFD, 0x0F, 0xF4, 0x01, 0xFF, 0x0B, 0xF8,
    0x00, 0xFF, 0x03, 0xFC, 0x00, 0xBF, 0x83, 0xFE, 0x00, 0x00, 0x00, 0x00, 0x00, 0x00, 0x00, 0x00,
    0x00, 0x0F, 0xFC, 0x01, 0xFF, 0x40, 0x3F, 0xF0, 0x03, 0xFC, 0x00, 0x7F, 0x80, 0x0F, 0xF0, 0x02,
    0xFE, 0x00, 0x7F, 0xC0, 0x00, 0x00, 0x00, 0x7F, 0xD2, 0xFF, 0x40, 0x0F, 0xFC, 0x3F, 0xE0, 0x01,
    0xFF, 0x07, 0xFC, 0x00, 0x3F, 0xE0, 0xFF, 0x80, 0x07, 0xFC, 0x1F, 0xF0, 0x00, 0xFF, 0x43, 0xFD,
    0x00, 0x0F, 0xF0, 0x7F, 0xC0, 0x02, 0xFE, 0x0B, 0xF8, 0x00, 0x00, 0x00, 0x00, 0x00, 0x00, 0x00,
    0x19, 0x00, 0x00, 0x00, 0x3E, 0x00, 0x00, 0x00, 0x3D, 0x00, 0x00, 0x00, 0x7C, 0x00, 0x00, 0x00,
    0xBC, 0x00, 0x00, 0x00, 0xF8, 0x00, 0x00, 0x00, 0xF4, 0x00, 0x00, 0x01, 0xF0, 0x00, 0x00, 0x02,
    0xF0, 0x00, 0x00, 0x03, 0xE0, 0x00, 0x00, 0x03, 0xD0, 0x00, 0x00, 0x07, 0xC0, 0x00, 0x00, 0x1B,
    0xFF, 0xFC, 0x2F, 0xFF, 0xFF, 0xFC, 0x7F, 0xFF, 0x95, 0x54, 0x00, 0x1F, 0x00, 0x00, 0x00, 0x2F,
    0x00, 0x00, 0x00, 0x3E, 0x00, 0x00, 0x00, 0x3D, 0x00, 0x00, 0x00, 0x7C, 0x00, 0x00, 0x00, 0xBC,
    0x00, 0x00, 0x00, 0xF8, 0x00, 0x00, 0x00, 0xF4, 0x00, 0x00, 0x01, 0xF0, 0x00, 0x00, 0x02, 0xF0,
    0x00, 0x00, 0x03, 0xE0, 0x00, 0x00, 0x03, 0xD0, 0x00, 0x00, 0x07, 0xC0, 0x00, 0x00, 0x0B, 0xC0,
    0x00, 0x00, 0x0F, 0x80, 0x00, 0x00, 0x0F, 0x40, 0x00, 0x00, 0x1F, 0x00, 0x00, 0x00, 0x2F, 0x00,
    0x00, 0x00, 0x3E, 0x00, 0x00, 0x00, 0x3D, 0x00, 0x00, 0x00, 0x1C, 0x00, 0x00, 0x00, 0x0C, 0x00,
    0x00, 0x00, 0x04, 0x00, 0x00, 0x00, 0x00, 0x00, 0x00, 0x28, 0x00, 0x00, 0x00, 0x02, 0xF0, 0x00,
    0x00, 0x00, 0x0F, 0x80, 0x00, 0x00, 0x00, 0x3D, 0x00, 0x00, 0x00, 0x01, 0xF0, 0x00, 0x00, 0x00,
    0x0B, 0xC0, 0x00, 0x00, 0x00, 0x3E, 0x00, 0x00, 0x00, 0x00, 0xF4, 0x00, 0x00, 0x00, 0x07, 0xC0,
    0x00, 0x00, 0x00, 0x2F, 0x00, 0x00, 0x00, 0x00, 0xB8, 0x00, 0x00, 0x00, 0x03, 0xD0, 0x00, 0x00,
    0x00, 0x5F, 0xFF, 0xF0, 0x00, 0xFF, 0xFF, 0xFF, 0xC0, 0x0F, 0xFF, 0xF5, 0x55, 0x00, 0x00, 0x0F,
    0x40, 0x00, 0x00, 0x00, 0x7C, 0x00, 0x00, 0x00, 0x02, 0xF0, 0x00, 0x00, 0x00, 0x0F, 0x80, 0x00,
    0x00, 0x00, 0x3D, 0x00, 0x00, 0x00, 0x01, 0xF0, 0x00, 0x00, 0x00, 0x0B, 0xC0, 0x00, 0x00, 0x00,
    0x3E, 0x00, 0x00, 0x00, 0x00, 0xF9, 0xA0, 0x00, 0x1F, 0xFF, 0xFF, 0xC0, 0x00, 0xFF, 0xFF, 0xFF,
    0x00, 0x01, 0x55, 0xF8, 0x00, 0x00, 0x00, 0x03, 0xD0, 0x00, 0x00, 0x00, 0x1F, 0x00, 0x00, 0x00,
    0x00, 0xBC, 0x00, 0x00, 0x00, 0x03, 0xE0, 0x00, 0x00, 0x00, 0x0F, 0x40, 0x00, 0x00, 0x00, 0x7C,
    0x00, 0x00, 0x00, 0x02, 0xF0, 0x00, 0x00, 0x00, 0x07, 0x80, 0x00, 0x00, 0x00, 0x0D, 0x00, 0x00,
    0x00, 0x00, 0x20, 0x00, 0x00, 0x00, 0x00, 0x00, 0x00, 0x00, 0x00, 0x00, 0x00, 0xFF, 0xFF, 0xFC,
    0x00, 0x0B, 0xFF, 0xFF, 0xE0, 0x00, 0x3F, 0xFF, 0xFF, 0x80, 0x02, 0xFF, 0xFF, 0xFD, 0x00, 0x0F,
    0xFF, 0xFF, 0xF4, 0x00, 0x7F, 0xFF, 0xFF, 0xC0, 0x03, 0xFF, 0xFF, 0xFF, 0x00, 0x1F, 0xFF, 0xFF,
    0xFC, 0x00, 0xFF, 0xFF, 0xFF, 0xF0, 0x07, 0xFF, 0xFF, 0xFF, 0x80, 0x3F, 0xFF, 0xFF, 0xFE, 0x01,
    0xFF, 0xFF, 0xFF, 0xF4, 0x0F, 0xFF, 0xFF, 0xFF, 0xD0, 0x7F, 0xFF, 0xFF, 0xFF, 0x03, 0xFF, 0xFF,
    0xFF, 0xFC, 0x1F, 0xFF, 0xFF, 0xFF, 0xF0, 0x6A, 0xAA, 0xAA, 0xAA, 0x40, 0x00, 0x00, 0x02, 0x80,
    0x00, 0xFD, 0x00, 0x3F, 0xF4, 0x1F, 0xFF, 0x0F, 0xFF, 0x43, 0xF9, 0x00, 0xE0, 0x00, 0x00, 0x00,
    0x00, 0x07, 0xE0, 0xFE, 0x1F, 0xE3, 0xFD, 0x7F, 0xD0, 0x07, 0xE0, 0xFE, 0x1F, 0xE3, 0xFD, 0x7F,
    0xD0, 0x07, 0xE0, 0x00, 0x3F, 0x00, 0x07, 0xE0, 0xFE, 0x00, 0x0B, 0xF0, 0x00, 0xFE, 0x1F, 0xE0,
    0x00, 0xFF, 0x00, 0x1F, 0xD3, 0xFD, 0x00, 0x2F, 0xE0, 0x03, 0xFD, 0x7F, 0xD0, 0x03, 0xFE, 0x00,
    0x7F, 0xC0, 0x3F, 0x0F, 0xC3, 0xF0, 0x00, 0x00, 0x00, 0x00, 0x00, 0x00, 0x00, 0x00, 0x00, 0x00,
    0x00, 0x74, 0x00, 0x01, 0x60, 0x00, 0x01, 0xE0, 0x00, 0x06, 0x08, 0x00, 0x03, 0xC0, 0x00, 0x0C,
    0x0C, 0x00, 0x0F, 0x00, 0x00, 0x18, 0x88, 0x00, 0x3C, 0x00, 0x00, 0x25, 0x68, 0x00, 0xF4, 0x00,
    0x00, 0x34, 0x70, 0x02, 0xD0, 0x00, 0x00, 0x3F, 0xE0, 0x0B, 0x80, 0x00, 0x00, 0x1F, 0x80, 0x1F,
    0x00, 0x00, 0x00, 0x00, 0x00, 0x7C, 0x00, 0x00, 0x00, 0x00, 0x00, 0xF0, 0x00, 0x00, 0x00, 0x00,
    0x03, 0xD0, 0x00, 0x00, 0x00, 0x00, 0x0F, 0x80, 0x00, 0x00, 0x00, 0x00, 0x2E, 0x00, 0x00, 0x00,
    0x00, 0x00, 0xBC, 0x00, 0x00, 0x00, 0x00, 0x01, 0xF0, 0x00, 0x00, 0x00, 0x00, 0x07, 0xD0, 0x00,
    0x00, 0x00, 0x00, 0x0F, 0x48, 0x52, 0x04, 0x00, 0x00, 0x3E, 0x15, 0x15, 0x48, 0x00, 0x00, 0xFC,
    0x22, 0x58, 0x94, 0x00, 0x03, 0xF0, 0x30, 0xCC, 0x30, 0x00, 0x0B, 0xC0, 0x3B, 0x8E, 0xE0, 0x00,
    0x2F, 0x40, 0x2E, 0x07, 0x80, 0x00, 0x15, 0x00, 0x00, 0x00, 0x00, 0x00, 0x00, 0x7F, 0xE0, 0x0F,
    0xFC, 0x00, 0xFF, 0x40, 0x2F, 0xF0, 0x03, 0xFD, 0x00, 0x7F, 0xC0, 0x0F, 0xF0, 0x02, 0xFE, 0x00,
    0x00, 0x00, 0x00, 0x00, 0x7F, 0xE1, 0xFF, 0x40, 0x3F, 0xF0, 0xFF, 0xC0, 0x0F, 0xF4, 0x3F, 0xD0,
    0x0B, 0xFC, 0x2F, 0xF0, 0x03, 0xFD, 0x0F, 0xF4, 0x01, 0xFF, 0x0B, 0xF8, 0x00, 0xFF, 0x03, 0xFC,
    0x00, 0xBF, 0x83, 0xFE, 0x00, 0x00, 0x00, 0x00, 0x00, 0x00, 0x00, 0x00, 0x00, 0x00, 0x00, 0x02,
    0x40, 0x03, 0x40, 0x09, 0x00, 0xFC, 0x01, 0xF8, 0x03, 0xF0, 0x7E, 0x00, 0xFC, 0x01, 0xF4, 0x2F,
    0x00, 0x3E, 0x00, 0xFC, 0x0F, 0x80, 0x1F, 0x00, 0x3D, 0x03, 0xC0, 0x0B, 0x80, 0x1F, 0x02, 0xD0,
    0x03, 0x80, 0x0B, 0x40, 0x00, 0x00, 0x00, 0x00, 0x00, 0x00, 0x00, 0x00, 0xA0, 0x3F, 0x02, 0xF0,
    0x0F, 0x80, 0xBC, 0x03, 0xC0, 0x1D, 0x00, 0x00, 0x00, 0x00, 0x00, 0x1A, 0x00, 0xA0, 0x3F, 0x03,
    0xF0, 0x2F, 0x02, 0xF4, 0x0F, 0x40, 0xF8, 0x0B, 0xC0, 0xBC, 0x03, 0xC0, 0x3C, 0x01, 0xD0, 0x1D,
    0x00, 0x00, 0x00, 0x00, 0x00, 0x00, 0x00, 0x00, 0x02, 0x80, 0x0B, 0x00, 0x09, 0x03, 0xF0, 0x0F,
    0xC0, 0x0F, 0xC0, 0xBC, 0x01, 0xF4, 0x03, 0xF0, 0x0F, 0x40, 0x3F, 0x00, 0x7D, 0x02, 0xF0, 0x07,
    0xC0, 0x0F, 0x80, 0x3C, 0x00, 0xF4, 0x01, 0xF0, 0x0B, 0x40, 0x1A, 0x00, 0x2C, 0x00, 0x00, 0x00,
    0x00, 0x00, 0x00, 0x00, 0x0B, 0x40, 0x00, 0x2F, 0x80, 0x00, 0xF7, 0xD0, 0x0B, 0xD2, 0xF4, 0x3F,
    0x40, 0xFD, 0x00, 0x00, 0x00, 0x00, 0x0D, 0x00, 0x07, 0xC0, 0x02, 0xF4, 0x01, 0xFC, 0x00, 0xBD,
    0x00, 0x3F, 0x00, 0x0B, 0xF0, 0x00, 0x3F, 0xC0, 0x01, 0xFE, 0x00, 0x0B, 0xF4, 0x00, 0x3F, 0x00,
    0x00, 0xF0, 0x00, 0x05, 0x00, 0x00, 0x00, 0x07, 0x00, 0x00, 0x3E, 0x00, 0x01, 0xFC, 0x00, 0x02,
    0xF4, 0x00, 0x07, 0xF0, 0x00, 0x0F, 0xC0, 0x00, 0xFE, 0x00, 0x2F, 0xD0, 0x0B, 0xF8, 0x00, 0xFF,
    0x00, 0x0F, 0xC0, 0x00, 0xB4, 0x00, 0x01, 0x00, 0x00, 0x00, 0x00, 0x00, 0x00, 0x00, 0x0F, 0xC0,
    0x00, 0x00, 0x00, 0x00, 0xFF, 0x00, 0x00, 0x0B, 0xF0, 0x2A, 0x40, 0x00, 0x00, 0x3F, 0xE0, 0x00,
    0x03, 0xFC, 0x7F, 0xC0, 0x00, 0x00, 0x07, 0xFC, 0x00, 0x02, 0xFE, 0xBF, 0x80, 0x00, 0x00, 0x00,
    0xFF, 0x80, 0x00, 0xFF, 0xFF, 0x80, 0x00, 0x00, 0x00, 0x2F, 0xF4, 0x00, 0x01, 0xFF, 0x40, 0x00,
    0x00, 0x00, 0x03, 0xFF, 0x00, 0x02, 0xFF, 0x40, 0x00, 0x00, 0x00, 0x00, 0xBF, 0xD0, 0x03, 0xFF,
    0x40, 0x00, 0x00, 0x00, 0x00, 0x0F, 0xFC, 0x07, 0xFF, 0x00, 0x00, 0x00, 0x00, 0x00, 0x03, 0xFF,
    0x4B, 0xFF, 0x00, 0x00, 0x00, 0x00, 0x00, 0x00, 0x7F, 0xFF, 0xFF, 0x00, 0x00, 0x00, 0x00, 0x00,
    0x1F, 0xCF, 0xFF, 0xFE, 0x00, 0x00, 0x3E, 0x00, 0x00, 0x0F, 0xF2, 0xFF, 0xFE, 0x00, 0x00, 0x2F,
    0xC0, 0x00, 0x07, 0xF8, 0x3F, 0xFE, 0x00, 0x00, 0x0F, 0xE0, 0x00, 0x03, 0xFE, 0x1F, 0xFF, 0x00,
    0x00, 0x0B, 0xF8, 0x00, 0x00, 0xFF, 0x6F, 0xFF, 0xE0, 0x00, 0x03, 0xFD, 0x00, 0x00, 0x00, 0x3F,
    0xFF, 0xFC, 0x00, 0x00, 0x00, 0x00, 0x00, 0x00, 0x7F, 0xFF, 0xFF, 0xC0, 0x00, 0x00, 0x00, 0x00,
    0x00, 0xBF, 0xF8, 0xFF, 0xF4, 0x00, 0x00, 0x00, 0x00, 0x00, 0xFF, 0xF8, 0x1F, 0xFF, 0x00, 0x00,
    0x00, 0x00, 0x01, 0xFF, 0xF4, 0x03, 0xFF, 0xD0, 0x00, 0x00, 0x00, 0x01, 0xFF, 0xF0, 0x00, 0x7F,
    0xFC, 0x00, 0x00, 0x00, 0x02, 0xFF, 0xF0, 0x00, 0x0F, 0xFF, 0x80, 0x00, 0x00, 0x03, 0xFF, 0xE0,
    0x00, 0x06, 0xFF, 0xF0, 0x00, 0x00, 0x07, 0xFF, 0xE0, 0x00, 0x0B, 0xFF, 0xFF, 0x00, 0x00, 0x0B,
    0xFF, 0xD0, 0x00, 0x03, 0xFF, 0xFF, 0xD0, 0x00, 0x00, 0x00, 0x00, 0x00, 0x02, 0xFD, 0x00, 0x00,
    0x00, 0x00, 0x00, 0x00, 0x00, 0x00, 0xFF, 0x40, 0x00, 0x00, 0x00, 0x00, 0x00, 0x00, 0x00, 0x15,
    0x40, 0x00, 0x00, 0x00, 0x00, 0x00, 0x00, 0x01, 0x90, 0x00, 0x00, 0x3D, 0x00, 0x00, 0x0B, 0xC0,
    0x00, 0x00, 0xFC, 0x00, 0x00, 0x0F, 0x40, 0x00, 0x02, 0xF0, 0x00, 0x00, 0x3F, 0x00, 0x00, 0x03,
    0xE0, 0x00, 0x00, 0xBD, 0x00, 0x00, 0x0F, 0xC0, 0x00, 0x01, 0xFC, 0x00, 0x00, 0x2F, 0x80, 0x00,
    0x03, 0xF4, 0x00, 0x00, 0x7F, 0x00, 0x00, 0x0B, 0xF0, 0x00, 0x00, 0xFE, 0x00, 0x00, 0x1F, 0xD0,
    0x00, 0x02, 0xFC, 0x00, 0x00, 0x3F, 0x80, 0x00, 0x07, 0xF4, 0x00, 0x00, 0x6F, 0x00, 0x00, 0x00,
    0x00, 0x00, 0x00, 0x00, 0x00, 0x00, 0x3F, 0xC0, 0x00, 0x0B, 0xF8, 0x00, 0x00, 0xFF, 0x80, 0x00,
    0x2F, 0xF4, 0x00, 0x03, 0xFF, 0x40, 0x00, 0xBF, 0xF0, 0x00, 0x00, 0x00, 0x00, 0x00, 0x00, 0x00,
    0x00, 0x00, 0x00, 0xF0, 0x00, 0x00, 0x00, 0x02, 0xF0, 0x00, 0x00, 0x00, 0x03, 0xF4, 0x00, 0x00,
    0x00, 0xBF, 0xFF, 0x80, 0x00, 0x07, 0xFF, 0xFF, 0xF0, 0x00, 0x0F, 0xEF, 0xDF, 0xFC, 0x00, 0x0F,
    0x0F, 0xC2, 0xFC, 0x00, 0x00, 0x0F, 0x80, 0xFD, 0x00, 0x00, 0x1F, 0x40, 0xFD, 0x00, 0x00, 0x2F,
    0x00, 0xFD, 0x00, 0x00, 0x3F, 0x01, 0xFC, 0x00, 0x00, 0x7F, 0x02, 0xF8, 0x00, 0x00, 0xBE, 0x03,
    0xF0, 0x00, 0x00, 0xFD, 0x0F, 0xE0, 0x00, 0x00, 0xFC, 0x2F, 0xC0, 0x00, 0x01, 0xFC, 0xFF, 0x00,
    0x00, 0x02, 0xFF, 0xFD, 0x00, 0x00, 0x03, 0xFF, 0xF0, 0x00, 0x00, 0x07, 0xFF, 0xC0, 0x00, 0x00,
    0x0B, 0xFE, 0x00, 0x00, 0x00, 0x0F, 0xF4, 0x00, 0x00, 0x00, 0x0F, 0xF0, 0x00, 0x00, 0x00, 0x1F,
    0xE0, 0x00, 0x00, 0x00, 0x2F, 0xD0, 0x00, 0x00, 0x00, 0x3F, 0xC0, 0x00, 0x00, 0x00, 0x3F, 0x80,
    0x00, 0x00, 0x00, 0x00, 0x00, 0x00, 0x00, 0x00, 0x00, 0x00, 0x00, 0x00, 0x01, 0xFE, 0x00, 0x00,
    0x00, 0x03, 0xFE, 0x00, 0x00, 0x00, 0x03, 0xFD, 0x00, 0x00, 0x00, 0x0B, 0xFD, 0x00, 0x00, 0x00,
    0x0F, 0xFC, 0x00, 0x00, 0x00, 0x1F, 0xFC, 0x00, 0x00, 0x00, 0x2F, 0xFC, 0x00, 0x00, 0x00, 0x15,
    0x54, 0x00, 0x00, 0x00, 0x1F, 0xFF, 0xFF, 0xF4, 0xBF, 0xFF, 0xFF, 0xC3, 0xFF, 0xFF, 0xFF, 0x00,
    0x00, 0x00, 0x00, 0x38, 0x00, 0x06, 0x4F, 0x00, 0x03, 0xC3, 0xE0, 0x07, 0xD0, 0xBF, 0xFF, 0xE0,
    0x0B, 0xFF, 0xD0, 0x00, 0x59, 0x40, 0x00, 0x00, 0x00, 0x01, 0x80, 0x00, 0x00, 0x00, 0x02, 0x80,
    0x00, 0x00, 0x01, 0xD3, 0x4B, 0x00, 0x00, 0x01, 0xFB, 0xB8, 0x00, 0x00, 0x00, 0x1F, 0x80, 0x00,
    0x00, 0x00, 0x7F, 0xF4, 0x00, 0x00, 0x07, 0xCD, 0x3C, 0x00, 0x00, 0x01, 0x0D, 0x00, 0x00, 0x00,
    0x00, 0x1C, 0x01, 0x00, 0x00, 0x18, 0x00, 0x07, 0x00, 0x00, 0x38, 0x12, 0x47, 0x0A, 0x2D, 0x30,
    0xF3, 0xEA, 0xB4, 0x0B, 0xBB, 0x40, 0x6F, 0x40, 0x01, 0xF8, 0x00, 0xBF, 0xD0, 0x0B, 0xEF, 0x4B,
    0x9C, 0xF8, 0x78, 0xD3, 0xC9, 0x28, 0x10, 0x00, 0xC0, 0x00, 0x38, 0x00, 0x01, 0x80, 0x00, 0x00,
    0x00, 0x00, 0x00, 0x00, 0x00, 0x00, 0x78, 0x00, 0x00, 0x00, 0x00, 0x00, 0xE0, 0x00, 0x00, 0x00,
    0x00, 0x03, 0xC0, 0x00, 0x00, 0x00, 0x00, 0x0F, 0x00, 0x00, 0x00, 0x00, 0x00, 0x3D, 0x00, 0x00,
    0x00, 0x00, 0x00, 0xB4, 0x00, 0x00, 0x00, 0x00, 0x02, 0xE0, 0x00, 0x00, 0x00, 0x00, 0x07, 0x80,
    0x00, 0x00, 0x00, 0x00, 0x1F, 0x00, 0x00, 0x00, 0x00, 0x00, 0x3C, 0x00, 0x00, 0x00, 0x00, 0x00,
    0xF4, 0x00, 0x00, 0x00, 0x00, 0x03, 0xD0, 0x00, 0x00, 0x00, 0x00, 0x0F, 0x80, 0x00, 0x00, 0x00,
    0x00, 0x2E, 0x00, 0x00, 0x00, 0x00, 0x00, 0xBC, 0x00, 0x00, 0x00, 0x00, 0x01, 0xF0, 0x00, 0x00,
    0x00, 0x00, 0x07, 0xD0, 0x00, 0x00, 0x00, 0x00, 0x1F, 0x40, 0x00, 0x00, 0x00, 0x00, 0x3E, 0x00,
    0x00, 0x00, 0x00, 0x00, 0xF8, 0x00, 0x00, 0x00, 0x00, 0x03, 0xF0, 0x00, 0x00, 0x00, 0x00, 0x0B,
    0xC0, 0x00, 0x00, 0x00, 0x00, 0x2F, 0x40, 0x00, 0x00, 0x00, 0x00, 0x14, 0x00, 0x00, 0x00, 0x00,
    0x00, 0x00, 0x00, 0x00, 0x00, 0x00, 0x00, 0x00, 0x00, 0x00, 0x00, 0x06, 0xFF, 0x80, 0x00, 0x06,
    0xFF, 0x90, 0x00, 0x01, 0xFF, 0xFF, 0xE0, 0x01, 0xFF, 0xFF, 0xF0, 0x00, 0x2F, 0xFA, 0xFF, 0xE0,
    0x1F, 0xFA, 0xFF, 0xF0, 0x00, 0xFC, 0x00, 0x3F, 0xC0, 0xFD, 0x00, 0x2F, 0xD0, 0x02, 0x40, 0x00,
    0x3F, 0x41, 0x80, 0x00, 0x3F, 0x80, 0x00, 0x00, 0x00, 0xFD, 0x00, 0x00, 0x00, 0xBE, 0x00, 0x00,
    0x00, 0x03, 0xF4, 0x00, 0x00, 0x02, 0xF8, 0x00, 0x00, 0x00, 0x0F, 0xC0, 0x00, 0x00, 0x0F, 0xD0,
    0x00, 0x00, 0x00, 0x7F, 0x00, 0x00, 0x00, 0x3F, 0x00, 0x00, 0x00, 0x03, 0xF8, 0x00, 0x00, 0x02,
    0xF8, 0x00, 0x00, 0x00, 0x1F, 0xC0, 0x00, 0x00, 0x1F, 0xC0, 0x00, 0x00, 0x00, 0xFD, 0x00, 0x00,
    0x00, 0xFE, 0x00, 0x00, 0x00, 0x0F, 0xE0, 0x00, 0x00, 0x0F, 0xE0, 0x00, 0x00, 0x00, 0xFF, 0x00,
    0x00, 0x01, 0xFF, 0x00, 0x00, 0x00, 0x2F, 0xF0, 0x00, 0x00, 0x2F, 0xF0, 0x00, 0x00, 0x07, 0xFF,
    0x00, 0x00, 0x1B, 0xFE, 0x00, 0x00, 0x01, 0xFF, 0xF0, 0x00, 0x01, 0xFF, 0xE0, 0x00, 0x00, 0x0B,
    0xFD, 0x00, 0x00, 0x07, 0xFC, 0x00, 0x00, 0x00, 0x3F, 0xD0, 0x00, 0x00, 0x2F, 0xD0, 0x00, 0x00,
    0x00, 0xFF, 0x00, 0x00, 0x00, 0xFF, 0x00, 0x00, 0x00, 0x07, 0xF8, 0x00, 0x00, 0x07, 0xFC, 0x00,
    0x00, 0x00, 0x2F, 0xD0, 0x00, 0x00, 0x2F, 0xE0, 0x00, 0x00, 0x00, 0xFF, 0x00, 0x00, 0x00, 0xFF,
    0x00, 0x00, 0x00, 0x03, 0xF8, 0x00, 0x00, 0x01, 0x50, 0x00, 0x00, 0x00, 0x00, 0x00, 0x00, 0x00,
    0x00, 0x00, 0x00, 0x00, 0x00, 0x00, 0x00, 0x00, 0x00, 0x00, 0x00, 0x00, 0x00, 0x01, 0xF4, 0x00,
    0x00, 0x00, 0x00, 0x00, 0x00, 0x00, 0x0F, 0xE0, 0x00, 0x00, 0x07, 0xF0, 0x00, 0x00, 0x00, 0xBF,
    0x40, 0x00, 0x00, 0x3F, 0x80, 0x00, 0x00, 0x03, 0xFD, 0x00, 0x00, 0x01, 0xFE, 0x00, 0x00, 0x00,
    0x1F, 0xF0, 0x00, 0x00, 0x0F, 0xF4, 0x00, 0x00, 0x00, 0x00, 0x00, 0x00, 0x00, 0x7F, 0xD0, 0x00,
    0x00, 0x00, 0x00, 0x00, 0x00, 0x00, 0x00, 0x00, 0x00, 0x00, 0x15, 0x50, 0x00, 0x00, 0x00, 0x00,
    0xBF, 0xFF, 0x80, 0x00, 0x00, 0x01, 0xFF, 0xFF, 0xFC, 0x00, 0x00, 0x01, 0xFE, 0x41, 0xFF, 0x80,
    0x0F, 0x40, 0x38, 0x00, 0x0B, 0xF0, 0x07, 0xC0, 0x00, 0x00, 0x00, 0xFC, 0x03, 0xF0, 0x00, 0x00,
    0x00, 0x3F, 0x40, 0xF4, 0x00, 0x00, 0x00, 0x0F, 0xC0, 0xBC, 0x00, 0x00, 0x00, 0x07, 0xF0, 0x3F,
    0x00, 0x00, 0x00, 0x03, 0xF8, 0x0F, 0x80, 0x00, 0x00, 0x01, 0xFC, 0x0B, 0xD0, 0x00, 0x00, 0x00,
    0xFE, 0x03, 0xF0, 0x00, 0x00, 0x00, 0xFF, 0x00, 0xFC, 0x00, 0x00, 0x00, 0xBF, 0x00, 0xBE, 0x00,
    0x00, 0x01, 0xFF, 0x00, 0x3F, 0x40, 0x00, 0x02, 0xFF, 0x00, 0x0F, 0xC0, 0x00, 0x0B, 0xFF, 0x00,
    0x0B, 0xF0, 0x00, 0x0B, 0xFE, 0x00, 0x03, 0xF8, 0x00, 0x03, 0xFD, 0x00, 0x00, 0xFD, 0x00, 0x00,
    0xFF, 0x00, 0x00, 0xBF, 0x00, 0x00, 0x7F, 0x80, 0x00, 0x3F, 0xC0, 0x00, 0x2F, 0xD0, 0x00, 0x0F,
    0xE0, 0x00, 0x0F, 0xF0, 0x00, 0x0B, 0xF4, 0x00, 0x03, 0xFC, 0x00, 0x01, 0xBC, 0x00, 0x00, 0x40,
    0x00, 0x00, 0x00, 0x00, 0x00, 0x00, 0x00, 0x00, 0x00, 0x00, 0x00, 0x00, 0x00, 0x00, 0x7F, 0x80,
    0x00, 0x0B, 0xD0, 0x00, 0x3F, 0xE0, 0x00, 0x03, 0xF4, 0x00, 0x1F, 0xF4, 0x00, 0x02, 0xFC, 0x00,
    0x0F, 0xFD, 0x00, 0x00, 0xFF, 0x00, 0x07, 0xFF, 0x00, 0x00, 0xBF, 0xC0, 0x02, 0xFF, 0xC0, 0x00,
    0x00, 0x00, 0x00, 0x00, 0x00, 0x00, 0x00, 0x00, 0x00, 0x00, 0x00, 0x00, 0x00, 0x05, 0x50, 0x00,
    0x00, 0x00, 0x00, 0x00, 0x1F, 0xFF, 0xF8, 0x00, 0x00, 0x00, 0x00, 0x0B, 0xFF, 0xFF, 0xE0, 0x00,
    0x00, 0x00, 0x03, 0xFD, 0x02, 0xFF, 0x40, 0x00, 0x00, 0x01, 0x1D, 0x00, 0x03, 0xF8, 0x00, 0x00,
    0x01, 0xF0, 0x00, 0x00, 0x1F, 0xC0, 0x00, 0x00, 0x3E, 0x00, 0x00, 0x01, 0xFC, 0x00, 0x00, 0x03,
    0xD0, 0x00, 0x00, 0x1F, 0x80, 0x00, 0x00, 0x7C, 0x00, 0x00, 0x03, 0xF4, 0x00, 0x00, 0x0F, 0xC0,
    0x00, 0x00, 0x3F, 0x00, 0x00, 0x00, 0xF8, 0x00, 0x00, 0x0B, 0xE0, 0x00, 0x00, 0x1F, 0x40, 0x00,
    0x01, 0xFC, 0x00, 0x00, 0x03, 0xF0, 0x00, 0x00, 0x3F, 0x40, 0x00, 0x00, 0x3F, 0x00, 0x00, 0x0F,
    0xE0, 0x00, 0x00, 0x0B, 0xE0, 0x00, 0x07, 0xFC, 0x00, 0x00, 0x00, 0xFD, 0x00, 0x03, 0xFF, 0x00,
    0x00, 0x00, 0x0F, 0xC0, 0x07, 0xFF, 0xC0, 0x00, 0x00, 0x02, 0xFC, 0x00, 0xFF, 0xE0, 0x00, 0x00,
    0x00, 0x3F, 0x80, 0x1F, 0xF0, 0x00, 0x00, 0x00, 0x03, 0xF4, 0x02, 0xFD, 0x00, 0x00, 0x00, 0x00,
    0xBF, 0x00, 0x3F, 0xC0, 0x00, 0x00, 0x00, 0x0F, 0xE0, 0x03, 0xFC, 0x00, 0x00, 0x00, 0x00, 0xFD,
    0x00, 0x7F, 0x80, 0x00, 0x00, 0x00, 0x2F, 0xC0, 0x0B, 0xF4, 0x00, 0x00, 0x00, 0x03, 0xFC, 0x00,
    0x55, 0x00, 0x00, 0x00, 0x00, 0x16, 0x80, 0x00, 0x00, 0x00, 0x00, 0x00, 0x00, 0x00, 0x00, 0x00,
    0x00, 0x00, 0x00, 0x00, 0x00, 0x00, 0x0F, 0xC0, 0x00, 0x00, 0x00, 0x2F, 0xD0, 0x02, 0xFC, 0x00,
    0x00, 0x00, 0x03, 0xFD, 0x00, 0x3F, 0xC0, 0x00, 0x00, 0x00, 0xBF, 0xC0, 0x0B, 0xF8, 0x00, 0x00,
    0x00, 0x0F, 0xFC, 0x00, 0xFF, 0x80, 0x00, 0x00, 0x02, 0xFF, 0xC0, 0x00, 0x00, 0x00, 0x00, 0x00,
    0x3F, 0xFC, 0x00, 0x00, 0x00, 0x00, 0x00, 0x00, 0x00, 0x00, 0x00, 0x00, 0x00, 0x00, 0x00, 0x00,
    0x00, 0x00, 0x00, 0x00, 0x00, 0x02, 0x80, 0x00, 0x00, 0x00, 0x00, 0x00, 0x07, 0xC0, 0x00, 0x00,
    0x00, 0x00, 0x00, 0x03, 0xD0, 0x00, 0x00, 0x00, 0x00, 0x00, 0x01, 0xF0, 0x00, 0x00, 0x00, 0x00,
    0x00, 0x00, 0xF4, 0x00, 0x00, 0x00, 0x00, 0x00, 0x00, 0xBC, 0x00, 0x00, 0x00, 0x00, 0x00, 0x00,
    0x3D, 0x00, 0x00, 0x00, 0x00, 0x00, 0x00, 0x2F, 0x00, 0x00, 0x00, 0x00, 0x00, 0x00, 0x0F, 0x00,
    0x00, 0x00, 0x00, 0x00, 0x00, 0x0F, 0x80, 0x00, 0x00, 0x00, 0x02, 0xF8, 0x07, 0xC0, 0x00, 0x00,
    0x00, 0x00, 0xFD, 0x03, 0xE0, 0x00, 0x00, 0x00, 0x00, 0xBF, 0x41, 0xF0, 0x00, 0x00, 0x00, 0x00,
    0x3F, 0xC0, 0xF8, 0x00, 0x00, 0x00, 0x00, 0x1F, 0xF0, 0xBC, 0x00, 0x00, 0x00, 0x00, 0x00, 0x00,
    0x3D, 0x00, 0x00, 0x00, 0x00, 0x00, 0x00, 0x2F, 0x00, 0x00, 0x00, 0x00, 0x00, 0x00, 0x1F, 0x40,
    0x00, 0x00, 0x00, 0x00, 0x00, 0x0F, 0xC0, 0x00, 0x00, 0x00, 0x00, 0x00, 0x07, 0xD0, 0x00, 0x00,
    0x00, 0x00, 0x00, 0x03, 0xE0, 0x00, 0x00, 0x00, 0x00, 0x00, 0x02, 0xF0, 0x00, 0x00, 0x00, 0x00,
    0x00, 0x00, 0xF8, 0x00, 0x00, 0x00, 0x00, 0x00, 0x00, 0xBC, 0x00, 0x00, 0x00, 0x00, 0x00, 0x00,
    0x7E, 0x00, 0x00, 0x00, 0x00, 0x00, 0x00, 0x3F, 0x00, 0x00, 0x00, 0x00, 0x00, 0x00, 0x1F, 0x47,
    0xF0, 0x00, 0x00, 0x00, 0x00, 0x0F, 0xC3, 0xFC, 0x00, 0x00, 0x00, 0x00, 0x0B, 0xD1, 0xFE, 0x00,
    0x00, 0x00, 0x00, 0x03, 0xF0, 0xFF, 0x80, 0x00, 0x00, 0x00, 0x02, 0xF4, 0x3F, 0xD0, 0x00, 0x00,
    0x00, 0x00, 0xFC, 0x00, 0x00, 0x00, 0x00, 0x00, 0x00, 0xFC, 0x00, 0x00, 0x00, 0x00, 0x00, 0x00,
    0x7E, 0x00, 0x00, 0x00, 0x00, 0x00, 0x00, 0x3F, 0x00, 0x00, 0x00, 0x00, 0x00, 0x00, 0x2F, 0x80,
    0x00, 0x00, 0x00, 0x00, 0x00, 0x0F, 0xC0, 0x00, 0x00, 0x00, 0x00, 0x00, 0x0B, 0xD0, 0x00, 0x00,
    0x00, 0x00, 0x00, 0x03, 0xF0, 0x00, 0x00, 0x00, 0x00, 0x00, 0x03, 0xF4, 0x00, 0x00, 0x00, 0x00,
    0x00, 0x01, 0xFC, 0x00, 0x00, 0x00, 0x00, 0x00, 0x00, 0xFD, 0x00, 0x00, 0x00, 0x00, 0x00, 0x00,
    0x7C, 0x00, 0x00, 0x00, 0x00, 0x00, 0x00, 0x34, 0x00, 0x00, 0x00, 0x00, 0x00, 0x00, 0x00, 0x00,
    0x00, 0x00, 0x00, 0x00, 0x00, 0x00, 0x00, 0x15, 0x00, 0x0D, 0x1C, 0x03, 0x40, 0xC0, 0x71, 0x0C,
    0x0E, 0x34, 0xC0, 0xD3, 0x2C, 0x1D, 0x03, 0x81, 0xD0, 0xB0, 0x1F, 0xBE, 0x00, 0xFF, 0xC0, 0x07,
    0xE0, 0x00, 0x00, 0x00, 0x00, 0x0D, 0x00, 0x3C, 0x00, 0xEC, 0x03, 0x9C, 0x0E, 0x38, 0x3C, 0x79,
    0x7F, 0xFE, 0x00, 0xF0, 0x00, 0xF0, 0x01, 0xE0, 0x00, 0x00, 0x00, 0x0F, 0xFE, 0x02, 0x80, 0x00,
    0x34, 0x00, 0x03, 0x00, 0x00, 0x7F, 0xD0, 0x01, 0x07, 0x40, 0x00, 0x38, 0x00, 0x07, 0x41, 0x96,
    0xF0, 0x3F, 0xFD, 0x02, 0xFE, 0x00, 0x00, 0x7F, 0xC0, 0xB4, 0x00, 0xA0, 0x00, 0x30, 0x00, 0x2E,
    0xFC, 0x0F, 0x43, 0x83, 0x80, 0xA1, 0xC0, 0x38, 0x74, 0x2C, 0x0F, 0xFD, 0x00, 0xB9, 0x00, 0x00,
    0x00, 0x7F, 0xFE, 0x00, 0x1C, 0x00, 0x3C, 0x00, 0x74, 0x00, 0xF0, 0x01, 0xE0, 0x03, 0xC0, 0x07,
    0x80, 0x0F, 0x40, 0x2F, 0x00, 0x3D, 0x00, 0x00, 0x00, 0x00, 0x1A, 0x40, 0x0E, 0x09, 0x02, 0x80,
    0xA0, 0x34, 0x0D, 0x02, 0xD7, 0x80, 0x0F, 0xE0, 0x0B, 0x47, 0x41, 0xC0, 0x3C, 0x2C, 0x03, 0x82,
    0xE6, 0xF0, 0x0B, 0xF8, 0x00, 0x00, 0xBD, 0x00, 0x74, 0x74, 0x0D, 0x03, 0x81, 0xC0, 0x38, 0x28,
    0x03, 0x82, 0xC0, 0xB4, 0x0F, 0xFF, 0x00, 0x15, 0xA0, 0x00, 0x1D, 0x07, 0xFF, 0x80, 0xBF, 0xD0,
    0x00, 0x00, 0x00, 0x01, 0x50, 0x00, 0x01, 0xE6, 0xFF, 0xE0, 0x00, 0x3F, 0xFF, 0xFF, 0x80, 0x03,
    0xFF, 0x41, 0xFC, 0x00, 0x7F, 0x80, 0x0B, 0xC0, 0x0F, 0xE0, 0x00, 0xBC, 0x00, 0xFC, 0x00, 0x0F,
    0xC0, 0x1F, 0xC0, 0x00, 0xFC, 0x03, 0xF4, 0x00, 0x1F, 0xC0, 0x3F, 0x40, 0x02, 0xF8, 0x07, 0xF0,
    0x00, 0x3F, 0x40, 0xFF, 0x00, 0x07, 0xF0, 0x0F, 0xE0, 0x00, 0xBF, 0x02, 0xFD, 0x00, 0x0F, 0xF0,
    0x3F, 0xC0, 0x00, 0xFE, 0x03, 0xFC, 0x00, 0x1F, 0xD0, 0xBF, 0x80, 0x03, 0xFD, 0x00, 0x00, 0x06,
    0xF8, 0x00, 0x03, 0x80, 0xA0, 0x00, 0xF0, 0x07, 0x00, 0x2C, 0x00, 0x70, 0x03, 0x83, 0x07, 0x40,
    0xB4, 0xB0, 0xB0, 0x0F, 0x0F, 0x0F, 0x00, 0xF0, 0xE1, 0xE0, 0x1F, 0x00, 0x3D, 0x02, 0xF0, 0x07,
    0xC0, 0x2F, 0x01, 0xF8, 0x02, 0xFE, 0xFF, 0x00, 0x1F, 0xFF, 0xD0, 0x00, 0xFF, 0xF8, 0x00, 0x02,
    0xF9, 0x00, 0x00, 0x00, 0x00, 0x00, 0x2E, 0x00, 0xED, 0x00, 0x1C, 0x00, 0x38, 0x00, 0x34, 0x00,
    0x70, 0x00, 0xB0, 0x00, 0xE0, 0x01, 0xD0, 0x2F, 0xFE, 0x3F, 0xFD, 0x00, 0x00, 0x00, 0x03, 0xFF,
    0x00, 0x18, 0x0F, 0x00, 0x00, 0x2C, 0x00, 0x00, 0xE0, 0x00, 0x0B, 0x40, 0x00, 0xB8, 0x00, 0x0F,
    0x80, 0x02, 0xF8, 0x00, 0x3F, 0x40, 0x02, 0xFF, 0xF0, 0x0F, 0xFF, 0xC0, 0x02, 0xFE, 0x00, 0x10,
    0x28, 0x00, 0x01, 0xC0, 0x00, 0x74, 0x03, 0xFD, 0x00, 0x01, 0xD0, 0x00, 0x0F, 0x00, 0x00, 0xE0,
    0x10, 0x6D, 0x07, 0xFF, 0x80, 0xBF, 0xD0, 0x00, 0x00, 0x02, 0x00, 0x03, 0xC0, 0x02, 0xE0, 0x02,
    0x34, 0x02, 0x1C, 0x02, 0x0B, 0x02, 0xFF, 0xD0, 0xAF, 0xFC, 0x00, 0x74, 0x00, 0x2D, 0x00, 0x0F,
    0x00, 0x00, 0x00, 0x00, 0xFF, 0xD0, 0x60, 0x00, 0x34, 0x00, 0x0C, 0x00, 0x07, 0xFD, 0x00, 0x01,
    0xD0, 0x00, 0x74, 0x10, 0x7C, 0x1F, 0xFD, 0x0B, 0xFD, 0x00, 0x00, 0x00, 0x00, 0x00, 0x00, 0x07,
    0xFC, 0x02, 0xD0, 0x00, 0x70, 0x00, 0x0D, 0x00, 0x01, 0xEF, 0xD0, 0x2E, 0x0B, 0x03, 0xC0, 0x70,
    0x34, 0x07, 0x03, 0x81, 0xE0, 0x2F, 0xFC, 0x00, 0xBD, 0x00, 0x00, 0x00, 0x7F, 0xFE, 0x00, 0x1D,
    0x00, 0x2C, 0x00, 0x74, 0x00, 0xF0, 0x01, 0xE0, 0x03, 0xC0, 0x07, 0xC0, 0x0F, 0x40, 0x2F, 0x00,
    0x3D, 0x00, 0x00, 0x2E, 0x90, 0x03, 0x80, 0xC0, 0x1C, 0x07, 0x00, 0x70, 0x74, 0x00, 0xBF, 0x40,
    0x0B, 0x5E, 0x00, 0xF0, 0x1C, 0x07, 0x40, 0xB0, 0x1E, 0x07, 0x80, 0x3F, 0xF8, 0x00, 0x15, 0x00,
    0x00, 0x00, 0xBE, 0x00, 0x34, 0x3C, 0x0E, 0x02, 0xC0, 0xC0, 0x2C, 0x1C, 0x03, 0xC0, 0xE5, 0xF8,
    0x07, 0xFF, 0x40, 0x00, 0x70, 0x00, 0x1E, 0x03, 0xFF, 0xC0, 0x7F, 0xE0, 0x00, 0x00, 0x00, 0x00,
    0x00, 0x00, 0x00, 0x00, 0x0F, 0x80, 0x00, 0x00, 0x0B, 0xC0, 0x00, 0x00, 0x07, 0xD0, 0x00, 0x00,
    0x07, 0xE0, 0x00, 0x00, 0x03, 0xF0, 0x00, 0x00, 0x02, 0xF0, 0x00, 0x00, 0x01, 0xF4, 0x00, 0x00,
    0x00, 0xF8, 0x00, 0x00, 0x00, 0xBC, 0x00, 0x00, 0x00, 0x7D, 0x00, 0x00, 0x00, 0x3F, 0x00, 0x00,
    0x00, 0x1F, 0x40, 0x00, 0x00, 0x0F, 0xC0, 0x00, 0x00, 0x07, 0xD0, 0x00, 0x00, 0x03, 0xF0, 0x00,
    0x00, 0x00, 0xF8, 0x00, 0x00, 0x00, 0xBC, 0x00, 0x00, 0x00, 0x3F, 0x00, 0x00, 0x00, 0x0F, 0x80,
    0x00, 0x00, 0x07, 0xD0, 0x00, 0x00, 0x02, 0xF0, 0x00, 0x00, 0x00, 0xFC, 0x00, 0x00, 0x00, 0x3E,
    0x00, 0x00, 0x00, 0x0F, 0x80, 0x00, 0x00, 0x07, 0xD0, 0x00, 0x00, 0x01, 0xF4, 0x00, 0x00, 0x00,
    0x7D, 0x00, 0x00, 0x00, 0x2F, 0x00, 0x00, 0x00, 0x0B, 0xC0, 0x00, 0x00, 0x02, 0xF4, 0x00, 0x00,
    0x00, 0xBD, 0x00, 0x00, 0x00, 0x1F, 0x40, 0x00, 0x00, 0x07, 0xD0, 0x00, 0x00, 0x01, 0xF8, 0x00,
    0x00, 0x00, 0x7F, 0x00, 0x00, 0x00, 0x0F, 0xC0, 0x00, 0x00, 0x03, 0xF0, 0x00, 0x00, 0x00, 0xFD,
    0x00, 0x00, 0x00, 0x2F, 0x80, 0x00, 0x00, 0x00, 0x00, 0x00, 0x00, 0x3E, 0x00, 0x00, 0x00, 0x1F,
    0x40, 0x00, 0x00, 0x0B, 0xC0, 0x00, 0x00, 0x03, 0xF0, 0x00, 0x00, 0x00, 0xF8, 0x00, 0x00, 0x00,
    0x7D, 0x00, 0x00, 0x00, 0x2F, 0x00, 0x00, 0x00, 0x0F, 0xC0, 0x00, 0x00, 0x07, 0xD0, 0x00, 0x00,
    0x03, 0xF0, 0x00, 0x00, 0x00, 0xF8, 0x00, 0x00, 0x00, 0xBC, 0x00, 0x00, 0x00, 0x3E, 0x00, 0x00,
    0x00, 0x2F, 0x00, 0x00, 0x00, 0x0F, 0x80, 0x00, 0x00, 0x0F, 0xC0, 0x00, 0x00, 0x0B, 0xD0, 0x00,
    0x00, 0x03, 0xE0, 0x00, 0x00, 0x03, 0xF0, 0x00, 0x00, 0x02, 0xF0, 0x00, 0x00, 0x01, 0xF4, 0x00,
    0x00, 0x00, 0xF8, 0x00, 0x00, 0x00, 0xFC, 0x00, 0x00, 0x00, 0xFC, 0x00, 0x00, 0x00, 0xBC, 0x00,
    0x00, 0x00, 0xBC, 0x00, 0x00, 0x00, 0xBC, 0x00, 0x00, 0x00, 0xBD, 0x00, 0x00, 0x00, 0xBD, 0x00,
    0x00, 0x00, 0xBD, 0x00, 0x00, 0x00, 0xBD, 0x00, 0x00, 0x00, 0xBC, 0x00, 0x00, 0x00, 0xFC, 0x00,
    0x00, 0x00, 0xFC, 0x00, 0x00, 0x00, 0xFC, 0x00, 0x00, 0x01, 0xFC, 0x00, 0x00, 0x01, 0xFC, 0x00,
    0x00, 0x02, 0xF8, 0x00, 0x00, 0x03, 0xF4, 0x00, 0x00, 0x00, 0x00, 0x01, 0xA0, 0x29, 0x00, 0x00,
    0x00, 0x00, 0x03, 0xD0, 0x7D, 0x00, 0x00, 0x00, 0x00, 0x0B, 0xC0, 0xF8, 0x00, 0x00, 0x00, 0x00,
    0x0F, 0x41, 0xF0, 0x00, 0x00, 0x00, 0x00, 0x2F, 0x03, 0xE0, 0x00, 0x00, 0x00, 0x00, 0x3D, 0x07,
    0xC0, 0x00, 0x00, 0x00, 0x00, 0xFF, 0xFF, 0xD0, 0x00, 0x00, 0x00, 0x07, 0xFF, 0xFF, 0xE0, 0x00,
    0x00, 0x00, 0x7F, 0xFF, 0xFF, 0xC0, 0x00, 0x00, 0x02, 0xFF, 0xE4, 0xBE, 0x80, 0x00, 0x00, 0x0F,
    0xFF, 0x80, 0xF4, 0x00, 0x00, 0x00, 0x3F, 0xFF, 0x02, 0xF0, 0x00, 0x00, 0x00, 0xFF, 0xFE, 0x03,
    0xD0, 0x00, 0x00, 0x02, 0xFE, 0xBC, 0x0B, 0xC0, 0x00, 0x00, 0x07, 0xFC, 0xF4, 0x0F, 0x40, 0x00,
    0x00, 0x0F, 0xF2, 0xF0, 0x3F, 0x00, 0x00, 0x00, 0x1F, 0xE3, 0xD0, 0x7C, 0x00, 0x00, 0x00, 0x3F,
    0xCB, 0xC0, 0xF8, 0x00, 0x00, 0x00, 0x3F, 0x8F, 0x41, 0xF0, 0x00, 0x00, 0x00, 0xBF, 0x7F, 0x03,
    0xE0, 0x00, 0x00, 0x00, 0xFF, 0xBD, 0x07, 0xC0, 0x00, 0x00, 0x00, 0xFF, 0xF8, 0x0F, 0x80, 0x00,
    0x00, 0x01, 0xFF, 0xF0, 0x2F, 0x00, 0x00, 0x00, 0x01, 0xFF, 0xF0, 0x3D, 0x00, 0x40, 0x00, 0x01,
    0xFF, 0xFE, 0xFD, 0x6F, 0xC0, 0x00, 0x01, 0xFF, 0xFF, 0xFF, 0xFF, 0x80, 0x00, 0x00, 0xFF, 0xFF,
    0xFF, 0xFF, 0x40, 0x00, 0x00, 0xBF, 0xFF, 0xFF, 0xFF, 0x00, 0x00, 0x00, 0xBF, 0xFF, 0xFF, 0xFF,
    0x00, 0x00, 0x00, 0xFF, 0xFF, 0xFF, 0xFE, 0x00, 0x00, 0x02, 0xF2, 0xFF, 0xFF, 0xE4, 0x00, 0x00,
    0x03, 0xD0, 0x7C, 0x00, 0x00, 0x00, 0x00, 0x0B, 0xC0, 0xF8, 0x00, 0x00, 0x00, 0x00, 0x0F, 0x41,
    0xF0, 0x00, 0x00, 0x00, 0x00, 0x2F, 0x03, 0xE0, 0x00, 0x00, 0x00, 0x00, 0x7D, 0x07, 0xC0, 0x00,
    0x00, 0x00, 0x00, 0xB8, 0x0B, 0x80, 0x00, 0x00, 0x00, 0x00, 0x00, 0x00, 0x00, 0x00, 0x00, 0x00,
    0x00, 0x00, 0x00, 0x00, 0x1B, 0xFF, 0x90, 0x00, 0x00, 0x01, 0xFF, 0xFF, 0xF8, 0x00, 0x00, 0x07,
    0xFF, 0xFF, 0xFC, 0x00, 0x00, 0x0B, 0xFF, 0x95, 0x5A, 0x00, 0x00, 0x0F, 0xFE, 0x00, 0x00, 0x00,
    0x00, 0x0F, 0xFD, 0x00, 0x00, 0x00, 0x00, 0x0F, 0xFC, 0x00, 0x00, 0x00, 0x00, 0x0B, 0xFC, 0x00,
    0x00, 0x00, 0x00, 0x03, 0xFC, 0x00, 0x00, 0x00, 0x00, 0x03, 0xFD, 0x00, 0x00, 0x00, 0x00, 0x01,
    0xFE, 0x00, 0x00, 0x00, 0x00, 0x00, 0xFF, 0x00, 0x01, 0x41, 0x40, 0x00, 0x3F, 0x80, 0x00, 0xFB,
    0xF4, 0x00, 0x2F, 0xD0, 0x00, 0x7F, 0xFC, 0x00, 0x0F, 0xF4, 0x00, 0x3F, 0x80, 0x00, 0x03, 0xFD,
    0x00, 0x0F, 0x80, 0x00, 0x01, 0xFF, 0xC0, 0x07, 0xC0, 0x00, 0x00, 0x7F, 0xFC, 0x03, 0xF0, 0x10,
    0x00, 0x1F, 0xFF, 0xF9, 0xFE, 0xFC, 0x00, 0x07, 0xFF, 0xFF, 0xFF, 0xFE, 0x00, 0x00, 0xFF, 0xFF,
    0xFF, 0xFF, 0x40, 0x00, 0x3F, 0xFF, 0xFF, 0xFF, 0xC0, 0x00, 0x03, 0xFF, 0xFF, 0xFF, 0xF0, 0x00,
    0x00, 0x7F, 0xFF, 0xFF, 0xF8, 0x00, 0x00, 0x02, 0xFF, 0xFF, 0xE8, 0x00, 0x00, 0x00, 0x00, 0x00,
    0x00, 0x00, 0x00, 0x00, 0x00, 0x00, 0x00, 0x00, 0x00, 0x00, 0x00, 0x00, 0x15, 0x40, 0x00, 0x00,
    0x00, 0x1F, 0xFF, 0xE0, 0x00, 0x00, 0x07, 0xFF, 0xFF, 0xF0, 0x00, 0x00, 0xBF, 0xE4, 0x07, 0xE0,
    0x00, 0x03, 0xF8, 0x00, 0x02, 0x00, 0x00, 0x0F, 0x80, 0x00, 0x00, 0x00, 0x00, 0x7C, 0x00, 0x00,
    0x00, 0x00, 0x01, 0xF0, 0x00, 0x00, 0x00, 0x00, 0x07, 0xC0, 0x00, 0x00, 0x00, 0x00, 0xFF, 0xFF,
    0xFF, 0x80, 0x00, 0x07, 0xFF, 0xFF, 0xFD, 0x00, 0x00, 0x2F, 0xFF, 0xFF, 0xF0, 0x00, 0x00, 0x03,
    0xD0, 0x00, 0x00, 0x00, 0x00, 0x0F, 0x40, 0x00, 0x00, 0x00, 0x0A, 0xBF, 0xAA, 0xA8, 0x00, 0x00,
    0x7F, 0xFF, 0xFF, 0xE0, 0x00, 0x02, 0xFF, 0xFF, 0xFF, 0x00, 0x00, 0x00, 0x1F, 0xC0, 0x00, 0x00,
    0x00, 0x00, 0xBE, 0x00, 0x00, 0x00, 0x00, 0x07, 0xF4, 0x00, 0x00, 0x00, 0x00, 0xBF, 0x80, 0x00,
    0x00, 0x00, 0x2F, 0xF8, 0x00, 0x00, 0x00, 0x0F, 0xFE, 0x40, 0x00, 0x00, 0x00, 0x3F, 0xFF, 0xFF,
    0xE9, 0x00, 0x01, 0xFF, 0xFF, 0xFF, 0xFF, 0x00, 0x0B, 0xFF, 0xFF, 0xFF, 0xFE, 0x00, 0x00, 0x00,
    0x00, 0x00, 0x00, 0x00, 0x00, 0x7F, 0x00, 0x00, 0x02, 0xFE, 0x00, 0x00, 0x0F, 0xF0, 0x00, 0x00,
    0x3F, 0xF0, 0x00, 0x00, 0xFE, 0x00, 0x00, 0x03, 0xFF, 0x00, 0x00, 0x2F, 0xC0, 0x00, 0x00, 0xBF,
    0xF4, 0x00, 0x03, 0xFC, 0x00, 0x00, 0x0F, 0xFF, 0x80, 0x00, 0x3F, 0x80, 0x00, 0x01, 0xFF, 0xFC,
    0x00, 0x0B, 0xF0, 0x00, 0x00, 0x2F, 0xFF, 0xC0, 0x00, 0xFF, 0x00, 0x00, 0x03, 0xFF, 0xFC, 0x00,
    0x1F, 0xE0, 0x00, 0x00, 0x7F, 0xAF, 0xD0, 0x02, 0xFD, 0x00, 0x00, 0x0B, 0xF5, 0xFE, 0x00, 0x3F,
    0xC0, 0x00, 0x00, 0xFF, 0x0F, 0xF0, 0x07, 0xF8, 0x00, 0x00, 0x1F, 0xF0, 0xFF, 0x00, 0xBF, 0x40,
    0x00, 0xFF, 0xFF, 0xFF, 0xFF, 0xFF, 0xFF, 0xF8, 0x2F, 0xFF, 0xFF, 0xFF, 0xFF, 0xFF, 0xFF, 0x02,
    0xAF, 0xFE, 0xAB, 0xFE, 0xBF, 0xEA, 0x90, 0x00, 0xFF, 0xC0, 0x3F, 0xC3, 0xFC, 0x00, 0x00, 0x0F,
    0xF8, 0x03, 0xFC, 0x7F, 0x80, 0x00, 0x01, 0xFF, 0x40, 0x3F, 0xCF, 0xF4, 0x00, 0x00, 0x3F, 0xF0,
    0x02, 0xFE, 0xFF, 0x00, 0x00, 0x03, 0xFF, 0x00, 0x1F, 0xFF, 0xF0, 0x00, 0x00, 0x7F, 0xE0, 0x00,
    0xFF, 0xFD, 0x00, 0x00, 0x0F, 0xFD, 0x00, 0x0F, 0xFF, 0xC0, 0x00, 0x00, 0xFF, 0xC0, 0x00, 0xBF,
    0xFC, 0x00, 0x00, 0x2F, 0xFC, 0x00, 0x0B, 0xFF, 0x40, 0x00, 0x00, 0x00, 0x00, 0xFF, 0xFF, 0xE4,
    0x00, 0x00, 0x00, 0x3F, 0xFF, 0xFF, 0xC0, 0x00, 0x00, 0x1F, 0xEA, 0xFF, 0xFC, 0x00, 0x00, 0x0B,
    0xD0, 0x00, 0xBF, 0x40, 0x00, 0x03, 0xF0, 0x00, 0x0B, 0xE0, 0x00, 0x01, 0xFC, 0x00, 0x01, 0xF8,
    0x00, 0xBF, 0xFF, 0xFF, 0xFF, 0xFF, 0xE0, 0x7F, 0xFF, 0xFF, 0xFF, 0xFF, 0xF0, 0x00, 0x1F, 0xC0,
    0x00, 0x2F, 0xC0, 0x00, 0x0B, 0xF0, 0x00, 0x7F, 0xD0, 0x00, 0x03, 0xFF, 0xFF, 0xFF, 0xE0, 0x00,
    0x00, 0xFF, 0xFF, 0xFF, 0xE0, 0x00, 0x00, 0xBF, 0xFF, 0xFF, 0x90, 0x00, 0x00, 0x3F, 0xFA, 0xA5,
    0x00, 0x00, 0x00, 0x0F, 0xE0, 0x00, 0x00, 0x00, 0x00, 0x0B, 0xF4, 0x00, 0x00, 0x00, 0x00, 0x03,
    0xFD, 0x00, 0x00, 0x00, 0x00, 0x00, 0xFF, 0x00, 0x00, 0x00, 0x00, 0x00, 0xBF, 0xC0, 0x00, 0x00,
    0x00, 0x00, 0x3F, 0xE0, 0x00, 0x00, 0x00, 0x00, 0x0F, 0xF4, 0x00, 0x00, 0x00, 0x00, 0x0B, 0xFC,
    0x00, 0x00, 0x00, 0x00, 0x03, 0xFF, 0x00, 0x00, 0x00, 0x00, 0x00, 0xFF, 0xC0, 0x00, 0x00, 0x00,
    0x00, 0xBF, 0xE0, 0x00, 0x00, 0x00, 0x00, 0x00, 0x00, 0x03, 0xFF, 0xE0, 0x00, 0x00, 0x00, 0x00,
    0x00, 0x01, 0xFF, 0xFF, 0x40, 0x00, 0x00, 0x00, 0x00, 0x00, 0xBA, 0xAF, 0xF0, 0x00, 0x00, 0x00,
    0x00, 0x00, 0x3C, 0x00, 0x7D, 0x00, 0x00, 0x00, 0x00, 0x00, 0x0E, 0x00, 0x0F, 0x40, 0x00, 0x00,
    0x00, 0x00, 0x07, 0x40, 0x03, 0xD0, 0x00, 0x00, 0x00, 0x00, 0x02, 0xC0, 0x00, 0xF4, 0x00, 0x00,
    0x00, 0x00, 0x00, 0xF0, 0x00, 0xBC, 0x00, 0x00, 0x00, 0x00, 0x00, 0x7C, 0x00, 0xBF, 0x00, 0x00,
    0x0B, 0xF9, 0x00, 0x2E, 0x56, 0xFF, 0x40, 0x00, 0x1F, 0xFF, 0x80, 0x0F, 0xFF, 0xFF, 0x80, 0x00,
    0x0F, 0x91, 0x40, 0x03, 0xFF, 0xFF, 0x40, 0x00, 0x0B, 0x00, 0x00, 0x01, 0xFF, 0xFF, 0x80, 0x00,
    0x03, 0xC0, 0x00, 0x00, 0xBF, 0xFF, 0xF8, 0x00, 0x00, 0xF4, 0x00, 0x00, 0x3F, 0x90, 0x7F, 0x00,
    0x00, 0x3F, 0x90, 0x00, 0x0F, 0xC0, 0x0B, 0xC0, 0x00, 0x07, 0xFF, 0x40, 0x07, 0xF0, 0x02, 0xF0,
    0x00, 0x00, 0x2F, 0xF4, 0x02, 0xFC, 0x00, 0xFD, 0x00, 0x00, 0x00, 0x7F, 0x00, 0xFE, 0x00, 0x3F,
    0x40, 0x00, 0x00, 0x0F, 0xC0, 0x3F, 0x40, 0x1F, 0xD0, 0x00, 0x29, 0x07, 0xF0, 0x1F, 0xD0, 0x0B,
    0xF4, 0x00, 0x1F, 0xFF, 0xF8, 0x0F, 0xF0, 0x03, 0xFD, 0x00, 0x1F, 0xFF, 0xFC, 0x03, 0xFC, 0x00,
    0xFF, 0x40, 0x0B, 0xFF, 0xFD, 0x01, 0xFE, 0x00, 0x7F, 0xD0, 0x00, 0x7F, 0xF9, 0x00, 0x00, 0x3C,
    0x00, 0x00, 0x00, 0x3C, 0x00, 0x3C, 0x00, 0x00, 0x00, 0xBC, 0x00, 0x3C, 0x00, 0x00, 0x00, 0xF4,
    0x00, 0x3C, 0x00, 0x00, 0x00, 0xF0, 0x00, 0x3C, 0x00, 0x00, 0x02, 0xF0, 0x00, 0x7C, 0x00, 0x00,
    0x03, 0xE0, 0x00, 0x7C, 0x00, 0x50, 0x03, 0xC0, 0x00, 0x7C, 0x01, 0xF0, 0x0B, 0xC0, 0x0F, 0xFF,
    0xFF, 0xFF, 0xFF, 0xFC, 0x1F, 0xFF, 0xFF, 0xFF, 0xFF, 0xF8, 0x2F, 0xFF, 0xFF, 0xFF, 0xFF, 0xF0,
    0x00, 0x7C, 0x1F, 0xF4, 0x3E, 0x00, 0x00, 0xBC, 0x3F, 0xF8, 0x3D, 0x00, 0x00, 0xBC, 0x7E, 0xF8,
    0xBC, 0x00, 0x00, 0xBC, 0xFC, 0xFC, 0xF8, 0x00, 0x00, 0xBD, 0xF8, 0xFC, 0xF4, 0x00, 0x00, 0xBF,
    0xF4, 0xBE, 0xF0, 0x00, 0x00, 0xBF, 0xF0, 0xBF, 0xE0, 0x00, 0x00, 0xBF, 0xD0, 0xBF, 0xD0, 0x00,
    0x00, 0xBF, 0xC0, 0xBF, 0xC0, 0x00, 0x00, 0xFF, 0x80, 0x7F, 0xC0, 0x00, 0x00, 0xFF, 0x00, 0x7F,
    0x40, 0x00, 0x00, 0xFF, 0x00, 0x7F, 0x00, 0x00, 0x00, 0xFD, 0x00, 0x7F, 0x00, 0x00, 0x00, 0x00,
    0x00, 0x00, 0x00, 0x00, 0x00, 0x00, 0xBE, 0x95, 0x00, 0x00, 0x00, 0x00, 0x03, 0xFF, 0xFF, 0xE0,
    0x00, 0x00, 0x00, 0x0F, 0xFF, 0xFF, 0xF4, 0x00, 0x3F, 0x00, 0xBF, 0xD0, 0x6F, 0xF0, 0x00, 0xF8,
    0x03, 0xF8, 0x00, 0x0B, 0xD0, 0x07, 0xD0, 0x0F, 0xC0, 0x00, 0x0F, 0x80, 0x2F, 0x00, 0x7E, 0x00,
    0x00, 0x3E, 0x00, 0xF8, 0x02, 0xF4, 0x00, 0x00, 0xF4, 0x07, 0xD0, 0x0F, 0xC0, 0x24, 0x03, 0xD0,
    0x2F, 0x00, 0x3E, 0x01, 0xF0, 0x1F, 0x00, 0xFC, 0x01, 0xF4, 0x0B, 0xC0, 0xBC, 0x03, 0xE0, 0x0B,
    0xC0, 0x3E, 0x03, 0xE0, 0x1F, 0x40, 0x3F, 0x00, 0xF4, 0x0F, 0x40, 0xBC, 0x00, 0xF8, 0x07, 0xC0,
    0x18, 0x03, 0xF0, 0x07, 0xD0, 0x1F, 0x00, 0x00, 0x1F, 0x80, 0x2F, 0x00, 0xBC, 0x00, 0x00, 0xBD,
    0x00, 0xF8, 0x02, 0xF0, 0x00, 0x03, 0xF0, 0x07, 0xD0, 0x07, 0xE0, 0x00, 0x2F, 0xC0, 0x2F, 0x00,
    0x0F, 0xF9, 0x07, 0xFE, 0x00, 0xFC, 0x00, 0x1F, 0xFF, 0xFF, 0xF0, 0x00, 0x00, 0x00, 0x0B, 0xFF,
    0xFF, 0xC0, 0x00, 0x00, 0x00, 0x00, 0x56, 0xBE, 0x00, 0x00, 0x00, 0x00, 0x00, 0x00, 0x00, 0x00,
    0x00, 0x00, 0x00, 0x0F, 0x00, 0x00, 0x00, 0x00, 0x01, 0xF0, 0x00, 0x00, 0x00, 0x15, 0x6E, 0x54,
    0x00, 0x00, 0x03, 0xFF, 0xFF, 0xC0, 0x00, 0x00, 0x7F, 0xFF, 0xFC, 0x00, 0x00, 0x00, 0x0B, 0x80,
    0x00, 0x00, 0x0B, 0xE0, 0xF4, 0x00, 0x00, 0x0B, 0xFF, 0xDF, 0x00, 0x00, 0x03, 0xFA, 0xBF, 0xE0,
    0x00, 0x00, 0xB8, 0x02, 0xFD, 0x00, 0x00, 0x2E, 0x00, 0x1F, 0xC0, 0x00, 0x03, 0xC0, 0x01, 0xF8,
    0x00, 0x00, 0xB8, 0x00, 0x2F, 0x40, 0x00, 0x0F, 0x40, 0x03, 0xF0, 0x00, 0x00, 0xFC, 0x01, 0xFE,
    0x00, 0x00, 0x0F, 0xFF, 0xFF, 0xE0, 0x00, 0x00, 0xBF, 0xFF, 0xFD, 0x00, 0x00, 0x03, 0xFF, 0xFB,
    0xC0, 0x00, 0x00, 0x0B, 0xF9, 0x28, 0x00, 0x00, 0x05, 0x55, 0x55, 0x55, 0x00, 0x02, 0xFF, 0xFF,
    0xFF, 0xF0, 0x00, 0x3F, 0xFF, 0xFF, 0xFF, 0x00, 0x00, 0x00, 0x00, 0x00, 0x00, 0x00, 0x00, 0x00,
    0x00, 0x01, 0xAA, 0x40, 0x00, 0x00, 0x02, 0xFF, 0xFF, 0xC0, 0x00, 0x01, 0xFF, 0xFF, 0xF8, 0x00,
    0x00, 0x3F, 0xE4, 0x05, 0x40, 0x00, 0x0B, 0xF4, 0x00, 0x00, 0x00, 0x00, 0xFD, 0x00, 0x00, 0x00,
    0x00, 0x2F, 0x80, 0x00, 0x00, 0x00, 0x03, 0xF0, 0x14, 0x00, 0x00, 0x3F, 0xFF, 0xFF, 0xC0, 0x00,
    0x0B, 0xFF, 0xFF, 0xFC, 0x00, 0x00, 0x00, 0xFC, 0x00, 0x00, 0x00, 0x00, 0x0F, 0x80, 0x00, 0x00,
    0x00, 0x01, 0xFF, 0xFC, 0x00, 0x00, 0x2F, 0xFF, 0xFF, 0xD0, 0x00, 0x07, 0xFF, 0xF5, 0x00, 0x00,
    0x00, 0x00, 0x3F, 0x00, 0x00, 0x00, 0x00, 0x07, 0xF0, 0x00, 0x00, 0x00, 0x00, 0x7F, 0x00, 0x00,
    0x00, 0x00, 0x0B, 0xF4, 0x00, 0x00, 0x00, 0x00, 0xBF, 0xD0, 0x00, 0x00, 0x00, 0x07, 0xFF, 0xFF,
    0xE0, 0x00, 0x00, 0x3F, 0xFF, 0xFE, 0x00, 0x00, 0x01, 0xFF, 0xFF, 0xD0, 0x00, 0x00, 0x01, 0xBF,
    0xFC, 0x00, 0x00, 0x00, 0x00, 0x00, 0x00, 0x00, 0x0F, 0xFF, 0xFF, 0xFF, 0xFF, 0xF0, 0x7F, 0xFF,
    0xFF, 0xFF, 0xFF, 0xC2, 0xFF, 0xFF, 0xFF, 0xFF, 0xFE, 0x0A, 0x95, 0x0B, 0xF0, 0x01, 0x50, 0x00,
    0x00, 0x3F, 0x80, 0x00, 0x00, 0x00, 0x00, 0xFD, 0x00, 0x00, 0x00, 0x00, 0x07, 0xF0, 0x10, 0x00,
    0x00, 0x00, 0x2F, 0xDB, 0xC0, 0x00, 0x00, 0x00, 0xFF, 0xFE, 0x00, 0x00, 0x00, 0x0B, 0xFF, 0x90,
    0x00, 0x00, 0x0B, 0xFF, 0xD0, 0x00, 0x00, 0x00, 0xBF, 0xFF, 0x00, 0x00, 0x00, 0x03, 0xE7, 0xF8,
    0x64, 0x00, 0x00, 0x04, 0x2F, 0xFF, 0xC0, 0x00, 0x00, 0x00, 0xFF, 0xFE, 0x00, 0x00, 0x00, 0x2F,
    0xFF, 0x40, 0x00, 0x00, 0x0F, 0xFF, 0xE0, 0x00, 0x00, 0x00, 0x3F, 0xFF, 0x80, 0x00, 0x00, 0x01,
    0x93, 0xFD, 0x00, 0x00, 0x00, 0x00, 0x1F, 0xF0, 0x00, 0x00, 0x00, 0x00, 0xBF, 0xC0, 0x00, 0x00,
    0x00, 0x03, 0xFE, 0x00, 0x00, 0x00, 0x00, 0x1F, 0xF4, 0x00, 0x00, 0x00, 0x00, 0xBF, 0xC0, 0x00,
    0x00, 0x00, 0x03, 0xFF, 0x00, 0x00, 0x00, 0x00, 0x00, 0x00, 0xFF, 0xFF, 0xE4, 0x00, 0x00, 0x00,
    0x00, 0xFF, 0xFF, 0xFF, 0x00, 0x00, 0x00, 0x01, 0xFE, 0xAF, 0xFF, 0xC0, 0x00, 0x00, 0x03, 0xF4,
    0x00, 0x1F, 0xD0, 0x00, 0x00, 0x03, 0xF0, 0x00, 0x07, 0xE0, 0x00, 0x07, 0xFF, 0xFF, 0xFF, 0xFF,
    0xFF, 0xFD, 0x00, 0x0F, 0xE0, 0x00, 0x0B, 0xE0, 0x00, 0x00, 0x0F, 0xD0, 0x00, 0x0F, 0xD0, 0x00,
    0x0F, 0xFF, 0xFF, 0xFF, 0xFF, 0xFF, 0xF4, 0x00, 0x2F, 0xC0, 0x01, 0xFF, 0x40, 0x00, 0x00, 0x3F,
    0xFF, 0xFF, 0xFE, 0x00, 0x00, 0x00, 0x7F, 0xFF, 0xFF, 0xF8, 0x00, 0x00, 0x00, 0xBF, 0xFF, 0xFF,
    0x90, 0x00, 0x00, 0x00, 0xFF, 0xEA, 0x94, 0x00, 0x00, 0x00, 0x01, 0xFE, 0x00, 0x00, 0x00, 0x00,
    0x00, 0x02, 0xFD, 0x00, 0x00, 0x00, 0x00, 0x00, 0x03, 0xFD, 0x00, 0x00, 0x00, 0x00, 0x00, 0x03,
    0xFC, 0x00, 0x00, 0x00, 0x00, 0x00, 0x0B, 0xFC, 0x00, 0x00, 0x00, 0x00, 0x00, 0x0F, 0xF8, 0x00,
    0x00, 0x00, 0x00, 0x00, 0x0F, 0xF4, 0x00, 0x00, 0x00, 0x00, 0x00, 0x2F, 0xF0, 0x00, 0x00, 0x00,
    0x00, 0x00, 0x3F, 0xF0, 0x00, 0x00, 0x00, 0x00, 0x00, 0x3F, 0xF0, 0x00, 0x00, 0x00, 0x00, 0x00,
    0xBF, 0xE0, 0x00, 0x00, 0x00, 0x00, 0x00, 0x00, 0x00, 0x00, 0x00, 0x3C, 0x00, 0x00, 0x00, 0x00,
    0x00, 0x0F, 0x00, 0x00, 0x00, 0x00, 0x00, 0x07, 0x80, 0x00, 0x00, 0x00, 0x00, 0x02, 0xD0, 0x00,
    0x00, 0x00, 0x00, 0x00, 0xF0, 0x00, 0x00, 0x00, 0x00, 0x16, 0xFF, 0xFE, 0x40, 0x00, 0x01, 0xFF,
    0xFF, 0xFF, 0xF0, 0x00, 0x02, 0xFF, 0xFF, 0xEA, 0xFC, 0x00, 0x03, 0xFF, 0xD2, 0xD0, 0x01, 0x00,
    0x03, 0xFF, 0x40, 0xF0, 0x00, 0x00, 0x02, 0xFF, 0x00, 0x3C, 0x00, 0x00, 0x01, 0xFF, 0x40, 0x1E,
    0x00, 0x00, 0x00, 0xBF, 0x80, 0x0B, 0x40, 0x00, 0x00, 0x3F, 0xC0, 0x03, 0xC0, 0x00, 0x00, 0x2F,
    0xE0, 0x00, 0xF0, 0x00, 0x00, 0x0F, 0xF4, 0x00, 0x7C, 0x00, 0x00, 0x03, 0xFC, 0x00, 0x2E, 0x00,
    0x00, 0x01, 0xFE, 0x00, 0x0B, 0xE5, 0x00, 0x00, 0xBF, 0x40, 0x03, 0xFF, 0xFF, 0xE0, 0x3F, 0xD0,
    0x00, 0xFF, 0xFF, 0xFC, 0x0F, 0xF0, 0x00, 0x78, 0x1B, 0xFF, 0x03, 0xFC, 0x00, 0x2D, 0x00, 0xF9,
    0x40, 0xFF, 0x40, 0x0F, 0x00, 0xBD, 0x00, 0x3F, 0xF0, 0x03, 0xC0, 0x3F, 0x40, 0x0F, 0xFF, 0xA5,
    0xF6, 0xFF, 0xC0, 0x03, 0xFF, 0xFF, 0xFF, 0xFF, 0xF0, 0x00, 0xBF, 0xFF, 0xFF, 0xFF, 0xF8, 0x00,
    0x0F, 0xFF, 0xFF, 0xFF, 0xFE, 0x00, 0x00, 0xBF, 0xFF, 0xFF, 0xFD, 0x00, 0x00, 0x01, 0xBF, 0xFE,
    0x90, 0x00, 0x00, 0x00, 0x00, 0xB4, 0x00, 0x00, 0x00, 0x00, 0x00, 0x3C, 0x00, 0x00, 0x00, 0x00,
    0x00, 0x0F, 0x00, 0x00, 0x00, 0x00, 0x00, 0x02, 0x80, 0x00, 0x00, 0x00, 0x00, 0x00, 0x00, 0x55,
    0x94, 0x00, 0x00, 0x00, 0x00, 0x00, 0x0F, 0xFF, 0xFF, 0xE0, 0x00, 0x00, 0x00, 0x00, 0x0F, 0xFF,
    0xFF, 0xF8, 0x00, 0x00, 0x00, 0x00, 0x0F, 0xFF, 0xFF, 0xFD, 0x00, 0x00, 0x00, 0x00, 0x04, 0x00,
    0x1F, 0xFE, 0x00, 0x00, 0x00, 0x00, 0x00, 0x00, 0x01, 0xFF, 0x00, 0x00, 0x00, 0x00, 0x00, 0x00,
    0x00, 0xFF, 0x00, 0x00, 0x00, 0x00, 0x00, 0x00, 0x00, 0xFE, 0x00, 0x00, 0x00, 0x00, 0x00, 0x00,
    0x00, 0xFD, 0x00, 0x00, 0x00, 0x00, 0x00, 0x00, 0x02, 0xFC, 0x00, 0x00, 0x00, 0x0F, 0xFF, 0xFF,
    0xFF, 0xFF, 0xFF, 0xFC, 0x00, 0x2F, 0xFF, 0xFF, 0xFF, 0xFF, 0xFF, 0xF4, 0x00, 0x3F, 0xFF, 0xFF,
    0xFF, 0xFF, 0xFF, 0xF0, 0x00, 0x00, 0x00, 0x00, 0x00, 0x00, 0x00, 0x00, 0x00, 0x00, 0x00, 0x00,
    0x00, 0x00, 0x00, 0x00, 0x02, 0xFF, 0xFF, 0xFF, 0xFF, 0xFF, 0xFF, 0xE0, 0x0B, 0xFF, 0xFF, 0xFF,
    0xFF, 0xFF, 0xFF, 0xC0, 0x0F, 0xFF, 0xFF, 0xFF, 0xFF, 0xFF, 0xFF, 0x40, 0x2F, 0xFF, 0x00, 0x00,
    0x00, 0x00, 0x00, 0x00, 0x2F, 0xFF, 0x00, 0x00, 0x05, 0x00, 0x00, 0x00, 0x2F, 0xFF, 0xEA, 0xAF,
    0xFF, 0x00, 0x00, 0x00, 0x2F, 0xFF, 0xFF, 0xFF, 0xFF, 0x40, 0x00, 0x00, 0x0F, 0xFF, 0xFF, 0xFF,
    0xFF, 0xC0, 0x00, 0x00, 0x07, 0xFF, 0xFF, 0xFF, 0xFF, 0xC0, 0x00, 0x00, 0x00, 0xBF, 0xFF, 0xFF,
    0xFF, 0xD0, 0x00, 0x00, 0x00, 0x06, 0xFF, 0xFF, 0xF9, 0x00, 0x00, 0x00, 0x00, 0x00, 0x00, 0x00,
    0x00, 0x00, 0x00, 0x00, 0x00, 0x00, 0x00, 0x00, 0x00, 0x00, 0x1E, 0x00, 0x00, 0x00, 0xB4, 0x00,
    0x00, 0x03, 0xC0, 0x00, 0x00, 0x1F, 0x00, 0x00, 0x1F, 0xFF, 0xC0, 0x03, 0xFF, 0xFF, 0x00, 0x3F,
    0xFF, 0x54, 0x02, 0xFD, 0x78, 0x00, 0x1F, 0xD2, 0xD0, 0x00, 0xBE, 0x0F, 0x00, 0x03, 0xF0, 0x3C,
    0x00, 0x1F, 0x81, 0xE0, 0x00, 0xBD, 0x0B, 0x40, 0x03, 0xF4, 0x3C, 0x00, 0x0F, 0xD0, 0xE0, 0x00,
    0x3F, 0xCB, 0x40, 0x00, 0xBF, 0xFE, 0xA0, 0x01, 0xFF, 0xFF, 0xD0, 0x02, 0xFF, 0xFF, 0xC0, 0x00,
    0xBF, 0xFD, 0x00, 0x00, 0xF0, 0x00, 0x00, 0x01, 0x00, 0x00, 0x00, 0x00, 0x1A, 0xAA, 0xAA, 0xAA,
    0xAA, 0x80, 0x0B, 0xFF, 0xFF, 0xFF, 0xFF, 0xF8, 0x00, 0x00, 0x00, 0x00, 0x00, 0x00, 0x00, 0x00,
    0x00, 0x00, 0x00, 0x00, 0x00, 0x00, 0x00, 0x00, 0x00, 0x00, 0x00, 0x00, 0xAA, 0xAA, 0xAA, 0xAA,
    0xAA, 0x00, 0x1F, 0xFF, 0xFF, 0xFF, 0xFF, 0xF0, 0x03, 0xFF, 0xFF, 0xFF, 0xFF, 0xFE, 0x00, 0x00,
    0x00, 0x2F, 0x80, 0x00, 0x00, 0x00, 0x00, 0x03, 0xF4, 0x00, 0x00, 0x00, 0x00, 0x00, 0x7F, 0x00,
    0x00, 0x00, 0x00, 0x00, 0x0B, 0xF0, 0x00, 0x00, 0x00, 0x00, 0x00, 0xFE, 0x00, 0x00, 0x00, 0x00,
    0x00, 0x1F, 0xD0, 0x00, 0x00, 0x00, 0x00, 0x03, 0xFC, 0x00, 0x00, 0x00, 0x00, 0x00, 0x3F, 0x80,
    0x00, 0x00, 0x00, 0x00, 0x0B, 0xF4, 0x00, 0x00, 0x00, 0x00, 0x00, 0xFF, 0x00, 0x00, 0x00, 0x00,
    0x00, 0x1F, 0xF0, 0x00, 0x00, 0x00, 0x00, 0x02, 0xFE, 0x00, 0x00, 0x00, 0x00, 0x00, 0x3F, 0xD0,
    0x00, 0x00, 0x00, 0x00, 0x07, 0xFC, 0x00, 0x00, 0x00, 0x00, 0x00, 0xFF, 0xC0, 0x00, 0x00, 0x00,
    0x00, 0x0F, 0xF4, 0x00, 0x00, 0x00, 0x00, 0x02, 0xFF, 0x00, 0x00, 0x00, 0x00, 0x00, 0x3F, 0xF0,
    0x00, 0x00, 0x00, 0x00, 0x00, 0xFF, 0xFF, 0xFF, 0xC0, 0x7F, 0xFF, 0xFF, 0xE0, 0x00, 0x0B, 0xC0,
    0x00, 0x00, 0x00, 0xF0, 0x00, 0x00, 0x00, 0x2D, 0x00, 0x00, 0x00, 0x0B, 0x40, 0x00, 0x7F, 0xFF,
    0xFF, 0xD0, 0x2F, 0xFF, 0xFF, 0xF0, 0x00, 0x01, 0xF8, 0x00, 0x00, 0x06, 0xFC, 0x00, 0x02, 0xFF,
    0xF8, 0x00, 0x00, 0xFF, 0xF0, 0x00, 0x00, 0x3F, 0xFE, 0x00, 0x00, 0x05, 0x5F, 0xD0, 0x00, 0x00,
    0x01, 0xF8, 0x00, 0x00, 0x00, 0x7F, 0x00, 0x00, 0x00, 0x1F, 0xC0, 0x00, 0x00, 0x0F, 0xF0, 0x00,
    0x00, 0x03, 0xFC, 0x00, 0x00, 0x01, 0xFF, 0x00, 0x00, 0x00, 0xBF, 0xC0, 0x00, 0x00, 0x3F, 0xF0,
    0x00, 0x00, 0x00, 0x00, 0x00, 0x00, 0x00, 0x00, 0xBC, 0x00, 0x00, 0x00, 0x3F, 0x00, 0x00, 0x00,
    0x0F, 0x80, 0x60, 0x00, 0x07, 0xD6, 0xFC, 0x00, 0x02, 0xFF, 0xFD, 0x00, 0x02, 0xFF, 0xF4, 0x00,
    0x0F, 0xFF, 0x40, 0x00, 0x0B, 0xFF, 0x40, 0x10, 0x03, 0x9B, 0xC1, 0xB8, 0x00, 0x03, 0xFB, 0xFC,
    0x00, 0x01, 0xFF, 0xF9, 0x00, 0x0B, 0xFF, 0xD0, 0x00, 0x0F, 0xFF, 0x00, 0x03, 0xD3, 0xEF, 0xC0,
    0x03, 0xE0, 0x47, 0xE0, 0x0B, 0xF0, 0x02, 0xF0, 0x1F, 0xF0, 0x00, 0xFD, 0xBF, 0xD0, 0x00, 0x3F,
    0xFF, 0x80, 0x00, 0x1F, 0xE8, 0x00, 0x00, 0x00, 0x00, 0x00, 0x00, 0x00, 0x00, 0x00, 0x00, 0x00,
    0x00, 0x00, 0x00, 0x00, 0xB4, 0x00, 0x00, 0x00, 0x00, 0x3C, 0x00, 0x00, 0x00, 0x00, 0x0F, 0x00,
    0x00, 0x00, 0x00, 0x0B, 0xD0, 0x00, 0x00, 0x00, 0x2F, 0xFF, 0x40, 0x00, 0x00, 0x7F, 0xFF, 0xF0,
    0x00, 0x00, 0x7F, 0xFF, 0xFE, 0x00, 0x00, 0x3F, 0xEE, 0x2F, 0xC0, 0x00, 0x2F, 0xCB, 0x43, 0xF0,
    0x00, 0x0F, 0xC3, 0xC0, 0xFC, 0x00, 0x0B, 0xD0, 0xF0, 0x2E, 0x00, 0x03, 0xF0, 0x78, 0x0F, 0x40,
    0x00, 0xF4, 0x2D, 0x03, 0xD0, 0x00, 0x7C, 0x0F, 0x40, 0xF0, 0x00, 0x2E, 0x03, 0xC0, 0xB8, 0x00,
    0x0F, 0x41, 0xF0, 0x3D, 0x00, 0x03, 0xC0, 0xB8, 0x0F, 0x00, 0x01, 0xF0, 0x2D, 0x07, 0xC0, 0x00,
    0xBC, 0x0F, 0x02, 0xE0, 0x00, 0x3E, 0x03, 0xC0, 0xF4, 0x00, 0x0F, 0x81, 0xE0, 0x7C, 0x00, 0x03,
    0xD0, 0xB4, 0x2E, 0x00, 0x00, 0x00, 0x00, 0x00, 0xFF, 0xFF, 0xE4, 0x00, 0x00, 0x00, 0x03, 0xFF,
    0xFF, 0xFC, 0x00, 0x00, 0x00, 0x1F, 0xEA, 0xFF, 0xFC, 0x00, 0x00, 0x00, 0xFD, 0x00, 0x07, 0xF4,
    0x00, 0x00, 0x03, 0xF0, 0x00, 0x0B, 0xE0, 0x00, 0x00, 0x1F, 0xC0, 0x00, 0x1F, 0x80, 0x00, 0x00,
    0xFE, 0x00, 0x00, 0xBE, 0x00, 0x00, 0x03, 0xF4, 0x00, 0x03, 0xF0, 0x00, 0x00, 0x1F, 0xC0, 0x00,
    0x3F, 0xC0, 0x00, 0x00, 0xFF, 0x00, 0x1B, 0xFD, 0x00, 0x1F, 0xFF, 0xFF, 0xFF, 0xFF, 0xE0, 0x00,
    0xBF, 0xFF, 0xFF, 0xFF, 0xFE, 0x00, 0x02, 0xFF, 0xFF, 0xFF, 0xFF, 0x80, 0x00, 0x0F, 0xFF, 0xFF,
    0xAA, 0x40, 0x00, 0x00, 0x00, 0x1F, 0xE0, 0x00, 0x00, 0x00, 0x00, 0x00, 0xBF, 0x40, 0x00, 0x00,
    0x00, 0x2F, 0xFF, 0xFF, 0xFF, 0xE0, 0x00, 0x00, 0xFF, 0xFF, 0xFF, 0xFF, 0x00, 0x00, 0x07, 0xFF,
    0xFF, 0xFF, 0xFC, 0x00, 0x00, 0x00, 0x03, 0xFE, 0x00, 0x00, 0x00, 0x00, 0x00, 0x0F, 0xF4, 0x00,
    0x00, 0x00, 0x00, 0x00, 0xBF, 0xC0, 0x00, 0x00, 0x00, 0x00, 0x03, 0xFF, 0x00, 0x00, 0x00, 0x00,
    0x00, 0x0F, 0xFC, 0x00, 0x00, 0x00, 0x00, 0x00, 0xBF, 0xE0, 0x00, 0x00, 0x00, 0x00, 0x00, 0x00,
    0x00, 0x00, 0x00, 0x00, 0x00, 0x00, 0x00, 0x00, 0x00, 0x00, 0x00, 0x02, 0xC0, 0x00, 0x00, 0x00,
    0x00, 0x00, 0x03, 0xD0, 0x00, 0x00, 0x00, 0x00, 0x00, 0x02, 0xF0, 0x00, 0x00, 0x00, 0x00, 0x00,
    0x00, 0xF0, 0x00, 0x00, 0x00, 0x00, 0x00, 0x00, 0xB8, 0x00, 0x00, 0x00, 0x00, 0x00, 0x00, 0x7C,
    0x00, 0x00, 0x00, 0x00, 0x00, 0x00, 0x3E, 0x00, 0x00, 0x00, 0x00, 0x00, 0x00, 0x1F, 0x00, 0x00,
    0x00, 0x00, 0x00, 0x00, 0x0F, 0x40, 0x00, 0x00, 0x00, 0x00, 0x00, 0x0B, 0xC0, 0x00, 0x00, 0x00,
    0x00, 0x00, 0x03, 0xD0, 0x00, 0x00, 0x00, 0x2F, 0xA0, 0x02, 0xF0, 0x00, 0x00, 0x00, 0x28, 0x34,
    0x01, 0xF4, 0x00, 0x00, 0x00, 0x0C, 0x0C, 0x00, 0xFC, 0x00, 0x00, 0x00, 0x09, 0x03, 0x00, 0x7C,
    0x00, 0x00, 0x00, 0x03, 0x47, 0xC0, 0x3E, 0x00, 0x00, 0x00, 0x00, 0xFF, 0xF0, 0x2F, 0x00, 0x00,
    0x00, 0x00, 0x0B, 0x94, 0x0F, 0x80, 0x00, 0x00, 0x00, 0x00, 0x00, 0x0B, 0xC0, 0x00, 0x00, 0x00,
    0x00, 0x00, 0x07, 0xD0, 0x00, 0x00, 0x00, 0x00, 0x00, 0x03, 0xF0, 0x00, 0x00, 0x00, 0x00, 0x00,
    0x01, 0xF4, 0x00, 0x00, 0x00, 0x00, 0x00, 0x00, 0xFC, 0x00, 0x00, 0x00, 0x00, 0x00, 0x00, 0xBD,
    0x2F, 0x40, 0x00, 0x00, 0x00, 0x00, 0x3E, 0x38, 0x00, 0x00, 0x00, 0x00, 0x00, 0x2F, 0x38, 0x00,
    0x00, 0x00, 0x00, 0x00, 0x0F, 0x8C, 0x00, 0x00, 0x00, 0x00, 0x00, 0x0F, 0xC7, 0x00, 0x00, 0x00,
    0x00, 0x00, 0x07, 0xE2, 0xC0, 0x00, 0x00, 0x00, 0x00, 0x03, 0xF0, 0x7E, 0x80, 0x00, 0x00, 0x00,
    0x02, 0xF4, 0x0B, 0xF4, 0x00, 0x00, 0x00, 0x00, 0xFC, 0x00, 0x00, 0x00, 0x00, 0x00, 0x00, 0xBD,
    0x00, 0x00, 0x00, 0x00, 0x00, 0x00, 0x3F, 0x00, 0x00, 0x00, 0x00, 0x00, 0x00, 0x3F, 0x40, 0x00,
    0x00, 0x00, 0x00, 0x00, 0x1F, 0x80, 0x00, 0x00, 0x00, 0x00, 0x00, 0x0F, 0xC0, 0x00, 0x00, 0x00,
    0x00, 0x00, 0x0B, 0xE0, 0x00, 0x00, 0x00, 0x00, 0x00, 0x03, 0xF0, 0x00, 0x00, 0x00, 0x00, 0x00,
    0x02, 0xF8, 0x00, 0x00, 0x00, 0x00, 0x00, 0x00, 0xFC, 0x00, 0x00, 0x00, 0x00, 0x00, 0x00, 0xFC,
    0x00, 0x00, 0x00, 0x00, 0x00, 0x00, 0x74, 0x00, 0x00, 0x00, 0x00, 0x00, 0x00, 0x20, 0x00, 0x00,
    0x00, 0x00, 0x00, 0x00, 0x00, 0x00, 0x00, 0x00, 0x00, 0x00, 0x00, 0x00, 0x00, 0x00, 0x00, 0x00,
    0x00, 0x00, 0x00, 0x00, 0x00, 0x00, 0x00, 0x00, 0x00, 0x02, 0xC0, 0x00, 0x00, 0x00, 0x00, 0x00,
    0x03, 0xD0, 0x00, 0x00, 0x00, 0x00, 0x00, 0x01, 0xF0, 0x00, 0x00, 0x00, 0x00, 0x00, 0x00, 0xF4,
    0x00, 0x00, 0x00, 0x00, 0x00, 0x00, 0xBC, 0x00, 0x00, 0x00, 0x00, 0x00, 0x00, 0x3D, 0x00, 0x00,
    0x00, 0x00, 0x00, 0x00, 0x2E, 0x00, 0x00, 0x00, 0x00, 0x00, 0x00, 0x1F, 0x00, 0x00, 0x00, 0x00,
    0x00, 0x00, 0x0F, 0x80, 0x00, 0x00, 0x00, 0x00, 0x00, 0x07, 0xC0, 0x00, 0x00, 0x00, 0x00, 0x00,
    0x03, 0xE0, 0x00, 0x00, 0x00, 0x1F, 0xB0, 0x02, 0xF0, 0x00, 0x00, 0x00, 0x28, 0x38, 0x00, 0xF4,
    0x00, 0x00, 0x00, 0x0C, 0x0A, 0x00, 0xBC, 0x00, 0x00, 0x00, 0x09, 0x03, 0x40, 0x7D, 0x00, 0x00,
    0x00, 0x03, 0x43, 0xC0, 0x3F, 0x00, 0x00, 0x00, 0x00, 0xFF, 0xF0, 0x1F, 0x00, 0x00, 0x00, 0x00,
    0x1F, 0x98, 0x0F, 0x80, 0x00, 0x00, 0x00, 0x00, 0x00, 0x0B, 0xC0, 0x00, 0x00, 0x00, 0x00, 0x00,
    0x03, 0xE0, 0x00, 0x00, 0x00, 0x00, 0x00, 0x02, 0xF0, 0x00, 0x00, 0x00, 0x00, 0x00, 0x01, 0xF4,
    0x00, 0x00, 0x00, 0x00, 0x00, 0x00, 0xFC, 0x00, 0x00, 0x00, 0x00, 0x00, 0x00, 0x7D, 0xBF, 0x40,
    0x00, 0x00, 0x00, 0x00, 0x3F, 0xA0, 0x00, 0x00, 0x00, 0x00, 0x00, 0x2F, 0x74, 0x00, 0x00, 0x00,
    0x00, 0x00, 0x0F, 0x8F, 0xD0, 0x00, 0x00, 0x00, 0x00, 0x0B, 0xC0, 0x6E, 0x00, 0x00, 0x00, 0x00,
    0x07, 0xE0, 0x03, 0xC0, 0x00, 0x00, 0x00, 0x03, 0xF1, 0xFF, 0xE0, 0x00, 0x00, 0x00, 0x01, 0xF8,
    0x7F, 0xE0, 0x00, 0x00, 0x00, 0x00, 0xFC, 0x00, 0x00, 0x00, 0x00, 0x00, 0x00, 0xBD, 0x00, 0x00,
    0x00, 0x00, 0x00, 0x00, 0x3F, 0x00, 0x00, 0x00, 0x00, 0x00, 0x00, 0x3F, 0x40, 0x00, 0x00, 0x00,
    0x00, 0x00, 0x1F, 0xC0, 0x00, 0x00, 0x00, 0x00, 0x00, 0x0F, 0xC0, 0x00, 0x00, 0x00, 0x00, 0x00,
    0x07, 0xE0, 0x00, 0x00, 0x00, 0x00, 0x00, 0x03, 0xF0, 0x00, 0x00, 0x00, 0x00, 0x00, 0x02, 0xF8,
    0x00, 0x00, 0x00, 0x00, 0x00, 0x00, 0xFC, 0x00, 0x00, 0x00, 0x00, 0x00, 0x00, 0xF8, 0x00, 0x00,
    0x00, 0x00, 0x00, 0x00, 0x74, 0x00, 0x00, 0x00, 0x00, 0x00, 0x00, 0x10, 0x00, 0x00, 0x00, 0x00,
    0x00, 0x00, 0x00, 0x00, 0x00, 0x00, 0x00, 0x00, 0x00, 0x00, 0x1F, 0x80, 0x00, 0x00, 0x00, 0x00,
    0x18, 0x30, 0x00, 0x00, 0x00, 0x00, 0x0E, 0x1C, 0x00, 0x00, 0x00, 0x00, 0x02, 0xFC, 0x00, 0x00,
    0x00, 0x00, 0x00, 0x00, 0x00, 0x00, 0x1B, 0xFF, 0x90, 0x00, 0x00, 0x01, 0xFF, 0xFF, 0xF8, 0x00,
    0x00, 0x07, 0xFF, 0xFF, 0xFC, 0x00, 0x00, 0x0B, 0xFF, 0x95, 0x5A, 0x00, 0x00, 0x0F, 0xFE, 0x00,
    0x00, 0x00, 0x00, 0x0F, 0xFC, 0x00, 0x00, 0x00, 0x00, 0x0F, 0xFC, 0x00, 0x00, 0x00, 0x00, 0x0B,
    0xF8, 0x00, 0x00, 0x00, 0x00, 0x07, 0xFC, 0x00, 0x00, 0x00, 0x00, 0x03, 0xFC, 0x00, 0x00, 0x00,
    0x00, 0x01, 0xFE, 0x00, 0x00, 0x00, 0x00, 0x00, 0xFF, 0x00, 0x00, 0x00, 0x00, 0x00, 0x7F, 0x80,
    0x00, 0x00, 0x00, 0x00, 0x2F, 0xD0, 0x00, 0x00, 0x00, 0x00, 0x0F, 0xF4, 0x00, 0x00, 0x00, 0x00,
    0x03, 0xFE, 0x00, 0x00, 0x00, 0x00, 0x01, 0xFF, 0xC0, 0x00, 0x00, 0x00, 0x00, 0x7F, 0xFC, 0x00,
    0x00, 0x10, 0x00, 0x1F, 0xFF, 0xF9, 0x56, 0xFC, 0x00, 0x07, 0xFF, 0xFF, 0xFF, 0xFE, 0x00, 0x00,
    0xFF, 0xFF, 0xFF, 0xFF, 0x40, 0x00, 0x2F, 0xFF, 0xFF, 0xFF, 0xC0, 0x00, 0x03, 0xFF, 0xFF, 0xFF,
    0xF0, 0x00, 0x00, 0x7F, 0xFF, 0xFF, 0xF8, 0x00, 0x00, 0x02, 0xFF, 0xFF, 0xE8, 0x00, 0x00, 0x00,
    0x00, 0x00, 0x00, 0x00, 0x00, 0x00, 0x00, 0x00, 0x00, 0x00, 0x00, 0x00, 0x00, 0x00, 0x00, 0x00,
    0x00, 0x00, 0x07, 0x40, 0x00, 0x00, 0x00, 0x00, 0x00, 0x07, 0xC0, 0x00, 0x00, 0x00, 0x00, 0x00,
    0x03, 0xD0, 0x00, 0x00, 0x00, 0x00, 0x00, 0x01, 0xF0, 0x00, 0x00, 0x00, 0x00, 0x00, 0x00, 0xF4,
    0x00, 0x00, 0x00, 0x00, 0x00, 0x00, 0xB8, 0x00, 0x00, 0x00, 0x00, 0x00, 0x00, 0x3C, 0x00, 0x00,
    0x00, 0x00, 0x00, 0x00, 0x3E, 0x00, 0x00, 0x00, 0x00, 0x00, 0x00, 0x1F, 0x00, 0x00, 0x00, 0x00,
    0x00, 0x00, 0x0F, 0x80, 0x00, 0x00, 0x00, 0x00, 0x00, 0x07, 0xC0, 0x00, 0x00, 0x00, 0x00, 0x00,
    0x03, 0xD0, 0x00, 0x00, 0x00, 0x00, 0x00, 0x02, 0xF0, 0x00, 0x00, 0x00, 0x00, 0x00, 0x00, 0xF4,
    0x00, 0x00, 0x00, 0x0B, 0xF0, 0x00, 0xFC, 0x00, 0x00, 0x00, 0x0F, 0x54, 0x00, 0x7D, 0x00, 0x00,
    0x00, 0x0B, 0x00, 0x00, 0x3E, 0x00, 0x00, 0x00, 0x03, 0x80, 0x00, 0x1F, 0x00, 0x00, 0x00, 0x01,
    0xC0, 0x00, 0x0F, 0x80, 0x00, 0x00, 0x00, 0x70, 0x00, 0x0B, 0xC0, 0x00, 0x00, 0x00, 0x1E, 0x00,
    0x03, 0xE0, 0x00, 0x00, 0x00, 0x03, 0xFE, 0x02, 0xF0, 0x00, 0x00, 0x00, 0x00, 0x2A, 0x81, 0xF4,
    0x00, 0x00, 0x00, 0x00, 0x00, 0x00, 0xFC, 0x00, 0x00, 0x00, 0x00, 0x00, 0x00, 0x7D, 0x00, 0x00,
    0x00, 0x00, 0x00, 0x00, 0x3F, 0xFE, 0x00, 0x00, 0x00, 0x00, 0x00, 0x2F, 0xE6, 0xD0, 0x00, 0x00,
    0x00, 0x00, 0x0F, 0xC0, 0x2C, 0x00, 0x00, 0x00, 0x00, 0x0B, 0xD0, 0x0B, 0x00, 0x00, 0x00, 0x00,
    0x07, 0xF0, 0x03, 0x80, 0x00, 0x00, 0x00, 0x03, 0xFC, 0x01, 0xD0, 0x00, 0x00, 0x00, 0x01, 0xFF,
    0x96, 0xF0, 0x00, 0x00, 0x00, 0x00, 0xFD, 0xFF, 0xF0, 0x00, 0x00, 0x00, 0x00, 0xBD, 0x1F, 0xE0,
    0x00, 0x00, 0x00, 0x00, 0x3F, 0x00, 0x00, 0x00, 0x00, 0x00, 0x00, 0x2F, 0x40, 0x00, 0x00, 0x00,
    0x00, 0x00, 0x1F, 0xC0, 0x00, 0x00, 0x00, 0x00, 0x00, 0x0F, 0xD0, 0x00, 0x00, 0x00, 0x00, 0x00,
    0x07, 0xE0, 0x00, 0x00, 0x00, 0x00, 0x00, 0x03, 0xF0, 0x00, 0x00, 0x00, 0x00, 0x00, 0x02, 0xF8,
    0x00, 0x00, 0x00, 0x00, 0x00, 0x00, 0xF8, 0x00, 0x00, 0x00, 0x00, 0x00, 0x00, 0xB4, 0x00, 0x00,
    0x00, 0x00, 0x00, 0x00, 0x60, 0x00, 0x00, 0x00, 0x00, 0x00, 0x00, 0x00, 0x00, 0x00, 0x00, 0x00,
    0x00, 0x00, 0x00, 0x00, 0x00, 0x00, 0x00, 0x00, 0x00, 0x00, 0x00, 0x00, 0x00, 0x00, 0x00, 0x00,
    0x00, 0x80, 0x00, 0x00, 0x00, 0x00, 0x00, 0x02, 0xE0, 0x00, 0x00, 0x00, 0x00, 0x00, 0x00, 0xF0,
    0x00, 0x00, 0x00, 0x00, 0x00, 0x00, 0xF8, 0x00, 0x00, 0x00, 0x00, 0x00, 0x00, 0x7C, 0x00, 0x00,
    0x00, 0x00, 0x00, 0x00, 0x3D, 0x00, 0x00, 0x00, 0x00, 0x00, 0x00, 0x1F, 0x00, 0x00, 0x00, 0x00,
    0x00, 0x00, 0x0F, 0x40, 0x00, 0x00, 0x00, 0x00, 0x00, 0x0B, 0xC0, 0x00, 0x00, 0x00, 0x00, 0x00,
    0x03, 0xD0, 0x00, 0x00, 0x00, 0x00, 0x00, 0x03, 0xE0, 0x00, 0x00, 0x00, 0x00, 0x00, 0x01, 0xF0,
    0x00, 0x00, 0x00, 0x00, 0x00, 0x00, 0xF8, 0x00, 0x00, 0x00, 0x02, 0xF4, 0x00, 0x7C, 0x00, 0x00,
    0x00, 0x03, 0x80, 0x00, 0x3E, 0x00, 0x00, 0x00, 0x02, 0x80, 0x00, 0x2F, 0x00, 0x00, 0x00, 0x00,
    0xC0, 0x00, 0x0F, 0x40, 0x00, 0x00, 0x00, 0x70, 0x00, 0x0B, 0xC0, 0x00, 0x00, 0x00, 0x1E, 0x00,
    0x07, 0xD0, 0x00, 0x00, 0x00, 0x03, 0xFC, 0x03, 0xF0, 0x00, 0x00, 0x00, 0x00, 0x19, 0x01, 0xF4,
    0x00, 0x00, 0x00, 0x00, 0x00, 0x00, 0xF8, 0x00, 0x00, 0x00, 0x00, 0x00, 0x00, 0xBC, 0x00, 0x00,
    0x00, 0x00, 0x00, 0x00, 0x3E, 0x00, 0x00, 0x00, 0x00, 0x00, 0x00, 0x2F, 0x00, 0x00, 0x00, 0x00,
    0x00, 0x00, 0x1F, 0x80, 0x00, 0x00, 0x00, 0x00, 0x00, 0x0F, 0xDC, 0x02, 0x40, 0x00, 0x00, 0x00,
    0x07, 0xD7, 0x00, 0xD0, 0x00, 0x00, 0x00, 0x03, 0xF2, 0x80, 0xB0, 0x00, 0x00, 0x00, 0x02, 0xF4,
    0xD0, 0x3C, 0x00, 0x00, 0x00, 0x00, 0xFC, 0x34, 0x2E, 0x00, 0x00, 0x00, 0x00, 0xBD, 0x1F, 0xFF,
    0x40, 0x00, 0x00, 0x00, 0x7F, 0x03, 0xFA, 0xC0, 0x00, 0x00, 0x00, 0x3F, 0x00, 0x00, 0x00, 0x00,
    0x00, 0x00, 0x1F, 0x80, 0x00, 0x00, 0x00, 0x00, 0x00, 0x0F, 0xC0, 0x00, 0x00, 0x00, 0x00, 0x00,
    0x0B, 0xE0, 0x00, 0x00, 0x00, 0x00, 0x00, 0x03, 0xF0, 0x00, 0x00, 0x00, 0x00, 0x00, 0x02, 0xF4,
    0x00, 0x00, 0x00, 0x00, 0x00, 0x00, 0xFC, 0x00, 0x00, 0x00, 0x00, 0x00, 0x00, 0xFD, 0x00, 0x00,
    0x00, 0x00, 0x00, 0x00, 0x7F, 0x00, 0x00, 0x00, 0x00, 0x00, 0x00, 0x3E, 0x00, 0x00, 0x00, 0x00,
    0x00, 0x00, 0x1C, 0x00, 0x00, 0x00, 0x00, 0x00, 0x00, 0x04, 0x00, 0x00, 0x00, 0x00, 0x00, 0x00,
    0x00, 0x00, 0x00, 0x00, 0x00, 0x00, 0x00, 0xBC, 0x00, 0x00, 0x00, 0x00, 0xD2, 0x80, 0x00, 0x00,
    0x00, 0xB0, 0xA1, 0x55, 0x6A, 0xAA, 0x2D, 0xB0, 0xFF, 0xFF, 0xFF, 0x82, 0xF0, 0x7F, 0xFF, 0xFF,
    0xC0, 0x00, 0x3F, 0xC0, 0x00, 0x00, 0x00, 0x0F, 0xD0, 0x00, 0x00, 0x00, 0x07, 0xF0, 0x00, 0x00,
    0x00, 0x03, 0xF8, 0x00, 0x00, 0x00, 0x00, 0xFD, 0x00, 0x00, 0x00, 0x00, 0x7F, 0x00, 0x00, 0x00,
    0x00, 0x2F, 0xFF, 0xFF, 0xC0, 0x00, 0x0F, 0xFF, 0xFF, 0xE0, 0x00, 0x07, 0xFF, 0xFF, 0xF4, 0x00,
    0x02, 0xFE, 0xAA, 0x94, 0x00, 0x00, 0xFE, 0x00, 0x00, 0x00, 0x00, 0x7F, 0x40, 0x00, 0x00, 0x00,
    0x2F, 0xC0, 0x00, 0x00, 0x00, 0x0F, 0xF0, 0x00, 0x00, 0x00, 0x07, 0xF8, 0x00, 0x00, 0x00, 0x02,
    0xFD, 0x00, 0x00, 0x00, 0x00, 0xFF, 0x00, 0x00, 0x00, 0x00, 0x3F, 0xC0, 0x00, 0x00, 0x00, 0x2F,
    0xE0, 0x00, 0x00, 0x00, 0x0F, 0xF4, 0x00, 0x00, 0x00, 0x03, 0xFC, 0x00, 0x00, 0x00, 0x02, 0xFF,
    0x00, 0x00, 0x00, 0x00, 0x00, 0x00, 0x00, 0x00, 0x00, 0x00, 0x00, 0x00, 0x00, 0x00, 0x00, 0x00,
    0x00, 0x14, 0x00, 0x00, 0x00, 0x02, 0xFF, 0x40, 0x00, 0x00, 0x0F, 0xFF, 0xC0, 0x00, 0x00, 0x3F,
    0x4F, 0xD0, 0x00, 0x00, 0xFC, 0x0B, 0xD0, 0x00, 0x03, 0xF0, 0x0B, 0xD0, 0x00, 0x07, 0xD0, 0x0B,
    0xC0, 0x00, 0x0F, 0xC0, 0x0F, 0xC0, 0x00, 0x1F, 0x40, 0x2F, 0x40, 0x00, 0x3F, 0x00, 0x7F, 0x00,
    0x00, 0x3E, 0x00, 0xFD, 0x00, 0x00, 0x7C, 0x03, 0xFC, 0x00, 0x00, 0xBC, 0x0B, 0xF0, 0x00, 0x00,
    0xB8, 0x2F, 0xD0, 0x00, 0x00, 0xF4, 0xBF, 0x40, 0x00, 0x00, 0xF5, 0xFE, 0x00, 0x00, 0x00, 0xFF,
    0xF4, 0x00, 0x00, 0x00, 0xFF, 0xD0, 0x80, 0x00, 0x02, 0xFF, 0x5B, 0xE0, 0x00, 0x3F, 0xFF, 0xFF,
    0xF4, 0x00, 0x7F, 0xAF, 0xFF, 0xD0, 0x00, 0x64, 0x07, 0xF9, 0x00, 0x00, 0x00, 0x00, 0x00, 0x00,
    0x00, 0x00, 0x00, 0x00, 0x00, 0x00, 0x00, 0x54, 0x00, 0x00, 0x00, 0x00, 0x00, 0x00, 0x00, 0x00,
    0x55, 0x00, 0x00, 0x0B, 0xF0, 0x00, 0x00, 0x00, 0x00, 0x00, 0x00, 0x00, 0x0B, 0xFC, 0x00, 0x00,
    0x3F, 0x80, 0x00, 0x01, 0xFF, 0xE0, 0x00, 0x00, 0x00, 0x3F, 0xF0, 0x00, 0x01, 0xFD, 0x00, 0x00,
    0x3F, 0xFF, 0xE0, 0x00, 0x00, 0x01, 0xFF, 0xD0, 0x00, 0x0F, 0xF0, 0x00, 0x03, 0xF4, 0x07, 0xD0,
    0x00, 0x00, 0x0F, 0xFF, 0x40, 0x00, 0x3F, 0x80, 0x00, 0x3F, 0x00, 0x0B, 0x80, 0x00, 0x00, 0x3F,
    0xFE, 0x00, 0x01, 0xFD, 0x00, 0x01, 0xF0, 0x00, 0x1F, 0x00, 0x00, 0x02, 0xFF, 0xFC, 0x00, 0x0F,
    0xF0, 0x00, 0x0F, 0x80, 0x00, 0xBC, 0x00, 0x00, 0x0F, 0xFF, 0xF0, 0x00, 0x3F, 0x80, 0x00, 0x7C,
    0x00, 0x03, 0xE0, 0x00, 0x00, 0x3F, 0xAF, 0xD0, 0x02, 0xFD, 0x00, 0x02, 0xF0, 0x00, 0x1F, 0x40,
    0x00, 0x02, 0xFD, 0x7F, 0x80, 0x0F, 0xF0, 0x00, 0x0B, 0xC0, 0x00, 0xFC, 0x00, 0x00, 0x0F, 0xF1,
    0xFE, 0x00, 0x3F, 0x80, 0x00, 0x2F, 0x40, 0x1F, 0xD0, 0x00, 0x00, 0x7F, 0xC3, 0xFC, 0x02, 0xFD,
    0x00, 0x00, 0x7F, 0xFF, 0xFE, 0x00, 0x00, 0x02, 0xFE, 0x0F, 0xF0, 0x0F, 0xF0, 0x00, 0x00, 0xFF,
    0xFF, 0xE0, 0x00, 0x00, 0x0F, 0xF4, 0x2F, 0xD0, 0x7F, 0x80, 0x00, 0x00, 0xFF, 0xFD, 0x00, 0x00,
    0x00, 0x7F, 0xC0, 0x7F, 0x82, 0xFD, 0x00, 0x00, 0x00, 0x6A, 0x40, 0x00, 0x00, 0x02, 0xFF, 0x00,
    0xFF, 0x0F, 0xF0, 0x00, 0x00, 0x00, 0x00, 0x00, 0x00, 0x00, 0x0F, 0xF8, 0x03, 0xFC, 0x7F, 0xC0,
    0x00, 0x06, 0xAA, 0xAA, 0xAA, 0xAA, 0x80, 0x7F, 0xD0, 0x0F, 0xF2, 0xFD, 0x00, 0x00, 0x3F, 0xFF,
    0xFF, 0xFF, 0xFD, 0x02, 0xFF, 0x00, 0x2F, 0xDF, 0xF0, 0x00, 0x00, 0x00, 0x00, 0x00, 0x00, 0x00,
    0x0F, 0xFC, 0x00, 0x7F, 0xFF, 0xC0, 0x00, 0x00, 0x00, 0x00, 0x00, 0x00, 0x00, 0x7F, 0xE0, 0x00,
    0xFF, 0xFD, 0x00, 0x00, 0x00, 0x00, 0x00, 0x00, 0x00, 0x03, 0xFF, 0x40, 0x03, 0xFF, 0xF0, 0x00,
    0x00, 0x00, 0x00, 0x00, 0x00, 0x00, 0x0F, 0xFC, 0x00, 0x0B, 0xFF, 0xC0, 0x00, 0x00, 0x00, 0x00,
    0x00, 0x00, 0x00, 0xBF, 0xF0, 0x00, 0x2F, 0xFD, 0x00, 0x00, 0x00, 0x00, 0x00, 0x00, 0x00, 0x00,
    0x00, 0x00, 0x6A, 0xA9, 0x40, 0x00, 0x00, 0x00, 0x00, 0xFF, 0xFF, 0xF8, 0x00, 0x00, 0x00, 0x01,
    0xFF, 0xFF, 0xFE, 0x00, 0x00, 0x00, 0x02, 0xE0, 0x00, 0xBF, 0x00, 0x00, 0x00, 0x03, 0xD0, 0x00,
    0x2F, 0x40, 0x00, 0x00, 0x07, 0xC0, 0x00, 0x2F, 0x40, 0x00, 0x00, 0x0B, 0xC0, 0x00, 0x2F, 0x00,
    0x00, 0x00, 0x0F, 0x80, 0x00, 0x7F, 0x00, 0x00, 0x00, 0x1F, 0x00, 0x01, 0xFE, 0x00, 0x00, 0x00,
    0x2F, 0x00, 0x1F, 0xFC, 0x00, 0x00, 0x00, 0x3F, 0xFF, 0xFF, 0xF4, 0x00, 0x00, 0x00, 0x7F, 0xFF,
    0xFF, 0x80, 0x00, 0x00, 0x00, 0xBF, 0xFF, 0xFD, 0x00, 0x00, 0x28, 0x00, 0xFF, 0xFF, 0xFF, 0x40,
    0x00, 0xF8, 0x00, 0xFF, 0x95, 0xBF, 0xC0, 0x03, 0xD0, 0x02, 0xFD, 0x00, 0x1F, 0xD0, 0x1F, 0x40,
    0x03, 0xFC, 0x00, 0x0F, 0xE0, 0x7D, 0x00, 0x03, 0xFC, 0x00, 0x0F, 0xE1, 0xF4, 0x00, 0x0B, 0xFC,
    0x00, 0x1F, 0xEB, 0xD0, 0x00, 0x0F, 0xF8, 0x00, 0x2F, 0xFF, 0x00, 0x00, 0x0F, 0xF4, 0x00, 0x3F,
    0xFC, 0x00, 0x00, 0x2F, 0xF0, 0x00, 0x7F, 0xF0, 0x00, 0x00, 0x3F, 0xF0, 0x00, 0xBF, 0xE0, 0x00,
    0x00, 0x3F, 0xF0, 0x00, 0xFF, 0xE0, 0x00, 0x00, 0xBF, 0xE0, 0x01, 0xFF, 0xE0, 0x00, 0x00, 0x00,
    0x00, 0x07, 0xE0, 0x00, 0x00, 0x00, 0x00, 0x00, 0x05, 0x40, 0x00, 0x00, 0x00, 0x0F, 0xFF, 0xFF,
    0xFF, 0xFF, 0xF0, 0x00, 0x00, 0x05, 0x54, 0x0F, 0xE0, 0x00, 0x1F, 0xFF, 0xFF, 0xFF, 0xFF, 0xF0,
    0xFF, 0xFF, 0xFF, 0xF4, 0x0F, 0xD0, 0x00, 0x2F, 0xFF, 0xFF, 0xFF, 0xFF, 0xE1, 0xFF, 0xFF, 0xFF,
    0xF0, 0x2F, 0xC0, 0x00, 0x2A, 0x54, 0x2F, 0xC0, 0x15, 0x42, 0xFF, 0xFF, 0xFF, 0x90, 0x3F, 0x80,
    0x00, 0x00, 0x00, 0x3F, 0x80, 0x00, 0x03, 0xF4, 0x00, 0x00, 0x00, 0x3F, 0x40, 0x00, 0x00, 0x00,
    0x3F, 0x40, 0x00, 0x07, 0xF0, 0x00, 0x00, 0x00, 0x7F, 0x00, 0x00, 0x00, 0x00, 0x7F, 0x00, 0x00,
    0x0B, 0xE0, 0x00, 0x00, 0x00, 0xFF, 0x00, 0x00, 0x00, 0x00, 0xBF, 0x00, 0x00, 0x0F, 0xD0, 0x00,
    0x00, 0x00, 0xFE, 0x00, 0x00, 0x00, 0x00, 0xFE, 0x00, 0x00, 0x0F, 0xC0, 0x00, 0x00, 0x01, 0xFC,
    0x00, 0x00, 0x00, 0x01, 0xFD, 0x00, 0x00, 0x1F, 0xC0, 0x00, 0x00, 0x02, 0xFC, 0x00, 0x00, 0x00,
    0x02, 0xFC, 0x00, 0x00, 0x3F, 0x95, 0x6A, 0x40, 0x03, 0xF8, 0x00, 0x00, 0x00, 0x03, 0xFC, 0x00,
    0x00, 0x3F, 0xFF, 0xFF, 0x40, 0x07, 0xF4, 0x00, 0x00, 0x00, 0x07, 0xF8, 0x00, 0x00, 0x7F, 0xFF,
    0xFF, 0x00, 0x0B, 0xF0, 0x00, 0x00, 0x00, 0x0B, 0xF4, 0x00, 0x00, 0xBF, 0xFF, 0xFE, 0x00, 0x0F,
    0xE0, 0x00, 0x00, 0x00, 0x0F, 0xF0, 0x00, 0x00, 0xFE, 0x00, 0x00, 0x00, 0x1F, 0xD0, 0x00, 0x00,
    0x00, 0x0F, 0xF0, 0x00, 0x01, 0xFC, 0x00, 0x00, 0x00, 0x2F, 0xC0, 0x00, 0x00, 0x00, 0x1F, 0xE0,
    0x00, 0x02, 0xFC, 0x00, 0x00, 0x00, 0x3F, 0xC0, 0x00, 0x00, 0x00, 0x3F, 0xE0, 0x00, 0x03, 0xF8,
    0x00, 0x00, 0x00, 0x3F, 0x80, 0x00, 0x00, 0x00, 0x3F, 0xD0, 0x00, 0x03, 0xF4, 0x00, 0x00, 0x00,
    0xBF, 0x40, 0x00, 0x00, 0x00, 0x7F, 0xC0, 0x00, 0x0B, 0xF0, 0x00, 0x00, 0x00, 0xFF, 0x00, 0x00,
    0x00, 0x00, 0xBF, 0xC0, 0x00, 0x0F, 0xFF, 0xFF, 0xFF, 0xC0, 0xFF, 0xAA, 0xAF, 0xFC, 0x00, 0xFF,
    0x80, 0x00, 0x0F, 0xFF, 0xFF, 0xFF, 0xC1, 0xFF, 0xFF, 0xFF, 0xFC, 0x01, 0xFF, 0x40, 0x00, 0x1F,
    0xFF, 0xFF, 0xFF, 0xC3, 0xFF, 0xFF, 0xFF, 0xF8, 0x02, 0xFF, 0x00, 0x00, 0x2F, 0xFF, 0xFF, 0xFF,
    0xC3, 0xFF, 0xFF, 0xFF, 0xF4, 0x03, 0xFF, 0x00, 0x00, 0x3F, 0xFF, 0xFF, 0xFF, 0x87, 0xFF, 0xFF,
    0xFF, 0xF0, 0x3F, 0xFD, 0x18, 0x02, 0x40, 0xA0, 0x0F, 0x42, 0xD0, 0x34, 0x03, 0xE1, 0xF0, 0x0C,
    0x01, 0xB8, 0xEC, 0x07, 0x00, 0xDB, 0x9B, 0x02, 0x80, 0x32, 0xF3, 0x80, 0xD0, 0x2C, 0x71, 0xD0,
    0x70, 0x0A, 0x00, 0xB0, 0x00, 0x00, 0x00, 0x1A, 0xA9, 0x40, 0x00, 0x00, 0x00, 0x06, 0xFF, 0xFF,
    0xF9, 0x00, 0x00, 0x00, 0x3F, 0xF9, 0x00, 0x6F, 0x80, 0x00, 0x01, 0xFF, 0x40, 0x00, 0x02, 0xD0,
    0x00, 0x0B, 0xF8, 0x00, 0x00, 0x02, 0xF0, 0x00, 0x1F, 0xE0, 0x00, 0x00, 0x03, 0xF4, 0x00, 0x3F,
    0xD0, 0x00, 0x00, 0x07, 0xF8, 0x00, 0xFF, 0xD5, 0x6A, 0xFF, 0xFF, 0xFC, 0x01, 0xFF, 0xFF, 0xFF,
    0xFF, 0xFF, 0xFC, 0x03, 0xFF, 0xFF, 0xFF, 0xFF, 0xFE, 0xA4, 0x03, 0xFF, 0x94, 0x00, 0x00, 0x00,
    0x00, 0x07, 0xFF, 0x00, 0x00, 0x00, 0x00, 0x00, 0x0B, 0xFF, 0x00, 0x00, 0x00, 0x00, 0x00, 0x0B,
    0xFD, 0x00, 0x00, 0x00, 0x00, 0x00, 0x0B, 0xFC, 0x00, 0x00, 0x00, 0x00, 0x00, 0x0B, 0xFE, 0x00,
    0x00, 0x00, 0x1A, 0x90, 0x07, 0xFF, 0x80, 0x00, 0x00, 0x3F, 0xC0, 0x03, 0xFF, 0xF8, 0x00, 0x16,
    0xFE, 0x00, 0x00, 0xFF, 0xFF, 0xFF, 0xFF, 0xF8, 0x00, 0x00, 0x3F, 0xFF, 0xFF, 0xFF, 0xD0, 0x00,
    0x00, 0x0B, 0xFF, 0xFF, 0xFD, 0x00, 0x00, 0x00, 0x00, 0x1A, 0xAA, 0x40, 0x00, 0x00, 0x00, 0x00,
    0x55, 0x5A, 0xAA, 0x80, 0x00, 0xBF, 0x00, 0x00, 0x00, 0x3F, 0x40, 0x00, 0x00, 0x2F, 0x80, 0x00,
    0x3F, 0xFF, 0xFF, 0xE0, 0x00, 0x3F, 0xC0, 0x00, 0x00, 0x0B, 0xF0, 0x00, 0x00, 0x2F, 0x80, 0x00,
    0x1F, 0xFF, 0xFF, 0xF0, 0x00, 0x3F, 0xF0, 0x00, 0x00, 0x00, 0xFC, 0x00, 0x00, 0x2F, 0xC0, 0x00,
    0x0F, 0xF0, 0x00, 0x00, 0x00, 0x1F, 0xFD, 0x00, 0x00, 0x00, 0x3F, 0x80, 0x00, 0x2F, 0xC0, 0x00,
    0x03, 0xF4, 0x00, 0x00, 0x00, 0x0F, 0xFF, 0x40, 0x00, 0x00, 0x0B, 0xF0, 0x00, 0x2F, 0xC0, 0x00,
    0x01, 0xFC, 0x00, 0x00, 0x00, 0x0B, 0xDB, 0xE0, 0x00, 0x00, 0x00, 0xFE, 0x00, 0x2F, 0xC0, 0x00,
    0x00, 0xFE, 0x00, 0x00, 0x00, 0x07, 0xF2, 0xF8, 0x00, 0x00, 0x00, 0x3F, 0xC0, 0x1F, 0xD0, 0x00,
    0x00, 0x3F, 0x40, 0x00, 0x00, 0x03, 0xF4, 0x7F, 0x00, 0x00, 0x00, 0x0B, 0xF4, 0x1F, 0xD0, 0x00,
    0x00, 0x1F, 0xC0, 0x00, 0x00, 0x02, 0xF8, 0x1F, 0xC0, 0x00, 0x00, 0x00, 0xFF, 0x1F, 0xE0, 0x00,
    0x00, 0x0B, 0xFF, 0xFF, 0xF0, 0x01, 0xFC, 0x07, 0xF0, 0x00, 0x00, 0x00, 0x3F, 0xEF, 0xE0, 0x00,
    0x00, 0x03, 0xFF, 0xFF, 0xF8, 0x00, 0xFD, 0x01, 0xFC, 0x00, 0x00, 0x00, 0x0B, 0xFF, 0xE0, 0x00,
    0x00, 0x01, 0xFF, 0xFF, 0xFD, 0x00, 0xBF, 0x00, 0x3F, 0x00, 0x00, 0x00, 0x00, 0xFF, 0xF0, 0x00,
    0x00, 0x00, 0xBF, 0xAA, 0xA5, 0x00, 0x3F, 0x00, 0x0F, 0xD0, 0x00, 0x00, 0x00, 0x3F, 0xF0, 0x00,
    0x00, 0x00, 0x3F, 0x80, 0x00, 0x00, 0x3F, 0x80, 0x03, 0xF4, 0x00, 0x00, 0x00, 0x1F, 0xFC, 0x00,
    0x00, 0x00, 0x1F, 0xD0, 0x00, 0x00, 0x2F, 0xC0, 0x00, 0xFE, 0x00, 0x00, 0x00, 0x1F, 0xFF, 0x40,
    0x00, 0x00, 0x0B, 0xF0, 0x00, 0x00, 0x0F, 0xD0, 0x00, 0x3F, 0x80, 0x00, 0x00, 0x1F, 0xFF, 0xF0,
    0x00, 0x00, 0x03, 0xFC, 0x00, 0x00, 0x0F, 0xF0, 0x00, 0x0F, 0xF0, 0x00, 0x00, 0x1F, 0xFB, 0xFD,
    0x00, 0x00, 0x01, 0xFE, 0x00, 0x00, 0x07, 0xFF, 0xFF, 0xFF, 0xFC, 0x00, 0x00, 0x1F, 0xF4, 0xFF,
    0xC0, 0x00, 0x00, 0xBF, 0x40, 0x00, 0x03, 0xFF, 0xFF, 0xFF, 0xFF, 0x00, 0x00, 0x1F, 0xF8, 0x2F,
    0xF0, 0x00, 0x00, 0x3F, 0xC0, 0x00, 0x02, 0xFF, 0xFF, 0xFF, 0xFF, 0xC0, 0x00, 0x1F, 0xF8, 0x07,
    0xFE, 0x00, 0x00, 0x0F, 0xF0, 0x00, 0x01, 0xFF, 0xFF, 0xFF, 0xFF, 0xF4, 0x00, 0x1F, 0xF8, 0x00,
    0xFF, 0xC0, 0x00, 0x0B, 0xF8, 0x00, 0x00, 0xFF, 0x00, 0x00, 0x03, 0xFD, 0x00, 0x1F, 0xFC, 0x00,
    0x2F, 0xF8, 0x00, 0x03, 0xFD, 0x00, 0x00, 0xBF, 0x80, 0x00, 0x00, 0xFF, 0x40, 0x1F, 0xFC, 0x00,
    0x07, 0xFF, 0x00, 0x00, 0xFF, 0x00, 0x00, 0x7F, 0xC0, 0x00, 0x00, 0x3F, 0xE0, 0x1F, 0xFC, 0x00,
    0x00, 0xFF, 0xD0, 0x00, 0xBF, 0xC0, 0x00, 0x3F, 0xD0, 0x00, 0x00, 0x0F, 0xF8, 0x1F, 0xFC, 0x00,
    0x00, 0x2F, 0xFC, 0x00, 0x00, 0x00, 0x1B, 0xC0, 0x00, 0x00, 0x00, 0x00, 0xBF, 0x80, 0x00, 0x00,
    0x00, 0x00, 0x9B, 0x00, 0x00, 0x00, 0x00, 0x00, 0x0F, 0x00, 0x00, 0x00, 0x78, 0x00, 0x0E, 0x00,
    0x00, 0x01, 0xE0, 0x00, 0x2D, 0x00, 0x00, 0x03, 0xC0, 0x00, 0x3C, 0x00, 0x00, 0x0F, 0x00, 0x00,
    0x3C, 0x00, 0x00, 0x3C, 0x00, 0x00, 0xB8, 0x00, 0x00, 0xF4, 0x00, 0x00, 0xF4, 0x00, 0x02, 0xD0,
    0x00, 0x00, 0xF0, 0x00, 0x0B, 0x80, 0x00, 0x2B, 0xFA, 0x80, 0x1F, 0x00, 0x00, 0x7F, 0xFF, 0x80,
    0x7C, 0x04, 0x00, 0xBF, 0xFF, 0x41, 0xF7, 0xFF, 0xD0, 0x00, 0x00, 0x03, 0xD5, 0x00, 0xB4, 0x00,
    0x00, 0x0F, 0x40, 0x00, 0x34, 0x00, 0x00, 0x3E, 0x00, 0x00, 0x34, 0x00, 0x00, 0xB8, 0x00, 0x00,
    0xB0, 0x00, 0x02, 0xF0, 0x01, 0xAB, 0xC0, 0x00, 0x0B, 0xC0, 0x03, 0xFE, 0x00, 0x00, 0x1F, 0x40,
    0x00, 0x0B, 0xC0, 0x00, 0x7D, 0x00, 0x00, 0x03, 0xC0, 0x00, 0xF8, 0x00, 0x00, 0x03, 0xC0, 0x03,
    0xE0, 0x00, 0x00, 0x0F, 0x80, 0x0F, 0xC0, 0x00, 0xFF, 0xFF, 0x00, 0x3F, 0x00, 0x03, 0xFF, 0xFC,
    0x00, 0x00, 0x00, 0x01, 0xFF, 0xD0, 0x00, 0x00, 0x1B, 0xF8, 0x00, 0x00, 0x00, 0x00, 0x3F, 0xEF,
    0xC0, 0x00, 0x00, 0x00, 0x08, 0x00, 0xF0, 0x00, 0x00, 0x00, 0x00, 0x00, 0x2C, 0x00, 0x00, 0x38,
    0x00, 0x00, 0x0F, 0x00, 0x00, 0x3C, 0x00, 0x00, 0x0B, 0x80, 0x00, 0x3C, 0x00, 0x00, 0x0B, 0xC0,
    0x00, 0x3C, 0x00, 0x00, 0x0F, 0xD0, 0x00, 0x2D, 0x00, 0x00, 0x2F, 0xD0, 0x00, 0x2D, 0x00, 0x00,
    0x7F, 0xC0, 0x00, 0x2E, 0x00, 0x00, 0xBF, 0x80, 0x00, 0x1F, 0x00, 0x00, 0xBF, 0xEA, 0x80, 0x1F,
    0x00, 0x00, 0x3F, 0xFF, 0xF0, 0x0F, 0x01, 0x00, 0x1F, 0xFF, 0xFC, 0x0F, 0x7F, 0xFD, 0x00, 0x00,
    0x00, 0x0F, 0x54, 0x02, 0xD0, 0x00, 0x00, 0x0F, 0x80, 0x00, 0x34, 0x00, 0x00, 0x0F, 0x80, 0x00,
    0x0D, 0x00, 0x00, 0x0B, 0xC0, 0x00, 0x0B, 0x00, 0x00, 0x0B, 0xC0, 0x06, 0xAF, 0x00, 0x00, 0x07,
    0xC0, 0x03, 0xFE, 0x00, 0x00, 0x07, 0xD0, 0x00, 0x02, 0xF0, 0x00, 0x07, 0xD0, 0x00, 0x00, 0x3C,
    0x00, 0x03, 0xE0, 0x00, 0x00, 0x0F, 0x00, 0x03, 0xE0, 0x00, 0x00, 0x0F, 0x80, 0x03, 0xF0, 0x00,
    0x3F, 0xFF, 0xC0, 0x03, 0xF0, 0x00, 0x3F, 0xFF, 0xC0, 0x00, 0x00, 0x00, 0x07, 0xFF, 0x40, 0x00,
    0x00, 0x1B, 0xC0, 0x00, 0x00, 0x00, 0x00, 0xBF, 0x80, 0x00, 0x00, 0x00, 0x00, 0x9B, 0x00, 0x00,
    0x00, 0x00, 0x00, 0x0F, 0x00, 0x00, 0x00, 0x78, 0x00, 0x0E, 0x00, 0x00, 0x00, 0xE0, 0x00, 0x2D,
    0x00, 0x00, 0x03, 0xC0, 0x00, 0x3C, 0x00, 0x00, 0x0F, 0x00, 0x00, 0x3C, 0x00, 0x00, 0x3D, 0x00,
    0x00, 0xB8, 0x00, 0x00, 0xB4, 0x00, 0x00, 0xF4, 0x00, 0x02, 0xE0, 0x00, 0x00, 0xF0, 0x00, 0x0B,
    0x80, 0x00, 0x2B, 0xFA, 0x80, 0x1F, 0x00, 0x00, 0x7F, 0xFF, 0x80, 0x7C, 0x00, 0x00, 0xBF, 0xFF,
    0x40, 0xF7, 0xFF, 0xF4, 0x00, 0x00, 0x03, 0xDB, 0x55, 0x50, 0x00, 0x00, 0x0F, 0x4E, 0x00, 0x00,
    0x00, 0x00, 0x3E, 0x0D, 0x00, 0x00, 0x00, 0x00, 0xBC, 0x1C, 0x00, 0x00, 0x00, 0x02, 0xF0, 0x2E,
    0x94, 0x00, 0x00, 0x0B, 0xC0, 0x3F, 0xFF, 0x00, 0x00, 0x1F, 0x40, 0x00, 0x07, 0xC0, 0x00, 0x7D,
    0x00, 0x00, 0x03, 0xC0, 0x00, 0xF8, 0x00, 0x00, 0x07, 0xC0, 0x03, 0xE0, 0x00, 0x80, 0x2F, 0x40,
    0x0F, 0xC0, 0x01, 0xFF, 0xFF, 0x00, 0x3F, 0x00, 0x03, 0xFF, 0xFC, 0x00, 0x00, 0x00, 0x02, 0xFF,
    0x90, 0x00, 0x00, 0x1B, 0xF8, 0x00, 0x00, 0x00, 0x00, 0x3F, 0xEF, 0xC0, 0x00, 0x00, 0x00, 0x08,
    0x00, 0xF0, 0x00, 0x00, 0x00, 0x00, 0x00, 0x2C, 0x00, 0x00, 0x38, 0x00, 0x00, 0x0F, 0x00, 0x00,
    0x3C, 0x00, 0x00, 0x0B, 0x80, 0x00, 0x3C, 0x00, 0x00, 0x0B, 0xC0, 0x00, 0x3D, 0x00, 0x00, 0x0F,
    0xD0, 0x00, 0x2D, 0x00, 0x00, 0x2F, 0xD0, 0x00, 0x2E, 0x00, 0x00, 0x7F, 0xC0, 0x00, 0x1E, 0x00,
    0x00, 0xBF, 0x80, 0x00, 0x1F, 0x00, 0x00, 0xBF, 0xEA, 0x80, 0x1F, 0x00, 0x00, 0x3F, 0xFF, 0xF0,
    0x0F, 0x00, 0x00, 0x1F, 0xFF, 0xFC, 0x0F, 0xBF, 0xFF, 0x40, 0x00, 0x00, 0x0F, 0x6D, 0x55, 0x40,
    0x00, 0x00, 0x0F, 0x8E, 0x00, 0x00, 0x00, 0x00, 0x0B, 0x83, 0x40, 0x00, 0x00, 0x00, 0x0B, 0xC1,
    0xC0, 0x00, 0x00, 0x00, 0x0B, 0xC0, 0xBA, 0x50, 0x00, 0x00, 0x07, 0xC0, 0x3F, 0xFF, 0x00, 0x00,
    0x07, 0xD0, 0x00, 0x01, 0xF0, 0x00, 0x07, 0xD0, 0x00, 0x00, 0x3C, 0x00, 0x03, 0xE0, 0x00, 0x00,
    0x1F, 0x00, 0x03, 0xE0, 0x00, 0x80, 0x2F, 0x40, 0x03, 0xF0, 0x00, 0x7F, 0xFF, 0xC0, 0x03, 0xF0,
    0x00, 0x3F, 0xFF, 0xC0, 0x00, 0x00, 0x00, 0x0B, 0xFE, 0x40, 0x00, 0x00, 0x6F, 0xE4, 0x00, 0x00,
    0x00, 0x00, 0x39, 0x5B, 0x40, 0x00, 0x00, 0x00, 0x00, 0x00, 0xA0, 0x00, 0x00, 0x00, 0x00, 0x00,
    0x28, 0x00, 0x00, 0x78, 0x00, 0x00, 0x0D, 0x00, 0x00, 0x38, 0x00, 0x00, 0x1E, 0x00, 0x00, 0x3C,
    0x00, 0x0B, 0xFD, 0x00, 0x00, 0x3C, 0x00, 0x02, 0xAF, 0x80, 0x00, 0x3D, 0x00, 0x00, 0x00, 0xF4,
    0x00, 0x2D, 0x00, 0x00, 0x00, 0x2D, 0x00, 0x2E, 0x00, 0x00, 0x00, 0x0F, 0x00, 0x2E, 0x00, 0x00,
    0x00, 0x1F, 0xC0, 0x1F, 0x00, 0x00, 0x3F, 0xFF, 0xC0, 0x1F, 0x00, 0x00, 0x2F, 0xFF, 0xD0, 0x0F,
    0x7F, 0xFF, 0x46, 0xBE, 0x40, 0x0F, 0x6D, 0x55, 0x40, 0x00, 0x00, 0x0F, 0x4E, 0x00, 0x00, 0x00,
    0x00, 0x0F, 0x83, 0x40, 0x00, 0x00, 0x00, 0x0B, 0xC1, 0xC0, 0x00, 0x00, 0x00, 0x0B, 0xC0, 0xBA,
    0x50, 0x00, 0x00, 0x0B, 0xC0, 0x3F, 0xFF, 0x00, 0x00, 0x07, 0xD0, 0x00, 0x01, 0xF0, 0x00, 0x07,
    0xD0, 0x00, 0x00, 0x3C, 0x00, 0x03, 0xE0, 0x00, 0x00, 0x1F, 0x00, 0x03, 0xE0, 0x00, 0x80, 0x2F,
    0x40, 0x03, 0xF0, 0x00, 0x7F, 0xFF, 0xC0, 0x03, 0xF0, 0x00, 0x3F, 0xFF, 0xC0, 0x00, 0x00, 0x00,
    0x0B, 0xFE, 0x40, 0x00, 0x00, 0x00, 0x00, 0x00, 0x00, 0x00, 0x00, 0x00, 0xE0, 0x00, 0x00, 0x00,
    0x00, 0x03, 0xD0, 0x00, 0x00, 0x00, 0x00, 0x0F, 0xD0, 0x00, 0x00, 0x14, 0x00, 0x3E, 0xC0, 0x00,
    0x00, 0xB0, 0x00, 0xF2, 0xC0, 0x00, 0x02, 0xD0, 0x03, 0xD3, 0x80, 0x00, 0x0B, 0x40, 0x0F, 0x47,
    0x80, 0x00, 0x1E, 0x00, 0x3D, 0x0B, 0x40, 0x00, 0x78, 0x00, 0xBF, 0xFF, 0xF0, 0x01, 0xF0, 0x00,
    0xFF, 0xFF, 0xF0, 0x03, 0xC0, 0x00, 0x00, 0x3F, 0x00, 0x0F, 0x00, 0x00, 0x00, 0x3E, 0x00, 0x3D,
    0x00, 0x00, 0x00, 0xBD, 0x00, 0xFB, 0xFF, 0xF4, 0x00, 0x54, 0x03, 0xEB, 0x55, 0x50, 0x00, 0x00,
    0x0B, 0x8E, 0x00, 0x00, 0x00, 0x00, 0x2F, 0x0D, 0x00, 0x00, 0x00, 0x00, 0xBC, 0x1C, 0x00, 0x00,
    0x00, 0x01, 0xF0, 0x2E, 0x94, 0x00, 0x00, 0x07, 0xD0, 0x3F, 0xFF, 0x00, 0x00, 0x1F, 0x40, 0x00,
    0x07, 0xC0, 0x00, 0x3E, 0x00, 0x00, 0x03, 0xC0, 0x00, 0xF8, 0x00, 0x00, 0x07, 0xC0, 0x03, 0xF0,
    0x00, 0x80, 0x2F, 0x80, 0x0F, 0xC0, 0x01, 0xFF, 0xFF, 0x00, 0x3F, 0x00, 0x03, 0xFF, 0xFC, 0x00,
    0x00, 0x00, 0x02, 0xFF, 0x90, 0x00, 0x00, 0x1B, 0xC0, 0x00, 0x00, 0x00, 0x00, 0xBF, 0x80, 0x00,
    0x00, 0x00, 0x00, 0x9B, 0x00, 0x00, 0x00, 0x00, 0x00, 0x0F, 0x00, 0x00, 0x00, 0x78, 0x00, 0x0E,
    0x00, 0x00, 0x00, 0xE0, 0x00, 0x2D, 0x00, 0x00, 0x03, 0xC0, 0x00, 0x3C, 0x00, 0x00, 0x0F, 0x00,
    0x00, 0x3C, 0x00, 0x00, 0x3D, 0x00, 0x00, 0xB8, 0x00, 0x00, 0xB4, 0x00, 0x00, 0xF4, 0x00, 0x02,
    0xE0, 0x00, 0x00, 0xF0, 0x00, 0x07, 0xC0, 0x00, 0x2B, 0xFA, 0x80, 0x1F, 0x00, 0x00, 0x7F, 0xFF,
    0x80, 0x3C, 0x01, 0xA8, 0xBF, 0xFF, 0x40, 0xF4, 0x7F, 0xFC, 0x00, 0x00, 0x03, 0xE2, 0xE4, 0x00,
    0x00, 0x00, 0x0B, 0x87, 0x80, 0x00, 0x00, 0x00, 0x2F, 0x0E, 0x00, 0x00, 0x00, 0x00, 0x7C, 0x2C,
    0x55, 0x00, 0x00, 0x01, 0xF0, 0x3F, 0xFF, 0x80, 0x00, 0x03, 0xD0, 0x7F, 0x43, 0xD0, 0x00, 0x0F,
    0x80, 0xBC, 0x00, 0xE0, 0x00, 0x3E, 0x00, 0xF4, 0x00, 0xE0, 0x00, 0xFC, 0x00, 0xF0, 0x01, 0xE0,
    0x02, 0xF0, 0x00, 0xF0, 0x03, 0xC0, 0x0B, 0xD0, 0x00, 0xF8, 0x1F, 0xC0, 0x1F, 0x40, 0x00, 0xBF,
    0xFF, 0x00, 0x29, 0x00, 0x00, 0x3F, 0xF8, 0x00, 0x00, 0x00, 0x00, 0x01, 0x40, 0x00, 0x00, 0x15,
    0x55, 0x40, 0x00, 0x00, 0x00, 0x03, 0xFF, 0xF8, 0x00, 0x00, 0x00, 0x00, 0x70, 0x00, 0x00, 0x00,
    0x00, 0x00, 0x0B, 0x00, 0x00, 0x00, 0x00, 0x24, 0x00, 0xE0, 0x00, 0x00, 0x00, 0x0F, 0x00, 0x1D,
    0x00, 0x00, 0x00, 0x02, 0xC0, 0x02, 0xFF, 0xD0, 0x00, 0x00, 0xB4, 0x00, 0x2A, 0xAF, 0x80, 0x00,
    0x2E, 0x00, 0x00, 0x00, 0x3C, 0x00, 0x07, 0x80, 0x00, 0x00, 0x03, 0xD0, 0x01, 0xF0, 0x00, 0x00,
    0x00, 0x7C, 0x00, 0x3C, 0x00, 0x00, 0x90, 0x2F, 0x80, 0x0F, 0x00, 0x00, 0x1F, 0xFF, 0xF0, 0x03,
    0xD0, 0x1A, 0x82, 0xFF, 0xFC, 0x00, 0xF8, 0x7F, 0xFC, 0x1B, 0xF9, 0x00, 0x2E, 0x2E, 0x40, 0x00,
    0x00, 0x00, 0x0B, 0xC7, 0x80, 0x00, 0x00, 0x00, 0x01, 0xF0, 0xE0, 0x00, 0x00, 0x00, 0x00, 0x7C,
    0x2C, 0x55, 0x00, 0x00, 0x00, 0x1F, 0x43, 0xFF, 0xF8, 0x00, 0x00, 0x03, 0xD0, 0x7F, 0x43, 0xD0,
    0x00, 0x00, 0xF8, 0x0B, 0xC0, 0x0E, 0x00, 0x00, 0x3F, 0x00, 0xF4, 0x00, 0xE0, 0x00, 0x0B, 0xC0,
    0x0F, 0x00, 0x1E, 0x00, 0x02, 0xF0, 0x00, 0xF0, 0x03, 0xC0, 0x00, 0xBD, 0x00, 0x0F, 0x81, 0xFC,
    0x00, 0x1F, 0x40, 0x00, 0xBF, 0xFF, 0x00, 0x02, 0x90, 0x00, 0x03, 0xFF, 0x80, 0x00, 0x00, 0x00,
    0x00, 0x01, 0x40, 0x00, 0x00, 0x1B, 0xC0, 0x00, 0x00, 0x00, 0x00, 0xBF, 0x80, 0x00, 0x00, 0x00,
    0x00, 0x9B, 0x00, 0x00, 0x00, 0x00, 0x00, 0x0F, 0x00, 0x00, 0x00, 0x78, 0x00, 0x0E, 0x00, 0x00,
    0x00, 0xF0, 0x00, 0x2D, 0x00, 0x00, 0x03, 0xC0, 0x00, 0x3C, 0x00, 0x00, 0x0F, 0x00, 0x00, 0x3C,
    0x00, 0x00, 0x3D, 0x00, 0x00, 0xB8, 0x00, 0x00, 0xB4, 0x00, 0x00, 0xF4, 0x00, 0x02, 0xE0, 0x00,
    0x00, 0xF0, 0x00, 0x0B, 0x80, 0x00, 0x2B, 0xFA, 0x80, 0x1F, 0x00, 0x00, 0x7F, 0xFF, 0x80, 0x7C,
    0x00, 0x00, 0xBF, 0xFF, 0x40, 0xF0, 0x6F, 0xE0, 0x00, 0x00, 0x03, 0xD2, 0xD0, 0x38, 0x00, 0x00,
    0x0F, 0x47, 0x00, 0x2C, 0x00, 0x00, 0x3E, 0x0F, 0x00, 0x38, 0x00, 0x00, 0xBC, 0x0F, 0x00, 0xF0,
    0x00, 0x02, 0xF0, 0x07, 0xFF, 0xC0, 0x00, 0x0B, 0xC0, 0x07, 0xFF, 0x40, 0x00, 0x1F, 0x40, 0x3E,
    0x07, 0xD0, 0x00, 0x7D, 0x00, 0xB8, 0x01, 0xE0, 0x00, 0xF8, 0x00, 0xF0, 0x01, 0xE0, 0x03, 0xE0,
    0x02, 0xF0, 0x03, 0xD0, 0x0F, 0xC0, 0x01, 0xF4, 0x1F, 0xC0, 0x3F, 0x00, 0x00, 0xFF, 0xFF, 0x00,
    0x00, 0x00, 0x00, 0x2F, 0xF4, 0x00, 0x00, 0x6F, 0xE4, 0x00, 0x00, 0x00, 0x00, 0x39, 0x5B, 0x40,
    0x00, 0x00, 0x00, 0x00, 0x00, 0xA0, 0x00, 0x00, 0x00, 0x00, 0x00, 0x28, 0x00, 0x00, 0x78, 0x00,
    0x00, 0x0D, 0x00, 0x00, 0x38, 0x00, 0x00, 0x1E, 0x00, 0x00, 0x3C, 0x00, 0x0B, 0xFD, 0x00, 0x00,
    0x3C, 0x00, 0x02, 0xAF, 0x80, 0x00, 0x3D, 0x00, 0x00, 0x00, 0xF4, 0x00, 0x2D, 0x00, 0x00, 0x00,
    0x2D, 0x00, 0x2E, 0x00, 0x00, 0x00, 0x0F, 0x00, 0x2E, 0x00, 0x00, 0x00, 0x1F, 0xC0, 0x1F, 0x00,
    0x00, 0x3F, 0xFF, 0xC0, 0x1F, 0x00, 0x00, 0x2F, 0xFF, 0xD0, 0x0F, 0x06, 0xFE, 0x06, 0xBE, 0x40,
    0x0F, 0x4B, 0x40, 0xE0, 0x00, 0x00, 0x0F, 0x47, 0x00, 0x2C, 0x00, 0x00, 0x0F, 0x83, 0xC0, 0x0E,
    0x00, 0x00, 0x0B, 0xC0, 0xF0, 0x0F, 0x00, 0x00, 0x0B, 0xC0, 0x1F, 0xFF, 0x40, 0x00, 0x0B, 0xC0,
    0x07, 0xFF, 0x40, 0x00, 0x07, 0xD0, 0x0F, 0x81, 0xF4, 0x00, 0x07, 0xD0, 0x0B, 0x80, 0x1E, 0x00,
    0x03, 0xE0, 0x03, 0xC0, 0x07, 0x80, 0x03, 0xE0, 0x02, 0xF0, 0x03, 0xD0, 0x03, 0xF0, 0x00, 0x7D,
    0x07, 0xF0, 0x03, 0xF0, 0x00, 0x0F, 0xFF, 0xF0, 0x00, 0x00, 0x00, 0x00, 0xBF, 0xD0, 0x00, 0x00,
    0x15, 0x55, 0x40, 0x00, 0x00, 0x00, 0x03, 0xFF, 0xF8, 0x00, 0x00, 0x00, 0x00, 0x70, 0x00, 0x00,
    0x00, 0x00, 0x00, 0x0B, 0x00, 0x00, 0x00, 0x00, 0x24, 0x00, 0xE0, 0x00, 0x00, 0x00, 0x0F, 0x00,
    0x1D, 0x00, 0x00, 0x00, 0x03, 0xC0, 0x02, 0xFF, 0xD0, 0x00, 0x00, 0xB4, 0x00, 0x2A, 0xAF, 0x80,
    0x00, 0x2D, 0x00, 0x00, 0x00, 0x3C, 0x00, 0x0B, 0x80, 0x00, 0x00, 0x03, 0xD0, 0x01, 0xE0, 0x00,
    0x00, 0x00, 0x7C, 0x00, 0x7C, 0x00, 0x00, 0x90, 0x2F, 0x80, 0x1F, 0x00, 0x00, 0x1F, 0xFF, 0xF0,
    0x03, 0xC0, 0x00, 0x02, 0xFF, 0xFC, 0x00, 0xF4, 0x6F, 0xE0, 0x1B, 0xF9, 0x00, 0x3D, 0x2D, 0x03,
    0x80, 0x00, 0x00, 0x0F, 0x87, 0x00, 0x2C, 0x00, 0x00, 0x02, 0xE0, 0xF0, 0x03, 0xC0, 0x00, 0x00,
    0xBC, 0x0F, 0x00, 0xF0, 0x00, 0x00, 0x2F, 0x00, 0x7F, 0xFD, 0x00, 0x00, 0x07, 0xC0, 0x07, 0xFF,
    0x40, 0x00, 0x01, 0xF4, 0x03, 0xE0, 0x7D, 0x00, 0x00, 0x7D, 0x00, 0xB8, 0x01, 0xE0, 0x00, 0x0F,
    0x80, 0x0F, 0x00, 0x1E, 0x00, 0x03, 0xE0, 0x02, 0xF0, 0x03, 0xD0, 0x00, 0xFC, 0x00, 0x1F, 0x41,
    0xFC, 0x00, 0x3F, 0x00, 0x00, 0xFF, 0xFF, 0x00, 0x00, 0x00, 0x00, 0x02, 0xFF, 0x40, 0x00, 0x07,
    0xFF, 0xFD, 0x00, 0x00, 0x00, 0x05, 0x6A, 0xBC, 0x00, 0x00, 0x00, 0x00, 0x00, 0x38, 0x00, 0x00,
    0x00, 0x00, 0x00, 0xB4, 0x00, 0x00, 0x78, 0x00, 0x00, 0xF0, 0x00, 0x01, 0xE0, 0x00, 0x02, 0xE0,
    0x00, 0x03, 0xC0, 0x00, 0x07, 0xC0, 0x00, 0x0F, 0x00, 0x00, 0x0F, 0x80, 0x00, 0x3C, 0x00, 0x00,
    0x1F, 0x40, 0x00, 0xF4, 0x00, 0x00, 0x3F, 0x00, 0x02, 0xD0, 0x00, 0x00, 0x7D, 0x00, 0x0B, 0x80,
    0x00, 0x00, 0xFC, 0x00, 0x1F, 0x00, 0x00, 0x01, 0xF8, 0x00, 0x7C, 0x00, 0x00, 0x03, 0xF0, 0x01,
    0xF0, 0x6F, 0xE0, 0x01, 0x50, 0x03, 0xD2, 0xD0, 0x38, 0x00, 0x00, 0x0F, 0x47, 0x00, 0x2C, 0x00,
    0x00, 0x3E, 0x0F, 0x00, 0x38, 0x00, 0x00, 0xB8, 0x0F, 0x00, 0xF0, 0x00, 0x02, 0xF0, 0x07, 0xFF,
    0xD0, 0x00, 0x0B, 0xC0, 0x07, 0xFF, 0x40, 0x00, 0x1F, 0x40, 0x3E, 0x07, 0xD0, 0x00, 0x7D, 0x00,
    0xB8, 0x01, 0xE0, 0x00, 0xF8, 0x00, 0xF0, 0x01, 0xE0, 0x03, 0xE0, 0x02, 0xF0, 0x03, 0xD0, 0x0F,
    0xC0, 0x01, 0xF4, 0x1F, 0xC0, 0x3F, 0x00, 0x00, 0xFF, 0xFF, 0x00, 0x00, 0x00, 0x00, 0x2F, 0xF4,
    0x00, 0x00, 0x03, 0xF8, 0x00, 0x03, 0xFC, 0x00, 0x07, 0xF8, 0x00, 0x0B, 0xF4, 0x00, 0x0B, 0xF0,
    0x00, 0x0F, 0xF0, 0x00, 0x0F, 0xD0, 0x00, 0x1F, 0xC0, 0x00, 0x2F, 0xC0, 0x00, 0x3F, 0x80, 0x00,
    0x3F, 0x40, 0x00, 0xBF, 0x00, 0x00, 0xFF, 0x00, 0x00, 0xFE, 0x00, 0x01, 0xFE, 0x00, 0x02, 0xFD,
    0x00, 0x03, 0xFC, 0x00, 0x03, 0xFC, 0x00, 0x0B, 0xF8, 0x00, 0x0F, 0xF4, 0x00, 0x0F, 0xF4, 0x00,
    0x2F, 0xF0, 0x00, 0x3F, 0xF0, 0x00, 0x7F, 0xE0, 0x00, 0x6F, 0xE0, 0x00, 0x00, 0x03, 0xF8, 0x00,
    0x1F, 0x90, 0x00, 0x3F, 0xC0, 0x02, 0xFD, 0x00, 0x07, 0xF8, 0x00, 0x3F, 0xC0, 0x00, 0xBF, 0x40,
    0x03, 0xFC, 0x00, 0x0B, 0xF0, 0x00, 0x7F, 0x80, 0x00, 0xFF, 0x00, 0x0B, 0xF0, 0x00, 0x0F, 0xD0,
    0x00, 0xBF, 0x00, 0x01, 0xFC, 0x00, 0x0F, 0xE0, 0x00, 0x2F, 0xC0, 0x00, 0xFD, 0x00, 0x03, 0xF8,
    0x00, 0x1F, 0xC0, 0x00, 0x3F, 0x40, 0x03, 0xFC, 0x00, 0x0B, 0xF0, 0x00, 0x3F, 0x80, 0x00, 0xFF,
    0x00, 0x07, 0xF4, 0x00, 0x0F, 0xE0, 0x00, 0xBF, 0x00, 0x01, 0xFE, 0x00, 0x0F, 0xF0, 0x00, 0x2F,
    0xD0, 0x00, 0xFF, 0x00, 0x03, 0xFC, 0x00, 0x1F, 0xE0, 0x00, 0x3F, 0xC0, 0x03, 0xFD, 0x00, 0x0B,
    0xF8, 0x00, 0x3F, 0xC0, 0x00, 0xFF, 0x40, 0x07, 0xFC, 0x00, 0x0F, 0xF4, 0x00, 0xFF, 0xC0, 0x02,
    0xFF, 0x00, 0x0F, 0xF8, 0x00, 0x3F, 0xF0, 0x01, 0xFF, 0x40, 0x07, 0xFE, 0x00, 0x3F, 0xF0, 0x00,
    0x6F, 0xE0, 0x02, 0xFF, 0x00, 0x00, 0x00, 0x03, 0xF8, 0x00, 0x1F, 0x90, 0x00, 0xFE, 0x00, 0x00,
    0xFF, 0x00, 0x0B, 0xF4, 0x00, 0x3F, 0xC0, 0x00, 0x7F, 0x80, 0x03, 0xFC, 0x00, 0x1F, 0xE0, 0x00,
    0x2F, 0xD0, 0x00, 0xFF, 0x00, 0x0B, 0xF4, 0x00, 0x0B, 0xF0, 0x00, 0x7F, 0x80, 0x03, 0xFC, 0x00,
    0x03, 0xFC, 0x00, 0x2F, 0xC0, 0x00, 0xFE, 0x00, 0x00, 0xFD, 0x00, 0x0B, 0xF0, 0x00, 0x7F, 0x40,
    0x00, 0x7F, 0x00, 0x03, 0xF8, 0x00, 0x2F, 0xC0, 0x00, 0x2F, 0xC0, 0x00, 0xFD, 0x00, 0x0F, 0xF0,
    0x00, 0x0F, 0xE0, 0x00, 0x7F, 0x00, 0x03, 0xF8, 0x00, 0x03, 0xF4, 0x00, 0x3F, 0xC0, 0x01, 0xFD,
    0x00, 0x02, 0xFC, 0x00, 0x0F, 0xE0, 0x00, 0xBF, 0x00, 0x00, 0xFF, 0x00, 0x07, 0xF4, 0x00, 0x3F,
    0xC0, 0x00, 0x3F, 0x80, 0x02, 0xFC, 0x00, 0x0F, 0xE0, 0x00, 0x1F, 0xE0, 0x00, 0xFF, 0x00, 0x07,
    0xF8, 0x00, 0x0B, 0xF4, 0x00, 0x3F, 0xC0, 0x02, 0xFD, 0x00, 0x03, 0xFC, 0x00, 0x1F, 0xE0, 0x00,
    0xFF, 0x00, 0x00, 0xFF, 0x00, 0x0F, 0xF4, 0x00, 0x7F, 0xC0, 0x00, 0xBF, 0x80, 0x03, 0xFC, 0x00,
    0x2F, 0xE0, 0x00, 0x3F, 0xD0, 0x01, 0xFF, 0x00, 0x0F, 0xF8, 0x00, 0x0F, 0xF4, 0x00, 0xFF, 0xC0,
    0x07, 0xFD, 0x00, 0x0B, 0xFC, 0x00, 0x3F, 0xE0, 0x02, 0xFF, 0x00, 0x03, 0xFF, 0x00, 0x1F, 0xF4,
    0x00, 0xFF, 0xC0, 0x01, 0xFF, 0x80, 0x0F, 0xFC, 0x00, 0x7F, 0xE0, 0x00, 0x6F, 0xE0, 0x02, 0xFF,
    0x00, 0x1B, 0xF8, 0x00, 0x00, 0x00, 0x03, 0xF8, 0x02, 0xF8, 0x00, 0x00, 0x00, 0x0F, 0xD0, 0x00,
    0x3F, 0xC0, 0x3F, 0xC0, 0x00, 0x00, 0x03, 0xFC, 0x00, 0x07, 0xF8, 0x03, 0xFC, 0x00, 0x00, 0x00,
    0x7F, 0x40, 0x00, 0xBF, 0x40, 0x3F, 0xC0, 0x00, 0x00, 0x0F, 0xF0, 0x00, 0x0B, 0xF0, 0x02, 0xFC,
    0x00, 0x00, 0x03, 0xFC, 0x00, 0x00, 0xFF, 0x00, 0x2F, 0xD0, 0x00, 0x00, 0x7F, 0x80, 0x00, 0x0F,
    0xD0, 0x02, 0xFD, 0x00, 0x00, 0x0F, 0xF0, 0x00, 0x01, 0xFC, 0x00, 0x2F, 0xE0, 0x00, 0x03, 0xFD,
    0x00, 0x00, 0x2F, 0xC0, 0x02, 0xFE, 0x00, 0x00, 0xBF, 0xC0, 0x00, 0x03, 0xF8, 0x00, 0x1F, 0xE0,
    0x00, 0x0F, 0xF0, 0x00, 0x00, 0x3F, 0x40, 0x01, 0xFF, 0x00, 0x03, 0xFE, 0x00, 0x00, 0x0B, 0xF0,
    0x00, 0x1F, 0xF0, 0x00, 0xBF, 0xC0, 0x00, 0x00, 0xFF, 0x00, 0x01, 0xFF, 0x00, 0x0F, 0xF4, 0x00,
    0x00, 0x0F, 0xE0, 0x00, 0x1F, 0xF0, 0x03, 0xFF, 0x00, 0x00, 0x01, 0xFE, 0x00, 0x00, 0xFF, 0x40,
    0xBF, 0xC0, 0x00, 0x00, 0x2F, 0xD0, 0x00, 0x0F, 0xF4, 0x0F, 0xF8, 0x00, 0x00, 0x03, 0xFC, 0x00,
    0x00, 0xFF, 0x43, 0xFF, 0x00, 0x00, 0x00, 0x3F, 0xC0, 0x00, 0x0F, 0xF8, 0xBF, 0xD0, 0x00, 0x00,
    0x0B, 0xF8, 0x00, 0x00, 0xFF, 0xFF, 0xFC, 0x00, 0x00, 0x00, 0xFF, 0x40, 0x00, 0x0F, 0xFF, 0xFF,
    0x40, 0x00, 0x00, 0x0F, 0xF4, 0x00, 0x00, 0xFF, 0xFF, 0xE0, 0x00, 0x00, 0x02, 0xFF, 0x00, 0x00,
    0x0F, 0xFF, 0xFC, 0x00, 0x00, 0x00, 0x3F, 0xF0, 0x00, 0x00, 0xFF, 0xFF, 0x40, 0x00, 0x00, 0x07,
    0xFE, 0x00, 0x00, 0x0F, 0xFF, 0xF0, 0x00, 0x00, 0x00, 0x6F, 0xE0, 0x00, 0x00, 0xFF, 0xFD, 0x00,
    0x00, 0x00, 0x00, 0x2A, 0x40, 0x00, 0x00, 0x00, 0xA9, 0x3F, 0xC0, 0x00, 0x00, 0x03, 0xFC, 0x3F,
    0xC0, 0x00, 0x00, 0x0B, 0xF4, 0x3F, 0xC0, 0x00, 0x00, 0x0F, 0xE0, 0x3F, 0xC0, 0x00, 0x00, 0x3F,
    0xC0, 0x3F, 0xC0, 0x00, 0x00, 0xBF, 0x80, 0x3F, 0xD0, 0x00, 0x01, 0xFF, 0x00, 0x2F, 0xD0, 0x00,
    0x03, 0xFD, 0x00, 0x2F, 0xD0, 0x00, 0x0B, 0xF8, 0x00, 0x2F, 0xE0, 0x00, 0x1F, 0xF0, 0x00, 0x2F,
    0xE0, 0x00, 0x3F, 0xE0, 0x00, 0x2F, 0xF0, 0x00, 0xBF, 0xC0, 0x00, 0x1F, 0xF0, 0x01, 0xFF, 0x40,
    0x00, 0x1F, 0xF0, 0x03, 0xFE, 0x00, 0x00, 0x1F, 0xF0, 0x0B, 0xFC, 0x00, 0x00, 0x1F, 0xF0, 0x1F,
    0xF8, 0x00, 0x00, 0x1F, 0xF4, 0x3F, 0xF0, 0x00, 0x00, 0x0F, 0xF4, 0xBF, 0xD0, 0x00, 0x00, 0x0F,
    0xFF, 0xFF, 0x80, 0x00, 0x00, 0x0F, 0xFF, 0xFF, 0x00, 0x00, 0x00, 0x0F, 0xFF, 0xFE, 0x00, 0x00,
    0x00, 0x0F, 0xFF, 0xFC, 0x00, 0x00, 0x00, 0x0F, 0xFF, 0xF4, 0x00, 0x00, 0x00, 0x0F, 0xFF, 0xF0,
    0x00, 0x00, 0x00, 0x0F, 0xFF, 0xC0, 0x00, 0x00, 0x00, 0x3F, 0x80, 0x00, 0x00, 0x01, 0xFD, 0x07,
    0xF8, 0xFF, 0x00, 0x00, 0x00, 0x0F, 0xF0, 0x1F, 0xE3, 0xFC, 0x00, 0x00, 0x00, 0xBF, 0x40, 0xBF,
    0x4F, 0xF0, 0x00, 0x00, 0x07, 0xF8, 0x03, 0xFC, 0x3F, 0xC0, 0x00, 0x00, 0x3F, 0xC0, 0x0F, 0xE0,
    0xFF, 0x00, 0x00, 0x02, 0xFD, 0x00, 0x7F, 0x43, 0xFD, 0x00, 0x00, 0x1F, 0xF0, 0x02, 0xFC, 0x0B,
    0xF4, 0x00, 0x00, 0xFF, 0x40, 0x0F, 0xF0, 0x2F, 0xE0, 0x00, 0x0B, 0xF8, 0x00, 0x3F, 0x80, 0xBF,
    0x80, 0x00, 0x7F, 0xC0, 0x01, 0xFD, 0x02, 0xFE, 0x00, 0x03, 0xFD, 0x00, 0x0B, 0xF0, 0x0B, 0xFC,
    0x00, 0x2F, 0xF0, 0x00, 0x3F, 0xC0, 0x1F, 0xF0, 0x01, 0xFF, 0x40, 0x00, 0xFE, 0x00, 0x7F, 0xC0,
    0x0F, 0xF8, 0x00, 0x07, 0xF4, 0x01, 0xFF, 0x00, 0xBF, 0xC0, 0x00, 0x3F, 0xC0, 0x07, 0xFC, 0x07,
    0xFE, 0x00, 0x00, 0xFF, 0x00, 0x1F, 0xF4, 0x3F, 0xF0, 0x00, 0x07, 0xF8, 0x00, 0x3F, 0xD2, 0xFF,
    0x40, 0x00, 0x2F, 0xD0, 0x00, 0xFF, 0xFF, 0xF8, 0x00, 0x00, 0xFF, 0x40, 0x03, 0xFF, 0xFF, 0xC0,
    0x00, 0x07, 0xFC, 0x00, 0x0F, 0xFF, 0xFE, 0x00, 0x00, 0x2F, 0xF0, 0x00, 0x3F, 0xFF, 0xF0, 0x00,
    0x00, 0xFF, 0x80, 0x00, 0xFF, 0xFF, 0x40, 0x00, 0x07, 0xFE, 0x00, 0x03, 0xFF, 0xFC, 0x00, 0x00,
    0x2F, 0xF4, 0x00, 0x0F, 0xFF, 0xC0, 0x00, 0x00, 0xBF, 0xC0, 0x00, 0x3F, 0x80, 0x00, 0x00, 0x01,
    0xFD, 0x07, 0xF8, 0x00, 0x3F, 0x83, 0xFC, 0x00, 0x00, 0x00, 0x3F, 0xC0, 0x7F, 0x80, 0x03, 0xFC,
    0x3F, 0xC0, 0x00, 0x00, 0x0B, 0xF4, 0x0B, 0xF4, 0x00, 0x3F, 0x83, 0xFC, 0x00, 0x00, 0x01, 0xFE,
    0x00, 0xFF, 0x00, 0x07, 0xF4, 0x3F, 0xC0, 0x00, 0x00, 0x3F, 0xC0, 0x0F, 0xE0, 0x00, 0xBF, 0x03,
    0xFC, 0x00, 0x00, 0x0B, 0xF4, 0x01, 0xFD, 0x00, 0x0F, 0xF0, 0x3F, 0xD0, 0x00, 0x01, 0xFF, 0x00,
    0x2F, 0xC0, 0x00, 0xFE, 0x02, 0xFD, 0x00, 0x00, 0x3F, 0xD0, 0x03, 0xFC, 0x00, 0x1F, 0xD0, 0x2F,
    0xE0, 0x00, 0x0B, 0xF8, 0x00, 0x3F, 0x80, 0x02, 0xFC, 0x02, 0xFE, 0x00, 0x01, 0xFF, 0x00, 0x07,
    0xF4, 0x00, 0x3F, 0xC0, 0x2F, 0xE0, 0x00, 0x3F, 0xD0, 0x00, 0xBF, 0x00, 0x03, 0xF8, 0x02, 0xFF,
    0x00, 0x0B, 0xFC, 0x00, 0x0F, 0xF0, 0x00, 0x7F, 0x40, 0x1F, 0xF0, 0x01, 0xFF, 0x40, 0x00, 0xFE,
    0x00, 0x0B, 0xF0, 0x01, 0xFF, 0x00, 0x3F, 0xE0, 0x00, 0x1F, 0xD0, 0x00, 0xFF, 0x00, 0x1F, 0xF0,
    0x0B, 0xFC, 0x00, 0x03, 0xFC, 0x00, 0x1F, 0xE0, 0x01, 0xFF, 0x01, 0xFF, 0x80, 0x00, 0x3F, 0xC0,
    0x02, 0xFD, 0x00, 0x1F, 0xF4, 0x3F, 0xF0, 0x00, 0x07, 0xF8, 0x00, 0x3F, 0xD0, 0x00, 0xFF, 0x4B,
    0xFD, 0x00, 0x00, 0xBF, 0x40, 0x03, 0xFC, 0x00, 0x0F, 0xFF, 0xFF, 0x80, 0x00, 0x0F, 0xF4, 0x00,
    0x7F, 0xC0, 0x00, 0xFF, 0xFF, 0xF0, 0x00, 0x01, 0xFF, 0x00, 0x0F, 0xF8, 0x00, 0x0F, 0xFF, 0xFE,
    0x00, 0x00, 0x2F, 0xF0, 0x00, 0xFF, 0x40, 0x00, 0xFF, 0xFF, 0xC0, 0x00, 0x03, 0xFE, 0x00, 0x1F,
    0xF4, 0x00, 0x0F, 0xFF, 0xF4, 0x00, 0x00, 0x7F, 0xE0, 0x03, 0xFF, 0x00, 0x00, 0xFF, 0xFF, 0x00,
    0x00, 0x0B, 0xFD, 0x00, 0x3F, 0xF0, 0x00, 0x0F, 0xFF, 0xC0, 0x00, 0x00, 0xBF, 0xC0, 0x06, 0xFE,
    0x00, 0x00, 0x3F, 0x80, 0x00, 0x00, 0x01, 0xFD, 0x07, 0xF8, 0x00, 0x3F, 0x80, 0x01, 0xFE, 0x3F,
    0xC0, 0x00, 0x00, 0x03, 0xFC, 0x07, 0xF8, 0x00, 0x3F, 0xC0, 0x02, 0xFE, 0x3F, 0xC0, 0x00, 0x00,
    0x0B, 0xF4, 0x0B, 0xF4, 0x00, 0x3F, 0x80, 0x02, 0xFC, 0x3F, 0xC0, 0x00, 0x00, 0x1F, 0xE0, 0x0F,
    0xF0, 0x00, 0x7F, 0x40, 0x03, 0xFC, 0x3F, 0xC0, 0x00, 0x00, 0x3F, 0xC0, 0x0F, 0xE0, 0x00, 0xBF,
    0x00, 0x03, 0xF8, 0x3F, 0xC0, 0x00, 0x00, 0xBF, 0x40, 0x1F, 0xD0, 0x00, 0xFF, 0x00, 0x07, 0xF4,
    0x3F, 0xD0, 0x00, 0x01, 0xFF, 0x00, 0x2F, 0xC0, 0x00, 0xFE, 0x00, 0x0B, 0xF0, 0x2F, 0xD0, 0x00,
    0x03, 0xFD, 0x00, 0x3F, 0xC0, 0x01, 0xFD, 0x00, 0x0F, 0xF0, 0x2F, 0xE0, 0x00, 0x0B, 0xF8, 0x00,
    0x3F, 0x80, 0x02, 0xFC, 0x00, 0x0F, 0xE0, 0x2F, 0xE0, 0x00, 0x1F, 0xF0, 0x00, 0x7F, 0x40, 0x03,
    0xFC, 0x00, 0x1F, 0xD0, 0x2F, 0xE0, 0x00, 0x3F, 0xD0, 0x00, 0xBF, 0x00, 0x03, 0xF8, 0x00, 0x2F,
    0xC0, 0x2F, 0xF0, 0x00, 0xBF, 0xC0, 0x00, 0xFF, 0x00, 0x07, 0xF4, 0x00, 0x3F, 0xC0, 0x1F, 0xF0,
    0x01, 0xFF, 0x40, 0x00, 0xFE, 0x00, 0x0B, 0xF0, 0x00, 0x3F, 0x80, 0x1F, 0xF0, 0x03, 0xFE, 0x00,
    0x01, 0xFD, 0x00, 0x0F, 0xF0, 0x00, 0xBF, 0x40, 0x1F, 0xF0, 0x0B, 0xFC, 0x00, 0x03, 0xFC, 0x00,
    0x1F, 0xE0, 0x00, 0xFF, 0x00, 0x1F, 0xF0, 0x1F, 0xF8, 0x00, 0x03, 0xFC, 0x00, 0x2F, 0xD0, 0x00,
    0xFF, 0x00, 0x1F, 0xF4, 0x3F, 0xF0, 0x00, 0x07, 0xF8, 0x00, 0x3F, 0xD0, 0x01, 0xFE, 0x00, 0x0F,
    0xF4, 0xBF, 0xD0, 0x00, 0x0B, 0xF4, 0x00, 0x3F, 0xC0, 0x02, 0xFD, 0x00, 0x0F, 0xFF, 0xFF, 0x80,
    0x00, 0x0F, 0xF4, 0x00, 0x7F, 0xC0, 0x03, 0xFC, 0x00, 0x0F, 0xFF, 0xFF, 0x00, 0x00, 0x1F, 0xF0,
    0x00, 0xFF, 0x80, 0x07, 0xFC, 0x00, 0x0F, 0xFF, 0xFE, 0x00, 0x00, 0x2F, 0xF0, 0x00, 0xFF, 0x40,
    0x0B, 0xFC, 0x00, 0x0F, 0xFF, 0xFC, 0x00, 0x00, 0x3F, 0xE0, 0x01, 0xFF, 0x40, 0x0F, 0xF8, 0x00,
    0x0F, 0xFF, 0xF4, 0x00, 0x00, 0x7F, 0xE0, 0x03, 0xFF, 0x00, 0x1F, 0xF4, 0x00, 0x0F, 0xFF, 0xF0,
    0x00, 0x00, 0xBF, 0xD0, 0x03, 0xFF, 0x00, 0x2F, 0xF4, 0x00, 0x0F, 0xFF, 0xC0, 0x00, 0x00, 0xBF,
    0xC0, 0x06, 0xFE, 0x00, 0x2F, 0xF0, 0x00, 0x00, 0x03, 0xF8, 0x00, 0x2F, 0x80, 0x00, 0x00, 0x1F,
    0x80, 0x00, 0x3F, 0xC0, 0x01, 0xFC, 0x00, 0x00, 0x07, 0xF0, 0x00, 0x07, 0xF8, 0x00, 0x0F, 0xD0,
    0x00, 0x01, 0xFC, 0x00, 0x00, 0xBF, 0x40, 0x00, 0xBF, 0x00, 0x00, 0x7F, 0x00, 0x00, 0x0B, 0xF0,
    0x00, 0x07, 0xF4, 0x00, 0x1F, 0xD0, 0x00, 0x00, 0xFF, 0x00, 0x00, 0x3F, 0xC0, 0x07, 0xF4, 0x00,
    0x00, 0x0F, 0xD0, 0x00, 0x02, 0xFC, 0x01, 0xFD, 0x00, 0x00, 0x01, 0xFC, 0x00, 0x00, 0x1F, 0xE0,
    0x7F, 0x80, 0x00, 0x00, 0x2F, 0xC0, 0x00, 0x00, 0xFF, 0x1F, 0xE0, 0x00, 0x00, 0x03, 0xF8, 0x00,
    0x00, 0x0B, 0xFB, 0xFC, 0x00, 0x00, 0x00, 0x3F, 0x40, 0x00, 0x00, 0x3F, 0xFF, 0x00, 0x00, 0x00,
    0x0B, 0xF0, 0x00, 0x00, 0x03, 0xFF, 0xC0, 0x00, 0x00, 0x00, 0xFF, 0x00, 0x00, 0x00, 0x2F, 0xF0,
    0x00, 0x00, 0x00, 0x0F, 0xE0, 0x00, 0x00, 0x07, 0xFF, 0x40, 0x00, 0x00, 0x01, 0xFE, 0x00, 0x00,
    0x01, 0xFF, 0xF8, 0x00, 0x00, 0x00, 0x2F, 0xD0, 0x00, 0x00, 0x7F, 0xFF, 0xC0, 0x00, 0x00, 0x03,
    0xFC, 0x00, 0x00, 0x1F, 0xFB, 0xFE, 0x00, 0x00, 0x00, 0x3F, 0xC0, 0x00, 0x07, 0xFE, 0x3F, 0xF0,
    0x00, 0x00, 0x0B, 0xF8, 0x00, 0x01, 0xFF, 0x81, 0xFF, 0x40, 0x00, 0x00, 0xFF, 0x40, 0x00, 0x7F,
    0xF0, 0x0F, 0xFC, 0x00, 0x00, 0x0F, 0xF4, 0x00, 0x1F, 0xFC, 0x00, 0xFF, 0xD0, 0x00, 0x02, 0xFF,
    0x00, 0x07, 0xFF, 0x00, 0x07, 0xFF, 0x00, 0x00, 0x3F, 0xF0, 0x01, 0xFF, 0xC0, 0x00, 0x3F, 0xF0,
    0x00, 0x07, 0xFE, 0x00, 0x3F, 0xF4, 0x00, 0x02, 0xFF, 0x80, 0x00, 0x6F, 0xE0, 0x0F, 0xFD, 0x00,
    0x00, 0x1F, 0xFC, 0x00, 0x00, 0x00, 0x00, 0xBD, 0x00, 0x00, 0x00, 0x7E, 0x00, 0x00, 0x1F, 0xC0,
    0x00, 0x00, 0x7F, 0x00, 0x00, 0x03, 0xF4, 0x00, 0x00, 0x7F, 0x00, 0x00, 0x00, 0xBF, 0x00, 0x00,
    0x7F, 0x40, 0x00, 0x00, 0x1F, 0xD0, 0x00, 0x7F, 0x40, 0x00, 0x00, 0x03, 0xF8, 0x00, 0x7F, 0x40,
    0x00, 0x00, 0x00, 0xBF, 0x00, 0x7F, 0x80, 0x00, 0x00, 0x00, 0x1F, 0xE0, 0x7F, 0x80, 0x00, 0x00,
    0x00, 0x03, 0xFC, 0x7F, 0x80, 0x00, 0x00, 0x00, 0x00, 0xBF, 0xBF, 0xC0, 0x00, 0x00, 0x00, 0x00,
    0x1F, 0xFF, 0xC0, 0x00, 0x00, 0x00, 0x00, 0x03, 0xFF, 0xC0, 0x00, 0x00, 0x00, 0x00, 0x00, 0xBF,
    0xC0, 0x00, 0x00, 0x00, 0x00, 0x00, 0x7F, 0xF4, 0x00, 0x00, 0x00, 0x00, 0x00, 0x7F, 0xFE, 0x00,
    0x00, 0x00, 0x00, 0x00, 0x7F, 0xFF, 0xC0, 0x00, 0x00, 0x00, 0x00, 0x7F, 0xEF, 0xF8, 0x00, 0x00,
    0x00, 0x00, 0x7F, 0xE3, 0xFF, 0x00, 0x00, 0x00, 0x00, 0x7F, 0xE0, 0x7F, 0xD0, 0x00, 0x00, 0x00,
    0x7F, 0xF0, 0x0F, 0xFC, 0x00, 0x00, 0x00, 0x7F, 0xF0, 0x03, 0xFF, 0x40, 0x00, 0x00, 0x3F, 0xF0,
    0x00, 0x7F, 0xF0, 0x00, 0x00, 0x3F, 0xF0, 0x00, 0x0F, 0xFC, 0x00, 0x00, 0x3F, 0xF4, 0x00, 0x02,
    0xFF, 0x80, 0x00, 0x3F, 0xF4, 0x00, 0x00, 0x7F, 0xF0, 0x00, 0x00, 0x00, 0x00, 0xBE, 0x00, 0x00,
    0x00, 0x7E, 0x00, 0xBE, 0x40, 0x00, 0x1F, 0xC0, 0x00, 0x00, 0x7F, 0x00, 0x3F, 0xC0, 0x00, 0x03,
    0xF4, 0x00, 0x00, 0x7F, 0x00, 0x0F, 0xF0, 0x00, 0x00, 0xBF, 0x00, 0x00, 0x7F, 0x00, 0x07, 0xF8,
    0x00, 0x00, 0x1F, 0xD0, 0x00, 0x7F, 0x40, 0x02, 0xFD, 0x00, 0x00, 0x03, 0xFC, 0x00, 0x7F, 0x40,
    0x00, 0xBF, 0x00, 0x00, 0x00, 0xBF, 0x00, 0x7F, 0x40, 0x00, 0x3F, 0x80, 0x00, 0x00, 0x1F, 0xE0,
    0x7F, 0x80, 0x00, 0x0F, 0xD0, 0x00, 0x00, 0x03, 0xFC, 0x7F, 0x80, 0x00, 0x07, 0xF0, 0x00, 0x00,
    0x00, 0xBF, 0xBF, 0xC0, 0x00, 0x02, 0xFC, 0x00, 0x00, 0x00, 0x1F, 0xFF, 0xC0, 0x00, 0x00, 0xFE,
    0x00, 0x00, 0x00, 0x03, 0xFF, 0xC0, 0x00, 0x00, 0x7F, 0x40, 0x00, 0x00, 0x00, 0xBF, 0xC0, 0x00,
    0x00, 0x2F, 0xC0, 0x00, 0x00, 0x00, 0x7F, 0xF4, 0x00, 0x00, 0x0F, 0xF0, 0x00, 0x00, 0x00, 0x7F,
    0xFE, 0x00, 0x00, 0x03, 0xFC, 0x00, 0x00, 0x00, 0x7F, 0xFF, 0xC0, 0x00, 0x01, 0xFE, 0x00, 0x00,
    0x00, 0x7F, 0xEF, 0xF8, 0x00, 0x00, 0xBF, 0x40, 0x00, 0x00, 0x7F, 0xE3, 0xFF, 0x00, 0x00, 0x3F,
    0xC0, 0x00, 0x00, 0x7F, 0xE0, 0x7F, 0xD0, 0x00, 0x1F, 0xF0, 0x00, 0x00, 0x7F, 0xF0, 0x0F, 0xFC,
    0x00, 0x0B, 0xF8, 0x00, 0x00, 0x7F, 0xF0, 0x03, 0xFF, 0x40, 0x03, 0xFE, 0x00, 0x00, 0x7F, 0xF0,
    0x00, 0x7F, 0xF0, 0x01, 0xFF, 0x40, 0x00, 0x7F, 0xF0, 0x00, 0x0F, 0xFC, 0x00, 0xBF, 0xC0, 0x00,
    0x3F, 0xF4, 0x00, 0x02, 0xFF, 0x80, 0x3F, 0xF0, 0x00, 0x3F, 0xF4, 0x00, 0x00, 0x7F, 0xF0, 0x0B,
    0xFC, 0x00, 0x00, 0x00, 0x00, 0xBE, 0x00, 0x00, 0x00, 0x7E, 0x00, 0xBE, 0x40, 0x03, 0xF8, 0x00,
    0x01, 0xFC, 0x00, 0x00, 0x07, 0xF0, 0x03, 0xFC, 0x00, 0x1F, 0xE0, 0x00, 0x03, 0xF4, 0x00, 0x00,
    0x7F, 0x00, 0x0F, 0xF0, 0x00, 0xBF, 0x40, 0x00, 0x0B, 0xF0, 0x00, 0x07, 0xF0, 0x00, 0x7F, 0x80,
    0x03, 0xFC, 0x00, 0x00, 0x1F, 0xD0, 0x00, 0x7F, 0x40, 0x02, 0xFD, 0x00, 0x0F, 0xF0, 0x00, 0x00,
    0x3F, 0xC0, 0x07, 0xF4, 0x00, 0x0B, 0xF0, 0x00, 0x7F, 0x40, 0x00, 0x00, 0xBF, 0x00, 0x7F, 0x40,
    0x00, 0x3F, 0x80, 0x02, 0xFC, 0x00, 0x00, 0x01, 0xFE, 0x07, 0xF8, 0x00, 0x00, 0xFD, 0x00, 0x0F,
    0xF0, 0x00, 0x00, 0x03, 0xFC, 0x7F, 0x80, 0x00, 0x07, 0xF0, 0x00, 0x3F, 0x80, 0x00, 0x00, 0x0B,
    0xFB, 0xFC, 0x00, 0x00, 0x2F, 0xC0, 0x01, 0xFD, 0x00, 0x00, 0x00, 0x1F, 0xFF, 0xC0, 0x00, 0x00,
    0xFE, 0x00, 0x0B, 0xF0, 0x00, 0x00, 0x00, 0x3F, 0xFC, 0x00, 0x00, 0x07, 0xF4, 0x00, 0x3F, 0xC0,
    0x00, 0x00, 0x00, 0xBF, 0xC0, 0x00, 0x00, 0x2F, 0xC0, 0x00, 0xFE, 0x00, 0x00, 0x00, 0x07, 0xFF,
    0x40, 0x00, 0x00, 0xFF, 0x00, 0x07, 0xF4, 0x00, 0x00, 0x00, 0x7F, 0xFE, 0x00, 0x00, 0x03, 0xFC,
    0x00, 0x2F, 0xC0, 0x00, 0x00, 0x07, 0xFF, 0xFC, 0x00, 0x00, 0x1F, 0xE0, 0x00, 0xFF, 0x00, 0x00,
    0x00, 0x7F, 0xEF, 0xF8, 0x00, 0x00, 0xBF, 0x40, 0x03, 0xFC, 0x00, 0x00, 0x07, 0xFE, 0x3F, 0xF0,
    0x00, 0x03, 0xFC, 0x00, 0x2F, 0xE0, 0x00, 0x00, 0x7F, 0xE0, 0x7F, 0xD0, 0x00, 0x1F, 0xF0, 0x00,
    0xFF, 0x40, 0x00, 0x07, 0xFF, 0x00, 0xFF, 0xC0, 0x00, 0xBF, 0x80, 0x03, 0xFC, 0x00, 0x00, 0x7F,
    0xF0, 0x03, 0xFF, 0x40, 0x03, 0xFE, 0x00, 0x2F, 0xF0, 0x00, 0x07, 0xFF, 0x00, 0x07, 0xFF, 0x00,
    0x1F, 0xF4, 0x00, 0xFF, 0xC0, 0x00, 0x7F, 0xF0, 0x00, 0x0F, 0xFC, 0x00, 0xBF, 0xC0, 0x03, 0xFE,
    0x00, 0x03, 0xFF, 0x40, 0x00, 0x2F, 0xF8, 0x03, 0xFF, 0x00, 0x2F, 0xF4, 0x00, 0x3F, 0xF4, 0x00,
    0x00, 0x7F, 0xF0, 0x0B, 0xFC, 0x00, 0xBF, 0xD0, 0x00, 0x00, 0x00, 0xA9, 0x00, 0x00, 0x00, 0x1F,
    0xC0, 0x00, 0x00, 0x02, 0xFC, 0x00, 0x00, 0x00, 0x3F, 0x80, 0x00, 0x00, 0x03, 0xF4, 0x00, 0x00,
    0x00, 0xBF, 0x00, 0x00, 0x00, 0x0F, 0xE0, 0x00, 0x00, 0x00, 0xFD, 0x00, 0x00, 0x00, 0x1F, 0xC0,
    0x00, 0x00, 0x03, 0xFC, 0x00, 0x00, 0x00, 0x3F, 0x80, 0x00, 0x00, 0x07, 0xF0, 0x00, 0x00, 0x00,
    0xFF, 0x00, 0x00, 0x00, 0x0F, 0xE0, 0x00, 0x00, 0x01, 0xFD, 0x00, 0x00, 0x00, 0x2F, 0xC0, 0x00,
    0x00, 0x03, 0xF8, 0x00, 0x00, 0x00, 0x7F, 0x40, 0x00, 0x00, 0x0B, 0xF0, 0x00, 0x00, 0x00, 0xFF,
    0x00, 0x00, 0x00, 0x1F, 0xFA, 0xAB, 0xFF, 0xC2, 0xFF, 0xFF, 0xFF, 0xF8, 0x3F, 0xFF, 0xFF, 0xFF,
    0x43, 0xFF, 0xFF, 0xFF, 0xF0, 0xBF, 0xFF, 0xFF, 0xFF, 0x00, 0x00, 0x00, 0x00, 0x00, 0x00, 0x00,
    0x00, 0x00, 0x00, 0x00, 0x1B, 0xFF, 0x90, 0x00, 0x00, 0x01, 0xFF, 0xFF, 0xF8, 0x00, 0x00, 0x07,
    0xFF, 0xFF, 0xFC, 0x00, 0x00, 0x0B, 0xFF, 0x95, 0x5A, 0x00, 0x00, 0x0F, 0xFE, 0x00, 0x00, 0x00,
    0x00, 0x0F, 0xFC, 0x00, 0x00, 0x00, 0x00, 0x0F, 0xFC, 0x00, 0x00, 0x00, 0x00, 0x0B, 0xF8, 0x00,
    0x00, 0x00, 0x00, 0x07, 0xFC, 0x00, 0x00, 0x00, 0x00, 0x03, 0xFC, 0x00, 0x00, 0x00, 0x00, 0x01,
    0xFE, 0x00, 0x00, 0x00, 0x00, 0x00, 0xFF, 0x00, 0x00, 0x00, 0x00, 0x00, 0x7F, 0x80, 0x00, 0x00,
    0x00, 0x00, 0x2F, 0xD0, 0x00, 0x00, 0x00, 0x00, 0x0F, 0xF4, 0x00, 0x00, 0x00, 0x00, 0x03, 0xFE,
    0x00, 0x00, 0x00, 0x00, 0x01, 0xFF, 0xC0, 0x00, 0x00, 0x00, 0x00, 0x7F, 0xFC, 0x00, 0x00, 0x10,
    0x00, 0x1F, 0xFF, 0xF9, 0x56, 0xFC, 0x00, 0x07, 0xFF, 0xFF, 0xFF, 0xFE, 0x00, 0x00, 0xFF, 0xFF,
    0xFF, 0xFF, 0x40, 0x00, 0x2F, 0xFF, 0xFF, 0xFF, 0xC0, 0x00, 0x03, 0xFF, 0xFF, 0xFF, 0xF0, 0x00,
    0x00, 0x7F, 0xFF, 0xFF, 0xF8, 0x00, 0x00, 0x02, 0xFF, 0xFF, 0xE8, 0x00, 0x00, 0x00, 0x00, 0x00,
    0x00, 0x00, 0x00, 0x00, 0x03, 0xFF, 0xFE, 0x90, 0x00, 0x00, 0x01, 0xFF, 0xFF, 0xFF, 0x80, 0x00,
    0x00, 0xBF, 0xFF, 0xFF, 0xFC, 0x00, 0x00, 0x3F, 0xFF, 0xFF, 0xFF, 0xC0, 0x00, 0x1F, 0xC0, 0x00,
    0x7F, 0xF8, 0x00, 0x0B, 0xF0, 0x00, 0x02, 0xFF, 0x00, 0x03, 0xF8, 0x00, 0x00, 0x2F, 0xE0, 0x00,
    0xFD, 0x00, 0x00, 0x03, 0xFC, 0x00, 0x7F, 0x00, 0x00, 0x00, 0xFF, 0x00, 0x2F, 0xC0, 0x00, 0x00,
    0x3F, 0xC0, 0x0F, 0xE0, 0x00, 0x00, 0x0F, 0xF0, 0x03, 0xF4, 0x00, 0x00, 0x03, 0xFC, 0x01, 0xFC,
    0x00, 0x00, 0x00, 0xFF, 0x00, 0xBF, 0x00, 0x00, 0x00, 0x7F, 0xC0, 0x3F, 0x80, 0x00, 0x00, 0x2F,
    0xE0, 0x0F, 0xD0, 0x00, 0x00, 0x0F, 0xF4, 0x07, 0xF0, 0x00, 0x00, 0x0F, 0xFC, 0x02, 0xFC, 0x00,
    0x00, 0x1F, 0xFE, 0x00, 0xFE, 0x55, 0x56, 0xFF, 0xFF, 0x00, 0x3F, 0xFF, 0xFF, 0xFF, 0xFF, 0x40,
    0x1F, 0xFF, 0xFF, 0xFF, 0xFF, 0x80, 0x0F, 0xFF, 0xFF, 0xFF, 0xFF, 0x80, 0x03, 0xFF, 0xFF, 0xFF,
    0xFF, 0x40, 0x01, 0xFF, 0xFF, 0xFF, 0xFD, 0x00, 0x00, 0xBF, 0xFF, 0xFE, 0x90, 0x00, 0x00, 0x00,
    0x00, 0x00, 0xAA, 0x80, 0x00, 0x00, 0x2A, 0xA0, 0x00, 0x03, 0xFF, 0x40, 0x00, 0x01, 0xFF, 0xC0,
    0x00, 0x1F, 0xFE, 0x00, 0x00, 0x0F, 0xFE, 0x00, 0x00, 0xFF, 0xF8, 0x00, 0x00, 0xBF, 0xF4, 0x00,
    0x03, 0xFF, 0xF0, 0x00, 0x07, 0xFF, 0xC0, 0x00, 0x1F, 0xFF, 0xC0, 0x00, 0x3F, 0xFF, 0x00, 0x00,
    0xBF, 0xFF, 0x00, 0x02, 0xFF, 0xFC, 0x00, 0x03, 0xFF, 0xFC, 0x00, 0x1F, 0xFF, 0xE0, 0x00, 0x1F,
    0xDF, 0xF4, 0x00, 0xFF, 0xBF, 0x40, 0x00, 0xBE, 0x7F, 0xE0, 0x0B, 0xFA, 0xFD, 0x00, 0x03, 0xF8,
    0xFF, 0x80, 0x7F, 0xCF, 0xF0, 0x00, 0x1F, 0xD3, 0xFF, 0x03, 0xFD, 0x7F, 0xC0, 0x00, 0xBF, 0x0F,
    0xFC, 0x2F, 0xE2, 0xFE, 0x00, 0x03, 0xFC, 0x3F, 0xF1, 0xFF, 0x0F, 0xF8, 0x00, 0x1F, 0xE0, 0xBF,
    0xDF, 0xF4, 0x7F, 0xD0, 0x00, 0xBF, 0x82, 0xFF, 0xFF, 0xC2, 0xFF, 0x00, 0x03, 0xFD, 0x07, 0xFF,
    0xFC, 0x0F, 0xFC, 0x00, 0x1F, 0xF0, 0x0F, 0xFF, 0xE0, 0x7F, 0xF0, 0x00, 0xBF, 0xC0, 0x3F, 0xFF,
    0x02, 0xFF, 0x80, 0x03, 0xFE, 0x00, 0xFF, 0xF4, 0x0F, 0xFD, 0x00, 0x0F, 0xF4, 0x03, 0xFF, 0x80,
    0x7F, 0xF0, 0x00, 0xBF, 0xD0, 0x0B, 0xFC, 0x02, 0xFF, 0xC0, 0x03, 0xFF, 0x00, 0x2F, 0xD0, 0x0F,
    0xFF, 0x00, 0x0F, 0xFC, 0x00, 0x00, 0x00, 0x7F, 0xF8, 0x00, 0xBF, 0xE0, 0x00, 0x00, 0x02, 0xFF,
    0xD0, 0x00, 0x00, 0x01, 0xF4, 0x00, 0x0F, 0xE0, 0x00, 0xBF, 0x40, 0x03, 0xFD, 0x00, 0x1F, 0xF0,
    0x00, 0x00, 0x00, 0x00, 0x00, 0x00, 0x00, 0x00, 0x00, 0x00, 0x00, 0x00, 0x50, 0x00, 0x03, 0xE0,
    0x00, 0x0F, 0x40, 0x00, 0x7C, 0x00, 0x02, 0xE0, 0x00, 0x0F, 0x40, 0x00, 0x3C, 0x00, 0x02, 0xF0,
    0x00, 0x0F, 0x80, 0x00, 0x3D, 0x00, 0x02, 0xF0, 0x00, 0x0F, 0xC0, 0x00, 0x3F, 0x00, 0x02, 0xF8,
    0x00, 0x0F, 0xD0, 0x00, 0x3F, 0x40, 0x01, 0xFC, 0x00, 0x00, 0x00, 0x01, 0xF4, 0x00, 0x7E, 0x00,
    0x03, 0xF8, 0x00, 0xFE, 0x00, 0x0B, 0xF4, 0x01, 0xFE, 0x00, 0x0F, 0xF4, 0x03, 0xFD, 0x00, 0x1F,
    0xF0, 0x07, 0xFD, 0x00, 0x00, 0x00, 0x00, 0x00, 0x00, 0x00, 0x00, 0x00, 0x00, 0x00, 0x00, 0x00,
    0x00, 0x00, 0x00, 0x00, 0x00, 0x00, 0x00, 0x00, 0x14, 0x00, 0x01, 0x00, 0x00, 0x3E, 0x00, 0x0B,
    0x80, 0x00, 0x3D, 0x00, 0x0F, 0x40, 0x00, 0x7C, 0x00, 0x0F, 0x00, 0x00, 0xB8, 0x00, 0x2F, 0x00,
    0x00, 0xF4, 0x00, 0x3E, 0x00, 0x00, 0xF0, 0x00, 0x3D, 0x00, 0x02, 0xF0, 0x00, 0x7C, 0x00, 0x03,
    0xE0, 0x00, 0xFC, 0x00, 0x03, 0xD0, 0x00, 0xF8, 0x00, 0x0B, 0xC0, 0x01, 0xF4, 0x00, 0x0F, 0xC0,
    0x03, 0xF0, 0x00, 0x0F, 0xC0, 0x03, 0xF0, 0x00, 0x2F, 0x80, 0x07, 0xE0, 0x00, 0x3F, 0x40, 0x0F,
    0xE0, 0x00, 0x3F, 0x40, 0x0F, 0xD0, 0x00, 0x7F, 0x00, 0x1F, 0xD0, 0x00, 0x00, 0x01, 0xF4, 0x00,
    0x7E, 0x00, 0x1F, 0x80, 0x00, 0xFE, 0x00, 0x3F, 0x80, 0x0F, 0xE0, 0x00, 0xBF, 0x40, 0x1F, 0xE0,
    0x07, 0xF8, 0x00, 0x3F, 0xD0, 0x0F, 0xF4, 0x03, 0xFD, 0x00, 0x1F, 0xF0, 0x07, 0xFD, 0x01, 0xFF,
    0x40, 0x00, 0x00, 0x00, 0x00, 0x00, 0x00, 0x00, 0x00, 0x00, 0x00, 0x00, 0x00, 0x00, 0x00, 0x00,
    0x00, 0x00, 0x00, 0x00, 0x00, 0x00, 0x00, 0x00, 0x00, 0x00, 0x00, 0x00, 0x00, 0x00, 0x05, 0x00,
    0x00, 0x40, 0x00, 0x10, 0x00, 0x03, 0xE0, 0x00, 0xB8, 0x00, 0x2F, 0x00, 0x00, 0xF4, 0x00, 0x3D,
    0x00, 0x0F, 0x40, 0x00, 0x7C, 0x00, 0x0F, 0x00, 0x03, 0xC0, 0x00, 0x2E, 0x00, 0x0B, 0xC0, 0x01,
    0xF0, 0x00, 0x0F, 0x40, 0x03, 0xE0, 0x00, 0xB8, 0x00, 0x03, 0xC0, 0x00, 0xF4, 0x00, 0x3D, 0x00,
    0x02, 0xF0, 0x00, 0x7C, 0x00, 0x1F, 0x00, 0x00, 0xF8, 0x00, 0x3F, 0x00, 0x0B, 0xC0, 0x00, 0x3D,
    0x00, 0x0F, 0x80, 0x03, 0xE0, 0x00, 0x2F, 0x00, 0x07, 0xD0, 0x01, 0xF4, 0x00, 0x0F, 0xC0, 0x03,
    0xF0, 0x00, 0xBC, 0x00, 0x03, 0xF0, 0x00, 0xFC, 0x00, 0x3F, 0x00, 0x02, 0xF8, 0x00, 0x7E, 0x00,
    0x1F, 0xC0, 0x00, 0xFD, 0x00, 0x3F, 0x80, 0x0B, 0xE0, 0x00, 0x3F, 0x40, 0x0F, 0xD0, 0x03, 0xF8,
    0x00, 0x1F, 0xC0, 0x07, 0xF4, 0x00, 0xFD, 0x00, 0x00, 0x00, 0x01, 0xF4, 0x00, 0x00, 0x00, 0x00,
    0x00, 0x00, 0x0F, 0xE0, 0x00, 0x00, 0x00, 0x00, 0x00, 0x00, 0xBF, 0x40, 0x00, 0x00, 0x00, 0x00,
    0x00, 0x03, 0xFD, 0x00, 0x00, 0x00, 0x00, 0x00, 0x00, 0x1F, 0xF0, 0x00, 0x00, 0x00, 0x00, 0x00,
    0x00, 0x00, 0x00, 0x00, 0x00, 0x00, 0x00, 0x00, 0x00, 0x00, 0x00, 0x00, 0x00, 0x00, 0x00, 0x00,
    0x00, 0x00, 0x00, 0x00, 0x00, 0x00, 0x00, 0x00, 0x00, 0x00, 0x00, 0x00, 0x00, 0x00, 0x00, 0x00,
    0x50, 0x00, 0x00, 0x00, 0x00, 0x00, 0x00, 0x03, 0xE0, 0x03, 0xF0, 0x00, 0x00, 0x3F, 0x00, 0x0F,
    0x40, 0x0B, 0xD0, 0x00, 0x02, 0xF4, 0x00, 0x7C, 0x00, 0x1F, 0x80, 0x00, 0x1F, 0x80, 0x02, 0xE0,
    0x00, 0x3F, 0x00, 0x00, 0xFC, 0x00, 0x0F, 0x40, 0x00, 0xFC, 0x00, 0x0F, 0xC0, 0x00, 0x3C, 0x00,
    0x03, 0xF4, 0x00, 0x7D, 0x00, 0x02, 0xF0, 0x00, 0x0B, 0xE0, 0x03, 0xE0, 0x00, 0x0F, 0x80, 0x00,
    0x2F, 0xC0, 0x3F, 0x00, 0x00, 0x3D, 0x00, 0x00, 0x7F, 0x02, 0xF4, 0x00, 0x02, 0xF0, 0x00, 0x00,
    0xFD, 0x1F, 0x80, 0x00, 0x0F, 0xC0, 0x00, 0x03, 0xF8, 0xFC, 0x00, 0x00, 0x3F, 0x00, 0x00, 0x0F,
    0xFF, 0xC0, 0x00, 0x02, 0xF8, 0x00, 0x00, 0x3F, 0xFE, 0x00, 0x00, 0x0F, 0xD0, 0x00, 0x00, 0xFF,
    0xF4, 0x00, 0x00, 0x3F, 0x40, 0x00, 0x03, 0xFF, 0xC0, 0x00, 0x01, 0xFC, 0x00, 0x00, 0x0F, 0xFE,
    0x00, 0x00, 0x00, 0x7D, 0x00, 0x00, 0x03, 0xE3, 0xE0, 0x00, 0x00, 0xFC, 0x3F, 0x00, 0x00, 0x2F,
    0x03, 0xF4, 0x00, 0x07, 0xD0, 0x2F, 0x80, 0x00, 0xF8, 0x01, 0xFC, 0x00, 0x3F, 0x00, 0x0F, 0xC0,
    0x0B, 0xD0, 0x00, 0xFD, 0x01, 0xF8, 0x00, 0x0F, 0xE0, 0x3F, 0x00, 0x00, 0xBF, 0x0F, 0xC0, 0x00,
    0x07, 0xF2, 0xF4, 0x00, 0x00, 0x7F, 0xBE, 0x00, 0x00, 0x07, 0xFF, 0xC0, 0x00, 0x00, 0x7F, 0xFC,
    0x00, 0x00, 0x07, 0xFF, 0x40, 0x00, 0x00, 0xBF, 0xF0, 0x00, 0x00, 0x00, 0x00, 0x00, 0x00, 0x00,
    0x00, 0x1F, 0x40, 0x00, 0x00, 0x00, 0x00, 0x00, 0x0F, 0xE0, 0x00, 0x00, 0x00, 0x00, 0x00, 0x0B,
    0xF4, 0x00, 0x00, 0x00, 0x00, 0x00, 0x03, 0xFD, 0x00, 0x00, 0x00, 0x00, 0x00, 0x01, 0xFF, 0x00,
    0x00, 0x00, 0x00, 0x00, 0x00, 0x00, 0x00, 0x00, 0x00, 0x00, 0x00, 0x00, 0x00, 0x00, 0x00, 0x00,
    0x00, 0x00, 0x00, 0x00, 0x00, 0x00, 0x00, 0x00, 0x00, 0x00, 0x00, 0x00, 0x00, 0x00, 0x00, 0x00,
    0x00, 0x00, 0x50, 0x07, 0xE0, 0x00, 0x00, 0x7D, 0x00, 0x3E, 0x00, 0xFC, 0x00, 0x00, 0x3E, 0x00,
    0x0F, 0x40, 0x3F, 0x00, 0x00, 0x3F, 0x00, 0x07, 0xC0, 0x0B, 0xD0, 0x00, 0x2F, 0x40, 0x02, 0xE0,
    0x02, 0xF8, 0x00, 0x1F, 0x80, 0x00, 0xF4, 0x00, 0x7F, 0x00, 0x0F, 0xC0, 0x00, 0x3C, 0x00, 0x0F,
    0xC0, 0x0B, 0xC0, 0x00, 0x2F, 0x00, 0x03, 0xF4, 0x07, 0xE0, 0x00, 0x0F, 0x80, 0x00, 0xFE, 0x03,
    0xF0, 0x00, 0x03, 0xD0, 0x00, 0x2F, 0xC3, 0xF0, 0x00, 0x02, 0xF0, 0x00, 0x07, 0xF2, 0xF4, 0x00,
    0x00, 0xFC, 0x00, 0x01, 0xFE, 0xF8, 0x00, 0x00, 0x3F, 0x00, 0x00, 0x7F, 0xFC, 0x00, 0x00, 0x2F,
    0x80, 0x00, 0x1F, 0xFF, 0x00, 0x00, 0x0F, 0xD0, 0x00, 0x07, 0xFF, 0x40, 0x00, 0x03, 0xF4, 0x00,
    0x02, 0xFF, 0xC0, 0x00, 0x01, 0xFC, 0x00, 0x00, 0x00, 0x00, 0x00, 0x00, 0x00, 0x00, 0x1F, 0x40,
    0x07, 0xE0, 0x00, 0x00, 0x00, 0x00, 0x00, 0x03, 0xF8, 0x00, 0xFE, 0x00, 0x00, 0x00, 0x00, 0x00,
    0x00, 0xBF, 0x40, 0x1F, 0xE0, 0x00, 0x00, 0x00, 0x00, 0x00, 0x0F, 0xF4, 0x03, 0xFD, 0x00, 0x00,
    0x00, 0x00, 0x00, 0x01, 0xFF, 0x00, 0x7F, 0xD0, 0x00, 0x00, 0x00, 0x00, 0x00, 0x00, 0x00, 0x00,
    0x00, 0x00, 0x00, 0x00, 0x00, 0x00, 0x00, 0x00, 0x00, 0x00, 0x00, 0x00, 0x00, 0x00, 0x00, 0x00,
    0x00, 0x00, 0x00, 0x00, 0x00, 0x00, 0x00, 0x00, 0x00, 0x00, 0x00, 0x00, 0x00, 0x00, 0x00, 0x00,
    0x00, 0x00, 0x00, 0x14, 0x00, 0x01, 0x00, 0x7E, 0x00, 0x00, 0x07, 0xD0, 0x03, 0xE0, 0x00, 0xB8,
    0x03, 0xF0, 0x00, 0x00, 0xF8, 0x00, 0x3D, 0x00, 0x0F, 0x40, 0x3F, 0x00, 0x00, 0x3F, 0x00, 0x07,
    0xC0, 0x00, 0xF0, 0x02, 0xF4, 0x00, 0x0B, 0xD0, 0x00, 0xB8, 0x00, 0x2F, 0x00, 0x2F, 0x80, 0x01,
    0xF8, 0x00, 0x0F, 0x40, 0x03, 0xE0, 0x01, 0xFC, 0x00, 0x3F, 0x00, 0x00, 0xF0, 0x00, 0x3D, 0x00,
    0x0F, 0xC0, 0x0B, 0xC0, 0x00, 0x2F, 0x00, 0x07, 0xC0, 0x00, 0xFD, 0x01, 0xF8, 0x00, 0x03, 0xE0,
    0x00, 0xFC, 0x00, 0x0F, 0xE0, 0x3F, 0x00, 0x00, 0x3D, 0x00, 0x0F, 0x80, 0x00, 0xBF, 0x0F, 0xC0,
    0x00, 0x0B, 0xC0, 0x01, 0xF4, 0x00, 0x07, 0xF2, 0xF4, 0x00, 0x00, 0xFC, 0x00, 0x3F, 0x00, 0x00,
    0x7F, 0xBE, 0x00, 0x00, 0x0F, 0xC0, 0x03, 0xF0, 0x00, 0x07, 0xFF, 0xC0, 0x00, 0x02, 0xF8, 0x00,
    0x7E, 0x00, 0x00, 0x7F, 0xFC, 0x00, 0x00, 0x3F, 0x40, 0x0F, 0xE0, 0x00, 0x07, 0xFF, 0x40, 0x00,
    0x03, 0xF4, 0x00, 0xFD, 0x00, 0x00, 0xBF, 0xF0, 0x00, 0x00, 0x7F, 0x00, 0x1F, 0xD0, 0x00, 0x00,
    0x00, 0x00, 0x00, 0x00, 0x00, 0x1F, 0x40, 0x07, 0xE0, 0x01, 0xF8, 0x00, 0x00, 0x00, 0x00, 0x00,
    0x00, 0xFE, 0x00, 0x3F, 0x80, 0x0F, 0xE0, 0x00, 0x00, 0x00, 0x00, 0x00, 0x0B, 0xF4, 0x01, 0xFE,
    0x00, 0x7F, 0x80, 0x00, 0x00, 0x00, 0x00, 0x00, 0x3F, 0xD0, 0x0F, 0xF4, 0x03, 0xFD, 0x00, 0x00,
    0x00, 0x00, 0x00, 0x01, 0xFF, 0x00, 0x7F, 0xD0, 0x1F, 0xF4, 0x00, 0x00, 0x00, 0x00, 0x00, 0x00,
    0x00, 0x00, 0x00, 0x00, 0x00, 0x00, 0x00, 0x00, 0x00, 0x00, 0x00, 0x00, 0x00, 0x00, 0x00, 0x00,
    0x00, 0x00, 0x00, 0x00, 0x00, 0x00, 0x00, 0x00, 0x00, 0x00, 0x00, 0x00, 0x00, 0x00, 0x00, 0x00,
    0x00, 0x00, 0x00, 0x00, 0x00, 0x00, 0x00, 0x00, 0x00, 0x00, 0x00, 0x00, 0x00, 0x00, 0x05, 0x00,
    0x00, 0x40, 0x00, 0x10, 0x07, 0xD0, 0x00, 0x00, 0x7D, 0x00, 0x3E, 0x00, 0x0B, 0x80, 0x02, 0xF0,
    0x0F, 0x80, 0x00, 0x03, 0xE0, 0x00, 0xF4, 0x00, 0x3D, 0x00, 0x0F, 0x40, 0x3F, 0x00, 0x00, 0x3F,
    0x00, 0x07, 0xC0, 0x00, 0xF0, 0x00, 0x3C, 0x00, 0xFD, 0x00, 0x02, 0xF4, 0x00, 0x2E, 0x00, 0x0B,
    0xC0, 0x01, 0xF0, 0x02, 0xF8, 0x00, 0x1F, 0x80, 0x00, 0xF4, 0x00, 0x3E, 0x00, 0x0B, 0x80, 0x07,
    0xF0, 0x00, 0xFC, 0x00, 0x03, 0xC0, 0x00, 0xF4, 0x00, 0x3D, 0x00, 0x0F, 0xC0, 0x0B, 0xC0, 0x00,
    0x2F, 0x00, 0x07, 0xC0, 0x01, 0xF0, 0x00, 0x3F, 0x40, 0x7E, 0x00, 0x00, 0xF8, 0x00, 0x3F, 0x00,
    0x0B, 0xC0, 0x00, 0xFE, 0x03, 0xF0, 0x00, 0x03, 0xD0, 0x00, 0xF8, 0x00, 0x3E, 0x00, 0x02, 0xFC,
    0x3F, 0x00, 0x00, 0x2F, 0x00, 0x07, 0xD0, 0x01, 0xF4, 0x00, 0x07, 0xF2, 0xF4, 0x00, 0x00, 0xFC,
    0x00, 0x3F, 0x00, 0x0B, 0xC0, 0x00, 0x1F, 0xEF, 0x80, 0x00, 0x03, 0xF0, 0x00, 0xFC, 0x00, 0x3F,
    0x00, 0x00, 0x7F, 0xFC, 0x00, 0x00, 0x2F, 0x80, 0x07, 0xE0, 0x01, 0xFC, 0x00, 0x01, 0xFF, 0xF0,
    0x00, 0x00, 0xFD, 0x00, 0x3F, 0x80, 0x0B, 0xE0, 0x00, 0x07, 0xFF, 0x40, 0x00, 0x03, 0xF4, 0x00,
    0xFD, 0x00, 0x3F, 0x80, 0x00, 0x2F, 0xFC, 0x00, 0x00, 0x1F, 0xC0, 0x07, 0xF4, 0x00, 0xFD, 0x00,
    0x00, 0x00, 0x02, 0xF8, 0x00, 0x00, 0x00, 0x00, 0x00, 0x00, 0x0F, 0xE0, 0x00, 0x00, 0x00, 0x00,
    0x00, 0x00, 0xBF, 0x40, 0x00, 0x00, 0x00, 0x00, 0x00, 0x03, 0xFD, 0x00, 0x00, 0x00, 0x00, 0x00,
    0x00, 0x1F, 0xF0, 0x00, 0x00, 0x00, 0x00, 0x00, 0x00, 0x00, 0x00, 0x00, 0x00, 0x00, 0x00, 0x00,
    0x00, 0x00, 0x00, 0x00, 0x00, 0x00, 0x00, 0x00, 0x00, 0x00, 0x00, 0x00, 0x00, 0x00, 0x00, 0x00,
    0x00, 0x00, 0x00, 0x00, 0x00, 0x00, 0x00, 0x00, 0xB4, 0x00, 0x03, 0xF4, 0x00, 0x2F, 0x80, 0x03,
    0xD0, 0x00, 0x0B, 0xF0, 0x02, 0xF8, 0x00, 0x0F, 0x00, 0x00, 0x0F, 0xD0, 0x2F, 0x80, 0x00, 0x7C,
    0x00, 0x00, 0x3F, 0xC3, 0xF8, 0x00, 0x03, 0xE0, 0x00, 0x00, 0x7F, 0x7F, 0x80, 0x00, 0x0F, 0x40,
    0x00, 0x00, 0xFF, 0xF8, 0x00, 0x00, 0x7C, 0x00, 0x00, 0x02, 0xFF, 0x80, 0x00, 0x02, 0xE0, 0x00,
    0x00, 0x07, 0xFC, 0x00, 0x00, 0x0F, 0x40, 0x00, 0x00, 0x7F, 0xF0, 0x00, 0x00, 0x7D, 0x00, 0x00,
    0x07, 0xFF, 0xE0, 0x00, 0x03, 0xF0, 0x00, 0x00, 0xBF, 0x7F, 0xC0, 0x00, 0x0F, 0xC0, 0x00, 0x0B,
    0xF4, 0xBF, 0x40, 0x00, 0xBE, 0x00, 0x00, 0xBF, 0x41, 0xFF, 0x00, 0x03, 0xF8, 0x00, 0x0F, 0xF4,
    0x03, 0xFD, 0x00, 0x0F, 0xD0, 0x00, 0xFF, 0x40, 0x07, 0xFC, 0x00, 0x7F, 0x00, 0x0F, 0xF4, 0x00,
    0x0F, 0xF0, 0x00, 0x00, 0x03, 0xF4, 0x00, 0x2F, 0x80, 0x00, 0x2F, 0xC0, 0x0B, 0xE0, 0x00, 0x01,
    0xFD, 0x03, 0xF8, 0x00, 0x00, 0x0F, 0xE0, 0xFE, 0x00, 0x00, 0x00, 0x7F, 0x7F, 0x40, 0x00, 0x00,
    0x03, 0xFF, 0xD0, 0x00, 0x00, 0x00, 0x2F, 0xF4, 0x00, 0x00, 0x00, 0x02, 0xFE, 0x00, 0x00, 0x00,
    0x00, 0x7F, 0xF0, 0x00, 0x00, 0x00, 0x2F, 0xFF, 0x40, 0x00, 0x00, 0x0B, 0xF7, 0xFC, 0x00, 0x00,
    0x02, 0xFD, 0x2F, 0xD0, 0x00, 0x00, 0xFF, 0x41, 0xFF, 0x00, 0x00, 0x3F, 0xD0, 0x0F, 0xF0, 0x00,
    0x0F, 0xF4, 0x00, 0xBF, 0x80, 0x03, 0xFC, 0x00, 0x03, 0xFC, 0x00, 0x00, 0x00, 0x00, 0x00, 0x00,
    0x00, 0x00, 0x1F, 0xC0, 0x00, 0x00, 0x00, 0x00, 0x00, 0x00, 0x03, 0xFC, 0x00, 0x00, 0x00, 0x00,
    0x00, 0x00, 0x00, 0x7F, 0x80, 0x00, 0x00, 0x00, 0x00, 0x00, 0x00, 0x0F, 0xF8, 0x00, 0x00, 0x00,
    0x00, 0x00, 0x00, 0x00, 0xFF, 0x40, 0x00, 0x00, 0x00, 0x00, 0x00, 0x00, 0x00, 0x00, 0x00, 0x00,
    0x00, 0x00, 0x00, 0x00, 0x00, 0x00, 0x00, 0x00, 0x00, 0x00, 0x00, 0x00, 0x00, 0x00, 0x00, 0x00,
    0x00, 0x00, 0x00, 0x00, 0x00, 0x00, 0x00, 0x00, 0x00, 0x3F, 0x40, 0x02, 0xF8, 0x00, 0x1E, 0x00,
    0x00, 0x02, 0xFC, 0x00, 0xBE, 0x00, 0x02, 0xF0, 0x00, 0x00, 0x1F, 0xD0, 0x3F, 0x80, 0x00, 0x3D,
    0x00, 0x00, 0x00, 0xFE, 0x0F, 0xE0, 0x00, 0x03, 0xC0, 0x00, 0x00, 0x07, 0xF7, 0xF4, 0x00, 0x00,
    0x7C, 0x00, 0x00, 0x00, 0x3F, 0xFD, 0x00, 0x00, 0x0F, 0x80, 0x00, 0x00, 0x02, 0xFF, 0x40, 0x00,
    0x00, 0xF4, 0x00, 0x00, 0x00, 0x2F, 0xE0, 0x00, 0x00, 0x1F, 0x00, 0x00, 0x00, 0x07, 0xFF, 0x00,
    0x00, 0x03, 0xF0, 0x00, 0x00, 0x02, 0xFF, 0xF4, 0x00, 0x00, 0x3E, 0x00, 0x00, 0x00, 0xBF, 0x7F,
    0xC0, 0x00, 0x07, 0xD0, 0x00, 0x00, 0x2F, 0xD2, 0xFD, 0x00, 0x00, 0xFC, 0x00, 0x00, 0x0F, 0xF4,
    0x1F, 0xF0, 0x00, 0x0F, 0xC0, 0x00, 0x03, 0xFD, 0x00, 0xFF, 0x00, 0x02, 0xFC, 0x00, 0x00, 0xFF,
    0x40, 0x0B, 0xF8, 0x00, 0x3F, 0x80, 0x00, 0x3F, 0xC0, 0x00, 0x3F, 0xC0, 0x03, 0xF8, 0x00, 0x00,
    0x00, 0x00, 0x00, 0x00, 0x00, 0x00, 0x00, 0x1F, 0xC0, 0x03, 0xF0, 0x00, 0x00, 0x00, 0x00, 0x00,
    0x00, 0x00, 0xFF, 0x00, 0x2F, 0xC0, 0x00, 0x00, 0x00, 0x00, 0x00, 0x00, 0x07, 0xF8, 0x00, 0xFF,
    0x00, 0x00, 0x00, 0x00, 0x00, 0x00, 0x00, 0x3F, 0xE0, 0x0B, 0xF8, 0x00, 0x00, 0x00, 0x00, 0x00,
    0x00, 0x00, 0xFF, 0x40, 0x3F, 0xD0, 0x00, 0x00, 0x00, 0x00, 0x00, 0x00, 0x00, 0x00, 0x00, 0x00,
    0x00, 0x00, 0x00, 0x00, 0x00, 0x00, 0x00, 0x00, 0x00, 0x00, 0x00, 0x00, 0x00, 0x00, 0x00, 0x00,
    0x00, 0x00, 0x00, 0x00, 0x00, 0x00, 0x00, 0x00, 0x00, 0x00, 0x00, 0x00, 0x00, 0x00, 0x00, 0x00,
    0x00, 0x00, 0x0F, 0xD0, 0x00, 0xBE, 0x00, 0x07, 0x80, 0x00, 0xE0, 0x00, 0x00, 0x2F, 0xC0, 0x0B,
    0xE0, 0x00, 0x2F, 0x00, 0x07, 0xC0, 0x00, 0x00, 0x7F, 0x40, 0xFE, 0x00, 0x00, 0xF4, 0x00, 0x3E,
    0x00, 0x00, 0x00, 0xFE, 0x0F, 0xE0, 0x00, 0x03, 0xC0, 0x00, 0xF4, 0x00, 0x00, 0x01, 0xFD, 0xFD,
    0x00, 0x00, 0x1F, 0x00, 0x07, 0xC0, 0x00, 0x00, 0x03, 0xFF, 0xD0, 0x00, 0x00, 0xF8, 0x00, 0x2E,
    0x00, 0x00, 0x00, 0x0B, 0xFD, 0x00, 0x00, 0x03, 0xD0, 0x00, 0xF4, 0x00, 0x00, 0x00, 0x2F, 0xE0,
    0x00, 0x00, 0x1F, 0x00, 0x07, 0xC0, 0x00, 0x00, 0x01, 0xFF, 0xC0, 0x00, 0x00, 0xFC, 0x00, 0x2F,
    0x00, 0x00, 0x00, 0x2F, 0xFF, 0x40, 0x00, 0x03, 0xE0, 0x00, 0xF8, 0x00, 0x00, 0x02, 0xFD, 0xFF,
    0x00, 0x00, 0x1F, 0x40, 0x07, 0xD0, 0x00, 0x00, 0x2F, 0xD2, 0xFD, 0x00, 0x00, 0xFC, 0x00, 0x2F,
    0x40, 0x00, 0x03, 0xFD, 0x07, 0xFC, 0x00, 0x03, 0xF0, 0x00, 0xFC, 0x00, 0x00, 0x3F, 0xD0, 0x0F,
    0xF0, 0x00, 0x2F, 0xC0, 0x07, 0xF0, 0x00, 0x03, 0xFD, 0x00, 0x2F, 0xE0, 0x00, 0xFE, 0x00, 0x3F,
    0xC0, 0x00, 0x3F, 0xC0, 0x00, 0x3F, 0xC0, 0x03, 0xF8, 0x00, 0xFE, 0x00, 0x00, 0x00, 0x00, 0x90,
    0x00, 0x07, 0xD0, 0x00, 0x3F, 0x00, 0x01, 0xF8, 0x00, 0x0B, 0xD0, 0x00, 0x3F, 0x00, 0x01, 0xF8,
    0x00, 0x0B, 0xD0, 0x00, 0x3F, 0x00, 0x01, 0xF8, 0x00, 0x0B, 0xC0, 0x00, 0x3F, 0x00, 0x01, 0xF8,
    0x00, 0x0B, 0xD0, 0x00, 0x3F, 0x00, 0x01, 0xFC, 0x00, 0x0B, 0xE0, 0x00, 0x3F, 0x00, 0x00, 0xFC,
    0x00, 0x07, 0xE0, 0x00, 0x3F, 0x40, 0x00, 0xFF, 0xF8, 0x03, 0xFF, 0xE0, 0x1F, 0xFF, 0x40, 0x00,
    0x00, 0x00, 0x00, 0x00, 0x06, 0xFF, 0x80, 0x01, 0xFF, 0xFF, 0x00, 0x2F, 0xF9, 0x68, 0x01, 0xFE,
    0x00, 0x00, 0x0F, 0xD0, 0x00, 0x00, 0xBE, 0x00, 0x00, 0x03, 0xF0, 0x00, 0x00, 0x1F, 0x80, 0x00,
    0x00, 0xBD, 0x00, 0x00, 0x03, 0xF4, 0x00, 0x00, 0x0F, 0xD0, 0x00, 0x00, 0x3F, 0xC0, 0x00, 0x00,
    0xFF, 0xE5, 0xA0, 0x01, 0xFF, 0xFF, 0xD0, 0x02, 0xFF, 0xFF, 0xC0, 0x00, 0xBF, 0xFD, 0x00, 0x00,
    0x00, 0x00, 0x00, 0x00, 0x00, 0x00, 0x00, 0x00, 0xF4, 0x00, 0x00, 0x00, 0x00, 0x07, 0xC0, 0x00,
    0x00, 0x00, 0x00, 0x3F, 0x00, 0x00, 0x00, 0x00, 0x00, 0xF8, 0x00, 0x00, 0x00, 0x00, 0x07, 0xC0,
    0x00, 0x00, 0x00, 0x00, 0x3F, 0x00, 0x00, 0x00, 0x00, 0x00, 0xF8, 0x00, 0x00, 0x00, 0x00, 0x07,
    0xD0, 0x00, 0x00, 0x1F, 0xF4, 0x2F, 0x00, 0x00, 0x03, 0xFF, 0xF8, 0xF8, 0x00, 0x00, 0x7F, 0xFF,
    0xFB, 0xD0, 0x00, 0x07, 0xF4, 0x0B, 0xFF, 0x00, 0x00, 0x3E, 0x00, 0x0F, 0xFC, 0x00, 0x03, 0xF0,
    0x00, 0x3F, 0xD0, 0x00, 0x2F, 0x00, 0x00, 0xFF, 0x00, 0x00, 0xF8, 0x00, 0x03, 0xFC, 0x00, 0x07,
    0xD0, 0x00, 0x0F, 0xE0, 0x00, 0x2F, 0x00, 0x00, 0xBF, 0x40, 0x00, 0xFC, 0x00, 0x07, 0xFC, 0x00,
    0x03, 0xF8, 0x00, 0x7F, 0xF0, 0x00, 0x0F, 0xFF, 0xFF, 0xFF, 0x80, 0x00, 0x2F, 0xFF, 0xFF, 0xFD,
    0x00, 0x00, 0x3F, 0xFF, 0xFF, 0xF0, 0x00, 0x00, 0x7F, 0xFF, 0xEF, 0xC0, 0x00, 0x00, 0x2F, 0xF8,
    0x3E, 0x00, 0x00, 0x00, 0x00, 0x00, 0x00, 0x00, 0x00, 0x00, 0x00, 0x02, 0xFE, 0x00, 0x1B, 0xF4,
    0x00, 0x03, 0xF7, 0xFF, 0xF4, 0x3F, 0xFF, 0x00, 0x00, 0xFF, 0xFF, 0xFF, 0x3F, 0xFF, 0xE0, 0x00,
    0xBF, 0xE0, 0x1F, 0xFF, 0x40, 0xFC, 0x00, 0x3F, 0xD0, 0x02, 0xFF, 0x00, 0x1F, 0x00, 0x1F, 0xD0,
    0x00, 0xBF, 0x00, 0x0B, 0xC0, 0x0F, 0xF0, 0x00, 0x3F, 0x40, 0x03, 0xE0, 0x03, 0xF4, 0x00, 0x0F,
    0xC0, 0x00, 0xF8, 0x02, 0xFC, 0x00, 0x0B, 0xE0, 0x00, 0xBD, 0x00, 0xFD, 0x00, 0x03, 0xF0, 0x00,
    0x3F, 0x00, 0x7F, 0x00, 0x02, 0xF8, 0x00, 0x1F, 0xC0, 0x3F, 0x80, 0x00, 0xFD, 0x00, 0x0B, 0xE0,
    0x1F, 0xD0, 0x00, 0x7F, 0x00, 0x03, 0xF4, 0x0B, 0xF0, 0x00, 0x3F, 0x80, 0x01, 0xFC, 0x03, 0xF8,
    0x00, 0x1F, 0xC0, 0x00, 0xFF, 0x01, 0xFC, 0x00, 0x0F, 0xE0, 0x00, 0x3F, 0x80, 0x00, 0x00, 0x40,
    0x00, 0x00, 0x00, 0x2D, 0x00, 0x00, 0x00, 0x07, 0xC0, 0x00, 0x00, 0x00, 0xF0, 0x00, 0x00, 0x00,
    0x3E, 0x00, 0x00, 0x00, 0x07, 0xC0, 0x00, 0x00, 0x00, 0xF0, 0x00, 0x1B, 0xE0, 0x3D, 0x00, 0x6F,
    0xFE, 0x0B, 0x86, 0xFF, 0xF9, 0x01, 0xFF, 0xFF, 0xE4, 0x00, 0x3F, 0xFE, 0x40, 0x00, 0x07, 0xF8,
    0x00, 0x00, 0x00, 0x1F, 0xD0, 0x00, 0x00, 0x00, 0x7F, 0x40, 0x00, 0x00, 0x01, 0xFD, 0x00, 0x00,
    0x00, 0x03, 0xF8, 0x00, 0x00, 0x00, 0x0F, 0xC0, 0x00, 0x00, 0x00, 0x20, 0x00, 0x00, 0x00, 0x00,
    0x00, 0x00, 0x00, 0x00, 0x00, 0x1E, 0x00, 0x00, 0x00, 0x02, 0xFE, 0x00, 0x00, 0x00, 0x3F, 0xFE,
    0x00, 0x00, 0x0B, 0xFF, 0xFD, 0x00, 0x00, 0xFD, 0xB8, 0xFD, 0x00, 0x1F, 0x83, 0xD0, 0xFC, 0x02,
    0xF4, 0x0F, 0x00, 0xFC, 0x3F, 0x00, 0x7C, 0x01, 0xF0, 0x60, 0x02, 0xE0, 0x01, 0x00, 0x00, 0x0F,
    0x40, 0x00, 0x00, 0x00, 0x3C, 0x00, 0x00, 0x00, 0x01, 0xF0, 0x00, 0x00, 0x00, 0x0B, 0x80, 0x00,
    0x00, 0x00, 0x3D, 0x00, 0x00, 0x00, 0x00, 0xF0, 0x00, 0x00, 0x00, 0x07, 0xC0, 0x00, 0x00, 0x00,
    0x3D, 0x00, 0x00, 0x00, 0x00, 0x00, 0x10, 0x00, 0x00, 0x00, 0x07, 0x80, 0x00, 0x00, 0x00, 0x3D,
    0x00, 0x00, 0x00, 0x00, 0xF0, 0x00, 0x00, 0x00, 0x07, 0xC0, 0x00, 0x00, 0x00, 0x3D, 0x00, 0xBE,
    0x40, 0x00, 0xF0, 0x0B, 0xFF, 0x90, 0x07, 0xC0, 0x06, 0xFF, 0xF9, 0x2E, 0x00, 0x00, 0xBF, 0xFF,
    0xF4, 0x00, 0x00, 0x1B, 0xFF, 0xC0, 0x00, 0x00, 0x02, 0xFD, 0x00, 0x00, 0x00, 0x3F, 0x80, 0x00,
    0x00, 0x1F, 0xD0, 0x00, 0x00, 0x07, 0xF4, 0x00, 0x00, 0x02, 0xFC, 0x00, 0x00, 0x00, 0x3F, 0x00,
    0x00, 0x00, 0x00, 0x80, 0x00, 0x00, 0x0F, 0x40, 0x00, 0x00, 0x00, 0x2E, 0x00, 0x00, 0x00, 0x00,
    0x7C, 0x00, 0x00, 0x00, 0x00, 0xF0, 0x00, 0x00, 0x00, 0x03, 0xD0, 0x00, 0x00, 0x00, 0x0B, 0x80,
    0x00, 0x00, 0x00, 0x1F, 0x00, 0x00, 0x00, 0x00, 0x3C, 0x00, 0x00, 0x14, 0x00, 0xF4, 0x00, 0x40,
    0xF8, 0x02, 0xE0, 0x0B, 0x80, 0xFD, 0x07, 0xC0, 0x7F, 0x00, 0xBE, 0x0F, 0x07, 0xF0, 0x00, 0x7F,
    0x3D, 0x3F, 0x00, 0x00, 0x2F, 0xFF, 0xF0, 0x00, 0x00, 0x1F, 0xFF, 0x40, 0x00, 0x00, 0x0F, 0xF4,
    0x00, 0x00, 0x00, 0x0B, 0x80, 0x00, 0x00, 0x00, 0x00, 0x00, 0x00, 0x00, 0x06, 0x00, 0x00, 0x00,
    0x02, 0x00, 0x00, 0x00, 0x3C, 0x00, 0x00, 0x00, 0x0F, 0x00, 0x00, 0x02, 0xC0, 0x00, 0x00, 0x00,
    0x1E, 0x00, 0x00, 0x1E, 0x00, 0x00, 0x00, 0x00, 0x2C, 0x00, 0x00, 0xF0, 0x00, 0x18, 0x40, 0x00,
    0x3C, 0x00, 0x0B, 0x00, 0x1B, 0xF7, 0xF9, 0x00, 0x78, 0x00, 0x74, 0x6F, 0xFE, 0x46, 0xFF, 0xE4,
    0xB4, 0x03, 0xFF, 0xF9, 0x00, 0x00, 0x1B, 0xFF, 0xF0, 0x3F, 0xE4, 0x00, 0x00, 0x00, 0x00, 0xBF,
    0xE0, 0xFC, 0x00, 0x00, 0x00, 0x00, 0x00, 0x1F, 0x80, 0xBD, 0x00, 0x00, 0x00, 0x00, 0x01, 0xF8,
    0x00, 0xBD, 0x00, 0x00, 0x00, 0x00, 0x2F, 0x80, 0x00, 0xBE, 0x00, 0x00, 0x00, 0x02, 0xF4, 0x00,
    0x00, 0x78, 0x00, 0x00, 0x00, 0x0F, 0x40, 0x00, 0x00, 0x40, 0x00, 0x00, 0x00, 0x00, 0x00, 0x00,
    0x00, 0x00, 0x00, 0x00, 0x00, 0x03, 0xD0, 0x00, 0x00, 0x7F, 0xC0, 0x00, 0x0B, 0xFF, 0xC0, 0x01,
    0xF6, 0xCB, 0xC0, 0x2F, 0x0F, 0x0F, 0xC3, 0xE0, 0x38, 0x0F, 0x9D, 0x01, 0xD0, 0x08, 0x00, 0x0B,
    0x00, 0x00, 0x00, 0x3C, 0x00, 0x00, 0x00, 0xE0, 0x00, 0x00, 0x0B, 0x40, 0x00, 0x00, 0x3C, 0x00,
    0x00, 0x00, 0xF0, 0x00, 0x00, 0x07, 0x40, 0x00, 0x00, 0x04, 0x00, 0x00, 0x00, 0x38, 0x00, 0x00,
    0x00, 0xF0, 0x00, 0x00, 0x02, 0xC0, 0x00, 0x00, 0x07, 0x40, 0x00, 0x00, 0x0E, 0x00, 0x00, 0x00,
    0x3C, 0x00, 0x01, 0x00, 0xB4, 0x00, 0x1E, 0x01, 0xE0, 0x2D, 0x1F, 0x43, 0xC1, 0xF4, 0x0F, 0x8F,
    0x1F, 0x40, 0x0B, 0xEE, 0xF8, 0x00, 0x07, 0xFF, 0x80, 0x00, 0x02, 0xF8, 0x00, 0x00, 0x01, 0xC0,
    0x00, 0x00, 0x00, 0x16, 0xE0, 0x00, 0x1A, 0xFF, 0xFC, 0x07, 0xFF, 0xFE, 0x50, 0x02, 0xFF, 0x40,
    0x00, 0x00, 0xBF, 0xF4, 0x00, 0x00, 0x2F, 0x7F, 0xC0, 0x00, 0x07, 0xC2, 0xFE, 0x00, 0x01, 0xF0,
    0x0B, 0xF4, 0x00, 0x7C, 0x00, 0x7F, 0xD0, 0x1F, 0x00, 0x01, 0xFF, 0x03, 0xC0, 0x00, 0x0B, 0xF4,
    0xF4, 0x00, 0x00, 0x28, 0x00, 0x00, 0x00, 0x00, 0x00, 0x00, 0xE9, 0x00, 0x00, 0x00, 0x0F, 0xFF,
    0xE5, 0x00, 0x00, 0x06, 0xBF, 0xFF, 0xC0, 0x00, 0x00, 0x1B, 0xFC, 0x00, 0x00, 0x02, 0xFF, 0xC0,
    0x00, 0x01, 0xFE, 0xBC, 0x00, 0x01, 0xFF, 0x47, 0xC0, 0x00, 0xBF, 0x40, 0x7C, 0x00, 0xBF, 0x80,
    0x0B, 0xC0, 0x7F, 0xC0, 0x00, 0xBC, 0x3F, 0xD0, 0x00, 0x0B, 0xC0, 0xE0, 0x00, 0x00, 0xB8, 0x00,
    0x00, 0x00, 0x00, 0x00, 0x04, 0x00, 0x00, 0x01, 0xD0, 0x00, 0x00, 0x1F, 0x00, 0x00, 0x00, 0xF4,
    0x00, 0x00, 0x07, 0xC0, 0x03, 0xC0, 0x3D, 0x00, 0x3C, 0x02, 0xF0, 0x07, 0x80, 0x0F, 0x40, 0xB4,
    0x00, 0xBC, 0x0F, 0x00, 0x03, 0xD0, 0xF0, 0x00, 0x2F, 0x1E, 0x00, 0x00, 0xF6, 0xD0, 0x00, 0x0B,
    0xFC, 0x00, 0x00, 0x3F, 0xC0, 0xBF, 0xEB, 0xF8, 0x0F, 0xFF, 0xFF, 0x40, 0x05, 0xBF, 0xF0, 0x00,
    0x00, 0x01, 0x00, 0x00, 0x00, 0x04, 0x00, 0x00, 0x00, 0xF0, 0x00, 0x00, 0x1F, 0x00, 0x00, 0x03,
    0xE0, 0x74, 0x00, 0x7C, 0x07, 0x80, 0x0F, 0x80, 0x3C, 0x01, 0xF0, 0x03, 0xC0, 0x3E, 0x00, 0x2D,
    0x07, 0xC0, 0x01, 0xE0, 0xF8, 0x00, 0x0F, 0x1F, 0x00, 0x00, 0xF3, 0xE0, 0x00, 0x0B, 0xBC, 0x00,
    0x00, 0x7F, 0x80, 0x04, 0x03, 0xFA, 0xBF, 0xC0, 0x3F, 0xFF, 0xFD, 0x02, 0xFF, 0xA5, 0x00, 0x04,
    0x00, 0x00, 0x00, 0x00, 0x00, 0x00, 0x00, 0x00, 0x06, 0x00, 0x00, 0x00, 0x00, 0x00, 0xBC, 0x00,
    0x00, 0x00, 0x00, 0x0F, 0xC0, 0x00, 0x00, 0x00, 0x01, 0xF0, 0x00, 0x00, 0x00, 0x00, 0x2E, 0x00,
    0x00, 0x00, 0x00, 0x07, 0xC0, 0x00, 0x00, 0x00, 0x00, 0xFD, 0x55, 0x55, 0x55, 0x50, 0x2F, 0xFF,
    0xFF, 0xFF, 0xFF, 0x07, 0xD0, 0x00, 0x00, 0x00, 0x00, 0x7E, 0x00, 0x00, 0x00, 0x00, 0x01, 0xFD,
    0x00, 0x00, 0x00, 0x00, 0x03, 0xFF, 0xFF, 0xFF, 0xFF, 0xC0, 0x0B, 0xF5, 0x55, 0x55, 0x54, 0x00,
    0x2F, 0xC0, 0x00, 0x00, 0x00, 0x00, 0x7F, 0x00, 0x00, 0x00, 0x00, 0x01, 0xF4, 0x00, 0x00, 0x00,
    0x00, 0x0B, 0x00, 0x00, 0x00, 0x00, 0x00, 0x00, 0x00, 0x00, 0x00, 0x00, 0x00, 0x01, 0x00, 0x00,
    0x00, 0x00, 0x00, 0x2C, 0x0D, 0x00, 0x00, 0x00, 0x03, 0xE0, 0x3C, 0x00, 0x00, 0x00, 0x7F, 0x41,
    0xFC, 0x00, 0x00, 0x07, 0xFC, 0x0B, 0xF8, 0x00, 0x00, 0xBE, 0xF0, 0x3D, 0xF4, 0x00, 0x0F, 0xE3,
    0x80, 0xE2, 0xF4, 0x00, 0xFD, 0x1D, 0x07, 0x43, 0xF0, 0x1F, 0xC0, 0xB0, 0x2C, 0x07, 0xF1, 0xF8,
    0x03, 0xC0, 0xF0, 0x0B, 0xC3, 0x40, 0x0D, 0x07, 0x80, 0x08, 0x00, 0x00, 0x70, 0x2D, 0x00, 0x00,
    0x00, 0x02, 0xC0, 0xF0, 0x00, 0x00, 0x00, 0x0E, 0x03, 0x80, 0x00, 0x00, 0x00, 0x34, 0x1D, 0x00,
    0x00, 0x00, 0x01, 0xC0, 0xB0, 0x00, 0x00, 0x00, 0x0B, 0x03, 0xC0, 0x00, 0x00, 0x00, 0x38, 0x0E,
    0x00, 0x00, 0x00, 0x00, 0xD0, 0x74, 0x00, 0x00, 0x00, 0x07, 0x02, 0xC0, 0x00, 0x00, 0x00, 0x3C,
    0x0F, 0x00, 0x00, 0x00, 0x00, 0x00, 0x00, 0x00, 0x00, 0x00, 0x00, 0x00, 0x00, 0x0C, 0x00, 0x00,
    0x00, 0x00, 0x03, 0xD0, 0x00, 0x00, 0x00, 0x00, 0x3E, 0x00, 0x00, 0x00, 0x00, 0x01, 0xF0, 0x00,
    0x00, 0x00, 0x00, 0x0F, 0x80, 0x00, 0x00, 0x00, 0x00, 0x7C, 0x00, 0x55, 0x55, 0x55, 0x57, 0xE0,
    0x0F, 0xFF, 0xFF, 0xFF, 0xFF, 0x40, 0x00, 0x00, 0x00, 0x00, 0xBC, 0x00, 0x00, 0x00, 0x00, 0x0F,
    0xD0, 0x00, 0x00, 0x00, 0x07, 0xF0, 0x3F, 0xFF, 0xFF, 0xFF, 0xF8, 0x01, 0x55, 0x55, 0x56, 0xFD,
    0x00, 0x00, 0x00, 0x00, 0x3F, 0x40, 0x00, 0x00, 0x00, 0x0F, 0xD0, 0x00, 0x00, 0x00, 0x02, 0xF4,
    0x00, 0x00, 0x00, 0x00, 0x0D, 0x00, 0x00, 0x00, 0x00, 0x00, 0x00, 0x00, 0x00, 0x00, 0x08, 0x06,
    0x00, 0x00, 0x00, 0x00, 0x34, 0x1E, 0x00, 0x00, 0x00, 0x00, 0xF0, 0x3C, 0x00, 0x00, 0x00, 0x02,
    0xC0, 0xF0, 0x00, 0x00, 0x00, 0x07, 0x41, 0xD0, 0x00, 0x00, 0x00, 0x0E, 0x03, 0x80, 0x00, 0x00,
    0x00, 0x2C, 0x0F, 0x00, 0x00, 0x00, 0x00, 0x70, 0x2C, 0x00, 0x00, 0x00, 0x00, 0xD0, 0x74, 0x00,
    0x00, 0x00, 0x03, 0x80, 0xE0, 0x00, 0x01, 0x40, 0x0B, 0x03, 0xC0, 0x00, 0x0F, 0x80, 0x1C, 0x0B,
    0x00, 0x3C, 0x1F, 0xC0, 0x34, 0x1D, 0x02, 0xF8, 0x0F, 0xD0, 0xE0, 0x3C, 0x0F, 0xC0, 0x0F, 0xE2,
    0xC0, 0xF0, 0xFC, 0x00, 0x0B, 0xE7, 0x02, 0xDB, 0xD0, 0x00, 0x07, 0xFE, 0x07, 0xFD, 0x00, 0x00,
    0x07, 0xFC, 0x0F, 0xE0, 0x00, 0x00, 0x03, 0xF0, 0x2F, 0x00, 0x00, 0x00, 0x02, 0xD0, 0x70, 0x00,
    0x00, 0x00, 0x02, 0x80, 0x40, 0x00, 0x00, 0x00, 0x00, 0x00, 0x00, 0x00, 0x00, 0x00, 0x00, 0x00,
    0x00, 0x00, 0x00, 0x00, 0x18, 0x00, 0x00, 0x00, 0x01, 0x80, 0x00, 0x0B, 0xC0, 0x00, 0x00, 0x02,
    0xF0, 0x00, 0x03, 0xF0, 0x00, 0x00, 0x00, 0xBC, 0x00, 0x01, 0xF0, 0x00, 0x00, 0x00, 0x0F, 0x80,
    0x00, 0xB8, 0x00, 0x00, 0x00, 0x01, 0xF0, 0x00, 0x7C, 0x00, 0x00, 0x00, 0x00, 0x3E, 0x00, 0x3F,
    0x55, 0x55, 0x55, 0x55, 0x5B, 0xC0, 0x2F, 0xFF, 0xFF, 0xFF, 0xFF, 0xFF, 0xFC, 0x1F, 0x40, 0x00,
    0x00, 0x00, 0x00, 0x0F, 0x87, 0xE0, 0x00, 0x00, 0x00, 0x00, 0x0B, 0xE0, 0x7F, 0x40, 0x00, 0x00,
    0x00, 0x0F, 0xD0, 0x03, 0xFF, 0xFF, 0xFF, 0xFF, 0xFF, 0xD0, 0x00, 0x2F, 0xD5, 0x55, 0x55, 0x7F,
    0xC0, 0x00, 0x02, 0xFC, 0x00, 0x00, 0x2F, 0xC0, 0x00, 0x00, 0x1F, 0xC0, 0x00, 0x2F, 0x80, 0x00,
    0x00, 0x01, 0xF4, 0x00, 0x0F, 0x80, 0x00, 0x00, 0x00, 0x2C, 0x00, 0x02, 0xC0, 0x00, 0x00, 0x00,
    0x00, 0x00, 0x00, 0x00, 0x00, 0x00, 0x00, 0x00, 0x80, 0x00, 0x00, 0x00, 0x2F, 0x40, 0x00, 0x00,
    0x07, 0xFF, 0x40, 0x00, 0x00, 0xF6, 0xFE, 0x40, 0x00, 0x3E, 0x1E, 0xFF, 0x90, 0x0F, 0xC1, 0xC2,
    0xFD, 0x03, 0xF8, 0x1C, 0x03, 0x40, 0xFF, 0x81, 0xC0, 0x00, 0x3F, 0xA8, 0x1C, 0x00, 0x07, 0xE2,
    0x81, 0xC0, 0x00, 0x04, 0x28, 0x1C, 0x00, 0x00, 0x02, 0x81, 0xC0, 0x00, 0x00, 0x28, 0x1C, 0x00,
    0x00, 0x02, 0x81, 0xC0, 0x00, 0x00, 0x28, 0x1C, 0x00, 0x00, 0x02, 0x81, 0xC0, 0x00, 0x00, 0x28,
    0x1C, 0x00, 0x00, 0x42, 0x81, 0xC0, 0x00, 0x7E, 0x28, 0x1C, 0x00, 0x03, 0xFA, 0x81, 0xC0, 0x00,
    0x0F, 0xF8, 0x1C, 0x00, 0x00, 0x3F, 0x81, 0xC0, 0x34, 0x00, 0xFC, 0x1C, 0x2F, 0xD0, 0x03, 0xE1,
    0xEF, 0xF9, 0x00, 0x0F, 0x6F, 0xF4, 0x00, 0x00, 0x7F, 0xF4, 0x00, 0x00, 0x02, 0xF8, 0x00, 0x00,
    0x00, 0x0D, 0x00, 0x00, 0x00, 0x00, 0x00, 0x02, 0xE4, 0x00, 0x00, 0x00, 0x01, 0xFF, 0x40, 0x00,
    0x00, 0x00, 0x03, 0xF0, 0x00, 0x00, 0x00, 0x00, 0xBC, 0x00, 0x00, 0x00, 0x00, 0x2E, 0x00, 0x00,
    0x00, 0x00, 0x0F, 0x40, 0x00, 0x00, 0x00, 0x03, 0xC0, 0x00, 0x00, 0x00, 0x01, 0xF0, 0x00, 0x00,
    0x00, 0x00, 0xF4, 0x00, 0x02, 0xFF, 0xD0, 0x3C, 0x00, 0x07, 0xFF, 0xFD, 0x2E, 0x00, 0x07, 0xF8,
    0x0B, 0xCF, 0x00, 0x07, 0xF0, 0x00, 0xFF, 0xC0, 0x03, 0xF4, 0x00, 0x1F, 0xD0, 0x01, 0xF8, 0x00,
    0x07, 0xF0, 0x00, 0xBC, 0x00, 0x01, 0xF4, 0x00, 0x3F, 0x00, 0x00, 0xFC, 0x00, 0x0F, 0xC0, 0x00,
    0xBD, 0x00, 0x03, 0xF8, 0x01, 0xBE, 0x00, 0x00, 0xFF, 0xFF, 0xFF, 0x00, 0x00, 0x1F, 0xFF, 0xFF,
    0x00, 0x00, 0x02, 0xFF, 0xFF, 0x00, 0x00, 0x00, 0x1B, 0xF9, 0x00, 0x00, 0x00, 0x00, 0x00, 0x00,
    0x00, 0x00, 0x00, 0x00, 0x00, 0x00, 0x00, 0x00, 0x6F, 0xFE, 0x80, 0x3C, 0x00, 0x00, 0x00, 0xBF,
    0xFF, 0xFF, 0x9F, 0xC0, 0x00, 0x00, 0x7F, 0xFF, 0xBF, 0xFF, 0xE0, 0x00, 0x00, 0x1F, 0xFD, 0x00,
    0x2F, 0xFC, 0x00, 0x00, 0x07, 0xFE, 0x00, 0x00, 0xBF, 0xC0, 0x00, 0x00, 0xFF, 0x40, 0x00, 0x1F,
    0xFD, 0x00, 0x00, 0x3F, 0xE0, 0x00, 0x0B, 0xFF, 0xE0, 0x00, 0x07, 0xF8, 0x00, 0x02, 0xF5, 0xFE,
    0x00, 0x00, 0xFF, 0x00, 0x00, 0xBC, 0x0F, 0xE0, 0x00, 0x1F, 0xD0, 0x00, 0x3F, 0x00, 0xFD, 0x00,
    0x03, 0xFC, 0x00, 0x0F, 0xC0, 0x1F, 0xD0, 0x00, 0x3F, 0x40, 0x03, 0xF0, 0x01, 0xFC, 0x00, 0x07,
    0xF0, 0x01, 0xF8, 0x00, 0x2F, 0xC0, 0x00, 0xBF, 0x00, 0x7E, 0x00, 0x03, 0xF4, 0x00, 0x0F, 0xE0,
    0x1F, 0x80, 0x00, 0x7F, 0x00, 0x00, 0xFE, 0x0B, 0xD0, 0x00, 0x0F, 0xF0, 0x00, 0x0F, 0xF2, 0xF4,
    0x00, 0x03, 0xFD, 0x00, 0x00, 0xFF, 0xFD, 0x00, 0x01, 0xFF, 0xC0, 0x00, 0x0F, 0xFF, 0x90, 0x16,
    0xFF, 0xF4, 0x00, 0x00, 0xFF, 0xFF, 0xFF, 0xFF, 0xFF, 0x00, 0x00, 0x0B, 0xFF, 0xFF, 0xFF, 0xFF,
    0xC0, 0x00, 0x00, 0xFF, 0xFF, 0xFF, 0xFF, 0xF4, 0x00, 0x00, 0x3F, 0xFF, 0xFF, 0xFF, 0xFC, 0x00,
    0x00, 0x0F, 0x87, 0xFF, 0xFF, 0xFE, 0x00, 0x00, 0x03, 0xE0, 0x06, 0xFF, 0xF9, 0x00, 0x00, 0x00,
    0x24, 0x00, 0x00, 0x00, 0x00, 0x00, 0x00, 0x00, 0x00, 0x00, 0x00, 0x00, 0x00, 0x00, 0x00, 0x00,
    0x00, 0xFE, 0x00, 0x00, 0x00, 0x00, 0x2F, 0xF0, 0x00, 0x00, 0x00, 0x07, 0xFF, 0x00, 0x00, 0x00,
    0x00, 0xFF, 0xF4, 0x00, 0x00, 0x00, 0x3F, 0xBF, 0x80, 0x00, 0x00, 0x0B, 0xF2, 0xFC, 0x00, 0x00,
    0x01, 0xFC, 0x2F, 0xC0, 0x00, 0x00, 0x3F, 0x41, 0xFC, 0x00, 0x00, 0x0F, 0xF0, 0x1F, 0xD0, 0x00,
    0x02, 0xFC, 0x00, 0xFE, 0x00, 0x00, 0x7F, 0x40, 0x0F, 0xF0, 0x00, 0x0F, 0xE0, 0x00, 0xFF, 0x00,
    0x03, 0xFC, 0x00, 0x0B, 0xF4, 0x00, 0xBF, 0x40, 0x00, 0xBF, 0x40, 0x1F, 0xE0, 0x00, 0x07, 0xF8,
    0x03, 0xFC, 0x00, 0x00, 0x7F, 0xC0, 0xFF, 0x40, 0x00, 0x03, 0xFC, 0x2F, 0xE0, 0x00, 0x00, 0x3F,
    0xD3, 0xFF, 0xFF, 0xFF, 0xFF, 0xFD, 0x7F, 0xFF, 0xFF, 0xFF, 0xFF, 0xCB, 0xFF, 0xFF, 0xFF, 0xFF,
    0xFC, 0x00, 0x00, 0x00, 0x00, 0x00, 0x00, 0x7F, 0xFF, 0xFF, 0xFF, 0xE0, 0x2F, 0xFF, 0xFF, 0xFF,
    0xF0, 0x00, 0x7E, 0x00, 0x1F, 0x40, 0x00, 0x2F, 0x00, 0x0B, 0xC0, 0x00, 0x0F, 0xC0, 0x03, 0xF0,
    0x00, 0x03, 0xE0, 0x01, 0xF8, 0x00, 0x01, 0xF4, 0x00, 0xBD, 0x00, 0x00, 0xBC, 0x00, 0x3F, 0x00,
    0x00, 0x3F, 0x00, 0x0F, 0xC0, 0x00, 0x1F, 0x80, 0x07, 0xE0, 0x00, 0x0B, 0xD0, 0x02, 0xF4, 0x00,
    0x03, 0xF0, 0x00, 0xFC, 0x00, 0x00, 0xFC, 0x00, 0x3E, 0x00, 0x00, 0x7E, 0x00, 0x1F, 0x40, 0x00,
    0x2F, 0x00, 0x0B, 0xC0, 0x00, 0x0F, 0xC0, 0x03, 0xF0, 0x00, 0x03, 0xE0, 0x01, 0xF8, 0x00, 0x01,
    0xF4, 0x00, 0xBD, 0x00, 0x00, 0xBC, 0x00, 0x3F, 0x00, 0x00, 0x3F, 0x00, 0x0F, 0xC0, 0x00, 0x00,
    0x54, 0x00, 0x15, 0x00, 0x00, 0x1F, 0x40, 0x0B, 0xD0, 0x00, 0x03, 0xE0, 0x00, 0xF8, 0x00, 0x00,
    0xFC, 0x00, 0x3F, 0x00, 0x00, 0x2F, 0x40, 0x0B, 0xC0, 0x00, 0x07, 0xE0, 0x01, 0xF4, 0x00, 0x00,
    0xFC, 0x00, 0x3E, 0x00, 0x00, 0x3F, 0x00, 0x0F, 0xC0, 0x00, 0x0B, 0xD0, 0x02, 0xF4, 0x00, 0x01,
    0xF8, 0x00, 0x7E, 0x00, 0x00, 0x3F, 0x00, 0x0F, 0xC0, 0x00, 0x0F, 0xC0, 0x03, 0xF0, 0x00, 0x01,
    0xF4, 0x00, 0xBD, 0x00, 0x00, 0x3E, 0x00, 0x1F, 0x80, 0x00, 0x0F, 0xC0, 0x03, 0xF0, 0x00, 0x02,
    0xF0, 0x00, 0xFC, 0x00, 0x00, 0x7D, 0x00, 0x1F, 0x40, 0x00, 0x0F, 0x80, 0x03, 0xE0, 0x00, 0x03,
    0xF0, 0x00, 0xFC, 0x00, 0x0F, 0xFF, 0xFF, 0xFF, 0xF8, 0x03, 0xFF, 0xFF, 0xFF, 0xFF, 0x00, 0x00,
    0x1F, 0xFF, 0xFF, 0xF4, 0x00, 0xBF, 0xFF, 0xFF, 0xC0, 0x01, 0xE0, 0x00, 0x00, 0x00, 0x03, 0xC0,
    0x00, 0x00, 0x00, 0x03, 0xC0, 0x00, 0x00, 0x00, 0x07, 0x80, 0x00, 0x00, 0x00, 0x0F, 0x00, 0x00,
    0x00, 0x00, 0x0F, 0x00, 0x00, 0x00, 0x00, 0x1E, 0x00, 0x00, 0x00, 0x00, 0x3C, 0x00, 0x00, 0x00,
    0x00, 0x70, 0x00, 0x00, 0x00, 0x07, 0x80, 0x00, 0x00, 0x00, 0xB8, 0x00, 0x00, 0x00, 0x0F, 0x40,
    0x00, 0x00, 0x01, 0xF4, 0x00, 0x00, 0x00, 0x2F, 0x00, 0x00, 0x00, 0x03, 0xE0, 0x00, 0x00, 0x00,
    0x7F, 0x00, 0x00, 0x00, 0x03, 0xFF, 0xFF, 0xFF, 0x00, 0x1F, 0xFF, 0xFF, 0xF4, 0x00, 0xBF, 0xFF,
    0xFF, 0xC0, 0x00, 0x00, 0x00, 0x00, 0x00, 0x00, 0x00, 0x00, 0x15, 0x42, 0xFF, 0xFF, 0xFC, 0x7F,
    0xFF, 0xFF, 0xC0, 0x00, 0x00, 0x00, 0x00, 0x00, 0x00, 0x00, 0x0F, 0xFF, 0xFF, 0x00, 0x00, 0x00,
    0x00, 0x2F, 0xFF, 0xA4, 0x00, 0x00, 0x00, 0x00, 0x7E, 0x00, 0x00, 0x00, 0x00, 0x00, 0x00, 0xFC,
    0x00, 0x00, 0x00, 0x00, 0x00, 0x02, 0xF4, 0x00, 0x00, 0x00, 0x00, 0x00, 0x03, 0xF0, 0x00, 0x00,
    0x00, 0x00, 0x00, 0x0F, 0xD0, 0x00, 0x00, 0x00, 0x00, 0x00, 0x1F, 0xC0, 0x00, 0x00, 0x00, 0x00,
    0x00, 0x3F, 0x00, 0x00, 0x00, 0x00, 0x00, 0x00, 0xBE, 0x00, 0x00, 0x00, 0x00, 0x00, 0x01, 0xFC,
    0x00, 0x00, 0x00, 0x00, 0x00, 0x03, 0xF8, 0x00, 0x00, 0x00, 0x00, 0x00, 0x0B, 0xF0, 0x00, 0x00,
    0x00, 0x00, 0x00, 0x1F, 0xE0, 0x00, 0x00, 0x00, 0x00, 0x00, 0x3F, 0xC0, 0x00, 0x00, 0x00, 0x00,
    0x00, 0xBF, 0x40, 0x00, 0x00, 0x00, 0x08, 0x00, 0xFF, 0x00, 0x00, 0x00, 0x00, 0x3E, 0x03, 0xFD,
    0x00, 0x00, 0x00, 0x00, 0x3F, 0x47, 0xFC, 0x00, 0x00, 0x00, 0x00, 0x3F, 0xDF, 0xF4, 0x00, 0x00,
    0x00, 0x00, 0x2F, 0xFF, 0xE0, 0x00, 0x00, 0x00, 0x00, 0x1F, 0xFF, 0xC0, 0x00, 0x00, 0x00, 0x00,
    0x0F, 0xFF, 0x80, 0x00, 0x00, 0x00, 0x00, 0x0F, 0xFF, 0x00, 0x00, 0x00, 0x00, 0x00, 0x01, 0x54,
    0x00, 0x00, 0x00, 0x00, 0x00, 0x00, 0x00, 0x59, 0x00, 0x06, 0x90, 0x00, 0x00, 0xBF, 0xFD, 0x03,
    0xFF, 0xC0, 0x00, 0x3F, 0xFF, 0xF0, 0xFF, 0xFF, 0x00, 0x0F, 0xE4, 0x1F, 0x7F, 0x80, 0xF0, 0x02,
    0xF4, 0x00, 0x3F, 0xC0, 0x07, 0x40, 0x3D, 0x00, 0x03, 0xF0, 0x00, 0x34, 0x0B, 0xC0, 0x00, 0x3E,
    0x00, 0x07, 0x40, 0xF4, 0x00, 0x03, 0xD0, 0x00, 0xB0, 0x0F, 0x00, 0x00, 0x7D, 0x00, 0x1E, 0x00,
    0xF0, 0x00, 0x0F, 0xF0, 0x0B, 0xD0, 0x0F, 0x80, 0x0B, 0xFF, 0xFF, 0xFC, 0x00, 0xFF, 0xFF, 0xFB,
    0xFF, 0xFF, 0x00, 0x0B, 0xFF, 0xFF, 0x2F, 0xFF, 0xD0, 0x00, 0x3F, 0xFF, 0xC0, 0xBF, 0xE0, 0x00,
    0x00, 0x6A, 0x80, 0x00, 0x50, 0x00, 0x00, 0x00, 0x00, 0x00, 0x00, 0x00, 0x00, 0x2F, 0xE4, 0x00,
    0x00, 0x00, 0x00, 0x00, 0x0B, 0xFF, 0xE0, 0x00, 0x00, 0x00, 0x00, 0x00, 0xBF, 0x41, 0x40, 0x00,
    0x00, 0x00, 0x00, 0x0B, 0xE0, 0x00, 0x00, 0x00, 0x00, 0x00, 0x00, 0x3F, 0x00, 0x00, 0x00, 0x00,
    0x00, 0x00, 0x03, 0xF4, 0x00, 0x00, 0x00, 0x00, 0x00, 0x00, 0x1F, 0xC0, 0x00, 0x00, 0x00, 0x00,
    0x00, 0x00, 0xBD, 0x00, 0x00, 0x00, 0x00, 0x00, 0x00, 0x03, 0xF0, 0x00, 0x00, 0x00, 0x00, 0x00,
    0x00, 0x2F, 0x80, 0x00, 0x00, 0x00, 0x00, 0x00, 0x00, 0xFC, 0x00, 0x00, 0x00, 0x00, 0x00, 0x00,
    0x07, 0xE0, 0x00, 0x00, 0x00, 0x00, 0x00, 0x00, 0x3F, 0x00, 0x00, 0x00, 0x00, 0x00, 0x00, 0x01,
    0xFC, 0x00, 0x00, 0x00, 0x00, 0x00, 0x00, 0x0B, 0xD0, 0x00, 0x00, 0x00, 0x00, 0x00, 0x00, 0x3F,
    0x00, 0x00, 0x00, 0x00, 0x00, 0x00, 0x02, 0xF8, 0x00, 0x00, 0x00, 0x00, 0x00, 0x00, 0x0F, 0xC0,
    0x00, 0x00, 0x00, 0x00, 0x00, 0x00, 0x7F, 0x00, 0x00, 0x00, 0x00, 0x00, 0x00, 0x03, 0xF4, 0x00,
    0x00, 0x00, 0x00, 0x00, 0x00, 0x0F, 0xC0, 0x00, 0x00, 0x00, 0x00, 0x00, 0x00, 0xBE, 0x00, 0x00,
    0x00, 0x00, 0x00, 0x00, 0x03, 0xF0, 0x00, 0x00, 0x00, 0x00, 0x00, 0x00, 0x2F, 0xC0, 0x00, 0x00,
    0x00, 0x00, 0x00, 0x00, 0xFD, 0x00, 0x00, 0x00, 0x00, 0x00, 0x00, 0x0F, 0xF0, 0x00, 0x00, 0x00,
    0x00, 0x09, 0x00, 0xFF, 0x40, 0x00, 0x00, 0x00, 0x02, 0xFF, 0xFF, 0xFC, 0x00, 0x00, 0x00, 0x00,
    0x7F, 0xFF, 0xFF, 0xC0, 0x00, 0x00, 0x00, 0x00, 0xFF, 0xFF, 0xFD, 0x00, 0x00, 0x00, 0x00, 0x00,
    0xBF, 0xFF, 0xD0, 0x00, 0x00, 0x00, 0x00, 0x00, 0x6F, 0xF8, 0x00, 0x00, 0x00, 0x00, 0x00, 0x00,
    0x00, 0x00, 0x00, 0x00, 0x00, 0x00, 0x00, 0x00, 0x0F, 0xE0, 0x01, 0xFD, 0x00, 0x3F, 0xD0, 0x07,
    0xFC, 0x00, 0xFF, 0xC0, 0x05, 0x54, 0x00, 0x00, 0x00, 0x00, 0x00, 0x00, 0x00, 0x00, 0x00, 0x00,
    0x00, 0x00, 0x00, 0x00, 0x00, 0x00, 0x00, 0x00, 0xBF, 0x00, 0x0F, 0xF0, 0x01, 0xFF, 0x00, 0x3F,
    0xF0, 0x07, 0xFE, 0x00, 0x00, 0x05, 0x50, 0x00, 0x00, 0x00, 0x7F, 0xFC, 0x00, 0x3D, 0x01, 0xFC,
    0x2F, 0x00, 0x7C, 0x03, 0xF0, 0x0F, 0x81, 0xF4, 0x0B, 0xC0, 0x03, 0xFF, 0xE0, 0x00, 0x00, 0x00,
    0x6A, 0x40, 0x00, 0x00, 0x00, 0x00, 0x00, 0x00, 0x00, 0x00, 0x00, 0x00, 0x02, 0xFF, 0x40, 0x01,
    0x40, 0x0F, 0xEB, 0xD0, 0x07, 0xD0, 0x3F, 0x00, 0xF4, 0x0F, 0x80, 0xBD, 0x00, 0x7F, 0xFF, 0x00,
    0x58, 0x00, 0x1F, 0xF8, 0x00, 0x00, 0x00, 0x00, 0x00, 0x00, 0x00, 0x00, 0x00, 0x00, 0x00, 0x24,
    0x00, 0x00, 0x00, 0x00, 0x00, 0xF0, 0x00, 0x00, 0x00, 0x00, 0x03, 0xD0, 0x00, 0x00, 0x00, 0x00,
    0x0B, 0x40, 0x00, 0x00, 0x00, 0x00, 0x2E, 0x00, 0x00, 0x00, 0x00, 0x00, 0xB8, 0x00, 0x00, 0x00,
    0x00, 0x01, 0xF0, 0x00, 0x00, 0x00, 0x00, 0x07, 0xD0, 0x50, 0x00, 0x0F, 0xFF, 0xFF, 0xFF, 0xF4,
    0x00, 0x3F, 0xFF, 0xFF, 0xFF, 0xF8, 0x00, 0x00, 0x00, 0xF8, 0x00, 0x00, 0x00, 0x00, 0x03, 0xE0,
    0x00, 0x00, 0x00, 0x00, 0x0B, 0x80, 0x00, 0x00, 0x00, 0x00, 0x1F, 0x00, 0x00, 0x00, 0x00, 0x00,
    0x7F, 0xFF, 0xFF, 0x00, 0x01, 0xFF, 0xFF, 0xFF, 0xFF, 0x00, 0x07, 0xFF, 0xD5, 0x40, 0x00, 0x00,
    0x00, 0x0F, 0x40, 0x00, 0x00, 0x00, 0x00, 0x3E, 0x00, 0x00, 0x00, 0x00, 0x00, 0xB8, 0x00, 0x00,
    0x00, 0x00, 0x02, 0xF0, 0x00, 0x00, 0x00, 0x00, 0x0B, 0xC0, 0x00, 0x00, 0x00, 0x00, 0x2F, 0x00,
    0x00, 0x00, 0x00, 0x00, 0x00, 0x00, 0x00, 0x00, 0x00, 0x00, 0x00, 0x00, 0x00, 0x06, 0x00, 0x00,
    0x00, 0x00, 0x00, 0x1F, 0xC0, 0x00, 0x00, 0x00, 0x00, 0x7F, 0xF4, 0x00, 0x00, 0x00, 0x01, 0xFF,
    0xE0, 0x00, 0x00, 0x00, 0x07, 0xFF, 0xC0, 0x00, 0x00, 0x00, 0x1F, 0xFF, 0x40, 0x00, 0x00, 0x00,
    0x7F, 0xFD, 0x00, 0x00, 0x00, 0x01, 0xFF, 0xF8, 0x00, 0x00, 0x00, 0x00, 0xFF, 0xE0, 0x00, 0x00,
    0x00, 0x00, 0x1F, 0xF9, 0x00, 0x00, 0x00, 0x00, 0x03, 0xFF, 0xFE, 0x40, 0x00, 0x00, 0x00, 0x1B,
    0xFF, 0xFF, 0x90, 0x00, 0x00, 0x00, 0x07, 0xFF, 0xFF, 0xE4, 0x00, 0x00, 0x00, 0x06, 0xFF, 0xFF,
    0xD0, 0x00, 0x00, 0x00, 0x01, 0xBF, 0xF8, 0x00, 0x00, 0x00, 0x00, 0x01, 0xBF, 0x00, 0x00, 0x00,
    0x00, 0x00, 0x00, 0x40, 0x00, 0x14, 0x00, 0x00, 0x00, 0x00, 0x00, 0x0F, 0xFF, 0xA5, 0x00, 0x00,
    0x00, 0x03, 0xFF, 0xFF, 0xFF, 0xE9, 0x40, 0x00, 0x00, 0x56, 0xAF, 0xFF, 0xFD, 0x00, 0x00, 0x00,
    0x00, 0x00, 0x5A, 0x80, 0x00, 0x00, 0x24, 0x00, 0x00, 0x00, 0x00, 0x00, 0x03, 0xF4, 0x00, 0x00,
    0x00, 0x00, 0x00, 0x3F, 0xF4, 0x00, 0x00, 0x00, 0x00, 0x00, 0xBF, 0xF4, 0x00, 0x00, 0x00, 0x00,
    0x00, 0xBF, 0xF4, 0x00, 0x00, 0x00, 0x00, 0x01, 0xFF, 0xF4, 0x00, 0x00, 0x00, 0x00, 0x01, 0xFF,
    0xF4, 0x00, 0x00, 0x00, 0x00, 0x01, 0xFF, 0xF4, 0x00, 0x00, 0x00, 0x00, 0x02, 0xFF, 0xC0, 0x00,
    0x00, 0x00, 0x00, 0x6F, 0xF8, 0x00, 0x00, 0x00, 0x06, 0xFF, 0xFF, 0x00, 0x00, 0x00, 0x6F, 0xFF,
    0xFE, 0x40, 0x00, 0x06, 0xFF, 0xFF, 0xF8, 0x00, 0x00, 0x03, 0xFF, 0xFF, 0x90, 0x00, 0x00, 0x00,
    0x7F, 0xF9, 0x00, 0x00, 0x00, 0x00, 0x0F, 0xE4, 0x00, 0x00, 0x00, 0x00, 0x00, 0x40, 0x00, 0x00,
    0x00, 0x00, 0x00, 0x00, 0x00, 0x00, 0x00, 0x14, 0x00, 0x00, 0x00, 0x01, 0x6B, 0xFF, 0xC0, 0x00,
    0x16, 0xBF, 0xFF, 0xFF, 0xFC, 0x00, 0x0F, 0xFF, 0xFF, 0xA5, 0x40, 0x00, 0x02, 0xA5, 0x40, 0x00,
    0x00, 0x00, 0x00, 0x00, 0x00, 0x55, 0x55, 0x55, 0x55, 0x40, 0x00, 0x3F, 0xFF, 0xFF, 0xFF, 0xFF,
    0xC0, 0x02, 0xFF, 0xFF, 0xFF, 0xFF, 0xFF, 0x40, 0x0F, 0xFF, 0xFF, 0xFF, 0xFF, 0xFC, 0x00, 0x3F,
    0xFF, 0xFF, 0xFF, 0xFF, 0xF0, 0x01, 0xFF, 0xFF, 0xFF, 0xFF, 0xFF, 0x80, 0x0B, 0xFF, 0xFF, 0xFF,
    0xFF, 0xFD, 0x00, 0x3F, 0xFF, 0xFF, 0xFF, 0xFF, 0xF0, 0x00, 0xFF, 0xFF, 0xFF, 0xFF, 0xFF, 0xC0,
    0x07, 0xFF, 0xFF, 0xFF, 0xFF, 0xFE, 0x00, 0x2F, 0xFF, 0xFF, 0xFF, 0xFF, 0xF4, 0x00, 0xFF, 0xFF,
    0xFF, 0xFF, 0xFF, 0xC0, 0x03, 0xFF, 0xFF, 0xFF, 0xFF, 0xFE, 0x00, 0x1F, 0xFF, 0xFF, 0xFF, 0xFF,
    0xF4, 0x00, 0xFF, 0xFF, 0xFF, 0xFF, 0xFF, 0xC0, 0x03, 0xFF, 0xFF, 0xFF, 0xFF, 0xFF, 0x00, 0x1F,
    0xFF, 0xFF, 0xFF, 0xFF, 0xF8, 0x00, 0xBF, 0xFF, 0xFF, 0xFF, 0xFF, 0xD0, 0x03, 0xFF, 0xFF, 0xFF,
    0xFF, 0xFF, 0x00, 0x0F, 0xFF, 0xFF, 0xFF, 0xFF, 0xFC, 0x00, 0x3F, 0xFF, 0xFF, 0xFF, 0xFF, 0xE0,
    0x00, 0xBF, 0xFF, 0xFF, 0xFF, 0xFE, 0x00, 0x00, 0x00, 0x0B, 0xFF, 0xFF, 0xFF, 0xFF, 0xF0, 0x00,
    0x7F, 0xFF, 0xFF, 0xFF, 0xFF, 0xD0, 0x02, 0xE0, 0x00, 0x00, 0x00, 0x0F, 0x00, 0x0F, 0x00, 0x00,
    0x00, 0x00, 0x3C, 0x00, 0x78, 0x00, 0x00, 0x00, 0x00, 0xE0, 0x02, 0xD0, 0x00, 0x00, 0x00, 0x07,
    0x40, 0x0F, 0x00, 0x00, 0x00, 0x00, 0x2C, 0x00, 0x38, 0x00, 0x00, 0x00, 0x00, 0xF0, 0x01, 0xD0,
    0x00, 0x00, 0x00, 0x03, 0x80, 0x0B, 0x00, 0x00, 0x00, 0x00, 0x2D, 0x00, 0x3C, 0x00, 0x00, 0x00,
    0x00, 0xF0, 0x00, 0xE0, 0x00, 0x00, 0x00, 0x03, 0xC0, 0x07, 0x40, 0x00, 0x00, 0x00, 0x1D, 0x00,
    0x2C, 0x00, 0x00, 0x00, 0x00, 0xB0, 0x00, 0xF0, 0x00, 0x00, 0x00, 0x03, 0xC0, 0x07, 0x80, 0x00,
    0x00, 0x00, 0x0E, 0x00, 0x2C, 0x00, 0x00, 0x00, 0x00, 0x74, 0x00, 0xF0, 0x00, 0x00, 0x00, 0x03,
    0xC0, 0x03, 0xC0, 0x00, 0x00, 0x00, 0x1F, 0x00, 0x0F, 0xFF, 0xFF, 0xFF, 0xFF, 0xF8, 0x00, 0x2F,
    0xFF, 0xFF, 0xFF, 0xFF, 0x80, 0x00, 0x02, 0xAA, 0xA8, 0x0B, 0xFF, 0xFC, 0x0F, 0xFF, 0xF8, 0x0F,
    0xFF, 0xF4, 0x1F, 0xFF, 0xF0, 0x2F, 0xFF, 0xF0, 0x3F, 0xFF, 0xE0, 0x3F, 0xFF, 0xD0, 0x7F, 0xFF,
    0xC0, 0x07, 0xFF, 0xFC, 0x09, 0x00, 0x0C, 0x0C, 0x00, 0x18, 0x0C, 0x00, 0x24, 0x18, 0x00, 0x30,
    0x24, 0x00, 0x30, 0x30, 0x00, 0x60, 0x30, 0x00, 0x90, 0x7F, 0xFF, 0xC0, 0x1F, 0xFF, 0xFF, 0xFF,
    0xFC, 0x2F, 0xFF, 0xFF, 0xFF, 0xFC, 0x3F, 0xFF, 0xFF, 0xFF, 0xF8, 0x00, 0x00, 0x00, 0x00, 0x00,
    0x00, 0xAA, 0xAA, 0xAA, 0xAA, 0xAA, 0xAA, 0x80, 0x7F, 0xFF, 0xFF, 0xFF, 0xFF, 0xFF, 0xE0, 0x2E,
    0x00, 0x00, 0x00, 0x00, 0x00, 0xB4, 0x0F, 0x40, 0x00, 0x00, 0x00, 0x00, 0x3C, 0x03, 0xC0, 0x00,
    0x00, 0x00, 0x00, 0x0F, 0x01, 0xF0, 0x00, 0x00, 0x00, 0x00, 0x07, 0x80, 0xB8, 0x00, 0x00, 0x00,
    0x00, 0x02, 0xD0, 0x3D, 0x00, 0x00, 0x00, 0x00, 0x00, 0xF0, 0x0F, 0x00, 0x00, 0x00, 0x00, 0x00,
    0x7C, 0x07, 0xC0, 0x00, 0x00, 0x00, 0x00, 0x2E, 0x02, 0xE0, 0x00, 0x00, 0x00, 0x00, 0x0F, 0x40,
    0xFF, 0xFF, 0xFF, 0xFF, 0xFF, 0xFF, 0xC0, 0x2A, 0xAA, 0xAA, 0xAA, 0xAA, 0xAA, 0xA0, 0x00, 0x00,
    0xFF, 0xF0, 0x07, 0xFF, 0x80, 0x2F, 0xFD, 0x00, 0xFF, 0xF0, 0x07, 0xFF, 0xC0, 0x2F, 0xFE, 0x00,
    0xFF, 0xF4, 0x03, 0xFF, 0xC0, 0x1F, 0xFF, 0x00, 0xBF, 0xF8, 0x03, 0xFF, 0xD0, 0x0F, 0xFF, 0x00,
    0x2A, 0xA8, 0x00, 0x00, 0x00, 0x00, 0x03, 0xFF, 0xC0, 0x14, 0x03, 0x00, 0x80, 0x18, 0x02, 0x00,
    0x90, 0x14, 0x03, 0x00, 0x80, 0x08, 0x03, 0x00, 0x50, 0x08, 0x02, 0x00, 0x50, 0x0C, 0x02, 0x00,
    0x20, 0x0C, 0x01, 0x40, 0x3F, 0xFC, 0x00, 0x55, 0x40, 0x00, 0x00, 0x00, 0x00, 0x00, 0x00, 0x00,
    0x00, 0x0F, 0x80, 0x00, 0x00, 0x00, 0x0B, 0xF8, 0x00, 0x00, 0x00, 0x03, 0xFF, 0x00, 0x00, 0x00,
    0x01, 0xFF, 0xE0, 0x00, 0x00, 0x00, 0xFF, 0xFD, 0x00, 0x00, 0x00, 0x7F, 0xFF, 0xC0, 0x00, 0x00,
    0x3F, 0xFF, 0xF8, 0x00, 0x00, 0x1F, 0xFF, 0xFF, 0x00, 0x00, 0x0B, 0xFF, 0xFF, 0xF0, 0x00, 0x03,
    0xFF, 0xFF, 0xFD, 0x00, 0x02, 0xFF, 0xFF, 0xFF, 0xC0, 0x00, 0xFF, 0xFF, 0xFF, 0xF8, 0x00, 0x7F,
    0xFF, 0xFF, 0xFF, 0x00, 0x3F, 0xFF, 0xFF, 0xFF, 0xE0, 0x1F, 0xFF, 0xFF, 0xFF, 0xF4, 0x0F, 0xFF,
    0xFF, 0xFF, 0x90, 0x03, 0xFF, 0xFF, 0xE4, 0x00, 0x01, 0xFF, 0xFE, 0x40, 0x00, 0x00, 0x2F, 0x90,
    0x00, 0x00, 0x00, 0x00, 0x00, 0x00, 0x00, 0x00, 0x00, 0x00, 0x00, 0x00, 0x00, 0x00, 0x00, 0x00,
    0x00, 0x3C, 0x00, 0x00, 0x00, 0x00, 0xFE, 0x00, 0x00, 0x00, 0x03, 0xFF, 0x00, 0x00, 0x00, 0x0B,
    0x87, 0x00, 0x00, 0x00, 0x1F, 0x03, 0x40, 0x00, 0x00, 0x7C, 0x03, 0x80, 0x00, 0x00, 0xF0, 0x02,
    0xC0, 0x00, 0x03, 0xD0, 0x01, 0xD0, 0x00, 0x0B, 0x80, 0x00, 0xE0, 0x00, 0x1F, 0x00, 0x00, 0xF0,
    0x00, 0x7C, 0x00, 0x00, 0xB0, 0x00, 0xF4, 0x00, 0x00, 0x74, 0x03, 0xE0, 0x00, 0x00, 0x38, 0x0B,
    0xC0, 0x00, 0x00, 0x3C, 0x1F, 0x80, 0x00, 0x00, 0xBC, 0x2F, 0xFF, 0xFF, 0xFF, 0xFC, 0x1F, 0xFF,
    0xFF, 0xFF, 0xF4, 0x00, 0x00, 0x00, 0x00, 0x00, 0x00, 0x00, 0x00, 0x0A, 0x00, 0x00, 0xF4, 0x00,
    0x2F, 0xC0, 0x03, 0xFE, 0x00, 0xBF, 0xF0, 0x0F, 0xFF, 0xC1, 0xFF, 0xFC, 0x3F, 0xFE, 0x03, 0xE4,
    0x00, 0x00, 0x00, 0x00, 0x00, 0x00, 0x00, 0x00, 0x1D, 0x00, 0x00, 0xC4, 0x00, 0x0C, 0x10, 0x00,
    0x90, 0x10, 0x05, 0x00, 0x40, 0x60, 0x01, 0x03, 0x00, 0x04, 0x20, 0x00, 0x05, 0x80, 0x00, 0x62,
    0xAA, 0xAA, 0x00, 0x00, 0x00, 0x00, 0x00, 0x00, 0x00, 0x0F, 0x40, 0x00, 0x00, 0x00, 0x0B, 0xFC,
    0x00, 0x00, 0x00, 0x03, 0xFF, 0xE0, 0x00, 0x00, 0x00, 0xFF, 0xFF, 0x40, 0x00, 0x00, 0x7F, 0xFF,
    0xF8, 0x00, 0x00, 0x2F, 0xFF, 0xFF, 0xE0, 0x00, 0x0F, 0xFF, 0xFF, 0xFF, 0x40, 0x03, 0xFF, 0xFF,
    0xFF, 0xF8, 0x01, 0xFF, 0xFF, 0xFF, 0xFF, 0x80, 0xBF, 0xFF, 0xFF, 0xFF, 0xF0, 0x3F, 0xFF, 0xFF,
    0xFF, 0xF4, 0x0F, 0xFF, 0xFF, 0xFF, 0xE0, 0x0B, 0xFF, 0xFF, 0xFF, 0x40, 0x03, 0xFF, 0xFF, 0xFD,
    0x00, 0x00, 0xFF, 0xFF, 0xE0, 0x00, 0x00, 0x3F, 0xFF, 0x80, 0x00, 0x00, 0x1F, 0xFD, 0x00, 0x00,
    0x00, 0x03, 0xF4, 0x00, 0x00, 0x00, 0x00, 0x00, 0x00, 0x00, 0x00, 0x00, 0x00, 0x00, 0x00, 0x00,
    0x00, 0xF4, 0x00, 0x00, 0x00, 0x07, 0xF8, 0x00, 0x00, 0x00, 0x2F, 0xFC, 0x00, 0x00, 0x00, 0xBD,
    0xFD, 0x00, 0x00, 0x02, 0xE0, 0xBD, 0x00, 0x00, 0x0B, 0x80, 0x7E, 0x00, 0x00, 0x2E, 0x00, 0x3F,
    0x00, 0x00, 0xB8, 0x00, 0x2F, 0x40, 0x02, 0xE0, 0x00, 0x1F, 0x80, 0x0B, 0x80, 0x00, 0x0F, 0xC0,
    0x2E, 0x00, 0x00, 0x0B, 0xD0, 0xB8, 0x00, 0x00, 0x07, 0xD2, 0xE0, 0x00, 0x00, 0x0F, 0xCB, 0x80,
    0x00, 0x01, 0xBF, 0x2F, 0x00, 0x06, 0xFF, 0xD0, 0xBE, 0x5B, 0xFF, 0x90, 0x01, 0xFF, 0xFE, 0x40,
    0x00, 0x02, 0xF9, 0x00, 0x00, 0x00, 0x00, 0x00, 0x00, 0x00, 0x00, 0x10, 0x00, 0x00, 0xF8, 0x00,
    0x03, 0xFE, 0x40, 0x0F, 0xFF, 0xD0, 0x2F, 0xFF, 0xE0, 0x3F, 0xFF, 0x00, 0xFF, 0xE0, 0x02, 0xF8,
    0x00, 0x07, 0x40, 0x00, 0x00, 0x00, 0x00, 0x00, 0x00, 0x00, 0x38, 0x00, 0x00, 0x23, 0x00, 0x00,
    0x20, 0x90, 0x00, 0x20, 0x28, 0x00, 0x20, 0x07, 0x00, 0x20, 0x00, 0xD0, 0x20, 0x00, 0x24, 0x20,
    0x00, 0x18, 0x30, 0x05, 0x50, 0x39, 0x50, 0x00, 0x00, 0x00, 0x00, 0x00, 0x00, 0x00, 0x00, 0x00,
    0x00, 0x00, 0x7E, 0x40, 0x00, 0x00, 0x00, 0x00, 0xFF, 0xF4, 0x00, 0x00, 0x00, 0x01, 0xFF, 0xFF,
    0x40, 0x00, 0x00, 0x02, 0xFF, 0xFF, 0xF8, 0x00, 0x00, 0x03, 0xFF, 0xFF, 0xFF, 0x80, 0x00, 0x03,
    0xFF, 0xFF, 0xFF, 0xF8, 0x00, 0x07, 0xFF, 0xFF, 0xFF, 0xFF, 0xC0, 0x0F, 0xFF, 0xFF, 0xFF, 0xFF,
    0xF4, 0x0F, 0xFF, 0xFF, 0xFF, 0xFF, 0xF4, 0x1F, 0xFF, 0xFF, 0xFF, 0xFF, 0x80, 0x2F, 0xFF, 0xFF,
    0xFF, 0xF4, 0x00, 0x3F, 0xFF, 0xFF, 0xFD, 0x00, 0x00, 0x3F, 0xFF, 0xFF, 0x80, 0x00, 0x00, 0x7F,
    0xFF, 0xE4, 0x00, 0x00, 0x00, 0x7F, 0xF9, 0x00, 0x00, 0x00, 0x00, 0x3E, 0x40, 0x00, 0x00, 0x00,
    0x00, 0x00, 0x00, 0x00, 0x00, 0x00, 0x00, 0x00, 0x00, 0x00, 0x00, 0x00, 0x00, 0x00, 0x7E, 0x00,
    0x00, 0x00, 0x00, 0x00, 0xFF, 0xE4, 0x00, 0x00, 0x00, 0x01, 0xF4, 0x2F, 0x40, 0x00, 0x00, 0x02,
    0xD0, 0x02, 0xF4, 0x00, 0x00, 0x03, 0xC0, 0x00, 0x1F, 0x80, 0x00, 0x03, 0xC0, 0x00, 0x00, 0xB8,
    0x00, 0x07, 0x40, 0x00, 0x00, 0x07, 0x80, 0x0B, 0x00, 0x00, 0x00, 0x00, 0xF4, 0x0F, 0x00, 0x00,
    0x00, 0x01, 0xF4, 0x1E, 0x00, 0x00, 0x00, 0x2F, 0x90, 0x2D, 0x00, 0x00, 0x0B, 0xF4, 0x00, 0x3C,
    0x00, 0x02, 0xFE, 0x00, 0x00, 0x3C, 0x00, 0xBF, 0x80, 0x00, 0x00, 0x7C, 0x2F, 0xE4, 0x00, 0x00,
    0x00, 0x7F, 0xF9, 0x00, 0x00, 0x00, 0x00, 0x3E, 0x40, 0x00, 0x00, 0x00, 0x00, 0x00, 0x00, 0x00,
    0x00, 0x00, 0x00, 0x00, 0x00, 0x00, 0x00, 0x00, 0x3F, 0xE4, 0x00, 0x00, 0x00, 0x3F, 0xFF, 0xE4,
    0x00, 0x00, 0x3F, 0xFF, 0xFF, 0xE4, 0x00, 0x1F, 0xFF, 0xFF, 0xFF, 0x90, 0x0F, 0xFF, 0xFF, 0xFF,
    0xF8, 0x0B, 0xFF, 0xFF, 0xFF, 0xF8, 0x03, 0xFF, 0xFF, 0xFF, 0xF4, 0x02, 0xFF, 0xFF, 0xFF, 0xE0,
    0x00, 0xFF, 0xFF, 0xFF, 0xC0, 0x00, 0xFF, 0xFF, 0xFF, 0x40, 0x00, 0x7F, 0xFF, 0xFF, 0x00, 0x00,
    0x3F, 0xFF, 0xFD, 0x00, 0x00, 0x1F, 0xFF, 0xF8, 0x00, 0x00, 0x0F, 0xFF, 0xF0, 0x00, 0x00, 0x0B,
    0xFF, 0xD0, 0x00, 0x00, 0x03, 0xFF, 0xC0, 0x00, 0x00, 0x02, 0xFF, 0x00, 0x00, 0x00, 0x00, 0xFE,
    0x00, 0x00, 0x00, 0x00, 0x78, 0x00, 0x00, 0x00, 0x00, 0x00, 0x00, 0x00, 0x00, 0x00, 0x00, 0x00,
    0x00, 0x2F, 0xFF, 0xFF, 0xFF, 0xF0, 0x3F, 0xFF, 0xFF, 0xFF, 0xF8, 0x3F, 0x00, 0x00, 0x01, 0xF8,
    0x0F, 0x40, 0x00, 0x00, 0xB4, 0x07, 0xC0, 0x00, 0x00, 0xB0, 0x02, 0xF0, 0x00, 0x00, 0xF0, 0x00,
    0xB8, 0x00, 0x00, 0xE0, 0x00, 0x3D, 0x00, 0x01, 0xD0, 0x00, 0x0F, 0x00, 0x02, 0xC0, 0x00, 0x07,
    0xC0, 0x03, 0xC0, 0x00, 0x02, 0xF0, 0x03, 0x80, 0x00, 0x00, 0xB8, 0x07, 0x40, 0x00, 0x00, 0x3D,
    0x0B, 0x00, 0x00, 0x00, 0x0F, 0x4F, 0x00, 0x00, 0x00, 0x07, 0xFE, 0x00, 0x00, 0x00, 0x01, 0xFC,
    0x00, 0x00, 0x00, 0x00, 0x78, 0x00, 0x00, 0x00, 0x00, 0x00, 0x00, 0x00, 0x00, 0x1E, 0x40, 0x07,
    0xFF, 0x90, 0xFF, 0xFE, 0x2F, 0xFF, 0x43, 0xFF, 0x80, 0xBF, 0xC0, 0x0F, 0xD0, 0x03, 0xF0, 0x00,
    0x30, 0x00, 0x00, 0x00, 0x3A, 0xAA, 0xB8, 0x30, 0x00, 0x08, 0x08, 0x00, 0x04, 0x05, 0x00, 0x04,
    0x02, 0x40, 0x00, 0x00, 0xC0, 0x10, 0x00, 0x20, 0x10, 0x00, 0x18, 0x10, 0x00, 0x09, 0x40, 0x00,
    0x02, 0xC0, 0x00, 0x00, 0x00, 0x00, 0x00, 0x00, 0x00, 0x00, 0x00, 0x00, 0x00, 0x00, 0x1F, 0x80,
    0x00, 0x00, 0x00, 0x7F, 0xF0, 0x00, 0x00, 0x02, 0xFF, 0xFC, 0x00, 0x00, 0x0B, 0xFF, 0xFF, 0x00,
    0x00, 0x7F, 0xFF, 0xFF, 0x80, 0x01, 0xFF, 0xFF, 0xFF, 0xD0, 0x0B, 0xFF, 0xFF, 0xFF, 0xF0, 0x1F,
    0xFF, 0xFF, 0xFF, 0xFC, 0x0F, 0xFF, 0xFF, 0xFF, 0xFE, 0x03, 0xFF, 0xFF, 0xFF, 0xFF, 0x40, 0x3F,
    0xFF, 0xFF, 0xFF, 0xC0, 0x01, 0xFF, 0xFF, 0xFF, 0xF0, 0x00, 0x0B, 0xFF, 0xFF, 0xF4, 0x00, 0x00,
    0x3F, 0xFF, 0xFC, 0x00, 0x00, 0x01, 0xFF, 0xFF, 0x00, 0x00, 0x00, 0x0B, 0xFF, 0x80, 0x00, 0x00,
    0x00, 0x7F, 0xD0, 0x00, 0x00, 0x00, 0x02, 0xE0, 0x00, 0x00, 0x00, 0x00, 0x00, 0x00, 0x00, 0x00,
    0x00, 0x00, 0x00, 0x00, 0x00, 0x00, 0x1A, 0x40, 0x00, 0x00, 0x6F, 0xFF, 0x00, 0x01, 0xBF, 0xFA,
    0xFD, 0x02, 0xFF, 0xE4, 0x00, 0xF4, 0xFF, 0x90, 0x00, 0x03, 0xD3, 0xF0, 0x00, 0x00, 0x0B, 0x4B,
    0xC0, 0x00, 0x00, 0x2D, 0x0B, 0xC0, 0x00, 0x00, 0xB4, 0x07, 0xD0, 0x00, 0x02, 0xD0, 0x03, 0xE0,
    0x00, 0x0B, 0x40, 0x03, 0xF0, 0x00, 0x2D, 0x00, 0x02, 0xF4, 0x00, 0xB4, 0x00, 0x01, 0xF8, 0x02,
    0xD0, 0x00, 0x00, 0xFC, 0x0B, 0x40, 0x00, 0x00, 0xBD, 0x3D, 0x00, 0x00, 0x00, 0x7F, 0xF4, 0x00,
    0x00, 0x00, 0x7F, 0xD0, 0x00, 0x00, 0x00, 0x2F, 0x00, 0x00, 0x00, 0x00, 0x00, 0x00, 0x00, 0x00,
    0x00, 0xA0, 0x00, 0xBF, 0x00, 0x7F, 0xF4, 0x2F, 0xFF, 0x87, 0xFF, 0xFC, 0x0B, 0xFF, 0xC0, 0x0B,
    0xFD, 0x00, 0x0B, 0xE0, 0x00, 0x04, 0x00, 0x00, 0x00, 0x00, 0x05, 0x6C, 0x01, 0x50, 0x0C, 0x24,
    0x00, 0x08, 0x18, 0x00, 0x08, 0x06, 0x00, 0x08, 0x00, 0xD0, 0x08, 0x00, 0x24, 0x08, 0x00, 0x06,
    0x08, 0x00, 0x00, 0xC8, 0x00, 0x00, 0x2C, 0x00, 0x00, 0x00, 0x00, 0x00, 0x00, 0x00, 0x00, 0x00,
    0x00, 0x00, 0x00, 0x00, 0x2F, 0x80, 0x00, 0x00, 0x00, 0x00, 0xBF, 0xF4, 0x00, 0x00, 0x00, 0x06,
    0xFF, 0xFE, 0x00, 0x00, 0x00, 0x1F, 0xFF, 0xFF, 0xC0, 0x00, 0x00, 0x7F, 0xFF, 0xFF, 0xF4, 0x00,
    0x02, 0xFF, 0xFF, 0xFF, 0xFE, 0x00, 0x0B, 0xFF, 0xFF, 0xFF, 0xFF, 0xC0, 0x0F, 0xFF, 0xFF, 0xFF,
    0xFF, 0xF0, 0x03, 0xFF, 0xFF, 0xFF, 0xFF, 0xFD, 0x00, 0x2F, 0xFF, 0xFF, 0xFF, 0xFF, 0x80, 0x00,
    0x6F, 0xFF, 0xFF, 0xFF, 0xF0, 0x00, 0x00, 0x6F, 0xFF, 0xFF, 0xFC, 0x00, 0x00, 0x00, 0x7F, 0xFF,
    0xFF, 0x40, 0x00, 0x00, 0x00, 0xBF, 0xFF, 0xE0, 0x00, 0x00, 0x00, 0x00, 0xBF, 0xF8, 0x00, 0x00,
    0x00, 0x00, 0x01, 0xBD, 0x00, 0x00, 0x00, 0x00, 0x00, 0x00, 0x00, 0x00, 0x00, 0x00, 0x00, 0x00,
    0x00, 0x00, 0x00, 0x00, 0x00, 0x1F, 0x80, 0x00, 0x00, 0x00, 0x00, 0xBF, 0xF4, 0x00, 0x00, 0x00,
    0x02, 0xF4, 0x3E, 0x00, 0x00, 0x00, 0x1F, 0x80, 0x03, 0xC0, 0x00, 0x00, 0x7D, 0x00, 0x00, 0xB0,
    0x00, 0x01, 0xF4, 0x00, 0x00, 0x1E, 0x00, 0x0B, 0x80, 0x00, 0x00, 0x03, 0xC0, 0x0F, 0x00, 0x00,
    0x00, 0x00, 0xF0, 0x03, 0xD0, 0x00, 0x00, 0x00, 0x2D, 0x00, 0x2F, 0x90, 0x00, 0x00, 0x07, 0x80,
    0x00, 0x6F, 0x90, 0x00, 0x00, 0xF0, 0x00, 0x00, 0x7F, 0x90, 0x00, 0x3C, 0x00, 0x00, 0x00, 0x7F,
    0x90, 0x0B, 0x40, 0x00, 0x00, 0x00, 0xBF, 0x92, 0xE0, 0x00, 0x00, 0x00, 0x00, 0xBF, 0xF8, 0x00,
    0x00, 0x00, 0x00, 0x01, 0xBD, 0x00, 0x00, 0x00, 0x00, 0x00, 0x00, 0x00, 0x00, 0x00, 0x00, 0x00,
    0x00, 0x00, 0x04, 0x00, 0x00, 0x00, 0xF0, 0x00, 0x00, 0x0F, 0xC0, 0x00, 0x00, 0xBB, 0x40, 0x00,
    0x07, 0x4E, 0x00, 0x00, 0x74, 0x3C, 0x00, 0x03, 0x80, 0xB0, 0x00, 0x38, 0x01, 0xD0, 0x03, 0xC0,
    0x03, 0x80, 0x2C, 0x00, 0x0F, 0x02, 0xC0, 0x00, 0x2C, 0x1D, 0x00, 0x00, 0x74, 0xF0, 0x00, 0x02,
    0xE7, 0xD0, 0x00, 0x1F, 0x5F, 0x80, 0x00, 0xFC, 0x3F, 0x00, 0x0F, 0xC0, 0xBD, 0x00, 0xFC, 0x01,
    0xFC, 0x0F, 0xD0, 0x03, 0xF0, 0xBD, 0x00, 0x07, 0xEB, 0xD0, 0x00, 0x0F, 0xFE, 0x00, 0x00, 0x2F,
    0xE0, 0x00, 0x00, 0x7F, 0x00, 0x00, 0x00, 0xF0, 0x00, 0x00, 0x01, 0x00, 0x00, 0x00, 0x00, 0x00,
    0x00, 0x6F, 0xF9, 0x00, 0x00, 0x00, 0x01, 0xBF, 0xFF, 0xFC, 0x00, 0x00, 0x00, 0xBF, 0x90, 0x07,
    0xF0, 0x00, 0x00, 0x3F, 0x40, 0x00, 0x0B, 0xC0, 0x00, 0x0F, 0x80, 0x00, 0x00, 0x2E, 0x00, 0x03,
    0xE0, 0x00, 0x00, 0x00, 0xF0, 0x00, 0xF8, 0x00, 0x00, 0x00, 0x0B, 0x00, 0x1F, 0x00, 0x00, 0x00,
    0x00, 0xB4, 0x03, 0xC0, 0x00, 0x00, 0x00, 0x07, 0x40, 0x78, 0x00, 0x00, 0x00, 0x00, 0xB4, 0x0F,
    0x00, 0x00, 0x00, 0x00, 0x0B, 0x00, 0xF0, 0x00, 0x00, 0x00, 0x00, 0xF0, 0x0E, 0x00, 0x00, 0x00,
    0x00, 0x1E, 0x00, 0xE0, 0x00, 0x00, 0x00, 0x03, 0xC0, 0x0E, 0x00, 0x00, 0x00, 0x00, 0xB8, 0x00,
    0xF0, 0x00, 0x00, 0x00, 0x2F, 0x00, 0x0B, 0x40, 0x00, 0x00, 0x07, 0xC0, 0x00, 0x7C, 0x00, 0x00,
    0x02, 0xF4, 0x00, 0x02, 0xF0, 0x00, 0x01, 0xFC, 0x00, 0x00, 0x0F, 0xE4, 0x01, 0xFE, 0x00, 0x00,
    0x00, 0x2F, 0xFF, 0xFF, 0x40, 0x00, 0x00, 0x00, 0x1B, 0xF9, 0x00, 0x00, 0x00, 0x00, 0x00, 0x00,
    0x05, 0x50, 0x00, 0x00, 0x00, 0x00, 0x07, 0xFF, 0xFD, 0x00, 0x00, 0x00, 0x02, 0xFF, 0xFF, 0xFF,
    0x00, 0x00, 0x00, 0x3F, 0xFF, 0xFF, 0xFF, 0x00, 0x00, 0x07, 0xFF, 0xFF, 0xFF, 0xFE, 0x00, 0x00,
    0x7F, 0xFF, 0xFF, 0xFF, 0xFC, 0x00, 0x03, 0xFF, 0xFF, 0xFF, 0xFF, 0xF8, 0x00, 0x3F, 0xFF, 0xFF,
    0xFF, 0xFF, 0xF0, 0x02, 0xFF, 0xFF, 0xFF, 0xFF, 0xFF, 0xC0, 0x0F, 0xFF, 0xFF, 0xFF, 0xFF, 0xFF,
    0x00, 0x7F, 0xFF, 0xFF, 0xFF, 0xFF, 0xFC, 0x03, 0xFF, 0xFF, 0xFF, 0xFF, 0xFF, 0xE0, 0x0F, 0xFF,
    0xFF, 0xFF, 0xFF, 0xFF, 0x40, 0x3F, 0xFF, 0xFF, 0xFF, 0xFF, 0xFC, 0x00, 0xFF, 0xFF, 0xFF, 0xFF,
    0xFF, 0xE0, 0x03, 0xFF, 0xFF, 0xFF, 0xFF, 0xFF, 0x00, 0x0F, 0xFF, 0xFF, 0xFF, 0xFF, 0xF4, 0x00,
    0x2F, 0xFF, 0xFF, 0xFF, 0xFF, 0x80, 0x00, 0x7F, 0xFF, 0xFF, 0xFF, 0xF8, 0x00, 0x00, 0xBF, 0xFF,
    0xFF, 0xFF, 0x80, 0x00, 0x00, 0xFF, 0xFF, 0xFF, 0xF4, 0x00, 0x00, 0x00, 0xBF, 0xFF, 0xFD, 0x00,
    0x00, 0x00, 0x00, 0x1F, 0xFE, 0x40, 0x00, 0x00, 0x00, 0x00, 0x7F, 0xFF, 0xFF, 0xFF, 0xC0, 0x0B,
    0xFF, 0xFF, 0xFF, 0xFC, 0x00, 0xFF, 0xFF, 0xFF, 0xFF, 0x80, 0x0F, 0xFF, 0xFF, 0xFF, 0xF0, 0x01,
    0xFF, 0xFE, 0xBF, 0xFF, 0x00, 0x3F, 0xFD, 0x00, 0xFF, 0xE0, 0x03, 0xFF, 0x00, 0x07, 0xFD, 0x00,
    0x7F, 0xD0, 0x00, 0x7F, 0xC0, 0x0B, 0xFC, 0x00, 0x0F, 0xFC, 0x00, 0xFF, 0xC0, 0x01, 0xFF, 0x80,
    0x0F, 0xFD, 0x00, 0xBF, 0xF4, 0x01, 0xFF, 0xFA, 0xBF, 0xFF, 0x00, 0x2F, 0xFF, 0xFF, 0xFF, 0xE0,
    0x03, 0xFF, 0xFF, 0xFF, 0xFD, 0x00, 0x7F, 0xFF, 0xFF, 0xFF, 0xC0, 0x0B, 0xFF, 0xFF, 0xFF, 0xFC,
    0x00, 0x00, 0x7F, 0xFF, 0xFF, 0xFF, 0xC0, 0x0B, 0xFF, 0x40, 0x6F, 0xFC, 0x00, 0xFF, 0x5B, 0xF8,
    0x7F, 0x80, 0x0F, 0x9F, 0xFF, 0xF1, 0xF0, 0x01, 0xE7, 0xFF, 0xFF, 0x8F, 0x00, 0x3D, 0xFF, 0xFF,
    0xFC, 0xA0, 0x03, 0x3F, 0xFF, 0xFF, 0xD9, 0x00, 0x73, 0xFF, 0xFF, 0xFC, 0xC0, 0x09, 0xBF, 0xFF,
    0xFF, 0xCC, 0x00, 0xDB, 0xFF, 0xFF, 0xFA, 0x80, 0x0D, 0x7F, 0xFF, 0xFF, 0x74, 0x01, 0xD3, 0xFF,
    0xFF, 0xDF, 0x00, 0x2F, 0x1F, 0xFF, 0xF7, 0xE0, 0x03, 0xF8, 0x7F, 0xF6, 0xFD, 0x00, 0x7F, 0xF4,
    0x01, 0xFF, 0xC0, 0x0B, 0xFF, 0xFF, 0xFF, 0xFC, 0x00, 0x00, 0x7F, 0x80, 0x0E, 0x01, 0x80, 0xE0,
    0x02, 0x06, 0x00, 0x08, 0x24, 0x00, 0x30, 0x50, 0x03, 0x40, 0xC0, 0x78, 0x00, 0xBE, 0x00, 0x00,
    0x00, 0x00, 0x0B, 0xFF, 0x90, 0x00, 0x00, 0x00, 0x00, 0x7E, 0x51, 0x6F, 0x40, 0x00, 0x00, 0x01,
    0xF4, 0x00, 0x00, 0x74, 0x00, 0x00, 0x02, 0xE0, 0x00, 0x00, 0x03, 0x40, 0x00, 0x02, 0xC0, 0x00,
    0x00, 0x00, 0x30, 0x00, 0x02, 0xC0, 0x00, 0x00, 0x00, 0x0A, 0x00, 0x02, 0xC0, 0x00, 0x00, 0x00,
    0x00, 0xC0, 0x01, 0xC0, 0x00, 0x00, 0x00, 0x00, 0x30, 0x00, 0xD0, 0x00, 0x00, 0x00, 0x00, 0x0D,
    0x00, 0xB0, 0x00, 0x00, 0x00, 0x00, 0x02, 0x40, 0x34, 0x00, 0x00, 0x00, 0x00, 0x00, 0xD0, 0x1C,
    0x00, 0x00, 0x00, 0x00, 0x00, 0x30, 0x0A, 0x00, 0x00, 0x00, 0x00, 0x00, 0x0C, 0x03, 0x40, 0x00,
    0x00, 0x00, 0x00, 0x06, 0x00, 0xC0, 0x00, 0x00, 0x00, 0x00, 0x03, 0x40, 0x30, 0x00, 0x00, 0x00,
    0x00, 0x01, 0xC0, 0x0C, 0x00, 0x00, 0x00, 0x00, 0x00, 0xD0, 0x03, 0x40, 0x00, 0x00, 0x00, 0x00,
    0xA0, 0x00, 0xA0, 0x00, 0x00, 0x00, 0x00, 0x70, 0x00, 0x0C, 0x00, 0x00, 0x00, 0x00, 0x70, 0x00,
    0x02, 0x80, 0x00, 0x00, 0x00, 0xB0, 0x00, 0x00, 0x34, 0x00, 0x00, 0x00, 0xF0, 0x00, 0x00, 0x03,
    0x80, 0x00, 0x02, 0xE0, 0x00, 0x00, 0x00, 0x2E, 0x40, 0x6F, 0x80, 0x00, 0x00, 0x00, 0x00, 0xBF,
    0xF9, 0x00, 0x00, 0x00, 0x00, 0x00, 0x00, 0x00, 0x00, 0x00, 0x00, 0x00, 0x00, 0x00, 0x28, 0x00,
    0x00, 0x00, 0x00, 0x00, 0x7C, 0x00, 0x00, 0x00, 0x00, 0x00, 0xFD, 0x00, 0x00, 0x00, 0x00, 0x03,
    0xFE, 0x00, 0x00, 0x00, 0x00, 0x0F, 0xFF, 0x00, 0x00, 0x00, 0x00, 0x2F, 0xFF, 0x00, 0x00, 0x1F,
    0xFF, 0xFF, 0xFF, 0xFF, 0xF8, 0x2F, 0xFF, 0xFF, 0xFF, 0xFF, 0xFC, 0x0F, 0xFF, 0xFF, 0xFF, 0xFF,
    0xF0, 0x0B, 0xFF, 0xFF, 0xFF, 0xFF, 0xD0, 0x03, 0xFF, 0xFF, 0xFF, 0xFF, 0x40, 0x03, 0xFF, 0xFF,
    0xFF, 0xFD, 0x00, 0x01, 0xFF, 0xFF, 0xFF, 0xF4, 0x00, 0x01, 0xFF, 0xFF, 0xFF, 0xD0, 0x00, 0x02,
    0xFF, 0xFF, 0xFF, 0xC0, 0x00, 0x03, 0xFF, 0xFF, 0xFF, 0xC0, 0x00, 0x0B, 0xFF, 0xFF, 0xFF, 0xC0,
    0x00, 0x0F, 0xFF, 0xFF, 0xFF, 0xC0, 0x00, 0x2F, 0xFF, 0x47, 0xFF, 0xC0, 0x00, 0x3F, 0xE4, 0x00,
    0xBF, 0xC0, 0x00, 0x3E, 0x00, 0x00, 0x0B, 0x80, 0x00, 0x00, 0x00, 0x00, 0x00, 0x00, 0x00, 0x00,
    0x00, 0x00, 0x00, 0x00, 0x00, 0x00, 0x00, 0x00, 0x00, 0x00, 0x00, 0x0D, 0x00, 0x00, 0x00, 0x00,
    0x00, 0x00, 0x00, 0x3F, 0x00, 0x00, 0x00, 0x00, 0x00, 0x00, 0x00, 0xBF, 0x00, 0x00, 0x00, 0x00,
    0x00, 0x00, 0x02, 0xFF, 0x80, 0x00, 0x00, 0x00, 0x00, 0x00, 0x07, 0xC7, 0xC0, 0x00, 0x00, 0x00,
    0x00, 0x00, 0x0F, 0x03, 0xC0, 0x00, 0x00, 0x00, 0x00, 0x00, 0x3D, 0x03, 0xD0, 0x00, 0x00, 0x00,
    0x00, 0x00, 0xB4, 0x02, 0xE0, 0x00, 0x00, 0x0F, 0xFF, 0xFF, 0xE0, 0x01, 0xFF, 0xFF, 0xF8, 0x0F,
    0xFF, 0xFF, 0x80, 0x00, 0xFF, 0xFF, 0xF8, 0x0F, 0xC0, 0x00, 0x00, 0x00, 0x00, 0x07, 0xF0, 0x07,
    0xC0, 0x00, 0x00, 0x00, 0x00, 0x0F, 0xC0, 0x03, 0xD0, 0x00, 0x00, 0x00, 0x00, 0x3F, 0x00, 0x02,
    0xF0, 0x00, 0x00, 0x00, 0x00, 0xFC, 0x00, 0x00, 0xF4, 0x00, 0x00, 0x00, 0x03, 0xF0, 0x00, 0x00,
    0xFC, 0x00, 0x00, 0x00, 0x0B, 0xC0, 0x00, 0x00, 0x7C, 0x00, 0x00, 0x00, 0x2F, 0x00, 0x00, 0x00,
    0x3C, 0x00, 0x00, 0x00, 0x3C, 0x00, 0x00, 0x00, 0xB8, 0x00, 0x00, 0x00, 0x3C, 0x00, 0x00, 0x00,
    0xF4, 0x00, 0x00, 0x00, 0x7C, 0x00, 0x00, 0x01, 0xF0, 0x00, 0x00, 0x00, 0x78, 0x00, 0x00, 0x03,
    0xD0, 0x00, 0x40, 0x00, 0x78, 0x00, 0x00, 0x07, 0xC0, 0x0B, 0xF8, 0x00, 0x78, 0x00, 0x00, 0x0F,
    0x41, 0xFF, 0xFF, 0x40, 0xB4, 0x00, 0x00, 0x0F, 0xAF, 0xF8, 0x1F, 0xF5, 0xF4, 0x00, 0x00, 0x2F,
    0xFF, 0x40, 0x01, 0xFF, 0xF4, 0x00, 0x00, 0x3F, 0xE4, 0x00, 0x00, 0x1F, 0xF0, 0x00, 0x00, 0x3D,
    0x00, 0x00, 0x00, 0x01, 0xF0, 0x00, 0x00, 0x00, 0x00, 0x00, 0x00, 0x00, 0x00, 0x00, 0x00, 0x00,
    0x00, 0x00, 0x1B, 0xFE, 0x40, 0x00, 0x00, 0x00, 0x00, 0xB9, 0x00, 0x6D, 0x00, 0x00, 0x00, 0x01,
    0xE0, 0x00, 0x00, 0xA0, 0x00, 0x00, 0x03, 0xC0, 0x00, 0x00, 0x06, 0x00, 0x00, 0x03, 0x80, 0x00,
    0x00, 0x00, 0x90, 0x00, 0x03, 0x80, 0x00, 0x00, 0x00, 0x0C, 0x00, 0x03, 0x80, 0x00, 0x00, 0x00,
    0x02, 0x00, 0x02, 0x80, 0x7C, 0x00, 0x1F, 0x00, 0x60, 0x00, 0xC0, 0x3F, 0x40, 0x0F, 0xD0, 0x08,
    0x00, 0x90, 0x07, 0x80, 0x01, 0xE0, 0x02, 0x00, 0x30, 0x00, 0x00, 0x00, 0x00, 0x01, 0x80, 0x28,
    0x00, 0x00, 0x00, 0x00, 0x00, 0x50, 0x0C, 0x00, 0x00, 0x00, 0x00, 0x00, 0x24, 0x03, 0x00, 0x00,
    0x00, 0x00, 0x00, 0x0C, 0x00, 0xC0, 0x80, 0x00, 0x00, 0x0A, 0x06, 0x00, 0x20, 0x14, 0x00, 0x00,
    0x0A, 0x03, 0x00, 0x0C, 0x01, 0x40, 0x00, 0x1D, 0x02, 0x80, 0x03, 0x00, 0x19, 0x00, 0xB8, 0x01,
    0xC0, 0x00, 0x80, 0x00, 0xBF, 0x90, 0x00, 0xD0, 0x00, 0x18, 0x00, 0x00, 0x00, 0x00, 0xD0, 0x00,
    0x03, 0x00, 0x00, 0x00, 0x00, 0xD0, 0x00, 0x00, 0x30, 0x00, 0x00, 0x01, 0xD0, 0x00, 0x00, 0x07,
    0x40, 0x00, 0x07, 0xC0, 0x00, 0x00, 0x00, 0x3D, 0x00, 0x6F, 0x40, 0x00, 0x00, 0x00, 0x01, 0xBF,
    0xE4, 0x00, 0x00, 0x00, 0x00, 0x00, 0x00, 0x00, 0x05, 0x50, 0x00, 0x00, 0x00, 0x00, 0x0B, 0xFF,
    0xFD, 0x00, 0x00, 0x00, 0x02, 0xFF, 0xFF, 0xFE, 0x00, 0x00, 0x00, 0x7F, 0xFF, 0xFF, 0xFF, 0x00,
    0x00, 0x07, 0xFF, 0xFF, 0xFF, 0xFE, 0x00, 0x00, 0x7F, 0xFF, 0xFF, 0xFF, 0xFC, 0x00, 0x07, 0xFD,
    0x2F, 0xFF, 0x4B, 0xF4, 0x00, 0x3F, 0xD0, 0xBF, 0xF4, 0x2F, 0xE0, 0x02, 0xFF, 0x47, 0xFF, 0xC1,
    0xFF, 0x80, 0x0F, 0xFF, 0xFF, 0xFF, 0xFF, 0xFE, 0x00, 0x7F, 0xFF, 0xFF, 0xFF, 0xFF, 0xF8, 0x03,
    0xFF, 0xFF, 0xFF, 0xFF, 0xFF, 0xD0, 0x0F, 0xEF, 0xFF, 0xFF, 0xFF, 0xBF, 0x00, 0x3F, 0x7F, 0xFF,
    0xFF, 0xFB, 0xF8, 0x00, 0xFC, 0xFF, 0xFF, 0xFF, 0xDF, 0xD0, 0x03, 0xF4, 0xFF, 0xFF, 0xF8, 0xFE,
    0x00, 0x0F, 0xE0, 0xFF, 0xFF, 0x4F, 0xF0, 0x00, 0x2F, 0xD0, 0x6E, 0x91, 0xFF, 0x00, 0x00, 0x3F,
    0xD0, 0x00, 0x2F, 0xF4, 0x00, 0x00, 0xBF, 0xE4, 0x1B, 0xFF, 0x40, 0x00, 0x00, 0xBF, 0xFF, 0xFF,
    0xF0, 0x00, 0x00, 0x00, 0x7F, 0xFF, 0xFD, 0x00, 0x00, 0x00, 0x00, 0x1F, 0xFE, 0x00, 0x00, 0x00,
    0x00, 0x00, 0x00, 0x03, 0x00, 0x00, 0x00, 0x00, 0xA0, 0x00, 0x00, 0x20, 0x0E, 0x01, 0x40, 0x03,
    0x9F, 0xFC, 0xB0, 0x00, 0x1F, 0x80, 0xBC, 0x00, 0x03, 0xC0, 0x03, 0x80, 0x00, 0xB0, 0x00, 0x2C,
    0x00, 0x0E, 0x00, 0x02, 0xC0, 0x3F, 0xC0, 0x00, 0x2F, 0xD0, 0x1C, 0x00, 0x03, 0x40, 0x01, 0xC0,
    0x00, 0xF0, 0x00, 0x0E, 0x00, 0x3C, 0x00, 0x02, 0xF9, 0x6F, 0xC0, 0x00, 0xE1, 0xFF, 0x4E, 0x00,
    0x04, 0x03, 0x40, 0x40, 0x00, 0x00, 0x30, 0x00, 0x00, 0x00, 0x06, 0x00, 0x00, 0x00, 0x00, 0x00,
    0x6F, 0xE0, 0x00, 0x00, 0xFF, 0xFF, 0x00, 0x00, 0xFD, 0x07, 0xE0, 0x00, 0xF8, 0x00, 0x3C, 0x00,
    0xB8, 0x00, 0x0F, 0x00, 0x3C, 0x00, 0x03, 0xC0, 0x1E, 0x00, 0x00, 0xF0, 0x07, 0x40, 0x00, 0xB8,
    0x01, 0xE0, 0x00, 0x7C, 0x00, 0x3D, 0x00, 0xBC, 0x00, 0x07, 0xFB, 0xFD, 0x00, 0x00, 0x7F, 0xF8,
    0x00, 0x00, 0x03, 0xD0, 0x00, 0x00, 0x00, 0xF0, 0x00, 0x00, 0x00, 0xBC, 0x00, 0x00, 0x00, 0x3E,
    0x00, 0x00, 0x3F, 0xFF, 0xFF, 0xD0, 0x1F, 0xFF, 0xFF, 0xF0, 0x00, 0x02, 0xF0, 0x00, 0x00, 0x00,
    0xF8, 0x00, 0x00, 0x00, 0x3D, 0x00, 0x00, 0x00, 0x1F, 0x00, 0x00, 0x00, 0x0B, 0x80, 0x00, 0x00,
    0x03, 0xD0, 0x00, 0x00, 0x00, 0x00, 0x00, 0x00, 0x00, 0x00, 0x00, 0x00, 0x00, 0x00, 0x00, 0x00,
    0x00, 0x00, 0x00, 0xFF, 0xFD, 0x00, 0x00, 0x00, 0x01, 0xFF, 0xFC, 0x00, 0x00, 0x00, 0x00, 0x07,
    0xF8, 0x00, 0x00, 0x00, 0x00, 0x3F, 0xF4, 0x00, 0x00, 0x00, 0x01, 0xFC, 0xF0, 0x00, 0x00, 0x00,
    0x0B, 0xE1, 0xF0, 0x00, 0x06, 0xF8, 0x3F, 0x42, 0xE0, 0x00, 0x7F, 0xFF, 0xFC, 0x00, 0x00, 0x01,
    0xFD, 0x07, 0xE0, 0x00, 0x00, 0x07, 0xD0, 0x01, 0xE0, 0x00, 0x00, 0x0F, 0x80, 0x00, 0xF0, 0x00,
    0x00, 0x0F, 0x00, 0x00, 0xF0, 0x00, 0x00, 0x2D, 0x00, 0x00, 0xE0, 0x00, 0x00, 0x2C, 0x00, 0x02,
    0xD0, 0x00, 0x00, 0x2C, 0x00, 0x07, 0xC0, 0x00, 0x00, 0x1E, 0x00, 0x1F, 0x40, 0x00, 0x00, 0x0F,
    0x81, 0xBE, 0x00, 0x00, 0x00, 0x07, 0xFF, 0xF4, 0x00, 0x00, 0x00, 0x00, 0xBF, 0x80, 0x00, 0x00,
    0x00, 0x00, 0x00, 0x00, 0x00, 0x00, 0x00, 0x00, 0x00, 0x02, 0xF4, 0x00, 0x00, 0x00, 0x00, 0x0B,
    0xFE, 0x00, 0x00, 0x00, 0x00, 0x1F, 0xFF, 0xC0, 0x00, 0x00, 0x00, 0x3F, 0xFF, 0xF0, 0x00, 0x00,
    0x00, 0x7F, 0xFF, 0xFC, 0x00, 0x00, 0x55, 0xBF, 0xFF, 0xFE, 0x00, 0x00, 0xBF, 0xFF, 0xFF, 0xFF,
    0x80, 0x00, 0x3F, 0xFF, 0xFF, 0xFF, 0xD0, 0x00, 0x0F, 0xFF, 0xFF, 0xFF, 0xF0, 0x00, 0x0B, 0xFF,
    0xFF, 0xFF, 0xF4, 0x00, 0x07, 0xFF, 0xFF, 0xFF, 0xF8, 0x00, 0x07, 0xFF, 0xFF, 0xFF, 0xFC, 0x00,
    0x07, 0xBF, 0xFF, 0xFF, 0xFC, 0x00, 0x0B, 0x2F, 0xFE, 0xBF, 0xF8, 0x00, 0x0E, 0x07, 0xF8, 0x1F,
    0xE0, 0x00, 0x2E, 0x00, 0x00, 0x00, 0x00, 0x00, 0x7E, 0x00, 0x00, 0x00, 0x00, 0x00, 0xFF, 0x00,
    0x00, 0x00, 0x00, 0x07, 0xFF, 0x40, 0x00, 0x00, 0x00, 0x1F, 0xFF, 0xC0, 0x00, 0x00, 0x00, 0x2B,
    0xFF, 0xE0, 0x00, 0x00, 0x00, 0x00, 0x01, 0xA8, 0x00, 0x69, 0x00, 0x00, 0x1F, 0xFF, 0x8B, 0xFF,
    0xC0, 0x00, 0xBD, 0x07, 0xFE, 0x02, 0xF0, 0x02, 0xF0, 0x00, 0xF4, 0x00, 0xB0, 0x03, 0xC0, 0x00,
    0x00, 0x00, 0x74, 0x07, 0x40, 0x00, 0x00, 0x00, 0xB4, 0x0B, 0x00, 0x00, 0x00, 0x00, 0xF0, 0x0F,
    0x00, 0x00, 0x00, 0x01, 0xE0, 0x0F, 0x00, 0x00, 0x00, 0x03, 0xC0, 0x0F, 0x00, 0x00, 0x00, 0x07,
    0x80, 0x0F, 0x00, 0x00, 0x00, 0x0F, 0x00, 0x0B, 0x00, 0x00, 0x00, 0x3D, 0x00, 0x07, 0x40, 0x00,
    0x00, 0xB8, 0x00, 0x03, 0x80, 0x00, 0x01, 0xE0, 0x00, 0x02, 0xC0, 0x00, 0x07, 0xC0, 0x00, 0x00,
    0xE0, 0x00, 0x1F, 0x00, 0x00, 0x00, 0xB4, 0x00, 0xBC, 0x00, 0x00, 0x00, 0x3D, 0x07, 0xE0, 0x00,
    0x00, 0x00, 0x1F, 0xFF, 0x40, 0x00, 0x00, 0x00, 0x02, 0xF4, 0x00, 0x00, 0x00, 0x00, 0x00, 0x02,
    0x00, 0x00, 0x00, 0x0B, 0x00, 0x00, 0x00, 0x2F, 0x40, 0x00, 0x00, 0x7B, 0x80, 0x00, 0x00, 0xE3,
    0xC0, 0x00, 0x03, 0xC2, 0xD0, 0x00, 0x0F, 0x00, 0xE0, 0x00, 0x2C, 0x00, 0xF0, 0x00, 0xB4, 0x00,
    0xB4, 0x01, 0xE0, 0x00, 0x78, 0x03, 0xC0, 0x00, 0x3C, 0x0F, 0x00, 0x00, 0x2C, 0x3D, 0x00, 0x00,
    0x1E, 0x3C, 0x00, 0x00, 0x3C, 0x2E, 0x00, 0x00, 0xF0, 0x0F, 0x00, 0x03, 0xC0, 0x0B, 0x40, 0x0F,
    0x00, 0x07, 0xC0, 0x3C, 0x00, 0x03, 0xD0, 0xF0, 0x00, 0x01, 0xE3, 0xC0, 0x00, 0x00, 0xFF, 0x00,
    0x00, 0x00, 0xBC, 0x00, 0x00, 0x00, 0x30, 0x00, 0x00, 0x00, 0x00, 0x00, 0x00, 0x00, 0x00, 0x2F,
    0x80, 0x00, 0x00, 0x7F, 0xF8, 0x00, 0x00, 0x3F, 0xFF, 0x00, 0x00, 0x2F, 0xFF, 0xC0, 0x00, 0x0B,
    0xFF, 0xF0, 0x00, 0x02, 0xFF, 0xF4, 0x00, 0x0B, 0xFF, 0xFE, 0x40, 0x1F, 0xFF, 0xFF, 0xF4, 0x0F,
    0xFF, 0xFF, 0xFF, 0x0B, 0xFF, 0xFF, 0xFF, 0xC3, 0xFF, 0xFF, 0xFF, 0xE0, 0xFF, 0xFF, 0xFF, 0xF4,
    0x1F, 0xFF, 0xFF, 0xF4, 0x01, 0xB9, 0xE6, 0xE0, 0x00, 0x00, 0xF8, 0x00, 0x00, 0x00, 0xBF, 0x00,
    0x00, 0x00, 0xBF, 0xC0, 0x00, 0x00, 0xFF, 0xF8, 0x00, 0x00, 0xFF, 0xFF, 0x40, 0x00, 0x01, 0x55,
    0x50, 0x00, 0x00, 0x00, 0x06, 0xD0, 0x00, 0x00, 0x00, 0xA0, 0x90, 0x00, 0x00, 0x0D, 0x00, 0x80,
    0x00, 0x01, 0xC0, 0x00, 0x80, 0x00, 0x0C, 0x00, 0x01, 0x00, 0x00, 0xC0, 0x00, 0x02, 0x00, 0x0D,
    0x00, 0x00, 0x08, 0x00, 0x90, 0x00, 0x00, 0x20, 0x06, 0x00, 0x00, 0x00, 0x80, 0x30, 0x00, 0x00,
    0x02, 0x41, 0x80, 0x00, 0x00, 0x08, 0x08, 0x00, 0x00, 0x00, 0x30, 0x30, 0x00, 0x00, 0x01, 0x80,
    0x80, 0x00, 0x00, 0x0C, 0x00, 0x80, 0x00, 0x01, 0xD0, 0x01, 0xFF, 0x8E, 0xF8, 0x00, 0x00, 0x0C,
    0x60, 0x00, 0x00, 0x00, 0xD0, 0xC0, 0x00, 0x00, 0x0A, 0x02, 0x00, 0x00, 0x00, 0xE0, 0x03, 0x00,
    0x00, 0x0E, 0x00, 0x09, 0x00, 0x00, 0x7F, 0xFF, 0xF8, 0x00, 0x00, 0x00, 0x00, 0x00, 0x00, 0x00,
    0x00, 0x00, 0x00, 0x00, 0x00, 0x07, 0xFC, 0x1F, 0xE0, 0x02, 0xFF, 0xE7, 0xFF, 0x80, 0x7F, 0xFF,
    0xFF, 0xFC, 0x0B, 0xFF, 0xFF, 0xFF, 0xC0, 0xFF, 0xFF, 0xFF, 0xFC, 0x0F, 0xFF, 0xFF, 0xFF, 0x40,
    0xFF, 0xFF, 0xFF, 0xF0, 0x0F, 0xFF, 0xFF, 0xFD, 0x00, 0xBF, 0xFF, 0xFF, 0x80, 0x07, 0xFF, 0xFF,
    0xF0, 0x00, 0x3F, 0xFF, 0xFC, 0x00, 0x02, 0xFF, 0xFF, 0x00, 0x00, 0x0F, 0xFF, 0xC0, 0x00, 0x00,
    0x7F, 0xE0, 0x00, 0x00, 0x01, 0xF4, 0x00, 0x00, 0x00, 0x00, 0x02, 0x00, 0x00, 0x00, 0x0B, 0x00,
    0x00, 0x00, 0x2F, 0x40, 0x00, 0x00, 0x7F, 0x80, 0x00, 0x00, 0xFF, 0xC0, 0x00, 0x03, 0xFF, 0xD0,
    0x00, 0x0F, 0xFF, 0xE0, 0x00, 0x2F, 0xFF, 0xF0, 0x00, 0xBF, 0xFF, 0xF4, 0x01, 0xFF, 0xFF, 0xF8,
    0x03, 0xFF, 0xFF, 0xFC, 0x0F, 0xFF, 0xFF, 0xFC, 0x3F, 0xFF, 0xFF, 0xFE, 0x3F, 0xFF, 0xFF, 0xFC,
    0x2F, 0xFF, 0xFF, 0xF0, 0x0F, 0xFF, 0xFF, 0xC0, 0x0B, 0xFF, 0xFF, 0x00, 0x07, 0xFF, 0xFC, 0x00,
    0x03, 0xFF, 0xF0, 0x00, 0x01, 0xFF, 0xC0, 0x00, 0x00, 0xFF, 0x00, 0x00, 0x00, 0xBC, 0x00, 0x00,
    0x00, 0x30, 0x00, 0x00, 0x00, 0x00, 0x00, 0x00, 0x00, 0x00, 0x01, 0x00, 0x00, 0x00, 0x07, 0xFE,
    0x00, 0x00, 0x01, 0xE0, 0x78, 0x00, 0x00, 0x38, 0x01, 0xC0, 0x00, 0x0B, 0x00, 0x0C, 0x00, 0x00,
    0x90, 0x01, 0x80, 0x00, 0x08, 0x00, 0x34, 0x00, 0x0B, 0xC0, 0x07, 0xD0, 0x03, 0xD0, 0x00, 0x07,
    0x40, 0xE0, 0x00, 0x00, 0x28, 0x2C, 0x00, 0x00, 0x02, 0xC3, 0x80, 0x00, 0x00, 0x28, 0x34, 0x00,
    0x00, 0x03, 0x42, 0x80, 0x00, 0x00, 0xF0, 0x0D, 0x0A, 0x20, 0x7C, 0x00, 0x2F, 0xD2, 0xB9, 0x00,
    0x00, 0x28, 0x30, 0x00, 0x00, 0x07, 0x03, 0x00, 0x00, 0x02, 0xC0, 0x18, 0x00, 0x00, 0xF0, 0x00,
    0x90, 0x00, 0x1F, 0xFF, 0xFE, 0x00, 0x00, 0x00, 0x00, 0x00, 0x04, 0x00, 0x00, 0x00, 0x03, 0xC0,
    0x00, 0x00, 0x01, 0xF0, 0x00, 0x00, 0x00, 0xB8, 0x00, 0x00, 0x00, 0x3D, 0x00, 0x00, 0x00, 0x0F,
    0x00, 0x00, 0x00, 0x07, 0xC0, 0x00, 0x00, 0x02, 0xE0, 0x00, 0x00, 0x00, 0xF4, 0x00, 0x00, 0x00,
    0x3C, 0x00, 0x00, 0x00, 0x2F, 0x00, 0x00, 0x00, 0x0F, 0x80, 0x00, 0x00, 0x03, 0xD0, 0x00, 0x00,
    0x01, 0xF0, 0x00, 0x00, 0x00, 0xBC, 0x00, 0x00, 0x00, 0x3E, 0x00, 0x00, 0x00, 0x0F, 0x00, 0x00,
    0x1F, 0xFF, 0xC0, 0x00, 0x7F, 0xFF, 0xE0, 0x00, 0x7F, 0xFF, 0xF4, 0x00, 0x3F, 0xFF, 0xFC, 0x00,
    0x1F, 0xFF, 0xFD, 0x00, 0x03, 0xFF, 0xFD, 0x00, 0x00, 0x2F, 0xE4, 0x00, 0x00, 0x00, 0x00, 0x00,
    0x00, 0x00, 0x00, 0x00, 0x00, 0x00, 0x00, 0x00, 0x00, 0x00, 0x00, 0x00, 0x00, 0x00, 0x00, 0x00,
    0x00, 0x00, 0x00, 0x00, 0x00, 0x00, 0x00, 0x00, 0x00, 0x00, 0x0C, 0x00, 0x00, 0x00, 0x00, 0x00,
    0x00, 0x2F, 0x00, 0x00, 0x04, 0x00, 0x00, 0x00, 0x2F, 0xC0, 0x00, 0x78, 0x00, 0x00, 0x00, 0x1F,
    0xF9, 0x5B, 0xE0, 0x00, 0x00, 0x00, 0x2F, 0xFF, 0xFF, 0x40, 0x00, 0x00, 0x00, 0x3E, 0xBF, 0xF4,
    0x00, 0x00, 0x00, 0x00, 0x3C, 0x00, 0x00, 0x00, 0x00, 0x00, 0x00, 0x7C, 0x00, 0x00, 0x00, 0x00,
    0x00, 0x00, 0xB8, 0x00, 0x00, 0x00, 0x00, 0x00, 0x00, 0xF4, 0x00, 0x00, 0x00, 0x00, 0x00, 0x00,
    0xF0, 0x00, 0x00, 0x00, 0x00, 0x00, 0x02, 0xF0, 0x00, 0x00, 0x00, 0x00, 0x00, 0x03, 0xE0, 0x00,
    0x00, 0x00, 0x00, 0x00, 0x03, 0xD0, 0x00, 0x00, 0x00, 0x00, 0x00, 0x07, 0xC0, 0x00, 0x00, 0x00,
    0x00, 0x00, 0x0B, 0xC0, 0x00, 0x00, 0x00, 0x00, 0x00, 0x0F, 0x40, 0x00, 0x00, 0x00, 0x00, 0x00,
    0x0F, 0x00, 0x00, 0x00, 0x00, 0x00, 0x7F, 0xFF, 0x00, 0x00, 0x00, 0x00, 0x07, 0xFF, 0xFE, 0x00,
    0x00, 0x00, 0x00, 0x1F, 0xFF, 0xFD, 0x00, 0x00, 0x00, 0x00, 0x3F, 0xFF, 0xFC, 0x00, 0x00, 0x00,
    0x00, 0x7F, 0xFF, 0xF4, 0x00, 0x00, 0x00, 0x00, 0x3F, 0xFF, 0xD0, 0x00, 0x00, 0x00, 0x00, 0x0B,
    0xF9, 0x00, 0x00, 0x00, 0x00, 0x00, 0x00, 0x00, 0x00, 0x00, 0x00, 0x00, 0x00, 0x00, 0x00, 0x00,
    0x00, 0x00, 0x00, 0x00, 0x00, 0x00, 0x00, 0x00, 0x00, 0x00, 0x00, 0x00, 0x00, 0x00, 0x1A, 0xF0,
    0x00, 0x00, 0x00, 0x00, 0x00, 0x00, 0x6B, 0xFF, 0xF8, 0x00, 0x00, 0x00, 0x00, 0x01, 0xAF, 0xFF,
    0xFF, 0xFC, 0x00, 0x00, 0x00, 0x01, 0xBF, 0xFF, 0xFF, 0xFF, 0xFF, 0x00, 0x00, 0x00, 0x01, 0xFF,
    0xFF, 0xFF, 0xFF, 0xFF, 0x80, 0x00, 0x00, 0x00, 0xBF, 0xFF, 0xFF, 0xFE, 0x93, 0xD0, 0x00, 0x00,
    0x00, 0x3F, 0xFF, 0xFE, 0x40, 0x00, 0xF0, 0x00, 0x00, 0x00, 0x1F, 0xF9, 0x40, 0x00, 0x00, 0x7C,
    0x00, 0x00, 0x00, 0x0B, 0xC0, 0x00, 0x00, 0x00, 0x3E, 0x00, 0x00, 0x00, 0x03, 0xE0, 0x00, 0x00,
    0x00, 0x0F, 0x40, 0x00, 0x00, 0x00, 0xF4, 0x00, 0x00, 0x00, 0x07, 0xC0, 0x00, 0x00, 0x00, 0x7C,
    0x00, 0x00, 0x00, 0x02, 0xF0, 0x00, 0x00, 0x00, 0x2E, 0x00, 0x00, 0x00, 0x00, 0xF4, 0x00, 0x00,
    0x00, 0x0F, 0x40, 0x00, 0x00, 0x00, 0x3C, 0x00, 0x00, 0x00, 0x03, 0xC0, 0x00, 0x00, 0x00, 0x1F,
    0x00, 0x00, 0x00, 0x01, 0xF0, 0x00, 0x00, 0x00, 0x0B, 0x80, 0x00, 0x00, 0x00, 0xB8, 0x00, 0x00,
    0x00, 0x03, 0xD0, 0x00, 0x00, 0x00, 0x3D, 0x00, 0x00, 0x06, 0xFF, 0xF0, 0x00, 0x00, 0x00, 0x0F,
    0x00, 0x00, 0x1F, 0xFF, 0xFC, 0x00, 0x00, 0x00, 0x07, 0xC0, 0x00, 0x1F, 0xFF, 0xFE, 0x00, 0x00,
    0x00, 0x02, 0xE0, 0x00, 0x0F, 0xFF, 0xFF, 0x00, 0x00, 0x00, 0x00, 0xF4, 0x00, 0x03, 0xFF, 0xFF,
    0x80, 0x00, 0x00, 0x00, 0x7C, 0x00, 0x00, 0xFF, 0xFF, 0x40, 0x00, 0x00, 0xBF, 0xFF, 0x00, 0x00,
    0x0B, 0xF9, 0x00, 0x00, 0x02, 0xFF, 0xFF, 0x80, 0x00, 0x00, 0x00, 0x00, 0x00, 0x02, 0xFF, 0xFF,
    0xD0, 0x00, 0x00, 0x00, 0x00, 0x00, 0x01, 0xFF, 0xFF, 0xF0, 0x00, 0x00, 0x00, 0x00, 0x00, 0x00,
    0x7F, 0xFF, 0xF0, 0x00, 0x00, 0x00, 0x00, 0x00, 0x00, 0x0F, 0xFF, 0xF0, 0x00, 0x00, 0x00, 0x00,
    0x00, 0x00, 0x00, 0xBF, 0x90, 0x00, 0x00, 0x00, 0x00, 0x00, 0x00, 0x00, 0x00, 0x00, 0x00, 0x00,
    0x00, 0x00, 0x00, 0x00, 0x00, 0x00, 0x00, 0x00, 0x00, 0x00, 0x00, 0x00, 0x00, 0x00, 0x00, 0x00,
    0x00, 0x00, 0x00, 0x00, 0x00, 0x00, 0x1B, 0xE0, 0x00, 0x00, 0x00, 0x00, 0x00, 0x00, 0x6B, 0xFF,
    0xF4, 0x00, 0x00, 0x00, 0x00, 0x01, 0xAF, 0xFF, 0xFF, 0xFC, 0x00, 0x00, 0x00, 0x01, 0xBF, 0xFF,
    0xFF, 0xFF, 0xFF, 0x00, 0x00, 0x00, 0x01, 0xFF, 0xFF, 0xFF, 0xFE, 0x9F, 0x80, 0x00, 0x00, 0x00,
    0xBF, 0xFF, 0xFE, 0x40, 0x03, 0xD0, 0x00, 0x00, 0x00, 0x3F, 0xF9, 0x40, 0x00, 0x00, 0xF0, 0x00,
    0x00, 0x00, 0x1F, 0x00, 0x00, 0x00, 0x00, 0xBC, 0x00, 0x00, 0x00, 0x0B, 0xC0, 0x00, 0x00, 0x5B,
    0xFE, 0x00, 0x00, 0x00, 0x03, 0xE0, 0x01, 0x6F, 0xFF, 0xFF, 0x40, 0x00, 0x00, 0x00, 0xF5, 0xAF,
    0xFF, 0xFF, 0xFF, 0xC0, 0x00, 0x00, 0x00, 0x7F, 0xFF, 0xFF, 0xFE, 0x92, 0xF0, 0x00, 0x00, 0x00,
    0x2F, 0xFF, 0xFA, 0x40, 0x00, 0xF4, 0x00, 0x00, 0x00, 0x0F, 0xF9, 0x00, 0x00, 0x00, 0x3C, 0x00,
    0x00, 0x00, 0x03, 0xC0, 0x00, 0x00, 0x00, 0x1F, 0x00, 0x00, 0x00, 0x01, 0xF0, 0x00, 0x00, 0x00,
    0x0B, 0x80, 0x00, 0x00, 0x00, 0xB8, 0x00, 0x00, 0x00, 0x03, 0xD0, 0x00, 0x00, 0x00, 0x3D, 0x00,
    0x00, 0x06, 0xFF, 0xF0, 0x00, 0x00, 0x00, 0x0F, 0x00, 0x00, 0x1F, 0xFF, 0xFC, 0x00, 0x00, 0x00,
    0x07, 0xC0, 0x00, 0x1F, 0xFF, 0xFE, 0x00, 0x00, 0x00, 0x02, 0xE0, 0x00, 0x0F, 0xFF, 0xFF, 0x00,
    0x00, 0x00, 0x00, 0xF4, 0x00, 0x03, 0xFF, 0xFF, 0x80, 0x00, 0x00, 0x00, 0x7C, 0x00, 0x00, 0xFF,
    0xFF, 0x40, 0x00, 0x00, 0xBF, 0xFF, 0x00, 0x00, 0x0B, 0xF9, 0x00, 0x00, 0x02, 0xFF, 0xFF, 0x80,
    0x00, 0x00, 0x00, 0x00, 0x00, 0x02, 0xFF, 0xFF, 0xD0, 0x00, 0x00, 0x00, 0x00, 0x00, 0x01, 0xFF,
    0xFF, 0xF0, 0x00, 0x00, 0x00, 0x00, 0x00, 0x00, 0x7F, 0xFF, 0xF0, 0x00, 0x00, 0x00, 0x00, 0x00,
    0x00, 0x0F, 0xFF, 0xF0, 0x00, 0x00, 0x00, 0x00, 0x00, 0x00, 0x00, 0xBF, 0x90, 0x00, 0x00, 0x00,
    0x00, 0x00, 0x00, 0x00, 0x00, 0x00, 0x00, 0x00, 0x00, 0x00, 0x00, 0x00, 0x00, 0x00, 0x00, 0x00,
    0x00, 0x20, 0x00, 0x03, 0xC0, 0x00, 0x1E, 0x00, 0x00, 0xB4, 0x00, 0x03, 0xC0, 0x00, 0x0F, 0x00,
    0x00, 0x78, 0x00, 0x02, 0xEB, 0x80, 0x0F, 0xD1, 0xC0, 0x7C, 0x03, 0x02, 0xD0, 0x0C, 0x0F, 0x00,
    0xE0, 0x3C, 0x0B, 0x01, 0xE0, 0xB8, 0x0B, 0x5F, 0xC0, 0x3F, 0xFC, 0x00, 0xFF, 0xC0, 0x07, 0xFC,
    0x00, 0x2F, 0x40, 0x00, 0x00, 0x00, 0x00, 0x00, 0x00, 0x02, 0x00, 0x00, 0x00, 0x0B, 0x00, 0x00,
    0x00, 0x2F, 0x40, 0x00, 0x00, 0x7B, 0x80, 0x00, 0x00, 0xE3, 0xC0, 0x00, 0x03, 0xC2, 0xD0, 0x00,
    0x0F, 0x00, 0xE0, 0x00, 0x2C, 0x00, 0xF0, 0x00, 0xB4, 0x00, 0xB4, 0x01, 0xE0, 0x00, 0x78, 0x03,
    0xC0, 0x00, 0x3C, 0x0F, 0x00, 0x00, 0x2C, 0x3D, 0x00, 0x00, 0x1E, 0x3C, 0x00, 0x00, 0x3C, 0x2E,
    0x00, 0x00, 0xF0, 0x0F, 0x00, 0x03, 0xC0, 0x0B, 0x40, 0x0F, 0x00, 0x07, 0xC0, 0x3C, 0x00, 0x03,
    0xD0, 0xF0, 0x00, 0x01, 0xE3, 0xC0, 0x00, 0x00, 0xFF, 0x00, 0x00, 0x00, 0xBC, 0x00, 0x00, 0x00,
    0x30, 0x00, 0x00, 0x00, 0x00, 0x00, 0x00, 0x00, 0x00, 0x00, 0x00, 0x00, 0x00, 0x00, 0x00, 0x00,
    0x00, 0x00, 0x00, 0x00, 0x00, 0x00, 0x00, 0x00, 0x00, 0x00, 0x00, 0x00, 0x00, 0x00, 0x00, 0x00,
    0x00, 0x00, 0x00, 0x00, 0x00, 0x00, 0x00, 0x00, 0x00, 0x00, 0x00, 0x07, 0x80, 0x00, 0x00, 0x00,
    0x00, 0xFF, 0x40, 0x00, 0x00, 0x00, 0x1F, 0xFC, 0x00, 0x00, 0x00, 0x02, 0xFF, 0xD0, 0x78, 0x00,
    0x00, 0x3F, 0xFC, 0x03, 0xF4, 0x00, 0x07, 0xFF, 0x80, 0x0F, 0xF0, 0x00, 0xBF, 0xF4, 0x00, 0x3F,
    0xC0, 0x0F, 0xFF, 0x00, 0x00, 0x7F, 0x81, 0xFF, 0xE0, 0x00, 0x00, 0xFF, 0x2F, 0xFD, 0x00, 0x00,
    0x02, 0xFF, 0xFF, 0xC0, 0x00, 0x00, 0x03, 0xFF, 0xF8, 0x00, 0x00, 0x00, 0x0B, 0xFF, 0x40, 0x00,
    0x00, 0x00, 0x0F, 0xE0, 0x00, 0x00, 0x00, 0x00, 0x1D, 0x00, 0x00, 0x00, 0x00, 0x00, 0x00, 0x00,
    0x00, 0x00, 0x00, 0x00, 0x00, 0x00, 0x00, 0x00, 0x00, 0x1F, 0xFF, 0xE9, 0x00, 0x00, 0x2F, 0xFF,
    0xE0, 0x00, 0x00, 0x3F, 0xFD, 0x00, 0x03, 0x40, 0x7F, 0xC0, 0x70, 0x0F, 0x00, 0xFC, 0x0B, 0xC0,
    0x7E, 0x02, 0xC0, 0xBE, 0x02, 0xFF, 0x0A, 0x1F, 0xF4, 0x0F, 0xFF, 0xFF, 0xFF, 0xC0, 0x3F, 0xF9,
    0xCB, 0xFF, 0x01, 0xFE, 0x0F, 0x03, 0xF8, 0x0B, 0xC0, 0xBC, 0x03, 0xD0, 0x3C, 0x0B, 0xF4, 0x07,
    0x00, 0x80, 0xBF, 0xF0, 0x08, 0x00, 0x0F, 0xFF, 0xE0, 0x00, 0x01, 0xFF, 0xFF, 0xD0, 0x00, 0x00,
    0x00, 0x55, 0x40, 0x00, 0x00, 0x00, 0x00, 0x05, 0xA9, 0x40, 0x00, 0x00, 0x00, 0x00, 0x2F, 0xFF,
    0xFE, 0x00, 0x00, 0x00, 0x00, 0xFF, 0xF8, 0xFF, 0xF0, 0x00, 0x00, 0x01, 0xFF, 0xFC, 0x2F, 0xFF,
    0x00, 0x00, 0x02, 0xFF, 0xFC, 0x07, 0xFF, 0xF0, 0x00, 0x03, 0xFF, 0xFD, 0x00, 0xFF, 0xFD, 0x00,
    0x02, 0xFF, 0xFD, 0x00, 0x3F, 0xFF, 0xC0, 0x02, 0xEA, 0xA9, 0x00, 0x06, 0xAA, 0xF0, 0x00, 0xE0,
    0x00, 0x00, 0x00, 0x00, 0x2C, 0x00, 0xB8, 0x00, 0x00, 0x00, 0x00, 0x2F, 0x40, 0x3F, 0x00, 0x00,
    0x00, 0x00, 0x2F, 0xD0, 0x2F, 0xE0, 0x00, 0x00, 0x00, 0x2F, 0xF0, 0x0F, 0xFC, 0x00, 0x00, 0x00,
    0x1F, 0xFC, 0x03, 0xFF, 0x80, 0x00, 0x00, 0x1F, 0xFE, 0x01, 0xFF, 0xE0, 0x00, 0x00, 0x0F, 0xFF,
    0x40, 0x7F, 0xF0, 0x00, 0x00, 0x03, 0xFF, 0xC0, 0x1F, 0xF8, 0x00, 0x00, 0x00, 0xFF, 0xD0, 0x03,
    0xFD, 0x00, 0x00, 0x00, 0x3F, 0xE0, 0x00, 0xFF, 0x00, 0x1D, 0x00, 0x0F, 0xF0, 0x00, 0x2F, 0x40,
    0xBF, 0xF4, 0x03, 0xF0, 0x00, 0x03, 0xC6, 0xFF, 0xFF, 0xD2, 0xF0, 0x00, 0x00, 0x7F, 0xFF, 0xFF,
    0xFF, 0xF0, 0x00, 0x00, 0x07, 0xFF, 0xFF, 0xFF, 0xD0, 0x00, 0x00, 0x00, 0x7F, 0xFF, 0xFF, 0x80,
    0x00, 0x00, 0x00, 0x01, 0xBF, 0xF9, 0x00, 0x00, 0x00, 0x00, 0x00, 0x00, 0x00, 0x64, 0x00, 0x00,
    0x00, 0x00, 0x1F, 0xC0, 0x00, 0x00, 0x00, 0x03, 0xFC, 0x00, 0x00, 0x00, 0x00, 0x3F, 0x80, 0x00,
    0x00, 0xB8, 0x03, 0xF4, 0x1F, 0xC0, 0x1F, 0xE0, 0x7F, 0x0B, 0xFC, 0x02, 0xFF, 0x47, 0xC3, 0xFF,
    0x80, 0x0F, 0xFC, 0x78, 0xFF, 0xD0, 0x00, 0x1F, 0xE7, 0x3F, 0xD0, 0x00, 0x00, 0x1F, 0xAF, 0x90,
    0x00, 0x00, 0x00, 0x0A, 0x40, 0x00, 0x00, 0x00, 0x1B, 0xFE, 0x00, 0x00, 0x00, 0x7F, 0xDC, 0xFE,
    0x00, 0x00, 0x7F, 0xF3, 0xC3, 0xFE, 0x00, 0x2F, 0xFC, 0x7C, 0x1F, 0xF4, 0x03, 0xFE, 0x0F, 0xC0,
    0xBF, 0x40, 0x3F, 0x81, 0xFC, 0x02, 0xF0, 0x00, 0x40, 0x2F, 0xC0, 0x00, 0x00, 0x00, 0x03, 0xFC,
    0x00, 0x00, 0x00, 0x00, 0x3F, 0x40, 0x00, 0x00, 0x00, 0x03, 0xF0, 0x00, 0x00, 0x00, 0x00, 0x04,
    0x00, 0x00, 0x00, 0x00, 0x1F, 0xFF, 0xFF, 0xFF, 0xFF, 0xC0, 0x00, 0x00, 0xFF, 0xFF, 0xFF, 0xFF,
    0xFE, 0x00, 0x00, 0x03, 0xC0, 0x00, 0x00, 0x00, 0xB4, 0x00, 0x00, 0x1E, 0x00, 0x00, 0x00, 0x03,
    0xC0, 0x00, 0x00, 0xB4, 0x00, 0x00, 0x00, 0x0F, 0x00, 0x00, 0x03, 0xC0, 0x00, 0x00, 0x00, 0x78,
    0x00, 0x00, 0x0F, 0x00, 0x00, 0x00, 0x02, 0xD0, 0x00, 0x00, 0x78, 0x00, 0x00, 0x00, 0x0F, 0xFF,
    0xFC, 0x02, 0xC0, 0x00, 0x00, 0x00, 0x3F, 0xFF, 0xE0, 0x0F, 0x00, 0x00, 0x00, 0x02, 0xFF, 0xFF,
    0x40, 0x78, 0x00, 0x00, 0x00, 0x0F, 0xFF, 0xFC, 0x02, 0xD0, 0x00, 0x00, 0x00, 0x3F, 0xFF, 0xF0,
    0x0F, 0x00, 0x00, 0x00, 0x01, 0xFF, 0xFF, 0x80, 0x3C, 0x00, 0x00, 0x00, 0x0B, 0xFF, 0xFC, 0x01,
    0xE0, 0x00, 0x00, 0x00, 0x3F, 0xFF, 0xF0, 0x0B, 0x40, 0x00, 0x00, 0x00, 0xFF, 0xFF, 0x80, 0x3C,
    0x00, 0x00, 0x00, 0x07, 0xFF, 0xFD, 0x00, 0xFF, 0xFF, 0xFF, 0xFF, 0xFF, 0xFF, 0xF0, 0x07, 0xFF,
    0xFF, 0xFF, 0xFF, 0xFF, 0xFF, 0xC0, 0x00, 0x00, 0xFF, 0xFF, 0xFF, 0xFF, 0xFE, 0x00, 0x00, 0x03,
    0xFF, 0xFF, 0xFF, 0xFF, 0xF4, 0x00, 0x00, 0x2F, 0xFF, 0xFF, 0xFF, 0xFF, 0xC0, 0x00, 0x00, 0xFF,
    0xFF, 0xFF, 0xFF, 0xFE, 0x00, 0x00, 0x03, 0xFF, 0xFF, 0xFF, 0xFF, 0xF4, 0x00, 0x00, 0x1F, 0xFF,
    0xFF, 0xFF, 0xFF, 0xC0, 0x00, 0x00, 0x6A, 0xAA, 0xAA, 0xAA, 0xAA, 0x00, 0x00, 0x00, 0x00, 0x00,
    0x00, 0x1F, 0xFE, 0x00, 0x2F, 0xFD, 0x00, 0x3F, 0xFC, 0x00, 0x3F, 0xFC, 0x00, 0xBF, 0xF8, 0x00,
    0xFF, 0xF4, 0x00, 0xFF, 0xF0, 0x01, 0xFF, 0xF0, 0x02, 0xFF, 0xE0, 0x03, 0xFF, 0xD0, 0x03, 0xFF,
    0xC0, 0x07, 0xFF, 0xC0, 0x0B, 0xFF, 0x80, 0x0F, 0xFF, 0x40, 0x0F, 0xFF, 0x00, 0x1F, 0xFE, 0x00,
    0x2F, 0xFD, 0x00, 0x3F, 0xFC, 0x00, 0x7F, 0xFC, 0x00, 0xBF, 0xF8, 0x00, 0x00, 0x00, 0x00, 0x60,
    0x00, 0x00, 0x00, 0x0B, 0xC0, 0x00, 0x00, 0x00, 0x3F, 0xC0, 0x00, 0x00, 0x00, 0x7F, 0x40, 0x00,
    0x00, 0x00, 0xFF, 0x00, 0x00, 0x00, 0x00, 0xFE, 0x00, 0x55, 0x55, 0x57, 0xFC, 0x07, 0xFF, 0xFF,
    0xFF, 0xFC, 0x2F, 0xFF, 0xFF, 0xFF, 0xF4, 0xFF, 0xFF, 0xFF, 0xFF, 0xC3, 0xFF, 0xFF, 0xFF, 0xF8,
    0x00, 0x00, 0x00, 0xFF, 0x80, 0x00, 0x00, 0x0F, 0xF4, 0x00, 0x00, 0x01, 0xFF, 0x00, 0x00, 0x00,
    0x1F, 0xF0, 0x00, 0x00, 0x00, 0x3E, 0x00, 0x00, 0x00, 0x00, 0x50, 0x00, 0x00, 0x00, 0x14, 0x00,
    0x00, 0x00, 0x00, 0x00, 0xF4, 0x00, 0x00, 0x00, 0x00, 0x0F, 0xF0, 0x00, 0x00, 0x00, 0x00, 0xBF,
    0xE0, 0x00, 0x00, 0x00, 0x03, 0xFF, 0xE0, 0x00, 0x00, 0x00, 0x3F, 0xFF, 0xE0, 0x00, 0x00, 0x02,
    0xFF, 0xFF, 0xD0, 0x00, 0x00, 0x1F, 0xFF, 0xFF, 0xD0, 0x00, 0x00, 0xFF, 0xFF, 0xFF, 0xD0, 0x00,
    0x1F, 0xFF, 0xFF, 0xF8, 0x00, 0x03, 0xFF, 0xFF, 0xF4, 0x00, 0x00, 0xFF, 0xFF, 0xE0, 0x00, 0x00,
    0x3F, 0xFF, 0xD0, 0x00, 0x00, 0x0B, 0xFF, 0x90, 0x00, 0x00, 0x02, 0xFF, 0x80, 0x00, 0x00, 0x00,
    0x7F, 0x40, 0x00, 0x00, 0x00, 0x1E, 0x00, 0x00, 0x00, 0x00, 0x01, 0x00, 0x00, 0x00, 0x00, 0x00,
    0x00, 0x00, 0x00, 0x00, 0x00, 0x00, 0x00, 0x00, 0x00, 0x06, 0xFF, 0xFE, 0x40, 0x00, 0x00, 0x00,
    0xBF, 0xFF, 0xFE, 0xF4, 0x00, 0x00, 0x0B, 0xFF, 0xFF, 0xF8, 0xBE, 0x00, 0x00, 0x7F, 0xFF, 0xFF,
    0xF4, 0x3F, 0x80, 0x01, 0xFF, 0xFF, 0xFF, 0xF0, 0x0F, 0xD0, 0x07, 0xFF, 0xFF, 0xFF, 0xF0, 0x07,
    0xF0, 0x0F, 0xFF, 0xFF, 0xFF, 0xE0, 0x02, 0xF0, 0x0A, 0xA9, 0x55, 0x54, 0x00, 0x00, 0xB4, 0x00,
    0x00, 0x00, 0x00, 0x00, 0x00, 0x34, 0x00, 0x00, 0x00, 0x00, 0x00, 0x00, 0x00, 0x00, 0x00, 0x00,
    0x00, 0x00, 0x00, 0x20, 0x00, 0x00, 0x00, 0x00, 0x00, 0x01, 0xD0, 0x6A, 0xAA, 0x55, 0x50, 0x00,
    0x0B, 0xC0, 0xBF, 0xFF, 0xFF, 0xFE, 0x00, 0x2F, 0x40, 0x7F, 0xFF, 0xFF, 0xFD, 0x01, 0xFD, 0x00,
    0x3F, 0xFF, 0xFF, 0xFC, 0x0B, 0xF4, 0x00, 0x0F, 0xFF, 0xFF, 0xFC, 0x2F, 0xD0, 0x00, 0x03, 0xFF,
    0xFF, 0xF9, 0xFE, 0x00, 0x00, 0x00, 0x7F, 0xFF, 0xFF, 0xE0, 0x00, 0x00, 0x00, 0x06, 0xFF, 0xE9,
    0x00, 0x00, 0x00, 0x00, 0x00, 0x00, 0x3F, 0xD0, 0x1F, 0xF0, 0x0F, 0xF0, 0x0B, 0xF8, 0x03, 0xFD,
    0x02, 0xFF, 0x00, 0xFF, 0x80, 0xBF, 0xC0, 0x00,
};

static const EpdGlyph opendyslexic_14_italicGlyphs[] = {
    { 0, 0, 25, 0, 0, 0, 0 }, //  
    { 14, 29, 10, 1, 29, 102, 0 }, // !
    { 15, 9, 16, 6, 25, 34, 102 }, // "
    { 33, 25, 33, 3, 23, 207, 136 }, // #
    { 26, 31, 31, 2, 27, 202, 343 }, // $
    { 24, 25, 29, 7, 23, 150, 545 }, // %
    { 24, 26, 28, 4, 25, 156, 695 }, // &
    { 7, 9, 8, 5, 22, 16, 851 }, // '
    { 17, 40, 13, 3, 30, 170, 867 }, // (
    { 16, 40, 13, -7, 30, 160, 1037 }, // )
    { 15, 14, 19, 6, 22, 53, 1197 }, // *
    { 15, 14, 18, 4, 15, 53, 1250 }, // +
    { 10, 10, 9, 0, 5, 25, 1303 }, // ,
    { 14, 3, 18, 4, 10, 11, 1328 }, // -
    { 6, 5, 8, 1, 5, 8, 1339 }, // .
    { 29, 45, 17, -4, 32, 327, 1347 }, // /
    { 19, 22, 19, 3, 22, 105, 1674 }, // 0
    { 14, 22, 17, 2, 22, 77, 1779 }, // 1
    { 20, 22, 19, 2, 22, 110, 1856 }, // 2
    { 20, 22, 19, 2, 22, 110, 1966 }, // 3
    { 16, 22, 19, 4, 22, 88, 2076 }, // 4
    { 19, 23, 18, 2, 23, 110, 2164 }, // 5
    { 19, 22, 19, 3, 22, 105, 2274 }, // 6
    { 15, 22, 18, 7, 22, 83, 2379 }, // 7
    { 20, 22, 20, 2, 22, 110, 2462 }, // 8
    { 19, 22, 19, 3, 22, 105, 2572 }, // 9
    { 10, 18, 8, 1, 18, 45, 2677 }, // :
    { 12, 22, 9, 0, 17, 66, 2722 }, // ;
    { 22, 17, 23, -1, 18, 94, 2788 }, // <
    { 16, 10, 18, 3, 13, 40, 2882 }, // =
    { 22, 17, 23, 2, 18, 94, 2922 }, // >
    { 18, 33, 17, 5, 33, 149, 3016 }, // ?
    { 29, 25, 35, 4, 23, 182, 3165 }, // @
    { 23, 25, 29, 1, 25, 144, 3347 }, // A
    { 22, 25, 24, 1, 25, 138, 3491 }, // B
    { 25, 27, 25, 1, 26, 169, 3629 }, // C
    { 25, 25, 28, 1, 25, 157, 3798 }, // D
    { 23, 25, 23, 1, 25, 144, 3955 }, // E
    { 21, 25, 21, 1, 25, 132, 4099 }, // F
    { 25, 26, 29, 2, 26, 163, 4231 }, // G
    { 27, 25, 27, 1, 25, 169, 4394 }, // H
    { 12, 25, 12, 1, 25, 75, 4563 }, // I
    { 21, 33, 18, -1, 26, 174, 4638 }, // J
    { 23, 25, 26, 1, 25, 144, 4812 }, // K
    { 18, 25, 22, 1, 25, 113, 4956 }, // L
    { 31, 25, 32, 1, 25, 194, 5069 }, // M
    { 28, 25, 27, 1, 25, 175, 5263 }, // N
    { 28, 26, 29, 2, 25, 182, 5438 }, // O
    { 23, 25, 23, 1, 25, 144, 5620 }, // P
    { 29, 29, 31, 1, 25, 211, 5764 }, // Q
    { 22, 25, 24, 1, 25, 138, 5975 }, // R
    { 25, 27, 29, 1, 26, 169, 6113 }, // S
    { 23, 25, 27, 6, 25, 144, 6282 }, // T
    { 26, 26, 27, 2, 25, 169, 6426 }, // U
    { 24, 25, 30, 7, 25, 150, 6595 }, // V
    { 33, 25, 37, 6, 25, 207, 6745 }, // W
    { 29, 25, 29, 1, 25, 182, 6952 }, // X
    { 21, 25, 27, 7, 25, 132, 7134 }, // Y
    { 29, 25, 29, 1, 25, 182, 7266 }, // Z
    { 21, 41, 14, -1, 31, 216, 7448 }, // [
    { 5, 28, 14, 7, 23, 35, 7664 }, // <backslash>
    { 20, 41, 14, -6, 31, 205, 7699 }, // ]
    { 13, 6, 16, 5, 26, 20, 7904 }, // ^
    { 21, 4, 23, 0, -2, 21, 7924 }, // _
    { 9, 5, 12, 7, 22, 12, 7945 }, // `
    { 18, 18, 22, 1, 18, 81, 7957 }, // a
    { 18, 26, 23, 3, 25, 117, 8038 }, // b
    { 15, 18, 20, 2, 17, 68, 8155 }, // c
    { 23, 26, 23, 1, 25, 150, 8223 }, // d
    { 18, 17, 22, 2, 17, 77, 8373 }, // e
    { 14, 24, 16, 3, 24, 84, 8450 }, // f
    { 21, 24, 22, 0, 16, 126, 8534 }, // g
    { 19, 25, 22, 1, 25, 119, 8660 }, // h
    { 11, 26, 11, 1, 26, 72, 8779 }, // i
    { 19, 32, 19, 2, 25, 152, 8851 }, // j
    { 16, 24, 22, 1, 24, 96, 9003 }, // k
    { 11, 24, 14, 1, 24, 66, 9099 }, // l
    { 29, 16, 32, 1, 16, 116, 9165 }, // m
    { 18, 17, 22, 1, 17, 77, 9281 }, // n
    { 18, 16, 22, 2, 16, 72, 9358 }, // o
    { 23, 24, 24, -1, 16, 138, 9430 }, // p
    { 20, 25, 26, 2, 18, 125, 9568 }, // q
    { 15, 17, 17, 1, 17, 64, 9693 }, // r
    { 17, 16, 21, 1, 16, 68, 9757 }, // s
    { 13, 22, 19, 4, 22, 72, 9825 }, // t
    { 18, 17, 21, 2, 16, 77, 9897 }, // u
    { 18, 16, 24, 5, 16, 72, 9974 }, // v
    { 23, 16, 28, 5, 16, 92, 10046 }, // w
    { 22, 16, 24, 1, 16, 88, 10138 }, // x
    { 22, 24, 23, 0, 16, 132, 10226 }, // y
    { 20, 16, 22, 1, 16, 80, 10358 }, // z
    { 16, 27, 16, 4, 22, 108, 10438 }, // {
    { 10, 25, 7, 1, 21, 63, 10546 }, // |
    { 16, 27, 18, 0, 22, 108, 10609 }, // }
    { 13, 6, 17, 5, 22, 20, 10717 }, // ~
    { 0, 0, 25, 0, 0, 0, 10737 }, //  
    { 11, 29, 13, 3, 22, 80, 10737 }, // ¡
    { 15, 25, 20, 2, 22, 94, 10817 }, // ¢
    { 23, 27, 20, 1, 27, 156, 10911 }, // £
    { 18, 15, 20, 3, 18, 68, 11067 }, // ¤
    { 22, 24, 22, 4, 22, 132, 11135 }, // ¥
    { 10, 25, 7, 1, 21, 63, 11267 }, // ¦
    { 23, 25, 24, 1, 22, 144, 11330 }, // §
    { 14, 5, 16, 6, 23, 18, 11474 }, // ¨
    { 13, 11, 16, 7, 26, 36, 11492 }, // ©
    { 10, 10, 12, 5, 22, 25, 11528 }, // ª
    { 19, 14, 24, 3, 14, 67, 11553 }, // «
    { 14, 9, 18, 4, 10, 32, 11620 }, // ¬
    { 14, 3, 16, 4, 10, 11, 11652 }, // ­
    { 13, 11, 16, 8, 31, 36, 11663 }, // ®
    { 11, 3, 15, 7, 21, 9, 11699 }, // ¯
    { 15, 14, 16, 5, 23, 53, 11708 }, // °
    { 17, 17, 21, 1, 16, 73, 11761 }, // ±
    { 10, 11, 9, 3, 24, 28, 11834 }, // ²
    { 10, 11, 9, 3, 23, 28, 11862 }, // ³
    { 7, 6, 8, 6, 23, 11, 11890 }, // ´
    { 21, 19, 21, -1, 16, 100, 11901 }, // µ
    { 20, 24, 18, 1, 21, 120, 12001 }, // ¶
    { 6, 5, 8, 3, 12, 8, 12121 }, // ·
    { 8, 8, 10, 0, 1, 16, 12129 }, // ¸
    { 8, 11, 8, 3, 24, 22, 12145 }, // ¹
    { 10, 9, 12, 5, 21, 23, 12167 }, // º
    { 20, 14, 19, -4, 14, 70, 12190 }, // »
    { 24, 28, 32, 7, 26, 168, 12260 }, // ¼
    { 25, 27, 32, 7, 25, 169, 12428 }, // ½
    { 25, 27, 32, 6, 25, 169, 12597 }, // ¾
    { 19, 32, 17, -2, 17, 152, 12766 }, // ¿
    { 23, 33, 29, 1, 33, 190, 12918 }, // À
    { 25, 38, 29, 1, 38, 238, 13108 }, // Á
    { 25, 32, 29, 1, 32, 200, 13346 }, // Â
    { 26, 33, 29, 1, 33, 215, 13546 }, // Ã
    { 27, 33, 29, 1, 33, 223, 13761 }, // Ä
    { 24, 35, 29, 1, 35, 210, 13984 }, // Å
    { 38, 26, 42, 1, 25, 247, 14194 }, // Æ
    { 25, 33, 25, 1, 26, 207, 14441 }, // Ç
    { 23, 32, 23, 1, 32, 184, 14648 }, // È
    { 23, 38, 23, 1, 38, 219, 14832 }, // É
    { 23, 32, 23, 1, 32, 184, 15051 }, // Ê
    { 24, 33, 23, 1, 33, 198, 15235 }, // Ë
    { 14, 35, 12, 1, 35, 123, 15433 }, // Ì
    { 17, 40, 12, 1, 40, 170, 15556 }, // Í
    { 16, 34, 12, 1, 34, 136, 15726 }, // Î
    { 18, 35, 12, 1, 35, 158, 15862 }, // Ï
    { 26, 25, 28, 0, 25, 163, 16020 }, // Ð
    { 28, 32, 27, 1, 32, 224, 16183 }, // Ñ
    { 28, 34, 29, 2, 33, 238, 16407 }, // Ò
    { 28, 39, 29, 2, 38, 273, 16645 }, // Ó
    { 28, 33, 29, 2, 32, 231, 16918 }, // Ô
    { 28, 34, 29, 2, 33, 238, 17149 }, // Õ
    { 28, 34, 29, 2, 33, 238, 17387 }, // Ö
    { 14, 8, 17, 3, 11, 28, 17625 }, // ×
    { 50, 49, 29, -10, 37, 613, 17653 }, // Ø
    { 26, 35, 27, 2, 34, 228, 18266 }, // Ù
    { 26, 39, 27, 2, 38, 254, 18494 }, // Ú
    { 26, 33, 27, 2, 32, 215, 18748 }, // Û
    { 26, 35, 27, 2, 34, 228, 18963 }, // Ü
    { 21, 39, 27, 7, 39, 205, 19191 }, // Ý
    { 19, 23, 16, 1, 23, 110, 19396 }, // Þ
    { 20, 23, 20, 2, 23, 115, 19506 }, // ß
    { 18, 24, 22, 1, 24, 108, 19621 }, // à
    { 18, 28, 22, 1, 28, 126, 19729 }, // á
    { 20, 24, 22, 1, 24, 120, 19855 }, // â
    { 19, 23, 22, 1, 23, 110, 19975 }, // ã
    { 20, 24, 22, 1, 24, 120, 20085 }, // ä
    { 18, 26, 22, 1, 26, 117, 20205 }, // å
    { 30, 18, 36, 1, 18, 135, 20322 }, // æ
    { 15, 24, 20, 2, 17, 90, 20457 }, // ç
    { 18, 27, 22, 2, 27, 122, 20547 }, // è
    { 19, 32, 22, 2, 32, 152, 20669 }, // é
    { 19, 26, 22, 2, 26, 124, 20821 }, // ê
    { 20, 27, 22, 2, 27, 135, 20945 }, // ë
    { 11, 24, 11, 1, 24, 66, 21080 }, // ì
    { 14, 29, 11, 1, 29, 102, 21146 }, // í
    { 14, 23, 11, 1, 23, 81, 21248 }, // î
    { 15, 25, 11, 1, 25, 94, 21329 }, // ï
    { 25, 23, 24, 3, 23, 144, 21423 }, // ð
    { 21, 25, 22, 1, 25, 132, 21567 }, // ñ
    { 18, 26, 22, 2, 26, 117, 21699 }, // ò
    { 19, 31, 22, 2, 31, 148, 21816 }, // ó
    { 19, 25, 22, 2, 25, 119, 21964 }, // ô
    { 19, 26, 22, 2, 26, 124, 22083 }, // õ
    { 20, 26, 22, 2, 26, 130, 22207 }, // ö
    { 19, 18, 22, 4, 18, 86, 22337 }, // ÷
    { 29, 45, 22, -4, 30, 327, 22423 }, // ø
    { 18, 25, 21, 2, 24, 113, 22750 }, // ù
    { 18, 30, 21, 2, 29, 135, 22863 }, // ú
    { 18, 24, 21, 2, 23, 108, 22998 }, // û
    { 19, 25, 21, 2, 24, 119, 23106 }, // ü
    { 22, 39, 23, 0, 31, 215, 23225 }, // ý
    { 18, 30, 16, 1, 24, 135, 23440 }, // þ
    { 23, 35, 23, 0, 27, 202, 23575 }, // ÿ
    { 26, 32, 29, 1, 32, 208, 23777 }, // Ā
    { 20, 22, 22, 1, 22, 110, 23985 }, // ā
    { 26, 36, 29, 1, 36, 234, 24095 }, // Ă
    { 20, 26, 22, 1, 26, 130, 24329 }, // ă
    { 23, 32, 29, 1, 25, 184, 24459 }, // Ą
    { 18, 23, 22, 1, 18, 104, 24643 }, // ą
    { 25, 39, 25, 1, 38, 244, 24747 }, // Ć
    { 17, 28, 20, 2, 27, 119, 24991 }, // ć
    { 26, 37, 25, 1, 36, 241, 25110 }, // Ĉ
    { 19, 25, 20, 2, 24, 119, 25351 }, // ĉ
    { 25, 37, 25, 1, 36, 232, 25470 }, // Ċ
    { 15, 26, 20, 2, 25, 98, 25702 }, // ċ
    { 25, 39, 25, 1, 38, 244, 25800 }, // Č
    { 17, 27, 20, 2, 26, 115, 26044 }, // č
    { 25, 36, 28, 1, 36, 225, 26159 }, // Ď
    { 28, 26, 23, 1, 25, 182, 26384 }, // ď
    { 26, 25, 28, 0, 25, 163, 26566 }, // Đ
    { 27, 26, 23, 1, 25, 176, 26729 }, // đ
    { 23, 32, 23, 1, 32, 184, 26905 }, // Ē
    { 20, 26, 22, 2, 26, 130, 27089 }, // ē
    { 23, 35, 23, 1, 35, 202, 27219 }, // Ĕ
    { 20, 30, 22, 2, 30, 150, 27421 }, // ĕ
    { 23, 34, 23, 1, 34, 196, 27571 }, // Ė
    { 18, 28, 22, 2, 28, 126, 27767 }, // ė
    { 23, 31, 23, 1, 25, 179, 27893 }, // Ę
    { 18, 24, 22, 2, 17, 108, 28072 }, // ę
    { 23, 35, 23, 1, 35, 202, 28180 }, // Ě
    { 19, 30, 22, 2, 30, 143, 28382 }, // ě
    { 26, 34, 29, 2, 34, 221, 28525 }, // Ĝ
    { 22, 32, 22, 0, 24, 176, 28746 }, // ĝ
    { 26, 36, 29, 2, 36, 234, 28922 }, // Ğ
    { 21, 34, 22, 0, 26, 179, 29156 }, // ğ
    { 25, 34, 29, 2, 34, 213, 29335 }, // Ġ
    { 21, 33, 22, 0, 25, 174, 29548 }, // ġ
    { 25, 39, 29, 2, 26, 244, 29722 }, // Ģ
    { 21, 35, 22, 0, 27, 184, 29966 }, // ģ
    { 27, 33, 27, 1, 33, 223, 30150 }, // Ĥ
    { 19, 31, 22, 1, 31, 148, 30373 }, // ĥ
    { 27, 24, 27, 1, 24, 162, 30521 }, // Ħ
    { 19, 25, 22, 1, 25, 119, 30683 }, // ħ
    { 17, 36, 12, 1, 36, 153, 30802 }, // Ĩ
    { 14, 25, 11, 1, 25, 88, 30955 }, // ĩ
    { 18, 34, 12, 1, 34, 153, 31043 }, // Ī
    { 15, 23, 11, 1, 23, 87, 31196 }, // ī
    { 14, 31, 18, 3, 25, 109, 31283 }, // Į
    { 13, 32, 11, -1, 26, 104, 31392 }, // į
    { 14, 36, 12, 1, 36, 126, 31496 }, // İ
    { 8, 17, 11, 1, 17, 34, 31622 }, // ı
    { 23, 32, 27, 1, 25, 184, 31656 }, // Ĳ
    { 27, 34, 11, 1, 26, 230, 31840 }, // ĳ
    { 24, 40, 18, -1, 33, 240, 32070 }, // Ĵ
    { 24, 31, 19, 2, 24, 186, 32310 }, // ĵ
    { 23, 36, 26, 1, 25, 207, 32496 }, // Ķ
    { 16, 38, 22, 1, 24, 152, 32703 }, // ķ
    { 14, 16, 16, 0, 16, 56, 32855 }, // ĸ
    { 18, 35, 22, 1, 35, 158, 32911 }, // Ĺ
    { 16, 34, 14, 1, 34, 136, 33069 }, // ĺ
    { 18, 38, 22, 1, 25, 171, 33205 }, // Ļ
    { 12, 37, 14, 0, 24, 111, 33376 }, // ļ
    { 19, 25, 22, 1, 25, 119, 33487 }, // Ľ
    { 18, 25, 14, 1, 25, 113, 33606 }, // ľ
    { 20, 25, 22, 1, 25, 125, 33719 }, // Ŀ
    { 16, 25, 14, 1, 25, 100, 33844 }, // ŀ
    { 40, 37, 22, -14, 30, 370, 33944 }, // Ł
    { 28, 24, 14, -10, 24, 168, 34314 }, // ł
    { 28, 35, 27, 1, 35, 245, 34482 }, // Ń
    { 20, 28, 22, 1, 28, 140, 34727 }, // ń
    { 28, 36, 27, 1, 25, 252, 34867 }, // Ņ
    { 18, 28, 22, 1, 17, 126, 35119 }, // ņ
    { 28, 35, 27, 1, 35, 245, 35245 }, // Ň
    { 20, 28, 22, 1, 28, 140, 35490 }, // ň
    { 20, 30, 20, -3, 30, 150, 35630 }, // ŉ
    { 28, 32, 27, 1, 25, 224, 35780 }, // Ŋ
    { 18, 22, 22, 1, 17, 99, 36004 }, // ŋ
    { 28, 33, 29, 2, 32, 231, 36103 }, // Ō
    { 20, 25, 22, 2, 25, 125, 36334 }, // ō
    { 28, 36, 29, 2, 35, 252, 36459 }, // Ŏ
    { 20, 29, 22, 2, 29, 145, 36711 }, // ŏ
    { 29, 35, 29, 2, 34, 254, 36856 }, // Ő
    { 23, 27, 22, 2, 27, 156, 37110 }, // ő
    { 38, 25, 35, 2, 25, 238, 37266 }, // Œ
    { 30, 17, 31, 2, 17, 128, 37504 }, // œ
    { 22, 34, 24, 1, 34, 187, 37632 }, // Ŕ
    { 15, 25, 17, 1, 25, 94, 37819 }, // ŕ
    { 22, 39, 24, 1, 25, 215, 37913 }, // Ŗ
    { 18, 32, 17, -2, 17, 144, 38128 }, // ŗ
    { 22, 34, 24, 1, 34, 187, 38272 }, // Ř
    { 15, 25, 17, 1, 25, 94, 38459 }, // ř
    { 25, 38, 29, 1, 37, 238, 38553 }, // Ś
    { 17, 27, 21, 1, 27, 115, 38791 }, // ś
    { 26, 35, 29, 1, 34, 228, 38906 }, // Ŝ
    { 19, 24, 21, 1, 24, 114, 39134 }, // ŝ
    { 25, 33, 29, 1, 26, 207, 39248 }, // Ş
    { 17, 24, 21, 1, 16, 102, 39455 }, // ş
    { 25, 38, 29, 1, 37, 238, 39557 }, // Š
    { 17, 27, 21, 1, 27, 115, 39795 }, // š
    { 23, 31, 27, 6, 25, 179, 39910 }, // Ţ
    { 13, 28, 19, 4, 22, 91, 40089 }, // ţ
    { 23, 35, 27, 6, 35, 202, 40180 }, // Ť
    { 17, 25, 19, 4, 25, 107, 40382 }, // ť
    { 23, 25, 27, 6, 25, 144, 40489 }, // Ŧ
    { 15, 22, 19, 2, 22, 83, 40633 }, // ŧ
    { 26, 36, 27, 2, 35, 234, 40716 }, // Ũ
    { 18, 26, 21, 2, 25, 117, 40950 }, // ũ
    { 26, 34, 27, 2, 33, 221, 41067 }, // Ū
    { 19, 24, 21, 2, 23, 114, 41288 }, // ū
    { 26, 37, 27, 2, 36, 241, 41402 }, // Ŭ
    { 19, 27, 21, 2, 26, 129, 41643 }, // ŭ
    { 26, 38, 27, 2, 37, 247, 41772 }, // Ů
    { 18, 28, 21, 2, 27, 126, 42019 }, // ů
    { 28, 36, 27, 2, 35, 252, 42145 }, // Ű
    { 22, 26, 21, 2, 25, 143, 42397 }, // ű
    { 26, 31, 27, 2, 25, 202, 42540 }, // Ų
    { 18, 23, 21, 2, 16, 104, 42742 }, // ų
    { 33, 32, 37, 6, 32, 264, 42846 }, // Ŵ
    { 23, 24, 28, 5, 24, 138, 43110 }, // ŵ
    { 21, 33, 27, 7, 33, 174, 43248 }, // Ŷ
    { 22, 33, 23, 0, 25, 182, 43422 }, // ŷ
    { 21, 34, 27, 7, 34, 179, 43604 }, // Ÿ
    { 29, 35, 29, 1, 35, 254, 43783 }, // Ź
    { 20, 27, 22, 1, 27, 135, 44037 }, // ź
    { 29, 33, 29, 1, 33, 240, 44172 }, // Ż
    { 20, 25, 22, 1, 25, 125, 44412 }, // ż
    { 29, 35, 29, 1, 35, 254, 44537 }, // Ž
    { 20, 27, 22, 1, 27, 135, 44791 }, // ž
    { 16, 24, 15, 4, 24, 96, 44926 }, // ſ
    { 9, 5, 0, 7, 22, 12, 45022 }, // ̀
    { 7, 6, 0, 6, 23, 11, 45034 }, // ́
    { 13, 6, 0, -1, 0, 20, 45045 }, // ̂
    { 13, 6, 0, 5, 22, 20, 45065 }, // ̃
    { 14, 4, 0, 5, 20, 14, 45085 }, // ̄
    { 19, 4, 0, 9, 26, 19, 45099 }, // ̅
    { 13, 6, 0, 6, 21, 20, 45118 }, // ̆
    { 6, 5, 0, 6, 22, 8, 45138 }, // ̇
    { 14, 5, 0, 6, 23, 18, 45146 }, // ̈
    { 7, 6, 0, 5, 19, 11, 45164 }, // ̉
    { 8, 6, 0, 6, 22, 12, 45175 }, // ̊
    { 20, 5, 0, 6, 22, 25, 45187 }, // ̋
    { 12, 6, 0, 6, 22, 18, 45212 }, // ̌
    { 21, 5, 0, -9, 24, 27, 45230 }, // ̏
    { 10, 9, 0, 4, 22, 23, 45257 }, // ̒
    { 10, 9, 0, 4, 22, 23, 45280 }, // ̓
    { 10, 9, 0, -5, 22, 23, 45303 }, // ̔
    { 7, 7, 0, 0, -1, 13, 45326 }, // ̘
    { 7, 7, 0, 2, -1, 13, 45339 }, // ̙
    { 12, 7, 0, 8, 23, 21, 45352 }, // ̚
    { 6, 7, 0, 5, 19, 11, 45373 }, // ̛
    { 5, 6, 0, 0, -2, 8, 45384 }, // ̜
    { 7, 6, 0, 3, 5, 11, 45392 }, // ̝
    { 7, 6, 0, 0, -1, 11, 45403 }, // ̞
    { 7, 7, 0, 0, -2, 13, 45414 }, // ̟
    { 14, 4, 0, 0, -4, 14, 45427 }, // ̠
    { 6, 5, 0, 0, 1, 8, 45441 }, // ̣
    { 15, 5, 0, -1, -1, 19, 45449 }, // ̤
    { 8, 6, 0, 6, 22, 12, 45468 }, // ̥
    { 10, 10, 0, 0, 5, 25, 45480 }, // ̦
    { 8, 8, 0, 0, 1, 16, 45505 }, // ̧
    { 8, 8, 0, 0, 1, 16, 45521 }, // ̨
    { 6, 8, 0, -1, -2, 12, 45537 }, // ̩
    { 11, 5, 0, 0, -1, 14, 45549 }, // ̪
    { 12, 6, 0, 0, 0, 18, 45563 }, // ̬
    { 12, 6, 0, -1, -1, 18, 45581 }, // ̭
    { 13, 6, 0, 5, 22, 20, 45599 }, // ̰
    { 11, 3, 0, 7, 21, 9, 45619 }, // ̱
    { 13, 4, 0, 0, -2, 13, 45628 }, // ̲
    { 13, 6, 0, 5, 22, 20, 45641 }, // ̴
    { 14, 3, 0, 4, 10, 11, 45661 }, // ̵
    { 5, 6, 0, 2, -2, 8, 45672 }, // ̹
    { 11, 5, 0, -2, -1, 14, 45680 }, // ̺
    { 11, 8, 0, 0, 0, 22, 45694 }, // ̻
    { 11, 6, 0, 0, 0, 17, 45716 }, // ̼
    { 8, 6, 0, 6, 22, 12, 45733 }, // ̽
    { 13, 6, 0, 5, 22, 20, 45745 }, // ͂
    { 5, 5, 0, 6, 24, 7, 45765 }, // ̓
    { 14, 13, 0, 6, 31, 46, 45772 }, // ̈́
    { 10, 5, 0, 7, 23, 13, 45818 }, // ͆
    { 16, 11, 0, -1, 0, 44, 45831 }, // ͇
    { 13, 8, 0, 0, 0, 26, 45875 }, // ͈
    { 10, 7, 0, 0, -2, 18, 45901 }, // ͉
    { 14, 17, 0, 5, 28, 60, 45919 }, // ͊
    { 27, 13, 0, 10, 26, 88, 45979 }, // ͋
    { 20, 14, 0, 6, 15, 70, 46067 }, // ͌
    { 15, 9, 0, 2, -1, 34, 46137 }, // ͍
    { 4, 4, 0, 4, 3, 4, 46171 }, // ͎
    { 24, 6, 0, 1, 0, 36, 46175 }, // ͜
    { 24, 5, 0, 6, 23, 30, 46211 }, // ͡
    { 29, 7, 0, 0, -2, 51, 46241 }, // ͢
    { 20, 30, 18, 2, 30, 150, 46292 }, // Ѐ
    { 20, 28, 18, 2, 28, 140, 46442 }, // Ё
    { 21, 24, 30, 9, 24, 126, 46582 }, // Ђ
    { 21, 34, 19, 2, 34, 179, 46708 }, // Ѓ
    { 24, 24, 26, 1, 23, 144, 46887 }, // Є
    { 25, 27, 29, 1, 26, 169, 47031 }, // Ѕ
    { 12, 25, 12, 1, 25, 75, 47200 }, // І
    { 18, 35, 12, 1, 35, 158, 47275 }, // Ї
    { 21, 33, 18, -1, 26, 174, 47433 }, // Ј
    { 31, 23, 34, 3, 22, 179, 47607 }, // Љ
    { 29, 23, 33, 3, 22, 167, 47786 }, // Њ
    { 23, 25, 27, 6, 25, 144, 47953 }, // Ћ
    { 25, 35, 26, 1, 35, 219, 48097 }, // Ќ
    { 26, 31, 27, 2, 31, 202, 48316 }, // Ѝ
    { 22, 33, 20, -1, 32, 182, 48518 }, // Ў
    { 22, 27, 21, 2, 21, 149, 48700 }, // Џ
    { 23, 25, 29, 1, 25, 144, 48849 }, // А
    { 20, 22, 19, 3, 21, 110, 48993 }, // Б
    { 19, 22, 20, 2, 21, 105, 49103 }, // В
    { 21, 22, 19, 2, 22, 116, 49208 }, // Г
    { 22, 24, 24, 3, 21, 132, 49324 }, // Д
    { 20, 22, 18, 2, 22, 110, 49456 }, // Е
    { 35, 25, 37, 1, 25, 219, 49566 }, // Ж
    { 19, 24, 21, 1, 23, 114, 49785 }, // З
    { 26, 25, 27, 2, 25, 163, 49899 }, // И
    { 26, 33, 27, 2, 33, 215, 50062 }, // Й
    { 23, 25, 26, 1, 25, 144, 50277 }, // К
    { 23, 22, 22, 2, 21, 127, 50421 }, // Л
    { 26, 21, 25, 2, 21, 137, 50548 }, // М
    { 27, 25, 27, 1, 25, 169, 50685 }, // Н
    { 28, 26, 29, 2, 25, 182, 50854 }, // О
    { 21, 22, 20, 2, 22, 116, 51036 }, // П
    { 23, 25, 23, 1, 25, 144, 51152 }, // Р
    { 25, 27, 25, 1, 26, 169, 51296 }, // С
    { 23, 25, 27, 6, 25, 144, 51465 }, // Т
    { 22, 24, 20, -1, 23, 132, 51609 }, // У
    { 24, 22, 25, 5, 22, 132, 51741 }, // Ф
    { 29, 25, 29, 1, 25, 182, 51873 }, // Х
    { 20, 27, 21, 2, 22, 135, 52055 }, // Ц
    { 18, 22, 19, 5, 22, 99, 52190 }, // Ч
    { 25, 22, 24, 2, 22, 138, 52289 }, // Ш
    { 25, 27, 26, 2, 22, 169, 52427 }, // Щ
    { 17, 23, 19, 2, 22, 98, 52596 }, // Ъ
    { 30, 24, 32, 2, 23, 180, 52694 }, // Ы
    { 17, 23, 19, 2, 22, 98, 52874 }, // Ь
    { 24, 24, 26, 2, 23, 144, 52972 }, // Э
    { 28, 23, 29, 3, 22, 161, 53116 }, // Ю
    { 23, 25, 24, 1, 25, 144, 53277 }, // Я
    { 18, 18, 22, 1, 18, 81, 53421 }, // а
    { 20, 23, 20, 3, 23, 115, 53502 }, // б
    { 17, 18, 18, 0, 18, 77, 53617 }, // в
    { 18, 17, 17, 2, 17, 77, 53694 }, // г
    { 19, 20, 22, 3, 17, 95, 53771 }, // д
    { 18, 17, 22, 2, 17, 77, 53866 }, // е
    { 31, 20, 31, 0, 20, 155, 53943 }, // ж
    { 13, 16, 13, 1, 16, 52, 54098 }, // з
    { 19, 17, 20, 2, 17, 81, 54150 }, // и
    { 19, 22, 20, 2, 22, 105, 54231 }, // й
    { 18, 17, 20, 0, 17, 77, 54336 }, // к
    { 16, 16, 15, 1, 15, 64, 54413 }, // л
    { 23, 19, 24, 0, 19, 110, 54477 }, // м
    { 23, 19, 23, 0, 19, 110, 54587 }, // н
    { 17, 18, 24, 3, 17, 77, 54697 }, // о
    { 19, 17, 19, 2, 17, 81, 54774 }, // п
    { 23, 24, 24, -1, 16, 138, 54855 }, // р
    { 15, 18, 20, 2, 17, 68, 54993 }, // с
    { 16, 16, 20, 6, 16, 64, 55061 }, // т
    { 22, 24, 23, 0, 16, 132, 55125 }, // у
    { 24, 23, 25, 3, 16, 138, 55257 }, // ф
    { 21, 16, 21, 2, 16, 84, 55395 }, // х
    { 19, 21, 21, 2, 17, 100, 55479 }, // ц
    { 13, 15, 13, 2, 15, 49, 55579 }, // ч
    { 24, 17, 24, 2, 17, 102, 55628 }, // ш
    { 24, 22, 26, 2, 17, 132, 55730 }, // щ
    { 17, 17, 22, 5, 16, 73, 55862 }, // ъ
    { 23, 18, 24, 3, 17, 104, 55935 }, // ы
    { 16, 18, 18, 2, 17, 72, 56039 }, // ь
    { 18, 18, 19, 2, 17, 81, 56111 }, // э
    { 22, 19, 23, 2, 18, 105, 56192 }, // ю
    { 19, 17, 18, 2, 17, 81, 56297 }, // я
    { 18, 28, 22, 2, 28, 126, 56378 }, // ѐ
    { 19, 22, 19, 3, 22, 105, 56504 }, // ё
    { 19, 30, 22, 1, 25, 143, 56609 }, // ђ
    { 18, 25, 17, 2, 25, 113, 56752 }, // ѓ
    { 17, 17, 18, 0, 16, 73, 56865 }, // є
    { 17, 16, 21, 1, 16, 68, 56938 }, // ѕ
    { 11, 26, 11, 1, 26, 72, 57006 }, // і
    { 15, 25, 11, 1, 25, 94, 57078 }, // ї
    { 19, 32, 19, 2, 25, 152, 57172 }, // ј
    { 22, 16, 23, 1, 15, 88, 57324 }, // љ
    { 21, 16, 23, 1, 15, 84, 57412 }, // њ
    { 19, 25, 22, 1, 25, 119, 57496 }, // ћ
    { 18, 26, 20, 0, 26, 117, 57615 }, // ќ
    { 19, 25, 20, 2, 25, 119, 57732 }, // ѝ
    { 22, 36, 23, 0, 28, 198, 57851 }, // ў
    { 16, 20, 15, 1, 15, 80, 58049 }, // џ
    { 16, 23, 24, 8, 22, 92, 58129 }, // Ѣ
    { 15, 22, 21, 6, 21, 83, 58221 }, // ѣ
    { 28, 21, 30, 3, 21, 147, 58304 }, // Ѫ
    { 20, 16, 21, 1, 15, 80, 58451 }, // ѫ
    { 25, 27, 29, 3, 26, 169, 58531 }, // Ѳ
    { 20, 20, 22, 2, 20, 100, 58700 }, // ѳ
    { 33, 31, 30, 7, 31, 256, 58800 }, // Ѵ
    { 19, 20, 24, 5, 20, 95, 59056 }, // ѵ
    { 11, 9, 0, 8, 27, 25, 59151 }, // ҆
    { 22, 25, 19, 2, 25, 138, 59176 }, // Ґ
    { 19, 20, 17, 2, 20, 95, 59314 }, // ґ
    { 21, 22, 19, 2, 22, 116, 59409 }, // Ғ
    { 15, 15, 13, 0, 15, 57, 59525 }, // ғ
    { 23, 24, 20, 2, 24, 138, 59582 }, // Ҕ
    { 13, 15, 12, 0, 15, 49, 59720 }, // ҕ
    { 35, 29, 37, -1, 25, 254, 59769 }, // Җ
    { 25, 21, 26, -2, 18, 132, 60023 }, // җ
    { 19, 27, 21, 2, 23, 129, 60155 }, // Ҙ
    { 14, 23, 13, 0, 16, 81, 60284 }, // ҙ
    { 24, 29, 26, -1, 25, 174, 60365 }, // Қ
    { 17, 21, 18, -2, 18, 90, 60539 }, // қ
    { 25, 21, 28, 3, 21, 132, 60629 }, // Ҝ
    { 18, 15, 21, 2, 15, 68, 60761 }, // ҝ
    { 23, 25, 26, 1, 25, 144, 60829 }, // Ҟ
    { 16, 23, 22, 1, 23, 92, 60973 }, // ҟ
    { 25, 25, 26, -1, 25, 157, 61065 }, // Ҡ
    { 17, 18, 18, -1, 18, 77, 61222 }, // ҡ
    { 27, 28, 27, -1, 25, 189, 61299 }, // Ң
    { 19, 20, 19, -2, 17, 95, 61488 }, // ң
    { 36, 26, 27, 1, 26, 234, 61583 }, // Ҥ
    { 25, 17, 19, 0, 17, 107, 61817 }, // ҥ
    { 31, 24, 34, 3, 24, 186, 61924 }, // Ҧ
    { 27, 27, 31, 3, 19, 183, 62110 }, // ҧ
    { 28, 25, 35, 4, 24, 175, 62293 }, // Ҩ
    { 22, 20, 27, 3, 19, 110, 62468 }, // ҩ
    { 25, 31, 25, 1, 26, 194, 62578 }, // Ҫ
    { 15, 21, 20, 2, 17, 79, 62772 }, // ҫ
    { 23, 28, 27, 4, 25, 161, 62851 }, // Ҭ
    { 16, 20, 19, 2, 17, 80, 63012 }, // ҭ
    { 21, 25, 27, 7, 25, 132, 63092 }, // Ү
    { 16, 21, 19, 6, 15, 84, 63224 }, // ү
    { 22, 25, 27, 6, 25, 138, 63308 }, // Ұ
    { 21, 22, 19, 1, 15, 116, 63446 }, // ұ
    { 29, 29, 29, -1, 25, 211, 63562 }, // Ҳ
    { 20, 20, 20, -2, 17, 100, 63773 }, // ҳ
    { 22, 27, 31, 8, 21, 149, 63873 }, // Ҵ
    { 16, 19, 22, 5, 15, 76, 64022 }, // ҵ
    { 18, 28, 24, 5, 21, 126, 64098 }, // Ҷ
    { 13, 20, 17, 3, 15, 65, 64224 }, // ҷ
    { 20, 22, 21, 5, 22, 110, 64289 }, // Ҹ
    { 14, 15, 15, 3, 15, 53, 64399 }, // ҹ
    { 18, 24, 22, 3, 24, 108, 64452 }, // Һ
    { 19, 25, 22, 1, 25, 119, 64560 }, // һ
    { 24, 22, 28, 2, 21, 132, 64679 }, // Ҽ
    { 17, 16, 20, 1, 16, 68, 64811 }, // ҽ
    { 24, 25, 32, 5, 21, 150, 64879 }, // Ҿ
    { 17, 19, 23, 3, 16, 81, 65029 }, // ҿ
    { 12, 25, 12, 1, 25, 75, 65110 }, // Ӏ
    { 35, 35, 37, 1, 35, 307, 65185 }, // Ӂ
    { 31, 31, 31, 0, 31, 241, 65492 }, // ӂ
    { 21, 29, 23, 3, 22, 153, 65733 }, // Ӄ
    { 15, 20, 16, 1, 15, 75, 65886 }, // ӄ
    { 23, 27, 22, 2, 22, 156, 65961 }, // Ӆ
    { 16, 18, 15, 1, 15, 72, 66117 }, // ӆ
    { 27, 32, 27, 1, 25, 216, 66189 }, // Ӈ
    { 18, 22, 19, 0, 17, 99, 66405 }, // ӈ
    { 27, 34, 27, 1, 25, 230, 66504 }, // Ӊ
    { 19, 23, 19, 0, 17, 110, 66734 }, // ӊ
    { 18, 27, 20, 4, 21, 122, 66844 }, // Ӌ
    { 13, 19, 15, 3, 15, 62, 66966 }, // ӌ
    { 31, 34, 36, 1, 25, 264, 67028 }, // Ӎ
    { 21, 23, 25, 0, 17, 121, 67292 }, // ӎ
    { 9, 21, 8, 2, 21, 48, 67413 }, // ӏ
    { 26, 35, 29, 1, 35, 228, 67461 }, // Ӑ
    { 24, 27, 22, 1, 27, 162, 67689 }, // ӑ
    { 26, 34, 29, 1, 34, 221, 67851 }, // Ӓ
    { 24, 25, 22, 1, 25, 150, 68072 }, // ӓ
    { 38, 26, 42, 1, 25, 247, 68222 }, // Ӕ
    { 30, 18, 36, 1, 18, 135, 68469 }, // ӕ
    { 21, 31, 18, 2, 31, 163, 68604 }, // Ӗ
    { 20, 29, 22, 2, 29, 145, 68767 }, // ӗ
    { 19, 17, 22, 2, 16, 81, 68912 }, // Ә
    { 18, 19, 24, 10, 18, 86, 68993 }, // ә
    { 23, 29, 22, 2, 28, 167, 69079 }, // Ӛ
    { 20, 21, 24, 8, 18, 105, 69246 }, // ӛ
    { 35, 34, 38, 1, 34, 298, 69351 }, // Ӝ
    { 31, 29, 31, 0, 29, 225, 69649 }, // ӝ
    { 21, 31, 21, 1, 30, 163, 69874 }, // Ӟ
    { 20, 24, 13, 1, 24, 120, 70037 }, // ӟ
    { 17, 21, 17, 3, 21, 90, 70157 }, // Ӡ
    { 16, 22, 17, 2, 16, 88, 70247 }, // ӡ
    { 26, 30, 27, 2, 30, 195, 70335 }, // Ӣ
    { 20, 23, 20, 2, 23, 115, 70530 }, // ӣ
    { 26, 31, 27, 2, 31, 202, 70645 }, // Ӥ
    { 20, 24, 20, 2, 24, 120, 70847 }, // ӥ
    { 28, 34, 29, 2, 33, 238, 70967 }, // Ӧ
    { 20, 26, 24, 3, 25, 130, 71205 }, // ӧ
    { 24, 22, 29, 3, 21, 132, 71335 }, // Ө
    { 18, 16, 22, 2, 16, 72, 71467 }, // ө
    { 24, 34, 29, 3, 33, 204, 71539 }, // Ӫ
    { 20, 27, 22, 2, 27, 135, 71743 }, // ӫ
    { 24, 32, 26, 2, 31, 192, 71878 }, // Ӭ
    { 18, 25, 19, 2, 24, 113, 72070 }, // ӭ
    { 22, 31, 20, -1, 30, 171, 72183 }, // Ӯ
    { 23, 33, 23, 0, 25, 190, 72354 }, // ӯ
    { 22, 32, 20, -1, 31, 176, 72544 }, // Ӱ
    { 22, 35, 23, 0, 27, 193, 72720 }, // ӱ
    { 25, 33, 20, -1, 32, 207, 72913 }, // Ӳ
    { 26, 36, 23, 0, 28, 234, 73120 }, // ӳ
    { 19, 30, 19, 5, 30, 143, 73354 }, // Ӵ
    { 16, 24, 13, 2, 24, 96, 73497 }, // ӵ
    { 21, 26, 19, 2, 22, 137, 73593 }, // Ӷ
    { 15, 18, 13, 0, 15, 68, 73730 }, // ӷ
    { 30, 33, 32, 2, 32, 248, 73798 }, // Ӹ
    { 23, 27, 24, 3, 26, 156, 74046 }, // ӹ
    { 29, 29, 29, 1, 25, 211, 74202 }, // Ӽ
    { 20, 21, 20, 0, 18, 105, 74413 }, // ӽ
    { 0, 0, 24, 0, 0, 0, 74518 }, //  
    { 0, 0, 39, 0, 0, 0, 74518 }, //  
    { 0, 0, 24, 0, 0, 0, 74518 }, //  
    { 0, 0, 39, 0, 0, 0, 74518 }, //  
    { 0, 0, 19, 0, 0, 0, 74518 }, //  
    { 0, 0, 17, 0, 0, 0, 74518 }, //  
    { 0, 0, 14, 0, 0, 0, 74518 }, //  
    { 0, 0, 19, 0, 0, 0, 74518 }, //  
    { 0, 0, 8, 0, 0, 0, 74518 }, //  
    { 0, 0, 15, 0, 0, 0, 74518 }, //  
    { 0, 0, 14, 0, 0, 0, 74518 }, //  
    { 0, 0, 9, 0, 0, 0, 74518 }, // ​
    { 0, 0, 0, 0, 0, 0, 74518 }, // ‌
    { 0, 0, 0, 0, 0, 0, 74518 }, // ‍
    { 0, 0, 0, 0, 0, 0, 74518 }, // ‎
    { 0, 0, 0, 0, 0, 0, 74518 }, // ‏
    { 14, 3, 16, 4, 10, 11, 74518 }, // ‐
    { 14, 3, 16, 4, 10, 11, 74529 }, // ‑
    { 21, 3, 22, 5, 10, 16, 74540 }, // ‒
    { 20, 4, 23, 4, 10, 20, 74556 }, // –
    { 30, 4, 33, 4, 10, 30, 74576 }, // —
    { 30, 4, 33, 4, 10, 30, 74606 }, // ―
    { 19, 25, 16, 1, 21, 119, 74636 }, // ‖
    { 24, 9, 23, 0, -3, 54, 74755 }, // ‗
    { 9, 9, 10, 6, 25, 21, 74809 }, // ‘
    { 10, 9, 10, 5, 25, 23, 74830 }, // ’
    { 10, 10, 9, 0, 5, 25, 74853 }, // ‚
    { 9, 9, 10, 6, 25, 21, 74878 }, // ‛
    { 16, 9, 16, 6, 25, 36, 74899 }, // “
    { 17, 9, 17, 5, 25, 39, 74935 }, // ”
    { 10, 10, 9, 0, 5, 25, 74974 }, // „
    { 17, 9, 17, 6, 25, 39, 74999 }, // ‟
    { 16, 38, 17, 5, 30, 152, 75038 }, // †
    { 19, 38, 18, 2, 30, 181, 75190 }, // ‡
    { 19, 17, 15, 0, 20, 81, 75371 }, // •
    { 9, 9, 11, 3, 13, 21, 75452 }, // ‣
    { 6, 5, 8, 1, 5, 8, 75473 }, // ․
    { 6, 5, 8, 1, 5, 8, 75481 }, // ‥
    { 26, 5, 28, 1, 5, 33, 75489 }, // …
    { 5, 3, 7, 2, 10, 4, 75522 }, // ‧
    { 0, 0, 37, 0, 0, 0, 75526 }, //  
    { 24, 25, 32, 7, 23, 150, 75526 }, // ‰
    { 10, 9, 9, 5, 25, 23, 75676 }, // ′
    { 17, 9, 16, 5, 25, 39, 75699 }, // ″
    { 21, 9, 25, -3, 25, 48, 75738 }, // ‴
    { 6, 9, 10, 7, 24, 14, 75786 }, // ‵
    { 12, 9, 15, 6, 24, 27, 75800 }, // ‶
    { 21, 9, 25, 7, 25, 48, 75827 }, // ‷
    { 12, 5, 16, 7, 23, 15, 75875 }, // ‸
    { 10, 14, 12, 4, 15, 35, 75890 }, // ‹
    { 10, 14, 12, -2, 15, 35, 75925 }, // ›
    { 37, 29, 39, 1, 26, 269, 75960 }, // ※
    { 14, 29, 10, 1, 29, 102, 76229 }, // ‼
    { 20, 37, 22, 5, 35, 185, 76331 }, // ‽
    { 15, 4, 16, 7, 24, 15, 76516 }, // ‾
    { 13, 6, 19, 6, 20, 20, 76531 }, // ‿
    { 20, 18, 23, 5, 25, 90, 76551 }, // ⁂
    { 24, 24, 32, 7, 22, 144, 76641 }, // ⁄
    { 35, 33, 37, 7, 33, 289, 76785 }, // ⁇
    { 25, 33, 29, 7, 33, 207, 77074 }, // ⁈
    { 30, 35, 24, 0, 33, 263, 77281 }, // ⁉
    { 29, 46, 22, -1, 32, 334, 77544 }, // ⁒
    { 0, 0, 141, 0, 0, 0, 77878 }, //  
    { 10, 11, 9, 3, 24, 28, 77878 }, // ⁰
    { 8, 11, 9, 4, 24, 22, 77906 }, // ⁴
    { 10, 12, 9, 3, 25, 30, 77928 }, // ⁵
    { 9, 11, 9, 4, 24, 25, 77958 }, // ⁶
    { 8, 13, 10, 6, 25, 26, 77983 }, // ⁷
    { 10, 11, 10, 3, 24, 28, 78009 }, // ⁸
    { 10, 11, 10, 4, 24, 28, 78037 }, // ⁹
    { 18, 17, 22, 1, 17, 77, 78065 }, // ⁿ
    { 14, 15, 13, 1, 15, 53, 78142 }, // ₀
    { 8, 12, 9, -2, 7, 24, 78195 }, // ₁
    { 11, 12, 10, -2, 7, 33, 78219 }, // ₂
    { 10, 11, 9, -1, 6, 28, 78252 }, // ₃
    { 9, 11, 10, -1, 6, 25, 78280 }, // ₄
    { 9, 12, 9, -1, 7, 27, 78305 }, // ₅
    { 10, 12, 10, -1, 7, 30, 78332 }, // ₆
    { 8, 12, 10, 1, 7, 24, 78362 }, // ₇
    { 11, 11, 10, -2, 6, 31, 78386 }, // ₈
    { 10, 11, 10, -1, 6, 28, 78417 }, // ₉
    { 17, 40, 13, 3, 30, 170, 78445 }, // ₍
    { 16, 40, 13, -7, 30, 160, 78615 }, // ₎
    { 28, 37, 25, 0, 31, 259, 78775 }, // ₡
    { 25, 27, 25, 1, 26, 169, 79034 }, // ₢
    { 23, 27, 20, 1, 27, 156, 79203 }, // ₤
    { 30, 25, 27, 0, 25, 188, 79359 }, // ₦
    { 25, 25, 23, 1, 25, 157, 79547 }, // ₧
    { 33, 24, 33, 0, 24, 198, 79704 }, // ₨
    { 24, 24, 23, -1, 24, 144, 79902 }, // ₩
    { 27, 23, 31, 5, 23, 156, 80046 }, // ₪
    { 22, 23, 20, 2, 23, 127, 80202 }, // ₫
    { 22, 26, 24, 3, 23, 143, 80329 }, // €
    { 23, 25, 27, 6, 25, 144, 80472 }, // ₮
    { 28, 25, 19, 1, 25, 175, 80616 }, // ₱
    { 25, 34, 29, 2, 30, 213, 80791 }, // ₲
    { 32, 27, 27, 3, 26, 216, 81004 }, // ₴
    { 15, 23, 20, 2, 21, 87, 81220 }, // ₵
    { 26, 26, 27, 6, 26, 169, 81307 }, // ₸
    { 17, 22, 18, 4, 22, 94, 81476 }, // ₹
    { 17, 21, 20, 3, 20, 90, 81570 }, // ₺
    { 21, 23, 18, 2, 23, 121, 81660 }, // ₼
    { 27, 25, 23, -3, 25, 169, 81781 }, // ₽
    { 29, 46, 21, -1, 32, 334, 81950 }, // ℀
    { 29, 45, 21, -1, 32, 327, 82284 }, // ℁
    { 25, 31, 25, 1, 30, 194, 82611 }, // ℃
    { 29, 46, 21, 0, 35, 334, 82805 }, // ℅
    { 29, 46, 23, -1, 34, 334, 83139 }, // ℆
    { 21, 28, 21, 1, 28, 147, 83473 }, // ℉
    { 20, 25, 18, 2, 24, 125, 83620 }, // ℓ
    { 51, 25, 52, 1, 25, 319, 83745 }, // №
    { 28, 27, 22, 1, 25, 189, 84064 }, // ℞
    { 52, 25, 62, 6, 25, 325, 84253 }, // ℡
    { 17, 8, 19, 6, 27, 34, 84578 }, // ™
    { 28, 22, 26, 1, 21, 154, 84612 }, // ℮
    { 65, 25, 70, 1, 25, 407, 84766 }, // ℻
    { 24, 27, 32, 7, 25, 162, 85173 }, // ⅓
    { 25, 27, 32, 6, 25, 169, 85335 }, // ⅔
    { 24, 27, 32, 7, 25, 162, 85504 }, // ⅕
    { 25, 27, 32, 6, 25, 169, 85666 }, // ⅖
    { 25, 27, 32, 6, 25, 169, 85835 }, // ⅗
    { 24, 27, 32, 7, 25, 162, 86004 }, // ⅘
    { 24, 28, 32, 7, 25, 168, 86166 }, // ⅙
    { 26, 28, 32, 5, 25, 182, 86334 }, // ⅚
    { 24, 27, 32, 7, 25, 162, 86516 }, // ⅛
    { 25, 27, 32, 6, 25, 169, 86678 }, // ⅜
    { 26, 27, 32, 5, 25, 176, 86847 }, // ⅝
    { 24, 27, 32, 7, 25, 162, 87023 }, // ⅞
    { 12, 25, 12, 1, 25, 75, 87185 }, // Ⅰ
    { 22, 25, 23, 1, 25, 138, 87260 }, // Ⅱ
    { 33, 25, 33, 1, 25, 207, 87398 }, // Ⅲ
    { 38, 25, 38, 1, 25, 238, 87605 }, // Ⅳ
    { 24, 25, 30, 7, 25, 150, 87843 }, // Ⅴ
    { 31, 25, 38, 7, 25, 194, 87993 }, // Ⅵ
    { 42, 25, 48, 7, 25, 263, 88187 }, // Ⅶ
    { 52, 25, 59, 7, 25, 325, 88450 }, // Ⅷ
    { 38, 25, 38, 1, 25, 238, 88775 }, // Ⅸ
    { 29, 25, 29, 1, 25, 182, 89013 }, // Ⅹ
    { 37, 25, 37, 1, 25, 232, 89195 }, // Ⅺ
    { 47, 25, 48, 1, 25, 294, 89427 }, // Ⅻ
    { 18, 25, 22, 1, 25, 113, 89721 }, // Ⅼ
    { 25, 27, 25, 1, 26, 169, 89834 }, // Ⅽ
    { 25, 25, 28, 1, 25, 157, 90003 }, // Ⅾ
    { 31, 25, 32, 1, 25, 194, 90160 }, // Ⅿ
    { 11, 26, 11, 1, 26, 72, 90354 }, // ⅰ
    { 20, 26, 20, 1, 26, 130, 90426 }, // ⅱ
    { 29, 26, 29, 1, 26, 189, 90556 }, // ⅲ
    { 31, 26, 33, 1, 26, 202, 90745 }, // ⅳ
    { 18, 16, 24, 5, 16, 72, 90947 }, // ⅴ
    { 29, 26, 33, 5, 26, 189, 91019 }, // ⅵ
    { 38, 26, 42, 5, 26, 247, 91208 }, // ⅶ
    { 47, 26, 51, 5, 26, 306, 91455 }, // ⅷ
    { 31, 25, 33, 1, 25, 194, 91761 }, // ⅸ
    { 22, 16, 24, 1, 16, 88, 91955 }, // ⅹ
    { 34, 25, 33, 1, 25, 213, 92043 }, // ⅺ
    { 43, 25, 42, 1, 25, 269, 92256 }, // ⅻ
    { 11, 24, 14, 1, 24, 66, 92525 }, // ⅼ
    { 15, 18, 20, 2, 17, 68, 92591 }, // ⅽ
    { 23, 26, 23, 1, 25, 150, 92659 }, // ⅾ
    { 29, 16, 32, 1, 16, 116, 92809 }, // ⅿ
    { 18, 18, 22, -3, 14, 81, 92925 }, // ←
    { 19, 18, 22, 4, 18, 86, 93006 }, // ↑
    { 18, 18, 22, 7, 14, 81, 93092 }, // →
    { 19, 18, 22, 9, 18, 86, 93173 }, // ↓
    { 31, 15, 26, -2, 13, 117, 93259 }, // ↔
    { 15, 30, 19, 4, 28, 113, 93376 }, // ↕
    { 17, 13, 19, -3, 13, 56, 93489 }, // ↖
    { 18, 13, 19, 4, 13, 59, 93545 }, // ↗
    { 14, 18, 19, 7, 16, 63, 93604 }, // ↘
    { 14, 18, 19, -2, 16, 63, 93667 }, // ↙
    { 22, 19, 25, 0, 18, 105, 93730 }, // ⇐
    { 23, 21, 27, 5, 21, 121, 93835 }, // ⇑
    { 22, 19, 25, 3, 18, 105, 93956 }, // ⇒
    { 23, 22, 27, 10, 21, 127, 94061 }, // ⇓
    { 29, 19, 28, 0, 18, 138, 94188 }, // ⇔
    { 18, 28, 23, 7, 18, 126, 94326 }, // ⇕
    { 21, 23, 20, 3, 23, 121, 94452 }, // ∂
    { 30, 27, 29, 0, 26, 203, 94573 }, // ∅
    { 22, 22, 25, 2, 22, 121, 94776 }, // ∆
    { 21, 21, 22, 4, 21, 111, 94897 }, // ∏
    { 21, 21, 22, 10, 21, 111, 95008 }, // ∐
    { 19, 22, 17, 2, 21, 105, 95119 }, // ∑
    { 14, 4, 18, 4, 10, 14, 95224 }, // −
    { 28, 25, 27, 3, 23, 175, 95238 }, // √
    { 26, 15, 27, 3, 18, 98, 95413 }, // ∞
    { 31, 33, 25, 0, 26, 256, 95511 }, // ∫
    { 10, 18, 8, 1, 18, 45, 95767 }, // ∶
    { 20, 14, 23, 6, 15, 70, 95812 }, // ≈
    { 24, 24, 32, 7, 22, 144, 95882 }, // ≠
    { 25, 22, 25, -1, 20, 138, 96026 }, // ≤
    { 26, 22, 25, 1, 20, 143, 96164 }, // ≥
    { 27, 22, 26, 2, 22, 149, 96307 }, // ■
    { 27, 21, 26, 2, 21, 142, 96456 }, // □
    { 12, 9, 13, 3, 13, 27, 96598 }, // ▪
    { 12, 9, 14, 3, 13, 27, 96625 }, // ▫
    { 20, 4, 22, 3, 9, 20, 96652 }, // ▬
    { 29, 13, 30, 3, 18, 95, 96672 }, // ▭
    { 11, 13, 11, 3, 17, 36, 96767 }, // ▮
    { 11, 14, 11, 3, 18, 39, 96803 }, // ▯
    { 21, 21, 25, 17, 22, 111, 96842 }, // ▲
    { 20, 19, 23, 2, 20, 95, 96953 }, // △
    { 10, 11, 13, 9, 13, 28, 97048 }, // ▴
    { 11, 11, 15, 3, 14, 31, 97076 }, // ▵
    { 21, 20, 22, 6, 32, 105, 97107 }, // ▶
    { 19, 20, 22, 7, 17, 95, 97212 }, // ▷
    { 11, 10, 13, 8, 8, 28, 97307 }, // ▸
    { 12, 12, 15, 6, 15, 36, 97335 }, // ▹
    { 24, 18, 25, 3, 19, 108, 97371 }, // ►
    { 24, 18, 25, 3, 19, 108, 97479 }, // ▻
    { 20, 21, 23, 10, 23, 105, 97587 }, // ▼
    { 20, 19, 23, 8, 20, 95, 97692 }, // ▽
    { 9, 11, 13, 14, 15, 25, 97787 }, // ▾
    { 12, 11, 15, 7, 13, 33, 97812 }, // ▿
    { 21, 20, 22, 1, 9, 105, 97845 }, // ◀
    { 19, 20, 22, 2, 24, 95, 97950 }, // ◁
    { 10, 10, 13, -1, 19, 25, 98045 }, // ◂
    { 12, 12, 15, 1, 14, 36, 98070 }, // ◃
    { 25, 18, 25, -2, 19, 113, 98106 }, // ◄
    { 25, 18, 25, -2, 19, 113, 98219 }, // ◅
    { 15, 26, 18, 4, 23, 98, 98332 }, // ◊
    { 26, 22, 27, 3, 21, 143, 98430 }, // ○
    { 0, 0, 18, 0, 0, 0, 98573 }, // ◌
    { 27, 23, 27, 3, 22, 156, 98573 }, // ●
    { 22, 16, 21, 2, 16, 88, 98729 }, // ◘
    { 22, 16, 21, 2, 16, 88, 98817 }, // ◙
    { 11, 8, 13, 3, 12, 22, 98905 }, // ◦
    { 29, 25, 29, 3, 24, 182, 98927 }, // ◯
    { 0, 0, 22, 0, 0, 0, 99109 }, // ◾
    { 24, 23, 27, 5, 23, 138, 99109 }, // ★
    { 32, 30, 34, 5, 26, 240, 99247 }, // ☆
    { 29, 25, 29, 3, 23, 182, 99487 }, // ☺
    { 27, 23, 27, 3, 22, 156, 99669 }, // ☻
    { 18, 17, 21, 3, 15, 77, 99825 }, // ☼
    { 17, 25, 17, 3, 22, 107, 99902 }, // ♀
    { 24, 21, 23, 3, 21, 126, 100009 }, // ♂
    { 24, 21, 21, 5, 18, 126, 100135 }, // ♠
    { 24, 20, 25, 4, 21, 120, 100261 }, // ♡
    { 16, 24, 20, 4, 22, 96, 100381 }, // ♢
    { 17, 20, 19, 3, 17, 85, 100477 }, // ♣
    { 19, 23, 20, 3, 19, 110, 100562 }, // ♤
    { 18, 16, 20, 4, 19, 72, 100672 }, // ♥
    { 16, 24, 20, 4, 22, 96, 100744 }, // ♦
    { 18, 21, 20, 3, 18, 95, 100840 }, // ♧
    { 17, 25, 15, 2, 22, 107, 100935 }, // ♩
    { 28, 29, 26, 2, 26, 203, 101042 }, // ♪
    { 37, 32, 34, 1, 25, 296, 101245 }, // ♫
    { 37, 32, 34, 1, 25, 296, 101541 }, // ♬
    { 11, 21, 12, 3, 23, 58, 101837 }, // ♭
    { 16, 24, 20, 4, 22, 96, 101895 }, // ♮
    { 3, 34, 28, 3, 20, 26, 101991 }, // ♯
    { 23, 17, 25, 5, 19, 98, 102017 }, // ✓
    { 19, 17, 20, 3, 19, 81, 102115 }, // ✠
    { 29, 25, 30, 3, 23, 182, 102196 }, // ✪
    { 22, 22, 22, 3, 20, 121, 102378 }, // ✽
    { 31, 26, 31, 3, 23, 202, 102499 }, // ❏
    { 12, 21, 11, 2, 21, 63, 102701 }, // ❙
    { 19, 17, 22, 3, 16, 81, 102764 }, // ➔
    { 22, 18, 24, 2, 19, 99, 102845 }, // ➤
    { 28, 21, 30, 4, 21, 147, 102944 }, // ➲
    { 9, 9, 9, 0, 4, 21, 103091 }, // ⸲
};

static const EpdUnicodeInterval opendyslexic_14_italicIntervals[] = {
    { 0x20, 0x7E, 0x0 },
    { 0xA0, 0xFF, 0x5F },
    { 0x100, 0x12B, 0xBF },
    { 0x12E, 0x17F, 0xEB },
    { 0x300, 0x30C, 0x13D },
    { 0x30F, 0x30F, 0x14A },
    { 0x312, 0x314, 0x14B },
    { 0x318, 0x320, 0x14E },
    { 0x323, 0x32A, 0x157 },
    { 0x32C, 0x32D, 0x15F },
    { 0x330, 0x332, 0x161 },
    { 0x334, 0x335, 0x164 },
    { 0x339, 0x33D, 0x166 },
    { 0x342, 0x344, 0x16B },
    { 0x346, 0x34E, 0x16E },
    { 0x35C, 0x35C, 0x177 },
    { 0x361, 0x362, 0x178 },
    { 0x400, 0x45F, 0x17A },
    { 0x462, 0x463, 0x1DA },
    { 0x46A, 0x46B, 0x1DC },
    { 0x472, 0x475, 0x1DE },
    { 0x486, 0x486, 0x1E2 },
    { 0x490, 0x4F9, 0x1E3 },
    { 0x4FC, 0x4FD, 0x24D },
    { 0x2000, 0x2027, 0x24F },
    { 0x202F, 0x2030, 0x277 },
    { 0x2032, 0x203F, 0x279 },
    { 0x2042, 0x2042, 0x287 },
    { 0x2044, 0x2044, 0x288 },
    { 0x2047, 0x2049, 0x289 },
    { 0x2052, 0x2052, 0x28C },
    { 0x205F, 0x205F, 0x28D },
    { 0x2070, 0x2070, 0x28E },
    { 0x2074, 0x2079, 0x28F },
    { 0x207F, 0x2089, 0x295 },
    { 0x208D, 0x208E, 0x2A0 },
    { 0x20A1, 0x20A2, 0x2A2 },
    { 0x20A4, 0x20A4, 0x2A4 },
    { 0x20A6, 0x20AC, 0x2A5 },
    { 0x20AE, 0x20AE, 0x2AC },
    { 0x20B1, 0x20B2, 0x2AD },
    { 0x20B4, 0x20B5, 0x2AF },
    { 0x20B8, 0x20BA, 0x2B1 },
    { 0x20BC, 0x20BD, 0x2B4 },
    { 0x2100, 0x2101, 0x2B6 },
    { 0x2103, 0x2103, 0x2B8 },
    { 0x2105, 0x2106, 0x2B9 },
    { 0x2109, 0x2109, 0x2BB },
    { 0x2113, 0x2113, 0x2BC },
    { 0x2116, 0x2116, 0x2BD },
    { 0x211E, 0x211E, 0x2BE },
    { 0x2121, 0x2122, 0x2BF },
    { 0x212E, 0x212E, 0x2C1 },
    { 0x213B, 0x213B, 0x2C2 },
    { 0x2153, 0x215E, 0x2C3 },
    { 0x2160, 0x217F, 0x2CF },
    { 0x2190, 0x2199, 0x2EF },
    { 0x21D0, 0x21D5, 0x2F9 },
    { 0x2202, 0x2202, 0x2FF },
    { 0x2205, 0x2206, 0x300 },
    { 0x220F, 0x2212, 0x302 },
    { 0x221A, 0x221A, 0x306 },
    { 0x221E, 0x221E, 0x307 },
    { 0x222B, 0x222B, 0x308 },
    { 0x2236, 0x2236, 0x309 },
    { 0x2248, 0x2248, 0x30A },
    { 0x2260, 0x2260, 0x30B },
    { 0x2264, 0x2265, 0x30C },
    { 0x25A0, 0x25A1, 0x30E },
    { 0x25AA, 0x25AF, 0x310 },
    { 0x25B2, 0x25C5, 0x316 },
    { 0x25CA, 0x25CC, 0x32A },
    { 0x25CF, 0x25CF, 0x32D },
    { 0x25D8, 0x25D9, 0x32E },
    { 0x25E6, 0x25E6, 0x330 },
    { 0x25EF, 0x25EF, 0x331 },
    { 0x25FE, 0x25FE, 0x332 },
    { 0x2605, 0x2606, 0x333 },
    { 0x263A, 0x263C, 0x335 },
    { 0x2640, 0x2640, 0x338 },
    { 0x2642, 0x2642, 0x339 },
    { 0x2660, 0x2667, 0x33A },
    { 0x2669, 0x266F, 0x342 },
    { 0x2713, 0x2713, 0x349 },
    { 0x2720, 0x2720, 0x34A },
    { 0x272A, 0x272A, 0x34B },
    { 0x273D, 0x273D, 0x34C },
    { 0x274F, 0x274F, 0x34D },
    { 0x2759, 0x2759, 0x34E },
    { 0x2794, 0x2794, 0x34F },
    { 0x27A4, 0x27A4, 0x350 },
    { 0x27B2, 0x27B2, 0x351 },
    { 0x2E32, 0x2E32, 0x352 },
};

static const EpdFontData opendyslexic_14_italic = {
    opendyslexic_14_italicBitmaps,
    opendyslexic_14_italicGlyphs,
    opendyslexic_14_italicIntervals,
    93,
    53,
    38,
    -16,
    true,
};
